Instrument:,H2S-200803082
Time Zone Offset (Minutes):,-240
Orignal File Name:,"F:\Pretreat\H2S Odalog Data\H2S-200803082_[8-2-2024, 7-37-09 AM --- 9-9-2024, 1-02-09 PM].acrudata"
Session ID:,38635
Session 1st Title:,"H2S-200803082_[8-2-2024, 7-37-09 AM --- 9-9-2024, 1-02-09 PM]"
Session Start:,"8/2/2024, 7:37:09 AM"
Session End:,"9/9/2024, 1:02:09 PM"

Time Stamp,Battery (Volts),Temperature (°F),Humidity (%),H2S (PPM),ISO time
"8/2/2024, 7:37:09 AM",3.659,75.4,79.1,0,2024-08-02T11:37:09.000Z
"8/2/2024, 7:42:09 AM",3.659,75.9,79.6,0,2024-08-02T11:42:09.000Z
"8/2/2024, 7:47:09 AM",3.658,75.6,79.4,0,2024-08-02T11:47:09.000Z
"8/2/2024, 7:52:09 AM",3.657,75.6,79,0,2024-08-02T11:52:09.000Z
"8/2/2024, 7:57:09 AM",3.658,75.6,78.9,0,2024-08-02T11:57:09.000Z
"8/2/2024, 8:02:09 AM",3.658,78.4,79.7,0,2024-08-02T12:02:09.000Z
"8/2/2024, 8:07:09 AM",3.657,80.1,82,0,2024-08-02T12:07:09.000Z
"8/2/2024, 8:12:09 AM",3.657,81.1,84.1,0,2024-08-02T12:12:09.000Z
"8/2/2024, 8:17:09 AM",3.657,82,85.6,0,2024-08-02T12:17:09.000Z
"8/2/2024, 8:22:09 AM",3.657,82.6,86.7,0,2024-08-02T12:22:09.000Z
"8/2/2024, 8:27:09 AM",3.658,83.1,87.7,0,2024-08-02T12:27:09.000Z
"8/2/2024, 8:32:09 AM",3.657,83.5,88.5,0,2024-08-02T12:32:09.000Z
"8/2/2024, 8:37:09 AM",3.657,84,89.3,0,2024-08-02T12:37:09.000Z
"8/2/2024, 8:42:09 AM",3.657,84,89.9,0,2024-08-02T12:42:09.000Z
"8/2/2024, 8:47:09 AM",3.657,84.6,90.4,0,2024-08-02T12:47:09.000Z
"8/2/2024, 8:52:09 AM",3.657,84.9,91,0,2024-08-02T12:52:09.000Z
"8/2/2024, 8:57:09 AM",3.657,85.3,91.5,0,2024-08-02T12:57:09.000Z
"8/2/2024, 9:02:09 AM",3.657,85.5,92,0,2024-08-02T13:02:09.000Z
"8/2/2024, 9:07:09 AM",3.657,85.8,92.4,0,2024-08-02T13:07:09.000Z
"8/2/2024, 9:12:09 AM",3.657,86,92.7,0,2024-08-02T13:12:09.000Z
"8/2/2024, 9:17:09 AM",3.657,86.2,93.1,0,2024-08-02T13:17:09.000Z
"8/2/2024, 9:22:09 AM",3.657,86.4,93.4,0,2024-08-02T13:22:09.000Z
"8/2/2024, 9:27:09 AM",3.657,86.5,93.7,0,2024-08-02T13:27:09.000Z
"8/2/2024, 9:32:09 AM",3.657,86.7,93.9,0,2024-08-02T13:32:09.000Z
"8/2/2024, 9:37:09 AM",3.657,86.7,94.2,0,2024-08-02T13:37:09.000Z
"8/2/2024, 9:42:09 AM",3.657,86.5,94.4,0,2024-08-02T13:42:09.000Z
"8/2/2024, 9:47:09 AM",3.657,86.5,94.6,0,2024-08-02T13:47:09.000Z
"8/2/2024, 9:52:09 AM",3.657,86.5,94.8,0,2024-08-02T13:52:09.000Z
"8/2/2024, 9:57:09 AM",3.657,86.5,94.9,0,2024-08-02T13:57:09.000Z
"8/2/2024, 10:02:09 AM",3.657,86.4,95.2,0,2024-08-02T14:02:09.000Z
"8/2/2024, 10:07:09 AM",3.657,86.4,95.2,0,2024-08-02T14:07:09.000Z
"8/2/2024, 10:12:09 AM",3.657,86.4,95.4,0,2024-08-02T14:12:09.000Z
"8/2/2024, 10:17:09 AM",3.657,86.4,95.7,0,2024-08-02T14:17:09.000Z
"8/2/2024, 10:22:09 AM",3.657,86.4,95.8,0,2024-08-02T14:22:09.000Z
"8/2/2024, 10:27:09 AM",3.657,86.5,96,0,2024-08-02T14:27:09.000Z
"8/2/2024, 10:32:09 AM",3.657,86.5,96.1,0,2024-08-02T14:32:09.000Z
"8/2/2024, 10:37:09 AM",3.657,86.7,96.2,0,2024-08-02T14:37:09.000Z
"8/2/2024, 10:42:09 AM",3.657,86.9,96.4,0,2024-08-02T14:42:09.000Z
"8/2/2024, 10:47:09 AM",3.657,87.1,96.6,0,2024-08-02T14:47:09.000Z
"8/2/2024, 10:52:09 AM",3.657,87.4,96.7,0,2024-08-02T14:52:09.000Z
"8/2/2024, 10:57:09 AM",3.657,87.8,96.8,0,2024-08-02T14:57:09.000Z
"8/2/2024, 11:02:09 AM",3.657,88.2,97,0,2024-08-02T15:02:09.000Z
"8/2/2024, 11:07:09 AM",3.657,88.7,97.2,0,2024-08-02T15:07:09.000Z
"8/2/2024, 11:12:09 AM",3.657,88.9,97.3,0,2024-08-02T15:12:09.000Z
"8/2/2024, 11:17:09 AM",3.657,89.2,97.4,0,2024-08-02T15:17:09.000Z
"8/2/2024, 11:22:09 AM",3.656,89.4,97.5,0,2024-08-02T15:22:09.000Z
"8/2/2024, 11:27:09 AM",3.657,89.6,97.7,0,2024-08-02T15:27:09.000Z
"8/2/2024, 11:32:09 AM",3.656,89.4,97.7,0,2024-08-02T15:32:09.000Z
"8/2/2024, 11:37:09 AM",3.657,89.6,97.8,0,2024-08-02T15:37:09.000Z
"8/2/2024, 11:42:09 AM",3.657,89.6,97.9,0,2024-08-02T15:42:09.000Z
"8/2/2024, 11:47:09 AM",3.656,89.6,98,0,2024-08-02T15:47:09.000Z
"8/2/2024, 11:52:09 AM",3.656,89.4,98,0,2024-08-02T15:52:09.000Z
"8/2/2024, 11:57:09 AM",3.657,89.4,98.1,0,2024-08-02T15:57:09.000Z
"8/2/2024, 12:02:09 PM",3.657,89.6,98.2,0,2024-08-02T16:02:09.000Z
"8/2/2024, 12:07:09 PM",3.657,89.8,98.3,0,2024-08-02T16:07:09.000Z
"8/2/2024, 12:12:09 PM",3.657,90,98.3,0,2024-08-02T16:12:09.000Z
"8/2/2024, 12:17:09 PM",3.657,90.1,98.5,0,2024-08-02T16:17:09.000Z
"8/2/2024, 12:22:09 PM",3.657,90.3,98.6,0,2024-08-02T16:22:09.000Z
"8/2/2024, 12:27:09 PM",3.657,90.3,98.6,0,2024-08-02T16:27:09.000Z
"8/2/2024, 12:32:09 PM",3.656,90.5,98.7,0,2024-08-02T16:32:09.000Z
"8/2/2024, 12:37:09 PM",3.657,90.5,98.8,0,2024-08-02T16:37:09.000Z
"8/2/2024, 12:42:09 PM",3.657,90.7,98.8,0,2024-08-02T16:42:09.000Z
"8/2/2024, 12:47:09 PM",3.657,90.7,98.9,0,2024-08-02T16:47:09.000Z
"8/2/2024, 12:52:09 PM",3.657,90.9,99,0,2024-08-02T16:52:09.000Z
"8/2/2024, 12:57:09 PM",3.657,91.4,99,0,2024-08-02T16:57:09.000Z
"8/2/2024, 1:02:09 PM",3.657,91.9,99.1,0,2024-08-02T17:02:09.000Z
"8/2/2024, 1:07:09 PM",3.656,92.5,99.2,0,2024-08-02T17:07:09.000Z
"8/2/2024, 1:12:09 PM",3.656,93.2,99.3,0,2024-08-02T17:12:09.000Z
"8/2/2024, 1:17:09 PM",3.656,93.6,99.4,0,2024-08-02T17:17:09.000Z
"8/2/2024, 1:22:09 PM",3.656,93.9,99.5,0,2024-08-02T17:22:09.000Z
"8/2/2024, 1:27:09 PM",3.656,94.5,99.5,0,2024-08-02T17:27:09.000Z
"8/2/2024, 1:32:09 PM",3.657,94.6,99.6,0,2024-08-02T17:32:09.000Z
"8/2/2024, 1:37:09 PM",3.656,94.8,99.6,0,2024-08-02T17:37:09.000Z
"8/2/2024, 1:42:09 PM",3.656,95,99.6,0,2024-08-02T17:42:09.000Z
"8/2/2024, 1:47:09 PM",3.656,95.7,99.6,0,2024-08-02T17:47:09.000Z
"8/2/2024, 1:52:09 PM",3.656,96.4,99.6,0,2024-08-02T17:52:09.000Z
"8/2/2024, 1:57:09 PM",3.656,97.3,99.6,0,2024-08-02T17:57:09.000Z
"8/2/2024, 2:02:09 PM",3.656,97.9,99.5,0,2024-08-02T18:02:09.000Z
"8/2/2024, 2:07:09 PM",3.656,98.6,99.4,0,2024-08-02T18:07:09.000Z
"8/2/2024, 2:12:09 PM",3.656,99.1,99.3,0,2024-08-02T18:12:09.000Z
"8/2/2024, 2:17:09 PM",3.655,99.9,99.2,0,2024-08-02T18:17:09.000Z
"8/2/2024, 2:22:09 PM",3.655,100.4,99,0,2024-08-02T18:22:09.000Z
"8/2/2024, 2:27:09 PM",3.656,100.9,98.7,0,2024-08-02T18:27:09.000Z
"8/2/2024, 2:32:09 PM",3.655,101.7,97.8,0,2024-08-02T18:32:09.000Z
"8/2/2024, 2:37:09 PM",3.655,102.2,96.2,0,2024-08-02T18:37:09.000Z
"8/2/2024, 2:42:09 PM",3.655,102.9,94.1,0,2024-08-02T18:42:09.000Z
"8/2/2024, 2:47:09 PM",3.655,103.6,92.3,0,2024-08-02T18:47:09.000Z
"8/2/2024, 2:52:09 PM",3.654,103.8,90.5,0,2024-08-02T18:52:09.000Z
"8/2/2024, 2:57:09 PM",3.655,104.4,88.7,0,2024-08-02T18:57:09.000Z
"8/2/2024, 3:02:09 PM",3.654,104.7,87.2,0,2024-08-02T19:02:09.000Z
"8/2/2024, 3:07:09 PM",3.655,105.3,85.8,0,2024-08-02T19:07:09.000Z
"8/2/2024, 3:12:09 PM",3.655,105.8,83.8,0,2024-08-02T19:12:09.000Z
"8/2/2024, 3:17:09 PM",3.655,106,82,0,2024-08-02T19:17:09.000Z
"8/2/2024, 3:22:09 PM",3.655,105.8,80.3,0,2024-08-02T19:22:09.000Z
"8/2/2024, 3:27:09 PM",3.654,106,78.6,0,2024-08-02T19:27:09.000Z
"8/2/2024, 3:32:09 PM",3.655,105.6,77.1,0,2024-08-02T19:32:09.000Z
"8/2/2024, 3:37:09 PM",3.655,105.3,76.4,0,2024-08-02T19:37:09.000Z
"8/2/2024, 3:42:09 PM",3.654,104.9,76,0,2024-08-02T19:42:09.000Z
"8/2/2024, 3:47:09 PM",3.655,104.2,75.6,0,2024-08-02T19:47:09.000Z
"8/2/2024, 3:52:09 PM",3.655,103.5,75.4,0,2024-08-02T19:52:09.000Z
"8/2/2024, 3:57:09 PM",3.655,102.7,75.5,0,2024-08-02T19:57:09.000Z
"8/2/2024, 4:02:09 PM",3.655,101.8,75.9,0,2024-08-02T20:02:09.000Z
"8/2/2024, 4:07:09 PM",3.656,100.9,76.3,0,2024-08-02T20:07:09.000Z
"8/2/2024, 4:12:09 PM",3.655,100,76.8,0,2024-08-02T20:12:09.000Z
"8/2/2024, 4:17:09 PM",3.656,99,77.3,0,2024-08-02T20:17:09.000Z
"8/2/2024, 4:22:09 PM",3.656,98.6,77.9,0,2024-08-02T20:22:09.000Z
"8/2/2024, 4:27:09 PM",3.656,97.7,78.5,0,2024-08-02T20:27:09.000Z
"8/2/2024, 4:32:09 PM",3.656,97.3,79.2,0,2024-08-02T20:32:09.000Z
"8/2/2024, 4:37:09 PM",3.656,97.7,80.2,0,2024-08-02T20:37:09.000Z
"8/2/2024, 4:42:09 PM",3.656,98.2,81.4,0,2024-08-02T20:42:09.000Z
"8/2/2024, 4:47:09 PM",3.657,98.8,81.2,0,2024-08-02T20:47:09.000Z
"8/2/2024, 4:52:09 PM",3.656,99,80.1,0,2024-08-02T20:52:09.000Z
"8/2/2024, 4:57:09 PM",3.656,99,79.3,0,2024-08-02T20:57:09.000Z
"8/2/2024, 5:02:09 PM",3.656,99.7,78.8,0,2024-08-02T21:02:09.000Z
"8/2/2024, 5:07:09 PM",3.656,100,78.2,0,2024-08-02T21:07:09.000Z
"8/2/2024, 5:12:09 PM",3.657,100.4,77.4,0,2024-08-02T21:12:09.000Z
"8/2/2024, 5:17:09 PM",3.657,100.8,76.4,0,2024-08-02T21:17:09.000Z
"8/2/2024, 5:22:09 PM",3.656,100.4,75.4,0,2024-08-02T21:22:09.000Z
"8/2/2024, 5:27:09 PM",3.656,99.7,75.1,0,2024-08-02T21:27:09.000Z
"8/2/2024, 5:32:09 PM",3.656,99.1,75,0,2024-08-02T21:32:09.000Z
"8/2/2024, 5:37:09 PM",3.657,99,76.1,0,2024-08-02T21:37:09.000Z
"8/2/2024, 5:42:09 PM",3.657,98.1,77.3,0,2024-08-02T21:42:09.000Z
"8/2/2024, 5:47:09 PM",3.657,98.1,78.2,0,2024-08-02T21:47:09.000Z
"8/2/2024, 5:52:09 PM",3.657,97.9,78.9,0,2024-08-02T21:52:09.000Z
"8/2/2024, 5:57:09 PM",3.657,97.5,79.7,0,2024-08-02T21:57:09.000Z
"8/2/2024, 6:02:09 PM",3.657,96.8,80,0,2024-08-02T22:02:09.000Z
"8/2/2024, 6:07:09 PM",3.657,95.9,80.1,0,2024-08-02T22:07:09.000Z
"8/2/2024, 6:12:09 PM",3.658,94.8,80.1,0,2024-08-02T22:12:09.000Z
"8/2/2024, 6:17:09 PM",3.657,93.9,80.4,0,2024-08-02T22:17:09.000Z
"8/2/2024, 6:22:09 PM",3.658,92.7,80.4,0,2024-08-02T22:22:09.000Z
"8/2/2024, 6:27:09 PM",3.658,91.6,80.3,0,2024-08-02T22:27:09.000Z
"8/2/2024, 6:32:09 PM",3.658,90.7,80.4,0,2024-08-02T22:32:09.000Z
"8/2/2024, 6:37:09 PM",3.658,89.6,80.5,0,2024-08-02T22:37:09.000Z
"8/2/2024, 6:42:09 PM",3.659,88.9,80.9,0,2024-08-02T22:42:09.000Z
"8/2/2024, 6:47:09 PM",3.659,88.2,81.3,0,2024-08-02T22:47:09.000Z
"8/2/2024, 6:52:09 PM",3.659,87.4,81.8,0,2024-08-02T22:52:09.000Z
"8/2/2024, 6:57:09 PM",3.659,86.7,82.3,0,2024-08-02T22:57:09.000Z
"8/2/2024, 7:02:09 PM",3.659,86.4,82.8,0,2024-08-02T23:02:09.000Z
"8/2/2024, 7:07:09 PM",3.659,86,83.5,0,2024-08-02T23:07:09.000Z
"8/2/2024, 7:12:09 PM",3.659,85.6,84.1,0,2024-08-02T23:12:09.000Z
"8/2/2024, 7:17:09 PM",3.659,85.3,84.7,0,2024-08-02T23:17:09.000Z
"8/2/2024, 7:22:09 PM",3.658,85.1,85.3,0,2024-08-02T23:22:09.000Z
"8/2/2024, 7:27:09 PM",3.659,84.9,86,0,2024-08-02T23:27:09.000Z
"8/2/2024, 7:32:09 PM",3.659,84.9,86.7,0,2024-08-02T23:32:09.000Z
"8/2/2024, 7:37:09 PM",3.659,84.7,87.4,0,2024-08-02T23:37:09.000Z
"8/2/2024, 7:42:09 PM",3.66,84.6,88.1,0,2024-08-02T23:42:09.000Z
"8/2/2024, 7:47:09 PM",3.659,84.6,88.7,0,2024-08-02T23:47:09.000Z
"8/2/2024, 7:52:09 PM",3.659,84.6,89.3,0,2024-08-02T23:52:09.000Z
"8/2/2024, 7:57:09 PM",3.66,84.6,89.8,0,2024-08-02T23:57:09.000Z
"8/2/2024, 8:02:09 PM",3.659,84.6,90.3,0,2024-08-03T00:02:09.000Z
"8/2/2024, 8:07:09 PM",3.659,84.6,90.8,0,2024-08-03T00:07:09.000Z
"8/2/2024, 8:12:09 PM",3.659,84.7,91.3,0,2024-08-03T00:12:09.000Z
"8/2/2024, 8:17:09 PM",3.66,84.6,91.8,0,2024-08-03T00:17:09.000Z
"8/2/2024, 8:22:09 PM",3.659,84.6,92.1,0,2024-08-03T00:22:09.000Z
"8/2/2024, 8:27:09 PM",3.659,84.6,92.5,0,2024-08-03T00:27:09.000Z
"8/2/2024, 8:32:09 PM",3.659,84.4,92.8,0,2024-08-03T00:32:09.000Z
"8/2/2024, 8:37:09 PM",3.659,84.4,93,0,2024-08-03T00:37:09.000Z
"8/2/2024, 8:42:09 PM",3.659,84.4,93.3,0,2024-08-03T00:42:09.000Z
"8/2/2024, 8:47:09 PM",3.659,84.2,93.6,0,2024-08-03T00:47:09.000Z
"8/2/2024, 8:52:09 PM",3.659,84,93.7,0,2024-08-03T00:52:09.000Z
"8/2/2024, 8:57:09 PM",3.659,84,94,0,2024-08-03T00:57:09.000Z
"8/2/2024, 9:02:09 PM",3.659,84,94.2,0,2024-08-03T01:02:09.000Z
"8/2/2024, 9:07:09 PM",3.659,83.8,94.3,0,2024-08-03T01:07:09.000Z
"8/2/2024, 9:12:09 PM",3.659,83.7,94.5,0,2024-08-03T01:12:09.000Z
"8/2/2024, 9:17:09 PM",3.659,83.7,94.6,0,2024-08-03T01:17:09.000Z
"8/2/2024, 9:22:09 PM",3.659,83.5,94.8,0,2024-08-03T01:22:09.000Z
"8/2/2024, 9:27:09 PM",3.659,83.5,94.9,0,2024-08-03T01:27:09.000Z
"8/2/2024, 9:32:09 PM",3.66,83.3,95.2,0,2024-08-03T01:32:09.000Z
"8/2/2024, 9:37:09 PM",3.659,83.3,95.3,0,2024-08-03T01:37:09.000Z
"8/2/2024, 9:42:09 PM",3.659,83.1,95.4,0,2024-08-03T01:42:09.000Z
"8/2/2024, 9:47:09 PM",3.659,83.1,95.6,0,2024-08-03T01:47:09.000Z
"8/2/2024, 9:52:09 PM",3.659,83.1,95.7,0,2024-08-03T01:52:09.000Z
"8/2/2024, 9:57:09 PM",3.66,82.9,95.9,0,2024-08-03T01:57:09.000Z
"8/2/2024, 10:02:09 PM",3.659,82.9,95.9,0,2024-08-03T02:02:09.000Z
"8/2/2024, 10:07:09 PM",3.659,82.9,96.1,0,2024-08-03T02:07:09.000Z
"8/2/2024, 10:12:09 PM",3.659,83.1,96.3,0,2024-08-03T02:12:09.000Z
"8/2/2024, 10:17:09 PM",3.659,83.1,96.4,0,2024-08-03T02:17:09.000Z
"8/2/2024, 10:22:09 PM",3.659,83.1,96.5,0,2024-08-03T02:22:09.000Z
"8/2/2024, 10:27:09 PM",3.659,83.1,96.6,0,2024-08-03T02:27:09.000Z
"8/2/2024, 10:32:09 PM",3.659,82.9,96.8,0,2024-08-03T02:32:09.000Z
"8/2/2024, 10:37:09 PM",3.659,83.1,96.9,0,2024-08-03T02:37:09.000Z
"8/2/2024, 10:42:09 PM",3.66,83.1,97,0,2024-08-03T02:42:09.000Z
"8/2/2024, 10:47:09 PM",3.66,83.1,97.1,0,2024-08-03T02:47:09.000Z
"8/2/2024, 10:52:09 PM",3.659,83.3,97.3,0,2024-08-03T02:52:09.000Z
"8/2/2024, 10:57:09 PM",3.659,83.3,97.4,0,2024-08-03T02:57:09.000Z
"8/2/2024, 11:02:09 PM",3.659,83.5,97.5,0,2024-08-03T03:02:09.000Z
"8/2/2024, 11:07:09 PM",3.659,83.5,97.6,0,2024-08-03T03:07:09.000Z
"8/2/2024, 11:12:09 PM",3.659,83.7,97.7,0,2024-08-03T03:12:09.000Z
"8/2/2024, 11:17:09 PM",3.659,83.7,97.8,0,2024-08-03T03:17:09.000Z
"8/2/2024, 11:22:09 PM",3.659,83.7,98,0,2024-08-03T03:22:09.000Z
"8/2/2024, 11:27:09 PM",3.66,83.7,98,0,2024-08-03T03:27:09.000Z
"8/2/2024, 11:32:09 PM",3.659,83.7,98.1,0,2024-08-03T03:32:09.000Z
"8/2/2024, 11:37:09 PM",3.659,83.7,98.1,0,2024-08-03T03:37:09.000Z
"8/2/2024, 11:42:09 PM",3.659,83.7,98.2,0,2024-08-03T03:42:09.000Z
"8/2/2024, 11:47:09 PM",3.66,83.5,98.3,0,2024-08-03T03:47:09.000Z
"8/2/2024, 11:52:09 PM",3.659,83.5,98.3,0,2024-08-03T03:52:09.000Z
"8/2/2024, 11:57:09 PM",3.659,83.3,98.4,0,2024-08-03T03:57:09.000Z
"8/3/2024, 12:02:09 AM",3.659,83.3,98.5,0,2024-08-03T04:02:09.000Z
"8/3/2024, 12:07:09 AM",3.659,83.1,98.6,0,2024-08-03T04:07:09.000Z
"8/3/2024, 12:12:09 AM",3.659,83.1,98.7,0,2024-08-03T04:12:09.000Z
"8/3/2024, 12:17:09 AM",3.659,83.1,98.8,0,2024-08-03T04:17:09.000Z
"8/3/2024, 12:22:09 AM",3.659,82.9,98.9,0,2024-08-03T04:22:09.000Z
"8/3/2024, 12:27:09 AM",3.659,82.9,98.9,0,2024-08-03T04:27:09.000Z
"8/3/2024, 12:32:09 AM",3.659,82.9,99,0,2024-08-03T04:32:09.000Z
"8/3/2024, 12:37:09 AM",3.659,82.9,99.1,0,2024-08-03T04:37:09.000Z
"8/3/2024, 12:42:09 AM",3.659,82.8,99.2,0,2024-08-03T04:42:09.000Z
"8/3/2024, 12:47:09 AM",3.659,82.8,99.3,0,2024-08-03T04:47:09.000Z
"8/3/2024, 12:52:09 AM",3.659,82.8,99.4,0,2024-08-03T04:52:09.000Z
"8/3/2024, 12:57:09 AM",3.659,82.9,99.6,0,2024-08-03T04:57:09.000Z
"8/3/2024, 1:02:09 AM",3.66,82.9,99.6,0,2024-08-03T05:02:09.000Z
"8/3/2024, 1:07:09 AM",3.659,82.9,99.6,0,2024-08-03T05:07:09.000Z
"8/3/2024, 1:12:09 AM",3.659,83.1,99.8,0,2024-08-03T05:12:09.000Z
"8/3/2024, 1:17:09 AM",3.659,83.1,99.9,0,2024-08-03T05:17:09.000Z
"8/3/2024, 1:22:09 AM",3.66,83.1,100,0,2024-08-03T05:22:09.000Z
"8/3/2024, 1:27:09 AM",3.66,83.1,100,0,2024-08-03T05:27:09.000Z
"8/3/2024, 1:32:09 AM",3.659,83.1,100,0,2024-08-03T05:32:09.000Z
"8/3/2024, 1:37:09 AM",3.659,83.3,100,0,2024-08-03T05:37:09.000Z
"8/3/2024, 1:42:09 AM",3.659,83.3,100,0,2024-08-03T05:42:09.000Z
"8/3/2024, 1:47:09 AM",3.659,83.5,100,0,2024-08-03T05:47:09.000Z
"8/3/2024, 1:52:09 AM",3.66,83.5,100,0,2024-08-03T05:52:09.000Z
"8/3/2024, 1:57:09 AM",3.659,83.5,100,0,2024-08-03T05:57:09.000Z
"8/3/2024, 2:02:09 AM",3.659,83.5,100,0,2024-08-03T06:02:09.000Z
"8/3/2024, 2:07:09 AM",3.659,83.7,100,0,2024-08-03T06:07:09.000Z
"8/3/2024, 2:12:09 AM",3.659,83.7,100,0,2024-08-03T06:12:09.000Z
"8/3/2024, 2:17:09 AM",3.659,83.7,100,0,2024-08-03T06:17:09.000Z
"8/3/2024, 2:22:09 AM",3.659,83.8,100,0,2024-08-03T06:22:09.000Z
"8/3/2024, 2:27:09 AM",3.659,83.8,100,0,2024-08-03T06:27:09.000Z
"8/3/2024, 2:32:09 AM",3.659,83.8,100,0,2024-08-03T06:32:09.000Z
"8/3/2024, 2:37:09 AM",3.66,84,100,0,2024-08-03T06:37:09.000Z
"8/3/2024, 2:42:09 AM",3.66,84,100,0,2024-08-03T06:42:09.000Z
"8/3/2024, 2:47:09 AM",3.659,83.8,100,0,2024-08-03T06:47:09.000Z
"8/3/2024, 2:52:09 AM",3.659,83.8,100,0,2024-08-03T06:52:09.000Z
"8/3/2024, 2:57:09 AM",3.659,83.8,100,0,2024-08-03T06:57:09.000Z
"8/3/2024, 3:02:09 AM",3.659,83.8,100,0,2024-08-03T07:02:09.000Z
"8/3/2024, 3:07:09 AM",3.659,83.8,100,0,2024-08-03T07:07:09.000Z
"8/3/2024, 3:12:09 AM",3.66,83.8,100,0,2024-08-03T07:12:09.000Z
"8/3/2024, 3:17:09 AM",3.659,83.8,100,0,2024-08-03T07:17:09.000Z
"8/3/2024, 3:22:09 AM",3.659,83.8,100,0,2024-08-03T07:22:09.000Z
"8/3/2024, 3:27:09 AM",3.659,84,100,0,2024-08-03T07:27:09.000Z
"8/3/2024, 3:32:09 AM",3.66,84,100,0,2024-08-03T07:32:09.000Z
"8/3/2024, 3:37:09 AM",3.659,84,100,0,2024-08-03T07:37:09.000Z
"8/3/2024, 3:42:09 AM",3.659,84,100,0,2024-08-03T07:42:09.000Z
"8/3/2024, 3:47:09 AM",3.659,84,100,0,2024-08-03T07:47:09.000Z
"8/3/2024, 3:52:09 AM",3.659,84,100,0,2024-08-03T07:52:09.000Z
"8/3/2024, 3:57:09 AM",3.659,84,100,0,2024-08-03T07:57:09.000Z
"8/3/2024, 4:02:09 AM",3.659,84,100,0,2024-08-03T08:02:09.000Z
"8/3/2024, 4:07:09 AM",3.659,84,100,0,2024-08-03T08:07:09.000Z
"8/3/2024, 4:12:09 AM",3.659,84,100,0,2024-08-03T08:12:09.000Z
"8/3/2024, 4:17:09 AM",3.659,84,100,0,2024-08-03T08:17:09.000Z
"8/3/2024, 4:22:09 AM",3.659,84,100,0,2024-08-03T08:22:09.000Z
"8/3/2024, 4:27:09 AM",3.659,84,100,0,2024-08-03T08:27:09.000Z
"8/3/2024, 4:32:09 AM",3.659,83.8,100,0,2024-08-03T08:32:09.000Z
"8/3/2024, 4:37:09 AM",3.659,83.7,100,0,2024-08-03T08:37:09.000Z
"8/3/2024, 4:42:09 AM",3.659,83.7,100,0,2024-08-03T08:42:09.000Z
"8/3/2024, 4:47:09 AM",3.659,83.7,100,0,2024-08-03T08:47:09.000Z
"8/3/2024, 4:52:09 AM",3.659,83.7,100,0,2024-08-03T08:52:09.000Z
"8/3/2024, 4:57:09 AM",3.659,83.7,100,0,2024-08-03T08:57:09.000Z
"8/3/2024, 5:02:09 AM",3.659,83.7,100,0,2024-08-03T09:02:09.000Z
"8/3/2024, 5:07:09 AM",3.659,83.7,100,0,2024-08-03T09:07:09.000Z
"8/3/2024, 5:12:09 AM",3.659,83.7,100,0,2024-08-03T09:12:09.000Z
"8/3/2024, 5:17:09 AM",3.659,83.7,100,0,2024-08-03T09:17:09.000Z
"8/3/2024, 5:22:09 AM",3.659,83.7,100,0,2024-08-03T09:22:09.000Z
"8/3/2024, 5:27:09 AM",3.659,83.5,100,0,2024-08-03T09:27:09.000Z
"8/3/2024, 5:32:09 AM",3.659,83.5,100,0,2024-08-03T09:32:09.000Z
"8/3/2024, 5:37:09 AM",3.659,83.5,100,0,2024-08-03T09:37:09.000Z
"8/3/2024, 5:42:09 AM",3.66,83.3,100,0,2024-08-03T09:42:09.000Z
"8/3/2024, 5:47:09 AM",3.659,83.3,100,0,2024-08-03T09:47:09.000Z
"8/3/2024, 5:52:09 AM",3.659,83.3,100,0,2024-08-03T09:52:09.000Z
"8/3/2024, 5:57:09 AM",3.659,83.3,100,0,2024-08-03T09:57:09.000Z
"8/3/2024, 6:02:09 AM",3.659,83.5,100,0,2024-08-03T10:02:09.000Z
"8/3/2024, 6:07:09 AM",3.659,83.5,100,0,2024-08-03T10:07:09.000Z
"8/3/2024, 6:12:09 AM",3.659,83.5,100,0,2024-08-03T10:12:09.000Z
"8/3/2024, 6:17:09 AM",3.659,83.3,100,0,2024-08-03T10:17:09.000Z
"8/3/2024, 6:22:09 AM",3.659,83.3,100,0,2024-08-03T10:22:09.000Z
"8/3/2024, 6:27:09 AM",3.659,83.3,100,0,2024-08-03T10:27:09.000Z
"8/3/2024, 6:32:09 AM",3.659,83.1,100,0,2024-08-03T10:32:09.000Z
"8/3/2024, 6:37:09 AM",3.659,83.1,100,0,2024-08-03T10:37:09.000Z
"8/3/2024, 6:42:09 AM",3.659,83.1,100,0,2024-08-03T10:42:09.000Z
"8/3/2024, 6:47:09 AM",3.659,83.3,100,0,2024-08-03T10:47:09.000Z
"8/3/2024, 6:52:09 AM",3.659,83.3,100,0,2024-08-03T10:52:09.000Z
"8/3/2024, 6:57:09 AM",3.659,83.5,100,0,2024-08-03T10:57:09.000Z
"8/3/2024, 7:02:09 AM",3.659,83.5,100,0,2024-08-03T11:02:09.000Z
"8/3/2024, 7:07:09 AM",3.659,83.5,100,0,2024-08-03T11:07:09.000Z
"8/3/2024, 7:12:09 AM",3.659,83.7,100,0,2024-08-03T11:12:09.000Z
"8/3/2024, 7:17:09 AM",3.659,83.7,100,0,2024-08-03T11:17:09.000Z
"8/3/2024, 7:22:09 AM",3.659,83.7,100,0,2024-08-03T11:22:09.000Z
"8/3/2024, 7:27:09 AM",3.659,83.7,100,0,2024-08-03T11:27:09.000Z
"8/3/2024, 7:32:09 AM",3.659,83.7,100,0,2024-08-03T11:32:09.000Z
"8/3/2024, 7:37:09 AM",3.659,83.8,100,0,2024-08-03T11:37:09.000Z
"8/3/2024, 7:42:09 AM",3.659,84,100,0,2024-08-03T11:42:09.000Z
"8/3/2024, 7:47:09 AM",3.659,84,100,0,2024-08-03T11:47:09.000Z
"8/3/2024, 7:52:09 AM",3.659,84.2,100,0,2024-08-03T11:52:09.000Z
"8/3/2024, 7:57:09 AM",3.66,84.6,100,0,2024-08-03T11:57:09.000Z
"8/3/2024, 8:02:09 AM",3.659,84.9,100,0,2024-08-03T12:02:09.000Z
"8/3/2024, 8:07:09 AM",3.659,85.1,100,0,2024-08-03T12:07:09.000Z
"8/3/2024, 8:12:09 AM",3.659,85.3,100,0,2024-08-03T12:12:09.000Z
"8/3/2024, 8:17:09 AM",3.659,85.5,100,0,2024-08-03T12:17:09.000Z
"8/3/2024, 8:22:09 AM",3.659,85.5,100,0,2024-08-03T12:22:09.000Z
"8/3/2024, 8:27:09 AM",3.659,85.6,100,0,2024-08-03T12:27:09.000Z
"8/3/2024, 8:32:09 AM",3.659,85.6,100,0,2024-08-03T12:32:09.000Z
"8/3/2024, 8:37:09 AM",3.659,85.8,100,0,2024-08-03T12:37:09.000Z
"8/3/2024, 8:42:09 AM",3.659,86,100,0,2024-08-03T12:42:09.000Z
"8/3/2024, 8:47:09 AM",3.659,86.2,100,0,2024-08-03T12:47:09.000Z
"8/3/2024, 8:52:09 AM",3.659,86.2,100,0,2024-08-03T12:52:09.000Z
"8/3/2024, 8:57:09 AM",3.659,86.2,100,0,2024-08-03T12:57:09.000Z
"8/3/2024, 9:02:09 AM",3.659,86.2,100,0,2024-08-03T13:02:09.000Z
"8/3/2024, 9:07:09 AM",3.659,86.2,100,0,2024-08-03T13:07:09.000Z
"8/3/2024, 9:12:09 AM",3.659,86.4,100,0,2024-08-03T13:12:09.000Z
"8/3/2024, 9:17:09 AM",3.659,86.4,100,0,2024-08-03T13:17:09.000Z
"8/3/2024, 9:22:09 AM",3.659,86.5,100,0,2024-08-03T13:22:09.000Z
"8/3/2024, 9:27:09 AM",3.659,86.5,100,0,2024-08-03T13:27:09.000Z
"8/3/2024, 9:32:09 AM",3.659,86.5,100,0,2024-08-03T13:32:09.000Z
"8/3/2024, 9:37:09 AM",3.658,86.7,100,0,2024-08-03T13:37:09.000Z
"8/3/2024, 9:42:09 AM",3.659,86.9,100,0,2024-08-03T13:42:09.000Z
"8/3/2024, 9:47:09 AM",3.659,87.3,100,0,2024-08-03T13:47:09.000Z
"8/3/2024, 9:52:09 AM",3.659,87.8,100,0,2024-08-03T13:52:09.000Z
"8/3/2024, 9:57:09 AM",3.659,88.2,100,0,2024-08-03T13:57:09.000Z
"8/3/2024, 10:02:09 AM",3.659,88.5,100,0,2024-08-03T14:02:09.000Z
"8/3/2024, 10:07:09 AM",3.659,88.9,100,0,2024-08-03T14:07:09.000Z
"8/3/2024, 10:12:09 AM",3.659,88.9,100,0,2024-08-03T14:12:09.000Z
"8/3/2024, 10:17:09 AM",3.659,89.1,100,0,2024-08-03T14:17:09.000Z
"8/3/2024, 10:22:09 AM",3.659,89.4,100,0,2024-08-03T14:22:09.000Z
"8/3/2024, 10:27:09 AM",3.659,89.8,100,0,2024-08-03T14:27:09.000Z
"8/3/2024, 10:32:09 AM",3.658,90.3,100,0,2024-08-03T14:32:09.000Z
"8/3/2024, 10:37:09 AM",3.658,90.7,100,0,2024-08-03T14:37:09.000Z
"8/3/2024, 10:42:09 AM",3.658,91.2,100,0,2024-08-03T14:42:09.000Z
"8/3/2024, 10:47:09 AM",3.658,91.8,100,0,2024-08-03T14:47:09.000Z
"8/3/2024, 10:52:09 AM",3.658,92.1,100,0,2024-08-03T14:52:09.000Z
"8/3/2024, 10:57:09 AM",3.658,92.3,100,0,2024-08-03T14:57:09.000Z
"8/3/2024, 11:02:09 AM",3.658,92.7,100,0,2024-08-03T15:02:09.000Z
"8/3/2024, 11:07:09 AM",3.658,92.8,100,0,2024-08-03T15:07:09.000Z
"8/3/2024, 11:12:09 AM",3.658,93.6,100,0,2024-08-03T15:12:09.000Z
"8/3/2024, 11:17:09 AM",3.658,94.1,100,0,2024-08-03T15:17:09.000Z
"8/3/2024, 11:22:09 AM",3.658,94.8,100,0,2024-08-03T15:22:09.000Z
"8/3/2024, 11:27:09 AM",3.658,95,100,0,2024-08-03T15:27:09.000Z
"8/3/2024, 11:32:09 AM",3.658,95,100,0,2024-08-03T15:32:09.000Z
"8/3/2024, 11:37:09 AM",3.657,95.2,100,0,2024-08-03T15:37:09.000Z
"8/3/2024, 11:42:09 AM",3.658,95.2,100,0,2024-08-03T15:42:09.000Z
"8/3/2024, 11:47:09 AM",3.658,95,100,0,2024-08-03T15:47:09.000Z
"8/3/2024, 11:52:09 AM",3.658,94.8,100,0,2024-08-03T15:52:09.000Z
"8/3/2024, 11:57:09 AM",3.658,94.6,100,0,2024-08-03T15:57:09.000Z
"8/3/2024, 12:02:09 PM",3.657,95.2,100,0,2024-08-03T16:02:09.000Z
"8/3/2024, 12:07:09 PM",3.658,95.7,100,0,2024-08-03T16:07:09.000Z
"8/3/2024, 12:12:09 PM",3.657,96.4,100,0,2024-08-03T16:12:09.000Z
"8/3/2024, 12:17:09 PM",3.657,97.2,100,0,2024-08-03T16:17:09.000Z
"8/3/2024, 12:22:09 PM",3.658,97.7,100,0,2024-08-03T16:22:09.000Z
"8/3/2024, 12:27:09 PM",3.657,98.4,100,0,2024-08-03T16:27:09.000Z
"8/3/2024, 12:32:09 PM",3.657,98.4,100,0,2024-08-03T16:32:09.000Z
"8/3/2024, 12:37:09 PM",3.657,98.4,100,0,2024-08-03T16:37:09.000Z
"8/3/2024, 12:42:09 PM",3.657,98.8,100,0,2024-08-03T16:42:09.000Z
"8/3/2024, 12:47:09 PM",3.657,99,100,0,2024-08-03T16:47:09.000Z
"8/3/2024, 12:52:09 PM",3.657,99,100,0,2024-08-03T16:52:09.000Z
"8/3/2024, 12:57:09 PM",3.657,99.5,100,0,2024-08-03T16:57:09.000Z
"8/3/2024, 1:02:09 PM",3.657,99.9,100,0,2024-08-03T17:02:09.000Z
"8/3/2024, 1:07:09 PM",3.657,100,100,0,2024-08-03T17:07:09.000Z
"8/3/2024, 1:12:09 PM",3.657,100.2,100,0,2024-08-03T17:12:09.000Z
"8/3/2024, 1:17:09 PM",3.657,100.4,100,0,2024-08-03T17:17:09.000Z
"8/3/2024, 1:22:09 PM",3.657,100.6,100,0,2024-08-03T17:22:09.000Z
"8/3/2024, 1:27:09 PM",3.657,100.8,100,0,2024-08-03T17:27:09.000Z
"8/3/2024, 1:32:09 PM",3.657,100.6,100,0,2024-08-03T17:32:09.000Z
"8/3/2024, 1:37:09 PM",3.657,100.4,100,0,2024-08-03T17:37:09.000Z
"8/3/2024, 1:42:09 PM",3.657,100.4,100,0,2024-08-03T17:42:09.000Z
"8/3/2024, 1:47:09 PM",3.657,100.4,100,0,2024-08-03T17:47:09.000Z
"8/3/2024, 1:52:09 PM",3.657,100.4,100,0,2024-08-03T17:52:09.000Z
"8/3/2024, 1:57:09 PM",3.657,100.9,100,0,2024-08-03T17:57:09.000Z
"8/3/2024, 2:02:09 PM",3.657,101.1,100,0,2024-08-03T18:02:09.000Z
"8/3/2024, 2:07:09 PM",3.657,101.5,100,0,2024-08-03T18:07:09.000Z
"8/3/2024, 2:12:09 PM",3.657,101.8,100,0,2024-08-03T18:12:09.000Z
"8/3/2024, 2:17:09 PM",3.657,102,100,0,2024-08-03T18:17:09.000Z
"8/3/2024, 2:22:09 PM",3.657,101.7,100,0,2024-08-03T18:22:09.000Z
"8/3/2024, 2:27:09 PM",3.657,101.3,100,0,2024-08-03T18:27:09.000Z
"8/3/2024, 2:32:09 PM",3.658,100.9,100,0,2024-08-03T18:32:09.000Z
"8/3/2024, 2:37:09 PM",3.657,100.8,100,0,2024-08-03T18:37:09.000Z
"8/3/2024, 2:42:09 PM",3.657,101.1,100,0,2024-08-03T18:42:09.000Z
"8/3/2024, 2:47:09 PM",3.657,101.7,100,0,2024-08-03T18:47:09.000Z
"8/3/2024, 2:52:09 PM",3.657,102.2,100,0,2024-08-03T18:52:09.000Z
"8/3/2024, 2:57:09 PM",3.657,102.4,100,0,2024-08-03T18:57:09.000Z
"8/3/2024, 3:02:09 PM",3.657,102.9,100,0,2024-08-03T19:02:09.000Z
"8/3/2024, 3:07:09 PM",3.657,103.1,100,0,2024-08-03T19:07:09.000Z
"8/3/2024, 3:12:09 PM",3.657,102.9,100,0,2024-08-03T19:12:09.000Z
"8/3/2024, 3:17:09 PM",3.657,102.9,100,0,2024-08-03T19:17:09.000Z
"8/3/2024, 3:22:09 PM",3.657,103.1,100,0,2024-08-03T19:22:09.000Z
"8/3/2024, 3:27:09 PM",3.657,103.3,100,0,2024-08-03T19:27:09.000Z
"8/3/2024, 3:32:09 PM",3.657,103.5,100,0,2024-08-03T19:32:09.000Z
"8/3/2024, 3:37:09 PM",3.656,103.8,100,0,2024-08-03T19:37:09.000Z
"8/3/2024, 3:42:09 PM",3.657,104.2,100,0,2024-08-03T19:42:09.000Z
"8/3/2024, 3:47:09 PM",3.657,104.5,100,0,2024-08-03T19:47:09.000Z
"8/3/2024, 3:52:09 PM",3.656,104.4,100,0,2024-08-03T19:52:09.000Z
"8/3/2024, 3:57:09 PM",3.657,104.4,99.5,0,2024-08-03T19:57:09.000Z
"8/3/2024, 4:02:09 PM",3.656,104.4,98.9,0,2024-08-03T20:02:09.000Z
"8/3/2024, 4:07:09 PM",3.657,104.2,98.3,0,2024-08-03T20:07:09.000Z
"8/3/2024, 4:12:09 PM",3.657,103.8,97.8,0,2024-08-03T20:12:09.000Z
"8/3/2024, 4:17:09 PM",3.657,103.8,97.3,0,2024-08-03T20:17:09.000Z
"8/3/2024, 4:22:09 PM",3.657,104.2,97,0,2024-08-03T20:22:09.000Z
"8/3/2024, 4:27:09 PM",3.657,104.2,96.6,0,2024-08-03T20:27:09.000Z
"8/3/2024, 4:32:09 PM",3.657,104.5,96.2,0,2024-08-03T20:32:09.000Z
"8/3/2024, 4:37:09 PM",3.657,104.7,95.8,0,2024-08-03T20:37:09.000Z
"8/3/2024, 4:42:09 PM",3.657,104.7,95.4,0,2024-08-03T20:42:09.000Z
"8/3/2024, 4:47:09 PM",3.657,104.7,94.9,0,2024-08-03T20:47:09.000Z
"8/3/2024, 4:52:09 PM",3.657,104.7,94.4,0,2024-08-03T20:52:09.000Z
"8/3/2024, 4:57:09 PM",3.657,104.5,93.9,0,2024-08-03T20:57:09.000Z
"8/3/2024, 5:02:09 PM",3.657,104.5,93.5,0,2024-08-03T21:02:09.000Z
"8/3/2024, 5:07:09 PM",3.657,104,93.1,0,2024-08-03T21:07:09.000Z
"8/3/2024, 5:12:09 PM",3.657,103.8,92.8,0,2024-08-03T21:12:09.000Z
"8/3/2024, 5:17:09 PM",3.657,103.8,92.5,0,2024-08-03T21:17:09.000Z
"8/3/2024, 5:22:09 PM",3.657,103.8,92.4,0,2024-08-03T21:22:09.000Z
"8/3/2024, 5:27:09 PM",3.657,103.6,92.2,0,2024-08-03T21:27:09.000Z
"8/3/2024, 5:32:09 PM",3.657,103.3,91.8,0,2024-08-03T21:32:09.000Z
"8/3/2024, 5:37:09 PM",3.657,103.1,91.7,0,2024-08-03T21:37:09.000Z
"8/3/2024, 5:42:09 PM",3.658,103.1,91.4,0,2024-08-03T21:42:09.000Z
"8/3/2024, 5:47:09 PM",3.657,102.9,91.4,0,2024-08-03T21:47:09.000Z
"8/3/2024, 5:52:09 PM",3.657,102.9,91.3,0,2024-08-03T21:52:09.000Z
"8/3/2024, 5:57:09 PM",3.658,102.6,91.3,0,2024-08-03T21:57:09.000Z
"8/3/2024, 6:02:09 PM",3.657,102.4,91.1,0,2024-08-03T22:02:09.000Z
"8/3/2024, 6:07:09 PM",3.658,102.2,90.8,0,2024-08-03T22:07:09.000Z
"8/3/2024, 6:12:09 PM",3.658,102.2,90.6,0,2024-08-03T22:12:09.000Z
"8/3/2024, 6:17:09 PM",3.658,101.7,90.2,0,2024-08-03T22:17:09.000Z
"8/3/2024, 6:22:09 PM",3.658,101.3,90,0,2024-08-03T22:22:09.000Z
"8/3/2024, 6:27:09 PM",3.658,100.8,89.6,0,2024-08-03T22:27:09.000Z
"8/3/2024, 6:32:09 PM",3.659,100.4,89.1,0,2024-08-03T22:32:09.000Z
"8/3/2024, 6:37:09 PM",3.659,100.2,89,0,2024-08-03T22:37:09.000Z
"8/3/2024, 6:42:09 PM",3.658,99.9,88.8,0,2024-08-03T22:42:09.000Z
"8/3/2024, 6:47:09 PM",3.659,99.5,88.9,0,2024-08-03T22:47:09.000Z
"8/3/2024, 6:52:09 PM",3.658,99.1,89,0,2024-08-03T22:52:09.000Z
"8/3/2024, 6:57:09 PM",3.659,99,89.4,0,2024-08-03T22:57:09.000Z
"8/3/2024, 7:02:09 PM",3.659,98.4,89.5,0,2024-08-03T23:02:09.000Z
"8/3/2024, 7:07:09 PM",3.659,97.9,89.7,0,2024-08-03T23:07:09.000Z
"8/3/2024, 7:12:09 PM",3.659,97.3,89.9,0,2024-08-03T23:12:09.000Z
"8/3/2024, 7:17:09 PM",3.659,96.8,90.1,0,2024-08-03T23:17:09.000Z
"8/3/2024, 7:22:09 PM",3.659,96.4,90.3,0,2024-08-03T23:22:09.000Z
"8/3/2024, 7:27:09 PM",3.659,95.9,90.6,0,2024-08-03T23:27:09.000Z
"8/3/2024, 7:32:09 PM",3.659,95.5,91,0,2024-08-03T23:32:09.000Z
"8/3/2024, 7:37:09 PM",3.659,95.2,91.3,0,2024-08-03T23:37:09.000Z
"8/3/2024, 7:42:09 PM",3.659,94.6,91.6,0,2024-08-03T23:42:09.000Z
"8/3/2024, 7:47:09 PM",3.659,94.3,91.8,0,2024-08-03T23:47:09.000Z
"8/3/2024, 7:52:09 PM",3.659,93.9,92.1,0,2024-08-03T23:52:09.000Z
"8/3/2024, 7:57:09 PM",3.659,93.6,92.3,0,2024-08-03T23:57:09.000Z
"8/3/2024, 8:02:09 PM",3.66,93.2,92.5,0,2024-08-04T00:02:09.000Z
"8/3/2024, 8:07:09 PM",3.66,92.8,92.8,0,2024-08-04T00:07:09.000Z
"8/3/2024, 8:12:09 PM",3.66,92.5,93.1,0,2024-08-04T00:12:09.000Z
"8/3/2024, 8:17:09 PM",3.66,92.1,93.4,0,2024-08-04T00:17:09.000Z
"8/3/2024, 8:22:09 PM",3.66,91.8,93.7,0,2024-08-04T00:22:09.000Z
"8/3/2024, 8:27:09 PM",3.66,91.4,93.9,0,2024-08-04T00:27:09.000Z
"8/3/2024, 8:32:09 PM",3.66,91,94.3,0,2024-08-04T00:32:09.000Z
"8/3/2024, 8:37:09 PM",3.66,90.9,94.6,0,2024-08-04T00:37:09.000Z
"8/3/2024, 8:42:09 PM",3.66,90.5,94.9,0,2024-08-04T00:42:09.000Z
"8/3/2024, 8:47:09 PM",3.66,90.3,95.2,0,2024-08-04T00:47:09.000Z
"8/3/2024, 8:52:09 PM",3.661,90.1,95.5,0,2024-08-04T00:52:09.000Z
"8/3/2024, 8:57:09 PM",3.66,90,95.8,0,2024-08-04T00:57:09.000Z
"8/3/2024, 9:02:09 PM",3.661,89.8,96.2,0,2024-08-04T01:02:09.000Z
"8/3/2024, 9:07:09 PM",3.661,89.6,96.5,0,2024-08-04T01:07:09.000Z
"8/3/2024, 9:12:09 PM",3.661,89.4,96.7,0,2024-08-04T01:12:09.000Z
"8/3/2024, 9:17:09 PM",3.661,89.1,96.9,0,2024-08-04T01:17:09.000Z
"8/3/2024, 9:22:09 PM",3.66,88.9,97,0,2024-08-04T01:22:09.000Z
"8/3/2024, 9:27:09 PM",3.66,88.9,97.3,0,2024-08-04T01:27:09.000Z
"8/3/2024, 9:32:09 PM",3.661,88.7,97.4,0,2024-08-04T01:32:09.000Z
"8/3/2024, 9:37:09 PM",3.66,88.3,97.6,0,2024-08-04T01:37:09.000Z
"8/3/2024, 9:42:09 PM",3.661,88.2,97.7,0,2024-08-04T01:42:09.000Z
"8/3/2024, 9:47:09 PM",3.661,88,97.9,0,2024-08-04T01:47:09.000Z
"8/3/2024, 9:52:09 PM",3.661,88,98,0,2024-08-04T01:52:09.000Z
"8/3/2024, 9:57:09 PM",3.661,87.6,98.1,0,2024-08-04T01:57:09.000Z
"8/3/2024, 10:02:09 PM",3.661,87.6,98.2,0,2024-08-04T02:02:09.000Z
"8/3/2024, 10:07:09 PM",3.661,87.4,98.4,0,2024-08-04T02:07:09.000Z
"8/3/2024, 10:12:09 PM",3.661,87.3,98.5,0,2024-08-04T02:12:09.000Z
"8/3/2024, 10:17:09 PM",3.661,87.3,98.7,0,2024-08-04T02:17:09.000Z
"8/3/2024, 10:22:09 PM",3.661,87.1,98.8,0,2024-08-04T02:22:09.000Z
"8/3/2024, 10:27:09 PM",3.661,87.1,98.9,0,2024-08-04T02:27:09.000Z
"8/3/2024, 10:32:09 PM",3.661,86.9,99,0,2024-08-04T02:32:09.000Z
"8/3/2024, 10:37:09 PM",3.661,86.9,99.1,0,2024-08-04T02:37:09.000Z
"8/3/2024, 10:42:09 PM",3.661,86.7,99.2,0,2024-08-04T02:42:09.000Z
"8/3/2024, 10:47:09 PM",3.661,86.7,99.3,0,2024-08-04T02:47:09.000Z
"8/3/2024, 10:52:09 PM",3.661,86.5,99.5,0,2024-08-04T02:52:09.000Z
"8/3/2024, 10:57:09 PM",3.661,86.5,99.6,0,2024-08-04T02:57:09.000Z
"8/3/2024, 11:02:09 PM",3.661,86.4,99.6,0,2024-08-04T03:02:09.000Z
"8/3/2024, 11:07:09 PM",3.661,86.4,99.8,0,2024-08-04T03:07:09.000Z
"8/3/2024, 11:12:09 PM",3.661,86.2,99.8,0,2024-08-04T03:12:09.000Z
"8/3/2024, 11:17:09 PM",3.661,86.2,100,0,2024-08-04T03:17:09.000Z
"8/3/2024, 11:22:09 PM",3.661,86.2,100,0,2024-08-04T03:22:09.000Z
"8/3/2024, 11:27:09 PM",3.661,86,100,0,2024-08-04T03:27:09.000Z
"8/3/2024, 11:32:09 PM",3.661,86,100,0,2024-08-04T03:32:09.000Z
"8/3/2024, 11:37:09 PM",3.661,86,100,0,2024-08-04T03:37:09.000Z
"8/3/2024, 11:42:09 PM",3.661,85.8,100,0,2024-08-04T03:42:09.000Z
"8/3/2024, 11:47:09 PM",3.661,85.8,100,0,2024-08-04T03:47:09.000Z
"8/3/2024, 11:52:09 PM",3.66,85.6,100,0,2024-08-04T03:52:09.000Z
"8/3/2024, 11:57:09 PM",3.661,85.6,100,0,2024-08-04T03:57:09.000Z
"8/4/2024, 12:02:09 AM",3.661,85.6,100,0,2024-08-04T04:02:09.000Z
"8/4/2024, 12:07:09 AM",3.661,85.5,100,0,2024-08-04T04:07:09.000Z
"8/4/2024, 12:12:09 AM",3.661,85.5,100,0,2024-08-04T04:12:09.000Z
"8/4/2024, 12:17:09 AM",3.661,85.5,100,0,2024-08-04T04:17:09.000Z
"8/4/2024, 12:22:09 AM",3.661,85.5,100,0,2024-08-04T04:22:09.000Z
"8/4/2024, 12:27:09 AM",3.661,85.3,100,0,2024-08-04T04:27:09.000Z
"8/4/2024, 12:32:09 AM",3.661,85.3,100,0,2024-08-04T04:32:09.000Z
"8/4/2024, 12:37:09 AM",3.661,85.1,100,0,2024-08-04T04:37:09.000Z
"8/4/2024, 12:42:09 AM",3.661,85.1,100,0,2024-08-04T04:42:09.000Z
"8/4/2024, 12:47:09 AM",3.661,84.9,100,0,2024-08-04T04:47:09.000Z
"8/4/2024, 12:52:09 AM",3.661,84.9,100,0,2024-08-04T04:52:09.000Z
"8/4/2024, 12:57:09 AM",3.661,84.7,100,0,2024-08-04T04:57:09.000Z
"8/4/2024, 1:02:09 AM",3.661,84.7,100,0,2024-08-04T05:02:09.000Z
"8/4/2024, 1:07:09 AM",3.661,84.6,100,0,2024-08-04T05:07:09.000Z
"8/4/2024, 1:12:09 AM",3.661,84.6,100,0,2024-08-04T05:12:09.000Z
"8/4/2024, 1:17:09 AM",3.662,84.6,100,0,2024-08-04T05:17:09.000Z
"8/4/2024, 1:22:09 AM",3.661,84.4,100,0,2024-08-04T05:22:09.000Z
"8/4/2024, 1:27:09 AM",3.661,84.4,100,0,2024-08-04T05:27:09.000Z
"8/4/2024, 1:32:09 AM",3.661,84.4,100,0,2024-08-04T05:32:09.000Z
"8/4/2024, 1:37:09 AM",3.661,84.2,100,0,2024-08-04T05:37:09.000Z
"8/4/2024, 1:42:09 AM",3.661,84,100,0,2024-08-04T05:42:09.000Z
"8/4/2024, 1:47:09 AM",3.661,84,100,0,2024-08-04T05:47:09.000Z
"8/4/2024, 1:52:09 AM",3.661,84,100,0,2024-08-04T05:52:09.000Z
"8/4/2024, 1:57:09 AM",3.661,84,100,0,2024-08-04T05:57:09.000Z
"8/4/2024, 2:02:09 AM",3.661,83.8,100,0,2024-08-04T06:02:09.000Z
"8/4/2024, 2:07:09 AM",3.661,83.8,100,0,2024-08-04T06:07:09.000Z
"8/4/2024, 2:12:09 AM",3.661,83.7,100,0,2024-08-04T06:12:09.000Z
"8/4/2024, 2:17:09 AM",3.661,83.7,100,0,2024-08-04T06:17:09.000Z
"8/4/2024, 2:22:09 AM",3.661,83.7,100,0,2024-08-04T06:22:09.000Z
"8/4/2024, 2:27:09 AM",3.661,83.7,100,0,2024-08-04T06:27:09.000Z
"8/4/2024, 2:32:09 AM",3.661,83.5,100,0,2024-08-04T06:32:09.000Z
"8/4/2024, 2:37:09 AM",3.661,83.5,100,0,2024-08-04T06:37:09.000Z
"8/4/2024, 2:42:09 AM",3.661,83.5,100,0,2024-08-04T06:42:09.000Z
"8/4/2024, 2:47:09 AM",3.661,83.5,100,0,2024-08-04T06:47:09.000Z
"8/4/2024, 2:52:09 AM",3.661,83.5,100,0,2024-08-04T06:52:09.000Z
"8/4/2024, 2:57:09 AM",3.661,83.3,100,0,2024-08-04T06:57:09.000Z
"8/4/2024, 3:02:09 AM",3.661,83.3,100,0,2024-08-04T07:02:09.000Z
"8/4/2024, 3:07:09 AM",3.661,83.3,100,0,2024-08-04T07:07:09.000Z
"8/4/2024, 3:12:09 AM",3.661,83.3,100,0,2024-08-04T07:12:09.000Z
"8/4/2024, 3:17:09 AM",3.661,83.3,100,0,2024-08-04T07:17:09.000Z
"8/4/2024, 3:22:09 AM",3.661,83.3,100,0,2024-08-04T07:22:09.000Z
"8/4/2024, 3:27:09 AM",3.661,83.1,100,0,2024-08-04T07:27:09.000Z
"8/4/2024, 3:32:09 AM",3.661,83.1,100,0,2024-08-04T07:32:09.000Z
"8/4/2024, 3:37:09 AM",3.661,83.1,100,0,2024-08-04T07:37:09.000Z
"8/4/2024, 3:42:09 AM",3.661,82.9,100,0,2024-08-04T07:42:09.000Z
"8/4/2024, 3:47:09 AM",3.661,82.9,100,0,2024-08-04T07:47:09.000Z
"8/4/2024, 3:52:09 AM",3.661,82.9,100,0,2024-08-04T07:52:09.000Z
"8/4/2024, 3:57:09 AM",3.661,82.9,100,0,2024-08-04T07:57:09.000Z
"8/4/2024, 4:02:09 AM",3.661,82.9,100,0,2024-08-04T08:02:09.000Z
"8/4/2024, 4:07:09 AM",3.661,82.9,100,0,2024-08-04T08:07:09.000Z
"8/4/2024, 4:12:09 AM",3.661,82.8,100,0,2024-08-04T08:12:09.000Z
"8/4/2024, 4:17:09 AM",3.661,82.8,100,0,2024-08-04T08:17:09.000Z
"8/4/2024, 4:22:09 AM",3.661,82.6,100,0,2024-08-04T08:22:09.000Z
"8/4/2024, 4:27:09 AM",3.661,82.6,100,0,2024-08-04T08:27:09.000Z
"8/4/2024, 4:32:09 AM",3.661,82.6,100,0,2024-08-04T08:32:09.000Z
"8/4/2024, 4:37:09 AM",3.661,82.6,100,0,2024-08-04T08:37:09.000Z
"8/4/2024, 4:42:09 AM",3.661,82.6,100,0,2024-08-04T08:42:09.000Z
"8/4/2024, 4:47:09 AM",3.661,82.4,100,0,2024-08-04T08:47:09.000Z
"8/4/2024, 4:52:09 AM",3.661,82.4,100,0,2024-08-04T08:52:09.000Z
"8/4/2024, 4:57:09 AM",3.661,82.4,100,0,2024-08-04T08:57:09.000Z
"8/4/2024, 5:02:09 AM",3.661,82.4,100,0,2024-08-04T09:02:09.000Z
"8/4/2024, 5:07:09 AM",3.661,82.2,100,0,2024-08-04T09:07:09.000Z
"8/4/2024, 5:12:09 AM",3.662,82.2,100,0,2024-08-04T09:12:09.000Z
"8/4/2024, 5:17:09 AM",3.661,82.2,100,0,2024-08-04T09:17:09.000Z
"8/4/2024, 5:22:09 AM",3.661,82.2,100,0,2024-08-04T09:22:09.000Z
"8/4/2024, 5:27:09 AM",3.661,82.2,100,0,2024-08-04T09:27:09.000Z
"8/4/2024, 5:32:09 AM",3.661,82,100,0,2024-08-04T09:32:09.000Z
"8/4/2024, 5:37:09 AM",3.661,82,100,0,2024-08-04T09:37:09.000Z
"8/4/2024, 5:42:09 AM",3.661,82,100,0,2024-08-04T09:42:09.000Z
"8/4/2024, 5:47:09 AM",3.661,82,100,0,2024-08-04T09:47:09.000Z
"8/4/2024, 5:52:09 AM",3.661,81.9,100,0,2024-08-04T09:52:09.000Z
"8/4/2024, 5:57:09 AM",3.661,81.9,100,0,2024-08-04T09:57:09.000Z
"8/4/2024, 6:02:09 AM",3.661,81.9,100,0,2024-08-04T10:02:09.000Z
"8/4/2024, 6:07:09 AM",3.661,81.9,100,0,2024-08-04T10:07:09.000Z
"8/4/2024, 6:12:09 AM",3.661,81.9,100,0,2024-08-04T10:12:09.000Z
"8/4/2024, 6:17:09 AM",3.661,81.7,100,0,2024-08-04T10:17:09.000Z
"8/4/2024, 6:22:09 AM",3.661,81.7,100,0,2024-08-04T10:22:09.000Z
"8/4/2024, 6:27:09 AM",3.661,81.7,100,0,2024-08-04T10:27:09.000Z
"8/4/2024, 6:32:09 AM",3.661,81.7,100,0,2024-08-04T10:32:09.000Z
"8/4/2024, 6:37:09 AM",3.661,81.7,100,0,2024-08-04T10:37:09.000Z
"8/4/2024, 6:42:09 AM",3.661,81.7,100,0,2024-08-04T10:42:09.000Z
"8/4/2024, 6:47:09 AM",3.661,81.7,100,0,2024-08-04T10:47:09.000Z
"8/4/2024, 6:52:09 AM",3.661,81.7,100,0,2024-08-04T10:52:09.000Z
"8/4/2024, 6:57:09 AM",3.661,81.7,100,0,2024-08-04T10:57:09.000Z
"8/4/2024, 7:02:09 AM",3.661,81.7,100,0,2024-08-04T11:02:09.000Z
"8/4/2024, 7:07:09 AM",3.661,81.9,100,0,2024-08-04T11:07:09.000Z
"8/4/2024, 7:12:09 AM",3.661,81.9,100,0,2024-08-04T11:12:09.000Z
"8/4/2024, 7:17:09 AM",3.661,82,100,0,2024-08-04T11:17:09.000Z
"8/4/2024, 7:22:09 AM",3.661,82.2,100,0,2024-08-04T11:22:09.000Z
"8/4/2024, 7:27:09 AM",3.661,82.2,100,0,2024-08-04T11:27:09.000Z
"8/4/2024, 7:32:09 AM",3.661,82.6,100,0,2024-08-04T11:32:09.000Z
"8/4/2024, 7:37:09 AM",3.661,82.8,100,0,2024-08-04T11:37:09.000Z
"8/4/2024, 7:42:09 AM",3.661,82.9,100,0,2024-08-04T11:42:09.000Z
"8/4/2024, 7:47:09 AM",3.661,83.3,100,0,2024-08-04T11:47:09.000Z
"8/4/2024, 7:52:09 AM",3.661,83.5,100,0,2024-08-04T11:52:09.000Z
"8/4/2024, 7:57:09 AM",3.661,83.8,100,0,2024-08-04T11:57:09.000Z
"8/4/2024, 8:02:09 AM",3.661,84,100,0,2024-08-04T12:02:09.000Z
"8/4/2024, 8:07:09 AM",3.661,84.2,100,0,2024-08-04T12:07:09.000Z
"8/4/2024, 8:12:09 AM",3.661,84.4,100,0,2024-08-04T12:12:09.000Z
"8/4/2024, 8:17:09 AM",3.661,84.7,100,0,2024-08-04T12:17:09.000Z
"8/4/2024, 8:22:09 AM",3.66,84.9,100,0,2024-08-04T12:22:09.000Z
"8/4/2024, 8:27:09 AM",3.661,85.3,100,0,2024-08-04T12:27:09.000Z
"8/4/2024, 8:32:09 AM",3.661,85.6,100,0,2024-08-04T12:32:09.000Z
"8/4/2024, 8:37:09 AM",3.661,86,100,0,2024-08-04T12:37:09.000Z
"8/4/2024, 8:42:09 AM",3.661,86.4,100,0,2024-08-04T12:42:09.000Z
"8/4/2024, 8:47:09 AM",3.661,86.7,100,0,2024-08-04T12:47:09.000Z
"8/4/2024, 8:52:09 AM",3.661,87.3,100,0,2024-08-04T12:52:09.000Z
"8/4/2024, 8:57:09 AM",3.66,87.6,100,0,2024-08-04T12:57:09.000Z
"8/4/2024, 9:02:09 AM",3.661,88.2,100,0,2024-08-04T13:02:09.000Z
"8/4/2024, 9:07:09 AM",3.66,88.9,100,0,2024-08-04T13:07:09.000Z
"8/4/2024, 9:12:09 AM",3.661,89.1,100,0,2024-08-04T13:12:09.000Z
"8/4/2024, 9:17:09 AM",3.66,89.6,100,0,2024-08-04T13:17:09.000Z
"8/4/2024, 9:22:09 AM",3.661,90.1,100,0,2024-08-04T13:22:09.000Z
"8/4/2024, 9:27:09 AM",3.66,90.7,100,0,2024-08-04T13:27:09.000Z
"8/4/2024, 9:32:09 AM",3.66,90.9,100,0,2024-08-04T13:32:09.000Z
"8/4/2024, 9:37:09 AM",3.66,91.4,100,0,2024-08-04T13:37:09.000Z
"8/4/2024, 9:42:09 AM",3.66,91.8,100,0,2024-08-04T13:42:09.000Z
"8/4/2024, 9:47:09 AM",3.66,92.3,100,0,2024-08-04T13:47:09.000Z
"8/4/2024, 9:52:09 AM",3.66,92.7,100,0,2024-08-04T13:52:09.000Z
"8/4/2024, 9:57:09 AM",3.66,93.2,100,0,2024-08-04T13:57:09.000Z
"8/4/2024, 10:02:09 AM",3.66,93.6,100,0,2024-08-04T14:02:09.000Z
"8/4/2024, 10:07:09 AM",3.66,93.9,100,0,2024-08-04T14:07:09.000Z
"8/4/2024, 10:12:09 AM",3.66,94.5,100,0,2024-08-04T14:12:09.000Z
"8/4/2024, 10:17:09 AM",3.66,94.8,100,0,2024-08-04T14:17:09.000Z
"8/4/2024, 10:22:09 AM",3.659,95.4,100,0,2024-08-04T14:22:09.000Z
"8/4/2024, 10:27:09 AM",3.66,95.7,100,0,2024-08-04T14:27:09.000Z
"8/4/2024, 10:32:09 AM",3.66,96.1,100,0,2024-08-04T14:32:09.000Z
"8/4/2024, 10:37:09 AM",3.659,96.4,100,0,2024-08-04T14:37:09.000Z
"8/4/2024, 10:42:09 AM",3.659,96.6,100,0,2024-08-04T14:42:09.000Z
"8/4/2024, 10:47:09 AM",3.659,97,100,0,2024-08-04T14:47:09.000Z
"8/4/2024, 10:52:09 AM",3.659,97.3,100,0,2024-08-04T14:52:09.000Z
"8/4/2024, 10:57:09 AM",3.659,97.7,100,1,2024-08-04T14:57:09.000Z
"8/4/2024, 11:02:09 AM",3.659,98.1,100,0,2024-08-04T15:02:09.000Z
"8/4/2024, 11:07:09 AM",3.659,98.2,100,0,2024-08-04T15:07:09.000Z
"8/4/2024, 11:12:09 AM",3.659,98.8,100,0,2024-08-04T15:12:09.000Z
"8/4/2024, 11:17:09 AM",3.659,99,100,0,2024-08-04T15:17:09.000Z
"8/4/2024, 11:22:09 AM",3.659,99.3,100,0,2024-08-04T15:22:09.000Z
"8/4/2024, 11:27:09 AM",3.659,99.9,100,0,2024-08-04T15:27:09.000Z
"8/4/2024, 11:32:09 AM",3.659,100.2,100,0,2024-08-04T15:32:09.000Z
"8/4/2024, 11:37:09 AM",3.658,100.6,100,0,2024-08-04T15:37:09.000Z
"8/4/2024, 11:42:09 AM",3.659,100.9,100,0,2024-08-04T15:42:09.000Z
"8/4/2024, 11:47:09 AM",3.659,101.3,100,0,2024-08-04T15:47:09.000Z
"8/4/2024, 11:52:09 AM",3.658,101.5,100,0,2024-08-04T15:52:09.000Z
"8/4/2024, 11:57:09 AM",3.659,101.8,100,0,2024-08-04T15:57:09.000Z
"8/4/2024, 12:02:09 PM",3.658,102,100,0,2024-08-04T16:02:09.000Z
"8/4/2024, 12:07:09 PM",3.658,102.4,100,0,2024-08-04T16:07:09.000Z
"8/4/2024, 12:12:09 PM",3.658,102.6,100,0,2024-08-04T16:12:09.000Z
"8/4/2024, 12:17:09 PM",3.658,102.9,100,0,2024-08-04T16:17:09.000Z
"8/4/2024, 12:22:09 PM",3.658,103.3,100,0,2024-08-04T16:22:09.000Z
"8/4/2024, 12:27:09 PM",3.658,103.8,100,0,2024-08-04T16:27:09.000Z
"8/4/2024, 12:32:09 PM",3.658,103.8,100,0,2024-08-04T16:32:09.000Z
"8/4/2024, 12:37:09 PM",3.657,104.4,100,0,2024-08-04T16:37:09.000Z
"8/4/2024, 12:42:09 PM",3.658,104.7,100,0,2024-08-04T16:42:09.000Z
"8/4/2024, 12:47:09 PM",3.658,105.3,100,0,2024-08-04T16:47:09.000Z
"8/4/2024, 12:52:09 PM",3.658,105.6,100,0,2024-08-04T16:52:09.000Z
"8/4/2024, 12:57:09 PM",3.657,106.2,100,0,2024-08-04T16:57:09.000Z
"8/4/2024, 1:02:09 PM",3.657,106.5,100,0,2024-08-04T17:02:09.000Z
"8/4/2024, 1:07:09 PM",3.657,106.9,100,0,2024-08-04T17:07:09.000Z
"8/4/2024, 1:12:09 PM",3.657,107.4,100,0,2024-08-04T17:12:09.000Z
"8/4/2024, 1:17:09 PM",3.657,107.2,100,0,2024-08-04T17:17:09.000Z
"8/4/2024, 1:22:09 PM",3.657,107.2,100,0,2024-08-04T17:22:09.000Z
"8/4/2024, 1:27:09 PM",3.657,107.6,100,0,2024-08-04T17:27:09.000Z
"8/4/2024, 1:32:09 PM",3.657,107.6,100,0,2024-08-04T17:32:09.000Z
"8/4/2024, 1:37:09 PM",3.658,107.8,100,0,2024-08-04T17:37:09.000Z
"8/4/2024, 1:42:09 PM",3.657,108,99.6,0,2024-08-04T17:42:09.000Z
"8/4/2024, 1:47:09 PM",3.658,108,98.6,0,2024-08-04T17:47:09.000Z
"8/4/2024, 1:52:09 PM",3.657,108.1,97.7,0,2024-08-04T17:52:09.000Z
"8/4/2024, 1:57:09 PM",3.657,108.3,97,0,2024-08-04T17:57:09.000Z
"8/4/2024, 2:02:09 PM",3.657,108.7,96.3,0,2024-08-04T18:02:09.000Z
"8/4/2024, 2:07:09 PM",3.657,108.9,95.3,0,2024-08-04T18:07:09.000Z
"8/4/2024, 2:12:09 PM",3.657,109.2,93.8,0,2024-08-04T18:12:09.000Z
"8/4/2024, 2:17:09 PM",3.657,109.6,92.8,0,2024-08-04T18:17:09.000Z
"8/4/2024, 2:22:09 PM",3.657,109.8,92.2,0,2024-08-04T18:22:09.000Z
"8/4/2024, 2:27:09 PM",3.657,109.9,92,0,2024-08-04T18:27:09.000Z
"8/4/2024, 2:32:09 PM",3.657,110.1,91.7,0,2024-08-04T18:32:09.000Z
"8/4/2024, 2:37:09 PM",3.657,110.3,91.4,0,2024-08-04T18:37:09.000Z
"8/4/2024, 2:42:09 PM",3.657,110.5,90.9,0,2024-08-04T18:42:09.000Z
"8/4/2024, 2:47:09 PM",3.658,110.7,89.9,0,2024-08-04T18:47:09.000Z
"8/4/2024, 2:52:09 PM",3.657,110.8,88.3,0,2024-08-04T18:52:09.000Z
"8/4/2024, 2:57:09 PM",3.657,110.8,88.1,0,2024-08-04T18:57:09.000Z
"8/4/2024, 3:02:09 PM",3.657,110.8,87.4,0,2024-08-04T19:02:09.000Z
"8/4/2024, 3:07:09 PM",3.657,111,86,0,2024-08-04T19:07:09.000Z
"8/4/2024, 3:12:09 PM",3.657,111,84.2,0,2024-08-04T19:12:09.000Z
"8/4/2024, 3:17:09 PM",3.657,111,82.6,0,2024-08-04T19:17:09.000Z
"8/4/2024, 3:22:09 PM",3.657,111,81.5,0,2024-08-04T19:22:09.000Z
"8/4/2024, 3:27:09 PM",3.657,111.2,80.5,0,2024-08-04T19:27:09.000Z
"8/4/2024, 3:32:09 PM",3.657,111,78.8,0,2024-08-04T19:32:09.000Z
"8/4/2024, 3:37:09 PM",3.658,111,77.5,0,2024-08-04T19:37:09.000Z
"8/4/2024, 3:42:09 PM",3.658,110.8,78.1,0,2024-08-04T19:42:09.000Z
"8/4/2024, 3:47:09 PM",3.658,111,78.7,0,2024-08-04T19:47:09.000Z
"8/4/2024, 3:52:09 PM",3.657,110.8,79.4,0,2024-08-04T19:52:09.000Z
"8/4/2024, 3:57:09 PM",3.658,110.8,79.1,0,2024-08-04T19:57:09.000Z
"8/4/2024, 4:02:09 PM",3.657,110.8,79.1,0,2024-08-04T20:02:09.000Z
"8/4/2024, 4:07:09 PM",3.657,111,78.6,0,2024-08-04T20:07:09.000Z
"8/4/2024, 4:12:09 PM",3.657,111,77.8,0,2024-08-04T20:12:09.000Z
"8/4/2024, 4:17:09 PM",3.658,111,76.5,0,2024-08-04T20:17:09.000Z
"8/4/2024, 4:22:09 PM",3.657,111,75.7,0,2024-08-04T20:22:09.000Z
"8/4/2024, 4:27:09 PM",3.658,111,75.7,0,2024-08-04T20:27:09.000Z
"8/4/2024, 4:32:09 PM",3.658,110.8,77.1,0,2024-08-04T20:32:09.000Z
"8/4/2024, 4:37:09 PM",3.658,110.8,78,0,2024-08-04T20:37:09.000Z
"8/4/2024, 4:42:09 PM",3.658,110.8,78.2,0,2024-08-04T20:42:09.000Z
"8/4/2024, 4:47:09 PM",3.658,110.7,78.8,0,2024-08-04T20:47:09.000Z
"8/4/2024, 4:52:09 PM",3.657,110.5,79.5,0,2024-08-04T20:52:09.000Z
"8/4/2024, 4:57:09 PM",3.658,110.3,79.6,0,2024-08-04T20:57:09.000Z
"8/4/2024, 5:02:09 PM",3.658,110.1,77.9,0,2024-08-04T21:02:09.000Z
"8/4/2024, 5:07:09 PM",3.658,109.9,77.1,0,2024-08-04T21:07:09.000Z
"8/4/2024, 5:12:09 PM",3.658,109.8,77.3,0,2024-08-04T21:12:09.000Z
"8/4/2024, 5:17:09 PM",3.658,109.4,78.1,0,2024-08-04T21:17:09.000Z
"8/4/2024, 5:22:09 PM",3.659,109,78.9,0,2024-08-04T21:22:09.000Z
"8/4/2024, 5:27:09 PM",3.658,108.9,79.1,0,2024-08-04T21:27:09.000Z
"8/4/2024, 5:32:09 PM",3.659,108.1,78.1,0,2024-08-04T21:32:09.000Z
"8/4/2024, 5:37:09 PM",3.659,107.6,77.4,0,2024-08-04T21:37:09.000Z
"8/4/2024, 5:42:09 PM",3.659,107.2,77.3,0,2024-08-04T21:42:09.000Z
"8/4/2024, 5:47:09 PM",3.659,106.9,77.9,0,2024-08-04T21:47:09.000Z
"8/4/2024, 5:52:09 PM",3.659,106.5,78.7,0,2024-08-04T21:52:09.000Z
"8/4/2024, 5:57:09 PM",3.659,106.2,79.6,0,2024-08-04T21:57:09.000Z
"8/4/2024, 6:02:09 PM",3.659,105.6,80.4,0,2024-08-04T22:02:09.000Z
"8/4/2024, 6:07:09 PM",3.659,104.9,80.9,0,2024-08-04T22:07:09.000Z
"8/4/2024, 6:12:09 PM",3.66,104.4,81.4,0,2024-08-04T22:12:09.000Z
"8/4/2024, 6:17:09 PM",3.659,104,82,0,2024-08-04T22:17:09.000Z
"8/4/2024, 6:22:09 PM",3.659,103.8,82.8,0,2024-08-04T22:22:09.000Z
"8/4/2024, 6:27:09 PM",3.66,103.5,83.4,0,2024-08-04T22:27:09.000Z
"8/4/2024, 6:32:09 PM",3.66,102.9,84.1,0,2024-08-04T22:32:09.000Z
"8/4/2024, 6:37:09 PM",3.66,102.4,84.6,0,2024-08-04T22:37:09.000Z
"8/4/2024, 6:42:09 PM",3.66,101.8,85.2,0,2024-08-04T22:42:09.000Z
"8/4/2024, 6:47:09 PM",3.661,101.3,85.7,0,2024-08-04T22:47:09.000Z
"8/4/2024, 6:52:09 PM",3.661,100.8,86.3,0,2024-08-04T22:52:09.000Z
"8/4/2024, 6:57:09 PM",3.661,100.4,86.9,0,2024-08-04T22:57:09.000Z
"8/4/2024, 7:02:09 PM",3.661,100,87.6,0,2024-08-04T23:02:09.000Z
"8/4/2024, 7:07:09 PM",3.66,99.5,88.2,0,2024-08-04T23:07:09.000Z
"8/4/2024, 7:12:09 PM",3.661,99.1,88.9,0,2024-08-04T23:12:09.000Z
"8/4/2024, 7:17:09 PM",3.661,99,89.6,0,2024-08-04T23:17:09.000Z
"8/4/2024, 7:22:09 PM",3.661,98.4,90.1,0,2024-08-04T23:22:09.000Z
"8/4/2024, 7:27:09 PM",3.661,97.9,90.6,0,2024-08-04T23:27:09.000Z
"8/4/2024, 7:32:09 PM",3.661,97.5,90.9,0,2024-08-04T23:32:09.000Z
"8/4/2024, 7:37:09 PM",3.662,97.3,91.4,0,2024-08-04T23:37:09.000Z
"8/4/2024, 7:42:09 PM",3.661,97,91.8,0,2024-08-04T23:42:09.000Z
"8/4/2024, 7:47:09 PM",3.662,96.6,92.2,0,2024-08-04T23:47:09.000Z
"8/4/2024, 7:52:09 PM",3.661,96.3,92.5,0,2024-08-04T23:52:09.000Z
"8/4/2024, 7:57:09 PM",3.662,95.9,92.8,0,2024-08-04T23:57:09.000Z
"8/4/2024, 8:02:09 PM",3.662,95.5,93,0,2024-08-05T00:02:09.000Z
"8/4/2024, 8:07:09 PM",3.662,95,93.3,0,2024-08-05T00:07:09.000Z
"8/4/2024, 8:12:09 PM",3.662,94.6,93.4,0,2024-08-05T00:12:09.000Z
"8/4/2024, 8:17:09 PM",3.662,94.1,93.5,0,2024-08-05T00:17:09.000Z
"8/4/2024, 8:22:09 PM",3.662,93.7,93.7,0,2024-08-05T00:22:09.000Z
"8/4/2024, 8:27:09 PM",3.662,93.2,93.9,0,2024-08-05T00:27:09.000Z
"8/4/2024, 8:32:09 PM",3.662,92.8,94,0,2024-08-05T00:32:09.000Z
"8/4/2024, 8:37:09 PM",3.662,92.5,94.2,0,2024-08-05T00:37:09.000Z
"8/4/2024, 8:42:09 PM",3.663,92.1,94.3,0,2024-08-05T00:42:09.000Z
"8/4/2024, 8:47:09 PM",3.662,91.6,94.4,0,2024-08-05T00:47:09.000Z
"8/4/2024, 8:52:09 PM",3.662,91.2,94.6,0,2024-08-05T00:52:09.000Z
"8/4/2024, 8:57:09 PM",3.662,91,94.8,0,2024-08-05T00:57:09.000Z
"8/4/2024, 9:02:09 PM",3.662,90.7,94.9,0,2024-08-05T01:02:09.000Z
"8/4/2024, 9:07:09 PM",3.662,90.3,95.1,0,2024-08-05T01:07:09.000Z
"8/4/2024, 9:12:09 PM",3.662,90,95.3,0,2024-08-05T01:12:09.000Z
"8/4/2024, 9:17:09 PM",3.663,89.8,95.4,0,2024-08-05T01:17:09.000Z
"8/4/2024, 9:22:09 PM",3.663,89.4,95.6,0,2024-08-05T01:22:09.000Z
"8/4/2024, 9:27:09 PM",3.663,89.2,95.7,0,2024-08-05T01:27:09.000Z
"8/4/2024, 9:32:09 PM",3.663,88.9,96,0,2024-08-05T01:32:09.000Z
"8/4/2024, 9:37:09 PM",3.663,88.9,96.1,0,2024-08-05T01:37:09.000Z
"8/4/2024, 9:42:09 PM",3.663,88.9,96.3,0,2024-08-05T01:42:09.000Z
"8/4/2024, 9:47:09 PM",3.663,88.5,96.5,0,2024-08-05T01:47:09.000Z
"8/4/2024, 9:52:09 PM",3.663,88.2,96.7,0,2024-08-05T01:52:09.000Z
"8/4/2024, 9:57:09 PM",3.663,88.2,96.8,0,2024-08-05T01:57:09.000Z
"8/4/2024, 10:02:09 PM",3.663,88,96.9,0,2024-08-05T02:02:09.000Z
"8/4/2024, 10:07:09 PM",3.663,87.8,97.1,0,2024-08-05T02:07:09.000Z
"8/4/2024, 10:12:09 PM",3.663,87.6,97.3,0,2024-08-05T02:12:09.000Z
"8/4/2024, 10:17:09 PM",3.663,87.4,97.4,0,2024-08-05T02:17:09.000Z
"8/4/2024, 10:22:09 PM",3.663,87.4,97.6,0,2024-08-05T02:22:09.000Z
"8/4/2024, 10:27:09 PM",3.663,87.4,97.8,0,2024-08-05T02:27:09.000Z
"8/4/2024, 10:32:09 PM",3.663,87.3,97.9,0,2024-08-05T02:32:09.000Z
"8/4/2024, 10:37:09 PM",3.663,87.3,98.1,0,2024-08-05T02:37:09.000Z
"8/4/2024, 10:42:09 PM",3.664,87.3,98.2,0,2024-08-05T02:42:09.000Z
"8/4/2024, 10:47:09 PM",3.663,87.3,98.4,0,2024-08-05T02:47:09.000Z
"8/4/2024, 10:52:09 PM",3.663,87.3,98.6,0,2024-08-05T02:52:09.000Z
"8/4/2024, 10:57:09 PM",3.664,87.3,98.8,0,2024-08-05T02:57:09.000Z
"8/4/2024, 11:02:09 PM",3.663,87.3,98.9,0,2024-08-05T03:02:09.000Z
"8/4/2024, 11:07:09 PM",3.663,87.3,99,0,2024-08-05T03:07:09.000Z
"8/4/2024, 11:12:09 PM",3.663,87.3,99.1,0,2024-08-05T03:12:09.000Z
"8/4/2024, 11:17:09 PM",3.663,87.3,99.3,0,2024-08-05T03:17:09.000Z
"8/4/2024, 11:22:09 PM",3.664,87.1,99.4,0,2024-08-05T03:22:09.000Z
"8/4/2024, 11:27:09 PM",3.663,87.1,99.5,0,2024-08-05T03:27:09.000Z
"8/4/2024, 11:32:09 PM",3.664,87.1,99.6,0,2024-08-05T03:32:09.000Z
"8/4/2024, 11:37:09 PM",3.663,87.1,99.7,0,2024-08-05T03:37:09.000Z
"8/4/2024, 11:42:09 PM",3.663,86.9,99.7,0,2024-08-05T03:42:09.000Z
"8/4/2024, 11:47:09 PM",3.663,86.9,99.8,0,2024-08-05T03:47:09.000Z
"8/4/2024, 11:52:09 PM",3.663,86.9,99.9,0,2024-08-05T03:52:09.000Z
"8/4/2024, 11:57:09 PM",3.663,86.7,100,0,2024-08-05T03:57:09.000Z
"8/5/2024, 12:02:09 AM",3.663,86.7,100,0,2024-08-05T04:02:09.000Z
"8/5/2024, 12:07:09 AM",3.663,86.5,100,0,2024-08-05T04:07:09.000Z
"8/5/2024, 12:12:09 AM",3.663,86.5,100,0,2024-08-05T04:12:09.000Z
"8/5/2024, 12:17:09 AM",3.663,86.5,100,0,2024-08-05T04:17:09.000Z
"8/5/2024, 12:22:09 AM",3.663,86.5,100,0,2024-08-05T04:22:09.000Z
"8/5/2024, 12:27:09 AM",3.663,86.4,100,0,2024-08-05T04:27:09.000Z
"8/5/2024, 12:32:09 AM",3.663,86.4,100,0,2024-08-05T04:32:09.000Z
"8/5/2024, 12:37:09 AM",3.663,86.4,100,0,2024-08-05T04:37:09.000Z
"8/5/2024, 12:42:09 AM",3.663,86.2,100,0,2024-08-05T04:42:09.000Z
"8/5/2024, 12:47:09 AM",3.663,86.2,100,0,2024-08-05T04:47:09.000Z
"8/5/2024, 12:52:09 AM",3.664,86.2,100,0,2024-08-05T04:52:09.000Z
"8/5/2024, 12:57:09 AM",3.663,86,100,0,2024-08-05T04:57:09.000Z
"8/5/2024, 1:02:09 AM",3.663,86,100,0,2024-08-05T05:02:09.000Z
"8/5/2024, 1:07:09 AM",3.663,86,100,0,2024-08-05T05:07:09.000Z
"8/5/2024, 1:12:09 AM",3.663,85.8,100,0,2024-08-05T05:12:09.000Z
"8/5/2024, 1:17:09 AM",3.663,85.8,100,0,2024-08-05T05:17:09.000Z
"8/5/2024, 1:22:09 AM",3.664,85.6,100,0,2024-08-05T05:22:09.000Z
"8/5/2024, 1:27:09 AM",3.663,85.6,100,0,2024-08-05T05:27:09.000Z
"8/5/2024, 1:32:09 AM",3.663,85.5,100,0,2024-08-05T05:32:09.000Z
"8/5/2024, 1:37:09 AM",3.663,85.3,100,0,2024-08-05T05:37:09.000Z
"8/5/2024, 1:42:09 AM",3.663,85.3,100,0,2024-08-05T05:42:09.000Z
"8/5/2024, 1:47:09 AM",3.663,85.3,100,0,2024-08-05T05:47:09.000Z
"8/5/2024, 1:52:09 AM",3.663,85.1,100,0,2024-08-05T05:52:09.000Z
"8/5/2024, 1:57:09 AM",3.663,85.1,100,0,2024-08-05T05:57:09.000Z
"8/5/2024, 2:02:09 AM",3.663,84.9,100,0,2024-08-05T06:02:09.000Z
"8/5/2024, 2:07:09 AM",3.664,84.9,100,0,2024-08-05T06:07:09.000Z
"8/5/2024, 2:12:09 AM",3.663,84.9,100,0,2024-08-05T06:12:09.000Z
"8/5/2024, 2:17:09 AM",3.664,84.7,100,0,2024-08-05T06:17:09.000Z
"8/5/2024, 2:22:09 AM",3.664,84.7,100,0,2024-08-05T06:22:09.000Z
"8/5/2024, 2:27:09 AM",3.663,84.6,100,0,2024-08-05T06:27:09.000Z
"8/5/2024, 2:32:09 AM",3.663,84.6,100,0,2024-08-05T06:32:09.000Z
"8/5/2024, 2:37:09 AM",3.663,84.6,100,0,2024-08-05T06:37:09.000Z
"8/5/2024, 2:42:09 AM",3.664,84.6,100,0,2024-08-05T06:42:09.000Z
"8/5/2024, 2:47:09 AM",3.663,84.4,100,0,2024-08-05T06:47:09.000Z
"8/5/2024, 2:52:09 AM",3.664,84.4,100,0,2024-08-05T06:52:09.000Z
"8/5/2024, 2:57:09 AM",3.663,84.4,100,0,2024-08-05T06:57:09.000Z
"8/5/2024, 3:02:09 AM",3.664,84.4,100,0,2024-08-05T07:02:09.000Z
"8/5/2024, 3:07:09 AM",3.663,84.4,100,0,2024-08-05T07:07:09.000Z
"8/5/2024, 3:12:09 AM",3.664,84.4,100,0,2024-08-05T07:12:09.000Z
"8/5/2024, 3:17:09 AM",3.664,84.2,100,0,2024-08-05T07:17:09.000Z
"8/5/2024, 3:22:09 AM",3.664,84.2,100,0,2024-08-05T07:22:09.000Z
"8/5/2024, 3:27:09 AM",3.663,84.2,100,0,2024-08-05T07:27:09.000Z
"8/5/2024, 3:32:09 AM",3.664,84,100,0,2024-08-05T07:32:09.000Z
"8/5/2024, 3:37:09 AM",3.663,84,100,0,2024-08-05T07:37:09.000Z
"8/5/2024, 3:42:09 AM",3.664,84,100,0,2024-08-05T07:42:09.000Z
"8/5/2024, 3:47:09 AM",3.663,84,100,0,2024-08-05T07:47:09.000Z
"8/5/2024, 3:52:09 AM",3.664,84,100,0,2024-08-05T07:52:09.000Z
"8/5/2024, 3:57:09 AM",3.664,84,100,0,2024-08-05T07:57:09.000Z
"8/5/2024, 4:02:09 AM",3.663,84,100,0,2024-08-05T08:02:09.000Z
"8/5/2024, 4:07:09 AM",3.663,84,100,0,2024-08-05T08:07:09.000Z
"8/5/2024, 4:12:09 AM",3.663,84,100,1,2024-08-05T08:12:09.000Z
"8/5/2024, 4:17:09 AM",3.664,84,100,0,2024-08-05T08:17:09.000Z
"8/5/2024, 4:22:09 AM",3.663,84,100,1,2024-08-05T08:22:09.000Z
"8/5/2024, 4:27:09 AM",3.663,83.8,100,1,2024-08-05T08:27:09.000Z
"8/5/2024, 4:32:09 AM",3.664,83.8,100,0,2024-08-05T08:32:09.000Z
"8/5/2024, 4:37:09 AM",3.663,83.7,100,1,2024-08-05T08:37:09.000Z
"8/5/2024, 4:42:09 AM",3.664,83.7,100,1,2024-08-05T08:42:09.000Z
"8/5/2024, 4:47:09 AM",3.664,83.8,100,1,2024-08-05T08:47:09.000Z
"8/5/2024, 4:52:09 AM",3.664,83.7,100,1,2024-08-05T08:52:09.000Z
"8/5/2024, 4:57:09 AM",3.663,83.7,100,1,2024-08-05T08:57:09.000Z
"8/5/2024, 5:02:09 AM",3.664,83.7,100,1,2024-08-05T09:02:09.000Z
"8/5/2024, 5:07:09 AM",3.664,83.5,100,1,2024-08-05T09:07:09.000Z
"8/5/2024, 5:12:09 AM",3.664,83.5,100,1,2024-08-05T09:12:09.000Z
"8/5/2024, 5:17:09 AM",3.663,83.5,100,1,2024-08-05T09:17:09.000Z
"8/5/2024, 5:22:09 AM",3.664,83.5,100,1,2024-08-05T09:22:09.000Z
"8/5/2024, 5:27:09 AM",3.664,83.5,100,1,2024-08-05T09:27:09.000Z
"8/5/2024, 5:32:09 AM",3.664,83.5,100,1,2024-08-05T09:32:09.000Z
"8/5/2024, 5:37:09 AM",3.664,83.3,100,1,2024-08-05T09:37:09.000Z
"8/5/2024, 5:42:09 AM",3.663,83.3,100,1,2024-08-05T09:42:09.000Z
"8/5/2024, 5:47:09 AM",3.664,83.1,100,1,2024-08-05T09:47:09.000Z
"8/5/2024, 5:52:09 AM",3.664,83.1,100,1,2024-08-05T09:52:09.000Z
"8/5/2024, 5:57:09 AM",3.664,83.1,100,1,2024-08-05T09:57:09.000Z
"8/5/2024, 6:02:09 AM",3.664,83.1,100,1,2024-08-05T10:02:09.000Z
"8/5/2024, 6:07:09 AM",3.664,82.9,100,1,2024-08-05T10:07:09.000Z
"8/5/2024, 6:12:09 AM",3.663,82.9,100,1,2024-08-05T10:12:09.000Z
"8/5/2024, 6:17:09 AM",3.663,82.9,100,1,2024-08-05T10:17:09.000Z
"8/5/2024, 6:22:09 AM",3.664,82.9,100,1,2024-08-05T10:22:09.000Z
"8/5/2024, 6:27:09 AM",3.663,82.9,100,1,2024-08-05T10:27:09.000Z
"8/5/2024, 6:32:09 AM",3.663,82.9,100,1,2024-08-05T10:32:09.000Z
"8/5/2024, 6:37:09 AM",3.664,82.9,100,1,2024-08-05T10:37:09.000Z
"8/5/2024, 6:42:09 AM",3.664,82.8,100,1,2024-08-05T10:42:09.000Z
"8/5/2024, 6:47:09 AM",3.664,82.8,100,1,2024-08-05T10:47:09.000Z
"8/5/2024, 6:52:09 AM",3.664,82.8,100,0,2024-08-05T10:52:09.000Z
"8/5/2024, 6:57:09 AM",3.664,82.8,100,0,2024-08-05T10:57:09.000Z
"8/5/2024, 7:02:09 AM",3.664,82.6,100,1,2024-08-05T11:02:09.000Z
"8/5/2024, 7:07:09 AM",3.664,82.6,100,1,2024-08-05T11:07:09.000Z
"8/5/2024, 7:12:09 AM",3.663,82.8,100,0,2024-08-05T11:12:09.000Z
"8/5/2024, 7:17:09 AM",3.663,82.8,100,1,2024-08-05T11:17:09.000Z
"8/5/2024, 7:22:09 AM",3.663,82.9,100,0,2024-08-05T11:22:09.000Z
"8/5/2024, 7:27:09 AM",3.663,83.1,100,0,2024-08-05T11:27:09.000Z
"8/5/2024, 7:32:09 AM",3.663,83.3,100,0,2024-08-05T11:32:09.000Z
"8/5/2024, 7:37:09 AM",3.663,83.5,100,0,2024-08-05T11:37:09.000Z
"8/5/2024, 7:42:09 AM",3.663,83.7,100,0,2024-08-05T11:42:09.000Z
"8/5/2024, 7:47:09 AM",3.663,83.8,100,0,2024-08-05T11:47:09.000Z
"8/5/2024, 7:52:09 AM",3.664,84,100,0,2024-08-05T11:52:09.000Z
"8/5/2024, 7:57:09 AM",3.663,84.2,100,1,2024-08-05T11:57:09.000Z
"8/5/2024, 8:02:09 AM",3.663,84.4,100,0,2024-08-05T12:02:09.000Z
"8/5/2024, 8:07:09 AM",3.663,84.7,100,0,2024-08-05T12:07:09.000Z
"8/5/2024, 8:12:09 AM",3.664,85.1,100,1,2024-08-05T12:12:09.000Z
"8/5/2024, 8:17:09 AM",3.663,85.5,100,1,2024-08-05T12:17:09.000Z
"8/5/2024, 8:22:09 AM",3.663,85.8,100,0,2024-08-05T12:22:09.000Z
"8/5/2024, 8:27:09 AM",3.664,86.2,100,0,2024-08-05T12:27:09.000Z
"8/5/2024, 8:32:09 AM",3.663,86.5,100,0,2024-08-05T12:32:09.000Z
"8/5/2024, 8:37:09 AM",3.663,86.9,100,0,2024-08-05T12:37:09.000Z
"8/5/2024, 8:42:09 AM",3.663,87.3,100,1,2024-08-05T12:42:09.000Z
"8/5/2024, 8:47:09 AM",3.663,87.6,100,1,2024-08-05T12:47:09.000Z
"8/5/2024, 8:52:09 AM",3.663,88.2,100,0,2024-08-05T12:52:09.000Z
"8/5/2024, 8:57:09 AM",3.663,88.5,100,1,2024-08-05T12:57:09.000Z
"8/5/2024, 9:02:09 AM",3.663,88.9,100,1,2024-08-05T13:02:09.000Z
"8/5/2024, 9:07:09 AM",3.663,89.2,100,1,2024-08-05T13:07:09.000Z
"8/5/2024, 9:12:09 AM",3.663,89.6,100,1,2024-08-05T13:12:09.000Z
"8/5/2024, 9:17:09 AM",3.663,90,100,1,2024-08-05T13:17:09.000Z
"8/5/2024, 9:22:09 AM",3.662,90.1,100,1,2024-08-05T13:22:09.000Z
"8/5/2024, 9:27:09 AM",3.663,90.5,100,0,2024-08-05T13:27:09.000Z
"8/5/2024, 9:32:09 AM",3.662,90.7,100,0,2024-08-05T13:32:09.000Z
"8/5/2024, 9:37:09 AM",3.662,91,100,0,2024-08-05T13:37:09.000Z
"8/5/2024, 9:42:09 AM",3.662,91.4,100,0,2024-08-05T13:42:09.000Z
"8/5/2024, 9:47:09 AM",3.662,91.6,100,0,2024-08-05T13:47:09.000Z
"8/5/2024, 9:52:09 AM",3.662,91.9,100,0,2024-08-05T13:52:09.000Z
"8/5/2024, 9:57:09 AM",3.662,92.3,100,0,2024-08-05T13:57:09.000Z
"8/5/2024, 10:02:09 AM",3.663,92.5,100,0,2024-08-05T14:02:09.000Z
"8/5/2024, 10:07:09 AM",3.662,92.8,100,0,2024-08-05T14:07:09.000Z
"8/5/2024, 10:12:09 AM",3.662,93.2,100,0,2024-08-05T14:12:09.000Z
"8/5/2024, 10:17:09 AM",3.662,93.6,100,0,2024-08-05T14:17:09.000Z
"8/5/2024, 10:22:09 AM",3.662,93.9,100,0,2024-08-05T14:22:09.000Z
"8/5/2024, 10:27:09 AM",3.662,94.1,100,0,2024-08-05T14:27:09.000Z
"8/5/2024, 10:32:09 AM",3.662,94.5,100,0,2024-08-05T14:32:09.000Z
"8/5/2024, 10:37:09 AM",3.662,94.8,100,0,2024-08-05T14:37:09.000Z
"8/5/2024, 10:42:09 AM",3.662,95.2,100,0,2024-08-05T14:42:09.000Z
"8/5/2024, 10:47:09 AM",3.662,95.7,100,0,2024-08-05T14:47:09.000Z
"8/5/2024, 10:52:09 AM",3.662,96.3,100,0,2024-08-05T14:52:09.000Z
"8/5/2024, 10:57:09 AM",3.661,96.6,100,0,2024-08-05T14:57:09.000Z
"8/5/2024, 11:02:09 AM",3.661,97.2,100,0,2024-08-05T15:02:09.000Z
"8/5/2024, 11:07:09 AM",3.661,97.7,100,0,2024-08-05T15:07:09.000Z
"8/5/2024, 11:12:09 AM",3.661,98.1,100,0,2024-08-05T15:12:09.000Z
"8/5/2024, 11:17:09 AM",3.661,98.4,100,0,2024-08-05T15:17:09.000Z
"8/5/2024, 11:22:09 AM",3.661,99,100,0,2024-08-05T15:22:09.000Z
"8/5/2024, 11:27:09 AM",3.661,99,100,0,2024-08-05T15:27:09.000Z
"8/5/2024, 11:32:09 AM",3.66,99.5,100,0,2024-08-05T15:32:09.000Z
"8/5/2024, 11:37:09 AM",3.661,99.7,100,0,2024-08-05T15:37:09.000Z
"8/5/2024, 11:42:09 AM",3.661,100,100,0,2024-08-05T15:42:09.000Z
"8/5/2024, 11:47:09 AM",3.66,100.4,100,0,2024-08-05T15:47:09.000Z
"8/5/2024, 11:52:09 AM",3.661,100.6,100,0,2024-08-05T15:52:09.000Z
"8/5/2024, 11:57:09 AM",3.66,100.9,100,0,2024-08-05T15:57:09.000Z
"8/5/2024, 12:02:09 PM",3.661,101.1,100,0,2024-08-05T16:02:09.000Z
"8/5/2024, 12:07:09 PM",3.66,101.3,100,0,2024-08-05T16:07:09.000Z
"8/5/2024, 12:12:09 PM",3.66,101.5,100,0,2024-08-05T16:12:09.000Z
"8/5/2024, 12:17:09 PM",3.66,101.7,100,0,2024-08-05T16:17:09.000Z
"8/5/2024, 12:22:09 PM",3.66,102,100,0,2024-08-05T16:22:09.000Z
"8/5/2024, 12:27:09 PM",3.66,102.2,100,0,2024-08-05T16:27:09.000Z
"8/5/2024, 12:32:09 PM",3.66,102.2,100,0,2024-08-05T16:32:09.000Z
"8/5/2024, 12:37:09 PM",3.66,102.4,100,0,2024-08-05T16:37:09.000Z
"8/5/2024, 12:42:09 PM",3.66,102.4,100,0,2024-08-05T16:42:09.000Z
"8/5/2024, 12:47:09 PM",3.66,102.6,100,0,2024-08-05T16:47:09.000Z
"8/5/2024, 12:52:09 PM",3.66,102.9,100,0,2024-08-05T16:52:09.000Z
"8/5/2024, 12:57:09 PM",3.66,103.3,100,0,2024-08-05T16:57:09.000Z
"8/5/2024, 1:02:09 PM",3.66,103.8,100,0,2024-08-05T17:02:09.000Z
"8/5/2024, 1:07:09 PM",3.66,104.2,100,0,2024-08-05T17:07:09.000Z
"8/5/2024, 1:12:09 PM",3.66,104.4,100,0,2024-08-05T17:12:09.000Z
"8/5/2024, 1:17:09 PM",3.66,104.5,100,0,2024-08-05T17:17:09.000Z
"8/5/2024, 1:22:09 PM",3.66,104.9,99.8,0,2024-08-05T17:22:09.000Z
"8/5/2024, 1:27:09 PM",3.66,105.3,98.2,0,2024-08-05T17:27:09.000Z
"8/5/2024, 1:32:09 PM",3.66,105.6,96.6,0,2024-08-05T17:32:09.000Z
"8/5/2024, 1:37:09 PM",3.66,105.8,94.8,0,2024-08-05T17:37:09.000Z
"8/5/2024, 1:42:09 PM",3.66,106,92.8,0,2024-08-05T17:42:09.000Z
"8/5/2024, 1:47:09 PM",3.66,106.3,90.9,0,2024-08-05T17:47:09.000Z
"8/5/2024, 1:52:09 PM",3.659,106.7,89.1,0,2024-08-05T17:52:09.000Z
"8/5/2024, 1:57:09 PM",3.66,107.1,87.8,0,2024-08-05T17:57:09.000Z
"8/5/2024, 2:02:09 PM",3.659,107.1,86.6,0,2024-08-05T18:02:09.000Z
"8/5/2024, 2:07:09 PM",3.66,107.1,85,0,2024-08-05T18:07:09.000Z
"8/5/2024, 2:12:09 PM",3.66,106.9,83.3,0,2024-08-05T18:12:09.000Z
"8/5/2024, 2:17:09 PM",3.66,106.5,81.8,0,2024-08-05T18:17:09.000Z
"8/5/2024, 2:22:09 PM",3.66,106.5,80.2,0,2024-08-05T18:22:09.000Z
"8/5/2024, 2:27:09 PM",3.66,106.9,79.2,0,2024-08-05T18:27:09.000Z
"8/5/2024, 2:32:09 PM",3.66,106.9,78.3,0,2024-08-05T18:32:09.000Z
"8/5/2024, 2:37:09 PM",3.659,107.2,77.7,0,2024-08-05T18:37:09.000Z
"8/5/2024, 2:42:09 PM",3.659,107.6,77,0,2024-08-05T18:42:09.000Z
"8/5/2024, 2:47:09 PM",3.659,107.6,76.2,0,2024-08-05T18:47:09.000Z
"8/5/2024, 2:52:09 PM",3.659,107.6,75.6,0,2024-08-05T18:52:09.000Z
"8/5/2024, 2:57:09 PM",3.659,107.4,74.8,0,2024-08-05T18:57:09.000Z
"8/5/2024, 3:02:09 PM",3.66,107.1,74.1,0,2024-08-05T19:02:09.000Z
"8/5/2024, 3:07:09 PM",3.66,106.3,73.5,0,2024-08-05T19:07:09.000Z
"8/5/2024, 3:12:09 PM",3.66,105.8,73.2,0,2024-08-05T19:12:09.000Z
"8/5/2024, 3:17:09 PM",3.659,105.4,72.9,0,2024-08-05T19:17:09.000Z
"8/5/2024, 3:22:09 PM",3.66,105.4,73.7,0,2024-08-05T19:22:09.000Z
"8/5/2024, 3:27:09 PM",3.66,105.6,73.9,0,2024-08-05T19:27:09.000Z
"8/5/2024, 3:32:09 PM",3.66,106.2,74.2,0,2024-08-05T19:32:09.000Z
"8/5/2024, 3:37:09 PM",3.66,106.7,74,0,2024-08-05T19:37:09.000Z
"8/5/2024, 3:42:09 PM",3.66,107.1,73.4,0,2024-08-05T19:42:09.000Z
"8/5/2024, 3:47:09 PM",3.66,107.4,72.3,0,2024-08-05T19:47:09.000Z
"8/5/2024, 3:52:09 PM",3.66,107.8,71.2,0,2024-08-05T19:52:09.000Z
"8/5/2024, 3:57:09 PM",3.66,108,70.1,0,2024-08-05T19:57:09.000Z
"8/5/2024, 4:02:09 PM",3.66,108.1,69.2,0,2024-08-05T20:02:09.000Z
"8/5/2024, 4:07:09 PM",3.66,108.5,68.3,0,2024-08-05T20:07:09.000Z
"8/5/2024, 4:12:09 PM",3.66,108.9,67.4,0,2024-08-05T20:12:09.000Z
"8/5/2024, 4:17:09 PM",3.66,108.9,67.1,0,2024-08-05T20:17:09.000Z
"8/5/2024, 4:22:09 PM",3.66,108.9,66.3,0,2024-08-05T20:22:09.000Z
"8/5/2024, 4:27:09 PM",3.659,109,65.5,0,2024-08-05T20:27:09.000Z
"8/5/2024, 4:32:09 PM",3.659,109.2,65.2,0,2024-08-05T20:32:09.000Z
"8/5/2024, 4:37:09 PM",3.659,109.4,64.6,0,2024-08-05T20:37:09.000Z
"8/5/2024, 4:42:09 PM",3.66,109.4,64.6,0,2024-08-05T20:42:09.000Z
"8/5/2024, 4:47:09 PM",3.659,109.4,64.9,0,2024-08-05T20:47:09.000Z
"8/5/2024, 4:52:09 PM",3.66,109.2,64.8,0,2024-08-05T20:52:09.000Z
"8/5/2024, 4:57:09 PM",3.66,108.9,64.4,0,2024-08-05T20:57:09.000Z
"8/5/2024, 5:02:09 PM",3.66,108.9,63.8,0,2024-08-05T21:02:09.000Z
"8/5/2024, 5:07:09 PM",3.659,108.9,63.3,0,2024-08-05T21:07:09.000Z
"8/5/2024, 5:12:09 PM",3.66,108.7,63,0,2024-08-05T21:12:09.000Z
"8/5/2024, 5:17:09 PM",3.66,108.7,63.2,0,2024-08-05T21:17:09.000Z
"8/5/2024, 5:22:09 PM",3.66,108.5,63.3,0,2024-08-05T21:22:09.000Z
"8/5/2024, 5:27:09 PM",3.66,108.3,63.7,0,2024-08-05T21:27:09.000Z
"8/5/2024, 5:32:09 PM",3.66,108.1,63.8,0,2024-08-05T21:32:09.000Z
"8/5/2024, 5:37:09 PM",3.66,108,63.4,0,2024-08-05T21:37:09.000Z
"8/5/2024, 5:42:09 PM",3.661,108,63.3,0,2024-08-05T21:42:09.000Z
"8/5/2024, 5:47:09 PM",3.66,107.8,63.5,0,2024-08-05T21:47:09.000Z
"8/5/2024, 5:52:09 PM",3.66,107.6,63.4,0,2024-08-05T21:52:09.000Z
"8/5/2024, 5:57:09 PM",3.66,107.4,63.6,0,2024-08-05T21:57:09.000Z
"8/5/2024, 6:02:09 PM",3.661,107.2,63.9,0,2024-08-05T22:02:09.000Z
"8/5/2024, 6:07:09 PM",3.661,107.1,64.8,0,2024-08-05T22:07:09.000Z
"8/5/2024, 6:12:09 PM",3.66,106.9,65.7,0,2024-08-05T22:12:09.000Z
"8/5/2024, 6:17:09 PM",3.661,106.5,65.7,0,2024-08-05T22:17:09.000Z
"8/5/2024, 6:22:09 PM",3.661,106.3,66.4,0,2024-08-05T22:22:09.000Z
"8/5/2024, 6:27:09 PM",3.661,106.2,66.3,0,2024-08-05T22:27:09.000Z
"8/5/2024, 6:32:09 PM",3.661,105.8,66.8,0,2024-08-05T22:32:09.000Z
"8/5/2024, 6:37:09 PM",3.661,105.6,67.7,0,2024-08-05T22:37:09.000Z
"8/5/2024, 6:42:09 PM",3.661,105.1,68.5,0,2024-08-05T22:42:09.000Z
"8/5/2024, 6:47:09 PM",3.66,104.7,68.9,0,2024-08-05T22:47:09.000Z
"8/5/2024, 6:52:09 PM",3.662,104.2,69.3,0,2024-08-05T22:52:09.000Z
"8/5/2024, 6:57:09 PM",3.661,103.5,70,0,2024-08-05T22:57:09.000Z
"8/5/2024, 7:02:09 PM",3.661,102.7,70.5,0,2024-08-05T23:02:09.000Z
"8/5/2024, 7:07:09 PM",3.662,102.2,71.2,0,2024-08-05T23:07:09.000Z
"8/5/2024, 7:12:09 PM",3.661,101.7,72,0,2024-08-05T23:12:09.000Z
"8/5/2024, 7:17:09 PM",3.662,100.9,72.9,0,2024-08-05T23:17:09.000Z
"8/5/2024, 7:22:09 PM",3.662,100.4,73.9,0,2024-08-05T23:22:09.000Z
"8/5/2024, 7:27:09 PM",3.662,99.9,74.6,0,2024-08-05T23:27:09.000Z
"8/5/2024, 7:32:09 PM",3.663,99.3,75.1,0,2024-08-05T23:32:09.000Z
"8/5/2024, 7:37:09 PM",3.662,99,75.7,0,2024-08-05T23:37:09.000Z
"8/5/2024, 7:42:09 PM",3.662,98.2,76.3,0,2024-08-05T23:42:09.000Z
"8/5/2024, 7:47:09 PM",3.663,97.7,77.2,0,2024-08-05T23:47:09.000Z
"8/5/2024, 7:52:09 PM",3.663,97.2,77.7,0,2024-08-05T23:52:09.000Z
"8/5/2024, 7:57:09 PM",3.663,96.6,78.3,0,2024-08-05T23:57:09.000Z
"8/5/2024, 8:02:09 PM",3.663,96.1,78.7,0,2024-08-06T00:02:09.000Z
"8/5/2024, 8:07:09 PM",3.663,95.4,79.1,0,2024-08-06T00:07:09.000Z
"8/5/2024, 8:12:09 PM",3.663,94.8,79.7,0,2024-08-06T00:12:09.000Z
"8/5/2024, 8:17:09 PM",3.663,94.1,80.4,0,2024-08-06T00:17:09.000Z
"8/5/2024, 8:22:09 PM",3.664,93.6,81.2,0,2024-08-06T00:22:09.000Z
"8/5/2024, 8:27:09 PM",3.663,93,81.9,0,2024-08-06T00:27:09.000Z
"8/5/2024, 8:32:09 PM",3.663,92.5,82.6,0,2024-08-06T00:32:09.000Z
"8/5/2024, 8:37:09 PM",3.664,91.9,83.1,0,2024-08-06T00:37:09.000Z
"8/5/2024, 8:42:09 PM",3.663,91.4,83.6,0,2024-08-06T00:42:09.000Z
"8/5/2024, 8:47:09 PM",3.663,91,84.1,0,2024-08-06T00:47:09.000Z
"8/5/2024, 8:52:09 PM",3.664,90.7,84.7,0,2024-08-06T00:52:09.000Z
"8/5/2024, 8:57:09 PM",3.664,90.3,85.3,0,2024-08-06T00:57:09.000Z
"8/5/2024, 9:02:09 PM",3.664,90,85.9,0,2024-08-06T01:02:09.000Z
"8/5/2024, 9:07:09 PM",3.664,89.8,86.2,0,2024-08-06T01:07:09.000Z
"8/5/2024, 9:12:09 PM",3.664,89.4,86.4,0,2024-08-06T01:12:09.000Z
"8/5/2024, 9:17:09 PM",3.664,89.2,86.7,0,2024-08-06T01:17:09.000Z
"8/5/2024, 9:22:09 PM",3.664,89.1,87.2,0,2024-08-06T01:22:09.000Z
"8/5/2024, 9:27:09 PM",3.665,89.1,87.9,0,2024-08-06T01:27:09.000Z
"8/5/2024, 9:32:09 PM",3.664,89.1,88.7,0,2024-08-06T01:32:09.000Z
"8/5/2024, 9:37:09 PM",3.664,89.1,89.5,0,2024-08-06T01:37:09.000Z
"8/5/2024, 9:42:09 PM",3.664,89.1,90.2,0,2024-08-06T01:42:09.000Z
"8/5/2024, 9:47:09 PM",3.664,89.2,90.9,0,2024-08-06T01:47:09.000Z
"8/5/2024, 9:52:09 PM",3.664,89.2,91.6,0,2024-08-06T01:52:09.000Z
"8/5/2024, 9:57:09 PM",3.664,89.2,92.1,0,2024-08-06T01:57:09.000Z
"8/5/2024, 10:02:09 PM",3.664,89.1,92.6,0,2024-08-06T02:02:09.000Z
"8/5/2024, 10:07:09 PM",3.664,89.1,93.1,0,2024-08-06T02:07:09.000Z
"8/5/2024, 10:12:09 PM",3.664,88.9,93.4,0,2024-08-06T02:12:09.000Z
"8/5/2024, 10:17:09 PM",3.664,88.9,93.8,0,2024-08-06T02:17:09.000Z
"8/5/2024, 10:22:09 PM",3.664,88.9,94.1,0,2024-08-06T02:22:09.000Z
"8/5/2024, 10:27:09 PM",3.664,88.9,94.3,0,2024-08-06T02:27:09.000Z
"8/5/2024, 10:32:09 PM",3.664,88.9,94.6,0,2024-08-06T02:32:09.000Z
"8/5/2024, 10:37:09 PM",3.664,88.9,94.8,0,2024-08-06T02:37:09.000Z
"8/5/2024, 10:42:09 PM",3.664,88.7,95,0,2024-08-06T02:42:09.000Z
"8/5/2024, 10:47:09 PM",3.664,88.5,95.2,0,2024-08-06T02:47:09.000Z
"8/5/2024, 10:52:09 PM",3.664,88.5,95.4,0,2024-08-06T02:52:09.000Z
"8/5/2024, 10:57:09 PM",3.664,88.3,95.5,0,2024-08-06T02:57:09.000Z
"8/5/2024, 11:02:09 PM",3.664,88.3,95.8,0,2024-08-06T03:02:09.000Z
"8/5/2024, 11:07:09 PM",3.664,88.3,96,0,2024-08-06T03:07:09.000Z
"8/5/2024, 11:12:09 PM",3.664,88.3,96.2,0,2024-08-06T03:12:09.000Z
"8/5/2024, 11:17:09 PM",3.664,88.5,96.4,0,2024-08-06T03:17:09.000Z
"8/5/2024, 11:22:09 PM",3.665,88.5,96.6,0,2024-08-06T03:22:09.000Z
"8/5/2024, 11:27:09 PM",3.664,88.5,96.8,0,2024-08-06T03:27:09.000Z
"8/5/2024, 11:32:09 PM",3.665,88.5,96.9,0,2024-08-06T03:32:09.000Z
"8/5/2024, 11:37:09 PM",3.664,88.5,97.1,0,2024-08-06T03:37:09.000Z
"8/5/2024, 11:42:09 PM",3.664,88.5,97.2,0,2024-08-06T03:42:09.000Z
"8/5/2024, 11:47:09 PM",3.664,88.3,97.4,0,2024-08-06T03:47:09.000Z
"8/5/2024, 11:52:09 PM",3.664,88.3,97.5,0,2024-08-06T03:52:09.000Z
"8/5/2024, 11:57:09 PM",3.664,88.2,97.6,0,2024-08-06T03:57:09.000Z
"8/6/2024, 12:02:09 AM",3.665,88.2,97.7,0,2024-08-06T04:02:09.000Z
"8/6/2024, 12:07:09 AM",3.664,88.2,97.8,0,2024-08-06T04:07:09.000Z
"8/6/2024, 12:12:09 AM",3.664,88,97.9,0,2024-08-06T04:12:09.000Z
"8/6/2024, 12:17:09 AM",3.665,88,98,0,2024-08-06T04:17:09.000Z
"8/6/2024, 12:22:09 AM",3.664,87.8,98.1,0,2024-08-06T04:22:09.000Z
"8/6/2024, 12:27:09 AM",3.665,87.6,98.1,0,2024-08-06T04:27:09.000Z
"8/6/2024, 12:32:09 AM",3.664,87.6,98.2,0,2024-08-06T04:32:09.000Z
"8/6/2024, 12:37:09 AM",3.665,87.4,98.2,0,2024-08-06T04:37:09.000Z
"8/6/2024, 12:42:09 AM",3.664,87.4,98.3,0,2024-08-06T04:42:09.000Z
"8/6/2024, 12:47:09 AM",3.664,87.3,98.4,0,2024-08-06T04:47:09.000Z
"8/6/2024, 12:52:09 AM",3.664,87.3,98.4,0,2024-08-06T04:52:09.000Z
"8/6/2024, 12:57:09 AM",3.664,87.3,98.5,0,2024-08-06T04:57:09.000Z
"8/6/2024, 1:02:09 AM",3.665,87.3,98.6,0,2024-08-06T05:02:09.000Z
"8/6/2024, 1:07:09 AM",3.665,87.3,98.7,0,2024-08-06T05:07:09.000Z
"8/6/2024, 1:12:09 AM",3.665,87.1,98.7,0,2024-08-06T05:12:09.000Z
"8/6/2024, 1:17:09 AM",3.665,87.1,98.8,0,2024-08-06T05:17:09.000Z
"8/6/2024, 1:22:09 AM",3.665,87.1,98.9,0,2024-08-06T05:22:09.000Z
"8/6/2024, 1:27:09 AM",3.664,87.1,99,0,2024-08-06T05:27:09.000Z
"8/6/2024, 1:32:09 AM",3.664,87.1,99.1,0,2024-08-06T05:32:09.000Z
"8/6/2024, 1:37:09 AM",3.665,87.1,99.1,0,2024-08-06T05:37:09.000Z
"8/6/2024, 1:42:09 AM",3.664,87.1,99.2,0,2024-08-06T05:42:09.000Z
"8/6/2024, 1:47:09 AM",3.665,87.1,99.3,0,2024-08-06T05:47:09.000Z
"8/6/2024, 1:52:09 AM",3.664,86.9,99.3,0,2024-08-06T05:52:09.000Z
"8/6/2024, 1:57:09 AM",3.664,86.9,99.4,0,2024-08-06T05:57:09.000Z
"8/6/2024, 2:02:09 AM",3.664,86.9,99.5,0,2024-08-06T06:02:09.000Z
"8/6/2024, 2:07:09 AM",3.665,86.9,99.6,0,2024-08-06T06:07:09.000Z
"8/6/2024, 2:12:09 AM",3.665,86.9,99.7,0,2024-08-06T06:12:09.000Z
"8/6/2024, 2:17:09 AM",3.665,86.9,99.8,0,2024-08-06T06:17:09.000Z
"8/6/2024, 2:22:09 AM",3.665,86.7,99.8,0,2024-08-06T06:22:09.000Z
"8/6/2024, 2:27:09 AM",3.664,86.7,99.9,0,2024-08-06T06:27:09.000Z
"8/6/2024, 2:32:09 AM",3.665,86.7,99.9,0,2024-08-06T06:32:09.000Z
"8/6/2024, 2:37:09 AM",3.664,86.7,99.9,0,2024-08-06T06:37:09.000Z
"8/6/2024, 2:42:09 AM",3.664,86.7,100,0,2024-08-06T06:42:09.000Z
"8/6/2024, 2:47:09 AM",3.665,86.7,100,0,2024-08-06T06:47:09.000Z
"8/6/2024, 2:52:09 AM",3.665,86.5,100,0,2024-08-06T06:52:09.000Z
"8/6/2024, 2:57:09 AM",3.665,86.5,100,0,2024-08-06T06:57:09.000Z
"8/6/2024, 3:02:09 AM",3.664,86.5,100,0,2024-08-06T07:02:09.000Z
"8/6/2024, 3:07:09 AM",3.665,86.4,100,0,2024-08-06T07:07:09.000Z
"8/6/2024, 3:12:09 AM",3.665,86.4,100,0,2024-08-06T07:12:09.000Z
"8/6/2024, 3:17:09 AM",3.664,86.4,100,0,2024-08-06T07:17:09.000Z
"8/6/2024, 3:22:09 AM",3.665,86.2,100,0,2024-08-06T07:22:09.000Z
"8/6/2024, 3:27:09 AM",3.665,86.2,100,0,2024-08-06T07:27:09.000Z
"8/6/2024, 3:32:09 AM",3.665,86.2,100,0,2024-08-06T07:32:09.000Z
"8/6/2024, 3:37:09 AM",3.665,86.2,100,0,2024-08-06T07:37:09.000Z
"8/6/2024, 3:42:09 AM",3.665,86.2,100,0,2024-08-06T07:42:09.000Z
"8/6/2024, 3:47:09 AM",3.664,86.2,100,0,2024-08-06T07:47:09.000Z
"8/6/2024, 3:52:09 AM",3.665,86,100,0,2024-08-06T07:52:09.000Z
"8/6/2024, 3:57:09 AM",3.665,86,100,0,2024-08-06T07:57:09.000Z
"8/6/2024, 4:02:09 AM",3.664,86,100,0,2024-08-06T08:02:09.000Z
"8/6/2024, 4:07:09 AM",3.665,85.8,100,0,2024-08-06T08:07:09.000Z
"8/6/2024, 4:12:09 AM",3.665,85.6,100,0,2024-08-06T08:12:09.000Z
"8/6/2024, 4:17:09 AM",3.665,85.6,100,0,2024-08-06T08:17:09.000Z
"8/6/2024, 4:22:09 AM",3.665,85.6,100,0,2024-08-06T08:22:09.000Z
"8/6/2024, 4:27:09 AM",3.665,85.5,100,0,2024-08-06T08:27:09.000Z
"8/6/2024, 4:32:09 AM",3.665,85.5,100,0,2024-08-06T08:32:09.000Z
"8/6/2024, 4:37:09 AM",3.665,85.5,100,0,2024-08-06T08:37:09.000Z
"8/6/2024, 4:42:09 AM",3.664,85.5,100,0,2024-08-06T08:42:09.000Z
"8/6/2024, 4:47:09 AM",3.665,85.5,100,0,2024-08-06T08:47:09.000Z
"8/6/2024, 4:52:09 AM",3.665,85.5,100,0,2024-08-06T08:52:09.000Z
"8/6/2024, 4:57:09 AM",3.665,85.5,100,0,2024-08-06T08:57:09.000Z
"8/6/2024, 5:02:09 AM",3.664,85.5,100,0,2024-08-06T09:02:09.000Z
"8/6/2024, 5:07:09 AM",3.665,85.3,100,0,2024-08-06T09:07:09.000Z
"8/6/2024, 5:12:09 AM",3.665,85.3,100,0,2024-08-06T09:12:09.000Z
"8/6/2024, 5:17:09 AM",3.665,85.3,100,0,2024-08-06T09:17:09.000Z
"8/6/2024, 5:22:09 AM",3.665,85.3,100,0,2024-08-06T09:22:09.000Z
"8/6/2024, 5:27:09 AM",3.664,85.3,100,0,2024-08-06T09:27:09.000Z
"8/6/2024, 5:32:09 AM",3.665,85.3,100,0,2024-08-06T09:32:09.000Z
"8/6/2024, 5:37:09 AM",3.665,85.3,100,0,2024-08-06T09:37:09.000Z
"8/6/2024, 5:42:09 AM",3.665,85.3,100,0,2024-08-06T09:42:09.000Z
"8/6/2024, 5:47:09 AM",3.664,85.1,100,0,2024-08-06T09:47:09.000Z
"8/6/2024, 5:52:09 AM",3.665,85.1,100,0,2024-08-06T09:52:09.000Z
"8/6/2024, 5:57:09 AM",3.665,85.1,100,0,2024-08-06T09:57:09.000Z
"8/6/2024, 6:02:09 AM",3.665,85.1,100,0,2024-08-06T10:02:09.000Z
"8/6/2024, 6:07:09 AM",3.665,85.1,100,0,2024-08-06T10:07:09.000Z
"8/6/2024, 6:12:09 AM",3.665,85.1,100,0,2024-08-06T10:12:09.000Z
"8/6/2024, 6:17:09 AM",3.665,85.1,100,0,2024-08-06T10:17:09.000Z
"8/6/2024, 6:22:09 AM",3.665,85.1,100,0,2024-08-06T10:22:09.000Z
"8/6/2024, 6:27:09 AM",3.665,84.9,100,0,2024-08-06T10:27:09.000Z
"8/6/2024, 6:32:09 AM",3.665,84.9,100,0,2024-08-06T10:32:09.000Z
"8/6/2024, 6:37:09 AM",3.665,84.9,100,0,2024-08-06T10:37:09.000Z
"8/6/2024, 6:42:09 AM",3.665,85.1,100,0,2024-08-06T10:42:09.000Z
"8/6/2024, 6:47:09 AM",3.665,85.1,100,0,2024-08-06T10:47:09.000Z
"8/6/2024, 6:52:09 AM",3.664,85.1,100,0,2024-08-06T10:52:09.000Z
"8/6/2024, 6:57:09 AM",3.665,85.1,100,0,2024-08-06T10:57:09.000Z
"8/6/2024, 7:02:09 AM",3.665,85.3,100,0,2024-08-06T11:02:09.000Z
"8/6/2024, 7:07:09 AM",3.664,85.3,100,0,2024-08-06T11:07:09.000Z
"8/6/2024, 7:12:09 AM",3.665,85.5,100,0,2024-08-06T11:12:09.000Z
"8/6/2024, 7:17:09 AM",3.664,85.5,100,0,2024-08-06T11:17:09.000Z
"8/6/2024, 7:22:09 AM",3.665,85.6,100,0,2024-08-06T11:22:09.000Z
"8/6/2024, 7:27:09 AM",3.664,85.8,100,0,2024-08-06T11:27:09.000Z
"8/6/2024, 7:32:09 AM",3.665,86,100,0,2024-08-06T11:32:09.000Z
"8/6/2024, 7:37:09 AM",3.664,86.2,100,0,2024-08-06T11:37:09.000Z
"8/6/2024, 7:42:09 AM",3.664,86.4,100,0,2024-08-06T11:42:09.000Z
"8/6/2024, 7:47:09 AM",3.665,86.5,100,0,2024-08-06T11:47:09.000Z
"8/6/2024, 7:52:09 AM",3.665,86.7,100,0,2024-08-06T11:52:09.000Z
"8/6/2024, 7:57:09 AM",3.665,86.9,100,0,2024-08-06T11:57:09.000Z
"8/6/2024, 8:02:09 AM",3.664,87.1,100,0,2024-08-06T12:02:09.000Z
"8/6/2024, 8:07:09 AM",3.664,87.4,100,0,2024-08-06T12:07:09.000Z
"8/6/2024, 8:12:09 AM",3.664,87.6,100,0,2024-08-06T12:12:09.000Z
"8/6/2024, 8:17:09 AM",3.664,88,100,0,2024-08-06T12:17:09.000Z
"8/6/2024, 8:22:09 AM",3.664,88.3,100,0,2024-08-06T12:22:09.000Z
"8/6/2024, 8:27:09 AM",3.664,88.9,100,0,2024-08-06T12:27:09.000Z
"8/6/2024, 8:32:09 AM",3.664,88.9,100,0,2024-08-06T12:32:09.000Z
"8/6/2024, 8:37:09 AM",3.664,89.2,100,0,2024-08-06T12:37:09.000Z
"8/6/2024, 8:42:09 AM",3.664,89.6,100,0,2024-08-06T12:42:09.000Z
"8/6/2024, 8:47:09 AM",3.664,90,100,0,2024-08-06T12:47:09.000Z
"8/6/2024, 8:52:09 AM",3.664,90.3,100,0,2024-08-06T12:52:09.000Z
"8/6/2024, 8:57:09 AM",3.664,90.5,100,0,2024-08-06T12:57:09.000Z
"8/6/2024, 9:02:09 AM",3.664,90.7,100,0,2024-08-06T13:02:09.000Z
"8/6/2024, 9:07:09 AM",3.664,91,100,0,2024-08-06T13:07:09.000Z
"8/6/2024, 9:12:09 AM",3.663,91.4,100,0,2024-08-06T13:12:09.000Z
"8/6/2024, 9:17:09 AM",3.664,91.6,100,0,2024-08-06T13:17:09.000Z
"8/6/2024, 9:22:09 AM",3.664,91.8,100,0,2024-08-06T13:22:09.000Z
"8/6/2024, 9:27:09 AM",3.664,92.1,100,0,2024-08-06T13:27:09.000Z
"8/6/2024, 9:32:09 AM",3.664,92.3,100,0,2024-08-06T13:32:09.000Z
"8/6/2024, 9:37:09 AM",3.664,92.7,100,0,2024-08-06T13:37:09.000Z
"8/6/2024, 9:42:09 AM",3.663,93,100,0,2024-08-06T13:42:09.000Z
"8/6/2024, 9:47:09 AM",3.664,93.4,100,0,2024-08-06T13:47:09.000Z
"8/6/2024, 9:52:09 AM",3.663,93.7,100,0,2024-08-06T13:52:09.000Z
"8/6/2024, 9:57:09 AM",3.663,93.9,100,0,2024-08-06T13:57:09.000Z
"8/6/2024, 10:02:09 AM",3.663,94.5,100,0,2024-08-06T14:02:09.000Z
"8/6/2024, 10:07:09 AM",3.663,94.6,100,0,2024-08-06T14:07:09.000Z
"8/6/2024, 10:12:09 AM",3.663,95,100,0,2024-08-06T14:12:09.000Z
"8/6/2024, 10:17:09 AM",3.663,95.4,100,0,2024-08-06T14:17:09.000Z
"8/6/2024, 10:22:09 AM",3.663,95.5,100,0,2024-08-06T14:22:09.000Z
"8/6/2024, 10:27:09 AM",3.663,96.1,100,0,2024-08-06T14:27:09.000Z
"8/6/2024, 10:32:09 AM",3.663,96.4,100,0,2024-08-06T14:32:09.000Z
"8/6/2024, 10:37:09 AM",3.663,96.6,100,0,2024-08-06T14:37:09.000Z
"8/6/2024, 10:42:09 AM",3.663,96.8,100,0,2024-08-06T14:42:09.000Z
"8/6/2024, 10:47:09 AM",3.663,97.2,100,0,2024-08-06T14:47:09.000Z
"8/6/2024, 10:52:09 AM",3.663,97.5,100,0,2024-08-06T14:52:09.000Z
"8/6/2024, 10:57:09 AM",3.663,97.9,100,0,2024-08-06T14:57:09.000Z
"8/6/2024, 11:02:09 AM",3.663,98.2,100,0,2024-08-06T15:02:09.000Z
"8/6/2024, 11:07:09 AM",3.663,98.4,100,0,2024-08-06T15:07:09.000Z
"8/6/2024, 11:12:09 AM",3.662,99,100,0,2024-08-06T15:12:09.000Z
"8/6/2024, 11:17:09 AM",3.662,99,100,0,2024-08-06T15:17:09.000Z
"8/6/2024, 11:22:09 AM",3.662,99.1,100,0,2024-08-06T15:22:09.000Z
"8/6/2024, 11:27:09 AM",3.662,99.3,100,0,2024-08-06T15:27:09.000Z
"8/6/2024, 11:32:09 AM",3.662,99.5,100,0,2024-08-06T15:32:09.000Z
"8/6/2024, 11:37:09 AM",3.662,99.9,100,0,2024-08-06T15:37:09.000Z
"8/6/2024, 11:42:09 AM",3.662,100.4,100,0,2024-08-06T15:42:09.000Z
"8/6/2024, 11:47:09 AM",3.662,100.8,100,0,2024-08-06T15:47:09.000Z
"8/6/2024, 11:52:09 AM",3.662,101.1,100,0,2024-08-06T15:52:09.000Z
"8/6/2024, 11:57:09 AM",3.662,101.3,100,0,2024-08-06T15:57:09.000Z
"8/6/2024, 12:02:09 PM",3.662,101.7,100,0,2024-08-06T16:02:09.000Z
"8/6/2024, 12:07:09 PM",3.662,101.7,100,0,2024-08-06T16:07:09.000Z
"8/6/2024, 12:12:09 PM",3.662,101.5,100,0,2024-08-06T16:12:09.000Z
"8/6/2024, 12:17:09 PM",3.662,101.5,100,0,2024-08-06T16:17:09.000Z
"8/6/2024, 12:22:09 PM",3.662,101.7,100,0,2024-08-06T16:22:09.000Z
"8/6/2024, 12:27:09 PM",3.662,101.8,100,0,2024-08-06T16:27:09.000Z
"8/6/2024, 12:32:09 PM",3.662,102.2,100,0,2024-08-06T16:32:09.000Z
"8/6/2024, 12:37:09 PM",3.661,102.4,100,0,2024-08-06T16:37:09.000Z
"8/6/2024, 12:42:09 PM",3.662,102.7,100,0,2024-08-06T16:42:09.000Z
"8/6/2024, 12:47:09 PM",3.661,102.9,100,0,2024-08-06T16:47:09.000Z
"8/6/2024, 12:52:09 PM",3.662,103.5,100,0,2024-08-06T16:52:09.000Z
"8/6/2024, 12:57:09 PM",3.661,103.8,99.1,0,2024-08-06T16:57:09.000Z
"8/6/2024, 1:02:09 PM",3.661,104.4,97.7,0,2024-08-06T17:02:09.000Z
"8/6/2024, 1:07:09 PM",3.661,104.9,96.9,0,2024-08-06T17:07:09.000Z
"8/6/2024, 1:12:09 PM",3.661,105.1,95.9,0,2024-08-06T17:12:09.000Z
"8/6/2024, 1:17:09 PM",3.661,105.4,94.8,0,2024-08-06T17:17:09.000Z
"8/6/2024, 1:22:09 PM",3.661,105.6,94,0,2024-08-06T17:22:09.000Z
"8/6/2024, 1:27:09 PM",3.661,106.2,93.1,0,2024-08-06T17:27:09.000Z
"8/6/2024, 1:32:09 PM",3.661,106.5,91.7,0,2024-08-06T17:32:09.000Z
"8/6/2024, 1:37:09 PM",3.661,106.9,90.5,0,2024-08-06T17:37:09.000Z
"8/6/2024, 1:42:09 PM",3.661,107.1,88.8,0,2024-08-06T17:42:09.000Z
"8/6/2024, 1:47:09 PM",3.661,107.2,87.3,0,2024-08-06T17:47:09.000Z
"8/6/2024, 1:52:09 PM",3.661,107.2,86.6,0,2024-08-06T17:52:09.000Z
"8/6/2024, 1:57:09 PM",3.661,107.4,85.5,0,2024-08-06T17:57:09.000Z
"8/6/2024, 2:02:09 PM",3.661,107.4,84.2,0,2024-08-06T18:02:09.000Z
"8/6/2024, 2:07:09 PM",3.661,107.6,83.2,0,2024-08-06T18:07:09.000Z
"8/6/2024, 2:12:09 PM",3.66,107.8,82.2,0,2024-08-06T18:12:09.000Z
"8/6/2024, 2:17:09 PM",3.661,108.1,81.8,0,2024-08-06T18:17:09.000Z
"8/6/2024, 2:22:09 PM",3.66,108.3,80.4,0,2024-08-06T18:22:09.000Z
"8/6/2024, 2:27:09 PM",3.66,108.5,79.8,0,2024-08-06T18:27:09.000Z
"8/6/2024, 2:32:09 PM",3.661,108.9,79.2,0,2024-08-06T18:32:09.000Z
"8/6/2024, 2:37:09 PM",3.66,108.9,78.3,0,2024-08-06T18:37:09.000Z
"8/6/2024, 2:42:09 PM",3.66,108.9,77.5,0,2024-08-06T18:42:09.000Z
"8/6/2024, 2:47:09 PM",3.661,109,77.1,0,2024-08-06T18:47:09.000Z
"8/6/2024, 2:52:09 PM",3.66,109.2,76.4,0,2024-08-06T18:52:09.000Z
"8/6/2024, 2:57:09 PM",3.66,109.4,75.6,0,2024-08-06T18:57:09.000Z
"8/6/2024, 3:02:09 PM",3.661,109.6,75,0,2024-08-06T19:02:09.000Z
"8/6/2024, 3:07:09 PM",3.66,109.6,74.9,0,2024-08-06T19:07:09.000Z
"8/6/2024, 3:12:09 PM",3.66,109.9,74.4,0,2024-08-06T19:12:09.000Z
"8/6/2024, 3:17:09 PM",3.66,109.9,73.9,0,2024-08-06T19:17:09.000Z
"8/6/2024, 3:22:09 PM",3.66,110.1,73.1,0,2024-08-06T19:22:09.000Z
"8/6/2024, 3:27:09 PM",3.66,109.9,72.6,0,2024-08-06T19:27:09.000Z
"8/6/2024, 3:32:09 PM",3.66,109.9,72.2,0,2024-08-06T19:32:09.000Z
"8/6/2024, 3:37:09 PM",3.66,109.9,71.3,0,2024-08-06T19:37:09.000Z
"8/6/2024, 3:42:09 PM",3.66,109.9,71,0,2024-08-06T19:42:09.000Z
"8/6/2024, 3:47:09 PM",3.66,109.9,70.7,0,2024-08-06T19:47:09.000Z
"8/6/2024, 3:52:09 PM",3.66,110.1,70.4,0,2024-08-06T19:52:09.000Z
"8/6/2024, 3:57:09 PM",3.66,110.1,71.1,0,2024-08-06T19:57:09.000Z
"8/6/2024, 4:02:09 PM",3.66,110.1,70.9,0,2024-08-06T20:02:09.000Z
"8/6/2024, 4:07:09 PM",3.66,110.1,70.4,0,2024-08-06T20:07:09.000Z
"8/6/2024, 4:12:09 PM",3.66,109.9,70.2,0,2024-08-06T20:12:09.000Z
"8/6/2024, 4:17:09 PM",3.66,109.9,70,0,2024-08-06T20:17:09.000Z
"8/6/2024, 4:22:09 PM",3.661,109.9,70.8,0,2024-08-06T20:22:09.000Z
"8/6/2024, 4:27:09 PM",3.661,109.9,70.9,0,2024-08-06T20:27:09.000Z
"8/6/2024, 4:32:09 PM",3.661,109.9,70.2,0,2024-08-06T20:32:09.000Z
"8/6/2024, 4:37:09 PM",3.66,109.8,69.4,0,2024-08-06T20:37:09.000Z
"8/6/2024, 4:42:09 PM",3.66,109.6,68.7,0,2024-08-06T20:42:09.000Z
"8/6/2024, 4:47:09 PM",3.661,109.4,68.5,0,2024-08-06T20:47:09.000Z
"8/6/2024, 4:52:09 PM",3.661,109.4,68.6,0,2024-08-06T20:52:09.000Z
"8/6/2024, 4:57:09 PM",3.661,109,68.9,0,2024-08-06T20:57:09.000Z
"8/6/2024, 5:02:09 PM",3.661,108.9,68.7,0,2024-08-06T21:02:09.000Z
"8/6/2024, 5:07:09 PM",3.661,108.9,68.8,0,2024-08-06T21:07:09.000Z
"8/6/2024, 5:12:09 PM",3.661,108.5,68.9,0,2024-08-06T21:12:09.000Z
"8/6/2024, 5:17:09 PM",3.661,108.3,69.4,0,2024-08-06T21:17:09.000Z
"8/6/2024, 5:22:09 PM",3.661,108.3,69.8,0,2024-08-06T21:22:09.000Z
"8/6/2024, 5:27:09 PM",3.661,108.1,69.6,0,2024-08-06T21:27:09.000Z
"8/6/2024, 5:32:09 PM",3.661,108,69.2,0,2024-08-06T21:32:09.000Z
"8/6/2024, 5:37:09 PM",3.661,107.6,68.8,0,2024-08-06T21:37:09.000Z
"8/6/2024, 5:42:09 PM",3.661,107.4,68.7,0,2024-08-06T21:42:09.000Z
"8/6/2024, 5:47:09 PM",3.661,107.2,68.5,0,2024-08-06T21:47:09.000Z
"8/6/2024, 5:52:09 PM",3.661,107.1,68.7,0,2024-08-06T21:52:09.000Z
"8/6/2024, 5:57:09 PM",3.662,106.9,68.9,0,2024-08-06T21:57:09.000Z
"8/6/2024, 6:02:09 PM",3.662,106.7,69.5,0,2024-08-06T22:02:09.000Z
"8/6/2024, 6:07:09 PM",3.661,106.5,69.9,0,2024-08-06T22:07:09.000Z
"8/6/2024, 6:12:09 PM",3.662,106.3,70.2,0,2024-08-06T22:12:09.000Z
"8/6/2024, 6:17:09 PM",3.662,106.2,70.6,0,2024-08-06T22:17:09.000Z
"8/6/2024, 6:22:09 PM",3.662,105.8,71.2,0,2024-08-06T22:22:09.000Z
"8/6/2024, 6:27:09 PM",3.662,105.3,71.4,0,2024-08-06T22:27:09.000Z
"8/6/2024, 6:32:09 PM",3.662,104.9,72.2,0,2024-08-06T22:32:09.000Z
"8/6/2024, 6:37:09 PM",3.662,104.5,72.6,0,2024-08-06T22:37:09.000Z
"8/6/2024, 6:42:09 PM",3.662,104.2,73.2,0,2024-08-06T22:42:09.000Z
"8/6/2024, 6:47:09 PM",3.662,103.8,74.5,0,2024-08-06T22:47:09.000Z
"8/6/2024, 6:52:09 PM",3.662,103.5,75.4,0,2024-08-06T22:52:09.000Z
"8/6/2024, 6:57:09 PM",3.663,102.9,76.5,0,2024-08-06T22:57:09.000Z
"8/6/2024, 7:02:09 PM",3.663,102.2,77.6,0,2024-08-06T23:02:09.000Z
"8/6/2024, 7:07:09 PM",3.662,101.7,78.6,0,2024-08-06T23:07:09.000Z
"8/6/2024, 7:12:09 PM",3.663,101.1,79.4,0,2024-08-06T23:12:09.000Z
"8/6/2024, 7:17:09 PM",3.663,100.6,80,0,2024-08-06T23:17:09.000Z
"8/6/2024, 7:22:09 PM",3.663,100,80.3,0,2024-08-06T23:22:09.000Z
"8/6/2024, 7:27:09 PM",3.663,99.5,81,0,2024-08-06T23:27:09.000Z
"8/6/2024, 7:32:09 PM",3.663,99,81.7,0,2024-08-06T23:32:09.000Z
"8/6/2024, 7:37:09 PM",3.663,98.6,82.5,0,2024-08-06T23:37:09.000Z
"8/6/2024, 7:42:09 PM",3.664,98.1,83.3,0,2024-08-06T23:42:09.000Z
"8/6/2024, 7:47:09 PM",3.664,97.5,84.1,0,2024-08-06T23:47:09.000Z
"8/6/2024, 7:52:09 PM",3.664,97,84.9,0,2024-08-06T23:52:09.000Z
"8/6/2024, 7:57:09 PM",3.664,96.4,85.8,0,2024-08-06T23:57:09.000Z
"8/6/2024, 8:02:09 PM",3.664,96.1,86.6,0,2024-08-07T00:02:09.000Z
"8/6/2024, 8:07:09 PM",3.664,95.7,87.3,0,2024-08-07T00:07:09.000Z
"8/6/2024, 8:12:09 PM",3.664,95.4,88,0,2024-08-07T00:12:09.000Z
"8/6/2024, 8:17:09 PM",3.664,95,88.7,0,2024-08-07T00:17:09.000Z
"8/6/2024, 8:22:09 PM",3.664,94.6,89.3,0,2024-08-07T00:22:09.000Z
"8/6/2024, 8:27:09 PM",3.664,94.3,89.8,0,2024-08-07T00:27:09.000Z
"8/6/2024, 8:32:09 PM",3.664,93.9,90.4,0,2024-08-07T00:32:09.000Z
"8/6/2024, 8:37:09 PM",3.665,93.9,90.8,0,2024-08-07T00:37:09.000Z
"8/6/2024, 8:42:09 PM",3.665,93.6,91.4,0,2024-08-07T00:42:09.000Z
"8/6/2024, 8:47:09 PM",3.665,93.4,91.8,0,2024-08-07T00:47:09.000Z
"8/6/2024, 8:52:09 PM",3.664,93.2,92.3,0,2024-08-07T00:52:09.000Z
"8/6/2024, 8:57:09 PM",3.665,93,92.7,0,2024-08-07T00:57:09.000Z
"8/6/2024, 9:02:09 PM",3.665,92.8,93.1,0,2024-08-07T01:02:09.000Z
"8/6/2024, 9:07:09 PM",3.664,92.3,93.4,0,2024-08-07T01:07:09.000Z
"8/6/2024, 9:12:09 PM",3.665,91.2,93.2,0,2024-08-07T01:12:09.000Z
"8/6/2024, 9:17:09 PM",3.665,90,92.6,0,2024-08-07T01:17:09.000Z
"8/6/2024, 9:22:09 PM",3.665,88.9,91.9,0,2024-08-07T01:22:09.000Z
"8/6/2024, 9:27:09 PM",3.665,88,91.5,0,2024-08-07T01:27:09.000Z
"8/6/2024, 9:32:09 PM",3.665,87.3,91.3,0,2024-08-07T01:32:09.000Z
"8/6/2024, 9:37:09 PM",3.666,86.7,91.3,0,2024-08-07T01:37:09.000Z
"8/6/2024, 9:42:09 PM",3.666,86.2,91.4,0,2024-08-07T01:42:09.000Z
"8/6/2024, 9:47:09 PM",3.666,85.6,91.5,0,2024-08-07T01:47:09.000Z
"8/6/2024, 9:52:09 PM",3.666,85.3,91.8,0,2024-08-07T01:52:09.000Z
"8/6/2024, 9:57:09 PM",3.666,85.1,92.1,0,2024-08-07T01:57:09.000Z
"8/6/2024, 10:02:09 PM",3.666,84.7,92.5,0,2024-08-07T02:02:09.000Z
"8/6/2024, 10:07:09 PM",3.666,84.4,92.7,0,2024-08-07T02:07:09.000Z
"8/6/2024, 10:12:09 PM",3.666,84.2,93,0,2024-08-07T02:12:09.000Z
"8/6/2024, 10:17:09 PM",3.666,84,93.4,0,2024-08-07T02:17:09.000Z
"8/6/2024, 10:22:09 PM",3.666,84,93.7,0,2024-08-07T02:22:09.000Z
"8/6/2024, 10:27:09 PM",3.666,83.7,94,0,2024-08-07T02:27:09.000Z
"8/6/2024, 10:32:09 PM",3.666,83.5,94.2,0,2024-08-07T02:32:09.000Z
"8/6/2024, 10:37:09 PM",3.666,83.3,94.5,0,2024-08-07T02:37:09.000Z
"8/6/2024, 10:42:09 PM",3.666,83.3,94.8,0,2024-08-07T02:42:09.000Z
"8/6/2024, 10:47:09 PM",3.666,83.3,95.1,0,2024-08-07T02:47:09.000Z
"8/6/2024, 10:52:09 PM",3.666,83.3,95.3,0,2024-08-07T02:52:09.000Z
"8/6/2024, 10:57:09 PM",3.666,83.3,95.7,0,2024-08-07T02:57:09.000Z
"8/6/2024, 11:02:09 PM",3.666,83.5,96,0,2024-08-07T03:02:09.000Z
"8/6/2024, 11:07:09 PM",3.666,83.7,96.3,0,2024-08-07T03:07:09.000Z
"8/6/2024, 11:12:09 PM",3.667,83.7,96.6,0,2024-08-07T03:12:09.000Z
"8/6/2024, 11:17:09 PM",3.666,83.8,96.9,0,2024-08-07T03:17:09.000Z
"8/6/2024, 11:22:09 PM",3.666,84,97.2,0,2024-08-07T03:22:09.000Z
"8/6/2024, 11:27:09 PM",3.666,84,97.4,0,2024-08-07T03:27:09.000Z
"8/6/2024, 11:32:09 PM",3.666,84.2,97.6,0,2024-08-07T03:32:09.000Z
"8/6/2024, 11:37:09 PM",3.666,84.4,97.9,0,2024-08-07T03:37:09.000Z
"8/6/2024, 11:42:09 PM",3.666,84.6,98.1,0,2024-08-07T03:42:09.000Z
"8/6/2024, 11:47:09 PM",3.666,84.6,98.3,0,2024-08-07T03:47:09.000Z
"8/6/2024, 11:52:09 PM",3.666,84.9,98.5,0,2024-08-07T03:52:09.000Z
"8/6/2024, 11:57:09 PM",3.666,84.9,98.7,0,2024-08-07T03:57:09.000Z
"8/7/2024, 12:02:09 AM",3.666,85.1,98.9,0,2024-08-07T04:02:09.000Z
"8/7/2024, 12:07:09 AM",3.666,85.1,99,0,2024-08-07T04:07:09.000Z
"8/7/2024, 12:12:09 AM",3.666,85.1,99.2,0,2024-08-07T04:12:09.000Z
"8/7/2024, 12:17:09 AM",3.666,85.1,99.3,0,2024-08-07T04:17:09.000Z
"8/7/2024, 12:22:09 AM",3.666,85.1,99.4,0,2024-08-07T04:22:09.000Z
"8/7/2024, 12:27:09 AM",3.666,85.1,99.5,0,2024-08-07T04:27:09.000Z
"8/7/2024, 12:32:09 AM",3.666,85.1,99.6,0,2024-08-07T04:32:09.000Z
"8/7/2024, 12:37:09 AM",3.666,85.3,99.7,0,2024-08-07T04:37:09.000Z
"8/7/2024, 12:42:09 AM",3.666,85.3,99.8,0,2024-08-07T04:42:09.000Z
"8/7/2024, 12:47:09 AM",3.666,85.3,99.9,0,2024-08-07T04:47:09.000Z
"8/7/2024, 12:52:09 AM",3.666,85.1,100,0,2024-08-07T04:52:09.000Z
"8/7/2024, 12:57:09 AM",3.666,85.1,100,0,2024-08-07T04:57:09.000Z
"8/7/2024, 1:02:09 AM",3.666,84.9,100,0,2024-08-07T05:02:09.000Z
"8/7/2024, 1:07:09 AM",3.666,84.9,100,0,2024-08-07T05:07:09.000Z
"8/7/2024, 1:12:09 AM",3.666,84.9,100,0,2024-08-07T05:12:09.000Z
"8/7/2024, 1:17:09 AM",3.666,84.9,100,0,2024-08-07T05:17:09.000Z
"8/7/2024, 1:22:09 AM",3.666,84.9,100,0,2024-08-07T05:22:09.000Z
"8/7/2024, 1:27:09 AM",3.666,84.9,100,0,2024-08-07T05:27:09.000Z
"8/7/2024, 1:32:09 AM",3.666,85.1,100,0,2024-08-07T05:32:09.000Z
"8/7/2024, 1:37:09 AM",3.666,85.1,100,0,2024-08-07T05:37:09.000Z
"8/7/2024, 1:42:09 AM",3.665,85.3,100,0,2024-08-07T05:42:09.000Z
"8/7/2024, 1:47:09 AM",3.666,85.3,100,0,2024-08-07T05:47:09.000Z
"8/7/2024, 1:52:09 AM",3.665,85.3,100,0,2024-08-07T05:52:09.000Z
"8/7/2024, 1:57:09 AM",3.666,85.3,100,0,2024-08-07T05:57:09.000Z
"8/7/2024, 2:02:09 AM",3.666,85.3,100,0,2024-08-07T06:02:09.000Z
"8/7/2024, 2:07:09 AM",3.665,85.3,100,0,2024-08-07T06:07:09.000Z
"8/7/2024, 2:12:09 AM",3.665,85.3,100,0,2024-08-07T06:12:09.000Z
"8/7/2024, 2:17:09 AM",3.666,85.3,100,0,2024-08-07T06:17:09.000Z
"8/7/2024, 2:22:09 AM",3.666,85.1,100,0,2024-08-07T06:22:09.000Z
"8/7/2024, 2:27:09 AM",3.666,85.3,100,0,2024-08-07T06:27:09.000Z
"8/7/2024, 2:32:09 AM",3.666,85.3,100,0,2024-08-07T06:32:09.000Z
"8/7/2024, 2:37:09 AM",3.666,85.3,100,0,2024-08-07T06:37:09.000Z
"8/7/2024, 2:42:09 AM",3.666,85.3,100,0,2024-08-07T06:42:09.000Z
"8/7/2024, 2:47:09 AM",3.666,85.1,100,0,2024-08-07T06:47:09.000Z
"8/7/2024, 2:52:09 AM",3.666,85.1,100,0,2024-08-07T06:52:09.000Z
"8/7/2024, 2:57:09 AM",3.666,85.1,100,0,2024-08-07T06:57:09.000Z
"8/7/2024, 3:02:09 AM",3.665,84.9,100,0,2024-08-07T07:02:09.000Z
"8/7/2024, 3:07:09 AM",3.666,84.7,100,0,2024-08-07T07:07:09.000Z
"8/7/2024, 3:12:09 AM",3.666,84.6,100,0,2024-08-07T07:12:09.000Z
"8/7/2024, 3:17:09 AM",3.665,84.6,100,0,2024-08-07T07:17:09.000Z
"8/7/2024, 3:22:09 AM",3.666,84.4,100,0,2024-08-07T07:22:09.000Z
"8/7/2024, 3:27:09 AM",3.666,84.4,100,0,2024-08-07T07:27:09.000Z
"8/7/2024, 3:32:09 AM",3.666,84.2,100,0,2024-08-07T07:32:09.000Z
"8/7/2024, 3:37:09 AM",3.666,84,100,0,2024-08-07T07:37:09.000Z
"8/7/2024, 3:42:09 AM",3.666,84,100,0,2024-08-07T07:42:09.000Z
"8/7/2024, 3:47:09 AM",3.666,84,100,0,2024-08-07T07:47:09.000Z
"8/7/2024, 3:52:09 AM",3.666,83.8,100,0,2024-08-07T07:52:09.000Z
"8/7/2024, 3:57:09 AM",3.666,83.8,100,0,2024-08-07T07:57:09.000Z
"8/7/2024, 4:02:09 AM",3.666,83.7,100,0,2024-08-07T08:02:09.000Z
"8/7/2024, 4:07:09 AM",3.666,83.7,100,0,2024-08-07T08:07:09.000Z
"8/7/2024, 4:12:09 AM",3.666,83.5,100,0,2024-08-07T08:12:09.000Z
"8/7/2024, 4:17:09 AM",3.666,83.5,100,0,2024-08-07T08:17:09.000Z
"8/7/2024, 4:22:09 AM",3.666,83.5,100,0,2024-08-07T08:22:09.000Z
"8/7/2024, 4:27:09 AM",3.666,83.3,100,0,2024-08-07T08:27:09.000Z
"8/7/2024, 4:32:09 AM",3.666,83.3,100,0,2024-08-07T08:32:09.000Z
"8/7/2024, 4:37:09 AM",3.665,83.1,100,0,2024-08-07T08:37:09.000Z
"8/7/2024, 4:42:09 AM",3.666,83.1,100,0,2024-08-07T08:42:09.000Z
"8/7/2024, 4:47:09 AM",3.666,83.1,100,0,2024-08-07T08:47:09.000Z
"8/7/2024, 4:52:09 AM",3.666,83.1,100,0,2024-08-07T08:52:09.000Z
"8/7/2024, 4:57:09 AM",3.666,83.1,100,0,2024-08-07T08:57:09.000Z
"8/7/2024, 5:02:09 AM",3.666,83.1,100,0,2024-08-07T09:02:09.000Z
"8/7/2024, 5:07:09 AM",3.666,83.1,100,0,2024-08-07T09:07:09.000Z
"8/7/2024, 5:12:09 AM",3.666,83.1,100,0,2024-08-07T09:12:09.000Z
"8/7/2024, 5:17:09 AM",3.666,83.1,100,0,2024-08-07T09:17:09.000Z
"8/7/2024, 5:22:09 AM",3.666,83.1,100,0,2024-08-07T09:22:09.000Z
"8/7/2024, 5:27:09 AM",3.666,83.1,100,0,2024-08-07T09:27:09.000Z
"8/7/2024, 5:32:09 AM",3.666,83.1,100,0,2024-08-07T09:32:09.000Z
"8/7/2024, 5:37:09 AM",3.666,82.9,100,0,2024-08-07T09:37:09.000Z
"8/7/2024, 5:42:09 AM",3.666,82.9,100,0,2024-08-07T09:42:09.000Z
"8/7/2024, 5:47:09 AM",3.666,82.9,100,0,2024-08-07T09:47:09.000Z
"8/7/2024, 5:52:09 AM",3.666,82.9,100,0,2024-08-07T09:52:09.000Z
"8/7/2024, 5:57:09 AM",3.666,82.9,100,0,2024-08-07T09:57:09.000Z
"8/7/2024, 6:02:09 AM",3.666,82.8,100,0,2024-08-07T10:02:09.000Z
"8/7/2024, 6:07:09 AM",3.666,82.8,100,0,2024-08-07T10:07:09.000Z
"8/7/2024, 6:12:09 AM",3.666,82.8,100,0,2024-08-07T10:12:09.000Z
"8/7/2024, 6:17:09 AM",3.665,82.8,100,0,2024-08-07T10:17:09.000Z
"8/7/2024, 6:22:09 AM",3.666,82.6,100,0,2024-08-07T10:22:09.000Z
"8/7/2024, 6:27:09 AM",3.666,82.6,100,0,2024-08-07T10:27:09.000Z
"8/7/2024, 6:32:09 AM",3.666,82.4,100,0,2024-08-07T10:32:09.000Z
"8/7/2024, 6:37:09 AM",3.666,82.4,100,0,2024-08-07T10:37:09.000Z
"8/7/2024, 6:42:09 AM",3.666,82.4,100,0,2024-08-07T10:42:09.000Z
"8/7/2024, 6:47:09 AM",3.666,82.4,100,0,2024-08-07T10:47:09.000Z
"8/7/2024, 6:52:09 AM",3.666,82.2,100,0,2024-08-07T10:52:09.000Z
"8/7/2024, 6:57:09 AM",3.666,82.2,100,0,2024-08-07T10:57:09.000Z
"8/7/2024, 7:02:09 AM",3.666,82.2,100,0,2024-08-07T11:02:09.000Z
"8/7/2024, 7:07:09 AM",3.666,82,100,0,2024-08-07T11:07:09.000Z
"8/7/2024, 7:12:09 AM",3.666,82,100,0,2024-08-07T11:12:09.000Z
"8/7/2024, 7:17:09 AM",3.666,82,100,0,2024-08-07T11:17:09.000Z
"8/7/2024, 7:22:09 AM",3.666,81.9,100,0,2024-08-07T11:22:09.000Z
"8/7/2024, 7:27:09 AM",3.666,81.9,100,0,2024-08-07T11:27:09.000Z
"8/7/2024, 7:32:09 AM",3.666,81.9,100,0,2024-08-07T11:32:09.000Z
"8/7/2024, 7:37:09 AM",3.666,81.9,100,0,2024-08-07T11:37:09.000Z
"8/7/2024, 7:42:09 AM",3.666,81.7,100,0,2024-08-07T11:42:09.000Z
"8/7/2024, 7:47:09 AM",3.666,81.7,100,0,2024-08-07T11:47:09.000Z
"8/7/2024, 7:52:09 AM",3.666,81.7,100,0,2024-08-07T11:52:09.000Z
"8/7/2024, 7:57:09 AM",3.666,81.7,100,0,2024-08-07T11:57:09.000Z
"8/7/2024, 8:02:09 AM",3.666,81.7,100,0,2024-08-07T12:02:09.000Z
"8/7/2024, 8:07:09 AM",3.666,81.7,100,0,2024-08-07T12:07:09.000Z
"8/7/2024, 8:12:09 AM",3.666,81.7,100,0,2024-08-07T12:12:09.000Z
"8/7/2024, 8:17:09 AM",3.666,81.9,100,0,2024-08-07T12:17:09.000Z
"8/7/2024, 8:22:09 AM",3.666,81.9,100,0,2024-08-07T12:22:09.000Z
"8/7/2024, 8:27:09 AM",3.666,81.9,100,0,2024-08-07T12:27:09.000Z
"8/7/2024, 8:32:09 AM",3.666,82,100,0,2024-08-07T12:32:09.000Z
"8/7/2024, 8:37:09 AM",3.666,82,100,0,2024-08-07T12:37:09.000Z
"8/7/2024, 8:42:09 AM",3.666,82.2,100,0,2024-08-07T12:42:09.000Z
"8/7/2024, 8:47:09 AM",3.666,82.4,100,0,2024-08-07T12:47:09.000Z
"8/7/2024, 8:52:09 AM",3.666,82.6,100,0,2024-08-07T12:52:09.000Z
"8/7/2024, 8:57:09 AM",3.666,82.8,100,0,2024-08-07T12:57:09.000Z
"8/7/2024, 9:02:09 AM",3.666,82.9,100,0,2024-08-07T13:02:09.000Z
"8/7/2024, 9:07:09 AM",3.666,83.1,100,0,2024-08-07T13:07:09.000Z
"8/7/2024, 9:12:09 AM",3.666,83.3,100,0,2024-08-07T13:12:09.000Z
"8/7/2024, 9:17:09 AM",3.666,83.5,100,0,2024-08-07T13:17:09.000Z
"8/7/2024, 9:22:09 AM",3.666,83.8,100,0,2024-08-07T13:22:09.000Z
"8/7/2024, 9:27:09 AM",3.665,84,100,0,2024-08-07T13:27:09.000Z
"8/7/2024, 9:32:09 AM",3.665,84.2,100,0,2024-08-07T13:32:09.000Z
"8/7/2024, 9:37:09 AM",3.666,84.4,100,0,2024-08-07T13:37:09.000Z
"8/7/2024, 9:42:09 AM",3.665,84.6,100,0,2024-08-07T13:42:09.000Z
"8/7/2024, 9:47:09 AM",3.666,84.9,100,0,2024-08-07T13:47:09.000Z
"8/7/2024, 9:52:09 AM",3.666,85.1,100,0,2024-08-07T13:52:09.000Z
"8/7/2024, 9:57:09 AM",3.665,85.1,100,0,2024-08-07T13:57:09.000Z
"8/7/2024, 10:02:09 AM",3.665,85.3,100,0,2024-08-07T14:02:09.000Z
"8/7/2024, 10:07:09 AM",3.665,85.3,100,0,2024-08-07T14:07:09.000Z
"8/7/2024, 10:12:09 AM",3.666,85.3,100,0,2024-08-07T14:12:09.000Z
"8/7/2024, 10:17:09 AM",3.666,85.1,100,0,2024-08-07T14:17:09.000Z
"8/7/2024, 10:22:09 AM",3.665,85.1,100,0,2024-08-07T14:22:09.000Z
"8/7/2024, 10:27:09 AM",3.665,84.9,100,0,2024-08-07T14:27:09.000Z
"8/7/2024, 10:32:09 AM",3.665,84.9,100,0,2024-08-07T14:32:09.000Z
"8/7/2024, 10:37:09 AM",3.665,84.9,100,0,2024-08-07T14:37:09.000Z
"8/7/2024, 10:42:09 AM",3.666,84.7,100,0,2024-08-07T14:42:09.000Z
"8/7/2024, 10:47:09 AM",3.666,84.9,100,0,2024-08-07T14:47:09.000Z
"8/7/2024, 10:52:09 AM",3.665,85.1,100,0,2024-08-07T14:52:09.000Z
"8/7/2024, 10:57:09 AM",3.665,85.6,100,0,2024-08-07T14:57:09.000Z
"8/7/2024, 11:02:09 AM",3.665,86.2,100,0,2024-08-07T15:02:09.000Z
"8/7/2024, 11:07:09 AM",3.665,86.7,100,0,2024-08-07T15:07:09.000Z
"8/7/2024, 11:12:09 AM",3.665,87.3,100,0,2024-08-07T15:12:09.000Z
"8/7/2024, 11:17:09 AM",3.665,87.6,100,0,2024-08-07T15:17:09.000Z
"8/7/2024, 11:22:09 AM",3.665,88,100,0,2024-08-07T15:22:09.000Z
"8/7/2024, 11:27:09 AM",3.665,88.9,100,0,2024-08-07T15:27:09.000Z
"8/7/2024, 11:32:09 AM",3.665,89.8,100,0,2024-08-07T15:32:09.000Z
"8/7/2024, 11:37:09 AM",3.665,91,100,0,2024-08-07T15:37:09.000Z
"8/7/2024, 11:42:09 AM",3.664,92.3,100,0,2024-08-07T15:42:09.000Z
"8/7/2024, 11:47:09 AM",3.665,93.4,100,0,2024-08-07T15:47:09.000Z
"8/7/2024, 11:52:09 AM",3.664,94.3,100,0,2024-08-07T15:52:09.000Z
"8/7/2024, 11:57:09 AM",3.664,95,100,0,2024-08-07T15:57:09.000Z
"8/7/2024, 12:02:09 PM",3.663,95.5,100,0,2024-08-07T16:02:09.000Z
"8/7/2024, 12:07:09 PM",3.664,96.1,100,0,2024-08-07T16:07:09.000Z
"8/7/2024, 12:12:09 PM",3.663,96.4,100,0,2024-08-07T16:12:09.000Z
"8/7/2024, 12:17:09 PM",3.663,96.8,100,0,2024-08-07T16:17:09.000Z
"8/7/2024, 12:22:09 PM",3.663,97,100,0,2024-08-07T16:22:09.000Z
"8/7/2024, 12:27:09 PM",3.663,97,100,0,2024-08-07T16:27:09.000Z
"8/7/2024, 12:32:09 PM",3.663,96.8,100,0,2024-08-07T16:32:09.000Z
"8/7/2024, 12:37:09 PM",3.663,96.4,100,0,2024-08-07T16:37:09.000Z
"8/7/2024, 12:42:09 PM",3.664,96.3,100,0,2024-08-07T16:42:09.000Z
"8/7/2024, 12:47:09 PM",3.663,96.3,100,0,2024-08-07T16:47:09.000Z
"8/7/2024, 12:52:09 PM",3.664,96.6,100,0,2024-08-07T16:52:09.000Z
"8/7/2024, 12:57:09 PM",3.664,96.8,100,0,2024-08-07T16:57:09.000Z
"8/7/2024, 1:02:09 PM",3.663,97.2,100,0,2024-08-07T17:02:09.000Z
"8/7/2024, 1:07:09 PM",3.663,98.1,100,0,2024-08-07T17:07:09.000Z
"8/7/2024, 1:12:09 PM",3.663,98.2,100,0,2024-08-07T17:12:09.000Z
"8/7/2024, 1:17:09 PM",3.663,98.2,100,0,2024-08-07T17:17:09.000Z
"8/7/2024, 1:22:09 PM",3.663,98.2,100,0,2024-08-07T17:22:09.000Z
"8/7/2024, 1:27:09 PM",3.663,98.2,100,0,2024-08-07T17:27:09.000Z
"8/7/2024, 1:32:09 PM",3.663,98.4,100,0,2024-08-07T17:32:09.000Z
"8/7/2024, 1:37:09 PM",3.663,98.4,100,0,2024-08-07T17:37:09.000Z
"8/7/2024, 1:42:09 PM",3.663,98.6,100,0,2024-08-07T17:42:09.000Z
"8/7/2024, 1:47:09 PM",3.663,99,100,0,2024-08-07T17:47:09.000Z
"8/7/2024, 1:52:09 PM",3.663,99.5,100,0,2024-08-07T17:52:09.000Z
"8/7/2024, 1:57:09 PM",3.663,100,99.8,0,2024-08-07T17:57:09.000Z
"8/7/2024, 2:02:09 PM",3.663,100.2,99.4,0,2024-08-07T18:02:09.000Z
"8/7/2024, 2:07:09 PM",3.663,100.6,98.9,0,2024-08-07T18:07:09.000Z
"8/7/2024, 2:12:09 PM",3.662,100.9,98.5,0,2024-08-07T18:12:09.000Z
"8/7/2024, 2:17:09 PM",3.663,101.1,98,0,2024-08-07T18:17:09.000Z
"8/7/2024, 2:22:09 PM",3.662,101.1,97.5,0,2024-08-07T18:22:09.000Z
"8/7/2024, 2:27:09 PM",3.663,100.8,97.2,0,2024-08-07T18:27:09.000Z
"8/7/2024, 2:32:09 PM",3.663,100.2,96.8,0,2024-08-07T18:32:09.000Z
"8/7/2024, 2:37:09 PM",3.663,99.9,96.6,0,2024-08-07T18:37:09.000Z
"8/7/2024, 2:42:09 PM",3.663,99.5,96.5,0,2024-08-07T18:42:09.000Z
"8/7/2024, 2:47:09 PM",3.663,99,96.3,0,2024-08-07T18:47:09.000Z
"8/7/2024, 2:52:09 PM",3.663,99,96.1,0,2024-08-07T18:52:09.000Z
"8/7/2024, 2:57:09 PM",3.663,98.2,96,0,2024-08-07T18:57:09.000Z
"8/7/2024, 3:02:09 PM",3.663,97.7,96,0,2024-08-07T19:02:09.000Z
"8/7/2024, 3:07:09 PM",3.663,97.2,96,0,2024-08-07T19:07:09.000Z
"8/7/2024, 3:12:09 PM",3.664,96.8,96.1,0,2024-08-07T19:12:09.000Z
"8/7/2024, 3:17:09 PM",3.663,96.4,96.1,0,2024-08-07T19:17:09.000Z
"8/7/2024, 3:22:09 PM",3.664,95.9,96.2,0,2024-08-07T19:22:09.000Z
"8/7/2024, 3:27:09 PM",3.664,95.4,96.2,0,2024-08-07T19:27:09.000Z
"8/7/2024, 3:32:09 PM",3.664,95,96.2,0,2024-08-07T19:32:09.000Z
"8/7/2024, 3:37:09 PM",3.664,94.6,96.2,0,2024-08-07T19:37:09.000Z
"8/7/2024, 3:42:09 PM",3.664,94.3,96.1,0,2024-08-07T19:42:09.000Z
"8/7/2024, 3:47:09 PM",3.664,93.9,96.1,0,2024-08-07T19:47:09.000Z
"8/7/2024, 3:52:09 PM",3.664,93.6,96.1,0,2024-08-07T19:52:09.000Z
"8/7/2024, 3:57:09 PM",3.665,93.4,96.1,0,2024-08-07T19:57:09.000Z
"8/7/2024, 4:02:09 PM",3.665,93.4,96.2,0,2024-08-07T20:02:09.000Z
"8/7/2024, 4:07:09 PM",3.664,93.4,96.2,0,2024-08-07T20:07:09.000Z
"8/7/2024, 4:12:09 PM",3.664,93.4,96.3,0,2024-08-07T20:12:09.000Z
"8/7/2024, 4:17:09 PM",3.664,93.7,96.3,0,2024-08-07T20:17:09.000Z
"8/7/2024, 4:22:09 PM",3.665,93.9,96.3,0,2024-08-07T20:22:09.000Z
"8/7/2024, 4:27:09 PM",3.665,94.3,96.1,0,2024-08-07T20:27:09.000Z
"8/7/2024, 4:32:09 PM",3.664,95,95.9,0,2024-08-07T20:32:09.000Z
"8/7/2024, 4:37:09 PM",3.664,95.5,95.8,0,2024-08-07T20:37:09.000Z
"8/7/2024, 4:42:09 PM",3.664,95.5,95.7,0,2024-08-07T20:42:09.000Z
"8/7/2024, 4:47:09 PM",3.664,95.5,95.4,0,2024-08-07T20:47:09.000Z
"8/7/2024, 4:52:09 PM",3.664,95.5,95,0,2024-08-07T20:52:09.000Z
"8/7/2024, 4:57:09 PM",3.664,95.4,94.6,0,2024-08-07T20:57:09.000Z
"8/7/2024, 5:02:09 PM",3.664,95.4,94.2,0,2024-08-07T21:02:09.000Z
"8/7/2024, 5:07:09 PM",3.664,95.4,94,0,2024-08-07T21:07:09.000Z
"8/7/2024, 5:12:09 PM",3.664,95,93.8,0,2024-08-07T21:12:09.000Z
"8/7/2024, 5:17:09 PM",3.664,94.6,93.8,0,2024-08-07T21:17:09.000Z
"8/7/2024, 5:22:09 PM",3.664,94.5,93.9,0,2024-08-07T21:22:09.000Z
"8/7/2024, 5:27:09 PM",3.664,93.9,94,0,2024-08-07T21:27:09.000Z
"8/7/2024, 5:32:09 PM",3.664,93.6,93.9,0,2024-08-07T21:32:09.000Z
"8/7/2024, 5:37:09 PM",3.664,93.4,94.1,0,2024-08-07T21:37:09.000Z
"8/7/2024, 5:42:09 PM",3.664,93.6,94.2,0,2024-08-07T21:42:09.000Z
"8/7/2024, 5:47:09 PM",3.664,93.4,94.4,0,2024-08-07T21:47:09.000Z
"8/7/2024, 5:52:09 PM",3.664,93.2,94.5,0,2024-08-07T21:52:09.000Z
"8/7/2024, 5:57:09 PM",3.664,92.8,94.7,0,2024-08-07T21:57:09.000Z
"8/7/2024, 6:02:09 PM",3.664,92.5,94.8,0,2024-08-07T22:02:09.000Z
"8/7/2024, 6:07:09 PM",3.665,92.3,94.8,0,2024-08-07T22:07:09.000Z
"8/7/2024, 6:12:09 PM",3.665,91.9,94.9,0,2024-08-07T22:12:09.000Z
"8/7/2024, 6:17:09 PM",3.665,91.9,95,0,2024-08-07T22:17:09.000Z
"8/7/2024, 6:22:09 PM",3.665,92.3,95.1,0,2024-08-07T22:22:09.000Z
"8/7/2024, 6:27:09 PM",3.665,92.7,95.1,0,2024-08-07T22:27:09.000Z
"8/7/2024, 6:32:09 PM",3.664,93,94.9,0,2024-08-07T22:32:09.000Z
"8/7/2024, 6:37:09 PM",3.665,93.2,94.7,0,2024-08-07T22:37:09.000Z
"8/7/2024, 6:42:09 PM",3.665,93.4,94.6,0,2024-08-07T22:42:09.000Z
"8/7/2024, 6:47:09 PM",3.665,93.4,94.4,0,2024-08-07T22:47:09.000Z
"8/7/2024, 6:52:09 PM",3.665,93.2,94.2,0,2024-08-07T22:52:09.000Z
"8/7/2024, 6:57:09 PM",3.665,93,94.1,0,2024-08-07T22:57:09.000Z
"8/7/2024, 7:02:09 PM",3.664,92.7,93.8,0,2024-08-07T23:02:09.000Z
"8/7/2024, 7:07:09 PM",3.665,92.3,93.7,0,2024-08-07T23:07:09.000Z
"8/7/2024, 7:12:09 PM",3.664,91.8,93.7,0,2024-08-07T23:12:09.000Z
"8/7/2024, 7:17:09 PM",3.665,91.4,93.6,0,2024-08-07T23:17:09.000Z
"8/7/2024, 7:22:09 PM",3.665,91.2,93.6,0,2024-08-07T23:22:09.000Z
"8/7/2024, 7:27:09 PM",3.665,90.9,93.6,0,2024-08-07T23:27:09.000Z
"8/7/2024, 7:32:09 PM",3.665,90.5,93.6,0,2024-08-07T23:32:09.000Z
"8/7/2024, 7:37:09 PM",3.665,90.1,93.7,0,2024-08-07T23:37:09.000Z
"8/7/2024, 7:42:09 PM",3.665,90,93.9,0,2024-08-07T23:42:09.000Z
"8/7/2024, 7:47:09 PM",3.665,89.6,94,0,2024-08-07T23:47:09.000Z
"8/7/2024, 7:52:09 PM",3.665,89.2,93.9,0,2024-08-07T23:52:09.000Z
"8/7/2024, 7:57:09 PM",3.665,88.9,94.1,0,2024-08-07T23:57:09.000Z
"8/7/2024, 8:02:09 PM",3.665,88.9,94.2,0,2024-08-08T00:02:09.000Z
"8/7/2024, 8:07:09 PM",3.665,88.2,94.2,0,2024-08-08T00:07:09.000Z
"8/7/2024, 8:12:09 PM",3.665,87.8,94.3,0,2024-08-08T00:12:09.000Z
"8/7/2024, 8:17:09 PM",3.665,87.4,94.4,0,2024-08-08T00:17:09.000Z
"8/7/2024, 8:22:09 PM",3.665,87.1,94.5,0,2024-08-08T00:22:09.000Z
"8/7/2024, 8:27:09 PM",3.666,86.7,94.6,0,2024-08-08T00:27:09.000Z
"8/7/2024, 8:32:09 PM",3.665,86.4,94.6,0,2024-08-08T00:32:09.000Z
"8/7/2024, 8:37:09 PM",3.666,86,94.6,0,2024-08-08T00:37:09.000Z
"8/7/2024, 8:42:09 PM",3.665,85.6,94.8,0,2024-08-08T00:42:09.000Z
"8/7/2024, 8:47:09 PM",3.665,85.5,95,0,2024-08-08T00:47:09.000Z
"8/7/2024, 8:52:09 PM",3.666,85.3,95.2,0,2024-08-08T00:52:09.000Z
"8/7/2024, 8:57:09 PM",3.666,84.9,95.4,0,2024-08-08T00:57:09.000Z
"8/7/2024, 9:02:09 PM",3.666,84.7,95.6,0,2024-08-08T01:02:09.000Z
"8/7/2024, 9:07:09 PM",3.666,84.6,95.7,0,2024-08-08T01:07:09.000Z
"8/7/2024, 9:12:09 PM",3.665,84.4,95.9,0,2024-08-08T01:12:09.000Z
"8/7/2024, 9:17:09 PM",3.666,84,96,0,2024-08-08T01:17:09.000Z
"8/7/2024, 9:22:09 PM",3.666,84,96.2,0,2024-08-08T01:22:09.000Z
"8/7/2024, 9:27:09 PM",3.666,84,96.5,0,2024-08-08T01:27:09.000Z
"8/7/2024, 9:32:09 PM",3.666,83.7,96.7,0,2024-08-08T01:32:09.000Z
"8/7/2024, 9:37:09 PM",3.665,83.5,96.8,0,2024-08-08T01:37:09.000Z
"8/7/2024, 9:42:09 PM",3.666,83.5,97.1,0,2024-08-08T01:42:09.000Z
"8/7/2024, 9:47:09 PM",3.666,83.3,97.3,0,2024-08-08T01:47:09.000Z
"8/7/2024, 9:52:09 PM",3.666,83.3,97.4,0,2024-08-08T01:52:09.000Z
"8/7/2024, 9:57:09 PM",3.666,83.1,97.7,0,2024-08-08T01:57:09.000Z
"8/7/2024, 10:02:09 PM",3.666,83.1,97.9,0,2024-08-08T02:02:09.000Z
"8/7/2024, 10:07:09 PM",3.666,82.9,98.1,0,2024-08-08T02:07:09.000Z
"8/7/2024, 10:12:09 PM",3.666,82.9,98.3,0,2024-08-08T02:12:09.000Z
"8/7/2024, 10:17:09 PM",3.666,82.9,98.4,0,2024-08-08T02:17:09.000Z
"8/7/2024, 10:22:09 PM",3.666,82.8,98.6,0,2024-08-08T02:22:09.000Z
"8/7/2024, 10:27:09 PM",3.666,82.8,98.8,0,2024-08-08T02:27:09.000Z
"8/7/2024, 10:32:09 PM",3.666,82.6,98.9,0,2024-08-08T02:32:09.000Z
"8/7/2024, 10:37:09 PM",3.666,82.6,99,0,2024-08-08T02:37:09.000Z
"8/7/2024, 10:42:09 PM",3.666,82.4,99.1,0,2024-08-08T02:42:09.000Z
"8/7/2024, 10:47:09 PM",3.666,82.4,99.2,0,2024-08-08T02:47:09.000Z
"8/7/2024, 10:52:09 PM",3.666,82.2,99.3,0,2024-08-08T02:52:09.000Z
"8/7/2024, 10:57:09 PM",3.666,82.2,99.4,0,2024-08-08T02:57:09.000Z
"8/7/2024, 11:02:09 PM",3.666,82.2,99.5,0,2024-08-08T03:02:09.000Z
"8/7/2024, 11:07:09 PM",3.666,82,99.5,0,2024-08-08T03:07:09.000Z
"8/7/2024, 11:12:09 PM",3.666,82,99.6,0,2024-08-08T03:12:09.000Z
"8/7/2024, 11:17:09 PM",3.666,82,99.6,0,2024-08-08T03:17:09.000Z
"8/7/2024, 11:22:09 PM",3.666,81.9,99.7,0,2024-08-08T03:22:09.000Z
"8/7/2024, 11:27:09 PM",3.666,81.9,99.8,0,2024-08-08T03:27:09.000Z
"8/7/2024, 11:32:09 PM",3.666,81.9,99.9,0,2024-08-08T03:32:09.000Z
"8/7/2024, 11:37:09 PM",3.666,81.9,100,0,2024-08-08T03:37:09.000Z
"8/7/2024, 11:42:09 PM",3.666,81.7,100,0,2024-08-08T03:42:09.000Z
"8/7/2024, 11:47:09 PM",3.666,81.5,100,0,2024-08-08T03:47:09.000Z
"8/7/2024, 11:52:09 PM",3.666,81.5,100,0,2024-08-08T03:52:09.000Z
"8/7/2024, 11:57:09 PM",3.666,81.3,100,0,2024-08-08T03:57:09.000Z
"8/8/2024, 12:02:09 AM",3.666,81.3,100,0,2024-08-08T04:02:09.000Z
"8/8/2024, 12:07:09 AM",3.666,81.1,100,0,2024-08-08T04:07:09.000Z
"8/8/2024, 12:12:09 AM",3.666,81.1,100,0,2024-08-08T04:12:09.000Z
"8/8/2024, 12:17:09 AM",3.666,81.1,100,0,2024-08-08T04:17:09.000Z
"8/8/2024, 12:22:09 AM",3.666,81.1,100,0,2024-08-08T04:22:09.000Z
"8/8/2024, 12:27:09 AM",3.666,81.1,100,0,2024-08-08T04:27:09.000Z
"8/8/2024, 12:32:09 AM",3.666,81.1,100,0,2024-08-08T04:32:09.000Z
"8/8/2024, 12:37:09 AM",3.666,81.1,100,0,2024-08-08T04:37:09.000Z
"8/8/2024, 12:42:09 AM",3.667,81.1,100,0,2024-08-08T04:42:09.000Z
"8/8/2024, 12:47:09 AM",3.666,81,100,0,2024-08-08T04:47:09.000Z
"8/8/2024, 12:52:09 AM",3.666,81,100,0,2024-08-08T04:52:09.000Z
"8/8/2024, 12:57:09 AM",3.666,81,100,0,2024-08-08T04:57:09.000Z
"8/8/2024, 1:02:09 AM",3.666,81,100,0,2024-08-08T05:02:09.000Z
"8/8/2024, 1:07:09 AM",3.666,81,100,0,2024-08-08T05:07:09.000Z
"8/8/2024, 1:12:09 AM",3.666,80.8,100,0,2024-08-08T05:12:09.000Z
"8/8/2024, 1:17:09 AM",3.666,80.8,100,0,2024-08-08T05:17:09.000Z
"8/8/2024, 1:22:09 AM",3.666,80.8,100,0,2024-08-08T05:22:09.000Z
"8/8/2024, 1:27:09 AM",3.666,80.6,100,0,2024-08-08T05:27:09.000Z
"8/8/2024, 1:32:09 AM",3.666,80.6,100,0,2024-08-08T05:32:09.000Z
"8/8/2024, 1:37:09 AM",3.666,80.6,100,0,2024-08-08T05:37:09.000Z
"8/8/2024, 1:42:09 AM",3.666,80.6,100,0,2024-08-08T05:42:09.000Z
"8/8/2024, 1:47:09 AM",3.666,80.4,100,0,2024-08-08T05:47:09.000Z
"8/8/2024, 1:52:09 AM",3.666,80.4,100,0,2024-08-08T05:52:09.000Z
"8/8/2024, 1:57:09 AM",3.666,80.2,100,0,2024-08-08T05:57:09.000Z
"8/8/2024, 2:02:09 AM",3.666,80.2,100,0,2024-08-08T06:02:09.000Z
"8/8/2024, 2:07:09 AM",3.666,80.1,100,0,2024-08-08T06:07:09.000Z
"8/8/2024, 2:12:09 AM",3.666,80.1,100,0,2024-08-08T06:12:09.000Z
"8/8/2024, 2:17:09 AM",3.666,80.1,100,0,2024-08-08T06:17:09.000Z
"8/8/2024, 2:22:09 AM",3.666,79.9,100,0,2024-08-08T06:22:09.000Z
"8/8/2024, 2:27:09 AM",3.666,79.9,100,0,2024-08-08T06:27:09.000Z
"8/8/2024, 2:32:09 AM",3.666,79.9,100,0,2024-08-08T06:32:09.000Z
"8/8/2024, 2:37:09 AM",3.667,79.9,100,0,2024-08-08T06:37:09.000Z
"8/8/2024, 2:42:09 AM",3.666,79.9,100,0,2024-08-08T06:42:09.000Z
"8/8/2024, 2:47:09 AM",3.666,79.9,100,0,2024-08-08T06:47:09.000Z
"8/8/2024, 2:52:09 AM",3.666,79.7,100,0,2024-08-08T06:52:09.000Z
"8/8/2024, 2:57:09 AM",3.666,79.7,100,0,2024-08-08T06:57:09.000Z
"8/8/2024, 3:02:09 AM",3.666,79.7,100,0,2024-08-08T07:02:09.000Z
"8/8/2024, 3:07:09 AM",3.666,79.7,100,0,2024-08-08T07:07:09.000Z
"8/8/2024, 3:12:09 AM",3.666,79.9,100,0,2024-08-08T07:12:09.000Z
"8/8/2024, 3:17:09 AM",3.666,79.9,100,0,2024-08-08T07:17:09.000Z
"8/8/2024, 3:22:09 AM",3.666,79.9,100,0,2024-08-08T07:22:09.000Z
"8/8/2024, 3:27:09 AM",3.666,79.9,100,0,2024-08-08T07:27:09.000Z
"8/8/2024, 3:32:09 AM",3.666,79.9,100,0,2024-08-08T07:32:09.000Z
"8/8/2024, 3:37:09 AM",3.666,79.9,100,0,2024-08-08T07:37:09.000Z
"8/8/2024, 3:42:09 AM",3.666,79.9,100,0,2024-08-08T07:42:09.000Z
"8/8/2024, 3:47:09 AM",3.666,79.9,100,0,2024-08-08T07:47:09.000Z
"8/8/2024, 3:52:09 AM",3.666,79.9,100,0,2024-08-08T07:52:09.000Z
"8/8/2024, 3:57:09 AM",3.666,80.1,100,0,2024-08-08T07:57:09.000Z
"8/8/2024, 4:02:09 AM",3.666,80.1,100,0,2024-08-08T08:02:09.000Z
"8/8/2024, 4:07:09 AM",3.666,80.1,100,0,2024-08-08T08:07:09.000Z
"8/8/2024, 4:12:09 AM",3.666,80.1,100,0,2024-08-08T08:12:09.000Z
"8/8/2024, 4:17:09 AM",3.666,80.1,100,0,2024-08-08T08:17:09.000Z
"8/8/2024, 4:22:09 AM",3.666,80.1,100,0,2024-08-08T08:22:09.000Z
"8/8/2024, 4:27:09 AM",3.666,80.1,100,0,2024-08-08T08:27:09.000Z
"8/8/2024, 4:32:09 AM",3.666,80.1,100,0,2024-08-08T08:32:09.000Z
"8/8/2024, 4:37:09 AM",3.667,80.1,100,0,2024-08-08T08:37:09.000Z
"8/8/2024, 4:42:09 AM",3.666,80.1,100,0,2024-08-08T08:42:09.000Z
"8/8/2024, 4:47:09 AM",3.666,79.9,100,0,2024-08-08T08:47:09.000Z
"8/8/2024, 4:52:09 AM",3.666,80.1,100,0,2024-08-08T08:52:09.000Z
"8/8/2024, 4:57:09 AM",3.666,80.1,100,0,2024-08-08T08:57:09.000Z
"8/8/2024, 5:02:09 AM",3.667,79.9,100,0,2024-08-08T09:02:09.000Z
"8/8/2024, 5:07:09 AM",3.666,79.9,100,0,2024-08-08T09:07:09.000Z
"8/8/2024, 5:12:09 AM",3.666,79.9,100,0,2024-08-08T09:12:09.000Z
"8/8/2024, 5:17:09 AM",3.666,79.9,100,0,2024-08-08T09:17:09.000Z
"8/8/2024, 5:22:09 AM",3.665,79.9,100,0,2024-08-08T09:22:09.000Z
"8/8/2024, 5:27:09 AM",3.666,79.9,100,0,2024-08-08T09:27:09.000Z
"8/8/2024, 5:32:09 AM",3.666,79.9,100,0,2024-08-08T09:32:09.000Z
"8/8/2024, 5:37:09 AM",3.666,79.9,100,0,2024-08-08T09:37:09.000Z
"8/8/2024, 5:42:09 AM",3.666,79.9,100,0,2024-08-08T09:42:09.000Z
"8/8/2024, 5:47:09 AM",3.666,79.9,100,0,2024-08-08T09:47:09.000Z
"8/8/2024, 5:52:09 AM",3.666,79.9,100,0,2024-08-08T09:52:09.000Z
"8/8/2024, 5:57:09 AM",3.666,79.9,100,0,2024-08-08T09:57:09.000Z
"8/8/2024, 6:02:09 AM",3.666,79.7,100,0,2024-08-08T10:02:09.000Z
"8/8/2024, 6:07:09 AM",3.666,79.5,100,0,2024-08-08T10:07:09.000Z
"8/8/2024, 6:12:09 AM",3.666,79.5,100,0,2024-08-08T10:12:09.000Z
"8/8/2024, 6:17:09 AM",3.666,79.5,100,0,2024-08-08T10:17:09.000Z
"8/8/2024, 6:22:09 AM",3.666,79.5,100,0,2024-08-08T10:22:09.000Z
"8/8/2024, 6:27:09 AM",3.666,79.5,100,0,2024-08-08T10:27:09.000Z
"8/8/2024, 6:32:09 AM",3.666,79.5,100,0,2024-08-08T10:32:09.000Z
"8/8/2024, 6:37:09 AM",3.666,79.5,100,0,2024-08-08T10:37:09.000Z
"8/8/2024, 6:42:09 AM",3.666,79.5,100,0,2024-08-08T10:42:09.000Z
"8/8/2024, 6:47:09 AM",3.666,79.5,100,0,2024-08-08T10:47:09.000Z
"8/8/2024, 6:52:09 AM",3.666,79.5,100,0,2024-08-08T10:52:09.000Z
"8/8/2024, 6:57:09 AM",3.666,79.5,100,0,2024-08-08T10:57:09.000Z
"8/8/2024, 7:02:09 AM",3.666,79.7,100,0,2024-08-08T11:02:09.000Z
"8/8/2024, 7:07:09 AM",3.666,79.9,100,0,2024-08-08T11:07:09.000Z
"8/8/2024, 7:12:09 AM",3.666,80.1,100,0,2024-08-08T11:12:09.000Z
"8/8/2024, 7:17:09 AM",3.666,80.2,100,0,2024-08-08T11:17:09.000Z
"8/8/2024, 7:22:09 AM",3.666,80.4,100,0,2024-08-08T11:22:09.000Z
"8/8/2024, 7:27:09 AM",3.666,80.6,100,0,2024-08-08T11:27:09.000Z
"8/8/2024, 7:32:09 AM",3.666,80.8,100,0,2024-08-08T11:32:09.000Z
"8/8/2024, 7:37:09 AM",3.666,81,100,0,2024-08-08T11:37:09.000Z
"8/8/2024, 7:42:09 AM",3.666,81.1,100,0,2024-08-08T11:42:09.000Z
"8/8/2024, 7:47:09 AM",3.666,81.5,100,0,2024-08-08T11:47:09.000Z
"8/8/2024, 7:52:09 AM",3.666,81.5,100,0,2024-08-08T11:52:09.000Z
"8/8/2024, 7:57:09 AM",3.666,81.7,100,0,2024-08-08T11:57:09.000Z
"8/8/2024, 8:02:09 AM",3.666,81.9,100,0,2024-08-08T12:02:09.000Z
"8/8/2024, 8:07:09 AM",3.666,82,100,0,2024-08-08T12:07:09.000Z
"8/8/2024, 8:12:09 AM",3.666,82.2,100,0,2024-08-08T12:12:09.000Z
"8/8/2024, 8:17:09 AM",3.666,82.2,100,0,2024-08-08T12:17:09.000Z
"8/8/2024, 8:22:09 AM",3.665,82.4,100,0,2024-08-08T12:22:09.000Z
"8/8/2024, 8:27:09 AM",3.666,82.4,100,0,2024-08-08T12:27:09.000Z
"8/8/2024, 8:32:09 AM",3.666,82.6,100,0,2024-08-08T12:32:09.000Z
"8/8/2024, 8:37:09 AM",3.666,82.8,100,0,2024-08-08T12:37:09.000Z
"8/8/2024, 8:42:09 AM",3.665,82.9,100,0,2024-08-08T12:42:09.000Z
"8/8/2024, 8:47:09 AM",3.666,82.9,100,0,2024-08-08T12:47:09.000Z
"8/8/2024, 8:52:09 AM",3.666,83.3,100,0,2024-08-08T12:52:09.000Z
"8/8/2024, 8:57:09 AM",3.666,83.7,100,0,2024-08-08T12:57:09.000Z
"8/8/2024, 9:02:09 AM",3.665,84,100,0,2024-08-08T13:02:09.000Z
"8/8/2024, 9:07:09 AM",3.666,84,100,0,2024-08-08T13:07:09.000Z
"8/8/2024, 9:12:09 AM",3.666,84.2,100,0,2024-08-08T13:12:09.000Z
"8/8/2024, 9:17:09 AM",3.665,84.4,100,0,2024-08-08T13:17:09.000Z
"8/8/2024, 9:22:09 AM",3.666,84.7,100,0,2024-08-08T13:22:09.000Z
"8/8/2024, 9:27:09 AM",3.666,85.1,100,0,2024-08-08T13:27:09.000Z
"8/8/2024, 9:32:09 AM",3.665,85.6,100,0,2024-08-08T13:32:09.000Z
"8/8/2024, 9:37:09 AM",3.666,86,100,0,2024-08-08T13:37:09.000Z
"8/8/2024, 9:42:09 AM",3.665,86.5,100,0,2024-08-08T13:42:09.000Z
"8/8/2024, 9:47:09 AM",3.665,86.9,100,0,2024-08-08T13:47:09.000Z
"8/8/2024, 9:52:09 AM",3.665,87.4,100,0,2024-08-08T13:52:09.000Z
"8/8/2024, 9:57:09 AM",3.665,88.2,100,0,2024-08-08T13:57:09.000Z
"8/8/2024, 10:02:09 AM",3.665,88.9,100,0,2024-08-08T14:02:09.000Z
"8/8/2024, 10:07:09 AM",3.664,89.6,100,0,2024-08-08T14:07:09.000Z
"8/8/2024, 10:12:09 AM",3.665,90.1,100,0,2024-08-08T14:12:09.000Z
"8/8/2024, 10:17:09 AM",3.665,90.9,100,0,2024-08-08T14:17:09.000Z
"8/8/2024, 10:22:09 AM",3.664,91.2,100,0,2024-08-08T14:22:09.000Z
"8/8/2024, 10:27:09 AM",3.664,91.8,100,0,2024-08-08T14:27:09.000Z
"8/8/2024, 10:32:09 AM",3.664,92.3,100,0,2024-08-08T14:32:09.000Z
"8/8/2024, 10:37:09 AM",3.664,92.7,100,0,2024-08-08T14:37:09.000Z
"8/8/2024, 10:42:09 AM",3.664,92.8,100,0,2024-08-08T14:42:09.000Z
"8/8/2024, 10:47:09 AM",3.664,92.8,100,0,2024-08-08T14:47:09.000Z
"8/8/2024, 10:52:09 AM",3.663,93.2,100,0,2024-08-08T14:52:09.000Z
"8/8/2024, 10:57:09 AM",3.664,93.4,100,0,2024-08-08T14:57:09.000Z
"8/8/2024, 11:02:09 AM",3.664,93.7,100,0,2024-08-08T15:02:09.000Z
"8/8/2024, 11:07:09 AM",3.664,93.9,100,0,2024-08-08T15:07:09.000Z
"8/8/2024, 11:12:09 AM",3.664,94.5,100,0,2024-08-08T15:12:09.000Z
"8/8/2024, 11:17:09 AM",3.664,94.8,100,0,2024-08-08T15:17:09.000Z
"8/8/2024, 11:22:09 AM",3.664,95.2,100,0,2024-08-08T15:22:09.000Z
"8/8/2024, 11:27:09 AM",3.664,95.4,100,0,2024-08-08T15:27:09.000Z
"8/8/2024, 11:32:09 AM",3.664,95.5,100,0,2024-08-08T15:32:09.000Z
"8/8/2024, 11:37:09 AM",3.664,95.9,100,0,2024-08-08T15:37:09.000Z
"8/8/2024, 11:42:09 AM",3.663,95.9,100,0,2024-08-08T15:42:09.000Z
"8/8/2024, 11:47:09 AM",3.663,96.1,100,0,2024-08-08T15:47:09.000Z
"8/8/2024, 11:52:09 AM",3.664,96.3,100,0,2024-08-08T15:52:09.000Z
"8/8/2024, 11:57:09 AM",3.663,96.3,100,0,2024-08-08T15:57:09.000Z
"8/8/2024, 12:02:09 PM",3.663,96.3,100,0,2024-08-08T16:02:09.000Z
"8/8/2024, 12:07:09 PM",3.663,96.4,100,0,2024-08-08T16:07:09.000Z
"8/8/2024, 12:12:09 PM",3.663,96.6,100,0,2024-08-08T16:12:09.000Z
"8/8/2024, 12:17:09 PM",3.663,96.8,100,0,2024-08-08T16:17:09.000Z
"8/8/2024, 12:22:09 PM",3.663,96.8,100,0,2024-08-08T16:22:09.000Z
"8/8/2024, 12:27:09 PM",3.663,96.6,100,0,2024-08-08T16:27:09.000Z
"8/8/2024, 12:32:09 PM",3.663,96.4,100,0,2024-08-08T16:32:09.000Z
"8/8/2024, 12:37:09 PM",3.663,96.3,100,0,2024-08-08T16:37:09.000Z
"8/8/2024, 12:42:09 PM",3.663,96.1,100,0,2024-08-08T16:42:09.000Z
"8/8/2024, 12:47:09 PM",3.663,95.9,100,0,2024-08-08T16:47:09.000Z
"8/8/2024, 12:52:09 PM",3.664,96.1,100,0,2024-08-08T16:52:09.000Z
"8/8/2024, 12:57:09 PM",3.663,96.4,100,0,2024-08-08T16:57:09.000Z
"8/8/2024, 1:02:09 PM",3.663,97,100,0,2024-08-08T17:02:09.000Z
"8/8/2024, 1:07:09 PM",3.663,97.5,100,0,2024-08-08T17:07:09.000Z
"8/8/2024, 1:12:09 PM",3.663,98.1,100,0,2024-08-08T17:12:09.000Z
"8/8/2024, 1:17:09 PM",3.662,99,100,0,2024-08-08T17:17:09.000Z
"8/8/2024, 1:22:09 PM",3.663,100,100,0,2024-08-08T17:22:09.000Z
"8/8/2024, 1:27:09 PM",3.663,100,100,0,2024-08-08T17:27:09.000Z
"8/8/2024, 1:32:09 PM",3.663,100.2,100,0,2024-08-08T17:32:09.000Z
"8/8/2024, 1:37:09 PM",3.662,100.8,100,0,2024-08-08T17:37:09.000Z
"8/8/2024, 1:42:09 PM",3.663,101.3,100,0,2024-08-08T17:42:09.000Z
"8/8/2024, 1:47:09 PM",3.663,101.8,100,0,2024-08-08T17:47:09.000Z
"8/8/2024, 1:52:09 PM",3.662,102.4,100,0,2024-08-08T17:52:09.000Z
"8/8/2024, 1:57:09 PM",3.662,102.9,100,0,2024-08-08T17:57:09.000Z
"8/8/2024, 2:02:09 PM",3.662,103.5,100,0,2024-08-08T18:02:09.000Z
"8/8/2024, 2:07:09 PM",3.662,103.8,100,0,2024-08-08T18:07:09.000Z
"8/8/2024, 2:12:09 PM",3.662,103.8,100,0,2024-08-08T18:12:09.000Z
"8/8/2024, 2:17:09 PM",3.662,103.5,100,0,2024-08-08T18:17:09.000Z
"8/8/2024, 2:22:09 PM",3.662,102.9,100,0,2024-08-08T18:22:09.000Z
"8/8/2024, 2:27:09 PM",3.662,103.1,100,0,2024-08-08T18:27:09.000Z
"8/8/2024, 2:32:09 PM",3.662,103.5,100,0,2024-08-08T18:32:09.000Z
"8/8/2024, 2:37:09 PM",3.662,103.8,100,0,2024-08-08T18:37:09.000Z
"8/8/2024, 2:42:09 PM",3.662,104.4,100,0,2024-08-08T18:42:09.000Z
"8/8/2024, 2:47:09 PM",3.662,105.1,100,0,2024-08-08T18:47:09.000Z
"8/8/2024, 2:52:09 PM",3.661,105.8,100,0,2024-08-08T18:52:09.000Z
"8/8/2024, 2:57:09 PM",3.662,105.6,100,0,2024-08-08T18:57:09.000Z
"8/8/2024, 3:02:09 PM",3.661,105.1,100,0,2024-08-08T19:02:09.000Z
"8/8/2024, 3:07:09 PM",3.662,104.5,100,0,2024-08-08T19:07:09.000Z
"8/8/2024, 3:12:09 PM",3.662,104,99.4,0,2024-08-08T19:12:09.000Z
"8/8/2024, 3:17:09 PM",3.662,103.5,99,0,2024-08-08T19:17:09.000Z
"8/8/2024, 3:22:09 PM",3.662,102.9,98.7,0,2024-08-08T19:22:09.000Z
"8/8/2024, 3:27:09 PM",3.662,102.4,98.4,0,2024-08-08T19:27:09.000Z
"8/8/2024, 3:32:09 PM",3.662,101.8,98.1,0,2024-08-08T19:32:09.000Z
"8/8/2024, 3:37:09 PM",3.662,101.5,98,0,2024-08-08T19:37:09.000Z
"8/8/2024, 3:42:09 PM",3.662,101.1,97.9,0,2024-08-08T19:42:09.000Z
"8/8/2024, 3:47:09 PM",3.663,100.6,97.9,0,2024-08-08T19:47:09.000Z
"8/8/2024, 3:52:09 PM",3.663,100.2,97.9,0,2024-08-08T19:52:09.000Z
"8/8/2024, 3:57:09 PM",3.663,99.9,97.9,0,2024-08-08T19:57:09.000Z
"8/8/2024, 4:02:09 PM",3.663,99.3,97.9,0,2024-08-08T20:02:09.000Z
"8/8/2024, 4:07:09 PM",3.663,99,98,0,2024-08-08T20:07:09.000Z
"8/8/2024, 4:12:09 PM",3.663,98.6,98.2,0,2024-08-08T20:12:09.000Z
"8/8/2024, 4:17:09 PM",3.663,98.1,98.2,0,2024-08-08T20:17:09.000Z
"8/8/2024, 4:22:09 PM",3.663,97.7,98.3,0,2024-08-08T20:22:09.000Z
"8/8/2024, 4:27:09 PM",3.663,97.5,98.3,0,2024-08-08T20:27:09.000Z
"8/8/2024, 4:32:09 PM",3.664,97.3,98.4,0,2024-08-08T20:32:09.000Z
"8/8/2024, 4:37:09 PM",3.663,97.5,98.5,0,2024-08-08T20:37:09.000Z
"8/8/2024, 4:42:09 PM",3.663,97.7,98.7,0,2024-08-08T20:42:09.000Z
"8/8/2024, 4:47:09 PM",3.663,97.9,98.8,0,2024-08-08T20:47:09.000Z
"8/8/2024, 4:52:09 PM",3.663,97.7,98.8,0,2024-08-08T20:52:09.000Z
"8/8/2024, 4:57:09 PM",3.663,97.5,98.7,0,2024-08-08T20:57:09.000Z
"8/8/2024, 5:02:09 PM",3.663,97.3,98.6,0,2024-08-08T21:02:09.000Z
"8/8/2024, 5:07:09 PM",3.663,97.2,98.6,0,2024-08-08T21:07:09.000Z
"8/8/2024, 5:12:09 PM",3.663,97,98.6,0,2024-08-08T21:12:09.000Z
"8/8/2024, 5:17:09 PM",3.664,97,98.5,0,2024-08-08T21:17:09.000Z
"8/8/2024, 5:22:09 PM",3.664,97.2,98.6,0,2024-08-08T21:22:09.000Z
"8/8/2024, 5:27:09 PM",3.663,97.5,98.5,0,2024-08-08T21:27:09.000Z
"8/8/2024, 5:32:09 PM",3.663,97.9,98.5,0,2024-08-08T21:32:09.000Z
"8/8/2024, 5:37:09 PM",3.663,98.1,98.4,0,2024-08-08T21:37:09.000Z
"8/8/2024, 5:42:09 PM",3.663,97.9,98.4,0,2024-08-08T21:42:09.000Z
"8/8/2024, 5:47:09 PM",3.664,98.1,98.1,0,2024-08-08T21:47:09.000Z
"8/8/2024, 5:52:09 PM",3.664,98.2,97.8,0,2024-08-08T21:52:09.000Z
"8/8/2024, 5:57:09 PM",3.663,98.1,97.7,0,2024-08-08T21:57:09.000Z
"8/8/2024, 6:02:09 PM",3.664,98.1,97.5,0,2024-08-08T22:02:09.000Z
"8/8/2024, 6:07:09 PM",3.663,98.1,97.2,0,2024-08-08T22:07:09.000Z
"8/8/2024, 6:12:09 PM",3.664,97.7,97,0,2024-08-08T22:12:09.000Z
"8/8/2024, 6:17:09 PM",3.663,97.3,96.8,0,2024-08-08T22:17:09.000Z
"8/8/2024, 6:22:09 PM",3.664,97.2,96.5,0,2024-08-08T22:22:09.000Z
"8/8/2024, 6:27:09 PM",3.664,97.2,96.4,0,2024-08-08T22:27:09.000Z
"8/8/2024, 6:32:09 PM",3.664,97.2,96.3,0,2024-08-08T22:32:09.000Z
"8/8/2024, 6:37:09 PM",3.663,97.3,96.3,0,2024-08-08T22:37:09.000Z
"8/8/2024, 6:42:09 PM",3.664,97.2,96.2,0,2024-08-08T22:42:09.000Z
"8/8/2024, 6:47:09 PM",3.664,97,96.2,0,2024-08-08T22:47:09.000Z
"8/8/2024, 6:52:09 PM",3.663,96.6,96,0,2024-08-08T22:52:09.000Z
"8/8/2024, 6:57:09 PM",3.663,96.3,96,0,2024-08-08T22:57:09.000Z
"8/8/2024, 7:02:09 PM",3.663,95.9,96,0,2024-08-08T23:02:09.000Z
"8/8/2024, 7:07:09 PM",3.664,95.5,96,0,2024-08-08T23:07:09.000Z
"8/8/2024, 7:12:09 PM",3.664,95,95.9,0,2024-08-08T23:12:09.000Z
"8/8/2024, 7:17:09 PM",3.664,94.6,96,0,2024-08-08T23:17:09.000Z
"8/8/2024, 7:22:09 PM",3.664,94.5,96,0,2024-08-08T23:22:09.000Z
"8/8/2024, 7:27:09 PM",3.664,94.1,96.1,0,2024-08-08T23:27:09.000Z
"8/8/2024, 7:32:09 PM",3.664,93.7,96.2,0,2024-08-08T23:32:09.000Z
"8/8/2024, 7:37:09 PM",3.664,93.4,96.3,0,2024-08-08T23:37:09.000Z
"8/8/2024, 7:42:09 PM",3.665,93,96.4,0,2024-08-08T23:42:09.000Z
"8/8/2024, 7:47:09 PM",3.665,92.8,96.5,0,2024-08-08T23:47:09.000Z
"8/8/2024, 7:52:09 PM",3.665,92.5,96.7,0,2024-08-08T23:52:09.000Z
"8/8/2024, 7:57:09 PM",3.665,92.1,96.8,0,2024-08-08T23:57:09.000Z
"8/8/2024, 8:02:09 PM",3.664,91.8,96.9,0,2024-08-09T00:02:09.000Z
"8/8/2024, 8:07:09 PM",3.664,91.4,97,0,2024-08-09T00:07:09.000Z
"8/8/2024, 8:12:09 PM",3.665,91,97.2,0,2024-08-09T00:12:09.000Z
"8/8/2024, 8:17:09 PM",3.665,90.7,97.3,0,2024-08-09T00:17:09.000Z
"8/8/2024, 8:22:09 PM",3.665,90.3,97.4,0,2024-08-09T00:22:09.000Z
"8/8/2024, 8:27:09 PM",3.665,90,97.6,0,2024-08-09T00:27:09.000Z
"8/8/2024, 8:32:09 PM",3.665,89.6,97.7,0,2024-08-09T00:32:09.000Z
"8/8/2024, 8:37:09 PM",3.665,89.4,97.8,0,2024-08-09T00:37:09.000Z
"8/8/2024, 8:42:09 PM",3.665,89.1,98,0,2024-08-09T00:42:09.000Z
"8/8/2024, 8:47:09 PM",3.665,88.9,98.1,0,2024-08-09T00:47:09.000Z
"8/8/2024, 8:52:09 PM",3.665,88.7,98.3,0,2024-08-09T00:52:09.000Z
"8/8/2024, 8:57:09 PM",3.665,88.3,98.5,0,2024-08-09T00:57:09.000Z
"8/8/2024, 9:02:09 PM",3.665,88.2,98.7,0,2024-08-09T01:02:09.000Z
"8/8/2024, 9:07:09 PM",3.666,88,98.8,0,2024-08-09T01:07:09.000Z
"8/8/2024, 9:12:09 PM",3.666,87.8,99,0,2024-08-09T01:12:09.000Z
"8/8/2024, 9:17:09 PM",3.666,87.6,99.1,0,2024-08-09T01:17:09.000Z
"8/8/2024, 9:22:09 PM",3.666,87.4,99.3,0,2024-08-09T01:22:09.000Z
"8/8/2024, 9:27:09 PM",3.665,87.3,99.4,0,2024-08-09T01:27:09.000Z
"8/8/2024, 9:32:09 PM",3.665,87.1,99.6,0,2024-08-09T01:32:09.000Z
"8/8/2024, 9:37:09 PM",3.665,86.9,99.7,0,2024-08-09T01:37:09.000Z
"8/8/2024, 9:42:09 PM",3.665,86.9,99.8,0,2024-08-09T01:42:09.000Z
"8/8/2024, 9:47:09 PM",3.666,86.7,99.8,0,2024-08-09T01:47:09.000Z
"8/8/2024, 9:52:09 PM",3.666,86.5,100,0,2024-08-09T01:52:09.000Z
"8/8/2024, 9:57:09 PM",3.666,86.5,100,0,2024-08-09T01:57:09.000Z
"8/8/2024, 10:02:09 PM",3.666,86.4,100,0,2024-08-09T02:02:09.000Z
"8/8/2024, 10:07:09 PM",3.665,86.4,100,0,2024-08-09T02:07:09.000Z
"8/8/2024, 10:12:09 PM",3.666,86.2,100,0,2024-08-09T02:12:09.000Z
"8/8/2024, 10:17:09 PM",3.665,86.2,100,0,2024-08-09T02:17:09.000Z
"8/8/2024, 10:22:09 PM",3.666,86,100,0,2024-08-09T02:22:09.000Z
"8/8/2024, 10:27:09 PM",3.665,86,100,0,2024-08-09T02:27:09.000Z
"8/8/2024, 10:32:09 PM",3.666,85.8,100,0,2024-08-09T02:32:09.000Z
"8/8/2024, 10:37:09 PM",3.665,85.8,100,0,2024-08-09T02:37:09.000Z
"8/8/2024, 10:42:09 PM",3.665,85.6,100,0,2024-08-09T02:42:09.000Z
"8/8/2024, 10:47:09 PM",3.665,85.6,100,0,2024-08-09T02:47:09.000Z
"8/8/2024, 10:52:09 PM",3.666,85.6,100,0,2024-08-09T02:52:09.000Z
"8/8/2024, 10:57:09 PM",3.665,85.6,100,0,2024-08-09T02:57:09.000Z
"8/8/2024, 11:02:09 PM",3.666,85.5,100,0,2024-08-09T03:02:09.000Z
"8/8/2024, 11:07:09 PM",3.666,85.5,100,0,2024-08-09T03:07:09.000Z
"8/8/2024, 11:12:09 PM",3.666,85.5,100,0,2024-08-09T03:12:09.000Z
"8/8/2024, 11:17:09 PM",3.666,85.3,100,0,2024-08-09T03:17:09.000Z
"8/8/2024, 11:22:09 PM",3.666,85.3,100,0,2024-08-09T03:22:09.000Z
"8/8/2024, 11:27:09 PM",3.666,85.1,100,0,2024-08-09T03:27:09.000Z
"8/8/2024, 11:32:09 PM",3.666,85.1,100,0,2024-08-09T03:32:09.000Z
"8/8/2024, 11:37:09 PM",3.666,84.9,100,0,2024-08-09T03:37:09.000Z
"8/8/2024, 11:42:09 PM",3.666,84.9,100,0,2024-08-09T03:42:09.000Z
"8/8/2024, 11:47:09 PM",3.666,84.9,100,0,2024-08-09T03:47:09.000Z
"8/8/2024, 11:52:09 PM",3.666,84.9,100,0,2024-08-09T03:52:09.000Z
"8/8/2024, 11:57:09 PM",3.666,84.7,100,0,2024-08-09T03:57:09.000Z
"8/9/2024, 12:02:09 AM",3.665,84.6,100,0,2024-08-09T04:02:09.000Z
"8/9/2024, 12:07:09 AM",3.666,84.4,100,0,2024-08-09T04:07:09.000Z
"8/9/2024, 12:12:09 AM",3.666,84.2,100,0,2024-08-09T04:12:09.000Z
"8/9/2024, 12:17:09 AM",3.666,84.2,100,0,2024-08-09T04:17:09.000Z
"8/9/2024, 12:22:09 AM",3.666,84,100,0,2024-08-09T04:22:09.000Z
"8/9/2024, 12:27:09 AM",3.666,84,100,0,2024-08-09T04:27:09.000Z
"8/9/2024, 12:32:09 AM",3.666,84,100,0,2024-08-09T04:32:09.000Z
"8/9/2024, 12:37:09 AM",3.666,84,100,0,2024-08-09T04:37:09.000Z
"8/9/2024, 12:42:09 AM",3.666,83.8,100,0,2024-08-09T04:42:09.000Z
"8/9/2024, 12:47:09 AM",3.666,83.7,100,0,2024-08-09T04:47:09.000Z
"8/9/2024, 12:52:09 AM",3.666,83.7,100,0,2024-08-09T04:52:09.000Z
"8/9/2024, 12:57:09 AM",3.666,83.5,100,0,2024-08-09T04:57:09.000Z
"8/9/2024, 1:02:09 AM",3.666,83.3,100,0,2024-08-09T05:02:09.000Z
"8/9/2024, 1:07:09 AM",3.666,83.3,100,0,2024-08-09T05:07:09.000Z
"8/9/2024, 1:12:09 AM",3.666,83.1,100,0,2024-08-09T05:12:09.000Z
"8/9/2024, 1:17:09 AM",3.666,83.1,100,0,2024-08-09T05:17:09.000Z
"8/9/2024, 1:22:09 AM",3.666,83.1,100,0,2024-08-09T05:22:09.000Z
"8/9/2024, 1:27:09 AM",3.666,83.1,100,0,2024-08-09T05:27:09.000Z
"8/9/2024, 1:32:09 AM",3.666,82.9,100,0,2024-08-09T05:32:09.000Z
"8/9/2024, 1:37:09 AM",3.666,82.8,100,0,2024-08-09T05:37:09.000Z
"8/9/2024, 1:42:09 AM",3.666,82.6,100,0,2024-08-09T05:42:09.000Z
"8/9/2024, 1:47:09 AM",3.666,82.4,100,0,2024-08-09T05:47:09.000Z
"8/9/2024, 1:52:09 AM",3.666,82.2,100,0,2024-08-09T05:52:09.000Z
"8/9/2024, 1:57:09 AM",3.666,82.2,100,0,2024-08-09T05:57:09.000Z
"8/9/2024, 2:02:09 AM",3.666,82.2,100,0,2024-08-09T06:02:09.000Z
"8/9/2024, 2:07:09 AM",3.666,82,100,0,2024-08-09T06:07:09.000Z
"8/9/2024, 2:12:09 AM",3.666,82,100,0,2024-08-09T06:12:09.000Z
"8/9/2024, 2:17:09 AM",3.666,81.9,100,0,2024-08-09T06:17:09.000Z
"8/9/2024, 2:22:09 AM",3.666,81.9,100,0,2024-08-09T06:22:09.000Z
"8/9/2024, 2:27:09 AM",3.667,81.9,100,0,2024-08-09T06:27:09.000Z
"8/9/2024, 2:32:09 AM",3.666,81.9,100,0,2024-08-09T06:32:09.000Z
"8/9/2024, 2:37:09 AM",3.666,81.9,100,0,2024-08-09T06:37:09.000Z
"8/9/2024, 2:42:09 AM",3.666,81.9,100,0,2024-08-09T06:42:09.000Z
"8/9/2024, 2:47:09 AM",3.666,81.9,100,0,2024-08-09T06:47:09.000Z
"8/9/2024, 2:52:09 AM",3.666,81.9,100,0,2024-08-09T06:52:09.000Z
"8/9/2024, 2:57:09 AM",3.666,81.9,100,0,2024-08-09T06:57:09.000Z
"8/9/2024, 3:02:09 AM",3.666,81.9,100,0,2024-08-09T07:02:09.000Z
"8/9/2024, 3:07:09 AM",3.665,81.9,100,0,2024-08-09T07:07:09.000Z
"8/9/2024, 3:12:09 AM",3.666,81.9,100,0,2024-08-09T07:12:09.000Z
"8/9/2024, 3:17:09 AM",3.666,81.9,100,0,2024-08-09T07:17:09.000Z
"8/9/2024, 3:22:09 AM",3.666,81.9,100,0,2024-08-09T07:22:09.000Z
"8/9/2024, 3:27:09 AM",3.666,81.9,100,0,2024-08-09T07:27:09.000Z
"8/9/2024, 3:32:09 AM",3.666,81.9,100,0,2024-08-09T07:32:09.000Z
"8/9/2024, 3:37:09 AM",3.666,81.7,100,0,2024-08-09T07:37:09.000Z
"8/9/2024, 3:42:09 AM",3.666,81.9,100,0,2024-08-09T07:42:09.000Z
"8/9/2024, 3:47:09 AM",3.666,81.7,100,0,2024-08-09T07:47:09.000Z
"8/9/2024, 3:52:09 AM",3.666,81.7,100,0,2024-08-09T07:52:09.000Z
"8/9/2024, 3:57:09 AM",3.666,81.5,100,0,2024-08-09T07:57:09.000Z
"8/9/2024, 4:02:09 AM",3.666,81.5,100,0,2024-08-09T08:02:09.000Z
"8/9/2024, 4:07:09 AM",3.666,81.5,100,0,2024-08-09T08:07:09.000Z
"8/9/2024, 4:12:09 AM",3.666,81.5,100,0,2024-08-09T08:12:09.000Z
"8/9/2024, 4:17:09 AM",3.666,81.5,100,0,2024-08-09T08:17:09.000Z
"8/9/2024, 4:22:09 AM",3.666,81.5,100,0,2024-08-09T08:22:09.000Z
"8/9/2024, 4:27:09 AM",3.666,81.5,100,0,2024-08-09T08:27:09.000Z
"8/9/2024, 4:32:09 AM",3.666,81.5,100,0,2024-08-09T08:32:09.000Z
"8/9/2024, 4:37:09 AM",3.666,81.3,100,0,2024-08-09T08:37:09.000Z
"8/9/2024, 4:42:09 AM",3.666,81.1,100,0,2024-08-09T08:42:09.000Z
"8/9/2024, 4:47:09 AM",3.666,81.1,100,0,2024-08-09T08:47:09.000Z
"8/9/2024, 4:52:09 AM",3.666,81.1,100,0,2024-08-09T08:52:09.000Z
"8/9/2024, 4:57:09 AM",3.666,81,100,0,2024-08-09T08:57:09.000Z
"8/9/2024, 5:02:09 AM",3.666,81,100,0,2024-08-09T09:02:09.000Z
"8/9/2024, 5:07:09 AM",3.666,80.8,100,0,2024-08-09T09:07:09.000Z
"8/9/2024, 5:12:09 AM",3.666,80.6,100,0,2024-08-09T09:12:09.000Z
"8/9/2024, 5:17:09 AM",3.666,80.4,100,0,2024-08-09T09:17:09.000Z
"8/9/2024, 5:22:09 AM",3.667,80.4,100,0,2024-08-09T09:22:09.000Z
"8/9/2024, 5:27:09 AM",3.666,80.2,100,0,2024-08-09T09:27:09.000Z
"8/9/2024, 5:32:09 AM",3.667,80.2,100,0,2024-08-09T09:32:09.000Z
"8/9/2024, 5:37:09 AM",3.666,80.1,100,0,2024-08-09T09:37:09.000Z
"8/9/2024, 5:42:09 AM",3.666,80.1,100,0,2024-08-09T09:42:09.000Z
"8/9/2024, 5:47:09 AM",3.666,79.9,100,0,2024-08-09T09:47:09.000Z
"8/9/2024, 5:52:09 AM",3.666,79.9,100,0,2024-08-09T09:52:09.000Z
"8/9/2024, 5:57:09 AM",3.666,79.9,100,0,2024-08-09T09:57:09.000Z
"8/9/2024, 6:02:09 AM",3.666,79.9,100,0,2024-08-09T10:02:09.000Z
"8/9/2024, 6:07:09 AM",3.666,79.9,100,0,2024-08-09T10:07:09.000Z
"8/9/2024, 6:12:09 AM",3.666,79.7,100,0,2024-08-09T10:12:09.000Z
"8/9/2024, 6:17:09 AM",3.666,79.7,100,0,2024-08-09T10:17:09.000Z
"8/9/2024, 6:22:09 AM",3.666,79.7,100,0,2024-08-09T10:22:09.000Z
"8/9/2024, 6:27:09 AM",3.666,79.5,100,0,2024-08-09T10:27:09.000Z
"8/9/2024, 6:32:09 AM",3.666,79.5,100,0,2024-08-09T10:32:09.000Z
"8/9/2024, 6:37:09 AM",3.667,79.5,100,0,2024-08-09T10:37:09.000Z
"8/9/2024, 6:42:09 AM",3.666,79.5,100,0,2024-08-09T10:42:09.000Z
"8/9/2024, 6:47:09 AM",3.666,79.5,100,0,2024-08-09T10:47:09.000Z
"8/9/2024, 6:52:09 AM",3.666,79.3,100,0,2024-08-09T10:52:09.000Z
"8/9/2024, 6:57:09 AM",3.666,79.3,100,0,2024-08-09T10:57:09.000Z
"8/9/2024, 7:02:09 AM",3.666,79.2,100,0,2024-08-09T11:02:09.000Z
"8/9/2024, 7:07:09 AM",3.666,79.2,100,0,2024-08-09T11:07:09.000Z
"8/9/2024, 7:12:09 AM",3.666,79,100,0,2024-08-09T11:12:09.000Z
"8/9/2024, 7:17:09 AM",3.666,79,100,0,2024-08-09T11:17:09.000Z
"8/9/2024, 7:22:09 AM",3.666,79,100,0,2024-08-09T11:22:09.000Z
"8/9/2024, 7:27:09 AM",3.666,79.2,100,0,2024-08-09T11:27:09.000Z
"8/9/2024, 7:32:09 AM",3.666,79.5,100,0,2024-08-09T11:32:09.000Z
"8/9/2024, 7:37:09 AM",3.666,79.7,100,0,2024-08-09T11:37:09.000Z
"8/9/2024, 7:42:09 AM",3.666,80.1,100,0,2024-08-09T11:42:09.000Z
"8/9/2024, 7:47:09 AM",3.666,80.2,100,0,2024-08-09T11:47:09.000Z
"8/9/2024, 7:52:09 AM",3.666,80.6,100,0,2024-08-09T11:52:09.000Z
"8/9/2024, 7:57:09 AM",3.666,80.8,100,0,2024-08-09T11:57:09.000Z
"8/9/2024, 8:02:09 AM",3.666,81,100,0,2024-08-09T12:02:09.000Z
"8/9/2024, 8:07:09 AM",3.666,81.1,100,0,2024-08-09T12:07:09.000Z
"8/9/2024, 8:12:09 AM",3.666,81.1,100,0,2024-08-09T12:12:09.000Z
"8/9/2024, 8:17:09 AM",3.666,81.5,100,0,2024-08-09T12:17:09.000Z
"8/9/2024, 8:22:09 AM",3.666,81.7,100,0,2024-08-09T12:22:09.000Z
"8/9/2024, 8:27:09 AM",3.666,82,100,0,2024-08-09T12:27:09.000Z
"8/9/2024, 8:32:09 AM",3.666,82.4,100,0,2024-08-09T12:32:09.000Z
"8/9/2024, 8:37:09 AM",3.666,82.8,100,0,2024-08-09T12:37:09.000Z
"8/9/2024, 8:42:09 AM",3.666,82.9,100,0,2024-08-09T12:42:09.000Z
"8/9/2024, 8:47:09 AM",3.666,83.1,100,0,2024-08-09T12:47:09.000Z
"8/9/2024, 8:52:09 AM",3.666,83.5,100,0,2024-08-09T12:52:09.000Z
"8/9/2024, 8:57:09 AM",3.665,84,100,0,2024-08-09T12:57:09.000Z
"8/9/2024, 9:02:09 AM",3.665,84.2,100,0,2024-08-09T13:02:09.000Z
"8/9/2024, 9:07:09 AM",3.666,84.6,100,0,2024-08-09T13:07:09.000Z
"8/9/2024, 9:12:09 AM",3.665,84.9,100,0,2024-08-09T13:12:09.000Z
"8/9/2024, 9:17:09 AM",3.665,85.3,100,0,2024-08-09T13:17:09.000Z
"8/9/2024, 9:22:09 AM",3.666,85.6,100,0,2024-08-09T13:22:09.000Z
"8/9/2024, 9:27:09 AM",3.665,86,100,0,2024-08-09T13:27:09.000Z
"8/9/2024, 9:32:09 AM",3.665,86.2,100,0,2024-08-09T13:32:09.000Z
"8/9/2024, 9:37:09 AM",3.665,86.4,100,0,2024-08-09T13:37:09.000Z
"8/9/2024, 9:42:09 AM",3.665,86.5,100,0,2024-08-09T13:42:09.000Z
"8/9/2024, 9:47:09 AM",3.665,86.9,100,0,2024-08-09T13:47:09.000Z
"8/9/2024, 9:52:09 AM",3.665,87.3,100,0,2024-08-09T13:52:09.000Z
"8/9/2024, 9:57:09 AM",3.665,87.6,100,0,2024-08-09T13:57:09.000Z
"8/9/2024, 10:02:09 AM",3.665,88,100,0,2024-08-09T14:02:09.000Z
"8/9/2024, 10:07:09 AM",3.665,88.3,100,0,2024-08-09T14:07:09.000Z
"8/9/2024, 10:12:09 AM",3.665,88.9,100,0,2024-08-09T14:12:09.000Z
"8/9/2024, 10:17:09 AM",3.665,88.9,100,0,2024-08-09T14:17:09.000Z
"8/9/2024, 10:22:09 AM",3.665,89.4,100,0,2024-08-09T14:22:09.000Z
"8/9/2024, 10:27:09 AM",3.665,90,100,0,2024-08-09T14:27:09.000Z
"8/9/2024, 10:32:09 AM",3.665,90.3,100,0,2024-08-09T14:32:09.000Z
"8/9/2024, 10:37:09 AM",3.664,90.9,100,0,2024-08-09T14:37:09.000Z
"8/9/2024, 10:42:09 AM",3.664,91.4,100,0,2024-08-09T14:42:09.000Z
"8/9/2024, 10:47:09 AM",3.664,91.8,100,0,2024-08-09T14:47:09.000Z
"8/9/2024, 10:52:09 AM",3.664,92.1,100,0,2024-08-09T14:52:09.000Z
"8/9/2024, 10:57:09 AM",3.664,92.5,100,0,2024-08-09T14:57:09.000Z
"8/9/2024, 11:02:09 AM",3.665,92.8,100,0,2024-08-09T15:02:09.000Z
"8/9/2024, 11:07:09 AM",3.664,93.2,100,0,2024-08-09T15:07:09.000Z
"8/9/2024, 11:12:09 AM",3.664,93.7,100,0,2024-08-09T15:12:09.000Z
"8/9/2024, 11:17:09 AM",3.664,93.9,100,0,2024-08-09T15:17:09.000Z
"8/9/2024, 11:22:09 AM",3.664,94.3,100,0,2024-08-09T15:22:09.000Z
"8/9/2024, 11:27:09 AM",3.664,94.6,100,0,2024-08-09T15:27:09.000Z
"8/9/2024, 11:32:09 AM",3.664,95,100,0,2024-08-09T15:32:09.000Z
"8/9/2024, 11:37:09 AM",3.664,95.2,100,0,2024-08-09T15:37:09.000Z
"8/9/2024, 11:42:09 AM",3.664,95.5,100,0,2024-08-09T15:42:09.000Z
"8/9/2024, 11:47:09 AM",3.664,95.7,100,0,2024-08-09T15:47:09.000Z
"8/9/2024, 11:52:09 AM",3.664,96.1,100,0,2024-08-09T15:52:09.000Z
"8/9/2024, 11:57:09 AM",3.663,96.3,100,0,2024-08-09T15:57:09.000Z
"8/9/2024, 12:02:09 PM",3.663,96.4,100,0,2024-08-09T16:02:09.000Z
"8/9/2024, 12:07:09 PM",3.663,96.6,100,0,2024-08-09T16:07:09.000Z
"8/9/2024, 12:12:09 PM",3.663,96.8,100,0,2024-08-09T16:12:09.000Z
"8/9/2024, 12:17:09 PM",3.663,96.8,100,0,2024-08-09T16:17:09.000Z
"8/9/2024, 12:22:09 PM",3.663,96.6,100,0,2024-08-09T16:22:09.000Z
"8/9/2024, 12:27:09 PM",3.663,97,100,0,2024-08-09T16:27:09.000Z
"8/9/2024, 12:32:09 PM",3.663,97.2,100,0,2024-08-09T16:32:09.000Z
"8/9/2024, 12:37:09 PM",3.663,97,100,0,2024-08-09T16:37:09.000Z
"8/9/2024, 12:42:09 PM",3.663,97.2,100,0,2024-08-09T16:42:09.000Z
"8/9/2024, 12:47:09 PM",3.663,97.2,100,0,2024-08-09T16:47:09.000Z
"8/9/2024, 12:52:09 PM",3.663,97,100,0,2024-08-09T16:52:09.000Z
"8/9/2024, 12:57:09 PM",3.663,97.3,100,0,2024-08-09T16:57:09.000Z
"8/9/2024, 1:02:09 PM",3.663,97.7,100,0,2024-08-09T17:02:09.000Z
"8/9/2024, 1:07:09 PM",3.663,98.1,100,0,2024-08-09T17:07:09.000Z
"8/9/2024, 1:12:09 PM",3.663,99,100,0,2024-08-09T17:12:09.000Z
"8/9/2024, 1:17:09 PM",3.663,99,100,0,2024-08-09T17:17:09.000Z
"8/9/2024, 1:22:09 PM",3.663,99.1,100,0,2024-08-09T17:22:09.000Z
"8/9/2024, 1:27:09 PM",3.663,99.5,100,0,2024-08-09T17:27:09.000Z
"8/9/2024, 1:32:09 PM",3.663,99.9,100,0,2024-08-09T17:32:09.000Z
"8/9/2024, 1:37:09 PM",3.663,100.2,100,0,2024-08-09T17:37:09.000Z
"8/9/2024, 1:42:09 PM",3.662,100.6,100,0,2024-08-09T17:42:09.000Z
"8/9/2024, 1:47:09 PM",3.662,101.1,100,0,2024-08-09T17:47:09.000Z
"8/9/2024, 1:52:09 PM",3.662,101.1,100,0,2024-08-09T17:52:09.000Z
"8/9/2024, 1:57:09 PM",3.663,100.8,100,0,2024-08-09T17:57:09.000Z
"8/9/2024, 2:02:09 PM",3.662,100.6,100,0,2024-08-09T18:02:09.000Z
"8/9/2024, 2:07:09 PM",3.662,100.8,99.9,0,2024-08-09T18:07:09.000Z
"8/9/2024, 2:12:09 PM",3.663,100.9,99.6,0,2024-08-09T18:12:09.000Z
"8/9/2024, 2:17:09 PM",3.662,100.6,99.4,0,2024-08-09T18:17:09.000Z
"8/9/2024, 2:22:09 PM",3.662,100.8,99.1,0,2024-08-09T18:22:09.000Z
"8/9/2024, 2:27:09 PM",3.663,101.1,98.9,0,2024-08-09T18:27:09.000Z
"8/9/2024, 2:32:09 PM",3.662,101.7,98.5,0,2024-08-09T18:32:09.000Z
"8/9/2024, 2:37:09 PM",3.663,102.2,98,0,2024-08-09T18:37:09.000Z
"8/9/2024, 2:42:09 PM",3.662,102.2,97.6,0,2024-08-09T18:42:09.000Z
"8/9/2024, 2:47:09 PM",3.662,102.2,97.2,0,2024-08-09T18:47:09.000Z
"8/9/2024, 2:52:09 PM",3.662,101.8,96.8,0,2024-08-09T18:52:09.000Z
"8/9/2024, 2:57:09 PM",3.662,101.7,96.3,0,2024-08-09T18:57:09.000Z
"8/9/2024, 3:02:09 PM",3.662,101.8,96,0,2024-08-09T19:02:09.000Z
"8/9/2024, 3:07:09 PM",3.662,101.7,95.8,0,2024-08-09T19:07:09.000Z
"8/9/2024, 3:12:09 PM",3.663,101.3,95.7,0,2024-08-09T19:12:09.000Z
"8/9/2024, 3:17:09 PM",3.663,101.3,95.5,0,2024-08-09T19:17:09.000Z
"8/9/2024, 3:22:09 PM",3.663,101.1,95.3,0,2024-08-09T19:22:09.000Z
"8/9/2024, 3:27:09 PM",3.663,101.3,95.2,0,2024-08-09T19:27:09.000Z
"8/9/2024, 3:32:09 PM",3.663,101.5,95.1,0,2024-08-09T19:32:09.000Z
"8/9/2024, 3:37:09 PM",3.663,101.7,95,0,2024-08-09T19:37:09.000Z
"8/9/2024, 3:42:09 PM",3.663,101.8,94.9,0,2024-08-09T19:42:09.000Z
"8/9/2024, 3:47:09 PM",3.662,101.7,94.8,0,2024-08-09T19:47:09.000Z
"8/9/2024, 3:52:09 PM",3.662,101.7,94.7,0,2024-08-09T19:52:09.000Z
"8/9/2024, 3:57:09 PM",3.663,101.7,94.5,0,2024-08-09T19:57:09.000Z
"8/9/2024, 4:02:09 PM",3.662,101.8,94.2,0,2024-08-09T20:02:09.000Z
"8/9/2024, 4:07:09 PM",3.662,102,93.9,0,2024-08-09T20:07:09.000Z
"8/9/2024, 4:12:09 PM",3.662,102.2,93.5,0,2024-08-09T20:12:09.000Z
"8/9/2024, 4:17:09 PM",3.662,102,93.1,0,2024-08-09T20:17:09.000Z
"8/9/2024, 4:22:09 PM",3.662,101.5,92.8,0,2024-08-09T20:22:09.000Z
"8/9/2024, 4:27:09 PM",3.663,100.9,92.5,0,2024-08-09T20:27:09.000Z
"8/9/2024, 4:32:09 PM",3.663,100.8,92,0,2024-08-09T20:32:09.000Z
"8/9/2024, 4:37:09 PM",3.663,100.4,91.9,0,2024-08-09T20:37:09.000Z
"8/9/2024, 4:42:09 PM",3.663,100,91.9,0,2024-08-09T20:42:09.000Z
"8/9/2024, 4:47:09 PM",3.662,100,91.8,0,2024-08-09T20:47:09.000Z
"8/9/2024, 4:52:09 PM",3.663,100,91.8,0,2024-08-09T20:52:09.000Z
"8/9/2024, 4:57:09 PM",3.663,100,91.7,0,2024-08-09T20:57:09.000Z
"8/9/2024, 5:02:09 PM",3.663,100,91.6,0,2024-08-09T21:02:09.000Z
"8/9/2024, 5:07:09 PM",3.663,100,91.4,0,2024-08-09T21:07:09.000Z
"8/9/2024, 5:12:09 PM",3.663,100,91.1,0,2024-08-09T21:12:09.000Z
"8/9/2024, 5:17:09 PM",3.663,99.9,91,0,2024-08-09T21:17:09.000Z
"8/9/2024, 5:22:09 PM",3.663,99.9,90.7,0,2024-08-09T21:22:09.000Z
"8/9/2024, 5:27:09 PM",3.663,99.7,90.6,0,2024-08-09T21:27:09.000Z
"8/9/2024, 5:32:09 PM",3.663,99,90.5,0,2024-08-09T21:32:09.000Z
"8/9/2024, 5:37:09 PM",3.663,98.4,90.4,0,2024-08-09T21:37:09.000Z
"8/9/2024, 5:42:09 PM",3.663,97.5,90.3,0,2024-08-09T21:42:09.000Z
"8/9/2024, 5:47:09 PM",3.663,97.5,90.2,0,2024-08-09T21:47:09.000Z
"8/9/2024, 5:52:09 PM",3.663,97.2,90.4,0,2024-08-09T21:52:09.000Z
"8/9/2024, 5:57:09 PM",3.664,97,90.6,0,2024-08-09T21:57:09.000Z
"8/9/2024, 6:02:09 PM",3.664,97,90.8,0,2024-08-09T22:02:09.000Z
"8/9/2024, 6:07:09 PM",3.664,97.2,91.2,0,2024-08-09T22:07:09.000Z
"8/9/2024, 6:12:09 PM",3.664,97.2,91.3,0,2024-08-09T22:12:09.000Z
"8/9/2024, 6:17:09 PM",3.664,97.2,91.4,0,2024-08-09T22:17:09.000Z
"8/9/2024, 6:22:09 PM",3.664,97,91.2,0,2024-08-09T22:22:09.000Z
"8/9/2024, 6:27:09 PM",3.664,97,91.1,0,2024-08-09T22:27:09.000Z
"8/9/2024, 6:32:09 PM",3.664,96.6,91.1,0,2024-08-09T22:32:09.000Z
"8/9/2024, 6:37:09 PM",3.664,96.3,91.1,0,2024-08-09T22:37:09.000Z
"8/9/2024, 6:42:09 PM",3.664,96.1,91.2,0,2024-08-09T22:42:09.000Z
"8/9/2024, 6:47:09 PM",3.664,95.7,91.1,0,2024-08-09T22:47:09.000Z
"8/9/2024, 6:52:09 PM",3.664,95,91.1,0,2024-08-09T22:52:09.000Z
"8/9/2024, 6:57:09 PM",3.664,94.3,91,0,2024-08-09T22:57:09.000Z
"8/9/2024, 7:02:09 PM",3.664,93.7,90.9,0,2024-08-09T23:02:09.000Z
"8/9/2024, 7:07:09 PM",3.664,93.4,91,0,2024-08-09T23:07:09.000Z
"8/9/2024, 7:12:09 PM",3.665,92.8,91.1,0,2024-08-09T23:12:09.000Z
"8/9/2024, 7:17:09 PM",3.664,92.3,91.2,0,2024-08-09T23:17:09.000Z
"8/9/2024, 7:22:09 PM",3.665,91.8,91.4,0,2024-08-09T23:22:09.000Z
"8/9/2024, 7:27:09 PM",3.665,91.2,91.5,0,2024-08-09T23:27:09.000Z
"8/9/2024, 7:32:09 PM",3.665,90.9,91.9,0,2024-08-09T23:32:09.000Z
"8/9/2024, 7:37:09 PM",3.665,90.5,92.3,0,2024-08-09T23:37:09.000Z
"8/9/2024, 7:42:09 PM",3.665,90.1,92.5,0,2024-08-09T23:42:09.000Z
"8/9/2024, 7:47:09 PM",3.665,89.8,92.8,0,2024-08-09T23:47:09.000Z
"8/9/2024, 7:52:09 PM",3.665,89.4,93.3,0,2024-08-09T23:52:09.000Z
"8/9/2024, 7:57:09 PM",3.665,89.1,93.8,0,2024-08-09T23:57:09.000Z
"8/9/2024, 8:02:09 PM",3.665,88.9,94.2,0,2024-08-10T00:02:09.000Z
"8/9/2024, 8:07:09 PM",3.666,88.5,94.6,0,2024-08-10T00:07:09.000Z
"8/9/2024, 8:12:09 PM",3.666,88,94.9,0,2024-08-10T00:12:09.000Z
"8/9/2024, 8:17:09 PM",3.665,87.6,95.1,0,2024-08-10T00:17:09.000Z
"8/9/2024, 8:22:09 PM",3.665,87.4,95.4,0,2024-08-10T00:22:09.000Z
"8/9/2024, 8:27:09 PM",3.665,87.3,95.7,0,2024-08-10T00:27:09.000Z
"8/9/2024, 8:32:09 PM",3.666,86.9,96,0,2024-08-10T00:32:09.000Z
"8/9/2024, 8:37:09 PM",3.666,86.5,96.2,0,2024-08-10T00:37:09.000Z
"8/9/2024, 8:42:09 PM",3.666,86.2,96.4,0,2024-08-10T00:42:09.000Z
"8/9/2024, 8:47:09 PM",3.666,86,96.5,0,2024-08-10T00:47:09.000Z
"8/9/2024, 8:52:09 PM",3.666,85.6,96.7,0,2024-08-10T00:52:09.000Z
"8/9/2024, 8:57:09 PM",3.666,85.5,97,0,2024-08-10T00:57:09.000Z
"8/9/2024, 9:02:09 PM",3.666,85.3,97.2,0,2024-08-10T01:02:09.000Z
"8/9/2024, 9:07:09 PM",3.666,85.1,97.4,0,2024-08-10T01:07:09.000Z
"8/9/2024, 9:12:09 PM",3.666,84.9,97.5,0,2024-08-10T01:12:09.000Z
"8/9/2024, 9:17:09 PM",3.666,84.7,97.8,0,2024-08-10T01:17:09.000Z
"8/9/2024, 9:22:09 PM",3.666,84.6,98,0,2024-08-10T01:22:09.000Z
"8/9/2024, 9:27:09 PM",3.666,84.4,98.2,0,2024-08-10T01:27:09.000Z
"8/9/2024, 9:32:09 PM",3.666,84.2,98.3,0,2024-08-10T01:32:09.000Z
"8/9/2024, 9:37:09 PM",3.666,84,98.5,0,2024-08-10T01:37:09.000Z
"8/9/2024, 9:42:09 PM",3.666,83.8,98.5,0,2024-08-10T01:42:09.000Z
"8/9/2024, 9:47:09 PM",3.666,83.5,98.6,0,2024-08-10T01:47:09.000Z
"8/9/2024, 9:52:09 PM",3.666,83.3,98.8,0,2024-08-10T01:52:09.000Z
"8/9/2024, 9:57:09 PM",3.667,83.1,98.9,0,2024-08-10T01:57:09.000Z
"8/9/2024, 10:02:09 PM",3.666,82.9,98.9,0,2024-08-10T02:02:09.000Z
"8/9/2024, 10:07:09 PM",3.666,82.8,99.1,0,2024-08-10T02:07:09.000Z
"8/9/2024, 10:12:09 PM",3.666,82.6,99.2,0,2024-08-10T02:12:09.000Z
"8/9/2024, 10:17:09 PM",3.666,82.4,99.3,0,2024-08-10T02:17:09.000Z
"8/9/2024, 10:22:09 PM",3.666,82.4,99.4,0,2024-08-10T02:22:09.000Z
"8/9/2024, 10:27:09 PM",3.666,82.2,99.5,0,2024-08-10T02:27:09.000Z
"8/9/2024, 10:32:09 PM",3.666,82.2,99.6,0,2024-08-10T02:32:09.000Z
"8/9/2024, 10:37:09 PM",3.666,82,99.7,0,2024-08-10T02:37:09.000Z
"8/9/2024, 10:42:09 PM",3.666,81.9,99.7,0,2024-08-10T02:42:09.000Z
"8/9/2024, 10:47:09 PM",3.666,81.9,99.8,0,2024-08-10T02:47:09.000Z
"8/9/2024, 10:52:09 PM",3.666,81.7,99.8,0,2024-08-10T02:52:09.000Z
"8/9/2024, 10:57:09 PM",3.667,81.5,99.9,0,2024-08-10T02:57:09.000Z
"8/9/2024, 11:02:09 PM",3.666,81.3,99.9,0,2024-08-10T03:02:09.000Z
"8/9/2024, 11:07:09 PM",3.667,81.1,100,0,2024-08-10T03:07:09.000Z
"8/9/2024, 11:12:09 PM",3.666,81.1,100,0,2024-08-10T03:12:09.000Z
"8/9/2024, 11:17:09 PM",3.667,81,100,0,2024-08-10T03:17:09.000Z
"8/9/2024, 11:22:09 PM",3.667,81,100,0,2024-08-10T03:22:09.000Z
"8/9/2024, 11:27:09 PM",3.666,80.8,100,0,2024-08-10T03:27:09.000Z
"8/9/2024, 11:32:09 PM",3.667,80.8,100,0,2024-08-10T03:32:09.000Z
"8/9/2024, 11:37:09 PM",3.667,80.6,100,0,2024-08-10T03:37:09.000Z
"8/9/2024, 11:42:09 PM",3.667,80.4,100,0,2024-08-10T03:42:09.000Z
"8/9/2024, 11:47:09 PM",3.667,80.2,100,0,2024-08-10T03:47:09.000Z
"8/9/2024, 11:52:09 PM",3.667,80.2,100,0,2024-08-10T03:52:09.000Z
"8/9/2024, 11:57:09 PM",3.667,80.1,100,0,2024-08-10T03:57:09.000Z
"8/10/2024, 12:02:09 AM",3.666,79.9,100,0,2024-08-10T04:02:09.000Z
"8/10/2024, 12:07:09 AM",3.666,79.7,100,0,2024-08-10T04:07:09.000Z
"8/10/2024, 12:12:09 AM",3.667,79.5,100,0,2024-08-10T04:12:09.000Z
"8/10/2024, 12:17:09 AM",3.666,79.3,100,0,2024-08-10T04:17:09.000Z
"8/10/2024, 12:22:09 AM",3.666,79.2,100,0,2024-08-10T04:22:09.000Z
"8/10/2024, 12:27:09 AM",3.667,79,100,0,2024-08-10T04:27:09.000Z
"8/10/2024, 12:32:09 AM",3.667,79,100,0,2024-08-10T04:32:09.000Z
"8/10/2024, 12:37:09 AM",3.667,79,100,0,2024-08-10T04:37:09.000Z
"8/10/2024, 12:42:09 AM",3.667,79,100,0,2024-08-10T04:42:09.000Z
"8/10/2024, 12:47:09 AM",3.666,79,100,0,2024-08-10T04:47:09.000Z
"8/10/2024, 12:52:09 AM",3.667,79,100,0,2024-08-10T04:52:09.000Z
"8/10/2024, 12:57:09 AM",3.667,79,100,0,2024-08-10T04:57:09.000Z
"8/10/2024, 1:02:09 AM",3.667,78.8,100,0,2024-08-10T05:02:09.000Z
"8/10/2024, 1:07:09 AM",3.667,78.6,100,0,2024-08-10T05:07:09.000Z
"8/10/2024, 1:12:09 AM",3.667,78.6,100,0,2024-08-10T05:12:09.000Z
"8/10/2024, 1:17:09 AM",3.667,78.6,100,0,2024-08-10T05:17:09.000Z
"8/10/2024, 1:22:09 AM",3.667,78.4,100,0,2024-08-10T05:22:09.000Z
"8/10/2024, 1:27:09 AM",3.667,78.3,100,0,2024-08-10T05:27:09.000Z
"8/10/2024, 1:32:09 AM",3.667,78.3,100,0,2024-08-10T05:32:09.000Z
"8/10/2024, 1:37:09 AM",3.667,78.4,100,0,2024-08-10T05:37:09.000Z
"8/10/2024, 1:42:09 AM",3.667,78.4,100,0,2024-08-10T05:42:09.000Z
"8/10/2024, 1:47:09 AM",3.667,78.4,100,0,2024-08-10T05:47:09.000Z
"8/10/2024, 1:52:09 AM",3.667,78.3,100,0,2024-08-10T05:52:09.000Z
"8/10/2024, 1:57:09 AM",3.667,78.3,100,0,2024-08-10T05:57:09.000Z
"8/10/2024, 2:02:09 AM",3.666,78.3,100,0,2024-08-10T06:02:09.000Z
"8/10/2024, 2:07:09 AM",3.666,78.3,100,0,2024-08-10T06:07:09.000Z
"8/10/2024, 2:12:09 AM",3.667,78.1,100,0,2024-08-10T06:12:09.000Z
"8/10/2024, 2:17:09 AM",3.666,78.1,100,0,2024-08-10T06:17:09.000Z
"8/10/2024, 2:22:09 AM",3.667,78.1,100,0,2024-08-10T06:22:09.000Z
"8/10/2024, 2:27:09 AM",3.667,78.1,100,0,2024-08-10T06:27:09.000Z
"8/10/2024, 2:32:09 AM",3.666,77.9,100,0,2024-08-10T06:32:09.000Z
"8/10/2024, 2:37:09 AM",3.667,77.9,100,0,2024-08-10T06:37:09.000Z
"8/10/2024, 2:42:09 AM",3.667,77.9,100,0,2024-08-10T06:42:09.000Z
"8/10/2024, 2:47:09 AM",3.667,77.7,100,0,2024-08-10T06:47:09.000Z
"8/10/2024, 2:52:09 AM",3.667,77.9,100,0,2024-08-10T06:52:09.000Z
"8/10/2024, 2:57:09 AM",3.666,77.7,100,0,2024-08-10T06:57:09.000Z
"8/10/2024, 3:02:09 AM",3.667,77.5,100,0,2024-08-10T07:02:09.000Z
"8/10/2024, 3:07:09 AM",3.667,77.5,100,0,2024-08-10T07:07:09.000Z
"8/10/2024, 3:12:09 AM",3.667,77.5,100,0,2024-08-10T07:12:09.000Z
"8/10/2024, 3:17:09 AM",3.666,77.5,100,0,2024-08-10T07:17:09.000Z
"8/10/2024, 3:22:09 AM",3.667,77.5,100,0,2024-08-10T07:22:09.000Z
"8/10/2024, 3:27:09 AM",3.667,77.5,100,0,2024-08-10T07:27:09.000Z
"8/10/2024, 3:32:09 AM",3.666,77.4,100,0,2024-08-10T07:32:09.000Z
"8/10/2024, 3:37:09 AM",3.667,77.2,100,0,2024-08-10T07:37:09.000Z
"8/10/2024, 3:42:09 AM",3.666,77.2,100,0,2024-08-10T07:42:09.000Z
"8/10/2024, 3:47:09 AM",3.667,77,100,0,2024-08-10T07:47:09.000Z
"8/10/2024, 3:52:09 AM",3.667,77,100,0,2024-08-10T07:52:09.000Z
"8/10/2024, 3:57:09 AM",3.667,76.8,100,0,2024-08-10T07:57:09.000Z
"8/10/2024, 4:02:09 AM",3.666,76.8,100,0,2024-08-10T08:02:09.000Z
"8/10/2024, 4:07:09 AM",3.666,76.8,100,0,2024-08-10T08:07:09.000Z
"8/10/2024, 4:12:09 AM",3.667,76.6,100,0,2024-08-10T08:12:09.000Z
"8/10/2024, 4:17:09 AM",3.667,76.6,100,0,2024-08-10T08:17:09.000Z
"8/10/2024, 4:22:09 AM",3.667,76.6,100,0,2024-08-10T08:22:09.000Z
"8/10/2024, 4:27:09 AM",3.666,76.6,100,0,2024-08-10T08:27:09.000Z
"8/10/2024, 4:32:09 AM",3.667,76.6,100,0,2024-08-10T08:32:09.000Z
"8/10/2024, 4:37:09 AM",3.666,76.6,100,0,2024-08-10T08:37:09.000Z
"8/10/2024, 4:42:09 AM",3.667,76.6,100,0,2024-08-10T08:42:09.000Z
"8/10/2024, 4:47:09 AM",3.666,76.5,100,0,2024-08-10T08:47:09.000Z
"8/10/2024, 4:52:09 AM",3.667,76.5,100,0,2024-08-10T08:52:09.000Z
"8/10/2024, 4:57:09 AM",3.667,76.5,100,0,2024-08-10T08:57:09.000Z
"8/10/2024, 5:02:09 AM",3.667,76.3,100,0,2024-08-10T09:02:09.000Z
"8/10/2024, 5:07:09 AM",3.667,76.3,100,0,2024-08-10T09:07:09.000Z
"8/10/2024, 5:12:09 AM",3.667,76.1,100,0,2024-08-10T09:12:09.000Z
"8/10/2024, 5:17:09 AM",3.666,76.1,100,0,2024-08-10T09:17:09.000Z
"8/10/2024, 5:22:09 AM",3.666,75.9,100,0,2024-08-10T09:22:09.000Z
"8/10/2024, 5:27:09 AM",3.667,75.9,100,0,2024-08-10T09:27:09.000Z
"8/10/2024, 5:32:09 AM",3.666,75.7,100,0,2024-08-10T09:32:09.000Z
"8/10/2024, 5:37:09 AM",3.667,75.7,100,0,2024-08-10T09:37:09.000Z
"8/10/2024, 5:42:09 AM",3.667,75.6,100,0,2024-08-10T09:42:09.000Z
"8/10/2024, 5:47:09 AM",3.667,75.6,100,0,2024-08-10T09:47:09.000Z
"8/10/2024, 5:52:09 AM",3.667,75.6,100,0,2024-08-10T09:52:09.000Z
"8/10/2024, 5:57:09 AM",3.667,75.6,100,0,2024-08-10T09:57:09.000Z
"8/10/2024, 6:02:09 AM",3.667,75.4,100,0,2024-08-10T10:02:09.000Z
"8/10/2024, 6:07:09 AM",3.666,75.4,100,0,2024-08-10T10:07:09.000Z
"8/10/2024, 6:12:09 AM",3.667,75.4,100,0,2024-08-10T10:12:09.000Z
"8/10/2024, 6:17:09 AM",3.667,75.4,100,0,2024-08-10T10:17:09.000Z
"8/10/2024, 6:22:09 AM",3.667,75.4,100,0,2024-08-10T10:22:09.000Z
"8/10/2024, 6:27:09 AM",3.667,75.2,100,0,2024-08-10T10:27:09.000Z
"8/10/2024, 6:32:09 AM",3.667,75.2,100,0,2024-08-10T10:32:09.000Z
"8/10/2024, 6:37:09 AM",3.667,75.2,100,0,2024-08-10T10:37:09.000Z
"8/10/2024, 6:42:09 AM",3.667,75.2,100,0,2024-08-10T10:42:09.000Z
"8/10/2024, 6:47:09 AM",3.667,75.2,100,0,2024-08-10T10:47:09.000Z
"8/10/2024, 6:52:09 AM",3.666,75.2,100,0,2024-08-10T10:52:09.000Z
"8/10/2024, 6:57:09 AM",3.667,75.2,100,0,2024-08-10T10:57:09.000Z
"8/10/2024, 7:02:09 AM",3.667,75.2,100,0,2024-08-10T11:02:09.000Z
"8/10/2024, 7:07:09 AM",3.667,75.2,100,0,2024-08-10T11:07:09.000Z
"8/10/2024, 7:12:09 AM",3.666,75.4,100,0,2024-08-10T11:12:09.000Z
"8/10/2024, 7:17:09 AM",3.667,75.6,100,0,2024-08-10T11:17:09.000Z
"8/10/2024, 7:22:09 AM",3.667,75.6,100,0,2024-08-10T11:22:09.000Z
"8/10/2024, 7:27:09 AM",3.667,75.9,100,0,2024-08-10T11:27:09.000Z
"8/10/2024, 7:32:09 AM",3.667,76.1,100,0,2024-08-10T11:32:09.000Z
"8/10/2024, 7:37:09 AM",3.666,76.3,100,0,2024-08-10T11:37:09.000Z
"8/10/2024, 7:42:09 AM",3.666,76.6,100,0,2024-08-10T11:42:09.000Z
"8/10/2024, 7:47:09 AM",3.666,76.8,100,0,2024-08-10T11:47:09.000Z
"8/10/2024, 7:52:09 AM",3.667,77.2,100,0,2024-08-10T11:52:09.000Z
"8/10/2024, 7:57:09 AM",3.666,77.5,100,0,2024-08-10T11:57:09.000Z
"8/10/2024, 8:02:09 AM",3.666,78.1,100,0,2024-08-10T12:02:09.000Z
"8/10/2024, 8:07:09 AM",3.666,78.4,100,0,2024-08-10T12:07:09.000Z
"8/10/2024, 8:12:09 AM",3.666,78.8,100,0,2024-08-10T12:12:09.000Z
"8/10/2024, 8:17:09 AM",3.667,79,100,0,2024-08-10T12:17:09.000Z
"8/10/2024, 8:22:09 AM",3.666,79.3,100,0,2024-08-10T12:22:09.000Z
"8/10/2024, 8:27:09 AM",3.666,79.7,100,0,2024-08-10T12:27:09.000Z
"8/10/2024, 8:32:09 AM",3.666,80.1,100,0,2024-08-10T12:32:09.000Z
"8/10/2024, 8:37:09 AM",3.666,80.2,100,0,2024-08-10T12:37:09.000Z
"8/10/2024, 8:42:09 AM",3.666,80.4,100,0,2024-08-10T12:42:09.000Z
"8/10/2024, 8:47:09 AM",3.666,80.6,100,0,2024-08-10T12:47:09.000Z
"8/10/2024, 8:52:09 AM",3.666,80.8,100,0,2024-08-10T12:52:09.000Z
"8/10/2024, 8:57:09 AM",3.666,81.1,100,0,2024-08-10T12:57:09.000Z
"8/10/2024, 9:02:09 AM",3.666,81.7,100,0,2024-08-10T13:02:09.000Z
"8/10/2024, 9:07:09 AM",3.665,82.2,100,0,2024-08-10T13:07:09.000Z
"8/10/2024, 9:12:09 AM",3.666,82.6,100,0,2024-08-10T13:12:09.000Z
"8/10/2024, 9:17:09 AM",3.666,82.9,100,0,2024-08-10T13:17:09.000Z
"8/10/2024, 9:22:09 AM",3.666,83.1,100,0,2024-08-10T13:22:09.000Z
"8/10/2024, 9:27:09 AM",3.666,83.5,100,0,2024-08-10T13:27:09.000Z
"8/10/2024, 9:32:09 AM",3.665,83.8,100,0,2024-08-10T13:32:09.000Z
"8/10/2024, 9:37:09 AM",3.665,84,100,0,2024-08-10T13:37:09.000Z
"8/10/2024, 9:42:09 AM",3.665,84.6,100,0,2024-08-10T13:42:09.000Z
"8/10/2024, 9:47:09 AM",3.665,84.9,100,0,2024-08-10T13:47:09.000Z
"8/10/2024, 9:52:09 AM",3.665,85.3,100,0,2024-08-10T13:52:09.000Z
"8/10/2024, 9:57:09 AM",3.665,85.3,100,0,2024-08-10T13:57:09.000Z
"8/10/2024, 10:02:09 AM",3.665,85.6,100,0,2024-08-10T14:02:09.000Z
"8/10/2024, 10:07:09 AM",3.665,86,100,0,2024-08-10T14:07:09.000Z
"8/10/2024, 10:12:09 AM",3.665,86.4,100,0,2024-08-10T14:12:09.000Z
"8/10/2024, 10:17:09 AM",3.665,86.9,100,0,2024-08-10T14:17:09.000Z
"8/10/2024, 10:22:09 AM",3.665,87.3,100,0,2024-08-10T14:22:09.000Z
"8/10/2024, 10:27:09 AM",3.665,87.8,100,0,2024-08-10T14:27:09.000Z
"8/10/2024, 10:32:09 AM",3.665,88.2,100,0,2024-08-10T14:32:09.000Z
"8/10/2024, 10:37:09 AM",3.665,88.5,100,0,2024-08-10T14:37:09.000Z
"8/10/2024, 10:42:09 AM",3.665,88.9,100,0,2024-08-10T14:42:09.000Z
"8/10/2024, 10:47:09 AM",3.665,89.2,100,0,2024-08-10T14:47:09.000Z
"8/10/2024, 10:52:09 AM",3.665,89.6,100,0,2024-08-10T14:52:09.000Z
"8/10/2024, 10:57:09 AM",3.664,89.8,100,0,2024-08-10T14:57:09.000Z
"8/10/2024, 11:02:09 AM",3.665,90,100,0,2024-08-10T15:02:09.000Z
"8/10/2024, 11:07:09 AM",3.664,90.3,100,0,2024-08-10T15:07:09.000Z
"8/10/2024, 11:12:09 AM",3.664,90.5,100,0,2024-08-10T15:12:09.000Z
"8/10/2024, 11:17:09 AM",3.664,90.9,100,0,2024-08-10T15:17:09.000Z
"8/10/2024, 11:22:09 AM",3.664,91.2,100,0,2024-08-10T15:22:09.000Z
"8/10/2024, 11:27:09 AM",3.664,91.6,100,0,2024-08-10T15:27:09.000Z
"8/10/2024, 11:32:09 AM",3.664,91.9,100,0,2024-08-10T15:32:09.000Z
"8/10/2024, 11:37:09 AM",3.664,91.9,100,0,2024-08-10T15:37:09.000Z
"8/10/2024, 11:42:09 AM",3.664,91.8,100,0,2024-08-10T15:42:09.000Z
"8/10/2024, 11:47:09 AM",3.664,91.8,100,0,2024-08-10T15:47:09.000Z
"8/10/2024, 11:52:09 AM",3.665,91.9,100,0,2024-08-10T15:52:09.000Z
"8/10/2024, 11:57:09 AM",3.664,92.3,100,0,2024-08-10T15:57:09.000Z
"8/10/2024, 12:02:09 PM",3.664,92.5,100,0,2024-08-10T16:02:09.000Z
"8/10/2024, 12:07:09 PM",3.664,92.7,100,0,2024-08-10T16:07:09.000Z
"8/10/2024, 12:12:09 PM",3.664,93,100,0,2024-08-10T16:12:09.000Z
"8/10/2024, 12:17:09 PM",3.664,93.2,100,0,2024-08-10T16:17:09.000Z
"8/10/2024, 12:22:09 PM",3.664,93.6,100,0,2024-08-10T16:22:09.000Z
"8/10/2024, 12:27:09 PM",3.664,93.9,100,0,2024-08-10T16:27:09.000Z
"8/10/2024, 12:32:09 PM",3.664,94.5,100,0,2024-08-10T16:32:09.000Z
"8/10/2024, 12:37:09 PM",3.664,94.8,100,0,2024-08-10T16:37:09.000Z
"8/10/2024, 12:42:09 PM",3.664,95.4,100,0,2024-08-10T16:42:09.000Z
"8/10/2024, 12:47:09 PM",3.664,95.5,100,0,2024-08-10T16:47:09.000Z
"8/10/2024, 12:52:09 PM",3.663,95.4,100,0,2024-08-10T16:52:09.000Z
"8/10/2024, 12:57:09 PM",3.664,95.5,100,0,2024-08-10T16:57:09.000Z
"8/10/2024, 1:02:09 PM",3.664,95.7,100,0,2024-08-10T17:02:09.000Z
"8/10/2024, 1:07:09 PM",3.663,95.7,100,0,2024-08-10T17:07:09.000Z
"8/10/2024, 1:12:09 PM",3.664,96.1,100,0,2024-08-10T17:12:09.000Z
"8/10/2024, 1:17:09 PM",3.664,96.3,100,0,2024-08-10T17:17:09.000Z
"8/10/2024, 1:22:09 PM",3.664,96.3,100,0,2024-08-10T17:22:09.000Z
"8/10/2024, 1:27:09 PM",3.663,96.3,100,0,2024-08-10T17:27:09.000Z
"8/10/2024, 1:32:09 PM",3.664,96.4,100,0,2024-08-10T17:32:09.000Z
"8/10/2024, 1:37:09 PM",3.663,96.4,100,0,2024-08-10T17:37:09.000Z
"8/10/2024, 1:42:09 PM",3.663,96.4,100,0,2024-08-10T17:42:09.000Z
"8/10/2024, 1:47:09 PM",3.663,96.8,100,0,2024-08-10T17:47:09.000Z
"8/10/2024, 1:52:09 PM",3.663,97,100,0,2024-08-10T17:52:09.000Z
"8/10/2024, 1:57:09 PM",3.663,97.3,100,0,2024-08-10T17:57:09.000Z
"8/10/2024, 2:02:09 PM",3.663,97.5,100,0,2024-08-10T18:02:09.000Z
"8/10/2024, 2:07:09 PM",3.663,97.7,100,0,2024-08-10T18:07:09.000Z
"8/10/2024, 2:12:09 PM",3.663,97.5,100,0,2024-08-10T18:12:09.000Z
"8/10/2024, 2:17:09 PM",3.663,97,100,0,2024-08-10T18:17:09.000Z
"8/10/2024, 2:22:09 PM",3.663,96.8,100,0,2024-08-10T18:22:09.000Z
"8/10/2024, 2:27:09 PM",3.663,96.6,100,0,2024-08-10T18:27:09.000Z
"8/10/2024, 2:32:09 PM",3.664,96.3,100,0,2024-08-10T18:32:09.000Z
"8/10/2024, 2:37:09 PM",3.663,95.9,100,0,2024-08-10T18:37:09.000Z
"8/10/2024, 2:42:09 PM",3.663,95.5,100,0,2024-08-10T18:42:09.000Z
"8/10/2024, 2:47:09 PM",3.664,95.5,100,0,2024-08-10T18:47:09.000Z
"8/10/2024, 2:52:09 PM",3.663,95.7,100,0,2024-08-10T18:52:09.000Z
"8/10/2024, 2:57:09 PM",3.664,96.1,100,0,2024-08-10T18:57:09.000Z
"8/10/2024, 3:02:09 PM",3.663,96.4,100,0,2024-08-10T19:02:09.000Z
"8/10/2024, 3:07:09 PM",3.663,96.6,100,0,2024-08-10T19:07:09.000Z
"8/10/2024, 3:12:09 PM",3.663,96.6,100,0,2024-08-10T19:12:09.000Z
"8/10/2024, 3:17:09 PM",3.663,96.4,100,0,2024-08-10T19:17:09.000Z
"8/10/2024, 3:22:09 PM",3.663,96.1,100,0,2024-08-10T19:22:09.000Z
"8/10/2024, 3:27:09 PM",3.664,95.7,100,0,2024-08-10T19:27:09.000Z
"8/10/2024, 3:32:09 PM",3.663,95.4,100,0,2024-08-10T19:32:09.000Z
"8/10/2024, 3:37:09 PM",3.663,95,100,0,2024-08-10T19:37:09.000Z
"8/10/2024, 3:42:09 PM",3.664,94.8,100,0,2024-08-10T19:42:09.000Z
"8/10/2024, 3:47:09 PM",3.663,94.6,100,0,2024-08-10T19:47:09.000Z
"8/10/2024, 3:52:09 PM",3.664,94.6,100,0,2024-08-10T19:52:09.000Z
"8/10/2024, 3:57:09 PM",3.664,95.2,100,0,2024-08-10T19:57:09.000Z
"8/10/2024, 4:02:09 PM",3.664,95.5,100,0,2024-08-10T20:02:09.000Z
"8/10/2024, 4:07:09 PM",3.663,96.1,100,0,2024-08-10T20:07:09.000Z
"8/10/2024, 4:12:09 PM",3.664,96.6,100,0,2024-08-10T20:12:09.000Z
"8/10/2024, 4:17:09 PM",3.664,97.2,100,0,2024-08-10T20:17:09.000Z
"8/10/2024, 4:22:09 PM",3.663,97.3,100,0,2024-08-10T20:22:09.000Z
"8/10/2024, 4:27:09 PM",3.663,97.2,100,0,2024-08-10T20:27:09.000Z
"8/10/2024, 4:32:09 PM",3.664,97.2,100,0,2024-08-10T20:32:09.000Z
"8/10/2024, 4:37:09 PM",3.663,96.8,100,0,2024-08-10T20:37:09.000Z
"8/10/2024, 4:42:09 PM",3.663,96.6,99.8,0,2024-08-10T20:42:09.000Z
"8/10/2024, 4:47:09 PM",3.663,96.8,99.6,0,2024-08-10T20:47:09.000Z
"8/10/2024, 4:52:09 PM",3.664,97.2,99.4,0,2024-08-10T20:52:09.000Z
"8/10/2024, 4:57:09 PM",3.663,97.3,99.1,0,2024-08-10T20:57:09.000Z
"8/10/2024, 5:02:09 PM",3.663,97.5,98.7,0,2024-08-10T21:02:09.000Z
"8/10/2024, 5:07:09 PM",3.663,97.7,98.4,0,2024-08-10T21:07:09.000Z
"8/10/2024, 5:12:09 PM",3.663,97.9,98.1,0,2024-08-10T21:12:09.000Z
"8/10/2024, 5:17:09 PM",3.663,97.9,97.9,0,2024-08-10T21:17:09.000Z
"8/10/2024, 5:22:09 PM",3.663,97.9,97.7,0,2024-08-10T21:22:09.000Z
"8/10/2024, 5:27:09 PM",3.663,97.9,97.4,0,2024-08-10T21:27:09.000Z
"8/10/2024, 5:32:09 PM",3.663,97.7,97.1,0,2024-08-10T21:32:09.000Z
"8/10/2024, 5:37:09 PM",3.663,97.7,96.8,0,2024-08-10T21:37:09.000Z
"8/10/2024, 5:42:09 PM",3.663,97.5,96.6,0,2024-08-10T21:42:09.000Z
"8/10/2024, 5:47:09 PM",3.664,97,96.3,0,2024-08-10T21:47:09.000Z
"8/10/2024, 5:52:09 PM",3.663,96.8,96.1,0,2024-08-10T21:52:09.000Z
"8/10/2024, 5:57:09 PM",3.664,96.6,95.7,0,2024-08-10T21:57:09.000Z
"8/10/2024, 6:02:09 PM",3.663,96.6,95.6,0,2024-08-10T22:02:09.000Z
"8/10/2024, 6:07:09 PM",3.663,96.6,95.5,0,2024-08-10T22:07:09.000Z
"8/10/2024, 6:12:09 PM",3.663,96.4,95.2,0,2024-08-10T22:12:09.000Z
"8/10/2024, 6:17:09 PM",3.663,95.7,94.9,0,2024-08-10T22:17:09.000Z
"8/10/2024, 6:22:09 PM",3.664,95.4,94.7,0,2024-08-10T22:22:09.000Z
"8/10/2024, 6:27:09 PM",3.664,95.2,94.7,0,2024-08-10T22:27:09.000Z
"8/10/2024, 6:32:09 PM",3.664,95.2,94.8,0,2024-08-10T22:32:09.000Z
"8/10/2024, 6:37:09 PM",3.664,95,94.8,0,2024-08-10T22:37:09.000Z
"8/10/2024, 6:42:09 PM",3.663,94.8,94.8,0,2024-08-10T22:42:09.000Z
"8/10/2024, 6:47:09 PM",3.664,94.6,94.9,0,2024-08-10T22:47:09.000Z
"8/10/2024, 6:52:09 PM",3.664,93.9,95,0,2024-08-10T22:52:09.000Z
"8/10/2024, 6:57:09 PM",3.664,93.6,95.2,0,2024-08-10T22:57:09.000Z
"8/10/2024, 7:02:09 PM",3.665,93,95.4,0,2024-08-10T23:02:09.000Z
"8/10/2024, 7:07:09 PM",3.664,92.5,95.5,0,2024-08-10T23:07:09.000Z
"8/10/2024, 7:12:09 PM",3.664,91.9,95.6,0,2024-08-10T23:12:09.000Z
"8/10/2024, 7:17:09 PM",3.664,91.4,95.7,0,2024-08-10T23:17:09.000Z
"8/10/2024, 7:22:09 PM",3.665,90.9,95.7,0,2024-08-10T23:22:09.000Z
"8/10/2024, 7:27:09 PM",3.664,90.5,95.8,0,2024-08-10T23:27:09.000Z
"8/10/2024, 7:32:09 PM",3.664,90,96.1,0,2024-08-10T23:32:09.000Z
"8/10/2024, 7:37:09 PM",3.664,89.6,96.2,0,2024-08-10T23:37:09.000Z
"8/10/2024, 7:42:09 PM",3.665,89.1,96.4,0,2024-08-10T23:42:09.000Z
"8/10/2024, 7:47:09 PM",3.665,88.9,96.6,0,2024-08-10T23:47:09.000Z
"8/10/2024, 7:52:09 PM",3.665,88.3,96.8,0,2024-08-10T23:52:09.000Z
"8/10/2024, 7:57:09 PM",3.665,88,97.1,0,2024-08-10T23:57:09.000Z
"8/10/2024, 8:02:09 PM",3.665,87.4,97.3,0,2024-08-11T00:02:09.000Z
"8/10/2024, 8:07:09 PM",3.665,87.1,97.5,0,2024-08-11T00:07:09.000Z
"8/10/2024, 8:12:09 PM",3.665,86.7,97.7,0,2024-08-11T00:12:09.000Z
"8/10/2024, 8:17:09 PM",3.665,86.2,97.8,0,2024-08-11T00:17:09.000Z
"8/10/2024, 8:22:09 PM",3.665,85.6,97.9,0,2024-08-11T00:22:09.000Z
"8/10/2024, 8:27:09 PM",3.666,85.3,98,0,2024-08-11T00:27:09.000Z
"8/10/2024, 8:32:09 PM",3.665,84.7,98.2,0,2024-08-11T00:32:09.000Z
"8/10/2024, 8:37:09 PM",3.666,84.6,98.4,0,2024-08-11T00:37:09.000Z
"8/10/2024, 8:42:09 PM",3.665,84,98.6,0,2024-08-11T00:42:09.000Z
"8/10/2024, 8:47:09 PM",3.666,83.8,98.8,0,2024-08-11T00:47:09.000Z
"8/10/2024, 8:52:09 PM",3.665,83.3,99,0,2024-08-11T00:52:09.000Z
"8/10/2024, 8:57:09 PM",3.666,82.9,99.2,1,2024-08-11T00:57:09.000Z
"8/10/2024, 9:02:09 PM",3.666,82.8,99.3,1,2024-08-11T01:02:09.000Z
"8/10/2024, 9:07:09 PM",3.666,82.2,99.4,1,2024-08-11T01:07:09.000Z
"8/10/2024, 9:12:09 PM",3.666,82,99.5,1,2024-08-11T01:12:09.000Z
"8/10/2024, 9:17:09 PM",3.666,81.7,99.6,1,2024-08-11T01:17:09.000Z
"8/10/2024, 9:22:09 PM",3.666,81.5,99.8,1,2024-08-11T01:22:09.000Z
"8/10/2024, 9:27:09 PM",3.666,81.3,99.9,1,2024-08-11T01:27:09.000Z
"8/10/2024, 9:32:09 PM",3.666,81,100,1,2024-08-11T01:32:09.000Z
"8/10/2024, 9:37:09 PM",3.666,80.8,100,1,2024-08-11T01:37:09.000Z
"8/10/2024, 9:42:09 PM",3.666,80.6,100,1,2024-08-11T01:42:09.000Z
"8/10/2024, 9:47:09 PM",3.666,80.4,100,1,2024-08-11T01:47:09.000Z
"8/10/2024, 9:52:09 PM",3.666,80.2,100,1,2024-08-11T01:52:09.000Z
"8/10/2024, 9:57:09 PM",3.666,80.1,100,1,2024-08-11T01:57:09.000Z
"8/10/2024, 10:02:09 PM",3.666,79.9,100,1,2024-08-11T02:02:09.000Z
"8/10/2024, 10:07:09 PM",3.666,79.7,100,1,2024-08-11T02:07:09.000Z
"8/10/2024, 10:12:09 PM",3.666,79.5,100,1,2024-08-11T02:12:09.000Z
"8/10/2024, 10:17:09 PM",3.666,79.3,100,1,2024-08-11T02:17:09.000Z
"8/10/2024, 10:22:09 PM",3.666,79,100,1,2024-08-11T02:22:09.000Z
"8/10/2024, 10:27:09 PM",3.666,79,100,1,2024-08-11T02:27:09.000Z
"8/10/2024, 10:32:09 PM",3.666,79,100,1,2024-08-11T02:32:09.000Z
"8/10/2024, 10:37:09 PM",3.666,79,100,1,2024-08-11T02:37:09.000Z
"8/10/2024, 10:42:09 PM",3.666,78.6,100,1,2024-08-11T02:42:09.000Z
"8/10/2024, 10:47:09 PM",3.666,78.4,100,1,2024-08-11T02:47:09.000Z
"8/10/2024, 10:52:09 PM",3.666,78.3,100,1,2024-08-11T02:52:09.000Z
"8/10/2024, 10:57:09 PM",3.666,78.3,100,1,2024-08-11T02:57:09.000Z
"8/10/2024, 11:02:09 PM",3.666,78.1,100,1,2024-08-11T03:02:09.000Z
"8/10/2024, 11:07:09 PM",3.666,77.9,100,1,2024-08-11T03:07:09.000Z
"8/10/2024, 11:12:09 PM",3.666,77.9,100,1,2024-08-11T03:12:09.000Z
"8/10/2024, 11:17:09 PM",3.666,77.7,100,1,2024-08-11T03:17:09.000Z
"8/10/2024, 11:22:09 PM",3.666,77.7,100,1,2024-08-11T03:22:09.000Z
"8/10/2024, 11:27:09 PM",3.667,77.5,100,1,2024-08-11T03:27:09.000Z
"8/10/2024, 11:32:09 PM",3.666,77.5,100,1,2024-08-11T03:32:09.000Z
"8/10/2024, 11:37:09 PM",3.666,77.4,100,1,2024-08-11T03:37:09.000Z
"8/10/2024, 11:42:09 PM",3.666,77.4,100,1,2024-08-11T03:42:09.000Z
"8/10/2024, 11:47:09 PM",3.666,77.2,100,1,2024-08-11T03:47:09.000Z
"8/10/2024, 11:52:09 PM",3.666,77.2,100,1,2024-08-11T03:52:09.000Z
"8/10/2024, 11:57:09 PM",3.666,77.2,100,1,2024-08-11T03:57:09.000Z
"8/11/2024, 12:02:09 AM",3.666,77.2,100,1,2024-08-11T04:02:09.000Z
"8/11/2024, 12:07:09 AM",3.666,77.2,100,1,2024-08-11T04:07:09.000Z
"8/11/2024, 12:12:09 AM",3.666,77.2,100,1,2024-08-11T04:12:09.000Z
"8/11/2024, 12:17:09 AM",3.666,77.2,100,1,2024-08-11T04:17:09.000Z
"8/11/2024, 12:22:09 AM",3.666,77.2,100,1,2024-08-11T04:22:09.000Z
"8/11/2024, 12:27:09 AM",3.666,77.2,100,1,2024-08-11T04:27:09.000Z
"8/11/2024, 12:32:09 AM",3.666,77.4,100,1,2024-08-11T04:32:09.000Z
"8/11/2024, 12:37:09 AM",3.667,77.4,100,1,2024-08-11T04:37:09.000Z
"8/11/2024, 12:42:09 AM",3.666,77.5,100,1,2024-08-11T04:42:09.000Z
"8/11/2024, 12:47:09 AM",3.666,77.5,100,1,2024-08-11T04:47:09.000Z
"8/11/2024, 12:52:09 AM",3.666,77.5,100,1,2024-08-11T04:52:09.000Z
"8/11/2024, 12:57:09 AM",3.666,77.5,100,1,2024-08-11T04:57:09.000Z
"8/11/2024, 1:02:09 AM",3.666,77.9,100,1,2024-08-11T05:02:09.000Z
"8/11/2024, 1:07:09 AM",3.666,77.9,100,1,2024-08-11T05:07:09.000Z
"8/11/2024, 1:12:09 AM",3.666,78.3,100,1,2024-08-11T05:12:09.000Z
"8/11/2024, 1:17:09 AM",3.666,78.3,100,1,2024-08-11T05:17:09.000Z
"8/11/2024, 1:22:09 AM",3.666,78.3,100,1,2024-08-11T05:22:09.000Z
"8/11/2024, 1:27:09 AM",3.666,78.1,100,1,2024-08-11T05:27:09.000Z
"8/11/2024, 1:32:09 AM",3.666,77.9,100,1,2024-08-11T05:32:09.000Z
"8/11/2024, 1:37:09 AM",3.666,77.7,100,1,2024-08-11T05:37:09.000Z
"8/11/2024, 1:42:09 AM",3.666,77.5,100,1,2024-08-11T05:42:09.000Z
"8/11/2024, 1:47:09 AM",3.666,77.4,100,1,2024-08-11T05:47:09.000Z
"8/11/2024, 1:52:09 AM",3.666,77.2,100,1,2024-08-11T05:52:09.000Z
"8/11/2024, 1:57:09 AM",3.666,77.2,100,1,2024-08-11T05:57:09.000Z
"8/11/2024, 2:02:09 AM",3.667,77,100,1,2024-08-11T06:02:09.000Z
"8/11/2024, 2:07:09 AM",3.666,76.8,100,1,2024-08-11T06:07:09.000Z
"8/11/2024, 2:12:09 AM",3.666,76.8,100,1,2024-08-11T06:12:09.000Z
"8/11/2024, 2:17:09 AM",3.666,76.6,100,1,2024-08-11T06:17:09.000Z
"8/11/2024, 2:22:09 AM",3.666,76.6,100,1,2024-08-11T06:22:09.000Z
"8/11/2024, 2:27:09 AM",3.666,76.5,100,1,2024-08-11T06:27:09.000Z
"8/11/2024, 2:32:09 AM",3.667,76.3,100,0,2024-08-11T06:32:09.000Z
"8/11/2024, 2:37:09 AM",3.666,76.1,100,1,2024-08-11T06:37:09.000Z
"8/11/2024, 2:42:09 AM",3.667,75.9,100,0,2024-08-11T06:42:09.000Z
"8/11/2024, 2:47:09 AM",3.666,75.9,100,0,2024-08-11T06:47:09.000Z
"8/11/2024, 2:52:09 AM",3.667,75.7,100,0,2024-08-11T06:52:09.000Z
"8/11/2024, 2:57:09 AM",3.666,75.7,100,0,2024-08-11T06:57:09.000Z
"8/11/2024, 3:02:09 AM",3.666,75.7,100,0,2024-08-11T07:02:09.000Z
"8/11/2024, 3:07:09 AM",3.666,75.6,100,0,2024-08-11T07:07:09.000Z
"8/11/2024, 3:12:09 AM",3.666,75.6,100,0,2024-08-11T07:12:09.000Z
"8/11/2024, 3:17:09 AM",3.666,75.6,100,0,2024-08-11T07:17:09.000Z
"8/11/2024, 3:22:09 AM",3.666,75.6,100,0,2024-08-11T07:22:09.000Z
"8/11/2024, 3:27:09 AM",3.666,75.4,100,0,2024-08-11T07:27:09.000Z
"8/11/2024, 3:32:09 AM",3.666,75.4,100,1,2024-08-11T07:32:09.000Z
"8/11/2024, 3:37:09 AM",3.666,75.4,100,0,2024-08-11T07:37:09.000Z
"8/11/2024, 3:42:09 AM",3.667,75.2,100,0,2024-08-11T07:42:09.000Z
"8/11/2024, 3:47:09 AM",3.666,75.2,100,0,2024-08-11T07:47:09.000Z
"8/11/2024, 3:52:09 AM",3.667,75,100,0,2024-08-11T07:52:09.000Z
"8/11/2024, 3:57:09 AM",3.667,75,100,0,2024-08-11T07:57:09.000Z
"8/11/2024, 4:02:09 AM",3.666,75,100,0,2024-08-11T08:02:09.000Z
"8/11/2024, 4:07:09 AM",3.667,74.8,100,0,2024-08-11T08:07:09.000Z
"8/11/2024, 4:12:09 AM",3.666,74.7,100,0,2024-08-11T08:12:09.000Z
"8/11/2024, 4:17:09 AM",3.667,74.7,100,0,2024-08-11T08:17:09.000Z
"8/11/2024, 4:22:09 AM",3.666,74.5,100,0,2024-08-11T08:22:09.000Z
"8/11/2024, 4:27:09 AM",3.666,74.5,100,0,2024-08-11T08:27:09.000Z
"8/11/2024, 4:32:09 AM",3.666,74.5,100,0,2024-08-11T08:32:09.000Z
"8/11/2024, 4:37:09 AM",3.667,74.5,100,0,2024-08-11T08:37:09.000Z
"8/11/2024, 4:42:09 AM",3.667,74.5,100,0,2024-08-11T08:42:09.000Z
"8/11/2024, 4:47:09 AM",3.666,74.5,100,0,2024-08-11T08:47:09.000Z
"8/11/2024, 4:52:09 AM",3.667,74.7,100,0,2024-08-11T08:52:09.000Z
"8/11/2024, 4:57:09 AM",3.666,74.7,100,0,2024-08-11T08:57:09.000Z
"8/11/2024, 5:02:09 AM",3.666,74.7,100,0,2024-08-11T09:02:09.000Z
"8/11/2024, 5:07:09 AM",3.666,74.7,100,0,2024-08-11T09:07:09.000Z
"8/11/2024, 5:12:09 AM",3.667,74.7,100,0,2024-08-11T09:12:09.000Z
"8/11/2024, 5:17:09 AM",3.666,74.7,100,0,2024-08-11T09:17:09.000Z
"8/11/2024, 5:22:09 AM",3.666,74.7,100,0,2024-08-11T09:22:09.000Z
"8/11/2024, 5:27:09 AM",3.667,74.7,100,0,2024-08-11T09:27:09.000Z
"8/11/2024, 5:32:09 AM",3.666,74.7,100,0,2024-08-11T09:32:09.000Z
"8/11/2024, 5:37:09 AM",3.666,74.8,100,0,2024-08-11T09:37:09.000Z
"8/11/2024, 5:42:09 AM",3.666,74.7,100,0,2024-08-11T09:42:09.000Z
"8/11/2024, 5:47:09 AM",3.666,74.7,100,0,2024-08-11T09:47:09.000Z
"8/11/2024, 5:52:09 AM",3.666,74.5,100,0,2024-08-11T09:52:09.000Z
"8/11/2024, 5:57:09 AM",3.666,74.5,100,0,2024-08-11T09:57:09.000Z
"8/11/2024, 6:02:09 AM",3.666,74.5,100,0,2024-08-11T10:02:09.000Z
"8/11/2024, 6:07:09 AM",3.666,74.5,100,0,2024-08-11T10:07:09.000Z
"8/11/2024, 6:12:09 AM",3.666,74.5,100,0,2024-08-11T10:12:09.000Z
"8/11/2024, 6:17:09 AM",3.666,74.3,100,0,2024-08-11T10:17:09.000Z
"8/11/2024, 6:22:09 AM",3.666,74.5,100,0,2024-08-11T10:22:09.000Z
"8/11/2024, 6:27:09 AM",3.666,74.5,100,0,2024-08-11T10:27:09.000Z
"8/11/2024, 6:32:09 AM",3.666,74.3,100,0,2024-08-11T10:32:09.000Z
"8/11/2024, 6:37:09 AM",3.666,74.3,100,0,2024-08-11T10:37:09.000Z
"8/11/2024, 6:42:09 AM",3.666,74.3,100,0,2024-08-11T10:42:09.000Z
"8/11/2024, 6:47:09 AM",3.666,74.5,100,0,2024-08-11T10:47:09.000Z
"8/11/2024, 6:52:09 AM",3.666,74.5,100,0,2024-08-11T10:52:09.000Z
"8/11/2024, 6:57:09 AM",3.666,74.5,100,0,2024-08-11T10:57:09.000Z
"8/11/2024, 7:02:09 AM",3.666,74.5,100,0,2024-08-11T11:02:09.000Z
"8/11/2024, 7:07:09 AM",3.666,74.5,100,0,2024-08-11T11:07:09.000Z
"8/11/2024, 7:12:09 AM",3.666,74.7,100,1,2024-08-11T11:12:09.000Z
"8/11/2024, 7:17:09 AM",3.666,74.7,100,0,2024-08-11T11:17:09.000Z
"8/11/2024, 7:22:09 AM",3.666,74.7,100,1,2024-08-11T11:22:09.000Z
"8/11/2024, 7:27:09 AM",3.666,74.8,100,0,2024-08-11T11:27:09.000Z
"8/11/2024, 7:32:09 AM",3.666,75,100,0,2024-08-11T11:32:09.000Z
"8/11/2024, 7:37:09 AM",3.666,75,100,0,2024-08-11T11:37:09.000Z
"8/11/2024, 7:42:09 AM",3.666,75.2,100,1,2024-08-11T11:42:09.000Z
"8/11/2024, 7:47:09 AM",3.666,75.6,100,1,2024-08-11T11:47:09.000Z
"8/11/2024, 7:52:09 AM",3.666,75.9,100,1,2024-08-11T11:52:09.000Z
"8/11/2024, 7:57:09 AM",3.666,76.3,100,1,2024-08-11T11:57:09.000Z
"8/11/2024, 8:02:09 AM",3.666,76.5,100,0,2024-08-11T12:02:09.000Z
"8/11/2024, 8:07:09 AM",3.666,76.8,100,0,2024-08-11T12:07:09.000Z
"8/11/2024, 8:12:09 AM",3.666,77,100,1,2024-08-11T12:12:09.000Z
"8/11/2024, 8:17:09 AM",3.666,77.4,100,1,2024-08-11T12:17:09.000Z
"8/11/2024, 8:22:09 AM",3.666,77.7,100,1,2024-08-11T12:22:09.000Z
"8/11/2024, 8:27:09 AM",3.666,77.9,100,1,2024-08-11T12:27:09.000Z
"8/11/2024, 8:32:09 AM",3.666,78.4,100,1,2024-08-11T12:32:09.000Z
"8/11/2024, 8:37:09 AM",3.666,79,100,1,2024-08-11T12:37:09.000Z
"8/11/2024, 8:42:09 AM",3.666,79,100,1,2024-08-11T12:42:09.000Z
"8/11/2024, 8:47:09 AM",3.665,79.5,100,1,2024-08-11T12:47:09.000Z
"8/11/2024, 8:52:09 AM",3.665,79.9,100,1,2024-08-11T12:52:09.000Z
"8/11/2024, 8:57:09 AM",3.666,80.2,100,1,2024-08-11T12:57:09.000Z
"8/11/2024, 9:02:09 AM",3.665,80.8,100,1,2024-08-11T13:02:09.000Z
"8/11/2024, 9:07:09 AM",3.665,81.1,100,1,2024-08-11T13:07:09.000Z
"8/11/2024, 9:12:09 AM",3.665,81.7,100,1,2024-08-11T13:12:09.000Z
"8/11/2024, 9:17:09 AM",3.665,82.2,100,1,2024-08-11T13:17:09.000Z
"8/11/2024, 9:22:09 AM",3.666,82.8,100,1,2024-08-11T13:22:09.000Z
"8/11/2024, 9:27:09 AM",3.665,83.3,100,1,2024-08-11T13:27:09.000Z
"8/11/2024, 9:32:09 AM",3.665,83.7,100,1,2024-08-11T13:32:09.000Z
"8/11/2024, 9:37:09 AM",3.665,84.2,100,1,2024-08-11T13:37:09.000Z
"8/11/2024, 9:42:09 AM",3.665,84.6,100,1,2024-08-11T13:42:09.000Z
"8/11/2024, 9:47:09 AM",3.665,85.1,100,1,2024-08-11T13:47:09.000Z
"8/11/2024, 9:52:09 AM",3.665,85.5,100,1,2024-08-11T13:52:09.000Z
"8/11/2024, 9:57:09 AM",3.665,85.8,100,1,2024-08-11T13:57:09.000Z
"8/11/2024, 10:02:09 AM",3.665,86.4,100,1,2024-08-11T14:02:09.000Z
"8/11/2024, 10:07:09 AM",3.665,86.7,100,0,2024-08-11T14:07:09.000Z
"8/11/2024, 10:12:09 AM",3.664,87.1,100,0,2024-08-11T14:12:09.000Z
"8/11/2024, 10:17:09 AM",3.664,87.3,100,0,2024-08-11T14:17:09.000Z
"8/11/2024, 10:22:09 AM",3.665,87.4,100,0,2024-08-11T14:22:09.000Z
"8/11/2024, 10:27:09 AM",3.664,87.6,100,0,2024-08-11T14:27:09.000Z
"8/11/2024, 10:32:09 AM",3.665,88,100,0,2024-08-11T14:32:09.000Z
"8/11/2024, 10:37:09 AM",3.665,88.2,100,0,2024-08-11T14:37:09.000Z
"8/11/2024, 10:42:09 AM",3.665,88.5,100,0,2024-08-11T14:42:09.000Z
"8/11/2024, 10:47:09 AM",3.664,88.7,100,0,2024-08-11T14:47:09.000Z
"8/11/2024, 10:52:09 AM",3.664,88.9,100,0,2024-08-11T14:52:09.000Z
"8/11/2024, 10:57:09 AM",3.664,89.1,100,0,2024-08-11T14:57:09.000Z
"8/11/2024, 11:02:09 AM",3.664,89.2,100,0,2024-08-11T15:02:09.000Z
"8/11/2024, 11:07:09 AM",3.664,89.6,100,0,2024-08-11T15:07:09.000Z
"8/11/2024, 11:12:09 AM",3.664,90,100,0,2024-08-11T15:12:09.000Z
"8/11/2024, 11:17:09 AM",3.664,90.1,100,0,2024-08-11T15:17:09.000Z
"8/11/2024, 11:22:09 AM",3.664,90.3,100,0,2024-08-11T15:22:09.000Z
"8/11/2024, 11:27:09 AM",3.664,90.7,100,0,2024-08-11T15:27:09.000Z
"8/11/2024, 11:32:09 AM",3.664,91.2,100,0,2024-08-11T15:32:09.000Z
"8/11/2024, 11:37:09 AM",3.664,91.4,100,0,2024-08-11T15:37:09.000Z
"8/11/2024, 11:42:09 AM",3.664,91.4,100,0,2024-08-11T15:42:09.000Z
"8/11/2024, 11:47:09 AM",3.664,91.4,100,0,2024-08-11T15:47:09.000Z
"8/11/2024, 11:52:09 AM",3.664,91.4,100,0,2024-08-11T15:52:09.000Z
"8/11/2024, 11:57:09 AM",3.663,91.2,100,0,2024-08-11T15:57:09.000Z
"8/11/2024, 12:02:09 PM",3.664,91.2,100,0,2024-08-11T16:02:09.000Z
"8/11/2024, 12:07:09 PM",3.664,91.4,100,0,2024-08-11T16:07:09.000Z
"8/11/2024, 12:12:09 PM",3.664,91.6,100,0,2024-08-11T16:12:09.000Z
"8/11/2024, 12:17:09 PM",3.664,91.6,100,0,2024-08-11T16:17:09.000Z
"8/11/2024, 12:22:09 PM",3.664,91.8,100,0,2024-08-11T16:22:09.000Z
"8/11/2024, 12:27:09 PM",3.664,92.3,100,0,2024-08-11T16:27:09.000Z
"8/11/2024, 12:32:09 PM",3.664,92.5,100,0,2024-08-11T16:32:09.000Z
"8/11/2024, 12:37:09 PM",3.664,92.5,100,0,2024-08-11T16:37:09.000Z
"8/11/2024, 12:42:09 PM",3.663,92.5,100,0,2024-08-11T16:42:09.000Z
"8/11/2024, 12:47:09 PM",3.664,92.7,100,0,2024-08-11T16:47:09.000Z
"8/11/2024, 12:52:09 PM",3.663,93.2,100,0,2024-08-11T16:52:09.000Z
"8/11/2024, 12:57:09 PM",3.664,93.9,100,0,2024-08-11T16:57:09.000Z
"8/11/2024, 1:02:09 PM",3.663,94.6,100,0,2024-08-11T17:02:09.000Z
"8/11/2024, 1:07:09 PM",3.663,95.4,100,0,2024-08-11T17:07:09.000Z
"8/11/2024, 1:12:09 PM",3.663,96.1,100,0,2024-08-11T17:12:09.000Z
"8/11/2024, 1:17:09 PM",3.663,95.9,100,0,2024-08-11T17:17:09.000Z
"8/11/2024, 1:22:09 PM",3.663,95.7,100,0,2024-08-11T17:22:09.000Z
"8/11/2024, 1:27:09 PM",3.663,95.7,100,0,2024-08-11T17:27:09.000Z
"8/11/2024, 1:32:09 PM",3.664,95.5,100,0,2024-08-11T17:32:09.000Z
"8/11/2024, 1:37:09 PM",3.663,95.4,100,0,2024-08-11T17:37:09.000Z
"8/11/2024, 1:42:09 PM",3.663,95.2,100,0,2024-08-11T17:42:09.000Z
"8/11/2024, 1:47:09 PM",3.663,95.5,100,0,2024-08-11T17:47:09.000Z
"8/11/2024, 1:52:09 PM",3.663,96.1,100,0,2024-08-11T17:52:09.000Z
"8/11/2024, 1:57:09 PM",3.663,96.6,100,0,2024-08-11T17:57:09.000Z
"8/11/2024, 2:02:09 PM",3.663,97.2,100,0,2024-08-11T18:02:09.000Z
"8/11/2024, 2:07:09 PM",3.663,97.7,100,0,2024-08-11T18:07:09.000Z
"8/11/2024, 2:12:09 PM",3.663,98.4,100,0,2024-08-11T18:12:09.000Z
"8/11/2024, 2:17:09 PM",3.662,99,100,0,2024-08-11T18:17:09.000Z
"8/11/2024, 2:22:09 PM",3.663,99.1,100,0,2024-08-11T18:22:09.000Z
"8/11/2024, 2:27:09 PM",3.662,99.5,100,0,2024-08-11T18:27:09.000Z
"8/11/2024, 2:32:09 PM",3.662,99.9,100,0,2024-08-11T18:32:09.000Z
"8/11/2024, 2:37:09 PM",3.662,99.9,100,0,2024-08-11T18:37:09.000Z
"8/11/2024, 2:42:09 PM",3.663,99.5,100,0,2024-08-11T18:42:09.000Z
"8/11/2024, 2:47:09 PM",3.663,99.5,100,0,2024-08-11T18:47:09.000Z
"8/11/2024, 2:52:09 PM",3.663,99.7,100,0,2024-08-11T18:52:09.000Z
"8/11/2024, 2:57:09 PM",3.662,99.9,100,0,2024-08-11T18:57:09.000Z
"8/11/2024, 3:02:09 PM",3.662,99.9,100,0,2024-08-11T19:02:09.000Z
"8/11/2024, 3:07:09 PM",3.663,99.9,100,0,2024-08-11T19:07:09.000Z
"8/11/2024, 3:12:09 PM",3.662,99.7,100,0,2024-08-11T19:12:09.000Z
"8/11/2024, 3:17:09 PM",3.662,99.9,100,0,2024-08-11T19:17:09.000Z
"8/11/2024, 3:22:09 PM",3.662,100,100,0,2024-08-11T19:22:09.000Z
"8/11/2024, 3:27:09 PM",3.662,99.9,100,0,2024-08-11T19:27:09.000Z
"8/11/2024, 3:32:09 PM",3.662,99.9,100,0,2024-08-11T19:32:09.000Z
"8/11/2024, 3:37:09 PM",3.662,99.7,100,0,2024-08-11T19:37:09.000Z
"8/11/2024, 3:42:09 PM",3.663,99.9,100,0,2024-08-11T19:42:09.000Z
"8/11/2024, 3:47:09 PM",3.662,100.2,100,0,2024-08-11T19:47:09.000Z
"8/11/2024, 3:52:09 PM",3.662,100.4,100,0,2024-08-11T19:52:09.000Z
"8/11/2024, 3:57:09 PM",3.662,100.2,100,0,2024-08-11T19:57:09.000Z
"8/11/2024, 4:02:09 PM",3.662,100,100,0,2024-08-11T20:02:09.000Z
"8/11/2024, 4:07:09 PM",3.663,99.9,99.6,0,2024-08-11T20:07:09.000Z
"8/11/2024, 4:12:09 PM",3.663,100,99.2,0,2024-08-11T20:12:09.000Z
"8/11/2024, 4:17:09 PM",3.662,100,99,0,2024-08-11T20:17:09.000Z
"8/11/2024, 4:22:09 PM",3.662,99.9,98.8,0,2024-08-11T20:22:09.000Z
"8/11/2024, 4:27:09 PM",3.662,99.7,98.3,0,2024-08-11T20:27:09.000Z
"8/11/2024, 4:32:09 PM",3.663,99.3,97.9,0,2024-08-11T20:32:09.000Z
"8/11/2024, 4:37:09 PM",3.663,99.3,97.7,0,2024-08-11T20:37:09.000Z
"8/11/2024, 4:42:09 PM",3.662,99.1,97.7,0,2024-08-11T20:42:09.000Z
"8/11/2024, 4:47:09 PM",3.663,99,97.7,0,2024-08-11T20:47:09.000Z
"8/11/2024, 4:52:09 PM",3.662,98.8,97.6,0,2024-08-11T20:52:09.000Z
"8/11/2024, 4:57:09 PM",3.662,99,97.5,0,2024-08-11T20:57:09.000Z
"8/11/2024, 5:02:09 PM",3.663,99,97.4,0,2024-08-11T21:02:09.000Z
"8/11/2024, 5:07:09 PM",3.663,98.6,97.3,0,2024-08-11T21:07:09.000Z
"8/11/2024, 5:12:09 PM",3.662,98.1,97.1,0,2024-08-11T21:12:09.000Z
"8/11/2024, 5:17:09 PM",3.662,97.5,97,0,2024-08-11T21:17:09.000Z
"8/11/2024, 5:22:09 PM",3.663,96.8,96.8,0,2024-08-11T21:22:09.000Z
"8/11/2024, 5:27:09 PM",3.663,96.4,96.7,0,2024-08-11T21:27:09.000Z
"8/11/2024, 5:32:09 PM",3.663,96.4,96.7,0,2024-08-11T21:32:09.000Z
"8/11/2024, 5:37:09 PM",3.663,96.4,96.5,0,2024-08-11T21:37:09.000Z
"8/11/2024, 5:42:09 PM",3.663,96.4,96.6,0,2024-08-11T21:42:09.000Z
"8/11/2024, 5:47:09 PM",3.664,96.4,96.8,0,2024-08-11T21:47:09.000Z
"8/11/2024, 5:52:09 PM",3.663,95.9,96.6,0,2024-08-11T21:52:09.000Z
"8/11/2024, 5:57:09 PM",3.663,95.7,96.3,0,2024-08-11T21:57:09.000Z
"8/11/2024, 6:02:09 PM",3.663,95.9,96.2,0,2024-08-11T22:02:09.000Z
"8/11/2024, 6:07:09 PM",3.664,95.9,96.2,0,2024-08-11T22:07:09.000Z
"8/11/2024, 6:12:09 PM",3.664,95.5,96.2,0,2024-08-11T22:12:09.000Z
"8/11/2024, 6:17:09 PM",3.663,95.7,96.2,0,2024-08-11T22:17:09.000Z
"8/11/2024, 6:22:09 PM",3.664,95.2,95.9,0,2024-08-11T22:22:09.000Z
"8/11/2024, 6:27:09 PM",3.663,94.8,95.6,0,2024-08-11T22:27:09.000Z
"8/11/2024, 6:32:09 PM",3.663,94.5,95.5,0,2024-08-11T22:32:09.000Z
"8/11/2024, 6:37:09 PM",3.664,94.1,95.4,0,2024-08-11T22:37:09.000Z
"8/11/2024, 6:42:09 PM",3.664,93.4,95.5,0,2024-08-11T22:42:09.000Z
"8/11/2024, 6:47:09 PM",3.664,93,95.5,0,2024-08-11T22:47:09.000Z
"8/11/2024, 6:52:09 PM",3.664,92.7,95.6,0,2024-08-11T22:52:09.000Z
"8/11/2024, 6:57:09 PM",3.664,92.3,95.9,0,2024-08-11T22:57:09.000Z
"8/11/2024, 7:02:09 PM",3.664,92.1,96.2,0,2024-08-11T23:02:09.000Z
"8/11/2024, 7:07:09 PM",3.664,91.8,96.5,0,2024-08-11T23:07:09.000Z
"8/11/2024, 7:12:09 PM",3.664,91.4,96.7,0,2024-08-11T23:12:09.000Z
"8/11/2024, 7:17:09 PM",3.664,91,96.8,0,2024-08-11T23:17:09.000Z
"8/11/2024, 7:22:09 PM",3.664,90.7,96.9,0,2024-08-11T23:22:09.000Z
"8/11/2024, 7:27:09 PM",3.665,90.1,96.9,0,2024-08-11T23:27:09.000Z
"8/11/2024, 7:32:09 PM",3.665,89.6,97,0,2024-08-11T23:32:09.000Z
"8/11/2024, 7:37:09 PM",3.664,88.9,97.1,0,2024-08-11T23:37:09.000Z
"8/11/2024, 7:42:09 PM",3.665,88.5,97.2,0,2024-08-11T23:42:09.000Z
"8/11/2024, 7:47:09 PM",3.665,88,97.4,0,2024-08-11T23:47:09.000Z
"8/11/2024, 7:52:09 PM",3.665,87.6,97.5,0,2024-08-11T23:52:09.000Z
"8/11/2024, 7:57:09 PM",3.665,87.3,97.6,0,2024-08-11T23:57:09.000Z
"8/11/2024, 8:02:09 PM",3.665,86.9,97.8,0,2024-08-12T00:02:09.000Z
"8/11/2024, 8:07:09 PM",3.665,86.5,98,0,2024-08-12T00:07:09.000Z
"8/11/2024, 8:12:09 PM",3.665,86.2,98.2,0,2024-08-12T00:12:09.000Z
"8/11/2024, 8:17:09 PM",3.665,85.8,98.5,0,2024-08-12T00:17:09.000Z
"8/11/2024, 8:22:09 PM",3.665,85.5,98.7,0,2024-08-12T00:22:09.000Z
"8/11/2024, 8:27:09 PM",3.665,85.1,98.9,0,2024-08-12T00:27:09.000Z
"8/11/2024, 8:32:09 PM",3.665,84.7,99,0,2024-08-12T00:32:09.000Z
"8/11/2024, 8:37:09 PM",3.665,84.4,99.2,0,2024-08-12T00:37:09.000Z
"8/11/2024, 8:42:09 PM",3.665,84,99.3,0,2024-08-12T00:42:09.000Z
"8/11/2024, 8:47:09 PM",3.665,83.7,99.5,0,2024-08-12T00:47:09.000Z
"8/11/2024, 8:52:09 PM",3.665,83.3,99.6,0,2024-08-12T00:52:09.000Z
"8/11/2024, 8:57:09 PM",3.665,82.9,99.7,0,2024-08-12T00:57:09.000Z
"8/11/2024, 9:02:09 PM",3.666,82.8,99.8,0,2024-08-12T01:02:09.000Z
"8/11/2024, 9:07:09 PM",3.666,82.4,100,0,2024-08-12T01:07:09.000Z
"8/11/2024, 9:12:09 PM",3.666,82.2,100,0,2024-08-12T01:12:09.000Z
"8/11/2024, 9:17:09 PM",3.666,81.9,100,0,2024-08-12T01:17:09.000Z
"8/11/2024, 9:22:09 PM",3.666,81.7,100,0,2024-08-12T01:22:09.000Z
"8/11/2024, 9:27:09 PM",3.666,81.5,100,0,2024-08-12T01:27:09.000Z
"8/11/2024, 9:32:09 PM",3.666,81.3,100,0,2024-08-12T01:32:09.000Z
"8/11/2024, 9:37:09 PM",3.666,81.1,100,0,2024-08-12T01:37:09.000Z
"8/11/2024, 9:42:09 PM",3.666,81,100,0,2024-08-12T01:42:09.000Z
"8/11/2024, 9:47:09 PM",3.666,81,100,0,2024-08-12T01:47:09.000Z
"8/11/2024, 9:52:09 PM",3.666,80.8,100,0,2024-08-12T01:52:09.000Z
"8/11/2024, 9:57:09 PM",3.666,80.6,100,0,2024-08-12T01:57:09.000Z
"8/11/2024, 10:02:09 PM",3.666,80.6,100,0,2024-08-12T02:02:09.000Z
"8/11/2024, 10:07:09 PM",3.666,80.6,100,0,2024-08-12T02:07:09.000Z
"8/11/2024, 10:12:09 PM",3.666,80.4,100,0,2024-08-12T02:12:09.000Z
"8/11/2024, 10:17:09 PM",3.666,80.4,100,0,2024-08-12T02:17:09.000Z
"8/11/2024, 10:22:09 PM",3.666,80.2,100,0,2024-08-12T02:22:09.000Z
"8/11/2024, 10:27:09 PM",3.666,80.2,100,0,2024-08-12T02:27:09.000Z
"8/11/2024, 10:32:09 PM",3.666,80.1,100,0,2024-08-12T02:32:09.000Z
"8/11/2024, 10:37:09 PM",3.666,80.1,100,0,2024-08-12T02:37:09.000Z
"8/11/2024, 10:42:09 PM",3.666,79.9,100,0,2024-08-12T02:42:09.000Z
"8/11/2024, 10:47:09 PM",3.666,79.9,100,0,2024-08-12T02:47:09.000Z
"8/11/2024, 10:52:09 PM",3.666,79.7,100,0,2024-08-12T02:52:09.000Z
"8/11/2024, 10:57:09 PM",3.666,79.5,100,0,2024-08-12T02:57:09.000Z
"8/11/2024, 11:02:09 PM",3.666,79.5,100,0,2024-08-12T03:02:09.000Z
"8/11/2024, 11:07:09 PM",3.666,79.3,100,0,2024-08-12T03:07:09.000Z
"8/11/2024, 11:12:09 PM",3.666,79.3,100,0,2024-08-12T03:12:09.000Z
"8/11/2024, 11:17:09 PM",3.666,79.2,100,0,2024-08-12T03:17:09.000Z
"8/11/2024, 11:22:09 PM",3.666,79,100,0,2024-08-12T03:22:09.000Z
"8/11/2024, 11:27:09 PM",3.666,79,100,0,2024-08-12T03:27:09.000Z
"8/11/2024, 11:32:09 PM",3.666,79,100,0,2024-08-12T03:32:09.000Z
"8/11/2024, 11:37:09 PM",3.666,79,100,0,2024-08-12T03:37:09.000Z
"8/11/2024, 11:42:09 PM",3.666,79,100,0,2024-08-12T03:42:09.000Z
"8/11/2024, 11:47:09 PM",3.666,78.8,100,0,2024-08-12T03:47:09.000Z
"8/11/2024, 11:52:09 PM",3.665,78.6,100,0,2024-08-12T03:52:09.000Z
"8/11/2024, 11:57:09 PM",3.666,78.6,100,0,2024-08-12T03:57:09.000Z
"8/12/2024, 12:02:09 AM",3.666,78.4,100,0,2024-08-12T04:02:09.000Z
"8/12/2024, 12:07:09 AM",3.666,78.3,100,0,2024-08-12T04:07:09.000Z
"8/12/2024, 12:12:09 AM",3.666,78.3,100,0,2024-08-12T04:12:09.000Z
"8/12/2024, 12:17:09 AM",3.666,78.1,100,0,2024-08-12T04:17:09.000Z
"8/12/2024, 12:22:09 AM",3.666,77.9,100,0,2024-08-12T04:22:09.000Z
"8/12/2024, 12:27:09 AM",3.666,77.9,100,0,2024-08-12T04:27:09.000Z
"8/12/2024, 12:32:09 AM",3.666,77.7,100,0,2024-08-12T04:32:09.000Z
"8/12/2024, 12:37:09 AM",3.666,77.7,100,0,2024-08-12T04:37:09.000Z
"8/12/2024, 12:42:09 AM",3.666,77.5,100,0,2024-08-12T04:42:09.000Z
"8/12/2024, 12:47:09 AM",3.666,77.5,100,0,2024-08-12T04:47:09.000Z
"8/12/2024, 12:52:09 AM",3.666,77.4,100,0,2024-08-12T04:52:09.000Z
"8/12/2024, 12:57:09 AM",3.666,77.4,100,0,2024-08-12T04:57:09.000Z
"8/12/2024, 1:02:09 AM",3.667,77.4,100,0,2024-08-12T05:02:09.000Z
"8/12/2024, 1:07:09 AM",3.666,77.2,100,0,2024-08-12T05:07:09.000Z
"8/12/2024, 1:12:09 AM",3.666,77.2,100,0,2024-08-12T05:12:09.000Z
"8/12/2024, 1:17:09 AM",3.666,77.2,100,0,2024-08-12T05:17:09.000Z
"8/12/2024, 1:22:09 AM",3.666,77.2,100,0,2024-08-12T05:22:09.000Z
"8/12/2024, 1:27:09 AM",3.666,77.2,100,0,2024-08-12T05:27:09.000Z
"8/12/2024, 1:32:09 AM",3.666,77.2,100,0,2024-08-12T05:32:09.000Z
"8/12/2024, 1:37:09 AM",3.666,77,100,0,2024-08-12T05:37:09.000Z
"8/12/2024, 1:42:09 AM",3.666,77,100,0,2024-08-12T05:42:09.000Z
"8/12/2024, 1:47:09 AM",3.666,76.8,100,0,2024-08-12T05:47:09.000Z
"8/12/2024, 1:52:09 AM",3.666,76.8,100,0,2024-08-12T05:52:09.000Z
"8/12/2024, 1:57:09 AM",3.667,76.6,100,0,2024-08-12T05:57:09.000Z
"8/12/2024, 2:02:09 AM",3.667,76.6,100,0,2024-08-12T06:02:09.000Z
"8/12/2024, 2:07:09 AM",3.666,76.6,100,0,2024-08-12T06:07:09.000Z
"8/12/2024, 2:12:09 AM",3.666,76.6,100,0,2024-08-12T06:12:09.000Z
"8/12/2024, 2:17:09 AM",3.666,76.5,100,0,2024-08-12T06:17:09.000Z
"8/12/2024, 2:22:09 AM",3.666,76.5,100,0,2024-08-12T06:22:09.000Z
"8/12/2024, 2:27:09 AM",3.666,76.5,100,0,2024-08-12T06:27:09.000Z
"8/12/2024, 2:32:09 AM",3.666,76.5,100,0,2024-08-12T06:32:09.000Z
"8/12/2024, 2:37:09 AM",3.666,76.5,100,0,2024-08-12T06:37:09.000Z
"8/12/2024, 2:42:09 AM",3.666,76.3,100,0,2024-08-12T06:42:09.000Z
"8/12/2024, 2:47:09 AM",3.666,76.3,100,0,2024-08-12T06:47:09.000Z
"8/12/2024, 2:52:09 AM",3.666,76.3,100,0,2024-08-12T06:52:09.000Z
"8/12/2024, 2:57:09 AM",3.666,76.3,100,0,2024-08-12T06:57:09.000Z
"8/12/2024, 3:02:09 AM",3.666,76.1,100,0,2024-08-12T07:02:09.000Z
"8/12/2024, 3:07:09 AM",3.666,76.1,100,0,2024-08-12T07:07:09.000Z
"8/12/2024, 3:12:09 AM",3.666,76.1,100,0,2024-08-12T07:12:09.000Z
"8/12/2024, 3:17:09 AM",3.666,75.9,100,0,2024-08-12T07:17:09.000Z
"8/12/2024, 3:22:09 AM",3.666,75.9,100,0,2024-08-12T07:22:09.000Z
"8/12/2024, 3:27:09 AM",3.666,75.7,100,0,2024-08-12T07:27:09.000Z
"8/12/2024, 3:32:09 AM",3.666,75.6,100,0,2024-08-12T07:32:09.000Z
"8/12/2024, 3:37:09 AM",3.666,75.6,100,0,2024-08-12T07:37:09.000Z
"8/12/2024, 3:42:09 AM",3.666,75.6,100,0,2024-08-12T07:42:09.000Z
"8/12/2024, 3:47:09 AM",3.666,75.6,100,0,2024-08-12T07:47:09.000Z
"8/12/2024, 3:52:09 AM",3.666,75.6,100,0,2024-08-12T07:52:09.000Z
"8/12/2024, 3:57:09 AM",3.666,75.6,100,0,2024-08-12T07:57:09.000Z
"8/12/2024, 4:02:09 AM",3.666,75.4,100,0,2024-08-12T08:02:09.000Z
"8/12/2024, 4:07:09 AM",3.666,75.4,100,0,2024-08-12T08:07:09.000Z
"8/12/2024, 4:12:09 AM",3.666,75.4,100,0,2024-08-12T08:12:09.000Z
"8/12/2024, 4:17:09 AM",3.666,75.2,100,0,2024-08-12T08:17:09.000Z
"8/12/2024, 4:22:09 AM",3.666,75.2,100,0,2024-08-12T08:22:09.000Z
"8/12/2024, 4:27:09 AM",3.666,75.2,100,0,2024-08-12T08:27:09.000Z
"8/12/2024, 4:32:09 AM",3.666,75,100,0,2024-08-12T08:32:09.000Z
"8/12/2024, 4:37:09 AM",3.666,75,100,0,2024-08-12T08:37:09.000Z
"8/12/2024, 4:42:09 AM",3.666,74.8,100,0,2024-08-12T08:42:09.000Z
"8/12/2024, 4:47:09 AM",3.666,74.8,100,0,2024-08-12T08:47:09.000Z
"8/12/2024, 4:52:09 AM",3.666,74.8,100,0,2024-08-12T08:52:09.000Z
"8/12/2024, 4:57:09 AM",3.667,74.7,100,0,2024-08-12T08:57:09.000Z
"8/12/2024, 5:02:09 AM",3.666,74.5,100,0,2024-08-12T09:02:09.000Z
"8/12/2024, 5:07:09 AM",3.666,74.5,100,0,2024-08-12T09:07:09.000Z
"8/12/2024, 5:12:09 AM",3.666,74.5,100,0,2024-08-12T09:12:09.000Z
"8/12/2024, 5:17:09 AM",3.666,74.5,100,0,2024-08-12T09:17:09.000Z
"8/12/2024, 5:22:09 AM",3.666,74.3,100,0,2024-08-12T09:22:09.000Z
"8/12/2024, 5:27:09 AM",3.666,74.5,100,0,2024-08-12T09:27:09.000Z
"8/12/2024, 5:32:09 AM",3.666,74.3,100,0,2024-08-12T09:32:09.000Z
"8/12/2024, 5:37:09 AM",3.666,74.3,100,0,2024-08-12T09:37:09.000Z
"8/12/2024, 5:42:09 AM",3.666,74.1,100,0,2024-08-12T09:42:09.000Z
"8/12/2024, 5:47:09 AM",3.666,74.1,100,0,2024-08-12T09:47:09.000Z
"8/12/2024, 5:52:09 AM",3.666,74.1,100,0,2024-08-12T09:52:09.000Z
"8/12/2024, 5:57:09 AM",3.666,73.9,100,0,2024-08-12T09:57:09.000Z
"8/12/2024, 6:02:09 AM",3.666,73.9,100,0,2024-08-12T10:02:09.000Z
"8/12/2024, 6:07:09 AM",3.666,74.1,100,0,2024-08-12T10:07:09.000Z
"8/12/2024, 6:12:09 AM",3.666,73.9,100,0,2024-08-12T10:12:09.000Z
"8/12/2024, 6:17:09 AM",3.666,73.9,100,0,2024-08-12T10:17:09.000Z
"8/12/2024, 6:22:09 AM",3.666,73.9,100,0,2024-08-12T10:22:09.000Z
"8/12/2024, 6:27:09 AM",3.666,73.9,100,0,2024-08-12T10:27:09.000Z
"8/12/2024, 6:32:09 AM",3.666,73.9,100,0,2024-08-12T10:32:09.000Z
"8/12/2024, 6:37:09 AM",3.666,73.9,100,0,2024-08-12T10:37:09.000Z
"8/12/2024, 6:42:09 AM",3.666,73.9,100,0,2024-08-12T10:42:09.000Z
"8/12/2024, 6:47:09 AM",3.666,73.9,100,0,2024-08-12T10:47:09.000Z
"8/12/2024, 6:52:09 AM",3.666,73.9,100,0,2024-08-12T10:52:09.000Z
"8/12/2024, 6:57:09 AM",3.666,73.9,100,0,2024-08-12T10:57:09.000Z
"8/12/2024, 7:02:09 AM",3.666,74.1,100,0,2024-08-12T11:02:09.000Z
"8/12/2024, 7:07:09 AM",3.666,74.1,100,0,2024-08-12T11:07:09.000Z
"8/12/2024, 7:12:09 AM",3.666,74.3,100,0,2024-08-12T11:12:09.000Z
"8/12/2024, 7:17:09 AM",3.666,74.3,100,0,2024-08-12T11:17:09.000Z
"8/12/2024, 7:22:09 AM",3.666,74.7,100,0,2024-08-12T11:22:09.000Z
"8/12/2024, 7:27:09 AM",3.666,75,100,0,2024-08-12T11:27:09.000Z
"8/12/2024, 7:32:09 AM",3.666,75.2,100,0,2024-08-12T11:32:09.000Z
"8/12/2024, 7:37:09 AM",3.666,75.6,100,0,2024-08-12T11:37:09.000Z
"8/12/2024, 7:42:09 AM",3.666,75.9,100,0,2024-08-12T11:42:09.000Z
"8/12/2024, 7:47:09 AM",3.666,76.1,100,0,2024-08-12T11:47:09.000Z
"8/12/2024, 7:52:09 AM",3.666,76.5,100,0,2024-08-12T11:52:09.000Z
"8/12/2024, 7:57:09 AM",3.666,77,100,0,2024-08-12T11:57:09.000Z
"8/12/2024, 8:02:09 AM",3.666,77.4,100,0,2024-08-12T12:02:09.000Z
"8/12/2024, 8:07:09 AM",3.665,77.7,100,0,2024-08-12T12:07:09.000Z
"8/12/2024, 8:12:09 AM",3.665,78.1,100,0,2024-08-12T12:12:09.000Z
"8/12/2024, 8:17:09 AM",3.665,78.3,100,0,2024-08-12T12:17:09.000Z
"8/12/2024, 8:22:09 AM",3.665,78.6,100,0,2024-08-12T12:22:09.000Z
"8/12/2024, 8:27:09 AM",3.666,79,100,1,2024-08-12T12:27:09.000Z
"8/12/2024, 8:32:09 AM",3.665,79,100,0,2024-08-12T12:32:09.000Z
"8/12/2024, 8:37:09 AM",3.666,79.5,100,1,2024-08-12T12:37:09.000Z
"8/12/2024, 8:42:09 AM",3.665,79.9,100,1,2024-08-12T12:42:09.000Z
"8/12/2024, 8:47:09 AM",3.665,80.4,100,1,2024-08-12T12:47:09.000Z
"8/12/2024, 8:52:09 AM",3.665,80.8,100,0,2024-08-12T12:52:09.000Z
"8/12/2024, 8:57:09 AM",3.665,81.3,100,1,2024-08-12T12:57:09.000Z
"8/12/2024, 9:02:09 AM",3.665,81.9,100,0,2024-08-12T13:02:09.000Z
"8/12/2024, 9:07:09 AM",3.665,82.2,100,1,2024-08-12T13:07:09.000Z
"8/12/2024, 9:12:09 AM",3.665,82.8,100,1,2024-08-12T13:12:09.000Z
"8/12/2024, 9:17:09 AM",3.665,83.3,100,1,2024-08-12T13:17:09.000Z
"8/12/2024, 9:22:09 AM",3.665,83.8,100,1,2024-08-12T13:22:09.000Z
"8/12/2024, 9:27:09 AM",3.665,84.2,100,1,2024-08-12T13:27:09.000Z
"8/12/2024, 9:32:09 AM",3.665,84.6,100,1,2024-08-12T13:32:09.000Z
"8/12/2024, 9:37:09 AM",3.665,85.1,100,0,2024-08-12T13:37:09.000Z
"8/12/2024, 9:42:09 AM",3.664,85.6,100,0,2024-08-12T13:42:09.000Z
"8/12/2024, 9:47:09 AM",3.665,86.2,100,1,2024-08-12T13:47:09.000Z
"8/12/2024, 9:52:09 AM",3.665,86.5,100,0,2024-08-12T13:52:09.000Z
"8/12/2024, 9:57:09 AM",3.664,87.3,100,1,2024-08-12T13:57:09.000Z
"8/12/2024, 10:02:09 AM",3.665,87.6,100,1,2024-08-12T14:02:09.000Z
"8/12/2024, 10:07:09 AM",3.664,88.3,100,1,2024-08-12T14:07:09.000Z
"8/12/2024, 10:12:09 AM",3.664,88.9,100,1,2024-08-12T14:12:09.000Z
"8/12/2024, 10:17:09 AM",3.664,89.2,100,1,2024-08-12T14:17:09.000Z
"8/12/2024, 10:22:09 AM",3.664,89.6,100,1,2024-08-12T14:22:09.000Z
"8/12/2024, 10:27:09 AM",3.664,90,100,1,2024-08-12T14:27:09.000Z
"8/12/2024, 10:32:09 AM",3.664,90.3,100,1,2024-08-12T14:32:09.000Z
"8/12/2024, 10:37:09 AM",3.664,90.7,100,1,2024-08-12T14:37:09.000Z
"8/12/2024, 10:42:09 AM",3.664,90.7,100,1,2024-08-12T14:42:09.000Z
"8/12/2024, 10:47:09 AM",3.664,90.7,100,0,2024-08-12T14:47:09.000Z
"8/12/2024, 10:52:09 AM",3.664,90.7,100,0,2024-08-12T14:52:09.000Z
"8/12/2024, 10:57:09 AM",3.664,90.9,100,0,2024-08-12T14:57:09.000Z
"8/12/2024, 11:02:09 AM",3.663,90.9,100,0,2024-08-12T15:02:09.000Z
"8/12/2024, 11:07:09 AM",3.664,90.9,100,0,2024-08-12T15:07:09.000Z
"8/12/2024, 11:12:09 AM",3.664,91.2,100,0,2024-08-12T15:12:09.000Z
"8/12/2024, 11:17:09 AM",3.664,91.4,100,1,2024-08-12T15:17:09.000Z
"8/12/2024, 11:22:09 AM",3.664,91.6,100,1,2024-08-12T15:22:09.000Z
"8/12/2024, 11:27:09 AM",3.663,91.9,100,0,2024-08-12T15:27:09.000Z
"8/12/2024, 11:32:09 AM",3.664,92.3,100,0,2024-08-12T15:32:09.000Z
"8/12/2024, 11:37:09 AM",3.664,92.7,100,0,2024-08-12T15:37:09.000Z
"8/12/2024, 11:42:09 AM",3.663,92.8,100,1,2024-08-12T15:42:09.000Z
"8/12/2024, 11:47:09 AM",3.663,93.2,100,1,2024-08-12T15:47:09.000Z
"8/12/2024, 11:52:09 AM",3.663,93.6,100,1,2024-08-12T15:52:09.000Z
"8/12/2024, 11:57:09 AM",3.663,93.9,100,1,2024-08-12T15:57:09.000Z
"8/12/2024, 12:02:09 PM",3.663,93.9,100,1,2024-08-12T16:02:09.000Z
"8/12/2024, 12:07:09 PM",3.663,94.5,100,1,2024-08-12T16:07:09.000Z
"8/12/2024, 12:12:09 PM",3.663,94.6,100,1,2024-08-12T16:12:09.000Z
"8/12/2024, 12:17:09 PM",3.663,95,100,1,2024-08-12T16:17:09.000Z
"8/12/2024, 12:22:09 PM",3.663,95.4,100,1,2024-08-12T16:22:09.000Z
"8/12/2024, 12:27:09 PM",3.663,95.9,100,0,2024-08-12T16:27:09.000Z
"8/12/2024, 12:32:09 PM",3.663,96.3,100,0,2024-08-12T16:32:09.000Z
"8/12/2024, 12:37:09 PM",3.663,96.6,100,1,2024-08-12T16:37:09.000Z
"8/12/2024, 12:42:09 PM",3.663,97.2,100,1,2024-08-12T16:42:09.000Z
"8/12/2024, 12:47:09 PM",3.662,97.7,100,1,2024-08-12T16:47:09.000Z
"8/12/2024, 12:52:09 PM",3.662,98.2,100,1,2024-08-12T16:52:09.000Z
"8/12/2024, 12:57:09 PM",3.662,98.6,100,1,2024-08-12T16:57:09.000Z
"8/12/2024, 1:02:09 PM",3.662,99,100,1,2024-08-12T17:02:09.000Z
"8/12/2024, 1:07:09 PM",3.662,99.1,100,1,2024-08-12T17:07:09.000Z
"8/12/2024, 1:12:09 PM",3.662,99.5,100,1,2024-08-12T17:12:09.000Z
"8/12/2024, 1:17:09 PM",3.662,100,100,1,2024-08-12T17:17:09.000Z
"8/12/2024, 1:22:09 PM",3.662,100.4,100,1,2024-08-12T17:22:09.000Z
"8/12/2024, 1:27:09 PM",3.662,100.8,100,1,2024-08-12T17:27:09.000Z
"8/12/2024, 1:32:09 PM",3.662,101.1,100,0,2024-08-12T17:32:09.000Z
"8/12/2024, 1:37:09 PM",3.662,101.1,100,0,2024-08-12T17:37:09.000Z
"8/12/2024, 1:42:09 PM",3.662,101.3,100,0,2024-08-12T17:42:09.000Z
"8/12/2024, 1:47:09 PM",3.662,101.3,100,1,2024-08-12T17:47:09.000Z
"8/12/2024, 1:52:09 PM",3.662,101.3,100,1,2024-08-12T17:52:09.000Z
"8/12/2024, 1:57:09 PM",3.662,101.3,100,1,2024-08-12T17:57:09.000Z
"8/12/2024, 2:02:09 PM",3.661,101.3,100,1,2024-08-12T18:02:09.000Z
"8/12/2024, 2:07:09 PM",3.662,101.5,100,1,2024-08-12T18:07:09.000Z
"8/12/2024, 2:12:09 PM",3.661,101.7,100,1,2024-08-12T18:12:09.000Z
"8/12/2024, 2:17:09 PM",3.662,102,100,1,2024-08-12T18:17:09.000Z
"8/12/2024, 2:22:09 PM",3.661,102.4,100,1,2024-08-12T18:22:09.000Z
"8/12/2024, 2:27:09 PM",3.662,102.7,100,1,2024-08-12T18:27:09.000Z
"8/12/2024, 2:32:09 PM",3.661,102.7,100,0,2024-08-12T18:32:09.000Z
"8/12/2024, 2:37:09 PM",3.661,102.9,100,1,2024-08-12T18:37:09.000Z
"8/12/2024, 2:42:09 PM",3.662,102.6,100,1,2024-08-12T18:42:09.000Z
"8/12/2024, 2:47:09 PM",3.661,102.2,100,1,2024-08-12T18:47:09.000Z
"8/12/2024, 2:52:09 PM",3.662,102,100,1,2024-08-12T18:52:09.000Z
"8/12/2024, 2:57:09 PM",3.662,102,100,1,2024-08-12T18:57:09.000Z
"8/12/2024, 3:02:09 PM",3.661,101.8,100,1,2024-08-12T19:02:09.000Z
"8/12/2024, 3:07:09 PM",3.662,101.7,100,1,2024-08-12T19:07:09.000Z
"8/12/2024, 3:12:09 PM",3.662,102,100,1,2024-08-12T19:12:09.000Z
"8/12/2024, 3:17:09 PM",3.661,102.2,100,1,2024-08-12T19:17:09.000Z
"8/12/2024, 3:22:09 PM",3.662,102.4,100,1,2024-08-12T19:22:09.000Z
"8/12/2024, 3:27:09 PM",3.662,102.4,100,1,2024-08-12T19:27:09.000Z
"8/12/2024, 3:32:09 PM",3.662,102.4,100,1,2024-08-12T19:32:09.000Z
"8/12/2024, 3:37:09 PM",3.662,102.6,100,1,2024-08-12T19:37:09.000Z
"8/12/2024, 3:42:09 PM",3.662,102.7,100,1,2024-08-12T19:42:09.000Z
"8/12/2024, 3:47:09 PM",3.662,102.9,100,0,2024-08-12T19:47:09.000Z
"8/12/2024, 3:52:09 PM",3.662,102.7,100,0,2024-08-12T19:52:09.000Z
"8/12/2024, 3:57:09 PM",3.662,102.4,100,0,2024-08-12T19:57:09.000Z
"8/12/2024, 4:02:09 PM",3.662,102.2,100,0,2024-08-12T20:02:09.000Z
"8/12/2024, 4:07:09 PM",3.661,102.4,99.8,0,2024-08-12T20:07:09.000Z
"8/12/2024, 4:12:09 PM",3.662,102.6,99.8,1,2024-08-12T20:12:09.000Z
"8/12/2024, 4:17:09 PM",3.661,102.7,99.7,1,2024-08-12T20:17:09.000Z
"8/12/2024, 4:22:09 PM",3.662,102.6,99.5,1,2024-08-12T20:22:09.000Z
"8/12/2024, 4:27:09 PM",3.662,102.4,99.2,1,2024-08-12T20:27:09.000Z
"8/12/2024, 4:32:09 PM",3.662,102.2,98.8,1,2024-08-12T20:32:09.000Z
"8/12/2024, 4:37:09 PM",3.662,101.8,98.6,1,2024-08-12T20:37:09.000Z
"8/12/2024, 4:42:09 PM",3.662,101.7,98.4,1,2024-08-12T20:42:09.000Z
"8/12/2024, 4:47:09 PM",3.662,101.7,98.3,1,2024-08-12T20:47:09.000Z
"8/12/2024, 4:52:09 PM",3.662,101.8,98.3,0,2024-08-12T20:52:09.000Z
"8/12/2024, 4:57:09 PM",3.662,101.8,98.2,0,2024-08-12T20:57:09.000Z
"8/12/2024, 5:02:09 PM",3.662,101.8,98.2,0,2024-08-12T21:02:09.000Z
"8/12/2024, 5:07:09 PM",3.662,101.7,97.9,0,2024-08-12T21:07:09.000Z
"8/12/2024, 5:12:09 PM",3.662,101.7,97.8,0,2024-08-12T21:12:09.000Z
"8/12/2024, 5:17:09 PM",3.662,101.5,97.7,0,2024-08-12T21:17:09.000Z
"8/12/2024, 5:22:09 PM",3.663,101.3,97.5,0,2024-08-12T21:22:09.000Z
"8/12/2024, 5:27:09 PM",3.662,101.1,97.5,0,2024-08-12T21:27:09.000Z
"8/12/2024, 5:32:09 PM",3.662,101.1,97.3,0,2024-08-12T21:32:09.000Z
"8/12/2024, 5:37:09 PM",3.662,100.8,97,0,2024-08-12T21:37:09.000Z
"8/12/2024, 5:42:09 PM",3.663,100.6,96.7,0,2024-08-12T21:42:09.000Z
"8/12/2024, 5:47:09 PM",3.662,100.6,96.5,0,2024-08-12T21:47:09.000Z
"8/12/2024, 5:52:09 PM",3.662,100,96.4,0,2024-08-12T21:52:09.000Z
"8/12/2024, 5:57:09 PM",3.663,100,96.3,0,2024-08-12T21:57:09.000Z
"8/12/2024, 6:02:09 PM",3.662,99.9,96.2,0,2024-08-12T22:02:09.000Z
"8/12/2024, 6:07:09 PM",3.663,99.7,96.2,0,2024-08-12T22:07:09.000Z
"8/12/2024, 6:12:09 PM",3.663,99.3,96.1,0,2024-08-12T22:12:09.000Z
"8/12/2024, 6:17:09 PM",3.663,99,96.1,0,2024-08-12T22:17:09.000Z
"8/12/2024, 6:22:09 PM",3.663,99,96.1,0,2024-08-12T22:22:09.000Z
"8/12/2024, 6:27:09 PM",3.663,99,96.2,0,2024-08-12T22:27:09.000Z
"8/12/2024, 6:32:09 PM",3.663,98.4,96.2,0,2024-08-12T22:32:09.000Z
"8/12/2024, 6:37:09 PM",3.663,97.9,96.2,0,2024-08-12T22:37:09.000Z
"8/12/2024, 6:42:09 PM",3.663,97.5,96.3,0,2024-08-12T22:42:09.000Z
"8/12/2024, 6:47:09 PM",3.663,96.8,96.4,0,2024-08-12T22:47:09.000Z
"8/12/2024, 6:52:09 PM",3.663,96.1,96.3,0,2024-08-12T22:52:09.000Z
"8/12/2024, 6:57:09 PM",3.663,95.5,96.4,0,2024-08-12T22:57:09.000Z
"8/12/2024, 7:02:09 PM",3.663,95,96.5,0,2024-08-12T23:02:09.000Z
"8/12/2024, 7:07:09 PM",3.663,94.5,96.6,0,2024-08-12T23:07:09.000Z
"8/12/2024, 7:12:09 PM",3.663,93.9,96.9,0,2024-08-12T23:12:09.000Z
"8/12/2024, 7:17:09 PM",3.664,93.7,97.1,0,2024-08-12T23:17:09.000Z
"8/12/2024, 7:22:09 PM",3.664,93.4,97.4,0,2024-08-12T23:22:09.000Z
"8/12/2024, 7:27:09 PM",3.664,92.8,97.6,0,2024-08-12T23:27:09.000Z
"8/12/2024, 7:32:09 PM",3.664,92.5,97.7,0,2024-08-12T23:32:09.000Z
"8/12/2024, 7:37:09 PM",3.664,92.1,97.9,0,2024-08-12T23:37:09.000Z
"8/12/2024, 7:42:09 PM",3.664,91.8,97.9,0,2024-08-12T23:42:09.000Z
"8/12/2024, 7:47:09 PM",3.665,91.4,98.1,0,2024-08-12T23:47:09.000Z
"8/12/2024, 7:52:09 PM",3.664,91,98.4,0,2024-08-12T23:52:09.000Z
"8/12/2024, 7:57:09 PM",3.664,90.9,98.6,0,2024-08-12T23:57:09.000Z
"8/12/2024, 8:02:09 PM",3.664,90.3,98.8,0,2024-08-13T00:02:09.000Z
"8/12/2024, 8:07:09 PM",3.665,90,99.2,0,2024-08-13T00:07:09.000Z
"8/12/2024, 8:12:09 PM",3.665,89.4,99.3,0,2024-08-13T00:12:09.000Z
"8/12/2024, 8:17:09 PM",3.664,88.9,99.5,0,2024-08-13T00:17:09.000Z
"8/12/2024, 8:22:09 PM",3.665,88.9,99.7,0,2024-08-13T00:22:09.000Z
"8/12/2024, 8:27:09 PM",3.665,88.2,99.8,0,2024-08-13T00:27:09.000Z
"8/12/2024, 8:32:09 PM",3.665,87.8,99.9,0,2024-08-13T00:32:09.000Z
"8/12/2024, 8:37:09 PM",3.665,87.3,99.9,0,2024-08-13T00:37:09.000Z
"8/12/2024, 8:42:09 PM",3.665,86.9,100,0,2024-08-13T00:42:09.000Z
"8/12/2024, 8:47:09 PM",3.665,86.5,100,0,2024-08-13T00:47:09.000Z
"8/12/2024, 8:52:09 PM",3.665,86.2,100,0,2024-08-13T00:52:09.000Z
"8/12/2024, 8:57:09 PM",3.665,86,100,0,2024-08-13T00:57:09.000Z
"8/12/2024, 9:02:09 PM",3.665,85.6,100,0,2024-08-13T01:02:09.000Z
"8/12/2024, 9:07:09 PM",3.665,85.3,100,0,2024-08-13T01:07:09.000Z
"8/12/2024, 9:12:09 PM",3.665,85.1,100,0,2024-08-13T01:12:09.000Z
"8/12/2024, 9:17:09 PM",3.665,84.9,100,0,2024-08-13T01:17:09.000Z
"8/12/2024, 9:22:09 PM",3.666,84.7,100,0,2024-08-13T01:22:09.000Z
"8/12/2024, 9:27:09 PM",3.666,84.6,100,0,2024-08-13T01:27:09.000Z
"8/12/2024, 9:32:09 PM",3.665,84.4,100,0,2024-08-13T01:32:09.000Z
"8/12/2024, 9:37:09 PM",3.665,84.2,100,0,2024-08-13T01:37:09.000Z
"8/12/2024, 9:42:09 PM",3.665,84.2,100,0,2024-08-13T01:42:09.000Z
"8/12/2024, 9:47:09 PM",3.666,84,100,0,2024-08-13T01:47:09.000Z
"8/12/2024, 9:52:09 PM",3.666,84,100,0,2024-08-13T01:52:09.000Z
"8/12/2024, 9:57:09 PM",3.665,83.8,100,0,2024-08-13T01:57:09.000Z
"8/12/2024, 10:02:09 PM",3.665,83.7,100,0,2024-08-13T02:02:09.000Z
"8/12/2024, 10:07:09 PM",3.666,83.7,100,0,2024-08-13T02:07:09.000Z
"8/12/2024, 10:12:09 PM",3.666,83.5,100,0,2024-08-13T02:12:09.000Z
"8/12/2024, 10:17:09 PM",3.666,83.5,100,0,2024-08-13T02:17:09.000Z
"8/12/2024, 10:22:09 PM",3.666,83.5,100,0,2024-08-13T02:22:09.000Z
"8/12/2024, 10:27:09 PM",3.666,83.3,100,0,2024-08-13T02:27:09.000Z
"8/12/2024, 10:32:09 PM",3.666,83.3,100,0,2024-08-13T02:32:09.000Z
"8/12/2024, 10:37:09 PM",3.666,83.3,100,0,2024-08-13T02:37:09.000Z
"8/12/2024, 10:42:09 PM",3.666,83.1,100,0,2024-08-13T02:42:09.000Z
"8/12/2024, 10:47:09 PM",3.666,83.1,100,0,2024-08-13T02:47:09.000Z
"8/12/2024, 10:52:09 PM",3.666,82.9,100,0,2024-08-13T02:52:09.000Z
"8/12/2024, 10:57:09 PM",3.666,82.9,100,0,2024-08-13T02:57:09.000Z
"8/12/2024, 11:02:09 PM",3.666,82.9,100,0,2024-08-13T03:02:09.000Z
"8/12/2024, 11:07:09 PM",3.665,82.8,100,0,2024-08-13T03:07:09.000Z
"8/12/2024, 11:12:09 PM",3.665,82.8,100,0,2024-08-13T03:12:09.000Z
"8/12/2024, 11:17:09 PM",3.666,82.6,100,0,2024-08-13T03:17:09.000Z
"8/12/2024, 11:22:09 PM",3.666,82.6,100,0,2024-08-13T03:22:09.000Z
"8/12/2024, 11:27:09 PM",3.666,82.4,100,0,2024-08-13T03:27:09.000Z
"8/12/2024, 11:32:09 PM",3.665,82.4,100,0,2024-08-13T03:32:09.000Z
"8/12/2024, 11:37:09 PM",3.666,82.2,100,0,2024-08-13T03:37:09.000Z
"8/12/2024, 11:42:09 PM",3.666,82.2,100,0,2024-08-13T03:42:09.000Z
"8/12/2024, 11:47:09 PM",3.666,82,100,0,2024-08-13T03:47:09.000Z
"8/12/2024, 11:52:09 PM",3.666,82,100,0,2024-08-13T03:52:09.000Z
"8/12/2024, 11:57:09 PM",3.666,81.9,100,0,2024-08-13T03:57:09.000Z
"8/13/2024, 12:02:09 AM",3.666,81.9,100,0,2024-08-13T04:02:09.000Z
"8/13/2024, 12:07:09 AM",3.666,81.7,100,0,2024-08-13T04:07:09.000Z
"8/13/2024, 12:12:09 AM",3.666,81.7,100,0,2024-08-13T04:12:09.000Z
"8/13/2024, 12:17:09 AM",3.666,81.7,100,0,2024-08-13T04:17:09.000Z
"8/13/2024, 12:22:09 AM",3.666,81.7,100,0,2024-08-13T04:22:09.000Z
"8/13/2024, 12:27:09 AM",3.666,81.7,100,0,2024-08-13T04:27:09.000Z
"8/13/2024, 12:32:09 AM",3.666,81.9,100,0,2024-08-13T04:32:09.000Z
"8/13/2024, 12:37:09 AM",3.665,81.9,100,0,2024-08-13T04:37:09.000Z
"8/13/2024, 12:42:09 AM",3.666,81.9,100,0,2024-08-13T04:42:09.000Z
"8/13/2024, 12:47:09 AM",3.666,81.9,100,0,2024-08-13T04:47:09.000Z
"8/13/2024, 12:52:09 AM",3.666,81.9,100,0,2024-08-13T04:52:09.000Z
"8/13/2024, 12:57:09 AM",3.666,81.7,100,0,2024-08-13T04:57:09.000Z
"8/13/2024, 1:02:09 AM",3.665,81.7,100,0,2024-08-13T05:02:09.000Z
"8/13/2024, 1:07:09 AM",3.666,81.7,100,0,2024-08-13T05:07:09.000Z
"8/13/2024, 1:12:09 AM",3.666,81.7,100,0,2024-08-13T05:12:09.000Z
"8/13/2024, 1:17:09 AM",3.666,81.7,100,0,2024-08-13T05:17:09.000Z
"8/13/2024, 1:22:09 AM",3.665,82,100,0,2024-08-13T05:22:09.000Z
"8/13/2024, 1:27:09 AM",3.666,82.2,100,0,2024-08-13T05:27:09.000Z
"8/13/2024, 1:32:09 AM",3.666,82,100,0,2024-08-13T05:32:09.000Z
"8/13/2024, 1:37:09 AM",3.666,82,100,0,2024-08-13T05:37:09.000Z
"8/13/2024, 1:42:09 AM",3.666,81.9,100,0,2024-08-13T05:42:09.000Z
"8/13/2024, 1:47:09 AM",3.666,81.9,100,0,2024-08-13T05:47:09.000Z
"8/13/2024, 1:52:09 AM",3.665,82,100,0,2024-08-13T05:52:09.000Z
"8/13/2024, 1:57:09 AM",3.665,81.9,100,0,2024-08-13T05:57:09.000Z
"8/13/2024, 2:02:09 AM",3.665,81.7,100,0,2024-08-13T06:02:09.000Z
"8/13/2024, 2:07:09 AM",3.666,81.5,100,0,2024-08-13T06:07:09.000Z
"8/13/2024, 2:12:09 AM",3.666,81.3,100,0,2024-08-13T06:12:09.000Z
"8/13/2024, 2:17:09 AM",3.666,81.1,100,0,2024-08-13T06:17:09.000Z
"8/13/2024, 2:22:09 AM",3.666,81,100,0,2024-08-13T06:22:09.000Z
"8/13/2024, 2:27:09 AM",3.666,81,100,0,2024-08-13T06:27:09.000Z
"8/13/2024, 2:32:09 AM",3.666,81,100,0,2024-08-13T06:32:09.000Z
"8/13/2024, 2:37:09 AM",3.666,81,100,0,2024-08-13T06:37:09.000Z
"8/13/2024, 2:42:09 AM",3.666,80.8,100,0,2024-08-13T06:42:09.000Z
"8/13/2024, 2:47:09 AM",3.665,80.8,100,0,2024-08-13T06:47:09.000Z
"8/13/2024, 2:52:09 AM",3.666,80.6,100,0,2024-08-13T06:52:09.000Z
"8/13/2024, 2:57:09 AM",3.665,80.6,100,0,2024-08-13T06:57:09.000Z
"8/13/2024, 3:02:09 AM",3.666,80.4,100,0,2024-08-13T07:02:09.000Z
"8/13/2024, 3:07:09 AM",3.666,80.4,100,0,2024-08-13T07:07:09.000Z
"8/13/2024, 3:12:09 AM",3.666,80.2,100,0,2024-08-13T07:12:09.000Z
"8/13/2024, 3:17:09 AM",3.666,80.1,100,0,2024-08-13T07:17:09.000Z
"8/13/2024, 3:22:09 AM",3.666,80.1,100,0,2024-08-13T07:22:09.000Z
"8/13/2024, 3:27:09 AM",3.666,79.9,100,0,2024-08-13T07:27:09.000Z
"8/13/2024, 3:32:09 AM",3.666,79.9,100,0,2024-08-13T07:32:09.000Z
"8/13/2024, 3:37:09 AM",3.666,79.7,100,0,2024-08-13T07:37:09.000Z
"8/13/2024, 3:42:09 AM",3.666,79.7,100,0,2024-08-13T07:42:09.000Z
"8/13/2024, 3:47:09 AM",3.665,79.7,100,0,2024-08-13T07:47:09.000Z
"8/13/2024, 3:52:09 AM",3.666,79.9,100,0,2024-08-13T07:52:09.000Z
"8/13/2024, 3:57:09 AM",3.665,79.9,100,0,2024-08-13T07:57:09.000Z
"8/13/2024, 4:02:09 AM",3.666,79.9,100,0,2024-08-13T08:02:09.000Z
"8/13/2024, 4:07:09 AM",3.666,79.9,100,0,2024-08-13T08:07:09.000Z
"8/13/2024, 4:12:09 AM",3.666,79.9,100,0,2024-08-13T08:12:09.000Z
"8/13/2024, 4:17:09 AM",3.666,79.7,100,0,2024-08-13T08:17:09.000Z
"8/13/2024, 4:22:09 AM",3.666,79.7,100,0,2024-08-13T08:22:09.000Z
"8/13/2024, 4:27:09 AM",3.666,79.7,100,0,2024-08-13T08:27:09.000Z
"8/13/2024, 4:32:09 AM",3.666,79.7,100,0,2024-08-13T08:32:09.000Z
"8/13/2024, 4:37:09 AM",3.666,79.9,100,0,2024-08-13T08:37:09.000Z
"8/13/2024, 4:42:09 AM",3.666,80.1,100,0,2024-08-13T08:42:09.000Z
"8/13/2024, 4:47:09 AM",3.666,80.2,100,0,2024-08-13T08:47:09.000Z
"8/13/2024, 4:52:09 AM",3.666,80.4,100,0,2024-08-13T08:52:09.000Z
"8/13/2024, 4:57:09 AM",3.666,80.6,100,0,2024-08-13T08:57:09.000Z
"8/13/2024, 5:02:09 AM",3.666,80.6,100,0,2024-08-13T09:02:09.000Z
"8/13/2024, 5:07:09 AM",3.666,80.6,100,0,2024-08-13T09:07:09.000Z
"8/13/2024, 5:12:09 AM",3.666,80.6,100,0,2024-08-13T09:12:09.000Z
"8/13/2024, 5:17:09 AM",3.666,80.6,100,0,2024-08-13T09:17:09.000Z
"8/13/2024, 5:22:09 AM",3.665,80.6,100,0,2024-08-13T09:22:09.000Z
"8/13/2024, 5:27:09 AM",3.666,80.6,100,0,2024-08-13T09:27:09.000Z
"8/13/2024, 5:32:09 AM",3.665,80.4,100,0,2024-08-13T09:32:09.000Z
"8/13/2024, 5:37:09 AM",3.665,80.4,100,0,2024-08-13T09:37:09.000Z
"8/13/2024, 5:42:09 AM",3.666,80.4,100,0,2024-08-13T09:42:09.000Z
"8/13/2024, 5:47:09 AM",3.666,80.2,100,0,2024-08-13T09:47:09.000Z
"8/13/2024, 5:52:09 AM",3.665,80.2,100,0,2024-08-13T09:52:09.000Z
"8/13/2024, 5:57:09 AM",3.666,80.2,100,0,2024-08-13T09:57:09.000Z
"8/13/2024, 6:02:09 AM",3.666,80.2,100,0,2024-08-13T10:02:09.000Z
"8/13/2024, 6:07:09 AM",3.666,80.1,100,0,2024-08-13T10:07:09.000Z
"8/13/2024, 6:12:09 AM",3.666,80.2,100,0,2024-08-13T10:12:09.000Z
"8/13/2024, 6:17:09 AM",3.666,80.2,100,0,2024-08-13T10:17:09.000Z
"8/13/2024, 6:22:09 AM",3.666,80.2,100,0,2024-08-13T10:22:09.000Z
"8/13/2024, 6:27:09 AM",3.665,80.2,100,0,2024-08-13T10:27:09.000Z
"8/13/2024, 6:32:09 AM",3.666,80.2,100,0,2024-08-13T10:32:09.000Z
"8/13/2024, 6:37:09 AM",3.665,80.2,100,0,2024-08-13T10:37:09.000Z
"8/13/2024, 6:42:09 AM",3.665,80.2,100,0,2024-08-13T10:42:09.000Z
"8/13/2024, 6:47:09 AM",3.666,80.2,100,0,2024-08-13T10:47:09.000Z
"8/13/2024, 6:52:09 AM",3.666,80.2,100,0,2024-08-13T10:52:09.000Z
"8/13/2024, 6:57:09 AM",3.666,80.4,100,0,2024-08-13T10:57:09.000Z
"8/13/2024, 7:02:09 AM",3.665,80.4,100,0,2024-08-13T11:02:09.000Z
"8/13/2024, 7:07:09 AM",3.666,80.4,100,0,2024-08-13T11:07:09.000Z
"8/13/2024, 7:12:09 AM",3.666,80.4,100,0,2024-08-13T11:12:09.000Z
"8/13/2024, 7:17:09 AM",3.665,80.4,100,0,2024-08-13T11:17:09.000Z
"8/13/2024, 7:22:09 AM",3.666,80.4,100,0,2024-08-13T11:22:09.000Z
"8/13/2024, 7:27:09 AM",3.666,80.6,100,0,2024-08-13T11:27:09.000Z
"8/13/2024, 7:32:09 AM",3.666,80.6,100,0,2024-08-13T11:32:09.000Z
"8/13/2024, 7:37:09 AM",3.666,80.8,100,0,2024-08-13T11:37:09.000Z
"8/13/2024, 7:42:09 AM",3.666,80.8,100,0,2024-08-13T11:42:09.000Z
"8/13/2024, 7:47:09 AM",3.665,80.8,100,0,2024-08-13T11:47:09.000Z
"8/13/2024, 7:52:09 AM",3.666,80.8,100,0,2024-08-13T11:52:09.000Z
"8/13/2024, 7:57:09 AM",3.666,80.8,100,0,2024-08-13T11:57:09.000Z
"8/13/2024, 8:02:09 AM",3.665,81,100,0,2024-08-13T12:02:09.000Z
"8/13/2024, 8:07:09 AM",3.665,81,100,0,2024-08-13T12:07:09.000Z
"8/13/2024, 8:12:09 AM",3.666,81,100,0,2024-08-13T12:12:09.000Z
"8/13/2024, 8:17:09 AM",3.665,81.1,100,0,2024-08-13T12:17:09.000Z
"8/13/2024, 8:22:09 AM",3.665,81.3,100,0,2024-08-13T12:22:09.000Z
"8/13/2024, 8:27:09 AM",3.666,81.9,100,0,2024-08-13T12:27:09.000Z
"8/13/2024, 8:32:09 AM",3.665,82,100,0,2024-08-13T12:32:09.000Z
"8/13/2024, 8:37:09 AM",3.666,82.2,100,0,2024-08-13T12:37:09.000Z
"8/13/2024, 8:42:09 AM",3.666,82.4,100,0,2024-08-13T12:42:09.000Z
"8/13/2024, 8:47:09 AM",3.665,82.8,100,0,2024-08-13T12:47:09.000Z
"8/13/2024, 8:52:09 AM",3.665,83.5,100,0,2024-08-13T12:52:09.000Z
"8/13/2024, 8:57:09 AM",3.665,84,100,0,2024-08-13T12:57:09.000Z
"8/13/2024, 9:02:09 AM",3.665,84.6,100,0,2024-08-13T13:02:09.000Z
"8/13/2024, 9:07:09 AM",3.665,85.1,100,0,2024-08-13T13:07:09.000Z
"8/13/2024, 9:12:09 AM",3.665,85.6,100,0,2024-08-13T13:12:09.000Z
"8/13/2024, 9:17:09 AM",3.664,86.2,100,0,2024-08-13T13:17:09.000Z
"8/13/2024, 9:22:09 AM",3.665,86.7,100,0,2024-08-13T13:22:09.000Z
"8/13/2024, 9:27:09 AM",3.665,87.1,100,1,2024-08-13T13:27:09.000Z
"8/13/2024, 9:32:09 AM",3.664,87.6,100,1,2024-08-13T13:32:09.000Z
"8/13/2024, 9:37:09 AM",3.665,88.3,100,1,2024-08-13T13:37:09.000Z
"8/13/2024, 9:42:09 AM",3.664,88.9,100,1,2024-08-13T13:42:09.000Z
"8/13/2024, 9:47:09 AM",3.664,89.2,100,1,2024-08-13T13:47:09.000Z
"8/13/2024, 9:52:09 AM",3.664,89.8,100,1,2024-08-13T13:52:09.000Z
"8/13/2024, 9:57:09 AM",3.664,90.3,100,1,2024-08-13T13:57:09.000Z
"8/13/2024, 10:02:09 AM",3.664,90.7,100,1,2024-08-13T14:02:09.000Z
"8/13/2024, 10:07:09 AM",3.664,91,100,1,2024-08-13T14:07:09.000Z
"8/13/2024, 10:12:09 AM",3.664,91.4,100,1,2024-08-13T14:12:09.000Z
"8/13/2024, 10:17:09 AM",3.664,91.8,100,1,2024-08-13T14:17:09.000Z
"8/13/2024, 10:22:09 AM",3.664,91.9,100,1,2024-08-13T14:22:09.000Z
"8/13/2024, 10:27:09 AM",3.664,92.3,100,1,2024-08-13T14:27:09.000Z
"8/13/2024, 10:32:09 AM",3.663,92.7,100,1,2024-08-13T14:32:09.000Z
"8/13/2024, 10:37:09 AM",3.664,92.8,100,1,2024-08-13T14:37:09.000Z
"8/13/2024, 10:42:09 AM",3.664,93.2,100,1,2024-08-13T14:42:09.000Z
"8/13/2024, 10:47:09 AM",3.663,93.6,100,1,2024-08-13T14:47:09.000Z
"8/13/2024, 10:52:09 AM",3.663,93.7,100,1,2024-08-13T14:52:09.000Z
"8/13/2024, 10:57:09 AM",3.663,93.9,100,2,2024-08-13T14:57:09.000Z
"8/13/2024, 11:02:09 AM",3.664,94.3,100,1,2024-08-13T15:02:09.000Z
"8/13/2024, 11:07:09 AM",3.663,94.6,100,2,2024-08-13T15:07:09.000Z
"8/13/2024, 11:12:09 AM",3.663,94.8,100,2,2024-08-13T15:12:09.000Z
"8/13/2024, 11:17:09 AM",3.663,95,100,1,2024-08-13T15:17:09.000Z
"8/13/2024, 11:22:09 AM",3.663,95.4,100,1,2024-08-13T15:22:09.000Z
"8/13/2024, 11:27:09 AM",3.663,95.5,100,1,2024-08-13T15:27:09.000Z
"8/13/2024, 11:32:09 AM",3.663,95.5,100,1,2024-08-13T15:32:09.000Z
"8/13/2024, 11:37:09 AM",3.663,95.2,100,1,2024-08-13T15:37:09.000Z
"8/13/2024, 11:42:09 AM",3.663,95,100,1,2024-08-13T15:42:09.000Z
"8/13/2024, 11:47:09 AM",3.663,94.8,100,1,2024-08-13T15:47:09.000Z
"8/13/2024, 11:52:09 AM",3.663,94.6,100,1,2024-08-13T15:52:09.000Z
"8/13/2024, 11:57:09 AM",3.663,94.3,100,1,2024-08-13T15:57:09.000Z
"8/13/2024, 12:02:09 PM",3.663,93.9,100,1,2024-08-13T16:02:09.000Z
"8/13/2024, 12:07:09 PM",3.663,93.9,100,1,2024-08-13T16:07:09.000Z
"8/13/2024, 12:12:09 PM",3.663,93.7,100,1,2024-08-13T16:12:09.000Z
"8/13/2024, 12:17:09 PM",3.664,93.7,100,1,2024-08-13T16:17:09.000Z
"8/13/2024, 12:22:09 PM",3.663,94.3,100,1,2024-08-13T16:22:09.000Z
"8/13/2024, 12:27:09 PM",3.663,94.8,100,1,2024-08-13T16:27:09.000Z
"8/13/2024, 12:32:09 PM",3.663,95.7,100,1,2024-08-13T16:32:09.000Z
"8/13/2024, 12:37:09 PM",3.663,96.6,100,1,2024-08-13T16:37:09.000Z
"8/13/2024, 12:42:09 PM",3.663,97.5,100,1,2024-08-13T16:42:09.000Z
"8/13/2024, 12:47:09 PM",3.663,98.2,100,2,2024-08-13T16:47:09.000Z
"8/13/2024, 12:52:09 PM",3.663,99,100,2,2024-08-13T16:52:09.000Z
"8/13/2024, 12:57:09 PM",3.662,99.7,100,1,2024-08-13T16:57:09.000Z
"8/13/2024, 1:02:09 PM",3.663,100.4,100,2,2024-08-13T17:02:09.000Z
"8/13/2024, 1:07:09 PM",3.662,100.9,100,2,2024-08-13T17:07:09.000Z
"8/13/2024, 1:12:09 PM",3.662,101.3,100,3,2024-08-13T17:12:09.000Z
"8/13/2024, 1:17:09 PM",3.662,101.7,100,3,2024-08-13T17:17:09.000Z
"8/13/2024, 1:22:09 PM",3.662,102.2,100,4,2024-08-13T17:22:09.000Z
"8/13/2024, 1:27:09 PM",3.661,102.7,100,3,2024-08-13T17:27:09.000Z
"8/13/2024, 1:32:09 PM",3.662,103.5,100,5,2024-08-13T17:32:09.000Z
"8/13/2024, 1:37:09 PM",3.662,103.8,100,6,2024-08-13T17:37:09.000Z
"8/13/2024, 1:42:09 PM",3.661,104.4,100,13,2024-08-13T17:42:09.000Z
"8/13/2024, 1:47:09 PM",3.661,104.7,100,20,2024-08-13T17:47:09.000Z
"8/13/2024, 1:52:09 PM",3.661,105.1,100,26,2024-08-13T17:52:09.000Z
"8/13/2024, 1:57:09 PM",3.661,105.1,100,42,2024-08-13T17:57:09.000Z
"8/13/2024, 2:02:09 PM",3.661,105.1,100,49,2024-08-13T18:02:09.000Z
"8/13/2024, 2:07:09 PM",3.661,104.5,100,57,2024-08-13T18:07:09.000Z
"8/13/2024, 2:12:09 PM",3.661,103.8,100,57,2024-08-13T18:12:09.000Z
"8/13/2024, 2:17:09 PM",3.661,102.9,100,55,2024-08-13T18:17:09.000Z
"8/13/2024, 2:22:09 PM",3.661,102.2,100,57,2024-08-13T18:22:09.000Z
"8/13/2024, 2:27:09 PM",3.662,101.3,100,53,2024-08-13T18:27:09.000Z
"8/13/2024, 2:32:09 PM",3.662,100.6,100,54,2024-08-13T18:32:09.000Z
"8/13/2024, 2:37:09 PM",3.662,100.6,100,43,2024-08-13T18:37:09.000Z
"8/13/2024, 2:42:09 PM",3.662,100.6,100,49,2024-08-13T18:42:09.000Z
"8/13/2024, 2:47:09 PM",3.662,101.1,100,48,2024-08-13T18:47:09.000Z
"8/13/2024, 2:52:09 PM",3.662,101.7,100,53,2024-08-13T18:52:09.000Z
"8/13/2024, 2:57:09 PM",3.662,102.2,100,51,2024-08-13T18:57:09.000Z
"8/13/2024, 3:02:09 PM",3.662,102.6,100,50,2024-08-13T19:02:09.000Z
"8/13/2024, 3:07:09 PM",3.662,102.6,100,45,2024-08-13T19:07:09.000Z
"8/13/2024, 3:12:09 PM",3.662,102.2,100,39,2024-08-13T19:12:09.000Z
"8/13/2024, 3:17:09 PM",3.662,101.8,100,38,2024-08-13T19:17:09.000Z
"8/13/2024, 3:22:09 PM",3.662,101.3,100,38,2024-08-13T19:22:09.000Z
"8/13/2024, 3:27:09 PM",3.662,100.8,100,32,2024-08-13T19:27:09.000Z
"8/13/2024, 3:32:09 PM",3.662,100,100,26,2024-08-13T19:32:09.000Z
"8/13/2024, 3:37:09 PM",3.662,99.5,100,19,2024-08-13T19:37:09.000Z
"8/13/2024, 3:42:09 PM",3.663,99,100,24,2024-08-13T19:42:09.000Z
"8/13/2024, 3:47:09 PM",3.662,98.6,100,19,2024-08-13T19:47:09.000Z
"8/13/2024, 3:52:09 PM",3.662,99,100,12,2024-08-13T19:52:09.000Z
"8/13/2024, 3:57:09 PM",3.663,99.1,100,9,2024-08-13T19:57:09.000Z
"8/13/2024, 4:02:09 PM",3.663,100.2,100,10,2024-08-13T20:02:09.000Z
"8/13/2024, 4:07:09 PM",3.662,100.8,100,11,2024-08-13T20:07:09.000Z
"8/13/2024, 4:12:09 PM",3.662,100.9,100,7,2024-08-13T20:12:09.000Z
"8/13/2024, 4:17:09 PM",3.662,100.6,100,7,2024-08-13T20:17:09.000Z
"8/13/2024, 4:22:09 PM",3.663,100.8,100,6,2024-08-13T20:22:09.000Z
"8/13/2024, 4:27:09 PM",3.662,101.1,99.2,4,2024-08-13T20:27:09.000Z
"8/13/2024, 4:32:09 PM",3.662,101.7,97.9,4,2024-08-13T20:32:09.000Z
"8/13/2024, 4:37:09 PM",3.662,102.2,97.3,5,2024-08-13T20:37:09.000Z
"8/13/2024, 4:42:09 PM",3.662,102.9,96.6,5,2024-08-13T20:42:09.000Z
"8/13/2024, 4:47:09 PM",3.662,103.6,96,4,2024-08-13T20:47:09.000Z
"8/13/2024, 4:52:09 PM",3.662,104.2,95.2,4,2024-08-13T20:52:09.000Z
"8/13/2024, 4:57:09 PM",3.662,104.7,94.3,3,2024-08-13T20:57:09.000Z
"8/13/2024, 5:02:09 PM",3.662,104.7,93.6,3,2024-08-13T21:02:09.000Z
"8/13/2024, 5:07:09 PM",3.661,104.7,93.3,3,2024-08-13T21:07:09.000Z
"8/13/2024, 5:12:09 PM",3.661,104.9,92.7,2,2024-08-13T21:12:09.000Z
"8/13/2024, 5:17:09 PM",3.662,105.1,92.2,4,2024-08-13T21:17:09.000Z
"8/13/2024, 5:22:09 PM",3.661,105.1,92.1,2,2024-08-13T21:22:09.000Z
"8/13/2024, 5:27:09 PM",3.662,105.1,91.9,1,2024-08-13T21:27:09.000Z
"8/13/2024, 5:32:09 PM",3.662,105.1,91.6,1,2024-08-13T21:32:09.000Z
"8/13/2024, 5:37:09 PM",3.661,105.1,91.1,1,2024-08-13T21:37:09.000Z
"8/13/2024, 5:42:09 PM",3.661,105.3,90.7,1,2024-08-13T21:42:09.000Z
"8/13/2024, 5:47:09 PM",3.662,105.4,90.3,2,2024-08-13T21:47:09.000Z
"8/13/2024, 5:52:09 PM",3.662,105.1,89.8,1,2024-08-13T21:52:09.000Z
"8/13/2024, 5:57:09 PM",3.661,105.1,89.5,1,2024-08-13T21:57:09.000Z
"8/13/2024, 6:02:09 PM",3.662,104.9,89.2,1,2024-08-13T22:02:09.000Z
"8/13/2024, 6:07:09 PM",3.662,105.1,88.9,1,2024-08-13T22:07:09.000Z
"8/13/2024, 6:12:09 PM",3.662,104.9,88.5,1,2024-08-13T22:12:09.000Z
"8/13/2024, 6:17:09 PM",3.662,104.7,87.2,0,2024-08-13T22:17:09.000Z
"8/13/2024, 6:22:09 PM",3.662,104.5,86.8,0,2024-08-13T22:22:09.000Z
"8/13/2024, 6:27:09 PM",3.662,104.4,86.7,0,2024-08-13T22:27:09.000Z
"8/13/2024, 6:32:09 PM",3.662,103.8,86.6,0,2024-08-13T22:32:09.000Z
"8/13/2024, 6:37:09 PM",3.661,103.5,86.3,0,2024-08-13T22:37:09.000Z
"8/13/2024, 6:42:09 PM",3.662,102.9,86,0,2024-08-13T22:42:09.000Z
"8/13/2024, 6:47:09 PM",3.663,102,86,0,2024-08-13T22:47:09.000Z
"8/13/2024, 6:52:09 PM",3.663,101.1,85.9,0,2024-08-13T22:52:09.000Z
"8/13/2024, 6:57:09 PM",3.663,100.6,86.2,0,2024-08-13T22:57:09.000Z
"8/13/2024, 7:02:09 PM",3.663,99.9,86.5,0,2024-08-13T23:02:09.000Z
"8/13/2024, 7:07:09 PM",3.663,99.1,86.9,0,2024-08-13T23:07:09.000Z
"8/13/2024, 7:12:09 PM",3.663,99,87.3,0,2024-08-13T23:12:09.000Z
"8/13/2024, 7:17:09 PM",3.663,98.2,87.9,0,2024-08-13T23:17:09.000Z
"8/13/2024, 7:22:09 PM",3.663,97.5,88.4,0,2024-08-13T23:22:09.000Z
"8/13/2024, 7:27:09 PM",3.664,97,88.9,0,2024-08-13T23:27:09.000Z
"8/13/2024, 7:32:09 PM",3.664,96.4,89.3,0,2024-08-13T23:32:09.000Z
"8/13/2024, 7:37:09 PM",3.664,95.9,89.8,0,2024-08-13T23:37:09.000Z
"8/13/2024, 7:42:09 PM",3.664,95.2,90.2,0,2024-08-13T23:42:09.000Z
"8/13/2024, 7:47:09 PM",3.664,94.6,90.5,0,2024-08-13T23:47:09.000Z
"8/13/2024, 7:52:09 PM",3.664,93.9,90.7,0,2024-08-13T23:52:09.000Z
"8/13/2024, 7:57:09 PM",3.664,93.4,90.8,0,2024-08-13T23:57:09.000Z
"8/13/2024, 8:02:09 PM",3.664,92.5,90.9,0,2024-08-14T00:02:09.000Z
"8/13/2024, 8:07:09 PM",3.664,91.9,91.2,0,2024-08-14T00:07:09.000Z
"8/13/2024, 8:12:09 PM",3.665,91.2,91.5,0,2024-08-14T00:12:09.000Z
"8/13/2024, 8:17:09 PM",3.665,90.7,92.1,0,2024-08-14T00:17:09.000Z
"8/13/2024, 8:22:09 PM",3.665,90.3,92.9,1,2024-08-14T00:22:09.000Z
"8/13/2024, 8:27:09 PM",3.665,89.8,93.6,0,2024-08-14T00:27:09.000Z
"8/13/2024, 8:32:09 PM",3.665,89.4,94.2,0,2024-08-14T00:32:09.000Z
"8/13/2024, 8:37:09 PM",3.665,88.9,94.8,1,2024-08-14T00:37:09.000Z
"8/13/2024, 8:42:09 PM",3.665,88.9,95.3,1,2024-08-14T00:42:09.000Z
"8/13/2024, 8:47:09 PM",3.665,88.3,95.8,1,2024-08-14T00:47:09.000Z
"8/13/2024, 8:52:09 PM",3.666,88,96.2,1,2024-08-14T00:52:09.000Z
"8/13/2024, 8:57:09 PM",3.665,87.6,96.7,1,2024-08-14T00:57:09.000Z
"8/13/2024, 9:02:09 PM",3.665,87.4,97.1,1,2024-08-14T01:02:09.000Z
"8/13/2024, 9:07:09 PM",3.665,87.1,97.5,1,2024-08-14T01:07:09.000Z
"8/13/2024, 9:12:09 PM",3.665,86.7,97.8,0,2024-08-14T01:12:09.000Z
"8/13/2024, 9:17:09 PM",3.666,86.5,98.1,0,2024-08-14T01:17:09.000Z
"8/13/2024, 9:22:09 PM",3.665,86.4,98.5,0,2024-08-14T01:22:09.000Z
"8/13/2024, 9:27:09 PM",3.666,86,98.7,1,2024-08-14T01:27:09.000Z
"8/13/2024, 9:32:09 PM",3.665,85.8,99,1,2024-08-14T01:32:09.000Z
"8/13/2024, 9:37:09 PM",3.666,85.5,99.3,1,2024-08-14T01:37:09.000Z
"8/13/2024, 9:42:09 PM",3.666,85.3,99.5,1,2024-08-14T01:42:09.000Z
"8/13/2024, 9:47:09 PM",3.666,85.1,99.7,1,2024-08-14T01:47:09.000Z
"8/13/2024, 9:52:09 PM",3.666,85.1,100,1,2024-08-14T01:52:09.000Z
"8/13/2024, 9:57:09 PM",3.666,84.9,100,1,2024-08-14T01:57:09.000Z
"8/13/2024, 10:02:09 PM",3.665,84.7,100,0,2024-08-14T02:02:09.000Z
"8/13/2024, 10:07:09 PM",3.666,84.6,100,0,2024-08-14T02:07:09.000Z
"8/13/2024, 10:12:09 PM",3.666,84.4,100,0,2024-08-14T02:12:09.000Z
"8/13/2024, 10:17:09 PM",3.666,84.2,100,0,2024-08-14T02:17:09.000Z
"8/13/2024, 10:22:09 PM",3.666,84,100,0,2024-08-14T02:22:09.000Z
"8/13/2024, 10:27:09 PM",3.666,84,100,0,2024-08-14T02:27:09.000Z
"8/13/2024, 10:32:09 PM",3.666,84,100,0,2024-08-14T02:32:09.000Z
"8/13/2024, 10:37:09 PM",3.666,83.8,100,0,2024-08-14T02:37:09.000Z
"8/13/2024, 10:42:09 PM",3.666,83.7,100,0,2024-08-14T02:42:09.000Z
"8/13/2024, 10:47:09 PM",3.666,83.7,100,0,2024-08-14T02:47:09.000Z
"8/13/2024, 10:52:09 PM",3.666,83.5,100,0,2024-08-14T02:52:09.000Z
"8/13/2024, 10:57:09 PM",3.666,83.5,100,0,2024-08-14T02:57:09.000Z
"8/13/2024, 11:02:09 PM",3.666,83.5,100,0,2024-08-14T03:02:09.000Z
"8/13/2024, 11:07:09 PM",3.666,83.3,100,0,2024-08-14T03:07:09.000Z
"8/13/2024, 11:12:09 PM",3.666,83.1,100,0,2024-08-14T03:12:09.000Z
"8/13/2024, 11:17:09 PM",3.666,83.1,100,0,2024-08-14T03:17:09.000Z
"8/13/2024, 11:22:09 PM",3.666,83.1,100,0,2024-08-14T03:22:09.000Z
"8/13/2024, 11:27:09 PM",3.666,83.1,100,0,2024-08-14T03:27:09.000Z
"8/13/2024, 11:32:09 PM",3.666,83.1,100,0,2024-08-14T03:32:09.000Z
"8/13/2024, 11:37:09 PM",3.666,83.1,100,0,2024-08-14T03:37:09.000Z
"8/13/2024, 11:42:09 PM",3.666,83.1,100,0,2024-08-14T03:42:09.000Z
"8/13/2024, 11:47:09 PM",3.666,83.1,100,0,2024-08-14T03:47:09.000Z
"8/13/2024, 11:52:09 PM",3.666,83.1,100,0,2024-08-14T03:52:09.000Z
"8/13/2024, 11:57:09 PM",3.666,83.1,100,0,2024-08-14T03:57:09.000Z
"8/14/2024, 12:02:09 AM",3.666,83.1,100,0,2024-08-14T04:02:09.000Z
"8/14/2024, 12:07:09 AM",3.666,82.9,100,0,2024-08-14T04:07:09.000Z
"8/14/2024, 12:12:09 AM",3.666,82.9,100,0,2024-08-14T04:12:09.000Z
"8/14/2024, 12:17:09 AM",3.666,82.9,100,0,2024-08-14T04:17:09.000Z
"8/14/2024, 12:22:09 AM",3.666,82.9,100,0,2024-08-14T04:22:09.000Z
"8/14/2024, 12:27:09 AM",3.666,82.8,100,0,2024-08-14T04:27:09.000Z
"8/14/2024, 12:32:09 AM",3.666,82.8,100,0,2024-08-14T04:32:09.000Z
"8/14/2024, 12:37:09 AM",3.666,82.8,100,0,2024-08-14T04:37:09.000Z
"8/14/2024, 12:42:09 AM",3.666,82.8,100,0,2024-08-14T04:42:09.000Z
"8/14/2024, 12:47:09 AM",3.666,82.8,100,0,2024-08-14T04:47:09.000Z
"8/14/2024, 12:52:09 AM",3.666,82.8,100,0,2024-08-14T04:52:09.000Z
"8/14/2024, 12:57:09 AM",3.666,82.8,100,0,2024-08-14T04:57:09.000Z
"8/14/2024, 1:02:09 AM",3.666,82.6,100,0,2024-08-14T05:02:09.000Z
"8/14/2024, 1:07:09 AM",3.666,82.6,100,0,2024-08-14T05:07:09.000Z
"8/14/2024, 1:12:09 AM",3.666,82.4,100,0,2024-08-14T05:12:09.000Z
"8/14/2024, 1:17:09 AM",3.666,82.4,100,0,2024-08-14T05:17:09.000Z
"8/14/2024, 1:22:09 AM",3.666,82.2,100,0,2024-08-14T05:22:09.000Z
"8/14/2024, 1:27:09 AM",3.666,82.2,100,0,2024-08-14T05:27:09.000Z
"8/14/2024, 1:32:09 AM",3.667,82.2,100,0,2024-08-14T05:32:09.000Z
"8/14/2024, 1:37:09 AM",3.666,82.2,100,0,2024-08-14T05:37:09.000Z
"8/14/2024, 1:42:09 AM",3.666,82.2,100,0,2024-08-14T05:42:09.000Z
"8/14/2024, 1:47:09 AM",3.666,82,100,0,2024-08-14T05:47:09.000Z
"8/14/2024, 1:52:09 AM",3.666,82,100,0,2024-08-14T05:52:09.000Z
"8/14/2024, 1:57:09 AM",3.666,82,100,0,2024-08-14T05:57:09.000Z
"8/14/2024, 2:02:09 AM",3.666,81.9,100,0,2024-08-14T06:02:09.000Z
"8/14/2024, 2:07:09 AM",3.666,81.9,100,0,2024-08-14T06:07:09.000Z
"8/14/2024, 2:12:09 AM",3.666,81.9,100,0,2024-08-14T06:12:09.000Z
"8/14/2024, 2:17:09 AM",3.666,81.7,100,0,2024-08-14T06:17:09.000Z
"8/14/2024, 2:22:09 AM",3.666,81.7,100,0,2024-08-14T06:22:09.000Z
"8/14/2024, 2:27:09 AM",3.666,81.7,100,0,2024-08-14T06:27:09.000Z
"8/14/2024, 2:32:09 AM",3.666,81.5,100,0,2024-08-14T06:32:09.000Z
"8/14/2024, 2:37:09 AM",3.666,81.5,100,0,2024-08-14T06:37:09.000Z
"8/14/2024, 2:42:09 AM",3.666,81.3,100,0,2024-08-14T06:42:09.000Z
"8/14/2024, 2:47:09 AM",3.667,81.3,100,0,2024-08-14T06:47:09.000Z
"8/14/2024, 2:52:09 AM",3.667,81.1,100,0,2024-08-14T06:52:09.000Z
"8/14/2024, 2:57:09 AM",3.667,81.1,100,0,2024-08-14T06:57:09.000Z
"8/14/2024, 3:02:09 AM",3.666,81,100,0,2024-08-14T07:02:09.000Z
"8/14/2024, 3:07:09 AM",3.666,81,100,0,2024-08-14T07:07:09.000Z
"8/14/2024, 3:12:09 AM",3.666,80.8,100,0,2024-08-14T07:12:09.000Z
"8/14/2024, 3:17:09 AM",3.666,80.6,100,0,2024-08-14T07:17:09.000Z
"8/14/2024, 3:22:09 AM",3.666,80.6,100,0,2024-08-14T07:22:09.000Z
"8/14/2024, 3:27:09 AM",3.667,80.4,100,0,2024-08-14T07:27:09.000Z
"8/14/2024, 3:32:09 AM",3.666,80.4,100,0,2024-08-14T07:32:09.000Z
"8/14/2024, 3:37:09 AM",3.666,80.2,100,0,2024-08-14T07:37:09.000Z
"8/14/2024, 3:42:09 AM",3.667,80.2,100,0,2024-08-14T07:42:09.000Z
"8/14/2024, 3:47:09 AM",3.666,80.2,100,0,2024-08-14T07:47:09.000Z
"8/14/2024, 3:52:09 AM",3.666,80.1,100,0,2024-08-14T07:52:09.000Z
"8/14/2024, 3:57:09 AM",3.666,80.1,100,0,2024-08-14T07:57:09.000Z
"8/14/2024, 4:02:09 AM",3.667,79.9,100,0,2024-08-14T08:02:09.000Z
"8/14/2024, 4:07:09 AM",3.666,79.7,100,0,2024-08-14T08:07:09.000Z
"8/14/2024, 4:12:09 AM",3.666,79.7,100,0,2024-08-14T08:12:09.000Z
"8/14/2024, 4:17:09 AM",3.666,79.5,100,0,2024-08-14T08:17:09.000Z
"8/14/2024, 4:22:09 AM",3.667,79.5,100,0,2024-08-14T08:22:09.000Z
"8/14/2024, 4:27:09 AM",3.666,79.3,100,0,2024-08-14T08:27:09.000Z
"8/14/2024, 4:32:09 AM",3.666,79.2,100,0,2024-08-14T08:32:09.000Z
"8/14/2024, 4:37:09 AM",3.667,79.2,100,0,2024-08-14T08:37:09.000Z
"8/14/2024, 4:42:09 AM",3.667,79,100,0,2024-08-14T08:42:09.000Z
"8/14/2024, 4:47:09 AM",3.666,79,100,0,2024-08-14T08:47:09.000Z
"8/14/2024, 4:52:09 AM",3.666,79,100,0,2024-08-14T08:52:09.000Z
"8/14/2024, 4:57:09 AM",3.666,79,100,0,2024-08-14T08:57:09.000Z
"8/14/2024, 5:02:09 AM",3.666,79,100,0,2024-08-14T09:02:09.000Z
"8/14/2024, 5:07:09 AM",3.666,79,100,0,2024-08-14T09:07:09.000Z
"8/14/2024, 5:12:09 AM",3.666,79,100,0,2024-08-14T09:12:09.000Z
"8/14/2024, 5:17:09 AM",3.666,79,100,0,2024-08-14T09:17:09.000Z
"8/14/2024, 5:22:09 AM",3.666,79,100,0,2024-08-14T09:22:09.000Z
"8/14/2024, 5:27:09 AM",3.667,79,100,0,2024-08-14T09:27:09.000Z
"8/14/2024, 5:32:09 AM",3.666,79,100,0,2024-08-14T09:32:09.000Z
"8/14/2024, 5:37:09 AM",3.666,78.8,100,0,2024-08-14T09:37:09.000Z
"8/14/2024, 5:42:09 AM",3.666,78.8,100,0,2024-08-14T09:42:09.000Z
"8/14/2024, 5:47:09 AM",3.666,78.8,100,0,2024-08-14T09:47:09.000Z
"8/14/2024, 5:52:09 AM",3.666,78.8,100,0,2024-08-14T09:52:09.000Z
"8/14/2024, 5:57:09 AM",3.667,78.8,100,0,2024-08-14T09:57:09.000Z
"8/14/2024, 6:02:09 AM",3.666,78.6,100,0,2024-08-14T10:02:09.000Z
"8/14/2024, 6:07:09 AM",3.667,78.6,100,0,2024-08-14T10:07:09.000Z
"8/14/2024, 6:12:09 AM",3.666,78.6,100,0,2024-08-14T10:12:09.000Z
"8/14/2024, 6:17:09 AM",3.666,78.6,100,0,2024-08-14T10:17:09.000Z
"8/14/2024, 6:22:09 AM",3.666,78.6,100,0,2024-08-14T10:22:09.000Z
"8/14/2024, 6:27:09 AM",3.666,78.6,100,0,2024-08-14T10:27:09.000Z
"8/14/2024, 6:32:09 AM",3.666,78.6,100,0,2024-08-14T10:32:09.000Z
"8/14/2024, 6:37:09 AM",3.666,78.6,100,0,2024-08-14T10:37:09.000Z
"8/14/2024, 6:42:09 AM",3.666,78.4,100,0,2024-08-14T10:42:09.000Z
"8/14/2024, 6:47:09 AM",3.666,78.4,100,0,2024-08-14T10:47:09.000Z
"8/14/2024, 6:52:09 AM",3.666,78.4,100,0,2024-08-14T10:52:09.000Z
"8/14/2024, 6:57:09 AM",3.666,78.4,100,0,2024-08-14T10:57:09.000Z
"8/14/2024, 7:02:09 AM",3.666,78.4,100,0,2024-08-14T11:02:09.000Z
"8/14/2024, 7:07:09 AM",3.667,78.4,100,0,2024-08-14T11:07:09.000Z
"8/14/2024, 7:12:09 AM",3.667,78.6,100,0,2024-08-14T11:12:09.000Z
"8/14/2024, 7:17:09 AM",3.666,78.6,100,0,2024-08-14T11:17:09.000Z
"8/14/2024, 7:22:09 AM",3.667,78.8,100,0,2024-08-14T11:22:09.000Z
"8/14/2024, 7:27:09 AM",3.666,79,100,0,2024-08-14T11:27:09.000Z
"8/14/2024, 7:32:09 AM",3.666,79,100,0,2024-08-14T11:32:09.000Z
"8/14/2024, 7:37:09 AM",3.666,79,100,0,2024-08-14T11:37:09.000Z
"8/14/2024, 7:42:09 AM",3.666,79.2,100,0,2024-08-14T11:42:09.000Z
"8/14/2024, 7:47:09 AM",3.666,79.5,100,0,2024-08-14T11:47:09.000Z
"8/14/2024, 7:52:09 AM",3.666,79.9,100,0,2024-08-14T11:52:09.000Z
"8/14/2024, 7:57:09 AM",3.666,80.1,100,0,2024-08-14T11:57:09.000Z
"8/14/2024, 8:02:09 AM",3.667,80.4,100,0,2024-08-14T12:02:09.000Z
"8/14/2024, 8:07:09 AM",3.666,80.6,100,0,2024-08-14T12:07:09.000Z
"8/14/2024, 8:12:09 AM",3.666,81,100,0,2024-08-14T12:12:09.000Z
"8/14/2024, 8:17:09 AM",3.666,81.1,100,0,2024-08-14T12:17:09.000Z
"8/14/2024, 8:22:09 AM",3.666,81.5,100,0,2024-08-14T12:22:09.000Z
"8/14/2024, 8:27:09 AM",3.666,81.9,100,0,2024-08-14T12:27:09.000Z
"8/14/2024, 8:32:09 AM",3.665,82.2,100,0,2024-08-14T12:32:09.000Z
"8/14/2024, 8:37:09 AM",3.666,82.6,100,0,2024-08-14T12:37:09.000Z
"8/14/2024, 8:42:09 AM",3.665,82.9,100,0,2024-08-14T12:42:09.000Z
"8/14/2024, 8:47:09 AM",3.666,83.3,100,0,2024-08-14T12:47:09.000Z
"8/14/2024, 8:52:09 AM",3.665,83.5,100,0,2024-08-14T12:52:09.000Z
"8/14/2024, 8:57:09 AM",3.666,84,100,0,2024-08-14T12:57:09.000Z
"8/14/2024, 9:02:09 AM",3.666,84.2,100,0,2024-08-14T13:02:09.000Z
"8/14/2024, 9:07:09 AM",3.665,84.7,100,0,2024-08-14T13:07:09.000Z
"8/14/2024, 9:12:09 AM",3.666,85.1,100,0,2024-08-14T13:12:09.000Z
"8/14/2024, 9:17:09 AM",3.666,85.5,100,0,2024-08-14T13:17:09.000Z
"8/14/2024, 9:22:09 AM",3.665,86,100,0,2024-08-14T13:22:09.000Z
"8/14/2024, 9:27:09 AM",3.665,86.4,100,0,2024-08-14T13:27:09.000Z
"8/14/2024, 9:32:09 AM",3.665,86.7,100,0,2024-08-14T13:32:09.000Z
"8/14/2024, 9:37:09 AM",3.665,87.1,100,0,2024-08-14T13:37:09.000Z
"8/14/2024, 9:42:09 AM",3.665,87.4,100,0,2024-08-14T13:42:09.000Z
"8/14/2024, 9:47:09 AM",3.665,87.8,100,0,2024-08-14T13:47:09.000Z
"8/14/2024, 9:52:09 AM",3.665,88.2,100,0,2024-08-14T13:52:09.000Z
"8/14/2024, 9:57:09 AM",3.665,88.9,100,0,2024-08-14T13:57:09.000Z
"8/14/2024, 10:02:09 AM",3.664,88.9,100,0,2024-08-14T14:02:09.000Z
"8/14/2024, 10:07:09 AM",3.665,89.4,100,0,2024-08-14T14:07:09.000Z
"8/14/2024, 10:12:09 AM",3.665,90,100,0,2024-08-14T14:12:09.000Z
"8/14/2024, 10:17:09 AM",3.665,90.5,100,0,2024-08-14T14:17:09.000Z
"8/14/2024, 10:22:09 AM",3.664,90.9,100,0,2024-08-14T14:22:09.000Z
"8/14/2024, 10:27:09 AM",3.664,91.2,100,0,2024-08-14T14:27:09.000Z
"8/14/2024, 10:32:09 AM",3.664,91.4,100,0,2024-08-14T14:32:09.000Z
"8/14/2024, 10:37:09 AM",3.665,91.6,100,0,2024-08-14T14:37:09.000Z
"8/14/2024, 10:42:09 AM",3.664,91.8,100,0,2024-08-14T14:42:09.000Z
"8/14/2024, 10:47:09 AM",3.664,91.9,100,0,2024-08-14T14:47:09.000Z
"8/14/2024, 10:52:09 AM",3.664,92.1,100,0,2024-08-14T14:52:09.000Z
"8/14/2024, 10:57:09 AM",3.664,92.3,100,0,2024-08-14T14:57:09.000Z
"8/14/2024, 11:02:09 AM",3.664,92.7,100,0,2024-08-14T15:02:09.000Z
"8/14/2024, 11:07:09 AM",3.664,93,100,0,2024-08-14T15:07:09.000Z
"8/14/2024, 11:12:09 AM",3.664,93.4,100,0,2024-08-14T15:12:09.000Z
"8/14/2024, 11:17:09 AM",3.664,93.9,100,0,2024-08-14T15:17:09.000Z
"8/14/2024, 11:22:09 AM",3.664,94.3,100,0,2024-08-14T15:22:09.000Z
"8/14/2024, 11:27:09 AM",3.663,94.6,100,0,2024-08-14T15:27:09.000Z
"8/14/2024, 11:32:09 AM",3.664,94.8,100,0,2024-08-14T15:32:09.000Z
"8/14/2024, 11:37:09 AM",3.664,95.2,100,0,2024-08-14T15:37:09.000Z
"8/14/2024, 11:42:09 AM",3.663,95.5,100,0,2024-08-14T15:42:09.000Z
"8/14/2024, 11:47:09 AM",3.664,96.1,100,0,2024-08-14T15:47:09.000Z
"8/14/2024, 11:52:09 AM",3.664,96.4,100,0,2024-08-14T15:52:09.000Z
"8/14/2024, 11:57:09 AM",3.663,96.8,100,0,2024-08-14T15:57:09.000Z
"8/14/2024, 12:02:09 PM",3.663,97.2,100,0,2024-08-14T16:02:09.000Z
"8/14/2024, 12:07:09 PM",3.663,97.5,100,0,2024-08-14T16:07:09.000Z
"8/14/2024, 12:12:09 PM",3.663,97.9,100,0,2024-08-14T16:12:09.000Z
"8/14/2024, 12:17:09 PM",3.663,98.4,100,0,2024-08-14T16:17:09.000Z
"8/14/2024, 12:22:09 PM",3.663,99,100,0,2024-08-14T16:22:09.000Z
"8/14/2024, 12:27:09 PM",3.663,99,100,0,2024-08-14T16:27:09.000Z
"8/14/2024, 12:32:09 PM",3.663,99.5,100,0,2024-08-14T16:32:09.000Z
"8/14/2024, 12:37:09 PM",3.663,100,100,0,2024-08-14T16:37:09.000Z
"8/14/2024, 12:42:09 PM",3.663,100.4,100,0,2024-08-14T16:42:09.000Z
"8/14/2024, 12:47:09 PM",3.662,100.8,100,0,2024-08-14T16:47:09.000Z
"8/14/2024, 12:52:09 PM",3.662,101.1,100,0,2024-08-14T16:52:09.000Z
"8/14/2024, 12:57:09 PM",3.662,101.3,100,0,2024-08-14T16:57:09.000Z
"8/14/2024, 1:02:09 PM",3.662,101.8,100,0,2024-08-14T17:02:09.000Z
"8/14/2024, 1:07:09 PM",3.662,102.2,100,0,2024-08-14T17:07:09.000Z
"8/14/2024, 1:12:09 PM",3.662,102.6,100,0,2024-08-14T17:12:09.000Z
"8/14/2024, 1:17:09 PM",3.662,102.7,100,0,2024-08-14T17:17:09.000Z
"8/14/2024, 1:22:09 PM",3.662,102.9,100,0,2024-08-14T17:22:09.000Z
"8/14/2024, 1:27:09 PM",3.662,103.3,100,0,2024-08-14T17:27:09.000Z
"8/14/2024, 1:32:09 PM",3.662,103.5,100,0,2024-08-14T17:32:09.000Z
"8/14/2024, 1:37:09 PM",3.662,103.8,100,0,2024-08-14T17:37:09.000Z
"8/14/2024, 1:42:09 PM",3.661,104.2,100,0,2024-08-14T17:42:09.000Z
"8/14/2024, 1:47:09 PM",3.662,104.5,100,0,2024-08-14T17:47:09.000Z
"8/14/2024, 1:52:09 PM",3.661,104.9,100,0,2024-08-14T17:52:09.000Z
"8/14/2024, 1:57:09 PM",3.662,105.4,100,0,2024-08-14T17:57:09.000Z
"8/14/2024, 2:02:09 PM",3.661,105.1,100,0,2024-08-14T18:02:09.000Z
"8/14/2024, 2:07:09 PM",3.662,104.5,100,0,2024-08-14T18:07:09.000Z
"8/14/2024, 2:12:09 PM",3.662,103.6,100,0,2024-08-14T18:12:09.000Z
"8/14/2024, 2:17:09 PM",3.662,102.9,100,0,2024-08-14T18:17:09.000Z
"8/14/2024, 2:22:09 PM",3.662,102.2,100,0,2024-08-14T18:22:09.000Z
"8/14/2024, 2:27:09 PM",3.662,101.3,100,0,2024-08-14T18:27:09.000Z
"8/14/2024, 2:32:09 PM",3.662,100.4,100,0,2024-08-14T18:32:09.000Z
"8/14/2024, 2:37:09 PM",3.662,99.7,100,0,2024-08-14T18:37:09.000Z
"8/14/2024, 2:42:09 PM",3.663,99,100,0,2024-08-14T18:42:09.000Z
"8/14/2024, 2:47:09 PM",3.663,99,100,0,2024-08-14T18:47:09.000Z
"8/14/2024, 2:52:09 PM",3.663,99,100,0,2024-08-14T18:52:09.000Z
"8/14/2024, 2:57:09 PM",3.663,99.5,100,0,2024-08-14T18:57:09.000Z
"8/14/2024, 3:02:09 PM",3.663,99.5,100,0,2024-08-14T19:02:09.000Z
"8/14/2024, 3:07:09 PM",3.663,99.3,100,0,2024-08-14T19:07:09.000Z
"8/14/2024, 3:12:09 PM",3.663,99,100,0,2024-08-14T19:12:09.000Z
"8/14/2024, 3:17:09 PM",3.663,99.5,100,0,2024-08-14T19:17:09.000Z
"8/14/2024, 3:22:09 PM",3.663,100.2,100,0,2024-08-14T19:22:09.000Z
"8/14/2024, 3:27:09 PM",3.663,100.6,100,0,2024-08-14T19:27:09.000Z
"8/14/2024, 3:32:09 PM",3.663,100.2,100,0,2024-08-14T19:32:09.000Z
"8/14/2024, 3:37:09 PM",3.663,99.7,100,0,2024-08-14T19:37:09.000Z
"8/14/2024, 3:42:09 PM",3.663,99.5,100,0,2024-08-14T19:42:09.000Z
"8/14/2024, 3:47:09 PM",3.664,99,100,0,2024-08-14T19:47:09.000Z
"8/14/2024, 3:52:09 PM",3.663,99,100,0,2024-08-14T19:52:09.000Z
"8/14/2024, 3:57:09 PM",3.663,99.5,100,0,2024-08-14T19:57:09.000Z
"8/14/2024, 4:02:09 PM",3.663,100,100,0,2024-08-14T20:02:09.000Z
"8/14/2024, 4:07:09 PM",3.663,100.6,100,0,2024-08-14T20:07:09.000Z
"8/14/2024, 4:12:09 PM",3.663,101.1,100,0,2024-08-14T20:12:09.000Z
"8/14/2024, 4:17:09 PM",3.663,101.7,100,0,2024-08-14T20:17:09.000Z
"8/14/2024, 4:22:09 PM",3.663,102.2,100,0,2024-08-14T20:22:09.000Z
"8/14/2024, 4:27:09 PM",3.663,102.6,100,0,2024-08-14T20:27:09.000Z
"8/14/2024, 4:32:09 PM",3.663,102.9,99.8,0,2024-08-14T20:32:09.000Z
"8/14/2024, 4:37:09 PM",3.663,103.5,99.4,0,2024-08-14T20:37:09.000Z
"8/14/2024, 4:42:09 PM",3.662,103.5,99,0,2024-08-14T20:42:09.000Z
"8/14/2024, 4:47:09 PM",3.662,102.7,98.5,0,2024-08-14T20:47:09.000Z
"8/14/2024, 4:52:09 PM",3.662,102.2,98,0,2024-08-14T20:52:09.000Z
"8/14/2024, 4:57:09 PM",3.662,101.7,97.7,0,2024-08-14T20:57:09.000Z
"8/14/2024, 5:02:09 PM",3.662,100.8,97.5,0,2024-08-14T21:02:09.000Z
"8/14/2024, 5:07:09 PM",3.663,100.6,97.3,0,2024-08-14T21:07:09.000Z
"8/14/2024, 5:12:09 PM",3.663,100.4,97.3,0,2024-08-14T21:12:09.000Z
"8/14/2024, 5:17:09 PM",3.663,100.6,97.3,0,2024-08-14T21:17:09.000Z
"8/14/2024, 5:22:09 PM",3.663,100.9,97.4,0,2024-08-14T21:22:09.000Z
"8/14/2024, 5:27:09 PM",3.663,101.1,97.5,0,2024-08-14T21:27:09.000Z
"8/14/2024, 5:32:09 PM",3.663,101.7,97.5,0,2024-08-14T21:32:09.000Z
"8/14/2024, 5:37:09 PM",3.663,101.8,97.5,0,2024-08-14T21:37:09.000Z
"8/14/2024, 5:42:09 PM",3.663,102.2,97.3,0,2024-08-14T21:42:09.000Z
"8/14/2024, 5:47:09 PM",3.662,102.2,97,0,2024-08-14T21:47:09.000Z
"8/14/2024, 5:52:09 PM",3.663,102.2,96.6,0,2024-08-14T21:52:09.000Z
"8/14/2024, 5:57:09 PM",3.663,101.5,96.1,0,2024-08-14T21:57:09.000Z
"8/14/2024, 6:02:09 PM",3.663,100.9,95.6,0,2024-08-14T22:02:09.000Z
"8/14/2024, 6:07:09 PM",3.663,100.4,95.2,0,2024-08-14T22:07:09.000Z
"8/14/2024, 6:12:09 PM",3.663,99.7,95,0,2024-08-14T22:12:09.000Z
"8/14/2024, 6:17:09 PM",3.663,99,94.9,0,2024-08-14T22:17:09.000Z
"8/14/2024, 6:22:09 PM",3.664,98.6,95.1,0,2024-08-14T22:22:09.000Z
"8/14/2024, 6:27:09 PM",3.664,98.1,95.3,0,2024-08-14T22:27:09.000Z
"8/14/2024, 6:32:09 PM",3.663,97.5,95.5,0,2024-08-14T22:32:09.000Z
"8/14/2024, 6:37:09 PM",3.664,96.8,95.7,0,2024-08-14T22:37:09.000Z
"8/14/2024, 6:42:09 PM",3.664,96.3,95.9,0,2024-08-14T22:42:09.000Z
"8/14/2024, 6:47:09 PM",3.664,95.5,96.1,0,2024-08-14T22:47:09.000Z
"8/14/2024, 6:52:09 PM",3.664,95.2,96.3,0,2024-08-14T22:52:09.000Z
"8/14/2024, 6:57:09 PM",3.664,94.6,96.5,0,2024-08-14T22:57:09.000Z
"8/14/2024, 7:02:09 PM",3.664,94.1,96.8,0,2024-08-14T23:02:09.000Z
"8/14/2024, 7:07:09 PM",3.665,93.7,97.1,0,2024-08-14T23:07:09.000Z
"8/14/2024, 7:12:09 PM",3.665,93.4,97.4,0,2024-08-14T23:12:09.000Z
"8/14/2024, 7:17:09 PM",3.665,93,97.7,0,2024-08-14T23:17:09.000Z
"8/14/2024, 7:22:09 PM",3.665,92.7,98.1,0,2024-08-14T23:22:09.000Z
"8/14/2024, 7:27:09 PM",3.665,92.7,98.5,0,2024-08-14T23:27:09.000Z
"8/14/2024, 7:32:09 PM",3.665,92.5,98.8,0,2024-08-14T23:32:09.000Z
"8/14/2024, 7:37:09 PM",3.665,92.3,99.1,0,2024-08-14T23:37:09.000Z
"8/14/2024, 7:42:09 PM",3.665,92.1,99.4,0,2024-08-14T23:42:09.000Z
"8/14/2024, 7:47:09 PM",3.665,91.8,99.5,0,2024-08-14T23:47:09.000Z
"8/14/2024, 7:52:09 PM",3.665,91.6,99.6,0,2024-08-14T23:52:09.000Z
"8/14/2024, 7:57:09 PM",3.665,91.2,99.7,0,2024-08-14T23:57:09.000Z
"8/14/2024, 8:02:09 PM",3.666,90.9,99.8,0,2024-08-15T00:02:09.000Z
"8/14/2024, 8:07:09 PM",3.665,90.5,99.8,0,2024-08-15T00:07:09.000Z
"8/14/2024, 8:12:09 PM",3.665,90.1,99.9,0,2024-08-15T00:12:09.000Z
"8/14/2024, 8:17:09 PM",3.665,89.8,99.9,0,2024-08-15T00:17:09.000Z
"8/14/2024, 8:22:09 PM",3.665,89.4,100,0,2024-08-15T00:22:09.000Z
"8/14/2024, 8:27:09 PM",3.666,89.1,100,0,2024-08-15T00:27:09.000Z
"8/14/2024, 8:32:09 PM",3.666,88.9,100,0,2024-08-15T00:32:09.000Z
"8/14/2024, 8:37:09 PM",3.665,88.5,100,0,2024-08-15T00:37:09.000Z
"8/14/2024, 8:42:09 PM",3.666,88.2,100,0,2024-08-15T00:42:09.000Z
"8/14/2024, 8:47:09 PM",3.666,87.8,100,0,2024-08-15T00:47:09.000Z
"8/14/2024, 8:52:09 PM",3.666,87.6,100,0,2024-08-15T00:52:09.000Z
"8/14/2024, 8:57:09 PM",3.666,87.3,100,0,2024-08-15T00:57:09.000Z
"8/14/2024, 9:02:09 PM",3.666,86.9,100,0,2024-08-15T01:02:09.000Z
"8/14/2024, 9:07:09 PM",3.666,86.7,100,0,2024-08-15T01:07:09.000Z
"8/14/2024, 9:12:09 PM",3.666,86.5,100,0,2024-08-15T01:12:09.000Z
"8/14/2024, 9:17:09 PM",3.666,86.2,100,0,2024-08-15T01:17:09.000Z
"8/14/2024, 9:22:09 PM",3.666,86,100,0,2024-08-15T01:22:09.000Z
"8/14/2024, 9:27:09 PM",3.666,85.8,100,0,2024-08-15T01:27:09.000Z
"8/14/2024, 9:32:09 PM",3.666,85.6,100,0,2024-08-15T01:32:09.000Z
"8/14/2024, 9:37:09 PM",3.666,85.3,100,0,2024-08-15T01:37:09.000Z
"8/14/2024, 9:42:09 PM",3.666,85.1,100,0,2024-08-15T01:42:09.000Z
"8/14/2024, 9:47:09 PM",3.666,85.1,100,0,2024-08-15T01:47:09.000Z
"8/14/2024, 9:52:09 PM",3.666,84.9,100,0,2024-08-15T01:52:09.000Z
"8/14/2024, 9:57:09 PM",3.666,84.7,100,0,2024-08-15T01:57:09.000Z
"8/14/2024, 10:02:09 PM",3.666,84.6,100,0,2024-08-15T02:02:09.000Z
"8/14/2024, 10:07:09 PM",3.667,84.6,100,0,2024-08-15T02:07:09.000Z
"8/14/2024, 10:12:09 PM",3.667,84.4,100,0,2024-08-15T02:12:09.000Z
"8/14/2024, 10:17:09 PM",3.666,84.2,100,0,2024-08-15T02:17:09.000Z
"8/14/2024, 10:22:09 PM",3.667,84,100,0,2024-08-15T02:22:09.000Z
"8/14/2024, 10:27:09 PM",3.666,84,100,0,2024-08-15T02:27:09.000Z
"8/14/2024, 10:32:09 PM",3.666,84,100,0,2024-08-15T02:32:09.000Z
"8/14/2024, 10:37:09 PM",3.667,83.8,100,0,2024-08-15T02:37:09.000Z
"8/14/2024, 10:42:09 PM",3.666,83.7,100,0,2024-08-15T02:42:09.000Z
"8/14/2024, 10:47:09 PM",3.666,83.7,100,0,2024-08-15T02:47:09.000Z
"8/14/2024, 10:52:09 PM",3.666,83.5,100,0,2024-08-15T02:52:09.000Z
"8/14/2024, 10:57:09 PM",3.666,83.3,100,0,2024-08-15T02:57:09.000Z
"8/14/2024, 11:02:09 PM",3.666,83.3,100,0,2024-08-15T03:02:09.000Z
"8/14/2024, 11:07:09 PM",3.667,83.3,100,0,2024-08-15T03:07:09.000Z
"8/14/2024, 11:12:09 PM",3.666,83.1,100,0,2024-08-15T03:12:09.000Z
"8/14/2024, 11:17:09 PM",3.666,83.1,100,0,2024-08-15T03:17:09.000Z
"8/14/2024, 11:22:09 PM",3.667,83.1,100,0,2024-08-15T03:22:09.000Z
"8/14/2024, 11:27:09 PM",3.666,83.1,100,0,2024-08-15T03:27:09.000Z
"8/14/2024, 11:32:09 PM",3.667,83.1,100,0,2024-08-15T03:32:09.000Z
"8/14/2024, 11:37:09 PM",3.667,83.1,100,0,2024-08-15T03:37:09.000Z
"8/14/2024, 11:42:09 PM",3.667,82.9,100,0,2024-08-15T03:42:09.000Z
"8/14/2024, 11:47:09 PM",3.666,82.9,100,0,2024-08-15T03:47:09.000Z
"8/14/2024, 11:52:09 PM",3.667,82.9,100,0,2024-08-15T03:52:09.000Z
"8/14/2024, 11:57:09 PM",3.666,82.8,100,0,2024-08-15T03:57:09.000Z
"8/15/2024, 12:02:09 AM",3.666,82.8,100,0,2024-08-15T04:02:09.000Z
"8/15/2024, 12:07:09 AM",3.666,82.8,100,0,2024-08-15T04:07:09.000Z
"8/15/2024, 12:12:09 AM",3.666,82.6,100,0,2024-08-15T04:12:09.000Z
"8/15/2024, 12:17:09 AM",3.666,82.6,100,0,2024-08-15T04:17:09.000Z
"8/15/2024, 12:22:09 AM",3.667,82.6,100,0,2024-08-15T04:22:09.000Z
"8/15/2024, 12:27:09 AM",3.666,82.6,100,0,2024-08-15T04:27:09.000Z
"8/15/2024, 12:32:09 AM",3.666,82.4,100,0,2024-08-15T04:32:09.000Z
"8/15/2024, 12:37:09 AM",3.667,82.4,100,0,2024-08-15T04:37:09.000Z
"8/15/2024, 12:42:09 AM",3.667,82.4,100,0,2024-08-15T04:42:09.000Z
"8/15/2024, 12:47:09 AM",3.666,82.4,100,0,2024-08-15T04:47:09.000Z
"8/15/2024, 12:52:09 AM",3.667,82.2,100,0,2024-08-15T04:52:09.000Z
"8/15/2024, 12:57:09 AM",3.667,82.2,100,0,2024-08-15T04:57:09.000Z
"8/15/2024, 1:02:09 AM",3.666,82.2,100,0,2024-08-15T05:02:09.000Z
"8/15/2024, 1:07:09 AM",3.666,82.2,100,0,2024-08-15T05:07:09.000Z
"8/15/2024, 1:12:09 AM",3.667,82,100,0,2024-08-15T05:12:09.000Z
"8/15/2024, 1:17:09 AM",3.667,82,100,0,2024-08-15T05:17:09.000Z
"8/15/2024, 1:22:09 AM",3.666,82,100,0,2024-08-15T05:22:09.000Z
"8/15/2024, 1:27:09 AM",3.666,82,100,0,2024-08-15T05:27:09.000Z
"8/15/2024, 1:32:09 AM",3.667,82,100,0,2024-08-15T05:32:09.000Z
"8/15/2024, 1:37:09 AM",3.666,82,100,0,2024-08-15T05:37:09.000Z
"8/15/2024, 1:42:09 AM",3.667,82,100,0,2024-08-15T05:42:09.000Z
"8/15/2024, 1:47:09 AM",3.666,82,100,0,2024-08-15T05:47:09.000Z
"8/15/2024, 1:52:09 AM",3.667,82,100,0,2024-08-15T05:52:09.000Z
"8/15/2024, 1:57:09 AM",3.666,82,100,0,2024-08-15T05:57:09.000Z
"8/15/2024, 2:02:09 AM",3.666,81.9,100,0,2024-08-15T06:02:09.000Z
"8/15/2024, 2:07:09 AM",3.666,81.9,100,0,2024-08-15T06:07:09.000Z
"8/15/2024, 2:12:09 AM",3.666,81.9,100,0,2024-08-15T06:12:09.000Z
"8/15/2024, 2:17:09 AM",3.666,81.9,100,0,2024-08-15T06:17:09.000Z
"8/15/2024, 2:22:09 AM",3.666,81.9,100,0,2024-08-15T06:22:09.000Z
"8/15/2024, 2:27:09 AM",3.666,81.9,100,0,2024-08-15T06:27:09.000Z
"8/15/2024, 2:32:09 AM",3.667,81.9,100,0,2024-08-15T06:32:09.000Z
"8/15/2024, 2:37:09 AM",3.667,81.9,100,0,2024-08-15T06:37:09.000Z
"8/15/2024, 2:42:09 AM",3.667,81.9,100,0,2024-08-15T06:42:09.000Z
"8/15/2024, 2:47:09 AM",3.666,82,100,0,2024-08-15T06:47:09.000Z
"8/15/2024, 2:52:09 AM",3.667,81.9,100,0,2024-08-15T06:52:09.000Z
"8/15/2024, 2:57:09 AM",3.666,81.9,100,0,2024-08-15T06:57:09.000Z
"8/15/2024, 3:02:09 AM",3.666,81.9,100,0,2024-08-15T07:02:09.000Z
"8/15/2024, 3:07:09 AM",3.666,81.9,100,0,2024-08-15T07:07:09.000Z
"8/15/2024, 3:12:09 AM",3.667,81.9,100,0,2024-08-15T07:12:09.000Z
"8/15/2024, 3:17:09 AM",3.666,81.9,100,0,2024-08-15T07:17:09.000Z
"8/15/2024, 3:22:09 AM",3.666,81.9,100,0,2024-08-15T07:22:09.000Z
"8/15/2024, 3:27:09 AM",3.667,81.9,100,0,2024-08-15T07:27:09.000Z
"8/15/2024, 3:32:09 AM",3.666,82,100,0,2024-08-15T07:32:09.000Z
"8/15/2024, 3:37:09 AM",3.666,82,100,0,2024-08-15T07:37:09.000Z
"8/15/2024, 3:42:09 AM",3.667,82,100,0,2024-08-15T07:42:09.000Z
"8/15/2024, 3:47:09 AM",3.666,82,100,0,2024-08-15T07:47:09.000Z
"8/15/2024, 3:52:09 AM",3.666,82,100,0,2024-08-15T07:52:09.000Z
"8/15/2024, 3:57:09 AM",3.666,82,100,0,2024-08-15T07:57:09.000Z
"8/15/2024, 4:02:09 AM",3.666,82,100,0,2024-08-15T08:02:09.000Z
"8/15/2024, 4:07:09 AM",3.666,82.2,100,0,2024-08-15T08:07:09.000Z
"8/15/2024, 4:12:09 AM",3.666,82.2,100,0,2024-08-15T08:12:09.000Z
"8/15/2024, 4:17:09 AM",3.666,82.2,100,0,2024-08-15T08:17:09.000Z
"8/15/2024, 4:22:09 AM",3.666,82.2,100,0,2024-08-15T08:22:09.000Z
"8/15/2024, 4:27:09 AM",3.666,82.2,100,0,2024-08-15T08:27:09.000Z
"8/15/2024, 4:32:09 AM",3.666,82.2,100,0,2024-08-15T08:32:09.000Z
"8/15/2024, 4:37:09 AM",3.666,82.2,100,0,2024-08-15T08:37:09.000Z
"8/15/2024, 4:42:09 AM",3.666,82.2,100,0,2024-08-15T08:42:09.000Z
"8/15/2024, 4:47:09 AM",3.666,82.2,100,0,2024-08-15T08:47:09.000Z
"8/15/2024, 4:52:09 AM",3.666,82.2,100,0,2024-08-15T08:52:09.000Z
"8/15/2024, 4:57:09 AM",3.666,82.2,100,0,2024-08-15T08:57:09.000Z
"8/15/2024, 5:02:09 AM",3.666,82.2,100,0,2024-08-15T09:02:09.000Z
"8/15/2024, 5:07:09 AM",3.666,82,100,0,2024-08-15T09:07:09.000Z
"8/15/2024, 5:12:09 AM",3.666,82.2,100,0,2024-08-15T09:12:09.000Z
"8/15/2024, 5:17:09 AM",3.667,82.2,100,0,2024-08-15T09:17:09.000Z
"8/15/2024, 5:22:09 AM",3.666,82.2,100,0,2024-08-15T09:22:09.000Z
"8/15/2024, 5:27:09 AM",3.666,82,100,0,2024-08-15T09:27:09.000Z
"8/15/2024, 5:32:09 AM",3.667,82.2,100,0,2024-08-15T09:32:09.000Z
"8/15/2024, 5:37:09 AM",3.666,82.2,100,0,2024-08-15T09:37:09.000Z
"8/15/2024, 5:42:09 AM",3.666,82.2,100,0,2024-08-15T09:42:09.000Z
"8/15/2024, 5:47:09 AM",3.666,82.4,100,0,2024-08-15T09:47:09.000Z
"8/15/2024, 5:52:09 AM",3.666,82.4,100,0,2024-08-15T09:52:09.000Z
"8/15/2024, 5:57:09 AM",3.667,82.6,100,0,2024-08-15T09:57:09.000Z
"8/15/2024, 6:02:09 AM",3.666,82.6,100,0,2024-08-15T10:02:09.000Z
"8/15/2024, 6:07:09 AM",3.667,82.4,100,0,2024-08-15T10:07:09.000Z
"8/15/2024, 6:12:09 AM",3.666,82.4,100,0,2024-08-15T10:12:09.000Z
"8/15/2024, 6:17:09 AM",3.666,82.4,100,0,2024-08-15T10:17:09.000Z
"8/15/2024, 6:22:09 AM",3.666,82.4,100,0,2024-08-15T10:22:09.000Z
"8/15/2024, 6:27:09 AM",3.666,82.6,100,0,2024-08-15T10:27:09.000Z
"8/15/2024, 6:32:09 AM",3.667,82.8,100,0,2024-08-15T10:32:09.000Z
"8/15/2024, 6:37:09 AM",3.667,82.8,100,0,2024-08-15T10:37:09.000Z
"8/15/2024, 6:42:09 AM",3.666,82.9,100,0,2024-08-15T10:42:09.000Z
"8/15/2024, 6:47:09 AM",3.666,82.9,100,0,2024-08-15T10:47:09.000Z
"8/15/2024, 6:52:09 AM",3.666,82.8,100,0,2024-08-15T10:52:09.000Z
"8/15/2024, 6:57:09 AM",3.666,82.8,100,0,2024-08-15T10:57:09.000Z
"8/15/2024, 7:02:09 AM",3.666,82.4,100,0,2024-08-15T11:02:09.000Z
"8/15/2024, 7:07:09 AM",3.666,82.4,100,0,2024-08-15T11:07:09.000Z
"8/15/2024, 7:12:09 AM",3.667,82.4,100,0,2024-08-15T11:12:09.000Z
"8/15/2024, 7:17:09 AM",3.666,82.4,100,0,2024-08-15T11:17:09.000Z
"8/15/2024, 7:22:09 AM",3.666,82.4,100,0,2024-08-15T11:22:09.000Z
"8/15/2024, 7:27:09 AM",3.666,82.2,100,0,2024-08-15T11:27:09.000Z
"8/15/2024, 7:32:09 AM",3.666,82.2,100,0,2024-08-15T11:32:09.000Z
"8/15/2024, 7:37:09 AM",3.666,82,100,0,2024-08-15T11:37:09.000Z
"8/15/2024, 7:42:09 AM",3.666,82.2,100,0,2024-08-15T11:42:09.000Z
"8/15/2024, 7:47:09 AM",3.666,82,100,0,2024-08-15T11:47:09.000Z
"8/15/2024, 7:52:09 AM",3.666,82,100,0,2024-08-15T11:52:09.000Z
"8/15/2024, 7:57:09 AM",3.666,81.9,100,0,2024-08-15T11:57:09.000Z
"8/15/2024, 8:02:09 AM",3.666,81.5,100,0,2024-08-15T12:02:09.000Z
"8/15/2024, 8:07:09 AM",3.667,81.5,100,0,2024-08-15T12:07:09.000Z
"8/15/2024, 8:12:09 AM",3.666,81.3,100,0,2024-08-15T12:12:09.000Z
"8/15/2024, 8:17:09 AM",3.666,81.5,100,0,2024-08-15T12:17:09.000Z
"8/15/2024, 8:22:09 AM",3.666,81.5,100,0,2024-08-15T12:22:09.000Z
"8/15/2024, 8:27:09 AM",3.666,81.5,100,0,2024-08-15T12:27:09.000Z
"8/15/2024, 8:32:09 AM",3.666,81.5,100,0,2024-08-15T12:32:09.000Z
"8/15/2024, 8:37:09 AM",3.666,81.3,100,0,2024-08-15T12:37:09.000Z
"8/15/2024, 8:42:09 AM",3.666,81.3,100,0,2024-08-15T12:42:09.000Z
"8/15/2024, 8:47:09 AM",3.666,81.3,100,0,2024-08-15T12:47:09.000Z
"8/15/2024, 8:52:09 AM",3.666,81.3,100,0,2024-08-15T12:52:09.000Z
"8/15/2024, 8:57:09 AM",3.666,81.3,100,0,2024-08-15T12:57:09.000Z
"8/15/2024, 9:02:09 AM",3.666,81.5,100,0,2024-08-15T13:02:09.000Z
"8/15/2024, 9:07:09 AM",3.666,81.5,100,0,2024-08-15T13:07:09.000Z
"8/15/2024, 9:12:09 AM",3.666,82,100,0,2024-08-15T13:12:09.000Z
"8/15/2024, 9:17:09 AM",3.667,82.4,100,0,2024-08-15T13:17:09.000Z
"8/15/2024, 9:22:09 AM",3.666,82.9,100,0,2024-08-15T13:22:09.000Z
"8/15/2024, 9:27:09 AM",3.666,83.3,100,0,2024-08-15T13:27:09.000Z
"8/15/2024, 9:32:09 AM",3.666,83.3,100,0,2024-08-15T13:32:09.000Z
"8/15/2024, 9:37:09 AM",3.666,83.5,100,0,2024-08-15T13:37:09.000Z
"8/15/2024, 9:42:09 AM",3.666,83.8,100,0,2024-08-15T13:42:09.000Z
"8/15/2024, 9:47:09 AM",3.666,84.2,100,0,2024-08-15T13:47:09.000Z
"8/15/2024, 9:52:09 AM",3.666,84.7,100,0,2024-08-15T13:52:09.000Z
"8/15/2024, 9:57:09 AM",3.666,85.3,100,0,2024-08-15T13:57:09.000Z
"8/15/2024, 10:02:09 AM",3.666,85.8,100,0,2024-08-15T14:02:09.000Z
"8/15/2024, 10:07:09 AM",3.666,86.5,100,0,2024-08-15T14:07:09.000Z
"8/15/2024, 10:12:09 AM",3.666,87.1,100,0,2024-08-15T14:12:09.000Z
"8/15/2024, 10:17:09 AM",3.665,87.4,100,0,2024-08-15T14:17:09.000Z
"8/15/2024, 10:22:09 AM",3.665,87.8,100,0,2024-08-15T14:22:09.000Z
"8/15/2024, 10:27:09 AM",3.666,88.3,100,0,2024-08-15T14:27:09.000Z
"8/15/2024, 10:32:09 AM",3.665,88.9,100,0,2024-08-15T14:32:09.000Z
"8/15/2024, 10:37:09 AM",3.665,89.2,100,0,2024-08-15T14:37:09.000Z
"8/15/2024, 10:42:09 AM",3.665,89.6,100,0,2024-08-15T14:42:09.000Z
"8/15/2024, 10:47:09 AM",3.665,90,100,0,2024-08-15T14:47:09.000Z
"8/15/2024, 10:52:09 AM",3.665,90.1,100,0,2024-08-15T14:52:09.000Z
"8/15/2024, 10:57:09 AM",3.664,90.3,100,0,2024-08-15T14:57:09.000Z
"8/15/2024, 11:02:09 AM",3.665,90.3,100,0,2024-08-15T15:02:09.000Z
"8/15/2024, 11:07:09 AM",3.665,90.5,100,0,2024-08-15T15:07:09.000Z
"8/15/2024, 11:12:09 AM",3.665,90.3,100,0,2024-08-15T15:12:09.000Z
"8/15/2024, 11:17:09 AM",3.665,90.3,100,0,2024-08-15T15:17:09.000Z
"8/15/2024, 11:22:09 AM",3.665,90.1,100,0,2024-08-15T15:22:09.000Z
"8/15/2024, 11:27:09 AM",3.665,90,100,0,2024-08-15T15:27:09.000Z
"8/15/2024, 11:32:09 AM",3.665,90,100,0,2024-08-15T15:32:09.000Z
"8/15/2024, 11:37:09 AM",3.665,90,100,0,2024-08-15T15:37:09.000Z
"8/15/2024, 11:42:09 AM",3.665,90,100,0,2024-08-15T15:42:09.000Z
"8/15/2024, 11:47:09 AM",3.665,90,100,0,2024-08-15T15:47:09.000Z
"8/15/2024, 11:52:09 AM",3.665,90.1,100,0,2024-08-15T15:52:09.000Z
"8/15/2024, 11:57:09 AM",3.665,90.1,100,0,2024-08-15T15:57:09.000Z
"8/15/2024, 12:02:09 PM",3.665,90.1,100,0,2024-08-15T16:02:09.000Z
"8/15/2024, 12:07:09 PM",3.665,90.1,100,0,2024-08-15T16:07:09.000Z
"8/15/2024, 12:12:09 PM",3.665,90.1,100,0,2024-08-15T16:12:09.000Z
"8/15/2024, 12:17:09 PM",3.665,90.3,100,0,2024-08-15T16:17:09.000Z
"8/15/2024, 12:22:09 PM",3.665,90.7,100,0,2024-08-15T16:22:09.000Z
"8/15/2024, 12:27:09 PM",3.665,90.7,100,0,2024-08-15T16:27:09.000Z
"8/15/2024, 12:32:09 PM",3.664,90.9,100,0,2024-08-15T16:32:09.000Z
"8/15/2024, 12:37:09 PM",3.665,90.9,100,0,2024-08-15T16:37:09.000Z
"8/15/2024, 12:42:09 PM",3.665,90.7,100,0,2024-08-15T16:42:09.000Z
"8/15/2024, 12:47:09 PM",3.665,90.5,100,0,2024-08-15T16:47:09.000Z
"8/15/2024, 12:52:09 PM",3.665,90.3,100,0,2024-08-15T16:52:09.000Z
"8/15/2024, 12:57:09 PM",3.665,90.1,100,0,2024-08-15T16:57:09.000Z
"8/15/2024, 1:02:09 PM",3.665,90,100,0,2024-08-15T17:02:09.000Z
"8/15/2024, 1:07:09 PM",3.665,89.6,100,0,2024-08-15T17:07:09.000Z
"8/15/2024, 1:12:09 PM",3.665,89.2,100,0,2024-08-15T17:12:09.000Z
"8/15/2024, 1:17:09 PM",3.665,89.1,100,0,2024-08-15T17:17:09.000Z
"8/15/2024, 1:22:09 PM",3.665,88.9,100,0,2024-08-15T17:22:09.000Z
"8/15/2024, 1:27:09 PM",3.665,88.9,100,0,2024-08-15T17:27:09.000Z
"8/15/2024, 1:32:09 PM",3.665,88.9,100,0,2024-08-15T17:32:09.000Z
"8/15/2024, 1:37:09 PM",3.665,88.5,100,0,2024-08-15T17:37:09.000Z
"8/15/2024, 1:42:09 PM",3.665,88.3,100,0,2024-08-15T17:42:09.000Z
"8/15/2024, 1:47:09 PM",3.665,88.2,100,0,2024-08-15T17:47:09.000Z
"8/15/2024, 1:52:09 PM",3.665,88.2,100,0,2024-08-15T17:52:09.000Z
"8/15/2024, 1:57:09 PM",3.665,88.3,100,0,2024-08-15T17:57:09.000Z
"8/15/2024, 2:02:09 PM",3.665,88.5,100,0,2024-08-15T18:02:09.000Z
"8/15/2024, 2:07:09 PM",3.665,88.7,100,0,2024-08-15T18:07:09.000Z
"8/15/2024, 2:12:09 PM",3.665,88.9,100,0,2024-08-15T18:12:09.000Z
"8/15/2024, 2:17:09 PM",3.666,88.9,100,0,2024-08-15T18:17:09.000Z
"8/15/2024, 2:22:09 PM",3.665,88.9,100,0,2024-08-15T18:22:09.000Z
"8/15/2024, 2:27:09 PM",3.665,88.9,100,0,2024-08-15T18:27:09.000Z
"8/15/2024, 2:32:09 PM",3.665,88.9,100,0,2024-08-15T18:32:09.000Z
"8/15/2024, 2:37:09 PM",3.665,89.2,100,1,2024-08-15T18:37:09.000Z
"8/15/2024, 2:42:09 PM",3.665,89.4,100,1,2024-08-15T18:42:09.000Z
"8/15/2024, 2:47:09 PM",3.665,89.6,100,1,2024-08-15T18:47:09.000Z
"8/15/2024, 2:52:09 PM",3.665,90,100,0,2024-08-15T18:52:09.000Z
"8/15/2024, 2:57:09 PM",3.665,90.1,100,1,2024-08-15T18:57:09.000Z
"8/15/2024, 3:02:09 PM",3.665,90.3,100,1,2024-08-15T19:02:09.000Z
"8/15/2024, 3:07:09 PM",3.665,90.5,100,1,2024-08-15T19:07:09.000Z
"8/15/2024, 3:12:09 PM",3.665,90.7,100,1,2024-08-15T19:12:09.000Z
"8/15/2024, 3:17:09 PM",3.665,90.7,100,1,2024-08-15T19:17:09.000Z
"8/15/2024, 3:22:09 PM",3.665,90.7,100,1,2024-08-15T19:22:09.000Z
"8/15/2024, 3:27:09 PM",3.665,90.9,100,1,2024-08-15T19:27:09.000Z
"8/15/2024, 3:32:09 PM",3.665,91,100,1,2024-08-15T19:32:09.000Z
"8/15/2024, 3:37:09 PM",3.665,91.2,100,1,2024-08-15T19:37:09.000Z
"8/15/2024, 3:42:09 PM",3.665,91.2,100,1,2024-08-15T19:42:09.000Z
"8/15/2024, 3:47:09 PM",3.665,91.2,100,1,2024-08-15T19:47:09.000Z
"8/15/2024, 3:52:09 PM",3.665,91.2,100,0,2024-08-15T19:52:09.000Z
"8/15/2024, 3:57:09 PM",3.664,91.2,100,0,2024-08-15T19:57:09.000Z
"8/15/2024, 4:02:09 PM",3.664,91,100,0,2024-08-15T20:02:09.000Z
"8/15/2024, 4:07:09 PM",3.665,91,100,0,2024-08-15T20:07:09.000Z
"8/15/2024, 4:12:09 PM",3.665,91,100,0,2024-08-15T20:12:09.000Z
"8/15/2024, 4:17:09 PM",3.665,90.9,100,0,2024-08-15T20:17:09.000Z
"8/15/2024, 4:22:09 PM",3.664,90.9,100,0,2024-08-15T20:22:09.000Z
"8/15/2024, 4:27:09 PM",3.665,90.7,100,0,2024-08-15T20:27:09.000Z
"8/15/2024, 4:32:09 PM",3.665,90.7,100,0,2024-08-15T20:32:09.000Z
"8/15/2024, 4:37:09 PM",3.665,90.5,100,0,2024-08-15T20:37:09.000Z
"8/15/2024, 4:42:09 PM",3.665,90.3,100,0,2024-08-15T20:42:09.000Z
"8/15/2024, 4:47:09 PM",3.665,90.3,100,0,2024-08-15T20:47:09.000Z
"8/15/2024, 4:52:09 PM",3.665,90.3,100,0,2024-08-15T20:52:09.000Z
"8/15/2024, 4:57:09 PM",3.665,90.3,100,0,2024-08-15T20:57:09.000Z
"8/15/2024, 5:02:09 PM",3.665,90.7,100,0,2024-08-15T21:02:09.000Z
"8/15/2024, 5:07:09 PM",3.665,91.2,100,0,2024-08-15T21:07:09.000Z
"8/15/2024, 5:12:09 PM",3.665,91.9,100,0,2024-08-15T21:12:09.000Z
"8/15/2024, 5:17:09 PM",3.665,92.3,100,0,2024-08-15T21:17:09.000Z
"8/15/2024, 5:22:09 PM",3.664,92.7,100,0,2024-08-15T21:22:09.000Z
"8/15/2024, 5:27:09 PM",3.665,93,100,0,2024-08-15T21:27:09.000Z
"8/15/2024, 5:32:09 PM",3.664,93.7,100,0,2024-08-15T21:32:09.000Z
"8/15/2024, 5:37:09 PM",3.664,94.3,100,0,2024-08-15T21:37:09.000Z
"8/15/2024, 5:42:09 PM",3.664,94.8,100,0,2024-08-15T21:42:09.000Z
"8/15/2024, 5:47:09 PM",3.664,95.2,100,0,2024-08-15T21:47:09.000Z
"8/15/2024, 5:52:09 PM",3.664,95.5,100,0,2024-08-15T21:52:09.000Z
"8/15/2024, 5:57:09 PM",3.664,95.9,100,0,2024-08-15T21:57:09.000Z
"8/15/2024, 6:02:09 PM",3.664,95.9,100,0,2024-08-15T22:02:09.000Z
"8/15/2024, 6:07:09 PM",3.664,96.3,100,0,2024-08-15T22:07:09.000Z
"8/15/2024, 6:12:09 PM",3.664,95.9,100,0,2024-08-15T22:12:09.000Z
"8/15/2024, 6:17:09 PM",3.664,95.5,100,0,2024-08-15T22:17:09.000Z
"8/15/2024, 6:22:09 PM",3.664,95.2,100,0,2024-08-15T22:22:09.000Z
"8/15/2024, 6:27:09 PM",3.664,94.6,100,0,2024-08-15T22:27:09.000Z
"8/15/2024, 6:32:09 PM",3.664,94.3,100,0,2024-08-15T22:32:09.000Z
"8/15/2024, 6:37:09 PM",3.664,93.9,100,0,2024-08-15T22:37:09.000Z
"8/15/2024, 6:42:09 PM",3.664,93.6,100,0,2024-08-15T22:42:09.000Z
"8/15/2024, 6:47:09 PM",3.665,93.2,100,0,2024-08-15T22:47:09.000Z
"8/15/2024, 6:52:09 PM",3.664,92.8,100,0,2024-08-15T22:52:09.000Z
"8/15/2024, 6:57:09 PM",3.664,92.5,100,0,2024-08-15T22:57:09.000Z
"8/15/2024, 7:02:09 PM",3.665,92.1,100,0,2024-08-15T23:02:09.000Z
"8/15/2024, 7:07:09 PM",3.665,91.8,100,0,2024-08-15T23:07:09.000Z
"8/15/2024, 7:12:09 PM",3.665,91.4,100,0,2024-08-15T23:12:09.000Z
"8/15/2024, 7:17:09 PM",3.665,91,100,0,2024-08-15T23:17:09.000Z
"8/15/2024, 7:22:09 PM",3.665,90.7,100,0,2024-08-15T23:22:09.000Z
"8/15/2024, 7:27:09 PM",3.665,90.3,100,0,2024-08-15T23:27:09.000Z
"8/15/2024, 7:32:09 PM",3.665,90.1,100,0,2024-08-15T23:32:09.000Z
"8/15/2024, 7:37:09 PM",3.665,89.8,100,0,2024-08-15T23:37:09.000Z
"8/15/2024, 7:42:09 PM",3.665,89.6,100,0,2024-08-15T23:42:09.000Z
"8/15/2024, 7:47:09 PM",3.665,89.2,100,0,2024-08-15T23:47:09.000Z
"8/15/2024, 7:52:09 PM",3.665,89.1,100,0,2024-08-15T23:52:09.000Z
"8/15/2024, 7:57:09 PM",3.665,88.9,100,0,2024-08-15T23:57:09.000Z
"8/15/2024, 8:02:09 PM",3.665,88.9,100,0,2024-08-16T00:02:09.000Z
"8/15/2024, 8:07:09 PM",3.665,88.5,100,0,2024-08-16T00:07:09.000Z
"8/15/2024, 8:12:09 PM",3.665,88.3,100,0,2024-08-16T00:12:09.000Z
"8/15/2024, 8:17:09 PM",3.666,88.2,100,0,2024-08-16T00:17:09.000Z
"8/15/2024, 8:22:09 PM",3.665,88.2,100,0,2024-08-16T00:22:09.000Z
"8/15/2024, 8:27:09 PM",3.665,88,100,0,2024-08-16T00:27:09.000Z
"8/15/2024, 8:32:09 PM",3.665,87.8,100,0,2024-08-16T00:32:09.000Z
"8/15/2024, 8:37:09 PM",3.666,87.8,100,0,2024-08-16T00:37:09.000Z
"8/15/2024, 8:42:09 PM",3.666,87.6,100,0,2024-08-16T00:42:09.000Z
"8/15/2024, 8:47:09 PM",3.666,87.4,100,0,2024-08-16T00:47:09.000Z
"8/15/2024, 8:52:09 PM",3.665,87.3,100,0,2024-08-16T00:52:09.000Z
"8/15/2024, 8:57:09 PM",3.666,86.9,100,0,2024-08-16T00:57:09.000Z
"8/15/2024, 9:02:09 PM",3.665,86.7,100,0,2024-08-16T01:02:09.000Z
"8/15/2024, 9:07:09 PM",3.665,86.4,100,0,2024-08-16T01:07:09.000Z
"8/15/2024, 9:12:09 PM",3.666,86,100,1,2024-08-16T01:12:09.000Z
"8/15/2024, 9:17:09 PM",3.666,85.6,100,0,2024-08-16T01:17:09.000Z
"8/15/2024, 9:22:09 PM",3.666,85.3,100,0,2024-08-16T01:22:09.000Z
"8/15/2024, 9:27:09 PM",3.666,84.9,100,1,2024-08-16T01:27:09.000Z
"8/15/2024, 9:32:09 PM",3.666,84.6,100,1,2024-08-16T01:32:09.000Z
"8/15/2024, 9:37:09 PM",3.666,84.4,100,1,2024-08-16T01:37:09.000Z
"8/15/2024, 9:42:09 PM",3.666,84.2,100,1,2024-08-16T01:42:09.000Z
"8/15/2024, 9:47:09 PM",3.666,84,100,1,2024-08-16T01:47:09.000Z
"8/15/2024, 9:52:09 PM",3.666,84,100,1,2024-08-16T01:52:09.000Z
"8/15/2024, 9:57:09 PM",3.666,83.8,100,1,2024-08-16T01:57:09.000Z
"8/15/2024, 10:02:09 PM",3.666,83.7,100,1,2024-08-16T02:02:09.000Z
"8/15/2024, 10:07:09 PM",3.666,83.5,100,1,2024-08-16T02:07:09.000Z
"8/15/2024, 10:12:09 PM",3.666,83.3,100,1,2024-08-16T02:12:09.000Z
"8/15/2024, 10:17:09 PM",3.666,83.3,100,1,2024-08-16T02:17:09.000Z
"8/15/2024, 10:22:09 PM",3.666,83.3,100,2,2024-08-16T02:22:09.000Z
"8/15/2024, 10:27:09 PM",3.666,83.1,100,2,2024-08-16T02:27:09.000Z
"8/15/2024, 10:32:09 PM",3.666,83.1,100,2,2024-08-16T02:32:09.000Z
"8/15/2024, 10:37:09 PM",3.666,83.1,100,2,2024-08-16T02:37:09.000Z
"8/15/2024, 10:42:09 PM",3.666,83.1,100,3,2024-08-16T02:42:09.000Z
"8/15/2024, 10:47:09 PM",3.666,83.3,100,3,2024-08-16T02:47:09.000Z
"8/15/2024, 10:52:09 PM",3.666,83.3,100,4,2024-08-16T02:52:09.000Z
"8/15/2024, 10:57:09 PM",3.666,83.3,100,5,2024-08-16T02:57:09.000Z
"8/15/2024, 11:02:09 PM",3.666,83.3,100,6,2024-08-16T03:02:09.000Z
"8/15/2024, 11:07:09 PM",3.666,83.3,100,7,2024-08-16T03:07:09.000Z
"8/15/2024, 11:12:09 PM",3.666,83.5,100,6,2024-08-16T03:12:09.000Z
"8/15/2024, 11:17:09 PM",3.666,83.5,100,6,2024-08-16T03:17:09.000Z
"8/15/2024, 11:22:09 PM",3.666,83.7,100,6,2024-08-16T03:22:09.000Z
"8/15/2024, 11:27:09 PM",3.666,83.8,100,5,2024-08-16T03:27:09.000Z
"8/15/2024, 11:32:09 PM",3.666,84,100,4,2024-08-16T03:32:09.000Z
"8/15/2024, 11:37:09 PM",3.666,84,100,4,2024-08-16T03:37:09.000Z
"8/15/2024, 11:42:09 PM",3.666,84.2,100,4,2024-08-16T03:42:09.000Z
"8/15/2024, 11:47:09 PM",3.666,84.4,100,4,2024-08-16T03:47:09.000Z
"8/15/2024, 11:52:09 PM",3.666,84.4,100,4,2024-08-16T03:52:09.000Z
"8/15/2024, 11:57:09 PM",3.666,84.4,100,5,2024-08-16T03:57:09.000Z
"8/16/2024, 12:02:09 AM",3.666,84.4,100,5,2024-08-16T04:02:09.000Z
"8/16/2024, 12:07:09 AM",3.666,84.4,100,5,2024-08-16T04:07:09.000Z
"8/16/2024, 12:12:09 AM",3.666,84.6,100,5,2024-08-16T04:12:09.000Z
"8/16/2024, 12:17:09 AM",3.666,84.6,100,4,2024-08-16T04:17:09.000Z
"8/16/2024, 12:22:09 AM",3.666,84.7,100,4,2024-08-16T04:22:09.000Z
"8/16/2024, 12:27:09 AM",3.666,84.7,100,4,2024-08-16T04:27:09.000Z
"8/16/2024, 12:32:09 AM",3.665,84.7,100,3,2024-08-16T04:32:09.000Z
"8/16/2024, 12:37:09 AM",3.666,84.7,100,3,2024-08-16T04:37:09.000Z
"8/16/2024, 12:42:09 AM",3.665,84.7,100,3,2024-08-16T04:42:09.000Z
"8/16/2024, 12:47:09 AM",3.665,84.7,100,3,2024-08-16T04:47:09.000Z
"8/16/2024, 12:52:09 AM",3.666,84.7,100,3,2024-08-16T04:52:09.000Z
"8/16/2024, 12:57:09 AM",3.666,84.7,100,3,2024-08-16T04:57:09.000Z
"8/16/2024, 1:02:09 AM",3.666,84.7,100,3,2024-08-16T05:02:09.000Z
"8/16/2024, 1:07:09 AM",3.666,84.7,100,2,2024-08-16T05:07:09.000Z
"8/16/2024, 1:12:09 AM",3.666,84.7,100,2,2024-08-16T05:12:09.000Z
"8/16/2024, 1:17:09 AM",3.666,84.7,100,2,2024-08-16T05:17:09.000Z
"8/16/2024, 1:22:09 AM",3.666,84.9,100,2,2024-08-16T05:22:09.000Z
"8/16/2024, 1:27:09 AM",3.666,84.7,100,2,2024-08-16T05:27:09.000Z
"8/16/2024, 1:32:09 AM",3.666,84.7,100,2,2024-08-16T05:32:09.000Z
"8/16/2024, 1:37:09 AM",3.666,84.7,100,1,2024-08-16T05:37:09.000Z
"8/16/2024, 1:42:09 AM",3.666,84.6,100,1,2024-08-16T05:42:09.000Z
"8/16/2024, 1:47:09 AM",3.666,84.6,100,1,2024-08-16T05:47:09.000Z
"8/16/2024, 1:52:09 AM",3.666,84.6,100,1,2024-08-16T05:52:09.000Z
"8/16/2024, 1:57:09 AM",3.665,84.4,100,1,2024-08-16T05:57:09.000Z
"8/16/2024, 2:02:09 AM",3.666,84.4,100,1,2024-08-16T06:02:09.000Z
"8/16/2024, 2:07:09 AM",3.666,84.4,100,1,2024-08-16T06:07:09.000Z
"8/16/2024, 2:12:09 AM",3.666,84.2,100,1,2024-08-16T06:12:09.000Z
"8/16/2024, 2:17:09 AM",3.666,84,100,1,2024-08-16T06:17:09.000Z
"8/16/2024, 2:22:09 AM",3.666,84,100,1,2024-08-16T06:22:09.000Z
"8/16/2024, 2:27:09 AM",3.666,84,100,1,2024-08-16T06:27:09.000Z
"8/16/2024, 2:32:09 AM",3.666,84,100,1,2024-08-16T06:32:09.000Z
"8/16/2024, 2:37:09 AM",3.666,83.8,100,1,2024-08-16T06:37:09.000Z
"8/16/2024, 2:42:09 AM",3.666,83.8,100,1,2024-08-16T06:42:09.000Z
"8/16/2024, 2:47:09 AM",3.666,83.7,100,1,2024-08-16T06:47:09.000Z
"8/16/2024, 2:52:09 AM",3.666,83.7,100,1,2024-08-16T06:52:09.000Z
"8/16/2024, 2:57:09 AM",3.666,83.5,100,1,2024-08-16T06:57:09.000Z
"8/16/2024, 3:02:09 AM",3.666,83.3,100,0,2024-08-16T07:02:09.000Z
"8/16/2024, 3:07:09 AM",3.666,82.9,100,0,2024-08-16T07:07:09.000Z
"8/16/2024, 3:12:09 AM",3.666,82.8,100,0,2024-08-16T07:12:09.000Z
"8/16/2024, 3:17:09 AM",3.666,82.4,100,0,2024-08-16T07:17:09.000Z
"8/16/2024, 3:22:09 AM",3.666,82.2,100,0,2024-08-16T07:22:09.000Z
"8/16/2024, 3:27:09 AM",3.666,82.2,100,0,2024-08-16T07:27:09.000Z
"8/16/2024, 3:32:09 AM",3.666,82,100,0,2024-08-16T07:32:09.000Z
"8/16/2024, 3:37:09 AM",3.666,82,100,0,2024-08-16T07:37:09.000Z
"8/16/2024, 3:42:09 AM",3.666,82,100,0,2024-08-16T07:42:09.000Z
"8/16/2024, 3:47:09 AM",3.666,82,100,1,2024-08-16T07:47:09.000Z
"8/16/2024, 3:52:09 AM",3.666,82,100,0,2024-08-16T07:52:09.000Z
"8/16/2024, 3:57:09 AM",3.666,82,100,0,2024-08-16T07:57:09.000Z
"8/16/2024, 4:02:09 AM",3.666,82,100,0,2024-08-16T08:02:09.000Z
"8/16/2024, 4:07:09 AM",3.666,82.2,100,0,2024-08-16T08:07:09.000Z
"8/16/2024, 4:12:09 AM",3.666,82.2,100,0,2024-08-16T08:12:09.000Z
"8/16/2024, 4:17:09 AM",3.666,82.2,100,0,2024-08-16T08:17:09.000Z
"8/16/2024, 4:22:09 AM",3.666,82.2,100,0,2024-08-16T08:22:09.000Z
"8/16/2024, 4:27:09 AM",3.666,82.2,100,0,2024-08-16T08:27:09.000Z
"8/16/2024, 4:32:09 AM",3.666,82,100,0,2024-08-16T08:32:09.000Z
"8/16/2024, 4:37:09 AM",3.666,82,100,0,2024-08-16T08:37:09.000Z
"8/16/2024, 4:42:09 AM",3.666,82,100,0,2024-08-16T08:42:09.000Z
"8/16/2024, 4:47:09 AM",3.666,81.9,100,0,2024-08-16T08:47:09.000Z
"8/16/2024, 4:52:09 AM",3.666,81.9,100,0,2024-08-16T08:52:09.000Z
"8/16/2024, 4:57:09 AM",3.666,81.9,100,0,2024-08-16T08:57:09.000Z
"8/16/2024, 5:02:09 AM",3.666,81.9,100,0,2024-08-16T09:02:09.000Z
"8/16/2024, 5:07:09 AM",3.666,81.7,100,0,2024-08-16T09:07:09.000Z
"8/16/2024, 5:12:09 AM",3.666,81.7,100,0,2024-08-16T09:12:09.000Z
"8/16/2024, 5:17:09 AM",3.666,81.7,100,0,2024-08-16T09:17:09.000Z
"8/16/2024, 5:22:09 AM",3.666,81.7,100,0,2024-08-16T09:22:09.000Z
"8/16/2024, 5:27:09 AM",3.666,81.7,100,0,2024-08-16T09:27:09.000Z
"8/16/2024, 5:32:09 AM",3.666,81.7,100,0,2024-08-16T09:32:09.000Z
"8/16/2024, 5:37:09 AM",3.666,81.7,100,0,2024-08-16T09:37:09.000Z
"8/16/2024, 5:42:09 AM",3.666,81.7,100,0,2024-08-16T09:42:09.000Z
"8/16/2024, 5:47:09 AM",3.666,81.7,100,0,2024-08-16T09:47:09.000Z
"8/16/2024, 5:52:09 AM",3.666,81.9,100,0,2024-08-16T09:52:09.000Z
"8/16/2024, 5:57:09 AM",3.666,81.9,100,0,2024-08-16T09:57:09.000Z
"8/16/2024, 6:02:09 AM",3.665,81.7,100,0,2024-08-16T10:02:09.000Z
"8/16/2024, 6:07:09 AM",3.666,81.7,100,0,2024-08-16T10:07:09.000Z
"8/16/2024, 6:12:09 AM",3.666,81.7,100,0,2024-08-16T10:12:09.000Z
"8/16/2024, 6:17:09 AM",3.666,81.7,100,0,2024-08-16T10:17:09.000Z
"8/16/2024, 6:22:09 AM",3.666,81.9,100,0,2024-08-16T10:22:09.000Z
"8/16/2024, 6:27:09 AM",3.666,81.9,100,0,2024-08-16T10:27:09.000Z
"8/16/2024, 6:32:09 AM",3.666,81.9,100,0,2024-08-16T10:32:09.000Z
"8/16/2024, 6:37:09 AM",3.666,81.7,100,0,2024-08-16T10:37:09.000Z
"8/16/2024, 6:42:09 AM",3.666,81.7,100,0,2024-08-16T10:42:09.000Z
"8/16/2024, 6:47:09 AM",3.666,81.7,100,0,2024-08-16T10:47:09.000Z
"8/16/2024, 6:52:09 AM",3.666,81.5,100,0,2024-08-16T10:52:09.000Z
"8/16/2024, 6:57:09 AM",3.666,81.3,100,0,2024-08-16T10:57:09.000Z
"8/16/2024, 7:02:09 AM",3.666,81.3,100,0,2024-08-16T11:02:09.000Z
"8/16/2024, 7:07:09 AM",3.666,81.1,100,0,2024-08-16T11:07:09.000Z
"8/16/2024, 7:12:09 AM",3.666,81.1,100,0,2024-08-16T11:12:09.000Z
"8/16/2024, 7:17:09 AM",3.666,81.1,100,0,2024-08-16T11:17:09.000Z
"8/16/2024, 7:22:09 AM",3.666,81,100,0,2024-08-16T11:22:09.000Z
"8/16/2024, 7:27:09 AM",3.666,81,100,0,2024-08-16T11:27:09.000Z
"8/16/2024, 7:32:09 AM",3.666,81,100,0,2024-08-16T11:32:09.000Z
"8/16/2024, 7:37:09 AM",3.666,80.8,100,0,2024-08-16T11:37:09.000Z
"8/16/2024, 7:42:09 AM",3.666,80.8,100,0,2024-08-16T11:42:09.000Z
"8/16/2024, 7:47:09 AM",3.666,80.8,100,0,2024-08-16T11:47:09.000Z
"8/16/2024, 7:52:09 AM",3.666,80.6,100,0,2024-08-16T11:52:09.000Z
"8/16/2024, 7:57:09 AM",3.666,80.6,100,0,2024-08-16T11:57:09.000Z
"8/16/2024, 8:02:09 AM",3.666,80.6,100,0,2024-08-16T12:02:09.000Z
"8/16/2024, 8:07:09 AM",3.667,80.6,100,0,2024-08-16T12:07:09.000Z
"8/16/2024, 8:12:09 AM",3.666,80.4,100,0,2024-08-16T12:12:09.000Z
"8/16/2024, 8:17:09 AM",3.666,80.4,100,0,2024-08-16T12:17:09.000Z
"8/16/2024, 8:22:09 AM",3.666,80.4,100,0,2024-08-16T12:22:09.000Z
"8/16/2024, 8:27:09 AM",3.666,80.4,100,0,2024-08-16T12:27:09.000Z
"8/16/2024, 8:32:09 AM",3.666,80.4,100,0,2024-08-16T12:32:09.000Z
"8/16/2024, 8:37:09 AM",3.666,80.4,100,0,2024-08-16T12:37:09.000Z
"8/16/2024, 8:42:09 AM",3.666,80.6,100,0,2024-08-16T12:42:09.000Z
"8/16/2024, 8:47:09 AM",3.666,80.6,100,0,2024-08-16T12:47:09.000Z
"8/16/2024, 8:52:09 AM",3.666,80.6,100,0,2024-08-16T12:52:09.000Z
"8/16/2024, 8:57:09 AM",3.666,80.8,100,0,2024-08-16T12:57:09.000Z
"8/16/2024, 9:02:09 AM",3.666,81,100,0,2024-08-16T13:02:09.000Z
"8/16/2024, 9:07:09 AM",3.666,81.1,100,0,2024-08-16T13:07:09.000Z
"8/16/2024, 9:12:09 AM",3.666,81.5,100,0,2024-08-16T13:12:09.000Z
"8/16/2024, 9:17:09 AM",3.667,81.5,100,0,2024-08-16T13:17:09.000Z
"8/16/2024, 9:22:09 AM",3.666,81.9,100,0,2024-08-16T13:22:09.000Z
"8/16/2024, 9:27:09 AM",3.666,81.9,100,0,2024-08-16T13:27:09.000Z
"8/16/2024, 9:32:09 AM",3.666,82.2,100,0,2024-08-16T13:32:09.000Z
"8/16/2024, 9:37:09 AM",3.666,82.2,100,0,2024-08-16T13:37:09.000Z
"8/16/2024, 9:42:09 AM",3.666,82.2,100,0,2024-08-16T13:42:09.000Z
"8/16/2024, 9:47:09 AM",3.666,82.2,100,0,2024-08-16T13:47:09.000Z
"8/16/2024, 9:52:09 AM",3.666,82.2,100,0,2024-08-16T13:52:09.000Z
"8/16/2024, 9:57:09 AM",3.666,82,100,0,2024-08-16T13:57:09.000Z
"8/16/2024, 10:02:09 AM",3.666,82,100,0,2024-08-16T14:02:09.000Z
"8/16/2024, 10:07:09 AM",3.666,82,100,0,2024-08-16T14:07:09.000Z
"8/16/2024, 10:12:09 AM",3.666,82.2,100,0,2024-08-16T14:12:09.000Z
"8/16/2024, 10:17:09 AM",3.666,82.2,100,0,2024-08-16T14:17:09.000Z
"8/16/2024, 10:22:09 AM",3.666,82.2,100,0,2024-08-16T14:22:09.000Z
"8/16/2024, 10:27:09 AM",3.666,82.2,100,0,2024-08-16T14:27:09.000Z
"8/16/2024, 10:32:09 AM",3.666,82.2,100,0,2024-08-16T14:32:09.000Z
"8/16/2024, 10:37:09 AM",3.666,82.2,100,0,2024-08-16T14:37:09.000Z
"8/16/2024, 10:42:09 AM",3.666,82.2,100,0,2024-08-16T14:42:09.000Z
"8/16/2024, 10:47:09 AM",3.666,82.2,100,0,2024-08-16T14:47:09.000Z
"8/16/2024, 10:52:09 AM",3.666,82.2,100,0,2024-08-16T14:52:09.000Z
"8/16/2024, 10:57:09 AM",3.665,82.2,100,0,2024-08-16T14:57:09.000Z
"8/16/2024, 11:02:09 AM",3.666,82.2,100,0,2024-08-16T15:02:09.000Z
"8/16/2024, 11:07:09 AM",3.666,82.2,100,0,2024-08-16T15:07:09.000Z
"8/16/2024, 11:12:09 AM",3.666,82.4,100,0,2024-08-16T15:12:09.000Z
"8/16/2024, 11:17:09 AM",3.666,82.8,100,0,2024-08-16T15:17:09.000Z
"8/16/2024, 11:22:09 AM",3.666,83.1,100,0,2024-08-16T15:22:09.000Z
"8/16/2024, 11:27:09 AM",3.666,83.7,100,0,2024-08-16T15:27:09.000Z
"8/16/2024, 11:32:09 AM",3.666,84.2,100,0,2024-08-16T15:32:09.000Z
"8/16/2024, 11:37:09 AM",3.665,84.9,100,0,2024-08-16T15:37:09.000Z
"8/16/2024, 11:42:09 AM",3.665,85.6,100,0,2024-08-16T15:42:09.000Z
"8/16/2024, 11:47:09 AM",3.665,86.4,100,0,2024-08-16T15:47:09.000Z
"8/16/2024, 11:52:09 AM",3.665,86.9,100,0,2024-08-16T15:52:09.000Z
"8/16/2024, 11:57:09 AM",3.665,87.6,100,0,2024-08-16T15:57:09.000Z
"8/16/2024, 12:02:09 PM",3.665,88.3,100,0,2024-08-16T16:02:09.000Z
"8/16/2024, 12:07:09 PM",3.665,88.9,100,0,2024-08-16T16:07:09.000Z
"8/16/2024, 12:12:09 PM",3.665,89.6,100,0,2024-08-16T16:12:09.000Z
"8/16/2024, 12:17:09 PM",3.665,89.8,100,0,2024-08-16T16:17:09.000Z
"8/16/2024, 12:22:09 PM",3.665,90.1,100,0,2024-08-16T16:22:09.000Z
"8/16/2024, 12:27:09 PM",3.665,90.5,100,0,2024-08-16T16:27:09.000Z
"8/16/2024, 12:32:09 PM",3.664,91,100,0,2024-08-16T16:32:09.000Z
"8/16/2024, 12:37:09 PM",3.665,91.4,100,0,2024-08-16T16:37:09.000Z
"8/16/2024, 12:42:09 PM",3.664,91.8,100,0,2024-08-16T16:42:09.000Z
"8/16/2024, 12:47:09 PM",3.665,92.3,100,0,2024-08-16T16:47:09.000Z
"8/16/2024, 12:52:09 PM",3.664,92.7,100,0,2024-08-16T16:52:09.000Z
"8/16/2024, 12:57:09 PM",3.664,93.2,100,0,2024-08-16T16:57:09.000Z
"8/16/2024, 1:02:09 PM",3.664,93.9,100,0,2024-08-16T17:02:09.000Z
"8/16/2024, 1:07:09 PM",3.664,94.3,100,0,2024-08-16T17:07:09.000Z
"8/16/2024, 1:12:09 PM",3.664,94.8,100,0,2024-08-16T17:12:09.000Z
"8/16/2024, 1:17:09 PM",3.663,95.2,100,0,2024-08-16T17:17:09.000Z
"8/16/2024, 1:22:09 PM",3.664,95.5,100,0,2024-08-16T17:22:09.000Z
"8/16/2024, 1:27:09 PM",3.663,95.7,100,0,2024-08-16T17:27:09.000Z
"8/16/2024, 1:32:09 PM",3.664,95.5,100,0,2024-08-16T17:32:09.000Z
"8/16/2024, 1:37:09 PM",3.663,95.7,100,0,2024-08-16T17:37:09.000Z
"8/16/2024, 1:42:09 PM",3.663,95.7,100,0,2024-08-16T17:42:09.000Z
"8/16/2024, 1:47:09 PM",3.663,95.7,100,0,2024-08-16T17:47:09.000Z
"8/16/2024, 1:52:09 PM",3.663,95.7,100,0,2024-08-16T17:52:09.000Z
"8/16/2024, 1:57:09 PM",3.663,95.7,100,0,2024-08-16T17:57:09.000Z
"8/16/2024, 2:02:09 PM",3.664,95.5,100,0,2024-08-16T18:02:09.000Z
"8/16/2024, 2:07:09 PM",3.663,95.5,100,0,2024-08-16T18:07:09.000Z
"8/16/2024, 2:12:09 PM",3.663,95.5,100,0,2024-08-16T18:12:09.000Z
"8/16/2024, 2:17:09 PM",3.664,95.4,100,0,2024-08-16T18:17:09.000Z
"8/16/2024, 2:22:09 PM",3.663,95.5,100,0,2024-08-16T18:22:09.000Z
"8/16/2024, 2:27:09 PM",3.663,95.7,100,0,2024-08-16T18:27:09.000Z
"8/16/2024, 2:32:09 PM",3.663,95.9,100,0,2024-08-16T18:32:09.000Z
"8/16/2024, 2:37:09 PM",3.664,95.9,100,0,2024-08-16T18:37:09.000Z
"8/16/2024, 2:42:09 PM",3.663,95.9,100,0,2024-08-16T18:42:09.000Z
"8/16/2024, 2:47:09 PM",3.663,96.1,100,0,2024-08-16T18:47:09.000Z
"8/16/2024, 2:52:09 PM",3.663,96.4,100,0,2024-08-16T18:52:09.000Z
"8/16/2024, 2:57:09 PM",3.663,96.6,100,0,2024-08-16T18:57:09.000Z
"8/16/2024, 3:02:09 PM",3.663,96.8,100,0,2024-08-16T19:02:09.000Z
"8/16/2024, 3:07:09 PM",3.663,96.8,100,0,2024-08-16T19:07:09.000Z
"8/16/2024, 3:12:09 PM",3.663,97,100,0,2024-08-16T19:12:09.000Z
"8/16/2024, 3:17:09 PM",3.663,97.5,100,0,2024-08-16T19:17:09.000Z
"8/16/2024, 3:22:09 PM",3.663,98.1,100,0,2024-08-16T19:22:09.000Z
"8/16/2024, 3:27:09 PM",3.663,98.2,100,0,2024-08-16T19:27:09.000Z
"8/16/2024, 3:32:09 PM",3.663,98.4,100,0,2024-08-16T19:32:09.000Z
"8/16/2024, 3:37:09 PM",3.663,99,100,0,2024-08-16T19:37:09.000Z
"8/16/2024, 3:42:09 PM",3.663,98.6,100,0,2024-08-16T19:42:09.000Z
"8/16/2024, 3:47:09 PM",3.663,98.6,100,0,2024-08-16T19:47:09.000Z
"8/16/2024, 3:52:09 PM",3.663,98.8,100,0,2024-08-16T19:52:09.000Z
"8/16/2024, 3:57:09 PM",3.663,99,100,0,2024-08-16T19:57:09.000Z
"8/16/2024, 4:02:09 PM",3.663,99.1,100,0,2024-08-16T20:02:09.000Z
"8/16/2024, 4:07:09 PM",3.663,99.9,100,0,2024-08-16T20:07:09.000Z
"8/16/2024, 4:12:09 PM",3.663,100.4,100,0,2024-08-16T20:12:09.000Z
"8/16/2024, 4:17:09 PM",3.663,100.8,100,0,2024-08-16T20:17:09.000Z
"8/16/2024, 4:22:09 PM",3.662,101.1,100,0,2024-08-16T20:22:09.000Z
"8/16/2024, 4:27:09 PM",3.662,101.1,100,0,2024-08-16T20:27:09.000Z
"8/16/2024, 4:32:09 PM",3.663,101.1,100,0,2024-08-16T20:32:09.000Z
"8/16/2024, 4:37:09 PM",3.662,100.9,100,0,2024-08-16T20:37:09.000Z
"8/16/2024, 4:42:09 PM",3.663,101.1,100,0,2024-08-16T20:42:09.000Z
"8/16/2024, 4:47:09 PM",3.663,101.5,100,0,2024-08-16T20:47:09.000Z
"8/16/2024, 4:52:09 PM",3.663,101.1,100,0,2024-08-16T20:52:09.000Z
"8/16/2024, 4:57:09 PM",3.662,100.8,100,0,2024-08-16T20:57:09.000Z
"8/16/2024, 5:02:09 PM",3.662,100.6,100,0,2024-08-16T21:02:09.000Z
"8/16/2024, 5:07:09 PM",3.663,100.6,100,0,2024-08-16T21:07:09.000Z
"8/16/2024, 5:12:09 PM",3.662,100.4,100,0,2024-08-16T21:12:09.000Z
"8/16/2024, 5:17:09 PM",3.662,100.2,100,0,2024-08-16T21:17:09.000Z
"8/16/2024, 5:22:09 PM",3.663,100.4,100,0,2024-08-16T21:22:09.000Z
"8/16/2024, 5:27:09 PM",3.663,100,100,0,2024-08-16T21:27:09.000Z
"8/16/2024, 5:32:09 PM",3.663,99.7,100,0,2024-08-16T21:32:09.000Z
"8/16/2024, 5:37:09 PM",3.663,99.9,100,0,2024-08-16T21:37:09.000Z
"8/16/2024, 5:42:09 PM",3.663,99.5,99.9,0,2024-08-16T21:42:09.000Z
"8/16/2024, 5:47:09 PM",3.663,99,99.8,0,2024-08-16T21:47:09.000Z
"8/16/2024, 5:52:09 PM",3.663,98.4,99.7,0,2024-08-16T21:52:09.000Z
"8/16/2024, 5:57:09 PM",3.663,98.8,99.8,0,2024-08-16T21:57:09.000Z
"8/16/2024, 6:02:09 PM",3.663,99,100,0,2024-08-16T22:02:09.000Z
"8/16/2024, 6:07:09 PM",3.663,98.6,100,0,2024-08-16T22:07:09.000Z
"8/16/2024, 6:12:09 PM",3.663,98.6,100,0,2024-08-16T22:12:09.000Z
"8/16/2024, 6:17:09 PM",3.663,98.1,99.9,0,2024-08-16T22:17:09.000Z
"8/16/2024, 6:22:09 PM",3.663,97.3,99.6,0,2024-08-16T22:22:09.000Z
"8/16/2024, 6:27:09 PM",3.663,97.3,99.3,0,2024-08-16T22:27:09.000Z
"8/16/2024, 6:32:09 PM",3.663,97.3,99.3,0,2024-08-16T22:32:09.000Z
"8/16/2024, 6:37:09 PM",3.664,97.2,99.1,0,2024-08-16T22:37:09.000Z
"8/16/2024, 6:42:09 PM",3.664,96.8,99.1,0,2024-08-16T22:42:09.000Z
"8/16/2024, 6:47:09 PM",3.664,96.4,99,0,2024-08-16T22:47:09.000Z
"8/16/2024, 6:52:09 PM",3.664,95.9,99,0,2024-08-16T22:52:09.000Z
"8/16/2024, 6:57:09 PM",3.664,95.4,98.9,0,2024-08-16T22:57:09.000Z
"8/16/2024, 7:02:09 PM",3.664,95,99,0,2024-08-16T23:02:09.000Z
"8/16/2024, 7:07:09 PM",3.664,94.5,99.1,0,2024-08-16T23:07:09.000Z
"8/16/2024, 7:12:09 PM",3.664,94.1,99.2,0,2024-08-16T23:12:09.000Z
"8/16/2024, 7:17:09 PM",3.664,93.7,99.4,0,2024-08-16T23:17:09.000Z
"8/16/2024, 7:22:09 PM",3.664,93.2,99.7,0,2024-08-16T23:22:09.000Z
"8/16/2024, 7:27:09 PM",3.664,92.8,99.8,0,2024-08-16T23:27:09.000Z
"8/16/2024, 7:32:09 PM",3.664,92.3,100,0,2024-08-16T23:32:09.000Z
"8/16/2024, 7:37:09 PM",3.665,91.9,100,0,2024-08-16T23:37:09.000Z
"8/16/2024, 7:42:09 PM",3.665,91.6,100,0,2024-08-16T23:42:09.000Z
"8/16/2024, 7:47:09 PM",3.665,91.2,100,0,2024-08-16T23:47:09.000Z
"8/16/2024, 7:52:09 PM",3.665,90.9,100,0,2024-08-16T23:52:09.000Z
"8/16/2024, 7:57:09 PM",3.665,90.3,100,0,2024-08-16T23:57:09.000Z
"8/16/2024, 8:02:09 PM",3.665,90,100,0,2024-08-17T00:02:09.000Z
"8/16/2024, 8:07:09 PM",3.665,89.6,100,0,2024-08-17T00:07:09.000Z
"8/16/2024, 8:12:09 PM",3.665,89.2,100,0,2024-08-17T00:12:09.000Z
"8/16/2024, 8:17:09 PM",3.665,88.9,100,0,2024-08-17T00:17:09.000Z
"8/16/2024, 8:22:09 PM",3.665,88.5,100,0,2024-08-17T00:22:09.000Z
"8/16/2024, 8:27:09 PM",3.665,88.2,100,0,2024-08-17T00:27:09.000Z
"8/16/2024, 8:32:09 PM",3.665,87.8,100,0,2024-08-17T00:32:09.000Z
"8/16/2024, 8:37:09 PM",3.665,87.4,100,0,2024-08-17T00:37:09.000Z
"8/16/2024, 8:42:09 PM",3.665,87.3,100,0,2024-08-17T00:42:09.000Z
"8/16/2024, 8:47:09 PM",3.665,87.1,100,0,2024-08-17T00:47:09.000Z
"8/16/2024, 8:52:09 PM",3.665,86.7,100,0,2024-08-17T00:52:09.000Z
"8/16/2024, 8:57:09 PM",3.665,86.5,100,0,2024-08-17T00:57:09.000Z
"8/16/2024, 9:02:09 PM",3.665,86.4,100,1,2024-08-17T01:02:09.000Z
"8/16/2024, 9:07:09 PM",3.666,86.2,100,1,2024-08-17T01:07:09.000Z
"8/16/2024, 9:12:09 PM",3.665,86.2,100,1,2024-08-17T01:12:09.000Z
"8/16/2024, 9:17:09 PM",3.665,86,100,1,2024-08-17T01:17:09.000Z
"8/16/2024, 9:22:09 PM",3.666,85.8,100,1,2024-08-17T01:22:09.000Z
"8/16/2024, 9:27:09 PM",3.666,85.6,100,1,2024-08-17T01:27:09.000Z
"8/16/2024, 9:32:09 PM",3.665,85.6,100,0,2024-08-17T01:32:09.000Z
"8/16/2024, 9:37:09 PM",3.666,85.5,100,1,2024-08-17T01:37:09.000Z
"8/16/2024, 9:42:09 PM",3.666,85.3,100,1,2024-08-17T01:42:09.000Z
"8/16/2024, 9:47:09 PM",3.665,85.3,100,1,2024-08-17T01:47:09.000Z
"8/16/2024, 9:52:09 PM",3.666,85.1,100,1,2024-08-17T01:52:09.000Z
"8/16/2024, 9:57:09 PM",3.666,85.1,100,1,2024-08-17T01:57:09.000Z
"8/16/2024, 10:02:09 PM",3.666,85.1,100,2,2024-08-17T02:02:09.000Z
"8/16/2024, 10:07:09 PM",3.665,85.1,100,2,2024-08-17T02:07:09.000Z
"8/16/2024, 10:12:09 PM",3.666,84.9,100,3,2024-08-17T02:12:09.000Z
"8/16/2024, 10:17:09 PM",3.666,84.9,100,3,2024-08-17T02:17:09.000Z
"8/16/2024, 10:22:09 PM",3.666,84.9,100,3,2024-08-17T02:22:09.000Z
"8/16/2024, 10:27:09 PM",3.666,84.7,100,4,2024-08-17T02:27:09.000Z
"8/16/2024, 10:32:09 PM",3.666,84.7,100,6,2024-08-17T02:32:09.000Z
"8/16/2024, 10:37:09 PM",3.665,84.7,100,8,2024-08-17T02:37:09.000Z
"8/16/2024, 10:42:09 PM",3.666,84.6,100,10,2024-08-17T02:42:09.000Z
"8/16/2024, 10:47:09 PM",3.665,84.6,100,13,2024-08-17T02:47:09.000Z
"8/16/2024, 10:52:09 PM",3.666,84.6,100,16,2024-08-17T02:52:09.000Z
"8/16/2024, 10:57:09 PM",3.666,84.6,100,19,2024-08-17T02:57:09.000Z
"8/16/2024, 11:02:09 PM",3.666,84.6,100,23,2024-08-17T03:02:09.000Z
"8/16/2024, 11:07:09 PM",3.666,84.6,100,28,2024-08-17T03:07:09.000Z
"8/16/2024, 11:12:09 PM",3.666,84.7,100,33,2024-08-17T03:12:09.000Z
"8/16/2024, 11:17:09 PM",3.666,84.7,100,35,2024-08-17T03:17:09.000Z
"8/16/2024, 11:22:09 PM",3.666,84.7,100,29,2024-08-17T03:22:09.000Z
"8/16/2024, 11:27:09 PM",3.665,84.7,100,25,2024-08-17T03:27:09.000Z
"8/16/2024, 11:32:09 PM",3.666,84.7,100,22,2024-08-17T03:32:09.000Z
"8/16/2024, 11:37:09 PM",3.665,84.9,100,20,2024-08-17T03:37:09.000Z
"8/16/2024, 11:42:09 PM",3.666,84.9,100,18,2024-08-17T03:42:09.000Z
"8/16/2024, 11:47:09 PM",3.666,84.7,100,17,2024-08-17T03:47:09.000Z
"8/16/2024, 11:52:09 PM",3.666,84.7,100,17,2024-08-17T03:52:09.000Z
"8/16/2024, 11:57:09 PM",3.665,84.6,100,16,2024-08-17T03:57:09.000Z
"8/17/2024, 12:02:09 AM",3.666,84.6,100,16,2024-08-17T04:02:09.000Z
"8/17/2024, 12:07:09 AM",3.666,84.4,100,16,2024-08-17T04:07:09.000Z
"8/17/2024, 12:12:09 AM",3.666,84.4,100,15,2024-08-17T04:12:09.000Z
"8/17/2024, 12:17:09 AM",3.666,84.4,100,13,2024-08-17T04:17:09.000Z
"8/17/2024, 12:22:09 AM",3.666,84.2,100,12,2024-08-17T04:22:09.000Z
"8/17/2024, 12:27:09 AM",3.666,84.2,100,10,2024-08-17T04:27:09.000Z
"8/17/2024, 12:32:09 AM",3.666,84,100,9,2024-08-17T04:32:09.000Z
"8/17/2024, 12:37:09 AM",3.665,84,100,9,2024-08-17T04:37:09.000Z
"8/17/2024, 12:42:09 AM",3.666,84,100,8,2024-08-17T04:42:09.000Z
"8/17/2024, 12:47:09 AM",3.665,83.8,100,7,2024-08-17T04:47:09.000Z
"8/17/2024, 12:52:09 AM",3.666,83.8,100,7,2024-08-17T04:52:09.000Z
"8/17/2024, 12:57:09 AM",3.666,83.7,100,6,2024-08-17T04:57:09.000Z
"8/17/2024, 1:02:09 AM",3.666,83.5,100,6,2024-08-17T05:02:09.000Z
"8/17/2024, 1:07:09 AM",3.666,83.5,100,5,2024-08-17T05:07:09.000Z
"8/17/2024, 1:12:09 AM",3.666,83.5,100,5,2024-08-17T05:12:09.000Z
"8/17/2024, 1:17:09 AM",3.666,83.5,100,5,2024-08-17T05:17:09.000Z
"8/17/2024, 1:22:09 AM",3.666,83.5,100,4,2024-08-17T05:22:09.000Z
"8/17/2024, 1:27:09 AM",3.666,83.3,100,4,2024-08-17T05:27:09.000Z
"8/17/2024, 1:32:09 AM",3.666,83.3,100,4,2024-08-17T05:32:09.000Z
"8/17/2024, 1:37:09 AM",3.666,83.1,100,3,2024-08-17T05:37:09.000Z
"8/17/2024, 1:42:09 AM",3.666,83.1,100,3,2024-08-17T05:42:09.000Z
"8/17/2024, 1:47:09 AM",3.666,82.9,100,3,2024-08-17T05:47:09.000Z
"8/17/2024, 1:52:09 AM",3.666,82.9,100,3,2024-08-17T05:52:09.000Z
"8/17/2024, 1:57:09 AM",3.666,82.8,100,3,2024-08-17T05:57:09.000Z
"8/17/2024, 2:02:09 AM",3.666,82.8,100,3,2024-08-17T06:02:09.000Z
"8/17/2024, 2:07:09 AM",3.666,82.6,100,2,2024-08-17T06:07:09.000Z
"8/17/2024, 2:12:09 AM",3.666,82.4,100,2,2024-08-17T06:12:09.000Z
"8/17/2024, 2:17:09 AM",3.666,82.4,100,2,2024-08-17T06:17:09.000Z
"8/17/2024, 2:22:09 AM",3.666,82.2,100,2,2024-08-17T06:22:09.000Z
"8/17/2024, 2:27:09 AM",3.666,82.2,100,2,2024-08-17T06:27:09.000Z
"8/17/2024, 2:32:09 AM",3.666,82.2,100,2,2024-08-17T06:32:09.000Z
"8/17/2024, 2:37:09 AM",3.666,82.2,100,2,2024-08-17T06:37:09.000Z
"8/17/2024, 2:42:09 AM",3.666,82.2,100,2,2024-08-17T06:42:09.000Z
"8/17/2024, 2:47:09 AM",3.666,82,100,2,2024-08-17T06:47:09.000Z
"8/17/2024, 2:52:09 AM",3.666,82,100,2,2024-08-17T06:52:09.000Z
"8/17/2024, 2:57:09 AM",3.665,82,100,2,2024-08-17T06:57:09.000Z
"8/17/2024, 3:02:09 AM",3.666,81.9,100,2,2024-08-17T07:02:09.000Z
"8/17/2024, 3:07:09 AM",3.666,81.9,100,2,2024-08-17T07:07:09.000Z
"8/17/2024, 3:12:09 AM",3.666,81.9,100,2,2024-08-17T07:12:09.000Z
"8/17/2024, 3:17:09 AM",3.666,81.9,100,2,2024-08-17T07:17:09.000Z
"8/17/2024, 3:22:09 AM",3.666,81.9,100,2,2024-08-17T07:22:09.000Z
"8/17/2024, 3:27:09 AM",3.666,81.9,100,1,2024-08-17T07:27:09.000Z
"8/17/2024, 3:32:09 AM",3.666,81.7,100,1,2024-08-17T07:32:09.000Z
"8/17/2024, 3:37:09 AM",3.666,81.7,100,1,2024-08-17T07:37:09.000Z
"8/17/2024, 3:42:09 AM",3.666,81.7,100,1,2024-08-17T07:42:09.000Z
"8/17/2024, 3:47:09 AM",3.666,81.5,100,1,2024-08-17T07:47:09.000Z
"8/17/2024, 3:52:09 AM",3.666,81.5,100,1,2024-08-17T07:52:09.000Z
"8/17/2024, 3:57:09 AM",3.666,81.5,100,1,2024-08-17T07:57:09.000Z
"8/17/2024, 4:02:09 AM",3.666,81.5,100,1,2024-08-17T08:02:09.000Z
"8/17/2024, 4:07:09 AM",3.666,81.3,100,1,2024-08-17T08:07:09.000Z
"8/17/2024, 4:12:09 AM",3.666,81.3,100,1,2024-08-17T08:12:09.000Z
"8/17/2024, 4:17:09 AM",3.666,81.5,100,1,2024-08-17T08:17:09.000Z
"8/17/2024, 4:22:09 AM",3.665,81.5,100,1,2024-08-17T08:22:09.000Z
"8/17/2024, 4:27:09 AM",3.665,81.5,100,1,2024-08-17T08:27:09.000Z
"8/17/2024, 4:32:09 AM",3.666,81.5,100,1,2024-08-17T08:32:09.000Z
"8/17/2024, 4:37:09 AM",3.666,81.5,100,1,2024-08-17T08:37:09.000Z
"8/17/2024, 4:42:09 AM",3.666,81.5,100,1,2024-08-17T08:42:09.000Z
"8/17/2024, 4:47:09 AM",3.666,81.5,100,1,2024-08-17T08:47:09.000Z
"8/17/2024, 4:52:09 AM",3.666,81.7,100,1,2024-08-17T08:52:09.000Z
"8/17/2024, 4:57:09 AM",3.666,82,100,1,2024-08-17T08:57:09.000Z
"8/17/2024, 5:02:09 AM",3.666,82.2,100,1,2024-08-17T09:02:09.000Z
"8/17/2024, 5:07:09 AM",3.665,82.2,100,1,2024-08-17T09:07:09.000Z
"8/17/2024, 5:12:09 AM",3.666,82.2,100,0,2024-08-17T09:12:09.000Z
"8/17/2024, 5:17:09 AM",3.666,82.2,100,0,2024-08-17T09:17:09.000Z
"8/17/2024, 5:22:09 AM",3.666,82.2,100,0,2024-08-17T09:22:09.000Z
"8/17/2024, 5:27:09 AM",3.666,82.2,100,0,2024-08-17T09:27:09.000Z
"8/17/2024, 5:32:09 AM",3.666,82.2,100,1,2024-08-17T09:32:09.000Z
"8/17/2024, 5:37:09 AM",3.666,82.4,100,0,2024-08-17T09:37:09.000Z
"8/17/2024, 5:42:09 AM",3.666,82.4,100,1,2024-08-17T09:42:09.000Z
"8/17/2024, 5:47:09 AM",3.666,82.4,100,0,2024-08-17T09:47:09.000Z
"8/17/2024, 5:52:09 AM",3.666,82.4,100,0,2024-08-17T09:52:09.000Z
"8/17/2024, 5:57:09 AM",3.665,82.4,100,1,2024-08-17T09:57:09.000Z
"8/17/2024, 6:02:09 AM",3.666,82.6,100,1,2024-08-17T10:02:09.000Z
"8/17/2024, 6:07:09 AM",3.666,82.6,100,1,2024-08-17T10:07:09.000Z
"8/17/2024, 6:12:09 AM",3.666,82.8,100,1,2024-08-17T10:12:09.000Z
"8/17/2024, 6:17:09 AM",3.666,82.8,100,1,2024-08-17T10:17:09.000Z
"8/17/2024, 6:22:09 AM",3.666,82.8,100,1,2024-08-17T10:22:09.000Z
"8/17/2024, 6:27:09 AM",3.666,82.6,100,1,2024-08-17T10:27:09.000Z
"8/17/2024, 6:32:09 AM",3.665,82.6,100,1,2024-08-17T10:32:09.000Z
"8/17/2024, 6:37:09 AM",3.665,82.6,100,1,2024-08-17T10:37:09.000Z
"8/17/2024, 6:42:09 AM",3.666,82.6,100,1,2024-08-17T10:42:09.000Z
"8/17/2024, 6:47:09 AM",3.666,82.6,100,1,2024-08-17T10:47:09.000Z
"8/17/2024, 6:52:09 AM",3.666,82.6,100,1,2024-08-17T10:52:09.000Z
"8/17/2024, 6:57:09 AM",3.666,82.6,100,1,2024-08-17T10:57:09.000Z
"8/17/2024, 7:02:09 AM",3.665,82.8,100,1,2024-08-17T11:02:09.000Z
"8/17/2024, 7:07:09 AM",3.666,82.8,100,1,2024-08-17T11:07:09.000Z
"8/17/2024, 7:12:09 AM",3.666,82.8,100,1,2024-08-17T11:12:09.000Z
"8/17/2024, 7:17:09 AM",3.666,82.8,100,1,2024-08-17T11:17:09.000Z
"8/17/2024, 7:22:09 AM",3.665,82.8,100,1,2024-08-17T11:22:09.000Z
"8/17/2024, 7:27:09 AM",3.666,82.8,100,1,2024-08-17T11:27:09.000Z
"8/17/2024, 7:32:09 AM",3.666,82.9,100,1,2024-08-17T11:32:09.000Z
"8/17/2024, 7:37:09 AM",3.665,83.1,100,1,2024-08-17T11:37:09.000Z
"8/17/2024, 7:42:09 AM",3.666,83.1,100,1,2024-08-17T11:42:09.000Z
"8/17/2024, 7:47:09 AM",3.666,83.3,100,0,2024-08-17T11:47:09.000Z
"8/17/2024, 7:52:09 AM",3.665,83.5,100,0,2024-08-17T11:52:09.000Z
"8/17/2024, 7:57:09 AM",3.666,83.7,100,0,2024-08-17T11:57:09.000Z
"8/17/2024, 8:02:09 AM",3.665,84,100,0,2024-08-17T12:02:09.000Z
"8/17/2024, 8:07:09 AM",3.665,84,100,0,2024-08-17T12:07:09.000Z
"8/17/2024, 8:12:09 AM",3.666,84.2,100,0,2024-08-17T12:12:09.000Z
"8/17/2024, 8:17:09 AM",3.665,84.4,100,0,2024-08-17T12:17:09.000Z
"8/17/2024, 8:22:09 AM",3.665,84.7,100,0,2024-08-17T12:22:09.000Z
"8/17/2024, 8:27:09 AM",3.665,84.9,100,0,2024-08-17T12:27:09.000Z
"8/17/2024, 8:32:09 AM",3.665,85.3,100,0,2024-08-17T12:32:09.000Z
"8/17/2024, 8:37:09 AM",3.665,85.6,100,0,2024-08-17T12:37:09.000Z
"8/17/2024, 8:42:09 AM",3.665,86,100,0,2024-08-17T12:42:09.000Z
"8/17/2024, 8:47:09 AM",3.665,86.2,100,0,2024-08-17T12:47:09.000Z
"8/17/2024, 8:52:09 AM",3.666,86.4,100,0,2024-08-17T12:52:09.000Z
"8/17/2024, 8:57:09 AM",3.665,86.5,100,0,2024-08-17T12:57:09.000Z
"8/17/2024, 9:02:09 AM",3.665,86.5,100,0,2024-08-17T13:02:09.000Z
"8/17/2024, 9:07:09 AM",3.665,86.7,100,0,2024-08-17T13:07:09.000Z
"8/17/2024, 9:12:09 AM",3.665,86.7,100,0,2024-08-17T13:12:09.000Z
"8/17/2024, 9:17:09 AM",3.665,86.9,100,0,2024-08-17T13:17:09.000Z
"8/17/2024, 9:22:09 AM",3.665,87.3,100,0,2024-08-17T13:22:09.000Z
"8/17/2024, 9:27:09 AM",3.665,87.8,100,0,2024-08-17T13:27:09.000Z
"8/17/2024, 9:32:09 AM",3.665,88.2,100,0,2024-08-17T13:32:09.000Z
"8/17/2024, 9:37:09 AM",3.665,88.5,100,0,2024-08-17T13:37:09.000Z
"8/17/2024, 9:42:09 AM",3.665,88.7,100,0,2024-08-17T13:42:09.000Z
"8/17/2024, 9:47:09 AM",3.665,88.9,100,0,2024-08-17T13:47:09.000Z
"8/17/2024, 9:52:09 AM",3.664,88.9,100,0,2024-08-17T13:52:09.000Z
"8/17/2024, 9:57:09 AM",3.665,89.2,100,0,2024-08-17T13:57:09.000Z
"8/17/2024, 10:02:09 AM",3.665,89.6,100,0,2024-08-17T14:02:09.000Z
"8/17/2024, 10:07:09 AM",3.664,90.1,100,0,2024-08-17T14:07:09.000Z
"8/17/2024, 10:12:09 AM",3.665,90.3,100,0,2024-08-17T14:12:09.000Z
"8/17/2024, 10:17:09 AM",3.664,90.5,100,0,2024-08-17T14:17:09.000Z
"8/17/2024, 10:22:09 AM",3.664,90.7,100,0,2024-08-17T14:22:09.000Z
"8/17/2024, 10:27:09 AM",3.664,91,100,0,2024-08-17T14:27:09.000Z
"8/17/2024, 10:32:09 AM",3.664,91.2,100,0,2024-08-17T14:32:09.000Z
"8/17/2024, 10:37:09 AM",3.664,91.4,100,0,2024-08-17T14:37:09.000Z
"8/17/2024, 10:42:09 AM",3.665,91.6,100,0,2024-08-17T14:42:09.000Z
"8/17/2024, 10:47:09 AM",3.664,91.8,100,0,2024-08-17T14:47:09.000Z
"8/17/2024, 10:52:09 AM",3.664,91.9,100,0,2024-08-17T14:52:09.000Z
"8/17/2024, 10:57:09 AM",3.664,92.1,100,0,2024-08-17T14:57:09.000Z
"8/17/2024, 11:02:09 AM",3.664,92.3,100,0,2024-08-17T15:02:09.000Z
"8/17/2024, 11:07:09 AM",3.664,92.5,100,0,2024-08-17T15:07:09.000Z
"8/17/2024, 11:12:09 AM",3.664,92.7,100,0,2024-08-17T15:12:09.000Z
"8/17/2024, 11:17:09 AM",3.664,93,100,0,2024-08-17T15:17:09.000Z
"8/17/2024, 11:22:09 AM",3.664,93.4,100,0,2024-08-17T15:22:09.000Z
"8/17/2024, 11:27:09 AM",3.664,93.7,100,0,2024-08-17T15:27:09.000Z
"8/17/2024, 11:32:09 AM",3.664,94.1,100,0,2024-08-17T15:32:09.000Z
"8/17/2024, 11:37:09 AM",3.664,94.5,100,0,2024-08-17T15:37:09.000Z
"8/17/2024, 11:42:09 AM",3.663,94.8,100,0,2024-08-17T15:42:09.000Z
"8/17/2024, 11:47:09 AM",3.664,95.2,100,0,2024-08-17T15:47:09.000Z
"8/17/2024, 11:52:09 AM",3.664,95.5,100,0,2024-08-17T15:52:09.000Z
"8/17/2024, 11:57:09 AM",3.664,95.7,100,0,2024-08-17T15:57:09.000Z
"8/17/2024, 12:02:09 PM",3.663,96.1,100,0,2024-08-17T16:02:09.000Z
"8/17/2024, 12:07:09 PM",3.663,96.4,100,0,2024-08-17T16:07:09.000Z
"8/17/2024, 12:12:09 PM",3.663,96.6,100,0,2024-08-17T16:12:09.000Z
"8/17/2024, 12:17:09 PM",3.663,97.2,100,0,2024-08-17T16:17:09.000Z
"8/17/2024, 12:22:09 PM",3.663,97.3,100,0,2024-08-17T16:22:09.000Z
"8/17/2024, 12:27:09 PM",3.663,97.7,100,0,2024-08-17T16:27:09.000Z
"8/17/2024, 12:32:09 PM",3.663,97.9,100,0,2024-08-17T16:32:09.000Z
"8/17/2024, 12:37:09 PM",3.663,98.4,100,0,2024-08-17T16:37:09.000Z
"8/17/2024, 12:42:09 PM",3.663,99,100,0,2024-08-17T16:42:09.000Z
"8/17/2024, 12:47:09 PM",3.662,99.1,100,0,2024-08-17T16:47:09.000Z
"8/17/2024, 12:52:09 PM",3.662,99.7,100,0,2024-08-17T16:52:09.000Z
"8/17/2024, 12:57:09 PM",3.662,99.7,100,0,2024-08-17T16:57:09.000Z
"8/17/2024, 1:02:09 PM",3.663,100,100,0,2024-08-17T17:02:09.000Z
"8/17/2024, 1:07:09 PM",3.662,100.4,100,0,2024-08-17T17:07:09.000Z
"8/17/2024, 1:12:09 PM",3.663,100.4,100,0,2024-08-17T17:12:09.000Z
"8/17/2024, 1:17:09 PM",3.662,100.4,100,0,2024-08-17T17:17:09.000Z
"8/17/2024, 1:22:09 PM",3.662,100.6,100,0,2024-08-17T17:22:09.000Z
"8/17/2024, 1:27:09 PM",3.662,100.9,100,0,2024-08-17T17:27:09.000Z
"8/17/2024, 1:32:09 PM",3.662,101.1,100,0,2024-08-17T17:32:09.000Z
"8/17/2024, 1:37:09 PM",3.662,101.5,100,0,2024-08-17T17:37:09.000Z
"8/17/2024, 1:42:09 PM",3.663,101.1,100,1,2024-08-17T17:42:09.000Z
"8/17/2024, 1:47:09 PM",3.662,101.1,100,1,2024-08-17T17:47:09.000Z
"8/17/2024, 1:52:09 PM",3.662,101.1,100,0,2024-08-17T17:52:09.000Z
"8/17/2024, 1:57:09 PM",3.662,101.5,100,0,2024-08-17T17:57:09.000Z
"8/17/2024, 2:02:09 PM",3.662,101.7,100,0,2024-08-17T18:02:09.000Z
"8/17/2024, 2:07:09 PM",3.662,101.8,100,0,2024-08-17T18:07:09.000Z
"8/17/2024, 2:12:09 PM",3.662,102,100,1,2024-08-17T18:12:09.000Z
"8/17/2024, 2:17:09 PM",3.663,101.8,99.8,2,2024-08-17T18:17:09.000Z
"8/17/2024, 2:22:09 PM",3.662,101.3,99.3,2,2024-08-17T18:22:09.000Z
"8/17/2024, 2:27:09 PM",3.662,101.3,99.1,1,2024-08-17T18:27:09.000Z
"8/17/2024, 2:32:09 PM",3.662,101.7,98.4,1,2024-08-17T18:32:09.000Z
"8/17/2024, 2:37:09 PM",3.662,101.5,97.6,1,2024-08-17T18:37:09.000Z
"8/17/2024, 2:42:09 PM",3.662,100.9,97.4,2,2024-08-17T18:42:09.000Z
"8/17/2024, 2:47:09 PM",3.663,100.6,97.4,1,2024-08-17T18:47:09.000Z
"8/17/2024, 2:52:09 PM",3.662,100.4,97.2,1,2024-08-17T18:52:09.000Z
"8/17/2024, 2:57:09 PM",3.662,100.2,97.2,1,2024-08-17T18:57:09.000Z
"8/17/2024, 3:02:09 PM",3.663,100.4,96.9,1,2024-08-17T19:02:09.000Z
"8/17/2024, 3:07:09 PM",3.662,100.6,96.3,0,2024-08-17T19:07:09.000Z
"8/17/2024, 3:12:09 PM",3.663,100.8,95.5,1,2024-08-17T19:12:09.000Z
"8/17/2024, 3:17:09 PM",3.663,101.1,94.7,0,2024-08-17T19:17:09.000Z
"8/17/2024, 3:22:09 PM",3.663,101.5,93.7,1,2024-08-17T19:22:09.000Z
"8/17/2024, 3:27:09 PM",3.662,102,93.3,0,2024-08-17T19:27:09.000Z
"8/17/2024, 3:32:09 PM",3.662,102.2,92.1,0,2024-08-17T19:32:09.000Z
"8/17/2024, 3:37:09 PM",3.662,102.2,91.1,1,2024-08-17T19:37:09.000Z
"8/17/2024, 3:42:09 PM",3.662,102.2,90.9,0,2024-08-17T19:42:09.000Z
"8/17/2024, 3:47:09 PM",3.662,101.8,90.3,0,2024-08-17T19:47:09.000Z
"8/17/2024, 3:52:09 PM",3.663,101.7,90.2,0,2024-08-17T19:52:09.000Z
"8/17/2024, 3:57:09 PM",3.662,101.5,90,0,2024-08-17T19:57:09.000Z
"8/17/2024, 4:02:09 PM",3.663,101.7,89.3,0,2024-08-17T20:02:09.000Z
"8/17/2024, 4:07:09 PM",3.662,101.8,88.5,0,2024-08-17T20:07:09.000Z
"8/17/2024, 4:12:09 PM",3.663,102,87.9,0,2024-08-17T20:12:09.000Z
"8/17/2024, 4:17:09 PM",3.663,102.2,87.6,0,2024-08-17T20:17:09.000Z
"8/17/2024, 4:22:09 PM",3.662,102.4,86.8,0,2024-08-17T20:22:09.000Z
"8/17/2024, 4:27:09 PM",3.662,102.7,86.2,0,2024-08-17T20:27:09.000Z
"8/17/2024, 4:32:09 PM",3.663,102.9,86.3,0,2024-08-17T20:32:09.000Z
"8/17/2024, 4:37:09 PM",3.662,103.1,86,0,2024-08-17T20:37:09.000Z
"8/17/2024, 4:42:09 PM",3.662,103.1,85.5,0,2024-08-17T20:42:09.000Z
"8/17/2024, 4:47:09 PM",3.662,102.6,84.7,0,2024-08-17T20:47:09.000Z
"8/17/2024, 4:52:09 PM",3.663,102.2,84.5,0,2024-08-17T20:52:09.000Z
"8/17/2024, 4:57:09 PM",3.662,102,84.8,0,2024-08-17T20:57:09.000Z
"8/17/2024, 5:02:09 PM",3.662,102.2,85,0,2024-08-17T21:02:09.000Z
"8/17/2024, 5:07:09 PM",3.662,102.2,85.7,0,2024-08-17T21:07:09.000Z
"8/17/2024, 5:12:09 PM",3.663,102.2,85.6,0,2024-08-17T21:12:09.000Z
"8/17/2024, 5:17:09 PM",3.662,102.2,84.5,0,2024-08-17T21:17:09.000Z
"8/17/2024, 5:22:09 PM",3.662,102,84.2,0,2024-08-17T21:22:09.000Z
"8/17/2024, 5:27:09 PM",3.662,101.8,83.7,0,2024-08-17T21:27:09.000Z
"8/17/2024, 5:32:09 PM",3.663,101.8,83.7,0,2024-08-17T21:32:09.000Z
"8/17/2024, 5:37:09 PM",3.663,101.7,83.9,0,2024-08-17T21:37:09.000Z
"8/17/2024, 5:42:09 PM",3.663,101.5,84.3,0,2024-08-17T21:42:09.000Z
"8/17/2024, 5:47:09 PM",3.663,101.3,85,0,2024-08-17T21:47:09.000Z
"8/17/2024, 5:52:09 PM",3.663,101.1,85.6,0,2024-08-17T21:52:09.000Z
"8/17/2024, 5:57:09 PM",3.663,100.9,85.5,0,2024-08-17T21:57:09.000Z
"8/17/2024, 6:02:09 PM",3.663,100.2,85.4,0,2024-08-17T22:02:09.000Z
"8/17/2024, 6:07:09 PM",3.663,99.5,85.7,0,2024-08-17T22:07:09.000Z
"8/17/2024, 6:12:09 PM",3.663,99,86.2,0,2024-08-17T22:12:09.000Z
"8/17/2024, 6:17:09 PM",3.663,98.1,86.8,0,2024-08-17T22:17:09.000Z
"8/17/2024, 6:22:09 PM",3.663,97.5,87.5,0,2024-08-17T22:22:09.000Z
"8/17/2024, 6:27:09 PM",3.663,97.3,88.5,0,2024-08-17T22:27:09.000Z
"8/17/2024, 6:32:09 PM",3.664,96.8,89.2,0,2024-08-17T22:32:09.000Z
"8/17/2024, 6:37:09 PM",3.664,96.4,89.8,0,2024-08-17T22:37:09.000Z
"8/17/2024, 6:42:09 PM",3.664,96.1,90.4,0,2024-08-17T22:42:09.000Z
"8/17/2024, 6:47:09 PM",3.664,95.7,91,0,2024-08-17T22:47:09.000Z
"8/17/2024, 6:52:09 PM",3.664,95.5,91.7,0,2024-08-17T22:52:09.000Z
"8/17/2024, 6:57:09 PM",3.664,95.4,92.2,0,2024-08-17T22:57:09.000Z
"8/17/2024, 7:02:09 PM",3.664,94.8,92.9,0,2024-08-17T23:02:09.000Z
"8/17/2024, 7:07:09 PM",3.664,94.3,93.3,0,2024-08-17T23:07:09.000Z
"8/17/2024, 7:12:09 PM",3.664,93.7,93.8,0,2024-08-17T23:12:09.000Z
"8/17/2024, 7:17:09 PM",3.664,93,94.2,0,2024-08-17T23:17:09.000Z
"8/17/2024, 7:22:09 PM",3.665,92.5,94.7,0,2024-08-17T23:22:09.000Z
"8/17/2024, 7:27:09 PM",3.665,92.1,95.1,0,2024-08-17T23:27:09.000Z
"8/17/2024, 7:32:09 PM",3.665,91.6,95.6,0,2024-08-17T23:32:09.000Z
"8/17/2024, 7:37:09 PM",3.665,91,96,0,2024-08-17T23:37:09.000Z
"8/17/2024, 7:42:09 PM",3.665,90.7,96.5,0,2024-08-17T23:42:09.000Z
"8/17/2024, 7:47:09 PM",3.665,90.1,96.9,0,2024-08-17T23:47:09.000Z
"8/17/2024, 7:52:09 PM",3.665,89.8,97.1,0,2024-08-17T23:52:09.000Z
"8/17/2024, 7:57:09 PM",3.665,89.6,97.5,0,2024-08-17T23:57:09.000Z
"8/17/2024, 8:02:09 PM",3.665,89.2,97.8,0,2024-08-18T00:02:09.000Z
"8/17/2024, 8:07:09 PM",3.665,88.9,98.1,0,2024-08-18T00:07:09.000Z
"8/17/2024, 8:12:09 PM",3.665,88.9,98.4,0,2024-08-18T00:12:09.000Z
"8/17/2024, 8:17:09 PM",3.666,88.5,98.7,0,2024-08-18T00:17:09.000Z
"8/17/2024, 8:22:09 PM",3.665,88.2,99,0,2024-08-18T00:22:09.000Z
"8/17/2024, 8:27:09 PM",3.665,88,99.2,0,2024-08-18T00:27:09.000Z
"8/17/2024, 8:32:09 PM",3.665,87.6,99.6,0,2024-08-18T00:32:09.000Z
"8/17/2024, 8:37:09 PM",3.665,87.4,99.9,0,2024-08-18T00:37:09.000Z
"8/17/2024, 8:42:09 PM",3.666,87.3,100,0,2024-08-18T00:42:09.000Z
"8/17/2024, 8:47:09 PM",3.666,86.9,100,1,2024-08-18T00:47:09.000Z
"8/17/2024, 8:52:09 PM",3.666,86.9,100,0,2024-08-18T00:52:09.000Z
"8/17/2024, 8:57:09 PM",3.666,86.5,100,1,2024-08-18T00:57:09.000Z
"8/17/2024, 9:02:09 PM",3.666,86.4,100,1,2024-08-18T01:02:09.000Z
"8/17/2024, 9:07:09 PM",3.666,86.2,100,1,2024-08-18T01:07:09.000Z
"8/17/2024, 9:12:09 PM",3.666,86.2,100,1,2024-08-18T01:12:09.000Z
"8/17/2024, 9:17:09 PM",3.666,86,100,1,2024-08-18T01:17:09.000Z
"8/17/2024, 9:22:09 PM",3.666,85.8,100,1,2024-08-18T01:22:09.000Z
"8/17/2024, 9:27:09 PM",3.666,85.6,100,1,2024-08-18T01:27:09.000Z
"8/17/2024, 9:32:09 PM",3.666,85.6,100,1,2024-08-18T01:32:09.000Z
"8/17/2024, 9:37:09 PM",3.666,85.6,100,1,2024-08-18T01:37:09.000Z
"8/17/2024, 9:42:09 PM",3.666,85.5,100,1,2024-08-18T01:42:09.000Z
"8/17/2024, 9:47:09 PM",3.666,85.5,100,1,2024-08-18T01:47:09.000Z
"8/17/2024, 9:52:09 PM",3.666,85.3,100,1,2024-08-18T01:52:09.000Z
"8/17/2024, 9:57:09 PM",3.666,85.3,100,2,2024-08-18T01:57:09.000Z
"8/17/2024, 10:02:09 PM",3.666,85.1,100,3,2024-08-18T02:02:09.000Z
"8/17/2024, 10:07:09 PM",3.666,85.1,100,3,2024-08-18T02:07:09.000Z
"8/17/2024, 10:12:09 PM",3.666,84.9,100,3,2024-08-18T02:12:09.000Z
"8/17/2024, 10:17:09 PM",3.666,84.9,100,4,2024-08-18T02:17:09.000Z
"8/17/2024, 10:22:09 PM",3.666,84.9,100,6,2024-08-18T02:22:09.000Z
"8/17/2024, 10:27:09 PM",3.666,84.9,100,8,2024-08-18T02:27:09.000Z
"8/17/2024, 10:32:09 PM",3.666,84.7,100,9,2024-08-18T02:32:09.000Z
"8/17/2024, 10:37:09 PM",3.666,84.7,100,11,2024-08-18T02:37:09.000Z
"8/17/2024, 10:42:09 PM",3.666,84.7,100,14,2024-08-18T02:42:09.000Z
"8/17/2024, 10:47:09 PM",3.666,84.7,100,18,2024-08-18T02:47:09.000Z
"8/17/2024, 10:52:09 PM",3.666,84.6,100,21,2024-08-18T02:52:09.000Z
"8/17/2024, 10:57:09 PM",3.666,84.6,100,24,2024-08-18T02:57:09.000Z
"8/17/2024, 11:02:09 PM",3.666,84.6,100,25,2024-08-18T03:02:09.000Z
"8/17/2024, 11:07:09 PM",3.666,84.6,100,29,2024-08-18T03:07:09.000Z
"8/17/2024, 11:12:09 PM",3.666,84.6,100,30,2024-08-18T03:12:09.000Z
"8/17/2024, 11:17:09 PM",3.666,84.6,100,28,2024-08-18T03:17:09.000Z
"8/17/2024, 11:22:09 PM",3.666,84.6,100,25,2024-08-18T03:22:09.000Z
"8/17/2024, 11:27:09 PM",3.666,84.6,100,21,2024-08-18T03:27:09.000Z
"8/17/2024, 11:32:09 PM",3.666,84.6,100,19,2024-08-18T03:32:09.000Z
"8/17/2024, 11:37:09 PM",3.666,84.7,100,17,2024-08-18T03:37:09.000Z
"8/17/2024, 11:42:09 PM",3.666,84.7,100,15,2024-08-18T03:42:09.000Z
"8/17/2024, 11:47:09 PM",3.666,84.6,100,14,2024-08-18T03:47:09.000Z
"8/17/2024, 11:52:09 PM",3.666,84.6,100,12,2024-08-18T03:52:09.000Z
"8/17/2024, 11:57:09 PM",3.666,84.4,100,11,2024-08-18T03:57:09.000Z
"8/18/2024, 12:02:09 AM",3.666,84.4,100,11,2024-08-18T04:02:09.000Z
"8/18/2024, 12:07:09 AM",3.666,84.2,100,10,2024-08-18T04:07:09.000Z
"8/18/2024, 12:12:09 AM",3.666,84.2,100,9,2024-08-18T04:12:09.000Z
"8/18/2024, 12:17:09 AM",3.666,84.2,100,8,2024-08-18T04:17:09.000Z
"8/18/2024, 12:22:09 AM",3.667,84.2,100,7,2024-08-18T04:22:09.000Z
"8/18/2024, 12:27:09 AM",3.666,84.2,100,7,2024-08-18T04:27:09.000Z
"8/18/2024, 12:32:09 AM",3.666,84,100,6,2024-08-18T04:32:09.000Z
"8/18/2024, 12:37:09 AM",3.666,84,100,5,2024-08-18T04:37:09.000Z
"8/18/2024, 12:42:09 AM",3.666,84,100,5,2024-08-18T04:42:09.000Z
"8/18/2024, 12:47:09 AM",3.666,83.8,100,4,2024-08-18T04:47:09.000Z
"8/18/2024, 12:52:09 AM",3.666,83.7,100,4,2024-08-18T04:52:09.000Z
"8/18/2024, 12:57:09 AM",3.666,83.7,100,4,2024-08-18T04:57:09.000Z
"8/18/2024, 1:02:09 AM",3.666,83.5,100,4,2024-08-18T05:02:09.000Z
"8/18/2024, 1:07:09 AM",3.666,83.3,100,3,2024-08-18T05:07:09.000Z
"8/18/2024, 1:12:09 AM",3.666,83.3,100,3,2024-08-18T05:12:09.000Z
"8/18/2024, 1:17:09 AM",3.666,83.3,100,3,2024-08-18T05:17:09.000Z
"8/18/2024, 1:22:09 AM",3.666,83.1,100,2,2024-08-18T05:22:09.000Z
"8/18/2024, 1:27:09 AM",3.666,82.9,100,2,2024-08-18T05:27:09.000Z
"8/18/2024, 1:32:09 AM",3.666,82.9,100,2,2024-08-18T05:32:09.000Z
"8/18/2024, 1:37:09 AM",3.666,82.9,100,2,2024-08-18T05:37:09.000Z
"8/18/2024, 1:42:09 AM",3.666,82.8,100,2,2024-08-18T05:42:09.000Z
"8/18/2024, 1:47:09 AM",3.666,82.8,100,2,2024-08-18T05:47:09.000Z
"8/18/2024, 1:52:09 AM",3.666,82.6,100,2,2024-08-18T05:52:09.000Z
"8/18/2024, 1:57:09 AM",3.666,82.4,100,2,2024-08-18T05:57:09.000Z
"8/18/2024, 2:02:09 AM",3.666,82.4,100,2,2024-08-18T06:02:09.000Z
"8/18/2024, 2:07:09 AM",3.666,82.4,100,2,2024-08-18T06:07:09.000Z
"8/18/2024, 2:12:09 AM",3.666,82.4,100,1,2024-08-18T06:12:09.000Z
"8/18/2024, 2:17:09 AM",3.666,82.2,100,1,2024-08-18T06:17:09.000Z
"8/18/2024, 2:22:09 AM",3.666,82.2,100,1,2024-08-18T06:22:09.000Z
"8/18/2024, 2:27:09 AM",3.667,82.2,100,2,2024-08-18T06:27:09.000Z
"8/18/2024, 2:32:09 AM",3.666,82.2,100,1,2024-08-18T06:32:09.000Z
"8/18/2024, 2:37:09 AM",3.666,82,100,1,2024-08-18T06:37:09.000Z
"8/18/2024, 2:42:09 AM",3.667,82,100,2,2024-08-18T06:42:09.000Z
"8/18/2024, 2:47:09 AM",3.666,82,100,2,2024-08-18T06:47:09.000Z
"8/18/2024, 2:52:09 AM",3.666,82,100,1,2024-08-18T06:52:09.000Z
"8/18/2024, 2:57:09 AM",3.666,81.9,100,1,2024-08-18T06:57:09.000Z
"8/18/2024, 3:02:09 AM",3.666,81.9,100,1,2024-08-18T07:02:09.000Z
"8/18/2024, 3:07:09 AM",3.666,81.9,100,2,2024-08-18T07:07:09.000Z
"8/18/2024, 3:12:09 AM",3.666,81.9,100,1,2024-08-18T07:12:09.000Z
"8/18/2024, 3:17:09 AM",3.666,81.7,100,1,2024-08-18T07:17:09.000Z
"8/18/2024, 3:22:09 AM",3.666,81.7,100,1,2024-08-18T07:22:09.000Z
"8/18/2024, 3:27:09 AM",3.666,81.7,100,1,2024-08-18T07:27:09.000Z
"8/18/2024, 3:32:09 AM",3.666,81.5,100,1,2024-08-18T07:32:09.000Z
"8/18/2024, 3:37:09 AM",3.666,81.5,100,1,2024-08-18T07:37:09.000Z
"8/18/2024, 3:42:09 AM",3.666,81.5,100,1,2024-08-18T07:42:09.000Z
"8/18/2024, 3:47:09 AM",3.666,81.3,100,1,2024-08-18T07:47:09.000Z
"8/18/2024, 3:52:09 AM",3.666,81.3,100,1,2024-08-18T07:52:09.000Z
"8/18/2024, 3:57:09 AM",3.666,81.1,100,1,2024-08-18T07:57:09.000Z
"8/18/2024, 4:02:09 AM",3.666,81.1,100,1,2024-08-18T08:02:09.000Z
"8/18/2024, 4:07:09 AM",3.666,81.1,100,1,2024-08-18T08:07:09.000Z
"8/18/2024, 4:12:09 AM",3.667,81.1,100,1,2024-08-18T08:12:09.000Z
"8/18/2024, 4:17:09 AM",3.666,81.1,100,1,2024-08-18T08:17:09.000Z
"8/18/2024, 4:22:09 AM",3.666,81.1,100,1,2024-08-18T08:22:09.000Z
"8/18/2024, 4:27:09 AM",3.667,81.1,100,1,2024-08-18T08:27:09.000Z
"8/18/2024, 4:32:09 AM",3.666,81.1,100,1,2024-08-18T08:32:09.000Z
"8/18/2024, 4:37:09 AM",3.666,81.3,100,1,2024-08-18T08:37:09.000Z
"8/18/2024, 4:42:09 AM",3.666,81.3,100,1,2024-08-18T08:42:09.000Z
"8/18/2024, 4:47:09 AM",3.666,81.5,100,1,2024-08-18T08:47:09.000Z
"8/18/2024, 4:52:09 AM",3.666,81.5,100,1,2024-08-18T08:52:09.000Z
"8/18/2024, 4:57:09 AM",3.666,81.5,100,1,2024-08-18T08:57:09.000Z
"8/18/2024, 5:02:09 AM",3.666,81.7,100,1,2024-08-18T09:02:09.000Z
"8/18/2024, 5:07:09 AM",3.666,81.7,100,1,2024-08-18T09:07:09.000Z
"8/18/2024, 5:12:09 AM",3.666,81.7,100,1,2024-08-18T09:12:09.000Z
"8/18/2024, 5:17:09 AM",3.666,81.9,100,1,2024-08-18T09:17:09.000Z
"8/18/2024, 5:22:09 AM",3.666,81.9,100,1,2024-08-18T09:22:09.000Z
"8/18/2024, 5:27:09 AM",3.666,81.9,100,0,2024-08-18T09:27:09.000Z
"8/18/2024, 5:32:09 AM",3.666,81.9,100,1,2024-08-18T09:32:09.000Z
"8/18/2024, 5:37:09 AM",3.666,81.9,100,1,2024-08-18T09:37:09.000Z
"8/18/2024, 5:42:09 AM",3.666,81.9,100,1,2024-08-18T09:42:09.000Z
"8/18/2024, 5:47:09 AM",3.666,81.9,100,0,2024-08-18T09:47:09.000Z
"8/18/2024, 5:52:09 AM",3.666,81.9,100,1,2024-08-18T09:52:09.000Z
"8/18/2024, 5:57:09 AM",3.666,81.9,100,1,2024-08-18T09:57:09.000Z
"8/18/2024, 6:02:09 AM",3.666,81.9,100,1,2024-08-18T10:02:09.000Z
"8/18/2024, 6:07:09 AM",3.667,81.9,100,1,2024-08-18T10:07:09.000Z
"8/18/2024, 6:12:09 AM",3.666,82,100,1,2024-08-18T10:12:09.000Z
"8/18/2024, 6:17:09 AM",3.666,82.2,100,1,2024-08-18T10:17:09.000Z
"8/18/2024, 6:22:09 AM",3.666,82.2,100,1,2024-08-18T10:22:09.000Z
"8/18/2024, 6:27:09 AM",3.667,82.4,100,1,2024-08-18T10:27:09.000Z
"8/18/2024, 6:32:09 AM",3.667,82.6,100,1,2024-08-18T10:32:09.000Z
"8/18/2024, 6:37:09 AM",3.666,82.6,100,1,2024-08-18T10:37:09.000Z
"8/18/2024, 6:42:09 AM",3.666,82.8,100,0,2024-08-18T10:42:09.000Z
"8/18/2024, 6:47:09 AM",3.666,82.8,100,1,2024-08-18T10:47:09.000Z
"8/18/2024, 6:52:09 AM",3.666,82.8,100,1,2024-08-18T10:52:09.000Z
"8/18/2024, 6:57:09 AM",3.666,82.8,100,1,2024-08-18T10:57:09.000Z
"8/18/2024, 7:02:09 AM",3.666,82.8,100,1,2024-08-18T11:02:09.000Z
"8/18/2024, 7:07:09 AM",3.666,82.8,100,1,2024-08-18T11:07:09.000Z
"8/18/2024, 7:12:09 AM",3.666,82.6,100,1,2024-08-18T11:12:09.000Z
"8/18/2024, 7:17:09 AM",3.666,82.6,100,1,2024-08-18T11:17:09.000Z
"8/18/2024, 7:22:09 AM",3.666,82.6,100,1,2024-08-18T11:22:09.000Z
"8/18/2024, 7:27:09 AM",3.666,82.6,100,1,2024-08-18T11:27:09.000Z
"8/18/2024, 7:32:09 AM",3.666,82.6,100,1,2024-08-18T11:32:09.000Z
"8/18/2024, 7:37:09 AM",3.666,82.8,100,1,2024-08-18T11:37:09.000Z
"8/18/2024, 7:42:09 AM",3.666,82.8,100,1,2024-08-18T11:42:09.000Z
"8/18/2024, 7:47:09 AM",3.665,82.9,100,1,2024-08-18T11:47:09.000Z
"8/18/2024, 7:52:09 AM",3.666,83.1,100,1,2024-08-18T11:52:09.000Z
"8/18/2024, 7:57:09 AM",3.666,83.3,100,1,2024-08-18T11:57:09.000Z
"8/18/2024, 8:02:09 AM",3.666,83.5,100,1,2024-08-18T12:02:09.000Z
"8/18/2024, 8:07:09 AM",3.666,83.7,100,1,2024-08-18T12:07:09.000Z
"8/18/2024, 8:12:09 AM",3.666,83.8,100,1,2024-08-18T12:12:09.000Z
"8/18/2024, 8:17:09 AM",3.666,84,100,1,2024-08-18T12:17:09.000Z
"8/18/2024, 8:22:09 AM",3.666,84,100,1,2024-08-18T12:22:09.000Z
"8/18/2024, 8:27:09 AM",3.666,84.2,100,1,2024-08-18T12:27:09.000Z
"8/18/2024, 8:32:09 AM",3.666,84.4,100,0,2024-08-18T12:32:09.000Z
"8/18/2024, 8:37:09 AM",3.666,84.6,100,0,2024-08-18T12:37:09.000Z
"8/18/2024, 8:42:09 AM",3.666,84.7,100,0,2024-08-18T12:42:09.000Z
"8/18/2024, 8:47:09 AM",3.666,84.9,100,0,2024-08-18T12:47:09.000Z
"8/18/2024, 8:52:09 AM",3.665,85.1,100,0,2024-08-18T12:52:09.000Z
"8/18/2024, 8:57:09 AM",3.666,85.5,100,0,2024-08-18T12:57:09.000Z
"8/18/2024, 9:02:09 AM",3.666,85.6,100,0,2024-08-18T13:02:09.000Z
"8/18/2024, 9:07:09 AM",3.666,85.6,100,0,2024-08-18T13:07:09.000Z
"8/18/2024, 9:12:09 AM",3.666,85.8,100,0,2024-08-18T13:12:09.000Z
"8/18/2024, 9:17:09 AM",3.666,86,100,0,2024-08-18T13:17:09.000Z
"8/18/2024, 9:22:09 AM",3.665,86,100,0,2024-08-18T13:22:09.000Z
"8/18/2024, 9:27:09 AM",3.665,86.2,100,0,2024-08-18T13:27:09.000Z
"8/18/2024, 9:32:09 AM",3.665,86.4,100,0,2024-08-18T13:32:09.000Z
"8/18/2024, 9:37:09 AM",3.666,86.7,100,0,2024-08-18T13:37:09.000Z
"8/18/2024, 9:42:09 AM",3.665,87.1,100,0,2024-08-18T13:42:09.000Z
"8/18/2024, 9:47:09 AM",3.665,87.4,100,0,2024-08-18T13:47:09.000Z
"8/18/2024, 9:52:09 AM",3.666,87.8,100,0,2024-08-18T13:52:09.000Z
"8/18/2024, 9:57:09 AM",3.665,88,100,0,2024-08-18T13:57:09.000Z
"8/18/2024, 10:02:09 AM",3.665,88.3,100,0,2024-08-18T14:02:09.000Z
"8/18/2024, 10:07:09 AM",3.665,88.9,100,0,2024-08-18T14:07:09.000Z
"8/18/2024, 10:12:09 AM",3.665,89.2,100,0,2024-08-18T14:12:09.000Z
"8/18/2024, 10:17:09 AM",3.665,89.8,100,0,2024-08-18T14:17:09.000Z
"8/18/2024, 10:22:09 AM",3.665,90.3,100,0,2024-08-18T14:22:09.000Z
"8/18/2024, 10:27:09 AM",3.665,90.5,100,0,2024-08-18T14:27:09.000Z
"8/18/2024, 10:32:09 AM",3.665,90.3,100,0,2024-08-18T14:32:09.000Z
"8/18/2024, 10:37:09 AM",3.665,90.5,100,0,2024-08-18T14:37:09.000Z
"8/18/2024, 10:42:09 AM",3.665,90.5,100,0,2024-08-18T14:42:09.000Z
"8/18/2024, 10:47:09 AM",3.664,90.5,100,0,2024-08-18T14:47:09.000Z
"8/18/2024, 10:52:09 AM",3.665,90.7,100,0,2024-08-18T14:52:09.000Z
"8/18/2024, 10:57:09 AM",3.664,90.7,100,0,2024-08-18T14:57:09.000Z
"8/18/2024, 11:02:09 AM",3.665,90.7,100,0,2024-08-18T15:02:09.000Z
"8/18/2024, 11:07:09 AM",3.665,90.9,100,0,2024-08-18T15:07:09.000Z
"8/18/2024, 11:12:09 AM",3.665,91.2,100,0,2024-08-18T15:12:09.000Z
"8/18/2024, 11:17:09 AM",3.665,91.4,100,0,2024-08-18T15:17:09.000Z
"8/18/2024, 11:22:09 AM",3.664,91.8,100,0,2024-08-18T15:22:09.000Z
"8/18/2024, 11:27:09 AM",3.664,91.9,100,0,2024-08-18T15:27:09.000Z
"8/18/2024, 11:32:09 AM",3.665,92.3,100,0,2024-08-18T15:32:09.000Z
"8/18/2024, 11:37:09 AM",3.664,92.5,100,0,2024-08-18T15:37:09.000Z
"8/18/2024, 11:42:09 AM",3.664,92.7,100,0,2024-08-18T15:42:09.000Z
"8/18/2024, 11:47:09 AM",3.664,92.8,100,0,2024-08-18T15:47:09.000Z
"8/18/2024, 11:52:09 AM",3.664,92.8,100,0,2024-08-18T15:52:09.000Z
"8/18/2024, 11:57:09 AM",3.664,93,100,0,2024-08-18T15:57:09.000Z
"8/18/2024, 12:02:09 PM",3.664,93,100,0,2024-08-18T16:02:09.000Z
"8/18/2024, 12:07:09 PM",3.664,93.4,100,0,2024-08-18T16:07:09.000Z
"8/18/2024, 12:12:09 PM",3.664,93.7,100,0,2024-08-18T16:12:09.000Z
"8/18/2024, 12:17:09 PM",3.664,94.1,100,0,2024-08-18T16:17:09.000Z
"8/18/2024, 12:22:09 PM",3.664,94.5,100,0,2024-08-18T16:22:09.000Z
"8/18/2024, 12:27:09 PM",3.664,94.5,100,0,2024-08-18T16:27:09.000Z
"8/18/2024, 12:32:09 PM",3.664,94.3,100,0,2024-08-18T16:32:09.000Z
"8/18/2024, 12:37:09 PM",3.664,93.9,100,0,2024-08-18T16:37:09.000Z
"8/18/2024, 12:42:09 PM",3.664,93.6,100,0,2024-08-18T16:42:09.000Z
"8/18/2024, 12:47:09 PM",3.664,93.2,100,0,2024-08-18T16:47:09.000Z
"8/18/2024, 12:52:09 PM",3.664,92.8,100,0,2024-08-18T16:52:09.000Z
"8/18/2024, 12:57:09 PM",3.665,92.1,100,0,2024-08-18T16:57:09.000Z
"8/18/2024, 1:02:09 PM",3.664,91.4,100,0,2024-08-18T17:02:09.000Z
"8/18/2024, 1:07:09 PM",3.665,90.7,100,0,2024-08-18T17:07:09.000Z
"8/18/2024, 1:12:09 PM",3.664,90,100,0,2024-08-18T17:12:09.000Z
"8/18/2024, 1:17:09 PM",3.665,89.1,100,0,2024-08-18T17:17:09.000Z
"8/18/2024, 1:22:09 PM",3.664,88.2,100,0,2024-08-18T17:22:09.000Z
"8/18/2024, 1:27:09 PM",3.665,87.3,100,0,2024-08-18T17:27:09.000Z
"8/18/2024, 1:32:09 PM",3.665,86.5,100,0,2024-08-18T17:32:09.000Z
"8/18/2024, 1:37:09 PM",3.666,86,100,0,2024-08-18T17:37:09.000Z
"8/18/2024, 1:42:09 PM",3.666,85.6,100,0,2024-08-18T17:42:09.000Z
"8/18/2024, 1:47:09 PM",3.666,85.3,100,0,2024-08-18T17:47:09.000Z
"8/18/2024, 1:52:09 PM",3.665,85.3,100,0,2024-08-18T17:52:09.000Z
"8/18/2024, 1:57:09 PM",3.666,85.3,100,0,2024-08-18T17:57:09.000Z
"8/18/2024, 2:02:09 PM",3.666,85.5,100,1,2024-08-18T18:02:09.000Z
"8/18/2024, 2:07:09 PM",3.665,85.6,100,1,2024-08-18T18:07:09.000Z
"8/18/2024, 2:12:09 PM",3.666,86.2,100,1,2024-08-18T18:12:09.000Z
"8/18/2024, 2:17:09 PM",3.665,86.5,100,0,2024-08-18T18:17:09.000Z
"8/18/2024, 2:22:09 PM",3.665,87.1,100,1,2024-08-18T18:22:09.000Z
"8/18/2024, 2:27:09 PM",3.665,87.8,100,1,2024-08-18T18:27:09.000Z
"8/18/2024, 2:32:09 PM",3.665,88.9,100,1,2024-08-18T18:32:09.000Z
"8/18/2024, 2:37:09 PM",3.666,89.4,100,1,2024-08-18T18:37:09.000Z
"8/18/2024, 2:42:09 PM",3.665,90,100,2,2024-08-18T18:42:09.000Z
"8/18/2024, 2:47:09 PM",3.665,90.5,100,1,2024-08-18T18:47:09.000Z
"8/18/2024, 2:52:09 PM",3.665,91.6,100,2,2024-08-18T18:52:09.000Z
"8/18/2024, 2:57:09 PM",3.664,92.1,100,2,2024-08-18T18:57:09.000Z
"8/18/2024, 3:02:09 PM",3.665,92.7,100,4,2024-08-18T19:02:09.000Z
"8/18/2024, 3:07:09 PM",3.664,92.8,100,5,2024-08-18T19:07:09.000Z
"8/18/2024, 3:12:09 PM",3.664,92.8,100,6,2024-08-18T19:12:09.000Z
"8/18/2024, 3:17:09 PM",3.664,92.8,100,6,2024-08-18T19:17:09.000Z
"8/18/2024, 3:22:09 PM",3.664,92.3,100,3,2024-08-18T19:22:09.000Z
"8/18/2024, 3:27:09 PM",3.664,91.8,100,2,2024-08-18T19:27:09.000Z
"8/18/2024, 3:32:09 PM",3.665,91.2,100,2,2024-08-18T19:32:09.000Z
"8/18/2024, 3:37:09 PM",3.665,91.6,100,2,2024-08-18T19:37:09.000Z
"8/18/2024, 3:42:09 PM",3.665,92.1,100,2,2024-08-18T19:42:09.000Z
"8/18/2024, 3:47:09 PM",3.664,93,100,2,2024-08-18T19:47:09.000Z
"8/18/2024, 3:52:09 PM",3.664,93.9,100,2,2024-08-18T19:52:09.000Z
"8/18/2024, 3:57:09 PM",3.664,94.6,100,3,2024-08-18T19:57:09.000Z
"8/18/2024, 4:02:09 PM",3.664,95,100,4,2024-08-18T20:02:09.000Z
"8/18/2024, 4:07:09 PM",3.664,95,100,5,2024-08-18T20:07:09.000Z
"8/18/2024, 4:12:09 PM",3.664,95,100,4,2024-08-18T20:12:09.000Z
"8/18/2024, 4:17:09 PM",3.663,94.8,100,3,2024-08-18T20:17:09.000Z
"8/18/2024, 4:22:09 PM",3.664,94.6,100,3,2024-08-18T20:22:09.000Z
"8/18/2024, 4:27:09 PM",3.664,94.3,100,3,2024-08-18T20:27:09.000Z
"8/18/2024, 4:32:09 PM",3.664,94.1,100,2,2024-08-18T20:32:09.000Z
"8/18/2024, 4:37:09 PM",3.664,93.7,100,2,2024-08-18T20:37:09.000Z
"8/18/2024, 4:42:09 PM",3.664,93.2,100,2,2024-08-18T20:42:09.000Z
"8/18/2024, 4:47:09 PM",3.664,92.7,100,2,2024-08-18T20:47:09.000Z
"8/18/2024, 4:52:09 PM",3.664,92.7,100,2,2024-08-18T20:52:09.000Z
"8/18/2024, 4:57:09 PM",3.664,92.8,100,3,2024-08-18T20:57:09.000Z
"8/18/2024, 5:02:09 PM",3.664,92.8,100,4,2024-08-18T21:02:09.000Z
"8/18/2024, 5:07:09 PM",3.664,93.4,100,5,2024-08-18T21:07:09.000Z
"8/18/2024, 5:12:09 PM",3.664,93.9,100,4,2024-08-18T21:12:09.000Z
"8/18/2024, 5:17:09 PM",3.664,94.3,100,4,2024-08-18T21:17:09.000Z
"8/18/2024, 5:22:09 PM",3.664,94.3,100,3,2024-08-18T21:22:09.000Z
"8/18/2024, 5:27:09 PM",3.664,94.5,100,3,2024-08-18T21:27:09.000Z
"8/18/2024, 5:32:09 PM",3.664,94.5,100,3,2024-08-18T21:32:09.000Z
"8/18/2024, 5:37:09 PM",3.664,94.8,100,3,2024-08-18T21:37:09.000Z
"8/18/2024, 5:42:09 PM",3.664,95,100,3,2024-08-18T21:42:09.000Z
"8/18/2024, 5:47:09 PM",3.664,95.2,100,4,2024-08-18T21:47:09.000Z
"8/18/2024, 5:52:09 PM",3.664,95.2,100,4,2024-08-18T21:52:09.000Z
"8/18/2024, 5:57:09 PM",3.664,95.2,100,5,2024-08-18T21:57:09.000Z
"8/18/2024, 6:02:09 PM",3.664,95.2,100,4,2024-08-18T22:02:09.000Z
"8/18/2024, 6:07:09 PM",3.664,95.7,100,5,2024-08-18T22:07:09.000Z
"8/18/2024, 6:12:09 PM",3.664,96.3,100,5,2024-08-18T22:12:09.000Z
"8/18/2024, 6:17:09 PM",3.663,96.4,100,4,2024-08-18T22:17:09.000Z
"8/18/2024, 6:22:09 PM",3.664,96.1,100,5,2024-08-18T22:22:09.000Z
"8/18/2024, 6:27:09 PM",3.664,95.7,100,5,2024-08-18T22:27:09.000Z
"8/18/2024, 6:32:09 PM",3.664,95.9,100,4,2024-08-18T22:32:09.000Z
"8/18/2024, 6:37:09 PM",3.664,95.7,100,4,2024-08-18T22:37:09.000Z
"8/18/2024, 6:42:09 PM",3.664,95.4,100,3,2024-08-18T22:42:09.000Z
"8/18/2024, 6:47:09 PM",3.664,95,100,3,2024-08-18T22:47:09.000Z
"8/18/2024, 6:52:09 PM",3.664,94.8,100,3,2024-08-18T22:52:09.000Z
"8/18/2024, 6:57:09 PM",3.664,94.5,100,2,2024-08-18T22:57:09.000Z
"8/18/2024, 7:02:09 PM",3.664,94.1,100,2,2024-08-18T23:02:09.000Z
"8/18/2024, 7:07:09 PM",3.663,93.7,100,2,2024-08-18T23:07:09.000Z
"8/18/2024, 7:12:09 PM",3.664,93.4,100,2,2024-08-18T23:12:09.000Z
"8/18/2024, 7:17:09 PM",3.664,92.8,100,1,2024-08-18T23:17:09.000Z
"8/18/2024, 7:22:09 PM",3.664,92.3,100,1,2024-08-18T23:22:09.000Z
"8/18/2024, 7:27:09 PM",3.664,91.8,100,1,2024-08-18T23:27:09.000Z
"8/18/2024, 7:32:09 PM",3.664,91.2,100,1,2024-08-18T23:32:09.000Z
"8/18/2024, 7:37:09 PM",3.664,90.7,100,1,2024-08-18T23:37:09.000Z
"8/18/2024, 7:42:09 PM",3.664,90.1,100,1,2024-08-18T23:42:09.000Z
"8/18/2024, 7:47:09 PM",3.665,89.8,100,1,2024-08-18T23:47:09.000Z
"8/18/2024, 7:52:09 PM",3.665,89.2,100,1,2024-08-18T23:52:09.000Z
"8/18/2024, 7:57:09 PM",3.665,88.9,100,1,2024-08-18T23:57:09.000Z
"8/18/2024, 8:02:09 PM",3.665,88.9,100,1,2024-08-19T00:02:09.000Z
"8/18/2024, 8:07:09 PM",3.665,88.3,100,1,2024-08-19T00:07:09.000Z
"8/18/2024, 8:12:09 PM",3.665,88,100,1,2024-08-19T00:12:09.000Z
"8/18/2024, 8:17:09 PM",3.665,87.6,100,0,2024-08-19T00:17:09.000Z
"8/18/2024, 8:22:09 PM",3.665,87.3,100,0,2024-08-19T00:22:09.000Z
"8/18/2024, 8:27:09 PM",3.665,87.1,100,1,2024-08-19T00:27:09.000Z
"8/18/2024, 8:32:09 PM",3.665,86.9,100,0,2024-08-19T00:32:09.000Z
"8/18/2024, 8:37:09 PM",3.665,86.7,100,0,2024-08-19T00:37:09.000Z
"8/18/2024, 8:42:09 PM",3.665,86.5,100,0,2024-08-19T00:42:09.000Z
"8/18/2024, 8:47:09 PM",3.665,86.4,100,0,2024-08-19T00:47:09.000Z
"8/18/2024, 8:52:09 PM",3.665,86.2,100,0,2024-08-19T00:52:09.000Z
"8/18/2024, 8:57:09 PM",3.665,86,100,0,2024-08-19T00:57:09.000Z
"8/18/2024, 9:02:09 PM",3.666,85.8,100,0,2024-08-19T01:02:09.000Z
"8/18/2024, 9:07:09 PM",3.665,85.6,100,0,2024-08-19T01:07:09.000Z
"8/18/2024, 9:12:09 PM",3.666,85.3,100,0,2024-08-19T01:12:09.000Z
"8/18/2024, 9:17:09 PM",3.666,85.1,100,0,2024-08-19T01:17:09.000Z
"8/18/2024, 9:22:09 PM",3.666,84.9,100,0,2024-08-19T01:22:09.000Z
"8/18/2024, 9:27:09 PM",3.665,84.7,100,0,2024-08-19T01:27:09.000Z
"8/18/2024, 9:32:09 PM",3.666,84.7,100,0,2024-08-19T01:32:09.000Z
"8/18/2024, 9:37:09 PM",3.666,84.7,100,0,2024-08-19T01:37:09.000Z
"8/18/2024, 9:42:09 PM",3.666,84.6,100,0,2024-08-19T01:42:09.000Z
"8/18/2024, 9:47:09 PM",3.666,84.4,100,0,2024-08-19T01:47:09.000Z
"8/18/2024, 9:52:09 PM",3.666,84,100,0,2024-08-19T01:52:09.000Z
"8/18/2024, 9:57:09 PM",3.666,84,100,0,2024-08-19T01:57:09.000Z
"8/18/2024, 10:02:09 PM",3.666,83.8,100,0,2024-08-19T02:02:09.000Z
"8/18/2024, 10:07:09 PM",3.666,83.5,100,0,2024-08-19T02:07:09.000Z
"8/18/2024, 10:12:09 PM",3.666,83.3,100,0,2024-08-19T02:12:09.000Z
"8/18/2024, 10:17:09 PM",3.666,83.3,100,0,2024-08-19T02:17:09.000Z
"8/18/2024, 10:22:09 PM",3.666,83.1,100,0,2024-08-19T02:22:09.000Z
"8/18/2024, 10:27:09 PM",3.666,83.1,100,0,2024-08-19T02:27:09.000Z
"8/18/2024, 10:32:09 PM",3.666,83.1,100,0,2024-08-19T02:32:09.000Z
"8/18/2024, 10:37:09 PM",3.666,83.1,100,0,2024-08-19T02:37:09.000Z
"8/18/2024, 10:42:09 PM",3.666,83.1,100,0,2024-08-19T02:42:09.000Z
"8/18/2024, 10:47:09 PM",3.666,83.1,100,0,2024-08-19T02:47:09.000Z
"8/18/2024, 10:52:09 PM",3.666,83.1,100,0,2024-08-19T02:52:09.000Z
"8/18/2024, 10:57:09 PM",3.666,83.3,100,0,2024-08-19T02:57:09.000Z
"8/18/2024, 11:02:09 PM",3.666,83.3,100,0,2024-08-19T03:02:09.000Z
"8/18/2024, 11:07:09 PM",3.666,83.3,100,0,2024-08-19T03:07:09.000Z
"8/18/2024, 11:12:09 PM",3.666,83.3,100,0,2024-08-19T03:12:09.000Z
"8/18/2024, 11:17:09 PM",3.666,83.5,100,0,2024-08-19T03:17:09.000Z
"8/18/2024, 11:22:09 PM",3.666,83.3,100,0,2024-08-19T03:22:09.000Z
"8/18/2024, 11:27:09 PM",3.666,83.3,100,0,2024-08-19T03:27:09.000Z
"8/18/2024, 11:32:09 PM",3.666,83.3,100,0,2024-08-19T03:32:09.000Z
"8/18/2024, 11:37:09 PM",3.666,83.1,100,0,2024-08-19T03:37:09.000Z
"8/18/2024, 11:42:09 PM",3.666,83.1,100,0,2024-08-19T03:42:09.000Z
"8/18/2024, 11:47:09 PM",3.666,82.9,100,0,2024-08-19T03:47:09.000Z
"8/18/2024, 11:52:09 PM",3.666,82.9,100,0,2024-08-19T03:52:09.000Z
"8/18/2024, 11:57:09 PM",3.666,82.8,100,0,2024-08-19T03:57:09.000Z
"8/19/2024, 12:02:09 AM",3.666,82.8,100,0,2024-08-19T04:02:09.000Z
"8/19/2024, 12:07:09 AM",3.666,82.8,100,0,2024-08-19T04:07:09.000Z
"8/19/2024, 12:12:09 AM",3.666,82.4,100,0,2024-08-19T04:12:09.000Z
"8/19/2024, 12:17:09 AM",3.666,82.2,100,0,2024-08-19T04:17:09.000Z
"8/19/2024, 12:22:09 AM",3.666,82,100,0,2024-08-19T04:22:09.000Z
"8/19/2024, 12:27:09 AM",3.666,81.9,100,0,2024-08-19T04:27:09.000Z
"8/19/2024, 12:32:09 AM",3.666,81.9,100,0,2024-08-19T04:32:09.000Z
"8/19/2024, 12:37:09 AM",3.666,81.7,100,0,2024-08-19T04:37:09.000Z
"8/19/2024, 12:42:09 AM",3.666,81.5,100,0,2024-08-19T04:42:09.000Z
"8/19/2024, 12:47:09 AM",3.666,81.5,100,0,2024-08-19T04:47:09.000Z
"8/19/2024, 12:52:09 AM",3.666,81.3,100,0,2024-08-19T04:52:09.000Z
"8/19/2024, 12:57:09 AM",3.666,81.3,100,0,2024-08-19T04:57:09.000Z
"8/19/2024, 1:02:09 AM",3.666,81.3,100,0,2024-08-19T05:02:09.000Z
"8/19/2024, 1:07:09 AM",3.666,81.5,100,0,2024-08-19T05:07:09.000Z
"8/19/2024, 1:12:09 AM",3.666,81.3,100,0,2024-08-19T05:12:09.000Z
"8/19/2024, 1:17:09 AM",3.666,81.3,100,0,2024-08-19T05:17:09.000Z
"8/19/2024, 1:22:09 AM",3.666,81.5,100,0,2024-08-19T05:22:09.000Z
"8/19/2024, 1:27:09 AM",3.666,81.5,100,0,2024-08-19T05:27:09.000Z
"8/19/2024, 1:32:09 AM",3.666,81.5,100,0,2024-08-19T05:32:09.000Z
"8/19/2024, 1:37:09 AM",3.666,81.3,100,0,2024-08-19T05:37:09.000Z
"8/19/2024, 1:42:09 AM",3.666,81.3,100,0,2024-08-19T05:42:09.000Z
"8/19/2024, 1:47:09 AM",3.666,81.5,100,0,2024-08-19T05:47:09.000Z
"8/19/2024, 1:52:09 AM",3.666,81.5,100,0,2024-08-19T05:52:09.000Z
"8/19/2024, 1:57:09 AM",3.666,81.3,100,0,2024-08-19T05:57:09.000Z
"8/19/2024, 2:02:09 AM",3.666,81.3,100,0,2024-08-19T06:02:09.000Z
"8/19/2024, 2:07:09 AM",3.666,81.1,100,0,2024-08-19T06:07:09.000Z
"8/19/2024, 2:12:09 AM",3.666,81.1,100,0,2024-08-19T06:12:09.000Z
"8/19/2024, 2:17:09 AM",3.666,81,100,0,2024-08-19T06:17:09.000Z
"8/19/2024, 2:22:09 AM",3.666,81,100,0,2024-08-19T06:22:09.000Z
"8/19/2024, 2:27:09 AM",3.666,81,100,0,2024-08-19T06:27:09.000Z
"8/19/2024, 2:32:09 AM",3.666,81,100,0,2024-08-19T06:32:09.000Z
"8/19/2024, 2:37:09 AM",3.666,81,100,0,2024-08-19T06:37:09.000Z
"8/19/2024, 2:42:09 AM",3.666,81,100,0,2024-08-19T06:42:09.000Z
"8/19/2024, 2:47:09 AM",3.666,81.1,100,0,2024-08-19T06:47:09.000Z
"8/19/2024, 2:52:09 AM",3.665,81.3,100,0,2024-08-19T06:52:09.000Z
"8/19/2024, 2:57:09 AM",3.666,81.3,100,0,2024-08-19T06:57:09.000Z
"8/19/2024, 3:02:09 AM",3.666,81.3,100,0,2024-08-19T07:02:09.000Z
"8/19/2024, 3:07:09 AM",3.666,81.5,100,1,2024-08-19T07:07:09.000Z
"8/19/2024, 3:12:09 AM",3.666,81.3,100,0,2024-08-19T07:12:09.000Z
"8/19/2024, 3:17:09 AM",3.666,81.1,100,0,2024-08-19T07:17:09.000Z
"8/19/2024, 3:22:09 AM",3.666,81,100,0,2024-08-19T07:22:09.000Z
"8/19/2024, 3:27:09 AM",3.666,80.8,100,0,2024-08-19T07:27:09.000Z
"8/19/2024, 3:32:09 AM",3.666,80.6,100,0,2024-08-19T07:32:09.000Z
"8/19/2024, 3:37:09 AM",3.666,80.6,100,0,2024-08-19T07:37:09.000Z
"8/19/2024, 3:42:09 AM",3.666,80.1,100,0,2024-08-19T07:42:09.000Z
"8/19/2024, 3:47:09 AM",3.667,79.7,100,0,2024-08-19T07:47:09.000Z
"8/19/2024, 3:52:09 AM",3.666,79.2,100,0,2024-08-19T07:52:09.000Z
"8/19/2024, 3:57:09 AM",3.666,79,100,0,2024-08-19T07:57:09.000Z
"8/19/2024, 4:02:09 AM",3.666,79,100,0,2024-08-19T08:02:09.000Z
"8/19/2024, 4:07:09 AM",3.666,79,100,0,2024-08-19T08:07:09.000Z
"8/19/2024, 4:12:09 AM",3.667,79,100,0,2024-08-19T08:12:09.000Z
"8/19/2024, 4:17:09 AM",3.666,79,100,0,2024-08-19T08:17:09.000Z
"8/19/2024, 4:22:09 AM",3.666,79,100,0,2024-08-19T08:22:09.000Z
"8/19/2024, 4:27:09 AM",3.667,79,100,0,2024-08-19T08:27:09.000Z
"8/19/2024, 4:32:09 AM",3.667,79.2,100,0,2024-08-19T08:32:09.000Z
"8/19/2024, 4:37:09 AM",3.666,79.5,100,0,2024-08-19T08:37:09.000Z
"8/19/2024, 4:42:09 AM",3.666,79.5,100,0,2024-08-19T08:42:09.000Z
"8/19/2024, 4:47:09 AM",3.666,79.7,100,0,2024-08-19T08:47:09.000Z
"8/19/2024, 4:52:09 AM",3.666,79.9,100,0,2024-08-19T08:52:09.000Z
"8/19/2024, 4:57:09 AM",3.666,79.9,100,0,2024-08-19T08:57:09.000Z
"8/19/2024, 5:02:09 AM",3.666,79.9,100,0,2024-08-19T09:02:09.000Z
"8/19/2024, 5:07:09 AM",3.666,79.9,100,0,2024-08-19T09:07:09.000Z
"8/19/2024, 5:12:09 AM",3.666,79.9,100,0,2024-08-19T09:12:09.000Z
"8/19/2024, 5:17:09 AM",3.666,79.7,100,0,2024-08-19T09:17:09.000Z
"8/19/2024, 5:22:09 AM",3.666,79.7,100,0,2024-08-19T09:22:09.000Z
"8/19/2024, 5:27:09 AM",3.666,79.7,100,0,2024-08-19T09:27:09.000Z
"8/19/2024, 5:32:09 AM",3.666,79.5,100,0,2024-08-19T09:32:09.000Z
"8/19/2024, 5:37:09 AM",3.666,79.3,100,0,2024-08-19T09:37:09.000Z
"8/19/2024, 5:42:09 AM",3.666,79.2,100,0,2024-08-19T09:42:09.000Z
"8/19/2024, 5:47:09 AM",3.666,79,100,0,2024-08-19T09:47:09.000Z
"8/19/2024, 5:52:09 AM",3.666,79,100,0,2024-08-19T09:52:09.000Z
"8/19/2024, 5:57:09 AM",3.666,79,100,0,2024-08-19T09:57:09.000Z
"8/19/2024, 6:02:09 AM",3.666,79,100,0,2024-08-19T10:02:09.000Z
"8/19/2024, 6:07:09 AM",3.666,78.8,100,0,2024-08-19T10:07:09.000Z
"8/19/2024, 6:12:09 AM",3.666,78.8,100,0,2024-08-19T10:12:09.000Z
"8/19/2024, 6:17:09 AM",3.666,78.8,100,0,2024-08-19T10:17:09.000Z
"8/19/2024, 6:22:09 AM",3.667,78.6,100,0,2024-08-19T10:22:09.000Z
"8/19/2024, 6:27:09 AM",3.667,78.6,100,0,2024-08-19T10:27:09.000Z
"8/19/2024, 6:32:09 AM",3.666,78.6,100,0,2024-08-19T10:32:09.000Z
"8/19/2024, 6:37:09 AM",3.666,78.6,100,0,2024-08-19T10:37:09.000Z
"8/19/2024, 6:42:09 AM",3.666,78.6,100,0,2024-08-19T10:42:09.000Z
"8/19/2024, 6:47:09 AM",3.667,78.6,100,0,2024-08-19T10:47:09.000Z
"8/19/2024, 6:52:09 AM",3.666,78.6,100,0,2024-08-19T10:52:09.000Z
"8/19/2024, 6:57:09 AM",3.666,78.6,100,0,2024-08-19T10:57:09.000Z
"8/19/2024, 7:02:09 AM",3.666,78.6,100,0,2024-08-19T11:02:09.000Z
"8/19/2024, 7:07:09 AM",3.666,78.6,100,0,2024-08-19T11:07:09.000Z
"8/19/2024, 7:12:09 AM",3.666,78.6,100,0,2024-08-19T11:12:09.000Z
"8/19/2024, 7:17:09 AM",3.666,78.6,100,0,2024-08-19T11:17:09.000Z
"8/19/2024, 7:22:09 AM",3.666,78.6,100,0,2024-08-19T11:22:09.000Z
"8/19/2024, 7:27:09 AM",3.666,78.6,100,0,2024-08-19T11:27:09.000Z
"8/19/2024, 7:32:09 AM",3.666,78.8,100,0,2024-08-19T11:32:09.000Z
"8/19/2024, 7:37:09 AM",3.666,78.8,100,0,2024-08-19T11:37:09.000Z
"8/19/2024, 7:42:09 AM",3.666,78.8,100,0,2024-08-19T11:42:09.000Z
"8/19/2024, 7:47:09 AM",3.667,79,100,0,2024-08-19T11:47:09.000Z
"8/19/2024, 7:52:09 AM",3.667,79,100,0,2024-08-19T11:52:09.000Z
"8/19/2024, 7:57:09 AM",3.666,79,100,0,2024-08-19T11:57:09.000Z
"8/19/2024, 8:02:09 AM",3.667,79,100,0,2024-08-19T12:02:09.000Z
"8/19/2024, 8:07:09 AM",3.666,79,100,0,2024-08-19T12:07:09.000Z
"8/19/2024, 8:12:09 AM",3.667,79,100,0,2024-08-19T12:12:09.000Z
"8/19/2024, 8:17:09 AM",3.666,79.2,100,0,2024-08-19T12:17:09.000Z
"8/19/2024, 8:22:09 AM",3.666,79.3,100,0,2024-08-19T12:22:09.000Z
"8/19/2024, 8:27:09 AM",3.666,79.5,100,0,2024-08-19T12:27:09.000Z
"8/19/2024, 8:32:09 AM",3.666,79.7,100,0,2024-08-19T12:32:09.000Z
"8/19/2024, 8:37:09 AM",3.666,79.9,100,0,2024-08-19T12:37:09.000Z
"8/19/2024, 8:42:09 AM",3.666,80.1,100,0,2024-08-19T12:42:09.000Z
"8/19/2024, 8:47:09 AM",3.666,80.4,100,0,2024-08-19T12:47:09.000Z
"8/19/2024, 8:52:09 AM",3.666,80.6,100,0,2024-08-19T12:52:09.000Z
"8/19/2024, 8:57:09 AM",3.666,80.8,100,0,2024-08-19T12:57:09.000Z
"8/19/2024, 9:02:09 AM",3.666,81.1,100,0,2024-08-19T13:02:09.000Z
"8/19/2024, 9:07:09 AM",3.666,81.3,100,0,2024-08-19T13:07:09.000Z
"8/19/2024, 9:12:09 AM",3.666,81.5,100,0,2024-08-19T13:12:09.000Z
"8/19/2024, 9:17:09 AM",3.666,81.7,100,0,2024-08-19T13:17:09.000Z
"8/19/2024, 9:22:09 AM",3.666,81.9,100,0,2024-08-19T13:22:09.000Z
"8/19/2024, 9:27:09 AM",3.666,82.2,100,0,2024-08-19T13:27:09.000Z
"8/19/2024, 9:32:09 AM",3.666,82.4,100,0,2024-08-19T13:32:09.000Z
"8/19/2024, 9:37:09 AM",3.666,82.6,100,0,2024-08-19T13:37:09.000Z
"8/19/2024, 9:42:09 AM",3.666,82.8,100,0,2024-08-19T13:42:09.000Z
"8/19/2024, 9:47:09 AM",3.665,82.9,100,0,2024-08-19T13:47:09.000Z
"8/19/2024, 9:52:09 AM",3.666,83.1,100,0,2024-08-19T13:52:09.000Z
"8/19/2024, 9:57:09 AM",3.665,83.3,100,0,2024-08-19T13:57:09.000Z
"8/19/2024, 10:02:09 AM",3.666,83.7,100,0,2024-08-19T14:02:09.000Z
"8/19/2024, 10:07:09 AM",3.666,84,100,0,2024-08-19T14:07:09.000Z
"8/19/2024, 10:12:09 AM",3.666,84,100,0,2024-08-19T14:12:09.000Z
"8/19/2024, 10:17:09 AM",3.666,84.2,100,0,2024-08-19T14:17:09.000Z
"8/19/2024, 10:22:09 AM",3.665,84.6,100,0,2024-08-19T14:22:09.000Z
"8/19/2024, 10:27:09 AM",3.665,84.7,100,0,2024-08-19T14:27:09.000Z
"8/19/2024, 10:32:09 AM",3.666,85.1,100,0,2024-08-19T14:32:09.000Z
"8/19/2024, 10:37:09 AM",3.666,85.5,100,0,2024-08-19T14:37:09.000Z
"8/19/2024, 10:42:09 AM",3.665,85.6,100,0,2024-08-19T14:42:09.000Z
"8/19/2024, 10:47:09 AM",3.665,86.2,100,0,2024-08-19T14:47:09.000Z
"8/19/2024, 10:52:09 AM",3.665,86.4,100,0,2024-08-19T14:52:09.000Z
"8/19/2024, 10:57:09 AM",3.666,86.5,100,0,2024-08-19T14:57:09.000Z
"8/19/2024, 11:02:09 AM",3.665,86.7,100,0,2024-08-19T15:02:09.000Z
"8/19/2024, 11:07:09 AM",3.665,86.9,100,0,2024-08-19T15:07:09.000Z
"8/19/2024, 11:12:09 AM",3.665,86.9,100,0,2024-08-19T15:12:09.000Z
"8/19/2024, 11:17:09 AM",3.665,86.5,100,0,2024-08-19T15:17:09.000Z
"8/19/2024, 11:22:09 AM",3.665,86.5,100,0,2024-08-19T15:22:09.000Z
"8/19/2024, 11:27:09 AM",3.665,86.4,100,0,2024-08-19T15:27:09.000Z
"8/19/2024, 11:32:09 AM",3.665,86.7,100,0,2024-08-19T15:32:09.000Z
"8/19/2024, 11:37:09 AM",3.665,86.9,100,0,2024-08-19T15:37:09.000Z
"8/19/2024, 11:42:09 AM",3.665,87.1,100,0,2024-08-19T15:42:09.000Z
"8/19/2024, 11:47:09 AM",3.665,87.1,100,0,2024-08-19T15:47:09.000Z
"8/19/2024, 11:52:09 AM",3.665,86.9,100,0,2024-08-19T15:52:09.000Z
"8/19/2024, 11:57:09 AM",3.665,87.1,100,0,2024-08-19T15:57:09.000Z
"8/19/2024, 12:02:09 PM",3.665,87.3,100,0,2024-08-19T16:02:09.000Z
"8/19/2024, 12:07:09 PM",3.665,87.8,100,0,2024-08-19T16:07:09.000Z
"8/19/2024, 12:12:09 PM",3.665,88,100,0,2024-08-19T16:12:09.000Z
"8/19/2024, 12:17:09 PM",3.665,88,100,0,2024-08-19T16:17:09.000Z
"8/19/2024, 12:22:09 PM",3.665,88.5,100,0,2024-08-19T16:22:09.000Z
"8/19/2024, 12:27:09 PM",3.665,88.9,100,0,2024-08-19T16:27:09.000Z
"8/19/2024, 12:32:09 PM",3.665,89.2,100,0,2024-08-19T16:32:09.000Z
"8/19/2024, 12:37:09 PM",3.665,90,100,0,2024-08-19T16:37:09.000Z
"8/19/2024, 12:42:09 PM",3.665,90.1,100,0,2024-08-19T16:42:09.000Z
"8/19/2024, 12:47:09 PM",3.664,90.3,100,0,2024-08-19T16:47:09.000Z
"8/19/2024, 12:52:09 PM",3.665,90.5,100,0,2024-08-19T16:52:09.000Z
"8/19/2024, 12:57:09 PM",3.665,91,100,0,2024-08-19T16:57:09.000Z
"8/19/2024, 1:02:09 PM",3.664,90.9,100,0,2024-08-19T17:02:09.000Z
"8/19/2024, 1:07:09 PM",3.664,91.2,100,0,2024-08-19T17:07:09.000Z
"8/19/2024, 1:12:09 PM",3.664,91.4,100,0,2024-08-19T17:12:09.000Z
"8/19/2024, 1:17:09 PM",3.664,91.2,100,0,2024-08-19T17:17:09.000Z
"8/19/2024, 1:22:09 PM",3.664,91.2,100,0,2024-08-19T17:22:09.000Z
"8/19/2024, 1:27:09 PM",3.664,91,100,0,2024-08-19T17:27:09.000Z
"8/19/2024, 1:32:09 PM",3.664,91,100,0,2024-08-19T17:32:09.000Z
"8/19/2024, 1:37:09 PM",3.664,91.2,100,0,2024-08-19T17:37:09.000Z
"8/19/2024, 1:42:09 PM",3.664,91.6,100,0,2024-08-19T17:42:09.000Z
"8/19/2024, 1:47:09 PM",3.664,91.8,100,0,2024-08-19T17:47:09.000Z
"8/19/2024, 1:52:09 PM",3.664,91.9,100,0,2024-08-19T17:52:09.000Z
"8/19/2024, 1:57:09 PM",3.664,92.1,100,0,2024-08-19T17:57:09.000Z
"8/19/2024, 2:02:09 PM",3.664,91.9,100,0,2024-08-19T18:02:09.000Z
"8/19/2024, 2:07:09 PM",3.664,91.8,100,0,2024-08-19T18:07:09.000Z
"8/19/2024, 2:12:09 PM",3.664,92.3,100,0,2024-08-19T18:12:09.000Z
"8/19/2024, 2:17:09 PM",3.664,92.3,100,0,2024-08-19T18:17:09.000Z
"8/19/2024, 2:22:09 PM",3.664,92.3,100,0,2024-08-19T18:22:09.000Z
"8/19/2024, 2:27:09 PM",3.664,92.3,100,0,2024-08-19T18:27:09.000Z
"8/19/2024, 2:32:09 PM",3.664,92.3,100,0,2024-08-19T18:32:09.000Z
"8/19/2024, 2:37:09 PM",3.664,92.7,100,0,2024-08-19T18:37:09.000Z
"8/19/2024, 2:42:09 PM",3.664,92.7,100,0,2024-08-19T18:42:09.000Z
"8/19/2024, 2:47:09 PM",3.664,92.1,100,0,2024-08-19T18:47:09.000Z
"8/19/2024, 2:52:09 PM",3.664,91.6,100,0,2024-08-19T18:52:09.000Z
"8/19/2024, 2:57:09 PM",3.664,91.8,100,0,2024-08-19T18:57:09.000Z
"8/19/2024, 3:02:09 PM",3.665,92.3,100,0,2024-08-19T19:02:09.000Z
"8/19/2024, 3:07:09 PM",3.664,92.5,100,0,2024-08-19T19:07:09.000Z
"8/19/2024, 3:12:09 PM",3.664,92.8,100,0,2024-08-19T19:12:09.000Z
"8/19/2024, 3:17:09 PM",3.664,92.8,100,0,2024-08-19T19:17:09.000Z
"8/19/2024, 3:22:09 PM",3.664,93.2,100,0,2024-08-19T19:22:09.000Z
"8/19/2024, 3:27:09 PM",3.664,93.6,100,0,2024-08-19T19:27:09.000Z
"8/19/2024, 3:32:09 PM",3.664,93.6,100,0,2024-08-19T19:32:09.000Z
"8/19/2024, 3:37:09 PM",3.664,93.2,100,0,2024-08-19T19:37:09.000Z
"8/19/2024, 3:42:09 PM",3.664,93.4,100,0,2024-08-19T19:42:09.000Z
"8/19/2024, 3:47:09 PM",3.664,93.4,100,0,2024-08-19T19:47:09.000Z
"8/19/2024, 3:52:09 PM",3.664,93.4,100,0,2024-08-19T19:52:09.000Z
"8/19/2024, 3:57:09 PM",3.664,93.9,100,0,2024-08-19T19:57:09.000Z
"8/19/2024, 4:02:09 PM",3.664,93.9,100,0,2024-08-19T20:02:09.000Z
"8/19/2024, 4:07:09 PM",3.664,93.7,100,0,2024-08-19T20:07:09.000Z
"8/19/2024, 4:12:09 PM",3.664,93.4,100,0,2024-08-19T20:12:09.000Z
"8/19/2024, 4:17:09 PM",3.664,93,100,0,2024-08-19T20:17:09.000Z
"8/19/2024, 4:22:09 PM",3.664,92.7,100,0,2024-08-19T20:22:09.000Z
"8/19/2024, 4:27:09 PM",3.664,92.8,100,0,2024-08-19T20:27:09.000Z
"8/19/2024, 4:32:09 PM",3.664,92.8,100,0,2024-08-19T20:32:09.000Z
"8/19/2024, 4:37:09 PM",3.664,93,100,0,2024-08-19T20:37:09.000Z
"8/19/2024, 4:42:09 PM",3.664,93.4,100,0,2024-08-19T20:42:09.000Z
"8/19/2024, 4:47:09 PM",3.664,93.6,100,0,2024-08-19T20:47:09.000Z
"8/19/2024, 4:52:09 PM",3.664,93.6,100,0,2024-08-19T20:52:09.000Z
"8/19/2024, 4:57:09 PM",3.664,93.7,100,0,2024-08-19T20:57:09.000Z
"8/19/2024, 5:02:09 PM",3.664,93.7,100,0,2024-08-19T21:02:09.000Z
"8/19/2024, 5:07:09 PM",3.664,93,100,0,2024-08-19T21:07:09.000Z
"8/19/2024, 5:12:09 PM",3.664,92.1,100,0,2024-08-19T21:12:09.000Z
"8/19/2024, 5:17:09 PM",3.664,91.4,100,0,2024-08-19T21:17:09.000Z
"8/19/2024, 5:22:09 PM",3.664,91,100,0,2024-08-19T21:22:09.000Z
"8/19/2024, 5:27:09 PM",3.664,91,100,0,2024-08-19T21:27:09.000Z
"8/19/2024, 5:32:09 PM",3.664,91.2,100,0,2024-08-19T21:32:09.000Z
"8/19/2024, 5:37:09 PM",3.664,91.4,100,0,2024-08-19T21:37:09.000Z
"8/19/2024, 5:42:09 PM",3.665,91.6,100,0,2024-08-19T21:42:09.000Z
"8/19/2024, 5:47:09 PM",3.665,91.4,100,0,2024-08-19T21:47:09.000Z
"8/19/2024, 5:52:09 PM",3.665,90.7,100,0,2024-08-19T21:52:09.000Z
"8/19/2024, 5:57:09 PM",3.664,90,100,0,2024-08-19T21:57:09.000Z
"8/19/2024, 6:02:09 PM",3.665,89.2,100,0,2024-08-19T22:02:09.000Z
"8/19/2024, 6:07:09 PM",3.665,89.2,100,0,2024-08-19T22:07:09.000Z
"8/19/2024, 6:12:09 PM",3.664,89.6,100,0,2024-08-19T22:12:09.000Z
"8/19/2024, 6:17:09 PM",3.664,90,100,0,2024-08-19T22:17:09.000Z
"8/19/2024, 6:22:09 PM",3.665,90.1,100,0,2024-08-19T22:22:09.000Z
"8/19/2024, 6:27:09 PM",3.665,90.1,100,0,2024-08-19T22:27:09.000Z
"8/19/2024, 6:32:09 PM",3.664,90,100,0,2024-08-19T22:32:09.000Z
"8/19/2024, 6:37:09 PM",3.665,89.1,100,0,2024-08-19T22:37:09.000Z
"8/19/2024, 6:42:09 PM",3.665,88.3,100,0,2024-08-19T22:42:09.000Z
"8/19/2024, 6:47:09 PM",3.665,87.6,100,0,2024-08-19T22:47:09.000Z
"8/19/2024, 6:52:09 PM",3.665,87.3,100,0,2024-08-19T22:52:09.000Z
"8/19/2024, 6:57:09 PM",3.665,86.7,100,0,2024-08-19T22:57:09.000Z
"8/19/2024, 7:02:09 PM",3.665,86,100,0,2024-08-19T23:02:09.000Z
"8/19/2024, 7:07:09 PM",3.665,85.5,100,0,2024-08-19T23:07:09.000Z
"8/19/2024, 7:12:09 PM",3.665,84.9,100,0,2024-08-19T23:12:09.000Z
"8/19/2024, 7:17:09 PM",3.665,84.6,100,0,2024-08-19T23:17:09.000Z
"8/19/2024, 7:22:09 PM",3.665,84.2,100,0,2024-08-19T23:22:09.000Z
"8/19/2024, 7:27:09 PM",3.665,84,100,0,2024-08-19T23:27:09.000Z
"8/19/2024, 7:32:09 PM",3.665,83.7,100,0,2024-08-19T23:32:09.000Z
"8/19/2024, 7:37:09 PM",3.666,83.3,100,0,2024-08-19T23:37:09.000Z
"8/19/2024, 7:42:09 PM",3.666,82.9,100,0,2024-08-19T23:42:09.000Z
"8/19/2024, 7:47:09 PM",3.665,82.8,100,0,2024-08-19T23:47:09.000Z
"8/19/2024, 7:52:09 PM",3.665,82.4,100,0,2024-08-19T23:52:09.000Z
"8/19/2024, 7:57:09 PM",3.666,82.2,100,0,2024-08-19T23:57:09.000Z
"8/19/2024, 8:02:09 PM",3.666,81.9,100,0,2024-08-20T00:02:09.000Z
"8/19/2024, 8:07:09 PM",3.666,81.7,100,0,2024-08-20T00:07:09.000Z
"8/19/2024, 8:12:09 PM",3.666,81.3,100,0,2024-08-20T00:12:09.000Z
"8/19/2024, 8:17:09 PM",3.666,81.1,100,0,2024-08-20T00:17:09.000Z
"8/19/2024, 8:22:09 PM",3.666,81,100,0,2024-08-20T00:22:09.000Z
"8/19/2024, 8:27:09 PM",3.666,80.6,100,0,2024-08-20T00:27:09.000Z
"8/19/2024, 8:32:09 PM",3.666,80.4,100,0,2024-08-20T00:32:09.000Z
"8/19/2024, 8:37:09 PM",3.666,80.1,100,0,2024-08-20T00:37:09.000Z
"8/19/2024, 8:42:09 PM",3.666,79.9,100,0,2024-08-20T00:42:09.000Z
"8/19/2024, 8:47:09 PM",3.666,79.7,100,0,2024-08-20T00:47:09.000Z
"8/19/2024, 8:52:09 PM",3.666,79.5,100,0,2024-08-20T00:52:09.000Z
"8/19/2024, 8:57:09 PM",3.666,79.3,100,0,2024-08-20T00:57:09.000Z
"8/19/2024, 9:02:09 PM",3.665,79.2,100,0,2024-08-20T01:02:09.000Z
"8/19/2024, 9:07:09 PM",3.666,79,100,0,2024-08-20T01:07:09.000Z
"8/19/2024, 9:12:09 PM",3.666,79,100,0,2024-08-20T01:12:09.000Z
"8/19/2024, 9:17:09 PM",3.666,79,100,0,2024-08-20T01:17:09.000Z
"8/19/2024, 9:22:09 PM",3.666,79,100,0,2024-08-20T01:22:09.000Z
"8/19/2024, 9:27:09 PM",3.666,79,100,0,2024-08-20T01:27:09.000Z
"8/19/2024, 9:32:09 PM",3.667,79,100,0,2024-08-20T01:32:09.000Z
"8/19/2024, 9:37:09 PM",3.666,79,100,0,2024-08-20T01:37:09.000Z
"8/19/2024, 9:42:09 PM",3.666,79,100,0,2024-08-20T01:42:09.000Z
"8/19/2024, 9:47:09 PM",3.666,79,100,0,2024-08-20T01:47:09.000Z
"8/19/2024, 9:52:09 PM",3.666,79,100,0,2024-08-20T01:52:09.000Z
"8/19/2024, 9:57:09 PM",3.666,78.8,100,1,2024-08-20T01:57:09.000Z
"8/19/2024, 10:02:09 PM",3.667,78.8,100,1,2024-08-20T02:02:09.000Z
"8/19/2024, 10:07:09 PM",3.666,78.6,100,0,2024-08-20T02:07:09.000Z
"8/19/2024, 10:12:09 PM",3.666,78.4,100,1,2024-08-20T02:12:09.000Z
"8/19/2024, 10:17:09 PM",3.667,78.4,100,1,2024-08-20T02:17:09.000Z
"8/19/2024, 10:22:09 PM",3.666,78.3,100,1,2024-08-20T02:22:09.000Z
"8/19/2024, 10:27:09 PM",3.666,78.1,100,1,2024-08-20T02:27:09.000Z
"8/19/2024, 10:32:09 PM",3.667,78.1,100,0,2024-08-20T02:32:09.000Z
"8/19/2024, 10:37:09 PM",3.666,77.9,100,1,2024-08-20T02:37:09.000Z
"8/19/2024, 10:42:09 PM",3.666,77.9,100,1,2024-08-20T02:42:09.000Z
"8/19/2024, 10:47:09 PM",3.666,77.9,100,0,2024-08-20T02:47:09.000Z
"8/19/2024, 10:52:09 PM",3.666,77.7,100,1,2024-08-20T02:52:09.000Z
"8/19/2024, 10:57:09 PM",3.667,77.7,100,0,2024-08-20T02:57:09.000Z
"8/19/2024, 11:02:09 PM",3.666,77.4,100,1,2024-08-20T03:02:09.000Z
"8/19/2024, 11:07:09 PM",3.666,77.2,100,1,2024-08-20T03:07:09.000Z
"8/19/2024, 11:12:09 PM",3.666,77.2,100,1,2024-08-20T03:12:09.000Z
"8/19/2024, 11:17:09 PM",3.666,77,100,0,2024-08-20T03:17:09.000Z
"8/19/2024, 11:22:09 PM",3.666,76.8,100,0,2024-08-20T03:22:09.000Z
"8/19/2024, 11:27:09 PM",3.666,76.6,100,0,2024-08-20T03:27:09.000Z
"8/19/2024, 11:32:09 PM",3.666,76.6,100,0,2024-08-20T03:32:09.000Z
"8/19/2024, 11:37:09 PM",3.666,76.5,100,0,2024-08-20T03:37:09.000Z
"8/19/2024, 11:42:09 PM",3.666,76.5,100,0,2024-08-20T03:42:09.000Z
"8/19/2024, 11:47:09 PM",3.666,76.5,100,0,2024-08-20T03:47:09.000Z
"8/19/2024, 11:52:09 PM",3.666,76.3,100,0,2024-08-20T03:52:09.000Z
"8/19/2024, 11:57:09 PM",3.666,76.5,100,1,2024-08-20T03:57:09.000Z
"8/20/2024, 12:02:09 AM",3.666,76.3,100,0,2024-08-20T04:02:09.000Z
"8/20/2024, 12:07:09 AM",3.666,76.3,100,1,2024-08-20T04:07:09.000Z
"8/20/2024, 12:12:09 AM",3.666,76.3,100,1,2024-08-20T04:12:09.000Z
"8/20/2024, 12:17:09 AM",3.666,76.3,100,1,2024-08-20T04:17:09.000Z
"8/20/2024, 12:22:09 AM",3.666,76.1,100,1,2024-08-20T04:22:09.000Z
"8/20/2024, 12:27:09 AM",3.666,75.9,100,1,2024-08-20T04:27:09.000Z
"8/20/2024, 12:32:09 AM",3.666,76.1,100,1,2024-08-20T04:32:09.000Z
"8/20/2024, 12:37:09 AM",3.666,75.9,100,1,2024-08-20T04:37:09.000Z
"8/20/2024, 12:42:09 AM",3.666,76.1,100,1,2024-08-20T04:42:09.000Z
"8/20/2024, 12:47:09 AM",3.666,76.1,100,1,2024-08-20T04:47:09.000Z
"8/20/2024, 12:52:09 AM",3.666,76.1,100,1,2024-08-20T04:52:09.000Z
"8/20/2024, 12:57:09 AM",3.666,75.9,100,1,2024-08-20T04:57:09.000Z
"8/20/2024, 1:02:09 AM",3.666,75.9,100,1,2024-08-20T05:02:09.000Z
"8/20/2024, 1:07:09 AM",3.666,75.9,100,1,2024-08-20T05:07:09.000Z
"8/20/2024, 1:12:09 AM",3.666,76.1,100,1,2024-08-20T05:12:09.000Z
"8/20/2024, 1:17:09 AM",3.666,76.1,100,1,2024-08-20T05:17:09.000Z
"8/20/2024, 1:22:09 AM",3.666,76.1,100,1,2024-08-20T05:22:09.000Z
"8/20/2024, 1:27:09 AM",3.666,76.3,100,1,2024-08-20T05:27:09.000Z
"8/20/2024, 1:32:09 AM",3.666,76.3,100,1,2024-08-20T05:32:09.000Z
"8/20/2024, 1:37:09 AM",3.666,76.3,100,1,2024-08-20T05:37:09.000Z
"8/20/2024, 1:42:09 AM",3.666,76.3,100,1,2024-08-20T05:42:09.000Z
"8/20/2024, 1:47:09 AM",3.666,76.3,100,1,2024-08-20T05:47:09.000Z
"8/20/2024, 1:52:09 AM",3.666,76.1,100,1,2024-08-20T05:52:09.000Z
"8/20/2024, 1:57:09 AM",3.666,75.9,100,1,2024-08-20T05:57:09.000Z
"8/20/2024, 2:02:09 AM",3.666,75.9,100,1,2024-08-20T06:02:09.000Z
"8/20/2024, 2:07:09 AM",3.666,75.9,100,1,2024-08-20T06:07:09.000Z
"8/20/2024, 2:12:09 AM",3.666,75.7,100,1,2024-08-20T06:12:09.000Z
"8/20/2024, 2:17:09 AM",3.666,75.6,100,1,2024-08-20T06:17:09.000Z
"8/20/2024, 2:22:09 AM",3.666,75.6,100,1,2024-08-20T06:22:09.000Z
"8/20/2024, 2:27:09 AM",3.666,75.6,100,1,2024-08-20T06:27:09.000Z
"8/20/2024, 2:32:09 AM",3.666,75.6,100,1,2024-08-20T06:32:09.000Z
"8/20/2024, 2:37:09 AM",3.666,75.6,100,1,2024-08-20T06:37:09.000Z
"8/20/2024, 2:42:09 AM",3.666,75.6,100,1,2024-08-20T06:42:09.000Z
"8/20/2024, 2:47:09 AM",3.666,75.6,100,1,2024-08-20T06:47:09.000Z
"8/20/2024, 2:52:09 AM",3.666,75.6,100,1,2024-08-20T06:52:09.000Z
"8/20/2024, 2:57:09 AM",3.666,75.6,100,1,2024-08-20T06:57:09.000Z
"8/20/2024, 3:02:09 AM",3.666,75.6,100,1,2024-08-20T07:02:09.000Z
"8/20/2024, 3:07:09 AM",3.666,75.4,100,1,2024-08-20T07:07:09.000Z
"8/20/2024, 3:12:09 AM",3.666,75.4,100,1,2024-08-20T07:12:09.000Z
"8/20/2024, 3:17:09 AM",3.667,75.2,100,1,2024-08-20T07:17:09.000Z
"8/20/2024, 3:22:09 AM",3.666,75,100,1,2024-08-20T07:22:09.000Z
"8/20/2024, 3:27:09 AM",3.666,75,100,1,2024-08-20T07:27:09.000Z
"8/20/2024, 3:32:09 AM",3.666,75,100,1,2024-08-20T07:32:09.000Z
"8/20/2024, 3:37:09 AM",3.666,75,100,1,2024-08-20T07:37:09.000Z
"8/20/2024, 3:42:09 AM",3.666,74.8,100,1,2024-08-20T07:42:09.000Z
"8/20/2024, 3:47:09 AM",3.666,74.8,100,1,2024-08-20T07:47:09.000Z
"8/20/2024, 3:52:09 AM",3.666,74.8,100,1,2024-08-20T07:52:09.000Z
"8/20/2024, 3:57:09 AM",3.666,74.8,100,1,2024-08-20T07:57:09.000Z
"8/20/2024, 4:02:09 AM",3.666,74.8,100,1,2024-08-20T08:02:09.000Z
"8/20/2024, 4:07:09 AM",3.666,74.7,100,1,2024-08-20T08:07:09.000Z
"8/20/2024, 4:12:09 AM",3.666,74.5,100,1,2024-08-20T08:12:09.000Z
"8/20/2024, 4:17:09 AM",3.666,74.3,100,1,2024-08-20T08:17:09.000Z
"8/20/2024, 4:22:09 AM",3.667,74.1,100,1,2024-08-20T08:22:09.000Z
"8/20/2024, 4:27:09 AM",3.666,73.9,100,1,2024-08-20T08:27:09.000Z
"8/20/2024, 4:32:09 AM",3.666,73.8,100,1,2024-08-20T08:32:09.000Z
"8/20/2024, 4:37:09 AM",3.666,73.8,100,1,2024-08-20T08:37:09.000Z
"8/20/2024, 4:42:09 AM",3.666,73.6,100,1,2024-08-20T08:42:09.000Z
"8/20/2024, 4:47:09 AM",3.667,73.6,100,1,2024-08-20T08:47:09.000Z
"8/20/2024, 4:52:09 AM",3.667,73.4,100,1,2024-08-20T08:52:09.000Z
"8/20/2024, 4:57:09 AM",3.666,73.2,100,1,2024-08-20T08:57:09.000Z
"8/20/2024, 5:02:09 AM",3.666,73.2,100,1,2024-08-20T09:02:09.000Z
"8/20/2024, 5:07:09 AM",3.667,73.2,100,1,2024-08-20T09:07:09.000Z
"8/20/2024, 5:12:09 AM",3.667,73,100,1,2024-08-20T09:12:09.000Z
"8/20/2024, 5:17:09 AM",3.666,72.9,100,1,2024-08-20T09:17:09.000Z
"8/20/2024, 5:22:09 AM",3.666,72.7,100,1,2024-08-20T09:22:09.000Z
"8/20/2024, 5:27:09 AM",3.667,72.7,100,1,2024-08-20T09:27:09.000Z
"8/20/2024, 5:32:09 AM",3.667,72.5,100,1,2024-08-20T09:32:09.000Z
"8/20/2024, 5:37:09 AM",3.666,72.3,100,1,2024-08-20T09:37:09.000Z
"8/20/2024, 5:42:09 AM",3.667,72.3,100,1,2024-08-20T09:42:09.000Z
"8/20/2024, 5:47:09 AM",3.667,72.3,100,1,2024-08-20T09:47:09.000Z
"8/20/2024, 5:52:09 AM",3.666,72.3,100,1,2024-08-20T09:52:09.000Z
"8/20/2024, 5:57:09 AM",3.666,72.1,100,1,2024-08-20T09:57:09.000Z
"8/20/2024, 6:02:09 AM",3.667,72,100,1,2024-08-20T10:02:09.000Z
"8/20/2024, 6:07:09 AM",3.666,71.8,100,1,2024-08-20T10:07:09.000Z
"8/20/2024, 6:12:09 AM",3.666,71.8,100,1,2024-08-20T10:12:09.000Z
"8/20/2024, 6:17:09 AM",3.667,72,100,1,2024-08-20T10:17:09.000Z
"8/20/2024, 6:22:09 AM",3.666,71.8,100,1,2024-08-20T10:22:09.000Z
"8/20/2024, 6:27:09 AM",3.666,71.6,100,1,2024-08-20T10:27:09.000Z
"8/20/2024, 6:32:09 AM",3.667,71.6,100,1,2024-08-20T10:32:09.000Z
"8/20/2024, 6:37:09 AM",3.666,71.6,100,1,2024-08-20T10:37:09.000Z
"8/20/2024, 6:42:09 AM",3.666,71.6,100,1,2024-08-20T10:42:09.000Z
"8/20/2024, 6:47:09 AM",3.667,71.6,100,1,2024-08-20T10:47:09.000Z
"8/20/2024, 6:52:09 AM",3.667,71.6,100,1,2024-08-20T10:52:09.000Z
"8/20/2024, 6:57:09 AM",3.666,71.6,100,1,2024-08-20T10:57:09.000Z
"8/20/2024, 7:02:09 AM",3.667,71.6,100,1,2024-08-20T11:02:09.000Z
"8/20/2024, 7:07:09 AM",3.667,71.6,100,1,2024-08-20T11:07:09.000Z
"8/20/2024, 7:12:09 AM",3.667,71.6,100,1,2024-08-20T11:12:09.000Z
"8/20/2024, 7:17:09 AM",3.666,71.4,100,1,2024-08-20T11:17:09.000Z
"8/20/2024, 7:22:09 AM",3.666,71.4,100,1,2024-08-20T11:22:09.000Z
"8/20/2024, 7:27:09 AM",3.666,71.4,100,1,2024-08-20T11:27:09.000Z
"8/20/2024, 7:32:09 AM",3.666,71.6,100,1,2024-08-20T11:32:09.000Z
"8/20/2024, 7:37:09 AM",3.667,71.6,100,1,2024-08-20T11:37:09.000Z
"8/20/2024, 7:42:09 AM",3.667,71.8,100,1,2024-08-20T11:42:09.000Z
"8/20/2024, 7:47:09 AM",3.667,71.8,100,1,2024-08-20T11:47:09.000Z
"8/20/2024, 7:52:09 AM",3.667,72,100,1,2024-08-20T11:52:09.000Z
"8/20/2024, 7:57:09 AM",3.666,72.1,100,1,2024-08-20T11:57:09.000Z
"8/20/2024, 8:02:09 AM",3.666,72.3,100,1,2024-08-20T12:02:09.000Z
"8/20/2024, 8:07:09 AM",3.667,72.3,100,1,2024-08-20T12:07:09.000Z
"8/20/2024, 8:12:09 AM",3.667,72.5,100,1,2024-08-20T12:12:09.000Z
"8/20/2024, 8:17:09 AM",3.666,72.7,100,1,2024-08-20T12:17:09.000Z
"8/20/2024, 8:22:09 AM",3.666,72.9,100,1,2024-08-20T12:22:09.000Z
"8/20/2024, 8:27:09 AM",3.666,72.9,100,1,2024-08-20T12:27:09.000Z
"8/20/2024, 8:32:09 AM",3.666,73,100,1,2024-08-20T12:32:09.000Z
"8/20/2024, 8:37:09 AM",3.667,73.2,100,1,2024-08-20T12:37:09.000Z
"8/20/2024, 8:42:09 AM",3.666,73.4,100,1,2024-08-20T12:42:09.000Z
"8/20/2024, 8:47:09 AM",3.667,73.6,100,1,2024-08-20T12:47:09.000Z
"8/20/2024, 8:52:09 AM",3.667,73.9,100,1,2024-08-20T12:52:09.000Z
"8/20/2024, 8:57:09 AM",3.666,74.1,100,1,2024-08-20T12:57:09.000Z
"8/20/2024, 9:02:09 AM",3.666,74.5,100,1,2024-08-20T13:02:09.000Z
"8/20/2024, 9:07:09 AM",3.666,74.8,100,1,2024-08-20T13:07:09.000Z
"8/20/2024, 9:12:09 AM",3.666,75.2,100,1,2024-08-20T13:12:09.000Z
"8/20/2024, 9:17:09 AM",3.667,75.6,100,1,2024-08-20T13:17:09.000Z
"8/20/2024, 9:22:09 AM",3.666,75.7,100,1,2024-08-20T13:22:09.000Z
"8/20/2024, 9:27:09 AM",3.666,76.1,100,1,2024-08-20T13:27:09.000Z
"8/20/2024, 9:32:09 AM",3.666,76.5,100,1,2024-08-20T13:32:09.000Z
"8/20/2024, 9:37:09 AM",3.666,76.6,100,1,2024-08-20T13:37:09.000Z
"8/20/2024, 9:42:09 AM",3.666,77,100,1,2024-08-20T13:42:09.000Z
"8/20/2024, 9:47:09 AM",3.666,77.4,100,1,2024-08-20T13:47:09.000Z
"8/20/2024, 9:52:09 AM",3.666,77.7,100,1,2024-08-20T13:52:09.000Z
"8/20/2024, 9:57:09 AM",3.666,78.3,100,1,2024-08-20T13:57:09.000Z
"8/20/2024, 10:02:09 AM",3.666,78.6,100,1,2024-08-20T14:02:09.000Z
"8/20/2024, 10:07:09 AM",3.666,79,100,1,2024-08-20T14:07:09.000Z
"8/20/2024, 10:12:09 AM",3.666,79,100,1,2024-08-20T14:12:09.000Z
"8/20/2024, 10:17:09 AM",3.666,79.3,100,1,2024-08-20T14:17:09.000Z
"8/20/2024, 10:22:09 AM",3.666,79.7,100,1,2024-08-20T14:22:09.000Z
"8/20/2024, 10:27:09 AM",3.666,79.9,100,1,2024-08-20T14:27:09.000Z
"8/20/2024, 10:32:09 AM",3.666,80.2,100,1,2024-08-20T14:32:09.000Z
"8/20/2024, 10:37:09 AM",3.665,80.6,100,1,2024-08-20T14:37:09.000Z
"8/20/2024, 10:42:09 AM",3.666,81,100,2,2024-08-20T14:42:09.000Z
"8/20/2024, 10:47:09 AM",3.665,81.3,100,2,2024-08-20T14:47:09.000Z
"8/20/2024, 10:52:09 AM",3.665,81.9,100,2,2024-08-20T14:52:09.000Z
"8/20/2024, 10:57:09 AM",3.665,82,100,1,2024-08-20T14:57:09.000Z
"8/20/2024, 11:02:09 AM",3.665,82.2,100,1,2024-08-20T15:02:09.000Z
"8/20/2024, 11:07:09 AM",3.665,82.2,100,2,2024-08-20T15:07:09.000Z
"8/20/2024, 11:12:09 AM",3.665,82.2,100,1,2024-08-20T15:12:09.000Z
"8/20/2024, 11:17:09 AM",3.665,82.2,100,2,2024-08-20T15:17:09.000Z
"8/20/2024, 11:22:09 AM",3.665,82.8,100,2,2024-08-20T15:22:09.000Z
"8/20/2024, 11:27:09 AM",3.666,82.9,100,2,2024-08-20T15:27:09.000Z
"8/20/2024, 11:32:09 AM",3.665,82.9,100,2,2024-08-20T15:32:09.000Z
"8/20/2024, 11:37:09 AM",3.665,82.9,100,2,2024-08-20T15:37:09.000Z
"8/20/2024, 11:42:09 AM",3.665,82.8,100,2,2024-08-20T15:42:09.000Z
"8/20/2024, 11:47:09 AM",3.665,82.6,100,2,2024-08-20T15:47:09.000Z
"8/20/2024, 11:52:09 AM",3.665,82.6,100,2,2024-08-20T15:52:09.000Z
"8/20/2024, 11:57:09 AM",3.665,82.8,100,2,2024-08-20T15:57:09.000Z
"8/20/2024, 12:02:09 PM",3.665,83.1,100,2,2024-08-20T16:02:09.000Z
"8/20/2024, 12:07:09 PM",3.665,83.3,100,2,2024-08-20T16:07:09.000Z
"8/20/2024, 12:12:09 PM",3.665,83.3,100,2,2024-08-20T16:12:09.000Z
"8/20/2024, 12:17:09 PM",3.666,83.3,100,2,2024-08-20T16:17:09.000Z
"8/20/2024, 12:22:09 PM",3.665,83.5,100,2,2024-08-20T16:22:09.000Z
"8/20/2024, 12:27:09 PM",3.665,83.7,100,2,2024-08-20T16:27:09.000Z
"8/20/2024, 12:32:09 PM",3.665,83.7,100,2,2024-08-20T16:32:09.000Z
"8/20/2024, 12:37:09 PM",3.665,84,100,2,2024-08-20T16:37:09.000Z
"8/20/2024, 12:42:09 PM",3.665,84.6,100,2,2024-08-20T16:42:09.000Z
"8/20/2024, 12:47:09 PM",3.665,84.7,100,2,2024-08-20T16:47:09.000Z
"8/20/2024, 12:52:09 PM",3.665,84.7,100,2,2024-08-20T16:52:09.000Z
"8/20/2024, 12:57:09 PM",3.666,84.6,100,2,2024-08-20T16:57:09.000Z
"8/20/2024, 1:02:09 PM",3.665,84.7,100,2,2024-08-20T17:02:09.000Z
"8/20/2024, 1:07:09 PM",3.665,85.5,100,2,2024-08-20T17:07:09.000Z
"8/20/2024, 1:12:09 PM",3.665,85.6,100,2,2024-08-20T17:12:09.000Z
"8/20/2024, 1:17:09 PM",3.665,86.2,100,2,2024-08-20T17:17:09.000Z
"8/20/2024, 1:22:09 PM",3.665,86.9,100,2,2024-08-20T17:22:09.000Z
"8/20/2024, 1:27:09 PM",3.664,87.6,100,3,2024-08-20T17:27:09.000Z
"8/20/2024, 1:32:09 PM",3.664,88.7,100,3,2024-08-20T17:32:09.000Z
"8/20/2024, 1:37:09 PM",3.664,88.9,100,4,2024-08-20T17:37:09.000Z
"8/20/2024, 1:42:09 PM",3.664,88.9,100,3,2024-08-20T17:42:09.000Z
"8/20/2024, 1:47:09 PM",3.664,89.4,100,3,2024-08-20T17:47:09.000Z
"8/20/2024, 1:52:09 PM",3.664,89.8,100,3,2024-08-20T17:52:09.000Z
"8/20/2024, 1:57:09 PM",3.664,90.1,100,3,2024-08-20T17:57:09.000Z
"8/20/2024, 2:02:09 PM",3.664,90.1,100,3,2024-08-20T18:02:09.000Z
"8/20/2024, 2:07:09 PM",3.663,90,100,3,2024-08-20T18:07:09.000Z
"8/20/2024, 2:12:09 PM",3.664,90,100,3,2024-08-20T18:12:09.000Z
"8/20/2024, 2:17:09 PM",3.664,89.8,100,3,2024-08-20T18:17:09.000Z
"8/20/2024, 2:22:09 PM",3.664,89.4,100,3,2024-08-20T18:22:09.000Z
"8/20/2024, 2:27:09 PM",3.664,89.2,100,3,2024-08-20T18:27:09.000Z
"8/20/2024, 2:32:09 PM",3.664,89.1,100,3,2024-08-20T18:32:09.000Z
"8/20/2024, 2:37:09 PM",3.664,89.1,100,3,2024-08-20T18:37:09.000Z
"8/20/2024, 2:42:09 PM",3.664,88.9,100,3,2024-08-20T18:42:09.000Z
"8/20/2024, 2:47:09 PM",3.664,88.9,100,3,2024-08-20T18:47:09.000Z
"8/20/2024, 2:52:09 PM",3.664,88.9,100,3,2024-08-20T18:52:09.000Z
"8/20/2024, 2:57:09 PM",3.664,88.5,100,3,2024-08-20T18:57:09.000Z
"8/20/2024, 3:02:09 PM",3.664,88.7,100,3,2024-08-20T19:02:09.000Z
"8/20/2024, 3:07:09 PM",3.664,88.3,100,3,2024-08-20T19:07:09.000Z
"8/20/2024, 3:12:09 PM",3.664,88.3,100,3,2024-08-20T19:12:09.000Z
"8/20/2024, 3:17:09 PM",3.664,88.9,100,3,2024-08-20T19:17:09.000Z
"8/20/2024, 3:22:09 PM",3.664,88.9,100,4,2024-08-20T19:22:09.000Z
"8/20/2024, 3:27:09 PM",3.664,88.7,100,3,2024-08-20T19:27:09.000Z
"8/20/2024, 3:32:09 PM",3.664,88.9,100,3,2024-08-20T19:32:09.000Z
"8/20/2024, 3:37:09 PM",3.664,89.2,100,3,2024-08-20T19:37:09.000Z
"8/20/2024, 3:42:09 PM",3.664,89.2,100,3,2024-08-20T19:42:09.000Z
"8/20/2024, 3:47:09 PM",3.664,89.6,100,3,2024-08-20T19:47:09.000Z
"8/20/2024, 3:52:09 PM",3.664,90,100,4,2024-08-20T19:52:09.000Z
"8/20/2024, 3:57:09 PM",3.664,90,100,4,2024-08-20T19:57:09.000Z
"8/20/2024, 4:02:09 PM",3.664,89.8,100,4,2024-08-20T20:02:09.000Z
"8/20/2024, 4:07:09 PM",3.663,90.1,100,4,2024-08-20T20:07:09.000Z
"8/20/2024, 4:12:09 PM",3.664,90.7,100,4,2024-08-20T20:12:09.000Z
"8/20/2024, 4:17:09 PM",3.663,91.2,100,4,2024-08-20T20:17:09.000Z
"8/20/2024, 4:22:09 PM",3.664,91,100,4,2024-08-20T20:22:09.000Z
"8/20/2024, 4:27:09 PM",3.664,91,100,4,2024-08-20T20:27:09.000Z
"8/20/2024, 4:32:09 PM",3.664,91.2,100,4,2024-08-20T20:32:09.000Z
"8/20/2024, 4:37:09 PM",3.664,91.2,100,4,2024-08-20T20:37:09.000Z
"8/20/2024, 4:42:09 PM",3.663,91.2,100,4,2024-08-20T20:42:09.000Z
"8/20/2024, 4:47:09 PM",3.663,90.7,99.7,4,2024-08-20T20:47:09.000Z
"8/20/2024, 4:52:09 PM",3.664,90.5,99.4,4,2024-08-20T20:52:09.000Z
"8/20/2024, 4:57:09 PM",3.664,90.7,99.1,4,2024-08-20T20:57:09.000Z
"8/20/2024, 5:02:09 PM",3.664,90.1,98.9,4,2024-08-20T21:02:09.000Z
"8/20/2024, 5:07:09 PM",3.664,89.2,98.4,4,2024-08-20T21:07:09.000Z
"8/20/2024, 5:12:09 PM",3.663,89.2,98.1,4,2024-08-20T21:12:09.000Z
"8/20/2024, 5:17:09 PM",3.664,89.4,98,4,2024-08-20T21:17:09.000Z
"8/20/2024, 5:22:09 PM",3.664,89.8,98.1,5,2024-08-20T21:22:09.000Z
"8/20/2024, 5:27:09 PM",3.664,89.2,98.1,4,2024-08-20T21:27:09.000Z
"8/20/2024, 5:32:09 PM",3.664,89.1,97.9,4,2024-08-20T21:32:09.000Z
"8/20/2024, 5:37:09 PM",3.664,89.2,97.6,4,2024-08-20T21:37:09.000Z
"8/20/2024, 5:42:09 PM",3.664,89.4,97.5,4,2024-08-20T21:42:09.000Z
"8/20/2024, 5:47:09 PM",3.664,88.9,97.2,4,2024-08-20T21:47:09.000Z
"8/20/2024, 5:52:09 PM",3.664,88.7,96.9,4,2024-08-20T21:52:09.000Z
"8/20/2024, 5:57:09 PM",3.664,88.3,96.3,4,2024-08-20T21:57:09.000Z
"8/20/2024, 6:02:09 PM",3.664,88.5,96.1,4,2024-08-20T22:02:09.000Z
"8/20/2024, 6:07:09 PM",3.665,88.5,95.9,3,2024-08-20T22:07:09.000Z
"8/20/2024, 6:12:09 PM",3.664,88,95.5,4,2024-08-20T22:12:09.000Z
"8/20/2024, 6:17:09 PM",3.664,87.8,95.3,4,2024-08-20T22:17:09.000Z
"8/20/2024, 6:22:09 PM",3.665,87.6,95.1,4,2024-08-20T22:22:09.000Z
"8/20/2024, 6:27:09 PM",3.665,87.4,95,4,2024-08-20T22:27:09.000Z
"8/20/2024, 6:32:09 PM",3.665,87.3,95,4,2024-08-20T22:32:09.000Z
"8/20/2024, 6:37:09 PM",3.665,86.4,94.9,4,2024-08-20T22:37:09.000Z
"8/20/2024, 6:42:09 PM",3.665,85.3,94.7,5,2024-08-20T22:42:09.000Z
"8/20/2024, 6:47:09 PM",3.665,84.9,94.5,5,2024-08-20T22:47:09.000Z
"8/20/2024, 6:52:09 PM",3.665,84.6,94.6,4,2024-08-20T22:52:09.000Z
"8/20/2024, 6:57:09 PM",3.664,84.2,94.8,5,2024-08-20T22:57:09.000Z
"8/20/2024, 7:02:09 PM",3.665,83.7,94.9,5,2024-08-20T23:02:09.000Z
"8/20/2024, 7:07:09 PM",3.665,83.1,95,5,2024-08-20T23:07:09.000Z
"8/20/2024, 7:12:09 PM",3.665,82.4,95.1,5,2024-08-20T23:12:09.000Z
"8/20/2024, 7:17:09 PM",3.665,81.9,95.3,5,2024-08-20T23:17:09.000Z
"8/20/2024, 7:22:09 PM",3.665,81.1,95.6,6,2024-08-20T23:22:09.000Z
"8/20/2024, 7:27:09 PM",3.665,80.8,95.8,5,2024-08-20T23:27:09.000Z
"8/20/2024, 7:32:09 PM",3.666,80.4,96.1,5,2024-08-20T23:32:09.000Z
"8/20/2024, 7:37:09 PM",3.666,80.1,96.4,5,2024-08-20T23:37:09.000Z
"8/20/2024, 7:42:09 PM",3.666,79.7,96.7,5,2024-08-20T23:42:09.000Z
"8/20/2024, 7:47:09 PM",3.666,79.3,96.9,6,2024-08-20T23:47:09.000Z
"8/20/2024, 7:52:09 PM",3.666,79,97,6,2024-08-20T23:52:09.000Z
"8/20/2024, 7:57:09 PM",3.665,78.6,97.3,6,2024-08-20T23:57:09.000Z
"8/20/2024, 8:02:09 PM",3.666,78.3,97.4,6,2024-08-21T00:02:09.000Z
"8/20/2024, 8:07:09 PM",3.666,77.9,97.7,6,2024-08-21T00:07:09.000Z
"8/20/2024, 8:12:09 PM",3.666,77.5,98,7,2024-08-21T00:12:09.000Z
"8/20/2024, 8:17:09 PM",3.666,77.2,98.3,6,2024-08-21T00:17:09.000Z
"8/20/2024, 8:22:09 PM",3.666,77,98.6,7,2024-08-21T00:22:09.000Z
"8/20/2024, 8:27:09 PM",3.666,76.6,98.7,7,2024-08-21T00:27:09.000Z
"8/20/2024, 8:32:09 PM",3.666,76.5,98.9,7,2024-08-21T00:32:09.000Z
"8/20/2024, 8:37:09 PM",3.666,76.3,99.2,8,2024-08-21T00:37:09.000Z
"8/20/2024, 8:42:09 PM",3.666,76.1,99.5,8,2024-08-21T00:42:09.000Z
"8/20/2024, 8:47:09 PM",3.666,75.7,99.8,8,2024-08-21T00:47:09.000Z
"8/20/2024, 8:52:09 PM",3.666,75.6,100,9,2024-08-21T00:52:09.000Z
"8/20/2024, 8:57:09 PM",3.666,75.4,100,10,2024-08-21T00:57:09.000Z
"8/20/2024, 9:02:09 PM",3.666,75.4,100,10,2024-08-21T01:02:09.000Z
"8/20/2024, 9:07:09 PM",3.666,75.2,100,10,2024-08-21T01:07:09.000Z
"8/20/2024, 9:12:09 PM",3.666,75,100,10,2024-08-21T01:12:09.000Z
"8/20/2024, 9:17:09 PM",3.666,75,100,11,2024-08-21T01:17:09.000Z
"8/20/2024, 9:22:09 PM",3.666,74.8,100,11,2024-08-21T01:22:09.000Z
"8/20/2024, 9:27:09 PM",3.666,74.7,100,11,2024-08-21T01:27:09.000Z
"8/20/2024, 9:32:09 PM",3.666,74.5,100,11,2024-08-21T01:32:09.000Z
"8/20/2024, 9:37:09 PM",3.666,74.5,100,12,2024-08-21T01:37:09.000Z
"8/20/2024, 9:42:09 PM",3.666,74.3,100,12,2024-08-21T01:42:09.000Z
"8/20/2024, 9:47:09 PM",3.666,74.3,100,12,2024-08-21T01:47:09.000Z
"8/20/2024, 9:52:09 PM",3.666,74.1,100,13,2024-08-21T01:52:09.000Z
"8/20/2024, 9:57:09 PM",3.666,73.9,100,13,2024-08-21T01:57:09.000Z
"8/20/2024, 10:02:09 PM",3.666,73.9,100,13,2024-08-21T02:02:09.000Z
"8/20/2024, 10:07:09 PM",3.666,73.9,100,14,2024-08-21T02:07:09.000Z
"8/20/2024, 10:12:09 PM",3.666,73.8,100,14,2024-08-21T02:12:09.000Z
"8/20/2024, 10:17:09 PM",3.666,73.6,100,14,2024-08-21T02:17:09.000Z
"8/20/2024, 10:22:09 PM",3.666,73.6,100,14,2024-08-21T02:22:09.000Z
"8/20/2024, 10:27:09 PM",3.666,73.4,100,15,2024-08-21T02:27:09.000Z
"8/20/2024, 10:32:09 PM",3.666,73.2,100,15,2024-08-21T02:32:09.000Z
"8/20/2024, 10:37:09 PM",3.666,73.2,100,15,2024-08-21T02:37:09.000Z
"8/20/2024, 10:42:09 PM",3.666,73,100,16,2024-08-21T02:42:09.000Z
"8/20/2024, 10:47:09 PM",3.666,73,100,16,2024-08-21T02:47:09.000Z
"8/20/2024, 10:52:09 PM",3.666,73,100,16,2024-08-21T02:52:09.000Z
"8/20/2024, 10:57:09 PM",3.666,72.9,100,17,2024-08-21T02:57:09.000Z
"8/20/2024, 11:02:09 PM",3.666,72.9,100,17,2024-08-21T03:02:09.000Z
"8/20/2024, 11:07:09 PM",3.666,72.9,100,17,2024-08-21T03:07:09.000Z
"8/20/2024, 11:12:09 PM",3.666,72.9,100,18,2024-08-21T03:12:09.000Z
"8/20/2024, 11:17:09 PM",3.666,72.9,100,18,2024-08-21T03:17:09.000Z
"8/20/2024, 11:22:09 PM",3.666,72.7,100,19,2024-08-21T03:22:09.000Z
"8/20/2024, 11:27:09 PM",3.666,72.7,100,20,2024-08-21T03:27:09.000Z
"8/20/2024, 11:32:09 PM",3.666,72.7,100,22,2024-08-21T03:32:09.000Z
"8/20/2024, 11:37:09 PM",3.666,72.5,100,22,2024-08-21T03:37:09.000Z
"8/20/2024, 11:42:09 PM",3.666,72.5,100,22,2024-08-21T03:42:09.000Z
"8/20/2024, 11:47:09 PM",3.666,72.3,100,23,2024-08-21T03:47:09.000Z
"8/20/2024, 11:52:09 PM",3.666,72.1,100,22,2024-08-21T03:52:09.000Z
"8/20/2024, 11:57:09 PM",3.666,72,100,23,2024-08-21T03:57:09.000Z
"8/21/2024, 12:02:09 AM",3.666,71.8,100,23,2024-08-21T04:02:09.000Z
"8/21/2024, 12:07:09 AM",3.666,71.8,100,24,2024-08-21T04:07:09.000Z
"8/21/2024, 12:12:09 AM",3.666,71.8,100,24,2024-08-21T04:12:09.000Z
"8/21/2024, 12:17:09 AM",3.665,71.6,100,23,2024-08-21T04:17:09.000Z
"8/21/2024, 12:22:09 AM",3.666,71.6,100,25,2024-08-21T04:22:09.000Z
"8/21/2024, 12:27:09 AM",3.666,71.4,100,24,2024-08-21T04:27:09.000Z
"8/21/2024, 12:32:09 AM",3.666,71.4,100,22,2024-08-21T04:32:09.000Z
"8/21/2024, 12:37:09 AM",3.666,71.2,100,20,2024-08-21T04:37:09.000Z
"8/21/2024, 12:42:09 AM",3.665,71.1,100,19,2024-08-21T04:42:09.000Z
"8/21/2024, 12:47:09 AM",3.666,70.9,100,19,2024-08-21T04:47:09.000Z
"8/21/2024, 12:52:09 AM",3.666,70.9,100,18,2024-08-21T04:52:09.000Z
"8/21/2024, 12:57:09 AM",3.666,70.7,100,18,2024-08-21T04:57:09.000Z
"8/21/2024, 1:02:09 AM",3.666,70.7,100,16,2024-08-21T05:02:09.000Z
"8/21/2024, 1:07:09 AM",3.666,70.7,100,16,2024-08-21T05:07:09.000Z
"8/21/2024, 1:12:09 AM",3.666,70.7,100,15,2024-08-21T05:12:09.000Z
"8/21/2024, 1:17:09 AM",3.666,70.5,100,14,2024-08-21T05:17:09.000Z
"8/21/2024, 1:22:09 AM",3.666,70.5,100,14,2024-08-21T05:22:09.000Z
"8/21/2024, 1:27:09 AM",3.666,70.5,100,13,2024-08-21T05:27:09.000Z
"8/21/2024, 1:32:09 AM",3.666,70.5,100,12,2024-08-21T05:32:09.000Z
"8/21/2024, 1:37:09 AM",3.666,70.5,100,11,2024-08-21T05:37:09.000Z
"8/21/2024, 1:42:09 AM",3.666,70.5,100,11,2024-08-21T05:42:09.000Z
"8/21/2024, 1:47:09 AM",3.666,70.5,100,10,2024-08-21T05:47:09.000Z
"8/21/2024, 1:52:09 AM",3.666,70.5,100,10,2024-08-21T05:52:09.000Z
"8/21/2024, 1:57:09 AM",3.666,70.5,100,9,2024-08-21T05:57:09.000Z
"8/21/2024, 2:02:09 AM",3.666,70.5,100,9,2024-08-21T06:02:09.000Z
"8/21/2024, 2:07:09 AM",3.666,70.5,100,9,2024-08-21T06:07:09.000Z
"8/21/2024, 2:12:09 AM",3.666,70.5,100,9,2024-08-21T06:12:09.000Z
"8/21/2024, 2:17:09 AM",3.666,70.5,100,8,2024-08-21T06:17:09.000Z
"8/21/2024, 2:22:09 AM",3.666,70.5,100,9,2024-08-21T06:22:09.000Z
"8/21/2024, 2:27:09 AM",3.666,70.5,100,9,2024-08-21T06:27:09.000Z
"8/21/2024, 2:32:09 AM",3.666,70.5,100,9,2024-08-21T06:32:09.000Z
"8/21/2024, 2:37:09 AM",3.666,70.3,100,9,2024-08-21T06:37:09.000Z
"8/21/2024, 2:42:09 AM",3.666,70.3,100,9,2024-08-21T06:42:09.000Z
"8/21/2024, 2:47:09 AM",3.666,70.3,100,9,2024-08-21T06:47:09.000Z
"8/21/2024, 2:52:09 AM",3.666,70.3,100,9,2024-08-21T06:52:09.000Z
"8/21/2024, 2:57:09 AM",3.666,70.3,100,9,2024-08-21T06:57:09.000Z
"8/21/2024, 3:02:09 AM",3.666,70.3,100,9,2024-08-21T07:02:09.000Z
"8/21/2024, 3:07:09 AM",3.666,70.2,100,9,2024-08-21T07:07:09.000Z
"8/21/2024, 3:12:09 AM",3.666,70.2,100,9,2024-08-21T07:12:09.000Z
"8/21/2024, 3:17:09 AM",3.666,70.2,100,9,2024-08-21T07:17:09.000Z
"8/21/2024, 3:22:09 AM",3.666,70.2,100,9,2024-08-21T07:22:09.000Z
"8/21/2024, 3:27:09 AM",3.666,70,100,9,2024-08-21T07:27:09.000Z
"8/21/2024, 3:32:09 AM",3.666,70,100,9,2024-08-21T07:32:09.000Z
"8/21/2024, 3:37:09 AM",3.666,70,100,9,2024-08-21T07:37:09.000Z
"8/21/2024, 3:42:09 AM",3.666,70,100,9,2024-08-21T07:42:09.000Z
"8/21/2024, 3:47:09 AM",3.666,70,100,10,2024-08-21T07:47:09.000Z
"8/21/2024, 3:52:09 AM",3.666,70,100,10,2024-08-21T07:52:09.000Z
"8/21/2024, 3:57:09 AM",3.666,69.8,100,10,2024-08-21T07:57:09.000Z
"8/21/2024, 4:02:09 AM",3.666,69.8,100,10,2024-08-21T08:02:09.000Z
"8/21/2024, 4:07:09 AM",3.666,69.8,100,10,2024-08-21T08:07:09.000Z
"8/21/2024, 4:12:09 AM",3.666,69.8,100,10,2024-08-21T08:12:09.000Z
"8/21/2024, 4:17:09 AM",3.666,69.8,100,10,2024-08-21T08:17:09.000Z
"8/21/2024, 4:22:09 AM",3.666,69.6,100,11,2024-08-21T08:22:09.000Z
"8/21/2024, 4:27:09 AM",3.666,69.6,100,11,2024-08-21T08:27:09.000Z
"8/21/2024, 4:32:09 AM",3.666,69.6,100,11,2024-08-21T08:32:09.000Z
"8/21/2024, 4:37:09 AM",3.666,69.6,100,11,2024-08-21T08:37:09.000Z
"8/21/2024, 4:42:09 AM",3.666,69.6,100,12,2024-08-21T08:42:09.000Z
"8/21/2024, 4:47:09 AM",3.666,69.6,100,12,2024-08-21T08:47:09.000Z
"8/21/2024, 4:52:09 AM",3.666,69.4,100,12,2024-08-21T08:52:09.000Z
"8/21/2024, 4:57:09 AM",3.666,69.4,100,12,2024-08-21T08:57:09.000Z
"8/21/2024, 5:02:09 AM",3.666,69.4,100,12,2024-08-21T09:02:09.000Z
"8/21/2024, 5:07:09 AM",3.666,69.4,100,13,2024-08-21T09:07:09.000Z
"8/21/2024, 5:12:09 AM",3.666,69.4,100,13,2024-08-21T09:12:09.000Z
"8/21/2024, 5:17:09 AM",3.666,69.3,100,13,2024-08-21T09:17:09.000Z
"8/21/2024, 5:22:09 AM",3.666,69.3,100,13,2024-08-21T09:22:09.000Z
"8/21/2024, 5:27:09 AM",3.666,69.3,100,14,2024-08-21T09:27:09.000Z
"8/21/2024, 5:32:09 AM",3.666,69.3,100,14,2024-08-21T09:32:09.000Z
"8/21/2024, 5:37:09 AM",3.666,69.3,100,14,2024-08-21T09:37:09.000Z
"8/21/2024, 5:42:09 AM",3.666,69.3,100,14,2024-08-21T09:42:09.000Z
"8/21/2024, 5:47:09 AM",3.666,69.1,100,14,2024-08-21T09:47:09.000Z
"8/21/2024, 5:52:09 AM",3.665,69.1,100,14,2024-08-21T09:52:09.000Z
"8/21/2024, 5:57:09 AM",3.666,68.9,100,15,2024-08-21T09:57:09.000Z
"8/21/2024, 6:02:09 AM",3.666,68.9,100,15,2024-08-21T10:02:09.000Z
"8/21/2024, 6:07:09 AM",3.666,68.9,100,15,2024-08-21T10:07:09.000Z
"8/21/2024, 6:12:09 AM",3.666,68.9,100,15,2024-08-21T10:12:09.000Z
"8/21/2024, 6:17:09 AM",3.665,68.9,100,15,2024-08-21T10:17:09.000Z
"8/21/2024, 6:22:09 AM",3.665,68.9,100,15,2024-08-21T10:22:09.000Z
"8/21/2024, 6:27:09 AM",3.665,68.9,100,15,2024-08-21T10:27:09.000Z
"8/21/2024, 6:32:09 AM",3.666,68.9,100,16,2024-08-21T10:32:09.000Z
"8/21/2024, 6:37:09 AM",3.666,68.5,100,16,2024-08-21T10:37:09.000Z
"8/21/2024, 6:42:09 AM",3.665,68.5,100,16,2024-08-21T10:42:09.000Z
"8/21/2024, 6:47:09 AM",3.666,68.5,100,16,2024-08-21T10:47:09.000Z
"8/21/2024, 6:52:09 AM",3.666,68.5,100,17,2024-08-21T10:52:09.000Z
"8/21/2024, 6:57:09 AM",3.666,68.5,100,17,2024-08-21T10:57:09.000Z
"8/21/2024, 7:02:09 AM",3.666,68.5,100,17,2024-08-21T11:02:09.000Z
"8/21/2024, 7:07:09 AM",3.665,68.5,100,17,2024-08-21T11:07:09.000Z
"8/21/2024, 7:12:09 AM",3.666,68.7,100,18,2024-08-21T11:12:09.000Z
"8/21/2024, 7:17:09 AM",3.665,68.9,100,18,2024-08-21T11:17:09.000Z
"8/21/2024, 7:22:09 AM",3.666,68.9,100,19,2024-08-21T11:22:09.000Z
"8/21/2024, 7:27:09 AM",3.666,68.9,100,18,2024-08-21T11:27:09.000Z
"8/21/2024, 7:32:09 AM",3.666,68.9,100,19,2024-08-21T11:32:09.000Z
"8/21/2024, 7:37:09 AM",3.665,69.1,100,19,2024-08-21T11:37:09.000Z
"8/21/2024, 7:42:09 AM",3.666,69.4,100,19,2024-08-21T11:42:09.000Z
"8/21/2024, 7:47:09 AM",3.665,69.8,100,20,2024-08-21T11:47:09.000Z
"8/21/2024, 7:52:09 AM",3.666,70.2,100,21,2024-08-21T11:52:09.000Z
"8/21/2024, 7:57:09 AM",3.665,70.5,100,21,2024-08-21T11:57:09.000Z
"8/21/2024, 8:02:09 AM",3.665,70.9,100,22,2024-08-21T12:02:09.000Z
"8/21/2024, 8:07:09 AM",3.665,71.2,100,22,2024-08-21T12:07:09.000Z
"8/21/2024, 8:12:09 AM",3.665,71.6,100,22,2024-08-21T12:12:09.000Z
"8/21/2024, 8:17:09 AM",3.665,71.8,100,22,2024-08-21T12:17:09.000Z
"8/21/2024, 8:22:09 AM",3.666,72.1,100,23,2024-08-21T12:22:09.000Z
"8/21/2024, 8:27:09 AM",3.665,72.5,100,24,2024-08-21T12:27:09.000Z
"8/21/2024, 8:32:09 AM",3.665,72.9,100,24,2024-08-21T12:32:09.000Z
"8/21/2024, 8:37:09 AM",3.666,73.4,100,25,2024-08-21T12:37:09.000Z
"8/21/2024, 8:42:09 AM",3.665,73.8,100,25,2024-08-21T12:42:09.000Z
"8/21/2024, 8:47:09 AM",3.665,74.1,100,25,2024-08-21T12:47:09.000Z
"8/21/2024, 8:52:09 AM",3.665,74.5,100,25,2024-08-21T12:52:09.000Z
"8/21/2024, 8:57:09 AM",3.665,75,100,26,2024-08-21T12:57:09.000Z
"8/21/2024, 9:02:09 AM",3.665,75.4,100,27,2024-08-21T13:02:09.000Z
"8/21/2024, 9:07:09 AM",3.665,75.9,100,27,2024-08-21T13:07:09.000Z
"8/21/2024, 9:12:09 AM",3.665,76.3,100,27,2024-08-21T13:12:09.000Z
"8/21/2024, 9:17:09 AM",3.665,76.8,100,28,2024-08-21T13:17:09.000Z
"8/21/2024, 9:22:09 AM",3.665,77.2,100,28,2024-08-21T13:22:09.000Z
"8/21/2024, 9:27:09 AM",3.664,77.5,100,29,2024-08-21T13:27:09.000Z
"8/21/2024, 9:32:09 AM",3.665,78.1,100,29,2024-08-21T13:32:09.000Z
"8/21/2024, 9:37:09 AM",3.665,78.6,100,30,2024-08-21T13:37:09.000Z
"8/21/2024, 9:42:09 AM",3.665,79,100,31,2024-08-21T13:42:09.000Z
"8/21/2024, 9:47:09 AM",3.664,79.5,100,32,2024-08-21T13:47:09.000Z
"8/21/2024, 9:52:09 AM",3.665,80.2,100,34,2024-08-21T13:52:09.000Z
"8/21/2024, 9:57:09 AM",3.665,81,100,37,2024-08-21T13:57:09.000Z
"8/21/2024, 10:02:09 AM",3.665,81.5,100,37,2024-08-21T14:02:09.000Z
"8/21/2024, 10:07:09 AM",3.665,82.2,100,39,2024-08-21T14:07:09.000Z
"8/21/2024, 10:12:09 AM",3.664,82.9,100,41,2024-08-21T14:12:09.000Z
"8/21/2024, 10:17:09 AM",3.664,83.3,100,39,2024-08-21T14:17:09.000Z
"8/21/2024, 10:22:09 AM",3.664,83.7,100,40,2024-08-21T14:22:09.000Z
"8/21/2024, 10:27:09 AM",3.664,84,100,42,2024-08-21T14:27:09.000Z
"8/21/2024, 10:32:09 AM",3.664,84.4,100,43,2024-08-21T14:32:09.000Z
"8/21/2024, 10:37:09 AM",3.664,84.9,100,45,2024-08-21T14:37:09.000Z
"8/21/2024, 10:42:09 AM",3.664,85.3,100,44,2024-08-21T14:42:09.000Z
"8/21/2024, 10:47:09 AM",3.664,85.1,100,37,2024-08-21T14:47:09.000Z
"8/21/2024, 10:52:09 AM",3.664,85.1,100,37,2024-08-21T14:52:09.000Z
"8/21/2024, 10:57:09 AM",3.664,85.1,100,38,2024-08-21T14:57:09.000Z
"8/21/2024, 11:02:09 AM",3.664,85.1,100,41,2024-08-21T15:02:09.000Z
"8/21/2024, 11:07:09 AM",3.664,85.1,100,36,2024-08-21T15:07:09.000Z
"8/21/2024, 11:12:09 AM",3.664,85.3,100,37,2024-08-21T15:12:09.000Z
"8/21/2024, 11:17:09 AM",3.664,85.3,100,37,2024-08-21T15:17:09.000Z
"8/21/2024, 11:22:09 AM",3.664,85.3,100,39,2024-08-21T15:22:09.000Z
"8/21/2024, 11:27:09 AM",3.664,85.5,100,36,2024-08-21T15:27:09.000Z
"8/21/2024, 11:32:09 AM",3.664,85.5,100,32,2024-08-21T15:32:09.000Z
"8/21/2024, 11:37:09 AM",3.664,85.6,100,33,2024-08-21T15:37:09.000Z
"8/21/2024, 11:42:09 AM",3.664,85.6,100,36,2024-08-21T15:42:09.000Z
"8/21/2024, 11:47:09 AM",3.664,86,100,37,2024-08-21T15:47:09.000Z
"8/21/2024, 11:52:09 AM",3.664,86.2,100,37,2024-08-21T15:52:09.000Z
"8/21/2024, 11:57:09 AM",3.664,86.5,100,37,2024-08-21T15:57:09.000Z
"8/21/2024, 12:02:09 PM",3.664,86.9,100,42,2024-08-21T16:02:09.000Z
"8/21/2024, 12:07:09 PM",3.663,87.3,100,37,2024-08-21T16:07:09.000Z
"8/21/2024, 12:12:09 PM",3.664,87.4,100,39,2024-08-21T16:12:09.000Z
"8/21/2024, 12:17:09 PM",3.663,87.8,100,42,2024-08-21T16:17:09.000Z
"8/21/2024, 12:22:09 PM",3.663,88.2,100,44,2024-08-21T16:22:09.000Z
"8/21/2024, 12:27:09 PM",3.663,88.3,100,43,2024-08-21T16:27:09.000Z
"8/21/2024, 12:32:09 PM",3.663,88.5,100,43,2024-08-21T16:32:09.000Z
"8/21/2024, 12:37:09 PM",3.663,88.9,100,40,2024-08-21T16:37:09.000Z
"8/21/2024, 12:42:09 PM",3.663,88.9,100,44,2024-08-21T16:42:09.000Z
"8/21/2024, 12:47:09 PM",3.664,89.1,100,47,2024-08-21T16:47:09.000Z
"8/21/2024, 12:52:09 PM",3.663,89.2,100,42,2024-08-21T16:52:09.000Z
"8/21/2024, 12:57:09 PM",3.663,89.6,100,40,2024-08-21T16:57:09.000Z
"8/21/2024, 1:02:09 PM",3.663,90,100,42,2024-08-21T17:02:09.000Z
"8/21/2024, 1:07:09 PM",3.663,90.3,100,41,2024-08-21T17:07:09.000Z
"8/21/2024, 1:12:09 PM",3.663,90.5,100,44,2024-08-21T17:12:09.000Z
"8/21/2024, 1:17:09 PM",3.663,90.9,100,53,2024-08-21T17:17:09.000Z
"8/21/2024, 1:22:09 PM",3.663,91.2,100,51,2024-08-21T17:22:09.000Z
"8/21/2024, 1:27:09 PM",3.663,91.4,100,56,2024-08-21T17:27:09.000Z
"8/21/2024, 1:32:09 PM",3.662,91.6,100,58,2024-08-21T17:32:09.000Z
"8/21/2024, 1:37:09 PM",3.663,91.8,100,52,2024-08-21T17:37:09.000Z
"8/21/2024, 1:42:09 PM",3.663,91.8,100,54,2024-08-21T17:42:09.000Z
"8/21/2024, 1:47:09 PM",3.663,92.1,100,57,2024-08-21T17:47:09.000Z
"8/21/2024, 1:52:09 PM",3.663,92.5,100,48,2024-08-21T17:52:09.000Z
"8/21/2024, 1:57:09 PM",3.663,92.7,100,61,2024-08-21T17:57:09.000Z
"8/21/2024, 2:02:09 PM",3.662,92.8,100,57,2024-08-21T18:02:09.000Z
"8/21/2024, 2:07:09 PM",3.662,92.8,100,61,2024-08-21T18:07:09.000Z
"8/21/2024, 2:12:09 PM",3.662,93,100,53,2024-08-21T18:12:09.000Z
"8/21/2024, 2:17:09 PM",3.662,93.2,100,55,2024-08-21T18:17:09.000Z
"8/21/2024, 2:22:09 PM",3.663,93.4,100,50,2024-08-21T18:22:09.000Z
"8/21/2024, 2:27:09 PM",3.662,93.4,100,67,2024-08-21T18:27:09.000Z
"8/21/2024, 2:32:09 PM",3.663,93.6,100,59,2024-08-21T18:32:09.000Z
"8/21/2024, 2:37:09 PM",3.662,93.6,100,61,2024-08-21T18:37:09.000Z
"8/21/2024, 2:42:09 PM",3.662,93.6,100,51,2024-08-21T18:42:09.000Z
"8/21/2024, 2:47:09 PM",3.662,93.6,100,67,2024-08-21T18:47:09.000Z
"8/21/2024, 2:52:09 PM",3.662,93.7,100,55,2024-08-21T18:52:09.000Z
"8/21/2024, 2:57:09 PM",3.662,93.9,100,68,2024-08-21T18:57:09.000Z
"8/21/2024, 3:02:09 PM",3.662,94.1,100,77,2024-08-21T19:02:09.000Z
"8/21/2024, 3:07:09 PM",3.662,94.3,100,60,2024-08-21T19:07:09.000Z
"8/21/2024, 3:12:09 PM",3.662,94.1,100,64,2024-08-21T19:12:09.000Z
"8/21/2024, 3:17:09 PM",3.662,94.1,100,64,2024-08-21T19:17:09.000Z
"8/21/2024, 3:22:09 PM",3.662,94.3,100,73,2024-08-21T19:22:09.000Z
"8/21/2024, 3:27:09 PM",3.662,94.1,100,75,2024-08-21T19:27:09.000Z
"8/21/2024, 3:32:09 PM",3.662,93.9,100,71,2024-08-21T19:32:09.000Z
"8/21/2024, 3:37:09 PM",3.662,94.3,100,76,2024-08-21T19:37:09.000Z
"8/21/2024, 3:42:09 PM",3.662,94.3,100,75,2024-08-21T19:42:09.000Z
"8/21/2024, 3:47:09 PM",3.662,94.3,100,77,2024-08-21T19:47:09.000Z
"8/21/2024, 3:52:09 PM",3.662,94.3,100,64,2024-08-21T19:52:09.000Z
"8/21/2024, 3:57:09 PM",3.662,94.3,100,58,2024-08-21T19:57:09.000Z
"8/21/2024, 4:02:09 PM",3.662,94.3,99.9,57,2024-08-21T20:02:09.000Z
"8/21/2024, 4:07:09 PM",3.662,94.3,99.4,62,2024-08-21T20:07:09.000Z
"8/21/2024, 4:12:09 PM",3.662,94.3,99.1,75,2024-08-21T20:12:09.000Z
"8/21/2024, 4:17:09 PM",3.662,94.3,98.8,75,2024-08-21T20:17:09.000Z
"8/21/2024, 4:22:09 PM",3.662,94.1,98.4,74,2024-08-21T20:22:09.000Z
"8/21/2024, 4:27:09 PM",3.662,93.9,98.2,65,2024-08-21T20:27:09.000Z
"8/21/2024, 4:32:09 PM",3.662,93.9,97.9,69,2024-08-21T20:32:09.000Z
"8/21/2024, 4:37:09 PM",3.662,93.7,97.5,74,2024-08-21T20:37:09.000Z
"8/21/2024, 4:42:09 PM",3.662,93.6,97.2,74,2024-08-21T20:42:09.000Z
"8/21/2024, 4:47:09 PM",3.662,93.4,97,76,2024-08-21T20:47:09.000Z
"8/21/2024, 4:52:09 PM",3.662,93.2,96.8,73,2024-08-21T20:52:09.000Z
"8/21/2024, 4:57:09 PM",3.662,93.2,96.6,77,2024-08-21T20:57:09.000Z
"8/21/2024, 5:02:09 PM",3.663,93,96.6,71,2024-08-21T21:02:09.000Z
"8/21/2024, 5:07:09 PM",3.663,92.5,96.4,66,2024-08-21T21:07:09.000Z
"8/21/2024, 5:12:09 PM",3.663,92.3,96.1,71,2024-08-21T21:12:09.000Z
"8/21/2024, 5:17:09 PM",3.663,92.3,95.9,74,2024-08-21T21:17:09.000Z
"8/21/2024, 5:22:09 PM",3.662,92.1,95.8,70,2024-08-21T21:22:09.000Z
"8/21/2024, 5:27:09 PM",3.663,92.1,95.7,76,2024-08-21T21:27:09.000Z
"8/21/2024, 5:32:09 PM",3.662,91.9,95.6,75,2024-08-21T21:32:09.000Z
"8/21/2024, 5:37:09 PM",3.662,91.8,95.4,73,2024-08-21T21:37:09.000Z
"8/21/2024, 5:42:09 PM",3.663,91.6,95.2,76,2024-08-21T21:42:09.000Z
"8/21/2024, 5:47:09 PM",3.663,91.4,95.1,71,2024-08-21T21:47:09.000Z
"8/21/2024, 5:52:09 PM",3.663,91.2,94.8,66,2024-08-21T21:52:09.000Z
"8/21/2024, 5:57:09 PM",3.663,91,94.6,73,2024-08-21T21:57:09.000Z
"8/21/2024, 6:02:09 PM",3.663,90.9,94.5,61,2024-08-21T22:02:09.000Z
"8/21/2024, 6:07:09 PM",3.663,90.5,94,65,2024-08-21T22:07:09.000Z
"8/21/2024, 6:12:09 PM",3.663,90.3,93.6,63,2024-08-21T22:12:09.000Z
"8/21/2024, 6:17:09 PM",3.663,90.1,93.3,63,2024-08-21T22:17:09.000Z
"8/21/2024, 6:22:09 PM",3.663,89.8,93.1,60,2024-08-21T22:22:09.000Z
"8/21/2024, 6:27:09 PM",3.663,89.4,92.8,64,2024-08-21T22:27:09.000Z
"8/21/2024, 6:32:09 PM",3.664,88.9,92.6,66,2024-08-21T22:32:09.000Z
"8/21/2024, 6:37:09 PM",3.663,88.7,92.7,70,2024-08-21T22:37:09.000Z
"8/21/2024, 6:42:09 PM",3.663,88.2,93,74,2024-08-21T22:42:09.000Z
"8/21/2024, 6:47:09 PM",3.663,87.6,93.3,70,2024-08-21T22:47:09.000Z
"8/21/2024, 6:52:09 PM",3.664,87.3,93.4,73,2024-08-21T22:52:09.000Z
"8/21/2024, 6:57:09 PM",3.663,86.7,93.5,73,2024-08-21T22:57:09.000Z
"8/21/2024, 7:02:09 PM",3.663,86.2,93.7,76,2024-08-21T23:02:09.000Z
"8/21/2024, 7:07:09 PM",3.663,85.8,93.8,80,2024-08-21T23:07:09.000Z
"8/21/2024, 7:12:09 PM",3.664,85.3,94.1,77,2024-08-21T23:12:09.000Z
"8/21/2024, 7:17:09 PM",3.664,84.7,94.2,81,2024-08-21T23:17:09.000Z
"8/21/2024, 7:22:09 PM",3.664,84.2,94.4,84,2024-08-21T23:22:09.000Z
"8/21/2024, 7:27:09 PM",3.664,83.8,94.7,79,2024-08-21T23:27:09.000Z
"8/21/2024, 7:32:09 PM",3.664,83.3,95.1,86,2024-08-21T23:32:09.000Z
"8/21/2024, 7:37:09 PM",3.664,82.9,95.3,85,2024-08-21T23:37:09.000Z
"8/21/2024, 7:42:09 PM",3.664,82.4,95.6,91,2024-08-21T23:42:09.000Z
"8/21/2024, 7:47:09 PM",3.664,82,95.8,96,2024-08-21T23:47:09.000Z
"8/21/2024, 7:52:09 PM",3.665,81.5,96.2,90,2024-08-21T23:52:09.000Z
"8/21/2024, 7:57:09 PM",3.665,81.1,96.6,101,2024-08-21T23:57:09.000Z
"8/21/2024, 8:02:09 PM",3.665,80.8,96.9,97,2024-08-22T00:02:09.000Z
"8/21/2024, 8:07:09 PM",3.665,80.4,97.2,99,2024-08-22T00:07:09.000Z
"8/21/2024, 8:12:09 PM",3.665,80.1,97.5,95,2024-08-22T00:12:09.000Z
"8/21/2024, 8:17:09 PM",3.665,79.7,97.7,102,2024-08-22T00:17:09.000Z
"8/21/2024, 8:22:09 PM",3.664,79.2,97.9,109,2024-08-22T00:22:09.000Z
"8/21/2024, 8:27:09 PM",3.665,79,98.2,113,2024-08-22T00:27:09.000Z
"8/21/2024, 8:32:09 PM",3.665,79,98.6,115,2024-08-22T00:32:09.000Z
"8/21/2024, 8:37:09 PM",3.665,78.6,98.9,120,2024-08-22T00:37:09.000Z
"8/21/2024, 8:42:09 PM",3.665,78.3,99.2,129,2024-08-22T00:42:09.000Z
"8/21/2024, 8:47:09 PM",3.665,78.1,99.5,133,2024-08-22T00:47:09.000Z
"8/21/2024, 8:52:09 PM",3.665,77.9,99.9,144,2024-08-22T00:52:09.000Z
"8/21/2024, 8:57:09 PM",3.665,77.7,100,145,2024-08-22T00:57:09.000Z
"8/21/2024, 9:02:09 PM",3.665,77.5,100,151,2024-08-22T01:02:09.000Z
"8/21/2024, 9:07:09 PM",3.665,77.4,100,154,2024-08-22T01:07:09.000Z
"8/21/2024, 9:12:09 PM",3.665,77.2,100,160,2024-08-22T01:12:09.000Z
"8/21/2024, 9:17:09 PM",3.665,77,100,163,2024-08-22T01:17:09.000Z
"8/21/2024, 9:22:09 PM",3.665,77,100,166,2024-08-22T01:22:09.000Z
"8/21/2024, 9:27:09 PM",3.665,76.8,100,166,2024-08-22T01:27:09.000Z
"8/21/2024, 9:32:09 PM",3.665,76.6,100,173,2024-08-22T01:32:09.000Z
"8/21/2024, 9:37:09 PM",3.665,76.5,100,171,2024-08-22T01:37:09.000Z
"8/21/2024, 9:42:09 PM",3.665,76.3,100,173,2024-08-22T01:42:09.000Z
"8/21/2024, 9:47:09 PM",3.665,76.3,100,180,2024-08-22T01:47:09.000Z
"8/21/2024, 9:52:09 PM",3.665,76.1,100,185,2024-08-22T01:52:09.000Z
"8/21/2024, 9:57:09 PM",3.665,75.9,100,186,2024-08-22T01:57:09.000Z
"8/21/2024, 10:02:09 PM",3.665,75.7,100,189,2024-08-22T02:02:09.000Z
"8/21/2024, 10:07:09 PM",3.665,75.7,100,190,2024-08-22T02:07:09.000Z
"8/21/2024, 10:12:09 PM",3.665,75.6,100,195,2024-08-22T02:12:09.000Z
"8/21/2024, 10:17:09 PM",3.665,75.6,100,197,2024-08-22T02:17:09.000Z
"8/21/2024, 10:22:09 PM",3.665,75.6,100,200,2024-08-22T02:22:09.000Z
"8/21/2024, 10:27:09 PM",3.665,75.4,100,203,2024-08-22T02:27:09.000Z
"8/21/2024, 10:32:09 PM",3.665,75.2,100,203,2024-08-22T02:32:09.000Z
"8/21/2024, 10:37:09 PM",3.665,75.2,100,203,2024-08-22T02:37:09.000Z
"8/21/2024, 10:42:09 PM",3.665,75.2,100,214,2024-08-22T02:42:09.000Z
"8/21/2024, 10:47:09 PM",3.665,75.2,100,208,2024-08-22T02:47:09.000Z
"8/21/2024, 10:52:09 PM",3.665,75,100,216,2024-08-22T02:52:09.000Z
"8/21/2024, 10:57:09 PM",3.665,75,100,222,2024-08-22T02:57:09.000Z
"8/21/2024, 11:02:09 PM",3.665,75,100,220,2024-08-22T03:02:09.000Z
"8/21/2024, 11:07:09 PM",3.665,75,100,219,2024-08-22T03:07:09.000Z
"8/21/2024, 11:12:09 PM",3.665,74.8,100,224,2024-08-22T03:12:09.000Z
"8/21/2024, 11:17:09 PM",3.665,74.8,100,223,2024-08-22T03:17:09.000Z
"8/21/2024, 11:22:09 PM",3.665,74.7,100,227,2024-08-22T03:22:09.000Z
"8/21/2024, 11:27:09 PM",3.665,74.7,100,232,2024-08-22T03:27:09.000Z
"8/21/2024, 11:32:09 PM",3.665,74.7,100,231,2024-08-22T03:32:09.000Z
"8/21/2024, 11:37:09 PM",3.665,74.5,100,234,2024-08-22T03:37:09.000Z
"8/21/2024, 11:42:09 PM",3.665,74.5,100,233,2024-08-22T03:42:09.000Z
"8/21/2024, 11:47:09 PM",3.665,74.5,100,236,2024-08-22T03:47:09.000Z
"8/21/2024, 11:52:09 PM",3.665,74.5,100,234,2024-08-22T03:52:09.000Z
"8/21/2024, 11:57:09 PM",3.665,74.3,100,239,2024-08-22T03:57:09.000Z
"8/22/2024, 12:02:09 AM",3.665,74.3,100,244,2024-08-22T04:02:09.000Z
"8/22/2024, 12:07:09 AM",3.665,74.3,100,246,2024-08-22T04:07:09.000Z
"8/22/2024, 12:12:09 AM",3.665,74.3,100,252,2024-08-22T04:12:09.000Z
"8/22/2024, 12:17:09 AM",3.665,74.3,100,248,2024-08-22T04:17:09.000Z
"8/22/2024, 12:22:09 AM",3.665,74.3,100,249,2024-08-22T04:22:09.000Z
"8/22/2024, 12:27:09 AM",3.665,74.3,100,250,2024-08-22T04:27:09.000Z
"8/22/2024, 12:32:09 AM",3.665,74.1,100,252,2024-08-22T04:32:09.000Z
"8/22/2024, 12:37:09 AM",3.665,74.1,100,257,2024-08-22T04:37:09.000Z
"8/22/2024, 12:42:09 AM",3.665,74.1,100,259,2024-08-22T04:42:09.000Z
"8/22/2024, 12:47:09 AM",3.665,74.1,100,258,2024-08-22T04:47:09.000Z
"8/22/2024, 12:52:09 AM",3.665,73.9,100,253,2024-08-22T04:52:09.000Z
"8/22/2024, 12:57:09 AM",3.665,73.9,100,255,2024-08-22T04:57:09.000Z
"8/22/2024, 1:02:09 AM",3.665,73.9,100,256,2024-08-22T05:02:09.000Z
"8/22/2024, 1:07:09 AM",3.665,73.9,100,255,2024-08-22T05:07:09.000Z
"8/22/2024, 1:12:09 AM",3.665,73.9,100,261,2024-08-22T05:12:09.000Z
"8/22/2024, 1:17:09 AM",3.665,73.9,100,261,2024-08-22T05:17:09.000Z
"8/22/2024, 1:22:09 AM",3.665,73.9,100,261,2024-08-22T05:22:09.000Z
"8/22/2024, 1:27:09 AM",3.665,73.9,100,262,2024-08-22T05:27:09.000Z
"8/22/2024, 1:32:09 AM",3.665,73.9,100,253,2024-08-22T05:32:09.000Z
"8/22/2024, 1:37:09 AM",3.665,73.9,100,256,2024-08-22T05:37:09.000Z
"8/22/2024, 1:42:09 AM",3.665,73.8,100,255,2024-08-22T05:42:09.000Z
"8/22/2024, 1:47:09 AM",3.665,73.8,100,258,2024-08-22T05:47:09.000Z
"8/22/2024, 1:52:09 AM",3.665,73.8,100,252,2024-08-22T05:52:09.000Z
"8/22/2024, 1:57:09 AM",3.665,73.8,100,261,2024-08-22T05:57:09.000Z
"8/22/2024, 2:02:09 AM",3.665,73.8,100,254,2024-08-22T06:02:09.000Z
"8/22/2024, 2:07:09 AM",3.665,73.8,100,262,2024-08-22T06:07:09.000Z
"8/22/2024, 2:12:09 AM",3.665,73.8,100,267,2024-08-22T06:12:09.000Z
"8/22/2024, 2:17:09 AM",3.665,73.8,100,265,2024-08-22T06:17:09.000Z
"8/22/2024, 2:22:09 AM",3.664,73.8,100,267,2024-08-22T06:22:09.000Z
"8/22/2024, 2:27:09 AM",3.665,73.8,100,263,2024-08-22T06:27:09.000Z
"8/22/2024, 2:32:09 AM",3.665,73.8,100,266,2024-08-22T06:32:09.000Z
"8/22/2024, 2:37:09 AM",3.665,73.8,100,266,2024-08-22T06:37:09.000Z
"8/22/2024, 2:42:09 AM",3.665,73.8,100,263,2024-08-22T06:42:09.000Z
"8/22/2024, 2:47:09 AM",3.665,73.8,100,270,2024-08-22T06:47:09.000Z
"8/22/2024, 2:52:09 AM",3.664,73.8,100,268,2024-08-22T06:52:09.000Z
"8/22/2024, 2:57:09 AM",3.665,73.8,100,266,2024-08-22T06:57:09.000Z
"8/22/2024, 3:02:09 AM",3.665,73.8,100,264,2024-08-22T07:02:09.000Z
"8/22/2024, 3:07:09 AM",3.665,73.8,100,267,2024-08-22T07:07:09.000Z
"8/22/2024, 3:12:09 AM",3.665,73.8,100,258,2024-08-22T07:12:09.000Z
"8/22/2024, 3:17:09 AM",3.665,73.6,100,260,2024-08-22T07:17:09.000Z
"8/22/2024, 3:22:09 AM",3.664,73.6,100,267,2024-08-22T07:22:09.000Z
"8/22/2024, 3:27:09 AM",3.665,73.6,100,257,2024-08-22T07:27:09.000Z
"8/22/2024, 3:32:09 AM",3.665,73.6,100,263,2024-08-22T07:32:09.000Z
"8/22/2024, 3:37:09 AM",3.665,73.6,100,268,2024-08-22T07:37:09.000Z
"8/22/2024, 3:42:09 AM",3.665,73.6,100,265,2024-08-22T07:42:09.000Z
"8/22/2024, 3:47:09 AM",3.665,73.6,100,259,2024-08-22T07:47:09.000Z
"8/22/2024, 3:52:09 AM",3.664,73.6,100,258,2024-08-22T07:52:09.000Z
"8/22/2024, 3:57:09 AM",3.665,73.6,100,268,2024-08-22T07:57:09.000Z
"8/22/2024, 4:02:09 AM",3.665,73.6,100,261,2024-08-22T08:02:09.000Z
"8/22/2024, 4:07:09 AM",3.665,73.4,100,258,2024-08-22T08:07:09.000Z
"8/22/2024, 4:12:09 AM",3.665,73.4,100,262,2024-08-22T08:12:09.000Z
"8/22/2024, 4:17:09 AM",3.665,73.4,100,261,2024-08-22T08:17:09.000Z
"8/22/2024, 4:22:09 AM",3.665,73.4,100,256,2024-08-22T08:22:09.000Z
"8/22/2024, 4:27:09 AM",3.665,73.4,100,258,2024-08-22T08:27:09.000Z
"8/22/2024, 4:32:09 AM",3.665,73.4,100,264,2024-08-22T08:32:09.000Z
"8/22/2024, 4:37:09 AM",3.665,73.4,100,260,2024-08-22T08:37:09.000Z
"8/22/2024, 4:42:09 AM",3.665,73.4,100,262,2024-08-22T08:42:09.000Z
"8/22/2024, 4:47:09 AM",3.665,73.4,100,259,2024-08-22T08:47:09.000Z
"8/22/2024, 4:52:09 AM",3.665,73.4,100,262,2024-08-22T08:52:09.000Z
"8/22/2024, 4:57:09 AM",3.665,73.4,100,249,2024-08-22T08:57:09.000Z
"8/22/2024, 5:02:09 AM",3.665,73.2,100,246,2024-08-22T09:02:09.000Z
"8/22/2024, 5:07:09 AM",3.665,73.2,100,254,2024-08-22T09:07:09.000Z
"8/22/2024, 5:12:09 AM",3.665,73.2,100,254,2024-08-22T09:12:09.000Z
"8/22/2024, 5:17:09 AM",3.665,73.2,100,258,2024-08-22T09:17:09.000Z
"8/22/2024, 5:22:09 AM",3.665,73.2,100,252,2024-08-22T09:22:09.000Z
"8/22/2024, 5:27:09 AM",3.665,73.2,100,255,2024-08-22T09:27:09.000Z
"8/22/2024, 5:32:09 AM",3.664,73,100,250,2024-08-22T09:32:09.000Z
"8/22/2024, 5:37:09 AM",3.665,73,100,255,2024-08-22T09:37:09.000Z
"8/22/2024, 5:42:09 AM",3.665,73,100,253,2024-08-22T09:42:09.000Z
"8/22/2024, 5:47:09 AM",3.665,73,100,242,2024-08-22T09:47:09.000Z
"8/22/2024, 5:52:09 AM",3.665,73,100,251,2024-08-22T09:52:09.000Z
"8/22/2024, 5:57:09 AM",3.664,73,100,247,2024-08-22T09:57:09.000Z
"8/22/2024, 6:02:09 AM",3.665,73,100,245,2024-08-22T10:02:09.000Z
"8/22/2024, 6:07:09 AM",3.665,73,100,241,2024-08-22T10:07:09.000Z
"8/22/2024, 6:12:09 AM",3.665,72.9,100,248,2024-08-22T10:12:09.000Z
"8/22/2024, 6:17:09 AM",3.665,72.9,100,241,2024-08-22T10:17:09.000Z
"8/22/2024, 6:22:09 AM",3.665,72.9,100,241,2024-08-22T10:22:09.000Z
"8/22/2024, 6:27:09 AM",3.664,72.9,100,238,2024-08-22T10:27:09.000Z
"8/22/2024, 6:32:09 AM",3.665,72.9,100,242,2024-08-22T10:32:09.000Z
"8/22/2024, 6:37:09 AM",3.665,72.9,100,232,2024-08-22T10:37:09.000Z
"8/22/2024, 6:42:09 AM",3.665,72.9,100,229,2024-08-22T10:42:09.000Z
"8/22/2024, 6:47:09 AM",3.665,72.9,100,231,2024-08-22T10:47:09.000Z
"8/22/2024, 6:52:09 AM",3.665,72.7,100,226,2024-08-22T10:52:09.000Z
"8/22/2024, 6:57:09 AM",3.665,72.7,100,230,2024-08-22T10:57:09.000Z
"8/22/2024, 7:02:09 AM",3.665,72.9,100,231,2024-08-22T11:02:09.000Z
"8/22/2024, 7:07:09 AM",3.664,72.7,100,231,2024-08-22T11:07:09.000Z
"8/22/2024, 7:12:09 AM",3.665,72.7,100,225,2024-08-22T11:12:09.000Z
"8/22/2024, 7:17:09 AM",3.664,72.9,100,226,2024-08-22T11:17:09.000Z
"8/22/2024, 7:22:09 AM",3.665,72.9,100,225,2024-08-22T11:22:09.000Z
"8/22/2024, 7:27:09 AM",3.665,73,100,223,2024-08-22T11:27:09.000Z
"8/22/2024, 7:32:09 AM",3.665,73.4,100,232,2024-08-22T11:32:09.000Z
"8/22/2024, 7:37:09 AM",3.664,73.6,100,230,2024-08-22T11:37:09.000Z
"8/22/2024, 7:42:09 AM",3.664,73.9,100,233,2024-08-22T11:42:09.000Z
"8/22/2024, 7:47:09 AM",3.664,73.9,100,230,2024-08-22T11:47:09.000Z
"8/22/2024, 7:52:09 AM",3.665,74.5,100,228,2024-08-22T11:52:09.000Z
"8/22/2024, 7:57:09 AM",3.664,74.7,100,230,2024-08-22T11:57:09.000Z
"8/22/2024, 8:02:09 AM",3.664,75.2,100,234,2024-08-22T12:02:09.000Z
"8/22/2024, 8:07:09 AM",3.665,75.4,100,222,2024-08-22T12:07:09.000Z
"8/22/2024, 8:12:09 AM",3.665,75.6,100,225,2024-08-22T12:12:09.000Z
"8/22/2024, 8:17:09 AM",3.665,75.9,100,216,2024-08-22T12:17:09.000Z
"8/22/2024, 8:22:09 AM",3.664,75.9,100,203,2024-08-22T12:22:09.000Z
"8/22/2024, 8:27:09 AM",3.665,76.1,100,199,2024-08-22T12:27:09.000Z
"8/22/2024, 8:32:09 AM",3.664,76.3,100,196,2024-08-22T12:32:09.000Z
"8/22/2024, 8:37:09 AM",3.664,76.5,100,197,2024-08-22T12:37:09.000Z
"8/22/2024, 8:42:09 AM",3.664,76.6,100,195,2024-08-22T12:42:09.000Z
"8/22/2024, 8:47:09 AM",3.664,77,100,191,2024-08-22T12:47:09.000Z
"8/22/2024, 8:52:09 AM",3.665,77.4,100,188,2024-08-22T12:52:09.000Z
"8/22/2024, 8:57:09 AM",3.664,77.7,100,190,2024-08-22T12:57:09.000Z
"8/22/2024, 9:02:09 AM",3.664,78.1,100,191,2024-08-22T13:02:09.000Z
"8/22/2024, 9:07:09 AM",3.664,78.6,100,190,2024-08-22T13:07:09.000Z
"8/22/2024, 9:12:09 AM",3.664,79,100,190,2024-08-22T13:12:09.000Z
"8/22/2024, 9:17:09 AM",3.664,79.2,100,190,2024-08-22T13:17:09.000Z
"8/22/2024, 9:22:09 AM",3.664,79.7,100,192,2024-08-22T13:22:09.000Z
"8/22/2024, 9:27:09 AM",3.664,80.2,100,193,2024-08-22T13:27:09.000Z
"8/22/2024, 9:32:09 AM",3.664,80.8,100,192,2024-08-22T13:32:09.000Z
"8/22/2024, 9:37:09 AM",3.664,81.1,100,192,2024-08-22T13:37:09.000Z
"8/22/2024, 9:42:09 AM",3.664,81.7,100,195,2024-08-22T13:42:09.000Z
"8/22/2024, 9:47:09 AM",3.664,82.2,100,196,2024-08-22T13:47:09.000Z
"8/22/2024, 9:52:09 AM",3.664,82.8,100,199,2024-08-22T13:52:09.000Z
"8/22/2024, 9:57:09 AM",3.664,83.3,100,199,2024-08-22T13:57:09.000Z
"8/22/2024, 10:02:09 AM",3.663,84,100,200,2024-08-22T14:02:09.000Z
"8/22/2024, 10:07:09 AM",3.664,84.4,100,204,2024-08-22T14:07:09.000Z
"8/22/2024, 10:12:09 AM",3.663,84.6,100,197,2024-08-22T14:12:09.000Z
"8/22/2024, 10:17:09 AM",3.663,84.9,100,194,2024-08-22T14:17:09.000Z
"8/22/2024, 10:22:09 AM",3.663,85.3,100,189,2024-08-22T14:22:09.000Z
"8/22/2024, 10:27:09 AM",3.664,85.6,100,194,2024-08-22T14:27:09.000Z
"8/22/2024, 10:32:09 AM",3.663,86,100,194,2024-08-22T14:32:09.000Z
"8/22/2024, 10:37:09 AM",3.663,86.2,100,187,2024-08-22T14:37:09.000Z
"8/22/2024, 10:42:09 AM",3.663,86.4,100,189,2024-08-22T14:42:09.000Z
"8/22/2024, 10:47:09 AM",3.663,86.7,100,195,2024-08-22T14:47:09.000Z
"8/22/2024, 10:52:09 AM",3.663,86.9,100,194,2024-08-22T14:52:09.000Z
"8/22/2024, 10:57:09 AM",3.663,87.3,100,191,2024-08-22T14:57:09.000Z
"8/22/2024, 11:02:09 AM",3.663,87.4,100,189,2024-08-22T15:02:09.000Z
"8/22/2024, 11:07:09 AM",3.663,87.6,100,192,2024-08-22T15:07:09.000Z
"8/22/2024, 11:12:09 AM",3.663,88,100,197,2024-08-22T15:12:09.000Z
"8/22/2024, 11:17:09 AM",3.663,88.2,100,196,2024-08-22T15:17:09.000Z
"8/22/2024, 11:22:09 AM",3.663,88.3,100,173,2024-08-22T15:22:09.000Z
"8/22/2024, 11:27:09 AM",3.663,88.5,100,186,2024-08-22T15:27:09.000Z
"8/22/2024, 11:32:09 AM",3.662,88.7,100,167,2024-08-22T15:32:09.000Z
"8/22/2024, 11:37:09 AM",3.662,88.9,100,161,2024-08-22T15:37:09.000Z
"8/22/2024, 11:42:09 AM",3.662,88.9,100,174,2024-08-22T15:42:09.000Z
"8/22/2024, 11:47:09 AM",3.663,89.1,100,190,2024-08-22T15:47:09.000Z
"8/22/2024, 11:52:09 AM",3.663,89.4,100,174,2024-08-22T15:52:09.000Z
"8/22/2024, 11:57:09 AM",3.663,89.4,100,164,2024-08-22T15:57:09.000Z
"8/22/2024, 12:02:09 PM",3.663,89.6,100,158,2024-08-22T16:02:09.000Z
"8/22/2024, 12:07:09 PM",3.663,89.8,100,166,2024-08-22T16:07:09.000Z
"8/22/2024, 12:12:09 PM",3.663,90.1,100,156,2024-08-22T16:12:09.000Z
"8/22/2024, 12:17:09 PM",3.662,90.3,100,170,2024-08-22T16:17:09.000Z
"8/22/2024, 12:22:09 PM",3.662,90.7,100,175,2024-08-22T16:22:09.000Z
"8/22/2024, 12:27:09 PM",3.662,90.9,100,182,2024-08-22T16:27:09.000Z
"8/22/2024, 12:32:09 PM",3.662,91.2,100,180,2024-08-22T16:32:09.000Z
"8/22/2024, 12:37:09 PM",3.662,91.4,100,186,2024-08-22T16:37:09.000Z
"8/22/2024, 12:42:09 PM",3.662,91.8,100,172,2024-08-22T16:42:09.000Z
"8/22/2024, 12:47:09 PM",3.662,92.1,100,169,2024-08-22T16:47:09.000Z
"8/22/2024, 12:52:09 PM",3.661,92.5,100,185,2024-08-22T16:52:09.000Z
"8/22/2024, 12:57:09 PM",3.662,92.8,100,184,2024-08-22T16:57:09.000Z
"8/22/2024, 1:02:09 PM",3.661,93,100,199,2024-08-22T17:02:09.000Z
"8/22/2024, 1:07:09 PM",3.662,93,100,197,2024-08-22T17:07:09.000Z
"8/22/2024, 1:12:09 PM",3.661,93.2,100,181,2024-08-22T17:12:09.000Z
"8/22/2024, 1:17:09 PM",3.662,93.4,100,178,2024-08-22T17:17:09.000Z
"8/22/2024, 1:22:09 PM",3.661,93.6,100,175,2024-08-22T17:22:09.000Z
"8/22/2024, 1:27:09 PM",3.662,93.9,100,187,2024-08-22T17:27:09.000Z
"8/22/2024, 1:32:09 PM",3.661,94.3,100,216,2024-08-22T17:32:09.000Z
"8/22/2024, 1:37:09 PM",3.661,94.8,100,243,2024-08-22T17:37:09.000Z
"8/22/2024, 1:42:09 PM",3.661,95,100,249,2024-08-22T17:42:09.000Z
"8/22/2024, 1:47:09 PM",3.661,95.2,100,225,2024-08-22T17:47:09.000Z
"8/22/2024, 1:52:09 PM",3.661,95.5,100,197,2024-08-22T17:52:09.000Z
"8/22/2024, 1:57:09 PM",3.661,95.7,100,210,2024-08-22T17:57:09.000Z
"8/22/2024, 2:02:09 PM",3.661,96.1,100,226,2024-08-22T18:02:09.000Z
"8/22/2024, 2:07:09 PM",3.661,96.4,100,230,2024-08-22T18:07:09.000Z
"8/22/2024, 2:12:09 PM",3.66,96.6,100,235,2024-08-22T18:12:09.000Z
"8/22/2024, 2:17:09 PM",3.661,96.8,100,232,2024-08-22T18:17:09.000Z
"8/22/2024, 2:22:09 PM",3.661,97,100,287,2024-08-22T18:22:09.000Z
"8/22/2024, 2:27:09 PM",3.66,97.2,100,262,2024-08-22T18:27:09.000Z
"8/22/2024, 2:32:09 PM",3.661,97.3,100,258,2024-08-22T18:32:09.000Z
"8/22/2024, 2:37:09 PM",3.661,97.5,100,282,2024-08-22T18:37:09.000Z
"8/22/2024, 2:42:09 PM",3.66,97.3,100,235,2024-08-22T18:42:09.000Z
"8/22/2024, 2:47:09 PM",3.661,97.5,100,234,2024-08-22T18:47:09.000Z
"8/22/2024, 2:52:09 PM",3.661,97.5,100,230,2024-08-22T18:52:09.000Z
"8/22/2024, 2:57:09 PM",3.66,97.9,100,266,2024-08-22T18:57:09.000Z
"8/22/2024, 3:02:09 PM",3.66,98.1,100,266,2024-08-22T19:02:09.000Z
"8/22/2024, 3:07:09 PM",3.661,98.1,100,226,2024-08-22T19:07:09.000Z
"8/22/2024, 3:12:09 PM",3.66,98.1,100,234,2024-08-22T19:12:09.000Z
"8/22/2024, 3:17:09 PM",3.661,97.9,100,192,2024-08-22T19:17:09.000Z
"8/22/2024, 3:22:09 PM",3.66,97.7,100,210,2024-08-22T19:22:09.000Z
"8/22/2024, 3:27:09 PM",3.661,97.7,100,204,2024-08-22T19:27:09.000Z
"8/22/2024, 3:32:09 PM",3.661,97.7,100,214,2024-08-22T19:32:09.000Z
"8/22/2024, 3:37:09 PM",3.66,97.9,100,247,2024-08-22T19:37:09.000Z
"8/22/2024, 3:42:09 PM",3.661,98.2,100,286,2024-08-22T19:42:09.000Z
"8/22/2024, 3:47:09 PM",3.66,98.4,100,284,2024-08-22T19:47:09.000Z
"8/22/2024, 3:52:09 PM",3.66,98.8,100,261,2024-08-22T19:52:09.000Z
"8/22/2024, 3:57:09 PM",3.661,99,100,266,2024-08-22T19:57:09.000Z
"8/22/2024, 4:02:09 PM",3.66,99,100,305,2024-08-22T20:02:09.000Z
"8/22/2024, 4:07:09 PM",3.661,99,100,194,2024-08-22T20:07:09.000Z
"8/22/2024, 4:12:09 PM",3.661,99.1,98.8,358,2024-08-22T20:12:09.000Z
"8/22/2024, 4:17:09 PM",3.66,99.1,98.4,364,2024-08-22T20:17:09.000Z
"8/22/2024, 4:22:09 PM",3.66,99,98.3,335,2024-08-22T20:22:09.000Z
"8/22/2024, 4:27:09 PM",3.661,99.1,98.2,294,2024-08-22T20:27:09.000Z
"8/22/2024, 4:32:09 PM",3.66,99.1,98,292,2024-08-22T20:32:09.000Z
"8/22/2024, 4:37:09 PM",3.66,99.3,97.5,241,2024-08-22T20:37:09.000Z
"8/22/2024, 4:42:09 PM",3.66,99.3,96.5,181,2024-08-22T20:42:09.000Z
"8/22/2024, 4:47:09 PM",3.66,99.3,95,178,2024-08-22T20:47:09.000Z
"8/22/2024, 4:52:09 PM",3.661,99.5,93.2,157,2024-08-22T20:52:09.000Z
"8/22/2024, 4:57:09 PM",3.661,99.5,91.2,158,2024-08-22T20:57:09.000Z
"8/22/2024, 5:02:09 PM",3.661,99.5,89.5,169,2024-08-22T21:02:09.000Z
"8/22/2024, 5:07:09 PM",3.661,99.5,88.8,196,2024-08-22T21:07:09.000Z
"8/22/2024, 5:12:09 PM",3.66,99.3,88.5,174,2024-08-22T21:12:09.000Z
"8/22/2024, 5:17:09 PM",3.661,99,87.8,193,2024-08-22T21:17:09.000Z
"8/22/2024, 5:22:09 PM",3.661,99,87.6,153,2024-08-22T21:22:09.000Z
"8/22/2024, 5:27:09 PM",3.661,99,87.8,122,2024-08-22T21:27:09.000Z
"8/22/2024, 5:32:09 PM",3.661,98.6,86.5,74,2024-08-22T21:32:09.000Z
"8/22/2024, 5:37:09 PM",3.66,98.4,84.3,103,2024-08-22T21:37:09.000Z
"8/22/2024, 5:42:09 PM",3.661,98.2,82.9,106,2024-08-22T21:42:09.000Z
"8/22/2024, 5:47:09 PM",3.661,97.9,82.9,100,2024-08-22T21:47:09.000Z
"8/22/2024, 5:52:09 PM",3.661,97.5,83.5,101,2024-08-22T21:52:09.000Z
"8/22/2024, 5:57:09 PM",3.661,97.5,84.1,90,2024-08-22T21:57:09.000Z
"8/22/2024, 6:02:09 PM",3.661,97.2,83.8,89,2024-08-22T22:02:09.000Z
"8/22/2024, 6:07:09 PM",3.661,97,83.9,82,2024-08-22T22:07:09.000Z
"8/22/2024, 6:12:09 PM",3.662,96.6,84.4,74,2024-08-22T22:12:09.000Z
"8/22/2024, 6:17:09 PM",3.661,96.4,84.7,77,2024-08-22T22:17:09.000Z
"8/22/2024, 6:22:09 PM",3.661,95.9,85,77,2024-08-22T22:22:09.000Z
"8/22/2024, 6:27:09 PM",3.661,95.4,84.7,55,2024-08-22T22:27:09.000Z
"8/22/2024, 6:32:09 PM",3.662,94.8,83.8,61,2024-08-22T22:32:09.000Z
"8/22/2024, 6:37:09 PM",3.661,94.1,84.1,66,2024-08-22T22:37:09.000Z
"8/22/2024, 6:42:09 PM",3.661,93.4,84.4,64,2024-08-22T22:42:09.000Z
"8/22/2024, 6:47:09 PM",3.662,92.8,85,59,2024-08-22T22:47:09.000Z
"8/22/2024, 6:52:09 PM",3.662,92.1,85.3,54,2024-08-22T22:52:09.000Z
"8/22/2024, 6:57:09 PM",3.662,91.6,85.6,53,2024-08-22T22:57:09.000Z
"8/22/2024, 7:02:09 PM",3.662,90.9,85.9,49,2024-08-22T23:02:09.000Z
"8/22/2024, 7:07:09 PM",3.663,90.1,86.1,41,2024-08-22T23:07:09.000Z
"8/22/2024, 7:12:09 PM",3.662,89.6,86.1,41,2024-08-22T23:12:09.000Z
"8/22/2024, 7:17:09 PM",3.663,88.9,86.4,39,2024-08-22T23:17:09.000Z
"8/22/2024, 7:22:09 PM",3.663,88.2,86.6,36,2024-08-22T23:22:09.000Z
"8/22/2024, 7:27:09 PM",3.663,87.4,87.1,33,2024-08-22T23:27:09.000Z
"8/22/2024, 7:32:09 PM",3.663,86.9,87.5,29,2024-08-22T23:32:09.000Z
"8/22/2024, 7:37:09 PM",3.663,86.4,87.9,29,2024-08-22T23:37:09.000Z
"8/22/2024, 7:42:09 PM",3.663,85.6,88.2,27,2024-08-22T23:42:09.000Z
"8/22/2024, 7:47:09 PM",3.663,84.9,88.4,23,2024-08-22T23:47:09.000Z
"8/22/2024, 7:52:09 PM",3.663,84.4,88.6,26,2024-08-22T23:52:09.000Z
"8/22/2024, 7:57:09 PM",3.664,83.7,88.9,26,2024-08-22T23:57:09.000Z
"8/22/2024, 8:02:09 PM",3.664,82.9,89.3,24,2024-08-23T00:02:09.000Z
"8/22/2024, 8:07:09 PM",3.664,82.4,89.6,24,2024-08-23T00:07:09.000Z
"8/22/2024, 8:12:09 PM",3.664,81.7,90,23,2024-08-23T00:12:09.000Z
"8/22/2024, 8:17:09 PM",3.664,81.1,90.3,19,2024-08-23T00:17:09.000Z
"8/22/2024, 8:22:09 PM",3.664,80.4,90.4,20,2024-08-23T00:22:09.000Z
"8/22/2024, 8:27:09 PM",3.665,79.9,90.6,20,2024-08-23T00:27:09.000Z
"8/22/2024, 8:32:09 PM",3.664,79.2,90.7,18,2024-08-23T00:32:09.000Z
"8/22/2024, 8:37:09 PM",3.664,79,90.9,18,2024-08-23T00:37:09.000Z
"8/22/2024, 8:42:09 PM",3.664,78.4,91.2,17,2024-08-23T00:42:09.000Z
"8/22/2024, 8:47:09 PM",3.664,77.9,91.4,15,2024-08-23T00:47:09.000Z
"8/22/2024, 8:52:09 PM",3.664,77.4,91.5,16,2024-08-23T00:52:09.000Z
"8/22/2024, 8:57:09 PM",3.664,77,91.7,15,2024-08-23T00:57:09.000Z
"8/22/2024, 9:02:09 PM",3.665,76.6,91.9,14,2024-08-23T01:02:09.000Z
"8/22/2024, 9:07:09 PM",3.664,76.3,92.1,13,2024-08-23T01:07:09.000Z
"8/22/2024, 9:12:09 PM",3.665,75.9,92.3,13,2024-08-23T01:12:09.000Z
"8/22/2024, 9:17:09 PM",3.665,75.7,92.4,13,2024-08-23T01:17:09.000Z
"8/22/2024, 9:22:09 PM",3.665,75.4,92.6,13,2024-08-23T01:22:09.000Z
"8/22/2024, 9:27:09 PM",3.665,75.2,92.8,12,2024-08-23T01:27:09.000Z
"8/22/2024, 9:32:09 PM",3.665,75,93,12,2024-08-23T01:32:09.000Z
"8/22/2024, 9:37:09 PM",3.665,74.7,93.2,11,2024-08-23T01:37:09.000Z
"8/22/2024, 9:42:09 PM",3.665,74.5,93.4,9,2024-08-23T01:42:09.000Z
"8/22/2024, 9:47:09 PM",3.665,74.1,93.4,9,2024-08-23T01:47:09.000Z
"8/22/2024, 9:52:09 PM",3.665,73.9,93.4,8,2024-08-23T01:52:09.000Z
"8/22/2024, 9:57:09 PM",3.665,73.8,93.3,8,2024-08-23T01:57:09.000Z
"8/22/2024, 10:02:09 PM",3.665,73.6,93.4,8,2024-08-23T02:02:09.000Z
"8/22/2024, 10:07:09 PM",3.665,73.4,93.4,8,2024-08-23T02:07:09.000Z
"8/22/2024, 10:12:09 PM",3.665,73.2,93.6,7,2024-08-23T02:12:09.000Z
"8/22/2024, 10:17:09 PM",3.665,73,93.8,7,2024-08-23T02:17:09.000Z
"8/22/2024, 10:22:09 PM",3.665,72.9,93.9,7,2024-08-23T02:22:09.000Z
"8/22/2024, 10:27:09 PM",3.665,72.7,94.2,6,2024-08-23T02:27:09.000Z
"8/22/2024, 10:32:09 PM",3.665,72.3,94.1,6,2024-08-23T02:32:09.000Z
"8/22/2024, 10:37:09 PM",3.665,72.3,94.3,6,2024-08-23T02:37:09.000Z
"8/22/2024, 10:42:09 PM",3.665,72.3,94.4,6,2024-08-23T02:42:09.000Z
"8/22/2024, 10:47:09 PM",3.665,72.3,94.6,5,2024-08-23T02:47:09.000Z
"8/22/2024, 10:52:09 PM",3.665,72.3,94.8,5,2024-08-23T02:52:09.000Z
"8/22/2024, 10:57:09 PM",3.665,72.1,95,5,2024-08-23T02:57:09.000Z
"8/22/2024, 11:02:09 PM",3.665,72.1,95.2,5,2024-08-23T03:02:09.000Z
"8/22/2024, 11:07:09 PM",3.665,72,95.3,4,2024-08-23T03:07:09.000Z
"8/22/2024, 11:12:09 PM",3.665,72,95.6,5,2024-08-23T03:12:09.000Z
"8/22/2024, 11:17:09 PM",3.665,72.1,95.8,4,2024-08-23T03:17:09.000Z
"8/22/2024, 11:22:09 PM",3.665,72.3,96.1,4,2024-08-23T03:22:09.000Z
"8/22/2024, 11:27:09 PM",3.665,72.7,96.5,4,2024-08-23T03:27:09.000Z
"8/22/2024, 11:32:09 PM",3.665,73,97,4,2024-08-23T03:32:09.000Z
"8/22/2024, 11:37:09 PM",3.665,73.6,97.5,3,2024-08-23T03:37:09.000Z
"8/22/2024, 11:42:09 PM",3.665,73.9,98.1,3,2024-08-23T03:42:09.000Z
"8/22/2024, 11:47:09 PM",3.665,74.3,98.5,3,2024-08-23T03:47:09.000Z
"8/22/2024, 11:52:09 PM",3.665,74.5,98.9,3,2024-08-23T03:52:09.000Z
"8/22/2024, 11:57:09 PM",3.665,74.7,99.4,3,2024-08-23T03:57:09.000Z
"8/23/2024, 12:02:09 AM",3.665,74.8,99.8,2,2024-08-23T04:02:09.000Z
"8/23/2024, 12:07:09 AM",3.664,75,100,2,2024-08-23T04:07:09.000Z
"8/23/2024, 12:12:09 AM",3.664,75,100,2,2024-08-23T04:12:09.000Z
"8/23/2024, 12:17:09 AM",3.665,75.2,100,2,2024-08-23T04:17:09.000Z
"8/23/2024, 12:22:09 AM",3.665,75.6,100,2,2024-08-23T04:22:09.000Z
"8/23/2024, 12:27:09 AM",3.665,75.6,100,2,2024-08-23T04:27:09.000Z
"8/23/2024, 12:32:09 AM",3.665,75.6,100,2,2024-08-23T04:32:09.000Z
"8/23/2024, 12:37:09 AM",3.665,75.6,100,2,2024-08-23T04:37:09.000Z
"8/23/2024, 12:42:09 AM",3.665,75.6,100,2,2024-08-23T04:42:09.000Z
"8/23/2024, 12:47:09 AM",3.665,75.4,100,2,2024-08-23T04:47:09.000Z
"8/23/2024, 12:52:09 AM",3.665,75.4,100,1,2024-08-23T04:52:09.000Z
"8/23/2024, 12:57:09 AM",3.665,75.2,100,1,2024-08-23T04:57:09.000Z
"8/23/2024, 1:02:09 AM",3.665,75,100,1,2024-08-23T05:02:09.000Z
"8/23/2024, 1:07:09 AM",3.665,75,100,1,2024-08-23T05:07:09.000Z
"8/23/2024, 1:12:09 AM",3.665,75,100,1,2024-08-23T05:12:09.000Z
"8/23/2024, 1:17:09 AM",3.665,75,100,1,2024-08-23T05:17:09.000Z
"8/23/2024, 1:22:09 AM",3.665,74.8,100,1,2024-08-23T05:22:09.000Z
"8/23/2024, 1:27:09 AM",3.665,74.8,100,1,2024-08-23T05:27:09.000Z
"8/23/2024, 1:32:09 AM",3.664,74.7,100,1,2024-08-23T05:32:09.000Z
"8/23/2024, 1:37:09 AM",3.664,74.7,100,1,2024-08-23T05:37:09.000Z
"8/23/2024, 1:42:09 AM",3.664,74.5,100,1,2024-08-23T05:42:09.000Z
"8/23/2024, 1:47:09 AM",3.665,74.5,100,1,2024-08-23T05:47:09.000Z
"8/23/2024, 1:52:09 AM",3.664,74.3,100,1,2024-08-23T05:52:09.000Z
"8/23/2024, 1:57:09 AM",3.665,74.1,100,1,2024-08-23T05:57:09.000Z
"8/23/2024, 2:02:09 AM",3.665,73.9,100,1,2024-08-23T06:02:09.000Z
"8/23/2024, 2:07:09 AM",3.665,73.9,100,1,2024-08-23T06:07:09.000Z
"8/23/2024, 2:12:09 AM",3.664,73.9,100,1,2024-08-23T06:12:09.000Z
"8/23/2024, 2:17:09 AM",3.665,73.9,100,1,2024-08-23T06:17:09.000Z
"8/23/2024, 2:22:09 AM",3.665,73.8,100,1,2024-08-23T06:22:09.000Z
"8/23/2024, 2:27:09 AM",3.665,73.8,100,1,2024-08-23T06:27:09.000Z
"8/23/2024, 2:32:09 AM",3.665,73.8,100,1,2024-08-23T06:32:09.000Z
"8/23/2024, 2:37:09 AM",3.665,73.8,100,1,2024-08-23T06:37:09.000Z
"8/23/2024, 2:42:09 AM",3.665,73.8,100,1,2024-08-23T06:42:09.000Z
"8/23/2024, 2:47:09 AM",3.664,73.6,100,1,2024-08-23T06:47:09.000Z
"8/23/2024, 2:52:09 AM",3.665,73.6,100,1,2024-08-23T06:52:09.000Z
"8/23/2024, 2:57:09 AM",3.665,73.6,100,1,2024-08-23T06:57:09.000Z
"8/23/2024, 3:02:09 AM",3.665,73.6,100,1,2024-08-23T07:02:09.000Z
"8/23/2024, 3:07:09 AM",3.665,73.6,100,1,2024-08-23T07:07:09.000Z
"8/23/2024, 3:12:09 AM",3.665,73.6,100,1,2024-08-23T07:12:09.000Z
"8/23/2024, 3:17:09 AM",3.665,73.6,100,1,2024-08-23T07:17:09.000Z
"8/23/2024, 3:22:09 AM",3.665,73.6,100,1,2024-08-23T07:22:09.000Z
"8/23/2024, 3:27:09 AM",3.665,73.6,100,1,2024-08-23T07:27:09.000Z
"8/23/2024, 3:32:09 AM",3.665,73.6,100,1,2024-08-23T07:32:09.000Z
"8/23/2024, 3:37:09 AM",3.665,73.4,100,1,2024-08-23T07:37:09.000Z
"8/23/2024, 3:42:09 AM",3.665,73.6,100,1,2024-08-23T07:42:09.000Z
"8/23/2024, 3:47:09 AM",3.665,73.4,100,1,2024-08-23T07:47:09.000Z
"8/23/2024, 3:52:09 AM",3.665,73.4,100,1,2024-08-23T07:52:09.000Z
"8/23/2024, 3:57:09 AM",3.665,73.4,100,1,2024-08-23T07:57:09.000Z
"8/23/2024, 4:02:09 AM",3.665,73.4,100,1,2024-08-23T08:02:09.000Z
"8/23/2024, 4:07:09 AM",3.665,73.4,100,1,2024-08-23T08:07:09.000Z
"8/23/2024, 4:12:09 AM",3.665,73.2,100,1,2024-08-23T08:12:09.000Z
"8/23/2024, 4:17:09 AM",3.664,73.2,100,1,2024-08-23T08:17:09.000Z
"8/23/2024, 4:22:09 AM",3.665,73.2,100,1,2024-08-23T08:22:09.000Z
"8/23/2024, 4:27:09 AM",3.665,73.2,100,1,2024-08-23T08:27:09.000Z
"8/23/2024, 4:32:09 AM",3.664,73.2,100,1,2024-08-23T08:32:09.000Z
"8/23/2024, 4:37:09 AM",3.665,73.2,100,1,2024-08-23T08:37:09.000Z
"8/23/2024, 4:42:09 AM",3.664,73.2,100,1,2024-08-23T08:42:09.000Z
"8/23/2024, 4:47:09 AM",3.664,73.2,100,1,2024-08-23T08:47:09.000Z
"8/23/2024, 4:52:09 AM",3.664,73.2,100,1,2024-08-23T08:52:09.000Z
"8/23/2024, 4:57:09 AM",3.665,73.2,100,1,2024-08-23T08:57:09.000Z
"8/23/2024, 5:02:09 AM",3.665,73.2,100,1,2024-08-23T09:02:09.000Z
"8/23/2024, 5:07:09 AM",3.665,73,100,1,2024-08-23T09:07:09.000Z
"8/23/2024, 5:12:09 AM",3.665,73,100,1,2024-08-23T09:12:09.000Z
"8/23/2024, 5:17:09 AM",3.665,73,100,1,2024-08-23T09:17:09.000Z
"8/23/2024, 5:22:09 AM",3.664,73,100,1,2024-08-23T09:22:09.000Z
"8/23/2024, 5:27:09 AM",3.664,73,100,1,2024-08-23T09:27:09.000Z
"8/23/2024, 5:32:09 AM",3.664,73,100,1,2024-08-23T09:32:09.000Z
"8/23/2024, 5:37:09 AM",3.664,73,100,1,2024-08-23T09:37:09.000Z
"8/23/2024, 5:42:09 AM",3.664,73,100,1,2024-08-23T09:42:09.000Z
"8/23/2024, 5:47:09 AM",3.664,73,100,1,2024-08-23T09:47:09.000Z
"8/23/2024, 5:52:09 AM",3.664,72.9,100,1,2024-08-23T09:52:09.000Z
"8/23/2024, 5:57:09 AM",3.664,72.9,100,0,2024-08-23T09:57:09.000Z
"8/23/2024, 6:02:09 AM",3.664,72.9,100,1,2024-08-23T10:02:09.000Z
"8/23/2024, 6:07:09 AM",3.664,72.9,100,0,2024-08-23T10:07:09.000Z
"8/23/2024, 6:12:09 AM",3.664,72.9,100,1,2024-08-23T10:12:09.000Z
"8/23/2024, 6:17:09 AM",3.664,72.9,100,1,2024-08-23T10:17:09.000Z
"8/23/2024, 6:22:09 AM",3.665,72.9,100,1,2024-08-23T10:22:09.000Z
"8/23/2024, 6:27:09 AM",3.664,72.9,100,0,2024-08-23T10:27:09.000Z
"8/23/2024, 6:32:09 AM",3.665,72.9,100,0,2024-08-23T10:32:09.000Z
"8/23/2024, 6:37:09 AM",3.665,72.9,100,1,2024-08-23T10:37:09.000Z
"8/23/2024, 6:42:09 AM",3.664,72.9,100,1,2024-08-23T10:42:09.000Z
"8/23/2024, 6:47:09 AM",3.665,72.9,100,0,2024-08-23T10:47:09.000Z
"8/23/2024, 6:52:09 AM",3.664,72.9,100,1,2024-08-23T10:52:09.000Z
"8/23/2024, 6:57:09 AM",3.664,72.9,100,1,2024-08-23T10:57:09.000Z
"8/23/2024, 7:02:09 AM",3.665,72.9,100,0,2024-08-23T11:02:09.000Z
"8/23/2024, 7:07:09 AM",3.665,72.7,100,1,2024-08-23T11:07:09.000Z
"8/23/2024, 7:12:09 AM",3.664,72.7,100,1,2024-08-23T11:12:09.000Z
"8/23/2024, 7:17:09 AM",3.664,72.9,100,1,2024-08-23T11:17:09.000Z
"8/23/2024, 7:22:09 AM",3.664,72.9,100,1,2024-08-23T11:22:09.000Z
"8/23/2024, 7:27:09 AM",3.664,73,100,1,2024-08-23T11:27:09.000Z
"8/23/2024, 7:32:09 AM",3.665,73,100,1,2024-08-23T11:32:09.000Z
"8/23/2024, 7:37:09 AM",3.664,73.4,100,1,2024-08-23T11:37:09.000Z
"8/23/2024, 7:42:09 AM",3.665,73.6,100,1,2024-08-23T11:42:09.000Z
"8/23/2024, 7:47:09 AM",3.665,73.8,100,1,2024-08-23T11:47:09.000Z
"8/23/2024, 7:52:09 AM",3.664,73.9,100,1,2024-08-23T11:52:09.000Z
"8/23/2024, 7:57:09 AM",3.664,74.3,100,1,2024-08-23T11:57:09.000Z
"8/23/2024, 8:02:09 AM",3.664,74.5,100,1,2024-08-23T12:02:09.000Z
"8/23/2024, 8:07:09 AM",3.664,74.8,100,1,2024-08-23T12:07:09.000Z
"8/23/2024, 8:12:09 AM",3.664,75,100,1,2024-08-23T12:12:09.000Z
"8/23/2024, 8:17:09 AM",3.664,75.4,100,1,2024-08-23T12:17:09.000Z
"8/23/2024, 8:22:09 AM",3.664,75.7,100,1,2024-08-23T12:22:09.000Z
"8/23/2024, 8:27:09 AM",3.664,75.9,100,1,2024-08-23T12:27:09.000Z
"8/23/2024, 8:32:09 AM",3.664,76.3,100,1,2024-08-23T12:32:09.000Z
"8/23/2024, 8:37:09 AM",3.664,76.5,100,1,2024-08-23T12:37:09.000Z
"8/23/2024, 8:42:09 AM",3.664,76.8,100,1,2024-08-23T12:42:09.000Z
"8/23/2024, 8:47:09 AM",3.664,77.2,100,1,2024-08-23T12:47:09.000Z
"8/23/2024, 8:52:09 AM",3.664,77.5,100,1,2024-08-23T12:52:09.000Z
"8/23/2024, 8:57:09 AM",3.664,78.1,100,1,2024-08-23T12:57:09.000Z
"8/23/2024, 9:02:09 AM",3.664,78.4,100,1,2024-08-23T13:02:09.000Z
"8/23/2024, 9:07:09 AM",3.664,79,100,1,2024-08-23T13:07:09.000Z
"8/23/2024, 9:12:09 AM",3.664,79.2,100,1,2024-08-23T13:12:09.000Z
"8/23/2024, 9:17:09 AM",3.664,79.7,100,1,2024-08-23T13:17:09.000Z
"8/23/2024, 9:22:09 AM",3.664,80.4,100,1,2024-08-23T13:22:09.000Z
"8/23/2024, 9:27:09 AM",3.664,81,100,1,2024-08-23T13:27:09.000Z
"8/23/2024, 9:32:09 AM",3.664,81.5,100,1,2024-08-23T13:32:09.000Z
"8/23/2024, 9:37:09 AM",3.663,82,100,1,2024-08-23T13:37:09.000Z
"8/23/2024, 9:42:09 AM",3.663,82.6,100,1,2024-08-23T13:42:09.000Z
"8/23/2024, 9:47:09 AM",3.663,83.1,100,1,2024-08-23T13:47:09.000Z
"8/23/2024, 9:52:09 AM",3.663,84,100,1,2024-08-23T13:52:09.000Z
"8/23/2024, 9:57:09 AM",3.663,84.6,100,1,2024-08-23T13:57:09.000Z
"8/23/2024, 10:02:09 AM",3.663,85.1,100,1,2024-08-23T14:02:09.000Z
"8/23/2024, 10:07:09 AM",3.663,85.6,100,1,2024-08-23T14:07:09.000Z
"8/23/2024, 10:12:09 AM",3.663,86.2,100,1,2024-08-23T14:12:09.000Z
"8/23/2024, 10:17:09 AM",3.663,86.9,100,1,2024-08-23T14:17:09.000Z
"8/23/2024, 10:22:09 AM",3.662,87.4,100,1,2024-08-23T14:22:09.000Z
"8/23/2024, 10:27:09 AM",3.662,87.8,100,1,2024-08-23T14:27:09.000Z
"8/23/2024, 10:32:09 AM",3.662,88.3,100,1,2024-08-23T14:32:09.000Z
"8/23/2024, 10:37:09 AM",3.663,88.9,100,1,2024-08-23T14:37:09.000Z
"8/23/2024, 10:42:09 AM",3.662,89.1,100,1,2024-08-23T14:42:09.000Z
"8/23/2024, 10:47:09 AM",3.662,89.6,100,1,2024-08-23T14:47:09.000Z
"8/23/2024, 10:52:09 AM",3.662,90,100,1,2024-08-23T14:52:09.000Z
"8/23/2024, 10:57:09 AM",3.663,90.1,100,1,2024-08-23T14:57:09.000Z
"8/23/2024, 11:02:09 AM",3.662,90.1,100,1,2024-08-23T15:02:09.000Z
"8/23/2024, 11:07:09 AM",3.662,90.3,100,1,2024-08-23T15:07:09.000Z
"8/23/2024, 11:12:09 AM",3.662,90.5,100,1,2024-08-23T15:12:09.000Z
"8/23/2024, 11:17:09 AM",3.662,90.7,100,1,2024-08-23T15:17:09.000Z
"8/23/2024, 11:22:09 AM",3.662,90.9,100,1,2024-08-23T15:22:09.000Z
"8/23/2024, 11:27:09 AM",3.662,91.2,100,1,2024-08-23T15:27:09.000Z
"8/23/2024, 11:32:09 AM",3.662,91.6,100,1,2024-08-23T15:32:09.000Z
"8/23/2024, 11:37:09 AM",3.662,91.8,100,1,2024-08-23T15:37:09.000Z
"8/23/2024, 11:42:09 AM",3.661,92.1,100,1,2024-08-23T15:42:09.000Z
"8/23/2024, 11:47:09 AM",3.661,92.5,100,1,2024-08-23T15:47:09.000Z
"8/23/2024, 11:52:09 AM",3.662,93,100,1,2024-08-23T15:52:09.000Z
"8/23/2024, 11:57:09 AM",3.661,93.4,100,1,2024-08-23T15:57:09.000Z
"8/23/2024, 12:02:09 PM",3.661,93.9,100,1,2024-08-23T16:02:09.000Z
"8/23/2024, 12:07:09 PM",3.661,94.3,100,1,2024-08-23T16:07:09.000Z
"8/23/2024, 12:12:09 PM",3.661,94.6,100,1,2024-08-23T16:12:09.000Z
"8/23/2024, 12:17:09 PM",3.661,95.2,100,1,2024-08-23T16:17:09.000Z
"8/23/2024, 12:22:09 PM",3.661,95.5,100,1,2024-08-23T16:22:09.000Z
"8/23/2024, 12:27:09 PM",3.661,96.1,100,1,2024-08-23T16:27:09.000Z
"8/23/2024, 12:32:09 PM",3.661,96.4,100,1,2024-08-23T16:32:09.000Z
"8/23/2024, 12:37:09 PM",3.661,96.8,100,1,2024-08-23T16:37:09.000Z
"8/23/2024, 12:42:09 PM",3.661,97.3,100,1,2024-08-23T16:42:09.000Z
"8/23/2024, 12:47:09 PM",3.661,97.5,100,1,2024-08-23T16:47:09.000Z
"8/23/2024, 12:52:09 PM",3.661,97.9,100,1,2024-08-23T16:52:09.000Z
"8/23/2024, 12:57:09 PM",3.66,98.2,100,1,2024-08-23T16:57:09.000Z
"8/23/2024, 1:02:09 PM",3.661,98.6,100,1,2024-08-23T17:02:09.000Z
"8/23/2024, 1:07:09 PM",3.66,99,100,1,2024-08-23T17:07:09.000Z
"8/23/2024, 1:12:09 PM",3.66,99,100,1,2024-08-23T17:12:09.000Z
"8/23/2024, 1:17:09 PM",3.66,99.3,100,1,2024-08-23T17:17:09.000Z
"8/23/2024, 1:22:09 PM",3.66,99.7,100,1,2024-08-23T17:22:09.000Z
"8/23/2024, 1:27:09 PM",3.66,100,100,1,2024-08-23T17:27:09.000Z
"8/23/2024, 1:32:09 PM",3.66,100.4,100,1,2024-08-23T17:32:09.000Z
"8/23/2024, 1:37:09 PM",3.66,100.6,100,1,2024-08-23T17:37:09.000Z
"8/23/2024, 1:42:09 PM",3.66,100.8,100,1,2024-08-23T17:42:09.000Z
"8/23/2024, 1:47:09 PM",3.66,101.1,100,1,2024-08-23T17:47:09.000Z
"8/23/2024, 1:52:09 PM",3.659,101.3,100,1,2024-08-23T17:52:09.000Z
"8/23/2024, 1:57:09 PM",3.659,101.5,100,1,2024-08-23T17:57:09.000Z
"8/23/2024, 2:02:09 PM",3.66,101.7,100,1,2024-08-23T18:02:09.000Z
"8/23/2024, 2:07:09 PM",3.659,101.8,100,1,2024-08-23T18:07:09.000Z
"8/23/2024, 2:12:09 PM",3.659,102.2,100,1,2024-08-23T18:12:09.000Z
"8/23/2024, 2:17:09 PM",3.659,102.4,100,1,2024-08-23T18:17:09.000Z
"8/23/2024, 2:22:09 PM",3.66,102.4,100,1,2024-08-23T18:22:09.000Z
"8/23/2024, 2:27:09 PM",3.659,102.6,100,1,2024-08-23T18:27:09.000Z
"8/23/2024, 2:32:09 PM",3.659,102.7,100,1,2024-08-23T18:32:09.000Z
"8/23/2024, 2:37:09 PM",3.659,103.1,100,1,2024-08-23T18:37:09.000Z
"8/23/2024, 2:42:09 PM",3.659,103.3,100,1,2024-08-23T18:42:09.000Z
"8/23/2024, 2:47:09 PM",3.659,103.6,99.6,1,2024-08-23T18:47:09.000Z
"8/23/2024, 2:52:09 PM",3.659,103.8,99.4,1,2024-08-23T18:52:09.000Z
"8/23/2024, 2:57:09 PM",3.659,103.8,99,1,2024-08-23T18:57:09.000Z
"8/23/2024, 3:02:09 PM",3.66,103.8,98.2,1,2024-08-23T19:02:09.000Z
"8/23/2024, 3:07:09 PM",3.659,103.8,97.7,1,2024-08-23T19:07:09.000Z
"8/23/2024, 3:12:09 PM",3.659,103.8,97.2,1,2024-08-23T19:12:09.000Z
"8/23/2024, 3:17:09 PM",3.66,104,96.6,1,2024-08-23T19:17:09.000Z
"8/23/2024, 3:22:09 PM",3.659,104.2,96,1,2024-08-23T19:22:09.000Z
"8/23/2024, 3:27:09 PM",3.659,104.2,94.4,1,2024-08-23T19:27:09.000Z
"8/23/2024, 3:32:09 PM",3.659,104.4,93.8,1,2024-08-23T19:32:09.000Z
"8/23/2024, 3:37:09 PM",3.659,104.4,93,1,2024-08-23T19:37:09.000Z
"8/23/2024, 3:42:09 PM",3.659,104.4,92.1,1,2024-08-23T19:42:09.000Z
"8/23/2024, 3:47:09 PM",3.659,104.4,91.8,1,2024-08-23T19:47:09.000Z
"8/23/2024, 3:52:09 PM",3.659,104.4,91.8,1,2024-08-23T19:52:09.000Z
"8/23/2024, 3:57:09 PM",3.659,104.4,90.9,1,2024-08-23T19:57:09.000Z
"8/23/2024, 4:02:09 PM",3.659,104.2,89.4,0,2024-08-23T20:02:09.000Z
"8/23/2024, 4:07:09 PM",3.659,104.2,87.7,1,2024-08-23T20:07:09.000Z
"8/23/2024, 4:12:09 PM",3.66,104,87.4,0,2024-08-23T20:12:09.000Z
"8/23/2024, 4:17:09 PM",3.659,103.8,86.1,1,2024-08-23T20:17:09.000Z
"8/23/2024, 4:22:09 PM",3.66,103.8,85.1,0,2024-08-23T20:22:09.000Z
"8/23/2024, 4:27:09 PM",3.66,103.6,83.6,0,2024-08-23T20:27:09.000Z
"8/23/2024, 4:32:09 PM",3.66,103.5,83.3,0,2024-08-23T20:32:09.000Z
"8/23/2024, 4:37:09 PM",3.66,103.3,84,0,2024-08-23T20:37:09.000Z
"8/23/2024, 4:42:09 PM",3.66,102.9,85.3,0,2024-08-23T20:42:09.000Z
"8/23/2024, 4:47:09 PM",3.659,102.9,85.6,0,2024-08-23T20:47:09.000Z
"8/23/2024, 4:52:09 PM",3.66,102.7,86.1,0,2024-08-23T20:52:09.000Z
"8/23/2024, 4:57:09 PM",3.66,102.4,87.1,0,2024-08-23T20:57:09.000Z
"8/23/2024, 5:02:09 PM",3.66,102.4,88.1,0,2024-08-23T21:02:09.000Z
"8/23/2024, 5:07:09 PM",3.66,102.2,88.7,0,2024-08-23T21:07:09.000Z
"8/23/2024, 5:12:09 PM",3.66,101.8,88.9,0,2024-08-23T21:12:09.000Z
"8/23/2024, 5:17:09 PM",3.66,101.7,88.1,0,2024-08-23T21:17:09.000Z
"8/23/2024, 5:22:09 PM",3.66,101.3,88,0,2024-08-23T21:22:09.000Z
"8/23/2024, 5:27:09 PM",3.66,101.1,88.6,0,2024-08-23T21:27:09.000Z
"8/23/2024, 5:32:09 PM",3.66,100.9,89.3,0,2024-08-23T21:32:09.000Z
"8/23/2024, 5:37:09 PM",3.66,100.6,89.8,0,2024-08-23T21:37:09.000Z
"8/23/2024, 5:42:09 PM",3.66,100.4,89.9,0,2024-08-23T21:42:09.000Z
"8/23/2024, 5:47:09 PM",3.66,100,90,0,2024-08-23T21:47:09.000Z
"8/23/2024, 5:52:09 PM",3.661,99.9,90.4,0,2024-08-23T21:52:09.000Z
"8/23/2024, 5:57:09 PM",3.66,99.5,90.8,0,2024-08-23T21:57:09.000Z
"8/23/2024, 6:02:09 PM",3.661,99,91.1,0,2024-08-23T22:02:09.000Z
"8/23/2024, 6:07:09 PM",3.661,99,91.3,0,2024-08-23T22:07:09.000Z
"8/23/2024, 6:12:09 PM",3.661,98.8,91.4,0,2024-08-23T22:12:09.000Z
"8/23/2024, 6:17:09 PM",3.661,98.2,91.6,0,2024-08-23T22:17:09.000Z
"8/23/2024, 6:22:09 PM",3.661,97.9,91.8,0,2024-08-23T22:22:09.000Z
"8/23/2024, 6:27:09 PM",3.662,97.5,91.7,0,2024-08-23T22:27:09.000Z
"8/23/2024, 6:32:09 PM",3.661,97,91.9,0,2024-08-23T22:32:09.000Z
"8/23/2024, 6:37:09 PM",3.661,96.4,92.3,0,2024-08-23T22:37:09.000Z
"8/23/2024, 6:42:09 PM",3.662,95.7,92.7,0,2024-08-23T22:42:09.000Z
"8/23/2024, 6:47:09 PM",3.662,94.8,93.1,0,2024-08-23T22:47:09.000Z
"8/23/2024, 6:52:09 PM",3.662,93.9,93.4,0,2024-08-23T22:52:09.000Z
"8/23/2024, 6:57:09 PM",3.662,93,93.8,0,2024-08-23T22:57:09.000Z
"8/23/2024, 7:02:09 PM",3.662,92.5,94.1,0,2024-08-23T23:02:09.000Z
"8/23/2024, 7:07:09 PM",3.662,91.9,94.5,0,2024-08-23T23:07:09.000Z
"8/23/2024, 7:12:09 PM",3.662,91.6,95,0,2024-08-23T23:12:09.000Z
"8/23/2024, 7:17:09 PM",3.663,91,95.6,0,2024-08-23T23:17:09.000Z
"8/23/2024, 7:22:09 PM",3.663,90.7,96.1,0,2024-08-23T23:22:09.000Z
"8/23/2024, 7:27:09 PM",3.663,90.3,96.7,0,2024-08-23T23:27:09.000Z
"8/23/2024, 7:32:09 PM",3.663,90,97.1,0,2024-08-23T23:32:09.000Z
"8/23/2024, 7:37:09 PM",3.663,89.6,97.6,0,2024-08-23T23:37:09.000Z
"8/23/2024, 7:42:09 PM",3.663,89.1,98,0,2024-08-23T23:42:09.000Z
"8/23/2024, 7:47:09 PM",3.663,88.9,98.3,0,2024-08-23T23:47:09.000Z
"8/23/2024, 7:52:09 PM",3.663,88.3,98.6,0,2024-08-23T23:52:09.000Z
"8/23/2024, 7:57:09 PM",3.663,88,98.8,0,2024-08-23T23:57:09.000Z
"8/23/2024, 8:02:09 PM",3.664,87.4,99.1,0,2024-08-24T00:02:09.000Z
"8/23/2024, 8:07:09 PM",3.664,87.1,99.4,0,2024-08-24T00:07:09.000Z
"8/23/2024, 8:12:09 PM",3.664,86.7,99.6,0,2024-08-24T00:12:09.000Z
"8/23/2024, 8:17:09 PM",3.663,86.4,99.8,0,2024-08-24T00:17:09.000Z
"8/23/2024, 8:22:09 PM",3.664,86,100,0,2024-08-24T00:22:09.000Z
"8/23/2024, 8:27:09 PM",3.663,85.6,100,0,2024-08-24T00:27:09.000Z
"8/23/2024, 8:32:09 PM",3.664,85.3,100,0,2024-08-24T00:32:09.000Z
"8/23/2024, 8:37:09 PM",3.663,84.9,100,0,2024-08-24T00:37:09.000Z
"8/23/2024, 8:42:09 PM",3.663,84.7,100,0,2024-08-24T00:42:09.000Z
"8/23/2024, 8:47:09 PM",3.664,84.6,100,0,2024-08-24T00:47:09.000Z
"8/23/2024, 8:52:09 PM",3.664,84.4,100,0,2024-08-24T00:52:09.000Z
"8/23/2024, 8:57:09 PM",3.664,84.2,100,0,2024-08-24T00:57:09.000Z
"8/23/2024, 9:02:09 PM",3.664,84,100,0,2024-08-24T01:02:09.000Z
"8/23/2024, 9:07:09 PM",3.664,83.8,100,0,2024-08-24T01:07:09.000Z
"8/23/2024, 9:12:09 PM",3.664,83.7,100,0,2024-08-24T01:12:09.000Z
"8/23/2024, 9:17:09 PM",3.664,83.5,100,0,2024-08-24T01:17:09.000Z
"8/23/2024, 9:22:09 PM",3.664,83.3,100,0,2024-08-24T01:22:09.000Z
"8/23/2024, 9:27:09 PM",3.664,83.1,100,0,2024-08-24T01:27:09.000Z
"8/23/2024, 9:32:09 PM",3.664,82.9,100,0,2024-08-24T01:32:09.000Z
"8/23/2024, 9:37:09 PM",3.664,82.8,100,0,2024-08-24T01:37:09.000Z
"8/23/2024, 9:42:09 PM",3.664,82.8,100,0,2024-08-24T01:42:09.000Z
"8/23/2024, 9:47:09 PM",3.664,82.4,100,0,2024-08-24T01:47:09.000Z
"8/23/2024, 9:52:09 PM",3.664,82.4,100,0,2024-08-24T01:52:09.000Z
"8/23/2024, 9:57:09 PM",3.665,82.2,100,0,2024-08-24T01:57:09.000Z
"8/23/2024, 10:02:09 PM",3.664,82,100,0,2024-08-24T02:02:09.000Z
"8/23/2024, 10:07:09 PM",3.665,82,100,0,2024-08-24T02:07:09.000Z
"8/23/2024, 10:12:09 PM",3.664,81.9,100,0,2024-08-24T02:12:09.000Z
"8/23/2024, 10:17:09 PM",3.664,81.9,100,0,2024-08-24T02:17:09.000Z
"8/23/2024, 10:22:09 PM",3.664,81.7,100,0,2024-08-24T02:22:09.000Z
"8/23/2024, 10:27:09 PM",3.665,81.5,100,0,2024-08-24T02:27:09.000Z
"8/23/2024, 10:32:09 PM",3.664,81.5,100,0,2024-08-24T02:32:09.000Z
"8/23/2024, 10:37:09 PM",3.664,81.3,100,0,2024-08-24T02:37:09.000Z
"8/23/2024, 10:42:09 PM",3.664,81.1,100,0,2024-08-24T02:42:09.000Z
"8/23/2024, 10:47:09 PM",3.664,81.1,100,0,2024-08-24T02:47:09.000Z
"8/23/2024, 10:52:09 PM",3.664,81,100,0,2024-08-24T02:52:09.000Z
"8/23/2024, 10:57:09 PM",3.664,81,100,0,2024-08-24T02:57:09.000Z
"8/23/2024, 11:02:09 PM",3.664,80.8,100,0,2024-08-24T03:02:09.000Z
"8/23/2024, 11:07:09 PM",3.665,80.8,100,0,2024-08-24T03:07:09.000Z
"8/23/2024, 11:12:09 PM",3.664,80.8,100,0,2024-08-24T03:12:09.000Z
"8/23/2024, 11:17:09 PM",3.664,80.6,100,0,2024-08-24T03:17:09.000Z
"8/23/2024, 11:22:09 PM",3.664,80.6,100,0,2024-08-24T03:22:09.000Z
"8/23/2024, 11:27:09 PM",3.664,80.4,100,0,2024-08-24T03:27:09.000Z
"8/23/2024, 11:32:09 PM",3.664,80.4,100,0,2024-08-24T03:32:09.000Z
"8/23/2024, 11:37:09 PM",3.664,80.2,100,0,2024-08-24T03:37:09.000Z
"8/23/2024, 11:42:09 PM",3.664,80.1,100,0,2024-08-24T03:42:09.000Z
"8/23/2024, 11:47:09 PM",3.664,80.1,100,0,2024-08-24T03:47:09.000Z
"8/23/2024, 11:52:09 PM",3.664,79.9,100,0,2024-08-24T03:52:09.000Z
"8/23/2024, 11:57:09 PM",3.665,79.9,100,0,2024-08-24T03:57:09.000Z
"8/24/2024, 12:02:09 AM",3.664,79.7,100,0,2024-08-24T04:02:09.000Z
"8/24/2024, 12:07:09 AM",3.664,79.7,100,0,2024-08-24T04:07:09.000Z
"8/24/2024, 12:12:09 AM",3.664,79.7,100,0,2024-08-24T04:12:09.000Z
"8/24/2024, 12:17:09 AM",3.664,79.5,100,0,2024-08-24T04:17:09.000Z
"8/24/2024, 12:22:09 AM",3.664,79.5,100,0,2024-08-24T04:22:09.000Z
"8/24/2024, 12:27:09 AM",3.664,79.3,100,0,2024-08-24T04:27:09.000Z
"8/24/2024, 12:32:09 AM",3.664,79.3,100,0,2024-08-24T04:32:09.000Z
"8/24/2024, 12:37:09 AM",3.665,79.2,100,0,2024-08-24T04:37:09.000Z
"8/24/2024, 12:42:09 AM",3.665,79,100,0,2024-08-24T04:42:09.000Z
"8/24/2024, 12:47:09 AM",3.665,79,100,0,2024-08-24T04:47:09.000Z
"8/24/2024, 12:52:09 AM",3.664,79,100,0,2024-08-24T04:52:09.000Z
"8/24/2024, 12:57:09 AM",3.664,79,100,0,2024-08-24T04:57:09.000Z
"8/24/2024, 1:02:09 AM",3.664,79,100,0,2024-08-24T05:02:09.000Z
"8/24/2024, 1:07:09 AM",3.665,79,100,0,2024-08-24T05:07:09.000Z
"8/24/2024, 1:12:09 AM",3.665,79,100,0,2024-08-24T05:12:09.000Z
"8/24/2024, 1:17:09 AM",3.665,78.8,100,0,2024-08-24T05:17:09.000Z
"8/24/2024, 1:22:09 AM",3.665,78.8,100,0,2024-08-24T05:22:09.000Z
"8/24/2024, 1:27:09 AM",3.665,78.6,100,0,2024-08-24T05:27:09.000Z
"8/24/2024, 1:32:09 AM",3.665,78.4,100,0,2024-08-24T05:32:09.000Z
"8/24/2024, 1:37:09 AM",3.664,78.3,100,0,2024-08-24T05:37:09.000Z
"8/24/2024, 1:42:09 AM",3.665,78.3,100,0,2024-08-24T05:42:09.000Z
"8/24/2024, 1:47:09 AM",3.665,78.1,100,0,2024-08-24T05:47:09.000Z
"8/24/2024, 1:52:09 AM",3.665,78.1,100,0,2024-08-24T05:52:09.000Z
"8/24/2024, 1:57:09 AM",3.665,77.9,100,0,2024-08-24T05:57:09.000Z
"8/24/2024, 2:02:09 AM",3.665,77.9,100,0,2024-08-24T06:02:09.000Z
"8/24/2024, 2:07:09 AM",3.665,77.9,100,0,2024-08-24T06:07:09.000Z
"8/24/2024, 2:12:09 AM",3.665,77.9,100,0,2024-08-24T06:12:09.000Z
"8/24/2024, 2:17:09 AM",3.665,77.7,100,0,2024-08-24T06:17:09.000Z
"8/24/2024, 2:22:09 AM",3.665,77.5,100,0,2024-08-24T06:22:09.000Z
"8/24/2024, 2:27:09 AM",3.665,77.5,100,0,2024-08-24T06:27:09.000Z
"8/24/2024, 2:32:09 AM",3.665,77.5,100,0,2024-08-24T06:32:09.000Z
"8/24/2024, 2:37:09 AM",3.665,77.4,100,0,2024-08-24T06:37:09.000Z
"8/24/2024, 2:42:09 AM",3.665,77.4,100,0,2024-08-24T06:42:09.000Z
"8/24/2024, 2:47:09 AM",3.665,77.2,100,0,2024-08-24T06:47:09.000Z
"8/24/2024, 2:52:09 AM",3.665,77.2,100,0,2024-08-24T06:52:09.000Z
"8/24/2024, 2:57:09 AM",3.665,77.2,100,0,2024-08-24T06:57:09.000Z
"8/24/2024, 3:02:09 AM",3.665,77.2,100,0,2024-08-24T07:02:09.000Z
"8/24/2024, 3:07:09 AM",3.665,77.2,100,0,2024-08-24T07:07:09.000Z
"8/24/2024, 3:12:09 AM",3.664,77.2,100,0,2024-08-24T07:12:09.000Z
"8/24/2024, 3:17:09 AM",3.665,77.2,100,0,2024-08-24T07:17:09.000Z
"8/24/2024, 3:22:09 AM",3.665,77.2,100,0,2024-08-24T07:22:09.000Z
"8/24/2024, 3:27:09 AM",3.665,77.2,100,0,2024-08-24T07:27:09.000Z
"8/24/2024, 3:32:09 AM",3.664,77.2,100,0,2024-08-24T07:32:09.000Z
"8/24/2024, 3:37:09 AM",3.664,77.2,100,0,2024-08-24T07:37:09.000Z
"8/24/2024, 3:42:09 AM",3.665,77.2,100,0,2024-08-24T07:42:09.000Z
"8/24/2024, 3:47:09 AM",3.664,77.4,100,0,2024-08-24T07:47:09.000Z
"8/24/2024, 3:52:09 AM",3.665,77.4,100,0,2024-08-24T07:52:09.000Z
"8/24/2024, 3:57:09 AM",3.665,77.4,100,0,2024-08-24T07:57:09.000Z
"8/24/2024, 4:02:09 AM",3.664,77.4,100,0,2024-08-24T08:02:09.000Z
"8/24/2024, 4:07:09 AM",3.664,77.4,100,0,2024-08-24T08:07:09.000Z
"8/24/2024, 4:12:09 AM",3.664,77.5,100,0,2024-08-24T08:12:09.000Z
"8/24/2024, 4:17:09 AM",3.664,77.5,100,0,2024-08-24T08:17:09.000Z
"8/24/2024, 4:22:09 AM",3.665,77.5,100,0,2024-08-24T08:22:09.000Z
"8/24/2024, 4:27:09 AM",3.665,77.7,100,0,2024-08-24T08:27:09.000Z
"8/24/2024, 4:32:09 AM",3.665,77.7,100,0,2024-08-24T08:32:09.000Z
"8/24/2024, 4:37:09 AM",3.665,77.7,100,0,2024-08-24T08:37:09.000Z
"8/24/2024, 4:42:09 AM",3.665,77.9,100,0,2024-08-24T08:42:09.000Z
"8/24/2024, 4:47:09 AM",3.664,77.9,100,0,2024-08-24T08:47:09.000Z
"8/24/2024, 4:52:09 AM",3.664,77.7,100,0,2024-08-24T08:52:09.000Z
"8/24/2024, 4:57:09 AM",3.665,77.7,100,0,2024-08-24T08:57:09.000Z
"8/24/2024, 5:02:09 AM",3.665,77.7,100,0,2024-08-24T09:02:09.000Z
"8/24/2024, 5:07:09 AM",3.665,77.7,100,0,2024-08-24T09:07:09.000Z
"8/24/2024, 5:12:09 AM",3.665,77.7,100,0,2024-08-24T09:12:09.000Z
"8/24/2024, 5:17:09 AM",3.665,77.5,100,0,2024-08-24T09:17:09.000Z
"8/24/2024, 5:22:09 AM",3.665,77.7,100,0,2024-08-24T09:22:09.000Z
"8/24/2024, 5:27:09 AM",3.665,77.5,100,0,2024-08-24T09:27:09.000Z
"8/24/2024, 5:32:09 AM",3.664,77.7,100,0,2024-08-24T09:32:09.000Z
"8/24/2024, 5:37:09 AM",3.664,77.7,100,0,2024-08-24T09:37:09.000Z
"8/24/2024, 5:42:09 AM",3.665,77.7,100,0,2024-08-24T09:42:09.000Z
"8/24/2024, 5:47:09 AM",3.664,77.7,100,0,2024-08-24T09:47:09.000Z
"8/24/2024, 5:52:09 AM",3.664,77.7,100,0,2024-08-24T09:52:09.000Z
"8/24/2024, 5:57:09 AM",3.664,77.7,100,0,2024-08-24T09:57:09.000Z
"8/24/2024, 6:02:09 AM",3.665,77.7,100,0,2024-08-24T10:02:09.000Z
"8/24/2024, 6:07:09 AM",3.665,77.9,100,0,2024-08-24T10:07:09.000Z
"8/24/2024, 6:12:09 AM",3.664,77.9,100,0,2024-08-24T10:12:09.000Z
"8/24/2024, 6:17:09 AM",3.665,77.9,100,0,2024-08-24T10:17:09.000Z
"8/24/2024, 6:22:09 AM",3.665,77.9,100,0,2024-08-24T10:22:09.000Z
"8/24/2024, 6:27:09 AM",3.664,77.9,100,0,2024-08-24T10:27:09.000Z
"8/24/2024, 6:32:09 AM",3.664,78.1,100,0,2024-08-24T10:32:09.000Z
"8/24/2024, 6:37:09 AM",3.665,78.1,100,0,2024-08-24T10:37:09.000Z
"8/24/2024, 6:42:09 AM",3.665,78.1,100,0,2024-08-24T10:42:09.000Z
"8/24/2024, 6:47:09 AM",3.665,78.3,100,0,2024-08-24T10:47:09.000Z
"8/24/2024, 6:52:09 AM",3.664,78.3,100,0,2024-08-24T10:52:09.000Z
"8/24/2024, 6:57:09 AM",3.664,78.4,100,0,2024-08-24T10:57:09.000Z
"8/24/2024, 7:02:09 AM",3.665,78.4,100,0,2024-08-24T11:02:09.000Z
"8/24/2024, 7:07:09 AM",3.665,78.4,100,0,2024-08-24T11:07:09.000Z
"8/24/2024, 7:12:09 AM",3.664,78.6,100,0,2024-08-24T11:12:09.000Z
"8/24/2024, 7:17:09 AM",3.665,78.8,100,0,2024-08-24T11:17:09.000Z
"8/24/2024, 7:22:09 AM",3.665,79,100,0,2024-08-24T11:22:09.000Z
"8/24/2024, 7:27:09 AM",3.664,79,100,0,2024-08-24T11:27:09.000Z
"8/24/2024, 7:32:09 AM",3.664,79,100,0,2024-08-24T11:32:09.000Z
"8/24/2024, 7:37:09 AM",3.664,79,100,0,2024-08-24T11:37:09.000Z
"8/24/2024, 7:42:09 AM",3.664,79.2,100,0,2024-08-24T11:42:09.000Z
"8/24/2024, 7:47:09 AM",3.664,79.3,100,0,2024-08-24T11:47:09.000Z
"8/24/2024, 7:52:09 AM",3.664,79.5,100,0,2024-08-24T11:52:09.000Z
"8/24/2024, 7:57:09 AM",3.664,79.7,100,0,2024-08-24T11:57:09.000Z
"8/24/2024, 8:02:09 AM",3.664,80.1,100,0,2024-08-24T12:02:09.000Z
"8/24/2024, 8:07:09 AM",3.664,80.2,100,0,2024-08-24T12:07:09.000Z
"8/24/2024, 8:12:09 AM",3.665,80.6,100,0,2024-08-24T12:12:09.000Z
"8/24/2024, 8:17:09 AM",3.664,80.8,100,0,2024-08-24T12:17:09.000Z
"8/24/2024, 8:22:09 AM",3.664,81.1,100,0,2024-08-24T12:22:09.000Z
"8/24/2024, 8:27:09 AM",3.664,81.5,100,0,2024-08-24T12:27:09.000Z
"8/24/2024, 8:32:09 AM",3.664,81.9,100,0,2024-08-24T12:32:09.000Z
"8/24/2024, 8:37:09 AM",3.664,82,100,0,2024-08-24T12:37:09.000Z
"8/24/2024, 8:42:09 AM",3.664,82.4,100,0,2024-08-24T12:42:09.000Z
"8/24/2024, 8:47:09 AM",3.664,82.8,100,0,2024-08-24T12:47:09.000Z
"8/24/2024, 8:52:09 AM",3.664,83.1,100,0,2024-08-24T12:52:09.000Z
"8/24/2024, 8:57:09 AM",3.664,83.5,100,0,2024-08-24T12:57:09.000Z
"8/24/2024, 9:02:09 AM",3.664,84,100,0,2024-08-24T13:02:09.000Z
"8/24/2024, 9:07:09 AM",3.664,84.4,100,0,2024-08-24T13:07:09.000Z
"8/24/2024, 9:12:09 AM",3.664,84.7,100,0,2024-08-24T13:12:09.000Z
"8/24/2024, 9:17:09 AM",3.664,85.3,100,0,2024-08-24T13:17:09.000Z
"8/24/2024, 9:22:09 AM",3.663,85.8,100,0,2024-08-24T13:22:09.000Z
"8/24/2024, 9:27:09 AM",3.663,86.4,100,0,2024-08-24T13:27:09.000Z
"8/24/2024, 9:32:09 AM",3.663,86.9,100,0,2024-08-24T13:32:09.000Z
"8/24/2024, 9:37:09 AM",3.663,87.4,100,0,2024-08-24T13:37:09.000Z
"8/24/2024, 9:42:09 AM",3.663,88,100,0,2024-08-24T13:42:09.000Z
"8/24/2024, 9:47:09 AM",3.663,88.5,100,0,2024-08-24T13:47:09.000Z
"8/24/2024, 9:52:09 AM",3.663,88.9,100,0,2024-08-24T13:52:09.000Z
"8/24/2024, 9:57:09 AM",3.663,89.2,100,0,2024-08-24T13:57:09.000Z
"8/24/2024, 10:02:09 AM",3.663,89.6,100,0,2024-08-24T14:02:09.000Z
"8/24/2024, 10:07:09 AM",3.663,90,100,0,2024-08-24T14:07:09.000Z
"8/24/2024, 10:12:09 AM",3.662,90.1,100,0,2024-08-24T14:12:09.000Z
"8/24/2024, 10:17:09 AM",3.663,90.3,100,0,2024-08-24T14:17:09.000Z
"8/24/2024, 10:22:09 AM",3.662,90.5,100,0,2024-08-24T14:22:09.000Z
"8/24/2024, 10:27:09 AM",3.663,90.7,100,0,2024-08-24T14:27:09.000Z
"8/24/2024, 10:32:09 AM",3.663,90.9,100,0,2024-08-24T14:32:09.000Z
"8/24/2024, 10:37:09 AM",3.662,91,100,0,2024-08-24T14:37:09.000Z
"8/24/2024, 10:42:09 AM",3.662,91.2,100,0,2024-08-24T14:42:09.000Z
"8/24/2024, 10:47:09 AM",3.662,91.2,100,0,2024-08-24T14:47:09.000Z
"8/24/2024, 10:52:09 AM",3.662,91.4,100,0,2024-08-24T14:52:09.000Z
"8/24/2024, 10:57:09 AM",3.663,91.4,100,0,2024-08-24T14:57:09.000Z
"8/24/2024, 11:02:09 AM",3.662,91.8,100,0,2024-08-24T15:02:09.000Z
"8/24/2024, 11:07:09 AM",3.662,91.9,100,0,2024-08-24T15:07:09.000Z
"8/24/2024, 11:12:09 AM",3.662,92.3,100,0,2024-08-24T15:12:09.000Z
"8/24/2024, 11:17:09 AM",3.662,92.3,100,0,2024-08-24T15:17:09.000Z
"8/24/2024, 11:22:09 AM",3.662,92.3,100,0,2024-08-24T15:22:09.000Z
"8/24/2024, 11:27:09 AM",3.662,92.3,100,0,2024-08-24T15:27:09.000Z
"8/24/2024, 11:32:09 AM",3.662,92.7,100,0,2024-08-24T15:32:09.000Z
"8/24/2024, 11:37:09 AM",3.662,93.2,100,0,2024-08-24T15:37:09.000Z
"8/24/2024, 11:42:09 AM",3.662,93.7,100,0,2024-08-24T15:42:09.000Z
"8/24/2024, 11:47:09 AM",3.662,93.9,100,0,2024-08-24T15:47:09.000Z
"8/24/2024, 11:52:09 AM",3.662,94.3,100,0,2024-08-24T15:52:09.000Z
"8/24/2024, 11:57:09 AM",3.662,94.6,100,0,2024-08-24T15:57:09.000Z
"8/24/2024, 12:02:09 PM",3.662,94.8,100,0,2024-08-24T16:02:09.000Z
"8/24/2024, 12:07:09 PM",3.662,95,100,0,2024-08-24T16:07:09.000Z
"8/24/2024, 12:12:09 PM",3.661,95.4,100,0,2024-08-24T16:12:09.000Z
"8/24/2024, 12:17:09 PM",3.661,95.7,100,0,2024-08-24T16:17:09.000Z
"8/24/2024, 12:22:09 PM",3.661,96.1,100,0,2024-08-24T16:22:09.000Z
"8/24/2024, 12:27:09 PM",3.661,96.1,100,0,2024-08-24T16:27:09.000Z
"8/24/2024, 12:32:09 PM",3.661,96.4,100,0,2024-08-24T16:32:09.000Z
"8/24/2024, 12:37:09 PM",3.661,97,100,0,2024-08-24T16:37:09.000Z
"8/24/2024, 12:42:09 PM",3.661,97.5,100,0,2024-08-24T16:42:09.000Z
"8/24/2024, 12:47:09 PM",3.661,97.9,100,0,2024-08-24T16:47:09.000Z
"8/24/2024, 12:52:09 PM",3.661,98.4,100,0,2024-08-24T16:52:09.000Z
"8/24/2024, 12:57:09 PM",3.661,99,100,0,2024-08-24T16:57:09.000Z
"8/24/2024, 1:02:09 PM",3.661,99,100,0,2024-08-24T17:02:09.000Z
"8/24/2024, 1:07:09 PM",3.661,99,100,0,2024-08-24T17:07:09.000Z
"8/24/2024, 1:12:09 PM",3.661,99,100,0,2024-08-24T17:12:09.000Z
"8/24/2024, 1:17:09 PM",3.661,99,100,0,2024-08-24T17:17:09.000Z
"8/24/2024, 1:22:09 PM",3.661,99.3,100,0,2024-08-24T17:22:09.000Z
"8/24/2024, 1:27:09 PM",3.66,99,100,0,2024-08-24T17:27:09.000Z
"8/24/2024, 1:32:09 PM",3.661,99.3,100,0,2024-08-24T17:32:09.000Z
"8/24/2024, 1:37:09 PM",3.661,99.1,100,0,2024-08-24T17:37:09.000Z
"8/24/2024, 1:42:09 PM",3.661,99.3,100,0,2024-08-24T17:42:09.000Z
"8/24/2024, 1:47:09 PM",3.661,99.7,100,0,2024-08-24T17:47:09.000Z
"8/24/2024, 1:52:09 PM",3.661,99.5,100,0,2024-08-24T17:52:09.000Z
"8/24/2024, 1:57:09 PM",3.661,99.9,100,0,2024-08-24T17:57:09.000Z
"8/24/2024, 2:02:09 PM",3.661,100.4,100,0,2024-08-24T18:02:09.000Z
"8/24/2024, 2:07:09 PM",3.66,100.6,100,0,2024-08-24T18:07:09.000Z
"8/24/2024, 2:12:09 PM",3.66,100.8,100,0,2024-08-24T18:12:09.000Z
"8/24/2024, 2:17:09 PM",3.66,101.3,100,0,2024-08-24T18:17:09.000Z
"8/24/2024, 2:22:09 PM",3.661,102,100,0,2024-08-24T18:22:09.000Z
"8/24/2024, 2:27:09 PM",3.66,102.6,100,0,2024-08-24T18:27:09.000Z
"8/24/2024, 2:32:09 PM",3.66,103.1,100,0,2024-08-24T18:32:09.000Z
"8/24/2024, 2:37:09 PM",3.66,103.6,100,0,2024-08-24T18:37:09.000Z
"8/24/2024, 2:42:09 PM",3.66,104.2,100,0,2024-08-24T18:42:09.000Z
"8/24/2024, 2:47:09 PM",3.66,104.5,100,0,2024-08-24T18:47:09.000Z
"8/24/2024, 2:52:09 PM",3.66,104.9,100,0,2024-08-24T18:52:09.000Z
"8/24/2024, 2:57:09 PM",3.66,105.3,100,0,2024-08-24T18:57:09.000Z
"8/24/2024, 3:02:09 PM",3.659,105.3,100,0,2024-08-24T19:02:09.000Z
"8/24/2024, 3:07:09 PM",3.66,105.4,100,0,2024-08-24T19:07:09.000Z
"8/24/2024, 3:12:09 PM",3.66,105.4,100,1,2024-08-24T19:12:09.000Z
"8/24/2024, 3:17:09 PM",3.66,105.6,100,0,2024-08-24T19:17:09.000Z
"8/24/2024, 3:22:09 PM",3.659,106,100,0,2024-08-24T19:22:09.000Z
"8/24/2024, 3:27:09 PM",3.66,106.2,100,0,2024-08-24T19:27:09.000Z
"8/24/2024, 3:32:09 PM",3.66,106.3,100,0,2024-08-24T19:32:09.000Z
"8/24/2024, 3:37:09 PM",3.66,106.5,99.9,0,2024-08-24T19:37:09.000Z
"8/24/2024, 3:42:09 PM",3.659,106.9,98.7,0,2024-08-24T19:42:09.000Z
"8/24/2024, 3:47:09 PM",3.659,106.7,97.8,0,2024-08-24T19:47:09.000Z
"8/24/2024, 3:52:09 PM",3.659,107.1,97.4,0,2024-08-24T19:52:09.000Z
"8/24/2024, 3:57:09 PM",3.66,107.1,96.6,0,2024-08-24T19:57:09.000Z
"8/24/2024, 4:02:09 PM",3.659,107.2,95.4,0,2024-08-24T20:02:09.000Z
"8/24/2024, 4:07:09 PM",3.659,107.2,94.8,0,2024-08-24T20:07:09.000Z
"8/24/2024, 4:12:09 PM",3.659,107.4,94.6,0,2024-08-24T20:12:09.000Z
"8/24/2024, 4:17:09 PM",3.659,107.2,94.9,0,2024-08-24T20:17:09.000Z
"8/24/2024, 4:22:09 PM",3.659,107.4,95,0,2024-08-24T20:22:09.000Z
"8/24/2024, 4:27:09 PM",3.659,107.4,94.2,0,2024-08-24T20:27:09.000Z
"8/24/2024, 4:32:09 PM",3.66,107.4,92.8,0,2024-08-24T20:32:09.000Z
"8/24/2024, 4:37:09 PM",3.66,107.1,92.4,0,2024-08-24T20:37:09.000Z
"8/24/2024, 4:42:09 PM",3.66,106.7,92.4,0,2024-08-24T20:42:09.000Z
"8/24/2024, 4:47:09 PM",3.66,106.5,92.6,0,2024-08-24T20:47:09.000Z
"8/24/2024, 4:52:09 PM",3.66,106.5,92.3,0,2024-08-24T20:52:09.000Z
"8/24/2024, 4:57:09 PM",3.66,106.3,91.6,0,2024-08-24T20:57:09.000Z
"8/24/2024, 5:02:09 PM",3.66,106.2,90.9,0,2024-08-24T21:02:09.000Z
"8/24/2024, 5:07:09 PM",3.66,106.2,89.9,0,2024-08-24T21:07:09.000Z
"8/24/2024, 5:12:09 PM",3.66,106,90.1,0,2024-08-24T21:12:09.000Z
"8/24/2024, 5:17:09 PM",3.66,105.8,90.3,0,2024-08-24T21:17:09.000Z
"8/24/2024, 5:22:09 PM",3.66,105.6,89.7,0,2024-08-24T21:22:09.000Z
"8/24/2024, 5:27:09 PM",3.66,105.3,90,0,2024-08-24T21:27:09.000Z
"8/24/2024, 5:32:09 PM",3.66,105.1,90.3,0,2024-08-24T21:32:09.000Z
"8/24/2024, 5:37:09 PM",3.66,104.9,90.2,0,2024-08-24T21:37:09.000Z
"8/24/2024, 5:42:09 PM",3.66,104.7,90.3,0,2024-08-24T21:42:09.000Z
"8/24/2024, 5:47:09 PM",3.66,104.5,90.5,0,2024-08-24T21:47:09.000Z
"8/24/2024, 5:52:09 PM",3.66,104.4,90.7,0,2024-08-24T21:52:09.000Z
"8/24/2024, 5:57:09 PM",3.661,104,91.1,0,2024-08-24T21:57:09.000Z
"8/24/2024, 6:02:09 PM",3.661,103.8,91.4,0,2024-08-24T22:02:09.000Z
"8/24/2024, 6:07:09 PM",3.661,103.5,91.8,0,2024-08-24T22:07:09.000Z
"8/24/2024, 6:12:09 PM",3.661,103.3,92.2,0,2024-08-24T22:12:09.000Z
"8/24/2024, 6:17:09 PM",3.661,102.9,92.5,0,2024-08-24T22:17:09.000Z
"8/24/2024, 6:22:09 PM",3.661,102.6,92.7,0,2024-08-24T22:22:09.000Z
"8/24/2024, 6:27:09 PM",3.661,102.2,93.1,0,2024-08-24T22:27:09.000Z
"8/24/2024, 6:32:09 PM",3.661,101.5,93.4,0,2024-08-24T22:32:09.000Z
"8/24/2024, 6:37:09 PM",3.661,100.9,93.8,0,2024-08-24T22:37:09.000Z
"8/24/2024, 6:42:09 PM",3.661,100.4,94.3,0,2024-08-24T22:42:09.000Z
"8/24/2024, 6:47:09 PM",3.661,99.9,94.7,0,2024-08-24T22:47:09.000Z
"8/24/2024, 6:52:09 PM",3.662,99.3,95,0,2024-08-24T22:52:09.000Z
"8/24/2024, 6:57:09 PM",3.662,99,95.4,0,2024-08-24T22:57:09.000Z
"8/24/2024, 7:02:09 PM",3.661,98.4,95.7,0,2024-08-24T23:02:09.000Z
"8/24/2024, 7:07:09 PM",3.662,97.7,95.9,0,2024-08-24T23:07:09.000Z
"8/24/2024, 7:12:09 PM",3.662,97.2,96.2,0,2024-08-24T23:12:09.000Z
"8/24/2024, 7:17:09 PM",3.662,96.6,96.6,0,2024-08-24T23:17:09.000Z
"8/24/2024, 7:22:09 PM",3.662,96.3,96.8,0,2024-08-24T23:22:09.000Z
"8/24/2024, 7:27:09 PM",3.662,95.5,97.1,0,2024-08-24T23:27:09.000Z
"8/24/2024, 7:32:09 PM",3.663,95.2,97.4,0,2024-08-24T23:32:09.000Z
"8/24/2024, 7:37:09 PM",3.663,94.6,97.7,0,2024-08-24T23:37:09.000Z
"8/24/2024, 7:42:09 PM",3.663,93.9,97.9,0,2024-08-24T23:42:09.000Z
"8/24/2024, 7:47:09 PM",3.663,93.4,98.2,0,2024-08-24T23:47:09.000Z
"8/24/2024, 7:52:09 PM",3.663,92.7,98.5,0,2024-08-24T23:52:09.000Z
"8/24/2024, 7:57:09 PM",3.663,92.1,98.7,0,2024-08-24T23:57:09.000Z
"8/24/2024, 8:02:09 PM",3.663,91.6,98.9,0,2024-08-25T00:02:09.000Z
"8/24/2024, 8:07:09 PM",3.663,91,99.3,0,2024-08-25T00:07:09.000Z
"8/24/2024, 8:12:09 PM",3.663,90.7,99.4,0,2024-08-25T00:12:09.000Z
"8/24/2024, 8:17:09 PM",3.664,90.1,99.6,0,2024-08-25T00:17:09.000Z
"8/24/2024, 8:22:09 PM",3.663,89.6,99.9,0,2024-08-25T00:22:09.000Z
"8/24/2024, 8:27:09 PM",3.664,89.1,100,0,2024-08-25T00:27:09.000Z
"8/24/2024, 8:32:09 PM",3.664,88.9,100,0,2024-08-25T00:32:09.000Z
"8/24/2024, 8:37:09 PM",3.664,88.3,100,0,2024-08-25T00:37:09.000Z
"8/24/2024, 8:42:09 PM",3.664,88,100,0,2024-08-25T00:42:09.000Z
"8/24/2024, 8:47:09 PM",3.664,87.6,100,0,2024-08-25T00:47:09.000Z
"8/24/2024, 8:52:09 PM",3.664,87.3,100,0,2024-08-25T00:52:09.000Z
"8/24/2024, 8:57:09 PM",3.664,87.1,100,0,2024-08-25T00:57:09.000Z
"8/24/2024, 9:02:09 PM",3.665,86.9,100,0,2024-08-25T01:02:09.000Z
"8/24/2024, 9:07:09 PM",3.664,86.7,100,0,2024-08-25T01:07:09.000Z
"8/24/2024, 9:12:09 PM",3.664,86.5,100,0,2024-08-25T01:12:09.000Z
"8/24/2024, 9:17:09 PM",3.664,86.4,100,0,2024-08-25T01:17:09.000Z
"8/24/2024, 9:22:09 PM",3.665,86.2,100,0,2024-08-25T01:22:09.000Z
"8/24/2024, 9:27:09 PM",3.665,86,100,0,2024-08-25T01:27:09.000Z
"8/24/2024, 9:32:09 PM",3.665,86,100,0,2024-08-25T01:32:09.000Z
"8/24/2024, 9:37:09 PM",3.665,85.8,100,0,2024-08-25T01:37:09.000Z
"8/24/2024, 9:42:09 PM",3.665,85.6,100,0,2024-08-25T01:42:09.000Z
"8/24/2024, 9:47:09 PM",3.664,85.6,100,0,2024-08-25T01:47:09.000Z
"8/24/2024, 9:52:09 PM",3.665,85.5,100,0,2024-08-25T01:52:09.000Z
"8/24/2024, 9:57:09 PM",3.664,85.5,100,0,2024-08-25T01:57:09.000Z
"8/24/2024, 10:02:09 PM",3.665,85.3,100,0,2024-08-25T02:02:09.000Z
"8/24/2024, 10:07:09 PM",3.665,85.3,100,0,2024-08-25T02:07:09.000Z
"8/24/2024, 10:12:09 PM",3.664,85.3,100,0,2024-08-25T02:12:09.000Z
"8/24/2024, 10:17:09 PM",3.665,85.1,100,0,2024-08-25T02:17:09.000Z
"8/24/2024, 10:22:09 PM",3.665,85.1,100,0,2024-08-25T02:22:09.000Z
"8/24/2024, 10:27:09 PM",3.665,85.1,100,0,2024-08-25T02:27:09.000Z
"8/24/2024, 10:32:09 PM",3.665,84.9,100,0,2024-08-25T02:32:09.000Z
"8/24/2024, 10:37:09 PM",3.664,84.9,100,0,2024-08-25T02:37:09.000Z
"8/24/2024, 10:42:09 PM",3.664,84.9,100,0,2024-08-25T02:42:09.000Z
"8/24/2024, 10:47:09 PM",3.665,84.7,100,0,2024-08-25T02:47:09.000Z
"8/24/2024, 10:52:09 PM",3.665,84.7,100,0,2024-08-25T02:52:09.000Z
"8/24/2024, 10:57:09 PM",3.665,84.7,100,0,2024-08-25T02:57:09.000Z
"8/24/2024, 11:02:09 PM",3.665,84.7,100,0,2024-08-25T03:02:09.000Z
"8/24/2024, 11:07:09 PM",3.665,84.7,100,0,2024-08-25T03:07:09.000Z
"8/24/2024, 11:12:09 PM",3.665,84.7,100,0,2024-08-25T03:12:09.000Z
"8/24/2024, 11:17:09 PM",3.665,84.6,100,0,2024-08-25T03:17:09.000Z
"8/24/2024, 11:22:09 PM",3.664,84.6,100,0,2024-08-25T03:22:09.000Z
"8/24/2024, 11:27:09 PM",3.665,84.6,100,0,2024-08-25T03:27:09.000Z
"8/24/2024, 11:32:09 PM",3.664,84.6,100,0,2024-08-25T03:32:09.000Z
"8/24/2024, 11:37:09 PM",3.665,84.6,100,0,2024-08-25T03:37:09.000Z
"8/24/2024, 11:42:09 PM",3.664,84.4,100,0,2024-08-25T03:42:09.000Z
"8/24/2024, 11:47:09 PM",3.665,84.4,100,0,2024-08-25T03:47:09.000Z
"8/24/2024, 11:52:09 PM",3.664,84.4,100,0,2024-08-25T03:52:09.000Z
"8/24/2024, 11:57:09 PM",3.665,84.2,100,0,2024-08-25T03:57:09.000Z
"8/25/2024, 12:02:09 AM",3.665,84.2,100,0,2024-08-25T04:02:09.000Z
"8/25/2024, 12:07:09 AM",3.665,84,100,0,2024-08-25T04:07:09.000Z
"8/25/2024, 12:12:09 AM",3.665,84,100,0,2024-08-25T04:12:09.000Z
"8/25/2024, 12:17:09 AM",3.665,84,100,0,2024-08-25T04:17:09.000Z
"8/25/2024, 12:22:09 AM",3.665,84,100,0,2024-08-25T04:22:09.000Z
"8/25/2024, 12:27:09 AM",3.665,84,100,0,2024-08-25T04:27:09.000Z
"8/25/2024, 12:32:09 AM",3.664,84,100,0,2024-08-25T04:32:09.000Z
"8/25/2024, 12:37:09 AM",3.665,84,100,0,2024-08-25T04:37:09.000Z
"8/25/2024, 12:42:09 AM",3.665,83.8,100,0,2024-08-25T04:42:09.000Z
"8/25/2024, 12:47:09 AM",3.665,83.8,100,0,2024-08-25T04:47:09.000Z
"8/25/2024, 12:52:09 AM",3.665,83.7,100,0,2024-08-25T04:52:09.000Z
"8/25/2024, 12:57:09 AM",3.665,83.5,100,0,2024-08-25T04:57:09.000Z
"8/25/2024, 1:02:09 AM",3.665,83.5,100,0,2024-08-25T05:02:09.000Z
"8/25/2024, 1:07:09 AM",3.665,83.3,100,0,2024-08-25T05:07:09.000Z
"8/25/2024, 1:12:09 AM",3.665,83.3,100,0,2024-08-25T05:12:09.000Z
"8/25/2024, 1:17:09 AM",3.665,83.3,100,0,2024-08-25T05:17:09.000Z
"8/25/2024, 1:22:09 AM",3.665,83.3,100,0,2024-08-25T05:22:09.000Z
"8/25/2024, 1:27:09 AM",3.665,83.1,100,0,2024-08-25T05:27:09.000Z
"8/25/2024, 1:32:09 AM",3.664,83.1,100,0,2024-08-25T05:32:09.000Z
"8/25/2024, 1:37:09 AM",3.665,82.9,100,0,2024-08-25T05:37:09.000Z
"8/25/2024, 1:42:09 AM",3.665,82.8,100,0,2024-08-25T05:42:09.000Z
"8/25/2024, 1:47:09 AM",3.665,82.8,100,0,2024-08-25T05:47:09.000Z
"8/25/2024, 1:52:09 AM",3.665,82.6,100,0,2024-08-25T05:52:09.000Z
"8/25/2024, 1:57:09 AM",3.665,82.4,100,0,2024-08-25T05:57:09.000Z
"8/25/2024, 2:02:09 AM",3.665,82.2,100,0,2024-08-25T06:02:09.000Z
"8/25/2024, 2:07:09 AM",3.665,82.2,100,0,2024-08-25T06:07:09.000Z
"8/25/2024, 2:12:09 AM",3.665,82.2,100,0,2024-08-25T06:12:09.000Z
"8/25/2024, 2:17:09 AM",3.665,82.2,100,0,2024-08-25T06:17:09.000Z
"8/25/2024, 2:22:09 AM",3.665,82,100,0,2024-08-25T06:22:09.000Z
"8/25/2024, 2:27:09 AM",3.665,82,100,0,2024-08-25T06:27:09.000Z
"8/25/2024, 2:32:09 AM",3.665,81.9,100,0,2024-08-25T06:32:09.000Z
"8/25/2024, 2:37:09 AM",3.665,81.9,100,0,2024-08-25T06:37:09.000Z
"8/25/2024, 2:42:09 AM",3.665,81.7,100,0,2024-08-25T06:42:09.000Z
"8/25/2024, 2:47:09 AM",3.665,81.5,100,0,2024-08-25T06:47:09.000Z
"8/25/2024, 2:52:09 AM",3.665,81.5,100,0,2024-08-25T06:52:09.000Z
"8/25/2024, 2:57:09 AM",3.665,81.5,100,0,2024-08-25T06:57:09.000Z
"8/25/2024, 3:02:09 AM",3.665,81.3,100,0,2024-08-25T07:02:09.000Z
"8/25/2024, 3:07:09 AM",3.665,81.3,100,0,2024-08-25T07:07:09.000Z
"8/25/2024, 3:12:09 AM",3.665,81.3,100,0,2024-08-25T07:12:09.000Z
"8/25/2024, 3:17:09 AM",3.665,81.3,100,0,2024-08-25T07:17:09.000Z
"8/25/2024, 3:22:09 AM",3.665,81.1,100,0,2024-08-25T07:22:09.000Z
"8/25/2024, 3:27:09 AM",3.665,81.1,100,0,2024-08-25T07:27:09.000Z
"8/25/2024, 3:32:09 AM",3.665,81.1,100,0,2024-08-25T07:32:09.000Z
"8/25/2024, 3:37:09 AM",3.665,81,100,0,2024-08-25T07:37:09.000Z
"8/25/2024, 3:42:09 AM",3.665,81,100,0,2024-08-25T07:42:09.000Z
"8/25/2024, 3:47:09 AM",3.665,81,100,0,2024-08-25T07:47:09.000Z
"8/25/2024, 3:52:09 AM",3.665,81,100,0,2024-08-25T07:52:09.000Z
"8/25/2024, 3:57:09 AM",3.665,80.8,100,0,2024-08-25T07:57:09.000Z
"8/25/2024, 4:02:09 AM",3.665,80.8,100,0,2024-08-25T08:02:09.000Z
"8/25/2024, 4:07:09 AM",3.665,80.8,100,0,2024-08-25T08:07:09.000Z
"8/25/2024, 4:12:09 AM",3.665,80.8,100,0,2024-08-25T08:12:09.000Z
"8/25/2024, 4:17:09 AM",3.665,80.8,100,0,2024-08-25T08:17:09.000Z
"8/25/2024, 4:22:09 AM",3.665,80.8,100,0,2024-08-25T08:22:09.000Z
"8/25/2024, 4:27:09 AM",3.665,80.8,100,0,2024-08-25T08:27:09.000Z
"8/25/2024, 4:32:09 AM",3.665,80.8,100,0,2024-08-25T08:32:09.000Z
"8/25/2024, 4:37:09 AM",3.665,80.8,100,0,2024-08-25T08:37:09.000Z
"8/25/2024, 4:42:09 AM",3.665,80.6,100,0,2024-08-25T08:42:09.000Z
"8/25/2024, 4:47:09 AM",3.665,80.6,100,0,2024-08-25T08:47:09.000Z
"8/25/2024, 4:52:09 AM",3.665,80.6,100,0,2024-08-25T08:52:09.000Z
"8/25/2024, 4:57:09 AM",3.665,80.6,100,0,2024-08-25T08:57:09.000Z
"8/25/2024, 5:02:09 AM",3.665,80.6,100,0,2024-08-25T09:02:09.000Z
"8/25/2024, 5:07:09 AM",3.665,80.4,100,0,2024-08-25T09:07:09.000Z
"8/25/2024, 5:12:09 AM",3.665,80.4,100,0,2024-08-25T09:12:09.000Z
"8/25/2024, 5:17:09 AM",3.665,80.4,100,0,2024-08-25T09:17:09.000Z
"8/25/2024, 5:22:09 AM",3.665,80.4,100,0,2024-08-25T09:22:09.000Z
"8/25/2024, 5:27:09 AM",3.665,80.4,100,0,2024-08-25T09:27:09.000Z
"8/25/2024, 5:32:09 AM",3.665,80.4,100,0,2024-08-25T09:32:09.000Z
"8/25/2024, 5:37:09 AM",3.665,80.4,100,0,2024-08-25T09:37:09.000Z
"8/25/2024, 5:42:09 AM",3.665,80.4,100,0,2024-08-25T09:42:09.000Z
"8/25/2024, 5:47:09 AM",3.665,80.4,100,0,2024-08-25T09:47:09.000Z
"8/25/2024, 5:52:09 AM",3.665,80.4,100,0,2024-08-25T09:52:09.000Z
"8/25/2024, 5:57:09 AM",3.665,80.2,100,0,2024-08-25T09:57:09.000Z
"8/25/2024, 6:02:09 AM",3.665,80.2,100,0,2024-08-25T10:02:09.000Z
"8/25/2024, 6:07:09 AM",3.665,80.2,100,0,2024-08-25T10:07:09.000Z
"8/25/2024, 6:12:09 AM",3.665,80.4,100,0,2024-08-25T10:12:09.000Z
"8/25/2024, 6:17:09 AM",3.665,80.4,100,0,2024-08-25T10:17:09.000Z
"8/25/2024, 6:22:09 AM",3.665,80.2,100,0,2024-08-25T10:22:09.000Z
"8/25/2024, 6:27:09 AM",3.665,80.2,100,0,2024-08-25T10:27:09.000Z
"8/25/2024, 6:32:09 AM",3.665,80.2,100,0,2024-08-25T10:32:09.000Z
"8/25/2024, 6:37:09 AM",3.665,80.2,100,0,2024-08-25T10:37:09.000Z
"8/25/2024, 6:42:09 AM",3.665,80.2,100,0,2024-08-25T10:42:09.000Z
"8/25/2024, 6:47:09 AM",3.665,80.2,100,0,2024-08-25T10:47:09.000Z
"8/25/2024, 6:52:09 AM",3.665,80.2,100,0,2024-08-25T10:52:09.000Z
"8/25/2024, 6:57:09 AM",3.665,80.1,100,0,2024-08-25T10:57:09.000Z
"8/25/2024, 7:02:09 AM",3.665,80.1,100,0,2024-08-25T11:02:09.000Z
"8/25/2024, 7:07:09 AM",3.665,80.1,100,0,2024-08-25T11:07:09.000Z
"8/25/2024, 7:12:09 AM",3.665,80.1,100,0,2024-08-25T11:12:09.000Z
"8/25/2024, 7:17:09 AM",3.665,80.1,100,0,2024-08-25T11:17:09.000Z
"8/25/2024, 7:22:09 AM",3.665,80.1,100,0,2024-08-25T11:22:09.000Z
"8/25/2024, 7:27:09 AM",3.665,80.2,100,0,2024-08-25T11:27:09.000Z
"8/25/2024, 7:32:09 AM",3.665,80.4,100,0,2024-08-25T11:32:09.000Z
"8/25/2024, 7:37:09 AM",3.665,80.6,100,0,2024-08-25T11:37:09.000Z
"8/25/2024, 7:42:09 AM",3.665,80.8,100,0,2024-08-25T11:42:09.000Z
"8/25/2024, 7:47:09 AM",3.665,81,100,0,2024-08-25T11:47:09.000Z
"8/25/2024, 7:52:09 AM",3.665,81.1,100,0,2024-08-25T11:52:09.000Z
"8/25/2024, 7:57:09 AM",3.665,81.5,100,0,2024-08-25T11:57:09.000Z
"8/25/2024, 8:02:09 AM",3.665,81.7,100,0,2024-08-25T12:02:09.000Z
"8/25/2024, 8:07:09 AM",3.664,81.9,100,0,2024-08-25T12:07:09.000Z
"8/25/2024, 8:12:09 AM",3.665,82,100,0,2024-08-25T12:12:09.000Z
"8/25/2024, 8:17:09 AM",3.665,82.2,100,0,2024-08-25T12:17:09.000Z
"8/25/2024, 8:22:09 AM",3.664,82.4,100,0,2024-08-25T12:22:09.000Z
"8/25/2024, 8:27:09 AM",3.665,82.8,100,0,2024-08-25T12:27:09.000Z
"8/25/2024, 8:32:09 AM",3.665,82.9,100,0,2024-08-25T12:32:09.000Z
"8/25/2024, 8:37:09 AM",3.664,83.3,100,0,2024-08-25T12:37:09.000Z
"8/25/2024, 8:42:09 AM",3.664,83.7,100,0,2024-08-25T12:42:09.000Z
"8/25/2024, 8:47:09 AM",3.664,84,100,0,2024-08-25T12:47:09.000Z
"8/25/2024, 8:52:09 AM",3.664,84.4,100,0,2024-08-25T12:52:09.000Z
"8/25/2024, 8:57:09 AM",3.664,84.7,100,0,2024-08-25T12:57:09.000Z
"8/25/2024, 9:02:09 AM",3.664,85.3,100,0,2024-08-25T13:02:09.000Z
"8/25/2024, 9:07:09 AM",3.664,85.6,100,0,2024-08-25T13:07:09.000Z
"8/25/2024, 9:12:09 AM",3.664,86.2,100,0,2024-08-25T13:12:09.000Z
"8/25/2024, 9:17:09 AM",3.664,86.7,100,0,2024-08-25T13:17:09.000Z
"8/25/2024, 9:22:09 AM",3.664,87.3,100,0,2024-08-25T13:22:09.000Z
"8/25/2024, 9:27:09 AM",3.664,87.6,100,0,2024-08-25T13:27:09.000Z
"8/25/2024, 9:32:09 AM",3.664,88.2,100,0,2024-08-25T13:32:09.000Z
"8/25/2024, 9:37:09 AM",3.664,88.9,100,0,2024-08-25T13:37:09.000Z
"8/25/2024, 9:42:09 AM",3.664,88.9,100,0,2024-08-25T13:42:09.000Z
"8/25/2024, 9:47:09 AM",3.663,89.6,100,0,2024-08-25T13:47:09.000Z
"8/25/2024, 9:52:09 AM",3.664,90,100,0,2024-08-25T13:52:09.000Z
"8/25/2024, 9:57:09 AM",3.663,90.5,100,0,2024-08-25T13:57:09.000Z
"8/25/2024, 10:02:09 AM",3.663,91,100,0,2024-08-25T14:02:09.000Z
"8/25/2024, 10:07:09 AM",3.663,91.4,100,0,2024-08-25T14:07:09.000Z
"8/25/2024, 10:12:09 AM",3.663,91.9,100,0,2024-08-25T14:12:09.000Z
"8/25/2024, 10:17:09 AM",3.663,92.5,100,0,2024-08-25T14:17:09.000Z
"8/25/2024, 10:22:09 AM",3.663,92.8,100,0,2024-08-25T14:22:09.000Z
"8/25/2024, 10:27:09 AM",3.663,93.4,100,0,2024-08-25T14:27:09.000Z
"8/25/2024, 10:32:09 AM",3.663,93.7,100,0,2024-08-25T14:32:09.000Z
"8/25/2024, 10:37:09 AM",3.663,93.9,100,0,2024-08-25T14:37:09.000Z
"8/25/2024, 10:42:09 AM",3.663,94.3,100,0,2024-08-25T14:42:09.000Z
"8/25/2024, 10:47:09 AM",3.663,94.5,100,0,2024-08-25T14:47:09.000Z
"8/25/2024, 10:52:09 AM",3.663,94.8,100,0,2024-08-25T14:52:09.000Z
"8/25/2024, 10:57:09 AM",3.663,95,100,0,2024-08-25T14:57:09.000Z
"8/25/2024, 11:02:09 AM",3.662,95.4,100,0,2024-08-25T15:02:09.000Z
"8/25/2024, 11:07:09 AM",3.663,95.7,100,0,2024-08-25T15:07:09.000Z
"8/25/2024, 11:12:09 AM",3.662,96.1,100,0,2024-08-25T15:12:09.000Z
"8/25/2024, 11:17:09 AM",3.662,96.4,100,0,2024-08-25T15:17:09.000Z
"8/25/2024, 11:22:09 AM",3.662,97,100,0,2024-08-25T15:22:09.000Z
"8/25/2024, 11:27:09 AM",3.662,97.3,100,0,2024-08-25T15:27:09.000Z
"8/25/2024, 11:32:09 AM",3.662,97.9,100,0,2024-08-25T15:32:09.000Z
"8/25/2024, 11:37:09 AM",3.662,98.4,100,0,2024-08-25T15:37:09.000Z
"8/25/2024, 11:42:09 AM",3.661,99,100,0,2024-08-25T15:42:09.000Z
"8/25/2024, 11:47:09 AM",3.662,99.3,100,0,2024-08-25T15:47:09.000Z
"8/25/2024, 11:52:09 AM",3.662,99.9,100,0,2024-08-25T15:52:09.000Z
"8/25/2024, 11:57:09 AM",3.661,100.4,100,0,2024-08-25T15:57:09.000Z
"8/25/2024, 12:02:09 PM",3.661,100.9,100,0,2024-08-25T16:02:09.000Z
"8/25/2024, 12:07:09 PM",3.661,101.5,100,0,2024-08-25T16:07:09.000Z
"8/25/2024, 12:12:09 PM",3.661,102,100,0,2024-08-25T16:12:09.000Z
"8/25/2024, 12:17:09 PM",3.661,102.4,100,0,2024-08-25T16:17:09.000Z
"8/25/2024, 12:22:09 PM",3.661,102.9,100,0,2024-08-25T16:22:09.000Z
"8/25/2024, 12:27:09 PM",3.661,103.1,100,0,2024-08-25T16:27:09.000Z
"8/25/2024, 12:32:09 PM",3.66,103.8,100,0,2024-08-25T16:32:09.000Z
"8/25/2024, 12:37:09 PM",3.661,104.4,100,0,2024-08-25T16:37:09.000Z
"8/25/2024, 12:42:09 PM",3.66,104.9,100,0,2024-08-25T16:42:09.000Z
"8/25/2024, 12:47:09 PM",3.66,105.3,100,0,2024-08-25T16:47:09.000Z
"8/25/2024, 12:52:09 PM",3.66,105.8,100,0,2024-08-25T16:52:09.000Z
"8/25/2024, 12:57:09 PM",3.66,106.3,100,0,2024-08-25T16:57:09.000Z
"8/25/2024, 1:02:09 PM",3.66,106.9,100,0,2024-08-25T17:02:09.000Z
"8/25/2024, 1:07:09 PM",3.66,106.7,100,0,2024-08-25T17:07:09.000Z
"8/25/2024, 1:12:09 PM",3.66,106,100,0,2024-08-25T17:12:09.000Z
"8/25/2024, 1:17:09 PM",3.66,105.3,100,0,2024-08-25T17:17:09.000Z
"8/25/2024, 1:22:09 PM",3.66,104.9,100,0,2024-08-25T17:22:09.000Z
"8/25/2024, 1:27:09 PM",3.66,104.2,100,0,2024-08-25T17:27:09.000Z
"8/25/2024, 1:32:09 PM",3.661,103.5,100,0,2024-08-25T17:32:09.000Z
"8/25/2024, 1:37:09 PM",3.661,102.7,100,0,2024-08-25T17:37:09.000Z
"8/25/2024, 1:42:09 PM",3.661,102,100,0,2024-08-25T17:42:09.000Z
"8/25/2024, 1:47:09 PM",3.661,101.5,100,0,2024-08-25T17:47:09.000Z
"8/25/2024, 1:52:09 PM",3.661,100.9,100,0,2024-08-25T17:52:09.000Z
"8/25/2024, 1:57:09 PM",3.662,100.6,100,0,2024-08-25T17:57:09.000Z
"8/25/2024, 2:02:09 PM",3.661,100,100,0,2024-08-25T18:02:09.000Z
"8/25/2024, 2:07:09 PM",3.661,99.9,100,0,2024-08-25T18:07:09.000Z
"8/25/2024, 2:12:09 PM",3.662,99.7,100,0,2024-08-25T18:12:09.000Z
"8/25/2024, 2:17:09 PM",3.661,100,100,0,2024-08-25T18:17:09.000Z
"8/25/2024, 2:22:09 PM",3.661,100.4,100,0,2024-08-25T18:22:09.000Z
"8/25/2024, 2:27:09 PM",3.662,100.6,100,0,2024-08-25T18:27:09.000Z
"8/25/2024, 2:32:09 PM",3.661,100.8,100,0,2024-08-25T18:32:09.000Z
"8/25/2024, 2:37:09 PM",3.662,101.3,100,0,2024-08-25T18:37:09.000Z
"8/25/2024, 2:42:09 PM",3.661,102,100,0,2024-08-25T18:42:09.000Z
"8/25/2024, 2:47:09 PM",3.662,102.9,100,0,2024-08-25T18:47:09.000Z
"8/25/2024, 2:52:09 PM",3.661,103.8,100,0,2024-08-25T18:52:09.000Z
"8/25/2024, 2:57:09 PM",3.661,104.7,100,0,2024-08-25T18:57:09.000Z
"8/25/2024, 3:02:09 PM",3.66,105.4,100,0,2024-08-25T19:02:09.000Z
"8/25/2024, 3:07:09 PM",3.66,105.6,99.6,0,2024-08-25T19:07:09.000Z
"8/25/2024, 3:12:09 PM",3.66,105.3,99.6,0,2024-08-25T19:12:09.000Z
"8/25/2024, 3:17:09 PM",3.661,105.3,99.7,0,2024-08-25T19:17:09.000Z
"8/25/2024, 3:22:09 PM",3.66,105.3,99.5,0,2024-08-25T19:22:09.000Z
"8/25/2024, 3:27:09 PM",3.661,105.6,99.4,0,2024-08-25T19:27:09.000Z
"8/25/2024, 3:32:09 PM",3.66,106.2,99.3,0,2024-08-25T19:32:09.000Z
"8/25/2024, 3:37:09 PM",3.66,106.7,98.8,0,2024-08-25T19:37:09.000Z
"8/25/2024, 3:42:09 PM",3.66,107.4,97.7,0,2024-08-25T19:42:09.000Z
"8/25/2024, 3:47:09 PM",3.66,107.8,97,0,2024-08-25T19:47:09.000Z
"8/25/2024, 3:52:09 PM",3.66,108.1,96.7,0,2024-08-25T19:52:09.000Z
"8/25/2024, 3:57:09 PM",3.66,108.9,96.5,0,2024-08-25T19:57:09.000Z
"8/25/2024, 4:02:09 PM",3.66,109.2,96.1,0,2024-08-25T20:02:09.000Z
"8/25/2024, 4:07:09 PM",3.659,109.8,95.6,0,2024-08-25T20:07:09.000Z
"8/25/2024, 4:12:09 PM",3.659,109.4,95.2,0,2024-08-25T20:12:09.000Z
"8/25/2024, 4:17:09 PM",3.66,109.2,95,0,2024-08-25T20:17:09.000Z
"8/25/2024, 4:22:09 PM",3.66,108.9,94.8,0,2024-08-25T20:22:09.000Z
"8/25/2024, 4:27:09 PM",3.66,108.3,94.6,0,2024-08-25T20:27:09.000Z
"8/25/2024, 4:32:09 PM",3.66,107.6,94.4,0,2024-08-25T20:32:09.000Z
"8/25/2024, 4:37:09 PM",3.66,107.2,94.2,0,2024-08-25T20:37:09.000Z
"8/25/2024, 4:42:09 PM",3.66,106.5,94.2,0,2024-08-25T20:42:09.000Z
"8/25/2024, 4:47:09 PM",3.66,105.8,94.4,0,2024-08-25T20:47:09.000Z
"8/25/2024, 4:52:09 PM",3.66,105.1,94.5,0,2024-08-25T20:52:09.000Z
"8/25/2024, 4:57:09 PM",3.661,104.5,94.9,0,2024-08-25T20:57:09.000Z
"8/25/2024, 5:02:09 PM",3.661,104.2,95.2,0,2024-08-25T21:02:09.000Z
"8/25/2024, 5:07:09 PM",3.661,104,95.6,0,2024-08-25T21:07:09.000Z
"8/25/2024, 5:12:09 PM",3.661,103.8,95.8,0,2024-08-25T21:12:09.000Z
"8/25/2024, 5:17:09 PM",3.661,103.5,96,0,2024-08-25T21:17:09.000Z
"8/25/2024, 5:22:09 PM",3.661,103.1,96.1,0,2024-08-25T21:22:09.000Z
"8/25/2024, 5:27:09 PM",3.661,103.1,96.1,0,2024-08-25T21:27:09.000Z
"8/25/2024, 5:32:09 PM",3.662,103.3,95.7,0,2024-08-25T21:32:09.000Z
"8/25/2024, 5:37:09 PM",3.661,103.5,95.5,0,2024-08-25T21:37:09.000Z
"8/25/2024, 5:42:09 PM",3.662,103.8,95.5,0,2024-08-25T21:42:09.000Z
"8/25/2024, 5:47:09 PM",3.661,104.2,94.4,0,2024-08-25T21:47:09.000Z
"8/25/2024, 5:52:09 PM",3.661,104.5,93.3,0,2024-08-25T21:52:09.000Z
"8/25/2024, 5:57:09 PM",3.661,104.7,92.4,0,2024-08-25T21:57:09.000Z
"8/25/2024, 6:02:09 PM",3.661,104.9,92,0,2024-08-25T22:02:09.000Z
"8/25/2024, 6:07:09 PM",3.661,105.1,91.5,0,2024-08-25T22:07:09.000Z
"8/25/2024, 6:12:09 PM",3.661,104.9,90.8,0,2024-08-25T22:12:09.000Z
"8/25/2024, 6:17:09 PM",3.662,104.7,90.6,0,2024-08-25T22:17:09.000Z
"8/25/2024, 6:22:09 PM",3.661,104.5,90.8,0,2024-08-25T22:22:09.000Z
"8/25/2024, 6:27:09 PM",3.661,104.2,90.7,0,2024-08-25T22:27:09.000Z
"8/25/2024, 6:32:09 PM",3.662,103.6,91.2,0,2024-08-25T22:32:09.000Z
"8/25/2024, 6:37:09 PM",3.661,103.1,91.5,0,2024-08-25T22:37:09.000Z
"8/25/2024, 6:42:09 PM",3.662,102.6,92,0,2024-08-25T22:42:09.000Z
"8/25/2024, 6:47:09 PM",3.662,102,92.3,0,2024-08-25T22:47:09.000Z
"8/25/2024, 6:52:09 PM",3.662,101.5,93,0,2024-08-25T22:52:09.000Z
"8/25/2024, 6:57:09 PM",3.662,100.9,93.7,0,2024-08-25T22:57:09.000Z
"8/25/2024, 7:02:09 PM",3.662,100.2,94.2,0,2024-08-25T23:02:09.000Z
"8/25/2024, 7:07:09 PM",3.662,99.7,94.8,0,2024-08-25T23:07:09.000Z
"8/25/2024, 7:12:09 PM",3.662,99,95.3,0,2024-08-25T23:12:09.000Z
"8/25/2024, 7:17:09 PM",3.662,98.8,95.9,0,2024-08-25T23:17:09.000Z
"8/25/2024, 7:22:09 PM",3.663,98.1,96.3,0,2024-08-25T23:22:09.000Z
"8/25/2024, 7:27:09 PM",3.663,97.5,96.8,0,2024-08-25T23:27:09.000Z
"8/25/2024, 7:32:09 PM",3.663,97,97.2,0,2024-08-25T23:32:09.000Z
"8/25/2024, 7:37:09 PM",3.663,96.4,97.6,0,2024-08-25T23:37:09.000Z
"8/25/2024, 7:42:09 PM",3.663,95.9,98,0,2024-08-25T23:42:09.000Z
"8/25/2024, 7:47:09 PM",3.663,95.5,98.3,0,2024-08-25T23:47:09.000Z
"8/25/2024, 7:52:09 PM",3.663,94.8,98.7,0,2024-08-25T23:52:09.000Z
"8/25/2024, 7:57:09 PM",3.663,94.5,99,0,2024-08-25T23:57:09.000Z
"8/25/2024, 8:02:09 PM",3.664,93.9,99.3,0,2024-08-26T00:02:09.000Z
"8/25/2024, 8:07:09 PM",3.664,93.6,99.6,0,2024-08-26T00:07:09.000Z
"8/25/2024, 8:12:09 PM",3.663,93,99.9,0,2024-08-26T00:12:09.000Z
"8/25/2024, 8:17:09 PM",3.664,92.7,100,0,2024-08-26T00:17:09.000Z
"8/25/2024, 8:22:09 PM",3.664,92.1,100,0,2024-08-26T00:22:09.000Z
"8/25/2024, 8:27:09 PM",3.664,91.8,100,0,2024-08-26T00:27:09.000Z
"8/25/2024, 8:32:09 PM",3.664,91.4,100,0,2024-08-26T00:32:09.000Z
"8/25/2024, 8:37:09 PM",3.664,91,100,0,2024-08-26T00:37:09.000Z
"8/25/2024, 8:42:09 PM",3.664,90.7,100,0,2024-08-26T00:42:09.000Z
"8/25/2024, 8:47:09 PM",3.664,90.3,100,0,2024-08-26T00:47:09.000Z
"8/25/2024, 8:52:09 PM",3.665,90,100,0,2024-08-26T00:52:09.000Z
"8/25/2024, 8:57:09 PM",3.665,89.6,100,0,2024-08-26T00:57:09.000Z
"8/25/2024, 9:02:09 PM",3.664,89.4,100,0,2024-08-26T01:02:09.000Z
"8/25/2024, 9:07:09 PM",3.665,89.1,100,0,2024-08-26T01:07:09.000Z
"8/25/2024, 9:12:09 PM",3.664,88.9,100,0,2024-08-26T01:12:09.000Z
"8/25/2024, 9:17:09 PM",3.665,88.9,100,0,2024-08-26T01:17:09.000Z
"8/25/2024, 9:22:09 PM",3.665,88.7,100,0,2024-08-26T01:22:09.000Z
"8/25/2024, 9:27:09 PM",3.664,88.3,100,0,2024-08-26T01:27:09.000Z
"8/25/2024, 9:32:09 PM",3.664,88.2,100,0,2024-08-26T01:32:09.000Z
"8/25/2024, 9:37:09 PM",3.665,88,100,0,2024-08-26T01:37:09.000Z
"8/25/2024, 9:42:09 PM",3.665,88,100,0,2024-08-26T01:42:09.000Z
"8/25/2024, 9:47:09 PM",3.665,87.8,100,0,2024-08-26T01:47:09.000Z
"8/25/2024, 9:52:09 PM",3.664,87.6,100,0,2024-08-26T01:52:09.000Z
"8/25/2024, 9:57:09 PM",3.665,87.6,100,0,2024-08-26T01:57:09.000Z
"8/25/2024, 10:02:09 PM",3.665,87.6,100,0,2024-08-26T02:02:09.000Z
"8/25/2024, 10:07:09 PM",3.665,87.4,100,0,2024-08-26T02:07:09.000Z
"8/25/2024, 10:12:09 PM",3.665,87.4,100,0,2024-08-26T02:12:09.000Z
"8/25/2024, 10:17:09 PM",3.665,87.3,100,0,2024-08-26T02:17:09.000Z
"8/25/2024, 10:22:09 PM",3.665,87.3,100,0,2024-08-26T02:22:09.000Z
"8/25/2024, 10:27:09 PM",3.665,87.3,100,0,2024-08-26T02:27:09.000Z
"8/25/2024, 10:32:09 PM",3.665,87.1,100,0,2024-08-26T02:32:09.000Z
"8/25/2024, 10:37:09 PM",3.665,87.1,100,0,2024-08-26T02:37:09.000Z
"8/25/2024, 10:42:09 PM",3.665,86.9,100,0,2024-08-26T02:42:09.000Z
"8/25/2024, 10:47:09 PM",3.665,86.9,100,0,2024-08-26T02:47:09.000Z
"8/25/2024, 10:52:09 PM",3.665,86.9,100,0,2024-08-26T02:52:09.000Z
"8/25/2024, 10:57:09 PM",3.665,86.7,100,0,2024-08-26T02:57:09.000Z
"8/25/2024, 11:02:09 PM",3.665,86.7,100,0,2024-08-26T03:02:09.000Z
"8/25/2024, 11:07:09 PM",3.665,86.7,100,0,2024-08-26T03:07:09.000Z
"8/25/2024, 11:12:09 PM",3.665,86.7,100,0,2024-08-26T03:12:09.000Z
"8/25/2024, 11:17:09 PM",3.666,86.5,100,0,2024-08-26T03:17:09.000Z
"8/25/2024, 11:22:09 PM",3.665,86.5,100,0,2024-08-26T03:22:09.000Z
"8/25/2024, 11:27:09 PM",3.665,86.5,100,0,2024-08-26T03:27:09.000Z
"8/25/2024, 11:32:09 PM",3.665,86.4,100,0,2024-08-26T03:32:09.000Z
"8/25/2024, 11:37:09 PM",3.665,86.4,100,0,2024-08-26T03:37:09.000Z
"8/25/2024, 11:42:09 PM",3.665,86.2,100,0,2024-08-26T03:42:09.000Z
"8/25/2024, 11:47:09 PM",3.665,86.2,100,0,2024-08-26T03:47:09.000Z
"8/25/2024, 11:52:09 PM",3.665,86.2,100,0,2024-08-26T03:52:09.000Z
"8/25/2024, 11:57:09 PM",3.665,86,100,0,2024-08-26T03:57:09.000Z
"8/26/2024, 12:02:09 AM",3.664,86,100,0,2024-08-26T04:02:09.000Z
"8/26/2024, 12:07:09 AM",3.665,86,100,0,2024-08-26T04:07:09.000Z
"8/26/2024, 12:12:09 AM",3.665,85.8,100,0,2024-08-26T04:12:09.000Z
"8/26/2024, 12:17:09 AM",3.665,85.8,100,0,2024-08-26T04:17:09.000Z
"8/26/2024, 12:22:09 AM",3.665,85.8,100,0,2024-08-26T04:22:09.000Z
"8/26/2024, 12:27:09 AM",3.665,85.6,100,0,2024-08-26T04:27:09.000Z
"8/26/2024, 12:32:09 AM",3.665,85.6,100,0,2024-08-26T04:32:09.000Z
"8/26/2024, 12:37:09 AM",3.665,85.5,100,0,2024-08-26T04:37:09.000Z
"8/26/2024, 12:42:09 AM",3.665,85.5,100,0,2024-08-26T04:42:09.000Z
"8/26/2024, 12:47:09 AM",3.665,85.5,100,0,2024-08-26T04:47:09.000Z
"8/26/2024, 12:52:09 AM",3.665,85.3,100,0,2024-08-26T04:52:09.000Z
"8/26/2024, 12:57:09 AM",3.665,85.3,100,0,2024-08-26T04:57:09.000Z
"8/26/2024, 1:02:09 AM",3.665,85.3,100,0,2024-08-26T05:02:09.000Z
"8/26/2024, 1:07:09 AM",3.665,85.1,100,0,2024-08-26T05:07:09.000Z
"8/26/2024, 1:12:09 AM",3.665,85.1,100,0,2024-08-26T05:12:09.000Z
"8/26/2024, 1:17:09 AM",3.665,85.1,100,0,2024-08-26T05:17:09.000Z
"8/26/2024, 1:22:09 AM",3.665,85.1,100,0,2024-08-26T05:22:09.000Z
"8/26/2024, 1:27:09 AM",3.666,84.9,100,0,2024-08-26T05:27:09.000Z
"8/26/2024, 1:32:09 AM",3.666,84.9,100,0,2024-08-26T05:32:09.000Z
"8/26/2024, 1:37:09 AM",3.665,84.7,100,0,2024-08-26T05:37:09.000Z
"8/26/2024, 1:42:09 AM",3.665,84.7,100,0,2024-08-26T05:42:09.000Z
"8/26/2024, 1:47:09 AM",3.665,84.6,100,0,2024-08-26T05:47:09.000Z
"8/26/2024, 1:52:09 AM",3.665,84.6,100,0,2024-08-26T05:52:09.000Z
"8/26/2024, 1:57:09 AM",3.666,84.4,100,0,2024-08-26T05:57:09.000Z
"8/26/2024, 2:02:09 AM",3.665,84.4,100,0,2024-08-26T06:02:09.000Z
"8/26/2024, 2:07:09 AM",3.666,84.2,100,0,2024-08-26T06:07:09.000Z
"8/26/2024, 2:12:09 AM",3.665,84.2,100,0,2024-08-26T06:12:09.000Z
"8/26/2024, 2:17:09 AM",3.666,84,100,0,2024-08-26T06:17:09.000Z
"8/26/2024, 2:22:09 AM",3.665,84,100,0,2024-08-26T06:22:09.000Z
"8/26/2024, 2:27:09 AM",3.665,84,100,0,2024-08-26T06:27:09.000Z
"8/26/2024, 2:32:09 AM",3.666,84,100,0,2024-08-26T06:32:09.000Z
"8/26/2024, 2:37:09 AM",3.665,83.8,100,0,2024-08-26T06:37:09.000Z
"8/26/2024, 2:42:09 AM",3.665,83.7,100,0,2024-08-26T06:42:09.000Z
"8/26/2024, 2:47:09 AM",3.666,83.7,100,0,2024-08-26T06:47:09.000Z
"8/26/2024, 2:52:09 AM",3.665,83.5,100,0,2024-08-26T06:52:09.000Z
"8/26/2024, 2:57:09 AM",3.666,83.5,100,0,2024-08-26T06:57:09.000Z
"8/26/2024, 3:02:09 AM",3.665,83.5,100,0,2024-08-26T07:02:09.000Z
"8/26/2024, 3:07:09 AM",3.666,83.3,100,0,2024-08-26T07:07:09.000Z
"8/26/2024, 3:12:09 AM",3.665,83.3,100,0,2024-08-26T07:12:09.000Z
"8/26/2024, 3:17:09 AM",3.666,83.3,100,0,2024-08-26T07:17:09.000Z
"8/26/2024, 3:22:09 AM",3.665,83.1,100,0,2024-08-26T07:22:09.000Z
"8/26/2024, 3:27:09 AM",3.665,83.1,100,0,2024-08-26T07:27:09.000Z
"8/26/2024, 3:32:09 AM",3.666,82.9,100,0,2024-08-26T07:32:09.000Z
"8/26/2024, 3:37:09 AM",3.666,82.9,100,0,2024-08-26T07:37:09.000Z
"8/26/2024, 3:42:09 AM",3.665,82.9,100,0,2024-08-26T07:42:09.000Z
"8/26/2024, 3:47:09 AM",3.666,82.8,100,0,2024-08-26T07:47:09.000Z
"8/26/2024, 3:52:09 AM",3.666,82.8,100,0,2024-08-26T07:52:09.000Z
"8/26/2024, 3:57:09 AM",3.665,82.8,100,0,2024-08-26T07:57:09.000Z
"8/26/2024, 4:02:09 AM",3.666,82.8,100,0,2024-08-26T08:02:09.000Z
"8/26/2024, 4:07:09 AM",3.665,82.8,100,0,2024-08-26T08:07:09.000Z
"8/26/2024, 4:12:09 AM",3.665,82.6,100,0,2024-08-26T08:12:09.000Z
"8/26/2024, 4:17:09 AM",3.666,82.6,100,0,2024-08-26T08:17:09.000Z
"8/26/2024, 4:22:09 AM",3.665,82.6,100,0,2024-08-26T08:22:09.000Z
"8/26/2024, 4:27:09 AM",3.666,82.6,100,0,2024-08-26T08:27:09.000Z
"8/26/2024, 4:32:09 AM",3.666,82.6,100,0,2024-08-26T08:32:09.000Z
"8/26/2024, 4:37:09 AM",3.665,82.6,100,0,2024-08-26T08:37:09.000Z
"8/26/2024, 4:42:09 AM",3.666,82.6,100,0,2024-08-26T08:42:09.000Z
"8/26/2024, 4:47:09 AM",3.665,82.6,100,0,2024-08-26T08:47:09.000Z
"8/26/2024, 4:52:09 AM",3.666,82.8,100,0,2024-08-26T08:52:09.000Z
"8/26/2024, 4:57:09 AM",3.665,82.8,100,0,2024-08-26T08:57:09.000Z
"8/26/2024, 5:02:09 AM",3.665,82.8,100,0,2024-08-26T09:02:09.000Z
"8/26/2024, 5:07:09 AM",3.666,82.8,100,0,2024-08-26T09:07:09.000Z
"8/26/2024, 5:12:09 AM",3.666,82.8,100,0,2024-08-26T09:12:09.000Z
"8/26/2024, 5:17:09 AM",3.665,82.8,100,0,2024-08-26T09:17:09.000Z
"8/26/2024, 5:22:09 AM",3.665,82.9,100,0,2024-08-26T09:22:09.000Z
"8/26/2024, 5:27:09 AM",3.666,82.9,100,0,2024-08-26T09:27:09.000Z
"8/26/2024, 5:32:09 AM",3.666,82.9,100,0,2024-08-26T09:32:09.000Z
"8/26/2024, 5:37:09 AM",3.665,82.9,100,0,2024-08-26T09:37:09.000Z
"8/26/2024, 5:42:09 AM",3.665,82.9,100,0,2024-08-26T09:42:09.000Z
"8/26/2024, 5:47:09 AM",3.665,82.9,100,0,2024-08-26T09:47:09.000Z
"8/26/2024, 5:52:09 AM",3.665,82.9,100,0,2024-08-26T09:52:09.000Z
"8/26/2024, 5:57:09 AM",3.666,82.9,100,0,2024-08-26T09:57:09.000Z
"8/26/2024, 6:02:09 AM",3.665,82.8,100,0,2024-08-26T10:02:09.000Z
"8/26/2024, 6:07:09 AM",3.665,82.8,100,0,2024-08-26T10:07:09.000Z
"8/26/2024, 6:12:09 AM",3.666,82.8,100,0,2024-08-26T10:12:09.000Z
"8/26/2024, 6:17:09 AM",3.665,82.8,100,0,2024-08-26T10:17:09.000Z
"8/26/2024, 6:22:09 AM",3.665,82.8,100,0,2024-08-26T10:22:09.000Z
"8/26/2024, 6:27:09 AM",3.666,82.8,100,0,2024-08-26T10:27:09.000Z
"8/26/2024, 6:32:09 AM",3.666,82.8,100,0,2024-08-26T10:32:09.000Z
"8/26/2024, 6:37:09 AM",3.666,82.8,100,0,2024-08-26T10:37:09.000Z
"8/26/2024, 6:42:09 AM",3.666,82.8,100,0,2024-08-26T10:42:09.000Z
"8/26/2024, 6:47:09 AM",3.666,82.8,100,0,2024-08-26T10:47:09.000Z
"8/26/2024, 6:52:09 AM",3.666,82.8,100,0,2024-08-26T10:52:09.000Z
"8/26/2024, 6:57:09 AM",3.665,82.8,100,0,2024-08-26T10:57:09.000Z
"8/26/2024, 7:02:09 AM",3.666,82.8,100,0,2024-08-26T11:02:09.000Z
"8/26/2024, 7:07:09 AM",3.666,82.8,100,0,2024-08-26T11:07:09.000Z
"8/26/2024, 7:12:09 AM",3.666,82.8,100,0,2024-08-26T11:12:09.000Z
"8/26/2024, 7:17:09 AM",3.665,82.9,100,0,2024-08-26T11:17:09.000Z
"8/26/2024, 7:22:09 AM",3.665,82.9,100,0,2024-08-26T11:22:09.000Z
"8/26/2024, 7:27:09 AM",3.666,82.9,100,0,2024-08-26T11:27:09.000Z
"8/26/2024, 7:32:09 AM",3.666,83.1,100,0,2024-08-26T11:32:09.000Z
"8/26/2024, 7:37:09 AM",3.665,83.1,100,0,2024-08-26T11:37:09.000Z
"8/26/2024, 7:42:09 AM",3.665,83.3,100,0,2024-08-26T11:42:09.000Z
"8/26/2024, 7:47:09 AM",3.666,83.5,100,0,2024-08-26T11:47:09.000Z
"8/26/2024, 7:52:09 AM",3.665,83.7,100,0,2024-08-26T11:52:09.000Z
"8/26/2024, 7:57:09 AM",3.665,84,100,0,2024-08-26T11:57:09.000Z
"8/26/2024, 8:02:09 AM",3.665,84,100,0,2024-08-26T12:02:09.000Z
"8/26/2024, 8:07:09 AM",3.665,84.4,100,0,2024-08-26T12:07:09.000Z
"8/26/2024, 8:12:09 AM",3.665,84.6,100,0,2024-08-26T12:12:09.000Z
"8/26/2024, 8:17:09 AM",3.665,84.9,100,0,2024-08-26T12:17:09.000Z
"8/26/2024, 8:22:09 AM",3.665,85.1,100,0,2024-08-26T12:22:09.000Z
"8/26/2024, 8:27:09 AM",3.665,85.5,100,0,2024-08-26T12:27:09.000Z
"8/26/2024, 8:32:09 AM",3.665,85.8,100,0,2024-08-26T12:32:09.000Z
"8/26/2024, 8:37:09 AM",3.664,86.2,100,0,2024-08-26T12:37:09.000Z
"8/26/2024, 8:42:09 AM",3.665,86.5,100,0,2024-08-26T12:42:09.000Z
"8/26/2024, 8:47:09 AM",3.665,86.9,100,0,2024-08-26T12:47:09.000Z
"8/26/2024, 8:52:09 AM",3.665,87.3,100,0,2024-08-26T12:52:09.000Z
"8/26/2024, 8:57:09 AM",3.665,87.4,100,0,2024-08-26T12:57:09.000Z
"8/26/2024, 9:02:09 AM",3.664,88,100,0,2024-08-26T13:02:09.000Z
"8/26/2024, 9:07:09 AM",3.664,88.3,100,0,2024-08-26T13:07:09.000Z
"8/26/2024, 9:12:09 AM",3.665,88.9,100,0,2024-08-26T13:12:09.000Z
"8/26/2024, 9:17:09 AM",3.665,89.1,100,0,2024-08-26T13:17:09.000Z
"8/26/2024, 9:22:09 AM",3.664,89.6,100,0,2024-08-26T13:22:09.000Z
"8/26/2024, 9:27:09 AM",3.664,90,100,0,2024-08-26T13:27:09.000Z
"8/26/2024, 9:32:09 AM",3.664,90.5,100,0,2024-08-26T13:32:09.000Z
"8/26/2024, 9:37:09 AM",3.664,90.9,100,0,2024-08-26T13:37:09.000Z
"8/26/2024, 9:42:09 AM",3.664,91.2,100,0,2024-08-26T13:42:09.000Z
"8/26/2024, 9:47:09 AM",3.664,91.4,100,0,2024-08-26T13:47:09.000Z
"8/26/2024, 9:52:09 AM",3.664,91.8,100,0,2024-08-26T13:52:09.000Z
"8/26/2024, 9:57:09 AM",3.664,92.1,100,0,2024-08-26T13:57:09.000Z
"8/26/2024, 10:02:09 AM",3.664,92.3,100,0,2024-08-26T14:02:09.000Z
"8/26/2024, 10:07:09 AM",3.664,92.7,100,0,2024-08-26T14:07:09.000Z
"8/26/2024, 10:12:09 AM",3.664,93,100,0,2024-08-26T14:12:09.000Z
"8/26/2024, 10:17:09 AM",3.664,93.4,100,0,2024-08-26T14:17:09.000Z
"8/26/2024, 10:22:09 AM",3.664,93.7,100,0,2024-08-26T14:22:09.000Z
"8/26/2024, 10:27:09 AM",3.663,93.9,100,0,2024-08-26T14:27:09.000Z
"8/26/2024, 10:32:09 AM",3.663,94.3,100,0,2024-08-26T14:32:09.000Z
"8/26/2024, 10:37:09 AM",3.663,94.6,100,0,2024-08-26T14:37:09.000Z
"8/26/2024, 10:42:09 AM",3.663,95,100,0,2024-08-26T14:42:09.000Z
"8/26/2024, 10:47:09 AM",3.663,95.2,100,0,2024-08-26T14:47:09.000Z
"8/26/2024, 10:52:09 AM",3.663,95.5,100,0,2024-08-26T14:52:09.000Z
"8/26/2024, 10:57:09 AM",3.663,95.9,100,0,2024-08-26T14:57:09.000Z
"8/26/2024, 11:02:09 AM",3.663,96.3,100,0,2024-08-26T15:02:09.000Z
"8/26/2024, 11:07:09 AM",3.663,96.4,100,0,2024-08-26T15:07:09.000Z
"8/26/2024, 11:12:09 AM",3.663,96.6,100,0,2024-08-26T15:12:09.000Z
"8/26/2024, 11:17:09 AM",3.663,97,100,0,2024-08-26T15:17:09.000Z
"8/26/2024, 11:22:09 AM",3.663,97.3,100,0,2024-08-26T15:22:09.000Z
"8/26/2024, 11:27:09 AM",3.663,97.5,100,0,2024-08-26T15:27:09.000Z
"8/26/2024, 11:32:09 AM",3.663,97.9,100,0,2024-08-26T15:32:09.000Z
"8/26/2024, 11:37:09 AM",3.663,98.2,100,0,2024-08-26T15:37:09.000Z
"8/26/2024, 11:42:09 AM",3.663,98.6,100,0,2024-08-26T15:42:09.000Z
"8/26/2024, 11:47:09 AM",3.663,99,100,0,2024-08-26T15:47:09.000Z
"8/26/2024, 11:52:09 AM",3.662,99.1,100,0,2024-08-26T15:52:09.000Z
"8/26/2024, 11:57:09 AM",3.662,99.7,100,0,2024-08-26T15:57:09.000Z
"8/26/2024, 12:02:09 PM",3.662,100.2,100,0,2024-08-26T16:02:09.000Z
"8/26/2024, 12:07:09 PM",3.663,100.8,100,0,2024-08-26T16:07:09.000Z
"8/26/2024, 12:12:09 PM",3.662,101.1,100,0,2024-08-26T16:12:09.000Z
"8/26/2024, 12:17:09 PM",3.662,101.7,100,0,2024-08-26T16:17:09.000Z
"8/26/2024, 12:22:09 PM",3.662,101.8,100,0,2024-08-26T16:22:09.000Z
"8/26/2024, 12:27:09 PM",3.661,102.4,100,0,2024-08-26T16:27:09.000Z
"8/26/2024, 12:32:09 PM",3.662,102.6,100,0,2024-08-26T16:32:09.000Z
"8/26/2024, 12:37:09 PM",3.662,102.2,100,0,2024-08-26T16:37:09.000Z
"8/26/2024, 12:42:09 PM",3.661,101.8,100,0,2024-08-26T16:42:09.000Z
"8/26/2024, 12:47:09 PM",3.662,101.8,100,0,2024-08-26T16:47:09.000Z
"8/26/2024, 12:52:09 PM",3.662,102,100,0,2024-08-26T16:52:09.000Z
"8/26/2024, 12:57:09 PM",3.662,102.4,100,0,2024-08-26T16:57:09.000Z
"8/26/2024, 1:02:09 PM",3.662,103.1,100,0,2024-08-26T17:02:09.000Z
"8/26/2024, 1:07:09 PM",3.662,103.8,100,0,2024-08-26T17:07:09.000Z
"8/26/2024, 1:12:09 PM",3.662,104.4,100,0,2024-08-26T17:12:09.000Z
"8/26/2024, 1:17:09 PM",3.662,104.4,100,0,2024-08-26T17:17:09.000Z
"8/26/2024, 1:22:09 PM",3.662,104,100,0,2024-08-26T17:22:09.000Z
"8/26/2024, 1:27:09 PM",3.662,103.8,100,0,2024-08-26T17:27:09.000Z
"8/26/2024, 1:32:09 PM",3.662,103.8,100,0,2024-08-26T17:32:09.000Z
"8/26/2024, 1:37:09 PM",3.662,104,100,0,2024-08-26T17:37:09.000Z
"8/26/2024, 1:42:09 PM",3.661,104.5,100,0,2024-08-26T17:42:09.000Z
"8/26/2024, 1:47:09 PM",3.662,104.5,100,0,2024-08-26T17:47:09.000Z
"8/26/2024, 1:52:09 PM",3.661,104.7,100,0,2024-08-26T17:52:09.000Z
"8/26/2024, 1:57:09 PM",3.661,104.9,100,0,2024-08-26T17:57:09.000Z
"8/26/2024, 2:02:09 PM",3.662,104.7,100,0,2024-08-26T18:02:09.000Z
"8/26/2024, 2:07:09 PM",3.662,104.4,100,0,2024-08-26T18:07:09.000Z
"8/26/2024, 2:12:09 PM",3.661,103.8,100,0,2024-08-26T18:12:09.000Z
"8/26/2024, 2:17:09 PM",3.662,103.5,100,0,2024-08-26T18:17:09.000Z
"8/26/2024, 2:22:09 PM",3.662,103.1,100,0,2024-08-26T18:22:09.000Z
"8/26/2024, 2:27:09 PM",3.662,102.9,100,0,2024-08-26T18:27:09.000Z
"8/26/2024, 2:32:09 PM",3.662,103.1,100,0,2024-08-26T18:32:09.000Z
"8/26/2024, 2:37:09 PM",3.662,103.8,100,0,2024-08-26T18:37:09.000Z
"8/26/2024, 2:42:09 PM",3.662,104.7,100,0,2024-08-26T18:42:09.000Z
"8/26/2024, 2:47:09 PM",3.661,105.3,100,0,2024-08-26T18:47:09.000Z
"8/26/2024, 2:52:09 PM",3.662,105.8,100,0,2024-08-26T18:52:09.000Z
"8/26/2024, 2:57:09 PM",3.661,106.3,100,0,2024-08-26T18:57:09.000Z
"8/26/2024, 3:02:09 PM",3.661,107.2,100,0,2024-08-26T19:02:09.000Z
"8/26/2024, 3:07:09 PM",3.661,108.1,99.6,0,2024-08-26T19:07:09.000Z
"8/26/2024, 3:12:09 PM",3.66,108.9,97.6,0,2024-08-26T19:12:09.000Z
"8/26/2024, 3:17:09 PM",3.661,109.2,95.8,0,2024-08-26T19:17:09.000Z
"8/26/2024, 3:22:09 PM",3.66,109.8,94.4,0,2024-08-26T19:22:09.000Z
"8/26/2024, 3:27:09 PM",3.66,110.1,93.4,0,2024-08-26T19:27:09.000Z
"8/26/2024, 3:32:09 PM",3.66,109.8,91.7,0,2024-08-26T19:32:09.000Z
"8/26/2024, 3:37:09 PM",3.66,109.9,90.2,0,2024-08-26T19:37:09.000Z
"8/26/2024, 3:42:09 PM",3.66,109.9,88.1,0,2024-08-26T19:42:09.000Z
"8/26/2024, 3:47:09 PM",3.66,109.8,86.5,0,2024-08-26T19:47:09.000Z
"8/26/2024, 3:52:09 PM",3.66,109.2,85.7,0,2024-08-26T19:52:09.000Z
"8/26/2024, 3:57:09 PM",3.661,108.9,85.6,0,2024-08-26T19:57:09.000Z
"8/26/2024, 4:02:09 PM",3.661,108.9,86.5,0,2024-08-26T20:02:09.000Z
"8/26/2024, 4:07:09 PM",3.661,108.9,85.8,0,2024-08-26T20:07:09.000Z
"8/26/2024, 4:12:09 PM",3.66,109.2,85.7,0,2024-08-26T20:12:09.000Z
"8/26/2024, 4:17:09 PM",3.661,109.2,86,0,2024-08-26T20:17:09.000Z
"8/26/2024, 4:22:09 PM",3.66,109.2,84.8,0,2024-08-26T20:22:09.000Z
"8/26/2024, 4:27:09 PM",3.661,109.4,83.7,0,2024-08-26T20:27:09.000Z
"8/26/2024, 4:32:09 PM",3.661,109.6,83.7,0,2024-08-26T20:32:09.000Z
"8/26/2024, 4:37:09 PM",3.661,109.8,82.2,0,2024-08-26T20:37:09.000Z
"8/26/2024, 4:42:09 PM",3.661,109.9,81.8,0,2024-08-26T20:42:09.000Z
"8/26/2024, 4:47:09 PM",3.66,109.9,81.7,0,2024-08-26T20:47:09.000Z
"8/26/2024, 4:52:09 PM",3.661,109.9,81.8,0,2024-08-26T20:52:09.000Z
"8/26/2024, 4:57:09 PM",3.661,109.8,81.3,0,2024-08-26T20:57:09.000Z
"8/26/2024, 5:02:09 PM",3.661,109.6,82,0,2024-08-26T21:02:09.000Z
"8/26/2024, 5:07:09 PM",3.661,109,81.8,0,2024-08-26T21:07:09.000Z
"8/26/2024, 5:12:09 PM",3.661,108.5,81.7,0,2024-08-26T21:12:09.000Z
"8/26/2024, 5:17:09 PM",3.661,107.6,82.8,0,2024-08-26T21:17:09.000Z
"8/26/2024, 5:22:09 PM",3.661,106.9,84.3,0,2024-08-26T21:22:09.000Z
"8/26/2024, 5:27:09 PM",3.662,106.5,85.2,0,2024-08-26T21:27:09.000Z
"8/26/2024, 5:32:09 PM",3.661,106.3,86.3,0,2024-08-26T21:32:09.000Z
"8/26/2024, 5:37:09 PM",3.661,106.2,87,0,2024-08-26T21:37:09.000Z
"8/26/2024, 5:42:09 PM",3.662,106.2,85.7,0,2024-08-26T21:42:09.000Z
"8/26/2024, 5:47:09 PM",3.662,106,84,0,2024-08-26T21:47:09.000Z
"8/26/2024, 5:52:09 PM",3.662,105.8,83.1,0,2024-08-26T21:52:09.000Z
"8/26/2024, 5:57:09 PM",3.662,105.6,82.7,0,2024-08-26T21:57:09.000Z
"8/26/2024, 6:02:09 PM",3.662,105.4,82.8,0,2024-08-26T22:02:09.000Z
"8/26/2024, 6:07:09 PM",3.661,105.3,83,0,2024-08-26T22:07:09.000Z
"8/26/2024, 6:12:09 PM",3.662,104.9,83.7,0,2024-08-26T22:12:09.000Z
"8/26/2024, 6:17:09 PM",3.662,104.5,84.5,0,2024-08-26T22:17:09.000Z
"8/26/2024, 6:22:09 PM",3.662,104.2,85.4,0,2024-08-26T22:22:09.000Z
"8/26/2024, 6:27:09 PM",3.662,103.8,86.4,0,2024-08-26T22:27:09.000Z
"8/26/2024, 6:32:09 PM",3.662,103.1,87.7,0,2024-08-26T22:32:09.000Z
"8/26/2024, 6:37:09 PM",3.662,102.6,88.8,0,2024-08-26T22:37:09.000Z
"8/26/2024, 6:42:09 PM",3.663,102.2,89.9,0,2024-08-26T22:42:09.000Z
"8/26/2024, 6:47:09 PM",3.663,101.7,90.7,0,2024-08-26T22:47:09.000Z
"8/26/2024, 6:52:09 PM",3.662,101.1,91.4,0,2024-08-26T22:52:09.000Z
"8/26/2024, 6:57:09 PM",3.663,100.6,92.1,0,2024-08-26T22:57:09.000Z
"8/26/2024, 7:02:09 PM",3.663,100,92.7,0,2024-08-26T23:02:09.000Z
"8/26/2024, 7:07:09 PM",3.663,99.5,93.3,0,2024-08-26T23:07:09.000Z
"8/26/2024, 7:12:09 PM",3.663,99,93.7,0,2024-08-26T23:12:09.000Z
"8/26/2024, 7:17:09 PM",3.663,98.6,94.2,0,2024-08-26T23:17:09.000Z
"8/26/2024, 7:22:09 PM",3.663,98.1,94.6,0,2024-08-26T23:22:09.000Z
"8/26/2024, 7:27:09 PM",3.664,97.5,95,0,2024-08-26T23:27:09.000Z
"8/26/2024, 7:32:09 PM",3.664,97,95.6,0,2024-08-26T23:32:09.000Z
"8/26/2024, 7:37:09 PM",3.664,96.6,96,0,2024-08-26T23:37:09.000Z
"8/26/2024, 7:42:09 PM",3.663,96.1,96.5,0,2024-08-26T23:42:09.000Z
"8/26/2024, 7:47:09 PM",3.664,95.5,97,0,2024-08-26T23:47:09.000Z
"8/26/2024, 7:52:09 PM",3.665,95.2,97.4,0,2024-08-26T23:52:09.000Z
"8/26/2024, 7:57:09 PM",3.664,94.6,97.9,0,2024-08-26T23:57:09.000Z
"8/26/2024, 8:02:09 PM",3.664,94.3,98.2,0,2024-08-27T00:02:09.000Z
"8/26/2024, 8:07:09 PM",3.665,93.9,98.6,0,2024-08-27T00:07:09.000Z
"8/26/2024, 8:12:09 PM",3.665,93.4,99,0,2024-08-27T00:12:09.000Z
"8/26/2024, 8:17:09 PM",3.665,93,99.3,0,2024-08-27T00:17:09.000Z
"8/26/2024, 8:22:09 PM",3.664,92.7,99.7,0,2024-08-27T00:22:09.000Z
"8/26/2024, 8:27:09 PM",3.664,92.3,99.9,0,2024-08-27T00:27:09.000Z
"8/26/2024, 8:32:09 PM",3.665,91.9,100,0,2024-08-27T00:32:09.000Z
"8/26/2024, 8:37:09 PM",3.665,91.8,100,0,2024-08-27T00:37:09.000Z
"8/26/2024, 8:42:09 PM",3.665,91.4,100,0,2024-08-27T00:42:09.000Z
"8/26/2024, 8:47:09 PM",3.665,91,100,0,2024-08-27T00:47:09.000Z
"8/26/2024, 8:52:09 PM",3.665,90.7,100,0,2024-08-27T00:52:09.000Z
"8/26/2024, 8:57:09 PM",3.665,90.5,100,0,2024-08-27T00:57:09.000Z
"8/26/2024, 9:02:09 PM",3.665,90.1,100,0,2024-08-27T01:02:09.000Z
"8/26/2024, 9:07:09 PM",3.665,89.8,100,0,2024-08-27T01:07:09.000Z
"8/26/2024, 9:12:09 PM",3.665,89.6,100,0,2024-08-27T01:12:09.000Z
"8/26/2024, 9:17:09 PM",3.665,89.2,100,0,2024-08-27T01:17:09.000Z
"8/26/2024, 9:22:09 PM",3.665,89.1,100,0,2024-08-27T01:22:09.000Z
"8/26/2024, 9:27:09 PM",3.666,88.9,100,0,2024-08-27T01:27:09.000Z
"8/26/2024, 9:32:09 PM",3.666,88.9,100,0,2024-08-27T01:32:09.000Z
"8/26/2024, 9:37:09 PM",3.665,88.5,100,0,2024-08-27T01:37:09.000Z
"8/26/2024, 9:42:09 PM",3.665,88.3,100,0,2024-08-27T01:42:09.000Z
"8/26/2024, 9:47:09 PM",3.666,88.2,100,0,2024-08-27T01:47:09.000Z
"8/26/2024, 9:52:09 PM",3.666,88,100,0,2024-08-27T01:52:09.000Z
"8/26/2024, 9:57:09 PM",3.666,87.8,100,0,2024-08-27T01:57:09.000Z
"8/26/2024, 10:02:09 PM",3.665,87.6,100,0,2024-08-27T02:02:09.000Z
"8/26/2024, 10:07:09 PM",3.666,87.6,100,0,2024-08-27T02:07:09.000Z
"8/26/2024, 10:12:09 PM",3.666,87.4,100,0,2024-08-27T02:12:09.000Z
"8/26/2024, 10:17:09 PM",3.666,87.3,100,0,2024-08-27T02:17:09.000Z
"8/26/2024, 10:22:09 PM",3.666,87.3,100,0,2024-08-27T02:22:09.000Z
"8/26/2024, 10:27:09 PM",3.666,87.1,100,0,2024-08-27T02:27:09.000Z
"8/26/2024, 10:32:09 PM",3.666,87.1,100,0,2024-08-27T02:32:09.000Z
"8/26/2024, 10:37:09 PM",3.666,86.9,100,0,2024-08-27T02:37:09.000Z
"8/26/2024, 10:42:09 PM",3.666,86.7,100,0,2024-08-27T02:42:09.000Z
"8/26/2024, 10:47:09 PM",3.666,86.7,100,0,2024-08-27T02:47:09.000Z
"8/26/2024, 10:52:09 PM",3.666,86.5,100,0,2024-08-27T02:52:09.000Z
"8/26/2024, 10:57:09 PM",3.666,86.5,100,0,2024-08-27T02:57:09.000Z
"8/26/2024, 11:02:09 PM",3.666,86.4,100,0,2024-08-27T03:02:09.000Z
"8/26/2024, 11:07:09 PM",3.665,86.4,100,0,2024-08-27T03:07:09.000Z
"8/26/2024, 11:12:09 PM",3.666,86.4,100,0,2024-08-27T03:12:09.000Z
"8/26/2024, 11:17:09 PM",3.666,86.4,100,0,2024-08-27T03:17:09.000Z
"8/26/2024, 11:22:09 PM",3.666,86.4,100,0,2024-08-27T03:22:09.000Z
"8/26/2024, 11:27:09 PM",3.667,86.4,100,0,2024-08-27T03:27:09.000Z
"8/26/2024, 11:32:09 PM",3.667,86.4,100,0,2024-08-27T03:32:09.000Z
"8/26/2024, 11:37:09 PM",3.666,86.4,100,0,2024-08-27T03:37:09.000Z
"8/26/2024, 11:42:09 PM",3.666,86.2,100,0,2024-08-27T03:42:09.000Z
"8/26/2024, 11:47:09 PM",3.666,86.2,100,0,2024-08-27T03:47:09.000Z
"8/26/2024, 11:52:09 PM",3.667,86.2,100,0,2024-08-27T03:52:09.000Z
"8/26/2024, 11:57:09 PM",3.666,86.2,100,0,2024-08-27T03:57:09.000Z
"8/27/2024, 12:02:09 AM",3.666,86,100,0,2024-08-27T04:02:09.000Z
"8/27/2024, 12:07:09 AM",3.666,86,100,0,2024-08-27T04:07:09.000Z
"8/27/2024, 12:12:09 AM",3.666,86,100,0,2024-08-27T04:12:09.000Z
"8/27/2024, 12:17:09 AM",3.666,85.8,100,0,2024-08-27T04:17:09.000Z
"8/27/2024, 12:22:09 AM",3.666,85.8,100,0,2024-08-27T04:22:09.000Z
"8/27/2024, 12:27:09 AM",3.666,85.8,100,0,2024-08-27T04:27:09.000Z
"8/27/2024, 12:32:09 AM",3.666,85.6,100,0,2024-08-27T04:32:09.000Z
"8/27/2024, 12:37:09 AM",3.666,85.6,100,0,2024-08-27T04:37:09.000Z
"8/27/2024, 12:42:09 AM",3.666,85.6,100,0,2024-08-27T04:42:09.000Z
"8/27/2024, 12:47:09 AM",3.666,85.6,100,0,2024-08-27T04:47:09.000Z
"8/27/2024, 12:52:09 AM",3.666,85.6,100,0,2024-08-27T04:52:09.000Z
"8/27/2024, 12:57:09 AM",3.667,85.6,100,0,2024-08-27T04:57:09.000Z
"8/27/2024, 1:02:09 AM",3.666,85.5,100,0,2024-08-27T05:02:09.000Z
"8/27/2024, 1:07:09 AM",3.666,85.5,100,0,2024-08-27T05:07:09.000Z
"8/27/2024, 1:12:09 AM",3.666,85.5,100,0,2024-08-27T05:12:09.000Z
"8/27/2024, 1:17:09 AM",3.666,85.3,100,0,2024-08-27T05:17:09.000Z
"8/27/2024, 1:22:09 AM",3.666,85.3,100,0,2024-08-27T05:22:09.000Z
"8/27/2024, 1:27:09 AM",3.666,85.3,100,0,2024-08-27T05:27:09.000Z
"8/27/2024, 1:32:09 AM",3.666,85.3,100,0,2024-08-27T05:32:09.000Z
"8/27/2024, 1:37:09 AM",3.666,85.1,100,0,2024-08-27T05:37:09.000Z
"8/27/2024, 1:42:09 AM",3.666,85.1,100,0,2024-08-27T05:42:09.000Z
"8/27/2024, 1:47:09 AM",3.666,85.1,100,0,2024-08-27T05:47:09.000Z
"8/27/2024, 1:52:09 AM",3.666,84.9,100,0,2024-08-27T05:52:09.000Z
"8/27/2024, 1:57:09 AM",3.666,84.9,100,0,2024-08-27T05:57:09.000Z
"8/27/2024, 2:02:09 AM",3.666,84.9,100,0,2024-08-27T06:02:09.000Z
"8/27/2024, 2:07:09 AM",3.666,84.7,100,0,2024-08-27T06:07:09.000Z
"8/27/2024, 2:12:09 AM",3.666,84.6,100,0,2024-08-27T06:12:09.000Z
"8/27/2024, 2:17:09 AM",3.666,84.6,100,0,2024-08-27T06:17:09.000Z
"8/27/2024, 2:22:09 AM",3.666,84.6,100,0,2024-08-27T06:22:09.000Z
"8/27/2024, 2:27:09 AM",3.667,84.4,100,0,2024-08-27T06:27:09.000Z
"8/27/2024, 2:32:09 AM",3.666,84.4,100,0,2024-08-27T06:32:09.000Z
"8/27/2024, 2:37:09 AM",3.666,84.4,100,0,2024-08-27T06:37:09.000Z
"8/27/2024, 2:42:09 AM",3.666,84.2,100,0,2024-08-27T06:42:09.000Z
"8/27/2024, 2:47:09 AM",3.666,84.2,100,0,2024-08-27T06:47:09.000Z
"8/27/2024, 2:52:09 AM",3.667,84.2,100,0,2024-08-27T06:52:09.000Z
"8/27/2024, 2:57:09 AM",3.666,84.2,100,0,2024-08-27T06:57:09.000Z
"8/27/2024, 3:02:09 AM",3.666,84,100,0,2024-08-27T07:02:09.000Z
"8/27/2024, 3:07:09 AM",3.666,84,100,0,2024-08-27T07:07:09.000Z
"8/27/2024, 3:12:09 AM",3.666,84,100,0,2024-08-27T07:12:09.000Z
"8/27/2024, 3:17:09 AM",3.666,84,100,0,2024-08-27T07:17:09.000Z
"8/27/2024, 3:22:09 AM",3.666,84,100,0,2024-08-27T07:22:09.000Z
"8/27/2024, 3:27:09 AM",3.666,84,100,0,2024-08-27T07:27:09.000Z
"8/27/2024, 3:32:09 AM",3.666,83.8,100,0,2024-08-27T07:32:09.000Z
"8/27/2024, 3:37:09 AM",3.666,83.8,100,0,2024-08-27T07:37:09.000Z
"8/27/2024, 3:42:09 AM",3.666,83.7,100,0,2024-08-27T07:42:09.000Z
"8/27/2024, 3:47:09 AM",3.666,83.7,100,0,2024-08-27T07:47:09.000Z
"8/27/2024, 3:52:09 AM",3.667,83.5,100,0,2024-08-27T07:52:09.000Z
"8/27/2024, 3:57:09 AM",3.666,83.5,100,0,2024-08-27T07:57:09.000Z
"8/27/2024, 4:02:09 AM",3.667,83.5,100,0,2024-08-27T08:02:09.000Z
"8/27/2024, 4:07:09 AM",3.666,83.5,100,0,2024-08-27T08:07:09.000Z
"8/27/2024, 4:12:09 AM",3.667,83.3,100,0,2024-08-27T08:12:09.000Z
"8/27/2024, 4:17:09 AM",3.666,83.3,100,0,2024-08-27T08:17:09.000Z
"8/27/2024, 4:22:09 AM",3.666,83.3,100,0,2024-08-27T08:22:09.000Z
"8/27/2024, 4:27:09 AM",3.667,83.1,100,0,2024-08-27T08:27:09.000Z
"8/27/2024, 4:32:09 AM",3.666,83.1,100,0,2024-08-27T08:32:09.000Z
"8/27/2024, 4:37:09 AM",3.667,83.1,100,0,2024-08-27T08:37:09.000Z
"8/27/2024, 4:42:09 AM",3.666,83.1,100,0,2024-08-27T08:42:09.000Z
"8/27/2024, 4:47:09 AM",3.666,83.1,100,0,2024-08-27T08:47:09.000Z
"8/27/2024, 4:52:09 AM",3.666,82.9,100,0,2024-08-27T08:52:09.000Z
"8/27/2024, 4:57:09 AM",3.666,82.9,100,0,2024-08-27T08:57:09.000Z
"8/27/2024, 5:02:09 AM",3.666,82.9,100,0,2024-08-27T09:02:09.000Z
"8/27/2024, 5:07:09 AM",3.666,82.9,100,0,2024-08-27T09:07:09.000Z
"8/27/2024, 5:12:09 AM",3.667,82.9,100,0,2024-08-27T09:12:09.000Z
"8/27/2024, 5:17:09 AM",3.666,82.8,100,0,2024-08-27T09:17:09.000Z
"8/27/2024, 5:22:09 AM",3.667,82.8,100,0,2024-08-27T09:22:09.000Z
"8/27/2024, 5:27:09 AM",3.667,82.6,100,0,2024-08-27T09:27:09.000Z
"8/27/2024, 5:32:09 AM",3.666,82.6,100,0,2024-08-27T09:32:09.000Z
"8/27/2024, 5:37:09 AM",3.666,82.6,100,0,2024-08-27T09:37:09.000Z
"8/27/2024, 5:42:09 AM",3.666,82.4,100,0,2024-08-27T09:42:09.000Z
"8/27/2024, 5:47:09 AM",3.666,82.4,100,0,2024-08-27T09:47:09.000Z
"8/27/2024, 5:52:09 AM",3.667,82.4,100,0,2024-08-27T09:52:09.000Z
"8/27/2024, 5:57:09 AM",3.667,82.2,100,0,2024-08-27T09:57:09.000Z
"8/27/2024, 6:02:09 AM",3.667,82.2,100,0,2024-08-27T10:02:09.000Z
"8/27/2024, 6:07:09 AM",3.666,82.2,100,0,2024-08-27T10:07:09.000Z
"8/27/2024, 6:12:09 AM",3.667,82.2,100,0,2024-08-27T10:12:09.000Z
"8/27/2024, 6:17:09 AM",3.666,82.2,100,0,2024-08-27T10:17:09.000Z
"8/27/2024, 6:22:09 AM",3.666,82,100,0,2024-08-27T10:22:09.000Z
"8/27/2024, 6:27:09 AM",3.666,82,100,0,2024-08-27T10:27:09.000Z
"8/27/2024, 6:32:09 AM",3.666,82,100,0,2024-08-27T10:32:09.000Z
"8/27/2024, 6:37:09 AM",3.667,82,100,0,2024-08-27T10:37:09.000Z
"8/27/2024, 6:42:09 AM",3.667,82,100,0,2024-08-27T10:42:09.000Z
"8/27/2024, 6:47:09 AM",3.666,82,100,0,2024-08-27T10:47:09.000Z
"8/27/2024, 6:52:09 AM",3.666,81.9,100,0,2024-08-27T10:52:09.000Z
"8/27/2024, 6:57:09 AM",3.666,81.9,100,0,2024-08-27T10:57:09.000Z
"8/27/2024, 7:02:09 AM",3.667,82,100,0,2024-08-27T11:02:09.000Z
"8/27/2024, 7:07:09 AM",3.666,82,100,0,2024-08-27T11:07:09.000Z
"8/27/2024, 7:12:09 AM",3.667,82,100,0,2024-08-27T11:12:09.000Z
"8/27/2024, 7:17:09 AM",3.667,82,100,0,2024-08-27T11:17:09.000Z
"8/27/2024, 7:22:09 AM",3.666,82.2,100,0,2024-08-27T11:22:09.000Z
"8/27/2024, 7:27:09 AM",3.666,82.2,100,0,2024-08-27T11:27:09.000Z
"8/27/2024, 7:32:09 AM",3.667,82.2,100,0,2024-08-27T11:32:09.000Z
"8/27/2024, 7:37:09 AM",3.666,82.2,100,0,2024-08-27T11:37:09.000Z
"8/27/2024, 7:42:09 AM",3.666,82.4,100,0,2024-08-27T11:42:09.000Z
"8/27/2024, 7:47:09 AM",3.666,82.6,100,0,2024-08-27T11:47:09.000Z
"8/27/2024, 7:52:09 AM",3.666,82.6,100,0,2024-08-27T11:52:09.000Z
"8/27/2024, 7:57:09 AM",3.666,82.8,100,0,2024-08-27T11:57:09.000Z
"8/27/2024, 8:02:09 AM",3.666,82.9,100,0,2024-08-27T12:02:09.000Z
"8/27/2024, 8:07:09 AM",3.666,83.3,100,0,2024-08-27T12:07:09.000Z
"8/27/2024, 8:12:09 AM",3.667,83.7,100,0,2024-08-27T12:12:09.000Z
"8/27/2024, 8:17:09 AM",3.666,84,100,0,2024-08-27T12:17:09.000Z
"8/27/2024, 8:22:09 AM",3.666,84.2,100,0,2024-08-27T12:22:09.000Z
"8/27/2024, 8:27:09 AM",3.666,84.6,100,0,2024-08-27T12:27:09.000Z
"8/27/2024, 8:32:09 AM",3.666,84.9,100,0,2024-08-27T12:32:09.000Z
"8/27/2024, 8:37:09 AM",3.666,85.3,100,0,2024-08-27T12:37:09.000Z
"8/27/2024, 8:42:09 AM",3.666,85.3,100,0,2024-08-27T12:42:09.000Z
"8/27/2024, 8:47:09 AM",3.666,85.5,100,0,2024-08-27T12:47:09.000Z
"8/27/2024, 8:52:09 AM",3.666,85.6,100,0,2024-08-27T12:52:09.000Z
"8/27/2024, 8:57:09 AM",3.666,86,100,0,2024-08-27T12:57:09.000Z
"8/27/2024, 9:02:09 AM",3.666,86.4,100,0,2024-08-27T13:02:09.000Z
"8/27/2024, 9:07:09 AM",3.666,86.7,100,0,2024-08-27T13:07:09.000Z
"8/27/2024, 9:12:09 AM",3.666,87.1,100,0,2024-08-27T13:12:09.000Z
"8/27/2024, 9:17:09 AM",3.666,87.6,100,0,2024-08-27T13:17:09.000Z
"8/27/2024, 9:22:09 AM",3.666,88.2,100,0,2024-08-27T13:22:09.000Z
"8/27/2024, 9:27:09 AM",3.666,88.9,100,0,2024-08-27T13:27:09.000Z
"8/27/2024, 9:32:09 AM",3.665,88.9,100,0,2024-08-27T13:32:09.000Z
"8/27/2024, 9:37:09 AM",3.665,89.2,100,0,2024-08-27T13:37:09.000Z
"8/27/2024, 9:42:09 AM",3.665,89.4,100,0,2024-08-27T13:42:09.000Z
"8/27/2024, 9:47:09 AM",3.665,89.8,100,0,2024-08-27T13:47:09.000Z
"8/27/2024, 9:52:09 AM",3.665,90.1,100,0,2024-08-27T13:52:09.000Z
"8/27/2024, 9:57:09 AM",3.665,90.7,100,0,2024-08-27T13:57:09.000Z
"8/27/2024, 10:02:09 AM",3.665,91,100,0,2024-08-27T14:02:09.000Z
"8/27/2024, 10:07:09 AM",3.665,91.4,100,0,2024-08-27T14:07:09.000Z
"8/27/2024, 10:12:09 AM",3.665,91.9,100,0,2024-08-27T14:12:09.000Z
"8/27/2024, 10:17:09 AM",3.664,92.3,100,0,2024-08-27T14:17:09.000Z
"8/27/2024, 10:22:09 AM",3.664,92.7,100,0,2024-08-27T14:22:09.000Z
"8/27/2024, 10:27:09 AM",3.664,93,100,0,2024-08-27T14:27:09.000Z
"8/27/2024, 10:32:09 AM",3.664,93.4,100,0,2024-08-27T14:32:09.000Z
"8/27/2024, 10:37:09 AM",3.664,93.6,100,0,2024-08-27T14:37:09.000Z
"8/27/2024, 10:42:09 AM",3.665,93.7,100,0,2024-08-27T14:42:09.000Z
"8/27/2024, 10:47:09 AM",3.664,93.9,100,0,2024-08-27T14:47:09.000Z
"8/27/2024, 10:52:09 AM",3.664,94.1,100,0,2024-08-27T14:52:09.000Z
"8/27/2024, 10:57:09 AM",3.664,94.5,100,0,2024-08-27T14:57:09.000Z
"8/27/2024, 11:02:09 AM",3.664,94.6,100,0,2024-08-27T15:02:09.000Z
"8/27/2024, 11:07:09 AM",3.664,94.8,100,0,2024-08-27T15:07:09.000Z
"8/27/2024, 11:12:09 AM",3.664,95.2,100,0,2024-08-27T15:12:09.000Z
"8/27/2024, 11:17:09 AM",3.664,95.5,100,0,2024-08-27T15:17:09.000Z
"8/27/2024, 11:22:09 AM",3.664,95.7,100,0,2024-08-27T15:22:09.000Z
"8/27/2024, 11:27:09 AM",3.664,96.1,100,0,2024-08-27T15:27:09.000Z
"8/27/2024, 11:32:09 AM",3.664,96.4,100,0,2024-08-27T15:32:09.000Z
"8/27/2024, 11:37:09 AM",3.664,96.6,100,0,2024-08-27T15:37:09.000Z
"8/27/2024, 11:42:09 AM",3.664,96.8,100,0,2024-08-27T15:42:09.000Z
"8/27/2024, 11:47:09 AM",3.664,97,100,0,2024-08-27T15:47:09.000Z
"8/27/2024, 11:52:09 AM",3.664,97.2,100,0,2024-08-27T15:52:09.000Z
"8/27/2024, 11:57:09 AM",3.664,97.3,100,0,2024-08-27T15:57:09.000Z
"8/27/2024, 12:02:09 PM",3.664,97.7,100,0,2024-08-27T16:02:09.000Z
"8/27/2024, 12:07:09 PM",3.664,98.1,100,0,2024-08-27T16:07:09.000Z
"8/27/2024, 12:12:09 PM",3.664,98.6,100,0,2024-08-27T16:12:09.000Z
"8/27/2024, 12:17:09 PM",3.663,99,100,0,2024-08-27T16:17:09.000Z
"8/27/2024, 12:22:09 PM",3.663,99.5,100,0,2024-08-27T16:22:09.000Z
"8/27/2024, 12:27:09 PM",3.663,100,100,0,2024-08-27T16:27:09.000Z
"8/27/2024, 12:32:09 PM",3.663,100.6,100,0,2024-08-27T16:32:09.000Z
"8/27/2024, 12:37:09 PM",3.663,101.1,100,0,2024-08-27T16:37:09.000Z
"8/27/2024, 12:42:09 PM",3.663,101.3,100,0,2024-08-27T16:42:09.000Z
"8/27/2024, 12:47:09 PM",3.663,101.7,100,0,2024-08-27T16:47:09.000Z
"8/27/2024, 12:52:09 PM",3.663,102,100,0,2024-08-27T16:52:09.000Z
"8/27/2024, 12:57:09 PM",3.663,102.2,100,0,2024-08-27T16:57:09.000Z
"8/27/2024, 1:02:09 PM",3.662,102.6,100,0,2024-08-27T17:02:09.000Z
"8/27/2024, 1:07:09 PM",3.663,103.1,100,0,2024-08-27T17:07:09.000Z
"8/27/2024, 1:12:09 PM",3.662,103.6,99.1,0,2024-08-27T17:12:09.000Z
"8/27/2024, 1:17:09 PM",3.662,104,97.8,0,2024-08-27T17:17:09.000Z
"8/27/2024, 1:22:09 PM",3.662,104.5,97.1,0,2024-08-27T17:22:09.000Z
"8/27/2024, 1:27:09 PM",3.662,104.9,95.4,0,2024-08-27T17:27:09.000Z
"8/27/2024, 1:32:09 PM",3.662,105.3,94.2,0,2024-08-27T17:32:09.000Z
"8/27/2024, 1:37:09 PM",3.662,105.6,94.6,0,2024-08-27T17:37:09.000Z
"8/27/2024, 1:42:09 PM",3.662,105.8,93.9,0,2024-08-27T17:42:09.000Z
"8/27/2024, 1:47:09 PM",3.662,106,93,0,2024-08-27T17:47:09.000Z
"8/27/2024, 1:52:09 PM",3.662,106.2,91.4,0,2024-08-27T17:52:09.000Z
"8/27/2024, 1:57:09 PM",3.662,106.3,89.7,0,2024-08-27T17:57:09.000Z
"8/27/2024, 2:02:09 PM",3.662,106.5,88.7,0,2024-08-27T18:02:09.000Z
"8/27/2024, 2:07:09 PM",3.661,106.5,88.5,0,2024-08-27T18:07:09.000Z
"8/27/2024, 2:12:09 PM",3.662,106.7,88,0,2024-08-27T18:12:09.000Z
"8/27/2024, 2:17:09 PM",3.662,106.7,87.8,0,2024-08-27T18:17:09.000Z
"8/27/2024, 2:22:09 PM",3.662,106.9,86.8,0,2024-08-27T18:22:09.000Z
"8/27/2024, 2:27:09 PM",3.662,107.1,86.4,0,2024-08-27T18:27:09.000Z
"8/27/2024, 2:32:09 PM",3.662,107.2,86.3,0,2024-08-27T18:32:09.000Z
"8/27/2024, 2:37:09 PM",3.662,107.2,85.4,0,2024-08-27T18:37:09.000Z
"8/27/2024, 2:42:09 PM",3.662,107.1,84.4,0,2024-08-27T18:42:09.000Z
"8/27/2024, 2:47:09 PM",3.661,106.7,83.9,0,2024-08-27T18:47:09.000Z
"8/27/2024, 2:52:09 PM",3.662,106.5,83.7,0,2024-08-27T18:52:09.000Z
"8/27/2024, 2:57:09 PM",3.662,106.3,83.5,0,2024-08-27T18:57:09.000Z
"8/27/2024, 3:02:09 PM",3.662,106.3,83.5,0,2024-08-27T19:02:09.000Z
"8/27/2024, 3:07:09 PM",3.662,106.5,83.9,0,2024-08-27T19:07:09.000Z
"8/27/2024, 3:12:09 PM",3.662,106.9,84.1,0,2024-08-27T19:12:09.000Z
"8/27/2024, 3:17:09 PM",3.662,107.2,84.3,0,2024-08-27T19:17:09.000Z
"8/27/2024, 3:22:09 PM",3.662,107.6,85.4,0,2024-08-27T19:22:09.000Z
"8/27/2024, 3:27:09 PM",3.662,108.1,85,0,2024-08-27T19:27:09.000Z
"8/27/2024, 3:32:09 PM",3.661,108.5,84.4,0,2024-08-27T19:32:09.000Z
"8/27/2024, 3:37:09 PM",3.661,108.9,83.8,0,2024-08-27T19:37:09.000Z
"8/27/2024, 3:42:09 PM",3.661,108.9,82.3,0,2024-08-27T19:42:09.000Z
"8/27/2024, 3:47:09 PM",3.662,108.9,80.3,0,2024-08-27T19:47:09.000Z
"8/27/2024, 3:52:09 PM",3.661,109,79.3,0,2024-08-27T19:52:09.000Z
"8/27/2024, 3:57:09 PM",3.662,109.2,78.5,0,2024-08-27T19:57:09.000Z
"8/27/2024, 4:02:09 PM",3.661,109.4,78.6,0,2024-08-27T20:02:09.000Z
"8/27/2024, 4:07:09 PM",3.662,109.4,78.4,0,2024-08-27T20:07:09.000Z
"8/27/2024, 4:12:09 PM",3.662,109.4,77.4,0,2024-08-27T20:12:09.000Z
"8/27/2024, 4:17:09 PM",3.661,109.6,76.8,0,2024-08-27T20:17:09.000Z
"8/27/2024, 4:22:09 PM",3.661,109.6,76.8,0,2024-08-27T20:22:09.000Z
"8/27/2024, 4:27:09 PM",3.661,109.6,75.8,0,2024-08-27T20:27:09.000Z
"8/27/2024, 4:32:09 PM",3.661,109.6,74.6,0,2024-08-27T20:32:09.000Z
"8/27/2024, 4:37:09 PM",3.661,109.6,74.8,0,2024-08-27T20:37:09.000Z
"8/27/2024, 4:42:09 PM",3.661,109.6,75.3,0,2024-08-27T20:42:09.000Z
"8/27/2024, 4:47:09 PM",3.662,109.6,76,0,2024-08-27T20:47:09.000Z
"8/27/2024, 4:52:09 PM",3.661,109.4,74.4,0,2024-08-27T20:52:09.000Z
"8/27/2024, 4:57:09 PM",3.662,109.4,72.7,0,2024-08-27T20:57:09.000Z
"8/27/2024, 5:02:09 PM",3.662,109.4,71.7,0,2024-08-27T21:02:09.000Z
"8/27/2024, 5:07:09 PM",3.662,109.2,70.8,0,2024-08-27T21:07:09.000Z
"8/27/2024, 5:12:09 PM",3.662,109.2,70.1,0,2024-08-27T21:12:09.000Z
"8/27/2024, 5:17:09 PM",3.661,109,69.8,0,2024-08-27T21:17:09.000Z
"8/27/2024, 5:22:09 PM",3.662,108.9,69.2,0,2024-08-27T21:22:09.000Z
"8/27/2024, 5:27:09 PM",3.662,108.9,68.8,0,2024-08-27T21:27:09.000Z
"8/27/2024, 5:32:09 PM",3.662,108.9,68.4,0,2024-08-27T21:32:09.000Z
"8/27/2024, 5:37:09 PM",3.662,108.5,68.3,0,2024-08-27T21:37:09.000Z
"8/27/2024, 5:42:09 PM",3.662,108.1,68.1,0,2024-08-27T21:42:09.000Z
"8/27/2024, 5:47:09 PM",3.662,108,67.7,0,2024-08-27T21:47:09.000Z
"8/27/2024, 5:52:09 PM",3.662,107.8,67.2,0,2024-08-27T21:52:09.000Z
"8/27/2024, 5:57:09 PM",3.662,107.4,66.9,0,2024-08-27T21:57:09.000Z
"8/27/2024, 6:02:09 PM",3.662,107.2,66.5,0,2024-08-27T22:02:09.000Z
"8/27/2024, 6:07:09 PM",3.663,106.9,66.2,0,2024-08-27T22:07:09.000Z
"8/27/2024, 6:12:09 PM",3.662,106.5,66.2,0,2024-08-27T22:12:09.000Z
"8/27/2024, 6:17:09 PM",3.662,106.2,66.2,0,2024-08-27T22:17:09.000Z
"8/27/2024, 6:22:09 PM",3.663,105.6,66.3,0,2024-08-27T22:22:09.000Z
"8/27/2024, 6:27:09 PM",3.663,105.1,66.5,0,2024-08-27T22:27:09.000Z
"8/27/2024, 6:32:09 PM",3.663,104.4,67,0,2024-08-27T22:32:09.000Z
"8/27/2024, 6:37:09 PM",3.663,103.6,67.5,0,2024-08-27T22:37:09.000Z
"8/27/2024, 6:42:09 PM",3.663,103.1,68.1,0,2024-08-27T22:42:09.000Z
"8/27/2024, 6:47:09 PM",3.663,102.4,68.8,0,2024-08-27T22:47:09.000Z
"8/27/2024, 6:52:09 PM",3.663,101.8,69.7,0,2024-08-27T22:52:09.000Z
"8/27/2024, 6:57:09 PM",3.663,101.3,70.6,0,2024-08-27T22:57:09.000Z
"8/27/2024, 7:02:09 PM",3.663,100.8,71.7,0,2024-08-27T23:02:09.000Z
"8/27/2024, 7:07:09 PM",3.663,100.2,73.2,0,2024-08-27T23:07:09.000Z
"8/27/2024, 7:12:09 PM",3.664,99.7,74.8,0,2024-08-27T23:12:09.000Z
"8/27/2024, 7:17:09 PM",3.664,99,76.2,0,2024-08-27T23:17:09.000Z
"8/27/2024, 7:22:09 PM",3.664,98.6,77.6,0,2024-08-27T23:22:09.000Z
"8/27/2024, 7:27:09 PM",3.664,98.1,78.7,0,2024-08-27T23:27:09.000Z
"8/27/2024, 7:32:09 PM",3.664,97.5,79.9,0,2024-08-27T23:32:09.000Z
"8/27/2024, 7:37:09 PM",3.665,97,80.9,0,2024-08-27T23:37:09.000Z
"8/27/2024, 7:42:09 PM",3.664,96.4,81.8,0,2024-08-27T23:42:09.000Z
"8/27/2024, 7:47:09 PM",3.665,95.9,82.5,0,2024-08-27T23:47:09.000Z
"8/27/2024, 7:52:09 PM",3.665,95.4,83.4,0,2024-08-27T23:52:09.000Z
"8/27/2024, 7:57:09 PM",3.664,94.8,84.2,0,2024-08-27T23:57:09.000Z
"8/27/2024, 8:02:09 PM",3.665,94.3,85.2,0,2024-08-28T00:02:09.000Z
"8/27/2024, 8:07:09 PM",3.665,93.7,86,0,2024-08-28T00:07:09.000Z
"8/27/2024, 8:12:09 PM",3.665,93.2,86.8,0,2024-08-28T00:12:09.000Z
"8/27/2024, 8:17:09 PM",3.666,92.8,87.5,0,2024-08-28T00:17:09.000Z
"8/27/2024, 8:22:09 PM",3.665,92.3,88.3,0,2024-08-28T00:22:09.000Z
"8/27/2024, 8:27:09 PM",3.666,91.8,89,0,2024-08-28T00:27:09.000Z
"8/27/2024, 8:32:09 PM",3.666,91.2,89.5,0,2024-08-28T00:32:09.000Z
"8/27/2024, 8:37:09 PM",3.666,90.9,89.9,0,2024-08-28T00:37:09.000Z
"8/27/2024, 8:42:09 PM",3.666,90.5,90.4,0,2024-08-28T00:42:09.000Z
"8/27/2024, 8:47:09 PM",3.666,90.3,91,0,2024-08-28T00:47:09.000Z
"8/27/2024, 8:52:09 PM",3.666,90,91.6,0,2024-08-28T00:52:09.000Z
"8/27/2024, 8:57:09 PM",3.666,89.6,92.1,0,2024-08-28T00:57:09.000Z
"8/27/2024, 9:02:09 PM",3.666,89.2,92.4,0,2024-08-28T01:02:09.000Z
"8/27/2024, 9:07:09 PM",3.667,88.9,92.7,0,2024-08-28T01:07:09.000Z
"8/27/2024, 9:12:09 PM",3.666,88.9,93.1,0,2024-08-28T01:12:09.000Z
"8/27/2024, 9:17:09 PM",3.666,88.5,93.3,0,2024-08-28T01:17:09.000Z
"8/27/2024, 9:22:09 PM",3.666,88.2,93.5,0,2024-08-28T01:22:09.000Z
"8/27/2024, 9:27:09 PM",3.667,88,93.7,0,2024-08-28T01:27:09.000Z
"8/27/2024, 9:32:09 PM",3.667,87.8,93.9,0,2024-08-28T01:32:09.000Z
"8/27/2024, 9:37:09 PM",3.667,87.6,94.1,0,2024-08-28T01:37:09.000Z
"8/27/2024, 9:42:09 PM",3.667,87.4,94.4,0,2024-08-28T01:42:09.000Z
"8/27/2024, 9:47:09 PM",3.666,87.3,94.7,0,2024-08-28T01:47:09.000Z
"8/27/2024, 9:52:09 PM",3.667,87.1,95.1,0,2024-08-28T01:52:09.000Z
"8/27/2024, 9:57:09 PM",3.667,86.9,95.3,0,2024-08-28T01:57:09.000Z
"8/27/2024, 10:02:09 PM",3.667,86.7,95.4,0,2024-08-28T02:02:09.000Z
"8/27/2024, 10:07:09 PM",3.667,86.5,95.7,0,2024-08-28T02:07:09.000Z
"8/27/2024, 10:12:09 PM",3.667,86.4,96,0,2024-08-28T02:12:09.000Z
"8/27/2024, 10:17:09 PM",3.667,86.2,96.2,0,2024-08-28T02:17:09.000Z
"8/27/2024, 10:22:09 PM",3.666,86.2,96.4,0,2024-08-28T02:22:09.000Z
"8/27/2024, 10:27:09 PM",3.667,86,96.7,0,2024-08-28T02:27:09.000Z
"8/27/2024, 10:32:09 PM",3.667,85.8,96.8,0,2024-08-28T02:32:09.000Z
"8/27/2024, 10:37:09 PM",3.667,85.8,96.8,0,2024-08-28T02:37:09.000Z
"8/27/2024, 10:42:09 PM",3.667,85.6,96.7,0,2024-08-28T02:42:09.000Z
"8/27/2024, 10:47:09 PM",3.667,85.3,96.8,0,2024-08-28T02:47:09.000Z
"8/27/2024, 10:52:09 PM",3.667,85.1,96.8,0,2024-08-28T02:52:09.000Z
"8/27/2024, 10:57:09 PM",3.667,85.1,96.9,0,2024-08-28T02:57:09.000Z
"8/27/2024, 11:02:09 PM",3.667,84.9,97,0,2024-08-28T03:02:09.000Z
"8/27/2024, 11:07:09 PM",3.667,84.9,97,0,2024-08-28T03:07:09.000Z
"8/27/2024, 11:12:09 PM",3.667,84.7,97.2,0,2024-08-28T03:12:09.000Z
"8/27/2024, 11:17:09 PM",3.667,84.7,97.4,0,2024-08-28T03:17:09.000Z
"8/27/2024, 11:22:09 PM",3.667,84.7,97.5,0,2024-08-28T03:22:09.000Z
"8/27/2024, 11:27:09 PM",3.667,84.6,97.7,0,2024-08-28T03:27:09.000Z
"8/27/2024, 11:32:09 PM",3.667,84.6,97.9,0,2024-08-28T03:32:09.000Z
"8/27/2024, 11:37:09 PM",3.667,84.6,98,0,2024-08-28T03:37:09.000Z
"8/27/2024, 11:42:09 PM",3.667,84.4,98.1,0,2024-08-28T03:42:09.000Z
"8/27/2024, 11:47:09 PM",3.667,84.4,98.2,0,2024-08-28T03:47:09.000Z
"8/27/2024, 11:52:09 PM",3.667,84.2,98.3,0,2024-08-28T03:52:09.000Z
"8/27/2024, 11:57:09 PM",3.667,84.2,98.2,0,2024-08-28T03:57:09.000Z
"8/28/2024, 12:02:09 AM",3.667,84,98.3,0,2024-08-28T04:02:09.000Z
"8/28/2024, 12:07:09 AM",3.667,84,98.4,0,2024-08-28T04:07:09.000Z
"8/28/2024, 12:12:09 AM",3.667,84,98.5,0,2024-08-28T04:12:09.000Z
"8/28/2024, 12:17:09 AM",3.667,84,98.7,0,2024-08-28T04:17:09.000Z
"8/28/2024, 12:22:09 AM",3.667,84,98.9,0,2024-08-28T04:22:09.000Z
"8/28/2024, 12:27:09 AM",3.667,84,99,0,2024-08-28T04:27:09.000Z
"8/28/2024, 12:32:09 AM",3.667,84,99.2,0,2024-08-28T04:32:09.000Z
"8/28/2024, 12:37:09 AM",3.667,84.2,99.3,0,2024-08-28T04:37:09.000Z
"8/28/2024, 12:42:09 AM",3.667,84.4,99.7,0,2024-08-28T04:42:09.000Z
"8/28/2024, 12:47:09 AM",3.667,84.7,100,0,2024-08-28T04:47:09.000Z
"8/28/2024, 12:52:09 AM",3.667,85.1,100,0,2024-08-28T04:52:09.000Z
"8/28/2024, 12:57:09 AM",3.667,85.3,100,0,2024-08-28T04:57:09.000Z
"8/28/2024, 1:02:09 AM",3.667,85.5,100,0,2024-08-28T05:02:09.000Z
"8/28/2024, 1:07:09 AM",3.667,85.6,100,0,2024-08-28T05:07:09.000Z
"8/28/2024, 1:12:09 AM",3.667,85.6,100,0,2024-08-28T05:12:09.000Z
"8/28/2024, 1:17:09 AM",3.667,85.8,100,0,2024-08-28T05:17:09.000Z
"8/28/2024, 1:22:09 AM",3.667,86,100,0,2024-08-28T05:22:09.000Z
"8/28/2024, 1:27:09 AM",3.667,86,100,0,2024-08-28T05:27:09.000Z
"8/28/2024, 1:32:09 AM",3.667,86,100,0,2024-08-28T05:32:09.000Z
"8/28/2024, 1:37:09 AM",3.667,86,100,0,2024-08-28T05:37:09.000Z
"8/28/2024, 1:42:09 AM",3.667,86,100,0,2024-08-28T05:42:09.000Z
"8/28/2024, 1:47:09 AM",3.666,86.2,100,0,2024-08-28T05:47:09.000Z
"8/28/2024, 1:52:09 AM",3.667,86.2,100,0,2024-08-28T05:52:09.000Z
"8/28/2024, 1:57:09 AM",3.667,86.2,100,0,2024-08-28T05:57:09.000Z
"8/28/2024, 2:02:09 AM",3.667,86,100,0,2024-08-28T06:02:09.000Z
"8/28/2024, 2:07:09 AM",3.667,86,100,0,2024-08-28T06:07:09.000Z
"8/28/2024, 2:12:09 AM",3.667,86,100,0,2024-08-28T06:12:09.000Z
"8/28/2024, 2:17:09 AM",3.667,85.8,100,0,2024-08-28T06:17:09.000Z
"8/28/2024, 2:22:09 AM",3.667,85.8,100,0,2024-08-28T06:22:09.000Z
"8/28/2024, 2:27:09 AM",3.667,85.8,100,0,2024-08-28T06:27:09.000Z
"8/28/2024, 2:32:09 AM",3.667,85.6,100,0,2024-08-28T06:32:09.000Z
"8/28/2024, 2:37:09 AM",3.667,85.6,100,0,2024-08-28T06:37:09.000Z
"8/28/2024, 2:42:09 AM",3.667,85.6,100,0,2024-08-28T06:42:09.000Z
"8/28/2024, 2:47:09 AM",3.667,85.6,100,0,2024-08-28T06:47:09.000Z
"8/28/2024, 2:52:09 AM",3.667,85.6,100,0,2024-08-28T06:52:09.000Z
"8/28/2024, 2:57:09 AM",3.667,85.6,100,0,2024-08-28T06:57:09.000Z
"8/28/2024, 3:02:09 AM",3.667,85.6,100,0,2024-08-28T07:02:09.000Z
"8/28/2024, 3:07:09 AM",3.667,85.6,100,0,2024-08-28T07:07:09.000Z
"8/28/2024, 3:12:09 AM",3.667,85.6,100,0,2024-08-28T07:12:09.000Z
"8/28/2024, 3:17:09 AM",3.667,85.6,100,0,2024-08-28T07:17:09.000Z
"8/28/2024, 3:22:09 AM",3.667,85.6,100,0,2024-08-28T07:22:09.000Z
"8/28/2024, 3:27:09 AM",3.667,85.6,100,0,2024-08-28T07:27:09.000Z
"8/28/2024, 3:32:09 AM",3.667,85.8,100,0,2024-08-28T07:32:09.000Z
"8/28/2024, 3:37:09 AM",3.667,85.8,100,0,2024-08-28T07:37:09.000Z
"8/28/2024, 3:42:09 AM",3.667,86,100,0,2024-08-28T07:42:09.000Z
"8/28/2024, 3:47:09 AM",3.667,86,100,0,2024-08-28T07:47:09.000Z
"8/28/2024, 3:52:09 AM",3.667,86,100,0,2024-08-28T07:52:09.000Z
"8/28/2024, 3:57:09 AM",3.666,86.2,100,0,2024-08-28T07:57:09.000Z
"8/28/2024, 4:02:09 AM",3.666,86.2,100,0,2024-08-28T08:02:09.000Z
"8/28/2024, 4:07:09 AM",3.666,86.4,100,0,2024-08-28T08:07:09.000Z
"8/28/2024, 4:12:09 AM",3.667,86.4,100,0,2024-08-28T08:12:09.000Z
"8/28/2024, 4:17:09 AM",3.667,86.4,100,0,2024-08-28T08:17:09.000Z
"8/28/2024, 4:22:09 AM",3.666,86.4,100,0,2024-08-28T08:22:09.000Z
"8/28/2024, 4:27:09 AM",3.667,86.4,100,0,2024-08-28T08:27:09.000Z
"8/28/2024, 4:32:09 AM",3.666,86.4,100,0,2024-08-28T08:32:09.000Z
"8/28/2024, 4:37:09 AM",3.667,86.2,100,0,2024-08-28T08:37:09.000Z
"8/28/2024, 4:42:09 AM",3.666,86.2,100,0,2024-08-28T08:42:09.000Z
"8/28/2024, 4:47:09 AM",3.667,86.2,100,0,2024-08-28T08:47:09.000Z
"8/28/2024, 4:52:09 AM",3.667,86,100,0,2024-08-28T08:52:09.000Z
"8/28/2024, 4:57:09 AM",3.667,86,100,0,2024-08-28T08:57:09.000Z
"8/28/2024, 5:02:09 AM",3.666,86,100,0,2024-08-28T09:02:09.000Z
"8/28/2024, 5:07:09 AM",3.667,86,100,0,2024-08-28T09:07:09.000Z
"8/28/2024, 5:12:09 AM",3.666,86,100,0,2024-08-28T09:12:09.000Z
"8/28/2024, 5:17:09 AM",3.666,86,100,0,2024-08-28T09:17:09.000Z
"8/28/2024, 5:22:09 AM",3.667,86,100,0,2024-08-28T09:22:09.000Z
"8/28/2024, 5:27:09 AM",3.667,86.2,100,0,2024-08-28T09:27:09.000Z
"8/28/2024, 5:32:09 AM",3.667,86.2,100,0,2024-08-28T09:32:09.000Z
"8/28/2024, 5:37:09 AM",3.667,86,100,0,2024-08-28T09:37:09.000Z
"8/28/2024, 5:42:09 AM",3.667,86,100,0,2024-08-28T09:42:09.000Z
"8/28/2024, 5:47:09 AM",3.667,86,100,0,2024-08-28T09:47:09.000Z
"8/28/2024, 5:52:09 AM",3.666,86,100,0,2024-08-28T09:52:09.000Z
"8/28/2024, 5:57:09 AM",3.667,86,100,0,2024-08-28T09:57:09.000Z
"8/28/2024, 6:02:09 AM",3.667,85.8,100,0,2024-08-28T10:02:09.000Z
"8/28/2024, 6:07:09 AM",3.666,85.8,100,0,2024-08-28T10:07:09.000Z
"8/28/2024, 6:12:09 AM",3.667,85.8,100,0,2024-08-28T10:12:09.000Z
"8/28/2024, 6:17:09 AM",3.667,85.8,100,0,2024-08-28T10:17:09.000Z
"8/28/2024, 6:22:09 AM",3.667,85.6,100,0,2024-08-28T10:22:09.000Z
"8/28/2024, 6:27:09 AM",3.667,85.6,100,0,2024-08-28T10:27:09.000Z
"8/28/2024, 6:32:09 AM",3.667,85.5,100,0,2024-08-28T10:32:09.000Z
"8/28/2024, 6:37:09 AM",3.667,85.5,100,0,2024-08-28T10:37:09.000Z
"8/28/2024, 6:42:09 AM",3.667,85.3,100,0,2024-08-28T10:42:09.000Z
"8/28/2024, 6:47:09 AM",3.666,85.3,100,0,2024-08-28T10:47:09.000Z
"8/28/2024, 6:52:09 AM",3.667,85.3,100,0,2024-08-28T10:52:09.000Z
"8/28/2024, 6:57:09 AM",3.666,85.1,100,0,2024-08-28T10:57:09.000Z
"8/28/2024, 7:02:09 AM",3.667,85.1,100,0,2024-08-28T11:02:09.000Z
"8/28/2024, 7:07:09 AM",3.667,85.1,100,0,2024-08-28T11:07:09.000Z
"8/28/2024, 7:12:09 AM",3.667,85.1,100,0,2024-08-28T11:12:09.000Z
"8/28/2024, 7:17:09 AM",3.667,85.1,100,0,2024-08-28T11:17:09.000Z
"8/28/2024, 7:22:09 AM",3.667,85.1,100,0,2024-08-28T11:22:09.000Z
"8/28/2024, 7:27:09 AM",3.667,85.1,100,0,2024-08-28T11:27:09.000Z
"8/28/2024, 7:32:09 AM",3.667,85.3,100,0,2024-08-28T11:32:09.000Z
"8/28/2024, 7:37:09 AM",3.667,85.3,100,0,2024-08-28T11:37:09.000Z
"8/28/2024, 7:42:09 AM",3.667,85.5,100,0,2024-08-28T11:42:09.000Z
"8/28/2024, 7:47:09 AM",3.667,85.5,100,0,2024-08-28T11:47:09.000Z
"8/28/2024, 7:52:09 AM",3.667,85.6,100,0,2024-08-28T11:52:09.000Z
"8/28/2024, 7:57:09 AM",3.667,85.8,100,0,2024-08-28T11:57:09.000Z
"8/28/2024, 8:02:09 AM",3.666,86,100,0,2024-08-28T12:02:09.000Z
"8/28/2024, 8:07:09 AM",3.667,86.2,100,0,2024-08-28T12:07:09.000Z
"8/28/2024, 8:12:09 AM",3.666,86.4,100,0,2024-08-28T12:12:09.000Z
"8/28/2024, 8:17:09 AM",3.666,86.7,100,0,2024-08-28T12:17:09.000Z
"8/28/2024, 8:22:09 AM",3.667,87.1,100,0,2024-08-28T12:22:09.000Z
"8/28/2024, 8:27:09 AM",3.666,87.3,100,0,2024-08-28T12:27:09.000Z
"8/28/2024, 8:32:09 AM",3.666,87.6,100,0,2024-08-28T12:32:09.000Z
"8/28/2024, 8:37:09 AM",3.666,87.8,100,0,2024-08-28T12:37:09.000Z
"8/28/2024, 8:42:09 AM",3.666,88,100,0,2024-08-28T12:42:09.000Z
"8/28/2024, 8:47:09 AM",3.667,88.2,100,0,2024-08-28T12:47:09.000Z
"8/28/2024, 8:52:09 AM",3.666,88.5,100,0,2024-08-28T12:52:09.000Z
"8/28/2024, 8:57:09 AM",3.666,88.9,100,0,2024-08-28T12:57:09.000Z
"8/28/2024, 9:02:09 AM",3.666,88.9,100,0,2024-08-28T13:02:09.000Z
"8/28/2024, 9:07:09 AM",3.666,89.2,100,0,2024-08-28T13:07:09.000Z
"8/28/2024, 9:12:09 AM",3.666,89.6,100,0,2024-08-28T13:12:09.000Z
"8/28/2024, 9:17:09 AM",3.666,90,100,0,2024-08-28T13:17:09.000Z
"8/28/2024, 9:22:09 AM",3.666,90.1,100,0,2024-08-28T13:22:09.000Z
"8/28/2024, 9:27:09 AM",3.666,90.3,100,0,2024-08-28T13:27:09.000Z
"8/28/2024, 9:32:09 AM",3.666,90.7,100,0,2024-08-28T13:32:09.000Z
"8/28/2024, 9:37:09 AM",3.666,91,100,0,2024-08-28T13:37:09.000Z
"8/28/2024, 9:42:09 AM",3.666,91.4,100,0,2024-08-28T13:42:09.000Z
"8/28/2024, 9:47:09 AM",3.666,91.6,100,0,2024-08-28T13:47:09.000Z
"8/28/2024, 9:52:09 AM",3.666,91.9,100,0,2024-08-28T13:52:09.000Z
"8/28/2024, 9:57:09 AM",3.665,92.3,100,0,2024-08-28T13:57:09.000Z
"8/28/2024, 10:02:09 AM",3.666,92.7,100,0,2024-08-28T14:02:09.000Z
"8/28/2024, 10:07:09 AM",3.665,93,100,0,2024-08-28T14:07:09.000Z
"8/28/2024, 10:12:09 AM",3.665,93.4,100,0,2024-08-28T14:12:09.000Z
"8/28/2024, 10:17:09 AM",3.665,93.7,100,0,2024-08-28T14:17:09.000Z
"8/28/2024, 10:22:09 AM",3.665,93.9,100,0,2024-08-28T14:22:09.000Z
"8/28/2024, 10:27:09 AM",3.665,94.3,100,0,2024-08-28T14:27:09.000Z
"8/28/2024, 10:32:09 AM",3.665,94.5,100,0,2024-08-28T14:32:09.000Z
"8/28/2024, 10:37:09 AM",3.665,94.8,100,0,2024-08-28T14:37:09.000Z
"8/28/2024, 10:42:09 AM",3.665,95.2,100,0,2024-08-28T14:42:09.000Z
"8/28/2024, 10:47:09 AM",3.665,95.5,100,0,2024-08-28T14:47:09.000Z
"8/28/2024, 10:52:09 AM",3.665,95.9,100,0,2024-08-28T14:52:09.000Z
"8/28/2024, 10:57:09 AM",3.665,96.4,100,0,2024-08-28T14:57:09.000Z
"8/28/2024, 11:02:09 AM",3.665,96.8,100,0,2024-08-28T15:02:09.000Z
"8/28/2024, 11:07:09 AM",3.665,97.5,100,0,2024-08-28T15:07:09.000Z
"8/28/2024, 11:12:09 AM",3.664,97.9,100,0,2024-08-28T15:12:09.000Z
"8/28/2024, 11:17:09 AM",3.664,98.6,100,0,2024-08-28T15:17:09.000Z
"8/28/2024, 11:22:09 AM",3.664,99,100,0,2024-08-28T15:22:09.000Z
"8/28/2024, 11:27:09 AM",3.664,99.5,100,0,2024-08-28T15:27:09.000Z
"8/28/2024, 11:32:09 AM",3.664,100,100,0,2024-08-28T15:32:09.000Z
"8/28/2024, 11:37:09 AM",3.664,100.6,100,0,2024-08-28T15:37:09.000Z
"8/28/2024, 11:42:09 AM",3.664,101.1,100,0,2024-08-28T15:42:09.000Z
"8/28/2024, 11:47:09 AM",3.664,101.7,100,0,2024-08-28T15:47:09.000Z
"8/28/2024, 11:52:09 AM",3.664,102.2,100,0,2024-08-28T15:52:09.000Z
"8/28/2024, 11:57:09 AM",3.664,102.7,100,0,2024-08-28T15:57:09.000Z
"8/28/2024, 12:02:09 PM",3.664,103.5,100,0,2024-08-28T16:02:09.000Z
"8/28/2024, 12:07:09 PM",3.663,103.8,100,0,2024-08-28T16:07:09.000Z
"8/28/2024, 12:12:09 PM",3.663,104.4,100,0,2024-08-28T16:12:09.000Z
"8/28/2024, 12:17:09 PM",3.663,104.9,100,0,2024-08-28T16:17:09.000Z
"8/28/2024, 12:22:09 PM",3.663,105.4,100,0,2024-08-28T16:22:09.000Z
"8/28/2024, 12:27:09 PM",3.663,105.8,100,0,2024-08-28T16:27:09.000Z
"8/28/2024, 12:32:09 PM",3.663,106.3,100,0,2024-08-28T16:32:09.000Z
"8/28/2024, 12:37:09 PM",3.662,106.7,100,0,2024-08-28T16:37:09.000Z
"8/28/2024, 12:42:09 PM",3.662,107.1,100,0,2024-08-28T16:42:09.000Z
"8/28/2024, 12:47:09 PM",3.662,107.6,100,0,2024-08-28T16:47:09.000Z
"8/28/2024, 12:52:09 PM",3.662,107.8,100,0,2024-08-28T16:52:09.000Z
"8/28/2024, 12:57:09 PM",3.662,108.1,100,0,2024-08-28T16:57:09.000Z
"8/28/2024, 1:02:09 PM",3.662,108.5,100,0,2024-08-28T17:02:09.000Z
"8/28/2024, 1:07:09 PM",3.662,108.9,99.4,0,2024-08-28T17:07:09.000Z
"8/28/2024, 1:12:09 PM",3.662,108.9,97.4,0,2024-08-28T17:12:09.000Z
"8/28/2024, 1:17:09 PM",3.662,109,96.7,0,2024-08-28T17:17:09.000Z
"8/28/2024, 1:22:09 PM",3.662,109.4,96.1,0,2024-08-28T17:22:09.000Z
"8/28/2024, 1:27:09 PM",3.661,109.6,95.9,0,2024-08-28T17:27:09.000Z
"8/28/2024, 1:32:09 PM",3.662,109.9,95.6,0,2024-08-28T17:32:09.000Z
"8/28/2024, 1:37:09 PM",3.662,110.3,95.3,0,2024-08-28T17:37:09.000Z
"8/28/2024, 1:42:09 PM",3.662,110.5,94.9,0,2024-08-28T17:42:09.000Z
"8/28/2024, 1:47:09 PM",3.661,110.8,94.4,0,2024-08-28T17:47:09.000Z
"8/28/2024, 1:52:09 PM",3.661,111.2,92.3,0,2024-08-28T17:52:09.000Z
"8/28/2024, 1:57:09 PM",3.662,111.4,90.4,0,2024-08-28T17:57:09.000Z
"8/28/2024, 2:02:09 PM",3.661,111.6,89.1,0,2024-08-28T18:02:09.000Z
"8/28/2024, 2:07:09 PM",3.661,111.7,86.8,0,2024-08-28T18:07:09.000Z
"8/28/2024, 2:12:09 PM",3.661,111.7,85.7,0,2024-08-28T18:12:09.000Z
"8/28/2024, 2:17:09 PM",3.661,112.1,84.9,0,2024-08-28T18:17:09.000Z
"8/28/2024, 2:22:09 PM",3.661,112.1,83.8,0,2024-08-28T18:22:09.000Z
"8/28/2024, 2:27:09 PM",3.661,112.3,82.7,0,2024-08-28T18:27:09.000Z
"8/28/2024, 2:32:09 PM",3.661,112.5,81.6,0,2024-08-28T18:32:09.000Z
"8/28/2024, 2:37:09 PM",3.661,112.8,80.6,0,2024-08-28T18:37:09.000Z
"8/28/2024, 2:42:09 PM",3.661,113,80.6,0,2024-08-28T18:42:09.000Z
"8/28/2024, 2:47:09 PM",3.661,113,82.2,0,2024-08-28T18:47:09.000Z
"8/28/2024, 2:52:09 PM",3.661,112.8,83.2,0,2024-08-28T18:52:09.000Z
"8/28/2024, 2:57:09 PM",3.661,112.5,82.3,0,2024-08-28T18:57:09.000Z
"8/28/2024, 3:02:09 PM",3.661,112.5,83.2,0,2024-08-28T19:02:09.000Z
"8/28/2024, 3:07:09 PM",3.661,112.3,82.2,0,2024-08-28T19:07:09.000Z
"8/28/2024, 3:12:09 PM",3.661,111.9,80.5,0,2024-08-28T19:12:09.000Z
"8/28/2024, 3:17:09 PM",3.662,111.6,79.1,0,2024-08-28T19:17:09.000Z
"8/28/2024, 3:22:09 PM",3.662,111.4,78.3,0,2024-08-28T19:22:09.000Z
"8/28/2024, 3:27:09 PM",3.662,111.2,77.4,0,2024-08-28T19:27:09.000Z
"8/28/2024, 3:32:09 PM",3.662,111.4,77.2,0,2024-08-28T19:32:09.000Z
"8/28/2024, 3:37:09 PM",3.662,111.6,77,0,2024-08-28T19:37:09.000Z
"8/28/2024, 3:42:09 PM",3.662,111.6,76.4,0,2024-08-28T19:42:09.000Z
"8/28/2024, 3:47:09 PM",3.662,111.7,75.7,0,2024-08-28T19:47:09.000Z
"8/28/2024, 3:52:09 PM",3.662,112.1,74.4,0,2024-08-28T19:52:09.000Z
"8/28/2024, 3:57:09 PM",3.662,112.3,73.2,0,2024-08-28T19:57:09.000Z
"8/28/2024, 4:02:09 PM",3.662,112.5,72.4,0,2024-08-28T20:02:09.000Z
"8/28/2024, 4:07:09 PM",3.662,112.6,72.5,0,2024-08-28T20:07:09.000Z
"8/28/2024, 4:12:09 PM",3.662,112.8,72.5,0,2024-08-28T20:12:09.000Z
"8/28/2024, 4:17:09 PM",3.662,112.8,74.2,0,2024-08-28T20:17:09.000Z
"8/28/2024, 4:22:09 PM",3.662,112.8,73.1,0,2024-08-28T20:22:09.000Z
"8/28/2024, 4:27:09 PM",3.662,112.8,73.1,0,2024-08-28T20:27:09.000Z
"8/28/2024, 4:32:09 PM",3.661,113,74.6,0,2024-08-28T20:32:09.000Z
"8/28/2024, 4:37:09 PM",3.662,112.8,74.4,0,2024-08-28T20:37:09.000Z
"8/28/2024, 4:42:09 PM",3.662,112.5,73.8,0,2024-08-28T20:42:09.000Z
"8/28/2024, 4:47:09 PM",3.662,111.9,72.5,0,2024-08-28T20:47:09.000Z
"8/28/2024, 4:52:09 PM",3.662,111.4,71.6,0,2024-08-28T20:52:09.000Z
"8/28/2024, 4:57:09 PM",3.662,111,72.8,0,2024-08-28T20:57:09.000Z
"8/28/2024, 5:02:09 PM",3.662,110.7,74.1,0,2024-08-28T21:02:09.000Z
"8/28/2024, 5:07:09 PM",3.662,110.5,76.6,0,2024-08-28T21:07:09.000Z
"8/28/2024, 5:12:09 PM",3.662,110.7,75.4,0,2024-08-28T21:12:09.000Z
"8/28/2024, 5:17:09 PM",3.662,110.7,75,0,2024-08-28T21:17:09.000Z
"8/28/2024, 5:22:09 PM",3.662,110.5,77.2,0,2024-08-28T21:22:09.000Z
"8/28/2024, 5:27:09 PM",3.662,110.3,79.1,0,2024-08-28T21:27:09.000Z
"8/28/2024, 5:32:09 PM",3.662,109.8,79.7,0,2024-08-28T21:32:09.000Z
"8/28/2024, 5:37:09 PM",3.662,109.4,79.8,0,2024-08-28T21:37:09.000Z
"8/28/2024, 5:42:09 PM",3.662,108.9,79.6,0,2024-08-28T21:42:09.000Z
"8/28/2024, 5:47:09 PM",3.662,107.8,79.6,0,2024-08-28T21:47:09.000Z
"8/28/2024, 5:52:09 PM",3.662,106.7,79.8,0,2024-08-28T21:52:09.000Z
"8/28/2024, 5:57:09 PM",3.663,105.8,79.6,0,2024-08-28T21:57:09.000Z
"8/28/2024, 6:02:09 PM",3.663,104.7,79.7,0,2024-08-28T22:02:09.000Z
"8/28/2024, 6:07:09 PM",3.663,103.8,79.9,0,2024-08-28T22:07:09.000Z
"8/28/2024, 6:12:09 PM",3.663,102.9,80.2,0,2024-08-28T22:12:09.000Z
"8/28/2024, 6:17:09 PM",3.664,102.2,80.8,0,2024-08-28T22:17:09.000Z
"8/28/2024, 6:22:09 PM",3.664,101.7,81.5,0,2024-08-28T22:22:09.000Z
"8/28/2024, 6:27:09 PM",3.664,101.1,82.3,0,2024-08-28T22:27:09.000Z
"8/28/2024, 6:32:09 PM",3.664,100.8,82.9,0,2024-08-28T22:32:09.000Z
"8/28/2024, 6:37:09 PM",3.665,100.4,83.3,0,2024-08-28T22:37:09.000Z
"8/28/2024, 6:42:09 PM",3.665,100,83.9,0,2024-08-28T22:42:09.000Z
"8/28/2024, 6:47:09 PM",3.664,99.9,83.8,0,2024-08-28T22:47:09.000Z
"8/28/2024, 6:52:09 PM",3.665,99.7,83.6,0,2024-08-28T22:52:09.000Z
"8/28/2024, 6:57:09 PM",3.665,99.3,83.2,0,2024-08-28T22:57:09.000Z
"8/28/2024, 7:02:09 PM",3.665,99,83,0,2024-08-28T23:02:09.000Z
"8/28/2024, 7:07:09 PM",3.665,99,82.9,0,2024-08-28T23:07:09.000Z
"8/28/2024, 7:12:09 PM",3.665,99,83.1,0,2024-08-28T23:12:09.000Z
"8/28/2024, 7:17:09 PM",3.665,98.8,83.3,0,2024-08-28T23:17:09.000Z
"8/28/2024, 7:22:09 PM",3.665,98.4,83,0,2024-08-28T23:22:09.000Z
"8/28/2024, 7:27:09 PM",3.665,98.2,83.2,0,2024-08-28T23:27:09.000Z
"8/28/2024, 7:32:09 PM",3.665,97.9,83.7,0,2024-08-28T23:32:09.000Z
"8/28/2024, 7:37:09 PM",3.665,97.5,84.3,0,2024-08-28T23:37:09.000Z
"8/28/2024, 7:42:09 PM",3.665,97.2,84.9,0,2024-08-28T23:42:09.000Z
"8/28/2024, 7:47:09 PM",3.666,96.8,85.2,0,2024-08-28T23:47:09.000Z
"8/28/2024, 7:52:09 PM",3.666,96.3,85.4,0,2024-08-28T23:52:09.000Z
"8/28/2024, 7:57:09 PM",3.666,95.7,85.3,0,2024-08-28T23:57:09.000Z
"8/28/2024, 8:02:09 PM",3.666,95.4,85.5,0,2024-08-29T00:02:09.000Z
"8/28/2024, 8:07:09 PM",3.666,94.8,86.3,0,2024-08-29T00:07:09.000Z
"8/28/2024, 8:12:09 PM",3.666,94.3,86.7,0,2024-08-29T00:12:09.000Z
"8/28/2024, 8:17:09 PM",3.666,93.7,86.9,0,2024-08-29T00:17:09.000Z
"8/28/2024, 8:22:09 PM",3.666,93.2,87.5,0,2024-08-29T00:22:09.000Z
"8/28/2024, 8:27:09 PM",3.666,92.8,87.9,0,2024-08-29T00:27:09.000Z
"8/28/2024, 8:32:09 PM",3.667,92.3,88.4,0,2024-08-29T00:32:09.000Z
"8/28/2024, 8:37:09 PM",3.667,91.9,88.8,0,2024-08-29T00:37:09.000Z
"8/28/2024, 8:42:09 PM",3.666,91.6,89.2,0,2024-08-29T00:42:09.000Z
"8/28/2024, 8:47:09 PM",3.667,91.2,89.3,0,2024-08-29T00:47:09.000Z
"8/28/2024, 8:52:09 PM",3.667,90.9,89.4,0,2024-08-29T00:52:09.000Z
"8/28/2024, 8:57:09 PM",3.667,90.5,89.6,0,2024-08-29T00:57:09.000Z
"8/28/2024, 9:02:09 PM",3.666,90.3,89.9,0,2024-08-29T01:02:09.000Z
"8/28/2024, 9:07:09 PM",3.667,90,90.2,0,2024-08-29T01:07:09.000Z
"8/28/2024, 9:12:09 PM",3.667,89.6,90.7,0,2024-08-29T01:12:09.000Z
"8/28/2024, 9:17:09 PM",3.667,89.4,91.1,0,2024-08-29T01:17:09.000Z
"8/28/2024, 9:22:09 PM",3.667,89.2,91.7,0,2024-08-29T01:22:09.000Z
"8/28/2024, 9:27:09 PM",3.667,88.9,92.1,0,2024-08-29T01:27:09.000Z
"8/28/2024, 9:32:09 PM",3.667,88.9,92.5,0,2024-08-29T01:32:09.000Z
"8/28/2024, 9:37:09 PM",3.667,88.9,93,0,2024-08-29T01:37:09.000Z
"8/28/2024, 9:42:09 PM",3.667,88.5,93.3,0,2024-08-29T01:42:09.000Z
"8/28/2024, 9:47:09 PM",3.667,88.3,93.6,0,2024-08-29T01:47:09.000Z
"8/28/2024, 9:52:09 PM",3.668,88.2,94,0,2024-08-29T01:52:09.000Z
"8/28/2024, 9:57:09 PM",3.667,88,94.3,0,2024-08-29T01:57:09.000Z
"8/28/2024, 10:02:09 PM",3.668,88,94.6,0,2024-08-29T02:02:09.000Z
"8/28/2024, 10:07:09 PM",3.667,87.8,94.9,0,2024-08-29T02:07:09.000Z
"8/28/2024, 10:12:09 PM",3.667,87.6,95.2,0,2024-08-29T02:12:09.000Z
"8/28/2024, 10:17:09 PM",3.667,87.6,95.4,0,2024-08-29T02:17:09.000Z
"8/28/2024, 10:22:09 PM",3.668,87.4,95.7,0,2024-08-29T02:22:09.000Z
"8/28/2024, 10:27:09 PM",3.668,87.3,95.9,0,2024-08-29T02:27:09.000Z
"8/28/2024, 10:32:09 PM",3.667,87.3,96.1,0,2024-08-29T02:32:09.000Z
"8/28/2024, 10:37:09 PM",3.668,87.1,96.3,0,2024-08-29T02:37:09.000Z
"8/28/2024, 10:42:09 PM",3.667,87.1,96.5,0,2024-08-29T02:42:09.000Z
"8/28/2024, 10:47:09 PM",3.668,87.1,96.8,0,2024-08-29T02:47:09.000Z
"8/28/2024, 10:52:09 PM",3.668,87.1,97.1,0,2024-08-29T02:52:09.000Z
"8/28/2024, 10:57:09 PM",3.668,87.1,97.4,0,2024-08-29T02:57:09.000Z
"8/28/2024, 11:02:09 PM",3.667,87.1,97.7,0,2024-08-29T03:02:09.000Z
"8/28/2024, 11:07:09 PM",3.668,87.1,97.9,0,2024-08-29T03:07:09.000Z
"8/28/2024, 11:12:09 PM",3.668,87.1,98.1,0,2024-08-29T03:12:09.000Z
"8/28/2024, 11:17:09 PM",3.667,87.1,98.3,0,2024-08-29T03:17:09.000Z
"8/28/2024, 11:22:09 PM",3.667,87.1,98.5,0,2024-08-29T03:22:09.000Z
"8/28/2024, 11:27:09 PM",3.668,87.1,98.7,0,2024-08-29T03:27:09.000Z
"8/28/2024, 11:32:09 PM",3.667,87.1,98.9,0,2024-08-29T03:32:09.000Z
"8/28/2024, 11:37:09 PM",3.667,87.3,99.2,0,2024-08-29T03:37:09.000Z
"8/28/2024, 11:42:09 PM",3.667,87.4,99.6,0,2024-08-29T03:42:09.000Z
"8/28/2024, 11:47:09 PM",3.668,87.6,100,0,2024-08-29T03:47:09.000Z
"8/28/2024, 11:52:09 PM",3.667,88,100,0,2024-08-29T03:52:09.000Z
"8/28/2024, 11:57:09 PM",3.668,88,100,0,2024-08-29T03:57:09.000Z
"8/29/2024, 12:02:09 AM",3.668,88.2,100,0,2024-08-29T04:02:09.000Z
"8/29/2024, 12:07:09 AM",3.667,88.3,100,0,2024-08-29T04:07:09.000Z
"8/29/2024, 12:12:09 AM",3.668,88.3,100,0,2024-08-29T04:12:09.000Z
"8/29/2024, 12:17:09 AM",3.667,88.5,100,0,2024-08-29T04:17:09.000Z
"8/29/2024, 12:22:09 AM",3.667,88.5,100,0,2024-08-29T04:22:09.000Z
"8/29/2024, 12:27:09 AM",3.667,88.5,100,0,2024-08-29T04:27:09.000Z
"8/29/2024, 12:32:09 AM",3.667,88.5,100,0,2024-08-29T04:32:09.000Z
"8/29/2024, 12:37:09 AM",3.668,88.5,100,0,2024-08-29T04:37:09.000Z
"8/29/2024, 12:42:09 AM",3.667,88.3,100,0,2024-08-29T04:42:09.000Z
"8/29/2024, 12:47:09 AM",3.667,88.2,100,0,2024-08-29T04:47:09.000Z
"8/29/2024, 12:52:09 AM",3.667,88.2,100,0,2024-08-29T04:52:09.000Z
"8/29/2024, 12:57:09 AM",3.667,88.2,100,0,2024-08-29T04:57:09.000Z
"8/29/2024, 1:02:09 AM",3.667,88.2,100,0,2024-08-29T05:02:09.000Z
"8/29/2024, 1:07:09 AM",3.667,88.2,100,0,2024-08-29T05:07:09.000Z
"8/29/2024, 1:12:09 AM",3.667,88.2,100,0,2024-08-29T05:12:09.000Z
"8/29/2024, 1:17:09 AM",3.667,88,100,0,2024-08-29T05:17:09.000Z
"8/29/2024, 1:22:09 AM",3.667,88,100,0,2024-08-29T05:22:09.000Z
"8/29/2024, 1:27:09 AM",3.667,88,100,0,2024-08-29T05:27:09.000Z
"8/29/2024, 1:32:09 AM",3.667,87.8,100,0,2024-08-29T05:32:09.000Z
"8/29/2024, 1:37:09 AM",3.667,87.8,100,0,2024-08-29T05:37:09.000Z
"8/29/2024, 1:42:09 AM",3.667,87.8,100,0,2024-08-29T05:42:09.000Z
"8/29/2024, 1:47:09 AM",3.667,87.6,100,0,2024-08-29T05:47:09.000Z
"8/29/2024, 1:52:09 AM",3.668,87.6,100,0,2024-08-29T05:52:09.000Z
"8/29/2024, 1:57:09 AM",3.667,87.4,100,0,2024-08-29T05:57:09.000Z
"8/29/2024, 2:02:09 AM",3.667,87.4,100,0,2024-08-29T06:02:09.000Z
"8/29/2024, 2:07:09 AM",3.667,87.4,100,0,2024-08-29T06:07:09.000Z
"8/29/2024, 2:12:09 AM",3.667,87.3,100,0,2024-08-29T06:12:09.000Z
"8/29/2024, 2:17:09 AM",3.668,87.3,100,0,2024-08-29T06:17:09.000Z
"8/29/2024, 2:22:09 AM",3.667,87.1,100,0,2024-08-29T06:22:09.000Z
"8/29/2024, 2:27:09 AM",3.667,87.1,100,0,2024-08-29T06:27:09.000Z
"8/29/2024, 2:32:09 AM",3.667,86.9,100,0,2024-08-29T06:32:09.000Z
"8/29/2024, 2:37:09 AM",3.668,86.9,100,0,2024-08-29T06:37:09.000Z
"8/29/2024, 2:42:09 AM",3.667,86.7,100,0,2024-08-29T06:42:09.000Z
"8/29/2024, 2:47:09 AM",3.668,86.5,100,0,2024-08-29T06:47:09.000Z
"8/29/2024, 2:52:09 AM",3.667,86.5,100,0,2024-08-29T06:52:09.000Z
"8/29/2024, 2:57:09 AM",3.667,86.4,100,0,2024-08-29T06:57:09.000Z
"8/29/2024, 3:02:09 AM",3.667,86.4,100,0,2024-08-29T07:02:09.000Z
"8/29/2024, 3:07:09 AM",3.667,86.4,100,0,2024-08-29T07:07:09.000Z
"8/29/2024, 3:12:09 AM",3.667,86.4,100,0,2024-08-29T07:12:09.000Z
"8/29/2024, 3:17:09 AM",3.667,86.2,100,0,2024-08-29T07:17:09.000Z
"8/29/2024, 3:22:09 AM",3.667,86.2,100,0,2024-08-29T07:22:09.000Z
"8/29/2024, 3:27:09 AM",3.667,86,100,0,2024-08-29T07:27:09.000Z
"8/29/2024, 3:32:09 AM",3.667,86,100,0,2024-08-29T07:32:09.000Z
"8/29/2024, 3:37:09 AM",3.668,85.8,100,0,2024-08-29T07:37:09.000Z
"8/29/2024, 3:42:09 AM",3.668,85.8,100,0,2024-08-29T07:42:09.000Z
"8/29/2024, 3:47:09 AM",3.668,85.8,100,0,2024-08-29T07:47:09.000Z
"8/29/2024, 3:52:09 AM",3.668,85.8,100,0,2024-08-29T07:52:09.000Z
"8/29/2024, 3:57:09 AM",3.667,85.8,100,0,2024-08-29T07:57:09.000Z
"8/29/2024, 4:02:09 AM",3.668,85.8,100,0,2024-08-29T08:02:09.000Z
"8/29/2024, 4:07:09 AM",3.668,85.8,100,0,2024-08-29T08:07:09.000Z
"8/29/2024, 4:12:09 AM",3.667,85.8,100,0,2024-08-29T08:12:09.000Z
"8/29/2024, 4:17:09 AM",3.667,86,100,0,2024-08-29T08:17:09.000Z
"8/29/2024, 4:22:09 AM",3.667,86,100,0,2024-08-29T08:22:09.000Z
"8/29/2024, 4:27:09 AM",3.668,86,100,0,2024-08-29T08:27:09.000Z
"8/29/2024, 4:32:09 AM",3.667,86,100,0,2024-08-29T08:32:09.000Z
"8/29/2024, 4:37:09 AM",3.668,86,100,0,2024-08-29T08:37:09.000Z
"8/29/2024, 4:42:09 AM",3.667,86,100,0,2024-08-29T08:42:09.000Z
"8/29/2024, 4:47:09 AM",3.668,85.8,100,0,2024-08-29T08:47:09.000Z
"8/29/2024, 4:52:09 AM",3.667,85.8,100,0,2024-08-29T08:52:09.000Z
"8/29/2024, 4:57:09 AM",3.667,85.8,100,0,2024-08-29T08:57:09.000Z
"8/29/2024, 5:02:09 AM",3.668,85.8,100,0,2024-08-29T09:02:09.000Z
"8/29/2024, 5:07:09 AM",3.667,85.8,100,0,2024-08-29T09:07:09.000Z
"8/29/2024, 5:12:09 AM",3.668,85.8,100,0,2024-08-29T09:12:09.000Z
"8/29/2024, 5:17:09 AM",3.668,85.8,100,0,2024-08-29T09:17:09.000Z
"8/29/2024, 5:22:09 AM",3.668,85.8,100,0,2024-08-29T09:22:09.000Z
"8/29/2024, 5:27:09 AM",3.668,85.8,100,0,2024-08-29T09:27:09.000Z
"8/29/2024, 5:32:09 AM",3.668,85.8,100,0,2024-08-29T09:32:09.000Z
"8/29/2024, 5:37:09 AM",3.668,85.8,100,0,2024-08-29T09:37:09.000Z
"8/29/2024, 5:42:09 AM",3.667,85.8,100,0,2024-08-29T09:42:09.000Z
"8/29/2024, 5:47:09 AM",3.667,86,100,0,2024-08-29T09:47:09.000Z
"8/29/2024, 5:52:09 AM",3.667,86,100,0,2024-08-29T09:52:09.000Z
"8/29/2024, 5:57:09 AM",3.668,86,100,0,2024-08-29T09:57:09.000Z
"8/29/2024, 6:02:09 AM",3.668,86,100,0,2024-08-29T10:02:09.000Z
"8/29/2024, 6:07:09 AM",3.667,86.2,100,0,2024-08-29T10:07:09.000Z
"8/29/2024, 6:12:09 AM",3.667,86.2,100,0,2024-08-29T10:12:09.000Z
"8/29/2024, 6:17:09 AM",3.667,86.2,100,0,2024-08-29T10:17:09.000Z
"8/29/2024, 6:22:09 AM",3.667,86.2,100,0,2024-08-29T10:22:09.000Z
"8/29/2024, 6:27:09 AM",3.667,86.2,100,0,2024-08-29T10:27:09.000Z
"8/29/2024, 6:32:09 AM",3.668,86.2,100,0,2024-08-29T10:32:09.000Z
"8/29/2024, 6:37:09 AM",3.667,86.4,100,0,2024-08-29T10:37:09.000Z
"8/29/2024, 6:42:09 AM",3.667,86.4,100,0,2024-08-29T10:42:09.000Z
"8/29/2024, 6:47:09 AM",3.668,86.4,100,0,2024-08-29T10:47:09.000Z
"8/29/2024, 6:52:09 AM",3.667,86.4,100,0,2024-08-29T10:52:09.000Z
"8/29/2024, 6:57:09 AM",3.667,86.4,100,0,2024-08-29T10:57:09.000Z
"8/29/2024, 7:02:09 AM",3.668,86.4,100,0,2024-08-29T11:02:09.000Z
"8/29/2024, 7:07:09 AM",3.667,86.4,100,0,2024-08-29T11:07:09.000Z
"8/29/2024, 7:12:09 AM",3.667,86.4,100,0,2024-08-29T11:12:09.000Z
"8/29/2024, 7:17:09 AM",3.667,86.4,100,0,2024-08-29T11:17:09.000Z
"8/29/2024, 7:22:09 AM",3.667,86.4,100,0,2024-08-29T11:22:09.000Z
"8/29/2024, 7:27:09 AM",3.667,86.4,100,0,2024-08-29T11:27:09.000Z
"8/29/2024, 7:32:09 AM",3.667,86.5,100,0,2024-08-29T11:32:09.000Z
"8/29/2024, 7:37:09 AM",3.668,86.5,100,0,2024-08-29T11:37:09.000Z
"8/29/2024, 7:42:09 AM",3.668,86.7,100,0,2024-08-29T11:42:09.000Z
"8/29/2024, 7:47:09 AM",3.667,86.9,100,0,2024-08-29T11:47:09.000Z
"8/29/2024, 7:52:09 AM",3.668,86.9,100,0,2024-08-29T11:52:09.000Z
"8/29/2024, 7:57:09 AM",3.667,86.9,100,0,2024-08-29T11:57:09.000Z
"8/29/2024, 8:02:09 AM",3.668,87.1,100,0,2024-08-29T12:02:09.000Z
"8/29/2024, 8:07:09 AM",3.667,87.1,100,0,2024-08-29T12:07:09.000Z
"8/29/2024, 8:12:09 AM",3.667,87.1,100,0,2024-08-29T12:12:09.000Z
"8/29/2024, 8:17:09 AM",3.667,87.1,100,0,2024-08-29T12:17:09.000Z
"8/29/2024, 8:22:09 AM",3.668,87.1,100,0,2024-08-29T12:22:09.000Z
"8/29/2024, 8:27:09 AM",3.667,87.3,100,0,2024-08-29T12:27:09.000Z
"8/29/2024, 8:32:09 AM",3.667,87.1,100,0,2024-08-29T12:32:09.000Z
"8/29/2024, 8:37:09 AM",3.667,87.1,100,0,2024-08-29T12:37:09.000Z
"8/29/2024, 8:42:09 AM",3.668,87.1,100,0,2024-08-29T12:42:09.000Z
"8/29/2024, 8:47:09 AM",3.667,87.3,100,0,2024-08-29T12:47:09.000Z
"8/29/2024, 8:52:09 AM",3.667,87.3,100,0,2024-08-29T12:52:09.000Z
"8/29/2024, 8:57:09 AM",3.667,87.3,100,0,2024-08-29T12:57:09.000Z
"8/29/2024, 9:02:09 AM",3.667,87.4,100,0,2024-08-29T13:02:09.000Z
"8/29/2024, 9:07:09 AM",3.667,87.4,100,0,2024-08-29T13:07:09.000Z
"8/29/2024, 9:12:09 AM",3.667,87.6,100,0,2024-08-29T13:12:09.000Z
"8/29/2024, 9:17:09 AM",3.667,87.8,100,0,2024-08-29T13:17:09.000Z
"8/29/2024, 9:22:09 AM",3.667,88,100,0,2024-08-29T13:22:09.000Z
"8/29/2024, 9:27:09 AM",3.667,88.2,100,0,2024-08-29T13:27:09.000Z
"8/29/2024, 9:32:09 AM",3.667,88.3,100,0,2024-08-29T13:32:09.000Z
"8/29/2024, 9:37:09 AM",3.667,88.7,100,0,2024-08-29T13:37:09.000Z
"8/29/2024, 9:42:09 AM",3.667,88.9,100,0,2024-08-29T13:42:09.000Z
"8/29/2024, 9:47:09 AM",3.667,89.4,100,0,2024-08-29T13:47:09.000Z
"8/29/2024, 9:52:09 AM",3.667,90,100,0,2024-08-29T13:52:09.000Z
"8/29/2024, 9:57:09 AM",3.667,90.5,100,0,2024-08-29T13:57:09.000Z
"8/29/2024, 10:02:09 AM",3.667,91.2,100,0,2024-08-29T14:02:09.000Z
"8/29/2024, 10:07:09 AM",3.666,91.8,100,0,2024-08-29T14:07:09.000Z
"8/29/2024, 10:12:09 AM",3.667,92.5,100,0,2024-08-29T14:12:09.000Z
"8/29/2024, 10:17:09 AM",3.666,92.8,100,0,2024-08-29T14:17:09.000Z
"8/29/2024, 10:22:09 AM",3.666,93.6,100,0,2024-08-29T14:22:09.000Z
"8/29/2024, 10:27:09 AM",3.666,93.9,100,0,2024-08-29T14:27:09.000Z
"8/29/2024, 10:32:09 AM",3.666,94.6,100,0,2024-08-29T14:32:09.000Z
"8/29/2024, 10:37:09 AM",3.666,95.2,100,0,2024-08-29T14:37:09.000Z
"8/29/2024, 10:42:09 AM",3.666,95.7,100,0,2024-08-29T14:42:09.000Z
"8/29/2024, 10:47:09 AM",3.666,96.3,100,0,2024-08-29T14:47:09.000Z
"8/29/2024, 10:52:09 AM",3.666,96.8,100,0,2024-08-29T14:52:09.000Z
"8/29/2024, 10:57:09 AM",3.666,97.3,100,0,2024-08-29T14:57:09.000Z
"8/29/2024, 11:02:09 AM",3.666,97.9,100,0,2024-08-29T15:02:09.000Z
"8/29/2024, 11:07:09 AM",3.665,98.2,100,0,2024-08-29T15:07:09.000Z
"8/29/2024, 11:12:09 AM",3.665,99,100,0,2024-08-29T15:12:09.000Z
"8/29/2024, 11:17:09 AM",3.665,99.1,100,0,2024-08-29T15:17:09.000Z
"8/29/2024, 11:22:09 AM",3.665,99.5,100,0,2024-08-29T15:22:09.000Z
"8/29/2024, 11:27:09 AM",3.665,99.9,100,0,2024-08-29T15:27:09.000Z
"8/29/2024, 11:32:09 AM",3.665,100.4,100,0,2024-08-29T15:32:09.000Z
"8/29/2024, 11:37:09 AM",3.665,100.8,100,0,2024-08-29T15:37:09.000Z
"8/29/2024, 11:42:09 AM",3.665,101.3,100,0,2024-08-29T15:42:09.000Z
"8/29/2024, 11:47:09 AM",3.665,101.7,100,0,2024-08-29T15:47:09.000Z
"8/29/2024, 11:52:09 AM",3.664,102,100,0,2024-08-29T15:52:09.000Z
"8/29/2024, 11:57:09 AM",3.664,102.4,100,0,2024-08-29T15:57:09.000Z
"8/29/2024, 12:02:09 PM",3.664,102.9,100,0,2024-08-29T16:02:09.000Z
"8/29/2024, 12:07:09 PM",3.664,103.5,100,0,2024-08-29T16:07:09.000Z
"8/29/2024, 12:12:09 PM",3.664,103.8,100,0,2024-08-29T16:12:09.000Z
"8/29/2024, 12:17:09 PM",3.663,104.5,100,0,2024-08-29T16:17:09.000Z
"8/29/2024, 12:22:09 PM",3.664,104.9,99.8,0,2024-08-29T16:22:09.000Z
"8/29/2024, 12:27:09 PM",3.663,105.4,98.7,0,2024-08-29T16:27:09.000Z
"8/29/2024, 12:32:09 PM",3.663,106,97.6,0,2024-08-29T16:32:09.000Z
"8/29/2024, 12:37:09 PM",3.663,106.7,96.6,0,2024-08-29T16:37:09.000Z
"8/29/2024, 12:42:09 PM",3.663,107.2,95.8,0,2024-08-29T16:42:09.000Z
"8/29/2024, 12:47:09 PM",3.663,107.8,94.9,0,2024-08-29T16:47:09.000Z
"8/29/2024, 12:52:09 PM",3.663,108,93.8,0,2024-08-29T16:52:09.000Z
"8/29/2024, 12:57:09 PM",3.663,108.1,93.1,0,2024-08-29T16:57:09.000Z
"8/29/2024, 1:02:09 PM",3.663,108.5,92.7,0,2024-08-29T17:02:09.000Z
"8/29/2024, 1:07:09 PM",3.663,108.9,92.4,0,2024-08-29T17:07:09.000Z
"8/29/2024, 1:12:09 PM",3.663,109.4,91.9,0,2024-08-29T17:12:09.000Z
"8/29/2024, 1:17:09 PM",3.662,109.9,90.4,0,2024-08-29T17:17:09.000Z
"8/29/2024, 1:22:09 PM",3.663,110.7,89.4,0,2024-08-29T17:22:09.000Z
"8/29/2024, 1:27:09 PM",3.662,111.2,87.9,0,2024-08-29T17:27:09.000Z
"8/29/2024, 1:32:09 PM",3.662,111.7,86,0,2024-08-29T17:32:09.000Z
"8/29/2024, 1:37:09 PM",3.662,112.3,84.8,0,2024-08-29T17:37:09.000Z
"8/29/2024, 1:42:09 PM",3.662,112.6,83.3,0,2024-08-29T17:42:09.000Z
"8/29/2024, 1:47:09 PM",3.662,113.2,82,0,2024-08-29T17:47:09.000Z
"8/29/2024, 1:52:09 PM",3.662,113.5,80.8,0,2024-08-29T17:52:09.000Z
"8/29/2024, 1:57:09 PM",3.662,113.9,79.7,0,2024-08-29T17:57:09.000Z
"8/29/2024, 2:02:09 PM",3.662,114.3,80.6,0,2024-08-29T18:02:09.000Z
"8/29/2024, 2:07:09 PM",3.662,113.7,81.1,0,2024-08-29T18:07:09.000Z
"8/29/2024, 2:12:09 PM",3.661,112.8,81.8,0,2024-08-29T18:12:09.000Z
"8/29/2024, 2:17:09 PM",3.662,111.6,82.3,0,2024-08-29T18:17:09.000Z
"8/29/2024, 2:22:09 PM",3.662,111,83.2,0,2024-08-29T18:22:09.000Z
"8/29/2024, 2:27:09 PM",3.662,110.8,84,0,2024-08-29T18:27:09.000Z
"8/29/2024, 2:32:09 PM",3.662,110.8,84.9,0,2024-08-29T18:32:09.000Z
"8/29/2024, 2:37:09 PM",3.663,111.2,85.2,0,2024-08-29T18:37:09.000Z
"8/29/2024, 2:42:09 PM",3.662,111.4,85.3,0,2024-08-29T18:42:09.000Z
"8/29/2024, 2:47:09 PM",3.662,111.9,85.4,0,2024-08-29T18:47:09.000Z
"8/29/2024, 2:52:09 PM",3.662,112.3,85.4,0,2024-08-29T18:52:09.000Z
"8/29/2024, 2:57:09 PM",3.662,112.8,85.3,0,2024-08-29T18:57:09.000Z
"8/29/2024, 3:02:09 PM",3.662,113.2,85,0,2024-08-29T19:02:09.000Z
"8/29/2024, 3:07:09 PM",3.662,113.5,84.9,0,2024-08-29T19:07:09.000Z
"8/29/2024, 3:12:09 PM",3.662,113.9,84.4,0,2024-08-29T19:12:09.000Z
"8/29/2024, 3:17:09 PM",3.661,114.1,83.8,0,2024-08-29T19:17:09.000Z
"8/29/2024, 3:22:09 PM",3.662,114.3,83.2,0,2024-08-29T19:22:09.000Z
"8/29/2024, 3:27:09 PM",3.662,113.5,82.4,0,2024-08-29T19:27:09.000Z
"8/29/2024, 3:32:09 PM",3.662,112.5,81.8,0,2024-08-29T19:32:09.000Z
"8/29/2024, 3:37:09 PM",3.662,111.9,81.5,0,2024-08-29T19:37:09.000Z
"8/29/2024, 3:42:09 PM",3.662,111.6,82.1,0,2024-08-29T19:42:09.000Z
"8/29/2024, 3:47:09 PM",3.662,111,82.3,0,2024-08-29T19:47:09.000Z
"8/29/2024, 3:52:09 PM",3.663,110.7,81.9,0,2024-08-29T19:52:09.000Z
"8/29/2024, 3:57:09 PM",3.662,110.8,81.9,0,2024-08-29T19:57:09.000Z
"8/29/2024, 4:02:09 PM",3.663,111,82.1,0,2024-08-29T20:02:09.000Z
"8/29/2024, 4:07:09 PM",3.663,111.4,83,0,2024-08-29T20:07:09.000Z
"8/29/2024, 4:12:09 PM",3.663,111.7,83.2,0,2024-08-29T20:12:09.000Z
"8/29/2024, 4:17:09 PM",3.663,111.9,82.8,0,2024-08-29T20:17:09.000Z
"8/29/2024, 4:22:09 PM",3.662,111.6,82.8,0,2024-08-29T20:22:09.000Z
"8/29/2024, 4:27:09 PM",3.663,110.8,81.7,0,2024-08-29T20:27:09.000Z
"8/29/2024, 4:32:09 PM",3.663,110.7,81,0,2024-08-29T20:32:09.000Z
"8/29/2024, 4:37:09 PM",3.662,110.7,80.9,0,2024-08-29T20:37:09.000Z
"8/29/2024, 4:42:09 PM",3.662,110.7,81.5,0,2024-08-29T20:42:09.000Z
"8/29/2024, 4:47:09 PM",3.663,110.7,82,0,2024-08-29T20:47:09.000Z
"8/29/2024, 4:52:09 PM",3.663,110.1,82.1,0,2024-08-29T20:52:09.000Z
"8/29/2024, 4:57:09 PM",3.663,109.9,82,0,2024-08-29T20:57:09.000Z
"8/29/2024, 5:02:09 PM",3.663,109.6,82.4,0,2024-08-29T21:02:09.000Z
"8/29/2024, 5:07:09 PM",3.663,109.4,82.3,0,2024-08-29T21:07:09.000Z
"8/29/2024, 5:12:09 PM",3.663,109.2,82.7,0,2024-08-29T21:12:09.000Z
"8/29/2024, 5:17:09 PM",3.663,108.9,83.3,0,2024-08-29T21:17:09.000Z
"8/29/2024, 5:22:09 PM",3.663,108.1,82.8,0,2024-08-29T21:22:09.000Z
"8/29/2024, 5:27:09 PM",3.663,107.8,82.6,0,2024-08-29T21:27:09.000Z
"8/29/2024, 5:32:09 PM",3.663,107.6,83.2,0,2024-08-29T21:32:09.000Z
"8/29/2024, 5:37:09 PM",3.664,107.6,84,0,2024-08-29T21:37:09.000Z
"8/29/2024, 5:42:09 PM",3.664,107.6,84.6,0,2024-08-29T21:42:09.000Z
"8/29/2024, 5:47:09 PM",3.664,107.6,84.9,0,2024-08-29T21:47:09.000Z
"8/29/2024, 5:52:09 PM",3.663,107.8,84.9,0,2024-08-29T21:52:09.000Z
"8/29/2024, 5:57:09 PM",3.664,107.8,84.8,0,2024-08-29T21:57:09.000Z
"8/29/2024, 6:02:09 PM",3.664,107.2,84.6,0,2024-08-29T22:02:09.000Z
"8/29/2024, 6:07:09 PM",3.664,106.7,84.5,0,2024-08-29T22:07:09.000Z
"8/29/2024, 6:12:09 PM",3.663,106.3,84.4,0,2024-08-29T22:12:09.000Z
"8/29/2024, 6:17:09 PM",3.664,106,84.6,0,2024-08-29T22:17:09.000Z
"8/29/2024, 6:22:09 PM",3.664,105.6,84.9,0,2024-08-29T22:22:09.000Z
"8/29/2024, 6:27:09 PM",3.664,105.1,85,0,2024-08-29T22:27:09.000Z
"8/29/2024, 6:32:09 PM",3.664,104.7,85.5,0,2024-08-29T22:32:09.000Z
"8/29/2024, 6:37:09 PM",3.664,104.2,85.8,0,2024-08-29T22:37:09.000Z
"8/29/2024, 6:42:09 PM",3.664,103.6,86.1,0,2024-08-29T22:42:09.000Z
"8/29/2024, 6:47:09 PM",3.664,103.1,86.4,0,2024-08-29T22:47:09.000Z
"8/29/2024, 6:52:09 PM",3.665,102.4,86.7,0,2024-08-29T22:52:09.000Z
"8/29/2024, 6:57:09 PM",3.665,101.8,86.6,0,2024-08-29T22:57:09.000Z
"8/29/2024, 7:02:09 PM",3.665,100.9,86.3,0,2024-08-29T23:02:09.000Z
"8/29/2024, 7:07:09 PM",3.665,100.2,85.6,0,2024-08-29T23:07:09.000Z
"8/29/2024, 7:12:09 PM",3.665,99.5,85.1,0,2024-08-29T23:12:09.000Z
"8/29/2024, 7:17:09 PM",3.665,98.8,85,0,2024-08-29T23:17:09.000Z
"8/29/2024, 7:22:09 PM",3.666,97.9,85.5,0,2024-08-29T23:22:09.000Z
"8/29/2024, 7:27:09 PM",3.666,97.2,86.1,0,2024-08-29T23:27:09.000Z
"8/29/2024, 7:32:09 PM",3.667,96.6,87,0,2024-08-29T23:32:09.000Z
"8/29/2024, 7:37:09 PM",3.666,96.1,87.9,0,2024-08-29T23:37:09.000Z
"8/29/2024, 7:42:09 PM",3.666,95.4,88.6,0,2024-08-29T23:42:09.000Z
"8/29/2024, 7:47:09 PM",3.667,94.8,89.4,0,2024-08-29T23:47:09.000Z
"8/29/2024, 7:52:09 PM",3.666,94.3,90.3,0,2024-08-29T23:52:09.000Z
"8/29/2024, 7:57:09 PM",3.667,93.9,91,0,2024-08-29T23:57:09.000Z
"8/29/2024, 8:02:09 PM",3.667,93.4,91.7,0,2024-08-30T00:02:09.000Z
"8/29/2024, 8:07:09 PM",3.667,92.8,92.2,0,2024-08-30T00:07:09.000Z
"8/29/2024, 8:12:09 PM",3.667,92.5,92.5,0,2024-08-30T00:12:09.000Z
"8/29/2024, 8:17:09 PM",3.667,91.9,92.9,0,2024-08-30T00:17:09.000Z
"8/29/2024, 8:22:09 PM",3.667,91.6,93.3,0,2024-08-30T00:22:09.000Z
"8/29/2024, 8:27:09 PM",3.668,91.2,93.6,0,2024-08-30T00:27:09.000Z
"8/29/2024, 8:32:09 PM",3.667,90.9,93.7,0,2024-08-30T00:32:09.000Z
"8/29/2024, 8:37:09 PM",3.667,90.5,93.6,0,2024-08-30T00:37:09.000Z
"8/29/2024, 8:42:09 PM",3.668,90.1,93.3,0,2024-08-30T00:42:09.000Z
"8/29/2024, 8:47:09 PM",3.668,89.8,93.1,0,2024-08-30T00:47:09.000Z
"8/29/2024, 8:52:09 PM",3.668,89.6,93.2,0,2024-08-30T00:52:09.000Z
"8/29/2024, 8:57:09 PM",3.668,89.2,93.4,0,2024-08-30T00:57:09.000Z
"8/29/2024, 9:02:09 PM",3.668,89.1,93.8,0,2024-08-30T01:02:09.000Z
"8/29/2024, 9:07:09 PM",3.668,88.9,94.4,0,2024-08-30T01:07:09.000Z
"8/29/2024, 9:12:09 PM",3.668,88.9,95.1,0,2024-08-30T01:12:09.000Z
"8/29/2024, 9:17:09 PM",3.668,88.9,95.8,0,2024-08-30T01:17:09.000Z
"8/29/2024, 9:22:09 PM",3.668,88.9,96.6,0,2024-08-30T01:22:09.000Z
"8/29/2024, 9:27:09 PM",3.668,88.9,97.3,0,2024-08-30T01:27:09.000Z
"8/29/2024, 9:32:09 PM",3.668,88.9,98,0,2024-08-30T01:32:09.000Z
"8/29/2024, 9:37:09 PM",3.667,88.9,98.5,0,2024-08-30T01:37:09.000Z
"8/29/2024, 9:42:09 PM",3.668,88.9,99,0,2024-08-30T01:42:09.000Z
"8/29/2024, 9:47:09 PM",3.668,88.9,99.4,0,2024-08-30T01:47:09.000Z
"8/29/2024, 9:52:09 PM",3.668,88.9,99.8,0,2024-08-30T01:52:09.000Z
"8/29/2024, 9:57:09 PM",3.668,88.7,100,0,2024-08-30T01:57:09.000Z
"8/29/2024, 10:02:09 PM",3.668,88.7,100,0,2024-08-30T02:02:09.000Z
"8/29/2024, 10:07:09 PM",3.668,88.5,100,0,2024-08-30T02:07:09.000Z
"8/29/2024, 10:12:09 PM",3.668,88.5,100,0,2024-08-30T02:12:09.000Z
"8/29/2024, 10:17:09 PM",3.668,88.5,100,0,2024-08-30T02:17:09.000Z
"8/29/2024, 10:22:09 PM",3.668,88.3,100,0,2024-08-30T02:22:09.000Z
"8/29/2024, 10:27:09 PM",3.668,88.3,100,0,2024-08-30T02:27:09.000Z
"8/29/2024, 10:32:09 PM",3.668,88.2,100,0,2024-08-30T02:32:09.000Z
"8/29/2024, 10:37:09 PM",3.668,88.2,100,0,2024-08-30T02:37:09.000Z
"8/29/2024, 10:42:09 PM",3.668,88.2,100,0,2024-08-30T02:42:09.000Z
"8/29/2024, 10:47:09 PM",3.668,88.2,100,0,2024-08-30T02:47:09.000Z
"8/29/2024, 10:52:09 PM",3.668,88.2,100,0,2024-08-30T02:52:09.000Z
"8/29/2024, 10:57:09 PM",3.668,88.2,100,0,2024-08-30T02:57:09.000Z
"8/29/2024, 11:02:09 PM",3.668,88.2,100,0,2024-08-30T03:02:09.000Z
"8/29/2024, 11:07:09 PM",3.668,88.3,100,0,2024-08-30T03:07:09.000Z
"8/29/2024, 11:12:09 PM",3.668,88.3,100,0,2024-08-30T03:12:09.000Z
"8/29/2024, 11:17:09 PM",3.668,88.3,100,0,2024-08-30T03:17:09.000Z
"8/29/2024, 11:22:09 PM",3.668,88.5,100,0,2024-08-30T03:22:09.000Z
"8/29/2024, 11:27:09 PM",3.668,88.5,100,0,2024-08-30T03:27:09.000Z
"8/29/2024, 11:32:09 PM",3.668,88.5,100,0,2024-08-30T03:32:09.000Z
"8/29/2024, 11:37:09 PM",3.668,88.7,100,0,2024-08-30T03:37:09.000Z
"8/29/2024, 11:42:09 PM",3.668,88.5,100,0,2024-08-30T03:42:09.000Z
"8/29/2024, 11:47:09 PM",3.668,88.5,100,0,2024-08-30T03:47:09.000Z
"8/29/2024, 11:52:09 PM",3.668,88.5,100,0,2024-08-30T03:52:09.000Z
"8/29/2024, 11:57:09 PM",3.668,88.5,100,0,2024-08-30T03:57:09.000Z
"8/30/2024, 12:02:09 AM",3.668,88.3,100,0,2024-08-30T04:02:09.000Z
"8/30/2024, 12:07:09 AM",3.668,88.3,100,0,2024-08-30T04:07:09.000Z
"8/30/2024, 12:12:09 AM",3.668,88.3,100,0,2024-08-30T04:12:09.000Z
"8/30/2024, 12:17:09 AM",3.668,88.2,100,0,2024-08-30T04:17:09.000Z
"8/30/2024, 12:22:09 AM",3.668,88.2,100,0,2024-08-30T04:22:09.000Z
"8/30/2024, 12:27:09 AM",3.668,88.2,100,0,2024-08-30T04:27:09.000Z
"8/30/2024, 12:32:09 AM",3.668,88,100,0,2024-08-30T04:32:09.000Z
"8/30/2024, 12:37:09 AM",3.668,88,100,0,2024-08-30T04:37:09.000Z
"8/30/2024, 12:42:09 AM",3.668,88,100,0,2024-08-30T04:42:09.000Z
"8/30/2024, 12:47:09 AM",3.668,88,100,0,2024-08-30T04:47:09.000Z
"8/30/2024, 12:52:09 AM",3.668,88,100,0,2024-08-30T04:52:09.000Z
"8/30/2024, 12:57:09 AM",3.668,87.8,100,0,2024-08-30T04:57:09.000Z
"8/30/2024, 1:02:09 AM",3.668,87.8,100,0,2024-08-30T05:02:09.000Z
"8/30/2024, 1:07:09 AM",3.668,87.6,100,0,2024-08-30T05:07:09.000Z
"8/30/2024, 1:12:09 AM",3.668,87.6,100,0,2024-08-30T05:12:09.000Z
"8/30/2024, 1:17:09 AM",3.668,87.6,100,0,2024-08-30T05:17:09.000Z
"8/30/2024, 1:22:09 AM",3.668,87.4,100,0,2024-08-30T05:22:09.000Z
"8/30/2024, 1:27:09 AM",3.669,87.4,100,0,2024-08-30T05:27:09.000Z
"8/30/2024, 1:32:09 AM",3.668,87.3,100,0,2024-08-30T05:32:09.000Z
"8/30/2024, 1:37:09 AM",3.668,87.3,100,0,2024-08-30T05:37:09.000Z
"8/30/2024, 1:42:09 AM",3.668,87.3,100,0,2024-08-30T05:42:09.000Z
"8/30/2024, 1:47:09 AM",3.668,87.3,100,0,2024-08-30T05:47:09.000Z
"8/30/2024, 1:52:09 AM",3.668,87.1,100,0,2024-08-30T05:52:09.000Z
"8/30/2024, 1:57:09 AM",3.668,87.1,100,0,2024-08-30T05:57:09.000Z
"8/30/2024, 2:02:09 AM",3.668,87.1,100,0,2024-08-30T06:02:09.000Z
"8/30/2024, 2:07:09 AM",3.668,87.1,100,0,2024-08-30T06:07:09.000Z
"8/30/2024, 2:12:09 AM",3.668,87.1,100,0,2024-08-30T06:12:09.000Z
"8/30/2024, 2:17:09 AM",3.669,87.1,100,0,2024-08-30T06:17:09.000Z
"8/30/2024, 2:22:09 AM",3.668,87.1,100,0,2024-08-30T06:22:09.000Z
"8/30/2024, 2:27:09 AM",3.668,87.1,100,0,2024-08-30T06:27:09.000Z
"8/30/2024, 2:32:09 AM",3.668,87.1,100,0,2024-08-30T06:32:09.000Z
"8/30/2024, 2:37:09 AM",3.668,87.3,100,0,2024-08-30T06:37:09.000Z
"8/30/2024, 2:42:09 AM",3.668,87.3,100,0,2024-08-30T06:42:09.000Z
"8/30/2024, 2:47:09 AM",3.668,87.3,100,0,2024-08-30T06:47:09.000Z
"8/30/2024, 2:52:09 AM",3.668,87.1,100,0,2024-08-30T06:52:09.000Z
"8/30/2024, 2:57:09 AM",3.668,87.1,100,0,2024-08-30T06:57:09.000Z
"8/30/2024, 3:02:09 AM",3.668,87.1,100,0,2024-08-30T07:02:09.000Z
"8/30/2024, 3:07:09 AM",3.667,86.9,100,0,2024-08-30T07:07:09.000Z
"8/30/2024, 3:12:09 AM",3.668,86.9,100,0,2024-08-30T07:12:09.000Z
"8/30/2024, 3:17:09 AM",3.668,86.9,100,0,2024-08-30T07:17:09.000Z
"8/30/2024, 3:22:09 AM",3.668,86.7,100,0,2024-08-30T07:22:09.000Z
"8/30/2024, 3:27:09 AM",3.668,86.7,100,0,2024-08-30T07:27:09.000Z
"8/30/2024, 3:32:09 AM",3.668,86.5,100,0,2024-08-30T07:32:09.000Z
"8/30/2024, 3:37:09 AM",3.668,86.5,100,0,2024-08-30T07:37:09.000Z
"8/30/2024, 3:42:09 AM",3.668,86.4,100,0,2024-08-30T07:42:09.000Z
"8/30/2024, 3:47:09 AM",3.668,86.4,100,0,2024-08-30T07:47:09.000Z
"8/30/2024, 3:52:09 AM",3.669,86.4,100,0,2024-08-30T07:52:09.000Z
"8/30/2024, 3:57:09 AM",3.668,86.2,100,0,2024-08-30T07:57:09.000Z
"8/30/2024, 4:02:09 AM",3.668,86,100,0,2024-08-30T08:02:09.000Z
"8/30/2024, 4:07:09 AM",3.668,85.8,100,0,2024-08-30T08:07:09.000Z
"8/30/2024, 4:12:09 AM",3.668,85.6,100,0,2024-08-30T08:12:09.000Z
"8/30/2024, 4:17:09 AM",3.668,85.6,100,0,2024-08-30T08:17:09.000Z
"8/30/2024, 4:22:09 AM",3.668,85.5,100,0,2024-08-30T08:22:09.000Z
"8/30/2024, 4:27:09 AM",3.668,85.3,100,0,2024-08-30T08:27:09.000Z
"8/30/2024, 4:32:09 AM",3.668,85.1,100,0,2024-08-30T08:32:09.000Z
"8/30/2024, 4:37:09 AM",3.668,85.1,100,0,2024-08-30T08:37:09.000Z
"8/30/2024, 4:42:09 AM",3.668,84.9,100,0,2024-08-30T08:42:09.000Z
"8/30/2024, 4:47:09 AM",3.668,84.9,100,0,2024-08-30T08:47:09.000Z
"8/30/2024, 4:52:09 AM",3.668,84.9,100,0,2024-08-30T08:52:09.000Z
"8/30/2024, 4:57:09 AM",3.669,84.9,100,0,2024-08-30T08:57:09.000Z
"8/30/2024, 5:02:09 AM",3.669,84.9,100,0,2024-08-30T09:02:09.000Z
"8/30/2024, 5:07:09 AM",3.668,84.7,100,0,2024-08-30T09:07:09.000Z
"8/30/2024, 5:12:09 AM",3.669,84.7,100,0,2024-08-30T09:12:09.000Z
"8/30/2024, 5:17:09 AM",3.668,84.7,100,0,2024-08-30T09:17:09.000Z
"8/30/2024, 5:22:09 AM",3.669,84.7,100,0,2024-08-30T09:22:09.000Z
"8/30/2024, 5:27:09 AM",3.668,84.7,100,0,2024-08-30T09:27:09.000Z
"8/30/2024, 5:32:09 AM",3.668,84.6,100,0,2024-08-30T09:32:09.000Z
"8/30/2024, 5:37:09 AM",3.668,84.6,100,0,2024-08-30T09:37:09.000Z
"8/30/2024, 5:42:09 AM",3.669,84.6,100,0,2024-08-30T09:42:09.000Z
"8/30/2024, 5:47:09 AM",3.668,84.4,100,0,2024-08-30T09:47:09.000Z
"8/30/2024, 5:52:09 AM",3.668,84.4,100,0,2024-08-30T09:52:09.000Z
"8/30/2024, 5:57:09 AM",3.669,84.4,100,0,2024-08-30T09:57:09.000Z
"8/30/2024, 6:02:09 AM",3.669,84.2,100,0,2024-08-30T10:02:09.000Z
"8/30/2024, 6:07:09 AM",3.669,84.2,100,0,2024-08-30T10:07:09.000Z
"8/30/2024, 6:12:09 AM",3.668,84.2,100,0,2024-08-30T10:12:09.000Z
"8/30/2024, 6:17:09 AM",3.668,84.2,100,0,2024-08-30T10:17:09.000Z
"8/30/2024, 6:22:09 AM",3.669,84.2,100,0,2024-08-30T10:22:09.000Z
"8/30/2024, 6:27:09 AM",3.669,84,100,0,2024-08-30T10:27:09.000Z
"8/30/2024, 6:32:09 AM",3.668,84,100,0,2024-08-30T10:32:09.000Z
"8/30/2024, 6:37:09 AM",3.669,84,100,0,2024-08-30T10:37:09.000Z
"8/30/2024, 6:42:09 AM",3.669,84,100,0,2024-08-30T10:42:09.000Z
"8/30/2024, 6:47:09 AM",3.669,84,100,0,2024-08-30T10:47:09.000Z
"8/30/2024, 6:52:09 AM",3.668,84,100,0,2024-08-30T10:52:09.000Z
"8/30/2024, 6:57:09 AM",3.668,84,100,0,2024-08-30T10:57:09.000Z
"8/30/2024, 7:02:09 AM",3.668,84,100,0,2024-08-30T11:02:09.000Z
"8/30/2024, 7:07:09 AM",3.669,83.8,100,0,2024-08-30T11:07:09.000Z
"8/30/2024, 7:12:09 AM",3.669,83.8,100,0,2024-08-30T11:12:09.000Z
"8/30/2024, 7:17:09 AM",3.668,83.8,100,0,2024-08-30T11:17:09.000Z
"8/30/2024, 7:22:09 AM",3.669,83.8,100,0,2024-08-30T11:22:09.000Z
"8/30/2024, 7:27:09 AM",3.669,83.8,100,0,2024-08-30T11:27:09.000Z
"8/30/2024, 7:32:09 AM",3.668,84,100,0,2024-08-30T11:32:09.000Z
"8/30/2024, 7:37:09 AM",3.669,84,100,0,2024-08-30T11:37:09.000Z
"8/30/2024, 7:42:09 AM",3.668,84,100,0,2024-08-30T11:42:09.000Z
"8/30/2024, 7:47:09 AM",3.669,84,100,0,2024-08-30T11:47:09.000Z
"8/30/2024, 7:52:09 AM",3.669,84.2,100,0,2024-08-30T11:52:09.000Z
"8/30/2024, 7:57:09 AM",3.668,84.4,100,0,2024-08-30T11:57:09.000Z
"8/30/2024, 8:02:09 AM",3.668,84.6,100,0,2024-08-30T12:02:09.000Z
"8/30/2024, 8:07:09 AM",3.668,84.7,100,0,2024-08-30T12:07:09.000Z
"8/30/2024, 8:12:09 AM",3.668,85.1,100,0,2024-08-30T12:12:09.000Z
"8/30/2024, 8:17:09 AM",3.668,85.3,100,0,2024-08-30T12:17:09.000Z
"8/30/2024, 8:22:09 AM",3.668,85.5,100,0,2024-08-30T12:22:09.000Z
"8/30/2024, 8:27:09 AM",3.668,85.8,100,0,2024-08-30T12:27:09.000Z
"8/30/2024, 8:32:09 AM",3.668,86.2,100,0,2024-08-30T12:32:09.000Z
"8/30/2024, 8:37:09 AM",3.668,86.4,100,0,2024-08-30T12:37:09.000Z
"8/30/2024, 8:42:09 AM",3.668,86.7,100,0,2024-08-30T12:42:09.000Z
"8/30/2024, 8:47:09 AM",3.668,87.1,100,0,2024-08-30T12:47:09.000Z
"8/30/2024, 8:52:09 AM",3.668,87.4,100,0,2024-08-30T12:52:09.000Z
"8/30/2024, 8:57:09 AM",3.668,87.8,100,0,2024-08-30T12:57:09.000Z
"8/30/2024, 9:02:09 AM",3.668,88.3,100,0,2024-08-30T13:02:09.000Z
"8/30/2024, 9:07:09 AM",3.668,88.9,100,0,2024-08-30T13:07:09.000Z
"8/30/2024, 9:12:09 AM",3.668,88.9,100,0,2024-08-30T13:12:09.000Z
"8/30/2024, 9:17:09 AM",3.668,89.2,100,0,2024-08-30T13:17:09.000Z
"8/30/2024, 9:22:09 AM",3.668,89.6,100,0,2024-08-30T13:22:09.000Z
"8/30/2024, 9:27:09 AM",3.667,90.1,100,0,2024-08-30T13:27:09.000Z
"8/30/2024, 9:32:09 AM",3.668,90.5,100,0,2024-08-30T13:32:09.000Z
"8/30/2024, 9:37:09 AM",3.668,90.9,100,0,2024-08-30T13:37:09.000Z
"8/30/2024, 9:42:09 AM",3.668,91.2,100,0,2024-08-30T13:42:09.000Z
"8/30/2024, 9:47:09 AM",3.667,91.6,100,0,2024-08-30T13:47:09.000Z
"8/30/2024, 9:52:09 AM",3.667,91.9,100,0,2024-08-30T13:52:09.000Z
"8/30/2024, 9:57:09 AM",3.667,92.3,100,0,2024-08-30T13:57:09.000Z
"8/30/2024, 10:02:09 AM",3.667,92.7,100,0,2024-08-30T14:02:09.000Z
"8/30/2024, 10:07:09 AM",3.667,93,100,0,2024-08-30T14:07:09.000Z
"8/30/2024, 10:12:09 AM",3.667,93.4,100,0,2024-08-30T14:12:09.000Z
"8/30/2024, 10:17:09 AM",3.667,93.7,100,0,2024-08-30T14:17:09.000Z
"8/30/2024, 10:22:09 AM",3.667,93.9,100,0,2024-08-30T14:22:09.000Z
"8/30/2024, 10:27:09 AM",3.667,94.3,100,0,2024-08-30T14:27:09.000Z
"8/30/2024, 10:32:09 AM",3.667,94.6,100,0,2024-08-30T14:32:09.000Z
"8/30/2024, 10:37:09 AM",3.667,95,100,0,2024-08-30T14:37:09.000Z
"8/30/2024, 10:42:09 AM",3.667,95.4,100,0,2024-08-30T14:42:09.000Z
"8/30/2024, 10:47:09 AM",3.667,95.7,100,0,2024-08-30T14:47:09.000Z
"8/30/2024, 10:52:09 AM",3.667,96.1,100,0,2024-08-30T14:52:09.000Z
"8/30/2024, 10:57:09 AM",3.666,96.4,100,0,2024-08-30T14:57:09.000Z
"8/30/2024, 11:02:09 AM",3.666,96.8,100,0,2024-08-30T15:02:09.000Z
"8/30/2024, 11:07:09 AM",3.666,97.2,100,0,2024-08-30T15:07:09.000Z
"8/30/2024, 11:12:09 AM",3.666,97.5,100,0,2024-08-30T15:12:09.000Z
"8/30/2024, 11:17:09 AM",3.666,97.9,100,0,2024-08-30T15:17:09.000Z
"8/30/2024, 11:22:09 AM",3.666,98.4,100,0,2024-08-30T15:22:09.000Z
"8/30/2024, 11:27:09 AM",3.666,99,100,0,2024-08-30T15:27:09.000Z
"8/30/2024, 11:32:09 AM",3.665,99.1,100,0,2024-08-30T15:32:09.000Z
"8/30/2024, 11:37:09 AM",3.665,99.7,100,0,2024-08-30T15:37:09.000Z
"8/30/2024, 11:42:09 AM",3.665,100.2,100,0,2024-08-30T15:42:09.000Z
"8/30/2024, 11:47:09 AM",3.665,100.8,99,0,2024-08-30T15:47:09.000Z
"8/30/2024, 11:52:09 AM",3.666,101.1,97.5,0,2024-08-30T15:52:09.000Z
"8/30/2024, 11:57:09 AM",3.665,101.7,95.8,0,2024-08-30T15:57:09.000Z
"8/30/2024, 12:02:09 PM",3.665,102.2,94,0,2024-08-30T16:02:09.000Z
"8/30/2024, 12:07:09 PM",3.665,102.6,92.2,0,2024-08-30T16:07:09.000Z
"8/30/2024, 12:12:09 PM",3.665,103.1,90.5,0,2024-08-30T16:12:09.000Z
"8/30/2024, 12:17:09 PM",3.665,103.6,88.9,0,2024-08-30T16:17:09.000Z
"8/30/2024, 12:22:09 PM",3.664,104.2,87.3,0,2024-08-30T16:22:09.000Z
"8/30/2024, 12:27:09 PM",3.665,104.5,86.1,0,2024-08-30T16:27:09.000Z
"8/30/2024, 12:32:09 PM",3.664,105.1,85.2,0,2024-08-30T16:32:09.000Z
"8/30/2024, 12:37:09 PM",3.664,105.6,84.8,0,2024-08-30T16:37:09.000Z
"8/30/2024, 12:42:09 PM",3.664,106,83.9,0,2024-08-30T16:42:09.000Z
"8/30/2024, 12:47:09 PM",3.664,106.3,82.2,0,2024-08-30T16:47:09.000Z
"8/30/2024, 12:52:09 PM",3.664,106.7,80.8,0,2024-08-30T16:52:09.000Z
"8/30/2024, 12:57:09 PM",3.664,106.9,79.7,0,2024-08-30T16:57:09.000Z
"8/30/2024, 1:02:09 PM",3.664,107.2,78.8,0,2024-08-30T17:02:09.000Z
"8/30/2024, 1:07:09 PM",3.664,107.6,77.8,0,2024-08-30T17:07:09.000Z
"8/30/2024, 1:12:09 PM",3.664,108,77.3,0,2024-08-30T17:12:09.000Z
"8/30/2024, 1:17:09 PM",3.664,108.3,76.6,0,2024-08-30T17:17:09.000Z
"8/30/2024, 1:22:09 PM",3.663,108.7,76.1,0,2024-08-30T17:22:09.000Z
"8/30/2024, 1:27:09 PM",3.663,108.9,75.2,0,2024-08-30T17:27:09.000Z
"8/30/2024, 1:32:09 PM",3.664,108.9,74.6,0,2024-08-30T17:32:09.000Z
"8/30/2024, 1:37:09 PM",3.663,109.2,73.7,0,2024-08-30T17:37:09.000Z
"8/30/2024, 1:42:09 PM",3.663,109.6,72.9,0,2024-08-30T17:42:09.000Z
"8/30/2024, 1:47:09 PM",3.663,109.9,71.7,0,2024-08-30T17:47:09.000Z
"8/30/2024, 1:52:09 PM",3.663,110.3,71.2,0,2024-08-30T17:52:09.000Z
"8/30/2024, 1:57:09 PM",3.663,110.7,71,0,2024-08-30T17:57:09.000Z
"8/30/2024, 2:02:09 PM",3.663,110.7,70.4,0,2024-08-30T18:02:09.000Z
"8/30/2024, 2:07:09 PM",3.663,110.7,70,0,2024-08-30T18:07:09.000Z
"8/30/2024, 2:12:09 PM",3.663,110.5,69.5,0,2024-08-30T18:12:09.000Z
"8/30/2024, 2:17:09 PM",3.663,110.7,68.9,0,2024-08-30T18:17:09.000Z
"8/30/2024, 2:22:09 PM",3.663,110.8,68.3,0,2024-08-30T18:22:09.000Z
"8/30/2024, 2:27:09 PM",3.663,111,67.7,0,2024-08-30T18:27:09.000Z
"8/30/2024, 2:32:09 PM",3.663,110.5,67.4,0,2024-08-30T18:32:09.000Z
"8/30/2024, 2:37:09 PM",3.663,110.3,67.2,0,2024-08-30T18:37:09.000Z
"8/30/2024, 2:42:09 PM",3.664,110.7,66.9,0,2024-08-30T18:42:09.000Z
"8/30/2024, 2:47:09 PM",3.663,111,66.2,0,2024-08-30T18:47:09.000Z
"8/30/2024, 2:52:09 PM",3.663,111.4,65.5,0,2024-08-30T18:52:09.000Z
"8/30/2024, 2:57:09 PM",3.664,111.7,64.8,0,2024-08-30T18:57:09.000Z
"8/30/2024, 3:02:09 PM",3.663,111.6,64.2,0,2024-08-30T19:02:09.000Z
"8/30/2024, 3:07:09 PM",3.663,111.7,63.8,0,2024-08-30T19:07:09.000Z
"8/30/2024, 3:12:09 PM",3.663,111.9,63.1,0,2024-08-30T19:12:09.000Z
"8/30/2024, 3:17:09 PM",3.663,111.6,62.2,0,2024-08-30T19:17:09.000Z
"8/30/2024, 3:22:09 PM",3.663,111,61.8,0,2024-08-30T19:22:09.000Z
"8/30/2024, 3:27:09 PM",3.662,110.3,61.3,0,2024-08-30T19:27:09.000Z
"8/30/2024, 3:32:09 PM",3.663,109.8,61.2,0,2024-08-30T19:32:09.000Z
"8/30/2024, 3:37:09 PM",3.663,108.9,61.1,0,2024-08-30T19:37:09.000Z
"8/30/2024, 3:42:09 PM",3.663,108,61.2,0,2024-08-30T19:42:09.000Z
"8/30/2024, 3:47:09 PM",3.663,107.2,61.4,0,2024-08-30T19:47:09.000Z
"8/30/2024, 3:52:09 PM",3.663,107.2,62.4,0,2024-08-30T19:52:09.000Z
"8/30/2024, 3:57:09 PM",3.663,107.2,65.2,0,2024-08-30T19:57:09.000Z
"8/30/2024, 4:02:09 PM",3.664,107.6,67,0,2024-08-30T20:02:09.000Z
"8/30/2024, 4:07:09 PM",3.664,108,68.2,0,2024-08-30T20:07:09.000Z
"8/30/2024, 4:12:09 PM",3.664,108.5,68.1,0,2024-08-30T20:12:09.000Z
"8/30/2024, 4:17:09 PM",3.664,108.9,66.7,0,2024-08-30T20:17:09.000Z
"8/30/2024, 4:22:09 PM",3.664,109.4,65,0,2024-08-30T20:22:09.000Z
"8/30/2024, 4:27:09 PM",3.663,109.8,63.7,0,2024-08-30T20:27:09.000Z
"8/30/2024, 4:32:09 PM",3.664,110.1,62.7,0,2024-08-30T20:32:09.000Z
"8/30/2024, 4:37:09 PM",3.664,110.3,62.2,0,2024-08-30T20:37:09.000Z
"8/30/2024, 4:42:09 PM",3.664,110.7,62.1,0,2024-08-30T20:42:09.000Z
"8/30/2024, 4:47:09 PM",3.663,110.8,61.9,0,2024-08-30T20:47:09.000Z
"8/30/2024, 4:52:09 PM",3.663,110.8,61.5,0,2024-08-30T20:52:09.000Z
"8/30/2024, 4:57:09 PM",3.663,110.8,61.3,0,2024-08-30T20:57:09.000Z
"8/30/2024, 5:02:09 PM",3.663,111,61.2,0,2024-08-30T21:02:09.000Z
"8/30/2024, 5:07:09 PM",3.663,111,60.6,0,2024-08-30T21:07:09.000Z
"8/30/2024, 5:12:09 PM",3.663,111,60,0,2024-08-30T21:12:09.000Z
"8/30/2024, 5:17:09 PM",3.663,111,59.7,0,2024-08-30T21:17:09.000Z
"8/30/2024, 5:22:09 PM",3.663,110.8,59.4,0,2024-08-30T21:22:09.000Z
"8/30/2024, 5:27:09 PM",3.664,110.8,59.2,0,2024-08-30T21:27:09.000Z
"8/30/2024, 5:32:09 PM",3.663,110.7,59,0,2024-08-30T21:32:09.000Z
"8/30/2024, 5:37:09 PM",3.663,110.5,59.6,0,2024-08-30T21:37:09.000Z
"8/30/2024, 5:42:09 PM",3.664,110.5,60.6,0,2024-08-30T21:42:09.000Z
"8/30/2024, 5:47:09 PM",3.663,110.3,60.5,0,2024-08-30T21:47:09.000Z
"8/30/2024, 5:52:09 PM",3.664,109.8,60.5,0,2024-08-30T21:52:09.000Z
"8/30/2024, 5:57:09 PM",3.664,109,61.1,0,2024-08-30T21:57:09.000Z
"8/30/2024, 6:02:09 PM",3.663,108.9,61.5,0,2024-08-30T22:02:09.000Z
"8/30/2024, 6:07:09 PM",3.664,108.3,61.8,0,2024-08-30T22:07:09.000Z
"8/30/2024, 6:12:09 PM",3.664,108,63.2,0,2024-08-30T22:12:09.000Z
"8/30/2024, 6:17:09 PM",3.664,107.4,65.4,0,2024-08-30T22:17:09.000Z
"8/30/2024, 6:22:09 PM",3.664,106.9,66.8,0,2024-08-30T22:22:09.000Z
"8/30/2024, 6:27:09 PM",3.664,106.5,66.6,0,2024-08-30T22:27:09.000Z
"8/30/2024, 6:32:09 PM",3.664,106.2,67,0,2024-08-30T22:32:09.000Z
"8/30/2024, 6:37:09 PM",3.665,105.6,67.9,0,2024-08-30T22:37:09.000Z
"8/30/2024, 6:42:09 PM",3.665,105.1,67.9,0,2024-08-30T22:42:09.000Z
"8/30/2024, 6:47:09 PM",3.665,104.7,67.5,0,2024-08-30T22:47:09.000Z
"8/30/2024, 6:52:09 PM",3.665,104.2,67.1,0,2024-08-30T22:52:09.000Z
"8/30/2024, 6:57:09 PM",3.665,103.6,67.2,0,2024-08-30T22:57:09.000Z
"8/30/2024, 7:02:09 PM",3.665,102.9,67.4,0,2024-08-30T23:02:09.000Z
"8/30/2024, 7:07:09 PM",3.665,102.2,67.7,0,2024-08-30T23:07:09.000Z
"8/30/2024, 7:12:09 PM",3.666,101.3,67.8,0,2024-08-30T23:12:09.000Z
"8/30/2024, 7:17:09 PM",3.665,100.6,67.9,0,2024-08-30T23:17:09.000Z
"8/30/2024, 7:22:09 PM",3.666,99.9,68.2,0,2024-08-30T23:22:09.000Z
"8/30/2024, 7:27:09 PM",3.666,99,68.5,0,2024-08-30T23:27:09.000Z
"8/30/2024, 7:32:09 PM",3.667,98.6,68.9,0,2024-08-30T23:32:09.000Z
"8/30/2024, 7:37:09 PM",3.666,97.9,69.3,0,2024-08-30T23:37:09.000Z
"8/30/2024, 7:42:09 PM",3.666,97.2,69.7,0,2024-08-30T23:42:09.000Z
"8/30/2024, 7:47:09 PM",3.666,96.4,70.1,0,2024-08-30T23:47:09.000Z
"8/30/2024, 7:52:09 PM",3.667,95.9,70.9,0,2024-08-30T23:52:09.000Z
"8/30/2024, 7:57:09 PM",3.667,95.2,72.1,0,2024-08-30T23:57:09.000Z
"8/30/2024, 8:02:09 PM",3.667,94.6,73.6,0,2024-08-31T00:02:09.000Z
"8/30/2024, 8:07:09 PM",3.667,93.9,75.3,0,2024-08-31T00:07:09.000Z
"8/30/2024, 8:12:09 PM",3.667,93.4,77,0,2024-08-31T00:12:09.000Z
"8/30/2024, 8:17:09 PM",3.667,92.8,78.7,0,2024-08-31T00:17:09.000Z
"8/30/2024, 8:22:09 PM",3.668,92.3,80.3,0,2024-08-31T00:22:09.000Z
"8/30/2024, 8:27:09 PM",3.668,91.9,81.6,0,2024-08-31T00:27:09.000Z
"8/30/2024, 8:32:09 PM",3.668,91.4,82.8,0,2024-08-31T00:32:09.000Z
"8/30/2024, 8:37:09 PM",3.668,91,83.9,0,2024-08-31T00:37:09.000Z
"8/30/2024, 8:42:09 PM",3.668,90.7,85,0,2024-08-31T00:42:09.000Z
"8/30/2024, 8:47:09 PM",3.668,90.3,85.8,0,2024-08-31T00:47:09.000Z
"8/30/2024, 8:52:09 PM",3.668,90,86.7,0,2024-08-31T00:52:09.000Z
"8/30/2024, 8:57:09 PM",3.668,89.6,87.4,0,2024-08-31T00:57:09.000Z
"8/30/2024, 9:02:09 PM",3.668,89.2,88.1,0,2024-08-31T01:02:09.000Z
"8/30/2024, 9:07:09 PM",3.668,89.1,88.6,0,2024-08-31T01:07:09.000Z
"8/30/2024, 9:12:09 PM",3.669,88.9,89.1,0,2024-08-31T01:12:09.000Z
"8/30/2024, 9:17:09 PM",3.669,88.9,89.5,0,2024-08-31T01:17:09.000Z
"8/30/2024, 9:22:09 PM",3.669,88.5,90,0,2024-08-31T01:22:09.000Z
"8/30/2024, 9:27:09 PM",3.669,88.2,90.5,0,2024-08-31T01:27:09.000Z
"8/30/2024, 9:32:09 PM",3.669,88,90.9,0,2024-08-31T01:32:09.000Z
"8/30/2024, 9:37:09 PM",3.668,88,91.2,0,2024-08-31T01:37:09.000Z
"8/30/2024, 9:42:09 PM",3.669,87.6,91.6,0,2024-08-31T01:42:09.000Z
"8/30/2024, 9:47:09 PM",3.669,87.6,92,0,2024-08-31T01:47:09.000Z
"8/30/2024, 9:52:09 PM",3.669,87.4,92.3,0,2024-08-31T01:52:09.000Z
"8/30/2024, 9:57:09 PM",3.668,87.3,92.5,0,2024-08-31T01:57:09.000Z
"8/30/2024, 10:02:09 PM",3.669,87.1,92.9,0,2024-08-31T02:02:09.000Z
"8/30/2024, 10:07:09 PM",3.669,86.9,93.1,0,2024-08-31T02:07:09.000Z
"8/30/2024, 10:12:09 PM",3.669,86.7,93.3,0,2024-08-31T02:12:09.000Z
"8/30/2024, 10:17:09 PM",3.669,86.7,93.5,0,2024-08-31T02:17:09.000Z
"8/30/2024, 10:22:09 PM",3.669,86.5,93.5,0,2024-08-31T02:22:09.000Z
"8/30/2024, 10:27:09 PM",3.668,86.5,93.4,0,2024-08-31T02:27:09.000Z
"8/30/2024, 10:32:09 PM",3.669,86.4,93.3,0,2024-08-31T02:32:09.000Z
"8/30/2024, 10:37:09 PM",3.669,86.4,93.2,0,2024-08-31T02:37:09.000Z
"8/30/2024, 10:42:09 PM",3.669,86.2,93.4,0,2024-08-31T02:42:09.000Z
"8/30/2024, 10:47:09 PM",3.669,86.2,93.7,0,2024-08-31T02:47:09.000Z
"8/30/2024, 10:52:09 PM",3.669,86,93.9,0,2024-08-31T02:52:09.000Z
"8/30/2024, 10:57:09 PM",3.669,86,94.1,0,2024-08-31T02:57:09.000Z
"8/30/2024, 11:02:09 PM",3.669,85.8,94.4,0,2024-08-31T03:02:09.000Z
"8/30/2024, 11:07:09 PM",3.668,85.6,94.5,0,2024-08-31T03:07:09.000Z
"8/30/2024, 11:12:09 PM",3.669,85.6,94.7,0,2024-08-31T03:12:09.000Z
"8/30/2024, 11:17:09 PM",3.669,85.5,94.8,0,2024-08-31T03:17:09.000Z
"8/30/2024, 11:22:09 PM",3.669,85.5,94.9,0,2024-08-31T03:22:09.000Z
"8/30/2024, 11:27:09 PM",3.669,85.3,95,0,2024-08-31T03:27:09.000Z
"8/30/2024, 11:32:09 PM",3.669,85.1,95.2,0,2024-08-31T03:32:09.000Z
"8/30/2024, 11:37:09 PM",3.669,85.1,95.3,0,2024-08-31T03:37:09.000Z
"8/30/2024, 11:42:09 PM",3.669,84.9,95.3,0,2024-08-31T03:42:09.000Z
"8/30/2024, 11:47:09 PM",3.669,84.9,95.3,0,2024-08-31T03:47:09.000Z
"8/30/2024, 11:52:09 PM",3.669,84.7,95.1,0,2024-08-31T03:52:09.000Z
"8/30/2024, 11:57:09 PM",3.669,84.7,95,0,2024-08-31T03:57:09.000Z
"8/31/2024, 12:02:09 AM",3.669,84.6,94.9,0,2024-08-31T04:02:09.000Z
"8/31/2024, 12:07:09 AM",3.67,84.6,94.9,0,2024-08-31T04:07:09.000Z
"8/31/2024, 12:12:09 AM",3.669,84.6,94.8,0,2024-08-31T04:12:09.000Z
"8/31/2024, 12:17:09 AM",3.669,84.6,94.8,0,2024-08-31T04:17:09.000Z
"8/31/2024, 12:22:09 AM",3.669,84.6,94.6,0,2024-08-31T04:22:09.000Z
"8/31/2024, 12:27:09 AM",3.669,84.6,94.6,0,2024-08-31T04:27:09.000Z
"8/31/2024, 12:32:09 AM",3.669,84.6,94.6,0,2024-08-31T04:32:09.000Z
"8/31/2024, 12:37:09 AM",3.669,84.6,94.7,0,2024-08-31T04:37:09.000Z
"8/31/2024, 12:42:09 AM",3.669,84.6,94.9,0,2024-08-31T04:42:09.000Z
"8/31/2024, 12:47:09 AM",3.669,84.6,95,0,2024-08-31T04:47:09.000Z
"8/31/2024, 12:52:09 AM",3.669,84.7,95.1,0,2024-08-31T04:52:09.000Z
"8/31/2024, 12:57:09 AM",3.669,84.7,95.2,0,2024-08-31T04:57:09.000Z
"8/31/2024, 1:02:09 AM",3.669,84.9,95,0,2024-08-31T05:02:09.000Z
"8/31/2024, 1:07:09 AM",3.669,84.9,95,0,2024-08-31T05:07:09.000Z
"8/31/2024, 1:12:09 AM",3.669,84.9,95,0,2024-08-31T05:12:09.000Z
"8/31/2024, 1:17:09 AM",3.669,84.9,95.1,0,2024-08-31T05:17:09.000Z
"8/31/2024, 1:22:09 AM",3.669,84.9,95.1,0,2024-08-31T05:22:09.000Z
"8/31/2024, 1:27:09 AM",3.669,84.9,95.3,0,2024-08-31T05:27:09.000Z
"8/31/2024, 1:32:09 AM",3.669,84.9,95.5,0,2024-08-31T05:32:09.000Z
"8/31/2024, 1:37:09 AM",3.669,84.9,95.6,0,2024-08-31T05:37:09.000Z
"8/31/2024, 1:42:09 AM",3.669,84.9,95.7,0,2024-08-31T05:42:09.000Z
"8/31/2024, 1:47:09 AM",3.669,84.9,95.8,0,2024-08-31T05:47:09.000Z
"8/31/2024, 1:52:09 AM",3.67,84.9,95.8,0,2024-08-31T05:52:09.000Z
"8/31/2024, 1:57:09 AM",3.669,84.7,95.8,0,2024-08-31T05:57:09.000Z
"8/31/2024, 2:02:09 AM",3.669,84.7,95.9,0,2024-08-31T06:02:09.000Z
"8/31/2024, 2:07:09 AM",3.669,84.7,96,0,2024-08-31T06:07:09.000Z
"8/31/2024, 2:12:09 AM",3.669,84.6,96.1,0,2024-08-31T06:12:09.000Z
"8/31/2024, 2:17:09 AM",3.669,84.6,96.2,0,2024-08-31T06:17:09.000Z
"8/31/2024, 2:22:09 AM",3.669,84.6,96.1,0,2024-08-31T06:22:09.000Z
"8/31/2024, 2:27:09 AM",3.669,84.4,96.2,0,2024-08-31T06:27:09.000Z
"8/31/2024, 2:32:09 AM",3.669,84.4,96.4,0,2024-08-31T06:32:09.000Z
"8/31/2024, 2:37:09 AM",3.669,84.4,96.6,0,2024-08-31T06:37:09.000Z
"8/31/2024, 2:42:09 AM",3.669,84.4,96.7,0,2024-08-31T06:42:09.000Z
"8/31/2024, 2:47:09 AM",3.669,84.4,96.9,0,2024-08-31T06:47:09.000Z
"8/31/2024, 2:52:09 AM",3.669,84.4,97,0,2024-08-31T06:52:09.000Z
"8/31/2024, 2:57:09 AM",3.669,84.4,97.2,0,2024-08-31T06:57:09.000Z
"8/31/2024, 3:02:09 AM",3.67,84.2,97.3,0,2024-08-31T07:02:09.000Z
"8/31/2024, 3:07:09 AM",3.669,84.2,97.3,0,2024-08-31T07:07:09.000Z
"8/31/2024, 3:12:09 AM",3.669,84.2,97.5,0,2024-08-31T07:12:09.000Z
"8/31/2024, 3:17:09 AM",3.669,84.2,97.6,0,2024-08-31T07:17:09.000Z
"8/31/2024, 3:22:09 AM",3.669,84.2,97.7,0,2024-08-31T07:22:09.000Z
"8/31/2024, 3:27:09 AM",3.669,84,97.8,0,2024-08-31T07:27:09.000Z
"8/31/2024, 3:32:09 AM",3.669,84,98,0,2024-08-31T07:32:09.000Z
"8/31/2024, 3:37:09 AM",3.669,84,98,0,2024-08-31T07:37:09.000Z
"8/31/2024, 3:42:09 AM",3.669,84,98.1,0,2024-08-31T07:42:09.000Z
"8/31/2024, 3:47:09 AM",3.669,84,98.2,0,2024-08-31T07:47:09.000Z
"8/31/2024, 3:52:09 AM",3.669,84,98.2,0,2024-08-31T07:52:09.000Z
"8/31/2024, 3:57:09 AM",3.669,84,98.3,0,2024-08-31T07:57:09.000Z
"8/31/2024, 4:02:09 AM",3.669,84,98.3,0,2024-08-31T08:02:09.000Z
"8/31/2024, 4:07:09 AM",3.669,84,98.4,0,2024-08-31T08:07:09.000Z
"8/31/2024, 4:12:09 AM",3.669,84,98.5,0,2024-08-31T08:12:09.000Z
"8/31/2024, 4:17:09 AM",3.669,84,98.5,0,2024-08-31T08:17:09.000Z
"8/31/2024, 4:22:09 AM",3.669,84,98.6,0,2024-08-31T08:22:09.000Z
"8/31/2024, 4:27:09 AM",3.669,83.8,98.6,0,2024-08-31T08:27:09.000Z
"8/31/2024, 4:32:09 AM",3.67,83.8,98.7,0,2024-08-31T08:32:09.000Z
"8/31/2024, 4:37:09 AM",3.669,83.7,98.7,0,2024-08-31T08:37:09.000Z
"8/31/2024, 4:42:09 AM",3.669,83.7,98.7,0,2024-08-31T08:42:09.000Z
"8/31/2024, 4:47:09 AM",3.669,83.7,98.8,0,2024-08-31T08:47:09.000Z
"8/31/2024, 4:52:09 AM",3.669,83.5,98.9,0,2024-08-31T08:52:09.000Z
"8/31/2024, 4:57:09 AM",3.669,83.7,99,0,2024-08-31T08:57:09.000Z
"8/31/2024, 5:02:09 AM",3.669,84,99.4,0,2024-08-31T09:02:09.000Z
"8/31/2024, 5:07:09 AM",3.669,84.2,99.9,0,2024-08-31T09:07:09.000Z
"8/31/2024, 5:12:09 AM",3.669,84.4,100,0,2024-08-31T09:12:09.000Z
"8/31/2024, 5:17:09 AM",3.669,84.4,100,0,2024-08-31T09:17:09.000Z
"8/31/2024, 5:22:09 AM",3.669,84.6,100,0,2024-08-31T09:22:09.000Z
"8/31/2024, 5:27:09 AM",3.669,84.6,100,0,2024-08-31T09:27:09.000Z
"8/31/2024, 5:32:09 AM",3.669,84.9,100,0,2024-08-31T09:32:09.000Z
"8/31/2024, 5:37:09 AM",3.669,84.9,100,0,2024-08-31T09:37:09.000Z
"8/31/2024, 5:42:09 AM",3.669,85.1,100,0,2024-08-31T09:42:09.000Z
"8/31/2024, 5:47:09 AM",3.669,85.3,100,0,2024-08-31T09:47:09.000Z
"8/31/2024, 5:52:09 AM",3.669,85.5,100,0,2024-08-31T09:52:09.000Z
"8/31/2024, 5:57:09 AM",3.669,85.6,100,0,2024-08-31T09:57:09.000Z
"8/31/2024, 6:02:09 AM",3.669,85.6,100,0,2024-08-31T10:02:09.000Z
"8/31/2024, 6:07:09 AM",3.669,85.6,100,0,2024-08-31T10:07:09.000Z
"8/31/2024, 6:12:09 AM",3.669,85.8,100,0,2024-08-31T10:12:09.000Z
"8/31/2024, 6:17:09 AM",3.669,85.8,100,0,2024-08-31T10:17:09.000Z
"8/31/2024, 6:22:09 AM",3.669,85.8,100,0,2024-08-31T10:22:09.000Z
"8/31/2024, 6:27:09 AM",3.669,86,100,0,2024-08-31T10:27:09.000Z
"8/31/2024, 6:32:09 AM",3.669,86,100,0,2024-08-31T10:32:09.000Z
"8/31/2024, 6:37:09 AM",3.669,86,100,0,2024-08-31T10:37:09.000Z
"8/31/2024, 6:42:09 AM",3.669,85.8,100,0,2024-08-31T10:42:09.000Z
"8/31/2024, 6:47:09 AM",3.669,85.8,100,0,2024-08-31T10:47:09.000Z
"8/31/2024, 6:52:09 AM",3.669,85.8,100,0,2024-08-31T10:52:09.000Z
"8/31/2024, 6:57:09 AM",3.669,86,100,0,2024-08-31T10:57:09.000Z
"8/31/2024, 7:02:09 AM",3.669,86,100,0,2024-08-31T11:02:09.000Z
"8/31/2024, 7:07:09 AM",3.668,86,100,0,2024-08-31T11:07:09.000Z
"8/31/2024, 7:12:09 AM",3.668,86,100,0,2024-08-31T11:12:09.000Z
"8/31/2024, 7:17:09 AM",3.668,86.2,100,0,2024-08-31T11:17:09.000Z
"8/31/2024, 7:22:09 AM",3.668,86,100,0,2024-08-31T11:22:09.000Z
"8/31/2024, 7:27:09 AM",3.668,86,100,0,2024-08-31T11:27:09.000Z
"8/31/2024, 7:32:09 AM",3.669,86,100,0,2024-08-31T11:32:09.000Z
"8/31/2024, 7:37:09 AM",3.668,86,100,0,2024-08-31T11:37:09.000Z
"8/31/2024, 7:42:09 AM",3.668,86,100,0,2024-08-31T11:42:09.000Z
"8/31/2024, 7:47:09 AM",3.669,86,100,0,2024-08-31T11:47:09.000Z
"8/31/2024, 7:52:09 AM",3.669,86.2,100,0,2024-08-31T11:52:09.000Z
"8/31/2024, 7:57:09 AM",3.669,86.2,100,0,2024-08-31T11:57:09.000Z
"8/31/2024, 8:02:09 AM",3.669,86.4,100,0,2024-08-31T12:02:09.000Z
"8/31/2024, 8:07:09 AM",3.669,86.4,100,0,2024-08-31T12:07:09.000Z
"8/31/2024, 8:12:09 AM",3.668,86.4,100,0,2024-08-31T12:12:09.000Z
"8/31/2024, 8:17:09 AM",3.668,86.5,100,0,2024-08-31T12:17:09.000Z
"8/31/2024, 8:22:09 AM",3.669,86.5,100,0,2024-08-31T12:22:09.000Z
"8/31/2024, 8:27:09 AM",3.668,86.7,100,0,2024-08-31T12:27:09.000Z
"8/31/2024, 8:32:09 AM",3.669,86.9,100,0,2024-08-31T12:32:09.000Z
"8/31/2024, 8:37:09 AM",3.669,87.1,100,0,2024-08-31T12:37:09.000Z
"8/31/2024, 8:42:09 AM",3.668,87.3,100,0,2024-08-31T12:42:09.000Z
"8/31/2024, 8:47:09 AM",3.669,87.3,100,0,2024-08-31T12:47:09.000Z
"8/31/2024, 8:52:09 AM",3.668,87.4,100,0,2024-08-31T12:52:09.000Z
"8/31/2024, 8:57:09 AM",3.669,88,100,0,2024-08-31T12:57:09.000Z
"8/31/2024, 9:02:09 AM",3.668,88.7,100,0,2024-08-31T13:02:09.000Z
"8/31/2024, 9:07:09 AM",3.669,89.1,100,0,2024-08-31T13:07:09.000Z
"8/31/2024, 9:12:09 AM",3.668,89.6,100,0,2024-08-31T13:12:09.000Z
"8/31/2024, 9:17:09 AM",3.668,90,100,0,2024-08-31T13:17:09.000Z
"8/31/2024, 9:22:09 AM",3.668,90.5,100,0,2024-08-31T13:22:09.000Z
"8/31/2024, 9:27:09 AM",3.668,90.9,100,0,2024-08-31T13:27:09.000Z
"8/31/2024, 9:32:09 AM",3.668,91,100,0,2024-08-31T13:32:09.000Z
"8/31/2024, 9:37:09 AM",3.668,91.2,100,0,2024-08-31T13:37:09.000Z
"8/31/2024, 9:42:09 AM",3.668,91.4,100,0,2024-08-31T13:42:09.000Z
"8/31/2024, 9:47:09 AM",3.668,91.6,100,0,2024-08-31T13:47:09.000Z
"8/31/2024, 9:52:09 AM",3.668,91.6,100,0,2024-08-31T13:52:09.000Z
"8/31/2024, 9:57:09 AM",3.668,91.8,100,0,2024-08-31T13:57:09.000Z
"8/31/2024, 10:02:09 AM",3.667,91.8,100,0,2024-08-31T14:02:09.000Z
"8/31/2024, 10:07:09 AM",3.668,91.9,100,0,2024-08-31T14:07:09.000Z
"8/31/2024, 10:12:09 AM",3.667,91.9,100,0,2024-08-31T14:12:09.000Z
"8/31/2024, 10:17:09 AM",3.667,91.8,100,0,2024-08-31T14:17:09.000Z
"8/31/2024, 10:22:09 AM",3.667,91.8,100,0,2024-08-31T14:22:09.000Z
"8/31/2024, 10:27:09 AM",3.668,91.8,100,0,2024-08-31T14:27:09.000Z
"8/31/2024, 10:32:09 AM",3.667,91.8,100,0,2024-08-31T14:32:09.000Z
"8/31/2024, 10:37:09 AM",3.667,91.8,100,0,2024-08-31T14:37:09.000Z
"8/31/2024, 10:42:09 AM",3.668,91.9,100,0,2024-08-31T14:42:09.000Z
"8/31/2024, 10:47:09 AM",3.667,92.1,100,0,2024-08-31T14:47:09.000Z
"8/31/2024, 10:52:09 AM",3.667,92.1,100,0,2024-08-31T14:52:09.000Z
"8/31/2024, 10:57:09 AM",3.668,92.1,100,0,2024-08-31T14:57:09.000Z
"8/31/2024, 11:02:09 AM",3.667,92.1,100,0,2024-08-31T15:02:09.000Z
"8/31/2024, 11:07:09 AM",3.667,92.3,100,0,2024-08-31T15:07:09.000Z
"8/31/2024, 11:12:09 AM",3.667,92.3,100,0,2024-08-31T15:12:09.000Z
"8/31/2024, 11:17:09 AM",3.668,92.5,100,0,2024-08-31T15:17:09.000Z
"8/31/2024, 11:22:09 AM",3.668,92.7,100,0,2024-08-31T15:22:09.000Z
"8/31/2024, 11:27:09 AM",3.667,92.8,100,0,2024-08-31T15:27:09.000Z
"8/31/2024, 11:32:09 AM",3.667,92.8,100,0,2024-08-31T15:32:09.000Z
"8/31/2024, 11:37:09 AM",3.668,92.8,100,0,2024-08-31T15:37:09.000Z
"8/31/2024, 11:42:09 AM",3.667,93,100,0,2024-08-31T15:42:09.000Z
"8/31/2024, 11:47:09 AM",3.668,93,100,0,2024-08-31T15:47:09.000Z
"8/31/2024, 11:52:09 AM",3.668,93.2,100,0,2024-08-31T15:52:09.000Z
"8/31/2024, 11:57:09 AM",3.667,93.4,100,0,2024-08-31T15:57:09.000Z
"8/31/2024, 12:02:09 PM",3.667,93.4,100,0,2024-08-31T16:02:09.000Z
"8/31/2024, 12:07:09 PM",3.667,93.4,100,0,2024-08-31T16:07:09.000Z
"8/31/2024, 12:12:09 PM",3.667,93.4,100,0,2024-08-31T16:12:09.000Z
"8/31/2024, 12:17:09 PM",3.667,93.2,100,0,2024-08-31T16:17:09.000Z
"8/31/2024, 12:22:09 PM",3.667,93,100,0,2024-08-31T16:22:09.000Z
"8/31/2024, 12:27:09 PM",3.667,92.7,100,0,2024-08-31T16:27:09.000Z
"8/31/2024, 12:32:09 PM",3.667,92.5,100,0,2024-08-31T16:32:09.000Z
"8/31/2024, 12:37:09 PM",3.667,92.3,100,0,2024-08-31T16:37:09.000Z
"8/31/2024, 12:42:09 PM",3.667,91.9,100,0,2024-08-31T16:42:09.000Z
"8/31/2024, 12:47:09 PM",3.667,91.8,100,0,2024-08-31T16:47:09.000Z
"8/31/2024, 12:52:09 PM",3.668,91.8,100,0,2024-08-31T16:52:09.000Z
"8/31/2024, 12:57:09 PM",3.668,91.8,100,0,2024-08-31T16:57:09.000Z
"8/31/2024, 1:02:09 PM",3.667,92.1,100,0,2024-08-31T17:02:09.000Z
"8/31/2024, 1:07:09 PM",3.668,92.5,100,0,2024-08-31T17:07:09.000Z
"8/31/2024, 1:12:09 PM",3.667,93,100,0,2024-08-31T17:12:09.000Z
"8/31/2024, 1:17:09 PM",3.667,93.7,100,0,2024-08-31T17:17:09.000Z
"8/31/2024, 1:22:09 PM",3.667,94.3,100,0,2024-08-31T17:22:09.000Z
"8/31/2024, 1:27:09 PM",3.667,95,100,0,2024-08-31T17:27:09.000Z
"8/31/2024, 1:32:09 PM",3.667,95.4,100,0,2024-08-31T17:32:09.000Z
"8/31/2024, 1:37:09 PM",3.667,95.5,100,0,2024-08-31T17:37:09.000Z
"8/31/2024, 1:42:09 PM",3.667,95.5,100,0,2024-08-31T17:42:09.000Z
"8/31/2024, 1:47:09 PM",3.667,95.4,100,0,2024-08-31T17:47:09.000Z
"8/31/2024, 1:52:09 PM",3.667,94.8,100,0,2024-08-31T17:52:09.000Z
"8/31/2024, 1:57:09 PM",3.667,94.3,100,0,2024-08-31T17:57:09.000Z
"8/31/2024, 2:02:09 PM",3.667,93.7,100,0,2024-08-31T18:02:09.000Z
"8/31/2024, 2:07:09 PM",3.668,93.2,100,0,2024-08-31T18:07:09.000Z
"8/31/2024, 2:12:09 PM",3.667,92.8,100,0,2024-08-31T18:12:09.000Z
"8/31/2024, 2:17:09 PM",3.668,92.8,100,0,2024-08-31T18:17:09.000Z
"8/31/2024, 2:22:09 PM",3.667,92.7,100,0,2024-08-31T18:22:09.000Z
"8/31/2024, 2:27:09 PM",3.667,92.5,100,0,2024-08-31T18:27:09.000Z
"8/31/2024, 2:32:09 PM",3.668,92.5,100,0,2024-08-31T18:32:09.000Z
"8/31/2024, 2:37:09 PM",3.668,92.3,100,0,2024-08-31T18:37:09.000Z
"8/31/2024, 2:42:09 PM",3.668,91.9,100,0,2024-08-31T18:42:09.000Z
"8/31/2024, 2:47:09 PM",3.667,91.9,100,0,2024-08-31T18:47:09.000Z
"8/31/2024, 2:52:09 PM",3.668,91.9,100,0,2024-08-31T18:52:09.000Z
"8/31/2024, 2:57:09 PM",3.668,91.9,100,0,2024-08-31T18:57:09.000Z
"8/31/2024, 3:02:09 PM",3.667,92.3,100,0,2024-08-31T19:02:09.000Z
"8/31/2024, 3:07:09 PM",3.667,92.7,100,0,2024-08-31T19:07:09.000Z
"8/31/2024, 3:12:09 PM",3.667,93.2,100,0,2024-08-31T19:12:09.000Z
"8/31/2024, 3:17:09 PM",3.668,93.6,100,0,2024-08-31T19:17:09.000Z
"8/31/2024, 3:22:09 PM",3.667,93.9,100,0,2024-08-31T19:22:09.000Z
"8/31/2024, 3:27:09 PM",3.667,94.5,100,0,2024-08-31T19:27:09.000Z
"8/31/2024, 3:32:09 PM",3.667,94.6,100,0,2024-08-31T19:32:09.000Z
"8/31/2024, 3:37:09 PM",3.667,95.4,100,0,2024-08-31T19:37:09.000Z
"8/31/2024, 3:42:09 PM",3.667,95.9,100,0,2024-08-31T19:42:09.000Z
"8/31/2024, 3:47:09 PM",3.667,96.8,100,0,2024-08-31T19:47:09.000Z
"8/31/2024, 3:52:09 PM",3.667,97.7,100,0,2024-08-31T19:52:09.000Z
"8/31/2024, 3:57:09 PM",3.666,98.4,100,0,2024-08-31T19:57:09.000Z
"8/31/2024, 4:02:09 PM",3.667,99,100,0,2024-08-31T20:02:09.000Z
"8/31/2024, 4:07:09 PM",3.666,99.5,100,0,2024-08-31T20:07:09.000Z
"8/31/2024, 4:12:09 PM",3.666,99.7,100,0,2024-08-31T20:12:09.000Z
"8/31/2024, 4:17:09 PM",3.666,99.7,100,0,2024-08-31T20:17:09.000Z
"8/31/2024, 4:22:09 PM",3.666,99.5,100,0,2024-08-31T20:22:09.000Z
"8/31/2024, 4:27:09 PM",3.666,99.5,100,0,2024-08-31T20:27:09.000Z
"8/31/2024, 4:32:09 PM",3.666,99.7,100,0,2024-08-31T20:32:09.000Z
"8/31/2024, 4:37:09 PM",3.666,99.7,100,0,2024-08-31T20:37:09.000Z
"8/31/2024, 4:42:09 PM",3.666,99.9,100,0,2024-08-31T20:42:09.000Z
"8/31/2024, 4:47:09 PM",3.666,99.9,100,0,2024-08-31T20:47:09.000Z
"8/31/2024, 4:52:09 PM",3.666,99.9,100,0,2024-08-31T20:52:09.000Z
"8/31/2024, 4:57:09 PM",3.666,99.9,100,0,2024-08-31T20:57:09.000Z
"8/31/2024, 5:02:09 PM",3.666,99.7,100,0,2024-08-31T21:02:09.000Z
"8/31/2024, 5:07:09 PM",3.666,99.3,100,0,2024-08-31T21:07:09.000Z
"8/31/2024, 5:12:09 PM",3.666,99.1,100,0,2024-08-31T21:12:09.000Z
"8/31/2024, 5:17:09 PM",3.665,99,100,0,2024-08-31T21:17:09.000Z
"8/31/2024, 5:22:09 PM",3.666,98.4,100,0,2024-08-31T21:22:09.000Z
"8/31/2024, 5:27:09 PM",3.667,98.1,100,0,2024-08-31T21:27:09.000Z
"8/31/2024, 5:32:09 PM",3.666,98.2,100,0,2024-08-31T21:32:09.000Z
"8/31/2024, 5:37:09 PM",3.666,98.6,100,0,2024-08-31T21:37:09.000Z
"8/31/2024, 5:42:09 PM",3.666,98.8,100,0,2024-08-31T21:42:09.000Z
"8/31/2024, 5:47:09 PM",3.666,98.2,100,0,2024-08-31T21:47:09.000Z
"8/31/2024, 5:52:09 PM",3.667,97.9,100,0,2024-08-31T21:52:09.000Z
"8/31/2024, 5:57:09 PM",3.666,97.3,100,0,2024-08-31T21:57:09.000Z
"8/31/2024, 6:02:09 PM",3.666,97.2,100,0,2024-08-31T22:02:09.000Z
"8/31/2024, 6:07:09 PM",3.666,96.8,100,0,2024-08-31T22:07:09.000Z
"8/31/2024, 6:12:09 PM",3.667,96.8,100,0,2024-08-31T22:12:09.000Z
"8/31/2024, 6:17:09 PM",3.667,96.6,100,0,2024-08-31T22:17:09.000Z
"8/31/2024, 6:22:09 PM",3.667,96.3,100,0,2024-08-31T22:22:09.000Z
"8/31/2024, 6:27:09 PM",3.667,96.1,100,0,2024-08-31T22:27:09.000Z
"8/31/2024, 6:32:09 PM",3.667,95.7,100,0,2024-08-31T22:32:09.000Z
"8/31/2024, 6:37:09 PM",3.667,95.4,100,0,2024-08-31T22:37:09.000Z
"8/31/2024, 6:42:09 PM",3.667,95.2,100,0,2024-08-31T22:42:09.000Z
"8/31/2024, 6:47:09 PM",3.667,94.8,100,0,2024-08-31T22:47:09.000Z
"8/31/2024, 6:52:09 PM",3.667,94.6,100,0,2024-08-31T22:52:09.000Z
"8/31/2024, 6:57:09 PM",3.667,94.3,100,0,2024-08-31T22:57:09.000Z
"8/31/2024, 7:02:09 PM",3.667,94.1,100,0,2024-08-31T23:02:09.000Z
"8/31/2024, 7:07:09 PM",3.667,93.9,100,0,2024-08-31T23:07:09.000Z
"8/31/2024, 7:12:09 PM",3.667,93.6,100,0,2024-08-31T23:12:09.000Z
"8/31/2024, 7:17:09 PM",3.667,93.2,100,0,2024-08-31T23:17:09.000Z
"8/31/2024, 7:22:09 PM",3.667,92.8,100,0,2024-08-31T23:22:09.000Z
"8/31/2024, 7:27:09 PM",3.667,92.7,100,0,2024-08-31T23:27:09.000Z
"8/31/2024, 7:32:09 PM",3.667,92.3,100,0,2024-08-31T23:32:09.000Z
"8/31/2024, 7:37:09 PM",3.668,92.1,100,0,2024-08-31T23:37:09.000Z
"8/31/2024, 7:42:09 PM",3.667,91.8,100,0,2024-08-31T23:42:09.000Z
"8/31/2024, 7:47:09 PM",3.667,91.6,100,0,2024-08-31T23:47:09.000Z
"8/31/2024, 7:52:09 PM",3.668,91.2,100,0,2024-08-31T23:52:09.000Z
"8/31/2024, 7:57:09 PM",3.667,90.9,100,0,2024-08-31T23:57:09.000Z
"8/31/2024, 8:02:09 PM",3.667,90.7,100,0,2024-09-01T00:02:09.000Z
"8/31/2024, 8:07:09 PM",3.668,90.3,100,0,2024-09-01T00:07:09.000Z
"8/31/2024, 8:12:09 PM",3.668,90.1,100,0,2024-09-01T00:12:09.000Z
"8/31/2024, 8:17:09 PM",3.667,90,100,0,2024-09-01T00:17:09.000Z
"8/31/2024, 8:22:09 PM",3.668,89.6,100,0,2024-09-01T00:22:09.000Z
"8/31/2024, 8:27:09 PM",3.668,89.4,100,0,2024-09-01T00:27:09.000Z
"8/31/2024, 8:32:09 PM",3.668,89.2,100,0,2024-09-01T00:32:09.000Z
"8/31/2024, 8:37:09 PM",3.668,88.9,100,0,2024-09-01T00:37:09.000Z
"8/31/2024, 8:42:09 PM",3.669,88.9,100,0,2024-09-01T00:42:09.000Z
"8/31/2024, 8:47:09 PM",3.668,88.9,100,0,2024-09-01T00:47:09.000Z
"8/31/2024, 8:52:09 PM",3.668,88.5,100,0,2024-09-01T00:52:09.000Z
"8/31/2024, 8:57:09 PM",3.668,88.2,100,0,2024-09-01T00:57:09.000Z
"8/31/2024, 9:02:09 PM",3.669,88,100,0,2024-09-01T01:02:09.000Z
"8/31/2024, 9:07:09 PM",3.669,88,100,0,2024-09-01T01:07:09.000Z
"8/31/2024, 9:12:09 PM",3.668,87.8,100,0,2024-09-01T01:12:09.000Z
"8/31/2024, 9:17:09 PM",3.668,87.6,100,0,2024-09-01T01:17:09.000Z
"8/31/2024, 9:22:09 PM",3.668,87.4,100,0,2024-09-01T01:22:09.000Z
"8/31/2024, 9:27:09 PM",3.669,87.3,100,0,2024-09-01T01:27:09.000Z
"8/31/2024, 9:32:09 PM",3.668,87.3,100,0,2024-09-01T01:32:09.000Z
"8/31/2024, 9:37:09 PM",3.669,87.1,100,0,2024-09-01T01:37:09.000Z
"8/31/2024, 9:42:09 PM",3.669,87.1,100,0,2024-09-01T01:42:09.000Z
"8/31/2024, 9:47:09 PM",3.668,86.9,100,0,2024-09-01T01:47:09.000Z
"8/31/2024, 9:52:09 PM",3.668,86.9,100,0,2024-09-01T01:52:09.000Z
"8/31/2024, 9:57:09 PM",3.669,86.7,100,0,2024-09-01T01:57:09.000Z
"8/31/2024, 10:02:09 PM",3.669,86.7,100,0,2024-09-01T02:02:09.000Z
"8/31/2024, 10:07:09 PM",3.669,86.5,100,0,2024-09-01T02:07:09.000Z
"8/31/2024, 10:12:09 PM",3.669,86.4,100,0,2024-09-01T02:12:09.000Z
"8/31/2024, 10:17:09 PM",3.669,86.4,100,0,2024-09-01T02:17:09.000Z
"8/31/2024, 10:22:09 PM",3.668,86.4,100,0,2024-09-01T02:22:09.000Z
"8/31/2024, 10:27:09 PM",3.668,86.2,100,0,2024-09-01T02:27:09.000Z
"8/31/2024, 10:32:09 PM",3.668,86.2,100,0,2024-09-01T02:32:09.000Z
"8/31/2024, 10:37:09 PM",3.668,86.2,100,0,2024-09-01T02:37:09.000Z
"8/31/2024, 10:42:09 PM",3.669,86.2,100,0,2024-09-01T02:42:09.000Z
"8/31/2024, 10:47:09 PM",3.668,86.2,100,0,2024-09-01T02:47:09.000Z
"8/31/2024, 10:52:09 PM",3.669,86.2,100,0,2024-09-01T02:52:09.000Z
"8/31/2024, 10:57:09 PM",3.669,86.2,100,0,2024-09-01T02:57:09.000Z
"8/31/2024, 11:02:09 PM",3.669,86.2,100,0,2024-09-01T03:02:09.000Z
"8/31/2024, 11:07:09 PM",3.669,86,100,0,2024-09-01T03:07:09.000Z
"8/31/2024, 11:12:09 PM",3.669,86,100,0,2024-09-01T03:12:09.000Z
"8/31/2024, 11:17:09 PM",3.669,85.8,100,0,2024-09-01T03:17:09.000Z
"8/31/2024, 11:22:09 PM",3.669,85.6,100,0,2024-09-01T03:22:09.000Z
"8/31/2024, 11:27:09 PM",3.668,85.6,100,0,2024-09-01T03:27:09.000Z
"8/31/2024, 11:32:09 PM",3.669,85.5,100,0,2024-09-01T03:32:09.000Z
"8/31/2024, 11:37:09 PM",3.669,85.5,100,0,2024-09-01T03:37:09.000Z
"8/31/2024, 11:42:09 PM",3.669,85.5,100,0,2024-09-01T03:42:09.000Z
"8/31/2024, 11:47:09 PM",3.668,85.5,100,0,2024-09-01T03:47:09.000Z
"8/31/2024, 11:52:09 PM",3.669,85.5,100,0,2024-09-01T03:52:09.000Z
"8/31/2024, 11:57:09 PM",3.669,85.3,100,0,2024-09-01T03:57:09.000Z
"9/1/2024, 12:02:09 AM",3.669,85.3,100,0,2024-09-01T04:02:09.000Z
"9/1/2024, 12:07:09 AM",3.669,85.3,100,0,2024-09-01T04:07:09.000Z
"9/1/2024, 12:12:09 AM",3.668,85.3,100,0,2024-09-01T04:12:09.000Z
"9/1/2024, 12:17:09 AM",3.669,85.3,100,0,2024-09-01T04:17:09.000Z
"9/1/2024, 12:22:09 AM",3.669,85.3,100,0,2024-09-01T04:22:09.000Z
"9/1/2024, 12:27:09 AM",3.669,85.3,100,0,2024-09-01T04:27:09.000Z
"9/1/2024, 12:32:09 AM",3.669,85.5,100,0,2024-09-01T04:32:09.000Z
"9/1/2024, 12:37:09 AM",3.669,85.5,100,1,2024-09-01T04:37:09.000Z
"9/1/2024, 12:42:09 AM",3.669,85.6,100,0,2024-09-01T04:42:09.000Z
"9/1/2024, 12:47:09 AM",3.669,85.6,100,1,2024-09-01T04:47:09.000Z
"9/1/2024, 12:52:09 AM",3.669,85.6,100,1,2024-09-01T04:52:09.000Z
"9/1/2024, 12:57:09 AM",3.669,85.6,100,1,2024-09-01T04:57:09.000Z
"9/1/2024, 1:02:09 AM",3.669,85.6,100,1,2024-09-01T05:02:09.000Z
"9/1/2024, 1:07:09 AM",3.669,85.6,100,1,2024-09-01T05:07:09.000Z
"9/1/2024, 1:12:09 AM",3.669,85.5,100,0,2024-09-01T05:12:09.000Z
"9/1/2024, 1:17:09 AM",3.668,85.5,100,0,2024-09-01T05:17:09.000Z
"9/1/2024, 1:22:09 AM",3.669,85.3,100,1,2024-09-01T05:22:09.000Z
"9/1/2024, 1:27:09 AM",3.669,85.3,100,1,2024-09-01T05:27:09.000Z
"9/1/2024, 1:32:09 AM",3.669,85.1,100,1,2024-09-01T05:32:09.000Z
"9/1/2024, 1:37:09 AM",3.669,85.1,100,1,2024-09-01T05:37:09.000Z
"9/1/2024, 1:42:09 AM",3.669,85.1,100,1,2024-09-01T05:42:09.000Z
"9/1/2024, 1:47:09 AM",3.669,85.1,100,1,2024-09-01T05:47:09.000Z
"9/1/2024, 1:52:09 AM",3.669,85.1,100,0,2024-09-01T05:52:09.000Z
"9/1/2024, 1:57:09 AM",3.669,84.9,100,1,2024-09-01T05:57:09.000Z
"9/1/2024, 2:02:09 AM",3.669,84.9,100,1,2024-09-01T06:02:09.000Z
"9/1/2024, 2:07:09 AM",3.669,84.9,100,0,2024-09-01T06:07:09.000Z
"9/1/2024, 2:12:09 AM",3.669,84.9,100,1,2024-09-01T06:12:09.000Z
"9/1/2024, 2:17:09 AM",3.669,84.7,100,1,2024-09-01T06:17:09.000Z
"9/1/2024, 2:22:09 AM",3.669,84.7,100,1,2024-09-01T06:22:09.000Z
"9/1/2024, 2:27:09 AM",3.669,84.6,100,1,2024-09-01T06:27:09.000Z
"9/1/2024, 2:32:09 AM",3.669,84.6,100,0,2024-09-01T06:32:09.000Z
"9/1/2024, 2:37:09 AM",3.669,84.6,100,1,2024-09-01T06:37:09.000Z
"9/1/2024, 2:42:09 AM",3.669,84.4,100,1,2024-09-01T06:42:09.000Z
"9/1/2024, 2:47:09 AM",3.669,84.4,100,1,2024-09-01T06:47:09.000Z
"9/1/2024, 2:52:09 AM",3.668,84.2,100,0,2024-09-01T06:52:09.000Z
"9/1/2024, 2:57:09 AM",3.669,84,100,0,2024-09-01T06:57:09.000Z
"9/1/2024, 3:02:09 AM",3.668,84,100,0,2024-09-01T07:02:09.000Z
"9/1/2024, 3:07:09 AM",3.669,84,100,1,2024-09-01T07:07:09.000Z
"9/1/2024, 3:12:09 AM",3.669,84,100,0,2024-09-01T07:12:09.000Z
"9/1/2024, 3:17:09 AM",3.669,83.8,100,0,2024-09-01T07:17:09.000Z
"9/1/2024, 3:22:09 AM",3.669,83.7,100,0,2024-09-01T07:22:09.000Z
"9/1/2024, 3:27:09 AM",3.669,83.7,100,1,2024-09-01T07:27:09.000Z
"9/1/2024, 3:32:09 AM",3.669,83.7,100,1,2024-09-01T07:32:09.000Z
"9/1/2024, 3:37:09 AM",3.669,83.7,100,1,2024-09-01T07:37:09.000Z
"9/1/2024, 3:42:09 AM",3.669,83.7,100,1,2024-09-01T07:42:09.000Z
"9/1/2024, 3:47:09 AM",3.669,83.5,100,1,2024-09-01T07:47:09.000Z
"9/1/2024, 3:52:09 AM",3.669,83.5,100,0,2024-09-01T07:52:09.000Z
"9/1/2024, 3:57:09 AM",3.669,83.5,100,0,2024-09-01T07:57:09.000Z
"9/1/2024, 4:02:09 AM",3.669,83.7,100,1,2024-09-01T08:02:09.000Z
"9/1/2024, 4:07:09 AM",3.669,83.7,100,0,2024-09-01T08:07:09.000Z
"9/1/2024, 4:12:09 AM",3.669,83.7,100,1,2024-09-01T08:12:09.000Z
"9/1/2024, 4:17:09 AM",3.669,83.7,100,1,2024-09-01T08:17:09.000Z
"9/1/2024, 4:22:09 AM",3.669,83.7,100,1,2024-09-01T08:22:09.000Z
"9/1/2024, 4:27:09 AM",3.669,83.7,100,1,2024-09-01T08:27:09.000Z
"9/1/2024, 4:32:09 AM",3.669,83.7,100,1,2024-09-01T08:32:09.000Z
"9/1/2024, 4:37:09 AM",3.669,83.5,100,1,2024-09-01T08:37:09.000Z
"9/1/2024, 4:42:09 AM",3.669,83.5,100,1,2024-09-01T08:42:09.000Z
"9/1/2024, 4:47:09 AM",3.669,83.5,100,1,2024-09-01T08:47:09.000Z
"9/1/2024, 4:52:09 AM",3.669,83.5,100,1,2024-09-01T08:52:09.000Z
"9/1/2024, 4:57:09 AM",3.669,83.3,100,1,2024-09-01T08:57:09.000Z
"9/1/2024, 5:02:09 AM",3.669,83.5,100,1,2024-09-01T09:02:09.000Z
"9/1/2024, 5:07:09 AM",3.669,83.3,100,1,2024-09-01T09:07:09.000Z
"9/1/2024, 5:12:09 AM",3.669,83.3,100,1,2024-09-01T09:12:09.000Z
"9/1/2024, 5:17:09 AM",3.669,83.3,100,1,2024-09-01T09:17:09.000Z
"9/1/2024, 5:22:09 AM",3.669,83.1,100,1,2024-09-01T09:22:09.000Z
"9/1/2024, 5:27:09 AM",3.669,82.9,100,1,2024-09-01T09:27:09.000Z
"9/1/2024, 5:32:09 AM",3.669,82.8,100,1,2024-09-01T09:32:09.000Z
"9/1/2024, 5:37:09 AM",3.669,82.8,100,1,2024-09-01T09:37:09.000Z
"9/1/2024, 5:42:09 AM",3.669,82.6,100,1,2024-09-01T09:42:09.000Z
"9/1/2024, 5:47:09 AM",3.669,82.6,100,1,2024-09-01T09:47:09.000Z
"9/1/2024, 5:52:09 AM",3.669,82.4,100,1,2024-09-01T09:52:09.000Z
"9/1/2024, 5:57:09 AM",3.669,82.4,100,1,2024-09-01T09:57:09.000Z
"9/1/2024, 6:02:09 AM",3.67,82.2,100,1,2024-09-01T10:02:09.000Z
"9/1/2024, 6:07:09 AM",3.669,82,100,1,2024-09-01T10:07:09.000Z
"9/1/2024, 6:12:09 AM",3.669,82,100,1,2024-09-01T10:12:09.000Z
"9/1/2024, 6:17:09 AM",3.669,81.9,100,1,2024-09-01T10:17:09.000Z
"9/1/2024, 6:22:09 AM",3.669,81.9,100,1,2024-09-01T10:22:09.000Z
"9/1/2024, 6:27:09 AM",3.669,81.7,100,1,2024-09-01T10:27:09.000Z
"9/1/2024, 6:32:09 AM",3.669,81.5,100,1,2024-09-01T10:32:09.000Z
"9/1/2024, 6:37:09 AM",3.669,81.3,100,1,2024-09-01T10:37:09.000Z
"9/1/2024, 6:42:09 AM",3.669,81.3,100,1,2024-09-01T10:42:09.000Z
"9/1/2024, 6:47:09 AM",3.669,81.1,100,1,2024-09-01T10:47:09.000Z
"9/1/2024, 6:52:09 AM",3.669,81.1,100,1,2024-09-01T10:52:09.000Z
"9/1/2024, 6:57:09 AM",3.669,81,100,1,2024-09-01T10:57:09.000Z
"9/1/2024, 7:02:09 AM",3.67,81,100,1,2024-09-01T11:02:09.000Z
"9/1/2024, 7:07:09 AM",3.669,80.8,100,1,2024-09-01T11:07:09.000Z
"9/1/2024, 7:12:09 AM",3.67,80.8,100,1,2024-09-01T11:12:09.000Z
"9/1/2024, 7:17:09 AM",3.669,80.6,100,1,2024-09-01T11:17:09.000Z
"9/1/2024, 7:22:09 AM",3.669,80.6,100,1,2024-09-01T11:22:09.000Z
"9/1/2024, 7:27:09 AM",3.669,80.6,100,1,2024-09-01T11:27:09.000Z
"9/1/2024, 7:32:09 AM",3.669,80.6,100,1,2024-09-01T11:32:09.000Z
"9/1/2024, 7:37:09 AM",3.669,80.6,100,1,2024-09-01T11:37:09.000Z
"9/1/2024, 7:42:09 AM",3.67,80.6,100,1,2024-09-01T11:42:09.000Z
"9/1/2024, 7:47:09 AM",3.669,80.8,100,1,2024-09-01T11:47:09.000Z
"9/1/2024, 7:52:09 AM",3.669,81,100,1,2024-09-01T11:52:09.000Z
"9/1/2024, 7:57:09 AM",3.669,81.1,100,1,2024-09-01T11:57:09.000Z
"9/1/2024, 8:02:09 AM",3.669,81.5,100,1,2024-09-01T12:02:09.000Z
"9/1/2024, 8:07:09 AM",3.669,81.7,100,1,2024-09-01T12:07:09.000Z
"9/1/2024, 8:12:09 AM",3.669,82,100,1,2024-09-01T12:12:09.000Z
"9/1/2024, 8:17:09 AM",3.669,82.2,100,1,2024-09-01T12:17:09.000Z
"9/1/2024, 8:22:09 AM",3.669,82.6,100,1,2024-09-01T12:22:09.000Z
"9/1/2024, 8:27:09 AM",3.669,82.8,100,1,2024-09-01T12:27:09.000Z
"9/1/2024, 8:32:09 AM",3.669,82.9,100,1,2024-09-01T12:32:09.000Z
"9/1/2024, 8:37:09 AM",3.669,83.3,100,1,2024-09-01T12:37:09.000Z
"9/1/2024, 8:42:09 AM",3.669,83.7,100,1,2024-09-01T12:42:09.000Z
"9/1/2024, 8:47:09 AM",3.669,83.8,100,1,2024-09-01T12:47:09.000Z
"9/1/2024, 8:52:09 AM",3.669,84,100,1,2024-09-01T12:52:09.000Z
"9/1/2024, 8:57:09 AM",3.669,84.4,100,1,2024-09-01T12:57:09.000Z
"9/1/2024, 9:02:09 AM",3.669,84.6,100,1,2024-09-01T13:02:09.000Z
"9/1/2024, 9:07:09 AM",3.669,84.7,100,1,2024-09-01T13:07:09.000Z
"9/1/2024, 9:12:09 AM",3.669,85.1,100,1,2024-09-01T13:12:09.000Z
"9/1/2024, 9:17:09 AM",3.669,85.3,100,1,2024-09-01T13:17:09.000Z
"9/1/2024, 9:22:09 AM",3.669,85.5,100,1,2024-09-01T13:22:09.000Z
"9/1/2024, 9:27:09 AM",3.669,85.6,100,1,2024-09-01T13:27:09.000Z
"9/1/2024, 9:32:09 AM",3.668,86,100,1,2024-09-01T13:32:09.000Z
"9/1/2024, 9:37:09 AM",3.668,86.5,100,1,2024-09-01T13:37:09.000Z
"9/1/2024, 9:42:09 AM",3.669,86.9,100,1,2024-09-01T13:42:09.000Z
"9/1/2024, 9:47:09 AM",3.668,87.4,100,1,2024-09-01T13:47:09.000Z
"9/1/2024, 9:52:09 AM",3.668,88,100,1,2024-09-01T13:52:09.000Z
"9/1/2024, 9:57:09 AM",3.668,88.5,100,1,2024-09-01T13:57:09.000Z
"9/1/2024, 10:02:09 AM",3.668,88.9,100,1,2024-09-01T14:02:09.000Z
"9/1/2024, 10:07:09 AM",3.668,89.4,100,1,2024-09-01T14:07:09.000Z
"9/1/2024, 10:12:09 AM",3.668,90,100,1,2024-09-01T14:12:09.000Z
"9/1/2024, 10:17:09 AM",3.668,90.3,100,1,2024-09-01T14:17:09.000Z
"9/1/2024, 10:22:09 AM",3.668,90.9,100,1,2024-09-01T14:22:09.000Z
"9/1/2024, 10:27:09 AM",3.667,91.2,100,1,2024-09-01T14:27:09.000Z
"9/1/2024, 10:32:09 AM",3.668,91.8,100,1,2024-09-01T14:32:09.000Z
"9/1/2024, 10:37:09 AM",3.667,92.3,100,1,2024-09-01T14:37:09.000Z
"9/1/2024, 10:42:09 AM",3.667,92.7,100,1,2024-09-01T14:42:09.000Z
"9/1/2024, 10:47:09 AM",3.667,93,100,1,2024-09-01T14:47:09.000Z
"9/1/2024, 10:52:09 AM",3.667,93.4,100,1,2024-09-01T14:52:09.000Z
"9/1/2024, 10:57:09 AM",3.667,93.9,100,1,2024-09-01T14:57:09.000Z
"9/1/2024, 11:02:09 AM",3.667,94.1,100,1,2024-09-01T15:02:09.000Z
"9/1/2024, 11:07:09 AM",3.667,94.5,100,1,2024-09-01T15:07:09.000Z
"9/1/2024, 11:12:09 AM",3.667,94.6,100,1,2024-09-01T15:12:09.000Z
"9/1/2024, 11:17:09 AM",3.667,95,100,1,2024-09-01T15:17:09.000Z
"9/1/2024, 11:22:09 AM",3.667,95.4,100,1,2024-09-01T15:22:09.000Z
"9/1/2024, 11:27:09 AM",3.667,95.5,100,0,2024-09-01T15:27:09.000Z
"9/1/2024, 11:32:09 AM",3.667,95.9,100,0,2024-09-01T15:32:09.000Z
"9/1/2024, 11:37:09 AM",3.667,96.1,100,0,2024-09-01T15:37:09.000Z
"9/1/2024, 11:42:09 AM",3.666,96.4,100,0,2024-09-01T15:42:09.000Z
"9/1/2024, 11:47:09 AM",3.666,96.6,100,0,2024-09-01T15:47:09.000Z
"9/1/2024, 11:52:09 AM",3.666,97,100,0,2024-09-01T15:52:09.000Z
"9/1/2024, 11:57:09 AM",3.666,97.2,100,0,2024-09-01T15:57:09.000Z
"9/1/2024, 12:02:09 PM",3.666,97.5,100,0,2024-09-01T16:02:09.000Z
"9/1/2024, 12:07:09 PM",3.666,97.9,100,0,2024-09-01T16:07:09.000Z
"9/1/2024, 12:12:09 PM",3.666,98.1,100,0,2024-09-01T16:12:09.000Z
"9/1/2024, 12:17:09 PM",3.666,98.4,100,0,2024-09-01T16:17:09.000Z
"9/1/2024, 12:22:09 PM",3.666,98.8,100,0,2024-09-01T16:22:09.000Z
"9/1/2024, 12:27:09 PM",3.666,99,100,0,2024-09-01T16:27:09.000Z
"9/1/2024, 12:32:09 PM",3.665,99.1,100,0,2024-09-01T16:32:09.000Z
"9/1/2024, 12:37:09 PM",3.665,99.5,100,0,2024-09-01T16:37:09.000Z
"9/1/2024, 12:42:09 PM",3.666,99.9,100,0,2024-09-01T16:42:09.000Z
"9/1/2024, 12:47:09 PM",3.666,100.2,100,1,2024-09-01T16:47:09.000Z
"9/1/2024, 12:52:09 PM",3.665,100.6,100,1,2024-09-01T16:52:09.000Z
"9/1/2024, 12:57:09 PM",3.665,100.9,100,1,2024-09-01T16:57:09.000Z
"9/1/2024, 1:02:09 PM",3.665,101.3,100,0,2024-09-01T17:02:09.000Z
"9/1/2024, 1:07:09 PM",3.665,101.7,100,0,2024-09-01T17:07:09.000Z
"9/1/2024, 1:12:09 PM",3.665,101.8,100,1,2024-09-01T17:12:09.000Z
"9/1/2024, 1:17:09 PM",3.665,102.2,100,1,2024-09-01T17:17:09.000Z
"9/1/2024, 1:22:09 PM",3.665,102.4,100,0,2024-09-01T17:22:09.000Z
"9/1/2024, 1:27:09 PM",3.665,102.7,100,1,2024-09-01T17:27:09.000Z
"9/1/2024, 1:32:09 PM",3.665,102.9,100,1,2024-09-01T17:32:09.000Z
"9/1/2024, 1:37:09 PM",3.665,103.3,100,1,2024-09-01T17:37:09.000Z
"9/1/2024, 1:42:09 PM",3.665,103.5,100,1,2024-09-01T17:42:09.000Z
"9/1/2024, 1:47:09 PM",3.665,103.8,100,0,2024-09-01T17:47:09.000Z
"9/1/2024, 1:52:09 PM",3.664,103.8,100,0,2024-09-01T17:52:09.000Z
"9/1/2024, 1:57:09 PM",3.664,104.2,100,0,2024-09-01T17:57:09.000Z
"9/1/2024, 2:02:09 PM",3.665,104.4,98.9,0,2024-09-01T18:02:09.000Z
"9/1/2024, 2:07:09 PM",3.665,104.4,98.2,0,2024-09-01T18:07:09.000Z
"9/1/2024, 2:12:09 PM",3.664,104.4,97.7,0,2024-09-01T18:12:09.000Z
"9/1/2024, 2:17:09 PM",3.665,104.5,97.2,0,2024-09-01T18:17:09.000Z
"9/1/2024, 2:22:09 PM",3.665,104.5,96.5,0,2024-09-01T18:22:09.000Z
"9/1/2024, 2:27:09 PM",3.664,104.5,95.6,0,2024-09-01T18:27:09.000Z
"9/1/2024, 2:32:09 PM",3.664,104.7,94.7,0,2024-09-01T18:32:09.000Z
"9/1/2024, 2:37:09 PM",3.664,104.7,94.3,0,2024-09-01T18:37:09.000Z
"9/1/2024, 2:42:09 PM",3.664,104.9,93.3,0,2024-09-01T18:42:09.000Z
"9/1/2024, 2:47:09 PM",3.664,105.1,91.5,0,2024-09-01T18:47:09.000Z
"9/1/2024, 2:52:09 PM",3.664,105.4,90.5,0,2024-09-01T18:52:09.000Z
"9/1/2024, 2:57:09 PM",3.664,105.6,90.5,0,2024-09-01T18:57:09.000Z
"9/1/2024, 3:02:09 PM",3.664,106,90.8,0,2024-09-01T19:02:09.000Z
"9/1/2024, 3:07:09 PM",3.664,106.2,90.4,0,2024-09-01T19:07:09.000Z
"9/1/2024, 3:12:09 PM",3.664,106.3,89.8,0,2024-09-01T19:12:09.000Z
"9/1/2024, 3:17:09 PM",3.664,106.5,90.1,0,2024-09-01T19:17:09.000Z
"9/1/2024, 3:22:09 PM",3.665,106.7,88.2,0,2024-09-01T19:22:09.000Z
"9/1/2024, 3:27:09 PM",3.664,106.9,87,0,2024-09-01T19:27:09.000Z
"9/1/2024, 3:32:09 PM",3.663,107.1,85.4,0,2024-09-01T19:32:09.000Z
"9/1/2024, 3:37:09 PM",3.664,107.1,85.6,0,2024-09-01T19:37:09.000Z
"9/1/2024, 3:42:09 PM",3.664,106.7,85.4,0,2024-09-01T19:42:09.000Z
"9/1/2024, 3:47:09 PM",3.664,106.3,85.4,0,2024-09-01T19:47:09.000Z
"9/1/2024, 3:52:09 PM",3.664,106.2,85.1,0,2024-09-01T19:52:09.000Z
"9/1/2024, 3:57:09 PM",3.664,106,85.3,0,2024-09-01T19:57:09.000Z
"9/1/2024, 4:02:09 PM",3.664,106,84.6,0,2024-09-01T20:02:09.000Z
"9/1/2024, 4:07:09 PM",3.664,105.8,83.7,0,2024-09-01T20:07:09.000Z
"9/1/2024, 4:12:09 PM",3.664,105.3,82.4,0,2024-09-01T20:12:09.000Z
"9/1/2024, 4:17:09 PM",3.664,105.1,82.6,0,2024-09-01T20:17:09.000Z
"9/1/2024, 4:22:09 PM",3.664,104.7,83,0,2024-09-01T20:22:09.000Z
"9/1/2024, 4:27:09 PM",3.664,104.5,83.2,0,2024-09-01T20:27:09.000Z
"9/1/2024, 4:32:09 PM",3.664,104.5,83.3,0,2024-09-01T20:32:09.000Z
"9/1/2024, 4:37:09 PM",3.664,104.9,82.6,0,2024-09-01T20:37:09.000Z
"9/1/2024, 4:42:09 PM",3.664,104.9,82.9,0,2024-09-01T20:42:09.000Z
"9/1/2024, 4:47:09 PM",3.665,104.4,83,0,2024-09-01T20:47:09.000Z
"9/1/2024, 4:52:09 PM",3.665,104.2,82.6,0,2024-09-01T20:52:09.000Z
"9/1/2024, 4:57:09 PM",3.665,104.2,82.8,0,2024-09-01T20:57:09.000Z
"9/1/2024, 5:02:09 PM",3.664,103.8,82.7,0,2024-09-01T21:02:09.000Z
"9/1/2024, 5:07:09 PM",3.665,103.8,82.8,0,2024-09-01T21:07:09.000Z
"9/1/2024, 5:12:09 PM",3.665,103.8,83,0,2024-09-01T21:12:09.000Z
"9/1/2024, 5:17:09 PM",3.665,103.6,81.7,0,2024-09-01T21:17:09.000Z
"9/1/2024, 5:22:09 PM",3.665,103.5,81.1,0,2024-09-01T21:22:09.000Z
"9/1/2024, 5:27:09 PM",3.665,103.3,80.8,0,2024-09-01T21:27:09.000Z
"9/1/2024, 5:32:09 PM",3.665,103.1,81.2,0,2024-09-01T21:32:09.000Z
"9/1/2024, 5:37:09 PM",3.665,102.9,81.9,0,2024-09-01T21:37:09.000Z
"9/1/2024, 5:42:09 PM",3.665,102.4,81.8,0,2024-09-01T21:42:09.000Z
"9/1/2024, 5:47:09 PM",3.665,101.8,81.5,0,2024-09-01T21:47:09.000Z
"9/1/2024, 5:52:09 PM",3.665,101.5,81,0,2024-09-01T21:52:09.000Z
"9/1/2024, 5:57:09 PM",3.666,101.1,80.9,0,2024-09-01T21:57:09.000Z
"9/1/2024, 6:02:09 PM",3.665,100.9,81.6,0,2024-09-01T22:02:09.000Z
"9/1/2024, 6:07:09 PM",3.666,100.6,82.2,0,2024-09-01T22:07:09.000Z
"9/1/2024, 6:12:09 PM",3.666,100,82.7,0,2024-09-01T22:12:09.000Z
"9/1/2024, 6:17:09 PM",3.666,99.7,82.3,0,2024-09-01T22:17:09.000Z
"9/1/2024, 6:22:09 PM",3.666,99,82.7,0,2024-09-01T22:22:09.000Z
"9/1/2024, 6:27:09 PM",3.666,99,83.2,0,2024-09-01T22:27:09.000Z
"9/1/2024, 6:32:09 PM",3.666,98.2,83.6,0,2024-09-01T22:32:09.000Z
"9/1/2024, 6:37:09 PM",3.666,97.7,83.9,0,2024-09-01T22:37:09.000Z
"9/1/2024, 6:42:09 PM",3.666,97.2,84.4,0,2024-09-01T22:42:09.000Z
"9/1/2024, 6:47:09 PM",3.666,96.8,84.6,0,2024-09-01T22:47:09.000Z
"9/1/2024, 6:52:09 PM",3.666,96.4,84.5,0,2024-09-01T22:52:09.000Z
"9/1/2024, 6:57:09 PM",3.666,95.9,84.7,0,2024-09-01T22:57:09.000Z
"9/1/2024, 7:02:09 PM",3.667,95.5,84.7,0,2024-09-01T23:02:09.000Z
"9/1/2024, 7:07:09 PM",3.667,94.8,84.7,0,2024-09-01T23:07:09.000Z
"9/1/2024, 7:12:09 PM",3.667,94.5,85,0,2024-09-01T23:12:09.000Z
"9/1/2024, 7:17:09 PM",3.667,93.9,85.1,0,2024-09-01T23:17:09.000Z
"9/1/2024, 7:22:09 PM",3.668,93.4,84.9,0,2024-09-01T23:22:09.000Z
"9/1/2024, 7:27:09 PM",3.667,92.7,84.7,0,2024-09-01T23:27:09.000Z
"9/1/2024, 7:32:09 PM",3.667,91.9,84.6,0,2024-09-01T23:32:09.000Z
"9/1/2024, 7:37:09 PM",3.667,91,84.5,0,2024-09-01T23:37:09.000Z
"9/1/2024, 7:42:09 PM",3.667,90.3,84.5,0,2024-09-01T23:42:09.000Z
"9/1/2024, 7:47:09 PM",3.667,89.6,84.5,0,2024-09-01T23:47:09.000Z
"9/1/2024, 7:52:09 PM",3.668,88.9,84.4,0,2024-09-01T23:52:09.000Z
"9/1/2024, 7:57:09 PM",3.668,88,84.5,0,2024-09-01T23:57:09.000Z
"9/1/2024, 8:02:09 PM",3.668,87.4,84.6,0,2024-09-02T00:02:09.000Z
"9/1/2024, 8:07:09 PM",3.668,86.9,85.1,0,2024-09-02T00:07:09.000Z
"9/1/2024, 8:12:09 PM",3.668,86.4,85.5,0,2024-09-02T00:12:09.000Z
"9/1/2024, 8:17:09 PM",3.668,85.8,86,0,2024-09-02T00:17:09.000Z
"9/1/2024, 8:22:09 PM",3.668,85.3,86.5,0,2024-09-02T00:22:09.000Z
"9/1/2024, 8:27:09 PM",3.669,84.9,87,0,2024-09-02T00:27:09.000Z
"9/1/2024, 8:32:09 PM",3.668,84.6,87.5,0,2024-09-02T00:32:09.000Z
"9/1/2024, 8:37:09 PM",3.669,84.2,88.1,0,2024-09-02T00:37:09.000Z
"9/1/2024, 8:42:09 PM",3.669,84,88.5,0,2024-09-02T00:42:09.000Z
"9/1/2024, 8:47:09 PM",3.669,83.8,88.9,0,2024-09-02T00:47:09.000Z
"9/1/2024, 8:52:09 PM",3.669,83.7,89.4,0,2024-09-02T00:52:09.000Z
"9/1/2024, 8:57:09 PM",3.669,83.3,89.8,0,2024-09-02T00:57:09.000Z
"9/1/2024, 9:02:09 PM",3.668,83.1,90.1,0,2024-09-02T01:02:09.000Z
"9/1/2024, 9:07:09 PM",3.67,82.9,90.4,0,2024-09-02T01:07:09.000Z
"9/1/2024, 9:12:09 PM",3.669,82.8,90.9,0,2024-09-02T01:12:09.000Z
"9/1/2024, 9:17:09 PM",3.669,82.6,91.3,0,2024-09-02T01:17:09.000Z
"9/1/2024, 9:22:09 PM",3.669,82.4,91.7,0,2024-09-02T01:22:09.000Z
"9/1/2024, 9:27:09 PM",3.669,82.4,92.2,0,2024-09-02T01:27:09.000Z
"9/1/2024, 9:32:09 PM",3.67,82.4,92.5,0,2024-09-02T01:32:09.000Z
"9/1/2024, 9:37:09 PM",3.669,82.2,92.9,0,2024-09-02T01:37:09.000Z
"9/1/2024, 9:42:09 PM",3.669,82.2,93.2,0,2024-09-02T01:42:09.000Z
"9/1/2024, 9:47:09 PM",3.669,82.2,93.5,0,2024-09-02T01:47:09.000Z
"9/1/2024, 9:52:09 PM",3.67,82.2,93.7,0,2024-09-02T01:52:09.000Z
"9/1/2024, 9:57:09 PM",3.669,82,93.9,0,2024-09-02T01:57:09.000Z
"9/1/2024, 10:02:09 PM",3.669,81.9,94,0,2024-09-02T02:02:09.000Z
"9/1/2024, 10:07:09 PM",3.669,81.9,94.2,0,2024-09-02T02:07:09.000Z
"9/1/2024, 10:12:09 PM",3.669,81.7,94.3,0,2024-09-02T02:12:09.000Z
"9/1/2024, 10:17:09 PM",3.67,81.5,94.3,0,2024-09-02T02:17:09.000Z
"9/1/2024, 10:22:09 PM",3.669,81.3,94.3,0,2024-09-02T02:22:09.000Z
"9/1/2024, 10:27:09 PM",3.669,81.1,94.4,0,2024-09-02T02:27:09.000Z
"9/1/2024, 10:32:09 PM",3.669,81,94.5,0,2024-09-02T02:32:09.000Z
"9/1/2024, 10:37:09 PM",3.669,81,94.6,0,2024-09-02T02:37:09.000Z
"9/1/2024, 10:42:09 PM",3.669,80.8,94.7,0,2024-09-02T02:42:09.000Z
"9/1/2024, 10:47:09 PM",3.67,80.6,94.8,0,2024-09-02T02:47:09.000Z
"9/1/2024, 10:52:09 PM",3.67,80.4,94.9,0,2024-09-02T02:52:09.000Z
"9/1/2024, 10:57:09 PM",3.67,80.4,95.1,0,2024-09-02T02:57:09.000Z
"9/1/2024, 11:02:09 PM",3.67,80.4,95.4,0,2024-09-02T03:02:09.000Z
"9/1/2024, 11:07:09 PM",3.669,80.6,96,0,2024-09-02T03:07:09.000Z
"9/1/2024, 11:12:09 PM",3.669,80.8,96.7,0,2024-09-02T03:12:09.000Z
"9/1/2024, 11:17:09 PM",3.67,80.8,97.4,0,2024-09-02T03:17:09.000Z
"9/1/2024, 11:22:09 PM",3.67,81,98,0,2024-09-02T03:22:09.000Z
"9/1/2024, 11:27:09 PM",3.669,81,98.5,0,2024-09-02T03:27:09.000Z
"9/1/2024, 11:32:09 PM",3.67,81,98.9,0,2024-09-02T03:32:09.000Z
"9/1/2024, 11:37:09 PM",3.67,81,99.3,0,2024-09-02T03:37:09.000Z
"9/1/2024, 11:42:09 PM",3.669,81.1,99.6,0,2024-09-02T03:42:09.000Z
"9/1/2024, 11:47:09 PM",3.669,81.1,100,0,2024-09-02T03:47:09.000Z
"9/1/2024, 11:52:09 PM",3.669,81.1,100,0,2024-09-02T03:52:09.000Z
"9/1/2024, 11:57:09 PM",3.669,81,100,0,2024-09-02T03:57:09.000Z
"9/2/2024, 12:02:09 AM",3.67,81,100,0,2024-09-02T04:02:09.000Z
"9/2/2024, 12:07:09 AM",3.669,81,100,0,2024-09-02T04:07:09.000Z
"9/2/2024, 12:12:09 AM",3.669,81,100,0,2024-09-02T04:12:09.000Z
"9/2/2024, 12:17:09 AM",3.669,81,100,0,2024-09-02T04:17:09.000Z
"9/2/2024, 12:22:09 AM",3.669,81,100,0,2024-09-02T04:22:09.000Z
"9/2/2024, 12:27:09 AM",3.669,80.8,100,0,2024-09-02T04:27:09.000Z
"9/2/2024, 12:32:09 AM",3.67,80.8,100,0,2024-09-02T04:32:09.000Z
"9/2/2024, 12:37:09 AM",3.669,80.8,100,0,2024-09-02T04:37:09.000Z
"9/2/2024, 12:42:09 AM",3.669,80.6,100,0,2024-09-02T04:42:09.000Z
"9/2/2024, 12:47:09 AM",3.669,80.6,100,0,2024-09-02T04:47:09.000Z
"9/2/2024, 12:52:09 AM",3.669,80.6,100,0,2024-09-02T04:52:09.000Z
"9/2/2024, 12:57:09 AM",3.669,80.4,100,0,2024-09-02T04:57:09.000Z
"9/2/2024, 1:02:09 AM",3.669,80.4,100,0,2024-09-02T05:02:09.000Z
"9/2/2024, 1:07:09 AM",3.67,80.4,100,0,2024-09-02T05:07:09.000Z
"9/2/2024, 1:12:09 AM",3.669,80.4,100,0,2024-09-02T05:12:09.000Z
"9/2/2024, 1:17:09 AM",3.669,80.2,100,0,2024-09-02T05:17:09.000Z
"9/2/2024, 1:22:09 AM",3.669,80.1,100,0,2024-09-02T05:22:09.000Z
"9/2/2024, 1:27:09 AM",3.669,80.1,100,0,2024-09-02T05:27:09.000Z
"9/2/2024, 1:32:09 AM",3.669,80.1,100,0,2024-09-02T05:32:09.000Z
"9/2/2024, 1:37:09 AM",3.669,79.9,100,0,2024-09-02T05:37:09.000Z
"9/2/2024, 1:42:09 AM",3.67,79.7,100,0,2024-09-02T05:42:09.000Z
"9/2/2024, 1:47:09 AM",3.67,79.5,100,0,2024-09-02T05:47:09.000Z
"9/2/2024, 1:52:09 AM",3.669,79.5,100,0,2024-09-02T05:52:09.000Z
"9/2/2024, 1:57:09 AM",3.669,79.3,100,0,2024-09-02T05:57:09.000Z
"9/2/2024, 2:02:09 AM",3.67,79.2,100,0,2024-09-02T06:02:09.000Z
"9/2/2024, 2:07:09 AM",3.67,79,100,0,2024-09-02T06:07:09.000Z
"9/2/2024, 2:12:09 AM",3.67,79,100,0,2024-09-02T06:12:09.000Z
"9/2/2024, 2:17:09 AM",3.669,79,100,0,2024-09-02T06:17:09.000Z
"9/2/2024, 2:22:09 AM",3.669,79,100,0,2024-09-02T06:22:09.000Z
"9/2/2024, 2:27:09 AM",3.669,79,100,0,2024-09-02T06:27:09.000Z
"9/2/2024, 2:32:09 AM",3.669,79,100,0,2024-09-02T06:32:09.000Z
"9/2/2024, 2:37:09 AM",3.669,79,100,0,2024-09-02T06:37:09.000Z
"9/2/2024, 2:42:09 AM",3.67,79,100,0,2024-09-02T06:42:09.000Z
"9/2/2024, 2:47:09 AM",3.67,79,100,0,2024-09-02T06:47:09.000Z
"9/2/2024, 2:52:09 AM",3.67,79,100,0,2024-09-02T06:52:09.000Z
"9/2/2024, 2:57:09 AM",3.669,78.8,100,0,2024-09-02T06:57:09.000Z
"9/2/2024, 3:02:09 AM",3.67,78.8,100,0,2024-09-02T07:02:09.000Z
"9/2/2024, 3:07:09 AM",3.669,78.6,100,0,2024-09-02T07:07:09.000Z
"9/2/2024, 3:12:09 AM",3.669,78.6,100,0,2024-09-02T07:12:09.000Z
"9/2/2024, 3:17:09 AM",3.669,78.6,100,0,2024-09-02T07:17:09.000Z
"9/2/2024, 3:22:09 AM",3.67,78.4,100,0,2024-09-02T07:22:09.000Z
"9/2/2024, 3:27:09 AM",3.669,78.4,100,0,2024-09-02T07:27:09.000Z
"9/2/2024, 3:32:09 AM",3.67,78.3,100,0,2024-09-02T07:32:09.000Z
"9/2/2024, 3:37:09 AM",3.67,78.3,100,0,2024-09-02T07:37:09.000Z
"9/2/2024, 3:42:09 AM",3.669,78.3,100,0,2024-09-02T07:42:09.000Z
"9/2/2024, 3:47:09 AM",3.67,78.1,100,0,2024-09-02T07:47:09.000Z
"9/2/2024, 3:52:09 AM",3.67,78.1,100,0,2024-09-02T07:52:09.000Z
"9/2/2024, 3:57:09 AM",3.67,78.1,100,0,2024-09-02T07:57:09.000Z
"9/2/2024, 4:02:09 AM",3.669,78.1,100,0,2024-09-02T08:02:09.000Z
"9/2/2024, 4:07:09 AM",3.669,78.1,100,0,2024-09-02T08:07:09.000Z
"9/2/2024, 4:12:09 AM",3.669,78.1,100,0,2024-09-02T08:12:09.000Z
"9/2/2024, 4:17:09 AM",3.67,77.9,100,0,2024-09-02T08:17:09.000Z
"9/2/2024, 4:22:09 AM",3.67,77.9,100,0,2024-09-02T08:22:09.000Z
"9/2/2024, 4:27:09 AM",3.67,77.9,100,0,2024-09-02T08:27:09.000Z
"9/2/2024, 4:32:09 AM",3.669,77.7,100,0,2024-09-02T08:32:09.000Z
"9/2/2024, 4:37:09 AM",3.669,77.4,100,0,2024-09-02T08:37:09.000Z
"9/2/2024, 4:42:09 AM",3.67,77.2,100,0,2024-09-02T08:42:09.000Z
"9/2/2024, 4:47:09 AM",3.67,77,100,0,2024-09-02T08:47:09.000Z
"9/2/2024, 4:52:09 AM",3.67,77.2,100,0,2024-09-02T08:52:09.000Z
"9/2/2024, 4:57:09 AM",3.67,77.2,100,0,2024-09-02T08:57:09.000Z
"9/2/2024, 5:02:09 AM",3.67,77,100,0,2024-09-02T09:02:09.000Z
"9/2/2024, 5:07:09 AM",3.67,77,100,0,2024-09-02T09:07:09.000Z
"9/2/2024, 5:12:09 AM",3.67,76.6,100,0,2024-09-02T09:12:09.000Z
"9/2/2024, 5:17:09 AM",3.669,76.5,100,0,2024-09-02T09:17:09.000Z
"9/2/2024, 5:22:09 AM",3.67,76.3,100,0,2024-09-02T09:22:09.000Z
"9/2/2024, 5:27:09 AM",3.669,76.1,100,0,2024-09-02T09:27:09.000Z
"9/2/2024, 5:32:09 AM",3.67,76.1,100,0,2024-09-02T09:32:09.000Z
"9/2/2024, 5:37:09 AM",3.67,76.1,100,0,2024-09-02T09:37:09.000Z
"9/2/2024, 5:42:09 AM",3.67,76.1,100,0,2024-09-02T09:42:09.000Z
"9/2/2024, 5:47:09 AM",3.67,75.9,100,0,2024-09-02T09:47:09.000Z
"9/2/2024, 5:52:09 AM",3.67,75.9,100,0,2024-09-02T09:52:09.000Z
"9/2/2024, 5:57:09 AM",3.669,75.7,100,0,2024-09-02T09:57:09.000Z
"9/2/2024, 6:02:09 AM",3.67,75.6,100,0,2024-09-02T10:02:09.000Z
"9/2/2024, 6:07:09 AM",3.669,75.6,100,0,2024-09-02T10:07:09.000Z
"9/2/2024, 6:12:09 AM",3.67,75.6,100,0,2024-09-02T10:12:09.000Z
"9/2/2024, 6:17:09 AM",3.67,75.6,100,0,2024-09-02T10:17:09.000Z
"9/2/2024, 6:22:09 AM",3.67,75.6,100,0,2024-09-02T10:22:09.000Z
"9/2/2024, 6:27:09 AM",3.67,75.6,100,0,2024-09-02T10:27:09.000Z
"9/2/2024, 6:32:09 AM",3.67,75.6,100,0,2024-09-02T10:32:09.000Z
"9/2/2024, 6:37:09 AM",3.67,75.7,100,0,2024-09-02T10:37:09.000Z
"9/2/2024, 6:42:09 AM",3.67,75.7,100,0,2024-09-02T10:42:09.000Z
"9/2/2024, 6:47:09 AM",3.67,75.7,100,0,2024-09-02T10:47:09.000Z
"9/2/2024, 6:52:09 AM",3.67,75.7,100,0,2024-09-02T10:52:09.000Z
"9/2/2024, 6:57:09 AM",3.67,75.9,100,0,2024-09-02T10:57:09.000Z
"9/2/2024, 7:02:09 AM",3.67,75.9,100,0,2024-09-02T11:02:09.000Z
"9/2/2024, 7:07:09 AM",3.67,75.9,100,0,2024-09-02T11:07:09.000Z
"9/2/2024, 7:12:09 AM",3.67,75.9,100,0,2024-09-02T11:12:09.000Z
"9/2/2024, 7:17:09 AM",3.67,75.7,100,0,2024-09-02T11:17:09.000Z
"9/2/2024, 7:22:09 AM",3.669,75.6,100,0,2024-09-02T11:22:09.000Z
"9/2/2024, 7:27:09 AM",3.669,75.6,100,0,2024-09-02T11:27:09.000Z
"9/2/2024, 7:32:09 AM",3.67,75.6,100,0,2024-09-02T11:32:09.000Z
"9/2/2024, 7:37:09 AM",3.669,75.6,100,0,2024-09-02T11:37:09.000Z
"9/2/2024, 7:42:09 AM",3.67,75.6,100,0,2024-09-02T11:42:09.000Z
"9/2/2024, 7:47:09 AM",3.67,75.6,100,0,2024-09-02T11:47:09.000Z
"9/2/2024, 7:52:09 AM",3.67,75.7,100,0,2024-09-02T11:52:09.000Z
"9/2/2024, 7:57:09 AM",3.669,75.9,100,0,2024-09-02T11:57:09.000Z
"9/2/2024, 8:02:09 AM",3.67,75.9,100,0,2024-09-02T12:02:09.000Z
"9/2/2024, 8:07:09 AM",3.669,76.1,100,0,2024-09-02T12:07:09.000Z
"9/2/2024, 8:12:09 AM",3.67,76.3,100,0,2024-09-02T12:12:09.000Z
"9/2/2024, 8:17:09 AM",3.67,76.3,100,0,2024-09-02T12:17:09.000Z
"9/2/2024, 8:22:09 AM",3.669,76.5,100,0,2024-09-02T12:22:09.000Z
"9/2/2024, 8:27:09 AM",3.67,76.6,100,0,2024-09-02T12:27:09.000Z
"9/2/2024, 8:32:09 AM",3.67,76.8,100,0,2024-09-02T12:32:09.000Z
"9/2/2024, 8:37:09 AM",3.669,76.8,100,0,2024-09-02T12:37:09.000Z
"9/2/2024, 8:42:09 AM",3.67,77,100,0,2024-09-02T12:42:09.000Z
"9/2/2024, 8:47:09 AM",3.67,77,100,0,2024-09-02T12:47:09.000Z
"9/2/2024, 8:52:09 AM",3.67,77.2,100,0,2024-09-02T12:52:09.000Z
"9/2/2024, 8:57:09 AM",3.67,77.4,100,0,2024-09-02T12:57:09.000Z
"9/2/2024, 9:02:09 AM",3.669,77.5,100,0,2024-09-02T13:02:09.000Z
"9/2/2024, 9:07:09 AM",3.669,77.9,100,0,2024-09-02T13:07:09.000Z
"9/2/2024, 9:12:09 AM",3.669,78.1,100,0,2024-09-02T13:12:09.000Z
"9/2/2024, 9:17:09 AM",3.669,78.4,100,0,2024-09-02T13:17:09.000Z
"9/2/2024, 9:22:09 AM",3.669,78.8,100,0,2024-09-02T13:22:09.000Z
"9/2/2024, 9:27:09 AM",3.669,79,100,0,2024-09-02T13:27:09.000Z
"9/2/2024, 9:32:09 AM",3.669,79,100,0,2024-09-02T13:32:09.000Z
"9/2/2024, 9:37:09 AM",3.669,79.3,100,0,2024-09-02T13:37:09.000Z
"9/2/2024, 9:42:09 AM",3.669,79.5,100,0,2024-09-02T13:42:09.000Z
"9/2/2024, 9:47:09 AM",3.669,79.9,100,0,2024-09-02T13:47:09.000Z
"9/2/2024, 9:52:09 AM",3.669,80.2,100,0,2024-09-02T13:52:09.000Z
"9/2/2024, 9:57:09 AM",3.669,80.6,100,0,2024-09-02T13:57:09.000Z
"9/2/2024, 10:02:09 AM",3.669,81,100,0,2024-09-02T14:02:09.000Z
"9/2/2024, 10:07:09 AM",3.669,81.1,100,0,2024-09-02T14:07:09.000Z
"9/2/2024, 10:12:09 AM",3.669,81.5,100,0,2024-09-02T14:12:09.000Z
"9/2/2024, 10:17:09 AM",3.669,81.9,100,0,2024-09-02T14:17:09.000Z
"9/2/2024, 10:22:09 AM",3.669,82.2,100,0,2024-09-02T14:22:09.000Z
"9/2/2024, 10:27:09 AM",3.669,82.6,100,0,2024-09-02T14:27:09.000Z
"9/2/2024, 10:32:09 AM",3.669,82.8,100,0,2024-09-02T14:32:09.000Z
"9/2/2024, 10:37:09 AM",3.669,83.1,100,0,2024-09-02T14:37:09.000Z
"9/2/2024, 10:42:09 AM",3.669,83.7,100,0,2024-09-02T14:42:09.000Z
"9/2/2024, 10:47:09 AM",3.668,84,100,0,2024-09-02T14:47:09.000Z
"9/2/2024, 10:52:09 AM",3.669,84.6,100,0,2024-09-02T14:52:09.000Z
"9/2/2024, 10:57:09 AM",3.668,84.9,100,0,2024-09-02T14:57:09.000Z
"9/2/2024, 11:02:09 AM",3.668,85.6,100,0,2024-09-02T15:02:09.000Z
"9/2/2024, 11:07:09 AM",3.668,86,100,0,2024-09-02T15:07:09.000Z
"9/2/2024, 11:12:09 AM",3.668,86.5,100,0,2024-09-02T15:12:09.000Z
"9/2/2024, 11:17:09 AM",3.668,87.1,100,0,2024-09-02T15:17:09.000Z
"9/2/2024, 11:22:09 AM",3.668,87.8,100,0,2024-09-02T15:22:09.000Z
"9/2/2024, 11:27:09 AM",3.668,88.2,100,0,2024-09-02T15:27:09.000Z
"9/2/2024, 11:32:09 AM",3.668,88.5,100,0,2024-09-02T15:32:09.000Z
"9/2/2024, 11:37:09 AM",3.667,88.9,100,0,2024-09-02T15:37:09.000Z
"9/2/2024, 11:42:09 AM",3.667,89.2,100,0,2024-09-02T15:42:09.000Z
"9/2/2024, 11:47:09 AM",3.667,89.4,100,0,2024-09-02T15:47:09.000Z
"9/2/2024, 11:52:09 AM",3.668,89.6,100,0,2024-09-02T15:52:09.000Z
"9/2/2024, 11:57:09 AM",3.668,90,100,0,2024-09-02T15:57:09.000Z
"9/2/2024, 12:02:09 PM",3.667,90.1,100,0,2024-09-02T16:02:09.000Z
"9/2/2024, 12:07:09 PM",3.667,90.3,100,0,2024-09-02T16:07:09.000Z
"9/2/2024, 12:12:09 PM",3.667,90.3,100,0,2024-09-02T16:12:09.000Z
"9/2/2024, 12:17:09 PM",3.667,90.7,100,0,2024-09-02T16:17:09.000Z
"9/2/2024, 12:22:09 PM",3.667,91,100,0,2024-09-02T16:22:09.000Z
"9/2/2024, 12:27:09 PM",3.667,91.2,100,0,2024-09-02T16:27:09.000Z
"9/2/2024, 12:32:09 PM",3.667,91.8,100,0,2024-09-02T16:32:09.000Z
"9/2/2024, 12:37:09 PM",3.667,92.5,100,0,2024-09-02T16:37:09.000Z
"9/2/2024, 12:42:09 PM",3.667,93.2,100,0,2024-09-02T16:42:09.000Z
"9/2/2024, 12:47:09 PM",3.667,93,100,0,2024-09-02T16:47:09.000Z
"9/2/2024, 12:52:09 PM",3.667,93.2,100,0,2024-09-02T16:52:09.000Z
"9/2/2024, 12:57:09 PM",3.667,93.6,100,0,2024-09-02T16:57:09.000Z
"9/2/2024, 1:02:09 PM",3.666,93.7,100,0,2024-09-02T17:02:09.000Z
"9/2/2024, 1:07:09 PM",3.667,93.9,100,0,2024-09-02T17:07:09.000Z
"9/2/2024, 1:12:09 PM",3.667,94.3,100,0,2024-09-02T17:12:09.000Z
"9/2/2024, 1:17:09 PM",3.667,94.6,100,0,2024-09-02T17:17:09.000Z
"9/2/2024, 1:22:09 PM",3.667,94.8,100,0,2024-09-02T17:22:09.000Z
"9/2/2024, 1:27:09 PM",3.666,95,100,0,2024-09-02T17:27:09.000Z
"9/2/2024, 1:32:09 PM",3.667,95.2,100,0,2024-09-02T17:32:09.000Z
"9/2/2024, 1:37:09 PM",3.666,95.4,100,0,2024-09-02T17:37:09.000Z
"9/2/2024, 1:42:09 PM",3.667,95.5,100,0,2024-09-02T17:42:09.000Z
"9/2/2024, 1:47:09 PM",3.666,95.9,100,0,2024-09-02T17:47:09.000Z
"9/2/2024, 1:52:09 PM",3.666,96.1,100,0,2024-09-02T17:52:09.000Z
"9/2/2024, 1:57:09 PM",3.666,96.3,100,0,2024-09-02T17:57:09.000Z
"9/2/2024, 2:02:09 PM",3.666,96.3,100,0,2024-09-02T18:02:09.000Z
"9/2/2024, 2:07:09 PM",3.666,96.3,100,0,2024-09-02T18:07:09.000Z
"9/2/2024, 2:12:09 PM",3.666,96.3,100,0,2024-09-02T18:12:09.000Z
"9/2/2024, 2:17:09 PM",3.666,96.4,100,0,2024-09-02T18:17:09.000Z
"9/2/2024, 2:22:09 PM",3.666,96.4,100,0,2024-09-02T18:22:09.000Z
"9/2/2024, 2:27:09 PM",3.666,96.4,100,0,2024-09-02T18:27:09.000Z
"9/2/2024, 2:32:09 PM",3.666,96.4,100,0,2024-09-02T18:32:09.000Z
"9/2/2024, 2:37:09 PM",3.666,96.4,100,0,2024-09-02T18:37:09.000Z
"9/2/2024, 2:42:09 PM",3.666,96.6,100,0,2024-09-02T18:42:09.000Z
"9/2/2024, 2:47:09 PM",3.666,96.6,100,0,2024-09-02T18:47:09.000Z
"9/2/2024, 2:52:09 PM",3.666,96.6,100,0,2024-09-02T18:52:09.000Z
"9/2/2024, 2:57:09 PM",3.667,96.6,100,0,2024-09-02T18:57:09.000Z
"9/2/2024, 3:02:09 PM",3.666,96.6,100,0,2024-09-02T19:02:09.000Z
"9/2/2024, 3:07:09 PM",3.666,96.8,99.6,0,2024-09-02T19:07:09.000Z
"9/2/2024, 3:12:09 PM",3.666,96.8,99.2,0,2024-09-02T19:12:09.000Z
"9/2/2024, 3:17:09 PM",3.666,96.8,98.8,0,2024-09-02T19:17:09.000Z
"9/2/2024, 3:22:09 PM",3.666,96.8,98.3,0,2024-09-02T19:22:09.000Z
"9/2/2024, 3:27:09 PM",3.666,96.8,97.5,0,2024-09-02T19:27:09.000Z
"9/2/2024, 3:32:09 PM",3.666,96.8,96.9,0,2024-09-02T19:32:09.000Z
"9/2/2024, 3:37:09 PM",3.666,96.6,96.4,0,2024-09-02T19:37:09.000Z
"9/2/2024, 3:42:09 PM",3.666,96.6,95.8,0,2024-09-02T19:42:09.000Z
"9/2/2024, 3:47:09 PM",3.666,96.4,95.3,0,2024-09-02T19:47:09.000Z
"9/2/2024, 3:52:09 PM",3.666,96.4,95,0,2024-09-02T19:52:09.000Z
"9/2/2024, 3:57:09 PM",3.666,96.4,94.4,0,2024-09-02T19:57:09.000Z
"9/2/2024, 4:02:09 PM",3.666,96.4,94.1,0,2024-09-02T20:02:09.000Z
"9/2/2024, 4:07:09 PM",3.666,96.3,93.6,0,2024-09-02T20:07:09.000Z
"9/2/2024, 4:12:09 PM",3.666,96.1,93,0,2024-09-02T20:12:09.000Z
"9/2/2024, 4:17:09 PM",3.666,95.9,92.1,0,2024-09-02T20:17:09.000Z
"9/2/2024, 4:22:09 PM",3.666,95.5,91.3,0,2024-09-02T20:22:09.000Z
"9/2/2024, 4:27:09 PM",3.666,95.4,90.5,0,2024-09-02T20:27:09.000Z
"9/2/2024, 4:32:09 PM",3.666,95.2,89.9,0,2024-09-02T20:32:09.000Z
"9/2/2024, 4:37:09 PM",3.666,95.2,90,0,2024-09-02T20:37:09.000Z
"9/2/2024, 4:42:09 PM",3.666,95,89.4,0,2024-09-02T20:42:09.000Z
"9/2/2024, 4:47:09 PM",3.666,94.8,88.9,0,2024-09-02T20:47:09.000Z
"9/2/2024, 4:52:09 PM",3.666,94.5,88.6,0,2024-09-02T20:52:09.000Z
"9/2/2024, 4:57:09 PM",3.666,94.3,88.5,0,2024-09-02T20:57:09.000Z
"9/2/2024, 5:02:09 PM",3.667,94.3,88.2,0,2024-09-02T21:02:09.000Z
"9/2/2024, 5:07:09 PM",3.666,93.9,87.6,0,2024-09-02T21:07:09.000Z
"9/2/2024, 5:12:09 PM",3.666,93.9,87.5,0,2024-09-02T21:12:09.000Z
"9/2/2024, 5:17:09 PM",3.667,93.7,87.6,0,2024-09-02T21:17:09.000Z
"9/2/2024, 5:22:09 PM",3.667,93.6,87.6,0,2024-09-02T21:22:09.000Z
"9/2/2024, 5:27:09 PM",3.667,93.6,87.7,0,2024-09-02T21:27:09.000Z
"9/2/2024, 5:32:09 PM",3.667,93.4,87.6,0,2024-09-02T21:32:09.000Z
"9/2/2024, 5:37:09 PM",3.667,93,87.1,0,2024-09-02T21:37:09.000Z
"9/2/2024, 5:42:09 PM",3.667,92.8,86.5,0,2024-09-02T21:42:09.000Z
"9/2/2024, 5:47:09 PM",3.667,92.8,86.3,0,2024-09-02T21:47:09.000Z
"9/2/2024, 5:52:09 PM",3.667,92.5,86.1,0,2024-09-02T21:52:09.000Z
"9/2/2024, 5:57:09 PM",3.667,92.3,86.4,0,2024-09-02T21:57:09.000Z
"9/2/2024, 6:02:09 PM",3.667,92.1,86.6,0,2024-09-02T22:02:09.000Z
"9/2/2024, 6:07:09 PM",3.667,91.6,86.4,0,2024-09-02T22:07:09.000Z
"9/2/2024, 6:12:09 PM",3.667,91.2,86.2,0,2024-09-02T22:12:09.000Z
"9/2/2024, 6:17:09 PM",3.668,90.9,86.2,0,2024-09-02T22:17:09.000Z
"9/2/2024, 6:22:09 PM",3.667,90.3,86.3,0,2024-09-02T22:22:09.000Z
"9/2/2024, 6:27:09 PM",3.667,90,86.7,0,2024-09-02T22:27:09.000Z
"9/2/2024, 6:32:09 PM",3.667,89.4,86.8,0,2024-09-02T22:32:09.000Z
"9/2/2024, 6:37:09 PM",3.667,88.9,87.1,0,2024-09-02T22:37:09.000Z
"9/2/2024, 6:42:09 PM",3.668,88.5,87.5,0,2024-09-02T22:42:09.000Z
"9/2/2024, 6:47:09 PM",3.667,88,88.2,0,2024-09-02T22:47:09.000Z
"9/2/2024, 6:52:09 PM",3.667,87.4,88.7,0,2024-09-02T22:52:09.000Z
"9/2/2024, 6:57:09 PM",3.668,87.1,89,0,2024-09-02T22:57:09.000Z
"9/2/2024, 7:02:09 PM",3.668,86.7,89.3,0,2024-09-02T23:02:09.000Z
"9/2/2024, 7:07:09 PM",3.668,86.2,89.6,0,2024-09-02T23:07:09.000Z
"9/2/2024, 7:12:09 PM",3.668,85.6,89.7,0,2024-09-02T23:12:09.000Z
"9/2/2024, 7:17:09 PM",3.668,85.1,90.3,0,2024-09-02T23:17:09.000Z
"9/2/2024, 7:22:09 PM",3.668,84.6,90.7,0,2024-09-02T23:22:09.000Z
"9/2/2024, 7:27:09 PM",3.668,84.2,90.8,0,2024-09-02T23:27:09.000Z
"9/2/2024, 7:32:09 PM",3.668,83.8,91.2,0,2024-09-02T23:32:09.000Z
"9/2/2024, 7:37:09 PM",3.668,83.3,91.5,0,2024-09-02T23:37:09.000Z
"9/2/2024, 7:42:09 PM",3.668,82.9,91.9,0,2024-09-02T23:42:09.000Z
"9/2/2024, 7:47:09 PM",3.668,82.6,92.3,0,2024-09-02T23:47:09.000Z
"9/2/2024, 7:52:09 PM",3.669,82.2,92.5,0,2024-09-02T23:52:09.000Z
"9/2/2024, 7:57:09 PM",3.669,81.9,92.8,0,2024-09-02T23:57:09.000Z
"9/2/2024, 8:02:09 PM",3.669,81.5,93.1,0,2024-09-03T00:02:09.000Z
"9/2/2024, 8:07:09 PM",3.669,81.1,93.1,0,2024-09-03T00:07:09.000Z
"9/2/2024, 8:12:09 PM",3.669,81,93.3,0,2024-09-03T00:12:09.000Z
"9/2/2024, 8:17:09 PM",3.669,80.6,93.4,0,2024-09-03T00:17:09.000Z
"9/2/2024, 8:22:09 PM",3.668,80.2,93.5,0,2024-09-03T00:22:09.000Z
"9/2/2024, 8:27:09 PM",3.669,80.1,93.5,0,2024-09-03T00:27:09.000Z
"9/2/2024, 8:32:09 PM",3.669,79.7,93.7,0,2024-09-03T00:32:09.000Z
"9/2/2024, 8:37:09 PM",3.669,79.5,93.9,0,2024-09-03T00:37:09.000Z
"9/2/2024, 8:42:09 PM",3.669,79.2,94.2,0,2024-09-03T00:42:09.000Z
"9/2/2024, 8:47:09 PM",3.669,79,94.8,0,2024-09-03T00:47:09.000Z
"9/2/2024, 8:52:09 PM",3.669,79,95.3,0,2024-09-03T00:52:09.000Z
"9/2/2024, 8:57:09 PM",3.669,79,95.9,0,2024-09-03T00:57:09.000Z
"9/2/2024, 9:02:09 PM",3.669,78.8,96.5,0,2024-09-03T01:02:09.000Z
"9/2/2024, 9:07:09 PM",3.669,78.6,96.7,0,2024-09-03T01:07:09.000Z
"9/2/2024, 9:12:09 PM",3.669,78.4,97,0,2024-09-03T01:12:09.000Z
"9/2/2024, 9:17:09 PM",3.669,78.3,97.1,0,2024-09-03T01:17:09.000Z
"9/2/2024, 9:22:09 PM",3.669,78.1,97.2,0,2024-09-03T01:22:09.000Z
"9/2/2024, 9:27:09 PM",3.669,77.9,97.2,0,2024-09-03T01:27:09.000Z
"9/2/2024, 9:32:09 PM",3.669,77.7,97.2,0,2024-09-03T01:32:09.000Z
"9/2/2024, 9:37:09 PM",3.669,77.5,97.3,0,2024-09-03T01:37:09.000Z
"9/2/2024, 9:42:09 PM",3.669,77.4,97.5,0,2024-09-03T01:42:09.000Z
"9/2/2024, 9:47:09 PM",3.669,77.2,97.6,0,2024-09-03T01:47:09.000Z
"9/2/2024, 9:52:09 PM",3.67,77.2,97.8,0,2024-09-03T01:52:09.000Z
"9/2/2024, 9:57:09 PM",3.67,77,97.9,0,2024-09-03T01:57:09.000Z
"9/2/2024, 10:02:09 PM",3.669,76.8,98.2,0,2024-09-03T02:02:09.000Z
"9/2/2024, 10:07:09 PM",3.669,76.8,98.5,0,2024-09-03T02:07:09.000Z
"9/2/2024, 10:12:09 PM",3.67,76.6,98.6,0,2024-09-03T02:12:09.000Z
"9/2/2024, 10:17:09 PM",3.67,76.5,98.7,0,2024-09-03T02:17:09.000Z
"9/2/2024, 10:22:09 PM",3.67,76.3,98.8,0,2024-09-03T02:22:09.000Z
"9/2/2024, 10:27:09 PM",3.67,76.1,98.8,0,2024-09-03T02:27:09.000Z
"9/2/2024, 10:32:09 PM",3.67,75.9,98.8,0,2024-09-03T02:32:09.000Z
"9/2/2024, 10:37:09 PM",3.669,75.7,98.8,0,2024-09-03T02:37:09.000Z
"9/2/2024, 10:42:09 PM",3.669,75.7,98.8,0,2024-09-03T02:42:09.000Z
"9/2/2024, 10:47:09 PM",3.669,75.6,98.8,0,2024-09-03T02:47:09.000Z
"9/2/2024, 10:52:09 PM",3.669,75.6,98.8,0,2024-09-03T02:52:09.000Z
"9/2/2024, 10:57:09 PM",3.67,75.4,98.9,0,2024-09-03T02:57:09.000Z
"9/2/2024, 11:02:09 PM",3.669,75.2,99,0,2024-09-03T03:02:09.000Z
"9/2/2024, 11:07:09 PM",3.67,75,98.9,0,2024-09-03T03:07:09.000Z
"9/2/2024, 11:12:09 PM",3.67,75,98.9,0,2024-09-03T03:12:09.000Z
"9/2/2024, 11:17:09 PM",3.669,74.8,99,0,2024-09-03T03:17:09.000Z
"9/2/2024, 11:22:09 PM",3.67,74.8,99,0,2024-09-03T03:22:09.000Z
"9/2/2024, 11:27:09 PM",3.669,74.7,99.2,0,2024-09-03T03:27:09.000Z
"9/2/2024, 11:32:09 PM",3.67,74.7,99.3,0,2024-09-03T03:32:09.000Z
"9/2/2024, 11:37:09 PM",3.67,74.7,99.6,0,2024-09-03T03:37:09.000Z
"9/2/2024, 11:42:09 PM",3.669,74.5,99.8,0,2024-09-03T03:42:09.000Z
"9/2/2024, 11:47:09 PM",3.67,74.5,100,0,2024-09-03T03:47:09.000Z
"9/2/2024, 11:52:09 PM",3.67,74.5,100,0,2024-09-03T03:52:09.000Z
"9/2/2024, 11:57:09 PM",3.67,74.5,100,0,2024-09-03T03:57:09.000Z
"9/3/2024, 12:02:09 AM",3.67,74.3,100,0,2024-09-03T04:02:09.000Z
"9/3/2024, 12:07:09 AM",3.669,74.3,100,0,2024-09-03T04:07:09.000Z
"9/3/2024, 12:12:09 AM",3.669,74.3,100,0,2024-09-03T04:12:09.000Z
"9/3/2024, 12:17:09 AM",3.67,74.1,100,0,2024-09-03T04:17:09.000Z
"9/3/2024, 12:22:09 AM",3.67,74.1,100,0,2024-09-03T04:22:09.000Z
"9/3/2024, 12:27:09 AM",3.669,74.1,100,0,2024-09-03T04:27:09.000Z
"9/3/2024, 12:32:09 AM",3.669,74.1,100,0,2024-09-03T04:32:09.000Z
"9/3/2024, 12:37:09 AM",3.67,74.1,100,0,2024-09-03T04:37:09.000Z
"9/3/2024, 12:42:09 AM",3.669,74.1,100,0,2024-09-03T04:42:09.000Z
"9/3/2024, 12:47:09 AM",3.67,74.1,100,0,2024-09-03T04:47:09.000Z
"9/3/2024, 12:52:09 AM",3.67,74.1,100,0,2024-09-03T04:52:09.000Z
"9/3/2024, 12:57:09 AM",3.669,74.1,100,0,2024-09-03T04:57:09.000Z
"9/3/2024, 1:02:09 AM",3.67,73.9,100,0,2024-09-03T05:02:09.000Z
"9/3/2024, 1:07:09 AM",3.669,73.9,100,0,2024-09-03T05:07:09.000Z
"9/3/2024, 1:12:09 AM",3.669,73.8,100,0,2024-09-03T05:12:09.000Z
"9/3/2024, 1:17:09 AM",3.669,73.8,100,0,2024-09-03T05:17:09.000Z
"9/3/2024, 1:22:09 AM",3.669,73.6,100,0,2024-09-03T05:22:09.000Z
"9/3/2024, 1:27:09 AM",3.669,73.4,100,0,2024-09-03T05:27:09.000Z
"9/3/2024, 1:32:09 AM",3.67,73.4,100,0,2024-09-03T05:32:09.000Z
"9/3/2024, 1:37:09 AM",3.67,73.2,100,0,2024-09-03T05:37:09.000Z
"9/3/2024, 1:42:09 AM",3.67,73.2,100,0,2024-09-03T05:42:09.000Z
"9/3/2024, 1:47:09 AM",3.67,73,100,0,2024-09-03T05:47:09.000Z
"9/3/2024, 1:52:09 AM",3.669,72.9,100,0,2024-09-03T05:52:09.000Z
"9/3/2024, 1:57:09 AM",3.67,72.9,100,0,2024-09-03T05:57:09.000Z
"9/3/2024, 2:02:09 AM",3.67,72.9,100,0,2024-09-03T06:02:09.000Z
"9/3/2024, 2:07:09 AM",3.67,72.9,100,0,2024-09-03T06:07:09.000Z
"9/3/2024, 2:12:09 AM",3.669,72.9,100,0,2024-09-03T06:12:09.000Z
"9/3/2024, 2:17:09 AM",3.669,72.9,100,0,2024-09-03T06:17:09.000Z
"9/3/2024, 2:22:09 AM",3.669,73,100,0,2024-09-03T06:22:09.000Z
"9/3/2024, 2:27:09 AM",3.67,73,100,0,2024-09-03T06:27:09.000Z
"9/3/2024, 2:32:09 AM",3.67,73,100,0,2024-09-03T06:32:09.000Z
"9/3/2024, 2:37:09 AM",3.67,72.9,100,0,2024-09-03T06:37:09.000Z
"9/3/2024, 2:42:09 AM",3.67,72.9,100,0,2024-09-03T06:42:09.000Z
"9/3/2024, 2:47:09 AM",3.67,72.9,100,0,2024-09-03T06:47:09.000Z
"9/3/2024, 2:52:09 AM",3.669,72.7,100,0,2024-09-03T06:52:09.000Z
"9/3/2024, 2:57:09 AM",3.67,72.7,100,0,2024-09-03T06:57:09.000Z
"9/3/2024, 3:02:09 AM",3.67,72.7,100,0,2024-09-03T07:02:09.000Z
"9/3/2024, 3:07:09 AM",3.67,72.5,100,0,2024-09-03T07:07:09.000Z
"9/3/2024, 3:12:09 AM",3.669,72.5,100,0,2024-09-03T07:12:09.000Z
"9/3/2024, 3:17:09 AM",3.669,72.5,100,0,2024-09-03T07:17:09.000Z
"9/3/2024, 3:22:09 AM",3.67,72.3,100,0,2024-09-03T07:22:09.000Z
"9/3/2024, 3:27:09 AM",3.67,72.3,100,0,2024-09-03T07:27:09.000Z
"9/3/2024, 3:32:09 AM",3.67,72.3,100,0,2024-09-03T07:32:09.000Z
"9/3/2024, 3:37:09 AM",3.669,72.1,100,0,2024-09-03T07:37:09.000Z
"9/3/2024, 3:42:09 AM",3.67,72.1,100,0,2024-09-03T07:42:09.000Z
"9/3/2024, 3:47:09 AM",3.669,72.1,100,0,2024-09-03T07:47:09.000Z
"9/3/2024, 3:52:09 AM",3.67,72.1,100,0,2024-09-03T07:52:09.000Z
"9/3/2024, 3:57:09 AM",3.67,72.1,100,0,2024-09-03T07:57:09.000Z
"9/3/2024, 4:02:09 AM",3.67,72,100,0,2024-09-03T08:02:09.000Z
"9/3/2024, 4:07:09 AM",3.67,72.1,100,0,2024-09-03T08:07:09.000Z
"9/3/2024, 4:12:09 AM",3.67,72.1,100,0,2024-09-03T08:12:09.000Z
"9/3/2024, 4:17:09 AM",3.669,72.1,100,0,2024-09-03T08:17:09.000Z
"9/3/2024, 4:22:09 AM",3.67,72.1,100,0,2024-09-03T08:22:09.000Z
"9/3/2024, 4:27:09 AM",3.669,72.1,100,0,2024-09-03T08:27:09.000Z
"9/3/2024, 4:32:09 AM",3.669,72.1,100,0,2024-09-03T08:32:09.000Z
"9/3/2024, 4:37:09 AM",3.67,72.3,100,0,2024-09-03T08:37:09.000Z
"9/3/2024, 4:42:09 AM",3.67,72.1,100,0,2024-09-03T08:42:09.000Z
"9/3/2024, 4:47:09 AM",3.669,72.1,100,0,2024-09-03T08:47:09.000Z
"9/3/2024, 4:52:09 AM",3.669,72.1,100,0,2024-09-03T08:52:09.000Z
"9/3/2024, 4:57:09 AM",3.669,72.1,100,0,2024-09-03T08:57:09.000Z
"9/3/2024, 5:02:09 AM",3.669,72.1,100,0,2024-09-03T09:02:09.000Z
"9/3/2024, 5:07:09 AM",3.67,72.1,100,0,2024-09-03T09:07:09.000Z
"9/3/2024, 5:12:09 AM",3.67,72.3,100,0,2024-09-03T09:12:09.000Z
"9/3/2024, 5:17:09 AM",3.669,72.3,100,0,2024-09-03T09:17:09.000Z
"9/3/2024, 5:22:09 AM",3.669,72.5,100,0,2024-09-03T09:22:09.000Z
"9/3/2024, 5:27:09 AM",3.67,72.7,100,0,2024-09-03T09:27:09.000Z
"9/3/2024, 5:32:09 AM",3.669,72.7,100,0,2024-09-03T09:32:09.000Z
"9/3/2024, 5:37:09 AM",3.669,72.9,100,0,2024-09-03T09:37:09.000Z
"9/3/2024, 5:42:09 AM",3.669,72.9,100,0,2024-09-03T09:42:09.000Z
"9/3/2024, 5:47:09 AM",3.669,72.9,100,0,2024-09-03T09:47:09.000Z
"9/3/2024, 5:52:09 AM",3.67,72.9,100,0,2024-09-03T09:52:09.000Z
"9/3/2024, 5:57:09 AM",3.67,72.9,100,0,2024-09-03T09:57:09.000Z
"9/3/2024, 6:02:09 AM",3.669,72.9,100,0,2024-09-03T10:02:09.000Z
"9/3/2024, 6:07:09 AM",3.669,73,100,0,2024-09-03T10:07:09.000Z
"9/3/2024, 6:12:09 AM",3.669,73.2,100,0,2024-09-03T10:12:09.000Z
"9/3/2024, 6:17:09 AM",3.669,73.2,100,0,2024-09-03T10:17:09.000Z
"9/3/2024, 6:22:09 AM",3.669,73,100,0,2024-09-03T10:22:09.000Z
"9/3/2024, 6:27:09 AM",3.669,72.9,100,0,2024-09-03T10:27:09.000Z
"9/3/2024, 6:32:09 AM",3.669,72.9,100,0,2024-09-03T10:32:09.000Z
"9/3/2024, 6:37:09 AM",3.669,72.7,100,0,2024-09-03T10:37:09.000Z
"9/3/2024, 6:42:09 AM",3.669,72.7,100,0,2024-09-03T10:42:09.000Z
"9/3/2024, 6:47:09 AM",3.669,72.7,100,0,2024-09-03T10:47:09.000Z
"9/3/2024, 6:52:09 AM",3.669,72.5,100,0,2024-09-03T10:52:09.000Z
"9/3/2024, 6:57:09 AM",3.669,72.5,100,0,2024-09-03T10:57:09.000Z
"9/3/2024, 7:02:09 AM",3.669,72.5,100,0,2024-09-03T11:02:09.000Z
"9/3/2024, 7:07:09 AM",3.669,72.5,100,0,2024-09-03T11:07:09.000Z
"9/3/2024, 7:12:09 AM",3.669,72.3,100,0,2024-09-03T11:12:09.000Z
"9/3/2024, 7:17:09 AM",3.669,72.5,100,0,2024-09-03T11:17:09.000Z
"9/3/2024, 7:22:09 AM",3.67,72.5,100,0,2024-09-03T11:22:09.000Z
"9/3/2024, 7:27:09 AM",3.669,72.5,100,0,2024-09-03T11:27:09.000Z
"9/3/2024, 7:32:09 AM",3.67,72.7,100,0,2024-09-03T11:32:09.000Z
"9/3/2024, 7:37:09 AM",3.669,72.7,100,0,2024-09-03T11:37:09.000Z
"9/3/2024, 7:42:09 AM",3.669,72.7,100,0,2024-09-03T11:42:09.000Z
"9/3/2024, 7:47:09 AM",3.669,72.9,100,0,2024-09-03T11:47:09.000Z
"9/3/2024, 7:52:09 AM",3.669,72.9,100,0,2024-09-03T11:52:09.000Z
"9/3/2024, 7:57:09 AM",3.669,73.2,100,0,2024-09-03T11:57:09.000Z
"9/3/2024, 8:02:09 AM",3.669,73.4,100,0,2024-09-03T12:02:09.000Z
"9/3/2024, 8:07:09 AM",3.669,73.8,100,0,2024-09-03T12:07:09.000Z
"9/3/2024, 8:12:09 AM",3.669,73.9,100,0,2024-09-03T12:12:09.000Z
"9/3/2024, 8:17:09 AM",3.669,74.1,100,0,2024-09-03T12:17:09.000Z
"9/3/2024, 8:22:09 AM",3.669,74.5,100,0,2024-09-03T12:22:09.000Z
"9/3/2024, 8:27:09 AM",3.669,74.7,100,0,2024-09-03T12:27:09.000Z
"9/3/2024, 8:32:09 AM",3.669,75,100,0,2024-09-03T12:32:09.000Z
"9/3/2024, 8:37:09 AM",3.669,75.4,100,0,2024-09-03T12:37:09.000Z
"9/3/2024, 8:42:09 AM",3.669,75.7,100,0,2024-09-03T12:42:09.000Z
"9/3/2024, 8:47:09 AM",3.669,76.1,100,0,2024-09-03T12:47:09.000Z
"9/3/2024, 8:52:09 AM",3.669,76.3,100,0,2024-09-03T12:52:09.000Z
"9/3/2024, 8:57:09 AM",3.669,76.6,100,0,2024-09-03T12:57:09.000Z
"9/3/2024, 9:02:09 AM",3.668,77,100,0,2024-09-03T13:02:09.000Z
"9/3/2024, 9:07:09 AM",3.669,77.2,100,0,2024-09-03T13:07:09.000Z
"9/3/2024, 9:12:09 AM",3.669,77.5,100,0,2024-09-03T13:12:09.000Z
"9/3/2024, 9:17:09 AM",3.669,77.7,100,0,2024-09-03T13:17:09.000Z
"9/3/2024, 9:22:09 AM",3.668,78.1,100,0,2024-09-03T13:22:09.000Z
"9/3/2024, 9:27:09 AM",3.669,78.1,100,0,2024-09-03T13:27:09.000Z
"9/3/2024, 9:32:09 AM",3.669,78.4,100,0,2024-09-03T13:32:09.000Z
"9/3/2024, 9:37:09 AM",3.668,78.6,100,0,2024-09-03T13:37:09.000Z
"9/3/2024, 9:42:09 AM",3.668,79,100,0,2024-09-03T13:42:09.000Z
"9/3/2024, 9:47:09 AM",3.669,79,100,0,2024-09-03T13:47:09.000Z
"9/3/2024, 9:52:09 AM",3.668,79.3,100,0,2024-09-03T13:52:09.000Z
"9/3/2024, 9:57:09 AM",3.669,79.7,100,0,2024-09-03T13:57:09.000Z
"9/3/2024, 10:02:09 AM",3.669,80.1,100,0,2024-09-03T14:02:09.000Z
"9/3/2024, 10:07:09 AM",3.669,80.4,100,0,2024-09-03T14:07:09.000Z
"9/3/2024, 10:12:09 AM",3.668,81,100,0,2024-09-03T14:12:09.000Z
"9/3/2024, 10:17:09 AM",3.668,81.3,100,0,2024-09-03T14:17:09.000Z
"9/3/2024, 10:22:09 AM",3.668,81.9,100,0,2024-09-03T14:22:09.000Z
"9/3/2024, 10:27:09 AM",3.668,82.2,100,0,2024-09-03T14:27:09.000Z
"9/3/2024, 10:32:09 AM",3.668,82.6,100,0,2024-09-03T14:32:09.000Z
"9/3/2024, 10:37:09 AM",3.668,82.9,100,0,2024-09-03T14:37:09.000Z
"9/3/2024, 10:42:09 AM",3.668,83.3,100,0,2024-09-03T14:42:09.000Z
"9/3/2024, 10:47:09 AM",3.668,83.7,100,0,2024-09-03T14:47:09.000Z
"9/3/2024, 10:52:09 AM",3.668,84,100,0,2024-09-03T14:52:09.000Z
"9/3/2024, 10:57:09 AM",3.668,84.6,100,0,2024-09-03T14:57:09.000Z
"9/3/2024, 11:02:09 AM",3.668,84.9,100,0,2024-09-03T15:02:09.000Z
"9/3/2024, 11:07:09 AM",3.668,85.5,100,0,2024-09-03T15:07:09.000Z
"9/3/2024, 11:12:09 AM",3.667,86,100,0,2024-09-03T15:12:09.000Z
"9/3/2024, 11:17:09 AM",3.668,86.2,100,0,2024-09-03T15:17:09.000Z
"9/3/2024, 11:22:09 AM",3.667,86.7,100,0,2024-09-03T15:22:09.000Z
"9/3/2024, 11:27:09 AM",3.667,87.1,100,0,2024-09-03T15:27:09.000Z
"9/3/2024, 11:32:09 AM",3.667,87.4,100,0,2024-09-03T15:32:09.000Z
"9/3/2024, 11:37:09 AM",3.667,88,100,0,2024-09-03T15:37:09.000Z
"9/3/2024, 11:42:09 AM",3.667,88.3,100,0,2024-09-03T15:42:09.000Z
"9/3/2024, 11:47:09 AM",3.667,88.9,100,0,2024-09-03T15:47:09.000Z
"9/3/2024, 11:52:09 AM",3.667,89.1,100,0,2024-09-03T15:52:09.000Z
"9/3/2024, 11:57:09 AM",3.667,89.4,100,0,2024-09-03T15:57:09.000Z
"9/3/2024, 12:02:09 PM",3.667,89.8,100,0,2024-09-03T16:02:09.000Z
"9/3/2024, 12:07:09 PM",3.667,90,100,0,2024-09-03T16:07:09.000Z
"9/3/2024, 12:12:09 PM",3.667,90.3,100,0,2024-09-03T16:12:09.000Z
"9/3/2024, 12:17:09 PM",3.667,90.7,100,0,2024-09-03T16:17:09.000Z
"9/3/2024, 12:22:09 PM",3.666,91,100,0,2024-09-03T16:22:09.000Z
"9/3/2024, 12:27:09 PM",3.667,91.4,100,0,2024-09-03T16:27:09.000Z
"9/3/2024, 12:32:09 PM",3.667,91.8,100,0,2024-09-03T16:32:09.000Z
"9/3/2024, 12:37:09 PM",3.666,92.3,100,0,2024-09-03T16:37:09.000Z
"9/3/2024, 12:42:09 PM",3.667,92.7,100,0,2024-09-03T16:42:09.000Z
"9/3/2024, 12:47:09 PM",3.666,93,100,0,2024-09-03T16:47:09.000Z
"9/3/2024, 12:52:09 PM",3.666,93.4,100,0,2024-09-03T16:52:09.000Z
"9/3/2024, 12:57:09 PM",3.666,93.6,100,0,2024-09-03T16:57:09.000Z
"9/3/2024, 1:02:09 PM",3.666,93.7,100,0,2024-09-03T17:02:09.000Z
"9/3/2024, 1:07:09 PM",3.666,93.9,100,0,2024-09-03T17:07:09.000Z
"9/3/2024, 1:12:09 PM",3.666,94.3,100,0,2024-09-03T17:12:09.000Z
"9/3/2024, 1:17:09 PM",3.666,94.5,100,0,2024-09-03T17:17:09.000Z
"9/3/2024, 1:22:09 PM",3.666,94.5,100,0,2024-09-03T17:22:09.000Z
"9/3/2024, 1:27:09 PM",3.666,94.6,100,0,2024-09-03T17:27:09.000Z
"9/3/2024, 1:32:09 PM",3.666,94.8,100,0,2024-09-03T17:32:09.000Z
"9/3/2024, 1:37:09 PM",3.666,94.8,100,0,2024-09-03T17:37:09.000Z
"9/3/2024, 1:42:09 PM",3.666,95,100,0,2024-09-03T17:42:09.000Z
"9/3/2024, 1:47:09 PM",3.665,95.4,100,0,2024-09-03T17:47:09.000Z
"9/3/2024, 1:52:09 PM",3.666,95.5,100,0,2024-09-03T17:52:09.000Z
"9/3/2024, 1:57:09 PM",3.666,95.7,100,0,2024-09-03T17:57:09.000Z
"9/3/2024, 2:02:09 PM",3.666,96.1,100,0,2024-09-03T18:02:09.000Z
"9/3/2024, 2:07:09 PM",3.666,96.3,100,0,2024-09-03T18:07:09.000Z
"9/3/2024, 2:12:09 PM",3.666,96.4,100,0,2024-09-03T18:12:09.000Z
"9/3/2024, 2:17:09 PM",3.665,96.6,100,0,2024-09-03T18:17:09.000Z
"9/3/2024, 2:22:09 PM",3.665,96.8,100,0,2024-09-03T18:22:09.000Z
"9/3/2024, 2:27:09 PM",3.665,97,100,0,2024-09-03T18:27:09.000Z
"9/3/2024, 2:32:09 PM",3.665,97,100,0,2024-09-03T18:32:09.000Z
"9/3/2024, 2:37:09 PM",3.665,96.8,100,0,2024-09-03T18:37:09.000Z
"9/3/2024, 2:42:09 PM",3.665,96.8,100,0,2024-09-03T18:42:09.000Z
"9/3/2024, 2:47:09 PM",3.666,96.6,100,0,2024-09-03T18:47:09.000Z
"9/3/2024, 2:52:09 PM",3.666,96.6,100,0,2024-09-03T18:52:09.000Z
"9/3/2024, 2:57:09 PM",3.665,96.6,100,0,2024-09-03T18:57:09.000Z
"9/3/2024, 3:02:09 PM",3.666,96.8,100,0,2024-09-03T19:02:09.000Z
"9/3/2024, 3:07:09 PM",3.666,97,100,0,2024-09-03T19:07:09.000Z
"9/3/2024, 3:12:09 PM",3.665,97.2,100,0,2024-09-03T19:12:09.000Z
"9/3/2024, 3:17:09 PM",3.665,97.3,100,0,2024-09-03T19:17:09.000Z
"9/3/2024, 3:22:09 PM",3.665,97.5,100,0,2024-09-03T19:22:09.000Z
"9/3/2024, 3:27:09 PM",3.665,97.9,100,0,2024-09-03T19:27:09.000Z
"9/3/2024, 3:32:09 PM",3.665,97.9,100,0,2024-09-03T19:32:09.000Z
"9/3/2024, 3:37:09 PM",3.665,97.9,100,0,2024-09-03T19:37:09.000Z
"9/3/2024, 3:42:09 PM",3.665,97.7,100,0,2024-09-03T19:42:09.000Z
"9/3/2024, 3:47:09 PM",3.665,97.7,100,0,2024-09-03T19:47:09.000Z
"9/3/2024, 3:52:09 PM",3.665,97.5,100,0,2024-09-03T19:52:09.000Z
"9/3/2024, 3:57:09 PM",3.665,97.5,100,0,2024-09-03T19:57:09.000Z
"9/3/2024, 4:02:09 PM",3.665,97.5,100,0,2024-09-03T20:02:09.000Z
"9/3/2024, 4:07:09 PM",3.665,97.5,100,0,2024-09-03T20:07:09.000Z
"9/3/2024, 4:12:09 PM",3.665,97.5,100,0,2024-09-03T20:12:09.000Z
"9/3/2024, 4:17:09 PM",3.665,97.3,99.6,0,2024-09-03T20:17:09.000Z
"9/3/2024, 4:22:09 PM",3.665,97.3,99.3,0,2024-09-03T20:22:09.000Z
"9/3/2024, 4:27:09 PM",3.665,97.2,99.1,0,2024-09-03T20:27:09.000Z
"9/3/2024, 4:32:09 PM",3.665,97.2,99,0,2024-09-03T20:32:09.000Z
"9/3/2024, 4:37:09 PM",3.665,97,98.8,0,2024-09-03T20:37:09.000Z
"9/3/2024, 4:42:09 PM",3.665,96.6,98.4,0,2024-09-03T20:42:09.000Z
"9/3/2024, 4:47:09 PM",3.665,96.3,98.1,0,2024-09-03T20:47:09.000Z
"9/3/2024, 4:52:09 PM",3.665,96.1,97.8,0,2024-09-03T20:52:09.000Z
"9/3/2024, 4:57:09 PM",3.665,95.9,97.6,0,2024-09-03T20:57:09.000Z
"9/3/2024, 5:02:09 PM",3.665,95.7,97.5,0,2024-09-03T21:02:09.000Z
"9/3/2024, 5:07:09 PM",3.665,95.5,97.4,0,2024-09-03T21:07:09.000Z
"9/3/2024, 5:12:09 PM",3.666,95.5,97.5,0,2024-09-03T21:12:09.000Z
"9/3/2024, 5:17:09 PM",3.666,95.2,97.5,0,2024-09-03T21:17:09.000Z
"9/3/2024, 5:22:09 PM",3.666,95.2,97.4,0,2024-09-03T21:22:09.000Z
"9/3/2024, 5:27:09 PM",3.666,95.2,97.5,0,2024-09-03T21:27:09.000Z
"9/3/2024, 5:32:09 PM",3.666,95,97.7,0,2024-09-03T21:32:09.000Z
"9/3/2024, 5:37:09 PM",3.666,94.8,97.8,0,2024-09-03T21:37:09.000Z
"9/3/2024, 5:42:09 PM",3.666,94.8,97.7,0,2024-09-03T21:42:09.000Z
"9/3/2024, 5:47:09 PM",3.666,94.6,97.8,0,2024-09-03T21:47:09.000Z
"9/3/2024, 5:52:09 PM",3.666,94.5,97.6,0,2024-09-03T21:52:09.000Z
"9/3/2024, 5:57:09 PM",3.666,93.9,97.3,0,2024-09-03T21:57:09.000Z
"9/3/2024, 6:02:09 PM",3.666,93.6,97,0,2024-09-03T22:02:09.000Z
"9/3/2024, 6:07:09 PM",3.666,93.2,96.8,0,2024-09-03T22:07:09.000Z
"9/3/2024, 6:12:09 PM",3.666,92.7,96.7,0,2024-09-03T22:12:09.000Z
"9/3/2024, 6:17:09 PM",3.666,92.3,96.7,0,2024-09-03T22:17:09.000Z
"9/3/2024, 6:22:09 PM",3.666,91.8,96.6,0,2024-09-03T22:22:09.000Z
"9/3/2024, 6:27:09 PM",3.666,91.4,96.5,0,2024-09-03T22:27:09.000Z
"9/3/2024, 6:32:09 PM",3.667,90.9,96.5,0,2024-09-03T22:32:09.000Z
"9/3/2024, 6:37:09 PM",3.666,90.5,96.6,0,2024-09-03T22:37:09.000Z
"9/3/2024, 6:42:09 PM",3.666,90,96.6,0,2024-09-03T22:42:09.000Z
"9/3/2024, 6:47:09 PM",3.667,89.6,96.8,0,2024-09-03T22:47:09.000Z
"9/3/2024, 6:52:09 PM",3.667,89.1,96.9,0,2024-09-03T22:52:09.000Z
"9/3/2024, 6:57:09 PM",3.667,88.9,97.2,0,2024-09-03T22:57:09.000Z
"9/3/2024, 7:02:09 PM",3.667,88.2,97.5,0,2024-09-03T23:02:09.000Z
"9/3/2024, 7:07:09 PM",3.667,87.6,97.6,0,2024-09-03T23:07:09.000Z
"9/3/2024, 7:12:09 PM",3.667,87.1,97.8,0,2024-09-03T23:12:09.000Z
"9/3/2024, 7:17:09 PM",3.667,86.7,97.9,0,2024-09-03T23:17:09.000Z
"9/3/2024, 7:22:09 PM",3.668,86.4,98.1,0,2024-09-03T23:22:09.000Z
"9/3/2024, 7:27:09 PM",3.667,86,98.5,0,2024-09-03T23:27:09.000Z
"9/3/2024, 7:32:09 PM",3.668,85.6,98.9,0,2024-09-03T23:32:09.000Z
"9/3/2024, 7:37:09 PM",3.667,85.3,99.2,0,2024-09-03T23:37:09.000Z
"9/3/2024, 7:42:09 PM",3.668,84.9,99.4,0,2024-09-03T23:42:09.000Z
"9/3/2024, 7:47:09 PM",3.667,84.6,99.7,0,2024-09-03T23:47:09.000Z
"9/3/2024, 7:52:09 PM",3.667,84.4,99.9,0,2024-09-03T23:52:09.000Z
"9/3/2024, 7:57:09 PM",3.668,84,100,0,2024-09-03T23:57:09.000Z
"9/3/2024, 8:02:09 PM",3.668,83.7,100,0,2024-09-04T00:02:09.000Z
"9/3/2024, 8:07:09 PM",3.668,83.5,100,0,2024-09-04T00:07:09.000Z
"9/3/2024, 8:12:09 PM",3.668,83.1,100,0,2024-09-04T00:12:09.000Z
"9/3/2024, 8:17:09 PM",3.669,82.8,100,0,2024-09-04T00:17:09.000Z
"9/3/2024, 8:22:09 PM",3.668,82.4,100,0,2024-09-04T00:22:09.000Z
"9/3/2024, 8:27:09 PM",3.669,82.2,100,0,2024-09-04T00:27:09.000Z
"9/3/2024, 8:32:09 PM",3.668,81.9,100,0,2024-09-04T00:32:09.000Z
"9/3/2024, 8:37:09 PM",3.668,81.5,100,0,2024-09-04T00:37:09.000Z
"9/3/2024, 8:42:09 PM",3.668,81.3,100,0,2024-09-04T00:42:09.000Z
"9/3/2024, 8:47:09 PM",3.668,81.1,100,0,2024-09-04T00:47:09.000Z
"9/3/2024, 8:52:09 PM",3.668,81,100,0,2024-09-04T00:52:09.000Z
"9/3/2024, 8:57:09 PM",3.669,80.8,100,0,2024-09-04T00:57:09.000Z
"9/3/2024, 9:02:09 PM",3.668,80.6,100,0,2024-09-04T01:02:09.000Z
"9/3/2024, 9:07:09 PM",3.668,80.6,100,0,2024-09-04T01:07:09.000Z
"9/3/2024, 9:12:09 PM",3.668,80.6,100,0,2024-09-04T01:12:09.000Z
"9/3/2024, 9:17:09 PM",3.668,80.4,100,0,2024-09-04T01:17:09.000Z
"9/3/2024, 9:22:09 PM",3.669,80.2,100,0,2024-09-04T01:22:09.000Z
"9/3/2024, 9:27:09 PM",3.669,80.1,100,0,2024-09-04T01:27:09.000Z
"9/3/2024, 9:32:09 PM",3.668,80.1,100,0,2024-09-04T01:32:09.000Z
"9/3/2024, 9:37:09 PM",3.668,79.9,100,0,2024-09-04T01:37:09.000Z
"9/3/2024, 9:42:09 PM",3.668,79.7,100,0,2024-09-04T01:42:09.000Z
"9/3/2024, 9:47:09 PM",3.668,79.5,100,0,2024-09-04T01:47:09.000Z
"9/3/2024, 9:52:09 PM",3.668,79.5,100,0,2024-09-04T01:52:09.000Z
"9/3/2024, 9:57:09 PM",3.668,79.3,100,0,2024-09-04T01:57:09.000Z
"9/3/2024, 10:02:09 PM",3.669,79.2,100,0,2024-09-04T02:02:09.000Z
"9/3/2024, 10:07:09 PM",3.668,79.2,100,0,2024-09-04T02:07:09.000Z
"9/3/2024, 10:12:09 PM",3.668,79,100,0,2024-09-04T02:12:09.000Z
"9/3/2024, 10:17:09 PM",3.668,79,100,0,2024-09-04T02:17:09.000Z
"9/3/2024, 10:22:09 PM",3.669,79,100,0,2024-09-04T02:22:09.000Z
"9/3/2024, 10:27:09 PM",3.668,79,100,0,2024-09-04T02:27:09.000Z
"9/3/2024, 10:32:09 PM",3.668,79,100,0,2024-09-04T02:32:09.000Z
"9/3/2024, 10:37:09 PM",3.668,79,100,0,2024-09-04T02:37:09.000Z
"9/3/2024, 10:42:09 PM",3.668,79,100,0,2024-09-04T02:42:09.000Z
"9/3/2024, 10:47:09 PM",3.668,79,100,0,2024-09-04T02:47:09.000Z
"9/3/2024, 10:52:09 PM",3.669,78.8,100,0,2024-09-04T02:52:09.000Z
"9/3/2024, 10:57:09 PM",3.668,78.6,100,0,2024-09-04T02:57:09.000Z
"9/3/2024, 11:02:09 PM",3.668,78.4,100,0,2024-09-04T03:02:09.000Z
"9/3/2024, 11:07:09 PM",3.668,78.4,100,0,2024-09-04T03:07:09.000Z
"9/3/2024, 11:12:09 PM",3.668,78.3,100,0,2024-09-04T03:12:09.000Z
"9/3/2024, 11:17:09 PM",3.668,78.3,100,0,2024-09-04T03:17:09.000Z
"9/3/2024, 11:22:09 PM",3.668,78.3,100,0,2024-09-04T03:22:09.000Z
"9/3/2024, 11:27:09 PM",3.669,78.1,100,0,2024-09-04T03:27:09.000Z
"9/3/2024, 11:32:09 PM",3.669,78.1,100,0,2024-09-04T03:32:09.000Z
"9/3/2024, 11:37:09 PM",3.669,77.9,100,0,2024-09-04T03:37:09.000Z
"9/3/2024, 11:42:09 PM",3.668,77.9,100,0,2024-09-04T03:42:09.000Z
"9/3/2024, 11:47:09 PM",3.669,77.7,100,0,2024-09-04T03:47:09.000Z
"9/3/2024, 11:52:09 PM",3.669,77.5,100,0,2024-09-04T03:52:09.000Z
"9/3/2024, 11:57:09 PM",3.668,77.5,100,0,2024-09-04T03:57:09.000Z
"9/4/2024, 12:02:09 AM",3.669,77.4,100,0,2024-09-04T04:02:09.000Z
"9/4/2024, 12:07:09 AM",3.668,77.2,100,0,2024-09-04T04:07:09.000Z
"9/4/2024, 12:12:09 AM",3.669,77,100,0,2024-09-04T04:12:09.000Z
"9/4/2024, 12:17:09 AM",3.668,77,100,0,2024-09-04T04:17:09.000Z
"9/4/2024, 12:22:09 AM",3.669,76.8,100,0,2024-09-04T04:22:09.000Z
"9/4/2024, 12:27:09 AM",3.669,76.8,100,0,2024-09-04T04:27:09.000Z
"9/4/2024, 12:32:09 AM",3.669,76.6,100,0,2024-09-04T04:32:09.000Z
"9/4/2024, 12:37:09 AM",3.669,76.6,100,0,2024-09-04T04:37:09.000Z
"9/4/2024, 12:42:09 AM",3.669,76.5,100,0,2024-09-04T04:42:09.000Z
"9/4/2024, 12:47:09 AM",3.669,76.5,100,0,2024-09-04T04:47:09.000Z
"9/4/2024, 12:52:09 AM",3.669,76.3,100,0,2024-09-04T04:52:09.000Z
"9/4/2024, 12:57:09 AM",3.669,76.3,100,0,2024-09-04T04:57:09.000Z
"9/4/2024, 1:02:09 AM",3.669,76.3,100,0,2024-09-04T05:02:09.000Z
"9/4/2024, 1:07:09 AM",3.669,76.3,100,0,2024-09-04T05:07:09.000Z
"9/4/2024, 1:12:09 AM",3.668,76.3,100,0,2024-09-04T05:12:09.000Z
"9/4/2024, 1:17:09 AM",3.669,76.1,100,0,2024-09-04T05:17:09.000Z
"9/4/2024, 1:22:09 AM",3.669,76.1,100,0,2024-09-04T05:22:09.000Z
"9/4/2024, 1:27:09 AM",3.669,76.1,100,0,2024-09-04T05:27:09.000Z
"9/4/2024, 1:32:09 AM",3.669,76.1,100,0,2024-09-04T05:32:09.000Z
"9/4/2024, 1:37:09 AM",3.668,75.9,100,0,2024-09-04T05:37:09.000Z
"9/4/2024, 1:42:09 AM",3.668,75.9,100,0,2024-09-04T05:42:09.000Z
"9/4/2024, 1:47:09 AM",3.669,75.7,100,0,2024-09-04T05:47:09.000Z
"9/4/2024, 1:52:09 AM",3.669,75.6,100,0,2024-09-04T05:52:09.000Z
"9/4/2024, 1:57:09 AM",3.669,75.6,100,0,2024-09-04T05:57:09.000Z
"9/4/2024, 2:02:09 AM",3.668,75.4,100,0,2024-09-04T06:02:09.000Z
"9/4/2024, 2:07:09 AM",3.669,75.4,100,0,2024-09-04T06:07:09.000Z
"9/4/2024, 2:12:09 AM",3.669,75.2,100,0,2024-09-04T06:12:09.000Z
"9/4/2024, 2:17:09 AM",3.668,75.2,100,0,2024-09-04T06:17:09.000Z
"9/4/2024, 2:22:09 AM",3.669,75.2,100,0,2024-09-04T06:22:09.000Z
"9/4/2024, 2:27:09 AM",3.669,75.2,100,0,2024-09-04T06:27:09.000Z
"9/4/2024, 2:32:09 AM",3.669,75,100,0,2024-09-04T06:32:09.000Z
"9/4/2024, 2:37:09 AM",3.669,75,100,0,2024-09-04T06:37:09.000Z
"9/4/2024, 2:42:09 AM",3.669,75,100,0,2024-09-04T06:42:09.000Z
"9/4/2024, 2:47:09 AM",3.669,75,100,0,2024-09-04T06:47:09.000Z
"9/4/2024, 2:52:09 AM",3.669,75,100,0,2024-09-04T06:52:09.000Z
"9/4/2024, 2:57:09 AM",3.669,75,100,0,2024-09-04T06:57:09.000Z
"9/4/2024, 3:02:09 AM",3.669,75,100,0,2024-09-04T07:02:09.000Z
"9/4/2024, 3:07:09 AM",3.668,74.8,100,0,2024-09-04T07:07:09.000Z
"9/4/2024, 3:12:09 AM",3.669,74.8,100,0,2024-09-04T07:12:09.000Z
"9/4/2024, 3:17:09 AM",3.668,74.8,100,0,2024-09-04T07:17:09.000Z
"9/4/2024, 3:22:09 AM",3.669,74.8,100,0,2024-09-04T07:22:09.000Z
"9/4/2024, 3:27:09 AM",3.669,74.8,100,0,2024-09-04T07:27:09.000Z
"9/4/2024, 3:32:09 AM",3.669,74.8,100,0,2024-09-04T07:32:09.000Z
"9/4/2024, 3:37:09 AM",3.669,74.8,100,0,2024-09-04T07:37:09.000Z
"9/4/2024, 3:42:09 AM",3.669,74.8,100,0,2024-09-04T07:42:09.000Z
"9/4/2024, 3:47:09 AM",3.669,74.8,100,0,2024-09-04T07:47:09.000Z
"9/4/2024, 3:52:09 AM",3.669,75,100,0,2024-09-04T07:52:09.000Z
"9/4/2024, 3:57:09 AM",3.669,75,100,0,2024-09-04T07:57:09.000Z
"9/4/2024, 4:02:09 AM",3.669,75,100,0,2024-09-04T08:02:09.000Z
"9/4/2024, 4:07:09 AM",3.669,74.8,100,0,2024-09-04T08:07:09.000Z
"9/4/2024, 4:12:09 AM",3.669,74.8,100,0,2024-09-04T08:12:09.000Z
"9/4/2024, 4:17:09 AM",3.668,74.8,100,0,2024-09-04T08:17:09.000Z
"9/4/2024, 4:22:09 AM",3.668,74.8,100,0,2024-09-04T08:22:09.000Z
"9/4/2024, 4:27:09 AM",3.669,74.8,100,0,2024-09-04T08:27:09.000Z
"9/4/2024, 4:32:09 AM",3.669,74.8,100,0,2024-09-04T08:32:09.000Z
"9/4/2024, 4:37:09 AM",3.669,74.7,100,0,2024-09-04T08:37:09.000Z
"9/4/2024, 4:42:09 AM",3.669,74.7,100,0,2024-09-04T08:42:09.000Z
"9/4/2024, 4:47:09 AM",3.668,74.7,100,0,2024-09-04T08:47:09.000Z
"9/4/2024, 4:52:09 AM",3.669,74.5,100,0,2024-09-04T08:52:09.000Z
"9/4/2024, 4:57:09 AM",3.669,74.5,100,0,2024-09-04T08:57:09.000Z
"9/4/2024, 5:02:09 AM",3.669,74.5,100,0,2024-09-04T09:02:09.000Z
"9/4/2024, 5:07:09 AM",3.668,74.7,100,0,2024-09-04T09:07:09.000Z
"9/4/2024, 5:12:09 AM",3.668,74.7,100,0,2024-09-04T09:12:09.000Z
"9/4/2024, 5:17:09 AM",3.668,74.7,100,0,2024-09-04T09:17:09.000Z
"9/4/2024, 5:22:09 AM",3.668,74.8,100,0,2024-09-04T09:22:09.000Z
"9/4/2024, 5:27:09 AM",3.668,74.7,100,0,2024-09-04T09:27:09.000Z
"9/4/2024, 5:32:09 AM",3.668,74.7,100,0,2024-09-04T09:32:09.000Z
"9/4/2024, 5:37:09 AM",3.669,74.7,100,0,2024-09-04T09:37:09.000Z
"9/4/2024, 5:42:09 AM",3.669,74.7,100,0,2024-09-04T09:42:09.000Z
"9/4/2024, 5:47:09 AM",3.669,74.7,100,0,2024-09-04T09:47:09.000Z
"9/4/2024, 5:52:09 AM",3.669,74.5,100,0,2024-09-04T09:52:09.000Z
"9/4/2024, 5:57:09 AM",3.669,74.7,100,0,2024-09-04T09:57:09.000Z
"9/4/2024, 6:02:09 AM",3.668,74.5,100,0,2024-09-04T10:02:09.000Z
"9/4/2024, 6:07:09 AM",3.669,74.5,100,0,2024-09-04T10:07:09.000Z
"9/4/2024, 6:12:09 AM",3.669,74.5,100,0,2024-09-04T10:12:09.000Z
"9/4/2024, 6:17:09 AM",3.669,74.5,100,0,2024-09-04T10:17:09.000Z
"9/4/2024, 6:22:09 AM",3.669,74.5,100,0,2024-09-04T10:22:09.000Z
"9/4/2024, 6:27:09 AM",3.668,74.5,100,0,2024-09-04T10:27:09.000Z
"9/4/2024, 6:32:09 AM",3.668,74.5,100,0,2024-09-04T10:32:09.000Z
"9/4/2024, 6:37:09 AM",3.668,74.3,100,0,2024-09-04T10:37:09.000Z
"9/4/2024, 6:42:09 AM",3.668,74.3,100,0,2024-09-04T10:42:09.000Z
"9/4/2024, 6:47:09 AM",3.669,74.3,100,0,2024-09-04T10:47:09.000Z
"9/4/2024, 6:52:09 AM",3.668,74.3,100,0,2024-09-04T10:52:09.000Z
"9/4/2024, 6:57:09 AM",3.669,74.3,100,0,2024-09-04T10:57:09.000Z
"9/4/2024, 7:02:09 AM",3.668,74.3,100,0,2024-09-04T11:02:09.000Z
"9/4/2024, 7:07:09 AM",3.668,74.3,100,0,2024-09-04T11:07:09.000Z
"9/4/2024, 7:12:09 AM",3.668,74.3,100,0,2024-09-04T11:12:09.000Z
"9/4/2024, 7:17:09 AM",3.668,74.3,100,0,2024-09-04T11:17:09.000Z
"9/4/2024, 7:22:09 AM",3.669,74.1,100,0,2024-09-04T11:22:09.000Z
"9/4/2024, 7:27:09 AM",3.669,74.1,100,0,2024-09-04T11:27:09.000Z
"9/4/2024, 7:32:09 AM",3.668,74.3,100,0,2024-09-04T11:32:09.000Z
"9/4/2024, 7:37:09 AM",3.668,74.3,100,0,2024-09-04T11:37:09.000Z
"9/4/2024, 7:42:09 AM",3.669,74.5,100,0,2024-09-04T11:42:09.000Z
"9/4/2024, 7:47:09 AM",3.668,74.7,100,0,2024-09-04T11:47:09.000Z
"9/4/2024, 7:52:09 AM",3.668,74.8,100,0,2024-09-04T11:52:09.000Z
"9/4/2024, 7:57:09 AM",3.668,75,100,0,2024-09-04T11:57:09.000Z
"9/4/2024, 8:02:09 AM",3.669,75.4,100,0,2024-09-04T12:02:09.000Z
"9/4/2024, 8:07:09 AM",3.668,75.6,100,0,2024-09-04T12:07:09.000Z
"9/4/2024, 8:12:09 AM",3.668,75.7,100,0,2024-09-04T12:12:09.000Z
"9/4/2024, 8:17:09 AM",3.669,76.1,100,0,2024-09-04T12:17:09.000Z
"9/4/2024, 8:22:09 AM",3.668,76.5,100,0,2024-09-04T12:22:09.000Z
"9/4/2024, 8:27:09 AM",3.668,76.6,100,0,2024-09-04T12:27:09.000Z
"9/4/2024, 8:32:09 AM",3.668,77,100,0,2024-09-04T12:32:09.000Z
"9/4/2024, 8:37:09 AM",3.668,77.5,100,0,2024-09-04T12:37:09.000Z
"9/4/2024, 8:42:09 AM",3.668,77.9,100,0,2024-09-04T12:42:09.000Z
"9/4/2024, 8:47:09 AM",3.668,78.3,100,0,2024-09-04T12:47:09.000Z
"9/4/2024, 8:52:09 AM",3.668,78.4,100,0,2024-09-04T12:52:09.000Z
"9/4/2024, 8:57:09 AM",3.668,79,100,0,2024-09-04T12:57:09.000Z
"9/4/2024, 9:02:09 AM",3.668,79.2,100,0,2024-09-04T13:02:09.000Z
"9/4/2024, 9:07:09 AM",3.668,79.7,100,0,2024-09-04T13:07:09.000Z
"9/4/2024, 9:12:09 AM",3.668,80.1,100,0,2024-09-04T13:12:09.000Z
"9/4/2024, 9:17:09 AM",3.667,80.6,100,0,2024-09-04T13:17:09.000Z
"9/4/2024, 9:22:09 AM",3.668,81,100,0,2024-09-04T13:22:09.000Z
"9/4/2024, 9:27:09 AM",3.668,81.5,100,0,2024-09-04T13:27:09.000Z
"9/4/2024, 9:32:09 AM",3.667,82.2,100,0,2024-09-04T13:32:09.000Z
"9/4/2024, 9:37:09 AM",3.667,82.8,100,0,2024-09-04T13:37:09.000Z
"9/4/2024, 9:42:09 AM",3.667,83.3,100,0,2024-09-04T13:42:09.000Z
"9/4/2024, 9:47:09 AM",3.667,83.8,100,0,2024-09-04T13:47:09.000Z
"9/4/2024, 9:52:09 AM",3.668,84,100,0,2024-09-04T13:52:09.000Z
"9/4/2024, 9:57:09 AM",3.667,84.6,100,0,2024-09-04T13:57:09.000Z
"9/4/2024, 10:02:09 AM",3.667,84.9,100,0,2024-09-04T14:02:09.000Z
"9/4/2024, 10:07:09 AM",3.667,85.3,100,0,2024-09-04T14:07:09.000Z
"9/4/2024, 10:12:09 AM",3.667,85.8,100,0,2024-09-04T14:12:09.000Z
"9/4/2024, 10:17:09 AM",3.667,86.2,100,0,2024-09-04T14:17:09.000Z
"9/4/2024, 10:22:09 AM",3.667,86.7,100,0,2024-09-04T14:22:09.000Z
"9/4/2024, 10:27:09 AM",3.667,87.1,100,0,2024-09-04T14:27:09.000Z
"9/4/2024, 10:32:09 AM",3.667,87.4,100,0,2024-09-04T14:32:09.000Z
"9/4/2024, 10:37:09 AM",3.667,88,100,0,2024-09-04T14:37:09.000Z
"9/4/2024, 10:42:09 AM",3.667,88.2,100,0,2024-09-04T14:42:09.000Z
"9/4/2024, 10:47:09 AM",3.666,88.5,100,0,2024-09-04T14:47:09.000Z
"9/4/2024, 10:52:09 AM",3.667,88.9,100,0,2024-09-04T14:52:09.000Z
"9/4/2024, 10:57:09 AM",3.667,88.9,100,0,2024-09-04T14:57:09.000Z
"9/4/2024, 11:02:09 AM",3.666,89.2,100,0,2024-09-04T15:02:09.000Z
"9/4/2024, 11:07:09 AM",3.667,89.6,100,0,2024-09-04T15:07:09.000Z
"9/4/2024, 11:12:09 AM",3.666,90,100,0,2024-09-04T15:12:09.000Z
"9/4/2024, 11:17:09 AM",3.666,90.3,100,0,2024-09-04T15:17:09.000Z
"9/4/2024, 11:22:09 AM",3.666,90.5,100,0,2024-09-04T15:22:09.000Z
"9/4/2024, 11:27:09 AM",3.666,90.9,100,0,2024-09-04T15:27:09.000Z
"9/4/2024, 11:32:09 AM",3.666,91.2,100,0,2024-09-04T15:32:09.000Z
"9/4/2024, 11:37:09 AM",3.666,91.6,100,0,2024-09-04T15:37:09.000Z
"9/4/2024, 11:42:09 AM",3.666,91.9,100,0,2024-09-04T15:42:09.000Z
"9/4/2024, 11:47:09 AM",3.666,92.1,100,0,2024-09-04T15:47:09.000Z
"9/4/2024, 11:52:09 AM",3.666,92.5,100,0,2024-09-04T15:52:09.000Z
"9/4/2024, 11:57:09 AM",3.666,92.8,100,0,2024-09-04T15:57:09.000Z
"9/4/2024, 12:02:09 PM",3.665,93.2,100,0,2024-09-04T16:02:09.000Z
"9/4/2024, 12:07:09 PM",3.666,93.7,100,0,2024-09-04T16:07:09.000Z
"9/4/2024, 12:12:09 PM",3.666,94.1,100,0,2024-09-04T16:12:09.000Z
"9/4/2024, 12:17:09 PM",3.666,94.6,100,0,2024-09-04T16:17:09.000Z
"9/4/2024, 12:22:09 PM",3.665,95,100,0,2024-09-04T16:22:09.000Z
"9/4/2024, 12:27:09 PM",3.665,95.4,100,0,2024-09-04T16:27:09.000Z
"9/4/2024, 12:32:09 PM",3.665,95.9,100,0,2024-09-04T16:32:09.000Z
"9/4/2024, 12:37:09 PM",3.665,96.4,100,0,2024-09-04T16:37:09.000Z
"9/4/2024, 12:42:09 PM",3.665,97,100,0,2024-09-04T16:42:09.000Z
"9/4/2024, 12:47:09 PM",3.664,97.3,100,0,2024-09-04T16:47:09.000Z
"9/4/2024, 12:52:09 PM",3.664,97.9,100,0,2024-09-04T16:52:09.000Z
"9/4/2024, 12:57:09 PM",3.664,98.6,100,0,2024-09-04T16:57:09.000Z
"9/4/2024, 1:02:09 PM",3.664,99,100,0,2024-09-04T17:02:09.000Z
"9/4/2024, 1:07:09 PM",3.664,99.3,100,0,2024-09-04T17:07:09.000Z
"9/4/2024, 1:12:09 PM",3.664,99.9,100,0,2024-09-04T17:12:09.000Z
"9/4/2024, 1:17:09 PM",3.664,100.4,100,0,2024-09-04T17:17:09.000Z
"9/4/2024, 1:22:09 PM",3.664,100.8,100,0,2024-09-04T17:22:09.000Z
"9/4/2024, 1:27:09 PM",3.664,101.1,100,0,2024-09-04T17:27:09.000Z
"9/4/2024, 1:32:09 PM",3.664,101.5,100,0,2024-09-04T17:32:09.000Z
"9/4/2024, 1:37:09 PM",3.663,101.7,100,0,2024-09-04T17:37:09.000Z
"9/4/2024, 1:42:09 PM",3.664,101.8,100,0,2024-09-04T17:42:09.000Z
"9/4/2024, 1:47:09 PM",3.663,102.2,100,0,2024-09-04T17:47:09.000Z
"9/4/2024, 1:52:09 PM",3.663,102.4,100,0,2024-09-04T17:52:09.000Z
"9/4/2024, 1:57:09 PM",3.663,102.6,100,0,2024-09-04T17:57:09.000Z
"9/4/2024, 2:02:09 PM",3.663,102.7,100,0,2024-09-04T18:02:09.000Z
"9/4/2024, 2:07:09 PM",3.663,102.9,100,0,2024-09-04T18:07:09.000Z
"9/4/2024, 2:12:09 PM",3.663,102.9,100,0,2024-09-04T18:12:09.000Z
"9/4/2024, 2:17:09 PM",3.663,103.1,100,0,2024-09-04T18:17:09.000Z
"9/4/2024, 2:22:09 PM",3.663,103.3,100,0,2024-09-04T18:22:09.000Z
"9/4/2024, 2:27:09 PM",3.663,103.5,100,0,2024-09-04T18:27:09.000Z
"9/4/2024, 2:32:09 PM",3.663,103.6,100,0,2024-09-04T18:32:09.000Z
"9/4/2024, 2:37:09 PM",3.663,103.6,100,0,2024-09-04T18:37:09.000Z
"9/4/2024, 2:42:09 PM",3.663,103.8,100,0,2024-09-04T18:42:09.000Z
"9/4/2024, 2:47:09 PM",3.663,103.8,100,0,2024-09-04T18:47:09.000Z
"9/4/2024, 2:52:09 PM",3.663,103.8,100,0,2024-09-04T18:52:09.000Z
"9/4/2024, 2:57:09 PM",3.663,103.6,100,0,2024-09-04T18:57:09.000Z
"9/4/2024, 3:02:09 PM",3.663,103.6,100,0,2024-09-04T19:02:09.000Z
"9/4/2024, 3:07:09 PM",3.663,103.6,100,0,2024-09-04T19:07:09.000Z
"9/4/2024, 3:12:09 PM",3.663,103.6,100,0,2024-09-04T19:12:09.000Z
"9/4/2024, 3:17:09 PM",3.663,103.3,100,0,2024-09-04T19:17:09.000Z
"9/4/2024, 3:22:09 PM",3.663,103.1,100,0,2024-09-04T19:22:09.000Z
"9/4/2024, 3:27:09 PM",3.663,103.1,100,0,2024-09-04T19:27:09.000Z
"9/4/2024, 3:32:09 PM",3.663,103.3,100,0,2024-09-04T19:32:09.000Z
"9/4/2024, 3:37:09 PM",3.663,103.3,100,0,2024-09-04T19:37:09.000Z
"9/4/2024, 3:42:09 PM",3.663,103.3,100,0,2024-09-04T19:42:09.000Z
"9/4/2024, 3:47:09 PM",3.663,103.5,100,0,2024-09-04T19:47:09.000Z
"9/4/2024, 3:52:09 PM",3.663,103.8,100,0,2024-09-04T19:52:09.000Z
"9/4/2024, 3:57:09 PM",3.663,103.8,100,0,2024-09-04T19:57:09.000Z
"9/4/2024, 4:02:09 PM",3.663,103.8,100,0,2024-09-04T20:02:09.000Z
"9/4/2024, 4:07:09 PM",3.663,103.8,100,0,2024-09-04T20:07:09.000Z
"9/4/2024, 4:12:09 PM",3.663,103.8,100,0,2024-09-04T20:12:09.000Z
"9/4/2024, 4:17:09 PM",3.663,103.5,100,0,2024-09-04T20:17:09.000Z
"9/4/2024, 4:22:09 PM",3.663,103.1,99.1,0,2024-09-04T20:22:09.000Z
"9/4/2024, 4:27:09 PM",3.663,103.1,98.7,0,2024-09-04T20:27:09.000Z
"9/4/2024, 4:32:09 PM",3.663,103.1,98.8,0,2024-09-04T20:32:09.000Z
"9/4/2024, 4:37:09 PM",3.664,103.3,98.2,0,2024-09-04T20:37:09.000Z
"9/4/2024, 4:42:09 PM",3.663,103.3,98.2,0,2024-09-04T20:42:09.000Z
"9/4/2024, 4:47:09 PM",3.663,103.3,98.4,0,2024-09-04T20:47:09.000Z
"9/4/2024, 4:52:09 PM",3.663,103.3,98.5,0,2024-09-04T20:52:09.000Z
"9/4/2024, 4:57:09 PM",3.663,103.1,98.5,0,2024-09-04T20:57:09.000Z
"9/4/2024, 5:02:09 PM",3.664,102.9,98.3,0,2024-09-04T21:02:09.000Z
"9/4/2024, 5:07:09 PM",3.664,102.7,97.9,0,2024-09-04T21:07:09.000Z
"9/4/2024, 5:12:09 PM",3.663,102.6,97.6,0,2024-09-04T21:12:09.000Z
"9/4/2024, 5:17:09 PM",3.664,102.2,97.6,0,2024-09-04T21:17:09.000Z
"9/4/2024, 5:22:09 PM",3.664,102,97.5,0,2024-09-04T21:22:09.000Z
"9/4/2024, 5:27:09 PM",3.664,101.8,97.6,0,2024-09-04T21:27:09.000Z
"9/4/2024, 5:32:09 PM",3.663,101.8,97.7,0,2024-09-04T21:32:09.000Z
"9/4/2024, 5:37:09 PM",3.664,101.7,97.6,0,2024-09-04T21:37:09.000Z
"9/4/2024, 5:42:09 PM",3.664,101.5,97.4,0,2024-09-04T21:42:09.000Z
"9/4/2024, 5:47:09 PM",3.664,101.3,97.1,0,2024-09-04T21:47:09.000Z
"9/4/2024, 5:52:09 PM",3.664,101.1,96.9,0,2024-09-04T21:52:09.000Z
"9/4/2024, 5:57:09 PM",3.664,100.9,97.1,0,2024-09-04T21:57:09.000Z
"9/4/2024, 6:02:09 PM",3.664,100.8,97.2,0,2024-09-04T22:02:09.000Z
"9/4/2024, 6:07:09 PM",3.664,100.4,97.1,0,2024-09-04T22:07:09.000Z
"9/4/2024, 6:12:09 PM",3.665,99.9,97,0,2024-09-04T22:12:09.000Z
"9/4/2024, 6:17:09 PM",3.664,99.3,97.2,0,2024-09-04T22:17:09.000Z
"9/4/2024, 6:22:09 PM",3.664,99,97.4,0,2024-09-04T22:22:09.000Z
"9/4/2024, 6:27:09 PM",3.664,98.8,97.4,0,2024-09-04T22:27:09.000Z
"9/4/2024, 6:32:09 PM",3.665,98.2,97.3,0,2024-09-04T22:32:09.000Z
"9/4/2024, 6:37:09 PM",3.665,97.9,97.3,0,2024-09-04T22:37:09.000Z
"9/4/2024, 6:42:09 PM",3.665,97.3,97.4,0,2024-09-04T22:42:09.000Z
"9/4/2024, 6:47:09 PM",3.665,96.8,97.5,0,2024-09-04T22:47:09.000Z
"9/4/2024, 6:52:09 PM",3.665,96.1,97.5,0,2024-09-04T22:52:09.000Z
"9/4/2024, 6:57:09 PM",3.665,95.5,97.6,0,2024-09-04T22:57:09.000Z
"9/4/2024, 7:02:09 PM",3.665,94.8,97.9,0,2024-09-04T23:02:09.000Z
"9/4/2024, 7:07:09 PM",3.665,94.3,98.2,0,2024-09-04T23:07:09.000Z
"9/4/2024, 7:12:09 PM",3.665,93.9,98.6,0,2024-09-04T23:12:09.000Z
"9/4/2024, 7:17:09 PM",3.666,93.4,98.9,0,2024-09-04T23:17:09.000Z
"9/4/2024, 7:22:09 PM",3.665,92.8,99.3,0,2024-09-04T23:22:09.000Z
"9/4/2024, 7:27:09 PM",3.666,92.3,99.7,0,2024-09-04T23:27:09.000Z
"9/4/2024, 7:32:09 PM",3.666,91.8,100,0,2024-09-04T23:32:09.000Z
"9/4/2024, 7:37:09 PM",3.666,91.2,100,0,2024-09-04T23:37:09.000Z
"9/4/2024, 7:42:09 PM",3.666,90.9,100,0,2024-09-04T23:42:09.000Z
"9/4/2024, 7:47:09 PM",3.666,90.3,100,0,2024-09-04T23:47:09.000Z
"9/4/2024, 7:52:09 PM",3.666,90,100,0,2024-09-04T23:52:09.000Z
"9/4/2024, 7:57:09 PM",3.666,89.6,100,0,2024-09-04T23:57:09.000Z
"9/4/2024, 8:02:09 PM",3.667,89.1,100,0,2024-09-05T00:02:09.000Z
"9/4/2024, 8:07:09 PM",3.666,88.9,100,0,2024-09-05T00:07:09.000Z
"9/4/2024, 8:12:09 PM",3.666,88.3,100,0,2024-09-05T00:12:09.000Z
"9/4/2024, 8:17:09 PM",3.667,88,100,0,2024-09-05T00:17:09.000Z
"9/4/2024, 8:22:09 PM",3.667,87.6,100,0,2024-09-05T00:22:09.000Z
"9/4/2024, 8:27:09 PM",3.667,87.3,100,0,2024-09-05T00:27:09.000Z
"9/4/2024, 8:32:09 PM",3.667,86.9,100,0,2024-09-05T00:32:09.000Z
"9/4/2024, 8:37:09 PM",3.667,86.5,100,0,2024-09-05T00:37:09.000Z
"9/4/2024, 8:42:09 PM",3.667,86.2,100,0,2024-09-05T00:42:09.000Z
"9/4/2024, 8:47:09 PM",3.667,86,100,0,2024-09-05T00:47:09.000Z
"9/4/2024, 8:52:09 PM",3.667,85.6,100,0,2024-09-05T00:52:09.000Z
"9/4/2024, 8:57:09 PM",3.667,85.3,100,0,2024-09-05T00:57:09.000Z
"9/4/2024, 9:02:09 PM",3.667,85.1,100,0,2024-09-05T01:02:09.000Z
"9/4/2024, 9:07:09 PM",3.667,84.9,100,0,2024-09-05T01:07:09.000Z
"9/4/2024, 9:12:09 PM",3.667,84.7,100,0,2024-09-05T01:12:09.000Z
"9/4/2024, 9:17:09 PM",3.668,84.4,100,0,2024-09-05T01:17:09.000Z
"9/4/2024, 9:22:09 PM",3.667,84.2,100,0,2024-09-05T01:22:09.000Z
"9/4/2024, 9:27:09 PM",3.667,84,100,0,2024-09-05T01:27:09.000Z
"9/4/2024, 9:32:09 PM",3.668,84,100,0,2024-09-05T01:32:09.000Z
"9/4/2024, 9:37:09 PM",3.667,83.7,100,0,2024-09-05T01:37:09.000Z
"9/4/2024, 9:42:09 PM",3.668,83.5,100,0,2024-09-05T01:42:09.000Z
"9/4/2024, 9:47:09 PM",3.668,83.3,100,0,2024-09-05T01:47:09.000Z
"9/4/2024, 9:52:09 PM",3.667,83.3,100,0,2024-09-05T01:52:09.000Z
"9/4/2024, 9:57:09 PM",3.667,83.1,100,0,2024-09-05T01:57:09.000Z
"9/4/2024, 10:02:09 PM",3.668,82.9,100,0,2024-09-05T02:02:09.000Z
"9/4/2024, 10:07:09 PM",3.668,82.9,100,0,2024-09-05T02:07:09.000Z
"9/4/2024, 10:12:09 PM",3.668,82.8,100,0,2024-09-05T02:12:09.000Z
"9/4/2024, 10:17:09 PM",3.668,82.6,100,0,2024-09-05T02:17:09.000Z
"9/4/2024, 10:22:09 PM",3.668,82.6,100,0,2024-09-05T02:22:09.000Z
"9/4/2024, 10:27:09 PM",3.667,82.4,100,0,2024-09-05T02:27:09.000Z
"9/4/2024, 10:32:09 PM",3.668,82.2,100,0,2024-09-05T02:32:09.000Z
"9/4/2024, 10:37:09 PM",3.668,82.2,100,0,2024-09-05T02:37:09.000Z
"9/4/2024, 10:42:09 PM",3.668,82,100,0,2024-09-05T02:42:09.000Z
"9/4/2024, 10:47:09 PM",3.668,82,100,0,2024-09-05T02:47:09.000Z
"9/4/2024, 10:52:09 PM",3.667,81.9,100,0,2024-09-05T02:52:09.000Z
"9/4/2024, 10:57:09 PM",3.668,81.9,100,0,2024-09-05T02:57:09.000Z
"9/4/2024, 11:02:09 PM",3.668,81.9,100,0,2024-09-05T03:02:09.000Z
"9/4/2024, 11:07:09 PM",3.668,81.7,100,0,2024-09-05T03:07:09.000Z
"9/4/2024, 11:12:09 PM",3.668,81.7,100,0,2024-09-05T03:12:09.000Z
"9/4/2024, 11:17:09 PM",3.668,81.5,100,0,2024-09-05T03:17:09.000Z
"9/4/2024, 11:22:09 PM",3.668,81.5,100,0,2024-09-05T03:22:09.000Z
"9/4/2024, 11:27:09 PM",3.668,81.3,100,0,2024-09-05T03:27:09.000Z
"9/4/2024, 11:32:09 PM",3.668,81.1,100,0,2024-09-05T03:32:09.000Z
"9/4/2024, 11:37:09 PM",3.668,81.1,100,0,2024-09-05T03:37:09.000Z
"9/4/2024, 11:42:09 PM",3.668,81,100,0,2024-09-05T03:42:09.000Z
"9/4/2024, 11:47:09 PM",3.668,81,100,0,2024-09-05T03:47:09.000Z
"9/4/2024, 11:52:09 PM",3.668,80.8,100,0,2024-09-05T03:52:09.000Z
"9/4/2024, 11:57:09 PM",3.668,80.8,100,0,2024-09-05T03:57:09.000Z
"9/5/2024, 12:02:09 AM",3.668,80.6,100,0,2024-09-05T04:02:09.000Z
"9/5/2024, 12:07:09 AM",3.668,80.6,100,0,2024-09-05T04:07:09.000Z
"9/5/2024, 12:12:09 AM",3.668,80.6,100,0,2024-09-05T04:12:09.000Z
"9/5/2024, 12:17:09 AM",3.668,80.4,100,0,2024-09-05T04:17:09.000Z
"9/5/2024, 12:22:09 AM",3.668,80.4,100,0,2024-09-05T04:22:09.000Z
"9/5/2024, 12:27:09 AM",3.668,80.4,100,0,2024-09-05T04:27:09.000Z
"9/5/2024, 12:32:09 AM",3.668,80.2,100,0,2024-09-05T04:32:09.000Z
"9/5/2024, 12:37:09 AM",3.668,80.2,100,0,2024-09-05T04:37:09.000Z
"9/5/2024, 12:42:09 AM",3.668,80.2,100,0,2024-09-05T04:42:09.000Z
"9/5/2024, 12:47:09 AM",3.668,80.1,100,0,2024-09-05T04:47:09.000Z
"9/5/2024, 12:52:09 AM",3.668,80.1,100,0,2024-09-05T04:52:09.000Z
"9/5/2024, 12:57:09 AM",3.668,80.1,100,0,2024-09-05T04:57:09.000Z
"9/5/2024, 1:02:09 AM",3.668,79.9,100,0,2024-09-05T05:02:09.000Z
"9/5/2024, 1:07:09 AM",3.668,79.9,100,0,2024-09-05T05:07:09.000Z
"9/5/2024, 1:12:09 AM",3.668,79.9,100,0,2024-09-05T05:12:09.000Z
"9/5/2024, 1:17:09 AM",3.668,79.7,100,0,2024-09-05T05:17:09.000Z
"9/5/2024, 1:22:09 AM",3.668,79.7,100,0,2024-09-05T05:22:09.000Z
"9/5/2024, 1:27:09 AM",3.668,79.5,100,0,2024-09-05T05:27:09.000Z
"9/5/2024, 1:32:09 AM",3.668,79.5,100,0,2024-09-05T05:32:09.000Z
"9/5/2024, 1:37:09 AM",3.668,79.5,100,0,2024-09-05T05:37:09.000Z
"9/5/2024, 1:42:09 AM",3.668,79.3,100,0,2024-09-05T05:42:09.000Z
"9/5/2024, 1:47:09 AM",3.668,79.3,100,0,2024-09-05T05:47:09.000Z
"9/5/2024, 1:52:09 AM",3.668,79.2,100,0,2024-09-05T05:52:09.000Z
"9/5/2024, 1:57:09 AM",3.668,79.2,100,0,2024-09-05T05:57:09.000Z
"9/5/2024, 2:02:09 AM",3.668,79,100,0,2024-09-05T06:02:09.000Z
"9/5/2024, 2:07:09 AM",3.668,79,100,0,2024-09-05T06:07:09.000Z
"9/5/2024, 2:12:09 AM",3.668,79,100,0,2024-09-05T06:12:09.000Z
"9/5/2024, 2:17:09 AM",3.668,79,100,0,2024-09-05T06:17:09.000Z
"9/5/2024, 2:22:09 AM",3.668,79,100,0,2024-09-05T06:22:09.000Z
"9/5/2024, 2:27:09 AM",3.668,79,100,0,2024-09-05T06:27:09.000Z
"9/5/2024, 2:32:09 AM",3.668,79,100,0,2024-09-05T06:32:09.000Z
"9/5/2024, 2:37:09 AM",3.668,78.8,100,0,2024-09-05T06:37:09.000Z
"9/5/2024, 2:42:09 AM",3.668,78.6,100,0,2024-09-05T06:42:09.000Z
"9/5/2024, 2:47:09 AM",3.668,78.6,100,0,2024-09-05T06:47:09.000Z
"9/5/2024, 2:52:09 AM",3.668,78.6,100,0,2024-09-05T06:52:09.000Z
"9/5/2024, 2:57:09 AM",3.668,78.4,100,0,2024-09-05T06:57:09.000Z
"9/5/2024, 3:02:09 AM",3.669,78.4,100,0,2024-09-05T07:02:09.000Z
"9/5/2024, 3:07:09 AM",3.668,78.4,100,0,2024-09-05T07:07:09.000Z
"9/5/2024, 3:12:09 AM",3.668,78.6,100,0,2024-09-05T07:12:09.000Z
"9/5/2024, 3:17:09 AM",3.668,78.4,100,0,2024-09-05T07:17:09.000Z
"9/5/2024, 3:22:09 AM",3.668,78.4,100,0,2024-09-05T07:22:09.000Z
"9/5/2024, 3:27:09 AM",3.668,78.4,100,0,2024-09-05T07:27:09.000Z
"9/5/2024, 3:32:09 AM",3.668,78.4,100,0,2024-09-05T07:32:09.000Z
"9/5/2024, 3:37:09 AM",3.668,78.3,100,0,2024-09-05T07:37:09.000Z
"9/5/2024, 3:42:09 AM",3.668,78.3,100,0,2024-09-05T07:42:09.000Z
"9/5/2024, 3:47:09 AM",3.668,78.1,100,0,2024-09-05T07:47:09.000Z
"9/5/2024, 3:52:09 AM",3.668,78.1,100,0,2024-09-05T07:52:09.000Z
"9/5/2024, 3:57:09 AM",3.668,77.9,100,0,2024-09-05T07:57:09.000Z
"9/5/2024, 4:02:09 AM",3.668,77.9,100,0,2024-09-05T08:02:09.000Z
"9/5/2024, 4:07:09 AM",3.668,77.9,100,0,2024-09-05T08:07:09.000Z
"9/5/2024, 4:12:09 AM",3.668,77.9,100,0,2024-09-05T08:12:09.000Z
"9/5/2024, 4:17:09 AM",3.668,77.7,100,0,2024-09-05T08:17:09.000Z
"9/5/2024, 4:22:09 AM",3.668,77.7,100,0,2024-09-05T08:22:09.000Z
"9/5/2024, 4:27:09 AM",3.668,77.7,100,0,2024-09-05T08:27:09.000Z
"9/5/2024, 4:32:09 AM",3.668,77.9,100,0,2024-09-05T08:32:09.000Z
"9/5/2024, 4:37:09 AM",3.668,77.9,100,0,2024-09-05T08:37:09.000Z
"9/5/2024, 4:42:09 AM",3.669,77.9,100,0,2024-09-05T08:42:09.000Z
"9/5/2024, 4:47:09 AM",3.668,77.9,100,0,2024-09-05T08:47:09.000Z
"9/5/2024, 4:52:09 AM",3.668,77.9,100,0,2024-09-05T08:52:09.000Z
"9/5/2024, 4:57:09 AM",3.668,77.9,100,0,2024-09-05T08:57:09.000Z
"9/5/2024, 5:02:09 AM",3.668,77.9,100,0,2024-09-05T09:02:09.000Z
"9/5/2024, 5:07:09 AM",3.668,77.7,100,0,2024-09-05T09:07:09.000Z
"9/5/2024, 5:12:09 AM",3.668,77.7,100,0,2024-09-05T09:12:09.000Z
"9/5/2024, 5:17:09 AM",3.668,77.7,100,0,2024-09-05T09:17:09.000Z
"9/5/2024, 5:22:09 AM",3.668,77.7,100,0,2024-09-05T09:22:09.000Z
"9/5/2024, 5:27:09 AM",3.668,77.5,100,0,2024-09-05T09:27:09.000Z
"9/5/2024, 5:32:09 AM",3.667,77.5,100,0,2024-09-05T09:32:09.000Z
"9/5/2024, 5:37:09 AM",3.668,77.5,100,0,2024-09-05T09:37:09.000Z
"9/5/2024, 5:42:09 AM",3.668,77.4,100,0,2024-09-05T09:42:09.000Z
"9/5/2024, 5:47:09 AM",3.668,77.4,100,0,2024-09-05T09:47:09.000Z
"9/5/2024, 5:52:09 AM",3.668,77.2,100,0,2024-09-05T09:52:09.000Z
"9/5/2024, 5:57:09 AM",3.668,77.2,100,0,2024-09-05T09:57:09.000Z
"9/5/2024, 6:02:09 AM",3.668,77.2,100,0,2024-09-05T10:02:09.000Z
"9/5/2024, 6:07:09 AM",3.668,77,100,0,2024-09-05T10:07:09.000Z
"9/5/2024, 6:12:09 AM",3.668,77,100,0,2024-09-05T10:12:09.000Z
"9/5/2024, 6:17:09 AM",3.668,77,100,0,2024-09-05T10:17:09.000Z
"9/5/2024, 6:22:09 AM",3.668,76.8,100,0,2024-09-05T10:22:09.000Z
"9/5/2024, 6:27:09 AM",3.669,76.8,100,0,2024-09-05T10:27:09.000Z
"9/5/2024, 6:32:09 AM",3.668,76.8,100,0,2024-09-05T10:32:09.000Z
"9/5/2024, 6:37:09 AM",3.668,76.8,100,0,2024-09-05T10:37:09.000Z
"9/5/2024, 6:42:09 AM",3.668,76.8,100,0,2024-09-05T10:42:09.000Z
"9/5/2024, 6:47:09 AM",3.668,76.8,100,0,2024-09-05T10:47:09.000Z
"9/5/2024, 6:52:09 AM",3.668,76.8,100,0,2024-09-05T10:52:09.000Z
"9/5/2024, 6:57:09 AM",3.668,76.8,100,0,2024-09-05T10:57:09.000Z
"9/5/2024, 7:02:09 AM",3.668,77,100,0,2024-09-05T11:02:09.000Z
"9/5/2024, 7:07:09 AM",3.668,77,100,0,2024-09-05T11:07:09.000Z
"9/5/2024, 7:12:09 AM",3.668,77.2,100,0,2024-09-05T11:12:09.000Z
"9/5/2024, 7:17:09 AM",3.668,77.2,100,0,2024-09-05T11:17:09.000Z
"9/5/2024, 7:22:09 AM",3.668,77.2,100,0,2024-09-05T11:22:09.000Z
"9/5/2024, 7:27:09 AM",3.668,77.2,100,0,2024-09-05T11:27:09.000Z
"9/5/2024, 7:32:09 AM",3.668,77.4,100,0,2024-09-05T11:32:09.000Z
"9/5/2024, 7:37:09 AM",3.668,77.4,100,0,2024-09-05T11:37:09.000Z
"9/5/2024, 7:42:09 AM",3.668,77.5,100,0,2024-09-05T11:42:09.000Z
"9/5/2024, 7:47:09 AM",3.668,77.7,100,0,2024-09-05T11:47:09.000Z
"9/5/2024, 7:52:09 AM",3.668,77.9,100,0,2024-09-05T11:52:09.000Z
"9/5/2024, 7:57:09 AM",3.668,78.1,100,1,2024-09-05T11:57:09.000Z
"9/5/2024, 8:02:09 AM",3.668,78.3,100,0,2024-09-05T12:02:09.000Z
"9/5/2024, 8:07:09 AM",3.668,78.6,100,0,2024-09-05T12:07:09.000Z
"9/5/2024, 8:12:09 AM",3.668,79,100,1,2024-09-05T12:12:09.000Z
"9/5/2024, 8:17:09 AM",3.668,79.3,100,0,2024-09-05T12:17:09.000Z
"9/5/2024, 8:22:09 AM",3.668,79.7,100,0,2024-09-05T12:22:09.000Z
"9/5/2024, 8:27:09 AM",3.668,80.2,100,1,2024-09-05T12:27:09.000Z
"9/5/2024, 8:32:09 AM",3.668,80.8,100,1,2024-09-05T12:32:09.000Z
"9/5/2024, 8:37:09 AM",3.668,81.1,100,1,2024-09-05T12:37:09.000Z
"9/5/2024, 8:42:09 AM",3.667,81.5,100,1,2024-09-05T12:42:09.000Z
"9/5/2024, 8:47:09 AM",3.667,82,100,0,2024-09-05T12:47:09.000Z
"9/5/2024, 8:52:09 AM",3.667,82.4,100,1,2024-09-05T12:52:09.000Z
"9/5/2024, 8:57:09 AM",3.667,82.8,100,1,2024-09-05T12:57:09.000Z
"9/5/2024, 9:02:09 AM",3.667,83.1,100,1,2024-09-05T13:02:09.000Z
"9/5/2024, 9:07:09 AM",3.667,83.7,100,1,2024-09-05T13:07:09.000Z
"9/5/2024, 9:12:09 AM",3.667,84,100,1,2024-09-05T13:12:09.000Z
"9/5/2024, 9:17:09 AM",3.667,84.4,100,1,2024-09-05T13:17:09.000Z
"9/5/2024, 9:22:09 AM",3.667,84.9,100,1,2024-09-05T13:22:09.000Z
"9/5/2024, 9:27:09 AM",3.667,85.3,100,1,2024-09-05T13:27:09.000Z
"9/5/2024, 9:32:09 AM",3.667,85.6,100,1,2024-09-05T13:32:09.000Z
"9/5/2024, 9:37:09 AM",3.667,86,100,1,2024-09-05T13:37:09.000Z
"9/5/2024, 9:42:09 AM",3.667,86.4,100,1,2024-09-05T13:42:09.000Z
"9/5/2024, 9:47:09 AM",3.666,86.9,100,1,2024-09-05T13:47:09.000Z
"9/5/2024, 9:52:09 AM",3.666,87.3,100,1,2024-09-05T13:52:09.000Z
"9/5/2024, 9:57:09 AM",3.667,87.6,100,0,2024-09-05T13:57:09.000Z
"9/5/2024, 10:02:09 AM",3.666,88,100,1,2024-09-05T14:02:09.000Z
"9/5/2024, 10:07:09 AM",3.666,88.5,100,0,2024-09-05T14:07:09.000Z
"9/5/2024, 10:12:09 AM",3.666,88.9,100,0,2024-09-05T14:12:09.000Z
"9/5/2024, 10:17:09 AM",3.666,89.4,100,0,2024-09-05T14:17:09.000Z
"9/5/2024, 10:22:09 AM",3.666,90,100,0,2024-09-05T14:22:09.000Z
"9/5/2024, 10:27:09 AM",3.666,90.5,100,0,2024-09-05T14:27:09.000Z
"9/5/2024, 10:32:09 AM",3.666,91,100,0,2024-09-05T14:32:09.000Z
"9/5/2024, 10:37:09 AM",3.666,91.4,100,0,2024-09-05T14:37:09.000Z
"9/5/2024, 10:42:09 AM",3.666,91.6,100,0,2024-09-05T14:42:09.000Z
"9/5/2024, 10:47:09 AM",3.666,91.8,100,0,2024-09-05T14:47:09.000Z
"9/5/2024, 10:52:09 AM",3.666,91.9,100,0,2024-09-05T14:52:09.000Z
"9/5/2024, 10:57:09 AM",3.666,92.3,100,0,2024-09-05T14:57:09.000Z
"9/5/2024, 11:02:09 AM",3.665,92.5,100,0,2024-09-05T15:02:09.000Z
"9/5/2024, 11:07:09 AM",3.666,92.8,100,0,2024-09-05T15:07:09.000Z
"9/5/2024, 11:12:09 AM",3.666,93.2,100,0,2024-09-05T15:12:09.000Z
"9/5/2024, 11:17:09 AM",3.665,93.4,100,0,2024-09-05T15:17:09.000Z
"9/5/2024, 11:22:09 AM",3.665,93.6,100,0,2024-09-05T15:22:09.000Z
"9/5/2024, 11:27:09 AM",3.665,93.9,100,0,2024-09-05T15:27:09.000Z
"9/5/2024, 11:32:09 AM",3.665,93.9,100,0,2024-09-05T15:32:09.000Z
"9/5/2024, 11:37:09 AM",3.666,94.3,100,0,2024-09-05T15:37:09.000Z
"9/5/2024, 11:42:09 AM",3.665,94.6,100,0,2024-09-05T15:42:09.000Z
"9/5/2024, 11:47:09 AM",3.665,95,100,0,2024-09-05T15:47:09.000Z
"9/5/2024, 11:52:09 AM",3.665,95.4,100,0,2024-09-05T15:52:09.000Z
"9/5/2024, 11:57:09 AM",3.665,95.7,100,0,2024-09-05T15:57:09.000Z
"9/5/2024, 12:02:09 PM",3.665,96.3,100,0,2024-09-05T16:02:09.000Z
"9/5/2024, 12:07:09 PM",3.665,96.6,100,0,2024-09-05T16:07:09.000Z
"9/5/2024, 12:12:09 PM",3.665,97.2,100,0,2024-09-05T16:12:09.000Z
"9/5/2024, 12:17:09 PM",3.665,97.5,100,0,2024-09-05T16:17:09.000Z
"9/5/2024, 12:22:09 PM",3.664,97.9,100,0,2024-09-05T16:22:09.000Z
"9/5/2024, 12:27:09 PM",3.664,98.4,100,0,2024-09-05T16:27:09.000Z
"9/5/2024, 12:32:09 PM",3.664,99,100,0,2024-09-05T16:32:09.000Z
"9/5/2024, 12:37:09 PM",3.664,99.1,100,0,2024-09-05T16:37:09.000Z
"9/5/2024, 12:42:09 PM",3.664,99.7,100,0,2024-09-05T16:42:09.000Z
"9/5/2024, 12:47:09 PM",3.664,100.2,100,0,2024-09-05T16:47:09.000Z
"9/5/2024, 12:52:09 PM",3.664,100.6,100,0,2024-09-05T16:52:09.000Z
"9/5/2024, 12:57:09 PM",3.663,101.1,100,0,2024-09-05T16:57:09.000Z
"9/5/2024, 1:02:09 PM",3.663,101.5,100,0,2024-09-05T17:02:09.000Z
"9/5/2024, 1:07:09 PM",3.663,101.8,100,0,2024-09-05T17:07:09.000Z
"9/5/2024, 1:12:09 PM",3.664,102.2,100,0,2024-09-05T17:12:09.000Z
"9/5/2024, 1:17:09 PM",3.663,102.4,100,0,2024-09-05T17:17:09.000Z
"9/5/2024, 1:22:09 PM",3.663,102.7,100,0,2024-09-05T17:22:09.000Z
"9/5/2024, 1:27:09 PM",3.663,103.3,100,0,2024-09-05T17:27:09.000Z
"9/5/2024, 1:32:09 PM",3.663,103.6,100,0,2024-09-05T17:32:09.000Z
"9/5/2024, 1:37:09 PM",3.663,103.8,100,0,2024-09-05T17:37:09.000Z
"9/5/2024, 1:42:09 PM",3.663,104.4,100,0,2024-09-05T17:42:09.000Z
"9/5/2024, 1:47:09 PM",3.663,105.1,100,0,2024-09-05T17:47:09.000Z
"9/5/2024, 1:52:09 PM",3.663,105.6,100,0,2024-09-05T17:52:09.000Z
"9/5/2024, 1:57:09 PM",3.662,106.2,100,0,2024-09-05T17:57:09.000Z
"9/5/2024, 2:02:09 PM",3.663,106.9,100,0,2024-09-05T18:02:09.000Z
"9/5/2024, 2:07:09 PM",3.662,107.4,100,0,2024-09-05T18:07:09.000Z
"9/5/2024, 2:12:09 PM",3.662,107.2,100,0,2024-09-05T18:12:09.000Z
"9/5/2024, 2:17:09 PM",3.662,106.7,100,0,2024-09-05T18:17:09.000Z
"9/5/2024, 2:22:09 PM",3.662,106.7,100,0,2024-09-05T18:22:09.000Z
"9/5/2024, 2:27:09 PM",3.662,106.9,100,0,2024-09-05T18:27:09.000Z
"9/5/2024, 2:32:09 PM",3.662,106.3,100,0,2024-09-05T18:32:09.000Z
"9/5/2024, 2:37:09 PM",3.662,105.6,100,0,2024-09-05T18:37:09.000Z
"9/5/2024, 2:42:09 PM",3.662,104.7,100,0,2024-09-05T18:42:09.000Z
"9/5/2024, 2:47:09 PM",3.663,103.8,100,0,2024-09-05T18:47:09.000Z
"9/5/2024, 2:52:09 PM",3.663,103.3,100,0,2024-09-05T18:52:09.000Z
"9/5/2024, 2:57:09 PM",3.663,102.6,100,0,2024-09-05T18:57:09.000Z
"9/5/2024, 3:02:09 PM",3.663,102.2,100,0,2024-09-05T19:02:09.000Z
"9/5/2024, 3:07:09 PM",3.663,102.2,100,0,2024-09-05T19:07:09.000Z
"9/5/2024, 3:12:09 PM",3.663,102.9,100,0,2024-09-05T19:12:09.000Z
"9/5/2024, 3:17:09 PM",3.663,103.6,100,0,2024-09-05T19:17:09.000Z
"9/5/2024, 3:22:09 PM",3.663,104.5,100,0,2024-09-05T19:22:09.000Z
"9/5/2024, 3:27:09 PM",3.663,105.3,100,0,2024-09-05T19:27:09.000Z
"9/5/2024, 3:32:09 PM",3.662,106,100,0,2024-09-05T19:32:09.000Z
"9/5/2024, 3:37:09 PM",3.663,106.5,100,0,2024-09-05T19:37:09.000Z
"9/5/2024, 3:42:09 PM",3.662,106.5,100,0,2024-09-05T19:42:09.000Z
"9/5/2024, 3:47:09 PM",3.663,106,100,0,2024-09-05T19:47:09.000Z
"9/5/2024, 3:52:09 PM",3.662,106,100,0,2024-09-05T19:52:09.000Z
"9/5/2024, 3:57:09 PM",3.662,106.2,100,0,2024-09-05T19:57:09.000Z
"9/5/2024, 4:02:09 PM",3.663,105.6,100,0,2024-09-05T20:02:09.000Z
"9/5/2024, 4:07:09 PM",3.662,104.9,100,0,2024-09-05T20:07:09.000Z
"9/5/2024, 4:12:09 PM",3.663,103.8,100,0,2024-09-05T20:12:09.000Z
"9/5/2024, 4:17:09 PM",3.663,103.6,100,0,2024-09-05T20:17:09.000Z
"9/5/2024, 4:22:09 PM",3.663,103.3,100,0,2024-09-05T20:22:09.000Z
"9/5/2024, 4:27:09 PM",3.663,103.1,100,0,2024-09-05T20:27:09.000Z
"9/5/2024, 4:32:09 PM",3.663,103.3,100,0,2024-09-05T20:32:09.000Z
"9/5/2024, 4:37:09 PM",3.663,103.6,100,0,2024-09-05T20:37:09.000Z
"9/5/2024, 4:42:09 PM",3.663,104,100,0,2024-09-05T20:42:09.000Z
"9/5/2024, 4:47:09 PM",3.663,104.4,100,0,2024-09-05T20:47:09.000Z
"9/5/2024, 4:52:09 PM",3.663,104.5,100,0,2024-09-05T20:52:09.000Z
"9/5/2024, 4:57:09 PM",3.663,104.7,99.8,0,2024-09-05T20:57:09.000Z
"9/5/2024, 5:02:09 PM",3.663,104.4,99.2,0,2024-09-05T21:02:09.000Z
"9/5/2024, 5:07:09 PM",3.663,103.8,98.4,0,2024-09-05T21:07:09.000Z
"9/5/2024, 5:12:09 PM",3.663,103.1,98,0,2024-09-05T21:12:09.000Z
"9/5/2024, 5:17:09 PM",3.663,102.9,98,0,2024-09-05T21:17:09.000Z
"9/5/2024, 5:22:09 PM",3.663,102.9,98.2,0,2024-09-05T21:22:09.000Z
"9/5/2024, 5:27:09 PM",3.663,102.9,98.6,0,2024-09-05T21:27:09.000Z
"9/5/2024, 5:32:09 PM",3.664,102.7,98.8,0,2024-09-05T21:32:09.000Z
"9/5/2024, 5:37:09 PM",3.664,102.4,98.4,0,2024-09-05T21:37:09.000Z
"9/5/2024, 5:42:09 PM",3.664,102.4,98.1,0,2024-09-05T21:42:09.000Z
"9/5/2024, 5:47:09 PM",3.663,102.2,98.3,0,2024-09-05T21:47:09.000Z
"9/5/2024, 5:52:09 PM",3.664,102,98.4,0,2024-09-05T21:52:09.000Z
"9/5/2024, 5:57:09 PM",3.664,101.7,98,0,2024-09-05T21:57:09.000Z
"9/5/2024, 6:02:09 PM",3.664,101.5,97.5,0,2024-09-05T22:02:09.000Z
"9/5/2024, 6:07:09 PM",3.664,101.3,97.2,0,2024-09-05T22:07:09.000Z
"9/5/2024, 6:12:09 PM",3.664,100.9,96.8,0,2024-09-05T22:12:09.000Z
"9/5/2024, 6:17:09 PM",3.664,100.4,96.5,0,2024-09-05T22:17:09.000Z
"9/5/2024, 6:22:09 PM",3.664,100,96.5,0,2024-09-05T22:22:09.000Z
"9/5/2024, 6:27:09 PM",3.664,99.7,96.5,0,2024-09-05T22:27:09.000Z
"9/5/2024, 6:32:09 PM",3.664,99.1,96.8,0,2024-09-05T22:32:09.000Z
"9/5/2024, 6:37:09 PM",3.664,99,97.1,0,2024-09-05T22:37:09.000Z
"9/5/2024, 6:42:09 PM",3.664,98.4,97.2,0,2024-09-05T22:42:09.000Z
"9/5/2024, 6:47:09 PM",3.664,97.9,97.3,0,2024-09-05T22:47:09.000Z
"9/5/2024, 6:52:09 PM",3.665,97.3,97.4,0,2024-09-05T22:52:09.000Z
"9/5/2024, 6:57:09 PM",3.664,96.8,97.6,0,2024-09-05T22:57:09.000Z
"9/5/2024, 7:02:09 PM",3.665,96.4,98.1,0,2024-09-05T23:02:09.000Z
"9/5/2024, 7:07:09 PM",3.665,95.9,98.5,0,2024-09-05T23:07:09.000Z
"9/5/2024, 7:12:09 PM",3.665,95.4,99,0,2024-09-05T23:12:09.000Z
"9/5/2024, 7:17:09 PM",3.665,94.8,99.5,0,2024-09-05T23:17:09.000Z
"9/5/2024, 7:22:09 PM",3.665,94.5,99.9,0,2024-09-05T23:22:09.000Z
"9/5/2024, 7:27:09 PM",3.665,93.9,100,0,2024-09-05T23:27:09.000Z
"9/5/2024, 7:32:09 PM",3.665,93.4,100,0,2024-09-05T23:32:09.000Z
"9/5/2024, 7:37:09 PM",3.666,92.8,100,0,2024-09-05T23:37:09.000Z
"9/5/2024, 7:42:09 PM",3.666,92.5,100,0,2024-09-05T23:42:09.000Z
"9/5/2024, 7:47:09 PM",3.666,92.1,100,0,2024-09-05T23:47:09.000Z
"9/5/2024, 7:52:09 PM",3.666,91.8,100,0,2024-09-05T23:52:09.000Z
"9/5/2024, 7:57:09 PM",3.666,91.4,100,0,2024-09-05T23:57:09.000Z
"9/5/2024, 8:02:09 PM",3.666,91,100,0,2024-09-06T00:02:09.000Z
"9/5/2024, 8:07:09 PM",3.666,90.7,100,0,2024-09-06T00:07:09.000Z
"9/5/2024, 8:12:09 PM",3.666,90.3,100,0,2024-09-06T00:12:09.000Z
"9/5/2024, 8:17:09 PM",3.667,90.1,100,0,2024-09-06T00:17:09.000Z
"9/5/2024, 8:22:09 PM",3.666,89.8,100,0,2024-09-06T00:22:09.000Z
"9/5/2024, 8:27:09 PM",3.667,89.4,100,0,2024-09-06T00:27:09.000Z
"9/5/2024, 8:32:09 PM",3.667,89.1,100,0,2024-09-06T00:32:09.000Z
"9/5/2024, 8:37:09 PM",3.666,88.9,100,0,2024-09-06T00:37:09.000Z
"9/5/2024, 8:42:09 PM",3.667,88.9,100,0,2024-09-06T00:42:09.000Z
"9/5/2024, 8:47:09 PM",3.667,88.5,100,0,2024-09-06T00:47:09.000Z
"9/5/2024, 8:52:09 PM",3.667,88.3,100,0,2024-09-06T00:52:09.000Z
"9/5/2024, 8:57:09 PM",3.667,88,100,0,2024-09-06T00:57:09.000Z
"9/5/2024, 9:02:09 PM",3.667,87.8,100,0,2024-09-06T01:02:09.000Z
"9/5/2024, 9:07:09 PM",3.667,87.6,100,0,2024-09-06T01:07:09.000Z
"9/5/2024, 9:12:09 PM",3.667,87.4,100,0,2024-09-06T01:12:09.000Z
"9/5/2024, 9:17:09 PM",3.667,87.3,100,0,2024-09-06T01:17:09.000Z
"9/5/2024, 9:22:09 PM",3.667,87.3,100,0,2024-09-06T01:22:09.000Z
"9/5/2024, 9:27:09 PM",3.667,87.1,100,0,2024-09-06T01:27:09.000Z
"9/5/2024, 9:32:09 PM",3.667,86.9,100,0,2024-09-06T01:32:09.000Z
"9/5/2024, 9:37:09 PM",3.668,86.7,100,0,2024-09-06T01:37:09.000Z
"9/5/2024, 9:42:09 PM",3.667,86.5,100,0,2024-09-06T01:42:09.000Z
"9/5/2024, 9:47:09 PM",3.667,86.5,100,0,2024-09-06T01:47:09.000Z
"9/5/2024, 9:52:09 PM",3.667,86.4,100,0,2024-09-06T01:52:09.000Z
"9/5/2024, 9:57:09 PM",3.667,86.2,100,0,2024-09-06T01:57:09.000Z
"9/5/2024, 10:02:09 PM",3.667,86.2,100,0,2024-09-06T02:02:09.000Z
"9/5/2024, 10:07:09 PM",3.667,86,100,0,2024-09-06T02:07:09.000Z
"9/5/2024, 10:12:09 PM",3.667,86,100,0,2024-09-06T02:12:09.000Z
"9/5/2024, 10:17:09 PM",3.667,85.8,100,0,2024-09-06T02:17:09.000Z
"9/5/2024, 10:22:09 PM",3.667,85.6,100,0,2024-09-06T02:22:09.000Z
"9/5/2024, 10:27:09 PM",3.667,85.6,100,0,2024-09-06T02:27:09.000Z
"9/5/2024, 10:32:09 PM",3.667,85.6,100,0,2024-09-06T02:32:09.000Z
"9/5/2024, 10:37:09 PM",3.667,85.6,100,0,2024-09-06T02:37:09.000Z
"9/5/2024, 10:42:09 PM",3.667,85.6,100,0,2024-09-06T02:42:09.000Z
"9/5/2024, 10:47:09 PM",3.667,85.5,100,0,2024-09-06T02:47:09.000Z
"9/5/2024, 10:52:09 PM",3.667,85.5,100,0,2024-09-06T02:52:09.000Z
"9/5/2024, 10:57:09 PM",3.668,85.3,100,0,2024-09-06T02:57:09.000Z
"9/5/2024, 11:02:09 PM",3.667,85.3,100,0,2024-09-06T03:02:09.000Z
"9/5/2024, 11:07:09 PM",3.667,85.3,100,0,2024-09-06T03:07:09.000Z
"9/5/2024, 11:12:09 PM",3.667,85.3,100,0,2024-09-06T03:12:09.000Z
"9/5/2024, 11:17:09 PM",3.667,85.1,100,0,2024-09-06T03:17:09.000Z
"9/5/2024, 11:22:09 PM",3.667,85.1,100,0,2024-09-06T03:22:09.000Z
"9/5/2024, 11:27:09 PM",3.667,84.9,100,0,2024-09-06T03:27:09.000Z
"9/5/2024, 11:32:09 PM",3.667,84.9,100,0,2024-09-06T03:32:09.000Z
"9/5/2024, 11:37:09 PM",3.667,84.7,100,0,2024-09-06T03:37:09.000Z
"9/5/2024, 11:42:09 PM",3.667,84.6,100,0,2024-09-06T03:42:09.000Z
"9/5/2024, 11:47:09 PM",3.667,84.6,100,0,2024-09-06T03:47:09.000Z
"9/5/2024, 11:52:09 PM",3.667,84.4,100,0,2024-09-06T03:52:09.000Z
"9/5/2024, 11:57:09 PM",3.667,84.4,100,0,2024-09-06T03:57:09.000Z
"9/6/2024, 12:02:09 AM",3.668,84.2,100,0,2024-09-06T04:02:09.000Z
"9/6/2024, 12:07:09 AM",3.667,84.2,100,0,2024-09-06T04:07:09.000Z
"9/6/2024, 12:12:09 AM",3.667,84,100,0,2024-09-06T04:12:09.000Z
"9/6/2024, 12:17:09 AM",3.667,84,100,0,2024-09-06T04:17:09.000Z
"9/6/2024, 12:22:09 AM",3.667,84,100,0,2024-09-06T04:22:09.000Z
"9/6/2024, 12:27:09 AM",3.667,83.8,100,0,2024-09-06T04:27:09.000Z
"9/6/2024, 12:32:09 AM",3.668,83.7,100,0,2024-09-06T04:32:09.000Z
"9/6/2024, 12:37:09 AM",3.667,83.7,100,0,2024-09-06T04:37:09.000Z
"9/6/2024, 12:42:09 AM",3.667,83.5,100,0,2024-09-06T04:42:09.000Z
"9/6/2024, 12:47:09 AM",3.667,83.5,100,0,2024-09-06T04:47:09.000Z
"9/6/2024, 12:52:09 AM",3.668,83.5,100,0,2024-09-06T04:52:09.000Z
"9/6/2024, 12:57:09 AM",3.668,83.3,100,0,2024-09-06T04:57:09.000Z
"9/6/2024, 1:02:09 AM",3.667,83.3,100,0,2024-09-06T05:02:09.000Z
"9/6/2024, 1:07:09 AM",3.668,83.3,100,0,2024-09-06T05:07:09.000Z
"9/6/2024, 1:12:09 AM",3.668,83.1,100,0,2024-09-06T05:12:09.000Z
"9/6/2024, 1:17:09 AM",3.668,83.1,100,0,2024-09-06T05:17:09.000Z
"9/6/2024, 1:22:09 AM",3.668,83.1,100,0,2024-09-06T05:22:09.000Z
"9/6/2024, 1:27:09 AM",3.667,82.9,100,0,2024-09-06T05:27:09.000Z
"9/6/2024, 1:32:09 AM",3.667,82.9,100,0,2024-09-06T05:32:09.000Z
"9/6/2024, 1:37:09 AM",3.668,82.9,100,0,2024-09-06T05:37:09.000Z
"9/6/2024, 1:42:09 AM",3.668,82.9,100,0,2024-09-06T05:42:09.000Z
"9/6/2024, 1:47:09 AM",3.668,82.9,100,0,2024-09-06T05:47:09.000Z
"9/6/2024, 1:52:09 AM",3.667,82.9,100,0,2024-09-06T05:52:09.000Z
"9/6/2024, 1:57:09 AM",3.667,82.8,100,0,2024-09-06T05:57:09.000Z
"9/6/2024, 2:02:09 AM",3.667,82.8,100,0,2024-09-06T06:02:09.000Z
"9/6/2024, 2:07:09 AM",3.668,82.8,100,0,2024-09-06T06:07:09.000Z
"9/6/2024, 2:12:09 AM",3.668,82.8,100,0,2024-09-06T06:12:09.000Z
"9/6/2024, 2:17:09 AM",3.668,82.8,100,0,2024-09-06T06:17:09.000Z
"9/6/2024, 2:22:09 AM",3.667,82.8,100,0,2024-09-06T06:22:09.000Z
"9/6/2024, 2:27:09 AM",3.667,82.8,100,0,2024-09-06T06:27:09.000Z
"9/6/2024, 2:32:09 AM",3.667,82.8,100,0,2024-09-06T06:32:09.000Z
"9/6/2024, 2:37:09 AM",3.667,82.8,100,0,2024-09-06T06:37:09.000Z
"9/6/2024, 2:42:09 AM",3.667,82.8,100,0,2024-09-06T06:42:09.000Z
"9/6/2024, 2:47:09 AM",3.667,82.6,100,0,2024-09-06T06:47:09.000Z
"9/6/2024, 2:52:09 AM",3.668,82.6,100,0,2024-09-06T06:52:09.000Z
"9/6/2024, 2:57:09 AM",3.667,82.4,100,0,2024-09-06T06:57:09.000Z
"9/6/2024, 3:02:09 AM",3.668,82.4,100,0,2024-09-06T07:02:09.000Z
"9/6/2024, 3:07:09 AM",3.667,82.2,100,0,2024-09-06T07:07:09.000Z
"9/6/2024, 3:12:09 AM",3.668,82.2,100,0,2024-09-06T07:12:09.000Z
"9/6/2024, 3:17:09 AM",3.667,82.2,100,0,2024-09-06T07:17:09.000Z
"9/6/2024, 3:22:09 AM",3.667,82,100,0,2024-09-06T07:22:09.000Z
"9/6/2024, 3:27:09 AM",3.668,82,100,0,2024-09-06T07:27:09.000Z
"9/6/2024, 3:32:09 AM",3.667,81.9,100,0,2024-09-06T07:32:09.000Z
"9/6/2024, 3:37:09 AM",3.667,81.9,100,0,2024-09-06T07:37:09.000Z
"9/6/2024, 3:42:09 AM",3.668,81.9,100,0,2024-09-06T07:42:09.000Z
"9/6/2024, 3:47:09 AM",3.667,81.9,100,0,2024-09-06T07:47:09.000Z
"9/6/2024, 3:52:09 AM",3.668,81.7,100,0,2024-09-06T07:52:09.000Z
"9/6/2024, 3:57:09 AM",3.667,81.7,100,0,2024-09-06T07:57:09.000Z
"9/6/2024, 4:02:09 AM",3.667,81.7,100,0,2024-09-06T08:02:09.000Z
"9/6/2024, 4:07:09 AM",3.667,81.7,100,0,2024-09-06T08:07:09.000Z
"9/6/2024, 4:12:09 AM",3.667,81.7,100,0,2024-09-06T08:12:09.000Z
"9/6/2024, 4:17:09 AM",3.668,81.7,100,0,2024-09-06T08:17:09.000Z
"9/6/2024, 4:22:09 AM",3.667,81.7,100,0,2024-09-06T08:22:09.000Z
"9/6/2024, 4:27:09 AM",3.668,81.7,100,0,2024-09-06T08:27:09.000Z
"9/6/2024, 4:32:09 AM",3.667,81.7,100,0,2024-09-06T08:32:09.000Z
"9/6/2024, 4:37:09 AM",3.667,81.9,100,0,2024-09-06T08:37:09.000Z
"9/6/2024, 4:42:09 AM",3.667,81.7,100,0,2024-09-06T08:42:09.000Z
"9/6/2024, 4:47:09 AM",3.667,81.7,100,0,2024-09-06T08:47:09.000Z
"9/6/2024, 4:52:09 AM",3.667,81.7,100,0,2024-09-06T08:52:09.000Z
"9/6/2024, 4:57:09 AM",3.668,81.7,100,0,2024-09-06T08:57:09.000Z
"9/6/2024, 5:02:09 AM",3.667,81.9,100,0,2024-09-06T09:02:09.000Z
"9/6/2024, 5:07:09 AM",3.668,81.9,100,0,2024-09-06T09:07:09.000Z
"9/6/2024, 5:12:09 AM",3.668,81.9,100,0,2024-09-06T09:12:09.000Z
"9/6/2024, 5:17:09 AM",3.668,81.9,100,0,2024-09-06T09:17:09.000Z
"9/6/2024, 5:22:09 AM",3.667,81.7,100,0,2024-09-06T09:22:09.000Z
"9/6/2024, 5:27:09 AM",3.668,81.7,100,0,2024-09-06T09:27:09.000Z
"9/6/2024, 5:32:09 AM",3.667,81.7,100,0,2024-09-06T09:32:09.000Z
"9/6/2024, 5:37:09 AM",3.667,81.5,100,0,2024-09-06T09:37:09.000Z
"9/6/2024, 5:42:09 AM",3.667,81.5,100,0,2024-09-06T09:42:09.000Z
"9/6/2024, 5:47:09 AM",3.667,81.5,100,0,2024-09-06T09:47:09.000Z
"9/6/2024, 5:52:09 AM",3.667,81.3,100,0,2024-09-06T09:52:09.000Z
"9/6/2024, 5:57:09 AM",3.667,81.3,100,0,2024-09-06T09:57:09.000Z
"9/6/2024, 6:02:09 AM",3.668,81.1,100,0,2024-09-06T10:02:09.000Z
"9/6/2024, 6:07:09 AM",3.668,81.1,100,0,2024-09-06T10:07:09.000Z
"9/6/2024, 6:12:09 AM",3.668,81.1,100,0,2024-09-06T10:12:09.000Z
"9/6/2024, 6:17:09 AM",3.667,81.1,100,0,2024-09-06T10:17:09.000Z
"9/6/2024, 6:22:09 AM",3.667,81.1,100,0,2024-09-06T10:22:09.000Z
"9/6/2024, 6:27:09 AM",3.668,81,100,0,2024-09-06T10:27:09.000Z
"9/6/2024, 6:32:09 AM",3.668,81,100,0,2024-09-06T10:32:09.000Z
"9/6/2024, 6:37:09 AM",3.667,81,100,0,2024-09-06T10:37:09.000Z
"9/6/2024, 6:42:09 AM",3.668,81,100,0,2024-09-06T10:42:09.000Z
"9/6/2024, 6:47:09 AM",3.668,81,100,0,2024-09-06T10:47:09.000Z
"9/6/2024, 6:52:09 AM",3.668,81,100,0,2024-09-06T10:52:09.000Z
"9/6/2024, 6:57:09 AM",3.668,81,100,0,2024-09-06T10:57:09.000Z
"9/6/2024, 7:02:09 AM",3.668,81,100,0,2024-09-06T11:02:09.000Z
"9/6/2024, 7:07:09 AM",3.668,81,100,0,2024-09-06T11:07:09.000Z
"9/6/2024, 7:12:09 AM",3.668,81,100,0,2024-09-06T11:12:09.000Z
"9/6/2024, 7:17:09 AM",3.668,81,100,0,2024-09-06T11:17:09.000Z
"9/6/2024, 7:22:09 AM",3.667,81,100,0,2024-09-06T11:22:09.000Z
"9/6/2024, 7:27:09 AM",3.668,81,100,0,2024-09-06T11:27:09.000Z
"9/6/2024, 7:32:09 AM",3.667,81.1,100,0,2024-09-06T11:32:09.000Z
"9/6/2024, 7:37:09 AM",3.668,81.3,100,0,2024-09-06T11:37:09.000Z
"9/6/2024, 7:42:09 AM",3.667,81.5,100,0,2024-09-06T11:42:09.000Z
"9/6/2024, 7:47:09 AM",3.668,81.7,100,0,2024-09-06T11:47:09.000Z
"9/6/2024, 7:52:09 AM",3.668,81.9,100,0,2024-09-06T11:52:09.000Z
"9/6/2024, 7:57:09 AM",3.668,82,100,0,2024-09-06T11:57:09.000Z
"9/6/2024, 8:02:09 AM",3.667,82.2,100,0,2024-09-06T12:02:09.000Z
"9/6/2024, 8:07:09 AM",3.667,82.2,100,0,2024-09-06T12:07:09.000Z
"9/6/2024, 8:12:09 AM",3.668,82.2,100,0,2024-09-06T12:12:09.000Z
"9/6/2024, 8:17:09 AM",3.667,82.4,100,0,2024-09-06T12:17:09.000Z
"9/6/2024, 8:22:09 AM",3.667,82.6,100,0,2024-09-06T12:22:09.000Z
"9/6/2024, 8:27:09 AM",3.667,82.8,100,0,2024-09-06T12:27:09.000Z
"9/6/2024, 8:32:09 AM",3.667,82.9,100,0,2024-09-06T12:32:09.000Z
"9/6/2024, 8:37:09 AM",3.667,83.1,100,0,2024-09-06T12:37:09.000Z
"9/6/2024, 8:42:09 AM",3.667,83.3,100,0,2024-09-06T12:42:09.000Z
"9/6/2024, 8:47:09 AM",3.667,83.7,100,0,2024-09-06T12:47:09.000Z
"9/6/2024, 8:52:09 AM",3.667,84,100,0,2024-09-06T12:52:09.000Z
"9/6/2024, 8:57:09 AM",3.667,84,100,0,2024-09-06T12:57:09.000Z
"9/6/2024, 9:02:09 AM",3.667,84.4,100,0,2024-09-06T13:02:09.000Z
"9/6/2024, 9:07:09 AM",3.667,84.6,100,0,2024-09-06T13:07:09.000Z
"9/6/2024, 9:12:09 AM",3.667,84.9,100,0,2024-09-06T13:12:09.000Z
"9/6/2024, 9:17:09 AM",3.667,85.3,100,0,2024-09-06T13:17:09.000Z
"9/6/2024, 9:22:09 AM",3.667,85.6,100,0,2024-09-06T13:22:09.000Z
"9/6/2024, 9:27:09 AM",3.667,86,100,0,2024-09-06T13:27:09.000Z
"9/6/2024, 9:32:09 AM",3.666,86.5,100,0,2024-09-06T13:32:09.000Z
"9/6/2024, 9:37:09 AM",3.667,87.3,100,0,2024-09-06T13:37:09.000Z
"9/6/2024, 9:42:09 AM",3.667,87.4,100,0,2024-09-06T13:42:09.000Z
"9/6/2024, 9:47:09 AM",3.666,87.8,100,0,2024-09-06T13:47:09.000Z
"9/6/2024, 9:52:09 AM",3.667,88,100,0,2024-09-06T13:52:09.000Z
"9/6/2024, 9:57:09 AM",3.667,88.2,100,0,2024-09-06T13:57:09.000Z
"9/6/2024, 10:02:09 AM",3.666,88.9,100,0,2024-09-06T14:02:09.000Z
"9/6/2024, 10:07:09 AM",3.666,88.9,100,0,2024-09-06T14:07:09.000Z
"9/6/2024, 10:12:09 AM",3.666,89.4,100,0,2024-09-06T14:12:09.000Z
"9/6/2024, 10:17:09 AM",3.666,90.1,100,0,2024-09-06T14:17:09.000Z
"9/6/2024, 10:22:09 AM",3.666,90.7,100,0,2024-09-06T14:22:09.000Z
"9/6/2024, 10:27:09 AM",3.666,91,100,0,2024-09-06T14:27:09.000Z
"9/6/2024, 10:32:09 AM",3.666,91.4,100,0,2024-09-06T14:32:09.000Z
"9/6/2024, 10:37:09 AM",3.666,91.8,100,0,2024-09-06T14:37:09.000Z
"9/6/2024, 10:42:09 AM",3.666,92.3,100,0,2024-09-06T14:42:09.000Z
"9/6/2024, 10:47:09 AM",3.666,92.7,100,0,2024-09-06T14:47:09.000Z
"9/6/2024, 10:52:09 AM",3.665,93,100,0,2024-09-06T14:52:09.000Z
"9/6/2024, 10:57:09 AM",3.666,93.7,100,0,2024-09-06T14:57:09.000Z
"9/6/2024, 11:02:09 AM",3.665,94.3,100,0,2024-09-06T15:02:09.000Z
"9/6/2024, 11:07:09 AM",3.665,94.6,100,0,2024-09-06T15:07:09.000Z
"9/6/2024, 11:12:09 AM",3.665,95,100,0,2024-09-06T15:12:09.000Z
"9/6/2024, 11:17:09 AM",3.665,95.4,100,0,2024-09-06T15:17:09.000Z
"9/6/2024, 11:22:09 AM",3.665,95.7,100,0,2024-09-06T15:22:09.000Z
"9/6/2024, 11:27:09 AM",3.665,96.1,100,0,2024-09-06T15:27:09.000Z
"9/6/2024, 11:32:09 AM",3.665,96.6,100,0,2024-09-06T15:32:09.000Z
"9/6/2024, 11:37:09 AM",3.664,97.2,100,0,2024-09-06T15:37:09.000Z
"9/6/2024, 11:42:09 AM",3.664,97.5,100,0,2024-09-06T15:42:09.000Z
"9/6/2024, 11:47:09 AM",3.665,97.9,100,0,2024-09-06T15:47:09.000Z
"9/6/2024, 11:52:09 AM",3.664,98.2,100,0,2024-09-06T15:52:09.000Z
"9/6/2024, 11:57:09 AM",3.664,98.6,100,0,2024-09-06T15:57:09.000Z
"9/6/2024, 12:02:09 PM",3.664,99,100,0,2024-09-06T16:02:09.000Z
"9/6/2024, 12:07:09 PM",3.664,99,100,0,2024-09-06T16:07:09.000Z
"9/6/2024, 12:12:09 PM",3.664,99.5,100,0,2024-09-06T16:12:09.000Z
"9/6/2024, 12:17:09 PM",3.664,99.9,100,0,2024-09-06T16:17:09.000Z
"9/6/2024, 12:22:09 PM",3.664,100.2,100,0,2024-09-06T16:22:09.000Z
"9/6/2024, 12:27:09 PM",3.664,100.6,100,0,2024-09-06T16:27:09.000Z
"9/6/2024, 12:32:09 PM",3.664,100.9,100,0,2024-09-06T16:32:09.000Z
"9/6/2024, 12:37:09 PM",3.664,101.3,100,0,2024-09-06T16:37:09.000Z
"9/6/2024, 12:42:09 PM",3.663,102,100,0,2024-09-06T16:42:09.000Z
"9/6/2024, 12:47:09 PM",3.663,102.4,100,0,2024-09-06T16:47:09.000Z
"9/6/2024, 12:52:09 PM",3.664,102.7,100,0,2024-09-06T16:52:09.000Z
"9/6/2024, 12:57:09 PM",3.663,102.9,100,0,2024-09-06T16:57:09.000Z
"9/6/2024, 1:02:09 PM",3.663,103.3,100,0,2024-09-06T17:02:09.000Z
"9/6/2024, 1:07:09 PM",3.663,103.5,100,0,2024-09-06T17:07:09.000Z
"9/6/2024, 1:12:09 PM",3.663,103.8,100,0,2024-09-06T17:12:09.000Z
"9/6/2024, 1:17:09 PM",3.663,104.5,100,0,2024-09-06T17:17:09.000Z
"9/6/2024, 1:22:09 PM",3.663,104.5,100,0,2024-09-06T17:22:09.000Z
"9/6/2024, 1:27:09 PM",3.662,104.5,100,0,2024-09-06T17:27:09.000Z
"9/6/2024, 1:32:09 PM",3.663,104.2,100,0,2024-09-06T17:32:09.000Z
"9/6/2024, 1:37:09 PM",3.663,103.8,100,0,2024-09-06T17:37:09.000Z
"9/6/2024, 1:42:09 PM",3.663,102.9,100,0,2024-09-06T17:42:09.000Z
"9/6/2024, 1:47:09 PM",3.663,102.4,100,0,2024-09-06T17:47:09.000Z
"9/6/2024, 1:52:09 PM",3.663,102.2,100,0,2024-09-06T17:52:09.000Z
"9/6/2024, 1:57:09 PM",3.664,102.2,100,0,2024-09-06T17:57:09.000Z
"9/6/2024, 2:02:09 PM",3.663,102.2,100,0,2024-09-06T18:02:09.000Z
"9/6/2024, 2:07:09 PM",3.663,102.2,100,0,2024-09-06T18:07:09.000Z
"9/6/2024, 2:12:09 PM",3.663,102.2,100,0,2024-09-06T18:12:09.000Z
"9/6/2024, 2:17:09 PM",3.663,101.8,100,0,2024-09-06T18:17:09.000Z
"9/6/2024, 2:22:09 PM",3.663,101.5,100,0,2024-09-06T18:22:09.000Z
"9/6/2024, 2:27:09 PM",3.664,101.3,100,0,2024-09-06T18:27:09.000Z
"9/6/2024, 2:32:09 PM",3.664,100.9,100,0,2024-09-06T18:32:09.000Z
"9/6/2024, 2:37:09 PM",3.664,100.6,100,0,2024-09-06T18:37:09.000Z
"9/6/2024, 2:42:09 PM",3.664,100.2,100,0,2024-09-06T18:42:09.000Z
"9/6/2024, 2:47:09 PM",3.664,100,100,0,2024-09-06T18:47:09.000Z
"9/6/2024, 2:52:09 PM",3.664,100,100,0,2024-09-06T18:52:09.000Z
"9/6/2024, 2:57:09 PM",3.664,99.9,100,0,2024-09-06T18:57:09.000Z
"9/6/2024, 3:02:09 PM",3.664,99.7,100,0,2024-09-06T19:02:09.000Z
"9/6/2024, 3:07:09 PM",3.664,99.5,100,0,2024-09-06T19:07:09.000Z
"9/6/2024, 3:12:09 PM",3.664,99.7,100,0,2024-09-06T19:12:09.000Z
"9/6/2024, 3:17:09 PM",3.664,100,100,0,2024-09-06T19:17:09.000Z
"9/6/2024, 3:22:09 PM",3.664,100,100,0,2024-09-06T19:22:09.000Z
"9/6/2024, 3:27:09 PM",3.664,99.7,100,0,2024-09-06T19:27:09.000Z
"9/6/2024, 3:32:09 PM",3.664,99.3,100,0,2024-09-06T19:32:09.000Z
"9/6/2024, 3:37:09 PM",3.664,99,100,0,2024-09-06T19:37:09.000Z
"9/6/2024, 3:42:09 PM",3.664,98.2,100,0,2024-09-06T19:42:09.000Z
"9/6/2024, 3:47:09 PM",3.665,97.2,100,0,2024-09-06T19:47:09.000Z
"9/6/2024, 3:52:09 PM",3.665,95.5,100,0,2024-09-06T19:52:09.000Z
"9/6/2024, 3:57:09 PM",3.665,95,99.6,0,2024-09-06T19:57:09.000Z
"9/6/2024, 4:02:09 PM",3.665,94.6,99.7,0,2024-09-06T20:02:09.000Z
"9/6/2024, 4:07:09 PM",3.666,94.5,100,0,2024-09-06T20:07:09.000Z
"9/6/2024, 4:12:09 PM",3.665,94.3,100,0,2024-09-06T20:12:09.000Z
"9/6/2024, 4:17:09 PM",3.665,93.9,100,0,2024-09-06T20:17:09.000Z
"9/6/2024, 4:22:09 PM",3.666,93.4,100,0,2024-09-06T20:22:09.000Z
"9/6/2024, 4:27:09 PM",3.666,92.8,100,0,2024-09-06T20:27:09.000Z
"9/6/2024, 4:32:09 PM",3.666,92.3,100,0,2024-09-06T20:32:09.000Z
"9/6/2024, 4:37:09 PM",3.666,91.8,100,0,2024-09-06T20:37:09.000Z
"9/6/2024, 4:42:09 PM",3.666,91.2,100,0,2024-09-06T20:42:09.000Z
"9/6/2024, 4:47:09 PM",3.666,90.7,100,0,2024-09-06T20:47:09.000Z
"9/6/2024, 4:52:09 PM",3.666,90.1,100,0,2024-09-06T20:52:09.000Z
"9/6/2024, 4:57:09 PM",3.666,89.8,100,0,2024-09-06T20:57:09.000Z
"9/6/2024, 5:02:09 PM",3.666,89.4,100,0,2024-09-06T21:02:09.000Z
"9/6/2024, 5:07:09 PM",3.666,88.9,100,0,2024-09-06T21:07:09.000Z
"9/6/2024, 5:12:09 PM",3.666,88.7,100,0,2024-09-06T21:12:09.000Z
"9/6/2024, 5:17:09 PM",3.666,88.2,100,0,2024-09-06T21:17:09.000Z
"9/6/2024, 5:22:09 PM",3.666,87.8,100,0,2024-09-06T21:22:09.000Z
"9/6/2024, 5:27:09 PM",3.667,87.3,100,0,2024-09-06T21:27:09.000Z
"9/6/2024, 5:32:09 PM",3.666,86.7,100,0,2024-09-06T21:32:09.000Z
"9/6/2024, 5:37:09 PM",3.666,86.2,100,0,2024-09-06T21:37:09.000Z
"9/6/2024, 5:42:09 PM",3.667,85.6,100,0,2024-09-06T21:42:09.000Z
"9/6/2024, 5:47:09 PM",3.667,84.9,100,0,2024-09-06T21:47:09.000Z
"9/6/2024, 5:52:09 PM",3.667,84.2,100,0,2024-09-06T21:52:09.000Z
"9/6/2024, 5:57:09 PM",3.667,84,100,0,2024-09-06T21:57:09.000Z
"9/6/2024, 6:02:09 PM",3.667,83.8,100,0,2024-09-06T22:02:09.000Z
"9/6/2024, 6:07:09 PM",3.667,83.7,100,0,2024-09-06T22:07:09.000Z
"9/6/2024, 6:12:09 PM",3.667,83.5,100,0,2024-09-06T22:12:09.000Z
"9/6/2024, 6:17:09 PM",3.667,83.3,100,0,2024-09-06T22:17:09.000Z
"9/6/2024, 6:22:09 PM",3.667,83.1,100,0,2024-09-06T22:22:09.000Z
"9/6/2024, 6:27:09 PM",3.668,82.9,100,0,2024-09-06T22:27:09.000Z
"9/6/2024, 6:32:09 PM",3.667,82.9,100,0,2024-09-06T22:32:09.000Z
"9/6/2024, 6:37:09 PM",3.667,82.9,100,0,2024-09-06T22:37:09.000Z
"9/6/2024, 6:42:09 PM",3.667,82.9,100,0,2024-09-06T22:42:09.000Z
"9/6/2024, 6:47:09 PM",3.667,82.8,100,0,2024-09-06T22:47:09.000Z
"9/6/2024, 6:52:09 PM",3.668,82.6,100,0,2024-09-06T22:52:09.000Z
"9/6/2024, 6:57:09 PM",3.668,82.4,100,0,2024-09-06T22:57:09.000Z
"9/6/2024, 7:02:09 PM",3.668,82.2,100,0,2024-09-06T23:02:09.000Z
"9/6/2024, 7:07:09 PM",3.668,82,100,0,2024-09-06T23:07:09.000Z
"9/6/2024, 7:12:09 PM",3.667,81.9,100,0,2024-09-06T23:12:09.000Z
"9/6/2024, 7:17:09 PM",3.667,81.7,100,0,2024-09-06T23:17:09.000Z
"9/6/2024, 7:22:09 PM",3.668,81.7,100,0,2024-09-06T23:22:09.000Z
"9/6/2024, 7:27:09 PM",3.668,81.5,100,0,2024-09-06T23:27:09.000Z
"9/6/2024, 7:32:09 PM",3.667,81.5,100,0,2024-09-06T23:32:09.000Z
"9/6/2024, 7:37:09 PM",3.668,81.5,100,0,2024-09-06T23:37:09.000Z
"9/6/2024, 7:42:09 PM",3.668,81.5,100,0,2024-09-06T23:42:09.000Z
"9/6/2024, 7:47:09 PM",3.668,81.5,100,0,2024-09-06T23:47:09.000Z
"9/6/2024, 7:52:09 PM",3.668,81.3,100,0,2024-09-06T23:52:09.000Z
"9/6/2024, 7:57:09 PM",3.667,81.3,100,0,2024-09-06T23:57:09.000Z
"9/6/2024, 8:02:09 PM",3.667,81.3,100,0,2024-09-07T00:02:09.000Z
"9/6/2024, 8:07:09 PM",3.668,81.3,100,0,2024-09-07T00:07:09.000Z
"9/6/2024, 8:12:09 PM",3.668,81.1,100,0,2024-09-07T00:12:09.000Z
"9/6/2024, 8:17:09 PM",3.668,81.1,100,0,2024-09-07T00:17:09.000Z
"9/6/2024, 8:22:09 PM",3.667,81,100,0,2024-09-07T00:22:09.000Z
"9/6/2024, 8:27:09 PM",3.667,81,100,0,2024-09-07T00:27:09.000Z
"9/6/2024, 8:32:09 PM",3.668,80.8,100,0,2024-09-07T00:32:09.000Z
"9/6/2024, 8:37:09 PM",3.668,80.8,100,0,2024-09-07T00:37:09.000Z
"9/6/2024, 8:42:09 PM",3.668,80.6,100,0,2024-09-07T00:42:09.000Z
"9/6/2024, 8:47:09 PM",3.667,80.6,100,0,2024-09-07T00:47:09.000Z
"9/6/2024, 8:52:09 PM",3.668,80.6,100,0,2024-09-07T00:52:09.000Z
"9/6/2024, 8:57:09 PM",3.667,80.6,100,0,2024-09-07T00:57:09.000Z
"9/6/2024, 9:02:09 PM",3.667,80.6,100,0,2024-09-07T01:02:09.000Z
"9/6/2024, 9:07:09 PM",3.668,80.4,100,0,2024-09-07T01:07:09.000Z
"9/6/2024, 9:12:09 PM",3.668,80.4,100,0,2024-09-07T01:12:09.000Z
"9/6/2024, 9:17:09 PM",3.668,80.2,100,0,2024-09-07T01:17:09.000Z
"9/6/2024, 9:22:09 PM",3.668,80.2,100,0,2024-09-07T01:22:09.000Z
"9/6/2024, 9:27:09 PM",3.667,80.1,100,0,2024-09-07T01:27:09.000Z
"9/6/2024, 9:32:09 PM",3.668,80.1,100,0,2024-09-07T01:32:09.000Z
"9/6/2024, 9:37:09 PM",3.668,80.1,100,0,2024-09-07T01:37:09.000Z
"9/6/2024, 9:42:09 PM",3.668,80.1,100,0,2024-09-07T01:42:09.000Z
"9/6/2024, 9:47:09 PM",3.667,79.9,100,0,2024-09-07T01:47:09.000Z
"9/6/2024, 9:52:09 PM",3.668,79.9,100,0,2024-09-07T01:52:09.000Z
"9/6/2024, 9:57:09 PM",3.668,79.7,100,0,2024-09-07T01:57:09.000Z
"9/6/2024, 10:02:09 PM",3.668,79.7,100,0,2024-09-07T02:02:09.000Z
"9/6/2024, 10:07:09 PM",3.668,79.7,100,0,2024-09-07T02:07:09.000Z
"9/6/2024, 10:12:09 PM",3.667,79.5,100,0,2024-09-07T02:12:09.000Z
"9/6/2024, 10:17:09 PM",3.668,79.5,100,0,2024-09-07T02:17:09.000Z
"9/6/2024, 10:22:09 PM",3.668,79.5,100,0,2024-09-07T02:22:09.000Z
"9/6/2024, 10:27:09 PM",3.667,79.5,100,0,2024-09-07T02:27:09.000Z
"9/6/2024, 10:32:09 PM",3.668,79.3,100,0,2024-09-07T02:32:09.000Z
"9/6/2024, 10:37:09 PM",3.668,79.3,100,0,2024-09-07T02:37:09.000Z
"9/6/2024, 10:42:09 PM",3.668,79.2,100,0,2024-09-07T02:42:09.000Z
"9/6/2024, 10:47:09 PM",3.668,79,100,0,2024-09-07T02:47:09.000Z
"9/6/2024, 10:52:09 PM",3.668,79,100,0,2024-09-07T02:52:09.000Z
"9/6/2024, 10:57:09 PM",3.668,79,100,0,2024-09-07T02:57:09.000Z
"9/6/2024, 11:02:09 PM",3.667,78.8,100,0,2024-09-07T03:02:09.000Z
"9/6/2024, 11:07:09 PM",3.668,78.4,100,0,2024-09-07T03:07:09.000Z
"9/6/2024, 11:12:09 PM",3.668,78.3,100,0,2024-09-07T03:12:09.000Z
"9/6/2024, 11:17:09 PM",3.668,78.1,100,0,2024-09-07T03:17:09.000Z
"9/6/2024, 11:22:09 PM",3.668,77.9,100,0,2024-09-07T03:22:09.000Z
"9/6/2024, 11:27:09 PM",3.668,77.7,100,0,2024-09-07T03:27:09.000Z
"9/6/2024, 11:32:09 PM",3.669,77.7,100,0,2024-09-07T03:32:09.000Z
"9/6/2024, 11:37:09 PM",3.668,77.5,100,0,2024-09-07T03:37:09.000Z
"9/6/2024, 11:42:09 PM",3.668,77.5,100,0,2024-09-07T03:42:09.000Z
"9/6/2024, 11:47:09 PM",3.668,77.2,100,0,2024-09-07T03:47:09.000Z
"9/6/2024, 11:52:09 PM",3.668,77,100,0,2024-09-07T03:52:09.000Z
"9/6/2024, 11:57:09 PM",3.668,76.8,100,0,2024-09-07T03:57:09.000Z
"9/7/2024, 12:02:09 AM",3.668,76.6,100,0,2024-09-07T04:02:09.000Z
"9/7/2024, 12:07:09 AM",3.668,76.6,100,0,2024-09-07T04:07:09.000Z
"9/7/2024, 12:12:09 AM",3.668,76.6,100,0,2024-09-07T04:12:09.000Z
"9/7/2024, 12:17:09 AM",3.668,76.6,100,0,2024-09-07T04:17:09.000Z
"9/7/2024, 12:22:09 AM",3.668,76.5,100,0,2024-09-07T04:22:09.000Z
"9/7/2024, 12:27:09 AM",3.668,76.5,100,0,2024-09-07T04:27:09.000Z
"9/7/2024, 12:32:09 AM",3.668,76.1,100,0,2024-09-07T04:32:09.000Z
"9/7/2024, 12:37:09 AM",3.668,75.9,100,0,2024-09-07T04:37:09.000Z
"9/7/2024, 12:42:09 AM",3.668,75.6,100,0,2024-09-07T04:42:09.000Z
"9/7/2024, 12:47:09 AM",3.668,75.4,100,0,2024-09-07T04:47:09.000Z
"9/7/2024, 12:52:09 AM",3.668,75,100,0,2024-09-07T04:52:09.000Z
"9/7/2024, 12:57:09 AM",3.668,75,100,0,2024-09-07T04:57:09.000Z
"9/7/2024, 1:02:09 AM",3.668,74.7,100,0,2024-09-07T05:02:09.000Z
"9/7/2024, 1:07:09 AM",3.669,74.7,100,0,2024-09-07T05:07:09.000Z
"9/7/2024, 1:12:09 AM",3.668,74.5,100,0,2024-09-07T05:12:09.000Z
"9/7/2024, 1:17:09 AM",3.668,74.5,100,0,2024-09-07T05:17:09.000Z
"9/7/2024, 1:22:09 AM",3.668,74.3,100,0,2024-09-07T05:22:09.000Z
"9/7/2024, 1:27:09 AM",3.668,74.3,100,0,2024-09-07T05:27:09.000Z
"9/7/2024, 1:32:09 AM",3.668,74.5,100,0,2024-09-07T05:32:09.000Z
"9/7/2024, 1:37:09 AM",3.668,74.5,100,0,2024-09-07T05:37:09.000Z
"9/7/2024, 1:42:09 AM",3.668,74.5,100,0,2024-09-07T05:42:09.000Z
"9/7/2024, 1:47:09 AM",3.668,74.3,100,0,2024-09-07T05:47:09.000Z
"9/7/2024, 1:52:09 AM",3.669,74.1,100,0,2024-09-07T05:52:09.000Z
"9/7/2024, 1:57:09 AM",3.668,74.3,100,0,2024-09-07T05:57:09.000Z
"9/7/2024, 2:02:09 AM",3.668,73.9,100,0,2024-09-07T06:02:09.000Z
"9/7/2024, 2:07:09 AM",3.668,73.9,100,0,2024-09-07T06:07:09.000Z
"9/7/2024, 2:12:09 AM",3.668,73.8,100,0,2024-09-07T06:12:09.000Z
"9/7/2024, 2:17:09 AM",3.668,73.6,100,0,2024-09-07T06:17:09.000Z
"9/7/2024, 2:22:09 AM",3.668,73.4,100,0,2024-09-07T06:22:09.000Z
"9/7/2024, 2:27:09 AM",3.668,73.4,100,0,2024-09-07T06:27:09.000Z
"9/7/2024, 2:32:09 AM",3.668,73.2,100,0,2024-09-07T06:32:09.000Z
"9/7/2024, 2:37:09 AM",3.668,72.9,100,0,2024-09-07T06:37:09.000Z
"9/7/2024, 2:42:09 AM",3.668,72.9,100,0,2024-09-07T06:42:09.000Z
"9/7/2024, 2:47:09 AM",3.668,72.7,100,0,2024-09-07T06:47:09.000Z
"9/7/2024, 2:52:09 AM",3.669,72.5,100,0,2024-09-07T06:52:09.000Z
"9/7/2024, 2:57:09 AM",3.669,72.5,100,0,2024-09-07T06:57:09.000Z
"9/7/2024, 3:02:09 AM",3.668,72.3,100,0,2024-09-07T07:02:09.000Z
"9/7/2024, 3:07:09 AM",3.668,72.1,100,0,2024-09-07T07:07:09.000Z
"9/7/2024, 3:12:09 AM",3.669,72.3,100,0,2024-09-07T07:12:09.000Z
"9/7/2024, 3:17:09 AM",3.668,72.3,100,0,2024-09-07T07:17:09.000Z
"9/7/2024, 3:22:09 AM",3.668,72.3,100,0,2024-09-07T07:22:09.000Z
"9/7/2024, 3:27:09 AM",3.668,72.3,100,0,2024-09-07T07:27:09.000Z
"9/7/2024, 3:32:09 AM",3.668,72.3,100,0,2024-09-07T07:32:09.000Z
"9/7/2024, 3:37:09 AM",3.668,72.3,100,0,2024-09-07T07:37:09.000Z
"9/7/2024, 3:42:09 AM",3.668,72.3,100,0,2024-09-07T07:42:09.000Z
"9/7/2024, 3:47:09 AM",3.668,72.3,100,0,2024-09-07T07:47:09.000Z
"9/7/2024, 3:52:09 AM",3.669,72.1,100,0,2024-09-07T07:52:09.000Z
"9/7/2024, 3:57:09 AM",3.668,72.1,100,0,2024-09-07T07:57:09.000Z
"9/7/2024, 4:02:09 AM",3.668,72.1,100,0,2024-09-07T08:02:09.000Z
"9/7/2024, 4:07:09 AM",3.668,72,100,0,2024-09-07T08:07:09.000Z
"9/7/2024, 4:12:09 AM",3.668,72,100,0,2024-09-07T08:12:09.000Z
"9/7/2024, 4:17:09 AM",3.668,71.8,100,0,2024-09-07T08:17:09.000Z
"9/7/2024, 4:22:09 AM",3.668,71.6,100,0,2024-09-07T08:22:09.000Z
"9/7/2024, 4:27:09 AM",3.668,71.8,100,0,2024-09-07T08:27:09.000Z
"9/7/2024, 4:32:09 AM",3.668,71.8,100,0,2024-09-07T08:32:09.000Z
"9/7/2024, 4:37:09 AM",3.668,71.6,100,0,2024-09-07T08:37:09.000Z
"9/7/2024, 4:42:09 AM",3.668,71.6,100,0,2024-09-07T08:42:09.000Z
"9/7/2024, 4:47:09 AM",3.668,71.6,100,0,2024-09-07T08:47:09.000Z
"9/7/2024, 4:52:09 AM",3.668,71.8,100,0,2024-09-07T08:52:09.000Z
"9/7/2024, 4:57:09 AM",3.668,71.6,100,0,2024-09-07T08:57:09.000Z
"9/7/2024, 5:02:09 AM",3.668,71.6,100,0,2024-09-07T09:02:09.000Z
"9/7/2024, 5:07:09 AM",3.668,71.4,100,0,2024-09-07T09:07:09.000Z
"9/7/2024, 5:12:09 AM",3.668,71.6,100,0,2024-09-07T09:12:09.000Z
"9/7/2024, 5:17:09 AM",3.668,71.4,100,0,2024-09-07T09:17:09.000Z
"9/7/2024, 5:22:09 AM",3.668,71.4,100,0,2024-09-07T09:22:09.000Z
"9/7/2024, 5:27:09 AM",3.668,71.2,100,0,2024-09-07T09:27:09.000Z
"9/7/2024, 5:32:09 AM",3.668,71.2,100,0,2024-09-07T09:32:09.000Z
"9/7/2024, 5:37:09 AM",3.669,71.1,100,0,2024-09-07T09:37:09.000Z
"9/7/2024, 5:42:09 AM",3.668,70.9,100,0,2024-09-07T09:42:09.000Z
"9/7/2024, 5:47:09 AM",3.668,71.1,100,0,2024-09-07T09:47:09.000Z
"9/7/2024, 5:52:09 AM",3.668,70.9,100,0,2024-09-07T09:52:09.000Z
"9/7/2024, 5:57:09 AM",3.668,70.7,100,0,2024-09-07T09:57:09.000Z
"9/7/2024, 6:02:09 AM",3.668,70.7,100,0,2024-09-07T10:02:09.000Z
"9/7/2024, 6:07:09 AM",3.668,70.7,100,0,2024-09-07T10:07:09.000Z
"9/7/2024, 6:12:09 AM",3.668,70.7,100,0,2024-09-07T10:12:09.000Z
"9/7/2024, 6:17:09 AM",3.668,70.7,100,0,2024-09-07T10:17:09.000Z
"9/7/2024, 6:22:09 AM",3.668,70.7,100,0,2024-09-07T10:22:09.000Z
"9/7/2024, 6:27:09 AM",3.668,70.3,100,0,2024-09-07T10:27:09.000Z
"9/7/2024, 6:32:09 AM",3.668,70.3,100,0,2024-09-07T10:32:09.000Z
"9/7/2024, 6:37:09 AM",3.668,70.2,100,0,2024-09-07T10:37:09.000Z
"9/7/2024, 6:42:09 AM",3.668,70,100,0,2024-09-07T10:42:09.000Z
"9/7/2024, 6:47:09 AM",3.668,69.8,100,0,2024-09-07T10:47:09.000Z
"9/7/2024, 6:52:09 AM",3.668,69.8,100,0,2024-09-07T10:52:09.000Z
"9/7/2024, 6:57:09 AM",3.668,69.6,100,0,2024-09-07T10:57:09.000Z
"9/7/2024, 7:02:09 AM",3.668,69.4,100,0,2024-09-07T11:02:09.000Z
"9/7/2024, 7:07:09 AM",3.668,69.4,100,0,2024-09-07T11:07:09.000Z
"9/7/2024, 7:12:09 AM",3.668,69.4,100,0,2024-09-07T11:12:09.000Z
"9/7/2024, 7:17:09 AM",3.669,69.6,100,0,2024-09-07T11:17:09.000Z
"9/7/2024, 7:22:09 AM",3.668,69.6,100,0,2024-09-07T11:22:09.000Z
"9/7/2024, 7:27:09 AM",3.668,69.6,100,0,2024-09-07T11:27:09.000Z
"9/7/2024, 7:32:09 AM",3.668,69.6,100,0,2024-09-07T11:32:09.000Z
"9/7/2024, 7:37:09 AM",3.668,69.8,100,0,2024-09-07T11:37:09.000Z
"9/7/2024, 7:42:09 AM",3.669,69.6,100,0,2024-09-07T11:42:09.000Z
"9/7/2024, 7:47:09 AM",3.668,69.6,100,0,2024-09-07T11:47:09.000Z
"9/7/2024, 7:52:09 AM",3.668,69.6,100,0,2024-09-07T11:52:09.000Z
"9/7/2024, 7:57:09 AM",3.668,69.6,100,0,2024-09-07T11:57:09.000Z
"9/7/2024, 8:02:09 AM",3.668,69.8,100,0,2024-09-07T12:02:09.000Z
"9/7/2024, 8:07:09 AM",3.668,69.6,100,0,2024-09-07T12:07:09.000Z
"9/7/2024, 8:12:09 AM",3.668,69.8,100,0,2024-09-07T12:12:09.000Z
"9/7/2024, 8:17:09 AM",3.668,69.8,100,0,2024-09-07T12:17:09.000Z
"9/7/2024, 8:22:09 AM",3.668,70,100,0,2024-09-07T12:22:09.000Z
"9/7/2024, 8:27:09 AM",3.668,70,100,0,2024-09-07T12:27:09.000Z
"9/7/2024, 8:32:09 AM",3.668,70.3,100,0,2024-09-07T12:32:09.000Z
"9/7/2024, 8:37:09 AM",3.668,70.5,100,0,2024-09-07T12:37:09.000Z
"9/7/2024, 8:42:09 AM",3.668,70.9,100,0,2024-09-07T12:42:09.000Z
"9/7/2024, 8:47:09 AM",3.668,71.2,100,0,2024-09-07T12:47:09.000Z
"9/7/2024, 8:52:09 AM",3.668,71.4,100,0,2024-09-07T12:52:09.000Z
"9/7/2024, 8:57:09 AM",3.668,71.6,100,0,2024-09-07T12:57:09.000Z
"9/7/2024, 9:02:09 AM",3.668,71.8,100,0,2024-09-07T13:02:09.000Z
"9/7/2024, 9:07:09 AM",3.667,72,100,0,2024-09-07T13:07:09.000Z
"9/7/2024, 9:12:09 AM",3.668,72.1,100,0,2024-09-07T13:12:09.000Z
"9/7/2024, 9:17:09 AM",3.668,72.5,100,0,2024-09-07T13:17:09.000Z
"9/7/2024, 9:22:09 AM",3.668,72.9,100,0,2024-09-07T13:22:09.000Z
"9/7/2024, 9:27:09 AM",3.668,73.2,100,0,2024-09-07T13:27:09.000Z
"9/7/2024, 9:32:09 AM",3.668,73.8,100,0,2024-09-07T13:32:09.000Z
"9/7/2024, 9:37:09 AM",3.667,74.1,100,0,2024-09-07T13:37:09.000Z
"9/7/2024, 9:42:09 AM",3.668,74.7,100,0,2024-09-07T13:42:09.000Z
"9/7/2024, 9:47:09 AM",3.668,75.4,100,0,2024-09-07T13:47:09.000Z
"9/7/2024, 9:52:09 AM",3.667,75.7,100,0,2024-09-07T13:52:09.000Z
"9/7/2024, 9:57:09 AM",3.668,76.1,100,0,2024-09-07T13:57:09.000Z
"9/7/2024, 10:02:09 AM",3.668,76.5,100,0,2024-09-07T14:02:09.000Z
"9/7/2024, 10:07:09 AM",3.668,76.8,100,0,2024-09-07T14:07:09.000Z
"9/7/2024, 10:12:09 AM",3.667,77.4,100,0,2024-09-07T14:12:09.000Z
"9/7/2024, 10:17:09 AM",3.667,77.7,100,0,2024-09-07T14:17:09.000Z
"9/7/2024, 10:22:09 AM",3.668,78.1,100,0,2024-09-07T14:22:09.000Z
"9/7/2024, 10:27:09 AM",3.667,78.3,100,0,2024-09-07T14:27:09.000Z
"9/7/2024, 10:32:09 AM",3.667,78.4,100,0,2024-09-07T14:32:09.000Z
"9/7/2024, 10:37:09 AM",3.667,78.8,100,0,2024-09-07T14:37:09.000Z
"9/7/2024, 10:42:09 AM",3.667,79,100,0,2024-09-07T14:42:09.000Z
"9/7/2024, 10:47:09 AM",3.667,79,100,0,2024-09-07T14:47:09.000Z
"9/7/2024, 10:52:09 AM",3.667,79,100,0,2024-09-07T14:52:09.000Z
"9/7/2024, 10:57:09 AM",3.667,79,100,0,2024-09-07T14:57:09.000Z
"9/7/2024, 11:02:09 AM",3.667,79.3,100,0,2024-09-07T15:02:09.000Z
"9/7/2024, 11:07:09 AM",3.667,79.5,100,0,2024-09-07T15:07:09.000Z
"9/7/2024, 11:12:09 AM",3.667,79.5,100,0,2024-09-07T15:12:09.000Z
"9/7/2024, 11:17:09 AM",3.667,79.9,100,0,2024-09-07T15:17:09.000Z
"9/7/2024, 11:22:09 AM",3.667,80.2,100,0,2024-09-07T15:22:09.000Z
"9/7/2024, 11:27:09 AM",3.667,80.4,100,0,2024-09-07T15:27:09.000Z
"9/7/2024, 11:32:09 AM",3.667,80.8,100,0,2024-09-07T15:32:09.000Z
"9/7/2024, 11:37:09 AM",3.667,81,100,0,2024-09-07T15:37:09.000Z
"9/7/2024, 11:42:09 AM",3.667,81,100,0,2024-09-07T15:42:09.000Z
"9/7/2024, 11:47:09 AM",3.667,81.1,100,0,2024-09-07T15:47:09.000Z
"9/7/2024, 11:52:09 AM",3.667,81.5,100,0,2024-09-07T15:52:09.000Z
"9/7/2024, 11:57:09 AM",3.667,81.7,100,0,2024-09-07T15:57:09.000Z
"9/7/2024, 12:02:09 PM",3.667,81.9,100,0,2024-09-07T16:02:09.000Z
"9/7/2024, 12:07:09 PM",3.666,82.2,100,0,2024-09-07T16:07:09.000Z
"9/7/2024, 12:12:09 PM",3.667,82.4,100,0,2024-09-07T16:12:09.000Z
"9/7/2024, 12:17:09 PM",3.667,82.6,100,0,2024-09-07T16:17:09.000Z
"9/7/2024, 12:22:09 PM",3.666,82.8,100,0,2024-09-07T16:22:09.000Z
"9/7/2024, 12:27:09 PM",3.667,82.9,100,0,2024-09-07T16:27:09.000Z
"9/7/2024, 12:32:09 PM",3.667,83.1,100,0,2024-09-07T16:32:09.000Z
"9/7/2024, 12:37:09 PM",3.667,83.3,100,0,2024-09-07T16:37:09.000Z
"9/7/2024, 12:42:09 PM",3.667,83.7,100,0,2024-09-07T16:42:09.000Z
"9/7/2024, 12:47:09 PM",3.667,83.8,100,0,2024-09-07T16:47:09.000Z
"9/7/2024, 12:52:09 PM",3.667,84.2,100,0,2024-09-07T16:52:09.000Z
"9/7/2024, 12:57:09 PM",3.666,84.9,100,0,2024-09-07T16:57:09.000Z
"9/7/2024, 1:02:09 PM",3.666,85.3,100,0,2024-09-07T17:02:09.000Z
"9/7/2024, 1:07:09 PM",3.667,85.5,100,0,2024-09-07T17:07:09.000Z
"9/7/2024, 1:12:09 PM",3.666,85.5,100,0,2024-09-07T17:12:09.000Z
"9/7/2024, 1:17:09 PM",3.666,85.8,100,0,2024-09-07T17:17:09.000Z
"9/7/2024, 1:22:09 PM",3.666,86.2,100,0,2024-09-07T17:22:09.000Z
"9/7/2024, 1:27:09 PM",3.666,86.2,100,0,2024-09-07T17:27:09.000Z
"9/7/2024, 1:32:09 PM",3.666,86.4,100,0,2024-09-07T17:32:09.000Z
"9/7/2024, 1:37:09 PM",3.666,86.7,100,0,2024-09-07T17:37:09.000Z
"9/7/2024, 1:42:09 PM",3.666,87.3,100,0,2024-09-07T17:42:09.000Z
"9/7/2024, 1:47:09 PM",3.666,87.6,100,0,2024-09-07T17:47:09.000Z
"9/7/2024, 1:52:09 PM",3.666,87.6,100,0,2024-09-07T17:52:09.000Z
"9/7/2024, 1:57:09 PM",3.666,87.8,100,0,2024-09-07T17:57:09.000Z
"9/7/2024, 2:02:09 PM",3.666,88,100,0,2024-09-07T18:02:09.000Z
"9/7/2024, 2:07:09 PM",3.666,88.3,100,0,2024-09-07T18:07:09.000Z
"9/7/2024, 2:12:09 PM",3.666,88.9,100,0,2024-09-07T18:12:09.000Z
"9/7/2024, 2:17:09 PM",3.665,88.9,100,0,2024-09-07T18:17:09.000Z
"9/7/2024, 2:22:09 PM",3.665,89.2,100,0,2024-09-07T18:22:09.000Z
"9/7/2024, 2:27:09 PM",3.665,89.4,100,0,2024-09-07T18:27:09.000Z
"9/7/2024, 2:32:09 PM",3.665,89.2,100,0,2024-09-07T18:32:09.000Z
"9/7/2024, 2:37:09 PM",3.666,89.4,100,0,2024-09-07T18:37:09.000Z
"9/7/2024, 2:42:09 PM",3.665,89.6,100,0,2024-09-07T18:42:09.000Z
"9/7/2024, 2:47:09 PM",3.665,89.8,100,0,2024-09-07T18:47:09.000Z
"9/7/2024, 2:52:09 PM",3.665,90.1,100,0,2024-09-07T18:52:09.000Z
"9/7/2024, 2:57:09 PM",3.665,90.1,100,0,2024-09-07T18:57:09.000Z
"9/7/2024, 3:02:09 PM",3.665,89.8,100,0,2024-09-07T19:02:09.000Z
"9/7/2024, 3:07:09 PM",3.665,90,100,0,2024-09-07T19:07:09.000Z
"9/7/2024, 3:12:09 PM",3.665,90,100,0,2024-09-07T19:12:09.000Z
"9/7/2024, 3:17:09 PM",3.665,90.1,100,0,2024-09-07T19:17:09.000Z
"9/7/2024, 3:22:09 PM",3.665,90.1,100,0,2024-09-07T19:22:09.000Z
"9/7/2024, 3:27:09 PM",3.665,90.3,100,0,2024-09-07T19:27:09.000Z
"9/7/2024, 3:32:09 PM",3.665,90,100,0,2024-09-07T19:32:09.000Z
"9/7/2024, 3:37:09 PM",3.666,89.6,100,0,2024-09-07T19:37:09.000Z
"9/7/2024, 3:42:09 PM",3.665,89.4,100,0,2024-09-07T19:42:09.000Z
"9/7/2024, 3:47:09 PM",3.665,89.2,100,0,2024-09-07T19:47:09.000Z
"9/7/2024, 3:52:09 PM",3.665,89.2,100,0,2024-09-07T19:52:09.000Z
"9/7/2024, 3:57:09 PM",3.665,88.9,100,0,2024-09-07T19:57:09.000Z
"9/7/2024, 4:02:09 PM",3.666,88.9,100,0,2024-09-07T20:02:09.000Z
"9/7/2024, 4:07:09 PM",3.666,88.9,100,0,2024-09-07T20:07:09.000Z
"9/7/2024, 4:12:09 PM",3.666,88.9,100,0,2024-09-07T20:12:09.000Z
"9/7/2024, 4:17:09 PM",3.665,89.1,100,0,2024-09-07T20:17:09.000Z
"9/7/2024, 4:22:09 PM",3.666,88.9,100,0,2024-09-07T20:22:09.000Z
"9/7/2024, 4:27:09 PM",3.666,88,100,0,2024-09-07T20:27:09.000Z
"9/7/2024, 4:32:09 PM",3.666,88,100,0,2024-09-07T20:32:09.000Z
"9/7/2024, 4:37:09 PM",3.666,88.3,100,0,2024-09-07T20:37:09.000Z
"9/7/2024, 4:42:09 PM",3.666,88.9,100,0,2024-09-07T20:42:09.000Z
"9/7/2024, 4:47:09 PM",3.666,88.9,100,0,2024-09-07T20:47:09.000Z
"9/7/2024, 4:52:09 PM",3.665,88.9,100,0,2024-09-07T20:52:09.000Z
"9/7/2024, 4:57:09 PM",3.666,88.9,100,0,2024-09-07T20:57:09.000Z
"9/7/2024, 5:02:09 PM",3.666,88.5,100,0,2024-09-07T21:02:09.000Z
"9/7/2024, 5:07:09 PM",3.666,88.9,100,0,2024-09-07T21:07:09.000Z
"9/7/2024, 5:12:09 PM",3.666,89.2,100,0,2024-09-07T21:12:09.000Z
"9/7/2024, 5:17:09 PM",3.666,89.6,100,0,2024-09-07T21:17:09.000Z
"9/7/2024, 5:22:09 PM",3.666,89.6,100,0,2024-09-07T21:22:09.000Z
"9/7/2024, 5:27:09 PM",3.666,89.4,100,0,2024-09-07T21:27:09.000Z
"9/7/2024, 5:32:09 PM",3.666,89.4,100,0,2024-09-07T21:32:09.000Z
"9/7/2024, 5:37:09 PM",3.665,89.2,100,0,2024-09-07T21:37:09.000Z
"9/7/2024, 5:42:09 PM",3.666,89.2,100,0,2024-09-07T21:42:09.000Z
"9/7/2024, 5:47:09 PM",3.665,88.9,100,0,2024-09-07T21:47:09.000Z
"9/7/2024, 5:52:09 PM",3.665,88.7,100,0,2024-09-07T21:52:09.000Z
"9/7/2024, 5:57:09 PM",3.666,88.3,100,0,2024-09-07T21:57:09.000Z
"9/7/2024, 6:02:09 PM",3.666,88,99.8,0,2024-09-07T22:02:09.000Z
"9/7/2024, 6:07:09 PM",3.665,87.4,99.6,0,2024-09-07T22:07:09.000Z
"9/7/2024, 6:12:09 PM",3.666,86.9,99.3,0,2024-09-07T22:12:09.000Z
"9/7/2024, 6:17:09 PM",3.666,86,99,0,2024-09-07T22:17:09.000Z
"9/7/2024, 6:22:09 PM",3.666,85.5,98.8,0,2024-09-07T22:22:09.000Z
"9/7/2024, 6:27:09 PM",3.666,84.9,99.1,0,2024-09-07T22:27:09.000Z
"9/7/2024, 6:32:09 PM",3.666,84.4,99.3,0,2024-09-07T22:32:09.000Z
"9/7/2024, 6:37:09 PM",3.666,83.8,99.4,0,2024-09-07T22:37:09.000Z
"9/7/2024, 6:42:09 PM",3.666,83.3,99.6,0,2024-09-07T22:42:09.000Z
"9/7/2024, 6:47:09 PM",3.666,82.9,99.6,0,2024-09-07T22:47:09.000Z
"9/7/2024, 6:52:09 PM",3.667,82.4,100,0,2024-09-07T22:52:09.000Z
"9/7/2024, 6:57:09 PM",3.666,82,100,0,2024-09-07T22:57:09.000Z
"9/7/2024, 7:02:09 PM",3.667,81.9,100,0,2024-09-07T23:02:09.000Z
"9/7/2024, 7:07:09 PM",3.667,81.5,100,0,2024-09-07T23:07:09.000Z
"9/7/2024, 7:12:09 PM",3.667,81.1,100,0,2024-09-07T23:12:09.000Z
"9/7/2024, 7:17:09 PM",3.666,80.8,100,0,2024-09-07T23:17:09.000Z
"9/7/2024, 7:22:09 PM",3.667,80.4,100,0,2024-09-07T23:22:09.000Z
"9/7/2024, 7:27:09 PM",3.667,80.1,100,0,2024-09-07T23:27:09.000Z
"9/7/2024, 7:32:09 PM",3.667,79.7,100,0,2024-09-07T23:32:09.000Z
"9/7/2024, 7:37:09 PM",3.667,79.3,100,0,2024-09-07T23:37:09.000Z
"9/7/2024, 7:42:09 PM",3.667,79,100,0,2024-09-07T23:42:09.000Z
"9/7/2024, 7:47:09 PM",3.667,78.4,100,0,2024-09-07T23:47:09.000Z
"9/7/2024, 7:52:09 PM",3.667,78.1,100,0,2024-09-07T23:52:09.000Z
"9/7/2024, 7:57:09 PM",3.667,77.9,100,0,2024-09-07T23:57:09.000Z
"9/7/2024, 8:02:09 PM",3.667,77.7,100,0,2024-09-08T00:02:09.000Z
"9/7/2024, 8:07:09 PM",3.668,77.5,100,0,2024-09-08T00:07:09.000Z
"9/7/2024, 8:12:09 PM",3.667,77.4,100,0,2024-09-08T00:12:09.000Z
"9/7/2024, 8:17:09 PM",3.667,77.2,100,0,2024-09-08T00:17:09.000Z
"9/7/2024, 8:22:09 PM",3.667,77,100,0,2024-09-08T00:22:09.000Z
"9/7/2024, 8:27:09 PM",3.668,76.8,100,0,2024-09-08T00:27:09.000Z
"9/7/2024, 8:32:09 PM",3.668,76.6,100,0,2024-09-08T00:32:09.000Z
"9/7/2024, 8:37:09 PM",3.667,76.3,100,0,2024-09-08T00:37:09.000Z
"9/7/2024, 8:42:09 PM",3.667,76.3,100,0,2024-09-08T00:42:09.000Z
"9/7/2024, 8:47:09 PM",3.667,76.1,100,0,2024-09-08T00:47:09.000Z
"9/7/2024, 8:52:09 PM",3.667,76.1,100,0,2024-09-08T00:52:09.000Z
"9/7/2024, 8:57:09 PM",3.667,75.9,100,0,2024-09-08T00:57:09.000Z
"9/7/2024, 9:02:09 PM",3.667,75.7,100,0,2024-09-08T01:02:09.000Z
"9/7/2024, 9:07:09 PM",3.667,75.7,100,0,2024-09-08T01:07:09.000Z
"9/7/2024, 9:12:09 PM",3.668,75.6,100,0,2024-09-08T01:12:09.000Z
"9/7/2024, 9:17:09 PM",3.667,75.4,100,0,2024-09-08T01:17:09.000Z
"9/7/2024, 9:22:09 PM",3.667,75.4,100,0,2024-09-08T01:22:09.000Z
"9/7/2024, 9:27:09 PM",3.667,75.2,100,0,2024-09-08T01:27:09.000Z
"9/7/2024, 9:32:09 PM",3.667,75,100,0,2024-09-08T01:32:09.000Z
"9/7/2024, 9:37:09 PM",3.667,75,100,0,2024-09-08T01:37:09.000Z
"9/7/2024, 9:42:09 PM",3.667,75,100,1,2024-09-08T01:42:09.000Z
"9/7/2024, 9:47:09 PM",3.668,74.8,100,0,2024-09-08T01:47:09.000Z
"9/7/2024, 9:52:09 PM",3.667,74.8,100,0,2024-09-08T01:52:09.000Z
"9/7/2024, 9:57:09 PM",3.667,74.7,100,0,2024-09-08T01:57:09.000Z
"9/7/2024, 10:02:09 PM",3.668,74.7,100,1,2024-09-08T02:02:09.000Z
"9/7/2024, 10:07:09 PM",3.668,74.5,100,0,2024-09-08T02:07:09.000Z
"9/7/2024, 10:12:09 PM",3.667,74.5,100,1,2024-09-08T02:12:09.000Z
"9/7/2024, 10:17:09 PM",3.667,74.3,100,0,2024-09-08T02:17:09.000Z
"9/7/2024, 10:22:09 PM",3.667,74.1,100,0,2024-09-08T02:22:09.000Z
"9/7/2024, 10:27:09 PM",3.668,73.9,100,0,2024-09-08T02:27:09.000Z
"9/7/2024, 10:32:09 PM",3.668,73.9,100,0,2024-09-08T02:32:09.000Z
"9/7/2024, 10:37:09 PM",3.668,73.9,100,0,2024-09-08T02:37:09.000Z
"9/7/2024, 10:42:09 PM",3.667,73.6,100,0,2024-09-08T02:42:09.000Z
"9/7/2024, 10:47:09 PM",3.668,73.6,100,0,2024-09-08T02:47:09.000Z
"9/7/2024, 10:52:09 PM",3.667,73.6,100,0,2024-09-08T02:52:09.000Z
"9/7/2024, 10:57:09 PM",3.667,73.4,100,0,2024-09-08T02:57:09.000Z
"9/7/2024, 11:02:09 PM",3.667,73.4,100,0,2024-09-08T03:02:09.000Z
"9/7/2024, 11:07:09 PM",3.668,73.4,100,0,2024-09-08T03:07:09.000Z
"9/7/2024, 11:12:09 PM",3.668,73.4,100,0,2024-09-08T03:12:09.000Z
"9/7/2024, 11:17:09 PM",3.668,73.2,100,0,2024-09-08T03:17:09.000Z
"9/7/2024, 11:22:09 PM",3.667,73.2,100,0,2024-09-08T03:22:09.000Z
"9/7/2024, 11:27:09 PM",3.667,73,100,0,2024-09-08T03:27:09.000Z
"9/7/2024, 11:32:09 PM",3.667,73,100,0,2024-09-08T03:32:09.000Z
"9/7/2024, 11:37:09 PM",3.667,72.9,100,1,2024-09-08T03:37:09.000Z
"9/7/2024, 11:42:09 PM",3.667,73,100,0,2024-09-08T03:42:09.000Z
"9/7/2024, 11:47:09 PM",3.667,72.9,100,0,2024-09-08T03:47:09.000Z
"9/7/2024, 11:52:09 PM",3.667,72.9,100,0,2024-09-08T03:52:09.000Z
"9/7/2024, 11:57:09 PM",3.667,72.9,100,1,2024-09-08T03:57:09.000Z
"9/8/2024, 12:02:09 AM",3.668,72.9,100,0,2024-09-08T04:02:09.000Z
"9/8/2024, 12:07:09 AM",3.667,72.9,100,1,2024-09-08T04:07:09.000Z
"9/8/2024, 12:12:09 AM",3.667,72.9,100,1,2024-09-08T04:12:09.000Z
"9/8/2024, 12:17:09 AM",3.667,72.9,100,1,2024-09-08T04:17:09.000Z
"9/8/2024, 12:22:09 AM",3.667,72.7,100,0,2024-09-08T04:22:09.000Z
"9/8/2024, 12:27:09 AM",3.667,72.7,100,1,2024-09-08T04:27:09.000Z
"9/8/2024, 12:32:09 AM",3.667,72.5,100,0,2024-09-08T04:32:09.000Z
"9/8/2024, 12:37:09 AM",3.667,72.3,100,1,2024-09-08T04:37:09.000Z
"9/8/2024, 12:42:09 AM",3.667,72.3,100,1,2024-09-08T04:42:09.000Z
"9/8/2024, 12:47:09 AM",3.667,72.1,100,1,2024-09-08T04:47:09.000Z
"9/8/2024, 12:52:09 AM",3.668,72,100,1,2024-09-08T04:52:09.000Z
"9/8/2024, 12:57:09 AM",3.668,71.8,100,1,2024-09-08T04:57:09.000Z
"9/8/2024, 1:02:09 AM",3.667,71.6,100,1,2024-09-08T05:02:09.000Z
"9/8/2024, 1:07:09 AM",3.668,71.6,100,1,2024-09-08T05:07:09.000Z
"9/8/2024, 1:12:09 AM",3.667,71.6,100,1,2024-09-08T05:12:09.000Z
"9/8/2024, 1:17:09 AM",3.668,71.6,100,1,2024-09-08T05:17:09.000Z
"9/8/2024, 1:22:09 AM",3.667,71.4,100,1,2024-09-08T05:22:09.000Z
"9/8/2024, 1:27:09 AM",3.667,71.4,100,1,2024-09-08T05:27:09.000Z
"9/8/2024, 1:32:09 AM",3.668,71.4,100,1,2024-09-08T05:32:09.000Z
"9/8/2024, 1:37:09 AM",3.667,71.2,100,1,2024-09-08T05:37:09.000Z
"9/8/2024, 1:42:09 AM",3.667,71.2,100,1,2024-09-08T05:42:09.000Z
"9/8/2024, 1:47:09 AM",3.668,71.2,100,1,2024-09-08T05:47:09.000Z
"9/8/2024, 1:52:09 AM",3.667,71.1,100,1,2024-09-08T05:52:09.000Z
"9/8/2024, 1:57:09 AM",3.667,71.1,100,1,2024-09-08T05:57:09.000Z
"9/8/2024, 2:02:09 AM",3.667,70.9,100,1,2024-09-08T06:02:09.000Z
"9/8/2024, 2:07:09 AM",3.667,70.9,100,1,2024-09-08T06:07:09.000Z
"9/8/2024, 2:12:09 AM",3.667,70.7,100,1,2024-09-08T06:12:09.000Z
"9/8/2024, 2:17:09 AM",3.668,70.7,100,1,2024-09-08T06:17:09.000Z
"9/8/2024, 2:22:09 AM",3.667,70.5,100,1,2024-09-08T06:22:09.000Z
"9/8/2024, 2:27:09 AM",3.668,70.5,100,1,2024-09-08T06:27:09.000Z
"9/8/2024, 2:32:09 AM",3.668,70.5,100,1,2024-09-08T06:32:09.000Z
"9/8/2024, 2:37:09 AM",3.667,70.3,100,1,2024-09-08T06:37:09.000Z
"9/8/2024, 2:42:09 AM",3.667,70.3,100,1,2024-09-08T06:42:09.000Z
"9/8/2024, 2:47:09 AM",3.668,70.2,100,1,2024-09-08T06:47:09.000Z
"9/8/2024, 2:52:09 AM",3.667,70.2,100,1,2024-09-08T06:52:09.000Z
"9/8/2024, 2:57:09 AM",3.668,70.2,100,1,2024-09-08T06:57:09.000Z
"9/8/2024, 3:02:09 AM",3.668,70,100,1,2024-09-08T07:02:09.000Z
"9/8/2024, 3:07:09 AM",3.668,69.8,100,1,2024-09-08T07:07:09.000Z
"9/8/2024, 3:12:09 AM",3.668,69.8,100,1,2024-09-08T07:12:09.000Z
"9/8/2024, 3:17:09 AM",3.667,69.8,100,1,2024-09-08T07:17:09.000Z
"9/8/2024, 3:22:09 AM",3.668,69.6,100,1,2024-09-08T07:22:09.000Z
"9/8/2024, 3:27:09 AM",3.667,69.6,100,1,2024-09-08T07:27:09.000Z
"9/8/2024, 3:32:09 AM",3.667,69.6,100,1,2024-09-08T07:32:09.000Z
"9/8/2024, 3:37:09 AM",3.667,69.6,100,1,2024-09-08T07:37:09.000Z
"9/8/2024, 3:42:09 AM",3.668,69.6,100,1,2024-09-08T07:42:09.000Z
"9/8/2024, 3:47:09 AM",3.667,69.4,100,1,2024-09-08T07:47:09.000Z
"9/8/2024, 3:52:09 AM",3.667,69.4,100,1,2024-09-08T07:52:09.000Z
"9/8/2024, 3:57:09 AM",3.668,69.4,100,1,2024-09-08T07:57:09.000Z
"9/8/2024, 4:02:09 AM",3.667,69.3,100,1,2024-09-08T08:02:09.000Z
"9/8/2024, 4:07:09 AM",3.668,69.3,100,1,2024-09-08T08:07:09.000Z
"9/8/2024, 4:12:09 AM",3.667,69.3,100,1,2024-09-08T08:12:09.000Z
"9/8/2024, 4:17:09 AM",3.668,69.1,100,1,2024-09-08T08:17:09.000Z
"9/8/2024, 4:22:09 AM",3.667,69.1,100,1,2024-09-08T08:22:09.000Z
"9/8/2024, 4:27:09 AM",3.667,68.9,100,1,2024-09-08T08:27:09.000Z
"9/8/2024, 4:32:09 AM",3.667,68.9,100,1,2024-09-08T08:32:09.000Z
"9/8/2024, 4:37:09 AM",3.667,68.9,100,1,2024-09-08T08:37:09.000Z
"9/8/2024, 4:42:09 AM",3.667,68.9,100,1,2024-09-08T08:42:09.000Z
"9/8/2024, 4:47:09 AM",3.668,68.7,100,1,2024-09-08T08:47:09.000Z
"9/8/2024, 4:52:09 AM",3.667,68.7,100,1,2024-09-08T08:52:09.000Z
"9/8/2024, 4:57:09 AM",3.667,68.5,100,1,2024-09-08T08:57:09.000Z
"9/8/2024, 5:02:09 AM",3.667,68.9,100,1,2024-09-08T09:02:09.000Z
"9/8/2024, 5:07:09 AM",3.667,68.5,100,1,2024-09-08T09:07:09.000Z
"9/8/2024, 5:12:09 AM",3.667,68.4,100,1,2024-09-08T09:12:09.000Z
"9/8/2024, 5:17:09 AM",3.667,68.4,100,1,2024-09-08T09:17:09.000Z
"9/8/2024, 5:22:09 AM",3.667,68.2,100,1,2024-09-08T09:22:09.000Z
"9/8/2024, 5:27:09 AM",3.668,68.2,100,1,2024-09-08T09:27:09.000Z
"9/8/2024, 5:32:09 AM",3.667,68,100,1,2024-09-08T09:32:09.000Z
"9/8/2024, 5:37:09 AM",3.667,68,100,1,2024-09-08T09:37:09.000Z
"9/8/2024, 5:42:09 AM",3.668,67.8,100,1,2024-09-08T09:42:09.000Z
"9/8/2024, 5:47:09 AM",3.667,67.8,100,1,2024-09-08T09:47:09.000Z
"9/8/2024, 5:52:09 AM",3.667,67.8,100,1,2024-09-08T09:52:09.000Z
"9/8/2024, 5:57:09 AM",3.667,67.8,100,1,2024-09-08T09:57:09.000Z
"9/8/2024, 6:02:09 AM",3.667,67.8,100,1,2024-09-08T10:02:09.000Z
"9/8/2024, 6:07:09 AM",3.667,67.8,100,1,2024-09-08T10:07:09.000Z
"9/8/2024, 6:12:09 AM",3.667,68,100,1,2024-09-08T10:12:09.000Z
"9/8/2024, 6:17:09 AM",3.667,68,100,1,2024-09-08T10:17:09.000Z
"9/8/2024, 6:22:09 AM",3.667,67.8,100,1,2024-09-08T10:22:09.000Z
"9/8/2024, 6:27:09 AM",3.667,67.8,100,1,2024-09-08T10:27:09.000Z
"9/8/2024, 6:32:09 AM",3.667,67.8,100,1,2024-09-08T10:32:09.000Z
"9/8/2024, 6:37:09 AM",3.667,67.6,100,1,2024-09-08T10:37:09.000Z
"9/8/2024, 6:42:09 AM",3.667,67.6,100,1,2024-09-08T10:42:09.000Z
"9/8/2024, 6:47:09 AM",3.667,67.6,100,1,2024-09-08T10:47:09.000Z
"9/8/2024, 6:52:09 AM",3.667,67.6,100,1,2024-09-08T10:52:09.000Z
"9/8/2024, 6:57:09 AM",3.667,67.8,100,1,2024-09-08T10:57:09.000Z
"9/8/2024, 7:02:09 AM",3.667,67.6,100,1,2024-09-08T11:02:09.000Z
"9/8/2024, 7:07:09 AM",3.667,67.6,100,1,2024-09-08T11:07:09.000Z
"9/8/2024, 7:12:09 AM",3.667,67.5,100,1,2024-09-08T11:12:09.000Z
"9/8/2024, 7:17:09 AM",3.667,67.5,100,1,2024-09-08T11:17:09.000Z
"9/8/2024, 7:22:09 AM",3.667,67.3,100,1,2024-09-08T11:22:09.000Z
"9/8/2024, 7:27:09 AM",3.668,67.5,100,1,2024-09-08T11:27:09.000Z
"9/8/2024, 7:32:09 AM",3.667,67.5,100,1,2024-09-08T11:32:09.000Z
"9/8/2024, 7:37:09 AM",3.667,67.5,100,1,2024-09-08T11:37:09.000Z
"9/8/2024, 7:42:09 AM",3.667,67.5,100,1,2024-09-08T11:42:09.000Z
"9/8/2024, 7:47:09 AM",3.667,67.6,100,1,2024-09-08T11:47:09.000Z
"9/8/2024, 7:52:09 AM",3.667,67.6,100,1,2024-09-08T11:52:09.000Z
"9/8/2024, 7:57:09 AM",3.667,67.8,100,1,2024-09-08T11:57:09.000Z
"9/8/2024, 8:02:09 AM",3.667,68,100,1,2024-09-08T12:02:09.000Z
"9/8/2024, 8:07:09 AM",3.667,68.2,100,1,2024-09-08T12:07:09.000Z
"9/8/2024, 8:12:09 AM",3.667,68.4,100,1,2024-09-08T12:12:09.000Z
"9/8/2024, 8:17:09 AM",3.667,68.9,100,1,2024-09-08T12:17:09.000Z
"9/8/2024, 8:22:09 AM",3.667,68.9,100,1,2024-09-08T12:22:09.000Z
"9/8/2024, 8:27:09 AM",3.667,69.3,100,1,2024-09-08T12:27:09.000Z
"9/8/2024, 8:32:09 AM",3.667,69.4,100,1,2024-09-08T12:32:09.000Z
"9/8/2024, 8:37:09 AM",3.667,69.8,100,1,2024-09-08T12:37:09.000Z
"9/8/2024, 8:42:09 AM",3.666,70,100,1,2024-09-08T12:42:09.000Z
"9/8/2024, 8:47:09 AM",3.667,70.5,100,1,2024-09-08T12:47:09.000Z
"9/8/2024, 8:52:09 AM",3.667,70.9,100,1,2024-09-08T12:52:09.000Z
"9/8/2024, 8:57:09 AM",3.667,71.4,100,1,2024-09-08T12:57:09.000Z
"9/8/2024, 9:02:09 AM",3.667,71.8,100,1,2024-09-08T13:02:09.000Z
"9/8/2024, 9:07:09 AM",3.667,72.3,100,1,2024-09-08T13:07:09.000Z
"9/8/2024, 9:12:09 AM",3.667,72.7,100,1,2024-09-08T13:12:09.000Z
"9/8/2024, 9:17:09 AM",3.666,73.2,100,1,2024-09-08T13:17:09.000Z
"9/8/2024, 9:22:09 AM",3.667,73.6,100,1,2024-09-08T13:22:09.000Z
"9/8/2024, 9:27:09 AM",3.666,74.1,100,1,2024-09-08T13:27:09.000Z
"9/8/2024, 9:32:09 AM",3.666,74.7,100,1,2024-09-08T13:32:09.000Z
"9/8/2024, 9:37:09 AM",3.667,75,100,1,2024-09-08T13:37:09.000Z
"9/8/2024, 9:42:09 AM",3.666,75.6,100,1,2024-09-08T13:42:09.000Z
"9/8/2024, 9:47:09 AM",3.666,76.1,100,1,2024-09-08T13:47:09.000Z
"9/8/2024, 9:52:09 AM",3.666,76.6,100,1,2024-09-08T13:52:09.000Z
"9/8/2024, 9:57:09 AM",3.666,77.2,100,1,2024-09-08T13:57:09.000Z
"9/8/2024, 10:02:09 AM",3.666,77.9,100,1,2024-09-08T14:02:09.000Z
"9/8/2024, 10:07:09 AM",3.666,78.4,100,1,2024-09-08T14:07:09.000Z
"9/8/2024, 10:12:09 AM",3.666,79,100,1,2024-09-08T14:12:09.000Z
"9/8/2024, 10:17:09 AM",3.666,79.3,100,1,2024-09-08T14:17:09.000Z
"9/8/2024, 10:22:09 AM",3.666,79.9,100,1,2024-09-08T14:22:09.000Z
"9/8/2024, 10:27:09 AM",3.666,80.2,100,1,2024-09-08T14:27:09.000Z
"9/8/2024, 10:32:09 AM",3.666,80.4,100,1,2024-09-08T14:32:09.000Z
"9/8/2024, 10:37:09 AM",3.666,80.8,100,1,2024-09-08T14:37:09.000Z
"9/8/2024, 10:42:09 AM",3.666,81.1,100,1,2024-09-08T14:42:09.000Z
"9/8/2024, 10:47:09 AM",3.665,81.7,100,1,2024-09-08T14:47:09.000Z
"9/8/2024, 10:52:09 AM",3.666,82,100,1,2024-09-08T14:52:09.000Z
"9/8/2024, 10:57:09 AM",3.666,82.2,100,1,2024-09-08T14:57:09.000Z
"9/8/2024, 11:02:09 AM",3.666,82.6,100,1,2024-09-08T15:02:09.000Z
"9/8/2024, 11:07:09 AM",3.666,82.9,100,1,2024-09-08T15:07:09.000Z
"9/8/2024, 11:12:09 AM",3.665,83.5,100,1,2024-09-08T15:12:09.000Z
"9/8/2024, 11:17:09 AM",3.666,84,100,1,2024-09-08T15:17:09.000Z
"9/8/2024, 11:22:09 AM",3.665,84,100,0,2024-09-08T15:22:09.000Z
"9/8/2024, 11:27:09 AM",3.665,84.4,100,0,2024-09-08T15:27:09.000Z
"9/8/2024, 11:32:09 AM",3.665,84.6,100,0,2024-09-08T15:32:09.000Z
"9/8/2024, 11:37:09 AM",3.665,84.6,100,0,2024-09-08T15:37:09.000Z
"9/8/2024, 11:42:09 AM",3.665,84.7,100,0,2024-09-08T15:42:09.000Z
"9/8/2024, 11:47:09 AM",3.665,85.1,100,0,2024-09-08T15:47:09.000Z
"9/8/2024, 11:52:09 AM",3.666,85.5,100,0,2024-09-08T15:52:09.000Z
"9/8/2024, 11:57:09 AM",3.665,85.6,100,0,2024-09-08T15:57:09.000Z
"9/8/2024, 12:02:09 PM",3.665,86.2,100,0,2024-09-08T16:02:09.000Z
"9/8/2024, 12:07:09 PM",3.665,86.4,100,0,2024-09-08T16:07:09.000Z
"9/8/2024, 12:12:09 PM",3.665,86.5,100,0,2024-09-08T16:12:09.000Z
"9/8/2024, 12:17:09 PM",3.665,86.7,100,0,2024-09-08T16:17:09.000Z
"9/8/2024, 12:22:09 PM",3.665,86.9,100,0,2024-09-08T16:22:09.000Z
"9/8/2024, 12:27:09 PM",3.665,87.3,100,0,2024-09-08T16:27:09.000Z
"9/8/2024, 12:32:09 PM",3.665,87.6,100,0,2024-09-08T16:32:09.000Z
"9/8/2024, 12:37:09 PM",3.665,87.8,100,0,2024-09-08T16:37:09.000Z
"9/8/2024, 12:42:09 PM",3.665,87.8,100,0,2024-09-08T16:42:09.000Z
"9/8/2024, 12:47:09 PM",3.665,87.8,100,0,2024-09-08T16:47:09.000Z
"9/8/2024, 12:52:09 PM",3.665,88,100,0,2024-09-08T16:52:09.000Z
"9/8/2024, 12:57:09 PM",3.665,88.3,100,0,2024-09-08T16:57:09.000Z
"9/8/2024, 1:02:09 PM",3.665,88.9,100,0,2024-09-08T17:02:09.000Z
"9/8/2024, 1:07:09 PM",3.665,88.9,100,0,2024-09-08T17:07:09.000Z
"9/8/2024, 1:12:09 PM",3.665,88.9,100,0,2024-09-08T17:12:09.000Z
"9/8/2024, 1:17:09 PM",3.664,89.1,100,0,2024-09-08T17:17:09.000Z
"9/8/2024, 1:22:09 PM",3.664,89.4,100,0,2024-09-08T17:22:09.000Z
"9/8/2024, 1:27:09 PM",3.664,89.8,100,0,2024-09-08T17:27:09.000Z
"9/8/2024, 1:32:09 PM",3.664,90.1,100,0,2024-09-08T17:32:09.000Z
"9/8/2024, 1:37:09 PM",3.664,90.3,100,0,2024-09-08T17:37:09.000Z
"9/8/2024, 1:42:09 PM",3.664,90.7,100,0,2024-09-08T17:42:09.000Z
"9/8/2024, 1:47:09 PM",3.665,91,100,0,2024-09-08T17:47:09.000Z
"9/8/2024, 1:52:09 PM",3.664,91.4,100,0,2024-09-08T17:52:09.000Z
"9/8/2024, 1:57:09 PM",3.664,91.8,100,0,2024-09-08T17:57:09.000Z
"9/8/2024, 2:02:09 PM",3.664,92.1,100,0,2024-09-08T18:02:09.000Z
"9/8/2024, 2:07:09 PM",3.664,92.3,100,0,2024-09-08T18:07:09.000Z
"9/8/2024, 2:12:09 PM",3.663,92.7,100,0,2024-09-08T18:12:09.000Z
"9/8/2024, 2:17:09 PM",3.664,92.8,100,0,2024-09-08T18:17:09.000Z
"9/8/2024, 2:22:09 PM",3.664,92.8,100,0,2024-09-08T18:22:09.000Z
"9/8/2024, 2:27:09 PM",3.664,93,100,0,2024-09-08T18:27:09.000Z
"9/8/2024, 2:32:09 PM",3.664,93.2,100,0,2024-09-08T18:32:09.000Z
"9/8/2024, 2:37:09 PM",3.664,93.4,100,0,2024-09-08T18:37:09.000Z
"9/8/2024, 2:42:09 PM",3.664,93.4,100,0,2024-09-08T18:42:09.000Z
"9/8/2024, 2:47:09 PM",3.664,93.6,100,0,2024-09-08T18:47:09.000Z
"9/8/2024, 2:52:09 PM",3.664,93.6,100,0,2024-09-08T18:52:09.000Z
"9/8/2024, 2:57:09 PM",3.664,93.7,100,0,2024-09-08T18:57:09.000Z
"9/8/2024, 3:02:09 PM",3.664,93.9,100,0,2024-09-08T19:02:09.000Z
"9/8/2024, 3:07:09 PM",3.663,94.1,100,0,2024-09-08T19:07:09.000Z
"9/8/2024, 3:12:09 PM",3.663,94.3,100,0,2024-09-08T19:12:09.000Z
"9/8/2024, 3:17:09 PM",3.663,94.5,100,0,2024-09-08T19:17:09.000Z
"9/8/2024, 3:22:09 PM",3.663,94.5,100,0,2024-09-08T19:22:09.000Z
"9/8/2024, 3:27:09 PM",3.663,94.6,100,0,2024-09-08T19:27:09.000Z
"9/8/2024, 3:32:09 PM",3.664,94.8,100,0,2024-09-08T19:32:09.000Z
"9/8/2024, 3:37:09 PM",3.664,95,100,0,2024-09-08T19:37:09.000Z
"9/8/2024, 3:42:09 PM",3.664,95.2,100,0,2024-09-08T19:42:09.000Z
"9/8/2024, 3:47:09 PM",3.663,95.2,100,0,2024-09-08T19:47:09.000Z
"9/8/2024, 3:52:09 PM",3.663,95.4,100,0,2024-09-08T19:52:09.000Z
"9/8/2024, 3:57:09 PM",3.663,95.4,100,0,2024-09-08T19:57:09.000Z
"9/8/2024, 4:02:09 PM",3.663,95.4,100,0,2024-09-08T20:02:09.000Z
"9/8/2024, 4:07:09 PM",3.663,95.4,100,0,2024-09-08T20:07:09.000Z
"9/8/2024, 4:12:09 PM",3.663,95.4,100,0,2024-09-08T20:12:09.000Z
"9/8/2024, 4:17:09 PM",3.663,95.5,100,0,2024-09-08T20:17:09.000Z
"9/8/2024, 4:22:09 PM",3.663,95.4,100,0,2024-09-08T20:22:09.000Z
"9/8/2024, 4:27:09 PM",3.663,95.4,100,0,2024-09-08T20:27:09.000Z
"9/8/2024, 4:32:09 PM",3.663,95.2,100,0,2024-09-08T20:32:09.000Z
"9/8/2024, 4:37:09 PM",3.663,95,100,0,2024-09-08T20:37:09.000Z
"9/8/2024, 4:42:09 PM",3.663,94.6,100,0,2024-09-08T20:42:09.000Z
"9/8/2024, 4:47:09 PM",3.663,94.5,100,0,2024-09-08T20:47:09.000Z
"9/8/2024, 4:52:09 PM",3.663,94.3,100,0,2024-09-08T20:52:09.000Z
"9/8/2024, 4:57:09 PM",3.664,93.9,100,0,2024-09-08T20:57:09.000Z
"9/8/2024, 5:02:09 PM",3.664,93.9,100,0,2024-09-08T21:02:09.000Z
"9/8/2024, 5:07:09 PM",3.664,93.6,100,0,2024-09-08T21:07:09.000Z
"9/8/2024, 5:12:09 PM",3.663,93.4,100,0,2024-09-08T21:12:09.000Z
"9/8/2024, 5:17:09 PM",3.663,93,100,0,2024-09-08T21:17:09.000Z
"9/8/2024, 5:22:09 PM",3.664,92.8,100,0,2024-09-08T21:22:09.000Z
"9/8/2024, 5:27:09 PM",3.664,92.5,100,0,2024-09-08T21:27:09.000Z
"9/8/2024, 5:32:09 PM",3.664,92.1,100,0,2024-09-08T21:32:09.000Z
"9/8/2024, 5:37:09 PM",3.664,91.9,100,0,2024-09-08T21:37:09.000Z
"9/8/2024, 5:42:09 PM",3.664,91.9,100,0,2024-09-08T21:42:09.000Z
"9/8/2024, 5:47:09 PM",3.664,91.8,100,0,2024-09-08T21:47:09.000Z
"9/8/2024, 5:52:09 PM",3.664,91.8,100,0,2024-09-08T21:52:09.000Z
"9/8/2024, 5:57:09 PM",3.664,91.6,100,0,2024-09-08T21:57:09.000Z
"9/8/2024, 6:02:09 PM",3.664,91.2,100,0,2024-09-08T22:02:09.000Z
"9/8/2024, 6:07:09 PM",3.664,90.9,100,0,2024-09-08T22:07:09.000Z
"9/8/2024, 6:12:09 PM",3.664,90.5,100,0,2024-09-08T22:12:09.000Z
"9/8/2024, 6:17:09 PM",3.664,90.1,100,0,2024-09-08T22:17:09.000Z
"9/8/2024, 6:22:09 PM",3.664,89.6,100,0,2024-09-08T22:22:09.000Z
"9/8/2024, 6:27:09 PM",3.664,89.2,100,0,2024-09-08T22:27:09.000Z
"9/8/2024, 6:32:09 PM",3.664,88.9,100,0,2024-09-08T22:32:09.000Z
"9/8/2024, 6:37:09 PM",3.664,88,100,0,2024-09-08T22:37:09.000Z
"9/8/2024, 6:42:09 PM",3.665,87.4,100,0,2024-09-08T22:42:09.000Z
"9/8/2024, 6:47:09 PM",3.665,87.1,100,0,2024-09-08T22:47:09.000Z
"9/8/2024, 6:52:09 PM",3.664,86.5,100,0,2024-09-08T22:52:09.000Z
"9/8/2024, 6:57:09 PM",3.665,86,100,0,2024-09-08T22:57:09.000Z
"9/8/2024, 7:02:09 PM",3.665,85.5,100,0,2024-09-08T23:02:09.000Z
"9/8/2024, 7:07:09 PM",3.665,84.9,100,0,2024-09-08T23:07:09.000Z
"9/8/2024, 7:12:09 PM",3.665,84.6,100,0,2024-09-08T23:12:09.000Z
"9/8/2024, 7:17:09 PM",3.665,84,100,0,2024-09-08T23:17:09.000Z
"9/8/2024, 7:22:09 PM",3.665,83.7,100,0,2024-09-08T23:22:09.000Z
"9/8/2024, 7:27:09 PM",3.666,83.1,100,0,2024-09-08T23:27:09.000Z
"9/8/2024, 7:32:09 PM",3.665,82.8,100,0,2024-09-08T23:32:09.000Z
"9/8/2024, 7:37:09 PM",3.666,82.2,100,0,2024-09-08T23:37:09.000Z
"9/8/2024, 7:42:09 PM",3.665,81.9,100,0,2024-09-08T23:42:09.000Z
"9/8/2024, 7:47:09 PM",3.666,81.5,100,0,2024-09-08T23:47:09.000Z
"9/8/2024, 7:52:09 PM",3.665,81.1,100,0,2024-09-08T23:52:09.000Z
"9/8/2024, 7:57:09 PM",3.666,80.6,100,0,2024-09-08T23:57:09.000Z
"9/8/2024, 8:02:09 PM",3.666,80.2,100,0,2024-09-09T00:02:09.000Z
"9/8/2024, 8:07:09 PM",3.666,79.9,100,0,2024-09-09T00:07:09.000Z
"9/8/2024, 8:12:09 PM",3.666,79.5,100,0,2024-09-09T00:12:09.000Z
"9/8/2024, 8:17:09 PM",3.666,79,100,0,2024-09-09T00:17:09.000Z
"9/8/2024, 8:22:09 PM",3.666,79,100,0,2024-09-09T00:22:09.000Z
"9/8/2024, 8:27:09 PM",3.666,78.8,100,0,2024-09-09T00:27:09.000Z
"9/8/2024, 8:32:09 PM",3.666,78.4,100,0,2024-09-09T00:32:09.000Z
"9/8/2024, 8:37:09 PM",3.666,78.1,100,0,2024-09-09T00:37:09.000Z
"9/8/2024, 8:42:09 PM",3.666,77.9,100,0,2024-09-09T00:42:09.000Z
"9/8/2024, 8:47:09 PM",3.666,77.7,100,0,2024-09-09T00:47:09.000Z
"9/8/2024, 8:52:09 PM",3.666,77.5,100,0,2024-09-09T00:52:09.000Z
"9/8/2024, 8:57:09 PM",3.666,77.4,100,0,2024-09-09T00:57:09.000Z
"9/8/2024, 9:02:09 PM",3.666,77.2,100,0,2024-09-09T01:02:09.000Z
"9/8/2024, 9:07:09 PM",3.666,77,100,0,2024-09-09T01:07:09.000Z
"9/8/2024, 9:12:09 PM",3.666,77,100,0,2024-09-09T01:12:09.000Z
"9/8/2024, 9:17:09 PM",3.666,76.8,100,0,2024-09-09T01:17:09.000Z
"9/8/2024, 9:22:09 PM",3.666,76.6,100,0,2024-09-09T01:22:09.000Z
"9/8/2024, 9:27:09 PM",3.666,76.6,100,0,2024-09-09T01:27:09.000Z
"9/8/2024, 9:32:09 PM",3.666,76.5,100,0,2024-09-09T01:32:09.000Z
"9/8/2024, 9:37:09 PM",3.666,76.5,100,0,2024-09-09T01:37:09.000Z
"9/8/2024, 9:42:09 PM",3.666,76.5,100,0,2024-09-09T01:42:09.000Z
"9/8/2024, 9:47:09 PM",3.666,76.3,100,0,2024-09-09T01:47:09.000Z
"9/8/2024, 9:52:09 PM",3.666,76.3,100,0,2024-09-09T01:52:09.000Z
"9/8/2024, 9:57:09 PM",3.666,76.3,100,0,2024-09-09T01:57:09.000Z
"9/8/2024, 10:02:09 PM",3.666,76.1,100,0,2024-09-09T02:02:09.000Z
"9/8/2024, 10:07:09 PM",3.666,76.1,100,0,2024-09-09T02:07:09.000Z
"9/8/2024, 10:12:09 PM",3.666,76.1,100,0,2024-09-09T02:12:09.000Z
"9/8/2024, 10:17:09 PM",3.666,75.9,100,0,2024-09-09T02:17:09.000Z
"9/8/2024, 10:22:09 PM",3.666,75.7,100,0,2024-09-09T02:22:09.000Z
"9/8/2024, 10:27:09 PM",3.666,75.7,100,0,2024-09-09T02:27:09.000Z
"9/8/2024, 10:32:09 PM",3.666,75.6,100,0,2024-09-09T02:32:09.000Z
"9/8/2024, 10:37:09 PM",3.666,75.6,100,0,2024-09-09T02:37:09.000Z
"9/8/2024, 10:42:09 PM",3.666,75.4,100,0,2024-09-09T02:42:09.000Z
"9/8/2024, 10:47:09 PM",3.666,75.2,100,0,2024-09-09T02:47:09.000Z
"9/8/2024, 10:52:09 PM",3.666,75.2,100,0,2024-09-09T02:52:09.000Z
"9/8/2024, 10:57:09 PM",3.666,75,100,0,2024-09-09T02:57:09.000Z
"9/8/2024, 11:02:09 PM",3.666,75,100,0,2024-09-09T03:02:09.000Z
"9/8/2024, 11:07:09 PM",3.666,75,100,0,2024-09-09T03:07:09.000Z
"9/8/2024, 11:12:09 PM",3.666,75,100,0,2024-09-09T03:12:09.000Z
"9/8/2024, 11:17:09 PM",3.666,74.8,100,0,2024-09-09T03:17:09.000Z
"9/8/2024, 11:22:09 PM",3.666,74.8,100,0,2024-09-09T03:22:09.000Z
"9/8/2024, 11:27:09 PM",3.667,74.7,100,0,2024-09-09T03:27:09.000Z
"9/8/2024, 11:32:09 PM",3.666,74.7,100,0,2024-09-09T03:32:09.000Z
"9/8/2024, 11:37:09 PM",3.666,74.5,100,0,2024-09-09T03:37:09.000Z
"9/8/2024, 11:42:09 PM",3.666,74.5,100,0,2024-09-09T03:42:09.000Z
"9/8/2024, 11:47:09 PM",3.666,74.3,100,0,2024-09-09T03:47:09.000Z
"9/8/2024, 11:52:09 PM",3.666,74.3,100,0,2024-09-09T03:52:09.000Z
"9/8/2024, 11:57:09 PM",3.666,74.1,100,0,2024-09-09T03:57:09.000Z
"9/9/2024, 12:02:09 AM",3.666,74.1,100,0,2024-09-09T04:02:09.000Z
"9/9/2024, 12:07:09 AM",3.666,73.9,100,0,2024-09-09T04:07:09.000Z
"9/9/2024, 12:12:09 AM",3.666,73.9,100,0,2024-09-09T04:12:09.000Z
"9/9/2024, 12:17:09 AM",3.666,73.9,100,0,2024-09-09T04:17:09.000Z
"9/9/2024, 12:22:09 AM",3.666,73.9,100,0,2024-09-09T04:22:09.000Z
"9/9/2024, 12:27:09 AM",3.666,73.8,100,0,2024-09-09T04:27:09.000Z
"9/9/2024, 12:32:09 AM",3.666,73.8,100,0,2024-09-09T04:32:09.000Z
"9/9/2024, 12:37:09 AM",3.666,73.6,100,0,2024-09-09T04:37:09.000Z
"9/9/2024, 12:42:09 AM",3.666,73.6,100,0,2024-09-09T04:42:09.000Z
"9/9/2024, 12:47:09 AM",3.666,73.6,100,0,2024-09-09T04:47:09.000Z
"9/9/2024, 12:52:09 AM",3.666,73.4,100,0,2024-09-09T04:52:09.000Z
"9/9/2024, 12:57:09 AM",3.666,73.4,100,0,2024-09-09T04:57:09.000Z
"9/9/2024, 1:02:09 AM",3.666,73.4,100,0,2024-09-09T05:02:09.000Z
"9/9/2024, 1:07:09 AM",3.666,73.4,100,0,2024-09-09T05:07:09.000Z
"9/9/2024, 1:12:09 AM",3.666,73.4,100,0,2024-09-09T05:12:09.000Z
"9/9/2024, 1:17:09 AM",3.666,73.4,100,0,2024-09-09T05:17:09.000Z
"9/9/2024, 1:22:09 AM",3.666,73.2,100,0,2024-09-09T05:22:09.000Z
"9/9/2024, 1:27:09 AM",3.666,73,100,0,2024-09-09T05:27:09.000Z
"9/9/2024, 1:32:09 AM",3.666,73,100,0,2024-09-09T05:32:09.000Z
"9/9/2024, 1:37:09 AM",3.666,72.9,100,0,2024-09-09T05:37:09.000Z
"9/9/2024, 1:42:09 AM",3.666,72.9,100,0,2024-09-09T05:42:09.000Z
"9/9/2024, 1:47:09 AM",3.666,72.9,100,0,2024-09-09T05:47:09.000Z
"9/9/2024, 1:52:09 AM",3.666,72.9,100,0,2024-09-09T05:52:09.000Z
"9/9/2024, 1:57:09 AM",3.666,72.9,100,0,2024-09-09T05:57:09.000Z
"9/9/2024, 2:02:09 AM",3.666,72.9,100,0,2024-09-09T06:02:09.000Z
"9/9/2024, 2:07:09 AM",3.667,72.9,100,0,2024-09-09T06:07:09.000Z
"9/9/2024, 2:12:09 AM",3.666,72.9,100,0,2024-09-09T06:12:09.000Z
"9/9/2024, 2:17:09 AM",3.667,72.9,100,0,2024-09-09T06:17:09.000Z
"9/9/2024, 2:22:09 AM",3.666,72.9,100,0,2024-09-09T06:22:09.000Z
"9/9/2024, 2:27:09 AM",3.666,72.7,100,0,2024-09-09T06:27:09.000Z
"9/9/2024, 2:32:09 AM",3.666,72.9,100,0,2024-09-09T06:32:09.000Z
"9/9/2024, 2:37:09 AM",3.666,72.7,100,0,2024-09-09T06:37:09.000Z
"9/9/2024, 2:42:09 AM",3.666,72.7,100,0,2024-09-09T06:42:09.000Z
"9/9/2024, 2:47:09 AM",3.666,72.7,100,0,2024-09-09T06:47:09.000Z
"9/9/2024, 2:52:09 AM",3.666,72.7,100,0,2024-09-09T06:52:09.000Z
"9/9/2024, 2:57:09 AM",3.666,72.7,100,0,2024-09-09T06:57:09.000Z
"9/9/2024, 3:02:09 AM",3.666,72.5,100,0,2024-09-09T07:02:09.000Z
"9/9/2024, 3:07:09 AM",3.666,72.5,100,0,2024-09-09T07:07:09.000Z
"9/9/2024, 3:12:09 AM",3.666,72.5,100,0,2024-09-09T07:12:09.000Z
"9/9/2024, 3:17:09 AM",3.666,72.5,100,0,2024-09-09T07:17:09.000Z
"9/9/2024, 3:22:09 AM",3.666,72.3,100,0,2024-09-09T07:22:09.000Z
"9/9/2024, 3:27:09 AM",3.666,72.3,100,0,2024-09-09T07:27:09.000Z
"9/9/2024, 3:32:09 AM",3.666,72.3,100,0,2024-09-09T07:32:09.000Z
"9/9/2024, 3:37:09 AM",3.666,72.3,100,0,2024-09-09T07:37:09.000Z
"9/9/2024, 3:42:09 AM",3.666,72.3,100,0,2024-09-09T07:42:09.000Z
"9/9/2024, 3:47:09 AM",3.666,72.1,100,0,2024-09-09T07:47:09.000Z
"9/9/2024, 3:52:09 AM",3.666,72.1,100,0,2024-09-09T07:52:09.000Z
"9/9/2024, 3:57:09 AM",3.666,72,100,0,2024-09-09T07:57:09.000Z
"9/9/2024, 4:02:09 AM",3.666,72,100,0,2024-09-09T08:02:09.000Z
"9/9/2024, 4:07:09 AM",3.666,72,100,0,2024-09-09T08:07:09.000Z
"9/9/2024, 4:12:09 AM",3.666,72,100,0,2024-09-09T08:12:09.000Z
"9/9/2024, 4:17:09 AM",3.666,71.8,100,0,2024-09-09T08:17:09.000Z
"9/9/2024, 4:22:09 AM",3.666,71.8,100,0,2024-09-09T08:22:09.000Z
"9/9/2024, 4:27:09 AM",3.667,71.6,100,0,2024-09-09T08:27:09.000Z
"9/9/2024, 4:32:09 AM",3.666,71.6,100,0,2024-09-09T08:32:09.000Z
"9/9/2024, 4:37:09 AM",3.666,71.6,100,0,2024-09-09T08:37:09.000Z
"9/9/2024, 4:42:09 AM",3.666,71.6,100,0,2024-09-09T08:42:09.000Z
"9/9/2024, 4:47:09 AM",3.666,71.4,100,0,2024-09-09T08:47:09.000Z
"9/9/2024, 4:52:09 AM",3.666,71.6,100,0,2024-09-09T08:52:09.000Z
"9/9/2024, 4:57:09 AM",3.666,71.4,100,0,2024-09-09T08:57:09.000Z
"9/9/2024, 5:02:09 AM",3.666,71.4,100,0,2024-09-09T09:02:09.000Z
"9/9/2024, 5:07:09 AM",3.666,71.4,100,0,2024-09-09T09:07:09.000Z
"9/9/2024, 5:12:09 AM",3.666,71.4,100,0,2024-09-09T09:12:09.000Z
"9/9/2024, 5:17:09 AM",3.666,71.4,100,0,2024-09-09T09:17:09.000Z
"9/9/2024, 5:22:09 AM",3.666,71.4,100,0,2024-09-09T09:22:09.000Z
"9/9/2024, 5:27:09 AM",3.666,71.2,100,0,2024-09-09T09:27:09.000Z
"9/9/2024, 5:32:09 AM",3.666,71.2,100,0,2024-09-09T09:32:09.000Z
"9/9/2024, 5:37:09 AM",3.666,71.1,100,0,2024-09-09T09:37:09.000Z
"9/9/2024, 5:42:09 AM",3.666,71.1,100,0,2024-09-09T09:42:09.000Z
"9/9/2024, 5:47:09 AM",3.666,70.9,100,0,2024-09-09T09:47:09.000Z
"9/9/2024, 5:52:09 AM",3.666,70.9,100,0,2024-09-09T09:52:09.000Z
"9/9/2024, 5:57:09 AM",3.666,71.1,100,0,2024-09-09T09:57:09.000Z
"9/9/2024, 6:02:09 AM",3.666,70.9,100,0,2024-09-09T10:02:09.000Z
"9/9/2024, 6:07:09 AM",3.666,70.7,100,0,2024-09-09T10:07:09.000Z
"9/9/2024, 6:12:09 AM",3.666,70.7,100,0,2024-09-09T10:12:09.000Z
"9/9/2024, 6:17:09 AM",3.666,70.7,100,0,2024-09-09T10:17:09.000Z
"9/9/2024, 6:22:09 AM",3.666,70.5,100,0,2024-09-09T10:22:09.000Z
"9/9/2024, 6:27:09 AM",3.666,70.5,100,0,2024-09-09T10:27:09.000Z
"9/9/2024, 6:32:09 AM",3.666,70.3,100,0,2024-09-09T10:32:09.000Z
"9/9/2024, 6:37:09 AM",3.666,70.3,100,0,2024-09-09T10:37:09.000Z
"9/9/2024, 6:42:09 AM",3.666,70.3,100,0,2024-09-09T10:42:09.000Z
"9/9/2024, 6:47:09 AM",3.666,70.5,100,0,2024-09-09T10:47:09.000Z
"9/9/2024, 6:52:09 AM",3.665,70.3,100,0,2024-09-09T10:52:09.000Z
"9/9/2024, 6:57:09 AM",3.666,70.3,100,0,2024-09-09T10:57:09.000Z
"9/9/2024, 7:02:09 AM",3.666,70.3,100,0,2024-09-09T11:02:09.000Z
"9/9/2024, 7:07:09 AM",3.666,70.2,100,0,2024-09-09T11:07:09.000Z
"9/9/2024, 7:12:09 AM",3.666,70.2,100,0,2024-09-09T11:12:09.000Z
"9/9/2024, 7:17:09 AM",3.666,70.2,100,0,2024-09-09T11:17:09.000Z
"9/9/2024, 7:22:09 AM",3.666,70.2,100,0,2024-09-09T11:22:09.000Z
"9/9/2024, 7:27:09 AM",3.666,70.2,100,0,2024-09-09T11:27:09.000Z
"9/9/2024, 7:32:09 AM",3.666,70.2,100,0,2024-09-09T11:32:09.000Z
"9/9/2024, 7:37:09 AM",3.666,70.3,100,0,2024-09-09T11:37:09.000Z
"9/9/2024, 7:42:09 AM",3.666,70.3,100,0,2024-09-09T11:42:09.000Z
"9/9/2024, 7:47:09 AM",3.665,70.7,100,0,2024-09-09T11:47:09.000Z
"9/9/2024, 7:52:09 AM",3.666,70.7,100,0,2024-09-09T11:52:09.000Z
"9/9/2024, 7:57:09 AM",3.666,70.9,100,0,2024-09-09T11:57:09.000Z
"9/9/2024, 8:02:09 AM",3.665,71.1,100,0,2024-09-09T12:02:09.000Z
"9/9/2024, 8:07:09 AM",3.666,71.2,100,0,2024-09-09T12:07:09.000Z
"9/9/2024, 8:12:09 AM",3.666,71.6,100,0,2024-09-09T12:12:09.000Z
"9/9/2024, 8:17:09 AM",3.666,71.8,100,0,2024-09-09T12:17:09.000Z
"9/9/2024, 8:22:09 AM",3.666,72.1,100,0,2024-09-09T12:22:09.000Z
"9/9/2024, 8:27:09 AM",3.666,72.5,100,0,2024-09-09T12:27:09.000Z
"9/9/2024, 8:32:09 AM",3.665,72.7,100,0,2024-09-09T12:32:09.000Z
"9/9/2024, 8:37:09 AM",3.666,73,100,0,2024-09-09T12:37:09.000Z
"9/9/2024, 8:42:09 AM",3.666,73.6,100,0,2024-09-09T12:42:09.000Z
"9/9/2024, 8:47:09 AM",3.665,73.9,100,0,2024-09-09T12:47:09.000Z
"9/9/2024, 8:52:09 AM",3.665,74.5,100,0,2024-09-09T12:52:09.000Z
"9/9/2024, 8:57:09 AM",3.666,74.8,100,0,2024-09-09T12:57:09.000Z
"9/9/2024, 9:02:09 AM",3.666,75.2,100,0,2024-09-09T13:02:09.000Z
"9/9/2024, 9:07:09 AM",3.665,75.7,100,0,2024-09-09T13:07:09.000Z
"9/9/2024, 9:12:09 AM",3.665,76.3,100,0,2024-09-09T13:12:09.000Z
"9/9/2024, 9:17:09 AM",3.665,76.6,100,0,2024-09-09T13:17:09.000Z
"9/9/2024, 9:22:09 AM",3.665,77.2,100,0,2024-09-09T13:22:09.000Z
"9/9/2024, 9:27:09 AM",3.666,77.5,100,0,2024-09-09T13:27:09.000Z
"9/9/2024, 9:32:09 AM",3.665,77.9,100,0,2024-09-09T13:32:09.000Z
"9/9/2024, 9:37:09 AM",3.665,78.3,100,0,2024-09-09T13:37:09.000Z
"9/9/2024, 9:42:09 AM",3.665,78.6,100,0,2024-09-09T13:42:09.000Z
"9/9/2024, 9:47:09 AM",3.665,79,100,0,2024-09-09T13:47:09.000Z
"9/9/2024, 9:52:09 AM",3.665,79.3,100,0,2024-09-09T13:52:09.000Z
"9/9/2024, 9:57:09 AM",3.665,79.9,100,0,2024-09-09T13:57:09.000Z
"9/9/2024, 10:02:09 AM",3.665,80.4,100,0,2024-09-09T14:02:09.000Z
"9/9/2024, 10:07:09 AM",3.665,81,100,0,2024-09-09T14:07:09.000Z
"9/9/2024, 10:12:09 AM",3.665,81.7,100,0,2024-09-09T14:12:09.000Z
"9/9/2024, 10:17:09 AM",3.665,82.2,100,0,2024-09-09T14:17:09.000Z
"9/9/2024, 10:22:09 AM",3.665,82.9,100,0,2024-09-09T14:22:09.000Z
"9/9/2024, 10:27:09 AM",3.665,83.5,100,0,2024-09-09T14:27:09.000Z
"9/9/2024, 10:32:09 AM",3.665,84,100,0,2024-09-09T14:32:09.000Z
"9/9/2024, 10:37:09 AM",3.664,84.2,100,0,2024-09-09T14:37:09.000Z
"9/9/2024, 10:42:09 AM",3.664,84.6,100,0,2024-09-09T14:42:09.000Z
"9/9/2024, 10:47:09 AM",3.665,84.7,100,0,2024-09-09T14:47:09.000Z
"9/9/2024, 10:52:09 AM",3.664,84.9,100,0,2024-09-09T14:52:09.000Z
"9/9/2024, 10:57:09 AM",3.665,85.3,100,0,2024-09-09T14:57:09.000Z
"9/9/2024, 11:02:09 AM",3.664,85.6,100,0,2024-09-09T15:02:09.000Z
"9/9/2024, 11:07:09 AM",3.664,86.2,100,0,2024-09-09T15:07:09.000Z
"9/9/2024, 11:12:09 AM",3.664,86.4,100,0,2024-09-09T15:12:09.000Z
"9/9/2024, 11:17:09 AM",3.664,86.5,100,0,2024-09-09T15:17:09.000Z
"9/9/2024, 11:22:09 AM",3.664,86.7,100,0,2024-09-09T15:22:09.000Z
"9/9/2024, 11:27:09 AM",3.664,86.9,100,0,2024-09-09T15:27:09.000Z
"9/9/2024, 11:32:09 AM",3.664,87.4,100,0,2024-09-09T15:32:09.000Z
"9/9/2024, 11:37:09 AM",3.664,87.8,100,0,2024-09-09T15:37:09.000Z
"9/9/2024, 11:42:09 AM",3.664,88.3,100,0,2024-09-09T15:42:09.000Z
"9/9/2024, 11:47:09 AM",3.664,88.9,100,0,2024-09-09T15:47:09.000Z
"9/9/2024, 11:52:09 AM",3.664,88.9,100,0,2024-09-09T15:52:09.000Z
"9/9/2024, 11:57:09 AM",3.664,89.1,100,0,2024-09-09T15:57:09.000Z
"9/9/2024, 12:02:09 PM",3.664,89.6,100,0,2024-09-09T16:02:09.000Z
"9/9/2024, 12:07:09 PM",3.664,90,100,0,2024-09-09T16:07:09.000Z
"9/9/2024, 12:12:09 PM",3.663,90.1,100,0,2024-09-09T16:12:09.000Z
"9/9/2024, 12:17:09 PM",3.663,90.3,100,0,2024-09-09T16:17:09.000Z
"9/9/2024, 12:22:09 PM",3.663,90.5,100,0,2024-09-09T16:22:09.000Z
"9/9/2024, 12:27:09 PM",3.663,90.5,100,0,2024-09-09T16:27:09.000Z
"9/9/2024, 12:32:09 PM",3.663,90.7,100,0,2024-09-09T16:32:09.000Z
"9/9/2024, 12:37:09 PM",3.664,91,100,0,2024-09-09T16:37:09.000Z
"9/9/2024, 12:42:09 PM",3.663,91.4,100,0,2024-09-09T16:42:09.000Z
"9/9/2024, 12:47:09 PM",3.663,91.8,100,0,2024-09-09T16:47:09.000Z
"9/9/2024, 12:52:09 PM",3.663,92.1,100,0,2024-09-09T16:52:09.000Z
"9/9/2024, 12:57:09 PM",3.663,92.3,100,0,2024-09-09T16:57:09.000Z
"9/9/2024, 1:02:09 PM",3.663,89.4,100,0,2024-09-09T17:02:09.000Z
EVENTS:
"9/9/2024, 1:02:09 PM",Stop Log,H2S (PPM)
LABELS:
