Instrument:,H2S-240708934
Time Zone Offset (Minutes):,-240
Orignal File Name:,C:\Users\phil.bennington\OneDrive - City of Dayton\G-Drive\Phil.Bennington\CLARKSON_UNIVERSITY_PhD Program\Dissertation\H2S-240708934_10-08-25.acrudata
Session ID:,53491
Session 1st Title:,H2S-240708934_10-08-25
Session Start:,"9/12/2025, 7:23:08 AM"
Session End:,"10/8/2025, 8:08:08 AM"

Time Stamp,Battery (Volts),Temperature (°F),Humidity (%),H2S (PPM),ISO time
"9/12/2025, 7:23:08 AM",3.629,73.2,58.9,0,2025-09-12T11:23:08.000Z
"9/12/2025, 7:26:08 AM",3.629,73.9,58.8,0,2025-09-12T11:26:08.000Z
"9/12/2025, 7:29:08 AM",3.614,73.6,58.7,0,2025-09-12T11:29:08.000Z
"9/12/2025, 7:32:08 AM",3.619,73.2,58.5,0,2025-09-12T11:32:08.000Z
"9/12/2025, 7:35:08 AM",3.623,73,58.4,0,2025-09-12T11:35:08.000Z
"9/12/2025, 7:38:08 AM",3.625,72.9,58.2,0,2025-09-12T11:38:08.000Z
"9/12/2025, 7:41:08 AM",3.625,72.7,58.1,0,2025-09-12T11:41:08.000Z
"9/12/2025, 7:44:08 AM",3.626,72.5,58,0,2025-09-12T11:44:08.000Z
"9/12/2025, 7:47:08 AM",3.627,72.3,57.9,0,2025-09-12T11:47:08.000Z
"9/12/2025, 7:50:08 AM",3.627,72.3,57.9,0,2025-09-12T11:50:08.000Z
"9/12/2025, 7:53:08 AM",3.628,72.1,57.9,0,2025-09-12T11:53:08.000Z
"9/12/2025, 7:56:08 AM",3.628,72.1,57.8,0,2025-09-12T11:56:08.000Z
"9/12/2025, 7:59:08 AM",3.628,72,57.8,0,2025-09-12T11:59:08.000Z
"9/12/2025, 8:02:08 AM",3.628,72,57.8,0,2025-09-12T12:02:08.000Z
"9/12/2025, 8:05:08 AM",3.628,71.8,57.8,0,2025-09-12T12:05:08.000Z
"9/12/2025, 8:08:08 AM",3.628,71.8,57.8,0,2025-09-12T12:08:08.000Z
"9/12/2025, 8:11:08 AM",3.628,71.8,57.8,0,2025-09-12T12:11:08.000Z
"9/12/2025, 8:14:08 AM",3.628,71.8,57.8,0,2025-09-12T12:14:08.000Z
"9/12/2025, 8:17:08 AM",3.628,71.6,57.9,0,2025-09-12T12:17:08.000Z
"9/12/2025, 8:20:08 AM",3.628,71.6,57.8,0,2025-09-12T12:20:08.000Z
"9/12/2025, 8:23:08 AM",3.628,71.6,57.9,0,2025-09-12T12:23:08.000Z
"9/12/2025, 8:26:08 AM",3.628,71.6,57.9,0,2025-09-12T12:26:08.000Z
"9/12/2025, 8:29:08 AM",3.628,71.6,57.9,0,2025-09-12T12:29:08.000Z
"9/12/2025, 8:32:08 AM",3.628,71.6,57.9,0,2025-09-12T12:32:08.000Z
"9/12/2025, 8:35:08 AM",3.628,71.6,57.9,0,2025-09-12T12:35:08.000Z
"9/12/2025, 8:38:08 AM",3.627,71.6,58,0,2025-09-12T12:38:08.000Z
"9/12/2025, 8:41:08 AM",3.628,71.6,58,0,2025-09-12T12:41:08.000Z
"9/12/2025, 8:44:08 AM",3.628,71.6,58,0,2025-09-12T12:44:08.000Z
"9/12/2025, 8:47:08 AM",3.628,71.8,58.1,0,2025-09-12T12:47:08.000Z
"9/12/2025, 8:50:08 AM",3.628,71.8,58.1,0,2025-09-12T12:50:08.000Z
"9/12/2025, 8:53:08 AM",3.628,71.8,58.1,0,2025-09-12T12:53:08.000Z
"9/12/2025, 8:56:08 AM",3.628,71.8,58.1,0,2025-09-12T12:56:08.000Z
"9/12/2025, 8:59:08 AM",3.628,71.8,58.1,0,2025-09-12T12:59:08.000Z
"9/12/2025, 9:02:08 AM",3.628,71.8,58.1,0,2025-09-12T13:02:08.000Z
"9/12/2025, 9:05:08 AM",3.628,72,58.1,0,2025-09-12T13:05:08.000Z
"9/12/2025, 9:08:08 AM",3.628,72,58.2,0,2025-09-12T13:08:08.000Z
"9/12/2025, 9:11:08 AM",3.628,72,58.2,0,2025-09-12T13:11:08.000Z
"9/12/2025, 9:14:08 AM",3.628,72,58.2,0,2025-09-12T13:14:08.000Z
"9/12/2025, 9:17:08 AM",3.628,72.1,58.2,0,2025-09-12T13:17:08.000Z
"9/12/2025, 9:20:08 AM",3.628,72.1,58.2,0,2025-09-12T13:20:08.000Z
"9/12/2025, 9:23:08 AM",3.628,72.1,58.2,0,2025-09-12T13:23:08.000Z
"9/12/2025, 9:26:08 AM",3.628,72.1,58.2,0,2025-09-12T13:26:08.000Z
"9/12/2025, 9:29:08 AM",3.628,72.1,58.1,0,2025-09-12T13:29:08.000Z
"9/12/2025, 9:32:08 AM",3.628,72.1,58.1,0,2025-09-12T13:32:08.000Z
"9/12/2025, 9:35:08 AM",3.628,72.3,58.1,0,2025-09-12T13:35:08.000Z
"9/12/2025, 9:38:08 AM",3.628,72.3,58.1,0,2025-09-12T13:38:08.000Z
"9/12/2025, 9:41:08 AM",3.628,72.3,58.1,0,2025-09-12T13:41:08.000Z
"9/12/2025, 9:44:08 AM",3.628,72.3,58,0,2025-09-12T13:44:08.000Z
"9/12/2025, 9:47:08 AM",3.628,72.3,57.9,0,2025-09-12T13:47:08.000Z
"9/12/2025, 9:50:08 AM",3.628,72.3,57.9,0,2025-09-12T13:50:08.000Z
"9/12/2025, 9:53:08 AM",3.628,72.3,57.9,0,2025-09-12T13:53:08.000Z
"9/12/2025, 9:56:08 AM",3.628,72.1,57.8,0,2025-09-12T13:56:08.000Z
"9/12/2025, 9:59:08 AM",3.628,72.1,57.8,0,2025-09-12T13:59:08.000Z
"9/12/2025, 10:02:08 AM",3.628,72.1,57.7,0,2025-09-12T14:02:08.000Z
"9/12/2025, 10:05:08 AM",3.628,72.1,57.7,0,2025-09-12T14:05:08.000Z
"9/12/2025, 10:08:08 AM",3.628,72.1,57.7,0,2025-09-12T14:08:08.000Z
"9/12/2025, 10:11:08 AM",3.628,72.1,57.7,0,2025-09-12T14:11:08.000Z
"9/12/2025, 10:14:08 AM",3.628,72.1,57.7,0,2025-09-12T14:14:08.000Z
"9/12/2025, 10:17:08 AM",3.628,72,57.7,0,2025-09-12T14:17:08.000Z
"9/12/2025, 10:20:08 AM",3.628,72,57.6,0,2025-09-12T14:20:08.000Z
"9/12/2025, 10:23:08 AM",3.628,72,57.6,0,2025-09-12T14:23:08.000Z
"9/12/2025, 10:26:08 AM",3.628,72.3,57.4,0,2025-09-12T14:26:08.000Z
"9/12/2025, 10:29:08 AM",3.628,75.9,57.4,0,2025-09-12T14:29:08.000Z
"9/12/2025, 10:32:08 AM",3.628,80.1,57.3,0,2025-09-12T14:32:08.000Z
"9/12/2025, 10:35:08 AM",3.628,79.7,58.3,0,2025-09-12T14:35:08.000Z
"9/12/2025, 10:38:08 AM",3.629,80.4,61.4,0,2025-09-12T14:38:08.000Z
"9/12/2025, 10:41:08 AM",3.628,81.3,64.3,0,2025-09-12T14:41:08.000Z
"9/12/2025, 10:44:08 AM",3.629,82.2,66.8,0,2025-09-12T14:44:08.000Z
"9/12/2025, 10:47:08 AM",3.629,83.1,69,0,2025-09-12T14:47:08.000Z
"9/12/2025, 10:50:08 AM",3.629,84,70.8,0,2025-09-12T14:50:08.000Z
"9/12/2025, 10:53:08 AM",3.629,84.7,72.3,0,2025-09-12T14:53:08.000Z
"9/12/2025, 10:56:08 AM",3.628,85.5,73.6,0,2025-09-12T14:56:08.000Z
"9/12/2025, 10:59:08 AM",3.629,86,74.8,0,2025-09-12T14:59:08.000Z
"9/12/2025, 11:02:08 AM",3.629,86.5,75.9,0,2025-09-12T15:02:08.000Z
"9/12/2025, 11:05:08 AM",3.629,87.1,76.8,0,2025-09-12T15:05:08.000Z
"9/12/2025, 11:08:08 AM",3.629,87.6,77.6,0,2025-09-12T15:08:08.000Z
"9/12/2025, 11:11:08 AM",3.629,88.2,78.3,0,2025-09-12T15:11:08.000Z
"9/12/2025, 11:14:08 AM",3.629,88.7,79,0,2025-09-12T15:14:08.000Z
"9/12/2025, 11:17:08 AM",3.629,89.1,79.6,0,2025-09-12T15:17:08.000Z
"9/12/2025, 11:20:08 AM",3.629,89.4,80.1,0,2025-09-12T15:20:08.000Z
"9/12/2025, 11:23:08 AM",3.629,89.6,80.5,0,2025-09-12T15:23:08.000Z
"9/12/2025, 11:26:08 AM",3.629,90,80.9,0,2025-09-12T15:26:08.000Z
"9/12/2025, 11:29:08 AM",3.629,90.3,81.3,0,2025-09-12T15:29:08.000Z
"9/12/2025, 11:32:08 AM",3.629,90.5,81.7,0,2025-09-12T15:32:08.000Z
"9/12/2025, 11:35:08 AM",3.629,90.9,82,0,2025-09-12T15:35:08.000Z
"9/12/2025, 11:38:08 AM",3.629,91.2,82.3,0,2025-09-12T15:38:08.000Z
"9/12/2025, 11:41:08 AM",3.629,91.4,82.6,0,2025-09-12T15:41:08.000Z
"9/12/2025, 11:44:08 AM",3.629,91.6,82.8,0,2025-09-12T15:44:08.000Z
"9/12/2025, 11:47:08 AM",3.63,91.9,83.1,0,2025-09-12T15:47:08.000Z
"9/12/2025, 11:50:08 AM",3.629,92.1,83.3,0,2025-09-12T15:50:08.000Z
"9/12/2025, 11:53:08 AM",3.629,92.7,83.5,0,2025-09-12T15:53:08.000Z
"9/12/2025, 11:56:08 AM",3.63,92.8,83.7,0,2025-09-12T15:56:08.000Z
"9/12/2025, 11:59:08 AM",3.63,93.2,83.9,0,2025-09-12T15:59:08.000Z
"9/12/2025, 12:02:08 PM",3.629,93.4,84.1,0,2025-09-12T16:02:08.000Z
"9/12/2025, 12:05:08 PM",3.629,93.7,84.3,0,2025-09-12T16:05:08.000Z
"9/12/2025, 12:08:08 PM",3.63,93.9,84.4,0,2025-09-12T16:08:08.000Z
"9/12/2025, 12:11:08 PM",3.63,93.9,84.5,0,2025-09-12T16:11:08.000Z
"9/12/2025, 12:14:08 PM",3.63,94.1,84.5,0,2025-09-12T16:14:08.000Z
"9/12/2025, 12:17:08 PM",3.63,94.5,84.6,0,2025-09-12T16:17:08.000Z
"9/12/2025, 12:20:08 PM",3.63,94.6,84.5,0,2025-09-12T16:20:08.000Z
"9/12/2025, 12:23:08 PM",3.63,95,84.5,0,2025-09-12T16:23:08.000Z
"9/12/2025, 12:26:08 PM",3.63,95.2,84.3,0,2025-09-12T16:26:08.000Z
"9/12/2025, 12:29:08 PM",3.63,95.4,84.1,0,2025-09-12T16:29:08.000Z
"9/12/2025, 12:32:08 PM",3.63,95.7,84,0,2025-09-12T16:32:08.000Z
"9/12/2025, 12:35:08 PM",3.63,95.9,83.8,0,2025-09-12T16:35:08.000Z
"9/12/2025, 12:38:08 PM",3.63,96.3,83.7,0,2025-09-12T16:38:08.000Z
"9/12/2025, 12:41:08 PM",3.63,96.6,83.6,0,2025-09-12T16:41:08.000Z
"9/12/2025, 12:44:08 PM",3.63,96.8,83.6,0,2025-09-12T16:44:08.000Z
"9/12/2025, 12:47:08 PM",3.63,97.2,83.5,0,2025-09-12T16:47:08.000Z
"9/12/2025, 12:50:08 PM",3.63,97.5,83.5,0,2025-09-12T16:50:08.000Z
"9/12/2025, 12:53:08 PM",3.63,97.7,83.4,0,2025-09-12T16:53:08.000Z
"9/12/2025, 12:56:08 PM",3.63,97.9,83.2,0,2025-09-12T16:56:08.000Z
"9/12/2025, 12:59:08 PM",3.631,98.1,83,0,2025-09-12T16:59:08.000Z
"9/12/2025, 1:02:08 PM",3.63,98.2,82.8,0,2025-09-12T17:02:08.000Z
"9/12/2025, 1:05:08 PM",3.631,98.6,82.6,0,2025-09-12T17:05:08.000Z
"9/12/2025, 1:08:08 PM",3.63,98.8,82.4,0,2025-09-12T17:08:08.000Z
"9/12/2025, 1:11:08 PM",3.631,99,82.3,0,2025-09-12T17:11:08.000Z
"9/12/2025, 1:14:08 PM",3.631,99.3,82.2,0,2025-09-12T17:14:08.000Z
"9/12/2025, 1:17:08 PM",3.631,99.5,82.1,0,2025-09-12T17:17:08.000Z
"9/12/2025, 1:20:08 PM",3.631,99.7,82,0,2025-09-12T17:20:08.000Z
"9/12/2025, 1:23:08 PM",3.631,99.9,82,0,2025-09-12T17:23:08.000Z
"9/12/2025, 1:26:08 PM",3.631,100,81.9,0,2025-09-12T17:26:08.000Z
"9/12/2025, 1:29:08 PM",3.631,100.4,81.8,0,2025-09-12T17:29:08.000Z
"9/12/2025, 1:32:08 PM",3.631,100.6,81.7,0,2025-09-12T17:32:08.000Z
"9/12/2025, 1:35:08 PM",3.631,100.8,81.6,0,2025-09-12T17:35:08.000Z
"9/12/2025, 1:38:08 PM",3.631,101.1,81.5,0,2025-09-12T17:38:08.000Z
"9/12/2025, 1:41:08 PM",3.631,101.3,81.5,0,2025-09-12T17:41:08.000Z
"9/12/2025, 1:44:08 PM",3.631,101.5,81.4,0,2025-09-12T17:44:08.000Z
"9/12/2025, 1:47:08 PM",3.631,101.7,81.4,0,2025-09-12T17:47:08.000Z
"9/12/2025, 1:50:08 PM",3.631,101.8,81.4,0,2025-09-12T17:50:08.000Z
"9/12/2025, 1:53:08 PM",3.631,101.8,81.2,0,2025-09-12T17:53:08.000Z
"9/12/2025, 1:56:08 PM",3.632,102,81,0,2025-09-12T17:56:08.000Z
"9/12/2025, 1:59:08 PM",3.632,102.2,80.8,0,2025-09-12T17:59:08.000Z
"9/12/2025, 2:02:08 PM",3.631,102.4,80.7,0,2025-09-12T18:02:08.000Z
"9/12/2025, 2:05:08 PM",3.631,102.6,80.6,0,2025-09-12T18:05:08.000Z
"9/12/2025, 2:08:08 PM",3.632,102.7,80.5,0,2025-09-12T18:08:08.000Z
"9/12/2025, 2:11:08 PM",3.632,102.7,80.4,0,2025-09-12T18:11:08.000Z
"9/12/2025, 2:14:08 PM",3.632,102.9,80.3,0,2025-09-12T18:14:08.000Z
"9/12/2025, 2:17:08 PM",3.632,102.9,80.2,0,2025-09-12T18:17:08.000Z
"9/12/2025, 2:20:08 PM",3.632,102.9,80,0,2025-09-12T18:20:08.000Z
"9/12/2025, 2:23:08 PM",3.632,103.1,79.9,0,2025-09-12T18:23:08.000Z
"9/12/2025, 2:26:08 PM",3.632,103.3,79.8,0,2025-09-12T18:26:08.000Z
"9/12/2025, 2:29:08 PM",3.632,103.3,79.6,0,2025-09-12T18:29:08.000Z
"9/12/2025, 2:32:08 PM",3.632,103.5,79.5,0,2025-09-12T18:32:08.000Z
"9/12/2025, 2:35:08 PM",3.632,103.5,79.4,0,2025-09-12T18:35:08.000Z
"9/12/2025, 2:38:08 PM",3.632,103.6,79.2,0,2025-09-12T18:38:08.000Z
"9/12/2025, 2:41:08 PM",3.632,103.6,79,0,2025-09-12T18:41:08.000Z
"9/12/2025, 2:44:08 PM",3.632,103.6,78.8,0,2025-09-12T18:44:08.000Z
"9/12/2025, 2:47:08 PM",3.632,103.6,78.5,0,2025-09-12T18:47:08.000Z
"9/12/2025, 2:50:08 PM",3.633,103.6,78.3,0,2025-09-12T18:50:08.000Z
"9/12/2025, 2:53:08 PM",3.633,103.6,78,0,2025-09-12T18:53:08.000Z
"9/12/2025, 2:56:08 PM",3.632,103.6,77.8,0,2025-09-12T18:56:08.000Z
"9/12/2025, 2:59:08 PM",3.633,103.8,77.6,0,2025-09-12T18:59:08.000Z
"9/12/2025, 3:02:08 PM",3.633,103.8,77.5,0,2025-09-12T19:02:08.000Z
"9/12/2025, 3:05:08 PM",3.633,103.8,77.4,0,2025-09-12T19:05:08.000Z
"9/12/2025, 3:08:08 PM",3.633,103.8,77.2,0,2025-09-12T19:08:08.000Z
"9/12/2025, 3:11:08 PM",3.633,103.8,77.1,0,2025-09-12T19:11:08.000Z
"9/12/2025, 3:14:08 PM",3.633,103.6,76.9,0,2025-09-12T19:14:08.000Z
"9/12/2025, 3:17:08 PM",3.633,103.6,76.7,0,2025-09-12T19:17:08.000Z
"9/12/2025, 3:20:08 PM",3.633,103.5,76.4,0,2025-09-12T19:20:08.000Z
"9/12/2025, 3:23:08 PM",3.633,103.5,76.2,0,2025-09-12T19:23:08.000Z
"9/12/2025, 3:26:08 PM",3.632,103.5,76.2,0.4,2025-09-12T19:26:08.000Z
"9/12/2025, 3:29:08 PM",3.633,103.5,76.1,0,2025-09-12T19:29:08.000Z
"9/12/2025, 3:32:08 PM",3.633,103.5,76.1,0,2025-09-12T19:32:08.000Z
"9/12/2025, 3:35:08 PM",3.633,103.5,76.1,0,2025-09-12T19:35:08.000Z
"9/12/2025, 3:38:08 PM",3.634,103.6,76,0,2025-09-12T19:38:08.000Z
"9/12/2025, 3:41:08 PM",3.634,103.6,75.9,0,2025-09-12T19:41:08.000Z
"9/12/2025, 3:44:08 PM",3.633,103.8,75.8,0,2025-09-12T19:44:08.000Z
"9/12/2025, 3:47:08 PM",3.634,103.8,75.8,0,2025-09-12T19:47:08.000Z
"9/12/2025, 3:50:08 PM",3.633,103.8,75.8,0,2025-09-12T19:50:08.000Z
"9/12/2025, 3:53:08 PM",3.634,104,75.8,0,2025-09-12T19:53:08.000Z
"9/12/2025, 3:56:08 PM",3.633,104,75.9,0,2025-09-12T19:56:08.000Z
"9/12/2025, 3:59:08 PM",3.633,104,75.9,0,2025-09-12T19:59:08.000Z
"9/12/2025, 4:02:08 PM",3.634,104,76,0,2025-09-12T20:02:08.000Z
"9/12/2025, 4:05:08 PM",3.634,104.2,76,0,2025-09-12T20:05:08.000Z
"9/12/2025, 4:08:08 PM",3.634,104.2,76,0,2025-09-12T20:08:08.000Z
"9/12/2025, 4:11:08 PM",3.634,104.2,75.9,0,2025-09-12T20:11:08.000Z
"9/12/2025, 4:14:08 PM",3.634,104.2,75.9,0,2025-09-12T20:14:08.000Z
"9/12/2025, 4:17:08 PM",3.634,104.2,75.8,0,2025-09-12T20:17:08.000Z
"9/12/2025, 4:20:08 PM",3.634,104.2,75.8,0,2025-09-12T20:20:08.000Z
"9/12/2025, 4:23:08 PM",3.634,104.2,75.8,0,2025-09-12T20:23:08.000Z
"9/12/2025, 4:26:08 PM",3.634,104.2,75.8,0,2025-09-12T20:26:08.000Z
"9/12/2025, 4:29:08 PM",3.634,104,75.7,0,2025-09-12T20:29:08.000Z
"9/12/2025, 4:32:08 PM",3.634,104,75.7,0,2025-09-12T20:32:08.000Z
"9/12/2025, 4:35:08 PM",3.634,104,75.7,0,2025-09-12T20:35:08.000Z
"9/12/2025, 4:38:08 PM",3.634,104,75.6,0,2025-09-12T20:38:08.000Z
"9/12/2025, 4:41:08 PM",3.634,104,75.5,0,2025-09-12T20:41:08.000Z
"9/12/2025, 4:44:08 PM",3.634,103.8,75.3,0,2025-09-12T20:44:08.000Z
"9/12/2025, 4:47:08 PM",3.634,103.8,75.3,0,2025-09-12T20:47:08.000Z
"9/12/2025, 4:50:08 PM",3.634,103.8,75.3,0,2025-09-12T20:50:08.000Z
"9/12/2025, 4:53:08 PM",3.634,103.8,75.3,0,2025-09-12T20:53:08.000Z
"9/12/2025, 4:56:08 PM",3.634,103.6,75.4,0,2025-09-12T20:56:08.000Z
"9/12/2025, 4:59:08 PM",3.634,103.6,75.3,0,2025-09-12T20:59:08.000Z
"9/12/2025, 5:02:08 PM",3.634,103.6,75.4,0,2025-09-12T21:02:08.000Z
"9/12/2025, 5:05:08 PM",3.634,103.5,75.4,0,2025-09-12T21:05:08.000Z
"9/12/2025, 5:08:08 PM",3.635,103.5,75.4,0,2025-09-12T21:08:08.000Z
"9/12/2025, 5:11:08 PM",3.634,103.3,75.4,0,2025-09-12T21:11:08.000Z
"9/12/2025, 5:14:08 PM",3.635,103.1,75.3,0,2025-09-12T21:14:08.000Z
"9/12/2025, 5:17:08 PM",3.634,103.1,75.3,0,2025-09-12T21:17:08.000Z
"9/12/2025, 5:20:08 PM",3.634,102.9,75.4,0,2025-09-12T21:20:08.000Z
"9/12/2025, 5:23:08 PM",3.635,102.7,75.4,0,2025-09-12T21:23:08.000Z
"9/12/2025, 5:26:08 PM",3.635,102.6,75.5,0,2025-09-12T21:26:08.000Z
"9/12/2025, 5:29:08 PM",3.634,102.4,75.5,0,2025-09-12T21:29:08.000Z
"9/12/2025, 5:32:08 PM",3.634,102.4,75.5,0,2025-09-12T21:32:08.000Z
"9/12/2025, 5:35:08 PM",3.634,102.2,75.6,0,2025-09-12T21:35:08.000Z
"9/12/2025, 5:38:08 PM",3.635,102,75.7,0,2025-09-12T21:38:08.000Z
"9/12/2025, 5:41:08 PM",3.635,101.8,75.7,0,2025-09-12T21:41:08.000Z
"9/12/2025, 5:44:08 PM",3.634,101.7,75.8,0,2025-09-12T21:44:08.000Z
"9/12/2025, 5:47:08 PM",3.635,101.3,75.9,0,2025-09-12T21:47:08.000Z
"9/12/2025, 5:50:08 PM",3.635,101.1,76,0,2025-09-12T21:50:08.000Z
"9/12/2025, 5:53:08 PM",3.634,100.8,76.1,0,2025-09-12T21:53:08.000Z
"9/12/2025, 5:56:08 PM",3.635,100.6,76.3,0,2025-09-12T21:56:08.000Z
"9/12/2025, 5:59:08 PM",3.635,100.2,76.4,0,2025-09-12T21:59:08.000Z
"9/12/2025, 6:02:08 PM",3.635,99.9,76.6,0,2025-09-12T22:02:08.000Z
"9/12/2025, 6:05:08 PM",3.634,99.7,76.7,0,2025-09-12T22:05:08.000Z
"9/12/2025, 6:08:08 PM",3.634,99.3,76.9,0,2025-09-12T22:08:08.000Z
"9/12/2025, 6:11:08 PM",3.634,99,77,0,2025-09-12T22:11:08.000Z
"9/12/2025, 6:14:08 PM",3.634,98.6,77.2,0,2025-09-12T22:14:08.000Z
"9/12/2025, 6:17:08 PM",3.635,98.2,77.4,0,2025-09-12T22:17:08.000Z
"9/12/2025, 6:20:08 PM",3.634,97.9,77.7,0,2025-09-12T22:20:08.000Z
"9/12/2025, 6:23:08 PM",3.635,97.5,77.9,0,2025-09-12T22:23:08.000Z
"9/12/2025, 6:26:08 PM",3.635,97.2,78.1,0,2025-09-12T22:26:08.000Z
"9/12/2025, 6:29:08 PM",3.635,96.8,78.3,0,2025-09-12T22:29:08.000Z
"9/12/2025, 6:32:08 PM",3.634,96.4,78.4,0,2025-09-12T22:32:08.000Z
"9/12/2025, 6:35:08 PM",3.635,96.1,78.6,0,2025-09-12T22:35:08.000Z
"9/12/2025, 6:38:08 PM",3.635,95.7,78.8,0,2025-09-12T22:38:08.000Z
"9/12/2025, 6:41:08 PM",3.635,95.4,78.9,0,2025-09-12T22:41:08.000Z
"9/12/2025, 6:44:08 PM",3.635,94.8,79,0,2025-09-12T22:44:08.000Z
"9/12/2025, 6:47:08 PM",3.635,94.5,79.2,0,2025-09-12T22:47:08.000Z
"9/12/2025, 6:50:08 PM",3.635,94.1,79.4,0,2025-09-12T22:50:08.000Z
"9/12/2025, 6:53:08 PM",3.635,93.7,79.5,0,2025-09-12T22:53:08.000Z
"9/12/2025, 6:56:08 PM",3.635,93.4,79.7,0,2025-09-12T22:56:08.000Z
"9/12/2025, 6:59:08 PM",3.635,93,79.9,0,2025-09-12T22:59:08.000Z
"9/12/2025, 7:02:08 PM",3.635,92.5,80.1,0,2025-09-12T23:02:08.000Z
"9/12/2025, 7:05:08 PM",3.635,92.1,80.3,0,2025-09-12T23:05:08.000Z
"9/12/2025, 7:08:08 PM",3.635,91.8,80.5,0,2025-09-12T23:08:08.000Z
"9/12/2025, 7:11:08 PM",3.635,91.4,80.7,0,2025-09-12T23:11:08.000Z
"9/12/2025, 7:14:08 PM",3.635,91,80.9,0,2025-09-12T23:14:08.000Z
"9/12/2025, 7:17:08 PM",3.636,90.7,81.1,0,2025-09-12T23:17:08.000Z
"9/12/2025, 7:20:08 PM",3.635,90.3,81.3,0,2025-09-12T23:20:08.000Z
"9/12/2025, 7:23:08 PM",3.635,90,81.5,0,2025-09-12T23:23:08.000Z
"9/12/2025, 7:26:08 PM",3.635,89.6,81.6,0,2025-09-12T23:26:08.000Z
"9/12/2025, 7:29:08 PM",3.635,89.2,81.9,0,2025-09-12T23:29:08.000Z
"9/12/2025, 7:32:08 PM",3.635,88.9,82.1,0,2025-09-12T23:32:08.000Z
"9/12/2025, 7:35:08 PM",3.636,88.5,82.3,0,2025-09-12T23:35:08.000Z
"9/12/2025, 7:38:08 PM",3.636,88.3,82.4,0,2025-09-12T23:38:08.000Z
"9/12/2025, 7:41:08 PM",3.635,88,82.6,0,2025-09-12T23:41:08.000Z
"9/12/2025, 7:44:08 PM",3.636,87.6,82.7,0,2025-09-12T23:44:08.000Z
"9/12/2025, 7:47:08 PM",3.635,87.3,82.9,0,2025-09-12T23:47:08.000Z
"9/12/2025, 7:50:08 PM",3.635,86.9,83,0,2025-09-12T23:50:08.000Z
"9/12/2025, 7:53:08 PM",3.636,86.7,83.2,0,2025-09-12T23:53:08.000Z
"9/12/2025, 7:56:08 PM",3.635,86.5,83.4,0,2025-09-12T23:56:08.000Z
"9/12/2025, 7:59:08 PM",3.635,86.2,83.5,0,2025-09-12T23:59:08.000Z
"9/12/2025, 8:02:08 PM",3.636,86,83.6,0,2025-09-13T00:02:08.000Z
"9/12/2025, 8:05:08 PM",3.636,85.6,83.8,0,2025-09-13T00:05:08.000Z
"9/12/2025, 8:08:08 PM",3.636,85.5,84,0,2025-09-13T00:08:08.000Z
"9/12/2025, 8:11:08 PM",3.636,85.3,84.2,0,2025-09-13T00:11:08.000Z
"9/12/2025, 8:14:08 PM",3.636,85.1,84.3,0,2025-09-13T00:14:08.000Z
"9/12/2025, 8:17:08 PM",3.636,84.9,84.5,0,2025-09-13T00:17:08.000Z
"9/12/2025, 8:20:08 PM",3.636,84.7,84.7,0,2025-09-13T00:20:08.000Z
"9/12/2025, 8:23:08 PM",3.636,84.7,84.9,0,2025-09-13T00:23:08.000Z
"9/12/2025, 8:26:08 PM",3.636,84.6,85,0,2025-09-13T00:26:08.000Z
"9/12/2025, 8:29:08 PM",3.636,84.4,85.2,0,2025-09-13T00:29:08.000Z
"9/12/2025, 8:32:08 PM",3.636,84.2,85.4,0,2025-09-13T00:32:08.000Z
"9/12/2025, 8:35:08 PM",3.636,84,85.5,0,2025-09-13T00:35:08.000Z
"9/12/2025, 8:38:08 PM",3.636,84,85.7,0,2025-09-13T00:38:08.000Z
"9/12/2025, 8:41:08 PM",3.636,83.8,85.8,0,2025-09-13T00:41:08.000Z
"9/12/2025, 8:44:08 PM",3.636,83.7,86,0,2025-09-13T00:44:08.000Z
"9/12/2025, 8:47:08 PM",3.636,83.5,86.1,0,2025-09-13T00:47:08.000Z
"9/12/2025, 8:50:08 PM",3.636,83.3,86.2,0,2025-09-13T00:50:08.000Z
"9/12/2025, 8:53:08 PM",3.636,83.3,86.3,0,2025-09-13T00:53:08.000Z
"9/12/2025, 8:56:08 PM",3.636,83.1,86.5,0,2025-09-13T00:56:08.000Z
"9/12/2025, 8:59:08 PM",3.636,82.9,86.7,0,2025-09-13T00:59:08.000Z
"9/12/2025, 9:02:08 PM",3.636,82.9,86.7,0,2025-09-13T01:02:08.000Z
"9/12/2025, 9:05:08 PM",3.636,82.8,86.9,0,2025-09-13T01:05:08.000Z
"9/12/2025, 9:08:08 PM",3.635,82.8,87,0,2025-09-13T01:08:08.000Z
"9/12/2025, 9:11:08 PM",3.636,82.6,87.1,0,2025-09-13T01:11:08.000Z
"9/12/2025, 9:14:08 PM",3.636,82.4,87.2,0,2025-09-13T01:14:08.000Z
"9/12/2025, 9:17:08 PM",3.636,82.2,87.3,0,2025-09-13T01:17:08.000Z
"9/12/2025, 9:20:08 PM",3.636,82,87.4,0,2025-09-13T01:20:08.000Z
"9/12/2025, 9:23:08 PM",3.636,81.9,87.4,0,2025-09-13T01:23:08.000Z
"9/12/2025, 9:26:08 PM",3.636,81.7,87.5,0,2025-09-13T01:26:08.000Z
"9/12/2025, 9:29:08 PM",3.636,81.5,87.6,0,2025-09-13T01:29:08.000Z
"9/12/2025, 9:32:08 PM",3.636,81.3,87.7,0,2025-09-13T01:32:08.000Z
"9/12/2025, 9:35:08 PM",3.636,81,87.7,0,2025-09-13T01:35:08.000Z
"9/12/2025, 9:38:08 PM",3.636,81,87.8,0,2025-09-13T01:38:08.000Z
"9/12/2025, 9:41:08 PM",3.636,80.6,87.8,0,2025-09-13T01:41:08.000Z
"9/12/2025, 9:44:08 PM",3.636,80.4,87.9,0,2025-09-13T01:44:08.000Z
"9/12/2025, 9:47:08 PM",3.636,80.4,87.9,0,2025-09-13T01:47:08.000Z
"9/12/2025, 9:50:08 PM",3.636,80.2,88,0,2025-09-13T01:50:08.000Z
"9/12/2025, 9:53:08 PM",3.636,80.1,88,0,2025-09-13T01:53:08.000Z
"9/12/2025, 9:56:08 PM",3.636,80.1,88.1,0,2025-09-13T01:56:08.000Z
"9/12/2025, 9:59:08 PM",3.636,79.9,88.1,0,2025-09-13T01:59:08.000Z
"9/12/2025, 10:02:08 PM",3.636,79.7,88.2,0,2025-09-13T02:02:08.000Z
"9/12/2025, 10:05:08 PM",3.636,79.5,88.3,0,2025-09-13T02:05:08.000Z
"9/12/2025, 10:08:08 PM",3.636,79.5,88.3,0,2025-09-13T02:08:08.000Z
"9/12/2025, 10:11:08 PM",3.636,79.3,88.4,0,2025-09-13T02:11:08.000Z
"9/12/2025, 10:14:08 PM",3.636,79.2,88.5,0,2025-09-13T02:14:08.000Z
"9/12/2025, 10:17:08 PM",3.636,79.2,88.5,0,2025-09-13T02:17:08.000Z
"9/12/2025, 10:20:08 PM",3.636,79,88.6,0,2025-09-13T02:20:08.000Z
"9/12/2025, 10:23:08 PM",3.636,79,88.7,0,2025-09-13T02:23:08.000Z
"9/12/2025, 10:26:08 PM",3.636,79,88.8,0,2025-09-13T02:26:08.000Z
"9/12/2025, 10:29:08 PM",3.636,78.8,88.8,0,2025-09-13T02:29:08.000Z
"9/12/2025, 10:32:08 PM",3.636,78.6,88.9,0,2025-09-13T02:32:08.000Z
"9/12/2025, 10:35:08 PM",3.636,78.6,89,0,2025-09-13T02:35:08.000Z
"9/12/2025, 10:38:08 PM",3.636,78.4,89,0,2025-09-13T02:38:08.000Z
"9/12/2025, 10:41:08 PM",3.636,78.4,89.1,0,2025-09-13T02:41:08.000Z
"9/12/2025, 10:44:08 PM",3.636,78.3,89.1,0,2025-09-13T02:44:08.000Z
"9/12/2025, 10:47:08 PM",3.636,78.3,89.2,0,2025-09-13T02:47:08.000Z
"9/12/2025, 10:50:08 PM",3.635,78.1,89.3,0,2025-09-13T02:50:08.000Z
"9/12/2025, 10:53:08 PM",3.636,78.1,89.3,0,2025-09-13T02:53:08.000Z
"9/12/2025, 10:56:08 PM",3.636,78.1,89.4,0,2025-09-13T02:56:08.000Z
"9/12/2025, 10:59:08 PM",3.636,77.9,89.5,0,2025-09-13T02:59:08.000Z
"9/12/2025, 11:02:08 PM",3.636,77.9,89.5,0,2025-09-13T03:02:08.000Z
"9/12/2025, 11:05:08 PM",3.636,77.9,89.6,0,2025-09-13T03:05:08.000Z
"9/12/2025, 11:08:08 PM",3.636,77.7,89.6,0,2025-09-13T03:08:08.000Z
"9/12/2025, 11:11:08 PM",3.636,77.7,89.7,0,2025-09-13T03:11:08.000Z
"9/12/2025, 11:14:08 PM",3.636,77.7,89.8,0,2025-09-13T03:14:08.000Z
"9/12/2025, 11:17:08 PM",3.636,77.7,89.8,0,2025-09-13T03:17:08.000Z
"9/12/2025, 11:20:08 PM",3.636,77.5,89.8,0,2025-09-13T03:20:08.000Z
"9/12/2025, 11:23:08 PM",3.636,77.5,89.9,0,2025-09-13T03:23:08.000Z
"9/12/2025, 11:26:08 PM",3.636,77.5,90,0,2025-09-13T03:26:08.000Z
"9/12/2025, 11:29:08 PM",3.636,77.5,90,0,2025-09-13T03:29:08.000Z
"9/12/2025, 11:32:08 PM",3.636,77.5,90.1,0,2025-09-13T03:32:08.000Z
"9/12/2025, 11:35:08 PM",3.636,77.4,90.2,0,2025-09-13T03:35:08.000Z
"9/12/2025, 11:38:08 PM",3.636,77.4,90.2,0,2025-09-13T03:38:08.000Z
"9/12/2025, 11:41:08 PM",3.636,77.4,90.3,0,2025-09-13T03:41:08.000Z
"9/12/2025, 11:44:08 PM",3.636,77.2,90.3,0,2025-09-13T03:44:08.000Z
"9/12/2025, 11:47:08 PM",3.636,77.2,90.4,0,2025-09-13T03:47:08.000Z
"9/12/2025, 11:50:08 PM",3.636,77,90.5,0,2025-09-13T03:50:08.000Z
"9/12/2025, 11:53:08 PM",3.636,76.8,90.5,0,2025-09-13T03:53:08.000Z
"9/12/2025, 11:56:08 PM",3.636,76.8,90.6,0,2025-09-13T03:56:08.000Z
"9/12/2025, 11:59:08 PM",3.636,76.6,90.6,0,2025-09-13T03:59:08.000Z
"9/13/2025, 12:02:08 AM",3.635,76.6,90.7,0,2025-09-13T04:02:08.000Z
"9/13/2025, 12:05:08 AM",3.636,76.5,90.7,0,2025-09-13T04:05:08.000Z
"9/13/2025, 12:08:08 AM",3.636,76.5,90.8,0,2025-09-13T04:08:08.000Z
"9/13/2025, 12:11:08 AM",3.636,76.3,90.8,0,2025-09-13T04:11:08.000Z
"9/13/2025, 12:14:08 AM",3.636,76.1,90.9,0,2025-09-13T04:14:08.000Z
"9/13/2025, 12:17:08 AM",3.636,76.1,90.9,0,2025-09-13T04:17:08.000Z
"9/13/2025, 12:20:08 AM",3.636,75.9,91,0,2025-09-13T04:20:08.000Z
"9/13/2025, 12:23:08 AM",3.636,75.7,91.1,0,2025-09-13T04:23:08.000Z
"9/13/2025, 12:26:08 AM",3.636,75.7,91.1,0,2025-09-13T04:26:08.000Z
"9/13/2025, 12:29:08 AM",3.636,75.6,91.2,0,2025-09-13T04:29:08.000Z
"9/13/2025, 12:32:08 AM",3.636,75.6,91.2,0,2025-09-13T04:32:08.000Z
"9/13/2025, 12:35:08 AM",3.636,75.4,91.3,0,2025-09-13T04:35:08.000Z
"9/13/2025, 12:38:08 AM",3.636,75.2,91.4,0,2025-09-13T04:38:08.000Z
"9/13/2025, 12:41:08 AM",3.636,75.2,91.5,0,2025-09-13T04:41:08.000Z
"9/13/2025, 12:44:08 AM",3.636,75,91.6,0,2025-09-13T04:44:08.000Z
"9/13/2025, 12:47:08 AM",3.636,75,91.6,0,2025-09-13T04:47:08.000Z
"9/13/2025, 12:50:08 AM",3.636,74.8,91.8,0,2025-09-13T04:50:08.000Z
"9/13/2025, 12:53:08 AM",3.636,74.8,91.8,0,2025-09-13T04:53:08.000Z
"9/13/2025, 12:56:08 AM",3.636,74.7,91.9,0,2025-09-13T04:56:08.000Z
"9/13/2025, 12:59:08 AM",3.636,74.7,92,0,2025-09-13T04:59:08.000Z
"9/13/2025, 1:02:08 AM",3.636,74.5,92.1,0,2025-09-13T05:02:08.000Z
"9/13/2025, 1:05:08 AM",3.636,74.5,92.1,0,2025-09-13T05:05:08.000Z
"9/13/2025, 1:08:08 AM",3.635,74.3,92.2,0,2025-09-13T05:08:08.000Z
"9/13/2025, 1:11:08 AM",3.636,74.3,92.3,0,2025-09-13T05:11:08.000Z
"9/13/2025, 1:14:08 AM",3.636,74.3,92.3,0,2025-09-13T05:14:08.000Z
"9/13/2025, 1:17:08 AM",3.636,74.1,92.4,0,2025-09-13T05:17:08.000Z
"9/13/2025, 1:20:08 AM",3.636,74.1,92.4,0,2025-09-13T05:20:08.000Z
"9/13/2025, 1:23:08 AM",3.636,74.1,92.5,0,2025-09-13T05:23:08.000Z
"9/13/2025, 1:26:08 AM",3.636,74.1,92.6,0,2025-09-13T05:26:08.000Z
"9/13/2025, 1:29:08 AM",3.636,74.1,92.6,0,2025-09-13T05:29:08.000Z
"9/13/2025, 1:32:08 AM",3.636,74.1,92.6,0,2025-09-13T05:32:08.000Z
"9/13/2025, 1:35:08 AM",3.636,74.1,92.7,0,2025-09-13T05:35:08.000Z
"9/13/2025, 1:38:08 AM",3.636,74.1,92.7,0,2025-09-13T05:38:08.000Z
"9/13/2025, 1:41:08 AM",3.635,73.9,92.8,0,2025-09-13T05:41:08.000Z
"9/13/2025, 1:44:08 AM",3.636,73.9,92.9,0,2025-09-13T05:44:08.000Z
"9/13/2025, 1:47:08 AM",3.636,73.9,92.9,0,2025-09-13T05:47:08.000Z
"9/13/2025, 1:50:08 AM",3.636,73.9,93,0,2025-09-13T05:50:08.000Z
"9/13/2025, 1:53:08 AM",3.636,73.9,93,0,2025-09-13T05:53:08.000Z
"9/13/2025, 1:56:08 AM",3.636,73.8,93,0,2025-09-13T05:56:08.000Z
"9/13/2025, 1:59:08 AM",3.636,73.8,93.1,0,2025-09-13T05:59:08.000Z
"9/13/2025, 2:02:08 AM",3.636,73.6,93.2,0,2025-09-13T06:02:08.000Z
"9/13/2025, 2:05:08 AM",3.635,73.6,93.2,0,2025-09-13T06:05:08.000Z
"9/13/2025, 2:08:08 AM",3.636,73.4,93.2,0,2025-09-13T06:08:08.000Z
"9/13/2025, 2:11:08 AM",3.636,73.4,93.3,0,2025-09-13T06:11:08.000Z
"9/13/2025, 2:14:08 AM",3.636,73.4,93.3,0,2025-09-13T06:14:08.000Z
"9/13/2025, 2:17:08 AM",3.636,73.4,93.3,0,2025-09-13T06:17:08.000Z
"9/13/2025, 2:20:08 AM",3.635,73.2,93.4,0,2025-09-13T06:20:08.000Z
"9/13/2025, 2:23:08 AM",3.636,73.2,93.4,0,2025-09-13T06:23:08.000Z
"9/13/2025, 2:26:08 AM",3.636,73,93.4,0,2025-09-13T06:26:08.000Z
"9/13/2025, 2:29:08 AM",3.636,73,93.5,0,2025-09-13T06:29:08.000Z
"9/13/2025, 2:32:08 AM",3.635,72.9,93.6,0,2025-09-13T06:32:08.000Z
"9/13/2025, 2:35:08 AM",3.636,72.9,93.6,0,2025-09-13T06:35:08.000Z
"9/13/2025, 2:38:08 AM",3.636,72.7,93.6,0,2025-09-13T06:38:08.000Z
"9/13/2025, 2:41:08 AM",3.635,72.7,93.7,0,2025-09-13T06:41:08.000Z
"9/13/2025, 2:44:08 AM",3.636,72.7,93.7,0,2025-09-13T06:44:08.000Z
"9/13/2025, 2:47:08 AM",3.635,72.5,93.7,0,2025-09-13T06:47:08.000Z
"9/13/2025, 2:50:08 AM",3.636,72.5,93.7,0,2025-09-13T06:50:08.000Z
"9/13/2025, 2:53:08 AM",3.636,72.5,93.8,0,2025-09-13T06:53:08.000Z
"9/13/2025, 2:56:08 AM",3.636,72.5,93.9,0,2025-09-13T06:56:08.000Z
"9/13/2025, 2:59:08 AM",3.636,72.3,93.9,0,2025-09-13T06:59:08.000Z
"9/13/2025, 3:02:08 AM",3.635,72.3,93.9,0,2025-09-13T07:02:08.000Z
"9/13/2025, 3:05:08 AM",3.635,72.3,94,0,2025-09-13T07:05:08.000Z
"9/13/2025, 3:08:08 AM",3.636,72.3,94,0,2025-09-13T07:08:08.000Z
"9/13/2025, 3:11:08 AM",3.635,72.3,94.1,0,2025-09-13T07:11:08.000Z
"9/13/2025, 3:14:08 AM",3.636,72.3,94.1,0,2025-09-13T07:14:08.000Z
"9/13/2025, 3:17:08 AM",3.636,72.3,94.2,0,2025-09-13T07:17:08.000Z
"9/13/2025, 3:20:08 AM",3.636,72.3,94.2,0,2025-09-13T07:20:08.000Z
"9/13/2025, 3:23:08 AM",3.635,72.3,94.2,0,2025-09-13T07:23:08.000Z
"9/13/2025, 3:26:08 AM",3.636,72.5,94.3,0,2025-09-13T07:26:08.000Z
"9/13/2025, 3:29:08 AM",3.636,72.5,94.3,0,2025-09-13T07:29:08.000Z
"9/13/2025, 3:32:08 AM",3.636,72.5,94.3,0,2025-09-13T07:32:08.000Z
"9/13/2025, 3:35:08 AM",3.635,72.7,94.3,0,2025-09-13T07:35:08.000Z
"9/13/2025, 3:38:08 AM",3.636,72.7,94.4,0,2025-09-13T07:38:08.000Z
"9/13/2025, 3:41:08 AM",3.636,72.9,94.5,0,2025-09-13T07:41:08.000Z
"9/13/2025, 3:44:08 AM",3.636,73,94.5,0,2025-09-13T07:44:08.000Z
"9/13/2025, 3:47:08 AM",3.635,73.2,94.6,0,2025-09-13T07:47:08.000Z
"9/13/2025, 3:50:08 AM",3.635,73.4,94.6,0,2025-09-13T07:50:08.000Z
"9/13/2025, 3:53:08 AM",3.636,73.6,94.7,0,2025-09-13T07:53:08.000Z
"9/13/2025, 3:56:08 AM",3.636,73.6,94.7,0,2025-09-13T07:56:08.000Z
"9/13/2025, 3:59:08 AM",3.635,73.8,94.8,0,2025-09-13T07:59:08.000Z
"9/13/2025, 4:02:08 AM",3.635,73.8,94.8,0,2025-09-13T08:02:08.000Z
"9/13/2025, 4:05:08 AM",3.635,73.8,94.8,0,2025-09-13T08:05:08.000Z
"9/13/2025, 4:08:08 AM",3.636,73.8,94.8,0,2025-09-13T08:08:08.000Z
"9/13/2025, 4:11:08 AM",3.636,73.9,94.8,0,2025-09-13T08:11:08.000Z
"9/13/2025, 4:14:08 AM",3.635,73.9,94.9,0,2025-09-13T08:14:08.000Z
"9/13/2025, 4:17:08 AM",3.635,73.9,94.9,0,2025-09-13T08:17:08.000Z
"9/13/2025, 4:20:08 AM",3.636,73.8,94.9,0,2025-09-13T08:20:08.000Z
"9/13/2025, 4:23:08 AM",3.636,73.8,94.9,0,2025-09-13T08:23:08.000Z
"9/13/2025, 4:26:08 AM",3.635,73.8,95,0,2025-09-13T08:26:08.000Z
"9/13/2025, 4:29:08 AM",3.635,73.8,95,0,2025-09-13T08:29:08.000Z
"9/13/2025, 4:32:08 AM",3.636,73.8,95,0,2025-09-13T08:32:08.000Z
"9/13/2025, 4:35:08 AM",3.635,73.6,95.1,0,2025-09-13T08:35:08.000Z
"9/13/2025, 4:38:08 AM",3.635,73.8,95.1,0,2025-09-13T08:38:08.000Z
"9/13/2025, 4:41:08 AM",3.636,73.8,95.1,0,2025-09-13T08:41:08.000Z
"9/13/2025, 4:44:08 AM",3.635,73.9,95.1,0,2025-09-13T08:44:08.000Z
"9/13/2025, 4:47:08 AM",3.635,73.8,95.1,0,2025-09-13T08:47:08.000Z
"9/13/2025, 4:50:08 AM",3.635,73.9,95.2,0,2025-09-13T08:50:08.000Z
"9/13/2025, 4:53:08 AM",3.635,73.8,95.2,0,2025-09-13T08:53:08.000Z
"9/13/2025, 4:56:08 AM",3.635,73.8,95.2,0,2025-09-13T08:56:08.000Z
"9/13/2025, 4:59:08 AM",3.635,73.8,95.2,0,2025-09-13T08:59:08.000Z
"9/13/2025, 5:02:08 AM",3.636,73.8,95.3,0,2025-09-13T09:02:08.000Z
"9/13/2025, 5:05:08 AM",3.636,73.6,95.3,0,2025-09-13T09:05:08.000Z
"9/13/2025, 5:08:08 AM",3.636,73.6,95.3,0,2025-09-13T09:08:08.000Z
"9/13/2025, 5:11:08 AM",3.635,73.6,95.3,0,2025-09-13T09:11:08.000Z
"9/13/2025, 5:14:08 AM",3.636,73.4,95.3,0,2025-09-13T09:14:08.000Z
"9/13/2025, 5:17:08 AM",3.635,73.4,95.3,0,2025-09-13T09:17:08.000Z
"9/13/2025, 5:20:08 AM",3.635,73.4,95.4,0,2025-09-13T09:20:08.000Z
"9/13/2025, 5:23:08 AM",3.635,73.4,95.4,0,2025-09-13T09:23:08.000Z
"9/13/2025, 5:26:08 AM",3.635,73.2,95.4,0,2025-09-13T09:26:08.000Z
"9/13/2025, 5:29:08 AM",3.635,73.2,95.4,0,2025-09-13T09:29:08.000Z
"9/13/2025, 5:32:08 AM",3.636,73.2,95.4,0,2025-09-13T09:32:08.000Z
"9/13/2025, 5:35:08 AM",3.635,73,95.4,0,2025-09-13T09:35:08.000Z
"9/13/2025, 5:38:08 AM",3.636,73,95.5,0,2025-09-13T09:38:08.000Z
"9/13/2025, 5:41:08 AM",3.635,73,95.5,0,2025-09-13T09:41:08.000Z
"9/13/2025, 5:44:08 AM",3.635,73,95.5,0,2025-09-13T09:44:08.000Z
"9/13/2025, 5:47:08 AM",3.636,72.9,95.5,0,2025-09-13T09:47:08.000Z
"9/13/2025, 5:50:08 AM",3.636,72.9,95.6,0,2025-09-13T09:50:08.000Z
"9/13/2025, 5:53:08 AM",3.635,72.7,95.6,0,2025-09-13T09:53:08.000Z
"9/13/2025, 5:56:08 AM",3.635,72.7,95.6,0,2025-09-13T09:56:08.000Z
"9/13/2025, 5:59:08 AM",3.635,72.5,95.6,0,2025-09-13T09:59:08.000Z
"9/13/2025, 6:02:08 AM",3.635,72.5,95.7,0,2025-09-13T10:02:08.000Z
"9/13/2025, 6:05:08 AM",3.635,72.3,95.7,0,2025-09-13T10:05:08.000Z
"9/13/2025, 6:08:08 AM",3.635,72.3,95.7,0,2025-09-13T10:08:08.000Z
"9/13/2025, 6:11:08 AM",3.635,72.3,95.7,0,2025-09-13T10:11:08.000Z
"9/13/2025, 6:14:08 AM",3.635,72.1,95.7,0,2025-09-13T10:14:08.000Z
"9/13/2025, 6:17:08 AM",3.636,72.1,95.7,0,2025-09-13T10:17:08.000Z
"9/13/2025, 6:20:08 AM",3.635,72.1,95.7,0,2025-09-13T10:20:08.000Z
"9/13/2025, 6:23:08 AM",3.635,72.1,95.8,0,2025-09-13T10:23:08.000Z
"9/13/2025, 6:26:08 AM",3.635,72.1,95.8,0,2025-09-13T10:26:08.000Z
"9/13/2025, 6:29:08 AM",3.635,72.3,95.8,0,2025-09-13T10:29:08.000Z
"9/13/2025, 6:32:08 AM",3.635,72.3,95.9,0,2025-09-13T10:32:08.000Z
"9/13/2025, 6:35:08 AM",3.635,72.3,96,0,2025-09-13T10:35:08.000Z
"9/13/2025, 6:38:08 AM",3.635,72.1,95.9,0,2025-09-13T10:38:08.000Z
"9/13/2025, 6:41:08 AM",3.635,72.1,95.9,0,2025-09-13T10:41:08.000Z
"9/13/2025, 6:44:08 AM",3.635,72.1,96,0,2025-09-13T10:44:08.000Z
"9/13/2025, 6:47:08 AM",3.635,72.1,96,0,2025-09-13T10:47:08.000Z
"9/13/2025, 6:50:08 AM",3.635,72.1,96,0,2025-09-13T10:50:08.000Z
"9/13/2025, 6:53:08 AM",3.636,72,96.1,0,2025-09-13T10:53:08.000Z
"9/13/2025, 6:56:08 AM",3.635,72,96,0,2025-09-13T10:56:08.000Z
"9/13/2025, 6:59:08 AM",3.635,71.8,96.1,0,2025-09-13T10:59:08.000Z
"9/13/2025, 7:02:08 AM",3.635,71.8,96.1,0,2025-09-13T11:02:08.000Z
"9/13/2025, 7:05:08 AM",3.635,71.8,96.1,0,2025-09-13T11:05:08.000Z
"9/13/2025, 7:08:08 AM",3.635,71.6,96.1,0,2025-09-13T11:08:08.000Z
"9/13/2025, 7:11:08 AM",3.635,71.6,96.1,0,2025-09-13T11:11:08.000Z
"9/13/2025, 7:14:08 AM",3.635,71.6,96.1,0,2025-09-13T11:14:08.000Z
"9/13/2025, 7:17:08 AM",3.635,71.6,96.2,0,2025-09-13T11:17:08.000Z
"9/13/2025, 7:20:08 AM",3.635,71.4,96.2,0,2025-09-13T11:20:08.000Z
"9/13/2025, 7:23:08 AM",3.635,71.4,96.2,0,2025-09-13T11:23:08.000Z
"9/13/2025, 7:26:08 AM",3.635,71.4,96.2,0,2025-09-13T11:26:08.000Z
"9/13/2025, 7:29:08 AM",3.635,71.4,96.3,0,2025-09-13T11:29:08.000Z
"9/13/2025, 7:32:08 AM",3.635,71.4,96.3,0,2025-09-13T11:32:08.000Z
"9/13/2025, 7:35:08 AM",3.635,71.4,96.3,0,2025-09-13T11:35:08.000Z
"9/13/2025, 7:38:08 AM",3.635,71.6,96.3,0,2025-09-13T11:38:08.000Z
"9/13/2025, 7:41:08 AM",3.635,71.6,96.3,0,2025-09-13T11:41:08.000Z
"9/13/2025, 7:44:08 AM",3.635,71.6,96.3,0,2025-09-13T11:44:08.000Z
"9/13/2025, 7:47:08 AM",3.635,71.6,96.4,0,2025-09-13T11:47:08.000Z
"9/13/2025, 7:50:08 AM",3.635,71.6,96.4,0,2025-09-13T11:50:08.000Z
"9/13/2025, 7:53:08 AM",3.635,71.8,96.4,0,2025-09-13T11:53:08.000Z
"9/13/2025, 7:56:08 AM",3.635,71.8,96.4,0,2025-09-13T11:56:08.000Z
"9/13/2025, 7:59:08 AM",3.635,71.8,96.4,0,2025-09-13T11:59:08.000Z
"9/13/2025, 8:02:08 AM",3.635,72,96.4,0,2025-09-13T12:02:08.000Z
"9/13/2025, 8:05:08 AM",3.635,72.1,96.5,0,2025-09-13T12:05:08.000Z
"9/13/2025, 8:08:08 AM",3.635,72.1,96.5,0,2025-09-13T12:08:08.000Z
"9/13/2025, 8:11:08 AM",3.635,72.3,96.5,0,2025-09-13T12:11:08.000Z
"9/13/2025, 8:14:08 AM",3.635,72.3,96.6,0,2025-09-13T12:14:08.000Z
"9/13/2025, 8:17:08 AM",3.635,72.5,96.6,0,2025-09-13T12:17:08.000Z
"9/13/2025, 8:20:08 AM",3.635,72.7,96.6,0,2025-09-13T12:20:08.000Z
"9/13/2025, 8:23:08 AM",3.635,72.9,96.6,0,2025-09-13T12:23:08.000Z
"9/13/2025, 8:26:08 AM",3.635,72.9,96.7,0,2025-09-13T12:26:08.000Z
"9/13/2025, 8:29:08 AM",3.635,73,96.7,0,2025-09-13T12:29:08.000Z
"9/13/2025, 8:32:08 AM",3.635,73.2,96.7,0,2025-09-13T12:32:08.000Z
"9/13/2025, 8:35:08 AM",3.635,73.4,96.7,0,2025-09-13T12:35:08.000Z
"9/13/2025, 8:38:08 AM",3.635,73.6,96.8,0,2025-09-13T12:38:08.000Z
"9/13/2025, 8:41:08 AM",3.635,73.9,96.8,0,2025-09-13T12:41:08.000Z
"9/13/2025, 8:44:08 AM",3.635,74.3,96.8,0,2025-09-13T12:44:08.000Z
"9/13/2025, 8:47:08 AM",3.635,74.7,96.8,0,2025-09-13T12:47:08.000Z
"9/13/2025, 8:50:08 AM",3.635,75.2,96.9,0,2025-09-13T12:50:08.000Z
"9/13/2025, 8:53:08 AM",3.635,75.7,96.9,0,2025-09-13T12:53:08.000Z
"9/13/2025, 8:56:08 AM",3.635,76.1,97,0,2025-09-13T12:56:08.000Z
"9/13/2025, 8:59:08 AM",3.635,76.5,97,0,2025-09-13T12:59:08.000Z
"9/13/2025, 9:02:08 AM",3.635,76.8,97,0,2025-09-13T13:02:08.000Z
"9/13/2025, 9:05:08 AM",3.635,77.4,97.1,0,2025-09-13T13:05:08.000Z
"9/13/2025, 9:08:08 AM",3.635,77.7,97.1,0,2025-09-13T13:08:08.000Z
"9/13/2025, 9:11:08 AM",3.635,78.1,97.1,0,2025-09-13T13:11:08.000Z
"9/13/2025, 9:14:08 AM",3.635,78.6,97.2,0,2025-09-13T13:14:08.000Z
"9/13/2025, 9:17:08 AM",3.635,79,97.2,0,2025-09-13T13:17:08.000Z
"9/13/2025, 9:20:08 AM",3.635,79.3,97.2,0,2025-09-13T13:20:08.000Z
"9/13/2025, 9:23:08 AM",3.635,79.9,97.3,0,2025-09-13T13:23:08.000Z
"9/13/2025, 9:26:08 AM",3.635,80.2,97.3,0,2025-09-13T13:26:08.000Z
"9/13/2025, 9:29:08 AM",3.635,80.6,97.3,0,2025-09-13T13:29:08.000Z
"9/13/2025, 9:32:08 AM",3.635,81,97.3,0,2025-09-13T13:32:08.000Z
"9/13/2025, 9:35:08 AM",3.634,81.3,97.3,0,2025-09-13T13:35:08.000Z
"9/13/2025, 9:38:08 AM",3.634,81.7,97.3,0,2025-09-13T13:38:08.000Z
"9/13/2025, 9:41:08 AM",3.634,82,97.3,0,2025-09-13T13:41:08.000Z
"9/13/2025, 9:44:08 AM",3.635,82.4,97.4,0,2025-09-13T13:44:08.000Z
"9/13/2025, 9:47:08 AM",3.634,82.8,97.3,0,2025-09-13T13:47:08.000Z
"9/13/2025, 9:50:08 AM",3.635,83.1,97.4,0,2025-09-13T13:50:08.000Z
"9/13/2025, 9:53:08 AM",3.635,83.5,97.3,0,2025-09-13T13:53:08.000Z
"9/13/2025, 9:56:08 AM",3.634,83.8,97.4,0,2025-09-13T13:56:08.000Z
"9/13/2025, 9:59:08 AM",3.635,84,97.4,0,2025-09-13T13:59:08.000Z
"9/13/2025, 10:02:08 AM",3.635,84.4,97.4,0,2025-09-13T14:02:08.000Z
"9/13/2025, 10:05:08 AM",3.634,84.7,97.4,0,2025-09-13T14:05:08.000Z
"9/13/2025, 10:08:08 AM",3.635,85.1,97.4,0,2025-09-13T14:08:08.000Z
"9/13/2025, 10:11:08 AM",3.634,85.5,97.5,0,2025-09-13T14:11:08.000Z
"9/13/2025, 10:14:08 AM",3.634,85.6,97.4,0,2025-09-13T14:14:08.000Z
"9/13/2025, 10:17:08 AM",3.634,86,97.4,0,2025-09-13T14:17:08.000Z
"9/13/2025, 10:20:08 AM",3.635,86.4,97.4,0,2025-09-13T14:20:08.000Z
"9/13/2025, 10:23:08 AM",3.634,86.7,97.4,0,2025-09-13T14:23:08.000Z
"9/13/2025, 10:26:08 AM",3.635,86.9,97.4,0,2025-09-13T14:26:08.000Z
"9/13/2025, 10:29:08 AM",3.634,87.3,97.4,0,2025-09-13T14:29:08.000Z
"9/13/2025, 10:32:08 AM",3.634,87.6,97.4,0,2025-09-13T14:32:08.000Z
"9/13/2025, 10:35:08 AM",3.635,88,97.5,0,2025-09-13T14:35:08.000Z
"9/13/2025, 10:38:08 AM",3.634,88.2,97.4,0,2025-09-13T14:38:08.000Z
"9/13/2025, 10:41:08 AM",3.634,88.5,97.5,0,2025-09-13T14:41:08.000Z
"9/13/2025, 10:44:08 AM",3.634,88.9,97.5,0,2025-09-13T14:44:08.000Z
"9/13/2025, 10:47:08 AM",3.634,89.1,97.5,0,2025-09-13T14:47:08.000Z
"9/13/2025, 10:50:08 AM",3.634,89.4,97.5,0,2025-09-13T14:50:08.000Z
"9/13/2025, 10:53:08 AM",3.634,89.6,97.5,0,2025-09-13T14:53:08.000Z
"9/13/2025, 10:56:08 AM",3.634,90,97.5,0,2025-09-13T14:56:08.000Z
"9/13/2025, 10:59:08 AM",3.635,90.1,97.4,0,2025-09-13T14:59:08.000Z
"9/13/2025, 11:02:08 AM",3.634,90.3,97.4,0,2025-09-13T15:02:08.000Z
"9/13/2025, 11:05:08 AM",3.634,90.7,97.5,0,2025-09-13T15:05:08.000Z
"9/13/2025, 11:08:08 AM",3.634,90.9,97.5,0,2025-09-13T15:08:08.000Z
"9/13/2025, 11:11:08 AM",3.634,91,97.4,0,2025-09-13T15:11:08.000Z
"9/13/2025, 11:14:08 AM",3.634,91.2,97.4,0,2025-09-13T15:14:08.000Z
"9/13/2025, 11:17:08 AM",3.634,91.4,97.4,0,2025-09-13T15:17:08.000Z
"9/13/2025, 11:20:08 AM",3.634,91.6,97.5,0,2025-09-13T15:20:08.000Z
"9/13/2025, 11:23:08 AM",3.634,91.8,97.5,0,2025-09-13T15:23:08.000Z
"9/13/2025, 11:26:08 AM",3.634,91.9,97.4,0,2025-09-13T15:26:08.000Z
"9/13/2025, 11:29:08 AM",3.635,92.1,97.5,0,2025-09-13T15:29:08.000Z
"9/13/2025, 11:32:08 AM",3.634,92.3,97.4,0,2025-09-13T15:32:08.000Z
"9/13/2025, 11:35:08 AM",3.635,92.7,97.4,0,2025-09-13T15:35:08.000Z
"9/13/2025, 11:38:08 AM",3.634,93,97.4,0,2025-09-13T15:38:08.000Z
"9/13/2025, 11:41:08 AM",3.635,93.4,97.4,0,2025-09-13T15:41:08.000Z
"9/13/2025, 11:44:08 AM",3.634,93.6,97.4,0,2025-09-13T15:44:08.000Z
"9/13/2025, 11:47:08 AM",3.634,93.7,97.4,0,2025-09-13T15:47:08.000Z
"9/13/2025, 11:50:08 AM",3.635,93.9,97.3,0,2025-09-13T15:50:08.000Z
"9/13/2025, 11:53:08 AM",3.634,94.1,97.4,0,2025-09-13T15:53:08.000Z
"9/13/2025, 11:56:08 AM",3.634,94.1,97.4,0,2025-09-13T15:56:08.000Z
"9/13/2025, 11:59:08 AM",3.634,94.3,97.4,0,2025-09-13T15:59:08.000Z
"9/13/2025, 12:02:08 PM",3.634,94.5,97.4,0,2025-09-13T16:02:08.000Z
"9/13/2025, 12:05:08 PM",3.634,94.8,97.3,0,2025-09-13T16:05:08.000Z
"9/13/2025, 12:08:08 PM",3.634,95,97.3,0,2025-09-13T16:08:08.000Z
"9/13/2025, 12:11:08 PM",3.634,95.4,97.4,0,2025-09-13T16:11:08.000Z
"9/13/2025, 12:14:08 PM",3.634,95.7,97.4,0,2025-09-13T16:14:08.000Z
"9/13/2025, 12:17:08 PM",3.634,95.9,97.4,0,2025-09-13T16:17:08.000Z
"9/13/2025, 12:20:08 PM",3.635,96.3,97.3,0,2025-09-13T16:20:08.000Z
"9/13/2025, 12:23:08 PM",3.635,96.4,97.3,0,2025-09-13T16:23:08.000Z
"9/13/2025, 12:26:08 PM",3.635,96.8,97.3,0,2025-09-13T16:26:08.000Z
"9/13/2025, 12:29:08 PM",3.634,97,97.2,0,2025-09-13T16:29:08.000Z
"9/13/2025, 12:32:08 PM",3.635,97.3,97.2,0,2025-09-13T16:32:08.000Z
"9/13/2025, 12:35:08 PM",3.635,97.7,97.1,0,2025-09-13T16:35:08.000Z
"9/13/2025, 12:38:08 PM",3.634,97.9,97.1,0,2025-09-13T16:38:08.000Z
"9/13/2025, 12:41:08 PM",3.635,98.2,97.1,0,2025-09-13T16:41:08.000Z
"9/13/2025, 12:44:08 PM",3.635,98.4,97.1,0,2025-09-13T16:44:08.000Z
"9/13/2025, 12:47:08 PM",3.635,98.8,97.1,0,2025-09-13T16:47:08.000Z
"9/13/2025, 12:50:08 PM",3.635,99,97.1,0,2025-09-13T16:50:08.000Z
"9/13/2025, 12:53:08 PM",3.635,99.1,97,0,2025-09-13T16:53:08.000Z
"9/13/2025, 12:56:08 PM",3.635,99.3,97,0,2025-09-13T16:56:08.000Z
"9/13/2025, 12:59:08 PM",3.635,99.5,96.9,0,2025-09-13T16:59:08.000Z
"9/13/2025, 1:02:08 PM",3.635,99.7,96.9,0,2025-09-13T17:02:08.000Z
"9/13/2025, 1:05:08 PM",3.635,99.7,96.8,0,2025-09-13T17:05:08.000Z
"9/13/2025, 1:08:08 PM",3.635,99.9,96.8,0,2025-09-13T17:08:08.000Z
"9/13/2025, 1:11:08 PM",3.635,99.7,96.8,0,2025-09-13T17:11:08.000Z
"9/13/2025, 1:14:08 PM",3.635,99.7,96.7,0,2025-09-13T17:14:08.000Z
"9/13/2025, 1:17:08 PM",3.635,99.9,96.7,0,2025-09-13T17:17:08.000Z
"9/13/2025, 1:20:08 PM",3.635,99.9,96.7,0,2025-09-13T17:20:08.000Z
"9/13/2025, 1:23:08 PM",3.635,99.9,96.6,0,2025-09-13T17:23:08.000Z
"9/13/2025, 1:26:08 PM",3.635,99.9,96.5,0,2025-09-13T17:26:08.000Z
"9/13/2025, 1:29:08 PM",3.635,99.9,96.5,0,2025-09-13T17:29:08.000Z
"9/13/2025, 1:32:08 PM",3.635,99.9,96.5,0,2025-09-13T17:32:08.000Z
"9/13/2025, 1:35:08 PM",3.635,99.9,96.5,0,2025-09-13T17:35:08.000Z
"9/13/2025, 1:38:08 PM",3.635,99.9,96.4,0,2025-09-13T17:38:08.000Z
"9/13/2025, 1:41:08 PM",3.635,99.9,96.4,0,2025-09-13T17:41:08.000Z
"9/13/2025, 1:44:08 PM",3.635,99.7,96.4,0,2025-09-13T17:44:08.000Z
"9/13/2025, 1:47:08 PM",3.635,99.7,96.4,0,2025-09-13T17:47:08.000Z
"9/13/2025, 1:50:08 PM",3.635,99.5,96.4,0,2025-09-13T17:50:08.000Z
"9/13/2025, 1:53:08 PM",3.635,99.5,96.3,0,2025-09-13T17:53:08.000Z
"9/13/2025, 1:56:08 PM",3.635,99.3,96.3,0,2025-09-13T17:56:08.000Z
"9/13/2025, 1:59:08 PM",3.635,99.3,96.3,0,2025-09-13T17:59:08.000Z
"9/13/2025, 2:02:08 PM",3.635,99.3,96.3,0,2025-09-13T18:02:08.000Z
"9/13/2025, 2:05:08 PM",3.635,99.5,96.2,0,2025-09-13T18:05:08.000Z
"9/13/2025, 2:08:08 PM",3.635,99.9,96.2,0,2025-09-13T18:08:08.000Z
"9/13/2025, 2:11:08 PM",3.635,100,96.2,0,2025-09-13T18:11:08.000Z
"9/13/2025, 2:14:08 PM",3.635,100.4,96.2,0,2025-09-13T18:14:08.000Z
"9/13/2025, 2:17:08 PM",3.635,100.8,96.1,0,2025-09-13T18:17:08.000Z
"9/13/2025, 2:20:08 PM",3.636,101.1,96.1,0,2025-09-13T18:20:08.000Z
"9/13/2025, 2:23:08 PM",3.635,101.3,96.1,0,2025-09-13T18:23:08.000Z
"9/13/2025, 2:26:08 PM",3.635,101.5,96,0,2025-09-13T18:26:08.000Z
"9/13/2025, 2:29:08 PM",3.635,101.3,96,0,2025-09-13T18:29:08.000Z
"9/13/2025, 2:32:08 PM",3.635,101.1,96,0,2025-09-13T18:32:08.000Z
"9/13/2025, 2:35:08 PM",3.635,100.9,96,0,2025-09-13T18:35:08.000Z
"9/13/2025, 2:38:08 PM",3.635,100.8,96,0,2025-09-13T18:38:08.000Z
"9/13/2025, 2:41:08 PM",3.636,100.4,96,0,2025-09-13T18:41:08.000Z
"9/13/2025, 2:44:08 PM",3.636,100.2,96,0,2025-09-13T18:44:08.000Z
"9/13/2025, 2:47:08 PM",3.635,100,96,0,2025-09-13T18:47:08.000Z
"9/13/2025, 2:50:08 PM",3.635,99.9,96,0,2025-09-13T18:50:08.000Z
"9/13/2025, 2:53:08 PM",3.635,99.7,96,0,2025-09-13T18:53:08.000Z
"9/13/2025, 2:56:08 PM",3.636,99.7,96,0,2025-09-13T18:56:08.000Z
"9/13/2025, 2:59:08 PM",3.635,99.7,96,0,2025-09-13T18:59:08.000Z
"9/13/2025, 3:02:08 PM",3.635,99.9,95.9,0,2025-09-13T19:02:08.000Z
"9/13/2025, 3:05:08 PM",3.635,100,95.9,0,2025-09-13T19:05:08.000Z
"9/13/2025, 3:08:08 PM",3.636,100,96,0,2025-09-13T19:08:08.000Z
"9/13/2025, 3:11:08 PM",3.636,100,95.9,0,2025-09-13T19:11:08.000Z
"9/13/2025, 3:14:08 PM",3.636,100,95.9,0,2025-09-13T19:14:08.000Z
"9/13/2025, 3:17:08 PM",3.636,100.2,95.9,0,2025-09-13T19:17:08.000Z
"9/13/2025, 3:20:08 PM",3.636,100.2,95.9,0,2025-09-13T19:20:08.000Z
"9/13/2025, 3:23:08 PM",3.635,100.2,95.9,0,2025-09-13T19:23:08.000Z
"9/13/2025, 3:26:08 PM",3.636,100,95.8,0,2025-09-13T19:26:08.000Z
"9/13/2025, 3:29:08 PM",3.636,100,95.9,0,2025-09-13T19:29:08.000Z
"9/13/2025, 3:32:08 PM",3.636,99.9,95.9,0,2025-09-13T19:32:08.000Z
"9/13/2025, 3:35:08 PM",3.636,99.5,95.8,0,2025-09-13T19:35:08.000Z
"9/13/2025, 3:38:08 PM",3.635,99.3,95.9,0,2025-09-13T19:38:08.000Z
"9/13/2025, 3:41:08 PM",3.636,99,95.9,0,2025-09-13T19:41:08.000Z
"9/13/2025, 3:44:08 PM",3.636,98.6,95.9,0,2025-09-13T19:44:08.000Z
"9/13/2025, 3:47:08 PM",3.636,98.2,95.9,0,2025-09-13T19:47:08.000Z
"9/13/2025, 3:50:08 PM",3.636,98.1,95.8,0,2025-09-13T19:50:08.000Z
"9/13/2025, 3:53:08 PM",3.636,97.7,95.9,0,2025-09-13T19:53:08.000Z
"9/13/2025, 3:56:08 PM",3.636,97.3,95.9,0,2025-09-13T19:56:08.000Z
"9/13/2025, 3:59:08 PM",3.636,97,95.9,0,2025-09-13T19:59:08.000Z
"9/13/2025, 4:02:08 PM",3.636,96.6,95.9,0,2025-09-13T20:02:08.000Z
"9/13/2025, 4:05:08 PM",3.636,96.3,96,0,2025-09-13T20:05:08.000Z
"9/13/2025, 4:08:08 PM",3.636,95.9,96,0,2025-09-13T20:08:08.000Z
"9/13/2025, 4:11:08 PM",3.636,95.7,96,0,2025-09-13T20:11:08.000Z
"9/13/2025, 4:14:08 PM",3.636,95.4,96.1,0,2025-09-13T20:14:08.000Z
"9/13/2025, 4:17:08 PM",3.636,95.2,96.1,0,2025-09-13T20:17:08.000Z
"9/13/2025, 4:20:08 PM",3.636,94.8,96.1,0,2025-09-13T20:20:08.000Z
"9/13/2025, 4:23:08 PM",3.636,94.6,96.1,0,2025-09-13T20:23:08.000Z
"9/13/2025, 4:26:08 PM",3.636,94.5,96.1,0,2025-09-13T20:26:08.000Z
"9/13/2025, 4:29:08 PM",3.636,94.1,96.2,0,2025-09-13T20:29:08.000Z
"9/13/2025, 4:32:08 PM",3.636,93.9,96.2,0,2025-09-13T20:32:08.000Z
"9/13/2025, 4:35:08 PM",3.637,93.7,96.3,0,2025-09-13T20:35:08.000Z
"9/13/2025, 4:38:08 PM",3.636,93.7,96.3,0,2025-09-13T20:38:08.000Z
"9/13/2025, 4:41:08 PM",3.636,93.6,96.3,0,2025-09-13T20:41:08.000Z
"9/13/2025, 4:44:08 PM",3.636,93.6,96.3,0,2025-09-13T20:44:08.000Z
"9/13/2025, 4:47:08 PM",3.636,93.6,96.4,0,2025-09-13T20:47:08.000Z
"9/13/2025, 4:50:08 PM",3.636,93.6,96.4,0,2025-09-13T20:50:08.000Z
"9/13/2025, 4:53:08 PM",3.636,93.6,96.5,0,2025-09-13T20:53:08.000Z
"9/13/2025, 4:56:08 PM",3.636,93.6,96.5,0,2025-09-13T20:56:08.000Z
"9/13/2025, 4:59:08 PM",3.636,93.6,96.5,0,2025-09-13T20:59:08.000Z
"9/13/2025, 5:02:08 PM",3.636,93.6,96.6,0,2025-09-13T21:02:08.000Z
"9/13/2025, 5:05:08 PM",3.636,93.7,96.7,0,2025-09-13T21:05:08.000Z
"9/13/2025, 5:08:08 PM",3.636,93.9,96.7,0,2025-09-13T21:08:08.000Z
"9/13/2025, 5:11:08 PM",3.636,93.9,96.7,0,2025-09-13T21:11:08.000Z
"9/13/2025, 5:14:08 PM",3.637,94.1,96.8,0,2025-09-13T21:14:08.000Z
"9/13/2025, 5:17:08 PM",3.636,94.3,96.8,0,2025-09-13T21:17:08.000Z
"9/13/2025, 5:20:08 PM",3.636,94.5,96.8,0,2025-09-13T21:20:08.000Z
"9/13/2025, 5:23:08 PM",3.636,94.6,96.9,0,2025-09-13T21:23:08.000Z
"9/13/2025, 5:26:08 PM",3.636,94.6,96.9,0,2025-09-13T21:26:08.000Z
"9/13/2025, 5:29:08 PM",3.637,94.6,96.9,0,2025-09-13T21:29:08.000Z
"9/13/2025, 5:32:08 PM",3.637,94.8,97,0,2025-09-13T21:32:08.000Z
"9/13/2025, 5:35:08 PM",3.636,94.8,97,0,2025-09-13T21:35:08.000Z
"9/13/2025, 5:38:08 PM",3.636,94.8,97,0,2025-09-13T21:38:08.000Z
"9/13/2025, 5:41:08 PM",3.636,94.6,97.1,0,2025-09-13T21:41:08.000Z
"9/13/2025, 5:44:08 PM",3.636,94.6,97.1,0,2025-09-13T21:44:08.000Z
"9/13/2025, 5:47:08 PM",3.636,94.5,97.1,0,2025-09-13T21:47:08.000Z
"9/13/2025, 5:50:08 PM",3.637,94.5,97.1,0,2025-09-13T21:50:08.000Z
"9/13/2025, 5:53:08 PM",3.636,94.3,97.1,0,2025-09-13T21:53:08.000Z
"9/13/2025, 5:56:08 PM",3.636,94.3,97.2,0,2025-09-13T21:56:08.000Z
"9/13/2025, 5:59:08 PM",3.636,94.1,97.2,0,2025-09-13T21:59:08.000Z
"9/13/2025, 6:02:08 PM",3.637,93.9,97.2,0,2025-09-13T22:02:08.000Z
"9/13/2025, 6:05:08 PM",3.636,93.9,97.2,0,2025-09-13T22:05:08.000Z
"9/13/2025, 6:08:08 PM",3.636,93.7,97.2,0,2025-09-13T22:08:08.000Z
"9/13/2025, 6:11:08 PM",3.637,93.6,97.2,0,2025-09-13T22:11:08.000Z
"9/13/2025, 6:14:08 PM",3.637,93.4,97.3,0,2025-09-13T22:14:08.000Z
"9/13/2025, 6:17:08 PM",3.636,93.2,97.2,0,2025-09-13T22:17:08.000Z
"9/13/2025, 6:20:08 PM",3.637,93,97.3,0,2025-09-13T22:20:08.000Z
"9/13/2025, 6:23:08 PM",3.636,92.7,97.3,0,2025-09-13T22:23:08.000Z
"9/13/2025, 6:26:08 PM",3.636,92.5,97.4,0,2025-09-13T22:26:08.000Z
"9/13/2025, 6:29:08 PM",3.637,92.1,97.4,0,2025-09-13T22:29:08.000Z
"9/13/2025, 6:32:08 PM",3.636,91.8,97.3,0,2025-09-13T22:32:08.000Z
"9/13/2025, 6:35:08 PM",3.636,91.6,97.4,0,2025-09-13T22:35:08.000Z
"9/13/2025, 6:38:08 PM",3.636,91.2,97.4,0,2025-09-13T22:38:08.000Z
"9/13/2025, 6:41:08 PM",3.636,90.9,97.4,0,2025-09-13T22:41:08.000Z
"9/13/2025, 6:44:08 PM",3.637,90.7,97.4,0,2025-09-13T22:44:08.000Z
"9/13/2025, 6:47:08 PM",3.636,90.3,97.4,0,2025-09-13T22:47:08.000Z
"9/13/2025, 6:50:08 PM",3.636,90.1,97.4,0,2025-09-13T22:50:08.000Z
"9/13/2025, 6:53:08 PM",3.637,89.8,97.4,0,2025-09-13T22:53:08.000Z
"9/13/2025, 6:56:08 PM",3.637,89.6,97.4,0,2025-09-13T22:56:08.000Z
"9/13/2025, 6:59:08 PM",3.636,89.2,97.4,0,2025-09-13T22:59:08.000Z
"9/13/2025, 7:02:08 PM",3.637,88.9,97.4,0,2025-09-13T23:02:08.000Z
"9/13/2025, 7:05:08 PM",3.637,88.7,97.5,0,2025-09-13T23:05:08.000Z
"9/13/2025, 7:08:08 PM",3.637,88.5,97.5,0,2025-09-13T23:08:08.000Z
"9/13/2025, 7:11:08 PM",3.637,88.3,97.5,0,2025-09-13T23:11:08.000Z
"9/13/2025, 7:14:08 PM",3.636,88.2,97.5,0,2025-09-13T23:14:08.000Z
"9/13/2025, 7:17:08 PM",3.637,88,97.5,0,2025-09-13T23:17:08.000Z
"9/13/2025, 7:20:08 PM",3.637,87.6,97.6,0,2025-09-13T23:20:08.000Z
"9/13/2025, 7:23:08 PM",3.637,87.4,97.6,0,2025-09-13T23:23:08.000Z
"9/13/2025, 7:26:08 PM",3.637,87.3,97.6,0,2025-09-13T23:26:08.000Z
"9/13/2025, 7:29:08 PM",3.637,87.3,97.7,0,2025-09-13T23:29:08.000Z
"9/13/2025, 7:32:08 PM",3.637,87.1,97.6,0,2025-09-13T23:32:08.000Z
"9/13/2025, 7:35:08 PM",3.637,86.9,97.7,0,2025-09-13T23:35:08.000Z
"9/13/2025, 7:38:08 PM",3.637,86.7,97.7,0,2025-09-13T23:38:08.000Z
"9/13/2025, 7:41:08 PM",3.636,86.5,97.7,0,2025-09-13T23:41:08.000Z
"9/13/2025, 7:44:08 PM",3.637,86.4,97.7,0,2025-09-13T23:44:08.000Z
"9/13/2025, 7:47:08 PM",3.637,86.4,97.8,0,2025-09-13T23:47:08.000Z
"9/13/2025, 7:50:08 PM",3.637,86.2,97.8,0,2025-09-13T23:50:08.000Z
"9/13/2025, 7:53:08 PM",3.637,86,97.8,0,2025-09-13T23:53:08.000Z
"9/13/2025, 7:56:08 PM",3.637,85.8,97.9,0,2025-09-13T23:56:08.000Z
"9/13/2025, 7:59:08 PM",3.637,85.8,97.9,0,2025-09-13T23:59:08.000Z
"9/13/2025, 8:02:08 PM",3.636,85.8,97.9,0,2025-09-14T00:02:08.000Z
"9/13/2025, 8:05:08 PM",3.637,85.6,97.9,0,2025-09-14T00:05:08.000Z
"9/13/2025, 8:08:08 PM",3.637,85.6,98,0,2025-09-14T00:08:08.000Z
"9/13/2025, 8:11:08 PM",3.637,85.5,98,0,2025-09-14T00:11:08.000Z
"9/13/2025, 8:14:08 PM",3.637,85.5,98,0,2025-09-14T00:14:08.000Z
"9/13/2025, 8:17:08 PM",3.637,85.5,98,0,2025-09-14T00:17:08.000Z
"9/13/2025, 8:20:08 PM",3.637,85.5,98,0,2025-09-14T00:20:08.000Z
"9/13/2025, 8:23:08 PM",3.637,85.3,98.1,0,2025-09-14T00:23:08.000Z
"9/13/2025, 8:26:08 PM",3.637,85.3,98.1,0,2025-09-14T00:26:08.000Z
"9/13/2025, 8:29:08 PM",3.637,85.3,98.2,0,2025-09-14T00:29:08.000Z
"9/13/2025, 8:32:08 PM",3.637,85.3,98.2,0,2025-09-14T00:32:08.000Z
"9/13/2025, 8:35:08 PM",3.637,85.3,98.2,0,2025-09-14T00:35:08.000Z
"9/13/2025, 8:38:08 PM",3.637,85.1,98.3,0,2025-09-14T00:38:08.000Z
"9/13/2025, 8:41:08 PM",3.637,85.1,98.2,0,2025-09-14T00:41:08.000Z
"9/13/2025, 8:44:08 PM",3.637,85.1,98.2,0,2025-09-14T00:44:08.000Z
"9/13/2025, 8:47:08 PM",3.637,85.1,98.3,0,2025-09-14T00:47:08.000Z
"9/13/2025, 8:50:08 PM",3.637,84.9,98.3,0,2025-09-14T00:50:08.000Z
"9/13/2025, 8:53:08 PM",3.637,84.9,98.3,0,2025-09-14T00:53:08.000Z
"9/13/2025, 8:56:08 PM",3.637,84.9,98.4,0,2025-09-14T00:56:08.000Z
"9/13/2025, 8:59:08 PM",3.637,84.9,98.3,0,2025-09-14T00:59:08.000Z
"9/13/2025, 9:02:08 PM",3.637,84.7,98.3,0,2025-09-14T01:02:08.000Z
"9/13/2025, 9:05:08 PM",3.637,84.7,98.4,0,2025-09-14T01:05:08.000Z
"9/13/2025, 9:08:08 PM",3.637,84.7,98.4,0,2025-09-14T01:08:08.000Z
"9/13/2025, 9:11:08 PM",3.637,84.7,98.4,0,2025-09-14T01:11:08.000Z
"9/13/2025, 9:14:08 PM",3.637,84.7,98.5,0,2025-09-14T01:14:08.000Z
"9/13/2025, 9:17:08 PM",3.637,84.6,98.5,0,2025-09-14T01:17:08.000Z
"9/13/2025, 9:20:08 PM",3.637,84.6,98.5,0,2025-09-14T01:20:08.000Z
"9/13/2025, 9:23:08 PM",3.637,84.6,98.5,0,2025-09-14T01:23:08.000Z
"9/13/2025, 9:26:08 PM",3.637,84.6,98.5,0,2025-09-14T01:26:08.000Z
"9/13/2025, 9:29:08 PM",3.637,84.6,98.5,0,2025-09-14T01:29:08.000Z
"9/13/2025, 9:32:08 PM",3.637,84.4,98.5,0,2025-09-14T01:32:08.000Z
"9/13/2025, 9:35:08 PM",3.637,84.4,98.5,0,2025-09-14T01:35:08.000Z
"9/13/2025, 9:38:08 PM",3.637,84.4,98.6,0,2025-09-14T01:38:08.000Z
"9/13/2025, 9:41:08 PM",3.637,84.4,98.6,0,2025-09-14T01:41:08.000Z
"9/13/2025, 9:44:08 PM",3.637,84.2,98.6,0,2025-09-14T01:44:08.000Z
"9/13/2025, 9:47:08 PM",3.637,84.2,98.6,0,2025-09-14T01:47:08.000Z
"9/13/2025, 9:50:08 PM",3.637,84.2,98.6,0,2025-09-14T01:50:08.000Z
"9/13/2025, 9:53:08 PM",3.637,84,98.6,0,2025-09-14T01:53:08.000Z
"9/13/2025, 9:56:08 PM",3.637,84.2,98.6,0,2025-09-14T01:56:08.000Z
"9/13/2025, 9:59:08 PM",3.637,84,98.6,0,2025-09-14T01:59:08.000Z
"9/13/2025, 10:02:08 PM",3.637,84,98.6,0,2025-09-14T02:02:08.000Z
"9/13/2025, 10:05:08 PM",3.637,84,98.7,0,2025-09-14T02:05:08.000Z
"9/13/2025, 10:08:08 PM",3.637,84,98.7,0,2025-09-14T02:08:08.000Z
"9/13/2025, 10:11:08 PM",3.637,83.8,98.7,0,2025-09-14T02:11:08.000Z
"9/13/2025, 10:14:08 PM",3.637,83.8,98.7,0,2025-09-14T02:14:08.000Z
"9/13/2025, 10:17:08 PM",3.637,84,98.7,0,2025-09-14T02:17:08.000Z
"9/13/2025, 10:20:08 PM",3.637,83.8,98.7,0,2025-09-14T02:20:08.000Z
"9/13/2025, 10:23:08 PM",3.637,83.7,98.8,0,2025-09-14T02:23:08.000Z
"9/13/2025, 10:26:08 PM",3.637,83.7,98.8,0,2025-09-14T02:26:08.000Z
"9/13/2025, 10:29:08 PM",3.637,83.5,98.8,0,2025-09-14T02:29:08.000Z
"9/13/2025, 10:32:08 PM",3.637,83.7,98.8,0,2025-09-14T02:32:08.000Z
"9/13/2025, 10:35:08 PM",3.637,83.5,98.8,0,2025-09-14T02:35:08.000Z
"9/13/2025, 10:38:08 PM",3.637,83.3,98.8,0,2025-09-14T02:38:08.000Z
"9/13/2025, 10:41:08 PM",3.637,83.3,98.8,0,2025-09-14T02:41:08.000Z
"9/13/2025, 10:44:08 PM",3.637,83.1,98.8,0,2025-09-14T02:44:08.000Z
"9/13/2025, 10:47:08 PM",3.637,83.1,98.8,0,2025-09-14T02:47:08.000Z
"9/13/2025, 10:50:08 PM",3.637,83.1,98.9,0,2025-09-14T02:50:08.000Z
"9/13/2025, 10:53:08 PM",3.637,83.1,98.9,0,2025-09-14T02:53:08.000Z
"9/13/2025, 10:56:08 PM",3.638,82.9,98.9,0,2025-09-14T02:56:08.000Z
"9/13/2025, 10:59:08 PM",3.637,82.9,98.9,0,2025-09-14T02:59:08.000Z
"9/13/2025, 11:02:08 PM",3.637,82.8,98.9,0,2025-09-14T03:02:08.000Z
"9/13/2025, 11:05:08 PM",3.637,82.8,98.9,0,2025-09-14T03:05:08.000Z
"9/13/2025, 11:08:08 PM",3.638,82.6,98.9,0,2025-09-14T03:08:08.000Z
"9/13/2025, 11:11:08 PM",3.637,82.6,98.9,0,2025-09-14T03:11:08.000Z
"9/13/2025, 11:14:08 PM",3.637,82.8,98.9,0,2025-09-14T03:14:08.000Z
"9/13/2025, 11:17:08 PM",3.637,82.6,98.9,0,2025-09-14T03:17:08.000Z
"9/13/2025, 11:20:08 PM",3.637,82.6,99,0,2025-09-14T03:20:08.000Z
"9/13/2025, 11:23:08 PM",3.637,82.8,99,0,2025-09-14T03:23:08.000Z
"9/13/2025, 11:26:08 PM",3.637,82.8,99,0,2025-09-14T03:26:08.000Z
"9/13/2025, 11:29:08 PM",3.637,82.8,99,0,2025-09-14T03:29:08.000Z
"9/13/2025, 11:32:08 PM",3.637,82.9,99,0,2025-09-14T03:32:08.000Z
"9/13/2025, 11:35:08 PM",3.637,82.9,99,0,2025-09-14T03:35:08.000Z
"9/13/2025, 11:38:08 PM",3.637,82.9,99,0,2025-09-14T03:38:08.000Z
"9/13/2025, 11:41:08 PM",3.638,82.9,99,0,2025-09-14T03:41:08.000Z
"9/13/2025, 11:44:08 PM",3.637,82.9,99.1,0,2025-09-14T03:44:08.000Z
"9/13/2025, 11:47:08 PM",3.637,83.1,99.1,0,2025-09-14T03:47:08.000Z
"9/13/2025, 11:50:08 PM",3.637,83.1,99.1,0,2025-09-14T03:50:08.000Z
"9/13/2025, 11:53:08 PM",3.637,83.1,99.1,0,2025-09-14T03:53:08.000Z
"9/13/2025, 11:56:08 PM",3.637,83.1,99.1,0,2025-09-14T03:56:08.000Z
"9/13/2025, 11:59:08 PM",3.637,82.9,99.1,0,2025-09-14T03:59:08.000Z
"9/14/2025, 12:02:08 AM",3.637,82.9,99.1,0,2025-09-14T04:02:08.000Z
"9/14/2025, 12:05:08 AM",3.637,82.9,99.1,0,2025-09-14T04:05:08.000Z
"9/14/2025, 12:08:08 AM",3.637,82.9,99.1,0,2025-09-14T04:08:08.000Z
"9/14/2025, 12:11:08 AM",3.637,82.9,99.2,0,2025-09-14T04:11:08.000Z
"9/14/2025, 12:14:08 AM",3.637,82.9,99.1,0,2025-09-14T04:14:08.000Z
"9/14/2025, 12:17:08 AM",3.637,82.9,99.1,0,2025-09-14T04:17:08.000Z
"9/14/2025, 12:20:08 AM",3.637,82.9,99.1,0,2025-09-14T04:20:08.000Z
"9/14/2025, 12:23:08 AM",3.637,82.9,99.1,0,2025-09-14T04:23:08.000Z
"9/14/2025, 12:26:08 AM",3.637,82.8,99.1,0,2025-09-14T04:26:08.000Z
"9/14/2025, 12:29:08 AM",3.637,82.8,99.2,0,2025-09-14T04:29:08.000Z
"9/14/2025, 12:32:08 AM",3.637,82.8,99.2,0,2025-09-14T04:32:08.000Z
"9/14/2025, 12:35:08 AM",3.637,82.8,99.2,0,2025-09-14T04:35:08.000Z
"9/14/2025, 12:38:08 AM",3.637,82.8,99.2,0,2025-09-14T04:38:08.000Z
"9/14/2025, 12:41:08 AM",3.637,82.6,99.2,0,2025-09-14T04:41:08.000Z
"9/14/2025, 12:44:08 AM",3.637,82.6,99.2,0,2025-09-14T04:44:08.000Z
"9/14/2025, 12:47:08 AM",3.637,82.6,99.2,0,2025-09-14T04:47:08.000Z
"9/14/2025, 12:50:08 AM",3.637,82.6,99.2,0,2025-09-14T04:50:08.000Z
"9/14/2025, 12:53:08 AM",3.637,82.6,99.2,0,2025-09-14T04:53:08.000Z
"9/14/2025, 12:56:08 AM",3.637,82.4,99.2,0,2025-09-14T04:56:08.000Z
"9/14/2025, 12:59:08 AM",3.637,82.4,99.2,0,2025-09-14T04:59:08.000Z
"9/14/2025, 1:02:08 AM",3.637,82.4,99.2,0,2025-09-14T05:02:08.000Z
"9/14/2025, 1:05:08 AM",3.637,82.4,99.2,0,2025-09-14T05:05:08.000Z
"9/14/2025, 1:08:08 AM",3.637,82.4,99.2,0,2025-09-14T05:08:08.000Z
"9/14/2025, 1:11:08 AM",3.637,82.4,99.2,0,2025-09-14T05:11:08.000Z
"9/14/2025, 1:14:08 AM",3.637,82.2,99.2,0,2025-09-14T05:14:08.000Z
"9/14/2025, 1:17:08 AM",3.637,82.2,99.2,0,2025-09-14T05:17:08.000Z
"9/14/2025, 1:20:08 AM",3.637,82.4,99.3,0,2025-09-14T05:20:08.000Z
"9/14/2025, 1:23:08 AM",3.637,82.4,99.3,0,2025-09-14T05:23:08.000Z
"9/14/2025, 1:26:08 AM",3.637,82.4,99.3,0,2025-09-14T05:26:08.000Z
"9/14/2025, 1:29:08 AM",3.637,82.4,99.3,0,2025-09-14T05:29:08.000Z
"9/14/2025, 1:32:08 AM",3.637,82.2,99.3,0,2025-09-14T05:32:08.000Z
"9/14/2025, 1:35:08 AM",3.638,82.2,99.3,0,2025-09-14T05:35:08.000Z
"9/14/2025, 1:38:08 AM",3.637,82.2,99.3,0,2025-09-14T05:38:08.000Z
"9/14/2025, 1:41:08 AM",3.637,82.2,99.4,0,2025-09-14T05:41:08.000Z
"9/14/2025, 1:44:08 AM",3.637,82,99.4,0,2025-09-14T05:44:08.000Z
"9/14/2025, 1:47:08 AM",3.637,82,99.3,0,2025-09-14T05:47:08.000Z
"9/14/2025, 1:50:08 AM",3.637,82,99.3,0,2025-09-14T05:50:08.000Z
"9/14/2025, 1:53:08 AM",3.637,81.9,99.3,0,2025-09-14T05:53:08.000Z
"9/14/2025, 1:56:08 AM",3.637,81.9,99.4,0,2025-09-14T05:56:08.000Z
"9/14/2025, 1:59:08 AM",3.637,81.9,99.4,0,2025-09-14T05:59:08.000Z
"9/14/2025, 2:02:08 AM",3.637,81.9,99.4,0,2025-09-14T06:02:08.000Z
"9/14/2025, 2:05:08 AM",3.637,81.9,99.4,0,2025-09-14T06:05:08.000Z
"9/14/2025, 2:08:08 AM",3.637,81.9,99.4,0,2025-09-14T06:08:08.000Z
"9/14/2025, 2:11:08 AM",3.637,81.9,99.4,0,2025-09-14T06:11:08.000Z
"9/14/2025, 2:14:08 AM",3.637,81.7,99.4,0,2025-09-14T06:14:08.000Z
"9/14/2025, 2:17:08 AM",3.637,81.7,99.4,0,2025-09-14T06:17:08.000Z
"9/14/2025, 2:20:08 AM",3.637,81.7,99.4,0,2025-09-14T06:20:08.000Z
"9/14/2025, 2:23:08 AM",3.637,81.7,99.4,0,2025-09-14T06:23:08.000Z
"9/14/2025, 2:26:08 AM",3.637,81.7,99.4,0,2025-09-14T06:26:08.000Z
"9/14/2025, 2:29:08 AM",3.637,81.7,99.4,0,2025-09-14T06:29:08.000Z
"9/14/2025, 2:32:08 AM",3.637,81.5,99.4,0,2025-09-14T06:32:08.000Z
"9/14/2025, 2:35:08 AM",3.637,81.5,99.4,0,2025-09-14T06:35:08.000Z
"9/14/2025, 2:38:08 AM",3.637,81.5,99.4,0,2025-09-14T06:38:08.000Z
"9/14/2025, 2:41:08 AM",3.637,81.3,99.5,0,2025-09-14T06:41:08.000Z
"9/14/2025, 2:44:08 AM",3.637,81.3,99.4,0,2025-09-14T06:44:08.000Z
"9/14/2025, 2:47:08 AM",3.637,81.1,99.4,0,2025-09-14T06:47:08.000Z
"9/14/2025, 2:50:08 AM",3.637,81.1,99.5,0,2025-09-14T06:50:08.000Z
"9/14/2025, 2:53:08 AM",3.637,81.1,99.5,0,2025-09-14T06:53:08.000Z
"9/14/2025, 2:56:08 AM",3.637,81,99.4,0,2025-09-14T06:56:08.000Z
"9/14/2025, 2:59:08 AM",3.637,81,99.4,0,2025-09-14T06:59:08.000Z
"9/14/2025, 3:02:08 AM",3.637,81,99.5,0,2025-09-14T07:02:08.000Z
"9/14/2025, 3:05:08 AM",3.637,80.8,99.5,0,2025-09-14T07:05:08.000Z
"9/14/2025, 3:08:08 AM",3.637,80.8,99.5,0,2025-09-14T07:08:08.000Z
"9/14/2025, 3:11:08 AM",3.637,80.8,99.5,0,2025-09-14T07:11:08.000Z
"9/14/2025, 3:14:08 AM",3.637,80.8,99.5,0,2025-09-14T07:14:08.000Z
"9/14/2025, 3:17:08 AM",3.637,80.6,99.5,0,2025-09-14T07:17:08.000Z
"9/14/2025, 3:20:08 AM",3.637,80.6,99.5,0,2025-09-14T07:20:08.000Z
"9/14/2025, 3:23:08 AM",3.637,80.6,99.5,0,2025-09-14T07:23:08.000Z
"9/14/2025, 3:26:08 AM",3.637,80.6,99.5,0,2025-09-14T07:26:08.000Z
"9/14/2025, 3:29:08 AM",3.637,80.6,99.5,0,2025-09-14T07:29:08.000Z
"9/14/2025, 3:32:08 AM",3.637,80.6,99.5,0,2025-09-14T07:32:08.000Z
"9/14/2025, 3:35:08 AM",3.637,80.6,99.6,0,2025-09-14T07:35:08.000Z
"9/14/2025, 3:38:08 AM",3.637,80.6,99.6,0,2025-09-14T07:38:08.000Z
"9/14/2025, 3:41:08 AM",3.637,80.6,99.6,0,2025-09-14T07:41:08.000Z
"9/14/2025, 3:44:08 AM",3.637,80.6,99.6,0,2025-09-14T07:44:08.000Z
"9/14/2025, 3:47:08 AM",3.637,80.6,99.6,0,2025-09-14T07:47:08.000Z
"9/14/2025, 3:50:08 AM",3.637,80.6,99.6,0,2025-09-14T07:50:08.000Z
"9/14/2025, 3:53:08 AM",3.637,80.4,99.6,0,2025-09-14T07:53:08.000Z
"9/14/2025, 3:56:08 AM",3.637,80.4,99.6,0,2025-09-14T07:56:08.000Z
"9/14/2025, 3:59:08 AM",3.637,80.4,99.6,0,2025-09-14T07:59:08.000Z
"9/14/2025, 4:02:08 AM",3.637,80.4,99.6,0,2025-09-14T08:02:08.000Z
"9/14/2025, 4:05:08 AM",3.637,80.2,99.7,0,2025-09-14T08:05:08.000Z
"9/14/2025, 4:08:08 AM",3.637,80.2,99.7,0,2025-09-14T08:08:08.000Z
"9/14/2025, 4:11:08 AM",3.637,80.2,99.7,0,2025-09-14T08:11:08.000Z
"9/14/2025, 4:14:08 AM",3.637,80.1,99.7,0,2025-09-14T08:14:08.000Z
"9/14/2025, 4:17:08 AM",3.637,80.1,99.6,0,2025-09-14T08:17:08.000Z
"9/14/2025, 4:20:08 AM",3.637,80.1,99.7,0,2025-09-14T08:20:08.000Z
"9/14/2025, 4:23:08 AM",3.637,80.1,99.7,0,2025-09-14T08:23:08.000Z
"9/14/2025, 4:26:08 AM",3.637,80.1,99.7,0,2025-09-14T08:26:08.000Z
"9/14/2025, 4:29:08 AM",3.637,80.1,99.7,0,2025-09-14T08:29:08.000Z
"9/14/2025, 4:32:08 AM",3.637,80.2,99.7,0,2025-09-14T08:32:08.000Z
"9/14/2025, 4:35:08 AM",3.637,80.2,99.7,0,2025-09-14T08:35:08.000Z
"9/14/2025, 4:38:08 AM",3.637,80.2,99.7,0,2025-09-14T08:38:08.000Z
"9/14/2025, 4:41:08 AM",3.637,80.2,99.7,0,2025-09-14T08:41:08.000Z
"9/14/2025, 4:44:08 AM",3.637,80.2,99.7,0,2025-09-14T08:44:08.000Z
"9/14/2025, 4:47:08 AM",3.637,80.2,99.7,0,2025-09-14T08:47:08.000Z
"9/14/2025, 4:50:08 AM",3.637,80.2,99.8,0,2025-09-14T08:50:08.000Z
"9/14/2025, 4:53:08 AM",3.637,80.2,99.8,0,2025-09-14T08:53:08.000Z
"9/14/2025, 4:56:08 AM",3.637,80.2,99.8,0,2025-09-14T08:56:08.000Z
"9/14/2025, 4:59:08 AM",3.637,80.1,99.8,0,2025-09-14T08:59:08.000Z
"9/14/2025, 5:02:08 AM",3.637,80.1,99.8,0,2025-09-14T09:02:08.000Z
"9/14/2025, 5:05:08 AM",3.637,80.1,99.8,0,2025-09-14T09:05:08.000Z
"9/14/2025, 5:08:08 AM",3.637,80.1,99.8,0,2025-09-14T09:08:08.000Z
"9/14/2025, 5:11:08 AM",3.637,80.1,99.8,0,2025-09-14T09:11:08.000Z
"9/14/2025, 5:14:08 AM",3.637,80.1,99.8,0,2025-09-14T09:14:08.000Z
"9/14/2025, 5:17:08 AM",3.637,80.1,99.8,0,2025-09-14T09:17:08.000Z
"9/14/2025, 5:20:08 AM",3.637,80.1,99.8,0,2025-09-14T09:20:08.000Z
"9/14/2025, 5:23:08 AM",3.637,80.1,99.8,0,2025-09-14T09:23:08.000Z
"9/14/2025, 5:26:08 AM",3.637,80.1,99.8,0,2025-09-14T09:26:08.000Z
"9/14/2025, 5:29:08 AM",3.637,80.1,99.8,0,2025-09-14T09:29:08.000Z
"9/14/2025, 5:32:08 AM",3.637,80.1,99.8,0,2025-09-14T09:32:08.000Z
"9/14/2025, 5:35:08 AM",3.637,80.1,99.8,0,2025-09-14T09:35:08.000Z
"9/14/2025, 5:38:08 AM",3.637,80.1,99.8,0,2025-09-14T09:38:08.000Z
"9/14/2025, 5:41:08 AM",3.637,80.1,99.8,0,2025-09-14T09:41:08.000Z
"9/14/2025, 5:44:08 AM",3.637,79.9,99.8,0,2025-09-14T09:44:08.000Z
"9/14/2025, 5:47:08 AM",3.637,79.9,99.9,0,2025-09-14T09:47:08.000Z
"9/14/2025, 5:50:08 AM",3.637,79.7,99.8,0,2025-09-14T09:50:08.000Z
"9/14/2025, 5:53:08 AM",3.637,79.7,99.8,0,2025-09-14T09:53:08.000Z
"9/14/2025, 5:56:08 AM",3.637,79.7,99.8,0,2025-09-14T09:56:08.000Z
"9/14/2025, 5:59:08 AM",3.637,79.5,99.8,0,2025-09-14T09:59:08.000Z
"9/14/2025, 6:02:08 AM",3.637,79.5,99.9,0,2025-09-14T10:02:08.000Z
"9/14/2025, 6:05:08 AM",3.637,79.5,99.8,0,2025-09-14T10:05:08.000Z
"9/14/2025, 6:08:08 AM",3.637,79.5,99.8,0,2025-09-14T10:08:08.000Z
"9/14/2025, 6:11:08 AM",3.637,79.5,99.9,0,2025-09-14T10:11:08.000Z
"9/14/2025, 6:14:08 AM",3.636,79.3,99.9,0,2025-09-14T10:14:08.000Z
"9/14/2025, 6:17:08 AM",3.637,79.3,99.9,0,2025-09-14T10:17:08.000Z
"9/14/2025, 6:20:08 AM",3.637,79.3,99.9,0,2025-09-14T10:20:08.000Z
"9/14/2025, 6:23:08 AM",3.637,79.3,99.9,0,2025-09-14T10:23:08.000Z
"9/14/2025, 6:26:08 AM",3.637,79.3,99.9,0,2025-09-14T10:26:08.000Z
"9/14/2025, 6:29:08 AM",3.637,79.3,99.9,0,2025-09-14T10:29:08.000Z
"9/14/2025, 6:32:08 AM",3.637,79.3,99.9,0,2025-09-14T10:32:08.000Z
"9/14/2025, 6:35:08 AM",3.637,79.3,99.9,0,2025-09-14T10:35:08.000Z
"9/14/2025, 6:38:08 AM",3.637,79.3,99.9,0,2025-09-14T10:38:08.000Z
"9/14/2025, 6:41:08 AM",3.637,79.3,99.9,0,2025-09-14T10:41:08.000Z
"9/14/2025, 6:44:08 AM",3.637,79.3,99.9,0,2025-09-14T10:44:08.000Z
"9/14/2025, 6:47:08 AM",3.637,79.3,99.9,0,2025-09-14T10:47:08.000Z
"9/14/2025, 6:50:08 AM",3.637,79.2,99.9,0,2025-09-14T10:50:08.000Z
"9/14/2025, 6:53:08 AM",3.637,79.2,99.9,0,2025-09-14T10:53:08.000Z
"9/14/2025, 6:56:08 AM",3.637,79.2,99.9,0,2025-09-14T10:56:08.000Z
"9/14/2025, 6:59:08 AM",3.637,79.2,100,0,2025-09-14T10:59:08.000Z
"9/14/2025, 7:02:08 AM",3.637,79.2,100,0,2025-09-14T11:02:08.000Z
"9/14/2025, 7:05:08 AM",3.637,79.2,99.9,0,2025-09-14T11:05:08.000Z
"9/14/2025, 7:08:08 AM",3.637,79.2,99.9,0,2025-09-14T11:08:08.000Z
"9/14/2025, 7:11:08 AM",3.637,79.2,99.9,0,2025-09-14T11:11:08.000Z
"9/14/2025, 7:14:08 AM",3.637,79.2,100,0,2025-09-14T11:14:08.000Z
"9/14/2025, 7:17:08 AM",3.637,79,100,0,2025-09-14T11:17:08.000Z
"9/14/2025, 7:20:08 AM",3.637,79,100,0,2025-09-14T11:20:08.000Z
"9/14/2025, 7:23:08 AM",3.637,79,100,0,2025-09-14T11:23:08.000Z
"9/14/2025, 7:26:08 AM",3.637,79,100,0,2025-09-14T11:26:08.000Z
"9/14/2025, 7:29:08 AM",3.637,79,100,0,2025-09-14T11:29:08.000Z
"9/14/2025, 7:32:08 AM",3.637,79,100,0,2025-09-14T11:32:08.000Z
"9/14/2025, 7:35:08 AM",3.637,79,100,0,2025-09-14T11:35:08.000Z
"9/14/2025, 7:38:08 AM",3.637,79,100,0,2025-09-14T11:38:08.000Z
"9/14/2025, 7:41:08 AM",3.637,79,100,0,2025-09-14T11:41:08.000Z
"9/14/2025, 7:44:08 AM",3.637,79,100,0,2025-09-14T11:44:08.000Z
"9/14/2025, 7:47:08 AM",3.637,79,100,0,2025-09-14T11:47:08.000Z
"9/14/2025, 7:50:08 AM",3.637,79,100,0,2025-09-14T11:50:08.000Z
"9/14/2025, 7:53:08 AM",3.637,79,100,0,2025-09-14T11:53:08.000Z
"9/14/2025, 7:56:08 AM",3.637,79,100,0,2025-09-14T11:56:08.000Z
"9/14/2025, 7:59:08 AM",3.637,79.2,100,0,2025-09-14T11:59:08.000Z
"9/14/2025, 8:02:08 AM",3.637,79.2,100,0,2025-09-14T12:02:08.000Z
"9/14/2025, 8:05:08 AM",3.637,79.3,100,0,2025-09-14T12:05:08.000Z
"9/14/2025, 8:08:08 AM",3.637,79.3,100,0,2025-09-14T12:08:08.000Z
"9/14/2025, 8:11:08 AM",3.637,79.3,100,0,2025-09-14T12:11:08.000Z
"9/14/2025, 8:14:08 AM",3.637,79.5,100,0,2025-09-14T12:14:08.000Z
"9/14/2025, 8:17:08 AM",3.637,79.5,100,0,2025-09-14T12:17:08.000Z
"9/14/2025, 8:20:08 AM",3.636,79.7,100,0,2025-09-14T12:20:08.000Z
"9/14/2025, 8:23:08 AM",3.637,79.9,100,0,2025-09-14T12:23:08.000Z
"9/14/2025, 8:26:08 AM",3.637,80.1,100,0,2025-09-14T12:26:08.000Z
"9/14/2025, 8:29:08 AM",3.637,80.1,100,0,2025-09-14T12:29:08.000Z
"9/14/2025, 8:32:08 AM",3.637,80.2,100,0,2025-09-14T12:32:08.000Z
"9/14/2025, 8:35:08 AM",3.637,80.4,100,0,2025-09-14T12:35:08.000Z
"9/14/2025, 8:38:08 AM",3.637,80.6,100,0,2025-09-14T12:38:08.000Z
"9/14/2025, 8:41:08 AM",3.637,80.8,100,0,2025-09-14T12:41:08.000Z
"9/14/2025, 8:44:08 AM",3.637,80.8,100,0,2025-09-14T12:44:08.000Z
"9/14/2025, 8:47:08 AM",3.637,81,100,0,2025-09-14T12:47:08.000Z
"9/14/2025, 8:50:08 AM",3.637,81.1,100,0,2025-09-14T12:50:08.000Z
"9/14/2025, 8:53:08 AM",3.637,81.3,100,0,2025-09-14T12:53:08.000Z
"9/14/2025, 8:56:08 AM",3.637,81.5,100,0,2025-09-14T12:56:08.000Z
"9/14/2025, 8:59:08 AM",3.637,81.7,100,0,2025-09-14T12:59:08.000Z
"9/14/2025, 9:02:08 AM",3.637,81.9,100,0,2025-09-14T13:02:08.000Z
"9/14/2025, 9:05:08 AM",3.637,81.9,100,0,2025-09-14T13:05:08.000Z
"9/14/2025, 9:08:08 AM",3.637,82.2,100,0,2025-09-14T13:08:08.000Z
"9/14/2025, 9:11:08 AM",3.637,82.4,100,0,2025-09-14T13:11:08.000Z
"9/14/2025, 9:14:08 AM",3.637,82.6,100,0,2025-09-14T13:14:08.000Z
"9/14/2025, 9:17:08 AM",3.637,82.8,100,0,2025-09-14T13:17:08.000Z
"9/14/2025, 9:20:08 AM",3.637,82.9,100,0,2025-09-14T13:20:08.000Z
"9/14/2025, 9:23:08 AM",3.637,83.3,100,0,2025-09-14T13:23:08.000Z
"9/14/2025, 9:26:08 AM",3.637,83.7,100,0,2025-09-14T13:26:08.000Z
"9/14/2025, 9:29:08 AM",3.637,84,100,0,2025-09-14T13:29:08.000Z
"9/14/2025, 9:32:08 AM",3.637,84.4,100,0,2025-09-14T13:32:08.000Z
"9/14/2025, 9:35:08 AM",3.637,84.6,100,0,2025-09-14T13:35:08.000Z
"9/14/2025, 9:38:08 AM",3.637,84.9,100,0,2025-09-14T13:38:08.000Z
"9/14/2025, 9:41:08 AM",3.637,85.1,100,0,2025-09-14T13:41:08.000Z
"9/14/2025, 9:44:08 AM",3.637,85.5,100,0,2025-09-14T13:44:08.000Z
"9/14/2025, 9:47:08 AM",3.637,85.6,100,0,2025-09-14T13:47:08.000Z
"9/14/2025, 9:50:08 AM",3.636,85.8,100,0,2025-09-14T13:50:08.000Z
"9/14/2025, 9:53:08 AM",3.636,86.2,100,0,2025-09-14T13:53:08.000Z
"9/14/2025, 9:56:08 AM",3.637,86.4,100,0,2025-09-14T13:56:08.000Z
"9/14/2025, 9:59:08 AM",3.637,86.5,100,0,2025-09-14T13:59:08.000Z
"9/14/2025, 10:02:08 AM",3.637,86.7,100,0,2025-09-14T14:02:08.000Z
"9/14/2025, 10:05:08 AM",3.636,87.1,100,0,2025-09-14T14:05:08.000Z
"9/14/2025, 10:08:08 AM",3.637,87.3,100,0,2025-09-14T14:08:08.000Z
"9/14/2025, 10:11:08 AM",3.637,87.4,100,0,2025-09-14T14:11:08.000Z
"9/14/2025, 10:14:08 AM",3.636,87.4,100,0,2025-09-14T14:14:08.000Z
"9/14/2025, 10:17:08 AM",3.636,87.6,100,0,2025-09-14T14:17:08.000Z
"9/14/2025, 10:20:08 AM",3.636,87.6,100,0,2025-09-14T14:20:08.000Z
"9/14/2025, 10:23:08 AM",3.637,87.6,100,0,2025-09-14T14:23:08.000Z
"9/14/2025, 10:26:08 AM",3.637,87.8,100,0,2025-09-14T14:26:08.000Z
"9/14/2025, 10:29:08 AM",3.636,87.8,100,0,2025-09-14T14:29:08.000Z
"9/14/2025, 10:32:08 AM",3.637,87.8,100,0,2025-09-14T14:32:08.000Z
"9/14/2025, 10:35:08 AM",3.636,88,100,0,2025-09-14T14:35:08.000Z
"9/14/2025, 10:38:08 AM",3.637,88.2,100,0,2025-09-14T14:38:08.000Z
"9/14/2025, 10:41:08 AM",3.636,88.5,100,0,2025-09-14T14:41:08.000Z
"9/14/2025, 10:44:08 AM",3.637,88.9,100,0,2025-09-14T14:44:08.000Z
"9/14/2025, 10:47:08 AM",3.636,88.9,100,0,2025-09-14T14:47:08.000Z
"9/14/2025, 10:50:08 AM",3.636,89.2,100,0,2025-09-14T14:50:08.000Z
"9/14/2025, 10:53:08 AM",3.636,89.4,100,0,2025-09-14T14:53:08.000Z
"9/14/2025, 10:56:08 AM",3.636,89.6,100,0,2025-09-14T14:56:08.000Z
"9/14/2025, 10:59:08 AM",3.636,89.8,100,0,2025-09-14T14:59:08.000Z
"9/14/2025, 11:02:08 AM",3.636,89.8,100,0,2025-09-14T15:02:08.000Z
"9/14/2025, 11:05:08 AM",3.636,90,100,0,2025-09-14T15:05:08.000Z
"9/14/2025, 11:08:08 AM",3.636,90.1,100,0,2025-09-14T15:08:08.000Z
"9/14/2025, 11:11:08 AM",3.636,90.1,100,0,2025-09-14T15:11:08.000Z
"9/14/2025, 11:14:08 AM",3.636,90.3,100,0,2025-09-14T15:14:08.000Z
"9/14/2025, 11:17:08 AM",3.636,90.5,100,0,2025-09-14T15:17:08.000Z
"9/14/2025, 11:20:08 AM",3.636,90.7,100,0,2025-09-14T15:20:08.000Z
"9/14/2025, 11:23:08 AM",3.636,90.7,100,0,2025-09-14T15:23:08.000Z
"9/14/2025, 11:26:08 AM",3.636,90.9,100,0,2025-09-14T15:26:08.000Z
"9/14/2025, 11:29:08 AM",3.636,91,100,0,2025-09-14T15:29:08.000Z
"9/14/2025, 11:32:08 AM",3.636,91.2,100,0,2025-09-14T15:32:08.000Z
"9/14/2025, 11:35:08 AM",3.637,91.6,100,0,2025-09-14T15:35:08.000Z
"9/14/2025, 11:38:08 AM",3.636,91.8,100,0,2025-09-14T15:38:08.000Z
"9/14/2025, 11:41:08 AM",3.636,91.9,100,0,2025-09-14T15:41:08.000Z
"9/14/2025, 11:44:08 AM",3.636,92.1,100,0,2025-09-14T15:44:08.000Z
"9/14/2025, 11:47:08 AM",3.636,92.3,100,0,2025-09-14T15:47:08.000Z
"9/14/2025, 11:50:08 AM",3.636,92.5,100,0,2025-09-14T15:50:08.000Z
"9/14/2025, 11:53:08 AM",3.637,92.7,100,0,2025-09-14T15:53:08.000Z
"9/14/2025, 11:56:08 AM",3.636,93,99.9,0,2025-09-14T15:56:08.000Z
"9/14/2025, 11:59:08 AM",3.637,93.2,99.9,0,2025-09-14T15:59:08.000Z
"9/14/2025, 12:02:08 PM",3.636,93.6,99.9,0,2025-09-14T16:02:08.000Z
"9/14/2025, 12:05:08 PM",3.636,93.7,99.9,0,2025-09-14T16:05:08.000Z
"9/14/2025, 12:08:08 PM",3.637,94.1,99.9,0,2025-09-14T16:08:08.000Z
"9/14/2025, 12:11:08 PM",3.636,94.3,99.8,0,2025-09-14T16:11:08.000Z
"9/14/2025, 12:14:08 PM",3.636,94.6,99.8,0,2025-09-14T16:14:08.000Z
"9/14/2025, 12:17:08 PM",3.636,94.8,99.8,0,2025-09-14T16:17:08.000Z
"9/14/2025, 12:20:08 PM",3.637,95.2,99.8,0,2025-09-14T16:20:08.000Z
"9/14/2025, 12:23:08 PM",3.637,95.5,99.7,0,2025-09-14T16:23:08.000Z
"9/14/2025, 12:26:08 PM",3.637,95.9,99.7,0,2025-09-14T16:26:08.000Z
"9/14/2025, 12:29:08 PM",3.637,96.3,99.6,0,2025-09-14T16:29:08.000Z
"9/14/2025, 12:32:08 PM",3.637,96.6,99.6,0,2025-09-14T16:32:08.000Z
"9/14/2025, 12:35:08 PM",3.636,97,99.5,0,2025-09-14T16:35:08.000Z
"9/14/2025, 12:38:08 PM",3.636,97.3,99.5,0,2025-09-14T16:38:08.000Z
"9/14/2025, 12:41:08 PM",3.636,97.7,99.4,0,2025-09-14T16:41:08.000Z
"9/14/2025, 12:44:08 PM",3.636,98.1,99.4,0,2025-09-14T16:44:08.000Z
"9/14/2025, 12:47:08 PM",3.637,98.6,99.3,0,2025-09-14T16:47:08.000Z
"9/14/2025, 12:50:08 PM",3.637,99,99.2,0,2025-09-14T16:50:08.000Z
"9/14/2025, 12:53:08 PM",3.636,99.1,99.2,0,2025-09-14T16:53:08.000Z
"9/14/2025, 12:56:08 PM",3.637,99.5,99.1,0,2025-09-14T16:56:08.000Z
"9/14/2025, 12:59:08 PM",3.636,99.7,99,0,2025-09-14T16:59:08.000Z
"9/14/2025, 1:02:08 PM",3.636,100,99,0,2025-09-14T17:02:08.000Z
"9/14/2025, 1:05:08 PM",3.636,100.2,98.9,0,2025-09-14T17:05:08.000Z
"9/14/2025, 1:08:08 PM",3.637,100.4,98.8,0,2025-09-14T17:08:08.000Z
"9/14/2025, 1:11:08 PM",3.636,100.6,98.7,0,2025-09-14T17:11:08.000Z
"9/14/2025, 1:14:08 PM",3.636,100.6,98.7,0,2025-09-14T17:14:08.000Z
"9/14/2025, 1:17:08 PM",3.636,100.8,98.6,0,2025-09-14T17:17:08.000Z
"9/14/2025, 1:20:08 PM",3.636,100.8,98.5,0,2025-09-14T17:20:08.000Z
"9/14/2025, 1:23:08 PM",3.637,100.9,98.4,0,2025-09-14T17:23:08.000Z
"9/14/2025, 1:26:08 PM",3.637,101.1,98.4,0,2025-09-14T17:26:08.000Z
"9/14/2025, 1:29:08 PM",3.637,101.1,98.3,0,2025-09-14T17:29:08.000Z
"9/14/2025, 1:32:08 PM",3.637,101.3,98.2,0,2025-09-14T17:32:08.000Z
"9/14/2025, 1:35:08 PM",3.636,101.7,98.1,0,2025-09-14T17:35:08.000Z
"9/14/2025, 1:38:08 PM",3.637,101.8,98.1,0,2025-09-14T17:38:08.000Z
"9/14/2025, 1:41:08 PM",3.637,101.8,98,0,2025-09-14T17:41:08.000Z
"9/14/2025, 1:44:08 PM",3.637,102,97.9,0,2025-09-14T17:44:08.000Z
"9/14/2025, 1:47:08 PM",3.637,102.2,97.9,0,2025-09-14T17:47:08.000Z
"9/14/2025, 1:50:08 PM",3.637,102.2,97.8,0,2025-09-14T17:50:08.000Z
"9/14/2025, 1:53:08 PM",3.637,102.4,97.8,0,2025-09-14T17:53:08.000Z
"9/14/2025, 1:56:08 PM",3.636,102.4,97.7,0,2025-09-14T17:56:08.000Z
"9/14/2025, 1:59:08 PM",3.637,102.6,97.7,0,2025-09-14T17:59:08.000Z
"9/14/2025, 2:02:08 PM",3.637,102.7,97.6,0,2025-09-14T18:02:08.000Z
"9/14/2025, 2:05:08 PM",3.637,102.9,97.6,0,2025-09-14T18:05:08.000Z
"9/14/2025, 2:08:08 PM",3.637,102.7,97.5,0,2025-09-14T18:08:08.000Z
"9/14/2025, 2:11:08 PM",3.637,102.6,97.5,0,2025-09-14T18:11:08.000Z
"9/14/2025, 2:14:08 PM",3.637,102.2,97.5,0,2025-09-14T18:14:08.000Z
"9/14/2025, 2:17:08 PM",3.637,102,97.4,0,2025-09-14T18:17:08.000Z
"9/14/2025, 2:20:08 PM",3.637,102,97.3,0,2025-09-14T18:20:08.000Z
"9/14/2025, 2:23:08 PM",3.637,102,97.3,0,2025-09-14T18:23:08.000Z
"9/14/2025, 2:26:08 PM",3.637,102,97.2,0,2025-09-14T18:26:08.000Z
"9/14/2025, 2:29:08 PM",3.637,102.2,97.2,0,2025-09-14T18:29:08.000Z
"9/14/2025, 2:32:08 PM",3.638,102.4,97.2,0,2025-09-14T18:32:08.000Z
"9/14/2025, 2:35:08 PM",3.637,102.6,97.1,0,2025-09-14T18:35:08.000Z
"9/14/2025, 2:38:08 PM",3.637,102.9,97.1,0,2025-09-14T18:38:08.000Z
"9/14/2025, 2:41:08 PM",3.637,103.1,97.1,0,2025-09-14T18:41:08.000Z
"9/14/2025, 2:44:08 PM",3.637,103.1,97,0,2025-09-14T18:44:08.000Z
"9/14/2025, 2:47:08 PM",3.637,103.3,96.9,0,2025-09-14T18:47:08.000Z
"9/14/2025, 2:50:08 PM",3.637,103.5,96.9,0,2025-09-14T18:50:08.000Z
"9/14/2025, 2:53:08 PM",3.637,103.8,96.8,0,2025-09-14T18:53:08.000Z
"9/14/2025, 2:56:08 PM",3.637,103.8,96.8,0,2025-09-14T18:56:08.000Z
"9/14/2025, 2:59:08 PM",3.637,104,96.8,0,2025-09-14T18:59:08.000Z
"9/14/2025, 3:02:08 PM",3.637,104.2,96.7,0,2025-09-14T19:02:08.000Z
"9/14/2025, 3:05:08 PM",3.637,104.2,96.7,0,2025-09-14T19:05:08.000Z
"9/14/2025, 3:08:08 PM",3.637,104.4,96.7,0,2025-09-14T19:08:08.000Z
"9/14/2025, 3:11:08 PM",3.637,104.5,96.6,0,2025-09-14T19:11:08.000Z
"9/14/2025, 3:14:08 PM",3.637,104.7,96.6,0,2025-09-14T19:14:08.000Z
"9/14/2025, 3:17:08 PM",3.637,104.5,96.5,0,2025-09-14T19:17:08.000Z
"9/14/2025, 3:20:08 PM",3.637,104.4,96.5,0.4,2025-09-14T19:20:08.000Z
"9/14/2025, 3:23:08 PM",3.637,104.2,96.5,0.4,2025-09-14T19:23:08.000Z
"9/14/2025, 3:26:08 PM",3.637,104.2,96.4,0,2025-09-14T19:26:08.000Z
"9/14/2025, 3:29:08 PM",3.637,104,96.4,0,2025-09-14T19:29:08.000Z
"9/14/2025, 3:32:08 PM",3.637,104.2,96.4,0,2025-09-14T19:32:08.000Z
"9/14/2025, 3:35:08 PM",3.638,104.2,96.3,0,2025-09-14T19:35:08.000Z
"9/14/2025, 3:38:08 PM",3.638,104.2,96.3,0,2025-09-14T19:38:08.000Z
"9/14/2025, 3:41:08 PM",3.638,104.4,96.3,0,2025-09-14T19:41:08.000Z
"9/14/2025, 3:44:08 PM",3.638,104.4,96.3,0,2025-09-14T19:44:08.000Z
"9/14/2025, 3:47:08 PM",3.637,104.4,96.3,0,2025-09-14T19:47:08.000Z
"9/14/2025, 3:50:08 PM",3.638,104.2,96.3,0,2025-09-14T19:50:08.000Z
"9/14/2025, 3:53:08 PM",3.638,104.2,96.3,0,2025-09-14T19:53:08.000Z
"9/14/2025, 3:56:08 PM",3.638,104.2,96.3,0,2025-09-14T19:56:08.000Z
"9/14/2025, 3:59:08 PM",3.637,103.8,96.3,0,2025-09-14T19:59:08.000Z
"9/14/2025, 4:02:08 PM",3.637,103.8,96.3,0,2025-09-14T20:02:08.000Z
"9/14/2025, 4:05:08 PM",3.637,103.8,96.3,0,2025-09-14T20:05:08.000Z
"9/14/2025, 4:08:08 PM",3.638,103.8,96.3,0,2025-09-14T20:08:08.000Z
"9/14/2025, 4:11:08 PM",3.638,103.8,96.3,0,2025-09-14T20:11:08.000Z
"9/14/2025, 4:14:08 PM",3.637,103.8,96.3,0,2025-09-14T20:14:08.000Z
"9/14/2025, 4:17:08 PM",3.638,103.6,96.3,0,2025-09-14T20:17:08.000Z
"9/14/2025, 4:20:08 PM",3.638,103.3,96.3,0,2025-09-14T20:20:08.000Z
"9/14/2025, 4:23:08 PM",3.637,103.1,96.4,0,2025-09-14T20:23:08.000Z
"9/14/2025, 4:26:08 PM",3.637,102.9,96.3,0,2025-09-14T20:26:08.000Z
"9/14/2025, 4:29:08 PM",3.638,102.9,96.4,0,2025-09-14T20:29:08.000Z
"9/14/2025, 4:32:08 PM",3.638,102.9,96.4,0,2025-09-14T20:32:08.000Z
"9/14/2025, 4:35:08 PM",3.638,102.9,96.5,0,2025-09-14T20:35:08.000Z
"9/14/2025, 4:38:08 PM",3.637,102.7,96.5,0,2025-09-14T20:38:08.000Z
"9/14/2025, 4:41:08 PM",3.638,102.7,96.5,0,2025-09-14T20:41:08.000Z
"9/14/2025, 4:44:08 PM",3.638,102.7,96.5,0,2025-09-14T20:44:08.000Z
"9/14/2025, 4:47:08 PM",3.638,102.4,96.5,0,2025-09-14T20:47:08.000Z
"9/14/2025, 4:50:08 PM",3.637,101.8,96.6,0,2025-09-14T20:50:08.000Z
"9/14/2025, 4:53:08 PM",3.637,101.8,96.6,0,2025-09-14T20:53:08.000Z
"9/14/2025, 4:56:08 PM",3.638,101.7,96.6,0,2025-09-14T20:56:08.000Z
"9/14/2025, 4:59:08 PM",3.637,101.7,96.6,0,2025-09-14T20:59:08.000Z
"9/14/2025, 5:02:08 PM",3.638,101.5,96.6,0,2025-09-14T21:02:08.000Z
"9/14/2025, 5:05:08 PM",3.638,101.5,96.7,0,2025-09-14T21:05:08.000Z
"9/14/2025, 5:08:08 PM",3.637,101.7,96.7,0,2025-09-14T21:08:08.000Z
"9/14/2025, 5:11:08 PM",3.638,101.7,96.7,0,2025-09-14T21:11:08.000Z
"9/14/2025, 5:14:08 PM",3.637,101.5,96.7,0,2025-09-14T21:14:08.000Z
"9/14/2025, 5:17:08 PM",3.638,100.9,96.7,0,2025-09-14T21:17:08.000Z
"9/14/2025, 5:20:08 PM",3.638,100.6,96.8,0,2025-09-14T21:20:08.000Z
"9/14/2025, 5:23:08 PM",3.638,100.4,96.7,0,2025-09-14T21:23:08.000Z
"9/14/2025, 5:26:08 PM",3.638,100.4,96.7,0,2025-09-14T21:26:08.000Z
"9/14/2025, 5:29:08 PM",3.638,100.4,96.8,0,2025-09-14T21:29:08.000Z
"9/14/2025, 5:32:08 PM",3.638,100.4,96.8,0,2025-09-14T21:32:08.000Z
"9/14/2025, 5:35:08 PM",3.638,100.4,96.9,0,2025-09-14T21:35:08.000Z
"9/14/2025, 5:38:08 PM",3.638,100.2,96.9,0,2025-09-14T21:38:08.000Z
"9/14/2025, 5:41:08 PM",3.638,100.2,96.9,0,2025-09-14T21:41:08.000Z
"9/14/2025, 5:44:08 PM",3.638,99.7,97,0,2025-09-14T21:44:08.000Z
"9/14/2025, 5:47:08 PM",3.638,99.1,97,0,2025-09-14T21:47:08.000Z
"9/14/2025, 5:50:08 PM",3.638,98.8,97,0,2025-09-14T21:50:08.000Z
"9/14/2025, 5:53:08 PM",3.638,98.4,97,0,2025-09-14T21:53:08.000Z
"9/14/2025, 5:56:08 PM",3.638,98.2,97,0,2025-09-14T21:56:08.000Z
"9/14/2025, 5:59:08 PM",3.638,97.9,97,0,2025-09-14T21:59:08.000Z
"9/14/2025, 6:02:08 PM",3.638,97.7,97,0,2025-09-14T22:02:08.000Z
"9/14/2025, 6:05:08 PM",3.638,97.3,97,0,2025-09-14T22:05:08.000Z
"9/14/2025, 6:08:08 PM",3.638,97.2,97,0,2025-09-14T22:08:08.000Z
"9/14/2025, 6:11:08 PM",3.638,97,97,0,2025-09-14T22:11:08.000Z
"9/14/2025, 6:14:08 PM",3.638,96.8,97.1,0,2025-09-14T22:14:08.000Z
"9/14/2025, 6:17:08 PM",3.638,96.6,97.1,0,2025-09-14T22:17:08.000Z
"9/14/2025, 6:20:08 PM",3.638,96.3,97.1,0,2025-09-14T22:20:08.000Z
"9/14/2025, 6:23:08 PM",3.638,96.1,97.1,0,2025-09-14T22:23:08.000Z
"9/14/2025, 6:26:08 PM",3.638,95.9,97.1,0,2025-09-14T22:26:08.000Z
"9/14/2025, 6:29:08 PM",3.639,95.5,97.2,0,2025-09-14T22:29:08.000Z
"9/14/2025, 6:32:08 PM",3.638,95.2,97.1,0,2025-09-14T22:32:08.000Z
"9/14/2025, 6:35:08 PM",3.638,94.8,97.2,0,2025-09-14T22:35:08.000Z
"9/14/2025, 6:38:08 PM",3.638,94.5,97.2,0,2025-09-14T22:38:08.000Z
"9/14/2025, 6:41:08 PM",3.638,94.3,97.2,0,2025-09-14T22:41:08.000Z
"9/14/2025, 6:44:08 PM",3.638,93.9,97.2,0,2025-09-14T22:44:08.000Z
"9/14/2025, 6:47:08 PM",3.638,93.6,97.3,0,2025-09-14T22:47:08.000Z
"9/14/2025, 6:50:08 PM",3.638,93.2,97.3,0,2025-09-14T22:50:08.000Z
"9/14/2025, 6:53:08 PM",3.638,93,97.4,0,2025-09-14T22:53:08.000Z
"9/14/2025, 6:56:08 PM",3.638,92.7,97.4,0,2025-09-14T22:56:08.000Z
"9/14/2025, 6:59:08 PM",3.638,92.5,97.5,0,2025-09-14T22:59:08.000Z
"9/14/2025, 7:02:08 PM",3.639,92.1,97.5,0,2025-09-14T23:02:08.000Z
"9/14/2025, 7:05:08 PM",3.639,91.8,97.5,0,2025-09-14T23:05:08.000Z
"9/14/2025, 7:08:08 PM",3.639,91.6,97.6,0,2025-09-14T23:08:08.000Z
"9/14/2025, 7:11:08 PM",3.638,91.2,97.6,0,2025-09-14T23:11:08.000Z
"9/14/2025, 7:14:08 PM",3.639,91,97.6,0,2025-09-14T23:14:08.000Z
"9/14/2025, 7:17:08 PM",3.639,90.7,97.6,0,2025-09-14T23:17:08.000Z
"9/14/2025, 7:20:08 PM",3.639,90.5,97.7,0,2025-09-14T23:20:08.000Z
"9/14/2025, 7:23:08 PM",3.639,90.3,97.7,0,2025-09-14T23:23:08.000Z
"9/14/2025, 7:26:08 PM",3.639,90.1,97.7,0,2025-09-14T23:26:08.000Z
"9/14/2025, 7:29:08 PM",3.639,89.8,97.8,0,2025-09-14T23:29:08.000Z
"9/14/2025, 7:32:08 PM",3.639,89.8,97.8,0,2025-09-14T23:32:08.000Z
"9/14/2025, 7:35:08 PM",3.639,89.6,97.8,0,2025-09-14T23:35:08.000Z
"9/14/2025, 7:38:08 PM",3.639,89.2,97.8,0,2025-09-14T23:38:08.000Z
"9/14/2025, 7:41:08 PM",3.639,89.1,97.8,0,2025-09-14T23:41:08.000Z
"9/14/2025, 7:44:08 PM",3.639,88.9,97.9,0,2025-09-14T23:44:08.000Z
"9/14/2025, 7:47:08 PM",3.639,88.7,97.9,0,2025-09-14T23:47:08.000Z
"9/14/2025, 7:50:08 PM",3.639,88.3,97.9,0,2025-09-14T23:50:08.000Z
"9/14/2025, 7:53:08 PM",3.639,88.2,97.9,0,2025-09-14T23:53:08.000Z
"9/14/2025, 7:56:08 PM",3.639,88,97.9,0,2025-09-14T23:56:08.000Z
"9/14/2025, 7:59:08 PM",3.639,87.8,98,0,2025-09-14T23:59:08.000Z
"9/14/2025, 8:02:08 PM",3.639,87.4,97.9,0,2025-09-15T00:02:08.000Z
"9/14/2025, 8:05:08 PM",3.639,87.3,98,0,2025-09-15T00:05:08.000Z
"9/14/2025, 8:08:08 PM",3.639,87.1,98,0,2025-09-15T00:08:08.000Z
"9/14/2025, 8:11:08 PM",3.639,86.9,98,0,2025-09-15T00:11:08.000Z
"9/14/2025, 8:14:08 PM",3.639,86.7,98.1,0,2025-09-15T00:14:08.000Z
"9/14/2025, 8:17:08 PM",3.639,86.5,98,0,2025-09-15T00:17:08.000Z
"9/14/2025, 8:20:08 PM",3.639,86.4,98,0,2025-09-15T00:20:08.000Z
"9/14/2025, 8:23:08 PM",3.64,86.2,98.1,0,2025-09-15T00:23:08.000Z
"9/14/2025, 8:26:08 PM",3.639,86,98,0,2025-09-15T00:26:08.000Z
"9/14/2025, 8:29:08 PM",3.639,85.8,98.1,0,2025-09-15T00:29:08.000Z
"9/14/2025, 8:32:08 PM",3.639,85.8,98.1,0,2025-09-15T00:32:08.000Z
"9/14/2025, 8:35:08 PM",3.639,85.6,98.1,0,2025-09-15T00:35:08.000Z
"9/14/2025, 8:38:08 PM",3.639,85.5,98.2,0,2025-09-15T00:38:08.000Z
"9/14/2025, 8:41:08 PM",3.64,85.3,98.2,0,2025-09-15T00:41:08.000Z
"9/14/2025, 8:44:08 PM",3.639,85.1,98.2,0,2025-09-15T00:44:08.000Z
"9/14/2025, 8:47:08 PM",3.639,85.1,98.2,0,2025-09-15T00:47:08.000Z
"9/14/2025, 8:50:08 PM",3.639,84.9,98.2,0,2025-09-15T00:50:08.000Z
"9/14/2025, 8:53:08 PM",3.639,84.7,98.2,0,2025-09-15T00:53:08.000Z
"9/14/2025, 8:56:08 PM",3.639,84.7,98.2,0,2025-09-15T00:56:08.000Z
"9/14/2025, 8:59:08 PM",3.639,84.6,98.3,0,2025-09-15T00:59:08.000Z
"9/14/2025, 9:02:08 PM",3.639,84.4,98.3,0,2025-09-15T01:02:08.000Z
"9/14/2025, 9:05:08 PM",3.64,84.2,98.3,0,2025-09-15T01:05:08.000Z
"9/14/2025, 9:08:08 PM",3.639,84.2,98.3,0,2025-09-15T01:08:08.000Z
"9/14/2025, 9:11:08 PM",3.639,84,98.3,0,2025-09-15T01:11:08.000Z
"9/14/2025, 9:14:08 PM",3.64,84,98.4,0,2025-09-15T01:14:08.000Z
"9/14/2025, 9:17:08 PM",3.639,83.8,98.3,0,2025-09-15T01:17:08.000Z
"9/14/2025, 9:20:08 PM",3.639,83.8,98.4,0,2025-09-15T01:20:08.000Z
"9/14/2025, 9:23:08 PM",3.639,83.7,98.4,0,2025-09-15T01:23:08.000Z
"9/14/2025, 9:26:08 PM",3.639,83.7,98.4,0,2025-09-15T01:26:08.000Z
"9/14/2025, 9:29:08 PM",3.639,83.5,98.4,0,2025-09-15T01:29:08.000Z
"9/14/2025, 9:32:08 PM",3.639,83.5,98.4,0,2025-09-15T01:32:08.000Z
"9/14/2025, 9:35:08 PM",3.64,83.3,98.4,0,2025-09-15T01:35:08.000Z
"9/14/2025, 9:38:08 PM",3.64,83.3,98.5,0,2025-09-15T01:38:08.000Z
"9/14/2025, 9:41:08 PM",3.64,83.3,98.4,0,2025-09-15T01:41:08.000Z
"9/14/2025, 9:44:08 PM",3.64,83.1,98.5,0,2025-09-15T01:44:08.000Z
"9/14/2025, 9:47:08 PM",3.64,83.1,98.5,0,2025-09-15T01:47:08.000Z
"9/14/2025, 9:50:08 PM",3.639,82.9,98.5,0,2025-09-15T01:50:08.000Z
"9/14/2025, 9:53:08 PM",3.639,82.9,98.5,0,2025-09-15T01:53:08.000Z
"9/14/2025, 9:56:08 PM",3.639,82.8,98.5,0,2025-09-15T01:56:08.000Z
"9/14/2025, 9:59:08 PM",3.639,82.8,98.6,0,2025-09-15T01:59:08.000Z
"9/14/2025, 10:02:08 PM",3.639,82.6,98.6,0,2025-09-15T02:02:08.000Z
"9/14/2025, 10:05:08 PM",3.639,82.6,98.6,0,2025-09-15T02:05:08.000Z
"9/14/2025, 10:08:08 PM",3.639,82.6,98.6,0,2025-09-15T02:08:08.000Z
"9/14/2025, 10:11:08 PM",3.64,82.4,98.6,0,2025-09-15T02:11:08.000Z
"9/14/2025, 10:14:08 PM",3.639,82.4,98.7,0,2025-09-15T02:14:08.000Z
"9/14/2025, 10:17:08 PM",3.639,82.2,98.6,0,2025-09-15T02:17:08.000Z
"9/14/2025, 10:20:08 PM",3.64,82.2,98.6,0,2025-09-15T02:20:08.000Z
"9/14/2025, 10:23:08 PM",3.639,82.2,98.7,0,2025-09-15T02:23:08.000Z
"9/14/2025, 10:26:08 PM",3.639,82.2,98.7,0,2025-09-15T02:26:08.000Z
"9/14/2025, 10:29:08 PM",3.64,82,98.7,0,2025-09-15T02:29:08.000Z
"9/14/2025, 10:32:08 PM",3.639,82,98.7,0,2025-09-15T02:32:08.000Z
"9/14/2025, 10:35:08 PM",3.639,82,98.7,0,2025-09-15T02:35:08.000Z
"9/14/2025, 10:38:08 PM",3.64,82,98.7,0,2025-09-15T02:38:08.000Z
"9/14/2025, 10:41:08 PM",3.639,82,98.7,0,2025-09-15T02:41:08.000Z
"9/14/2025, 10:44:08 PM",3.64,81.9,98.7,0,2025-09-15T02:44:08.000Z
"9/14/2025, 10:47:08 PM",3.639,81.9,98.7,0,2025-09-15T02:47:08.000Z
"9/14/2025, 10:50:08 PM",3.639,81.9,98.8,0,2025-09-15T02:50:08.000Z
"9/14/2025, 10:53:08 PM",3.639,81.9,98.8,0,2025-09-15T02:53:08.000Z
"9/14/2025, 10:56:08 PM",3.639,81.7,98.8,0,2025-09-15T02:56:08.000Z
"9/14/2025, 10:59:08 PM",3.639,81.7,98.8,0,2025-09-15T02:59:08.000Z
"9/14/2025, 11:02:08 PM",3.639,81.5,98.8,0,2025-09-15T03:02:08.000Z
"9/14/2025, 11:05:08 PM",3.639,81.3,98.9,0,2025-09-15T03:05:08.000Z
"9/14/2025, 11:08:08 PM",3.639,81.3,98.8,0,2025-09-15T03:08:08.000Z
"9/14/2025, 11:11:08 PM",3.639,81.3,98.8,0,2025-09-15T03:11:08.000Z
"9/14/2025, 11:14:08 PM",3.639,81.1,98.8,0,2025-09-15T03:14:08.000Z
"9/14/2025, 11:17:08 PM",3.639,81.1,98.9,0,2025-09-15T03:17:08.000Z
"9/14/2025, 11:20:08 PM",3.639,81.1,98.9,0,2025-09-15T03:20:08.000Z
"9/14/2025, 11:23:08 PM",3.639,81.1,98.9,0,2025-09-15T03:23:08.000Z
"9/14/2025, 11:26:08 PM",3.639,81.1,98.9,0,2025-09-15T03:26:08.000Z
"9/14/2025, 11:29:08 PM",3.639,81.1,98.9,0,2025-09-15T03:29:08.000Z
"9/14/2025, 11:32:08 PM",3.64,81.1,99,0,2025-09-15T03:32:08.000Z
"9/14/2025, 11:35:08 PM",3.64,81.1,99,0,2025-09-15T03:35:08.000Z
"9/14/2025, 11:38:08 PM",3.639,81.1,99,0,2025-09-15T03:38:08.000Z
"9/14/2025, 11:41:08 PM",3.64,81,98.9,0,2025-09-15T03:41:08.000Z
"9/14/2025, 11:44:08 PM",3.639,81,99,0,2025-09-15T03:44:08.000Z
"9/14/2025, 11:47:08 PM",3.639,81,99,0,2025-09-15T03:47:08.000Z
"9/14/2025, 11:50:08 PM",3.639,81,99,0,2025-09-15T03:50:08.000Z
"9/14/2025, 11:53:08 PM",3.639,80.8,99,0,2025-09-15T03:53:08.000Z
"9/14/2025, 11:56:08 PM",3.639,80.8,99,0,2025-09-15T03:56:08.000Z
"9/14/2025, 11:59:08 PM",3.64,80.8,99.1,0,2025-09-15T03:59:08.000Z
"9/15/2025, 12:02:08 AM",3.639,80.8,99.1,0,2025-09-15T04:02:08.000Z
"9/15/2025, 12:05:08 AM",3.639,80.6,99.1,0,2025-09-15T04:05:08.000Z
"9/15/2025, 12:08:08 AM",3.639,80.6,99.1,0,2025-09-15T04:08:08.000Z
"9/15/2025, 12:11:08 AM",3.639,80.6,99.1,0,2025-09-15T04:11:08.000Z
"9/15/2025, 12:14:08 AM",3.639,80.6,99.1,0,2025-09-15T04:14:08.000Z
"9/15/2025, 12:17:08 AM",3.64,80.6,99.2,0,2025-09-15T04:17:08.000Z
"9/15/2025, 12:20:08 AM",3.639,80.4,99.2,0,2025-09-15T04:20:08.000Z
"9/15/2025, 12:23:08 AM",3.639,80.6,99.2,0,2025-09-15T04:23:08.000Z
"9/15/2025, 12:26:08 AM",3.64,80.6,99.2,0,2025-09-15T04:26:08.000Z
"9/15/2025, 12:29:08 AM",3.639,80.6,99.2,0,2025-09-15T04:29:08.000Z
"9/15/2025, 12:32:08 AM",3.639,80.6,99.2,0,2025-09-15T04:32:08.000Z
"9/15/2025, 12:35:08 AM",3.639,80.6,99.2,0,2025-09-15T04:35:08.000Z
"9/15/2025, 12:38:08 AM",3.639,80.6,99.2,0,2025-09-15T04:38:08.000Z
"9/15/2025, 12:41:08 AM",3.639,80.6,99.2,0,2025-09-15T04:41:08.000Z
"9/15/2025, 12:44:08 AM",3.639,80.6,99.2,0,2025-09-15T04:44:08.000Z
"9/15/2025, 12:47:08 AM",3.639,80.6,99.2,0,2025-09-15T04:47:08.000Z
"9/15/2025, 12:50:08 AM",3.639,80.6,99.3,0,2025-09-15T04:50:08.000Z
"9/15/2025, 12:53:08 AM",3.639,80.6,99.3,0,2025-09-15T04:53:08.000Z
"9/15/2025, 12:56:08 AM",3.639,80.6,99.3,0,2025-09-15T04:56:08.000Z
"9/15/2025, 12:59:08 AM",3.639,80.6,99.3,0,2025-09-15T04:59:08.000Z
"9/15/2025, 1:02:08 AM",3.639,80.6,99.3,0,2025-09-15T05:02:08.000Z
"9/15/2025, 1:05:08 AM",3.639,80.6,99.3,0,2025-09-15T05:05:08.000Z
"9/15/2025, 1:08:08 AM",3.639,80.6,99.3,0,2025-09-15T05:08:08.000Z
"9/15/2025, 1:11:08 AM",3.639,80.6,99.3,0,2025-09-15T05:11:08.000Z
"9/15/2025, 1:14:08 AM",3.639,80.6,99.3,0,2025-09-15T05:14:08.000Z
"9/15/2025, 1:17:08 AM",3.639,80.6,99.3,0,2025-09-15T05:17:08.000Z
"9/15/2025, 1:20:08 AM",3.639,80.4,99.4,0,2025-09-15T05:20:08.000Z
"9/15/2025, 1:23:08 AM",3.64,80.4,99.4,0,2025-09-15T05:23:08.000Z
"9/15/2025, 1:26:08 AM",3.639,80.4,99.4,0,2025-09-15T05:26:08.000Z
"9/15/2025, 1:29:08 AM",3.639,80.4,99.4,0,2025-09-15T05:29:08.000Z
"9/15/2025, 1:32:08 AM",3.639,80.4,99.3,0,2025-09-15T05:32:08.000Z
"9/15/2025, 1:35:08 AM",3.64,80.4,99.3,0,2025-09-15T05:35:08.000Z
"9/15/2025, 1:38:08 AM",3.639,80.4,99.3,0,2025-09-15T05:38:08.000Z
"9/15/2025, 1:41:08 AM",3.639,80.4,99.3,0,2025-09-15T05:41:08.000Z
"9/15/2025, 1:44:08 AM",3.639,80.2,99.4,0,2025-09-15T05:44:08.000Z
"9/15/2025, 1:47:08 AM",3.639,80.2,99.4,0,2025-09-15T05:47:08.000Z
"9/15/2025, 1:50:08 AM",3.639,80.2,99.4,0,2025-09-15T05:50:08.000Z
"9/15/2025, 1:53:08 AM",3.64,80.2,99.4,0,2025-09-15T05:53:08.000Z
"9/15/2025, 1:56:08 AM",3.639,80.2,99.4,0,2025-09-15T05:56:08.000Z
"9/15/2025, 1:59:08 AM",3.639,80.2,99.4,0,2025-09-15T05:59:08.000Z
"9/15/2025, 2:02:08 AM",3.639,80.1,99.4,0,2025-09-15T06:02:08.000Z
"9/15/2025, 2:05:08 AM",3.639,80.1,99.4,0,2025-09-15T06:05:08.000Z
"9/15/2025, 2:08:08 AM",3.64,80.1,99.4,0,2025-09-15T06:08:08.000Z
"9/15/2025, 2:11:08 AM",3.639,80.1,99.4,0,2025-09-15T06:11:08.000Z
"9/15/2025, 2:14:08 AM",3.639,80.1,99.4,0,2025-09-15T06:14:08.000Z
"9/15/2025, 2:17:08 AM",3.639,80.1,99.4,0,2025-09-15T06:17:08.000Z
"9/15/2025, 2:20:08 AM",3.639,80.1,99.4,0,2025-09-15T06:20:08.000Z
"9/15/2025, 2:23:08 AM",3.639,80.1,99.5,0,2025-09-15T06:23:08.000Z
"9/15/2025, 2:26:08 AM",3.639,80.1,99.5,0,2025-09-15T06:26:08.000Z
"9/15/2025, 2:29:08 AM",3.639,80.1,99.5,0,2025-09-15T06:29:08.000Z
"9/15/2025, 2:32:08 AM",3.639,80.1,99.5,0,2025-09-15T06:32:08.000Z
"9/15/2025, 2:35:08 AM",3.639,80.1,99.5,0,2025-09-15T06:35:08.000Z
"9/15/2025, 2:38:08 AM",3.639,80.1,99.5,0,2025-09-15T06:38:08.000Z
"9/15/2025, 2:41:08 AM",3.639,80.1,99.5,0,2025-09-15T06:41:08.000Z
"9/15/2025, 2:44:08 AM",3.639,80.1,99.6,0,2025-09-15T06:44:08.000Z
"9/15/2025, 2:47:08 AM",3.639,80.1,99.6,0,2025-09-15T06:47:08.000Z
"9/15/2025, 2:50:08 AM",3.639,80.1,99.6,0,2025-09-15T06:50:08.000Z
"9/15/2025, 2:53:08 AM",3.639,80.1,99.6,0,2025-09-15T06:53:08.000Z
"9/15/2025, 2:56:08 AM",3.639,80.1,99.6,0,2025-09-15T06:56:08.000Z
"9/15/2025, 2:59:08 AM",3.639,80.1,99.6,0,2025-09-15T06:59:08.000Z
"9/15/2025, 3:02:08 AM",3.639,80.1,99.6,0,2025-09-15T07:02:08.000Z
"9/15/2025, 3:05:08 AM",3.639,80.1,99.6,0,2025-09-15T07:05:08.000Z
"9/15/2025, 3:08:08 AM",3.639,80.1,99.7,0,2025-09-15T07:08:08.000Z
"9/15/2025, 3:11:08 AM",3.639,80.1,99.7,0,2025-09-15T07:11:08.000Z
"9/15/2025, 3:14:08 AM",3.639,80.1,99.7,0,2025-09-15T07:14:08.000Z
"9/15/2025, 3:17:08 AM",3.639,80.1,99.7,0,2025-09-15T07:17:08.000Z
"9/15/2025, 3:20:08 AM",3.639,80.1,99.7,0,2025-09-15T07:20:08.000Z
"9/15/2025, 3:23:08 AM",3.639,80.1,99.7,0,2025-09-15T07:23:08.000Z
"9/15/2025, 3:26:08 AM",3.639,80.1,99.7,0,2025-09-15T07:26:08.000Z
"9/15/2025, 3:29:08 AM",3.64,80.1,99.7,0,2025-09-15T07:29:08.000Z
"9/15/2025, 3:32:08 AM",3.639,79.9,99.7,0,2025-09-15T07:32:08.000Z
"9/15/2025, 3:35:08 AM",3.639,79.9,99.7,0,2025-09-15T07:35:08.000Z
"9/15/2025, 3:38:08 AM",3.64,79.9,99.8,0,2025-09-15T07:38:08.000Z
"9/15/2025, 3:41:08 AM",3.639,79.9,99.8,0,2025-09-15T07:41:08.000Z
"9/15/2025, 3:44:08 AM",3.639,79.9,99.8,0,2025-09-15T07:44:08.000Z
"9/15/2025, 3:47:08 AM",3.639,79.9,99.8,0,2025-09-15T07:47:08.000Z
"9/15/2025, 3:50:08 AM",3.639,79.9,99.8,0,2025-09-15T07:50:08.000Z
"9/15/2025, 3:53:08 AM",3.639,79.9,99.8,0,2025-09-15T07:53:08.000Z
"9/15/2025, 3:56:08 AM",3.639,79.7,99.8,0,2025-09-15T07:56:08.000Z
"9/15/2025, 3:59:08 AM",3.639,79.7,99.8,0,2025-09-15T07:59:08.000Z
"9/15/2025, 4:02:08 AM",3.639,79.7,99.8,0,2025-09-15T08:02:08.000Z
"9/15/2025, 4:05:08 AM",3.639,79.7,99.8,0,2025-09-15T08:05:08.000Z
"9/15/2025, 4:08:08 AM",3.639,79.5,99.8,0,2025-09-15T08:08:08.000Z
"9/15/2025, 4:11:08 AM",3.64,79.5,99.8,0,2025-09-15T08:11:08.000Z
"9/15/2025, 4:14:08 AM",3.639,79.5,99.8,0,2025-09-15T08:14:08.000Z
"9/15/2025, 4:17:08 AM",3.639,79.3,99.8,0,2025-09-15T08:17:08.000Z
"9/15/2025, 4:20:08 AM",3.639,79.3,99.8,0,2025-09-15T08:20:08.000Z
"9/15/2025, 4:23:08 AM",3.639,79.3,99.8,0,2025-09-15T08:23:08.000Z
"9/15/2025, 4:26:08 AM",3.639,79.3,99.8,0,2025-09-15T08:26:08.000Z
"9/15/2025, 4:29:08 AM",3.639,79.3,99.8,0,2025-09-15T08:29:08.000Z
"9/15/2025, 4:32:08 AM",3.639,79.3,99.8,0,2025-09-15T08:32:08.000Z
"9/15/2025, 4:35:08 AM",3.639,79.2,99.8,0,2025-09-15T08:35:08.000Z
"9/15/2025, 4:38:08 AM",3.639,79.2,99.8,0,2025-09-15T08:38:08.000Z
"9/15/2025, 4:41:08 AM",3.639,79.2,99.8,0,2025-09-15T08:41:08.000Z
"9/15/2025, 4:44:08 AM",3.639,79,99.8,0,2025-09-15T08:44:08.000Z
"9/15/2025, 4:47:08 AM",3.639,79,99.8,0,2025-09-15T08:47:08.000Z
"9/15/2025, 4:50:08 AM",3.639,79,99.8,0,2025-09-15T08:50:08.000Z
"9/15/2025, 4:53:08 AM",3.639,79,99.9,0,2025-09-15T08:53:08.000Z
"9/15/2025, 4:56:08 AM",3.639,79,99.9,0,2025-09-15T08:56:08.000Z
"9/15/2025, 4:59:08 AM",3.639,79,99.9,0,2025-09-15T08:59:08.000Z
"9/15/2025, 5:02:08 AM",3.639,79,99.9,0,2025-09-15T09:02:08.000Z
"9/15/2025, 5:05:08 AM",3.639,79,99.9,0,2025-09-15T09:05:08.000Z
"9/15/2025, 5:08:08 AM",3.639,79,99.9,0,2025-09-15T09:08:08.000Z
"9/15/2025, 5:11:08 AM",3.639,79,99.9,0,2025-09-15T09:11:08.000Z
"9/15/2025, 5:14:08 AM",3.639,79,99.9,0,2025-09-15T09:14:08.000Z
"9/15/2025, 5:17:08 AM",3.639,79,99.9,0,2025-09-15T09:17:08.000Z
"9/15/2025, 5:20:08 AM",3.639,79,100,0,2025-09-15T09:20:08.000Z
"9/15/2025, 5:23:08 AM",3.639,79,100,0,2025-09-15T09:23:08.000Z
"9/15/2025, 5:26:08 AM",3.639,79,100,0,2025-09-15T09:26:08.000Z
"9/15/2025, 5:29:08 AM",3.639,79,100,0,2025-09-15T09:29:08.000Z
"9/15/2025, 5:32:08 AM",3.639,79,100,0,2025-09-15T09:32:08.000Z
"9/15/2025, 5:35:08 AM",3.639,79,100,0,2025-09-15T09:35:08.000Z
"9/15/2025, 5:38:08 AM",3.639,78.8,99.9,0,2025-09-15T09:38:08.000Z
"9/15/2025, 5:41:08 AM",3.639,78.8,99.9,0,2025-09-15T09:41:08.000Z
"9/15/2025, 5:44:08 AM",3.639,78.8,99.9,0,2025-09-15T09:44:08.000Z
"9/15/2025, 5:47:08 AM",3.639,78.8,100,0,2025-09-15T09:47:08.000Z
"9/15/2025, 5:50:08 AM",3.639,78.6,100,0,2025-09-15T09:50:08.000Z
"9/15/2025, 5:53:08 AM",3.639,78.6,100,0,2025-09-15T09:53:08.000Z
"9/15/2025, 5:56:08 AM",3.639,78.6,100,0,2025-09-15T09:56:08.000Z
"9/15/2025, 5:59:08 AM",3.639,78.6,100,0,2025-09-15T09:59:08.000Z
"9/15/2025, 6:02:08 AM",3.639,78.6,100,0,2025-09-15T10:02:08.000Z
"9/15/2025, 6:05:08 AM",3.639,78.4,100,0,2025-09-15T10:05:08.000Z
"9/15/2025, 6:08:08 AM",3.639,78.4,100,0,2025-09-15T10:08:08.000Z
"9/15/2025, 6:11:08 AM",3.639,78.4,100,0,2025-09-15T10:11:08.000Z
"9/15/2025, 6:14:08 AM",3.639,78.4,100,0,2025-09-15T10:14:08.000Z
"9/15/2025, 6:17:08 AM",3.639,78.4,100,0,2025-09-15T10:17:08.000Z
"9/15/2025, 6:20:08 AM",3.639,78.4,100,0,2025-09-15T10:20:08.000Z
"9/15/2025, 6:23:08 AM",3.639,78.4,100,0,2025-09-15T10:23:08.000Z
"9/15/2025, 6:26:08 AM",3.639,78.4,100,0,2025-09-15T10:26:08.000Z
"9/15/2025, 6:29:08 AM",3.639,78.4,100,0,2025-09-15T10:29:08.000Z
"9/15/2025, 6:32:08 AM",3.639,78.4,100,0,2025-09-15T10:32:08.000Z
"9/15/2025, 6:35:08 AM",3.639,78.3,100,0,2025-09-15T10:35:08.000Z
"9/15/2025, 6:38:08 AM",3.639,78.3,100,0,2025-09-15T10:38:08.000Z
"9/15/2025, 6:41:08 AM",3.639,78.1,100,0,2025-09-15T10:41:08.000Z
"9/15/2025, 6:44:08 AM",3.639,78.1,100,0,2025-09-15T10:44:08.000Z
"9/15/2025, 6:47:08 AM",3.639,78.1,100,0,2025-09-15T10:47:08.000Z
"9/15/2025, 6:50:08 AM",3.639,77.9,100,0,2025-09-15T10:50:08.000Z
"9/15/2025, 6:53:08 AM",3.639,77.9,100,0,2025-09-15T10:53:08.000Z
"9/15/2025, 6:56:08 AM",3.639,77.9,100,0,2025-09-15T10:56:08.000Z
"9/15/2025, 6:59:08 AM",3.639,77.7,100,0,2025-09-15T10:59:08.000Z
"9/15/2025, 7:02:08 AM",3.639,77.7,100,0,2025-09-15T11:02:08.000Z
"9/15/2025, 7:05:08 AM",3.639,77.7,100,0,2025-09-15T11:05:08.000Z
"9/15/2025, 7:08:08 AM",3.639,77.7,100,0,2025-09-15T11:08:08.000Z
"9/15/2025, 7:11:08 AM",3.639,77.5,100,0,2025-09-15T11:11:08.000Z
"9/15/2025, 7:14:08 AM",3.639,77.5,100,0,2025-09-15T11:14:08.000Z
"9/15/2025, 7:17:08 AM",3.639,77.7,100,0,2025-09-15T11:17:08.000Z
"9/15/2025, 7:20:08 AM",3.639,77.5,100,0,2025-09-15T11:20:08.000Z
"9/15/2025, 7:23:08 AM",3.639,77.7,100,0,2025-09-15T11:23:08.000Z
"9/15/2025, 7:26:08 AM",3.639,77.5,100,0,2025-09-15T11:26:08.000Z
"9/15/2025, 7:29:08 AM",3.639,77.5,100,0,2025-09-15T11:29:08.000Z
"9/15/2025, 7:32:08 AM",3.639,77.5,100,0,2025-09-15T11:32:08.000Z
"9/15/2025, 7:35:08 AM",3.639,77.5,100,0,2025-09-15T11:35:08.000Z
"9/15/2025, 7:38:08 AM",3.639,77.7,100,0,2025-09-15T11:38:08.000Z
"9/15/2025, 7:41:08 AM",3.639,77.7,100,0,2025-09-15T11:41:08.000Z
"9/15/2025, 7:44:08 AM",3.639,77.7,100,0,2025-09-15T11:44:08.000Z
"9/15/2025, 7:47:08 AM",3.639,77.7,100,0,2025-09-15T11:47:08.000Z
"9/15/2025, 7:50:08 AM",3.639,77.9,100,0,2025-09-15T11:50:08.000Z
"9/15/2025, 7:53:08 AM",3.639,78.1,100,0,2025-09-15T11:53:08.000Z
"9/15/2025, 7:56:08 AM",3.639,78.1,100,0,2025-09-15T11:56:08.000Z
"9/15/2025, 7:59:08 AM",3.639,78.3,100,0,2025-09-15T11:59:08.000Z
"9/15/2025, 8:02:08 AM",3.639,78.4,100,0,2025-09-15T12:02:08.000Z
"9/15/2025, 8:05:08 AM",3.639,78.6,100,0,2025-09-15T12:05:08.000Z
"9/15/2025, 8:08:08 AM",3.639,78.8,100,0,2025-09-15T12:08:08.000Z
"9/15/2025, 8:11:08 AM",3.638,79,100,0,2025-09-15T12:11:08.000Z
"9/15/2025, 8:14:08 AM",3.639,79,100,0,2025-09-15T12:14:08.000Z
"9/15/2025, 8:17:08 AM",3.639,79.2,100,0,2025-09-15T12:17:08.000Z
"9/15/2025, 8:20:08 AM",3.639,79.3,100,0,2025-09-15T12:20:08.000Z
"9/15/2025, 8:23:08 AM",3.639,79.5,100,0,2025-09-15T12:23:08.000Z
"9/15/2025, 8:26:08 AM",3.639,79.5,100,0,2025-09-15T12:26:08.000Z
"9/15/2025, 8:29:08 AM",3.639,79.7,100,0,2025-09-15T12:29:08.000Z
"9/15/2025, 8:32:08 AM",3.639,79.9,100,0,2025-09-15T12:32:08.000Z
"9/15/2025, 8:35:08 AM",3.639,80.1,100,0,2025-09-15T12:35:08.000Z
"9/15/2025, 8:38:08 AM",3.639,80.2,100,0,2025-09-15T12:38:08.000Z
"9/15/2025, 8:41:08 AM",3.639,80.4,100,0,2025-09-15T12:41:08.000Z
"9/15/2025, 8:44:08 AM",3.639,80.6,100,0,2025-09-15T12:44:08.000Z
"9/15/2025, 8:47:08 AM",3.639,80.6,100,0,2025-09-15T12:47:08.000Z
"9/15/2025, 8:50:08 AM",3.639,80.8,100,0,2025-09-15T12:50:08.000Z
"9/15/2025, 8:53:08 AM",3.639,81,100,0,2025-09-15T12:53:08.000Z
"9/15/2025, 8:56:08 AM",3.639,81.1,100,0,2025-09-15T12:56:08.000Z
"9/15/2025, 8:59:08 AM",3.639,81.1,100,0,2025-09-15T12:59:08.000Z
"9/15/2025, 9:02:08 AM",3.638,81.3,100,0,2025-09-15T13:02:08.000Z
"9/15/2025, 9:05:08 AM",3.639,81.5,100,0,2025-09-15T13:05:08.000Z
"9/15/2025, 9:08:08 AM",3.639,81.7,100,0,2025-09-15T13:08:08.000Z
"9/15/2025, 9:11:08 AM",3.639,81.9,100,0,2025-09-15T13:11:08.000Z
"9/15/2025, 9:14:08 AM",3.639,82,100,0,2025-09-15T13:14:08.000Z
"9/15/2025, 9:17:08 AM",3.639,82.2,100,0,2025-09-15T13:17:08.000Z
"9/15/2025, 9:20:08 AM",3.639,82.4,100,0,2025-09-15T13:20:08.000Z
"9/15/2025, 9:23:08 AM",3.639,82.6,100,0,2025-09-15T13:23:08.000Z
"9/15/2025, 9:26:08 AM",3.639,82.8,100,0,2025-09-15T13:26:08.000Z
"9/15/2025, 9:29:08 AM",3.638,83.1,100,0,2025-09-15T13:29:08.000Z
"9/15/2025, 9:32:08 AM",3.638,83.3,100,0,2025-09-15T13:32:08.000Z
"9/15/2025, 9:35:08 AM",3.638,83.5,100,0,2025-09-15T13:35:08.000Z
"9/15/2025, 9:38:08 AM",3.639,83.8,100,0,2025-09-15T13:38:08.000Z
"9/15/2025, 9:41:08 AM",3.639,84,100,0,2025-09-15T13:41:08.000Z
"9/15/2025, 9:44:08 AM",3.639,84.4,100,0,2025-09-15T13:44:08.000Z
"9/15/2025, 9:47:08 AM",3.639,84.6,100,0,2025-09-15T13:47:08.000Z
"9/15/2025, 9:50:08 AM",3.638,84.9,100,0,2025-09-15T13:50:08.000Z
"9/15/2025, 9:53:08 AM",3.638,85.1,100,0,2025-09-15T13:53:08.000Z
"9/15/2025, 9:56:08 AM",3.638,85.5,100,0,2025-09-15T13:56:08.000Z
"9/15/2025, 9:59:08 AM",3.639,85.6,100,0,2025-09-15T13:59:08.000Z
"9/15/2025, 10:02:08 AM",3.639,86,100,0,2025-09-15T14:02:08.000Z
"9/15/2025, 10:05:08 AM",3.638,86.2,100,0,2025-09-15T14:05:08.000Z
"9/15/2025, 10:08:08 AM",3.638,86.4,100,0,2025-09-15T14:08:08.000Z
"9/15/2025, 10:11:08 AM",3.638,86.7,100,0,2025-09-15T14:11:08.000Z
"9/15/2025, 10:14:08 AM",3.638,86.9,100,0,2025-09-15T14:14:08.000Z
"9/15/2025, 10:17:08 AM",3.639,87.3,100,0,2025-09-15T14:17:08.000Z
"9/15/2025, 10:20:08 AM",3.638,87.4,100,0,2025-09-15T14:20:08.000Z
"9/15/2025, 10:23:08 AM",3.638,87.8,100,0,2025-09-15T14:23:08.000Z
"9/15/2025, 10:26:08 AM",3.638,88,100,0,2025-09-15T14:26:08.000Z
"9/15/2025, 10:29:08 AM",3.638,88.3,100,0,2025-09-15T14:29:08.000Z
"9/15/2025, 10:32:08 AM",3.639,88.5,100,0,2025-09-15T14:32:08.000Z
"9/15/2025, 10:35:08 AM",3.638,88.9,100,0,2025-09-15T14:35:08.000Z
"9/15/2025, 10:38:08 AM",3.638,89.1,100,0,2025-09-15T14:38:08.000Z
"9/15/2025, 10:41:08 AM",3.638,89.4,100,0,2025-09-15T14:41:08.000Z
"9/15/2025, 10:44:08 AM",3.638,89.8,100,0,2025-09-15T14:44:08.000Z
"9/15/2025, 10:47:08 AM",3.638,90,100,0,2025-09-15T14:47:08.000Z
"9/15/2025, 10:50:08 AM",3.638,90.3,100,0,2025-09-15T14:50:08.000Z
"9/15/2025, 10:53:08 AM",3.639,90.5,100,0,2025-09-15T14:53:08.000Z
"9/15/2025, 10:56:08 AM",3.638,90.9,100,0,2025-09-15T14:56:08.000Z
"9/15/2025, 10:59:08 AM",3.638,91,100,0,2025-09-15T14:59:08.000Z
"9/15/2025, 11:02:08 AM",3.638,91.4,100,0,2025-09-15T15:02:08.000Z
"9/15/2025, 11:05:08 AM",3.638,91.6,100,0,2025-09-15T15:05:08.000Z
"9/15/2025, 11:08:08 AM",3.638,91.9,100,0,2025-09-15T15:08:08.000Z
"9/15/2025, 11:11:08 AM",3.638,92.1,100,0,2025-09-15T15:11:08.000Z
"9/15/2025, 11:14:08 AM",3.638,92.3,100,0,2025-09-15T15:14:08.000Z
"9/15/2025, 11:17:08 AM",3.639,92.7,100,0,2025-09-15T15:17:08.000Z
"9/15/2025, 11:20:08 AM",3.638,92.8,100,0,2025-09-15T15:20:08.000Z
"9/15/2025, 11:23:08 AM",3.638,93.2,100,0,2025-09-15T15:23:08.000Z
"9/15/2025, 11:26:08 AM",3.638,93.4,100,0,2025-09-15T15:26:08.000Z
"9/15/2025, 11:29:08 AM",3.638,93.6,100,0,2025-09-15T15:29:08.000Z
"9/15/2025, 11:32:08 AM",3.638,93.9,100,0,2025-09-15T15:32:08.000Z
"9/15/2025, 11:35:08 AM",3.638,94.1,100,0,2025-09-15T15:35:08.000Z
"9/15/2025, 11:38:08 AM",3.638,94.3,100,0,2025-09-15T15:38:08.000Z
"9/15/2025, 11:41:08 AM",3.638,94.5,100,0,2025-09-15T15:41:08.000Z
"9/15/2025, 11:44:08 AM",3.638,94.6,100,0,2025-09-15T15:44:08.000Z
"9/15/2025, 11:47:08 AM",3.638,95,100,0,2025-09-15T15:47:08.000Z
"9/15/2025, 11:50:08 AM",3.638,95.2,100,0,2025-09-15T15:50:08.000Z
"9/15/2025, 11:53:08 AM",3.639,95.5,100,0,2025-09-15T15:53:08.000Z
"9/15/2025, 11:56:08 AM",3.638,95.7,100,0,2025-09-15T15:56:08.000Z
"9/15/2025, 11:59:08 AM",3.638,95.9,100,0,2025-09-15T15:59:08.000Z
"9/15/2025, 12:02:08 PM",3.639,96.3,100,0,2025-09-15T16:02:08.000Z
"9/15/2025, 12:05:08 PM",3.638,96.4,100,0,2025-09-15T16:05:08.000Z
"9/15/2025, 12:08:08 PM",3.638,96.6,100,0,2025-09-15T16:08:08.000Z
"9/15/2025, 12:11:08 PM",3.638,96.8,100,0,2025-09-15T16:11:08.000Z
"9/15/2025, 12:14:08 PM",3.638,97,100,0,2025-09-15T16:14:08.000Z
"9/15/2025, 12:17:08 PM",3.638,97.2,99.9,0,2025-09-15T16:17:08.000Z
"9/15/2025, 12:20:08 PM",3.638,97.3,99.9,0,2025-09-15T16:20:08.000Z
"9/15/2025, 12:23:08 PM",3.638,97.5,99.8,0,2025-09-15T16:23:08.000Z
"9/15/2025, 12:26:08 PM",3.638,97.9,99.8,0,2025-09-15T16:26:08.000Z
"9/15/2025, 12:29:08 PM",3.638,98.1,99.8,0,2025-09-15T16:29:08.000Z
"9/15/2025, 12:32:08 PM",3.638,98.4,99.7,0,2025-09-15T16:32:08.000Z
"9/15/2025, 12:35:08 PM",3.638,98.8,99.7,0,2025-09-15T16:35:08.000Z
"9/15/2025, 12:38:08 PM",3.638,99,99.7,0,2025-09-15T16:38:08.000Z
"9/15/2025, 12:41:08 PM",3.638,99.3,99.6,0,2025-09-15T16:41:08.000Z
"9/15/2025, 12:44:08 PM",3.638,99.7,99.6,0,2025-09-15T16:44:08.000Z
"9/15/2025, 12:47:08 PM",3.638,100,99.6,0,2025-09-15T16:47:08.000Z
"9/15/2025, 12:50:08 PM",3.638,100.2,99.5,0,2025-09-15T16:50:08.000Z
"9/15/2025, 12:53:08 PM",3.639,100.4,99.5,0,2025-09-15T16:53:08.000Z
"9/15/2025, 12:56:08 PM",3.638,100.6,99.5,0,2025-09-15T16:56:08.000Z
"9/15/2025, 12:59:08 PM",3.638,100.8,99.3,0,2025-09-15T16:59:08.000Z
"9/15/2025, 1:02:08 PM",3.638,101.1,99.3,0,2025-09-15T17:02:08.000Z
"9/15/2025, 1:05:08 PM",3.638,101.3,99.3,0,2025-09-15T17:05:08.000Z
"9/15/2025, 1:08:08 PM",3.638,101.7,99.2,0,2025-09-15T17:08:08.000Z
"9/15/2025, 1:11:08 PM",3.638,101.8,99.2,0,2025-09-15T17:11:08.000Z
"9/15/2025, 1:14:08 PM",3.638,102.2,99.1,0,2025-09-15T17:14:08.000Z
"9/15/2025, 1:17:08 PM",3.638,102.4,99,0,2025-09-15T17:17:08.000Z
"9/15/2025, 1:20:08 PM",3.638,102.6,98.9,0,2025-09-15T17:20:08.000Z
"9/15/2025, 1:23:08 PM",3.638,102.9,98.9,0,2025-09-15T17:23:08.000Z
"9/15/2025, 1:26:08 PM",3.638,103.1,98.8,0,2025-09-15T17:26:08.000Z
"9/15/2025, 1:29:08 PM",3.638,103.3,98.8,0,2025-09-15T17:29:08.000Z
"9/15/2025, 1:32:08 PM",3.638,103.5,98.7,0,2025-09-15T17:32:08.000Z
"9/15/2025, 1:35:08 PM",3.638,103.6,98.6,0,2025-09-15T17:35:08.000Z
"9/15/2025, 1:38:08 PM",3.638,103.8,98.6,0,2025-09-15T17:38:08.000Z
"9/15/2025, 1:41:08 PM",3.638,104,98.5,0,2025-09-15T17:41:08.000Z
"9/15/2025, 1:44:08 PM",3.639,104.2,98.4,0,2025-09-15T17:44:08.000Z
"9/15/2025, 1:47:08 PM",3.638,104.4,98.4,0,2025-09-15T17:47:08.000Z
"9/15/2025, 1:50:08 PM",3.638,104.5,98.3,0,2025-09-15T17:50:08.000Z
"9/15/2025, 1:53:08 PM",3.639,104.7,98.2,0,2025-09-15T17:53:08.000Z
"9/15/2025, 1:56:08 PM",3.638,104.9,98.1,0,2025-09-15T17:56:08.000Z
"9/15/2025, 1:59:08 PM",3.639,104.9,98.1,0,2025-09-15T17:59:08.000Z
"9/15/2025, 2:02:08 PM",3.639,105.1,98,0,2025-09-15T18:02:08.000Z
"9/15/2025, 2:05:08 PM",3.638,104.9,97.9,0,2025-09-15T18:05:08.000Z
"9/15/2025, 2:08:08 PM",3.638,104.7,97.9,0,2025-09-15T18:08:08.000Z
"9/15/2025, 2:11:08 PM",3.638,104.5,97.9,0,2025-09-15T18:11:08.000Z
"9/15/2025, 2:14:08 PM",3.639,104.5,97.7,0,2025-09-15T18:14:08.000Z
"9/15/2025, 2:17:08 PM",3.638,104.7,97.7,0,2025-09-15T18:17:08.000Z
"9/15/2025, 2:20:08 PM",3.639,104.7,97.7,0,2025-09-15T18:20:08.000Z
"9/15/2025, 2:23:08 PM",3.638,104.9,97.6,0,2025-09-15T18:23:08.000Z
"9/15/2025, 2:26:08 PM",3.638,104.9,97.5,0,2025-09-15T18:26:08.000Z
"9/15/2025, 2:29:08 PM",3.639,105.1,97.5,0,2025-09-15T18:29:08.000Z
"9/15/2025, 2:32:08 PM",3.639,105.3,97.4,0,2025-09-15T18:32:08.000Z
"9/15/2025, 2:35:08 PM",3.639,105.6,97.4,0,2025-09-15T18:35:08.000Z
"9/15/2025, 2:38:08 PM",3.639,105.8,97.3,0,2025-09-15T18:38:08.000Z
"9/15/2025, 2:41:08 PM",3.639,106,97.3,0,2025-09-15T18:41:08.000Z
"9/15/2025, 2:44:08 PM",3.639,106.2,97.3,0,2025-09-15T18:44:08.000Z
"9/15/2025, 2:47:08 PM",3.639,106.3,97.2,0,2025-09-15T18:47:08.000Z
"9/15/2025, 2:50:08 PM",3.639,106.7,97.2,0,2025-09-15T18:50:08.000Z
"9/15/2025, 2:53:08 PM",3.639,106.9,97.2,0,2025-09-15T18:53:08.000Z
"9/15/2025, 2:56:08 PM",3.639,106.9,97.2,0,2025-09-15T18:56:08.000Z
"9/15/2025, 2:59:08 PM",3.639,106.5,97.1,0,2025-09-15T18:59:08.000Z
"9/15/2025, 3:02:08 PM",3.638,106.2,97.1,0,2025-09-15T19:02:08.000Z
"9/15/2025, 3:05:08 PM",3.639,105.6,97.1,0,2025-09-15T19:05:08.000Z
"9/15/2025, 3:08:08 PM",3.639,105.1,97.1,0,2025-09-15T19:08:08.000Z
"9/15/2025, 3:11:08 PM",3.639,104.9,97.1,0,2025-09-15T19:11:08.000Z
"9/15/2025, 3:14:08 PM",3.639,104.5,97,0,2025-09-15T19:14:08.000Z
"9/15/2025, 3:17:08 PM",3.638,104,97.1,0,2025-09-15T19:17:08.000Z
"9/15/2025, 3:20:08 PM",3.638,103.3,97,0,2025-09-15T19:20:08.000Z
"9/15/2025, 3:23:08 PM",3.638,102.6,97.1,0,2025-09-15T19:23:08.000Z
"9/15/2025, 3:26:08 PM",3.638,102,97,0,2025-09-15T19:26:08.000Z
"9/15/2025, 3:29:08 PM",3.638,101.3,97.1,0,2025-09-15T19:29:08.000Z
"9/15/2025, 3:32:08 PM",3.638,101.1,97.1,0,2025-09-15T19:32:08.000Z
"9/15/2025, 3:35:08 PM",3.639,100.6,97.1,0,2025-09-15T19:35:08.000Z
"9/15/2025, 3:38:08 PM",3.639,100.4,97.1,0,2025-09-15T19:38:08.000Z
"9/15/2025, 3:41:08 PM",3.639,100.4,97.1,0,2025-09-15T19:41:08.000Z
"9/15/2025, 3:44:08 PM",3.638,100.4,97.1,0,2025-09-15T19:44:08.000Z
"9/15/2025, 3:47:08 PM",3.639,100.6,97.1,0,2025-09-15T19:47:08.000Z
"9/15/2025, 3:50:08 PM",3.639,100.9,97.1,0,2025-09-15T19:50:08.000Z
"9/15/2025, 3:53:08 PM",3.639,101.3,97.1,0,2025-09-15T19:53:08.000Z
"9/15/2025, 3:56:08 PM",3.639,101.7,97.1,0,2025-09-15T19:56:08.000Z
"9/15/2025, 3:59:08 PM",3.639,102,97.1,0,2025-09-15T19:59:08.000Z
"9/15/2025, 4:02:08 PM",3.639,102.4,97.1,0.4,2025-09-15T20:02:08.000Z
"9/15/2025, 4:05:08 PM",3.639,102.7,97.1,0.4,2025-09-15T20:05:08.000Z
"9/15/2025, 4:08:08 PM",3.639,103.1,97.1,0,2025-09-15T20:08:08.000Z
"9/15/2025, 4:11:08 PM",3.639,103.5,97.1,0,2025-09-15T20:11:08.000Z
"9/15/2025, 4:14:08 PM",3.639,103.8,97.1,0,2025-09-15T20:14:08.000Z
"9/15/2025, 4:17:08 PM",3.639,104.2,97.1,0,2025-09-15T20:17:08.000Z
"9/15/2025, 4:20:08 PM",3.639,104.4,97.1,0,2025-09-15T20:20:08.000Z
"9/15/2025, 4:23:08 PM",3.639,104.4,97.1,0,2025-09-15T20:23:08.000Z
"9/15/2025, 4:26:08 PM",3.639,104.4,97.2,0,2025-09-15T20:26:08.000Z
"9/15/2025, 4:29:08 PM",3.639,104.2,97.2,0,2025-09-15T20:29:08.000Z
"9/15/2025, 4:32:08 PM",3.639,104.2,97.2,0,2025-09-15T20:32:08.000Z
"9/15/2025, 4:35:08 PM",3.639,104.2,97.2,0,2025-09-15T20:35:08.000Z
"9/15/2025, 4:38:08 PM",3.639,104.2,97.2,0,2025-09-15T20:38:08.000Z
"9/15/2025, 4:41:08 PM",3.639,104.2,97.2,0,2025-09-15T20:41:08.000Z
"9/15/2025, 4:44:08 PM",3.64,104.4,97.3,0,2025-09-15T20:44:08.000Z
"9/15/2025, 4:47:08 PM",3.639,104.4,97.3,0,2025-09-15T20:47:08.000Z
"9/15/2025, 4:50:08 PM",3.639,104.4,97.3,0,2025-09-15T20:50:08.000Z
"9/15/2025, 4:53:08 PM",3.639,104.5,97.2,0,2025-09-15T20:53:08.000Z
"9/15/2025, 4:56:08 PM",3.639,104.5,97.2,0,2025-09-15T20:56:08.000Z
"9/15/2025, 4:59:08 PM",3.639,104.7,97.3,0,2025-09-15T20:59:08.000Z
"9/15/2025, 5:02:08 PM",3.64,104.9,97.2,0,2025-09-15T21:02:08.000Z
"9/15/2025, 5:05:08 PM",3.639,104.9,97.3,0,2025-09-15T21:05:08.000Z
"9/15/2025, 5:08:08 PM",3.64,104.7,97.3,0,2025-09-15T21:08:08.000Z
"9/15/2025, 5:11:08 PM",3.64,104.5,97.3,0,2025-09-15T21:11:08.000Z
"9/15/2025, 5:14:08 PM",3.639,104.5,97.3,0,2025-09-15T21:14:08.000Z
"9/15/2025, 5:17:08 PM",3.639,104.4,97.3,0,2025-09-15T21:17:08.000Z
"9/15/2025, 5:20:08 PM",3.639,104.2,97.3,0,2025-09-15T21:20:08.000Z
"9/15/2025, 5:23:08 PM",3.639,104,97.3,0,2025-09-15T21:23:08.000Z
"9/15/2025, 5:26:08 PM",3.639,103.5,97.4,0,2025-09-15T21:26:08.000Z
"9/15/2025, 5:29:08 PM",3.639,102.9,97.4,0,2025-09-15T21:29:08.000Z
"9/15/2025, 5:32:08 PM",3.639,102.2,97.4,0,2025-09-15T21:32:08.000Z
"9/15/2025, 5:35:08 PM",3.639,101.5,97.4,0,2025-09-15T21:35:08.000Z
"9/15/2025, 5:38:08 PM",3.639,100.9,97.5,0,2025-09-15T21:38:08.000Z
"9/15/2025, 5:41:08 PM",3.638,100.2,97.5,0,2025-09-15T21:41:08.000Z
"9/15/2025, 5:44:08 PM",3.639,99.7,97.5,0,2025-09-15T21:44:08.000Z
"9/15/2025, 5:47:08 PM",3.639,99.3,97.5,0,2025-09-15T21:47:08.000Z
"9/15/2025, 5:50:08 PM",3.639,99.1,97.5,0,2025-09-15T21:50:08.000Z
"9/15/2025, 5:53:08 PM",3.639,99,97.5,0,2025-09-15T21:53:08.000Z
"9/15/2025, 5:56:08 PM",3.639,98.8,97.5,0,2025-09-15T21:56:08.000Z
"9/15/2025, 5:59:08 PM",3.639,98.6,97.5,0,2025-09-15T21:59:08.000Z
"9/15/2025, 6:02:08 PM",3.639,98.2,97.5,0,2025-09-15T22:02:08.000Z
"9/15/2025, 6:05:08 PM",3.64,97.9,97.5,0,2025-09-15T22:05:08.000Z
"9/15/2025, 6:08:08 PM",3.639,97.7,97.5,0,2025-09-15T22:08:08.000Z
"9/15/2025, 6:11:08 PM",3.639,97.3,97.6,0,2025-09-15T22:11:08.000Z
"9/15/2025, 6:14:08 PM",3.639,97.2,97.6,0,2025-09-15T22:14:08.000Z
"9/15/2025, 6:17:08 PM",3.64,96.8,97.6,0,2025-09-15T22:17:08.000Z
"9/15/2025, 6:20:08 PM",3.639,96.6,97.6,0,2025-09-15T22:20:08.000Z
"9/15/2025, 6:23:08 PM",3.64,96.3,97.6,0,2025-09-15T22:23:08.000Z
"9/15/2025, 6:26:08 PM",3.639,96.1,97.7,0,2025-09-15T22:26:08.000Z
"9/15/2025, 6:29:08 PM",3.639,95.7,97.7,0,2025-09-15T22:29:08.000Z
"9/15/2025, 6:32:08 PM",3.64,95.4,97.7,0,2025-09-15T22:32:08.000Z
"9/15/2025, 6:35:08 PM",3.639,95.2,97.8,0,2025-09-15T22:35:08.000Z
"9/15/2025, 6:38:08 PM",3.639,94.8,97.8,0,2025-09-15T22:38:08.000Z
"9/15/2025, 6:41:08 PM",3.64,94.6,97.8,0,2025-09-15T22:41:08.000Z
"9/15/2025, 6:44:08 PM",3.64,94.3,97.9,0,2025-09-15T22:44:08.000Z
"9/15/2025, 6:47:08 PM",3.64,94.1,97.9,0,2025-09-15T22:47:08.000Z
"9/15/2025, 6:50:08 PM",3.64,93.7,97.9,0,2025-09-15T22:50:08.000Z
"9/15/2025, 6:53:08 PM",3.64,93.6,98,0,2025-09-15T22:53:08.000Z
"9/15/2025, 6:56:08 PM",3.64,93.2,98,0,2025-09-15T22:56:08.000Z
"9/15/2025, 6:59:08 PM",3.64,93,98,0,2025-09-15T22:59:08.000Z
"9/15/2025, 7:02:08 PM",3.64,92.7,98.1,0,2025-09-15T23:02:08.000Z
"9/15/2025, 7:05:08 PM",3.64,92.3,98.1,0,2025-09-15T23:05:08.000Z
"9/15/2025, 7:08:08 PM",3.639,91.9,98.1,0,2025-09-15T23:08:08.000Z
"9/15/2025, 7:11:08 PM",3.64,91.8,98.1,0,2025-09-15T23:11:08.000Z
"9/15/2025, 7:14:08 PM",3.64,91.4,98.1,0,2025-09-15T23:14:08.000Z
"9/15/2025, 7:17:08 PM",3.639,91,98.1,0,2025-09-15T23:17:08.000Z
"9/15/2025, 7:20:08 PM",3.64,90.7,98.1,0,2025-09-15T23:20:08.000Z
"9/15/2025, 7:23:08 PM",3.64,90.3,98.2,0,2025-09-15T23:23:08.000Z
"9/15/2025, 7:26:08 PM",3.64,90.1,98.2,0,2025-09-15T23:26:08.000Z
"9/15/2025, 7:29:08 PM",3.64,89.8,98.2,0,2025-09-15T23:29:08.000Z
"9/15/2025, 7:32:08 PM",3.64,89.6,98.2,0,2025-09-15T23:32:08.000Z
"9/15/2025, 7:35:08 PM",3.64,89.2,98.2,0,2025-09-15T23:35:08.000Z
"9/15/2025, 7:38:08 PM",3.64,88.9,98.3,0,2025-09-15T23:38:08.000Z
"9/15/2025, 7:41:08 PM",3.639,88.7,98.3,0,2025-09-15T23:41:08.000Z
"9/15/2025, 7:44:08 PM",3.64,88.3,98.4,0,2025-09-15T23:44:08.000Z
"9/15/2025, 7:47:08 PM",3.64,88.2,98.3,0,2025-09-15T23:47:08.000Z
"9/15/2025, 7:50:08 PM",3.64,88,98.3,0,2025-09-15T23:50:08.000Z
"9/15/2025, 7:53:08 PM",3.64,87.6,98.4,0,2025-09-15T23:53:08.000Z
"9/15/2025, 7:56:08 PM",3.64,87.4,98.4,0,2025-09-15T23:56:08.000Z
"9/15/2025, 7:59:08 PM",3.64,87.3,98.4,0,2025-09-15T23:59:08.000Z
"9/15/2025, 8:02:08 PM",3.64,86.9,98.5,0,2025-09-16T00:02:08.000Z
"9/15/2025, 8:05:08 PM",3.64,86.7,98.5,0,2025-09-16T00:05:08.000Z
"9/15/2025, 8:08:08 PM",3.641,86.5,98.5,0,2025-09-16T00:08:08.000Z
"9/15/2025, 8:11:08 PM",3.64,86.4,98.5,0,2025-09-16T00:11:08.000Z
"9/15/2025, 8:14:08 PM",3.641,86.2,98.6,0,2025-09-16T00:14:08.000Z
"9/15/2025, 8:17:08 PM",3.641,86,98.6,0,2025-09-16T00:17:08.000Z
"9/15/2025, 8:20:08 PM",3.641,85.8,98.6,0,2025-09-16T00:20:08.000Z
"9/15/2025, 8:23:08 PM",3.64,85.6,98.7,0,2025-09-16T00:23:08.000Z
"9/15/2025, 8:26:08 PM",3.641,85.5,98.7,0,2025-09-16T00:26:08.000Z
"9/15/2025, 8:29:08 PM",3.64,85.3,98.7,0,2025-09-16T00:29:08.000Z
"9/15/2025, 8:32:08 PM",3.641,85.1,98.7,0,2025-09-16T00:32:08.000Z
"9/15/2025, 8:35:08 PM",3.641,84.9,98.7,0,2025-09-16T00:35:08.000Z
"9/15/2025, 8:38:08 PM",3.641,84.7,98.8,0,2025-09-16T00:38:08.000Z
"9/15/2025, 8:41:08 PM",3.64,84.7,98.8,0,2025-09-16T00:41:08.000Z
"9/15/2025, 8:44:08 PM",3.641,84.6,98.8,0,2025-09-16T00:44:08.000Z
"9/15/2025, 8:47:08 PM",3.64,84.4,98.9,0,2025-09-16T00:47:08.000Z
"9/15/2025, 8:50:08 PM",3.641,84.4,98.9,0,2025-09-16T00:50:08.000Z
"9/15/2025, 8:53:08 PM",3.64,84.2,98.9,0,2025-09-16T00:53:08.000Z
"9/15/2025, 8:56:08 PM",3.641,84,98.9,0,2025-09-16T00:56:08.000Z
"9/15/2025, 8:59:08 PM",3.641,84,98.9,0,2025-09-16T00:59:08.000Z
"9/15/2025, 9:02:08 PM",3.641,83.8,98.9,0,2025-09-16T01:02:08.000Z
"9/15/2025, 9:05:08 PM",3.641,83.8,99,0,2025-09-16T01:05:08.000Z
"9/15/2025, 9:08:08 PM",3.64,83.7,99,0,2025-09-16T01:08:08.000Z
"9/15/2025, 9:11:08 PM",3.641,83.7,99,0,2025-09-16T01:11:08.000Z
"9/15/2025, 9:14:08 PM",3.64,83.7,99.1,0,2025-09-16T01:14:08.000Z
"9/15/2025, 9:17:08 PM",3.641,83.7,99.1,0,2025-09-16T01:17:08.000Z
"9/15/2025, 9:20:08 PM",3.641,83.7,99.1,0,2025-09-16T01:20:08.000Z
"9/15/2025, 9:23:08 PM",3.641,83.5,99.1,0,2025-09-16T01:23:08.000Z
"9/15/2025, 9:26:08 PM",3.641,83.5,99.1,0,2025-09-16T01:26:08.000Z
"9/15/2025, 9:29:08 PM",3.64,83.5,99.2,0,2025-09-16T01:29:08.000Z
"9/15/2025, 9:32:08 PM",3.641,83.5,99.2,0,2025-09-16T01:32:08.000Z
"9/15/2025, 9:35:08 PM",3.641,83.5,99.2,0,2025-09-16T01:35:08.000Z
"9/15/2025, 9:38:08 PM",3.641,83.5,99.2,0,2025-09-16T01:38:08.000Z
"9/15/2025, 9:41:08 PM",3.641,83.5,99.3,0,2025-09-16T01:41:08.000Z
"9/15/2025, 9:44:08 PM",3.64,83.3,99.3,0,2025-09-16T01:44:08.000Z
"9/15/2025, 9:47:08 PM",3.641,83.3,99.3,0,2025-09-16T01:47:08.000Z
"9/15/2025, 9:50:08 PM",3.641,83.1,99.3,0,2025-09-16T01:50:08.000Z
"9/15/2025, 9:53:08 PM",3.641,83.1,99.3,0,2025-09-16T01:53:08.000Z
"9/15/2025, 9:56:08 PM",3.641,82.9,99.4,0,2025-09-16T01:56:08.000Z
"9/15/2025, 9:59:08 PM",3.641,82.8,99.3,0,2025-09-16T01:59:08.000Z
"9/15/2025, 10:02:08 PM",3.64,82.8,99.4,0,2025-09-16T02:02:08.000Z
"9/15/2025, 10:05:08 PM",3.641,82.6,99.3,0,2025-09-16T02:05:08.000Z
"9/15/2025, 10:08:08 PM",3.64,82.4,99.4,0,2025-09-16T02:08:08.000Z
"9/15/2025, 10:11:08 PM",3.64,82.4,99.4,0,2025-09-16T02:11:08.000Z
"9/15/2025, 10:14:08 PM",3.641,82.2,99.4,0,2025-09-16T02:14:08.000Z
"9/15/2025, 10:17:08 PM",3.641,82,99.4,0,2025-09-16T02:17:08.000Z
"9/15/2025, 10:20:08 PM",3.64,82,99.5,0,2025-09-16T02:20:08.000Z
"9/15/2025, 10:23:08 PM",3.641,82,99.4,0,2025-09-16T02:23:08.000Z
"9/15/2025, 10:26:08 PM",3.641,81.9,99.5,0,2025-09-16T02:26:08.000Z
"9/15/2025, 10:29:08 PM",3.64,81.9,99.5,0,2025-09-16T02:29:08.000Z
"9/15/2025, 10:32:08 PM",3.641,81.9,99.5,0,2025-09-16T02:32:08.000Z
"9/15/2025, 10:35:08 PM",3.641,81.9,99.5,0,2025-09-16T02:35:08.000Z
"9/15/2025, 10:38:08 PM",3.64,81.7,99.6,0,2025-09-16T02:38:08.000Z
"9/15/2025, 10:41:08 PM",3.641,81.7,99.5,0,2025-09-16T02:41:08.000Z
"9/15/2025, 10:44:08 PM",3.641,81.5,99.6,0,2025-09-16T02:44:08.000Z
"9/15/2025, 10:47:08 PM",3.64,81.5,99.6,0,2025-09-16T02:47:08.000Z
"9/15/2025, 10:50:08 PM",3.64,81.3,99.6,0,2025-09-16T02:50:08.000Z
"9/15/2025, 10:53:08 PM",3.641,81.3,99.6,0,2025-09-16T02:53:08.000Z
"9/15/2025, 10:56:08 PM",3.64,81.1,99.6,0,2025-09-16T02:56:08.000Z
"9/15/2025, 10:59:08 PM",3.641,81.1,99.7,0,2025-09-16T02:59:08.000Z
"9/15/2025, 11:02:08 PM",3.64,81.1,99.7,0,2025-09-16T03:02:08.000Z
"9/15/2025, 11:05:08 PM",3.641,81.1,99.7,0,2025-09-16T03:05:08.000Z
"9/15/2025, 11:08:08 PM",3.641,81,99.7,0,2025-09-16T03:08:08.000Z
"9/15/2025, 11:11:08 PM",3.64,81,99.7,0,2025-09-16T03:11:08.000Z
"9/15/2025, 11:14:08 PM",3.641,81,99.7,0,2025-09-16T03:14:08.000Z
"9/15/2025, 11:17:08 PM",3.64,80.8,99.7,0,2025-09-16T03:17:08.000Z
"9/15/2025, 11:20:08 PM",3.64,80.8,99.7,0,2025-09-16T03:20:08.000Z
"9/15/2025, 11:23:08 PM",3.641,80.8,99.8,0,2025-09-16T03:23:08.000Z
"9/15/2025, 11:26:08 PM",3.641,80.8,99.8,0,2025-09-16T03:26:08.000Z
"9/15/2025, 11:29:08 PM",3.64,80.8,99.8,0,2025-09-16T03:29:08.000Z
"9/15/2025, 11:32:08 PM",3.641,80.8,99.7,0,2025-09-16T03:32:08.000Z
"9/15/2025, 11:35:08 PM",3.641,80.8,99.7,0,2025-09-16T03:35:08.000Z
"9/15/2025, 11:38:08 PM",3.641,80.8,99.8,0,2025-09-16T03:38:08.000Z
"9/15/2025, 11:41:08 PM",3.64,80.8,99.8,0,2025-09-16T03:41:08.000Z
"9/15/2025, 11:44:08 PM",3.64,80.8,99.8,0,2025-09-16T03:44:08.000Z
"9/15/2025, 11:47:08 PM",3.641,80.6,99.8,0,2025-09-16T03:47:08.000Z
"9/15/2025, 11:50:08 PM",3.641,80.6,99.8,0,2025-09-16T03:50:08.000Z
"9/15/2025, 11:53:08 PM",3.64,80.6,99.9,0,2025-09-16T03:53:08.000Z
"9/15/2025, 11:56:08 PM",3.641,80.6,99.9,0,2025-09-16T03:56:08.000Z
"9/15/2025, 11:59:08 PM",3.641,80.6,99.9,0,2025-09-16T03:59:08.000Z
"9/16/2025, 12:02:08 AM",3.641,80.6,99.9,0,2025-09-16T04:02:08.000Z
"9/16/2025, 12:05:08 AM",3.641,80.6,99.9,0,2025-09-16T04:05:08.000Z
"9/16/2025, 12:08:08 AM",3.641,80.6,99.9,0,2025-09-16T04:08:08.000Z
"9/16/2025, 12:11:08 AM",3.641,80.6,100,0,2025-09-16T04:11:08.000Z
"9/16/2025, 12:14:08 AM",3.64,80.6,100,0,2025-09-16T04:14:08.000Z
"9/16/2025, 12:17:08 AM",3.64,80.6,100,0,2025-09-16T04:17:08.000Z
"9/16/2025, 12:20:08 AM",3.641,80.6,100,0,2025-09-16T04:20:08.000Z
"9/16/2025, 12:23:08 AM",3.641,80.8,100,0,2025-09-16T04:23:08.000Z
"9/16/2025, 12:26:08 AM",3.64,80.8,100,0,2025-09-16T04:26:08.000Z
"9/16/2025, 12:29:08 AM",3.641,80.8,100,0,2025-09-16T04:29:08.000Z
"9/16/2025, 12:32:08 AM",3.641,80.8,100,0,2025-09-16T04:32:08.000Z
"9/16/2025, 12:35:08 AM",3.64,80.8,100,0,2025-09-16T04:35:08.000Z
"9/16/2025, 12:38:08 AM",3.64,80.8,100,0,2025-09-16T04:38:08.000Z
"9/16/2025, 12:41:08 AM",3.641,80.8,100,0,2025-09-16T04:41:08.000Z
"9/16/2025, 12:44:08 AM",3.641,81,100,0,2025-09-16T04:44:08.000Z
"9/16/2025, 12:47:08 AM",3.641,81,100,0,2025-09-16T04:47:08.000Z
"9/16/2025, 12:50:08 AM",3.64,81,100,0,2025-09-16T04:50:08.000Z
"9/16/2025, 12:53:08 AM",3.64,81,100,0,2025-09-16T04:53:08.000Z
"9/16/2025, 12:56:08 AM",3.64,81,100,0,2025-09-16T04:56:08.000Z
"9/16/2025, 12:59:08 AM",3.641,81,100,0,2025-09-16T04:59:08.000Z
"9/16/2025, 1:02:08 AM",3.641,81,100,0,2025-09-16T05:02:08.000Z
"9/16/2025, 1:05:08 AM",3.641,81,100,0,2025-09-16T05:05:08.000Z
"9/16/2025, 1:08:08 AM",3.64,81,100,0,2025-09-16T05:08:08.000Z
"9/16/2025, 1:11:08 AM",3.64,81,100,0,2025-09-16T05:11:08.000Z
"9/16/2025, 1:14:08 AM",3.64,81,100,0,2025-09-16T05:14:08.000Z
"9/16/2025, 1:17:08 AM",3.641,81,100,0,2025-09-16T05:17:08.000Z
"9/16/2025, 1:20:08 AM",3.641,81,100,0,2025-09-16T05:20:08.000Z
"9/16/2025, 1:23:08 AM",3.641,81,100,0,2025-09-16T05:23:08.000Z
"9/16/2025, 1:26:08 AM",3.641,81,100,0,2025-09-16T05:26:08.000Z
"9/16/2025, 1:29:08 AM",3.641,81,100,0,2025-09-16T05:29:08.000Z
"9/16/2025, 1:32:08 AM",3.641,80.8,100,0,2025-09-16T05:32:08.000Z
"9/16/2025, 1:35:08 AM",3.641,80.8,100,0,2025-09-16T05:35:08.000Z
"9/16/2025, 1:38:08 AM",3.641,80.8,100,0,2025-09-16T05:38:08.000Z
"9/16/2025, 1:41:08 AM",3.641,80.8,100,0,2025-09-16T05:41:08.000Z
"9/16/2025, 1:44:08 AM",3.641,80.8,100,0,2025-09-16T05:44:08.000Z
"9/16/2025, 1:47:08 AM",3.64,80.8,100,0,2025-09-16T05:47:08.000Z
"9/16/2025, 1:50:08 AM",3.641,80.8,100,0,2025-09-16T05:50:08.000Z
"9/16/2025, 1:53:08 AM",3.64,80.8,100,0,2025-09-16T05:53:08.000Z
"9/16/2025, 1:56:08 AM",3.64,80.8,100,0,2025-09-16T05:56:08.000Z
"9/16/2025, 1:59:08 AM",3.64,80.8,100,0,2025-09-16T05:59:08.000Z
"9/16/2025, 2:02:08 AM",3.641,80.8,100,0,2025-09-16T06:02:08.000Z
"9/16/2025, 2:05:08 AM",3.641,81,100,0,2025-09-16T06:05:08.000Z
"9/16/2025, 2:08:08 AM",3.64,81,100,0,2025-09-16T06:08:08.000Z
"9/16/2025, 2:11:08 AM",3.641,81,100,0,2025-09-16T06:11:08.000Z
"9/16/2025, 2:14:08 AM",3.64,80.8,100,0,2025-09-16T06:14:08.000Z
"9/16/2025, 2:17:08 AM",3.64,80.8,100,0,2025-09-16T06:17:08.000Z
"9/16/2025, 2:20:08 AM",3.64,81,100,0,2025-09-16T06:20:08.000Z
"9/16/2025, 2:23:08 AM",3.64,81,100,0,2025-09-16T06:23:08.000Z
"9/16/2025, 2:26:08 AM",3.64,81,100,0,2025-09-16T06:26:08.000Z
"9/16/2025, 2:29:08 AM",3.64,81,100,0,2025-09-16T06:29:08.000Z
"9/16/2025, 2:32:08 AM",3.641,81,100,0,2025-09-16T06:32:08.000Z
"9/16/2025, 2:35:08 AM",3.64,81,100,0,2025-09-16T06:35:08.000Z
"9/16/2025, 2:38:08 AM",3.64,81,100,0,2025-09-16T06:38:08.000Z
"9/16/2025, 2:41:08 AM",3.641,81,100,0,2025-09-16T06:41:08.000Z
"9/16/2025, 2:44:08 AM",3.64,81,100,0,2025-09-16T06:44:08.000Z
"9/16/2025, 2:47:08 AM",3.64,81,100,0,2025-09-16T06:47:08.000Z
"9/16/2025, 2:50:08 AM",3.641,81,100,0,2025-09-16T06:50:08.000Z
"9/16/2025, 2:53:08 AM",3.64,81,100,0,2025-09-16T06:53:08.000Z
"9/16/2025, 2:56:08 AM",3.64,81,100,0,2025-09-16T06:56:08.000Z
"9/16/2025, 2:59:08 AM",3.64,81,100,0,2025-09-16T06:59:08.000Z
"9/16/2025, 3:02:08 AM",3.64,81,100,0,2025-09-16T07:02:08.000Z
"9/16/2025, 3:05:08 AM",3.641,81,100,0,2025-09-16T07:05:08.000Z
"9/16/2025, 3:08:08 AM",3.641,80.8,100,0,2025-09-16T07:08:08.000Z
"9/16/2025, 3:11:08 AM",3.64,80.8,100,0,2025-09-16T07:11:08.000Z
"9/16/2025, 3:14:08 AM",3.64,80.8,100,0,2025-09-16T07:14:08.000Z
"9/16/2025, 3:17:08 AM",3.64,80.8,100,0,2025-09-16T07:17:08.000Z
"9/16/2025, 3:20:08 AM",3.64,81,100,0,2025-09-16T07:20:08.000Z
"9/16/2025, 3:23:08 AM",3.64,80.8,100,0,2025-09-16T07:23:08.000Z
"9/16/2025, 3:26:08 AM",3.64,80.8,100,0,2025-09-16T07:26:08.000Z
"9/16/2025, 3:29:08 AM",3.64,80.6,100,0,2025-09-16T07:29:08.000Z
"9/16/2025, 3:32:08 AM",3.64,80.6,100,0,2025-09-16T07:32:08.000Z
"9/16/2025, 3:35:08 AM",3.64,80.8,100,0,2025-09-16T07:35:08.000Z
"9/16/2025, 3:38:08 AM",3.64,80.8,100,0,2025-09-16T07:38:08.000Z
"9/16/2025, 3:41:08 AM",3.64,80.8,100,0,2025-09-16T07:41:08.000Z
"9/16/2025, 3:44:08 AM",3.64,80.6,100,0,2025-09-16T07:44:08.000Z
"9/16/2025, 3:47:08 AM",3.64,80.6,100,0,2025-09-16T07:47:08.000Z
"9/16/2025, 3:50:08 AM",3.641,80.6,100,0,2025-09-16T07:50:08.000Z
"9/16/2025, 3:53:08 AM",3.641,80.6,100,0,2025-09-16T07:53:08.000Z
"9/16/2025, 3:56:08 AM",3.641,80.6,100,0,2025-09-16T07:56:08.000Z
"9/16/2025, 3:59:08 AM",3.641,80.4,100,0,2025-09-16T07:59:08.000Z
"9/16/2025, 4:02:08 AM",3.64,80.4,100,0,2025-09-16T08:02:08.000Z
"9/16/2025, 4:05:08 AM",3.64,80.4,100,0,2025-09-16T08:05:08.000Z
"9/16/2025, 4:08:08 AM",3.64,80.4,100,0,2025-09-16T08:08:08.000Z
"9/16/2025, 4:11:08 AM",3.64,80.4,100,0,2025-09-16T08:11:08.000Z
"9/16/2025, 4:14:08 AM",3.64,80.4,100,0,2025-09-16T08:14:08.000Z
"9/16/2025, 4:17:08 AM",3.64,80.4,100,0,2025-09-16T08:17:08.000Z
"9/16/2025, 4:20:08 AM",3.64,80.4,100,0,2025-09-16T08:20:08.000Z
"9/16/2025, 4:23:08 AM",3.641,80.4,100,0,2025-09-16T08:23:08.000Z
"9/16/2025, 4:26:08 AM",3.64,80.2,100,0,2025-09-16T08:26:08.000Z
"9/16/2025, 4:29:08 AM",3.64,80.2,100,0,2025-09-16T08:29:08.000Z
"9/16/2025, 4:32:08 AM",3.64,80.2,100,0,2025-09-16T08:32:08.000Z
"9/16/2025, 4:35:08 AM",3.64,80.2,100,0,2025-09-16T08:35:08.000Z
"9/16/2025, 4:38:08 AM",3.641,80.1,100,0,2025-09-16T08:38:08.000Z
"9/16/2025, 4:41:08 AM",3.641,80.1,100,0,2025-09-16T08:41:08.000Z
"9/16/2025, 4:44:08 AM",3.64,80.1,100,0,2025-09-16T08:44:08.000Z
"9/16/2025, 4:47:08 AM",3.64,80.1,100,0,2025-09-16T08:47:08.000Z
"9/16/2025, 4:50:08 AM",3.64,80.1,100,0,2025-09-16T08:50:08.000Z
"9/16/2025, 4:53:08 AM",3.641,79.9,100,0,2025-09-16T08:53:08.000Z
"9/16/2025, 4:56:08 AM",3.64,79.9,100,0,2025-09-16T08:56:08.000Z
"9/16/2025, 4:59:08 AM",3.641,79.9,100,0,2025-09-16T08:59:08.000Z
"9/16/2025, 5:02:08 AM",3.64,79.7,100,0,2025-09-16T09:02:08.000Z
"9/16/2025, 5:05:08 AM",3.641,79.7,100,0,2025-09-16T09:05:08.000Z
"9/16/2025, 5:08:08 AM",3.64,79.7,100,0,2025-09-16T09:08:08.000Z
"9/16/2025, 5:11:08 AM",3.64,79.7,100,0,2025-09-16T09:11:08.000Z
"9/16/2025, 5:14:08 AM",3.64,79.7,100,0,2025-09-16T09:14:08.000Z
"9/16/2025, 5:17:08 AM",3.641,79.7,100,0,2025-09-16T09:17:08.000Z
"9/16/2025, 5:20:08 AM",3.64,79.7,100,0,2025-09-16T09:20:08.000Z
"9/16/2025, 5:23:08 AM",3.64,79.7,100,0,2025-09-16T09:23:08.000Z
"9/16/2025, 5:26:08 AM",3.641,79.7,100,0,2025-09-16T09:26:08.000Z
"9/16/2025, 5:29:08 AM",3.641,79.7,100,0,2025-09-16T09:29:08.000Z
"9/16/2025, 5:32:08 AM",3.64,79.7,100,0,2025-09-16T09:32:08.000Z
"9/16/2025, 5:35:08 AM",3.64,79.5,100,0,2025-09-16T09:35:08.000Z
"9/16/2025, 5:38:08 AM",3.641,79.5,100,0,2025-09-16T09:38:08.000Z
"9/16/2025, 5:41:08 AM",3.64,79.5,100,0,2025-09-16T09:41:08.000Z
"9/16/2025, 5:44:08 AM",3.64,79.5,100,0,2025-09-16T09:44:08.000Z
"9/16/2025, 5:47:08 AM",3.64,79.5,100,0,2025-09-16T09:47:08.000Z
"9/16/2025, 5:50:08 AM",3.64,79.5,100,0,2025-09-16T09:50:08.000Z
"9/16/2025, 5:53:08 AM",3.641,79.3,100,0,2025-09-16T09:53:08.000Z
"9/16/2025, 5:56:08 AM",3.641,79.3,100,0,2025-09-16T09:56:08.000Z
"9/16/2025, 5:59:08 AM",3.64,79.3,100,0,2025-09-16T09:59:08.000Z
"9/16/2025, 6:02:08 AM",3.64,79.3,100,0,2025-09-16T10:02:08.000Z
"9/16/2025, 6:05:08 AM",3.64,79.3,100,0,2025-09-16T10:05:08.000Z
"9/16/2025, 6:08:08 AM",3.64,79.3,100,0,2025-09-16T10:08:08.000Z
"9/16/2025, 6:11:08 AM",3.64,79.3,100,0,2025-09-16T10:11:08.000Z
"9/16/2025, 6:14:08 AM",3.64,79.3,100,0,2025-09-16T10:14:08.000Z
"9/16/2025, 6:17:08 AM",3.64,79.2,100,0,2025-09-16T10:17:08.000Z
"9/16/2025, 6:20:08 AM",3.64,79.2,100,0,2025-09-16T10:20:08.000Z
"9/16/2025, 6:23:08 AM",3.64,79.2,100,0,2025-09-16T10:23:08.000Z
"9/16/2025, 6:26:08 AM",3.64,79.2,100,0,2025-09-16T10:26:08.000Z
"9/16/2025, 6:29:08 AM",3.64,79.2,100,0,2025-09-16T10:29:08.000Z
"9/16/2025, 6:32:08 AM",3.64,79.2,100,0,2025-09-16T10:32:08.000Z
"9/16/2025, 6:35:08 AM",3.641,79,100,0,2025-09-16T10:35:08.000Z
"9/16/2025, 6:38:08 AM",3.641,79,100,0,2025-09-16T10:38:08.000Z
"9/16/2025, 6:41:08 AM",3.641,79,100,0,2025-09-16T10:41:08.000Z
"9/16/2025, 6:44:08 AM",3.64,79,100,0,2025-09-16T10:44:08.000Z
"9/16/2025, 6:47:08 AM",3.64,79,100,0,2025-09-16T10:47:08.000Z
"9/16/2025, 6:50:08 AM",3.641,79,100,0,2025-09-16T10:50:08.000Z
"9/16/2025, 6:53:08 AM",3.64,79,100,0,2025-09-16T10:53:08.000Z
"9/16/2025, 6:56:08 AM",3.64,78.8,100,0,2025-09-16T10:56:08.000Z
"9/16/2025, 6:59:08 AM",3.64,78.8,100,0,2025-09-16T10:59:08.000Z
"9/16/2025, 7:02:08 AM",3.64,78.8,100,0,2025-09-16T11:02:08.000Z
"9/16/2025, 7:05:08 AM",3.64,78.6,100,0,2025-09-16T11:05:08.000Z
"9/16/2025, 7:08:08 AM",3.64,78.6,100,0,2025-09-16T11:08:08.000Z
"9/16/2025, 7:11:08 AM",3.64,78.8,100,0,2025-09-16T11:11:08.000Z
"9/16/2025, 7:14:08 AM",3.64,78.8,100,0,2025-09-16T11:14:08.000Z
"9/16/2025, 7:17:08 AM",3.64,78.8,100,0,2025-09-16T11:17:08.000Z
"9/16/2025, 7:20:08 AM",3.64,78.8,100,0,2025-09-16T11:20:08.000Z
"9/16/2025, 7:23:08 AM",3.64,78.8,100,0,2025-09-16T11:23:08.000Z
"9/16/2025, 7:26:08 AM",3.64,78.8,100,0,2025-09-16T11:26:08.000Z
"9/16/2025, 7:29:08 AM",3.64,78.8,100,0,2025-09-16T11:29:08.000Z
"9/16/2025, 7:32:08 AM",3.64,78.8,100,0,2025-09-16T11:32:08.000Z
"9/16/2025, 7:35:08 AM",3.64,78.8,100,0,2025-09-16T11:35:08.000Z
"9/16/2025, 7:38:08 AM",3.64,78.8,100,0,2025-09-16T11:38:08.000Z
"9/16/2025, 7:41:08 AM",3.64,78.6,100,0,2025-09-16T11:41:08.000Z
"9/16/2025, 7:44:08 AM",3.64,78.6,100,0,2025-09-16T11:44:08.000Z
"9/16/2025, 7:47:08 AM",3.64,78.6,100,0,2025-09-16T11:47:08.000Z
"9/16/2025, 7:50:08 AM",3.64,78.6,100,0,2025-09-16T11:50:08.000Z
"9/16/2025, 7:53:08 AM",3.64,78.6,100,0,2025-09-16T11:53:08.000Z
"9/16/2025, 7:56:08 AM",3.64,78.6,100,0,2025-09-16T11:56:08.000Z
"9/16/2025, 7:59:08 AM",3.64,78.6,100,0,2025-09-16T11:59:08.000Z
"9/16/2025, 8:02:08 AM",3.64,78.6,100,0,2025-09-16T12:02:08.000Z
"9/16/2025, 8:05:08 AM",3.64,78.6,100,0,2025-09-16T12:05:08.000Z
"9/16/2025, 8:08:08 AM",3.64,78.6,100,0,2025-09-16T12:08:08.000Z
"9/16/2025, 8:11:08 AM",3.64,78.8,100,0,2025-09-16T12:11:08.000Z
"9/16/2025, 8:14:08 AM",3.64,78.8,100,0,2025-09-16T12:14:08.000Z
"9/16/2025, 8:17:08 AM",3.64,79,100,0,2025-09-16T12:17:08.000Z
"9/16/2025, 8:20:08 AM",3.64,79,100,0,2025-09-16T12:20:08.000Z
"9/16/2025, 8:23:08 AM",3.64,79,100,0,2025-09-16T12:23:08.000Z
"9/16/2025, 8:26:08 AM",3.64,79.2,100,0,2025-09-16T12:26:08.000Z
"9/16/2025, 8:29:08 AM",3.64,79.2,100,0,2025-09-16T12:29:08.000Z
"9/16/2025, 8:32:08 AM",3.64,79.3,100,0,2025-09-16T12:32:08.000Z
"9/16/2025, 8:35:08 AM",3.64,79.5,100,0,2025-09-16T12:35:08.000Z
"9/16/2025, 8:38:08 AM",3.64,79.5,100,0,2025-09-16T12:38:08.000Z
"9/16/2025, 8:41:08 AM",3.64,79.7,100,0,2025-09-16T12:41:08.000Z
"9/16/2025, 8:44:08 AM",3.64,79.7,100,0,2025-09-16T12:44:08.000Z
"9/16/2025, 8:47:08 AM",3.64,79.9,100,0,2025-09-16T12:47:08.000Z
"9/16/2025, 8:50:08 AM",3.64,80.1,100,0,2025-09-16T12:50:08.000Z
"9/16/2025, 8:53:08 AM",3.64,80.1,100,0,2025-09-16T12:53:08.000Z
"9/16/2025, 8:56:08 AM",3.64,80.1,100,0,2025-09-16T12:56:08.000Z
"9/16/2025, 8:59:08 AM",3.64,80.2,100,0,2025-09-16T12:59:08.000Z
"9/16/2025, 9:02:08 AM",3.64,80.4,100,0,2025-09-16T13:02:08.000Z
"9/16/2025, 9:05:08 AM",3.641,80.4,100,0,2025-09-16T13:05:08.000Z
"9/16/2025, 9:08:08 AM",3.641,80.6,100,0,2025-09-16T13:08:08.000Z
"9/16/2025, 9:11:08 AM",3.64,80.8,100,0,2025-09-16T13:11:08.000Z
"9/16/2025, 9:14:08 AM",3.641,81,100,0,2025-09-16T13:14:08.000Z
"9/16/2025, 9:17:08 AM",3.64,81,100,0,2025-09-16T13:17:08.000Z
"9/16/2025, 9:20:08 AM",3.64,81.1,100,0,2025-09-16T13:20:08.000Z
"9/16/2025, 9:23:08 AM",3.64,81.3,100,0,2025-09-16T13:23:08.000Z
"9/16/2025, 9:26:08 AM",3.64,81.5,100,0,2025-09-16T13:26:08.000Z
"9/16/2025, 9:29:08 AM",3.64,81.7,100,0,2025-09-16T13:29:08.000Z
"9/16/2025, 9:32:08 AM",3.64,81.7,100,0,2025-09-16T13:32:08.000Z
"9/16/2025, 9:35:08 AM",3.64,81.9,100,0,2025-09-16T13:35:08.000Z
"9/16/2025, 9:38:08 AM",3.64,82.2,100,0,2025-09-16T13:38:08.000Z
"9/16/2025, 9:41:08 AM",3.64,82.4,100,0,2025-09-16T13:41:08.000Z
"9/16/2025, 9:44:08 AM",3.64,82.6,100,0,2025-09-16T13:44:08.000Z
"9/16/2025, 9:47:08 AM",3.64,82.9,100,0,2025-09-16T13:47:08.000Z
"9/16/2025, 9:50:08 AM",3.64,83.1,100,0,2025-09-16T13:50:08.000Z
"9/16/2025, 9:53:08 AM",3.64,83.5,100,0,2025-09-16T13:53:08.000Z
"9/16/2025, 9:56:08 AM",3.64,83.7,100,0,2025-09-16T13:56:08.000Z
"9/16/2025, 9:59:08 AM",3.64,84,100,0,2025-09-16T13:59:08.000Z
"9/16/2025, 10:02:08 AM",3.64,84.2,100,0,2025-09-16T14:02:08.000Z
"9/16/2025, 10:05:08 AM",3.639,84.6,100,0,2025-09-16T14:05:08.000Z
"9/16/2025, 10:08:08 AM",3.64,84.9,100,0,2025-09-16T14:08:08.000Z
"9/16/2025, 10:11:08 AM",3.64,85.1,100,0,2025-09-16T14:11:08.000Z
"9/16/2025, 10:14:08 AM",3.639,85.5,100,0,2025-09-16T14:14:08.000Z
"9/16/2025, 10:17:08 AM",3.64,85.6,100,0,2025-09-16T14:17:08.000Z
"9/16/2025, 10:20:08 AM",3.64,86,100,0,2025-09-16T14:20:08.000Z
"9/16/2025, 10:23:08 AM",3.639,86.4,100,0,2025-09-16T14:23:08.000Z
"9/16/2025, 10:26:08 AM",3.639,86.5,100,0,2025-09-16T14:26:08.000Z
"9/16/2025, 10:29:08 AM",3.64,86.7,100,0,2025-09-16T14:29:08.000Z
"9/16/2025, 10:32:08 AM",3.64,87.1,100,0,2025-09-16T14:32:08.000Z
"9/16/2025, 10:35:08 AM",3.64,87.3,100,0,2025-09-16T14:35:08.000Z
"9/16/2025, 10:38:08 AM",3.64,87.6,100,0,2025-09-16T14:38:08.000Z
"9/16/2025, 10:41:08 AM",3.639,87.8,100,0,2025-09-16T14:41:08.000Z
"9/16/2025, 10:44:08 AM",3.64,88,100,0,2025-09-16T14:44:08.000Z
"9/16/2025, 10:47:08 AM",3.64,88.3,100,0,2025-09-16T14:47:08.000Z
"9/16/2025, 10:50:08 AM",3.639,88.5,100,0,2025-09-16T14:50:08.000Z
"9/16/2025, 10:53:08 AM",3.639,88.9,100,0,2025-09-16T14:53:08.000Z
"9/16/2025, 10:56:08 AM",3.64,88.9,100,0,2025-09-16T14:56:08.000Z
"9/16/2025, 10:59:08 AM",3.639,89.2,100,0,2025-09-16T14:59:08.000Z
"9/16/2025, 11:02:08 AM",3.639,89.6,100,0,2025-09-16T15:02:08.000Z
"9/16/2025, 11:05:08 AM",3.639,90,100,0,2025-09-16T15:05:08.000Z
"9/16/2025, 11:08:08 AM",3.639,90.3,100,0,2025-09-16T15:08:08.000Z
"9/16/2025, 11:11:08 AM",3.639,90.7,100,0,2025-09-16T15:11:08.000Z
"9/16/2025, 11:14:08 AM",3.639,90.9,100,0,2025-09-16T15:14:08.000Z
"9/16/2025, 11:17:08 AM",3.64,91.2,100,0,2025-09-16T15:17:08.000Z
"9/16/2025, 11:20:08 AM",3.639,91.6,100,0,2025-09-16T15:20:08.000Z
"9/16/2025, 11:23:08 AM",3.639,91.9,100,0,2025-09-16T15:23:08.000Z
"9/16/2025, 11:26:08 AM",3.639,92.1,100,0,2025-09-16T15:26:08.000Z
"9/16/2025, 11:29:08 AM",3.639,92.5,100,0,2025-09-16T15:29:08.000Z
"9/16/2025, 11:32:08 AM",3.639,92.7,100,0,2025-09-16T15:32:08.000Z
"9/16/2025, 11:35:08 AM",3.639,92.8,100,0,2025-09-16T15:35:08.000Z
"9/16/2025, 11:38:08 AM",3.64,93,100,0,2025-09-16T15:38:08.000Z
"9/16/2025, 11:41:08 AM",3.639,93.2,100,0,2025-09-16T15:41:08.000Z
"9/16/2025, 11:44:08 AM",3.639,93.4,100,0,2025-09-16T15:44:08.000Z
"9/16/2025, 11:47:08 AM",3.639,93.7,100,0,2025-09-16T15:47:08.000Z
"9/16/2025, 11:50:08 AM",3.639,93.9,100,0,2025-09-16T15:50:08.000Z
"9/16/2025, 11:53:08 AM",3.639,93.9,100,0,2025-09-16T15:53:08.000Z
"9/16/2025, 11:56:08 AM",3.639,94.1,100,0,2025-09-16T15:56:08.000Z
"9/16/2025, 11:59:08 AM",3.639,94.3,100,0,2025-09-16T15:59:08.000Z
"9/16/2025, 12:02:08 PM",3.639,94.5,100,0,2025-09-16T16:02:08.000Z
"9/16/2025, 12:05:08 PM",3.639,94.6,100,0,2025-09-16T16:05:08.000Z
"9/16/2025, 12:08:08 PM",3.639,94.8,100,0,2025-09-16T16:08:08.000Z
"9/16/2025, 12:11:08 PM",3.639,95,100,0,2025-09-16T16:11:08.000Z
"9/16/2025, 12:14:08 PM",3.639,95.2,100,0,2025-09-16T16:14:08.000Z
"9/16/2025, 12:17:08 PM",3.639,95.5,100,0,2025-09-16T16:17:08.000Z
"9/16/2025, 12:20:08 PM",3.639,95.7,100,0,2025-09-16T16:20:08.000Z
"9/16/2025, 12:23:08 PM",3.639,96.1,100,0,2025-09-16T16:23:08.000Z
"9/16/2025, 12:26:08 PM",3.639,96.3,100,0,2025-09-16T16:26:08.000Z
"9/16/2025, 12:29:08 PM",3.639,96.4,100,0,2025-09-16T16:29:08.000Z
"9/16/2025, 12:32:08 PM",3.639,96.6,100,0,2025-09-16T16:32:08.000Z
"9/16/2025, 12:35:08 PM",3.639,96.8,100,0,2025-09-16T16:35:08.000Z
"9/16/2025, 12:38:08 PM",3.639,97.2,100,0,2025-09-16T16:38:08.000Z
"9/16/2025, 12:41:08 PM",3.639,97.3,100,0,2025-09-16T16:41:08.000Z
"9/16/2025, 12:44:08 PM",3.639,97.7,100,0,2025-09-16T16:44:08.000Z
"9/16/2025, 12:47:08 PM",3.64,97.9,100,0,2025-09-16T16:47:08.000Z
"9/16/2025, 12:50:08 PM",3.639,98.1,100,0,2025-09-16T16:50:08.000Z
"9/16/2025, 12:53:08 PM",3.639,98.2,100,0,2025-09-16T16:53:08.000Z
"9/16/2025, 12:56:08 PM",3.639,98.4,100,0,2025-09-16T16:56:08.000Z
"9/16/2025, 12:59:08 PM",3.639,98.6,99.9,0,2025-09-16T16:59:08.000Z
"9/16/2025, 1:02:08 PM",3.639,98.8,99.9,0,2025-09-16T17:02:08.000Z
"9/16/2025, 1:05:08 PM",3.639,99,99.9,0,2025-09-16T17:05:08.000Z
"9/16/2025, 1:08:08 PM",3.639,99.3,99.9,0,2025-09-16T17:08:08.000Z
"9/16/2025, 1:11:08 PM",3.64,99.5,99.8,0,2025-09-16T17:11:08.000Z
"9/16/2025, 1:14:08 PM",3.64,99.9,99.8,0,2025-09-16T17:14:08.000Z
"9/16/2025, 1:17:08 PM",3.639,100.2,99.7,0,2025-09-16T17:17:08.000Z
"9/16/2025, 1:20:08 PM",3.639,100.6,99.6,0,2025-09-16T17:20:08.000Z
"9/16/2025, 1:23:08 PM",3.639,100.9,99.6,0,2025-09-16T17:23:08.000Z
"9/16/2025, 1:26:08 PM",3.639,101.3,99.5,0,2025-09-16T17:26:08.000Z
"9/16/2025, 1:29:08 PM",3.639,101.8,99.4,0,2025-09-16T17:29:08.000Z
"9/16/2025, 1:32:08 PM",3.64,102,99.3,0,2025-09-16T17:32:08.000Z
"9/16/2025, 1:35:08 PM",3.639,102.2,99.3,0,2025-09-16T17:35:08.000Z
"9/16/2025, 1:38:08 PM",3.639,102.2,99.2,0,2025-09-16T17:38:08.000Z
"9/16/2025, 1:41:08 PM",3.639,102,99.1,0,2025-09-16T17:41:08.000Z
"9/16/2025, 1:44:08 PM",3.639,101.8,99.1,0,2025-09-16T17:44:08.000Z
"9/16/2025, 1:47:08 PM",3.639,101.7,99,0,2025-09-16T17:47:08.000Z
"9/16/2025, 1:50:08 PM",3.639,101.5,98.9,0,2025-09-16T17:50:08.000Z
"9/16/2025, 1:53:08 PM",3.639,101.3,98.9,0,2025-09-16T17:53:08.000Z
"9/16/2025, 1:56:08 PM",3.639,101.1,98.9,0,2025-09-16T17:56:08.000Z
"9/16/2025, 1:59:08 PM",3.639,100.8,98.7,0,2025-09-16T17:59:08.000Z
"9/16/2025, 2:02:08 PM",3.639,100.4,98.7,0,2025-09-16T18:02:08.000Z
"9/16/2025, 2:05:08 PM",3.639,100.2,98.6,0,2025-09-16T18:05:08.000Z
"9/16/2025, 2:08:08 PM",3.639,100,98.6,0,2025-09-16T18:08:08.000Z
"9/16/2025, 2:11:08 PM",3.64,99.9,98.6,0,2025-09-16T18:11:08.000Z
"9/16/2025, 2:14:08 PM",3.639,99.9,98.6,0,2025-09-16T18:14:08.000Z
"9/16/2025, 2:17:08 PM",3.639,100,98.5,0,2025-09-16T18:17:08.000Z
"9/16/2025, 2:20:08 PM",3.639,100.2,98.5,0,2025-09-16T18:20:08.000Z
"9/16/2025, 2:23:08 PM",3.639,100,98.5,0,2025-09-16T18:23:08.000Z
"9/16/2025, 2:26:08 PM",3.64,100,98.4,0,2025-09-16T18:26:08.000Z
"9/16/2025, 2:29:08 PM",3.639,100,98.4,0,2025-09-16T18:29:08.000Z
"9/16/2025, 2:32:08 PM",3.639,100.2,98.3,0,2025-09-16T18:32:08.000Z
"9/16/2025, 2:35:08 PM",3.639,100.2,98.3,0,2025-09-16T18:35:08.000Z
"9/16/2025, 2:38:08 PM",3.639,100.4,98.3,0,2025-09-16T18:38:08.000Z
"9/16/2025, 2:41:08 PM",3.64,100.8,98.2,0,2025-09-16T18:41:08.000Z
"9/16/2025, 2:44:08 PM",3.64,101.3,98.2,0,2025-09-16T18:44:08.000Z
"9/16/2025, 2:47:08 PM",3.64,101.7,98.2,0,2025-09-16T18:47:08.000Z
"9/16/2025, 2:50:08 PM",3.64,102,98.1,0,2025-09-16T18:50:08.000Z
"9/16/2025, 2:53:08 PM",3.639,102.4,98.1,0,2025-09-16T18:53:08.000Z
"9/16/2025, 2:56:08 PM",3.64,102.6,98.1,0,2025-09-16T18:56:08.000Z
"9/16/2025, 2:59:08 PM",3.64,102.9,98,0,2025-09-16T18:59:08.000Z
"9/16/2025, 3:02:08 PM",3.639,103.1,98,0,2025-09-16T19:02:08.000Z
"9/16/2025, 3:05:08 PM",3.64,103.3,98,0,2025-09-16T19:05:08.000Z
"9/16/2025, 3:08:08 PM",3.64,103.5,97.9,0,2025-09-16T19:08:08.000Z
"9/16/2025, 3:11:08 PM",3.64,103.6,97.9,0,2025-09-16T19:11:08.000Z
"9/16/2025, 3:14:08 PM",3.64,103.8,97.9,0,2025-09-16T19:14:08.000Z
"9/16/2025, 3:17:08 PM",3.64,104,97.8,0,2025-09-16T19:17:08.000Z
"9/16/2025, 3:20:08 PM",3.64,103.8,97.8,0,2025-09-16T19:20:08.000Z
"9/16/2025, 3:23:08 PM",3.64,103.8,97.8,0.4,2025-09-16T19:23:08.000Z
"9/16/2025, 3:26:08 PM",3.64,103.6,97.7,0,2025-09-16T19:26:08.000Z
"9/16/2025, 3:29:08 PM",3.64,103.6,97.7,0,2025-09-16T19:29:08.000Z
"9/16/2025, 3:32:08 PM",3.639,103.6,97.7,0,2025-09-16T19:32:08.000Z
"9/16/2025, 3:35:08 PM",3.639,103.6,97.6,0,2025-09-16T19:35:08.000Z
"9/16/2025, 3:38:08 PM",3.64,103.5,97.6,0,2025-09-16T19:38:08.000Z
"9/16/2025, 3:41:08 PM",3.64,103.5,97.6,0,2025-09-16T19:41:08.000Z
"9/16/2025, 3:44:08 PM",3.639,103.3,97.6,0,2025-09-16T19:44:08.000Z
"9/16/2025, 3:47:08 PM",3.639,103.1,97.6,0,2025-09-16T19:47:08.000Z
"9/16/2025, 3:50:08 PM",3.639,103.1,97.6,0,2025-09-16T19:50:08.000Z
"9/16/2025, 3:53:08 PM",3.64,102.9,97.6,0,2025-09-16T19:53:08.000Z
"9/16/2025, 3:56:08 PM",3.64,102.9,97.6,0,2025-09-16T19:56:08.000Z
"9/16/2025, 3:59:08 PM",3.64,103.1,97.6,0,2025-09-16T19:59:08.000Z
"9/16/2025, 4:02:08 PM",3.639,103.1,97.6,0,2025-09-16T20:02:08.000Z
"9/16/2025, 4:05:08 PM",3.64,102.9,97.6,0,2025-09-16T20:05:08.000Z
"9/16/2025, 4:08:08 PM",3.639,102.6,97.6,0,2025-09-16T20:08:08.000Z
"9/16/2025, 4:11:08 PM",3.639,102.4,97.7,0,2025-09-16T20:11:08.000Z
"9/16/2025, 4:14:08 PM",3.64,102.6,97.7,0,2025-09-16T20:14:08.000Z
"9/16/2025, 4:17:08 PM",3.64,102.4,97.7,0,2025-09-16T20:17:08.000Z
"9/16/2025, 4:20:08 PM",3.64,102.2,97.7,0,2025-09-16T20:20:08.000Z
"9/16/2025, 4:23:08 PM",3.64,102,97.7,0,2025-09-16T20:23:08.000Z
"9/16/2025, 4:26:08 PM",3.64,101.7,97.7,0,2025-09-16T20:26:08.000Z
"9/16/2025, 4:29:08 PM",3.64,101.3,97.7,0,2025-09-16T20:29:08.000Z
"9/16/2025, 4:32:08 PM",3.64,101.1,97.7,0,2025-09-16T20:32:08.000Z
"9/16/2025, 4:35:08 PM",3.639,100.6,97.7,0,2025-09-16T20:35:08.000Z
"9/16/2025, 4:38:08 PM",3.64,100.2,97.7,0,2025-09-16T20:38:08.000Z
"9/16/2025, 4:41:08 PM",3.639,99.9,97.7,0,2025-09-16T20:41:08.000Z
"9/16/2025, 4:44:08 PM",3.64,99.7,97.8,0,2025-09-16T20:44:08.000Z
"9/16/2025, 4:47:08 PM",3.64,99.7,97.8,0,2025-09-16T20:47:08.000Z
"9/16/2025, 4:50:08 PM",3.64,99.5,97.7,0,2025-09-16T20:50:08.000Z
"9/16/2025, 4:53:08 PM",3.64,99.5,97.8,0,2025-09-16T20:53:08.000Z
"9/16/2025, 4:56:08 PM",3.64,99.1,97.8,0,2025-09-16T20:56:08.000Z
"9/16/2025, 4:59:08 PM",3.64,98.8,97.9,0,2025-09-16T20:59:08.000Z
"9/16/2025, 5:02:08 PM",3.64,98.8,97.9,0,2025-09-16T21:02:08.000Z
"9/16/2025, 5:05:08 PM",3.64,99,97.9,0,2025-09-16T21:05:08.000Z
"9/16/2025, 5:08:08 PM",3.64,99,97.9,0,2025-09-16T21:08:08.000Z
"9/16/2025, 5:11:08 PM",3.64,99.3,97.9,0,2025-09-16T21:11:08.000Z
"9/16/2025, 5:14:08 PM",3.64,99.3,98,0,2025-09-16T21:14:08.000Z
"9/16/2025, 5:17:08 PM",3.64,99.5,98,0,2025-09-16T21:17:08.000Z
"9/16/2025, 5:20:08 PM",3.64,99.7,98,0,2025-09-16T21:20:08.000Z
"9/16/2025, 5:23:08 PM",3.64,99.9,98,0,2025-09-16T21:23:08.000Z
"9/16/2025, 5:26:08 PM",3.64,100,98,0,2025-09-16T21:26:08.000Z
"9/16/2025, 5:29:08 PM",3.64,100,98,0,2025-09-16T21:29:08.000Z
"9/16/2025, 5:32:08 PM",3.64,100.2,98,0,2025-09-16T21:32:08.000Z
"9/16/2025, 5:35:08 PM",3.64,100.2,98.1,0,2025-09-16T21:35:08.000Z
"9/16/2025, 5:38:08 PM",3.64,100.2,98.1,0,2025-09-16T21:38:08.000Z
"9/16/2025, 5:41:08 PM",3.64,100.2,98.1,0,2025-09-16T21:41:08.000Z
"9/16/2025, 5:44:08 PM",3.64,100.2,98.1,0,2025-09-16T21:44:08.000Z
"9/16/2025, 5:47:08 PM",3.64,100,98.1,0,2025-09-16T21:47:08.000Z
"9/16/2025, 5:50:08 PM",3.64,99.9,98.1,0,2025-09-16T21:50:08.000Z
"9/16/2025, 5:53:08 PM",3.64,99.7,98.1,0,2025-09-16T21:53:08.000Z
"9/16/2025, 5:56:08 PM",3.64,99.3,98.1,0,2025-09-16T21:56:08.000Z
"9/16/2025, 5:59:08 PM",3.64,99,98.1,0,2025-09-16T21:59:08.000Z
"9/16/2025, 6:02:08 PM",3.64,98.8,98.1,0,2025-09-16T22:02:08.000Z
"9/16/2025, 6:05:08 PM",3.64,98.4,98.1,0,2025-09-16T22:05:08.000Z
"9/16/2025, 6:08:08 PM",3.64,98.1,98.2,0,2025-09-16T22:08:08.000Z
"9/16/2025, 6:11:08 PM",3.64,97.7,98.2,0,2025-09-16T22:11:08.000Z
"9/16/2025, 6:14:08 PM",3.64,97.5,98.1,0,2025-09-16T22:14:08.000Z
"9/16/2025, 6:17:08 PM",3.64,97.2,98.2,0,2025-09-16T22:17:08.000Z
"9/16/2025, 6:20:08 PM",3.64,96.8,98.2,0,2025-09-16T22:20:08.000Z
"9/16/2025, 6:23:08 PM",3.64,96.6,98.2,0,2025-09-16T22:23:08.000Z
"9/16/2025, 6:26:08 PM",3.64,96.3,98.3,0,2025-09-16T22:26:08.000Z
"9/16/2025, 6:29:08 PM",3.64,96.1,98.3,0,2025-09-16T22:29:08.000Z
"9/16/2025, 6:32:08 PM",3.64,95.7,98.3,0,2025-09-16T22:32:08.000Z
"9/16/2025, 6:35:08 PM",3.64,95.4,98.3,0,2025-09-16T22:35:08.000Z
"9/16/2025, 6:38:08 PM",3.64,95.2,98.3,0,2025-09-16T22:38:08.000Z
"9/16/2025, 6:41:08 PM",3.64,94.8,98.3,0,2025-09-16T22:41:08.000Z
"9/16/2025, 6:44:08 PM",3.64,94.6,98.4,0,2025-09-16T22:44:08.000Z
"9/16/2025, 6:47:08 PM",3.64,94.3,98.5,0,2025-09-16T22:47:08.000Z
"9/16/2025, 6:50:08 PM",3.64,94.1,98.5,0,2025-09-16T22:50:08.000Z
"9/16/2025, 6:53:08 PM",3.64,93.9,98.5,0,2025-09-16T22:53:08.000Z
"9/16/2025, 6:56:08 PM",3.64,93.6,98.6,0,2025-09-16T22:56:08.000Z
"9/16/2025, 6:59:08 PM",3.64,93.2,98.6,0,2025-09-16T22:59:08.000Z
"9/16/2025, 7:02:08 PM",3.641,92.8,98.6,0,2025-09-16T23:02:08.000Z
"9/16/2025, 7:05:08 PM",3.64,92.5,98.6,0,2025-09-16T23:05:08.000Z
"9/16/2025, 7:08:08 PM",3.64,92.3,98.7,0,2025-09-16T23:08:08.000Z
"9/16/2025, 7:11:08 PM",3.64,91.9,98.7,0,2025-09-16T23:11:08.000Z
"9/16/2025, 7:14:08 PM",3.641,91.6,98.7,0,2025-09-16T23:14:08.000Z
"9/16/2025, 7:17:08 PM",3.64,91.2,98.8,0,2025-09-16T23:17:08.000Z
"9/16/2025, 7:20:08 PM",3.641,90.9,98.8,0,2025-09-16T23:20:08.000Z
"9/16/2025, 7:23:08 PM",3.64,90.7,98.8,0,2025-09-16T23:23:08.000Z
"9/16/2025, 7:26:08 PM",3.64,90.3,98.8,0,2025-09-16T23:26:08.000Z
"9/16/2025, 7:29:08 PM",3.64,90.1,98.8,0,2025-09-16T23:29:08.000Z
"9/16/2025, 7:32:08 PM",3.64,89.8,98.8,0,2025-09-16T23:32:08.000Z
"9/16/2025, 7:35:08 PM",3.641,89.6,98.8,0,2025-09-16T23:35:08.000Z
"9/16/2025, 7:38:08 PM",3.64,89.2,98.9,0,2025-09-16T23:38:08.000Z
"9/16/2025, 7:41:08 PM",3.64,89.1,98.9,0,2025-09-16T23:41:08.000Z
"9/16/2025, 7:44:08 PM",3.64,88.9,98.9,0,2025-09-16T23:44:08.000Z
"9/16/2025, 7:47:08 PM",3.641,88.5,98.9,0,2025-09-16T23:47:08.000Z
"9/16/2025, 7:50:08 PM",3.64,88.2,98.9,0,2025-09-16T23:50:08.000Z
"9/16/2025, 7:53:08 PM",3.64,88,98.9,0,2025-09-16T23:53:08.000Z
"9/16/2025, 7:56:08 PM",3.641,87.8,98.9,0,2025-09-16T23:56:08.000Z
"9/16/2025, 7:59:08 PM",3.641,87.6,99,0,2025-09-16T23:59:08.000Z
"9/16/2025, 8:02:08 PM",3.641,87.4,99,0,2025-09-17T00:02:08.000Z
"9/16/2025, 8:05:08 PM",3.64,87.3,99,0,2025-09-17T00:05:08.000Z
"9/16/2025, 8:08:08 PM",3.641,87.1,99,0,2025-09-17T00:08:08.000Z
"9/16/2025, 8:11:08 PM",3.641,86.9,99,0,2025-09-17T00:11:08.000Z
"9/16/2025, 8:14:08 PM",3.64,86.7,99,0,2025-09-17T00:14:08.000Z
"9/16/2025, 8:17:08 PM",3.641,86.5,99.1,0,2025-09-17T00:17:08.000Z
"9/16/2025, 8:20:08 PM",3.641,86.4,99.1,0,2025-09-17T00:20:08.000Z
"9/16/2025, 8:23:08 PM",3.641,86.2,99.2,0,2025-09-17T00:23:08.000Z
"9/16/2025, 8:26:08 PM",3.641,86,99.2,0,2025-09-17T00:26:08.000Z
"9/16/2025, 8:29:08 PM",3.641,85.8,99.2,0,2025-09-17T00:29:08.000Z
"9/16/2025, 8:32:08 PM",3.641,85.8,99.2,0,2025-09-17T00:32:08.000Z
"9/16/2025, 8:35:08 PM",3.641,85.6,99.2,0,2025-09-17T00:35:08.000Z
"9/16/2025, 8:38:08 PM",3.641,85.5,99.3,0,2025-09-17T00:38:08.000Z
"9/16/2025, 8:41:08 PM",3.641,85.3,99.3,0,2025-09-17T00:41:08.000Z
"9/16/2025, 8:44:08 PM",3.641,85.3,99.3,0,2025-09-17T00:44:08.000Z
"9/16/2025, 8:47:08 PM",3.641,85.1,99.3,0,2025-09-17T00:47:08.000Z
"9/16/2025, 8:50:08 PM",3.641,84.9,99.3,0,2025-09-17T00:50:08.000Z
"9/16/2025, 8:53:08 PM",3.641,84.9,99.4,0,2025-09-17T00:53:08.000Z
"9/16/2025, 8:56:08 PM",3.641,84.7,99.4,0,2025-09-17T00:56:08.000Z
"9/16/2025, 8:59:08 PM",3.641,84.6,99.5,0,2025-09-17T00:59:08.000Z
"9/16/2025, 9:02:08 PM",3.641,84.6,99.4,0,2025-09-17T01:02:08.000Z
"9/16/2025, 9:05:08 PM",3.641,84.4,99.5,0,2025-09-17T01:05:08.000Z
"9/16/2025, 9:08:08 PM",3.641,84.4,99.5,0,2025-09-17T01:08:08.000Z
"9/16/2025, 9:11:08 PM",3.641,84.2,99.6,0,2025-09-17T01:11:08.000Z
"9/16/2025, 9:14:08 PM",3.641,84,99.5,0,2025-09-17T01:14:08.000Z
"9/16/2025, 9:17:08 PM",3.641,84,99.6,0,2025-09-17T01:17:08.000Z
"9/16/2025, 9:20:08 PM",3.641,83.8,99.6,0,2025-09-17T01:20:08.000Z
"9/16/2025, 9:23:08 PM",3.641,83.8,99.6,0,2025-09-17T01:23:08.000Z
"9/16/2025, 9:26:08 PM",3.641,83.8,99.6,0,2025-09-17T01:26:08.000Z
"9/16/2025, 9:29:08 PM",3.641,83.7,99.7,0,2025-09-17T01:29:08.000Z
"9/16/2025, 9:32:08 PM",3.641,83.7,99.6,0,2025-09-17T01:32:08.000Z
"9/16/2025, 9:35:08 PM",3.641,83.5,99.7,0,2025-09-17T01:35:08.000Z
"9/16/2025, 9:38:08 PM",3.641,83.5,99.7,0,2025-09-17T01:38:08.000Z
"9/16/2025, 9:41:08 PM",3.641,83.3,99.7,0,2025-09-17T01:41:08.000Z
"9/16/2025, 9:44:08 PM",3.641,83.3,99.7,0,2025-09-17T01:44:08.000Z
"9/16/2025, 9:47:08 PM",3.641,83.1,99.7,0,2025-09-17T01:47:08.000Z
"9/16/2025, 9:50:08 PM",3.641,83.1,99.7,0,2025-09-17T01:50:08.000Z
"9/16/2025, 9:53:08 PM",3.641,83.1,99.8,0,2025-09-17T01:53:08.000Z
"9/16/2025, 9:56:08 PM",3.641,82.9,99.8,0,2025-09-17T01:56:08.000Z
"9/16/2025, 9:59:08 PM",3.641,82.9,99.8,0,2025-09-17T01:59:08.000Z
"9/16/2025, 10:02:08 PM",3.641,82.8,99.8,0,2025-09-17T02:02:08.000Z
"9/16/2025, 10:05:08 PM",3.641,82.8,99.8,0,2025-09-17T02:05:08.000Z
"9/16/2025, 10:08:08 PM",3.641,82.8,99.9,0,2025-09-17T02:08:08.000Z
"9/16/2025, 10:11:08 PM",3.641,82.6,99.9,0,2025-09-17T02:11:08.000Z
"9/16/2025, 10:14:08 PM",3.641,82.6,99.9,0,2025-09-17T02:14:08.000Z
"9/16/2025, 10:17:08 PM",3.641,82.4,99.9,0,2025-09-17T02:17:08.000Z
"9/16/2025, 10:20:08 PM",3.641,82.4,99.9,0,2025-09-17T02:20:08.000Z
"9/16/2025, 10:23:08 PM",3.641,82.4,100,0,2025-09-17T02:23:08.000Z
"9/16/2025, 10:26:08 PM",3.641,82.4,100,0,2025-09-17T02:26:08.000Z
"9/16/2025, 10:29:08 PM",3.641,82.2,100,0,2025-09-17T02:29:08.000Z
"9/16/2025, 10:32:08 PM",3.641,82.2,100,0,2025-09-17T02:32:08.000Z
"9/16/2025, 10:35:08 PM",3.641,82.2,100,0,2025-09-17T02:35:08.000Z
"9/16/2025, 10:38:08 PM",3.641,82,100,0,2025-09-17T02:38:08.000Z
"9/16/2025, 10:41:08 PM",3.641,82,100,0,2025-09-17T02:41:08.000Z
"9/16/2025, 10:44:08 PM",3.641,82,100,0,2025-09-17T02:44:08.000Z
"9/16/2025, 10:47:08 PM",3.641,82,100,0,2025-09-17T02:47:08.000Z
"9/16/2025, 10:50:08 PM",3.641,81.9,100,0,2025-09-17T02:50:08.000Z
"9/16/2025, 10:53:08 PM",3.641,81.9,100,0,2025-09-17T02:53:08.000Z
"9/16/2025, 10:56:08 PM",3.641,81.9,100,0,2025-09-17T02:56:08.000Z
"9/16/2025, 10:59:08 PM",3.641,81.9,100,0,2025-09-17T02:59:08.000Z
"9/16/2025, 11:02:08 PM",3.641,81.9,100,0,2025-09-17T03:02:08.000Z
"9/16/2025, 11:05:08 PM",3.641,81.7,100,0,2025-09-17T03:05:08.000Z
"9/16/2025, 11:08:08 PM",3.641,81.7,100,0,2025-09-17T03:08:08.000Z
"9/16/2025, 11:11:08 PM",3.641,81.7,100,0,2025-09-17T03:11:08.000Z
"9/16/2025, 11:14:08 PM",3.641,81.7,100,0,2025-09-17T03:14:08.000Z
"9/16/2025, 11:17:08 PM",3.641,81.7,100,0,2025-09-17T03:17:08.000Z
"9/16/2025, 11:20:08 PM",3.641,81.5,100,0,2025-09-17T03:20:08.000Z
"9/16/2025, 11:23:08 PM",3.641,81.5,100,0,2025-09-17T03:23:08.000Z
"9/16/2025, 11:26:08 PM",3.641,81.5,100,0,2025-09-17T03:26:08.000Z
"9/16/2025, 11:29:08 PM",3.641,81.5,100,0,2025-09-17T03:29:08.000Z
"9/16/2025, 11:32:08 PM",3.641,81.3,100,0,2025-09-17T03:32:08.000Z
"9/16/2025, 11:35:08 PM",3.641,81.3,100,0,2025-09-17T03:35:08.000Z
"9/16/2025, 11:38:08 PM",3.641,81.3,100,0,2025-09-17T03:38:08.000Z
"9/16/2025, 11:41:08 PM",3.641,81.1,100,0,2025-09-17T03:41:08.000Z
"9/16/2025, 11:44:08 PM",3.641,81.1,100,0,2025-09-17T03:44:08.000Z
"9/16/2025, 11:47:08 PM",3.641,81.1,100,0,2025-09-17T03:47:08.000Z
"9/16/2025, 11:50:08 PM",3.641,81.1,100,0,2025-09-17T03:50:08.000Z
"9/16/2025, 11:53:08 PM",3.641,81.1,100,0,2025-09-17T03:53:08.000Z
"9/16/2025, 11:56:08 PM",3.641,81.1,100,0,2025-09-17T03:56:08.000Z
"9/16/2025, 11:59:08 PM",3.641,81.1,100,0,2025-09-17T03:59:08.000Z
"9/17/2025, 12:02:08 AM",3.641,81,100,0,2025-09-17T04:02:08.000Z
"9/17/2025, 12:05:08 AM",3.641,81,100,0,2025-09-17T04:05:08.000Z
"9/17/2025, 12:08:08 AM",3.641,81,100,0,2025-09-17T04:08:08.000Z
"9/17/2025, 12:11:08 AM",3.641,81,100,0,2025-09-17T04:11:08.000Z
"9/17/2025, 12:14:08 AM",3.641,81,100,0,2025-09-17T04:14:08.000Z
"9/17/2025, 12:17:08 AM",3.641,81,100,0,2025-09-17T04:17:08.000Z
"9/17/2025, 12:20:08 AM",3.641,81,100,0,2025-09-17T04:20:08.000Z
"9/17/2025, 12:23:08 AM",3.641,81,100,0,2025-09-17T04:23:08.000Z
"9/17/2025, 12:26:08 AM",3.641,80.8,100,0,2025-09-17T04:26:08.000Z
"9/17/2025, 12:29:08 AM",3.641,80.8,100,0,2025-09-17T04:29:08.000Z
"9/17/2025, 12:32:08 AM",3.641,80.8,100,0,2025-09-17T04:32:08.000Z
"9/17/2025, 12:35:08 AM",3.641,80.8,100,0,2025-09-17T04:35:08.000Z
"9/17/2025, 12:38:08 AM",3.641,80.8,100,0,2025-09-17T04:38:08.000Z
"9/17/2025, 12:41:08 AM",3.641,80.6,100,0,2025-09-17T04:41:08.000Z
"9/17/2025, 12:44:08 AM",3.641,80.6,100,0,2025-09-17T04:44:08.000Z
"9/17/2025, 12:47:08 AM",3.641,80.6,100,0,2025-09-17T04:47:08.000Z
"9/17/2025, 12:50:08 AM",3.641,80.4,100,0,2025-09-17T04:50:08.000Z
"9/17/2025, 12:53:08 AM",3.641,80.4,100,0,2025-09-17T04:53:08.000Z
"9/17/2025, 12:56:08 AM",3.641,80.4,100,0,2025-09-17T04:56:08.000Z
"9/17/2025, 12:59:08 AM",3.641,80.4,100,0,2025-09-17T04:59:08.000Z
"9/17/2025, 1:02:08 AM",3.641,80.2,100,0,2025-09-17T05:02:08.000Z
"9/17/2025, 1:05:08 AM",3.641,80.2,100,0,2025-09-17T05:05:08.000Z
"9/17/2025, 1:08:08 AM",3.641,80.2,100,0,2025-09-17T05:08:08.000Z
"9/17/2025, 1:11:08 AM",3.641,80.2,100,0,2025-09-17T05:11:08.000Z
"9/17/2025, 1:14:08 AM",3.641,80.2,100,0,2025-09-17T05:14:08.000Z
"9/17/2025, 1:17:08 AM",3.641,80.1,100,0,2025-09-17T05:17:08.000Z
"9/17/2025, 1:20:08 AM",3.641,80.1,100,0,2025-09-17T05:20:08.000Z
"9/17/2025, 1:23:08 AM",3.641,80.1,100,0,2025-09-17T05:23:08.000Z
"9/17/2025, 1:26:08 AM",3.641,80.1,100,0,2025-09-17T05:26:08.000Z
"9/17/2025, 1:29:08 AM",3.641,80.1,100,0,2025-09-17T05:29:08.000Z
"9/17/2025, 1:32:08 AM",3.642,80.1,100,0,2025-09-17T05:32:08.000Z
"9/17/2025, 1:35:08 AM",3.641,80.1,100,0,2025-09-17T05:35:08.000Z
"9/17/2025, 1:38:08 AM",3.641,80.1,100,0,2025-09-17T05:38:08.000Z
"9/17/2025, 1:41:08 AM",3.641,80.1,100,0,2025-09-17T05:41:08.000Z
"9/17/2025, 1:44:08 AM",3.641,80.1,100,0,2025-09-17T05:44:08.000Z
"9/17/2025, 1:47:08 AM",3.641,80.1,100,0,2025-09-17T05:47:08.000Z
"9/17/2025, 1:50:08 AM",3.641,80.1,100,0,2025-09-17T05:50:08.000Z
"9/17/2025, 1:53:08 AM",3.641,79.9,100,0,2025-09-17T05:53:08.000Z
"9/17/2025, 1:56:08 AM",3.641,79.9,100,0,2025-09-17T05:56:08.000Z
"9/17/2025, 1:59:08 AM",3.641,79.9,100,0,2025-09-17T05:59:08.000Z
"9/17/2025, 2:02:08 AM",3.641,79.9,100,0,2025-09-17T06:02:08.000Z
"9/17/2025, 2:05:08 AM",3.641,79.7,100,0,2025-09-17T06:05:08.000Z
"9/17/2025, 2:08:08 AM",3.641,79.7,100,0,2025-09-17T06:08:08.000Z
"9/17/2025, 2:11:08 AM",3.641,79.7,100,0,2025-09-17T06:11:08.000Z
"9/17/2025, 2:14:08 AM",3.641,79.7,100,0,2025-09-17T06:14:08.000Z
"9/17/2025, 2:17:08 AM",3.641,79.7,100,0,2025-09-17T06:17:08.000Z
"9/17/2025, 2:20:08 AM",3.641,79.7,100,0,2025-09-17T06:20:08.000Z
"9/17/2025, 2:23:08 AM",3.641,79.7,100,0,2025-09-17T06:23:08.000Z
"9/17/2025, 2:26:08 AM",3.641,79.5,100,0,2025-09-17T06:26:08.000Z
"9/17/2025, 2:29:08 AM",3.641,79.5,100,0,2025-09-17T06:29:08.000Z
"9/17/2025, 2:32:08 AM",3.641,79.5,100,0,2025-09-17T06:32:08.000Z
"9/17/2025, 2:35:08 AM",3.641,79.5,100,0,2025-09-17T06:35:08.000Z
"9/17/2025, 2:38:08 AM",3.641,79.5,100,0,2025-09-17T06:38:08.000Z
"9/17/2025, 2:41:08 AM",3.641,79.5,100,0,2025-09-17T06:41:08.000Z
"9/17/2025, 2:44:08 AM",3.641,79.5,100,0,2025-09-17T06:44:08.000Z
"9/17/2025, 2:47:08 AM",3.641,79.5,100,0,2025-09-17T06:47:08.000Z
"9/17/2025, 2:50:08 AM",3.641,79.5,100,0,2025-09-17T06:50:08.000Z
"9/17/2025, 2:53:08 AM",3.641,79.5,100,0,2025-09-17T06:53:08.000Z
"9/17/2025, 2:56:08 AM",3.641,79.3,100,0,2025-09-17T06:56:08.000Z
"9/17/2025, 2:59:08 AM",3.641,79.3,100,0,2025-09-17T06:59:08.000Z
"9/17/2025, 3:02:08 AM",3.641,79.3,100,0,2025-09-17T07:02:08.000Z
"9/17/2025, 3:05:08 AM",3.641,79.3,100,0,2025-09-17T07:05:08.000Z
"9/17/2025, 3:08:08 AM",3.641,79.3,100,0,2025-09-17T07:08:08.000Z
"9/17/2025, 3:11:08 AM",3.641,79.5,100,0,2025-09-17T07:11:08.000Z
"9/17/2025, 3:14:08 AM",3.641,79.5,100,0,2025-09-17T07:14:08.000Z
"9/17/2025, 3:17:08 AM",3.641,79.5,100,0,2025-09-17T07:17:08.000Z
"9/17/2025, 3:20:08 AM",3.641,79.3,100,0,2025-09-17T07:20:08.000Z
"9/17/2025, 3:23:08 AM",3.641,79.3,100,0,2025-09-17T07:23:08.000Z
"9/17/2025, 3:26:08 AM",3.641,79.3,100,0,2025-09-17T07:26:08.000Z
"9/17/2025, 3:29:08 AM",3.641,79.2,100,0,2025-09-17T07:29:08.000Z
"9/17/2025, 3:32:08 AM",3.641,79.2,100,0,2025-09-17T07:32:08.000Z
"9/17/2025, 3:35:08 AM",3.641,79.2,100,0,2025-09-17T07:35:08.000Z
"9/17/2025, 3:38:08 AM",3.641,79.2,100,0,2025-09-17T07:38:08.000Z
"9/17/2025, 3:41:08 AM",3.641,79.2,100,0,2025-09-17T07:41:08.000Z
"9/17/2025, 3:44:08 AM",3.641,79,100,0,2025-09-17T07:44:08.000Z
"9/17/2025, 3:47:08 AM",3.641,79,100,0,2025-09-17T07:47:08.000Z
"9/17/2025, 3:50:08 AM",3.641,79,100,0,2025-09-17T07:50:08.000Z
"9/17/2025, 3:53:08 AM",3.641,79,100,0,2025-09-17T07:53:08.000Z
"9/17/2025, 3:56:08 AM",3.641,79,100,0,2025-09-17T07:56:08.000Z
"9/17/2025, 3:59:08 AM",3.641,79,100,0,2025-09-17T07:59:08.000Z
"9/17/2025, 4:02:08 AM",3.641,79,100,0,2025-09-17T08:02:08.000Z
"9/17/2025, 4:05:08 AM",3.641,79,100,0,2025-09-17T08:05:08.000Z
"9/17/2025, 4:08:08 AM",3.641,78.8,100,0,2025-09-17T08:08:08.000Z
"9/17/2025, 4:11:08 AM",3.64,78.8,100,0,2025-09-17T08:11:08.000Z
"9/17/2025, 4:14:08 AM",3.641,78.8,100,0,2025-09-17T08:14:08.000Z
"9/17/2025, 4:17:08 AM",3.641,78.8,100,0,2025-09-17T08:17:08.000Z
"9/17/2025, 4:20:08 AM",3.64,78.8,100,0,2025-09-17T08:20:08.000Z
"9/17/2025, 4:23:08 AM",3.641,78.8,100,0,2025-09-17T08:23:08.000Z
"9/17/2025, 4:26:08 AM",3.641,78.6,100,0,2025-09-17T08:26:08.000Z
"9/17/2025, 4:29:08 AM",3.641,78.6,100,0,2025-09-17T08:29:08.000Z
"9/17/2025, 4:32:08 AM",3.641,78.6,100,0,2025-09-17T08:32:08.000Z
"9/17/2025, 4:35:08 AM",3.641,78.6,100,0,2025-09-17T08:35:08.000Z
"9/17/2025, 4:38:08 AM",3.641,78.6,100,0,2025-09-17T08:38:08.000Z
"9/17/2025, 4:41:08 AM",3.641,78.6,100,0,2025-09-17T08:41:08.000Z
"9/17/2025, 4:44:08 AM",3.641,78.4,100,0,2025-09-17T08:44:08.000Z
"9/17/2025, 4:47:08 AM",3.641,78.4,100,0,2025-09-17T08:47:08.000Z
"9/17/2025, 4:50:08 AM",3.641,78.4,100,0,2025-09-17T08:50:08.000Z
"9/17/2025, 4:53:08 AM",3.641,78.4,100,0,2025-09-17T08:53:08.000Z
"9/17/2025, 4:56:08 AM",3.641,78.3,100,0,2025-09-17T08:56:08.000Z
"9/17/2025, 4:59:08 AM",3.641,78.3,100,0,2025-09-17T08:59:08.000Z
"9/17/2025, 5:02:08 AM",3.641,78.3,100,0,2025-09-17T09:02:08.000Z
"9/17/2025, 5:05:08 AM",3.641,78.3,100,0,2025-09-17T09:05:08.000Z
"9/17/2025, 5:08:08 AM",3.641,78.1,100,0,2025-09-17T09:08:08.000Z
"9/17/2025, 5:11:08 AM",3.641,78.1,100,0,2025-09-17T09:11:08.000Z
"9/17/2025, 5:14:08 AM",3.641,78.1,100,0,2025-09-17T09:14:08.000Z
"9/17/2025, 5:17:08 AM",3.641,78.1,100,0,2025-09-17T09:17:08.000Z
"9/17/2025, 5:20:08 AM",3.641,78.1,100,0,2025-09-17T09:20:08.000Z
"9/17/2025, 5:23:08 AM",3.641,78.1,100,0,2025-09-17T09:23:08.000Z
"9/17/2025, 5:26:08 AM",3.641,78.1,100,0,2025-09-17T09:26:08.000Z
"9/17/2025, 5:29:08 AM",3.641,78.1,100,0,2025-09-17T09:29:08.000Z
"9/17/2025, 5:32:08 AM",3.64,78.1,100,0,2025-09-17T09:32:08.000Z
"9/17/2025, 5:35:08 AM",3.641,78.1,100,0,2025-09-17T09:35:08.000Z
"9/17/2025, 5:38:08 AM",3.641,78.1,100,0,2025-09-17T09:38:08.000Z
"9/17/2025, 5:41:08 AM",3.641,78.1,100,0,2025-09-17T09:41:08.000Z
"9/17/2025, 5:44:08 AM",3.641,78.1,100,0,2025-09-17T09:44:08.000Z
"9/17/2025, 5:47:08 AM",3.641,77.9,100,0,2025-09-17T09:47:08.000Z
"9/17/2025, 5:50:08 AM",3.641,77.9,100,0,2025-09-17T09:50:08.000Z
"9/17/2025, 5:53:08 AM",3.641,77.9,100,0,2025-09-17T09:53:08.000Z
"9/17/2025, 5:56:08 AM",3.641,77.9,100,0,2025-09-17T09:56:08.000Z
"9/17/2025, 5:59:08 AM",3.641,77.9,100,0,2025-09-17T09:59:08.000Z
"9/17/2025, 6:02:08 AM",3.641,77.9,100,0,2025-09-17T10:02:08.000Z
"9/17/2025, 6:05:08 AM",3.641,77.9,100,0,2025-09-17T10:05:08.000Z
"9/17/2025, 6:08:08 AM",3.641,77.9,100,0,2025-09-17T10:08:08.000Z
"9/17/2025, 6:11:08 AM",3.641,77.9,100,0,2025-09-17T10:11:08.000Z
"9/17/2025, 6:14:08 AM",3.641,77.9,100,0,2025-09-17T10:14:08.000Z
"9/17/2025, 6:17:08 AM",3.641,77.9,100,0,2025-09-17T10:17:08.000Z
"9/17/2025, 6:20:08 AM",3.641,77.9,100,0,2025-09-17T10:20:08.000Z
"9/17/2025, 6:23:08 AM",3.641,77.9,100,0,2025-09-17T10:23:08.000Z
"9/17/2025, 6:26:08 AM",3.641,77.7,100,0,2025-09-17T10:26:08.000Z
"9/17/2025, 6:29:08 AM",3.641,77.7,100,0,2025-09-17T10:29:08.000Z
"9/17/2025, 6:32:08 AM",3.641,77.7,100,0,2025-09-17T10:32:08.000Z
"9/17/2025, 6:35:08 AM",3.641,77.7,100,0,2025-09-17T10:35:08.000Z
"9/17/2025, 6:38:08 AM",3.64,77.7,100,0,2025-09-17T10:38:08.000Z
"9/17/2025, 6:41:08 AM",3.641,77.7,100,0,2025-09-17T10:41:08.000Z
"9/17/2025, 6:44:08 AM",3.641,77.7,100,0,2025-09-17T10:44:08.000Z
"9/17/2025, 6:47:08 AM",3.641,77.7,100,0,2025-09-17T10:47:08.000Z
"9/17/2025, 6:50:08 AM",3.641,77.7,100,0,2025-09-17T10:50:08.000Z
"9/17/2025, 6:53:08 AM",3.64,77.7,100,0,2025-09-17T10:53:08.000Z
"9/17/2025, 6:56:08 AM",3.641,77.7,100,0,2025-09-17T10:56:08.000Z
"9/17/2025, 6:59:08 AM",3.641,77.7,100,0,2025-09-17T10:59:08.000Z
"9/17/2025, 7:02:08 AM",3.641,77.7,100,0,2025-09-17T11:02:08.000Z
"9/17/2025, 7:05:08 AM",3.641,77.5,100,0,2025-09-17T11:05:08.000Z
"9/17/2025, 7:08:08 AM",3.641,77.5,100,0,2025-09-17T11:08:08.000Z
"9/17/2025, 7:11:08 AM",3.641,77.5,100,0,2025-09-17T11:11:08.000Z
"9/17/2025, 7:14:08 AM",3.641,77.7,100,0,2025-09-17T11:14:08.000Z
"9/17/2025, 7:17:08 AM",3.641,77.5,100,0,2025-09-17T11:17:08.000Z
"9/17/2025, 7:20:08 AM",3.64,77.5,100,0,2025-09-17T11:20:08.000Z
"9/17/2025, 7:23:08 AM",3.641,77.5,100,0,2025-09-17T11:23:08.000Z
"9/17/2025, 7:26:08 AM",3.641,77.5,100,0,2025-09-17T11:26:08.000Z
"9/17/2025, 7:29:08 AM",3.641,77.5,100,0,2025-09-17T11:29:08.000Z
"9/17/2025, 7:32:08 AM",3.641,77.5,100,0,2025-09-17T11:32:08.000Z
"9/17/2025, 7:35:08 AM",3.64,77.5,100,0,2025-09-17T11:35:08.000Z
"9/17/2025, 7:38:08 AM",3.64,77.5,100,0,2025-09-17T11:38:08.000Z
"9/17/2025, 7:41:08 AM",3.641,77.5,100,0,2025-09-17T11:41:08.000Z
"9/17/2025, 7:44:08 AM",3.64,77.5,100,0,2025-09-17T11:44:08.000Z
"9/17/2025, 7:47:08 AM",3.64,77.4,100,0,2025-09-17T11:47:08.000Z
"9/17/2025, 7:50:08 AM",3.64,77.5,100,0,2025-09-17T11:50:08.000Z
"9/17/2025, 7:53:08 AM",3.641,77.5,100,0,2025-09-17T11:53:08.000Z
"9/17/2025, 7:56:08 AM",3.641,77.5,100,0,2025-09-17T11:56:08.000Z
"9/17/2025, 7:59:08 AM",3.641,77.7,100,0,2025-09-17T11:59:08.000Z
"9/17/2025, 8:02:08 AM",3.64,77.7,100,0,2025-09-17T12:02:08.000Z
"9/17/2025, 8:05:08 AM",3.641,77.9,100,0,2025-09-17T12:05:08.000Z
"9/17/2025, 8:08:08 AM",3.641,77.9,100,0,2025-09-17T12:08:08.000Z
"9/17/2025, 8:11:08 AM",3.641,78.1,100,0,2025-09-17T12:11:08.000Z
"9/17/2025, 8:14:08 AM",3.641,78.3,100,0,2025-09-17T12:14:08.000Z
"9/17/2025, 8:17:08 AM",3.641,78.4,100,0,2025-09-17T12:17:08.000Z
"9/17/2025, 8:20:08 AM",3.641,78.4,100,0,2025-09-17T12:20:08.000Z
"9/17/2025, 8:23:08 AM",3.64,78.6,100,0,2025-09-17T12:23:08.000Z
"9/17/2025, 8:26:08 AM",3.64,78.8,100,0,2025-09-17T12:26:08.000Z
"9/17/2025, 8:29:08 AM",3.641,79,100,0,2025-09-17T12:29:08.000Z
"9/17/2025, 8:32:08 AM",3.641,79,100,0,2025-09-17T12:32:08.000Z
"9/17/2025, 8:35:08 AM",3.641,79.2,100,0,2025-09-17T12:35:08.000Z
"9/17/2025, 8:38:08 AM",3.641,79.3,100,0,2025-09-17T12:38:08.000Z
"9/17/2025, 8:41:08 AM",3.64,79.5,100,0,2025-09-17T12:41:08.000Z
"9/17/2025, 8:44:08 AM",3.641,79.7,100,0,2025-09-17T12:44:08.000Z
"9/17/2025, 8:47:08 AM",3.64,79.9,100,0,2025-09-17T12:47:08.000Z
"9/17/2025, 8:50:08 AM",3.64,80.2,100,0,2025-09-17T12:50:08.000Z
"9/17/2025, 8:53:08 AM",3.64,80.4,100,0,2025-09-17T12:53:08.000Z
"9/17/2025, 8:56:08 AM",3.64,80.6,100,0,2025-09-17T12:56:08.000Z
"9/17/2025, 8:59:08 AM",3.64,81,100,0,2025-09-17T12:59:08.000Z
"9/17/2025, 9:02:08 AM",3.641,81.1,100,0,2025-09-17T13:02:08.000Z
"9/17/2025, 9:05:08 AM",3.64,81.3,100,0,2025-09-17T13:05:08.000Z
"9/17/2025, 9:08:08 AM",3.64,81.7,100,0,2025-09-17T13:08:08.000Z
"9/17/2025, 9:11:08 AM",3.64,81.9,100,0,2025-09-17T13:11:08.000Z
"9/17/2025, 9:14:08 AM",3.64,82.2,100,0,2025-09-17T13:14:08.000Z
"9/17/2025, 9:17:08 AM",3.64,82.6,100,0,2025-09-17T13:17:08.000Z
"9/17/2025, 9:20:08 AM",3.64,82.9,100,0,2025-09-17T13:20:08.000Z
"9/17/2025, 9:23:08 AM",3.64,83.1,100,0,2025-09-17T13:23:08.000Z
"9/17/2025, 9:26:08 AM",3.64,83.5,100,0,2025-09-17T13:26:08.000Z
"9/17/2025, 9:29:08 AM",3.64,83.8,100,0,2025-09-17T13:29:08.000Z
"9/17/2025, 9:32:08 AM",3.64,84,100,0,2025-09-17T13:32:08.000Z
"9/17/2025, 9:35:08 AM",3.64,84.4,100,0,2025-09-17T13:35:08.000Z
"9/17/2025, 9:38:08 AM",3.64,84.6,100,0,2025-09-17T13:38:08.000Z
"9/17/2025, 9:41:08 AM",3.64,84.9,100,0,2025-09-17T13:41:08.000Z
"9/17/2025, 9:44:08 AM",3.64,85.1,100,0,2025-09-17T13:44:08.000Z
"9/17/2025, 9:47:08 AM",3.64,85.5,100,0,2025-09-17T13:47:08.000Z
"9/17/2025, 9:50:08 AM",3.64,85.8,100,0,2025-09-17T13:50:08.000Z
"9/17/2025, 9:53:08 AM",3.64,86.2,100,0,2025-09-17T13:53:08.000Z
"9/17/2025, 9:56:08 AM",3.64,86.4,100,0,2025-09-17T13:56:08.000Z
"9/17/2025, 9:59:08 AM",3.64,86.7,100,0,2025-09-17T13:59:08.000Z
"9/17/2025, 10:02:08 AM",3.64,87.1,100,0,2025-09-17T14:02:08.000Z
"9/17/2025, 10:05:08 AM",3.64,87.4,100,0,2025-09-17T14:05:08.000Z
"9/17/2025, 10:08:08 AM",3.64,87.8,100,0,2025-09-17T14:08:08.000Z
"9/17/2025, 10:11:08 AM",3.64,88,100,0,2025-09-17T14:11:08.000Z
"9/17/2025, 10:14:08 AM",3.64,88.3,100,0,2025-09-17T14:14:08.000Z
"9/17/2025, 10:17:08 AM",3.64,88.7,100,0,2025-09-17T14:17:08.000Z
"9/17/2025, 10:20:08 AM",3.64,88.9,100,0,2025-09-17T14:20:08.000Z
"9/17/2025, 10:23:08 AM",3.64,89.2,100,0,2025-09-17T14:23:08.000Z
"9/17/2025, 10:26:08 AM",3.64,89.6,100,0,2025-09-17T14:26:08.000Z
"9/17/2025, 10:29:08 AM",3.64,89.8,100,0,2025-09-17T14:29:08.000Z
"9/17/2025, 10:32:08 AM",3.64,90.1,100,0,2025-09-17T14:32:08.000Z
"9/17/2025, 10:35:08 AM",3.64,90.5,100,0,2025-09-17T14:35:08.000Z
"9/17/2025, 10:38:08 AM",3.64,90.7,100,0,2025-09-17T14:38:08.000Z
"9/17/2025, 10:41:08 AM",3.64,91,100,0,2025-09-17T14:41:08.000Z
"9/17/2025, 10:44:08 AM",3.64,91.2,100,0,2025-09-17T14:44:08.000Z
"9/17/2025, 10:47:08 AM",3.64,91.4,100,0,2025-09-17T14:47:08.000Z
"9/17/2025, 10:50:08 AM",3.64,91.8,100,0,2025-09-17T14:50:08.000Z
"9/17/2025, 10:53:08 AM",3.64,91.9,100,0,2025-09-17T14:53:08.000Z
"9/17/2025, 10:56:08 AM",3.64,92.3,100,0,2025-09-17T14:56:08.000Z
"9/17/2025, 10:59:08 AM",3.64,92.5,100,0,2025-09-17T14:59:08.000Z
"9/17/2025, 11:02:08 AM",3.64,92.7,100,0,2025-09-17T15:02:08.000Z
"9/17/2025, 11:05:08 AM",3.64,92.8,100,0,2025-09-17T15:05:08.000Z
"9/17/2025, 11:08:08 AM",3.639,93,100,0,2025-09-17T15:08:08.000Z
"9/17/2025, 11:11:08 AM",3.64,93.2,100,0,2025-09-17T15:11:08.000Z
"9/17/2025, 11:14:08 AM",3.639,93.4,100,0,2025-09-17T15:14:08.000Z
"9/17/2025, 11:17:08 AM",3.64,93.7,100,0,2025-09-17T15:17:08.000Z
"9/17/2025, 11:20:08 AM",3.64,93.9,100,0,2025-09-17T15:20:08.000Z
"9/17/2025, 11:23:08 AM",3.64,94.3,100,0,2025-09-17T15:23:08.000Z
"9/17/2025, 11:26:08 AM",3.64,94.5,100,0,2025-09-17T15:26:08.000Z
"9/17/2025, 11:29:08 AM",3.64,94.8,100,0,2025-09-17T15:29:08.000Z
"9/17/2025, 11:32:08 AM",3.64,95,100,0,2025-09-17T15:32:08.000Z
"9/17/2025, 11:35:08 AM",3.639,95.4,100,0,2025-09-17T15:35:08.000Z
"9/17/2025, 11:38:08 AM",3.639,95.5,100,0,2025-09-17T15:38:08.000Z
"9/17/2025, 11:41:08 AM",3.64,95.7,100,0,2025-09-17T15:41:08.000Z
"9/17/2025, 11:44:08 AM",3.639,95.9,100,0,2025-09-17T15:44:08.000Z
"9/17/2025, 11:47:08 AM",3.64,96.1,100,0,2025-09-17T15:47:08.000Z
"9/17/2025, 11:50:08 AM",3.64,96.3,100,0,2025-09-17T15:50:08.000Z
"9/17/2025, 11:53:08 AM",3.639,96.4,100,0,2025-09-17T15:53:08.000Z
"9/17/2025, 11:56:08 AM",3.64,96.8,100,0,2025-09-17T15:56:08.000Z
"9/17/2025, 11:59:08 AM",3.639,97,100,0,2025-09-17T15:59:08.000Z
"9/17/2025, 12:02:08 PM",3.64,97.2,100,0,2025-09-17T16:02:08.000Z
"9/17/2025, 12:05:08 PM",3.64,97.3,100,0,2025-09-17T16:05:08.000Z
"9/17/2025, 12:08:08 PM",3.639,97.5,100,0,2025-09-17T16:08:08.000Z
"9/17/2025, 12:11:08 PM",3.64,97.5,100,0,2025-09-17T16:11:08.000Z
"9/17/2025, 12:14:08 PM",3.639,97.7,100,0,2025-09-17T16:14:08.000Z
"9/17/2025, 12:17:08 PM",3.639,97.7,100,0,2025-09-17T16:17:08.000Z
"9/17/2025, 12:20:08 PM",3.64,98.1,100,0,2025-09-17T16:20:08.000Z
"9/17/2025, 12:23:08 PM",3.64,98.2,100,0,2025-09-17T16:23:08.000Z
"9/17/2025, 12:26:08 PM",3.64,98.4,100,0,2025-09-17T16:26:08.000Z
"9/17/2025, 12:29:08 PM",3.64,98.6,100,0,2025-09-17T16:29:08.000Z
"9/17/2025, 12:32:08 PM",3.64,98.6,100,0,2025-09-17T16:32:08.000Z
"9/17/2025, 12:35:08 PM",3.639,98.6,100,0,2025-09-17T16:35:08.000Z
"9/17/2025, 12:38:08 PM",3.64,98.8,100,0,2025-09-17T16:38:08.000Z
"9/17/2025, 12:41:08 PM",3.639,98.8,100,0,2025-09-17T16:41:08.000Z
"9/17/2025, 12:44:08 PM",3.639,99,100,0,2025-09-17T16:44:08.000Z
"9/17/2025, 12:47:08 PM",3.64,99,100,0,2025-09-17T16:47:08.000Z
"9/17/2025, 12:50:08 PM",3.639,98.8,100,0,2025-09-17T16:50:08.000Z
"9/17/2025, 12:53:08 PM",3.639,98.8,100,0,2025-09-17T16:53:08.000Z
"9/17/2025, 12:56:08 PM",3.639,98.6,100,0,2025-09-17T16:56:08.000Z
"9/17/2025, 12:59:08 PM",3.64,98.8,100,0,2025-09-17T16:59:08.000Z
"9/17/2025, 1:02:08 PM",3.64,99.1,100,0,2025-09-17T17:02:08.000Z
"9/17/2025, 1:05:08 PM",3.64,99.5,100,0,2025-09-17T17:05:08.000Z
"9/17/2025, 1:08:08 PM",3.64,99.9,100,0,2025-09-17T17:08:08.000Z
"9/17/2025, 1:11:08 PM",3.64,100.4,100,0,2025-09-17T17:11:08.000Z
"9/17/2025, 1:14:08 PM",3.64,100.9,100,0,2025-09-17T17:14:08.000Z
"9/17/2025, 1:17:08 PM",3.639,101.3,100,0,2025-09-17T17:17:08.000Z
"9/17/2025, 1:20:08 PM",3.64,101.7,100,0,2025-09-17T17:20:08.000Z
"9/17/2025, 1:23:08 PM",3.64,102,100,0,2025-09-17T17:23:08.000Z
"9/17/2025, 1:26:08 PM",3.64,102.4,100,0,2025-09-17T17:26:08.000Z
"9/17/2025, 1:29:08 PM",3.64,102.9,100,0,2025-09-17T17:29:08.000Z
"9/17/2025, 1:32:08 PM",3.64,103.3,99.9,0,2025-09-17T17:32:08.000Z
"9/17/2025, 1:35:08 PM",3.64,103.8,99.8,0,2025-09-17T17:35:08.000Z
"9/17/2025, 1:38:08 PM",3.64,104.2,99.8,0,2025-09-17T17:38:08.000Z
"9/17/2025, 1:41:08 PM",3.64,104.5,99.7,0,2025-09-17T17:41:08.000Z
"9/17/2025, 1:44:08 PM",3.64,104.5,99.6,0,2025-09-17T17:44:08.000Z
"9/17/2025, 1:47:08 PM",3.64,104.5,99.6,0,2025-09-17T17:47:08.000Z
"9/17/2025, 1:50:08 PM",3.64,104.4,99.6,0,2025-09-17T17:50:08.000Z
"9/17/2025, 1:53:08 PM",3.639,104.2,99.5,0,2025-09-17T17:53:08.000Z
"9/17/2025, 1:56:08 PM",3.64,104,99.5,0,2025-09-17T17:56:08.000Z
"9/17/2025, 1:59:08 PM",3.639,103.8,99.4,0,2025-09-17T17:59:08.000Z
"9/17/2025, 2:02:08 PM",3.64,103.8,99.3,0,2025-09-17T18:02:08.000Z
"9/17/2025, 2:05:08 PM",3.64,103.8,99.2,0,2025-09-17T18:05:08.000Z
"9/17/2025, 2:08:08 PM",3.64,104,99.1,0,2025-09-17T18:08:08.000Z
"9/17/2025, 2:11:08 PM",3.64,104.2,99.1,0,2025-09-17T18:11:08.000Z
"9/17/2025, 2:14:08 PM",3.639,104.4,99,0,2025-09-17T18:14:08.000Z
"9/17/2025, 2:17:08 PM",3.64,104.5,98.9,0,2025-09-17T18:17:08.000Z
"9/17/2025, 2:20:08 PM",3.64,104.7,98.9,0,2025-09-17T18:20:08.000Z
"9/17/2025, 2:23:08 PM",3.64,104.9,98.8,0,2025-09-17T18:23:08.000Z
"9/17/2025, 2:26:08 PM",3.639,105.1,98.7,0,2025-09-17T18:26:08.000Z
"9/17/2025, 2:29:08 PM",3.64,105.3,98.7,0,2025-09-17T18:29:08.000Z
"9/17/2025, 2:32:08 PM",3.64,105.4,98.6,0,2025-09-17T18:32:08.000Z
"9/17/2025, 2:35:08 PM",3.64,105.6,98.5,0,2025-09-17T18:35:08.000Z
"9/17/2025, 2:38:08 PM",3.64,105.8,98.5,0,2025-09-17T18:38:08.000Z
"9/17/2025, 2:41:08 PM",3.64,105.8,98.4,0,2025-09-17T18:41:08.000Z
"9/17/2025, 2:44:08 PM",3.64,106,98.4,0,2025-09-17T18:44:08.000Z
"9/17/2025, 2:47:08 PM",3.64,106.2,98.4,0,2025-09-17T18:47:08.000Z
"9/17/2025, 2:50:08 PM",3.64,106.3,98.3,0,2025-09-17T18:50:08.000Z
"9/17/2025, 2:53:08 PM",3.64,106.7,98.2,0,2025-09-17T18:53:08.000Z
"9/17/2025, 2:56:08 PM",3.64,106.9,98.2,0,2025-09-17T18:56:08.000Z
"9/17/2025, 2:59:08 PM",3.64,107.1,98.1,0,2025-09-17T18:59:08.000Z
"9/17/2025, 3:02:08 PM",3.64,107.2,98.1,0,2025-09-17T19:02:08.000Z
"9/17/2025, 3:05:08 PM",3.64,107.1,98,0,2025-09-17T19:05:08.000Z
"9/17/2025, 3:08:08 PM",3.64,106.7,98,0,2025-09-17T19:08:08.000Z
"9/17/2025, 3:11:08 PM",3.64,106.7,97.9,0,2025-09-17T19:11:08.000Z
"9/17/2025, 3:14:08 PM",3.639,106.7,97.8,0,2025-09-17T19:14:08.000Z
"9/17/2025, 3:17:08 PM",3.64,106.5,97.8,0,2025-09-17T19:17:08.000Z
"9/17/2025, 3:20:08 PM",3.64,106.3,97.7,0,2025-09-17T19:20:08.000Z
"9/17/2025, 3:23:08 PM",3.64,106.2,97.7,0,2025-09-17T19:23:08.000Z
"9/17/2025, 3:26:08 PM",3.64,105.6,97.7,0,2025-09-17T19:26:08.000Z
"9/17/2025, 3:29:08 PM",3.64,105.1,97.6,0,2025-09-17T19:29:08.000Z
"9/17/2025, 3:32:08 PM",3.64,104.7,97.6,0,2025-09-17T19:32:08.000Z
"9/17/2025, 3:35:08 PM",3.64,104.5,97.5,0,2025-09-17T19:35:08.000Z
"9/17/2025, 3:38:08 PM",3.64,104.5,97.5,0,2025-09-17T19:38:08.000Z
"9/17/2025, 3:41:08 PM",3.64,104.5,97.4,0,2025-09-17T19:41:08.000Z
"9/17/2025, 3:44:08 PM",3.64,104.7,97.5,0,2025-09-17T19:44:08.000Z
"9/17/2025, 3:47:08 PM",3.64,104.9,97.4,0,2025-09-17T19:47:08.000Z
"9/17/2025, 3:50:08 PM",3.64,105.1,97.5,0,2025-09-17T19:50:08.000Z
"9/17/2025, 3:53:08 PM",3.64,105.3,97.4,0,2025-09-17T19:53:08.000Z
"9/17/2025, 3:56:08 PM",3.64,105.4,97.4,0,2025-09-17T19:56:08.000Z
"9/17/2025, 3:59:08 PM",3.64,105.6,97.5,0,2025-09-17T19:59:08.000Z
"9/17/2025, 4:02:08 PM",3.64,105.6,97.5,0,2025-09-17T20:02:08.000Z
"9/17/2025, 4:05:08 PM",3.64,105.8,97.4,0,2025-09-17T20:05:08.000Z
"9/17/2025, 4:08:08 PM",3.64,106,97.5,0,2025-09-17T20:08:08.000Z
"9/17/2025, 4:11:08 PM",3.641,106.2,97.4,0,2025-09-17T20:11:08.000Z
"9/17/2025, 4:14:08 PM",3.64,106.2,97.5,0,2025-09-17T20:14:08.000Z
"9/17/2025, 4:17:08 PM",3.64,106.3,97.5,0,2025-09-17T20:17:08.000Z
"9/17/2025, 4:20:08 PM",3.64,106.3,97.4,0,2025-09-17T20:20:08.000Z
"9/17/2025, 4:23:08 PM",3.641,106,97.4,0,2025-09-17T20:23:08.000Z
"9/17/2025, 4:26:08 PM",3.64,105.6,97.4,0,2025-09-17T20:26:08.000Z
"9/17/2025, 4:29:08 PM",3.64,104.9,97.4,0,2025-09-17T20:29:08.000Z
"9/17/2025, 4:32:08 PM",3.64,104.5,97.3,0,2025-09-17T20:32:08.000Z
"9/17/2025, 4:35:08 PM",3.64,104.4,97.3,0,2025-09-17T20:35:08.000Z
"9/17/2025, 4:38:08 PM",3.64,104.4,97.3,0,2025-09-17T20:38:08.000Z
"9/17/2025, 4:41:08 PM",3.641,104.4,97.2,0,2025-09-17T20:41:08.000Z
"9/17/2025, 4:44:08 PM",3.64,104.2,97.2,0,2025-09-17T20:44:08.000Z
"9/17/2025, 4:47:08 PM",3.64,104.2,97.3,0,2025-09-17T20:47:08.000Z
"9/17/2025, 4:50:08 PM",3.64,104.2,97.3,0,2025-09-17T20:50:08.000Z
"9/17/2025, 4:53:08 PM",3.64,104.2,97.3,0,2025-09-17T20:53:08.000Z
"9/17/2025, 4:56:08 PM",3.64,104.4,97.3,0,2025-09-17T20:56:08.000Z
"9/17/2025, 4:59:08 PM",3.641,104.2,97.4,0,2025-09-17T20:59:08.000Z
"9/17/2025, 5:02:08 PM",3.64,104,97.3,0,2025-09-17T21:02:08.000Z
"9/17/2025, 5:05:08 PM",3.64,104,97.4,0,2025-09-17T21:05:08.000Z
"9/17/2025, 5:08:08 PM",3.64,104,97.4,0,2025-09-17T21:08:08.000Z
"9/17/2025, 5:11:08 PM",3.641,103.8,97.4,0,2025-09-17T21:11:08.000Z
"9/17/2025, 5:14:08 PM",3.64,103.8,97.5,0,2025-09-17T21:14:08.000Z
"9/17/2025, 5:17:08 PM",3.64,103.5,97.4,0,2025-09-17T21:17:08.000Z
"9/17/2025, 5:20:08 PM",3.64,103.1,97.5,0,2025-09-17T21:20:08.000Z
"9/17/2025, 5:23:08 PM",3.64,102.9,97.5,0,2025-09-17T21:23:08.000Z
"9/17/2025, 5:26:08 PM",3.64,102.9,97.5,0,2025-09-17T21:26:08.000Z
"9/17/2025, 5:29:08 PM",3.641,102.9,97.5,0,2025-09-17T21:29:08.000Z
"9/17/2025, 5:32:08 PM",3.64,102.9,97.5,0,2025-09-17T21:32:08.000Z
"9/17/2025, 5:35:08 PM",3.64,102.7,97.5,0,2025-09-17T21:35:08.000Z
"9/17/2025, 5:38:08 PM",3.64,102.7,97.5,0,2025-09-17T21:38:08.000Z
"9/17/2025, 5:41:08 PM",3.64,102.7,97.5,0,2025-09-17T21:41:08.000Z
"9/17/2025, 5:44:08 PM",3.64,102.6,97.5,0,2025-09-17T21:44:08.000Z
"9/17/2025, 5:47:08 PM",3.64,102.6,97.6,0,2025-09-17T21:47:08.000Z
"9/17/2025, 5:50:08 PM",3.641,102.4,97.7,0,2025-09-17T21:50:08.000Z
"9/17/2025, 5:53:08 PM",3.641,102.4,97.6,0,2025-09-17T21:53:08.000Z
"9/17/2025, 5:56:08 PM",3.641,102,97.6,0,2025-09-17T21:56:08.000Z
"9/17/2025, 5:59:08 PM",3.64,101.8,97.7,0,2025-09-17T21:59:08.000Z
"9/17/2025, 6:02:08 PM",3.64,101.7,97.7,0,2025-09-17T22:02:08.000Z
"9/17/2025, 6:05:08 PM",3.641,101.5,97.6,0,2025-09-17T22:05:08.000Z
"9/17/2025, 6:08:08 PM",3.64,101.1,97.7,0,2025-09-17T22:08:08.000Z
"9/17/2025, 6:11:08 PM",3.641,100.9,97.7,0,2025-09-17T22:11:08.000Z
"9/17/2025, 6:14:08 PM",3.64,100.6,97.7,0,2025-09-17T22:14:08.000Z
"9/17/2025, 6:17:08 PM",3.64,100.4,97.7,0,2025-09-17T22:17:08.000Z
"9/17/2025, 6:20:08 PM",3.64,100,97.7,0,2025-09-17T22:20:08.000Z
"9/17/2025, 6:23:08 PM",3.64,99.7,97.8,0,2025-09-17T22:23:08.000Z
"9/17/2025, 6:26:08 PM",3.641,99.3,97.8,0,2025-09-17T22:26:08.000Z
"9/17/2025, 6:29:08 PM",3.64,99,97.8,0,2025-09-17T22:29:08.000Z
"9/17/2025, 6:32:08 PM",3.64,98.8,97.8,0,2025-09-17T22:32:08.000Z
"9/17/2025, 6:35:08 PM",3.641,98.2,97.8,0,2025-09-17T22:35:08.000Z
"9/17/2025, 6:38:08 PM",3.64,97.9,97.9,0,2025-09-17T22:38:08.000Z
"9/17/2025, 6:41:08 PM",3.64,97.5,97.9,0,2025-09-17T22:41:08.000Z
"9/17/2025, 6:44:08 PM",3.64,97.3,97.9,0,2025-09-17T22:44:08.000Z
"9/17/2025, 6:47:08 PM",3.64,96.8,98,0,2025-09-17T22:47:08.000Z
"9/17/2025, 6:50:08 PM",3.641,96.4,98,0,2025-09-17T22:50:08.000Z
"9/17/2025, 6:53:08 PM",3.64,96.1,98,0,2025-09-17T22:53:08.000Z
"9/17/2025, 6:56:08 PM",3.64,95.7,98.1,0,2025-09-17T22:56:08.000Z
"9/17/2025, 6:59:08 PM",3.641,95.2,98.1,0,2025-09-17T22:59:08.000Z
"9/17/2025, 7:02:08 PM",3.641,94.8,98.1,0,2025-09-17T23:02:08.000Z
"9/17/2025, 7:05:08 PM",3.64,94.5,98.2,0,2025-09-17T23:05:08.000Z
"9/17/2025, 7:08:08 PM",3.64,93.9,98.2,0,2025-09-17T23:08:08.000Z
"9/17/2025, 7:11:08 PM",3.641,93.6,98.2,0,2025-09-17T23:11:08.000Z
"9/17/2025, 7:14:08 PM",3.641,93,98.2,0,2025-09-17T23:14:08.000Z
"9/17/2025, 7:17:08 PM",3.641,92.7,98.2,0,2025-09-17T23:17:08.000Z
"9/17/2025, 7:20:08 PM",3.641,92.3,98.2,0,2025-09-17T23:20:08.000Z
"9/17/2025, 7:23:08 PM",3.641,91.9,98.3,0,2025-09-17T23:23:08.000Z
"9/17/2025, 7:26:08 PM",3.641,91.6,98.3,0,2025-09-17T23:26:08.000Z
"9/17/2025, 7:29:08 PM",3.64,91,98.3,0,2025-09-17T23:29:08.000Z
"9/17/2025, 7:32:08 PM",3.641,90.7,98.3,0,2025-09-17T23:32:08.000Z
"9/17/2025, 7:35:08 PM",3.64,90.5,98.4,0,2025-09-17T23:35:08.000Z
"9/17/2025, 7:38:08 PM",3.641,90.1,98.4,0,2025-09-17T23:38:08.000Z
"9/17/2025, 7:41:08 PM",3.641,89.8,98.4,0,2025-09-17T23:41:08.000Z
"9/17/2025, 7:44:08 PM",3.641,89.4,98.5,0,2025-09-17T23:44:08.000Z
"9/17/2025, 7:47:08 PM",3.641,89.1,98.5,0,2025-09-17T23:47:08.000Z
"9/17/2025, 7:50:08 PM",3.641,88.9,98.5,0,2025-09-17T23:50:08.000Z
"9/17/2025, 7:53:08 PM",3.641,88.5,98.5,0,2025-09-17T23:53:08.000Z
"9/17/2025, 7:56:08 PM",3.641,88.2,98.5,0,2025-09-17T23:56:08.000Z
"9/17/2025, 7:59:08 PM",3.641,88,98.5,0,2025-09-17T23:59:08.000Z
"9/17/2025, 8:02:08 PM",3.641,87.6,98.6,0,2025-09-18T00:02:08.000Z
"9/17/2025, 8:05:08 PM",3.641,87.3,98.7,0,2025-09-18T00:05:08.000Z
"9/17/2025, 8:08:08 PM",3.641,87.1,98.7,0,2025-09-18T00:08:08.000Z
"9/17/2025, 8:11:08 PM",3.641,86.9,98.7,0,2025-09-18T00:11:08.000Z
"9/17/2025, 8:14:08 PM",3.642,86.5,98.7,0,2025-09-18T00:14:08.000Z
"9/17/2025, 8:17:08 PM",3.642,86.4,98.7,0,2025-09-18T00:17:08.000Z
"9/17/2025, 8:20:08 PM",3.642,86.2,98.8,0,2025-09-18T00:20:08.000Z
"9/17/2025, 8:23:08 PM",3.642,86,98.8,0,2025-09-18T00:23:08.000Z
"9/17/2025, 8:26:08 PM",3.641,85.8,98.8,0,2025-09-18T00:26:08.000Z
"9/17/2025, 8:29:08 PM",3.641,85.6,98.9,0,2025-09-18T00:29:08.000Z
"9/17/2025, 8:32:08 PM",3.642,85.5,98.9,0,2025-09-18T00:32:08.000Z
"9/17/2025, 8:35:08 PM",3.642,85.3,98.9,0,2025-09-18T00:35:08.000Z
"9/17/2025, 8:38:08 PM",3.641,85.1,99,0,2025-09-18T00:38:08.000Z
"9/17/2025, 8:41:08 PM",3.642,84.9,99,0,2025-09-18T00:41:08.000Z
"9/17/2025, 8:44:08 PM",3.641,84.7,99,0,2025-09-18T00:44:08.000Z
"9/17/2025, 8:47:08 PM",3.642,84.6,99.1,0,2025-09-18T00:47:08.000Z
"9/17/2025, 8:50:08 PM",3.641,84.4,99.1,0,2025-09-18T00:50:08.000Z
"9/17/2025, 8:53:08 PM",3.642,84.4,99.1,0,2025-09-18T00:53:08.000Z
"9/17/2025, 8:56:08 PM",3.642,84.2,99.1,0,2025-09-18T00:56:08.000Z
"9/17/2025, 8:59:08 PM",3.642,84.2,99.1,0,2025-09-18T00:59:08.000Z
"9/17/2025, 9:02:08 PM",3.642,84,99.2,0,2025-09-18T01:02:08.000Z
"9/17/2025, 9:05:08 PM",3.642,84,99.2,0,2025-09-18T01:05:08.000Z
"9/17/2025, 9:08:08 PM",3.642,83.8,99.3,0,2025-09-18T01:08:08.000Z
"9/17/2025, 9:11:08 PM",3.642,83.8,99.3,0,2025-09-18T01:11:08.000Z
"9/17/2025, 9:14:08 PM",3.642,83.8,99.3,0,2025-09-18T01:14:08.000Z
"9/17/2025, 9:17:08 PM",3.642,83.7,99.4,0,2025-09-18T01:17:08.000Z
"9/17/2025, 9:20:08 PM",3.642,83.7,99.4,0,2025-09-18T01:20:08.000Z
"9/17/2025, 9:23:08 PM",3.642,83.7,99.4,0,2025-09-18T01:23:08.000Z
"9/17/2025, 9:26:08 PM",3.642,83.7,99.4,0,2025-09-18T01:26:08.000Z
"9/17/2025, 9:29:08 PM",3.642,83.5,99.5,0,2025-09-18T01:29:08.000Z
"9/17/2025, 9:32:08 PM",3.642,83.5,99.5,0,2025-09-18T01:32:08.000Z
"9/17/2025, 9:35:08 PM",3.642,83.3,99.5,0,2025-09-18T01:35:08.000Z
"9/17/2025, 9:38:08 PM",3.642,83.3,99.6,0,2025-09-18T01:38:08.000Z
"9/17/2025, 9:41:08 PM",3.641,83.3,99.6,0,2025-09-18T01:41:08.000Z
"9/17/2025, 9:44:08 PM",3.642,83.1,99.6,0,2025-09-18T01:44:08.000Z
"9/17/2025, 9:47:08 PM",3.642,83.1,99.6,0,2025-09-18T01:47:08.000Z
"9/17/2025, 9:50:08 PM",3.642,82.9,99.7,0,2025-09-18T01:50:08.000Z
"9/17/2025, 9:53:08 PM",3.642,82.9,99.7,0,2025-09-18T01:53:08.000Z
"9/17/2025, 9:56:08 PM",3.642,82.8,99.7,0,2025-09-18T01:56:08.000Z
"9/17/2025, 9:59:08 PM",3.642,82.8,99.7,0,2025-09-18T01:59:08.000Z
"9/17/2025, 10:02:08 PM",3.642,82.6,99.7,0,2025-09-18T02:02:08.000Z
"9/17/2025, 10:05:08 PM",3.642,82.6,99.7,0,2025-09-18T02:05:08.000Z
"9/17/2025, 10:08:08 PM",3.642,82.4,99.7,0,2025-09-18T02:08:08.000Z
"9/17/2025, 10:11:08 PM",3.642,82.4,99.8,0,2025-09-18T02:11:08.000Z
"9/17/2025, 10:14:08 PM",3.642,82.4,99.8,0,2025-09-18T02:14:08.000Z
"9/17/2025, 10:17:08 PM",3.642,82.2,99.8,0,2025-09-18T02:17:08.000Z
"9/17/2025, 10:20:08 PM",3.642,82.2,99.8,0,2025-09-18T02:20:08.000Z
"9/17/2025, 10:23:08 PM",3.642,82.2,99.8,0,2025-09-18T02:23:08.000Z
"9/17/2025, 10:26:08 PM",3.641,82,99.9,0,2025-09-18T02:26:08.000Z
"9/17/2025, 10:29:08 PM",3.642,82,99.9,0,2025-09-18T02:29:08.000Z
"9/17/2025, 10:32:08 PM",3.642,82,99.9,0,2025-09-18T02:32:08.000Z
"9/17/2025, 10:35:08 PM",3.642,81.9,99.9,0,2025-09-18T02:35:08.000Z
"9/17/2025, 10:38:08 PM",3.642,81.9,99.9,0,2025-09-18T02:38:08.000Z
"9/17/2025, 10:41:08 PM",3.642,81.9,99.9,0,2025-09-18T02:41:08.000Z
"9/17/2025, 10:44:08 PM",3.641,81.7,100,0,2025-09-18T02:44:08.000Z
"9/17/2025, 10:47:08 PM",3.642,81.7,99.9,0,2025-09-18T02:47:08.000Z
"9/17/2025, 10:50:08 PM",3.642,81.7,100,0,2025-09-18T02:50:08.000Z
"9/17/2025, 10:53:08 PM",3.642,81.5,100,0,2025-09-18T02:53:08.000Z
"9/17/2025, 10:56:08 PM",3.642,81.5,100,0,2025-09-18T02:56:08.000Z
"9/17/2025, 10:59:08 PM",3.642,81.3,100,0,2025-09-18T02:59:08.000Z
"9/17/2025, 11:02:08 PM",3.642,81.3,100,0,2025-09-18T03:02:08.000Z
"9/17/2025, 11:05:08 PM",3.642,81.1,100,0,2025-09-18T03:05:08.000Z
"9/17/2025, 11:08:08 PM",3.642,81.1,100,0,2025-09-18T03:08:08.000Z
"9/17/2025, 11:11:08 PM",3.642,81.1,100,0,2025-09-18T03:11:08.000Z
"9/17/2025, 11:14:08 PM",3.642,81.1,100,0,2025-09-18T03:14:08.000Z
"9/17/2025, 11:17:08 PM",3.642,81.1,100,0,2025-09-18T03:17:08.000Z
"9/17/2025, 11:20:08 PM",3.642,81,100,0,2025-09-18T03:20:08.000Z
"9/17/2025, 11:23:08 PM",3.642,81,100,0,2025-09-18T03:23:08.000Z
"9/17/2025, 11:26:08 PM",3.642,81,100,0,2025-09-18T03:26:08.000Z
"9/17/2025, 11:29:08 PM",3.642,81,100,0,2025-09-18T03:29:08.000Z
"9/17/2025, 11:32:08 PM",3.642,80.8,100,0,2025-09-18T03:32:08.000Z
"9/17/2025, 11:35:08 PM",3.642,80.8,100,0,2025-09-18T03:35:08.000Z
"9/17/2025, 11:38:08 PM",3.642,80.6,100,0,2025-09-18T03:38:08.000Z
"9/17/2025, 11:41:08 PM",3.642,80.6,100,0,2025-09-18T03:41:08.000Z
"9/17/2025, 11:44:08 PM",3.642,80.6,100,0,2025-09-18T03:44:08.000Z
"9/17/2025, 11:47:08 PM",3.642,80.6,100,0,2025-09-18T03:47:08.000Z
"9/17/2025, 11:50:08 PM",3.642,80.4,100,0,2025-09-18T03:50:08.000Z
"9/17/2025, 11:53:08 PM",3.642,80.4,100,0,2025-09-18T03:53:08.000Z
"9/17/2025, 11:56:08 PM",3.642,80.4,100,0,2025-09-18T03:56:08.000Z
"9/17/2025, 11:59:08 PM",3.642,80.2,100,0,2025-09-18T03:59:08.000Z
"9/18/2025, 12:02:08 AM",3.642,80.2,100,0,2025-09-18T04:02:08.000Z
"9/18/2025, 12:05:08 AM",3.641,80.2,100,0,2025-09-18T04:05:08.000Z
"9/18/2025, 12:08:08 AM",3.642,80.2,100,0,2025-09-18T04:08:08.000Z
"9/18/2025, 12:11:08 AM",3.642,80.2,100,0,2025-09-18T04:11:08.000Z
"9/18/2025, 12:14:08 AM",3.642,80.1,100,0,2025-09-18T04:14:08.000Z
"9/18/2025, 12:17:08 AM",3.643,80.1,100,0,2025-09-18T04:17:08.000Z
"9/18/2025, 12:20:08 AM",3.642,80.1,100,0,2025-09-18T04:20:08.000Z
"9/18/2025, 12:23:08 AM",3.642,80.1,100,0,2025-09-18T04:23:08.000Z
"9/18/2025, 12:26:08 AM",3.642,80.1,100,0,2025-09-18T04:26:08.000Z
"9/18/2025, 12:29:08 AM",3.642,80.1,100,0,2025-09-18T04:29:08.000Z
"9/18/2025, 12:32:08 AM",3.642,80.1,100,0,2025-09-18T04:32:08.000Z
"9/18/2025, 12:35:08 AM",3.642,80.1,100,0,2025-09-18T04:35:08.000Z
"9/18/2025, 12:38:08 AM",3.642,80.1,100,0,2025-09-18T04:38:08.000Z
"9/18/2025, 12:41:08 AM",3.642,80.1,100,0,2025-09-18T04:41:08.000Z
"9/18/2025, 12:44:08 AM",3.642,80.1,100,0,2025-09-18T04:44:08.000Z
"9/18/2025, 12:47:08 AM",3.642,80.1,100,0,2025-09-18T04:47:08.000Z
"9/18/2025, 12:50:08 AM",3.642,80.1,100,0,2025-09-18T04:50:08.000Z
"9/18/2025, 12:53:08 AM",3.642,80.1,100,0,2025-09-18T04:53:08.000Z
"9/18/2025, 12:56:08 AM",3.642,80.1,100,0,2025-09-18T04:56:08.000Z
"9/18/2025, 12:59:08 AM",3.642,79.9,100,0,2025-09-18T04:59:08.000Z
"9/18/2025, 1:02:08 AM",3.642,79.9,100,0,2025-09-18T05:02:08.000Z
"9/18/2025, 1:05:08 AM",3.642,79.7,100,0,2025-09-18T05:05:08.000Z
"9/18/2025, 1:08:08 AM",3.642,79.7,100,0,2025-09-18T05:08:08.000Z
"9/18/2025, 1:11:08 AM",3.642,79.7,100,0,2025-09-18T05:11:08.000Z
"9/18/2025, 1:14:08 AM",3.642,79.5,100,0,2025-09-18T05:14:08.000Z
"9/18/2025, 1:17:08 AM",3.642,79.5,100,0,2025-09-18T05:17:08.000Z
"9/18/2025, 1:20:08 AM",3.642,79.5,100,0,2025-09-18T05:20:08.000Z
"9/18/2025, 1:23:08 AM",3.642,79.3,100,0,2025-09-18T05:23:08.000Z
"9/18/2025, 1:26:08 AM",3.642,79.3,100,0,2025-09-18T05:26:08.000Z
"9/18/2025, 1:29:08 AM",3.641,79.2,100,0,2025-09-18T05:29:08.000Z
"9/18/2025, 1:32:08 AM",3.642,79.2,100,0,2025-09-18T05:32:08.000Z
"9/18/2025, 1:35:08 AM",3.642,79.2,100,0,2025-09-18T05:35:08.000Z
"9/18/2025, 1:38:08 AM",3.642,79,100,0,2025-09-18T05:38:08.000Z
"9/18/2025, 1:41:08 AM",3.642,79,100,0,2025-09-18T05:41:08.000Z
"9/18/2025, 1:44:08 AM",3.642,79,100,0,2025-09-18T05:44:08.000Z
"9/18/2025, 1:47:08 AM",3.642,79,100,0,2025-09-18T05:47:08.000Z
"9/18/2025, 1:50:08 AM",3.642,79,100,0,2025-09-18T05:50:08.000Z
"9/18/2025, 1:53:08 AM",3.642,79,100,0,2025-09-18T05:53:08.000Z
"9/18/2025, 1:56:08 AM",3.642,79,100,0,2025-09-18T05:56:08.000Z
"9/18/2025, 1:59:08 AM",3.642,79,100,0,2025-09-18T05:59:08.000Z
"9/18/2025, 2:02:08 AM",3.642,79,100,0,2025-09-18T06:02:08.000Z
"9/18/2025, 2:05:08 AM",3.642,78.8,100,0,2025-09-18T06:05:08.000Z
"9/18/2025, 2:08:08 AM",3.642,78.8,100,0,2025-09-18T06:08:08.000Z
"9/18/2025, 2:11:08 AM",3.642,78.8,100,0,2025-09-18T06:11:08.000Z
"9/18/2025, 2:14:08 AM",3.642,78.8,100,0,2025-09-18T06:14:08.000Z
"9/18/2025, 2:17:08 AM",3.642,78.8,100,0,2025-09-18T06:17:08.000Z
"9/18/2025, 2:20:08 AM",3.642,78.8,100,0,2025-09-18T06:20:08.000Z
"9/18/2025, 2:23:08 AM",3.642,78.8,100,0,2025-09-18T06:23:08.000Z
"9/18/2025, 2:26:08 AM",3.642,78.8,100,0,2025-09-18T06:26:08.000Z
"9/18/2025, 2:29:08 AM",3.642,78.6,100,0,2025-09-18T06:29:08.000Z
"9/18/2025, 2:32:08 AM",3.642,78.6,100,0,2025-09-18T06:32:08.000Z
"9/18/2025, 2:35:08 AM",3.642,78.6,100,0,2025-09-18T06:35:08.000Z
"9/18/2025, 2:38:08 AM",3.641,78.6,100,0,2025-09-18T06:38:08.000Z
"9/18/2025, 2:41:08 AM",3.642,78.8,100,0,2025-09-18T06:41:08.000Z
"9/18/2025, 2:44:08 AM",3.642,78.8,100,0,2025-09-18T06:44:08.000Z
"9/18/2025, 2:47:08 AM",3.642,78.8,100,0,2025-09-18T06:47:08.000Z
"9/18/2025, 2:50:08 AM",3.642,78.8,100,0,2025-09-18T06:50:08.000Z
"9/18/2025, 2:53:08 AM",3.642,78.8,100,0,2025-09-18T06:53:08.000Z
"9/18/2025, 2:56:08 AM",3.642,78.8,100,0,2025-09-18T06:56:08.000Z
"9/18/2025, 2:59:08 AM",3.642,78.8,100,0,2025-09-18T06:59:08.000Z
"9/18/2025, 3:02:08 AM",3.642,78.8,100,0,2025-09-18T07:02:08.000Z
"9/18/2025, 3:05:08 AM",3.642,78.8,100,0,2025-09-18T07:05:08.000Z
"9/18/2025, 3:08:08 AM",3.642,78.8,100,0,2025-09-18T07:08:08.000Z
"9/18/2025, 3:11:08 AM",3.642,78.8,100,0,2025-09-18T07:11:08.000Z
"9/18/2025, 3:14:08 AM",3.642,79,100,0,2025-09-18T07:14:08.000Z
"9/18/2025, 3:17:08 AM",3.642,78.8,100,0,2025-09-18T07:17:08.000Z
"9/18/2025, 3:20:08 AM",3.642,79,100,0,2025-09-18T07:20:08.000Z
"9/18/2025, 3:23:08 AM",3.642,79,100,0,2025-09-18T07:23:08.000Z
"9/18/2025, 3:26:08 AM",3.642,79,100,0,2025-09-18T07:26:08.000Z
"9/18/2025, 3:29:08 AM",3.642,79,100,0,2025-09-18T07:29:08.000Z
"9/18/2025, 3:32:08 AM",3.641,78.8,100,0,2025-09-18T07:32:08.000Z
"9/18/2025, 3:35:08 AM",3.642,79,100,0,2025-09-18T07:35:08.000Z
"9/18/2025, 3:38:08 AM",3.641,78.8,100,0,2025-09-18T07:38:08.000Z
"9/18/2025, 3:41:08 AM",3.642,78.8,100,0,2025-09-18T07:41:08.000Z
"9/18/2025, 3:44:08 AM",3.642,78.8,100,0,2025-09-18T07:44:08.000Z
"9/18/2025, 3:47:08 AM",3.641,78.6,100,0,2025-09-18T07:47:08.000Z
"9/18/2025, 3:50:08 AM",3.642,78.6,100,0,2025-09-18T07:50:08.000Z
"9/18/2025, 3:53:08 AM",3.641,78.4,100,0,2025-09-18T07:53:08.000Z
"9/18/2025, 3:56:08 AM",3.641,78.4,100,0,2025-09-18T07:56:08.000Z
"9/18/2025, 3:59:08 AM",3.642,78.4,100,0,2025-09-18T07:59:08.000Z
"9/18/2025, 4:02:08 AM",3.642,78.3,100,0,2025-09-18T08:02:08.000Z
"9/18/2025, 4:05:08 AM",3.642,78.3,100,0,2025-09-18T08:05:08.000Z
"9/18/2025, 4:08:08 AM",3.642,78.3,100,0,2025-09-18T08:08:08.000Z
"9/18/2025, 4:11:08 AM",3.642,78.3,100,0,2025-09-18T08:11:08.000Z
"9/18/2025, 4:14:08 AM",3.642,78.1,100,0,2025-09-18T08:14:08.000Z
"9/18/2025, 4:17:08 AM",3.642,78.1,100,0,2025-09-18T08:17:08.000Z
"9/18/2025, 4:20:08 AM",3.642,78.1,100,0,2025-09-18T08:20:08.000Z
"9/18/2025, 4:23:08 AM",3.642,78.1,100,0,2025-09-18T08:23:08.000Z
"9/18/2025, 4:26:08 AM",3.642,77.9,100,0,2025-09-18T08:26:08.000Z
"9/18/2025, 4:29:08 AM",3.642,77.9,100,0,2025-09-18T08:29:08.000Z
"9/18/2025, 4:32:08 AM",3.642,77.9,100,0,2025-09-18T08:32:08.000Z
"9/18/2025, 4:35:08 AM",3.642,77.9,100,0,2025-09-18T08:35:08.000Z
"9/18/2025, 4:38:08 AM",3.642,77.9,100,0,2025-09-18T08:38:08.000Z
"9/18/2025, 4:41:08 AM",3.641,77.7,100,0,2025-09-18T08:41:08.000Z
"9/18/2025, 4:44:08 AM",3.642,77.7,100,0,2025-09-18T08:44:08.000Z
"9/18/2025, 4:47:08 AM",3.642,77.7,100,0,2025-09-18T08:47:08.000Z
"9/18/2025, 4:50:08 AM",3.642,77.7,100,0,2025-09-18T08:50:08.000Z
"9/18/2025, 4:53:08 AM",3.642,77.7,100,0,2025-09-18T08:53:08.000Z
"9/18/2025, 4:56:08 AM",3.642,77.7,100,0,2025-09-18T08:56:08.000Z
"9/18/2025, 4:59:08 AM",3.642,77.5,100,0,2025-09-18T08:59:08.000Z
"9/18/2025, 5:02:08 AM",3.642,77.7,100,0,2025-09-18T09:02:08.000Z
"9/18/2025, 5:05:08 AM",3.642,77.5,100,0,2025-09-18T09:05:08.000Z
"9/18/2025, 5:08:08 AM",3.641,77.5,100,0,2025-09-18T09:08:08.000Z
"9/18/2025, 5:11:08 AM",3.642,77.5,100,0,2025-09-18T09:11:08.000Z
"9/18/2025, 5:14:08 AM",3.642,77.5,100,0,2025-09-18T09:14:08.000Z
"9/18/2025, 5:17:08 AM",3.642,77.5,100,0,2025-09-18T09:17:08.000Z
"9/18/2025, 5:20:08 AM",3.642,77.5,100,0,2025-09-18T09:20:08.000Z
"9/18/2025, 5:23:08 AM",3.642,77.5,100,0,2025-09-18T09:23:08.000Z
"9/18/2025, 5:26:08 AM",3.642,77.5,100,0,2025-09-18T09:26:08.000Z
"9/18/2025, 5:29:08 AM",3.641,77.5,100,0,2025-09-18T09:29:08.000Z
"9/18/2025, 5:32:08 AM",3.641,77.5,100,0,2025-09-18T09:32:08.000Z
"9/18/2025, 5:35:08 AM",3.642,77.5,100,0,2025-09-18T09:35:08.000Z
"9/18/2025, 5:38:08 AM",3.642,77.5,100,0,2025-09-18T09:38:08.000Z
"9/18/2025, 5:41:08 AM",3.642,77.5,100,0,2025-09-18T09:41:08.000Z
"9/18/2025, 5:44:08 AM",3.642,77.5,100,0,2025-09-18T09:44:08.000Z
"9/18/2025, 5:47:08 AM",3.642,77.5,100,0,2025-09-18T09:47:08.000Z
"9/18/2025, 5:50:08 AM",3.641,77.5,100,0,2025-09-18T09:50:08.000Z
"9/18/2025, 5:53:08 AM",3.642,77.5,100,0,2025-09-18T09:53:08.000Z
"9/18/2025, 5:56:08 AM",3.641,77.5,100,0,2025-09-18T09:56:08.000Z
"9/18/2025, 5:59:08 AM",3.642,77.5,100,0,2025-09-18T09:59:08.000Z
"9/18/2025, 6:02:08 AM",3.642,77.5,100,0,2025-09-18T10:02:08.000Z
"9/18/2025, 6:05:08 AM",3.641,77.5,100,0,2025-09-18T10:05:08.000Z
"9/18/2025, 6:08:08 AM",3.642,77.7,100,0,2025-09-18T10:08:08.000Z
"9/18/2025, 6:11:08 AM",3.641,77.7,100,0,2025-09-18T10:11:08.000Z
"9/18/2025, 6:14:08 AM",3.642,77.7,100,0,2025-09-18T10:14:08.000Z
"9/18/2025, 6:17:08 AM",3.642,77.5,100,0,2025-09-18T10:17:08.000Z
"9/18/2025, 6:20:08 AM",3.641,77.5,100,0,2025-09-18T10:20:08.000Z
"9/18/2025, 6:23:08 AM",3.641,77.5,100,0,2025-09-18T10:23:08.000Z
"9/18/2025, 6:26:08 AM",3.641,77.5,100,0,2025-09-18T10:26:08.000Z
"9/18/2025, 6:29:08 AM",3.641,77.5,100,0,2025-09-18T10:29:08.000Z
"9/18/2025, 6:32:08 AM",3.641,77.4,100,0,2025-09-18T10:32:08.000Z
"9/18/2025, 6:35:08 AM",3.642,77.4,100,0,2025-09-18T10:35:08.000Z
"9/18/2025, 6:38:08 AM",3.641,77.4,100,0,2025-09-18T10:38:08.000Z
"9/18/2025, 6:41:08 AM",3.642,77.4,100,0,2025-09-18T10:41:08.000Z
"9/18/2025, 6:44:08 AM",3.642,77.2,100,0,2025-09-18T10:44:08.000Z
"9/18/2025, 6:47:08 AM",3.642,77.2,100,0,2025-09-18T10:47:08.000Z
"9/18/2025, 6:50:08 AM",3.642,77.2,100,0,2025-09-18T10:50:08.000Z
"9/18/2025, 6:53:08 AM",3.642,77.2,100,0,2025-09-18T10:53:08.000Z
"9/18/2025, 6:56:08 AM",3.641,77.2,100,0,2025-09-18T10:56:08.000Z
"9/18/2025, 6:59:08 AM",3.641,77,100,0,2025-09-18T10:59:08.000Z
"9/18/2025, 7:02:08 AM",3.641,77,100,0,2025-09-18T11:02:08.000Z
"9/18/2025, 7:05:08 AM",3.641,77,100,0,2025-09-18T11:05:08.000Z
"9/18/2025, 7:08:08 AM",3.641,77,100,0,2025-09-18T11:08:08.000Z
"9/18/2025, 7:11:08 AM",3.641,77,100,0,2025-09-18T11:11:08.000Z
"9/18/2025, 7:14:08 AM",3.642,77,100,0,2025-09-18T11:14:08.000Z
"9/18/2025, 7:17:08 AM",3.642,76.8,100,0,2025-09-18T11:17:08.000Z
"9/18/2025, 7:20:08 AM",3.642,76.8,100,0,2025-09-18T11:20:08.000Z
"9/18/2025, 7:23:08 AM",3.641,76.8,100,0,2025-09-18T11:23:08.000Z
"9/18/2025, 7:26:08 AM",3.642,76.8,100,0,2025-09-18T11:26:08.000Z
"9/18/2025, 7:29:08 AM",3.642,76.8,100,0,2025-09-18T11:29:08.000Z
"9/18/2025, 7:32:08 AM",3.641,76.8,100,0,2025-09-18T11:32:08.000Z
"9/18/2025, 7:35:08 AM",3.642,76.8,100,0,2025-09-18T11:35:08.000Z
"9/18/2025, 7:38:08 AM",3.641,76.8,100,0,2025-09-18T11:38:08.000Z
"9/18/2025, 7:41:08 AM",3.641,76.8,100,0,2025-09-18T11:41:08.000Z
"9/18/2025, 7:44:08 AM",3.642,76.8,100,0,2025-09-18T11:44:08.000Z
"9/18/2025, 7:47:08 AM",3.642,76.6,100,0,2025-09-18T11:47:08.000Z
"9/18/2025, 7:50:08 AM",3.642,76.8,100,0,2025-09-18T11:50:08.000Z
"9/18/2025, 7:53:08 AM",3.642,76.8,100,0,2025-09-18T11:53:08.000Z
"9/18/2025, 7:56:08 AM",3.642,76.8,100,0,2025-09-18T11:56:08.000Z
"9/18/2025, 7:59:08 AM",3.641,77,100,0,2025-09-18T11:59:08.000Z
"9/18/2025, 8:02:08 AM",3.642,77,100,0,2025-09-18T12:02:08.000Z
"9/18/2025, 8:05:08 AM",3.642,77.2,100,0,2025-09-18T12:05:08.000Z
"9/18/2025, 8:08:08 AM",3.642,77.2,100,0,2025-09-18T12:08:08.000Z
"9/18/2025, 8:11:08 AM",3.641,77.4,100,0,2025-09-18T12:11:08.000Z
"9/18/2025, 8:14:08 AM",3.641,77.4,100,0,2025-09-18T12:14:08.000Z
"9/18/2025, 8:17:08 AM",3.641,77.5,100,0,2025-09-18T12:17:08.000Z
"9/18/2025, 8:20:08 AM",3.642,77.7,100,0,2025-09-18T12:20:08.000Z
"9/18/2025, 8:23:08 AM",3.642,77.9,100,0,2025-09-18T12:23:08.000Z
"9/18/2025, 8:26:08 AM",3.641,78.1,100,0,2025-09-18T12:26:08.000Z
"9/18/2025, 8:29:08 AM",3.641,78.3,100,0,2025-09-18T12:29:08.000Z
"9/18/2025, 8:32:08 AM",3.641,78.4,100,0,2025-09-18T12:32:08.000Z
"9/18/2025, 8:35:08 AM",3.641,78.6,100,0,2025-09-18T12:35:08.000Z
"9/18/2025, 8:38:08 AM",3.641,79,100,0,2025-09-18T12:38:08.000Z
"9/18/2025, 8:41:08 AM",3.641,79,100,0,2025-09-18T12:41:08.000Z
"9/18/2025, 8:44:08 AM",3.641,79.3,100,0,2025-09-18T12:44:08.000Z
"9/18/2025, 8:47:08 AM",3.641,79.5,100,0,2025-09-18T12:47:08.000Z
"9/18/2025, 8:50:08 AM",3.641,79.7,100,0,2025-09-18T12:50:08.000Z
"9/18/2025, 8:53:08 AM",3.641,79.9,100,0,2025-09-18T12:53:08.000Z
"9/18/2025, 8:56:08 AM",3.641,80.1,100,0,2025-09-18T12:56:08.000Z
"9/18/2025, 8:59:08 AM",3.641,80.2,100,0,2025-09-18T12:59:08.000Z
"9/18/2025, 9:02:08 AM",3.641,80.6,100,0,2025-09-18T13:02:08.000Z
"9/18/2025, 9:05:08 AM",3.641,80.8,100,0,2025-09-18T13:05:08.000Z
"9/18/2025, 9:08:08 AM",3.641,81,100,0,2025-09-18T13:08:08.000Z
"9/18/2025, 9:11:08 AM",3.641,81.1,100,0,2025-09-18T13:11:08.000Z
"9/18/2025, 9:14:08 AM",3.641,81.5,100,0,2025-09-18T13:14:08.000Z
"9/18/2025, 9:17:08 AM",3.641,81.7,100,0,2025-09-18T13:17:08.000Z
"9/18/2025, 9:20:08 AM",3.641,82,100,0,2025-09-18T13:20:08.000Z
"9/18/2025, 9:23:08 AM",3.641,82.2,100,0,2025-09-18T13:23:08.000Z
"9/18/2025, 9:26:08 AM",3.641,82.6,100,0,2025-09-18T13:26:08.000Z
"9/18/2025, 9:29:08 AM",3.641,82.8,100,0,2025-09-18T13:29:08.000Z
"9/18/2025, 9:32:08 AM",3.641,83.1,100,0,2025-09-18T13:32:08.000Z
"9/18/2025, 9:35:08 AM",3.641,83.5,100,0,2025-09-18T13:35:08.000Z
"9/18/2025, 9:38:08 AM",3.641,83.8,100,0,2025-09-18T13:38:08.000Z
"9/18/2025, 9:41:08 AM",3.641,84,100,0,2025-09-18T13:41:08.000Z
"9/18/2025, 9:44:08 AM",3.641,84.4,100,0,2025-09-18T13:44:08.000Z
"9/18/2025, 9:47:08 AM",3.641,84.6,100,0,2025-09-18T13:47:08.000Z
"9/18/2025, 9:50:08 AM",3.641,84.9,100,0,2025-09-18T13:50:08.000Z
"9/18/2025, 9:53:08 AM",3.641,85.3,100,0,2025-09-18T13:53:08.000Z
"9/18/2025, 9:56:08 AM",3.641,85.5,100,0,2025-09-18T13:56:08.000Z
"9/18/2025, 9:59:08 AM",3.641,85.8,100,0,2025-09-18T13:59:08.000Z
"9/18/2025, 10:02:08 AM",3.641,86.2,100,0,2025-09-18T14:02:08.000Z
"9/18/2025, 10:05:08 AM",3.641,86.4,100,0,2025-09-18T14:05:08.000Z
"9/18/2025, 10:08:08 AM",3.641,86.7,100,0,2025-09-18T14:08:08.000Z
"9/18/2025, 10:11:08 AM",3.641,87.1,100,0,2025-09-18T14:11:08.000Z
"9/18/2025, 10:14:08 AM",3.641,87.3,100,0,2025-09-18T14:14:08.000Z
"9/18/2025, 10:17:08 AM",3.641,87.6,100,0,2025-09-18T14:17:08.000Z
"9/18/2025, 10:20:08 AM",3.641,88,100,0,2025-09-18T14:20:08.000Z
"9/18/2025, 10:23:08 AM",3.64,88.3,100,0,2025-09-18T14:23:08.000Z
"9/18/2025, 10:26:08 AM",3.641,88.7,100,0,2025-09-18T14:26:08.000Z
"9/18/2025, 10:29:08 AM",3.641,88.9,100,0,2025-09-18T14:29:08.000Z
"9/18/2025, 10:32:08 AM",3.64,89.2,100,0,2025-09-18T14:32:08.000Z
"9/18/2025, 10:35:08 AM",3.641,89.6,100,0,2025-09-18T14:35:08.000Z
"9/18/2025, 10:38:08 AM",3.64,89.8,100,0,2025-09-18T14:38:08.000Z
"9/18/2025, 10:41:08 AM",3.641,90.1,100,0,2025-09-18T14:41:08.000Z
"9/18/2025, 10:44:08 AM",3.641,90.5,100,0,2025-09-18T14:44:08.000Z
"9/18/2025, 10:47:08 AM",3.641,90.9,100,0,2025-09-18T14:47:08.000Z
"9/18/2025, 10:50:08 AM",3.641,91,100,0,2025-09-18T14:50:08.000Z
"9/18/2025, 10:53:08 AM",3.641,91.4,100,0,2025-09-18T14:53:08.000Z
"9/18/2025, 10:56:08 AM",3.64,91.6,100,0,2025-09-18T14:56:08.000Z
"9/18/2025, 10:59:08 AM",3.64,91.9,100,0,2025-09-18T14:59:08.000Z
"9/18/2025, 11:02:08 AM",3.64,92.1,100,0,2025-09-18T15:02:08.000Z
"9/18/2025, 11:05:08 AM",3.64,92.5,100,0,2025-09-18T15:05:08.000Z
"9/18/2025, 11:08:08 AM",3.64,92.7,100,0,2025-09-18T15:08:08.000Z
"9/18/2025, 11:11:08 AM",3.64,93,100,0,2025-09-18T15:11:08.000Z
"9/18/2025, 11:14:08 AM",3.64,93.2,100,0,2025-09-18T15:14:08.000Z
"9/18/2025, 11:17:08 AM",3.64,93.6,100,0,2025-09-18T15:17:08.000Z
"9/18/2025, 11:20:08 AM",3.64,93.7,100,0,2025-09-18T15:20:08.000Z
"9/18/2025, 11:23:08 AM",3.64,94.1,100,0,2025-09-18T15:23:08.000Z
"9/18/2025, 11:26:08 AM",3.64,94.3,100,0,2025-09-18T15:26:08.000Z
"9/18/2025, 11:29:08 AM",3.64,94.6,100,0,2025-09-18T15:29:08.000Z
"9/18/2025, 11:32:08 AM",3.64,94.8,100,0,2025-09-18T15:32:08.000Z
"9/18/2025, 11:35:08 AM",3.64,95,100,0,2025-09-18T15:35:08.000Z
"9/18/2025, 11:38:08 AM",3.64,95.2,100,0,2025-09-18T15:38:08.000Z
"9/18/2025, 11:41:08 AM",3.64,95.4,100,0,2025-09-18T15:41:08.000Z
"9/18/2025, 11:44:08 AM",3.64,95.5,100,0,2025-09-18T15:44:08.000Z
"9/18/2025, 11:47:08 AM",3.64,95.7,100,0,2025-09-18T15:47:08.000Z
"9/18/2025, 11:50:08 AM",3.64,96.1,100,0,2025-09-18T15:50:08.000Z
"9/18/2025, 11:53:08 AM",3.64,96.3,100,0,2025-09-18T15:53:08.000Z
"9/18/2025, 11:56:08 AM",3.641,96.4,100,0,2025-09-18T15:56:08.000Z
"9/18/2025, 11:59:08 AM",3.64,96.8,100,0,2025-09-18T15:59:08.000Z
"9/18/2025, 12:02:08 PM",3.64,97,100,0,2025-09-18T16:02:08.000Z
"9/18/2025, 12:05:08 PM",3.641,97.3,100,0,2025-09-18T16:05:08.000Z
"9/18/2025, 12:08:08 PM",3.64,97.7,100,0,2025-09-18T16:08:08.000Z
"9/18/2025, 12:11:08 PM",3.64,97.9,100,0,2025-09-18T16:11:08.000Z
"9/18/2025, 12:14:08 PM",3.64,98.2,100,0,2025-09-18T16:14:08.000Z
"9/18/2025, 12:17:08 PM",3.64,98.4,100,0,2025-09-18T16:17:08.000Z
"9/18/2025, 12:20:08 PM",3.64,98.8,100,0,2025-09-18T16:20:08.000Z
"9/18/2025, 12:23:08 PM",3.641,99,100,0,2025-09-18T16:23:08.000Z
"9/18/2025, 12:26:08 PM",3.64,99.1,100,0,2025-09-18T16:26:08.000Z
"9/18/2025, 12:29:08 PM",3.64,99.5,100,0,2025-09-18T16:29:08.000Z
"9/18/2025, 12:32:08 PM",3.64,99.7,100,0,2025-09-18T16:32:08.000Z
"9/18/2025, 12:35:08 PM",3.64,99.9,100,0,2025-09-18T16:35:08.000Z
"9/18/2025, 12:38:08 PM",3.641,100,100,0,2025-09-18T16:38:08.000Z
"9/18/2025, 12:41:08 PM",3.64,100.2,100,0,2025-09-18T16:41:08.000Z
"9/18/2025, 12:44:08 PM",3.641,100.4,100,0,2025-09-18T16:44:08.000Z
"9/18/2025, 12:47:08 PM",3.64,100.6,100,0,2025-09-18T16:47:08.000Z
"9/18/2025, 12:50:08 PM",3.64,100.8,100,0,2025-09-18T16:50:08.000Z
"9/18/2025, 12:53:08 PM",3.641,101.1,100,0,2025-09-18T16:53:08.000Z
"9/18/2025, 12:56:08 PM",3.64,101.5,100,0,2025-09-18T16:56:08.000Z
"9/18/2025, 12:59:08 PM",3.64,101.8,100,0,2025-09-18T16:59:08.000Z
"9/18/2025, 1:02:08 PM",3.64,102,100,0,2025-09-18T17:02:08.000Z
"9/18/2025, 1:05:08 PM",3.64,102.2,100,0,2025-09-18T17:05:08.000Z
"9/18/2025, 1:08:08 PM",3.641,102.4,100,0,2025-09-18T17:08:08.000Z
"9/18/2025, 1:11:08 PM",3.64,102.7,100,0,2025-09-18T17:11:08.000Z
"9/18/2025, 1:14:08 PM",3.64,102.9,100,0,2025-09-18T17:14:08.000Z
"9/18/2025, 1:17:08 PM",3.64,103.1,100,0,2025-09-18T17:17:08.000Z
"9/18/2025, 1:20:08 PM",3.64,103.5,100,0,2025-09-18T17:20:08.000Z
"9/18/2025, 1:23:08 PM",3.64,103.6,99.9,0,2025-09-18T17:23:08.000Z
"9/18/2025, 1:26:08 PM",3.64,103.8,99.9,0,2025-09-18T17:26:08.000Z
"9/18/2025, 1:29:08 PM",3.64,104,99.8,0,2025-09-18T17:29:08.000Z
"9/18/2025, 1:32:08 PM",3.64,104,99.7,0,2025-09-18T17:32:08.000Z
"9/18/2025, 1:35:08 PM",3.64,104,99.7,0,2025-09-18T17:35:08.000Z
"9/18/2025, 1:38:08 PM",3.64,104.2,99.6,0,2025-09-18T17:38:08.000Z
"9/18/2025, 1:41:08 PM",3.64,104.2,99.6,0,2025-09-18T17:41:08.000Z
"9/18/2025, 1:44:08 PM",3.64,104.4,99.5,0,2025-09-18T17:44:08.000Z
"9/18/2025, 1:47:08 PM",3.64,104.5,99.4,0,2025-09-18T17:47:08.000Z
"9/18/2025, 1:50:08 PM",3.641,104.7,99.4,0,2025-09-18T17:50:08.000Z
"9/18/2025, 1:53:08 PM",3.64,104.7,99.3,0,2025-09-18T17:53:08.000Z
"9/18/2025, 1:56:08 PM",3.64,104.9,99.2,0,2025-09-18T17:56:08.000Z
"9/18/2025, 1:59:08 PM",3.64,105.1,99.2,0,2025-09-18T17:59:08.000Z
"9/18/2025, 2:02:08 PM",3.641,105.3,99.1,0,2025-09-18T18:02:08.000Z
"9/18/2025, 2:05:08 PM",3.64,105.3,99.1,0,2025-09-18T18:05:08.000Z
"9/18/2025, 2:08:08 PM",3.64,105.4,99,0,2025-09-18T18:08:08.000Z
"9/18/2025, 2:11:08 PM",3.64,105.6,98.9,0,2025-09-18T18:11:08.000Z
"9/18/2025, 2:14:08 PM",3.641,105.8,98.9,0,2025-09-18T18:14:08.000Z
"9/18/2025, 2:17:08 PM",3.64,105.8,98.8,0,2025-09-18T18:17:08.000Z
"9/18/2025, 2:20:08 PM",3.641,106,98.8,0,2025-09-18T18:20:08.000Z
"9/18/2025, 2:23:08 PM",3.641,106.2,98.7,0,2025-09-18T18:23:08.000Z
"9/18/2025, 2:26:08 PM",3.641,106.2,98.7,0,2025-09-18T18:26:08.000Z
"9/18/2025, 2:29:08 PM",3.641,106.3,98.6,0,2025-09-18T18:29:08.000Z
"9/18/2025, 2:32:08 PM",3.64,106.3,98.5,0,2025-09-18T18:32:08.000Z
"9/18/2025, 2:35:08 PM",3.641,106.5,98.4,0,2025-09-18T18:35:08.000Z
"9/18/2025, 2:38:08 PM",3.641,106.5,98.4,0,2025-09-18T18:38:08.000Z
"9/18/2025, 2:41:08 PM",3.641,106.7,98.4,0,2025-09-18T18:41:08.000Z
"9/18/2025, 2:44:08 PM",3.64,106.7,98.3,0,2025-09-18T18:44:08.000Z
"9/18/2025, 2:47:08 PM",3.641,106.7,98.2,0,2025-09-18T18:47:08.000Z
"9/18/2025, 2:50:08 PM",3.641,106.7,98.1,0,2025-09-18T18:50:08.000Z
"9/18/2025, 2:53:08 PM",3.641,106.9,98.1,0,2025-09-18T18:53:08.000Z
"9/18/2025, 2:56:08 PM",3.641,106.9,98.1,0,2025-09-18T18:56:08.000Z
"9/18/2025, 2:59:08 PM",3.641,106.9,98,0,2025-09-18T18:59:08.000Z
"9/18/2025, 3:02:08 PM",3.64,106.7,97.9,0,2025-09-18T19:02:08.000Z
"9/18/2025, 3:05:08 PM",3.641,106.7,97.8,0,2025-09-18T19:05:08.000Z
"9/18/2025, 3:08:08 PM",3.64,106.9,97.8,0,2025-09-18T19:08:08.000Z
"9/18/2025, 3:11:08 PM",3.641,106.9,97.8,0,2025-09-18T19:11:08.000Z
"9/18/2025, 3:14:08 PM",3.641,106.9,97.7,0,2025-09-18T19:14:08.000Z
"9/18/2025, 3:17:08 PM",3.641,107.1,97.7,0,2025-09-18T19:17:08.000Z
"9/18/2025, 3:20:08 PM",3.641,107.1,97.7,0,2025-09-18T19:20:08.000Z
"9/18/2025, 3:23:08 PM",3.641,107.2,97.6,0,2025-09-18T19:23:08.000Z
"9/18/2025, 3:26:08 PM",3.641,107.2,97.6,0,2025-09-18T19:26:08.000Z
"9/18/2025, 3:29:08 PM",3.641,107.4,97.5,0,2025-09-18T19:29:08.000Z
"9/18/2025, 3:32:08 PM",3.641,107.6,97.5,0,2025-09-18T19:32:08.000Z
"9/18/2025, 3:35:08 PM",3.641,107.6,97.5,0,2025-09-18T19:35:08.000Z
"9/18/2025, 3:38:08 PM",3.641,107.6,97.4,0,2025-09-18T19:38:08.000Z
"9/18/2025, 3:41:08 PM",3.641,107.8,97.4,0,2025-09-18T19:41:08.000Z
"9/18/2025, 3:44:08 PM",3.641,107.8,97.4,0,2025-09-18T19:44:08.000Z
"9/18/2025, 3:47:08 PM",3.641,108,97.4,0,2025-09-18T19:47:08.000Z
"9/18/2025, 3:50:08 PM",3.641,108,97.3,0,2025-09-18T19:50:08.000Z
"9/18/2025, 3:53:08 PM",3.641,108,97.3,0,2025-09-18T19:53:08.000Z
"9/18/2025, 3:56:08 PM",3.641,108,97.3,0,2025-09-18T19:56:08.000Z
"9/18/2025, 3:59:08 PM",3.641,108,97.2,0,2025-09-18T19:59:08.000Z
"9/18/2025, 4:02:08 PM",3.641,108.1,97.2,0,2025-09-18T20:02:08.000Z
"9/18/2025, 4:05:08 PM",3.641,108.1,97.2,0,2025-09-18T20:05:08.000Z
"9/18/2025, 4:08:08 PM",3.641,108.1,97.2,0,2025-09-18T20:08:08.000Z
"9/18/2025, 4:11:08 PM",3.641,108.1,97.2,0,2025-09-18T20:11:08.000Z
"9/18/2025, 4:14:08 PM",3.641,108.3,97.2,0,2025-09-18T20:14:08.000Z
"9/18/2025, 4:17:08 PM",3.641,108.3,97.2,0,2025-09-18T20:17:08.000Z
"9/18/2025, 4:20:08 PM",3.641,108.3,97.2,0,2025-09-18T20:20:08.000Z
"9/18/2025, 4:23:08 PM",3.641,108.3,97.2,0,2025-09-18T20:23:08.000Z
"9/18/2025, 4:26:08 PM",3.641,108.5,97.2,0,2025-09-18T20:26:08.000Z
"9/18/2025, 4:29:08 PM",3.641,108.3,97.2,0,2025-09-18T20:29:08.000Z
"9/18/2025, 4:32:08 PM",3.641,108.3,97.2,0,2025-09-18T20:32:08.000Z
"9/18/2025, 4:35:08 PM",3.641,108.3,97.2,0,2025-09-18T20:35:08.000Z
"9/18/2025, 4:38:08 PM",3.641,108.1,97.2,0,2025-09-18T20:38:08.000Z
"9/18/2025, 4:41:08 PM",3.641,108.1,97.2,0,2025-09-18T20:41:08.000Z
"9/18/2025, 4:44:08 PM",3.641,108,97.1,0,2025-09-18T20:44:08.000Z
"9/18/2025, 4:47:08 PM",3.641,108,97.1,0,2025-09-18T20:47:08.000Z
"9/18/2025, 4:50:08 PM",3.641,107.8,97.2,0,2025-09-18T20:50:08.000Z
"9/18/2025, 4:53:08 PM",3.641,107.6,97.2,0,2025-09-18T20:53:08.000Z
"9/18/2025, 4:56:08 PM",3.641,107.6,97.2,0,2025-09-18T20:56:08.000Z
"9/18/2025, 4:59:08 PM",3.641,107.4,97.2,0,2025-09-18T20:59:08.000Z
"9/18/2025, 5:02:08 PM",3.641,107.4,97.2,0,2025-09-18T21:02:08.000Z
"9/18/2025, 5:05:08 PM",3.641,107.2,97.2,0,2025-09-18T21:05:08.000Z
"9/18/2025, 5:08:08 PM",3.641,107.2,97.2,0,2025-09-18T21:08:08.000Z
"9/18/2025, 5:11:08 PM",3.641,107.1,97.2,0,2025-09-18T21:11:08.000Z
"9/18/2025, 5:14:08 PM",3.641,106.7,97.2,0,2025-09-18T21:14:08.000Z
"9/18/2025, 5:17:08 PM",3.641,106.2,97.3,0,2025-09-18T21:17:08.000Z
"9/18/2025, 5:20:08 PM",3.641,105.4,97.2,0,2025-09-18T21:20:08.000Z
"9/18/2025, 5:23:08 PM",3.641,104.9,97.3,0,2025-09-18T21:23:08.000Z
"9/18/2025, 5:26:08 PM",3.641,104.2,97.3,0,2025-09-18T21:26:08.000Z
"9/18/2025, 5:29:08 PM",3.641,103.8,97.3,0,2025-09-18T21:29:08.000Z
"9/18/2025, 5:32:08 PM",3.641,103.5,97.3,0,2025-09-18T21:32:08.000Z
"9/18/2025, 5:35:08 PM",3.641,103.3,97.3,0,2025-09-18T21:35:08.000Z
"9/18/2025, 5:38:08 PM",3.641,103.1,97.3,0,2025-09-18T21:38:08.000Z
"9/18/2025, 5:41:08 PM",3.642,102.9,97.3,0,2025-09-18T21:41:08.000Z
"9/18/2025, 5:44:08 PM",3.641,102.7,97.3,0,2025-09-18T21:44:08.000Z
"9/18/2025, 5:47:08 PM",3.642,102.6,97.4,0,2025-09-18T21:47:08.000Z
"9/18/2025, 5:50:08 PM",3.641,102.4,97.4,0,2025-09-18T21:50:08.000Z
"9/18/2025, 5:53:08 PM",3.641,102,97.4,0,2025-09-18T21:53:08.000Z
"9/18/2025, 5:56:08 PM",3.641,101.8,97.4,0,2025-09-18T21:56:08.000Z
"9/18/2025, 5:59:08 PM",3.641,101.7,97.4,0,2025-09-18T21:59:08.000Z
"9/18/2025, 6:02:08 PM",3.641,101.3,97.4,0,2025-09-18T22:02:08.000Z
"9/18/2025, 6:05:08 PM",3.641,100.9,97.4,0,2025-09-18T22:05:08.000Z
"9/18/2025, 6:08:08 PM",3.641,100.8,97.4,0,2025-09-18T22:08:08.000Z
"9/18/2025, 6:11:08 PM",3.641,100.4,97.4,0,2025-09-18T22:11:08.000Z
"9/18/2025, 6:14:08 PM",3.641,100.2,97.5,0,2025-09-18T22:14:08.000Z
"9/18/2025, 6:17:08 PM",3.641,99.9,97.5,0,2025-09-18T22:17:08.000Z
"9/18/2025, 6:20:08 PM",3.641,99.7,97.5,0,2025-09-18T22:20:08.000Z
"9/18/2025, 6:23:08 PM",3.641,99.3,97.6,0,2025-09-18T22:23:08.000Z
"9/18/2025, 6:26:08 PM",3.641,99,97.6,0,2025-09-18T22:26:08.000Z
"9/18/2025, 6:29:08 PM",3.641,98.8,97.6,0,2025-09-18T22:29:08.000Z
"9/18/2025, 6:32:08 PM",3.641,98.4,97.6,0,2025-09-18T22:32:08.000Z
"9/18/2025, 6:35:08 PM",3.642,98.1,97.6,0,2025-09-18T22:35:08.000Z
"9/18/2025, 6:38:08 PM",3.641,97.7,97.7,0,2025-09-18T22:38:08.000Z
"9/18/2025, 6:41:08 PM",3.641,97.3,97.7,0,2025-09-18T22:41:08.000Z
"9/18/2025, 6:44:08 PM",3.641,97,97.7,0,2025-09-18T22:44:08.000Z
"9/18/2025, 6:47:08 PM",3.641,96.6,97.8,0,2025-09-18T22:47:08.000Z
"9/18/2025, 6:50:08 PM",3.641,96.3,97.8,0,2025-09-18T22:50:08.000Z
"9/18/2025, 6:53:08 PM",3.641,95.7,97.8,0,2025-09-18T22:53:08.000Z
"9/18/2025, 6:56:08 PM",3.641,95.5,97.8,0,2025-09-18T22:56:08.000Z
"9/18/2025, 6:59:08 PM",3.641,95,97.9,0,2025-09-18T22:59:08.000Z
"9/18/2025, 7:02:08 PM",3.641,94.6,97.9,0,2025-09-18T23:02:08.000Z
"9/18/2025, 7:05:08 PM",3.641,94.3,97.9,0,2025-09-18T23:05:08.000Z
"9/18/2025, 7:08:08 PM",3.641,93.9,97.9,0,2025-09-18T23:08:08.000Z
"9/18/2025, 7:11:08 PM",3.641,93.4,98,0,2025-09-18T23:11:08.000Z
"9/18/2025, 7:14:08 PM",3.641,93,98,0,2025-09-18T23:14:08.000Z
"9/18/2025, 7:17:08 PM",3.641,92.7,97.9,0,2025-09-18T23:17:08.000Z
"9/18/2025, 7:20:08 PM",3.641,92.3,98,0,2025-09-18T23:20:08.000Z
"9/18/2025, 7:23:08 PM",3.641,91.8,98,0,2025-09-18T23:23:08.000Z
"9/18/2025, 7:26:08 PM",3.641,91.4,98,0,2025-09-18T23:26:08.000Z
"9/18/2025, 7:29:08 PM",3.642,91.2,98,0,2025-09-18T23:29:08.000Z
"9/18/2025, 7:32:08 PM",3.642,90.7,97.9,0,2025-09-18T23:32:08.000Z
"9/18/2025, 7:35:08 PM",3.642,90.5,97.9,0,2025-09-18T23:35:08.000Z
"9/18/2025, 7:38:08 PM",3.642,90.1,97.9,0,2025-09-18T23:38:08.000Z
"9/18/2025, 7:41:08 PM",3.642,89.8,97.9,0,2025-09-18T23:41:08.000Z
"9/18/2025, 7:44:08 PM",3.642,89.4,97.9,0,2025-09-18T23:44:08.000Z
"9/18/2025, 7:47:08 PM",3.642,89.2,97.9,0,2025-09-18T23:47:08.000Z
"9/18/2025, 7:50:08 PM",3.642,88.9,97.9,0,2025-09-18T23:50:08.000Z
"9/18/2025, 7:53:08 PM",3.642,88.7,98,0,2025-09-18T23:53:08.000Z
"9/18/2025, 7:56:08 PM",3.642,88.3,97.9,0,2025-09-18T23:56:08.000Z
"9/18/2025, 7:59:08 PM",3.642,88.2,97.9,0,2025-09-18T23:59:08.000Z
"9/18/2025, 8:02:08 PM",3.642,88,97.9,0,2025-09-19T00:02:08.000Z
"9/18/2025, 8:05:08 PM",3.642,87.6,97.9,0,2025-09-19T00:05:08.000Z
"9/18/2025, 8:08:08 PM",3.642,87.4,97.9,0,2025-09-19T00:08:08.000Z
"9/18/2025, 8:11:08 PM",3.642,87.3,97.9,0,2025-09-19T00:11:08.000Z
"9/18/2025, 8:14:08 PM",3.642,86.9,97.9,0,2025-09-19T00:14:08.000Z
"9/18/2025, 8:17:08 PM",3.642,86.7,98,0,2025-09-19T00:17:08.000Z
"9/18/2025, 8:20:08 PM",3.642,86.5,98,0,2025-09-19T00:20:08.000Z
"9/18/2025, 8:23:08 PM",3.642,86.4,98,0,2025-09-19T00:23:08.000Z
"9/18/2025, 8:26:08 PM",3.642,86.2,98,0,2025-09-19T00:26:08.000Z
"9/18/2025, 8:29:08 PM",3.642,86,98,0,2025-09-19T00:29:08.000Z
"9/18/2025, 8:32:08 PM",3.642,85.8,98,0,2025-09-19T00:32:08.000Z
"9/18/2025, 8:35:08 PM",3.642,85.6,98,0,2025-09-19T00:35:08.000Z
"9/18/2025, 8:38:08 PM",3.642,85.6,98.1,0,2025-09-19T00:38:08.000Z
"9/18/2025, 8:41:08 PM",3.642,85.5,98.1,0,2025-09-19T00:41:08.000Z
"9/18/2025, 8:44:08 PM",3.642,85.3,98.1,0,2025-09-19T00:44:08.000Z
"9/18/2025, 8:47:08 PM",3.642,85.1,98.1,0,2025-09-19T00:47:08.000Z
"9/18/2025, 8:50:08 PM",3.642,85.1,98.2,0,2025-09-19T00:50:08.000Z
"9/18/2025, 8:53:08 PM",3.642,84.9,98.2,0,2025-09-19T00:53:08.000Z
"9/18/2025, 8:56:08 PM",3.642,84.7,98.2,0,2025-09-19T00:56:08.000Z
"9/18/2025, 8:59:08 PM",3.642,84.6,98.3,0,2025-09-19T00:59:08.000Z
"9/18/2025, 9:02:08 PM",3.642,84.4,98.3,0,2025-09-19T01:02:08.000Z
"9/18/2025, 9:05:08 PM",3.642,84.2,98.3,0,2025-09-19T01:05:08.000Z
"9/18/2025, 9:08:08 PM",3.642,84.2,98.3,0,2025-09-19T01:08:08.000Z
"9/18/2025, 9:11:08 PM",3.642,84,98.4,0,2025-09-19T01:11:08.000Z
"9/18/2025, 9:14:08 PM",3.642,83.8,98.3,0,2025-09-19T01:14:08.000Z
"9/18/2025, 9:17:08 PM",3.642,83.8,98.4,0,2025-09-19T01:17:08.000Z
"9/18/2025, 9:20:08 PM",3.642,83.7,98.4,0,2025-09-19T01:20:08.000Z
"9/18/2025, 9:23:08 PM",3.643,83.5,98.4,0,2025-09-19T01:23:08.000Z
"9/18/2025, 9:26:08 PM",3.643,83.5,98.5,0,2025-09-19T01:26:08.000Z
"9/18/2025, 9:29:08 PM",3.642,83.3,98.5,0,2025-09-19T01:29:08.000Z
"9/18/2025, 9:32:08 PM",3.642,83.1,98.5,0,2025-09-19T01:32:08.000Z
"9/18/2025, 9:35:08 PM",3.642,83.1,98.5,0,2025-09-19T01:35:08.000Z
"9/18/2025, 9:38:08 PM",3.643,82.9,98.5,0,2025-09-19T01:38:08.000Z
"9/18/2025, 9:41:08 PM",3.643,82.9,98.6,0,2025-09-19T01:41:08.000Z
"9/18/2025, 9:44:08 PM",3.642,82.9,98.6,0,2025-09-19T01:44:08.000Z
"9/18/2025, 9:47:08 PM",3.642,82.8,98.6,0,2025-09-19T01:47:08.000Z
"9/18/2025, 9:50:08 PM",3.642,82.8,98.7,0,2025-09-19T01:50:08.000Z
"9/18/2025, 9:53:08 PM",3.642,82.6,98.7,0,2025-09-19T01:53:08.000Z
"9/18/2025, 9:56:08 PM",3.642,82.4,98.7,0,2025-09-19T01:56:08.000Z
"9/18/2025, 9:59:08 PM",3.642,82.4,98.7,0,2025-09-19T01:59:08.000Z
"9/18/2025, 10:02:08 PM",3.643,82.4,98.8,0,2025-09-19T02:02:08.000Z
"9/18/2025, 10:05:08 PM",3.642,82.2,98.8,0,2025-09-19T02:05:08.000Z
"9/18/2025, 10:08:08 PM",3.642,82.2,98.8,0,2025-09-19T02:08:08.000Z
"9/18/2025, 10:11:08 PM",3.643,82.2,98.8,0,2025-09-19T02:11:08.000Z
"9/18/2025, 10:14:08 PM",3.643,82.2,98.9,0,2025-09-19T02:14:08.000Z
"9/18/2025, 10:17:08 PM",3.643,82,98.9,0,2025-09-19T02:17:08.000Z
"9/18/2025, 10:20:08 PM",3.643,82,98.9,0,2025-09-19T02:20:08.000Z
"9/18/2025, 10:23:08 PM",3.643,82,99,0,2025-09-19T02:23:08.000Z
"9/18/2025, 10:26:08 PM",3.642,82,98.9,0,2025-09-19T02:26:08.000Z
"9/18/2025, 10:29:08 PM",3.642,81.9,99,0,2025-09-19T02:29:08.000Z
"9/18/2025, 10:32:08 PM",3.642,81.9,99,0,2025-09-19T02:32:08.000Z
"9/18/2025, 10:35:08 PM",3.643,81.9,99,0,2025-09-19T02:35:08.000Z
"9/18/2025, 10:38:08 PM",3.642,81.9,99,0,2025-09-19T02:38:08.000Z
"9/18/2025, 10:41:08 PM",3.643,81.9,99.1,0,2025-09-19T02:41:08.000Z
"9/18/2025, 10:44:08 PM",3.642,81.9,99.1,0,2025-09-19T02:44:08.000Z
"9/18/2025, 10:47:08 PM",3.643,81.9,99.1,0,2025-09-19T02:47:08.000Z
"9/18/2025, 10:50:08 PM",3.643,81.7,99.2,0,2025-09-19T02:50:08.000Z
"9/18/2025, 10:53:08 PM",3.643,81.7,99.1,0,2025-09-19T02:53:08.000Z
"9/18/2025, 10:56:08 PM",3.643,81.7,99.2,0,2025-09-19T02:56:08.000Z
"9/18/2025, 10:59:08 PM",3.643,81.5,99.2,0,2025-09-19T02:59:08.000Z
"9/18/2025, 11:02:08 PM",3.643,81.5,99.2,0,2025-09-19T03:02:08.000Z
"9/18/2025, 11:05:08 PM",3.642,81.5,99.3,0,2025-09-19T03:05:08.000Z
"9/18/2025, 11:08:08 PM",3.643,81.3,99.3,0,2025-09-19T03:08:08.000Z
"9/18/2025, 11:11:08 PM",3.643,81.3,99.3,0,2025-09-19T03:11:08.000Z
"9/18/2025, 11:14:08 PM",3.643,81.3,99.3,0,2025-09-19T03:14:08.000Z
"9/18/2025, 11:17:08 PM",3.643,81.3,99.3,0,2025-09-19T03:17:08.000Z
"9/18/2025, 11:20:08 PM",3.643,81.1,99.3,0,2025-09-19T03:20:08.000Z
"9/18/2025, 11:23:08 PM",3.643,81.1,99.4,0,2025-09-19T03:23:08.000Z
"9/18/2025, 11:26:08 PM",3.643,81.1,99.4,0,2025-09-19T03:26:08.000Z
"9/18/2025, 11:29:08 PM",3.643,81.1,99.4,0,2025-09-19T03:29:08.000Z
"9/18/2025, 11:32:08 PM",3.643,81,99.4,0,2025-09-19T03:32:08.000Z
"9/18/2025, 11:35:08 PM",3.643,81,99.4,0,2025-09-19T03:35:08.000Z
"9/18/2025, 11:38:08 PM",3.643,81,99.4,0,2025-09-19T03:38:08.000Z
"9/18/2025, 11:41:08 PM",3.642,81,99.4,0,2025-09-19T03:41:08.000Z
"9/18/2025, 11:44:08 PM",3.643,80.8,99.5,0,2025-09-19T03:44:08.000Z
"9/18/2025, 11:47:08 PM",3.643,80.8,99.5,0,2025-09-19T03:47:08.000Z
"9/18/2025, 11:50:08 PM",3.643,80.8,99.5,0,2025-09-19T03:50:08.000Z
"9/18/2025, 11:53:08 PM",3.643,80.8,99.5,0,2025-09-19T03:53:08.000Z
"9/18/2025, 11:56:08 PM",3.643,80.6,99.5,0,2025-09-19T03:56:08.000Z
"9/18/2025, 11:59:08 PM",3.643,80.6,99.6,0,2025-09-19T03:59:08.000Z
"9/19/2025, 12:02:08 AM",3.642,80.6,99.6,0,2025-09-19T04:02:08.000Z
"9/19/2025, 12:05:08 AM",3.643,80.6,99.6,0,2025-09-19T04:05:08.000Z
"9/19/2025, 12:08:08 AM",3.643,80.6,99.6,0,2025-09-19T04:08:08.000Z
"9/19/2025, 12:11:08 AM",3.643,80.4,99.7,0,2025-09-19T04:11:08.000Z
"9/19/2025, 12:14:08 AM",3.643,80.4,99.6,0,2025-09-19T04:14:08.000Z
"9/19/2025, 12:17:08 AM",3.643,80.4,99.6,0,2025-09-19T04:17:08.000Z
"9/19/2025, 12:20:08 AM",3.642,80.4,99.7,0,2025-09-19T04:20:08.000Z
"9/19/2025, 12:23:08 AM",3.643,80.4,99.7,0,2025-09-19T04:23:08.000Z
"9/19/2025, 12:26:08 AM",3.643,80.4,99.7,0,2025-09-19T04:26:08.000Z
"9/19/2025, 12:29:08 AM",3.642,80.4,99.7,0,2025-09-19T04:29:08.000Z
"9/19/2025, 12:32:08 AM",3.642,80.2,99.7,0,2025-09-19T04:32:08.000Z
"9/19/2025, 12:35:08 AM",3.642,80.2,99.7,0,2025-09-19T04:35:08.000Z
"9/19/2025, 12:38:08 AM",3.643,80.2,99.7,0,2025-09-19T04:38:08.000Z
"9/19/2025, 12:41:08 AM",3.643,80.2,99.8,0,2025-09-19T04:41:08.000Z
"9/19/2025, 12:44:08 AM",3.642,80.1,99.8,0,2025-09-19T04:44:08.000Z
"9/19/2025, 12:47:08 AM",3.643,80.1,99.8,0,2025-09-19T04:47:08.000Z
"9/19/2025, 12:50:08 AM",3.643,80.1,99.8,0,2025-09-19T04:50:08.000Z
"9/19/2025, 12:53:08 AM",3.643,80.1,99.8,0,2025-09-19T04:53:08.000Z
"9/19/2025, 12:56:08 AM",3.642,79.9,99.8,0,2025-09-19T04:56:08.000Z
"9/19/2025, 12:59:08 AM",3.642,79.9,99.8,0,2025-09-19T04:59:08.000Z
"9/19/2025, 1:02:08 AM",3.643,79.7,99.8,0,2025-09-19T05:02:08.000Z
"9/19/2025, 1:05:08 AM",3.642,79.7,99.8,0,2025-09-19T05:05:08.000Z
"9/19/2025, 1:08:08 AM",3.643,79.7,99.8,0,2025-09-19T05:08:08.000Z
"9/19/2025, 1:11:08 AM",3.643,79.7,99.8,0,2025-09-19T05:11:08.000Z
"9/19/2025, 1:14:08 AM",3.642,79.5,99.8,0,2025-09-19T05:14:08.000Z
"9/19/2025, 1:17:08 AM",3.643,79.5,99.9,0,2025-09-19T05:17:08.000Z
"9/19/2025, 1:20:08 AM",3.643,79.5,99.9,0,2025-09-19T05:20:08.000Z
"9/19/2025, 1:23:08 AM",3.642,79.5,99.9,0,2025-09-19T05:23:08.000Z
"9/19/2025, 1:26:08 AM",3.643,79.5,99.9,0,2025-09-19T05:26:08.000Z
"9/19/2025, 1:29:08 AM",3.643,79.5,99.9,0,2025-09-19T05:29:08.000Z
"9/19/2025, 1:32:08 AM",3.643,79.3,99.9,0,2025-09-19T05:32:08.000Z
"9/19/2025, 1:35:08 AM",3.642,79.3,99.9,0,2025-09-19T05:35:08.000Z
"9/19/2025, 1:38:08 AM",3.642,79.3,99.9,0,2025-09-19T05:38:08.000Z
"9/19/2025, 1:41:08 AM",3.643,79.3,99.9,0,2025-09-19T05:41:08.000Z
"9/19/2025, 1:44:08 AM",3.642,79.3,100,0,2025-09-19T05:44:08.000Z
"9/19/2025, 1:47:08 AM",3.643,79.2,100,0,2025-09-19T05:47:08.000Z
"9/19/2025, 1:50:08 AM",3.643,79.2,100,0,2025-09-19T05:50:08.000Z
"9/19/2025, 1:53:08 AM",3.642,79.2,100,0,2025-09-19T05:53:08.000Z
"9/19/2025, 1:56:08 AM",3.643,79,100,0,2025-09-19T05:56:08.000Z
"9/19/2025, 1:59:08 AM",3.643,79,100,0,2025-09-19T05:59:08.000Z
"9/19/2025, 2:02:08 AM",3.642,79,100,0,2025-09-19T06:02:08.000Z
"9/19/2025, 2:05:08 AM",3.643,79,100,0,2025-09-19T06:05:08.000Z
"9/19/2025, 2:08:08 AM",3.643,79,100,0,2025-09-19T06:08:08.000Z
"9/19/2025, 2:11:08 AM",3.642,79,100,0,2025-09-19T06:11:08.000Z
"9/19/2025, 2:14:08 AM",3.642,79,100,0,2025-09-19T06:14:08.000Z
"9/19/2025, 2:17:08 AM",3.642,79,100,0,2025-09-19T06:17:08.000Z
"9/19/2025, 2:20:08 AM",3.643,79,100,0,2025-09-19T06:20:08.000Z
"9/19/2025, 2:23:08 AM",3.643,79,100,0,2025-09-19T06:23:08.000Z
"9/19/2025, 2:26:08 AM",3.643,79,100,0,2025-09-19T06:26:08.000Z
"9/19/2025, 2:29:08 AM",3.643,79,100,0,2025-09-19T06:29:08.000Z
"9/19/2025, 2:32:08 AM",3.643,79,100,0,2025-09-19T06:32:08.000Z
"9/19/2025, 2:35:08 AM",3.642,79,100,0,2025-09-19T06:35:08.000Z
"9/19/2025, 2:38:08 AM",3.642,79,100,0,2025-09-19T06:38:08.000Z
"9/19/2025, 2:41:08 AM",3.642,79,100,0,2025-09-19T06:41:08.000Z
"9/19/2025, 2:44:08 AM",3.642,79,100,0,2025-09-19T06:44:08.000Z
"9/19/2025, 2:47:08 AM",3.643,79,100,0,2025-09-19T06:47:08.000Z
"9/19/2025, 2:50:08 AM",3.643,79,100,0,2025-09-19T06:50:08.000Z
"9/19/2025, 2:53:08 AM",3.643,79,100,0,2025-09-19T06:53:08.000Z
"9/19/2025, 2:56:08 AM",3.643,79,100,0,2025-09-19T06:56:08.000Z
"9/19/2025, 2:59:08 AM",3.642,79,100,0,2025-09-19T06:59:08.000Z
"9/19/2025, 3:02:08 AM",3.643,79,100,0,2025-09-19T07:02:08.000Z
"9/19/2025, 3:05:08 AM",3.643,79,100,0,2025-09-19T07:05:08.000Z
"9/19/2025, 3:08:08 AM",3.642,79,100,0,2025-09-19T07:08:08.000Z
"9/19/2025, 3:11:08 AM",3.643,79,100,0,2025-09-19T07:11:08.000Z
"9/19/2025, 3:14:08 AM",3.643,79,100,0,2025-09-19T07:14:08.000Z
"9/19/2025, 3:17:08 AM",3.642,78.8,100,0,2025-09-19T07:17:08.000Z
"9/19/2025, 3:20:08 AM",3.642,78.8,100,0,2025-09-19T07:20:08.000Z
"9/19/2025, 3:23:08 AM",3.642,78.8,100,0,2025-09-19T07:23:08.000Z
"9/19/2025, 3:26:08 AM",3.643,78.8,100,0,2025-09-19T07:26:08.000Z
"9/19/2025, 3:29:08 AM",3.643,78.8,100,0,2025-09-19T07:29:08.000Z
"9/19/2025, 3:32:08 AM",3.643,78.8,100,0,2025-09-19T07:32:08.000Z
"9/19/2025, 3:35:08 AM",3.642,78.8,100,0,2025-09-19T07:35:08.000Z
"9/19/2025, 3:38:08 AM",3.642,78.8,100,0,2025-09-19T07:38:08.000Z
"9/19/2025, 3:41:08 AM",3.642,78.6,100,0,2025-09-19T07:41:08.000Z
"9/19/2025, 3:44:08 AM",3.642,78.6,100,0,2025-09-19T07:44:08.000Z
"9/19/2025, 3:47:08 AM",3.643,78.6,100,0,2025-09-19T07:47:08.000Z
"9/19/2025, 3:50:08 AM",3.643,78.6,100,0,2025-09-19T07:50:08.000Z
"9/19/2025, 3:53:08 AM",3.643,78.6,100,0,2025-09-19T07:53:08.000Z
"9/19/2025, 3:56:08 AM",3.643,78.6,100,0,2025-09-19T07:56:08.000Z
"9/19/2025, 3:59:08 AM",3.642,78.4,100,0,2025-09-19T07:59:08.000Z
"9/19/2025, 4:02:08 AM",3.643,78.4,100,0,2025-09-19T08:02:08.000Z
"9/19/2025, 4:05:08 AM",3.643,78.4,100,0,2025-09-19T08:05:08.000Z
"9/19/2025, 4:08:08 AM",3.642,78.3,100,0,2025-09-19T08:08:08.000Z
"9/19/2025, 4:11:08 AM",3.643,78.3,100,0,2025-09-19T08:11:08.000Z
"9/19/2025, 4:14:08 AM",3.642,78.3,100,0,2025-09-19T08:14:08.000Z
"9/19/2025, 4:17:08 AM",3.642,78.1,100,0,2025-09-19T08:17:08.000Z
"9/19/2025, 4:20:08 AM",3.643,78.1,100,0,2025-09-19T08:20:08.000Z
"9/19/2025, 4:23:08 AM",3.643,78.1,100,0,2025-09-19T08:23:08.000Z
"9/19/2025, 4:26:08 AM",3.643,77.9,100,0,2025-09-19T08:26:08.000Z
"9/19/2025, 4:29:08 AM",3.643,77.9,100,0,2025-09-19T08:29:08.000Z
"9/19/2025, 4:32:08 AM",3.643,77.9,100,0,2025-09-19T08:32:08.000Z
"9/19/2025, 4:35:08 AM",3.643,77.9,100,0,2025-09-19T08:35:08.000Z
"9/19/2025, 4:38:08 AM",3.643,77.9,100,0,2025-09-19T08:38:08.000Z
"9/19/2025, 4:41:08 AM",3.643,77.7,100,0,2025-09-19T08:41:08.000Z
"9/19/2025, 4:44:08 AM",3.642,77.7,100,0,2025-09-19T08:44:08.000Z
"9/19/2025, 4:47:08 AM",3.642,77.7,100,0,2025-09-19T08:47:08.000Z
"9/19/2025, 4:50:08 AM",3.643,77.7,100,0,2025-09-19T08:50:08.000Z
"9/19/2025, 4:53:08 AM",3.642,77.7,100,0,2025-09-19T08:53:08.000Z
"9/19/2025, 4:56:08 AM",3.643,77.7,100,0,2025-09-19T08:56:08.000Z
"9/19/2025, 4:59:08 AM",3.643,77.7,100,0,2025-09-19T08:59:08.000Z
"9/19/2025, 5:02:08 AM",3.642,77.7,100,0,2025-09-19T09:02:08.000Z
"9/19/2025, 5:05:08 AM",3.642,77.7,100,0,2025-09-19T09:05:08.000Z
"9/19/2025, 5:08:08 AM",3.643,77.7,100,0,2025-09-19T09:08:08.000Z
"9/19/2025, 5:11:08 AM",3.642,77.7,100,0,2025-09-19T09:11:08.000Z
"9/19/2025, 5:14:08 AM",3.642,77.7,100,0,2025-09-19T09:14:08.000Z
"9/19/2025, 5:17:08 AM",3.642,77.7,100,0,2025-09-19T09:17:08.000Z
"9/19/2025, 5:20:08 AM",3.642,77.7,100,0,2025-09-19T09:20:08.000Z
"9/19/2025, 5:23:08 AM",3.642,77.7,100,0,2025-09-19T09:23:08.000Z
"9/19/2025, 5:26:08 AM",3.642,77.7,100,0,2025-09-19T09:26:08.000Z
"9/19/2025, 5:29:08 AM",3.643,77.7,100,0,2025-09-19T09:29:08.000Z
"9/19/2025, 5:32:08 AM",3.642,77.7,100,0,2025-09-19T09:32:08.000Z
"9/19/2025, 5:35:08 AM",3.642,77.7,100,0,2025-09-19T09:35:08.000Z
"9/19/2025, 5:38:08 AM",3.642,77.7,100,0,2025-09-19T09:38:08.000Z
"9/19/2025, 5:41:08 AM",3.643,77.7,100,0,2025-09-19T09:41:08.000Z
"9/19/2025, 5:44:08 AM",3.642,77.7,100,0,2025-09-19T09:44:08.000Z
"9/19/2025, 5:47:08 AM",3.643,77.7,100,0,2025-09-19T09:47:08.000Z
"9/19/2025, 5:50:08 AM",3.642,77.7,100,0,2025-09-19T09:50:08.000Z
"9/19/2025, 5:53:08 AM",3.643,77.7,100,0,2025-09-19T09:53:08.000Z
"9/19/2025, 5:56:08 AM",3.642,77.7,100,0,2025-09-19T09:56:08.000Z
"9/19/2025, 5:59:08 AM",3.642,77.7,100,0,2025-09-19T09:59:08.000Z
"9/19/2025, 6:02:08 AM",3.642,77.7,100,0,2025-09-19T10:02:08.000Z
"9/19/2025, 6:05:08 AM",3.642,77.7,100,0,2025-09-19T10:05:08.000Z
"9/19/2025, 6:08:08 AM",3.642,77.7,100,0,2025-09-19T10:08:08.000Z
"9/19/2025, 6:11:08 AM",3.642,77.7,100,0,2025-09-19T10:11:08.000Z
"9/19/2025, 6:14:08 AM",3.643,77.7,100,0,2025-09-19T10:14:08.000Z
"9/19/2025, 6:17:08 AM",3.642,77.7,100,0,2025-09-19T10:17:08.000Z
"9/19/2025, 6:20:08 AM",3.642,77.7,100,0,2025-09-19T10:20:08.000Z
"9/19/2025, 6:23:08 AM",3.643,77.7,100,0,2025-09-19T10:23:08.000Z
"9/19/2025, 6:26:08 AM",3.642,77.7,100,0,2025-09-19T10:26:08.000Z
"9/19/2025, 6:29:08 AM",3.643,77.7,100,0,2025-09-19T10:29:08.000Z
"9/19/2025, 6:32:08 AM",3.642,77.7,100,0,2025-09-19T10:32:08.000Z
"9/19/2025, 6:35:08 AM",3.642,77.7,100,0,2025-09-19T10:35:08.000Z
"9/19/2025, 6:38:08 AM",3.642,77.5,100,0,2025-09-19T10:38:08.000Z
"9/19/2025, 6:41:08 AM",3.643,77.5,100,0,2025-09-19T10:41:08.000Z
"9/19/2025, 6:44:08 AM",3.642,77.5,100,0,2025-09-19T10:44:08.000Z
"9/19/2025, 6:47:08 AM",3.642,77.5,100,0,2025-09-19T10:47:08.000Z
"9/19/2025, 6:50:08 AM",3.642,77.5,100,0,2025-09-19T10:50:08.000Z
"9/19/2025, 6:53:08 AM",3.642,77.5,100,0,2025-09-19T10:53:08.000Z
"9/19/2025, 6:56:08 AM",3.642,77.5,100,0,2025-09-19T10:56:08.000Z
"9/19/2025, 6:59:08 AM",3.643,77.5,100,0,2025-09-19T10:59:08.000Z
"9/19/2025, 7:02:08 AM",3.642,77.4,100,0,2025-09-19T11:02:08.000Z
"9/19/2025, 7:05:08 AM",3.643,77.4,100,0,2025-09-19T11:05:08.000Z
"9/19/2025, 7:08:08 AM",3.643,77.4,100,0,2025-09-19T11:08:08.000Z
"9/19/2025, 7:11:08 AM",3.642,77.4,100,0,2025-09-19T11:11:08.000Z
"9/19/2025, 7:14:08 AM",3.642,77.4,100,0,2025-09-19T11:14:08.000Z
"9/19/2025, 7:17:08 AM",3.642,77.4,100,0,2025-09-19T11:17:08.000Z
"9/19/2025, 7:20:08 AM",3.642,77.4,100,0,2025-09-19T11:20:08.000Z
"9/19/2025, 7:23:08 AM",3.643,77.2,100,0,2025-09-19T11:23:08.000Z
"9/19/2025, 7:26:08 AM",3.642,77.2,100,0,2025-09-19T11:26:08.000Z
"9/19/2025, 7:29:08 AM",3.643,77.2,100,0,2025-09-19T11:29:08.000Z
"9/19/2025, 7:32:08 AM",3.642,77.2,100,0,2025-09-19T11:32:08.000Z
"9/19/2025, 7:35:08 AM",3.642,77.2,100,0,2025-09-19T11:35:08.000Z
"9/19/2025, 7:38:08 AM",3.642,77.2,100,0,2025-09-19T11:38:08.000Z
"9/19/2025, 7:41:08 AM",3.642,77.2,100,0,2025-09-19T11:41:08.000Z
"9/19/2025, 7:44:08 AM",3.642,77.2,100,0,2025-09-19T11:44:08.000Z
"9/19/2025, 7:47:08 AM",3.642,77.2,100,0,2025-09-19T11:47:08.000Z
"9/19/2025, 7:50:08 AM",3.642,77.4,100,0,2025-09-19T11:50:08.000Z
"9/19/2025, 7:53:08 AM",3.642,77.4,100,0,2025-09-19T11:53:08.000Z
"9/19/2025, 7:56:08 AM",3.642,77.4,100,0,2025-09-19T11:56:08.000Z
"9/19/2025, 7:59:08 AM",3.642,77.4,100,0,2025-09-19T11:59:08.000Z
"9/19/2025, 8:02:08 AM",3.642,77.5,100,0,2025-09-19T12:02:08.000Z
"9/19/2025, 8:05:08 AM",3.642,77.5,100,0,2025-09-19T12:05:08.000Z
"9/19/2025, 8:08:08 AM",3.642,77.7,100,0,2025-09-19T12:08:08.000Z
"9/19/2025, 8:11:08 AM",3.642,77.7,100,0,2025-09-19T12:11:08.000Z
"9/19/2025, 8:14:08 AM",3.642,77.9,100,0,2025-09-19T12:14:08.000Z
"9/19/2025, 8:17:08 AM",3.642,78.1,100,0,2025-09-19T12:17:08.000Z
"9/19/2025, 8:20:08 AM",3.642,78.3,100,0,2025-09-19T12:20:08.000Z
"9/19/2025, 8:23:08 AM",3.642,78.3,100,0,2025-09-19T12:23:08.000Z
"9/19/2025, 8:26:08 AM",3.643,78.4,100,0,2025-09-19T12:26:08.000Z
"9/19/2025, 8:29:08 AM",3.642,78.6,100,0,2025-09-19T12:29:08.000Z
"9/19/2025, 8:32:08 AM",3.642,78.8,100,0,2025-09-19T12:32:08.000Z
"9/19/2025, 8:35:08 AM",3.643,79,100,0,2025-09-19T12:35:08.000Z
"9/19/2025, 8:38:08 AM",3.642,79,100,0,2025-09-19T12:38:08.000Z
"9/19/2025, 8:41:08 AM",3.642,79.2,100,0,2025-09-19T12:41:08.000Z
"9/19/2025, 8:44:08 AM",3.642,79.3,100,0,2025-09-19T12:44:08.000Z
"9/19/2025, 8:47:08 AM",3.643,79.5,100,0,2025-09-19T12:47:08.000Z
"9/19/2025, 8:50:08 AM",3.642,79.7,100,0,2025-09-19T12:50:08.000Z
"9/19/2025, 8:53:08 AM",3.643,80.1,100,0,2025-09-19T12:53:08.000Z
"9/19/2025, 8:56:08 AM",3.642,80.2,100,0,2025-09-19T12:56:08.000Z
"9/19/2025, 8:59:08 AM",3.642,80.4,100,0,2025-09-19T12:59:08.000Z
"9/19/2025, 9:02:08 AM",3.642,80.6,100,0,2025-09-19T13:02:08.000Z
"9/19/2025, 9:05:08 AM",3.642,80.8,100,0,2025-09-19T13:05:08.000Z
"9/19/2025, 9:08:08 AM",3.642,81,100,0,2025-09-19T13:08:08.000Z
"9/19/2025, 9:11:08 AM",3.642,81.1,100,0,2025-09-19T13:11:08.000Z
"9/19/2025, 9:14:08 AM",3.642,81.5,100,0,2025-09-19T13:14:08.000Z
"9/19/2025, 9:17:08 AM",3.642,81.7,100,0,2025-09-19T13:17:08.000Z
"9/19/2025, 9:20:08 AM",3.642,82,100,0,2025-09-19T13:20:08.000Z
"9/19/2025, 9:23:08 AM",3.642,82.2,100,0,2025-09-19T13:23:08.000Z
"9/19/2025, 9:26:08 AM",3.642,82.6,100,0,2025-09-19T13:26:08.000Z
"9/19/2025, 9:29:08 AM",3.642,82.9,100,0,2025-09-19T13:29:08.000Z
"9/19/2025, 9:32:08 AM",3.642,83.3,100,0,2025-09-19T13:32:08.000Z
"9/19/2025, 9:35:08 AM",3.642,83.7,100,0,2025-09-19T13:35:08.000Z
"9/19/2025, 9:38:08 AM",3.642,84,100,0,2025-09-19T13:38:08.000Z
"9/19/2025, 9:41:08 AM",3.642,84.4,100,0,2025-09-19T13:41:08.000Z
"9/19/2025, 9:44:08 AM",3.642,84.6,100,0,2025-09-19T13:44:08.000Z
"9/19/2025, 9:47:08 AM",3.642,84.9,100,0,2025-09-19T13:47:08.000Z
"9/19/2025, 9:50:08 AM",3.642,85.3,100,0,2025-09-19T13:50:08.000Z
"9/19/2025, 9:53:08 AM",3.642,85.6,100,0,2025-09-19T13:53:08.000Z
"9/19/2025, 9:56:08 AM",3.642,85.8,100,0,2025-09-19T13:56:08.000Z
"9/19/2025, 9:59:08 AM",3.642,86.2,100,0,2025-09-19T13:59:08.000Z
"9/19/2025, 10:02:08 AM",3.641,86.4,100,0,2025-09-19T14:02:08.000Z
"9/19/2025, 10:05:08 AM",3.641,86.7,100,0,2025-09-19T14:05:08.000Z
"9/19/2025, 10:08:08 AM",3.642,87.1,100,0,2025-09-19T14:08:08.000Z
"9/19/2025, 10:11:08 AM",3.641,87.4,100,0,2025-09-19T14:11:08.000Z
"9/19/2025, 10:14:08 AM",3.641,87.8,100,0,2025-09-19T14:14:08.000Z
"9/19/2025, 10:17:08 AM",3.641,88,100,0,2025-09-19T14:17:08.000Z
"9/19/2025, 10:20:08 AM",3.642,88.3,100,0,2025-09-19T14:20:08.000Z
"9/19/2025, 10:23:08 AM",3.641,88.7,100,0,2025-09-19T14:23:08.000Z
"9/19/2025, 10:26:08 AM",3.642,88.9,100,0,2025-09-19T14:26:08.000Z
"9/19/2025, 10:29:08 AM",3.641,89.2,100,0,2025-09-19T14:29:08.000Z
"9/19/2025, 10:32:08 AM",3.641,89.6,100,0,2025-09-19T14:32:08.000Z
"9/19/2025, 10:35:08 AM",3.641,89.8,100,0,2025-09-19T14:35:08.000Z
"9/19/2025, 10:38:08 AM",3.641,90.1,100,0,2025-09-19T14:38:08.000Z
"9/19/2025, 10:41:08 AM",3.641,90.5,100,0,2025-09-19T14:41:08.000Z
"9/19/2025, 10:44:08 AM",3.642,90.7,100,0,2025-09-19T14:44:08.000Z
"9/19/2025, 10:47:08 AM",3.641,91,100,0,2025-09-19T14:47:08.000Z
"9/19/2025, 10:50:08 AM",3.641,91.2,100,0,2025-09-19T14:50:08.000Z
"9/19/2025, 10:53:08 AM",3.641,91.6,100,0,2025-09-19T14:53:08.000Z
"9/19/2025, 10:56:08 AM",3.641,91.9,100,0,2025-09-19T14:56:08.000Z
"9/19/2025, 10:59:08 AM",3.641,92.1,100,0,2025-09-19T14:59:08.000Z
"9/19/2025, 11:02:08 AM",3.641,92.5,100,0,2025-09-19T15:02:08.000Z
"9/19/2025, 11:05:08 AM",3.641,92.8,100,0,2025-09-19T15:05:08.000Z
"9/19/2025, 11:08:08 AM",3.641,93,100,0,2025-09-19T15:08:08.000Z
"9/19/2025, 11:11:08 AM",3.641,93.4,100,0,2025-09-19T15:11:08.000Z
"9/19/2025, 11:14:08 AM",3.641,93.6,100,0,2025-09-19T15:14:08.000Z
"9/19/2025, 11:17:08 AM",3.641,93.7,100,0,2025-09-19T15:17:08.000Z
"9/19/2025, 11:20:08 AM",3.641,94.1,100,0,2025-09-19T15:20:08.000Z
"9/19/2025, 11:23:08 AM",3.642,94.3,100,0,2025-09-19T15:23:08.000Z
"9/19/2025, 11:26:08 AM",3.641,94.5,100,0,2025-09-19T15:26:08.000Z
"9/19/2025, 11:29:08 AM",3.641,94.6,100,0,2025-09-19T15:29:08.000Z
"9/19/2025, 11:32:08 AM",3.641,94.8,100,0,2025-09-19T15:32:08.000Z
"9/19/2025, 11:35:08 AM",3.641,95,100,0,2025-09-19T15:35:08.000Z
"9/19/2025, 11:38:08 AM",3.641,95.2,100,0,2025-09-19T15:38:08.000Z
"9/19/2025, 11:41:08 AM",3.641,95.4,100,0,2025-09-19T15:41:08.000Z
"9/19/2025, 11:44:08 AM",3.641,95.7,100,0,2025-09-19T15:44:08.000Z
"9/19/2025, 11:47:08 AM",3.641,95.9,100,0,2025-09-19T15:47:08.000Z
"9/19/2025, 11:50:08 AM",3.641,96.1,100,0,2025-09-19T15:50:08.000Z
"9/19/2025, 11:53:08 AM",3.641,96.3,100,0,2025-09-19T15:53:08.000Z
"9/19/2025, 11:56:08 AM",3.641,96.4,100,0,2025-09-19T15:56:08.000Z
"9/19/2025, 11:59:08 AM",3.641,96.6,100,0,2025-09-19T15:59:08.000Z
"9/19/2025, 12:02:08 PM",3.641,97,100,0,2025-09-19T16:02:08.000Z
"9/19/2025, 12:05:08 PM",3.641,97.3,100,0,2025-09-19T16:05:08.000Z
"9/19/2025, 12:08:08 PM",3.641,97.5,100,0,2025-09-19T16:08:08.000Z
"9/19/2025, 12:11:08 PM",3.641,97.9,100,0,2025-09-19T16:11:08.000Z
"9/19/2025, 12:14:08 PM",3.641,98.1,100,0,2025-09-19T16:14:08.000Z
"9/19/2025, 12:17:08 PM",3.641,98.4,100,0,2025-09-19T16:17:08.000Z
"9/19/2025, 12:20:08 PM",3.641,98.8,100,0,2025-09-19T16:20:08.000Z
"9/19/2025, 12:23:08 PM",3.641,99.1,100,0,2025-09-19T16:23:08.000Z
"9/19/2025, 12:26:08 PM",3.641,99.7,100,0,2025-09-19T16:26:08.000Z
"9/19/2025, 12:29:08 PM",3.641,100,100,0,2025-09-19T16:29:08.000Z
"9/19/2025, 12:32:08 PM",3.641,100.2,100,0,2025-09-19T16:32:08.000Z
"9/19/2025, 12:35:08 PM",3.641,100.6,100,0,2025-09-19T16:35:08.000Z
"9/19/2025, 12:38:08 PM",3.641,100.8,100,0,2025-09-19T16:38:08.000Z
"9/19/2025, 12:41:08 PM",3.641,101.1,100,0,2025-09-19T16:41:08.000Z
"9/19/2025, 12:44:08 PM",3.641,101.3,100,0,2025-09-19T16:44:08.000Z
"9/19/2025, 12:47:08 PM",3.641,101.5,100,0,2025-09-19T16:47:08.000Z
"9/19/2025, 12:50:08 PM",3.641,101.8,100,0,2025-09-19T16:50:08.000Z
"9/19/2025, 12:53:08 PM",3.641,102,100,0,2025-09-19T16:53:08.000Z
"9/19/2025, 12:56:08 PM",3.641,102.4,100,0,2025-09-19T16:56:08.000Z
"9/19/2025, 12:59:08 PM",3.641,102.6,100,0,2025-09-19T16:59:08.000Z
"9/19/2025, 1:02:08 PM",3.641,102.9,100,0,2025-09-19T17:02:08.000Z
"9/19/2025, 1:05:08 PM",3.641,103.1,100,0,2025-09-19T17:05:08.000Z
"9/19/2025, 1:08:08 PM",3.641,103.5,100,0,2025-09-19T17:08:08.000Z
"9/19/2025, 1:11:08 PM",3.641,103.6,100,0,2025-09-19T17:11:08.000Z
"9/19/2025, 1:14:08 PM",3.641,103.8,99.9,0,2025-09-19T17:14:08.000Z
"9/19/2025, 1:17:08 PM",3.641,104,99.9,0,2025-09-19T17:17:08.000Z
"9/19/2025, 1:20:08 PM",3.641,104.2,99.8,0,2025-09-19T17:20:08.000Z
"9/19/2025, 1:23:08 PM",3.64,104.4,99.7,0,2025-09-19T17:23:08.000Z
"9/19/2025, 1:26:08 PM",3.641,104.5,99.6,0,2025-09-19T17:26:08.000Z
"9/19/2025, 1:29:08 PM",3.641,104.7,99.6,0,2025-09-19T17:29:08.000Z
"9/19/2025, 1:32:08 PM",3.641,104.9,99.5,0,2025-09-19T17:32:08.000Z
"9/19/2025, 1:35:08 PM",3.641,104.9,99.4,0,2025-09-19T17:35:08.000Z
"9/19/2025, 1:38:08 PM",3.64,104.9,99.4,0,2025-09-19T17:38:08.000Z
"9/19/2025, 1:41:08 PM",3.641,105.1,99.3,0,2025-09-19T17:41:08.000Z
"9/19/2025, 1:44:08 PM",3.641,105.1,99.1,0,2025-09-19T17:44:08.000Z
"9/19/2025, 1:47:08 PM",3.641,105.3,99,0,2025-09-19T17:47:08.000Z
"9/19/2025, 1:50:08 PM",3.641,105.4,99,0,2025-09-19T17:50:08.000Z
"9/19/2025, 1:53:08 PM",3.641,105.6,98.9,0,2025-09-19T17:53:08.000Z
"9/19/2025, 1:56:08 PM",3.642,105.6,98.9,0,2025-09-19T17:56:08.000Z
"9/19/2025, 1:59:08 PM",3.64,105.8,98.8,0,2025-09-19T17:59:08.000Z
"9/19/2025, 2:02:08 PM",3.641,105.8,98.8,0,2025-09-19T18:02:08.000Z
"9/19/2025, 2:05:08 PM",3.641,105.8,98.7,0,2025-09-19T18:05:08.000Z
"9/19/2025, 2:08:08 PM",3.641,105.6,98.7,0,2025-09-19T18:08:08.000Z
"9/19/2025, 2:11:08 PM",3.641,105.8,98.6,0,2025-09-19T18:11:08.000Z
"9/19/2025, 2:14:08 PM",3.641,105.8,98.5,0,2025-09-19T18:14:08.000Z
"9/19/2025, 2:17:08 PM",3.641,106,98.4,0,2025-09-19T18:17:08.000Z
"9/19/2025, 2:20:08 PM",3.641,106,98.4,0,2025-09-19T18:20:08.000Z
"9/19/2025, 2:23:08 PM",3.641,106.2,98.3,0,2025-09-19T18:23:08.000Z
"9/19/2025, 2:26:08 PM",3.641,106.2,98.3,0,2025-09-19T18:26:08.000Z
"9/19/2025, 2:29:08 PM",3.641,106.3,98.2,0,2025-09-19T18:29:08.000Z
"9/19/2025, 2:32:08 PM",3.641,106.3,98.2,0,2025-09-19T18:32:08.000Z
"9/19/2025, 2:35:08 PM",3.641,106.5,98.1,0,2025-09-19T18:35:08.000Z
"9/19/2025, 2:38:08 PM",3.641,106.5,98.1,0,2025-09-19T18:38:08.000Z
"9/19/2025, 2:41:08 PM",3.641,106.5,98,0,2025-09-19T18:41:08.000Z
"9/19/2025, 2:44:08 PM",3.641,106.5,98,0,2025-09-19T18:44:08.000Z
"9/19/2025, 2:47:08 PM",3.641,106.5,97.9,0,2025-09-19T18:47:08.000Z
"9/19/2025, 2:50:08 PM",3.641,106.5,97.8,0,2025-09-19T18:50:08.000Z
"9/19/2025, 2:53:08 PM",3.642,106.5,97.8,0,2025-09-19T18:53:08.000Z
"9/19/2025, 2:56:08 PM",3.641,106.7,97.8,0,2025-09-19T18:56:08.000Z
"9/19/2025, 2:59:08 PM",3.641,106.7,97.7,0,2025-09-19T18:59:08.000Z
"9/19/2025, 3:02:08 PM",3.641,106.7,97.7,0,2025-09-19T19:02:08.000Z
"9/19/2025, 3:05:08 PM",3.642,106.7,97.6,0,2025-09-19T19:05:08.000Z
"9/19/2025, 3:08:08 PM",3.641,106.9,97.6,0,2025-09-19T19:08:08.000Z
"9/19/2025, 3:11:08 PM",3.642,106.9,97.6,0,2025-09-19T19:11:08.000Z
"9/19/2025, 3:14:08 PM",3.641,106.9,97.6,0,2025-09-19T19:14:08.000Z
"9/19/2025, 3:17:08 PM",3.642,107.1,97.6,0,2025-09-19T19:17:08.000Z
"9/19/2025, 3:20:08 PM",3.641,107.1,97.6,0,2025-09-19T19:20:08.000Z
"9/19/2025, 3:23:08 PM",3.641,107.1,97.5,0,2025-09-19T19:23:08.000Z
"9/19/2025, 3:26:08 PM",3.641,107.1,97.5,0,2025-09-19T19:26:08.000Z
"9/19/2025, 3:29:08 PM",3.641,107.1,97.5,0,2025-09-19T19:29:08.000Z
"9/19/2025, 3:32:08 PM",3.641,107.1,97.5,0,2025-09-19T19:32:08.000Z
"9/19/2025, 3:35:08 PM",3.641,107.1,97.4,0,2025-09-19T19:35:08.000Z
"9/19/2025, 3:38:08 PM",3.642,107.1,97.4,0,2025-09-19T19:38:08.000Z
"9/19/2025, 3:41:08 PM",3.642,107.1,97.5,0,2025-09-19T19:41:08.000Z
"9/19/2025, 3:44:08 PM",3.641,107.2,97.5,0,2025-09-19T19:44:08.000Z
"9/19/2025, 3:47:08 PM",3.641,107.2,97.4,0,2025-09-19T19:47:08.000Z
"9/19/2025, 3:50:08 PM",3.641,107.2,97.4,0,2025-09-19T19:50:08.000Z
"9/19/2025, 3:53:08 PM",3.642,107.2,97.4,0,2025-09-19T19:53:08.000Z
"9/19/2025, 3:56:08 PM",3.642,107.2,97.4,0,2025-09-19T19:56:08.000Z
"9/19/2025, 3:59:08 PM",3.641,107.2,97.4,0,2025-09-19T19:59:08.000Z
"9/19/2025, 4:02:08 PM",3.642,107.2,97.4,0,2025-09-19T20:02:08.000Z
"9/19/2025, 4:05:08 PM",3.642,107.2,97.4,0,2025-09-19T20:05:08.000Z
"9/19/2025, 4:08:08 PM",3.641,107.2,97.3,0,2025-09-19T20:08:08.000Z
"9/19/2025, 4:11:08 PM",3.641,107.2,97.3,0,2025-09-19T20:11:08.000Z
"9/19/2025, 4:14:08 PM",3.642,107.2,97.3,0,2025-09-19T20:14:08.000Z
"9/19/2025, 4:17:08 PM",3.641,107.1,97.3,0,2025-09-19T20:17:08.000Z
"9/19/2025, 4:20:08 PM",3.642,107.1,97.3,0,2025-09-19T20:20:08.000Z
"9/19/2025, 4:23:08 PM",3.642,107.1,97.3,0,2025-09-19T20:23:08.000Z
"9/19/2025, 4:26:08 PM",3.641,107.1,97.3,0,2025-09-19T20:26:08.000Z
"9/19/2025, 4:29:08 PM",3.642,107.1,97.3,0,2025-09-19T20:29:08.000Z
"9/19/2025, 4:32:08 PM",3.642,107.1,97.3,0,2025-09-19T20:32:08.000Z
"9/19/2025, 4:35:08 PM",3.642,107.1,97.3,0,2025-09-19T20:35:08.000Z
"9/19/2025, 4:38:08 PM",3.641,107.1,97.3,0,2025-09-19T20:38:08.000Z
"9/19/2025, 4:41:08 PM",3.642,107.1,97.3,0,2025-09-19T20:41:08.000Z
"9/19/2025, 4:44:08 PM",3.641,106.9,97.3,0,2025-09-19T20:44:08.000Z
"9/19/2025, 4:47:08 PM",3.642,106.9,97.4,0,2025-09-19T20:47:08.000Z
"9/19/2025, 4:50:08 PM",3.642,106.9,97.4,0,2025-09-19T20:50:08.000Z
"9/19/2025, 4:53:08 PM",3.642,106.9,97.4,0,2025-09-19T20:53:08.000Z
"9/19/2025, 4:56:08 PM",3.641,106.7,97.4,0,2025-09-19T20:56:08.000Z
"9/19/2025, 4:59:08 PM",3.642,106.7,97.4,0,2025-09-19T20:59:08.000Z
"9/19/2025, 5:02:08 PM",3.642,106.5,97.5,0,2025-09-19T21:02:08.000Z
"9/19/2025, 5:05:08 PM",3.642,106.5,97.5,0,2025-09-19T21:05:08.000Z
"9/19/2025, 5:08:08 PM",3.642,106.3,97.5,0,2025-09-19T21:08:08.000Z
"9/19/2025, 5:11:08 PM",3.642,106.3,97.5,0,2025-09-19T21:11:08.000Z
"9/19/2025, 5:14:08 PM",3.642,106.2,97.6,0,2025-09-19T21:14:08.000Z
"9/19/2025, 5:17:08 PM",3.642,106.2,97.5,0,2025-09-19T21:17:08.000Z
"9/19/2025, 5:20:08 PM",3.641,106,97.6,0,2025-09-19T21:20:08.000Z
"9/19/2025, 5:23:08 PM",3.641,105.8,97.6,0,2025-09-19T21:23:08.000Z
"9/19/2025, 5:26:08 PM",3.642,105.6,97.6,0,2025-09-19T21:26:08.000Z
"9/19/2025, 5:29:08 PM",3.641,105.4,97.6,0,2025-09-19T21:29:08.000Z
"9/19/2025, 5:32:08 PM",3.642,105.4,97.6,0,2025-09-19T21:32:08.000Z
"9/19/2025, 5:35:08 PM",3.641,105.1,97.7,0,2025-09-19T21:35:08.000Z
"9/19/2025, 5:38:08 PM",3.641,104.9,97.7,0,2025-09-19T21:38:08.000Z
"9/19/2025, 5:41:08 PM",3.641,104.7,97.7,0,2025-09-19T21:41:08.000Z
"9/19/2025, 5:44:08 PM",3.641,104.4,97.7,0,2025-09-19T21:44:08.000Z
"9/19/2025, 5:47:08 PM",3.642,104.2,97.7,0,2025-09-19T21:47:08.000Z
"9/19/2025, 5:50:08 PM",3.641,103.8,97.7,0,2025-09-19T21:50:08.000Z
"9/19/2025, 5:53:08 PM",3.642,103.5,97.7,0,2025-09-19T21:53:08.000Z
"9/19/2025, 5:56:08 PM",3.641,103.1,97.7,0,2025-09-19T21:56:08.000Z
"9/19/2025, 5:59:08 PM",3.641,102.9,97.7,0,2025-09-19T21:59:08.000Z
"9/19/2025, 6:02:08 PM",3.642,102.6,97.8,0,2025-09-19T22:02:08.000Z
"9/19/2025, 6:05:08 PM",3.642,102.2,97.7,0,2025-09-19T22:05:08.000Z
"9/19/2025, 6:08:08 PM",3.642,101.8,97.7,0,2025-09-19T22:08:08.000Z
"9/19/2025, 6:11:08 PM",3.641,101.5,97.7,0,2025-09-19T22:11:08.000Z
"9/19/2025, 6:14:08 PM",3.641,101.1,97.8,0,2025-09-19T22:14:08.000Z
"9/19/2025, 6:17:08 PM",3.642,100.8,97.8,0,2025-09-19T22:17:08.000Z
"9/19/2025, 6:20:08 PM",3.642,100.4,97.8,0,2025-09-19T22:20:08.000Z
"9/19/2025, 6:23:08 PM",3.642,100,97.8,0,2025-09-19T22:23:08.000Z
"9/19/2025, 6:26:08 PM",3.642,99.7,97.8,0,2025-09-19T22:26:08.000Z
"9/19/2025, 6:29:08 PM",3.641,99.3,97.9,0,2025-09-19T22:29:08.000Z
"9/19/2025, 6:32:08 PM",3.642,99,97.9,0,2025-09-19T22:32:08.000Z
"9/19/2025, 6:35:08 PM",3.642,98.8,98,0,2025-09-19T22:35:08.000Z
"9/19/2025, 6:38:08 PM",3.642,98.2,98,0,2025-09-19T22:38:08.000Z
"9/19/2025, 6:41:08 PM",3.641,97.9,98,0,2025-09-19T22:41:08.000Z
"9/19/2025, 6:44:08 PM",3.642,97.5,98.1,0,2025-09-19T22:44:08.000Z
"9/19/2025, 6:47:08 PM",3.642,97.2,98.2,0,2025-09-19T22:47:08.000Z
"9/19/2025, 6:50:08 PM",3.641,96.8,98.1,0,2025-09-19T22:50:08.000Z
"9/19/2025, 6:53:08 PM",3.641,96.3,98.3,0,2025-09-19T22:53:08.000Z
"9/19/2025, 6:56:08 PM",3.641,95.9,98.3,0,2025-09-19T22:56:08.000Z
"9/19/2025, 6:59:08 PM",3.641,95.4,98.3,0,2025-09-19T22:59:08.000Z
"9/19/2025, 7:02:08 PM",3.641,95,98.3,0,2025-09-19T23:02:08.000Z
"9/19/2025, 7:05:08 PM",3.642,94.6,98.3,0,2025-09-19T23:05:08.000Z
"9/19/2025, 7:08:08 PM",3.642,94.3,98.4,0,2025-09-19T23:08:08.000Z
"9/19/2025, 7:11:08 PM",3.642,93.9,98.4,0,2025-09-19T23:11:08.000Z
"9/19/2025, 7:14:08 PM",3.642,93.4,98.4,0,2025-09-19T23:14:08.000Z
"9/19/2025, 7:17:08 PM",3.642,93,98.5,0,2025-09-19T23:17:08.000Z
"9/19/2025, 7:20:08 PM",3.642,92.7,98.4,0,2025-09-19T23:20:08.000Z
"9/19/2025, 7:23:08 PM",3.642,92.3,98.5,0,2025-09-19T23:23:08.000Z
"9/19/2025, 7:26:08 PM",3.642,91.9,98.5,0,2025-09-19T23:26:08.000Z
"9/19/2025, 7:29:08 PM",3.642,91.6,98.6,0,2025-09-19T23:29:08.000Z
"9/19/2025, 7:32:08 PM",3.642,91.2,98.6,0,2025-09-19T23:32:08.000Z
"9/19/2025, 7:35:08 PM",3.642,90.9,98.6,0,2025-09-19T23:35:08.000Z
"9/19/2025, 7:38:08 PM",3.642,90.5,98.6,0,2025-09-19T23:38:08.000Z
"9/19/2025, 7:41:08 PM",3.642,90.1,98.6,0,2025-09-19T23:41:08.000Z
"9/19/2025, 7:44:08 PM",3.642,89.8,98.6,0,2025-09-19T23:44:08.000Z
"9/19/2025, 7:47:08 PM",3.643,89.4,98.7,0,2025-09-19T23:47:08.000Z
"9/19/2025, 7:50:08 PM",3.642,89.2,98.7,0,2025-09-19T23:50:08.000Z
"9/19/2025, 7:53:08 PM",3.643,88.9,98.7,0,2025-09-19T23:53:08.000Z
"9/19/2025, 7:56:08 PM",3.642,88.7,98.8,0,2025-09-19T23:56:08.000Z
"9/19/2025, 7:59:08 PM",3.642,88.3,98.8,0,2025-09-19T23:59:08.000Z
"9/19/2025, 8:02:08 PM",3.642,88,98.8,0,2025-09-20T00:02:08.000Z
"9/19/2025, 8:05:08 PM",3.642,87.8,98.8,0,2025-09-20T00:05:08.000Z
"9/19/2025, 8:08:08 PM",3.642,87.6,98.8,0,2025-09-20T00:08:08.000Z
"9/19/2025, 8:11:08 PM",3.642,87.4,98.9,0,2025-09-20T00:11:08.000Z
"9/19/2025, 8:14:08 PM",3.643,87.3,98.9,0,2025-09-20T00:14:08.000Z
"9/19/2025, 8:17:08 PM",3.643,86.9,98.9,0,2025-09-20T00:17:08.000Z
"9/19/2025, 8:20:08 PM",3.642,86.7,99,0,2025-09-20T00:20:08.000Z
"9/19/2025, 8:23:08 PM",3.643,86.5,99,0,2025-09-20T00:23:08.000Z
"9/19/2025, 8:26:08 PM",3.643,86.4,99,0,2025-09-20T00:26:08.000Z
"9/19/2025, 8:29:08 PM",3.643,86.2,99.1,0,2025-09-20T00:29:08.000Z
"9/19/2025, 8:32:08 PM",3.643,86,99.1,0,2025-09-20T00:32:08.000Z
"9/19/2025, 8:35:08 PM",3.642,85.8,99.2,0,2025-09-20T00:35:08.000Z
"9/19/2025, 8:38:08 PM",3.643,85.6,99.1,0,2025-09-20T00:38:08.000Z
"9/19/2025, 8:41:08 PM",3.643,85.5,99.2,0,2025-09-20T00:41:08.000Z
"9/19/2025, 8:44:08 PM",3.643,85.3,99.2,0,2025-09-20T00:44:08.000Z
"9/19/2025, 8:47:08 PM",3.643,85.3,99.2,0,2025-09-20T00:47:08.000Z
"9/19/2025, 8:50:08 PM",3.643,85.1,99.3,0,2025-09-20T00:50:08.000Z
"9/19/2025, 8:53:08 PM",3.643,84.9,99.3,0,2025-09-20T00:53:08.000Z
"9/19/2025, 8:56:08 PM",3.642,84.7,99.3,0,2025-09-20T00:56:08.000Z
"9/19/2025, 8:59:08 PM",3.643,84.6,99.4,0,2025-09-20T00:59:08.000Z
"9/19/2025, 9:02:08 PM",3.643,84.4,99.4,0,2025-09-20T01:02:08.000Z
"9/19/2025, 9:05:08 PM",3.643,84.4,99.4,0,2025-09-20T01:05:08.000Z
"9/19/2025, 9:08:08 PM",3.643,84.2,99.5,0,2025-09-20T01:08:08.000Z
"9/19/2025, 9:11:08 PM",3.643,84,99.4,0,2025-09-20T01:11:08.000Z
"9/19/2025, 9:14:08 PM",3.643,84,99.5,0,2025-09-20T01:14:08.000Z
"9/19/2025, 9:17:08 PM",3.643,84,99.5,0,2025-09-20T01:17:08.000Z
"9/19/2025, 9:20:08 PM",3.643,84,99.5,0,2025-09-20T01:20:08.000Z
"9/19/2025, 9:23:08 PM",3.643,83.8,99.6,0,2025-09-20T01:23:08.000Z
"9/19/2025, 9:26:08 PM",3.643,83.8,99.6,0,2025-09-20T01:26:08.000Z
"9/19/2025, 9:29:08 PM",3.642,83.8,99.6,0,2025-09-20T01:29:08.000Z
"9/19/2025, 9:32:08 PM",3.643,83.8,99.6,0,2025-09-20T01:32:08.000Z
"9/19/2025, 9:35:08 PM",3.643,83.8,99.7,0,2025-09-20T01:35:08.000Z
"9/19/2025, 9:38:08 PM",3.643,83.8,99.7,0,2025-09-20T01:38:08.000Z
"9/19/2025, 9:41:08 PM",3.643,83.8,99.7,0,2025-09-20T01:41:08.000Z
"9/19/2025, 9:44:08 PM",3.643,83.7,99.8,0,2025-09-20T01:44:08.000Z
"9/19/2025, 9:47:08 PM",3.643,83.7,99.8,0,2025-09-20T01:47:08.000Z
"9/19/2025, 9:50:08 PM",3.643,83.5,99.8,0,2025-09-20T01:50:08.000Z
"9/19/2025, 9:53:08 PM",3.643,83.5,99.8,0,2025-09-20T01:53:08.000Z
"9/19/2025, 9:56:08 PM",3.643,83.5,99.8,0,2025-09-20T01:56:08.000Z
"9/19/2025, 9:59:08 PM",3.643,83.3,99.9,0,2025-09-20T01:59:08.000Z
"9/19/2025, 10:02:08 PM",3.643,83.3,99.9,0,2025-09-20T02:02:08.000Z
"9/19/2025, 10:05:08 PM",3.643,83.3,99.9,0,2025-09-20T02:05:08.000Z
"9/19/2025, 10:08:08 PM",3.643,83.1,99.9,0,2025-09-20T02:08:08.000Z
"9/19/2025, 10:11:08 PM",3.643,83.1,99.9,0,2025-09-20T02:11:08.000Z
"9/19/2025, 10:14:08 PM",3.643,83.1,100,0,2025-09-20T02:14:08.000Z
"9/19/2025, 10:17:08 PM",3.643,83.1,100,0,2025-09-20T02:17:08.000Z
"9/19/2025, 10:20:08 PM",3.643,82.9,100,0,2025-09-20T02:20:08.000Z
"9/19/2025, 10:23:08 PM",3.643,82.9,100,0,2025-09-20T02:23:08.000Z
"9/19/2025, 10:26:08 PM",3.643,82.9,100,0,2025-09-20T02:26:08.000Z
"9/19/2025, 10:29:08 PM",3.643,82.9,100,0,2025-09-20T02:29:08.000Z
"9/19/2025, 10:32:08 PM",3.643,82.9,100,0,2025-09-20T02:32:08.000Z
"9/19/2025, 10:35:08 PM",3.643,82.8,100,0,2025-09-20T02:35:08.000Z
"9/19/2025, 10:38:08 PM",3.643,82.8,100,0,2025-09-20T02:38:08.000Z
"9/19/2025, 10:41:08 PM",3.643,82.8,100,0,2025-09-20T02:41:08.000Z
"9/19/2025, 10:44:08 PM",3.643,82.8,100,0,2025-09-20T02:44:08.000Z
"9/19/2025, 10:47:08 PM",3.643,82.6,100,0,2025-09-20T02:47:08.000Z
"9/19/2025, 10:50:08 PM",3.643,82.6,100,0,2025-09-20T02:50:08.000Z
"9/19/2025, 10:53:08 PM",3.643,82.6,100,0,2025-09-20T02:53:08.000Z
"9/19/2025, 10:56:08 PM",3.643,82.6,100,0,2025-09-20T02:56:08.000Z
"9/19/2025, 10:59:08 PM",3.643,82.6,100,0,2025-09-20T02:59:08.000Z
"9/19/2025, 11:02:08 PM",3.643,82.4,100,0,2025-09-20T03:02:08.000Z
"9/19/2025, 11:05:08 PM",3.643,82.4,100,0,2025-09-20T03:05:08.000Z
"9/19/2025, 11:08:08 PM",3.643,82.4,100,0,2025-09-20T03:08:08.000Z
"9/19/2025, 11:11:08 PM",3.643,82.4,100,0,2025-09-20T03:11:08.000Z
"9/19/2025, 11:14:08 PM",3.643,82.4,100,0,2025-09-20T03:14:08.000Z
"9/19/2025, 11:17:08 PM",3.643,82.4,100,0,2025-09-20T03:17:08.000Z
"9/19/2025, 11:20:08 PM",3.643,82.4,100,0,2025-09-20T03:20:08.000Z
"9/19/2025, 11:23:08 PM",3.643,82.4,100,0,2025-09-20T03:23:08.000Z
"9/19/2025, 11:26:08 PM",3.643,82.4,100,0,2025-09-20T03:26:08.000Z
"9/19/2025, 11:29:08 PM",3.643,82.4,100,0,2025-09-20T03:29:08.000Z
"9/19/2025, 11:32:08 PM",3.643,82.4,100,0,2025-09-20T03:32:08.000Z
"9/19/2025, 11:35:08 PM",3.643,82.2,100,0,2025-09-20T03:35:08.000Z
"9/19/2025, 11:38:08 PM",3.643,82.2,100,0,2025-09-20T03:38:08.000Z
"9/19/2025, 11:41:08 PM",3.643,82.2,100,0,2025-09-20T03:41:08.000Z
"9/19/2025, 11:44:08 PM",3.643,82.2,100,0,2025-09-20T03:44:08.000Z
"9/19/2025, 11:47:08 PM",3.643,82.2,100,0,2025-09-20T03:47:08.000Z
"9/19/2025, 11:50:08 PM",3.643,82,100,0,2025-09-20T03:50:08.000Z
"9/19/2025, 11:53:08 PM",3.643,82,100,0,2025-09-20T03:53:08.000Z
"9/19/2025, 11:56:08 PM",3.643,82,100,0,2025-09-20T03:56:08.000Z
"9/19/2025, 11:59:08 PM",3.643,82,100,0,2025-09-20T03:59:08.000Z
"9/20/2025, 12:02:08 AM",3.643,82,100,0,2025-09-20T04:02:08.000Z
"9/20/2025, 12:05:08 AM",3.643,82,100,0,2025-09-20T04:05:08.000Z
"9/20/2025, 12:08:08 AM",3.643,82,100,0,2025-09-20T04:08:08.000Z
"9/20/2025, 12:11:08 AM",3.643,82,100,0,2025-09-20T04:11:08.000Z
"9/20/2025, 12:14:08 AM",3.643,82,100,0,2025-09-20T04:14:08.000Z
"9/20/2025, 12:17:08 AM",3.643,82,100,0,2025-09-20T04:17:08.000Z
"9/20/2025, 12:20:08 AM",3.643,82,100,0,2025-09-20T04:20:08.000Z
"9/20/2025, 12:23:08 AM",3.643,82.2,100,0,2025-09-20T04:23:08.000Z
"9/20/2025, 12:26:08 AM",3.643,82.2,100,0,2025-09-20T04:26:08.000Z
"9/20/2025, 12:29:08 AM",3.643,82.2,100,0,2025-09-20T04:29:08.000Z
"9/20/2025, 12:32:08 AM",3.643,82.2,100,0,2025-09-20T04:32:08.000Z
"9/20/2025, 12:35:08 AM",3.643,82.2,100,0,2025-09-20T04:35:08.000Z
"9/20/2025, 12:38:08 AM",3.643,82.2,100,0,2025-09-20T04:38:08.000Z
"9/20/2025, 12:41:08 AM",3.643,82.2,100,0,2025-09-20T04:41:08.000Z
"9/20/2025, 12:44:08 AM",3.643,82.2,100,0,2025-09-20T04:44:08.000Z
"9/20/2025, 12:47:08 AM",3.643,82.2,100,0,2025-09-20T04:47:08.000Z
"9/20/2025, 12:50:08 AM",3.643,82.2,100,0,2025-09-20T04:50:08.000Z
"9/20/2025, 12:53:08 AM",3.643,82.2,100,0,2025-09-20T04:53:08.000Z
"9/20/2025, 12:56:08 AM",3.643,82.2,100,0,2025-09-20T04:56:08.000Z
"9/20/2025, 12:59:08 AM",3.643,82.2,100,0,2025-09-20T04:59:08.000Z
"9/20/2025, 1:02:08 AM",3.643,82.2,100,0,2025-09-20T05:02:08.000Z
"9/20/2025, 1:05:08 AM",3.643,82.2,100,0,2025-09-20T05:05:08.000Z
"9/20/2025, 1:08:08 AM",3.643,82.2,100,0,2025-09-20T05:08:08.000Z
"9/20/2025, 1:11:08 AM",3.643,82.2,100,0,2025-09-20T05:11:08.000Z
"9/20/2025, 1:14:08 AM",3.643,82.2,100,0,2025-09-20T05:14:08.000Z
"9/20/2025, 1:17:08 AM",3.643,82,100,0,2025-09-20T05:17:08.000Z
"9/20/2025, 1:20:08 AM",3.643,82,100,0,2025-09-20T05:20:08.000Z
"9/20/2025, 1:23:08 AM",3.643,81.9,100,0,2025-09-20T05:23:08.000Z
"9/20/2025, 1:26:08 AM",3.643,81.9,100,0,2025-09-20T05:26:08.000Z
"9/20/2025, 1:29:08 AM",3.643,81.9,100,0,2025-09-20T05:29:08.000Z
"9/20/2025, 1:32:08 AM",3.643,81.9,100,0,2025-09-20T05:32:08.000Z
"9/20/2025, 1:35:08 AM",3.643,81.7,100,0,2025-09-20T05:35:08.000Z
"9/20/2025, 1:38:08 AM",3.643,81.7,100,0,2025-09-20T05:38:08.000Z
"9/20/2025, 1:41:08 AM",3.643,81.7,100,0,2025-09-20T05:41:08.000Z
"9/20/2025, 1:44:08 AM",3.643,81.7,100,0,2025-09-20T05:44:08.000Z
"9/20/2025, 1:47:08 AM",3.643,81.7,100,0,2025-09-20T05:47:08.000Z
"9/20/2025, 1:50:08 AM",3.643,81.7,100,0,2025-09-20T05:50:08.000Z
"9/20/2025, 1:53:08 AM",3.643,81.7,100,0,2025-09-20T05:53:08.000Z
"9/20/2025, 1:56:08 AM",3.643,81.7,100,0,2025-09-20T05:56:08.000Z
"9/20/2025, 1:59:08 AM",3.643,81.7,100,0,2025-09-20T05:59:08.000Z
"9/20/2025, 2:02:08 AM",3.643,81.7,100,0,2025-09-20T06:02:08.000Z
"9/20/2025, 2:05:08 AM",3.643,81.7,100,0,2025-09-20T06:05:08.000Z
"9/20/2025, 2:08:08 AM",3.643,81.7,100,0,2025-09-20T06:08:08.000Z
"9/20/2025, 2:11:08 AM",3.643,81.7,100,0,2025-09-20T06:11:08.000Z
"9/20/2025, 2:14:08 AM",3.643,81.7,100,0,2025-09-20T06:14:08.000Z
"9/20/2025, 2:17:08 AM",3.643,81.7,100,0,2025-09-20T06:17:08.000Z
"9/20/2025, 2:20:08 AM",3.643,81.7,100,0,2025-09-20T06:20:08.000Z
"9/20/2025, 2:23:08 AM",3.643,81.7,100,0,2025-09-20T06:23:08.000Z
"9/20/2025, 2:26:08 AM",3.643,81.9,100,0,2025-09-20T06:26:08.000Z
"9/20/2025, 2:29:08 AM",3.643,81.9,100,0,2025-09-20T06:29:08.000Z
"9/20/2025, 2:32:08 AM",3.643,81.9,100,0,2025-09-20T06:32:08.000Z
"9/20/2025, 2:35:08 AM",3.643,81.9,100,0,2025-09-20T06:35:08.000Z
"9/20/2025, 2:38:08 AM",3.643,82,100,0,2025-09-20T06:38:08.000Z
"9/20/2025, 2:41:08 AM",3.642,82,100,0,2025-09-20T06:41:08.000Z
"9/20/2025, 2:44:08 AM",3.643,82,100,0,2025-09-20T06:44:08.000Z
"9/20/2025, 2:47:08 AM",3.643,82,100,0,2025-09-20T06:47:08.000Z
"9/20/2025, 2:50:08 AM",3.643,82,100,0,2025-09-20T06:50:08.000Z
"9/20/2025, 2:53:08 AM",3.643,82,100,0,2025-09-20T06:53:08.000Z
"9/20/2025, 2:56:08 AM",3.643,82,100,0,2025-09-20T06:56:08.000Z
"9/20/2025, 2:59:08 AM",3.642,82,100,0,2025-09-20T06:59:08.000Z
"9/20/2025, 3:02:08 AM",3.643,82,100,0,2025-09-20T07:02:08.000Z
"9/20/2025, 3:05:08 AM",3.643,82.2,100,0,2025-09-20T07:05:08.000Z
"9/20/2025, 3:08:08 AM",3.643,82.2,100,0,2025-09-20T07:08:08.000Z
"9/20/2025, 3:11:08 AM",3.643,82.2,100,0,2025-09-20T07:11:08.000Z
"9/20/2025, 3:14:08 AM",3.643,82.2,100,0,2025-09-20T07:14:08.000Z
"9/20/2025, 3:17:08 AM",3.643,82.4,100,0,2025-09-20T07:17:08.000Z
"9/20/2025, 3:20:08 AM",3.643,82.4,100,0,2025-09-20T07:20:08.000Z
"9/20/2025, 3:23:08 AM",3.643,82.4,100,0,2025-09-20T07:23:08.000Z
"9/20/2025, 3:26:08 AM",3.643,82.4,100,0,2025-09-20T07:26:08.000Z
"9/20/2025, 3:29:08 AM",3.643,82.4,100,0,2025-09-20T07:29:08.000Z
"9/20/2025, 3:32:08 AM",3.643,82.4,100,0,2025-09-20T07:32:08.000Z
"9/20/2025, 3:35:08 AM",3.643,82.4,100,0,2025-09-20T07:35:08.000Z
"9/20/2025, 3:38:08 AM",3.642,82.4,100,0,2025-09-20T07:38:08.000Z
"9/20/2025, 3:41:08 AM",3.643,82.4,100,0,2025-09-20T07:41:08.000Z
"9/20/2025, 3:44:08 AM",3.642,82.4,100,0,2025-09-20T07:44:08.000Z
"9/20/2025, 3:47:08 AM",3.643,82.4,100,0,2025-09-20T07:47:08.000Z
"9/20/2025, 3:50:08 AM",3.643,82.4,100,0,2025-09-20T07:50:08.000Z
"9/20/2025, 3:53:08 AM",3.643,82.4,100,0,2025-09-20T07:53:08.000Z
"9/20/2025, 3:56:08 AM",3.643,82.4,100,0,2025-09-20T07:56:08.000Z
"9/20/2025, 3:59:08 AM",3.643,82.4,100,0,2025-09-20T07:59:08.000Z
"9/20/2025, 4:02:08 AM",3.642,82.4,100,0,2025-09-20T08:02:08.000Z
"9/20/2025, 4:05:08 AM",3.643,82.4,100,0,2025-09-20T08:05:08.000Z
"9/20/2025, 4:08:08 AM",3.643,82.4,100,0,2025-09-20T08:08:08.000Z
"9/20/2025, 4:11:08 AM",3.643,82.2,100,0,2025-09-20T08:11:08.000Z
"9/20/2025, 4:14:08 AM",3.643,82.4,100,0,2025-09-20T08:14:08.000Z
"9/20/2025, 4:17:08 AM",3.643,82.4,100,0,2025-09-20T08:17:08.000Z
"9/20/2025, 4:20:08 AM",3.643,82.4,100,0,2025-09-20T08:20:08.000Z
"9/20/2025, 4:23:08 AM",3.643,82.4,100,0,2025-09-20T08:23:08.000Z
"9/20/2025, 4:26:08 AM",3.643,82.4,100,0,2025-09-20T08:26:08.000Z
"9/20/2025, 4:29:08 AM",3.643,82.4,100,0,2025-09-20T08:29:08.000Z
"9/20/2025, 4:32:08 AM",3.643,82.4,100,0,2025-09-20T08:32:08.000Z
"9/20/2025, 4:35:08 AM",3.643,82.4,100,0,2025-09-20T08:35:08.000Z
"9/20/2025, 4:38:08 AM",3.642,82.2,100,0,2025-09-20T08:38:08.000Z
"9/20/2025, 4:41:08 AM",3.643,82.2,100,0,2025-09-20T08:41:08.000Z
"9/20/2025, 4:44:08 AM",3.643,82.2,100,0,2025-09-20T08:44:08.000Z
"9/20/2025, 4:47:08 AM",3.643,82.2,100,0,2025-09-20T08:47:08.000Z
"9/20/2025, 4:50:08 AM",3.643,82.2,100,0,2025-09-20T08:50:08.000Z
"9/20/2025, 4:53:08 AM",3.643,82.2,100,0,2025-09-20T08:53:08.000Z
"9/20/2025, 4:56:08 AM",3.642,82.2,100,0,2025-09-20T08:56:08.000Z
"9/20/2025, 4:59:08 AM",3.642,82.2,100,0,2025-09-20T08:59:08.000Z
"9/20/2025, 5:02:08 AM",3.643,82.2,100,0,2025-09-20T09:02:08.000Z
"9/20/2025, 5:05:08 AM",3.643,82.2,100,0,2025-09-20T09:05:08.000Z
"9/20/2025, 5:08:08 AM",3.642,82.2,100,0,2025-09-20T09:08:08.000Z
"9/20/2025, 5:11:08 AM",3.642,82.2,100,0,2025-09-20T09:11:08.000Z
"9/20/2025, 5:14:08 AM",3.642,82.2,100,0,2025-09-20T09:14:08.000Z
"9/20/2025, 5:17:08 AM",3.643,82.2,100,0,2025-09-20T09:17:08.000Z
"9/20/2025, 5:20:08 AM",3.642,82.2,100,0,2025-09-20T09:20:08.000Z
"9/20/2025, 5:23:08 AM",3.642,82.2,100,0,2025-09-20T09:23:08.000Z
"9/20/2025, 5:26:08 AM",3.643,82,100,0,2025-09-20T09:26:08.000Z
"9/20/2025, 5:29:08 AM",3.643,82,100,0,2025-09-20T09:29:08.000Z
"9/20/2025, 5:32:08 AM",3.642,82,100,0,2025-09-20T09:32:08.000Z
"9/20/2025, 5:35:08 AM",3.643,82,100,0,2025-09-20T09:35:08.000Z
"9/20/2025, 5:38:08 AM",3.643,82,100,0,2025-09-20T09:38:08.000Z
"9/20/2025, 5:41:08 AM",3.643,82,100,0,2025-09-20T09:41:08.000Z
"9/20/2025, 5:44:08 AM",3.643,82,100,0,2025-09-20T09:44:08.000Z
"9/20/2025, 5:47:08 AM",3.643,82,100,0,2025-09-20T09:47:08.000Z
"9/20/2025, 5:50:08 AM",3.643,82,100,0,2025-09-20T09:50:08.000Z
"9/20/2025, 5:53:08 AM",3.643,82,100,0,2025-09-20T09:53:08.000Z
"9/20/2025, 5:56:08 AM",3.643,82,100,0,2025-09-20T09:56:08.000Z
"9/20/2025, 5:59:08 AM",3.643,82,100,0,2025-09-20T09:59:08.000Z
"9/20/2025, 6:02:08 AM",3.642,82,100,0,2025-09-20T10:02:08.000Z
"9/20/2025, 6:05:08 AM",3.643,81.9,100,0,2025-09-20T10:05:08.000Z
"9/20/2025, 6:08:08 AM",3.643,81.9,100,0,2025-09-20T10:08:08.000Z
"9/20/2025, 6:11:08 AM",3.643,81.9,100,0,2025-09-20T10:11:08.000Z
"9/20/2025, 6:14:08 AM",3.642,81.9,100,0,2025-09-20T10:14:08.000Z
"9/20/2025, 6:17:08 AM",3.643,81.7,100,0,2025-09-20T10:17:08.000Z
"9/20/2025, 6:20:08 AM",3.643,81.7,100,0,2025-09-20T10:20:08.000Z
"9/20/2025, 6:23:08 AM",3.642,81.7,100,0,2025-09-20T10:23:08.000Z
"9/20/2025, 6:26:08 AM",3.643,81.7,100,0,2025-09-20T10:26:08.000Z
"9/20/2025, 6:29:08 AM",3.643,81.7,100,0,2025-09-20T10:29:08.000Z
"9/20/2025, 6:32:08 AM",3.642,81.7,100,0,2025-09-20T10:32:08.000Z
"9/20/2025, 6:35:08 AM",3.642,81.7,100,0,2025-09-20T10:35:08.000Z
"9/20/2025, 6:38:08 AM",3.643,81.7,100,0,2025-09-20T10:38:08.000Z
"9/20/2025, 6:41:08 AM",3.643,81.5,100,0,2025-09-20T10:41:08.000Z
"9/20/2025, 6:44:08 AM",3.643,81.5,100,0,2025-09-20T10:44:08.000Z
"9/20/2025, 6:47:08 AM",3.643,81.5,100,0,2025-09-20T10:47:08.000Z
"9/20/2025, 6:50:08 AM",3.642,81.5,100,0,2025-09-20T10:50:08.000Z
"9/20/2025, 6:53:08 AM",3.642,81.5,100,0,2025-09-20T10:53:08.000Z
"9/20/2025, 6:56:08 AM",3.642,81.5,100,0,2025-09-20T10:56:08.000Z
"9/20/2025, 6:59:08 AM",3.643,81.5,100,0,2025-09-20T10:59:08.000Z
"9/20/2025, 7:02:08 AM",3.643,81.5,100,0,2025-09-20T11:02:08.000Z
"9/20/2025, 7:05:08 AM",3.642,81.5,100,0,2025-09-20T11:05:08.000Z
"9/20/2025, 7:08:08 AM",3.643,81.5,100,0,2025-09-20T11:08:08.000Z
"9/20/2025, 7:11:08 AM",3.643,81.5,100,0,2025-09-20T11:11:08.000Z
"9/20/2025, 7:14:08 AM",3.643,81.5,100,0,2025-09-20T11:14:08.000Z
"9/20/2025, 7:17:08 AM",3.643,81.7,100,0,2025-09-20T11:17:08.000Z
"9/20/2025, 7:20:08 AM",3.643,81.7,100,0,2025-09-20T11:20:08.000Z
"9/20/2025, 7:23:08 AM",3.642,81.7,100,0,2025-09-20T11:23:08.000Z
"9/20/2025, 7:26:08 AM",3.643,81.7,100,0,2025-09-20T11:26:08.000Z
"9/20/2025, 7:29:08 AM",3.643,81.7,100,0,2025-09-20T11:29:08.000Z
"9/20/2025, 7:32:08 AM",3.642,81.7,100,0,2025-09-20T11:32:08.000Z
"9/20/2025, 7:35:08 AM",3.642,81.7,100,0,2025-09-20T11:35:08.000Z
"9/20/2025, 7:38:08 AM",3.642,81.7,100,0,2025-09-20T11:38:08.000Z
"9/20/2025, 7:41:08 AM",3.643,81.9,100,0,2025-09-20T11:41:08.000Z
"9/20/2025, 7:44:08 AM",3.643,81.9,100,0,2025-09-20T11:44:08.000Z
"9/20/2025, 7:47:08 AM",3.643,81.9,100,0,2025-09-20T11:47:08.000Z
"9/20/2025, 7:50:08 AM",3.643,82,100,0,2025-09-20T11:50:08.000Z
"9/20/2025, 7:53:08 AM",3.642,82,100,0,2025-09-20T11:53:08.000Z
"9/20/2025, 7:56:08 AM",3.642,82,100,0,2025-09-20T11:56:08.000Z
"9/20/2025, 7:59:08 AM",3.643,82,100,0,2025-09-20T11:59:08.000Z
"9/20/2025, 8:02:08 AM",3.642,82.2,100,0,2025-09-20T12:02:08.000Z
"9/20/2025, 8:05:08 AM",3.643,82.2,100,0,2025-09-20T12:05:08.000Z
"9/20/2025, 8:08:08 AM",3.642,82.2,100,0,2025-09-20T12:08:08.000Z
"9/20/2025, 8:11:08 AM",3.642,82.2,100,0,2025-09-20T12:11:08.000Z
"9/20/2025, 8:14:08 AM",3.642,82.4,100,0,2025-09-20T12:14:08.000Z
"9/20/2025, 8:17:08 AM",3.642,82.4,100,0,2025-09-20T12:17:08.000Z
"9/20/2025, 8:20:08 AM",3.643,82.4,100,0,2025-09-20T12:20:08.000Z
"9/20/2025, 8:23:08 AM",3.643,82.6,100,0,2025-09-20T12:23:08.000Z
"9/20/2025, 8:26:08 AM",3.643,82.6,100,0,2025-09-20T12:26:08.000Z
"9/20/2025, 8:29:08 AM",3.643,82.8,100,0,2025-09-20T12:29:08.000Z
"9/20/2025, 8:32:08 AM",3.642,82.8,100,0,2025-09-20T12:32:08.000Z
"9/20/2025, 8:35:08 AM",3.642,82.8,100,0,2025-09-20T12:35:08.000Z
"9/20/2025, 8:38:08 AM",3.642,82.9,100,0,2025-09-20T12:38:08.000Z
"9/20/2025, 8:41:08 AM",3.642,82.9,100,0,2025-09-20T12:41:08.000Z
"9/20/2025, 8:44:08 AM",3.642,82.9,100,0,2025-09-20T12:44:08.000Z
"9/20/2025, 8:47:08 AM",3.643,83.1,100,0,2025-09-20T12:47:08.000Z
"9/20/2025, 8:50:08 AM",3.642,83.1,100,0,2025-09-20T12:50:08.000Z
"9/20/2025, 8:53:08 AM",3.642,83.3,100,0,2025-09-20T12:53:08.000Z
"9/20/2025, 8:56:08 AM",3.643,83.5,100,0,2025-09-20T12:56:08.000Z
"9/20/2025, 8:59:08 AM",3.643,83.5,100,0,2025-09-20T12:59:08.000Z
"9/20/2025, 9:02:08 AM",3.642,83.7,100,0,2025-09-20T13:02:08.000Z
"9/20/2025, 9:05:08 AM",3.642,83.8,100,0,2025-09-20T13:05:08.000Z
"9/20/2025, 9:08:08 AM",3.643,84,100,0,2025-09-20T13:08:08.000Z
"9/20/2025, 9:11:08 AM",3.642,84.2,100,0,2025-09-20T13:11:08.000Z
"9/20/2025, 9:14:08 AM",3.642,84.6,100,0,2025-09-20T13:14:08.000Z
"9/20/2025, 9:17:08 AM",3.642,84.7,100,0,2025-09-20T13:17:08.000Z
"9/20/2025, 9:20:08 AM",3.643,84.9,100,0,2025-09-20T13:20:08.000Z
"9/20/2025, 9:23:08 AM",3.642,85.3,100,0,2025-09-20T13:23:08.000Z
"9/20/2025, 9:26:08 AM",3.642,85.6,100,0,2025-09-20T13:26:08.000Z
"9/20/2025, 9:29:08 AM",3.642,85.8,100,0,2025-09-20T13:29:08.000Z
"9/20/2025, 9:32:08 AM",3.642,86.2,100,0,2025-09-20T13:32:08.000Z
"9/20/2025, 9:35:08 AM",3.642,86.4,100,0,2025-09-20T13:35:08.000Z
"9/20/2025, 9:38:08 AM",3.642,86.5,100,0,2025-09-20T13:38:08.000Z
"9/20/2025, 9:41:08 AM",3.642,86.7,100,0,2025-09-20T13:41:08.000Z
"9/20/2025, 9:44:08 AM",3.642,86.9,100,0,2025-09-20T13:44:08.000Z
"9/20/2025, 9:47:08 AM",3.642,87.1,100,0,2025-09-20T13:47:08.000Z
"9/20/2025, 9:50:08 AM",3.642,87.3,100,0,2025-09-20T13:50:08.000Z
"9/20/2025, 9:53:08 AM",3.642,87.4,100,0,2025-09-20T13:53:08.000Z
"9/20/2025, 9:56:08 AM",3.642,87.4,100,0,2025-09-20T13:56:08.000Z
"9/20/2025, 9:59:08 AM",3.642,87.8,100,0,2025-09-20T13:59:08.000Z
"9/20/2025, 10:02:08 AM",3.642,88,100,0,2025-09-20T14:02:08.000Z
"9/20/2025, 10:05:08 AM",3.642,88.2,100,0,2025-09-20T14:05:08.000Z
"9/20/2025, 10:08:08 AM",3.642,88.5,100,0,2025-09-20T14:08:08.000Z
"9/20/2025, 10:11:08 AM",3.642,88.7,100,0,2025-09-20T14:11:08.000Z
"9/20/2025, 10:14:08 AM",3.642,88.9,100,0,2025-09-20T14:14:08.000Z
"9/20/2025, 10:17:08 AM",3.642,89.1,100,0,2025-09-20T14:17:08.000Z
"9/20/2025, 10:20:08 AM",3.642,89.2,100,0,2025-09-20T14:20:08.000Z
"9/20/2025, 10:23:08 AM",3.642,89.4,100,0,2025-09-20T14:23:08.000Z
"9/20/2025, 10:26:08 AM",3.642,89.6,100,0,2025-09-20T14:26:08.000Z
"9/20/2025, 10:29:08 AM",3.642,89.6,100,0,2025-09-20T14:29:08.000Z
"9/20/2025, 10:32:08 AM",3.642,89.8,100,0,2025-09-20T14:32:08.000Z
"9/20/2025, 10:35:08 AM",3.642,90,100,0,2025-09-20T14:35:08.000Z
"9/20/2025, 10:38:08 AM",3.642,90,100,0,2025-09-20T14:38:08.000Z
"9/20/2025, 10:41:08 AM",3.642,90.1,100,0,2025-09-20T14:41:08.000Z
"9/20/2025, 10:44:08 AM",3.641,90.3,100,0,2025-09-20T14:44:08.000Z
"9/20/2025, 10:47:08 AM",3.642,90.5,100,0,2025-09-20T14:47:08.000Z
"9/20/2025, 10:50:08 AM",3.641,90.7,100,0,2025-09-20T14:50:08.000Z
"9/20/2025, 10:53:08 AM",3.642,90.9,100,0,2025-09-20T14:53:08.000Z
"9/20/2025, 10:56:08 AM",3.642,91,100,0,2025-09-20T14:56:08.000Z
"9/20/2025, 10:59:08 AM",3.642,91.2,100,0,2025-09-20T14:59:08.000Z
"9/20/2025, 11:02:08 AM",3.642,91.4,100,0,2025-09-20T15:02:08.000Z
"9/20/2025, 11:05:08 AM",3.642,91.6,100,0,2025-09-20T15:05:08.000Z
"9/20/2025, 11:08:08 AM",3.641,91.9,100,0,2025-09-20T15:08:08.000Z
"9/20/2025, 11:11:08 AM",3.642,92.1,100,0,2025-09-20T15:11:08.000Z
"9/20/2025, 11:14:08 AM",3.641,92.3,100,0,2025-09-20T15:14:08.000Z
"9/20/2025, 11:17:08 AM",3.642,92.5,100,0,2025-09-20T15:17:08.000Z
"9/20/2025, 11:20:08 AM",3.641,92.7,100,0,2025-09-20T15:20:08.000Z
"9/20/2025, 11:23:08 AM",3.642,93,100,0,2025-09-20T15:23:08.000Z
"9/20/2025, 11:26:08 AM",3.642,93,100,0,2025-09-20T15:26:08.000Z
"9/20/2025, 11:29:08 AM",3.642,93.2,100,0,2025-09-20T15:29:08.000Z
"9/20/2025, 11:32:08 AM",3.642,93.4,100,0,2025-09-20T15:32:08.000Z
"9/20/2025, 11:35:08 AM",3.641,93.6,100,0,2025-09-20T15:35:08.000Z
"9/20/2025, 11:38:08 AM",3.641,93.7,100,0,2025-09-20T15:38:08.000Z
"9/20/2025, 11:41:08 AM",3.641,93.7,100,0,2025-09-20T15:41:08.000Z
"9/20/2025, 11:44:08 AM",3.641,93.9,100,0,2025-09-20T15:44:08.000Z
"9/20/2025, 11:47:08 AM",3.641,94.1,100,0,2025-09-20T15:47:08.000Z
"9/20/2025, 11:50:08 AM",3.641,94.3,100,0,2025-09-20T15:50:08.000Z
"9/20/2025, 11:53:08 AM",3.641,94.6,100,0,2025-09-20T15:53:08.000Z
"9/20/2025, 11:56:08 AM",3.641,94.8,100,0,2025-09-20T15:56:08.000Z
"9/20/2025, 11:59:08 AM",3.641,95,100,0,2025-09-20T15:59:08.000Z
"9/20/2025, 12:02:08 PM",3.641,95.2,100,0,2025-09-20T16:02:08.000Z
"9/20/2025, 12:05:08 PM",3.642,95.4,100,0,2025-09-20T16:05:08.000Z
"9/20/2025, 12:08:08 PM",3.641,95.7,100,0,2025-09-20T16:08:08.000Z
"9/20/2025, 12:11:08 PM",3.641,95.9,100,0,2025-09-20T16:11:08.000Z
"9/20/2025, 12:14:08 PM",3.642,96.1,100,0,2025-09-20T16:14:08.000Z
"9/20/2025, 12:17:08 PM",3.642,96.4,100,0,2025-09-20T16:17:08.000Z
"9/20/2025, 12:20:08 PM",3.641,96.8,100,0,2025-09-20T16:20:08.000Z
"9/20/2025, 12:23:08 PM",3.641,97,100,0,2025-09-20T16:23:08.000Z
"9/20/2025, 12:26:08 PM",3.641,97.3,100,0,2025-09-20T16:26:08.000Z
"9/20/2025, 12:29:08 PM",3.641,97.7,100,0,2025-09-20T16:29:08.000Z
"9/20/2025, 12:32:08 PM",3.641,98.1,100,0,2025-09-20T16:32:08.000Z
"9/20/2025, 12:35:08 PM",3.642,98.2,100,0,2025-09-20T16:35:08.000Z
"9/20/2025, 12:38:08 PM",3.641,98.6,100,0,2025-09-20T16:38:08.000Z
"9/20/2025, 12:41:08 PM",3.641,99,100,0,2025-09-20T16:41:08.000Z
"9/20/2025, 12:44:08 PM",3.641,99.3,100,0,2025-09-20T16:44:08.000Z
"9/20/2025, 12:47:08 PM",3.641,99.9,100,0,2025-09-20T16:47:08.000Z
"9/20/2025, 12:50:08 PM",3.641,100.2,100,0,2025-09-20T16:50:08.000Z
"9/20/2025, 12:53:08 PM",3.641,100.6,100,0,2025-09-20T16:53:08.000Z
"9/20/2025, 12:56:08 PM",3.642,100.9,100,0,2025-09-20T16:56:08.000Z
"9/20/2025, 12:59:08 PM",3.641,101.3,100,0,2025-09-20T16:59:08.000Z
"9/20/2025, 1:02:08 PM",3.641,101.5,100,0,2025-09-20T17:02:08.000Z
"9/20/2025, 1:05:08 PM",3.641,101.7,100,0,2025-09-20T17:05:08.000Z
"9/20/2025, 1:08:08 PM",3.642,101.8,100,0,2025-09-20T17:08:08.000Z
"9/20/2025, 1:11:08 PM",3.641,102,100,0,2025-09-20T17:11:08.000Z
"9/20/2025, 1:14:08 PM",3.642,102.4,100,0,2025-09-20T17:14:08.000Z
"9/20/2025, 1:17:08 PM",3.642,102.6,100,0,2025-09-20T17:17:08.000Z
"9/20/2025, 1:20:08 PM",3.641,102.7,100,0,2025-09-20T17:20:08.000Z
"9/20/2025, 1:23:08 PM",3.641,102.9,100,0,2025-09-20T17:23:08.000Z
"9/20/2025, 1:26:08 PM",3.642,103.1,100,0,2025-09-20T17:26:08.000Z
"9/20/2025, 1:29:08 PM",3.642,103.1,99.9,0,2025-09-20T17:29:08.000Z
"9/20/2025, 1:32:08 PM",3.641,103.1,99.8,0,2025-09-20T17:32:08.000Z
"9/20/2025, 1:35:08 PM",3.641,103.1,99.7,0,2025-09-20T17:35:08.000Z
"9/20/2025, 1:38:08 PM",3.641,102.9,99.7,0,2025-09-20T17:38:08.000Z
"9/20/2025, 1:41:08 PM",3.641,102.6,99.7,0,2025-09-20T17:41:08.000Z
"9/20/2025, 1:44:08 PM",3.641,102.4,99.6,0,2025-09-20T17:44:08.000Z
"9/20/2025, 1:47:08 PM",3.641,102,99.6,0,2025-09-20T17:47:08.000Z
"9/20/2025, 1:50:08 PM",3.641,101.7,99.5,0,2025-09-20T17:50:08.000Z
"9/20/2025, 1:53:08 PM",3.641,101.3,99.5,0,2025-09-20T17:53:08.000Z
"9/20/2025, 1:56:08 PM",3.641,101.1,99.5,0,2025-09-20T17:56:08.000Z
"9/20/2025, 1:59:08 PM",3.641,100.8,99.4,0,2025-09-20T17:59:08.000Z
"9/20/2025, 2:02:08 PM",3.641,100.6,99.3,0,2025-09-20T18:02:08.000Z
"9/20/2025, 2:05:08 PM",3.641,100.2,99.3,0,2025-09-20T18:05:08.000Z
"9/20/2025, 2:08:08 PM",3.641,100.2,99.3,0,2025-09-20T18:08:08.000Z
"9/20/2025, 2:11:08 PM",3.642,100,99.3,0,2025-09-20T18:11:08.000Z
"9/20/2025, 2:14:08 PM",3.641,100,99.3,0,2025-09-20T18:14:08.000Z
"9/20/2025, 2:17:08 PM",3.642,100,99.2,0,2025-09-20T18:17:08.000Z
"9/20/2025, 2:20:08 PM",3.642,100,99.2,0,2025-09-20T18:20:08.000Z
"9/20/2025, 2:23:08 PM",3.642,100,99.2,0,2025-09-20T18:23:08.000Z
"9/20/2025, 2:26:08 PM",3.641,100.2,99.2,0,2025-09-20T18:26:08.000Z
"9/20/2025, 2:29:08 PM",3.641,100.2,99.2,0,2025-09-20T18:29:08.000Z
"9/20/2025, 2:32:08 PM",3.641,100.4,99.1,0,2025-09-20T18:32:08.000Z
"9/20/2025, 2:35:08 PM",3.642,100.4,99.1,0,2025-09-20T18:35:08.000Z
"9/20/2025, 2:38:08 PM",3.641,100.4,99.1,0,2025-09-20T18:38:08.000Z
"9/20/2025, 2:41:08 PM",3.641,100.4,99.1,0,2025-09-20T18:41:08.000Z
"9/20/2025, 2:44:08 PM",3.642,100.6,99.1,0,2025-09-20T18:44:08.000Z
"9/20/2025, 2:47:08 PM",3.642,100.8,99.1,0,2025-09-20T18:47:08.000Z
"9/20/2025, 2:50:08 PM",3.642,100.8,99,0,2025-09-20T18:50:08.000Z
"9/20/2025, 2:53:08 PM",3.642,101.1,99.1,0,2025-09-20T18:53:08.000Z
"9/20/2025, 2:56:08 PM",3.642,101.5,99,0,2025-09-20T18:56:08.000Z
"9/20/2025, 2:59:08 PM",3.642,101.8,99,0,2025-09-20T18:59:08.000Z
"9/20/2025, 3:02:08 PM",3.642,102.2,99,0,2025-09-20T19:02:08.000Z
"9/20/2025, 3:05:08 PM",3.642,102.4,98.9,0,2025-09-20T19:05:08.000Z
"9/20/2025, 3:08:08 PM",3.641,102.6,99,0,2025-09-20T19:08:08.000Z
"9/20/2025, 3:11:08 PM",3.642,102.6,98.9,0,2025-09-20T19:11:08.000Z
"9/20/2025, 3:14:08 PM",3.642,102.7,98.9,0,2025-09-20T19:14:08.000Z
"9/20/2025, 3:17:08 PM",3.642,102.7,98.9,0,2025-09-20T19:17:08.000Z
"9/20/2025, 3:20:08 PM",3.641,102.7,98.9,0,2025-09-20T19:20:08.000Z
"9/20/2025, 3:23:08 PM",3.642,102.6,98.8,0,2025-09-20T19:23:08.000Z
"9/20/2025, 3:26:08 PM",3.641,102.4,98.9,0,2025-09-20T19:26:08.000Z
"9/20/2025, 3:29:08 PM",3.641,102.2,98.9,0,2025-09-20T19:29:08.000Z
"9/20/2025, 3:32:08 PM",3.641,101.8,98.9,0,2025-09-20T19:32:08.000Z
"9/20/2025, 3:35:08 PM",3.641,101.5,98.9,0,2025-09-20T19:35:08.000Z
"9/20/2025, 3:38:08 PM",3.642,101.1,98.8,0,2025-09-20T19:38:08.000Z
"9/20/2025, 3:41:08 PM",3.641,100.8,98.8,0,2025-09-20T19:41:08.000Z
"9/20/2025, 3:44:08 PM",3.641,100.4,98.8,0,2025-09-20T19:44:08.000Z
"9/20/2025, 3:47:08 PM",3.641,100,98.8,0,2025-09-20T19:47:08.000Z
"9/20/2025, 3:50:08 PM",3.641,99.7,98.8,0,2025-09-20T19:50:08.000Z
"9/20/2025, 3:53:08 PM",3.642,99.3,98.9,0,2025-09-20T19:53:08.000Z
"9/20/2025, 3:56:08 PM",3.641,99.1,98.8,0,2025-09-20T19:56:08.000Z
"9/20/2025, 3:59:08 PM",3.641,99,98.9,0,2025-09-20T19:59:08.000Z
"9/20/2025, 4:02:08 PM",3.641,99,98.9,0,2025-09-20T20:02:08.000Z
"9/20/2025, 4:05:08 PM",3.642,99.3,98.9,0,2025-09-20T20:05:08.000Z
"9/20/2025, 4:08:08 PM",3.642,99.7,98.8,0,2025-09-20T20:08:08.000Z
"9/20/2025, 4:11:08 PM",3.642,100,98.9,0,2025-09-20T20:11:08.000Z
"9/20/2025, 4:14:08 PM",3.642,100.4,98.9,0,2025-09-20T20:14:08.000Z
"9/20/2025, 4:17:08 PM",3.642,100.8,98.8,0,2025-09-20T20:17:08.000Z
"9/20/2025, 4:20:08 PM",3.642,101.1,98.8,0,2025-09-20T20:20:08.000Z
"9/20/2025, 4:23:08 PM",3.642,101.3,98.9,0,2025-09-20T20:23:08.000Z
"9/20/2025, 4:26:08 PM",3.642,101.7,98.9,0,2025-09-20T20:26:08.000Z
"9/20/2025, 4:29:08 PM",3.642,101.8,98.9,0,2025-09-20T20:29:08.000Z
"9/20/2025, 4:32:08 PM",3.642,102,98.9,0,2025-09-20T20:32:08.000Z
"9/20/2025, 4:35:08 PM",3.642,102,98.9,0,2025-09-20T20:35:08.000Z
"9/20/2025, 4:38:08 PM",3.642,102,98.9,0,2025-09-20T20:38:08.000Z
"9/20/2025, 4:41:08 PM",3.642,102,98.9,0,2025-09-20T20:41:08.000Z
"9/20/2025, 4:44:08 PM",3.642,102,98.9,0,2025-09-20T20:44:08.000Z
"9/20/2025, 4:47:08 PM",3.642,102.2,98.9,0,2025-09-20T20:47:08.000Z
"9/20/2025, 4:50:08 PM",3.642,102.2,98.9,0,2025-09-20T20:50:08.000Z
"9/20/2025, 4:53:08 PM",3.642,102,98.9,0,2025-09-20T20:53:08.000Z
"9/20/2025, 4:56:08 PM",3.642,101.8,98.9,0,2025-09-20T20:56:08.000Z
"9/20/2025, 4:59:08 PM",3.642,101.8,98.9,0,2025-09-20T20:59:08.000Z
"9/20/2025, 5:02:08 PM",3.642,102,98.9,0,2025-09-20T21:02:08.000Z
"9/20/2025, 5:05:08 PM",3.641,102.2,98.9,0,2025-09-20T21:05:08.000Z
"9/20/2025, 5:08:08 PM",3.642,102.2,98.9,0,2025-09-20T21:08:08.000Z
"9/20/2025, 5:11:08 PM",3.642,102.4,98.9,0,2025-09-20T21:11:08.000Z
"9/20/2025, 5:14:08 PM",3.642,102.6,98.9,0,2025-09-20T21:14:08.000Z
"9/20/2025, 5:17:08 PM",3.642,102.7,99,0,2025-09-20T21:17:08.000Z
"9/20/2025, 5:20:08 PM",3.642,102.9,99,0,2025-09-20T21:20:08.000Z
"9/20/2025, 5:23:08 PM",3.642,102.9,99,0,2025-09-20T21:23:08.000Z
"9/20/2025, 5:26:08 PM",3.642,103.1,99,0,2025-09-20T21:26:08.000Z
"9/20/2025, 5:29:08 PM",3.642,103.3,99,0,2025-09-20T21:29:08.000Z
"9/20/2025, 5:32:08 PM",3.642,103.3,99,0,2025-09-20T21:32:08.000Z
"9/20/2025, 5:35:08 PM",3.642,103.3,99,0,2025-09-20T21:35:08.000Z
"9/20/2025, 5:38:08 PM",3.642,103.3,99.1,0,2025-09-20T21:38:08.000Z
"9/20/2025, 5:41:08 PM",3.642,103.1,99.1,0,2025-09-20T21:41:08.000Z
"9/20/2025, 5:44:08 PM",3.642,102.9,99.1,0,2025-09-20T21:44:08.000Z
"9/20/2025, 5:47:08 PM",3.642,102.7,99.2,0,2025-09-20T21:47:08.000Z
"9/20/2025, 5:50:08 PM",3.641,102.4,99.2,0,2025-09-20T21:50:08.000Z
"9/20/2025, 5:53:08 PM",3.642,102.2,99.2,0,2025-09-20T21:53:08.000Z
"9/20/2025, 5:56:08 PM",3.642,102,99.2,0,2025-09-20T21:56:08.000Z
"9/20/2025, 5:59:08 PM",3.642,101.7,99.2,0,2025-09-20T21:59:08.000Z
"9/20/2025, 6:02:08 PM",3.642,101.5,99.2,0,2025-09-20T22:02:08.000Z
"9/20/2025, 6:05:08 PM",3.642,101.1,99.3,0,2025-09-20T22:05:08.000Z
"9/20/2025, 6:08:08 PM",3.642,100.9,99.3,0,2025-09-20T22:08:08.000Z
"9/20/2025, 6:11:08 PM",3.641,100.8,99.3,0,2025-09-20T22:11:08.000Z
"9/20/2025, 6:14:08 PM",3.641,100.4,99.3,0,2025-09-20T22:14:08.000Z
"9/20/2025, 6:17:08 PM",3.642,100,99.4,0,2025-09-20T22:17:08.000Z
"9/20/2025, 6:20:08 PM",3.641,99.9,99.4,0,2025-09-20T22:20:08.000Z
"9/20/2025, 6:23:08 PM",3.642,99.5,99.4,0,2025-09-20T22:23:08.000Z
"9/20/2025, 6:26:08 PM",3.642,99.1,99.4,0,2025-09-20T22:26:08.000Z
"9/20/2025, 6:29:08 PM",3.642,99,99.5,0,2025-09-20T22:29:08.000Z
"9/20/2025, 6:32:08 PM",3.642,98.6,99.5,0,2025-09-20T22:32:08.000Z
"9/20/2025, 6:35:08 PM",3.642,98.2,99.5,0,2025-09-20T22:35:08.000Z
"9/20/2025, 6:38:08 PM",3.642,97.9,99.6,0,2025-09-20T22:38:08.000Z
"9/20/2025, 6:41:08 PM",3.642,97.5,99.6,0,2025-09-20T22:41:08.000Z
"9/20/2025, 6:44:08 PM",3.642,97.2,99.7,0,2025-09-20T22:44:08.000Z
"9/20/2025, 6:47:08 PM",3.642,96.8,99.7,0,2025-09-20T22:47:08.000Z
"9/20/2025, 6:50:08 PM",3.642,96.4,99.7,0,2025-09-20T22:50:08.000Z
"9/20/2025, 6:53:08 PM",3.642,95.9,99.8,0,2025-09-20T22:53:08.000Z
"9/20/2025, 6:56:08 PM",3.642,95.7,99.8,0,2025-09-20T22:56:08.000Z
"9/20/2025, 6:59:08 PM",3.642,95.4,99.8,0,2025-09-20T22:59:08.000Z
"9/20/2025, 7:02:08 PM",3.642,95,99.9,0,2025-09-20T23:02:08.000Z
"9/20/2025, 7:05:08 PM",3.642,94.6,99.8,0,2025-09-20T23:05:08.000Z
"9/20/2025, 7:08:08 PM",3.642,94.3,99.9,0,2025-09-20T23:08:08.000Z
"9/20/2025, 7:11:08 PM",3.642,93.9,99.9,0,2025-09-20T23:11:08.000Z
"9/20/2025, 7:14:08 PM",3.642,93.7,99.9,0,2025-09-20T23:14:08.000Z
"9/20/2025, 7:17:08 PM",3.642,93.4,99.9,0,2025-09-20T23:17:08.000Z
"9/20/2025, 7:20:08 PM",3.642,93,100,0,2025-09-20T23:20:08.000Z
"9/20/2025, 7:23:08 PM",3.642,92.7,100,0,2025-09-20T23:23:08.000Z
"9/20/2025, 7:26:08 PM",3.642,92.3,100,0,2025-09-20T23:26:08.000Z
"9/20/2025, 7:29:08 PM",3.642,92.1,100,0,2025-09-20T23:29:08.000Z
"9/20/2025, 7:32:08 PM",3.642,91.8,100,0,2025-09-20T23:32:08.000Z
"9/20/2025, 7:35:08 PM",3.642,91.4,100,0,2025-09-20T23:35:08.000Z
"9/20/2025, 7:38:08 PM",3.642,91,100,0,2025-09-20T23:38:08.000Z
"9/20/2025, 7:41:08 PM",3.642,90.7,100,0,2025-09-20T23:41:08.000Z
"9/20/2025, 7:44:08 PM",3.642,90.5,100,0,2025-09-20T23:44:08.000Z
"9/20/2025, 7:47:08 PM",3.643,90.1,100,0,2025-09-20T23:47:08.000Z
"9/20/2025, 7:50:08 PM",3.642,90,100,0,2025-09-20T23:50:08.000Z
"9/20/2025, 7:53:08 PM",3.642,89.6,100,0,2025-09-20T23:53:08.000Z
"9/20/2025, 7:56:08 PM",3.642,89.4,100,0,2025-09-20T23:56:08.000Z
"9/20/2025, 7:59:08 PM",3.643,89.1,100,0,2025-09-20T23:59:08.000Z
"9/20/2025, 8:02:08 PM",3.642,88.9,100,0,2025-09-21T00:02:08.000Z
"9/20/2025, 8:05:08 PM",3.642,88.7,100,0,2025-09-21T00:05:08.000Z
"9/20/2025, 8:08:08 PM",3.642,88.5,100,0,2025-09-21T00:08:08.000Z
"9/20/2025, 8:11:08 PM",3.642,88.5,100,0,2025-09-21T00:11:08.000Z
"9/20/2025, 8:14:08 PM",3.642,88.3,100,0,2025-09-21T00:14:08.000Z
"9/20/2025, 8:17:08 PM",3.643,88.2,100,0,2025-09-21T00:17:08.000Z
"9/20/2025, 8:20:08 PM",3.643,88,100,0,2025-09-21T00:20:08.000Z
"9/20/2025, 8:23:08 PM",3.642,87.8,100,0,2025-09-21T00:23:08.000Z
"9/20/2025, 8:26:08 PM",3.643,87.6,100,0,2025-09-21T00:26:08.000Z
"9/20/2025, 8:29:08 PM",3.643,87.4,100,0,2025-09-21T00:29:08.000Z
"9/20/2025, 8:32:08 PM",3.643,87.4,100,0,2025-09-21T00:32:08.000Z
"9/20/2025, 8:35:08 PM",3.643,87.3,100,0,2025-09-21T00:35:08.000Z
"9/20/2025, 8:38:08 PM",3.643,87.3,100,0,2025-09-21T00:38:08.000Z
"9/20/2025, 8:41:08 PM",3.643,87.1,100,0,2025-09-21T00:41:08.000Z
"9/20/2025, 8:44:08 PM",3.643,86.9,100,0,2025-09-21T00:44:08.000Z
"9/20/2025, 8:47:08 PM",3.643,86.9,100,0,2025-09-21T00:47:08.000Z
"9/20/2025, 8:50:08 PM",3.642,86.7,100,0,2025-09-21T00:50:08.000Z
"9/20/2025, 8:53:08 PM",3.643,86.5,100,0,2025-09-21T00:53:08.000Z
"9/20/2025, 8:56:08 PM",3.643,86.5,100,0,2025-09-21T00:56:08.000Z
"9/20/2025, 8:59:08 PM",3.643,86.4,100,0,2025-09-21T00:59:08.000Z
"9/20/2025, 9:02:08 PM",3.643,86.4,100,0,2025-09-21T01:02:08.000Z
"9/20/2025, 9:05:08 PM",3.642,86.2,100,0,2025-09-21T01:05:08.000Z
"9/20/2025, 9:08:08 PM",3.643,86,100,0,2025-09-21T01:08:08.000Z
"9/20/2025, 9:11:08 PM",3.643,86,100,0,2025-09-21T01:11:08.000Z
"9/20/2025, 9:14:08 PM",3.643,85.8,100,0,2025-09-21T01:14:08.000Z
"9/20/2025, 9:17:08 PM",3.643,85.8,100,0,2025-09-21T01:17:08.000Z
"9/20/2025, 9:20:08 PM",3.643,85.6,100,0,2025-09-21T01:20:08.000Z
"9/20/2025, 9:23:08 PM",3.643,85.6,100,0,2025-09-21T01:23:08.000Z
"9/20/2025, 9:26:08 PM",3.643,85.5,100,0,2025-09-21T01:26:08.000Z
"9/20/2025, 9:29:08 PM",3.643,85.5,100,0,2025-09-21T01:29:08.000Z
"9/20/2025, 9:32:08 PM",3.643,85.3,100,0,2025-09-21T01:32:08.000Z
"9/20/2025, 9:35:08 PM",3.643,85.3,100,0,2025-09-21T01:35:08.000Z
"9/20/2025, 9:38:08 PM",3.643,85.1,100,0,2025-09-21T01:38:08.000Z
"9/20/2025, 9:41:08 PM",3.643,85.1,100,0,2025-09-21T01:41:08.000Z
"9/20/2025, 9:44:08 PM",3.643,85.1,100,0,2025-09-21T01:44:08.000Z
"9/20/2025, 9:47:08 PM",3.643,84.9,100,0,2025-09-21T01:47:08.000Z
"9/20/2025, 9:50:08 PM",3.643,84.9,100,0,2025-09-21T01:50:08.000Z
"9/20/2025, 9:53:08 PM",3.643,84.7,100,0,2025-09-21T01:53:08.000Z
"9/20/2025, 9:56:08 PM",3.643,84.7,100,0,2025-09-21T01:56:08.000Z
"9/20/2025, 9:59:08 PM",3.642,84.6,100,0,2025-09-21T01:59:08.000Z
"9/20/2025, 10:02:08 PM",3.643,84.6,100,0,2025-09-21T02:02:08.000Z
"9/20/2025, 10:05:08 PM",3.643,84.6,100,0,2025-09-21T02:05:08.000Z
"9/20/2025, 10:08:08 PM",3.643,84.4,100,0,2025-09-21T02:08:08.000Z
"9/20/2025, 10:11:08 PM",3.643,84.4,100,0,2025-09-21T02:11:08.000Z
"9/20/2025, 10:14:08 PM",3.643,84.4,100,0,2025-09-21T02:14:08.000Z
"9/20/2025, 10:17:08 PM",3.643,84.2,100,0,2025-09-21T02:17:08.000Z
"9/20/2025, 10:20:08 PM",3.643,84.2,100,0,2025-09-21T02:20:08.000Z
"9/20/2025, 10:23:08 PM",3.643,84.2,100,0,2025-09-21T02:23:08.000Z
"9/20/2025, 10:26:08 PM",3.643,84,100,0,2025-09-21T02:26:08.000Z
"9/20/2025, 10:29:08 PM",3.643,84,100,0,2025-09-21T02:29:08.000Z
"9/20/2025, 10:32:08 PM",3.643,84,100,0,2025-09-21T02:32:08.000Z
"9/20/2025, 10:35:08 PM",3.643,83.8,100,0,2025-09-21T02:35:08.000Z
"9/20/2025, 10:38:08 PM",3.643,83.8,100,0,2025-09-21T02:38:08.000Z
"9/20/2025, 10:41:08 PM",3.643,83.8,100,0,2025-09-21T02:41:08.000Z
"9/20/2025, 10:44:08 PM",3.643,83.8,100,0,2025-09-21T02:44:08.000Z
"9/20/2025, 10:47:08 PM",3.643,83.8,100,0,2025-09-21T02:47:08.000Z
"9/20/2025, 10:50:08 PM",3.643,83.7,100,0,2025-09-21T02:50:08.000Z
"9/20/2025, 10:53:08 PM",3.643,83.7,100,0,2025-09-21T02:53:08.000Z
"9/20/2025, 10:56:08 PM",3.643,83.7,100,0,2025-09-21T02:56:08.000Z
"9/20/2025, 10:59:08 PM",3.643,83.7,100,0,2025-09-21T02:59:08.000Z
"9/20/2025, 11:02:08 PM",3.643,83.7,100,0,2025-09-21T03:02:08.000Z
"9/20/2025, 11:05:08 PM",3.643,83.7,100,0,2025-09-21T03:05:08.000Z
"9/20/2025, 11:08:08 PM",3.644,83.7,100,0,2025-09-21T03:08:08.000Z
"9/20/2025, 11:11:08 PM",3.643,83.5,100,0,2025-09-21T03:11:08.000Z
"9/20/2025, 11:14:08 PM",3.643,83.5,100,0,2025-09-21T03:14:08.000Z
"9/20/2025, 11:17:08 PM",3.643,83.5,100,0,2025-09-21T03:17:08.000Z
"9/20/2025, 11:20:08 PM",3.643,83.5,100,0,2025-09-21T03:20:08.000Z
"9/20/2025, 11:23:08 PM",3.643,83.5,100,0,2025-09-21T03:23:08.000Z
"9/20/2025, 11:26:08 PM",3.643,83.5,100,0,2025-09-21T03:26:08.000Z
"9/20/2025, 11:29:08 PM",3.643,83.5,100,0,2025-09-21T03:29:08.000Z
"9/20/2025, 11:32:08 PM",3.643,83.5,100,0,2025-09-21T03:32:08.000Z
"9/20/2025, 11:35:08 PM",3.643,83.5,100,0,2025-09-21T03:35:08.000Z
"9/20/2025, 11:38:08 PM",3.643,83.5,100,0,2025-09-21T03:38:08.000Z
"9/20/2025, 11:41:08 PM",3.643,83.3,100,0,2025-09-21T03:41:08.000Z
"9/20/2025, 11:44:08 PM",3.643,83.3,100,0,2025-09-21T03:44:08.000Z
"9/20/2025, 11:47:08 PM",3.642,83.3,100,0,2025-09-21T03:47:08.000Z
"9/20/2025, 11:50:08 PM",3.643,83.1,100,0,2025-09-21T03:50:08.000Z
"9/20/2025, 11:53:08 PM",3.643,83.1,100,0,2025-09-21T03:53:08.000Z
"9/20/2025, 11:56:08 PM",3.643,83.1,100,0,2025-09-21T03:56:08.000Z
"9/20/2025, 11:59:08 PM",3.643,83.1,100,0,2025-09-21T03:59:08.000Z
"9/21/2025, 12:02:08 AM",3.643,82.9,100,0,2025-09-21T04:02:08.000Z
"9/21/2025, 12:05:08 AM",3.643,82.9,100,0,2025-09-21T04:05:08.000Z
"9/21/2025, 12:08:08 AM",3.643,82.9,100,0,2025-09-21T04:08:08.000Z
"9/21/2025, 12:11:08 AM",3.643,82.9,100,0,2025-09-21T04:11:08.000Z
"9/21/2025, 12:14:08 AM",3.643,83.1,100,0,2025-09-21T04:14:08.000Z
"9/21/2025, 12:17:08 AM",3.643,83.1,100,0,2025-09-21T04:17:08.000Z
"9/21/2025, 12:20:08 AM",3.643,83.1,100,0,2025-09-21T04:20:08.000Z
"9/21/2025, 12:23:08 AM",3.643,83.1,100,0,2025-09-21T04:23:08.000Z
"9/21/2025, 12:26:08 AM",3.643,83.1,100,0,2025-09-21T04:26:08.000Z
"9/21/2025, 12:29:08 AM",3.643,83.1,100,0,2025-09-21T04:29:08.000Z
"9/21/2025, 12:32:08 AM",3.643,83.1,100,0,2025-09-21T04:32:08.000Z
"9/21/2025, 12:35:08 AM",3.643,82.9,100,0,2025-09-21T04:35:08.000Z
"9/21/2025, 12:38:08 AM",3.643,82.9,100,0,2025-09-21T04:38:08.000Z
"9/21/2025, 12:41:08 AM",3.643,82.9,100,0,2025-09-21T04:41:08.000Z
"9/21/2025, 12:44:08 AM",3.643,82.9,100,0,2025-09-21T04:44:08.000Z
"9/21/2025, 12:47:08 AM",3.643,82.9,100,0,2025-09-21T04:47:08.000Z
"9/21/2025, 12:50:08 AM",3.643,82.8,100,0,2025-09-21T04:50:08.000Z
"9/21/2025, 12:53:08 AM",3.642,82.8,100,0,2025-09-21T04:53:08.000Z
"9/21/2025, 12:56:08 AM",3.643,82.8,100,0,2025-09-21T04:56:08.000Z
"9/21/2025, 12:59:08 AM",3.643,82.8,100,0,2025-09-21T04:59:08.000Z
"9/21/2025, 1:02:08 AM",3.643,82.8,100,0,2025-09-21T05:02:08.000Z
"9/21/2025, 1:05:08 AM",3.643,82.8,100,0,2025-09-21T05:05:08.000Z
"9/21/2025, 1:08:08 AM",3.643,82.8,100,0,2025-09-21T05:08:08.000Z
"9/21/2025, 1:11:08 AM",3.643,82.8,100,0,2025-09-21T05:11:08.000Z
"9/21/2025, 1:14:08 AM",3.643,82.8,100,0,2025-09-21T05:14:08.000Z
"9/21/2025, 1:17:08 AM",3.643,82.8,100,0,2025-09-21T05:17:08.000Z
"9/21/2025, 1:20:08 AM",3.643,82.8,100,0,2025-09-21T05:20:08.000Z
"9/21/2025, 1:23:08 AM",3.643,82.8,100,0,2025-09-21T05:23:08.000Z
"9/21/2025, 1:26:08 AM",3.643,82.6,100,0,2025-09-21T05:26:08.000Z
"9/21/2025, 1:29:08 AM",3.643,82.6,100,0,2025-09-21T05:29:08.000Z
"9/21/2025, 1:32:08 AM",3.643,82.6,100,0,2025-09-21T05:32:08.000Z
"9/21/2025, 1:35:08 AM",3.643,82.6,100,0,2025-09-21T05:35:08.000Z
"9/21/2025, 1:38:08 AM",3.643,82.6,100,0,2025-09-21T05:38:08.000Z
"9/21/2025, 1:41:08 AM",3.643,82.6,100,0,2025-09-21T05:41:08.000Z
"9/21/2025, 1:44:08 AM",3.643,82.6,100,0,2025-09-21T05:44:08.000Z
"9/21/2025, 1:47:08 AM",3.643,82.6,100,0,2025-09-21T05:47:08.000Z
"9/21/2025, 1:50:08 AM",3.643,82.6,100,0,2025-09-21T05:50:08.000Z
"9/21/2025, 1:53:08 AM",3.643,82.6,100,0,2025-09-21T05:53:08.000Z
"9/21/2025, 1:56:08 AM",3.643,82.6,100,0,2025-09-21T05:56:08.000Z
"9/21/2025, 1:59:08 AM",3.643,82.4,100,0,2025-09-21T05:59:08.000Z
"9/21/2025, 2:02:08 AM",3.643,82.4,100,0,2025-09-21T06:02:08.000Z
"9/21/2025, 2:05:08 AM",3.643,82.4,100,0,2025-09-21T06:05:08.000Z
"9/21/2025, 2:08:08 AM",3.643,82.4,100,0,2025-09-21T06:08:08.000Z
"9/21/2025, 2:11:08 AM",3.643,82.4,100,0,2025-09-21T06:11:08.000Z
"9/21/2025, 2:14:08 AM",3.643,82.4,100,0,2025-09-21T06:14:08.000Z
"9/21/2025, 2:17:08 AM",3.643,82.4,100,0,2025-09-21T06:17:08.000Z
"9/21/2025, 2:20:08 AM",3.643,82.4,100,0,2025-09-21T06:20:08.000Z
"9/21/2025, 2:23:08 AM",3.643,82.2,100,0,2025-09-21T06:23:08.000Z
"9/21/2025, 2:26:08 AM",3.643,82.2,100,0,2025-09-21T06:26:08.000Z
"9/21/2025, 2:29:08 AM",3.643,82.2,100,0,2025-09-21T06:29:08.000Z
"9/21/2025, 2:32:08 AM",3.643,82.2,100,0,2025-09-21T06:32:08.000Z
"9/21/2025, 2:35:08 AM",3.643,82.2,100,0,2025-09-21T06:35:08.000Z
"9/21/2025, 2:38:08 AM",3.643,82.2,100,0,2025-09-21T06:38:08.000Z
"9/21/2025, 2:41:08 AM",3.643,82.2,100,0,2025-09-21T06:41:08.000Z
"9/21/2025, 2:44:08 AM",3.643,82.2,100,0,2025-09-21T06:44:08.000Z
"9/21/2025, 2:47:08 AM",3.643,82.2,100,0,2025-09-21T06:47:08.000Z
"9/21/2025, 2:50:08 AM",3.643,82.2,100,0,2025-09-21T06:50:08.000Z
"9/21/2025, 2:53:08 AM",3.642,82,100,0,2025-09-21T06:53:08.000Z
"9/21/2025, 2:56:08 AM",3.643,82,100,0,2025-09-21T06:56:08.000Z
"9/21/2025, 2:59:08 AM",3.643,82,100,0,2025-09-21T06:59:08.000Z
"9/21/2025, 3:02:08 AM",3.643,82,100,0,2025-09-21T07:02:08.000Z
"9/21/2025, 3:05:08 AM",3.643,82,100,0,2025-09-21T07:05:08.000Z
"9/21/2025, 3:08:08 AM",3.643,82,100,0,2025-09-21T07:08:08.000Z
"9/21/2025, 3:11:08 AM",3.643,82,100,0,2025-09-21T07:11:08.000Z
"9/21/2025, 3:14:08 AM",3.643,82,100,0,2025-09-21T07:14:08.000Z
"9/21/2025, 3:17:08 AM",3.643,82,100,0,2025-09-21T07:17:08.000Z
"9/21/2025, 3:20:08 AM",3.643,82,100,0,2025-09-21T07:20:08.000Z
"9/21/2025, 3:23:08 AM",3.643,82,100,0,2025-09-21T07:23:08.000Z
"9/21/2025, 3:26:08 AM",3.643,81.9,100,0,2025-09-21T07:26:08.000Z
"9/21/2025, 3:29:08 AM",3.643,81.9,100,0,2025-09-21T07:29:08.000Z
"9/21/2025, 3:32:08 AM",3.643,81.9,100,0,2025-09-21T07:32:08.000Z
"9/21/2025, 3:35:08 AM",3.643,81.9,100,0,2025-09-21T07:35:08.000Z
"9/21/2025, 3:38:08 AM",3.643,81.9,100,0,2025-09-21T07:38:08.000Z
"9/21/2025, 3:41:08 AM",3.643,81.9,100,0,2025-09-21T07:41:08.000Z
"9/21/2025, 3:44:08 AM",3.643,81.9,100,0,2025-09-21T07:44:08.000Z
"9/21/2025, 3:47:08 AM",3.643,81.9,100,0,2025-09-21T07:47:08.000Z
"9/21/2025, 3:50:08 AM",3.643,81.9,100,0,2025-09-21T07:50:08.000Z
"9/21/2025, 3:53:08 AM",3.643,81.7,100,0,2025-09-21T07:53:08.000Z
"9/21/2025, 3:56:08 AM",3.643,81.7,100,0,2025-09-21T07:56:08.000Z
"9/21/2025, 3:59:08 AM",3.643,81.7,100,0,2025-09-21T07:59:08.000Z
"9/21/2025, 4:02:08 AM",3.643,81.7,100,0,2025-09-21T08:02:08.000Z
"9/21/2025, 4:05:08 AM",3.643,81.7,100,0,2025-09-21T08:05:08.000Z
"9/21/2025, 4:08:08 AM",3.643,81.7,100,0,2025-09-21T08:08:08.000Z
"9/21/2025, 4:11:08 AM",3.643,81.5,100,0,2025-09-21T08:11:08.000Z
"9/21/2025, 4:14:08 AM",3.643,81.7,100,0,2025-09-21T08:14:08.000Z
"9/21/2025, 4:17:08 AM",3.643,81.7,100,0,2025-09-21T08:17:08.000Z
"9/21/2025, 4:20:08 AM",3.643,81.7,100,0,2025-09-21T08:20:08.000Z
"9/21/2025, 4:23:08 AM",3.643,81.7,100,0,2025-09-21T08:23:08.000Z
"9/21/2025, 4:26:08 AM",3.643,81.7,100,0,2025-09-21T08:26:08.000Z
"9/21/2025, 4:29:08 AM",3.643,81.7,100,0,2025-09-21T08:29:08.000Z
"9/21/2025, 4:32:08 AM",3.643,81.7,100,0,2025-09-21T08:32:08.000Z
"9/21/2025, 4:35:08 AM",3.643,81.7,100,0,2025-09-21T08:35:08.000Z
"9/21/2025, 4:38:08 AM",3.643,81.7,100,0,2025-09-21T08:38:08.000Z
"9/21/2025, 4:41:08 AM",3.643,81.7,100,0,2025-09-21T08:41:08.000Z
"9/21/2025, 4:44:08 AM",3.643,81.7,100,0,2025-09-21T08:44:08.000Z
"9/21/2025, 4:47:08 AM",3.642,81.7,100,0,2025-09-21T08:47:08.000Z
"9/21/2025, 4:50:08 AM",3.643,81.7,100,0,2025-09-21T08:50:08.000Z
"9/21/2025, 4:53:08 AM",3.643,81.7,100,0,2025-09-21T08:53:08.000Z
"9/21/2025, 4:56:08 AM",3.642,81.5,100,0,2025-09-21T08:56:08.000Z
"9/21/2025, 4:59:08 AM",3.643,81.5,100,0,2025-09-21T08:59:08.000Z
"9/21/2025, 5:02:08 AM",3.643,81.5,100,0,2025-09-21T09:02:08.000Z
"9/21/2025, 5:05:08 AM",3.642,81.5,100,0,2025-09-21T09:05:08.000Z
"9/21/2025, 5:08:08 AM",3.643,81.5,100,0,2025-09-21T09:08:08.000Z
"9/21/2025, 5:11:08 AM",3.643,81.5,100,0,2025-09-21T09:11:08.000Z
"9/21/2025, 5:14:08 AM",3.642,81.5,100,0,2025-09-21T09:14:08.000Z
"9/21/2025, 5:17:08 AM",3.643,81.3,100,0,2025-09-21T09:17:08.000Z
"9/21/2025, 5:20:08 AM",3.643,81.3,100,0,2025-09-21T09:20:08.000Z
"9/21/2025, 5:23:08 AM",3.643,81.3,100,0,2025-09-21T09:23:08.000Z
"9/21/2025, 5:26:08 AM",3.643,81.3,100,0,2025-09-21T09:26:08.000Z
"9/21/2025, 5:29:08 AM",3.643,81.3,100,0,2025-09-21T09:29:08.000Z
"9/21/2025, 5:32:08 AM",3.643,81.5,100,0,2025-09-21T09:32:08.000Z
"9/21/2025, 5:35:08 AM",3.643,81.5,100,0,2025-09-21T09:35:08.000Z
"9/21/2025, 5:38:08 AM",3.642,81.5,100,0,2025-09-21T09:38:08.000Z
"9/21/2025, 5:41:08 AM",3.642,81.5,100,0,2025-09-21T09:41:08.000Z
"9/21/2025, 5:44:08 AM",3.643,81.5,100,0,2025-09-21T09:44:08.000Z
"9/21/2025, 5:47:08 AM",3.643,81.5,100,0,2025-09-21T09:47:08.000Z
"9/21/2025, 5:50:08 AM",3.642,81.7,100,0,2025-09-21T09:50:08.000Z
"9/21/2025, 5:53:08 AM",3.643,81.7,100,0,2025-09-21T09:53:08.000Z
"9/21/2025, 5:56:08 AM",3.643,81.7,100,0,2025-09-21T09:56:08.000Z
"9/21/2025, 5:59:08 AM",3.643,81.9,100,0,2025-09-21T09:59:08.000Z
"9/21/2025, 6:02:08 AM",3.643,81.9,100,0,2025-09-21T10:02:08.000Z
"9/21/2025, 6:05:08 AM",3.643,81.9,100,0,2025-09-21T10:05:08.000Z
"9/21/2025, 6:08:08 AM",3.643,82,100,0,2025-09-21T10:08:08.000Z
"9/21/2025, 6:11:08 AM",3.643,82,100,0,2025-09-21T10:11:08.000Z
"9/21/2025, 6:14:08 AM",3.643,82.2,100,0,2025-09-21T10:14:08.000Z
"9/21/2025, 6:17:08 AM",3.643,82.2,100,0,2025-09-21T10:17:08.000Z
"9/21/2025, 6:20:08 AM",3.643,82.2,100,0,2025-09-21T10:20:08.000Z
"9/21/2025, 6:23:08 AM",3.642,82.2,100,0,2025-09-21T10:23:08.000Z
"9/21/2025, 6:26:08 AM",3.643,82.2,100,0,2025-09-21T10:26:08.000Z
"9/21/2025, 6:29:08 AM",3.642,82.2,100,0,2025-09-21T10:29:08.000Z
"9/21/2025, 6:32:08 AM",3.643,82.4,100,0,2025-09-21T10:32:08.000Z
"9/21/2025, 6:35:08 AM",3.642,82.4,100,0,2025-09-21T10:35:08.000Z
"9/21/2025, 6:38:08 AM",3.642,82.4,100,0,2025-09-21T10:38:08.000Z
"9/21/2025, 6:41:08 AM",3.643,82.4,100,0,2025-09-21T10:41:08.000Z
"9/21/2025, 6:44:08 AM",3.643,82.4,100,0,2025-09-21T10:44:08.000Z
"9/21/2025, 6:47:08 AM",3.643,82.6,100,0,2025-09-21T10:47:08.000Z
"9/21/2025, 6:50:08 AM",3.643,82.6,100,0,2025-09-21T10:50:08.000Z
"9/21/2025, 6:53:08 AM",3.642,82.6,100,0,2025-09-21T10:53:08.000Z
"9/21/2025, 6:56:08 AM",3.642,82.6,100,0,2025-09-21T10:56:08.000Z
"9/21/2025, 6:59:08 AM",3.642,82.6,100,0,2025-09-21T10:59:08.000Z
"9/21/2025, 7:02:08 AM",3.642,82.6,100,0,2025-09-21T11:02:08.000Z
"9/21/2025, 7:05:08 AM",3.642,82.6,100,0,2025-09-21T11:05:08.000Z
"9/21/2025, 7:08:08 AM",3.643,82.6,100,0,2025-09-21T11:08:08.000Z
"9/21/2025, 7:11:08 AM",3.643,82.4,100,0,2025-09-21T11:11:08.000Z
"9/21/2025, 7:14:08 AM",3.643,82.4,100,0,2025-09-21T11:14:08.000Z
"9/21/2025, 7:17:08 AM",3.643,82.4,100,0,2025-09-21T11:17:08.000Z
"9/21/2025, 7:20:08 AM",3.643,82.4,100,0,2025-09-21T11:20:08.000Z
"9/21/2025, 7:23:08 AM",3.642,82.4,100,0,2025-09-21T11:23:08.000Z
"9/21/2025, 7:26:08 AM",3.643,82.2,100,0,2025-09-21T11:26:08.000Z
"9/21/2025, 7:29:08 AM",3.643,82.2,100,0,2025-09-21T11:29:08.000Z
"9/21/2025, 7:32:08 AM",3.643,82,100,0,2025-09-21T11:32:08.000Z
"9/21/2025, 7:35:08 AM",3.643,82,100,0,2025-09-21T11:35:08.000Z
"9/21/2025, 7:38:08 AM",3.642,82,100,0,2025-09-21T11:38:08.000Z
"9/21/2025, 7:41:08 AM",3.642,81.9,100,0,2025-09-21T11:41:08.000Z
"9/21/2025, 7:44:08 AM",3.643,81.9,100,0,2025-09-21T11:44:08.000Z
"9/21/2025, 7:47:08 AM",3.642,81.7,100,0,2025-09-21T11:47:08.000Z
"9/21/2025, 7:50:08 AM",3.643,81.7,100,0,2025-09-21T11:50:08.000Z
"9/21/2025, 7:53:08 AM",3.642,81.7,100,0,2025-09-21T11:53:08.000Z
"9/21/2025, 7:56:08 AM",3.643,81.7,100,0,2025-09-21T11:56:08.000Z
"9/21/2025, 7:59:08 AM",3.642,81.7,100,0,2025-09-21T11:59:08.000Z
"9/21/2025, 8:02:08 AM",3.642,81.7,100,0,2025-09-21T12:02:08.000Z
"9/21/2025, 8:05:08 AM",3.643,81.9,100,0,2025-09-21T12:05:08.000Z
"9/21/2025, 8:08:08 AM",3.642,81.9,100,0,2025-09-21T12:08:08.000Z
"9/21/2025, 8:11:08 AM",3.643,81.9,100,0,2025-09-21T12:11:08.000Z
"9/21/2025, 8:14:08 AM",3.642,82,100,0,2025-09-21T12:14:08.000Z
"9/21/2025, 8:17:08 AM",3.642,82,100,0,2025-09-21T12:17:08.000Z
"9/21/2025, 8:20:08 AM",3.643,82.2,100,0,2025-09-21T12:20:08.000Z
"9/21/2025, 8:23:08 AM",3.643,82.4,100,0,2025-09-21T12:23:08.000Z
"9/21/2025, 8:26:08 AM",3.643,82.6,100,0,2025-09-21T12:26:08.000Z
"9/21/2025, 8:29:08 AM",3.643,82.8,100,0,2025-09-21T12:29:08.000Z
"9/21/2025, 8:32:08 AM",3.643,82.9,100,0,2025-09-21T12:32:08.000Z
"9/21/2025, 8:35:08 AM",3.642,83.3,100,0,2025-09-21T12:35:08.000Z
"9/21/2025, 8:38:08 AM",3.643,83.5,100,0,2025-09-21T12:38:08.000Z
"9/21/2025, 8:41:08 AM",3.643,83.8,100,0,2025-09-21T12:41:08.000Z
"9/21/2025, 8:44:08 AM",3.642,84,100,0,2025-09-21T12:44:08.000Z
"9/21/2025, 8:47:08 AM",3.642,84,100,0,2025-09-21T12:47:08.000Z
"9/21/2025, 8:50:08 AM",3.643,84.2,100,0,2025-09-21T12:50:08.000Z
"9/21/2025, 8:53:08 AM",3.643,84.4,100,0,2025-09-21T12:53:08.000Z
"9/21/2025, 8:56:08 AM",3.642,84.4,100,0,2025-09-21T12:56:08.000Z
"9/21/2025, 8:59:08 AM",3.643,84.6,100,0,2025-09-21T12:59:08.000Z
"9/21/2025, 9:02:08 AM",3.642,84.6,100,0,2025-09-21T13:02:08.000Z
"9/21/2025, 9:05:08 AM",3.642,84.6,100,0,2025-09-21T13:05:08.000Z
"9/21/2025, 9:08:08 AM",3.642,84.7,100,0,2025-09-21T13:08:08.000Z
"9/21/2025, 9:11:08 AM",3.642,84.9,100,0,2025-09-21T13:11:08.000Z
"9/21/2025, 9:14:08 AM",3.643,85.1,100,0,2025-09-21T13:14:08.000Z
"9/21/2025, 9:17:08 AM",3.642,85.1,100,0,2025-09-21T13:17:08.000Z
"9/21/2025, 9:20:08 AM",3.642,85.3,100,0,2025-09-21T13:20:08.000Z
"9/21/2025, 9:23:08 AM",3.642,85.5,100,0,2025-09-21T13:23:08.000Z
"9/21/2025, 9:26:08 AM",3.642,85.6,100,0,2025-09-21T13:26:08.000Z
"9/21/2025, 9:29:08 AM",3.642,85.8,100,0,2025-09-21T13:29:08.000Z
"9/21/2025, 9:32:08 AM",3.642,85.8,100,0,2025-09-21T13:32:08.000Z
"9/21/2025, 9:35:08 AM",3.642,86.2,100,0,2025-09-21T13:35:08.000Z
"9/21/2025, 9:38:08 AM",3.642,86.2,100,0,2025-09-21T13:38:08.000Z
"9/21/2025, 9:41:08 AM",3.643,86.4,100,0,2025-09-21T13:41:08.000Z
"9/21/2025, 9:44:08 AM",3.642,86.7,100,0,2025-09-21T13:44:08.000Z
"9/21/2025, 9:47:08 AM",3.642,86.9,100,0,2025-09-21T13:47:08.000Z
"9/21/2025, 9:50:08 AM",3.642,86.9,100,0,2025-09-21T13:50:08.000Z
"9/21/2025, 9:53:08 AM",3.642,87.1,100,0,2025-09-21T13:53:08.000Z
"9/21/2025, 9:56:08 AM",3.642,87.3,100,0,2025-09-21T13:56:08.000Z
"9/21/2025, 9:59:08 AM",3.642,87.4,100,0,2025-09-21T13:59:08.000Z
"9/21/2025, 10:02:08 AM",3.642,87.4,100,0,2025-09-21T14:02:08.000Z
"9/21/2025, 10:05:08 AM",3.642,87.6,100,0,2025-09-21T14:05:08.000Z
"9/21/2025, 10:08:08 AM",3.642,87.6,100,0,2025-09-21T14:08:08.000Z
"9/21/2025, 10:11:08 AM",3.642,87.8,100,0,2025-09-21T14:11:08.000Z
"9/21/2025, 10:14:08 AM",3.642,88,100,0,2025-09-21T14:14:08.000Z
"9/21/2025, 10:17:08 AM",3.642,88,100,0,2025-09-21T14:17:08.000Z
"9/21/2025, 10:20:08 AM",3.642,88.2,100,0,2025-09-21T14:20:08.000Z
"9/21/2025, 10:23:08 AM",3.642,88.2,100,0,2025-09-21T14:23:08.000Z
"9/21/2025, 10:26:08 AM",3.642,88.5,100,0,2025-09-21T14:26:08.000Z
"9/21/2025, 10:29:08 AM",3.642,88.5,100,0,2025-09-21T14:29:08.000Z
"9/21/2025, 10:32:08 AM",3.642,88.7,100,0,2025-09-21T14:32:08.000Z
"9/21/2025, 10:35:08 AM",3.642,88.9,100,0,2025-09-21T14:35:08.000Z
"9/21/2025, 10:38:08 AM",3.642,89.1,100,0,2025-09-21T14:38:08.000Z
"9/21/2025, 10:41:08 AM",3.642,89.1,100,0,2025-09-21T14:41:08.000Z
"9/21/2025, 10:44:08 AM",3.642,89.2,100,0,2025-09-21T14:44:08.000Z
"9/21/2025, 10:47:08 AM",3.642,89.4,100,0,2025-09-21T14:47:08.000Z
"9/21/2025, 10:50:08 AM",3.642,89.4,100,0,2025-09-21T14:50:08.000Z
"9/21/2025, 10:53:08 AM",3.642,89.6,100,0,2025-09-21T14:53:08.000Z
"9/21/2025, 10:56:08 AM",3.642,89.6,100,0,2025-09-21T14:56:08.000Z
"9/21/2025, 10:59:08 AM",3.642,89.8,100,0,2025-09-21T14:59:08.000Z
"9/21/2025, 11:02:08 AM",3.642,90,100,0,2025-09-21T15:02:08.000Z
"9/21/2025, 11:05:08 AM",3.642,90.1,100,0,2025-09-21T15:05:08.000Z
"9/21/2025, 11:08:08 AM",3.642,90.5,100,0,2025-09-21T15:08:08.000Z
"9/21/2025, 11:11:08 AM",3.642,90.7,100,0,2025-09-21T15:11:08.000Z
"9/21/2025, 11:14:08 AM",3.642,90.9,100,0,2025-09-21T15:14:08.000Z
"9/21/2025, 11:17:08 AM",3.642,91,100,0,2025-09-21T15:17:08.000Z
"9/21/2025, 11:20:08 AM",3.642,91.4,100,0,2025-09-21T15:20:08.000Z
"9/21/2025, 11:23:08 AM",3.642,91.6,100,0,2025-09-21T15:23:08.000Z
"9/21/2025, 11:26:08 AM",3.642,91.8,100,0,2025-09-21T15:26:08.000Z
"9/21/2025, 11:29:08 AM",3.642,91.9,100,0,2025-09-21T15:29:08.000Z
"9/21/2025, 11:32:08 AM",3.641,92.1,100,0,2025-09-21T15:32:08.000Z
"9/21/2025, 11:35:08 AM",3.642,92.1,100,0,2025-09-21T15:35:08.000Z
"9/21/2025, 11:38:08 AM",3.642,92.3,100,0,2025-09-21T15:38:08.000Z
"9/21/2025, 11:41:08 AM",3.642,92.5,100,0,2025-09-21T15:41:08.000Z
"9/21/2025, 11:44:08 AM",3.641,92.7,100,0,2025-09-21T15:44:08.000Z
"9/21/2025, 11:47:08 AM",3.642,92.8,100,0,2025-09-21T15:47:08.000Z
"9/21/2025, 11:50:08 AM",3.642,93,100,0,2025-09-21T15:50:08.000Z
"9/21/2025, 11:53:08 AM",3.642,93,100,0,2025-09-21T15:53:08.000Z
"9/21/2025, 11:56:08 AM",3.642,93.2,100,0,2025-09-21T15:56:08.000Z
"9/21/2025, 11:59:08 AM",3.642,93.2,100,0,2025-09-21T15:59:08.000Z
"9/21/2025, 12:02:08 PM",3.641,93.4,100,0,2025-09-21T16:02:08.000Z
"9/21/2025, 12:05:08 PM",3.642,93.6,100,0,2025-09-21T16:05:08.000Z
"9/21/2025, 12:08:08 PM",3.642,93.7,100,0,2025-09-21T16:08:08.000Z
"9/21/2025, 12:11:08 PM",3.641,93.9,100,0,2025-09-21T16:11:08.000Z
"9/21/2025, 12:14:08 PM",3.642,94.1,100,0,2025-09-21T16:14:08.000Z
"9/21/2025, 12:17:08 PM",3.642,94.1,100,0,2025-09-21T16:17:08.000Z
"9/21/2025, 12:20:08 PM",3.642,94.3,100,0,2025-09-21T16:20:08.000Z
"9/21/2025, 12:23:08 PM",3.641,94.5,100,0,2025-09-21T16:23:08.000Z
"9/21/2025, 12:26:08 PM",3.642,94.6,100,0,2025-09-21T16:26:08.000Z
"9/21/2025, 12:29:08 PM",3.642,94.8,100,0,2025-09-21T16:29:08.000Z
"9/21/2025, 12:32:08 PM",3.642,95,100,0,2025-09-21T16:32:08.000Z
"9/21/2025, 12:35:08 PM",3.642,95.2,100,0,2025-09-21T16:35:08.000Z
"9/21/2025, 12:38:08 PM",3.641,95.4,100,0,2025-09-21T16:38:08.000Z
"9/21/2025, 12:41:08 PM",3.642,95.7,100,0,2025-09-21T16:41:08.000Z
"9/21/2025, 12:44:08 PM",3.642,95.7,100,0,2025-09-21T16:44:08.000Z
"9/21/2025, 12:47:08 PM",3.641,96.1,100,0,2025-09-21T16:47:08.000Z
"9/21/2025, 12:50:08 PM",3.641,96.3,100,0,2025-09-21T16:50:08.000Z
"9/21/2025, 12:53:08 PM",3.642,96.6,100,0,2025-09-21T16:53:08.000Z
"9/21/2025, 12:56:08 PM",3.642,97,100,0,2025-09-21T16:56:08.000Z
"9/21/2025, 12:59:08 PM",3.641,97.3,100,0,2025-09-21T16:59:08.000Z
"9/21/2025, 1:02:08 PM",3.641,97.9,100,0,2025-09-21T17:02:08.000Z
"9/21/2025, 1:05:08 PM",3.642,98.4,100,0,2025-09-21T17:05:08.000Z
"9/21/2025, 1:08:08 PM",3.641,98.8,100,0,2025-09-21T17:08:08.000Z
"9/21/2025, 1:11:08 PM",3.642,99.1,100,0,2025-09-21T17:11:08.000Z
"9/21/2025, 1:14:08 PM",3.641,99.3,100,0,2025-09-21T17:14:08.000Z
"9/21/2025, 1:17:08 PM",3.641,99.5,100,0,2025-09-21T17:17:08.000Z
"9/21/2025, 1:20:08 PM",3.641,99.5,100,0,2025-09-21T17:20:08.000Z
"9/21/2025, 1:23:08 PM",3.641,99.3,100,0,2025-09-21T17:23:08.000Z
"9/21/2025, 1:26:08 PM",3.641,99.3,100,0,2025-09-21T17:26:08.000Z
"9/21/2025, 1:29:08 PM",3.641,99.3,100,0,2025-09-21T17:29:08.000Z
"9/21/2025, 1:32:08 PM",3.641,99.3,100,0,2025-09-21T17:32:08.000Z
"9/21/2025, 1:35:08 PM",3.641,99.3,100,0,2025-09-21T17:35:08.000Z
"9/21/2025, 1:38:08 PM",3.642,99.3,100,0,2025-09-21T17:38:08.000Z
"9/21/2025, 1:41:08 PM",3.641,99.3,100,0,2025-09-21T17:41:08.000Z
"9/21/2025, 1:44:08 PM",3.641,99.1,100,0,2025-09-21T17:44:08.000Z
"9/21/2025, 1:47:08 PM",3.641,99,100,0,2025-09-21T17:47:08.000Z
"9/21/2025, 1:50:08 PM",3.641,98.8,100,0,2025-09-21T17:50:08.000Z
"9/21/2025, 1:53:08 PM",3.641,98.6,100,0,2025-09-21T17:53:08.000Z
"9/21/2025, 1:56:08 PM",3.641,98.4,100,0,2025-09-21T17:56:08.000Z
"9/21/2025, 1:59:08 PM",3.641,98.2,100,0,2025-09-21T17:59:08.000Z
"9/21/2025, 2:02:08 PM",3.641,98.1,100,0,2025-09-21T18:02:08.000Z
"9/21/2025, 2:05:08 PM",3.641,97.9,100,0,2025-09-21T18:05:08.000Z
"9/21/2025, 2:08:08 PM",3.641,97.9,100,0,2025-09-21T18:08:08.000Z
"9/21/2025, 2:11:08 PM",3.641,97.7,100,0,2025-09-21T18:11:08.000Z
"9/21/2025, 2:14:08 PM",3.641,97.7,100,0,2025-09-21T18:14:08.000Z
"9/21/2025, 2:17:08 PM",3.641,97.7,100,0,2025-09-21T18:17:08.000Z
"9/21/2025, 2:20:08 PM",3.641,97.9,100,0,2025-09-21T18:20:08.000Z
"9/21/2025, 2:23:08 PM",3.641,98.2,100,0,2025-09-21T18:23:08.000Z
"9/21/2025, 2:26:08 PM",3.641,98.4,100,0,2025-09-21T18:26:08.000Z
"9/21/2025, 2:29:08 PM",3.642,98.6,100,0,2025-09-21T18:29:08.000Z
"9/21/2025, 2:32:08 PM",3.641,99,100,0,2025-09-21T18:32:08.000Z
"9/21/2025, 2:35:08 PM",3.642,99.1,100,0,2025-09-21T18:35:08.000Z
"9/21/2025, 2:38:08 PM",3.642,99.3,100,0,2025-09-21T18:38:08.000Z
"9/21/2025, 2:41:08 PM",3.641,99.3,100,0,2025-09-21T18:41:08.000Z
"9/21/2025, 2:44:08 PM",3.641,99.3,100,0,2025-09-21T18:44:08.000Z
"9/21/2025, 2:47:08 PM",3.641,99,100,0,2025-09-21T18:47:08.000Z
"9/21/2025, 2:50:08 PM",3.641,98.8,100,0,2025-09-21T18:50:08.000Z
"9/21/2025, 2:53:08 PM",3.641,98.4,100,0,2025-09-21T18:53:08.000Z
"9/21/2025, 2:56:08 PM",3.641,98.1,100,0,2025-09-21T18:56:08.000Z
"9/21/2025, 2:59:08 PM",3.642,97.7,100,0,2025-09-21T18:59:08.000Z
"9/21/2025, 3:02:08 PM",3.641,97.3,100,0,2025-09-21T19:02:08.000Z
"9/21/2025, 3:05:08 PM",3.641,97,100,0,2025-09-21T19:05:08.000Z
"9/21/2025, 3:08:08 PM",3.641,96.8,100,0,2025-09-21T19:08:08.000Z
"9/21/2025, 3:11:08 PM",3.641,96.4,100,0,2025-09-21T19:11:08.000Z
"9/21/2025, 3:14:08 PM",3.641,96.3,100,0,2025-09-21T19:14:08.000Z
"9/21/2025, 3:17:08 PM",3.642,96.3,100,0,2025-09-21T19:17:08.000Z
"9/21/2025, 3:20:08 PM",3.642,96.3,100,0,2025-09-21T19:20:08.000Z
"9/21/2025, 3:23:08 PM",3.642,96.4,100,0,2025-09-21T19:23:08.000Z
"9/21/2025, 3:26:08 PM",3.641,96.6,100,0,2025-09-21T19:26:08.000Z
"9/21/2025, 3:29:08 PM",3.642,96.6,100,0,2025-09-21T19:29:08.000Z
"9/21/2025, 3:32:08 PM",3.641,96.6,100,0,2025-09-21T19:32:08.000Z
"9/21/2025, 3:35:08 PM",3.641,96.6,100,0,2025-09-21T19:35:08.000Z
"9/21/2025, 3:38:08 PM",3.641,96.6,100,0,2025-09-21T19:38:08.000Z
"9/21/2025, 3:41:08 PM",3.641,96.6,100,0,2025-09-21T19:41:08.000Z
"9/21/2025, 3:44:08 PM",3.642,96.6,100,0,2025-09-21T19:44:08.000Z
"9/21/2025, 3:47:08 PM",3.641,96.8,100,0,2025-09-21T19:47:08.000Z
"9/21/2025, 3:50:08 PM",3.641,97,100,0,2025-09-21T19:50:08.000Z
"9/21/2025, 3:53:08 PM",3.642,97.2,100,0,2025-09-21T19:53:08.000Z
"9/21/2025, 3:56:08 PM",3.642,97.3,100,0,2025-09-21T19:56:08.000Z
"9/21/2025, 3:59:08 PM",3.642,97.3,100,0,2025-09-21T19:59:08.000Z
"9/21/2025, 4:02:08 PM",3.642,97.3,100,0,2025-09-21T20:02:08.000Z
"9/21/2025, 4:05:08 PM",3.641,97.5,100,0,2025-09-21T20:05:08.000Z
"9/21/2025, 4:08:08 PM",3.642,97.7,100,0,2025-09-21T20:08:08.000Z
"9/21/2025, 4:11:08 PM",3.641,97.7,100,0,2025-09-21T20:11:08.000Z
"9/21/2025, 4:14:08 PM",3.641,97.7,100,0,2025-09-21T20:14:08.000Z
"9/21/2025, 4:17:08 PM",3.642,97.7,100,0,2025-09-21T20:17:08.000Z
"9/21/2025, 4:20:08 PM",3.642,97.7,100,0,2025-09-21T20:20:08.000Z
"9/21/2025, 4:23:08 PM",3.642,97.7,100,0,2025-09-21T20:23:08.000Z
"9/21/2025, 4:26:08 PM",3.642,97.7,100,0,2025-09-21T20:26:08.000Z
"9/21/2025, 4:29:08 PM",3.641,97.7,100,0,2025-09-21T20:29:08.000Z
"9/21/2025, 4:32:08 PM",3.641,97.9,100,0,2025-09-21T20:32:08.000Z
"9/21/2025, 4:35:08 PM",3.642,97.9,100,0,2025-09-21T20:35:08.000Z
"9/21/2025, 4:38:08 PM",3.641,97.9,100,0,2025-09-21T20:38:08.000Z
"9/21/2025, 4:41:08 PM",3.642,98.1,100,0,2025-09-21T20:41:08.000Z
"9/21/2025, 4:44:08 PM",3.642,98.2,100,0,2025-09-21T20:44:08.000Z
"9/21/2025, 4:47:08 PM",3.641,98.2,100,0,2025-09-21T20:47:08.000Z
"9/21/2025, 4:50:08 PM",3.641,98.4,100,0,2025-09-21T20:50:08.000Z
"9/21/2025, 4:53:08 PM",3.642,98.6,100,0,2025-09-21T20:53:08.000Z
"9/21/2025, 4:56:08 PM",3.642,98.8,100,0,2025-09-21T20:56:08.000Z
"9/21/2025, 4:59:08 PM",3.642,98.8,100,0,2025-09-21T20:59:08.000Z
"9/21/2025, 5:02:08 PM",3.642,98.8,100,0,2025-09-21T21:02:08.000Z
"9/21/2025, 5:05:08 PM",3.642,98.8,100,0,2025-09-21T21:05:08.000Z
"9/21/2025, 5:08:08 PM",3.642,98.8,100,0,2025-09-21T21:08:08.000Z
"9/21/2025, 5:11:08 PM",3.641,99,100,0,2025-09-21T21:11:08.000Z
"9/21/2025, 5:14:08 PM",3.642,99,100,0,2025-09-21T21:14:08.000Z
"9/21/2025, 5:17:08 PM",3.642,99,100,0,2025-09-21T21:17:08.000Z
"9/21/2025, 5:20:08 PM",3.641,99,100,0,2025-09-21T21:20:08.000Z
"9/21/2025, 5:23:08 PM",3.642,98.8,100,0,2025-09-21T21:23:08.000Z
"9/21/2025, 5:26:08 PM",3.642,98.8,100,0,2025-09-21T21:26:08.000Z
"9/21/2025, 5:29:08 PM",3.641,98.8,100,0,2025-09-21T21:29:08.000Z
"9/21/2025, 5:32:08 PM",3.642,98.6,100,0,2025-09-21T21:32:08.000Z
"9/21/2025, 5:35:08 PM",3.641,98.6,100,0,2025-09-21T21:35:08.000Z
"9/21/2025, 5:38:08 PM",3.641,98.4,100,0,2025-09-21T21:38:08.000Z
"9/21/2025, 5:41:08 PM",3.642,98.2,100,0,2025-09-21T21:41:08.000Z
"9/21/2025, 5:44:08 PM",3.641,98.1,100,0,2025-09-21T21:44:08.000Z
"9/21/2025, 5:47:08 PM",3.641,97.9,100,0,2025-09-21T21:47:08.000Z
"9/21/2025, 5:50:08 PM",3.642,97.7,100,0,2025-09-21T21:50:08.000Z
"9/21/2025, 5:53:08 PM",3.642,97.3,100,0,2025-09-21T21:53:08.000Z
"9/21/2025, 5:56:08 PM",3.641,97.2,100,0,2025-09-21T21:56:08.000Z
"9/21/2025, 5:59:08 PM",3.642,96.8,100,0,2025-09-21T21:59:08.000Z
"9/21/2025, 6:02:08 PM",3.642,96.6,100,0,2025-09-21T22:02:08.000Z
"9/21/2025, 6:05:08 PM",3.642,96.3,100,0,2025-09-21T22:05:08.000Z
"9/21/2025, 6:08:08 PM",3.641,95.9,100,0,2025-09-21T22:08:08.000Z
"9/21/2025, 6:11:08 PM",3.642,95.7,100,0,2025-09-21T22:11:08.000Z
"9/21/2025, 6:14:08 PM",3.642,95.2,100,0,2025-09-21T22:14:08.000Z
"9/21/2025, 6:17:08 PM",3.641,94.8,100,0,2025-09-21T22:17:08.000Z
"9/21/2025, 6:20:08 PM",3.641,94.5,100,0,2025-09-21T22:20:08.000Z
"9/21/2025, 6:23:08 PM",3.641,94.1,100,0,2025-09-21T22:23:08.000Z
"9/21/2025, 6:26:08 PM",3.642,93.9,100,0,2025-09-21T22:26:08.000Z
"9/21/2025, 6:29:08 PM",3.642,93.6,100,0,2025-09-21T22:29:08.000Z
"9/21/2025, 6:32:08 PM",3.642,93,100,0,2025-09-21T22:32:08.000Z
"9/21/2025, 6:35:08 PM",3.642,92.7,100,0,2025-09-21T22:35:08.000Z
"9/21/2025, 6:38:08 PM",3.642,92.3,100,0,2025-09-21T22:38:08.000Z
"9/21/2025, 6:41:08 PM",3.642,91.9,100,0,2025-09-21T22:41:08.000Z
"9/21/2025, 6:44:08 PM",3.642,91.6,100,0,2025-09-21T22:44:08.000Z
"9/21/2025, 6:47:08 PM",3.642,91.2,100,0,2025-09-21T22:47:08.000Z
"9/21/2025, 6:50:08 PM",3.642,91,100,0,2025-09-21T22:50:08.000Z
"9/21/2025, 6:53:08 PM",3.641,90.7,100,0,2025-09-21T22:53:08.000Z
"9/21/2025, 6:56:08 PM",3.642,90.3,100,0,2025-09-21T22:56:08.000Z
"9/21/2025, 6:59:08 PM",3.642,90,100,0,2025-09-21T22:59:08.000Z
"9/21/2025, 7:02:08 PM",3.642,89.6,100,0,2025-09-21T23:02:08.000Z
"9/21/2025, 7:05:08 PM",3.642,89.4,100,0,2025-09-21T23:05:08.000Z
"9/21/2025, 7:08:08 PM",3.642,89.1,100,0,2025-09-21T23:08:08.000Z
"9/21/2025, 7:11:08 PM",3.642,88.9,100,0,2025-09-21T23:11:08.000Z
"9/21/2025, 7:14:08 PM",3.641,88.5,100,0,2025-09-21T23:14:08.000Z
"9/21/2025, 7:17:08 PM",3.642,88.3,100,0,2025-09-21T23:17:08.000Z
"9/21/2025, 7:20:08 PM",3.642,88,100,0,2025-09-21T23:20:08.000Z
"9/21/2025, 7:23:08 PM",3.642,87.8,100,0,2025-09-21T23:23:08.000Z
"9/21/2025, 7:26:08 PM",3.642,87.6,100,0,2025-09-21T23:26:08.000Z
"9/21/2025, 7:29:08 PM",3.642,87.4,100,0,2025-09-21T23:29:08.000Z
"9/21/2025, 7:32:08 PM",3.642,87.1,100,0,2025-09-21T23:32:08.000Z
"9/21/2025, 7:35:08 PM",3.642,86.9,100,0,2025-09-21T23:35:08.000Z
"9/21/2025, 7:38:08 PM",3.642,86.7,100,0,2025-09-21T23:38:08.000Z
"9/21/2025, 7:41:08 PM",3.642,86.5,100,0,2025-09-21T23:41:08.000Z
"9/21/2025, 7:44:08 PM",3.642,86.2,100,0,2025-09-21T23:44:08.000Z
"9/21/2025, 7:47:08 PM",3.642,86,100,0,2025-09-21T23:47:08.000Z
"9/21/2025, 7:50:08 PM",3.642,85.8,100,0,2025-09-21T23:50:08.000Z
"9/21/2025, 7:53:08 PM",3.643,85.6,100,0,2025-09-21T23:53:08.000Z
"9/21/2025, 7:56:08 PM",3.643,85.5,100,0,2025-09-21T23:56:08.000Z
"9/21/2025, 7:59:08 PM",3.642,85.3,100,0,2025-09-21T23:59:08.000Z
"9/21/2025, 8:02:08 PM",3.643,85.1,100,0,2025-09-22T00:02:08.000Z
"9/21/2025, 8:05:08 PM",3.643,85.1,100,0,2025-09-22T00:05:08.000Z
"9/21/2025, 8:08:08 PM",3.642,84.9,100,0,2025-09-22T00:08:08.000Z
"9/21/2025, 8:11:08 PM",3.642,84.9,100,0,2025-09-22T00:11:08.000Z
"9/21/2025, 8:14:08 PM",3.642,84.7,100,0,2025-09-22T00:14:08.000Z
"9/21/2025, 8:17:08 PM",3.643,84.7,100,0,2025-09-22T00:17:08.000Z
"9/21/2025, 8:20:08 PM",3.643,84.6,100,0,2025-09-22T00:20:08.000Z
"9/21/2025, 8:23:08 PM",3.643,84.6,100,0,2025-09-22T00:23:08.000Z
"9/21/2025, 8:26:08 PM",3.643,84.4,100,0,2025-09-22T00:26:08.000Z
"9/21/2025, 8:29:08 PM",3.642,84.4,100,0,2025-09-22T00:29:08.000Z
"9/21/2025, 8:32:08 PM",3.643,84.2,100,0,2025-09-22T00:32:08.000Z
"9/21/2025, 8:35:08 PM",3.643,84.2,100,0,2025-09-22T00:35:08.000Z
"9/21/2025, 8:38:08 PM",3.642,84.2,100,0,2025-09-22T00:38:08.000Z
"9/21/2025, 8:41:08 PM",3.642,84,100,0,2025-09-22T00:41:08.000Z
"9/21/2025, 8:44:08 PM",3.643,84,100,0,2025-09-22T00:44:08.000Z
"9/21/2025, 8:47:08 PM",3.643,84,100,0,2025-09-22T00:47:08.000Z
"9/21/2025, 8:50:08 PM",3.643,83.8,100,0,2025-09-22T00:50:08.000Z
"9/21/2025, 8:53:08 PM",3.643,83.8,100,0,2025-09-22T00:53:08.000Z
"9/21/2025, 8:56:08 PM",3.643,83.7,100,0,2025-09-22T00:56:08.000Z
"9/21/2025, 8:59:08 PM",3.643,83.7,100,0,2025-09-22T00:59:08.000Z
"9/21/2025, 9:02:08 PM",3.643,83.7,100,0,2025-09-22T01:02:08.000Z
"9/21/2025, 9:05:08 PM",3.643,83.7,100,0,2025-09-22T01:05:08.000Z
"9/21/2025, 9:08:08 PM",3.643,83.5,100,0,2025-09-22T01:08:08.000Z
"9/21/2025, 9:11:08 PM",3.642,83.5,100,0,2025-09-22T01:11:08.000Z
"9/21/2025, 9:14:08 PM",3.642,83.5,100,0,2025-09-22T01:14:08.000Z
"9/21/2025, 9:17:08 PM",3.643,83.5,100,0,2025-09-22T01:17:08.000Z
"9/21/2025, 9:20:08 PM",3.642,83.3,100,0,2025-09-22T01:20:08.000Z
"9/21/2025, 9:23:08 PM",3.643,83.3,100,0,2025-09-22T01:23:08.000Z
"9/21/2025, 9:26:08 PM",3.643,83.3,100,0,2025-09-22T01:26:08.000Z
"9/21/2025, 9:29:08 PM",3.643,83.3,100,0,2025-09-22T01:29:08.000Z
"9/21/2025, 9:32:08 PM",3.643,83.3,100,0,2025-09-22T01:32:08.000Z
"9/21/2025, 9:35:08 PM",3.643,83.3,100,0,2025-09-22T01:35:08.000Z
"9/21/2025, 9:38:08 PM",3.643,83.3,100,0,2025-09-22T01:38:08.000Z
"9/21/2025, 9:41:08 PM",3.643,83.3,100,0,2025-09-22T01:41:08.000Z
"9/21/2025, 9:44:08 PM",3.642,83.3,100,0,2025-09-22T01:44:08.000Z
"9/21/2025, 9:47:08 PM",3.643,83.3,100,0,2025-09-22T01:47:08.000Z
"9/21/2025, 9:50:08 PM",3.643,83.3,100,0,2025-09-22T01:50:08.000Z
"9/21/2025, 9:53:08 PM",3.643,83.3,100,0,2025-09-22T01:53:08.000Z
"9/21/2025, 9:56:08 PM",3.642,83.3,100,0,2025-09-22T01:56:08.000Z
"9/21/2025, 9:59:08 PM",3.642,83.3,100,0,2025-09-22T01:59:08.000Z
"9/21/2025, 10:02:08 PM",3.643,83.3,100,0,2025-09-22T02:02:08.000Z
"9/21/2025, 10:05:08 PM",3.642,83.3,100,0,2025-09-22T02:05:08.000Z
"9/21/2025, 10:08:08 PM",3.643,83.3,100,0,2025-09-22T02:08:08.000Z
"9/21/2025, 10:11:08 PM",3.643,83.3,100,0,2025-09-22T02:11:08.000Z
"9/21/2025, 10:14:08 PM",3.643,83.3,100,0,2025-09-22T02:14:08.000Z
"9/21/2025, 10:17:08 PM",3.643,83.3,100,0,2025-09-22T02:17:08.000Z
"9/21/2025, 10:20:08 PM",3.642,83.3,100,0,2025-09-22T02:20:08.000Z
"9/21/2025, 10:23:08 PM",3.642,83.3,100,0,2025-09-22T02:23:08.000Z
"9/21/2025, 10:26:08 PM",3.642,83.3,100,0,2025-09-22T02:26:08.000Z
"9/21/2025, 10:29:08 PM",3.642,83.3,100,0,2025-09-22T02:29:08.000Z
"9/21/2025, 10:32:08 PM",3.642,83.3,100,0,2025-09-22T02:32:08.000Z
"9/21/2025, 10:35:08 PM",3.642,83.1,100,0,2025-09-22T02:35:08.000Z
"9/21/2025, 10:38:08 PM",3.643,83.1,100,0,2025-09-22T02:38:08.000Z
"9/21/2025, 10:41:08 PM",3.643,83.1,100,0,2025-09-22T02:41:08.000Z
"9/21/2025, 10:44:08 PM",3.643,83.1,100,0,2025-09-22T02:44:08.000Z
"9/21/2025, 10:47:08 PM",3.643,83.1,100,0,2025-09-22T02:47:08.000Z
"9/21/2025, 10:50:08 PM",3.642,83.1,100,0,2025-09-22T02:50:08.000Z
"9/21/2025, 10:53:08 PM",3.642,83.1,100,0,2025-09-22T02:53:08.000Z
"9/21/2025, 10:56:08 PM",3.642,82.9,100,0,2025-09-22T02:56:08.000Z
"9/21/2025, 10:59:08 PM",3.642,82.9,100,0,2025-09-22T02:59:08.000Z
"9/21/2025, 11:02:08 PM",3.643,82.9,100,0,2025-09-22T03:02:08.000Z
"9/21/2025, 11:05:08 PM",3.642,82.9,100,0,2025-09-22T03:05:08.000Z
"9/21/2025, 11:08:08 PM",3.642,82.8,100,0,2025-09-22T03:08:08.000Z
"9/21/2025, 11:11:08 PM",3.642,82.8,100,0,2025-09-22T03:11:08.000Z
"9/21/2025, 11:14:08 PM",3.643,82.8,100,0,2025-09-22T03:14:08.000Z
"9/21/2025, 11:17:08 PM",3.643,82.8,100,0,2025-09-22T03:17:08.000Z
"9/21/2025, 11:20:08 PM",3.643,82.8,100,0,2025-09-22T03:20:08.000Z
"9/21/2025, 11:23:08 PM",3.643,82.8,100,0,2025-09-22T03:23:08.000Z
"9/21/2025, 11:26:08 PM",3.643,82.8,100,0,2025-09-22T03:26:08.000Z
"9/21/2025, 11:29:08 PM",3.642,82.8,100,0,2025-09-22T03:29:08.000Z
"9/21/2025, 11:32:08 PM",3.642,82.8,100,0,2025-09-22T03:32:08.000Z
"9/21/2025, 11:35:08 PM",3.643,82.8,100,0,2025-09-22T03:35:08.000Z
"9/21/2025, 11:38:08 PM",3.643,82.8,100,0,2025-09-22T03:38:08.000Z
"9/21/2025, 11:41:08 PM",3.643,82.8,100,0,2025-09-22T03:41:08.000Z
"9/21/2025, 11:44:08 PM",3.642,82.9,100,0,2025-09-22T03:44:08.000Z
"9/21/2025, 11:47:08 PM",3.642,82.9,100,0,2025-09-22T03:47:08.000Z
"9/21/2025, 11:50:08 PM",3.643,82.9,100,0,2025-09-22T03:50:08.000Z
"9/21/2025, 11:53:08 PM",3.642,82.9,100,0,2025-09-22T03:53:08.000Z
"9/21/2025, 11:56:08 PM",3.643,82.9,100,0,2025-09-22T03:56:08.000Z
"9/21/2025, 11:59:08 PM",3.642,83.1,100,0,2025-09-22T03:59:08.000Z
"9/22/2025, 12:02:08 AM",3.642,83.1,100,0,2025-09-22T04:02:08.000Z
"9/22/2025, 12:05:08 AM",3.642,83.1,100,0,2025-09-22T04:05:08.000Z
"9/22/2025, 12:08:08 AM",3.642,83.1,100,0,2025-09-22T04:08:08.000Z
"9/22/2025, 12:11:08 AM",3.643,83.1,100,0,2025-09-22T04:11:08.000Z
"9/22/2025, 12:14:08 AM",3.642,83.1,100,0,2025-09-22T04:14:08.000Z
"9/22/2025, 12:17:08 AM",3.642,83.1,100,0,2025-09-22T04:17:08.000Z
"9/22/2025, 12:20:08 AM",3.642,83.3,100,0,2025-09-22T04:20:08.000Z
"9/22/2025, 12:23:08 AM",3.642,83.1,100,0,2025-09-22T04:23:08.000Z
"9/22/2025, 12:26:08 AM",3.642,83.1,100,0,2025-09-22T04:26:08.000Z
"9/22/2025, 12:29:08 AM",3.642,83.1,100,0,2025-09-22T04:29:08.000Z
"9/22/2025, 12:32:08 AM",3.642,83.1,100,0,2025-09-22T04:32:08.000Z
"9/22/2025, 12:35:08 AM",3.642,82.9,100,0,2025-09-22T04:35:08.000Z
"9/22/2025, 12:38:08 AM",3.642,82.9,100,0,2025-09-22T04:38:08.000Z
"9/22/2025, 12:41:08 AM",3.642,82.9,100,0,2025-09-22T04:41:08.000Z
"9/22/2025, 12:44:08 AM",3.642,83.1,100,0,2025-09-22T04:44:08.000Z
"9/22/2025, 12:47:08 AM",3.642,83.1,100,0,2025-09-22T04:47:08.000Z
"9/22/2025, 12:50:08 AM",3.642,83.1,100,0,2025-09-22T04:50:08.000Z
"9/22/2025, 12:53:08 AM",3.642,83.1,100,0,2025-09-22T04:53:08.000Z
"9/22/2025, 12:56:08 AM",3.642,83.1,100,0,2025-09-22T04:56:08.000Z
"9/22/2025, 12:59:08 AM",3.642,83.1,100,0,2025-09-22T04:59:08.000Z
"9/22/2025, 1:02:08 AM",3.642,83.1,100,0,2025-09-22T05:02:08.000Z
"9/22/2025, 1:05:08 AM",3.642,83.1,100,0,2025-09-22T05:05:08.000Z
"9/22/2025, 1:08:08 AM",3.642,83.1,100,0,2025-09-22T05:08:08.000Z
"9/22/2025, 1:11:08 AM",3.642,83.1,100,0,2025-09-22T05:11:08.000Z
"9/22/2025, 1:14:08 AM",3.642,83.1,100,0,2025-09-22T05:14:08.000Z
"9/22/2025, 1:17:08 AM",3.643,83.1,100,0,2025-09-22T05:17:08.000Z
"9/22/2025, 1:20:08 AM",3.642,83.1,100,0,2025-09-22T05:20:08.000Z
"9/22/2025, 1:23:08 AM",3.642,83.1,100,0,2025-09-22T05:23:08.000Z
"9/22/2025, 1:26:08 AM",3.643,83.1,100,0,2025-09-22T05:26:08.000Z
"9/22/2025, 1:29:08 AM",3.642,83.1,100,0,2025-09-22T05:29:08.000Z
"9/22/2025, 1:32:08 AM",3.642,83.1,100,0,2025-09-22T05:32:08.000Z
"9/22/2025, 1:35:08 AM",3.642,82.9,100,0,2025-09-22T05:35:08.000Z
"9/22/2025, 1:38:08 AM",3.642,82.9,100,0,2025-09-22T05:38:08.000Z
"9/22/2025, 1:41:08 AM",3.642,82.9,100,0,2025-09-22T05:41:08.000Z
"9/22/2025, 1:44:08 AM",3.642,82.9,100,0,2025-09-22T05:44:08.000Z
"9/22/2025, 1:47:08 AM",3.642,82.8,100,0,2025-09-22T05:47:08.000Z
"9/22/2025, 1:50:08 AM",3.642,82.8,100,0,2025-09-22T05:50:08.000Z
"9/22/2025, 1:53:08 AM",3.642,82.8,100,0,2025-09-22T05:53:08.000Z
"9/22/2025, 1:56:08 AM",3.642,82.8,100,0,2025-09-22T05:56:08.000Z
"9/22/2025, 1:59:08 AM",3.642,82.6,100,0,2025-09-22T05:59:08.000Z
"9/22/2025, 2:02:08 AM",3.642,82.6,100,0,2025-09-22T06:02:08.000Z
"9/22/2025, 2:05:08 AM",3.642,82.6,100,0,2025-09-22T06:05:08.000Z
"9/22/2025, 2:08:08 AM",3.642,82.4,100,0,2025-09-22T06:08:08.000Z
"9/22/2025, 2:11:08 AM",3.642,82.4,100,0,2025-09-22T06:11:08.000Z
"9/22/2025, 2:14:08 AM",3.642,82.2,100,0,2025-09-22T06:14:08.000Z
"9/22/2025, 2:17:08 AM",3.642,82.2,100,0,2025-09-22T06:17:08.000Z
"9/22/2025, 2:20:08 AM",3.642,82,100,0,2025-09-22T06:20:08.000Z
"9/22/2025, 2:23:08 AM",3.643,82,100,0,2025-09-22T06:23:08.000Z
"9/22/2025, 2:26:08 AM",3.642,81.9,100,0,2025-09-22T06:26:08.000Z
"9/22/2025, 2:29:08 AM",3.642,81.9,100,0,2025-09-22T06:29:08.000Z
"9/22/2025, 2:32:08 AM",3.642,81.7,100,0,2025-09-22T06:32:08.000Z
"9/22/2025, 2:35:08 AM",3.642,81.7,100,0,2025-09-22T06:35:08.000Z
"9/22/2025, 2:38:08 AM",3.642,81.5,100,0,2025-09-22T06:38:08.000Z
"9/22/2025, 2:41:08 AM",3.642,81.3,100,0,2025-09-22T06:41:08.000Z
"9/22/2025, 2:44:08 AM",3.642,81.1,100,0,2025-09-22T06:44:08.000Z
"9/22/2025, 2:47:08 AM",3.642,81.1,100,0,2025-09-22T06:47:08.000Z
"9/22/2025, 2:50:08 AM",3.643,81,100,0,2025-09-22T06:50:08.000Z
"9/22/2025, 2:53:08 AM",3.643,81,100,0,2025-09-22T06:53:08.000Z
"9/22/2025, 2:56:08 AM",3.642,80.8,100,0,2025-09-22T06:56:08.000Z
"9/22/2025, 2:59:08 AM",3.642,80.8,100,0,2025-09-22T06:59:08.000Z
"9/22/2025, 3:02:08 AM",3.642,80.8,100,0,2025-09-22T07:02:08.000Z
"9/22/2025, 3:05:08 AM",3.643,80.6,100,0,2025-09-22T07:05:08.000Z
"9/22/2025, 3:08:08 AM",3.642,80.6,100,0,2025-09-22T07:08:08.000Z
"9/22/2025, 3:11:08 AM",3.642,80.6,100,0,2025-09-22T07:11:08.000Z
"9/22/2025, 3:14:08 AM",3.643,80.6,100,0,2025-09-22T07:14:08.000Z
"9/22/2025, 3:17:08 AM",3.642,80.6,100,0,2025-09-22T07:17:08.000Z
"9/22/2025, 3:20:08 AM",3.642,80.8,100,0,2025-09-22T07:20:08.000Z
"9/22/2025, 3:23:08 AM",3.643,80.6,100,0,2025-09-22T07:23:08.000Z
"9/22/2025, 3:26:08 AM",3.642,80.6,100,0,2025-09-22T07:26:08.000Z
"9/22/2025, 3:29:08 AM",3.643,80.6,100,0,2025-09-22T07:29:08.000Z
"9/22/2025, 3:32:08 AM",3.642,80.2,100,0,2025-09-22T07:32:08.000Z
"9/22/2025, 3:35:08 AM",3.642,80.1,100,0,2025-09-22T07:35:08.000Z
"9/22/2025, 3:38:08 AM",3.642,79.9,100,0,2025-09-22T07:38:08.000Z
"9/22/2025, 3:41:08 AM",3.643,79.7,100,0,2025-09-22T07:41:08.000Z
"9/22/2025, 3:44:08 AM",3.642,79.5,100,0,2025-09-22T07:44:08.000Z
"9/22/2025, 3:47:08 AM",3.642,79.5,100,0,2025-09-22T07:47:08.000Z
"9/22/2025, 3:50:08 AM",3.642,79.3,100,0,2025-09-22T07:50:08.000Z
"9/22/2025, 3:53:08 AM",3.642,79.3,100,0,2025-09-22T07:53:08.000Z
"9/22/2025, 3:56:08 AM",3.643,79.2,100,0,2025-09-22T07:56:08.000Z
"9/22/2025, 3:59:08 AM",3.643,79.2,100,0,2025-09-22T07:59:08.000Z
"9/22/2025, 4:02:08 AM",3.643,79.2,100,0,2025-09-22T08:02:08.000Z
"9/22/2025, 4:05:08 AM",3.642,79,100,0,2025-09-22T08:05:08.000Z
"9/22/2025, 4:08:08 AM",3.643,79,100,0,2025-09-22T08:08:08.000Z
"9/22/2025, 4:11:08 AM",3.642,79,100,0,2025-09-22T08:11:08.000Z
"9/22/2025, 4:14:08 AM",3.643,79,100,0,2025-09-22T08:14:08.000Z
"9/22/2025, 4:17:08 AM",3.642,79,100,0,2025-09-22T08:17:08.000Z
"9/22/2025, 4:20:08 AM",3.642,79,100,0,2025-09-22T08:20:08.000Z
"9/22/2025, 4:23:08 AM",3.643,79,100,0,2025-09-22T08:23:08.000Z
"9/22/2025, 4:26:08 AM",3.642,78.8,100,0,2025-09-22T08:26:08.000Z
"9/22/2025, 4:29:08 AM",3.642,78.8,100,0,2025-09-22T08:29:08.000Z
"9/22/2025, 4:32:08 AM",3.642,78.6,100,0,2025-09-22T08:32:08.000Z
"9/22/2025, 4:35:08 AM",3.643,78.6,100,0,2025-09-22T08:35:08.000Z
"9/22/2025, 4:38:08 AM",3.643,78.6,100,0,2025-09-22T08:38:08.000Z
"9/22/2025, 4:41:08 AM",3.643,78.6,100,0,2025-09-22T08:41:08.000Z
"9/22/2025, 4:44:08 AM",3.642,78.4,100,0,2025-09-22T08:44:08.000Z
"9/22/2025, 4:47:08 AM",3.642,78.4,100,0,2025-09-22T08:47:08.000Z
"9/22/2025, 4:50:08 AM",3.642,78.4,100,0,2025-09-22T08:50:08.000Z
"9/22/2025, 4:53:08 AM",3.643,78.4,100,0,2025-09-22T08:53:08.000Z
"9/22/2025, 4:56:08 AM",3.643,78.3,100,0,2025-09-22T08:56:08.000Z
"9/22/2025, 4:59:08 AM",3.643,78.3,100,0,2025-09-22T08:59:08.000Z
"9/22/2025, 5:02:08 AM",3.643,78.3,100,0,2025-09-22T09:02:08.000Z
"9/22/2025, 5:05:08 AM",3.643,78.3,100,0,2025-09-22T09:05:08.000Z
"9/22/2025, 5:08:08 AM",3.643,78.4,100,0,2025-09-22T09:08:08.000Z
"9/22/2025, 5:11:08 AM",3.643,78.4,100,0,2025-09-22T09:11:08.000Z
"9/22/2025, 5:14:08 AM",3.643,78.4,100,0,2025-09-22T09:14:08.000Z
"9/22/2025, 5:17:08 AM",3.642,78.6,100,0,2025-09-22T09:17:08.000Z
"9/22/2025, 5:20:08 AM",3.642,78.6,100,0,2025-09-22T09:20:08.000Z
"9/22/2025, 5:23:08 AM",3.642,78.6,100,0,2025-09-22T09:23:08.000Z
"9/22/2025, 5:26:08 AM",3.643,78.6,100,0,2025-09-22T09:26:08.000Z
"9/22/2025, 5:29:08 AM",3.642,78.8,100,0,2025-09-22T09:29:08.000Z
"9/22/2025, 5:32:08 AM",3.642,78.8,100,0,2025-09-22T09:32:08.000Z
"9/22/2025, 5:35:08 AM",3.643,78.8,100,0,2025-09-22T09:35:08.000Z
"9/22/2025, 5:38:08 AM",3.643,78.8,100,0,2025-09-22T09:38:08.000Z
"9/22/2025, 5:41:08 AM",3.642,78.8,100,0,2025-09-22T09:41:08.000Z
"9/22/2025, 5:44:08 AM",3.642,78.6,100,0,2025-09-22T09:44:08.000Z
"9/22/2025, 5:47:08 AM",3.643,78.6,100,0,2025-09-22T09:47:08.000Z
"9/22/2025, 5:50:08 AM",3.642,78.6,100,0,2025-09-22T09:50:08.000Z
"9/22/2025, 5:53:08 AM",3.642,78.6,100,0,2025-09-22T09:53:08.000Z
"9/22/2025, 5:56:08 AM",3.642,78.6,100,0,2025-09-22T09:56:08.000Z
"9/22/2025, 5:59:08 AM",3.642,78.6,100,0,2025-09-22T09:59:08.000Z
"9/22/2025, 6:02:08 AM",3.642,78.6,100,0,2025-09-22T10:02:08.000Z
"9/22/2025, 6:05:08 AM",3.642,78.6,100,0,2025-09-22T10:05:08.000Z
"9/22/2025, 6:08:08 AM",3.642,78.6,100,0,2025-09-22T10:08:08.000Z
"9/22/2025, 6:11:08 AM",3.642,78.6,100,0,2025-09-22T10:11:08.000Z
"9/22/2025, 6:14:08 AM",3.642,78.6,100,0,2025-09-22T10:14:08.000Z
"9/22/2025, 6:17:08 AM",3.642,78.6,100,0,2025-09-22T10:17:08.000Z
"9/22/2025, 6:20:08 AM",3.642,78.6,100,0,2025-09-22T10:20:08.000Z
"9/22/2025, 6:23:08 AM",3.642,78.6,100,0,2025-09-22T10:23:08.000Z
"9/22/2025, 6:26:08 AM",3.642,78.6,100,0,2025-09-22T10:26:08.000Z
"9/22/2025, 6:29:08 AM",3.642,78.6,100,0,2025-09-22T10:29:08.000Z
"9/22/2025, 6:32:08 AM",3.642,78.6,100,0,2025-09-22T10:32:08.000Z
"9/22/2025, 6:35:08 AM",3.642,78.8,100,0,2025-09-22T10:35:08.000Z
"9/22/2025, 6:38:08 AM",3.642,78.8,100,0,2025-09-22T10:38:08.000Z
"9/22/2025, 6:41:08 AM",3.642,78.8,100,0,2025-09-22T10:41:08.000Z
"9/22/2025, 6:44:08 AM",3.642,78.8,100,0,2025-09-22T10:44:08.000Z
"9/22/2025, 6:47:08 AM",3.642,78.8,100,0,2025-09-22T10:47:08.000Z
"9/22/2025, 6:50:08 AM",3.642,78.8,100,0,2025-09-22T10:50:08.000Z
"9/22/2025, 6:53:08 AM",3.643,78.8,100,0,2025-09-22T10:53:08.000Z
"9/22/2025, 6:56:08 AM",3.642,78.8,100,0,2025-09-22T10:56:08.000Z
"9/22/2025, 6:59:08 AM",3.642,78.8,100,0,2025-09-22T10:59:08.000Z
"9/22/2025, 7:02:08 AM",3.642,78.8,100,0,2025-09-22T11:02:08.000Z
"9/22/2025, 7:05:08 AM",3.642,79,100,0,2025-09-22T11:05:08.000Z
"9/22/2025, 7:08:08 AM",3.642,79,100,0,2025-09-22T11:08:08.000Z
"9/22/2025, 7:11:08 AM",3.642,79,100,0,2025-09-22T11:11:08.000Z
"9/22/2025, 7:14:08 AM",3.642,79,100,0,2025-09-22T11:14:08.000Z
"9/22/2025, 7:17:08 AM",3.642,79,100,0,2025-09-22T11:17:08.000Z
"9/22/2025, 7:20:08 AM",3.642,79,100,0,2025-09-22T11:20:08.000Z
"9/22/2025, 7:23:08 AM",3.642,79,100,0,2025-09-22T11:23:08.000Z
"9/22/2025, 7:26:08 AM",3.642,79,100,0,2025-09-22T11:26:08.000Z
"9/22/2025, 7:29:08 AM",3.642,79,100,0,2025-09-22T11:29:08.000Z
"9/22/2025, 7:32:08 AM",3.642,79,100,0,2025-09-22T11:32:08.000Z
"9/22/2025, 7:35:08 AM",3.642,79,100,0,2025-09-22T11:35:08.000Z
"9/22/2025, 7:38:08 AM",3.642,79,100,0,2025-09-22T11:38:08.000Z
"9/22/2025, 7:41:08 AM",3.642,79,100,0,2025-09-22T11:41:08.000Z
"9/22/2025, 7:44:08 AM",3.642,79,100,0,2025-09-22T11:44:08.000Z
"9/22/2025, 7:47:08 AM",3.642,79.2,100,0,2025-09-22T11:47:08.000Z
"9/22/2025, 7:50:08 AM",3.642,79.2,100,0,2025-09-22T11:50:08.000Z
"9/22/2025, 7:53:08 AM",3.642,79.3,100,0,2025-09-22T11:53:08.000Z
"9/22/2025, 7:56:08 AM",3.642,79.3,100,0,2025-09-22T11:56:08.000Z
"9/22/2025, 7:59:08 AM",3.642,79.5,100,0,2025-09-22T11:59:08.000Z
"9/22/2025, 8:02:08 AM",3.642,79.5,100,0,2025-09-22T12:02:08.000Z
"9/22/2025, 8:05:08 AM",3.642,79.7,100,0,2025-09-22T12:05:08.000Z
"9/22/2025, 8:08:08 AM",3.642,79.7,100,0,2025-09-22T12:08:08.000Z
"9/22/2025, 8:11:08 AM",3.642,79.9,100,0,2025-09-22T12:11:08.000Z
"9/22/2025, 8:14:08 AM",3.642,80.1,100,0,2025-09-22T12:14:08.000Z
"9/22/2025, 8:17:08 AM",3.642,80.2,100,0,2025-09-22T12:17:08.000Z
"9/22/2025, 8:20:08 AM",3.642,80.2,100,0,2025-09-22T12:20:08.000Z
"9/22/2025, 8:23:08 AM",3.642,80.4,100,0,2025-09-22T12:23:08.000Z
"9/22/2025, 8:26:08 AM",3.642,80.6,100,0,2025-09-22T12:26:08.000Z
"9/22/2025, 8:29:08 AM",3.642,80.8,100,0,2025-09-22T12:29:08.000Z
"9/22/2025, 8:32:08 AM",3.642,80.8,100,0,2025-09-22T12:32:08.000Z
"9/22/2025, 8:35:08 AM",3.642,81,100,0,2025-09-22T12:35:08.000Z
"9/22/2025, 8:38:08 AM",3.642,81,100,0,2025-09-22T12:38:08.000Z
"9/22/2025, 8:41:08 AM",3.642,81,100,0,2025-09-22T12:41:08.000Z
"9/22/2025, 8:44:08 AM",3.642,81,100,0,2025-09-22T12:44:08.000Z
"9/22/2025, 8:47:08 AM",3.642,81.1,100,0,2025-09-22T12:47:08.000Z
"9/22/2025, 8:50:08 AM",3.642,81.1,100,0,2025-09-22T12:50:08.000Z
"9/22/2025, 8:53:08 AM",3.642,81.1,100,0,2025-09-22T12:53:08.000Z
"9/22/2025, 8:56:08 AM",3.642,81.1,100,0,2025-09-22T12:56:08.000Z
"9/22/2025, 8:59:08 AM",3.642,81.3,100,0,2025-09-22T12:59:08.000Z
"9/22/2025, 9:02:08 AM",3.642,81.3,100,0,2025-09-22T13:02:08.000Z
"9/22/2025, 9:05:08 AM",3.641,81.5,100,0,2025-09-22T13:05:08.000Z
"9/22/2025, 9:08:08 AM",3.642,81.5,100,0,2025-09-22T13:08:08.000Z
"9/22/2025, 9:11:08 AM",3.642,81.5,100,0,2025-09-22T13:11:08.000Z
"9/22/2025, 9:14:08 AM",3.642,81.7,100,0,2025-09-22T13:14:08.000Z
"9/22/2025, 9:17:08 AM",3.642,81.7,100,0,2025-09-22T13:17:08.000Z
"9/22/2025, 9:20:08 AM",3.642,81.9,100,0,2025-09-22T13:20:08.000Z
"9/22/2025, 9:23:08 AM",3.642,81.9,100,0,2025-09-22T13:23:08.000Z
"9/22/2025, 9:26:08 AM",3.642,82,100,0,2025-09-22T13:26:08.000Z
"9/22/2025, 9:29:08 AM",3.642,82.2,100,0,2025-09-22T13:29:08.000Z
"9/22/2025, 9:32:08 AM",3.642,82.2,100,0,2025-09-22T13:32:08.000Z
"9/22/2025, 9:35:08 AM",3.642,82.4,100,0,2025-09-22T13:35:08.000Z
"9/22/2025, 9:38:08 AM",3.642,82.6,100,0,2025-09-22T13:38:08.000Z
"9/22/2025, 9:41:08 AM",3.642,82.6,100,0,2025-09-22T13:41:08.000Z
"9/22/2025, 9:44:08 AM",3.642,82.8,100,0,2025-09-22T13:44:08.000Z
"9/22/2025, 9:47:08 AM",3.642,82.9,100,0,2025-09-22T13:47:08.000Z
"9/22/2025, 9:50:08 AM",3.642,83.1,100,0,2025-09-22T13:50:08.000Z
"9/22/2025, 9:53:08 AM",3.641,83.3,100,0,2025-09-22T13:53:08.000Z
"9/22/2025, 9:56:08 AM",3.642,83.5,100,0,2025-09-22T13:56:08.000Z
"9/22/2025, 9:59:08 AM",3.642,83.5,100,0,2025-09-22T13:59:08.000Z
"9/22/2025, 10:02:08 AM",3.642,83.7,100,0,2025-09-22T14:02:08.000Z
"9/22/2025, 10:05:08 AM",3.642,83.7,100,0,2025-09-22T14:05:08.000Z
"9/22/2025, 10:08:08 AM",3.642,83.7,100,0,2025-09-22T14:08:08.000Z
"9/22/2025, 10:11:08 AM",3.642,83.7,100,0,2025-09-22T14:11:08.000Z
"9/22/2025, 10:14:08 AM",3.642,83.7,100,0,2025-09-22T14:14:08.000Z
"9/22/2025, 10:17:08 AM",3.642,83.5,100,0,2025-09-22T14:17:08.000Z
"9/22/2025, 10:20:08 AM",3.642,83.5,100,0,2025-09-22T14:20:08.000Z
"9/22/2025, 10:23:08 AM",3.642,83.5,100,0,2025-09-22T14:23:08.000Z
"9/22/2025, 10:26:08 AM",3.642,83.3,100,0,2025-09-22T14:26:08.000Z
"9/22/2025, 10:29:08 AM",3.641,82.9,100,0,2025-09-22T14:29:08.000Z
"9/22/2025, 10:32:08 AM",3.642,82.8,100,0,2025-09-22T14:32:08.000Z
"9/22/2025, 10:35:08 AM",3.642,82.6,100,0,2025-09-22T14:35:08.000Z
"9/22/2025, 10:38:08 AM",3.642,82.4,100,0,2025-09-22T14:38:08.000Z
"9/22/2025, 10:41:08 AM",3.642,82.4,100,0,2025-09-22T14:41:08.000Z
"9/22/2025, 10:44:08 AM",3.642,82.4,100,0,2025-09-22T14:44:08.000Z
"9/22/2025, 10:47:08 AM",3.642,82.4,100,0,2025-09-22T14:47:08.000Z
"9/22/2025, 10:50:08 AM",3.642,82.4,100,0,2025-09-22T14:50:08.000Z
"9/22/2025, 10:53:08 AM",3.642,82.6,100,0,2025-09-22T14:53:08.000Z
"9/22/2025, 10:56:08 AM",3.642,82.8,100,0,2025-09-22T14:56:08.000Z
"9/22/2025, 10:59:08 AM",3.642,82.9,100,0,2025-09-22T14:59:08.000Z
"9/22/2025, 11:02:08 AM",3.642,83.1,100,0,2025-09-22T15:02:08.000Z
"9/22/2025, 11:05:08 AM",3.642,83.3,100,0,2025-09-22T15:05:08.000Z
"9/22/2025, 11:08:08 AM",3.642,83.7,100,0,2025-09-22T15:08:08.000Z
"9/22/2025, 11:11:08 AM",3.642,83.8,100,0,2025-09-22T15:11:08.000Z
"9/22/2025, 11:14:08 AM",3.642,84.4,100,0,2025-09-22T15:14:08.000Z
"9/22/2025, 11:17:08 AM",3.642,84.6,100,0,2025-09-22T15:17:08.000Z
"9/22/2025, 11:20:08 AM",3.642,84.9,100,0,2025-09-22T15:20:08.000Z
"9/22/2025, 11:23:08 AM",3.642,85.1,100,0,2025-09-22T15:23:08.000Z
"9/22/2025, 11:26:08 AM",3.641,85.3,100,0,2025-09-22T15:26:08.000Z
"9/22/2025, 11:29:08 AM",3.641,85.3,100,0,2025-09-22T15:29:08.000Z
"9/22/2025, 11:32:08 AM",3.642,85.3,100,0,2025-09-22T15:32:08.000Z
"9/22/2025, 11:35:08 AM",3.642,85.5,100,0,2025-09-22T15:35:08.000Z
"9/22/2025, 11:38:08 AM",3.641,85.5,100,0,2025-09-22T15:38:08.000Z
"9/22/2025, 11:41:08 AM",3.641,85.6,100,0,2025-09-22T15:41:08.000Z
"9/22/2025, 11:44:08 AM",3.641,85.6,100,0,2025-09-22T15:44:08.000Z
"9/22/2025, 11:47:08 AM",3.641,85.6,100,0,2025-09-22T15:47:08.000Z
"9/22/2025, 11:50:08 AM",3.641,85.6,100,0,2025-09-22T15:50:08.000Z
"9/22/2025, 11:53:08 AM",3.642,85.8,100,0,2025-09-22T15:53:08.000Z
"9/22/2025, 11:56:08 AM",3.641,86,100,0,2025-09-22T15:56:08.000Z
"9/22/2025, 11:59:08 AM",3.642,86.2,100,0,2025-09-22T15:59:08.000Z
"9/22/2025, 12:02:08 PM",3.641,86.5,100,0,2025-09-22T16:02:08.000Z
"9/22/2025, 12:05:08 PM",3.641,86.7,100,0,2025-09-22T16:05:08.000Z
"9/22/2025, 12:08:08 PM",3.641,86.9,100,0,2025-09-22T16:08:08.000Z
"9/22/2025, 12:11:08 PM",3.642,87.3,100,0,2025-09-22T16:11:08.000Z
"9/22/2025, 12:14:08 PM",3.641,87.4,100,0,2025-09-22T16:14:08.000Z
"9/22/2025, 12:17:08 PM",3.641,87.4,100,0,2025-09-22T16:17:08.000Z
"9/22/2025, 12:20:08 PM",3.641,87.4,100,0,2025-09-22T16:20:08.000Z
"9/22/2025, 12:23:08 PM",3.641,87.4,100,0,2025-09-22T16:23:08.000Z
"9/22/2025, 12:26:08 PM",3.641,87.4,100,0,2025-09-22T16:26:08.000Z
"9/22/2025, 12:29:08 PM",3.641,87.3,100,0,2025-09-22T16:29:08.000Z
"9/22/2025, 12:32:08 PM",3.641,87.1,100,0,2025-09-22T16:32:08.000Z
"9/22/2025, 12:35:08 PM",3.641,87.1,100,0,2025-09-22T16:35:08.000Z
"9/22/2025, 12:38:08 PM",3.641,86.7,100,0,2025-09-22T16:38:08.000Z
"9/22/2025, 12:41:08 PM",3.641,86.5,100,0,2025-09-22T16:41:08.000Z
"9/22/2025, 12:44:08 PM",3.641,86.2,100,0,2025-09-22T16:44:08.000Z
"9/22/2025, 12:47:08 PM",3.641,85.6,100,0,2025-09-22T16:47:08.000Z
"9/22/2025, 12:50:08 PM",3.641,85.5,100,0,2025-09-22T16:50:08.000Z
"9/22/2025, 12:53:08 PM",3.641,85.1,100,0,2025-09-22T16:53:08.000Z
"9/22/2025, 12:56:08 PM",3.641,84.7,100,0,2025-09-22T16:56:08.000Z
"9/22/2025, 12:59:08 PM",3.641,84.4,100,0,2025-09-22T16:59:08.000Z
"9/22/2025, 1:02:08 PM",3.642,84.2,100,0,2025-09-22T17:02:08.000Z
"9/22/2025, 1:05:08 PM",3.641,84,100,0,2025-09-22T17:05:08.000Z
"9/22/2025, 1:08:08 PM",3.641,84,100,0,2025-09-22T17:08:08.000Z
"9/22/2025, 1:11:08 PM",3.641,83.8,100,0,2025-09-22T17:11:08.000Z
"9/22/2025, 1:14:08 PM",3.642,83.7,100,0,2025-09-22T17:14:08.000Z
"9/22/2025, 1:17:08 PM",3.641,83.7,100,0,2025-09-22T17:17:08.000Z
"9/22/2025, 1:20:08 PM",3.641,83.5,100,0,2025-09-22T17:20:08.000Z
"9/22/2025, 1:23:08 PM",3.641,83.3,100,0,2025-09-22T17:23:08.000Z
"9/22/2025, 1:26:08 PM",3.642,83.1,100,0,2025-09-22T17:26:08.000Z
"9/22/2025, 1:29:08 PM",3.641,82.9,100,0,2025-09-22T17:29:08.000Z
"9/22/2025, 1:32:08 PM",3.642,82.8,100,0,2025-09-22T17:32:08.000Z
"9/22/2025, 1:35:08 PM",3.642,82.8,100,0,2025-09-22T17:35:08.000Z
"9/22/2025, 1:38:08 PM",3.642,82.8,100,0,2025-09-22T17:38:08.000Z
"9/22/2025, 1:41:08 PM",3.641,82.8,100,0,2025-09-22T17:41:08.000Z
"9/22/2025, 1:44:08 PM",3.642,82.6,100,0,2025-09-22T17:44:08.000Z
"9/22/2025, 1:47:08 PM",3.642,82.6,100,0,2025-09-22T17:47:08.000Z
"9/22/2025, 1:50:08 PM",3.641,82.8,100,0,2025-09-22T17:50:08.000Z
"9/22/2025, 1:53:08 PM",3.642,82.6,100,0,2025-09-22T17:53:08.000Z
"9/22/2025, 1:56:08 PM",3.642,82.8,100,0,2025-09-22T17:56:08.000Z
"9/22/2025, 1:59:08 PM",3.642,82.8,100,0,2025-09-22T17:59:08.000Z
"9/22/2025, 2:02:08 PM",3.642,82.8,100,0,2025-09-22T18:02:08.000Z
"9/22/2025, 2:05:08 PM",3.641,82.8,100,0,2025-09-22T18:05:08.000Z
"9/22/2025, 2:08:08 PM",3.642,82.8,100,0,2025-09-22T18:08:08.000Z
"9/22/2025, 2:11:08 PM",3.641,82.8,100,0,2025-09-22T18:11:08.000Z
"9/22/2025, 2:14:08 PM",3.641,82.9,100,0,2025-09-22T18:14:08.000Z
"9/22/2025, 2:17:08 PM",3.641,82.9,100,0,2025-09-22T18:17:08.000Z
"9/22/2025, 2:20:08 PM",3.641,82.9,100,0,2025-09-22T18:20:08.000Z
"9/22/2025, 2:23:08 PM",3.642,82.9,100,0,2025-09-22T18:23:08.000Z
"9/22/2025, 2:26:08 PM",3.641,82.9,100,0,2025-09-22T18:26:08.000Z
"9/22/2025, 2:29:08 PM",3.641,83.1,100,0,2025-09-22T18:29:08.000Z
"9/22/2025, 2:32:08 PM",3.641,83.1,100,0,2025-09-22T18:32:08.000Z
"9/22/2025, 2:35:08 PM",3.641,83.1,100,0,2025-09-22T18:35:08.000Z
"9/22/2025, 2:38:08 PM",3.642,83.3,100,0,2025-09-22T18:38:08.000Z
"9/22/2025, 2:41:08 PM",3.641,83.3,100,0,2025-09-22T18:41:08.000Z
"9/22/2025, 2:44:08 PM",3.641,83.3,100,0,2025-09-22T18:44:08.000Z
"9/22/2025, 2:47:08 PM",3.642,83.5,100,0,2025-09-22T18:47:08.000Z
"9/22/2025, 2:50:08 PM",3.642,83.5,100,0,2025-09-22T18:50:08.000Z
"9/22/2025, 2:53:08 PM",3.641,83.5,100,0,2025-09-22T18:53:08.000Z
"9/22/2025, 2:56:08 PM",3.641,83.5,100,0,2025-09-22T18:56:08.000Z
"9/22/2025, 2:59:08 PM",3.641,83.5,100,0,2025-09-22T18:59:08.000Z
"9/22/2025, 3:02:08 PM",3.641,83.5,100,0,2025-09-22T19:02:08.000Z
"9/22/2025, 3:05:08 PM",3.641,83.7,100,0,2025-09-22T19:05:08.000Z
"9/22/2025, 3:08:08 PM",3.641,83.7,100,0,2025-09-22T19:08:08.000Z
"9/22/2025, 3:11:08 PM",3.641,83.7,100,0,2025-09-22T19:11:08.000Z
"9/22/2025, 3:14:08 PM",3.641,83.7,100,0,2025-09-22T19:14:08.000Z
"9/22/2025, 3:17:08 PM",3.641,83.7,100,0,2025-09-22T19:17:08.000Z
"9/22/2025, 3:20:08 PM",3.641,83.5,100,0,2025-09-22T19:20:08.000Z
"9/22/2025, 3:23:08 PM",3.641,83.5,100,0,2025-09-22T19:23:08.000Z
"9/22/2025, 3:26:08 PM",3.641,83.5,100,0,2025-09-22T19:26:08.000Z
"9/22/2025, 3:29:08 PM",3.641,83.5,100,0,2025-09-22T19:29:08.000Z
"9/22/2025, 3:32:08 PM",3.642,83.5,100,0,2025-09-22T19:32:08.000Z
"9/22/2025, 3:35:08 PM",3.642,83.3,100,0,2025-09-22T19:35:08.000Z
"9/22/2025, 3:38:08 PM",3.641,83.3,100,0,2025-09-22T19:38:08.000Z
"9/22/2025, 3:41:08 PM",3.641,83.1,100,0,2025-09-22T19:41:08.000Z
"9/22/2025, 3:44:08 PM",3.641,82.9,100,0,2025-09-22T19:44:08.000Z
"9/22/2025, 3:47:08 PM",3.641,82.9,100,0,2025-09-22T19:47:08.000Z
"9/22/2025, 3:50:08 PM",3.641,82.9,100,0,2025-09-22T19:50:08.000Z
"9/22/2025, 3:53:08 PM",3.641,82.9,100,0,2025-09-22T19:53:08.000Z
"9/22/2025, 3:56:08 PM",3.641,82.9,100,0,2025-09-22T19:56:08.000Z
"9/22/2025, 3:59:08 PM",3.641,82.9,100,0,2025-09-22T19:59:08.000Z
"9/22/2025, 4:02:08 PM",3.641,82.9,100,0,2025-09-22T20:02:08.000Z
"9/22/2025, 4:05:08 PM",3.641,82.9,100,0,2025-09-22T20:05:08.000Z
"9/22/2025, 4:08:08 PM",3.641,82.9,100,0,2025-09-22T20:08:08.000Z
"9/22/2025, 4:11:08 PM",3.641,82.9,100,0,2025-09-22T20:11:08.000Z
"9/22/2025, 4:14:08 PM",3.641,82.9,100,0,2025-09-22T20:14:08.000Z
"9/22/2025, 4:17:08 PM",3.642,83.1,100,0,2025-09-22T20:17:08.000Z
"9/22/2025, 4:20:08 PM",3.642,83.1,100,0,2025-09-22T20:20:08.000Z
"9/22/2025, 4:23:08 PM",3.642,83.1,100,0,2025-09-22T20:23:08.000Z
"9/22/2025, 4:26:08 PM",3.641,83.3,100,0,2025-09-22T20:26:08.000Z
"9/22/2025, 4:29:08 PM",3.642,83.3,100,0,2025-09-22T20:29:08.000Z
"9/22/2025, 4:32:08 PM",3.641,83.3,100,0,2025-09-22T20:32:08.000Z
"9/22/2025, 4:35:08 PM",3.641,83.3,100,0,2025-09-22T20:35:08.000Z
"9/22/2025, 4:38:08 PM",3.641,83.3,100,0,2025-09-22T20:38:08.000Z
"9/22/2025, 4:41:08 PM",3.641,83.5,100,0,2025-09-22T20:41:08.000Z
"9/22/2025, 4:44:08 PM",3.641,83.3,100,0,2025-09-22T20:44:08.000Z
"9/22/2025, 4:47:08 PM",3.641,83.3,100,0,2025-09-22T20:47:08.000Z
"9/22/2025, 4:50:08 PM",3.641,83.3,100,0,2025-09-22T20:50:08.000Z
"9/22/2025, 4:53:08 PM",3.641,83.3,100,0,2025-09-22T20:53:08.000Z
"9/22/2025, 4:56:08 PM",3.642,83.3,100,0,2025-09-22T20:56:08.000Z
"9/22/2025, 4:59:08 PM",3.641,83.3,100,0,2025-09-22T20:59:08.000Z
"9/22/2025, 5:02:08 PM",3.641,83.1,100,0,2025-09-22T21:02:08.000Z
"9/22/2025, 5:05:08 PM",3.641,83.1,100,0,2025-09-22T21:05:08.000Z
"9/22/2025, 5:08:08 PM",3.641,83.1,100,0,2025-09-22T21:08:08.000Z
"9/22/2025, 5:11:08 PM",3.641,82.9,100,0,2025-09-22T21:11:08.000Z
"9/22/2025, 5:14:08 PM",3.641,82.9,100,0,2025-09-22T21:14:08.000Z
"9/22/2025, 5:17:08 PM",3.642,82.9,100,0,2025-09-22T21:17:08.000Z
"9/22/2025, 5:20:08 PM",3.641,82.9,100,0,2025-09-22T21:20:08.000Z
"9/22/2025, 5:23:08 PM",3.641,82.9,100,0,2025-09-22T21:23:08.000Z
"9/22/2025, 5:26:08 PM",3.642,82.9,100,0,2025-09-22T21:26:08.000Z
"9/22/2025, 5:29:08 PM",3.641,82.9,100,0,2025-09-22T21:29:08.000Z
"9/22/2025, 5:32:08 PM",3.641,82.8,100,0,2025-09-22T21:32:08.000Z
"9/22/2025, 5:35:08 PM",3.641,82.8,100,0,2025-09-22T21:35:08.000Z
"9/22/2025, 5:38:08 PM",3.641,82.8,100,0,2025-09-22T21:38:08.000Z
"9/22/2025, 5:41:08 PM",3.641,82.8,100,0,2025-09-22T21:41:08.000Z
"9/22/2025, 5:44:08 PM",3.641,82.8,100,0,2025-09-22T21:44:08.000Z
"9/22/2025, 5:47:08 PM",3.641,82.8,100,0,2025-09-22T21:47:08.000Z
"9/22/2025, 5:50:08 PM",3.641,82.8,100,0,2025-09-22T21:50:08.000Z
"9/22/2025, 5:53:08 PM",3.642,82.8,100,0,2025-09-22T21:53:08.000Z
"9/22/2025, 5:56:08 PM",3.642,82.8,100,0,2025-09-22T21:56:08.000Z
"9/22/2025, 5:59:08 PM",3.641,82.8,100,0,2025-09-22T21:59:08.000Z
"9/22/2025, 6:02:08 PM",3.641,82.8,100,0,2025-09-22T22:02:08.000Z
"9/22/2025, 6:05:08 PM",3.641,82.8,100,0,2025-09-22T22:05:08.000Z
"9/22/2025, 6:08:08 PM",3.641,82.8,100,0,2025-09-22T22:08:08.000Z
"9/22/2025, 6:11:08 PM",3.641,82.8,100,0,2025-09-22T22:11:08.000Z
"9/22/2025, 6:14:08 PM",3.641,82.8,100,0,2025-09-22T22:14:08.000Z
"9/22/2025, 6:17:08 PM",3.641,82.8,100,0,2025-09-22T22:17:08.000Z
"9/22/2025, 6:20:08 PM",3.641,82.8,100,0,2025-09-22T22:20:08.000Z
"9/22/2025, 6:23:08 PM",3.641,82.8,100,0,2025-09-22T22:23:08.000Z
"9/22/2025, 6:26:08 PM",3.641,82.8,100,0,2025-09-22T22:26:08.000Z
"9/22/2025, 6:29:08 PM",3.641,82.8,100,0,2025-09-22T22:29:08.000Z
"9/22/2025, 6:32:08 PM",3.641,82.8,100,0,2025-09-22T22:32:08.000Z
"9/22/2025, 6:35:08 PM",3.641,82.8,100,0,2025-09-22T22:35:08.000Z
"9/22/2025, 6:38:08 PM",3.641,82.8,100,0,2025-09-22T22:38:08.000Z
"9/22/2025, 6:41:08 PM",3.641,82.9,100,0,2025-09-22T22:41:08.000Z
"9/22/2025, 6:44:08 PM",3.641,82.9,100,0,2025-09-22T22:44:08.000Z
"9/22/2025, 6:47:08 PM",3.641,82.9,100,0,2025-09-22T22:47:08.000Z
"9/22/2025, 6:50:08 PM",3.641,82.9,100,0,2025-09-22T22:50:08.000Z
"9/22/2025, 6:53:08 PM",3.642,82.9,100,0,2025-09-22T22:53:08.000Z
"9/22/2025, 6:56:08 PM",3.641,82.9,100,0,2025-09-22T22:56:08.000Z
"9/22/2025, 6:59:08 PM",3.641,82.9,100,0,2025-09-22T22:59:08.000Z
"9/22/2025, 7:02:08 PM",3.641,82.9,100,0,2025-09-22T23:02:08.000Z
"9/22/2025, 7:05:08 PM",3.641,82.9,100,0,2025-09-22T23:05:08.000Z
"9/22/2025, 7:08:08 PM",3.641,82.9,100,0,2025-09-22T23:08:08.000Z
"9/22/2025, 7:11:08 PM",3.641,82.9,100,0,2025-09-22T23:11:08.000Z
"9/22/2025, 7:14:08 PM",3.641,82.9,100,0,2025-09-22T23:14:08.000Z
"9/22/2025, 7:17:08 PM",3.642,82.9,100,0,2025-09-22T23:17:08.000Z
"9/22/2025, 7:20:08 PM",3.641,83.1,100,0,2025-09-22T23:20:08.000Z
"9/22/2025, 7:23:08 PM",3.641,83.1,100,0,2025-09-22T23:23:08.000Z
"9/22/2025, 7:26:08 PM",3.641,83.1,100,0,2025-09-22T23:26:08.000Z
"9/22/2025, 7:29:08 PM",3.641,83.1,100,0,2025-09-22T23:29:08.000Z
"9/22/2025, 7:32:08 PM",3.641,83.1,100,0,2025-09-22T23:32:08.000Z
"9/22/2025, 7:35:08 PM",3.641,83.3,100,0,2025-09-22T23:35:08.000Z
"9/22/2025, 7:38:08 PM",3.641,83.3,100,0,2025-09-22T23:38:08.000Z
"9/22/2025, 7:41:08 PM",3.641,83.3,100,0,2025-09-22T23:41:08.000Z
"9/22/2025, 7:44:08 PM",3.641,83.3,100,0,2025-09-22T23:44:08.000Z
"9/22/2025, 7:47:08 PM",3.641,83.3,100,0,2025-09-22T23:47:08.000Z
"9/22/2025, 7:50:08 PM",3.641,83.5,100,0,2025-09-22T23:50:08.000Z
"9/22/2025, 7:53:08 PM",3.641,83.5,100,0,2025-09-22T23:53:08.000Z
"9/22/2025, 7:56:08 PM",3.641,83.5,100,0,2025-09-22T23:56:08.000Z
"9/22/2025, 7:59:08 PM",3.641,83.5,100,0,2025-09-22T23:59:08.000Z
"9/22/2025, 8:02:08 PM",3.641,83.7,100,0,2025-09-23T00:02:08.000Z
"9/22/2025, 8:05:08 PM",3.641,83.7,100,0,2025-09-23T00:05:08.000Z
"9/22/2025, 8:08:08 PM",3.641,83.8,100,0,2025-09-23T00:08:08.000Z
"9/22/2025, 8:11:08 PM",3.641,83.8,100,0,2025-09-23T00:11:08.000Z
"9/22/2025, 8:14:08 PM",3.641,83.8,100,0,2025-09-23T00:14:08.000Z
"9/22/2025, 8:17:08 PM",3.641,83.8,100,0,2025-09-23T00:17:08.000Z
"9/22/2025, 8:20:08 PM",3.641,83.8,100,0,2025-09-23T00:20:08.000Z
"9/22/2025, 8:23:08 PM",3.641,83.7,100,0,2025-09-23T00:23:08.000Z
"9/22/2025, 8:26:08 PM",3.641,83.7,100,0,2025-09-23T00:26:08.000Z
"9/22/2025, 8:29:08 PM",3.641,83.5,100,0,2025-09-23T00:29:08.000Z
"9/22/2025, 8:32:08 PM",3.641,83.5,100,0,2025-09-23T00:32:08.000Z
"9/22/2025, 8:35:08 PM",3.641,83.5,100,0,2025-09-23T00:35:08.000Z
"9/22/2025, 8:38:08 PM",3.641,83.5,100,0,2025-09-23T00:38:08.000Z
"9/22/2025, 8:41:08 PM",3.641,83.5,100,0,2025-09-23T00:41:08.000Z
"9/22/2025, 8:44:08 PM",3.64,83.3,100,0,2025-09-23T00:44:08.000Z
"9/22/2025, 8:47:08 PM",3.641,83.3,100,0,2025-09-23T00:47:08.000Z
"9/22/2025, 8:50:08 PM",3.641,83.3,100,0,2025-09-23T00:50:08.000Z
"9/22/2025, 8:53:08 PM",3.641,83.3,100,0,2025-09-23T00:53:08.000Z
"9/22/2025, 8:56:08 PM",3.641,83.3,100,0,2025-09-23T00:56:08.000Z
"9/22/2025, 8:59:08 PM",3.641,83.5,100,0,2025-09-23T00:59:08.000Z
"9/22/2025, 9:02:08 PM",3.641,83.5,100,0,2025-09-23T01:02:08.000Z
"9/22/2025, 9:05:08 PM",3.641,83.5,100,0,2025-09-23T01:05:08.000Z
"9/22/2025, 9:08:08 PM",3.641,83.7,100,0,2025-09-23T01:08:08.000Z
"9/22/2025, 9:11:08 PM",3.641,83.7,100,0,2025-09-23T01:11:08.000Z
"9/22/2025, 9:14:08 PM",3.641,83.8,100,0,2025-09-23T01:14:08.000Z
"9/22/2025, 9:17:08 PM",3.641,83.8,100,0,2025-09-23T01:17:08.000Z
"9/22/2025, 9:20:08 PM",3.641,84,100,0,2025-09-23T01:20:08.000Z
"9/22/2025, 9:23:08 PM",3.641,84,100,0,2025-09-23T01:23:08.000Z
"9/22/2025, 9:26:08 PM",3.641,84.2,100,0,2025-09-23T01:26:08.000Z
"9/22/2025, 9:29:08 PM",3.641,84.2,100,0,2025-09-23T01:29:08.000Z
"9/22/2025, 9:32:08 PM",3.641,84.2,100,0,2025-09-23T01:32:08.000Z
"9/22/2025, 9:35:08 PM",3.641,84.2,100,0,2025-09-23T01:35:08.000Z
"9/22/2025, 9:38:08 PM",3.641,84.4,100,0,2025-09-23T01:38:08.000Z
"9/22/2025, 9:41:08 PM",3.641,84.4,100,0,2025-09-23T01:41:08.000Z
"9/22/2025, 9:44:08 PM",3.641,84.4,100,0,2025-09-23T01:44:08.000Z
"9/22/2025, 9:47:08 PM",3.641,84.4,100,0,2025-09-23T01:47:08.000Z
"9/22/2025, 9:50:08 PM",3.641,84.4,100,0,2025-09-23T01:50:08.000Z
"9/22/2025, 9:53:08 PM",3.641,84.4,100,0,2025-09-23T01:53:08.000Z
"9/22/2025, 9:56:08 PM",3.641,84.4,100,0,2025-09-23T01:56:08.000Z
"9/22/2025, 9:59:08 PM",3.641,84.4,100,0,2025-09-23T01:59:08.000Z
"9/22/2025, 10:02:08 PM",3.641,84.2,100,0,2025-09-23T02:02:08.000Z
"9/22/2025, 10:05:08 PM",3.641,84,100,0,2025-09-23T02:05:08.000Z
"9/22/2025, 10:08:08 PM",3.641,84,100,0,2025-09-23T02:08:08.000Z
"9/22/2025, 10:11:08 PM",3.64,83.8,100,0,2025-09-23T02:11:08.000Z
"9/22/2025, 10:14:08 PM",3.641,83.7,100,0,2025-09-23T02:14:08.000Z
"9/22/2025, 10:17:08 PM",3.641,83.7,100,0,2025-09-23T02:17:08.000Z
"9/22/2025, 10:20:08 PM",3.641,83.5,100,0,2025-09-23T02:20:08.000Z
"9/22/2025, 10:23:08 PM",3.641,83.5,100,0,2025-09-23T02:23:08.000Z
"9/22/2025, 10:26:08 PM",3.641,83.3,100,0,2025-09-23T02:26:08.000Z
"9/22/2025, 10:29:08 PM",3.641,83.3,100,0,2025-09-23T02:29:08.000Z
"9/22/2025, 10:32:08 PM",3.641,83.1,100,0,2025-09-23T02:32:08.000Z
"9/22/2025, 10:35:08 PM",3.641,83.1,100,0,2025-09-23T02:35:08.000Z
"9/22/2025, 10:38:08 PM",3.64,82.9,100,0,2025-09-23T02:38:08.000Z
"9/22/2025, 10:41:08 PM",3.641,82.9,100,0,2025-09-23T02:41:08.000Z
"9/22/2025, 10:44:08 PM",3.641,82.9,100,0,2025-09-23T02:44:08.000Z
"9/22/2025, 10:47:08 PM",3.641,82.8,100,0,2025-09-23T02:47:08.000Z
"9/22/2025, 10:50:08 PM",3.641,82.8,100,0,2025-09-23T02:50:08.000Z
"9/22/2025, 10:53:08 PM",3.641,82.8,100,0,2025-09-23T02:53:08.000Z
"9/22/2025, 10:56:08 PM",3.641,82.9,100,0,2025-09-23T02:56:08.000Z
"9/22/2025, 10:59:08 PM",3.641,82.9,100,0,2025-09-23T02:59:08.000Z
"9/22/2025, 11:02:08 PM",3.64,82.9,100,0,2025-09-23T03:02:08.000Z
"9/22/2025, 11:05:08 PM",3.641,82.9,100,0,2025-09-23T03:05:08.000Z
"9/22/2025, 11:08:08 PM",3.641,82.9,100,0,2025-09-23T03:08:08.000Z
"9/22/2025, 11:11:08 PM",3.641,82.9,100,0,2025-09-23T03:11:08.000Z
"9/22/2025, 11:14:08 PM",3.641,82.9,100,0,2025-09-23T03:14:08.000Z
"9/22/2025, 11:17:08 PM",3.641,82.9,100,0,2025-09-23T03:17:08.000Z
"9/22/2025, 11:20:08 PM",3.641,82.9,100,0,2025-09-23T03:20:08.000Z
"9/22/2025, 11:23:08 PM",3.641,82.9,100,0,2025-09-23T03:23:08.000Z
"9/22/2025, 11:26:08 PM",3.641,82.9,100,0,2025-09-23T03:26:08.000Z
"9/22/2025, 11:29:08 PM",3.641,82.9,100,0,2025-09-23T03:29:08.000Z
"9/22/2025, 11:32:08 PM",3.641,82.9,100,0,2025-09-23T03:32:08.000Z
"9/22/2025, 11:35:08 PM",3.641,82.9,100,0,2025-09-23T03:35:08.000Z
"9/22/2025, 11:38:08 PM",3.641,82.9,100,0,2025-09-23T03:38:08.000Z
"9/22/2025, 11:41:08 PM",3.641,82.8,100,0,2025-09-23T03:41:08.000Z
"9/22/2025, 11:44:08 PM",3.641,82.8,100,0,2025-09-23T03:44:08.000Z
"9/22/2025, 11:47:08 PM",3.641,82.8,100,0,2025-09-23T03:47:08.000Z
"9/22/2025, 11:50:08 PM",3.641,82.8,100,0,2025-09-23T03:50:08.000Z
"9/22/2025, 11:53:08 PM",3.641,82.6,100,0,2025-09-23T03:53:08.000Z
"9/22/2025, 11:56:08 PM",3.64,82.6,100,0,2025-09-23T03:56:08.000Z
"9/22/2025, 11:59:08 PM",3.641,82.6,100,0,2025-09-23T03:59:08.000Z
"9/23/2025, 12:02:08 AM",3.64,82.6,100,0,2025-09-23T04:02:08.000Z
"9/23/2025, 12:05:08 AM",3.641,82.6,100,0,2025-09-23T04:05:08.000Z
"9/23/2025, 12:08:08 AM",3.641,82.6,100,0,2025-09-23T04:08:08.000Z
"9/23/2025, 12:11:08 AM",3.64,82.6,100,0,2025-09-23T04:11:08.000Z
"9/23/2025, 12:14:08 AM",3.641,82.6,100,0,2025-09-23T04:14:08.000Z
"9/23/2025, 12:17:08 AM",3.641,82.4,100,0,2025-09-23T04:17:08.000Z
"9/23/2025, 12:20:08 AM",3.641,82.4,100,0,2025-09-23T04:20:08.000Z
"9/23/2025, 12:23:08 AM",3.641,82.4,100,0,2025-09-23T04:23:08.000Z
"9/23/2025, 12:26:08 AM",3.641,82.4,100,0,2025-09-23T04:26:08.000Z
"9/23/2025, 12:29:08 AM",3.641,82.2,100,0,2025-09-23T04:29:08.000Z
"9/23/2025, 12:32:08 AM",3.64,82.2,100,0,2025-09-23T04:32:08.000Z
"9/23/2025, 12:35:08 AM",3.641,82.2,100,0,2025-09-23T04:35:08.000Z
"9/23/2025, 12:38:08 AM",3.641,82,100,0,2025-09-23T04:38:08.000Z
"9/23/2025, 12:41:08 AM",3.641,82,100,0,2025-09-23T04:41:08.000Z
"9/23/2025, 12:44:08 AM",3.641,82,100,0,2025-09-23T04:44:08.000Z
"9/23/2025, 12:47:08 AM",3.641,81.9,100,0,2025-09-23T04:47:08.000Z
"9/23/2025, 12:50:08 AM",3.641,81.9,100,0,2025-09-23T04:50:08.000Z
"9/23/2025, 12:53:08 AM",3.641,81.9,100,0,2025-09-23T04:53:08.000Z
"9/23/2025, 12:56:08 AM",3.641,81.9,100,0,2025-09-23T04:56:08.000Z
"9/23/2025, 12:59:08 AM",3.641,81.9,100,0,2025-09-23T04:59:08.000Z
"9/23/2025, 1:02:08 AM",3.641,81.9,100,0,2025-09-23T05:02:08.000Z
"9/23/2025, 1:05:08 AM",3.641,81.9,100,0,2025-09-23T05:05:08.000Z
"9/23/2025, 1:08:08 AM",3.641,81.9,100,0,2025-09-23T05:08:08.000Z
"9/23/2025, 1:11:08 AM",3.64,81.9,100,0,2025-09-23T05:11:08.000Z
"9/23/2025, 1:14:08 AM",3.641,81.9,100,0,2025-09-23T05:14:08.000Z
"9/23/2025, 1:17:08 AM",3.641,81.9,100,0,2025-09-23T05:17:08.000Z
"9/23/2025, 1:20:08 AM",3.641,82,100,0,2025-09-23T05:20:08.000Z
"9/23/2025, 1:23:08 AM",3.641,82,100,0,2025-09-23T05:23:08.000Z
"9/23/2025, 1:26:08 AM",3.641,82.2,100,0,2025-09-23T05:26:08.000Z
"9/23/2025, 1:29:08 AM",3.64,82.2,100,0,2025-09-23T05:29:08.000Z
"9/23/2025, 1:32:08 AM",3.641,82.4,100,0,2025-09-23T05:32:08.000Z
"9/23/2025, 1:35:08 AM",3.641,82.4,100,0,2025-09-23T05:35:08.000Z
"9/23/2025, 1:38:08 AM",3.641,82.4,100,0,2025-09-23T05:38:08.000Z
"9/23/2025, 1:41:08 AM",3.641,82.6,100,0,2025-09-23T05:41:08.000Z
"9/23/2025, 1:44:08 AM",3.641,82.6,100,0,2025-09-23T05:44:08.000Z
"9/23/2025, 1:47:08 AM",3.641,82.6,100,0,2025-09-23T05:47:08.000Z
"9/23/2025, 1:50:08 AM",3.64,82.8,100,0,2025-09-23T05:50:08.000Z
"9/23/2025, 1:53:08 AM",3.641,82.8,100,0,2025-09-23T05:53:08.000Z
"9/23/2025, 1:56:08 AM",3.641,82.9,100,0,2025-09-23T05:56:08.000Z
"9/23/2025, 1:59:08 AM",3.641,82.9,100,0,2025-09-23T05:59:08.000Z
"9/23/2025, 2:02:08 AM",3.641,82.9,100,0,2025-09-23T06:02:08.000Z
"9/23/2025, 2:05:08 AM",3.641,82.9,100,0,2025-09-23T06:05:08.000Z
"9/23/2025, 2:08:08 AM",3.641,82.9,100,0,2025-09-23T06:08:08.000Z
"9/23/2025, 2:11:08 AM",3.641,82.9,100,0,2025-09-23T06:11:08.000Z
"9/23/2025, 2:14:08 AM",3.641,83.1,100,0,2025-09-23T06:14:08.000Z
"9/23/2025, 2:17:08 AM",3.641,83.1,100,0,2025-09-23T06:17:08.000Z
"9/23/2025, 2:20:08 AM",3.64,83.1,100,0,2025-09-23T06:20:08.000Z
"9/23/2025, 2:23:08 AM",3.641,83.1,100,0,2025-09-23T06:23:08.000Z
"9/23/2025, 2:26:08 AM",3.641,83.1,100,0,2025-09-23T06:26:08.000Z
"9/23/2025, 2:29:08 AM",3.641,83.1,100,0,2025-09-23T06:29:08.000Z
"9/23/2025, 2:32:08 AM",3.641,83.3,100,0,2025-09-23T06:32:08.000Z
"9/23/2025, 2:35:08 AM",3.641,83.3,100,0,2025-09-23T06:35:08.000Z
"9/23/2025, 2:38:08 AM",3.641,83.3,100,0,2025-09-23T06:38:08.000Z
"9/23/2025, 2:41:08 AM",3.641,83.3,100,0,2025-09-23T06:41:08.000Z
"9/23/2025, 2:44:08 AM",3.64,83.3,100,0,2025-09-23T06:44:08.000Z
"9/23/2025, 2:47:08 AM",3.641,83.3,100,0,2025-09-23T06:47:08.000Z
"9/23/2025, 2:50:08 AM",3.64,83.3,100,0,2025-09-23T06:50:08.000Z
"9/23/2025, 2:53:08 AM",3.641,83.3,100,0,2025-09-23T06:53:08.000Z
"9/23/2025, 2:56:08 AM",3.641,83.3,100,0,2025-09-23T06:56:08.000Z
"9/23/2025, 2:59:08 AM",3.64,83.3,100,0,2025-09-23T06:59:08.000Z
"9/23/2025, 3:02:08 AM",3.641,83.3,100,0,2025-09-23T07:02:08.000Z
"9/23/2025, 3:05:08 AM",3.641,83.3,100,0,2025-09-23T07:05:08.000Z
"9/23/2025, 3:08:08 AM",3.64,83.3,100,0,2025-09-23T07:08:08.000Z
"9/23/2025, 3:11:08 AM",3.641,83.3,100,0,2025-09-23T07:11:08.000Z
"9/23/2025, 3:14:08 AM",3.641,83.5,100,0,2025-09-23T07:14:08.000Z
"9/23/2025, 3:17:08 AM",3.641,83.3,100,0,2025-09-23T07:17:08.000Z
"9/23/2025, 3:20:08 AM",3.641,83.3,100,0,2025-09-23T07:20:08.000Z
"9/23/2025, 3:23:08 AM",3.64,83.3,100,0,2025-09-23T07:23:08.000Z
"9/23/2025, 3:26:08 AM",3.641,83.3,100,0,2025-09-23T07:26:08.000Z
"9/23/2025, 3:29:08 AM",3.641,83.3,100,0,2025-09-23T07:29:08.000Z
"9/23/2025, 3:32:08 AM",3.64,83.3,100,0,2025-09-23T07:32:08.000Z
"9/23/2025, 3:35:08 AM",3.64,83.3,100,0,2025-09-23T07:35:08.000Z
"9/23/2025, 3:38:08 AM",3.641,83.3,100,0,2025-09-23T07:38:08.000Z
"9/23/2025, 3:41:08 AM",3.64,83.1,100,0,2025-09-23T07:41:08.000Z
"9/23/2025, 3:44:08 AM",3.641,83.1,100,0,2025-09-23T07:44:08.000Z
"9/23/2025, 3:47:08 AM",3.64,83.1,100,0,2025-09-23T07:47:08.000Z
"9/23/2025, 3:50:08 AM",3.641,82.9,100,0,2025-09-23T07:50:08.000Z
"9/23/2025, 3:53:08 AM",3.641,82.9,100,0,2025-09-23T07:53:08.000Z
"9/23/2025, 3:56:08 AM",3.641,82.9,100,0,2025-09-23T07:56:08.000Z
"9/23/2025, 3:59:08 AM",3.641,82.9,100,0,2025-09-23T07:59:08.000Z
"9/23/2025, 4:02:08 AM",3.641,82.9,100,0,2025-09-23T08:02:08.000Z
"9/23/2025, 4:05:08 AM",3.641,83.1,100,0,2025-09-23T08:05:08.000Z
"9/23/2025, 4:08:08 AM",3.641,83.1,100,0,2025-09-23T08:08:08.000Z
"9/23/2025, 4:11:08 AM",3.64,83.1,100,0,2025-09-23T08:11:08.000Z
"9/23/2025, 4:14:08 AM",3.64,83.1,100,0,2025-09-23T08:14:08.000Z
"9/23/2025, 4:17:08 AM",3.641,83.3,100,0,2025-09-23T08:17:08.000Z
"9/23/2025, 4:20:08 AM",3.641,83.3,100,0,2025-09-23T08:20:08.000Z
"9/23/2025, 4:23:08 AM",3.64,83.3,100,0,2025-09-23T08:23:08.000Z
"9/23/2025, 4:26:08 AM",3.64,83.3,100,0,2025-09-23T08:26:08.000Z
"9/23/2025, 4:29:08 AM",3.641,83.3,100,0,2025-09-23T08:29:08.000Z
"9/23/2025, 4:32:08 AM",3.64,83.3,100,0,2025-09-23T08:32:08.000Z
"9/23/2025, 4:35:08 AM",3.641,83.3,100,0,2025-09-23T08:35:08.000Z
"9/23/2025, 4:38:08 AM",3.641,83.3,100,0,2025-09-23T08:38:08.000Z
"9/23/2025, 4:41:08 AM",3.641,83.5,100,0,2025-09-23T08:41:08.000Z
"9/23/2025, 4:44:08 AM",3.641,83.5,100,0,2025-09-23T08:44:08.000Z
"9/23/2025, 4:47:08 AM",3.641,83.5,100,0,2025-09-23T08:47:08.000Z
"9/23/2025, 4:50:08 AM",3.641,83.5,100,0,2025-09-23T08:50:08.000Z
"9/23/2025, 4:53:08 AM",3.641,83.7,100,0,2025-09-23T08:53:08.000Z
"9/23/2025, 4:56:08 AM",3.641,83.7,100,0,2025-09-23T08:56:08.000Z
"9/23/2025, 4:59:08 AM",3.64,83.7,100,0,2025-09-23T08:59:08.000Z
"9/23/2025, 5:02:08 AM",3.64,83.7,100,0,2025-09-23T09:02:08.000Z
"9/23/2025, 5:05:08 AM",3.641,83.7,100,0,2025-09-23T09:05:08.000Z
"9/23/2025, 5:08:08 AM",3.64,83.7,100,0,2025-09-23T09:08:08.000Z
"9/23/2025, 5:11:08 AM",3.641,83.7,100,0,2025-09-23T09:11:08.000Z
"9/23/2025, 5:14:08 AM",3.64,83.8,100,0,2025-09-23T09:14:08.000Z
"9/23/2025, 5:17:08 AM",3.641,83.8,100,0,2025-09-23T09:17:08.000Z
"9/23/2025, 5:20:08 AM",3.64,83.8,100,0,2025-09-23T09:20:08.000Z
"9/23/2025, 5:23:08 AM",3.64,83.8,100,0,2025-09-23T09:23:08.000Z
"9/23/2025, 5:26:08 AM",3.641,83.8,100,0,2025-09-23T09:26:08.000Z
"9/23/2025, 5:29:08 AM",3.64,83.7,100,0,2025-09-23T09:29:08.000Z
"9/23/2025, 5:32:08 AM",3.641,83.7,100,0,2025-09-23T09:32:08.000Z
"9/23/2025, 5:35:08 AM",3.64,83.7,100,0,2025-09-23T09:35:08.000Z
"9/23/2025, 5:38:08 AM",3.641,83.7,100,0,2025-09-23T09:38:08.000Z
"9/23/2025, 5:41:08 AM",3.641,83.7,100,0,2025-09-23T09:41:08.000Z
"9/23/2025, 5:44:08 AM",3.641,83.7,100,0,2025-09-23T09:44:08.000Z
"9/23/2025, 5:47:08 AM",3.64,83.5,100,0,2025-09-23T09:47:08.000Z
"9/23/2025, 5:50:08 AM",3.641,83.5,100,0,2025-09-23T09:50:08.000Z
"9/23/2025, 5:53:08 AM",3.64,83.5,100,0,2025-09-23T09:53:08.000Z
"9/23/2025, 5:56:08 AM",3.64,83.5,100,0,2025-09-23T09:56:08.000Z
"9/23/2025, 5:59:08 AM",3.64,83.5,100,0,2025-09-23T09:59:08.000Z
"9/23/2025, 6:02:08 AM",3.64,83.5,100,0,2025-09-23T10:02:08.000Z
"9/23/2025, 6:05:08 AM",3.64,83.5,100,0,2025-09-23T10:05:08.000Z
"9/23/2025, 6:08:08 AM",3.64,83.5,100,0,2025-09-23T10:08:08.000Z
"9/23/2025, 6:11:08 AM",3.64,83.5,100,0,2025-09-23T10:11:08.000Z
"9/23/2025, 6:14:08 AM",3.641,83.5,100,0,2025-09-23T10:14:08.000Z
"9/23/2025, 6:17:08 AM",3.64,83.5,100,0,2025-09-23T10:17:08.000Z
"9/23/2025, 6:20:08 AM",3.64,83.5,100,0,2025-09-23T10:20:08.000Z
"9/23/2025, 6:23:08 AM",3.64,83.5,100,0,2025-09-23T10:23:08.000Z
"9/23/2025, 6:26:08 AM",3.64,83.5,100,0,2025-09-23T10:26:08.000Z
"9/23/2025, 6:29:08 AM",3.641,83.5,100,0,2025-09-23T10:29:08.000Z
"9/23/2025, 6:32:08 AM",3.64,83.5,100,0,2025-09-23T10:32:08.000Z
"9/23/2025, 6:35:08 AM",3.64,83.5,100,0,2025-09-23T10:35:08.000Z
"9/23/2025, 6:38:08 AM",3.64,83.5,100,0,2025-09-23T10:38:08.000Z
"9/23/2025, 6:41:08 AM",3.64,83.5,100,0,2025-09-23T10:41:08.000Z
"9/23/2025, 6:44:08 AM",3.64,83.5,100,0,2025-09-23T10:44:08.000Z
"9/23/2025, 6:47:08 AM",3.641,83.5,100,0,2025-09-23T10:47:08.000Z
"9/23/2025, 6:50:08 AM",3.64,83.3,100,0,2025-09-23T10:50:08.000Z
"9/23/2025, 6:53:08 AM",3.64,83.3,100,0,2025-09-23T10:53:08.000Z
"9/23/2025, 6:56:08 AM",3.64,83.3,100,0,2025-09-23T10:56:08.000Z
"9/23/2025, 6:59:08 AM",3.64,83.3,100,0,2025-09-23T10:59:08.000Z
"9/23/2025, 7:02:08 AM",3.64,83.3,100,0,2025-09-23T11:02:08.000Z
"9/23/2025, 7:05:08 AM",3.64,83.3,100,0,2025-09-23T11:05:08.000Z
"9/23/2025, 7:08:08 AM",3.641,83.3,100,0,2025-09-23T11:08:08.000Z
"9/23/2025, 7:11:08 AM",3.64,83.3,100,0,2025-09-23T11:11:08.000Z
"9/23/2025, 7:14:08 AM",3.64,83.3,100,0,2025-09-23T11:14:08.000Z
"9/23/2025, 7:17:08 AM",3.641,83.3,100,0,2025-09-23T11:17:08.000Z
"9/23/2025, 7:20:08 AM",3.64,83.3,100,0,2025-09-23T11:20:08.000Z
"9/23/2025, 7:23:08 AM",3.64,83.3,100,0,2025-09-23T11:23:08.000Z
"9/23/2025, 7:26:08 AM",3.64,83.3,100,0,2025-09-23T11:26:08.000Z
"9/23/2025, 7:29:08 AM",3.64,83.1,100,0,2025-09-23T11:29:08.000Z
"9/23/2025, 7:32:08 AM",3.64,83.1,100,0,2025-09-23T11:32:08.000Z
"9/23/2025, 7:35:08 AM",3.64,83.1,100,0,2025-09-23T11:35:08.000Z
"9/23/2025, 7:38:08 AM",3.64,83.1,100,0,2025-09-23T11:38:08.000Z
"9/23/2025, 7:41:08 AM",3.64,83.1,100,0,2025-09-23T11:41:08.000Z
"9/23/2025, 7:44:08 AM",3.64,83.1,100,0,2025-09-23T11:44:08.000Z
"9/23/2025, 7:47:08 AM",3.64,82.9,100,0,2025-09-23T11:47:08.000Z
"9/23/2025, 7:50:08 AM",3.64,82.9,100,0,2025-09-23T11:50:08.000Z
"9/23/2025, 7:53:08 AM",3.64,82.9,100,0,2025-09-23T11:53:08.000Z
"9/23/2025, 7:56:08 AM",3.64,82.9,100,0,2025-09-23T11:56:08.000Z
"9/23/2025, 7:59:08 AM",3.64,82.9,100,0,2025-09-23T11:59:08.000Z
"9/23/2025, 8:02:08 AM",3.64,82.9,100,0,2025-09-23T12:02:08.000Z
"9/23/2025, 8:05:08 AM",3.64,82.9,100,0,2025-09-23T12:05:08.000Z
"9/23/2025, 8:08:08 AM",3.64,82.9,100,0,2025-09-23T12:08:08.000Z
"9/23/2025, 8:11:08 AM",3.64,82.9,100,0,2025-09-23T12:11:08.000Z
"9/23/2025, 8:14:08 AM",3.64,83.1,100,0,2025-09-23T12:14:08.000Z
"9/23/2025, 8:17:08 AM",3.64,83.1,100,0,2025-09-23T12:17:08.000Z
"9/23/2025, 8:20:08 AM",3.641,83.1,100,0,2025-09-23T12:20:08.000Z
"9/23/2025, 8:23:08 AM",3.64,83.1,100,0,2025-09-23T12:23:08.000Z
"9/23/2025, 8:26:08 AM",3.64,83.3,100,0,2025-09-23T12:26:08.000Z
"9/23/2025, 8:29:08 AM",3.64,83.3,100,0,2025-09-23T12:29:08.000Z
"9/23/2025, 8:32:08 AM",3.64,83.3,100,0,2025-09-23T12:32:08.000Z
"9/23/2025, 8:35:08 AM",3.64,83.3,100,0,2025-09-23T12:35:08.000Z
"9/23/2025, 8:38:08 AM",3.64,83.3,100,0,2025-09-23T12:38:08.000Z
"9/23/2025, 8:41:08 AM",3.64,83.3,100,0,2025-09-23T12:41:08.000Z
"9/23/2025, 8:44:08 AM",3.64,83.3,100,0,2025-09-23T12:44:08.000Z
"9/23/2025, 8:47:08 AM",3.64,83.3,100,0,2025-09-23T12:47:08.000Z
"9/23/2025, 8:50:08 AM",3.64,83.3,100,0,2025-09-23T12:50:08.000Z
"9/23/2025, 8:53:08 AM",3.64,83.3,100,0,2025-09-23T12:53:08.000Z
"9/23/2025, 8:56:08 AM",3.641,83.5,100,0,2025-09-23T12:56:08.000Z
"9/23/2025, 8:59:08 AM",3.64,83.5,100,0,2025-09-23T12:59:08.000Z
"9/23/2025, 9:02:08 AM",3.64,83.5,100,0,2025-09-23T13:02:08.000Z
"9/23/2025, 9:05:08 AM",3.641,83.7,100,0,2025-09-23T13:05:08.000Z
"9/23/2025, 9:08:08 AM",3.64,83.7,100,0,2025-09-23T13:08:08.000Z
"9/23/2025, 9:11:08 AM",3.64,83.8,100,0,2025-09-23T13:11:08.000Z
"9/23/2025, 9:14:08 AM",3.64,83.8,100,0,2025-09-23T13:14:08.000Z
"9/23/2025, 9:17:08 AM",3.64,84,100,0,2025-09-23T13:17:08.000Z
"9/23/2025, 9:20:08 AM",3.641,84.2,100,0,2025-09-23T13:20:08.000Z
"9/23/2025, 9:23:08 AM",3.64,84.4,100,0,2025-09-23T13:23:08.000Z
"9/23/2025, 9:26:08 AM",3.64,84.6,100,0,2025-09-23T13:26:08.000Z
"9/23/2025, 9:29:08 AM",3.64,84.7,100,0,2025-09-23T13:29:08.000Z
"9/23/2025, 9:32:08 AM",3.64,84.9,100,0,2025-09-23T13:32:08.000Z
"9/23/2025, 9:35:08 AM",3.64,85.1,100,0,2025-09-23T13:35:08.000Z
"9/23/2025, 9:38:08 AM",3.64,85.3,100,0,2025-09-23T13:38:08.000Z
"9/23/2025, 9:41:08 AM",3.64,85.5,100,0,2025-09-23T13:41:08.000Z
"9/23/2025, 9:44:08 AM",3.64,85.5,100,0,2025-09-23T13:44:08.000Z
"9/23/2025, 9:47:08 AM",3.64,85.6,100,0,2025-09-23T13:47:08.000Z
"9/23/2025, 9:50:08 AM",3.64,85.6,100,0,2025-09-23T13:50:08.000Z
"9/23/2025, 9:53:08 AM",3.64,85.8,100,0,2025-09-23T13:53:08.000Z
"9/23/2025, 9:56:08 AM",3.64,85.8,100,0,2025-09-23T13:56:08.000Z
"9/23/2025, 9:59:08 AM",3.639,86,100,0,2025-09-23T13:59:08.000Z
"9/23/2025, 10:02:08 AM",3.64,86,100,0,2025-09-23T14:02:08.000Z
"9/23/2025, 10:05:08 AM",3.64,86.2,100,0,2025-09-23T14:05:08.000Z
"9/23/2025, 10:08:08 AM",3.64,86.2,100,0,2025-09-23T14:08:08.000Z
"9/23/2025, 10:11:08 AM",3.64,86.4,100,0,2025-09-23T14:11:08.000Z
"9/23/2025, 10:14:08 AM",3.64,86.4,100,0,2025-09-23T14:14:08.000Z
"9/23/2025, 10:17:08 AM",3.64,86.5,100,0,2025-09-23T14:17:08.000Z
"9/23/2025, 10:20:08 AM",3.64,86.7,100,0,2025-09-23T14:20:08.000Z
"9/23/2025, 10:23:08 AM",3.64,86.9,100,0,2025-09-23T14:23:08.000Z
"9/23/2025, 10:26:08 AM",3.64,87.1,100,0,2025-09-23T14:26:08.000Z
"9/23/2025, 10:29:08 AM",3.64,87.3,100,0,2025-09-23T14:29:08.000Z
"9/23/2025, 10:32:08 AM",3.64,87.6,100,0,2025-09-23T14:32:08.000Z
"9/23/2025, 10:35:08 AM",3.64,88,100,0,2025-09-23T14:35:08.000Z
"9/23/2025, 10:38:08 AM",3.64,88.2,100,0,2025-09-23T14:38:08.000Z
"9/23/2025, 10:41:08 AM",3.64,88.5,100,0,2025-09-23T14:41:08.000Z
"9/23/2025, 10:44:08 AM",3.64,88.7,100,0,2025-09-23T14:44:08.000Z
"9/23/2025, 10:47:08 AM",3.64,89.1,100,0,2025-09-23T14:47:08.000Z
"9/23/2025, 10:50:08 AM",3.64,89.2,100,0,2025-09-23T14:50:08.000Z
"9/23/2025, 10:53:08 AM",3.64,89.6,100,0,2025-09-23T14:53:08.000Z
"9/23/2025, 10:56:08 AM",3.64,89.8,100,0,2025-09-23T14:56:08.000Z
"9/23/2025, 10:59:08 AM",3.64,90.1,100,0,2025-09-23T14:59:08.000Z
"9/23/2025, 11:02:08 AM",3.64,90.3,100,0,2025-09-23T15:02:08.000Z
"9/23/2025, 11:05:08 AM",3.64,90.7,100,0,2025-09-23T15:05:08.000Z
"9/23/2025, 11:08:08 AM",3.64,90.9,100,0,2025-09-23T15:08:08.000Z
"9/23/2025, 11:11:08 AM",3.64,91.2,100,0,2025-09-23T15:11:08.000Z
"9/23/2025, 11:14:08 AM",3.64,91.6,100,0,2025-09-23T15:14:08.000Z
"9/23/2025, 11:17:08 AM",3.64,91.9,100,0,2025-09-23T15:17:08.000Z
"9/23/2025, 11:20:08 AM",3.64,92.3,100,0,2025-09-23T15:20:08.000Z
"9/23/2025, 11:23:08 AM",3.64,92.5,100,0,2025-09-23T15:23:08.000Z
"9/23/2025, 11:26:08 AM",3.64,92.7,100,0,2025-09-23T15:26:08.000Z
"9/23/2025, 11:29:08 AM",3.64,92.8,100,0,2025-09-23T15:29:08.000Z
"9/23/2025, 11:32:08 AM",3.64,93,100,0,2025-09-23T15:32:08.000Z
"9/23/2025, 11:35:08 AM",3.64,93,100,0,2025-09-23T15:35:08.000Z
"9/23/2025, 11:38:08 AM",3.639,93,100,0,2025-09-23T15:38:08.000Z
"9/23/2025, 11:41:08 AM",3.64,92.8,100,0,2025-09-23T15:41:08.000Z
"9/23/2025, 11:44:08 AM",3.64,92.8,100,0,2025-09-23T15:44:08.000Z
"9/23/2025, 11:47:08 AM",3.639,92.8,100,0,2025-09-23T15:47:08.000Z
"9/23/2025, 11:50:08 AM",3.64,92.8,100,0,2025-09-23T15:50:08.000Z
"9/23/2025, 11:53:08 AM",3.64,93,100,0,2025-09-23T15:53:08.000Z
"9/23/2025, 11:56:08 AM",3.639,93.2,100,0,2025-09-23T15:56:08.000Z
"9/23/2025, 11:59:08 AM",3.64,93.4,100,0,2025-09-23T15:59:08.000Z
"9/23/2025, 12:02:08 PM",3.639,93.6,100,0,2025-09-23T16:02:08.000Z
"9/23/2025, 12:05:08 PM",3.64,93.9,100,0,2025-09-23T16:05:08.000Z
"9/23/2025, 12:08:08 PM",3.64,94.1,100,0,2025-09-23T16:08:08.000Z
"9/23/2025, 12:11:08 PM",3.639,94.5,100,0,2025-09-23T16:11:08.000Z
"9/23/2025, 12:14:08 PM",3.639,94.8,100,0,2025-09-23T16:14:08.000Z
"9/23/2025, 12:17:08 PM",3.64,95,100,0,2025-09-23T16:17:08.000Z
"9/23/2025, 12:20:08 PM",3.64,95.4,100,0,2025-09-23T16:20:08.000Z
"9/23/2025, 12:23:08 PM",3.64,95.7,100,0,2025-09-23T16:23:08.000Z
"9/23/2025, 12:26:08 PM",3.64,95.9,100,0,2025-09-23T16:26:08.000Z
"9/23/2025, 12:29:08 PM",3.64,96.3,100,0,2025-09-23T16:29:08.000Z
"9/23/2025, 12:32:08 PM",3.64,96.4,100,0,2025-09-23T16:32:08.000Z
"9/23/2025, 12:35:08 PM",3.64,96.6,100,0,2025-09-23T16:35:08.000Z
"9/23/2025, 12:38:08 PM",3.639,96.8,100,0,2025-09-23T16:38:08.000Z
"9/23/2025, 12:41:08 PM",3.639,96.8,100,0,2025-09-23T16:41:08.000Z
"9/23/2025, 12:44:08 PM",3.639,97,100,0,2025-09-23T16:44:08.000Z
"9/23/2025, 12:47:08 PM",3.639,97,100,0,2025-09-23T16:47:08.000Z
"9/23/2025, 12:50:08 PM",3.639,97.2,100,0,2025-09-23T16:50:08.000Z
"9/23/2025, 12:53:08 PM",3.639,97.3,100,0,2025-09-23T16:53:08.000Z
"9/23/2025, 12:56:08 PM",3.64,97.5,100,0,2025-09-23T16:56:08.000Z
"9/23/2025, 12:59:08 PM",3.64,97.7,100,0,2025-09-23T16:59:08.000Z
"9/23/2025, 1:02:08 PM",3.639,97.9,100,0,2025-09-23T17:02:08.000Z
"9/23/2025, 1:05:08 PM",3.64,98.1,100,0,2025-09-23T17:05:08.000Z
"9/23/2025, 1:08:08 PM",3.639,98.4,100,0,2025-09-23T17:08:08.000Z
"9/23/2025, 1:11:08 PM",3.639,98.2,100,0,2025-09-23T17:11:08.000Z
"9/23/2025, 1:14:08 PM",3.639,98.4,100,0,2025-09-23T17:14:08.000Z
"9/23/2025, 1:17:08 PM",3.639,98.6,100,0,2025-09-23T17:17:08.000Z
"9/23/2025, 1:20:08 PM",3.64,98.8,100,0,2025-09-23T17:20:08.000Z
"9/23/2025, 1:23:08 PM",3.64,98.8,100,0,2025-09-23T17:23:08.000Z
"9/23/2025, 1:26:08 PM",3.639,98.6,100,0,2025-09-23T17:26:08.000Z
"9/23/2025, 1:29:08 PM",3.639,98.4,100,0,2025-09-23T17:29:08.000Z
"9/23/2025, 1:32:08 PM",3.639,98.2,100,0,2025-09-23T17:32:08.000Z
"9/23/2025, 1:35:08 PM",3.639,98.1,100,0,2025-09-23T17:35:08.000Z
"9/23/2025, 1:38:08 PM",3.639,98.2,100,0,2025-09-23T17:38:08.000Z
"9/23/2025, 1:41:08 PM",3.639,98.4,100,0,2025-09-23T17:41:08.000Z
"9/23/2025, 1:44:08 PM",3.64,98.4,100,0,2025-09-23T17:44:08.000Z
"9/23/2025, 1:47:08 PM",3.639,98.6,100,0,2025-09-23T17:47:08.000Z
"9/23/2025, 1:50:08 PM",3.64,98.8,100,0,2025-09-23T17:50:08.000Z
"9/23/2025, 1:53:08 PM",3.639,98.6,100,0,2025-09-23T17:53:08.000Z
"9/23/2025, 1:56:08 PM",3.639,98.8,100,0,2025-09-23T17:56:08.000Z
"9/23/2025, 1:59:08 PM",3.639,98.8,100,0,2025-09-23T17:59:08.000Z
"9/23/2025, 2:02:08 PM",3.64,98.6,100,0,2025-09-23T18:02:08.000Z
"9/23/2025, 2:05:08 PM",3.639,98.6,100,0,2025-09-23T18:05:08.000Z
"9/23/2025, 2:08:08 PM",3.64,98.4,100,0,2025-09-23T18:08:08.000Z
"9/23/2025, 2:11:08 PM",3.639,98.4,100,0,2025-09-23T18:11:08.000Z
"9/23/2025, 2:14:08 PM",3.64,98.6,100,0,2025-09-23T18:14:08.000Z
"9/23/2025, 2:17:08 PM",3.64,98.6,100,0,2025-09-23T18:17:08.000Z
"9/23/2025, 2:20:08 PM",3.639,98.8,100,0,2025-09-23T18:20:08.000Z
"9/23/2025, 2:23:08 PM",3.64,99,100,0,2025-09-23T18:23:08.000Z
"9/23/2025, 2:26:08 PM",3.64,99,100,0,2025-09-23T18:26:08.000Z
"9/23/2025, 2:29:08 PM",3.64,99.1,100,0,2025-09-23T18:29:08.000Z
"9/23/2025, 2:32:08 PM",3.64,99.1,100,0,2025-09-23T18:32:08.000Z
"9/23/2025, 2:35:08 PM",3.639,99.3,100,0,2025-09-23T18:35:08.000Z
"9/23/2025, 2:38:08 PM",3.639,99.3,100,0,2025-09-23T18:38:08.000Z
"9/23/2025, 2:41:08 PM",3.639,99.5,100,0,2025-09-23T18:41:08.000Z
"9/23/2025, 2:44:08 PM",3.64,99.5,100,0,2025-09-23T18:44:08.000Z
"9/23/2025, 2:47:08 PM",3.64,99.7,100,0,2025-09-23T18:47:08.000Z
"9/23/2025, 2:50:08 PM",3.639,99.9,100,0,2025-09-23T18:50:08.000Z
"9/23/2025, 2:53:08 PM",3.64,100,100,0,2025-09-23T18:53:08.000Z
"9/23/2025, 2:56:08 PM",3.639,100,100,0,2025-09-23T18:56:08.000Z
"9/23/2025, 2:59:08 PM",3.639,100.2,100,0,2025-09-23T18:59:08.000Z
"9/23/2025, 3:02:08 PM",3.64,100.2,100,0,2025-09-23T19:02:08.000Z
"9/23/2025, 3:05:08 PM",3.64,100.2,100,0,2025-09-23T19:05:08.000Z
"9/23/2025, 3:08:08 PM",3.64,100.2,100,0,2025-09-23T19:08:08.000Z
"9/23/2025, 3:11:08 PM",3.64,100.2,100,0,2025-09-23T19:11:08.000Z
"9/23/2025, 3:14:08 PM",3.64,100.2,100,0,2025-09-23T19:14:08.000Z
"9/23/2025, 3:17:08 PM",3.64,100.4,100,0,2025-09-23T19:17:08.000Z
"9/23/2025, 3:20:08 PM",3.64,100.6,100,0,2025-09-23T19:20:08.000Z
"9/23/2025, 3:23:08 PM",3.64,100.6,100,0,2025-09-23T19:23:08.000Z
"9/23/2025, 3:26:08 PM",3.64,100.4,100,0,2025-09-23T19:26:08.000Z
"9/23/2025, 3:29:08 PM",3.64,100.2,100,0,2025-09-23T19:29:08.000Z
"9/23/2025, 3:32:08 PM",3.64,100,100,0,2025-09-23T19:32:08.000Z
"9/23/2025, 3:35:08 PM",3.64,100,100,0,2025-09-23T19:35:08.000Z
"9/23/2025, 3:38:08 PM",3.639,99.9,100,0,2025-09-23T19:38:08.000Z
"9/23/2025, 3:41:08 PM",3.64,100,100,0,2025-09-23T19:41:08.000Z
"9/23/2025, 3:44:08 PM",3.639,100,100,0,2025-09-23T19:44:08.000Z
"9/23/2025, 3:47:08 PM",3.639,100,100,0,2025-09-23T19:47:08.000Z
"9/23/2025, 3:50:08 PM",3.639,100,100,0,2025-09-23T19:50:08.000Z
"9/23/2025, 3:53:08 PM",3.64,99.7,100,0,2025-09-23T19:53:08.000Z
"9/23/2025, 3:56:08 PM",3.639,99.3,100,0,2025-09-23T19:56:08.000Z
"9/23/2025, 3:59:08 PM",3.64,99.3,100,0,2025-09-23T19:59:08.000Z
"9/23/2025, 4:02:08 PM",3.64,99.5,100,0,2025-09-23T20:02:08.000Z
"9/23/2025, 4:05:08 PM",3.64,99.7,100,0,2025-09-23T20:05:08.000Z
"9/23/2025, 4:08:08 PM",3.639,99.7,100,0,2025-09-23T20:08:08.000Z
"9/23/2025, 4:11:08 PM",3.64,99.7,100,0,2025-09-23T20:11:08.000Z
"9/23/2025, 4:14:08 PM",3.64,99.5,100,0,2025-09-23T20:14:08.000Z
"9/23/2025, 4:17:08 PM",3.64,99.3,100,0,2025-09-23T20:17:08.000Z
"9/23/2025, 4:20:08 PM",3.64,99,100,0,2025-09-23T20:20:08.000Z
"9/23/2025, 4:23:08 PM",3.639,98.6,100,0,2025-09-23T20:23:08.000Z
"9/23/2025, 4:26:08 PM",3.639,98.2,100,0,2025-09-23T20:26:08.000Z
"9/23/2025, 4:29:08 PM",3.639,98.1,100,0,2025-09-23T20:29:08.000Z
"9/23/2025, 4:32:08 PM",3.64,97.9,100,0,2025-09-23T20:32:08.000Z
"9/23/2025, 4:35:08 PM",3.64,97.9,100,0,2025-09-23T20:35:08.000Z
"9/23/2025, 4:38:08 PM",3.639,97.7,100,0,2025-09-23T20:38:08.000Z
"9/23/2025, 4:41:08 PM",3.64,97.7,100,0,2025-09-23T20:41:08.000Z
"9/23/2025, 4:44:08 PM",3.64,97.7,100,0,2025-09-23T20:44:08.000Z
"9/23/2025, 4:47:08 PM",3.64,97.9,100,0,2025-09-23T20:47:08.000Z
"9/23/2025, 4:50:08 PM",3.64,97.7,100,0,2025-09-23T20:50:08.000Z
"9/23/2025, 4:53:08 PM",3.64,97.5,100,0,2025-09-23T20:53:08.000Z
"9/23/2025, 4:56:08 PM",3.64,97.3,100,0,2025-09-23T20:56:08.000Z
"9/23/2025, 4:59:08 PM",3.64,97.2,100,0,2025-09-23T20:59:08.000Z
"9/23/2025, 5:02:08 PM",3.64,96.8,100,0,2025-09-23T21:02:08.000Z
"9/23/2025, 5:05:08 PM",3.64,96.4,100,0,2025-09-23T21:05:08.000Z
"9/23/2025, 5:08:08 PM",3.64,96.1,100,0,2025-09-23T21:08:08.000Z
"9/23/2025, 5:11:08 PM",3.64,95.9,100,0,2025-09-23T21:11:08.000Z
"9/23/2025, 5:14:08 PM",3.64,95.7,100,0,2025-09-23T21:14:08.000Z
"9/23/2025, 5:17:08 PM",3.64,95.7,100,0,2025-09-23T21:17:08.000Z
"9/23/2025, 5:20:08 PM",3.64,95.7,100,0,2025-09-23T21:20:08.000Z
"9/23/2025, 5:23:08 PM",3.64,95.5,100,0,2025-09-23T21:23:08.000Z
"9/23/2025, 5:26:08 PM",3.641,95.4,100,0,2025-09-23T21:26:08.000Z
"9/23/2025, 5:29:08 PM",3.64,95,100,0,2025-09-23T21:29:08.000Z
"9/23/2025, 5:32:08 PM",3.64,94.6,100,0,2025-09-23T21:32:08.000Z
"9/23/2025, 5:35:08 PM",3.64,94.5,100,0,2025-09-23T21:35:08.000Z
"9/23/2025, 5:38:08 PM",3.64,94.1,100,0,2025-09-23T21:38:08.000Z
"9/23/2025, 5:41:08 PM",3.64,93.9,100,0,2025-09-23T21:41:08.000Z
"9/23/2025, 5:44:08 PM",3.64,93.7,100,0,2025-09-23T21:44:08.000Z
"9/23/2025, 5:47:08 PM",3.64,93.4,100,0,2025-09-23T21:47:08.000Z
"9/23/2025, 5:50:08 PM",3.64,93.2,100,0,2025-09-23T21:50:08.000Z
"9/23/2025, 5:53:08 PM",3.64,93,100,0,2025-09-23T21:53:08.000Z
"9/23/2025, 5:56:08 PM",3.64,92.8,100,0,2025-09-23T21:56:08.000Z
"9/23/2025, 5:59:08 PM",3.64,92.7,100,0,2025-09-23T21:59:08.000Z
"9/23/2025, 6:02:08 PM",3.64,92.5,100,0,2025-09-23T22:02:08.000Z
"9/23/2025, 6:05:08 PM",3.64,92.3,100,0,2025-09-23T22:05:08.000Z
"9/23/2025, 6:08:08 PM",3.64,92.1,100,0,2025-09-23T22:08:08.000Z
"9/23/2025, 6:11:08 PM",3.64,91.9,100,0,2025-09-23T22:11:08.000Z
"9/23/2025, 6:14:08 PM",3.64,91.8,100,0,2025-09-23T22:14:08.000Z
"9/23/2025, 6:17:08 PM",3.64,91.8,100,0,2025-09-23T22:17:08.000Z
"9/23/2025, 6:20:08 PM",3.64,91.6,100,0,2025-09-23T22:20:08.000Z
"9/23/2025, 6:23:08 PM",3.64,91.4,100,0,2025-09-23T22:23:08.000Z
"9/23/2025, 6:26:08 PM",3.64,91.2,100,0,2025-09-23T22:26:08.000Z
"9/23/2025, 6:29:08 PM",3.64,91.2,100,0,2025-09-23T22:29:08.000Z
"9/23/2025, 6:32:08 PM",3.64,91,100,0,2025-09-23T22:32:08.000Z
"9/23/2025, 6:35:08 PM",3.64,90.9,100,0,2025-09-23T22:35:08.000Z
"9/23/2025, 6:38:08 PM",3.641,90.7,100,0,2025-09-23T22:38:08.000Z
"9/23/2025, 6:41:08 PM",3.64,90.5,100,0,2025-09-23T22:41:08.000Z
"9/23/2025, 6:44:08 PM",3.64,90.3,100,0,2025-09-23T22:44:08.000Z
"9/23/2025, 6:47:08 PM",3.64,90.3,100,0,2025-09-23T22:47:08.000Z
"9/23/2025, 6:50:08 PM",3.641,90.1,100,0,2025-09-23T22:50:08.000Z
"9/23/2025, 6:53:08 PM",3.641,90,100,0,2025-09-23T22:53:08.000Z
"9/23/2025, 6:56:08 PM",3.64,89.8,100,0,2025-09-23T22:56:08.000Z
"9/23/2025, 6:59:08 PM",3.641,89.6,100,0,2025-09-23T22:59:08.000Z
"9/23/2025, 7:02:08 PM",3.641,89.6,100,0,2025-09-23T23:02:08.000Z
"9/23/2025, 7:05:08 PM",3.641,89.4,100,0,2025-09-23T23:05:08.000Z
"9/23/2025, 7:08:08 PM",3.64,89.2,100,0,2025-09-23T23:08:08.000Z
"9/23/2025, 7:11:08 PM",3.64,88.9,100,0,2025-09-23T23:11:08.000Z
"9/23/2025, 7:14:08 PM",3.64,88.9,100,0,2025-09-23T23:14:08.000Z
"9/23/2025, 7:17:08 PM",3.641,88.7,100,0,2025-09-23T23:17:08.000Z
"9/23/2025, 7:20:08 PM",3.641,88.5,100,0,2025-09-23T23:20:08.000Z
"9/23/2025, 7:23:08 PM",3.64,88.5,100,0,2025-09-23T23:23:08.000Z
"9/23/2025, 7:26:08 PM",3.64,88.3,100,0,2025-09-23T23:26:08.000Z
"9/23/2025, 7:29:08 PM",3.641,88.2,100,0,2025-09-23T23:29:08.000Z
"9/23/2025, 7:32:08 PM",3.64,88,100,0,2025-09-23T23:32:08.000Z
"9/23/2025, 7:35:08 PM",3.64,88,100,0,2025-09-23T23:35:08.000Z
"9/23/2025, 7:38:08 PM",3.641,87.8,100,0,2025-09-23T23:38:08.000Z
"9/23/2025, 7:41:08 PM",3.64,87.6,100,0,2025-09-23T23:41:08.000Z
"9/23/2025, 7:44:08 PM",3.64,87.4,100,0,2025-09-23T23:44:08.000Z
"9/23/2025, 7:47:08 PM",3.64,87.4,100,0,2025-09-23T23:47:08.000Z
"9/23/2025, 7:50:08 PM",3.64,87.3,100,0,2025-09-23T23:50:08.000Z
"9/23/2025, 7:53:08 PM",3.641,87.1,100,0,2025-09-23T23:53:08.000Z
"9/23/2025, 7:56:08 PM",3.641,87.1,100,0,2025-09-23T23:56:08.000Z
"9/23/2025, 7:59:08 PM",3.641,86.9,100,0,2025-09-23T23:59:08.000Z
"9/23/2025, 8:02:08 PM",3.64,86.9,100,0,2025-09-24T00:02:08.000Z
"9/23/2025, 8:05:08 PM",3.64,86.7,100,0,2025-09-24T00:05:08.000Z
"9/23/2025, 8:08:08 PM",3.641,86.7,100,0,2025-09-24T00:08:08.000Z
"9/23/2025, 8:11:08 PM",3.64,86.5,100,0,2025-09-24T00:11:08.000Z
"9/23/2025, 8:14:08 PM",3.64,86.5,100,0,2025-09-24T00:14:08.000Z
"9/23/2025, 8:17:08 PM",3.641,86.4,100,0,2025-09-24T00:17:08.000Z
"9/23/2025, 8:20:08 PM",3.641,86.4,100,0,2025-09-24T00:20:08.000Z
"9/23/2025, 8:23:08 PM",3.641,86.4,100,0,2025-09-24T00:23:08.000Z
"9/23/2025, 8:26:08 PM",3.641,86.2,100,0,2025-09-24T00:26:08.000Z
"9/23/2025, 8:29:08 PM",3.64,86.2,100,0,2025-09-24T00:29:08.000Z
"9/23/2025, 8:32:08 PM",3.641,86,100,0,2025-09-24T00:32:08.000Z
"9/23/2025, 8:35:08 PM",3.641,86,100,0,2025-09-24T00:35:08.000Z
"9/23/2025, 8:38:08 PM",3.641,86,100,0,2025-09-24T00:38:08.000Z
"9/23/2025, 8:41:08 PM",3.64,85.8,100,0,2025-09-24T00:41:08.000Z
"9/23/2025, 8:44:08 PM",3.64,85.8,100,0,2025-09-24T00:44:08.000Z
"9/23/2025, 8:47:08 PM",3.64,85.6,100,0,2025-09-24T00:47:08.000Z
"9/23/2025, 8:50:08 PM",3.641,85.6,100,0,2025-09-24T00:50:08.000Z
"9/23/2025, 8:53:08 PM",3.641,85.6,100,0,2025-09-24T00:53:08.000Z
"9/23/2025, 8:56:08 PM",3.641,85.5,100,0,2025-09-24T00:56:08.000Z
"9/23/2025, 8:59:08 PM",3.64,85.5,100,0,2025-09-24T00:59:08.000Z
"9/23/2025, 9:02:08 PM",3.641,85.5,100,0,2025-09-24T01:02:08.000Z
"9/23/2025, 9:05:08 PM",3.641,85.5,100,0,2025-09-24T01:05:08.000Z
"9/23/2025, 9:08:08 PM",3.641,85.3,100,0,2025-09-24T01:08:08.000Z
"9/23/2025, 9:11:08 PM",3.641,85.3,100,0,2025-09-24T01:11:08.000Z
"9/23/2025, 9:14:08 PM",3.641,85.3,100,0,2025-09-24T01:14:08.000Z
"9/23/2025, 9:17:08 PM",3.641,85.1,100,0,2025-09-24T01:17:08.000Z
"9/23/2025, 9:20:08 PM",3.641,85.1,100,0,2025-09-24T01:20:08.000Z
"9/23/2025, 9:23:08 PM",3.641,85.1,100,0,2025-09-24T01:23:08.000Z
"9/23/2025, 9:26:08 PM",3.641,85.1,100,0,2025-09-24T01:26:08.000Z
"9/23/2025, 9:29:08 PM",3.641,85.1,100,0,2025-09-24T01:29:08.000Z
"9/23/2025, 9:32:08 PM",3.641,85.1,100,0,2025-09-24T01:32:08.000Z
"9/23/2025, 9:35:08 PM",3.641,85.1,100,0,2025-09-24T01:35:08.000Z
"9/23/2025, 9:38:08 PM",3.641,85.1,100,0,2025-09-24T01:38:08.000Z
"9/23/2025, 9:41:08 PM",3.641,85.1,100,0,2025-09-24T01:41:08.000Z
"9/23/2025, 9:44:08 PM",3.641,85.1,100,0,2025-09-24T01:44:08.000Z
"9/23/2025, 9:47:08 PM",3.64,85.1,100,0,2025-09-24T01:47:08.000Z
"9/23/2025, 9:50:08 PM",3.641,84.9,100,0,2025-09-24T01:50:08.000Z
"9/23/2025, 9:53:08 PM",3.641,85.1,100,0,2025-09-24T01:53:08.000Z
"9/23/2025, 9:56:08 PM",3.641,84.9,100,0,2025-09-24T01:56:08.000Z
"9/23/2025, 9:59:08 PM",3.641,84.9,100,0,2025-09-24T01:59:08.000Z
"9/23/2025, 10:02:08 PM",3.641,84.9,100,0,2025-09-24T02:02:08.000Z
"9/23/2025, 10:05:08 PM",3.641,84.9,100,0,2025-09-24T02:05:08.000Z
"9/23/2025, 10:08:08 PM",3.64,84.9,100,0,2025-09-24T02:08:08.000Z
"9/23/2025, 10:11:08 PM",3.641,84.9,100,0,2025-09-24T02:11:08.000Z
"9/23/2025, 10:14:08 PM",3.641,84.7,100,0,2025-09-24T02:14:08.000Z
"9/23/2025, 10:17:08 PM",3.641,84.7,100,0,2025-09-24T02:17:08.000Z
"9/23/2025, 10:20:08 PM",3.641,84.7,100,0,2025-09-24T02:20:08.000Z
"9/23/2025, 10:23:08 PM",3.641,84.7,100,0,2025-09-24T02:23:08.000Z
"9/23/2025, 10:26:08 PM",3.641,84.7,100,0,2025-09-24T02:26:08.000Z
"9/23/2025, 10:29:08 PM",3.641,84.7,100,0,2025-09-24T02:29:08.000Z
"9/23/2025, 10:32:08 PM",3.641,84.6,100,0,2025-09-24T02:32:08.000Z
"9/23/2025, 10:35:08 PM",3.641,84.6,100,0,2025-09-24T02:35:08.000Z
"9/23/2025, 10:38:08 PM",3.641,84.6,100,0,2025-09-24T02:38:08.000Z
"9/23/2025, 10:41:08 PM",3.641,84.6,100,0,2025-09-24T02:41:08.000Z
"9/23/2025, 10:44:08 PM",3.641,84.6,100,0,2025-09-24T02:44:08.000Z
"9/23/2025, 10:47:08 PM",3.641,84.6,100,0,2025-09-24T02:47:08.000Z
"9/23/2025, 10:50:08 PM",3.641,84.6,100,0,2025-09-24T02:50:08.000Z
"9/23/2025, 10:53:08 PM",3.641,84.4,100,0,2025-09-24T02:53:08.000Z
"9/23/2025, 10:56:08 PM",3.641,84.4,100,0,2025-09-24T02:56:08.000Z
"9/23/2025, 10:59:08 PM",3.641,84.4,100,0,2025-09-24T02:59:08.000Z
"9/23/2025, 11:02:08 PM",3.641,84.4,100,0,2025-09-24T03:02:08.000Z
"9/23/2025, 11:05:08 PM",3.641,84.4,100,0,2025-09-24T03:05:08.000Z
"9/23/2025, 11:08:08 PM",3.641,84.4,100,0,2025-09-24T03:08:08.000Z
"9/23/2025, 11:11:08 PM",3.641,84.4,100,0,2025-09-24T03:11:08.000Z
"9/23/2025, 11:14:08 PM",3.641,84.4,100,0,2025-09-24T03:14:08.000Z
"9/23/2025, 11:17:08 PM",3.641,84.4,100,0,2025-09-24T03:17:08.000Z
"9/23/2025, 11:20:08 PM",3.641,84.4,100,0,2025-09-24T03:20:08.000Z
"9/23/2025, 11:23:08 PM",3.64,84.4,100,0,2025-09-24T03:23:08.000Z
"9/23/2025, 11:26:08 PM",3.641,84.4,100,0,2025-09-24T03:26:08.000Z
"9/23/2025, 11:29:08 PM",3.64,84.4,100,0,2025-09-24T03:29:08.000Z
"9/23/2025, 11:32:08 PM",3.641,84.6,100,0,2025-09-24T03:32:08.000Z
"9/23/2025, 11:35:08 PM",3.641,84.6,100,0,2025-09-24T03:35:08.000Z
"9/23/2025, 11:38:08 PM",3.641,84.6,100,0,2025-09-24T03:38:08.000Z
"9/23/2025, 11:41:08 PM",3.641,84.6,100,0,2025-09-24T03:41:08.000Z
"9/23/2025, 11:44:08 PM",3.64,84.6,100,0,2025-09-24T03:44:08.000Z
"9/23/2025, 11:47:08 PM",3.641,84.6,100,0,2025-09-24T03:47:08.000Z
"9/23/2025, 11:50:08 PM",3.641,84.6,100,0,2025-09-24T03:50:08.000Z
"9/23/2025, 11:53:08 PM",3.641,84.6,100,0,2025-09-24T03:53:08.000Z
"9/23/2025, 11:56:08 PM",3.641,84.4,100,0,2025-09-24T03:56:08.000Z
"9/23/2025, 11:59:08 PM",3.64,84.4,100,0,2025-09-24T03:59:08.000Z
"9/24/2025, 12:02:08 AM",3.641,84.4,100,0,2025-09-24T04:02:08.000Z
"9/24/2025, 12:05:08 AM",3.641,84.4,100,0,2025-09-24T04:05:08.000Z
"9/24/2025, 12:08:08 AM",3.64,84.2,100,0,2025-09-24T04:08:08.000Z
"9/24/2025, 12:11:08 AM",3.641,84.2,100,0,2025-09-24T04:11:08.000Z
"9/24/2025, 12:14:08 AM",3.64,84.2,100,0,2025-09-24T04:14:08.000Z
"9/24/2025, 12:17:08 AM",3.641,84.2,100,0,2025-09-24T04:17:08.000Z
"9/24/2025, 12:20:08 AM",3.641,84,100,0,2025-09-24T04:20:08.000Z
"9/24/2025, 12:23:08 AM",3.641,84,100,0,2025-09-24T04:23:08.000Z
"9/24/2025, 12:26:08 AM",3.641,84,100,0,2025-09-24T04:26:08.000Z
"9/24/2025, 12:29:08 AM",3.641,84,100,0,2025-09-24T04:29:08.000Z
"9/24/2025, 12:32:08 AM",3.641,83.8,100,0,2025-09-24T04:32:08.000Z
"9/24/2025, 12:35:08 AM",3.641,83.8,100,0,2025-09-24T04:35:08.000Z
"9/24/2025, 12:38:08 AM",3.641,83.8,100,0,2025-09-24T04:38:08.000Z
"9/24/2025, 12:41:08 AM",3.641,83.8,100,0,2025-09-24T04:41:08.000Z
"9/24/2025, 12:44:08 AM",3.641,83.8,100,0,2025-09-24T04:44:08.000Z
"9/24/2025, 12:47:08 AM",3.641,83.8,100,0,2025-09-24T04:47:08.000Z
"9/24/2025, 12:50:08 AM",3.641,83.7,100,0,2025-09-24T04:50:08.000Z
"9/24/2025, 12:53:08 AM",3.641,83.7,100,0,2025-09-24T04:53:08.000Z
"9/24/2025, 12:56:08 AM",3.64,83.7,100,0,2025-09-24T04:56:08.000Z
"9/24/2025, 12:59:08 AM",3.641,83.7,100,0,2025-09-24T04:59:08.000Z
"9/24/2025, 1:02:08 AM",3.64,83.5,100,0,2025-09-24T05:02:08.000Z
"9/24/2025, 1:05:08 AM",3.64,83.5,100,0,2025-09-24T05:05:08.000Z
"9/24/2025, 1:08:08 AM",3.641,83.5,100,0,2025-09-24T05:08:08.000Z
"9/24/2025, 1:11:08 AM",3.64,83.5,100,0,2025-09-24T05:11:08.000Z
"9/24/2025, 1:14:08 AM",3.64,83.5,100,0,2025-09-24T05:14:08.000Z
"9/24/2025, 1:17:08 AM",3.64,83.5,100,0,2025-09-24T05:17:08.000Z
"9/24/2025, 1:20:08 AM",3.641,83.5,100,0,2025-09-24T05:20:08.000Z
"9/24/2025, 1:23:08 AM",3.641,83.7,100,0,2025-09-24T05:23:08.000Z
"9/24/2025, 1:26:08 AM",3.641,83.5,100,0,2025-09-24T05:26:08.000Z
"9/24/2025, 1:29:08 AM",3.641,83.5,100,0,2025-09-24T05:29:08.000Z
"9/24/2025, 1:32:08 AM",3.641,83.7,100,0,2025-09-24T05:32:08.000Z
"9/24/2025, 1:35:08 AM",3.64,83.7,100,0,2025-09-24T05:35:08.000Z
"9/24/2025, 1:38:08 AM",3.641,83.7,100,0,2025-09-24T05:38:08.000Z
"9/24/2025, 1:41:08 AM",3.641,83.7,100,0,2025-09-24T05:41:08.000Z
"9/24/2025, 1:44:08 AM",3.641,83.7,100,0,2025-09-24T05:44:08.000Z
"9/24/2025, 1:47:08 AM",3.641,83.5,100,0,2025-09-24T05:47:08.000Z
"9/24/2025, 1:50:08 AM",3.64,83.5,100,0,2025-09-24T05:50:08.000Z
"9/24/2025, 1:53:08 AM",3.641,83.3,100,0,2025-09-24T05:53:08.000Z
"9/24/2025, 1:56:08 AM",3.641,83.3,100,0,2025-09-24T05:56:08.000Z
"9/24/2025, 1:59:08 AM",3.64,83.1,100,0,2025-09-24T05:59:08.000Z
"9/24/2025, 2:02:08 AM",3.641,83.1,100,0,2025-09-24T06:02:08.000Z
"9/24/2025, 2:05:08 AM",3.641,83.1,100,0,2025-09-24T06:05:08.000Z
"9/24/2025, 2:08:08 AM",3.64,83.1,100,0,2025-09-24T06:08:08.000Z
"9/24/2025, 2:11:08 AM",3.641,82.9,100,0,2025-09-24T06:11:08.000Z
"9/24/2025, 2:14:08 AM",3.641,82.9,100,0,2025-09-24T06:14:08.000Z
"9/24/2025, 2:17:08 AM",3.641,82.8,100,0,2025-09-24T06:17:08.000Z
"9/24/2025, 2:20:08 AM",3.641,82.8,100,0,2025-09-24T06:20:08.000Z
"9/24/2025, 2:23:08 AM",3.641,82.6,100,0,2025-09-24T06:23:08.000Z
"9/24/2025, 2:26:08 AM",3.64,82.6,100,0,2025-09-24T06:26:08.000Z
"9/24/2025, 2:29:08 AM",3.641,82.4,100,0,2025-09-24T06:29:08.000Z
"9/24/2025, 2:32:08 AM",3.641,82.4,100,0,2025-09-24T06:32:08.000Z
"9/24/2025, 2:35:08 AM",3.641,82.4,100,0,2025-09-24T06:35:08.000Z
"9/24/2025, 2:38:08 AM",3.641,82.2,100,0,2025-09-24T06:38:08.000Z
"9/24/2025, 2:41:08 AM",3.641,82.2,100,0,2025-09-24T06:41:08.000Z
"9/24/2025, 2:44:08 AM",3.64,82.2,100,0,2025-09-24T06:44:08.000Z
"9/24/2025, 2:47:08 AM",3.64,82,100,0,2025-09-24T06:47:08.000Z
"9/24/2025, 2:50:08 AM",3.641,82,100,0,2025-09-24T06:50:08.000Z
"9/24/2025, 2:53:08 AM",3.641,82,100,0,2025-09-24T06:53:08.000Z
"9/24/2025, 2:56:08 AM",3.64,81.9,100,0,2025-09-24T06:56:08.000Z
"9/24/2025, 2:59:08 AM",3.641,81.9,100,0,2025-09-24T06:59:08.000Z
"9/24/2025, 3:02:08 AM",3.64,81.9,100,0,2025-09-24T07:02:08.000Z
"9/24/2025, 3:05:08 AM",3.64,81.7,100,0,2025-09-24T07:05:08.000Z
"9/24/2025, 3:08:08 AM",3.641,81.7,100,0,2025-09-24T07:08:08.000Z
"9/24/2025, 3:11:08 AM",3.641,81.7,100,0,2025-09-24T07:11:08.000Z
"9/24/2025, 3:14:08 AM",3.641,81.7,100,0,2025-09-24T07:14:08.000Z
"9/24/2025, 3:17:08 AM",3.641,81.7,100,0,2025-09-24T07:17:08.000Z
"9/24/2025, 3:20:08 AM",3.641,81.7,100,0,2025-09-24T07:20:08.000Z
"9/24/2025, 3:23:08 AM",3.64,81.7,100,0,2025-09-24T07:23:08.000Z
"9/24/2025, 3:26:08 AM",3.64,81.7,100,0,2025-09-24T07:26:08.000Z
"9/24/2025, 3:29:08 AM",3.641,81.7,100,0,2025-09-24T07:29:08.000Z
"9/24/2025, 3:32:08 AM",3.64,81.7,100,0,2025-09-24T07:32:08.000Z
"9/24/2025, 3:35:08 AM",3.641,81.7,100,0,2025-09-24T07:35:08.000Z
"9/24/2025, 3:38:08 AM",3.64,81.7,100,0,2025-09-24T07:38:08.000Z
"9/24/2025, 3:41:08 AM",3.641,81.7,100,0,2025-09-24T07:41:08.000Z
"9/24/2025, 3:44:08 AM",3.64,81.7,100,0,2025-09-24T07:44:08.000Z
"9/24/2025, 3:47:08 AM",3.641,81.7,100,0,2025-09-24T07:47:08.000Z
"9/24/2025, 3:50:08 AM",3.641,81.7,100,0,2025-09-24T07:50:08.000Z
"9/24/2025, 3:53:08 AM",3.64,81.5,100,0,2025-09-24T07:53:08.000Z
"9/24/2025, 3:56:08 AM",3.641,81.5,100,0,2025-09-24T07:56:08.000Z
"9/24/2025, 3:59:08 AM",3.64,81.5,100,0,2025-09-24T07:59:08.000Z
"9/24/2025, 4:02:08 AM",3.641,81.5,100,0,2025-09-24T08:02:08.000Z
"9/24/2025, 4:05:08 AM",3.64,81.5,100,0,2025-09-24T08:05:08.000Z
"9/24/2025, 4:08:08 AM",3.641,81.5,100,0,2025-09-24T08:08:08.000Z
"9/24/2025, 4:11:08 AM",3.641,81.5,100,0,2025-09-24T08:11:08.000Z
"9/24/2025, 4:14:08 AM",3.641,81.5,100,0,2025-09-24T08:14:08.000Z
"9/24/2025, 4:17:08 AM",3.64,81.5,100,0,2025-09-24T08:17:08.000Z
"9/24/2025, 4:20:08 AM",3.641,81.5,100,0,2025-09-24T08:20:08.000Z
"9/24/2025, 4:23:08 AM",3.641,81.5,100,0,2025-09-24T08:23:08.000Z
"9/24/2025, 4:26:08 AM",3.641,81.5,100,0,2025-09-24T08:26:08.000Z
"9/24/2025, 4:29:08 AM",3.641,81.5,100,0,2025-09-24T08:29:08.000Z
"9/24/2025, 4:32:08 AM",3.64,81.5,100,0,2025-09-24T08:32:08.000Z
"9/24/2025, 4:35:08 AM",3.641,81.5,100,0,2025-09-24T08:35:08.000Z
"9/24/2025, 4:38:08 AM",3.641,81.5,100,0,2025-09-24T08:38:08.000Z
"9/24/2025, 4:41:08 AM",3.641,81.5,100,0,2025-09-24T08:41:08.000Z
"9/24/2025, 4:44:08 AM",3.641,81.5,100,0,2025-09-24T08:44:08.000Z
"9/24/2025, 4:47:08 AM",3.641,81.5,100,0,2025-09-24T08:47:08.000Z
"9/24/2025, 4:50:08 AM",3.64,81.5,100,0,2025-09-24T08:50:08.000Z
"9/24/2025, 4:53:08 AM",3.64,81.5,100,0,2025-09-24T08:53:08.000Z
"9/24/2025, 4:56:08 AM",3.641,81.5,100,0,2025-09-24T08:56:08.000Z
"9/24/2025, 4:59:08 AM",3.64,81.5,100,0,2025-09-24T08:59:08.000Z
"9/24/2025, 5:02:08 AM",3.641,81.5,100,0,2025-09-24T09:02:08.000Z
"9/24/2025, 5:05:08 AM",3.641,81.5,100,0,2025-09-24T09:05:08.000Z
"9/24/2025, 5:08:08 AM",3.64,81.5,100,0,2025-09-24T09:08:08.000Z
"9/24/2025, 5:11:08 AM",3.641,81.7,100,0,2025-09-24T09:11:08.000Z
"9/24/2025, 5:14:08 AM",3.641,81.7,100,0,2025-09-24T09:14:08.000Z
"9/24/2025, 5:17:08 AM",3.641,81.7,100,0,2025-09-24T09:17:08.000Z
"9/24/2025, 5:20:08 AM",3.64,81.5,100,0,2025-09-24T09:20:08.000Z
"9/24/2025, 5:23:08 AM",3.641,81.5,100,0,2025-09-24T09:23:08.000Z
"9/24/2025, 5:26:08 AM",3.64,81.5,100,0,2025-09-24T09:26:08.000Z
"9/24/2025, 5:29:08 AM",3.64,81.3,100,0,2025-09-24T09:29:08.000Z
"9/24/2025, 5:32:08 AM",3.64,81.3,100,0,2025-09-24T09:32:08.000Z
"9/24/2025, 5:35:08 AM",3.64,81.1,100,0,2025-09-24T09:35:08.000Z
"9/24/2025, 5:38:08 AM",3.641,81.1,100,0,2025-09-24T09:38:08.000Z
"9/24/2025, 5:41:08 AM",3.64,81,100,0,2025-09-24T09:41:08.000Z
"9/24/2025, 5:44:08 AM",3.64,80.8,100,0,2025-09-24T09:44:08.000Z
"9/24/2025, 5:47:08 AM",3.641,80.8,100,0,2025-09-24T09:47:08.000Z
"9/24/2025, 5:50:08 AM",3.64,80.6,100,0,2025-09-24T09:50:08.000Z
"9/24/2025, 5:53:08 AM",3.64,80.6,100,0,2025-09-24T09:53:08.000Z
"9/24/2025, 5:56:08 AM",3.641,80.6,100,0,2025-09-24T09:56:08.000Z
"9/24/2025, 5:59:08 AM",3.64,80.6,100,0,2025-09-24T09:59:08.000Z
"9/24/2025, 6:02:08 AM",3.641,80.6,100,0,2025-09-24T10:02:08.000Z
"9/24/2025, 6:05:08 AM",3.641,80.6,100,0,2025-09-24T10:05:08.000Z
"9/24/2025, 6:08:08 AM",3.641,80.8,100,0,2025-09-24T10:08:08.000Z
"9/24/2025, 6:11:08 AM",3.641,80.8,100,0,2025-09-24T10:11:08.000Z
"9/24/2025, 6:14:08 AM",3.641,80.8,100,0,2025-09-24T10:14:08.000Z
"9/24/2025, 6:17:08 AM",3.641,80.8,100,0,2025-09-24T10:17:08.000Z
"9/24/2025, 6:20:08 AM",3.64,80.8,100,0,2025-09-24T10:20:08.000Z
"9/24/2025, 6:23:08 AM",3.641,81,100,0,2025-09-24T10:23:08.000Z
"9/24/2025, 6:26:08 AM",3.64,81,100,0,2025-09-24T10:26:08.000Z
"9/24/2025, 6:29:08 AM",3.64,81,100,0,2025-09-24T10:29:08.000Z
"9/24/2025, 6:32:08 AM",3.64,81,100,0,2025-09-24T10:32:08.000Z
"9/24/2025, 6:35:08 AM",3.641,81,100,0,2025-09-24T10:35:08.000Z
"9/24/2025, 6:38:08 AM",3.64,81,100,0,2025-09-24T10:38:08.000Z
"9/24/2025, 6:41:08 AM",3.641,81,100,0,2025-09-24T10:41:08.000Z
"9/24/2025, 6:44:08 AM",3.641,81.1,100,0,2025-09-24T10:44:08.000Z
"9/24/2025, 6:47:08 AM",3.64,81.1,100,0,2025-09-24T10:47:08.000Z
"9/24/2025, 6:50:08 AM",3.641,81.1,100,0,2025-09-24T10:50:08.000Z
"9/24/2025, 6:53:08 AM",3.641,81.1,100,0,2025-09-24T10:53:08.000Z
"9/24/2025, 6:56:08 AM",3.64,81.1,100,0,2025-09-24T10:56:08.000Z
"9/24/2025, 6:59:08 AM",3.64,81.1,100,0,2025-09-24T10:59:08.000Z
"9/24/2025, 7:02:08 AM",3.64,81.3,100,0,2025-09-24T11:02:08.000Z
"9/24/2025, 7:05:08 AM",3.641,81.3,100,0,2025-09-24T11:05:08.000Z
"9/24/2025, 7:08:08 AM",3.64,81.3,100,0,2025-09-24T11:08:08.000Z
"9/24/2025, 7:11:08 AM",3.64,81.5,100,0,2025-09-24T11:11:08.000Z
"9/24/2025, 7:14:08 AM",3.641,81.5,100,0,2025-09-24T11:14:08.000Z
"9/24/2025, 7:17:08 AM",3.641,81.5,100,0,2025-09-24T11:17:08.000Z
"9/24/2025, 7:20:08 AM",3.64,81.5,100,0,2025-09-24T11:20:08.000Z
"9/24/2025, 7:23:08 AM",3.64,81.5,100,0,2025-09-24T11:23:08.000Z
"9/24/2025, 7:26:08 AM",3.64,81.7,100,0,2025-09-24T11:26:08.000Z
"9/24/2025, 7:29:08 AM",3.64,81.7,100,0,2025-09-24T11:29:08.000Z
"9/24/2025, 7:32:08 AM",3.64,81.7,100,0,2025-09-24T11:32:08.000Z
"9/24/2025, 7:35:08 AM",3.64,81.9,100,0,2025-09-24T11:35:08.000Z
"9/24/2025, 7:38:08 AM",3.64,81.9,100,0,2025-09-24T11:38:08.000Z
"9/24/2025, 7:41:08 AM",3.64,81.9,100,0,2025-09-24T11:41:08.000Z
"9/24/2025, 7:44:08 AM",3.64,81.9,100,0,2025-09-24T11:44:08.000Z
"9/24/2025, 7:47:08 AM",3.64,81.9,100,0,2025-09-24T11:47:08.000Z
"9/24/2025, 7:50:08 AM",3.64,82,100,0,2025-09-24T11:50:08.000Z
"9/24/2025, 7:53:08 AM",3.641,82,100,0,2025-09-24T11:53:08.000Z
"9/24/2025, 7:56:08 AM",3.641,82,100,0,2025-09-24T11:56:08.000Z
"9/24/2025, 7:59:08 AM",3.64,82,100,0,2025-09-24T11:59:08.000Z
"9/24/2025, 8:02:08 AM",3.641,82.2,100,0,2025-09-24T12:02:08.000Z
"9/24/2025, 8:05:08 AM",3.64,82.2,100,0,2025-09-24T12:05:08.000Z
"9/24/2025, 8:08:08 AM",3.64,82.2,100,0,2025-09-24T12:08:08.000Z
"9/24/2025, 8:11:08 AM",3.641,82.2,100,0,2025-09-24T12:11:08.000Z
"9/24/2025, 8:14:08 AM",3.64,82.2,100,0,2025-09-24T12:14:08.000Z
"9/24/2025, 8:17:08 AM",3.641,82.4,100,0,2025-09-24T12:17:08.000Z
"9/24/2025, 8:20:08 AM",3.64,82.4,100,0,2025-09-24T12:20:08.000Z
"9/24/2025, 8:23:08 AM",3.64,82.4,100,0,2025-09-24T12:23:08.000Z
"9/24/2025, 8:26:08 AM",3.641,82.4,100,0,2025-09-24T12:26:08.000Z
"9/24/2025, 8:29:08 AM",3.64,82.6,100,0,2025-09-24T12:29:08.000Z
"9/24/2025, 8:32:08 AM",3.64,82.6,100,0,2025-09-24T12:32:08.000Z
"9/24/2025, 8:35:08 AM",3.64,82.6,100,0,2025-09-24T12:35:08.000Z
"9/24/2025, 8:38:08 AM",3.64,82.6,100,0,2025-09-24T12:38:08.000Z
"9/24/2025, 8:41:08 AM",3.64,82.6,100,0,2025-09-24T12:41:08.000Z
"9/24/2025, 8:44:08 AM",3.641,82.8,100,0,2025-09-24T12:44:08.000Z
"9/24/2025, 8:47:08 AM",3.64,82.8,100,0,2025-09-24T12:47:08.000Z
"9/24/2025, 8:50:08 AM",3.64,82.8,100,0,2025-09-24T12:50:08.000Z
"9/24/2025, 8:53:08 AM",3.64,82.8,100,0,2025-09-24T12:53:08.000Z
"9/24/2025, 8:56:08 AM",3.64,82.8,100,0,2025-09-24T12:56:08.000Z
"9/24/2025, 8:59:08 AM",3.64,82.8,100,0,2025-09-24T12:59:08.000Z
"9/24/2025, 9:02:08 AM",3.641,82.8,100,0,2025-09-24T13:02:08.000Z
"9/24/2025, 9:05:08 AM",3.64,82.9,100,0,2025-09-24T13:05:08.000Z
"9/24/2025, 9:08:08 AM",3.64,83.1,100,0,2025-09-24T13:08:08.000Z
"9/24/2025, 9:11:08 AM",3.641,83.1,100,0,2025-09-24T13:11:08.000Z
"9/24/2025, 9:14:08 AM",3.64,83.3,100,0,2025-09-24T13:14:08.000Z
"9/24/2025, 9:17:08 AM",3.64,83.5,100,0,2025-09-24T13:17:08.000Z
"9/24/2025, 9:20:08 AM",3.64,83.5,100,0,2025-09-24T13:20:08.000Z
"9/24/2025, 9:23:08 AM",3.64,83.7,100,0,2025-09-24T13:23:08.000Z
"9/24/2025, 9:26:08 AM",3.64,83.7,100,0,2025-09-24T13:26:08.000Z
"9/24/2025, 9:29:08 AM",3.64,83.8,100,0,2025-09-24T13:29:08.000Z
"9/24/2025, 9:32:08 AM",3.64,83.8,100,0,2025-09-24T13:32:08.000Z
"9/24/2025, 9:35:08 AM",3.64,84,100,0,2025-09-24T13:35:08.000Z
"9/24/2025, 9:38:08 AM",3.64,84,100,0,2025-09-24T13:38:08.000Z
"9/24/2025, 9:41:08 AM",3.64,84.2,100,0,2025-09-24T13:41:08.000Z
"9/24/2025, 9:44:08 AM",3.64,84.4,100,0,2025-09-24T13:44:08.000Z
"9/24/2025, 9:47:08 AM",3.64,84.4,100,0,2025-09-24T13:47:08.000Z
"9/24/2025, 9:50:08 AM",3.64,84.4,100,0,2025-09-24T13:50:08.000Z
"9/24/2025, 9:53:08 AM",3.64,84.6,100,0,2025-09-24T13:53:08.000Z
"9/24/2025, 9:56:08 AM",3.64,84.7,100,0,2025-09-24T13:56:08.000Z
"9/24/2025, 9:59:08 AM",3.64,84.7,100,0,2025-09-24T13:59:08.000Z
"9/24/2025, 10:02:08 AM",3.64,84.9,100,0,2025-09-24T14:02:08.000Z
"9/24/2025, 10:05:08 AM",3.64,84.9,100,0,2025-09-24T14:05:08.000Z
"9/24/2025, 10:08:08 AM",3.64,84.9,100,0,2025-09-24T14:08:08.000Z
"9/24/2025, 10:11:08 AM",3.64,84.9,100,0,2025-09-24T14:11:08.000Z
"9/24/2025, 10:14:08 AM",3.64,84.9,100,0,2025-09-24T14:14:08.000Z
"9/24/2025, 10:17:08 AM",3.64,84.9,100,0,2025-09-24T14:17:08.000Z
"9/24/2025, 10:20:08 AM",3.64,84.7,100,0,2025-09-24T14:20:08.000Z
"9/24/2025, 10:23:08 AM",3.64,84.7,100,0,2025-09-24T14:23:08.000Z
"9/24/2025, 10:26:08 AM",3.64,84.7,100,0,2025-09-24T14:26:08.000Z
"9/24/2025, 10:29:08 AM",3.64,84.7,100,0,2025-09-24T14:29:08.000Z
"9/24/2025, 10:32:08 AM",3.64,84.7,100,0,2025-09-24T14:32:08.000Z
"9/24/2025, 10:35:08 AM",3.64,84.7,100,0,2025-09-24T14:35:08.000Z
"9/24/2025, 10:38:08 AM",3.64,84.7,100,0,2025-09-24T14:38:08.000Z
"9/24/2025, 10:41:08 AM",3.64,84.7,100,0,2025-09-24T14:41:08.000Z
"9/24/2025, 10:44:08 AM",3.64,84.7,100,0,2025-09-24T14:44:08.000Z
"9/24/2025, 10:47:08 AM",3.64,84.7,100,0,2025-09-24T14:47:08.000Z
"9/24/2025, 10:50:08 AM",3.64,84.7,100,0,2025-09-24T14:50:08.000Z
"9/24/2025, 10:53:08 AM",3.64,84.7,100,0,2025-09-24T14:53:08.000Z
"9/24/2025, 10:56:08 AM",3.64,84.7,100,0,2025-09-24T14:56:08.000Z
"9/24/2025, 10:59:08 AM",3.64,84.7,100,0,2025-09-24T14:59:08.000Z
"9/24/2025, 11:02:08 AM",3.64,84.7,100,0,2025-09-24T15:02:08.000Z
"9/24/2025, 11:05:08 AM",3.64,84.7,100,0,2025-09-24T15:05:08.000Z
"9/24/2025, 11:08:08 AM",3.64,84.9,100,0,2025-09-24T15:08:08.000Z
"9/24/2025, 11:11:08 AM",3.64,84.9,100,0,2025-09-24T15:11:08.000Z
"9/24/2025, 11:14:08 AM",3.64,85.1,100,0,2025-09-24T15:14:08.000Z
"9/24/2025, 11:17:08 AM",3.64,85.1,100,0,2025-09-24T15:17:08.000Z
"9/24/2025, 11:20:08 AM",3.64,85.3,100,0,2025-09-24T15:20:08.000Z
"9/24/2025, 11:23:08 AM",3.64,85.3,100,0,2025-09-24T15:23:08.000Z
"9/24/2025, 11:26:08 AM",3.64,85.3,100,0,2025-09-24T15:26:08.000Z
"9/24/2025, 11:29:08 AM",3.64,85.3,100,0,2025-09-24T15:29:08.000Z
"9/24/2025, 11:32:08 AM",3.64,85.3,100,0,2025-09-24T15:32:08.000Z
"9/24/2025, 11:35:08 AM",3.64,85.1,100,0,2025-09-24T15:35:08.000Z
"9/24/2025, 11:38:08 AM",3.64,85.1,100,0,2025-09-24T15:38:08.000Z
"9/24/2025, 11:41:08 AM",3.64,84.9,100,0,2025-09-24T15:41:08.000Z
"9/24/2025, 11:44:08 AM",3.641,84.9,100,0,2025-09-24T15:44:08.000Z
"9/24/2025, 11:47:08 AM",3.64,84.7,100,0,2025-09-24T15:47:08.000Z
"9/24/2025, 11:50:08 AM",3.64,84.7,100,0,2025-09-24T15:50:08.000Z
"9/24/2025, 11:53:08 AM",3.64,84.7,100,0,2025-09-24T15:53:08.000Z
"9/24/2025, 11:56:08 AM",3.64,84.7,100,0,2025-09-24T15:56:08.000Z
"9/24/2025, 11:59:08 AM",3.64,84.7,100,0,2025-09-24T15:59:08.000Z
"9/24/2025, 12:02:08 PM",3.64,84.7,100,0,2025-09-24T16:02:08.000Z
"9/24/2025, 12:05:08 PM",3.64,84.9,100,0,2025-09-24T16:05:08.000Z
"9/24/2025, 12:08:08 PM",3.64,84.9,100,0,2025-09-24T16:08:08.000Z
"9/24/2025, 12:11:08 PM",3.64,85.1,100,0,2025-09-24T16:11:08.000Z
"9/24/2025, 12:14:08 PM",3.64,85.1,100,0,2025-09-24T16:14:08.000Z
"9/24/2025, 12:17:08 PM",3.64,85.3,100,0,2025-09-24T16:17:08.000Z
"9/24/2025, 12:20:08 PM",3.64,85.3,100,0,2025-09-24T16:20:08.000Z
"9/24/2025, 12:23:08 PM",3.64,85.1,100,0,2025-09-24T16:23:08.000Z
"9/24/2025, 12:26:08 PM",3.64,85.1,100,0,2025-09-24T16:26:08.000Z
"9/24/2025, 12:29:08 PM",3.64,84.9,100,0,2025-09-24T16:29:08.000Z
"9/24/2025, 12:32:08 PM",3.64,84.7,100,0,2025-09-24T16:32:08.000Z
"9/24/2025, 12:35:08 PM",3.64,84.6,100,0,2025-09-24T16:35:08.000Z
"9/24/2025, 12:38:08 PM",3.64,84.6,100,0,2025-09-24T16:38:08.000Z
"9/24/2025, 12:41:08 PM",3.64,84.4,100,0,2025-09-24T16:41:08.000Z
"9/24/2025, 12:44:08 PM",3.64,84.2,100,0,2025-09-24T16:44:08.000Z
"9/24/2025, 12:47:08 PM",3.64,84,100,0,2025-09-24T16:47:08.000Z
"9/24/2025, 12:50:08 PM",3.64,84,100,0,2025-09-24T16:50:08.000Z
"9/24/2025, 12:53:08 PM",3.64,84,100,0,2025-09-24T16:53:08.000Z
"9/24/2025, 12:56:08 PM",3.639,84,100,0,2025-09-24T16:56:08.000Z
"9/24/2025, 12:59:08 PM",3.64,84.2,100,0,2025-09-24T16:59:08.000Z
"9/24/2025, 1:02:08 PM",3.64,84.6,100,0,2025-09-24T17:02:08.000Z
"9/24/2025, 1:05:08 PM",3.64,84.7,100,0,2025-09-24T17:05:08.000Z
"9/24/2025, 1:08:08 PM",3.64,84.9,100,0,2025-09-24T17:08:08.000Z
"9/24/2025, 1:11:08 PM",3.64,84.9,100,0,2025-09-24T17:11:08.000Z
"9/24/2025, 1:14:08 PM",3.64,85.1,100,0,2025-09-24T17:14:08.000Z
"9/24/2025, 1:17:08 PM",3.64,85.3,100,0,2025-09-24T17:17:08.000Z
"9/24/2025, 1:20:08 PM",3.64,85.5,100,0,2025-09-24T17:20:08.000Z
"9/24/2025, 1:23:08 PM",3.64,85.5,100,0,2025-09-24T17:23:08.000Z
"9/24/2025, 1:26:08 PM",3.64,85.5,100,0,2025-09-24T17:26:08.000Z
"9/24/2025, 1:29:08 PM",3.64,85.6,100,0,2025-09-24T17:29:08.000Z
"9/24/2025, 1:32:08 PM",3.64,85.6,100,0,2025-09-24T17:32:08.000Z
"9/24/2025, 1:35:08 PM",3.64,85.8,100,0,2025-09-24T17:35:08.000Z
"9/24/2025, 1:38:08 PM",3.64,85.6,100,0,2025-09-24T17:38:08.000Z
"9/24/2025, 1:41:08 PM",3.64,85.6,100,0,2025-09-24T17:41:08.000Z
"9/24/2025, 1:44:08 PM",3.64,85.8,100,0,2025-09-24T17:44:08.000Z
"9/24/2025, 1:47:08 PM",3.64,85.8,100,0,2025-09-24T17:47:08.000Z
"9/24/2025, 1:50:08 PM",3.64,85.8,100,0,2025-09-24T17:50:08.000Z
"9/24/2025, 1:53:08 PM",3.639,85.8,100,0,2025-09-24T17:53:08.000Z
"9/24/2025, 1:56:08 PM",3.64,85.6,100,0,2025-09-24T17:56:08.000Z
"9/24/2025, 1:59:08 PM",3.64,85.6,100,0,2025-09-24T17:59:08.000Z
"9/24/2025, 2:02:08 PM",3.64,85.6,100,0,2025-09-24T18:02:08.000Z
"9/24/2025, 2:05:08 PM",3.64,85.5,100,0,2025-09-24T18:05:08.000Z
"9/24/2025, 2:08:08 PM",3.64,85.3,100,0,2025-09-24T18:08:08.000Z
"9/24/2025, 2:11:08 PM",3.64,85.3,100,0,2025-09-24T18:11:08.000Z
"9/24/2025, 2:14:08 PM",3.64,85.1,100,0,2025-09-24T18:14:08.000Z
"9/24/2025, 2:17:08 PM",3.64,85.1,100,0,2025-09-24T18:17:08.000Z
"9/24/2025, 2:20:08 PM",3.64,85.1,100,0,2025-09-24T18:20:08.000Z
"9/24/2025, 2:23:08 PM",3.64,85.1,100,0,2025-09-24T18:23:08.000Z
"9/24/2025, 2:26:08 PM",3.64,85.1,100,0,2025-09-24T18:26:08.000Z
"9/24/2025, 2:29:08 PM",3.64,85.1,100,0,2025-09-24T18:29:08.000Z
"9/24/2025, 2:32:08 PM",3.64,85.3,100,0,2025-09-24T18:32:08.000Z
"9/24/2025, 2:35:08 PM",3.64,85.5,100,0,2025-09-24T18:35:08.000Z
"9/24/2025, 2:38:08 PM",3.64,85.6,100,0,2025-09-24T18:38:08.000Z
"9/24/2025, 2:41:08 PM",3.64,85.6,100,0,2025-09-24T18:41:08.000Z
"9/24/2025, 2:44:08 PM",3.64,85.8,100,0,2025-09-24T18:44:08.000Z
"9/24/2025, 2:47:08 PM",3.64,86,100,0,2025-09-24T18:47:08.000Z
"9/24/2025, 2:50:08 PM",3.64,86.2,100,0,2025-09-24T18:50:08.000Z
"9/24/2025, 2:53:08 PM",3.64,86.5,100,0,2025-09-24T18:53:08.000Z
"9/24/2025, 2:56:08 PM",3.64,86.7,100,0,2025-09-24T18:56:08.000Z
"9/24/2025, 2:59:08 PM",3.64,86.9,100,0,2025-09-24T18:59:08.000Z
"9/24/2025, 3:02:08 PM",3.639,87.1,100,0,2025-09-24T19:02:08.000Z
"9/24/2025, 3:05:08 PM",3.64,87.4,100,0,2025-09-24T19:05:08.000Z
"9/24/2025, 3:08:08 PM",3.64,87.6,100,0,2025-09-24T19:08:08.000Z
"9/24/2025, 3:11:08 PM",3.64,88,100,0,2025-09-24T19:11:08.000Z
"9/24/2025, 3:14:08 PM",3.64,88.2,100,0,2025-09-24T19:14:08.000Z
"9/24/2025, 3:17:08 PM",3.639,88.3,100,0,2025-09-24T19:17:08.000Z
"9/24/2025, 3:20:08 PM",3.639,88.7,100,0,2025-09-24T19:20:08.000Z
"9/24/2025, 3:23:08 PM",3.64,88.9,100,0,2025-09-24T19:23:08.000Z
"9/24/2025, 3:26:08 PM",3.64,89.2,100,0,2025-09-24T19:26:08.000Z
"9/24/2025, 3:29:08 PM",3.639,89.4,100,0,2025-09-24T19:29:08.000Z
"9/24/2025, 3:32:08 PM",3.64,89.6,100,0,2025-09-24T19:32:08.000Z
"9/24/2025, 3:35:08 PM",3.64,89.8,100,0,2025-09-24T19:35:08.000Z
"9/24/2025, 3:38:08 PM",3.64,90,100,0,2025-09-24T19:38:08.000Z
"9/24/2025, 3:41:08 PM",3.639,90,100,0,2025-09-24T19:41:08.000Z
"9/24/2025, 3:44:08 PM",3.639,90.1,100,0,2025-09-24T19:44:08.000Z
"9/24/2025, 3:47:08 PM",3.639,90.3,100,0,2025-09-24T19:47:08.000Z
"9/24/2025, 3:50:08 PM",3.639,90.3,100,0,2025-09-24T19:50:08.000Z
"9/24/2025, 3:53:08 PM",3.639,90.5,100,0,2025-09-24T19:53:08.000Z
"9/24/2025, 3:56:08 PM",3.64,90.7,100,0,2025-09-24T19:56:08.000Z
"9/24/2025, 3:59:08 PM",3.64,90.9,100,0,2025-09-24T19:59:08.000Z
"9/24/2025, 4:02:08 PM",3.639,91,100,0,2025-09-24T20:02:08.000Z
"9/24/2025, 4:05:08 PM",3.64,91.2,100,0,2025-09-24T20:05:08.000Z
"9/24/2025, 4:08:08 PM",3.639,91.4,100,0,2025-09-24T20:08:08.000Z
"9/24/2025, 4:11:08 PM",3.639,91.6,100,0,2025-09-24T20:11:08.000Z
"9/24/2025, 4:14:08 PM",3.639,91.8,100,0,2025-09-24T20:14:08.000Z
"9/24/2025, 4:17:08 PM",3.639,91.9,100,0,2025-09-24T20:17:08.000Z
"9/24/2025, 4:20:08 PM",3.639,91.9,100,0,2025-09-24T20:20:08.000Z
"9/24/2025, 4:23:08 PM",3.64,92.1,100,0,2025-09-24T20:23:08.000Z
"9/24/2025, 4:26:08 PM",3.639,92.1,100,0,2025-09-24T20:26:08.000Z
"9/24/2025, 4:29:08 PM",3.639,92.1,100,0,2025-09-24T20:29:08.000Z
"9/24/2025, 4:32:08 PM",3.639,92.1,100,0,2025-09-24T20:32:08.000Z
"9/24/2025, 4:35:08 PM",3.639,92.1,100,0,2025-09-24T20:35:08.000Z
"9/24/2025, 4:38:08 PM",3.639,91.9,100,0,2025-09-24T20:38:08.000Z
"9/24/2025, 4:41:08 PM",3.64,91.9,100,0,2025-09-24T20:41:08.000Z
"9/24/2025, 4:44:08 PM",3.639,91.8,100,0,2025-09-24T20:44:08.000Z
"9/24/2025, 4:47:08 PM",3.639,91.6,100,0,2025-09-24T20:47:08.000Z
"9/24/2025, 4:50:08 PM",3.639,91.4,100,0,2025-09-24T20:50:08.000Z
"9/24/2025, 4:53:08 PM",3.639,91.2,100,0,2025-09-24T20:53:08.000Z
"9/24/2025, 4:56:08 PM",3.639,91.2,100,0,2025-09-24T20:56:08.000Z
"9/24/2025, 4:59:08 PM",3.639,91,100,0,2025-09-24T20:59:08.000Z
"9/24/2025, 5:02:08 PM",3.639,91,100,0,2025-09-24T21:02:08.000Z
"9/24/2025, 5:05:08 PM",3.639,90.9,100,0,2025-09-24T21:05:08.000Z
"9/24/2025, 5:08:08 PM",3.64,90.9,100,0,2025-09-24T21:08:08.000Z
"9/24/2025, 5:11:08 PM",3.639,90.9,100,0,2025-09-24T21:11:08.000Z
"9/24/2025, 5:14:08 PM",3.639,90.9,100,0,2025-09-24T21:14:08.000Z
"9/24/2025, 5:17:08 PM",3.639,90.9,100,0,2025-09-24T21:17:08.000Z
"9/24/2025, 5:20:08 PM",3.639,90.9,100,0,2025-09-24T21:20:08.000Z
"9/24/2025, 5:23:08 PM",3.64,91,100,0,2025-09-24T21:23:08.000Z
"9/24/2025, 5:26:08 PM",3.639,91,100,0,2025-09-24T21:26:08.000Z
"9/24/2025, 5:29:08 PM",3.639,91,100,0,2025-09-24T21:29:08.000Z
"9/24/2025, 5:32:08 PM",3.639,91,100,0,2025-09-24T21:32:08.000Z
"9/24/2025, 5:35:08 PM",3.639,91,100,0,2025-09-24T21:35:08.000Z
"9/24/2025, 5:38:08 PM",3.639,91,100,0,2025-09-24T21:38:08.000Z
"9/24/2025, 5:41:08 PM",3.639,90.9,100,0,2025-09-24T21:41:08.000Z
"9/24/2025, 5:44:08 PM",3.639,91,100,0,2025-09-24T21:44:08.000Z
"9/24/2025, 5:47:08 PM",3.639,91.2,100,0,2025-09-24T21:47:08.000Z
"9/24/2025, 5:50:08 PM",3.639,91,100,0,2025-09-24T21:50:08.000Z
"9/24/2025, 5:53:08 PM",3.639,91,100,0,2025-09-24T21:53:08.000Z
"9/24/2025, 5:56:08 PM",3.639,91,100,0,2025-09-24T21:56:08.000Z
"9/24/2025, 5:59:08 PM",3.639,91,100,0,2025-09-24T21:59:08.000Z
"9/24/2025, 6:02:08 PM",3.639,91,100,0,2025-09-24T22:02:08.000Z
"9/24/2025, 6:05:08 PM",3.639,91,100,0,2025-09-24T22:05:08.000Z
"9/24/2025, 6:08:08 PM",3.639,91,100,0,2025-09-24T22:08:08.000Z
"9/24/2025, 6:11:08 PM",3.639,90.9,100,0,2025-09-24T22:11:08.000Z
"9/24/2025, 6:14:08 PM",3.64,90.9,100,0,2025-09-24T22:14:08.000Z
"9/24/2025, 6:17:08 PM",3.64,90.9,100,0,2025-09-24T22:17:08.000Z
"9/24/2025, 6:20:08 PM",3.64,90.7,100,0,2025-09-24T22:20:08.000Z
"9/24/2025, 6:23:08 PM",3.639,90.7,100,0,2025-09-24T22:23:08.000Z
"9/24/2025, 6:26:08 PM",3.64,90.5,100,0,2025-09-24T22:26:08.000Z
"9/24/2025, 6:29:08 PM",3.64,90.3,100,0,2025-09-24T22:29:08.000Z
"9/24/2025, 6:32:08 PM",3.64,90.1,100,0,2025-09-24T22:32:08.000Z
"9/24/2025, 6:35:08 PM",3.639,90,100,0,2025-09-24T22:35:08.000Z
"9/24/2025, 6:38:08 PM",3.639,89.8,100,0,2025-09-24T22:38:08.000Z
"9/24/2025, 6:41:08 PM",3.639,89.6,100,0,2025-09-24T22:41:08.000Z
"9/24/2025, 6:44:08 PM",3.639,89.2,100,0,2025-09-24T22:44:08.000Z
"9/24/2025, 6:47:08 PM",3.639,89.1,100,0,2025-09-24T22:47:08.000Z
"9/24/2025, 6:50:08 PM",3.639,88.9,100,0,2025-09-24T22:50:08.000Z
"9/24/2025, 6:53:08 PM",3.64,88.5,100,0,2025-09-24T22:53:08.000Z
"9/24/2025, 6:56:08 PM",3.639,88.3,100,0,2025-09-24T22:56:08.000Z
"9/24/2025, 6:59:08 PM",3.639,88.2,100,0,2025-09-24T22:59:08.000Z
"9/24/2025, 7:02:08 PM",3.639,88,100,0,2025-09-24T23:02:08.000Z
"9/24/2025, 7:05:08 PM",3.639,87.8,100,0,2025-09-24T23:05:08.000Z
"9/24/2025, 7:08:08 PM",3.64,87.4,100,0,2025-09-24T23:08:08.000Z
"9/24/2025, 7:11:08 PM",3.639,87.3,100,0,2025-09-24T23:11:08.000Z
"9/24/2025, 7:14:08 PM",3.639,87.1,100,0,2025-09-24T23:14:08.000Z
"9/24/2025, 7:17:08 PM",3.64,86.9,100,0,2025-09-24T23:17:08.000Z
"9/24/2025, 7:20:08 PM",3.64,86.5,100,0,2025-09-24T23:20:08.000Z
"9/24/2025, 7:23:08 PM",3.639,86.4,100,0,2025-09-24T23:23:08.000Z
"9/24/2025, 7:26:08 PM",3.64,86.2,100,0,2025-09-24T23:26:08.000Z
"9/24/2025, 7:29:08 PM",3.64,86,100,0,2025-09-24T23:29:08.000Z
"9/24/2025, 7:32:08 PM",3.639,85.8,100,0,2025-09-24T23:32:08.000Z
"9/24/2025, 7:35:08 PM",3.639,85.6,100,0,2025-09-24T23:35:08.000Z
"9/24/2025, 7:38:08 PM",3.639,85.5,100,0,2025-09-24T23:38:08.000Z
"9/24/2025, 7:41:08 PM",3.64,85.3,100,0,2025-09-24T23:41:08.000Z
"9/24/2025, 7:44:08 PM",3.64,85.1,100,0,2025-09-24T23:44:08.000Z
"9/24/2025, 7:47:08 PM",3.64,84.9,100,0,2025-09-24T23:47:08.000Z
"9/24/2025, 7:50:08 PM",3.64,84.7,100,0,2025-09-24T23:50:08.000Z
"9/24/2025, 7:53:08 PM",3.639,84.7,100,0,2025-09-24T23:53:08.000Z
"9/24/2025, 7:56:08 PM",3.64,84.6,100,0,2025-09-24T23:56:08.000Z
"9/24/2025, 7:59:08 PM",3.64,84.4,100,0,2025-09-24T23:59:08.000Z
"9/24/2025, 8:02:08 PM",3.64,84.2,100,0,2025-09-25T00:02:08.000Z
"9/24/2025, 8:05:08 PM",3.64,84.2,100,0,2025-09-25T00:05:08.000Z
"9/24/2025, 8:08:08 PM",3.639,84,100,0,2025-09-25T00:08:08.000Z
"9/24/2025, 8:11:08 PM",3.64,83.8,100,0,2025-09-25T00:11:08.000Z
"9/24/2025, 8:14:08 PM",3.64,83.8,100,0,2025-09-25T00:14:08.000Z
"9/24/2025, 8:17:08 PM",3.64,83.7,100,0,2025-09-25T00:17:08.000Z
"9/24/2025, 8:20:08 PM",3.64,83.7,100,0,2025-09-25T00:20:08.000Z
"9/24/2025, 8:23:08 PM",3.64,83.7,100,0,2025-09-25T00:23:08.000Z
"9/24/2025, 8:26:08 PM",3.64,83.5,100,0,2025-09-25T00:26:08.000Z
"9/24/2025, 8:29:08 PM",3.64,83.5,100,0,2025-09-25T00:29:08.000Z
"9/24/2025, 8:32:08 PM",3.64,83.5,100,0,2025-09-25T00:32:08.000Z
"9/24/2025, 8:35:08 PM",3.64,83.5,100,0,2025-09-25T00:35:08.000Z
"9/24/2025, 8:38:08 PM",3.64,83.3,100,0,2025-09-25T00:38:08.000Z
"9/24/2025, 8:41:08 PM",3.64,83.3,100,0,2025-09-25T00:41:08.000Z
"9/24/2025, 8:44:08 PM",3.64,83.3,100,0,2025-09-25T00:44:08.000Z
"9/24/2025, 8:47:08 PM",3.64,83.3,100,0,2025-09-25T00:47:08.000Z
"9/24/2025, 8:50:08 PM",3.64,83.1,100,0,2025-09-25T00:50:08.000Z
"9/24/2025, 8:53:08 PM",3.64,83.1,100,0,2025-09-25T00:53:08.000Z
"9/24/2025, 8:56:08 PM",3.64,83.1,100,0,2025-09-25T00:56:08.000Z
"9/24/2025, 8:59:08 PM",3.64,82.9,100,0,2025-09-25T00:59:08.000Z
"9/24/2025, 9:02:08 PM",3.64,82.9,100,0,2025-09-25T01:02:08.000Z
"9/24/2025, 9:05:08 PM",3.64,82.9,100,0,2025-09-25T01:05:08.000Z
"9/24/2025, 9:08:08 PM",3.64,82.8,100,0,2025-09-25T01:08:08.000Z
"9/24/2025, 9:11:08 PM",3.64,82.8,100,0,2025-09-25T01:11:08.000Z
"9/24/2025, 9:14:08 PM",3.64,82.8,100,0,2025-09-25T01:14:08.000Z
"9/24/2025, 9:17:08 PM",3.64,82.6,100,0,2025-09-25T01:17:08.000Z
"9/24/2025, 9:20:08 PM",3.641,82.6,100,0,2025-09-25T01:20:08.000Z
"9/24/2025, 9:23:08 PM",3.64,82.6,100,0,2025-09-25T01:23:08.000Z
"9/24/2025, 9:26:08 PM",3.64,82.6,100,0,2025-09-25T01:26:08.000Z
"9/24/2025, 9:29:08 PM",3.64,82.6,100,0,2025-09-25T01:29:08.000Z
"9/24/2025, 9:32:08 PM",3.64,82.6,100,0,2025-09-25T01:32:08.000Z
"9/24/2025, 9:35:08 PM",3.64,82.4,100,0,2025-09-25T01:35:08.000Z
"9/24/2025, 9:38:08 PM",3.64,82.4,100,0,2025-09-25T01:38:08.000Z
"9/24/2025, 9:41:08 PM",3.64,82.4,100,0,2025-09-25T01:41:08.000Z
"9/24/2025, 9:44:08 PM",3.64,82.4,100,0,2025-09-25T01:44:08.000Z
"9/24/2025, 9:47:08 PM",3.64,82.4,100,0,2025-09-25T01:47:08.000Z
"9/24/2025, 9:50:08 PM",3.64,82.4,100,0,2025-09-25T01:50:08.000Z
"9/24/2025, 9:53:08 PM",3.64,82.2,100,0,2025-09-25T01:53:08.000Z
"9/24/2025, 9:56:08 PM",3.64,82.2,100,0,2025-09-25T01:56:08.000Z
"9/24/2025, 9:59:08 PM",3.64,82.2,100,0,2025-09-25T01:59:08.000Z
"9/24/2025, 10:02:08 PM",3.64,82.2,100,0,2025-09-25T02:02:08.000Z
"9/24/2025, 10:05:08 PM",3.64,82.2,100,0,2025-09-25T02:05:08.000Z
"9/24/2025, 10:08:08 PM",3.64,82.2,100,0,2025-09-25T02:08:08.000Z
"9/24/2025, 10:11:08 PM",3.64,82.2,100,0,2025-09-25T02:11:08.000Z
"9/24/2025, 10:14:08 PM",3.64,82.2,100,0,2025-09-25T02:14:08.000Z
"9/24/2025, 10:17:08 PM",3.64,82.2,100,0,2025-09-25T02:17:08.000Z
"9/24/2025, 10:20:08 PM",3.64,82.2,100,0,2025-09-25T02:20:08.000Z
"9/24/2025, 10:23:08 PM",3.64,82.2,100,0,2025-09-25T02:23:08.000Z
"9/24/2025, 10:26:08 PM",3.64,82.2,100,0,2025-09-25T02:26:08.000Z
"9/24/2025, 10:29:08 PM",3.64,82.2,100,0,2025-09-25T02:29:08.000Z
"9/24/2025, 10:32:08 PM",3.639,82.2,100,0,2025-09-25T02:32:08.000Z
"9/24/2025, 10:35:08 PM",3.64,82.2,100,0,2025-09-25T02:35:08.000Z
"9/24/2025, 10:38:08 PM",3.639,82.2,100,0,2025-09-25T02:38:08.000Z
"9/24/2025, 10:41:08 PM",3.64,82,100,0,2025-09-25T02:41:08.000Z
"9/24/2025, 10:44:08 PM",3.639,82,100,0,2025-09-25T02:44:08.000Z
"9/24/2025, 10:47:08 PM",3.64,82,100,0,2025-09-25T02:47:08.000Z
"9/24/2025, 10:50:08 PM",3.64,82,100,0,2025-09-25T02:50:08.000Z
"9/24/2025, 10:53:08 PM",3.64,82,100,0,2025-09-25T02:53:08.000Z
"9/24/2025, 10:56:08 PM",3.64,82,100,0,2025-09-25T02:56:08.000Z
"9/24/2025, 10:59:08 PM",3.64,82,100,0,2025-09-25T02:59:08.000Z
"9/24/2025, 11:02:08 PM",3.64,82,100,0,2025-09-25T03:02:08.000Z
"9/24/2025, 11:05:08 PM",3.64,82,100,0,2025-09-25T03:05:08.000Z
"9/24/2025, 11:08:08 PM",3.64,82,100,0,2025-09-25T03:08:08.000Z
"9/24/2025, 11:11:08 PM",3.64,82,100,0,2025-09-25T03:11:08.000Z
"9/24/2025, 11:14:08 PM",3.64,82,100,0,2025-09-25T03:14:08.000Z
"9/24/2025, 11:17:08 PM",3.64,82,100,0,2025-09-25T03:17:08.000Z
"9/24/2025, 11:20:08 PM",3.64,82,100,0,2025-09-25T03:20:08.000Z
"9/24/2025, 11:23:08 PM",3.64,82,100,0,2025-09-25T03:23:08.000Z
"9/24/2025, 11:26:08 PM",3.64,82,100,0,2025-09-25T03:26:08.000Z
"9/24/2025, 11:29:08 PM",3.64,82,100,0,2025-09-25T03:29:08.000Z
"9/24/2025, 11:32:08 PM",3.64,82,100,0,2025-09-25T03:32:08.000Z
"9/24/2025, 11:35:08 PM",3.64,82,100,0,2025-09-25T03:35:08.000Z
"9/24/2025, 11:38:08 PM",3.64,82,100,0,2025-09-25T03:38:08.000Z
"9/24/2025, 11:41:08 PM",3.64,81.9,100,0,2025-09-25T03:41:08.000Z
"9/24/2025, 11:44:08 PM",3.639,81.9,100,0,2025-09-25T03:44:08.000Z
"9/24/2025, 11:47:08 PM",3.64,81.9,100,0,2025-09-25T03:47:08.000Z
"9/24/2025, 11:50:08 PM",3.64,81.9,100,0,2025-09-25T03:50:08.000Z
"9/24/2025, 11:53:08 PM",3.64,81.9,100,0,2025-09-25T03:53:08.000Z
"9/24/2025, 11:56:08 PM",3.64,81.7,100,0,2025-09-25T03:56:08.000Z
"9/24/2025, 11:59:08 PM",3.64,81.7,100,0,2025-09-25T03:59:08.000Z
"9/25/2025, 12:02:08 AM",3.64,81.7,100,0,2025-09-25T04:02:08.000Z
"9/25/2025, 12:05:08 AM",3.64,81.5,100,0,2025-09-25T04:05:08.000Z
"9/25/2025, 12:08:08 AM",3.639,81.5,100,0,2025-09-25T04:08:08.000Z
"9/25/2025, 12:11:08 AM",3.639,81.5,100,0,2025-09-25T04:11:08.000Z
"9/25/2025, 12:14:08 AM",3.64,81.3,100,0,2025-09-25T04:14:08.000Z
"9/25/2025, 12:17:08 AM",3.64,81.3,100,0,2025-09-25T04:17:08.000Z
"9/25/2025, 12:20:08 AM",3.64,81.3,100,0,2025-09-25T04:20:08.000Z
"9/25/2025, 12:23:08 AM",3.64,81.3,100,0,2025-09-25T04:23:08.000Z
"9/25/2025, 12:26:08 AM",3.64,81.1,100,0,2025-09-25T04:26:08.000Z
"9/25/2025, 12:29:08 AM",3.64,81.1,100,0,2025-09-25T04:29:08.000Z
"9/25/2025, 12:32:08 AM",3.64,81.1,100,0,2025-09-25T04:32:08.000Z
"9/25/2025, 12:35:08 AM",3.639,81.1,100,0,2025-09-25T04:35:08.000Z
"9/25/2025, 12:38:08 AM",3.64,81.1,100,0,2025-09-25T04:38:08.000Z
"9/25/2025, 12:41:08 AM",3.64,81.1,100,0,2025-09-25T04:41:08.000Z
"9/25/2025, 12:44:08 AM",3.64,81.1,100,0,2025-09-25T04:44:08.000Z
"9/25/2025, 12:47:08 AM",3.639,81.1,100,0,2025-09-25T04:47:08.000Z
"9/25/2025, 12:50:08 AM",3.64,81.1,100,0,2025-09-25T04:50:08.000Z
"9/25/2025, 12:53:08 AM",3.64,81.1,100,0,2025-09-25T04:53:08.000Z
"9/25/2025, 12:56:08 AM",3.64,81.1,100,0,2025-09-25T04:56:08.000Z
"9/25/2025, 12:59:08 AM",3.639,81.1,100,0,2025-09-25T04:59:08.000Z
"9/25/2025, 1:02:08 AM",3.639,81,100,0,2025-09-25T05:02:08.000Z
"9/25/2025, 1:05:08 AM",3.64,81,100,0,2025-09-25T05:05:08.000Z
"9/25/2025, 1:08:08 AM",3.64,81,100,0,2025-09-25T05:08:08.000Z
"9/25/2025, 1:11:08 AM",3.639,81,100,0,2025-09-25T05:11:08.000Z
"9/25/2025, 1:14:08 AM",3.64,81,100,0,2025-09-25T05:14:08.000Z
"9/25/2025, 1:17:08 AM",3.64,81,100,0,2025-09-25T05:17:08.000Z
"9/25/2025, 1:20:08 AM",3.64,81,100,0,2025-09-25T05:20:08.000Z
"9/25/2025, 1:23:08 AM",3.64,81,100,0,2025-09-25T05:23:08.000Z
"9/25/2025, 1:26:08 AM",3.64,81,100,0,2025-09-25T05:26:08.000Z
"9/25/2025, 1:29:08 AM",3.64,81,100,0,2025-09-25T05:29:08.000Z
"9/25/2025, 1:32:08 AM",3.639,81,100,0,2025-09-25T05:32:08.000Z
"9/25/2025, 1:35:08 AM",3.64,81.1,100,0,2025-09-25T05:35:08.000Z
"9/25/2025, 1:38:08 AM",3.639,81.1,100,0,2025-09-25T05:38:08.000Z
"9/25/2025, 1:41:08 AM",3.64,81.1,100,0,2025-09-25T05:41:08.000Z
"9/25/2025, 1:44:08 AM",3.64,81.1,100,0,2025-09-25T05:44:08.000Z
"9/25/2025, 1:47:08 AM",3.639,81.3,100,0,2025-09-25T05:47:08.000Z
"9/25/2025, 1:50:08 AM",3.64,81.3,100,0,2025-09-25T05:50:08.000Z
"9/25/2025, 1:53:08 AM",3.64,81.3,100,0,2025-09-25T05:53:08.000Z
"9/25/2025, 1:56:08 AM",3.64,81.3,100,0,2025-09-25T05:56:08.000Z
"9/25/2025, 1:59:08 AM",3.64,81.3,100,0,2025-09-25T05:59:08.000Z
"9/25/2025, 2:02:08 AM",3.639,81.5,100,0,2025-09-25T06:02:08.000Z
"9/25/2025, 2:05:08 AM",3.64,81.5,100,0,2025-09-25T06:05:08.000Z
"9/25/2025, 2:08:08 AM",3.64,81.5,100,0,2025-09-25T06:08:08.000Z
"9/25/2025, 2:11:08 AM",3.64,81.5,100,0,2025-09-25T06:11:08.000Z
"9/25/2025, 2:14:08 AM",3.639,81.5,100,0,2025-09-25T06:14:08.000Z
"9/25/2025, 2:17:08 AM",3.64,81.5,100,0,2025-09-25T06:17:08.000Z
"9/25/2025, 2:20:08 AM",3.64,81.5,100,0,2025-09-25T06:20:08.000Z
"9/25/2025, 2:23:08 AM",3.639,81.5,100,0,2025-09-25T06:23:08.000Z
"9/25/2025, 2:26:08 AM",3.64,81.5,100,0,2025-09-25T06:26:08.000Z
"9/25/2025, 2:29:08 AM",3.639,81.5,100,0,2025-09-25T06:29:08.000Z
"9/25/2025, 2:32:08 AM",3.639,81.5,100,0,2025-09-25T06:32:08.000Z
"9/25/2025, 2:35:08 AM",3.64,81.5,100,0,2025-09-25T06:35:08.000Z
"9/25/2025, 2:38:08 AM",3.639,81.5,100,0,2025-09-25T06:38:08.000Z
"9/25/2025, 2:41:08 AM",3.64,81.5,100,0,2025-09-25T06:41:08.000Z
"9/25/2025, 2:44:08 AM",3.639,81.5,100,0,2025-09-25T06:44:08.000Z
"9/25/2025, 2:47:08 AM",3.639,81.5,100,0,2025-09-25T06:47:08.000Z
"9/25/2025, 2:50:08 AM",3.64,81.5,100,0,2025-09-25T06:50:08.000Z
"9/25/2025, 2:53:08 AM",3.64,81.7,100,0,2025-09-25T06:53:08.000Z
"9/25/2025, 2:56:08 AM",3.64,81.5,100,0,2025-09-25T06:56:08.000Z
"9/25/2025, 2:59:08 AM",3.639,81.7,100,0,2025-09-25T06:59:08.000Z
"9/25/2025, 3:02:08 AM",3.639,81.7,100,0,2025-09-25T07:02:08.000Z
"9/25/2025, 3:05:08 AM",3.64,81.7,100,0,2025-09-25T07:05:08.000Z
"9/25/2025, 3:08:08 AM",3.64,81.7,100,0,2025-09-25T07:08:08.000Z
"9/25/2025, 3:11:08 AM",3.64,81.7,100,0,2025-09-25T07:11:08.000Z
"9/25/2025, 3:14:08 AM",3.64,81.7,100,0,2025-09-25T07:14:08.000Z
"9/25/2025, 3:17:08 AM",3.64,81.9,100,0,2025-09-25T07:17:08.000Z
"9/25/2025, 3:20:08 AM",3.64,81.9,100,0,2025-09-25T07:20:08.000Z
"9/25/2025, 3:23:08 AM",3.64,81.7,100,0,2025-09-25T07:23:08.000Z
"9/25/2025, 3:26:08 AM",3.639,81.7,100,0,2025-09-25T07:26:08.000Z
"9/25/2025, 3:29:08 AM",3.639,81.7,100,0,2025-09-25T07:29:08.000Z
"9/25/2025, 3:32:08 AM",3.64,81.7,100,0,2025-09-25T07:32:08.000Z
"9/25/2025, 3:35:08 AM",3.64,81.7,100,0,2025-09-25T07:35:08.000Z
"9/25/2025, 3:38:08 AM",3.64,81.5,100,0,2025-09-25T07:38:08.000Z
"9/25/2025, 3:41:08 AM",3.639,81.5,100,0,2025-09-25T07:41:08.000Z
"9/25/2025, 3:44:08 AM",3.64,81.5,100,0,2025-09-25T07:44:08.000Z
"9/25/2025, 3:47:08 AM",3.64,81.5,100,0,2025-09-25T07:47:08.000Z
"9/25/2025, 3:50:08 AM",3.64,81.3,100,0,2025-09-25T07:50:08.000Z
"9/25/2025, 3:53:08 AM",3.639,81.3,100,0,2025-09-25T07:53:08.000Z
"9/25/2025, 3:56:08 AM",3.639,81.3,100,0,2025-09-25T07:56:08.000Z
"9/25/2025, 3:59:08 AM",3.64,81.1,100,0,2025-09-25T07:59:08.000Z
"9/25/2025, 4:02:08 AM",3.639,81.1,100,0,2025-09-25T08:02:08.000Z
"9/25/2025, 4:05:08 AM",3.64,81.1,100,0,2025-09-25T08:05:08.000Z
"9/25/2025, 4:08:08 AM",3.64,81.1,100,0,2025-09-25T08:08:08.000Z
"9/25/2025, 4:11:08 AM",3.639,81.1,100,0,2025-09-25T08:11:08.000Z
"9/25/2025, 4:14:08 AM",3.639,81.1,100,0,2025-09-25T08:14:08.000Z
"9/25/2025, 4:17:08 AM",3.64,81.1,100,0,2025-09-25T08:17:08.000Z
"9/25/2025, 4:20:08 AM",3.639,81,100,0,2025-09-25T08:20:08.000Z
"9/25/2025, 4:23:08 AM",3.64,81,100,0,2025-09-25T08:23:08.000Z
"9/25/2025, 4:26:08 AM",3.639,80.8,100,0,2025-09-25T08:26:08.000Z
"9/25/2025, 4:29:08 AM",3.639,80.8,100,0,2025-09-25T08:29:08.000Z
"9/25/2025, 4:32:08 AM",3.639,80.8,100,0,2025-09-25T08:32:08.000Z
"9/25/2025, 4:35:08 AM",3.639,80.8,100,0,2025-09-25T08:35:08.000Z
"9/25/2025, 4:38:08 AM",3.64,80.6,100,0,2025-09-25T08:38:08.000Z
"9/25/2025, 4:41:08 AM",3.64,80.6,100,0,2025-09-25T08:41:08.000Z
"9/25/2025, 4:44:08 AM",3.639,80.6,100,0,2025-09-25T08:44:08.000Z
"9/25/2025, 4:47:08 AM",3.639,80.6,100,0,2025-09-25T08:47:08.000Z
"9/25/2025, 4:50:08 AM",3.64,80.6,100,0,2025-09-25T08:50:08.000Z
"9/25/2025, 4:53:08 AM",3.64,80.6,100,0,2025-09-25T08:53:08.000Z
"9/25/2025, 4:56:08 AM",3.639,80.6,100,0,2025-09-25T08:56:08.000Z
"9/25/2025, 4:59:08 AM",3.64,80.6,100,0,2025-09-25T08:59:08.000Z
"9/25/2025, 5:02:08 AM",3.64,80.4,100,0,2025-09-25T09:02:08.000Z
"9/25/2025, 5:05:08 AM",3.639,80.4,100,0,2025-09-25T09:05:08.000Z
"9/25/2025, 5:08:08 AM",3.64,80.4,100,0,2025-09-25T09:08:08.000Z
"9/25/2025, 5:11:08 AM",3.639,80.4,100,0,2025-09-25T09:11:08.000Z
"9/25/2025, 5:14:08 AM",3.64,80.2,100,0,2025-09-25T09:14:08.000Z
"9/25/2025, 5:17:08 AM",3.64,80.2,100,0,2025-09-25T09:17:08.000Z
"9/25/2025, 5:20:08 AM",3.64,80.2,100,0,2025-09-25T09:20:08.000Z
"9/25/2025, 5:23:08 AM",3.64,80.1,100,0,2025-09-25T09:23:08.000Z
"9/25/2025, 5:26:08 AM",3.639,80.1,100,0,2025-09-25T09:26:08.000Z
"9/25/2025, 5:29:08 AM",3.64,80.1,100,0,2025-09-25T09:29:08.000Z
"9/25/2025, 5:32:08 AM",3.639,80.1,100,0,2025-09-25T09:32:08.000Z
"9/25/2025, 5:35:08 AM",3.64,79.9,100,0,2025-09-25T09:35:08.000Z
"9/25/2025, 5:38:08 AM",3.639,79.9,100,0,2025-09-25T09:38:08.000Z
"9/25/2025, 5:41:08 AM",3.639,79.9,100,0,2025-09-25T09:41:08.000Z
"9/25/2025, 5:44:08 AM",3.64,79.9,100,0,2025-09-25T09:44:08.000Z
"9/25/2025, 5:47:08 AM",3.639,80.1,100,0,2025-09-25T09:47:08.000Z
"9/25/2025, 5:50:08 AM",3.639,80.1,100,0,2025-09-25T09:50:08.000Z
"9/25/2025, 5:53:08 AM",3.64,80.1,100,0,2025-09-25T09:53:08.000Z
"9/25/2025, 5:56:08 AM",3.639,80.2,100,0,2025-09-25T09:56:08.000Z
"9/25/2025, 5:59:08 AM",3.64,80.2,100,0,2025-09-25T09:59:08.000Z
"9/25/2025, 6:02:08 AM",3.639,80.2,100,0,2025-09-25T10:02:08.000Z
"9/25/2025, 6:05:08 AM",3.64,80.4,100,0,2025-09-25T10:05:08.000Z
"9/25/2025, 6:08:08 AM",3.64,80.4,100,0,2025-09-25T10:08:08.000Z
"9/25/2025, 6:11:08 AM",3.639,80.6,100,0,2025-09-25T10:11:08.000Z
"9/25/2025, 6:14:08 AM",3.639,80.6,100,0,2025-09-25T10:14:08.000Z
"9/25/2025, 6:17:08 AM",3.639,80.6,100,0,2025-09-25T10:17:08.000Z
"9/25/2025, 6:20:08 AM",3.64,80.8,100,0,2025-09-25T10:20:08.000Z
"9/25/2025, 6:23:08 AM",3.64,80.8,100,0,2025-09-25T10:23:08.000Z
"9/25/2025, 6:26:08 AM",3.639,80.8,100,0,2025-09-25T10:26:08.000Z
"9/25/2025, 6:29:08 AM",3.639,80.8,100,0,2025-09-25T10:29:08.000Z
"9/25/2025, 6:32:08 AM",3.639,80.8,100,0,2025-09-25T10:32:08.000Z
"9/25/2025, 6:35:08 AM",3.639,81,100,0,2025-09-25T10:35:08.000Z
"9/25/2025, 6:38:08 AM",3.639,81,100,0,2025-09-25T10:38:08.000Z
"9/25/2025, 6:41:08 AM",3.64,81,100,0,2025-09-25T10:41:08.000Z
"9/25/2025, 6:44:08 AM",3.639,81,100,0,2025-09-25T10:44:08.000Z
"9/25/2025, 6:47:08 AM",3.64,81.1,100,0,2025-09-25T10:47:08.000Z
"9/25/2025, 6:50:08 AM",3.639,81.1,100,0,2025-09-25T10:50:08.000Z
"9/25/2025, 6:53:08 AM",3.64,81.1,100,0,2025-09-25T10:53:08.000Z
"9/25/2025, 6:56:08 AM",3.639,81.3,100,0,2025-09-25T10:56:08.000Z
"9/25/2025, 6:59:08 AM",3.639,81.3,100,0,2025-09-25T10:59:08.000Z
"9/25/2025, 7:02:08 AM",3.639,81.3,100,0,2025-09-25T11:02:08.000Z
"9/25/2025, 7:05:08 AM",3.639,81.5,100,0,2025-09-25T11:05:08.000Z
"9/25/2025, 7:08:08 AM",3.639,81.5,100,0,2025-09-25T11:08:08.000Z
"9/25/2025, 7:11:08 AM",3.64,81.5,100,0,2025-09-25T11:11:08.000Z
"9/25/2025, 7:14:08 AM",3.64,81.5,100,0,2025-09-25T11:14:08.000Z
"9/25/2025, 7:17:08 AM",3.639,81.5,100,0,2025-09-25T11:17:08.000Z
"9/25/2025, 7:20:08 AM",3.639,81.5,100,0,2025-09-25T11:20:08.000Z
"9/25/2025, 7:23:08 AM",3.639,81.5,100,0,2025-09-25T11:23:08.000Z
"9/25/2025, 7:26:08 AM",3.639,81.3,100,0,2025-09-25T11:26:08.000Z
"9/25/2025, 7:29:08 AM",3.64,81.3,100,0,2025-09-25T11:29:08.000Z
"9/25/2025, 7:32:08 AM",3.639,81.3,100,0,2025-09-25T11:32:08.000Z
"9/25/2025, 7:35:08 AM",3.639,81.1,100,0,2025-09-25T11:35:08.000Z
"9/25/2025, 7:38:08 AM",3.639,81.1,100,0,2025-09-25T11:38:08.000Z
"9/25/2025, 7:41:08 AM",3.639,81.1,100,0,2025-09-25T11:41:08.000Z
"9/25/2025, 7:44:08 AM",3.639,81,100,0,2025-09-25T11:44:08.000Z
"9/25/2025, 7:47:08 AM",3.639,81,100,0,2025-09-25T11:47:08.000Z
"9/25/2025, 7:50:08 AM",3.639,81,100,0,2025-09-25T11:50:08.000Z
"9/25/2025, 7:53:08 AM",3.639,81,100,0,2025-09-25T11:53:08.000Z
"9/25/2025, 7:56:08 AM",3.639,81,100,0,2025-09-25T11:56:08.000Z
"9/25/2025, 7:59:08 AM",3.639,81,100,0,2025-09-25T11:59:08.000Z
"9/25/2025, 8:02:08 AM",3.64,81,100,0,2025-09-25T12:02:08.000Z
"9/25/2025, 8:05:08 AM",3.639,81,100,0,2025-09-25T12:05:08.000Z
"9/25/2025, 8:08:08 AM",3.639,81,100,0,2025-09-25T12:08:08.000Z
"9/25/2025, 8:11:08 AM",3.639,81,100,0,2025-09-25T12:11:08.000Z
"9/25/2025, 8:14:08 AM",3.639,81,100,0,2025-09-25T12:14:08.000Z
"9/25/2025, 8:17:08 AM",3.639,81,100,0,2025-09-25T12:17:08.000Z
"9/25/2025, 8:20:08 AM",3.639,81,100,0,2025-09-25T12:20:08.000Z
"9/25/2025, 8:23:08 AM",3.64,81,100,0,2025-09-25T12:23:08.000Z
"9/25/2025, 8:26:08 AM",3.639,81,100,0,2025-09-25T12:26:08.000Z
"9/25/2025, 8:29:08 AM",3.639,81,100,0,2025-09-25T12:29:08.000Z
"9/25/2025, 8:32:08 AM",3.639,80.8,100,0,2025-09-25T12:32:08.000Z
"9/25/2025, 8:35:08 AM",3.639,81,100,0,2025-09-25T12:35:08.000Z
"9/25/2025, 8:38:08 AM",3.639,81,100,0,2025-09-25T12:38:08.000Z
"9/25/2025, 8:41:08 AM",3.639,81,100,0,2025-09-25T12:41:08.000Z
"9/25/2025, 8:44:08 AM",3.64,81,100,0,2025-09-25T12:44:08.000Z
"9/25/2025, 8:47:08 AM",3.639,81,100,0,2025-09-25T12:47:08.000Z
"9/25/2025, 8:50:08 AM",3.639,81.1,100,0,2025-09-25T12:50:08.000Z
"9/25/2025, 8:53:08 AM",3.639,81.1,100,0,2025-09-25T12:53:08.000Z
"9/25/2025, 8:56:08 AM",3.64,81.1,100,0,2025-09-25T12:56:08.000Z
"9/25/2025, 8:59:08 AM",3.639,81.3,100,0,2025-09-25T12:59:08.000Z
"9/25/2025, 9:02:08 AM",3.639,81.3,100,0,2025-09-25T13:02:08.000Z
"9/25/2025, 9:05:08 AM",3.639,81.3,100,0,2025-09-25T13:05:08.000Z
"9/25/2025, 9:08:08 AM",3.639,81.5,100,0,2025-09-25T13:08:08.000Z
"9/25/2025, 9:11:08 AM",3.639,81.7,100,0,2025-09-25T13:11:08.000Z
"9/25/2025, 9:14:08 AM",3.639,81.7,100,0,2025-09-25T13:14:08.000Z
"9/25/2025, 9:17:08 AM",3.639,81.9,100,0,2025-09-25T13:17:08.000Z
"9/25/2025, 9:20:08 AM",3.639,81.9,100,0,2025-09-25T13:20:08.000Z
"9/25/2025, 9:23:08 AM",3.639,82.2,100,0,2025-09-25T13:23:08.000Z
"9/25/2025, 9:26:08 AM",3.639,82.4,100,0,2025-09-25T13:26:08.000Z
"9/25/2025, 9:29:08 AM",3.639,82.6,100,0,2025-09-25T13:29:08.000Z
"9/25/2025, 9:32:08 AM",3.639,82.8,100,0,2025-09-25T13:32:08.000Z
"9/25/2025, 9:35:08 AM",3.639,83.1,100,0,2025-09-25T13:35:08.000Z
"9/25/2025, 9:38:08 AM",3.639,83.3,100,0,2025-09-25T13:38:08.000Z
"9/25/2025, 9:41:08 AM",3.639,83.7,100,0,2025-09-25T13:41:08.000Z
"9/25/2025, 9:44:08 AM",3.639,83.8,100,0,2025-09-25T13:44:08.000Z
"9/25/2025, 9:47:08 AM",3.64,84,100,0,2025-09-25T13:47:08.000Z
"9/25/2025, 9:50:08 AM",3.639,84,100,0,2025-09-25T13:50:08.000Z
"9/25/2025, 9:53:08 AM",3.639,84.2,100,0,2025-09-25T13:53:08.000Z
"9/25/2025, 9:56:08 AM",3.639,84.4,100,0,2025-09-25T13:56:08.000Z
"9/25/2025, 9:59:08 AM",3.639,84.6,100,0,2025-09-25T13:59:08.000Z
"9/25/2025, 10:02:08 AM",3.639,84.6,100,0,2025-09-25T14:02:08.000Z
"9/25/2025, 10:05:08 AM",3.639,84.6,100,0,2025-09-25T14:05:08.000Z
"9/25/2025, 10:08:08 AM",3.639,84.6,100,0,2025-09-25T14:08:08.000Z
"9/25/2025, 10:11:08 AM",3.639,84.6,100,0,2025-09-25T14:11:08.000Z
"9/25/2025, 10:14:08 AM",3.639,84.6,100,0,2025-09-25T14:14:08.000Z
"9/25/2025, 10:17:08 AM",3.639,84.6,100,0,2025-09-25T14:17:08.000Z
"9/25/2025, 10:20:08 AM",3.639,84.6,100,0,2025-09-25T14:20:08.000Z
"9/25/2025, 10:23:08 AM",3.639,84.6,100,0,2025-09-25T14:23:08.000Z
"9/25/2025, 10:26:08 AM",3.639,84.4,100,0,2025-09-25T14:26:08.000Z
"9/25/2025, 10:29:08 AM",3.639,84.4,100,0,2025-09-25T14:29:08.000Z
"9/25/2025, 10:32:08 AM",3.639,84.4,100,0,2025-09-25T14:32:08.000Z
"9/25/2025, 10:35:08 AM",3.639,84.4,100,0,2025-09-25T14:35:08.000Z
"9/25/2025, 10:38:08 AM",3.639,84.4,100,0,2025-09-25T14:38:08.000Z
"9/25/2025, 10:41:08 AM",3.638,84.6,100,0,2025-09-25T14:41:08.000Z
"9/25/2025, 10:44:08 AM",3.639,84.7,100,0,2025-09-25T14:44:08.000Z
"9/25/2025, 10:47:08 AM",3.639,84.7,100,0,2025-09-25T14:47:08.000Z
"9/25/2025, 10:50:08 AM",3.639,85.1,100,0,2025-09-25T14:50:08.000Z
"9/25/2025, 10:53:08 AM",3.639,85.3,100,0,2025-09-25T14:53:08.000Z
"9/25/2025, 10:56:08 AM",3.639,85.5,100,0,2025-09-25T14:56:08.000Z
"9/25/2025, 10:59:08 AM",3.638,85.8,100,0,2025-09-25T14:59:08.000Z
"9/25/2025, 11:02:08 AM",3.639,86.2,100,0,2025-09-25T15:02:08.000Z
"9/25/2025, 11:05:08 AM",3.639,86.5,100,0,2025-09-25T15:05:08.000Z
"9/25/2025, 11:08:08 AM",3.639,86.9,100,0,2025-09-25T15:08:08.000Z
"9/25/2025, 11:11:08 AM",3.639,87.3,100,0,2025-09-25T15:11:08.000Z
"9/25/2025, 11:14:08 AM",3.639,87.4,100,0,2025-09-25T15:14:08.000Z
"9/25/2025, 11:17:08 AM",3.639,87.8,100,0,2025-09-25T15:17:08.000Z
"9/25/2025, 11:20:08 AM",3.638,88,100,0,2025-09-25T15:20:08.000Z
"9/25/2025, 11:23:08 AM",3.639,88.2,100,0,2025-09-25T15:23:08.000Z
"9/25/2025, 11:26:08 AM",3.639,88.2,100,0,2025-09-25T15:26:08.000Z
"9/25/2025, 11:29:08 AM",3.638,88.3,100,0,2025-09-25T15:29:08.000Z
"9/25/2025, 11:32:08 AM",3.638,88.5,100,0,2025-09-25T15:32:08.000Z
"9/25/2025, 11:35:08 AM",3.639,88.7,100,0,2025-09-25T15:35:08.000Z
"9/25/2025, 11:38:08 AM",3.639,88.7,100,0,2025-09-25T15:38:08.000Z
"9/25/2025, 11:41:08 AM",3.638,88.9,100,0,2025-09-25T15:41:08.000Z
"9/25/2025, 11:44:08 AM",3.639,88.9,100,0,2025-09-25T15:44:08.000Z
"9/25/2025, 11:47:08 AM",3.639,88.9,100,0,2025-09-25T15:47:08.000Z
"9/25/2025, 11:50:08 AM",3.639,88.9,100,0,2025-09-25T15:50:08.000Z
"9/25/2025, 11:53:08 AM",3.639,88.7,100,0,2025-09-25T15:53:08.000Z
"9/25/2025, 11:56:08 AM",3.639,88.5,100,0,2025-09-25T15:56:08.000Z
"9/25/2025, 11:59:08 AM",3.639,88.2,100,0,2025-09-25T15:59:08.000Z
"9/25/2025, 12:02:08 PM",3.638,88,100,0,2025-09-25T16:02:08.000Z
"9/25/2025, 12:05:08 PM",3.639,87.8,100,0,2025-09-25T16:05:08.000Z
"9/25/2025, 12:08:08 PM",3.638,87.4,100,0,2025-09-25T16:08:08.000Z
"9/25/2025, 12:11:08 PM",3.638,87.1,100,0,2025-09-25T16:11:08.000Z
"9/25/2025, 12:14:08 PM",3.638,86.9,100,0,2025-09-25T16:14:08.000Z
"9/25/2025, 12:17:08 PM",3.639,86.5,100,0,2025-09-25T16:17:08.000Z
"9/25/2025, 12:20:08 PM",3.638,86.4,100,0,2025-09-25T16:20:08.000Z
"9/25/2025, 12:23:08 PM",3.638,86.2,100,0,2025-09-25T16:23:08.000Z
"9/25/2025, 12:26:08 PM",3.638,85.8,100,0,2025-09-25T16:26:08.000Z
"9/25/2025, 12:29:08 PM",3.639,85.6,100,0,2025-09-25T16:29:08.000Z
"9/25/2025, 12:32:08 PM",3.639,85.6,100,0,2025-09-25T16:32:08.000Z
"9/25/2025, 12:35:08 PM",3.638,85.5,100,0,2025-09-25T16:35:08.000Z
"9/25/2025, 12:38:08 PM",3.639,85.5,100,0,2025-09-25T16:38:08.000Z
"9/25/2025, 12:41:08 PM",3.639,85.3,100,0,2025-09-25T16:41:08.000Z
"9/25/2025, 12:44:08 PM",3.639,85.3,100,0,2025-09-25T16:44:08.000Z
"9/25/2025, 12:47:08 PM",3.639,85.3,100,0,2025-09-25T16:47:08.000Z
"9/25/2025, 12:50:08 PM",3.639,85.3,100,0,2025-09-25T16:50:08.000Z
"9/25/2025, 12:53:08 PM",3.639,85.3,100,0,2025-09-25T16:53:08.000Z
"9/25/2025, 12:56:08 PM",3.639,85.3,100,0,2025-09-25T16:56:08.000Z
"9/25/2025, 12:59:08 PM",3.639,85.3,100,0,2025-09-25T16:59:08.000Z
"9/25/2025, 1:02:08 PM",3.639,85.5,100,0,2025-09-25T17:02:08.000Z
"9/25/2025, 1:05:08 PM",3.639,85.5,100,0,2025-09-25T17:05:08.000Z
"9/25/2025, 1:08:08 PM",3.639,85.6,100,0,2025-09-25T17:08:08.000Z
"9/25/2025, 1:11:08 PM",3.638,85.6,100,0,2025-09-25T17:11:08.000Z
"9/25/2025, 1:14:08 PM",3.639,85.6,100,0,2025-09-25T17:14:08.000Z
"9/25/2025, 1:17:08 PM",3.639,85.8,100,0,2025-09-25T17:17:08.000Z
"9/25/2025, 1:20:08 PM",3.639,85.8,100,0,2025-09-25T17:20:08.000Z
"9/25/2025, 1:23:08 PM",3.639,85.8,100,0,2025-09-25T17:23:08.000Z
"9/25/2025, 1:26:08 PM",3.639,86,100,0,2025-09-25T17:26:08.000Z
"9/25/2025, 1:29:08 PM",3.639,85.8,100,0,2025-09-25T17:29:08.000Z
"9/25/2025, 1:32:08 PM",3.639,85.8,100,0,2025-09-25T17:32:08.000Z
"9/25/2025, 1:35:08 PM",3.639,86,100,0,2025-09-25T17:35:08.000Z
"9/25/2025, 1:38:08 PM",3.639,86.4,100,0,2025-09-25T17:38:08.000Z
"9/25/2025, 1:41:08 PM",3.639,86.5,100,0,2025-09-25T17:41:08.000Z
"9/25/2025, 1:44:08 PM",3.639,86.7,100,0,2025-09-25T17:44:08.000Z
"9/25/2025, 1:47:08 PM",3.639,86.9,100,0,2025-09-25T17:47:08.000Z
"9/25/2025, 1:50:08 PM",3.638,87.3,100,0,2025-09-25T17:50:08.000Z
"9/25/2025, 1:53:08 PM",3.639,87.4,100,0,2025-09-25T17:53:08.000Z
"9/25/2025, 1:56:08 PM",3.639,87.8,100,0,2025-09-25T17:56:08.000Z
"9/25/2025, 1:59:08 PM",3.638,88.2,100,0,2025-09-25T17:59:08.000Z
"9/25/2025, 2:02:08 PM",3.639,88.5,100,0,2025-09-25T18:02:08.000Z
"9/25/2025, 2:05:08 PM",3.639,88.9,100,0,2025-09-25T18:05:08.000Z
"9/25/2025, 2:08:08 PM",3.639,89.2,100,0,2025-09-25T18:08:08.000Z
"9/25/2025, 2:11:08 PM",3.638,89.6,100,0,2025-09-25T18:11:08.000Z
"9/25/2025, 2:14:08 PM",3.639,89.8,100,0,2025-09-25T18:14:08.000Z
"9/25/2025, 2:17:08 PM",3.639,90.1,100,0,2025-09-25T18:17:08.000Z
"9/25/2025, 2:20:08 PM",3.639,90.1,100,0,2025-09-25T18:20:08.000Z
"9/25/2025, 2:23:08 PM",3.638,90.3,100,0,2025-09-25T18:23:08.000Z
"9/25/2025, 2:26:08 PM",3.639,90.5,100,0,2025-09-25T18:26:08.000Z
"9/25/2025, 2:29:08 PM",3.638,90.5,100,0,2025-09-25T18:29:08.000Z
"9/25/2025, 2:32:08 PM",3.638,90.5,100,0,2025-09-25T18:32:08.000Z
"9/25/2025, 2:35:08 PM",3.639,90.5,100,0,2025-09-25T18:35:08.000Z
"9/25/2025, 2:38:08 PM",3.639,90.5,100,0,2025-09-25T18:38:08.000Z
"9/25/2025, 2:41:08 PM",3.639,90.7,100,0,2025-09-25T18:41:08.000Z
"9/25/2025, 2:44:08 PM",3.639,91,100,0,2025-09-25T18:44:08.000Z
"9/25/2025, 2:47:08 PM",3.639,91.4,100,0,2025-09-25T18:47:08.000Z
"9/25/2025, 2:50:08 PM",3.639,91.6,100,0,2025-09-25T18:50:08.000Z
"9/25/2025, 2:53:08 PM",3.638,91.8,100,0,2025-09-25T18:53:08.000Z
"9/25/2025, 2:56:08 PM",3.639,92.1,100,0,2025-09-25T18:56:08.000Z
"9/25/2025, 2:59:08 PM",3.639,92.1,100,0,2025-09-25T18:59:08.000Z
"9/25/2025, 3:02:08 PM",3.638,92.3,100,0,2025-09-25T19:02:08.000Z
"9/25/2025, 3:05:08 PM",3.638,92.1,100,0,2025-09-25T19:05:08.000Z
"9/25/2025, 3:08:08 PM",3.638,92.1,100,0,2025-09-25T19:08:08.000Z
"9/25/2025, 3:11:08 PM",3.638,91.9,100,0,2025-09-25T19:11:08.000Z
"9/25/2025, 3:14:08 PM",3.638,91.6,100,0,2025-09-25T19:14:08.000Z
"9/25/2025, 3:17:08 PM",3.638,91.6,100,0,2025-09-25T19:17:08.000Z
"9/25/2025, 3:20:08 PM",3.638,91.8,100,0,2025-09-25T19:20:08.000Z
"9/25/2025, 3:23:08 PM",3.638,91.8,100,0,2025-09-25T19:23:08.000Z
"9/25/2025, 3:26:08 PM",3.638,92.1,100,0,2025-09-25T19:26:08.000Z
"9/25/2025, 3:29:08 PM",3.639,92.5,100,0,2025-09-25T19:29:08.000Z
"9/25/2025, 3:32:08 PM",3.639,92.8,100,0,2025-09-25T19:32:08.000Z
"9/25/2025, 3:35:08 PM",3.639,93.2,100,0,2025-09-25T19:35:08.000Z
"9/25/2025, 3:38:08 PM",3.639,93.4,100,0,2025-09-25T19:38:08.000Z
"9/25/2025, 3:41:08 PM",3.638,93.4,100,0,2025-09-25T19:41:08.000Z
"9/25/2025, 3:44:08 PM",3.639,93.4,100,0,2025-09-25T19:44:08.000Z
"9/25/2025, 3:47:08 PM",3.638,93.2,100,0,2025-09-25T19:47:08.000Z
"9/25/2025, 3:50:08 PM",3.638,93,100,0,2025-09-25T19:50:08.000Z
"9/25/2025, 3:53:08 PM",3.638,92.8,100,0,2025-09-25T19:53:08.000Z
"9/25/2025, 3:56:08 PM",3.638,92.7,100,0,2025-09-25T19:56:08.000Z
"9/25/2025, 3:59:08 PM",3.638,92.3,100,0,2025-09-25T19:59:08.000Z
"9/25/2025, 4:02:08 PM",3.638,92.1,100,0,2025-09-25T20:02:08.000Z
"9/25/2025, 4:05:08 PM",3.638,92.1,100,0,2025-09-25T20:05:08.000Z
"9/25/2025, 4:08:08 PM",3.638,91.9,100,0,2025-09-25T20:08:08.000Z
"9/25/2025, 4:11:08 PM",3.638,92.1,100,0,2025-09-25T20:11:08.000Z
"9/25/2025, 4:14:08 PM",3.638,92.1,100,0,2025-09-25T20:14:08.000Z
"9/25/2025, 4:17:08 PM",3.638,92.1,100,0,2025-09-25T20:17:08.000Z
"9/25/2025, 4:20:08 PM",3.638,92.1,100,0,2025-09-25T20:20:08.000Z
"9/25/2025, 4:23:08 PM",3.639,91.9,100,0,2025-09-25T20:23:08.000Z
"9/25/2025, 4:26:08 PM",3.638,91.8,100,0,2025-09-25T20:26:08.000Z
"9/25/2025, 4:29:08 PM",3.638,91.4,100,0,2025-09-25T20:29:08.000Z
"9/25/2025, 4:32:08 PM",3.638,91,100,0,2025-09-25T20:32:08.000Z
"9/25/2025, 4:35:08 PM",3.638,90.7,100,0,2025-09-25T20:35:08.000Z
"9/25/2025, 4:38:08 PM",3.638,90.5,100,0,2025-09-25T20:38:08.000Z
"9/25/2025, 4:41:08 PM",3.638,90.1,100,0,2025-09-25T20:41:08.000Z
"9/25/2025, 4:44:08 PM",3.639,90,100,0,2025-09-25T20:44:08.000Z
"9/25/2025, 4:47:08 PM",3.639,90,100,0,2025-09-25T20:47:08.000Z
"9/25/2025, 4:50:08 PM",3.638,89.8,100,0,2025-09-25T20:50:08.000Z
"9/25/2025, 4:53:08 PM",3.638,89.8,100,0,2025-09-25T20:53:08.000Z
"9/25/2025, 4:56:08 PM",3.639,89.6,100,0,2025-09-25T20:56:08.000Z
"9/25/2025, 4:59:08 PM",3.639,89.4,100,0,2025-09-25T20:59:08.000Z
"9/25/2025, 5:02:08 PM",3.638,89.4,100,0,2025-09-25T21:02:08.000Z
"9/25/2025, 5:05:08 PM",3.639,89.2,100,0,2025-09-25T21:05:08.000Z
"9/25/2025, 5:08:08 PM",3.638,89.1,100,0,2025-09-25T21:08:08.000Z
"9/25/2025, 5:11:08 PM",3.638,89.1,100,0,2025-09-25T21:11:08.000Z
"9/25/2025, 5:14:08 PM",3.638,88.9,100,0,2025-09-25T21:14:08.000Z
"9/25/2025, 5:17:08 PM",3.639,88.9,100,0,2025-09-25T21:17:08.000Z
"9/25/2025, 5:20:08 PM",3.639,89.1,100,0,2025-09-25T21:20:08.000Z
"9/25/2025, 5:23:08 PM",3.639,89.2,100,0,2025-09-25T21:23:08.000Z
"9/25/2025, 5:26:08 PM",3.639,89.4,100,0,2025-09-25T21:26:08.000Z
"9/25/2025, 5:29:08 PM",3.639,89.6,100,0,2025-09-25T21:29:08.000Z
"9/25/2025, 5:32:08 PM",3.639,89.8,100,0,2025-09-25T21:32:08.000Z
"9/25/2025, 5:35:08 PM",3.639,89.8,100,0,2025-09-25T21:35:08.000Z
"9/25/2025, 5:38:08 PM",3.639,89.6,100,0,2025-09-25T21:38:08.000Z
"9/25/2025, 5:41:08 PM",3.638,89.6,100,0,2025-09-25T21:41:08.000Z
"9/25/2025, 5:44:08 PM",3.639,89.6,100,0,2025-09-25T21:44:08.000Z
"9/25/2025, 5:47:08 PM",3.639,89.4,100,0,2025-09-25T21:47:08.000Z
"9/25/2025, 5:50:08 PM",3.639,89.2,100,0,2025-09-25T21:50:08.000Z
"9/25/2025, 5:53:08 PM",3.639,89.2,100,0,2025-09-25T21:53:08.000Z
"9/25/2025, 5:56:08 PM",3.639,89.1,100,0,2025-09-25T21:56:08.000Z
"9/25/2025, 5:59:08 PM",3.638,88.9,100,0,2025-09-25T21:59:08.000Z
"9/25/2025, 6:02:08 PM",3.639,88.9,100,0,2025-09-25T22:02:08.000Z
"9/25/2025, 6:05:08 PM",3.639,88.9,100,0,2025-09-25T22:05:08.000Z
"9/25/2025, 6:08:08 PM",3.639,88.9,100,0,2025-09-25T22:08:08.000Z
"9/25/2025, 6:11:08 PM",3.639,88.9,100,0,2025-09-25T22:11:08.000Z
"9/25/2025, 6:14:08 PM",3.638,88.9,100,0,2025-09-25T22:14:08.000Z
"9/25/2025, 6:17:08 PM",3.639,88.7,100,0,2025-09-25T22:17:08.000Z
"9/25/2025, 6:20:08 PM",3.638,88.5,100,0,2025-09-25T22:20:08.000Z
"9/25/2025, 6:23:08 PM",3.639,88.3,100,0,2025-09-25T22:23:08.000Z
"9/25/2025, 6:26:08 PM",3.639,88.2,100,0,2025-09-25T22:26:08.000Z
"9/25/2025, 6:29:08 PM",3.638,88.2,100,0,2025-09-25T22:29:08.000Z
"9/25/2025, 6:32:08 PM",3.638,88,100,0,2025-09-25T22:32:08.000Z
"9/25/2025, 6:35:08 PM",3.639,87.8,100,0,2025-09-25T22:35:08.000Z
"9/25/2025, 6:38:08 PM",3.639,87.4,100,0,2025-09-25T22:38:08.000Z
"9/25/2025, 6:41:08 PM",3.638,87.3,100,0,2025-09-25T22:41:08.000Z
"9/25/2025, 6:44:08 PM",3.638,87.1,100,0,2025-09-25T22:44:08.000Z
"9/25/2025, 6:47:08 PM",3.639,86.9,100,0,2025-09-25T22:47:08.000Z
"9/25/2025, 6:50:08 PM",3.639,86.7,100,0,2025-09-25T22:50:08.000Z
"9/25/2025, 6:53:08 PM",3.639,86.7,100,0,2025-09-25T22:53:08.000Z
"9/25/2025, 6:56:08 PM",3.639,86.5,100,0,2025-09-25T22:56:08.000Z
"9/25/2025, 6:59:08 PM",3.638,86.4,100,0,2025-09-25T22:59:08.000Z
"9/25/2025, 7:02:08 PM",3.639,86.4,100,0,2025-09-25T23:02:08.000Z
"9/25/2025, 7:05:08 PM",3.638,86.2,100,0,2025-09-25T23:05:08.000Z
"9/25/2025, 7:08:08 PM",3.639,86.2,100,0,2025-09-25T23:08:08.000Z
"9/25/2025, 7:11:08 PM",3.639,86,100,0,2025-09-25T23:11:08.000Z
"9/25/2025, 7:14:08 PM",3.639,85.8,100,0,2025-09-25T23:14:08.000Z
"9/25/2025, 7:17:08 PM",3.639,85.8,100,0,2025-09-25T23:17:08.000Z
"9/25/2025, 7:20:08 PM",3.639,85.6,100,0,2025-09-25T23:20:08.000Z
"9/25/2025, 7:23:08 PM",3.639,85.6,100,0,2025-09-25T23:23:08.000Z
"9/25/2025, 7:26:08 PM",3.638,85.5,100,0,2025-09-25T23:26:08.000Z
"9/25/2025, 7:29:08 PM",3.639,85.5,100,0,2025-09-25T23:29:08.000Z
"9/25/2025, 7:32:08 PM",3.639,85.3,100,0,2025-09-25T23:32:08.000Z
"9/25/2025, 7:35:08 PM",3.639,85.1,100,0,2025-09-25T23:35:08.000Z
"9/25/2025, 7:38:08 PM",3.639,85.1,100,0,2025-09-25T23:38:08.000Z
"9/25/2025, 7:41:08 PM",3.639,84.9,100,0,2025-09-25T23:41:08.000Z
"9/25/2025, 7:44:08 PM",3.639,84.7,100,0,2025-09-25T23:44:08.000Z
"9/25/2025, 7:47:08 PM",3.639,84.7,100,0,2025-09-25T23:47:08.000Z
"9/25/2025, 7:50:08 PM",3.639,84.6,100,0,2025-09-25T23:50:08.000Z
"9/25/2025, 7:53:08 PM",3.639,84.6,100,0,2025-09-25T23:53:08.000Z
"9/25/2025, 7:56:08 PM",3.639,84.6,100,0,2025-09-25T23:56:08.000Z
"9/25/2025, 7:59:08 PM",3.639,84.4,100,0,2025-09-25T23:59:08.000Z
"9/25/2025, 8:02:08 PM",3.639,84.4,100,0,2025-09-26T00:02:08.000Z
"9/25/2025, 8:05:08 PM",3.639,84.4,100,0,2025-09-26T00:05:08.000Z
"9/25/2025, 8:08:08 PM",3.639,84.2,100,0,2025-09-26T00:08:08.000Z
"9/25/2025, 8:11:08 PM",3.639,84.2,100,0,2025-09-26T00:11:08.000Z
"9/25/2025, 8:14:08 PM",3.639,84.2,100,0,2025-09-26T00:14:08.000Z
"9/25/2025, 8:17:08 PM",3.639,84.2,100,0,2025-09-26T00:17:08.000Z
"9/25/2025, 8:20:08 PM",3.639,84.2,100,0,2025-09-26T00:20:08.000Z
"9/25/2025, 8:23:08 PM",3.639,84.2,100,0,2025-09-26T00:23:08.000Z
"9/25/2025, 8:26:08 PM",3.64,84,100,0,2025-09-26T00:26:08.000Z
"9/25/2025, 8:29:08 PM",3.639,84,100,0,2025-09-26T00:29:08.000Z
"9/25/2025, 8:32:08 PM",3.639,84,100,0,2025-09-26T00:32:08.000Z
"9/25/2025, 8:35:08 PM",3.639,84,100,0,2025-09-26T00:35:08.000Z
"9/25/2025, 8:38:08 PM",3.639,83.8,100,0,2025-09-26T00:38:08.000Z
"9/25/2025, 8:41:08 PM",3.639,83.8,100,0,2025-09-26T00:41:08.000Z
"9/25/2025, 8:44:08 PM",3.639,83.8,100,0,2025-09-26T00:44:08.000Z
"9/25/2025, 8:47:08 PM",3.639,83.7,100,0,2025-09-26T00:47:08.000Z
"9/25/2025, 8:50:08 PM",3.639,83.5,100,0,2025-09-26T00:50:08.000Z
"9/25/2025, 8:53:08 PM",3.639,83.5,100,0,2025-09-26T00:53:08.000Z
"9/25/2025, 8:56:08 PM",3.639,83.3,100,0,2025-09-26T00:56:08.000Z
"9/25/2025, 8:59:08 PM",3.639,83.1,100,0,2025-09-26T00:59:08.000Z
"9/25/2025, 9:02:08 PM",3.639,82.9,100,0,2025-09-26T01:02:08.000Z
"9/25/2025, 9:05:08 PM",3.639,82.9,100,0,2025-09-26T01:05:08.000Z
"9/25/2025, 9:08:08 PM",3.639,82.8,100,0,2025-09-26T01:08:08.000Z
"9/25/2025, 9:11:08 PM",3.639,82.6,100,0,2025-09-26T01:11:08.000Z
"9/25/2025, 9:14:08 PM",3.639,82.4,100,0,2025-09-26T01:14:08.000Z
"9/25/2025, 9:17:08 PM",3.639,82.4,100,0,2025-09-26T01:17:08.000Z
"9/25/2025, 9:20:08 PM",3.639,82.2,100,0,2025-09-26T01:20:08.000Z
"9/25/2025, 9:23:08 PM",3.639,82,100,0,2025-09-26T01:23:08.000Z
"9/25/2025, 9:26:08 PM",3.639,82,100,0,2025-09-26T01:26:08.000Z
"9/25/2025, 9:29:08 PM",3.639,81.9,100,0,2025-09-26T01:29:08.000Z
"9/25/2025, 9:32:08 PM",3.639,81.7,100,0,2025-09-26T01:32:08.000Z
"9/25/2025, 9:35:08 PM",3.639,81.7,100,0,2025-09-26T01:35:08.000Z
"9/25/2025, 9:38:08 PM",3.639,81.5,100,0,2025-09-26T01:38:08.000Z
"9/25/2025, 9:41:08 PM",3.639,81.5,100,0,2025-09-26T01:41:08.000Z
"9/25/2025, 9:44:08 PM",3.639,81.3,100,0,2025-09-26T01:44:08.000Z
"9/25/2025, 9:47:08 PM",3.639,81.3,100,0,2025-09-26T01:47:08.000Z
"9/25/2025, 9:50:08 PM",3.639,81.3,100,0,2025-09-26T01:50:08.000Z
"9/25/2025, 9:53:08 PM",3.639,81.1,100,0,2025-09-26T01:53:08.000Z
"9/25/2025, 9:56:08 PM",3.639,81.1,100,0,2025-09-26T01:56:08.000Z
"9/25/2025, 9:59:08 PM",3.639,81,100,0,2025-09-26T01:59:08.000Z
"9/25/2025, 10:02:08 PM",3.639,81,100,0,2025-09-26T02:02:08.000Z
"9/25/2025, 10:05:08 PM",3.639,81,100,0,2025-09-26T02:05:08.000Z
"9/25/2025, 10:08:08 PM",3.639,80.8,100,0,2025-09-26T02:08:08.000Z
"9/25/2025, 10:11:08 PM",3.639,80.8,100,0,2025-09-26T02:11:08.000Z
"9/25/2025, 10:14:08 PM",3.639,80.8,100,0,2025-09-26T02:14:08.000Z
"9/25/2025, 10:17:08 PM",3.639,80.6,100,0,2025-09-26T02:17:08.000Z
"9/25/2025, 10:20:08 PM",3.639,80.6,100,0,2025-09-26T02:20:08.000Z
"9/25/2025, 10:23:08 PM",3.639,80.6,100,0,2025-09-26T02:23:08.000Z
"9/25/2025, 10:26:08 PM",3.639,80.6,100,0,2025-09-26T02:26:08.000Z
"9/25/2025, 10:29:08 PM",3.639,80.4,100,0,2025-09-26T02:29:08.000Z
"9/25/2025, 10:32:08 PM",3.639,80.4,100,0,2025-09-26T02:32:08.000Z
"9/25/2025, 10:35:08 PM",3.64,80.4,100,0,2025-09-26T02:35:08.000Z
"9/25/2025, 10:38:08 PM",3.638,80.2,100,0,2025-09-26T02:38:08.000Z
"9/25/2025, 10:41:08 PM",3.64,80.2,100,0,2025-09-26T02:41:08.000Z
"9/25/2025, 10:44:08 PM",3.639,80.2,100,0,2025-09-26T02:44:08.000Z
"9/25/2025, 10:47:08 PM",3.639,80.2,100,0,2025-09-26T02:47:08.000Z
"9/25/2025, 10:50:08 PM",3.64,80.1,100,0,2025-09-26T02:50:08.000Z
"9/25/2025, 10:53:08 PM",3.639,80.1,100,0,2025-09-26T02:53:08.000Z
"9/25/2025, 10:56:08 PM",3.639,80.1,100,0,2025-09-26T02:56:08.000Z
"9/25/2025, 10:59:08 PM",3.639,80.1,100,0,2025-09-26T02:59:08.000Z
"9/25/2025, 11:02:08 PM",3.639,80.1,100,0,2025-09-26T03:02:08.000Z
"9/25/2025, 11:05:08 PM",3.639,80.1,100,0,2025-09-26T03:05:08.000Z
"9/25/2025, 11:08:08 PM",3.639,79.9,100,0,2025-09-26T03:08:08.000Z
"9/25/2025, 11:11:08 PM",3.639,79.9,100,0,2025-09-26T03:11:08.000Z
"9/25/2025, 11:14:08 PM",3.639,79.9,100,0,2025-09-26T03:14:08.000Z
"9/25/2025, 11:17:08 PM",3.639,79.9,100,0,2025-09-26T03:17:08.000Z
"9/25/2025, 11:20:08 PM",3.639,79.7,100,0,2025-09-26T03:20:08.000Z
"9/25/2025, 11:23:08 PM",3.639,79.7,100,0,2025-09-26T03:23:08.000Z
"9/25/2025, 11:26:08 PM",3.639,79.7,100,0,2025-09-26T03:26:08.000Z
"9/25/2025, 11:29:08 PM",3.639,79.7,100,0,2025-09-26T03:29:08.000Z
"9/25/2025, 11:32:08 PM",3.639,79.7,100,0,2025-09-26T03:32:08.000Z
"9/25/2025, 11:35:08 PM",3.639,79.5,100,0,2025-09-26T03:35:08.000Z
"9/25/2025, 11:38:08 PM",3.639,79.5,100,0,2025-09-26T03:38:08.000Z
"9/25/2025, 11:41:08 PM",3.639,79.5,100,0,2025-09-26T03:41:08.000Z
"9/25/2025, 11:44:08 PM",3.639,79.5,100,0,2025-09-26T03:44:08.000Z
"9/25/2025, 11:47:08 PM",3.639,79.3,100,0,2025-09-26T03:47:08.000Z
"9/25/2025, 11:50:08 PM",3.639,79.3,100,0,2025-09-26T03:50:08.000Z
"9/25/2025, 11:53:08 PM",3.639,79.3,100,0,2025-09-26T03:53:08.000Z
"9/25/2025, 11:56:08 PM",3.639,79.2,100,0,2025-09-26T03:56:08.000Z
"9/25/2025, 11:59:08 PM",3.639,79.2,100,0,2025-09-26T03:59:08.000Z
"9/26/2025, 12:02:08 AM",3.639,79.2,100,0,2025-09-26T04:02:08.000Z
"9/26/2025, 12:05:08 AM",3.639,79,100,0,2025-09-26T04:05:08.000Z
"9/26/2025, 12:08:08 AM",3.639,79,100,0,2025-09-26T04:08:08.000Z
"9/26/2025, 12:11:08 AM",3.639,79,100,0,2025-09-26T04:11:08.000Z
"9/26/2025, 12:14:08 AM",3.639,79,100,0,2025-09-26T04:14:08.000Z
"9/26/2025, 12:17:08 AM",3.639,79,100,0,2025-09-26T04:17:08.000Z
"9/26/2025, 12:20:08 AM",3.639,78.8,100,0,2025-09-26T04:20:08.000Z
"9/26/2025, 12:23:08 AM",3.639,78.8,100,0,2025-09-26T04:23:08.000Z
"9/26/2025, 12:26:08 AM",3.639,78.8,100,0,2025-09-26T04:26:08.000Z
"9/26/2025, 12:29:08 AM",3.639,78.6,100,0,2025-09-26T04:29:08.000Z
"9/26/2025, 12:32:08 AM",3.639,78.6,100,0,2025-09-26T04:32:08.000Z
"9/26/2025, 12:35:08 AM",3.639,78.4,100,0,2025-09-26T04:35:08.000Z
"9/26/2025, 12:38:08 AM",3.639,78.4,100,0,2025-09-26T04:38:08.000Z
"9/26/2025, 12:41:08 AM",3.639,78.3,100,0,2025-09-26T04:41:08.000Z
"9/26/2025, 12:44:08 AM",3.639,78.3,100,0,2025-09-26T04:44:08.000Z
"9/26/2025, 12:47:08 AM",3.639,78.3,100,0,2025-09-26T04:47:08.000Z
"9/26/2025, 12:50:08 AM",3.639,78.1,100,0,2025-09-26T04:50:08.000Z
"9/26/2025, 12:53:08 AM",3.639,78.1,100,0,2025-09-26T04:53:08.000Z
"9/26/2025, 12:56:08 AM",3.639,77.9,100,0,2025-09-26T04:56:08.000Z
"9/26/2025, 12:59:08 AM",3.639,77.9,100,0,2025-09-26T04:59:08.000Z
"9/26/2025, 1:02:08 AM",3.639,77.9,100,0,2025-09-26T05:02:08.000Z
"9/26/2025, 1:05:08 AM",3.638,77.9,100,0,2025-09-26T05:05:08.000Z
"9/26/2025, 1:08:08 AM",3.639,77.9,100,0,2025-09-26T05:08:08.000Z
"9/26/2025, 1:11:08 AM",3.639,77.7,100,0,2025-09-26T05:11:08.000Z
"9/26/2025, 1:14:08 AM",3.639,77.7,100,0,2025-09-26T05:14:08.000Z
"9/26/2025, 1:17:08 AM",3.639,77.7,100,0,2025-09-26T05:17:08.000Z
"9/26/2025, 1:20:08 AM",3.639,77.7,100,0,2025-09-26T05:20:08.000Z
"9/26/2025, 1:23:08 AM",3.639,77.5,100,0,2025-09-26T05:23:08.000Z
"9/26/2025, 1:26:08 AM",3.639,77.5,100,0,2025-09-26T05:26:08.000Z
"9/26/2025, 1:29:08 AM",3.639,77.5,100,0,2025-09-26T05:29:08.000Z
"9/26/2025, 1:32:08 AM",3.639,77.4,100,0,2025-09-26T05:32:08.000Z
"9/26/2025, 1:35:08 AM",3.639,77.4,100,0,2025-09-26T05:35:08.000Z
"9/26/2025, 1:38:08 AM",3.639,77.4,100,0,2025-09-26T05:38:08.000Z
"9/26/2025, 1:41:08 AM",3.639,77.4,100,0,2025-09-26T05:41:08.000Z
"9/26/2025, 1:44:08 AM",3.639,77.4,100,0,2025-09-26T05:44:08.000Z
"9/26/2025, 1:47:08 AM",3.639,77.4,100,0,2025-09-26T05:47:08.000Z
"9/26/2025, 1:50:08 AM",3.639,77.4,100,0,2025-09-26T05:50:08.000Z
"9/26/2025, 1:53:08 AM",3.639,77.2,100,0,2025-09-26T05:53:08.000Z
"9/26/2025, 1:56:08 AM",3.639,77.2,100,0,2025-09-26T05:56:08.000Z
"9/26/2025, 1:59:08 AM",3.639,77.2,100,0,2025-09-26T05:59:08.000Z
"9/26/2025, 2:02:08 AM",3.639,77.2,100,0,2025-09-26T06:02:08.000Z
"9/26/2025, 2:05:08 AM",3.639,77.2,100,0,2025-09-26T06:05:08.000Z
"9/26/2025, 2:08:08 AM",3.639,77.2,100,0,2025-09-26T06:08:08.000Z
"9/26/2025, 2:11:08 AM",3.639,77.2,100,0,2025-09-26T06:11:08.000Z
"9/26/2025, 2:14:08 AM",3.639,77.2,100,0,2025-09-26T06:14:08.000Z
"9/26/2025, 2:17:08 AM",3.639,77.2,100,0,2025-09-26T06:17:08.000Z
"9/26/2025, 2:20:08 AM",3.639,77.2,100,0,2025-09-26T06:20:08.000Z
"9/26/2025, 2:23:08 AM",3.639,77.2,100,0,2025-09-26T06:23:08.000Z
"9/26/2025, 2:26:08 AM",3.639,77.2,100,0,2025-09-26T06:26:08.000Z
"9/26/2025, 2:29:08 AM",3.639,77,100,0,2025-09-26T06:29:08.000Z
"9/26/2025, 2:32:08 AM",3.639,77,100,0,2025-09-26T06:32:08.000Z
"9/26/2025, 2:35:08 AM",3.639,77,100,0,2025-09-26T06:35:08.000Z
"9/26/2025, 2:38:08 AM",3.639,77,100,0,2025-09-26T06:38:08.000Z
"9/26/2025, 2:41:08 AM",3.639,76.8,100,0,2025-09-26T06:41:08.000Z
"9/26/2025, 2:44:08 AM",3.639,76.8,100,0,2025-09-26T06:44:08.000Z
"9/26/2025, 2:47:08 AM",3.639,76.8,100,0,2025-09-26T06:47:08.000Z
"9/26/2025, 2:50:08 AM",3.639,76.8,100,0,2025-09-26T06:50:08.000Z
"9/26/2025, 2:53:08 AM",3.639,76.6,100,0,2025-09-26T06:53:08.000Z
"9/26/2025, 2:56:08 AM",3.639,76.6,100,0,2025-09-26T06:56:08.000Z
"9/26/2025, 2:59:08 AM",3.639,76.6,100,0,2025-09-26T06:59:08.000Z
"9/26/2025, 3:02:08 AM",3.639,76.6,100,0,2025-09-26T07:02:08.000Z
"9/26/2025, 3:05:08 AM",3.639,76.6,100,0,2025-09-26T07:05:08.000Z
"9/26/2025, 3:08:08 AM",3.639,76.6,100,0,2025-09-26T07:08:08.000Z
"9/26/2025, 3:11:08 AM",3.639,76.6,100,0,2025-09-26T07:11:08.000Z
"9/26/2025, 3:14:08 AM",3.638,76.6,100,0,2025-09-26T07:14:08.000Z
"9/26/2025, 3:17:08 AM",3.639,76.6,100,0,2025-09-26T07:17:08.000Z
"9/26/2025, 3:20:08 AM",3.639,76.6,100,0,2025-09-26T07:20:08.000Z
"9/26/2025, 3:23:08 AM",3.639,76.6,100,0,2025-09-26T07:23:08.000Z
"9/26/2025, 3:26:08 AM",3.638,76.6,100,0,2025-09-26T07:26:08.000Z
"9/26/2025, 3:29:08 AM",3.639,76.6,100,0,2025-09-26T07:29:08.000Z
"9/26/2025, 3:32:08 AM",3.639,76.6,100,0,2025-09-26T07:32:08.000Z
"9/26/2025, 3:35:08 AM",3.639,76.6,100,0,2025-09-26T07:35:08.000Z
"9/26/2025, 3:38:08 AM",3.638,76.5,100,0,2025-09-26T07:38:08.000Z
"9/26/2025, 3:41:08 AM",3.639,76.5,100,0,2025-09-26T07:41:08.000Z
"9/26/2025, 3:44:08 AM",3.639,76.5,100,0,2025-09-26T07:44:08.000Z
"9/26/2025, 3:47:08 AM",3.639,76.3,100,0,2025-09-26T07:47:08.000Z
"9/26/2025, 3:50:08 AM",3.639,76.3,100,0,2025-09-26T07:50:08.000Z
"9/26/2025, 3:53:08 AM",3.639,76.3,100,0,2025-09-26T07:53:08.000Z
"9/26/2025, 3:56:08 AM",3.639,76.3,100,0,2025-09-26T07:56:08.000Z
"9/26/2025, 3:59:08 AM",3.639,76.1,100,0,2025-09-26T07:59:08.000Z
"9/26/2025, 4:02:08 AM",3.639,76.1,100,0,2025-09-26T08:02:08.000Z
"9/26/2025, 4:05:08 AM",3.639,76.1,100,0,2025-09-26T08:05:08.000Z
"9/26/2025, 4:08:08 AM",3.639,75.9,100,0,2025-09-26T08:08:08.000Z
"9/26/2025, 4:11:08 AM",3.639,75.9,100,0,2025-09-26T08:11:08.000Z
"9/26/2025, 4:14:08 AM",3.639,75.9,100,0,2025-09-26T08:14:08.000Z
"9/26/2025, 4:17:08 AM",3.639,75.9,100,0,2025-09-26T08:17:08.000Z
"9/26/2025, 4:20:08 AM",3.639,75.9,100,0,2025-09-26T08:20:08.000Z
"9/26/2025, 4:23:08 AM",3.639,75.9,100,0,2025-09-26T08:23:08.000Z
"9/26/2025, 4:26:08 AM",3.639,75.7,100,0,2025-09-26T08:26:08.000Z
"9/26/2025, 4:29:08 AM",3.639,75.7,100,0,2025-09-26T08:29:08.000Z
"9/26/2025, 4:32:08 AM",3.639,75.7,100,0,2025-09-26T08:32:08.000Z
"9/26/2025, 4:35:08 AM",3.638,75.7,100,0,2025-09-26T08:35:08.000Z
"9/26/2025, 4:38:08 AM",3.639,75.7,100,0,2025-09-26T08:38:08.000Z
"9/26/2025, 4:41:08 AM",3.639,75.7,100,0,2025-09-26T08:41:08.000Z
"9/26/2025, 4:44:08 AM",3.639,75.7,100,0,2025-09-26T08:44:08.000Z
"9/26/2025, 4:47:08 AM",3.639,75.7,100,0,2025-09-26T08:47:08.000Z
"9/26/2025, 4:50:08 AM",3.639,75.7,100,0,2025-09-26T08:50:08.000Z
"9/26/2025, 4:53:08 AM",3.638,75.7,100,0,2025-09-26T08:53:08.000Z
"9/26/2025, 4:56:08 AM",3.639,75.7,100,0,2025-09-26T08:56:08.000Z
"9/26/2025, 4:59:08 AM",3.639,75.7,100,0,2025-09-26T08:59:08.000Z
"9/26/2025, 5:02:08 AM",3.639,75.7,100,0,2025-09-26T09:02:08.000Z
"9/26/2025, 5:05:08 AM",3.638,75.6,100,0,2025-09-26T09:05:08.000Z
"9/26/2025, 5:08:08 AM",3.639,75.6,100,0,2025-09-26T09:08:08.000Z
"9/26/2025, 5:11:08 AM",3.639,75.6,100,0,2025-09-26T09:11:08.000Z
"9/26/2025, 5:14:08 AM",3.638,75.6,100,0,2025-09-26T09:14:08.000Z
"9/26/2025, 5:17:08 AM",3.639,75.6,100,0,2025-09-26T09:17:08.000Z
"9/26/2025, 5:20:08 AM",3.639,75.6,100,0,2025-09-26T09:20:08.000Z
"9/26/2025, 5:23:08 AM",3.639,75.6,100,0,2025-09-26T09:23:08.000Z
"9/26/2025, 5:26:08 AM",3.639,75.6,100,0,2025-09-26T09:26:08.000Z
"9/26/2025, 5:29:08 AM",3.639,75.6,100,0,2025-09-26T09:29:08.000Z
"9/26/2025, 5:32:08 AM",3.639,75.6,100,0,2025-09-26T09:32:08.000Z
"9/26/2025, 5:35:08 AM",3.639,75.6,100,0,2025-09-26T09:35:08.000Z
"9/26/2025, 5:38:08 AM",3.639,75.6,100,0,2025-09-26T09:38:08.000Z
"9/26/2025, 5:41:08 AM",3.639,75.6,100,0,2025-09-26T09:41:08.000Z
"9/26/2025, 5:44:08 AM",3.639,75.6,100,0,2025-09-26T09:44:08.000Z
"9/26/2025, 5:47:08 AM",3.638,75.6,100,0,2025-09-26T09:47:08.000Z
"9/26/2025, 5:50:08 AM",3.639,75.6,100,0,2025-09-26T09:50:08.000Z
"9/26/2025, 5:53:08 AM",3.639,75.6,100,0,2025-09-26T09:53:08.000Z
"9/26/2025, 5:56:08 AM",3.639,75.6,100,0,2025-09-26T09:56:08.000Z
"9/26/2025, 5:59:08 AM",3.638,75.6,100,0,2025-09-26T09:59:08.000Z
"9/26/2025, 6:02:08 AM",3.639,75.6,100,0,2025-09-26T10:02:08.000Z
"9/26/2025, 6:05:08 AM",3.638,75.6,100,0,2025-09-26T10:05:08.000Z
"9/26/2025, 6:08:08 AM",3.638,75.6,100,0,2025-09-26T10:08:08.000Z
"9/26/2025, 6:11:08 AM",3.639,75.6,100,0,2025-09-26T10:11:08.000Z
"9/26/2025, 6:14:08 AM",3.639,75.4,100,0,2025-09-26T10:14:08.000Z
"9/26/2025, 6:17:08 AM",3.638,75.4,100,0,2025-09-26T10:17:08.000Z
"9/26/2025, 6:20:08 AM",3.639,75.4,100,0,2025-09-26T10:20:08.000Z
"9/26/2025, 6:23:08 AM",3.639,75.4,100,0,2025-09-26T10:23:08.000Z
"9/26/2025, 6:26:08 AM",3.639,75.4,100,0,2025-09-26T10:26:08.000Z
"9/26/2025, 6:29:08 AM",3.639,75.4,100,0,2025-09-26T10:29:08.000Z
"9/26/2025, 6:32:08 AM",3.638,75.4,100,0,2025-09-26T10:32:08.000Z
"9/26/2025, 6:35:08 AM",3.639,75.2,100,0,2025-09-26T10:35:08.000Z
"9/26/2025, 6:38:08 AM",3.638,75.2,100,0,2025-09-26T10:38:08.000Z
"9/26/2025, 6:41:08 AM",3.638,75.2,100,0,2025-09-26T10:41:08.000Z
"9/26/2025, 6:44:08 AM",3.638,75.2,100,0,2025-09-26T10:44:08.000Z
"9/26/2025, 6:47:08 AM",3.639,75.2,100,0,2025-09-26T10:47:08.000Z
"9/26/2025, 6:50:08 AM",3.638,75.2,100,0,2025-09-26T10:50:08.000Z
"9/26/2025, 6:53:08 AM",3.639,75.2,100,0,2025-09-26T10:53:08.000Z
"9/26/2025, 6:56:08 AM",3.639,75.2,100,0,2025-09-26T10:56:08.000Z
"9/26/2025, 6:59:08 AM",3.639,75.2,100,0,2025-09-26T10:59:08.000Z
"9/26/2025, 7:02:08 AM",3.639,75.2,100,0,2025-09-26T11:02:08.000Z
"9/26/2025, 7:05:08 AM",3.638,75.2,100,0,2025-09-26T11:05:08.000Z
"9/26/2025, 7:08:08 AM",3.639,75.2,100,0,2025-09-26T11:08:08.000Z
"9/26/2025, 7:11:08 AM",3.639,75.2,100,0,2025-09-26T11:11:08.000Z
"9/26/2025, 7:14:08 AM",3.639,75.2,100,0,2025-09-26T11:14:08.000Z
"9/26/2025, 7:17:08 AM",3.638,75.2,100,0,2025-09-26T11:17:08.000Z
"9/26/2025, 7:20:08 AM",3.638,75.2,100,0,2025-09-26T11:20:08.000Z
"9/26/2025, 7:23:08 AM",3.639,75.2,100,0,2025-09-26T11:23:08.000Z
"9/26/2025, 7:26:08 AM",3.638,75.2,100,0,2025-09-26T11:26:08.000Z
"9/26/2025, 7:29:08 AM",3.639,75.2,100,0,2025-09-26T11:29:08.000Z
"9/26/2025, 7:32:08 AM",3.639,75.2,100,0,2025-09-26T11:32:08.000Z
"9/26/2025, 7:35:08 AM",3.639,75.2,100,0,2025-09-26T11:35:08.000Z
"9/26/2025, 7:38:08 AM",3.639,75.2,100,0,2025-09-26T11:38:08.000Z
"9/26/2025, 7:41:08 AM",3.638,75.2,100,0,2025-09-26T11:41:08.000Z
"9/26/2025, 7:44:08 AM",3.639,75.2,100,0,2025-09-26T11:44:08.000Z
"9/26/2025, 7:47:08 AM",3.638,75.2,100,0,2025-09-26T11:47:08.000Z
"9/26/2025, 7:50:08 AM",3.638,75.2,100,0,2025-09-26T11:50:08.000Z
"9/26/2025, 7:53:08 AM",3.639,75.2,100,0,2025-09-26T11:53:08.000Z
"9/26/2025, 7:56:08 AM",3.638,75.2,100,0,2025-09-26T11:56:08.000Z
"9/26/2025, 7:59:08 AM",3.638,75.2,100,0,2025-09-26T11:59:08.000Z
"9/26/2025, 8:02:08 AM",3.639,75.2,100,0,2025-09-26T12:02:08.000Z
"9/26/2025, 8:05:08 AM",3.638,75.2,100,0,2025-09-26T12:05:08.000Z
"9/26/2025, 8:08:08 AM",3.638,75.2,100,0,2025-09-26T12:08:08.000Z
"9/26/2025, 8:11:08 AM",3.639,75.4,100,0,2025-09-26T12:11:08.000Z
"9/26/2025, 8:14:08 AM",3.638,75.4,100,0,2025-09-26T12:14:08.000Z
"9/26/2025, 8:17:08 AM",3.639,75.6,100,0,2025-09-26T12:17:08.000Z
"9/26/2025, 8:20:08 AM",3.638,75.6,100,0,2025-09-26T12:20:08.000Z
"9/26/2025, 8:23:08 AM",3.638,75.7,100,0,2025-09-26T12:23:08.000Z
"9/26/2025, 8:26:08 AM",3.639,75.7,100,0,2025-09-26T12:26:08.000Z
"9/26/2025, 8:29:08 AM",3.639,75.9,100,0,2025-09-26T12:29:08.000Z
"9/26/2025, 8:32:08 AM",3.639,75.9,100,0,2025-09-26T12:32:08.000Z
"9/26/2025, 8:35:08 AM",3.639,75.9,100,0,2025-09-26T12:35:08.000Z
"9/26/2025, 8:38:08 AM",3.638,76.1,100,0,2025-09-26T12:38:08.000Z
"9/26/2025, 8:41:08 AM",3.638,76.1,100,0,2025-09-26T12:41:08.000Z
"9/26/2025, 8:44:08 AM",3.638,76.3,100,0,2025-09-26T12:44:08.000Z
"9/26/2025, 8:47:08 AM",3.638,76.5,100,0,2025-09-26T12:47:08.000Z
"9/26/2025, 8:50:08 AM",3.638,76.5,100,0,2025-09-26T12:50:08.000Z
"9/26/2025, 8:53:08 AM",3.638,76.6,100,0,2025-09-26T12:53:08.000Z
"9/26/2025, 8:56:08 AM",3.638,76.6,100,0,2025-09-26T12:56:08.000Z
"9/26/2025, 8:59:08 AM",3.639,76.8,100,0,2025-09-26T12:59:08.000Z
"9/26/2025, 9:02:08 AM",3.638,76.8,100,0,2025-09-26T13:02:08.000Z
"9/26/2025, 9:05:08 AM",3.638,77,100,0,2025-09-26T13:05:08.000Z
"9/26/2025, 9:08:08 AM",3.638,77.2,100,0,2025-09-26T13:08:08.000Z
"9/26/2025, 9:11:08 AM",3.638,77.2,100,0,2025-09-26T13:11:08.000Z
"9/26/2025, 9:14:08 AM",3.639,77.4,100,0,2025-09-26T13:14:08.000Z
"9/26/2025, 9:17:08 AM",3.638,77.5,100,0,2025-09-26T13:17:08.000Z
"9/26/2025, 9:20:08 AM",3.638,77.7,100,0,2025-09-26T13:20:08.000Z
"9/26/2025, 9:23:08 AM",3.638,77.9,100,0,2025-09-26T13:23:08.000Z
"9/26/2025, 9:26:08 AM",3.639,78.1,100,0,2025-09-26T13:26:08.000Z
"9/26/2025, 9:29:08 AM",3.638,78.3,100,0,2025-09-26T13:29:08.000Z
"9/26/2025, 9:32:08 AM",3.638,78.6,100,0,2025-09-26T13:32:08.000Z
"9/26/2025, 9:35:08 AM",3.638,78.8,100,0,2025-09-26T13:35:08.000Z
"9/26/2025, 9:38:08 AM",3.639,79,100,0,2025-09-26T13:38:08.000Z
"9/26/2025, 9:41:08 AM",3.638,79.3,100,0,2025-09-26T13:41:08.000Z
"9/26/2025, 9:44:08 AM",3.638,79.7,100,0,2025-09-26T13:44:08.000Z
"9/26/2025, 9:47:08 AM",3.638,79.9,100,0,2025-09-26T13:47:08.000Z
"9/26/2025, 9:50:08 AM",3.638,80.1,100,0,2025-09-26T13:50:08.000Z
"9/26/2025, 9:53:08 AM",3.638,80.4,100,0,2025-09-26T13:53:08.000Z
"9/26/2025, 9:56:08 AM",3.638,80.6,100,0,2025-09-26T13:56:08.000Z
"9/26/2025, 9:59:08 AM",3.638,81,100,0,2025-09-26T13:59:08.000Z
"9/26/2025, 10:02:08 AM",3.638,81.3,100,0,2025-09-26T14:02:08.000Z
"9/26/2025, 10:05:08 AM",3.638,81.5,100,0,2025-09-26T14:05:08.000Z
"9/26/2025, 10:08:08 AM",3.638,81.9,100,0,2025-09-26T14:08:08.000Z
"9/26/2025, 10:11:08 AM",3.638,82.2,100,0,2025-09-26T14:11:08.000Z
"9/26/2025, 10:14:08 AM",3.637,82.4,100,0,2025-09-26T14:14:08.000Z
"9/26/2025, 10:17:08 AM",3.638,82.8,100,0,2025-09-26T14:17:08.000Z
"9/26/2025, 10:20:08 AM",3.638,82.9,100,0,2025-09-26T14:20:08.000Z
"9/26/2025, 10:23:08 AM",3.638,83.3,100,0,2025-09-26T14:23:08.000Z
"9/26/2025, 10:26:08 AM",3.638,83.7,100,0,2025-09-26T14:26:08.000Z
"9/26/2025, 10:29:08 AM",3.638,83.8,100,0,2025-09-26T14:29:08.000Z
"9/26/2025, 10:32:08 AM",3.638,84.2,100,0,2025-09-26T14:32:08.000Z
"9/26/2025, 10:35:08 AM",3.638,84.6,100,0,2025-09-26T14:35:08.000Z
"9/26/2025, 10:38:08 AM",3.638,84.9,100,0,2025-09-26T14:38:08.000Z
"9/26/2025, 10:41:08 AM",3.638,85.3,100,0,2025-09-26T14:41:08.000Z
"9/26/2025, 10:44:08 AM",3.638,85.6,100,0,2025-09-26T14:44:08.000Z
"9/26/2025, 10:47:08 AM",3.638,85.8,100,0,2025-09-26T14:47:08.000Z
"9/26/2025, 10:50:08 AM",3.638,86.2,100,0,2025-09-26T14:50:08.000Z
"9/26/2025, 10:53:08 AM",3.638,86.5,100,0,2025-09-26T14:53:08.000Z
"9/26/2025, 10:56:08 AM",3.637,86.9,100,0,2025-09-26T14:56:08.000Z
"9/26/2025, 10:59:08 AM",3.638,87.3,100,0,2025-09-26T14:59:08.000Z
"9/26/2025, 11:02:08 AM",3.638,87.6,100,0,2025-09-26T15:02:08.000Z
"9/26/2025, 11:05:08 AM",3.638,88,100,0,2025-09-26T15:05:08.000Z
"9/26/2025, 11:08:08 AM",3.638,88.2,100,0,2025-09-26T15:08:08.000Z
"9/26/2025, 11:11:08 AM",3.638,88.5,100,0,2025-09-26T15:11:08.000Z
"9/26/2025, 11:14:08 AM",3.638,88.9,100,0,2025-09-26T15:14:08.000Z
"9/26/2025, 11:17:08 AM",3.637,89.1,100,0,2025-09-26T15:17:08.000Z
"9/26/2025, 11:20:08 AM",3.638,89.4,100,0,2025-09-26T15:20:08.000Z
"9/26/2025, 11:23:08 AM",3.638,89.8,100,0,2025-09-26T15:23:08.000Z
"9/26/2025, 11:26:08 AM",3.638,90.1,100,0,2025-09-26T15:26:08.000Z
"9/26/2025, 11:29:08 AM",3.637,90.3,100,0,2025-09-26T15:29:08.000Z
"9/26/2025, 11:32:08 AM",3.637,90.7,100,0,2025-09-26T15:32:08.000Z
"9/26/2025, 11:35:08 AM",3.637,90.9,100,0,2025-09-26T15:35:08.000Z
"9/26/2025, 11:38:08 AM",3.637,91.2,100,0,2025-09-26T15:38:08.000Z
"9/26/2025, 11:41:08 AM",3.638,91.4,100,0,2025-09-26T15:41:08.000Z
"9/26/2025, 11:44:08 AM",3.638,91.6,100,0,2025-09-26T15:44:08.000Z
"9/26/2025, 11:47:08 AM",3.637,91.9,100,0,2025-09-26T15:47:08.000Z
"9/26/2025, 11:50:08 AM",3.638,92.1,100,0,2025-09-26T15:50:08.000Z
"9/26/2025, 11:53:08 AM",3.638,92.3,100,0,2025-09-26T15:53:08.000Z
"9/26/2025, 11:56:08 AM",3.637,92.7,100,0,2025-09-26T15:56:08.000Z
"9/26/2025, 11:59:08 AM",3.638,92.8,100,0,2025-09-26T15:59:08.000Z
"9/26/2025, 12:02:08 PM",3.637,93,100,0,2025-09-26T16:02:08.000Z
"9/26/2025, 12:05:08 PM",3.638,93.4,100,0,2025-09-26T16:05:08.000Z
"9/26/2025, 12:08:08 PM",3.638,93.7,100,0,2025-09-26T16:08:08.000Z
"9/26/2025, 12:11:08 PM",3.637,93.9,100,0,2025-09-26T16:11:08.000Z
"9/26/2025, 12:14:08 PM",3.638,94.3,100,0,2025-09-26T16:14:08.000Z
"9/26/2025, 12:17:08 PM",3.638,94.5,100,0,2025-09-26T16:17:08.000Z
"9/26/2025, 12:20:08 PM",3.638,94.8,100,0,2025-09-26T16:20:08.000Z
"9/26/2025, 12:23:08 PM",3.637,95,100,0,2025-09-26T16:23:08.000Z
"9/26/2025, 12:26:08 PM",3.638,95.2,100,0,2025-09-26T16:26:08.000Z
"9/26/2025, 12:29:08 PM",3.637,95.4,100,0,2025-09-26T16:29:08.000Z
"9/26/2025, 12:32:08 PM",3.638,95.7,100,0,2025-09-26T16:32:08.000Z
"9/26/2025, 12:35:08 PM",3.638,95.9,100,0,2025-09-26T16:35:08.000Z
"9/26/2025, 12:38:08 PM",3.637,96.1,100,0,2025-09-26T16:38:08.000Z
"9/26/2025, 12:41:08 PM",3.637,96.1,100,0,2025-09-26T16:41:08.000Z
"9/26/2025, 12:44:08 PM",3.637,95.9,100,0,2025-09-26T16:44:08.000Z
"9/26/2025, 12:47:08 PM",3.638,95.7,100,0,2025-09-26T16:47:08.000Z
"9/26/2025, 12:50:08 PM",3.637,95.5,100,0,2025-09-26T16:50:08.000Z
"9/26/2025, 12:53:08 PM",3.637,95.2,100,0,2025-09-26T16:53:08.000Z
"9/26/2025, 12:56:08 PM",3.637,94.8,100,0,2025-09-26T16:56:08.000Z
"9/26/2025, 12:59:08 PM",3.637,94.5,100,0,2025-09-26T16:59:08.000Z
"9/26/2025, 1:02:08 PM",3.637,94.3,100,0,2025-09-26T17:02:08.000Z
"9/26/2025, 1:05:08 PM",3.637,94.1,100,0,2025-09-26T17:05:08.000Z
"9/26/2025, 1:08:08 PM",3.637,94.3,100,0,2025-09-26T17:08:08.000Z
"9/26/2025, 1:11:08 PM",3.637,94.6,100,0,2025-09-26T17:11:08.000Z
"9/26/2025, 1:14:08 PM",3.637,94.8,100,0,2025-09-26T17:14:08.000Z
"9/26/2025, 1:17:08 PM",3.638,95.2,100,0,2025-09-26T17:17:08.000Z
"9/26/2025, 1:20:08 PM",3.637,95.5,100,0,2025-09-26T17:20:08.000Z
"9/26/2025, 1:23:08 PM",3.637,95.9,100,0,2025-09-26T17:23:08.000Z
"9/26/2025, 1:26:08 PM",3.638,96.3,100,0,2025-09-26T17:26:08.000Z
"9/26/2025, 1:29:08 PM",3.638,96.4,100,0,2025-09-26T17:29:08.000Z
"9/26/2025, 1:32:08 PM",3.638,96.8,100,0,2025-09-26T17:32:08.000Z
"9/26/2025, 1:35:08 PM",3.638,97.2,100,0,2025-09-26T17:35:08.000Z
"9/26/2025, 1:38:08 PM",3.637,97.5,100,0,2025-09-26T17:38:08.000Z
"9/26/2025, 1:41:08 PM",3.638,97.7,100,0,2025-09-26T17:41:08.000Z
"9/26/2025, 1:44:08 PM",3.638,97.9,100,0,2025-09-26T17:44:08.000Z
"9/26/2025, 1:47:08 PM",3.638,97.9,100,0,2025-09-26T17:47:08.000Z
"9/26/2025, 1:50:08 PM",3.637,97.9,100,0,2025-09-26T17:50:08.000Z
"9/26/2025, 1:53:08 PM",3.637,97.9,100,0,2025-09-26T17:53:08.000Z
"9/26/2025, 1:56:08 PM",3.638,98.1,100,0,2025-09-26T17:56:08.000Z
"9/26/2025, 1:59:08 PM",3.638,98.2,100,0,2025-09-26T17:59:08.000Z
"9/26/2025, 2:02:08 PM",3.638,98.4,100,0,2025-09-26T18:02:08.000Z
"9/26/2025, 2:05:08 PM",3.637,98.2,100,0,2025-09-26T18:05:08.000Z
"9/26/2025, 2:08:08 PM",3.637,97.9,100,0,2025-09-26T18:08:08.000Z
"9/26/2025, 2:11:08 PM",3.637,97.5,100,0,2025-09-26T18:11:08.000Z
"9/26/2025, 2:14:08 PM",3.637,97.2,100,0,2025-09-26T18:14:08.000Z
"9/26/2025, 2:17:08 PM",3.637,96.8,100,0,2025-09-26T18:17:08.000Z
"9/26/2025, 2:20:08 PM",3.637,96.6,100,0,2025-09-26T18:20:08.000Z
"9/26/2025, 2:23:08 PM",3.637,96.3,100,0,2025-09-26T18:23:08.000Z
"9/26/2025, 2:26:08 PM",3.637,96.1,100,0,2025-09-26T18:26:08.000Z
"9/26/2025, 2:29:08 PM",3.637,96.1,100,0,2025-09-26T18:29:08.000Z
"9/26/2025, 2:32:08 PM",3.638,96.1,100,0,2025-09-26T18:32:08.000Z
"9/26/2025, 2:35:08 PM",3.638,96.4,100,0,2025-09-26T18:35:08.000Z
"9/26/2025, 2:38:08 PM",3.637,96.6,100,0,2025-09-26T18:38:08.000Z
"9/26/2025, 2:41:08 PM",3.638,97,100,0,2025-09-26T18:41:08.000Z
"9/26/2025, 2:44:08 PM",3.638,97.3,100,0,2025-09-26T18:44:08.000Z
"9/26/2025, 2:47:08 PM",3.638,97.7,100,0,2025-09-26T18:47:08.000Z
"9/26/2025, 2:50:08 PM",3.638,97.9,100,0,2025-09-26T18:50:08.000Z
"9/26/2025, 2:53:08 PM",3.638,98.2,100,0,2025-09-26T18:53:08.000Z
"9/26/2025, 2:56:08 PM",3.638,98.6,100,0,2025-09-26T18:56:08.000Z
"9/26/2025, 2:59:08 PM",3.638,99,100,0,2025-09-26T18:59:08.000Z
"9/26/2025, 3:02:08 PM",3.638,99.3,100,0,2025-09-26T19:02:08.000Z
"9/26/2025, 3:05:08 PM",3.638,99.5,100,0,2025-09-26T19:05:08.000Z
"9/26/2025, 3:08:08 PM",3.638,99.9,100,0,2025-09-26T19:08:08.000Z
"9/26/2025, 3:11:08 PM",3.638,100,100,0,2025-09-26T19:11:08.000Z
"9/26/2025, 3:14:08 PM",3.638,100.2,100,0,2025-09-26T19:14:08.000Z
"9/26/2025, 3:17:08 PM",3.638,100.6,100,0,2025-09-26T19:17:08.000Z
"9/26/2025, 3:20:08 PM",3.638,100.8,100,0,2025-09-26T19:20:08.000Z
"9/26/2025, 3:23:08 PM",3.638,100.8,100,0,2025-09-26T19:23:08.000Z
"9/26/2025, 3:26:08 PM",3.638,101.1,100,0,2025-09-26T19:26:08.000Z
"9/26/2025, 3:29:08 PM",3.638,101.3,100,0,2025-09-26T19:29:08.000Z
"9/26/2025, 3:32:08 PM",3.638,101.3,100,0,2025-09-26T19:32:08.000Z
"9/26/2025, 3:35:08 PM",3.638,101.5,100,0,2025-09-26T19:35:08.000Z
"9/26/2025, 3:38:08 PM",3.638,101.7,100,0,2025-09-26T19:38:08.000Z
"9/26/2025, 3:41:08 PM",3.638,101.8,100,0,2025-09-26T19:41:08.000Z
"9/26/2025, 3:44:08 PM",3.638,101.8,100,0,2025-09-26T19:44:08.000Z
"9/26/2025, 3:47:08 PM",3.637,102,100,0,2025-09-26T19:47:08.000Z
"9/26/2025, 3:50:08 PM",3.638,102.2,100,0,2025-09-26T19:50:08.000Z
"9/26/2025, 3:53:08 PM",3.638,102.2,100,0,2025-09-26T19:53:08.000Z
"9/26/2025, 3:56:08 PM",3.638,102.4,100,0,2025-09-26T19:56:08.000Z
"9/26/2025, 3:59:08 PM",3.638,102.4,100,0,2025-09-26T19:59:08.000Z
"9/26/2025, 4:02:08 PM",3.638,102.4,100,0,2025-09-26T20:02:08.000Z
"9/26/2025, 4:05:08 PM",3.638,102.4,100,0,2025-09-26T20:05:08.000Z
"9/26/2025, 4:08:08 PM",3.638,102.6,100,0,2025-09-26T20:08:08.000Z
"9/26/2025, 4:11:08 PM",3.638,102.6,100,0,2025-09-26T20:11:08.000Z
"9/26/2025, 4:14:08 PM",3.639,102.4,100,0,2025-09-26T20:14:08.000Z
"9/26/2025, 4:17:08 PM",3.638,102.2,100,0,2025-09-26T20:17:08.000Z
"9/26/2025, 4:20:08 PM",3.638,101.8,100,0,2025-09-26T20:20:08.000Z
"9/26/2025, 4:23:08 PM",3.638,101.5,100,0,2025-09-26T20:23:08.000Z
"9/26/2025, 4:26:08 PM",3.637,101.1,100,0,2025-09-26T20:26:08.000Z
"9/26/2025, 4:29:08 PM",3.637,100.6,100,0,2025-09-26T20:29:08.000Z
"9/26/2025, 4:32:08 PM",3.638,100.2,100,0,2025-09-26T20:32:08.000Z
"9/26/2025, 4:35:08 PM",3.637,100,100,0,2025-09-26T20:35:08.000Z
"9/26/2025, 4:38:08 PM",3.638,100,100,0,2025-09-26T20:38:08.000Z
"9/26/2025, 4:41:08 PM",3.638,100,100,0,2025-09-26T20:41:08.000Z
"9/26/2025, 4:44:08 PM",3.638,100,100,0,2025-09-26T20:44:08.000Z
"9/26/2025, 4:47:08 PM",3.638,100,100,0,2025-09-26T20:47:08.000Z
"9/26/2025, 4:50:08 PM",3.638,99.9,100,0,2025-09-26T20:50:08.000Z
"9/26/2025, 4:53:08 PM",3.638,99.7,100,0,2025-09-26T20:53:08.000Z
"9/26/2025, 4:56:08 PM",3.638,99.7,100,0,2025-09-26T20:56:08.000Z
"9/26/2025, 4:59:08 PM",3.638,99.7,100,0,2025-09-26T20:59:08.000Z
"9/26/2025, 5:02:08 PM",3.638,99.7,100,0,2025-09-26T21:02:08.000Z
"9/26/2025, 5:05:08 PM",3.638,99.7,100,0,2025-09-26T21:05:08.000Z
"9/26/2025, 5:08:08 PM",3.638,99.7,100,0,2025-09-26T21:08:08.000Z
"9/26/2025, 5:11:08 PM",3.638,99.7,100,0,2025-09-26T21:11:08.000Z
"9/26/2025, 5:14:08 PM",3.638,99.5,100,0,2025-09-26T21:14:08.000Z
"9/26/2025, 5:17:08 PM",3.638,99.5,100,0,2025-09-26T21:17:08.000Z
"9/26/2025, 5:20:08 PM",3.638,99.3,100,0,2025-09-26T21:20:08.000Z
"9/26/2025, 5:23:08 PM",3.638,99.3,100,0,2025-09-26T21:23:08.000Z
"9/26/2025, 5:26:08 PM",3.638,99.3,100,0,2025-09-26T21:26:08.000Z
"9/26/2025, 5:29:08 PM",3.638,99.1,100,0,2025-09-26T21:29:08.000Z
"9/26/2025, 5:32:08 PM",3.638,99,100,0,2025-09-26T21:32:08.000Z
"9/26/2025, 5:35:08 PM",3.638,99,100,0,2025-09-26T21:35:08.000Z
"9/26/2025, 5:38:08 PM",3.638,98.8,100,0,2025-09-26T21:38:08.000Z
"9/26/2025, 5:41:08 PM",3.638,98.4,100,0,2025-09-26T21:41:08.000Z
"9/26/2025, 5:44:08 PM",3.638,98.2,100,0,2025-09-26T21:44:08.000Z
"9/26/2025, 5:47:08 PM",3.638,98.1,100,0,2025-09-26T21:47:08.000Z
"9/26/2025, 5:50:08 PM",3.638,97.7,100,0,2025-09-26T21:50:08.000Z
"9/26/2025, 5:53:08 PM",3.638,97.5,100,0,2025-09-26T21:53:08.000Z
"9/26/2025, 5:56:08 PM",3.638,97.2,100,0,2025-09-26T21:56:08.000Z
"9/26/2025, 5:59:08 PM",3.638,96.8,100,0,2025-09-26T21:59:08.000Z
"9/26/2025, 6:02:08 PM",3.638,96.6,100,0,2025-09-26T22:02:08.000Z
"9/26/2025, 6:05:08 PM",3.638,96.3,100,0,2025-09-26T22:05:08.000Z
"9/26/2025, 6:08:08 PM",3.638,96.1,100,0,2025-09-26T22:08:08.000Z
"9/26/2025, 6:11:08 PM",3.638,95.7,100,0,2025-09-26T22:11:08.000Z
"9/26/2025, 6:14:08 PM",3.638,95.4,100,0,2025-09-26T22:14:08.000Z
"9/26/2025, 6:17:08 PM",3.638,95.2,100,0,2025-09-26T22:17:08.000Z
"9/26/2025, 6:20:08 PM",3.638,94.8,100,0,2025-09-26T22:20:08.000Z
"9/26/2025, 6:23:08 PM",3.638,94.5,100,0,2025-09-26T22:23:08.000Z
"9/26/2025, 6:26:08 PM",3.638,94.1,100,0,2025-09-26T22:26:08.000Z
"9/26/2025, 6:29:08 PM",3.638,93.7,100,0,2025-09-26T22:29:08.000Z
"9/26/2025, 6:32:08 PM",3.639,93.2,100,0,2025-09-26T22:32:08.000Z
"9/26/2025, 6:35:08 PM",3.638,92.8,100,0,2025-09-26T22:35:08.000Z
"9/26/2025, 6:38:08 PM",3.638,92.5,100,0,2025-09-26T22:38:08.000Z
"9/26/2025, 6:41:08 PM",3.638,92.1,100,0,2025-09-26T22:41:08.000Z
"9/26/2025, 6:44:08 PM",3.638,91.8,100,0,2025-09-26T22:44:08.000Z
"9/26/2025, 6:47:08 PM",3.638,91.2,100,0,2025-09-26T22:47:08.000Z
"9/26/2025, 6:50:08 PM",3.638,90.9,100,0,2025-09-26T22:50:08.000Z
"9/26/2025, 6:53:08 PM",3.638,90.5,100,0,2025-09-26T22:53:08.000Z
"9/26/2025, 6:56:08 PM",3.638,90.1,100,0,2025-09-26T22:56:08.000Z
"9/26/2025, 6:59:08 PM",3.638,89.6,100,0,2025-09-26T22:59:08.000Z
"9/26/2025, 7:02:08 PM",3.639,89.2,100,0,2025-09-26T23:02:08.000Z
"9/26/2025, 7:05:08 PM",3.638,88.9,100,0,2025-09-26T23:05:08.000Z
"9/26/2025, 7:08:08 PM",3.638,88.5,100,0,2025-09-26T23:08:08.000Z
"9/26/2025, 7:11:08 PM",3.638,88.3,100,0,2025-09-26T23:11:08.000Z
"9/26/2025, 7:14:08 PM",3.638,88,100,0,2025-09-26T23:14:08.000Z
"9/26/2025, 7:17:08 PM",3.639,87.6,100,0,2025-09-26T23:17:08.000Z
"9/26/2025, 7:20:08 PM",3.638,87.3,100,0,2025-09-26T23:20:08.000Z
"9/26/2025, 7:23:08 PM",3.639,86.9,100,0,2025-09-26T23:23:08.000Z
"9/26/2025, 7:26:08 PM",3.639,86.7,100,0,2025-09-26T23:26:08.000Z
"9/26/2025, 7:29:08 PM",3.639,86.4,100,0,2025-09-26T23:29:08.000Z
"9/26/2025, 7:32:08 PM",3.639,86,100,0,2025-09-26T23:32:08.000Z
"9/26/2025, 7:35:08 PM",3.639,85.8,100,0,2025-09-26T23:35:08.000Z
"9/26/2025, 7:38:08 PM",3.639,85.5,100,0,2025-09-26T23:38:08.000Z
"9/26/2025, 7:41:08 PM",3.639,85.3,100,0,2025-09-26T23:41:08.000Z
"9/26/2025, 7:44:08 PM",3.639,85.1,100,0,2025-09-26T23:44:08.000Z
"9/26/2025, 7:47:08 PM",3.639,84.7,100,0,2025-09-26T23:47:08.000Z
"9/26/2025, 7:50:08 PM",3.639,84.6,100,0,2025-09-26T23:50:08.000Z
"9/26/2025, 7:53:08 PM",3.639,84.4,100,0,2025-09-26T23:53:08.000Z
"9/26/2025, 7:56:08 PM",3.639,84.2,100,0,2025-09-26T23:56:08.000Z
"9/26/2025, 7:59:08 PM",3.639,84,100,0,2025-09-26T23:59:08.000Z
"9/26/2025, 8:02:08 PM",3.639,83.8,100,0,2025-09-27T00:02:08.000Z
"9/26/2025, 8:05:08 PM",3.639,83.5,100,0,2025-09-27T00:05:08.000Z
"9/26/2025, 8:08:08 PM",3.639,83.3,100,0,2025-09-27T00:08:08.000Z
"9/26/2025, 8:11:08 PM",3.639,83.1,100,0,2025-09-27T00:11:08.000Z
"9/26/2025, 8:14:08 PM",3.639,82.9,100,0,2025-09-27T00:14:08.000Z
"9/26/2025, 8:17:08 PM",3.639,82.8,100,0,2025-09-27T00:17:08.000Z
"9/26/2025, 8:20:08 PM",3.639,82.6,100,0,2025-09-27T00:20:08.000Z
"9/26/2025, 8:23:08 PM",3.639,82.4,100,0,2025-09-27T00:23:08.000Z
"9/26/2025, 8:26:08 PM",3.64,82.4,100,0,2025-09-27T00:26:08.000Z
"9/26/2025, 8:29:08 PM",3.639,82.2,100,0,2025-09-27T00:29:08.000Z
"9/26/2025, 8:32:08 PM",3.639,82,100,0,2025-09-27T00:32:08.000Z
"9/26/2025, 8:35:08 PM",3.64,81.9,100,0,2025-09-27T00:35:08.000Z
"9/26/2025, 8:38:08 PM",3.639,81.7,100,0,2025-09-27T00:38:08.000Z
"9/26/2025, 8:41:08 PM",3.64,81.7,100,0,2025-09-27T00:41:08.000Z
"9/26/2025, 8:44:08 PM",3.639,81.5,100,0,2025-09-27T00:44:08.000Z
"9/26/2025, 8:47:08 PM",3.639,81.3,100,0,2025-09-27T00:47:08.000Z
"9/26/2025, 8:50:08 PM",3.639,81.1,100,0,2025-09-27T00:50:08.000Z
"9/26/2025, 8:53:08 PM",3.639,81.1,100,0,2025-09-27T00:53:08.000Z
"9/26/2025, 8:56:08 PM",3.64,81,100,0,2025-09-27T00:56:08.000Z
"9/26/2025, 8:59:08 PM",3.64,81,100,0,2025-09-27T00:59:08.000Z
"9/26/2025, 9:02:08 PM",3.64,80.8,100,0,2025-09-27T01:02:08.000Z
"9/26/2025, 9:05:08 PM",3.639,80.8,100,0,2025-09-27T01:05:08.000Z
"9/26/2025, 9:08:08 PM",3.639,80.6,100,0,2025-09-27T01:08:08.000Z
"9/26/2025, 9:11:08 PM",3.639,80.4,100,0,2025-09-27T01:11:08.000Z
"9/26/2025, 9:14:08 PM",3.639,80.4,100,0,2025-09-27T01:14:08.000Z
"9/26/2025, 9:17:08 PM",3.64,80.2,100,0,2025-09-27T01:17:08.000Z
"9/26/2025, 9:20:08 PM",3.639,80.2,100,0,2025-09-27T01:20:08.000Z
"9/26/2025, 9:23:08 PM",3.64,80.1,100,0,2025-09-27T01:23:08.000Z
"9/26/2025, 9:26:08 PM",3.639,80.1,100,0,2025-09-27T01:26:08.000Z
"9/26/2025, 9:29:08 PM",3.639,80.1,100,0,2025-09-27T01:29:08.000Z
"9/26/2025, 9:32:08 PM",3.64,79.9,100,0,2025-09-27T01:32:08.000Z
"9/26/2025, 9:35:08 PM",3.64,79.9,100,0,2025-09-27T01:35:08.000Z
"9/26/2025, 9:38:08 PM",3.64,79.7,100,0,2025-09-27T01:38:08.000Z
"9/26/2025, 9:41:08 PM",3.639,79.7,100,0,2025-09-27T01:41:08.000Z
"9/26/2025, 9:44:08 PM",3.64,79.5,100,0,2025-09-27T01:44:08.000Z
"9/26/2025, 9:47:08 PM",3.639,79.5,100,0,2025-09-27T01:47:08.000Z
"9/26/2025, 9:50:08 PM",3.639,79.5,100,0,2025-09-27T01:50:08.000Z
"9/26/2025, 9:53:08 PM",3.639,79.3,100,0,2025-09-27T01:53:08.000Z
"9/26/2025, 9:56:08 PM",3.64,79.3,100,0,2025-09-27T01:56:08.000Z
"9/26/2025, 9:59:08 PM",3.639,79.2,100,0,2025-09-27T01:59:08.000Z
"9/26/2025, 10:02:08 PM",3.639,79.2,100,0,2025-09-27T02:02:08.000Z
"9/26/2025, 10:05:08 PM",3.64,79.2,100,0,2025-09-27T02:05:08.000Z
"9/26/2025, 10:08:08 PM",3.639,79,100,0,2025-09-27T02:08:08.000Z
"9/26/2025, 10:11:08 PM",3.639,79,100,0,2025-09-27T02:11:08.000Z
"9/26/2025, 10:14:08 PM",3.639,79,100,0,2025-09-27T02:14:08.000Z
"9/26/2025, 10:17:08 PM",3.639,79,100,0,2025-09-27T02:17:08.000Z
"9/26/2025, 10:20:08 PM",3.639,78.8,100,0,2025-09-27T02:20:08.000Z
"9/26/2025, 10:23:08 PM",3.639,78.8,100,0,2025-09-27T02:23:08.000Z
"9/26/2025, 10:26:08 PM",3.64,78.6,100,0,2025-09-27T02:26:08.000Z
"9/26/2025, 10:29:08 PM",3.64,78.6,100,0,2025-09-27T02:29:08.000Z
"9/26/2025, 10:32:08 PM",3.64,78.6,100,0,2025-09-27T02:32:08.000Z
"9/26/2025, 10:35:08 PM",3.64,78.4,100,0,2025-09-27T02:35:08.000Z
"9/26/2025, 10:38:08 PM",3.639,78.4,100,0,2025-09-27T02:38:08.000Z
"9/26/2025, 10:41:08 PM",3.639,78.3,100,0,2025-09-27T02:41:08.000Z
"9/26/2025, 10:44:08 PM",3.639,78.3,100,0,2025-09-27T02:44:08.000Z
"9/26/2025, 10:47:08 PM",3.639,78.3,100,0,2025-09-27T02:47:08.000Z
"9/26/2025, 10:50:08 PM",3.639,78.1,100,0,2025-09-27T02:50:08.000Z
"9/26/2025, 10:53:08 PM",3.639,78.1,100,0,2025-09-27T02:53:08.000Z
"9/26/2025, 10:56:08 PM",3.639,78.1,100,0,2025-09-27T02:56:08.000Z
"9/26/2025, 10:59:08 PM",3.639,77.9,100,0,2025-09-27T02:59:08.000Z
"9/26/2025, 11:02:08 PM",3.639,77.9,100,0,2025-09-27T03:02:08.000Z
"9/26/2025, 11:05:08 PM",3.639,77.9,100,0,2025-09-27T03:05:08.000Z
"9/26/2025, 11:08:08 PM",3.64,77.7,100,0,2025-09-27T03:08:08.000Z
"9/26/2025, 11:11:08 PM",3.64,77.7,100,0,2025-09-27T03:11:08.000Z
"9/26/2025, 11:14:08 PM",3.639,77.7,100,0,2025-09-27T03:14:08.000Z
"9/26/2025, 11:17:08 PM",3.639,77.5,100,0,2025-09-27T03:17:08.000Z
"9/26/2025, 11:20:08 PM",3.639,77.5,100,0,2025-09-27T03:20:08.000Z
"9/26/2025, 11:23:08 PM",3.639,77.5,100,0,2025-09-27T03:23:08.000Z
"9/26/2025, 11:26:08 PM",3.64,77.5,100,0,2025-09-27T03:26:08.000Z
"9/26/2025, 11:29:08 PM",3.64,77.4,100,0,2025-09-27T03:29:08.000Z
"9/26/2025, 11:32:08 PM",3.64,77.4,100,0,2025-09-27T03:32:08.000Z
"9/26/2025, 11:35:08 PM",3.639,77.4,100,0,2025-09-27T03:35:08.000Z
"9/26/2025, 11:38:08 PM",3.639,77.4,100,0,2025-09-27T03:38:08.000Z
"9/26/2025, 11:41:08 PM",3.639,77.4,100,0,2025-09-27T03:41:08.000Z
"9/26/2025, 11:44:08 PM",3.639,77.2,100,0,2025-09-27T03:44:08.000Z
"9/26/2025, 11:47:08 PM",3.639,77.2,100,0,2025-09-27T03:47:08.000Z
"9/26/2025, 11:50:08 PM",3.639,77.2,100,0,2025-09-27T03:50:08.000Z
"9/26/2025, 11:53:08 PM",3.639,77.2,100,0,2025-09-27T03:53:08.000Z
"9/26/2025, 11:56:08 PM",3.639,77,100,0,2025-09-27T03:56:08.000Z
"9/26/2025, 11:59:08 PM",3.639,77,100,0,2025-09-27T03:59:08.000Z
"9/27/2025, 12:02:08 AM",3.639,77,100,0,2025-09-27T04:02:08.000Z
"9/27/2025, 12:05:08 AM",3.639,76.8,100,0,2025-09-27T04:05:08.000Z
"9/27/2025, 12:08:08 AM",3.639,76.8,100,0,2025-09-27T04:08:08.000Z
"9/27/2025, 12:11:08 AM",3.639,76.8,100,0,2025-09-27T04:11:08.000Z
"9/27/2025, 12:14:08 AM",3.639,76.8,100,0,2025-09-27T04:14:08.000Z
"9/27/2025, 12:17:08 AM",3.639,76.8,100,0,2025-09-27T04:17:08.000Z
"9/27/2025, 12:20:08 AM",3.639,76.6,100,0,2025-09-27T04:20:08.000Z
"9/27/2025, 12:23:08 AM",3.639,76.6,100,0,2025-09-27T04:23:08.000Z
"9/27/2025, 12:26:08 AM",3.639,76.6,100,0,2025-09-27T04:26:08.000Z
"9/27/2025, 12:29:08 AM",3.639,76.6,100,0,2025-09-27T04:29:08.000Z
"9/27/2025, 12:32:08 AM",3.639,76.6,100,0,2025-09-27T04:32:08.000Z
"9/27/2025, 12:35:08 AM",3.64,76.5,100,0,2025-09-27T04:35:08.000Z
"9/27/2025, 12:38:08 AM",3.639,76.5,100,0,2025-09-27T04:38:08.000Z
"9/27/2025, 12:41:08 AM",3.639,76.5,100,0,2025-09-27T04:41:08.000Z
"9/27/2025, 12:44:08 AM",3.64,76.5,100,0,2025-09-27T04:44:08.000Z
"9/27/2025, 12:47:08 AM",3.639,76.5,100,0,2025-09-27T04:47:08.000Z
"9/27/2025, 12:50:08 AM",3.639,76.5,100,0,2025-09-27T04:50:08.000Z
"9/27/2025, 12:53:08 AM",3.639,76.5,100,0,2025-09-27T04:53:08.000Z
"9/27/2025, 12:56:08 AM",3.639,76.3,100,0,2025-09-27T04:56:08.000Z
"9/27/2025, 12:59:08 AM",3.639,76.3,100,0,2025-09-27T04:59:08.000Z
"9/27/2025, 1:02:08 AM",3.639,76.3,100,0,2025-09-27T05:02:08.000Z
"9/27/2025, 1:05:08 AM",3.639,76.3,100,0,2025-09-27T05:05:08.000Z
"9/27/2025, 1:08:08 AM",3.639,76.3,100,0,2025-09-27T05:08:08.000Z
"9/27/2025, 1:11:08 AM",3.639,76.3,100,0,2025-09-27T05:11:08.000Z
"9/27/2025, 1:14:08 AM",3.639,76.1,100,0,2025-09-27T05:14:08.000Z
"9/27/2025, 1:17:08 AM",3.639,76.1,100,0,2025-09-27T05:17:08.000Z
"9/27/2025, 1:20:08 AM",3.639,76.1,100,0,2025-09-27T05:20:08.000Z
"9/27/2025, 1:23:08 AM",3.639,76.1,100,0,2025-09-27T05:23:08.000Z
"9/27/2025, 1:26:08 AM",3.639,76.1,100,0,2025-09-27T05:26:08.000Z
"9/27/2025, 1:29:08 AM",3.64,76.1,100,0,2025-09-27T05:29:08.000Z
"9/27/2025, 1:32:08 AM",3.639,76.1,100,0,2025-09-27T05:32:08.000Z
"9/27/2025, 1:35:08 AM",3.639,76.1,100,0,2025-09-27T05:35:08.000Z
"9/27/2025, 1:38:08 AM",3.639,76.1,100,0,2025-09-27T05:38:08.000Z
"9/27/2025, 1:41:08 AM",3.639,76.1,100,0,2025-09-27T05:41:08.000Z
"9/27/2025, 1:44:08 AM",3.639,75.9,100,0,2025-09-27T05:44:08.000Z
"9/27/2025, 1:47:08 AM",3.639,75.9,100,0,2025-09-27T05:47:08.000Z
"9/27/2025, 1:50:08 AM",3.639,75.9,100,0,2025-09-27T05:50:08.000Z
"9/27/2025, 1:53:08 AM",3.639,75.9,100,0,2025-09-27T05:53:08.000Z
"9/27/2025, 1:56:08 AM",3.639,75.9,100,0,2025-09-27T05:56:08.000Z
"9/27/2025, 1:59:08 AM",3.639,75.9,100,0,2025-09-27T05:59:08.000Z
"9/27/2025, 2:02:08 AM",3.639,75.9,100,0,2025-09-27T06:02:08.000Z
"9/27/2025, 2:05:08 AM",3.639,75.7,100,0,2025-09-27T06:05:08.000Z
"9/27/2025, 2:08:08 AM",3.639,75.7,100,0,2025-09-27T06:08:08.000Z
"9/27/2025, 2:11:08 AM",3.639,75.7,100,0,2025-09-27T06:11:08.000Z
"9/27/2025, 2:14:08 AM",3.639,75.7,100,0,2025-09-27T06:14:08.000Z
"9/27/2025, 2:17:08 AM",3.639,75.7,100,0,2025-09-27T06:17:08.000Z
"9/27/2025, 2:20:08 AM",3.639,75.7,100,0,2025-09-27T06:20:08.000Z
"9/27/2025, 2:23:08 AM",3.639,75.7,100,0,2025-09-27T06:23:08.000Z
"9/27/2025, 2:26:08 AM",3.639,75.7,100,0,2025-09-27T06:26:08.000Z
"9/27/2025, 2:29:08 AM",3.639,75.7,100,0,2025-09-27T06:29:08.000Z
"9/27/2025, 2:32:08 AM",3.639,75.7,100,0,2025-09-27T06:32:08.000Z
"9/27/2025, 2:35:08 AM",3.639,75.6,100,0,2025-09-27T06:35:08.000Z
"9/27/2025, 2:38:08 AM",3.639,75.6,100,0,2025-09-27T06:38:08.000Z
"9/27/2025, 2:41:08 AM",3.639,75.6,100,0,2025-09-27T06:41:08.000Z
"9/27/2025, 2:44:08 AM",3.639,75.6,100,0,2025-09-27T06:44:08.000Z
"9/27/2025, 2:47:08 AM",3.639,75.6,100,0,2025-09-27T06:47:08.000Z
"9/27/2025, 2:50:08 AM",3.639,75.6,100,0,2025-09-27T06:50:08.000Z
"9/27/2025, 2:53:08 AM",3.639,75.6,100,0,2025-09-27T06:53:08.000Z
"9/27/2025, 2:56:08 AM",3.639,75.4,100,0,2025-09-27T06:56:08.000Z
"9/27/2025, 2:59:08 AM",3.639,75.6,100,0,2025-09-27T06:59:08.000Z
"9/27/2025, 3:02:08 AM",3.639,75.4,100,0,2025-09-27T07:02:08.000Z
"9/27/2025, 3:05:08 AM",3.639,75.4,100,0,2025-09-27T07:05:08.000Z
"9/27/2025, 3:08:08 AM",3.639,75.4,100,0,2025-09-27T07:08:08.000Z
"9/27/2025, 3:11:08 AM",3.639,75.4,100,0,2025-09-27T07:11:08.000Z
"9/27/2025, 3:14:08 AM",3.639,75.4,100,0,2025-09-27T07:14:08.000Z
"9/27/2025, 3:17:08 AM",3.639,75.4,100,0,2025-09-27T07:17:08.000Z
"9/27/2025, 3:20:08 AM",3.639,75.4,100,0,2025-09-27T07:20:08.000Z
"9/27/2025, 3:23:08 AM",3.639,75.2,100,0,2025-09-27T07:23:08.000Z
"9/27/2025, 3:26:08 AM",3.639,75.2,100,0,2025-09-27T07:26:08.000Z
"9/27/2025, 3:29:08 AM",3.639,75.2,100,0,2025-09-27T07:29:08.000Z
"9/27/2025, 3:32:08 AM",3.639,75.2,100,0,2025-09-27T07:32:08.000Z
"9/27/2025, 3:35:08 AM",3.639,75.2,100,0,2025-09-27T07:35:08.000Z
"9/27/2025, 3:38:08 AM",3.639,75,100,0,2025-09-27T07:38:08.000Z
"9/27/2025, 3:41:08 AM",3.639,75,100,0,2025-09-27T07:41:08.000Z
"9/27/2025, 3:44:08 AM",3.639,75,100,0,2025-09-27T07:44:08.000Z
"9/27/2025, 3:47:08 AM",3.639,75,100,0,2025-09-27T07:47:08.000Z
"9/27/2025, 3:50:08 AM",3.639,75,100,0,2025-09-27T07:50:08.000Z
"9/27/2025, 3:53:08 AM",3.639,75,100,0,2025-09-27T07:53:08.000Z
"9/27/2025, 3:56:08 AM",3.639,75,100,0,2025-09-27T07:56:08.000Z
"9/27/2025, 3:59:08 AM",3.639,75,100,0,2025-09-27T07:59:08.000Z
"9/27/2025, 4:02:08 AM",3.639,74.8,100,0,2025-09-27T08:02:08.000Z
"9/27/2025, 4:05:08 AM",3.639,74.8,100,0,2025-09-27T08:05:08.000Z
"9/27/2025, 4:08:08 AM",3.639,74.8,100,0,2025-09-27T08:08:08.000Z
"9/27/2025, 4:11:08 AM",3.639,74.8,100,0,2025-09-27T08:11:08.000Z
"9/27/2025, 4:14:08 AM",3.639,74.8,100,0,2025-09-27T08:14:08.000Z
"9/27/2025, 4:17:08 AM",3.639,74.8,100,0,2025-09-27T08:17:08.000Z
"9/27/2025, 4:20:08 AM",3.639,74.8,100,0,2025-09-27T08:20:08.000Z
"9/27/2025, 4:23:08 AM",3.639,74.8,100,0,2025-09-27T08:23:08.000Z
"9/27/2025, 4:26:08 AM",3.639,74.8,100,0,2025-09-27T08:26:08.000Z
"9/27/2025, 4:29:08 AM",3.639,74.7,100,0,2025-09-27T08:29:08.000Z
"9/27/2025, 4:32:08 AM",3.639,74.7,100,0,2025-09-27T08:32:08.000Z
"9/27/2025, 4:35:08 AM",3.639,74.7,100,0,2025-09-27T08:35:08.000Z
"9/27/2025, 4:38:08 AM",3.639,74.7,100,0,2025-09-27T08:38:08.000Z
"9/27/2025, 4:41:08 AM",3.639,74.7,100,0,2025-09-27T08:41:08.000Z
"9/27/2025, 4:44:08 AM",3.639,74.7,100,0,2025-09-27T08:44:08.000Z
"9/27/2025, 4:47:08 AM",3.639,74.7,100,0,2025-09-27T08:47:08.000Z
"9/27/2025, 4:50:08 AM",3.639,74.7,100,0,2025-09-27T08:50:08.000Z
"9/27/2025, 4:53:08 AM",3.639,74.7,100,0,2025-09-27T08:53:08.000Z
"9/27/2025, 4:56:08 AM",3.639,74.5,100,0,2025-09-27T08:56:08.000Z
"9/27/2025, 4:59:08 AM",3.639,74.5,100,0,2025-09-27T08:59:08.000Z
"9/27/2025, 5:02:08 AM",3.639,74.5,100,0,2025-09-27T09:02:08.000Z
"9/27/2025, 5:05:08 AM",3.639,74.5,100,0,2025-09-27T09:05:08.000Z
"9/27/2025, 5:08:08 AM",3.638,74.5,100,0,2025-09-27T09:08:08.000Z
"9/27/2025, 5:11:08 AM",3.639,74.5,100,0,2025-09-27T09:11:08.000Z
"9/27/2025, 5:14:08 AM",3.639,74.5,100,0,2025-09-27T09:14:08.000Z
"9/27/2025, 5:17:08 AM",3.639,74.5,100,0,2025-09-27T09:17:08.000Z
"9/27/2025, 5:20:08 AM",3.639,74.5,100,0,2025-09-27T09:20:08.000Z
"9/27/2025, 5:23:08 AM",3.639,74.5,100,0,2025-09-27T09:23:08.000Z
"9/27/2025, 5:26:08 AM",3.639,74.5,100,0,2025-09-27T09:26:08.000Z
"9/27/2025, 5:29:08 AM",3.639,74.3,100,0,2025-09-27T09:29:08.000Z
"9/27/2025, 5:32:08 AM",3.639,74.3,100,0,2025-09-27T09:32:08.000Z
"9/27/2025, 5:35:08 AM",3.639,74.3,100,0,2025-09-27T09:35:08.000Z
"9/27/2025, 5:38:08 AM",3.639,74.3,100,0,2025-09-27T09:38:08.000Z
"9/27/2025, 5:41:08 AM",3.639,74.3,100,0,2025-09-27T09:41:08.000Z
"9/27/2025, 5:44:08 AM",3.639,74.3,100,0,2025-09-27T09:44:08.000Z
"9/27/2025, 5:47:08 AM",3.639,74.3,100,0,2025-09-27T09:47:08.000Z
"9/27/2025, 5:50:08 AM",3.639,74.3,100,0,2025-09-27T09:50:08.000Z
"9/27/2025, 5:53:08 AM",3.639,74.1,100,0,2025-09-27T09:53:08.000Z
"9/27/2025, 5:56:08 AM",3.639,74.1,100,0,2025-09-27T09:56:08.000Z
"9/27/2025, 5:59:08 AM",3.638,74.1,100,0,2025-09-27T09:59:08.000Z
"9/27/2025, 6:02:08 AM",3.639,74.1,100,0,2025-09-27T10:02:08.000Z
"9/27/2025, 6:05:08 AM",3.639,74.1,100,0,2025-09-27T10:05:08.000Z
"9/27/2025, 6:08:08 AM",3.639,74.1,100,0,2025-09-27T10:08:08.000Z
"9/27/2025, 6:11:08 AM",3.639,73.9,100,0,2025-09-27T10:11:08.000Z
"9/27/2025, 6:14:08 AM",3.638,74.1,100,0,2025-09-27T10:14:08.000Z
"9/27/2025, 6:17:08 AM",3.638,73.9,100,0,2025-09-27T10:17:08.000Z
"9/27/2025, 6:20:08 AM",3.639,73.9,100,0,2025-09-27T10:20:08.000Z
"9/27/2025, 6:23:08 AM",3.639,73.9,100,0,2025-09-27T10:23:08.000Z
"9/27/2025, 6:26:08 AM",3.638,73.9,100,0,2025-09-27T10:26:08.000Z
"9/27/2025, 6:29:08 AM",3.639,73.9,100,0,2025-09-27T10:29:08.000Z
"9/27/2025, 6:32:08 AM",3.638,73.9,100,0,2025-09-27T10:32:08.000Z
"9/27/2025, 6:35:08 AM",3.639,73.9,100,0,2025-09-27T10:35:08.000Z
"9/27/2025, 6:38:08 AM",3.639,73.9,100,0,2025-09-27T10:38:08.000Z
"9/27/2025, 6:41:08 AM",3.638,73.9,100,0,2025-09-27T10:41:08.000Z
"9/27/2025, 6:44:08 AM",3.639,73.9,100,0,2025-09-27T10:44:08.000Z
"9/27/2025, 6:47:08 AM",3.638,73.9,100,0,2025-09-27T10:47:08.000Z
"9/27/2025, 6:50:08 AM",3.639,73.9,100,0,2025-09-27T10:50:08.000Z
"9/27/2025, 6:53:08 AM",3.639,73.9,100,0,2025-09-27T10:53:08.000Z
"9/27/2025, 6:56:08 AM",3.639,73.9,100,0,2025-09-27T10:56:08.000Z
"9/27/2025, 6:59:08 AM",3.638,73.9,100,0,2025-09-27T10:59:08.000Z
"9/27/2025, 7:02:08 AM",3.639,73.9,100,0,2025-09-27T11:02:08.000Z
"9/27/2025, 7:05:08 AM",3.639,73.9,100,0,2025-09-27T11:05:08.000Z
"9/27/2025, 7:08:08 AM",3.639,73.8,100,0,2025-09-27T11:08:08.000Z
"9/27/2025, 7:11:08 AM",3.639,73.8,100,0,2025-09-27T11:11:08.000Z
"9/27/2025, 7:14:08 AM",3.638,73.8,100,0,2025-09-27T11:14:08.000Z
"9/27/2025, 7:17:08 AM",3.638,73.8,100,0,2025-09-27T11:17:08.000Z
"9/27/2025, 7:20:08 AM",3.639,73.8,100,0,2025-09-27T11:20:08.000Z
"9/27/2025, 7:23:08 AM",3.639,73.6,100,0,2025-09-27T11:23:08.000Z
"9/27/2025, 7:26:08 AM",3.639,73.6,100,0,2025-09-27T11:26:08.000Z
"9/27/2025, 7:29:08 AM",3.639,73.6,100,0,2025-09-27T11:29:08.000Z
"9/27/2025, 7:32:08 AM",3.638,73.6,100,0,2025-09-27T11:32:08.000Z
"9/27/2025, 7:35:08 AM",3.638,73.6,100,0,2025-09-27T11:35:08.000Z
"9/27/2025, 7:38:08 AM",3.639,73.6,100,0,2025-09-27T11:38:08.000Z
"9/27/2025, 7:41:08 AM",3.639,73.6,100,0,2025-09-27T11:41:08.000Z
"9/27/2025, 7:44:08 AM",3.638,73.6,100,0,2025-09-27T11:44:08.000Z
"9/27/2025, 7:47:08 AM",3.638,73.6,100,0,2025-09-27T11:47:08.000Z
"9/27/2025, 7:50:08 AM",3.639,73.6,100,0,2025-09-27T11:50:08.000Z
"9/27/2025, 7:53:08 AM",3.638,73.6,100,0,2025-09-27T11:53:08.000Z
"9/27/2025, 7:56:08 AM",3.639,73.6,100,0,2025-09-27T11:56:08.000Z
"9/27/2025, 7:59:08 AM",3.638,73.6,100,0,2025-09-27T11:59:08.000Z
"9/27/2025, 8:02:08 AM",3.638,73.6,100,0,2025-09-27T12:02:08.000Z
"9/27/2025, 8:05:08 AM",3.639,73.8,100,0,2025-09-27T12:05:08.000Z
"9/27/2025, 8:08:08 AM",3.639,73.8,100,0,2025-09-27T12:08:08.000Z
"9/27/2025, 8:11:08 AM",3.638,73.9,100,0,2025-09-27T12:11:08.000Z
"9/27/2025, 8:14:08 AM",3.638,73.9,100,0,2025-09-27T12:14:08.000Z
"9/27/2025, 8:17:08 AM",3.639,73.9,100,0,2025-09-27T12:17:08.000Z
"9/27/2025, 8:20:08 AM",3.639,74.1,100,0,2025-09-27T12:20:08.000Z
"9/27/2025, 8:23:08 AM",3.639,74.3,100,0,2025-09-27T12:23:08.000Z
"9/27/2025, 8:26:08 AM",3.639,74.3,100,0,2025-09-27T12:26:08.000Z
"9/27/2025, 8:29:08 AM",3.638,74.5,100,0,2025-09-27T12:29:08.000Z
"9/27/2025, 8:32:08 AM",3.638,74.7,100,0,2025-09-27T12:32:08.000Z
"9/27/2025, 8:35:08 AM",3.639,74.8,100,0,2025-09-27T12:35:08.000Z
"9/27/2025, 8:38:08 AM",3.639,75,100,0,2025-09-27T12:38:08.000Z
"9/27/2025, 8:41:08 AM",3.639,75.2,100,0,2025-09-27T12:41:08.000Z
"9/27/2025, 8:44:08 AM",3.638,75.4,100,0,2025-09-27T12:44:08.000Z
"9/27/2025, 8:47:08 AM",3.638,75.6,100,0,2025-09-27T12:47:08.000Z
"9/27/2025, 8:50:08 AM",3.638,75.7,100,0,2025-09-27T12:50:08.000Z
"9/27/2025, 8:53:08 AM",3.638,75.7,100,0,2025-09-27T12:53:08.000Z
"9/27/2025, 8:56:08 AM",3.639,75.9,100,0,2025-09-27T12:56:08.000Z
"9/27/2025, 8:59:08 AM",3.639,76.1,100,0,2025-09-27T12:59:08.000Z
"9/27/2025, 9:02:08 AM",3.638,76.3,100,0,2025-09-27T13:02:08.000Z
"9/27/2025, 9:05:08 AM",3.638,76.5,100,0,2025-09-27T13:05:08.000Z
"9/27/2025, 9:08:08 AM",3.638,76.6,100,0,2025-09-27T13:08:08.000Z
"9/27/2025, 9:11:08 AM",3.638,76.8,100,0,2025-09-27T13:11:08.000Z
"9/27/2025, 9:14:08 AM",3.638,77.2,100,0,2025-09-27T13:14:08.000Z
"9/27/2025, 9:17:08 AM",3.638,77.4,100,0,2025-09-27T13:17:08.000Z
"9/27/2025, 9:20:08 AM",3.638,77.5,100,0,2025-09-27T13:20:08.000Z
"9/27/2025, 9:23:08 AM",3.638,77.7,100,0,2025-09-27T13:23:08.000Z
"9/27/2025, 9:26:08 AM",3.638,78.1,100,0,2025-09-27T13:26:08.000Z
"9/27/2025, 9:29:08 AM",3.638,78.3,100,0,2025-09-27T13:29:08.000Z
"9/27/2025, 9:32:08 AM",3.638,78.6,100,0,2025-09-27T13:32:08.000Z
"9/27/2025, 9:35:08 AM",3.638,78.8,100,0,2025-09-27T13:35:08.000Z
"9/27/2025, 9:38:08 AM",3.638,79,100,0,2025-09-27T13:38:08.000Z
"9/27/2025, 9:41:08 AM",3.638,79.3,100,0,2025-09-27T13:41:08.000Z
"9/27/2025, 9:44:08 AM",3.638,79.7,100,0,2025-09-27T13:44:08.000Z
"9/27/2025, 9:47:08 AM",3.638,80.1,100,0,2025-09-27T13:47:08.000Z
"9/27/2025, 9:50:08 AM",3.638,80.4,100,0,2025-09-27T13:50:08.000Z
"9/27/2025, 9:53:08 AM",3.638,80.8,100,0,2025-09-27T13:53:08.000Z
"9/27/2025, 9:56:08 AM",3.638,81.1,100,0,2025-09-27T13:56:08.000Z
"9/27/2025, 9:59:08 AM",3.638,81.5,100,0,2025-09-27T13:59:08.000Z
"9/27/2025, 10:02:08 AM",3.638,81.7,100,0,2025-09-27T14:02:08.000Z
"9/27/2025, 10:05:08 AM",3.638,82,100,0,2025-09-27T14:05:08.000Z
"9/27/2025, 10:08:08 AM",3.638,82.4,100,0,2025-09-27T14:08:08.000Z
"9/27/2025, 10:11:08 AM",3.638,82.6,100,0,2025-09-27T14:11:08.000Z
"9/27/2025, 10:14:08 AM",3.638,82.9,100,0,2025-09-27T14:14:08.000Z
"9/27/2025, 10:17:08 AM",3.638,83.3,100,0,2025-09-27T14:17:08.000Z
"9/27/2025, 10:20:08 AM",3.638,83.7,100,0,2025-09-27T14:20:08.000Z
"9/27/2025, 10:23:08 AM",3.638,83.8,100,0,2025-09-27T14:23:08.000Z
"9/27/2025, 10:26:08 AM",3.638,84.2,100,0,2025-09-27T14:26:08.000Z
"9/27/2025, 10:29:08 AM",3.638,84.6,100,0,2025-09-27T14:29:08.000Z
"9/27/2025, 10:32:08 AM",3.638,84.9,100,0,2025-09-27T14:32:08.000Z
"9/27/2025, 10:35:08 AM",3.638,85.1,100,0,2025-09-27T14:35:08.000Z
"9/27/2025, 10:38:08 AM",3.638,85.5,100,0,2025-09-27T14:38:08.000Z
"9/27/2025, 10:41:08 AM",3.638,85.6,100,0,2025-09-27T14:41:08.000Z
"9/27/2025, 10:44:08 AM",3.637,86,100,0,2025-09-27T14:44:08.000Z
"9/27/2025, 10:47:08 AM",3.638,86.2,100,0,2025-09-27T14:47:08.000Z
"9/27/2025, 10:50:08 AM",3.638,86.5,100,0,2025-09-27T14:50:08.000Z
"9/27/2025, 10:53:08 AM",3.638,86.7,100,0,2025-09-27T14:53:08.000Z
"9/27/2025, 10:56:08 AM",3.638,87.1,100,0,2025-09-27T14:56:08.000Z
"9/27/2025, 10:59:08 AM",3.637,87.3,100,0,2025-09-27T14:59:08.000Z
"9/27/2025, 11:02:08 AM",3.637,87.6,100,0,2025-09-27T15:02:08.000Z
"9/27/2025, 11:05:08 AM",3.637,87.8,100,0,2025-09-27T15:05:08.000Z
"9/27/2025, 11:08:08 AM",3.637,88.2,100,0,2025-09-27T15:08:08.000Z
"9/27/2025, 11:11:08 AM",3.638,88.3,100,0,2025-09-27T15:11:08.000Z
"9/27/2025, 11:14:08 AM",3.638,88.7,100,0,2025-09-27T15:14:08.000Z
"9/27/2025, 11:17:08 AM",3.638,88.9,100,0,2025-09-27T15:17:08.000Z
"9/27/2025, 11:20:08 AM",3.638,89.1,100,0,2025-09-27T15:20:08.000Z
"9/27/2025, 11:23:08 AM",3.638,89.2,100,0,2025-09-27T15:23:08.000Z
"9/27/2025, 11:26:08 AM",3.637,89.6,100,0,2025-09-27T15:26:08.000Z
"9/27/2025, 11:29:08 AM",3.638,89.8,100,0,2025-09-27T15:29:08.000Z
"9/27/2025, 11:32:08 AM",3.638,90,100,0,2025-09-27T15:32:08.000Z
"9/27/2025, 11:35:08 AM",3.638,90.1,100,0,2025-09-27T15:35:08.000Z
"9/27/2025, 11:38:08 AM",3.637,90.5,100,0,2025-09-27T15:38:08.000Z
"9/27/2025, 11:41:08 AM",3.637,90.7,100,0,2025-09-27T15:41:08.000Z
"9/27/2025, 11:44:08 AM",3.638,90.9,100,0,2025-09-27T15:44:08.000Z
"9/27/2025, 11:47:08 AM",3.637,91.2,100,0,2025-09-27T15:47:08.000Z
"9/27/2025, 11:50:08 AM",3.637,91.4,100,0,2025-09-27T15:50:08.000Z
"9/27/2025, 11:53:08 AM",3.638,91.8,100,0,2025-09-27T15:53:08.000Z
"9/27/2025, 11:56:08 AM",3.637,92.1,100,0,2025-09-27T15:56:08.000Z
"9/27/2025, 11:59:08 AM",3.637,92.5,100,0,2025-09-27T15:59:08.000Z
"9/27/2025, 12:02:08 PM",3.638,92.7,100,0,2025-09-27T16:02:08.000Z
"9/27/2025, 12:05:08 PM",3.638,93,100,0,2025-09-27T16:05:08.000Z
"9/27/2025, 12:08:08 PM",3.637,93.4,100,0,2025-09-27T16:08:08.000Z
"9/27/2025, 12:11:08 PM",3.637,93.6,100,0,2025-09-27T16:11:08.000Z
"9/27/2025, 12:14:08 PM",3.638,93.7,100,0,2025-09-27T16:14:08.000Z
"9/27/2025, 12:17:08 PM",3.637,93.9,100,0,2025-09-27T16:17:08.000Z
"9/27/2025, 12:20:08 PM",3.637,94.1,100,0,2025-09-27T16:20:08.000Z
"9/27/2025, 12:23:08 PM",3.637,94.3,100,0,2025-09-27T16:23:08.000Z
"9/27/2025, 12:26:08 PM",3.637,94.5,100,0,2025-09-27T16:26:08.000Z
"9/27/2025, 12:29:08 PM",3.637,94.6,100,0,2025-09-27T16:29:08.000Z
"9/27/2025, 12:32:08 PM",3.637,95,100,0,2025-09-27T16:32:08.000Z
"9/27/2025, 12:35:08 PM",3.637,95.2,100,0,2025-09-27T16:35:08.000Z
"9/27/2025, 12:38:08 PM",3.637,95.5,100,0,2025-09-27T16:38:08.000Z
"9/27/2025, 12:41:08 PM",3.637,95.7,100,0,2025-09-27T16:41:08.000Z
"9/27/2025, 12:44:08 PM",3.637,95.7,100,0,2025-09-27T16:44:08.000Z
"9/27/2025, 12:47:08 PM",3.637,96.1,100,0,2025-09-27T16:47:08.000Z
"9/27/2025, 12:50:08 PM",3.637,96.3,100,0,2025-09-27T16:50:08.000Z
"9/27/2025, 12:53:08 PM",3.637,96.4,100,0,2025-09-27T16:53:08.000Z
"9/27/2025, 12:56:08 PM",3.637,96.6,100,0,2025-09-27T16:56:08.000Z
"9/27/2025, 12:59:08 PM",3.638,96.8,100,0,2025-09-27T16:59:08.000Z
"9/27/2025, 1:02:08 PM",3.637,97,100,0,2025-09-27T17:02:08.000Z
"9/27/2025, 1:05:08 PM",3.637,97.3,100,0,2025-09-27T17:05:08.000Z
"9/27/2025, 1:08:08 PM",3.638,97.5,100,0,2025-09-27T17:08:08.000Z
"9/27/2025, 1:11:08 PM",3.638,97.7,100,0,2025-09-27T17:11:08.000Z
"9/27/2025, 1:14:08 PM",3.638,97.9,100,0,2025-09-27T17:14:08.000Z
"9/27/2025, 1:17:08 PM",3.637,98.2,100,0,2025-09-27T17:17:08.000Z
"9/27/2025, 1:20:08 PM",3.637,98.4,100,0,2025-09-27T17:20:08.000Z
"9/27/2025, 1:23:08 PM",3.638,98.6,100,0,2025-09-27T17:23:08.000Z
"9/27/2025, 1:26:08 PM",3.637,98.8,100,0,2025-09-27T17:26:08.000Z
"9/27/2025, 1:29:08 PM",3.637,99,100,0,2025-09-27T17:29:08.000Z
"9/27/2025, 1:32:08 PM",3.637,99.1,100,0,2025-09-27T17:32:08.000Z
"9/27/2025, 1:35:08 PM",3.637,99.3,100,0,2025-09-27T17:35:08.000Z
"9/27/2025, 1:38:08 PM",3.637,99.5,100,0,2025-09-27T17:38:08.000Z
"9/27/2025, 1:41:08 PM",3.637,99.7,100,0,2025-09-27T17:41:08.000Z
"9/27/2025, 1:44:08 PM",3.638,99.9,100,0,2025-09-27T17:44:08.000Z
"9/27/2025, 1:47:08 PM",3.638,100,100,0,2025-09-27T17:47:08.000Z
"9/27/2025, 1:50:08 PM",3.638,100,100,0,2025-09-27T17:50:08.000Z
"9/27/2025, 1:53:08 PM",3.637,100.2,100,0,2025-09-27T17:53:08.000Z
"9/27/2025, 1:56:08 PM",3.638,100.4,100,0,2025-09-27T17:56:08.000Z
"9/27/2025, 1:59:08 PM",3.637,100.6,100,0,2025-09-27T17:59:08.000Z
"9/27/2025, 2:02:08 PM",3.637,100.8,100,0,2025-09-27T18:02:08.000Z
"9/27/2025, 2:05:08 PM",3.638,100.9,100,0,2025-09-27T18:05:08.000Z
"9/27/2025, 2:08:08 PM",3.638,101.1,100,0,2025-09-27T18:08:08.000Z
"9/27/2025, 2:11:08 PM",3.637,101.1,100,0,2025-09-27T18:11:08.000Z
"9/27/2025, 2:14:08 PM",3.637,101.3,100,0,2025-09-27T18:14:08.000Z
"9/27/2025, 2:17:08 PM",3.638,101.5,100,0,2025-09-27T18:17:08.000Z
"9/27/2025, 2:20:08 PM",3.638,101.7,100,0,2025-09-27T18:20:08.000Z
"9/27/2025, 2:23:08 PM",3.637,101.7,100,0,2025-09-27T18:23:08.000Z
"9/27/2025, 2:26:08 PM",3.638,101.8,100,0,2025-09-27T18:26:08.000Z
"9/27/2025, 2:29:08 PM",3.638,101.8,100,0,2025-09-27T18:29:08.000Z
"9/27/2025, 2:32:08 PM",3.638,102,100,0,2025-09-27T18:32:08.000Z
"9/27/2025, 2:35:08 PM",3.638,102,100,0,2025-09-27T18:35:08.000Z
"9/27/2025, 2:38:08 PM",3.637,102,100,0,2025-09-27T18:38:08.000Z
"9/27/2025, 2:41:08 PM",3.638,102.2,100,0,2025-09-27T18:41:08.000Z
"9/27/2025, 2:44:08 PM",3.638,102.4,100,0,2025-09-27T18:44:08.000Z
"9/27/2025, 2:47:08 PM",3.638,102.4,100,0,2025-09-27T18:47:08.000Z
"9/27/2025, 2:50:08 PM",3.638,102.4,100,0,2025-09-27T18:50:08.000Z
"9/27/2025, 2:53:08 PM",3.637,102.4,100,0,2025-09-27T18:53:08.000Z
"9/27/2025, 2:56:08 PM",3.638,102.4,100,0,2025-09-27T18:56:08.000Z
"9/27/2025, 2:59:08 PM",3.638,102.4,100,0,2025-09-27T18:59:08.000Z
"9/27/2025, 3:02:08 PM",3.638,102.4,100,0,2025-09-27T19:02:08.000Z
"9/27/2025, 3:05:08 PM",3.637,102.4,100,0,2025-09-27T19:05:08.000Z
"9/27/2025, 3:08:08 PM",3.638,102.4,100,0,2025-09-27T19:08:08.000Z
"9/27/2025, 3:11:08 PM",3.638,102.4,100,0,2025-09-27T19:11:08.000Z
"9/27/2025, 3:14:08 PM",3.638,102.4,100,0,2025-09-27T19:14:08.000Z
"9/27/2025, 3:17:08 PM",3.638,102.6,100,0,2025-09-27T19:17:08.000Z
"9/27/2025, 3:20:08 PM",3.638,102.6,100,0,2025-09-27T19:20:08.000Z
"9/27/2025, 3:23:08 PM",3.638,102.6,100,0,2025-09-27T19:23:08.000Z
"9/27/2025, 3:26:08 PM",3.638,102.6,100,0,2025-09-27T19:26:08.000Z
"9/27/2025, 3:29:08 PM",3.638,102.6,100,0,2025-09-27T19:29:08.000Z
"9/27/2025, 3:32:08 PM",3.638,102.6,100,0,2025-09-27T19:32:08.000Z
"9/27/2025, 3:35:08 PM",3.638,102.6,100,0,2025-09-27T19:35:08.000Z
"9/27/2025, 3:38:08 PM",3.638,102.6,100,0,2025-09-27T19:38:08.000Z
"9/27/2025, 3:41:08 PM",3.638,102.4,100,0,2025-09-27T19:41:08.000Z
"9/27/2025, 3:44:08 PM",3.638,102.4,100,0,2025-09-27T19:44:08.000Z
"9/27/2025, 3:47:08 PM",3.638,102.4,100,0,2025-09-27T19:47:08.000Z
"9/27/2025, 3:50:08 PM",3.638,102.4,100,0,2025-09-27T19:50:08.000Z
"9/27/2025, 3:53:08 PM",3.638,102.4,100,0,2025-09-27T19:53:08.000Z
"9/27/2025, 3:56:08 PM",3.638,102.4,100,0,2025-09-27T19:56:08.000Z
"9/27/2025, 3:59:08 PM",3.638,102.4,100,0,2025-09-27T19:59:08.000Z
"9/27/2025, 4:02:08 PM",3.638,102.4,100,0,2025-09-27T20:02:08.000Z
"9/27/2025, 4:05:08 PM",3.638,102.4,100,0,2025-09-27T20:05:08.000Z
"9/27/2025, 4:08:08 PM",3.638,102.4,100,0,2025-09-27T20:08:08.000Z
"9/27/2025, 4:11:08 PM",3.638,102.4,100,0,2025-09-27T20:11:08.000Z
"9/27/2025, 4:14:08 PM",3.638,102.4,100,0,2025-09-27T20:14:08.000Z
"9/27/2025, 4:17:08 PM",3.638,102.4,100,0,2025-09-27T20:17:08.000Z
"9/27/2025, 4:20:08 PM",3.638,102.4,100,0,2025-09-27T20:20:08.000Z
"9/27/2025, 4:23:08 PM",3.638,102.4,100,0,2025-09-27T20:23:08.000Z
"9/27/2025, 4:26:08 PM",3.638,102.4,100,0,2025-09-27T20:26:08.000Z
"9/27/2025, 4:29:08 PM",3.638,102.4,100,0,2025-09-27T20:29:08.000Z
"9/27/2025, 4:32:08 PM",3.639,102.4,100,0,2025-09-27T20:32:08.000Z
"9/27/2025, 4:35:08 PM",3.638,102.4,100,0,2025-09-27T20:35:08.000Z
"9/27/2025, 4:38:08 PM",3.638,102.2,100,0,2025-09-27T20:38:08.000Z
"9/27/2025, 4:41:08 PM",3.638,102.2,100,0,2025-09-27T20:41:08.000Z
"9/27/2025, 4:44:08 PM",3.638,102,100,0,2025-09-27T20:44:08.000Z
"9/27/2025, 4:47:08 PM",3.638,101.8,100,0,2025-09-27T20:47:08.000Z
"9/27/2025, 4:50:08 PM",3.638,101.8,100,0,2025-09-27T20:50:08.000Z
"9/27/2025, 4:53:08 PM",3.639,101.7,100,0,2025-09-27T20:53:08.000Z
"9/27/2025, 4:56:08 PM",3.638,101.7,100,0,2025-09-27T20:56:08.000Z
"9/27/2025, 4:59:08 PM",3.638,101.5,100,0,2025-09-27T20:59:08.000Z
"9/27/2025, 5:02:08 PM",3.639,101.3,100,0,2025-09-27T21:02:08.000Z
"9/27/2025, 5:05:08 PM",3.638,101.3,100,0,2025-09-27T21:05:08.000Z
"9/27/2025, 5:08:08 PM",3.638,101.3,100,0,2025-09-27T21:08:08.000Z
"9/27/2025, 5:11:08 PM",3.638,101.1,100,0,2025-09-27T21:11:08.000Z
"9/27/2025, 5:14:08 PM",3.638,101.1,100,0,2025-09-27T21:14:08.000Z
"9/27/2025, 5:17:08 PM",3.638,100.9,100,0,2025-09-27T21:17:08.000Z
"9/27/2025, 5:20:08 PM",3.638,100.8,100,0,2025-09-27T21:20:08.000Z
"9/27/2025, 5:23:08 PM",3.638,100.6,100,0,2025-09-27T21:23:08.000Z
"9/27/2025, 5:26:08 PM",3.638,100.4,100,0,2025-09-27T21:26:08.000Z
"9/27/2025, 5:29:08 PM",3.639,100.4,100,0,2025-09-27T21:29:08.000Z
"9/27/2025, 5:32:08 PM",3.638,100,100,0,2025-09-27T21:32:08.000Z
"9/27/2025, 5:35:08 PM",3.638,99.9,100,0,2025-09-27T21:35:08.000Z
"9/27/2025, 5:38:08 PM",3.638,99.7,100,0,2025-09-27T21:38:08.000Z
"9/27/2025, 5:41:08 PM",3.639,99.5,100,0,2025-09-27T21:41:08.000Z
"9/27/2025, 5:44:08 PM",3.638,99.1,100,0,2025-09-27T21:44:08.000Z
"9/27/2025, 5:47:08 PM",3.639,99,100,0,2025-09-27T21:47:08.000Z
"9/27/2025, 5:50:08 PM",3.639,98.6,100,0,2025-09-27T21:50:08.000Z
"9/27/2025, 5:53:08 PM",3.638,98.4,100,0,2025-09-27T21:53:08.000Z
"9/27/2025, 5:56:08 PM",3.638,98.1,100,0,2025-09-27T21:56:08.000Z
"9/27/2025, 5:59:08 PM",3.638,97.7,100,0,2025-09-27T21:59:08.000Z
"9/27/2025, 6:02:08 PM",3.638,97.3,100,0,2025-09-27T22:02:08.000Z
"9/27/2025, 6:05:08 PM",3.638,97.2,100,0,2025-09-27T22:05:08.000Z
"9/27/2025, 6:08:08 PM",3.639,96.8,100,0,2025-09-27T22:08:08.000Z
"9/27/2025, 6:11:08 PM",3.639,96.4,100,0,2025-09-27T22:11:08.000Z
"9/27/2025, 6:14:08 PM",3.638,96.1,100,0,2025-09-27T22:14:08.000Z
"9/27/2025, 6:17:08 PM",3.638,95.7,100,0,2025-09-27T22:17:08.000Z
"9/27/2025, 6:20:08 PM",3.639,95.5,100,0,2025-09-27T22:20:08.000Z
"9/27/2025, 6:23:08 PM",3.638,95.2,100,0,2025-09-27T22:23:08.000Z
"9/27/2025, 6:26:08 PM",3.639,94.6,100,0,2025-09-27T22:26:08.000Z
"9/27/2025, 6:29:08 PM",3.639,94.3,100,0,2025-09-27T22:29:08.000Z
"9/27/2025, 6:32:08 PM",3.639,93.9,100,0,2025-09-27T22:32:08.000Z
"9/27/2025, 6:35:08 PM",3.639,93.6,100,0,2025-09-27T22:35:08.000Z
"9/27/2025, 6:38:08 PM",3.639,93,100,0,2025-09-27T22:38:08.000Z
"9/27/2025, 6:41:08 PM",3.639,92.7,100,0,2025-09-27T22:41:08.000Z
"9/27/2025, 6:44:08 PM",3.639,92.3,100,0,2025-09-27T22:44:08.000Z
"9/27/2025, 6:47:08 PM",3.639,91.9,100,0,2025-09-27T22:47:08.000Z
"9/27/2025, 6:50:08 PM",3.639,91.6,100,0,2025-09-27T22:50:08.000Z
"9/27/2025, 6:53:08 PM",3.639,91.2,100,0,2025-09-27T22:53:08.000Z
"9/27/2025, 6:56:08 PM",3.639,90.7,100,0,2025-09-27T22:56:08.000Z
"9/27/2025, 6:59:08 PM",3.639,90.3,100,0,2025-09-27T22:59:08.000Z
"9/27/2025, 7:02:08 PM",3.639,90,100,0,2025-09-27T23:02:08.000Z
"9/27/2025, 7:05:08 PM",3.639,89.6,100,0,2025-09-27T23:05:08.000Z
"9/27/2025, 7:08:08 PM",3.639,89.1,100,0,2025-09-27T23:08:08.000Z
"9/27/2025, 7:11:08 PM",3.639,88.9,100,0,2025-09-27T23:11:08.000Z
"9/27/2025, 7:14:08 PM",3.639,88.5,100,0,2025-09-27T23:14:08.000Z
"9/27/2025, 7:17:08 PM",3.639,88,100,0,2025-09-27T23:17:08.000Z
"9/27/2025, 7:20:08 PM",3.639,87.8,100,0,2025-09-27T23:20:08.000Z
"9/27/2025, 7:23:08 PM",3.639,87.4,100,0,2025-09-27T23:23:08.000Z
"9/27/2025, 7:26:08 PM",3.639,87.1,100,0,2025-09-27T23:26:08.000Z
"9/27/2025, 7:29:08 PM",3.639,86.7,100,0,2025-09-27T23:29:08.000Z
"9/27/2025, 7:32:08 PM",3.639,86.5,100,0,2025-09-27T23:32:08.000Z
"9/27/2025, 7:35:08 PM",3.639,86.2,100,0,2025-09-27T23:35:08.000Z
"9/27/2025, 7:38:08 PM",3.639,86,100,0,2025-09-27T23:38:08.000Z
"9/27/2025, 7:41:08 PM",3.639,85.8,100,0,2025-09-27T23:41:08.000Z
"9/27/2025, 7:44:08 PM",3.639,85.6,100,0,2025-09-27T23:44:08.000Z
"9/27/2025, 7:47:08 PM",3.64,85.5,100,0,2025-09-27T23:47:08.000Z
"9/27/2025, 7:50:08 PM",3.639,85.3,100,0,2025-09-27T23:50:08.000Z
"9/27/2025, 7:53:08 PM",3.639,85.1,100,0,2025-09-27T23:53:08.000Z
"9/27/2025, 7:56:08 PM",3.639,84.9,100,0,2025-09-27T23:56:08.000Z
"9/27/2025, 7:59:08 PM",3.639,84.7,100,0,2025-09-27T23:59:08.000Z
"9/27/2025, 8:02:08 PM",3.639,84.6,100,0,2025-09-28T00:02:08.000Z
"9/27/2025, 8:05:08 PM",3.639,84.4,100,0,2025-09-28T00:05:08.000Z
"9/27/2025, 8:08:08 PM",3.639,84.2,100,0,2025-09-28T00:08:08.000Z
"9/27/2025, 8:11:08 PM",3.64,84,100,0,2025-09-28T00:11:08.000Z
"9/27/2025, 8:14:08 PM",3.639,84,100,0,2025-09-28T00:14:08.000Z
"9/27/2025, 8:17:08 PM",3.639,83.8,100,0,2025-09-28T00:17:08.000Z
"9/27/2025, 8:20:08 PM",3.639,83.7,100,0,2025-09-28T00:20:08.000Z
"9/27/2025, 8:23:08 PM",3.639,83.7,100,0,2025-09-28T00:23:08.000Z
"9/27/2025, 8:26:08 PM",3.64,83.5,100,0,2025-09-28T00:26:08.000Z
"9/27/2025, 8:29:08 PM",3.64,83.3,100,0,2025-09-28T00:29:08.000Z
"9/27/2025, 8:32:08 PM",3.64,83.1,100,0,2025-09-28T00:32:08.000Z
"9/27/2025, 8:35:08 PM",3.639,83.1,100,0,2025-09-28T00:35:08.000Z
"9/27/2025, 8:38:08 PM",3.639,82.9,100,0,2025-09-28T00:38:08.000Z
"9/27/2025, 8:41:08 PM",3.64,82.9,100,0,2025-09-28T00:41:08.000Z
"9/27/2025, 8:44:08 PM",3.64,82.8,100,0,2025-09-28T00:44:08.000Z
"9/27/2025, 8:47:08 PM",3.639,82.6,100,0,2025-09-28T00:47:08.000Z
"9/27/2025, 8:50:08 PM",3.64,82.6,100,0,2025-09-28T00:50:08.000Z
"9/27/2025, 8:53:08 PM",3.64,82.4,100,0,2025-09-28T00:53:08.000Z
"9/27/2025, 8:56:08 PM",3.64,82.4,100,0,2025-09-28T00:56:08.000Z
"9/27/2025, 8:59:08 PM",3.64,82.2,100,0,2025-09-28T00:59:08.000Z
"9/27/2025, 9:02:08 PM",3.64,82.2,100,0,2025-09-28T01:02:08.000Z
"9/27/2025, 9:05:08 PM",3.64,82,100,0,2025-09-28T01:05:08.000Z
"9/27/2025, 9:08:08 PM",3.64,82,100,0,2025-09-28T01:08:08.000Z
"9/27/2025, 9:11:08 PM",3.64,81.9,100,0,2025-09-28T01:11:08.000Z
"9/27/2025, 9:14:08 PM",3.639,81.9,100,0,2025-09-28T01:14:08.000Z
"9/27/2025, 9:17:08 PM",3.64,81.7,100,0,2025-09-28T01:17:08.000Z
"9/27/2025, 9:20:08 PM",3.64,81.7,100,0,2025-09-28T01:20:08.000Z
"9/27/2025, 9:23:08 PM",3.64,81.7,100,0,2025-09-28T01:23:08.000Z
"9/27/2025, 9:26:08 PM",3.64,81.5,100,0,2025-09-28T01:26:08.000Z
"9/27/2025, 9:29:08 PM",3.64,81.5,100,0,2025-09-28T01:29:08.000Z
"9/27/2025, 9:32:08 PM",3.64,81.5,100,0,2025-09-28T01:32:08.000Z
"9/27/2025, 9:35:08 PM",3.64,81.3,100,0,2025-09-28T01:35:08.000Z
"9/27/2025, 9:38:08 PM",3.64,81.3,100,0,2025-09-28T01:38:08.000Z
"9/27/2025, 9:41:08 PM",3.64,81.1,100,0,2025-09-28T01:41:08.000Z
"9/27/2025, 9:44:08 PM",3.64,81.1,100,0,2025-09-28T01:44:08.000Z
"9/27/2025, 9:47:08 PM",3.64,81.1,100,0,2025-09-28T01:47:08.000Z
"9/27/2025, 9:50:08 PM",3.64,81.1,100,0,2025-09-28T01:50:08.000Z
"9/27/2025, 9:53:08 PM",3.639,81,100,0,2025-09-28T01:53:08.000Z
"9/27/2025, 9:56:08 PM",3.639,81,100,0,2025-09-28T01:56:08.000Z
"9/27/2025, 9:59:08 PM",3.64,80.8,100,0,2025-09-28T01:59:08.000Z
"9/27/2025, 10:02:08 PM",3.64,80.8,100,0,2025-09-28T02:02:08.000Z
"9/27/2025, 10:05:08 PM",3.639,80.8,100,0,2025-09-28T02:05:08.000Z
"9/27/2025, 10:08:08 PM",3.64,80.8,100,0,2025-09-28T02:08:08.000Z
"9/27/2025, 10:11:08 PM",3.639,80.6,100,0,2025-09-28T02:11:08.000Z
"9/27/2025, 10:14:08 PM",3.64,80.6,100,0,2025-09-28T02:14:08.000Z
"9/27/2025, 10:17:08 PM",3.64,80.6,100,0,2025-09-28T02:17:08.000Z
"9/27/2025, 10:20:08 PM",3.64,80.6,100,0,2025-09-28T02:20:08.000Z
"9/27/2025, 10:23:08 PM",3.639,80.6,100,0,2025-09-28T02:23:08.000Z
"9/27/2025, 10:26:08 PM",3.64,80.4,100,0,2025-09-28T02:26:08.000Z
"9/27/2025, 10:29:08 PM",3.64,80.4,100,0,2025-09-28T02:29:08.000Z
"9/27/2025, 10:32:08 PM",3.639,80.4,100,0,2025-09-28T02:32:08.000Z
"9/27/2025, 10:35:08 PM",3.64,80.4,100,0,2025-09-28T02:35:08.000Z
"9/27/2025, 10:38:08 PM",3.639,80.4,100,0,2025-09-28T02:38:08.000Z
"9/27/2025, 10:41:08 PM",3.64,80.2,100,0,2025-09-28T02:41:08.000Z
"9/27/2025, 10:44:08 PM",3.64,80.2,100,0,2025-09-28T02:44:08.000Z
"9/27/2025, 10:47:08 PM",3.64,80.2,100,0,2025-09-28T02:47:08.000Z
"9/27/2025, 10:50:08 PM",3.64,80.2,100,0,2025-09-28T02:50:08.000Z
"9/27/2025, 10:53:08 PM",3.64,80.1,100,0,2025-09-28T02:53:08.000Z
"9/27/2025, 10:56:08 PM",3.64,80.1,100,0,2025-09-28T02:56:08.000Z
"9/27/2025, 10:59:08 PM",3.64,80.1,100,0,2025-09-28T02:59:08.000Z
"9/27/2025, 11:02:08 PM",3.64,80.1,100,0,2025-09-28T03:02:08.000Z
"9/27/2025, 11:05:08 PM",3.64,80.1,100,0,2025-09-28T03:05:08.000Z
"9/27/2025, 11:08:08 PM",3.639,80.1,100,0,2025-09-28T03:08:08.000Z
"9/27/2025, 11:11:08 PM",3.64,80.1,100,0,2025-09-28T03:11:08.000Z
"9/27/2025, 11:14:08 PM",3.64,80.1,100,0,2025-09-28T03:14:08.000Z
"9/27/2025, 11:17:08 PM",3.639,80.1,100,0,2025-09-28T03:17:08.000Z
"9/27/2025, 11:20:08 PM",3.64,79.9,100,0,2025-09-28T03:20:08.000Z
"9/27/2025, 11:23:08 PM",3.64,79.9,100,0,2025-09-28T03:23:08.000Z
"9/27/2025, 11:26:08 PM",3.64,79.9,100,0,2025-09-28T03:26:08.000Z
"9/27/2025, 11:29:08 PM",3.64,79.9,100,0,2025-09-28T03:29:08.000Z
"9/27/2025, 11:32:08 PM",3.639,79.9,100,0,2025-09-28T03:32:08.000Z
"9/27/2025, 11:35:08 PM",3.639,79.9,100,0,2025-09-28T03:35:08.000Z
"9/27/2025, 11:38:08 PM",3.639,79.9,100,0,2025-09-28T03:38:08.000Z
"9/27/2025, 11:41:08 PM",3.64,79.9,100,0,2025-09-28T03:41:08.000Z
"9/27/2025, 11:44:08 PM",3.64,79.9,100,0,2025-09-28T03:44:08.000Z
"9/27/2025, 11:47:08 PM",3.64,79.9,100,0,2025-09-28T03:47:08.000Z
"9/27/2025, 11:50:08 PM",3.639,79.9,100,0,2025-09-28T03:50:08.000Z
"9/27/2025, 11:53:08 PM",3.64,79.9,100,0,2025-09-28T03:53:08.000Z
"9/27/2025, 11:56:08 PM",3.64,79.9,100,0,2025-09-28T03:56:08.000Z
"9/27/2025, 11:59:08 PM",3.639,79.9,100,0,2025-09-28T03:59:08.000Z
"9/28/2025, 12:02:08 AM",3.639,79.9,100,0,2025-09-28T04:02:08.000Z
"9/28/2025, 12:05:08 AM",3.64,79.9,100,0,2025-09-28T04:05:08.000Z
"9/28/2025, 12:08:08 AM",3.64,79.9,100,0,2025-09-28T04:08:08.000Z
"9/28/2025, 12:11:08 AM",3.64,79.9,100,0,2025-09-28T04:11:08.000Z
"9/28/2025, 12:14:08 AM",3.64,79.9,100,0,2025-09-28T04:14:08.000Z
"9/28/2025, 12:17:08 AM",3.64,79.9,100,0,2025-09-28T04:17:08.000Z
"9/28/2025, 12:20:08 AM",3.64,79.9,100,0,2025-09-28T04:20:08.000Z
"9/28/2025, 12:23:08 AM",3.639,79.9,100,0,2025-09-28T04:23:08.000Z
"9/28/2025, 12:26:08 AM",3.639,79.9,100,0,2025-09-28T04:26:08.000Z
"9/28/2025, 12:29:08 AM",3.639,79.9,100,0,2025-09-28T04:29:08.000Z
"9/28/2025, 12:32:08 AM",3.64,79.9,100,0,2025-09-28T04:32:08.000Z
"9/28/2025, 12:35:08 AM",3.639,79.9,100,0,2025-09-28T04:35:08.000Z
"9/28/2025, 12:38:08 AM",3.639,79.7,100,0,2025-09-28T04:38:08.000Z
"9/28/2025, 12:41:08 AM",3.639,79.7,100,0,2025-09-28T04:41:08.000Z
"9/28/2025, 12:44:08 AM",3.639,79.7,100,0,2025-09-28T04:44:08.000Z
"9/28/2025, 12:47:08 AM",3.639,79.5,100,0,2025-09-28T04:47:08.000Z
"9/28/2025, 12:50:08 AM",3.639,79.5,100,0,2025-09-28T04:50:08.000Z
"9/28/2025, 12:53:08 AM",3.639,79.5,100,0,2025-09-28T04:53:08.000Z
"9/28/2025, 12:56:08 AM",3.639,79.3,100,0,2025-09-28T04:56:08.000Z
"9/28/2025, 12:59:08 AM",3.639,79.3,100,0,2025-09-28T04:59:08.000Z
"9/28/2025, 1:02:08 AM",3.64,79.3,100,0,2025-09-28T05:02:08.000Z
"9/28/2025, 1:05:08 AM",3.64,79.2,100,0,2025-09-28T05:05:08.000Z
"9/28/2025, 1:08:08 AM",3.639,79.2,100,0,2025-09-28T05:08:08.000Z
"9/28/2025, 1:11:08 AM",3.64,79.2,100,0,2025-09-28T05:11:08.000Z
"9/28/2025, 1:14:08 AM",3.64,79,100,0,2025-09-28T05:14:08.000Z
"9/28/2025, 1:17:08 AM",3.639,79,100,0,2025-09-28T05:17:08.000Z
"9/28/2025, 1:20:08 AM",3.64,79,100,0,2025-09-28T05:20:08.000Z
"9/28/2025, 1:23:08 AM",3.639,79,100,0,2025-09-28T05:23:08.000Z
"9/28/2025, 1:26:08 AM",3.64,78.8,100,0,2025-09-28T05:26:08.000Z
"9/28/2025, 1:29:08 AM",3.639,78.8,100,0,2025-09-28T05:29:08.000Z
"9/28/2025, 1:32:08 AM",3.639,78.6,100,0,2025-09-28T05:32:08.000Z
"9/28/2025, 1:35:08 AM",3.639,78.6,100,0,2025-09-28T05:35:08.000Z
"9/28/2025, 1:38:08 AM",3.64,78.4,100,0,2025-09-28T05:38:08.000Z
"9/28/2025, 1:41:08 AM",3.64,78.4,100,0,2025-09-28T05:41:08.000Z
"9/28/2025, 1:44:08 AM",3.639,78.3,100,0,2025-09-28T05:44:08.000Z
"9/28/2025, 1:47:08 AM",3.64,78.3,100,0,2025-09-28T05:47:08.000Z
"9/28/2025, 1:50:08 AM",3.639,78.1,100,0,2025-09-28T05:50:08.000Z
"9/28/2025, 1:53:08 AM",3.639,78.1,100,0,2025-09-28T05:53:08.000Z
"9/28/2025, 1:56:08 AM",3.64,77.9,100,0,2025-09-28T05:56:08.000Z
"9/28/2025, 1:59:08 AM",3.639,77.9,100,0,2025-09-28T05:59:08.000Z
"9/28/2025, 2:02:08 AM",3.639,77.9,100,0,2025-09-28T06:02:08.000Z
"9/28/2025, 2:05:08 AM",3.639,77.7,100,0,2025-09-28T06:05:08.000Z
"9/28/2025, 2:08:08 AM",3.64,77.5,100,0,2025-09-28T06:08:08.000Z
"9/28/2025, 2:11:08 AM",3.639,77.5,100,0,2025-09-28T06:11:08.000Z
"9/28/2025, 2:14:08 AM",3.64,77.4,100,0,2025-09-28T06:14:08.000Z
"9/28/2025, 2:17:08 AM",3.639,77.4,100,0,2025-09-28T06:17:08.000Z
"9/28/2025, 2:20:08 AM",3.64,77.2,100,0,2025-09-28T06:20:08.000Z
"9/28/2025, 2:23:08 AM",3.64,77.2,100,0,2025-09-28T06:23:08.000Z
"9/28/2025, 2:26:08 AM",3.64,77,100,0,2025-09-28T06:26:08.000Z
"9/28/2025, 2:29:08 AM",3.639,77,100,0,2025-09-28T06:29:08.000Z
"9/28/2025, 2:32:08 AM",3.639,76.8,100,0,2025-09-28T06:32:08.000Z
"9/28/2025, 2:35:08 AM",3.64,76.8,100,0,2025-09-28T06:35:08.000Z
"9/28/2025, 2:38:08 AM",3.639,76.6,100,0,2025-09-28T06:38:08.000Z
"9/28/2025, 2:41:08 AM",3.639,76.6,100,0,2025-09-28T06:41:08.000Z
"9/28/2025, 2:44:08 AM",3.639,76.5,100,0,2025-09-28T06:44:08.000Z
"9/28/2025, 2:47:08 AM",3.639,76.3,100,0,2025-09-28T06:47:08.000Z
"9/28/2025, 2:50:08 AM",3.64,76.3,100,0,2025-09-28T06:50:08.000Z
"9/28/2025, 2:53:08 AM",3.64,76.1,100,0,2025-09-28T06:53:08.000Z
"9/28/2025, 2:56:08 AM",3.639,76.1,100,0,2025-09-28T06:56:08.000Z
"9/28/2025, 2:59:08 AM",3.64,76.1,100,0,2025-09-28T06:59:08.000Z
"9/28/2025, 3:02:08 AM",3.64,75.9,100,0,2025-09-28T07:02:08.000Z
"9/28/2025, 3:05:08 AM",3.639,76.1,100,0,2025-09-28T07:05:08.000Z
"9/28/2025, 3:08:08 AM",3.639,76.1,100,0,2025-09-28T07:08:08.000Z
"9/28/2025, 3:11:08 AM",3.64,76.1,100,0,2025-09-28T07:11:08.000Z
"9/28/2025, 3:14:08 AM",3.639,76.1,100,0,2025-09-28T07:14:08.000Z
"9/28/2025, 3:17:08 AM",3.639,76.3,100,0,2025-09-28T07:17:08.000Z
"9/28/2025, 3:20:08 AM",3.639,76.5,100,0,2025-09-28T07:20:08.000Z
"9/28/2025, 3:23:08 AM",3.64,76.5,100,0,2025-09-28T07:23:08.000Z
"9/28/2025, 3:26:08 AM",3.639,76.6,100,0,2025-09-28T07:26:08.000Z
"9/28/2025, 3:29:08 AM",3.64,76.6,100,0,2025-09-28T07:29:08.000Z
"9/28/2025, 3:32:08 AM",3.64,76.6,100,0,2025-09-28T07:32:08.000Z
"9/28/2025, 3:35:08 AM",3.639,76.8,100,0,2025-09-28T07:35:08.000Z
"9/28/2025, 3:38:08 AM",3.639,76.8,100,0,2025-09-28T07:38:08.000Z
"9/28/2025, 3:41:08 AM",3.64,76.8,100,0,2025-09-28T07:41:08.000Z
"9/28/2025, 3:44:08 AM",3.639,76.8,100,0,2025-09-28T07:44:08.000Z
"9/28/2025, 3:47:08 AM",3.639,76.8,100,0,2025-09-28T07:47:08.000Z
"9/28/2025, 3:50:08 AM",3.64,76.8,100,0,2025-09-28T07:50:08.000Z
"9/28/2025, 3:53:08 AM",3.64,76.8,100,0,2025-09-28T07:53:08.000Z
"9/28/2025, 3:56:08 AM",3.639,76.8,100,0,2025-09-28T07:56:08.000Z
"9/28/2025, 3:59:08 AM",3.64,76.8,100,0,2025-09-28T07:59:08.000Z
"9/28/2025, 4:02:08 AM",3.639,76.8,100,0,2025-09-28T08:02:08.000Z
"9/28/2025, 4:05:08 AM",3.639,76.8,100,0,2025-09-28T08:05:08.000Z
"9/28/2025, 4:08:08 AM",3.64,76.8,100,0,2025-09-28T08:08:08.000Z
"9/28/2025, 4:11:08 AM",3.639,76.8,100,0,2025-09-28T08:11:08.000Z
"9/28/2025, 4:14:08 AM",3.64,76.8,100,0,2025-09-28T08:14:08.000Z
"9/28/2025, 4:17:08 AM",3.64,76.8,100,0,2025-09-28T08:17:08.000Z
"9/28/2025, 4:20:08 AM",3.64,77,100,0,2025-09-28T08:20:08.000Z
"9/28/2025, 4:23:08 AM",3.64,76.8,100,0,2025-09-28T08:23:08.000Z
"9/28/2025, 4:26:08 AM",3.639,76.8,100,0,2025-09-28T08:26:08.000Z
"9/28/2025, 4:29:08 AM",3.639,76.8,100,0,2025-09-28T08:29:08.000Z
"9/28/2025, 4:32:08 AM",3.64,76.8,100,0,2025-09-28T08:32:08.000Z
"9/28/2025, 4:35:08 AM",3.64,76.8,100,0,2025-09-28T08:35:08.000Z
"9/28/2025, 4:38:08 AM",3.64,77,100,0,2025-09-28T08:38:08.000Z
"9/28/2025, 4:41:08 AM",3.64,76.8,100,0,2025-09-28T08:41:08.000Z
"9/28/2025, 4:44:08 AM",3.64,76.8,100,0,2025-09-28T08:44:08.000Z
"9/28/2025, 4:47:08 AM",3.64,76.8,100,0,2025-09-28T08:47:08.000Z
"9/28/2025, 4:50:08 AM",3.639,76.8,100,0,2025-09-28T08:50:08.000Z
"9/28/2025, 4:53:08 AM",3.639,76.8,100,0,2025-09-28T08:53:08.000Z
"9/28/2025, 4:56:08 AM",3.64,76.8,100,0,2025-09-28T08:56:08.000Z
"9/28/2025, 4:59:08 AM",3.64,76.8,100,0,2025-09-28T08:59:08.000Z
"9/28/2025, 5:02:08 AM",3.639,76.8,100,0,2025-09-28T09:02:08.000Z
"9/28/2025, 5:05:08 AM",3.64,76.6,100,0,2025-09-28T09:05:08.000Z
"9/28/2025, 5:08:08 AM",3.64,76.6,100,0,2025-09-28T09:08:08.000Z
"9/28/2025, 5:11:08 AM",3.639,76.6,100,0,2025-09-28T09:11:08.000Z
"9/28/2025, 5:14:08 AM",3.64,76.6,100,0,2025-09-28T09:14:08.000Z
"9/28/2025, 5:17:08 AM",3.639,76.6,100,0,2025-09-28T09:17:08.000Z
"9/28/2025, 5:20:08 AM",3.639,76.6,100,0,2025-09-28T09:20:08.000Z
"9/28/2025, 5:23:08 AM",3.639,76.6,100,0,2025-09-28T09:23:08.000Z
"9/28/2025, 5:26:08 AM",3.639,76.8,100,0,2025-09-28T09:26:08.000Z
"9/28/2025, 5:29:08 AM",3.639,76.8,100,0,2025-09-28T09:29:08.000Z
"9/28/2025, 5:32:08 AM",3.64,76.6,100,0,2025-09-28T09:32:08.000Z
"9/28/2025, 5:35:08 AM",3.64,76.6,100,0,2025-09-28T09:35:08.000Z
"9/28/2025, 5:38:08 AM",3.639,76.6,100,0,2025-09-28T09:38:08.000Z
"9/28/2025, 5:41:08 AM",3.639,76.6,100,0,2025-09-28T09:41:08.000Z
"9/28/2025, 5:44:08 AM",3.64,76.6,100,0,2025-09-28T09:44:08.000Z
"9/28/2025, 5:47:08 AM",3.64,76.6,100,0,2025-09-28T09:47:08.000Z
"9/28/2025, 5:50:08 AM",3.639,76.6,100,0,2025-09-28T09:50:08.000Z
"9/28/2025, 5:53:08 AM",3.64,76.6,100,0,2025-09-28T09:53:08.000Z
"9/28/2025, 5:56:08 AM",3.639,76.6,100,0,2025-09-28T09:56:08.000Z
"9/28/2025, 5:59:08 AM",3.639,76.6,100,0,2025-09-28T09:59:08.000Z
"9/28/2025, 6:02:08 AM",3.64,76.5,100,0,2025-09-28T10:02:08.000Z
"9/28/2025, 6:05:08 AM",3.639,76.5,100,0,2025-09-28T10:05:08.000Z
"9/28/2025, 6:08:08 AM",3.639,76.5,100,0,2025-09-28T10:08:08.000Z
"9/28/2025, 6:11:08 AM",3.639,76.5,100,0,2025-09-28T10:11:08.000Z
"9/28/2025, 6:14:08 AM",3.639,76.5,100,0,2025-09-28T10:14:08.000Z
"9/28/2025, 6:17:08 AM",3.639,76.5,100,0,2025-09-28T10:17:08.000Z
"9/28/2025, 6:20:08 AM",3.639,76.3,100,0,2025-09-28T10:20:08.000Z
"9/28/2025, 6:23:08 AM",3.639,76.3,100,0,2025-09-28T10:23:08.000Z
"9/28/2025, 6:26:08 AM",3.639,76.3,100,0,2025-09-28T10:26:08.000Z
"9/28/2025, 6:29:08 AM",3.639,76.3,100,0,2025-09-28T10:29:08.000Z
"9/28/2025, 6:32:08 AM",3.639,76.3,100,0,2025-09-28T10:32:08.000Z
"9/28/2025, 6:35:08 AM",3.639,76.3,100,0,2025-09-28T10:35:08.000Z
"9/28/2025, 6:38:08 AM",3.639,76.3,100,0,2025-09-28T10:38:08.000Z
"9/28/2025, 6:41:08 AM",3.639,76.1,100,0,2025-09-28T10:41:08.000Z
"9/28/2025, 6:44:08 AM",3.639,76.1,100,0,2025-09-28T10:44:08.000Z
"9/28/2025, 6:47:08 AM",3.639,76.1,100,0,2025-09-28T10:47:08.000Z
"9/28/2025, 6:50:08 AM",3.639,76.1,100,0,2025-09-28T10:50:08.000Z
"9/28/2025, 6:53:08 AM",3.639,76.1,100,0,2025-09-28T10:53:08.000Z
"9/28/2025, 6:56:08 AM",3.639,75.9,100,0,2025-09-28T10:56:08.000Z
"9/28/2025, 6:59:08 AM",3.639,75.9,100,0,2025-09-28T10:59:08.000Z
"9/28/2025, 7:02:08 AM",3.639,75.9,100,0,2025-09-28T11:02:08.000Z
"9/28/2025, 7:05:08 AM",3.639,75.9,100,0,2025-09-28T11:05:08.000Z
"9/28/2025, 7:08:08 AM",3.639,75.9,100,0,2025-09-28T11:08:08.000Z
"9/28/2025, 7:11:08 AM",3.639,75.7,100,0,2025-09-28T11:11:08.000Z
"9/28/2025, 7:14:08 AM",3.639,75.7,100,0,2025-09-28T11:14:08.000Z
"9/28/2025, 7:17:08 AM",3.639,75.7,100,0,2025-09-28T11:17:08.000Z
"9/28/2025, 7:20:08 AM",3.639,75.7,100,0,2025-09-28T11:20:08.000Z
"9/28/2025, 7:23:08 AM",3.639,75.7,100,0,2025-09-28T11:23:08.000Z
"9/28/2025, 7:26:08 AM",3.639,75.7,100,0,2025-09-28T11:26:08.000Z
"9/28/2025, 7:29:08 AM",3.639,75.7,100,0,2025-09-28T11:29:08.000Z
"9/28/2025, 7:32:08 AM",3.639,75.7,100,0,2025-09-28T11:32:08.000Z
"9/28/2025, 7:35:08 AM",3.639,75.7,100,0,2025-09-28T11:35:08.000Z
"9/28/2025, 7:38:08 AM",3.639,75.7,100,0,2025-09-28T11:38:08.000Z
"9/28/2025, 7:41:08 AM",3.639,75.7,100,0,2025-09-28T11:41:08.000Z
"9/28/2025, 7:44:08 AM",3.639,75.7,100,0,2025-09-28T11:44:08.000Z
"9/28/2025, 7:47:08 AM",3.639,75.7,100,0,2025-09-28T11:47:08.000Z
"9/28/2025, 7:50:08 AM",3.639,75.7,100,0,2025-09-28T11:50:08.000Z
"9/28/2025, 7:53:08 AM",3.639,75.7,100,0,2025-09-28T11:53:08.000Z
"9/28/2025, 7:56:08 AM",3.639,75.9,100,0,2025-09-28T11:56:08.000Z
"9/28/2025, 7:59:08 AM",3.639,75.9,100,0,2025-09-28T11:59:08.000Z
"9/28/2025, 8:02:08 AM",3.639,75.9,100,0,2025-09-28T12:02:08.000Z
"9/28/2025, 8:05:08 AM",3.639,75.9,100,0,2025-09-28T12:05:08.000Z
"9/28/2025, 8:08:08 AM",3.639,76.1,100,0,2025-09-28T12:08:08.000Z
"9/28/2025, 8:11:08 AM",3.639,76.1,100,0,2025-09-28T12:11:08.000Z
"9/28/2025, 8:14:08 AM",3.639,76.3,100,0,2025-09-28T12:14:08.000Z
"9/28/2025, 8:17:08 AM",3.639,76.3,100,0,2025-09-28T12:17:08.000Z
"9/28/2025, 8:20:08 AM",3.639,76.5,100,0,2025-09-28T12:20:08.000Z
"9/28/2025, 8:23:08 AM",3.639,76.5,100,0,2025-09-28T12:23:08.000Z
"9/28/2025, 8:26:08 AM",3.639,76.6,100,0,2025-09-28T12:26:08.000Z
"9/28/2025, 8:29:08 AM",3.639,76.8,100,0,2025-09-28T12:29:08.000Z
"9/28/2025, 8:32:08 AM",3.639,76.8,100,0,2025-09-28T12:32:08.000Z
"9/28/2025, 8:35:08 AM",3.639,77,100,0,2025-09-28T12:35:08.000Z
"9/28/2025, 8:38:08 AM",3.639,77.2,100,0,2025-09-28T12:38:08.000Z
"9/28/2025, 8:41:08 AM",3.639,77.4,100,0,2025-09-28T12:41:08.000Z
"9/28/2025, 8:44:08 AM",3.639,77.5,100,0,2025-09-28T12:44:08.000Z
"9/28/2025, 8:47:08 AM",3.639,77.5,100,0,2025-09-28T12:47:08.000Z
"9/28/2025, 8:50:08 AM",3.639,77.9,100,0,2025-09-28T12:50:08.000Z
"9/28/2025, 8:53:08 AM",3.639,77.9,100,0,2025-09-28T12:53:08.000Z
"9/28/2025, 8:56:08 AM",3.639,78.3,100,0,2025-09-28T12:56:08.000Z
"9/28/2025, 8:59:08 AM",3.639,78.4,100,0,2025-09-28T12:59:08.000Z
"9/28/2025, 9:02:08 AM",3.639,78.6,100,0,2025-09-28T13:02:08.000Z
"9/28/2025, 9:05:08 AM",3.639,79,100,0,2025-09-28T13:05:08.000Z
"9/28/2025, 9:08:08 AM",3.639,79,100,0,2025-09-28T13:08:08.000Z
"9/28/2025, 9:11:08 AM",3.639,79.3,100,0,2025-09-28T13:11:08.000Z
"9/28/2025, 9:14:08 AM",3.639,79.5,100,0,2025-09-28T13:14:08.000Z
"9/28/2025, 9:17:08 AM",3.639,79.7,100,0,2025-09-28T13:17:08.000Z
"9/28/2025, 9:20:08 AM",3.639,80.1,100,0,2025-09-28T13:20:08.000Z
"9/28/2025, 9:23:08 AM",3.638,80.4,100,0,2025-09-28T13:23:08.000Z
"9/28/2025, 9:26:08 AM",3.638,80.6,100,0,2025-09-28T13:26:08.000Z
"9/28/2025, 9:29:08 AM",3.639,81,100,0,2025-09-28T13:29:08.000Z
"9/28/2025, 9:32:08 AM",3.639,81.1,100,0,2025-09-28T13:32:08.000Z
"9/28/2025, 9:35:08 AM",3.639,81.5,100,0,2025-09-28T13:35:08.000Z
"9/28/2025, 9:38:08 AM",3.639,81.9,100,0,2025-09-28T13:38:08.000Z
"9/28/2025, 9:41:08 AM",3.638,82.2,100,0,2025-09-28T13:41:08.000Z
"9/28/2025, 9:44:08 AM",3.639,82.4,100,0,2025-09-28T13:44:08.000Z
"9/28/2025, 9:47:08 AM",3.638,82.8,100,0,2025-09-28T13:47:08.000Z
"9/28/2025, 9:50:08 AM",3.638,83.1,100,0,2025-09-28T13:50:08.000Z
"9/28/2025, 9:53:08 AM",3.638,83.5,100,0,2025-09-28T13:53:08.000Z
"9/28/2025, 9:56:08 AM",3.639,83.8,100,0,2025-09-28T13:56:08.000Z
"9/28/2025, 9:59:08 AM",3.638,84,100,0,2025-09-28T13:59:08.000Z
"9/28/2025, 10:02:08 AM",3.638,84.6,100,0,2025-09-28T14:02:08.000Z
"9/28/2025, 10:05:08 AM",3.639,84.9,100,0,2025-09-28T14:05:08.000Z
"9/28/2025, 10:08:08 AM",3.639,85.3,100,0,2025-09-28T14:08:08.000Z
"9/28/2025, 10:11:08 AM",3.639,85.6,100,0,2025-09-28T14:11:08.000Z
"9/28/2025, 10:14:08 AM",3.638,86,100,0,2025-09-28T14:14:08.000Z
"9/28/2025, 10:17:08 AM",3.638,86.4,100,0,2025-09-28T14:17:08.000Z
"9/28/2025, 10:20:08 AM",3.638,86.7,100,0,2025-09-28T14:20:08.000Z
"9/28/2025, 10:23:08 AM",3.638,87.1,100,0,2025-09-28T14:23:08.000Z
"9/28/2025, 10:26:08 AM",3.639,87.3,100,0,2025-09-28T14:26:08.000Z
"9/28/2025, 10:29:08 AM",3.638,87.6,100,0,2025-09-28T14:29:08.000Z
"9/28/2025, 10:32:08 AM",3.639,88,100,0,2025-09-28T14:32:08.000Z
"9/28/2025, 10:35:08 AM",3.638,88.3,100,0,2025-09-28T14:35:08.000Z
"9/28/2025, 10:38:08 AM",3.638,88.7,100,0,2025-09-28T14:38:08.000Z
"9/28/2025, 10:41:08 AM",3.638,88.9,100,0,2025-09-28T14:41:08.000Z
"9/28/2025, 10:44:08 AM",3.638,89.2,100,0,2025-09-28T14:44:08.000Z
"9/28/2025, 10:47:08 AM",3.638,89.6,100,0,2025-09-28T14:47:08.000Z
"9/28/2025, 10:50:08 AM",3.638,90,100,0,2025-09-28T14:50:08.000Z
"9/28/2025, 10:53:08 AM",3.638,90.1,100,0,2025-09-28T14:53:08.000Z
"9/28/2025, 10:56:08 AM",3.638,90.5,100,0,2025-09-28T14:56:08.000Z
"9/28/2025, 10:59:08 AM",3.638,90.7,100,0,2025-09-28T14:59:08.000Z
"9/28/2025, 11:02:08 AM",3.638,91,100,0,2025-09-28T15:02:08.000Z
"9/28/2025, 11:05:08 AM",3.638,91.2,100,0,2025-09-28T15:05:08.000Z
"9/28/2025, 11:08:08 AM",3.638,91.4,100,0,2025-09-28T15:08:08.000Z
"9/28/2025, 11:11:08 AM",3.638,91.8,100,0,2025-09-28T15:11:08.000Z
"9/28/2025, 11:14:08 AM",3.638,91.9,100,0,2025-09-28T15:14:08.000Z
"9/28/2025, 11:17:08 AM",3.638,92.1,100,0,2025-09-28T15:17:08.000Z
"9/28/2025, 11:20:08 AM",3.638,92.3,100,0,2025-09-28T15:20:08.000Z
"9/28/2025, 11:23:08 AM",3.638,92.5,100,0,2025-09-28T15:23:08.000Z
"9/28/2025, 11:26:08 AM",3.638,92.7,100,0,2025-09-28T15:26:08.000Z
"9/28/2025, 11:29:08 AM",3.638,92.8,100,0,2025-09-28T15:29:08.000Z
"9/28/2025, 11:32:08 AM",3.638,93,100,0,2025-09-28T15:32:08.000Z
"9/28/2025, 11:35:08 AM",3.638,93,100,0,2025-09-28T15:35:08.000Z
"9/28/2025, 11:38:08 AM",3.638,93.2,100,0,2025-09-28T15:38:08.000Z
"9/28/2025, 11:41:08 AM",3.638,93.4,100,0,2025-09-28T15:41:08.000Z
"9/28/2025, 11:44:08 AM",3.638,93.6,100,0,2025-09-28T15:44:08.000Z
"9/28/2025, 11:47:08 AM",3.638,93.7,100,0,2025-09-28T15:47:08.000Z
"9/28/2025, 11:50:08 AM",3.638,93.9,100,0,2025-09-28T15:50:08.000Z
"9/28/2025, 11:53:08 AM",3.638,94.1,100,0,2025-09-28T15:53:08.000Z
"9/28/2025, 11:56:08 AM",3.638,94.3,100,0,2025-09-28T15:56:08.000Z
"9/28/2025, 11:59:08 AM",3.638,94.5,100,0,2025-09-28T15:59:08.000Z
"9/28/2025, 12:02:08 PM",3.638,94.6,100,0,2025-09-28T16:02:08.000Z
"9/28/2025, 12:05:08 PM",3.638,94.8,100,0,2025-09-28T16:05:08.000Z
"9/28/2025, 12:08:08 PM",3.638,95,100,0,2025-09-28T16:08:08.000Z
"9/28/2025, 12:11:08 PM",3.638,95.4,100,0,2025-09-28T16:11:08.000Z
"9/28/2025, 12:14:08 PM",3.638,95.5,100,0,2025-09-28T16:14:08.000Z
"9/28/2025, 12:17:08 PM",3.638,95.9,100,0,2025-09-28T16:17:08.000Z
"9/28/2025, 12:20:08 PM",3.638,96.1,100,0,2025-09-28T16:20:08.000Z
"9/28/2025, 12:23:08 PM",3.638,96.3,100,0,2025-09-28T16:23:08.000Z
"9/28/2025, 12:26:08 PM",3.638,96.6,100,0,2025-09-28T16:26:08.000Z
"9/28/2025, 12:29:08 PM",3.638,97,100,0,2025-09-28T16:29:08.000Z
"9/28/2025, 12:32:08 PM",3.638,97.2,100,0,2025-09-28T16:32:08.000Z
"9/28/2025, 12:35:08 PM",3.638,97.5,100,0,2025-09-28T16:35:08.000Z
"9/28/2025, 12:38:08 PM",3.638,97.7,100,0,2025-09-28T16:38:08.000Z
"9/28/2025, 12:41:08 PM",3.638,98.1,100,0,2025-09-28T16:41:08.000Z
"9/28/2025, 12:44:08 PM",3.638,98.2,100,0,2025-09-28T16:44:08.000Z
"9/28/2025, 12:47:08 PM",3.638,98.6,100,0,2025-09-28T16:47:08.000Z
"9/28/2025, 12:50:08 PM",3.638,98.8,100,0,2025-09-28T16:50:08.000Z
"9/28/2025, 12:53:08 PM",3.638,99,100,0,2025-09-28T16:53:08.000Z
"9/28/2025, 12:56:08 PM",3.638,99.3,100,0,2025-09-28T16:56:08.000Z
"9/28/2025, 12:59:08 PM",3.637,99.5,100,0,2025-09-28T16:59:08.000Z
"9/28/2025, 1:02:08 PM",3.638,99.9,100,0,2025-09-28T17:02:08.000Z
"9/28/2025, 1:05:08 PM",3.638,99.9,100,0,2025-09-28T17:05:08.000Z
"9/28/2025, 1:08:08 PM",3.638,100,100,0,2025-09-28T17:08:08.000Z
"9/28/2025, 1:11:08 PM",3.638,100.2,100,0,2025-09-28T17:11:08.000Z
"9/28/2025, 1:14:08 PM",3.638,100.4,100,0,2025-09-28T17:14:08.000Z
"9/28/2025, 1:17:08 PM",3.638,100.6,100,0,2025-09-28T17:17:08.000Z
"9/28/2025, 1:20:08 PM",3.638,100.9,100,0,2025-09-28T17:20:08.000Z
"9/28/2025, 1:23:08 PM",3.638,101.1,100,0,2025-09-28T17:23:08.000Z
"9/28/2025, 1:26:08 PM",3.638,101.3,100,0,2025-09-28T17:26:08.000Z
"9/28/2025, 1:29:08 PM",3.638,101.7,100,0,2025-09-28T17:29:08.000Z
"9/28/2025, 1:32:08 PM",3.638,101.8,100,0,2025-09-28T17:32:08.000Z
"9/28/2025, 1:35:08 PM",3.638,102,100,0,2025-09-28T17:35:08.000Z
"9/28/2025, 1:38:08 PM",3.638,102,100,0,2025-09-28T17:38:08.000Z
"9/28/2025, 1:41:08 PM",3.638,102.2,100,0,2025-09-28T17:41:08.000Z
"9/28/2025, 1:44:08 PM",3.638,102.4,100,0,2025-09-28T17:44:08.000Z
"9/28/2025, 1:47:08 PM",3.638,102.4,100,0,2025-09-28T17:47:08.000Z
"9/28/2025, 1:50:08 PM",3.638,102.4,100,0,2025-09-28T17:50:08.000Z
"9/28/2025, 1:53:08 PM",3.638,102.2,100,0,2025-09-28T17:53:08.000Z
"9/28/2025, 1:56:08 PM",3.638,102.2,100,0,2025-09-28T17:56:08.000Z
"9/28/2025, 1:59:08 PM",3.638,102.2,100,0,2025-09-28T17:59:08.000Z
"9/28/2025, 2:02:08 PM",3.638,102.4,100,0,2025-09-28T18:02:08.000Z
"9/28/2025, 2:05:08 PM",3.638,102.4,100,0,2025-09-28T18:05:08.000Z
"9/28/2025, 2:08:08 PM",3.638,102.6,100,0,2025-09-28T18:08:08.000Z
"9/28/2025, 2:11:08 PM",3.638,102.6,100,0,2025-09-28T18:11:08.000Z
"9/28/2025, 2:14:08 PM",3.638,102.7,100,0,2025-09-28T18:14:08.000Z
"9/28/2025, 2:17:08 PM",3.639,102.9,100,0,2025-09-28T18:17:08.000Z
"9/28/2025, 2:20:08 PM",3.639,103.1,100,0,2025-09-28T18:20:08.000Z
"9/28/2025, 2:23:08 PM",3.638,103.3,100,0,2025-09-28T18:23:08.000Z
"9/28/2025, 2:26:08 PM",3.638,103.5,100,0,2025-09-28T18:26:08.000Z
"9/28/2025, 2:29:08 PM",3.639,103.6,100,0,2025-09-28T18:29:08.000Z
"9/28/2025, 2:32:08 PM",3.639,103.8,100,0,2025-09-28T18:32:08.000Z
"9/28/2025, 2:35:08 PM",3.639,103.8,100,0,2025-09-28T18:35:08.000Z
"9/28/2025, 2:38:08 PM",3.638,104,100,0,2025-09-28T18:38:08.000Z
"9/28/2025, 2:41:08 PM",3.638,104,100,0,2025-09-28T18:41:08.000Z
"9/28/2025, 2:44:08 PM",3.639,104.2,100,0,2025-09-28T18:44:08.000Z
"9/28/2025, 2:47:08 PM",3.638,104.2,100,0,2025-09-28T18:47:08.000Z
"9/28/2025, 2:50:08 PM",3.638,104.4,100,0,2025-09-28T18:50:08.000Z
"9/28/2025, 2:53:08 PM",3.638,104.4,100,0,2025-09-28T18:53:08.000Z
"9/28/2025, 2:56:08 PM",3.639,104.5,100,0,2025-09-28T18:56:08.000Z
"9/28/2025, 2:59:08 PM",3.639,104.5,100,0,2025-09-28T18:59:08.000Z
"9/28/2025, 3:02:08 PM",3.639,104.5,100,0,2025-09-28T19:02:08.000Z
"9/28/2025, 3:05:08 PM",3.639,104.7,100,0,2025-09-28T19:05:08.000Z
"9/28/2025, 3:08:08 PM",3.639,104.7,100,0,2025-09-28T19:08:08.000Z
"9/28/2025, 3:11:08 PM",3.639,104.7,100,0,2025-09-28T19:11:08.000Z
"9/28/2025, 3:14:08 PM",3.638,104.7,100,0,2025-09-28T19:14:08.000Z
"9/28/2025, 3:17:08 PM",3.639,104.7,100,0,2025-09-28T19:17:08.000Z
"9/28/2025, 3:20:08 PM",3.639,104.9,100,0,2025-09-28T19:20:08.000Z
"9/28/2025, 3:23:08 PM",3.639,104.9,100,0,2025-09-28T19:23:08.000Z
"9/28/2025, 3:26:08 PM",3.638,104.9,100,0,2025-09-28T19:26:08.000Z
"9/28/2025, 3:29:08 PM",3.638,104.9,100,0,2025-09-28T19:29:08.000Z
"9/28/2025, 3:32:08 PM",3.639,104.7,100,0,2025-09-28T19:32:08.000Z
"9/28/2025, 3:35:08 PM",3.639,104.7,100,0,2025-09-28T19:35:08.000Z
"9/28/2025, 3:38:08 PM",3.639,104.7,100,0,2025-09-28T19:38:08.000Z
"9/28/2025, 3:41:08 PM",3.639,104.7,100,0,2025-09-28T19:41:08.000Z
"9/28/2025, 3:44:08 PM",3.638,104.7,100,0,2025-09-28T19:44:08.000Z
"9/28/2025, 3:47:08 PM",3.639,104.9,100,0,2025-09-28T19:47:08.000Z
"9/28/2025, 3:50:08 PM",3.639,104.9,100,0,2025-09-28T19:50:08.000Z
"9/28/2025, 3:53:08 PM",3.639,104.9,100,0,2025-09-28T19:53:08.000Z
"9/28/2025, 3:56:08 PM",3.639,104.9,100,0,2025-09-28T19:56:08.000Z
"9/28/2025, 3:59:08 PM",3.639,104.9,100,0,2025-09-28T19:59:08.000Z
"9/28/2025, 4:02:08 PM",3.639,105.1,100,0,2025-09-28T20:02:08.000Z
"9/28/2025, 4:05:08 PM",3.639,105.1,100,0,2025-09-28T20:05:08.000Z
"9/28/2025, 4:08:08 PM",3.639,104.9,100,0,2025-09-28T20:08:08.000Z
"9/28/2025, 4:11:08 PM",3.639,104.9,100,0,2025-09-28T20:11:08.000Z
"9/28/2025, 4:14:08 PM",3.639,104.9,100,0,2025-09-28T20:14:08.000Z
"9/28/2025, 4:17:08 PM",3.639,104.9,100,0,2025-09-28T20:17:08.000Z
"9/28/2025, 4:20:08 PM",3.639,104.9,100,0,2025-09-28T20:20:08.000Z
"9/28/2025, 4:23:08 PM",3.639,104.9,100,0,2025-09-28T20:23:08.000Z
"9/28/2025, 4:26:08 PM",3.639,104.9,100,0,2025-09-28T20:26:08.000Z
"9/28/2025, 4:29:08 PM",3.639,104.9,100,0,2025-09-28T20:29:08.000Z
"9/28/2025, 4:32:08 PM",3.639,104.9,100,0,2025-09-28T20:32:08.000Z
"9/28/2025, 4:35:08 PM",3.639,104.9,100,0,2025-09-28T20:35:08.000Z
"9/28/2025, 4:38:08 PM",3.639,104.9,100,0,2025-09-28T20:38:08.000Z
"9/28/2025, 4:41:08 PM",3.639,104.7,100,0,2025-09-28T20:41:08.000Z
"9/28/2025, 4:44:08 PM",3.639,104.7,100,0,2025-09-28T20:44:08.000Z
"9/28/2025, 4:47:08 PM",3.639,104.7,100,0,2025-09-28T20:47:08.000Z
"9/28/2025, 4:50:08 PM",3.639,104.5,100,0,2025-09-28T20:50:08.000Z
"9/28/2025, 4:53:08 PM",3.639,104.5,100,0,2025-09-28T20:53:08.000Z
"9/28/2025, 4:56:08 PM",3.64,104.4,100,0,2025-09-28T20:56:08.000Z
"9/28/2025, 4:59:08 PM",3.639,104.4,100,0,2025-09-28T20:59:08.000Z
"9/28/2025, 5:02:08 PM",3.639,104,100,0,2025-09-28T21:02:08.000Z
"9/28/2025, 5:05:08 PM",3.639,103.8,100,0,2025-09-28T21:05:08.000Z
"9/28/2025, 5:08:08 PM",3.639,103.8,100,0,2025-09-28T21:08:08.000Z
"9/28/2025, 5:11:08 PM",3.639,103.6,100,0,2025-09-28T21:11:08.000Z
"9/28/2025, 5:14:08 PM",3.639,103.5,100,0,2025-09-28T21:14:08.000Z
"9/28/2025, 5:17:08 PM",3.639,103.3,100,0,2025-09-28T21:17:08.000Z
"9/28/2025, 5:20:08 PM",3.639,103.1,100,0,2025-09-28T21:20:08.000Z
"9/28/2025, 5:23:08 PM",3.639,102.9,100,0,2025-09-28T21:23:08.000Z
"9/28/2025, 5:26:08 PM",3.639,102.7,100,0,2025-09-28T21:26:08.000Z
"9/28/2025, 5:29:08 PM",3.639,102.7,100,0,2025-09-28T21:29:08.000Z
"9/28/2025, 5:32:08 PM",3.639,102.4,100,0,2025-09-28T21:32:08.000Z
"9/28/2025, 5:35:08 PM",3.639,102.2,100,0,2025-09-28T21:35:08.000Z
"9/28/2025, 5:38:08 PM",3.639,101.8,100,0,2025-09-28T21:38:08.000Z
"9/28/2025, 5:41:08 PM",3.639,101.7,100,0,2025-09-28T21:41:08.000Z
"9/28/2025, 5:44:08 PM",3.639,101.3,100,0,2025-09-28T21:44:08.000Z
"9/28/2025, 5:47:08 PM",3.639,100.9,100,0,2025-09-28T21:47:08.000Z
"9/28/2025, 5:50:08 PM",3.639,100.6,100,0,2025-09-28T21:50:08.000Z
"9/28/2025, 5:53:08 PM",3.639,100.2,100,0,2025-09-28T21:53:08.000Z
"9/28/2025, 5:56:08 PM",3.639,99.9,100,0,2025-09-28T21:56:08.000Z
"9/28/2025, 5:59:08 PM",3.639,99.5,100,0,2025-09-28T21:59:08.000Z
"9/28/2025, 6:02:08 PM",3.639,99.3,100,0,2025-09-28T22:02:08.000Z
"9/28/2025, 6:05:08 PM",3.639,99,100,0,2025-09-28T22:05:08.000Z
"9/28/2025, 6:08:08 PM",3.639,98.6,100,0,2025-09-28T22:08:08.000Z
"9/28/2025, 6:11:08 PM",3.639,98.2,100,0,2025-09-28T22:11:08.000Z
"9/28/2025, 6:14:08 PM",3.639,98.1,100,0,2025-09-28T22:14:08.000Z
"9/28/2025, 6:17:08 PM",3.639,97.7,100,0,2025-09-28T22:17:08.000Z
"9/28/2025, 6:20:08 PM",3.639,97.3,100,0,2025-09-28T22:20:08.000Z
"9/28/2025, 6:23:08 PM",3.639,97,100,0,2025-09-28T22:23:08.000Z
"9/28/2025, 6:26:08 PM",3.639,96.6,100,0,2025-09-28T22:26:08.000Z
"9/28/2025, 6:29:08 PM",3.64,96.3,100,0,2025-09-28T22:29:08.000Z
"9/28/2025, 6:32:08 PM",3.639,95.9,100,0,2025-09-28T22:32:08.000Z
"9/28/2025, 6:35:08 PM",3.639,95.5,100,0,2025-09-28T22:35:08.000Z
"9/28/2025, 6:38:08 PM",3.64,95.2,100,0,2025-09-28T22:38:08.000Z
"9/28/2025, 6:41:08 PM",3.639,94.8,100,0,2025-09-28T22:41:08.000Z
"9/28/2025, 6:44:08 PM",3.639,94.5,100,0,2025-09-28T22:44:08.000Z
"9/28/2025, 6:47:08 PM",3.639,94.1,100,0,2025-09-28T22:47:08.000Z
"9/28/2025, 6:50:08 PM",3.639,93.7,100,0,2025-09-28T22:50:08.000Z
"9/28/2025, 6:53:08 PM",3.639,93.2,100,0,2025-09-28T22:53:08.000Z
"9/28/2025, 6:56:08 PM",3.639,92.8,100,0,2025-09-28T22:56:08.000Z
"9/28/2025, 6:59:08 PM",3.639,92.5,100,0,2025-09-28T22:59:08.000Z
"9/28/2025, 7:02:08 PM",3.64,92.1,100,0,2025-09-28T23:02:08.000Z
"9/28/2025, 7:05:08 PM",3.639,91.6,100,0,2025-09-28T23:05:08.000Z
"9/28/2025, 7:08:08 PM",3.64,91.2,100,0,2025-09-28T23:08:08.000Z
"9/28/2025, 7:11:08 PM",3.64,90.9,100,0,2025-09-28T23:11:08.000Z
"9/28/2025, 7:14:08 PM",3.64,90.5,100,0,2025-09-28T23:14:08.000Z
"9/28/2025, 7:17:08 PM",3.639,90.1,100,0,2025-09-28T23:17:08.000Z
"9/28/2025, 7:20:08 PM",3.64,90,100,0,2025-09-28T23:20:08.000Z
"9/28/2025, 7:23:08 PM",3.64,89.6,100,0,2025-09-28T23:23:08.000Z
"9/28/2025, 7:26:08 PM",3.64,89.2,100,0,2025-09-28T23:26:08.000Z
"9/28/2025, 7:29:08 PM",3.64,88.9,100,0,2025-09-28T23:29:08.000Z
"9/28/2025, 7:32:08 PM",3.64,88.7,100,0,2025-09-28T23:32:08.000Z
"9/28/2025, 7:35:08 PM",3.64,88.5,100,0,2025-09-28T23:35:08.000Z
"9/28/2025, 7:38:08 PM",3.64,88.2,100,0,2025-09-28T23:38:08.000Z
"9/28/2025, 7:41:08 PM",3.64,87.8,100,0,2025-09-28T23:41:08.000Z
"9/28/2025, 7:44:08 PM",3.64,87.6,100,0,2025-09-28T23:44:08.000Z
"9/28/2025, 7:47:08 PM",3.64,87.3,100,0,2025-09-28T23:47:08.000Z
"9/28/2025, 7:50:08 PM",3.64,87.1,100,0,2025-09-28T23:50:08.000Z
"9/28/2025, 7:53:08 PM",3.64,86.9,100,0,2025-09-28T23:53:08.000Z
"9/28/2025, 7:56:08 PM",3.64,86.7,100,0,2025-09-28T23:56:08.000Z
"9/28/2025, 7:59:08 PM",3.64,86.7,100,0,2025-09-28T23:59:08.000Z
"9/28/2025, 8:02:08 PM",3.64,86.5,100,0,2025-09-29T00:02:08.000Z
"9/28/2025, 8:05:08 PM",3.64,86.4,100,0,2025-09-29T00:05:08.000Z
"9/28/2025, 8:08:08 PM",3.64,86.2,100,0,2025-09-29T00:08:08.000Z
"9/28/2025, 8:11:08 PM",3.64,86,100,0,2025-09-29T00:11:08.000Z
"9/28/2025, 8:14:08 PM",3.64,85.8,100,0,2025-09-29T00:14:08.000Z
"9/28/2025, 8:17:08 PM",3.64,85.6,100,0,2025-09-29T00:17:08.000Z
"9/28/2025, 8:20:08 PM",3.64,85.5,100,0,2025-09-29T00:20:08.000Z
"9/28/2025, 8:23:08 PM",3.64,85.5,100,0,2025-09-29T00:23:08.000Z
"9/28/2025, 8:26:08 PM",3.64,85.3,100,0,2025-09-29T00:26:08.000Z
"9/28/2025, 8:29:08 PM",3.64,85.1,100,0,2025-09-29T00:29:08.000Z
"9/28/2025, 8:32:08 PM",3.64,85.1,100,0,2025-09-29T00:32:08.000Z
"9/28/2025, 8:35:08 PM",3.64,84.9,100,0,2025-09-29T00:35:08.000Z
"9/28/2025, 8:38:08 PM",3.64,84.7,100,0,2025-09-29T00:38:08.000Z
"9/28/2025, 8:41:08 PM",3.64,84.7,100,0,2025-09-29T00:41:08.000Z
"9/28/2025, 8:44:08 PM",3.64,84.6,100,0,2025-09-29T00:44:08.000Z
"9/28/2025, 8:47:08 PM",3.64,84.6,100,0,2025-09-29T00:47:08.000Z
"9/28/2025, 8:50:08 PM",3.64,84.4,100,0,2025-09-29T00:50:08.000Z
"9/28/2025, 8:53:08 PM",3.64,84.2,100,0,2025-09-29T00:53:08.000Z
"9/28/2025, 8:56:08 PM",3.64,84.2,100,0,2025-09-29T00:56:08.000Z
"9/28/2025, 8:59:08 PM",3.64,84,100,0,2025-09-29T00:59:08.000Z
"9/28/2025, 9:02:08 PM",3.641,84,100,0,2025-09-29T01:02:08.000Z
"9/28/2025, 9:05:08 PM",3.64,83.8,100,0,2025-09-29T01:05:08.000Z
"9/28/2025, 9:08:08 PM",3.641,83.8,100,0,2025-09-29T01:08:08.000Z
"9/28/2025, 9:11:08 PM",3.64,83.7,100,0,2025-09-29T01:11:08.000Z
"9/28/2025, 9:14:08 PM",3.64,83.7,100,0,2025-09-29T01:14:08.000Z
"9/28/2025, 9:17:08 PM",3.64,83.5,100,0,2025-09-29T01:17:08.000Z
"9/28/2025, 9:20:08 PM",3.64,83.5,100,0,2025-09-29T01:20:08.000Z
"9/28/2025, 9:23:08 PM",3.64,83.3,100,0,2025-09-29T01:23:08.000Z
"9/28/2025, 9:26:08 PM",3.641,83.3,100,0,2025-09-29T01:26:08.000Z
"9/28/2025, 9:29:08 PM",3.64,83.3,100,0,2025-09-29T01:29:08.000Z
"9/28/2025, 9:32:08 PM",3.64,83.1,100,0,2025-09-29T01:32:08.000Z
"9/28/2025, 9:35:08 PM",3.64,83.1,100,0,2025-09-29T01:35:08.000Z
"9/28/2025, 9:38:08 PM",3.641,83.1,100,0,2025-09-29T01:38:08.000Z
"9/28/2025, 9:41:08 PM",3.64,82.9,100,0,2025-09-29T01:41:08.000Z
"9/28/2025, 9:44:08 PM",3.64,82.9,100,0,2025-09-29T01:44:08.000Z
"9/28/2025, 9:47:08 PM",3.641,82.9,100,0,2025-09-29T01:47:08.000Z
"9/28/2025, 9:50:08 PM",3.64,82.8,100,0,2025-09-29T01:50:08.000Z
"9/28/2025, 9:53:08 PM",3.64,82.8,100,0,2025-09-29T01:53:08.000Z
"9/28/2025, 9:56:08 PM",3.641,82.6,100,0,2025-09-29T01:56:08.000Z
"9/28/2025, 9:59:08 PM",3.64,82.6,100,0,2025-09-29T01:59:08.000Z
"9/28/2025, 10:02:08 PM",3.64,82.6,100,0,2025-09-29T02:02:08.000Z
"9/28/2025, 10:05:08 PM",3.64,82.4,100,0,2025-09-29T02:05:08.000Z
"9/28/2025, 10:08:08 PM",3.64,82.4,100,0,2025-09-29T02:08:08.000Z
"9/28/2025, 10:11:08 PM",3.64,82.4,100,0,2025-09-29T02:11:08.000Z
"9/28/2025, 10:14:08 PM",3.64,82.2,100,0,2025-09-29T02:14:08.000Z
"9/28/2025, 10:17:08 PM",3.64,82.2,100,0,2025-09-29T02:17:08.000Z
"9/28/2025, 10:20:08 PM",3.64,82.2,100,0,2025-09-29T02:20:08.000Z
"9/28/2025, 10:23:08 PM",3.64,82.2,100,0,2025-09-29T02:23:08.000Z
"9/28/2025, 10:26:08 PM",3.64,82,100,0,2025-09-29T02:26:08.000Z
"9/28/2025, 10:29:08 PM",3.64,82,100,0,2025-09-29T02:29:08.000Z
"9/28/2025, 10:32:08 PM",3.64,82,100,0,2025-09-29T02:32:08.000Z
"9/28/2025, 10:35:08 PM",3.64,82,100,0,2025-09-29T02:35:08.000Z
"9/28/2025, 10:38:08 PM",3.64,81.9,100,0,2025-09-29T02:38:08.000Z
"9/28/2025, 10:41:08 PM",3.641,81.9,100,0,2025-09-29T02:41:08.000Z
"9/28/2025, 10:44:08 PM",3.641,81.9,100,0,2025-09-29T02:44:08.000Z
"9/28/2025, 10:47:08 PM",3.64,81.9,100,0,2025-09-29T02:47:08.000Z
"9/28/2025, 10:50:08 PM",3.64,81.7,100,0,2025-09-29T02:50:08.000Z
"9/28/2025, 10:53:08 PM",3.64,81.7,100,0,2025-09-29T02:53:08.000Z
"9/28/2025, 10:56:08 PM",3.64,81.7,100,0,2025-09-29T02:56:08.000Z
"9/28/2025, 10:59:08 PM",3.641,81.5,100,0,2025-09-29T02:59:08.000Z
"9/28/2025, 11:02:08 PM",3.64,81.5,100,0,2025-09-29T03:02:08.000Z
"9/28/2025, 11:05:08 PM",3.641,81.5,100,0,2025-09-29T03:05:08.000Z
"9/28/2025, 11:08:08 PM",3.64,81.5,100,0,2025-09-29T03:08:08.000Z
"9/28/2025, 11:11:08 PM",3.64,81.5,100,0,2025-09-29T03:11:08.000Z
"9/28/2025, 11:14:08 PM",3.64,81.5,100,0,2025-09-29T03:14:08.000Z
"9/28/2025, 11:17:08 PM",3.64,81.5,100,0,2025-09-29T03:17:08.000Z
"9/28/2025, 11:20:08 PM",3.64,81.3,100,0,2025-09-29T03:20:08.000Z
"9/28/2025, 11:23:08 PM",3.64,81.3,100,0,2025-09-29T03:23:08.000Z
"9/28/2025, 11:26:08 PM",3.64,81.3,100,0,2025-09-29T03:26:08.000Z
"9/28/2025, 11:29:08 PM",3.641,81.3,100,0,2025-09-29T03:29:08.000Z
"9/28/2025, 11:32:08 PM",3.641,81.1,100,0,2025-09-29T03:32:08.000Z
"9/28/2025, 11:35:08 PM",3.64,81.1,100,0,2025-09-29T03:35:08.000Z
"9/28/2025, 11:38:08 PM",3.641,81.1,100,0,2025-09-29T03:38:08.000Z
"9/28/2025, 11:41:08 PM",3.641,81.1,100,0,2025-09-29T03:41:08.000Z
"9/28/2025, 11:44:08 PM",3.64,81.1,100,0,2025-09-29T03:44:08.000Z
"9/28/2025, 11:47:08 PM",3.64,81.1,100,0,2025-09-29T03:47:08.000Z
"9/28/2025, 11:50:08 PM",3.641,81.1,100,0,2025-09-29T03:50:08.000Z
"9/28/2025, 11:53:08 PM",3.641,81.3,100,0,2025-09-29T03:53:08.000Z
"9/28/2025, 11:56:08 PM",3.64,81.3,100,0,2025-09-29T03:56:08.000Z
"9/28/2025, 11:59:08 PM",3.64,81.3,100,0,2025-09-29T03:59:08.000Z
"9/29/2025, 12:02:08 AM",3.64,81.3,100,0,2025-09-29T04:02:08.000Z
"9/29/2025, 12:05:08 AM",3.64,81.3,100,0,2025-09-29T04:05:08.000Z
"9/29/2025, 12:08:08 AM",3.641,81.3,100,0,2025-09-29T04:08:08.000Z
"9/29/2025, 12:11:08 AM",3.641,81.5,100,0,2025-09-29T04:11:08.000Z
"9/29/2025, 12:14:08 AM",3.64,81.5,100,0,2025-09-29T04:14:08.000Z
"9/29/2025, 12:17:08 AM",3.64,81.5,100,0,2025-09-29T04:17:08.000Z
"9/29/2025, 12:20:08 AM",3.64,81.5,100,0,2025-09-29T04:20:08.000Z
"9/29/2025, 12:23:08 AM",3.64,81.3,100,0,2025-09-29T04:23:08.000Z
"9/29/2025, 12:26:08 AM",3.64,81.3,100,0,2025-09-29T04:26:08.000Z
"9/29/2025, 12:29:08 AM",3.64,81.5,100,0,2025-09-29T04:29:08.000Z
"9/29/2025, 12:32:08 AM",3.64,81.5,100,0,2025-09-29T04:32:08.000Z
"9/29/2025, 12:35:08 AM",3.64,81.3,100,0,2025-09-29T04:35:08.000Z
"9/29/2025, 12:38:08 AM",3.64,81.3,100,0,2025-09-29T04:38:08.000Z
"9/29/2025, 12:41:08 AM",3.64,81.3,100,0,2025-09-29T04:41:08.000Z
"9/29/2025, 12:44:08 AM",3.64,81.3,100,0,2025-09-29T04:44:08.000Z
"9/29/2025, 12:47:08 AM",3.64,81.3,100,0,2025-09-29T04:47:08.000Z
"9/29/2025, 12:50:08 AM",3.64,81.3,100,0,2025-09-29T04:50:08.000Z
"9/29/2025, 12:53:08 AM",3.64,81.3,100,0,2025-09-29T04:53:08.000Z
"9/29/2025, 12:56:08 AM",3.64,81.1,100,0,2025-09-29T04:56:08.000Z
"9/29/2025, 12:59:08 AM",3.64,81.1,100,0,2025-09-29T04:59:08.000Z
"9/29/2025, 1:02:08 AM",3.64,81.1,100,0,2025-09-29T05:02:08.000Z
"9/29/2025, 1:05:08 AM",3.641,81.1,100,0,2025-09-29T05:05:08.000Z
"9/29/2025, 1:08:08 AM",3.64,81.1,100,0,2025-09-29T05:08:08.000Z
"9/29/2025, 1:11:08 AM",3.64,81,100,0,2025-09-29T05:11:08.000Z
"9/29/2025, 1:14:08 AM",3.64,81,100,0,2025-09-29T05:14:08.000Z
"9/29/2025, 1:17:08 AM",3.641,81,100,0,2025-09-29T05:17:08.000Z
"9/29/2025, 1:20:08 AM",3.64,80.8,100,0,2025-09-29T05:20:08.000Z
"9/29/2025, 1:23:08 AM",3.64,80.8,100,0,2025-09-29T05:23:08.000Z
"9/29/2025, 1:26:08 AM",3.64,80.6,100,0,2025-09-29T05:26:08.000Z
"9/29/2025, 1:29:08 AM",3.641,80.6,100,0,2025-09-29T05:29:08.000Z
"9/29/2025, 1:32:08 AM",3.64,80.6,100,0,2025-09-29T05:32:08.000Z
"9/29/2025, 1:35:08 AM",3.64,80.6,100,0,2025-09-29T05:35:08.000Z
"9/29/2025, 1:38:08 AM",3.64,80.6,100,0,2025-09-29T05:38:08.000Z
"9/29/2025, 1:41:08 AM",3.64,80.4,100,0,2025-09-29T05:41:08.000Z
"9/29/2025, 1:44:08 AM",3.64,80.4,100,0,2025-09-29T05:44:08.000Z
"9/29/2025, 1:47:08 AM",3.64,80.4,100,0,2025-09-29T05:47:08.000Z
"9/29/2025, 1:50:08 AM",3.64,80.4,100,0,2025-09-29T05:50:08.000Z
"9/29/2025, 1:53:08 AM",3.64,80.4,100,0,2025-09-29T05:53:08.000Z
"9/29/2025, 1:56:08 AM",3.64,80.4,100,0,2025-09-29T05:56:08.000Z
"9/29/2025, 1:59:08 AM",3.64,80.4,100,0,2025-09-29T05:59:08.000Z
"9/29/2025, 2:02:08 AM",3.64,80.2,100,0,2025-09-29T06:02:08.000Z
"9/29/2025, 2:05:08 AM",3.641,80.2,100,0,2025-09-29T06:05:08.000Z
"9/29/2025, 2:08:08 AM",3.64,80.2,100,0,2025-09-29T06:08:08.000Z
"9/29/2025, 2:11:08 AM",3.64,80.2,100,0,2025-09-29T06:11:08.000Z
"9/29/2025, 2:14:08 AM",3.64,80.2,100,0,2025-09-29T06:14:08.000Z
"9/29/2025, 2:17:08 AM",3.64,80.2,100,0,2025-09-29T06:17:08.000Z
"9/29/2025, 2:20:08 AM",3.641,80.1,100,0,2025-09-29T06:20:08.000Z
"9/29/2025, 2:23:08 AM",3.64,80.1,100,0,2025-09-29T06:23:08.000Z
"9/29/2025, 2:26:08 AM",3.64,80.1,100,0,2025-09-29T06:26:08.000Z
"9/29/2025, 2:29:08 AM",3.64,80.1,100,0,2025-09-29T06:29:08.000Z
"9/29/2025, 2:32:08 AM",3.64,80.1,100,0,2025-09-29T06:32:08.000Z
"9/29/2025, 2:35:08 AM",3.64,79.9,100,0,2025-09-29T06:35:08.000Z
"9/29/2025, 2:38:08 AM",3.64,79.9,100,0,2025-09-29T06:38:08.000Z
"9/29/2025, 2:41:08 AM",3.64,79.9,100,0,2025-09-29T06:41:08.000Z
"9/29/2025, 2:44:08 AM",3.64,79.9,100,0,2025-09-29T06:44:08.000Z
"9/29/2025, 2:47:08 AM",3.64,80.1,100,0,2025-09-29T06:47:08.000Z
"9/29/2025, 2:50:08 AM",3.641,80.1,100,0,2025-09-29T06:50:08.000Z
"9/29/2025, 2:53:08 AM",3.64,80.1,100,0,2025-09-29T06:53:08.000Z
"9/29/2025, 2:56:08 AM",3.64,80.1,100,0,2025-09-29T06:56:08.000Z
"9/29/2025, 2:59:08 AM",3.64,80.1,100,0,2025-09-29T06:59:08.000Z
"9/29/2025, 3:02:08 AM",3.64,80.1,100,0,2025-09-29T07:02:08.000Z
"9/29/2025, 3:05:08 AM",3.64,80.1,100,0,2025-09-29T07:05:08.000Z
"9/29/2025, 3:08:08 AM",3.64,80.1,100,0,2025-09-29T07:08:08.000Z
"9/29/2025, 3:11:08 AM",3.64,80.1,100,0,2025-09-29T07:11:08.000Z
"9/29/2025, 3:14:08 AM",3.64,80.2,100,0,2025-09-29T07:14:08.000Z
"9/29/2025, 3:17:08 AM",3.64,80.2,100,0,2025-09-29T07:17:08.000Z
"9/29/2025, 3:20:08 AM",3.64,80.2,100,0,2025-09-29T07:20:08.000Z
"9/29/2025, 3:23:08 AM",3.64,80.1,100,0,2025-09-29T07:23:08.000Z
"9/29/2025, 3:26:08 AM",3.64,80.1,100,0,2025-09-29T07:26:08.000Z
"9/29/2025, 3:29:08 AM",3.64,80.1,100,0,2025-09-29T07:29:08.000Z
"9/29/2025, 3:32:08 AM",3.64,80.1,100,0,2025-09-29T07:32:08.000Z
"9/29/2025, 3:35:08 AM",3.64,79.9,100,0,2025-09-29T07:35:08.000Z
"9/29/2025, 3:38:08 AM",3.64,79.9,100,0,2025-09-29T07:38:08.000Z
"9/29/2025, 3:41:08 AM",3.64,79.7,100,0,2025-09-29T07:41:08.000Z
"9/29/2025, 3:44:08 AM",3.64,79.7,100,0,2025-09-29T07:44:08.000Z
"9/29/2025, 3:47:08 AM",3.64,79.7,100,0,2025-09-29T07:47:08.000Z
"9/29/2025, 3:50:08 AM",3.64,79.5,100,0,2025-09-29T07:50:08.000Z
"9/29/2025, 3:53:08 AM",3.64,79.5,100,0,2025-09-29T07:53:08.000Z
"9/29/2025, 3:56:08 AM",3.64,79.5,100,0,2025-09-29T07:56:08.000Z
"9/29/2025, 3:59:08 AM",3.64,79.5,100,0,2025-09-29T07:59:08.000Z
"9/29/2025, 4:02:08 AM",3.64,79.5,100,0,2025-09-29T08:02:08.000Z
"9/29/2025, 4:05:08 AM",3.64,79.5,100,0,2025-09-29T08:05:08.000Z
"9/29/2025, 4:08:08 AM",3.64,79.5,100,0,2025-09-29T08:08:08.000Z
"9/29/2025, 4:11:08 AM",3.64,79.5,100,0,2025-09-29T08:11:08.000Z
"9/29/2025, 4:14:08 AM",3.64,79.5,100,0,2025-09-29T08:14:08.000Z
"9/29/2025, 4:17:08 AM",3.64,79.7,100,0,2025-09-29T08:17:08.000Z
"9/29/2025, 4:20:08 AM",3.64,79.7,100,0,2025-09-29T08:20:08.000Z
"9/29/2025, 4:23:08 AM",3.64,79.7,100,0,2025-09-29T08:23:08.000Z
"9/29/2025, 4:26:08 AM",3.64,79.7,100,0,2025-09-29T08:26:08.000Z
"9/29/2025, 4:29:08 AM",3.64,79.7,100,0,2025-09-29T08:29:08.000Z
"9/29/2025, 4:32:08 AM",3.639,79.7,100,0,2025-09-29T08:32:08.000Z
"9/29/2025, 4:35:08 AM",3.64,79.7,100,0,2025-09-29T08:35:08.000Z
"9/29/2025, 4:38:08 AM",3.64,79.7,100,0,2025-09-29T08:38:08.000Z
"9/29/2025, 4:41:08 AM",3.64,79.7,100,0,2025-09-29T08:41:08.000Z
"9/29/2025, 4:44:08 AM",3.64,79.7,100,0,2025-09-29T08:44:08.000Z
"9/29/2025, 4:47:08 AM",3.64,79.7,100,0,2025-09-29T08:47:08.000Z
"9/29/2025, 4:50:08 AM",3.64,79.7,100,0,2025-09-29T08:50:08.000Z
"9/29/2025, 4:53:08 AM",3.64,79.7,100,0,2025-09-29T08:53:08.000Z
"9/29/2025, 4:56:08 AM",3.64,79.7,100,0,2025-09-29T08:56:08.000Z
"9/29/2025, 4:59:08 AM",3.64,79.7,100,0,2025-09-29T08:59:08.000Z
"9/29/2025, 5:02:08 AM",3.64,79.7,100,0,2025-09-29T09:02:08.000Z
"9/29/2025, 5:05:08 AM",3.64,79.7,100,0,2025-09-29T09:05:08.000Z
"9/29/2025, 5:08:08 AM",3.64,79.7,100,0,2025-09-29T09:08:08.000Z
"9/29/2025, 5:11:08 AM",3.64,79.7,100,0,2025-09-29T09:11:08.000Z
"9/29/2025, 5:14:08 AM",3.64,79.7,100,0,2025-09-29T09:14:08.000Z
"9/29/2025, 5:17:08 AM",3.64,79.7,100,0,2025-09-29T09:17:08.000Z
"9/29/2025, 5:20:08 AM",3.64,79.7,100,0,2025-09-29T09:20:08.000Z
"9/29/2025, 5:23:08 AM",3.64,79.7,100,0,2025-09-29T09:23:08.000Z
"9/29/2025, 5:26:08 AM",3.64,79.7,100,0,2025-09-29T09:26:08.000Z
"9/29/2025, 5:29:08 AM",3.64,79.7,100,0,2025-09-29T09:29:08.000Z
"9/29/2025, 5:32:08 AM",3.64,79.7,100,0,2025-09-29T09:32:08.000Z
"9/29/2025, 5:35:08 AM",3.64,79.7,100,0,2025-09-29T09:35:08.000Z
"9/29/2025, 5:38:08 AM",3.64,79.7,100,0,2025-09-29T09:38:08.000Z
"9/29/2025, 5:41:08 AM",3.64,79.7,100,0,2025-09-29T09:41:08.000Z
"9/29/2025, 5:44:08 AM",3.64,79.7,100,0,2025-09-29T09:44:08.000Z
"9/29/2025, 5:47:08 AM",3.64,79.7,100,0,2025-09-29T09:47:08.000Z
"9/29/2025, 5:50:08 AM",3.64,79.7,100,0,2025-09-29T09:50:08.000Z
"9/29/2025, 5:53:08 AM",3.64,79.7,100,0,2025-09-29T09:53:08.000Z
"9/29/2025, 5:56:08 AM",3.64,79.7,100,0,2025-09-29T09:56:08.000Z
"9/29/2025, 5:59:08 AM",3.639,79.7,100,0,2025-09-29T09:59:08.000Z
"9/29/2025, 6:02:08 AM",3.64,79.7,100,0,2025-09-29T10:02:08.000Z
"9/29/2025, 6:05:08 AM",3.64,79.5,100,0,2025-09-29T10:05:08.000Z
"9/29/2025, 6:08:08 AM",3.64,79.5,100,0,2025-09-29T10:08:08.000Z
"9/29/2025, 6:11:08 AM",3.64,79.5,100,0,2025-09-29T10:11:08.000Z
"9/29/2025, 6:14:08 AM",3.64,79.5,100,0,2025-09-29T10:14:08.000Z
"9/29/2025, 6:17:08 AM",3.64,79.5,100,0,2025-09-29T10:17:08.000Z
"9/29/2025, 6:20:08 AM",3.64,79.5,100,0,2025-09-29T10:20:08.000Z
"9/29/2025, 6:23:08 AM",3.64,79.3,100,0,2025-09-29T10:23:08.000Z
"9/29/2025, 6:26:08 AM",3.64,79.3,100,0,2025-09-29T10:26:08.000Z
"9/29/2025, 6:29:08 AM",3.64,79.3,100,0,2025-09-29T10:29:08.000Z
"9/29/2025, 6:32:08 AM",3.639,79.3,100,0,2025-09-29T10:32:08.000Z
"9/29/2025, 6:35:08 AM",3.64,79.3,100,0,2025-09-29T10:35:08.000Z
"9/29/2025, 6:38:08 AM",3.64,79.3,100,0,2025-09-29T10:38:08.000Z
"9/29/2025, 6:41:08 AM",3.64,79.2,100,0,2025-09-29T10:41:08.000Z
"9/29/2025, 6:44:08 AM",3.64,79.2,100,0,2025-09-29T10:44:08.000Z
"9/29/2025, 6:47:08 AM",3.64,79.2,100,0,2025-09-29T10:47:08.000Z
"9/29/2025, 6:50:08 AM",3.64,79.2,100,0,2025-09-29T10:50:08.000Z
"9/29/2025, 6:53:08 AM",3.64,79.2,100,0,2025-09-29T10:53:08.000Z
"9/29/2025, 6:56:08 AM",3.639,79.2,100,0,2025-09-29T10:56:08.000Z
"9/29/2025, 6:59:08 AM",3.64,79.2,100,0,2025-09-29T10:59:08.000Z
"9/29/2025, 7:02:08 AM",3.64,79.2,100,0,2025-09-29T11:02:08.000Z
"9/29/2025, 7:05:08 AM",3.64,79.2,100,0,2025-09-29T11:05:08.000Z
"9/29/2025, 7:08:08 AM",3.64,79.2,100,0,2025-09-29T11:08:08.000Z
"9/29/2025, 7:11:08 AM",3.64,79.2,100,0,2025-09-29T11:11:08.000Z
"9/29/2025, 7:14:08 AM",3.64,79.2,100,0,2025-09-29T11:14:08.000Z
"9/29/2025, 7:17:08 AM",3.64,79.3,100,0,2025-09-29T11:17:08.000Z
"9/29/2025, 7:20:08 AM",3.639,79.3,100,0,2025-09-29T11:20:08.000Z
"9/29/2025, 7:23:08 AM",3.64,79.3,100,0,2025-09-29T11:23:08.000Z
"9/29/2025, 7:26:08 AM",3.64,79.3,100,0,2025-09-29T11:26:08.000Z
"9/29/2025, 7:29:08 AM",3.64,79.3,100,0,2025-09-29T11:29:08.000Z
"9/29/2025, 7:32:08 AM",3.64,79.3,100,0,2025-09-29T11:32:08.000Z
"9/29/2025, 7:35:08 AM",3.64,79.2,100,0,2025-09-29T11:35:08.000Z
"9/29/2025, 7:38:08 AM",3.64,79.3,100,0,2025-09-29T11:38:08.000Z
"9/29/2025, 7:41:08 AM",3.64,79.3,100,0,2025-09-29T11:41:08.000Z
"9/29/2025, 7:44:08 AM",3.64,79.3,100,0,2025-09-29T11:44:08.000Z
"9/29/2025, 7:47:08 AM",3.64,79.3,100,0,2025-09-29T11:47:08.000Z
"9/29/2025, 7:50:08 AM",3.64,79.3,100,0,2025-09-29T11:50:08.000Z
"9/29/2025, 7:53:08 AM",3.64,79.5,100,0,2025-09-29T11:53:08.000Z
"9/29/2025, 7:56:08 AM",3.64,79.5,100,0,2025-09-29T11:56:08.000Z
"9/29/2025, 7:59:08 AM",3.639,79.5,100,0,2025-09-29T11:59:08.000Z
"9/29/2025, 8:02:08 AM",3.64,79.5,100,0,2025-09-29T12:02:08.000Z
"9/29/2025, 8:05:08 AM",3.639,79.7,100,0,2025-09-29T12:05:08.000Z
"9/29/2025, 8:08:08 AM",3.64,79.7,100,0,2025-09-29T12:08:08.000Z
"9/29/2025, 8:11:08 AM",3.64,79.7,100,0,2025-09-29T12:11:08.000Z
"9/29/2025, 8:14:08 AM",3.64,79.9,100,0,2025-09-29T12:14:08.000Z
"9/29/2025, 8:17:08 AM",3.639,79.9,100,0,2025-09-29T12:17:08.000Z
"9/29/2025, 8:20:08 AM",3.64,79.9,100,0,2025-09-29T12:20:08.000Z
"9/29/2025, 8:23:08 AM",3.64,80.1,100,0,2025-09-29T12:23:08.000Z
"9/29/2025, 8:26:08 AM",3.64,80.1,100,0,2025-09-29T12:26:08.000Z
"9/29/2025, 8:29:08 AM",3.64,80.1,100,0,2025-09-29T12:29:08.000Z
"9/29/2025, 8:32:08 AM",3.639,80.2,100,0,2025-09-29T12:32:08.000Z
"9/29/2025, 8:35:08 AM",3.639,80.2,100,0,2025-09-29T12:35:08.000Z
"9/29/2025, 8:38:08 AM",3.64,80.4,100,0,2025-09-29T12:38:08.000Z
"9/29/2025, 8:41:08 AM",3.64,80.6,100,0,2025-09-29T12:41:08.000Z
"9/29/2025, 8:44:08 AM",3.639,80.6,100,0,2025-09-29T12:44:08.000Z
"9/29/2025, 8:47:08 AM",3.64,80.8,100,0,2025-09-29T12:47:08.000Z
"9/29/2025, 8:50:08 AM",3.64,81,100,0,2025-09-29T12:50:08.000Z
"9/29/2025, 8:53:08 AM",3.639,81.1,100,0,2025-09-29T12:53:08.000Z
"9/29/2025, 8:56:08 AM",3.64,81.3,100,0,2025-09-29T12:56:08.000Z
"9/29/2025, 8:59:08 AM",3.639,81.5,100,0,2025-09-29T12:59:08.000Z
"9/29/2025, 9:02:08 AM",3.639,81.7,100,0,2025-09-29T13:02:08.000Z
"9/29/2025, 9:05:08 AM",3.639,81.9,100,0,2025-09-29T13:05:08.000Z
"9/29/2025, 9:08:08 AM",3.639,82,100,0,2025-09-29T13:08:08.000Z
"9/29/2025, 9:11:08 AM",3.639,82.2,100,0,2025-09-29T13:11:08.000Z
"9/29/2025, 9:14:08 AM",3.639,82.4,100,0,2025-09-29T13:14:08.000Z
"9/29/2025, 9:17:08 AM",3.64,82.6,100,0,2025-09-29T13:17:08.000Z
"9/29/2025, 9:20:08 AM",3.639,82.8,100,0,2025-09-29T13:20:08.000Z
"9/29/2025, 9:23:08 AM",3.64,82.9,100,0,2025-09-29T13:23:08.000Z
"9/29/2025, 9:26:08 AM",3.639,83.3,100,0,2025-09-29T13:26:08.000Z
"9/29/2025, 9:29:08 AM",3.639,83.5,100,0,2025-09-29T13:29:08.000Z
"9/29/2025, 9:32:08 AM",3.639,83.7,100,0,2025-09-29T13:32:08.000Z
"9/29/2025, 9:35:08 AM",3.64,83.8,100,0,2025-09-29T13:35:08.000Z
"9/29/2025, 9:38:08 AM",3.639,84,100,0,2025-09-29T13:38:08.000Z
"9/29/2025, 9:41:08 AM",3.639,84.2,100,0,2025-09-29T13:41:08.000Z
"9/29/2025, 9:44:08 AM",3.639,84.4,100,0,2025-09-29T13:44:08.000Z
"9/29/2025, 9:47:08 AM",3.639,84.6,100,0,2025-09-29T13:47:08.000Z
"9/29/2025, 9:50:08 AM",3.639,84.9,100,0,2025-09-29T13:50:08.000Z
"9/29/2025, 9:53:08 AM",3.64,85.1,100,0,2025-09-29T13:53:08.000Z
"9/29/2025, 9:56:08 AM",3.639,85.5,100,0,2025-09-29T13:56:08.000Z
"9/29/2025, 9:59:08 AM",3.639,85.6,100,0,2025-09-29T13:59:08.000Z
"9/29/2025, 10:02:08 AM",3.639,86,100,0,2025-09-29T14:02:08.000Z
"9/29/2025, 10:05:08 AM",3.639,86.4,100,0,2025-09-29T14:05:08.000Z
"9/29/2025, 10:08:08 AM",3.639,86.7,100,0,2025-09-29T14:08:08.000Z
"9/29/2025, 10:11:08 AM",3.639,86.9,100,0,2025-09-29T14:11:08.000Z
"9/29/2025, 10:14:08 AM",3.639,87.3,100,0,2025-09-29T14:14:08.000Z
"9/29/2025, 10:17:08 AM",3.639,87.6,100,0,2025-09-29T14:17:08.000Z
"9/29/2025, 10:20:08 AM",3.639,88,100,0,2025-09-29T14:20:08.000Z
"9/29/2025, 10:23:08 AM",3.639,88.3,100,0,2025-09-29T14:23:08.000Z
"9/29/2025, 10:26:08 AM",3.639,88.5,100,0,2025-09-29T14:26:08.000Z
"9/29/2025, 10:29:08 AM",3.639,88.9,100,0,2025-09-29T14:29:08.000Z
"9/29/2025, 10:32:08 AM",3.64,89.2,100,0,2025-09-29T14:32:08.000Z
"9/29/2025, 10:35:08 AM",3.639,89.6,100,0,2025-09-29T14:35:08.000Z
"9/29/2025, 10:38:08 AM",3.639,89.8,100,0,2025-09-29T14:38:08.000Z
"9/29/2025, 10:41:08 AM",3.639,90.1,100,0,2025-09-29T14:41:08.000Z
"9/29/2025, 10:44:08 AM",3.639,90.3,100,0,2025-09-29T14:44:08.000Z
"9/29/2025, 10:47:08 AM",3.639,90.7,100,0,2025-09-29T14:47:08.000Z
"9/29/2025, 10:50:08 AM",3.639,90.9,100,0,2025-09-29T14:50:08.000Z
"9/29/2025, 10:53:08 AM",3.639,91.2,100,0,2025-09-29T14:53:08.000Z
"9/29/2025, 10:56:08 AM",3.639,91.4,100,0,2025-09-29T14:56:08.000Z
"9/29/2025, 10:59:08 AM",3.639,91.8,100,0,2025-09-29T14:59:08.000Z
"9/29/2025, 11:02:08 AM",3.639,91.9,100,0,2025-09-29T15:02:08.000Z
"9/29/2025, 11:05:08 AM",3.639,92.3,100,0,2025-09-29T15:05:08.000Z
"9/29/2025, 11:08:08 AM",3.639,92.7,100,0,2025-09-29T15:08:08.000Z
"9/29/2025, 11:11:08 AM",3.639,92.8,100,0,2025-09-29T15:11:08.000Z
"9/29/2025, 11:14:08 AM",3.639,93.2,100,0,2025-09-29T15:14:08.000Z
"9/29/2025, 11:17:08 AM",3.639,93.6,100,0,2025-09-29T15:17:08.000Z
"9/29/2025, 11:20:08 AM",3.639,93.7,100,0,2025-09-29T15:20:08.000Z
"9/29/2025, 11:23:08 AM",3.639,94.1,100,0,2025-09-29T15:23:08.000Z
"9/29/2025, 11:26:08 AM",3.639,94.3,100,0,2025-09-29T15:26:08.000Z
"9/29/2025, 11:29:08 AM",3.639,94.6,100,0,2025-09-29T15:29:08.000Z
"9/29/2025, 11:32:08 AM",3.638,94.8,100,0,2025-09-29T15:32:08.000Z
"9/29/2025, 11:35:08 AM",3.639,95,100,0,2025-09-29T15:35:08.000Z
"9/29/2025, 11:38:08 AM",3.639,95.2,100,0,2025-09-29T15:38:08.000Z
"9/29/2025, 11:41:08 AM",3.638,95.5,100,0,2025-09-29T15:41:08.000Z
"9/29/2025, 11:44:08 AM",3.639,95.7,100,0,2025-09-29T15:44:08.000Z
"9/29/2025, 11:47:08 AM",3.639,95.9,100,0,2025-09-29T15:47:08.000Z
"9/29/2025, 11:50:08 AM",3.639,96.1,100,0,2025-09-29T15:50:08.000Z
"9/29/2025, 11:53:08 AM",3.639,96.3,100,0,2025-09-29T15:53:08.000Z
"9/29/2025, 11:56:08 AM",3.639,96.4,100,0,2025-09-29T15:56:08.000Z
"9/29/2025, 11:59:08 AM",3.639,96.4,100,0,2025-09-29T15:59:08.000Z
"9/29/2025, 12:02:08 PM",3.638,96.8,100,0,2025-09-29T16:02:08.000Z
"9/29/2025, 12:05:08 PM",3.639,97,100,0,2025-09-29T16:05:08.000Z
"9/29/2025, 12:08:08 PM",3.639,97.2,100,0,2025-09-29T16:08:08.000Z
"9/29/2025, 12:11:08 PM",3.639,97.3,100,0,2025-09-29T16:11:08.000Z
"9/29/2025, 12:14:08 PM",3.639,97.3,100,0,2025-09-29T16:14:08.000Z
"9/29/2025, 12:17:08 PM",3.638,97.5,100,0,2025-09-29T16:17:08.000Z
"9/29/2025, 12:20:08 PM",3.639,97.7,100,0,2025-09-29T16:20:08.000Z
"9/29/2025, 12:23:08 PM",3.639,97.9,100,0,2025-09-29T16:23:08.000Z
"9/29/2025, 12:26:08 PM",3.638,98.1,100,0,2025-09-29T16:26:08.000Z
"9/29/2025, 12:29:08 PM",3.639,98.2,100,0,2025-09-29T16:29:08.000Z
"9/29/2025, 12:32:08 PM",3.638,98.4,100,0,2025-09-29T16:32:08.000Z
"9/29/2025, 12:35:08 PM",3.639,98.6,100,0,2025-09-29T16:35:08.000Z
"9/29/2025, 12:38:08 PM",3.639,98.8,100,0,2025-09-29T16:38:08.000Z
"9/29/2025, 12:41:08 PM",3.639,99,100,0,2025-09-29T16:41:08.000Z
"9/29/2025, 12:44:08 PM",3.639,99.1,100,0,2025-09-29T16:44:08.000Z
"9/29/2025, 12:47:08 PM",3.639,99.5,100,0,2025-09-29T16:47:08.000Z
"9/29/2025, 12:50:08 PM",3.639,99.7,100,0,2025-09-29T16:50:08.000Z
"9/29/2025, 12:53:08 PM",3.639,99.9,100,0,2025-09-29T16:53:08.000Z
"9/29/2025, 12:56:08 PM",3.639,100,100,0,2025-09-29T16:56:08.000Z
"9/29/2025, 12:59:08 PM",3.639,100.2,100,0,2025-09-29T16:59:08.000Z
"9/29/2025, 1:02:08 PM",3.639,100.4,100,0,2025-09-29T17:02:08.000Z
"9/29/2025, 1:05:08 PM",3.639,100.6,100,0,2025-09-29T17:05:08.000Z
"9/29/2025, 1:08:08 PM",3.639,100.8,100,0,2025-09-29T17:08:08.000Z
"9/29/2025, 1:11:08 PM",3.639,100.8,100,0,2025-09-29T17:11:08.000Z
"9/29/2025, 1:14:08 PM",3.639,100.9,100,0,2025-09-29T17:14:08.000Z
"9/29/2025, 1:17:08 PM",3.639,101.1,100,0,2025-09-29T17:17:08.000Z
"9/29/2025, 1:20:08 PM",3.639,101.3,100,0,2025-09-29T17:20:08.000Z
"9/29/2025, 1:23:08 PM",3.639,101.3,100,0,2025-09-29T17:23:08.000Z
"9/29/2025, 1:26:08 PM",3.639,101.5,100,0,2025-09-29T17:26:08.000Z
"9/29/2025, 1:29:08 PM",3.639,101.5,100,0,2025-09-29T17:29:08.000Z
"9/29/2025, 1:32:08 PM",3.639,101.5,100,0,2025-09-29T17:32:08.000Z
"9/29/2025, 1:35:08 PM",3.639,101.7,100,0,2025-09-29T17:35:08.000Z
"9/29/2025, 1:38:08 PM",3.639,101.8,100,0,2025-09-29T17:38:08.000Z
"9/29/2025, 1:41:08 PM",3.639,102,100,0,2025-09-29T17:41:08.000Z
"9/29/2025, 1:44:08 PM",3.639,102.2,100,0,2025-09-29T17:44:08.000Z
"9/29/2025, 1:47:08 PM",3.64,102.4,100,0,2025-09-29T17:47:08.000Z
"9/29/2025, 1:50:08 PM",3.639,102.6,100,0,2025-09-29T17:50:08.000Z
"9/29/2025, 1:53:08 PM",3.639,102.7,100,0,2025-09-29T17:53:08.000Z
"9/29/2025, 1:56:08 PM",3.639,102.9,100,0,2025-09-29T17:56:08.000Z
"9/29/2025, 1:59:08 PM",3.639,103.1,100,0,2025-09-29T17:59:08.000Z
"9/29/2025, 2:02:08 PM",3.639,103.3,100,0,2025-09-29T18:02:08.000Z
"9/29/2025, 2:05:08 PM",3.639,103.5,100,0,2025-09-29T18:05:08.000Z
"9/29/2025, 2:08:08 PM",3.639,103.5,100,0,2025-09-29T18:08:08.000Z
"9/29/2025, 2:11:08 PM",3.639,103.6,100,0,2025-09-29T18:11:08.000Z
"9/29/2025, 2:14:08 PM",3.639,103.8,100,0,2025-09-29T18:14:08.000Z
"9/29/2025, 2:17:08 PM",3.639,103.8,100,0,2025-09-29T18:17:08.000Z
"9/29/2025, 2:20:08 PM",3.639,103.8,100,0,2025-09-29T18:20:08.000Z
"9/29/2025, 2:23:08 PM",3.639,103.8,100,0,2025-09-29T18:23:08.000Z
"9/29/2025, 2:26:08 PM",3.639,103.8,100,0,2025-09-29T18:26:08.000Z
"9/29/2025, 2:29:08 PM",3.64,104,100,0,2025-09-29T18:29:08.000Z
"9/29/2025, 2:32:08 PM",3.639,104.2,100,0,2025-09-29T18:32:08.000Z
"9/29/2025, 2:35:08 PM",3.639,104.4,100,0,2025-09-29T18:35:08.000Z
"9/29/2025, 2:38:08 PM",3.639,104.5,100,0,2025-09-29T18:38:08.000Z
"9/29/2025, 2:41:08 PM",3.639,104.7,100,0,2025-09-29T18:41:08.000Z
"9/29/2025, 2:44:08 PM",3.639,104.9,100,0,2025-09-29T18:44:08.000Z
"9/29/2025, 2:47:08 PM",3.639,104.9,100,0,2025-09-29T18:47:08.000Z
"9/29/2025, 2:50:08 PM",3.639,105.1,100,0,2025-09-29T18:50:08.000Z
"9/29/2025, 2:53:08 PM",3.64,105.3,100,0,2025-09-29T18:53:08.000Z
"9/29/2025, 2:56:08 PM",3.639,105.4,100,0,2025-09-29T18:56:08.000Z
"9/29/2025, 2:59:08 PM",3.64,105.6,100,0,2025-09-29T18:59:08.000Z
"9/29/2025, 3:02:08 PM",3.639,105.6,100,0,2025-09-29T19:02:08.000Z
"9/29/2025, 3:05:08 PM",3.64,105.8,100,0,2025-09-29T19:05:08.000Z
"9/29/2025, 3:08:08 PM",3.639,105.8,100,0,2025-09-29T19:08:08.000Z
"9/29/2025, 3:11:08 PM",3.639,105.8,100,0,2025-09-29T19:11:08.000Z
"9/29/2025, 3:14:08 PM",3.64,105.8,100,0,2025-09-29T19:14:08.000Z
"9/29/2025, 3:17:08 PM",3.64,105.8,100,0,2025-09-29T19:17:08.000Z
"9/29/2025, 3:20:08 PM",3.64,105.6,100,0,2025-09-29T19:20:08.000Z
"9/29/2025, 3:23:08 PM",3.639,105.4,100,0,2025-09-29T19:23:08.000Z
"9/29/2025, 3:26:08 PM",3.639,105.3,100,0,2025-09-29T19:26:08.000Z
"9/29/2025, 3:29:08 PM",3.639,105.3,100,0,2025-09-29T19:29:08.000Z
"9/29/2025, 3:32:08 PM",3.64,105.1,100,0,2025-09-29T19:32:08.000Z
"9/29/2025, 3:35:08 PM",3.639,105.1,100,0,2025-09-29T19:35:08.000Z
"9/29/2025, 3:38:08 PM",3.639,105.1,100,0,2025-09-29T19:38:08.000Z
"9/29/2025, 3:41:08 PM",3.639,105.3,100,0,2025-09-29T19:41:08.000Z
"9/29/2025, 3:44:08 PM",3.64,105.3,100,0,2025-09-29T19:44:08.000Z
"9/29/2025, 3:47:08 PM",3.639,105.3,100,0,2025-09-29T19:47:08.000Z
"9/29/2025, 3:50:08 PM",3.64,105.3,100,0,2025-09-29T19:50:08.000Z
"9/29/2025, 3:53:08 PM",3.639,105.3,100,0,2025-09-29T19:53:08.000Z
"9/29/2025, 3:56:08 PM",3.639,105.3,100,0,2025-09-29T19:56:08.000Z
"9/29/2025, 3:59:08 PM",3.639,105.3,100,0,2025-09-29T19:59:08.000Z
"9/29/2025, 4:02:08 PM",3.64,105.3,100,0,2025-09-29T20:02:08.000Z
"9/29/2025, 4:05:08 PM",3.641,105.1,100,0,2025-09-29T20:05:08.000Z
"9/29/2025, 4:08:08 PM",3.639,105.1,100,0,2025-09-29T20:08:08.000Z
"9/29/2025, 4:11:08 PM",3.64,104.9,100,0,2025-09-29T20:11:08.000Z
"9/29/2025, 4:14:08 PM",3.64,104.9,100,0,2025-09-29T20:14:08.000Z
"9/29/2025, 4:17:08 PM",3.64,104.9,100,0,2025-09-29T20:17:08.000Z
"9/29/2025, 4:20:08 PM",3.64,104.9,100,0,2025-09-29T20:20:08.000Z
"9/29/2025, 4:23:08 PM",3.64,104.7,100,0,2025-09-29T20:23:08.000Z
"9/29/2025, 4:26:08 PM",3.639,104.5,100,0,2025-09-29T20:26:08.000Z
"9/29/2025, 4:29:08 PM",3.639,104.5,100,0,2025-09-29T20:29:08.000Z
"9/29/2025, 4:32:08 PM",3.64,104.4,100,0,2025-09-29T20:32:08.000Z
"9/29/2025, 4:35:08 PM",3.639,104.4,100,0,2025-09-29T20:35:08.000Z
"9/29/2025, 4:38:08 PM",3.639,104.4,100,0,2025-09-29T20:38:08.000Z
"9/29/2025, 4:41:08 PM",3.639,104.2,100,0,2025-09-29T20:41:08.000Z
"9/29/2025, 4:44:08 PM",3.64,104.2,100,0,2025-09-29T20:44:08.000Z
"9/29/2025, 4:47:08 PM",3.64,104,100,0,2025-09-29T20:47:08.000Z
"9/29/2025, 4:50:08 PM",3.64,104,100,0,2025-09-29T20:50:08.000Z
"9/29/2025, 4:53:08 PM",3.64,104,100,0,2025-09-29T20:53:08.000Z
"9/29/2025, 4:56:08 PM",3.64,104,100,0,2025-09-29T20:56:08.000Z
"9/29/2025, 4:59:08 PM",3.64,103.8,100,0,2025-09-29T20:59:08.000Z
"9/29/2025, 5:02:08 PM",3.64,103.8,100,0,2025-09-29T21:02:08.000Z
"9/29/2025, 5:05:08 PM",3.639,103.8,100,0,2025-09-29T21:05:08.000Z
"9/29/2025, 5:08:08 PM",3.64,103.6,100,0,2025-09-29T21:08:08.000Z
"9/29/2025, 5:11:08 PM",3.64,103.6,100,0,2025-09-29T21:11:08.000Z
"9/29/2025, 5:14:08 PM",3.639,103.6,100,0,2025-09-29T21:14:08.000Z
"9/29/2025, 5:17:08 PM",3.64,103.6,100,0,2025-09-29T21:17:08.000Z
"9/29/2025, 5:20:08 PM",3.64,103.5,100,0,2025-09-29T21:20:08.000Z
"9/29/2025, 5:23:08 PM",3.64,103.3,100,0,2025-09-29T21:23:08.000Z
"9/29/2025, 5:26:08 PM",3.64,103.3,100,0,2025-09-29T21:26:08.000Z
"9/29/2025, 5:29:08 PM",3.64,103.1,100,0,2025-09-29T21:29:08.000Z
"9/29/2025, 5:32:08 PM",3.64,102.7,100,0,2025-09-29T21:32:08.000Z
"9/29/2025, 5:35:08 PM",3.64,102.6,100,0,2025-09-29T21:35:08.000Z
"9/29/2025, 5:38:08 PM",3.64,102.2,100,0,2025-09-29T21:38:08.000Z
"9/29/2025, 5:41:08 PM",3.64,101.8,100,0,2025-09-29T21:41:08.000Z
"9/29/2025, 5:44:08 PM",3.64,101.5,100,0,2025-09-29T21:44:08.000Z
"9/29/2025, 5:47:08 PM",3.64,101.1,100,0,2025-09-29T21:47:08.000Z
"9/29/2025, 5:50:08 PM",3.64,100.8,100,0,2025-09-29T21:50:08.000Z
"9/29/2025, 5:53:08 PM",3.64,100.4,100,0,2025-09-29T21:53:08.000Z
"9/29/2025, 5:56:08 PM",3.64,100,100,0,2025-09-29T21:56:08.000Z
"9/29/2025, 5:59:08 PM",3.64,99.7,100,0,2025-09-29T21:59:08.000Z
"9/29/2025, 6:02:08 PM",3.64,99.3,100,0,2025-09-29T22:02:08.000Z
"9/29/2025, 6:05:08 PM",3.64,99,100,0,2025-09-29T22:05:08.000Z
"9/29/2025, 6:08:08 PM",3.64,98.8,100,0,2025-09-29T22:08:08.000Z
"9/29/2025, 6:11:08 PM",3.64,98.4,100,0,2025-09-29T22:11:08.000Z
"9/29/2025, 6:14:08 PM",3.64,98.1,100,0,2025-09-29T22:14:08.000Z
"9/29/2025, 6:17:08 PM",3.64,97.7,100,0,2025-09-29T22:17:08.000Z
"9/29/2025, 6:20:08 PM",3.64,97.3,100,0,2025-09-29T22:20:08.000Z
"9/29/2025, 6:23:08 PM",3.64,97,100,0,2025-09-29T22:23:08.000Z
"9/29/2025, 6:26:08 PM",3.64,96.6,100,0,2025-09-29T22:26:08.000Z
"9/29/2025, 6:29:08 PM",3.64,96.3,100,0,2025-09-29T22:29:08.000Z
"9/29/2025, 6:32:08 PM",3.64,95.9,100,0,2025-09-29T22:32:08.000Z
"9/29/2025, 6:35:08 PM",3.64,95.5,100,0,2025-09-29T22:35:08.000Z
"9/29/2025, 6:38:08 PM",3.64,95.2,100,0,2025-09-29T22:38:08.000Z
"9/29/2025, 6:41:08 PM",3.64,94.8,100,0,2025-09-29T22:41:08.000Z
"9/29/2025, 6:44:08 PM",3.64,94.5,100,0,2025-09-29T22:44:08.000Z
"9/29/2025, 6:47:08 PM",3.64,94.1,100,0,2025-09-29T22:47:08.000Z
"9/29/2025, 6:50:08 PM",3.64,93.9,100,0,2025-09-29T22:50:08.000Z
"9/29/2025, 6:53:08 PM",3.641,93.6,100,0,2025-09-29T22:53:08.000Z
"9/29/2025, 6:56:08 PM",3.64,93.2,100,0,2025-09-29T22:56:08.000Z
"9/29/2025, 6:59:08 PM",3.64,92.8,100,0,2025-09-29T22:59:08.000Z
"9/29/2025, 7:02:08 PM",3.64,92.5,100,0,2025-09-29T23:02:08.000Z
"9/29/2025, 7:05:08 PM",3.64,92.3,100,0,2025-09-29T23:05:08.000Z
"9/29/2025, 7:08:08 PM",3.641,91.9,100,0,2025-09-29T23:08:08.000Z
"9/29/2025, 7:11:08 PM",3.641,91.8,100,0,2025-09-29T23:11:08.000Z
"9/29/2025, 7:14:08 PM",3.64,91.4,100,0,2025-09-29T23:14:08.000Z
"9/29/2025, 7:17:08 PM",3.64,91.2,100,0,2025-09-29T23:17:08.000Z
"9/29/2025, 7:20:08 PM",3.64,91,100,0,2025-09-29T23:20:08.000Z
"9/29/2025, 7:23:08 PM",3.641,90.9,100,0,2025-09-29T23:23:08.000Z
"9/29/2025, 7:26:08 PM",3.641,90.7,100,0,2025-09-29T23:26:08.000Z
"9/29/2025, 7:29:08 PM",3.64,90.3,100,0,2025-09-29T23:29:08.000Z
"9/29/2025, 7:32:08 PM",3.641,90.1,100,0,2025-09-29T23:32:08.000Z
"9/29/2025, 7:35:08 PM",3.641,90,100,0,2025-09-29T23:35:08.000Z
"9/29/2025, 7:38:08 PM",3.641,89.8,100,0,2025-09-29T23:38:08.000Z
"9/29/2025, 7:41:08 PM",3.641,89.6,100,0,2025-09-29T23:41:08.000Z
"9/29/2025, 7:44:08 PM",3.64,89.4,100,0,2025-09-29T23:44:08.000Z
"9/29/2025, 7:47:08 PM",3.641,89.2,100,0,2025-09-29T23:47:08.000Z
"9/29/2025, 7:50:08 PM",3.64,89.1,100,0,2025-09-29T23:50:08.000Z
"9/29/2025, 7:53:08 PM",3.64,88.9,100,0,2025-09-29T23:53:08.000Z
"9/29/2025, 7:56:08 PM",3.64,88.9,100,0,2025-09-29T23:56:08.000Z
"9/29/2025, 7:59:08 PM",3.641,88.7,100,0,2025-09-29T23:59:08.000Z
"9/29/2025, 8:02:08 PM",3.641,88.5,100,0,2025-09-30T00:02:08.000Z
"9/29/2025, 8:05:08 PM",3.641,88.5,100,0,2025-09-30T00:05:08.000Z
"9/29/2025, 8:08:08 PM",3.641,88.3,100,0,2025-09-30T00:08:08.000Z
"9/29/2025, 8:11:08 PM",3.641,88.2,100,0,2025-09-30T00:11:08.000Z
"9/29/2025, 8:14:08 PM",3.641,88.2,100,0,2025-09-30T00:14:08.000Z
"9/29/2025, 8:17:08 PM",3.641,88,100,0,2025-09-30T00:17:08.000Z
"9/29/2025, 8:20:08 PM",3.641,88,100,0,2025-09-30T00:20:08.000Z
"9/29/2025, 8:23:08 PM",3.641,88,100,0,2025-09-30T00:23:08.000Z
"9/29/2025, 8:26:08 PM",3.64,87.8,100,0,2025-09-30T00:26:08.000Z
"9/29/2025, 8:29:08 PM",3.64,87.8,100,0,2025-09-30T00:29:08.000Z
"9/29/2025, 8:32:08 PM",3.64,87.6,100,0,2025-09-30T00:32:08.000Z
"9/29/2025, 8:35:08 PM",3.641,87.6,100,0,2025-09-30T00:35:08.000Z
"9/29/2025, 8:38:08 PM",3.641,87.4,100,0,2025-09-30T00:38:08.000Z
"9/29/2025, 8:41:08 PM",3.641,87.4,100,0,2025-09-30T00:41:08.000Z
"9/29/2025, 8:44:08 PM",3.641,87.3,100,0,2025-09-30T00:44:08.000Z
"9/29/2025, 8:47:08 PM",3.641,87.3,100,0,2025-09-30T00:47:08.000Z
"9/29/2025, 8:50:08 PM",3.641,87.3,100,0,2025-09-30T00:50:08.000Z
"9/29/2025, 8:53:08 PM",3.641,87.1,100,0,2025-09-30T00:53:08.000Z
"9/29/2025, 8:56:08 PM",3.641,87.1,100,0,2025-09-30T00:56:08.000Z
"9/29/2025, 8:59:08 PM",3.64,86.9,100,0,2025-09-30T00:59:08.000Z
"9/29/2025, 9:02:08 PM",3.641,86.9,100,0,2025-09-30T01:02:08.000Z
"9/29/2025, 9:05:08 PM",3.641,86.9,100,0,2025-09-30T01:05:08.000Z
"9/29/2025, 9:08:08 PM",3.641,86.7,100,0,2025-09-30T01:08:08.000Z
"9/29/2025, 9:11:08 PM",3.641,86.7,100,0,2025-09-30T01:11:08.000Z
"9/29/2025, 9:14:08 PM",3.641,86.7,100,0,2025-09-30T01:14:08.000Z
"9/29/2025, 9:17:08 PM",3.641,86.5,100,0,2025-09-30T01:17:08.000Z
"9/29/2025, 9:20:08 PM",3.641,86.5,100,0,2025-09-30T01:20:08.000Z
"9/29/2025, 9:23:08 PM",3.641,86.4,100,0,2025-09-30T01:23:08.000Z
"9/29/2025, 9:26:08 PM",3.641,86.2,100,0,2025-09-30T01:26:08.000Z
"9/29/2025, 9:29:08 PM",3.641,86.2,100,0,2025-09-30T01:29:08.000Z
"9/29/2025, 9:32:08 PM",3.641,86,100,0,2025-09-30T01:32:08.000Z
"9/29/2025, 9:35:08 PM",3.641,86,100,0,2025-09-30T01:35:08.000Z
"9/29/2025, 9:38:08 PM",3.641,85.8,100,0,2025-09-30T01:38:08.000Z
"9/29/2025, 9:41:08 PM",3.641,85.8,100,0,2025-09-30T01:41:08.000Z
"9/29/2025, 9:44:08 PM",3.641,85.6,100,0,2025-09-30T01:44:08.000Z
"9/29/2025, 9:47:08 PM",3.641,85.6,100,0,2025-09-30T01:47:08.000Z
"9/29/2025, 9:50:08 PM",3.641,85.6,100,0,2025-09-30T01:50:08.000Z
"9/29/2025, 9:53:08 PM",3.641,85.6,100,0,2025-09-30T01:53:08.000Z
"9/29/2025, 9:56:08 PM",3.641,85.6,100,0,2025-09-30T01:56:08.000Z
"9/29/2025, 9:59:08 PM",3.64,85.5,100,0,2025-09-30T01:59:08.000Z
"9/29/2025, 10:02:08 PM",3.641,85.5,100,0,2025-09-30T02:02:08.000Z
"9/29/2025, 10:05:08 PM",3.641,85.5,100,0,2025-09-30T02:05:08.000Z
"9/29/2025, 10:08:08 PM",3.641,85.6,100,0,2025-09-30T02:08:08.000Z
"9/29/2025, 10:11:08 PM",3.641,85.6,100,0,2025-09-30T02:11:08.000Z
"9/29/2025, 10:14:08 PM",3.641,85.5,100,0,2025-09-30T02:14:08.000Z
"9/29/2025, 10:17:08 PM",3.641,85.5,100,0,2025-09-30T02:17:08.000Z
"9/29/2025, 10:20:08 PM",3.641,85.5,100,0,2025-09-30T02:20:08.000Z
"9/29/2025, 10:23:08 PM",3.641,85.3,100,0,2025-09-30T02:23:08.000Z
"9/29/2025, 10:26:08 PM",3.641,85.3,100,0,2025-09-30T02:26:08.000Z
"9/29/2025, 10:29:08 PM",3.641,85.3,100,0,2025-09-30T02:29:08.000Z
"9/29/2025, 10:32:08 PM",3.641,85.3,100,0,2025-09-30T02:32:08.000Z
"9/29/2025, 10:35:08 PM",3.641,85.1,100,0,2025-09-30T02:35:08.000Z
"9/29/2025, 10:38:08 PM",3.641,85.1,100,0,2025-09-30T02:38:08.000Z
"9/29/2025, 10:41:08 PM",3.641,85.1,100,0,2025-09-30T02:41:08.000Z
"9/29/2025, 10:44:08 PM",3.641,85.1,100,0,2025-09-30T02:44:08.000Z
"9/29/2025, 10:47:08 PM",3.641,85.1,100,0,2025-09-30T02:47:08.000Z
"9/29/2025, 10:50:08 PM",3.641,85.1,100,0,2025-09-30T02:50:08.000Z
"9/29/2025, 10:53:08 PM",3.641,84.9,100,0,2025-09-30T02:53:08.000Z
"9/29/2025, 10:56:08 PM",3.641,84.9,100,0,2025-09-30T02:56:08.000Z
"9/29/2025, 10:59:08 PM",3.641,84.7,100,0,2025-09-30T02:59:08.000Z
"9/29/2025, 11:02:08 PM",3.641,84.7,100,0,2025-09-30T03:02:08.000Z
"9/29/2025, 11:05:08 PM",3.641,84.6,100,0,2025-09-30T03:05:08.000Z
"9/29/2025, 11:08:08 PM",3.641,84.6,100,0,2025-09-30T03:08:08.000Z
"9/29/2025, 11:11:08 PM",3.641,84.6,100,0,2025-09-30T03:11:08.000Z
"9/29/2025, 11:14:08 PM",3.64,84.4,100,0,2025-09-30T03:14:08.000Z
"9/29/2025, 11:17:08 PM",3.641,84.2,100,0,2025-09-30T03:17:08.000Z
"9/29/2025, 11:20:08 PM",3.641,84,100,0,2025-09-30T03:20:08.000Z
"9/29/2025, 11:23:08 PM",3.641,84,100,0,2025-09-30T03:23:08.000Z
"9/29/2025, 11:26:08 PM",3.641,84,100,0,2025-09-30T03:26:08.000Z
"9/29/2025, 11:29:08 PM",3.64,84,100,0,2025-09-30T03:29:08.000Z
"9/29/2025, 11:32:08 PM",3.641,84,100,0,2025-09-30T03:32:08.000Z
"9/29/2025, 11:35:08 PM",3.641,84,100,0,2025-09-30T03:35:08.000Z
"9/29/2025, 11:38:08 PM",3.641,84,100,0,2025-09-30T03:38:08.000Z
"9/29/2025, 11:41:08 PM",3.641,83.8,100,0,2025-09-30T03:41:08.000Z
"9/29/2025, 11:44:08 PM",3.641,83.8,100,0,2025-09-30T03:44:08.000Z
"9/29/2025, 11:47:08 PM",3.641,83.8,100,0,2025-09-30T03:47:08.000Z
"9/29/2025, 11:50:08 PM",3.641,83.8,100,0,2025-09-30T03:50:08.000Z
"9/29/2025, 11:53:08 PM",3.641,83.7,100,0,2025-09-30T03:53:08.000Z
"9/29/2025, 11:56:08 PM",3.64,83.7,100,0,2025-09-30T03:56:08.000Z
"9/29/2025, 11:59:08 PM",3.641,83.7,100,0,2025-09-30T03:59:08.000Z
"9/30/2025, 12:02:08 AM",3.641,83.7,100,0,2025-09-30T04:02:08.000Z
"9/30/2025, 12:05:08 AM",3.641,83.5,100,0,2025-09-30T04:05:08.000Z
"9/30/2025, 12:08:08 AM",3.641,83.5,100,0,2025-09-30T04:08:08.000Z
"9/30/2025, 12:11:08 AM",3.641,83.5,100,0,2025-09-30T04:11:08.000Z
"9/30/2025, 12:14:08 AM",3.641,83.5,100,0,2025-09-30T04:14:08.000Z
"9/30/2025, 12:17:08 AM",3.64,83.5,100,0,2025-09-30T04:17:08.000Z
"9/30/2025, 12:20:08 AM",3.641,83.3,100,0,2025-09-30T04:20:08.000Z
"9/30/2025, 12:23:08 AM",3.641,83.3,100,0,2025-09-30T04:23:08.000Z
"9/30/2025, 12:26:08 AM",3.641,83.3,100,0,2025-09-30T04:26:08.000Z
"9/30/2025, 12:29:08 AM",3.641,83.3,100,0,2025-09-30T04:29:08.000Z
"9/30/2025, 12:32:08 AM",3.641,83.3,100,0,2025-09-30T04:32:08.000Z
"9/30/2025, 12:35:08 AM",3.641,83.1,100,0,2025-09-30T04:35:08.000Z
"9/30/2025, 12:38:08 AM",3.64,83.1,100,0,2025-09-30T04:38:08.000Z
"9/30/2025, 12:41:08 AM",3.641,83.1,100,0,2025-09-30T04:41:08.000Z
"9/30/2025, 12:44:08 AM",3.641,82.9,100,0,2025-09-30T04:44:08.000Z
"9/30/2025, 12:47:08 AM",3.641,82.9,100,0,2025-09-30T04:47:08.000Z
"9/30/2025, 12:50:08 AM",3.641,82.9,100,0,2025-09-30T04:50:08.000Z
"9/30/2025, 12:53:08 AM",3.641,82.8,100,0,2025-09-30T04:53:08.000Z
"9/30/2025, 12:56:08 AM",3.641,82.8,100,0,2025-09-30T04:56:08.000Z
"9/30/2025, 12:59:08 AM",3.641,82.8,100,0,2025-09-30T04:59:08.000Z
"9/30/2025, 1:02:08 AM",3.641,82.6,100,0,2025-09-30T05:02:08.000Z
"9/30/2025, 1:05:08 AM",3.641,82.6,100,0,2025-09-30T05:05:08.000Z
"9/30/2025, 1:08:08 AM",3.641,82.6,100,0,2025-09-30T05:08:08.000Z
"9/30/2025, 1:11:08 AM",3.641,82.4,100,0,2025-09-30T05:11:08.000Z
"9/30/2025, 1:14:08 AM",3.641,82.4,100,0,2025-09-30T05:14:08.000Z
"9/30/2025, 1:17:08 AM",3.641,82.4,100,0,2025-09-30T05:17:08.000Z
"9/30/2025, 1:20:08 AM",3.641,82.4,100,0,2025-09-30T05:20:08.000Z
"9/30/2025, 1:23:08 AM",3.641,82.2,100,0,2025-09-30T05:23:08.000Z
"9/30/2025, 1:26:08 AM",3.641,82.2,100,0,2025-09-30T05:26:08.000Z
"9/30/2025, 1:29:08 AM",3.641,82.2,100,0,2025-09-30T05:29:08.000Z
"9/30/2025, 1:32:08 AM",3.641,82.2,100,0,2025-09-30T05:32:08.000Z
"9/30/2025, 1:35:08 AM",3.641,82,100,0,2025-09-30T05:35:08.000Z
"9/30/2025, 1:38:08 AM",3.641,82,100,0,2025-09-30T05:38:08.000Z
"9/30/2025, 1:41:08 AM",3.641,82,100,0,2025-09-30T05:41:08.000Z
"9/30/2025, 1:44:08 AM",3.641,82,100,0,2025-09-30T05:44:08.000Z
"9/30/2025, 1:47:08 AM",3.641,82,100,0,2025-09-30T05:47:08.000Z
"9/30/2025, 1:50:08 AM",3.641,81.9,100,0,2025-09-30T05:50:08.000Z
"9/30/2025, 1:53:08 AM",3.64,81.9,100,0,2025-09-30T05:53:08.000Z
"9/30/2025, 1:56:08 AM",3.641,81.9,100,0,2025-09-30T05:56:08.000Z
"9/30/2025, 1:59:08 AM",3.641,81.9,100,0,2025-09-30T05:59:08.000Z
"9/30/2025, 2:02:08 AM",3.641,81.9,100,0,2025-09-30T06:02:08.000Z
"9/30/2025, 2:05:08 AM",3.641,81.9,100,0,2025-09-30T06:05:08.000Z
"9/30/2025, 2:08:08 AM",3.641,81.9,100,0,2025-09-30T06:08:08.000Z
"9/30/2025, 2:11:08 AM",3.641,81.7,100,0,2025-09-30T06:11:08.000Z
"9/30/2025, 2:14:08 AM",3.641,81.7,100,0,2025-09-30T06:14:08.000Z
"9/30/2025, 2:17:08 AM",3.641,81.7,100,0,2025-09-30T06:17:08.000Z
"9/30/2025, 2:20:08 AM",3.641,81.5,100,0,2025-09-30T06:20:08.000Z
"9/30/2025, 2:23:08 AM",3.641,81.5,100,0,2025-09-30T06:23:08.000Z
"9/30/2025, 2:26:08 AM",3.641,81.5,100,0,2025-09-30T06:26:08.000Z
"9/30/2025, 2:29:08 AM",3.641,81.5,100,0,2025-09-30T06:29:08.000Z
"9/30/2025, 2:32:08 AM",3.641,81.3,100,0,2025-09-30T06:32:08.000Z
"9/30/2025, 2:35:08 AM",3.641,81.3,100,0,2025-09-30T06:35:08.000Z
"9/30/2025, 2:38:08 AM",3.641,81.3,100,0,2025-09-30T06:38:08.000Z
"9/30/2025, 2:41:08 AM",3.641,81.3,100,0,2025-09-30T06:41:08.000Z
"9/30/2025, 2:44:08 AM",3.641,81.1,100,0,2025-09-30T06:44:08.000Z
"9/30/2025, 2:47:08 AM",3.641,81.1,100,0,2025-09-30T06:47:08.000Z
"9/30/2025, 2:50:08 AM",3.641,81.1,100,0,2025-09-30T06:50:08.000Z
"9/30/2025, 2:53:08 AM",3.641,81.1,100,0,2025-09-30T06:53:08.000Z
"9/30/2025, 2:56:08 AM",3.641,81.1,100,0,2025-09-30T06:56:08.000Z
"9/30/2025, 2:59:08 AM",3.641,81,100,0,2025-09-30T06:59:08.000Z
"9/30/2025, 3:02:08 AM",3.641,81,100,0,2025-09-30T07:02:08.000Z
"9/30/2025, 3:05:08 AM",3.641,81,100,0,2025-09-30T07:05:08.000Z
"9/30/2025, 3:08:08 AM",3.641,81,100,0,2025-09-30T07:08:08.000Z
"9/30/2025, 3:11:08 AM",3.641,81,100,0,2025-09-30T07:11:08.000Z
"9/30/2025, 3:14:08 AM",3.641,80.8,100,0,2025-09-30T07:14:08.000Z
"9/30/2025, 3:17:08 AM",3.641,80.8,100,0,2025-09-30T07:17:08.000Z
"9/30/2025, 3:20:08 AM",3.641,80.8,100,0,2025-09-30T07:20:08.000Z
"9/30/2025, 3:23:08 AM",3.641,80.8,100,0,2025-09-30T07:23:08.000Z
"9/30/2025, 3:26:08 AM",3.641,80.8,100,0,2025-09-30T07:26:08.000Z
"9/30/2025, 3:29:08 AM",3.641,80.8,100,0,2025-09-30T07:29:08.000Z
"9/30/2025, 3:32:08 AM",3.641,80.6,100,0,2025-09-30T07:32:08.000Z
"9/30/2025, 3:35:08 AM",3.641,80.6,100,0,2025-09-30T07:35:08.000Z
"9/30/2025, 3:38:08 AM",3.641,80.6,100,0,2025-09-30T07:38:08.000Z
"9/30/2025, 3:41:08 AM",3.641,80.6,100,0,2025-09-30T07:41:08.000Z
"9/30/2025, 3:44:08 AM",3.641,80.6,100,0,2025-09-30T07:44:08.000Z
"9/30/2025, 3:47:08 AM",3.641,80.6,100,0,2025-09-30T07:47:08.000Z
"9/30/2025, 3:50:08 AM",3.641,80.4,100,0,2025-09-30T07:50:08.000Z
"9/30/2025, 3:53:08 AM",3.641,80.4,100,0,2025-09-30T07:53:08.000Z
"9/30/2025, 3:56:08 AM",3.641,80.4,100,0,2025-09-30T07:56:08.000Z
"9/30/2025, 3:59:08 AM",3.641,80.4,100,0,2025-09-30T07:59:08.000Z
"9/30/2025, 4:02:08 AM",3.641,80.4,100,0,2025-09-30T08:02:08.000Z
"9/30/2025, 4:05:08 AM",3.641,80.2,100,0,2025-09-30T08:05:08.000Z
"9/30/2025, 4:08:08 AM",3.641,80.2,100,0,2025-09-30T08:08:08.000Z
"9/30/2025, 4:11:08 AM",3.641,80.2,100,0,2025-09-30T08:11:08.000Z
"9/30/2025, 4:14:08 AM",3.641,80.2,100,0,2025-09-30T08:14:08.000Z
"9/30/2025, 4:17:08 AM",3.641,80.2,100,0,2025-09-30T08:17:08.000Z
"9/30/2025, 4:20:08 AM",3.641,80.2,100,0,2025-09-30T08:20:08.000Z
"9/30/2025, 4:23:08 AM",3.641,80.1,100,0,2025-09-30T08:23:08.000Z
"9/30/2025, 4:26:08 AM",3.641,80.1,100,0,2025-09-30T08:26:08.000Z
"9/30/2025, 4:29:08 AM",3.641,80.1,100,0,2025-09-30T08:29:08.000Z
"9/30/2025, 4:32:08 AM",3.641,80.1,100,0,2025-09-30T08:32:08.000Z
"9/30/2025, 4:35:08 AM",3.641,80.1,100,0,2025-09-30T08:35:08.000Z
"9/30/2025, 4:38:08 AM",3.641,79.9,100,0,2025-09-30T08:38:08.000Z
"9/30/2025, 4:41:08 AM",3.641,79.9,100,0,2025-09-30T08:41:08.000Z
"9/30/2025, 4:44:08 AM",3.641,79.9,100,0,2025-09-30T08:44:08.000Z
"9/30/2025, 4:47:08 AM",3.641,79.9,100,0,2025-09-30T08:47:08.000Z
"9/30/2025, 4:50:08 AM",3.641,79.9,100,0,2025-09-30T08:50:08.000Z
"9/30/2025, 4:53:08 AM",3.641,79.7,100,0,2025-09-30T08:53:08.000Z
"9/30/2025, 4:56:08 AM",3.64,79.7,100,0,2025-09-30T08:56:08.000Z
"9/30/2025, 4:59:08 AM",3.641,79.7,100,0,2025-09-30T08:59:08.000Z
"9/30/2025, 5:02:08 AM",3.641,79.7,100,0,2025-09-30T09:02:08.000Z
"9/30/2025, 5:05:08 AM",3.641,79.5,100,0,2025-09-30T09:05:08.000Z
"9/30/2025, 5:08:08 AM",3.64,79.5,100,0,2025-09-30T09:08:08.000Z
"9/30/2025, 5:11:08 AM",3.641,79.5,100,0,2025-09-30T09:11:08.000Z
"9/30/2025, 5:14:08 AM",3.641,79.5,100,0,2025-09-30T09:14:08.000Z
"9/30/2025, 5:17:08 AM",3.641,79.5,100,0,2025-09-30T09:17:08.000Z
"9/30/2025, 5:20:08 AM",3.641,79.3,100,0,2025-09-30T09:20:08.000Z
"9/30/2025, 5:23:08 AM",3.641,79.3,100,0,2025-09-30T09:23:08.000Z
"9/30/2025, 5:26:08 AM",3.641,79.3,100,0,2025-09-30T09:26:08.000Z
"9/30/2025, 5:29:08 AM",3.641,79.3,100,0,2025-09-30T09:29:08.000Z
"9/30/2025, 5:32:08 AM",3.641,79.3,100,0,2025-09-30T09:32:08.000Z
"9/30/2025, 5:35:08 AM",3.641,79.3,100,0,2025-09-30T09:35:08.000Z
"9/30/2025, 5:38:08 AM",3.64,79.3,100,0,2025-09-30T09:38:08.000Z
"9/30/2025, 5:41:08 AM",3.641,79.3,100,0,2025-09-30T09:41:08.000Z
"9/30/2025, 5:44:08 AM",3.641,79.2,100,0,2025-09-30T09:44:08.000Z
"9/30/2025, 5:47:08 AM",3.641,79.2,100,0,2025-09-30T09:47:08.000Z
"9/30/2025, 5:50:08 AM",3.641,79.2,100,0,2025-09-30T09:50:08.000Z
"9/30/2025, 5:53:08 AM",3.641,79.2,100,0,2025-09-30T09:53:08.000Z
"9/30/2025, 5:56:08 AM",3.641,79.2,100,0,2025-09-30T09:56:08.000Z
"9/30/2025, 5:59:08 AM",3.641,79,100,0,2025-09-30T09:59:08.000Z
"9/30/2025, 6:02:08 AM",3.641,79,100,0,2025-09-30T10:02:08.000Z
"9/30/2025, 6:05:08 AM",3.641,79,100,0,2025-09-30T10:05:08.000Z
"9/30/2025, 6:08:08 AM",3.641,79,100,0,2025-09-30T10:08:08.000Z
"9/30/2025, 6:11:08 AM",3.641,79,100,0,2025-09-30T10:11:08.000Z
"9/30/2025, 6:14:08 AM",3.641,78.8,100,0,2025-09-30T10:14:08.000Z
"9/30/2025, 6:17:08 AM",3.641,78.8,100,0,2025-09-30T10:17:08.000Z
"9/30/2025, 6:20:08 AM",3.641,78.8,100,0,2025-09-30T10:20:08.000Z
"9/30/2025, 6:23:08 AM",3.64,78.6,100,0,2025-09-30T10:23:08.000Z
"9/30/2025, 6:26:08 AM",3.641,78.6,100,0,2025-09-30T10:26:08.000Z
"9/30/2025, 6:29:08 AM",3.641,78.6,100,0,2025-09-30T10:29:08.000Z
"9/30/2025, 6:32:08 AM",3.641,78.4,100,0,2025-09-30T10:32:08.000Z
"9/30/2025, 6:35:08 AM",3.641,78.4,100,0,2025-09-30T10:35:08.000Z
"9/30/2025, 6:38:08 AM",3.641,78.4,100,0,2025-09-30T10:38:08.000Z
"9/30/2025, 6:41:08 AM",3.641,78.3,100,0,2025-09-30T10:41:08.000Z
"9/30/2025, 6:44:08 AM",3.641,78.3,100,0,2025-09-30T10:44:08.000Z
"9/30/2025, 6:47:08 AM",3.64,78.1,100,0,2025-09-30T10:47:08.000Z
"9/30/2025, 6:50:08 AM",3.641,78.1,100,0,2025-09-30T10:50:08.000Z
"9/30/2025, 6:53:08 AM",3.641,77.9,100,0,2025-09-30T10:53:08.000Z
"9/30/2025, 6:56:08 AM",3.641,77.9,100,0,2025-09-30T10:56:08.000Z
"9/30/2025, 6:59:08 AM",3.641,77.9,100,0,2025-09-30T10:59:08.000Z
"9/30/2025, 7:02:08 AM",3.641,77.7,100,0,2025-09-30T11:02:08.000Z
"9/30/2025, 7:05:08 AM",3.641,77.7,100,0,2025-09-30T11:05:08.000Z
"9/30/2025, 7:08:08 AM",3.641,77.5,100,0,2025-09-30T11:08:08.000Z
"9/30/2025, 7:11:08 AM",3.641,77.5,100,0,2025-09-30T11:11:08.000Z
"9/30/2025, 7:14:08 AM",3.641,77.5,100,0,2025-09-30T11:14:08.000Z
"9/30/2025, 7:17:08 AM",3.641,77.4,100,0,2025-09-30T11:17:08.000Z
"9/30/2025, 7:20:08 AM",3.641,77.4,100,0,2025-09-30T11:20:08.000Z
"9/30/2025, 7:23:08 AM",3.641,77.4,100,0,2025-09-30T11:23:08.000Z
"9/30/2025, 7:26:08 AM",3.641,77.2,100,0,2025-09-30T11:26:08.000Z
"9/30/2025, 7:29:08 AM",3.641,77.2,100,0,2025-09-30T11:29:08.000Z
"9/30/2025, 7:32:08 AM",3.641,77.2,100,0,2025-09-30T11:32:08.000Z
"9/30/2025, 7:35:08 AM",3.641,77.2,100,0,2025-09-30T11:35:08.000Z
"9/30/2025, 7:38:08 AM",3.641,77,100,0,2025-09-30T11:38:08.000Z
"9/30/2025, 7:41:08 AM",3.641,77,100,0,2025-09-30T11:41:08.000Z
"9/30/2025, 7:44:08 AM",3.641,77,100,0,2025-09-30T11:44:08.000Z
"9/30/2025, 7:47:08 AM",3.641,77,100,0,2025-09-30T11:47:08.000Z
"9/30/2025, 7:50:08 AM",3.641,77,100,0,2025-09-30T11:50:08.000Z
"9/30/2025, 7:53:08 AM",3.641,77,100,0,2025-09-30T11:53:08.000Z
"9/30/2025, 7:56:08 AM",3.64,77,100,0,2025-09-30T11:56:08.000Z
"9/30/2025, 7:59:08 AM",3.641,76.8,100,0,2025-09-30T11:59:08.000Z
"9/30/2025, 8:02:08 AM",3.641,76.8,100,0,2025-09-30T12:02:08.000Z
"9/30/2025, 8:05:08 AM",3.641,76.8,100,0,2025-09-30T12:05:08.000Z
"9/30/2025, 8:08:08 AM",3.641,76.8,100,0,2025-09-30T12:08:08.000Z
"9/30/2025, 8:11:08 AM",3.641,76.8,100,0,2025-09-30T12:11:08.000Z
"9/30/2025, 8:14:08 AM",3.641,77,100,0,2025-09-30T12:14:08.000Z
"9/30/2025, 8:17:08 AM",3.641,77,100,0,2025-09-30T12:17:08.000Z
"9/30/2025, 8:20:08 AM",3.641,77,100,0,2025-09-30T12:20:08.000Z
"9/30/2025, 8:23:08 AM",3.641,77.2,100,0,2025-09-30T12:23:08.000Z
"9/30/2025, 8:26:08 AM",3.641,77.2,100,0,2025-09-30T12:26:08.000Z
"9/30/2025, 8:29:08 AM",3.641,77.4,100,0,2025-09-30T12:29:08.000Z
"9/30/2025, 8:32:08 AM",3.641,77.4,100,0,2025-09-30T12:32:08.000Z
"9/30/2025, 8:35:08 AM",3.641,77.4,100,0,2025-09-30T12:35:08.000Z
"9/30/2025, 8:38:08 AM",3.641,77.5,100,0,2025-09-30T12:38:08.000Z
"9/30/2025, 8:41:08 AM",3.641,77.5,100,0,2025-09-30T12:41:08.000Z
"9/30/2025, 8:44:08 AM",3.641,77.5,100,0,2025-09-30T12:44:08.000Z
"9/30/2025, 8:47:08 AM",3.641,77.7,100,0,2025-09-30T12:47:08.000Z
"9/30/2025, 8:50:08 AM",3.641,77.7,100,0,2025-09-30T12:50:08.000Z
"9/30/2025, 8:53:08 AM",3.641,77.9,100,0,2025-09-30T12:53:08.000Z
"9/30/2025, 8:56:08 AM",3.641,77.9,100,0,2025-09-30T12:56:08.000Z
"9/30/2025, 8:59:08 AM",3.641,78.1,100,0,2025-09-30T12:59:08.000Z
"9/30/2025, 9:02:08 AM",3.641,78.1,100,0,2025-09-30T13:02:08.000Z
"9/30/2025, 9:05:08 AM",3.641,78.3,100,0,2025-09-30T13:05:08.000Z
"9/30/2025, 9:08:08 AM",3.641,78.3,100,0,2025-09-30T13:08:08.000Z
"9/30/2025, 9:11:08 AM",3.641,78.4,100,0,2025-09-30T13:11:08.000Z
"9/30/2025, 9:14:08 AM",3.64,78.4,100,0,2025-09-30T13:14:08.000Z
"9/30/2025, 9:17:08 AM",3.641,78.6,100,0,2025-09-30T13:17:08.000Z
"9/30/2025, 9:20:08 AM",3.64,78.6,100,0,2025-09-30T13:20:08.000Z
"9/30/2025, 9:23:08 AM",3.641,78.8,100,0,2025-09-30T13:23:08.000Z
"9/30/2025, 9:26:08 AM",3.641,79,100,0,2025-09-30T13:26:08.000Z
"9/30/2025, 9:29:08 AM",3.641,79,100,0,2025-09-30T13:29:08.000Z
"9/30/2025, 9:32:08 AM",3.64,79.2,100,0,2025-09-30T13:32:08.000Z
"9/30/2025, 9:35:08 AM",3.641,79.3,100,0,2025-09-30T13:35:08.000Z
"9/30/2025, 9:38:08 AM",3.641,79.5,100,0,2025-09-30T13:38:08.000Z
"9/30/2025, 9:41:08 AM",3.64,79.5,100,0,2025-09-30T13:41:08.000Z
"9/30/2025, 9:44:08 AM",3.64,79.7,100,0,2025-09-30T13:44:08.000Z
"9/30/2025, 9:47:08 AM",3.641,79.9,100,0,2025-09-30T13:47:08.000Z
"9/30/2025, 9:50:08 AM",3.64,80.1,100,0,2025-09-30T13:50:08.000Z
"9/30/2025, 9:53:08 AM",3.641,80.2,100,0,2025-09-30T13:53:08.000Z
"9/30/2025, 9:56:08 AM",3.64,80.4,100,0,2025-09-30T13:56:08.000Z
"9/30/2025, 9:59:08 AM",3.641,80.6,100,0,2025-09-30T13:59:08.000Z
"9/30/2025, 10:02:08 AM",3.641,80.8,100,0,2025-09-30T14:02:08.000Z
"9/30/2025, 10:05:08 AM",3.641,81,100,0,2025-09-30T14:05:08.000Z
"9/30/2025, 10:08:08 AM",3.641,81.1,100,0,2025-09-30T14:08:08.000Z
"9/30/2025, 10:11:08 AM",3.641,81.5,100,0,2025-09-30T14:11:08.000Z
"9/30/2025, 10:14:08 AM",3.641,81.7,100,0,2025-09-30T14:14:08.000Z
"9/30/2025, 10:17:08 AM",3.641,81.9,100,0,2025-09-30T14:17:08.000Z
"9/30/2025, 10:20:08 AM",3.641,82,100,0,2025-09-30T14:20:08.000Z
"9/30/2025, 10:23:08 AM",3.641,82.4,100,0,2025-09-30T14:23:08.000Z
"9/30/2025, 10:26:08 AM",3.641,82.8,100,0,2025-09-30T14:26:08.000Z
"9/30/2025, 10:29:08 AM",3.641,82.9,100,0,2025-09-30T14:29:08.000Z
"9/30/2025, 10:32:08 AM",3.64,83.3,100,0,2025-09-30T14:32:08.000Z
"9/30/2025, 10:35:08 AM",3.64,83.5,100,0,2025-09-30T14:35:08.000Z
"9/30/2025, 10:38:08 AM",3.641,83.8,100,0,2025-09-30T14:38:08.000Z
"9/30/2025, 10:41:08 AM",3.64,84.2,100,0,2025-09-30T14:41:08.000Z
"9/30/2025, 10:44:08 AM",3.641,84.4,100,0,2025-09-30T14:44:08.000Z
"9/30/2025, 10:47:08 AM",3.64,84.7,100,0,2025-09-30T14:47:08.000Z
"9/30/2025, 10:50:08 AM",3.64,85.1,100,0,2025-09-30T14:50:08.000Z
"9/30/2025, 10:53:08 AM",3.641,85.3,100,0,2025-09-30T14:53:08.000Z
"9/30/2025, 10:56:08 AM",3.64,85.6,100,0,2025-09-30T14:56:08.000Z
"9/30/2025, 10:59:08 AM",3.64,85.8,100,0,2025-09-30T14:59:08.000Z
"9/30/2025, 11:02:08 AM",3.64,86.2,100,0,2025-09-30T15:02:08.000Z
"9/30/2025, 11:05:08 AM",3.64,86.5,100,0,2025-09-30T15:05:08.000Z
"9/30/2025, 11:08:08 AM",3.64,86.7,100,0,2025-09-30T15:08:08.000Z
"9/30/2025, 11:11:08 AM",3.64,87.1,100,0,2025-09-30T15:11:08.000Z
"9/30/2025, 11:14:08 AM",3.64,87.1,100,0,2025-09-30T15:14:08.000Z
"9/30/2025, 11:17:08 AM",3.64,87.4,100,0,2025-09-30T15:17:08.000Z
"9/30/2025, 11:20:08 AM",3.64,87.6,100,0,2025-09-30T15:20:08.000Z
"9/30/2025, 11:23:08 AM",3.64,87.8,100,0,2025-09-30T15:23:08.000Z
"9/30/2025, 11:26:08 AM",3.64,88,100,0,2025-09-30T15:26:08.000Z
"9/30/2025, 11:29:08 AM",3.64,88.3,100,0,2025-09-30T15:29:08.000Z
"9/30/2025, 11:32:08 AM",3.64,88.5,100,0,2025-09-30T15:32:08.000Z
"9/30/2025, 11:35:08 AM",3.64,88.7,100,0,2025-09-30T15:35:08.000Z
"9/30/2025, 11:38:08 AM",3.64,88.9,100,0,2025-09-30T15:38:08.000Z
"9/30/2025, 11:41:08 AM",3.64,89.1,100,0,2025-09-30T15:41:08.000Z
"9/30/2025, 11:44:08 AM",3.64,89.2,100,0,2025-09-30T15:44:08.000Z
"9/30/2025, 11:47:08 AM",3.64,89.4,100,0,2025-09-30T15:47:08.000Z
"9/30/2025, 11:50:08 AM",3.64,89.6,100,0,2025-09-30T15:50:08.000Z
"9/30/2025, 11:53:08 AM",3.64,89.6,100,0,2025-09-30T15:53:08.000Z
"9/30/2025, 11:56:08 AM",3.64,89.8,100,0,2025-09-30T15:56:08.000Z
"9/30/2025, 11:59:08 AM",3.64,89.8,100,0,2025-09-30T15:59:08.000Z
"9/30/2025, 12:02:08 PM",3.64,90.1,100,0,2025-09-30T16:02:08.000Z
"9/30/2025, 12:05:08 PM",3.64,90.1,100,0,2025-09-30T16:05:08.000Z
"9/30/2025, 12:08:08 PM",3.64,90.3,100,0,2025-09-30T16:08:08.000Z
"9/30/2025, 12:11:08 PM",3.64,90.5,100,0,2025-09-30T16:11:08.000Z
"9/30/2025, 12:14:08 PM",3.64,90.7,100,0,2025-09-30T16:14:08.000Z
"9/30/2025, 12:17:08 PM",3.64,91,100,0,2025-09-30T16:17:08.000Z
"9/30/2025, 12:20:08 PM",3.64,91.2,100,0,2025-09-30T16:20:08.000Z
"9/30/2025, 12:23:08 PM",3.64,91.6,100,0,2025-09-30T16:23:08.000Z
"9/30/2025, 12:26:08 PM",3.64,91.8,100,0,2025-09-30T16:26:08.000Z
"9/30/2025, 12:29:08 PM",3.64,92.1,100,0,2025-09-30T16:29:08.000Z
"9/30/2025, 12:32:08 PM",3.64,92.3,100,0,2025-09-30T16:32:08.000Z
"9/30/2025, 12:35:08 PM",3.64,92.7,100,0,2025-09-30T16:35:08.000Z
"9/30/2025, 12:38:08 PM",3.64,92.8,100,0,2025-09-30T16:38:08.000Z
"9/30/2025, 12:41:08 PM",3.64,93,100,0,2025-09-30T16:41:08.000Z
"9/30/2025, 12:44:08 PM",3.639,93.2,100,0,2025-09-30T16:44:08.000Z
"9/30/2025, 12:47:08 PM",3.64,93.6,100,0,2025-09-30T16:47:08.000Z
"9/30/2025, 12:50:08 PM",3.64,93.7,100,0,2025-09-30T16:50:08.000Z
"9/30/2025, 12:53:08 PM",3.639,93.9,100,0,2025-09-30T16:53:08.000Z
"9/30/2025, 12:56:08 PM",3.64,94.1,100,0,2025-09-30T16:56:08.000Z
"9/30/2025, 12:59:08 PM",3.64,94.5,100,0,2025-09-30T16:59:08.000Z
"9/30/2025, 1:02:08 PM",3.64,94.6,100,0,2025-09-30T17:02:08.000Z
"9/30/2025, 1:05:08 PM",3.639,94.8,100,0,2025-09-30T17:05:08.000Z
"9/30/2025, 1:08:08 PM",3.639,95,100,0,2025-09-30T17:08:08.000Z
"9/30/2025, 1:11:08 PM",3.64,95.2,100,0,2025-09-30T17:11:08.000Z
"9/30/2025, 1:14:08 PM",3.64,95.5,100,0,2025-09-30T17:14:08.000Z
"9/30/2025, 1:17:08 PM",3.639,95.7,100,0,2025-09-30T17:17:08.000Z
"9/30/2025, 1:20:08 PM",3.639,95.9,100,0,2025-09-30T17:20:08.000Z
"9/30/2025, 1:23:08 PM",3.64,96.1,100,0,2025-09-30T17:23:08.000Z
"9/30/2025, 1:26:08 PM",3.64,96.3,100,0,2025-09-30T17:26:08.000Z
"9/30/2025, 1:29:08 PM",3.64,96.4,100,0,2025-09-30T17:29:08.000Z
"9/30/2025, 1:32:08 PM",3.64,96.6,100,0,2025-09-30T17:32:08.000Z
"9/30/2025, 1:35:08 PM",3.639,96.8,100,0,2025-09-30T17:35:08.000Z
"9/30/2025, 1:38:08 PM",3.64,97.2,100,0,2025-09-30T17:38:08.000Z
"9/30/2025, 1:41:08 PM",3.64,97.3,100,0,2025-09-30T17:41:08.000Z
"9/30/2025, 1:44:08 PM",3.639,97.5,100,0,2025-09-30T17:44:08.000Z
"9/30/2025, 1:47:08 PM",3.64,97.7,100,0,2025-09-30T17:47:08.000Z
"9/30/2025, 1:50:08 PM",3.639,97.9,100,0,2025-09-30T17:50:08.000Z
"9/30/2025, 1:53:08 PM",3.639,98.1,100,0,2025-09-30T17:53:08.000Z
"9/30/2025, 1:56:08 PM",3.639,98.2,100,0,2025-09-30T17:56:08.000Z
"9/30/2025, 1:59:08 PM",3.64,98.4,100,0,2025-09-30T17:59:08.000Z
"9/30/2025, 2:02:08 PM",3.64,98.6,100,0,2025-09-30T18:02:08.000Z
"9/30/2025, 2:05:08 PM",3.639,98.8,100,0,2025-09-30T18:05:08.000Z
"9/30/2025, 2:08:08 PM",3.639,99,100,0,2025-09-30T18:08:08.000Z
"9/30/2025, 2:11:08 PM",3.64,99,100,0,2025-09-30T18:11:08.000Z
"9/30/2025, 2:14:08 PM",3.64,99.3,100,0,2025-09-30T18:14:08.000Z
"9/30/2025, 2:17:08 PM",3.64,99.5,100,0,2025-09-30T18:17:08.000Z
"9/30/2025, 2:20:08 PM",3.64,99.7,100,0,2025-09-30T18:20:08.000Z
"9/30/2025, 2:23:08 PM",3.64,99.9,100,0,2025-09-30T18:23:08.000Z
"9/30/2025, 2:26:08 PM",3.64,99.9,100,0,2025-09-30T18:26:08.000Z
"9/30/2025, 2:29:08 PM",3.639,100,100,0,2025-09-30T18:29:08.000Z
"9/30/2025, 2:32:08 PM",3.64,100,100,0,2025-09-30T18:32:08.000Z
"9/30/2025, 2:35:08 PM",3.64,100.2,100,0,2025-09-30T18:35:08.000Z
"9/30/2025, 2:38:08 PM",3.639,100.2,100,0,2025-09-30T18:38:08.000Z
"9/30/2025, 2:41:08 PM",3.64,100.4,100,0,2025-09-30T18:41:08.000Z
"9/30/2025, 2:44:08 PM",3.64,100.4,100,0,2025-09-30T18:44:08.000Z
"9/30/2025, 2:47:08 PM",3.64,100.6,100,0,2025-09-30T18:47:08.000Z
"9/30/2025, 2:50:08 PM",3.639,100.6,100,0,2025-09-30T18:50:08.000Z
"9/30/2025, 2:53:08 PM",3.64,100.8,100,0,2025-09-30T18:53:08.000Z
"9/30/2025, 2:56:08 PM",3.64,100.8,100,0,2025-09-30T18:56:08.000Z
"9/30/2025, 2:59:08 PM",3.64,100.8,100,0,2025-09-30T18:59:08.000Z
"9/30/2025, 3:02:08 PM",3.64,100.8,100,0,2025-09-30T19:02:08.000Z
"9/30/2025, 3:05:08 PM",3.639,100.8,100,0,2025-09-30T19:05:08.000Z
"9/30/2025, 3:08:08 PM",3.64,100.8,100,0,2025-09-30T19:08:08.000Z
"9/30/2025, 3:11:08 PM",3.64,100.8,100,0,2025-09-30T19:11:08.000Z
"9/30/2025, 3:14:08 PM",3.64,100.8,100,0,2025-09-30T19:14:08.000Z
"9/30/2025, 3:17:08 PM",3.64,100.9,100,0,2025-09-30T19:17:08.000Z
"9/30/2025, 3:20:08 PM",3.64,100.9,100,0,2025-09-30T19:20:08.000Z
"9/30/2025, 3:23:08 PM",3.64,100.9,100,0,2025-09-30T19:23:08.000Z
"9/30/2025, 3:26:08 PM",3.639,100.9,100,0,2025-09-30T19:26:08.000Z
"9/30/2025, 3:29:08 PM",3.64,100.8,100,0,2025-09-30T19:29:08.000Z
"9/30/2025, 3:32:08 PM",3.639,100.8,100,0,2025-09-30T19:32:08.000Z
"9/30/2025, 3:35:08 PM",3.639,100.8,100,0,2025-09-30T19:35:08.000Z
"9/30/2025, 3:38:08 PM",3.639,100.8,100,0,2025-09-30T19:38:08.000Z
"9/30/2025, 3:41:08 PM",3.639,100.8,100,0,2025-09-30T19:41:08.000Z
"9/30/2025, 3:44:08 PM",3.64,100.6,100,0,2025-09-30T19:44:08.000Z
"9/30/2025, 3:47:08 PM",3.64,100.6,100,0,2025-09-30T19:47:08.000Z
"9/30/2025, 3:50:08 PM",3.64,100.6,100,0,2025-09-30T19:50:08.000Z
"9/30/2025, 3:53:08 PM",3.64,100.6,100,0,2025-09-30T19:53:08.000Z
"9/30/2025, 3:56:08 PM",3.64,100.6,100,0,2025-09-30T19:56:08.000Z
"9/30/2025, 3:59:08 PM",3.64,100.4,100,0,2025-09-30T19:59:08.000Z
"9/30/2025, 4:02:08 PM",3.639,100.4,100,0,2025-09-30T20:02:08.000Z
"9/30/2025, 4:05:08 PM",3.639,100.2,100,0,2025-09-30T20:05:08.000Z
"9/30/2025, 4:08:08 PM",3.64,100.2,100,0,2025-09-30T20:08:08.000Z
"9/30/2025, 4:11:08 PM",3.64,100.2,100,0,2025-09-30T20:11:08.000Z
"9/30/2025, 4:14:08 PM",3.639,100.2,100,0,2025-09-30T20:14:08.000Z
"9/30/2025, 4:17:08 PM",3.64,100.2,100,0,2025-09-30T20:17:08.000Z
"9/30/2025, 4:20:08 PM",3.64,100,100,0,2025-09-30T20:20:08.000Z
"9/30/2025, 4:23:08 PM",3.64,100,100,0,2025-09-30T20:23:08.000Z
"9/30/2025, 4:26:08 PM",3.64,100,100,0,2025-09-30T20:26:08.000Z
"9/30/2025, 4:29:08 PM",3.64,100,100,0,2025-09-30T20:29:08.000Z
"9/30/2025, 4:32:08 PM",3.64,100,100,0,2025-09-30T20:32:08.000Z
"9/30/2025, 4:35:08 PM",3.64,99.9,100,0,2025-09-30T20:35:08.000Z
"9/30/2025, 4:38:08 PM",3.64,99.9,100,0,2025-09-30T20:38:08.000Z
"9/30/2025, 4:41:08 PM",3.64,99.9,100,0,2025-09-30T20:41:08.000Z
"9/30/2025, 4:44:08 PM",3.64,99.9,100,0,2025-09-30T20:44:08.000Z
"9/30/2025, 4:47:08 PM",3.64,99.7,100,0,2025-09-30T20:47:08.000Z
"9/30/2025, 4:50:08 PM",3.64,99.7,100,0,2025-09-30T20:50:08.000Z
"9/30/2025, 4:53:08 PM",3.64,99.7,100,0,2025-09-30T20:53:08.000Z
"9/30/2025, 4:56:08 PM",3.64,99.5,100,0,2025-09-30T20:56:08.000Z
"9/30/2025, 4:59:08 PM",3.639,99.5,100,0,2025-09-30T20:59:08.000Z
"9/30/2025, 5:02:08 PM",3.64,99.3,100,0,2025-09-30T21:02:08.000Z
"9/30/2025, 5:05:08 PM",3.64,99.3,100,0,2025-09-30T21:05:08.000Z
"9/30/2025, 5:08:08 PM",3.64,99.1,100,0,2025-09-30T21:08:08.000Z
"9/30/2025, 5:11:08 PM",3.64,99.1,100,0,2025-09-30T21:11:08.000Z
"9/30/2025, 5:14:08 PM",3.64,99,100,0,2025-09-30T21:14:08.000Z
"9/30/2025, 5:17:08 PM",3.64,99,100,0,2025-09-30T21:17:08.000Z
"9/30/2025, 5:20:08 PM",3.64,98.8,100,0,2025-09-30T21:20:08.000Z
"9/30/2025, 5:23:08 PM",3.64,98.6,100,0,2025-09-30T21:23:08.000Z
"9/30/2025, 5:26:08 PM",3.64,98.2,100,0,2025-09-30T21:26:08.000Z
"9/30/2025, 5:29:08 PM",3.64,98.1,100,0,2025-09-30T21:29:08.000Z
"9/30/2025, 5:32:08 PM",3.64,97.9,100,0,2025-09-30T21:32:08.000Z
"9/30/2025, 5:35:08 PM",3.64,97.5,100,0,2025-09-30T21:35:08.000Z
"9/30/2025, 5:38:08 PM",3.64,97.3,100,0,2025-09-30T21:38:08.000Z
"9/30/2025, 5:41:08 PM",3.64,97,100,0,2025-09-30T21:41:08.000Z
"9/30/2025, 5:44:08 PM",3.64,96.8,100,0,2025-09-30T21:44:08.000Z
"9/30/2025, 5:47:08 PM",3.639,96.4,100,0,2025-09-30T21:47:08.000Z
"9/30/2025, 5:50:08 PM",3.639,96.3,100,0,2025-09-30T21:50:08.000Z
"9/30/2025, 5:53:08 PM",3.64,95.9,100,0,2025-09-30T21:53:08.000Z
"9/30/2025, 5:56:08 PM",3.64,95.5,100,0,2025-09-30T21:56:08.000Z
"9/30/2025, 5:59:08 PM",3.64,95.4,100,0,2025-09-30T21:59:08.000Z
"9/30/2025, 6:02:08 PM",3.64,95,100,0,2025-09-30T22:02:08.000Z
"9/30/2025, 6:05:08 PM",3.64,94.6,100,0,2025-09-30T22:05:08.000Z
"9/30/2025, 6:08:08 PM",3.64,94.3,100,0,2025-09-30T22:08:08.000Z
"9/30/2025, 6:11:08 PM",3.64,94.1,100,0,2025-09-30T22:11:08.000Z
"9/30/2025, 6:14:08 PM",3.639,93.7,100,0,2025-09-30T22:14:08.000Z
"9/30/2025, 6:17:08 PM",3.64,93.4,100,0,2025-09-30T22:17:08.000Z
"9/30/2025, 6:20:08 PM",3.64,93,100,0,2025-09-30T22:20:08.000Z
"9/30/2025, 6:23:08 PM",3.639,92.8,100,0,2025-09-30T22:23:08.000Z
"9/30/2025, 6:26:08 PM",3.64,92.3,100,0,2025-09-30T22:26:08.000Z
"9/30/2025, 6:29:08 PM",3.64,92.1,100,0,2025-09-30T22:29:08.000Z
"9/30/2025, 6:32:08 PM",3.64,91.8,100,0,2025-09-30T22:32:08.000Z
"9/30/2025, 6:35:08 PM",3.64,91.4,100,0,2025-09-30T22:35:08.000Z
"9/30/2025, 6:38:08 PM",3.64,91,100,0,2025-09-30T22:38:08.000Z
"9/30/2025, 6:41:08 PM",3.64,90.7,100,0,2025-09-30T22:41:08.000Z
"9/30/2025, 6:44:08 PM",3.64,90.3,100,0,2025-09-30T22:44:08.000Z
"9/30/2025, 6:47:08 PM",3.64,90,100,0,2025-09-30T22:47:08.000Z
"9/30/2025, 6:50:08 PM",3.64,89.6,100,0,2025-09-30T22:50:08.000Z
"9/30/2025, 6:53:08 PM",3.64,89.2,100,0,2025-09-30T22:53:08.000Z
"9/30/2025, 6:56:08 PM",3.641,88.9,100,0,2025-09-30T22:56:08.000Z
"9/30/2025, 6:59:08 PM",3.641,88.7,100,0,2025-09-30T22:59:08.000Z
"9/30/2025, 7:02:08 PM",3.64,88.3,100,0,2025-09-30T23:02:08.000Z
"9/30/2025, 7:05:08 PM",3.64,88,100,0,2025-09-30T23:05:08.000Z
"9/30/2025, 7:08:08 PM",3.64,87.6,100,0,2025-09-30T23:08:08.000Z
"9/30/2025, 7:11:08 PM",3.64,87.3,100,0,2025-09-30T23:11:08.000Z
"9/30/2025, 7:14:08 PM",3.641,87.1,100,0,2025-09-30T23:14:08.000Z
"9/30/2025, 7:17:08 PM",3.64,86.7,100,0,2025-09-30T23:17:08.000Z
"9/30/2025, 7:20:08 PM",3.64,86.4,100,0,2025-09-30T23:20:08.000Z
"9/30/2025, 7:23:08 PM",3.641,86.2,100,0,2025-09-30T23:23:08.000Z
"9/30/2025, 7:26:08 PM",3.64,85.8,100,0,2025-09-30T23:26:08.000Z
"9/30/2025, 7:29:08 PM",3.64,85.6,100,0,2025-09-30T23:29:08.000Z
"9/30/2025, 7:32:08 PM",3.641,85.3,100,0,2025-09-30T23:32:08.000Z
"9/30/2025, 7:35:08 PM",3.641,85.1,100,0,2025-09-30T23:35:08.000Z
"9/30/2025, 7:38:08 PM",3.64,84.7,100,0,2025-09-30T23:38:08.000Z
"9/30/2025, 7:41:08 PM",3.641,84.6,100,0,2025-09-30T23:41:08.000Z
"9/30/2025, 7:44:08 PM",3.641,84.2,100,0,2025-09-30T23:44:08.000Z
"9/30/2025, 7:47:08 PM",3.641,84,100,0,2025-09-30T23:47:08.000Z
"9/30/2025, 7:50:08 PM",3.641,83.8,100,0,2025-09-30T23:50:08.000Z
"9/30/2025, 7:53:08 PM",3.641,83.7,100,0,2025-09-30T23:53:08.000Z
"9/30/2025, 7:56:08 PM",3.641,83.3,100,0,2025-09-30T23:56:08.000Z
"9/30/2025, 7:59:08 PM",3.641,83.1,100,0,2025-09-30T23:59:08.000Z
"9/30/2025, 8:02:08 PM",3.641,82.9,100,0,2025-10-01T00:02:08.000Z
"9/30/2025, 8:05:08 PM",3.641,82.8,100,0,2025-10-01T00:05:08.000Z
"9/30/2025, 8:08:08 PM",3.641,82.6,100,0,2025-10-01T00:08:08.000Z
"9/30/2025, 8:11:08 PM",3.641,82.4,100,0,2025-10-01T00:11:08.000Z
"9/30/2025, 8:14:08 PM",3.641,82.2,100,0,2025-10-01T00:14:08.000Z
"9/30/2025, 8:17:08 PM",3.641,82,100,0,2025-10-01T00:17:08.000Z
"9/30/2025, 8:20:08 PM",3.641,81.9,100,0,2025-10-01T00:20:08.000Z
"9/30/2025, 8:23:08 PM",3.641,81.9,100,0,2025-10-01T00:23:08.000Z
"9/30/2025, 8:26:08 PM",3.641,81.7,100,0,2025-10-01T00:26:08.000Z
"9/30/2025, 8:29:08 PM",3.641,81.5,100,0,2025-10-01T00:29:08.000Z
"9/30/2025, 8:32:08 PM",3.641,81.3,100,0,2025-10-01T00:32:08.000Z
"9/30/2025, 8:35:08 PM",3.641,81.3,100,0,2025-10-01T00:35:08.000Z
"9/30/2025, 8:38:08 PM",3.641,81.1,100,0,2025-10-01T00:38:08.000Z
"9/30/2025, 8:41:08 PM",3.641,81.1,100,0,2025-10-01T00:41:08.000Z
"9/30/2025, 8:44:08 PM",3.641,81,100,0,2025-10-01T00:44:08.000Z
"9/30/2025, 8:47:08 PM",3.641,80.8,100,0,2025-10-01T00:47:08.000Z
"9/30/2025, 8:50:08 PM",3.641,80.8,100,0,2025-10-01T00:50:08.000Z
"9/30/2025, 8:53:08 PM",3.641,80.6,100,0,2025-10-01T00:53:08.000Z
"9/30/2025, 8:56:08 PM",3.641,80.4,100,0,2025-10-01T00:56:08.000Z
"9/30/2025, 8:59:08 PM",3.641,80.4,100,0,2025-10-01T00:59:08.000Z
"9/30/2025, 9:02:08 PM",3.641,80.2,100,0,2025-10-01T01:02:08.000Z
"9/30/2025, 9:05:08 PM",3.641,80.1,100,0,2025-10-01T01:05:08.000Z
"9/30/2025, 9:08:08 PM",3.641,80.1,100,0,2025-10-01T01:08:08.000Z
"9/30/2025, 9:11:08 PM",3.641,79.9,100,0,2025-10-01T01:11:08.000Z
"9/30/2025, 9:14:08 PM",3.641,79.7,100,0,2025-10-01T01:14:08.000Z
"9/30/2025, 9:17:08 PM",3.641,79.7,100,0,2025-10-01T01:17:08.000Z
"9/30/2025, 9:20:08 PM",3.641,79.5,100,0,2025-10-01T01:20:08.000Z
"9/30/2025, 9:23:08 PM",3.642,79.5,100,0,2025-10-01T01:23:08.000Z
"9/30/2025, 9:26:08 PM",3.641,79.3,100,0,2025-10-01T01:26:08.000Z
"9/30/2025, 9:29:08 PM",3.641,79.3,100,0,2025-10-01T01:29:08.000Z
"9/30/2025, 9:32:08 PM",3.641,79.3,100,0,2025-10-01T01:32:08.000Z
"9/30/2025, 9:35:08 PM",3.642,79.2,100,0,2025-10-01T01:35:08.000Z
"9/30/2025, 9:38:08 PM",3.641,79.2,100,0,2025-10-01T01:38:08.000Z
"9/30/2025, 9:41:08 PM",3.641,79.2,100,0,2025-10-01T01:41:08.000Z
"9/30/2025, 9:44:08 PM",3.641,79,100,0,2025-10-01T01:44:08.000Z
"9/30/2025, 9:47:08 PM",3.641,79,100,0,2025-10-01T01:47:08.000Z
"9/30/2025, 9:50:08 PM",3.641,79,100,0,2025-10-01T01:50:08.000Z
"9/30/2025, 9:53:08 PM",3.641,79,100,0,2025-10-01T01:53:08.000Z
"9/30/2025, 9:56:08 PM",3.641,78.8,100,0,2025-10-01T01:56:08.000Z
"9/30/2025, 9:59:08 PM",3.641,78.6,100,0,2025-10-01T01:59:08.000Z
"9/30/2025, 10:02:08 PM",3.641,78.4,100,0,2025-10-01T02:02:08.000Z
"9/30/2025, 10:05:08 PM",3.641,78.4,100,0,2025-10-01T02:05:08.000Z
"9/30/2025, 10:08:08 PM",3.641,78.4,100,0,2025-10-01T02:08:08.000Z
"9/30/2025, 10:11:08 PM",3.641,78.6,100,0,2025-10-01T02:11:08.000Z
"9/30/2025, 10:14:08 PM",3.64,78.6,100,0,2025-10-01T02:14:08.000Z
"9/30/2025, 10:17:08 PM",3.641,79,100,0,2025-10-01T02:17:08.000Z
"9/30/2025, 10:20:08 PM",3.641,79,100,0,2025-10-01T02:20:08.000Z
"9/30/2025, 10:23:08 PM",3.641,79,100,0,2025-10-01T02:23:08.000Z
"9/30/2025, 10:26:08 PM",3.641,79,100,0,2025-10-01T02:26:08.000Z
"9/30/2025, 10:29:08 PM",3.641,79,100,0,2025-10-01T02:29:08.000Z
"9/30/2025, 10:32:08 PM",3.641,79.2,100,0,2025-10-01T02:32:08.000Z
"9/30/2025, 10:35:08 PM",3.641,79.2,100,0,2025-10-01T02:35:08.000Z
"9/30/2025, 10:38:08 PM",3.641,79.2,100,0,2025-10-01T02:38:08.000Z
"9/30/2025, 10:41:08 PM",3.641,79.3,100,0,2025-10-01T02:41:08.000Z
"9/30/2025, 10:44:08 PM",3.641,79.2,100,0,2025-10-01T02:44:08.000Z
"9/30/2025, 10:47:08 PM",3.641,79.2,100,0,2025-10-01T02:47:08.000Z
"9/30/2025, 10:50:08 PM",3.641,79.3,100,0,2025-10-01T02:50:08.000Z
"9/30/2025, 10:53:08 PM",3.641,79.3,100,0,2025-10-01T02:53:08.000Z
"9/30/2025, 10:56:08 PM",3.641,79.3,100,0,2025-10-01T02:56:08.000Z
"9/30/2025, 10:59:08 PM",3.641,79.2,100,0,2025-10-01T02:59:08.000Z
"9/30/2025, 11:02:08 PM",3.641,79.2,100,0,2025-10-01T03:02:08.000Z
"9/30/2025, 11:05:08 PM",3.641,79.2,100,0,2025-10-01T03:05:08.000Z
"9/30/2025, 11:08:08 PM",3.641,79.2,100,0,2025-10-01T03:08:08.000Z
"9/30/2025, 11:11:08 PM",3.641,79.2,100,0,2025-10-01T03:11:08.000Z
"9/30/2025, 11:14:08 PM",3.641,79.2,100,0,2025-10-01T03:14:08.000Z
"9/30/2025, 11:17:08 PM",3.642,79.2,100,0,2025-10-01T03:17:08.000Z
"9/30/2025, 11:20:08 PM",3.641,79.2,100,0,2025-10-01T03:20:08.000Z
"9/30/2025, 11:23:08 PM",3.641,79.2,100,0,2025-10-01T03:23:08.000Z
"9/30/2025, 11:26:08 PM",3.641,79.2,100,0,2025-10-01T03:26:08.000Z
"9/30/2025, 11:29:08 PM",3.641,79.2,100,0,2025-10-01T03:29:08.000Z
"9/30/2025, 11:32:08 PM",3.641,79.2,100,0,2025-10-01T03:32:08.000Z
"9/30/2025, 11:35:08 PM",3.641,79.2,100,0,2025-10-01T03:35:08.000Z
"9/30/2025, 11:38:08 PM",3.641,79.2,100,0,2025-10-01T03:38:08.000Z
"9/30/2025, 11:41:08 PM",3.641,79.2,100,0,2025-10-01T03:41:08.000Z
"9/30/2025, 11:44:08 PM",3.641,79.2,100,0,2025-10-01T03:44:08.000Z
"9/30/2025, 11:47:08 PM",3.641,79.2,100,0,2025-10-01T03:47:08.000Z
"9/30/2025, 11:50:08 PM",3.641,79.3,100,0,2025-10-01T03:50:08.000Z
"9/30/2025, 11:53:08 PM",3.641,79.3,100,0,2025-10-01T03:53:08.000Z
"9/30/2025, 11:56:08 PM",3.641,79.3,100,0,2025-10-01T03:56:08.000Z
"9/30/2025, 11:59:08 PM",3.641,79.3,100,0,2025-10-01T03:59:08.000Z
"10/1/2025, 12:02:08 AM",3.641,79.3,100,0,2025-10-01T04:02:08.000Z
"10/1/2025, 12:05:08 AM",3.641,79.3,100,0,2025-10-01T04:05:08.000Z
"10/1/2025, 12:08:08 AM",3.641,79.5,100,0,2025-10-01T04:08:08.000Z
"10/1/2025, 12:11:08 AM",3.641,79.5,100,0,2025-10-01T04:11:08.000Z
"10/1/2025, 12:14:08 AM",3.641,79.5,100,0,2025-10-01T04:14:08.000Z
"10/1/2025, 12:17:08 AM",3.641,79.5,100,0,2025-10-01T04:17:08.000Z
"10/1/2025, 12:20:08 AM",3.641,79.7,100,0,2025-10-01T04:20:08.000Z
"10/1/2025, 12:23:08 AM",3.641,79.7,100,0,2025-10-01T04:23:08.000Z
"10/1/2025, 12:26:08 AM",3.641,79.9,100,0,2025-10-01T04:26:08.000Z
"10/1/2025, 12:29:08 AM",3.641,79.9,100,0,2025-10-01T04:29:08.000Z
"10/1/2025, 12:32:08 AM",3.641,79.9,100,0,2025-10-01T04:32:08.000Z
"10/1/2025, 12:35:08 AM",3.641,80.1,100,0,2025-10-01T04:35:08.000Z
"10/1/2025, 12:38:08 AM",3.641,80.1,100,0,2025-10-01T04:38:08.000Z
"10/1/2025, 12:41:08 AM",3.641,80.1,100,0,2025-10-01T04:41:08.000Z
"10/1/2025, 12:44:08 AM",3.641,80.1,100,0,2025-10-01T04:44:08.000Z
"10/1/2025, 12:47:08 AM",3.641,80.1,100,0,2025-10-01T04:47:08.000Z
"10/1/2025, 12:50:08 AM",3.641,80.1,100,0,2025-10-01T04:50:08.000Z
"10/1/2025, 12:53:08 AM",3.641,80.1,100,0,2025-10-01T04:53:08.000Z
"10/1/2025, 12:56:08 AM",3.641,80.1,100,0,2025-10-01T04:56:08.000Z
"10/1/2025, 12:59:08 AM",3.641,79.9,100,0,2025-10-01T04:59:08.000Z
"10/1/2025, 1:02:08 AM",3.641,79.9,100,0,2025-10-01T05:02:08.000Z
"10/1/2025, 1:05:08 AM",3.641,79.9,100,0,2025-10-01T05:05:08.000Z
"10/1/2025, 1:08:08 AM",3.641,79.9,100,0,2025-10-01T05:08:08.000Z
"10/1/2025, 1:11:08 AM",3.641,79.9,100,0,2025-10-01T05:11:08.000Z
"10/1/2025, 1:14:08 AM",3.641,79.9,100,0,2025-10-01T05:14:08.000Z
"10/1/2025, 1:17:08 AM",3.641,79.9,100,0,2025-10-01T05:17:08.000Z
"10/1/2025, 1:20:08 AM",3.641,79.9,100,0,2025-10-01T05:20:08.000Z
"10/1/2025, 1:23:08 AM",3.641,79.9,100,0,2025-10-01T05:23:08.000Z
"10/1/2025, 1:26:08 AM",3.641,79.7,100,0,2025-10-01T05:26:08.000Z
"10/1/2025, 1:29:08 AM",3.641,79.5,100,0,2025-10-01T05:29:08.000Z
"10/1/2025, 1:32:08 AM",3.641,79.5,100,0,2025-10-01T05:32:08.000Z
"10/1/2025, 1:35:08 AM",3.641,79.5,100,0,2025-10-01T05:35:08.000Z
"10/1/2025, 1:38:08 AM",3.641,79.5,100,0,2025-10-01T05:38:08.000Z
"10/1/2025, 1:41:08 AM",3.641,79.5,100,0,2025-10-01T05:41:08.000Z
"10/1/2025, 1:44:08 AM",3.641,79.5,100,0,2025-10-01T05:44:08.000Z
"10/1/2025, 1:47:08 AM",3.641,79.3,100,0,2025-10-01T05:47:08.000Z
"10/1/2025, 1:50:08 AM",3.64,79.3,100,0,2025-10-01T05:50:08.000Z
"10/1/2025, 1:53:08 AM",3.641,79.2,100,0,2025-10-01T05:53:08.000Z
"10/1/2025, 1:56:08 AM",3.64,79.2,100,0,2025-10-01T05:56:08.000Z
"10/1/2025, 1:59:08 AM",3.641,79.2,100,0,2025-10-01T05:59:08.000Z
"10/1/2025, 2:02:08 AM",3.641,79.2,100,0,2025-10-01T06:02:08.000Z
"10/1/2025, 2:05:08 AM",3.641,79.2,100,0,2025-10-01T06:05:08.000Z
"10/1/2025, 2:08:08 AM",3.641,79,100,0,2025-10-01T06:08:08.000Z
"10/1/2025, 2:11:08 AM",3.641,79,100,0,2025-10-01T06:11:08.000Z
"10/1/2025, 2:14:08 AM",3.641,79,100,0,2025-10-01T06:14:08.000Z
"10/1/2025, 2:17:08 AM",3.64,79,100,0,2025-10-01T06:17:08.000Z
"10/1/2025, 2:20:08 AM",3.641,79,100,0,2025-10-01T06:20:08.000Z
"10/1/2025, 2:23:08 AM",3.641,79,100,0,2025-10-01T06:23:08.000Z
"10/1/2025, 2:26:08 AM",3.641,79,100,0,2025-10-01T06:26:08.000Z
"10/1/2025, 2:29:08 AM",3.641,79,100,0,2025-10-01T06:29:08.000Z
"10/1/2025, 2:32:08 AM",3.641,79,100,0,2025-10-01T06:32:08.000Z
"10/1/2025, 2:35:08 AM",3.641,79,100,0,2025-10-01T06:35:08.000Z
"10/1/2025, 2:38:08 AM",3.641,78.8,100,0,2025-10-01T06:38:08.000Z
"10/1/2025, 2:41:08 AM",3.641,78.8,100,0,2025-10-01T06:41:08.000Z
"10/1/2025, 2:44:08 AM",3.641,78.8,100,0,2025-10-01T06:44:08.000Z
"10/1/2025, 2:47:08 AM",3.641,78.6,100,0,2025-10-01T06:47:08.000Z
"10/1/2025, 2:50:08 AM",3.64,78.6,100,0,2025-10-01T06:50:08.000Z
"10/1/2025, 2:53:08 AM",3.64,78.6,100,0,2025-10-01T06:53:08.000Z
"10/1/2025, 2:56:08 AM",3.64,78.6,100,0,2025-10-01T06:56:08.000Z
"10/1/2025, 2:59:08 AM",3.641,78.4,100,0,2025-10-01T06:59:08.000Z
"10/1/2025, 3:02:08 AM",3.641,78.4,100,0,2025-10-01T07:02:08.000Z
"10/1/2025, 3:05:08 AM",3.64,78.4,100,0,2025-10-01T07:05:08.000Z
"10/1/2025, 3:08:08 AM",3.641,78.4,100,0,2025-10-01T07:08:08.000Z
"10/1/2025, 3:11:08 AM",3.641,78.3,100,0,2025-10-01T07:11:08.000Z
"10/1/2025, 3:14:08 AM",3.641,78.3,100,0,2025-10-01T07:14:08.000Z
"10/1/2025, 3:17:08 AM",3.641,78.3,100,0,2025-10-01T07:17:08.000Z
"10/1/2025, 3:20:08 AM",3.641,78.3,100,0,2025-10-01T07:20:08.000Z
"10/1/2025, 3:23:08 AM",3.641,78.3,100,0,2025-10-01T07:23:08.000Z
"10/1/2025, 3:26:08 AM",3.641,78.3,100,0,2025-10-01T07:26:08.000Z
"10/1/2025, 3:29:08 AM",3.641,78.3,100,0,2025-10-01T07:29:08.000Z
"10/1/2025, 3:32:08 AM",3.64,78.3,100,0,2025-10-01T07:32:08.000Z
"10/1/2025, 3:35:08 AM",3.64,78.1,100,0,2025-10-01T07:35:08.000Z
"10/1/2025, 3:38:08 AM",3.641,77.9,100,0,2025-10-01T07:38:08.000Z
"10/1/2025, 3:41:08 AM",3.64,77.9,100,0,2025-10-01T07:41:08.000Z
"10/1/2025, 3:44:08 AM",3.641,77.9,100,0,2025-10-01T07:44:08.000Z
"10/1/2025, 3:47:08 AM",3.641,77.9,100,0,2025-10-01T07:47:08.000Z
"10/1/2025, 3:50:08 AM",3.641,77.7,100,0,2025-10-01T07:50:08.000Z
"10/1/2025, 3:53:08 AM",3.641,77.7,100,0,2025-10-01T07:53:08.000Z
"10/1/2025, 3:56:08 AM",3.641,77.7,100,0,2025-10-01T07:56:08.000Z
"10/1/2025, 3:59:08 AM",3.641,77.7,100,0,2025-10-01T07:59:08.000Z
"10/1/2025, 4:02:08 AM",3.641,77.5,100,0,2025-10-01T08:02:08.000Z
"10/1/2025, 4:05:08 AM",3.641,77.5,100,0,2025-10-01T08:05:08.000Z
"10/1/2025, 4:08:08 AM",3.641,77.5,100,0,2025-10-01T08:08:08.000Z
"10/1/2025, 4:11:08 AM",3.641,77.4,100,0,2025-10-01T08:11:08.000Z
"10/1/2025, 4:14:08 AM",3.641,77.4,100,0,2025-10-01T08:14:08.000Z
"10/1/2025, 4:17:08 AM",3.641,77.4,100,0,2025-10-01T08:17:08.000Z
"10/1/2025, 4:20:08 AM",3.641,77.4,100,0,2025-10-01T08:20:08.000Z
"10/1/2025, 4:23:08 AM",3.641,77.4,100,0,2025-10-01T08:23:08.000Z
"10/1/2025, 4:26:08 AM",3.64,77.2,100,0,2025-10-01T08:26:08.000Z
"10/1/2025, 4:29:08 AM",3.641,77.2,100,0,2025-10-01T08:29:08.000Z
"10/1/2025, 4:32:08 AM",3.641,77.2,100,0,2025-10-01T08:32:08.000Z
"10/1/2025, 4:35:08 AM",3.641,77,100,0,2025-10-01T08:35:08.000Z
"10/1/2025, 4:38:08 AM",3.641,76.8,100,0,2025-10-01T08:38:08.000Z
"10/1/2025, 4:41:08 AM",3.641,76.8,100,0,2025-10-01T08:41:08.000Z
"10/1/2025, 4:44:08 AM",3.64,76.6,100,0,2025-10-01T08:44:08.000Z
"10/1/2025, 4:47:08 AM",3.641,76.6,100,0,2025-10-01T08:47:08.000Z
"10/1/2025, 4:50:08 AM",3.641,76.6,100,0,2025-10-01T08:50:08.000Z
"10/1/2025, 4:53:08 AM",3.641,76.5,100,0,2025-10-01T08:53:08.000Z
"10/1/2025, 4:56:08 AM",3.641,76.5,100,0,2025-10-01T08:56:08.000Z
"10/1/2025, 4:59:08 AM",3.641,76.5,100,0,2025-10-01T08:59:08.000Z
"10/1/2025, 5:02:08 AM",3.641,76.5,100,0,2025-10-01T09:02:08.000Z
"10/1/2025, 5:05:08 AM",3.641,76.5,100,0,2025-10-01T09:05:08.000Z
"10/1/2025, 5:08:08 AM",3.641,76.6,100,0,2025-10-01T09:08:08.000Z
"10/1/2025, 5:11:08 AM",3.641,76.6,100,0,2025-10-01T09:11:08.000Z
"10/1/2025, 5:14:08 AM",3.641,76.6,100,0,2025-10-01T09:14:08.000Z
"10/1/2025, 5:17:08 AM",3.64,76.6,100,0,2025-10-01T09:17:08.000Z
"10/1/2025, 5:20:08 AM",3.641,76.6,100,0,2025-10-01T09:20:08.000Z
"10/1/2025, 5:23:08 AM",3.64,76.6,100,0,2025-10-01T09:23:08.000Z
"10/1/2025, 5:26:08 AM",3.641,76.8,100,0,2025-10-01T09:26:08.000Z
"10/1/2025, 5:29:08 AM",3.641,76.8,100,0,2025-10-01T09:29:08.000Z
"10/1/2025, 5:32:08 AM",3.641,76.8,100,0,2025-10-01T09:32:08.000Z
"10/1/2025, 5:35:08 AM",3.64,76.8,100,0,2025-10-01T09:35:08.000Z
"10/1/2025, 5:38:08 AM",3.641,76.6,100,0,2025-10-01T09:38:08.000Z
"10/1/2025, 5:41:08 AM",3.64,76.6,100,0,2025-10-01T09:41:08.000Z
"10/1/2025, 5:44:08 AM",3.64,76.6,100,0,2025-10-01T09:44:08.000Z
"10/1/2025, 5:47:08 AM",3.641,76.6,100,0,2025-10-01T09:47:08.000Z
"10/1/2025, 5:50:08 AM",3.64,76.6,100,0,2025-10-01T09:50:08.000Z
"10/1/2025, 5:53:08 AM",3.641,76.5,100,0,2025-10-01T09:53:08.000Z
"10/1/2025, 5:56:08 AM",3.641,76.5,100,0,2025-10-01T09:56:08.000Z
"10/1/2025, 5:59:08 AM",3.641,76.5,100,0,2025-10-01T09:59:08.000Z
"10/1/2025, 6:02:08 AM",3.64,76.5,100,0,2025-10-01T10:02:08.000Z
"10/1/2025, 6:05:08 AM",3.641,76.3,100,0,2025-10-01T10:05:08.000Z
"10/1/2025, 6:08:08 AM",3.641,76.3,100,0,2025-10-01T10:08:08.000Z
"10/1/2025, 6:11:08 AM",3.641,76.5,100,0,2025-10-01T10:11:08.000Z
"10/1/2025, 6:14:08 AM",3.64,76.5,100,0,2025-10-01T10:14:08.000Z
"10/1/2025, 6:17:08 AM",3.641,76.5,100,0,2025-10-01T10:17:08.000Z
"10/1/2025, 6:20:08 AM",3.64,76.5,100,0,2025-10-01T10:20:08.000Z
"10/1/2025, 6:23:08 AM",3.641,76.3,100,0,2025-10-01T10:23:08.000Z
"10/1/2025, 6:26:08 AM",3.641,76.3,100,0,2025-10-01T10:26:08.000Z
"10/1/2025, 6:29:08 AM",3.641,76.3,100,0,2025-10-01T10:29:08.000Z
"10/1/2025, 6:32:08 AM",3.64,76.3,100,0,2025-10-01T10:32:08.000Z
"10/1/2025, 6:35:08 AM",3.641,76.3,100,0,2025-10-01T10:35:08.000Z
"10/1/2025, 6:38:08 AM",3.64,76.1,100,0,2025-10-01T10:38:08.000Z
"10/1/2025, 6:41:08 AM",3.641,76.1,100,0,2025-10-01T10:41:08.000Z
"10/1/2025, 6:44:08 AM",3.64,75.9,100,0,2025-10-01T10:44:08.000Z
"10/1/2025, 6:47:08 AM",3.641,75.9,100,0,2025-10-01T10:47:08.000Z
"10/1/2025, 6:50:08 AM",3.641,75.7,100,0,2025-10-01T10:50:08.000Z
"10/1/2025, 6:53:08 AM",3.641,75.7,100,0,2025-10-01T10:53:08.000Z
"10/1/2025, 6:56:08 AM",3.64,75.7,100,0,2025-10-01T10:56:08.000Z
"10/1/2025, 6:59:08 AM",3.64,75.7,100,0,2025-10-01T10:59:08.000Z
"10/1/2025, 7:02:08 AM",3.641,75.7,100,0,2025-10-01T11:02:08.000Z
"10/1/2025, 7:05:08 AM",3.64,75.7,100,0,2025-10-01T11:05:08.000Z
"10/1/2025, 7:08:08 AM",3.641,75.6,100,0,2025-10-01T11:08:08.000Z
"10/1/2025, 7:11:08 AM",3.641,75.6,100,0,2025-10-01T11:11:08.000Z
"10/1/2025, 7:14:08 AM",3.641,75.4,100,0,2025-10-01T11:14:08.000Z
"10/1/2025, 7:17:08 AM",3.64,75.4,100,0,2025-10-01T11:17:08.000Z
"10/1/2025, 7:20:08 AM",3.64,75.6,100,0,2025-10-01T11:20:08.000Z
"10/1/2025, 7:23:08 AM",3.641,75.6,100,0,2025-10-01T11:23:08.000Z
"10/1/2025, 7:26:08 AM",3.64,75.4,100,0,2025-10-01T11:26:08.000Z
"10/1/2025, 7:29:08 AM",3.641,75.4,100,0,2025-10-01T11:29:08.000Z
"10/1/2025, 7:32:08 AM",3.64,75.4,100,0,2025-10-01T11:32:08.000Z
"10/1/2025, 7:35:08 AM",3.641,75.4,100,0,2025-10-01T11:35:08.000Z
"10/1/2025, 7:38:08 AM",3.641,75.4,100,0,2025-10-01T11:38:08.000Z
"10/1/2025, 7:41:08 AM",3.641,75.4,100,0,2025-10-01T11:41:08.000Z
"10/1/2025, 7:44:08 AM",3.641,75.4,100,0,2025-10-01T11:44:08.000Z
"10/1/2025, 7:47:08 AM",3.64,75.4,100,0,2025-10-01T11:47:08.000Z
"10/1/2025, 7:50:08 AM",3.64,75.4,100,0,2025-10-01T11:50:08.000Z
"10/1/2025, 7:53:08 AM",3.641,75.4,100,0,2025-10-01T11:53:08.000Z
"10/1/2025, 7:56:08 AM",3.64,75.4,100,0,2025-10-01T11:56:08.000Z
"10/1/2025, 7:59:08 AM",3.64,75.6,100,0,2025-10-01T11:59:08.000Z
"10/1/2025, 8:02:08 AM",3.64,75.6,100,0,2025-10-01T12:02:08.000Z
"10/1/2025, 8:05:08 AM",3.64,75.4,100,0,2025-10-01T12:05:08.000Z
"10/1/2025, 8:08:08 AM",3.64,75.4,100,0,2025-10-01T12:08:08.000Z
"10/1/2025, 8:11:08 AM",3.641,75.6,100,0,2025-10-01T12:11:08.000Z
"10/1/2025, 8:14:08 AM",3.64,75.6,100,0,2025-10-01T12:14:08.000Z
"10/1/2025, 8:17:08 AM",3.641,75.6,100,0,2025-10-01T12:17:08.000Z
"10/1/2025, 8:20:08 AM",3.64,75.6,100,0,2025-10-01T12:20:08.000Z
"10/1/2025, 8:23:08 AM",3.64,75.7,100,0,2025-10-01T12:23:08.000Z
"10/1/2025, 8:26:08 AM",3.641,75.7,100,0,2025-10-01T12:26:08.000Z
"10/1/2025, 8:29:08 AM",3.64,75.9,100,0,2025-10-01T12:29:08.000Z
"10/1/2025, 8:32:08 AM",3.64,75.9,100,0,2025-10-01T12:32:08.000Z
"10/1/2025, 8:35:08 AM",3.641,76.1,100,0,2025-10-01T12:35:08.000Z
"10/1/2025, 8:38:08 AM",3.64,76.1,100,0,2025-10-01T12:38:08.000Z
"10/1/2025, 8:41:08 AM",3.64,76.3,100,0,2025-10-01T12:41:08.000Z
"10/1/2025, 8:44:08 AM",3.64,76.3,100,0,2025-10-01T12:44:08.000Z
"10/1/2025, 8:47:08 AM",3.64,76.3,100,0,2025-10-01T12:47:08.000Z
"10/1/2025, 8:50:08 AM",3.64,76.5,100,0,2025-10-01T12:50:08.000Z
"10/1/2025, 8:53:08 AM",3.64,76.6,100,0,2025-10-01T12:53:08.000Z
"10/1/2025, 8:56:08 AM",3.64,76.6,100,0,2025-10-01T12:56:08.000Z
"10/1/2025, 8:59:08 AM",3.64,76.8,100,0,2025-10-01T12:59:08.000Z
"10/1/2025, 9:02:08 AM",3.64,77,100,0,2025-10-01T13:02:08.000Z
"10/1/2025, 9:05:08 AM",3.64,77.2,100,0,2025-10-01T13:05:08.000Z
"10/1/2025, 9:08:08 AM",3.641,77.4,100,0,2025-10-01T13:08:08.000Z
"10/1/2025, 9:11:08 AM",3.64,77.5,100,0,2025-10-01T13:11:08.000Z
"10/1/2025, 9:14:08 AM",3.64,77.7,100,0,2025-10-01T13:14:08.000Z
"10/1/2025, 9:17:08 AM",3.64,77.9,100,0,2025-10-01T13:17:08.000Z
"10/1/2025, 9:20:08 AM",3.64,78.1,100,0,2025-10-01T13:20:08.000Z
"10/1/2025, 9:23:08 AM",3.64,78.3,100,0,2025-10-01T13:23:08.000Z
"10/1/2025, 9:26:08 AM",3.64,78.4,100,0,2025-10-01T13:26:08.000Z
"10/1/2025, 9:29:08 AM",3.64,78.6,100,0,2025-10-01T13:29:08.000Z
"10/1/2025, 9:32:08 AM",3.64,78.8,100,0,2025-10-01T13:32:08.000Z
"10/1/2025, 9:35:08 AM",3.641,79,100,0,2025-10-01T13:35:08.000Z
"10/1/2025, 9:38:08 AM",3.64,79.2,100,0,2025-10-01T13:38:08.000Z
"10/1/2025, 9:41:08 AM",3.64,79.2,100,0,2025-10-01T13:41:08.000Z
"10/1/2025, 9:44:08 AM",3.64,79.2,100,0,2025-10-01T13:44:08.000Z
"10/1/2025, 9:47:08 AM",3.64,79.5,100,0,2025-10-01T13:47:08.000Z
"10/1/2025, 9:50:08 AM",3.64,79.7,100,0,2025-10-01T13:50:08.000Z
"10/1/2025, 9:53:08 AM",3.64,79.9,100,0,2025-10-01T13:53:08.000Z
"10/1/2025, 9:56:08 AM",3.64,80.1,100,0,2025-10-01T13:56:08.000Z
"10/1/2025, 9:59:08 AM",3.64,80.4,100,0,2025-10-01T13:59:08.000Z
"10/1/2025, 10:02:08 AM",3.64,80.6,100,0,2025-10-01T14:02:08.000Z
"10/1/2025, 10:05:08 AM",3.64,80.8,100,0,2025-10-01T14:05:08.000Z
"10/1/2025, 10:08:08 AM",3.641,81.1,100,0,2025-10-01T14:08:08.000Z
"10/1/2025, 10:11:08 AM",3.64,81.3,100,0,2025-10-01T14:11:08.000Z
"10/1/2025, 10:14:08 AM",3.64,81.5,100,0,2025-10-01T14:14:08.000Z
"10/1/2025, 10:17:08 AM",3.64,81.7,100,0,2025-10-01T14:17:08.000Z
"10/1/2025, 10:20:08 AM",3.64,82,100,0,2025-10-01T14:20:08.000Z
"10/1/2025, 10:23:08 AM",3.64,82.2,100,0,2025-10-01T14:23:08.000Z
"10/1/2025, 10:26:08 AM",3.64,82.4,100,0,2025-10-01T14:26:08.000Z
"10/1/2025, 10:29:08 AM",3.64,82.6,100,0,2025-10-01T14:29:08.000Z
"10/1/2025, 10:32:08 AM",3.64,82.8,100,0,2025-10-01T14:32:08.000Z
"10/1/2025, 10:35:08 AM",3.639,82.9,100,0,2025-10-01T14:35:08.000Z
"10/1/2025, 10:38:08 AM",3.64,82.9,100,0,2025-10-01T14:38:08.000Z
"10/1/2025, 10:41:08 AM",3.64,83.1,100,0,2025-10-01T14:41:08.000Z
"10/1/2025, 10:44:08 AM",3.64,83.5,100,0,2025-10-01T14:44:08.000Z
"10/1/2025, 10:47:08 AM",3.64,83.7,100,0,2025-10-01T14:47:08.000Z
"10/1/2025, 10:50:08 AM",3.64,84,100,0,2025-10-01T14:50:08.000Z
"10/1/2025, 10:53:08 AM",3.64,84.2,100,0,2025-10-01T14:53:08.000Z
"10/1/2025, 10:56:08 AM",3.639,84.6,100,0,2025-10-01T14:56:08.000Z
"10/1/2025, 10:59:08 AM",3.64,84.7,100,0,2025-10-01T14:59:08.000Z
"10/1/2025, 11:02:08 AM",3.64,85.1,100,0,2025-10-01T15:02:08.000Z
"10/1/2025, 11:05:08 AM",3.64,85.3,100,0,2025-10-01T15:05:08.000Z
"10/1/2025, 11:08:08 AM",3.64,85.6,100,0,2025-10-01T15:08:08.000Z
"10/1/2025, 11:11:08 AM",3.64,85.8,100,0,2025-10-01T15:11:08.000Z
"10/1/2025, 11:14:08 AM",3.64,86.2,100,0,2025-10-01T15:14:08.000Z
"10/1/2025, 11:17:08 AM",3.639,86.7,100,0,2025-10-01T15:17:08.000Z
"10/1/2025, 11:20:08 AM",3.64,86.9,100,0,2025-10-01T15:20:08.000Z
"10/1/2025, 11:23:08 AM",3.639,87.3,100,0,2025-10-01T15:23:08.000Z
"10/1/2025, 11:26:08 AM",3.639,87.6,100,0,2025-10-01T15:26:08.000Z
"10/1/2025, 11:29:08 AM",3.639,88,100,0,2025-10-01T15:29:08.000Z
"10/1/2025, 11:32:08 AM",3.639,88.2,100,0,2025-10-01T15:32:08.000Z
"10/1/2025, 11:35:08 AM",3.639,88.5,100,0,2025-10-01T15:35:08.000Z
"10/1/2025, 11:38:08 AM",3.64,88.7,100,0,2025-10-01T15:38:08.000Z
"10/1/2025, 11:41:08 AM",3.639,88.9,100,0,2025-10-01T15:41:08.000Z
"10/1/2025, 11:44:08 AM",3.639,89.1,100,0,2025-10-01T15:44:08.000Z
"10/1/2025, 11:47:08 AM",3.639,89.4,100,0,2025-10-01T15:47:08.000Z
"10/1/2025, 11:50:08 AM",3.639,89.6,100,0,2025-10-01T15:50:08.000Z
"10/1/2025, 11:53:08 AM",3.639,90,100,0,2025-10-01T15:53:08.000Z
"10/1/2025, 11:56:08 AM",3.639,90.1,100,0,2025-10-01T15:56:08.000Z
"10/1/2025, 11:59:08 AM",3.64,90.3,100,0,2025-10-01T15:59:08.000Z
"10/1/2025, 12:02:08 PM",3.639,90.5,100,0,2025-10-01T16:02:08.000Z
"10/1/2025, 12:05:08 PM",3.64,90.9,100,0,2025-10-01T16:05:08.000Z
"10/1/2025, 12:08:08 PM",3.639,90.9,100,0,2025-10-01T16:08:08.000Z
"10/1/2025, 12:11:08 PM",3.639,91,100,0,2025-10-01T16:11:08.000Z
"10/1/2025, 12:14:08 PM",3.639,91.2,100,0,2025-10-01T16:14:08.000Z
"10/1/2025, 12:17:08 PM",3.639,91.6,100,0,2025-10-01T16:17:08.000Z
"10/1/2025, 12:20:08 PM",3.639,91.8,100,0,2025-10-01T16:20:08.000Z
"10/1/2025, 12:23:08 PM",3.639,91.9,100,0,2025-10-01T16:23:08.000Z
"10/1/2025, 12:26:08 PM",3.639,92.1,100,0,2025-10-01T16:26:08.000Z
"10/1/2025, 12:29:08 PM",3.639,92.3,100,0,2025-10-01T16:29:08.000Z
"10/1/2025, 12:32:08 PM",3.639,92.3,100,0,2025-10-01T16:32:08.000Z
"10/1/2025, 12:35:08 PM",3.639,92.5,100,0,2025-10-01T16:35:08.000Z
"10/1/2025, 12:38:08 PM",3.639,92.8,100,0,2025-10-01T16:38:08.000Z
"10/1/2025, 12:41:08 PM",3.639,92.8,100,0,2025-10-01T16:41:08.000Z
"10/1/2025, 12:44:08 PM",3.639,93.2,100,0,2025-10-01T16:44:08.000Z
"10/1/2025, 12:47:08 PM",3.639,93.4,100,0,2025-10-01T16:47:08.000Z
"10/1/2025, 12:50:08 PM",3.639,93.6,100,0,2025-10-01T16:50:08.000Z
"10/1/2025, 12:53:08 PM",3.639,93.6,100,0,2025-10-01T16:53:08.000Z
"10/1/2025, 12:56:08 PM",3.639,93.9,100,0,2025-10-01T16:56:08.000Z
"10/1/2025, 12:59:08 PM",3.639,93.9,100,0,2025-10-01T16:59:08.000Z
"10/1/2025, 1:02:08 PM",3.639,93.9,100,0,2025-10-01T17:02:08.000Z
"10/1/2025, 1:05:08 PM",3.639,94.1,100,0,2025-10-01T17:05:08.000Z
"10/1/2025, 1:08:08 PM",3.639,94.3,100,0,2025-10-01T17:08:08.000Z
"10/1/2025, 1:11:08 PM",3.639,94.5,100,0,2025-10-01T17:11:08.000Z
"10/1/2025, 1:14:08 PM",3.639,94.8,100,0,2025-10-01T17:14:08.000Z
"10/1/2025, 1:17:08 PM",3.639,95,100,0,2025-10-01T17:17:08.000Z
"10/1/2025, 1:20:08 PM",3.639,95.2,100,0,2025-10-01T17:20:08.000Z
"10/1/2025, 1:23:08 PM",3.639,95.5,100,0,2025-10-01T17:23:08.000Z
"10/1/2025, 1:26:08 PM",3.639,95.7,100,0,2025-10-01T17:26:08.000Z
"10/1/2025, 1:29:08 PM",3.639,95.7,100,0,2025-10-01T17:29:08.000Z
"10/1/2025, 1:32:08 PM",3.639,95.9,100,0,2025-10-01T17:32:08.000Z
"10/1/2025, 1:35:08 PM",3.639,96.3,100,0,2025-10-01T17:35:08.000Z
"10/1/2025, 1:38:08 PM",3.639,96.4,100,0,2025-10-01T17:38:08.000Z
"10/1/2025, 1:41:08 PM",3.639,96.6,100,0,2025-10-01T17:41:08.000Z
"10/1/2025, 1:44:08 PM",3.639,96.8,100,0,2025-10-01T17:44:08.000Z
"10/1/2025, 1:47:08 PM",3.639,97.2,100,0,2025-10-01T17:47:08.000Z
"10/1/2025, 1:50:08 PM",3.639,97.3,100,0,2025-10-01T17:50:08.000Z
"10/1/2025, 1:53:08 PM",3.639,97.5,100,0,2025-10-01T17:53:08.000Z
"10/1/2025, 1:56:08 PM",3.639,97.5,100,0,2025-10-01T17:56:08.000Z
"10/1/2025, 1:59:08 PM",3.639,97.7,100,0,2025-10-01T17:59:08.000Z
"10/1/2025, 2:02:08 PM",3.639,97.7,100,0,2025-10-01T18:02:08.000Z
"10/1/2025, 2:05:08 PM",3.639,97.9,100,0,2025-10-01T18:05:08.000Z
"10/1/2025, 2:08:08 PM",3.639,98.1,100,0,2025-10-01T18:08:08.000Z
"10/1/2025, 2:11:08 PM",3.639,98.1,100,0,2025-10-01T18:11:08.000Z
"10/1/2025, 2:14:08 PM",3.639,98.2,100,0,2025-10-01T18:14:08.000Z
"10/1/2025, 2:17:08 PM",3.639,98.2,100,0,2025-10-01T18:17:08.000Z
"10/1/2025, 2:20:08 PM",3.639,98.4,100,0,2025-10-01T18:20:08.000Z
"10/1/2025, 2:23:08 PM",3.639,98.4,100,0,2025-10-01T18:23:08.000Z
"10/1/2025, 2:26:08 PM",3.639,98.4,100,0,2025-10-01T18:26:08.000Z
"10/1/2025, 2:29:08 PM",3.639,98.4,100,0,2025-10-01T18:29:08.000Z
"10/1/2025, 2:32:08 PM",3.639,98.4,100,0,2025-10-01T18:32:08.000Z
"10/1/2025, 2:35:08 PM",3.639,98.4,100,0,2025-10-01T18:35:08.000Z
"10/1/2025, 2:38:08 PM",3.639,98.4,100,0,2025-10-01T18:38:08.000Z
"10/1/2025, 2:41:08 PM",3.639,98.6,100,0,2025-10-01T18:41:08.000Z
"10/1/2025, 2:44:08 PM",3.639,98.6,100,0,2025-10-01T18:44:08.000Z
"10/1/2025, 2:47:08 PM",3.639,98.8,100,0,2025-10-01T18:47:08.000Z
"10/1/2025, 2:50:08 PM",3.639,98.8,100,0,2025-10-01T18:50:08.000Z
"10/1/2025, 2:53:08 PM",3.639,99,100,0,2025-10-01T18:53:08.000Z
"10/1/2025, 2:56:08 PM",3.639,99.1,100,0,2025-10-01T18:56:08.000Z
"10/1/2025, 2:59:08 PM",3.639,99.1,100,0,2025-10-01T18:59:08.000Z
"10/1/2025, 3:02:08 PM",3.639,99.1,100,0,2025-10-01T19:02:08.000Z
"10/1/2025, 3:05:08 PM",3.639,99.1,100,0,2025-10-01T19:05:08.000Z
"10/1/2025, 3:08:08 PM",3.639,99.1,100,0,2025-10-01T19:08:08.000Z
"10/1/2025, 3:11:08 PM",3.639,99.1,100,0,2025-10-01T19:11:08.000Z
"10/1/2025, 3:14:08 PM",3.639,99,100,0,2025-10-01T19:14:08.000Z
"10/1/2025, 3:17:08 PM",3.639,98.8,100,0,2025-10-01T19:17:08.000Z
"10/1/2025, 3:20:08 PM",3.639,99,100,0,2025-10-01T19:20:08.000Z
"10/1/2025, 3:23:08 PM",3.639,99,100,0,2025-10-01T19:23:08.000Z
"10/1/2025, 3:26:08 PM",3.639,99,100,0,2025-10-01T19:26:08.000Z
"10/1/2025, 3:29:08 PM",3.639,99,100,0,2025-10-01T19:29:08.000Z
"10/1/2025, 3:32:08 PM",3.639,99,100,0,2025-10-01T19:32:08.000Z
"10/1/2025, 3:35:08 PM",3.639,99,100,0,2025-10-01T19:35:08.000Z
"10/1/2025, 3:38:08 PM",3.639,99.1,100,0,2025-10-01T19:38:08.000Z
"10/1/2025, 3:41:08 PM",3.639,99.3,100,0,2025-10-01T19:41:08.000Z
"10/1/2025, 3:44:08 PM",3.639,99.3,100,0,2025-10-01T19:44:08.000Z
"10/1/2025, 3:47:08 PM",3.64,99.5,100,0,2025-10-01T19:47:08.000Z
"10/1/2025, 3:50:08 PM",3.639,99.5,100,0,2025-10-01T19:50:08.000Z
"10/1/2025, 3:53:08 PM",3.639,99.5,100,0,2025-10-01T19:53:08.000Z
"10/1/2025, 3:56:08 PM",3.639,99.7,100,0,2025-10-01T19:56:08.000Z
"10/1/2025, 3:59:08 PM",3.639,99.7,100,0,2025-10-01T19:59:08.000Z
"10/1/2025, 4:02:08 PM",3.639,99.7,100,0,2025-10-01T20:02:08.000Z
"10/1/2025, 4:05:08 PM",3.639,99.5,100,0,2025-10-01T20:05:08.000Z
"10/1/2025, 4:08:08 PM",3.639,99.5,100,0,2025-10-01T20:08:08.000Z
"10/1/2025, 4:11:08 PM",3.639,99.5,100,0,2025-10-01T20:11:08.000Z
"10/1/2025, 4:14:08 PM",3.639,99.3,100,0,2025-10-01T20:14:08.000Z
"10/1/2025, 4:17:08 PM",3.639,99.3,100,0,2025-10-01T20:17:08.000Z
"10/1/2025, 4:20:08 PM",3.639,99.3,100,0,2025-10-01T20:20:08.000Z
"10/1/2025, 4:23:08 PM",3.639,99.3,100,0,2025-10-01T20:23:08.000Z
"10/1/2025, 4:26:08 PM",3.639,99.3,100,0,2025-10-01T20:26:08.000Z
"10/1/2025, 4:29:08 PM",3.639,99.3,100,0,2025-10-01T20:29:08.000Z
"10/1/2025, 4:32:08 PM",3.639,99.3,100,0,2025-10-01T20:32:08.000Z
"10/1/2025, 4:35:08 PM",3.639,99,100,0,2025-10-01T20:35:08.000Z
"10/1/2025, 4:38:08 PM",3.639,99,100,0,2025-10-01T20:38:08.000Z
"10/1/2025, 4:41:08 PM",3.639,98.8,100,0,2025-10-01T20:41:08.000Z
"10/1/2025, 4:44:08 PM",3.639,98.6,100,0,2025-10-01T20:44:08.000Z
"10/1/2025, 4:47:08 PM",3.639,98.4,100,0,2025-10-01T20:47:08.000Z
"10/1/2025, 4:50:08 PM",3.639,98.4,100,0,2025-10-01T20:50:08.000Z
"10/1/2025, 4:53:08 PM",3.639,98.2,100,0,2025-10-01T20:53:08.000Z
"10/1/2025, 4:56:08 PM",3.639,98.2,100,0,2025-10-01T20:56:08.000Z
"10/1/2025, 4:59:08 PM",3.639,98.1,100,0,2025-10-01T20:59:08.000Z
"10/1/2025, 5:02:08 PM",3.639,98.1,100,0,2025-10-01T21:02:08.000Z
"10/1/2025, 5:05:08 PM",3.64,98.1,100,0,2025-10-01T21:05:08.000Z
"10/1/2025, 5:08:08 PM",3.639,98.1,100,0,2025-10-01T21:08:08.000Z
"10/1/2025, 5:11:08 PM",3.64,97.9,100,0,2025-10-01T21:11:08.000Z
"10/1/2025, 5:14:08 PM",3.64,97.9,100,0,2025-10-01T21:14:08.000Z
"10/1/2025, 5:17:08 PM",3.639,97.9,100,0,2025-10-01T21:17:08.000Z
"10/1/2025, 5:20:08 PM",3.639,97.7,100,0,2025-10-01T21:20:08.000Z
"10/1/2025, 5:23:08 PM",3.64,97.5,100,0,2025-10-01T21:23:08.000Z
"10/1/2025, 5:26:08 PM",3.639,97.3,100,0,2025-10-01T21:26:08.000Z
"10/1/2025, 5:29:08 PM",3.639,97.3,100,0,2025-10-01T21:29:08.000Z
"10/1/2025, 5:32:08 PM",3.639,97.2,100,0,2025-10-01T21:32:08.000Z
"10/1/2025, 5:35:08 PM",3.639,96.8,100,0,2025-10-01T21:35:08.000Z
"10/1/2025, 5:38:08 PM",3.639,96.6,100,0,2025-10-01T21:38:08.000Z
"10/1/2025, 5:41:08 PM",3.64,96.3,100,0,2025-10-01T21:41:08.000Z
"10/1/2025, 5:44:08 PM",3.639,95.9,100,0,2025-10-01T21:44:08.000Z
"10/1/2025, 5:47:08 PM",3.639,95.7,100,0,2025-10-01T21:47:08.000Z
"10/1/2025, 5:50:08 PM",3.639,95.4,100,0,2025-10-01T21:50:08.000Z
"10/1/2025, 5:53:08 PM",3.639,95,100,0,2025-10-01T21:53:08.000Z
"10/1/2025, 5:56:08 PM",3.639,94.6,100,0,2025-10-01T21:56:08.000Z
"10/1/2025, 5:59:08 PM",3.639,94.5,100,0,2025-10-01T21:59:08.000Z
"10/1/2025, 6:02:08 PM",3.639,94.1,100,0,2025-10-01T22:02:08.000Z
"10/1/2025, 6:05:08 PM",3.639,93.7,100,0,2025-10-01T22:05:08.000Z
"10/1/2025, 6:08:08 PM",3.639,93.4,100,0,2025-10-01T22:08:08.000Z
"10/1/2025, 6:11:08 PM",3.64,93,100,0,2025-10-01T22:11:08.000Z
"10/1/2025, 6:14:08 PM",3.639,92.5,100,0,2025-10-01T22:14:08.000Z
"10/1/2025, 6:17:08 PM",3.639,92.1,100,0,2025-10-01T22:17:08.000Z
"10/1/2025, 6:20:08 PM",3.639,91.6,100,0,2025-10-01T22:20:08.000Z
"10/1/2025, 6:23:08 PM",3.64,91.2,100,0,2025-10-01T22:23:08.000Z
"10/1/2025, 6:26:08 PM",3.64,90.7,100,0,2025-10-01T22:26:08.000Z
"10/1/2025, 6:29:08 PM",3.639,90.3,100,0,2025-10-01T22:29:08.000Z
"10/1/2025, 6:32:08 PM",3.64,90,100,0,2025-10-01T22:32:08.000Z
"10/1/2025, 6:35:08 PM",3.639,89.6,100,0,2025-10-01T22:35:08.000Z
"10/1/2025, 6:38:08 PM",3.639,89.1,100,0,2025-10-01T22:38:08.000Z
"10/1/2025, 6:41:08 PM",3.639,88.9,100,0,2025-10-01T22:41:08.000Z
"10/1/2025, 6:44:08 PM",3.64,88.5,100,0,2025-10-01T22:44:08.000Z
"10/1/2025, 6:47:08 PM",3.64,88.2,100,0,2025-10-01T22:47:08.000Z
"10/1/2025, 6:50:08 PM",3.639,87.8,100,0,2025-10-01T22:50:08.000Z
"10/1/2025, 6:53:08 PM",3.64,87.6,100,0,2025-10-01T22:53:08.000Z
"10/1/2025, 6:56:08 PM",3.64,87.3,100,0,2025-10-01T22:56:08.000Z
"10/1/2025, 6:59:08 PM",3.64,87.1,100,0,2025-10-01T22:59:08.000Z
"10/1/2025, 7:02:08 PM",3.639,86.7,100,0,2025-10-01T23:02:08.000Z
"10/1/2025, 7:05:08 PM",3.64,86.5,100,0,2025-10-01T23:05:08.000Z
"10/1/2025, 7:08:08 PM",3.64,86.4,100,0,2025-10-01T23:08:08.000Z
"10/1/2025, 7:11:08 PM",3.64,86,100,0,2025-10-01T23:11:08.000Z
"10/1/2025, 7:14:08 PM",3.64,85.8,100,0,2025-10-01T23:14:08.000Z
"10/1/2025, 7:17:08 PM",3.64,85.6,100,0,2025-10-01T23:17:08.000Z
"10/1/2025, 7:20:08 PM",3.64,85.5,100,0,2025-10-01T23:20:08.000Z
"10/1/2025, 7:23:08 PM",3.64,85.3,100,0,2025-10-01T23:23:08.000Z
"10/1/2025, 7:26:08 PM",3.64,84.9,100,0,2025-10-01T23:26:08.000Z
"10/1/2025, 7:29:08 PM",3.64,84.9,100,0,2025-10-01T23:29:08.000Z
"10/1/2025, 7:32:08 PM",3.64,84.6,100,0,2025-10-01T23:32:08.000Z
"10/1/2025, 7:35:08 PM",3.64,84.4,100,0,2025-10-01T23:35:08.000Z
"10/1/2025, 7:38:08 PM",3.641,84.2,100,0,2025-10-01T23:38:08.000Z
"10/1/2025, 7:41:08 PM",3.64,84,100,0,2025-10-01T23:41:08.000Z
"10/1/2025, 7:44:08 PM",3.64,83.8,100,0,2025-10-01T23:44:08.000Z
"10/1/2025, 7:47:08 PM",3.64,83.8,100,0,2025-10-01T23:47:08.000Z
"10/1/2025, 7:50:08 PM",3.64,83.7,100,0,2025-10-01T23:50:08.000Z
"10/1/2025, 7:53:08 PM",3.64,83.5,100,0,2025-10-01T23:53:08.000Z
"10/1/2025, 7:56:08 PM",3.64,83.3,100,0,2025-10-01T23:56:08.000Z
"10/1/2025, 7:59:08 PM",3.64,83.1,100,0,2025-10-01T23:59:08.000Z
"10/1/2025, 8:02:08 PM",3.64,82.9,100,0,2025-10-02T00:02:08.000Z
"10/1/2025, 8:05:08 PM",3.64,82.9,100,0,2025-10-02T00:05:08.000Z
"10/1/2025, 8:08:08 PM",3.64,82.8,100,0,2025-10-02T00:08:08.000Z
"10/1/2025, 8:11:08 PM",3.64,82.6,100,0,2025-10-02T00:11:08.000Z
"10/1/2025, 8:14:08 PM",3.641,82.6,100,0,2025-10-02T00:14:08.000Z
"10/1/2025, 8:17:08 PM",3.64,82.4,100,0,2025-10-02T00:17:08.000Z
"10/1/2025, 8:20:08 PM",3.64,82.4,100,0,2025-10-02T00:20:08.000Z
"10/1/2025, 8:23:08 PM",3.64,82.2,100,0,2025-10-02T00:23:08.000Z
"10/1/2025, 8:26:08 PM",3.64,82.2,100,0,2025-10-02T00:26:08.000Z
"10/1/2025, 8:29:08 PM",3.64,82,100,0,2025-10-02T00:29:08.000Z
"10/1/2025, 8:32:08 PM",3.641,82,100,0,2025-10-02T00:32:08.000Z
"10/1/2025, 8:35:08 PM",3.641,81.9,100,0,2025-10-02T00:35:08.000Z
"10/1/2025, 8:38:08 PM",3.64,81.9,100,0,2025-10-02T00:38:08.000Z
"10/1/2025, 8:41:08 PM",3.64,81.7,100,0,2025-10-02T00:41:08.000Z
"10/1/2025, 8:44:08 PM",3.64,81.5,100,0,2025-10-02T00:44:08.000Z
"10/1/2025, 8:47:08 PM",3.64,81.5,100,0,2025-10-02T00:47:08.000Z
"10/1/2025, 8:50:08 PM",3.64,81.3,100,0,2025-10-02T00:50:08.000Z
"10/1/2025, 8:53:08 PM",3.641,81.1,100,0,2025-10-02T00:53:08.000Z
"10/1/2025, 8:56:08 PM",3.641,81.1,100,0,2025-10-02T00:56:08.000Z
"10/1/2025, 8:59:08 PM",3.641,81,100,0,2025-10-02T00:59:08.000Z
"10/1/2025, 9:02:08 PM",3.64,81,100,0,2025-10-02T01:02:08.000Z
"10/1/2025, 9:05:08 PM",3.641,80.8,100,0,2025-10-02T01:05:08.000Z
"10/1/2025, 9:08:08 PM",3.64,80.8,100,0,2025-10-02T01:08:08.000Z
"10/1/2025, 9:11:08 PM",3.64,80.6,100,0,2025-10-02T01:11:08.000Z
"10/1/2025, 9:14:08 PM",3.641,80.6,100,0,2025-10-02T01:14:08.000Z
"10/1/2025, 9:17:08 PM",3.641,80.6,100,0,2025-10-02T01:17:08.000Z
"10/1/2025, 9:20:08 PM",3.641,80.6,100,0,2025-10-02T01:20:08.000Z
"10/1/2025, 9:23:08 PM",3.641,80.4,100,0,2025-10-02T01:23:08.000Z
"10/1/2025, 9:26:08 PM",3.64,80.4,100,0,2025-10-02T01:26:08.000Z
"10/1/2025, 9:29:08 PM",3.64,80.4,100,0,2025-10-02T01:29:08.000Z
"10/1/2025, 9:32:08 PM",3.64,80.4,100,0,2025-10-02T01:32:08.000Z
"10/1/2025, 9:35:08 PM",3.64,80.2,100,0,2025-10-02T01:35:08.000Z
"10/1/2025, 9:38:08 PM",3.64,80.2,100,0,2025-10-02T01:38:08.000Z
"10/1/2025, 9:41:08 PM",3.641,80.2,100,0,2025-10-02T01:41:08.000Z
"10/1/2025, 9:44:08 PM",3.641,80.1,100,0,2025-10-02T01:44:08.000Z
"10/1/2025, 9:47:08 PM",3.64,80.1,100,0,2025-10-02T01:47:08.000Z
"10/1/2025, 9:50:08 PM",3.64,80.1,100,0,2025-10-02T01:50:08.000Z
"10/1/2025, 9:53:08 PM",3.641,80.1,100,0,2025-10-02T01:53:08.000Z
"10/1/2025, 9:56:08 PM",3.64,79.9,100,0,2025-10-02T01:56:08.000Z
"10/1/2025, 9:59:08 PM",3.641,80.1,100,0,2025-10-02T01:59:08.000Z
"10/1/2025, 10:02:08 PM",3.641,79.9,100,0,2025-10-02T02:02:08.000Z
"10/1/2025, 10:05:08 PM",3.641,79.9,100,0,2025-10-02T02:05:08.000Z
"10/1/2025, 10:08:08 PM",3.64,79.9,100,0,2025-10-02T02:08:08.000Z
"10/1/2025, 10:11:08 PM",3.64,79.9,100,0,2025-10-02T02:11:08.000Z
"10/1/2025, 10:14:08 PM",3.641,79.9,100,0,2025-10-02T02:14:08.000Z
"10/1/2025, 10:17:08 PM",3.641,79.9,100,0,2025-10-02T02:17:08.000Z
"10/1/2025, 10:20:08 PM",3.641,79.9,100,0,2025-10-02T02:20:08.000Z
"10/1/2025, 10:23:08 PM",3.641,79.9,100,0,2025-10-02T02:23:08.000Z
"10/1/2025, 10:26:08 PM",3.641,79.9,100,0,2025-10-02T02:26:08.000Z
"10/1/2025, 10:29:08 PM",3.64,79.9,100,0,2025-10-02T02:29:08.000Z
"10/1/2025, 10:32:08 PM",3.64,79.9,100,0,2025-10-02T02:32:08.000Z
"10/1/2025, 10:35:08 PM",3.64,79.9,100,0,2025-10-02T02:35:08.000Z
"10/1/2025, 10:38:08 PM",3.64,79.7,100,0,2025-10-02T02:38:08.000Z
"10/1/2025, 10:41:08 PM",3.64,79.7,100,0,2025-10-02T02:41:08.000Z
"10/1/2025, 10:44:08 PM",3.64,79.5,100,0,2025-10-02T02:44:08.000Z
"10/1/2025, 10:47:08 PM",3.64,79.3,100,0,2025-10-02T02:47:08.000Z
"10/1/2025, 10:50:08 PM",3.641,79.3,100,0,2025-10-02T02:50:08.000Z
"10/1/2025, 10:53:08 PM",3.64,79.3,100,0,2025-10-02T02:53:08.000Z
"10/1/2025, 10:56:08 PM",3.641,79.2,100,0,2025-10-02T02:56:08.000Z
"10/1/2025, 10:59:08 PM",3.641,79,100,0,2025-10-02T02:59:08.000Z
"10/1/2025, 11:02:08 PM",3.641,79,100,0,2025-10-02T03:02:08.000Z
"10/1/2025, 11:05:08 PM",3.641,79,100,0,2025-10-02T03:05:08.000Z
"10/1/2025, 11:08:08 PM",3.641,79,100,0,2025-10-02T03:08:08.000Z
"10/1/2025, 11:11:08 PM",3.641,78.8,100,0,2025-10-02T03:11:08.000Z
"10/1/2025, 11:14:08 PM",3.64,78.6,100,0,2025-10-02T03:14:08.000Z
"10/1/2025, 11:17:08 PM",3.64,78.4,100,0,2025-10-02T03:17:08.000Z
"10/1/2025, 11:20:08 PM",3.64,78.3,100,0,2025-10-02T03:20:08.000Z
"10/1/2025, 11:23:08 PM",3.641,78.3,100,0,2025-10-02T03:23:08.000Z
"10/1/2025, 11:26:08 PM",3.64,78.1,100,0,2025-10-02T03:26:08.000Z
"10/1/2025, 11:29:08 PM",3.641,78.1,100,0,2025-10-02T03:29:08.000Z
"10/1/2025, 11:32:08 PM",3.64,77.9,100,0,2025-10-02T03:32:08.000Z
"10/1/2025, 11:35:08 PM",3.641,77.9,100,0,2025-10-02T03:35:08.000Z
"10/1/2025, 11:38:08 PM",3.641,77.7,100,0,2025-10-02T03:38:08.000Z
"10/1/2025, 11:41:08 PM",3.641,77.7,100,0,2025-10-02T03:41:08.000Z
"10/1/2025, 11:44:08 PM",3.641,77.7,100,0,2025-10-02T03:44:08.000Z
"10/1/2025, 11:47:08 PM",3.64,77.7,100,0,2025-10-02T03:47:08.000Z
"10/1/2025, 11:50:08 PM",3.64,77.7,100,0,2025-10-02T03:50:08.000Z
"10/1/2025, 11:53:08 PM",3.641,77.7,100,0,2025-10-02T03:53:08.000Z
"10/1/2025, 11:56:08 PM",3.64,77.7,100,0,2025-10-02T03:56:08.000Z
"10/1/2025, 11:59:08 PM",3.641,77.7,100,0,2025-10-02T03:59:08.000Z
"10/2/2025, 12:02:08 AM",3.64,77.7,100,0,2025-10-02T04:02:08.000Z
"10/2/2025, 12:05:08 AM",3.64,77.7,100,0,2025-10-02T04:05:08.000Z
"10/2/2025, 12:08:08 AM",3.64,77.7,100,0,2025-10-02T04:08:08.000Z
"10/2/2025, 12:11:08 AM",3.64,77.7,100,0,2025-10-02T04:11:08.000Z
"10/2/2025, 12:14:08 AM",3.64,77.7,100,0,2025-10-02T04:14:08.000Z
"10/2/2025, 12:17:08 AM",3.64,77.9,100,0,2025-10-02T04:17:08.000Z
"10/2/2025, 12:20:08 AM",3.64,77.9,100,0,2025-10-02T04:20:08.000Z
"10/2/2025, 12:23:08 AM",3.64,77.9,100,0,2025-10-02T04:23:08.000Z
"10/2/2025, 12:26:08 AM",3.641,77.9,100,0,2025-10-02T04:26:08.000Z
"10/2/2025, 12:29:08 AM",3.64,77.9,100,0,2025-10-02T04:29:08.000Z
"10/2/2025, 12:32:08 AM",3.641,77.9,100,0,2025-10-02T04:32:08.000Z
"10/2/2025, 12:35:08 AM",3.64,77.9,100,0,2025-10-02T04:35:08.000Z
"10/2/2025, 12:38:08 AM",3.64,78.1,100,0,2025-10-02T04:38:08.000Z
"10/2/2025, 12:41:08 AM",3.64,78.1,100,0,2025-10-02T04:41:08.000Z
"10/2/2025, 12:44:08 AM",3.64,78.1,100,0,2025-10-02T04:44:08.000Z
"10/2/2025, 12:47:08 AM",3.64,78.1,100,0,2025-10-02T04:47:08.000Z
"10/2/2025, 12:50:08 AM",3.64,78.1,100,0,2025-10-02T04:50:08.000Z
"10/2/2025, 12:53:08 AM",3.641,78.3,100,0,2025-10-02T04:53:08.000Z
"10/2/2025, 12:56:08 AM",3.64,78.3,100,0,2025-10-02T04:56:08.000Z
"10/2/2025, 12:59:08 AM",3.64,78.3,100,0,2025-10-02T04:59:08.000Z
"10/2/2025, 1:02:08 AM",3.64,78.3,100,0,2025-10-02T05:02:08.000Z
"10/2/2025, 1:05:08 AM",3.64,78.3,100,0,2025-10-02T05:05:08.000Z
"10/2/2025, 1:08:08 AM",3.64,78.3,100,0,2025-10-02T05:08:08.000Z
"10/2/2025, 1:11:08 AM",3.64,78.3,100,0,2025-10-02T05:11:08.000Z
"10/2/2025, 1:14:08 AM",3.64,78.3,100,0,2025-10-02T05:14:08.000Z
"10/2/2025, 1:17:08 AM",3.64,78.4,100,0,2025-10-02T05:17:08.000Z
"10/2/2025, 1:20:08 AM",3.64,78.4,100,0,2025-10-02T05:20:08.000Z
"10/2/2025, 1:23:08 AM",3.64,78.4,100,0,2025-10-02T05:23:08.000Z
"10/2/2025, 1:26:08 AM",3.64,78.4,100,0,2025-10-02T05:26:08.000Z
"10/2/2025, 1:29:08 AM",3.64,78.6,100,0,2025-10-02T05:29:08.000Z
"10/2/2025, 1:32:08 AM",3.64,78.6,100,0,2025-10-02T05:32:08.000Z
"10/2/2025, 1:35:08 AM",3.641,78.6,100,0,2025-10-02T05:35:08.000Z
"10/2/2025, 1:38:08 AM",3.64,78.6,100,0,2025-10-02T05:38:08.000Z
"10/2/2025, 1:41:08 AM",3.64,78.8,100,0,2025-10-02T05:41:08.000Z
"10/2/2025, 1:44:08 AM",3.641,78.8,100,0,2025-10-02T05:44:08.000Z
"10/2/2025, 1:47:08 AM",3.64,78.8,100,0,2025-10-02T05:47:08.000Z
"10/2/2025, 1:50:08 AM",3.64,78.8,100,0,2025-10-02T05:50:08.000Z
"10/2/2025, 1:53:08 AM",3.64,79,100,0,2025-10-02T05:53:08.000Z
"10/2/2025, 1:56:08 AM",3.64,78.8,100,0,2025-10-02T05:56:08.000Z
"10/2/2025, 1:59:08 AM",3.64,79,100,0,2025-10-02T05:59:08.000Z
"10/2/2025, 2:02:08 AM",3.64,78.8,100,0,2025-10-02T06:02:08.000Z
"10/2/2025, 2:05:08 AM",3.64,78.8,100,0,2025-10-02T06:05:08.000Z
"10/2/2025, 2:08:08 AM",3.64,79,100,0,2025-10-02T06:08:08.000Z
"10/2/2025, 2:11:08 AM",3.641,78.8,100,0,2025-10-02T06:11:08.000Z
"10/2/2025, 2:14:08 AM",3.64,78.8,100,0,2025-10-02T06:14:08.000Z
"10/2/2025, 2:17:08 AM",3.64,79,100,0,2025-10-02T06:17:08.000Z
"10/2/2025, 2:20:08 AM",3.641,79,100,0,2025-10-02T06:20:08.000Z
"10/2/2025, 2:23:08 AM",3.64,79,100,0,2025-10-02T06:23:08.000Z
"10/2/2025, 2:26:08 AM",3.64,79,100,0,2025-10-02T06:26:08.000Z
"10/2/2025, 2:29:08 AM",3.64,78.8,100,0,2025-10-02T06:29:08.000Z
"10/2/2025, 2:32:08 AM",3.64,78.8,100,0,2025-10-02T06:32:08.000Z
"10/2/2025, 2:35:08 AM",3.64,78.8,100,0,2025-10-02T06:35:08.000Z
"10/2/2025, 2:38:08 AM",3.64,78.8,100,0,2025-10-02T06:38:08.000Z
"10/2/2025, 2:41:08 AM",3.64,78.8,100,0,2025-10-02T06:41:08.000Z
"10/2/2025, 2:44:08 AM",3.64,78.8,100,0,2025-10-02T06:44:08.000Z
"10/2/2025, 2:47:08 AM",3.64,78.8,100,0,2025-10-02T06:47:08.000Z
"10/2/2025, 2:50:08 AM",3.64,78.6,100,0,2025-10-02T06:50:08.000Z
"10/2/2025, 2:53:08 AM",3.64,78.6,100,0,2025-10-02T06:53:08.000Z
"10/2/2025, 2:56:08 AM",3.64,78.6,100,0,2025-10-02T06:56:08.000Z
"10/2/2025, 2:59:08 AM",3.64,78.6,100,0,2025-10-02T06:59:08.000Z
"10/2/2025, 3:02:08 AM",3.64,78.6,100,0,2025-10-02T07:02:08.000Z
"10/2/2025, 3:05:08 AM",3.64,78.6,100,0,2025-10-02T07:05:08.000Z
"10/2/2025, 3:08:08 AM",3.64,78.4,100,0,2025-10-02T07:08:08.000Z
"10/2/2025, 3:11:08 AM",3.64,78.6,100,0,2025-10-02T07:11:08.000Z
"10/2/2025, 3:14:08 AM",3.64,78.6,100,0,2025-10-02T07:14:08.000Z
"10/2/2025, 3:17:08 AM",3.64,78.4,100,0,2025-10-02T07:17:08.000Z
"10/2/2025, 3:20:08 AM",3.64,78.4,100,0,2025-10-02T07:20:08.000Z
"10/2/2025, 3:23:08 AM",3.64,78.4,100,0,2025-10-02T07:23:08.000Z
"10/2/2025, 3:26:08 AM",3.64,78.4,100,0,2025-10-02T07:26:08.000Z
"10/2/2025, 3:29:08 AM",3.64,78.4,100,0,2025-10-02T07:29:08.000Z
"10/2/2025, 3:32:08 AM",3.64,78.3,100,0,2025-10-02T07:32:08.000Z
"10/2/2025, 3:35:08 AM",3.64,78.3,100,0,2025-10-02T07:35:08.000Z
"10/2/2025, 3:38:08 AM",3.64,78.3,100,0,2025-10-02T07:38:08.000Z
"10/2/2025, 3:41:08 AM",3.64,78.3,100,0,2025-10-02T07:41:08.000Z
"10/2/2025, 3:44:08 AM",3.641,78.3,100,0,2025-10-02T07:44:08.000Z
"10/2/2025, 3:47:08 AM",3.64,78.3,100,0,2025-10-02T07:47:08.000Z
"10/2/2025, 3:50:08 AM",3.64,78.1,100,0,2025-10-02T07:50:08.000Z
"10/2/2025, 3:53:08 AM",3.64,78.1,100,0,2025-10-02T07:53:08.000Z
"10/2/2025, 3:56:08 AM",3.64,78.1,100,0,2025-10-02T07:56:08.000Z
"10/2/2025, 3:59:08 AM",3.64,78.1,100,0,2025-10-02T07:59:08.000Z
"10/2/2025, 4:02:08 AM",3.64,78.1,100,0,2025-10-02T08:02:08.000Z
"10/2/2025, 4:05:08 AM",3.64,77.9,100,0,2025-10-02T08:05:08.000Z
"10/2/2025, 4:08:08 AM",3.64,77.9,100,0,2025-10-02T08:08:08.000Z
"10/2/2025, 4:11:08 AM",3.64,77.9,100,0,2025-10-02T08:11:08.000Z
"10/2/2025, 4:14:08 AM",3.64,77.9,100,0,2025-10-02T08:14:08.000Z
"10/2/2025, 4:17:08 AM",3.639,77.9,100,0,2025-10-02T08:17:08.000Z
"10/2/2025, 4:20:08 AM",3.64,77.9,100,0,2025-10-02T08:20:08.000Z
"10/2/2025, 4:23:08 AM",3.64,77.9,100,0,2025-10-02T08:23:08.000Z
"10/2/2025, 4:26:08 AM",3.64,77.7,100,0,2025-10-02T08:26:08.000Z
"10/2/2025, 4:29:08 AM",3.64,77.7,100,0,2025-10-02T08:29:08.000Z
"10/2/2025, 4:32:08 AM",3.64,77.7,100,0,2025-10-02T08:32:08.000Z
"10/2/2025, 4:35:08 AM",3.64,77.5,100,0,2025-10-02T08:35:08.000Z
"10/2/2025, 4:38:08 AM",3.64,77.5,100,0,2025-10-02T08:38:08.000Z
"10/2/2025, 4:41:08 AM",3.64,77.4,100,0,2025-10-02T08:41:08.000Z
"10/2/2025, 4:44:08 AM",3.64,77.4,100,0,2025-10-02T08:44:08.000Z
"10/2/2025, 4:47:08 AM",3.64,77.4,100,0,2025-10-02T08:47:08.000Z
"10/2/2025, 4:50:08 AM",3.64,77.2,100,0,2025-10-02T08:50:08.000Z
"10/2/2025, 4:53:08 AM",3.64,77.2,100,0,2025-10-02T08:53:08.000Z
"10/2/2025, 4:56:08 AM",3.64,77.2,100,0,2025-10-02T08:56:08.000Z
"10/2/2025, 4:59:08 AM",3.64,77.2,100,0,2025-10-02T08:59:08.000Z
"10/2/2025, 5:02:08 AM",3.64,77.2,100,0,2025-10-02T09:02:08.000Z
"10/2/2025, 5:05:08 AM",3.64,77.2,100,0,2025-10-02T09:05:08.000Z
"10/2/2025, 5:08:08 AM",3.64,77.2,100,0,2025-10-02T09:08:08.000Z
"10/2/2025, 5:11:08 AM",3.64,77.2,100,0,2025-10-02T09:11:08.000Z
"10/2/2025, 5:14:08 AM",3.64,77.2,100,0,2025-10-02T09:14:08.000Z
"10/2/2025, 5:17:08 AM",3.64,77.2,100,0,2025-10-02T09:17:08.000Z
"10/2/2025, 5:20:08 AM",3.64,77.2,100,0,2025-10-02T09:20:08.000Z
"10/2/2025, 5:23:08 AM",3.64,77.2,100,0,2025-10-02T09:23:08.000Z
"10/2/2025, 5:26:08 AM",3.64,77.2,100,0,2025-10-02T09:26:08.000Z
"10/2/2025, 5:29:08 AM",3.64,77.2,100,0,2025-10-02T09:29:08.000Z
"10/2/2025, 5:32:08 AM",3.64,77.2,100,0,2025-10-02T09:32:08.000Z
"10/2/2025, 5:35:08 AM",3.64,77.2,100,0,2025-10-02T09:35:08.000Z
"10/2/2025, 5:38:08 AM",3.64,77.2,100,0,2025-10-02T09:38:08.000Z
"10/2/2025, 5:41:08 AM",3.64,77.2,100,0,2025-10-02T09:41:08.000Z
"10/2/2025, 5:44:08 AM",3.64,77,100,0,2025-10-02T09:44:08.000Z
"10/2/2025, 5:47:08 AM",3.64,77,100,0,2025-10-02T09:47:08.000Z
"10/2/2025, 5:50:08 AM",3.64,77,100,0,2025-10-02T09:50:08.000Z
"10/2/2025, 5:53:08 AM",3.64,77,100,0,2025-10-02T09:53:08.000Z
"10/2/2025, 5:56:08 AM",3.64,76.8,100,0,2025-10-02T09:56:08.000Z
"10/2/2025, 5:59:08 AM",3.64,76.8,100,0,2025-10-02T09:59:08.000Z
"10/2/2025, 6:02:08 AM",3.64,76.8,100,0,2025-10-02T10:02:08.000Z
"10/2/2025, 6:05:08 AM",3.64,76.8,100,0,2025-10-02T10:05:08.000Z
"10/2/2025, 6:08:08 AM",3.64,76.8,100,0,2025-10-02T10:08:08.000Z
"10/2/2025, 6:11:08 AM",3.64,76.8,100,0,2025-10-02T10:11:08.000Z
"10/2/2025, 6:14:08 AM",3.64,76.8,100,0,2025-10-02T10:14:08.000Z
"10/2/2025, 6:17:08 AM",3.64,76.8,100,0,2025-10-02T10:17:08.000Z
"10/2/2025, 6:20:08 AM",3.64,76.8,100,0,2025-10-02T10:20:08.000Z
"10/2/2025, 6:23:08 AM",3.64,76.8,100,0,2025-10-02T10:23:08.000Z
"10/2/2025, 6:26:08 AM",3.64,76.8,100,0,2025-10-02T10:26:08.000Z
"10/2/2025, 6:29:08 AM",3.64,76.8,100,0,2025-10-02T10:29:08.000Z
"10/2/2025, 6:32:08 AM",3.64,76.8,100,0,2025-10-02T10:32:08.000Z
"10/2/2025, 6:35:08 AM",3.64,76.8,100,0,2025-10-02T10:35:08.000Z
"10/2/2025, 6:38:08 AM",3.64,76.8,100,0,2025-10-02T10:38:08.000Z
"10/2/2025, 6:41:08 AM",3.64,76.6,100,0,2025-10-02T10:41:08.000Z
"10/2/2025, 6:44:08 AM",3.64,76.6,100,0,2025-10-02T10:44:08.000Z
"10/2/2025, 6:47:08 AM",3.64,76.6,100,0,2025-10-02T10:47:08.000Z
"10/2/2025, 6:50:08 AM",3.64,76.6,100,0,2025-10-02T10:50:08.000Z
"10/2/2025, 6:53:08 AM",3.64,76.6,100,0,2025-10-02T10:53:08.000Z
"10/2/2025, 6:56:08 AM",3.64,76.6,100,0,2025-10-02T10:56:08.000Z
"10/2/2025, 6:59:08 AM",3.64,76.6,100,0,2025-10-02T10:59:08.000Z
"10/2/2025, 7:02:08 AM",3.64,76.6,100,0,2025-10-02T11:02:08.000Z
"10/2/2025, 7:05:08 AM",3.64,76.6,100,0,2025-10-02T11:05:08.000Z
"10/2/2025, 7:08:08 AM",3.64,76.6,100,0,2025-10-02T11:08:08.000Z
"10/2/2025, 7:11:08 AM",3.64,76.6,100,0,2025-10-02T11:11:08.000Z
"10/2/2025, 7:14:08 AM",3.64,76.6,100,0,2025-10-02T11:14:08.000Z
"10/2/2025, 7:17:08 AM",3.64,76.6,100,0,2025-10-02T11:17:08.000Z
"10/2/2025, 7:20:08 AM",3.64,76.8,100,0,2025-10-02T11:20:08.000Z
"10/2/2025, 7:23:08 AM",3.64,76.8,100,0,2025-10-02T11:23:08.000Z
"10/2/2025, 7:26:08 AM",3.64,76.8,100,0,2025-10-02T11:26:08.000Z
"10/2/2025, 7:29:08 AM",3.64,76.8,100,0,2025-10-02T11:29:08.000Z
"10/2/2025, 7:32:08 AM",3.64,76.8,100,0,2025-10-02T11:32:08.000Z
"10/2/2025, 7:35:08 AM",3.64,76.8,100,0,2025-10-02T11:35:08.000Z
"10/2/2025, 7:38:08 AM",3.64,76.8,100,0,2025-10-02T11:38:08.000Z
"10/2/2025, 7:41:08 AM",3.64,76.8,100,0,2025-10-02T11:41:08.000Z
"10/2/2025, 7:44:08 AM",3.64,76.8,100,0,2025-10-02T11:44:08.000Z
"10/2/2025, 7:47:08 AM",3.64,76.8,100,0,2025-10-02T11:47:08.000Z
"10/2/2025, 7:50:08 AM",3.64,76.8,100,0,2025-10-02T11:50:08.000Z
"10/2/2025, 7:53:08 AM",3.64,76.8,100,0,2025-10-02T11:53:08.000Z
"10/2/2025, 7:56:08 AM",3.639,76.6,100,0,2025-10-02T11:56:08.000Z
"10/2/2025, 7:59:08 AM",3.64,76.6,100,0,2025-10-02T11:59:08.000Z
"10/2/2025, 8:02:08 AM",3.64,76.6,100,0,2025-10-02T12:02:08.000Z
"10/2/2025, 8:05:08 AM",3.64,76.8,100,0,2025-10-02T12:05:08.000Z
"10/2/2025, 8:08:08 AM",3.64,76.8,100,0,2025-10-02T12:08:08.000Z
"10/2/2025, 8:11:08 AM",3.639,76.8,100,0,2025-10-02T12:11:08.000Z
"10/2/2025, 8:14:08 AM",3.639,77,100,0,2025-10-02T12:14:08.000Z
"10/2/2025, 8:17:08 AM",3.64,77.2,100,0,2025-10-02T12:17:08.000Z
"10/2/2025, 8:20:08 AM",3.64,77.2,100,0,2025-10-02T12:20:08.000Z
"10/2/2025, 8:23:08 AM",3.64,77.4,100,0,2025-10-02T12:23:08.000Z
"10/2/2025, 8:26:08 AM",3.639,77.5,100,0,2025-10-02T12:26:08.000Z
"10/2/2025, 8:29:08 AM",3.64,77.7,100,0,2025-10-02T12:29:08.000Z
"10/2/2025, 8:32:08 AM",3.639,77.7,100,0,2025-10-02T12:32:08.000Z
"10/2/2025, 8:35:08 AM",3.64,77.9,100,0,2025-10-02T12:35:08.000Z
"10/2/2025, 8:38:08 AM",3.639,77.9,100,0,2025-10-02T12:38:08.000Z
"10/2/2025, 8:41:08 AM",3.64,78.1,100,0,2025-10-02T12:41:08.000Z
"10/2/2025, 8:44:08 AM",3.64,78.3,100,0,2025-10-02T12:44:08.000Z
"10/2/2025, 8:47:08 AM",3.64,78.3,100,0,2025-10-02T12:47:08.000Z
"10/2/2025, 8:50:08 AM",3.64,78.4,100,0,2025-10-02T12:50:08.000Z
"10/2/2025, 8:53:08 AM",3.639,78.4,100,0,2025-10-02T12:53:08.000Z
"10/2/2025, 8:56:08 AM",3.639,78.6,100,0,2025-10-02T12:56:08.000Z
"10/2/2025, 8:59:08 AM",3.64,78.6,100,0,2025-10-02T12:59:08.000Z
"10/2/2025, 9:02:08 AM",3.64,78.8,100,0,2025-10-02T13:02:08.000Z
"10/2/2025, 9:05:08 AM",3.639,79,100,0,2025-10-02T13:05:08.000Z
"10/2/2025, 9:08:08 AM",3.64,79,100,0,2025-10-02T13:08:08.000Z
"10/2/2025, 9:11:08 AM",3.639,79.2,100,0,2025-10-02T13:11:08.000Z
"10/2/2025, 9:14:08 AM",3.64,79.3,100,0,2025-10-02T13:14:08.000Z
"10/2/2025, 9:17:08 AM",3.64,79.5,100,0,2025-10-02T13:17:08.000Z
"10/2/2025, 9:20:08 AM",3.639,79.7,100,0,2025-10-02T13:20:08.000Z
"10/2/2025, 9:23:08 AM",3.639,80.1,100,0,2025-10-02T13:23:08.000Z
"10/2/2025, 9:26:08 AM",3.639,80.2,100,0,2025-10-02T13:26:08.000Z
"10/2/2025, 9:29:08 AM",3.639,80.4,100,0,2025-10-02T13:29:08.000Z
"10/2/2025, 9:32:08 AM",3.64,80.6,100,0,2025-10-02T13:32:08.000Z
"10/2/2025, 9:35:08 AM",3.64,80.6,100,0,2025-10-02T13:35:08.000Z
"10/2/2025, 9:38:08 AM",3.64,80.8,100,0,2025-10-02T13:38:08.000Z
"10/2/2025, 9:41:08 AM",3.64,81,100,0,2025-10-02T13:41:08.000Z
"10/2/2025, 9:44:08 AM",3.64,81,100,0,2025-10-02T13:44:08.000Z
"10/2/2025, 9:47:08 AM",3.639,81.1,100,0,2025-10-02T13:47:08.000Z
"10/2/2025, 9:50:08 AM",3.639,81.3,100,0,2025-10-02T13:50:08.000Z
"10/2/2025, 9:53:08 AM",3.639,81.5,100,0,2025-10-02T13:53:08.000Z
"10/2/2025, 9:56:08 AM",3.639,81.7,100,0,2025-10-02T13:56:08.000Z
"10/2/2025, 9:59:08 AM",3.639,81.9,100,0,2025-10-02T13:59:08.000Z
"10/2/2025, 10:02:08 AM",3.639,82.2,100,0,2025-10-02T14:02:08.000Z
"10/2/2025, 10:05:08 AM",3.639,82.4,100,0,2025-10-02T14:05:08.000Z
"10/2/2025, 10:08:08 AM",3.639,82.8,100,0,2025-10-02T14:08:08.000Z
"10/2/2025, 10:11:08 AM",3.639,83.1,100,0,2025-10-02T14:11:08.000Z
"10/2/2025, 10:14:08 AM",3.639,83.3,100,0,2025-10-02T14:14:08.000Z
"10/2/2025, 10:17:08 AM",3.639,83.7,100,0,2025-10-02T14:17:08.000Z
"10/2/2025, 10:20:08 AM",3.639,83.8,100,0,2025-10-02T14:20:08.000Z
"10/2/2025, 10:23:08 AM",3.639,84.2,100,0,2025-10-02T14:23:08.000Z
"10/2/2025, 10:26:08 AM",3.639,84.6,100,0,2025-10-02T14:26:08.000Z
"10/2/2025, 10:29:08 AM",3.639,84.7,100,0,2025-10-02T14:29:08.000Z
"10/2/2025, 10:32:08 AM",3.639,85.1,100,0,2025-10-02T14:32:08.000Z
"10/2/2025, 10:35:08 AM",3.639,85.5,100,0,2025-10-02T14:35:08.000Z
"10/2/2025, 10:38:08 AM",3.639,85.6,100,0,2025-10-02T14:38:08.000Z
"10/2/2025, 10:41:08 AM",3.639,86.2,100,0,2025-10-02T14:41:08.000Z
"10/2/2025, 10:44:08 AM",3.639,86.5,100,0,2025-10-02T14:44:08.000Z
"10/2/2025, 10:47:08 AM",3.639,86.9,100,0,2025-10-02T14:47:08.000Z
"10/2/2025, 10:50:08 AM",3.639,87.3,100,0,2025-10-02T14:50:08.000Z
"10/2/2025, 10:53:08 AM",3.639,87.6,100,0,2025-10-02T14:53:08.000Z
"10/2/2025, 10:56:08 AM",3.64,88,100,0,2025-10-02T14:56:08.000Z
"10/2/2025, 10:59:08 AM",3.639,88.3,100,0,2025-10-02T14:59:08.000Z
"10/2/2025, 11:02:08 AM",3.639,88.7,100,0,2025-10-02T15:02:08.000Z
"10/2/2025, 11:05:08 AM",3.639,88.9,100,0.4,2025-10-02T15:05:08.000Z
"10/2/2025, 11:08:08 AM",3.639,89.4,100,0.4,2025-10-02T15:08:08.000Z
"10/2/2025, 11:11:08 AM",3.639,89.6,100,0.4,2025-10-02T15:11:08.000Z
"10/2/2025, 11:14:08 AM",3.639,90,100,0.4,2025-10-02T15:14:08.000Z
"10/2/2025, 11:17:08 AM",3.639,90.1,100,0.4,2025-10-02T15:17:08.000Z
"10/2/2025, 11:20:08 AM",3.639,90.5,100,0.4,2025-10-02T15:20:08.000Z
"10/2/2025, 11:23:08 AM",3.638,90.9,100,0.4,2025-10-02T15:23:08.000Z
"10/2/2025, 11:26:08 AM",3.638,91,100,0,2025-10-02T15:26:08.000Z
"10/2/2025, 11:29:08 AM",3.639,91.2,100,0,2025-10-02T15:29:08.000Z
"10/2/2025, 11:32:08 AM",3.639,91.6,100,0,2025-10-02T15:32:08.000Z
"10/2/2025, 11:35:08 AM",3.638,91.8,100,0,2025-10-02T15:35:08.000Z
"10/2/2025, 11:38:08 AM",3.639,91.9,100,0,2025-10-02T15:38:08.000Z
"10/2/2025, 11:41:08 AM",3.639,92.1,100,0,2025-10-02T15:41:08.000Z
"10/2/2025, 11:44:08 AM",3.638,92.3,100,0,2025-10-02T15:44:08.000Z
"10/2/2025, 11:47:08 AM",3.638,92.5,100,0,2025-10-02T15:47:08.000Z
"10/2/2025, 11:50:08 AM",3.639,92.7,100,0,2025-10-02T15:50:08.000Z
"10/2/2025, 11:53:08 AM",3.639,92.8,100,0,2025-10-02T15:53:08.000Z
"10/2/2025, 11:56:08 AM",3.638,93,100,0,2025-10-02T15:56:08.000Z
"10/2/2025, 11:59:08 AM",3.639,93.2,100,0,2025-10-02T15:59:08.000Z
"10/2/2025, 12:02:08 PM",3.638,93.4,100,0,2025-10-02T16:02:08.000Z
"10/2/2025, 12:05:08 PM",3.638,93.6,100,0,2025-10-02T16:05:08.000Z
"10/2/2025, 12:08:08 PM",3.638,93.9,100,0,2025-10-02T16:08:08.000Z
"10/2/2025, 12:11:08 PM",3.638,93.9,100,0,2025-10-02T16:11:08.000Z
"10/2/2025, 12:14:08 PM",3.639,94.1,100,0.4,2025-10-02T16:14:08.000Z
"10/2/2025, 12:17:08 PM",3.639,94.3,100,0.4,2025-10-02T16:17:08.000Z
"10/2/2025, 12:20:08 PM",3.639,94.5,100,0.4,2025-10-02T16:20:08.000Z
"10/2/2025, 12:23:08 PM",3.639,94.6,100,0.4,2025-10-02T16:23:08.000Z
"10/2/2025, 12:26:08 PM",3.639,94.8,100,0.4,2025-10-02T16:26:08.000Z
"10/2/2025, 12:29:08 PM",3.638,95,100,0.4,2025-10-02T16:29:08.000Z
"10/2/2025, 12:32:08 PM",3.638,95.4,100,0.4,2025-10-02T16:32:08.000Z
"10/2/2025, 12:35:08 PM",3.638,95.5,100,0.5,2025-10-02T16:35:08.000Z
"10/2/2025, 12:38:08 PM",3.639,95.7,100,0.5,2025-10-02T16:38:08.000Z
"10/2/2025, 12:41:08 PM",3.639,95.7,100,0.5,2025-10-02T16:41:08.000Z
"10/2/2025, 12:44:08 PM",3.638,95.9,100,0.6,2025-10-02T16:44:08.000Z
"10/2/2025, 12:47:08 PM",3.639,96.1,100,0.6,2025-10-02T16:47:08.000Z
"10/2/2025, 12:50:08 PM",3.639,96.3,100,0.6,2025-10-02T16:50:08.000Z
"10/2/2025, 12:53:08 PM",3.638,96.4,100,0.6,2025-10-02T16:53:08.000Z
"10/2/2025, 12:56:08 PM",3.639,96.4,100,0.6,2025-10-02T16:56:08.000Z
"10/2/2025, 12:59:08 PM",3.638,96.6,100,0.5,2025-10-02T16:59:08.000Z
"10/2/2025, 1:02:08 PM",3.639,96.8,100,0.5,2025-10-02T17:02:08.000Z
"10/2/2025, 1:05:08 PM",3.639,96.8,100,0.7,2025-10-02T17:05:08.000Z
"10/2/2025, 1:08:08 PM",3.639,96.8,100,0.7,2025-10-02T17:08:08.000Z
"10/2/2025, 1:11:08 PM",3.639,97,100,0.7,2025-10-02T17:11:08.000Z
"10/2/2025, 1:14:08 PM",3.638,97,100,0.6,2025-10-02T17:14:08.000Z
"10/2/2025, 1:17:08 PM",3.638,97,100,0.6,2025-10-02T17:17:08.000Z
"10/2/2025, 1:20:08 PM",3.638,97,100,0.7,2025-10-02T17:20:08.000Z
"10/2/2025, 1:23:08 PM",3.638,97.2,100,0.6,2025-10-02T17:23:08.000Z
"10/2/2025, 1:26:08 PM",3.639,97.3,100,0.7,2025-10-02T17:26:08.000Z
"10/2/2025, 1:29:08 PM",3.638,97.3,100,0.7,2025-10-02T17:29:08.000Z
"10/2/2025, 1:32:08 PM",3.638,97.5,100,0.7,2025-10-02T17:32:08.000Z
"10/2/2025, 1:35:08 PM",3.638,97.7,100,0.7,2025-10-02T17:35:08.000Z
"10/2/2025, 1:38:08 PM",3.639,97.9,100,0.7,2025-10-02T17:38:08.000Z
"10/2/2025, 1:41:08 PM",3.639,98.1,100,0.7,2025-10-02T17:41:08.000Z
"10/2/2025, 1:44:08 PM",3.639,98.2,100,0.9,2025-10-02T17:44:08.000Z
"10/2/2025, 1:47:08 PM",3.638,98.4,100,0.9,2025-10-02T17:47:08.000Z
"10/2/2025, 1:50:08 PM",3.639,98.6,100,0.9,2025-10-02T17:50:08.000Z
"10/2/2025, 1:53:08 PM",3.638,98.8,100,0.9,2025-10-02T17:53:08.000Z
"10/2/2025, 1:56:08 PM",3.638,99,100,0.9,2025-10-02T17:56:08.000Z
"10/2/2025, 1:59:08 PM",3.639,99.1,100,1,2025-10-02T17:59:08.000Z
"10/2/2025, 2:02:08 PM",3.639,99.5,100,1,2025-10-02T18:02:08.000Z
"10/2/2025, 2:05:08 PM",3.639,99.7,100,1,2025-10-02T18:05:08.000Z
"10/2/2025, 2:08:08 PM",3.639,99.9,100,0.8,2025-10-02T18:08:08.000Z
"10/2/2025, 2:11:08 PM",3.639,100,100,0.9,2025-10-02T18:11:08.000Z
"10/2/2025, 2:14:08 PM",3.639,100.2,100,0.9,2025-10-02T18:14:08.000Z
"10/2/2025, 2:17:08 PM",3.638,100.2,100,0.8,2025-10-02T18:17:08.000Z
"10/2/2025, 2:20:08 PM",3.638,100.2,100,1,2025-10-02T18:20:08.000Z
"10/2/2025, 2:23:08 PM",3.638,100.2,100,0.9,2025-10-02T18:23:08.000Z
"10/2/2025, 2:26:08 PM",3.639,100.2,100,1,2025-10-02T18:26:08.000Z
"10/2/2025, 2:29:08 PM",3.638,100.2,100,1,2025-10-02T18:29:08.000Z
"10/2/2025, 2:32:08 PM",3.638,100.2,100,1,2025-10-02T18:32:08.000Z
"10/2/2025, 2:35:08 PM",3.639,100.2,100,0.9,2025-10-02T18:35:08.000Z
"10/2/2025, 2:38:08 PM",3.639,100.2,100,0.9,2025-10-02T18:38:08.000Z
"10/2/2025, 2:41:08 PM",3.639,100.4,100,1,2025-10-02T18:41:08.000Z
"10/2/2025, 2:44:08 PM",3.639,100.4,100,1.2,2025-10-02T18:44:08.000Z
"10/2/2025, 2:47:08 PM",3.639,100.6,100,1.2,2025-10-02T18:47:08.000Z
"10/2/2025, 2:50:08 PM",3.639,100.8,100,1,2025-10-02T18:50:08.000Z
"10/2/2025, 2:53:08 PM",3.639,100.8,100,1.2,2025-10-02T18:53:08.000Z
"10/2/2025, 2:56:08 PM",3.639,100.9,100,1.3,2025-10-02T18:56:08.000Z
"10/2/2025, 2:59:08 PM",3.639,100.9,100,1.3,2025-10-02T18:59:08.000Z
"10/2/2025, 3:02:08 PM",3.639,100.9,100,1.2,2025-10-02T19:02:08.000Z
"10/2/2025, 3:05:08 PM",3.639,101.1,100,1.2,2025-10-02T19:05:08.000Z
"10/2/2025, 3:08:08 PM",3.639,101.1,100,1.2,2025-10-02T19:08:08.000Z
"10/2/2025, 3:11:08 PM",3.639,101.3,100,0.9,2025-10-02T19:11:08.000Z
"10/2/2025, 3:14:08 PM",3.639,101.3,100,1,2025-10-02T19:14:08.000Z
"10/2/2025, 3:17:08 PM",3.638,101.3,100,0.8,2025-10-02T19:17:08.000Z
"10/2/2025, 3:20:08 PM",3.639,101.3,100,1,2025-10-02T19:20:08.000Z
"10/2/2025, 3:23:08 PM",3.638,101.3,100,1,2025-10-02T19:23:08.000Z
"10/2/2025, 3:26:08 PM",3.639,101.1,100,1.2,2025-10-02T19:26:08.000Z
"10/2/2025, 3:29:08 PM",3.639,101.1,100,1.2,2025-10-02T19:29:08.000Z
"10/2/2025, 3:32:08 PM",3.639,100.9,100,1.2,2025-10-02T19:32:08.000Z
"10/2/2025, 3:35:08 PM",3.639,100.6,100,1.2,2025-10-02T19:35:08.000Z
"10/2/2025, 3:38:08 PM",3.639,100.6,100,1,2025-10-02T19:38:08.000Z
"10/2/2025, 3:41:08 PM",3.639,100.6,100,0.9,2025-10-02T19:41:08.000Z
"10/2/2025, 3:44:08 PM",3.639,100.6,100,0.9,2025-10-02T19:44:08.000Z
"10/2/2025, 3:47:08 PM",3.639,100.4,100,1,2025-10-02T19:47:08.000Z
"10/2/2025, 3:50:08 PM",3.639,100.4,100,0.8,2025-10-02T19:50:08.000Z
"10/2/2025, 3:53:08 PM",3.639,100.4,100,0.8,2025-10-02T19:53:08.000Z
"10/2/2025, 3:56:08 PM",3.639,100.4,100,0.8,2025-10-02T19:56:08.000Z
"10/2/2025, 3:59:08 PM",3.638,100.4,100,0.8,2025-10-02T19:59:08.000Z
"10/2/2025, 4:02:08 PM",3.639,100.6,100,0.7,2025-10-02T20:02:08.000Z
"10/2/2025, 4:05:08 PM",3.639,100.6,100,0.8,2025-10-02T20:05:08.000Z
"10/2/2025, 4:08:08 PM",3.639,100.8,100,0.8,2025-10-02T20:08:08.000Z
"10/2/2025, 4:11:08 PM",3.639,100.8,100,0.8,2025-10-02T20:11:08.000Z
"10/2/2025, 4:14:08 PM",3.639,100.8,100,0.8,2025-10-02T20:14:08.000Z
"10/2/2025, 4:17:08 PM",3.639,100.9,100,0.8,2025-10-02T20:17:08.000Z
"10/2/2025, 4:20:08 PM",3.639,100.9,100,0.8,2025-10-02T20:20:08.000Z
"10/2/2025, 4:23:08 PM",3.639,101.1,100,0.8,2025-10-02T20:23:08.000Z
"10/2/2025, 4:26:08 PM",3.639,100.9,100,0.8,2025-10-02T20:26:08.000Z
"10/2/2025, 4:29:08 PM",3.639,100.8,100,0.7,2025-10-02T20:29:08.000Z
"10/2/2025, 4:32:08 PM",3.639,100.8,100,0.7,2025-10-02T20:32:08.000Z
"10/2/2025, 4:35:08 PM",3.639,100.8,100,0.7,2025-10-02T20:35:08.000Z
"10/2/2025, 4:38:08 PM",3.639,100.8,100,0.7,2025-10-02T20:38:08.000Z
"10/2/2025, 4:41:08 PM",3.639,100.8,100,0.8,2025-10-02T20:41:08.000Z
"10/2/2025, 4:44:08 PM",3.639,100.8,100,0.7,2025-10-02T20:44:08.000Z
"10/2/2025, 4:47:08 PM",3.639,100.6,100,0.7,2025-10-02T20:47:08.000Z
"10/2/2025, 4:50:08 PM",3.639,100.6,100,0.7,2025-10-02T20:50:08.000Z
"10/2/2025, 4:53:08 PM",3.639,100.4,100,0.7,2025-10-02T20:53:08.000Z
"10/2/2025, 4:56:08 PM",3.639,100.2,100,0.7,2025-10-02T20:56:08.000Z
"10/2/2025, 4:59:08 PM",3.638,100,100,0.7,2025-10-02T20:59:08.000Z
"10/2/2025, 5:02:08 PM",3.639,99.9,100,0.6,2025-10-02T21:02:08.000Z
"10/2/2025, 5:05:08 PM",3.639,99.5,100,0.6,2025-10-02T21:05:08.000Z
"10/2/2025, 5:08:08 PM",3.639,99.3,100,0.6,2025-10-02T21:08:08.000Z
"10/2/2025, 5:11:08 PM",3.639,99,100,0.6,2025-10-02T21:11:08.000Z
"10/2/2025, 5:14:08 PM",3.639,98.8,100,0.5,2025-10-02T21:14:08.000Z
"10/2/2025, 5:17:08 PM",3.639,98.6,100,0.5,2025-10-02T21:17:08.000Z
"10/2/2025, 5:20:08 PM",3.639,98.2,100,0.5,2025-10-02T21:20:08.000Z
"10/2/2025, 5:23:08 PM",3.639,98.1,100,0.5,2025-10-02T21:23:08.000Z
"10/2/2025, 5:26:08 PM",3.639,97.9,100,0.5,2025-10-02T21:26:08.000Z
"10/2/2025, 5:29:08 PM",3.639,97.5,100,0.5,2025-10-02T21:29:08.000Z
"10/2/2025, 5:32:08 PM",3.639,97.5,100,0.5,2025-10-02T21:32:08.000Z
"10/2/2025, 5:35:08 PM",3.639,97.3,100,0.5,2025-10-02T21:35:08.000Z
"10/2/2025, 5:38:08 PM",3.639,97.2,100,0.5,2025-10-02T21:38:08.000Z
"10/2/2025, 5:41:08 PM",3.639,97,100,0.5,2025-10-02T21:41:08.000Z
"10/2/2025, 5:44:08 PM",3.639,96.8,100,0.5,2025-10-02T21:44:08.000Z
"10/2/2025, 5:47:08 PM",3.639,96.6,100,0.4,2025-10-02T21:47:08.000Z
"10/2/2025, 5:50:08 PM",3.639,96.3,100,0.4,2025-10-02T21:50:08.000Z
"10/2/2025, 5:53:08 PM",3.639,96.1,100,0.4,2025-10-02T21:53:08.000Z
"10/2/2025, 5:56:08 PM",3.639,95.7,100,0.4,2025-10-02T21:56:08.000Z
"10/2/2025, 5:59:08 PM",3.639,95.5,100,0.4,2025-10-02T21:59:08.000Z
"10/2/2025, 6:02:08 PM",3.639,95.4,100,0.4,2025-10-02T22:02:08.000Z
"10/2/2025, 6:05:08 PM",3.639,95,100,0.4,2025-10-02T22:05:08.000Z
"10/2/2025, 6:08:08 PM",3.639,94.6,100,0.4,2025-10-02T22:08:08.000Z
"10/2/2025, 6:11:08 PM",3.639,94.3,100,0.4,2025-10-02T22:11:08.000Z
"10/2/2025, 6:14:08 PM",3.639,94.1,100,0.4,2025-10-02T22:14:08.000Z
"10/2/2025, 6:17:08 PM",3.639,93.7,100,0.4,2025-10-02T22:17:08.000Z
"10/2/2025, 6:20:08 PM",3.639,93.4,100,0.4,2025-10-02T22:20:08.000Z
"10/2/2025, 6:23:08 PM",3.639,93.2,100,0.4,2025-10-02T22:23:08.000Z
"10/2/2025, 6:26:08 PM",3.639,92.8,100,0,2025-10-02T22:26:08.000Z
"10/2/2025, 6:29:08 PM",3.639,92.7,100,0,2025-10-02T22:29:08.000Z
"10/2/2025, 6:32:08 PM",3.639,92.3,100,0,2025-10-02T22:32:08.000Z
"10/2/2025, 6:35:08 PM",3.639,91.9,100,0,2025-10-02T22:35:08.000Z
"10/2/2025, 6:38:08 PM",3.639,91.8,100,0,2025-10-02T22:38:08.000Z
"10/2/2025, 6:41:08 PM",3.639,91.4,100,0,2025-10-02T22:41:08.000Z
"10/2/2025, 6:44:08 PM",3.64,91.2,100,0,2025-10-02T22:44:08.000Z
"10/2/2025, 6:47:08 PM",3.639,90.9,100,0,2025-10-02T22:47:08.000Z
"10/2/2025, 6:50:08 PM",3.64,90.5,100,0,2025-10-02T22:50:08.000Z
"10/2/2025, 6:53:08 PM",3.639,90.1,100,0,2025-10-02T22:53:08.000Z
"10/2/2025, 6:56:08 PM",3.64,89.8,100,0,2025-10-02T22:56:08.000Z
"10/2/2025, 6:59:08 PM",3.64,89.4,100,0,2025-10-02T22:59:08.000Z
"10/2/2025, 7:02:08 PM",3.639,89.1,100,0,2025-10-02T23:02:08.000Z
"10/2/2025, 7:05:08 PM",3.64,88.7,100,0,2025-10-02T23:05:08.000Z
"10/2/2025, 7:08:08 PM",3.64,88.5,100,0,2025-10-02T23:08:08.000Z
"10/2/2025, 7:11:08 PM",3.639,88.2,100,0,2025-10-02T23:11:08.000Z
"10/2/2025, 7:14:08 PM",3.639,87.8,100,0,2025-10-02T23:14:08.000Z
"10/2/2025, 7:17:08 PM",3.639,87.4,100,0,2025-10-02T23:17:08.000Z
"10/2/2025, 7:20:08 PM",3.64,87.3,100,0,2025-10-02T23:20:08.000Z
"10/2/2025, 7:23:08 PM",3.639,86.9,100,0,2025-10-02T23:23:08.000Z
"10/2/2025, 7:26:08 PM",3.639,86.7,100,0,2025-10-02T23:26:08.000Z
"10/2/2025, 7:29:08 PM",3.64,86.4,100,0,2025-10-02T23:29:08.000Z
"10/2/2025, 7:32:08 PM",3.639,86.2,100,0,2025-10-02T23:32:08.000Z
"10/2/2025, 7:35:08 PM",3.64,85.8,100,0,2025-10-02T23:35:08.000Z
"10/2/2025, 7:38:08 PM",3.64,85.6,100,0,2025-10-02T23:38:08.000Z
"10/2/2025, 7:41:08 PM",3.64,85.5,100,0,2025-10-02T23:41:08.000Z
"10/2/2025, 7:44:08 PM",3.64,85.3,100,0,2025-10-02T23:44:08.000Z
"10/2/2025, 7:47:08 PM",3.64,85.1,100,0,2025-10-02T23:47:08.000Z
"10/2/2025, 7:50:08 PM",3.64,84.7,100,0,2025-10-02T23:50:08.000Z
"10/2/2025, 7:53:08 PM",3.64,84.6,100,0,2025-10-02T23:53:08.000Z
"10/2/2025, 7:56:08 PM",3.64,84.4,100,0,2025-10-02T23:56:08.000Z
"10/2/2025, 7:59:08 PM",3.64,84.2,100,0,2025-10-02T23:59:08.000Z
"10/2/2025, 8:02:08 PM",3.64,84,100,0,2025-10-03T00:02:08.000Z
"10/2/2025, 8:05:08 PM",3.64,83.8,100,0,2025-10-03T00:05:08.000Z
"10/2/2025, 8:08:08 PM",3.64,83.8,100,0,2025-10-03T00:08:08.000Z
"10/2/2025, 8:11:08 PM",3.64,83.7,100,0,2025-10-03T00:11:08.000Z
"10/2/2025, 8:14:08 PM",3.64,83.5,100,0,2025-10-03T00:14:08.000Z
"10/2/2025, 8:17:08 PM",3.64,83.3,100,0,2025-10-03T00:17:08.000Z
"10/2/2025, 8:20:08 PM",3.64,83.3,100,0,2025-10-03T00:20:08.000Z
"10/2/2025, 8:23:08 PM",3.64,83.1,100,0,2025-10-03T00:23:08.000Z
"10/2/2025, 8:26:08 PM",3.64,82.9,100,0,2025-10-03T00:26:08.000Z
"10/2/2025, 8:29:08 PM",3.64,82.8,100,0,2025-10-03T00:29:08.000Z
"10/2/2025, 8:32:08 PM",3.64,82.8,100,0,2025-10-03T00:32:08.000Z
"10/2/2025, 8:35:08 PM",3.64,82.6,100,0,2025-10-03T00:35:08.000Z
"10/2/2025, 8:38:08 PM",3.641,82.4,100,0,2025-10-03T00:38:08.000Z
"10/2/2025, 8:41:08 PM",3.64,82.4,100,0,2025-10-03T00:41:08.000Z
"10/2/2025, 8:44:08 PM",3.64,82.2,100,0,2025-10-03T00:44:08.000Z
"10/2/2025, 8:47:08 PM",3.64,82,100,0,2025-10-03T00:47:08.000Z
"10/2/2025, 8:50:08 PM",3.64,82,100,0,2025-10-03T00:50:08.000Z
"10/2/2025, 8:53:08 PM",3.64,81.9,100,0,2025-10-03T00:53:08.000Z
"10/2/2025, 8:56:08 PM",3.64,81.7,100,0,2025-10-03T00:56:08.000Z
"10/2/2025, 8:59:08 PM",3.64,81.7,100,0,2025-10-03T00:59:08.000Z
"10/2/2025, 9:02:08 PM",3.64,81.5,100,0,2025-10-03T01:02:08.000Z
"10/2/2025, 9:05:08 PM",3.64,81.5,100,0,2025-10-03T01:05:08.000Z
"10/2/2025, 9:08:08 PM",3.64,81.3,100,0,2025-10-03T01:08:08.000Z
"10/2/2025, 9:11:08 PM",3.64,81.1,100,0,2025-10-03T01:11:08.000Z
"10/2/2025, 9:14:08 PM",3.64,81.1,100,0,2025-10-03T01:14:08.000Z
"10/2/2025, 9:17:08 PM",3.64,81.1,100,0,2025-10-03T01:17:08.000Z
"10/2/2025, 9:20:08 PM",3.641,81,100,0,2025-10-03T01:20:08.000Z
"10/2/2025, 9:23:08 PM",3.64,81,100,0,2025-10-03T01:23:08.000Z
"10/2/2025, 9:26:08 PM",3.64,80.8,100,0,2025-10-03T01:26:08.000Z
"10/2/2025, 9:29:08 PM",3.64,80.8,100,0,2025-10-03T01:29:08.000Z
"10/2/2025, 9:32:08 PM",3.64,80.6,100,0,2025-10-03T01:32:08.000Z
"10/2/2025, 9:35:08 PM",3.64,80.6,100,0,2025-10-03T01:35:08.000Z
"10/2/2025, 9:38:08 PM",3.641,80.6,100,0,2025-10-03T01:38:08.000Z
"10/2/2025, 9:41:08 PM",3.64,80.4,100,0,2025-10-03T01:41:08.000Z
"10/2/2025, 9:44:08 PM",3.64,80.4,100,0,2025-10-03T01:44:08.000Z
"10/2/2025, 9:47:08 PM",3.64,80.4,100,0,2025-10-03T01:47:08.000Z
"10/2/2025, 9:50:08 PM",3.64,80.2,100,0,2025-10-03T01:50:08.000Z
"10/2/2025, 9:53:08 PM",3.641,80.2,100,0,2025-10-03T01:53:08.000Z
"10/2/2025, 9:56:08 PM",3.64,80.2,100,0,2025-10-03T01:56:08.000Z
"10/2/2025, 9:59:08 PM",3.641,80.1,100,0,2025-10-03T01:59:08.000Z
"10/2/2025, 10:02:08 PM",3.641,80.1,100,0,2025-10-03T02:02:08.000Z
"10/2/2025, 10:05:08 PM",3.64,80.1,100,0,2025-10-03T02:05:08.000Z
"10/2/2025, 10:08:08 PM",3.64,80.1,100,0,2025-10-03T02:08:08.000Z
"10/2/2025, 10:11:08 PM",3.64,80.1,100,0,2025-10-03T02:11:08.000Z
"10/2/2025, 10:14:08 PM",3.641,79.9,100,0,2025-10-03T02:14:08.000Z
"10/2/2025, 10:17:08 PM",3.64,79.9,100,0,2025-10-03T02:17:08.000Z
"10/2/2025, 10:20:08 PM",3.64,79.9,100,0,2025-10-03T02:20:08.000Z
"10/2/2025, 10:23:08 PM",3.64,79.9,100,0,2025-10-03T02:23:08.000Z
"10/2/2025, 10:26:08 PM",3.64,79.9,100,0,2025-10-03T02:26:08.000Z
"10/2/2025, 10:29:08 PM",3.641,79.9,100,0,2025-10-03T02:29:08.000Z
"10/2/2025, 10:32:08 PM",3.64,79.7,100,0,2025-10-03T02:32:08.000Z
"10/2/2025, 10:35:08 PM",3.64,79.7,100,0,2025-10-03T02:35:08.000Z
"10/2/2025, 10:38:08 PM",3.64,79.7,100,0,2025-10-03T02:38:08.000Z
"10/2/2025, 10:41:08 PM",3.64,79.5,100,0,2025-10-03T02:41:08.000Z
"10/2/2025, 10:44:08 PM",3.64,79.5,100,0,2025-10-03T02:44:08.000Z
"10/2/2025, 10:47:08 PM",3.64,79.5,100,0,2025-10-03T02:47:08.000Z
"10/2/2025, 10:50:08 PM",3.64,79.5,100,0,2025-10-03T02:50:08.000Z
"10/2/2025, 10:53:08 PM",3.64,79.3,100,0,2025-10-03T02:53:08.000Z
"10/2/2025, 10:56:08 PM",3.64,79.3,100,0,2025-10-03T02:56:08.000Z
"10/2/2025, 10:59:08 PM",3.64,79.3,100,0,2025-10-03T02:59:08.000Z
"10/2/2025, 11:02:08 PM",3.64,79.3,100,0,2025-10-03T03:02:08.000Z
"10/2/2025, 11:05:08 PM",3.64,79.3,100,0,2025-10-03T03:05:08.000Z
"10/2/2025, 11:08:08 PM",3.64,79.2,100,0,2025-10-03T03:08:08.000Z
"10/2/2025, 11:11:08 PM",3.64,79.2,100,0,2025-10-03T03:11:08.000Z
"10/2/2025, 11:14:08 PM",3.64,79.2,100,0,2025-10-03T03:14:08.000Z
"10/2/2025, 11:17:08 PM",3.64,79.2,100,0,2025-10-03T03:17:08.000Z
"10/2/2025, 11:20:08 PM",3.64,79.2,100,0,2025-10-03T03:20:08.000Z
"10/2/2025, 11:23:08 PM",3.64,79,100,0,2025-10-03T03:23:08.000Z
"10/2/2025, 11:26:08 PM",3.64,79,100,0,2025-10-03T03:26:08.000Z
"10/2/2025, 11:29:08 PM",3.64,79,100,0,2025-10-03T03:29:08.000Z
"10/2/2025, 11:32:08 PM",3.64,79,100,0,2025-10-03T03:32:08.000Z
"10/2/2025, 11:35:08 PM",3.64,78.8,100,0,2025-10-03T03:35:08.000Z
"10/2/2025, 11:38:08 PM",3.64,78.8,100,0,2025-10-03T03:38:08.000Z
"10/2/2025, 11:41:08 PM",3.64,78.8,100,0,2025-10-03T03:41:08.000Z
"10/2/2025, 11:44:08 PM",3.64,78.6,100,0,2025-10-03T03:44:08.000Z
"10/2/2025, 11:47:08 PM",3.64,78.6,100,0,2025-10-03T03:47:08.000Z
"10/2/2025, 11:50:08 PM",3.64,78.6,100,0,2025-10-03T03:50:08.000Z
"10/2/2025, 11:53:08 PM",3.641,78.6,100,0,2025-10-03T03:53:08.000Z
"10/2/2025, 11:56:08 PM",3.64,78.4,100,0,2025-10-03T03:56:08.000Z
"10/2/2025, 11:59:08 PM",3.64,78.4,100,0,2025-10-03T03:59:08.000Z
"10/3/2025, 12:02:08 AM",3.64,78.4,100,0,2025-10-03T04:02:08.000Z
"10/3/2025, 12:05:08 AM",3.64,78.4,100,0,2025-10-03T04:05:08.000Z
"10/3/2025, 12:08:08 AM",3.64,78.3,100,0,2025-10-03T04:08:08.000Z
"10/3/2025, 12:11:08 AM",3.64,78.3,100,0,2025-10-03T04:11:08.000Z
"10/3/2025, 12:14:08 AM",3.64,78.3,100,0,2025-10-03T04:14:08.000Z
"10/3/2025, 12:17:08 AM",3.64,78.3,100,0,2025-10-03T04:17:08.000Z
"10/3/2025, 12:20:08 AM",3.64,78.1,100,0,2025-10-03T04:20:08.000Z
"10/3/2025, 12:23:08 AM",3.64,78.1,100,0,2025-10-03T04:23:08.000Z
"10/3/2025, 12:26:08 AM",3.64,78.1,100,0,2025-10-03T04:26:08.000Z
"10/3/2025, 12:29:08 AM",3.64,78.1,100,0,2025-10-03T04:29:08.000Z
"10/3/2025, 12:32:08 AM",3.64,78.1,100,0,2025-10-03T04:32:08.000Z
"10/3/2025, 12:35:08 AM",3.64,78.1,100,0,2025-10-03T04:35:08.000Z
"10/3/2025, 12:38:08 AM",3.64,78.1,100,0,2025-10-03T04:38:08.000Z
"10/3/2025, 12:41:08 AM",3.64,78.1,100,0,2025-10-03T04:41:08.000Z
"10/3/2025, 12:44:08 AM",3.64,77.9,100,0,2025-10-03T04:44:08.000Z
"10/3/2025, 12:47:08 AM",3.641,78.1,100,0,2025-10-03T04:47:08.000Z
"10/3/2025, 12:50:08 AM",3.64,78.1,100,0,2025-10-03T04:50:08.000Z
"10/3/2025, 12:53:08 AM",3.64,77.9,100,0,2025-10-03T04:53:08.000Z
"10/3/2025, 12:56:08 AM",3.64,78.1,100,0,2025-10-03T04:56:08.000Z
"10/3/2025, 12:59:08 AM",3.64,78.1,100,0,2025-10-03T04:59:08.000Z
"10/3/2025, 1:02:08 AM",3.64,78.1,100,0,2025-10-03T05:02:08.000Z
"10/3/2025, 1:05:08 AM",3.64,78.1,100,0,2025-10-03T05:05:08.000Z
"10/3/2025, 1:08:08 AM",3.64,78.1,100,0,2025-10-03T05:08:08.000Z
"10/3/2025, 1:11:08 AM",3.64,78.1,100,0,2025-10-03T05:11:08.000Z
"10/3/2025, 1:14:08 AM",3.64,78.1,100,0,2025-10-03T05:14:08.000Z
"10/3/2025, 1:17:08 AM",3.64,78.1,100,0,2025-10-03T05:17:08.000Z
"10/3/2025, 1:20:08 AM",3.64,78.1,100,0,2025-10-03T05:20:08.000Z
"10/3/2025, 1:23:08 AM",3.64,78.1,100,0,2025-10-03T05:23:08.000Z
"10/3/2025, 1:26:08 AM",3.64,78.1,100,0,2025-10-03T05:26:08.000Z
"10/3/2025, 1:29:08 AM",3.64,78.1,100,0,2025-10-03T05:29:08.000Z
"10/3/2025, 1:32:08 AM",3.64,78.1,100,0,2025-10-03T05:32:08.000Z
"10/3/2025, 1:35:08 AM",3.64,78.1,100,0,2025-10-03T05:35:08.000Z
"10/3/2025, 1:38:08 AM",3.64,78.1,100,0,2025-10-03T05:38:08.000Z
"10/3/2025, 1:41:08 AM",3.64,78.1,100,0,2025-10-03T05:41:08.000Z
"10/3/2025, 1:44:08 AM",3.64,78.1,100,0,2025-10-03T05:44:08.000Z
"10/3/2025, 1:47:08 AM",3.64,78.1,100,0,2025-10-03T05:47:08.000Z
"10/3/2025, 1:50:08 AM",3.64,78.1,100,0,2025-10-03T05:50:08.000Z
"10/3/2025, 1:53:08 AM",3.64,78.1,100,0,2025-10-03T05:53:08.000Z
"10/3/2025, 1:56:08 AM",3.64,78.1,100,0,2025-10-03T05:56:08.000Z
"10/3/2025, 1:59:08 AM",3.64,78.1,100,0,2025-10-03T05:59:08.000Z
"10/3/2025, 2:02:08 AM",3.64,77.9,100,0,2025-10-03T06:02:08.000Z
"10/3/2025, 2:05:08 AM",3.64,77.9,100,0,2025-10-03T06:05:08.000Z
"10/3/2025, 2:08:08 AM",3.64,77.7,100,0,2025-10-03T06:08:08.000Z
"10/3/2025, 2:11:08 AM",3.64,77.7,100,0,2025-10-03T06:11:08.000Z
"10/3/2025, 2:14:08 AM",3.64,77.5,100,0,2025-10-03T06:14:08.000Z
"10/3/2025, 2:17:08 AM",3.64,77.5,100,0,2025-10-03T06:17:08.000Z
"10/3/2025, 2:20:08 AM",3.64,77.5,100,0,2025-10-03T06:20:08.000Z
"10/3/2025, 2:23:08 AM",3.64,77.4,100,0,2025-10-03T06:23:08.000Z
"10/3/2025, 2:26:08 AM",3.64,77.4,100,0,2025-10-03T06:26:08.000Z
"10/3/2025, 2:29:08 AM",3.64,77.2,100,0,2025-10-03T06:29:08.000Z
"10/3/2025, 2:32:08 AM",3.64,77.2,100,0,2025-10-03T06:32:08.000Z
"10/3/2025, 2:35:08 AM",3.64,77.2,100,0,2025-10-03T06:35:08.000Z
"10/3/2025, 2:38:08 AM",3.64,77.2,100,0,2025-10-03T06:38:08.000Z
"10/3/2025, 2:41:08 AM",3.64,77.2,100,0,2025-10-03T06:41:08.000Z
"10/3/2025, 2:44:08 AM",3.64,77,100,0,2025-10-03T06:44:08.000Z
"10/3/2025, 2:47:08 AM",3.64,77,100,0,2025-10-03T06:47:08.000Z
"10/3/2025, 2:50:08 AM",3.64,77,100,0,2025-10-03T06:50:08.000Z
"10/3/2025, 2:53:08 AM",3.64,76.8,100,0,2025-10-03T06:53:08.000Z
"10/3/2025, 2:56:08 AM",3.64,76.8,100,0,2025-10-03T06:56:08.000Z
"10/3/2025, 2:59:08 AM",3.64,76.8,100,0,2025-10-03T06:59:08.000Z
"10/3/2025, 3:02:08 AM",3.64,76.8,100,0,2025-10-03T07:02:08.000Z
"10/3/2025, 3:05:08 AM",3.64,76.8,100,0,2025-10-03T07:05:08.000Z
"10/3/2025, 3:08:08 AM",3.64,76.8,100,0,2025-10-03T07:08:08.000Z
"10/3/2025, 3:11:08 AM",3.64,76.8,100,0,2025-10-03T07:11:08.000Z
"10/3/2025, 3:14:08 AM",3.64,76.8,100,0,2025-10-03T07:14:08.000Z
"10/3/2025, 3:17:08 AM",3.64,77,100,0,2025-10-03T07:17:08.000Z
"10/3/2025, 3:20:08 AM",3.639,76.8,100,0,2025-10-03T07:20:08.000Z
"10/3/2025, 3:23:08 AM",3.64,77,100,0,2025-10-03T07:23:08.000Z
"10/3/2025, 3:26:08 AM",3.64,77,100,0,2025-10-03T07:26:08.000Z
"10/3/2025, 3:29:08 AM",3.64,77,100,0,2025-10-03T07:29:08.000Z
"10/3/2025, 3:32:08 AM",3.64,77,100,0,2025-10-03T07:32:08.000Z
"10/3/2025, 3:35:08 AM",3.64,77,100,0,2025-10-03T07:35:08.000Z
"10/3/2025, 3:38:08 AM",3.64,77,100,0,2025-10-03T07:38:08.000Z
"10/3/2025, 3:41:08 AM",3.64,77,100,0,2025-10-03T07:41:08.000Z
"10/3/2025, 3:44:08 AM",3.64,77,100,0,2025-10-03T07:44:08.000Z
"10/3/2025, 3:47:08 AM",3.64,77,100,0,2025-10-03T07:47:08.000Z
"10/3/2025, 3:50:08 AM",3.64,77,100,0,2025-10-03T07:50:08.000Z
"10/3/2025, 3:53:08 AM",3.64,77,100,0,2025-10-03T07:53:08.000Z
"10/3/2025, 3:56:08 AM",3.64,77,100,0,2025-10-03T07:56:08.000Z
"10/3/2025, 3:59:08 AM",3.64,77,100,0,2025-10-03T07:59:08.000Z
"10/3/2025, 4:02:08 AM",3.64,77,100,0,2025-10-03T08:02:08.000Z
"10/3/2025, 4:05:08 AM",3.64,77,100,0,2025-10-03T08:05:08.000Z
"10/3/2025, 4:08:08 AM",3.64,77,100,0,2025-10-03T08:08:08.000Z
"10/3/2025, 4:11:08 AM",3.64,77,100,0,2025-10-03T08:11:08.000Z
"10/3/2025, 4:14:08 AM",3.64,77,100,0,2025-10-03T08:14:08.000Z
"10/3/2025, 4:17:08 AM",3.64,77,100,0,2025-10-03T08:17:08.000Z
"10/3/2025, 4:20:08 AM",3.64,77.2,100,0,2025-10-03T08:20:08.000Z
"10/3/2025, 4:23:08 AM",3.64,77.2,100,0,2025-10-03T08:23:08.000Z
"10/3/2025, 4:26:08 AM",3.64,77.2,100,0,2025-10-03T08:26:08.000Z
"10/3/2025, 4:29:08 AM",3.64,77.2,100,0,2025-10-03T08:29:08.000Z
"10/3/2025, 4:32:08 AM",3.64,77.2,100,0,2025-10-03T08:32:08.000Z
"10/3/2025, 4:35:08 AM",3.639,77.2,100,0,2025-10-03T08:35:08.000Z
"10/3/2025, 4:38:08 AM",3.64,77.2,100,0,2025-10-03T08:38:08.000Z
"10/3/2025, 4:41:08 AM",3.64,77.2,100,0,2025-10-03T08:41:08.000Z
"10/3/2025, 4:44:08 AM",3.64,77.2,100,0,2025-10-03T08:44:08.000Z
"10/3/2025, 4:47:08 AM",3.64,77.2,100,0,2025-10-03T08:47:08.000Z
"10/3/2025, 4:50:08 AM",3.64,77.2,100,0,2025-10-03T08:50:08.000Z
"10/3/2025, 4:53:08 AM",3.64,77.2,100,0,2025-10-03T08:53:08.000Z
"10/3/2025, 4:56:08 AM",3.64,77.2,100,0,2025-10-03T08:56:08.000Z
"10/3/2025, 4:59:08 AM",3.64,77.2,100,0,2025-10-03T08:59:08.000Z
"10/3/2025, 5:02:08 AM",3.64,77.2,100,0,2025-10-03T09:02:08.000Z
"10/3/2025, 5:05:08 AM",3.64,77.4,100,0,2025-10-03T09:05:08.000Z
"10/3/2025, 5:08:08 AM",3.64,77.4,100,0,2025-10-03T09:08:08.000Z
"10/3/2025, 5:11:08 AM",3.64,77.4,100,0,2025-10-03T09:11:08.000Z
"10/3/2025, 5:14:08 AM",3.64,77.4,100,0,2025-10-03T09:14:08.000Z
"10/3/2025, 5:17:08 AM",3.64,77.4,100,0,2025-10-03T09:17:08.000Z
"10/3/2025, 5:20:08 AM",3.64,77.4,100,0,2025-10-03T09:20:08.000Z
"10/3/2025, 5:23:08 AM",3.64,77.4,100,0,2025-10-03T09:23:08.000Z
"10/3/2025, 5:26:08 AM",3.64,77.5,100,0,2025-10-03T09:26:08.000Z
"10/3/2025, 5:29:08 AM",3.64,77.5,100,0,2025-10-03T09:29:08.000Z
"10/3/2025, 5:32:08 AM",3.64,77.5,100,0,2025-10-03T09:32:08.000Z
"10/3/2025, 5:35:08 AM",3.639,77.5,100,0,2025-10-03T09:35:08.000Z
"10/3/2025, 5:38:08 AM",3.639,77.5,100,0,2025-10-03T09:38:08.000Z
"10/3/2025, 5:41:08 AM",3.64,77.5,100,0,2025-10-03T09:41:08.000Z
"10/3/2025, 5:44:08 AM",3.639,77.5,100,0,2025-10-03T09:44:08.000Z
"10/3/2025, 5:47:08 AM",3.64,77.5,100,0,2025-10-03T09:47:08.000Z
"10/3/2025, 5:50:08 AM",3.64,77.5,100,0,2025-10-03T09:50:08.000Z
"10/3/2025, 5:53:08 AM",3.639,77.4,100,0,2025-10-03T09:53:08.000Z
"10/3/2025, 5:56:08 AM",3.64,77.4,100,0,2025-10-03T09:56:08.000Z
"10/3/2025, 5:59:08 AM",3.64,77.4,100,0,2025-10-03T09:59:08.000Z
"10/3/2025, 6:02:08 AM",3.639,77.4,100,0,2025-10-03T10:02:08.000Z
"10/3/2025, 6:05:08 AM",3.639,77.4,100,0,2025-10-03T10:05:08.000Z
"10/3/2025, 6:08:08 AM",3.639,77.4,100,0,2025-10-03T10:08:08.000Z
"10/3/2025, 6:11:08 AM",3.64,77.2,100,0,2025-10-03T10:11:08.000Z
"10/3/2025, 6:14:08 AM",3.639,77.2,100,0,2025-10-03T10:14:08.000Z
"10/3/2025, 6:17:08 AM",3.64,77.2,100,0,2025-10-03T10:17:08.000Z
"10/3/2025, 6:20:08 AM",3.64,77,100,0,2025-10-03T10:20:08.000Z
"10/3/2025, 6:23:08 AM",3.64,77,100,0,2025-10-03T10:23:08.000Z
"10/3/2025, 6:26:08 AM",3.639,77,100,0,2025-10-03T10:26:08.000Z
"10/3/2025, 6:29:08 AM",3.64,77,100,0,2025-10-03T10:29:08.000Z
"10/3/2025, 6:32:08 AM",3.64,77,100,0,2025-10-03T10:32:08.000Z
"10/3/2025, 6:35:08 AM",3.64,77,100,0,2025-10-03T10:35:08.000Z
"10/3/2025, 6:38:08 AM",3.64,76.8,100,0,2025-10-03T10:38:08.000Z
"10/3/2025, 6:41:08 AM",3.639,76.8,100,0,2025-10-03T10:41:08.000Z
"10/3/2025, 6:44:08 AM",3.639,76.8,100,0,2025-10-03T10:44:08.000Z
"10/3/2025, 6:47:08 AM",3.639,76.8,100,0,2025-10-03T10:47:08.000Z
"10/3/2025, 6:50:08 AM",3.639,76.8,100,0,2025-10-03T10:50:08.000Z
"10/3/2025, 6:53:08 AM",3.639,76.8,100,0,2025-10-03T10:53:08.000Z
"10/3/2025, 6:56:08 AM",3.639,76.8,100,0,2025-10-03T10:56:08.000Z
"10/3/2025, 6:59:08 AM",3.639,76.8,100,0,2025-10-03T10:59:08.000Z
"10/3/2025, 7:02:08 AM",3.64,76.6,100,0,2025-10-03T11:02:08.000Z
"10/3/2025, 7:05:08 AM",3.639,76.6,100,0,2025-10-03T11:05:08.000Z
"10/3/2025, 7:08:08 AM",3.64,76.6,100,0,2025-10-03T11:08:08.000Z
"10/3/2025, 7:11:08 AM",3.64,76.8,100,0,2025-10-03T11:11:08.000Z
"10/3/2025, 7:14:08 AM",3.639,76.8,100,0,2025-10-03T11:14:08.000Z
"10/3/2025, 7:17:08 AM",3.639,76.8,100,0,2025-10-03T11:17:08.000Z
"10/3/2025, 7:20:08 AM",3.64,76.8,100,0,2025-10-03T11:20:08.000Z
"10/3/2025, 7:23:08 AM",3.64,76.8,100,0,2025-10-03T11:23:08.000Z
"10/3/2025, 7:26:08 AM",3.64,76.8,100,0,2025-10-03T11:26:08.000Z
"10/3/2025, 7:29:08 AM",3.64,76.8,100,0,2025-10-03T11:29:08.000Z
"10/3/2025, 7:32:08 AM",3.639,76.8,100,0,2025-10-03T11:32:08.000Z
"10/3/2025, 7:35:08 AM",3.639,76.6,100,0,2025-10-03T11:35:08.000Z
"10/3/2025, 7:38:08 AM",3.639,76.6,100,0,2025-10-03T11:38:08.000Z
"10/3/2025, 7:41:08 AM",3.639,76.6,100,0,2025-10-03T11:41:08.000Z
"10/3/2025, 7:44:08 AM",3.639,76.6,100,0,2025-10-03T11:44:08.000Z
"10/3/2025, 7:47:08 AM",3.639,76.5,100,0,2025-10-03T11:47:08.000Z
"10/3/2025, 7:50:08 AM",3.639,76.5,100,0,2025-10-03T11:50:08.000Z
"10/3/2025, 7:53:08 AM",3.639,76.5,100,0,2025-10-03T11:53:08.000Z
"10/3/2025, 7:56:08 AM",3.639,76.5,100,0,2025-10-03T11:56:08.000Z
"10/3/2025, 7:59:08 AM",3.64,76.5,100,0,2025-10-03T11:59:08.000Z
"10/3/2025, 8:02:08 AM",3.639,76.5,100,0,2025-10-03T12:02:08.000Z
"10/3/2025, 8:05:08 AM",3.639,76.5,100,0,2025-10-03T12:05:08.000Z
"10/3/2025, 8:08:08 AM",3.64,76.5,100,0,2025-10-03T12:08:08.000Z
"10/3/2025, 8:11:08 AM",3.639,76.5,100,0,2025-10-03T12:11:08.000Z
"10/3/2025, 8:14:08 AM",3.639,76.6,100,0,2025-10-03T12:14:08.000Z
"10/3/2025, 8:17:08 AM",3.64,76.8,100,0,2025-10-03T12:17:08.000Z
"10/3/2025, 8:20:08 AM",3.639,76.8,100,0,2025-10-03T12:20:08.000Z
"10/3/2025, 8:23:08 AM",3.639,76.8,100,0,2025-10-03T12:23:08.000Z
"10/3/2025, 8:26:08 AM",3.639,77,100,0,2025-10-03T12:26:08.000Z
"10/3/2025, 8:29:08 AM",3.639,77.2,100,0,2025-10-03T12:29:08.000Z
"10/3/2025, 8:32:08 AM",3.64,77.4,100,0,2025-10-03T12:32:08.000Z
"10/3/2025, 8:35:08 AM",3.64,77.4,100,0,2025-10-03T12:35:08.000Z
"10/3/2025, 8:38:08 AM",3.639,77.5,100,0,2025-10-03T12:38:08.000Z
"10/3/2025, 8:41:08 AM",3.639,77.5,100,0,2025-10-03T12:41:08.000Z
"10/3/2025, 8:44:08 AM",3.64,77.7,100,0,2025-10-03T12:44:08.000Z
"10/3/2025, 8:47:08 AM",3.639,77.9,100,0,2025-10-03T12:47:08.000Z
"10/3/2025, 8:50:08 AM",3.639,77.9,100,0,2025-10-03T12:50:08.000Z
"10/3/2025, 8:53:08 AM",3.639,78.1,100,0,2025-10-03T12:53:08.000Z
"10/3/2025, 8:56:08 AM",3.639,78.4,100,0,2025-10-03T12:56:08.000Z
"10/3/2025, 8:59:08 AM",3.639,78.6,100,0,2025-10-03T12:59:08.000Z
"10/3/2025, 9:02:08 AM",3.639,78.8,100,0,2025-10-03T13:02:08.000Z
"10/3/2025, 9:05:08 AM",3.639,79,100,0,2025-10-03T13:05:08.000Z
"10/3/2025, 9:08:08 AM",3.639,79.3,100,0,2025-10-03T13:08:08.000Z
"10/3/2025, 9:11:08 AM",3.639,79.5,100,0,2025-10-03T13:11:08.000Z
"10/3/2025, 9:14:08 AM",3.639,79.9,100,0,2025-10-03T13:14:08.000Z
"10/3/2025, 9:17:08 AM",3.639,80.1,100,0,2025-10-03T13:17:08.000Z
"10/3/2025, 9:20:08 AM",3.639,80.1,100,0,2025-10-03T13:20:08.000Z
"10/3/2025, 9:23:08 AM",3.639,80.2,100,0,2025-10-03T13:23:08.000Z
"10/3/2025, 9:26:08 AM",3.639,80.2,100,0,2025-10-03T13:26:08.000Z
"10/3/2025, 9:29:08 AM",3.639,80.4,100,0,2025-10-03T13:29:08.000Z
"10/3/2025, 9:32:08 AM",3.639,80.4,100,0,2025-10-03T13:32:08.000Z
"10/3/2025, 9:35:08 AM",3.639,80.6,100,0,2025-10-03T13:35:08.000Z
"10/3/2025, 9:38:08 AM",3.639,80.8,100,0,2025-10-03T13:38:08.000Z
"10/3/2025, 9:41:08 AM",3.639,81,100,0,2025-10-03T13:41:08.000Z
"10/3/2025, 9:44:08 AM",3.639,81.1,100,0,2025-10-03T13:44:08.000Z
"10/3/2025, 9:47:08 AM",3.639,81.3,100,0,2025-10-03T13:47:08.000Z
"10/3/2025, 9:50:08 AM",3.64,81.5,100,0,2025-10-03T13:50:08.000Z
"10/3/2025, 9:53:08 AM",3.639,81.9,100,0,2025-10-03T13:53:08.000Z
"10/3/2025, 9:56:08 AM",3.639,82.2,100,0,2025-10-03T13:56:08.000Z
"10/3/2025, 9:59:08 AM",3.639,82.4,100,0,2025-10-03T13:59:08.000Z
"10/3/2025, 10:02:08 AM",3.639,82.9,100,0.4,2025-10-03T14:02:08.000Z
"10/3/2025, 10:05:08 AM",3.639,83.3,100,0.4,2025-10-03T14:05:08.000Z
"10/3/2025, 10:08:08 AM",3.639,83.7,100,0.4,2025-10-03T14:08:08.000Z
"10/3/2025, 10:11:08 AM",3.639,84,100,0.4,2025-10-03T14:11:08.000Z
"10/3/2025, 10:14:08 AM",3.639,84.4,100,0.4,2025-10-03T14:14:08.000Z
"10/3/2025, 10:17:08 AM",3.639,84.7,100,0.4,2025-10-03T14:17:08.000Z
"10/3/2025, 10:20:08 AM",3.639,85.1,100,0.4,2025-10-03T14:20:08.000Z
"10/3/2025, 10:23:08 AM",3.639,85.3,100,0.4,2025-10-03T14:23:08.000Z
"10/3/2025, 10:26:08 AM",3.639,85.6,100,0.4,2025-10-03T14:26:08.000Z
"10/3/2025, 10:29:08 AM",3.639,86,100,0.4,2025-10-03T14:29:08.000Z
"10/3/2025, 10:32:08 AM",3.639,86.4,100,0.4,2025-10-03T14:32:08.000Z
"10/3/2025, 10:35:08 AM",3.639,86.7,100,0.4,2025-10-03T14:35:08.000Z
"10/3/2025, 10:38:08 AM",3.638,86.9,100,0.4,2025-10-03T14:38:08.000Z
"10/3/2025, 10:41:08 AM",3.639,87.3,100,0.5,2025-10-03T14:41:08.000Z
"10/3/2025, 10:44:08 AM",3.639,87.6,100,0.4,2025-10-03T14:44:08.000Z
"10/3/2025, 10:47:08 AM",3.639,88,100,0.4,2025-10-03T14:47:08.000Z
"10/3/2025, 10:50:08 AM",3.639,88.3,100,0.4,2025-10-03T14:50:08.000Z
"10/3/2025, 10:53:08 AM",3.639,88.9,100,0.4,2025-10-03T14:53:08.000Z
"10/3/2025, 10:56:08 AM",3.639,89.1,100,0.5,2025-10-03T14:56:08.000Z
"10/3/2025, 10:59:08 AM",3.639,89.4,100,0.4,2025-10-03T14:59:08.000Z
"10/3/2025, 11:02:08 AM",3.639,89.8,100,0.5,2025-10-03T15:02:08.000Z
"10/3/2025, 11:05:08 AM",3.639,90.1,100,0.5,2025-10-03T15:05:08.000Z
"10/3/2025, 11:08:08 AM",3.639,90.5,100,0.5,2025-10-03T15:08:08.000Z
"10/3/2025, 11:11:08 AM",3.639,90.9,100,0.5,2025-10-03T15:11:08.000Z
"10/3/2025, 11:14:08 AM",3.639,91,100,0.5,2025-10-03T15:14:08.000Z
"10/3/2025, 11:17:08 AM",3.638,91.4,100,0.5,2025-10-03T15:17:08.000Z
"10/3/2025, 11:20:08 AM",3.638,91.8,100,0.5,2025-10-03T15:20:08.000Z
"10/3/2025, 11:23:08 AM",3.639,91.9,100,0.5,2025-10-03T15:23:08.000Z
"10/3/2025, 11:26:08 AM",3.638,92.3,100,0.5,2025-10-03T15:26:08.000Z
"10/3/2025, 11:29:08 AM",3.638,92.5,100,0.5,2025-10-03T15:29:08.000Z
"10/3/2025, 11:32:08 AM",3.639,92.7,100,0.5,2025-10-03T15:32:08.000Z
"10/3/2025, 11:35:08 AM",3.638,92.8,100,0.4,2025-10-03T15:35:08.000Z
"10/3/2025, 11:38:08 AM",3.638,93,100,0.5,2025-10-03T15:38:08.000Z
"10/3/2025, 11:41:08 AM",3.638,93.4,100,0.5,2025-10-03T15:41:08.000Z
"10/3/2025, 11:44:08 AM",3.639,93.6,100,0.5,2025-10-03T15:44:08.000Z
"10/3/2025, 11:47:08 AM",3.638,93.7,100,0.5,2025-10-03T15:47:08.000Z
"10/3/2025, 11:50:08 AM",3.638,93.9,100,0.5,2025-10-03T15:50:08.000Z
"10/3/2025, 11:53:08 AM",3.638,94.1,100,0.5,2025-10-03T15:53:08.000Z
"10/3/2025, 11:56:08 AM",3.639,94.3,100,0.5,2025-10-03T15:56:08.000Z
"10/3/2025, 11:59:08 AM",3.638,94.5,100,0.6,2025-10-03T15:59:08.000Z
"10/3/2025, 12:02:08 PM",3.638,94.6,100,0.5,2025-10-03T16:02:08.000Z
"10/3/2025, 12:05:08 PM",3.639,94.8,100,0.6,2025-10-03T16:05:08.000Z
"10/3/2025, 12:08:08 PM",3.638,95.2,100,0.6,2025-10-03T16:08:08.000Z
"10/3/2025, 12:11:08 PM",3.638,95.4,100,0.6,2025-10-03T16:11:08.000Z
"10/3/2025, 12:14:08 PM",3.638,95.7,100,0.7,2025-10-03T16:14:08.000Z
"10/3/2025, 12:17:08 PM",3.638,95.9,100,0.6,2025-10-03T16:17:08.000Z
"10/3/2025, 12:20:08 PM",3.638,96.1,100,0.6,2025-10-03T16:20:08.000Z
"10/3/2025, 12:23:08 PM",3.638,96.3,100,0.6,2025-10-03T16:23:08.000Z
"10/3/2025, 12:26:08 PM",3.638,96.3,100,0.7,2025-10-03T16:26:08.000Z
"10/3/2025, 12:29:08 PM",3.638,96.6,100,0.7,2025-10-03T16:29:08.000Z
"10/3/2025, 12:32:08 PM",3.638,96.8,100,0.8,2025-10-03T16:32:08.000Z
"10/3/2025, 12:35:08 PM",3.638,97.2,100,0.7,2025-10-03T16:35:08.000Z
"10/3/2025, 12:38:08 PM",3.638,97.3,100,0.7,2025-10-03T16:38:08.000Z
"10/3/2025, 12:41:08 PM",3.639,97.5,100,0.7,2025-10-03T16:41:08.000Z
"10/3/2025, 12:44:08 PM",3.639,97.7,100,0.8,2025-10-03T16:44:08.000Z
"10/3/2025, 12:47:08 PM",3.639,97.9,100,0.8,2025-10-03T16:47:08.000Z
"10/3/2025, 12:50:08 PM",3.638,98.1,100,0.7,2025-10-03T16:50:08.000Z
"10/3/2025, 12:53:08 PM",3.639,98.2,100,0.7,2025-10-03T16:53:08.000Z
"10/3/2025, 12:56:08 PM",3.638,98.4,100,0.8,2025-10-03T16:56:08.000Z
"10/3/2025, 12:59:08 PM",3.638,98.6,100,0.7,2025-10-03T16:59:08.000Z
"10/3/2025, 1:02:08 PM",3.638,98.8,100,0.7,2025-10-03T17:02:08.000Z
"10/3/2025, 1:05:08 PM",3.638,99,100,0.7,2025-10-03T17:05:08.000Z
"10/3/2025, 1:08:08 PM",3.638,99.1,100,0.8,2025-10-03T17:08:08.000Z
"10/3/2025, 1:11:08 PM",3.638,99.1,100,0.9,2025-10-03T17:11:08.000Z
"10/3/2025, 1:14:08 PM",3.639,99.3,100,0.8,2025-10-03T17:14:08.000Z
"10/3/2025, 1:17:08 PM",3.639,99.3,100,0.7,2025-10-03T17:17:08.000Z
"10/3/2025, 1:20:08 PM",3.638,99.5,100,0.7,2025-10-03T17:20:08.000Z
"10/3/2025, 1:23:08 PM",3.638,99.5,100,0.8,2025-10-03T17:23:08.000Z
"10/3/2025, 1:26:08 PM",3.638,99.7,100,0.8,2025-10-03T17:26:08.000Z
"10/3/2025, 1:29:08 PM",3.639,99.9,100,0.8,2025-10-03T17:29:08.000Z
"10/3/2025, 1:32:08 PM",3.639,100,100,0.8,2025-10-03T17:32:08.000Z
"10/3/2025, 1:35:08 PM",3.638,100.2,100,0.8,2025-10-03T17:35:08.000Z
"10/3/2025, 1:38:08 PM",3.638,100.2,100,0.8,2025-10-03T17:38:08.000Z
"10/3/2025, 1:41:08 PM",3.639,100.4,100,0.8,2025-10-03T17:41:08.000Z
"10/3/2025, 1:44:08 PM",3.639,100.4,100,0.8,2025-10-03T17:44:08.000Z
"10/3/2025, 1:47:08 PM",3.638,100.6,100,0.8,2025-10-03T17:47:08.000Z
"10/3/2025, 1:50:08 PM",3.638,100.6,100,0.7,2025-10-03T17:50:08.000Z
"10/3/2025, 1:53:08 PM",3.639,100.8,100,0.8,2025-10-03T17:53:08.000Z
"10/3/2025, 1:56:08 PM",3.638,100.8,100,0.7,2025-10-03T17:56:08.000Z
"10/3/2025, 1:59:08 PM",3.639,101.1,100,0.8,2025-10-03T17:59:08.000Z
"10/3/2025, 2:02:08 PM",3.639,101.1,100,0.8,2025-10-03T18:02:08.000Z
"10/3/2025, 2:05:08 PM",3.639,101.3,100,0.9,2025-10-03T18:05:08.000Z
"10/3/2025, 2:08:08 PM",3.638,101.5,100,1.2,2025-10-03T18:08:08.000Z
"10/3/2025, 2:11:08 PM",3.639,101.7,100,1.2,2025-10-03T18:11:08.000Z
"10/3/2025, 2:14:08 PM",3.639,101.8,100,1.2,2025-10-03T18:14:08.000Z
"10/3/2025, 2:17:08 PM",3.639,102,100,1,2025-10-03T18:17:08.000Z
"10/3/2025, 2:20:08 PM",3.639,102.2,100,0.9,2025-10-03T18:20:08.000Z
"10/3/2025, 2:23:08 PM",3.639,102.2,100,1,2025-10-03T18:23:08.000Z
"10/3/2025, 2:26:08 PM",3.638,102.4,100,1.2,2025-10-03T18:26:08.000Z
"10/3/2025, 2:29:08 PM",3.638,102.4,100,1.2,2025-10-03T18:29:08.000Z
"10/3/2025, 2:32:08 PM",3.639,102.6,100,1.3,2025-10-03T18:32:08.000Z
"10/3/2025, 2:35:08 PM",3.639,102.6,100,1.3,2025-10-03T18:35:08.000Z
"10/3/2025, 2:38:08 PM",3.639,102.6,100,1.4,2025-10-03T18:38:08.000Z
"10/3/2025, 2:41:08 PM",3.639,102.7,100,1.2,2025-10-03T18:41:08.000Z
"10/3/2025, 2:44:08 PM",3.639,102.7,100,1.3,2025-10-03T18:44:08.000Z
"10/3/2025, 2:47:08 PM",3.638,102.7,100,1.3,2025-10-03T18:47:08.000Z
"10/3/2025, 2:50:08 PM",3.639,102.9,100,1.3,2025-10-03T18:50:08.000Z
"10/3/2025, 2:53:08 PM",3.639,102.9,100,1.2,2025-10-03T18:53:08.000Z
"10/3/2025, 2:56:08 PM",3.639,102.9,100,1.2,2025-10-03T18:56:08.000Z
"10/3/2025, 2:59:08 PM",3.638,102.9,100,1.3,2025-10-03T18:59:08.000Z
"10/3/2025, 3:02:08 PM",3.639,102.9,100,1.3,2025-10-03T19:02:08.000Z
"10/3/2025, 3:05:08 PM",3.639,103.1,100,1.3,2025-10-03T19:05:08.000Z
"10/3/2025, 3:08:08 PM",3.639,103.1,100,1.4,2025-10-03T19:08:08.000Z
"10/3/2025, 3:11:08 PM",3.638,103.1,100,1.3,2025-10-03T19:11:08.000Z
"10/3/2025, 3:14:08 PM",3.639,103.3,100,1.2,2025-10-03T19:14:08.000Z
"10/3/2025, 3:17:08 PM",3.639,103.3,100,1.2,2025-10-03T19:17:08.000Z
"10/3/2025, 3:20:08 PM",3.639,103.3,100,1,2025-10-03T19:20:08.000Z
"10/3/2025, 3:23:08 PM",3.639,103.3,100,1,2025-10-03T19:23:08.000Z
"10/3/2025, 3:26:08 PM",3.639,103.3,100,1.2,2025-10-03T19:26:08.000Z
"10/3/2025, 3:29:08 PM",3.639,103.3,100,1.2,2025-10-03T19:29:08.000Z
"10/3/2025, 3:32:08 PM",3.639,103.3,100,1,2025-10-03T19:32:08.000Z
"10/3/2025, 3:35:08 PM",3.639,103.3,100,1,2025-10-03T19:35:08.000Z
"10/3/2025, 3:38:08 PM",3.639,103.1,100,0.9,2025-10-03T19:38:08.000Z
"10/3/2025, 3:41:08 PM",3.638,103.1,100,1,2025-10-03T19:41:08.000Z
"10/3/2025, 3:44:08 PM",3.639,103.1,100,0.9,2025-10-03T19:44:08.000Z
"10/3/2025, 3:47:08 PM",3.639,103.1,100,1,2025-10-03T19:47:08.000Z
"10/3/2025, 3:50:08 PM",3.639,103.1,100,0.9,2025-10-03T19:50:08.000Z
"10/3/2025, 3:53:08 PM",3.639,103.1,100,0.9,2025-10-03T19:53:08.000Z
"10/3/2025, 3:56:08 PM",3.639,103.1,100,0.9,2025-10-03T19:56:08.000Z
"10/3/2025, 3:59:08 PM",3.639,103.1,100,0.8,2025-10-03T19:59:08.000Z
"10/3/2025, 4:02:08 PM",3.639,103.1,100,0.7,2025-10-03T20:02:08.000Z
"10/3/2025, 4:05:08 PM",3.639,103.1,100,0.6,2025-10-03T20:05:08.000Z
"10/3/2025, 4:08:08 PM",3.639,103.1,100,0.8,2025-10-03T20:08:08.000Z
"10/3/2025, 4:11:08 PM",3.639,103.1,100,0.7,2025-10-03T20:11:08.000Z
"10/3/2025, 4:14:08 PM",3.639,103.1,100,0.7,2025-10-03T20:14:08.000Z
"10/3/2025, 4:17:08 PM",3.639,103.1,100,0.6,2025-10-03T20:17:08.000Z
"10/3/2025, 4:20:08 PM",3.639,102.9,100,0.7,2025-10-03T20:20:08.000Z
"10/3/2025, 4:23:08 PM",3.639,102.9,100,0.7,2025-10-03T20:23:08.000Z
"10/3/2025, 4:26:08 PM",3.639,102.9,100,0.7,2025-10-03T20:26:08.000Z
"10/3/2025, 4:29:08 PM",3.639,102.9,100,0.7,2025-10-03T20:29:08.000Z
"10/3/2025, 4:32:08 PM",3.639,102.9,100,0.7,2025-10-03T20:32:08.000Z
"10/3/2025, 4:35:08 PM",3.639,102.7,100,0.7,2025-10-03T20:35:08.000Z
"10/3/2025, 4:38:08 PM",3.639,102.7,100,0.7,2025-10-03T20:38:08.000Z
"10/3/2025, 4:41:08 PM",3.639,102.7,100,0.6,2025-10-03T20:41:08.000Z
"10/3/2025, 4:44:08 PM",3.639,102.6,100,0.6,2025-10-03T20:44:08.000Z
"10/3/2025, 4:47:08 PM",3.639,102.4,100,0.6,2025-10-03T20:47:08.000Z
"10/3/2025, 4:50:08 PM",3.639,102.4,100,0.6,2025-10-03T20:50:08.000Z
"10/3/2025, 4:53:08 PM",3.639,102.2,100,0.6,2025-10-03T20:53:08.000Z
"10/3/2025, 4:56:08 PM",3.639,102.2,100,0.5,2025-10-03T20:56:08.000Z
"10/3/2025, 4:59:08 PM",3.639,102,100,0.5,2025-10-03T20:59:08.000Z
"10/3/2025, 5:02:08 PM",3.639,101.8,100,0.6,2025-10-03T21:02:08.000Z
"10/3/2025, 5:05:08 PM",3.639,101.8,100,0.5,2025-10-03T21:05:08.000Z
"10/3/2025, 5:08:08 PM",3.639,101.7,100,0.5,2025-10-03T21:08:08.000Z
"10/3/2025, 5:11:08 PM",3.639,101.5,100,0.5,2025-10-03T21:11:08.000Z
"10/3/2025, 5:14:08 PM",3.639,101.3,100,0.5,2025-10-03T21:14:08.000Z
"10/3/2025, 5:17:08 PM",3.639,101.3,100,0.5,2025-10-03T21:17:08.000Z
"10/3/2025, 5:20:08 PM",3.639,101.1,100,0.4,2025-10-03T21:20:08.000Z
"10/3/2025, 5:23:08 PM",3.639,100.9,100,0.4,2025-10-03T21:23:08.000Z
"10/3/2025, 5:26:08 PM",3.639,100.8,100,0.4,2025-10-03T21:26:08.000Z
"10/3/2025, 5:29:08 PM",3.639,100.6,100,0.4,2025-10-03T21:29:08.000Z
"10/3/2025, 5:32:08 PM",3.639,100.2,100,0.4,2025-10-03T21:32:08.000Z
"10/3/2025, 5:35:08 PM",3.639,100,100,0,2025-10-03T21:35:08.000Z
"10/3/2025, 5:38:08 PM",3.639,99.7,100,0,2025-10-03T21:38:08.000Z
"10/3/2025, 5:41:08 PM",3.639,99.5,100,0.4,2025-10-03T21:41:08.000Z
"10/3/2025, 5:44:08 PM",3.639,99.1,100,0,2025-10-03T21:44:08.000Z
"10/3/2025, 5:47:08 PM",3.639,99,100,0,2025-10-03T21:47:08.000Z
"10/3/2025, 5:50:08 PM",3.639,98.6,100,0,2025-10-03T21:50:08.000Z
"10/3/2025, 5:53:08 PM",3.639,98.2,100,0,2025-10-03T21:53:08.000Z
"10/3/2025, 5:56:08 PM",3.639,97.9,100,0,2025-10-03T21:56:08.000Z
"10/3/2025, 5:59:08 PM",3.639,97.5,100,0,2025-10-03T21:59:08.000Z
"10/3/2025, 6:02:08 PM",3.639,97.3,100,0,2025-10-03T22:02:08.000Z
"10/3/2025, 6:05:08 PM",3.639,97,100,0,2025-10-03T22:05:08.000Z
"10/3/2025, 6:08:08 PM",3.639,96.8,100,0,2025-10-03T22:08:08.000Z
"10/3/2025, 6:11:08 PM",3.639,96.4,100,0,2025-10-03T22:11:08.000Z
"10/3/2025, 6:14:08 PM",3.639,96.1,100,0,2025-10-03T22:14:08.000Z
"10/3/2025, 6:17:08 PM",3.639,95.9,100,0,2025-10-03T22:17:08.000Z
"10/3/2025, 6:20:08 PM",3.639,95.5,100,0,2025-10-03T22:20:08.000Z
"10/3/2025, 6:23:08 PM",3.639,95.2,100,0,2025-10-03T22:23:08.000Z
"10/3/2025, 6:26:08 PM",3.639,94.8,100,0,2025-10-03T22:26:08.000Z
"10/3/2025, 6:29:08 PM",3.64,94.6,100,0,2025-10-03T22:29:08.000Z
"10/3/2025, 6:32:08 PM",3.64,94.3,100,0,2025-10-03T22:32:08.000Z
"10/3/2025, 6:35:08 PM",3.639,93.9,100,0,2025-10-03T22:35:08.000Z
"10/3/2025, 6:38:08 PM",3.639,93.6,100,0,2025-10-03T22:38:08.000Z
"10/3/2025, 6:41:08 PM",3.639,93.2,100,0,2025-10-03T22:41:08.000Z
"10/3/2025, 6:44:08 PM",3.64,92.7,100,0,2025-10-03T22:44:08.000Z
"10/3/2025, 6:47:08 PM",3.639,92.3,100,0,2025-10-03T22:47:08.000Z
"10/3/2025, 6:50:08 PM",3.64,91.9,100,0,2025-10-03T22:50:08.000Z
"10/3/2025, 6:53:08 PM",3.639,91.8,100,0,2025-10-03T22:53:08.000Z
"10/3/2025, 6:56:08 PM",3.639,91.4,100,0,2025-10-03T22:56:08.000Z
"10/3/2025, 6:59:08 PM",3.64,91,100,0,2025-10-03T22:59:08.000Z
"10/3/2025, 7:02:08 PM",3.64,90.7,100,0,2025-10-03T23:02:08.000Z
"10/3/2025, 7:05:08 PM",3.639,90.5,100,0,2025-10-03T23:05:08.000Z
"10/3/2025, 7:08:08 PM",3.64,90.1,100,0,2025-10-03T23:08:08.000Z
"10/3/2025, 7:11:08 PM",3.64,89.8,100,0,2025-10-03T23:11:08.000Z
"10/3/2025, 7:14:08 PM",3.64,89.6,100,0,2025-10-03T23:14:08.000Z
"10/3/2025, 7:17:08 PM",3.639,89.2,100,0,2025-10-03T23:17:08.000Z
"10/3/2025, 7:20:08 PM",3.64,89.1,100,0,2025-10-03T23:20:08.000Z
"10/3/2025, 7:23:08 PM",3.64,88.9,100,0,2025-10-03T23:23:08.000Z
"10/3/2025, 7:26:08 PM",3.64,88.5,100,0,2025-10-03T23:26:08.000Z
"10/3/2025, 7:29:08 PM",3.64,88.3,100,0,2025-10-03T23:29:08.000Z
"10/3/2025, 7:32:08 PM",3.639,88.2,100,0,2025-10-03T23:32:08.000Z
"10/3/2025, 7:35:08 PM",3.64,87.8,100,0,2025-10-03T23:35:08.000Z
"10/3/2025, 7:38:08 PM",3.64,87.6,100,0,2025-10-03T23:38:08.000Z
"10/3/2025, 7:41:08 PM",3.64,87.4,100,0,2025-10-03T23:41:08.000Z
"10/3/2025, 7:44:08 PM",3.64,87.3,100,0,2025-10-03T23:44:08.000Z
"10/3/2025, 7:47:08 PM",3.64,86.9,100,0,2025-10-03T23:47:08.000Z
"10/3/2025, 7:50:08 PM",3.64,86.7,100,0,2025-10-03T23:50:08.000Z
"10/3/2025, 7:53:08 PM",3.64,86.5,100,0,2025-10-03T23:53:08.000Z
"10/3/2025, 7:56:08 PM",3.641,86.4,100,0,2025-10-03T23:56:08.000Z
"10/3/2025, 7:59:08 PM",3.64,86.2,100,0,2025-10-03T23:59:08.000Z
"10/3/2025, 8:02:08 PM",3.64,86,100,0,2025-10-04T00:02:08.000Z
"10/3/2025, 8:05:08 PM",3.64,85.8,100,0,2025-10-04T00:05:08.000Z
"10/3/2025, 8:08:08 PM",3.64,85.6,100,0,2025-10-04T00:08:08.000Z
"10/3/2025, 8:11:08 PM",3.64,85.6,100,0,2025-10-04T00:11:08.000Z
"10/3/2025, 8:14:08 PM",3.64,85.5,100,0,2025-10-04T00:14:08.000Z
"10/3/2025, 8:17:08 PM",3.64,85.3,100,0,2025-10-04T00:17:08.000Z
"10/3/2025, 8:20:08 PM",3.64,85.1,100,0,2025-10-04T00:20:08.000Z
"10/3/2025, 8:23:08 PM",3.64,85.1,100,0,2025-10-04T00:23:08.000Z
"10/3/2025, 8:26:08 PM",3.64,84.9,100,0,2025-10-04T00:26:08.000Z
"10/3/2025, 8:29:08 PM",3.64,84.7,100,0,2025-10-04T00:29:08.000Z
"10/3/2025, 8:32:08 PM",3.64,84.7,100,0,2025-10-04T00:32:08.000Z
"10/3/2025, 8:35:08 PM",3.64,84.6,100,0,2025-10-04T00:35:08.000Z
"10/3/2025, 8:38:08 PM",3.64,84.4,100,0,2025-10-04T00:38:08.000Z
"10/3/2025, 8:41:08 PM",3.64,84.4,100,0,2025-10-04T00:41:08.000Z
"10/3/2025, 8:44:08 PM",3.64,84.2,100,0,2025-10-04T00:44:08.000Z
"10/3/2025, 8:47:08 PM",3.64,84.2,100,0,2025-10-04T00:47:08.000Z
"10/3/2025, 8:50:08 PM",3.64,84,100,0,2025-10-04T00:50:08.000Z
"10/3/2025, 8:53:08 PM",3.64,84,100,0,2025-10-04T00:53:08.000Z
"10/3/2025, 8:56:08 PM",3.64,83.8,100,0,2025-10-04T00:56:08.000Z
"10/3/2025, 8:59:08 PM",3.64,83.8,100,0,2025-10-04T00:59:08.000Z
"10/3/2025, 9:02:08 PM",3.641,83.7,100,0,2025-10-04T01:02:08.000Z
"10/3/2025, 9:05:08 PM",3.64,83.7,100,0,2025-10-04T01:05:08.000Z
"10/3/2025, 9:08:08 PM",3.64,83.7,100,0,2025-10-04T01:08:08.000Z
"10/3/2025, 9:11:08 PM",3.64,83.5,100,0,2025-10-04T01:11:08.000Z
"10/3/2025, 9:14:08 PM",3.64,83.5,100,0,2025-10-04T01:14:08.000Z
"10/3/2025, 9:17:08 PM",3.64,83.5,100,0,2025-10-04T01:17:08.000Z
"10/3/2025, 9:20:08 PM",3.64,83.3,100,0,2025-10-04T01:20:08.000Z
"10/3/2025, 9:23:08 PM",3.64,83.3,100,0,2025-10-04T01:23:08.000Z
"10/3/2025, 9:26:08 PM",3.64,83.1,100,0,2025-10-04T01:26:08.000Z
"10/3/2025, 9:29:08 PM",3.64,83.1,100,0,2025-10-04T01:29:08.000Z
"10/3/2025, 9:32:08 PM",3.64,83.1,100,0,2025-10-04T01:32:08.000Z
"10/3/2025, 9:35:08 PM",3.64,83.1,100,0,2025-10-04T01:35:08.000Z
"10/3/2025, 9:38:08 PM",3.64,82.9,100,0,2025-10-04T01:38:08.000Z
"10/3/2025, 9:41:08 PM",3.641,82.9,100,0,2025-10-04T01:41:08.000Z
"10/3/2025, 9:44:08 PM",3.641,82.9,100,0,2025-10-04T01:44:08.000Z
"10/3/2025, 9:47:08 PM",3.641,82.8,100,0,2025-10-04T01:47:08.000Z
"10/3/2025, 9:50:08 PM",3.64,82.8,100,0,2025-10-04T01:50:08.000Z
"10/3/2025, 9:53:08 PM",3.64,82.8,100,0,2025-10-04T01:53:08.000Z
"10/3/2025, 9:56:08 PM",3.64,82.6,100,0,2025-10-04T01:56:08.000Z
"10/3/2025, 9:59:08 PM",3.641,82.6,100,0,2025-10-04T01:59:08.000Z
"10/3/2025, 10:02:08 PM",3.64,82.6,100,0,2025-10-04T02:02:08.000Z
"10/3/2025, 10:05:08 PM",3.64,82.6,100,0,2025-10-04T02:05:08.000Z
"10/3/2025, 10:08:08 PM",3.64,82.4,100,0,2025-10-04T02:08:08.000Z
"10/3/2025, 10:11:08 PM",3.64,82.4,100,0,2025-10-04T02:11:08.000Z
"10/3/2025, 10:14:08 PM",3.64,82.4,100,0,2025-10-04T02:14:08.000Z
"10/3/2025, 10:17:08 PM",3.64,82.2,100,0,2025-10-04T02:17:08.000Z
"10/3/2025, 10:20:08 PM",3.64,82.2,100,0,2025-10-04T02:20:08.000Z
"10/3/2025, 10:23:08 PM",3.64,82.2,100,0,2025-10-04T02:23:08.000Z
"10/3/2025, 10:26:08 PM",3.64,82.2,100,0,2025-10-04T02:26:08.000Z
"10/3/2025, 10:29:08 PM",3.64,82,100,0,2025-10-04T02:29:08.000Z
"10/3/2025, 10:32:08 PM",3.64,82,100,0,2025-10-04T02:32:08.000Z
"10/3/2025, 10:35:08 PM",3.64,82,100,0,2025-10-04T02:35:08.000Z
"10/3/2025, 10:38:08 PM",3.64,82,100,0,2025-10-04T02:38:08.000Z
"10/3/2025, 10:41:08 PM",3.64,81.9,100,0,2025-10-04T02:41:08.000Z
"10/3/2025, 10:44:08 PM",3.641,81.9,100,0,2025-10-04T02:44:08.000Z
"10/3/2025, 10:47:08 PM",3.64,81.9,100,0,2025-10-04T02:47:08.000Z
"10/3/2025, 10:50:08 PM",3.64,81.9,100,0,2025-10-04T02:50:08.000Z
"10/3/2025, 10:53:08 PM",3.64,81.9,100,0,2025-10-04T02:53:08.000Z
"10/3/2025, 10:56:08 PM",3.641,81.7,100,0,2025-10-04T02:56:08.000Z
"10/3/2025, 10:59:08 PM",3.64,81.7,100,0,2025-10-04T02:59:08.000Z
"10/3/2025, 11:02:08 PM",3.64,81.7,100,0,2025-10-04T03:02:08.000Z
"10/3/2025, 11:05:08 PM",3.64,81.5,100,0,2025-10-04T03:05:08.000Z
"10/3/2025, 11:08:08 PM",3.64,81.5,100,0,2025-10-04T03:08:08.000Z
"10/3/2025, 11:11:08 PM",3.641,81.5,100,0,2025-10-04T03:11:08.000Z
"10/3/2025, 11:14:08 PM",3.64,81.5,100,0,2025-10-04T03:14:08.000Z
"10/3/2025, 11:17:08 PM",3.64,81.3,100,0,2025-10-04T03:17:08.000Z
"10/3/2025, 11:20:08 PM",3.641,81.3,100,0,2025-10-04T03:20:08.000Z
"10/3/2025, 11:23:08 PM",3.64,81.3,100,0,2025-10-04T03:23:08.000Z
"10/3/2025, 11:26:08 PM",3.64,81.3,100,0,2025-10-04T03:26:08.000Z
"10/3/2025, 11:29:08 PM",3.64,81.3,100,0,2025-10-04T03:29:08.000Z
"10/3/2025, 11:32:08 PM",3.64,81.1,100,0,2025-10-04T03:32:08.000Z
"10/3/2025, 11:35:08 PM",3.64,81.1,100,0,2025-10-04T03:35:08.000Z
"10/3/2025, 11:38:08 PM",3.64,81.1,100,0,2025-10-04T03:38:08.000Z
"10/3/2025, 11:41:08 PM",3.64,81.1,100,0,2025-10-04T03:41:08.000Z
"10/3/2025, 11:44:08 PM",3.641,81.1,100,0,2025-10-04T03:44:08.000Z
"10/3/2025, 11:47:08 PM",3.64,81.1,100,0,2025-10-04T03:47:08.000Z
"10/3/2025, 11:50:08 PM",3.64,81.1,100,0,2025-10-04T03:50:08.000Z
"10/3/2025, 11:53:08 PM",3.64,81.1,100,0,2025-10-04T03:53:08.000Z
"10/3/2025, 11:56:08 PM",3.64,81.1,100,0,2025-10-04T03:56:08.000Z
"10/3/2025, 11:59:08 PM",3.64,81.1,100,0,2025-10-04T03:59:08.000Z
"10/4/2025, 12:02:08 AM",3.64,81.1,100,0,2025-10-04T04:02:08.000Z
"10/4/2025, 12:05:08 AM",3.64,81.1,100,0,2025-10-04T04:05:08.000Z
"10/4/2025, 12:08:08 AM",3.64,81.1,100,0,2025-10-04T04:08:08.000Z
"10/4/2025, 12:11:08 AM",3.64,81.1,100,0,2025-10-04T04:11:08.000Z
"10/4/2025, 12:14:08 AM",3.64,81,100,0,2025-10-04T04:14:08.000Z
"10/4/2025, 12:17:08 AM",3.64,81,100,0,2025-10-04T04:17:08.000Z
"10/4/2025, 12:20:08 AM",3.64,81,100,0,2025-10-04T04:20:08.000Z
"10/4/2025, 12:23:08 AM",3.641,81,100,0,2025-10-04T04:23:08.000Z
"10/4/2025, 12:26:08 AM",3.64,80.8,100,0,2025-10-04T04:26:08.000Z
"10/4/2025, 12:29:08 AM",3.64,80.8,100,0,2025-10-04T04:29:08.000Z
"10/4/2025, 12:32:08 AM",3.64,80.8,100,0,2025-10-04T04:32:08.000Z
"10/4/2025, 12:35:08 AM",3.64,80.8,100,0,2025-10-04T04:35:08.000Z
"10/4/2025, 12:38:08 AM",3.64,80.8,100,0,2025-10-04T04:38:08.000Z
"10/4/2025, 12:41:08 AM",3.64,80.8,100,0,2025-10-04T04:41:08.000Z
"10/4/2025, 12:44:08 AM",3.64,80.8,100,0,2025-10-04T04:44:08.000Z
"10/4/2025, 12:47:08 AM",3.64,80.8,100,0,2025-10-04T04:47:08.000Z
"10/4/2025, 12:50:08 AM",3.64,80.8,100,0,2025-10-04T04:50:08.000Z
"10/4/2025, 12:53:08 AM",3.64,80.6,100,0,2025-10-04T04:53:08.000Z
"10/4/2025, 12:56:08 AM",3.64,80.6,100,0,2025-10-04T04:56:08.000Z
"10/4/2025, 12:59:08 AM",3.64,80.6,100,0,2025-10-04T04:59:08.000Z
"10/4/2025, 1:02:08 AM",3.64,80.4,100,0,2025-10-04T05:02:08.000Z
"10/4/2025, 1:05:08 AM",3.64,80.4,100,0,2025-10-04T05:05:08.000Z
"10/4/2025, 1:08:08 AM",3.64,80.2,100,0,2025-10-04T05:08:08.000Z
"10/4/2025, 1:11:08 AM",3.64,80.2,100,0,2025-10-04T05:11:08.000Z
"10/4/2025, 1:14:08 AM",3.64,80.1,100,0,2025-10-04T05:14:08.000Z
"10/4/2025, 1:17:08 AM",3.64,80.1,100,0,2025-10-04T05:17:08.000Z
"10/4/2025, 1:20:08 AM",3.64,79.9,100,0,2025-10-04T05:20:08.000Z
"10/4/2025, 1:23:08 AM",3.64,79.9,100,0,2025-10-04T05:23:08.000Z
"10/4/2025, 1:26:08 AM",3.64,79.7,100,0,2025-10-04T05:26:08.000Z
"10/4/2025, 1:29:08 AM",3.641,79.7,100,0,2025-10-04T05:29:08.000Z
"10/4/2025, 1:32:08 AM",3.64,79.7,100,0,2025-10-04T05:32:08.000Z
"10/4/2025, 1:35:08 AM",3.64,79.5,100,0,2025-10-04T05:35:08.000Z
"10/4/2025, 1:38:08 AM",3.64,79.5,100,0,2025-10-04T05:38:08.000Z
"10/4/2025, 1:41:08 AM",3.641,79.5,100,0,2025-10-04T05:41:08.000Z
"10/4/2025, 1:44:08 AM",3.64,79.5,100,0,2025-10-04T05:44:08.000Z
"10/4/2025, 1:47:08 AM",3.64,79.3,100,0,2025-10-04T05:47:08.000Z
"10/4/2025, 1:50:08 AM",3.64,79.3,100,0,2025-10-04T05:50:08.000Z
"10/4/2025, 1:53:08 AM",3.64,79.3,100,0,2025-10-04T05:53:08.000Z
"10/4/2025, 1:56:08 AM",3.64,79.3,100,0,2025-10-04T05:56:08.000Z
"10/4/2025, 1:59:08 AM",3.64,79.2,100,0,2025-10-04T05:59:08.000Z
"10/4/2025, 2:02:08 AM",3.64,79.2,100,0,2025-10-04T06:02:08.000Z
"10/4/2025, 2:05:08 AM",3.64,79.3,100,0,2025-10-04T06:05:08.000Z
"10/4/2025, 2:08:08 AM",3.641,79.3,100,0,2025-10-04T06:08:08.000Z
"10/4/2025, 2:11:08 AM",3.64,79.3,100,0,2025-10-04T06:11:08.000Z
"10/4/2025, 2:14:08 AM",3.64,79.3,100,0,2025-10-04T06:14:08.000Z
"10/4/2025, 2:17:08 AM",3.64,79.3,100,0,2025-10-04T06:17:08.000Z
"10/4/2025, 2:20:08 AM",3.64,79.3,100,0,2025-10-04T06:20:08.000Z
"10/4/2025, 2:23:08 AM",3.641,79.3,100,0,2025-10-04T06:23:08.000Z
"10/4/2025, 2:26:08 AM",3.64,79.2,100,0,2025-10-04T06:26:08.000Z
"10/4/2025, 2:29:08 AM",3.64,79.2,100,0,2025-10-04T06:29:08.000Z
"10/4/2025, 2:32:08 AM",3.64,79.2,100,0,2025-10-04T06:32:08.000Z
"10/4/2025, 2:35:08 AM",3.64,79.2,100,0,2025-10-04T06:35:08.000Z
"10/4/2025, 2:38:08 AM",3.64,79,100,0,2025-10-04T06:38:08.000Z
"10/4/2025, 2:41:08 AM",3.64,79,100,0,2025-10-04T06:41:08.000Z
"10/4/2025, 2:44:08 AM",3.64,79,100,0,2025-10-04T06:44:08.000Z
"10/4/2025, 2:47:08 AM",3.64,79,100,0,2025-10-04T06:47:08.000Z
"10/4/2025, 2:50:08 AM",3.64,79,100,0,2025-10-04T06:50:08.000Z
"10/4/2025, 2:53:08 AM",3.64,79,100,0,2025-10-04T06:53:08.000Z
"10/4/2025, 2:56:08 AM",3.64,79,100,0,2025-10-04T06:56:08.000Z
"10/4/2025, 2:59:08 AM",3.641,79,100,0,2025-10-04T06:59:08.000Z
"10/4/2025, 3:02:08 AM",3.64,78.8,100,0,2025-10-04T07:02:08.000Z
"10/4/2025, 3:05:08 AM",3.64,79,100,0,2025-10-04T07:05:08.000Z
"10/4/2025, 3:08:08 AM",3.64,79,100,0,2025-10-04T07:08:08.000Z
"10/4/2025, 3:11:08 AM",3.64,79,100,0,2025-10-04T07:11:08.000Z
"10/4/2025, 3:14:08 AM",3.64,79,100,0,2025-10-04T07:14:08.000Z
"10/4/2025, 3:17:08 AM",3.64,79,100,0,2025-10-04T07:17:08.000Z
"10/4/2025, 3:20:08 AM",3.64,79,100,0,2025-10-04T07:20:08.000Z
"10/4/2025, 3:23:08 AM",3.64,79,100,0,2025-10-04T07:23:08.000Z
"10/4/2025, 3:26:08 AM",3.64,79,100,0,2025-10-04T07:26:08.000Z
"10/4/2025, 3:29:08 AM",3.64,79,100,0,2025-10-04T07:29:08.000Z
"10/4/2025, 3:32:08 AM",3.64,79,100,0,2025-10-04T07:32:08.000Z
"10/4/2025, 3:35:08 AM",3.64,79,100,0,2025-10-04T07:35:08.000Z
"10/4/2025, 3:38:08 AM",3.64,79,100,0,2025-10-04T07:38:08.000Z
"10/4/2025, 3:41:08 AM",3.64,79,100,0,2025-10-04T07:41:08.000Z
"10/4/2025, 3:44:08 AM",3.64,78.8,100,0,2025-10-04T07:44:08.000Z
"10/4/2025, 3:47:08 AM",3.64,78.8,100,0,2025-10-04T07:47:08.000Z
"10/4/2025, 3:50:08 AM",3.64,78.8,100,0,2025-10-04T07:50:08.000Z
"10/4/2025, 3:53:08 AM",3.64,78.8,100,0,2025-10-04T07:53:08.000Z
"10/4/2025, 3:56:08 AM",3.64,78.8,100,0,2025-10-04T07:56:08.000Z
"10/4/2025, 3:59:08 AM",3.64,78.8,100,0,2025-10-04T07:59:08.000Z
"10/4/2025, 4:02:08 AM",3.64,78.8,100,0,2025-10-04T08:02:08.000Z
"10/4/2025, 4:05:08 AM",3.64,78.8,100,0,2025-10-04T08:05:08.000Z
"10/4/2025, 4:08:08 AM",3.64,78.8,100,0,2025-10-04T08:08:08.000Z
"10/4/2025, 4:11:08 AM",3.64,78.8,100,0,2025-10-04T08:11:08.000Z
"10/4/2025, 4:14:08 AM",3.64,78.8,100,0,2025-10-04T08:14:08.000Z
"10/4/2025, 4:17:08 AM",3.64,79,100,0,2025-10-04T08:17:08.000Z
"10/4/2025, 4:20:08 AM",3.64,79,100,0,2025-10-04T08:20:08.000Z
"10/4/2025, 4:23:08 AM",3.64,79,100,0,2025-10-04T08:23:08.000Z
"10/4/2025, 4:26:08 AM",3.641,79,100,0,2025-10-04T08:26:08.000Z
"10/4/2025, 4:29:08 AM",3.64,79,100,0,2025-10-04T08:29:08.000Z
"10/4/2025, 4:32:08 AM",3.64,79,100,0,2025-10-04T08:32:08.000Z
"10/4/2025, 4:35:08 AM",3.64,79,100,0,2025-10-04T08:35:08.000Z
"10/4/2025, 4:38:08 AM",3.64,78.8,100,0,2025-10-04T08:38:08.000Z
"10/4/2025, 4:41:08 AM",3.639,78.8,100,0,2025-10-04T08:41:08.000Z
"10/4/2025, 4:44:08 AM",3.64,78.8,100,0,2025-10-04T08:44:08.000Z
"10/4/2025, 4:47:08 AM",3.64,78.8,100,0,2025-10-04T08:47:08.000Z
"10/4/2025, 4:50:08 AM",3.64,78.6,100,0,2025-10-04T08:50:08.000Z
"10/4/2025, 4:53:08 AM",3.64,78.6,100,0,2025-10-04T08:53:08.000Z
"10/4/2025, 4:56:08 AM",3.64,78.6,100,0,2025-10-04T08:56:08.000Z
"10/4/2025, 4:59:08 AM",3.64,78.6,100,0,2025-10-04T08:59:08.000Z
"10/4/2025, 5:02:08 AM",3.64,78.6,100,0,2025-10-04T09:02:08.000Z
"10/4/2025, 5:05:08 AM",3.64,78.6,100,0,2025-10-04T09:05:08.000Z
"10/4/2025, 5:08:08 AM",3.64,78.6,100,0,2025-10-04T09:08:08.000Z
"10/4/2025, 5:11:08 AM",3.64,78.6,100,0,2025-10-04T09:11:08.000Z
"10/4/2025, 5:14:08 AM",3.64,78.8,100,0,2025-10-04T09:14:08.000Z
"10/4/2025, 5:17:08 AM",3.64,78.8,100,0,2025-10-04T09:17:08.000Z
"10/4/2025, 5:20:08 AM",3.64,78.8,100,0,2025-10-04T09:20:08.000Z
"10/4/2025, 5:23:08 AM",3.64,78.8,100,0,2025-10-04T09:23:08.000Z
"10/4/2025, 5:26:08 AM",3.64,78.6,100,0,2025-10-04T09:26:08.000Z
"10/4/2025, 5:29:08 AM",3.64,78.6,100,0,2025-10-04T09:29:08.000Z
"10/4/2025, 5:32:08 AM",3.64,78.6,100,0,2025-10-04T09:32:08.000Z
"10/4/2025, 5:35:08 AM",3.639,78.6,100,0,2025-10-04T09:35:08.000Z
"10/4/2025, 5:38:08 AM",3.64,78.6,100,0,2025-10-04T09:38:08.000Z
"10/4/2025, 5:41:08 AM",3.64,78.6,100,0,2025-10-04T09:41:08.000Z
"10/4/2025, 5:44:08 AM",3.64,78.6,100,0,2025-10-04T09:44:08.000Z
"10/4/2025, 5:47:08 AM",3.639,78.6,100,0,2025-10-04T09:47:08.000Z
"10/4/2025, 5:50:08 AM",3.64,78.4,100,0,2025-10-04T09:50:08.000Z
"10/4/2025, 5:53:08 AM",3.64,78.4,100,0,2025-10-04T09:53:08.000Z
"10/4/2025, 5:56:08 AM",3.64,78.4,100,0,2025-10-04T09:56:08.000Z
"10/4/2025, 5:59:08 AM",3.64,78.4,100,0,2025-10-04T09:59:08.000Z
"10/4/2025, 6:02:08 AM",3.64,78.4,100,0,2025-10-04T10:02:08.000Z
"10/4/2025, 6:05:08 AM",3.64,78.4,100,0,2025-10-04T10:05:08.000Z
"10/4/2025, 6:08:08 AM",3.64,78.4,100,0,2025-10-04T10:08:08.000Z
"10/4/2025, 6:11:08 AM",3.64,78.4,100,0,2025-10-04T10:11:08.000Z
"10/4/2025, 6:14:08 AM",3.64,78.4,100,0,2025-10-04T10:14:08.000Z
"10/4/2025, 6:17:08 AM",3.639,78.4,100,0,2025-10-04T10:17:08.000Z
"10/4/2025, 6:20:08 AM",3.64,78.4,100,0,2025-10-04T10:20:08.000Z
"10/4/2025, 6:23:08 AM",3.639,78.4,100,0,2025-10-04T10:23:08.000Z
"10/4/2025, 6:26:08 AM",3.639,78.4,100,0,2025-10-04T10:26:08.000Z
"10/4/2025, 6:29:08 AM",3.64,78.4,100,0,2025-10-04T10:29:08.000Z
"10/4/2025, 6:32:08 AM",3.64,78.4,100,0,2025-10-04T10:32:08.000Z
"10/4/2025, 6:35:08 AM",3.64,78.4,100,0,2025-10-04T10:35:08.000Z
"10/4/2025, 6:38:08 AM",3.64,78.4,100,0,2025-10-04T10:38:08.000Z
"10/4/2025, 6:41:08 AM",3.64,78.3,100,0,2025-10-04T10:41:08.000Z
"10/4/2025, 6:44:08 AM",3.64,78.3,100,0,2025-10-04T10:44:08.000Z
"10/4/2025, 6:47:08 AM",3.64,78.3,100,0,2025-10-04T10:47:08.000Z
"10/4/2025, 6:50:08 AM",3.64,78.3,100,0,2025-10-04T10:50:08.000Z
"10/4/2025, 6:53:08 AM",3.64,78.3,100,0,2025-10-04T10:53:08.000Z
"10/4/2025, 6:56:08 AM",3.64,78.1,100,0,2025-10-04T10:56:08.000Z
"10/4/2025, 6:59:08 AM",3.639,78.1,100,0,2025-10-04T10:59:08.000Z
"10/4/2025, 7:02:08 AM",3.64,78.1,100,0,2025-10-04T11:02:08.000Z
"10/4/2025, 7:05:08 AM",3.639,78.1,100,0,2025-10-04T11:05:08.000Z
"10/4/2025, 7:08:08 AM",3.64,78.1,100,0.4,2025-10-04T11:08:08.000Z
"10/4/2025, 7:11:08 AM",3.64,78.3,100,0,2025-10-04T11:11:08.000Z
"10/4/2025, 7:14:08 AM",3.64,78.3,100,0,2025-10-04T11:14:08.000Z
"10/4/2025, 7:17:08 AM",3.64,78.1,100,0.4,2025-10-04T11:17:08.000Z
"10/4/2025, 7:20:08 AM",3.64,78.1,100,0,2025-10-04T11:20:08.000Z
"10/4/2025, 7:23:08 AM",3.64,78.1,100,0.4,2025-10-04T11:23:08.000Z
"10/4/2025, 7:26:08 AM",3.64,78.1,100,0,2025-10-04T11:26:08.000Z
"10/4/2025, 7:29:08 AM",3.64,78.1,100,0,2025-10-04T11:29:08.000Z
"10/4/2025, 7:32:08 AM",3.64,77.9,100,0,2025-10-04T11:32:08.000Z
"10/4/2025, 7:35:08 AM",3.639,77.9,100,0,2025-10-04T11:35:08.000Z
"10/4/2025, 7:38:08 AM",3.639,77.9,100,0,2025-10-04T11:38:08.000Z
"10/4/2025, 7:41:08 AM",3.639,77.9,100,0,2025-10-04T11:41:08.000Z
"10/4/2025, 7:44:08 AM",3.64,77.9,100,0,2025-10-04T11:44:08.000Z
"10/4/2025, 7:47:08 AM",3.639,77.9,100,0,2025-10-04T11:47:08.000Z
"10/4/2025, 7:50:08 AM",3.64,77.9,100,0.4,2025-10-04T11:50:08.000Z
"10/4/2025, 7:53:08 AM",3.64,77.9,100,0,2025-10-04T11:53:08.000Z
"10/4/2025, 7:56:08 AM",3.64,77.9,100,0,2025-10-04T11:56:08.000Z
"10/4/2025, 7:59:08 AM",3.64,77.9,100,0,2025-10-04T11:59:08.000Z
"10/4/2025, 8:02:08 AM",3.64,78.1,100,0.4,2025-10-04T12:02:08.000Z
"10/4/2025, 8:05:08 AM",3.64,78.1,100,0,2025-10-04T12:05:08.000Z
"10/4/2025, 8:08:08 AM",3.64,78.1,100,0.4,2025-10-04T12:08:08.000Z
"10/4/2025, 8:11:08 AM",3.64,78.1,100,0.4,2025-10-04T12:11:08.000Z
"10/4/2025, 8:14:08 AM",3.64,78.3,100,0.4,2025-10-04T12:14:08.000Z
"10/4/2025, 8:17:08 AM",3.64,78.4,100,0.4,2025-10-04T12:17:08.000Z
"10/4/2025, 8:20:08 AM",3.64,78.4,100,0.4,2025-10-04T12:20:08.000Z
"10/4/2025, 8:23:08 AM",3.64,78.6,100,0.4,2025-10-04T12:23:08.000Z
"10/4/2025, 8:26:08 AM",3.64,78.6,100,0.4,2025-10-04T12:26:08.000Z
"10/4/2025, 8:29:08 AM",3.64,78.8,100,0.4,2025-10-04T12:29:08.000Z
"10/4/2025, 8:32:08 AM",3.64,79,100,0.4,2025-10-04T12:32:08.000Z
"10/4/2025, 8:35:08 AM",3.64,79,100,0.4,2025-10-04T12:35:08.000Z
"10/4/2025, 8:38:08 AM",3.64,79.2,100,0.4,2025-10-04T12:38:08.000Z
"10/4/2025, 8:41:08 AM",3.64,79.2,100,0.4,2025-10-04T12:41:08.000Z
"10/4/2025, 8:44:08 AM",3.639,79.3,100,0.4,2025-10-04T12:44:08.000Z
"10/4/2025, 8:47:08 AM",3.64,79.5,100,0.4,2025-10-04T12:47:08.000Z
"10/4/2025, 8:50:08 AM",3.64,79.7,100,0.4,2025-10-04T12:50:08.000Z
"10/4/2025, 8:53:08 AM",3.64,79.9,100,0.4,2025-10-04T12:53:08.000Z
"10/4/2025, 8:56:08 AM",3.639,80.1,100,0.4,2025-10-04T12:56:08.000Z
"10/4/2025, 8:59:08 AM",3.639,80.2,100,0.4,2025-10-04T12:59:08.000Z
"10/4/2025, 9:02:08 AM",3.639,80.4,100,0.4,2025-10-04T13:02:08.000Z
"10/4/2025, 9:05:08 AM",3.639,80.6,100,0.4,2025-10-04T13:05:08.000Z
"10/4/2025, 9:08:08 AM",3.639,80.8,100,0.5,2025-10-04T13:08:08.000Z
"10/4/2025, 9:11:08 AM",3.639,81,100,0.4,2025-10-04T13:11:08.000Z
"10/4/2025, 9:14:08 AM",3.64,81.1,100,0.5,2025-10-04T13:14:08.000Z
"10/4/2025, 9:17:08 AM",3.639,81.5,100,0.4,2025-10-04T13:17:08.000Z
"10/4/2025, 9:20:08 AM",3.64,81.7,100,0.4,2025-10-04T13:20:08.000Z
"10/4/2025, 9:23:08 AM",3.639,81.9,100,0.5,2025-10-04T13:23:08.000Z
"10/4/2025, 9:26:08 AM",3.64,82.2,100,0.5,2025-10-04T13:26:08.000Z
"10/4/2025, 9:29:08 AM",3.639,82.4,100,0.5,2025-10-04T13:29:08.000Z
"10/4/2025, 9:32:08 AM",3.639,82.6,100,0.5,2025-10-04T13:32:08.000Z
"10/4/2025, 9:35:08 AM",3.64,82.9,100,0.5,2025-10-04T13:35:08.000Z
"10/4/2025, 9:38:08 AM",3.639,83.3,100,0.5,2025-10-04T13:38:08.000Z
"10/4/2025, 9:41:08 AM",3.639,83.5,100,0.6,2025-10-04T13:41:08.000Z
"10/4/2025, 9:44:08 AM",3.64,83.8,100,0.6,2025-10-04T13:44:08.000Z
"10/4/2025, 9:47:08 AM",3.64,84,100,0.6,2025-10-04T13:47:08.000Z
"10/4/2025, 9:50:08 AM",3.639,84.4,100,0.5,2025-10-04T13:50:08.000Z
"10/4/2025, 9:53:08 AM",3.639,84.6,100,0.6,2025-10-04T13:53:08.000Z
"10/4/2025, 9:56:08 AM",3.639,84.7,100,0.5,2025-10-04T13:56:08.000Z
"10/4/2025, 9:59:08 AM",3.639,85.1,100,0.5,2025-10-04T13:59:08.000Z
"10/4/2025, 10:02:08 AM",3.639,85.3,100,0.5,2025-10-04T14:02:08.000Z
"10/4/2025, 10:05:08 AM",3.639,85.5,100,0.6,2025-10-04T14:05:08.000Z
"10/4/2025, 10:08:08 AM",3.639,85.8,100,0.5,2025-10-04T14:08:08.000Z
"10/4/2025, 10:11:08 AM",3.639,86,100,0.6,2025-10-04T14:11:08.000Z
"10/4/2025, 10:14:08 AM",3.639,86.4,100,0.6,2025-10-04T14:14:08.000Z
"10/4/2025, 10:17:08 AM",3.639,86.5,100,0.6,2025-10-04T14:17:08.000Z
"10/4/2025, 10:20:08 AM",3.639,86.7,100,0.7,2025-10-04T14:20:08.000Z
"10/4/2025, 10:23:08 AM",3.639,87.1,100,0.7,2025-10-04T14:23:08.000Z
"10/4/2025, 10:26:08 AM",3.639,87.3,100,0.7,2025-10-04T14:26:08.000Z
"10/4/2025, 10:29:08 AM",3.639,87.6,100,0.7,2025-10-04T14:29:08.000Z
"10/4/2025, 10:32:08 AM",3.639,88,100,0.7,2025-10-04T14:32:08.000Z
"10/4/2025, 10:35:08 AM",3.639,88.2,100,0.7,2025-10-04T14:35:08.000Z
"10/4/2025, 10:38:08 AM",3.639,88.5,100,0.7,2025-10-04T14:38:08.000Z
"10/4/2025, 10:41:08 AM",3.639,88.9,100,0.7,2025-10-04T14:41:08.000Z
"10/4/2025, 10:44:08 AM",3.639,89.1,100,0.7,2025-10-04T14:44:08.000Z
"10/4/2025, 10:47:08 AM",3.639,89.4,100,0.7,2025-10-04T14:47:08.000Z
"10/4/2025, 10:50:08 AM",3.639,89.8,100,0.8,2025-10-04T14:50:08.000Z
"10/4/2025, 10:53:08 AM",3.639,90,100,0.8,2025-10-04T14:53:08.000Z
"10/4/2025, 10:56:08 AM",3.639,90.3,100,0.8,2025-10-04T14:56:08.000Z
"10/4/2025, 10:59:08 AM",3.639,90.7,100,0.9,2025-10-04T14:59:08.000Z
"10/4/2025, 11:02:08 AM",3.639,90.9,100,1,2025-10-04T15:02:08.000Z
"10/4/2025, 11:05:08 AM",3.639,91.2,100,0.9,2025-10-04T15:05:08.000Z
"10/4/2025, 11:08:08 AM",3.639,91.6,100,0.9,2025-10-04T15:08:08.000Z
"10/4/2025, 11:11:08 AM",3.638,91.8,100,1,2025-10-04T15:11:08.000Z
"10/4/2025, 11:14:08 AM",3.639,92.1,100,1.2,2025-10-04T15:14:08.000Z
"10/4/2025, 11:17:08 AM",3.639,92.5,100,1.1,2025-10-04T15:17:08.000Z
"10/4/2025, 11:20:08 AM",3.639,92.7,100,1.1,2025-10-04T15:20:08.000Z
"10/4/2025, 11:23:08 AM",3.639,92.8,100,1.2,2025-10-04T15:23:08.000Z
"10/4/2025, 11:26:08 AM",3.639,93.2,100,1.2,2025-10-04T15:26:08.000Z
"10/4/2025, 11:29:08 AM",3.639,93.4,100,1.4,2025-10-04T15:29:08.000Z
"10/4/2025, 11:32:08 AM",3.639,93.6,100,1.4,2025-10-04T15:32:08.000Z
"10/4/2025, 11:35:08 AM",3.639,93.9,100,1.6,2025-10-04T15:35:08.000Z
"10/4/2025, 11:38:08 AM",3.639,93.9,100,1.4,2025-10-04T15:38:08.000Z
"10/4/2025, 11:41:08 AM",3.638,94.1,100,1.1,2025-10-04T15:41:08.000Z
"10/4/2025, 11:44:08 AM",3.638,94.3,100,1.3,2025-10-04T15:44:08.000Z
"10/4/2025, 11:47:08 AM",3.639,94.5,100,1.4,2025-10-04T15:47:08.000Z
"10/4/2025, 11:50:08 AM",3.639,94.6,100,1.5,2025-10-04T15:50:08.000Z
"10/4/2025, 11:53:08 AM",3.639,94.8,100,1.6,2025-10-04T15:53:08.000Z
"10/4/2025, 11:56:08 AM",3.638,95,100,1.5,2025-10-04T15:56:08.000Z
"10/4/2025, 11:59:08 AM",3.638,95.2,100,1.4,2025-10-04T15:59:08.000Z
"10/4/2025, 12:02:08 PM",3.638,95.4,100,1.6,2025-10-04T16:02:08.000Z
"10/4/2025, 12:05:08 PM",3.638,95.7,100,1.5,2025-10-04T16:05:08.000Z
"10/4/2025, 12:08:08 PM",3.639,95.7,100,1.6,2025-10-04T16:08:08.000Z
"10/4/2025, 12:11:08 PM",3.638,95.9,100,1.5,2025-10-04T16:11:08.000Z
"10/4/2025, 12:14:08 PM",3.638,96.1,100,1.5,2025-10-04T16:14:08.000Z
"10/4/2025, 12:17:08 PM",3.639,96.3,100,1.4,2025-10-04T16:17:08.000Z
"10/4/2025, 12:20:08 PM",3.639,96.4,100,1.4,2025-10-04T16:20:08.000Z
"10/4/2025, 12:23:08 PM",3.638,96.6,100,1.5,2025-10-04T16:23:08.000Z
"10/4/2025, 12:26:08 PM",3.639,96.8,100,1.5,2025-10-04T16:26:08.000Z
"10/4/2025, 12:29:08 PM",3.639,97,100,1.3,2025-10-04T16:29:08.000Z
"10/4/2025, 12:32:08 PM",3.639,97.2,100,1.4,2025-10-04T16:32:08.000Z
"10/4/2025, 12:35:08 PM",3.639,97.5,100,1.4,2025-10-04T16:35:08.000Z
"10/4/2025, 12:38:08 PM",3.639,97.7,100,1.4,2025-10-04T16:38:08.000Z
"10/4/2025, 12:41:08 PM",3.638,97.7,100,1.4,2025-10-04T16:41:08.000Z
"10/4/2025, 12:44:08 PM",3.639,97.9,100,1.4,2025-10-04T16:44:08.000Z
"10/4/2025, 12:47:08 PM",3.639,98.1,100,1.5,2025-10-04T16:47:08.000Z
"10/4/2025, 12:50:08 PM",3.638,98.2,100,1.6,2025-10-04T16:50:08.000Z
"10/4/2025, 12:53:08 PM",3.638,98.4,100,1.7,2025-10-04T16:53:08.000Z
"10/4/2025, 12:56:08 PM",3.638,98.6,100,1.7,2025-10-04T16:56:08.000Z
"10/4/2025, 12:59:08 PM",3.639,98.6,100,1.4,2025-10-04T16:59:08.000Z
"10/4/2025, 1:02:08 PM",3.639,98.8,100,1.8,2025-10-04T17:02:08.000Z
"10/4/2025, 1:05:08 PM",3.639,98.8,100,1.6,2025-10-04T17:05:08.000Z
"10/4/2025, 1:08:08 PM",3.639,99,100,1.8,2025-10-04T17:08:08.000Z
"10/4/2025, 1:11:08 PM",3.638,99,100,1.9,2025-10-04T17:11:08.000Z
"10/4/2025, 1:14:08 PM",3.639,99.1,100,1.9,2025-10-04T17:14:08.000Z
"10/4/2025, 1:17:08 PM",3.639,99.3,100,1.9,2025-10-04T17:17:08.000Z
"10/4/2025, 1:20:08 PM",3.639,99.5,100,1.9,2025-10-04T17:20:08.000Z
"10/4/2025, 1:23:08 PM",3.639,99.7,100,1.8,2025-10-04T17:23:08.000Z
"10/4/2025, 1:26:08 PM",3.639,99.9,100,1.9,2025-10-04T17:26:08.000Z
"10/4/2025, 1:29:08 PM",3.639,100,100,1.8,2025-10-04T17:29:08.000Z
"10/4/2025, 1:32:08 PM",3.639,100.2,100,1.8,2025-10-04T17:32:08.000Z
"10/4/2025, 1:35:08 PM",3.639,100.4,100,1.7,2025-10-04T17:35:08.000Z
"10/4/2025, 1:38:08 PM",3.638,100.4,100,1.4,2025-10-04T17:38:08.000Z
"10/4/2025, 1:41:08 PM",3.639,100.6,100,1.6,2025-10-04T17:41:08.000Z
"10/4/2025, 1:44:08 PM",3.639,100.6,100,1.9,2025-10-04T17:44:08.000Z
"10/4/2025, 1:47:08 PM",3.639,100.6,100,2.1,2025-10-04T17:47:08.000Z
"10/4/2025, 1:50:08 PM",3.638,100.4,100,1.7,2025-10-04T17:50:08.000Z
"10/4/2025, 1:53:08 PM",3.639,100,100,2.1,2025-10-04T17:53:08.000Z
"10/4/2025, 1:56:08 PM",3.638,99.7,100,1.9,2025-10-04T17:56:08.000Z
"10/4/2025, 1:59:08 PM",3.639,99.7,100,1.8,2025-10-04T17:59:08.000Z
"10/4/2025, 2:02:08 PM",3.638,99.9,100,2,2025-10-04T18:02:08.000Z
"10/4/2025, 2:05:08 PM",3.639,99.9,100,1.9,2025-10-04T18:05:08.000Z
"10/4/2025, 2:08:08 PM",3.639,100,100,1.9,2025-10-04T18:08:08.000Z
"10/4/2025, 2:11:08 PM",3.639,100.2,100,1.9,2025-10-04T18:11:08.000Z
"10/4/2025, 2:14:08 PM",3.639,100.4,100,2.2,2025-10-04T18:14:08.000Z
"10/4/2025, 2:17:08 PM",3.638,100.6,100,1.9,2025-10-04T18:17:08.000Z
"10/4/2025, 2:20:08 PM",3.639,100.8,100,2,2025-10-04T18:20:08.000Z
"10/4/2025, 2:23:08 PM",3.639,100.9,100,2.1,2025-10-04T18:23:08.000Z
"10/4/2025, 2:26:08 PM",3.639,100.9,100,1.6,2025-10-04T18:26:08.000Z
"10/4/2025, 2:29:08 PM",3.639,101.1,100,1.5,2025-10-04T18:29:08.000Z
"10/4/2025, 2:32:08 PM",3.639,101.1,100,1.5,2025-10-04T18:32:08.000Z
"10/4/2025, 2:35:08 PM",3.639,101.3,100,1.9,2025-10-04T18:35:08.000Z
"10/4/2025, 2:38:08 PM",3.639,101.5,100,1.8,2025-10-04T18:38:08.000Z
"10/4/2025, 2:41:08 PM",3.639,101.5,100,1.7,2025-10-04T18:41:08.000Z
"10/4/2025, 2:44:08 PM",3.639,101.7,100,1.6,2025-10-04T18:44:08.000Z
"10/4/2025, 2:47:08 PM",3.639,101.8,100,1.5,2025-10-04T18:47:08.000Z
"10/4/2025, 2:50:08 PM",3.639,101.8,100,1.5,2025-10-04T18:50:08.000Z
"10/4/2025, 2:53:08 PM",3.639,102,100,1.6,2025-10-04T18:53:08.000Z
"10/4/2025, 2:56:08 PM",3.639,102,100,1.6,2025-10-04T18:56:08.000Z
"10/4/2025, 2:59:08 PM",3.639,102.2,100,1.5,2025-10-04T18:59:08.000Z
"10/4/2025, 3:02:08 PM",3.639,102.4,100,1.7,2025-10-04T19:02:08.000Z
"10/4/2025, 3:05:08 PM",3.639,102.4,100,1.7,2025-10-04T19:05:08.000Z
"10/4/2025, 3:08:08 PM",3.639,102.6,100,1.7,2025-10-04T19:08:08.000Z
"10/4/2025, 3:11:08 PM",3.639,102.6,100,1.4,2025-10-04T19:11:08.000Z
"10/4/2025, 3:14:08 PM",3.639,102.6,100,1.5,2025-10-04T19:14:08.000Z
"10/4/2025, 3:17:08 PM",3.639,102.7,100,1.6,2025-10-04T19:17:08.000Z
"10/4/2025, 3:20:08 PM",3.639,102.7,100,1.8,2025-10-04T19:20:08.000Z
"10/4/2025, 3:23:08 PM",3.639,102.7,100,2,2025-10-04T19:23:08.000Z
"10/4/2025, 3:26:08 PM",3.639,102.9,100,1.9,2025-10-04T19:26:08.000Z
"10/4/2025, 3:29:08 PM",3.639,102.9,100,1.9,2025-10-04T19:29:08.000Z
"10/4/2025, 3:32:08 PM",3.639,102.9,100,1.9,2025-10-04T19:32:08.000Z
"10/4/2025, 3:35:08 PM",3.639,103.1,100,1.7,2025-10-04T19:35:08.000Z
"10/4/2025, 3:38:08 PM",3.639,103.1,100,1.6,2025-10-04T19:38:08.000Z
"10/4/2025, 3:41:08 PM",3.639,103.1,100,1.5,2025-10-04T19:41:08.000Z
"10/4/2025, 3:44:08 PM",3.639,102.9,100,1.6,2025-10-04T19:44:08.000Z
"10/4/2025, 3:47:08 PM",3.639,102.6,100,1.4,2025-10-04T19:47:08.000Z
"10/4/2025, 3:50:08 PM",3.639,102,100,1,2025-10-04T19:50:08.000Z
"10/4/2025, 3:53:08 PM",3.639,101.7,100,1,2025-10-04T19:53:08.000Z
"10/4/2025, 3:56:08 PM",3.639,101.3,100,0.8,2025-10-04T19:56:08.000Z
"10/4/2025, 3:59:08 PM",3.639,101.3,100,0.9,2025-10-04T19:59:08.000Z
"10/4/2025, 4:02:08 PM",3.638,101.3,100,0.8,2025-10-04T20:02:08.000Z
"10/4/2025, 4:05:08 PM",3.639,101.3,100,0.8,2025-10-04T20:05:08.000Z
"10/4/2025, 4:08:08 PM",3.64,101.3,100,0.9,2025-10-04T20:08:08.000Z
"10/4/2025, 4:11:08 PM",3.639,101.3,100,0.8,2025-10-04T20:11:08.000Z
"10/4/2025, 4:14:08 PM",3.639,101.3,100,0.8,2025-10-04T20:14:08.000Z
"10/4/2025, 4:17:08 PM",3.64,101.3,100,0.9,2025-10-04T20:17:08.000Z
"10/4/2025, 4:20:08 PM",3.639,101.5,100,0.9,2025-10-04T20:20:08.000Z
"10/4/2025, 4:23:08 PM",3.639,101.5,100,0.8,2025-10-04T20:23:08.000Z
"10/4/2025, 4:26:08 PM",3.639,101.5,100,0.8,2025-10-04T20:26:08.000Z
"10/4/2025, 4:29:08 PM",3.639,101.5,100,0.8,2025-10-04T20:29:08.000Z
"10/4/2025, 4:32:08 PM",3.64,101.5,100,0.8,2025-10-04T20:32:08.000Z
"10/4/2025, 4:35:08 PM",3.639,101.5,100,0.8,2025-10-04T20:35:08.000Z
"10/4/2025, 4:38:08 PM",3.639,101.5,100,0.8,2025-10-04T20:38:08.000Z
"10/4/2025, 4:41:08 PM",3.639,101.5,100,0.8,2025-10-04T20:41:08.000Z
"10/4/2025, 4:44:08 PM",3.639,101.5,100,0.9,2025-10-04T20:44:08.000Z
"10/4/2025, 4:47:08 PM",3.639,101.5,100,0.9,2025-10-04T20:47:08.000Z
"10/4/2025, 4:50:08 PM",3.639,101.5,100,0.9,2025-10-04T20:50:08.000Z
"10/4/2025, 4:53:08 PM",3.639,101.5,100,0.9,2025-10-04T20:53:08.000Z
"10/4/2025, 4:56:08 PM",3.639,101.5,100,0.9,2025-10-04T20:56:08.000Z
"10/4/2025, 4:59:08 PM",3.639,101.3,100,0.8,2025-10-04T20:59:08.000Z
"10/4/2025, 5:02:08 PM",3.639,101.3,100,0.9,2025-10-04T21:02:08.000Z
"10/4/2025, 5:05:08 PM",3.639,101.3,100,0.9,2025-10-04T21:05:08.000Z
"10/4/2025, 5:08:08 PM",3.64,101.1,100,0.8,2025-10-04T21:08:08.000Z
"10/4/2025, 5:11:08 PM",3.639,101.1,100,0.8,2025-10-04T21:11:08.000Z
"10/4/2025, 5:14:08 PM",3.64,100.9,100,0.8,2025-10-04T21:14:08.000Z
"10/4/2025, 5:17:08 PM",3.639,100.9,100,0.8,2025-10-04T21:17:08.000Z
"10/4/2025, 5:20:08 PM",3.64,100.8,100,0.8,2025-10-04T21:20:08.000Z
"10/4/2025, 5:23:08 PM",3.639,100.6,100,0.8,2025-10-04T21:23:08.000Z
"10/4/2025, 5:26:08 PM",3.639,100.6,100,0.8,2025-10-04T21:26:08.000Z
"10/4/2025, 5:29:08 PM",3.639,100.4,100,0.7,2025-10-04T21:29:08.000Z
"10/4/2025, 5:32:08 PM",3.639,100.2,100,0.7,2025-10-04T21:32:08.000Z
"10/4/2025, 5:35:08 PM",3.64,100,100,0.6,2025-10-04T21:35:08.000Z
"10/4/2025, 5:38:08 PM",3.639,99.7,100,0.7,2025-10-04T21:38:08.000Z
"10/4/2025, 5:41:08 PM",3.639,99.5,100,0.7,2025-10-04T21:41:08.000Z
"10/4/2025, 5:44:08 PM",3.639,99.3,100,0.6,2025-10-04T21:44:08.000Z
"10/4/2025, 5:47:08 PM",3.639,99,100,0.7,2025-10-04T21:47:08.000Z
"10/4/2025, 5:50:08 PM",3.64,98.8,100,0.6,2025-10-04T21:50:08.000Z
"10/4/2025, 5:53:08 PM",3.64,98.4,100,0.5,2025-10-04T21:53:08.000Z
"10/4/2025, 5:56:08 PM",3.64,98.1,100,0.6,2025-10-04T21:56:08.000Z
"10/4/2025, 5:59:08 PM",3.639,97.9,100,0.6,2025-10-04T21:59:08.000Z
"10/4/2025, 6:02:08 PM",3.639,97.5,100,0.6,2025-10-04T22:02:08.000Z
"10/4/2025, 6:05:08 PM",3.639,97.2,100,0.6,2025-10-04T22:05:08.000Z
"10/4/2025, 6:08:08 PM",3.64,97,100,0.5,2025-10-04T22:08:08.000Z
"10/4/2025, 6:11:08 PM",3.639,96.6,100,0.5,2025-10-04T22:11:08.000Z
"10/4/2025, 6:14:08 PM",3.639,96.3,100,0.5,2025-10-04T22:14:08.000Z
"10/4/2025, 6:17:08 PM",3.639,95.9,100,0.5,2025-10-04T22:17:08.000Z
"10/4/2025, 6:20:08 PM",3.639,95.5,100,0.5,2025-10-04T22:20:08.000Z
"10/4/2025, 6:23:08 PM",3.639,95.2,100,0.5,2025-10-04T22:23:08.000Z
"10/4/2025, 6:26:08 PM",3.639,94.8,100,0.5,2025-10-04T22:26:08.000Z
"10/4/2025, 6:29:08 PM",3.639,94.5,100,0.5,2025-10-04T22:29:08.000Z
"10/4/2025, 6:32:08 PM",3.639,94.1,100,0.5,2025-10-04T22:32:08.000Z
"10/4/2025, 6:35:08 PM",3.639,93.7,100,0.5,2025-10-04T22:35:08.000Z
"10/4/2025, 6:38:08 PM",3.64,93.4,100,0.5,2025-10-04T22:38:08.000Z
"10/4/2025, 6:41:08 PM",3.639,93,100,0.5,2025-10-04T22:41:08.000Z
"10/4/2025, 6:44:08 PM",3.639,92.7,100,0.5,2025-10-04T22:44:08.000Z
"10/4/2025, 6:47:08 PM",3.64,92.3,100,0.5,2025-10-04T22:47:08.000Z
"10/4/2025, 6:50:08 PM",3.64,91.8,100,0.5,2025-10-04T22:50:08.000Z
"10/4/2025, 6:53:08 PM",3.64,91.4,100,0.5,2025-10-04T22:53:08.000Z
"10/4/2025, 6:56:08 PM",3.639,91.2,100,0.4,2025-10-04T22:56:08.000Z
"10/4/2025, 6:59:08 PM",3.64,90.7,100,0.4,2025-10-04T22:59:08.000Z
"10/4/2025, 7:02:08 PM",3.639,90.5,100,0.4,2025-10-04T23:02:08.000Z
"10/4/2025, 7:05:08 PM",3.639,90.1,100,0.4,2025-10-04T23:05:08.000Z
"10/4/2025, 7:08:08 PM",3.64,89.8,100,0.4,2025-10-04T23:08:08.000Z
"10/4/2025, 7:11:08 PM",3.64,89.4,100,0.4,2025-10-04T23:11:08.000Z
"10/4/2025, 7:14:08 PM",3.64,89.2,100,0.4,2025-10-04T23:14:08.000Z
"10/4/2025, 7:17:08 PM",3.639,88.9,100,0,2025-10-04T23:17:08.000Z
"10/4/2025, 7:20:08 PM",3.639,88.5,100,0,2025-10-04T23:20:08.000Z
"10/4/2025, 7:23:08 PM",3.64,88.3,100,0,2025-10-04T23:23:08.000Z
"10/4/2025, 7:26:08 PM",3.64,88,100,0,2025-10-04T23:26:08.000Z
"10/4/2025, 7:29:08 PM",3.64,87.6,100,0,2025-10-04T23:29:08.000Z
"10/4/2025, 7:32:08 PM",3.64,87.4,100,0,2025-10-04T23:32:08.000Z
"10/4/2025, 7:35:08 PM",3.64,87.3,100,0,2025-10-04T23:35:08.000Z
"10/4/2025, 7:38:08 PM",3.64,86.9,100,0,2025-10-04T23:38:08.000Z
"10/4/2025, 7:41:08 PM",3.64,86.7,100,0,2025-10-04T23:41:08.000Z
"10/4/2025, 7:44:08 PM",3.64,86.5,100,0,2025-10-04T23:44:08.000Z
"10/4/2025, 7:47:08 PM",3.64,86.4,100,0,2025-10-04T23:47:08.000Z
"10/4/2025, 7:50:08 PM",3.64,86,100,0,2025-10-04T23:50:08.000Z
"10/4/2025, 7:53:08 PM",3.64,85.8,100,0,2025-10-04T23:53:08.000Z
"10/4/2025, 7:56:08 PM",3.64,85.6,100,0,2025-10-04T23:56:08.000Z
"10/4/2025, 7:59:08 PM",3.64,85.5,100,0,2025-10-04T23:59:08.000Z
"10/4/2025, 8:02:08 PM",3.641,85.3,100,0,2025-10-05T00:02:08.000Z
"10/4/2025, 8:05:08 PM",3.64,85.1,100,0,2025-10-05T00:05:08.000Z
"10/4/2025, 8:08:08 PM",3.64,84.9,100,0,2025-10-05T00:08:08.000Z
"10/4/2025, 8:11:08 PM",3.64,84.7,100,0,2025-10-05T00:11:08.000Z
"10/4/2025, 8:14:08 PM",3.64,84.7,100,0,2025-10-05T00:14:08.000Z
"10/4/2025, 8:17:08 PM",3.64,84.6,100,0,2025-10-05T00:17:08.000Z
"10/4/2025, 8:20:08 PM",3.64,84.6,100,0,2025-10-05T00:20:08.000Z
"10/4/2025, 8:23:08 PM",3.641,84.6,100,0,2025-10-05T00:23:08.000Z
"10/4/2025, 8:26:08 PM",3.64,84.6,100,0,2025-10-05T00:26:08.000Z
"10/4/2025, 8:29:08 PM",3.64,84.4,100,0,2025-10-05T00:29:08.000Z
"10/4/2025, 8:32:08 PM",3.641,84.4,100,0,2025-10-05T00:32:08.000Z
"10/4/2025, 8:35:08 PM",3.64,84.2,100,0,2025-10-05T00:35:08.000Z
"10/4/2025, 8:38:08 PM",3.64,84.2,100,0,2025-10-05T00:38:08.000Z
"10/4/2025, 8:41:08 PM",3.64,84.2,100,0,2025-10-05T00:41:08.000Z
"10/4/2025, 8:44:08 PM",3.641,84,100,0,2025-10-05T00:44:08.000Z
"10/4/2025, 8:47:08 PM",3.64,84,100,0,2025-10-05T00:47:08.000Z
"10/4/2025, 8:50:08 PM",3.64,84,100,0,2025-10-05T00:50:08.000Z
"10/4/2025, 8:53:08 PM",3.641,83.8,100,0,2025-10-05T00:53:08.000Z
"10/4/2025, 8:56:08 PM",3.64,83.8,100,0,2025-10-05T00:56:08.000Z
"10/4/2025, 8:59:08 PM",3.64,83.8,100,0,2025-10-05T00:59:08.000Z
"10/4/2025, 9:02:08 PM",3.64,83.7,100,0,2025-10-05T01:02:08.000Z
"10/4/2025, 9:05:08 PM",3.64,83.7,100,0,2025-10-05T01:05:08.000Z
"10/4/2025, 9:08:08 PM",3.64,83.7,100,0,2025-10-05T01:08:08.000Z
"10/4/2025, 9:11:08 PM",3.641,83.7,100,0,2025-10-05T01:11:08.000Z
"10/4/2025, 9:14:08 PM",3.641,83.7,100,0,2025-10-05T01:14:08.000Z
"10/4/2025, 9:17:08 PM",3.641,83.5,100,0,2025-10-05T01:17:08.000Z
"10/4/2025, 9:20:08 PM",3.641,83.5,100,0,2025-10-05T01:20:08.000Z
"10/4/2025, 9:23:08 PM",3.641,83.5,100,0,2025-10-05T01:23:08.000Z
"10/4/2025, 9:26:08 PM",3.64,83.5,100,0,2025-10-05T01:26:08.000Z
"10/4/2025, 9:29:08 PM",3.64,83.3,100,0,2025-10-05T01:29:08.000Z
"10/4/2025, 9:32:08 PM",3.64,83.3,100,0,2025-10-05T01:32:08.000Z
"10/4/2025, 9:35:08 PM",3.64,83.3,100,0,2025-10-05T01:35:08.000Z
"10/4/2025, 9:38:08 PM",3.64,83.1,100,0,2025-10-05T01:38:08.000Z
"10/4/2025, 9:41:08 PM",3.641,83.1,100,0,2025-10-05T01:41:08.000Z
"10/4/2025, 9:44:08 PM",3.64,83.1,100,0,2025-10-05T01:44:08.000Z
"10/4/2025, 9:47:08 PM",3.641,82.9,100,0,2025-10-05T01:47:08.000Z
"10/4/2025, 9:50:08 PM",3.64,82.9,100,0,2025-10-05T01:50:08.000Z
"10/4/2025, 9:53:08 PM",3.641,82.9,100,0,2025-10-05T01:53:08.000Z
"10/4/2025, 9:56:08 PM",3.641,82.9,100,0,2025-10-05T01:56:08.000Z
"10/4/2025, 9:59:08 PM",3.64,82.8,100,0,2025-10-05T01:59:08.000Z
"10/4/2025, 10:02:08 PM",3.641,82.8,100,0,2025-10-05T02:02:08.000Z
"10/4/2025, 10:05:08 PM",3.641,82.8,100,0,2025-10-05T02:05:08.000Z
"10/4/2025, 10:08:08 PM",3.64,82.8,100,0,2025-10-05T02:08:08.000Z
"10/4/2025, 10:11:08 PM",3.64,82.8,100,0,2025-10-05T02:11:08.000Z
"10/4/2025, 10:14:08 PM",3.64,82.8,100,0,2025-10-05T02:14:08.000Z
"10/4/2025, 10:17:08 PM",3.641,82.8,100,0,2025-10-05T02:17:08.000Z
"10/4/2025, 10:20:08 PM",3.641,82.8,100,0,2025-10-05T02:20:08.000Z
"10/4/2025, 10:23:08 PM",3.641,82.6,100,0,2025-10-05T02:23:08.000Z
"10/4/2025, 10:26:08 PM",3.641,82.6,100,0,2025-10-05T02:26:08.000Z
"10/4/2025, 10:29:08 PM",3.641,82.6,100,0,2025-10-05T02:29:08.000Z
"10/4/2025, 10:32:08 PM",3.641,82.4,100,0,2025-10-05T02:32:08.000Z
"10/4/2025, 10:35:08 PM",3.641,82.4,100,0,2025-10-05T02:35:08.000Z
"10/4/2025, 10:38:08 PM",3.64,82.4,100,0,2025-10-05T02:38:08.000Z
"10/4/2025, 10:41:08 PM",3.641,82.2,100,0,2025-10-05T02:41:08.000Z
"10/4/2025, 10:44:08 PM",3.641,82.2,100,0,2025-10-05T02:44:08.000Z
"10/4/2025, 10:47:08 PM",3.64,82.2,100,0,2025-10-05T02:47:08.000Z
"10/4/2025, 10:50:08 PM",3.641,82,100,0,2025-10-05T02:50:08.000Z
"10/4/2025, 10:53:08 PM",3.64,82,100,0,2025-10-05T02:53:08.000Z
"10/4/2025, 10:56:08 PM",3.641,82,100,0,2025-10-05T02:56:08.000Z
"10/4/2025, 10:59:08 PM",3.64,82,100,0,2025-10-05T02:59:08.000Z
"10/4/2025, 11:02:08 PM",3.641,81.9,100,0,2025-10-05T03:02:08.000Z
"10/4/2025, 11:05:08 PM",3.641,81.9,100,0,2025-10-05T03:05:08.000Z
"10/4/2025, 11:08:08 PM",3.64,81.9,100,0,2025-10-05T03:08:08.000Z
"10/4/2025, 11:11:08 PM",3.64,81.9,100,0,2025-10-05T03:11:08.000Z
"10/4/2025, 11:14:08 PM",3.64,81.9,100,0,2025-10-05T03:14:08.000Z
"10/4/2025, 11:17:08 PM",3.64,81.9,100,0,2025-10-05T03:17:08.000Z
"10/4/2025, 11:20:08 PM",3.641,81.7,100,0,2025-10-05T03:20:08.000Z
"10/4/2025, 11:23:08 PM",3.64,81.7,100,0,2025-10-05T03:23:08.000Z
"10/4/2025, 11:26:08 PM",3.64,81.7,100,0.4,2025-10-05T03:26:08.000Z
"10/4/2025, 11:29:08 PM",3.64,81.7,100,0,2025-10-05T03:29:08.000Z
"10/4/2025, 11:32:08 PM",3.64,81.5,100,0,2025-10-05T03:32:08.000Z
"10/4/2025, 11:35:08 PM",3.641,81.5,100,0,2025-10-05T03:35:08.000Z
"10/4/2025, 11:38:08 PM",3.641,81.5,100,0,2025-10-05T03:38:08.000Z
"10/4/2025, 11:41:08 PM",3.64,81.5,100,0,2025-10-05T03:41:08.000Z
"10/4/2025, 11:44:08 PM",3.64,81.5,100,0,2025-10-05T03:44:08.000Z
"10/4/2025, 11:47:08 PM",3.64,81.5,100,0,2025-10-05T03:47:08.000Z
"10/4/2025, 11:50:08 PM",3.64,81.5,100,0.4,2025-10-05T03:50:08.000Z
"10/4/2025, 11:53:08 PM",3.64,81.3,100,0.4,2025-10-05T03:53:08.000Z
"10/4/2025, 11:56:08 PM",3.641,81.3,100,0.4,2025-10-05T03:56:08.000Z
"10/4/2025, 11:59:08 PM",3.64,81.3,100,0.4,2025-10-05T03:59:08.000Z
"10/5/2025, 12:02:08 AM",3.64,81.1,100,0.4,2025-10-05T04:02:08.000Z
"10/5/2025, 12:05:08 AM",3.64,81.1,100,0.4,2025-10-05T04:05:08.000Z
"10/5/2025, 12:08:08 AM",3.641,81,100,0,2025-10-05T04:08:08.000Z
"10/5/2025, 12:11:08 AM",3.641,81,100,0,2025-10-05T04:11:08.000Z
"10/5/2025, 12:14:08 AM",3.64,80.8,100,0,2025-10-05T04:14:08.000Z
"10/5/2025, 12:17:08 AM",3.64,80.8,100,0,2025-10-05T04:17:08.000Z
"10/5/2025, 12:20:08 AM",3.641,80.6,100,0,2025-10-05T04:20:08.000Z
"10/5/2025, 12:23:08 AM",3.64,80.6,100,0,2025-10-05T04:23:08.000Z
"10/5/2025, 12:26:08 AM",3.64,80.6,100,0,2025-10-05T04:26:08.000Z
"10/5/2025, 12:29:08 AM",3.64,80.4,100,0,2025-10-05T04:29:08.000Z
"10/5/2025, 12:32:08 AM",3.64,80.4,100,0,2025-10-05T04:32:08.000Z
"10/5/2025, 12:35:08 AM",3.64,80.2,100,0,2025-10-05T04:35:08.000Z
"10/5/2025, 12:38:08 AM",3.641,80.2,100,0,2025-10-05T04:38:08.000Z
"10/5/2025, 12:41:08 AM",3.641,80.1,100,0,2025-10-05T04:41:08.000Z
"10/5/2025, 12:44:08 AM",3.64,80.1,100,0,2025-10-05T04:44:08.000Z
"10/5/2025, 12:47:08 AM",3.641,80.1,100,0,2025-10-05T04:47:08.000Z
"10/5/2025, 12:50:08 AM",3.641,80.1,100,0,2025-10-05T04:50:08.000Z
"10/5/2025, 12:53:08 AM",3.64,79.9,100,0,2025-10-05T04:53:08.000Z
"10/5/2025, 12:56:08 AM",3.64,79.9,100,0,2025-10-05T04:56:08.000Z
"10/5/2025, 12:59:08 AM",3.64,79.9,100,0,2025-10-05T04:59:08.000Z
"10/5/2025, 1:02:08 AM",3.64,79.9,100,0,2025-10-05T05:02:08.000Z
"10/5/2025, 1:05:08 AM",3.64,79.9,100,0,2025-10-05T05:05:08.000Z
"10/5/2025, 1:08:08 AM",3.64,79.9,100,0,2025-10-05T05:08:08.000Z
"10/5/2025, 1:11:08 AM",3.64,79.7,100,0,2025-10-05T05:11:08.000Z
"10/5/2025, 1:14:08 AM",3.64,79.7,100,0,2025-10-05T05:14:08.000Z
"10/5/2025, 1:17:08 AM",3.64,79.7,100,0,2025-10-05T05:17:08.000Z
"10/5/2025, 1:20:08 AM",3.64,79.7,100,0,2025-10-05T05:20:08.000Z
"10/5/2025, 1:23:08 AM",3.641,79.7,100,0,2025-10-05T05:23:08.000Z
"10/5/2025, 1:26:08 AM",3.641,79.7,100,0,2025-10-05T05:26:08.000Z
"10/5/2025, 1:29:08 AM",3.641,79.7,100,0,2025-10-05T05:29:08.000Z
"10/5/2025, 1:32:08 AM",3.64,79.7,100,0,2025-10-05T05:32:08.000Z
"10/5/2025, 1:35:08 AM",3.64,79.7,100,0,2025-10-05T05:35:08.000Z
"10/5/2025, 1:38:08 AM",3.641,79.7,100,0,2025-10-05T05:38:08.000Z
"10/5/2025, 1:41:08 AM",3.64,79.7,100,0,2025-10-05T05:41:08.000Z
"10/5/2025, 1:44:08 AM",3.64,79.7,100,0,2025-10-05T05:44:08.000Z
"10/5/2025, 1:47:08 AM",3.64,79.7,100,0,2025-10-05T05:47:08.000Z
"10/5/2025, 1:50:08 AM",3.64,79.7,100,0,2025-10-05T05:50:08.000Z
"10/5/2025, 1:53:08 AM",3.64,79.5,100,0,2025-10-05T05:53:08.000Z
"10/5/2025, 1:56:08 AM",3.641,79.5,100,0,2025-10-05T05:56:08.000Z
"10/5/2025, 1:59:08 AM",3.64,79.5,100,0,2025-10-05T05:59:08.000Z
"10/5/2025, 2:02:08 AM",3.641,79.3,100,0,2025-10-05T06:02:08.000Z
"10/5/2025, 2:05:08 AM",3.641,79.3,100,0,2025-10-05T06:05:08.000Z
"10/5/2025, 2:08:08 AM",3.641,79.3,100,0,2025-10-05T06:08:08.000Z
"10/5/2025, 2:11:08 AM",3.64,79.2,100,0,2025-10-05T06:11:08.000Z
"10/5/2025, 2:14:08 AM",3.64,79.2,100,0,2025-10-05T06:14:08.000Z
"10/5/2025, 2:17:08 AM",3.64,79.2,100,0,2025-10-05T06:17:08.000Z
"10/5/2025, 2:20:08 AM",3.64,79.2,100,0,2025-10-05T06:20:08.000Z
"10/5/2025, 2:23:08 AM",3.64,79,100,0,2025-10-05T06:23:08.000Z
"10/5/2025, 2:26:08 AM",3.641,79,100,0,2025-10-05T06:26:08.000Z
"10/5/2025, 2:29:08 AM",3.64,79,100,0,2025-10-05T06:29:08.000Z
"10/5/2025, 2:32:08 AM",3.64,78.8,100,0,2025-10-05T06:32:08.000Z
"10/5/2025, 2:35:08 AM",3.641,78.8,100,0,2025-10-05T06:35:08.000Z
"10/5/2025, 2:38:08 AM",3.641,78.8,100,0,2025-10-05T06:38:08.000Z
"10/5/2025, 2:41:08 AM",3.641,78.6,100,0,2025-10-05T06:41:08.000Z
"10/5/2025, 2:44:08 AM",3.641,78.6,100,0,2025-10-05T06:44:08.000Z
"10/5/2025, 2:47:08 AM",3.64,78.6,100,0,2025-10-05T06:47:08.000Z
"10/5/2025, 2:50:08 AM",3.641,78.6,100,0,2025-10-05T06:50:08.000Z
"10/5/2025, 2:53:08 AM",3.64,78.4,100,0,2025-10-05T06:53:08.000Z
"10/5/2025, 2:56:08 AM",3.64,78.6,100,0,2025-10-05T06:56:08.000Z
"10/5/2025, 2:59:08 AM",3.64,78.4,100,0,2025-10-05T06:59:08.000Z
"10/5/2025, 3:02:08 AM",3.64,78.6,100,0,2025-10-05T07:02:08.000Z
"10/5/2025, 3:05:08 AM",3.64,78.4,100,0,2025-10-05T07:05:08.000Z
"10/5/2025, 3:08:08 AM",3.64,78.4,100,0,2025-10-05T07:08:08.000Z
"10/5/2025, 3:11:08 AM",3.64,78.6,100,0,2025-10-05T07:11:08.000Z
"10/5/2025, 3:14:08 AM",3.64,78.6,100,0,2025-10-05T07:14:08.000Z
"10/5/2025, 3:17:08 AM",3.64,78.6,100,0,2025-10-05T07:17:08.000Z
"10/5/2025, 3:20:08 AM",3.64,78.6,100,0,2025-10-05T07:20:08.000Z
"10/5/2025, 3:23:08 AM",3.64,78.6,100,0,2025-10-05T07:23:08.000Z
"10/5/2025, 3:26:08 AM",3.64,78.4,100,0,2025-10-05T07:26:08.000Z
"10/5/2025, 3:29:08 AM",3.64,78.4,100,0,2025-10-05T07:29:08.000Z
"10/5/2025, 3:32:08 AM",3.64,78.4,100,0,2025-10-05T07:32:08.000Z
"10/5/2025, 3:35:08 AM",3.64,78.4,100,0,2025-10-05T07:35:08.000Z
"10/5/2025, 3:38:08 AM",3.64,78.4,100,0,2025-10-05T07:38:08.000Z
"10/5/2025, 3:41:08 AM",3.64,78.4,100,0,2025-10-05T07:41:08.000Z
"10/5/2025, 3:44:08 AM",3.641,78.3,100,0,2025-10-05T07:44:08.000Z
"10/5/2025, 3:47:08 AM",3.64,78.3,100,0,2025-10-05T07:47:08.000Z
"10/5/2025, 3:50:08 AM",3.641,78.3,100,0,2025-10-05T07:50:08.000Z
"10/5/2025, 3:53:08 AM",3.64,78.3,100,0,2025-10-05T07:53:08.000Z
"10/5/2025, 3:56:08 AM",3.64,78.3,100,0,2025-10-05T07:56:08.000Z
"10/5/2025, 3:59:08 AM",3.641,78.1,100,0,2025-10-05T07:59:08.000Z
"10/5/2025, 4:02:08 AM",3.64,78.1,100,0,2025-10-05T08:02:08.000Z
"10/5/2025, 4:05:08 AM",3.64,78.1,100,0,2025-10-05T08:05:08.000Z
"10/5/2025, 4:08:08 AM",3.64,78.1,100,0,2025-10-05T08:08:08.000Z
"10/5/2025, 4:11:08 AM",3.641,78.1,100,0,2025-10-05T08:11:08.000Z
"10/5/2025, 4:14:08 AM",3.641,78.1,100,0,2025-10-05T08:14:08.000Z
"10/5/2025, 4:17:08 AM",3.64,78.1,100,0,2025-10-05T08:17:08.000Z
"10/5/2025, 4:20:08 AM",3.641,78.1,100,0,2025-10-05T08:20:08.000Z
"10/5/2025, 4:23:08 AM",3.641,78.1,100,0,2025-10-05T08:23:08.000Z
"10/5/2025, 4:26:08 AM",3.64,78.1,100,0,2025-10-05T08:26:08.000Z
"10/5/2025, 4:29:08 AM",3.64,78.1,100,0,2025-10-05T08:29:08.000Z
"10/5/2025, 4:32:08 AM",3.64,78.1,100,0,2025-10-05T08:32:08.000Z
"10/5/2025, 4:35:08 AM",3.641,78.1,100,0,2025-10-05T08:35:08.000Z
"10/5/2025, 4:38:08 AM",3.64,78.1,100,0,2025-10-05T08:38:08.000Z
"10/5/2025, 4:41:08 AM",3.64,78.1,100,0,2025-10-05T08:41:08.000Z
"10/5/2025, 4:44:08 AM",3.64,77.9,100,0,2025-10-05T08:44:08.000Z
"10/5/2025, 4:47:08 AM",3.64,77.9,100,0,2025-10-05T08:47:08.000Z
"10/5/2025, 4:50:08 AM",3.64,77.9,100,0,2025-10-05T08:50:08.000Z
"10/5/2025, 4:53:08 AM",3.64,77.9,100,0,2025-10-05T08:53:08.000Z
"10/5/2025, 4:56:08 AM",3.64,77.9,100,0,2025-10-05T08:56:08.000Z
"10/5/2025, 4:59:08 AM",3.64,77.9,100,0,2025-10-05T08:59:08.000Z
"10/5/2025, 5:02:08 AM",3.64,77.9,100,0,2025-10-05T09:02:08.000Z
"10/5/2025, 5:05:08 AM",3.64,77.7,100,0,2025-10-05T09:05:08.000Z
"10/5/2025, 5:08:08 AM",3.64,77.7,100,0,2025-10-05T09:08:08.000Z
"10/5/2025, 5:11:08 AM",3.64,77.7,100,0,2025-10-05T09:11:08.000Z
"10/5/2025, 5:14:08 AM",3.64,77.7,100,0,2025-10-05T09:14:08.000Z
"10/5/2025, 5:17:08 AM",3.641,77.7,100,0,2025-10-05T09:17:08.000Z
"10/5/2025, 5:20:08 AM",3.64,77.7,100,0,2025-10-05T09:20:08.000Z
"10/5/2025, 5:23:08 AM",3.64,77.7,100,0,2025-10-05T09:23:08.000Z
"10/5/2025, 5:26:08 AM",3.64,77.7,100,0,2025-10-05T09:26:08.000Z
"10/5/2025, 5:29:08 AM",3.64,77.7,100,0,2025-10-05T09:29:08.000Z
"10/5/2025, 5:32:08 AM",3.64,77.7,100,0,2025-10-05T09:32:08.000Z
"10/5/2025, 5:35:08 AM",3.64,77.7,100,0,2025-10-05T09:35:08.000Z
"10/5/2025, 5:38:08 AM",3.64,77.7,100,0,2025-10-05T09:38:08.000Z
"10/5/2025, 5:41:08 AM",3.64,77.5,100,0,2025-10-05T09:41:08.000Z
"10/5/2025, 5:44:08 AM",3.64,77.5,100,0,2025-10-05T09:44:08.000Z
"10/5/2025, 5:47:08 AM",3.64,77.5,100,0,2025-10-05T09:47:08.000Z
"10/5/2025, 5:50:08 AM",3.641,77.4,100,0,2025-10-05T09:50:08.000Z
"10/5/2025, 5:53:08 AM",3.64,77.4,100,0,2025-10-05T09:53:08.000Z
"10/5/2025, 5:56:08 AM",3.64,77.4,100,0,2025-10-05T09:56:08.000Z
"10/5/2025, 5:59:08 AM",3.64,77.4,100,0,2025-10-05T09:59:08.000Z
"10/5/2025, 6:02:08 AM",3.64,77.2,100,0,2025-10-05T10:02:08.000Z
"10/5/2025, 6:05:08 AM",3.64,77.2,100,0,2025-10-05T10:05:08.000Z
"10/5/2025, 6:08:08 AM",3.64,77.2,100,0,2025-10-05T10:08:08.000Z
"10/5/2025, 6:11:08 AM",3.64,77,100,0,2025-10-05T10:11:08.000Z
"10/5/2025, 6:14:08 AM",3.64,77,100,0,2025-10-05T10:14:08.000Z
"10/5/2025, 6:17:08 AM",3.64,77,100,0,2025-10-05T10:17:08.000Z
"10/5/2025, 6:20:08 AM",3.64,77,100,0,2025-10-05T10:20:08.000Z
"10/5/2025, 6:23:08 AM",3.64,77,100,0,2025-10-05T10:23:08.000Z
"10/5/2025, 6:26:08 AM",3.64,76.8,100,0,2025-10-05T10:26:08.000Z
"10/5/2025, 6:29:08 AM",3.64,76.8,100,0,2025-10-05T10:29:08.000Z
"10/5/2025, 6:32:08 AM",3.64,76.8,100,0,2025-10-05T10:32:08.000Z
"10/5/2025, 6:35:08 AM",3.64,76.8,100,0,2025-10-05T10:35:08.000Z
"10/5/2025, 6:38:08 AM",3.64,76.8,100,0,2025-10-05T10:38:08.000Z
"10/5/2025, 6:41:08 AM",3.64,76.8,100,0,2025-10-05T10:41:08.000Z
"10/5/2025, 6:44:08 AM",3.64,76.6,100,0,2025-10-05T10:44:08.000Z
"10/5/2025, 6:47:08 AM",3.641,76.6,100,0,2025-10-05T10:47:08.000Z
"10/5/2025, 6:50:08 AM",3.64,76.6,100,0,2025-10-05T10:50:08.000Z
"10/5/2025, 6:53:08 AM",3.64,76.6,100,0,2025-10-05T10:53:08.000Z
"10/5/2025, 6:56:08 AM",3.64,76.6,100,0,2025-10-05T10:56:08.000Z
"10/5/2025, 6:59:08 AM",3.64,76.6,100,0,2025-10-05T10:59:08.000Z
"10/5/2025, 7:02:08 AM",3.64,76.6,100,0,2025-10-05T11:02:08.000Z
"10/5/2025, 7:05:08 AM",3.64,76.5,100,0,2025-10-05T11:05:08.000Z
"10/5/2025, 7:08:08 AM",3.64,76.6,100,0,2025-10-05T11:08:08.000Z
"10/5/2025, 7:11:08 AM",3.64,76.6,100,0,2025-10-05T11:11:08.000Z
"10/5/2025, 7:14:08 AM",3.64,76.6,100,0,2025-10-05T11:14:08.000Z
"10/5/2025, 7:17:08 AM",3.64,76.6,100,0.4,2025-10-05T11:17:08.000Z
"10/5/2025, 7:20:08 AM",3.64,76.6,100,0,2025-10-05T11:20:08.000Z
"10/5/2025, 7:23:08 AM",3.64,76.6,100,0,2025-10-05T11:23:08.000Z
"10/5/2025, 7:26:08 AM",3.64,76.6,100,0,2025-10-05T11:26:08.000Z
"10/5/2025, 7:29:08 AM",3.64,76.6,100,0,2025-10-05T11:29:08.000Z
"10/5/2025, 7:32:08 AM",3.64,76.6,100,0,2025-10-05T11:32:08.000Z
"10/5/2025, 7:35:08 AM",3.64,76.6,100,0,2025-10-05T11:35:08.000Z
"10/5/2025, 7:38:08 AM",3.64,76.6,100,0.4,2025-10-05T11:38:08.000Z
"10/5/2025, 7:41:08 AM",3.64,76.8,100,0,2025-10-05T11:41:08.000Z
"10/5/2025, 7:44:08 AM",3.64,76.8,100,0.4,2025-10-05T11:44:08.000Z
"10/5/2025, 7:47:08 AM",3.64,76.8,100,0.4,2025-10-05T11:47:08.000Z
"10/5/2025, 7:50:08 AM",3.64,76.8,100,0.4,2025-10-05T11:50:08.000Z
"10/5/2025, 7:53:08 AM",3.64,76.8,100,0.4,2025-10-05T11:53:08.000Z
"10/5/2025, 7:56:08 AM",3.64,76.8,100,0.4,2025-10-05T11:56:08.000Z
"10/5/2025, 7:59:08 AM",3.64,77,100,0.4,2025-10-05T11:59:08.000Z
"10/5/2025, 8:02:08 AM",3.64,77,100,0.4,2025-10-05T12:02:08.000Z
"10/5/2025, 8:05:08 AM",3.64,77,100,0.4,2025-10-05T12:05:08.000Z
"10/5/2025, 8:08:08 AM",3.64,77,100,0.4,2025-10-05T12:08:08.000Z
"10/5/2025, 8:11:08 AM",3.64,77.2,100,0.4,2025-10-05T12:11:08.000Z
"10/5/2025, 8:14:08 AM",3.64,77.2,100,0.4,2025-10-05T12:14:08.000Z
"10/5/2025, 8:17:08 AM",3.64,77.4,100,0.4,2025-10-05T12:17:08.000Z
"10/5/2025, 8:20:08 AM",3.64,77.4,100,0.4,2025-10-05T12:20:08.000Z
"10/5/2025, 8:23:08 AM",3.64,77.5,100,0.4,2025-10-05T12:23:08.000Z
"10/5/2025, 8:26:08 AM",3.64,77.5,100,0.4,2025-10-05T12:26:08.000Z
"10/5/2025, 8:29:08 AM",3.64,77.7,100,0.4,2025-10-05T12:29:08.000Z
"10/5/2025, 8:32:08 AM",3.64,77.9,100,0.4,2025-10-05T12:32:08.000Z
"10/5/2025, 8:35:08 AM",3.64,77.9,100,0.4,2025-10-05T12:35:08.000Z
"10/5/2025, 8:38:08 AM",3.64,78.1,100,0.4,2025-10-05T12:38:08.000Z
"10/5/2025, 8:41:08 AM",3.64,78.3,100,0.4,2025-10-05T12:41:08.000Z
"10/5/2025, 8:44:08 AM",3.64,78.4,100,0.4,2025-10-05T12:44:08.000Z
"10/5/2025, 8:47:08 AM",3.639,78.6,100,0.4,2025-10-05T12:47:08.000Z
"10/5/2025, 8:50:08 AM",3.64,78.8,100,0.4,2025-10-05T12:50:08.000Z
"10/5/2025, 8:53:08 AM",3.64,79,100,0.4,2025-10-05T12:53:08.000Z
"10/5/2025, 8:56:08 AM",3.64,79,100,0.4,2025-10-05T12:56:08.000Z
"10/5/2025, 8:59:08 AM",3.64,79.2,100,0.4,2025-10-05T12:59:08.000Z
"10/5/2025, 9:02:08 AM",3.64,79.5,100,0.4,2025-10-05T13:02:08.000Z
"10/5/2025, 9:05:08 AM",3.64,79.7,100,0.4,2025-10-05T13:05:08.000Z
"10/5/2025, 9:08:08 AM",3.64,79.9,100,0.4,2025-10-05T13:08:08.000Z
"10/5/2025, 9:11:08 AM",3.64,80.1,100,0.5,2025-10-05T13:11:08.000Z
"10/5/2025, 9:14:08 AM",3.64,80.2,100,0.5,2025-10-05T13:14:08.000Z
"10/5/2025, 9:17:08 AM",3.64,80.4,100,0.5,2025-10-05T13:17:08.000Z
"10/5/2025, 9:20:08 AM",3.64,80.6,100,0.5,2025-10-05T13:20:08.000Z
"10/5/2025, 9:23:08 AM",3.64,81,100,0.5,2025-10-05T13:23:08.000Z
"10/5/2025, 9:26:08 AM",3.64,81.1,100,0.5,2025-10-05T13:26:08.000Z
"10/5/2025, 9:29:08 AM",3.639,81.3,100,0.5,2025-10-05T13:29:08.000Z
"10/5/2025, 9:32:08 AM",3.639,81.7,100,0.5,2025-10-05T13:32:08.000Z
"10/5/2025, 9:35:08 AM",3.64,82,100,0.5,2025-10-05T13:35:08.000Z
"10/5/2025, 9:38:08 AM",3.64,82.2,100,0.5,2025-10-05T13:38:08.000Z
"10/5/2025, 9:41:08 AM",3.639,82.6,100,0.5,2025-10-05T13:41:08.000Z
"10/5/2025, 9:44:08 AM",3.64,82.8,100,0.6,2025-10-05T13:44:08.000Z
"10/5/2025, 9:47:08 AM",3.64,83.1,100,0.5,2025-10-05T13:47:08.000Z
"10/5/2025, 9:50:08 AM",3.64,83.5,100,0.6,2025-10-05T13:50:08.000Z
"10/5/2025, 9:53:08 AM",3.639,83.7,100,0.6,2025-10-05T13:53:08.000Z
"10/5/2025, 9:56:08 AM",3.639,84,100,0.6,2025-10-05T13:56:08.000Z
"10/5/2025, 9:59:08 AM",3.639,84.2,100,0.6,2025-10-05T13:59:08.000Z
"10/5/2025, 10:02:08 AM",3.639,84.6,100,0.6,2025-10-05T14:02:08.000Z
"10/5/2025, 10:05:08 AM",3.639,84.7,100,0.6,2025-10-05T14:05:08.000Z
"10/5/2025, 10:08:08 AM",3.639,84.9,100,0.6,2025-10-05T14:08:08.000Z
"10/5/2025, 10:11:08 AM",3.639,85.3,100,0.6,2025-10-05T14:11:08.000Z
"10/5/2025, 10:14:08 AM",3.639,85.5,100,0.6,2025-10-05T14:14:08.000Z
"10/5/2025, 10:17:08 AM",3.639,85.6,100,0.6,2025-10-05T14:17:08.000Z
"10/5/2025, 10:20:08 AM",3.639,85.8,100,0.6,2025-10-05T14:20:08.000Z
"10/5/2025, 10:23:08 AM",3.639,86,100,0.6,2025-10-05T14:23:08.000Z
"10/5/2025, 10:26:08 AM",3.639,86.4,100,0.6,2025-10-05T14:26:08.000Z
"10/5/2025, 10:29:08 AM",3.639,86.5,100,0.5,2025-10-05T14:29:08.000Z
"10/5/2025, 10:32:08 AM",3.639,86.7,100,0.5,2025-10-05T14:32:08.000Z
"10/5/2025, 10:35:08 AM",3.64,86.9,100,0.5,2025-10-05T14:35:08.000Z
"10/5/2025, 10:38:08 AM",3.639,87.1,100,0.5,2025-10-05T14:38:08.000Z
"10/5/2025, 10:41:08 AM",3.639,87.4,100,0.5,2025-10-05T14:41:08.000Z
"10/5/2025, 10:44:08 AM",3.639,87.6,100,0.5,2025-10-05T14:44:08.000Z
"10/5/2025, 10:47:08 AM",3.639,88,100,0.5,2025-10-05T14:47:08.000Z
"10/5/2025, 10:50:08 AM",3.639,88.2,100,0.4,2025-10-05T14:50:08.000Z
"10/5/2025, 10:53:08 AM",3.639,88.3,100,0.4,2025-10-05T14:53:08.000Z
"10/5/2025, 10:56:08 AM",3.639,88.7,100,0.5,2025-10-05T14:56:08.000Z
"10/5/2025, 10:59:08 AM",3.639,88.9,100,0.5,2025-10-05T14:59:08.000Z
"10/5/2025, 11:02:08 AM",3.639,89.1,100,0.5,2025-10-05T15:02:08.000Z
"10/5/2025, 11:05:08 AM",3.639,89.4,100,0.5,2025-10-05T15:05:08.000Z
"10/5/2025, 11:08:08 AM",3.639,89.6,100,0.5,2025-10-05T15:08:08.000Z
"10/5/2025, 11:11:08 AM",3.638,90,100,0.5,2025-10-05T15:11:08.000Z
"10/5/2025, 11:14:08 AM",3.639,90.1,100,0.6,2025-10-05T15:14:08.000Z
"10/5/2025, 11:17:08 AM",3.639,90.5,100,0.5,2025-10-05T15:17:08.000Z
"10/5/2025, 11:20:08 AM",3.639,90.7,100,0.5,2025-10-05T15:20:08.000Z
"10/5/2025, 11:23:08 AM",3.639,90.9,100,0.5,2025-10-05T15:23:08.000Z
"10/5/2025, 11:26:08 AM",3.639,91,100,0.5,2025-10-05T15:26:08.000Z
"10/5/2025, 11:29:08 AM",3.639,91.2,100,0.5,2025-10-05T15:29:08.000Z
"10/5/2025, 11:32:08 AM",3.639,91.6,100,0.6,2025-10-05T15:32:08.000Z
"10/5/2025, 11:35:08 AM",3.639,91.8,100,0.6,2025-10-05T15:35:08.000Z
"10/5/2025, 11:38:08 AM",3.639,92.1,100,0.6,2025-10-05T15:38:08.000Z
"10/5/2025, 11:41:08 AM",3.639,92.3,100,0.5,2025-10-05T15:41:08.000Z
"10/5/2025, 11:44:08 AM",3.639,92.5,100,0.6,2025-10-05T15:44:08.000Z
"10/5/2025, 11:47:08 AM",3.639,92.8,100,0.5,2025-10-05T15:47:08.000Z
"10/5/2025, 11:50:08 AM",3.639,93,100,0.5,2025-10-05T15:50:08.000Z
"10/5/2025, 11:53:08 AM",3.639,93.2,100,0.6,2025-10-05T15:53:08.000Z
"10/5/2025, 11:56:08 AM",3.639,93.6,100,0.6,2025-10-05T15:56:08.000Z
"10/5/2025, 11:59:08 AM",3.638,93.9,100,0.6,2025-10-05T15:59:08.000Z
"10/5/2025, 12:02:08 PM",3.639,94.1,100,0.6,2025-10-05T16:02:08.000Z
"10/5/2025, 12:05:08 PM",3.639,94.3,100,0.6,2025-10-05T16:05:08.000Z
"10/5/2025, 12:08:08 PM",3.639,94.5,100,0.5,2025-10-05T16:08:08.000Z
"10/5/2025, 12:11:08 PM",3.639,94.6,100,0.5,2025-10-05T16:11:08.000Z
"10/5/2025, 12:14:08 PM",3.639,94.8,100,0.5,2025-10-05T16:14:08.000Z
"10/5/2025, 12:17:08 PM",3.639,94.8,100,0.6,2025-10-05T16:17:08.000Z
"10/5/2025, 12:20:08 PM",3.638,95,100,0.6,2025-10-05T16:20:08.000Z
"10/5/2025, 12:23:08 PM",3.639,95.2,100,0.5,2025-10-05T16:23:08.000Z
"10/5/2025, 12:26:08 PM",3.639,95.4,100,0.5,2025-10-05T16:26:08.000Z
"10/5/2025, 12:29:08 PM",3.639,95.4,100,0.6,2025-10-05T16:29:08.000Z
"10/5/2025, 12:32:08 PM",3.638,95.5,100,0.5,2025-10-05T16:32:08.000Z
"10/5/2025, 12:35:08 PM",3.639,95.5,100,0.5,2025-10-05T16:35:08.000Z
"10/5/2025, 12:38:08 PM",3.639,95.4,100,0.5,2025-10-05T16:38:08.000Z
"10/5/2025, 12:41:08 PM",3.638,95.5,100,0.5,2025-10-05T16:41:08.000Z
"10/5/2025, 12:44:08 PM",3.639,95.5,100,0.5,2025-10-05T16:44:08.000Z
"10/5/2025, 12:47:08 PM",3.639,95.5,100,0.5,2025-10-05T16:47:08.000Z
"10/5/2025, 12:50:08 PM",3.638,95.5,100,0.5,2025-10-05T16:50:08.000Z
"10/5/2025, 12:53:08 PM",3.639,95.7,100,0.6,2025-10-05T16:53:08.000Z
"10/5/2025, 12:56:08 PM",3.639,95.7,100,0.6,2025-10-05T16:56:08.000Z
"10/5/2025, 12:59:08 PM",3.639,95.9,100,0.6,2025-10-05T16:59:08.000Z
"10/5/2025, 1:02:08 PM",3.639,96.1,100,0.6,2025-10-05T17:02:08.000Z
"10/5/2025, 1:05:08 PM",3.639,96.3,100,0.6,2025-10-05T17:05:08.000Z
"10/5/2025, 1:08:08 PM",3.639,96.3,100,0.6,2025-10-05T17:08:08.000Z
"10/5/2025, 1:11:08 PM",3.639,96.4,100,0.6,2025-10-05T17:11:08.000Z
"10/5/2025, 1:14:08 PM",3.638,96.4,100,0.5,2025-10-05T17:14:08.000Z
"10/5/2025, 1:17:08 PM",3.638,96.4,100,0.5,2025-10-05T17:17:08.000Z
"10/5/2025, 1:20:08 PM",3.638,96.6,100,0.4,2025-10-05T17:20:08.000Z
"10/5/2025, 1:23:08 PM",3.639,96.6,100,0.4,2025-10-05T17:23:08.000Z
"10/5/2025, 1:26:08 PM",3.639,96.8,100,0.5,2025-10-05T17:26:08.000Z
"10/5/2025, 1:29:08 PM",3.639,96.8,100,0.6,2025-10-05T17:29:08.000Z
"10/5/2025, 1:32:08 PM",3.639,97,100,0.6,2025-10-05T17:32:08.000Z
"10/5/2025, 1:35:08 PM",3.639,97.2,100,0.6,2025-10-05T17:35:08.000Z
"10/5/2025, 1:38:08 PM",3.639,97.3,100,0.6,2025-10-05T17:38:08.000Z
"10/5/2025, 1:41:08 PM",3.639,97.3,100,0.6,2025-10-05T17:41:08.000Z
"10/5/2025, 1:44:08 PM",3.639,97.5,100,0.6,2025-10-05T17:44:08.000Z
"10/5/2025, 1:47:08 PM",3.639,97.7,100,0.7,2025-10-05T17:47:08.000Z
"10/5/2025, 1:50:08 PM",3.638,97.9,100,0.7,2025-10-05T17:50:08.000Z
"10/5/2025, 1:53:08 PM",3.639,98.1,100,0.7,2025-10-05T17:53:08.000Z
"10/5/2025, 1:56:08 PM",3.639,98.1,100,0.7,2025-10-05T17:56:08.000Z
"10/5/2025, 1:59:08 PM",3.639,98.2,100,0.6,2025-10-05T17:59:08.000Z
"10/5/2025, 2:02:08 PM",3.639,98.4,100,0.8,2025-10-05T18:02:08.000Z
"10/5/2025, 2:05:08 PM",3.639,98.6,100,0.8,2025-10-05T18:05:08.000Z
"10/5/2025, 2:08:08 PM",3.638,98.6,100,0.9,2025-10-05T18:08:08.000Z
"10/5/2025, 2:11:08 PM",3.639,98.8,100,0.7,2025-10-05T18:11:08.000Z
"10/5/2025, 2:14:08 PM",3.639,99,100,0.9,2025-10-05T18:14:08.000Z
"10/5/2025, 2:17:08 PM",3.639,99,100,0.7,2025-10-05T18:17:08.000Z
"10/5/2025, 2:20:08 PM",3.639,99,100,0.8,2025-10-05T18:20:08.000Z
"10/5/2025, 2:23:08 PM",3.639,99.1,100,0.9,2025-10-05T18:23:08.000Z
"10/5/2025, 2:26:08 PM",3.639,99.3,100,0.8,2025-10-05T18:26:08.000Z
"10/5/2025, 2:29:08 PM",3.639,99.3,100,0.8,2025-10-05T18:29:08.000Z
"10/5/2025, 2:32:08 PM",3.639,99.3,100,0.8,2025-10-05T18:32:08.000Z
"10/5/2025, 2:35:08 PM",3.639,99.5,100,0.8,2025-10-05T18:35:08.000Z
"10/5/2025, 2:38:08 PM",3.639,99.5,100,0.9,2025-10-05T18:38:08.000Z
"10/5/2025, 2:41:08 PM",3.639,99.5,100,0.9,2025-10-05T18:41:08.000Z
"10/5/2025, 2:44:08 PM",3.639,99.5,100,1,2025-10-05T18:44:08.000Z
"10/5/2025, 2:47:08 PM",3.639,99.7,100,1,2025-10-05T18:47:08.000Z
"10/5/2025, 2:50:08 PM",3.638,99.7,100,0.9,2025-10-05T18:50:08.000Z
"10/5/2025, 2:53:08 PM",3.639,99.7,100,1,2025-10-05T18:53:08.000Z
"10/5/2025, 2:56:08 PM",3.639,99.9,100,0.9,2025-10-05T18:56:08.000Z
"10/5/2025, 2:59:08 PM",3.639,99.9,100,1,2025-10-05T18:59:08.000Z
"10/5/2025, 3:02:08 PM",3.639,99.9,100,1.2,2025-10-05T19:02:08.000Z
"10/5/2025, 3:05:08 PM",3.639,99.9,100,1.2,2025-10-05T19:05:08.000Z
"10/5/2025, 3:08:08 PM",3.639,100,100,1,2025-10-05T19:08:08.000Z
"10/5/2025, 3:11:08 PM",3.639,100,100,1.4,2025-10-05T19:11:08.000Z
"10/5/2025, 3:14:08 PM",3.639,100,100,1.4,2025-10-05T19:14:08.000Z
"10/5/2025, 3:17:08 PM",3.639,100.2,100,1.2,2025-10-05T19:17:08.000Z
"10/5/2025, 3:20:08 PM",3.639,100.2,100,1,2025-10-05T19:20:08.000Z
"10/5/2025, 3:23:08 PM",3.639,100.2,100,1,2025-10-05T19:23:08.000Z
"10/5/2025, 3:26:08 PM",3.639,100.2,100,1,2025-10-05T19:26:08.000Z
"10/5/2025, 3:29:08 PM",3.639,100.2,100,1.2,2025-10-05T19:29:08.000Z
"10/5/2025, 3:32:08 PM",3.639,100.4,100,1.3,2025-10-05T19:32:08.000Z
"10/5/2025, 3:35:08 PM",3.639,100.4,100,1.2,2025-10-05T19:35:08.000Z
"10/5/2025, 3:38:08 PM",3.639,100.4,100,1,2025-10-05T19:38:08.000Z
"10/5/2025, 3:41:08 PM",3.639,100.4,100,0.9,2025-10-05T19:41:08.000Z
"10/5/2025, 3:44:08 PM",3.639,100.6,100,1,2025-10-05T19:44:08.000Z
"10/5/2025, 3:47:08 PM",3.639,100.6,100,1,2025-10-05T19:47:08.000Z
"10/5/2025, 3:50:08 PM",3.639,100.6,100,1,2025-10-05T19:50:08.000Z
"10/5/2025, 3:53:08 PM",3.639,100.6,100,0.9,2025-10-05T19:53:08.000Z
"10/5/2025, 3:56:08 PM",3.639,100.6,100,0.9,2025-10-05T19:56:08.000Z
"10/5/2025, 3:59:08 PM",3.639,100.8,100,0.9,2025-10-05T19:59:08.000Z
"10/5/2025, 4:02:08 PM",3.639,100.8,100,0.9,2025-10-05T20:02:08.000Z
"10/5/2025, 4:05:08 PM",3.639,100.8,100,0.8,2025-10-05T20:05:08.000Z
"10/5/2025, 4:08:08 PM",3.639,100.8,100,0.8,2025-10-05T20:08:08.000Z
"10/5/2025, 4:11:08 PM",3.639,100.8,100,0.7,2025-10-05T20:11:08.000Z
"10/5/2025, 4:14:08 PM",3.639,100.8,100,0.7,2025-10-05T20:14:08.000Z
"10/5/2025, 4:17:08 PM",3.639,100.8,100,0.6,2025-10-05T20:17:08.000Z
"10/5/2025, 4:20:08 PM",3.639,100.6,100,0.7,2025-10-05T20:20:08.000Z
"10/5/2025, 4:23:08 PM",3.639,100.6,100,0.7,2025-10-05T20:23:08.000Z
"10/5/2025, 4:26:08 PM",3.639,100.6,100,0.7,2025-10-05T20:26:08.000Z
"10/5/2025, 4:29:08 PM",3.64,100.6,100,0.7,2025-10-05T20:29:08.000Z
"10/5/2025, 4:32:08 PM",3.639,100.6,100,0.7,2025-10-05T20:32:08.000Z
"10/5/2025, 4:35:08 PM",3.639,100.6,100,0.7,2025-10-05T20:35:08.000Z
"10/5/2025, 4:38:08 PM",3.639,100.4,100,0.7,2025-10-05T20:38:08.000Z
"10/5/2025, 4:41:08 PM",3.639,100.2,100,0.6,2025-10-05T20:41:08.000Z
"10/5/2025, 4:44:08 PM",3.639,100.2,100,0.7,2025-10-05T20:44:08.000Z
"10/5/2025, 4:47:08 PM",3.639,100,100,0.6,2025-10-05T20:47:08.000Z
"10/5/2025, 4:50:08 PM",3.639,99.9,100,0.7,2025-10-05T20:50:08.000Z
"10/5/2025, 4:53:08 PM",3.639,99.9,100,0.6,2025-10-05T20:53:08.000Z
"10/5/2025, 4:56:08 PM",3.639,99.5,100,0.6,2025-10-05T20:56:08.000Z
"10/5/2025, 4:59:08 PM",3.639,99.5,100,0.6,2025-10-05T20:59:08.000Z
"10/5/2025, 5:02:08 PM",3.639,99.3,100,0.6,2025-10-05T21:02:08.000Z
"10/5/2025, 5:05:08 PM",3.639,99.1,100,0.6,2025-10-05T21:05:08.000Z
"10/5/2025, 5:08:08 PM",3.639,99.1,100,0.6,2025-10-05T21:08:08.000Z
"10/5/2025, 5:11:08 PM",3.639,99,100,0.6,2025-10-05T21:11:08.000Z
"10/5/2025, 5:14:08 PM",3.639,98.8,100,0.7,2025-10-05T21:14:08.000Z
"10/5/2025, 5:17:08 PM",3.639,98.6,100,0.5,2025-10-05T21:17:08.000Z
"10/5/2025, 5:20:08 PM",3.639,98.4,100,0.4,2025-10-05T21:20:08.000Z
"10/5/2025, 5:23:08 PM",3.639,98.2,100,0.6,2025-10-05T21:23:08.000Z
"10/5/2025, 5:26:08 PM",3.639,98.2,100,0.6,2025-10-05T21:26:08.000Z
"10/5/2025, 5:29:08 PM",3.64,97.9,100,0.5,2025-10-05T21:29:08.000Z
"10/5/2025, 5:32:08 PM",3.64,97.7,100,0.5,2025-10-05T21:32:08.000Z
"10/5/2025, 5:35:08 PM",3.639,97.3,100,0.5,2025-10-05T21:35:08.000Z
"10/5/2025, 5:38:08 PM",3.64,97.2,100,0.5,2025-10-05T21:38:08.000Z
"10/5/2025, 5:41:08 PM",3.639,96.8,100,0.5,2025-10-05T21:41:08.000Z
"10/5/2025, 5:44:08 PM",3.64,96.4,100,0.5,2025-10-05T21:44:08.000Z
"10/5/2025, 5:47:08 PM",3.639,96.3,100,0.5,2025-10-05T21:47:08.000Z
"10/5/2025, 5:50:08 PM",3.639,95.9,100,0.6,2025-10-05T21:50:08.000Z
"10/5/2025, 5:53:08 PM",3.639,95.7,100,0.6,2025-10-05T21:53:08.000Z
"10/5/2025, 5:56:08 PM",3.639,95.4,100,0.6,2025-10-05T21:56:08.000Z
"10/5/2025, 5:59:08 PM",3.639,95.2,100,0.6,2025-10-05T21:59:08.000Z
"10/5/2025, 6:02:08 PM",3.639,94.8,100,0.5,2025-10-05T22:02:08.000Z
"10/5/2025, 6:05:08 PM",3.639,94.5,100,0.5,2025-10-05T22:05:08.000Z
"10/5/2025, 6:08:08 PM",3.639,94.1,100,0.6,2025-10-05T22:08:08.000Z
"10/5/2025, 6:11:08 PM",3.639,93.9,100,0.5,2025-10-05T22:11:08.000Z
"10/5/2025, 6:14:08 PM",3.639,93.6,100,0.5,2025-10-05T22:14:08.000Z
"10/5/2025, 6:17:08 PM",3.639,93.2,100,0.5,2025-10-05T22:17:08.000Z
"10/5/2025, 6:20:08 PM",3.64,92.8,100,0.5,2025-10-05T22:20:08.000Z
"10/5/2025, 6:23:08 PM",3.64,92.5,100,0.5,2025-10-05T22:23:08.000Z
"10/5/2025, 6:26:08 PM",3.639,92.3,100,0.5,2025-10-05T22:26:08.000Z
"10/5/2025, 6:29:08 PM",3.64,91.9,100,0.5,2025-10-05T22:29:08.000Z
"10/5/2025, 6:32:08 PM",3.639,91.6,100,0.5,2025-10-05T22:32:08.000Z
"10/5/2025, 6:35:08 PM",3.639,91.2,100,0.5,2025-10-05T22:35:08.000Z
"10/5/2025, 6:38:08 PM",3.64,90.9,100,0.5,2025-10-05T22:38:08.000Z
"10/5/2025, 6:41:08 PM",3.64,90.5,100,0.5,2025-10-05T22:41:08.000Z
"10/5/2025, 6:44:08 PM",3.64,90.3,100,0.5,2025-10-05T22:44:08.000Z
"10/5/2025, 6:47:08 PM",3.639,90,100,0.5,2025-10-05T22:47:08.000Z
"10/5/2025, 6:50:08 PM",3.64,89.6,100,0.5,2025-10-05T22:50:08.000Z
"10/5/2025, 6:53:08 PM",3.64,89.2,100,0.5,2025-10-05T22:53:08.000Z
"10/5/2025, 6:56:08 PM",3.64,88.9,100,0.5,2025-10-05T22:56:08.000Z
"10/5/2025, 6:59:08 PM",3.64,88.5,100,0.5,2025-10-05T22:59:08.000Z
"10/5/2025, 7:02:08 PM",3.64,88.3,100,0.5,2025-10-05T23:02:08.000Z
"10/5/2025, 7:05:08 PM",3.64,88,100,0.5,2025-10-05T23:05:08.000Z
"10/5/2025, 7:08:08 PM",3.64,87.8,100,0.5,2025-10-05T23:08:08.000Z
"10/5/2025, 7:11:08 PM",3.64,87.4,100,0.4,2025-10-05T23:11:08.000Z
"10/5/2025, 7:14:08 PM",3.64,87.3,100,0.4,2025-10-05T23:14:08.000Z
"10/5/2025, 7:17:08 PM",3.64,86.9,100,0.4,2025-10-05T23:17:08.000Z
"10/5/2025, 7:20:08 PM",3.64,86.7,100,0.4,2025-10-05T23:20:08.000Z
"10/5/2025, 7:23:08 PM",3.64,86.5,100,0.4,2025-10-05T23:23:08.000Z
"10/5/2025, 7:26:08 PM",3.639,86.4,100,0.4,2025-10-05T23:26:08.000Z
"10/5/2025, 7:29:08 PM",3.64,86.2,100,0.4,2025-10-05T23:29:08.000Z
"10/5/2025, 7:32:08 PM",3.64,86,100,0.4,2025-10-05T23:32:08.000Z
"10/5/2025, 7:35:08 PM",3.64,85.8,100,0.4,2025-10-05T23:35:08.000Z
"10/5/2025, 7:38:08 PM",3.64,85.6,100,0.4,2025-10-05T23:38:08.000Z
"10/5/2025, 7:41:08 PM",3.64,85.5,100,0.4,2025-10-05T23:41:08.000Z
"10/5/2025, 7:44:08 PM",3.64,85.5,100,0.4,2025-10-05T23:44:08.000Z
"10/5/2025, 7:47:08 PM",3.64,85.3,100,0.4,2025-10-05T23:47:08.000Z
"10/5/2025, 7:50:08 PM",3.64,85.1,100,0.4,2025-10-05T23:50:08.000Z
"10/5/2025, 7:53:08 PM",3.64,84.9,100,0.4,2025-10-05T23:53:08.000Z
"10/5/2025, 7:56:08 PM",3.64,84.7,100,0.4,2025-10-05T23:56:08.000Z
"10/5/2025, 7:59:08 PM",3.641,84.6,100,0.4,2025-10-05T23:59:08.000Z
"10/5/2025, 8:02:08 PM",3.64,84.6,100,0.4,2025-10-06T00:02:08.000Z
"10/5/2025, 8:05:08 PM",3.64,84.4,100,0.4,2025-10-06T00:05:08.000Z
"10/5/2025, 8:08:08 PM",3.641,84.2,100,0.4,2025-10-06T00:08:08.000Z
"10/5/2025, 8:11:08 PM",3.64,84,100,0,2025-10-06T00:11:08.000Z
"10/5/2025, 8:14:08 PM",3.64,84,100,0.4,2025-10-06T00:14:08.000Z
"10/5/2025, 8:17:08 PM",3.64,83.8,100,0.4,2025-10-06T00:17:08.000Z
"10/5/2025, 8:20:08 PM",3.64,83.8,100,0.4,2025-10-06T00:20:08.000Z
"10/5/2025, 8:23:08 PM",3.64,83.7,100,0.4,2025-10-06T00:23:08.000Z
"10/5/2025, 8:26:08 PM",3.64,83.5,100,0.4,2025-10-06T00:26:08.000Z
"10/5/2025, 8:29:08 PM",3.64,83.5,100,0.4,2025-10-06T00:29:08.000Z
"10/5/2025, 8:32:08 PM",3.64,83.3,100,0.4,2025-10-06T00:32:08.000Z
"10/5/2025, 8:35:08 PM",3.64,83.1,100,0.4,2025-10-06T00:35:08.000Z
"10/5/2025, 8:38:08 PM",3.64,83.1,100,0,2025-10-06T00:38:08.000Z
"10/5/2025, 8:41:08 PM",3.64,82.9,100,0.4,2025-10-06T00:41:08.000Z
"10/5/2025, 8:44:08 PM",3.64,82.9,100,0,2025-10-06T00:44:08.000Z
"10/5/2025, 8:47:08 PM",3.64,82.8,100,0.4,2025-10-06T00:47:08.000Z
"10/5/2025, 8:50:08 PM",3.64,82.8,100,0.4,2025-10-06T00:50:08.000Z
"10/5/2025, 8:53:08 PM",3.64,82.6,100,0,2025-10-06T00:53:08.000Z
"10/5/2025, 8:56:08 PM",3.64,82.4,100,0.4,2025-10-06T00:56:08.000Z
"10/5/2025, 8:59:08 PM",3.64,82.4,100,0.4,2025-10-06T00:59:08.000Z
"10/5/2025, 9:02:08 PM",3.64,82.2,100,0.4,2025-10-06T01:02:08.000Z
"10/5/2025, 9:05:08 PM",3.64,82.2,100,0.4,2025-10-06T01:05:08.000Z
"10/5/2025, 9:08:08 PM",3.64,82.2,100,0.4,2025-10-06T01:08:08.000Z
"10/5/2025, 9:11:08 PM",3.64,82,100,0.4,2025-10-06T01:11:08.000Z
"10/5/2025, 9:14:08 PM",3.641,82,100,0.4,2025-10-06T01:14:08.000Z
"10/5/2025, 9:17:08 PM",3.64,82,100,0.4,2025-10-06T01:17:08.000Z
"10/5/2025, 9:20:08 PM",3.64,81.9,100,0.4,2025-10-06T01:20:08.000Z
"10/5/2025, 9:23:08 PM",3.64,81.9,100,0.4,2025-10-06T01:23:08.000Z
"10/5/2025, 9:26:08 PM",3.64,81.7,100,0.4,2025-10-06T01:26:08.000Z
"10/5/2025, 9:29:08 PM",3.64,81.7,100,0.4,2025-10-06T01:29:08.000Z
"10/5/2025, 9:32:08 PM",3.641,81.7,100,0.4,2025-10-06T01:32:08.000Z
"10/5/2025, 9:35:08 PM",3.64,81.5,100,0.4,2025-10-06T01:35:08.000Z
"10/5/2025, 9:38:08 PM",3.64,81.5,100,0.4,2025-10-06T01:38:08.000Z
"10/5/2025, 9:41:08 PM",3.64,81.5,100,0.4,2025-10-06T01:41:08.000Z
"10/5/2025, 9:44:08 PM",3.64,81.3,100,0.4,2025-10-06T01:44:08.000Z
"10/5/2025, 9:47:08 PM",3.64,81.3,100,0.4,2025-10-06T01:47:08.000Z
"10/5/2025, 9:50:08 PM",3.64,81.1,100,0.4,2025-10-06T01:50:08.000Z
"10/5/2025, 9:53:08 PM",3.64,81.1,100,0.4,2025-10-06T01:53:08.000Z
"10/5/2025, 9:56:08 PM",3.64,81.1,100,0.4,2025-10-06T01:56:08.000Z
"10/5/2025, 9:59:08 PM",3.64,81,100,0.4,2025-10-06T01:59:08.000Z
"10/5/2025, 10:02:08 PM",3.64,81,100,0.4,2025-10-06T02:02:08.000Z
"10/5/2025, 10:05:08 PM",3.64,81,100,0.4,2025-10-06T02:05:08.000Z
"10/5/2025, 10:08:08 PM",3.641,81,100,0.4,2025-10-06T02:08:08.000Z
"10/5/2025, 10:11:08 PM",3.64,81,100,0.4,2025-10-06T02:11:08.000Z
"10/5/2025, 10:14:08 PM",3.64,80.8,100,0.4,2025-10-06T02:14:08.000Z
"10/5/2025, 10:17:08 PM",3.64,80.8,100,0.4,2025-10-06T02:17:08.000Z
"10/5/2025, 10:20:08 PM",3.64,80.8,100,0.4,2025-10-06T02:20:08.000Z
"10/5/2025, 10:23:08 PM",3.64,80.6,100,0.4,2025-10-06T02:23:08.000Z
"10/5/2025, 10:26:08 PM",3.641,80.6,100,0.4,2025-10-06T02:26:08.000Z
"10/5/2025, 10:29:08 PM",3.641,80.6,100,0.4,2025-10-06T02:29:08.000Z
"10/5/2025, 10:32:08 PM",3.64,80.6,100,0.4,2025-10-06T02:32:08.000Z
"10/5/2025, 10:35:08 PM",3.641,80.6,100,0.4,2025-10-06T02:35:08.000Z
"10/5/2025, 10:38:08 PM",3.64,80.4,100,0.4,2025-10-06T02:38:08.000Z
"10/5/2025, 10:41:08 PM",3.64,80.4,100,0.4,2025-10-06T02:41:08.000Z
"10/5/2025, 10:44:08 PM",3.64,80.4,100,0.4,2025-10-06T02:44:08.000Z
"10/5/2025, 10:47:08 PM",3.64,80.4,100,0.4,2025-10-06T02:47:08.000Z
"10/5/2025, 10:50:08 PM",3.64,80.2,100,0.4,2025-10-06T02:50:08.000Z
"10/5/2025, 10:53:08 PM",3.64,80.2,100,0.4,2025-10-06T02:53:08.000Z
"10/5/2025, 10:56:08 PM",3.64,80.2,100,0.4,2025-10-06T02:56:08.000Z
"10/5/2025, 10:59:08 PM",3.641,80.2,100,0.4,2025-10-06T02:59:08.000Z
"10/5/2025, 11:02:08 PM",3.64,80.2,100,0.4,2025-10-06T03:02:08.000Z
"10/5/2025, 11:05:08 PM",3.64,80.1,100,0.4,2025-10-06T03:05:08.000Z
"10/5/2025, 11:08:08 PM",3.64,80.1,100,0.4,2025-10-06T03:08:08.000Z
"10/5/2025, 11:11:08 PM",3.64,80.1,100,0.4,2025-10-06T03:11:08.000Z
"10/5/2025, 11:14:08 PM",3.64,80.1,100,0.4,2025-10-06T03:14:08.000Z
"10/5/2025, 11:17:08 PM",3.641,80.1,100,0.4,2025-10-06T03:17:08.000Z
"10/5/2025, 11:20:08 PM",3.64,79.9,100,0.4,2025-10-06T03:20:08.000Z
"10/5/2025, 11:23:08 PM",3.64,79.9,100,0.4,2025-10-06T03:23:08.000Z
"10/5/2025, 11:26:08 PM",3.64,79.9,100,0.4,2025-10-06T03:26:08.000Z
"10/5/2025, 11:29:08 PM",3.64,79.9,100,0.4,2025-10-06T03:29:08.000Z
"10/5/2025, 11:32:08 PM",3.64,79.7,100,0.4,2025-10-06T03:32:08.000Z
"10/5/2025, 11:35:08 PM",3.64,79.7,100,0.4,2025-10-06T03:35:08.000Z
"10/5/2025, 11:38:08 PM",3.64,79.7,100,0.4,2025-10-06T03:38:08.000Z
"10/5/2025, 11:41:08 PM",3.64,79.5,100,0.4,2025-10-06T03:41:08.000Z
"10/5/2025, 11:44:08 PM",3.64,79.5,100,0.4,2025-10-06T03:44:08.000Z
"10/5/2025, 11:47:08 PM",3.641,79.5,100,0.4,2025-10-06T03:47:08.000Z
"10/5/2025, 11:50:08 PM",3.64,79.5,100,0.4,2025-10-06T03:50:08.000Z
"10/5/2025, 11:53:08 PM",3.64,79.5,100,0.4,2025-10-06T03:53:08.000Z
"10/5/2025, 11:56:08 PM",3.64,79.3,100,0.4,2025-10-06T03:56:08.000Z
"10/5/2025, 11:59:08 PM",3.64,79.3,100,0.4,2025-10-06T03:59:08.000Z
"10/6/2025, 12:02:08 AM",3.64,79.3,100,0.4,2025-10-06T04:02:08.000Z
"10/6/2025, 12:05:08 AM",3.64,79.3,100,0.4,2025-10-06T04:05:08.000Z
"10/6/2025, 12:08:08 AM",3.64,79.2,100,0.4,2025-10-06T04:08:08.000Z
"10/6/2025, 12:11:08 AM",3.64,79.2,100,0.4,2025-10-06T04:11:08.000Z
"10/6/2025, 12:14:08 AM",3.64,79.2,100,0.4,2025-10-06T04:14:08.000Z
"10/6/2025, 12:17:08 AM",3.64,79.2,100,0.4,2025-10-06T04:17:08.000Z
"10/6/2025, 12:20:08 AM",3.64,79.2,100,0.4,2025-10-06T04:20:08.000Z
"10/6/2025, 12:23:08 AM",3.64,79.2,100,0.4,2025-10-06T04:23:08.000Z
"10/6/2025, 12:26:08 AM",3.64,79,100,0.4,2025-10-06T04:26:08.000Z
"10/6/2025, 12:29:08 AM",3.64,79,100,0.4,2025-10-06T04:29:08.000Z
"10/6/2025, 12:32:08 AM",3.64,79,100,0.5,2025-10-06T04:32:08.000Z
"10/6/2025, 12:35:08 AM",3.64,79,100,0.5,2025-10-06T04:35:08.000Z
"10/6/2025, 12:38:08 AM",3.64,79,100,0.5,2025-10-06T04:38:08.000Z
"10/6/2025, 12:41:08 AM",3.64,79,100,0.5,2025-10-06T04:41:08.000Z
"10/6/2025, 12:44:08 AM",3.64,79,100,0.5,2025-10-06T04:44:08.000Z
"10/6/2025, 12:47:08 AM",3.64,79,100,0.5,2025-10-06T04:47:08.000Z
"10/6/2025, 12:50:08 AM",3.64,79,100,0.5,2025-10-06T04:50:08.000Z
"10/6/2025, 12:53:08 AM",3.64,79,100,0.5,2025-10-06T04:53:08.000Z
"10/6/2025, 12:56:08 AM",3.64,79,100,0.5,2025-10-06T04:56:08.000Z
"10/6/2025, 12:59:08 AM",3.64,79,100,0.5,2025-10-06T04:59:08.000Z
"10/6/2025, 1:02:08 AM",3.64,78.8,100,0.5,2025-10-06T05:02:08.000Z
"10/6/2025, 1:05:08 AM",3.64,78.8,100,0.5,2025-10-06T05:05:08.000Z
"10/6/2025, 1:08:08 AM",3.64,78.8,100,0.5,2025-10-06T05:08:08.000Z
"10/6/2025, 1:11:08 AM",3.64,78.8,100,0.5,2025-10-06T05:11:08.000Z
"10/6/2025, 1:14:08 AM",3.64,78.8,100,0.5,2025-10-06T05:14:08.000Z
"10/6/2025, 1:17:08 AM",3.64,78.6,100,0.5,2025-10-06T05:17:08.000Z
"10/6/2025, 1:20:08 AM",3.64,78.6,100,0.5,2025-10-06T05:20:08.000Z
"10/6/2025, 1:23:08 AM",3.641,78.6,100,0.5,2025-10-06T05:23:08.000Z
"10/6/2025, 1:26:08 AM",3.64,78.6,100,0.5,2025-10-06T05:26:08.000Z
"10/6/2025, 1:29:08 AM",3.64,78.6,100,0.5,2025-10-06T05:29:08.000Z
"10/6/2025, 1:32:08 AM",3.64,78.6,100,0.5,2025-10-06T05:32:08.000Z
"10/6/2025, 1:35:08 AM",3.64,78.6,100,0.5,2025-10-06T05:35:08.000Z
"10/6/2025, 1:38:08 AM",3.64,78.6,100,0.5,2025-10-06T05:38:08.000Z
"10/6/2025, 1:41:08 AM",3.64,78.4,100,0.5,2025-10-06T05:41:08.000Z
"10/6/2025, 1:44:08 AM",3.64,78.4,100,0.5,2025-10-06T05:44:08.000Z
"10/6/2025, 1:47:08 AM",3.64,78.4,100,0.5,2025-10-06T05:47:08.000Z
"10/6/2025, 1:50:08 AM",3.64,78.4,100,0.5,2025-10-06T05:50:08.000Z
"10/6/2025, 1:53:08 AM",3.64,78.4,100,0.5,2025-10-06T05:53:08.000Z
"10/6/2025, 1:56:08 AM",3.64,78.3,100,0.5,2025-10-06T05:56:08.000Z
"10/6/2025, 1:59:08 AM",3.64,78.3,100,0.5,2025-10-06T05:59:08.000Z
"10/6/2025, 2:02:08 AM",3.64,78.3,100,0.5,2025-10-06T06:02:08.000Z
"10/6/2025, 2:05:08 AM",3.64,78.3,100,0.5,2025-10-06T06:05:08.000Z
"10/6/2025, 2:08:08 AM",3.64,78.3,100,0.5,2025-10-06T06:08:08.000Z
"10/6/2025, 2:11:08 AM",3.64,78.1,100,0.5,2025-10-06T06:11:08.000Z
"10/6/2025, 2:14:08 AM",3.64,78.1,100,0.5,2025-10-06T06:14:08.000Z
"10/6/2025, 2:17:08 AM",3.64,78.1,100,0.5,2025-10-06T06:17:08.000Z
"10/6/2025, 2:20:08 AM",3.64,78.1,100,0.5,2025-10-06T06:20:08.000Z
"10/6/2025, 2:23:08 AM",3.64,78.1,100,0.5,2025-10-06T06:23:08.000Z
"10/6/2025, 2:26:08 AM",3.64,77.9,100,0.5,2025-10-06T06:26:08.000Z
"10/6/2025, 2:29:08 AM",3.64,77.9,100,0.5,2025-10-06T06:29:08.000Z
"10/6/2025, 2:32:08 AM",3.64,77.9,100,0.5,2025-10-06T06:32:08.000Z
"10/6/2025, 2:35:08 AM",3.64,77.9,100,0.6,2025-10-06T06:35:08.000Z
"10/6/2025, 2:38:08 AM",3.64,77.9,100,0.5,2025-10-06T06:38:08.000Z
"10/6/2025, 2:41:08 AM",3.64,77.9,100,0.6,2025-10-06T06:41:08.000Z
"10/6/2025, 2:44:08 AM",3.64,77.9,100,0.6,2025-10-06T06:44:08.000Z
"10/6/2025, 2:47:08 AM",3.64,77.9,100,0.6,2025-10-06T06:47:08.000Z
"10/6/2025, 2:50:08 AM",3.64,77.7,100,0.6,2025-10-06T06:50:08.000Z
"10/6/2025, 2:53:08 AM",3.64,77.7,100,0.6,2025-10-06T06:53:08.000Z
"10/6/2025, 2:56:08 AM",3.64,77.7,100,0.6,2025-10-06T06:56:08.000Z
"10/6/2025, 2:59:08 AM",3.64,77.7,100,0.5,2025-10-06T06:59:08.000Z
"10/6/2025, 3:02:08 AM",3.64,77.7,100,0.5,2025-10-06T07:02:08.000Z
"10/6/2025, 3:05:08 AM",3.64,77.7,100,0.6,2025-10-06T07:05:08.000Z
"10/6/2025, 3:08:08 AM",3.64,77.7,100,0.6,2025-10-06T07:08:08.000Z
"10/6/2025, 3:11:08 AM",3.64,77.7,100,0.6,2025-10-06T07:11:08.000Z
"10/6/2025, 3:14:08 AM",3.64,77.7,100,0.5,2025-10-06T07:14:08.000Z
"10/6/2025, 3:17:08 AM",3.64,77.5,100,0.5,2025-10-06T07:17:08.000Z
"10/6/2025, 3:20:08 AM",3.64,77.5,100,0.6,2025-10-06T07:20:08.000Z
"10/6/2025, 3:23:08 AM",3.64,77.4,100,0.6,2025-10-06T07:23:08.000Z
"10/6/2025, 3:26:08 AM",3.64,77.4,100,0.6,2025-10-06T07:26:08.000Z
"10/6/2025, 3:29:08 AM",3.64,77.4,100,0.6,2025-10-06T07:29:08.000Z
"10/6/2025, 3:32:08 AM",3.64,77.2,100,0.6,2025-10-06T07:32:08.000Z
"10/6/2025, 3:35:08 AM",3.64,77.2,100,0.5,2025-10-06T07:35:08.000Z
"10/6/2025, 3:38:08 AM",3.64,77.2,100,0.5,2025-10-06T07:38:08.000Z
"10/6/2025, 3:41:08 AM",3.64,77,100,0.5,2025-10-06T07:41:08.000Z
"10/6/2025, 3:44:08 AM",3.64,77,100,0.5,2025-10-06T07:44:08.000Z
"10/6/2025, 3:47:08 AM",3.64,77,100,0.5,2025-10-06T07:47:08.000Z
"10/6/2025, 3:50:08 AM",3.64,76.8,100,0.4,2025-10-06T07:50:08.000Z
"10/6/2025, 3:53:08 AM",3.64,76.8,100,0.5,2025-10-06T07:53:08.000Z
"10/6/2025, 3:56:08 AM",3.64,76.8,100,0.4,2025-10-06T07:56:08.000Z
"10/6/2025, 3:59:08 AM",3.64,76.8,100,0.4,2025-10-06T07:59:08.000Z
"10/6/2025, 4:02:08 AM",3.64,76.8,100,0.4,2025-10-06T08:02:08.000Z
"10/6/2025, 4:05:08 AM",3.64,76.8,100,0.4,2025-10-06T08:05:08.000Z
"10/6/2025, 4:08:08 AM",3.64,76.8,100,0.4,2025-10-06T08:08:08.000Z
"10/6/2025, 4:11:08 AM",3.64,76.8,100,0.4,2025-10-06T08:11:08.000Z
"10/6/2025, 4:14:08 AM",3.64,76.8,100,0.5,2025-10-06T08:14:08.000Z
"10/6/2025, 4:17:08 AM",3.64,76.8,100,0.5,2025-10-06T08:17:08.000Z
"10/6/2025, 4:20:08 AM",3.64,76.8,100,0.5,2025-10-06T08:20:08.000Z
"10/6/2025, 4:23:08 AM",3.64,76.8,100,0.5,2025-10-06T08:23:08.000Z
"10/6/2025, 4:26:08 AM",3.64,76.8,100,0.5,2025-10-06T08:26:08.000Z
"10/6/2025, 4:29:08 AM",3.64,76.8,100,0.5,2025-10-06T08:29:08.000Z
"10/6/2025, 4:32:08 AM",3.64,76.8,100,0.5,2025-10-06T08:32:08.000Z
"10/6/2025, 4:35:08 AM",3.64,76.8,100,0.4,2025-10-06T08:35:08.000Z
"10/6/2025, 4:38:08 AM",3.64,76.6,100,0.4,2025-10-06T08:38:08.000Z
"10/6/2025, 4:41:08 AM",3.64,76.6,100,0.4,2025-10-06T08:41:08.000Z
"10/6/2025, 4:44:08 AM",3.64,76.6,100,0.4,2025-10-06T08:44:08.000Z
"10/6/2025, 4:47:08 AM",3.64,76.6,100,0.4,2025-10-06T08:47:08.000Z
"10/6/2025, 4:50:08 AM",3.64,76.6,100,0.4,2025-10-06T08:50:08.000Z
"10/6/2025, 4:53:08 AM",3.64,76.6,100,0.4,2025-10-06T08:53:08.000Z
"10/6/2025, 4:56:08 AM",3.64,76.6,100,0.4,2025-10-06T08:56:08.000Z
"10/6/2025, 4:59:08 AM",3.64,76.6,100,0.4,2025-10-06T08:59:08.000Z
"10/6/2025, 5:02:08 AM",3.64,76.5,100,0.4,2025-10-06T09:02:08.000Z
"10/6/2025, 5:05:08 AM",3.64,76.5,100,0.4,2025-10-06T09:05:08.000Z
"10/6/2025, 5:08:08 AM",3.64,76.5,100,0.4,2025-10-06T09:08:08.000Z
"10/6/2025, 5:11:08 AM",3.64,76.5,100,0.4,2025-10-06T09:11:08.000Z
"10/6/2025, 5:14:08 AM",3.64,76.5,100,0.4,2025-10-06T09:14:08.000Z
"10/6/2025, 5:17:08 AM",3.64,76.3,100,0.4,2025-10-06T09:17:08.000Z
"10/6/2025, 5:20:08 AM",3.64,76.3,100,0.4,2025-10-06T09:20:08.000Z
"10/6/2025, 5:23:08 AM",3.64,76.3,100,0.4,2025-10-06T09:23:08.000Z
"10/6/2025, 5:26:08 AM",3.64,76.3,100,0.4,2025-10-06T09:26:08.000Z
"10/6/2025, 5:29:08 AM",3.64,76.3,100,0.4,2025-10-06T09:29:08.000Z
"10/6/2025, 5:32:08 AM",3.64,76.3,100,0.4,2025-10-06T09:32:08.000Z
"10/6/2025, 5:35:08 AM",3.64,76.3,100,0.4,2025-10-06T09:35:08.000Z
"10/6/2025, 5:38:08 AM",3.64,76.5,100,0.4,2025-10-06T09:38:08.000Z
"10/6/2025, 5:41:08 AM",3.64,76.3,100,0.4,2025-10-06T09:41:08.000Z
"10/6/2025, 5:44:08 AM",3.64,76.3,100,0.4,2025-10-06T09:44:08.000Z
"10/6/2025, 5:47:08 AM",3.64,76.3,100,0.4,2025-10-06T09:47:08.000Z
"10/6/2025, 5:50:08 AM",3.64,76.5,100,0.4,2025-10-06T09:50:08.000Z
"10/6/2025, 5:53:08 AM",3.64,76.5,100,0.4,2025-10-06T09:53:08.000Z
"10/6/2025, 5:56:08 AM",3.64,76.5,100,0.4,2025-10-06T09:56:08.000Z
"10/6/2025, 5:59:08 AM",3.64,76.5,100,0.4,2025-10-06T09:59:08.000Z
"10/6/2025, 6:02:08 AM",3.64,76.5,100,0.4,2025-10-06T10:02:08.000Z
"10/6/2025, 6:05:08 AM",3.64,76.5,100,0.4,2025-10-06T10:05:08.000Z
"10/6/2025, 6:08:08 AM",3.64,76.6,100,0.4,2025-10-06T10:08:08.000Z
"10/6/2025, 6:11:08 AM",3.64,76.8,100,0.4,2025-10-06T10:11:08.000Z
"10/6/2025, 6:14:08 AM",3.64,76.8,100,0.4,2025-10-06T10:14:08.000Z
"10/6/2025, 6:17:08 AM",3.639,77,100,0.4,2025-10-06T10:17:08.000Z
"10/6/2025, 6:20:08 AM",3.64,77.2,100,0.4,2025-10-06T10:20:08.000Z
"10/6/2025, 6:23:08 AM",3.64,77.2,100,0.4,2025-10-06T10:23:08.000Z
"10/6/2025, 6:26:08 AM",3.64,77.4,100,0.4,2025-10-06T10:26:08.000Z
"10/6/2025, 6:29:08 AM",3.64,77.4,100,0.4,2025-10-06T10:29:08.000Z
"10/6/2025, 6:32:08 AM",3.64,77.5,100,0.4,2025-10-06T10:32:08.000Z
"10/6/2025, 6:35:08 AM",3.64,77.5,100,0.5,2025-10-06T10:35:08.000Z
"10/6/2025, 6:38:08 AM",3.64,77.5,100,0.4,2025-10-06T10:38:08.000Z
"10/6/2025, 6:41:08 AM",3.64,77.7,100,0.4,2025-10-06T10:41:08.000Z
"10/6/2025, 6:44:08 AM",3.639,77.7,100,0.4,2025-10-06T10:44:08.000Z
"10/6/2025, 6:47:08 AM",3.64,77.7,100,0.4,2025-10-06T10:47:08.000Z
"10/6/2025, 6:50:08 AM",3.64,77.9,100,0.5,2025-10-06T10:50:08.000Z
"10/6/2025, 6:53:08 AM",3.64,77.9,100,0.5,2025-10-06T10:53:08.000Z
"10/6/2025, 6:56:08 AM",3.64,77.9,100,0.5,2025-10-06T10:56:08.000Z
"10/6/2025, 6:59:08 AM",3.639,77.9,100,0.5,2025-10-06T10:59:08.000Z
"10/6/2025, 7:02:08 AM",3.64,77.9,100,0.5,2025-10-06T11:02:08.000Z
"10/6/2025, 7:05:08 AM",3.64,77.9,100,0.5,2025-10-06T11:05:08.000Z
"10/6/2025, 7:08:08 AM",3.639,77.9,100,0.5,2025-10-06T11:08:08.000Z
"10/6/2025, 7:11:08 AM",3.639,77.9,100,0.5,2025-10-06T11:11:08.000Z
"10/6/2025, 7:14:08 AM",3.64,77.9,100,0.5,2025-10-06T11:14:08.000Z
"10/6/2025, 7:17:08 AM",3.639,77.9,100,0.5,2025-10-06T11:17:08.000Z
"10/6/2025, 7:20:08 AM",3.639,77.9,100,0.5,2025-10-06T11:20:08.000Z
"10/6/2025, 7:23:08 AM",3.64,77.9,100,0.5,2025-10-06T11:23:08.000Z
"10/6/2025, 7:26:08 AM",3.639,77.9,100,0.5,2025-10-06T11:26:08.000Z
"10/6/2025, 7:29:08 AM",3.639,77.9,100,0.5,2025-10-06T11:29:08.000Z
"10/6/2025, 7:32:08 AM",3.639,77.7,100,0.5,2025-10-06T11:32:08.000Z
"10/6/2025, 7:35:08 AM",3.639,77.7,100,0.5,2025-10-06T11:35:08.000Z
"10/6/2025, 7:38:08 AM",3.64,77.7,100,0.5,2025-10-06T11:38:08.000Z
"10/6/2025, 7:41:08 AM",3.64,77.7,100,0.5,2025-10-06T11:41:08.000Z
"10/6/2025, 7:44:08 AM",3.64,77.7,100,0.5,2025-10-06T11:44:08.000Z
"10/6/2025, 7:47:08 AM",3.64,77.7,100,0.5,2025-10-06T11:47:08.000Z
"10/6/2025, 7:50:08 AM",3.64,77.7,100,0.5,2025-10-06T11:50:08.000Z
"10/6/2025, 7:53:08 AM",3.639,77.7,100,0.5,2025-10-06T11:53:08.000Z
"10/6/2025, 7:56:08 AM",3.639,77.9,100,0.5,2025-10-06T11:56:08.000Z
"10/6/2025, 7:59:08 AM",3.64,77.9,100,0.5,2025-10-06T11:59:08.000Z
"10/6/2025, 8:02:08 AM",3.639,77.9,100,0.5,2025-10-06T12:02:08.000Z
"10/6/2025, 8:05:08 AM",3.64,77.9,100,0.5,2025-10-06T12:05:08.000Z
"10/6/2025, 8:08:08 AM",3.64,78.1,100,0.5,2025-10-06T12:08:08.000Z
"10/6/2025, 8:11:08 AM",3.64,78.1,100,0.6,2025-10-06T12:11:08.000Z
"10/6/2025, 8:14:08 AM",3.64,78.3,100,0.5,2025-10-06T12:14:08.000Z
"10/6/2025, 8:17:08 AM",3.64,78.3,100,0.5,2025-10-06T12:17:08.000Z
"10/6/2025, 8:20:08 AM",3.64,78.4,100,0.6,2025-10-06T12:20:08.000Z
"10/6/2025, 8:23:08 AM",3.64,78.4,100,0.6,2025-10-06T12:23:08.000Z
"10/6/2025, 8:26:08 AM",3.639,78.6,100,0.5,2025-10-06T12:26:08.000Z
"10/6/2025, 8:29:08 AM",3.64,78.8,100,0.6,2025-10-06T12:29:08.000Z
"10/6/2025, 8:32:08 AM",3.639,79,100,0.6,2025-10-06T12:32:08.000Z
"10/6/2025, 8:35:08 AM",3.639,79,100,0.6,2025-10-06T12:35:08.000Z
"10/6/2025, 8:38:08 AM",3.64,79,100,0.6,2025-10-06T12:38:08.000Z
"10/6/2025, 8:41:08 AM",3.639,79.2,100,0.6,2025-10-06T12:41:08.000Z
"10/6/2025, 8:44:08 AM",3.64,79.2,100,0.6,2025-10-06T12:44:08.000Z
"10/6/2025, 8:47:08 AM",3.64,79.3,100,0.6,2025-10-06T12:47:08.000Z
"10/6/2025, 8:50:08 AM",3.639,79.3,100,0.6,2025-10-06T12:50:08.000Z
"10/6/2025, 8:53:08 AM",3.639,79.5,100,0.6,2025-10-06T12:53:08.000Z
"10/6/2025, 8:56:08 AM",3.639,79.7,100,0.6,2025-10-06T12:56:08.000Z
"10/6/2025, 8:59:08 AM",3.639,79.9,100,0.6,2025-10-06T12:59:08.000Z
"10/6/2025, 9:02:08 AM",3.639,80.1,100,0.6,2025-10-06T13:02:08.000Z
"10/6/2025, 9:05:08 AM",3.639,80.2,100,0.6,2025-10-06T13:05:08.000Z
"10/6/2025, 9:08:08 AM",3.639,80.4,100,0.6,2025-10-06T13:08:08.000Z
"10/6/2025, 9:11:08 AM",3.639,80.8,100,0.7,2025-10-06T13:11:08.000Z
"10/6/2025, 9:14:08 AM",3.639,81,100,0.7,2025-10-06T13:14:08.000Z
"10/6/2025, 9:17:08 AM",3.639,81.3,100,0.6,2025-10-06T13:17:08.000Z
"10/6/2025, 9:20:08 AM",3.639,81.7,100,0.7,2025-10-06T13:20:08.000Z
"10/6/2025, 9:23:08 AM",3.64,82,100,0.7,2025-10-06T13:23:08.000Z
"10/6/2025, 9:26:08 AM",3.639,82.2,100,0.7,2025-10-06T13:26:08.000Z
"10/6/2025, 9:29:08 AM",3.639,82.6,100,0.7,2025-10-06T13:29:08.000Z
"10/6/2025, 9:32:08 AM",3.639,82.8,100,0.7,2025-10-06T13:32:08.000Z
"10/6/2025, 9:35:08 AM",3.639,82.9,100,0.7,2025-10-06T13:35:08.000Z
"10/6/2025, 9:38:08 AM",3.639,83.1,100,0.7,2025-10-06T13:38:08.000Z
"10/6/2025, 9:41:08 AM",3.639,83.3,100,0.7,2025-10-06T13:41:08.000Z
"10/6/2025, 9:44:08 AM",3.639,83.3,100,0.7,2025-10-06T13:44:08.000Z
"10/6/2025, 9:47:08 AM",3.639,83.3,100,0.7,2025-10-06T13:47:08.000Z
"10/6/2025, 9:50:08 AM",3.639,83.5,100,0.7,2025-10-06T13:50:08.000Z
"10/6/2025, 9:53:08 AM",3.639,83.5,100,0.7,2025-10-06T13:53:08.000Z
"10/6/2025, 9:56:08 AM",3.639,83.7,100,0.7,2025-10-06T13:56:08.000Z
"10/6/2025, 9:59:08 AM",3.639,83.8,100,0.7,2025-10-06T13:59:08.000Z
"10/6/2025, 10:02:08 AM",3.639,84,100,0.7,2025-10-06T14:02:08.000Z
"10/6/2025, 10:05:08 AM",3.639,84.4,100,0.8,2025-10-06T14:05:08.000Z
"10/6/2025, 10:08:08 AM",3.639,84.6,100,0.7,2025-10-06T14:08:08.000Z
"10/6/2025, 10:11:08 AM",3.64,84.7,100,0.8,2025-10-06T14:11:08.000Z
"10/6/2025, 10:14:08 AM",3.639,84.9,100,0.8,2025-10-06T14:14:08.000Z
"10/6/2025, 10:17:08 AM",3.639,85.1,100,0.8,2025-10-06T14:17:08.000Z
"10/6/2025, 10:20:08 AM",3.639,85.3,100,0.7,2025-10-06T14:20:08.000Z
"10/6/2025, 10:23:08 AM",3.639,85.5,100,0.8,2025-10-06T14:23:08.000Z
"10/6/2025, 10:26:08 AM",3.639,85.5,100,0.8,2025-10-06T14:26:08.000Z
"10/6/2025, 10:29:08 AM",3.639,85.5,100,0.8,2025-10-06T14:29:08.000Z
"10/6/2025, 10:32:08 AM",3.638,85.5,100,0.7,2025-10-06T14:32:08.000Z
"10/6/2025, 10:35:08 AM",3.639,85.5,100,0.7,2025-10-06T14:35:08.000Z
"10/6/2025, 10:38:08 AM",3.639,85.6,100,0.8,2025-10-06T14:38:08.000Z
"10/6/2025, 10:41:08 AM",3.639,85.6,100,0.7,2025-10-06T14:41:08.000Z
"10/6/2025, 10:44:08 AM",3.639,85.6,100,0.7,2025-10-06T14:44:08.000Z
"10/6/2025, 10:47:08 AM",3.639,85.6,100,0.8,2025-10-06T14:47:08.000Z
"10/6/2025, 10:50:08 AM",3.639,85.8,100,0.8,2025-10-06T14:50:08.000Z
"10/6/2025, 10:53:08 AM",3.639,86,100,0.8,2025-10-06T14:53:08.000Z
"10/6/2025, 10:56:08 AM",3.639,86.4,100,0.8,2025-10-06T14:56:08.000Z
"10/6/2025, 10:59:08 AM",3.639,86.7,100,0.8,2025-10-06T14:59:08.000Z
"10/6/2025, 11:02:08 AM",3.639,87.1,100,0.9,2025-10-06T15:02:08.000Z
"10/6/2025, 11:05:08 AM",3.639,87.4,100,1,2025-10-06T15:05:08.000Z
"10/6/2025, 11:08:08 AM",3.639,88,100,1,2025-10-06T15:08:08.000Z
"10/6/2025, 11:11:08 AM",3.639,88.3,100,1,2025-10-06T15:11:08.000Z
"10/6/2025, 11:14:08 AM",3.639,88.7,100,1,2025-10-06T15:14:08.000Z
"10/6/2025, 11:17:08 AM",3.639,88.9,100,1.1,2025-10-06T15:17:08.000Z
"10/6/2025, 11:20:08 AM",3.639,89.2,100,1.1,2025-10-06T15:20:08.000Z
"10/6/2025, 11:23:08 AM",3.639,89.6,100,1.3,2025-10-06T15:23:08.000Z
"10/6/2025, 11:26:08 AM",3.639,90,100,1.6,2025-10-06T15:26:08.000Z
"10/6/2025, 11:29:08 AM",3.639,90.3,100,1.7,2025-10-06T15:29:08.000Z
"10/6/2025, 11:32:08 AM",3.639,90.7,100,1.3,2025-10-06T15:32:08.000Z
"10/6/2025, 11:35:08 AM",3.639,90.9,100,1.5,2025-10-06T15:35:08.000Z
"10/6/2025, 11:38:08 AM",3.639,91,100,1.3,2025-10-06T15:38:08.000Z
"10/6/2025, 11:41:08 AM",3.638,91.2,100,1.2,2025-10-06T15:41:08.000Z
"10/6/2025, 11:44:08 AM",3.639,91.2,100,1.2,2025-10-06T15:44:08.000Z
"10/6/2025, 11:47:08 AM",3.638,91.4,100,1.3,2025-10-06T15:47:08.000Z
"10/6/2025, 11:50:08 AM",3.639,91.2,100,1.1,2025-10-06T15:50:08.000Z
"10/6/2025, 11:53:08 AM",3.638,91,100,0.9,2025-10-06T15:53:08.000Z
"10/6/2025, 11:56:08 AM",3.639,90.9,100,0.9,2025-10-06T15:56:08.000Z
"10/6/2025, 11:59:08 AM",3.639,90.5,100,0.9,2025-10-06T15:59:08.000Z
"10/6/2025, 12:02:08 PM",3.639,90.3,100,0.8,2025-10-06T16:02:08.000Z
"10/6/2025, 12:05:08 PM",3.639,90.3,100,0.9,2025-10-06T16:05:08.000Z
"10/6/2025, 12:08:08 PM",3.639,90.1,100,0.9,2025-10-06T16:08:08.000Z
"10/6/2025, 12:11:08 PM",3.639,90.1,100,1,2025-10-06T16:11:08.000Z
"10/6/2025, 12:14:08 PM",3.638,90,100,0.9,2025-10-06T16:14:08.000Z
"10/6/2025, 12:17:08 PM",3.638,89.8,100,0.9,2025-10-06T16:17:08.000Z
"10/6/2025, 12:20:08 PM",3.639,89.8,100,0.9,2025-10-06T16:20:08.000Z
"10/6/2025, 12:23:08 PM",3.638,90,100,0.9,2025-10-06T16:23:08.000Z
"10/6/2025, 12:26:08 PM",3.639,90,100,0.9,2025-10-06T16:26:08.000Z
"10/6/2025, 12:29:08 PM",3.638,89.8,100,0.9,2025-10-06T16:29:08.000Z
"10/6/2025, 12:32:08 PM",3.639,89.8,100,0.8,2025-10-06T16:32:08.000Z
"10/6/2025, 12:35:08 PM",3.638,89.6,100,0.8,2025-10-06T16:35:08.000Z
"10/6/2025, 12:38:08 PM",3.639,89.4,100,0.8,2025-10-06T16:38:08.000Z
"10/6/2025, 12:41:08 PM",3.639,89.4,100,0.9,2025-10-06T16:41:08.000Z
"10/6/2025, 12:44:08 PM",3.639,89.4,100,0.8,2025-10-06T16:44:08.000Z
"10/6/2025, 12:47:08 PM",3.639,89.6,100,0.9,2025-10-06T16:47:08.000Z
"10/6/2025, 12:50:08 PM",3.638,89.6,100,0.8,2025-10-06T16:50:08.000Z
"10/6/2025, 12:53:08 PM",3.639,89.8,100,0.9,2025-10-06T16:53:08.000Z
"10/6/2025, 12:56:08 PM",3.639,89.8,100,1,2025-10-06T16:56:08.000Z
"10/6/2025, 12:59:08 PM",3.639,89.8,100,0.9,2025-10-06T16:59:08.000Z
"10/6/2025, 1:02:08 PM",3.639,89.8,100,0.9,2025-10-06T17:02:08.000Z
"10/6/2025, 1:05:08 PM",3.639,89.8,100,0.9,2025-10-06T17:05:08.000Z
"10/6/2025, 1:08:08 PM",3.638,89.8,100,1,2025-10-06T17:08:08.000Z
"10/6/2025, 1:11:08 PM",3.639,90,100,0.9,2025-10-06T17:11:08.000Z
"10/6/2025, 1:14:08 PM",3.639,90,100,1,2025-10-06T17:14:08.000Z
"10/6/2025, 1:17:08 PM",3.639,90,100,0.9,2025-10-06T17:17:08.000Z
"10/6/2025, 1:20:08 PM",3.639,90.1,100,0.9,2025-10-06T17:20:08.000Z
"10/6/2025, 1:23:08 PM",3.639,90.1,100,0.9,2025-10-06T17:23:08.000Z
"10/6/2025, 1:26:08 PM",3.638,90.3,100,0.9,2025-10-06T17:26:08.000Z
"10/6/2025, 1:29:08 PM",3.638,90.3,100,0.9,2025-10-06T17:29:08.000Z
"10/6/2025, 1:32:08 PM",3.639,90.7,100,0.9,2025-10-06T17:32:08.000Z
"10/6/2025, 1:35:08 PM",3.639,90.9,100,1.1,2025-10-06T17:35:08.000Z
"10/6/2025, 1:38:08 PM",3.639,91.2,100,1.1,2025-10-06T17:38:08.000Z
"10/6/2025, 1:41:08 PM",3.639,91.6,100,1.5,2025-10-06T17:41:08.000Z
"10/6/2025, 1:44:08 PM",3.639,92.1,100,1.5,2025-10-06T17:44:08.000Z
"10/6/2025, 1:47:08 PM",3.639,92.5,100,1.5,2025-10-06T17:47:08.000Z
"10/6/2025, 1:50:08 PM",3.639,93,100,1.6,2025-10-06T17:50:08.000Z
"10/6/2025, 1:53:08 PM",3.639,93.4,100,1.1,2025-10-06T17:53:08.000Z
"10/6/2025, 1:56:08 PM",3.639,93.7,100,0.8,2025-10-06T17:56:08.000Z
"10/6/2025, 1:59:08 PM",3.638,93.9,100,0.8,2025-10-06T17:59:08.000Z
"10/6/2025, 2:02:08 PM",3.639,94.3,100,0.9,2025-10-06T18:02:08.000Z
"10/6/2025, 2:05:08 PM",3.639,94.5,100,1.3,2025-10-06T18:05:08.000Z
"10/6/2025, 2:08:08 PM",3.638,94.8,100,1.5,2025-10-06T18:08:08.000Z
"10/6/2025, 2:11:08 PM",3.639,95,100,1.6,2025-10-06T18:11:08.000Z
"10/6/2025, 2:14:08 PM",3.638,95.2,100,1.4,2025-10-06T18:14:08.000Z
"10/6/2025, 2:17:08 PM",3.639,95.2,100,1.6,2025-10-06T18:17:08.000Z
"10/6/2025, 2:20:08 PM",3.639,95.2,100,1.4,2025-10-06T18:20:08.000Z
"10/6/2025, 2:23:08 PM",3.639,95.4,100,1.4,2025-10-06T18:23:08.000Z
"10/6/2025, 2:26:08 PM",3.638,95.4,100,1.6,2025-10-06T18:26:08.000Z
"10/6/2025, 2:29:08 PM",3.639,95.4,100,1.4,2025-10-06T18:29:08.000Z
"10/6/2025, 2:32:08 PM",3.639,95.4,100,1.8,2025-10-06T18:32:08.000Z
"10/6/2025, 2:35:08 PM",3.638,95.4,100,1.4,2025-10-06T18:35:08.000Z
"10/6/2025, 2:38:08 PM",3.638,95.2,100,1.3,2025-10-06T18:38:08.000Z
"10/6/2025, 2:41:08 PM",3.638,95,100,1.3,2025-10-06T18:41:08.000Z
"10/6/2025, 2:44:08 PM",3.638,94.8,100,1.6,2025-10-06T18:44:08.000Z
"10/6/2025, 2:47:08 PM",3.639,94.6,100,1.7,2025-10-06T18:47:08.000Z
"10/6/2025, 2:50:08 PM",3.638,94.5,100,1.5,2025-10-06T18:50:08.000Z
"10/6/2025, 2:53:08 PM",3.639,94.5,100,1.5,2025-10-06T18:53:08.000Z
"10/6/2025, 2:56:08 PM",3.639,94.3,100,1.4,2025-10-06T18:56:08.000Z
"10/6/2025, 2:59:08 PM",3.639,94.3,100,1.3,2025-10-06T18:59:08.000Z
"10/6/2025, 3:02:08 PM",3.638,94.3,100,1.4,2025-10-06T19:02:08.000Z
"10/6/2025, 3:05:08 PM",3.638,94.1,100,1.5,2025-10-06T19:05:08.000Z
"10/6/2025, 3:08:08 PM",3.639,94.1,100,1.4,2025-10-06T19:08:08.000Z
"10/6/2025, 3:11:08 PM",3.638,94.1,100,1.5,2025-10-06T19:11:08.000Z
"10/6/2025, 3:14:08 PM",3.639,94.3,100,1.7,2025-10-06T19:14:08.000Z
"10/6/2025, 3:17:08 PM",3.639,94.6,100,1.7,2025-10-06T19:17:08.000Z
"10/6/2025, 3:20:08 PM",3.639,94.8,100,1.6,2025-10-06T19:20:08.000Z
"10/6/2025, 3:23:08 PM",3.639,95,100,1.5,2025-10-06T19:23:08.000Z
"10/6/2025, 3:26:08 PM",3.639,94.8,100,1.1,2025-10-06T19:26:08.000Z
"10/6/2025, 3:29:08 PM",3.639,94.8,100,1.1,2025-10-06T19:29:08.000Z
"10/6/2025, 3:32:08 PM",3.639,94.6,100,1,2025-10-06T19:32:08.000Z
"10/6/2025, 3:35:08 PM",3.638,94.5,100,1.1,2025-10-06T19:35:08.000Z
"10/6/2025, 3:38:08 PM",3.639,94.3,100,1.1,2025-10-06T19:38:08.000Z
"10/6/2025, 3:41:08 PM",3.639,94.1,100,1,2025-10-06T19:41:08.000Z
"10/6/2025, 3:44:08 PM",3.638,93.9,100,1.1,2025-10-06T19:44:08.000Z
"10/6/2025, 3:47:08 PM",3.639,93.7,100,1.1,2025-10-06T19:47:08.000Z
"10/6/2025, 3:50:08 PM",3.638,93.7,100,1.1,2025-10-06T19:50:08.000Z
"10/6/2025, 3:53:08 PM",3.639,93.6,100,1.2,2025-10-06T19:53:08.000Z
"10/6/2025, 3:56:08 PM",3.639,93.6,100,1.1,2025-10-06T19:56:08.000Z
"10/6/2025, 3:59:08 PM",3.638,93.6,100,1.2,2025-10-06T19:59:08.000Z
"10/6/2025, 4:02:08 PM",3.639,93.4,100,1.1,2025-10-06T20:02:08.000Z
"10/6/2025, 4:05:08 PM",3.639,93.4,100,1.4,2025-10-06T20:05:08.000Z
"10/6/2025, 4:08:08 PM",3.639,93.4,100,1.1,2025-10-06T20:08:08.000Z
"10/6/2025, 4:11:08 PM",3.639,93.4,100,1.1,2025-10-06T20:11:08.000Z
"10/6/2025, 4:14:08 PM",3.639,93.2,100,1,2025-10-06T20:14:08.000Z
"10/6/2025, 4:17:08 PM",3.639,93.2,100,1,2025-10-06T20:17:08.000Z
"10/6/2025, 4:20:08 PM",3.638,93.2,100,1.1,2025-10-06T20:20:08.000Z
"10/6/2025, 4:23:08 PM",3.639,93.4,100,1.4,2025-10-06T20:23:08.000Z
"10/6/2025, 4:26:08 PM",3.639,93.7,100,1.4,2025-10-06T20:26:08.000Z
"10/6/2025, 4:29:08 PM",3.639,93.9,100,1.6,2025-10-06T20:29:08.000Z
"10/6/2025, 4:32:08 PM",3.639,93.7,100,1.4,2025-10-06T20:32:08.000Z
"10/6/2025, 4:35:08 PM",3.639,93.6,100,1.1,2025-10-06T20:35:08.000Z
"10/6/2025, 4:38:08 PM",3.639,93.4,100,1,2025-10-06T20:38:08.000Z
"10/6/2025, 4:41:08 PM",3.639,93,100,1.1,2025-10-06T20:41:08.000Z
"10/6/2025, 4:44:08 PM",3.639,92.8,100,1.1,2025-10-06T20:44:08.000Z
"10/6/2025, 4:47:08 PM",3.638,92.5,100,1.1,2025-10-06T20:47:08.000Z
"10/6/2025, 4:50:08 PM",3.638,92.1,100,1.4,2025-10-06T20:50:08.000Z
"10/6/2025, 4:53:08 PM",3.639,91.9,100,1.4,2025-10-06T20:53:08.000Z
"10/6/2025, 4:56:08 PM",3.638,91.6,100,1.2,2025-10-06T20:56:08.000Z
"10/6/2025, 4:59:08 PM",3.639,91.4,100,1.3,2025-10-06T20:59:08.000Z
"10/6/2025, 5:02:08 PM",3.639,91.4,100,1.1,2025-10-06T21:02:08.000Z
"10/6/2025, 5:05:08 PM",3.639,91.2,100,0.9,2025-10-06T21:05:08.000Z
"10/6/2025, 5:08:08 PM",3.639,91.2,100,1,2025-10-06T21:08:08.000Z
"10/6/2025, 5:11:08 PM",3.638,91,100,1.1,2025-10-06T21:11:08.000Z
"10/6/2025, 5:14:08 PM",3.639,90.7,100,1,2025-10-06T21:14:08.000Z
"10/6/2025, 5:17:08 PM",3.639,90.5,100,1,2025-10-06T21:17:08.000Z
"10/6/2025, 5:20:08 PM",3.638,90.3,100,1,2025-10-06T21:20:08.000Z
"10/6/2025, 5:23:08 PM",3.639,90,100,1,2025-10-06T21:23:08.000Z
"10/6/2025, 5:26:08 PM",3.639,89.8,100,0.9,2025-10-06T21:26:08.000Z
"10/6/2025, 5:29:08 PM",3.639,89.6,100,0.9,2025-10-06T21:29:08.000Z
"10/6/2025, 5:32:08 PM",3.639,89.4,100,0.8,2025-10-06T21:32:08.000Z
"10/6/2025, 5:35:08 PM",3.639,89.2,100,0.9,2025-10-06T21:35:08.000Z
"10/6/2025, 5:38:08 PM",3.639,89.1,100,0.8,2025-10-06T21:38:08.000Z
"10/6/2025, 5:41:08 PM",3.639,88.9,100,0.8,2025-10-06T21:41:08.000Z
"10/6/2025, 5:44:08 PM",3.638,88.7,100,0.9,2025-10-06T21:44:08.000Z
"10/6/2025, 5:47:08 PM",3.639,88.5,100,0.8,2025-10-06T21:47:08.000Z
"10/6/2025, 5:50:08 PM",3.639,88.3,100,0.9,2025-10-06T21:50:08.000Z
"10/6/2025, 5:53:08 PM",3.639,88.3,100,0.9,2025-10-06T21:53:08.000Z
"10/6/2025, 5:56:08 PM",3.638,88.2,100,0.9,2025-10-06T21:56:08.000Z
"10/6/2025, 5:59:08 PM",3.639,88,100,0.9,2025-10-06T21:59:08.000Z
"10/6/2025, 6:02:08 PM",3.639,87.8,100,0.8,2025-10-06T22:02:08.000Z
"10/6/2025, 6:05:08 PM",3.639,87.6,100,0.8,2025-10-06T22:05:08.000Z
"10/6/2025, 6:08:08 PM",3.639,87.4,100,0.9,2025-10-06T22:08:08.000Z
"10/6/2025, 6:11:08 PM",3.639,87.4,100,0.9,2025-10-06T22:11:08.000Z
"10/6/2025, 6:14:08 PM",3.639,87.3,100,0.8,2025-10-06T22:14:08.000Z
"10/6/2025, 6:17:08 PM",3.639,87.1,100,0.8,2025-10-06T22:17:08.000Z
"10/6/2025, 6:20:08 PM",3.639,87.1,100,0.9,2025-10-06T22:20:08.000Z
"10/6/2025, 6:23:08 PM",3.639,86.9,100,0.9,2025-10-06T22:23:08.000Z
"10/6/2025, 6:26:08 PM",3.639,86.7,100,0.8,2025-10-06T22:26:08.000Z
"10/6/2025, 6:29:08 PM",3.639,86.7,100,0.8,2025-10-06T22:29:08.000Z
"10/6/2025, 6:32:08 PM",3.639,86.5,100,0.8,2025-10-06T22:32:08.000Z
"10/6/2025, 6:35:08 PM",3.639,86.4,100,0.8,2025-10-06T22:35:08.000Z
"10/6/2025, 6:38:08 PM",3.639,86,100,0.7,2025-10-06T22:38:08.000Z
"10/6/2025, 6:41:08 PM",3.639,85.6,100,0.7,2025-10-06T22:41:08.000Z
"10/6/2025, 6:44:08 PM",3.639,85.5,100,0.6,2025-10-06T22:44:08.000Z
"10/6/2025, 6:47:08 PM",3.639,85.3,100,0.6,2025-10-06T22:47:08.000Z
"10/6/2025, 6:50:08 PM",3.639,84.9,100,0.6,2025-10-06T22:50:08.000Z
"10/6/2025, 6:53:08 PM",3.639,84.7,100,0.6,2025-10-06T22:53:08.000Z
"10/6/2025, 6:56:08 PM",3.639,84.6,100,0.6,2025-10-06T22:56:08.000Z
"10/6/2025, 6:59:08 PM",3.639,84.4,100,0.5,2025-10-06T22:59:08.000Z
"10/6/2025, 7:02:08 PM",3.639,84.2,100,0.5,2025-10-06T23:02:08.000Z
"10/6/2025, 7:05:08 PM",3.639,84,100,0.5,2025-10-06T23:05:08.000Z
"10/6/2025, 7:08:08 PM",3.639,83.8,100,0.5,2025-10-06T23:08:08.000Z
"10/6/2025, 7:11:08 PM",3.639,83.8,100,0.4,2025-10-06T23:11:08.000Z
"10/6/2025, 7:14:08 PM",3.639,83.7,100,0.5,2025-10-06T23:14:08.000Z
"10/6/2025, 7:17:08 PM",3.639,83.5,100,0.5,2025-10-06T23:17:08.000Z
"10/6/2025, 7:20:08 PM",3.639,83.5,100,0.4,2025-10-06T23:20:08.000Z
"10/6/2025, 7:23:08 PM",3.639,83.3,100,0.4,2025-10-06T23:23:08.000Z
"10/6/2025, 7:26:08 PM",3.639,83.1,100,0.4,2025-10-06T23:26:08.000Z
"10/6/2025, 7:29:08 PM",3.639,83.1,100,0.4,2025-10-06T23:29:08.000Z
"10/6/2025, 7:32:08 PM",3.639,83.1,100,0.4,2025-10-06T23:32:08.000Z
"10/6/2025, 7:35:08 PM",3.64,83.1,100,0.4,2025-10-06T23:35:08.000Z
"10/6/2025, 7:38:08 PM",3.639,83.1,100,0.4,2025-10-06T23:38:08.000Z
"10/6/2025, 7:41:08 PM",3.639,83.1,100,0.4,2025-10-06T23:41:08.000Z
"10/6/2025, 7:44:08 PM",3.639,83.1,100,0,2025-10-06T23:44:08.000Z
"10/6/2025, 7:47:08 PM",3.64,83.1,100,0.4,2025-10-06T23:47:08.000Z
"10/6/2025, 7:50:08 PM",3.639,83.1,100,0,2025-10-06T23:50:08.000Z
"10/6/2025, 7:53:08 PM",3.639,83.1,100,0.4,2025-10-06T23:53:08.000Z
"10/6/2025, 7:56:08 PM",3.64,83.1,100,0.4,2025-10-06T23:56:08.000Z
"10/6/2025, 7:59:08 PM",3.639,83.1,100,0.4,2025-10-06T23:59:08.000Z
"10/6/2025, 8:02:08 PM",3.639,83.1,100,0.4,2025-10-07T00:02:08.000Z
"10/6/2025, 8:05:08 PM",3.639,83.1,100,0.4,2025-10-07T00:05:08.000Z
"10/6/2025, 8:08:08 PM",3.639,83.1,100,0.4,2025-10-07T00:08:08.000Z
"10/6/2025, 8:11:08 PM",3.64,83.1,100,0.4,2025-10-07T00:11:08.000Z
"10/6/2025, 8:14:08 PM",3.639,83.3,100,0.4,2025-10-07T00:14:08.000Z
"10/6/2025, 8:17:08 PM",3.639,83.3,100,0.4,2025-10-07T00:17:08.000Z
"10/6/2025, 8:20:08 PM",3.639,83.3,100,0.4,2025-10-07T00:20:08.000Z
"10/6/2025, 8:23:08 PM",3.639,83.3,100,0.4,2025-10-07T00:23:08.000Z
"10/6/2025, 8:26:08 PM",3.639,83.5,100,0.4,2025-10-07T00:26:08.000Z
"10/6/2025, 8:29:08 PM",3.639,83.5,100,0.4,2025-10-07T00:29:08.000Z
"10/6/2025, 8:32:08 PM",3.639,83.5,100,0.4,2025-10-07T00:32:08.000Z
"10/6/2025, 8:35:08 PM",3.639,83.5,100,0.4,2025-10-07T00:35:08.000Z
"10/6/2025, 8:38:08 PM",3.639,83.5,100,0.4,2025-10-07T00:38:08.000Z
"10/6/2025, 8:41:08 PM",3.639,83.3,100,0.4,2025-10-07T00:41:08.000Z
"10/6/2025, 8:44:08 PM",3.639,83.3,100,0.4,2025-10-07T00:44:08.000Z
"10/6/2025, 8:47:08 PM",3.639,83.3,100,0.4,2025-10-07T00:47:08.000Z
"10/6/2025, 8:50:08 PM",3.639,83.3,100,0.4,2025-10-07T00:50:08.000Z
"10/6/2025, 8:53:08 PM",3.639,83.3,100,0.4,2025-10-07T00:53:08.000Z
"10/6/2025, 8:56:08 PM",3.639,83.3,100,0.4,2025-10-07T00:56:08.000Z
"10/6/2025, 8:59:08 PM",3.639,83.3,100,0.4,2025-10-07T00:59:08.000Z
"10/6/2025, 9:02:08 PM",3.639,83.3,100,0.4,2025-10-07T01:02:08.000Z
"10/6/2025, 9:05:08 PM",3.639,83.3,100,0.4,2025-10-07T01:05:08.000Z
"10/6/2025, 9:08:08 PM",3.639,83.3,100,0.4,2025-10-07T01:08:08.000Z
"10/6/2025, 9:11:08 PM",3.639,83.3,100,0.4,2025-10-07T01:11:08.000Z
"10/6/2025, 9:14:08 PM",3.639,83.3,100,0.4,2025-10-07T01:14:08.000Z
"10/6/2025, 9:17:08 PM",3.639,83.3,100,0.4,2025-10-07T01:17:08.000Z
"10/6/2025, 9:20:08 PM",3.639,83.3,100,0.4,2025-10-07T01:20:08.000Z
"10/6/2025, 9:23:08 PM",3.639,83.1,100,0.4,2025-10-07T01:23:08.000Z
"10/6/2025, 9:26:08 PM",3.639,83.1,100,0.4,2025-10-07T01:26:08.000Z
"10/6/2025, 9:29:08 PM",3.639,82.9,100,0.4,2025-10-07T01:29:08.000Z
"10/6/2025, 9:32:08 PM",3.639,82.9,100,0.4,2025-10-07T01:32:08.000Z
"10/6/2025, 9:35:08 PM",3.639,82.9,100,0.4,2025-10-07T01:35:08.000Z
"10/6/2025, 9:38:08 PM",3.639,82.8,100,0.4,2025-10-07T01:38:08.000Z
"10/6/2025, 9:41:08 PM",3.639,82.8,100,0.4,2025-10-07T01:41:08.000Z
"10/6/2025, 9:44:08 PM",3.639,82.6,100,0.4,2025-10-07T01:44:08.000Z
"10/6/2025, 9:47:08 PM",3.639,82.6,100,0.4,2025-10-07T01:47:08.000Z
"10/6/2025, 9:50:08 PM",3.64,82.6,100,0.4,2025-10-07T01:50:08.000Z
"10/6/2025, 9:53:08 PM",3.639,82.6,100,0.4,2025-10-07T01:53:08.000Z
"10/6/2025, 9:56:08 PM",3.639,82.6,100,0.4,2025-10-07T01:56:08.000Z
"10/6/2025, 9:59:08 PM",3.639,82.4,100,0.4,2025-10-07T01:59:08.000Z
"10/6/2025, 10:02:08 PM",3.639,82.4,100,0.4,2025-10-07T02:02:08.000Z
"10/6/2025, 10:05:08 PM",3.639,82.4,100,0.4,2025-10-07T02:05:08.000Z
"10/6/2025, 10:08:08 PM",3.639,82.4,100,0.4,2025-10-07T02:08:08.000Z
"10/6/2025, 10:11:08 PM",3.639,82.6,100,0.4,2025-10-07T02:11:08.000Z
"10/6/2025, 10:14:08 PM",3.639,82.6,100,0.4,2025-10-07T02:14:08.000Z
"10/6/2025, 10:17:08 PM",3.639,82.6,100,0.4,2025-10-07T02:17:08.000Z
"10/6/2025, 10:20:08 PM",3.64,82.6,100,0.4,2025-10-07T02:20:08.000Z
"10/6/2025, 10:23:08 PM",3.64,82.6,100,0.4,2025-10-07T02:23:08.000Z
"10/6/2025, 10:26:08 PM",3.639,82.6,100,0.4,2025-10-07T02:26:08.000Z
"10/6/2025, 10:29:08 PM",3.639,82.8,100,0.4,2025-10-07T02:29:08.000Z
"10/6/2025, 10:32:08 PM",3.639,82.8,100,0.4,2025-10-07T02:32:08.000Z
"10/6/2025, 10:35:08 PM",3.639,82.8,100,0.4,2025-10-07T02:35:08.000Z
"10/6/2025, 10:38:08 PM",3.64,82.8,100,0.4,2025-10-07T02:38:08.000Z
"10/6/2025, 10:41:08 PM",3.639,82.9,100,0,2025-10-07T02:41:08.000Z
"10/6/2025, 10:44:08 PM",3.639,82.9,100,0.4,2025-10-07T02:44:08.000Z
"10/6/2025, 10:47:08 PM",3.639,82.8,100,0.4,2025-10-07T02:47:08.000Z
"10/6/2025, 10:50:08 PM",3.639,82.8,100,0,2025-10-07T02:50:08.000Z
"10/6/2025, 10:53:08 PM",3.639,82.8,100,0.4,2025-10-07T02:53:08.000Z
"10/6/2025, 10:56:08 PM",3.639,82.8,100,0,2025-10-07T02:56:08.000Z
"10/6/2025, 10:59:08 PM",3.639,82.8,100,0.4,2025-10-07T02:59:08.000Z
"10/6/2025, 11:02:08 PM",3.639,82.8,100,0.4,2025-10-07T03:02:08.000Z
"10/6/2025, 11:05:08 PM",3.639,82.8,100,0,2025-10-07T03:05:08.000Z
"10/6/2025, 11:08:08 PM",3.639,82.8,100,0.4,2025-10-07T03:08:08.000Z
"10/6/2025, 11:11:08 PM",3.639,82.8,100,0.4,2025-10-07T03:11:08.000Z
"10/6/2025, 11:14:08 PM",3.639,82.8,100,0.4,2025-10-07T03:14:08.000Z
"10/6/2025, 11:17:08 PM",3.639,82.6,100,0.4,2025-10-07T03:17:08.000Z
"10/6/2025, 11:20:08 PM",3.639,82.6,100,0.4,2025-10-07T03:20:08.000Z
"10/6/2025, 11:23:08 PM",3.639,82.4,100,0.4,2025-10-07T03:23:08.000Z
"10/6/2025, 11:26:08 PM",3.639,82.4,100,0.4,2025-10-07T03:26:08.000Z
"10/6/2025, 11:29:08 PM",3.639,82.4,100,0.4,2025-10-07T03:29:08.000Z
"10/6/2025, 11:32:08 PM",3.639,82.2,100,0.4,2025-10-07T03:32:08.000Z
"10/6/2025, 11:35:08 PM",3.639,82,100,0.4,2025-10-07T03:35:08.000Z
"10/6/2025, 11:38:08 PM",3.639,82,100,0.4,2025-10-07T03:38:08.000Z
"10/6/2025, 11:41:08 PM",3.639,81.9,100,0.4,2025-10-07T03:41:08.000Z
"10/6/2025, 11:44:08 PM",3.639,81.9,100,0.4,2025-10-07T03:44:08.000Z
"10/6/2025, 11:47:08 PM",3.639,81.9,100,0.4,2025-10-07T03:47:08.000Z
"10/6/2025, 11:50:08 PM",3.639,81.7,100,0.4,2025-10-07T03:50:08.000Z
"10/6/2025, 11:53:08 PM",3.639,81.7,100,0.4,2025-10-07T03:53:08.000Z
"10/6/2025, 11:56:08 PM",3.639,81.7,100,0.4,2025-10-07T03:56:08.000Z
"10/6/2025, 11:59:08 PM",3.639,81.7,100,0.4,2025-10-07T03:59:08.000Z
"10/7/2025, 12:02:08 AM",3.639,81.5,100,0.4,2025-10-07T04:02:08.000Z
"10/7/2025, 12:05:08 AM",3.639,81.5,100,0.4,2025-10-07T04:05:08.000Z
"10/7/2025, 12:08:08 AM",3.639,81.5,100,0.4,2025-10-07T04:08:08.000Z
"10/7/2025, 12:11:08 AM",3.639,81.5,100,0.4,2025-10-07T04:11:08.000Z
"10/7/2025, 12:14:08 AM",3.639,81.5,100,0.5,2025-10-07T04:14:08.000Z
"10/7/2025, 12:17:08 AM",3.639,81.3,100,0.4,2025-10-07T04:17:08.000Z
"10/7/2025, 12:20:08 AM",3.639,81.3,100,0.4,2025-10-07T04:20:08.000Z
"10/7/2025, 12:23:08 AM",3.639,81.3,100,0.4,2025-10-07T04:23:08.000Z
"10/7/2025, 12:26:08 AM",3.639,81.3,100,0.4,2025-10-07T04:26:08.000Z
"10/7/2025, 12:29:08 AM",3.639,81.3,100,0.4,2025-10-07T04:29:08.000Z
"10/7/2025, 12:32:08 AM",3.639,81.3,100,0.4,2025-10-07T04:32:08.000Z
"10/7/2025, 12:35:08 AM",3.639,81.3,100,0.4,2025-10-07T04:35:08.000Z
"10/7/2025, 12:38:08 AM",3.639,81.3,100,0.4,2025-10-07T04:38:08.000Z
"10/7/2025, 12:41:08 AM",3.64,81.1,100,0.4,2025-10-07T04:41:08.000Z
"10/7/2025, 12:44:08 AM",3.639,81.1,100,0.4,2025-10-07T04:44:08.000Z
"10/7/2025, 12:47:08 AM",3.639,81.1,100,0.4,2025-10-07T04:47:08.000Z
"10/7/2025, 12:50:08 AM",3.639,81.1,100,0.4,2025-10-07T04:50:08.000Z
"10/7/2025, 12:53:08 AM",3.639,81.1,100,0.4,2025-10-07T04:53:08.000Z
"10/7/2025, 12:56:08 AM",3.639,81.1,100,0.4,2025-10-07T04:56:08.000Z
"10/7/2025, 12:59:08 AM",3.639,81.1,100,0.4,2025-10-07T04:59:08.000Z
"10/7/2025, 1:02:08 AM",3.639,81.1,100,0,2025-10-07T05:02:08.000Z
"10/7/2025, 1:05:08 AM",3.639,81.1,100,0,2025-10-07T05:05:08.000Z
"10/7/2025, 1:08:08 AM",3.639,81.1,100,0,2025-10-07T05:08:08.000Z
"10/7/2025, 1:11:08 AM",3.639,81,100,0,2025-10-07T05:11:08.000Z
"10/7/2025, 1:14:08 AM",3.639,81,100,0,2025-10-07T05:14:08.000Z
"10/7/2025, 1:17:08 AM",3.639,81,100,0,2025-10-07T05:17:08.000Z
"10/7/2025, 1:20:08 AM",3.639,81,100,0,2025-10-07T05:20:08.000Z
"10/7/2025, 1:23:08 AM",3.639,81.1,100,0,2025-10-07T05:23:08.000Z
"10/7/2025, 1:26:08 AM",3.639,81.1,100,0,2025-10-07T05:26:08.000Z
"10/7/2025, 1:29:08 AM",3.639,81.1,100,0,2025-10-07T05:29:08.000Z
"10/7/2025, 1:32:08 AM",3.639,81.1,100,0,2025-10-07T05:32:08.000Z
"10/7/2025, 1:35:08 AM",3.639,81.1,100,0,2025-10-07T05:35:08.000Z
"10/7/2025, 1:38:08 AM",3.639,81.1,100,0,2025-10-07T05:38:08.000Z
"10/7/2025, 1:41:08 AM",3.639,81.1,100,0,2025-10-07T05:41:08.000Z
"10/7/2025, 1:44:08 AM",3.639,81,100,0,2025-10-07T05:44:08.000Z
"10/7/2025, 1:47:08 AM",3.639,81,100,0,2025-10-07T05:47:08.000Z
"10/7/2025, 1:50:08 AM",3.639,81,100,0,2025-10-07T05:50:08.000Z
"10/7/2025, 1:53:08 AM",3.639,81,100,0,2025-10-07T05:53:08.000Z
"10/7/2025, 1:56:08 AM",3.639,81,100,0,2025-10-07T05:56:08.000Z
"10/7/2025, 1:59:08 AM",3.639,81,100,0,2025-10-07T05:59:08.000Z
"10/7/2025, 2:02:08 AM",3.639,80.8,100,0,2025-10-07T06:02:08.000Z
"10/7/2025, 2:05:08 AM",3.639,80.8,100,0,2025-10-07T06:05:08.000Z
"10/7/2025, 2:08:08 AM",3.639,80.8,100,0,2025-10-07T06:08:08.000Z
"10/7/2025, 2:11:08 AM",3.639,80.8,100,0,2025-10-07T06:11:08.000Z
"10/7/2025, 2:14:08 AM",3.639,80.8,100,0,2025-10-07T06:14:08.000Z
"10/7/2025, 2:17:08 AM",3.639,80.8,100,0,2025-10-07T06:17:08.000Z
"10/7/2025, 2:20:08 AM",3.639,80.8,100,0,2025-10-07T06:20:08.000Z
"10/7/2025, 2:23:08 AM",3.639,80.8,100,0,2025-10-07T06:23:08.000Z
"10/7/2025, 2:26:08 AM",3.639,80.8,100,0,2025-10-07T06:26:08.000Z
"10/7/2025, 2:29:08 AM",3.639,80.8,100,0,2025-10-07T06:29:08.000Z
"10/7/2025, 2:32:08 AM",3.639,80.8,100,0,2025-10-07T06:32:08.000Z
"10/7/2025, 2:35:08 AM",3.639,80.8,100,0,2025-10-07T06:35:08.000Z
"10/7/2025, 2:38:08 AM",3.639,80.8,100,0,2025-10-07T06:38:08.000Z
"10/7/2025, 2:41:08 AM",3.639,80.8,100,0,2025-10-07T06:41:08.000Z
"10/7/2025, 2:44:08 AM",3.639,80.8,100,0,2025-10-07T06:44:08.000Z
"10/7/2025, 2:47:08 AM",3.639,80.8,100,0,2025-10-07T06:47:08.000Z
"10/7/2025, 2:50:08 AM",3.639,80.8,100,0,2025-10-07T06:50:08.000Z
"10/7/2025, 2:53:08 AM",3.639,80.8,100,0,2025-10-07T06:53:08.000Z
"10/7/2025, 2:56:08 AM",3.639,80.8,100,0,2025-10-07T06:56:08.000Z
"10/7/2025, 2:59:08 AM",3.639,80.8,100,0,2025-10-07T06:59:08.000Z
"10/7/2025, 3:02:08 AM",3.639,81,100,0,2025-10-07T07:02:08.000Z
"10/7/2025, 3:05:08 AM",3.639,80.8,100,0,2025-10-07T07:05:08.000Z
"10/7/2025, 3:08:08 AM",3.639,80.8,100,0,2025-10-07T07:08:08.000Z
"10/7/2025, 3:11:08 AM",3.639,80.8,100,0,2025-10-07T07:11:08.000Z
"10/7/2025, 3:14:08 AM",3.639,80.8,100,0,2025-10-07T07:14:08.000Z
"10/7/2025, 3:17:08 AM",3.639,80.8,100,0,2025-10-07T07:17:08.000Z
"10/7/2025, 3:20:08 AM",3.639,80.8,100,0,2025-10-07T07:20:08.000Z
"10/7/2025, 3:23:08 AM",3.639,80.8,100,0,2025-10-07T07:23:08.000Z
"10/7/2025, 3:26:08 AM",3.639,81,100,0,2025-10-07T07:26:08.000Z
"10/7/2025, 3:29:08 AM",3.639,81,100,0,2025-10-07T07:29:08.000Z
"10/7/2025, 3:32:08 AM",3.639,81,100,0,2025-10-07T07:32:08.000Z
"10/7/2025, 3:35:08 AM",3.639,80.8,100,0,2025-10-07T07:35:08.000Z
"10/7/2025, 3:38:08 AM",3.639,80.8,100,0,2025-10-07T07:38:08.000Z
"10/7/2025, 3:41:08 AM",3.639,80.8,100,0,2025-10-07T07:41:08.000Z
"10/7/2025, 3:44:08 AM",3.639,80.8,100,0,2025-10-07T07:44:08.000Z
"10/7/2025, 3:47:08 AM",3.639,80.8,100,0,2025-10-07T07:47:08.000Z
"10/7/2025, 3:50:08 AM",3.639,80.8,100,0,2025-10-07T07:50:08.000Z
"10/7/2025, 3:53:08 AM",3.639,80.6,100,0,2025-10-07T07:53:08.000Z
"10/7/2025, 3:56:08 AM",3.639,80.6,100,0,2025-10-07T07:56:08.000Z
"10/7/2025, 3:59:08 AM",3.639,80.6,100,0,2025-10-07T07:59:08.000Z
"10/7/2025, 4:02:08 AM",3.639,80.4,100,0,2025-10-07T08:02:08.000Z
"10/7/2025, 4:05:08 AM",3.639,80.4,100,0,2025-10-07T08:05:08.000Z
"10/7/2025, 4:08:08 AM",3.639,80.4,100,0,2025-10-07T08:08:08.000Z
"10/7/2025, 4:11:08 AM",3.639,80.4,100,0,2025-10-07T08:11:08.000Z
"10/7/2025, 4:14:08 AM",3.639,80.4,100,0,2025-10-07T08:14:08.000Z
"10/7/2025, 4:17:08 AM",3.639,80.4,100,0,2025-10-07T08:17:08.000Z
"10/7/2025, 4:20:08 AM",3.639,80.2,100,0,2025-10-07T08:20:08.000Z
"10/7/2025, 4:23:08 AM",3.639,80.2,100,0,2025-10-07T08:23:08.000Z
"10/7/2025, 4:26:08 AM",3.639,80.2,100,0,2025-10-07T08:26:08.000Z
"10/7/2025, 4:29:08 AM",3.639,80.2,100,0,2025-10-07T08:29:08.000Z
"10/7/2025, 4:32:08 AM",3.639,80.2,100,0,2025-10-07T08:32:08.000Z
"10/7/2025, 4:35:08 AM",3.639,80.2,100,0,2025-10-07T08:35:08.000Z
"10/7/2025, 4:38:08 AM",3.639,80.2,100,0,2025-10-07T08:38:08.000Z
"10/7/2025, 4:41:08 AM",3.639,80.1,100,0,2025-10-07T08:41:08.000Z
"10/7/2025, 4:44:08 AM",3.639,80.1,100,0,2025-10-07T08:44:08.000Z
"10/7/2025, 4:47:08 AM",3.639,80.1,100,0,2025-10-07T08:47:08.000Z
"10/7/2025, 4:50:08 AM",3.639,80.1,100,0,2025-10-07T08:50:08.000Z
"10/7/2025, 4:53:08 AM",3.639,80.1,100,0,2025-10-07T08:53:08.000Z
"10/7/2025, 4:56:08 AM",3.639,80.1,100,0,2025-10-07T08:56:08.000Z
"10/7/2025, 4:59:08 AM",3.639,79.9,100,0,2025-10-07T08:59:08.000Z
"10/7/2025, 5:02:08 AM",3.639,79.9,100,0,2025-10-07T09:02:08.000Z
"10/7/2025, 5:05:08 AM",3.639,79.9,100,0,2025-10-07T09:05:08.000Z
"10/7/2025, 5:08:08 AM",3.639,79.9,100,0,2025-10-07T09:08:08.000Z
"10/7/2025, 5:11:08 AM",3.639,79.9,100,0,2025-10-07T09:11:08.000Z
"10/7/2025, 5:14:08 AM",3.639,79.9,100,0,2025-10-07T09:14:08.000Z
"10/7/2025, 5:17:08 AM",3.639,79.9,100,0,2025-10-07T09:17:08.000Z
"10/7/2025, 5:20:08 AM",3.639,79.9,100,0,2025-10-07T09:20:08.000Z
"10/7/2025, 5:23:08 AM",3.639,79.9,100,0,2025-10-07T09:23:08.000Z
"10/7/2025, 5:26:08 AM",3.639,79.9,100,0,2025-10-07T09:26:08.000Z
"10/7/2025, 5:29:08 AM",3.639,79.9,100,0,2025-10-07T09:29:08.000Z
"10/7/2025, 5:32:08 AM",3.639,79.9,100,0,2025-10-07T09:32:08.000Z
"10/7/2025, 5:35:08 AM",3.639,79.9,100,0,2025-10-07T09:35:08.000Z
"10/7/2025, 5:38:08 AM",3.639,79.9,100,0,2025-10-07T09:38:08.000Z
"10/7/2025, 5:41:08 AM",3.639,79.9,100,0,2025-10-07T09:41:08.000Z
"10/7/2025, 5:44:08 AM",3.639,79.9,100,0,2025-10-07T09:44:08.000Z
"10/7/2025, 5:47:08 AM",3.639,79.9,100,0,2025-10-07T09:47:08.000Z
"10/7/2025, 5:50:08 AM",3.639,80.1,100,0,2025-10-07T09:50:08.000Z
"10/7/2025, 5:53:08 AM",3.639,80.1,100,0,2025-10-07T09:53:08.000Z
"10/7/2025, 5:56:08 AM",3.639,80.1,100,0,2025-10-07T09:56:08.000Z
"10/7/2025, 5:59:08 AM",3.639,80.1,100,0,2025-10-07T09:59:08.000Z
"10/7/2025, 6:02:08 AM",3.639,80.2,100,0,2025-10-07T10:02:08.000Z
"10/7/2025, 6:05:08 AM",3.638,80.2,100,0,2025-10-07T10:05:08.000Z
"10/7/2025, 6:08:08 AM",3.639,80.2,100,0,2025-10-07T10:08:08.000Z
"10/7/2025, 6:11:08 AM",3.639,80.2,100,0,2025-10-07T10:11:08.000Z
"10/7/2025, 6:14:08 AM",3.639,80.2,100,0,2025-10-07T10:14:08.000Z
"10/7/2025, 6:17:08 AM",3.639,80.2,100,0,2025-10-07T10:17:08.000Z
"10/7/2025, 6:20:08 AM",3.638,80.2,100,0,2025-10-07T10:20:08.000Z
"10/7/2025, 6:23:08 AM",3.638,80.2,100,0,2025-10-07T10:23:08.000Z
"10/7/2025, 6:26:08 AM",3.639,80.2,100,0,2025-10-07T10:26:08.000Z
"10/7/2025, 6:29:08 AM",3.638,80.2,100,0,2025-10-07T10:29:08.000Z
"10/7/2025, 6:32:08 AM",3.638,80.2,100,0,2025-10-07T10:32:08.000Z
"10/7/2025, 6:35:08 AM",3.639,80.1,100,0,2025-10-07T10:35:08.000Z
"10/7/2025, 6:38:08 AM",3.639,80.1,100,0,2025-10-07T10:38:08.000Z
"10/7/2025, 6:41:08 AM",3.639,80.1,100,0,2025-10-07T10:41:08.000Z
"10/7/2025, 6:44:08 AM",3.638,80.1,100,0,2025-10-07T10:44:08.000Z
"10/7/2025, 6:47:08 AM",3.639,79.9,100,0,2025-10-07T10:47:08.000Z
"10/7/2025, 6:50:08 AM",3.638,79.9,100,0,2025-10-07T10:50:08.000Z
"10/7/2025, 6:53:08 AM",3.638,79.7,100,0,2025-10-07T10:53:08.000Z
"10/7/2025, 6:56:08 AM",3.638,79.7,100,0,2025-10-07T10:56:08.000Z
"10/7/2025, 6:59:08 AM",3.639,79.7,100,0,2025-10-07T10:59:08.000Z
"10/7/2025, 7:02:08 AM",3.639,79.5,100,0,2025-10-07T11:02:08.000Z
"10/7/2025, 7:05:08 AM",3.639,79.5,100,0,2025-10-07T11:05:08.000Z
"10/7/2025, 7:08:08 AM",3.639,79.5,100,0,2025-10-07T11:08:08.000Z
"10/7/2025, 7:11:08 AM",3.638,79.5,100,0,2025-10-07T11:11:08.000Z
"10/7/2025, 7:14:08 AM",3.639,79.5,100,0,2025-10-07T11:14:08.000Z
"10/7/2025, 7:17:08 AM",3.639,79.5,100,0,2025-10-07T11:17:08.000Z
"10/7/2025, 7:20:08 AM",3.639,79.5,100,0,2025-10-07T11:20:08.000Z
"10/7/2025, 7:23:08 AM",3.638,79.5,100,0,2025-10-07T11:23:08.000Z
"10/7/2025, 7:26:08 AM",3.639,79.5,100,0,2025-10-07T11:26:08.000Z
"10/7/2025, 7:29:08 AM",3.639,79.5,100,0,2025-10-07T11:29:08.000Z
"10/7/2025, 7:32:08 AM",3.639,79.5,100,0,2025-10-07T11:32:08.000Z
"10/7/2025, 7:35:08 AM",3.639,79.5,100,0,2025-10-07T11:35:08.000Z
"10/7/2025, 7:38:08 AM",3.638,79.5,100,0,2025-10-07T11:38:08.000Z
"10/7/2025, 7:41:08 AM",3.638,79.5,100,0,2025-10-07T11:41:08.000Z
"10/7/2025, 7:44:08 AM",3.638,79.5,100,0,2025-10-07T11:44:08.000Z
"10/7/2025, 7:47:08 AM",3.638,79.5,100,0,2025-10-07T11:47:08.000Z
"10/7/2025, 7:50:08 AM",3.638,79.5,100,0,2025-10-07T11:50:08.000Z
"10/7/2025, 7:53:08 AM",3.639,79.5,100,0,2025-10-07T11:53:08.000Z
"10/7/2025, 7:56:08 AM",3.639,79.5,100,0,2025-10-07T11:56:08.000Z
"10/7/2025, 7:59:08 AM",3.639,79.3,100,0,2025-10-07T11:59:08.000Z
"10/7/2025, 8:02:08 AM",3.639,79.3,100,0,2025-10-07T12:02:08.000Z
"10/7/2025, 8:05:08 AM",3.639,79.3,100,0,2025-10-07T12:05:08.000Z
"10/7/2025, 8:08:08 AM",3.638,79.3,100,0,2025-10-07T12:08:08.000Z
"10/7/2025, 8:11:08 AM",3.638,79.3,100,0,2025-10-07T12:11:08.000Z
"10/7/2025, 8:14:08 AM",3.638,79.3,100,0,2025-10-07T12:14:08.000Z
"10/7/2025, 8:17:08 AM",3.639,79.3,100,0,2025-10-07T12:17:08.000Z
"10/7/2025, 8:20:08 AM",3.639,79.3,100,0,2025-10-07T12:20:08.000Z
"10/7/2025, 8:23:08 AM",3.639,79.3,100,0,2025-10-07T12:23:08.000Z
"10/7/2025, 8:26:08 AM",3.639,79.3,100,0,2025-10-07T12:26:08.000Z
"10/7/2025, 8:29:08 AM",3.639,79.3,100,0,2025-10-07T12:29:08.000Z
"10/7/2025, 8:32:08 AM",3.639,79.3,100,0,2025-10-07T12:32:08.000Z
"10/7/2025, 8:35:08 AM",3.639,79.3,100,0,2025-10-07T12:35:08.000Z
"10/7/2025, 8:38:08 AM",3.638,79.3,100,0,2025-10-07T12:38:08.000Z
"10/7/2025, 8:41:08 AM",3.639,79.3,100,0,2025-10-07T12:41:08.000Z
"10/7/2025, 8:44:08 AM",3.639,79.3,100,0,2025-10-07T12:44:08.000Z
"10/7/2025, 8:47:08 AM",3.638,79.5,100,0,2025-10-07T12:47:08.000Z
"10/7/2025, 8:50:08 AM",3.638,79.5,100,0,2025-10-07T12:50:08.000Z
"10/7/2025, 8:53:08 AM",3.639,79.5,100,0,2025-10-07T12:53:08.000Z
"10/7/2025, 8:56:08 AM",3.638,79.5,100,0,2025-10-07T12:56:08.000Z
"10/7/2025, 8:59:08 AM",3.638,79.7,100,0,2025-10-07T12:59:08.000Z
"10/7/2025, 9:02:08 AM",3.639,79.9,100,0,2025-10-07T13:02:08.000Z
"10/7/2025, 9:05:08 AM",3.639,79.9,100,0,2025-10-07T13:05:08.000Z
"10/7/2025, 9:08:08 AM",3.638,80.1,100,0,2025-10-07T13:08:08.000Z
"10/7/2025, 9:11:08 AM",3.639,80.1,100,0,2025-10-07T13:11:08.000Z
"10/7/2025, 9:14:08 AM",3.639,80.1,100,0,2025-10-07T13:14:08.000Z
"10/7/2025, 9:17:08 AM",3.638,80.1,100,0,2025-10-07T13:17:08.000Z
"10/7/2025, 9:20:08 AM",3.639,80.1,100,0,2025-10-07T13:20:08.000Z
"10/7/2025, 9:23:08 AM",3.638,80.2,100,0,2025-10-07T13:23:08.000Z
"10/7/2025, 9:26:08 AM",3.638,80.2,100,0,2025-10-07T13:26:08.000Z
"10/7/2025, 9:29:08 AM",3.638,80.2,100,0,2025-10-07T13:29:08.000Z
"10/7/2025, 9:32:08 AM",3.639,80.2,100,0,2025-10-07T13:32:08.000Z
"10/7/2025, 9:35:08 AM",3.639,80.2,100,0,2025-10-07T13:35:08.000Z
"10/7/2025, 9:38:08 AM",3.638,80.4,100,0,2025-10-07T13:38:08.000Z
"10/7/2025, 9:41:08 AM",3.639,80.4,100,0,2025-10-07T13:41:08.000Z
"10/7/2025, 9:44:08 AM",3.638,80.4,100,0,2025-10-07T13:44:08.000Z
"10/7/2025, 9:47:08 AM",3.639,80.6,100,0,2025-10-07T13:47:08.000Z
"10/7/2025, 9:50:08 AM",3.638,80.6,100,0,2025-10-07T13:50:08.000Z
"10/7/2025, 9:53:08 AM",3.638,80.6,100,0,2025-10-07T13:53:08.000Z
"10/7/2025, 9:56:08 AM",3.638,80.6,100,0,2025-10-07T13:56:08.000Z
"10/7/2025, 9:59:08 AM",3.638,80.6,100,0,2025-10-07T13:59:08.000Z
"10/7/2025, 10:02:08 AM",3.638,80.6,100,0,2025-10-07T14:02:08.000Z
"10/7/2025, 10:05:08 AM",3.638,80.6,100,0,2025-10-07T14:05:08.000Z
"10/7/2025, 10:08:08 AM",3.638,80.6,100,0,2025-10-07T14:08:08.000Z
"10/7/2025, 10:11:08 AM",3.638,80.4,100,0,2025-10-07T14:11:08.000Z
"10/7/2025, 10:14:08 AM",3.638,80.4,100,0,2025-10-07T14:14:08.000Z
"10/7/2025, 10:17:08 AM",3.638,80.4,100,0,2025-10-07T14:17:08.000Z
"10/7/2025, 10:20:08 AM",3.639,80.6,100,0,2025-10-07T14:20:08.000Z
"10/7/2025, 10:23:08 AM",3.638,80.6,100,0,2025-10-07T14:23:08.000Z
"10/7/2025, 10:26:08 AM",3.638,80.6,100,0,2025-10-07T14:26:08.000Z
"10/7/2025, 10:29:08 AM",3.638,80.6,100,0,2025-10-07T14:29:08.000Z
"10/7/2025, 10:32:08 AM",3.638,80.6,100,0,2025-10-07T14:32:08.000Z
"10/7/2025, 10:35:08 AM",3.639,80.8,100,0,2025-10-07T14:35:08.000Z
"10/7/2025, 10:38:08 AM",3.638,80.8,100,0,2025-10-07T14:38:08.000Z
"10/7/2025, 10:41:08 AM",3.638,80.8,100,0,2025-10-07T14:41:08.000Z
"10/7/2025, 10:44:08 AM",3.638,81,100,0,2025-10-07T14:44:08.000Z
"10/7/2025, 10:47:08 AM",3.639,81,100,0,2025-10-07T14:47:08.000Z
"10/7/2025, 10:50:08 AM",3.638,81,100,0,2025-10-07T14:50:08.000Z
"10/7/2025, 10:53:08 AM",3.638,81.1,100,0,2025-10-07T14:53:08.000Z
"10/7/2025, 10:56:08 AM",3.638,81.1,100,0,2025-10-07T14:56:08.000Z
"10/7/2025, 10:59:08 AM",3.639,81.1,100,0,2025-10-07T14:59:08.000Z
"10/7/2025, 11:02:08 AM",3.638,81.1,100,0,2025-10-07T15:02:08.000Z
"10/7/2025, 11:05:08 AM",3.638,81.1,100,0,2025-10-07T15:05:08.000Z
"10/7/2025, 11:08:08 AM",3.638,81.1,100,0,2025-10-07T15:08:08.000Z
"10/7/2025, 11:11:08 AM",3.638,81.1,100,0,2025-10-07T15:11:08.000Z
"10/7/2025, 11:14:08 AM",3.638,81.1,100,0,2025-10-07T15:14:08.000Z
"10/7/2025, 11:17:08 AM",3.638,81.1,100,0,2025-10-07T15:17:08.000Z
"10/7/2025, 11:20:08 AM",3.638,81.1,100,0,2025-10-07T15:20:08.000Z
"10/7/2025, 11:23:08 AM",3.638,81.1,100,0,2025-10-07T15:23:08.000Z
"10/7/2025, 11:26:08 AM",3.638,81.1,100,0,2025-10-07T15:26:08.000Z
"10/7/2025, 11:29:08 AM",3.638,81.1,100,0,2025-10-07T15:29:08.000Z
"10/7/2025, 11:32:08 AM",3.638,81,100,0,2025-10-07T15:32:08.000Z
"10/7/2025, 11:35:08 AM",3.638,81,100,0,2025-10-07T15:35:08.000Z
"10/7/2025, 11:38:08 AM",3.638,81,100,0,2025-10-07T15:38:08.000Z
"10/7/2025, 11:41:08 AM",3.638,81,100,0,2025-10-07T15:41:08.000Z
"10/7/2025, 11:44:08 AM",3.638,81,100,0,2025-10-07T15:44:08.000Z
"10/7/2025, 11:47:08 AM",3.638,81,100,0,2025-10-07T15:47:08.000Z
"10/7/2025, 11:50:08 AM",3.638,81,100,0,2025-10-07T15:50:08.000Z
"10/7/2025, 11:53:08 AM",3.638,81,100,0,2025-10-07T15:53:08.000Z
"10/7/2025, 11:56:08 AM",3.638,81,100,0,2025-10-07T15:56:08.000Z
"10/7/2025, 11:59:08 AM",3.638,81,100,0,2025-10-07T15:59:08.000Z
"10/7/2025, 12:02:08 PM",3.638,81,100,0,2025-10-07T16:02:08.000Z
"10/7/2025, 12:05:08 PM",3.638,81,100,0,2025-10-07T16:05:08.000Z
"10/7/2025, 12:08:08 PM",3.638,81,100,0,2025-10-07T16:08:08.000Z
"10/7/2025, 12:11:08 PM",3.638,81,100,0,2025-10-07T16:11:08.000Z
"10/7/2025, 12:14:08 PM",3.638,81,100,0,2025-10-07T16:14:08.000Z
"10/7/2025, 12:17:08 PM",3.638,81,100,0,2025-10-07T16:17:08.000Z
"10/7/2025, 12:20:08 PM",3.638,81,100,0,2025-10-07T16:20:08.000Z
"10/7/2025, 12:23:08 PM",3.638,81,100,0,2025-10-07T16:23:08.000Z
"10/7/2025, 12:26:08 PM",3.638,81,100,0,2025-10-07T16:26:08.000Z
"10/7/2025, 12:29:08 PM",3.638,81,100,0,2025-10-07T16:29:08.000Z
"10/7/2025, 12:32:08 PM",3.638,81,100,0,2025-10-07T16:32:08.000Z
"10/7/2025, 12:35:08 PM",3.638,81.1,100,0,2025-10-07T16:35:08.000Z
"10/7/2025, 12:38:08 PM",3.638,81.1,100,0,2025-10-07T16:38:08.000Z
"10/7/2025, 12:41:08 PM",3.638,81.1,100,0,2025-10-07T16:41:08.000Z
"10/7/2025, 12:44:08 PM",3.638,81.1,100,0,2025-10-07T16:44:08.000Z
"10/7/2025, 12:47:08 PM",3.638,81.1,100,0,2025-10-07T16:47:08.000Z
"10/7/2025, 12:50:08 PM",3.638,81.1,100,0,2025-10-07T16:50:08.000Z
"10/7/2025, 12:53:08 PM",3.638,81.1,100,0,2025-10-07T16:53:08.000Z
"10/7/2025, 12:56:08 PM",3.639,81,100,0,2025-10-07T16:56:08.000Z
"10/7/2025, 12:59:08 PM",3.638,81,100,0,2025-10-07T16:59:08.000Z
"10/7/2025, 1:02:08 PM",3.638,81,100,0,2025-10-07T17:02:08.000Z
"10/7/2025, 1:05:08 PM",3.638,81,100,0,2025-10-07T17:05:08.000Z
"10/7/2025, 1:08:08 PM",3.638,81,100,0,2025-10-07T17:08:08.000Z
"10/7/2025, 1:11:08 PM",3.638,81,100,0,2025-10-07T17:11:08.000Z
"10/7/2025, 1:14:08 PM",3.638,81,100,0,2025-10-07T17:14:08.000Z
"10/7/2025, 1:17:08 PM",3.638,81,100,0,2025-10-07T17:17:08.000Z
"10/7/2025, 1:20:08 PM",3.638,81,100,0,2025-10-07T17:20:08.000Z
"10/7/2025, 1:23:08 PM",3.638,81,100,0.4,2025-10-07T17:23:08.000Z
"10/7/2025, 1:26:08 PM",3.638,81,100,0.4,2025-10-07T17:26:08.000Z
"10/7/2025, 1:29:08 PM",3.638,81,100,0,2025-10-07T17:29:08.000Z
"10/7/2025, 1:32:08 PM",3.638,81,100,0,2025-10-07T17:32:08.000Z
"10/7/2025, 1:35:08 PM",3.638,81,100,0,2025-10-07T17:35:08.000Z
"10/7/2025, 1:38:08 PM",3.638,81,100,0,2025-10-07T17:38:08.000Z
"10/7/2025, 1:41:08 PM",3.638,81,100,0,2025-10-07T17:41:08.000Z
"10/7/2025, 1:44:08 PM",3.638,81,100,0,2025-10-07T17:44:08.000Z
"10/7/2025, 1:47:08 PM",3.638,81,100,0,2025-10-07T17:47:08.000Z
"10/7/2025, 1:50:08 PM",3.638,80.8,100,0,2025-10-07T17:50:08.000Z
"10/7/2025, 1:53:08 PM",3.638,80.6,100,0,2025-10-07T17:53:08.000Z
"10/7/2025, 1:56:08 PM",3.638,80.6,100,0,2025-10-07T17:56:08.000Z
"10/7/2025, 1:59:08 PM",3.638,80.4,100,0,2025-10-07T17:59:08.000Z
"10/7/2025, 2:02:08 PM",3.638,80.4,100,0,2025-10-07T18:02:08.000Z
"10/7/2025, 2:05:08 PM",3.638,80.4,100,0,2025-10-07T18:05:08.000Z
"10/7/2025, 2:08:08 PM",3.638,80.4,100,0,2025-10-07T18:08:08.000Z
"10/7/2025, 2:11:08 PM",3.638,80.2,100,0,2025-10-07T18:11:08.000Z
"10/7/2025, 2:14:08 PM",3.638,80.2,100,0,2025-10-07T18:14:08.000Z
"10/7/2025, 2:17:08 PM",3.638,80.2,100,0,2025-10-07T18:17:08.000Z
"10/7/2025, 2:20:08 PM",3.638,80.2,100,0,2025-10-07T18:20:08.000Z
"10/7/2025, 2:23:08 PM",3.639,80.1,100,0,2025-10-07T18:23:08.000Z
"10/7/2025, 2:26:08 PM",3.638,80.1,100,0,2025-10-07T18:26:08.000Z
"10/7/2025, 2:29:08 PM",3.638,80.1,100,0,2025-10-07T18:29:08.000Z
"10/7/2025, 2:32:08 PM",3.638,79.9,100,0,2025-10-07T18:32:08.000Z
"10/7/2025, 2:35:08 PM",3.638,79.9,100,0,2025-10-07T18:35:08.000Z
"10/7/2025, 2:38:08 PM",3.638,79.7,100,0,2025-10-07T18:38:08.000Z
"10/7/2025, 2:41:08 PM",3.638,79.7,100,0,2025-10-07T18:41:08.000Z
"10/7/2025, 2:44:08 PM",3.638,79.5,100,0,2025-10-07T18:44:08.000Z
"10/7/2025, 2:47:08 PM",3.638,79.5,100,0,2025-10-07T18:47:08.000Z
"10/7/2025, 2:50:08 PM",3.638,79.5,100,0,2025-10-07T18:50:08.000Z
"10/7/2025, 2:53:08 PM",3.638,79.3,100,0,2025-10-07T18:53:08.000Z
"10/7/2025, 2:56:08 PM",3.638,79.3,100,0,2025-10-07T18:56:08.000Z
"10/7/2025, 2:59:08 PM",3.638,79.3,100,0,2025-10-07T18:59:08.000Z
"10/7/2025, 3:02:08 PM",3.638,79.3,100,0,2025-10-07T19:02:08.000Z
"10/7/2025, 3:05:08 PM",3.638,79.2,100,0,2025-10-07T19:05:08.000Z
"10/7/2025, 3:08:08 PM",3.638,79.2,100,0,2025-10-07T19:08:08.000Z
"10/7/2025, 3:11:08 PM",3.638,79.2,100,0,2025-10-07T19:11:08.000Z
"10/7/2025, 3:14:08 PM",3.638,79.3,100,0,2025-10-07T19:14:08.000Z
"10/7/2025, 3:17:08 PM",3.638,79.3,100,0,2025-10-07T19:17:08.000Z
"10/7/2025, 3:20:08 PM",3.638,79.3,100,0,2025-10-07T19:20:08.000Z
"10/7/2025, 3:23:08 PM",3.638,79.3,100,0,2025-10-07T19:23:08.000Z
"10/7/2025, 3:26:08 PM",3.639,79.3,100,0,2025-10-07T19:26:08.000Z
"10/7/2025, 3:29:08 PM",3.638,79.3,100,0,2025-10-07T19:29:08.000Z
"10/7/2025, 3:32:08 PM",3.639,79.3,100,0,2025-10-07T19:32:08.000Z
"10/7/2025, 3:35:08 PM",3.638,79.5,100,0,2025-10-07T19:35:08.000Z
"10/7/2025, 3:38:08 PM",3.638,79.5,100,0.4,2025-10-07T19:38:08.000Z
"10/7/2025, 3:41:08 PM",3.638,79.5,100,0,2025-10-07T19:41:08.000Z
"10/7/2025, 3:44:08 PM",3.638,79.5,100,0.4,2025-10-07T19:44:08.000Z
"10/7/2025, 3:47:08 PM",3.638,79.5,100,0.4,2025-10-07T19:47:08.000Z
"10/7/2025, 3:50:08 PM",3.638,79.5,100,0.4,2025-10-07T19:50:08.000Z
"10/7/2025, 3:53:08 PM",3.638,79.5,100,0.4,2025-10-07T19:53:08.000Z
"10/7/2025, 3:56:08 PM",3.638,79.5,100,0.4,2025-10-07T19:56:08.000Z
"10/7/2025, 3:59:08 PM",3.638,79.5,100,0.4,2025-10-07T19:59:08.000Z
"10/7/2025, 4:02:08 PM",3.638,79.5,100,0.4,2025-10-07T20:02:08.000Z
"10/7/2025, 4:05:08 PM",3.638,79.5,100,0.4,2025-10-07T20:05:08.000Z
"10/7/2025, 4:08:08 PM",3.638,79.5,100,0,2025-10-07T20:08:08.000Z
"10/7/2025, 4:11:08 PM",3.638,79.7,100,0,2025-10-07T20:11:08.000Z
"10/7/2025, 4:14:08 PM",3.638,79.9,100,0,2025-10-07T20:14:08.000Z
"10/7/2025, 4:17:08 PM",3.638,80.1,100,0,2025-10-07T20:17:08.000Z
"10/7/2025, 4:20:08 PM",3.638,80.2,100,0,2025-10-07T20:20:08.000Z
"10/7/2025, 4:23:08 PM",3.638,80.4,100,0,2025-10-07T20:23:08.000Z
"10/7/2025, 4:26:08 PM",3.638,80.6,100,0,2025-10-07T20:26:08.000Z
"10/7/2025, 4:29:08 PM",3.637,80.6,100,0,2025-10-07T20:29:08.000Z
"10/7/2025, 4:32:08 PM",3.638,80.8,100,0,2025-10-07T20:32:08.000Z
"10/7/2025, 4:35:08 PM",3.638,81,100,0,2025-10-07T20:35:08.000Z
"10/7/2025, 4:38:08 PM",3.638,81.1,100,0,2025-10-07T20:38:08.000Z
"10/7/2025, 4:41:08 PM",3.638,81.3,100,0,2025-10-07T20:41:08.000Z
"10/7/2025, 4:44:08 PM",3.638,81.3,100,0,2025-10-07T20:44:08.000Z
"10/7/2025, 4:47:08 PM",3.638,81.5,100,0,2025-10-07T20:47:08.000Z
"10/7/2025, 4:50:08 PM",3.638,81.7,100,0,2025-10-07T20:50:08.000Z
"10/7/2025, 4:53:08 PM",3.638,81.7,100,0,2025-10-07T20:53:08.000Z
"10/7/2025, 4:56:08 PM",3.638,81.9,100,0,2025-10-07T20:56:08.000Z
"10/7/2025, 4:59:08 PM",3.638,81.9,100,0,2025-10-07T20:59:08.000Z
"10/7/2025, 5:02:08 PM",3.638,82,100,0,2025-10-07T21:02:08.000Z
"10/7/2025, 5:05:08 PM",3.637,82.2,100,0,2025-10-07T21:05:08.000Z
"10/7/2025, 5:08:08 PM",3.638,82.4,100,0,2025-10-07T21:08:08.000Z
"10/7/2025, 5:11:08 PM",3.638,82.6,100,0,2025-10-07T21:11:08.000Z
"10/7/2025, 5:14:08 PM",3.638,82.8,100,0,2025-10-07T21:14:08.000Z
"10/7/2025, 5:17:08 PM",3.638,82.9,100,0,2025-10-07T21:17:08.000Z
"10/7/2025, 5:20:08 PM",3.638,82.9,100,0,2025-10-07T21:20:08.000Z
"10/7/2025, 5:23:08 PM",3.637,82.9,100,0,2025-10-07T21:23:08.000Z
"10/7/2025, 5:26:08 PM",3.638,83.1,100,0,2025-10-07T21:26:08.000Z
"10/7/2025, 5:29:08 PM",3.638,83.1,100,0,2025-10-07T21:29:08.000Z
"10/7/2025, 5:32:08 PM",3.638,83.1,100,0,2025-10-07T21:32:08.000Z
"10/7/2025, 5:35:08 PM",3.638,83.3,100,0,2025-10-07T21:35:08.000Z
"10/7/2025, 5:38:08 PM",3.638,83.3,100,0,2025-10-07T21:38:08.000Z
"10/7/2025, 5:41:08 PM",3.638,83.3,100,0,2025-10-07T21:41:08.000Z
"10/7/2025, 5:44:08 PM",3.637,83.5,100,0,2025-10-07T21:44:08.000Z
"10/7/2025, 5:47:08 PM",3.638,83.5,100,0,2025-10-07T21:47:08.000Z
"10/7/2025, 5:50:08 PM",3.638,83.5,100,0,2025-10-07T21:50:08.000Z
"10/7/2025, 5:53:08 PM",3.638,83.7,100,0,2025-10-07T21:53:08.000Z
"10/7/2025, 5:56:08 PM",3.638,83.7,100,0,2025-10-07T21:56:08.000Z
"10/7/2025, 5:59:08 PM",3.638,83.7,100,0,2025-10-07T21:59:08.000Z
"10/7/2025, 6:02:08 PM",3.638,83.8,100,0,2025-10-07T22:02:08.000Z
"10/7/2025, 6:05:08 PM",3.638,83.8,100,0,2025-10-07T22:05:08.000Z
"10/7/2025, 6:08:08 PM",3.637,83.8,100,0,2025-10-07T22:08:08.000Z
"10/7/2025, 6:11:08 PM",3.638,83.8,100,0,2025-10-07T22:11:08.000Z
"10/7/2025, 6:14:08 PM",3.638,84,100,0,2025-10-07T22:14:08.000Z
"10/7/2025, 6:17:08 PM",3.638,83.8,100,0,2025-10-07T22:17:08.000Z
"10/7/2025, 6:20:08 PM",3.638,83.8,100,0,2025-10-07T22:20:08.000Z
"10/7/2025, 6:23:08 PM",3.638,83.8,100,0,2025-10-07T22:23:08.000Z
"10/7/2025, 6:26:08 PM",3.638,83.8,100,0,2025-10-07T22:26:08.000Z
"10/7/2025, 6:29:08 PM",3.638,83.8,100,0,2025-10-07T22:29:08.000Z
"10/7/2025, 6:32:08 PM",3.638,83.7,100,0,2025-10-07T22:32:08.000Z
"10/7/2025, 6:35:08 PM",3.637,83.7,100,0,2025-10-07T22:35:08.000Z
"10/7/2025, 6:38:08 PM",3.638,83.7,100,0,2025-10-07T22:38:08.000Z
"10/7/2025, 6:41:08 PM",3.638,83.5,100,0,2025-10-07T22:41:08.000Z
"10/7/2025, 6:44:08 PM",3.638,83.3,100,0,2025-10-07T22:44:08.000Z
"10/7/2025, 6:47:08 PM",3.638,83.3,100,0,2025-10-07T22:47:08.000Z
"10/7/2025, 6:50:08 PM",3.637,83.1,100,0,2025-10-07T22:50:08.000Z
"10/7/2025, 6:53:08 PM",3.638,83.1,100,0,2025-10-07T22:53:08.000Z
"10/7/2025, 6:56:08 PM",3.638,82.9,100,0,2025-10-07T22:56:08.000Z
"10/7/2025, 6:59:08 PM",3.638,82.8,100,0,2025-10-07T22:59:08.000Z
"10/7/2025, 7:02:08 PM",3.638,82.6,100,0,2025-10-07T23:02:08.000Z
"10/7/2025, 7:05:08 PM",3.638,82.4,100,0,2025-10-07T23:05:08.000Z
"10/7/2025, 7:08:08 PM",3.637,82.4,100,0,2025-10-07T23:08:08.000Z
"10/7/2025, 7:11:08 PM",3.638,82.4,100,0,2025-10-07T23:11:08.000Z
"10/7/2025, 7:14:08 PM",3.638,82.2,100,0,2025-10-07T23:14:08.000Z
"10/7/2025, 7:17:08 PM",3.638,82.2,100,0,2025-10-07T23:17:08.000Z
"10/7/2025, 7:20:08 PM",3.638,82.2,100,0,2025-10-07T23:20:08.000Z
"10/7/2025, 7:23:08 PM",3.637,82.2,100,0,2025-10-07T23:23:08.000Z
"10/7/2025, 7:26:08 PM",3.637,82.2,100,0,2025-10-07T23:26:08.000Z
"10/7/2025, 7:29:08 PM",3.638,82.2,100,0,2025-10-07T23:29:08.000Z
"10/7/2025, 7:32:08 PM",3.638,82.2,100,0,2025-10-07T23:32:08.000Z
"10/7/2025, 7:35:08 PM",3.638,82.2,100,0,2025-10-07T23:35:08.000Z
"10/7/2025, 7:38:08 PM",3.638,82.2,100,0,2025-10-07T23:38:08.000Z
"10/7/2025, 7:41:08 PM",3.638,82.2,100,0,2025-10-07T23:41:08.000Z
"10/7/2025, 7:44:08 PM",3.638,82.2,100,0,2025-10-07T23:44:08.000Z
"10/7/2025, 7:47:08 PM",3.637,82.2,100,0,2025-10-07T23:47:08.000Z
"10/7/2025, 7:50:08 PM",3.637,82.2,100,0,2025-10-07T23:50:08.000Z
"10/7/2025, 7:53:08 PM",3.637,82.2,100,0,2025-10-07T23:53:08.000Z
"10/7/2025, 7:56:08 PM",3.638,82.2,100,0,2025-10-07T23:56:08.000Z
"10/7/2025, 7:59:08 PM",3.638,82.2,100,0,2025-10-07T23:59:08.000Z
"10/7/2025, 8:02:08 PM",3.638,82.2,100,0,2025-10-08T00:02:08.000Z
"10/7/2025, 8:05:08 PM",3.638,82.2,100,0,2025-10-08T00:05:08.000Z
"10/7/2025, 8:08:08 PM",3.638,82,100,0,2025-10-08T00:08:08.000Z
"10/7/2025, 8:11:08 PM",3.638,82,100,0,2025-10-08T00:11:08.000Z
"10/7/2025, 8:14:08 PM",3.637,82,100,0,2025-10-08T00:14:08.000Z
"10/7/2025, 8:17:08 PM",3.638,82,100,0,2025-10-08T00:17:08.000Z
"10/7/2025, 8:20:08 PM",3.638,82,100,0,2025-10-08T00:20:08.000Z
"10/7/2025, 8:23:08 PM",3.638,82,100,0,2025-10-08T00:23:08.000Z
"10/7/2025, 8:26:08 PM",3.637,81.7,100,0,2025-10-08T00:26:08.000Z
"10/7/2025, 8:29:08 PM",3.637,81.1,100,0,2025-10-08T00:29:08.000Z
"10/7/2025, 8:32:08 PM",3.638,80.8,100,0,2025-10-08T00:32:08.000Z
"10/7/2025, 8:35:08 PM",3.637,80.4,100,0,2025-10-08T00:35:08.000Z
"10/7/2025, 8:38:08 PM",3.637,80.1,100,0,2025-10-08T00:38:08.000Z
"10/7/2025, 8:41:08 PM",3.637,79.9,100,0,2025-10-08T00:41:08.000Z
"10/7/2025, 8:44:08 PM",3.638,79.5,100,0,2025-10-08T00:44:08.000Z
"10/7/2025, 8:47:08 PM",3.637,79.2,100,0,2025-10-08T00:47:08.000Z
"10/7/2025, 8:50:08 PM",3.638,79,100,0,2025-10-08T00:50:08.000Z
"10/7/2025, 8:53:08 PM",3.638,78.6,100,0,2025-10-08T00:53:08.000Z
"10/7/2025, 8:56:08 PM",3.638,78.4,100,0,2025-10-08T00:56:08.000Z
"10/7/2025, 8:59:08 PM",3.637,78.3,100,0,2025-10-08T00:59:08.000Z
"10/7/2025, 9:02:08 PM",3.638,78.1,100,0,2025-10-08T01:02:08.000Z
"10/7/2025, 9:05:08 PM",3.638,77.7,100,0,2025-10-08T01:05:08.000Z
"10/7/2025, 9:08:08 PM",3.638,77.5,100,0,2025-10-08T01:08:08.000Z
"10/7/2025, 9:11:08 PM",3.638,77.5,100,0,2025-10-08T01:11:08.000Z
"10/7/2025, 9:14:08 PM",3.638,77.4,100,0,2025-10-08T01:14:08.000Z
"10/7/2025, 9:17:08 PM",3.637,77.2,100,0,2025-10-08T01:17:08.000Z
"10/7/2025, 9:20:08 PM",3.638,77.2,100,0,2025-10-08T01:20:08.000Z
"10/7/2025, 9:23:08 PM",3.638,77,100,0,2025-10-08T01:23:08.000Z
"10/7/2025, 9:26:08 PM",3.638,77,100,0,2025-10-08T01:26:08.000Z
"10/7/2025, 9:29:08 PM",3.638,77,100,0,2025-10-08T01:29:08.000Z
"10/7/2025, 9:32:08 PM",3.638,77,100,0,2025-10-08T01:32:08.000Z
"10/7/2025, 9:35:08 PM",3.637,77,100,0,2025-10-08T01:35:08.000Z
"10/7/2025, 9:38:08 PM",3.638,76.8,100,0,2025-10-08T01:38:08.000Z
"10/7/2025, 9:41:08 PM",3.638,76.8,100,0,2025-10-08T01:41:08.000Z
"10/7/2025, 9:44:08 PM",3.638,76.8,100,0,2025-10-08T01:44:08.000Z
"10/7/2025, 9:47:08 PM",3.638,76.8,100,0,2025-10-08T01:47:08.000Z
"10/7/2025, 9:50:08 PM",3.638,76.8,100,0,2025-10-08T01:50:08.000Z
"10/7/2025, 9:53:08 PM",3.638,76.6,100,0,2025-10-08T01:53:08.000Z
"10/7/2025, 9:56:08 PM",3.637,76.6,100,0,2025-10-08T01:56:08.000Z
"10/7/2025, 9:59:08 PM",3.638,76.6,100,0,2025-10-08T01:59:08.000Z
"10/7/2025, 10:02:08 PM",3.638,76.5,100,0,2025-10-08T02:02:08.000Z
"10/7/2025, 10:05:08 PM",3.638,76.5,100,0,2025-10-08T02:05:08.000Z
"10/7/2025, 10:08:08 PM",3.638,76.5,100,0,2025-10-08T02:08:08.000Z
"10/7/2025, 10:11:08 PM",3.638,76.5,100,0,2025-10-08T02:11:08.000Z
"10/7/2025, 10:14:08 PM",3.638,76.5,100,0,2025-10-08T02:14:08.000Z
"10/7/2025, 10:17:08 PM",3.637,76.5,100,0,2025-10-08T02:17:08.000Z
"10/7/2025, 10:20:08 PM",3.638,76.5,100,0,2025-10-08T02:20:08.000Z
"10/7/2025, 10:23:08 PM",3.638,76.5,100,0,2025-10-08T02:23:08.000Z
"10/7/2025, 10:26:08 PM",3.637,76.5,100,0,2025-10-08T02:26:08.000Z
"10/7/2025, 10:29:08 PM",3.638,76.5,100,0,2025-10-08T02:29:08.000Z
"10/7/2025, 10:32:08 PM",3.637,76.3,100,0,2025-10-08T02:32:08.000Z
"10/7/2025, 10:35:08 PM",3.638,76.3,100,0,2025-10-08T02:35:08.000Z
"10/7/2025, 10:38:08 PM",3.638,76.3,100,0,2025-10-08T02:38:08.000Z
"10/7/2025, 10:41:08 PM",3.638,76.3,100,0,2025-10-08T02:41:08.000Z
"10/7/2025, 10:44:08 PM",3.638,76.1,100,0,2025-10-08T02:44:08.000Z
"10/7/2025, 10:47:08 PM",3.638,75.9,100,0,2025-10-08T02:47:08.000Z
"10/7/2025, 10:50:08 PM",3.638,75.9,100,0,2025-10-08T02:50:08.000Z
"10/7/2025, 10:53:08 PM",3.638,75.7,100,0,2025-10-08T02:53:08.000Z
"10/7/2025, 10:56:08 PM",3.637,75.7,100,0,2025-10-08T02:56:08.000Z
"10/7/2025, 10:59:08 PM",3.637,75.7,100,0,2025-10-08T02:59:08.000Z
"10/7/2025, 11:02:08 PM",3.638,75.6,100,0,2025-10-08T03:02:08.000Z
"10/7/2025, 11:05:08 PM",3.638,75.6,100,0,2025-10-08T03:05:08.000Z
"10/7/2025, 11:08:08 PM",3.638,75.6,100,0,2025-10-08T03:08:08.000Z
"10/7/2025, 11:11:08 PM",3.638,75.6,100,0,2025-10-08T03:11:08.000Z
"10/7/2025, 11:14:08 PM",3.637,75.6,100,0,2025-10-08T03:14:08.000Z
"10/7/2025, 11:17:08 PM",3.637,75.4,100,0,2025-10-08T03:17:08.000Z
"10/7/2025, 11:20:08 PM",3.638,75.2,100,0,2025-10-08T03:20:08.000Z
"10/7/2025, 11:23:08 PM",3.637,75.2,100,0,2025-10-08T03:23:08.000Z
"10/7/2025, 11:26:08 PM",3.638,75.4,100,0,2025-10-08T03:26:08.000Z
"10/7/2025, 11:29:08 PM",3.638,75.2,100,0,2025-10-08T03:29:08.000Z
"10/7/2025, 11:32:08 PM",3.638,75.2,100,0,2025-10-08T03:32:08.000Z
"10/7/2025, 11:35:08 PM",3.638,75,100,0,2025-10-08T03:35:08.000Z
"10/7/2025, 11:38:08 PM",3.637,75,100,0,2025-10-08T03:38:08.000Z
"10/7/2025, 11:41:08 PM",3.637,75,100,0,2025-10-08T03:41:08.000Z
"10/7/2025, 11:44:08 PM",3.638,74.8,100,0,2025-10-08T03:44:08.000Z
"10/7/2025, 11:47:08 PM",3.638,74.7,100,0,2025-10-08T03:47:08.000Z
"10/7/2025, 11:50:08 PM",3.637,74.7,100,0,2025-10-08T03:50:08.000Z
"10/7/2025, 11:53:08 PM",3.638,74.7,100,0,2025-10-08T03:53:08.000Z
"10/7/2025, 11:56:08 PM",3.637,74.5,100,0,2025-10-08T03:56:08.000Z
"10/7/2025, 11:59:08 PM",3.638,74.5,100,0,2025-10-08T03:59:08.000Z
"10/8/2025, 12:02:08 AM",3.638,74.3,100,0,2025-10-08T04:02:08.000Z
"10/8/2025, 12:05:08 AM",3.637,74.3,100,0,2025-10-08T04:05:08.000Z
"10/8/2025, 12:08:08 AM",3.637,74.1,100,0,2025-10-08T04:08:08.000Z
"10/8/2025, 12:11:08 AM",3.638,73.9,100,0,2025-10-08T04:11:08.000Z
"10/8/2025, 12:14:08 AM",3.637,73.8,100,0,2025-10-08T04:14:08.000Z
"10/8/2025, 12:17:08 AM",3.637,73.6,100,0,2025-10-08T04:17:08.000Z
"10/8/2025, 12:20:08 AM",3.638,73.2,100,0,2025-10-08T04:20:08.000Z
"10/8/2025, 12:23:08 AM",3.638,73.2,100,0,2025-10-08T04:23:08.000Z
"10/8/2025, 12:26:08 AM",3.637,73,100,0,2025-10-08T04:26:08.000Z
"10/8/2025, 12:29:08 AM",3.637,73,100,0,2025-10-08T04:29:08.000Z
"10/8/2025, 12:32:08 AM",3.637,73,100,0,2025-10-08T04:32:08.000Z
"10/8/2025, 12:35:08 AM",3.638,73,100,0,2025-10-08T04:35:08.000Z
"10/8/2025, 12:38:08 AM",3.637,72.9,100,0,2025-10-08T04:38:08.000Z
"10/8/2025, 12:41:08 AM",3.638,72.9,100,0,2025-10-08T04:41:08.000Z
"10/8/2025, 12:44:08 AM",3.638,72.9,100,0,2025-10-08T04:44:08.000Z
"10/8/2025, 12:47:08 AM",3.638,72.9,100,0,2025-10-08T04:47:08.000Z
"10/8/2025, 12:50:08 AM",3.638,72.9,100,0,2025-10-08T04:50:08.000Z
"10/8/2025, 12:53:08 AM",3.638,73,100,0,2025-10-08T04:53:08.000Z
"10/8/2025, 12:56:08 AM",3.638,73,100,0,2025-10-08T04:56:08.000Z
"10/8/2025, 12:59:08 AM",3.638,73.2,100,0,2025-10-08T04:59:08.000Z
"10/8/2025, 1:02:08 AM",3.638,73.2,100,0,2025-10-08T05:02:08.000Z
"10/8/2025, 1:05:08 AM",3.638,73.2,100,0,2025-10-08T05:05:08.000Z
"10/8/2025, 1:08:08 AM",3.638,73.4,100,0,2025-10-08T05:08:08.000Z
"10/8/2025, 1:11:08 AM",3.638,73.6,100,0,2025-10-08T05:11:08.000Z
"10/8/2025, 1:14:08 AM",3.638,73.8,100,0,2025-10-08T05:14:08.000Z
"10/8/2025, 1:17:08 AM",3.637,73.8,100,0,2025-10-08T05:17:08.000Z
"10/8/2025, 1:20:08 AM",3.638,73.8,100,0,2025-10-08T05:20:08.000Z
"10/8/2025, 1:23:08 AM",3.638,73.9,100,0,2025-10-08T05:23:08.000Z
"10/8/2025, 1:26:08 AM",3.638,73.8,100,0,2025-10-08T05:26:08.000Z
"10/8/2025, 1:29:08 AM",3.637,73.6,100,0,2025-10-08T05:29:08.000Z
"10/8/2025, 1:32:08 AM",3.637,73.4,100,0,2025-10-08T05:32:08.000Z
"10/8/2025, 1:35:08 AM",3.638,73.4,100,0,2025-10-08T05:35:08.000Z
"10/8/2025, 1:38:08 AM",3.637,73.4,100,0,2025-10-08T05:38:08.000Z
"10/8/2025, 1:41:08 AM",3.638,73.4,100,0,2025-10-08T05:41:08.000Z
"10/8/2025, 1:44:08 AM",3.637,73.2,100,0,2025-10-08T05:44:08.000Z
"10/8/2025, 1:47:08 AM",3.637,73,100,0,2025-10-08T05:47:08.000Z
"10/8/2025, 1:50:08 AM",3.637,72.9,100,0,2025-10-08T05:50:08.000Z
"10/8/2025, 1:53:08 AM",3.638,72.7,100,0,2025-10-08T05:53:08.000Z
"10/8/2025, 1:56:08 AM",3.637,72.7,100,0,2025-10-08T05:56:08.000Z
"10/8/2025, 1:59:08 AM",3.637,72.9,100,0,2025-10-08T05:59:08.000Z
"10/8/2025, 2:02:08 AM",3.637,72.9,100,0,2025-10-08T06:02:08.000Z
"10/8/2025, 2:05:08 AM",3.637,72.9,100,0,2025-10-08T06:05:08.000Z
"10/8/2025, 2:08:08 AM",3.637,72.9,100,0,2025-10-08T06:08:08.000Z
"10/8/2025, 2:11:08 AM",3.637,72.9,100,0,2025-10-08T06:11:08.000Z
"10/8/2025, 2:14:08 AM",3.637,72.9,100,0,2025-10-08T06:14:08.000Z
"10/8/2025, 2:17:08 AM",3.638,72.9,100,0,2025-10-08T06:17:08.000Z
"10/8/2025, 2:20:08 AM",3.637,73,100,0,2025-10-08T06:20:08.000Z
"10/8/2025, 2:23:08 AM",3.637,73,100,0,2025-10-08T06:23:08.000Z
"10/8/2025, 2:26:08 AM",3.637,73,100,0,2025-10-08T06:26:08.000Z
"10/8/2025, 2:29:08 AM",3.637,73,100,0,2025-10-08T06:29:08.000Z
"10/8/2025, 2:32:08 AM",3.637,72.9,100,0,2025-10-08T06:32:08.000Z
"10/8/2025, 2:35:08 AM",3.637,72.9,100,0,2025-10-08T06:35:08.000Z
"10/8/2025, 2:38:08 AM",3.637,72.7,100,0,2025-10-08T06:38:08.000Z
"10/8/2025, 2:41:08 AM",3.637,72.5,100,0,2025-10-08T06:41:08.000Z
"10/8/2025, 2:44:08 AM",3.637,72.5,100,0,2025-10-08T06:44:08.000Z
"10/8/2025, 2:47:08 AM",3.637,72.5,100,0,2025-10-08T06:47:08.000Z
"10/8/2025, 2:50:08 AM",3.637,72.5,100,0,2025-10-08T06:50:08.000Z
"10/8/2025, 2:53:08 AM",3.637,72.5,100,0,2025-10-08T06:53:08.000Z
"10/8/2025, 2:56:08 AM",3.637,72.3,100,0,2025-10-08T06:56:08.000Z
"10/8/2025, 2:59:08 AM",3.637,72.1,100,0,2025-10-08T06:59:08.000Z
"10/8/2025, 3:02:08 AM",3.637,72.1,100,0,2025-10-08T07:02:08.000Z
"10/8/2025, 3:05:08 AM",3.637,72.1,100,0,2025-10-08T07:05:08.000Z
"10/8/2025, 3:08:08 AM",3.637,72.1,100,0,2025-10-08T07:08:08.000Z
"10/8/2025, 3:11:08 AM",3.637,72.1,100,0,2025-10-08T07:11:08.000Z
"10/8/2025, 3:14:08 AM",3.637,72.3,100,0,2025-10-08T07:14:08.000Z
"10/8/2025, 3:17:08 AM",3.637,72.3,100,0,2025-10-08T07:17:08.000Z
"10/8/2025, 3:20:08 AM",3.637,72.3,100,0,2025-10-08T07:20:08.000Z
"10/8/2025, 3:23:08 AM",3.637,72.3,100,0,2025-10-08T07:23:08.000Z
"10/8/2025, 3:26:08 AM",3.637,72.3,100,0,2025-10-08T07:26:08.000Z
"10/8/2025, 3:29:08 AM",3.637,72.1,100,0,2025-10-08T07:29:08.000Z
"10/8/2025, 3:32:08 AM",3.637,72,100,0,2025-10-08T07:32:08.000Z
"10/8/2025, 3:35:08 AM",3.637,72,100,0,2025-10-08T07:35:08.000Z
"10/8/2025, 3:38:08 AM",3.637,72,100,0,2025-10-08T07:38:08.000Z
"10/8/2025, 3:41:08 AM",3.637,72,100,0,2025-10-08T07:41:08.000Z
"10/8/2025, 3:44:08 AM",3.637,72,100,0,2025-10-08T07:44:08.000Z
"10/8/2025, 3:47:08 AM",3.637,72,100,0,2025-10-08T07:47:08.000Z
"10/8/2025, 3:50:08 AM",3.637,72,100,0,2025-10-08T07:50:08.000Z
"10/8/2025, 3:53:08 AM",3.637,72,100,0,2025-10-08T07:53:08.000Z
"10/8/2025, 3:56:08 AM",3.637,72,100,0,2025-10-08T07:56:08.000Z
"10/8/2025, 3:59:08 AM",3.637,72,100,0,2025-10-08T07:59:08.000Z
"10/8/2025, 4:02:08 AM",3.637,72,100,0,2025-10-08T08:02:08.000Z
"10/8/2025, 4:05:08 AM",3.637,72,100,0,2025-10-08T08:05:08.000Z
"10/8/2025, 4:08:08 AM",3.637,72.1,100,0,2025-10-08T08:08:08.000Z
"10/8/2025, 4:11:08 AM",3.637,72.1,100,0,2025-10-08T08:11:08.000Z
"10/8/2025, 4:14:08 AM",3.637,72.1,100,0,2025-10-08T08:14:08.000Z
"10/8/2025, 4:17:08 AM",3.637,72.3,100,0,2025-10-08T08:17:08.000Z
"10/8/2025, 4:20:08 AM",3.637,72.3,100,0,2025-10-08T08:20:08.000Z
"10/8/2025, 4:23:08 AM",3.637,72.3,100,0,2025-10-08T08:23:08.000Z
"10/8/2025, 4:26:08 AM",3.637,72.3,100,0,2025-10-08T08:26:08.000Z
"10/8/2025, 4:29:08 AM",3.637,72.3,100,0,2025-10-08T08:29:08.000Z
"10/8/2025, 4:32:08 AM",3.637,72.3,100,0,2025-10-08T08:32:08.000Z
"10/8/2025, 4:35:08 AM",3.637,72.5,100,0,2025-10-08T08:35:08.000Z
"10/8/2025, 4:38:08 AM",3.637,72.5,100,0,2025-10-08T08:38:08.000Z
"10/8/2025, 4:41:08 AM",3.637,72.5,100,0,2025-10-08T08:41:08.000Z
"10/8/2025, 4:44:08 AM",3.637,72.5,100,0,2025-10-08T08:44:08.000Z
"10/8/2025, 4:47:08 AM",3.637,72.5,100,0,2025-10-08T08:47:08.000Z
"10/8/2025, 4:50:08 AM",3.637,72.3,100,0,2025-10-08T08:50:08.000Z
"10/8/2025, 4:53:08 AM",3.637,72.3,100,0,2025-10-08T08:53:08.000Z
"10/8/2025, 4:56:08 AM",3.637,72.3,100,0,2025-10-08T08:56:08.000Z
"10/8/2025, 4:59:08 AM",3.637,72.3,100,0,2025-10-08T08:59:08.000Z
"10/8/2025, 5:02:08 AM",3.637,72.3,100,0,2025-10-08T09:02:08.000Z
"10/8/2025, 5:05:08 AM",3.637,72.1,100,0,2025-10-08T09:05:08.000Z
"10/8/2025, 5:08:08 AM",3.638,72.1,100,0,2025-10-08T09:08:08.000Z
"10/8/2025, 5:11:08 AM",3.637,72.1,100,0,2025-10-08T09:11:08.000Z
"10/8/2025, 5:14:08 AM",3.637,72.3,100,0,2025-10-08T09:14:08.000Z
"10/8/2025, 5:17:08 AM",3.637,72.3,100,0,2025-10-08T09:17:08.000Z
"10/8/2025, 5:20:08 AM",3.637,72.3,100,0,2025-10-08T09:20:08.000Z
"10/8/2025, 5:23:08 AM",3.637,72.3,100,0,2025-10-08T09:23:08.000Z
"10/8/2025, 5:26:08 AM",3.637,72.3,100,0,2025-10-08T09:26:08.000Z
"10/8/2025, 5:29:08 AM",3.637,72.3,100,0,2025-10-08T09:29:08.000Z
"10/8/2025, 5:32:08 AM",3.637,72.3,100,0,2025-10-08T09:32:08.000Z
"10/8/2025, 5:35:08 AM",3.637,72.3,100,0,2025-10-08T09:35:08.000Z
"10/8/2025, 5:38:08 AM",3.637,72.3,100,0,2025-10-08T09:38:08.000Z
"10/8/2025, 5:41:08 AM",3.637,72.5,100,0,2025-10-08T09:41:08.000Z
"10/8/2025, 5:44:08 AM",3.637,72.5,100,0,2025-10-08T09:44:08.000Z
"10/8/2025, 5:47:08 AM",3.637,72.3,100,0,2025-10-08T09:47:08.000Z
"10/8/2025, 5:50:08 AM",3.637,72.3,100,0,2025-10-08T09:50:08.000Z
"10/8/2025, 5:53:08 AM",3.637,72.3,100,0,2025-10-08T09:53:08.000Z
"10/8/2025, 5:56:08 AM",3.637,72.3,100,0,2025-10-08T09:56:08.000Z
"10/8/2025, 5:59:08 AM",3.637,72.3,100,0,2025-10-08T09:59:08.000Z
"10/8/2025, 6:02:08 AM",3.637,72.3,100,0,2025-10-08T10:02:08.000Z
"10/8/2025, 6:05:08 AM",3.637,72.3,100,0,2025-10-08T10:05:08.000Z
"10/8/2025, 6:08:08 AM",3.637,72.3,100,0,2025-10-08T10:08:08.000Z
"10/8/2025, 6:11:08 AM",3.637,72.3,100,0,2025-10-08T10:11:08.000Z
"10/8/2025, 6:14:08 AM",3.637,72.3,100,0,2025-10-08T10:14:08.000Z
"10/8/2025, 6:17:08 AM",3.637,72.3,100,0,2025-10-08T10:17:08.000Z
"10/8/2025, 6:20:08 AM",3.637,72.3,100,0,2025-10-08T10:20:08.000Z
"10/8/2025, 6:23:08 AM",3.637,72.1,100,0,2025-10-08T10:23:08.000Z
"10/8/2025, 6:26:08 AM",3.637,72.3,100,0,2025-10-08T10:26:08.000Z
"10/8/2025, 6:29:08 AM",3.637,72.1,100,0,2025-10-08T10:29:08.000Z
"10/8/2025, 6:32:08 AM",3.637,72.1,100,0,2025-10-08T10:32:08.000Z
"10/8/2025, 6:35:08 AM",3.636,72.1,100,0,2025-10-08T10:35:08.000Z
"10/8/2025, 6:38:08 AM",3.637,72.1,100,0,2025-10-08T10:38:08.000Z
"10/8/2025, 6:41:08 AM",3.636,72,100,0,2025-10-08T10:41:08.000Z
"10/8/2025, 6:44:08 AM",3.637,72,100,0,2025-10-08T10:44:08.000Z
"10/8/2025, 6:47:08 AM",3.637,71.8,100,0,2025-10-08T10:47:08.000Z
"10/8/2025, 6:50:08 AM",3.637,71.8,100,0,2025-10-08T10:50:08.000Z
"10/8/2025, 6:53:08 AM",3.637,71.8,100,0,2025-10-08T10:53:08.000Z
"10/8/2025, 6:56:08 AM",3.637,71.8,100,0,2025-10-08T10:56:08.000Z
"10/8/2025, 6:59:08 AM",3.637,71.6,100,0,2025-10-08T10:59:08.000Z
"10/8/2025, 7:02:08 AM",3.637,71.6,100,0,2025-10-08T11:02:08.000Z
"10/8/2025, 7:05:08 AM",3.637,71.6,100,0,2025-10-08T11:05:08.000Z
"10/8/2025, 7:08:08 AM",3.636,71.6,100,0,2025-10-08T11:08:08.000Z
"10/8/2025, 7:11:08 AM",3.636,71.6,100,0,2025-10-08T11:11:08.000Z
"10/8/2025, 7:14:08 AM",3.636,71.4,100,0,2025-10-08T11:14:08.000Z
"10/8/2025, 7:17:08 AM",3.637,71.4,100,0,2025-10-08T11:17:08.000Z
"10/8/2025, 7:20:08 AM",3.637,71.4,100,0,2025-10-08T11:20:08.000Z
"10/8/2025, 7:23:08 AM",3.637,71.4,100,0,2025-10-08T11:23:08.000Z
"10/8/2025, 7:26:08 AM",3.637,71.4,100,0,2025-10-08T11:26:08.000Z
"10/8/2025, 7:29:08 AM",3.636,71.4,100,0,2025-10-08T11:29:08.000Z
"10/8/2025, 7:32:08 AM",3.636,71.4,100,0,2025-10-08T11:32:08.000Z
"10/8/2025, 7:35:08 AM",3.637,71.4,100,0,2025-10-08T11:35:08.000Z
"10/8/2025, 7:38:08 AM",3.637,71.4,100,0,2025-10-08T11:38:08.000Z
"10/8/2025, 7:41:08 AM",3.637,71.6,100,0,2025-10-08T11:41:08.000Z
"10/8/2025, 7:44:08 AM",3.637,71.6,100,0,2025-10-08T11:44:08.000Z
"10/8/2025, 7:47:08 AM",3.636,71.4,100,0,2025-10-08T11:47:08.000Z
"10/8/2025, 7:50:08 AM",3.637,71.4,100,0,2025-10-08T11:50:08.000Z
"10/8/2025, 7:53:08 AM",3.637,71.4,100,0,2025-10-08T11:53:08.000Z
"10/8/2025, 7:56:08 AM",3.637,71.4,100,0,2025-10-08T11:56:08.000Z
"10/8/2025, 7:59:08 AM",3.637,71.4,100,0,2025-10-08T11:59:08.000Z
"10/8/2025, 8:02:08 AM",3.636,69.3,100,0,2025-10-08T12:02:08.000Z
"10/8/2025, 8:05:08 AM",3.636,67.1,100,0,2025-10-08T12:05:08.000Z
"10/8/2025, 8:08:08 AM",3.637,66.6,100,0,2025-10-08T12:08:08.000Z
EVENTS:
"10/8/2025, 8:08:08 AM",Stop Log,H2S (PPM)
LABELS:
