Instrument:,H2S-240708934,,,,
Time Zone Offset (Minutes):,-300,,,,
Orignal File Name:,"C:\Users\phil.bennington\OneDrive - City of Dayton\G-Drive\Phil.Bennington\CLARKSON_UNIVERSITY_PhD Program\Dissertation\H2S-240708934_[3-2-2026, 9-18-14 AM --- 3-6-2026, 11-30-14 AM].acrudata",,,,
Session ID:,651,,,,
Session 1st Title:,"H2S-240708934_[3-2-2026, 9-18-14 AM --- 3-6-2026, 11-30-14 AM]",,,,
Session Start:,"3/2/2026, 9:18:14 AM",,,,
Session End:,"3/6/2026, 11:30:14 AM",,,,
,,,,,
Time Stamp,Battery (Volts),Temperature (°F),Humidity (%),H2S (PPM),ISO time
"3/2/2026, 9:18:14 AM",3.625,70.5,26.4,0,2026-03-02T14:18:14.000Z
"3/2/2026, 9:21:14 AM",3.624,69.4,26.3,0,2026-03-02T14:21:14.000Z
"3/2/2026, 9:24:14 AM",3.623,68,26.3,0,2026-03-02T14:24:14.000Z
"3/2/2026, 9:27:14 AM",3.623,64.4,26.2,0,2026-03-02T14:27:14.000Z
"3/2/2026, 9:30:14 AM",3.623,62.1,26.1,0,2026-03-02T14:30:14.000Z
"3/2/2026, 9:33:14 AM",3.622,60.1,26.1,0,2026-03-02T14:33:14.000Z
"3/2/2026, 9:36:14 AM",3.622,58.3,26.1,0,2026-03-02T14:36:14.000Z
"3/2/2026, 9:39:14 AM",3.622,56.8,26,0,2026-03-02T14:39:14.000Z
"3/2/2026, 9:42:14 AM",3.622,55.4,26,0,2026-03-02T14:42:14.000Z
"3/2/2026, 9:45:14 AM",3.621,54.1,26,0,2026-03-02T14:45:14.000Z
"3/2/2026, 9:48:14 AM",3.621,53.1,26,0,2026-03-02T14:48:14.000Z
"3/2/2026, 9:51:14 AM",3.62,52.2,26,0,2026-03-02T14:51:14.000Z
"3/2/2026, 9:54:14 AM",3.62,51.3,26,0,2026-03-02T14:54:14.000Z
"3/2/2026, 9:57:14 AM",3.62,50.5,26,0,2026-03-02T14:57:14.000Z
"3/2/2026, 10:00:14 AM",3.62,49.8,25.9,0,2026-03-02T15:00:14.000Z
"3/2/2026, 10:03:14 AM",3.619,49.1,25.9,0,2026-03-02T15:03:14.000Z
"3/2/2026, 10:06:14 AM",3.619,48.6,25.9,0,2026-03-02T15:06:14.000Z
"3/2/2026, 10:09:14 AM",3.618,48,26,0,2026-03-02T15:09:14.000Z
"3/2/2026, 10:12:14 AM",3.618,47.7,26,0,2026-03-02T15:12:14.000Z
"3/2/2026, 10:15:14 AM",3.618,47.1,26,0,2026-03-02T15:15:14.000Z
"3/2/2026, 10:18:14 AM",3.617,46.8,26,0,2026-03-02T15:18:14.000Z
"3/2/2026, 10:21:14 AM",3.617,46.6,26,0,2026-03-02T15:21:14.000Z
"3/2/2026, 10:24:14 AM",3.616,46.2,26,0,2026-03-02T15:24:14.000Z
"3/2/2026, 10:27:14 AM",3.616,46,26,0,2026-03-02T15:27:14.000Z
"3/2/2026, 10:30:14 AM",3.615,45.7,26,0,2026-03-02T15:30:14.000Z
"3/2/2026, 10:33:14 AM",3.615,45.5,26,0,2026-03-02T15:33:14.000Z
"3/2/2026, 10:36:14 AM",3.615,45.3,26.1,0,2026-03-02T15:36:14.000Z
"3/2/2026, 10:39:14 AM",3.614,45.1,26.2,0,2026-03-02T15:39:14.000Z
"3/2/2026, 10:42:14 AM",3.614,45,26.3,0,2026-03-02T15:42:14.000Z
"3/2/2026, 10:45:14 AM",3.613,44.8,26.5,0,2026-03-02T15:45:14.000Z
"3/2/2026, 10:48:14 AM",3.614,44.8,26.8,0,2026-03-02T15:48:14.000Z
"3/2/2026, 10:51:14 AM",3.613,44.6,27.2,0,2026-03-02T15:51:14.000Z
"3/2/2026, 10:54:14 AM",3.613,44.4,27.9,0,2026-03-02T15:54:14.000Z
"3/2/2026, 10:57:14 AM",3.613,44.2,28.6,0,2026-03-02T15:57:14.000Z
"3/2/2026, 11:00:14 AM",3.612,44.1,29.8,0,2026-03-02T16:00:14.000Z
"3/2/2026, 11:03:14 AM",3.612,44.1,31.2,0,2026-03-02T16:03:14.000Z
"3/2/2026, 11:06:14 AM",3.612,44.1,32.9,0,2026-03-02T16:06:14.000Z
"3/2/2026, 11:09:14 AM",3.612,44.1,34.7,0,2026-03-02T16:09:14.000Z
"3/2/2026, 11:12:14 AM",3.612,44.2,36.6,0,2026-03-02T16:12:14.000Z
"3/2/2026, 11:15:14 AM",3.612,44.2,38.6,0,2026-03-02T16:15:14.000Z
"3/2/2026, 11:18:14 AM",3.612,44.2,40.7,0,2026-03-02T16:18:14.000Z
"3/2/2026, 11:21:14 AM",3.611,44.2,42.7,0,2026-03-02T16:21:14.000Z
"3/2/2026, 11:24:14 AM",3.611,44.2,44.7,0,2026-03-02T16:24:14.000Z
"3/2/2026, 11:27:14 AM",3.611,44.2,46.6,0,2026-03-02T16:27:14.000Z
"3/2/2026, 11:30:14 AM",3.611,44.1,48.4,0,2026-03-02T16:30:14.000Z
"3/2/2026, 11:33:14 AM",3.611,44.1,49.9,0,2026-03-02T16:33:14.000Z
"3/2/2026, 11:36:14 AM",3.61,44.1,51.3,0,2026-03-02T16:36:14.000Z
"3/2/2026, 11:39:14 AM",3.611,44.2,52.5,0,2026-03-02T16:39:14.000Z
"3/2/2026, 11:42:14 AM",3.61,44.2,53.6,0,2026-03-02T16:42:14.000Z
"3/2/2026, 11:45:14 AM",3.61,44.4,54.7,0,2026-03-02T16:45:14.000Z
"3/2/2026, 11:48:14 AM",3.61,44.6,55.7,0,2026-03-02T16:48:14.000Z
"3/2/2026, 11:51:14 AM",3.61,44.8,56.6,0,2026-03-02T16:51:14.000Z
"3/2/2026, 11:54:14 AM",3.61,44.8,57.5,0,2026-03-02T16:54:14.000Z
"3/2/2026, 11:57:14 AM",3.61,45,58.4,0,2026-03-02T16:57:14.000Z
"3/2/2026, 12:00:14 PM",3.61,45,59.2,0,2026-03-02T17:00:14.000Z
"3/2/2026, 12:03:14 PM",3.61,45.3,60,0,2026-03-02T17:03:14.000Z
"3/2/2026, 12:06:14 PM",3.61,45.5,60.8,0,2026-03-02T17:06:14.000Z
"3/2/2026, 12:09:14 PM",3.61,45.9,61.5,0,2026-03-02T17:09:14.000Z
"3/2/2026, 12:12:14 PM",3.61,46,62.2,0,2026-03-02T17:12:14.000Z
"3/2/2026, 12:15:14 PM",3.61,46.4,62.8,0,2026-03-02T17:15:14.000Z
"3/2/2026, 12:18:14 PM",3.61,46.8,63.5,0,2026-03-02T17:18:14.000Z
"3/2/2026, 12:21:14 PM",3.61,47.1,64,0,2026-03-02T17:21:14.000Z
"3/2/2026, 12:24:14 PM",3.61,47.5,64.6,0,2026-03-02T17:24:14.000Z
"3/2/2026, 12:27:14 PM",3.61,47.7,65.2,0,2026-03-02T17:27:14.000Z
"3/2/2026, 12:30:14 PM",3.61,48,65.8,0,2026-03-02T17:30:14.000Z
"3/2/2026, 12:33:14 PM",3.61,48.2,66.4,0,2026-03-02T17:33:14.000Z
"3/2/2026, 12:36:14 PM",3.61,48.4,67,0,2026-03-02T17:36:14.000Z
"3/2/2026, 12:39:14 PM",3.61,48.6,67.5,0,2026-03-02T17:39:14.000Z
"3/2/2026, 12:42:14 PM",3.61,48.6,68,0,2026-03-02T17:42:14.000Z
"3/2/2026, 12:45:14 PM",3.611,48.9,68.6,0,2026-03-02T17:45:14.000Z
"3/2/2026, 12:48:14 PM",3.61,49.3,69,0,2026-03-02T17:48:14.000Z
"3/2/2026, 12:51:14 PM",3.611,49.5,69.5,0,2026-03-02T17:51:14.000Z
"3/2/2026, 12:54:14 PM",3.611,49.8,70,0,2026-03-02T17:54:14.000Z
"3/2/2026, 12:57:14 PM",3.611,50.2,70.4,0,2026-03-02T17:57:14.000Z
"3/2/2026, 1:00:14 PM",3.611,50.5,70.9,0,2026-03-02T18:00:14.000Z
"3/2/2026, 1:03:14 PM",3.611,50.7,71.3,0,2026-03-02T18:03:14.000Z
"3/2/2026, 1:06:14 PM",3.611,51.1,71.7,0,2026-03-02T18:06:14.000Z
"3/2/2026, 1:09:14 PM",3.612,51.4,72.1,0,2026-03-02T18:09:14.000Z
"3/2/2026, 1:12:14 PM",3.611,51.8,72.6,0,2026-03-02T18:12:14.000Z
"3/2/2026, 1:15:14 PM",3.611,52,72.9,0,2026-03-02T18:15:14.000Z
"3/2/2026, 1:18:14 PM",3.611,52.2,73.3,0,2026-03-02T18:18:14.000Z
"3/2/2026, 1:21:14 PM",3.612,52.3,73.7,0,2026-03-02T18:21:14.000Z
"3/2/2026, 1:24:14 PM",3.612,52.7,74,0,2026-03-02T18:24:14.000Z
"3/2/2026, 1:27:14 PM",3.612,52.9,74.3,0,2026-03-02T18:27:14.000Z
"3/2/2026, 1:30:14 PM",3.612,53.1,74.6,0,2026-03-02T18:30:14.000Z
"3/2/2026, 1:33:14 PM",3.612,53.4,74.9,0,2026-03-02T18:33:14.000Z
"3/2/2026, 1:36:14 PM",3.613,53.6,75.2,0,2026-03-02T18:36:14.000Z
"3/2/2026, 1:39:14 PM",3.613,53.6,75.5,0,2026-03-02T18:39:14.000Z
"3/2/2026, 1:42:14 PM",3.613,53.8,75.7,0,2026-03-02T18:42:14.000Z
"3/2/2026, 1:45:14 PM",3.613,54,75.9,0,2026-03-02T18:45:14.000Z
"3/2/2026, 1:48:14 PM",3.613,54,76.2,0,2026-03-02T18:48:14.000Z
"3/2/2026, 1:51:14 PM",3.613,54.1,76.4,0,2026-03-02T18:51:14.000Z
"3/2/2026, 1:54:14 PM",3.613,54.3,76.6,0,2026-03-02T18:54:14.000Z
"3/2/2026, 1:57:14 PM",3.614,54.3,76.8,0,2026-03-02T18:57:14.000Z
"3/2/2026, 2:00:14 PM",3.613,54.5,77,0,2026-03-02T19:00:14.000Z
"3/2/2026, 2:03:14 PM",3.614,54.7,77.3,0,2026-03-02T19:03:14.000Z
"3/2/2026, 2:06:14 PM",3.614,54.7,77.4,0,2026-03-02T19:06:14.000Z
"3/2/2026, 2:09:14 PM",3.614,54.9,77.6,0,2026-03-02T19:09:14.000Z
"3/2/2026, 2:12:14 PM",3.614,55,77.9,0,2026-03-02T19:12:14.000Z
"3/2/2026, 2:15:14 PM",3.614,55,78,0,2026-03-02T19:15:14.000Z
"3/2/2026, 2:18:14 PM",3.614,55,78.2,0,2026-03-02T19:18:14.000Z
"3/2/2026, 2:21:14 PM",3.614,55.2,78.4,0,2026-03-02T19:21:14.000Z
"3/2/2026, 2:24:14 PM",3.614,55.2,78.5,0,2026-03-02T19:24:14.000Z
"3/2/2026, 2:27:14 PM",3.614,55.2,78.7,0,2026-03-02T19:27:14.000Z
"3/2/2026, 2:30:14 PM",3.614,55,78.8,0,2026-03-02T19:30:14.000Z
"3/2/2026, 2:33:14 PM",3.614,55,78.9,0,2026-03-02T19:33:14.000Z
"3/2/2026, 2:36:14 PM",3.614,55,79,0,2026-03-02T19:36:14.000Z
"3/2/2026, 2:39:14 PM",3.614,55,79.1,0,2026-03-02T19:39:14.000Z
"3/2/2026, 2:42:14 PM",3.615,55,79.2,0,2026-03-02T19:42:14.000Z
"3/2/2026, 2:45:14 PM",3.615,55,79.3,0,2026-03-02T19:45:14.000Z
"3/2/2026, 2:48:14 PM",3.614,55,79.4,0,2026-03-02T19:48:14.000Z
"3/2/2026, 2:51:14 PM",3.615,55,79.5,0,2026-03-02T19:51:14.000Z
"3/2/2026, 2:54:14 PM",3.615,55,79.6,0,2026-03-02T19:54:14.000Z
"3/2/2026, 2:57:14 PM",3.615,55,79.8,0,2026-03-02T19:57:14.000Z
"3/2/2026, 3:00:14 PM",3.615,55,79.9,0,2026-03-02T20:00:14.000Z
"3/2/2026, 3:03:14 PM",3.614,55.2,80,0,2026-03-02T20:03:14.000Z
"3/2/2026, 3:06:14 PM",3.615,55.2,80.1,0,2026-03-02T20:06:14.000Z
"3/2/2026, 3:09:14 PM",3.615,55.2,80.2,0,2026-03-02T20:09:14.000Z
"3/2/2026, 3:12:14 PM",3.615,55.2,80.3,0,2026-03-02T20:12:14.000Z
"3/2/2026, 3:15:14 PM",3.615,55.2,80.4,0,2026-03-02T20:15:14.000Z
"3/2/2026, 3:18:14 PM",3.615,55,80.5,0,2026-03-02T20:18:14.000Z
"3/2/2026, 3:21:14 PM",3.615,55.2,80.6,0,2026-03-02T20:21:14.000Z
"3/2/2026, 3:24:14 PM",3.615,55.2,80.7,0,2026-03-02T20:24:14.000Z
"3/2/2026, 3:27:14 PM",3.615,55.2,80.8,0,2026-03-02T20:27:14.000Z
"3/2/2026, 3:30:14 PM",3.614,55.4,81,0,2026-03-02T20:30:14.000Z
"3/2/2026, 3:33:14 PM",3.615,55.4,81.1,0,2026-03-02T20:33:14.000Z
"3/2/2026, 3:36:14 PM",3.615,55.6,81.2,0,2026-03-02T20:36:14.000Z
"3/2/2026, 3:39:14 PM",3.614,55.6,81.3,0,2026-03-02T20:39:14.000Z
"3/2/2026, 3:42:14 PM",3.615,55.6,81.4,0,2026-03-02T20:42:14.000Z
"3/2/2026, 3:45:14 PM",3.615,55.6,81.5,0,2026-03-02T20:45:14.000Z
"3/2/2026, 3:48:14 PM",3.614,55.6,81.7,0,2026-03-02T20:48:14.000Z
"3/2/2026, 3:51:14 PM",3.614,55.6,81.7,0,2026-03-02T20:51:14.000Z
"3/2/2026, 3:54:14 PM",3.615,55.4,81.8,0,2026-03-02T20:54:14.000Z
"3/2/2026, 3:57:14 PM",3.615,55.4,81.9,0,2026-03-02T20:57:14.000Z
"3/2/2026, 4:00:14 PM",3.615,55.4,82,0,2026-03-02T21:00:14.000Z
"3/2/2026, 4:03:14 PM",3.615,55.2,82.1,0,2026-03-02T21:03:14.000Z
"3/2/2026, 4:06:14 PM",3.614,55.2,82.2,0,2026-03-02T21:06:14.000Z
"3/2/2026, 4:09:14 PM",3.614,55.2,82.3,0,2026-03-02T21:09:14.000Z
"3/2/2026, 4:12:14 PM",3.615,55,82.3,0,2026-03-02T21:12:14.000Z
"3/2/2026, 4:15:14 PM",3.615,54.9,82.4,0,2026-03-02T21:15:14.000Z
"3/2/2026, 4:18:14 PM",3.614,54.9,82.4,0,2026-03-02T21:18:14.000Z
"3/2/2026, 4:21:14 PM",3.614,54.9,82.5,0,2026-03-02T21:21:14.000Z
"3/2/2026, 4:24:14 PM",3.615,54.7,82.6,0,2026-03-02T21:24:14.000Z
"3/2/2026, 4:27:14 PM",3.615,54.7,82.7,0,2026-03-02T21:27:14.000Z
"3/2/2026, 4:30:14 PM",3.614,54.7,82.8,0,2026-03-02T21:30:14.000Z
"3/2/2026, 4:33:14 PM",3.614,54.5,82.8,0,2026-03-02T21:33:14.000Z
"3/2/2026, 4:36:14 PM",3.614,54.3,82.9,0,2026-03-02T21:36:14.000Z
"3/2/2026, 4:39:14 PM",3.614,54.3,83,0,2026-03-02T21:39:14.000Z
"3/2/2026, 4:42:14 PM",3.614,54.1,83,0,2026-03-02T21:42:14.000Z
"3/2/2026, 4:45:14 PM",3.614,54,83.1,0,2026-03-02T21:45:14.000Z
"3/2/2026, 4:48:14 PM",3.614,54,83.2,0,2026-03-02T21:48:14.000Z
"3/2/2026, 4:51:14 PM",3.614,54,83.2,0,2026-03-02T21:51:14.000Z
"3/2/2026, 4:54:14 PM",3.614,53.8,83.3,0,2026-03-02T21:54:14.000Z
"3/2/2026, 4:57:14 PM",3.614,53.8,83.4,0,2026-03-02T21:57:14.000Z
"3/2/2026, 5:00:14 PM",3.614,53.8,83.4,0,2026-03-02T22:00:14.000Z
"3/2/2026, 5:03:14 PM",3.614,53.6,83.5,0,2026-03-02T22:03:14.000Z
"3/2/2026, 5:06:14 PM",3.614,53.4,83.6,0,2026-03-02T22:06:14.000Z
"3/2/2026, 5:09:14 PM",3.614,53.2,83.7,0,2026-03-02T22:09:14.000Z
"3/2/2026, 5:12:14 PM",3.614,53.2,83.7,0,2026-03-02T22:12:14.000Z
"3/2/2026, 5:15:14 PM",3.613,53.1,83.7,0,2026-03-02T22:15:14.000Z
"3/2/2026, 5:18:14 PM",3.614,52.9,83.8,0,2026-03-02T22:18:14.000Z
"3/2/2026, 5:21:14 PM",3.613,52.7,83.8,0,2026-03-02T22:21:14.000Z
"3/2/2026, 5:24:14 PM",3.613,52.7,83.9,0,2026-03-02T22:24:14.000Z
"3/2/2026, 5:27:14 PM",3.613,52.5,83.9,0,2026-03-02T22:27:14.000Z
"3/2/2026, 5:30:14 PM",3.613,52.3,84,0,2026-03-02T22:30:14.000Z
"3/2/2026, 5:33:14 PM",3.613,52.3,84,0,2026-03-02T22:33:14.000Z
"3/2/2026, 5:36:14 PM",3.613,52.2,84,0,2026-03-02T22:36:14.000Z
"3/2/2026, 5:39:14 PM",3.613,52,84,0,2026-03-02T22:39:14.000Z
"3/2/2026, 5:42:14 PM",3.613,51.8,84.1,0,2026-03-02T22:42:14.000Z
"3/2/2026, 5:45:14 PM",3.613,51.8,84.1,0,2026-03-02T22:45:14.000Z
"3/2/2026, 5:48:14 PM",3.613,51.8,84.2,0,2026-03-02T22:48:14.000Z
"3/2/2026, 5:51:14 PM",3.613,51.8,84.2,0,2026-03-02T22:51:14.000Z
"3/2/2026, 5:54:14 PM",3.612,51.8,84.3,0,2026-03-02T22:54:14.000Z
"3/2/2026, 5:57:14 PM",3.612,51.8,84.4,0,2026-03-02T22:57:14.000Z
"3/2/2026, 6:00:14 PM",3.612,51.8,84.5,0,2026-03-02T23:00:14.000Z
"3/2/2026, 6:03:14 PM",3.612,51.8,84.6,0,2026-03-02T23:03:14.000Z
"3/2/2026, 6:06:14 PM",3.612,51.6,84.6,0,2026-03-02T23:06:14.000Z
"3/2/2026, 6:09:14 PM",3.612,51.6,84.7,0,2026-03-02T23:09:14.000Z
"3/2/2026, 6:12:14 PM",3.612,51.6,84.8,0,2026-03-02T23:12:14.000Z
"3/2/2026, 6:15:14 PM",3.612,51.6,84.9,0,2026-03-02T23:15:14.000Z
"3/2/2026, 6:18:14 PM",3.612,51.4,85,0,2026-03-02T23:18:14.000Z
"3/2/2026, 6:21:14 PM",3.612,51.4,85,0,2026-03-02T23:21:14.000Z
"3/2/2026, 6:24:14 PM",3.611,51.3,85.1,0,2026-03-02T23:24:14.000Z
"3/2/2026, 6:27:14 PM",3.612,51.3,85.2,0,2026-03-02T23:27:14.000Z
"3/2/2026, 6:30:14 PM",3.611,51.4,85.3,0,2026-03-02T23:30:14.000Z
"3/2/2026, 6:33:14 PM",3.612,51.3,85.3,0,2026-03-02T23:33:14.000Z
"3/2/2026, 6:36:14 PM",3.611,51.3,85.4,0,2026-03-02T23:36:14.000Z
"3/2/2026, 6:39:14 PM",3.611,51.1,85.4,0,2026-03-02T23:39:14.000Z
"3/2/2026, 6:42:14 PM",3.612,51.1,85.5,0,2026-03-02T23:42:14.000Z
"3/2/2026, 6:45:14 PM",3.611,51.1,85.5,0,2026-03-02T23:45:14.000Z
"3/2/2026, 6:48:14 PM",3.611,50.9,85.6,0,2026-03-02T23:48:14.000Z
"3/2/2026, 6:51:14 PM",3.611,50.7,85.7,0,2026-03-02T23:51:14.000Z
"3/2/2026, 6:54:14 PM",3.611,50.7,85.7,0,2026-03-02T23:54:14.000Z
"3/2/2026, 6:57:14 PM",3.611,50.5,85.7,0,2026-03-02T23:57:14.000Z
"3/2/2026, 7:00:14 PM",3.611,50.4,85.8,0,2026-03-03T00:00:14.000Z
"3/2/2026, 7:03:14 PM",3.611,50.2,85.8,0,2026-03-03T00:03:14.000Z
"3/2/2026, 7:06:14 PM",3.611,50.2,85.8,0,2026-03-03T00:06:14.000Z
"3/2/2026, 7:09:14 PM",3.611,50,85.8,0,2026-03-03T00:09:14.000Z
"3/2/2026, 7:12:14 PM",3.611,50,85.8,0,2026-03-03T00:12:14.000Z
"3/2/2026, 7:15:14 PM",3.611,50,85.9,0,2026-03-03T00:15:14.000Z
"3/2/2026, 7:18:14 PM",3.61,49.8,85.9,0,2026-03-03T00:18:14.000Z
"3/2/2026, 7:21:14 PM",3.611,49.8,86,0,2026-03-03T00:21:14.000Z
"3/2/2026, 7:24:14 PM",3.611,49.6,86,0,2026-03-03T00:24:14.000Z
"3/2/2026, 7:27:14 PM",3.611,49.6,86.1,0,2026-03-03T00:27:14.000Z
"3/2/2026, 7:30:14 PM",3.611,49.5,86.1,0,2026-03-03T00:30:14.000Z
"3/2/2026, 7:33:14 PM",3.61,49.5,86.2,0,2026-03-03T00:33:14.000Z
"3/2/2026, 7:36:14 PM",3.61,49.5,86.2,0,2026-03-03T00:36:14.000Z
"3/2/2026, 7:39:14 PM",3.61,49.3,86.2,0,2026-03-03T00:39:14.000Z
"3/2/2026, 7:42:14 PM",3.61,49.1,86.3,0,2026-03-03T00:42:14.000Z
"3/2/2026, 7:45:14 PM",3.61,49.1,86.3,0,2026-03-03T00:45:14.000Z
"3/2/2026, 7:48:14 PM",3.61,48.9,86.3,0,2026-03-03T00:48:14.000Z
"3/2/2026, 7:51:14 PM",3.61,48.9,86.3,0,2026-03-03T00:51:14.000Z
"3/2/2026, 7:54:14 PM",3.61,48.7,86.4,0,2026-03-03T00:54:14.000Z
"3/2/2026, 7:57:14 PM",3.61,48.6,86.4,0,2026-03-03T00:57:14.000Z
"3/2/2026, 8:00:14 PM",3.61,48.6,86.4,0,2026-03-03T01:00:14.000Z
"3/2/2026, 8:03:14 PM",3.609,48.6,86.4,0,2026-03-03T01:03:14.000Z
"3/2/2026, 8:06:14 PM",3.61,48.4,86.5,0,2026-03-03T01:06:14.000Z
"3/2/2026, 8:09:14 PM",3.61,48.4,86.5,0,2026-03-03T01:09:14.000Z
"3/2/2026, 8:12:14 PM",3.609,48.2,86.6,0,2026-03-03T01:12:14.000Z
"3/2/2026, 8:15:14 PM",3.609,48.2,86.6,0,2026-03-03T01:15:14.000Z
"3/2/2026, 8:18:14 PM",3.609,48,86.6,0,2026-03-03T01:18:14.000Z
"3/2/2026, 8:21:14 PM",3.609,48,86.6,0,2026-03-03T01:21:14.000Z
"3/2/2026, 8:24:14 PM",3.609,47.8,86.6,0,2026-03-03T01:24:14.000Z
"3/2/2026, 8:27:14 PM",3.609,47.8,86.7,0,2026-03-03T01:27:14.000Z
"3/2/2026, 8:30:14 PM",3.609,48,86.7,0,2026-03-03T01:30:14.000Z
"3/2/2026, 8:33:14 PM",3.609,48.2,86.8,0,2026-03-03T01:33:14.000Z
"3/2/2026, 8:36:14 PM",3.609,48.2,86.8,0,2026-03-03T01:36:14.000Z
"3/2/2026, 8:39:14 PM",3.609,48.2,86.9,0,2026-03-03T01:39:14.000Z
"3/2/2026, 8:42:14 PM",3.609,48.2,87,0,2026-03-03T01:42:14.000Z
"3/2/2026, 8:45:14 PM",3.609,48.2,87,0,2026-03-03T01:45:14.000Z
"3/2/2026, 8:48:14 PM",3.609,48.4,87.1,0,2026-03-03T01:48:14.000Z
"3/2/2026, 8:51:14 PM",3.609,48.6,87.1,0,2026-03-03T01:51:14.000Z
"3/2/2026, 8:54:14 PM",3.608,48.6,87.2,0,2026-03-03T01:54:14.000Z
"3/2/2026, 8:57:14 PM",3.609,48.4,87.2,0,2026-03-03T01:57:14.000Z
"3/2/2026, 9:00:14 PM",3.608,48.6,87.3,0,2026-03-03T02:00:14.000Z
"3/2/2026, 9:03:14 PM",3.609,48.6,87.4,0,2026-03-03T02:03:14.000Z
"3/2/2026, 9:06:14 PM",3.609,48.6,87.4,0,2026-03-03T02:06:14.000Z
"3/2/2026, 9:09:14 PM",3.608,48.6,87.4,0,2026-03-03T02:09:14.000Z
"3/2/2026, 9:12:14 PM",3.608,48.6,87.5,0,2026-03-03T02:12:14.000Z
"3/2/2026, 9:15:14 PM",3.609,48.6,87.5,0,2026-03-03T02:15:14.000Z
"3/2/2026, 9:18:14 PM",3.608,48.6,87.6,0,2026-03-03T02:18:14.000Z
"3/2/2026, 9:21:14 PM",3.608,48.6,87.6,0,2026-03-03T02:21:14.000Z
"3/2/2026, 9:24:14 PM",3.608,48.6,87.7,0,2026-03-03T02:24:14.000Z
"3/2/2026, 9:27:14 PM",3.609,48.6,87.8,0,2026-03-03T02:27:14.000Z
"3/2/2026, 9:30:14 PM",3.608,48.6,87.8,0,2026-03-03T02:30:14.000Z
"3/2/2026, 9:33:14 PM",3.608,48.6,87.8,0,2026-03-03T02:33:14.000Z
"3/2/2026, 9:36:14 PM",3.608,48.6,87.9,0,2026-03-03T02:36:14.000Z
"3/2/2026, 9:39:14 PM",3.608,48.6,87.9,0,2026-03-03T02:39:14.000Z
"3/2/2026, 9:42:14 PM",3.608,48.6,87.9,0,2026-03-03T02:42:14.000Z
"3/2/2026, 9:45:14 PM",3.608,48.6,87.9,0,2026-03-03T02:45:14.000Z
"3/2/2026, 9:48:14 PM",3.608,48.6,88,0,2026-03-03T02:48:14.000Z
"3/2/2026, 9:51:14 PM",3.608,48.6,88.1,0,2026-03-03T02:51:14.000Z
"3/2/2026, 9:54:14 PM",3.608,48.6,88.1,0,2026-03-03T02:54:14.000Z
"3/2/2026, 9:57:14 PM",3.608,48.6,88.1,0,2026-03-03T02:57:14.000Z
"3/2/2026, 10:00:14 PM",3.608,48.6,88.2,0,2026-03-03T03:00:14.000Z
"3/2/2026, 10:03:14 PM",3.608,48.6,88.3,0,2026-03-03T03:03:14.000Z
"3/2/2026, 10:06:14 PM",3.608,48.6,88.3,0,2026-03-03T03:06:14.000Z
"3/2/2026, 10:09:14 PM",3.608,48.6,88.3,0,2026-03-03T03:09:14.000Z
"3/2/2026, 10:12:14 PM",3.608,48.6,88.3,0,2026-03-03T03:12:14.000Z
"3/2/2026, 10:15:14 PM",3.609,48.6,88.4,0,2026-03-03T03:15:14.000Z
"3/2/2026, 10:18:14 PM",3.608,48.7,88.4,0,2026-03-03T03:18:14.000Z
"3/2/2026, 10:21:14 PM",3.608,48.6,88.5,0,2026-03-03T03:21:14.000Z
"3/2/2026, 10:24:14 PM",3.608,48.6,88.6,0,2026-03-03T03:24:14.000Z
"3/2/2026, 10:27:14 PM",3.608,48.6,88.6,0,2026-03-03T03:27:14.000Z
"3/2/2026, 10:30:14 PM",3.608,48.6,88.7,0,2026-03-03T03:30:14.000Z
"3/2/2026, 10:33:14 PM",3.608,48.6,88.7,0,2026-03-03T03:33:14.000Z
"3/2/2026, 10:36:14 PM",3.608,48.6,88.7,0,2026-03-03T03:36:14.000Z
"3/2/2026, 10:39:14 PM",3.608,48.6,88.7,0,2026-03-03T03:39:14.000Z
"3/2/2026, 10:42:14 PM",3.608,48.7,88.8,0,2026-03-03T03:42:14.000Z
"3/2/2026, 10:45:14 PM",3.608,48.7,88.8,0,2026-03-03T03:45:14.000Z
"3/2/2026, 10:48:14 PM",3.608,48.7,88.9,0,2026-03-03T03:48:14.000Z
"3/2/2026, 10:51:14 PM",3.608,48.7,88.9,0,2026-03-03T03:51:14.000Z
"3/2/2026, 10:54:14 PM",3.608,48.7,88.9,0,2026-03-03T03:54:14.000Z
"3/2/2026, 10:57:14 PM",3.608,48.7,89,0,2026-03-03T03:57:14.000Z
"3/2/2026, 11:00:14 PM",3.608,48.9,89,0,2026-03-03T04:00:14.000Z
"3/2/2026, 11:03:14 PM",3.608,48.9,89.1,0,2026-03-03T04:03:14.000Z
"3/2/2026, 11:06:14 PM",3.608,48.7,89.1,0,2026-03-03T04:06:14.000Z
"3/2/2026, 11:09:14 PM",3.608,48.7,89.1,0,2026-03-03T04:09:14.000Z
"3/2/2026, 11:12:14 PM",3.608,48.7,89.2,0,2026-03-03T04:12:14.000Z
"3/2/2026, 11:15:14 PM",3.608,48.7,89.2,0,2026-03-03T04:15:14.000Z
"3/2/2026, 11:18:14 PM",3.608,48.9,89.3,0,2026-03-03T04:18:14.000Z
"3/2/2026, 11:21:14 PM",3.608,48.9,89.3,0,2026-03-03T04:21:14.000Z
"3/2/2026, 11:24:14 PM",3.608,48.9,89.4,0,2026-03-03T04:24:14.000Z
"3/2/2026, 11:27:14 PM",3.608,48.9,89.4,0,2026-03-03T04:27:14.000Z
"3/2/2026, 11:30:14 PM",3.608,48.9,89.4,0,2026-03-03T04:30:14.000Z
"3/2/2026, 11:33:14 PM",3.608,48.9,89.4,0,2026-03-03T04:33:14.000Z
"3/2/2026, 11:36:14 PM",3.608,48.9,89.5,0,2026-03-03T04:36:14.000Z
"3/2/2026, 11:39:14 PM",3.608,49.1,89.5,0,2026-03-03T04:39:14.000Z
"3/2/2026, 11:42:14 PM",3.608,49.1,89.5,0,2026-03-03T04:42:14.000Z
"3/2/2026, 11:45:14 PM",3.608,49.1,89.6,0,2026-03-03T04:45:14.000Z
"3/2/2026, 11:48:14 PM",3.608,49.3,89.6,0,2026-03-03T04:48:14.000Z
"3/2/2026, 11:51:14 PM",3.608,49.3,89.7,0,2026-03-03T04:51:14.000Z
"3/2/2026, 11:54:14 PM",3.608,49.3,89.7,0,2026-03-03T04:54:14.000Z
"3/2/2026, 11:57:14 PM",3.608,49.3,89.7,0,2026-03-03T04:57:14.000Z
"3/3/2026, 12:00:14 AM",3.608,49.5,89.8,0,2026-03-03T05:00:14.000Z
"3/3/2026, 12:03:14 AM",3.607,49.5,89.8,0,2026-03-03T05:03:14.000Z
"3/3/2026, 12:06:14 AM",3.608,49.6,89.9,0,2026-03-03T05:06:14.000Z
"3/3/2026, 12:09:14 AM",3.608,49.6,89.9,0,2026-03-03T05:09:14.000Z
"3/3/2026, 12:12:14 AM",3.608,49.8,89.9,0,2026-03-03T05:12:14.000Z
"3/3/2026, 12:15:14 AM",3.608,49.8,90,0,2026-03-03T05:15:14.000Z
"3/3/2026, 12:18:14 AM",3.608,49.8,90,0,2026-03-03T05:18:14.000Z
"3/3/2026, 12:21:14 AM",3.608,49.8,90.1,0,2026-03-03T05:21:14.000Z
"3/3/2026, 12:24:14 AM",3.608,49.8,90.1,0,2026-03-03T05:24:14.000Z
"3/3/2026, 12:27:14 AM",3.607,50,90.1,0,2026-03-03T05:27:14.000Z
"3/3/2026, 12:30:14 AM",3.608,50,90.2,0,2026-03-03T05:30:14.000Z
"3/3/2026, 12:33:14 AM",3.608,50,90.2,0,2026-03-03T05:33:14.000Z
"3/3/2026, 12:36:14 AM",3.608,50,90.2,0,2026-03-03T05:36:14.000Z
"3/3/2026, 12:39:14 AM",3.608,50,90.2,0,2026-03-03T05:39:14.000Z
"3/3/2026, 12:42:14 AM",3.608,50.2,90.3,0,2026-03-03T05:42:14.000Z
"3/3/2026, 12:45:14 AM",3.608,50.2,90.3,0,2026-03-03T05:45:14.000Z
"3/3/2026, 12:48:14 AM",3.608,50.2,90.3,0,2026-03-03T05:48:14.000Z
"3/3/2026, 12:51:14 AM",3.608,50.2,90.4,0,2026-03-03T05:51:14.000Z
"3/3/2026, 12:54:14 AM",3.608,50.2,90.4,0,2026-03-03T05:54:14.000Z
"3/3/2026, 12:57:14 AM",3.608,50.2,90.4,0,2026-03-03T05:57:14.000Z
"3/3/2026, 1:00:14 AM",3.608,50.4,90.5,0,2026-03-03T06:00:14.000Z
"3/3/2026, 1:03:14 AM",3.608,50.4,90.5,0,2026-03-03T06:03:14.000Z
"3/3/2026, 1:06:14 AM",3.608,50.5,90.6,0,2026-03-03T06:06:14.000Z
"3/3/2026, 1:09:14 AM",3.608,50.5,90.6,0,2026-03-03T06:09:14.000Z
"3/3/2026, 1:12:14 AM",3.608,50.5,90.6,0,2026-03-03T06:12:14.000Z
"3/3/2026, 1:15:14 AM",3.608,50.5,90.7,0,2026-03-03T06:15:14.000Z
"3/3/2026, 1:18:14 AM",3.608,50.5,90.7,0,2026-03-03T06:18:14.000Z
"3/3/2026, 1:21:14 AM",3.608,50.5,90.7,0,2026-03-03T06:21:14.000Z
"3/3/2026, 1:24:14 AM",3.608,50.5,90.8,0,2026-03-03T06:24:14.000Z
"3/3/2026, 1:27:14 AM",3.608,50.7,90.8,0,2026-03-03T06:27:14.000Z
"3/3/2026, 1:30:14 AM",3.608,50.5,90.8,0,2026-03-03T06:30:14.000Z
"3/3/2026, 1:33:14 AM",3.608,50.5,90.9,0,2026-03-03T06:33:14.000Z
"3/3/2026, 1:36:14 AM",3.608,50.5,90.9,0,2026-03-03T06:36:14.000Z
"3/3/2026, 1:39:14 AM",3.608,50.5,90.9,0,2026-03-03T06:39:14.000Z
"3/3/2026, 1:42:14 AM",3.608,50.5,90.9,0,2026-03-03T06:42:14.000Z
"3/3/2026, 1:45:14 AM",3.608,50.5,91,0,2026-03-03T06:45:14.000Z
"3/3/2026, 1:48:14 AM",3.608,50.7,91,0,2026-03-03T06:48:14.000Z
"3/3/2026, 1:51:14 AM",3.608,50.7,91,0,2026-03-03T06:51:14.000Z
"3/3/2026, 1:54:14 AM",3.608,50.7,91.1,0,2026-03-03T06:54:14.000Z
"3/3/2026, 1:57:14 AM",3.607,50.7,91.1,0,2026-03-03T06:57:14.000Z
"3/3/2026, 2:00:14 AM",3.608,50.7,91.1,0,2026-03-03T07:00:14.000Z
"3/3/2026, 2:03:14 AM",3.608,50.7,91.2,0,2026-03-03T07:03:14.000Z
"3/3/2026, 2:06:14 AM",3.608,50.9,91.2,0,2026-03-03T07:06:14.000Z
"3/3/2026, 2:09:14 AM",3.608,50.9,91.2,0,2026-03-03T07:09:14.000Z
"3/3/2026, 2:12:14 AM",3.608,50.9,91.3,0,2026-03-03T07:12:14.000Z
"3/3/2026, 2:15:14 AM",3.608,51.1,91.3,0,2026-03-03T07:15:14.000Z
"3/3/2026, 2:18:14 AM",3.608,51.1,91.3,0,2026-03-03T07:18:14.000Z
"3/3/2026, 2:21:14 AM",3.608,51.1,91.4,0,2026-03-03T07:21:14.000Z
"3/3/2026, 2:24:14 AM",3.609,51.1,91.4,0,2026-03-03T07:24:14.000Z
"3/3/2026, 2:27:14 AM",3.608,51.3,91.4,0,2026-03-03T07:27:14.000Z
"3/3/2026, 2:30:14 AM",3.608,51.3,91.4,0,2026-03-03T07:30:14.000Z
"3/3/2026, 2:33:14 AM",3.608,51.3,91.4,0,2026-03-03T07:33:14.000Z
"3/3/2026, 2:36:14 AM",3.608,51.4,91.5,0,2026-03-03T07:36:14.000Z
"3/3/2026, 2:39:14 AM",3.608,51.4,91.5,0,2026-03-03T07:39:14.000Z
"3/3/2026, 2:42:14 AM",3.609,51.4,91.6,0,2026-03-03T07:42:14.000Z
"3/3/2026, 2:45:14 AM",3.608,51.6,91.6,0,2026-03-03T07:45:14.000Z
"3/3/2026, 2:48:14 AM",3.608,51.6,91.6,0,2026-03-03T07:48:14.000Z
"3/3/2026, 2:51:14 AM",3.608,51.6,91.7,0,2026-03-03T07:51:14.000Z
"3/3/2026, 2:54:14 AM",3.609,51.6,91.7,0,2026-03-03T07:54:14.000Z
"3/3/2026, 2:57:14 AM",3.608,51.6,91.7,0,2026-03-03T07:57:14.000Z
"3/3/2026, 3:00:14 AM",3.609,51.6,91.8,0,2026-03-03T08:00:14.000Z
"3/3/2026, 3:03:14 AM",3.609,51.6,91.8,0,2026-03-03T08:03:14.000Z
"3/3/2026, 3:06:14 AM",3.608,51.6,91.8,0,2026-03-03T08:06:14.000Z
"3/3/2026, 3:09:14 AM",3.608,51.6,91.8,0,2026-03-03T08:09:14.000Z
"3/3/2026, 3:12:14 AM",3.609,51.6,91.8,0,2026-03-03T08:12:14.000Z
"3/3/2026, 3:15:14 AM",3.608,51.6,91.9,0,2026-03-03T08:15:14.000Z
"3/3/2026, 3:18:14 AM",3.608,51.8,92,0,2026-03-03T08:18:14.000Z
"3/3/2026, 3:21:14 AM",3.609,51.8,92,0,2026-03-03T08:21:14.000Z
"3/3/2026, 3:24:14 AM",3.608,51.8,92,0,2026-03-03T08:24:14.000Z
"3/3/2026, 3:27:14 AM",3.609,51.8,92,0,2026-03-03T08:27:14.000Z
"3/3/2026, 3:30:14 AM",3.608,51.8,92.1,0,2026-03-03T08:30:14.000Z
"3/3/2026, 3:33:14 AM",3.608,51.8,92.1,0,2026-03-03T08:33:14.000Z
"3/3/2026, 3:36:14 AM",3.608,51.8,92.1,0,2026-03-03T08:36:14.000Z
"3/3/2026, 3:39:14 AM",3.609,51.8,92.2,0,2026-03-03T08:39:14.000Z
"3/3/2026, 3:42:14 AM",3.608,51.8,92.2,0,2026-03-03T08:42:14.000Z
"3/3/2026, 3:45:14 AM",3.608,51.6,92.2,0,2026-03-03T08:45:14.000Z
"3/3/2026, 3:48:14 AM",3.609,51.6,92.2,0,2026-03-03T08:48:14.000Z
"3/3/2026, 3:51:14 AM",3.608,51.6,92.2,0,2026-03-03T08:51:14.000Z
"3/3/2026, 3:54:14 AM",3.608,51.6,92.2,0,2026-03-03T08:54:14.000Z
"3/3/2026, 3:57:14 AM",3.608,51.6,92.3,0,2026-03-03T08:57:14.000Z
"3/3/2026, 4:00:14 AM",3.609,51.6,92.3,0,2026-03-03T09:00:14.000Z
"3/3/2026, 4:03:14 AM",3.608,51.4,92.3,0,2026-03-03T09:03:14.000Z
"3/3/2026, 4:06:14 AM",3.608,51.4,92.4,0,2026-03-03T09:06:14.000Z
"3/3/2026, 4:09:14 AM",3.608,51.4,92.4,0,2026-03-03T09:09:14.000Z
"3/3/2026, 4:12:14 AM",3.608,51.6,92.4,0,2026-03-03T09:12:14.000Z
"3/3/2026, 4:15:14 AM",3.608,51.6,92.4,0,2026-03-03T09:15:14.000Z
"3/3/2026, 4:18:14 AM",3.608,51.6,92.5,0,2026-03-03T09:18:14.000Z
"3/3/2026, 4:21:14 AM",3.608,51.6,92.5,0,2026-03-03T09:21:14.000Z
"3/3/2026, 4:24:14 AM",3.608,51.6,92.5,0,2026-03-03T09:24:14.000Z
"3/3/2026, 4:27:14 AM",3.608,51.6,92.5,0,2026-03-03T09:27:14.000Z
"3/3/2026, 4:30:14 AM",3.608,51.6,92.6,0,2026-03-03T09:30:14.000Z
"3/3/2026, 4:33:14 AM",3.608,51.6,92.6,0,2026-03-03T09:33:14.000Z
"3/3/2026, 4:36:14 AM",3.608,51.8,92.7,0,2026-03-03T09:36:14.000Z
"3/3/2026, 4:39:14 AM",3.608,51.8,92.7,0,2026-03-03T09:39:14.000Z
"3/3/2026, 4:42:14 AM",3.608,51.8,92.7,0,2026-03-03T09:42:14.000Z
"3/3/2026, 4:45:14 AM",3.608,51.8,92.7,0,2026-03-03T09:45:14.000Z
"3/3/2026, 4:48:14 AM",3.608,51.8,92.8,0,2026-03-03T09:48:14.000Z
"3/3/2026, 4:51:14 AM",3.608,51.8,92.8,0,2026-03-03T09:51:14.000Z
"3/3/2026, 4:54:14 AM",3.608,51.8,92.8,0,2026-03-03T09:54:14.000Z
"3/3/2026, 4:57:14 AM",3.608,51.8,92.9,0,2026-03-03T09:57:14.000Z
"3/3/2026, 5:00:14 AM",3.608,51.8,92.9,0,2026-03-03T10:00:14.000Z
"3/3/2026, 5:03:14 AM",3.608,51.8,92.9,0,2026-03-03T10:03:14.000Z
"3/3/2026, 5:06:14 AM",3.608,51.8,92.9,0,2026-03-03T10:06:14.000Z
"3/3/2026, 5:09:14 AM",3.608,51.8,93,0,2026-03-03T10:09:14.000Z
"3/3/2026, 5:12:14 AM",3.608,51.8,93,0,2026-03-03T10:12:14.000Z
"3/3/2026, 5:15:14 AM",3.608,52,93,0,2026-03-03T10:15:14.000Z
"3/3/2026, 5:18:14 AM",3.608,52,93,0,2026-03-03T10:18:14.000Z
"3/3/2026, 5:21:14 AM",3.608,52,93,0,2026-03-03T10:21:14.000Z
"3/3/2026, 5:24:14 AM",3.608,52,93.1,0,2026-03-03T10:24:14.000Z
"3/3/2026, 5:27:14 AM",3.608,52,93.1,0,2026-03-03T10:27:14.000Z
"3/3/2026, 5:30:14 AM",3.608,52,93.2,0,2026-03-03T10:30:14.000Z
"3/3/2026, 5:33:14 AM",3.608,52.2,93.2,0,2026-03-03T10:33:14.000Z
"3/3/2026, 5:36:14 AM",3.608,52.2,93.2,0,2026-03-03T10:36:14.000Z
"3/3/2026, 5:39:14 AM",3.608,52.2,93.2,0,2026-03-03T10:39:14.000Z
"3/3/2026, 5:42:14 AM",3.608,52.2,93.2,0,2026-03-03T10:42:14.000Z
"3/3/2026, 5:45:14 AM",3.608,52.2,93.3,0,2026-03-03T10:45:14.000Z
"3/3/2026, 5:48:14 AM",3.608,52.2,93.3,0,2026-03-03T10:48:14.000Z
"3/3/2026, 5:51:14 AM",3.608,52.3,93.3,0,2026-03-03T10:51:14.000Z
"3/3/2026, 5:54:14 AM",3.608,52.3,93.4,0,2026-03-03T10:54:14.000Z
"3/3/2026, 5:57:14 AM",3.608,52.2,93.4,0,2026-03-03T10:57:14.000Z
"3/3/2026, 6:00:14 AM",3.608,52.2,93.4,0,2026-03-03T11:00:14.000Z
"3/3/2026, 6:03:14 AM",3.609,52.3,93.4,0,2026-03-03T11:03:14.000Z
"3/3/2026, 6:06:14 AM",3.608,52.3,93.4,0,2026-03-03T11:06:14.000Z
"3/3/2026, 6:09:14 AM",3.608,52.3,93.5,0,2026-03-03T11:09:14.000Z
"3/3/2026, 6:12:14 AM",3.608,52.3,93.5,0,2026-03-03T11:12:14.000Z
"3/3/2026, 6:15:14 AM",3.608,52.3,93.5,0,2026-03-03T11:15:14.000Z
"3/3/2026, 6:18:14 AM",3.608,52.3,93.6,0,2026-03-03T11:18:14.000Z
"3/3/2026, 6:21:14 AM",3.608,52.3,93.6,0,2026-03-03T11:21:14.000Z
"3/3/2026, 6:24:14 AM",3.608,52.5,93.6,0,2026-03-03T11:24:14.000Z
"3/3/2026, 6:27:14 AM",3.608,52.5,93.6,0,2026-03-03T11:27:14.000Z
"3/3/2026, 6:30:14 AM",3.608,52.5,93.6,0,2026-03-03T11:30:14.000Z
"3/3/2026, 6:33:14 AM",3.608,52.5,93.6,0,2026-03-03T11:33:14.000Z
"3/3/2026, 6:36:14 AM",3.608,52.5,93.7,0,2026-03-03T11:36:14.000Z
"3/3/2026, 6:39:14 AM",3.608,52.5,93.7,0,2026-03-03T11:39:14.000Z
"3/3/2026, 6:42:14 AM",3.608,52.5,93.7,0,2026-03-03T11:42:14.000Z
"3/3/2026, 6:45:14 AM",3.608,52.5,93.8,0,2026-03-03T11:45:14.000Z
"3/3/2026, 6:48:14 AM",3.608,52.5,93.8,0,2026-03-03T11:48:14.000Z
"3/3/2026, 6:51:14 AM",3.608,52.5,93.8,0,2026-03-03T11:51:14.000Z
"3/3/2026, 6:54:14 AM",3.608,52.5,93.8,0,2026-03-03T11:54:14.000Z
"3/3/2026, 6:57:14 AM",3.608,52.5,93.9,0,2026-03-03T11:57:14.000Z
"3/3/2026, 7:00:14 AM",3.608,52.5,93.9,0,2026-03-03T12:00:14.000Z
"3/3/2026, 7:03:14 AM",3.608,52.5,93.9,0,2026-03-03T12:03:14.000Z
"3/3/2026, 7:06:14 AM",3.608,52.3,93.9,0,2026-03-03T12:06:14.000Z
"3/3/2026, 7:09:14 AM",3.608,52.3,93.9,0,2026-03-03T12:09:14.000Z
"3/3/2026, 7:12:14 AM",3.608,52.3,93.9,0,2026-03-03T12:12:14.000Z
"3/3/2026, 7:15:14 AM",3.608,52.3,94,0,2026-03-03T12:15:14.000Z
"3/3/2026, 7:18:14 AM",3.608,52.5,94,0,2026-03-03T12:18:14.000Z
"3/3/2026, 7:21:14 AM",3.608,52.5,94,0,2026-03-03T12:21:14.000Z
"3/3/2026, 7:24:14 AM",3.608,52.5,94,0,2026-03-03T12:24:14.000Z
"3/3/2026, 7:27:14 AM",3.608,52.5,94.1,0,2026-03-03T12:27:14.000Z
"3/3/2026, 7:30:14 AM",3.608,52.5,94.1,0,2026-03-03T12:30:14.000Z
"3/3/2026, 7:33:14 AM",3.608,52.7,94.1,0,2026-03-03T12:33:14.000Z
"3/3/2026, 7:36:14 AM",3.608,52.7,94.1,0,2026-03-03T12:36:14.000Z
"3/3/2026, 7:39:14 AM",3.608,52.7,94.1,0,2026-03-03T12:39:14.000Z
"3/3/2026, 7:42:14 AM",3.608,52.9,94.2,0,2026-03-03T12:42:14.000Z
"3/3/2026, 7:45:14 AM",3.608,52.9,94.2,0,2026-03-03T12:45:14.000Z
"3/3/2026, 7:48:14 AM",3.608,52.9,94.2,0,2026-03-03T12:48:14.000Z
"3/3/2026, 7:51:14 AM",3.608,53.1,94.3,0,2026-03-03T12:51:14.000Z
"3/3/2026, 7:54:14 AM",3.608,53.1,94.3,0,2026-03-03T12:54:14.000Z
"3/3/2026, 7:57:14 AM",3.608,53.1,94.3,0,2026-03-03T12:57:14.000Z
"3/3/2026, 8:00:14 AM",3.608,53.2,94.3,0,2026-03-03T13:00:14.000Z
"3/3/2026, 8:03:14 AM",3.608,53.2,94.3,0,2026-03-03T13:03:14.000Z
"3/3/2026, 8:06:14 AM",3.608,53.2,94.4,0,2026-03-03T13:06:14.000Z
"3/3/2026, 8:09:14 AM",3.609,53.4,94.4,0,2026-03-03T13:09:14.000Z
"3/3/2026, 8:12:14 AM",3.608,53.4,94.4,0,2026-03-03T13:12:14.000Z
"3/3/2026, 8:15:14 AM",3.608,53.6,94.4,0,2026-03-03T13:15:14.000Z
"3/3/2026, 8:18:14 AM",3.608,53.6,94.5,0,2026-03-03T13:18:14.000Z
"3/3/2026, 8:21:14 AM",3.608,53.8,94.5,0,2026-03-03T13:21:14.000Z
"3/3/2026, 8:24:14 AM",3.609,54,94.5,0,2026-03-03T13:24:14.000Z
"3/3/2026, 8:27:14 AM",3.609,54.1,94.5,0,2026-03-03T13:27:14.000Z
"3/3/2026, 8:30:14 AM",3.609,54.1,94.6,0,2026-03-03T13:30:14.000Z
"3/3/2026, 8:33:14 AM",3.608,54.3,94.6,0,2026-03-03T13:33:14.000Z
"3/3/2026, 8:36:14 AM",3.608,54.5,94.6,0,2026-03-03T13:36:14.000Z
"3/3/2026, 8:39:14 AM",3.608,54.5,94.7,0,2026-03-03T13:39:14.000Z
"3/3/2026, 8:42:14 AM",3.608,54.7,94.7,0,2026-03-03T13:42:14.000Z
"3/3/2026, 8:45:14 AM",3.608,54.7,94.7,0,2026-03-03T13:45:14.000Z
"3/3/2026, 8:48:14 AM",3.609,54.9,94.7,0,2026-03-03T13:48:14.000Z
"3/3/2026, 8:51:14 AM",3.608,54.9,94.7,0,2026-03-03T13:51:14.000Z
"3/3/2026, 8:54:14 AM",3.609,55,94.7,0,2026-03-03T13:54:14.000Z
"3/3/2026, 8:57:14 AM",3.609,55,94.7,0,2026-03-03T13:57:14.000Z
"3/3/2026, 9:00:14 AM",3.609,55.2,94.8,0,2026-03-03T14:00:14.000Z
"3/3/2026, 9:03:14 AM",3.609,55.4,94.8,0,2026-03-03T14:03:14.000Z
"3/3/2026, 9:06:14 AM",3.609,55.6,94.8,0,2026-03-03T14:06:14.000Z
"3/3/2026, 9:09:14 AM",3.609,55.8,94.8,0,2026-03-03T14:09:14.000Z
"3/3/2026, 9:12:14 AM",3.609,55.9,94.9,0,2026-03-03T14:12:14.000Z
"3/3/2026, 9:15:14 AM",3.609,56.1,94.9,0,2026-03-03T14:15:14.000Z
"3/3/2026, 9:18:14 AM",3.609,56.1,94.9,0,2026-03-03T14:18:14.000Z
"3/3/2026, 9:21:14 AM",3.609,56.1,94.9,0,2026-03-03T14:21:14.000Z
"3/3/2026, 9:24:14 AM",3.609,56.1,95,0,2026-03-03T14:24:14.000Z
"3/3/2026, 9:27:14 AM",3.609,56.1,95,0,2026-03-03T14:27:14.000Z
"3/3/2026, 9:30:14 AM",3.609,56.1,95,0,2026-03-03T14:30:14.000Z
"3/3/2026, 9:33:14 AM",3.61,56.1,95,0,2026-03-03T14:33:14.000Z
"3/3/2026, 9:36:14 AM",3.609,55.9,95,0,2026-03-03T14:36:14.000Z
"3/3/2026, 9:39:14 AM",3.609,55.9,95,0,2026-03-03T14:39:14.000Z
"3/3/2026, 9:42:14 AM",3.61,55.9,95.1,0,2026-03-03T14:42:14.000Z
"3/3/2026, 9:45:14 AM",3.609,55.9,95.1,0,2026-03-03T14:45:14.000Z
"3/3/2026, 9:48:14 AM",3.609,55.9,95.1,0,2026-03-03T14:48:14.000Z
"3/3/2026, 9:51:14 AM",3.61,55.9,95.1,0,2026-03-03T14:51:14.000Z
"3/3/2026, 9:54:14 AM",3.609,56.1,95.1,0,2026-03-03T14:54:14.000Z
"3/3/2026, 9:57:14 AM",3.61,56.1,95.1,0,2026-03-03T14:57:14.000Z
"3/3/2026, 10:00:14 AM",3.609,56.1,95.1,0,2026-03-03T15:00:14.000Z
"3/3/2026, 10:03:14 AM",3.61,56.1,95.2,0,2026-03-03T15:03:14.000Z
"3/3/2026, 10:06:14 AM",3.609,56.3,95.2,0,2026-03-03T15:06:14.000Z
"3/3/2026, 10:09:14 AM",3.609,56.3,95.2,0,2026-03-03T15:09:14.000Z
"3/3/2026, 10:12:14 AM",3.61,56.3,95.2,0,2026-03-03T15:12:14.000Z
"3/3/2026, 10:15:14 AM",3.61,56.3,95.2,0,2026-03-03T15:15:14.000Z
"3/3/2026, 10:18:14 AM",3.61,56.3,95.2,0,2026-03-03T15:18:14.000Z
"3/3/2026, 10:21:14 AM",3.61,56.5,95.3,0,2026-03-03T15:21:14.000Z
"3/3/2026, 10:24:14 AM",3.609,56.5,95.3,0,2026-03-03T15:24:14.000Z
"3/3/2026, 10:27:14 AM",3.609,56.5,95.3,0,2026-03-03T15:27:14.000Z
"3/3/2026, 10:30:14 AM",3.609,56.5,95.4,0,2026-03-03T15:30:14.000Z
"3/3/2026, 10:33:14 AM",3.61,56.5,95.4,0,2026-03-03T15:33:14.000Z
"3/3/2026, 10:36:14 AM",3.61,56.5,95.4,0,2026-03-03T15:36:14.000Z
"3/3/2026, 10:39:14 AM",3.61,56.5,95.4,0,2026-03-03T15:39:14.000Z
"3/3/2026, 10:42:14 AM",3.61,56.5,95.4,0,2026-03-03T15:42:14.000Z
"3/3/2026, 10:45:14 AM",3.61,56.5,95.4,0,2026-03-03T15:45:14.000Z
"3/3/2026, 10:48:14 AM",3.61,56.5,95.4,0,2026-03-03T15:48:14.000Z
"3/3/2026, 10:51:14 AM",3.61,56.5,95.4,0,2026-03-03T15:51:14.000Z
"3/3/2026, 10:54:14 AM",3.61,56.5,95.4,0,2026-03-03T15:54:14.000Z
"3/3/2026, 10:57:14 AM",3.61,56.5,95.5,0,2026-03-03T15:57:14.000Z
"3/3/2026, 11:00:14 AM",3.61,56.5,95.5,0,2026-03-03T16:00:14.000Z
"3/3/2026, 11:03:14 AM",3.61,56.5,95.5,0,2026-03-03T16:03:14.000Z
"3/3/2026, 11:06:14 AM",3.609,56.3,95.5,0,2026-03-03T16:06:14.000Z
"3/3/2026, 11:09:14 AM",3.61,56.3,95.5,0,2026-03-03T16:09:14.000Z
"3/3/2026, 11:12:14 AM",3.61,56.3,95.6,0,2026-03-03T16:12:14.000Z
"3/3/2026, 11:15:14 AM",3.609,56.1,95.6,0,2026-03-03T16:15:14.000Z
"3/3/2026, 11:18:14 AM",3.61,56.1,95.6,0,2026-03-03T16:18:14.000Z
"3/3/2026, 11:21:14 AM",3.61,55.9,95.6,0,2026-03-03T16:21:14.000Z
"3/3/2026, 11:24:14 AM",3.61,55.9,95.6,0,2026-03-03T16:24:14.000Z
"3/3/2026, 11:27:14 AM",3.609,55.9,95.6,0,2026-03-03T16:27:14.000Z
"3/3/2026, 11:30:14 AM",3.61,55.8,95.6,0,2026-03-03T16:30:14.000Z
"3/3/2026, 11:33:14 AM",3.61,55.8,95.6,0,2026-03-03T16:33:14.000Z
"3/3/2026, 11:36:14 AM",3.609,55.8,95.6,0,2026-03-03T16:36:14.000Z
"3/3/2026, 11:39:14 AM",3.61,55.8,95.7,0,2026-03-03T16:39:14.000Z
"3/3/2026, 11:42:14 AM",3.61,55.8,95.7,0,2026-03-03T16:42:14.000Z
"3/3/2026, 11:45:14 AM",3.609,55.8,95.7,0,2026-03-03T16:45:14.000Z
"3/3/2026, 11:48:14 AM",3.61,55.8,95.7,0,2026-03-03T16:48:14.000Z
"3/3/2026, 11:51:14 AM",3.61,55.8,95.8,0,2026-03-03T16:51:14.000Z
"3/3/2026, 11:54:14 AM",3.61,55.8,95.8,0,2026-03-03T16:54:14.000Z
"3/3/2026, 11:57:14 AM",3.609,55.8,95.8,0,2026-03-03T16:57:14.000Z
"3/3/2026, 12:00:14 PM",3.609,55.6,95.8,0,2026-03-03T17:00:14.000Z
"3/3/2026, 12:03:14 PM",3.609,55.6,95.9,0,2026-03-03T17:03:14.000Z
"3/3/2026, 12:06:14 PM",3.609,55.6,95.9,0,2026-03-03T17:06:14.000Z
"3/3/2026, 12:09:14 PM",3.609,55.6,95.9,0,2026-03-03T17:09:14.000Z
"3/3/2026, 12:12:14 PM",3.609,55.4,95.9,0,2026-03-03T17:12:14.000Z
"3/3/2026, 12:15:14 PM",3.609,55.4,95.9,0,2026-03-03T17:15:14.000Z
"3/3/2026, 12:18:14 PM",3.609,55.4,95.9,0,2026-03-03T17:18:14.000Z
"3/3/2026, 12:21:14 PM",3.609,55.4,95.9,0,2026-03-03T17:21:14.000Z
"3/3/2026, 12:24:14 PM",3.609,55.4,95.9,0,2026-03-03T17:24:14.000Z
"3/3/2026, 12:27:14 PM",3.609,55.6,96,0,2026-03-03T17:27:14.000Z
"3/3/2026, 12:30:14 PM",3.609,55.4,96,0,2026-03-03T17:30:14.000Z
"3/3/2026, 12:33:14 PM",3.609,55.4,96,0,2026-03-03T17:33:14.000Z
"3/3/2026, 12:36:14 PM",3.609,55.2,96,0,2026-03-03T17:36:14.000Z
"3/3/2026, 12:39:14 PM",3.609,55.2,96,0,2026-03-03T17:39:14.000Z
"3/3/2026, 12:42:14 PM",3.609,55.2,96,0,2026-03-03T17:42:14.000Z
"3/3/2026, 12:45:14 PM",3.609,55,96,0,2026-03-03T17:45:14.000Z
"3/3/2026, 12:48:14 PM",3.609,55,96.1,0,2026-03-03T17:48:14.000Z
"3/3/2026, 12:51:14 PM",3.609,55.2,96.1,0,2026-03-03T17:51:14.000Z
"3/3/2026, 12:54:14 PM",3.609,55.2,96.1,0,2026-03-03T17:54:14.000Z
"3/3/2026, 12:57:14 PM",3.609,55.2,96.1,0,2026-03-03T17:57:14.000Z
"3/3/2026, 1:00:14 PM",3.609,55.2,96.1,0,2026-03-03T18:00:14.000Z
"3/3/2026, 1:03:14 PM",3.609,55.2,96.2,0,2026-03-03T18:03:14.000Z
"3/3/2026, 1:06:14 PM",3.609,55.2,96.2,0,2026-03-03T18:06:14.000Z
"3/3/2026, 1:09:14 PM",3.609,55.2,96.2,0,2026-03-03T18:09:14.000Z
"3/3/2026, 1:12:14 PM",3.609,55.2,96.2,0,2026-03-03T18:12:14.000Z
"3/3/2026, 1:15:14 PM",3.609,55.4,96.2,0,2026-03-03T18:15:14.000Z
"3/3/2026, 1:18:14 PM",3.609,55.4,96.2,0,2026-03-03T18:18:14.000Z
"3/3/2026, 1:21:14 PM",3.609,55.4,96.2,0,2026-03-03T18:21:14.000Z
"3/3/2026, 1:24:14 PM",3.609,55.6,96.3,0,2026-03-03T18:24:14.000Z
"3/3/2026, 1:27:14 PM",3.609,55.6,96.3,0,2026-03-03T18:27:14.000Z
"3/3/2026, 1:30:14 PM",3.608,55.8,96.3,0,2026-03-03T18:30:14.000Z
"3/3/2026, 1:33:14 PM",3.609,55.9,96.3,0,2026-03-03T18:33:14.000Z
"3/3/2026, 1:36:14 PM",3.609,55.9,96.3,0,2026-03-03T18:36:14.000Z
"3/3/2026, 1:39:14 PM",3.609,56.1,96.3,0,2026-03-03T18:39:14.000Z
"3/3/2026, 1:42:14 PM",3.608,56.1,96.3,0,2026-03-03T18:42:14.000Z
"3/3/2026, 1:45:14 PM",3.609,56.3,96.4,0,2026-03-03T18:45:14.000Z
"3/3/2026, 1:48:14 PM",3.609,56.3,96.4,0,2026-03-03T18:48:14.000Z
"3/3/2026, 1:51:14 PM",3.609,56.3,96.4,0,2026-03-03T18:51:14.000Z
"3/3/2026, 1:54:14 PM",3.609,56.3,96.4,0,2026-03-03T18:54:14.000Z
"3/3/2026, 1:57:14 PM",3.609,56.3,96.4,0,2026-03-03T18:57:14.000Z
"3/3/2026, 2:00:14 PM",3.609,56.5,96.4,0,2026-03-03T19:00:14.000Z
"3/3/2026, 2:03:14 PM",3.609,56.5,96.5,0,2026-03-03T19:03:14.000Z
"3/3/2026, 2:06:14 PM",3.609,56.7,96.5,0,2026-03-03T19:06:14.000Z
"3/3/2026, 2:09:14 PM",3.609,56.7,96.5,0,2026-03-03T19:09:14.000Z
"3/3/2026, 2:12:14 PM",3.609,56.7,96.5,0,2026-03-03T19:12:14.000Z
"3/3/2026, 2:15:14 PM",3.609,56.7,96.5,0,2026-03-03T19:15:14.000Z
"3/3/2026, 2:18:14 PM",3.609,56.7,96.5,0,2026-03-03T19:18:14.000Z
"3/3/2026, 2:21:14 PM",3.609,56.7,96.5,0,2026-03-03T19:21:14.000Z
"3/3/2026, 2:24:14 PM",3.609,56.8,96.5,0,2026-03-03T19:24:14.000Z
"3/3/2026, 2:27:14 PM",3.609,56.8,96.5,0,2026-03-03T19:27:14.000Z
"3/3/2026, 2:30:14 PM",3.609,56.8,96.5,0,2026-03-03T19:30:14.000Z
"3/3/2026, 2:33:14 PM",3.609,57,96.6,0,2026-03-03T19:33:14.000Z
"3/3/2026, 2:36:14 PM",3.609,57,96.6,0,2026-03-03T19:36:14.000Z
"3/3/2026, 2:39:14 PM",3.609,57,96.6,0,2026-03-03T19:39:14.000Z
"3/3/2026, 2:42:14 PM",3.609,57,96.6,0,2026-03-03T19:42:14.000Z
"3/3/2026, 2:45:14 PM",3.609,57,96.6,0,2026-03-03T19:45:14.000Z
"3/3/2026, 2:48:14 PM",3.61,57.2,96.6,0,2026-03-03T19:48:14.000Z
"3/3/2026, 2:51:14 PM",3.609,57.2,96.6,0,2026-03-03T19:51:14.000Z
"3/3/2026, 2:54:14 PM",3.61,57.4,96.6,0,2026-03-03T19:54:14.000Z
"3/3/2026, 2:57:14 PM",3.61,57.4,96.7,0,2026-03-03T19:57:14.000Z
"3/3/2026, 3:00:14 PM",3.61,57.6,96.7,0,2026-03-03T20:00:14.000Z
"3/3/2026, 3:03:14 PM",3.61,57.7,96.7,0,2026-03-03T20:03:14.000Z
"3/3/2026, 3:06:14 PM",3.609,57.9,96.7,0,2026-03-03T20:06:14.000Z
"3/3/2026, 3:09:14 PM",3.609,57.9,96.7,0,2026-03-03T20:09:14.000Z
"3/3/2026, 3:12:14 PM",3.61,58.1,96.7,0,2026-03-03T20:12:14.000Z
"3/3/2026, 3:15:14 PM",3.609,58.1,96.7,0,2026-03-03T20:15:14.000Z
"3/3/2026, 3:18:14 PM",3.609,57.9,96.7,0,2026-03-03T20:18:14.000Z
"3/3/2026, 3:21:14 PM",3.61,58.1,96.8,0,2026-03-03T20:21:14.000Z
"3/3/2026, 3:24:14 PM",3.61,58.1,96.8,0,2026-03-03T20:24:14.000Z
"3/3/2026, 3:27:14 PM",3.61,58.1,96.8,0,2026-03-03T20:27:14.000Z
"3/3/2026, 3:30:14 PM",3.61,58.1,96.8,0,2026-03-03T20:30:14.000Z
"3/3/2026, 3:33:14 PM",3.61,58.1,96.8,0,2026-03-03T20:33:14.000Z
"3/3/2026, 3:36:14 PM",3.61,58.1,96.8,0,2026-03-03T20:36:14.000Z
"3/3/2026, 3:39:14 PM",3.61,58.1,96.8,0,2026-03-03T20:39:14.000Z
"3/3/2026, 3:42:14 PM",3.61,58.1,96.8,0,2026-03-03T20:42:14.000Z
"3/3/2026, 3:45:14 PM",3.61,58.1,96.8,0,2026-03-03T20:45:14.000Z
"3/3/2026, 3:48:14 PM",3.61,58.1,96.8,0,2026-03-03T20:48:14.000Z
"3/3/2026, 3:51:14 PM",3.61,58.1,96.8,0,2026-03-03T20:51:14.000Z
"3/3/2026, 3:54:14 PM",3.61,58.1,96.8,0,2026-03-03T20:54:14.000Z
"3/3/2026, 3:57:14 PM",3.61,58.3,96.8,0,2026-03-03T20:57:14.000Z
"3/3/2026, 4:00:14 PM",3.61,58.3,96.9,0,2026-03-03T21:00:14.000Z
"3/3/2026, 4:03:14 PM",3.61,58.3,96.9,0,2026-03-03T21:03:14.000Z
"3/3/2026, 4:06:14 PM",3.61,58.3,96.9,0,2026-03-03T21:06:14.000Z
"3/3/2026, 4:09:14 PM",3.61,58.5,96.9,0,2026-03-03T21:09:14.000Z
"3/3/2026, 4:12:14 PM",3.61,58.5,96.9,0,2026-03-03T21:12:14.000Z
"3/3/2026, 4:15:14 PM",3.61,58.6,96.9,0,2026-03-03T21:15:14.000Z
"3/3/2026, 4:18:14 PM",3.61,58.6,96.9,0,2026-03-03T21:18:14.000Z
"3/3/2026, 4:21:14 PM",3.61,58.6,97,0,2026-03-03T21:21:14.000Z
"3/3/2026, 4:24:14 PM",3.611,58.6,97,0,2026-03-03T21:24:14.000Z
"3/3/2026, 4:27:14 PM",3.61,58.8,97,0,2026-03-03T21:27:14.000Z
"3/3/2026, 4:30:14 PM",3.61,58.8,97,0,2026-03-03T21:30:14.000Z
"3/3/2026, 4:33:14 PM",3.61,58.8,97,0,2026-03-03T21:33:14.000Z
"3/3/2026, 4:36:14 PM",3.61,58.8,97,0,2026-03-03T21:36:14.000Z
"3/3/2026, 4:39:14 PM",3.61,59,97,0,2026-03-03T21:39:14.000Z
"3/3/2026, 4:42:14 PM",3.61,59,97,0,2026-03-03T21:42:14.000Z
"3/3/2026, 4:45:14 PM",3.61,59,97,0,2026-03-03T21:45:14.000Z
"3/3/2026, 4:48:14 PM",3.61,59.2,97,0,2026-03-03T21:48:14.000Z
"3/3/2026, 4:51:14 PM",3.611,59.2,97,0,2026-03-03T21:51:14.000Z
"3/3/2026, 4:54:14 PM",3.61,59.4,97.1,0,2026-03-03T21:54:14.000Z
"3/3/2026, 4:57:14 PM",3.61,59.4,97.1,0,2026-03-03T21:57:14.000Z
"3/3/2026, 5:00:14 PM",3.61,59.4,97.1,0,2026-03-03T22:00:14.000Z
"3/3/2026, 5:03:14 PM",3.611,59.5,97.1,0,2026-03-03T22:03:14.000Z
"3/3/2026, 5:06:14 PM",3.61,59.5,97.1,0,2026-03-03T22:06:14.000Z
"3/3/2026, 5:09:14 PM",3.611,59.5,97.1,0,2026-03-03T22:09:14.000Z
"3/3/2026, 5:12:14 PM",3.61,59.7,97.1,0,2026-03-03T22:12:14.000Z
"3/3/2026, 5:15:14 PM",3.61,59.7,97.1,0,2026-03-03T22:15:14.000Z
"3/3/2026, 5:18:14 PM",3.61,59.9,97.1,0,2026-03-03T22:18:14.000Z
"3/3/2026, 5:21:14 PM",3.611,59.9,97.1,0,2026-03-03T22:21:14.000Z
"3/3/2026, 5:24:14 PM",3.611,59.9,97.1,0,2026-03-03T22:24:14.000Z
"3/3/2026, 5:27:14 PM",3.61,59.9,97.2,0,2026-03-03T22:27:14.000Z
"3/3/2026, 5:30:14 PM",3.611,60.1,97.2,0,2026-03-03T22:30:14.000Z
"3/3/2026, 5:33:14 PM",3.611,60.1,97.2,0,2026-03-03T22:33:14.000Z
"3/3/2026, 5:36:14 PM",3.611,60.1,97.2,0,2026-03-03T22:36:14.000Z
"3/3/2026, 5:39:14 PM",3.611,60.1,97.2,0,2026-03-03T22:39:14.000Z
"3/3/2026, 5:42:14 PM",3.611,60.1,97.2,0,2026-03-03T22:42:14.000Z
"3/3/2026, 5:45:14 PM",3.611,60.1,97.2,0,2026-03-03T22:45:14.000Z
"3/3/2026, 5:48:14 PM",3.611,60.1,97.2,0,2026-03-03T22:48:14.000Z
"3/3/2026, 5:51:14 PM",3.611,60.1,97.2,0,2026-03-03T22:51:14.000Z
"3/3/2026, 5:54:14 PM",3.611,60.1,97.3,0,2026-03-03T22:54:14.000Z
"3/3/2026, 5:57:14 PM",3.611,60.1,97.3,0,2026-03-03T22:57:14.000Z
"3/3/2026, 6:00:14 PM",3.611,59.9,97.2,0,2026-03-03T23:00:14.000Z
"3/3/2026, 6:03:14 PM",3.611,60.1,97.3,0,2026-03-03T23:03:14.000Z
"3/3/2026, 6:06:14 PM",3.611,60.1,97.3,0,2026-03-03T23:06:14.000Z
"3/3/2026, 6:09:14 PM",3.612,59.9,97.3,0,2026-03-03T23:09:14.000Z
"3/3/2026, 6:12:14 PM",3.611,59.9,97.3,0,2026-03-03T23:12:14.000Z
"3/3/2026, 6:15:14 PM",3.611,59.9,97.3,0,2026-03-03T23:15:14.000Z
"3/3/2026, 6:18:14 PM",3.611,59.9,97.3,0,2026-03-03T23:18:14.000Z
"3/3/2026, 6:21:14 PM",3.611,59.9,97.3,0,2026-03-03T23:21:14.000Z
"3/3/2026, 6:24:14 PM",3.611,59.9,97.4,0,2026-03-03T23:24:14.000Z
"3/3/2026, 6:27:14 PM",3.611,59.9,97.4,0,2026-03-03T23:27:14.000Z
"3/3/2026, 6:30:14 PM",3.611,59.9,97.4,0,2026-03-03T23:30:14.000Z
"3/3/2026, 6:33:14 PM",3.611,59.7,97.4,0,2026-03-03T23:33:14.000Z
"3/3/2026, 6:36:14 PM",3.611,59.7,97.4,0,2026-03-03T23:36:14.000Z
"3/3/2026, 6:39:14 PM",3.611,59.7,97.5,0,2026-03-03T23:39:14.000Z
"3/3/2026, 6:42:14 PM",3.611,59.7,97.5,0,2026-03-03T23:42:14.000Z
"3/3/2026, 6:45:14 PM",3.611,59.7,97.5,0,2026-03-03T23:45:14.000Z
"3/3/2026, 6:48:14 PM",3.611,59.7,97.5,0,2026-03-03T23:48:14.000Z
"3/3/2026, 6:51:14 PM",3.611,59.7,97.5,0,2026-03-03T23:51:14.000Z
"3/3/2026, 6:54:14 PM",3.612,59.5,97.5,0,2026-03-03T23:54:14.000Z
"3/3/2026, 6:57:14 PM",3.611,59.5,97.5,0,2026-03-03T23:57:14.000Z
"3/3/2026, 7:00:14 PM",3.611,59.5,97.5,0,2026-03-04T00:00:14.000Z
"3/3/2026, 7:03:14 PM",3.611,59.5,97.5,0,2026-03-04T00:03:14.000Z
"3/3/2026, 7:06:14 PM",3.611,59.5,97.6,0,2026-03-04T00:06:14.000Z
"3/3/2026, 7:09:14 PM",3.611,59.4,97.6,0,2026-03-04T00:09:14.000Z
"3/3/2026, 7:12:14 PM",3.611,59.4,97.6,0,2026-03-04T00:12:14.000Z
"3/3/2026, 7:15:14 PM",3.611,59.4,97.6,0,2026-03-04T00:15:14.000Z
"3/3/2026, 7:18:14 PM",3.611,59.4,97.6,0,2026-03-04T00:18:14.000Z
"3/3/2026, 7:21:14 PM",3.61,59.4,97.6,0,2026-03-04T00:21:14.000Z
"3/3/2026, 7:24:14 PM",3.611,59.4,97.6,0,2026-03-04T00:24:14.000Z
"3/3/2026, 7:27:14 PM",3.61,59.4,97.7,0,2026-03-04T00:27:14.000Z
"3/3/2026, 7:30:14 PM",3.611,59.4,97.7,0,2026-03-04T00:30:14.000Z
"3/3/2026, 7:33:14 PM",3.611,59.4,97.7,0,2026-03-04T00:33:14.000Z
"3/3/2026, 7:36:14 PM",3.611,59.4,97.7,0,2026-03-04T00:36:14.000Z
"3/3/2026, 7:39:14 PM",3.611,59.4,97.7,0,2026-03-04T00:39:14.000Z
"3/3/2026, 7:42:14 PM",3.61,59.2,97.7,0,2026-03-04T00:42:14.000Z
"3/3/2026, 7:45:14 PM",3.611,59.2,97.7,0,2026-03-04T00:45:14.000Z
"3/3/2026, 7:48:14 PM",3.611,59.2,97.7,0,2026-03-04T00:48:14.000Z
"3/3/2026, 7:51:14 PM",3.61,59,97.8,0,2026-03-04T00:51:14.000Z
"3/3/2026, 7:54:14 PM",3.61,59,97.8,0,2026-03-04T00:54:14.000Z
"3/3/2026, 7:57:14 PM",3.611,59,97.8,0,2026-03-04T00:57:14.000Z
"3/3/2026, 8:00:14 PM",3.611,59,97.8,0,2026-03-04T01:00:14.000Z
"3/3/2026, 8:03:14 PM",3.611,59,97.8,0,2026-03-04T01:03:14.000Z
"3/3/2026, 8:06:14 PM",3.61,59,97.8,0,2026-03-04T01:06:14.000Z
"3/3/2026, 8:09:14 PM",3.61,59,97.8,0,2026-03-04T01:09:14.000Z
"3/3/2026, 8:12:14 PM",3.61,59,97.8,0,2026-03-04T01:12:14.000Z
"3/3/2026, 8:15:14 PM",3.61,59,97.8,0,2026-03-04T01:15:14.000Z
"3/3/2026, 8:18:14 PM",3.61,59,97.8,0,2026-03-04T01:18:14.000Z
"3/3/2026, 8:21:14 PM",3.61,59,97.8,0,2026-03-04T01:21:14.000Z
"3/3/2026, 8:24:14 PM",3.61,59,97.9,0,2026-03-04T01:24:14.000Z
"3/3/2026, 8:27:14 PM",3.61,59,97.9,0,2026-03-04T01:27:14.000Z
"3/3/2026, 8:30:14 PM",3.61,58.8,97.9,0,2026-03-04T01:30:14.000Z
"3/3/2026, 8:33:14 PM",3.61,58.8,97.9,0,2026-03-04T01:33:14.000Z
"3/3/2026, 8:36:14 PM",3.61,58.8,97.9,0,2026-03-04T01:36:14.000Z
"3/3/2026, 8:39:14 PM",3.61,58.8,97.9,0,2026-03-04T01:39:14.000Z
"3/3/2026, 8:42:14 PM",3.61,58.6,97.9,0,2026-03-04T01:42:14.000Z
"3/3/2026, 8:45:14 PM",3.61,58.6,97.9,0,2026-03-04T01:45:14.000Z
"3/3/2026, 8:48:14 PM",3.61,58.6,97.9,0,2026-03-04T01:48:14.000Z
"3/3/2026, 8:51:14 PM",3.61,58.5,97.9,0,2026-03-04T01:51:14.000Z
"3/3/2026, 8:54:14 PM",3.61,58.5,98,0,2026-03-04T01:54:14.000Z
"3/3/2026, 8:57:14 PM",3.61,58.5,98,0,2026-03-04T01:57:14.000Z
"3/3/2026, 9:00:14 PM",3.61,58.3,97.9,0,2026-03-04T02:00:14.000Z
"3/3/2026, 9:03:14 PM",3.61,58.3,98,0,2026-03-04T02:03:14.000Z
"3/3/2026, 9:06:14 PM",3.61,58.3,98,0,2026-03-04T02:06:14.000Z
"3/3/2026, 9:09:14 PM",3.61,58.3,98,0,2026-03-04T02:09:14.000Z
"3/3/2026, 9:12:14 PM",3.61,58.1,98,0,2026-03-04T02:12:14.000Z
"3/3/2026, 9:15:14 PM",3.61,58.1,98,0,2026-03-04T02:15:14.000Z
"3/3/2026, 9:18:14 PM",3.61,58.1,98,0,2026-03-04T02:18:14.000Z
"3/3/2026, 9:21:14 PM",3.61,57.9,98,0,2026-03-04T02:21:14.000Z
"3/3/2026, 9:24:14 PM",3.61,57.9,98,0,2026-03-04T02:24:14.000Z
"3/3/2026, 9:27:14 PM",3.61,57.9,98,0,2026-03-04T02:27:14.000Z
"3/3/2026, 9:30:14 PM",3.61,57.9,98,0,2026-03-04T02:30:14.000Z
"3/3/2026, 9:33:14 PM",3.61,57.9,98,0,2026-03-04T02:33:14.000Z
"3/3/2026, 9:36:14 PM",3.61,57.9,98.1,0,2026-03-04T02:36:14.000Z
"3/3/2026, 9:39:14 PM",3.609,57.9,98.1,0,2026-03-04T02:39:14.000Z
"3/3/2026, 9:42:14 PM",3.61,57.9,98.1,0,2026-03-04T02:42:14.000Z
"3/3/2026, 9:45:14 PM",3.61,57.9,98.1,0,2026-03-04T02:45:14.000Z
"3/3/2026, 9:48:14 PM",3.61,58.1,98.1,0,2026-03-04T02:48:14.000Z
"3/3/2026, 9:51:14 PM",3.61,57.9,98.1,0,2026-03-04T02:51:14.000Z
"3/3/2026, 9:54:14 PM",3.61,57.9,98.1,0,2026-03-04T02:54:14.000Z
"3/3/2026, 9:57:14 PM",3.61,57.7,98.1,0,2026-03-04T02:57:14.000Z
"3/3/2026, 10:00:14 PM",3.61,57.7,98.2,0,2026-03-04T03:00:14.000Z
"3/3/2026, 10:03:14 PM",3.61,57.7,98.1,0,2026-03-04T03:03:14.000Z
"3/3/2026, 10:06:14 PM",3.61,57.7,98.1,0,2026-03-04T03:06:14.000Z
"3/3/2026, 10:09:14 PM",3.609,57.6,98.1,0,2026-03-04T03:09:14.000Z
"3/3/2026, 10:12:14 PM",3.61,57.6,98.1,0,2026-03-04T03:12:14.000Z
"3/3/2026, 10:15:14 PM",3.609,57.6,98.2,0,2026-03-04T03:15:14.000Z
"3/3/2026, 10:18:14 PM",3.61,57.6,98.2,0,2026-03-04T03:18:14.000Z
"3/3/2026, 10:21:14 PM",3.609,57.4,98.2,0,2026-03-04T03:21:14.000Z
"3/3/2026, 10:24:14 PM",3.609,57.4,98.2,0,2026-03-04T03:24:14.000Z
"3/3/2026, 10:27:14 PM",3.609,57.4,98.2,0,2026-03-04T03:27:14.000Z
"3/3/2026, 10:30:14 PM",3.609,57.4,98.2,0,2026-03-04T03:30:14.000Z
"3/3/2026, 10:33:14 PM",3.61,57.4,98.2,0,2026-03-04T03:33:14.000Z
"3/3/2026, 10:36:14 PM",3.61,57.4,98.2,0,2026-03-04T03:36:14.000Z
"3/3/2026, 10:39:14 PM",3.61,57.4,98.2,0,2026-03-04T03:39:14.000Z
"3/3/2026, 10:42:14 PM",3.609,57.4,98.2,0,2026-03-04T03:42:14.000Z
"3/3/2026, 10:45:14 PM",3.61,57.4,98.2,0,2026-03-04T03:45:14.000Z
"3/3/2026, 10:48:14 PM",3.609,57.4,98.3,0,2026-03-04T03:48:14.000Z
"3/3/2026, 10:51:14 PM",3.61,57.4,98.3,0,2026-03-04T03:51:14.000Z
"3/3/2026, 10:54:14 PM",3.609,57.2,98.3,0,2026-03-04T03:54:14.000Z
"3/3/2026, 10:57:14 PM",3.61,57.2,98.3,0,2026-03-04T03:57:14.000Z
"3/3/2026, 11:00:14 PM",3.61,57.2,98.3,0,2026-03-04T04:00:14.000Z
"3/3/2026, 11:03:14 PM",3.61,57.4,98.3,0,2026-03-04T04:03:14.000Z
"3/3/2026, 11:06:14 PM",3.609,57.4,98.3,0,2026-03-04T04:06:14.000Z
"3/3/2026, 11:09:14 PM",3.61,57.4,98.3,0,2026-03-04T04:09:14.000Z
"3/3/2026, 11:12:14 PM",3.609,57.2,98.4,0,2026-03-04T04:12:14.000Z
"3/3/2026, 11:15:14 PM",3.609,57.2,98.4,0,2026-03-04T04:15:14.000Z
"3/3/2026, 11:18:14 PM",3.609,57.2,98.4,0,2026-03-04T04:18:14.000Z
"3/3/2026, 11:21:14 PM",3.609,57,98.3,0,2026-03-04T04:21:14.000Z
"3/3/2026, 11:24:14 PM",3.609,56.8,98.4,0,2026-03-04T04:24:14.000Z
"3/3/2026, 11:27:14 PM",3.609,56.7,98.4,0,2026-03-04T04:27:14.000Z
"3/3/2026, 11:30:14 PM",3.609,56.5,98.4,0,2026-03-04T04:30:14.000Z
"3/3/2026, 11:33:14 PM",3.609,56.3,98.3,0,2026-03-04T04:33:14.000Z
"3/3/2026, 11:36:14 PM",3.609,56.3,98.4,0,2026-03-04T04:36:14.000Z
"3/3/2026, 11:39:14 PM",3.609,56.1,98.4,0,2026-03-04T04:39:14.000Z
"3/3/2026, 11:42:14 PM",3.609,56.1,98.4,0,2026-03-04T04:42:14.000Z
"3/3/2026, 11:45:14 PM",3.609,56.1,98.4,0,2026-03-04T04:45:14.000Z
"3/3/2026, 11:48:14 PM",3.609,56.1,98.4,0,2026-03-04T04:48:14.000Z
"3/3/2026, 11:51:14 PM",3.609,56.1,98.4,0,2026-03-04T04:51:14.000Z
"3/3/2026, 11:54:14 PM",3.609,56.1,98.4,0,2026-03-04T04:54:14.000Z
"3/3/2026, 11:57:14 PM",3.609,55.9,98.5,0,2026-03-04T04:57:14.000Z
"3/4/2026, 12:00:14 AM",3.609,55.9,98.5,0,2026-03-04T05:00:14.000Z
"3/4/2026, 12:03:14 AM",3.609,55.9,98.5,0,2026-03-04T05:03:14.000Z
"3/4/2026, 12:06:14 AM",3.608,55.9,98.5,0,2026-03-04T05:06:14.000Z
"3/4/2026, 12:09:14 AM",3.608,55.9,98.5,0,2026-03-04T05:09:14.000Z
"3/4/2026, 12:12:14 AM",3.608,56.1,98.5,0,2026-03-04T05:12:14.000Z
"3/4/2026, 12:15:14 AM",3.608,56.1,98.5,0,2026-03-04T05:15:14.000Z
"3/4/2026, 12:18:14 AM",3.609,56.3,98.6,0,2026-03-04T05:18:14.000Z
"3/4/2026, 12:21:14 AM",3.608,56.3,98.6,0,2026-03-04T05:21:14.000Z
"3/4/2026, 12:24:14 AM",3.609,56.5,98.6,0,2026-03-04T05:24:14.000Z
"3/4/2026, 12:27:14 AM",3.608,56.5,98.6,0,2026-03-04T05:27:14.000Z
"3/4/2026, 12:30:14 AM",3.609,56.7,98.6,0,2026-03-04T05:30:14.000Z
"3/4/2026, 12:33:14 AM",3.608,56.7,98.6,0,2026-03-04T05:33:14.000Z
"3/4/2026, 12:36:14 AM",3.609,56.8,98.6,0,2026-03-04T05:36:14.000Z
"3/4/2026, 12:39:14 AM",3.608,57,98.6,0,2026-03-04T05:39:14.000Z
"3/4/2026, 12:42:14 AM",3.608,57,98.6,0,2026-03-04T05:42:14.000Z
"3/4/2026, 12:45:14 AM",3.609,57.2,98.6,0,2026-03-04T05:45:14.000Z
"3/4/2026, 12:48:14 AM",3.609,57.2,98.6,0,2026-03-04T05:48:14.000Z
"3/4/2026, 12:51:14 AM",3.609,57.4,98.6,0,2026-03-04T05:51:14.000Z
"3/4/2026, 12:54:14 AM",3.609,57.4,98.6,0,2026-03-04T05:54:14.000Z
"3/4/2026, 12:57:14 AM",3.609,57.4,98.6,0,2026-03-04T05:57:14.000Z
"3/4/2026, 1:00:14 AM",3.609,57.4,98.7,0,2026-03-04T06:00:14.000Z
"3/4/2026, 1:03:14 AM",3.609,57.6,98.7,0,2026-03-04T06:03:14.000Z
"3/4/2026, 1:06:14 AM",3.609,57.6,98.7,0,2026-03-04T06:06:14.000Z
"3/4/2026, 1:09:14 AM",3.609,57.6,98.7,0,2026-03-04T06:09:14.000Z
"3/4/2026, 1:12:14 AM",3.609,57.6,98.7,0,2026-03-04T06:12:14.000Z
"3/4/2026, 1:15:14 AM",3.609,57.7,98.7,0,2026-03-04T06:15:14.000Z
"3/4/2026, 1:18:14 AM",3.609,57.7,98.7,0,2026-03-04T06:18:14.000Z
"3/4/2026, 1:21:14 AM",3.609,57.7,98.7,0,2026-03-04T06:21:14.000Z
"3/4/2026, 1:24:14 AM",3.609,57.7,98.7,0,2026-03-04T06:24:14.000Z
"3/4/2026, 1:27:14 AM",3.609,57.9,98.7,0,2026-03-04T06:27:14.000Z
"3/4/2026, 1:30:14 AM",3.608,57.9,98.7,0,2026-03-04T06:30:14.000Z
"3/4/2026, 1:33:14 AM",3.609,57.9,98.7,0,2026-03-04T06:33:14.000Z
"3/4/2026, 1:36:14 AM",3.609,57.9,98.7,0,2026-03-04T06:36:14.000Z
"3/4/2026, 1:39:14 AM",3.609,57.9,98.7,0,2026-03-04T06:39:14.000Z
"3/4/2026, 1:42:14 AM",3.609,57.9,98.7,0,2026-03-04T06:42:14.000Z
"3/4/2026, 1:45:14 AM",3.609,58.1,98.7,0,2026-03-04T06:45:14.000Z
"3/4/2026, 1:48:14 AM",3.609,58.1,98.7,0,2026-03-04T06:48:14.000Z
"3/4/2026, 1:51:14 AM",3.609,58.1,98.7,0,2026-03-04T06:51:14.000Z
"3/4/2026, 1:54:14 AM",3.61,58.1,98.7,0,2026-03-04T06:54:14.000Z
"3/4/2026, 1:57:14 AM",3.609,58.1,98.8,0,2026-03-04T06:57:14.000Z
"3/4/2026, 2:00:14 AM",3.609,58.1,98.8,0,2026-03-04T07:00:14.000Z
"3/4/2026, 2:03:14 AM",3.609,58.1,98.8,0,2026-03-04T07:03:14.000Z
"3/4/2026, 2:06:14 AM",3.609,58.1,98.8,0,2026-03-04T07:06:14.000Z
"3/4/2026, 2:09:14 AM",3.609,58.1,98.8,0,2026-03-04T07:09:14.000Z
"3/4/2026, 2:12:14 AM",3.609,58.1,98.8,0,2026-03-04T07:12:14.000Z
"3/4/2026, 2:15:14 AM",3.609,58.3,98.8,0,2026-03-04T07:15:14.000Z
"3/4/2026, 2:18:14 AM",3.609,58.3,98.8,0,2026-03-04T07:18:14.000Z
"3/4/2026, 2:21:14 AM",3.609,58.3,98.8,0,2026-03-04T07:21:14.000Z
"3/4/2026, 2:24:14 AM",3.61,58.5,98.8,0,2026-03-04T07:24:14.000Z
"3/4/2026, 2:27:14 AM",3.609,58.5,98.8,0,2026-03-04T07:27:14.000Z
"3/4/2026, 2:30:14 AM",3.609,58.5,98.8,0,2026-03-04T07:30:14.000Z
"3/4/2026, 2:33:14 AM",3.609,58.3,98.8,0,2026-03-04T07:33:14.000Z
"3/4/2026, 2:36:14 AM",3.609,58.3,98.8,0,2026-03-04T07:36:14.000Z
"3/4/2026, 2:39:14 AM",3.609,58.3,98.8,0,2026-03-04T07:39:14.000Z
"3/4/2026, 2:42:14 AM",3.609,58.3,98.8,0,2026-03-04T07:42:14.000Z
"3/4/2026, 2:45:14 AM",3.61,58.3,98.8,0,2026-03-04T07:45:14.000Z
"3/4/2026, 2:48:14 AM",3.609,58.5,98.8,0,2026-03-04T07:48:14.000Z
"3/4/2026, 2:51:14 AM",3.609,58.5,98.9,0,2026-03-04T07:51:14.000Z
"3/4/2026, 2:54:14 AM",3.61,58.5,98.9,0,2026-03-04T07:54:14.000Z
"3/4/2026, 2:57:14 AM",3.61,58.3,98.8,0,2026-03-04T07:57:14.000Z
"3/4/2026, 3:00:14 AM",3.609,58.3,98.8,0,2026-03-04T08:00:14.000Z
"3/4/2026, 3:03:14 AM",3.609,58.3,98.8,0,2026-03-04T08:03:14.000Z
"3/4/2026, 3:06:14 AM",3.609,58.3,98.8,0,2026-03-04T08:06:14.000Z
"3/4/2026, 3:09:14 AM",3.609,58.3,98.8,0,2026-03-04T08:09:14.000Z
"3/4/2026, 3:12:14 AM",3.609,58.3,98.9,0,2026-03-04T08:12:14.000Z
"3/4/2026, 3:15:14 AM",3.609,58.3,98.9,0,2026-03-04T08:15:14.000Z
"3/4/2026, 3:18:14 AM",3.609,58.3,98.9,0,2026-03-04T08:18:14.000Z
"3/4/2026, 3:21:14 AM",3.609,58.3,98.9,0,2026-03-04T08:21:14.000Z
"3/4/2026, 3:24:14 AM",3.61,58.5,98.9,0,2026-03-04T08:24:14.000Z
"3/4/2026, 3:27:14 AM",3.61,58.5,98.9,0,2026-03-04T08:27:14.000Z
"3/4/2026, 3:30:14 AM",3.61,58.5,99,0,2026-03-04T08:30:14.000Z
"3/4/2026, 3:33:14 AM",3.609,58.5,99,0,2026-03-04T08:33:14.000Z
"3/4/2026, 3:36:14 AM",3.609,58.6,99,0,2026-03-04T08:36:14.000Z
"3/4/2026, 3:39:14 AM",3.609,58.6,99,0,2026-03-04T08:39:14.000Z
"3/4/2026, 3:42:14 AM",3.609,58.6,99,0,2026-03-04T08:42:14.000Z
"3/4/2026, 3:45:14 AM",3.61,58.6,99,0,2026-03-04T08:45:14.000Z
"3/4/2026, 3:48:14 AM",3.609,58.6,99,0,2026-03-04T08:48:14.000Z
"3/4/2026, 3:51:14 AM",3.61,58.6,99,0,2026-03-04T08:51:14.000Z
"3/4/2026, 3:54:14 AM",3.61,58.5,99,0,2026-03-04T08:54:14.000Z
"3/4/2026, 3:57:14 AM",3.609,58.5,99,0,2026-03-04T08:57:14.000Z
"3/4/2026, 4:00:14 AM",3.61,58.5,99,0,2026-03-04T09:00:14.000Z
"3/4/2026, 4:03:14 AM",3.61,58.5,99,0,2026-03-04T09:03:14.000Z
"3/4/2026, 4:06:14 AM",3.609,58.5,99,0,2026-03-04T09:06:14.000Z
"3/4/2026, 4:09:14 AM",3.609,58.5,99.1,0,2026-03-04T09:09:14.000Z
"3/4/2026, 4:12:14 AM",3.609,58.5,99.1,0,2026-03-04T09:12:14.000Z
"3/4/2026, 4:15:14 AM",3.61,58.5,99.1,0,2026-03-04T09:15:14.000Z
"3/4/2026, 4:18:14 AM",3.61,58.5,99.1,0,2026-03-04T09:18:14.000Z
"3/4/2026, 4:21:14 AM",3.609,58.6,99.1,0,2026-03-04T09:21:14.000Z
"3/4/2026, 4:24:14 AM",3.61,58.6,99.1,0,2026-03-04T09:24:14.000Z
"3/4/2026, 4:27:14 AM",3.61,58.6,99.1,0,2026-03-04T09:27:14.000Z
"3/4/2026, 4:30:14 AM",3.609,58.6,99.1,0,2026-03-04T09:30:14.000Z
"3/4/2026, 4:33:14 AM",3.61,58.6,99.2,0,2026-03-04T09:33:14.000Z
"3/4/2026, 4:36:14 AM",3.61,58.6,99.2,0,2026-03-04T09:36:14.000Z
"3/4/2026, 4:39:14 AM",3.609,58.6,99.2,0,2026-03-04T09:39:14.000Z
"3/4/2026, 4:42:14 AM",3.609,58.6,99.2,0,2026-03-04T09:42:14.000Z
"3/4/2026, 4:45:14 AM",3.609,58.8,99.2,0,2026-03-04T09:45:14.000Z
"3/4/2026, 4:48:14 AM",3.609,58.6,99.2,0,2026-03-04T09:48:14.000Z
"3/4/2026, 4:51:14 AM",3.61,58.6,99.3,0,2026-03-04T09:51:14.000Z
"3/4/2026, 4:54:14 AM",3.609,58.6,99.3,0,2026-03-04T09:54:14.000Z
"3/4/2026, 4:57:14 AM",3.61,58.6,99.3,0,2026-03-04T09:57:14.000Z
"3/4/2026, 5:00:14 AM",3.609,58.8,99.3,0,2026-03-04T10:00:14.000Z
"3/4/2026, 5:03:14 AM",3.61,58.8,99.3,0,2026-03-04T10:03:14.000Z
"3/4/2026, 5:06:14 AM",3.61,58.8,99.3,0,2026-03-04T10:06:14.000Z
"3/4/2026, 5:09:14 AM",3.61,58.8,99.3,0,2026-03-04T10:09:14.000Z
"3/4/2026, 5:12:14 AM",3.609,58.8,99.3,0,2026-03-04T10:12:14.000Z
"3/4/2026, 5:15:14 AM",3.609,58.8,99.3,0,2026-03-04T10:15:14.000Z
"3/4/2026, 5:18:14 AM",3.61,59,99.3,0,2026-03-04T10:18:14.000Z
"3/4/2026, 5:21:14 AM",3.609,59,99.3,0,2026-03-04T10:21:14.000Z
"3/4/2026, 5:24:14 AM",3.609,59,99.3,0,2026-03-04T10:24:14.000Z
"3/4/2026, 5:27:14 AM",3.609,58.8,99.4,0,2026-03-04T10:27:14.000Z
"3/4/2026, 5:30:14 AM",3.609,58.8,99.4,0,2026-03-04T10:30:14.000Z
"3/4/2026, 5:33:14 AM",3.609,58.6,99.4,0,2026-03-04T10:33:14.000Z
"3/4/2026, 5:36:14 AM",3.609,58.6,99.4,0,2026-03-04T10:36:14.000Z
"3/4/2026, 5:39:14 AM",3.61,58.8,99.4,0,2026-03-04T10:39:14.000Z
"3/4/2026, 5:42:14 AM",3.61,58.8,99.4,0,2026-03-04T10:42:14.000Z
"3/4/2026, 5:45:14 AM",3.609,58.8,99.4,0,2026-03-04T10:45:14.000Z
"3/4/2026, 5:48:14 AM",3.609,58.8,99.4,0,2026-03-04T10:48:14.000Z
"3/4/2026, 5:51:14 AM",3.609,58.6,99.5,0,2026-03-04T10:51:14.000Z
"3/4/2026, 5:54:14 AM",3.609,58.3,99.4,0,2026-03-04T10:54:14.000Z
"3/4/2026, 5:57:14 AM",3.609,57.9,99.4,0,2026-03-04T10:57:14.000Z
"3/4/2026, 6:00:14 AM",3.609,57.6,99.4,0,2026-03-04T11:00:14.000Z
"3/4/2026, 6:03:14 AM",3.609,57.4,99.4,0,2026-03-04T11:03:14.000Z
"3/4/2026, 6:06:14 AM",3.61,57.2,99.4,0,2026-03-04T11:06:14.000Z
"3/4/2026, 6:09:14 AM",3.609,57.2,99.4,0,2026-03-04T11:09:14.000Z
"3/4/2026, 6:12:14 AM",3.609,57.2,99.4,0,2026-03-04T11:12:14.000Z
"3/4/2026, 6:15:14 AM",3.609,57,99.5,0,2026-03-04T11:15:14.000Z
"3/4/2026, 6:18:14 AM",3.609,57.2,99.5,0,2026-03-04T11:18:14.000Z
"3/4/2026, 6:21:14 AM",3.609,57.2,99.5,0,2026-03-04T11:21:14.000Z
"3/4/2026, 6:24:14 AM",3.609,57.2,99.5,0,2026-03-04T11:24:14.000Z
"3/4/2026, 6:27:14 AM",3.609,57.2,99.5,0,2026-03-04T11:27:14.000Z
"3/4/2026, 6:30:14 AM",3.609,57.4,99.5,0,2026-03-04T11:30:14.000Z
"3/4/2026, 6:33:14 AM",3.609,57.6,99.6,0,2026-03-04T11:33:14.000Z
"3/4/2026, 6:36:14 AM",3.609,57.6,99.6,0,2026-03-04T11:36:14.000Z
"3/4/2026, 6:39:14 AM",3.609,57.7,99.6,0,2026-03-04T11:39:14.000Z
"3/4/2026, 6:42:14 AM",3.609,57.7,99.6,0,2026-03-04T11:42:14.000Z
"3/4/2026, 6:45:14 AM",3.609,57.7,99.6,0,2026-03-04T11:45:14.000Z
"3/4/2026, 6:48:14 AM",3.609,57.7,99.6,0,2026-03-04T11:48:14.000Z
"3/4/2026, 6:51:14 AM",3.608,57.7,99.6,0,2026-03-04T11:51:14.000Z
"3/4/2026, 6:54:14 AM",3.609,57.9,99.6,0,2026-03-04T11:54:14.000Z
"3/4/2026, 6:57:14 AM",3.609,57.7,99.6,0,2026-03-04T11:57:14.000Z
"3/4/2026, 7:00:14 AM",3.609,57.7,99.7,0,2026-03-04T12:00:14.000Z
"3/4/2026, 7:03:14 AM",3.609,57.7,99.7,0,2026-03-04T12:03:14.000Z
"3/4/2026, 7:06:14 AM",3.609,57.6,99.7,0,2026-03-04T12:06:14.000Z
"3/4/2026, 7:09:14 AM",3.609,57.7,99.7,0,2026-03-04T12:09:14.000Z
"3/4/2026, 7:12:14 AM",3.609,57.6,99.7,0,2026-03-04T12:12:14.000Z
"3/4/2026, 7:15:14 AM",3.609,57.7,99.7,0,2026-03-04T12:15:14.000Z
"3/4/2026, 7:18:14 AM",3.609,57.7,99.7,0,2026-03-04T12:18:14.000Z
"3/4/2026, 7:21:14 AM",3.609,57.7,99.7,0,2026-03-04T12:21:14.000Z
"3/4/2026, 7:24:14 AM",3.609,57.7,99.7,0,2026-03-04T12:24:14.000Z
"3/4/2026, 7:27:14 AM",3.609,57.9,99.7,0,2026-03-04T12:27:14.000Z
"3/4/2026, 7:30:14 AM",3.609,57.9,99.7,0,2026-03-04T12:30:14.000Z
"3/4/2026, 7:33:14 AM",3.608,57.9,99.7,0,2026-03-04T12:33:14.000Z
"3/4/2026, 7:36:14 AM",3.609,57.9,99.8,0,2026-03-04T12:36:14.000Z
"3/4/2026, 7:39:14 AM",3.608,57.9,99.8,0,2026-03-04T12:39:14.000Z
"3/4/2026, 7:42:14 AM",3.608,57.9,99.8,0,2026-03-04T12:42:14.000Z
"3/4/2026, 7:45:14 AM",3.609,57.9,99.8,0,2026-03-04T12:45:14.000Z
"3/4/2026, 7:48:14 AM",3.609,58.1,99.8,0,2026-03-04T12:48:14.000Z
"3/4/2026, 7:51:14 AM",3.609,58.1,99.8,0,2026-03-04T12:51:14.000Z
"3/4/2026, 7:54:14 AM",3.608,58.1,99.8,0,2026-03-04T12:54:14.000Z
"3/4/2026, 7:57:14 AM",3.609,58.1,99.8,0,2026-03-04T12:57:14.000Z
"3/4/2026, 8:00:14 AM",3.608,58.1,99.8,0,2026-03-04T13:00:14.000Z
"3/4/2026, 8:03:14 AM",3.609,58.3,99.8,0,2026-03-04T13:03:14.000Z
"3/4/2026, 8:06:14 AM",3.609,58.3,99.8,0,2026-03-04T13:06:14.000Z
"3/4/2026, 8:09:14 AM",3.609,58.3,99.8,0,2026-03-04T13:09:14.000Z
"3/4/2026, 8:12:14 AM",3.608,58.1,99.9,0,2026-03-04T13:12:14.000Z
"3/4/2026, 8:15:14 AM",3.609,57.9,99.8,0,2026-03-04T13:15:14.000Z
"3/4/2026, 8:18:14 AM",3.609,57.9,99.8,0,2026-03-04T13:18:14.000Z
"3/4/2026, 8:21:14 AM",3.609,57.6,99.8,0,2026-03-04T13:21:14.000Z
"3/4/2026, 8:24:14 AM",3.609,57.4,99.8,0,2026-03-04T13:24:14.000Z
"3/4/2026, 8:27:14 AM",3.609,57.2,99.9,0,2026-03-04T13:27:14.000Z
"3/4/2026, 8:30:14 AM",3.609,57,99.8,0,2026-03-04T13:30:14.000Z
"3/4/2026, 8:33:14 AM",3.609,57,99.8,0,2026-03-04T13:33:14.000Z
"3/4/2026, 8:36:14 AM",3.609,56.8,99.9,0,2026-03-04T13:36:14.000Z
"3/4/2026, 8:39:14 AM",3.609,57,99.9,0,2026-03-04T13:39:14.000Z
"3/4/2026, 8:42:14 AM",3.608,57,99.9,0,2026-03-04T13:42:14.000Z
"3/4/2026, 8:45:14 AM",3.608,57,99.9,0,2026-03-04T13:45:14.000Z
"3/4/2026, 8:48:14 AM",3.609,57,99.9,0,2026-03-04T13:48:14.000Z
"3/4/2026, 8:51:14 AM",3.608,57.2,99.9,0,2026-03-04T13:51:14.000Z
"3/4/2026, 8:54:14 AM",3.609,57.2,99.9,0,2026-03-04T13:54:14.000Z
"3/4/2026, 8:57:14 AM",3.608,57.2,100,0,2026-03-04T13:57:14.000Z
"3/4/2026, 9:00:14 AM",3.608,57.4,99.9,0,2026-03-04T14:00:14.000Z
"3/4/2026, 9:03:14 AM",3.608,57.4,100,0,2026-03-04T14:03:14.000Z
"3/4/2026, 9:06:14 AM",3.608,57.4,100,0,2026-03-04T14:06:14.000Z
"3/4/2026, 9:09:14 AM",3.608,57.6,100,0,2026-03-04T14:09:14.000Z
"3/4/2026, 9:12:14 AM",3.608,57.6,100,0,2026-03-04T14:12:14.000Z
"3/4/2026, 9:15:14 AM",3.608,57.6,100,0,2026-03-04T14:15:14.000Z
"3/4/2026, 9:18:14 AM",3.608,57.7,100,0,2026-03-04T14:18:14.000Z
"3/4/2026, 9:21:14 AM",3.608,57.7,100,0,2026-03-04T14:21:14.000Z
"3/4/2026, 9:24:14 AM",3.608,57.9,100,0,2026-03-04T14:24:14.000Z
"3/4/2026, 9:27:14 AM",3.608,57.9,100,0,2026-03-04T14:27:14.000Z
"3/4/2026, 9:30:14 AM",3.608,58.1,100,0,2026-03-04T14:30:14.000Z
"3/4/2026, 9:33:14 AM",3.608,58.3,100,0,2026-03-04T14:33:14.000Z
"3/4/2026, 9:36:14 AM",3.609,58.3,100,0,2026-03-04T14:36:14.000Z
"3/4/2026, 9:39:14 AM",3.608,58.5,100,0,2026-03-04T14:39:14.000Z
"3/4/2026, 9:42:14 AM",3.608,58.6,100,0,2026-03-04T14:42:14.000Z
"3/4/2026, 9:45:14 AM",3.608,58.6,100,0,2026-03-04T14:45:14.000Z
"3/4/2026, 9:48:14 AM",3.609,58.6,100,0,2026-03-04T14:48:14.000Z
"3/4/2026, 9:51:14 AM",3.609,58.8,100,0,2026-03-04T14:51:14.000Z
"3/4/2026, 9:54:14 AM",3.609,58.6,100,0,2026-03-04T14:54:14.000Z
"3/4/2026, 9:57:14 AM",3.609,58.6,100,0,2026-03-04T14:57:14.000Z
"3/4/2026, 10:00:14 AM",3.609,58.6,100,0,2026-03-04T15:00:14.000Z
"3/4/2026, 10:03:14 AM",3.608,58.6,100,0,2026-03-04T15:03:14.000Z
"3/4/2026, 10:06:14 AM",3.609,58.6,100,0,2026-03-04T15:06:14.000Z
"3/4/2026, 10:09:14 AM",3.608,58.6,100,0,2026-03-04T15:09:14.000Z
"3/4/2026, 10:12:14 AM",3.609,58.6,100,0,2026-03-04T15:12:14.000Z
"3/4/2026, 10:15:14 AM",3.609,58.6,100,0,2026-03-04T15:15:14.000Z
"3/4/2026, 10:18:14 AM",3.609,58.6,100,0,2026-03-04T15:18:14.000Z
"3/4/2026, 10:21:14 AM",3.608,58.6,100,0,2026-03-04T15:21:14.000Z
"3/4/2026, 10:24:14 AM",3.609,58.6,100,0,2026-03-04T15:24:14.000Z
"3/4/2026, 10:27:14 AM",3.609,58.8,100,0,2026-03-04T15:27:14.000Z
"3/4/2026, 10:30:14 AM",3.609,58.8,100,0,2026-03-04T15:30:14.000Z
"3/4/2026, 10:33:14 AM",3.609,59,100,0,2026-03-04T15:33:14.000Z
"3/4/2026, 10:36:14 AM",3.609,59.2,100,0,2026-03-04T15:36:14.000Z
"3/4/2026, 10:39:14 AM",3.609,59.4,100,0,2026-03-04T15:39:14.000Z
"3/4/2026, 10:42:14 AM",3.609,59.5,100,0,2026-03-04T15:42:14.000Z
"3/4/2026, 10:45:14 AM",3.609,59.9,100,0,2026-03-04T15:45:14.000Z
"3/4/2026, 10:48:14 AM",3.609,60.1,100,0,2026-03-04T15:48:14.000Z
"3/4/2026, 10:51:14 AM",3.609,60.3,100,0,2026-03-04T15:51:14.000Z
"3/4/2026, 10:54:14 AM",3.609,60.4,100,0,2026-03-04T15:54:14.000Z
"3/4/2026, 10:57:14 AM",3.609,60.6,100,0,2026-03-04T15:57:14.000Z
"3/4/2026, 11:00:14 AM",3.609,61,100,0,2026-03-04T16:00:14.000Z
"3/4/2026, 11:03:14 AM",3.61,61.2,100,0,2026-03-04T16:03:14.000Z
"3/4/2026, 11:06:14 AM",3.61,61.3,100,0,2026-03-04T16:06:14.000Z
"3/4/2026, 11:09:14 AM",3.61,61.5,100,0,2026-03-04T16:09:14.000Z
"3/4/2026, 11:12:14 AM",3.61,61.7,100,0,2026-03-04T16:12:14.000Z
"3/4/2026, 11:15:14 AM",3.61,62.1,100,0,2026-03-04T16:15:14.000Z
"3/4/2026, 11:18:14 AM",3.61,62.2,100,0,2026-03-04T16:18:14.000Z
"3/4/2026, 11:21:14 AM",3.61,62.4,100,0,2026-03-04T16:21:14.000Z
"3/4/2026, 11:24:14 AM",3.611,62.6,100,0,2026-03-04T16:24:14.000Z
"3/4/2026, 11:27:14 AM",3.61,62.8,100,0,2026-03-04T16:27:14.000Z
"3/4/2026, 11:30:14 AM",3.611,63,100,0,2026-03-04T16:30:14.000Z
"3/4/2026, 11:33:14 AM",3.61,63.1,100,0,2026-03-04T16:33:14.000Z
"3/4/2026, 11:36:14 AM",3.611,63.5,100,0,2026-03-04T16:36:14.000Z
"3/4/2026, 11:39:14 AM",3.611,63.7,100,0,2026-03-04T16:39:14.000Z
"3/4/2026, 11:42:14 AM",3.611,63.9,100,0,2026-03-04T16:42:14.000Z
"3/4/2026, 11:45:14 AM",3.611,64,100,0,2026-03-04T16:45:14.000Z
"3/4/2026, 11:48:14 AM",3.611,64.2,100,0,2026-03-04T16:48:14.000Z
"3/4/2026, 11:51:14 AM",3.611,64.4,100,0,2026-03-04T16:51:14.000Z
"3/4/2026, 11:54:14 AM",3.611,64.6,100,0,2026-03-04T16:54:14.000Z
"3/4/2026, 11:57:14 AM",3.611,64.8,100,0,2026-03-04T16:57:14.000Z
"3/4/2026, 12:00:14 PM",3.612,64.8,100,0,2026-03-04T17:00:14.000Z
"3/4/2026, 12:03:14 PM",3.612,64.9,100,0,2026-03-04T17:03:14.000Z
"3/4/2026, 12:06:14 PM",3.612,64.9,100,0,2026-03-04T17:06:14.000Z
"3/4/2026, 12:09:14 PM",3.612,65.1,100,0,2026-03-04T17:09:14.000Z
"3/4/2026, 12:12:14 PM",3.612,65.3,100,0,2026-03-04T17:12:14.000Z
"3/4/2026, 12:15:14 PM",3.612,65.3,100,0,2026-03-04T17:15:14.000Z
"3/4/2026, 12:18:14 PM",3.613,65.5,100,0,2026-03-04T17:18:14.000Z
"3/4/2026, 12:21:14 PM",3.612,65.7,100,0,2026-03-04T17:21:14.000Z
"3/4/2026, 12:24:14 PM",3.612,65.8,100,0,2026-03-04T17:24:14.000Z
"3/4/2026, 12:27:14 PM",3.613,66,100,0,2026-03-04T17:27:14.000Z
"3/4/2026, 12:30:14 PM",3.613,66.2,100,0,2026-03-04T17:30:14.000Z
"3/4/2026, 12:33:14 PM",3.613,66.4,100,0,2026-03-04T17:33:14.000Z
"3/4/2026, 12:36:14 PM",3.613,66.6,100,0,2026-03-04T17:36:14.000Z
"3/4/2026, 12:39:14 PM",3.613,66.6,100,0,2026-03-04T17:39:14.000Z
"3/4/2026, 12:42:14 PM",3.613,66.7,100,0,2026-03-04T17:42:14.000Z
"3/4/2026, 12:45:14 PM",3.613,66.9,100,0,2026-03-04T17:45:14.000Z
"3/4/2026, 12:48:14 PM",3.613,66.9,100,0,2026-03-04T17:48:14.000Z
"3/4/2026, 12:51:14 PM",3.613,66.9,100,0,2026-03-04T17:51:14.000Z
"3/4/2026, 12:54:14 PM",3.614,67.1,100,0,2026-03-04T17:54:14.000Z
"3/4/2026, 12:57:14 PM",3.614,67.1,100,0,2026-03-04T17:57:14.000Z
"3/4/2026, 1:00:14 PM",3.613,67.3,100,0,2026-03-04T18:00:14.000Z
"3/4/2026, 1:03:14 PM",3.614,67.5,100,0,2026-03-04T18:03:14.000Z
"3/4/2026, 1:06:14 PM",3.614,67.5,100,0,2026-03-04T18:06:14.000Z
"3/4/2026, 1:09:14 PM",3.614,67.6,100,0,2026-03-04T18:09:14.000Z
"3/4/2026, 1:12:14 PM",3.614,67.6,100,0,2026-03-04T18:12:14.000Z
"3/4/2026, 1:15:14 PM",3.614,67.8,100,0,2026-03-04T18:15:14.000Z
"3/4/2026, 1:18:14 PM",3.614,67.8,100,0,2026-03-04T18:18:14.000Z
"3/4/2026, 1:21:14 PM",3.614,67.8,100,0,2026-03-04T18:21:14.000Z
"3/4/2026, 1:24:14 PM",3.614,67.8,100,0,2026-03-04T18:24:14.000Z
"3/4/2026, 1:27:14 PM",3.614,68,100,0,2026-03-04T18:27:14.000Z
"3/4/2026, 1:30:14 PM",3.614,68,100,0,2026-03-04T18:30:14.000Z
"3/4/2026, 1:33:14 PM",3.614,67.8,100,0,2026-03-04T18:33:14.000Z
"3/4/2026, 1:36:14 PM",3.615,67.8,100,0,2026-03-04T18:36:14.000Z
"3/4/2026, 1:39:14 PM",3.614,67.8,100,0,2026-03-04T18:39:14.000Z
"3/4/2026, 1:42:14 PM",3.614,67.8,100,0,2026-03-04T18:42:14.000Z
"3/4/2026, 1:45:14 PM",3.614,67.8,100,0,2026-03-04T18:45:14.000Z
"3/4/2026, 1:48:14 PM",3.614,67.8,100,0,2026-03-04T18:48:14.000Z
"3/4/2026, 1:51:14 PM",3.615,67.8,100,0,2026-03-04T18:51:14.000Z
"3/4/2026, 1:54:14 PM",3.615,67.8,100,0,2026-03-04T18:54:14.000Z
"3/4/2026, 1:57:14 PM",3.614,67.8,100,0,2026-03-04T18:57:14.000Z
"3/4/2026, 2:00:14 PM",3.615,67.8,100,0,2026-03-04T19:00:14.000Z
"3/4/2026, 2:03:14 PM",3.614,67.6,100,0,2026-03-04T19:03:14.000Z
"3/4/2026, 2:06:14 PM",3.614,67.6,100,0,2026-03-04T19:06:14.000Z
"3/4/2026, 2:09:14 PM",3.614,67.6,100,0,2026-03-04T19:09:14.000Z
"3/4/2026, 2:12:14 PM",3.615,67.6,100,0,2026-03-04T19:12:14.000Z
"3/4/2026, 2:15:14 PM",3.614,67.6,100,0,2026-03-04T19:15:14.000Z
"3/4/2026, 2:18:14 PM",3.614,67.6,100,0,2026-03-04T19:18:14.000Z
"3/4/2026, 2:21:14 PM",3.615,67.6,100,0,2026-03-04T19:21:14.000Z
"3/4/2026, 2:24:14 PM",3.614,67.6,100,0,2026-03-04T19:24:14.000Z
"3/4/2026, 2:27:14 PM",3.614,67.6,100,0,2026-03-04T19:27:14.000Z
"3/4/2026, 2:30:14 PM",3.614,67.6,100,0,2026-03-04T19:30:14.000Z
"3/4/2026, 2:33:14 PM",3.614,67.6,100,0,2026-03-04T19:33:14.000Z
"3/4/2026, 2:36:14 PM",3.614,67.6,100,0,2026-03-04T19:36:14.000Z
"3/4/2026, 2:39:14 PM",3.614,67.5,100,0,2026-03-04T19:39:14.000Z
"3/4/2026, 2:42:14 PM",3.614,67.5,100,0,2026-03-04T19:42:14.000Z
"3/4/2026, 2:45:14 PM",3.614,67.5,100,0,2026-03-04T19:45:14.000Z
"3/4/2026, 2:48:14 PM",3.614,67.5,100,0,2026-03-04T19:48:14.000Z
"3/4/2026, 2:51:14 PM",3.614,67.3,100,0,2026-03-04T19:51:14.000Z
"3/4/2026, 2:54:14 PM",3.614,67.3,100,0,2026-03-04T19:54:14.000Z
"3/4/2026, 2:57:14 PM",3.614,67.3,100,0,2026-03-04T19:57:14.000Z
"3/4/2026, 3:00:14 PM",3.615,67.3,100,0,2026-03-04T20:00:14.000Z
"3/4/2026, 3:03:14 PM",3.615,67.1,100,0,2026-03-04T20:03:14.000Z
"3/4/2026, 3:06:14 PM",3.614,67.1,100,0,2026-03-04T20:06:14.000Z
"3/4/2026, 3:09:14 PM",3.614,67.1,100,0,2026-03-04T20:09:14.000Z
"3/4/2026, 3:12:14 PM",3.614,66.9,100,0,2026-03-04T20:12:14.000Z
"3/4/2026, 3:15:14 PM",3.614,66.9,100,0,2026-03-04T20:15:14.000Z
"3/4/2026, 3:18:14 PM",3.614,66.9,100,0,2026-03-04T20:18:14.000Z
"3/4/2026, 3:21:14 PM",3.614,66.9,100,0,2026-03-04T20:21:14.000Z
"3/4/2026, 3:24:14 PM",3.614,66.7,100,0,2026-03-04T20:24:14.000Z
"3/4/2026, 3:27:14 PM",3.614,66.7,100,0,2026-03-04T20:27:14.000Z
"3/4/2026, 3:30:14 PM",3.614,66.7,100,0,2026-03-04T20:30:14.000Z
"3/4/2026, 3:33:14 PM",3.614,66.7,100,0,2026-03-04T20:33:14.000Z
"3/4/2026, 3:36:14 PM",3.614,66.7,100,0,2026-03-04T20:36:14.000Z
"3/4/2026, 3:39:14 PM",3.614,66.7,100,0,2026-03-04T20:39:14.000Z
"3/4/2026, 3:42:14 PM",3.614,66.7,100,0,2026-03-04T20:42:14.000Z
"3/4/2026, 3:45:14 PM",3.614,66.7,100,0,2026-03-04T20:45:14.000Z
"3/4/2026, 3:48:14 PM",3.614,66.6,100,0,2026-03-04T20:48:14.000Z
"3/4/2026, 3:51:14 PM",3.614,66.6,100,0,2026-03-04T20:51:14.000Z
"3/4/2026, 3:54:14 PM",3.614,66.6,100,0,2026-03-04T20:54:14.000Z
"3/4/2026, 3:57:14 PM",3.614,66.6,100,0,2026-03-04T20:57:14.000Z
"3/4/2026, 4:00:14 PM",3.614,66.6,100,0,2026-03-04T21:00:14.000Z
"3/4/2026, 4:03:14 PM",3.614,66.6,100,0,2026-03-04T21:03:14.000Z
"3/4/2026, 4:06:14 PM",3.614,66.4,100,0,2026-03-04T21:06:14.000Z
"3/4/2026, 4:09:14 PM",3.614,66.4,100,0,2026-03-04T21:09:14.000Z
"3/4/2026, 4:12:14 PM",3.614,66.4,100,0,2026-03-04T21:12:14.000Z
"3/4/2026, 4:15:14 PM",3.614,66.2,100,0,2026-03-04T21:15:14.000Z
"3/4/2026, 4:18:14 PM",3.614,66.2,100,0,2026-03-04T21:18:14.000Z
"3/4/2026, 4:21:14 PM",3.614,66.2,100,0,2026-03-04T21:21:14.000Z
"3/4/2026, 4:24:14 PM",3.614,66,100,0,2026-03-04T21:24:14.000Z
"3/4/2026, 4:27:14 PM",3.614,65.8,100,0,2026-03-04T21:27:14.000Z
"3/4/2026, 4:30:14 PM",3.614,65.8,100,0,2026-03-04T21:30:14.000Z
"3/4/2026, 4:33:14 PM",3.614,65.7,100,0,2026-03-04T21:33:14.000Z
"3/4/2026, 4:36:14 PM",3.614,65.5,100,0,2026-03-04T21:36:14.000Z
"3/4/2026, 4:39:14 PM",3.614,65.3,100,0,2026-03-04T21:39:14.000Z
"3/4/2026, 4:42:14 PM",3.614,65.1,100,0,2026-03-04T21:42:14.000Z
"3/4/2026, 4:45:14 PM",3.614,65.1,100,0,2026-03-04T21:45:14.000Z
"3/4/2026, 4:48:14 PM",3.614,64.9,100,0,2026-03-04T21:48:14.000Z
"3/4/2026, 4:51:14 PM",3.614,64.8,100,0,2026-03-04T21:51:14.000Z
"3/4/2026, 4:54:14 PM",3.614,64.8,100,0,2026-03-04T21:54:14.000Z
"3/4/2026, 4:57:14 PM",3.613,64.6,100,0,2026-03-04T21:57:14.000Z
"3/4/2026, 5:00:14 PM",3.613,64.6,100,0,2026-03-04T22:00:14.000Z
"3/4/2026, 5:03:14 PM",3.614,64.4,100,0,2026-03-04T22:03:14.000Z
"3/4/2026, 5:06:14 PM",3.614,64.2,100,0,2026-03-04T22:06:14.000Z
"3/4/2026, 5:09:14 PM",3.613,64,100,0,2026-03-04T22:09:14.000Z
"3/4/2026, 5:12:14 PM",3.614,63.9,100,0,2026-03-04T22:12:14.000Z
"3/4/2026, 5:15:14 PM",3.613,63.9,100,0,2026-03-04T22:15:14.000Z
"3/4/2026, 5:18:14 PM",3.613,63.7,100,0,2026-03-04T22:18:14.000Z
"3/4/2026, 5:21:14 PM",3.613,63.7,100,0,2026-03-04T22:21:14.000Z
"3/4/2026, 5:24:14 PM",3.613,63.5,100,0,2026-03-04T22:24:14.000Z
"3/4/2026, 5:27:14 PM",3.613,63.5,100,0,2026-03-04T22:27:14.000Z
"3/4/2026, 5:30:14 PM",3.613,63.5,100,0,2026-03-04T22:30:14.000Z
"3/4/2026, 5:33:14 PM",3.613,63.5,100,0,2026-03-04T22:33:14.000Z
"3/4/2026, 5:36:14 PM",3.613,63.5,100,0,2026-03-04T22:36:14.000Z
"3/4/2026, 5:39:14 PM",3.613,63.5,100,0,2026-03-04T22:39:14.000Z
"3/4/2026, 5:42:14 PM",3.613,63.5,100,0,2026-03-04T22:42:14.000Z
"3/4/2026, 5:45:14 PM",3.613,63.3,100,0,2026-03-04T22:45:14.000Z
"3/4/2026, 5:48:14 PM",3.613,63.3,100,0,2026-03-04T22:48:14.000Z
"3/4/2026, 5:51:14 PM",3.613,63.3,100,0,2026-03-04T22:51:14.000Z
"3/4/2026, 5:54:14 PM",3.613,63.1,100,0,2026-03-04T22:54:14.000Z
"3/4/2026, 5:57:14 PM",3.613,63.1,100,0,2026-03-04T22:57:14.000Z
"3/4/2026, 6:00:14 PM",3.613,63.1,100,0,2026-03-04T23:00:14.000Z
"3/4/2026, 6:03:14 PM",3.612,63.1,100,0,2026-03-04T23:03:14.000Z
"3/4/2026, 6:06:14 PM",3.613,63,100,0,2026-03-04T23:06:14.000Z
"3/4/2026, 6:09:14 PM",3.613,63,100,0,2026-03-04T23:09:14.000Z
"3/4/2026, 6:12:14 PM",3.613,63,100,0,2026-03-04T23:12:14.000Z
"3/4/2026, 6:15:14 PM",3.612,62.8,100,0,2026-03-04T23:15:14.000Z
"3/4/2026, 6:18:14 PM",3.612,62.8,100,0,2026-03-04T23:18:14.000Z
"3/4/2026, 6:21:14 PM",3.613,62.6,100,0,2026-03-04T23:21:14.000Z
"3/4/2026, 6:24:14 PM",3.613,62.6,100,0,2026-03-04T23:24:14.000Z
"3/4/2026, 6:27:14 PM",3.612,62.6,100,0,2026-03-04T23:27:14.000Z
"3/4/2026, 6:30:14 PM",3.612,62.6,100,0,2026-03-04T23:30:14.000Z
"3/4/2026, 6:33:14 PM",3.612,62.4,100,0,2026-03-04T23:33:14.000Z
"3/4/2026, 6:36:14 PM",3.613,62.4,100,0,2026-03-04T23:36:14.000Z
"3/4/2026, 6:39:14 PM",3.612,62.4,100,0,2026-03-04T23:39:14.000Z
"3/4/2026, 6:42:14 PM",3.612,62.4,100,0,2026-03-04T23:42:14.000Z
"3/4/2026, 6:45:14 PM",3.613,62.4,100,0,2026-03-04T23:45:14.000Z
"3/4/2026, 6:48:14 PM",3.612,62.4,100,0,2026-03-04T23:48:14.000Z
"3/4/2026, 6:51:14 PM",3.612,62.4,100,0,2026-03-04T23:51:14.000Z
"3/4/2026, 6:54:14 PM",3.612,62.4,100,0,2026-03-04T23:54:14.000Z
"3/4/2026, 6:57:14 PM",3.612,62.4,100,0,2026-03-04T23:57:14.000Z
"3/4/2026, 7:00:14 PM",3.612,62.2,100,0,2026-03-05T00:00:14.000Z
"3/4/2026, 7:03:14 PM",3.612,62.2,100,0,2026-03-05T00:03:14.000Z
"3/4/2026, 7:06:14 PM",3.612,62.2,100,0,2026-03-05T00:06:14.000Z
"3/4/2026, 7:09:14 PM",3.612,62.2,100,0,2026-03-05T00:09:14.000Z
"3/4/2026, 7:12:14 PM",3.612,62.2,100,0,2026-03-05T00:12:14.000Z
"3/4/2026, 7:15:14 PM",3.612,62.2,100,0,2026-03-05T00:15:14.000Z
"3/4/2026, 7:18:14 PM",3.612,62.2,100,0,2026-03-05T00:18:14.000Z
"3/4/2026, 7:21:14 PM",3.612,62.2,100,0,2026-03-05T00:21:14.000Z
"3/4/2026, 7:24:14 PM",3.612,62.2,100,0,2026-03-05T00:24:14.000Z
"3/4/2026, 7:27:14 PM",3.612,62.2,100,0,2026-03-05T00:27:14.000Z
"3/4/2026, 7:30:14 PM",3.612,62.2,100,0,2026-03-05T00:30:14.000Z
"3/4/2026, 7:33:14 PM",3.612,62.2,100,0,2026-03-05T00:33:14.000Z
"3/4/2026, 7:36:14 PM",3.612,62.2,100,0,2026-03-05T00:36:14.000Z
"3/4/2026, 7:39:14 PM",3.612,62.2,100,0,2026-03-05T00:39:14.000Z
"3/4/2026, 7:42:14 PM",3.612,62.2,100,0,2026-03-05T00:42:14.000Z
"3/4/2026, 7:45:14 PM",3.612,62.2,100,0,2026-03-05T00:45:14.000Z
"3/4/2026, 7:48:14 PM",3.612,62.2,100,0,2026-03-05T00:48:14.000Z
"3/4/2026, 7:51:14 PM",3.612,62.1,100,0,2026-03-05T00:51:14.000Z
"3/4/2026, 7:54:14 PM",3.612,62.1,100,0,2026-03-05T00:54:14.000Z
"3/4/2026, 7:57:14 PM",3.612,62.1,100,0,2026-03-05T00:57:14.000Z
"3/4/2026, 8:00:14 PM",3.612,62.1,100,0,2026-03-05T01:00:14.000Z
"3/4/2026, 8:03:14 PM",3.612,62.1,100,0,2026-03-05T01:03:14.000Z
"3/4/2026, 8:06:14 PM",3.612,62.1,100,0,2026-03-05T01:06:14.000Z
"3/4/2026, 8:09:14 PM",3.612,62.1,100,0,2026-03-05T01:09:14.000Z
"3/4/2026, 8:12:14 PM",3.612,62.1,100,0,2026-03-05T01:12:14.000Z
"3/4/2026, 8:15:14 PM",3.612,62.1,100,0,2026-03-05T01:15:14.000Z
"3/4/2026, 8:18:14 PM",3.612,62.1,100,0,2026-03-05T01:18:14.000Z
"3/4/2026, 8:21:14 PM",3.612,62.1,100,0,2026-03-05T01:21:14.000Z
"3/4/2026, 8:24:14 PM",3.612,61.9,100,0,2026-03-05T01:24:14.000Z
"3/4/2026, 8:27:14 PM",3.612,61.9,100,0,2026-03-05T01:27:14.000Z
"3/4/2026, 8:30:14 PM",3.612,61.9,100,0,2026-03-05T01:30:14.000Z
"3/4/2026, 8:33:14 PM",3.612,61.7,100,0,2026-03-05T01:33:14.000Z
"3/4/2026, 8:36:14 PM",3.612,61.7,100,0,2026-03-05T01:36:14.000Z
"3/4/2026, 8:39:14 PM",3.612,61.7,100,0,2026-03-05T01:39:14.000Z
"3/4/2026, 8:42:14 PM",3.612,61.5,100,0,2026-03-05T01:42:14.000Z
"3/4/2026, 8:45:14 PM",3.612,61.5,100,0,2026-03-05T01:45:14.000Z
"3/4/2026, 8:48:14 PM",3.612,61.5,100,0,2026-03-05T01:48:14.000Z
"3/4/2026, 8:51:14 PM",3.612,61.3,100,0,2026-03-05T01:51:14.000Z
"3/4/2026, 8:54:14 PM",3.612,61.3,100,0,2026-03-05T01:54:14.000Z
"3/4/2026, 8:57:14 PM",3.612,61.3,100,0,2026-03-05T01:57:14.000Z
"3/4/2026, 9:00:14 PM",3.611,61.3,100,0,2026-03-05T02:00:14.000Z
"3/4/2026, 9:03:14 PM",3.612,61.3,100,0,2026-03-05T02:03:14.000Z
"3/4/2026, 9:06:14 PM",3.611,61.3,100,0,2026-03-05T02:06:14.000Z
"3/4/2026, 9:09:14 PM",3.611,61.3,100,0,2026-03-05T02:09:14.000Z
"3/4/2026, 9:12:14 PM",3.611,61.3,100,0,2026-03-05T02:12:14.000Z
"3/4/2026, 9:15:14 PM",3.611,61.3,100,0,2026-03-05T02:15:14.000Z
"3/4/2026, 9:18:14 PM",3.611,61.3,100,0,2026-03-05T02:18:14.000Z
"3/4/2026, 9:21:14 PM",3.612,61.3,100,0,2026-03-05T02:21:14.000Z
"3/4/2026, 9:24:14 PM",3.612,61.2,100,0,2026-03-05T02:24:14.000Z
"3/4/2026, 9:27:14 PM",3.611,61.2,100,0,2026-03-05T02:27:14.000Z
"3/4/2026, 9:30:14 PM",3.611,61.2,100,0,2026-03-05T02:30:14.000Z
"3/4/2026, 9:33:14 PM",3.612,61.2,100,0,2026-03-05T02:33:14.000Z
"3/4/2026, 9:36:14 PM",3.611,61.2,100,0,2026-03-05T02:36:14.000Z
"3/4/2026, 9:39:14 PM",3.611,61.2,100,0,2026-03-05T02:39:14.000Z
"3/4/2026, 9:42:14 PM",3.611,61.2,100,0,2026-03-05T02:42:14.000Z
"3/4/2026, 9:45:14 PM",3.612,61.2,100,0,2026-03-05T02:45:14.000Z
"3/4/2026, 9:48:14 PM",3.611,61.2,100,0,2026-03-05T02:48:14.000Z
"3/4/2026, 9:51:14 PM",3.611,61.2,100,0,2026-03-05T02:51:14.000Z
"3/4/2026, 9:54:14 PM",3.611,61,100,0,2026-03-05T02:54:14.000Z
"3/4/2026, 9:57:14 PM",3.611,61,100,0,2026-03-05T02:57:14.000Z
"3/4/2026, 10:00:14 PM",3.611,61,100,0,2026-03-05T03:00:14.000Z
"3/4/2026, 10:03:14 PM",3.611,61.2,100,0,2026-03-05T03:03:14.000Z
"3/4/2026, 10:06:14 PM",3.612,61.2,100,0,2026-03-05T03:06:14.000Z
"3/4/2026, 10:09:14 PM",3.611,61.2,100,0,2026-03-05T03:09:14.000Z
"3/4/2026, 10:12:14 PM",3.611,61.2,100,0,2026-03-05T03:12:14.000Z
"3/4/2026, 10:15:14 PM",3.611,61,100,0,2026-03-05T03:15:14.000Z
"3/4/2026, 10:18:14 PM",3.612,61,100,0,2026-03-05T03:18:14.000Z
"3/4/2026, 10:21:14 PM",3.611,61,100,0,2026-03-05T03:21:14.000Z
"3/4/2026, 10:24:14 PM",3.611,61,100,0,2026-03-05T03:24:14.000Z
"3/4/2026, 10:27:14 PM",3.611,61,100,0,2026-03-05T03:27:14.000Z
"3/4/2026, 10:30:14 PM",3.611,61,100,0,2026-03-05T03:30:14.000Z
"3/4/2026, 10:33:14 PM",3.611,61,100,0,2026-03-05T03:33:14.000Z
"3/4/2026, 10:36:14 PM",3.611,60.8,100,0,2026-03-05T03:36:14.000Z
"3/4/2026, 10:39:14 PM",3.611,60.8,100,0,2026-03-05T03:39:14.000Z
"3/4/2026, 10:42:14 PM",3.611,60.8,100,0,2026-03-05T03:42:14.000Z
"3/4/2026, 10:45:14 PM",3.611,60.8,100,0,2026-03-05T03:45:14.000Z
"3/4/2026, 10:48:14 PM",3.611,60.8,100,0,2026-03-05T03:48:14.000Z
"3/4/2026, 10:51:14 PM",3.611,60.8,100,0,2026-03-05T03:51:14.000Z
"3/4/2026, 10:54:14 PM",3.611,60.8,100,0,2026-03-05T03:54:14.000Z
"3/4/2026, 10:57:14 PM",3.611,60.8,100,0,2026-03-05T03:57:14.000Z
"3/4/2026, 11:00:14 PM",3.611,60.6,100,0,2026-03-05T04:00:14.000Z
"3/4/2026, 11:03:14 PM",3.611,60.6,100,0,2026-03-05T04:03:14.000Z
"3/4/2026, 11:06:14 PM",3.611,60.6,100,0,2026-03-05T04:06:14.000Z
"3/4/2026, 11:09:14 PM",3.611,60.6,100,0,2026-03-05T04:09:14.000Z
"3/4/2026, 11:12:14 PM",3.611,60.6,100,0,2026-03-05T04:12:14.000Z
"3/4/2026, 11:15:14 PM",3.611,60.6,100,0,2026-03-05T04:15:14.000Z
"3/4/2026, 11:18:14 PM",3.611,60.6,100,0,2026-03-05T04:18:14.000Z
"3/4/2026, 11:21:14 PM",3.611,60.6,100,0,2026-03-05T04:21:14.000Z
"3/4/2026, 11:24:14 PM",3.611,60.4,100,0,2026-03-05T04:24:14.000Z
"3/4/2026, 11:27:14 PM",3.611,60.4,100,0,2026-03-05T04:27:14.000Z
"3/4/2026, 11:30:14 PM",3.611,60.4,100,0,2026-03-05T04:30:14.000Z
"3/4/2026, 11:33:14 PM",3.611,60.4,100,0,2026-03-05T04:33:14.000Z
"3/4/2026, 11:36:14 PM",3.611,60.4,100,0,2026-03-05T04:36:14.000Z
"3/4/2026, 11:39:14 PM",3.611,60.4,100,0,2026-03-05T04:39:14.000Z
"3/4/2026, 11:42:14 PM",3.611,60.6,100,0,2026-03-05T04:42:14.000Z
"3/4/2026, 11:45:14 PM",3.611,60.6,100,0,2026-03-05T04:45:14.000Z
"3/4/2026, 11:48:14 PM",3.611,60.6,100,0,2026-03-05T04:48:14.000Z
"3/4/2026, 11:51:14 PM",3.611,60.8,100,0,2026-03-05T04:51:14.000Z
"3/4/2026, 11:54:14 PM",3.611,60.8,100,0,2026-03-05T04:54:14.000Z
"3/4/2026, 11:57:14 PM",3.611,60.8,100,0,2026-03-05T04:57:14.000Z
"3/5/2026, 12:00:14 AM",3.611,61,100,0,2026-03-05T05:00:14.000Z
"3/5/2026, 12:03:14 AM",3.611,61,100,0,2026-03-05T05:03:14.000Z
"3/5/2026, 12:06:14 AM",3.611,61,100,0,2026-03-05T05:06:14.000Z
"3/5/2026, 12:09:14 AM",3.611,61,100,0,2026-03-05T05:09:14.000Z
"3/5/2026, 12:12:14 AM",3.611,61,100,0,2026-03-05T05:12:14.000Z
"3/5/2026, 12:15:14 AM",3.611,61,100,0,2026-03-05T05:15:14.000Z
"3/5/2026, 12:18:14 AM",3.611,61.2,100,0,2026-03-05T05:18:14.000Z
"3/5/2026, 12:21:14 AM",3.611,61.2,100,0,2026-03-05T05:21:14.000Z
"3/5/2026, 12:24:14 AM",3.611,61.3,100,0,2026-03-05T05:24:14.000Z
"3/5/2026, 12:27:14 AM",3.611,61.5,100,0,2026-03-05T05:27:14.000Z
"3/5/2026, 12:30:14 AM",3.611,61.7,100,0,2026-03-05T05:30:14.000Z
"3/5/2026, 12:33:14 AM",3.611,61.7,100,0,2026-03-05T05:33:14.000Z
"3/5/2026, 12:36:14 AM",3.611,61.7,100,0,2026-03-05T05:36:14.000Z
"3/5/2026, 12:39:14 AM",3.611,61.9,100,0,2026-03-05T05:39:14.000Z
"3/5/2026, 12:42:14 AM",3.611,61.9,100,0,2026-03-05T05:42:14.000Z
"3/5/2026, 12:45:14 AM",3.611,61.9,100,0,2026-03-05T05:45:14.000Z
"3/5/2026, 12:48:14 AM",3.611,62.1,100,0,2026-03-05T05:48:14.000Z
"3/5/2026, 12:51:14 AM",3.611,62.2,100,0,2026-03-05T05:51:14.000Z
"3/5/2026, 12:54:14 AM",3.611,62.2,100,0,2026-03-05T05:54:14.000Z
"3/5/2026, 12:57:14 AM",3.611,62.2,100,0,2026-03-05T05:57:14.000Z
"3/5/2026, 1:00:14 AM",3.612,62.4,100,0,2026-03-05T06:00:14.000Z
"3/5/2026, 1:03:14 AM",3.612,62.4,100,0,2026-03-05T06:03:14.000Z
"3/5/2026, 1:06:14 AM",3.612,62.4,100,0,2026-03-05T06:06:14.000Z
"3/5/2026, 1:09:14 AM",3.611,62.4,100,0,2026-03-05T06:09:14.000Z
"3/5/2026, 1:12:14 AM",3.612,62.4,100,0,2026-03-05T06:12:14.000Z
"3/5/2026, 1:15:14 AM",3.612,62.4,100,0,2026-03-05T06:15:14.000Z
"3/5/2026, 1:18:14 AM",3.612,62.4,100,0,2026-03-05T06:18:14.000Z
"3/5/2026, 1:21:14 AM",3.612,62.4,100,0,2026-03-05T06:21:14.000Z
"3/5/2026, 1:24:14 AM",3.612,62.4,100,0,2026-03-05T06:24:14.000Z
"3/5/2026, 1:27:14 AM",3.612,62.4,100,0,2026-03-05T06:27:14.000Z
"3/5/2026, 1:30:14 AM",3.612,62.4,100,0,2026-03-05T06:30:14.000Z
"3/5/2026, 1:33:14 AM",3.612,62.4,100,0,2026-03-05T06:33:14.000Z
"3/5/2026, 1:36:14 AM",3.612,62.4,100,0,2026-03-05T06:36:14.000Z
"3/5/2026, 1:39:14 AM",3.612,62.4,100,0,2026-03-05T06:39:14.000Z
"3/5/2026, 1:42:14 AM",3.612,62.4,100,0,2026-03-05T06:42:14.000Z
"3/5/2026, 1:45:14 AM",3.612,62.4,100,0,2026-03-05T06:45:14.000Z
"3/5/2026, 1:48:14 AM",3.611,62.4,100,0,2026-03-05T06:48:14.000Z
"3/5/2026, 1:51:14 AM",3.612,62.4,100,0,2026-03-05T06:51:14.000Z
"3/5/2026, 1:54:14 AM",3.612,62.4,100,0,2026-03-05T06:54:14.000Z
"3/5/2026, 1:57:14 AM",3.612,62.2,100,0,2026-03-05T06:57:14.000Z
"3/5/2026, 2:00:14 AM",3.612,62.4,100,0,2026-03-05T07:00:14.000Z
"3/5/2026, 2:03:14 AM",3.612,62.2,100,0,2026-03-05T07:03:14.000Z
"3/5/2026, 2:06:14 AM",3.612,62.2,100,0,2026-03-05T07:06:14.000Z
"3/5/2026, 2:09:14 AM",3.612,62.2,100,0,2026-03-05T07:09:14.000Z
"3/5/2026, 2:12:14 AM",3.612,62.2,100,0,2026-03-05T07:12:14.000Z
"3/5/2026, 2:15:14 AM",3.612,62.2,100,0,2026-03-05T07:15:14.000Z
"3/5/2026, 2:18:14 AM",3.612,62.2,100,0,2026-03-05T07:18:14.000Z
"3/5/2026, 2:21:14 AM",3.612,62.1,100,0,2026-03-05T07:21:14.000Z
"3/5/2026, 2:24:14 AM",3.612,62.1,100,0,2026-03-05T07:24:14.000Z
"3/5/2026, 2:27:14 AM",3.612,62.1,100,0,2026-03-05T07:27:14.000Z
"3/5/2026, 2:30:14 AM",3.612,62.1,100,0,2026-03-05T07:30:14.000Z
"3/5/2026, 2:33:14 AM",3.612,61.9,100,0,2026-03-05T07:33:14.000Z
"3/5/2026, 2:36:14 AM",3.612,62.1,100,0,2026-03-05T07:36:14.000Z
"3/5/2026, 2:39:14 AM",3.611,62.1,100,0,2026-03-05T07:39:14.000Z
"3/5/2026, 2:42:14 AM",3.612,62.1,100,0,2026-03-05T07:42:14.000Z
"3/5/2026, 2:45:14 AM",3.612,62.1,100,0,2026-03-05T07:45:14.000Z
"3/5/2026, 2:48:14 AM",3.612,62.1,100,0,2026-03-05T07:48:14.000Z
"3/5/2026, 2:51:14 AM",3.612,62.1,100,0,2026-03-05T07:51:14.000Z
"3/5/2026, 2:54:14 AM",3.612,62.2,100,0,2026-03-05T07:54:14.000Z
"3/5/2026, 2:57:14 AM",3.612,62.2,100,0,2026-03-05T07:57:14.000Z
"3/5/2026, 3:00:14 AM",3.611,62.2,100,0,2026-03-05T08:00:14.000Z
"3/5/2026, 3:03:14 AM",3.612,62.2,100,0,2026-03-05T08:03:14.000Z
"3/5/2026, 3:06:14 AM",3.612,62.2,100,0,2026-03-05T08:06:14.000Z
"3/5/2026, 3:09:14 AM",3.611,62.1,100,0,2026-03-05T08:09:14.000Z
"3/5/2026, 3:12:14 AM",3.612,62.2,100,0,2026-03-05T08:12:14.000Z
"3/5/2026, 3:15:14 AM",3.612,62.1,100,0,2026-03-05T08:15:14.000Z
"3/5/2026, 3:18:14 AM",3.612,62.2,100,0,2026-03-05T08:18:14.000Z
"3/5/2026, 3:21:14 AM",3.612,62.2,100,0,2026-03-05T08:21:14.000Z
"3/5/2026, 3:24:14 AM",3.612,62.2,100,0,2026-03-05T08:24:14.000Z
"3/5/2026, 3:27:14 AM",3.612,62.1,100,0,2026-03-05T08:27:14.000Z
"3/5/2026, 3:30:14 AM",3.612,62.1,100,0,2026-03-05T08:30:14.000Z
"3/5/2026, 3:33:14 AM",3.612,62.1,100,0,2026-03-05T08:33:14.000Z
"3/5/2026, 3:36:14 AM",3.612,62.1,100,0,2026-03-05T08:36:14.000Z
"3/5/2026, 3:39:14 AM",3.612,62.1,100,0,2026-03-05T08:39:14.000Z
"3/5/2026, 3:42:14 AM",3.612,62.1,100,0,2026-03-05T08:42:14.000Z
"3/5/2026, 3:45:14 AM",3.612,62.1,100,0,2026-03-05T08:45:14.000Z
"3/5/2026, 3:48:14 AM",3.612,62.1,100,0,2026-03-05T08:48:14.000Z
"3/5/2026, 3:51:14 AM",3.612,62.2,100,0,2026-03-05T08:51:14.000Z
"3/5/2026, 3:54:14 AM",3.612,62.2,100,0,2026-03-05T08:54:14.000Z
"3/5/2026, 3:57:14 AM",3.611,62.2,100,0,2026-03-05T08:57:14.000Z
"3/5/2026, 4:00:14 AM",3.612,62.2,100,0,2026-03-05T09:00:14.000Z
"3/5/2026, 4:03:14 AM",3.611,62.2,100,0,2026-03-05T09:03:14.000Z
"3/5/2026, 4:06:14 AM",3.612,62.2,100,0,2026-03-05T09:06:14.000Z
"3/5/2026, 4:09:14 AM",3.612,62.2,100,0,2026-03-05T09:09:14.000Z
"3/5/2026, 4:12:14 AM",3.612,62.2,100,0,2026-03-05T09:12:14.000Z
"3/5/2026, 4:15:14 AM",3.612,62.2,100,0,2026-03-05T09:15:14.000Z
"3/5/2026, 4:18:14 AM",3.612,62.2,100,0,2026-03-05T09:18:14.000Z
"3/5/2026, 4:21:14 AM",3.612,62.2,100,0,2026-03-05T09:21:14.000Z
"3/5/2026, 4:24:14 AM",3.612,62.2,100,0,2026-03-05T09:24:14.000Z
"3/5/2026, 4:27:14 AM",3.612,62.4,100,0,2026-03-05T09:27:14.000Z
"3/5/2026, 4:30:14 AM",3.612,62.4,100,0,2026-03-05T09:30:14.000Z
"3/5/2026, 4:33:14 AM",3.612,62.4,100,0,2026-03-05T09:33:14.000Z
"3/5/2026, 4:36:14 AM",3.612,62.4,100,0,2026-03-05T09:36:14.000Z
"3/5/2026, 4:39:14 AM",3.612,62.4,100,0,2026-03-05T09:39:14.000Z
"3/5/2026, 4:42:14 AM",3.612,62.4,100,0,2026-03-05T09:42:14.000Z
"3/5/2026, 4:45:14 AM",3.612,62.4,100,0,2026-03-05T09:45:14.000Z
"3/5/2026, 4:48:14 AM",3.612,62.4,100,0,2026-03-05T09:48:14.000Z
"3/5/2026, 4:51:14 AM",3.612,62.4,100,0,2026-03-05T09:51:14.000Z
"3/5/2026, 4:54:14 AM",3.612,62.4,100,0,2026-03-05T09:54:14.000Z
"3/5/2026, 4:57:14 AM",3.612,62.4,100,0,2026-03-05T09:57:14.000Z
"3/5/2026, 5:00:14 AM",3.612,62.4,100,0,2026-03-05T10:00:14.000Z
"3/5/2026, 5:03:14 AM",3.612,62.4,100,0,2026-03-05T10:03:14.000Z
"3/5/2026, 5:06:14 AM",3.612,62.6,100,0,2026-03-05T10:06:14.000Z
"3/5/2026, 5:09:14 AM",3.612,62.6,100,0,2026-03-05T10:09:14.000Z
"3/5/2026, 5:12:14 AM",3.612,62.6,100,0,2026-03-05T10:12:14.000Z
"3/5/2026, 5:15:14 AM",3.612,62.6,100,0,2026-03-05T10:15:14.000Z
"3/5/2026, 5:18:14 AM",3.612,62.6,100,0,2026-03-05T10:18:14.000Z
"3/5/2026, 5:21:14 AM",3.612,62.8,100,0,2026-03-05T10:21:14.000Z
"3/5/2026, 5:24:14 AM",3.612,62.8,100,0,2026-03-05T10:24:14.000Z
"3/5/2026, 5:27:14 AM",3.612,62.8,100,0,2026-03-05T10:27:14.000Z
"3/5/2026, 5:30:14 AM",3.612,63,100,0,2026-03-05T10:30:14.000Z
"3/5/2026, 5:33:14 AM",3.612,63,100,0,2026-03-05T10:33:14.000Z
"3/5/2026, 5:36:14 AM",3.612,63,100,0,2026-03-05T10:36:14.000Z
"3/5/2026, 5:39:14 AM",3.612,63,100,0,2026-03-05T10:39:14.000Z
"3/5/2026, 5:42:14 AM",3.612,63.1,100,0,2026-03-05T10:42:14.000Z
"3/5/2026, 5:45:14 AM",3.612,63.1,100,0,2026-03-05T10:45:14.000Z
"3/5/2026, 5:48:14 AM",3.612,63.1,100,0,2026-03-05T10:48:14.000Z
"3/5/2026, 5:51:14 AM",3.612,63.1,100,0,2026-03-05T10:51:14.000Z
"3/5/2026, 5:54:14 AM",3.612,63.1,100,0,2026-03-05T10:54:14.000Z
"3/5/2026, 5:57:14 AM",3.612,63.1,100,0,2026-03-05T10:57:14.000Z
"3/5/2026, 6:00:14 AM",3.612,63.1,100,0,2026-03-05T11:00:14.000Z
"3/5/2026, 6:03:14 AM",3.612,63,100,0,2026-03-05T11:03:14.000Z
"3/5/2026, 6:06:14 AM",3.612,63,100,0,2026-03-05T11:06:14.000Z
"3/5/2026, 6:09:14 AM",3.612,63,100,0,2026-03-05T11:09:14.000Z
"3/5/2026, 6:12:14 AM",3.612,63,100,0,2026-03-05T11:12:14.000Z
"3/5/2026, 6:15:14 AM",3.612,63,100,0,2026-03-05T11:15:14.000Z
"3/5/2026, 6:18:14 AM",3.612,63,100,0,2026-03-05T11:18:14.000Z
"3/5/2026, 6:21:14 AM",3.612,63,100,0,2026-03-05T11:21:14.000Z
"3/5/2026, 6:24:14 AM",3.612,63,100,0,2026-03-05T11:24:14.000Z
"3/5/2026, 6:27:14 AM",3.612,63,100,0,2026-03-05T11:27:14.000Z
"3/5/2026, 6:30:14 AM",3.612,63,100,0,2026-03-05T11:30:14.000Z
"3/5/2026, 6:33:14 AM",3.612,62.8,100,0,2026-03-05T11:33:14.000Z
"3/5/2026, 6:36:14 AM",3.612,62.8,100,0,2026-03-05T11:36:14.000Z
"3/5/2026, 6:39:14 AM",3.612,62.6,100,0,2026-03-05T11:39:14.000Z
"3/5/2026, 6:42:14 AM",3.612,62.6,100,0,2026-03-05T11:42:14.000Z
"3/5/2026, 6:45:14 AM",3.612,62.6,100,0,2026-03-05T11:45:14.000Z
"3/5/2026, 6:48:14 AM",3.612,62.8,100,0,2026-03-05T11:48:14.000Z
"3/5/2026, 6:51:14 AM",3.612,62.8,100,0,2026-03-05T11:51:14.000Z
"3/5/2026, 6:54:14 AM",3.612,62.6,100,0,2026-03-05T11:54:14.000Z
"3/5/2026, 6:57:14 AM",3.612,62.6,100,0,2026-03-05T11:57:14.000Z
"3/5/2026, 7:00:14 AM",3.612,62.6,100,0,2026-03-05T12:00:14.000Z
"3/5/2026, 7:03:14 AM",3.612,62.6,100,0,2026-03-05T12:03:14.000Z
"3/5/2026, 7:06:14 AM",3.612,62.6,100,0,2026-03-05T12:06:14.000Z
"3/5/2026, 7:09:14 AM",3.612,62.4,100,0,2026-03-05T12:09:14.000Z
"3/5/2026, 7:12:14 AM",3.612,62.6,100,0,2026-03-05T12:12:14.000Z
"3/5/2026, 7:15:14 AM",3.612,62.6,100,0,2026-03-05T12:15:14.000Z
"3/5/2026, 7:18:14 AM",3.612,62.6,100,0,2026-03-05T12:18:14.000Z
"3/5/2026, 7:21:14 AM",3.612,62.6,100,0,2026-03-05T12:21:14.000Z
"3/5/2026, 7:24:14 AM",3.612,62.6,100,0,2026-03-05T12:24:14.000Z
"3/5/2026, 7:27:14 AM",3.612,62.6,100,0,2026-03-05T12:27:14.000Z
"3/5/2026, 7:30:14 AM",3.612,62.6,100,0,2026-03-05T12:30:14.000Z
"3/5/2026, 7:33:14 AM",3.612,62.6,100,0,2026-03-05T12:33:14.000Z
"3/5/2026, 7:36:14 AM",3.612,62.6,100,0,2026-03-05T12:36:14.000Z
"3/5/2026, 7:39:14 AM",3.612,62.8,100,0,2026-03-05T12:39:14.000Z
"3/5/2026, 7:42:14 AM",3.612,62.8,100,0,2026-03-05T12:42:14.000Z
"3/5/2026, 7:45:14 AM",3.612,62.8,100,0,2026-03-05T12:45:14.000Z
"3/5/2026, 7:48:14 AM",3.612,62.8,100,0,2026-03-05T12:48:14.000Z
"3/5/2026, 7:51:14 AM",3.612,62.6,100,0,2026-03-05T12:51:14.000Z
"3/5/2026, 7:54:14 AM",3.612,62.6,100,0,2026-03-05T12:54:14.000Z
"3/5/2026, 7:57:14 AM",3.612,62.6,100,0,2026-03-05T12:57:14.000Z
"3/5/2026, 8:00:14 AM",3.612,62.6,100,0,2026-03-05T13:00:14.000Z
"3/5/2026, 8:03:14 AM",3.612,62.8,100,0,2026-03-05T13:03:14.000Z
"3/5/2026, 8:06:14 AM",3.612,62.8,100,0,2026-03-05T13:06:14.000Z
"3/5/2026, 8:09:14 AM",3.612,62.8,100,0,2026-03-05T13:09:14.000Z
"3/5/2026, 8:12:14 AM",3.612,62.8,100,0,2026-03-05T13:12:14.000Z
"3/5/2026, 8:15:14 AM",3.612,63,100,0,2026-03-05T13:15:14.000Z
"3/5/2026, 8:18:14 AM",3.612,63,100,0,2026-03-05T13:18:14.000Z
"3/5/2026, 8:21:14 AM",3.612,63,100,0,2026-03-05T13:21:14.000Z
"3/5/2026, 8:24:14 AM",3.612,63,100,0,2026-03-05T13:24:14.000Z
"3/5/2026, 8:27:14 AM",3.612,63.1,100,0,2026-03-05T13:27:14.000Z
"3/5/2026, 8:30:14 AM",3.612,63.1,100,0,2026-03-05T13:30:14.000Z
"3/5/2026, 8:33:14 AM",3.613,63.3,100,0,2026-03-05T13:33:14.000Z
"3/5/2026, 8:36:14 AM",3.612,63.3,100,0,2026-03-05T13:36:14.000Z
"3/5/2026, 8:39:14 AM",3.612,63.3,100,0,2026-03-05T13:39:14.000Z
"3/5/2026, 8:42:14 AM",3.612,63.3,100,0,2026-03-05T13:42:14.000Z
"3/5/2026, 8:45:14 AM",3.612,63.5,100,0,2026-03-05T13:45:14.000Z
"3/5/2026, 8:48:14 AM",3.612,63.5,100,0,2026-03-05T13:48:14.000Z
"3/5/2026, 8:51:14 AM",3.612,63.5,100,0,2026-03-05T13:51:14.000Z
"3/5/2026, 8:54:14 AM",3.612,63.5,100,0,2026-03-05T13:54:14.000Z
"3/5/2026, 8:57:14 AM",3.612,63.5,100,0,2026-03-05T13:57:14.000Z
"3/5/2026, 9:00:14 AM",3.612,63.5,100,0,2026-03-05T14:00:14.000Z
"3/5/2026, 9:03:14 AM",3.612,63.5,100,0,2026-03-05T14:03:14.000Z
"3/5/2026, 9:06:14 AM",3.612,63.7,100,0,2026-03-05T14:06:14.000Z
"3/5/2026, 9:09:14 AM",3.613,63.7,100,0,2026-03-05T14:09:14.000Z
"3/5/2026, 9:12:14 AM",3.612,63.7,100,0,2026-03-05T14:12:14.000Z
"3/5/2026, 9:15:14 AM",3.613,63.7,100,0,2026-03-05T14:15:14.000Z
"3/5/2026, 9:18:14 AM",3.612,63.9,100,0,2026-03-05T14:18:14.000Z
"3/5/2026, 9:21:14 AM",3.612,63.9,100,0,2026-03-05T14:21:14.000Z
"3/5/2026, 9:24:14 AM",3.613,64,100,0,2026-03-05T14:24:14.000Z
"3/5/2026, 9:27:14 AM",3.612,64,100,0,2026-03-05T14:27:14.000Z
"3/5/2026, 9:30:14 AM",3.612,64,100,0,2026-03-05T14:30:14.000Z
"3/5/2026, 9:33:14 AM",3.613,64,100,0,2026-03-05T14:33:14.000Z
"3/5/2026, 9:36:14 AM",3.612,64.2,100,0,2026-03-05T14:36:14.000Z
"3/5/2026, 9:39:14 AM",3.612,64.2,100,0,2026-03-05T14:39:14.000Z
"3/5/2026, 9:42:14 AM",3.613,64.2,100,0,2026-03-05T14:42:14.000Z
"3/5/2026, 9:45:14 AM",3.612,64.2,100,0,2026-03-05T14:45:14.000Z
"3/5/2026, 9:48:14 AM",3.613,64.4,100,0,2026-03-05T14:48:14.000Z
"3/5/2026, 9:51:14 AM",3.612,64.4,100,0,2026-03-05T14:51:14.000Z
"3/5/2026, 9:54:14 AM",3.613,64.4,100,0,2026-03-05T14:54:14.000Z
"3/5/2026, 9:57:14 AM",3.613,64.6,100,0,2026-03-05T14:57:14.000Z
"3/5/2026, 10:00:14 AM",3.612,64.8,100,0,2026-03-05T15:00:14.000Z
"3/5/2026, 10:03:14 AM",3.613,64.8,100,0,2026-03-05T15:03:14.000Z
"3/5/2026, 10:06:14 AM",3.612,64.8,100,0,2026-03-05T15:06:14.000Z
"3/5/2026, 10:09:14 AM",3.613,64.8,100,0,2026-03-05T15:09:14.000Z
"3/5/2026, 10:12:14 AM",3.613,64.8,100,0,2026-03-05T15:12:14.000Z
"3/5/2026, 10:15:14 AM",3.613,64.8,100,0,2026-03-05T15:15:14.000Z
"3/5/2026, 10:18:14 AM",3.613,64.9,100,0,2026-03-05T15:18:14.000Z
"3/5/2026, 10:21:14 AM",3.613,64.9,100,0,2026-03-05T15:21:14.000Z
"3/5/2026, 10:24:14 AM",3.613,64.9,100,0,2026-03-05T15:24:14.000Z
"3/5/2026, 10:27:14 AM",3.613,64.9,100,0,2026-03-05T15:27:14.000Z
"3/5/2026, 10:30:14 AM",3.613,64.9,100,0,2026-03-05T15:30:14.000Z
"3/5/2026, 10:33:14 AM",3.613,64.9,100,0,2026-03-05T15:33:14.000Z
"3/5/2026, 10:36:14 AM",3.613,64.9,100,0,2026-03-05T15:36:14.000Z
"3/5/2026, 10:39:14 AM",3.613,64.9,100,0,2026-03-05T15:39:14.000Z
"3/5/2026, 10:42:14 AM",3.613,64.9,100,0,2026-03-05T15:42:14.000Z
"3/5/2026, 10:45:14 AM",3.613,64.8,100,0,2026-03-05T15:45:14.000Z
"3/5/2026, 10:48:14 AM",3.613,64.8,100,0,2026-03-05T15:48:14.000Z
"3/5/2026, 10:51:14 AM",3.613,64.8,100,0,2026-03-05T15:51:14.000Z
"3/5/2026, 10:54:14 AM",3.613,64.8,100,0,2026-03-05T15:54:14.000Z
"3/5/2026, 10:57:14 AM",3.613,64.8,100,0,2026-03-05T15:57:14.000Z
"3/5/2026, 11:00:14 AM",3.613,64.9,100,0,2026-03-05T16:00:14.000Z
"3/5/2026, 11:03:14 AM",3.613,64.9,100,0,2026-03-05T16:03:14.000Z
"3/5/2026, 11:06:14 AM",3.613,64.9,100,0,2026-03-05T16:06:14.000Z
"3/5/2026, 11:09:14 AM",3.613,65.1,100,0,2026-03-05T16:09:14.000Z
"3/5/2026, 11:12:14 AM",3.613,65.1,100,0,2026-03-05T16:12:14.000Z
"3/5/2026, 11:15:14 AM",3.613,65.3,100,0,2026-03-05T16:15:14.000Z
"3/5/2026, 11:18:14 AM",3.613,65.3,100,0,2026-03-05T16:18:14.000Z
"3/5/2026, 11:21:14 AM",3.613,65.3,100,0,2026-03-05T16:21:14.000Z
"3/5/2026, 11:24:14 AM",3.613,65.5,100,0,2026-03-05T16:24:14.000Z
"3/5/2026, 11:27:14 AM",3.613,65.5,100,0,2026-03-05T16:27:14.000Z
"3/5/2026, 11:30:14 AM",3.613,65.5,100,0,2026-03-05T16:30:14.000Z
"3/5/2026, 11:33:14 AM",3.613,65.7,100,0,2026-03-05T16:33:14.000Z
"3/5/2026, 11:36:14 AM",3.613,65.7,100,0,2026-03-05T16:36:14.000Z
"3/5/2026, 11:39:14 AM",3.613,65.8,100,0,2026-03-05T16:39:14.000Z
"3/5/2026, 11:42:14 AM",3.614,66,100,0,2026-03-05T16:42:14.000Z
"3/5/2026, 11:45:14 AM",3.613,66.2,100,0,2026-03-05T16:45:14.000Z
"3/5/2026, 11:48:14 AM",3.613,66.2,100,0,2026-03-05T16:48:14.000Z
"3/5/2026, 11:51:14 AM",3.613,66.4,100,0,2026-03-05T16:51:14.000Z
"3/5/2026, 11:54:14 AM",3.614,66.6,100,0,2026-03-05T16:54:14.000Z
"3/5/2026, 11:57:14 AM",3.614,66.6,100,0,2026-03-05T16:57:14.000Z
"3/5/2026, 12:00:14 PM",3.613,66.7,100,0,2026-03-05T17:00:14.000Z
"3/5/2026, 12:03:14 PM",3.613,66.7,100,0,2026-03-05T17:03:14.000Z
"3/5/2026, 12:06:14 PM",3.614,66.9,100,0,2026-03-05T17:06:14.000Z
"3/5/2026, 12:09:14 PM",3.614,66.9,100,0,2026-03-05T17:09:14.000Z
"3/5/2026, 12:12:14 PM",3.614,66.9,100,0,2026-03-05T17:12:14.000Z
"3/5/2026, 12:15:14 PM",3.614,66.9,100,0,2026-03-05T17:15:14.000Z
"3/5/2026, 12:18:14 PM",3.614,67.1,100,0,2026-03-05T17:18:14.000Z
"3/5/2026, 12:21:14 PM",3.614,67.1,100,0,2026-03-05T17:21:14.000Z
"3/5/2026, 12:24:14 PM",3.614,67.1,100,0,2026-03-05T17:24:14.000Z
"3/5/2026, 12:27:14 PM",3.614,67.1,100,0,2026-03-05T17:27:14.000Z
"3/5/2026, 12:30:14 PM",3.614,67.1,100,0,2026-03-05T17:30:14.000Z
"3/5/2026, 12:33:14 PM",3.614,67.3,100,0,2026-03-05T17:33:14.000Z
"3/5/2026, 12:36:14 PM",3.615,67.3,100,0,2026-03-05T17:36:14.000Z
"3/5/2026, 12:39:14 PM",3.614,67.1,100,0,2026-03-05T17:39:14.000Z
"3/5/2026, 12:42:14 PM",3.614,67.1,100,0,2026-03-05T17:42:14.000Z
"3/5/2026, 12:45:14 PM",3.614,66.9,100,0,2026-03-05T17:45:14.000Z
"3/5/2026, 12:48:14 PM",3.614,66.9,100,0,2026-03-05T17:48:14.000Z
"3/5/2026, 12:51:14 PM",3.614,66.9,100,0,2026-03-05T17:51:14.000Z
"3/5/2026, 12:54:14 PM",3.614,66.9,100,0,2026-03-05T17:54:14.000Z
"3/5/2026, 12:57:14 PM",3.615,66.9,100,0,2026-03-05T17:57:14.000Z
"3/5/2026, 1:00:14 PM",3.614,66.9,100,0,2026-03-05T18:00:14.000Z
"3/5/2026, 1:03:14 PM",3.615,67.1,100,0,2026-03-05T18:03:14.000Z
"3/5/2026, 1:06:14 PM",3.615,67.1,100,0,2026-03-05T18:06:14.000Z
"3/5/2026, 1:09:14 PM",3.615,67.3,100,0,2026-03-05T18:09:14.000Z
"3/5/2026, 1:12:14 PM",3.614,67.5,100,0,2026-03-05T18:12:14.000Z
"3/5/2026, 1:15:14 PM",3.614,67.6,100,0,2026-03-05T18:15:14.000Z
"3/5/2026, 1:18:14 PM",3.615,67.8,100,0,2026-03-05T18:18:14.000Z
"3/5/2026, 1:21:14 PM",3.614,68,100,0,2026-03-05T18:21:14.000Z
"3/5/2026, 1:24:14 PM",3.615,68.2,100,0,2026-03-05T18:24:14.000Z
"3/5/2026, 1:27:14 PM",3.614,68.2,100,0,2026-03-05T18:27:14.000Z
"3/5/2026, 1:30:14 PM",3.614,68.2,100,0,2026-03-05T18:30:14.000Z
"3/5/2026, 1:33:14 PM",3.615,68.2,100,0,2026-03-05T18:33:14.000Z
"3/5/2026, 1:36:14 PM",3.615,68.2,100,0,2026-03-05T18:36:14.000Z
"3/5/2026, 1:39:14 PM",3.614,68,100,0,2026-03-05T18:39:14.000Z
"3/5/2026, 1:42:14 PM",3.615,68,100,0,2026-03-05T18:42:14.000Z
"3/5/2026, 1:45:14 PM",3.615,67.8,100,0,2026-03-05T18:45:14.000Z
"3/5/2026, 1:48:14 PM",3.615,67.8,100,0,2026-03-05T18:48:14.000Z
"3/5/2026, 1:51:14 PM",3.615,67.8,100,0,2026-03-05T18:51:14.000Z
"3/5/2026, 1:54:14 PM",3.614,67.8,100,0,2026-03-05T18:54:14.000Z
"3/5/2026, 1:57:14 PM",3.614,67.8,100,0,2026-03-05T18:57:14.000Z
"3/5/2026, 2:00:14 PM",3.615,67.8,100,0,2026-03-05T19:00:14.000Z
"3/5/2026, 2:03:14 PM",3.615,67.8,100,0,2026-03-05T19:03:14.000Z
"3/5/2026, 2:06:14 PM",3.615,67.8,100,0,2026-03-05T19:06:14.000Z
"3/5/2026, 2:09:14 PM",3.615,68,100,0,2026-03-05T19:09:14.000Z
"3/5/2026, 2:12:14 PM",3.615,68,100,0,2026-03-05T19:12:14.000Z
"3/5/2026, 2:15:14 PM",3.615,68.2,100,0,2026-03-05T19:15:14.000Z
"3/5/2026, 2:18:14 PM",3.615,68.2,100,0,2026-03-05T19:18:14.000Z
"3/5/2026, 2:21:14 PM",3.615,68.2,100,0,2026-03-05T19:21:14.000Z
"3/5/2026, 2:24:14 PM",3.615,68.2,100,0,2026-03-05T19:24:14.000Z
"3/5/2026, 2:27:14 PM",3.615,68.2,100,0,2026-03-05T19:27:14.000Z
"3/5/2026, 2:30:14 PM",3.615,68.2,100,0,2026-03-05T19:30:14.000Z
"3/5/2026, 2:33:14 PM",3.615,68.2,100,0,2026-03-05T19:33:14.000Z
"3/5/2026, 2:36:14 PM",3.615,68,100,0,2026-03-05T19:36:14.000Z
"3/5/2026, 2:39:14 PM",3.614,68,100,0,2026-03-05T19:39:14.000Z
"3/5/2026, 2:42:14 PM",3.615,67.8,100,0,2026-03-05T19:42:14.000Z
"3/5/2026, 2:45:14 PM",3.615,67.6,100,0,2026-03-05T19:45:14.000Z
"3/5/2026, 2:48:14 PM",3.615,67.6,100,0,2026-03-05T19:48:14.000Z
"3/5/2026, 2:51:14 PM",3.615,67.5,100,0,2026-03-05T19:51:14.000Z
"3/5/2026, 2:54:14 PM",3.615,67.5,100,0,2026-03-05T19:54:14.000Z
"3/5/2026, 2:57:14 PM",3.615,67.3,100,0,2026-03-05T19:57:14.000Z
"3/5/2026, 3:00:14 PM",3.615,67.3,100,0,2026-03-05T20:00:14.000Z
"3/5/2026, 3:03:14 PM",3.615,67.3,100,0,2026-03-05T20:03:14.000Z
"3/5/2026, 3:06:14 PM",3.615,67.1,100,0,2026-03-05T20:06:14.000Z
"3/5/2026, 3:09:14 PM",3.615,67.1,100,0,2026-03-05T20:09:14.000Z
"3/5/2026, 3:12:14 PM",3.615,67.1,100,0,2026-03-05T20:12:14.000Z
"3/5/2026, 3:15:14 PM",3.615,67.1,100,0,2026-03-05T20:15:14.000Z
"3/5/2026, 3:18:14 PM",3.615,66.9,100,0,2026-03-05T20:18:14.000Z
"3/5/2026, 3:21:14 PM",3.615,66.9,100,0,2026-03-05T20:21:14.000Z
"3/5/2026, 3:24:14 PM",3.615,66.9,100,0,2026-03-05T20:24:14.000Z
"3/5/2026, 3:27:14 PM",3.615,66.9,100,0,2026-03-05T20:27:14.000Z
"3/5/2026, 3:30:14 PM",3.615,66.9,100,0,2026-03-05T20:30:14.000Z
"3/5/2026, 3:33:14 PM",3.615,66.9,100,0,2026-03-05T20:33:14.000Z
"3/5/2026, 3:36:14 PM",3.615,66.9,100,0,2026-03-05T20:36:14.000Z
"3/5/2026, 3:39:14 PM",3.614,66.9,100,0,2026-03-05T20:39:14.000Z
"3/5/2026, 3:42:14 PM",3.615,67.1,100,0,2026-03-05T20:42:14.000Z
"3/5/2026, 3:45:14 PM",3.615,67.1,100,0,2026-03-05T20:45:14.000Z
"3/5/2026, 3:48:14 PM",3.615,67.1,100,0,2026-03-05T20:48:14.000Z
"3/5/2026, 3:51:14 PM",3.615,67.1,100,0,2026-03-05T20:51:14.000Z
"3/5/2026, 3:54:14 PM",3.614,67.3,100,0,2026-03-05T20:54:14.000Z
"3/5/2026, 3:57:14 PM",3.614,67.3,100,0,2026-03-05T20:57:14.000Z
"3/5/2026, 4:00:14 PM",3.615,67.3,100,0,2026-03-05T21:00:14.000Z
"3/5/2026, 4:03:14 PM",3.615,67.5,100,0,2026-03-05T21:03:14.000Z
"3/5/2026, 4:06:14 PM",3.615,67.5,100,0,2026-03-05T21:06:14.000Z
"3/5/2026, 4:09:14 PM",3.615,67.5,100,0,2026-03-05T21:09:14.000Z
"3/5/2026, 4:12:14 PM",3.615,67.5,100,0,2026-03-05T21:12:14.000Z
"3/5/2026, 4:15:14 PM",3.615,67.6,100,0,2026-03-05T21:15:14.000Z
"3/5/2026, 4:18:14 PM",3.615,67.6,100,0,2026-03-05T21:18:14.000Z
"3/5/2026, 4:21:14 PM",3.615,67.6,100,0,2026-03-05T21:21:14.000Z
"3/5/2026, 4:24:14 PM",3.615,67.8,100,0,2026-03-05T21:24:14.000Z
"3/5/2026, 4:27:14 PM",3.615,67.8,100,0,2026-03-05T21:27:14.000Z
"3/5/2026, 4:30:14 PM",3.615,67.8,100,0,2026-03-05T21:30:14.000Z
"3/5/2026, 4:33:14 PM",3.615,67.8,100,0,2026-03-05T21:33:14.000Z
"3/5/2026, 4:36:14 PM",3.615,67.8,100,0,2026-03-05T21:36:14.000Z
"3/5/2026, 4:39:14 PM",3.615,68,100,0,2026-03-05T21:39:14.000Z
"3/5/2026, 4:42:14 PM",3.615,68,100,0,2026-03-05T21:42:14.000Z
"3/5/2026, 4:45:14 PM",3.615,68,100,0,2026-03-05T21:45:14.000Z
"3/5/2026, 4:48:14 PM",3.615,68,100,0,2026-03-05T21:48:14.000Z
"3/5/2026, 4:51:14 PM",3.615,68,100,0,2026-03-05T21:51:14.000Z
"3/5/2026, 4:54:14 PM",3.615,68,100,0,2026-03-05T21:54:14.000Z
"3/5/2026, 4:57:14 PM",3.615,67.8,100,0,2026-03-05T21:57:14.000Z
"3/5/2026, 5:00:14 PM",3.615,67.8,100,0,2026-03-05T22:00:14.000Z
"3/5/2026, 5:03:14 PM",3.615,67.8,100,0,2026-03-05T22:03:14.000Z
"3/5/2026, 5:06:14 PM",3.615,67.8,100,0,2026-03-05T22:06:14.000Z
"3/5/2026, 5:09:14 PM",3.615,67.8,100,0,2026-03-05T22:09:14.000Z
"3/5/2026, 5:12:14 PM",3.615,67.8,100,0,2026-03-05T22:12:14.000Z
"3/5/2026, 5:15:14 PM",3.615,67.8,100,0,2026-03-05T22:15:14.000Z
"3/5/2026, 5:18:14 PM",3.615,67.8,100,0,2026-03-05T22:18:14.000Z
"3/5/2026, 5:21:14 PM",3.615,67.8,100,0,2026-03-05T22:21:14.000Z
"3/5/2026, 5:24:14 PM",3.615,67.8,100,0,2026-03-05T22:24:14.000Z
"3/5/2026, 5:27:14 PM",3.615,67.8,100,0,2026-03-05T22:27:14.000Z
"3/5/2026, 5:30:14 PM",3.616,67.8,100,0,2026-03-05T22:30:14.000Z
"3/5/2026, 5:33:14 PM",3.615,67.8,100,0,2026-03-05T22:33:14.000Z
"3/5/2026, 5:36:14 PM",3.615,68,100,0,2026-03-05T22:36:14.000Z
"3/5/2026, 5:39:14 PM",3.615,68,100,0,2026-03-05T22:39:14.000Z
"3/5/2026, 5:42:14 PM",3.615,68,100,0,2026-03-05T22:42:14.000Z
"3/5/2026, 5:45:14 PM",3.615,68,100,0,2026-03-05T22:45:14.000Z
"3/5/2026, 5:48:14 PM",3.615,67.8,100,0,2026-03-05T22:48:14.000Z
"3/5/2026, 5:51:14 PM",3.615,67.8,100,0,2026-03-05T22:51:14.000Z
"3/5/2026, 5:54:14 PM",3.615,67.8,100,0,2026-03-05T22:54:14.000Z
"3/5/2026, 5:57:14 PM",3.615,67.8,100,0,2026-03-05T22:57:14.000Z
"3/5/2026, 6:00:14 PM",3.616,67.8,100,0,2026-03-05T23:00:14.000Z
"3/5/2026, 6:03:14 PM",3.615,67.6,100,0,2026-03-05T23:03:14.000Z
"3/5/2026, 6:06:14 PM",3.615,67.6,100,0,2026-03-05T23:06:14.000Z
"3/5/2026, 6:09:14 PM",3.615,67.5,100,0,2026-03-05T23:09:14.000Z
"3/5/2026, 6:12:14 PM",3.615,67.5,100,0,2026-03-05T23:12:14.000Z
"3/5/2026, 6:15:14 PM",3.615,67.3,100,0,2026-03-05T23:15:14.000Z
"3/5/2026, 6:18:14 PM",3.615,67.3,100,0,2026-03-05T23:18:14.000Z
"3/5/2026, 6:21:14 PM",3.615,67.1,100,0,2026-03-05T23:21:14.000Z
"3/5/2026, 6:24:14 PM",3.615,66.9,100,0,2026-03-05T23:24:14.000Z
"3/5/2026, 6:27:14 PM",3.615,66.9,100,0,2026-03-05T23:27:14.000Z
"3/5/2026, 6:30:14 PM",3.615,66.7,100,0,2026-03-05T23:30:14.000Z
"3/5/2026, 6:33:14 PM",3.615,66.6,100,0,2026-03-05T23:33:14.000Z
"3/5/2026, 6:36:14 PM",3.615,66.4,100,0,2026-03-05T23:36:14.000Z
"3/5/2026, 6:39:14 PM",3.615,66.4,100,0,2026-03-05T23:39:14.000Z
"3/5/2026, 6:42:14 PM",3.615,66.2,100,0,2026-03-05T23:42:14.000Z
"3/5/2026, 6:45:14 PM",3.615,66,100,0,2026-03-05T23:45:14.000Z
"3/5/2026, 6:48:14 PM",3.615,65.8,100,0,2026-03-05T23:48:14.000Z
"3/5/2026, 6:51:14 PM",3.615,65.8,100,0,2026-03-05T23:51:14.000Z
"3/5/2026, 6:54:14 PM",3.615,65.7,100,0,2026-03-05T23:54:14.000Z
"3/5/2026, 6:57:14 PM",3.615,65.5,100,0,2026-03-05T23:57:14.000Z
"3/5/2026, 7:00:14 PM",3.614,65.5,100,0,2026-03-06T00:00:14.000Z
"3/5/2026, 7:03:14 PM",3.614,65.3,100,0,2026-03-06T00:03:14.000Z
"3/5/2026, 7:06:14 PM",3.614,65.1,100,0,2026-03-06T00:06:14.000Z
"3/5/2026, 7:09:14 PM",3.614,65.1,100,0,2026-03-06T00:09:14.000Z
"3/5/2026, 7:12:14 PM",3.615,64.9,100,0,2026-03-06T00:12:14.000Z
"3/5/2026, 7:15:14 PM",3.614,64.9,100,0,2026-03-06T00:15:14.000Z
"3/5/2026, 7:18:14 PM",3.614,64.8,100,0,2026-03-06T00:18:14.000Z
"3/5/2026, 7:21:14 PM",3.615,64.8,100,0,2026-03-06T00:21:14.000Z
"3/5/2026, 7:24:14 PM",3.614,64.8,100,0,2026-03-06T00:24:14.000Z
"3/5/2026, 7:27:14 PM",3.614,64.6,100,0,2026-03-06T00:27:14.000Z
"3/5/2026, 7:30:14 PM",3.614,64.6,100,0,2026-03-06T00:30:14.000Z
"3/5/2026, 7:33:14 PM",3.614,64.6,100,0,2026-03-06T00:33:14.000Z
"3/5/2026, 7:36:14 PM",3.614,64.6,100,0,2026-03-06T00:36:14.000Z
"3/5/2026, 7:39:14 PM",3.614,64.4,100,0,2026-03-06T00:39:14.000Z
"3/5/2026, 7:42:14 PM",3.614,64.4,100,0,2026-03-06T00:42:14.000Z
"3/5/2026, 7:45:14 PM",3.614,64.4,100,0,2026-03-06T00:45:14.000Z
"3/5/2026, 7:48:14 PM",3.614,64.4,100,0,2026-03-06T00:48:14.000Z
"3/5/2026, 7:51:14 PM",3.614,64.2,100,0,2026-03-06T00:51:14.000Z
"3/5/2026, 7:54:14 PM",3.614,64.2,100,0,2026-03-06T00:54:14.000Z
"3/5/2026, 7:57:14 PM",3.614,64.2,100,0,2026-03-06T00:57:14.000Z
"3/5/2026, 8:00:14 PM",3.614,64.2,100,0,2026-03-06T01:00:14.000Z
"3/5/2026, 8:03:14 PM",3.614,64.2,100,0,2026-03-06T01:03:14.000Z
"3/5/2026, 8:06:14 PM",3.614,64.2,100,0,2026-03-06T01:06:14.000Z
"3/5/2026, 8:09:14 PM",3.614,64.2,100,0,2026-03-06T01:09:14.000Z
"3/5/2026, 8:12:14 PM",3.614,64.2,100,0,2026-03-06T01:12:14.000Z
"3/5/2026, 8:15:14 PM",3.614,64.2,100,0,2026-03-06T01:15:14.000Z
"3/5/2026, 8:18:14 PM",3.614,64.2,100,0,2026-03-06T01:18:14.000Z
"3/5/2026, 8:21:14 PM",3.614,64.2,100,0,2026-03-06T01:21:14.000Z
"3/5/2026, 8:24:14 PM",3.613,64.2,100,0,2026-03-06T01:24:14.000Z
"3/5/2026, 8:27:14 PM",3.614,64.4,100,0,2026-03-06T01:27:14.000Z
"3/5/2026, 8:30:14 PM",3.614,64.4,100,0,2026-03-06T01:30:14.000Z
"3/5/2026, 8:33:14 PM",3.614,64.4,100,0,2026-03-06T01:33:14.000Z
"3/5/2026, 8:36:14 PM",3.614,64.4,100,0,2026-03-06T01:36:14.000Z
"3/5/2026, 8:39:14 PM",3.614,64.4,100,0,2026-03-06T01:39:14.000Z
"3/5/2026, 8:42:14 PM",3.614,64.4,100,0,2026-03-06T01:42:14.000Z
"3/5/2026, 8:45:14 PM",3.614,64.4,100,0,2026-03-06T01:45:14.000Z
"3/5/2026, 8:48:14 PM",3.614,64.4,100,0,2026-03-06T01:48:14.000Z
"3/5/2026, 8:51:14 PM",3.614,64.4,100,0,2026-03-06T01:51:14.000Z
"3/5/2026, 8:54:14 PM",3.614,64.6,100,0,2026-03-06T01:54:14.000Z
"3/5/2026, 8:57:14 PM",3.614,64.6,100,0,2026-03-06T01:57:14.000Z
"3/5/2026, 9:00:14 PM",3.613,64.6,100,0,2026-03-06T02:00:14.000Z
"3/5/2026, 9:03:14 PM",3.613,64.6,100,0,2026-03-06T02:03:14.000Z
"3/5/2026, 9:06:14 PM",3.613,64.8,100,0,2026-03-06T02:06:14.000Z
"3/5/2026, 9:09:14 PM",3.613,64.8,100,0,2026-03-06T02:09:14.000Z
"3/5/2026, 9:12:14 PM",3.614,64.8,100,0,2026-03-06T02:12:14.000Z
"3/5/2026, 9:15:14 PM",3.613,64.8,100,0,2026-03-06T02:15:14.000Z
"3/5/2026, 9:18:14 PM",3.614,64.8,100,0,2026-03-06T02:18:14.000Z
"3/5/2026, 9:21:14 PM",3.614,64.8,100,0,2026-03-06T02:21:14.000Z
"3/5/2026, 9:24:14 PM",3.613,64.8,100,0,2026-03-06T02:24:14.000Z
"3/5/2026, 9:27:14 PM",3.613,64.8,100,0,2026-03-06T02:27:14.000Z
"3/5/2026, 9:30:14 PM",3.614,64.8,100,0,2026-03-06T02:30:14.000Z
"3/5/2026, 9:33:14 PM",3.613,64.9,100,0,2026-03-06T02:33:14.000Z
"3/5/2026, 9:36:14 PM",3.614,64.9,100,0,2026-03-06T02:36:14.000Z
"3/5/2026, 9:39:14 PM",3.614,64.9,100,0,2026-03-06T02:39:14.000Z
"3/5/2026, 9:42:14 PM",3.614,64.9,100,0,2026-03-06T02:42:14.000Z
"3/5/2026, 9:45:14 PM",3.614,64.9,100,0,2026-03-06T02:45:14.000Z
"3/5/2026, 9:48:14 PM",3.614,64.9,100,0,2026-03-06T02:48:14.000Z
"3/5/2026, 9:51:14 PM",3.613,64.9,100,0,2026-03-06T02:51:14.000Z
"3/5/2026, 9:54:14 PM",3.614,64.9,100,0,2026-03-06T02:54:14.000Z
"3/5/2026, 9:57:14 PM",3.613,64.9,100,0,2026-03-06T02:57:14.000Z
"3/5/2026, 10:00:14 PM",3.614,64.8,100,0,2026-03-06T03:00:14.000Z
"3/5/2026, 10:03:14 PM",3.614,64.8,100,0,2026-03-06T03:03:14.000Z
"3/5/2026, 10:06:14 PM",3.614,64.8,100,0,2026-03-06T03:06:14.000Z
"3/5/2026, 10:09:14 PM",3.614,64.8,100,0,2026-03-06T03:09:14.000Z
"3/5/2026, 10:12:14 PM",3.614,64.8,100,0,2026-03-06T03:12:14.000Z
"3/5/2026, 10:15:14 PM",3.614,64.8,100,0,2026-03-06T03:15:14.000Z
"3/5/2026, 10:18:14 PM",3.614,64.8,100,0,2026-03-06T03:18:14.000Z
"3/5/2026, 10:21:14 PM",3.614,64.8,100,0,2026-03-06T03:21:14.000Z
"3/5/2026, 10:24:14 PM",3.614,64.8,100,0,2026-03-06T03:24:14.000Z
"3/5/2026, 10:27:14 PM",3.614,64.8,100,0,2026-03-06T03:27:14.000Z
"3/5/2026, 10:30:14 PM",3.614,64.8,100,0,2026-03-06T03:30:14.000Z
"3/5/2026, 10:33:14 PM",3.614,64.8,100,0,2026-03-06T03:33:14.000Z
"3/5/2026, 10:36:14 PM",3.614,64.8,100,0,2026-03-06T03:36:14.000Z
"3/5/2026, 10:39:14 PM",3.614,64.8,100,0,2026-03-06T03:39:14.000Z
"3/5/2026, 10:42:14 PM",3.614,64.8,100,0,2026-03-06T03:42:14.000Z
"3/5/2026, 10:45:14 PM",3.614,64.8,100,0,2026-03-06T03:45:14.000Z
"3/5/2026, 10:48:14 PM",3.614,64.8,100,0,2026-03-06T03:48:14.000Z
"3/5/2026, 10:51:14 PM",3.614,64.8,100,0,2026-03-06T03:51:14.000Z
"3/5/2026, 10:54:14 PM",3.614,64.8,100,0,2026-03-06T03:54:14.000Z
"3/5/2026, 10:57:14 PM",3.614,64.8,100,0,2026-03-06T03:57:14.000Z
"3/5/2026, 11:00:14 PM",3.614,64.6,100,0,2026-03-06T04:00:14.000Z
"3/5/2026, 11:03:14 PM",3.614,64.6,100,0,2026-03-06T04:03:14.000Z
"3/5/2026, 11:06:14 PM",3.614,64.6,100,0,2026-03-06T04:06:14.000Z
"3/5/2026, 11:09:14 PM",3.614,64.6,100,0,2026-03-06T04:09:14.000Z
"3/5/2026, 11:12:14 PM",3.614,64.6,100,0,2026-03-06T04:12:14.000Z
"3/5/2026, 11:15:14 PM",3.614,64.6,100,0,2026-03-06T04:15:14.000Z
"3/5/2026, 11:18:14 PM",3.614,64.6,100,0,2026-03-06T04:18:14.000Z
"3/5/2026, 11:21:14 PM",3.613,64.6,100,0,2026-03-06T04:21:14.000Z
"3/5/2026, 11:24:14 PM",3.614,64.6,100,0,2026-03-06T04:24:14.000Z
"3/5/2026, 11:27:14 PM",3.614,64.6,100,0,2026-03-06T04:27:14.000Z
"3/5/2026, 11:30:14 PM",3.613,64.6,100,0,2026-03-06T04:30:14.000Z
"3/5/2026, 11:33:14 PM",3.614,64.6,100,0,2026-03-06T04:33:14.000Z
"3/5/2026, 11:36:14 PM",3.614,64.8,100,0,2026-03-06T04:36:14.000Z
"3/5/2026, 11:39:14 PM",3.614,64.8,100,0,2026-03-06T04:39:14.000Z
"3/5/2026, 11:42:14 PM",3.614,64.8,100,0,2026-03-06T04:42:14.000Z
"3/5/2026, 11:45:14 PM",3.614,64.8,100,0,2026-03-06T04:45:14.000Z
"3/5/2026, 11:48:14 PM",3.614,64.8,100,0,2026-03-06T04:48:14.000Z
"3/5/2026, 11:51:14 PM",3.613,64.8,100,0,2026-03-06T04:51:14.000Z
"3/5/2026, 11:54:14 PM",3.614,64.8,100,0,2026-03-06T04:54:14.000Z
"3/5/2026, 11:57:14 PM",3.614,64.8,100,0,2026-03-06T04:57:14.000Z
"3/6/2026, 12:00:14 AM",3.614,64.8,100,0,2026-03-06T05:00:14.000Z
"3/6/2026, 12:03:14 AM",3.614,64.6,100,0,2026-03-06T05:03:14.000Z
"3/6/2026, 12:06:14 AM",3.614,64.6,100,0,2026-03-06T05:06:14.000Z
"3/6/2026, 12:09:14 AM",3.613,64.6,100,0,2026-03-06T05:09:14.000Z
"3/6/2026, 12:12:14 AM",3.614,64.6,100,0,2026-03-06T05:12:14.000Z
"3/6/2026, 12:15:14 AM",3.614,64.6,100,0,2026-03-06T05:15:14.000Z
"3/6/2026, 12:18:14 AM",3.614,64.8,100,0,2026-03-06T05:18:14.000Z
"3/6/2026, 12:21:14 AM",3.614,64.8,100,0,2026-03-06T05:21:14.000Z
"3/6/2026, 12:24:14 AM",3.614,64.8,100,0,2026-03-06T05:24:14.000Z
"3/6/2026, 12:27:14 AM",3.613,64.8,100,0,2026-03-06T05:27:14.000Z
"3/6/2026, 12:30:14 AM",3.614,64.9,100,0,2026-03-06T05:30:14.000Z
"3/6/2026, 12:33:14 AM",3.614,64.9,100,0,2026-03-06T05:33:14.000Z
"3/6/2026, 12:36:14 AM",3.614,64.9,100,0,2026-03-06T05:36:14.000Z
"3/6/2026, 12:39:14 AM",3.614,64.8,100,0,2026-03-06T05:39:14.000Z
"3/6/2026, 12:42:14 AM",3.614,64.9,100,0,2026-03-06T05:42:14.000Z
"3/6/2026, 12:45:14 AM",3.614,64.9,100,0,2026-03-06T05:45:14.000Z
"3/6/2026, 12:48:14 AM",3.614,64.9,100,0,2026-03-06T05:48:14.000Z
"3/6/2026, 12:51:14 AM",3.614,64.9,100,0,2026-03-06T05:51:14.000Z
"3/6/2026, 12:54:14 AM",3.614,64.9,100,0,2026-03-06T05:54:14.000Z
"3/6/2026, 12:57:14 AM",3.614,64.9,100,0,2026-03-06T05:57:14.000Z
"3/6/2026, 1:00:14 AM",3.614,64.9,100,0,2026-03-06T06:00:14.000Z
"3/6/2026, 1:03:14 AM",3.613,64.9,100,0,2026-03-06T06:03:14.000Z
"3/6/2026, 1:06:14 AM",3.614,64.9,100,0,2026-03-06T06:06:14.000Z
"3/6/2026, 1:09:14 AM",3.614,64.9,100,0,2026-03-06T06:09:14.000Z
"3/6/2026, 1:12:14 AM",3.613,64.9,100,0,2026-03-06T06:12:14.000Z
"3/6/2026, 1:15:14 AM",3.614,65.1,100,0,2026-03-06T06:15:14.000Z
"3/6/2026, 1:18:14 AM",3.614,64.9,100,0,2026-03-06T06:18:14.000Z
"3/6/2026, 1:21:14 AM",3.614,65.1,100,0,2026-03-06T06:21:14.000Z
"3/6/2026, 1:24:14 AM",3.614,65.1,100,0,2026-03-06T06:24:14.000Z
"3/6/2026, 1:27:14 AM",3.614,65.3,100,0,2026-03-06T06:27:14.000Z
"3/6/2026, 1:30:14 AM",3.614,65.3,100,0,2026-03-06T06:30:14.000Z
"3/6/2026, 1:33:14 AM",3.614,65.3,100,0,2026-03-06T06:33:14.000Z
"3/6/2026, 1:36:14 AM",3.614,65.5,100,0,2026-03-06T06:36:14.000Z
"3/6/2026, 1:39:14 AM",3.614,65.5,100,0,2026-03-06T06:39:14.000Z
"3/6/2026, 1:42:14 AM",3.614,65.5,100,0,2026-03-06T06:42:14.000Z
"3/6/2026, 1:45:14 AM",3.614,65.5,100,0,2026-03-06T06:45:14.000Z
"3/6/2026, 1:48:14 AM",3.614,65.3,100,0,2026-03-06T06:48:14.000Z
"3/6/2026, 1:51:14 AM",3.614,65.3,100,0,2026-03-06T06:51:14.000Z
"3/6/2026, 1:54:14 AM",3.614,65.3,100,0,2026-03-06T06:54:14.000Z
"3/6/2026, 1:57:14 AM",3.614,65.3,100,0,2026-03-06T06:57:14.000Z
"3/6/2026, 2:00:14 AM",3.614,65.3,100,0,2026-03-06T07:00:14.000Z
"3/6/2026, 2:03:14 AM",3.614,65.3,100,0,2026-03-06T07:03:14.000Z
"3/6/2026, 2:06:14 AM",3.614,65.3,100,0,2026-03-06T07:06:14.000Z
"3/6/2026, 2:09:14 AM",3.614,65.3,100,0,2026-03-06T07:09:14.000Z
"3/6/2026, 2:12:14 AM",3.614,65.1,100,0,2026-03-06T07:12:14.000Z
"3/6/2026, 2:15:14 AM",3.614,65.1,100,0,2026-03-06T07:15:14.000Z
"3/6/2026, 2:18:14 AM",3.614,65.1,100,0,2026-03-06T07:18:14.000Z
"3/6/2026, 2:21:14 AM",3.614,64.9,100,0,2026-03-06T07:21:14.000Z
"3/6/2026, 2:24:14 AM",3.614,64.9,100,0,2026-03-06T07:24:14.000Z
"3/6/2026, 2:27:14 AM",3.614,64.9,100,0,2026-03-06T07:27:14.000Z
"3/6/2026, 2:30:14 AM",3.614,64.9,100,0,2026-03-06T07:30:14.000Z
"3/6/2026, 2:33:14 AM",3.614,64.9,100,0,2026-03-06T07:33:14.000Z
"3/6/2026, 2:36:14 AM",3.614,64.9,100,0,2026-03-06T07:36:14.000Z
"3/6/2026, 2:39:14 AM",3.614,64.8,100,0,2026-03-06T07:39:14.000Z
"3/6/2026, 2:42:14 AM",3.614,64.8,100,0,2026-03-06T07:42:14.000Z
"3/6/2026, 2:45:14 AM",3.614,64.8,100,0,2026-03-06T07:45:14.000Z
"3/6/2026, 2:48:14 AM",3.614,64.6,100,0,2026-03-06T07:48:14.000Z
"3/6/2026, 2:51:14 AM",3.614,64.4,100,0,2026-03-06T07:51:14.000Z
"3/6/2026, 2:54:14 AM",3.614,64.4,100,0,2026-03-06T07:54:14.000Z
"3/6/2026, 2:57:14 AM",3.613,64.2,100,0,2026-03-06T07:57:14.000Z
"3/6/2026, 3:00:14 AM",3.614,64.2,100,0,2026-03-06T08:00:14.000Z
"3/6/2026, 3:03:14 AM",3.614,64,100,0,2026-03-06T08:03:14.000Z
"3/6/2026, 3:06:14 AM",3.614,64,100,0,2026-03-06T08:06:14.000Z
"3/6/2026, 3:09:14 AM",3.614,63.9,100,0,2026-03-06T08:09:14.000Z
"3/6/2026, 3:12:14 AM",3.613,63.9,100,0,2026-03-06T08:12:14.000Z
"3/6/2026, 3:15:14 AM",3.614,63.7,100,0,2026-03-06T08:15:14.000Z
"3/6/2026, 3:18:14 AM",3.614,63.7,100,0,2026-03-06T08:18:14.000Z
"3/6/2026, 3:21:14 AM",3.614,63.7,100,0,2026-03-06T08:21:14.000Z
"3/6/2026, 3:24:14 AM",3.614,63.7,100,0,2026-03-06T08:24:14.000Z
"3/6/2026, 3:27:14 AM",3.613,63.5,100,0,2026-03-06T08:27:14.000Z
"3/6/2026, 3:30:14 AM",3.613,63.5,100,0,2026-03-06T08:30:14.000Z
"3/6/2026, 3:33:14 AM",3.613,63.5,100,0,2026-03-06T08:33:14.000Z
"3/6/2026, 3:36:14 AM",3.613,63.5,100,0,2026-03-06T08:36:14.000Z
"3/6/2026, 3:39:14 AM",3.614,63.5,100,0,2026-03-06T08:39:14.000Z
"3/6/2026, 3:42:14 AM",3.613,63.5,100,0,2026-03-06T08:42:14.000Z
"3/6/2026, 3:45:14 AM",3.613,63.5,100,0,2026-03-06T08:45:14.000Z
"3/6/2026, 3:48:14 AM",3.613,63.3,100,0,2026-03-06T08:48:14.000Z
"3/6/2026, 3:51:14 AM",3.613,63.3,100,0,2026-03-06T08:51:14.000Z
"3/6/2026, 3:54:14 AM",3.613,63.3,100,0,2026-03-06T08:54:14.000Z
"3/6/2026, 3:57:14 AM",3.613,63.3,100,0,2026-03-06T08:57:14.000Z
"3/6/2026, 4:00:14 AM",3.613,63.3,100,0,2026-03-06T09:00:14.000Z
"3/6/2026, 4:03:14 AM",3.613,63.1,100,0,2026-03-06T09:03:14.000Z
"3/6/2026, 4:06:14 AM",3.613,63.1,100,0,2026-03-06T09:06:14.000Z
"3/6/2026, 4:09:14 AM",3.613,63.1,100,0,2026-03-06T09:09:14.000Z
"3/6/2026, 4:12:14 AM",3.613,63.3,100,0,2026-03-06T09:12:14.000Z
"3/6/2026, 4:15:14 AM",3.613,63.3,100,0,2026-03-06T09:15:14.000Z
"3/6/2026, 4:18:14 AM",3.613,63.3,100,0,2026-03-06T09:18:14.000Z
"3/6/2026, 4:21:14 AM",3.613,63.3,100,0,2026-03-06T09:21:14.000Z
"3/6/2026, 4:24:14 AM",3.613,63.3,100,0,2026-03-06T09:24:14.000Z
"3/6/2026, 4:27:14 AM",3.613,63.3,100,0,2026-03-06T09:27:14.000Z
"3/6/2026, 4:30:14 AM",3.614,63.3,100,0,2026-03-06T09:30:14.000Z
"3/6/2026, 4:33:14 AM",3.613,63.3,100,0,2026-03-06T09:33:14.000Z
"3/6/2026, 4:36:14 AM",3.613,63.3,100,0,2026-03-06T09:36:14.000Z
"3/6/2026, 4:39:14 AM",3.613,63.3,100,0,2026-03-06T09:39:14.000Z
"3/6/2026, 4:42:14 AM",3.613,63.3,100,0,2026-03-06T09:42:14.000Z
"3/6/2026, 4:45:14 AM",3.613,63.3,100,0,2026-03-06T09:45:14.000Z
"3/6/2026, 4:48:14 AM",3.613,63.3,100,0,2026-03-06T09:48:14.000Z
"3/6/2026, 4:51:14 AM",3.613,63.3,100,0,2026-03-06T09:51:14.000Z
"3/6/2026, 4:54:14 AM",3.613,63.3,100,0,2026-03-06T09:54:14.000Z
"3/6/2026, 4:57:14 AM",3.613,63.3,100,0,2026-03-06T09:57:14.000Z
"3/6/2026, 5:00:14 AM",3.613,63.3,100,0,2026-03-06T10:00:14.000Z
"3/6/2026, 5:03:14 AM",3.613,63.3,100,0,2026-03-06T10:03:14.000Z
"3/6/2026, 5:06:14 AM",3.613,63.3,100,0,2026-03-06T10:06:14.000Z
"3/6/2026, 5:09:14 AM",3.613,63.3,100,0,2026-03-06T10:09:14.000Z
"3/6/2026, 5:12:14 AM",3.614,63.1,100,0,2026-03-06T10:12:14.000Z
"3/6/2026, 5:15:14 AM",3.613,63.1,100,0,2026-03-06T10:15:14.000Z
"3/6/2026, 5:18:14 AM",3.613,63.1,100,0,2026-03-06T10:18:14.000Z
"3/6/2026, 5:21:14 AM",3.613,63.1,100,0,2026-03-06T10:21:14.000Z
"3/6/2026, 5:24:14 AM",3.613,63.1,100,0,2026-03-06T10:24:14.000Z
"3/6/2026, 5:27:14 AM",3.613,63.1,100,0,2026-03-06T10:27:14.000Z
"3/6/2026, 5:30:14 AM",3.613,63.1,100,0,2026-03-06T10:30:14.000Z
"3/6/2026, 5:33:14 AM",3.613,63.1,100,0,2026-03-06T10:33:14.000Z
"3/6/2026, 5:36:14 AM",3.613,63.3,100,0,2026-03-06T10:36:14.000Z
"3/6/2026, 5:39:14 AM",3.613,63.1,100,0,2026-03-06T10:39:14.000Z
"3/6/2026, 5:42:14 AM",3.613,63.1,100,0,2026-03-06T10:42:14.000Z
"3/6/2026, 5:45:14 AM",3.613,63.1,100,0,2026-03-06T10:45:14.000Z
"3/6/2026, 5:48:14 AM",3.613,63.1,100,0,2026-03-06T10:48:14.000Z
"3/6/2026, 5:51:14 AM",3.613,63.1,100,0,2026-03-06T10:51:14.000Z
"3/6/2026, 5:54:14 AM",3.613,63.1,100,0,2026-03-06T10:54:14.000Z
"3/6/2026, 5:57:14 AM",3.612,63.1,100,0,2026-03-06T10:57:14.000Z
"3/6/2026, 6:00:14 AM",3.613,63.1,100,0,2026-03-06T11:00:14.000Z
"3/6/2026, 6:03:14 AM",3.613,63.1,100,0,2026-03-06T11:03:14.000Z
"3/6/2026, 6:06:14 AM",3.613,63.1,100,0,2026-03-06T11:06:14.000Z
"3/6/2026, 6:09:14 AM",3.613,63,100,0,2026-03-06T11:09:14.000Z
"3/6/2026, 6:12:14 AM",3.613,63,100,0,2026-03-06T11:12:14.000Z
"3/6/2026, 6:15:14 AM",3.613,63,100,0,2026-03-06T11:15:14.000Z
"3/6/2026, 6:18:14 AM",3.613,63,100,0,2026-03-06T11:18:14.000Z
"3/6/2026, 6:21:14 AM",3.613,63,100,0,2026-03-06T11:21:14.000Z
"3/6/2026, 6:24:14 AM",3.613,63,100,0,2026-03-06T11:24:14.000Z
"3/6/2026, 6:27:14 AM",3.613,63,100,0,2026-03-06T11:27:14.000Z
"3/6/2026, 6:30:14 AM",3.613,63,100,0,2026-03-06T11:30:14.000Z
"3/6/2026, 6:33:14 AM",3.613,62.8,100,0,2026-03-06T11:33:14.000Z
"3/6/2026, 6:36:14 AM",3.613,62.8,100,0,2026-03-06T11:36:14.000Z
"3/6/2026, 6:39:14 AM",3.613,62.6,100,0,2026-03-06T11:39:14.000Z
"3/6/2026, 6:42:14 AM",3.613,62.4,100,0,2026-03-06T11:42:14.000Z
"3/6/2026, 6:45:14 AM",3.613,62.4,100,0,2026-03-06T11:45:14.000Z
"3/6/2026, 6:48:14 AM",3.613,62.4,100,0,2026-03-06T11:48:14.000Z
"3/6/2026, 6:51:14 AM",3.613,62.4,100,0,2026-03-06T11:51:14.000Z
"3/6/2026, 6:54:14 AM",3.613,62.2,100,0,2026-03-06T11:54:14.000Z
"3/6/2026, 6:57:14 AM",3.613,62.2,100,0,2026-03-06T11:57:14.000Z
"3/6/2026, 7:00:14 AM",3.613,62.2,100,0,2026-03-06T12:00:14.000Z
"3/6/2026, 7:03:14 AM",3.613,62.2,100,0,2026-03-06T12:03:14.000Z
"3/6/2026, 7:06:14 AM",3.613,62.2,100,0,2026-03-06T12:06:14.000Z
"3/6/2026, 7:09:14 AM",3.612,62.2,100,0,2026-03-06T12:09:14.000Z
"3/6/2026, 7:12:14 AM",3.613,62.2,100,0,2026-03-06T12:12:14.000Z
"3/6/2026, 7:15:14 AM",3.613,62.4,100,0,2026-03-06T12:15:14.000Z
"3/6/2026, 7:18:14 AM",3.613,62.4,100,0,2026-03-06T12:18:14.000Z
"3/6/2026, 7:21:14 AM",3.612,62.4,100,0,2026-03-06T12:21:14.000Z
"3/6/2026, 7:24:14 AM",3.612,62.4,100,0,2026-03-06T12:24:14.000Z
"3/6/2026, 7:27:14 AM",3.613,62.4,100,0,2026-03-06T12:27:14.000Z
"3/6/2026, 7:30:14 AM",3.613,62.4,100,0,2026-03-06T12:30:14.000Z
"3/6/2026, 7:33:14 AM",3.613,62.4,100,0,2026-03-06T12:33:14.000Z
"3/6/2026, 7:36:14 AM",3.613,62.4,100,0,2026-03-06T12:36:14.000Z
"3/6/2026, 7:39:14 AM",3.613,62.6,100,0,2026-03-06T12:39:14.000Z
"3/6/2026, 7:42:14 AM",3.612,62.6,100,0,2026-03-06T12:42:14.000Z
"3/6/2026, 7:45:14 AM",3.612,62.6,100,0,2026-03-06T12:45:14.000Z
"3/6/2026, 7:48:14 AM",3.612,62.6,100,0,2026-03-06T12:48:14.000Z
"3/6/2026, 7:51:14 AM",3.613,62.6,100,0,2026-03-06T12:51:14.000Z
"3/6/2026, 7:54:14 AM",3.613,62.6,100,0,2026-03-06T12:54:14.000Z
"3/6/2026, 7:57:14 AM",3.612,62.8,100,0,2026-03-06T12:57:14.000Z
"3/6/2026, 8:00:14 AM",3.613,62.8,100,0,2026-03-06T13:00:14.000Z
"3/6/2026, 8:03:14 AM",3.612,63,100,0,2026-03-06T13:03:14.000Z
"3/6/2026, 8:06:14 AM",3.613,63,100,0,2026-03-06T13:06:14.000Z
"3/6/2026, 8:09:14 AM",3.613,63.1,100,0,2026-03-06T13:09:14.000Z
"3/6/2026, 8:12:14 AM",3.612,63.3,100,0,2026-03-06T13:12:14.000Z
"3/6/2026, 8:15:14 AM",3.613,63.3,100,0,2026-03-06T13:15:14.000Z
"3/6/2026, 8:18:14 AM",3.613,63.5,100,0,2026-03-06T13:18:14.000Z
"3/6/2026, 8:21:14 AM",3.613,63.7,100,0,2026-03-06T13:21:14.000Z
"3/6/2026, 8:24:14 AM",3.613,63.7,100,0,2026-03-06T13:24:14.000Z
"3/6/2026, 8:27:14 AM",3.613,63.9,100,0,2026-03-06T13:27:14.000Z
"3/6/2026, 8:30:14 AM",3.612,64,100,0,2026-03-06T13:30:14.000Z
"3/6/2026, 8:33:14 AM",3.613,64,100,0,2026-03-06T13:33:14.000Z
"3/6/2026, 8:36:14 AM",3.613,64.2,100,0,2026-03-06T13:36:14.000Z
"3/6/2026, 8:39:14 AM",3.613,64.4,100,0,2026-03-06T13:39:14.000Z
"3/6/2026, 8:42:14 AM",3.613,64.6,100,0,2026-03-06T13:42:14.000Z
"3/6/2026, 8:45:14 AM",3.613,64.8,100,0,2026-03-06T13:45:14.000Z
"3/6/2026, 8:48:14 AM",3.613,64.8,100,0,2026-03-06T13:48:14.000Z
"3/6/2026, 8:51:14 AM",3.613,64.9,100,0,2026-03-06T13:51:14.000Z
"3/6/2026, 8:54:14 AM",3.614,65.1,100,0,2026-03-06T13:54:14.000Z
"3/6/2026, 8:57:14 AM",3.613,65.1,100,0,2026-03-06T13:57:14.000Z
"3/6/2026, 9:00:14 AM",3.613,65.3,100,0,2026-03-06T14:00:14.000Z
"3/6/2026, 9:03:14 AM",3.613,65.5,100,0,2026-03-06T14:03:14.000Z
"3/6/2026, 9:06:14 AM",3.613,65.7,100,0,2026-03-06T14:06:14.000Z
"3/6/2026, 9:09:14 AM",3.614,65.8,100,0,2026-03-06T14:09:14.000Z
"3/6/2026, 9:12:14 AM",3.614,66,100,0,2026-03-06T14:12:14.000Z
"3/6/2026, 9:15:14 AM",3.613,66,100,0,2026-03-06T14:15:14.000Z
"3/6/2026, 9:18:14 AM",3.614,66.2,100,0,2026-03-06T14:18:14.000Z
"3/6/2026, 9:21:14 AM",3.614,66.4,100,0,2026-03-06T14:21:14.000Z
"3/6/2026, 9:24:14 AM",3.614,66.6,100,0,2026-03-06T14:24:14.000Z
"3/6/2026, 9:27:14 AM",3.614,66.7,100,0,2026-03-06T14:27:14.000Z
"3/6/2026, 9:30:14 AM",3.614,66.9,100,0,2026-03-06T14:30:14.000Z
"3/6/2026, 9:33:14 AM",3.614,67.1,100,0,2026-03-06T14:33:14.000Z
"3/6/2026, 9:36:14 AM",3.614,67.1,100,0,2026-03-06T14:36:14.000Z
"3/6/2026, 9:39:14 AM",3.614,67.5,100,0,2026-03-06T14:39:14.000Z
"3/6/2026, 9:42:14 AM",3.614,67.6,100,0,2026-03-06T14:42:14.000Z
"3/6/2026, 9:45:14 AM",3.615,67.8,100,0,2026-03-06T14:45:14.000Z
"3/6/2026, 9:48:14 AM",3.615,68.2,100,0,2026-03-06T14:48:14.000Z
"3/6/2026, 9:51:14 AM",3.615,68.4,100,0,2026-03-06T14:51:14.000Z
"3/6/2026, 9:54:14 AM",3.615,68.5,100,0,2026-03-06T14:54:14.000Z
"3/6/2026, 9:57:14 AM",3.615,68.9,100,0,2026-03-06T14:57:14.000Z
"3/6/2026, 10:00:14 AM",3.615,69.1,100,0,2026-03-06T15:00:14.000Z
"3/6/2026, 10:03:14 AM",3.615,69.4,100,0,2026-03-06T15:03:14.000Z
"3/6/2026, 10:06:14 AM",3.615,69.6,100,0,2026-03-06T15:06:14.000Z
"3/6/2026, 10:09:14 AM",3.615,70,100,0,2026-03-06T15:09:14.000Z
"3/6/2026, 10:12:14 AM",3.615,70.2,100,0,2026-03-06T15:12:14.000Z
"3/6/2026, 10:15:14 AM",3.615,70.3,100,0,2026-03-06T15:15:14.000Z
"3/6/2026, 10:18:14 AM",3.616,70.3,100,0,2026-03-06T15:18:14.000Z
"3/6/2026, 10:21:14 AM",3.616,70.5,100,0,2026-03-06T15:21:14.000Z
"3/6/2026, 10:24:14 AM",3.616,70.5,100,0,2026-03-06T15:24:14.000Z
"3/6/2026, 10:27:14 AM",3.616,70.7,100,0,2026-03-06T15:27:14.000Z
"3/6/2026, 10:30:14 AM",3.616,70.7,100,0,2026-03-06T15:30:14.000Z
"3/6/2026, 10:33:14 AM",3.616,70.9,100,0,2026-03-06T15:33:14.000Z
"3/6/2026, 10:36:14 AM",3.616,70.9,100,0,2026-03-06T15:36:14.000Z
"3/6/2026, 10:39:14 AM",3.616,70.9,100,0,2026-03-06T15:39:14.000Z
"3/6/2026, 10:42:14 AM",3.616,71.1,100,0,2026-03-06T15:42:14.000Z
"3/6/2026, 10:45:14 AM",3.616,71.2,100,0,2026-03-06T15:45:14.000Z
"3/6/2026, 10:48:14 AM",3.616,71.6,100,0,2026-03-06T15:48:14.000Z
"3/6/2026, 10:51:14 AM",3.616,71.8,100,0,2026-03-06T15:51:14.000Z
"3/6/2026, 10:54:14 AM",3.617,72,100,0,2026-03-06T15:54:14.000Z
"3/6/2026, 10:57:14 AM",3.616,72.3,100,0,2026-03-06T15:57:14.000Z
"3/6/2026, 11:00:14 AM",3.617,72.5,100,0,2026-03-06T16:00:14.000Z
"3/6/2026, 11:03:14 AM",3.617,72.7,100,0,2026-03-06T16:03:14.000Z
"3/6/2026, 11:06:14 AM",3.617,72.9,100,0,2026-03-06T16:06:14.000Z
"3/6/2026, 11:09:14 AM",3.617,72.9,100,0,2026-03-06T16:09:14.000Z
"3/6/2026, 11:12:14 AM",3.617,73.6,100,0,2026-03-06T16:12:14.000Z
"3/6/2026, 11:15:14 AM",3.617,73.8,100,0,2026-03-06T16:15:14.000Z
"3/6/2026, 11:18:14 AM",3.618,73.8,100,0,2026-03-06T16:18:14.000Z
"3/6/2026, 11:21:14 AM",3.618,73.9,100,0,2026-03-06T16:21:14.000Z
"3/6/2026, 11:24:14 AM",3.617,73.9,100,0,2026-03-06T16:24:14.000Z
"3/6/2026, 11:27:14 AM",3.618,73.9,100,0,2026-03-06T16:27:14.000Z
"3/6/2026, 11:30:14 AM",3.618,74.7,100,0,2026-03-06T16:30:14.000Z
EVENTS:,,,,,
"3/6/2026, 11:30:14 AM",Stop Log,H2S (PPM),,,
LABELS:,,,,,
