Instrument:,H2S-200302595,,,,
Time Zone Offset (Minutes):,-240,,,,
Orignal File Name:,"C:\Users\Phil.Bennington\Documents\Aculog NH3\H2S-200302595_5_19_2022, 1_41_25 PM --- 5_31_2022, 8_11_25 AM.acrudata",,,,
Session ID:,9065,,,,
Session 1st Title:,"H2S-200302595_5_19_2022, 1_41_25 PM --- 5_31_2022, 8_11_25 AM",,,,
Session Start:,"5/19/2022, 1:41:25 PM",,,,
Session End:,"5/31/2022, 8:11:25 AM",,,,
,,,,,
Time Stamp,Battery (Volts),Temperature (°F),Humidity (%),H2S (PPM),ISO time
"5/19/2022, 1:41:25 PM",3.64,74.3,67.5,0,2022-05-19T17:41:25.000Z
"5/19/2022, 1:46:25 PM",3.639,75.6,67.5,0,2022-05-19T17:46:25.000Z
"5/19/2022, 1:51:25 PM",3.638,79.9,68,0,2022-05-19T17:51:25.000Z
"5/19/2022, 1:56:25 PM",3.637,81.5,70.8,0,2022-05-19T17:56:25.000Z
"5/19/2022, 2:01:25 PM",3.637,82.4,74.8,0,2022-05-19T18:01:25.000Z
"5/19/2022, 2:06:25 PM",3.637,83.1,77.9,1,2022-05-19T18:06:25.000Z
"5/19/2022, 2:11:25 PM",3.636,84,80.2,1,2022-05-19T18:11:25.000Z
"5/19/2022, 2:16:25 PM",3.636,84.9,81.9,1,2022-05-19T18:16:25.000Z
"5/19/2022, 2:21:25 PM",3.635,85.5,83.4,1,2022-05-19T18:21:25.000Z
"5/19/2022, 2:26:25 PM",3.635,86.4,84.5,1,2022-05-19T18:26:25.000Z
"5/19/2022, 2:31:25 PM",3.634,86.9,85.5,1,2022-05-19T18:31:25.000Z
"5/19/2022, 2:36:25 PM",3.634,87.4,86.4,1,2022-05-19T18:36:25.000Z
"5/19/2022, 2:41:25 PM",3.634,88,87,1,2022-05-19T18:41:25.000Z
"5/19/2022, 2:46:25 PM",3.634,88.2,87.5,1,2022-05-19T18:46:25.000Z
"5/19/2022, 2:51:25 PM",3.634,88.7,88,1,2022-05-19T18:51:25.000Z
"5/19/2022, 2:56:25 PM",3.634,89.2,88.3,1,2022-05-19T18:56:25.000Z
"5/19/2022, 3:01:25 PM",3.634,89.4,88.5,1,2022-05-19T19:01:25.000Z
"5/19/2022, 3:06:25 PM",3.633,89.8,88.6,1,2022-05-19T19:06:25.000Z
"5/19/2022, 3:11:25 PM",3.633,90.1,88.8,1,2022-05-19T19:11:25.000Z
"5/19/2022, 3:16:25 PM",3.633,90.3,89,1,2022-05-19T19:16:25.000Z
"5/19/2022, 3:21:25 PM",3.633,90.9,89.2,1,2022-05-19T19:21:25.000Z
"5/19/2022, 3:26:25 PM",3.633,91,89.3,1,2022-05-19T19:26:25.000Z
"5/19/2022, 3:31:25 PM",3.633,91.2,89.3,1,2022-05-19T19:31:25.000Z
"5/19/2022, 3:36:25 PM",3.633,91.6,89.3,1,2022-05-19T19:36:25.000Z
"5/19/2022, 3:41:25 PM",3.632,91.9,89.3,1,2022-05-19T19:41:25.000Z
"5/19/2022, 3:46:25 PM",3.633,92.1,89.3,1,2022-05-19T19:46:25.000Z
"5/19/2022, 3:51:25 PM",3.632,92.3,89.3,1,2022-05-19T19:51:25.000Z
"5/19/2022, 3:56:25 PM",3.633,92.5,89.3,1,2022-05-19T19:56:25.000Z
"5/19/2022, 4:01:25 PM",3.632,93,89.4,1,2022-05-19T20:01:25.000Z
"5/19/2022, 4:06:25 PM",3.632,93.2,89.4,1,2022-05-19T20:06:25.000Z
"5/19/2022, 4:11:25 PM",3.632,93.4,89.3,1,2022-05-19T20:11:25.000Z
"5/19/2022, 4:16:25 PM",3.632,93.4,89.2,1,2022-05-19T20:16:25.000Z
"5/19/2022, 4:21:25 PM",3.633,93.6,89.1,1,2022-05-19T20:21:25.000Z
"5/19/2022, 4:26:25 PM",3.632,93.7,89.1,1,2022-05-19T20:26:25.000Z
"5/19/2022, 4:31:25 PM",3.632,93.9,89.1,1,2022-05-19T20:31:25.000Z
"5/19/2022, 4:36:25 PM",3.633,94.5,89.2,1,2022-05-19T20:36:25.000Z
"5/19/2022, 4:41:25 PM",3.632,94.8,89,0,2022-05-19T20:41:25.000Z
"5/19/2022, 4:46:25 PM",3.632,95.7,88.7,0,2022-05-19T20:46:25.000Z
"5/19/2022, 4:51:25 PM",3.632,96.3,88.3,0,2022-05-19T20:51:25.000Z
"5/19/2022, 4:56:25 PM",3.632,96.8,87.8,1,2022-05-19T20:56:25.000Z
"5/19/2022, 5:01:25 PM",3.631,97.5,87.5,0,2022-05-19T21:01:25.000Z
"5/19/2022, 5:06:25 PM",3.631,97.9,87.3,0,2022-05-19T21:06:25.000Z
"5/19/2022, 5:11:25 PM",3.631,98.1,87,0,2022-05-19T21:11:25.000Z
"5/19/2022, 5:16:25 PM",3.631,98.2,86.7,0,2022-05-19T21:16:25.000Z
"5/19/2022, 5:21:25 PM",3.631,98.2,86.3,0,2022-05-19T21:21:25.000Z
"5/19/2022, 5:26:25 PM",3.631,97.9,86.1,0,2022-05-19T21:26:25.000Z
"5/19/2022, 5:31:25 PM",3.632,97.2,85.8,0,2022-05-19T21:31:25.000Z
"5/19/2022, 5:36:25 PM",3.632,96.6,85.7,0,2022-05-19T21:36:25.000Z
"5/19/2022, 5:41:25 PM",3.632,96.3,85.7,0,2022-05-19T21:41:25.000Z
"5/19/2022, 5:46:25 PM",3.632,95.7,85.8,1,2022-05-19T21:46:25.000Z
"5/19/2022, 5:51:25 PM",3.633,95,86,0,2022-05-19T21:51:25.000Z
"5/19/2022, 5:56:25 PM",3.633,94.5,86.1,1,2022-05-19T21:56:25.000Z
"5/19/2022, 6:01:25 PM",3.634,93.7,86.3,0,2022-05-19T22:01:25.000Z
"5/19/2022, 6:06:25 PM",3.634,93.2,86.5,0,2022-05-19T22:06:25.000Z
"5/19/2022, 6:11:25 PM",3.635,92.7,86.8,0,2022-05-19T22:11:25.000Z
"5/19/2022, 6:16:25 PM",3.636,92.1,87.1,1,2022-05-19T22:16:25.000Z
"5/19/2022, 6:21:25 PM",3.635,91.6,87.5,0,2022-05-19T22:21:25.000Z
"5/19/2022, 6:26:25 PM",3.636,91.2,87.8,0,2022-05-19T22:26:25.000Z
"5/19/2022, 6:31:25 PM",3.637,90.7,88.2,0,2022-05-19T22:31:25.000Z
"5/19/2022, 6:36:25 PM",3.637,90.3,88.5,0,2022-05-19T22:36:25.000Z
"5/19/2022, 6:41:25 PM",3.637,89.8,88.9,0,2022-05-19T22:41:25.000Z
"5/19/2022, 6:46:25 PM",3.637,89.4,89.2,0,2022-05-19T22:46:25.000Z
"5/19/2022, 6:51:25 PM",3.638,89.1,89.5,0,2022-05-19T22:51:25.000Z
"5/19/2022, 6:56:25 PM",3.638,88.5,89.9,2,2022-05-19T22:56:25.000Z
"5/19/2022, 7:01:25 PM",3.638,88.2,90.2,2,2022-05-19T23:01:25.000Z
"5/19/2022, 7:06:25 PM",3.639,88,90.5,2,2022-05-19T23:06:25.000Z
"5/19/2022, 7:11:25 PM",3.639,87.6,90.8,1,2022-05-19T23:11:25.000Z
"5/19/2022, 7:16:25 PM",3.639,87.3,91.2,1,2022-05-19T23:16:25.000Z
"5/19/2022, 7:21:25 PM",3.639,86.9,91.6,1,2022-05-19T23:21:25.000Z
"5/19/2022, 7:26:25 PM",3.639,86.7,91.9,1,2022-05-19T23:26:25.000Z
"5/19/2022, 7:31:25 PM",3.64,86.4,92.3,1,2022-05-19T23:31:25.000Z
"5/19/2022, 7:36:25 PM",3.64,86,92.6,1,2022-05-19T23:36:25.000Z
"5/19/2022, 7:41:25 PM",3.64,85.8,92.9,1,2022-05-19T23:41:25.000Z
"5/19/2022, 7:46:25 PM",3.64,85.6,93.2,1,2022-05-19T23:46:25.000Z
"5/19/2022, 7:51:25 PM",3.64,85.5,93.5,1,2022-05-19T23:51:25.000Z
"5/19/2022, 7:56:25 PM",3.64,85.1,93.8,1,2022-05-19T23:56:25.000Z
"5/19/2022, 8:01:25 PM",3.64,84.7,94,1,2022-05-20T00:01:25.000Z
"5/19/2022, 8:06:25 PM",3.641,84.6,94.4,1,2022-05-20T00:06:25.000Z
"5/19/2022, 8:11:25 PM",3.641,84.4,94.6,1,2022-05-20T00:11:25.000Z
"5/19/2022, 8:16:25 PM",3.641,84.2,94.9,1,2022-05-20T00:16:25.000Z
"5/19/2022, 8:21:25 PM",3.641,84,95.2,1,2022-05-20T00:21:25.000Z
"5/19/2022, 8:26:25 PM",3.641,83.8,95.4,1,2022-05-20T00:26:25.000Z
"5/19/2022, 8:31:25 PM",3.641,83.7,95.6,1,2022-05-20T00:31:25.000Z
"5/19/2022, 8:36:25 PM",3.641,83.5,95.8,1,2022-05-20T00:36:25.000Z
"5/19/2022, 8:41:25 PM",3.641,83.3,96,1,2022-05-20T00:41:25.000Z
"5/19/2022, 8:46:25 PM",3.641,82.9,96.3,1,2022-05-20T00:46:25.000Z
"5/19/2022, 8:51:25 PM",3.642,82.8,96.3,1,2022-05-20T00:51:25.000Z
"5/19/2022, 8:56:25 PM",3.642,82.4,96.5,1,2022-05-20T00:56:25.000Z
"5/19/2022, 9:01:25 PM",3.642,82.2,96.7,1,2022-05-20T01:01:25.000Z
"5/19/2022, 9:06:25 PM",3.642,82,96.8,1,2022-05-20T01:06:25.000Z
"5/19/2022, 9:11:25 PM",3.642,81.9,97,1,2022-05-20T01:11:25.000Z
"5/19/2022, 9:16:25 PM",3.642,81.5,97.2,1,2022-05-20T01:16:25.000Z
"5/19/2022, 9:21:25 PM",3.642,81.1,97.3,1,2022-05-20T01:21:25.000Z
"5/19/2022, 9:26:25 PM",3.642,81,97.4,1,2022-05-20T01:26:25.000Z
"5/19/2022, 9:31:25 PM",3.643,80.6,97.5,1,2022-05-20T01:31:25.000Z
"5/19/2022, 9:36:25 PM",3.643,80.2,97.6,1,2022-05-20T01:36:25.000Z
"5/19/2022, 9:41:25 PM",3.643,80.1,97.8,1,2022-05-20T01:41:25.000Z
"5/19/2022, 9:46:25 PM",3.643,79.9,97.9,1,2022-05-20T01:46:25.000Z
"5/19/2022, 9:51:25 PM",3.643,79.7,98.1,1,2022-05-20T01:51:25.000Z
"5/19/2022, 9:56:25 PM",3.643,79.5,98.2,1,2022-05-20T01:56:25.000Z
"5/19/2022, 10:01:25 PM",3.643,79.3,98.4,1,2022-05-20T02:01:25.000Z
"5/19/2022, 10:06:25 PM",3.643,79.2,98.6,0,2022-05-20T02:06:25.000Z
"5/19/2022, 10:11:25 PM",3.643,79,98.8,1,2022-05-20T02:11:25.000Z
"5/19/2022, 10:16:25 PM",3.644,79,99,1,2022-05-20T02:16:25.000Z
"5/19/2022, 10:21:25 PM",3.643,79,99.1,1,2022-05-20T02:21:25.000Z
"5/19/2022, 10:26:25 PM",3.643,78.8,99.3,1,2022-05-20T02:26:25.000Z
"5/19/2022, 10:31:25 PM",3.643,78.8,99.5,1,2022-05-20T02:31:25.000Z
"5/19/2022, 10:36:25 PM",3.643,78.6,99.6,1,2022-05-20T02:36:25.000Z
"5/19/2022, 10:41:25 PM",3.643,78.6,99.8,1,2022-05-20T02:41:25.000Z
"5/19/2022, 10:46:25 PM",3.643,78.4,99.9,1,2022-05-20T02:46:25.000Z
"5/19/2022, 10:51:25 PM",3.643,78.3,100,1,2022-05-20T02:51:25.000Z
"5/19/2022, 10:56:25 PM",3.643,78.3,100,1,2022-05-20T02:56:25.000Z
"5/19/2022, 11:01:25 PM",3.643,78.1,100,1,2022-05-20T03:01:25.000Z
"5/19/2022, 11:06:25 PM",3.643,78.1,100,1,2022-05-20T03:06:25.000Z
"5/19/2022, 11:11:25 PM",3.644,78.1,100,2,2022-05-20T03:11:25.000Z
"5/19/2022, 11:16:25 PM",3.644,78.1,100,2,2022-05-20T03:16:25.000Z
"5/19/2022, 11:21:25 PM",3.643,78.1,100,2,2022-05-20T03:21:25.000Z
"5/19/2022, 11:26:25 PM",3.643,78.1,100,2,2022-05-20T03:26:25.000Z
"5/19/2022, 11:31:25 PM",3.643,78.1,100,2,2022-05-20T03:31:25.000Z
"5/19/2022, 11:36:25 PM",3.643,77.9,100,2,2022-05-20T03:36:25.000Z
"5/19/2022, 11:41:25 PM",3.643,78.1,100,2,2022-05-20T03:41:25.000Z
"5/19/2022, 11:46:25 PM",3.643,77.9,100,2,2022-05-20T03:46:25.000Z
"5/19/2022, 11:51:25 PM",3.643,78.1,100,2,2022-05-20T03:51:25.000Z
"5/19/2022, 11:56:25 PM",3.643,77.9,100,2,2022-05-20T03:56:25.000Z
"5/20/2022, 12:01:25 AM",3.644,77.9,100,2,2022-05-20T04:01:25.000Z
"5/20/2022, 12:06:25 AM",3.643,78.1,100,2,2022-05-20T04:06:25.000Z
"5/20/2022, 12:11:25 AM",3.643,78.1,100,2,2022-05-20T04:11:25.000Z
"5/20/2022, 12:16:25 AM",3.643,78.1,100,1,2022-05-20T04:16:25.000Z
"5/20/2022, 12:21:25 AM",3.643,77.9,100,1,2022-05-20T04:21:25.000Z
"5/20/2022, 12:26:25 AM",3.643,77.7,100,1,2022-05-20T04:26:25.000Z
"5/20/2022, 12:31:25 AM",3.643,77.7,100,1,2022-05-20T04:31:25.000Z
"5/20/2022, 12:36:25 AM",3.643,77.7,100,1,2022-05-20T04:36:25.000Z
"5/20/2022, 12:41:25 AM",3.644,77.7,100,1,2022-05-20T04:41:25.000Z
"5/20/2022, 12:46:25 AM",3.643,77.7,100,1,2022-05-20T04:46:25.000Z
"5/20/2022, 12:51:25 AM",3.644,77.9,100,1,2022-05-20T04:51:25.000Z
"5/20/2022, 12:56:25 AM",3.643,77.9,100,1,2022-05-20T04:56:25.000Z
"5/20/2022, 1:01:25 AM",3.643,77.9,100,1,2022-05-20T05:01:25.000Z
"5/20/2022, 1:06:25 AM",3.643,77.9,100,1,2022-05-20T05:06:25.000Z
"5/20/2022, 1:11:25 AM",3.643,78.1,100,1,2022-05-20T05:11:25.000Z
"5/20/2022, 1:16:25 AM",3.643,78.1,100,1,2022-05-20T05:16:25.000Z
"5/20/2022, 1:21:25 AM",3.643,78.1,100,1,2022-05-20T05:21:25.000Z
"5/20/2022, 1:26:25 AM",3.643,77.9,100,1,2022-05-20T05:26:25.000Z
"5/20/2022, 1:31:25 AM",3.643,78.1,100,1,2022-05-20T05:31:25.000Z
"5/20/2022, 1:36:25 AM",3.643,77.9,100,1,2022-05-20T05:36:25.000Z
"5/20/2022, 1:41:25 AM",3.643,78.1,100,1,2022-05-20T05:41:25.000Z
"5/20/2022, 1:46:25 AM",3.643,77.9,100,1,2022-05-20T05:46:25.000Z
"5/20/2022, 1:51:25 AM",3.643,77.9,100,1,2022-05-20T05:51:25.000Z
"5/20/2022, 1:56:25 AM",3.643,77.7,100,1,2022-05-20T05:56:25.000Z
"5/20/2022, 2:01:25 AM",3.643,77.9,100,1,2022-05-20T06:01:25.000Z
"5/20/2022, 2:06:25 AM",3.643,77.7,100,1,2022-05-20T06:06:25.000Z
"5/20/2022, 2:11:25 AM",3.643,77.5,100,1,2022-05-20T06:11:25.000Z
"5/20/2022, 2:16:25 AM",3.643,77.7,100,1,2022-05-20T06:16:25.000Z
"5/20/2022, 2:21:25 AM",3.643,77.7,100,1,2022-05-20T06:21:25.000Z
"5/20/2022, 2:26:25 AM",3.643,77.7,100,1,2022-05-20T06:26:25.000Z
"5/20/2022, 2:31:25 AM",3.643,77.7,100,1,2022-05-20T06:31:25.000Z
"5/20/2022, 2:36:25 AM",3.643,77.9,100,1,2022-05-20T06:36:25.000Z
"5/20/2022, 2:41:25 AM",3.643,77.9,100,1,2022-05-20T06:41:25.000Z
"5/20/2022, 2:46:25 AM",3.643,78.1,100,1,2022-05-20T06:46:25.000Z
"5/20/2022, 2:51:25 AM",3.643,77.7,100,1,2022-05-20T06:51:25.000Z
"5/20/2022, 2:56:25 AM",3.643,77.7,100,1,2022-05-20T06:56:25.000Z
"5/20/2022, 3:01:25 AM",3.643,77.7,100,1,2022-05-20T07:01:25.000Z
"5/20/2022, 3:06:25 AM",3.643,77.5,100,1,2022-05-20T07:06:25.000Z
"5/20/2022, 3:11:25 AM",3.643,77.5,100,1,2022-05-20T07:11:25.000Z
"5/20/2022, 3:16:25 AM",3.643,77.5,100,1,2022-05-20T07:16:25.000Z
"5/20/2022, 3:21:25 AM",3.643,77.5,100,1,2022-05-20T07:21:25.000Z
"5/20/2022, 3:26:25 AM",3.643,77.4,100,1,2022-05-20T07:26:25.000Z
"5/20/2022, 3:31:25 AM",3.643,77.2,100,1,2022-05-20T07:31:25.000Z
"5/20/2022, 3:36:25 AM",3.643,77,100,1,2022-05-20T07:36:25.000Z
"5/20/2022, 3:41:25 AM",3.643,77,100,1,2022-05-20T07:41:25.000Z
"5/20/2022, 3:46:25 AM",3.643,77,100,1,2022-05-20T07:46:25.000Z
"5/20/2022, 3:51:25 AM",3.643,77,100,1,2022-05-20T07:51:25.000Z
"5/20/2022, 3:56:25 AM",3.643,77,100,1,2022-05-20T07:56:25.000Z
"5/20/2022, 4:01:25 AM",3.643,77,100,1,2022-05-20T08:01:25.000Z
"5/20/2022, 4:06:25 AM",3.643,76.1,100,1,2022-05-20T08:06:25.000Z
"5/20/2022, 4:11:25 AM",3.643,76.5,100,2,2022-05-20T08:11:25.000Z
"5/20/2022, 4:16:25 AM",3.643,76.8,100,2,2022-05-20T08:16:25.000Z
"5/20/2022, 4:21:25 AM",3.644,76.3,100,2,2022-05-20T08:21:25.000Z
"5/20/2022, 4:26:25 AM",3.644,76.6,100,2,2022-05-20T08:26:25.000Z
"5/20/2022, 4:31:25 AM",3.643,76.8,100,2,2022-05-20T08:31:25.000Z
"5/20/2022, 4:36:25 AM",3.644,76.3,100,2,2022-05-20T08:36:25.000Z
"5/20/2022, 4:41:25 AM",3.644,76.6,100,2,2022-05-20T08:41:25.000Z
"5/20/2022, 4:46:25 AM",3.644,76.8,100,2,2022-05-20T08:46:25.000Z
"5/20/2022, 4:51:25 AM",3.643,77,100,2,2022-05-20T08:51:25.000Z
"5/20/2022, 4:56:25 AM",3.643,77,100,2,2022-05-20T08:56:25.000Z
"5/20/2022, 5:01:25 AM",3.643,76.6,100,2,2022-05-20T09:01:25.000Z
"5/20/2022, 5:06:25 AM",3.644,76.8,100,2,2022-05-20T09:06:25.000Z
"5/20/2022, 5:11:25 AM",3.644,76.8,100,2,2022-05-20T09:11:25.000Z
"5/20/2022, 5:16:25 AM",3.643,76.8,100,2,2022-05-20T09:16:25.000Z
"5/20/2022, 5:21:25 AM",3.644,76.6,100,2,2022-05-20T09:21:25.000Z
"5/20/2022, 5:26:25 AM",3.644,76.6,100,2,2022-05-20T09:26:25.000Z
"5/20/2022, 5:31:25 AM",3.643,76.5,100,2,2022-05-20T09:31:25.000Z
"5/20/2022, 5:36:25 AM",3.643,76.5,100,2,2022-05-20T09:36:25.000Z
"5/20/2022, 5:41:25 AM",3.644,76.3,100,2,2022-05-20T09:41:25.000Z
"5/20/2022, 5:46:25 AM",3.644,76.3,100,2,2022-05-20T09:46:25.000Z
"5/20/2022, 5:51:25 AM",3.644,76.3,100,2,2022-05-20T09:51:25.000Z
"5/20/2022, 5:56:25 AM",3.644,76.1,100,2,2022-05-20T09:56:25.000Z
"5/20/2022, 6:01:25 AM",3.644,76.1,100,3,2022-05-20T10:01:25.000Z
"5/20/2022, 6:06:25 AM",3.644,75.9,100,3,2022-05-20T10:06:25.000Z
"5/20/2022, 6:11:25 AM",3.644,75.7,100,3,2022-05-20T10:11:25.000Z
"5/20/2022, 6:16:25 AM",3.644,75.9,100,3,2022-05-20T10:16:25.000Z
"5/20/2022, 6:21:25 AM",3.644,75.7,100,3,2022-05-20T10:21:25.000Z
"5/20/2022, 6:26:25 AM",3.644,75.7,100,3,2022-05-20T10:26:25.000Z
"5/20/2022, 6:31:25 AM",3.644,75.6,100,4,2022-05-20T10:31:25.000Z
"5/20/2022, 6:36:25 AM",3.644,75.6,100,4,2022-05-20T10:36:25.000Z
"5/20/2022, 6:41:25 AM",3.644,75.4,100,3,2022-05-20T10:41:25.000Z
"5/20/2022, 6:46:25 AM",3.645,75.4,100,3,2022-05-20T10:46:25.000Z
"5/20/2022, 6:51:25 AM",3.644,75.2,100,3,2022-05-20T10:51:25.000Z
"5/20/2022, 6:56:25 AM",3.644,75,100,3,2022-05-20T10:56:25.000Z
"5/20/2022, 7:01:25 AM",3.644,75.2,100,3,2022-05-20T11:01:25.000Z
"5/20/2022, 7:06:25 AM",3.645,75.4,100,3,2022-05-20T11:06:25.000Z
"5/20/2022, 7:11:25 AM",3.644,75.4,100,3,2022-05-20T11:11:25.000Z
"5/20/2022, 7:16:25 AM",3.644,75.4,100,3,2022-05-20T11:16:25.000Z
"5/20/2022, 7:21:25 AM",3.644,75.4,100,3,2022-05-20T11:21:25.000Z
"5/20/2022, 7:26:25 AM",3.644,75.6,100,3,2022-05-20T11:26:25.000Z
"5/20/2022, 7:31:25 AM",3.644,75.6,100,3,2022-05-20T11:31:25.000Z
"5/20/2022, 7:36:25 AM",3.644,75.4,100,3,2022-05-20T11:36:25.000Z
"5/20/2022, 7:41:25 AM",3.644,75.7,100,4,2022-05-20T11:41:25.000Z
"5/20/2022, 7:46:25 AM",3.644,76.1,100,3,2022-05-20T11:46:25.000Z
"5/20/2022, 7:51:25 AM",3.644,76.3,100,4,2022-05-20T11:51:25.000Z
"5/20/2022, 7:56:25 AM",3.644,76.5,100,6,2022-05-20T11:56:25.000Z
"5/20/2022, 8:01:25 AM",3.644,76.8,100,6,2022-05-20T12:01:25.000Z
"5/20/2022, 8:06:25 AM",3.643,77,100,6,2022-05-20T12:06:25.000Z
"5/20/2022, 8:11:25 AM",3.643,77.2,100,5,2022-05-20T12:11:25.000Z
"5/20/2022, 8:16:25 AM",3.643,77.2,100,5,2022-05-20T12:16:25.000Z
"5/20/2022, 8:21:25 AM",3.643,77.4,100,4,2022-05-20T12:21:25.000Z
"5/20/2022, 8:26:25 AM",3.643,77.5,100,4,2022-05-20T12:26:25.000Z
"5/20/2022, 8:31:25 AM",3.644,78.1,100,4,2022-05-20T12:31:25.000Z
"5/20/2022, 8:36:25 AM",3.643,78.1,100,3,2022-05-20T12:36:25.000Z
"5/20/2022, 8:41:25 AM",3.643,78.1,100,3,2022-05-20T12:41:25.000Z
"5/20/2022, 8:46:25 AM",3.642,78.6,100,3,2022-05-20T12:46:25.000Z
"5/20/2022, 8:51:25 AM",3.642,79,100,3,2022-05-20T12:51:25.000Z
"5/20/2022, 8:56:25 AM",3.642,79.5,100,2,2022-05-20T12:56:25.000Z
"5/20/2022, 9:01:25 AM",3.642,79.9,100,2,2022-05-20T13:01:25.000Z
"5/20/2022, 9:06:25 AM",3.642,80.4,100,2,2022-05-20T13:06:25.000Z
"5/20/2022, 9:11:25 AM",3.641,80.6,100,2,2022-05-20T13:11:25.000Z
"5/20/2022, 9:16:25 AM",3.641,81.1,100,2,2022-05-20T13:16:25.000Z
"5/20/2022, 9:21:25 AM",3.641,81.3,100,2,2022-05-20T13:21:25.000Z
"5/20/2022, 9:26:25 AM",3.641,81.9,100,2,2022-05-20T13:26:25.000Z
"5/20/2022, 9:31:25 AM",3.641,82.2,100,2,2022-05-20T13:31:25.000Z
"5/20/2022, 9:36:25 AM",3.64,82.6,100,1,2022-05-20T13:36:25.000Z
"5/20/2022, 9:41:25 AM",3.64,82.8,100,1,2022-05-20T13:41:25.000Z
"5/20/2022, 9:46:25 AM",3.64,82.9,100,1,2022-05-20T13:46:25.000Z
"5/20/2022, 9:51:25 AM",3.64,83.3,100,1,2022-05-20T13:51:25.000Z
"5/20/2022, 9:56:25 AM",3.64,83.8,100,1,2022-05-20T13:56:25.000Z
"5/20/2022, 10:01:25 AM",3.64,83.8,100,1,2022-05-20T14:01:25.000Z
"5/20/2022, 10:06:25 AM",3.64,84,100,1,2022-05-20T14:06:25.000Z
"5/20/2022, 10:11:25 AM",3.64,84.2,100,1,2022-05-20T14:11:25.000Z
"5/20/2022, 10:16:25 AM",3.64,84.4,100,1,2022-05-20T14:16:25.000Z
"5/20/2022, 10:21:25 AM",3.64,84.4,100,1,2022-05-20T14:21:25.000Z
"5/20/2022, 10:26:25 AM",3.64,84.4,100,1,2022-05-20T14:26:25.000Z
"5/20/2022, 10:31:25 AM",3.64,84.4,100,1,2022-05-20T14:31:25.000Z
"5/20/2022, 10:36:25 AM",3.64,84.4,100,1,2022-05-20T14:36:25.000Z
"5/20/2022, 10:41:25 AM",3.64,84.7,100,1,2022-05-20T14:41:25.000Z
"5/20/2022, 10:46:25 AM",3.64,84.7,100,1,2022-05-20T14:46:25.000Z
"5/20/2022, 10:51:25 AM",3.64,84.7,100,1,2022-05-20T14:51:25.000Z
"5/20/2022, 10:56:25 AM",3.64,84.7,100,1,2022-05-20T14:56:25.000Z
"5/20/2022, 11:01:25 AM",3.64,85.1,100,1,2022-05-20T15:01:25.000Z
"5/20/2022, 11:06:25 AM",3.64,85.3,100,1,2022-05-20T15:06:25.000Z
"5/20/2022, 11:11:25 AM",3.64,85.6,100,1,2022-05-20T15:11:25.000Z
"5/20/2022, 11:16:25 AM",3.64,85.8,100,1,2022-05-20T15:16:25.000Z
"5/20/2022, 11:21:25 AM",3.64,86.2,100,1,2022-05-20T15:21:25.000Z
"5/20/2022, 11:26:25 AM",3.639,86.2,100,0,2022-05-20T15:26:25.000Z
"5/20/2022, 11:31:25 AM",3.639,86.4,100,0,2022-05-20T15:31:25.000Z
"5/20/2022, 11:36:25 AM",3.639,86.4,100,1,2022-05-20T15:36:25.000Z
"5/20/2022, 11:41:25 AM",3.64,86.5,100,0,2022-05-20T15:41:25.000Z
"5/20/2022, 11:46:25 AM",3.639,86.7,100,0,2022-05-20T15:46:25.000Z
"5/20/2022, 11:51:25 AM",3.64,87.1,100,0,2022-05-20T15:51:25.000Z
"5/20/2022, 11:56:25 AM",3.639,87.3,100,0,2022-05-20T15:56:25.000Z
"5/20/2022, 12:01:25 PM",3.639,87.3,100,0,2022-05-20T16:01:25.000Z
"5/20/2022, 12:06:25 PM",3.639,87.4,100,0,2022-05-20T16:06:25.000Z
"5/20/2022, 12:11:25 PM",3.639,87.6,100,0,2022-05-20T16:11:25.000Z
"5/20/2022, 12:16:25 PM",3.639,87.8,100,0,2022-05-20T16:16:25.000Z
"5/20/2022, 12:21:25 PM",3.639,88,100,0,2022-05-20T16:21:25.000Z
"5/20/2022, 12:26:25 PM",3.639,88,100,0,2022-05-20T16:26:25.000Z
"5/20/2022, 12:31:25 PM",3.639,88.3,100,0,2022-05-20T16:31:25.000Z
"5/20/2022, 12:36:25 PM",3.638,88.7,100,0,2022-05-20T16:36:25.000Z
"5/20/2022, 12:41:25 PM",3.639,88.9,100,0,2022-05-20T16:41:25.000Z
"5/20/2022, 12:46:25 PM",3.638,89.2,100,0,2022-05-20T16:46:25.000Z
"5/20/2022, 12:51:25 PM",3.639,89.4,100,1,2022-05-20T16:51:25.000Z
"5/20/2022, 12:56:25 PM",3.638,89.8,100,1,2022-05-20T16:56:25.000Z
"5/20/2022, 1:01:25 PM",3.637,90.1,100,0,2022-05-20T17:01:25.000Z
"5/20/2022, 1:06:25 PM",3.637,90.1,100,1,2022-05-20T17:06:25.000Z
"5/20/2022, 1:11:25 PM",3.637,90.3,100,1,2022-05-20T17:11:25.000Z
"5/20/2022, 1:16:25 PM",3.638,90.5,100,1,2022-05-20T17:16:25.000Z
"5/20/2022, 1:21:25 PM",3.637,90.7,100,1,2022-05-20T17:21:25.000Z
"5/20/2022, 1:26:25 PM",3.637,90.9,100,1,2022-05-20T17:26:25.000Z
"5/20/2022, 1:31:25 PM",3.637,91,100,1,2022-05-20T17:31:25.000Z
"5/20/2022, 1:36:25 PM",3.637,91.2,100,1,2022-05-20T17:36:25.000Z
"5/20/2022, 1:41:25 PM",3.637,91.2,100,1,2022-05-20T17:41:25.000Z
"5/20/2022, 1:46:25 PM",3.637,91.6,100,1,2022-05-20T17:46:25.000Z
"5/20/2022, 1:51:25 PM",3.637,91.8,100,1,2022-05-20T17:51:25.000Z
"5/20/2022, 1:56:25 PM",3.637,91.8,100,1,2022-05-20T17:56:25.000Z
"5/20/2022, 2:01:25 PM",3.637,91.8,100,1,2022-05-20T18:01:25.000Z
"5/20/2022, 2:06:25 PM",3.637,91.9,100,1,2022-05-20T18:06:25.000Z
"5/20/2022, 2:11:25 PM",3.637,92.3,100,1,2022-05-20T18:11:25.000Z
"5/20/2022, 2:16:25 PM",3.637,92.7,100,1,2022-05-20T18:16:25.000Z
"5/20/2022, 2:21:25 PM",3.636,92.7,100,0,2022-05-20T18:21:25.000Z
"5/20/2022, 2:26:25 PM",3.637,92.8,100,1,2022-05-20T18:26:25.000Z
"5/20/2022, 2:31:25 PM",3.636,92.8,100,1,2022-05-20T18:31:25.000Z
"5/20/2022, 2:36:25 PM",3.637,93,100,1,2022-05-20T18:36:25.000Z
"5/20/2022, 2:41:25 PM",3.636,93.2,100,1,2022-05-20T18:41:25.000Z
"5/20/2022, 2:46:25 PM",3.636,93.6,100,0,2022-05-20T18:46:25.000Z
"5/20/2022, 2:51:25 PM",3.636,93.7,100,1,2022-05-20T18:51:25.000Z
"5/20/2022, 2:56:25 PM",3.636,93.9,100,2,2022-05-20T18:56:25.000Z
"5/20/2022, 3:01:25 PM",3.636,94.1,100,3,2022-05-20T19:01:25.000Z
"5/20/2022, 3:06:25 PM",3.636,94.3,100,2,2022-05-20T19:06:25.000Z
"5/20/2022, 3:11:25 PM",3.636,94.5,100,2,2022-05-20T19:11:25.000Z
"5/20/2022, 3:16:25 PM",3.636,94.8,100,6,2022-05-20T19:16:25.000Z
"5/20/2022, 3:21:25 PM",3.636,95.4,100,5,2022-05-20T19:21:25.000Z
"5/20/2022, 3:26:25 PM",3.635,95.5,100,6,2022-05-20T19:26:25.000Z
"5/20/2022, 3:31:25 PM",3.635,95.9,100,5,2022-05-20T19:31:25.000Z
"5/20/2022, 3:36:25 PM",3.635,96.1,100,3,2022-05-20T19:36:25.000Z
"5/20/2022, 3:41:25 PM",3.635,96.3,100,3,2022-05-20T19:41:25.000Z
"5/20/2022, 3:46:25 PM",3.635,96.4,100,2,2022-05-20T19:46:25.000Z
"5/20/2022, 3:51:25 PM",3.635,96.6,100,2,2022-05-20T19:51:25.000Z
"5/20/2022, 3:56:25 PM",3.635,96.8,100,2,2022-05-20T19:56:25.000Z
"5/20/2022, 4:01:25 PM",3.634,97.2,100,1,2022-05-20T20:01:25.000Z
"5/20/2022, 4:06:25 PM",3.634,97.3,100,1,2022-05-20T20:06:25.000Z
"5/20/2022, 4:11:25 PM",3.635,97.5,100,1,2022-05-20T20:11:25.000Z
"5/20/2022, 4:16:25 PM",3.635,97.7,100,1,2022-05-20T20:16:25.000Z
"5/20/2022, 4:21:25 PM",3.634,97.9,100,1,2022-05-20T20:21:25.000Z
"5/20/2022, 4:26:25 PM",3.634,98.2,100,1,2022-05-20T20:26:25.000Z
"5/20/2022, 4:31:25 PM",3.634,99.5,100,0,2022-05-20T20:31:25.000Z
"5/20/2022, 4:36:25 PM",3.633,100.9,100,0,2022-05-20T20:36:25.000Z
"5/20/2022, 4:41:25 PM",3.633,102.4,100,0,2022-05-20T20:41:25.000Z
"5/20/2022, 4:46:25 PM",3.632,103.5,100,0,2022-05-20T20:46:25.000Z
"5/20/2022, 4:51:25 PM",3.631,104.2,100,0,2022-05-20T20:51:25.000Z
"5/20/2022, 4:56:25 PM",3.631,104.7,100,0,2022-05-20T20:56:25.000Z
"5/20/2022, 5:01:25 PM",3.631,105.1,100,0,2022-05-20T21:01:25.000Z
"5/20/2022, 5:06:25 PM",3.63,105.1,100,0,2022-05-20T21:06:25.000Z
"5/20/2022, 5:11:25 PM",3.63,104.7,100,0,2022-05-20T21:11:25.000Z
"5/20/2022, 5:16:25 PM",3.63,104.5,100,0,2022-05-20T21:16:25.000Z
"5/20/2022, 5:21:25 PM",3.631,104,100,0,2022-05-20T21:21:25.000Z
"5/20/2022, 5:26:25 PM",3.631,103.5,100,0,2022-05-20T21:26:25.000Z
"5/20/2022, 5:31:25 PM",3.632,102.9,100,0,2022-05-20T21:31:25.000Z
"5/20/2022, 5:36:25 PM",3.632,102.6,100,0,2022-05-20T21:36:25.000Z
"5/20/2022, 5:41:25 PM",3.632,102,100,0,2022-05-20T21:41:25.000Z
"5/20/2022, 5:46:25 PM",3.632,101.7,100,0,2022-05-20T21:46:25.000Z
"5/20/2022, 5:51:25 PM",3.633,101.1,100,0,2022-05-20T21:51:25.000Z
"5/20/2022, 5:56:25 PM",3.633,100.6,100,0,2022-05-20T21:56:25.000Z
"5/20/2022, 6:01:25 PM",3.633,100,100,0,2022-05-20T22:01:25.000Z
"5/20/2022, 6:06:25 PM",3.634,99.5,100,0,2022-05-20T22:06:25.000Z
"5/20/2022, 6:11:25 PM",3.634,99,100,0,2022-05-20T22:11:25.000Z
"5/20/2022, 6:16:25 PM",3.634,98.6,100,0,2022-05-20T22:16:25.000Z
"5/20/2022, 6:21:25 PM",3.635,98.2,100,0,2022-05-20T22:21:25.000Z
"5/20/2022, 6:26:25 PM",3.636,97.9,100,0,2022-05-20T22:26:25.000Z
"5/20/2022, 6:31:25 PM",3.636,97.7,100,0,2022-05-20T22:31:25.000Z
"5/20/2022, 6:36:25 PM",3.636,97.2,100,0,2022-05-20T22:36:25.000Z
"5/20/2022, 6:41:25 PM",3.637,96.8,100,0,2022-05-20T22:41:25.000Z
"5/20/2022, 6:46:25 PM",3.637,96.3,100,0,2022-05-20T22:46:25.000Z
"5/20/2022, 6:51:25 PM",3.637,95.7,100,0,2022-05-20T22:51:25.000Z
"5/20/2022, 6:56:25 PM",3.638,95.2,100,0,2022-05-20T22:56:25.000Z
"5/20/2022, 7:01:25 PM",3.638,94.6,100,0,2022-05-20T23:01:25.000Z
"5/20/2022, 7:06:25 PM",3.638,93.9,100,0,2022-05-20T23:06:25.000Z
"5/20/2022, 7:11:25 PM",3.639,93.4,100,0,2022-05-20T23:11:25.000Z
"5/20/2022, 7:16:25 PM",3.639,92.8,100,0,2022-05-20T23:16:25.000Z
"5/20/2022, 7:21:25 PM",3.64,92.7,100,0,2022-05-20T23:21:25.000Z
"5/20/2022, 7:26:25 PM",3.64,92.1,100,0,2022-05-20T23:26:25.000Z
"5/20/2022, 7:31:25 PM",3.64,91.8,100,0,2022-05-20T23:31:25.000Z
"5/20/2022, 7:36:25 PM",3.641,91.2,100,0,2022-05-20T23:36:25.000Z
"5/20/2022, 7:41:25 PM",3.641,90.9,100,0,2022-05-20T23:41:25.000Z
"5/20/2022, 7:46:25 PM",3.641,90.5,100,0,2022-05-20T23:46:25.000Z
"5/20/2022, 7:51:25 PM",3.642,90.1,100,0,2022-05-20T23:51:25.000Z
"5/20/2022, 7:56:25 PM",3.642,89.8,100,0,2022-05-20T23:56:25.000Z
"5/20/2022, 8:01:25 PM",3.642,89.4,100,0,2022-05-21T00:01:25.000Z
"5/20/2022, 8:06:25 PM",3.642,89.1,100,0,2022-05-21T00:06:25.000Z
"5/20/2022, 8:11:25 PM",3.642,88.7,100,0,2022-05-21T00:11:25.000Z
"5/20/2022, 8:16:25 PM",3.643,88.2,100,0,2022-05-21T00:16:25.000Z
"5/20/2022, 8:21:25 PM",3.643,88,100,0,2022-05-21T00:21:25.000Z
"5/20/2022, 8:26:25 PM",3.643,87.4,100,0,2022-05-21T00:26:25.000Z
"5/20/2022, 8:31:25 PM",3.644,87.1,100,0,2022-05-21T00:31:25.000Z
"5/20/2022, 8:36:25 PM",3.643,86.9,100,0,2022-05-21T00:36:25.000Z
"5/20/2022, 8:41:25 PM",3.644,86.5,100,0,2022-05-21T00:41:25.000Z
"5/20/2022, 8:46:25 PM",3.644,86.2,100,0,2022-05-21T00:46:25.000Z
"5/20/2022, 8:51:25 PM",3.644,86,100,0,2022-05-21T00:51:25.000Z
"5/20/2022, 8:56:25 PM",3.644,85.6,100,0,2022-05-21T00:56:25.000Z
"5/20/2022, 9:01:25 PM",3.644,85.5,100,0,2022-05-21T01:01:25.000Z
"5/20/2022, 9:06:25 PM",3.644,85.3,100,1,2022-05-21T01:06:25.000Z
"5/20/2022, 9:11:25 PM",3.644,85.1,100,1,2022-05-21T01:11:25.000Z
"5/20/2022, 9:16:25 PM",3.645,84.9,100,1,2022-05-21T01:16:25.000Z
"5/20/2022, 9:21:25 PM",3.644,84.7,100,1,2022-05-21T01:21:25.000Z
"5/20/2022, 9:26:25 PM",3.645,84.6,100,1,2022-05-21T01:26:25.000Z
"5/20/2022, 9:31:25 PM",3.645,84.4,100,1,2022-05-21T01:31:25.000Z
"5/20/2022, 9:36:25 PM",3.644,84.2,100,0,2022-05-21T01:36:25.000Z
"5/20/2022, 9:41:25 PM",3.645,84,100,0,2022-05-21T01:41:25.000Z
"5/20/2022, 9:46:25 PM",3.645,84,100,0,2022-05-21T01:46:25.000Z
"5/20/2022, 9:51:25 PM",3.645,83.8,100,1,2022-05-21T01:51:25.000Z
"5/20/2022, 9:56:25 PM",3.645,83.7,100,1,2022-05-21T01:56:25.000Z
"5/20/2022, 10:01:25 PM",3.645,83.7,100,1,2022-05-21T02:01:25.000Z
"5/20/2022, 10:06:25 PM",3.645,83.5,100,1,2022-05-21T02:06:25.000Z
"5/20/2022, 10:11:25 PM",3.645,83.5,100,1,2022-05-21T02:11:25.000Z
"5/20/2022, 10:16:25 PM",3.645,83.3,100,1,2022-05-21T02:16:25.000Z
"5/20/2022, 10:21:25 PM",3.646,83.1,100,1,2022-05-21T02:21:25.000Z
"5/20/2022, 10:26:25 PM",3.645,83.1,100,1,2022-05-21T02:26:25.000Z
"5/20/2022, 10:31:25 PM",3.646,82.9,100,1,2022-05-21T02:31:25.000Z
"5/20/2022, 10:36:25 PM",3.645,82.9,100,1,2022-05-21T02:36:25.000Z
"5/20/2022, 10:41:25 PM",3.645,82.9,100,1,2022-05-21T02:41:25.000Z
"5/20/2022, 10:46:25 PM",3.645,82.9,100,1,2022-05-21T02:46:25.000Z
"5/20/2022, 10:51:25 PM",3.645,82.9,100,1,2022-05-21T02:51:25.000Z
"5/20/2022, 10:56:25 PM",3.645,82.8,100,1,2022-05-21T02:56:25.000Z
"5/20/2022, 11:01:25 PM",3.645,82.8,100,1,2022-05-21T03:01:25.000Z
"5/20/2022, 11:06:25 PM",3.645,82.8,100,1,2022-05-21T03:06:25.000Z
"5/20/2022, 11:11:25 PM",3.645,82.6,100,1,2022-05-21T03:11:25.000Z
"5/20/2022, 11:16:25 PM",3.645,82.6,100,1,2022-05-21T03:16:25.000Z
"5/20/2022, 11:21:25 PM",3.645,82.6,100,1,2022-05-21T03:21:25.000Z
"5/20/2022, 11:26:25 PM",3.645,82.6,100,1,2022-05-21T03:26:25.000Z
"5/20/2022, 11:31:25 PM",3.645,82.6,100,1,2022-05-21T03:31:25.000Z
"5/20/2022, 11:36:25 PM",3.645,82.4,100,1,2022-05-21T03:36:25.000Z
"5/20/2022, 11:41:25 PM",3.645,82.4,100,1,2022-05-21T03:41:25.000Z
"5/20/2022, 11:46:25 PM",3.645,82.4,100,1,2022-05-21T03:46:25.000Z
"5/20/2022, 11:51:25 PM",3.645,82.2,100,1,2022-05-21T03:51:25.000Z
"5/20/2022, 11:56:25 PM",3.645,82.2,100,1,2022-05-21T03:56:25.000Z
"5/21/2022, 12:01:25 AM",3.645,82.2,100,1,2022-05-21T04:01:25.000Z
"5/21/2022, 12:06:25 AM",3.646,82.2,100,1,2022-05-21T04:06:25.000Z
"5/21/2022, 12:11:25 AM",3.645,82.2,100,1,2022-05-21T04:11:25.000Z
"5/21/2022, 12:16:25 AM",3.645,82,100,1,2022-05-21T04:16:25.000Z
"5/21/2022, 12:21:25 AM",3.645,82,100,1,2022-05-21T04:21:25.000Z
"5/21/2022, 12:26:25 AM",3.645,81.9,100,1,2022-05-21T04:26:25.000Z
"5/21/2022, 12:31:25 AM",3.645,81.9,100,1,2022-05-21T04:31:25.000Z
"5/21/2022, 12:36:25 AM",3.646,81.9,100,1,2022-05-21T04:36:25.000Z
"5/21/2022, 12:41:25 AM",3.645,81.7,100,1,2022-05-21T04:41:25.000Z
"5/21/2022, 12:46:25 AM",3.646,81.7,100,1,2022-05-21T04:46:25.000Z
"5/21/2022, 12:51:25 AM",3.645,81.7,100,1,2022-05-21T04:51:25.000Z
"5/21/2022, 12:56:25 AM",3.645,81.7,100,1,2022-05-21T04:56:25.000Z
"5/21/2022, 1:01:25 AM",3.645,81.7,100,1,2022-05-21T05:01:25.000Z
"5/21/2022, 1:06:25 AM",3.645,81.5,100,1,2022-05-21T05:06:25.000Z
"5/21/2022, 1:11:25 AM",3.645,81.5,100,1,2022-05-21T05:11:25.000Z
"5/21/2022, 1:16:25 AM",3.646,81.5,100,1,2022-05-21T05:16:25.000Z
"5/21/2022, 1:21:25 AM",3.645,81.3,100,1,2022-05-21T05:21:25.000Z
"5/21/2022, 1:26:25 AM",3.645,81.3,100,1,2022-05-21T05:26:25.000Z
"5/21/2022, 1:31:25 AM",3.645,81.3,100,1,2022-05-21T05:31:25.000Z
"5/21/2022, 1:36:25 AM",3.645,81.3,100,1,2022-05-21T05:36:25.000Z
"5/21/2022, 1:41:25 AM",3.646,81.3,100,1,2022-05-21T05:41:25.000Z
"5/21/2022, 1:46:25 AM",3.646,81.3,100,1,2022-05-21T05:46:25.000Z
"5/21/2022, 1:51:25 AM",3.646,81.1,100,1,2022-05-21T05:51:25.000Z
"5/21/2022, 1:56:25 AM",3.646,81.1,100,1,2022-05-21T05:56:25.000Z
"5/21/2022, 2:01:25 AM",3.646,81.1,100,1,2022-05-21T06:01:25.000Z
"5/21/2022, 2:06:25 AM",3.645,81.1,100,1,2022-05-21T06:06:25.000Z
"5/21/2022, 2:11:25 AM",3.645,81.1,100,1,2022-05-21T06:11:25.000Z
"5/21/2022, 2:16:25 AM",3.645,81.1,100,1,2022-05-21T06:16:25.000Z
"5/21/2022, 2:21:25 AM",3.645,81.1,100,1,2022-05-21T06:21:25.000Z
"5/21/2022, 2:26:25 AM",3.645,81,100,1,2022-05-21T06:26:25.000Z
"5/21/2022, 2:31:25 AM",3.646,81,100,1,2022-05-21T06:31:25.000Z
"5/21/2022, 2:36:25 AM",3.646,81,100,1,2022-05-21T06:36:25.000Z
"5/21/2022, 2:41:25 AM",3.646,80.8,100,1,2022-05-21T06:41:25.000Z
"5/21/2022, 2:46:25 AM",3.645,80.8,100,1,2022-05-21T06:46:25.000Z
"5/21/2022, 2:51:25 AM",3.646,80.6,100,1,2022-05-21T06:51:25.000Z
"5/21/2022, 2:56:25 AM",3.646,80.6,100,1,2022-05-21T06:56:25.000Z
"5/21/2022, 3:01:25 AM",3.645,80.6,100,1,2022-05-21T07:01:25.000Z
"5/21/2022, 3:06:25 AM",3.645,80.6,100,1,2022-05-21T07:06:25.000Z
"5/21/2022, 3:11:25 AM",3.646,80.6,100,1,2022-05-21T07:11:25.000Z
"5/21/2022, 3:16:25 AM",3.646,80.4,100,1,2022-05-21T07:16:25.000Z
"5/21/2022, 3:21:25 AM",3.646,80.4,100,1,2022-05-21T07:21:25.000Z
"5/21/2022, 3:26:25 AM",3.646,80.4,100,1,2022-05-21T07:26:25.000Z
"5/21/2022, 3:31:25 AM",3.646,80.4,100,1,2022-05-21T07:31:25.000Z
"5/21/2022, 3:36:25 AM",3.646,80.4,100,1,2022-05-21T07:36:25.000Z
"5/21/2022, 3:41:25 AM",3.646,80.4,100,1,2022-05-21T07:41:25.000Z
"5/21/2022, 3:46:25 AM",3.646,80.4,100,1,2022-05-21T07:46:25.000Z
"5/21/2022, 3:51:25 AM",3.646,80.6,100,2,2022-05-21T07:51:25.000Z
"5/21/2022, 3:56:25 AM",3.646,80.6,100,2,2022-05-21T07:56:25.000Z
"5/21/2022, 4:01:25 AM",3.645,80.6,100,2,2022-05-21T08:01:25.000Z
"5/21/2022, 4:06:25 AM",3.646,80.6,100,2,2022-05-21T08:06:25.000Z
"5/21/2022, 4:11:25 AM",3.646,80.6,100,2,2022-05-21T08:11:25.000Z
"5/21/2022, 4:16:25 AM",3.646,80.6,100,2,2022-05-21T08:16:25.000Z
"5/21/2022, 4:21:25 AM",3.646,80.6,100,2,2022-05-21T08:21:25.000Z
"5/21/2022, 4:26:25 AM",3.646,80.4,100,2,2022-05-21T08:26:25.000Z
"5/21/2022, 4:31:25 AM",3.646,80.4,100,2,2022-05-21T08:31:25.000Z
"5/21/2022, 4:36:25 AM",3.645,80.4,100,2,2022-05-21T08:36:25.000Z
"5/21/2022, 4:41:25 AM",3.646,80.2,100,2,2022-05-21T08:41:25.000Z
"5/21/2022, 4:46:25 AM",3.646,80.2,100,2,2022-05-21T08:46:25.000Z
"5/21/2022, 4:51:25 AM",3.646,80.2,100,2,2022-05-21T08:51:25.000Z
"5/21/2022, 4:56:25 AM",3.646,80.2,100,2,2022-05-21T08:56:25.000Z
"5/21/2022, 5:01:25 AM",3.646,80.1,100,2,2022-05-21T09:01:25.000Z
"5/21/2022, 5:06:25 AM",3.646,80.1,100,2,2022-05-21T09:06:25.000Z
"5/21/2022, 5:11:25 AM",3.646,80.1,100,2,2022-05-21T09:11:25.000Z
"5/21/2022, 5:16:25 AM",3.646,80.1,100,2,2022-05-21T09:16:25.000Z
"5/21/2022, 5:21:25 AM",3.646,80.1,100,2,2022-05-21T09:21:25.000Z
"5/21/2022, 5:26:25 AM",3.646,80.1,100,2,2022-05-21T09:26:25.000Z
"5/21/2022, 5:31:25 AM",3.646,79.9,100,2,2022-05-21T09:31:25.000Z
"5/21/2022, 5:36:25 AM",3.646,80.1,100,2,2022-05-21T09:36:25.000Z
"5/21/2022, 5:41:25 AM",3.646,80.1,100,2,2022-05-21T09:41:25.000Z
"5/21/2022, 5:46:25 AM",3.646,80.1,100,2,2022-05-21T09:46:25.000Z
"5/21/2022, 5:51:25 AM",3.646,80.1,100,2,2022-05-21T09:51:25.000Z
"5/21/2022, 5:56:25 AM",3.646,79.9,100,2,2022-05-21T09:56:25.000Z
"5/21/2022, 6:01:25 AM",3.646,79.9,100,2,2022-05-21T10:01:25.000Z
"5/21/2022, 6:06:25 AM",3.646,79.9,100,2,2022-05-21T10:06:25.000Z
"5/21/2022, 6:11:25 AM",3.646,79.9,100,3,2022-05-21T10:11:25.000Z
"5/21/2022, 6:16:25 AM",3.646,79.7,100,3,2022-05-21T10:16:25.000Z
"5/21/2022, 6:21:25 AM",3.646,79.7,100,3,2022-05-21T10:21:25.000Z
"5/21/2022, 6:26:25 AM",3.646,79.7,100,4,2022-05-21T10:26:25.000Z
"5/21/2022, 6:31:25 AM",3.646,79.5,100,4,2022-05-21T10:31:25.000Z
"5/21/2022, 6:36:25 AM",3.646,79.7,100,4,2022-05-21T10:36:25.000Z
"5/21/2022, 6:41:25 AM",3.646,79.7,100,4,2022-05-21T10:41:25.000Z
"5/21/2022, 6:46:25 AM",3.646,79.7,100,4,2022-05-21T10:46:25.000Z
"5/21/2022, 6:51:25 AM",3.647,79.9,100,4,2022-05-21T10:51:25.000Z
"5/21/2022, 6:56:25 AM",3.646,80.1,100,4,2022-05-21T10:56:25.000Z
"5/21/2022, 7:01:25 AM",3.646,80.1,100,5,2022-05-21T11:01:25.000Z
"5/21/2022, 7:06:25 AM",3.646,80.2,100,4,2022-05-21T11:06:25.000Z
"5/21/2022, 7:11:25 AM",3.646,80.4,100,5,2022-05-21T11:11:25.000Z
"5/21/2022, 7:16:25 AM",3.645,80.6,100,4,2022-05-21T11:16:25.000Z
"5/21/2022, 7:21:25 AM",3.646,80.6,100,5,2022-05-21T11:21:25.000Z
"5/21/2022, 7:26:25 AM",3.646,80.8,100,5,2022-05-21T11:26:25.000Z
"5/21/2022, 7:31:25 AM",3.646,81,100,5,2022-05-21T11:31:25.000Z
"5/21/2022, 7:36:25 AM",3.646,81.1,100,5,2022-05-21T11:36:25.000Z
"5/21/2022, 7:41:25 AM",3.646,81.3,100,5,2022-05-21T11:41:25.000Z
"5/21/2022, 7:46:25 AM",3.646,81.3,100,5,2022-05-21T11:46:25.000Z
"5/21/2022, 7:51:25 AM",3.645,81.5,100,5,2022-05-21T11:51:25.000Z
"5/21/2022, 7:56:25 AM",3.645,81.9,100,5,2022-05-21T11:56:25.000Z
"5/21/2022, 8:01:25 AM",3.645,82,100,5,2022-05-21T12:01:25.000Z
"5/21/2022, 8:06:25 AM",3.645,82.2,100,5,2022-05-21T12:06:25.000Z
"5/21/2022, 8:11:25 AM",3.645,82.4,100,5,2022-05-21T12:11:25.000Z
"5/21/2022, 8:16:25 AM",3.645,82.4,100,5,2022-05-21T12:16:25.000Z
"5/21/2022, 8:21:25 AM",3.645,82.6,100,5,2022-05-21T12:21:25.000Z
"5/21/2022, 8:26:25 AM",3.645,82.6,100,5,2022-05-21T12:26:25.000Z
"5/21/2022, 8:31:25 AM",3.645,82.8,100,5,2022-05-21T12:31:25.000Z
"5/21/2022, 8:36:25 AM",3.645,82.9,100,5,2022-05-21T12:36:25.000Z
"5/21/2022, 8:41:25 AM",3.645,83.1,100,4,2022-05-21T12:41:25.000Z
"5/21/2022, 8:46:25 AM",3.645,83.3,100,4,2022-05-21T12:46:25.000Z
"5/21/2022, 8:51:25 AM",3.644,83.5,100,4,2022-05-21T12:51:25.000Z
"5/21/2022, 8:56:25 AM",3.644,83.5,100,3,2022-05-21T12:56:25.000Z
"5/21/2022, 9:01:25 AM",3.644,83.7,100,3,2022-05-21T13:01:25.000Z
"5/21/2022, 9:06:25 AM",3.644,83.8,100,3,2022-05-21T13:06:25.000Z
"5/21/2022, 9:11:25 AM",3.644,83.8,100,3,2022-05-21T13:11:25.000Z
"5/21/2022, 9:16:25 AM",3.644,84.2,100,3,2022-05-21T13:16:25.000Z
"5/21/2022, 9:21:25 AM",3.644,84.4,100,2,2022-05-21T13:21:25.000Z
"5/21/2022, 9:26:25 AM",3.644,84.6,100,2,2022-05-21T13:26:25.000Z
"5/21/2022, 9:31:25 AM",3.644,84.9,100,2,2022-05-21T13:31:25.000Z
"5/21/2022, 9:36:25 AM",3.644,85.1,100,1,2022-05-21T13:36:25.000Z
"5/21/2022, 9:41:25 AM",3.643,85.5,100,2,2022-05-21T13:41:25.000Z
"5/21/2022, 9:46:25 AM",3.644,85.6,100,1,2022-05-21T13:46:25.000Z
"5/21/2022, 9:51:25 AM",3.644,85.6,100,1,2022-05-21T13:51:25.000Z
"5/21/2022, 9:56:25 AM",3.643,85.6,100,1,2022-05-21T13:56:25.000Z
"5/21/2022, 10:01:25 AM",3.643,85.6,100,1,2022-05-21T14:01:25.000Z
"5/21/2022, 10:06:25 AM",3.644,85.6,100,2,2022-05-21T14:06:25.000Z
"5/21/2022, 10:11:25 AM",3.644,85.6,100,1,2022-05-21T14:11:25.000Z
"5/21/2022, 10:16:25 AM",3.644,86,100,2,2022-05-21T14:16:25.000Z
"5/21/2022, 10:21:25 AM",3.643,86.2,100,2,2022-05-21T14:21:25.000Z
"5/21/2022, 10:26:25 AM",3.643,86.2,100,2,2022-05-21T14:26:25.000Z
"5/21/2022, 10:31:25 AM",3.643,86.4,100,1,2022-05-21T14:31:25.000Z
"5/21/2022, 10:36:25 AM",3.643,86.7,100,2,2022-05-21T14:36:25.000Z
"5/21/2022, 10:41:25 AM",3.643,87.1,100,1,2022-05-21T14:41:25.000Z
"5/21/2022, 10:46:25 AM",3.643,87.4,100,1,2022-05-21T14:46:25.000Z
"5/21/2022, 10:51:25 AM",3.642,88,100,1,2022-05-21T14:51:25.000Z
"5/21/2022, 10:56:25 AM",3.642,88.2,100,1,2022-05-21T14:56:25.000Z
"5/21/2022, 11:01:25 AM",3.642,88.5,100,1,2022-05-21T15:01:25.000Z
"5/21/2022, 11:06:25 AM",3.642,88.7,100,1,2022-05-21T15:06:25.000Z
"5/21/2022, 11:11:25 AM",3.641,89.1,100,1,2022-05-21T15:11:25.000Z
"5/21/2022, 11:16:25 AM",3.641,89.4,100,1,2022-05-21T15:16:25.000Z
"5/21/2022, 11:21:25 AM",3.641,89.6,100,1,2022-05-21T15:21:25.000Z
"5/21/2022, 11:26:25 AM",3.641,90,100,1,2022-05-21T15:26:25.000Z
"5/21/2022, 11:31:25 AM",3.641,90.1,100,1,2022-05-21T15:31:25.000Z
"5/21/2022, 11:36:25 AM",3.641,90.3,100,1,2022-05-21T15:36:25.000Z
"5/21/2022, 11:41:25 AM",3.641,90.5,100,1,2022-05-21T15:41:25.000Z
"5/21/2022, 11:46:25 AM",3.641,90.9,100,1,2022-05-21T15:46:25.000Z
"5/21/2022, 11:51:25 AM",3.641,91.2,100,1,2022-05-21T15:51:25.000Z
"5/21/2022, 11:56:25 AM",3.641,91.8,100,0,2022-05-21T15:56:25.000Z
"5/21/2022, 12:01:25 PM",3.64,92.1,100,0,2022-05-21T16:01:25.000Z
"5/21/2022, 12:06:25 PM",3.64,92.7,100,0,2022-05-21T16:06:25.000Z
"5/21/2022, 12:11:25 PM",3.64,92.8,100,0,2022-05-21T16:11:25.000Z
"5/21/2022, 12:16:25 PM",3.639,93.2,100,0,2022-05-21T16:16:25.000Z
"5/21/2022, 12:21:25 PM",3.639,93.4,100,0,2022-05-21T16:21:25.000Z
"5/21/2022, 12:26:25 PM",3.639,93.4,100,0,2022-05-21T16:26:25.000Z
"5/21/2022, 12:31:25 PM",3.639,93,100,0,2022-05-21T16:31:25.000Z
"5/21/2022, 12:36:25 PM",3.64,92.8,100,0,2022-05-21T16:36:25.000Z
"5/21/2022, 12:41:25 PM",3.639,92.8,100,0,2022-05-21T16:41:25.000Z
"5/21/2022, 12:46:25 PM",3.639,92.8,100,0,2022-05-21T16:46:25.000Z
"5/21/2022, 12:51:25 PM",3.64,93,100,0,2022-05-21T16:51:25.000Z
"5/21/2022, 12:56:25 PM",3.639,93.2,100,0,2022-05-21T16:56:25.000Z
"5/21/2022, 1:01:25 PM",3.64,93,100,0,2022-05-21T17:01:25.000Z
"5/21/2022, 1:06:25 PM",3.64,92.8,100,0,2022-05-21T17:06:25.000Z
"5/21/2022, 1:11:25 PM",3.64,93,100,1,2022-05-21T17:11:25.000Z
"5/21/2022, 1:16:25 PM",3.64,92.8,100,1,2022-05-21T17:16:25.000Z
"5/21/2022, 1:21:25 PM",3.64,92.7,100,1,2022-05-21T17:21:25.000Z
"5/21/2022, 1:26:25 PM",3.64,92.1,100,1,2022-05-21T17:26:25.000Z
"5/21/2022, 1:31:25 PM",3.64,91.9,100,1,2022-05-21T17:31:25.000Z
"5/21/2022, 1:36:25 PM",3.641,92.3,100,1,2022-05-21T17:36:25.000Z
"5/21/2022, 1:41:25 PM",3.641,92.7,100,0,2022-05-21T17:41:25.000Z
"5/21/2022, 1:46:25 PM",3.641,93,100,0,2022-05-21T17:46:25.000Z
"5/21/2022, 1:51:25 PM",3.64,93,100,1,2022-05-21T17:51:25.000Z
"5/21/2022, 1:56:25 PM",3.64,92.8,100,1,2022-05-21T17:56:25.000Z
"5/21/2022, 2:01:25 PM",3.641,92.5,100,1,2022-05-21T18:01:25.000Z
"5/21/2022, 2:06:25 PM",3.64,92.3,100,1,2022-05-21T18:06:25.000Z
"5/21/2022, 2:11:25 PM",3.641,92.1,100,1,2022-05-21T18:11:25.000Z
"5/21/2022, 2:16:25 PM",3.641,92.1,100,1,2022-05-21T18:16:25.000Z
"5/21/2022, 2:21:25 PM",3.641,92.3,100,1,2022-05-21T18:21:25.000Z
"5/21/2022, 2:26:25 PM",3.641,92.8,100,1,2022-05-21T18:26:25.000Z
"5/21/2022, 2:31:25 PM",3.64,93.6,100,1,2022-05-21T18:31:25.000Z
"5/21/2022, 2:36:25 PM",3.639,94.3,100,1,2022-05-21T18:36:25.000Z
"5/21/2022, 2:41:25 PM",3.639,94.8,100,1,2022-05-21T18:41:25.000Z
"5/21/2022, 2:46:25 PM",3.639,95.2,100,1,2022-05-21T18:46:25.000Z
"5/21/2022, 2:51:25 PM",3.639,95.7,100,1,2022-05-21T18:51:25.000Z
"5/21/2022, 2:56:25 PM",3.639,95.7,100,2,2022-05-21T18:56:25.000Z
"5/21/2022, 3:01:25 PM",3.638,95.4,100,1,2022-05-21T19:01:25.000Z
"5/21/2022, 3:06:25 PM",3.639,95.2,100,1,2022-05-21T19:06:25.000Z
"5/21/2022, 3:11:25 PM",3.639,94.6,100,1,2022-05-21T19:11:25.000Z
"5/21/2022, 3:16:25 PM",3.64,94.6,100,1,2022-05-21T19:16:25.000Z
"5/21/2022, 3:21:25 PM",3.639,94.3,100,1,2022-05-21T19:21:25.000Z
"5/21/2022, 3:26:25 PM",3.64,93.9,100,1,2022-05-21T19:26:25.000Z
"5/21/2022, 3:31:25 PM",3.641,93.6,100,1,2022-05-21T19:31:25.000Z
"5/21/2022, 3:36:25 PM",3.64,93,100,1,2022-05-21T19:36:25.000Z
"5/21/2022, 3:41:25 PM",3.641,92.3,100,1,2022-05-21T19:41:25.000Z
"5/21/2022, 3:46:25 PM",3.641,91.8,100,1,2022-05-21T19:46:25.000Z
"5/21/2022, 3:51:25 PM",3.642,91,100,1,2022-05-21T19:51:25.000Z
"5/21/2022, 3:56:25 PM",3.642,90.1,100,1,2022-05-21T19:56:25.000Z
"5/21/2022, 4:01:25 PM",3.643,89.2,100,1,2022-05-21T20:01:25.000Z
"5/21/2022, 4:06:25 PM",3.643,88.3,100,1,2022-05-21T20:06:25.000Z
"5/21/2022, 4:11:25 PM",3.643,87.4,100,1,2022-05-21T20:11:25.000Z
"5/21/2022, 4:16:25 PM",3.644,86.9,100,1,2022-05-21T20:16:25.000Z
"5/21/2022, 4:21:25 PM",3.645,86.4,100,1,2022-05-21T20:21:25.000Z
"5/21/2022, 4:26:25 PM",3.645,86,100,0,2022-05-21T20:26:25.000Z
"5/21/2022, 4:31:25 PM",3.645,85.6,100,1,2022-05-21T20:31:25.000Z
"5/21/2022, 4:36:25 PM",3.645,85.5,100,0,2022-05-21T20:36:25.000Z
"5/21/2022, 4:41:25 PM",3.646,85.5,100,0,2022-05-21T20:41:25.000Z
"5/21/2022, 4:46:25 PM",3.646,85.8,100,1,2022-05-21T20:46:25.000Z
"5/21/2022, 4:51:25 PM",3.645,86.9,100,1,2022-05-21T20:51:25.000Z
"5/21/2022, 4:56:25 PM",3.645,87.3,100,0,2022-05-21T20:56:25.000Z
"5/21/2022, 5:01:25 PM",3.645,87.1,100,1,2022-05-21T21:01:25.000Z
"5/21/2022, 5:06:25 PM",3.645,86.7,100,0,2022-05-21T21:06:25.000Z
"5/21/2022, 5:11:25 PM",3.645,86.2,100,0,2022-05-21T21:11:25.000Z
"5/21/2022, 5:16:25 PM",3.645,85.1,100,0,2022-05-21T21:16:25.000Z
"5/21/2022, 5:21:25 PM",3.646,84.2,100,1,2022-05-21T21:21:25.000Z
"5/21/2022, 5:26:25 PM",3.646,83.3,100,1,2022-05-21T21:26:25.000Z
"5/21/2022, 5:31:25 PM",3.647,82.8,100,1,2022-05-21T21:31:25.000Z
"5/21/2022, 5:36:25 PM",3.647,82.4,100,1,2022-05-21T21:36:25.000Z
"5/21/2022, 5:41:25 PM",3.647,81.9,100,1,2022-05-21T21:41:25.000Z
"5/21/2022, 5:46:25 PM",3.648,81.3,100,1,2022-05-21T21:46:25.000Z
"5/21/2022, 5:51:25 PM",3.648,80.8,100,1,2022-05-21T21:51:25.000Z
"5/21/2022, 5:56:25 PM",3.648,80.6,100,1,2022-05-21T21:56:25.000Z
"5/21/2022, 6:01:25 PM",3.648,80.2,100,1,2022-05-21T22:01:25.000Z
"5/21/2022, 6:06:25 PM",3.648,80.1,100,1,2022-05-21T22:06:25.000Z
"5/21/2022, 6:11:25 PM",3.648,80.2,100,1,2022-05-21T22:11:25.000Z
"5/21/2022, 6:16:25 PM",3.648,80.2,100,1,2022-05-21T22:16:25.000Z
"5/21/2022, 6:21:25 PM",3.648,80.1,100,1,2022-05-21T22:21:25.000Z
"5/21/2022, 6:26:25 PM",3.648,79.9,100,1,2022-05-21T22:26:25.000Z
"5/21/2022, 6:31:25 PM",3.648,80.1,100,1,2022-05-21T22:31:25.000Z
"5/21/2022, 6:36:25 PM",3.648,79.9,100,1,2022-05-21T22:36:25.000Z
"5/21/2022, 6:41:25 PM",3.648,79.9,100,1,2022-05-21T22:41:25.000Z
"5/21/2022, 6:46:25 PM",3.648,79.9,100,1,2022-05-21T22:46:25.000Z
"5/21/2022, 6:51:25 PM",3.648,79.7,100,1,2022-05-21T22:51:25.000Z
"5/21/2022, 6:56:25 PM",3.648,79.7,100,1,2022-05-21T22:56:25.000Z
"5/21/2022, 7:01:25 PM",3.648,79.5,100,1,2022-05-21T23:01:25.000Z
"5/21/2022, 7:06:25 PM",3.649,79.3,100,1,2022-05-21T23:06:25.000Z
"5/21/2022, 7:11:25 PM",3.648,79.3,100,1,2022-05-21T23:11:25.000Z
"5/21/2022, 7:16:25 PM",3.648,79.5,100,1,2022-05-21T23:16:25.000Z
"5/21/2022, 7:21:25 PM",3.649,79.7,100,1,2022-05-21T23:21:25.000Z
"5/21/2022, 7:26:25 PM",3.648,79.9,100,1,2022-05-21T23:26:25.000Z
"5/21/2022, 7:31:25 PM",3.648,80.1,100,1,2022-05-21T23:31:25.000Z
"5/21/2022, 7:36:25 PM",3.647,80.2,100,1,2022-05-21T23:36:25.000Z
"5/21/2022, 7:41:25 PM",3.647,80.6,100,1,2022-05-21T23:41:25.000Z
"5/21/2022, 7:46:25 PM",3.647,80.6,100,1,2022-05-21T23:46:25.000Z
"5/21/2022, 7:51:25 PM",3.647,80.8,100,1,2022-05-21T23:51:25.000Z
"5/21/2022, 7:56:25 PM",3.647,81,100,1,2022-05-21T23:56:25.000Z
"5/21/2022, 8:01:25 PM",3.647,81,100,1,2022-05-22T00:01:25.000Z
"5/21/2022, 8:06:25 PM",3.647,81.1,100,1,2022-05-22T00:06:25.000Z
"5/21/2022, 8:11:25 PM",3.647,80.8,100,1,2022-05-22T00:11:25.000Z
"5/21/2022, 8:16:25 PM",3.647,80.8,100,1,2022-05-22T00:16:25.000Z
"5/21/2022, 8:21:25 PM",3.647,80.6,100,1,2022-05-22T00:21:25.000Z
"5/21/2022, 8:26:25 PM",3.647,80.6,100,1,2022-05-22T00:26:25.000Z
"5/21/2022, 8:31:25 PM",3.647,80.6,100,1,2022-05-22T00:31:25.000Z
"5/21/2022, 8:36:25 PM",3.647,80.4,100,1,2022-05-22T00:36:25.000Z
"5/21/2022, 8:41:25 PM",3.647,80.2,100,1,2022-05-22T00:41:25.000Z
"5/21/2022, 8:46:25 PM",3.647,79.9,100,1,2022-05-22T00:46:25.000Z
"5/21/2022, 8:51:25 PM",3.647,79.7,100,1,2022-05-22T00:51:25.000Z
"5/21/2022, 8:56:25 PM",3.647,79.9,100,1,2022-05-22T00:56:25.000Z
"5/21/2022, 9:01:25 PM",3.647,79.9,100,1,2022-05-22T01:01:25.000Z
"5/21/2022, 9:06:25 PM",3.647,79.9,100,1,2022-05-22T01:06:25.000Z
"5/21/2022, 9:11:25 PM",3.647,79.9,100,3,2022-05-22T01:11:25.000Z
"5/21/2022, 9:16:25 PM",3.647,79.9,100,3,2022-05-22T01:16:25.000Z
"5/21/2022, 9:21:25 PM",3.647,79.9,100,3,2022-05-22T01:21:25.000Z
"5/21/2022, 9:26:25 PM",3.647,79.9,100,2,2022-05-22T01:26:25.000Z
"5/21/2022, 9:31:25 PM",3.647,79.9,100,2,2022-05-22T01:31:25.000Z
"5/21/2022, 9:36:25 PM",3.647,79.9,100,2,2022-05-22T01:36:25.000Z
"5/21/2022, 9:41:25 PM",3.647,79.7,100,2,2022-05-22T01:41:25.000Z
"5/21/2022, 9:46:25 PM",3.647,79.7,100,2,2022-05-22T01:46:25.000Z
"5/21/2022, 9:51:25 PM",3.647,79.7,100,2,2022-05-22T01:51:25.000Z
"5/21/2022, 9:56:25 PM",3.648,79.7,100,2,2022-05-22T01:56:25.000Z
"5/21/2022, 10:01:25 PM",3.647,79.7,100,2,2022-05-22T02:01:25.000Z
"5/21/2022, 10:06:25 PM",3.647,79.5,100,2,2022-05-22T02:06:25.000Z
"5/21/2022, 10:11:25 PM",3.647,79.5,100,2,2022-05-22T02:11:25.000Z
"5/21/2022, 10:16:25 PM",3.647,79.3,100,2,2022-05-22T02:16:25.000Z
"5/21/2022, 10:21:25 PM",3.647,79.3,100,2,2022-05-22T02:21:25.000Z
"5/21/2022, 10:26:25 PM",3.647,79.3,100,2,2022-05-22T02:26:25.000Z
"5/21/2022, 10:31:25 PM",3.647,79.3,100,2,2022-05-22T02:31:25.000Z
"5/21/2022, 10:36:25 PM",3.648,79,100,2,2022-05-22T02:36:25.000Z
"5/21/2022, 10:41:25 PM",3.647,79.2,100,2,2022-05-22T02:41:25.000Z
"5/21/2022, 10:46:25 PM",3.647,79.2,100,2,2022-05-22T02:46:25.000Z
"5/21/2022, 10:51:25 PM",3.648,79.2,100,2,2022-05-22T02:51:25.000Z
"5/21/2022, 10:56:25 PM",3.647,79.3,100,1,2022-05-22T02:56:25.000Z
"5/21/2022, 11:01:25 PM",3.648,79.3,100,1,2022-05-22T03:01:25.000Z
"5/21/2022, 11:06:25 PM",3.647,79.5,100,1,2022-05-22T03:06:25.000Z
"5/21/2022, 11:11:25 PM",3.647,79.5,100,2,2022-05-22T03:11:25.000Z
"5/21/2022, 11:16:25 PM",3.648,79.3,100,1,2022-05-22T03:16:25.000Z
"5/21/2022, 11:21:25 PM",3.648,79.2,100,2,2022-05-22T03:21:25.000Z
"5/21/2022, 11:26:25 PM",3.647,79.2,100,1,2022-05-22T03:26:25.000Z
"5/21/2022, 11:31:25 PM",3.648,78.1,100,1,2022-05-22T03:31:25.000Z
"5/21/2022, 11:36:25 PM",3.648,78.8,100,2,2022-05-22T03:36:25.000Z
"5/21/2022, 11:41:25 PM",3.648,79.3,100,1,2022-05-22T03:41:25.000Z
"5/21/2022, 11:46:25 PM",3.648,79.5,100,1,2022-05-22T03:46:25.000Z
"5/21/2022, 11:51:25 PM",3.648,79.5,100,1,2022-05-22T03:51:25.000Z
"5/21/2022, 11:56:25 PM",3.647,79.3,100,1,2022-05-22T03:56:25.000Z
"5/22/2022, 12:01:25 AM",3.647,79,100,2,2022-05-22T04:01:25.000Z
"5/22/2022, 12:06:25 AM",3.647,79.2,100,1,2022-05-22T04:06:25.000Z
"5/22/2022, 12:11:25 AM",3.647,79.2,100,1,2022-05-22T04:11:25.000Z
"5/22/2022, 12:16:25 AM",3.647,79.3,100,1,2022-05-22T04:16:25.000Z
"5/22/2022, 12:21:25 AM",3.647,79.5,100,1,2022-05-22T04:21:25.000Z
"5/22/2022, 12:26:25 AM",3.648,79.2,100,1,2022-05-22T04:26:25.000Z
"5/22/2022, 12:31:25 AM",3.647,78.8,100,1,2022-05-22T04:31:25.000Z
"5/22/2022, 12:36:25 AM",3.648,78.8,100,1,2022-05-22T04:36:25.000Z
"5/22/2022, 12:41:25 AM",3.648,78.8,100,1,2022-05-22T04:41:25.000Z
"5/22/2022, 12:46:25 AM",3.648,78.8,100,1,2022-05-22T04:46:25.000Z
"5/22/2022, 12:51:25 AM",3.647,78.8,100,1,2022-05-22T04:51:25.000Z
"5/22/2022, 12:56:25 AM",3.647,78.8,100,1,2022-05-22T04:56:25.000Z
"5/22/2022, 1:01:25 AM",3.647,78.8,100,1,2022-05-22T05:01:25.000Z
"5/22/2022, 1:06:25 AM",3.648,78.6,100,1,2022-05-22T05:06:25.000Z
"5/22/2022, 1:11:25 AM",3.648,78.6,100,1,2022-05-22T05:11:25.000Z
"5/22/2022, 1:16:25 AM",3.648,78.3,100,1,2022-05-22T05:16:25.000Z
"5/22/2022, 1:21:25 AM",3.648,78.1,100,1,2022-05-22T05:21:25.000Z
"5/22/2022, 1:26:25 AM",3.648,78.1,100,1,2022-05-22T05:26:25.000Z
"5/22/2022, 1:31:25 AM",3.648,78.1,100,1,2022-05-22T05:31:25.000Z
"5/22/2022, 1:36:25 AM",3.648,78.1,100,1,2022-05-22T05:36:25.000Z
"5/22/2022, 1:41:25 AM",3.648,77.7,100,1,2022-05-22T05:41:25.000Z
"5/22/2022, 1:46:25 AM",3.648,77.7,100,1,2022-05-22T05:46:25.000Z
"5/22/2022, 1:51:25 AM",3.648,77.7,100,1,2022-05-22T05:51:25.000Z
"5/22/2022, 1:56:25 AM",3.648,77.9,100,1,2022-05-22T05:56:25.000Z
"5/22/2022, 2:01:25 AM",3.648,77.7,100,1,2022-05-22T06:01:25.000Z
"5/22/2022, 2:06:25 AM",3.648,77.5,100,1,2022-05-22T06:06:25.000Z
"5/22/2022, 2:11:25 AM",3.648,77.4,100,1,2022-05-22T06:11:25.000Z
"5/22/2022, 2:16:25 AM",3.648,77.5,100,1,2022-05-22T06:16:25.000Z
"5/22/2022, 2:21:25 AM",3.648,77.4,100,1,2022-05-22T06:21:25.000Z
"5/22/2022, 2:26:25 AM",3.648,77.4,100,1,2022-05-22T06:26:25.000Z
"5/22/2022, 2:31:25 AM",3.649,77.4,100,1,2022-05-22T06:31:25.000Z
"5/22/2022, 2:36:25 AM",3.648,77.4,100,1,2022-05-22T06:36:25.000Z
"5/22/2022, 2:41:25 AM",3.648,77.4,100,1,2022-05-22T06:41:25.000Z
"5/22/2022, 2:46:25 AM",3.648,77.2,100,1,2022-05-22T06:46:25.000Z
"5/22/2022, 2:51:25 AM",3.648,77,100,1,2022-05-22T06:51:25.000Z
"5/22/2022, 2:56:25 AM",3.649,77,100,1,2022-05-22T06:56:25.000Z
"5/22/2022, 3:01:25 AM",3.648,77,100,1,2022-05-22T07:01:25.000Z
"5/22/2022, 3:06:25 AM",3.649,77,100,1,2022-05-22T07:06:25.000Z
"5/22/2022, 3:11:25 AM",3.649,77.2,100,1,2022-05-22T07:11:25.000Z
"5/22/2022, 3:16:25 AM",3.648,77,100,1,2022-05-22T07:16:25.000Z
"5/22/2022, 3:21:25 AM",3.648,77,100,1,2022-05-22T07:21:25.000Z
"5/22/2022, 3:26:25 AM",3.648,77.2,100,1,2022-05-22T07:26:25.000Z
"5/22/2022, 3:31:25 AM",3.648,77.2,100,1,2022-05-22T07:31:25.000Z
"5/22/2022, 3:36:25 AM",3.648,77.2,100,1,2022-05-22T07:36:25.000Z
"5/22/2022, 3:41:25 AM",3.649,77.2,100,1,2022-05-22T07:41:25.000Z
"5/22/2022, 3:46:25 AM",3.649,77.2,100,1,2022-05-22T07:46:25.000Z
"5/22/2022, 3:51:25 AM",3.648,77,100,1,2022-05-22T07:51:25.000Z
"5/22/2022, 3:56:25 AM",3.648,77.2,100,1,2022-05-22T07:56:25.000Z
"5/22/2022, 4:01:25 AM",3.648,77.2,100,1,2022-05-22T08:01:25.000Z
"5/22/2022, 4:06:25 AM",3.648,77.2,100,1,2022-05-22T08:06:25.000Z
"5/22/2022, 4:11:25 AM",3.648,77.4,100,1,2022-05-22T08:11:25.000Z
"5/22/2022, 4:16:25 AM",3.648,77.5,100,1,2022-05-22T08:16:25.000Z
"5/22/2022, 4:21:25 AM",3.648,77.2,100,1,2022-05-22T08:21:25.000Z
"5/22/2022, 4:26:25 AM",3.648,77.4,100,1,2022-05-22T08:26:25.000Z
"5/22/2022, 4:31:25 AM",3.648,77.4,100,1,2022-05-22T08:31:25.000Z
"5/22/2022, 4:36:25 AM",3.648,77,100,1,2022-05-22T08:36:25.000Z
"5/22/2022, 4:41:25 AM",3.648,77.2,100,1,2022-05-22T08:41:25.000Z
"5/22/2022, 4:46:25 AM",3.648,77,100,1,2022-05-22T08:46:25.000Z
"5/22/2022, 4:51:25 AM",3.648,77.2,100,1,2022-05-22T08:51:25.000Z
"5/22/2022, 4:56:25 AM",3.648,77.4,100,1,2022-05-22T08:56:25.000Z
"5/22/2022, 5:01:25 AM",3.648,77.9,100,1,2022-05-22T09:01:25.000Z
"5/22/2022, 5:06:25 AM",3.647,77.9,100,1,2022-05-22T09:06:25.000Z
"5/22/2022, 5:11:25 AM",3.648,77.9,100,1,2022-05-22T09:11:25.000Z
"5/22/2022, 5:16:25 AM",3.648,77.4,100,1,2022-05-22T09:16:25.000Z
"5/22/2022, 5:21:25 AM",3.648,77.4,100,1,2022-05-22T09:21:25.000Z
"5/22/2022, 5:26:25 AM",3.648,77.5,100,1,2022-05-22T09:26:25.000Z
"5/22/2022, 5:31:25 AM",3.648,77.9,100,1,2022-05-22T09:31:25.000Z
"5/22/2022, 5:36:25 AM",3.648,78.1,100,1,2022-05-22T09:36:25.000Z
"5/22/2022, 5:41:25 AM",3.647,78.1,100,1,2022-05-22T09:41:25.000Z
"5/22/2022, 5:46:25 AM",3.647,78.1,100,1,2022-05-22T09:46:25.000Z
"5/22/2022, 5:51:25 AM",3.648,77.9,100,1,2022-05-22T09:51:25.000Z
"5/22/2022, 5:56:25 AM",3.648,78.1,100,1,2022-05-22T09:56:25.000Z
"5/22/2022, 6:01:25 AM",3.647,77.9,100,1,2022-05-22T10:01:25.000Z
"5/22/2022, 6:06:25 AM",3.647,77.7,100,1,2022-05-22T10:06:25.000Z
"5/22/2022, 6:11:25 AM",3.648,77.7,100,1,2022-05-22T10:11:25.000Z
"5/22/2022, 6:16:25 AM",3.648,77.7,100,1,2022-05-22T10:16:25.000Z
"5/22/2022, 6:21:25 AM",3.648,77.9,100,1,2022-05-22T10:21:25.000Z
"5/22/2022, 6:26:25 AM",3.648,77.7,100,1,2022-05-22T10:26:25.000Z
"5/22/2022, 6:31:25 AM",3.648,77.9,100,1,2022-05-22T10:31:25.000Z
"5/22/2022, 6:36:25 AM",3.647,77.5,100,1,2022-05-22T10:36:25.000Z
"5/22/2022, 6:41:25 AM",3.647,77.7,100,1,2022-05-22T10:41:25.000Z
"5/22/2022, 6:46:25 AM",3.648,78.1,100,1,2022-05-22T10:46:25.000Z
"5/22/2022, 6:51:25 AM",3.648,78.1,100,1,2022-05-22T10:51:25.000Z
"5/22/2022, 6:56:25 AM",3.648,78.1,100,1,2022-05-22T10:56:25.000Z
"5/22/2022, 7:01:25 AM",3.648,78.1,100,1,2022-05-22T11:01:25.000Z
"5/22/2022, 7:06:25 AM",3.647,78.1,100,1,2022-05-22T11:06:25.000Z
"5/22/2022, 7:11:25 AM",3.648,78.3,100,1,2022-05-22T11:11:25.000Z
"5/22/2022, 7:16:25 AM",3.647,78.4,100,1,2022-05-22T11:16:25.000Z
"5/22/2022, 7:21:25 AM",3.647,78.3,100,1,2022-05-22T11:21:25.000Z
"5/22/2022, 7:26:25 AM",3.647,78.1,100,1,2022-05-22T11:26:25.000Z
"5/22/2022, 7:31:25 AM",3.648,78.1,100,1,2022-05-22T11:31:25.000Z
"5/22/2022, 7:36:25 AM",3.648,78.1,100,1,2022-05-22T11:36:25.000Z
"5/22/2022, 7:41:25 AM",3.648,78.1,100,1,2022-05-22T11:41:25.000Z
"5/22/2022, 7:46:25 AM",3.647,77.9,100,1,2022-05-22T11:46:25.000Z
"5/22/2022, 7:51:25 AM",3.647,77.9,100,1,2022-05-22T11:51:25.000Z
"5/22/2022, 7:56:25 AM",3.648,78.1,100,1,2022-05-22T11:56:25.000Z
"5/22/2022, 8:01:25 AM",3.647,78.1,100,1,2022-05-22T12:01:25.000Z
"5/22/2022, 8:06:25 AM",3.648,78.1,100,1,2022-05-22T12:06:25.000Z
"5/22/2022, 8:11:25 AM",3.647,78.1,100,1,2022-05-22T12:11:25.000Z
"5/22/2022, 8:16:25 AM",3.647,78.1,100,1,2022-05-22T12:16:25.000Z
"5/22/2022, 8:21:25 AM",3.647,78.1,100,1,2022-05-22T12:21:25.000Z
"5/22/2022, 8:26:25 AM",3.647,77.9,100,1,2022-05-22T12:26:25.000Z
"5/22/2022, 8:31:25 AM",3.648,77.5,100,1,2022-05-22T12:31:25.000Z
"5/22/2022, 8:36:25 AM",3.648,77.4,100,1,2022-05-22T12:36:25.000Z
"5/22/2022, 8:41:25 AM",3.648,76.8,100,1,2022-05-22T12:41:25.000Z
"5/22/2022, 8:46:25 AM",3.648,77,100,1,2022-05-22T12:46:25.000Z
"5/22/2022, 8:51:25 AM",3.648,77.2,100,1,2022-05-22T12:51:25.000Z
"5/22/2022, 8:56:25 AM",3.648,77,100,1,2022-05-22T12:56:25.000Z
"5/22/2022, 9:01:25 AM",3.648,76.6,100,1,2022-05-22T13:01:25.000Z
"5/22/2022, 9:06:25 AM",3.648,76.6,100,1,2022-05-22T13:06:25.000Z
"5/22/2022, 9:11:25 AM",3.649,76.3,100,1,2022-05-22T13:11:25.000Z
"5/22/2022, 9:16:25 AM",3.648,76.5,100,1,2022-05-22T13:16:25.000Z
"5/22/2022, 9:21:25 AM",3.648,76.5,100,1,2022-05-22T13:21:25.000Z
"5/22/2022, 9:26:25 AM",3.649,76.5,100,1,2022-05-22T13:26:25.000Z
"5/22/2022, 9:31:25 AM",3.649,76.3,100,1,2022-05-22T13:31:25.000Z
"5/22/2022, 9:36:25 AM",3.649,76.5,100,1,2022-05-22T13:36:25.000Z
"5/22/2022, 9:41:25 AM",3.648,76.6,100,1,2022-05-22T13:41:25.000Z
"5/22/2022, 9:46:25 AM",3.648,76.5,100,1,2022-05-22T13:46:25.000Z
"5/22/2022, 9:51:25 AM",3.649,76.3,100,1,2022-05-22T13:51:25.000Z
"5/22/2022, 9:56:25 AM",3.648,76.3,100,1,2022-05-22T13:56:25.000Z
"5/22/2022, 10:01:25 AM",3.648,76.3,100,0,2022-05-22T14:01:25.000Z
"5/22/2022, 10:06:25 AM",3.648,76.5,100,1,2022-05-22T14:06:25.000Z
"5/22/2022, 10:11:25 AM",3.648,76.3,100,1,2022-05-22T14:11:25.000Z
"5/22/2022, 10:16:25 AM",3.648,76.3,100,1,2022-05-22T14:16:25.000Z
"5/22/2022, 10:21:25 AM",3.649,76.3,100,0,2022-05-22T14:21:25.000Z
"5/22/2022, 10:26:25 AM",3.649,76.3,100,0,2022-05-22T14:26:25.000Z
"5/22/2022, 10:31:25 AM",3.648,76.6,100,1,2022-05-22T14:31:25.000Z
"5/22/2022, 10:36:25 AM",3.648,76.6,100,0,2022-05-22T14:36:25.000Z
"5/22/2022, 10:41:25 AM",3.648,76.6,100,0,2022-05-22T14:41:25.000Z
"5/22/2022, 10:46:25 AM",3.648,76.8,100,0,2022-05-22T14:46:25.000Z
"5/22/2022, 10:51:25 AM",3.648,77,100,0,2022-05-22T14:51:25.000Z
"5/22/2022, 10:56:25 AM",3.648,77.5,100,0,2022-05-22T14:56:25.000Z
"5/22/2022, 11:01:25 AM",3.647,77.7,100,0,2022-05-22T15:01:25.000Z
"5/22/2022, 11:06:25 AM",3.647,78.1,100,0,2022-05-22T15:06:25.000Z
"5/22/2022, 11:11:25 AM",3.648,78.1,100,0,2022-05-22T15:11:25.000Z
"5/22/2022, 11:16:25 AM",3.647,78.1,100,0,2022-05-22T15:16:25.000Z
"5/22/2022, 11:21:25 AM",3.647,78.8,100,0,2022-05-22T15:21:25.000Z
"5/22/2022, 11:26:25 AM",3.647,79.2,100,0,2022-05-22T15:26:25.000Z
"5/22/2022, 11:31:25 AM",3.646,79.3,100,0,2022-05-22T15:31:25.000Z
"5/22/2022, 11:36:25 AM",3.646,79.5,100,0,2022-05-22T15:36:25.000Z
"5/22/2022, 11:41:25 AM",3.647,79.9,100,0,2022-05-22T15:41:25.000Z
"5/22/2022, 11:46:25 AM",3.646,79.7,100,0,2022-05-22T15:46:25.000Z
"5/22/2022, 11:51:25 AM",3.646,79.3,100,0,2022-05-22T15:51:25.000Z
"5/22/2022, 11:56:25 AM",3.647,79.5,100,0,2022-05-22T15:56:25.000Z
"5/22/2022, 12:01:25 PM",3.647,79.2,100,0,2022-05-22T16:01:25.000Z
"5/22/2022, 12:06:25 PM",3.646,79.2,100,0,2022-05-22T16:06:25.000Z
"5/22/2022, 12:11:25 PM",3.647,79.3,100,0,2022-05-22T16:11:25.000Z
"5/22/2022, 12:16:25 PM",3.646,79.2,100,0,2022-05-22T16:16:25.000Z
"5/22/2022, 12:21:25 PM",3.647,79.2,100,0,2022-05-22T16:21:25.000Z
"5/22/2022, 12:26:25 PM",3.647,79.2,100,0,2022-05-22T16:26:25.000Z
"5/22/2022, 12:31:25 PM",3.647,79.2,100,0,2022-05-22T16:31:25.000Z
"5/22/2022, 12:36:25 PM",3.646,78.8,100,0,2022-05-22T16:36:25.000Z
"5/22/2022, 12:41:25 PM",3.646,79,100,0,2022-05-22T16:41:25.000Z
"5/22/2022, 12:46:25 PM",3.647,79.7,100,0,2022-05-22T16:46:25.000Z
"5/22/2022, 12:51:25 PM",3.646,79.7,100,0,2022-05-22T16:51:25.000Z
"5/22/2022, 12:56:25 PM",3.646,80.1,100,0,2022-05-22T16:56:25.000Z
"5/22/2022, 1:01:25 PM",3.646,80.1,100,0,2022-05-22T17:01:25.000Z
"5/22/2022, 1:06:25 PM",3.646,79.7,100,0,2022-05-22T17:06:25.000Z
"5/22/2022, 1:11:25 PM",3.647,79.7,100,1,2022-05-22T17:11:25.000Z
"5/22/2022, 1:16:25 PM",3.646,80.1,100,0,2022-05-22T17:16:25.000Z
"5/22/2022, 1:21:25 PM",3.646,79.7,100,0,2022-05-22T17:21:25.000Z
"5/22/2022, 1:26:25 PM",3.646,80.1,100,0,2022-05-22T17:26:25.000Z
"5/22/2022, 1:31:25 PM",3.646,80.2,100,0,2022-05-22T17:31:25.000Z
"5/22/2022, 1:36:25 PM",3.646,80.4,100,0,2022-05-22T17:36:25.000Z
"5/22/2022, 1:41:25 PM",3.646,80.4,100,0,2022-05-22T17:41:25.000Z
"5/22/2022, 1:46:25 PM",3.646,80.8,100,0,2022-05-22T17:46:25.000Z
"5/22/2022, 1:51:25 PM",3.645,81.3,100,0,2022-05-22T17:51:25.000Z
"5/22/2022, 1:56:25 PM",3.645,82,100,0,2022-05-22T17:56:25.000Z
"5/22/2022, 2:01:25 PM",3.645,82.2,100,0,2022-05-22T18:01:25.000Z
"5/22/2022, 2:06:25 PM",3.645,82.4,100,0,2022-05-22T18:06:25.000Z
"5/22/2022, 2:11:25 PM",3.645,82.6,100,0,2022-05-22T18:11:25.000Z
"5/22/2022, 2:16:25 PM",3.645,82.8,100,0,2022-05-22T18:16:25.000Z
"5/22/2022, 2:21:25 PM",3.645,82.8,100,0,2022-05-22T18:21:25.000Z
"5/22/2022, 2:26:25 PM",3.645,82.9,100,0,2022-05-22T18:26:25.000Z
"5/22/2022, 2:31:25 PM",3.645,82.9,100,0,2022-05-22T18:31:25.000Z
"5/22/2022, 2:36:25 PM",3.644,83.1,100,0,2022-05-22T18:36:25.000Z
"5/22/2022, 2:41:25 PM",3.645,83.5,100,0,2022-05-22T18:41:25.000Z
"5/22/2022, 2:46:25 PM",3.644,83.8,100,0,2022-05-22T18:46:25.000Z
"5/22/2022, 2:51:25 PM",3.644,83.8,100,0,2022-05-22T18:51:25.000Z
"5/22/2022, 2:56:25 PM",3.644,84.2,100,0,2022-05-22T18:56:25.000Z
"5/22/2022, 3:01:25 PM",3.644,84.2,100,0,2022-05-22T19:01:25.000Z
"5/22/2022, 3:06:25 PM",3.644,84.2,100,0,2022-05-22T19:06:25.000Z
"5/22/2022, 3:11:25 PM",3.644,84,100,0,2022-05-22T19:11:25.000Z
"5/22/2022, 3:16:25 PM",3.644,84,100,0,2022-05-22T19:16:25.000Z
"5/22/2022, 3:21:25 PM",3.644,83.8,100,0,2022-05-22T19:21:25.000Z
"5/22/2022, 3:26:25 PM",3.644,84,100,0,2022-05-22T19:26:25.000Z
"5/22/2022, 3:31:25 PM",3.644,84,100,0,2022-05-22T19:31:25.000Z
"5/22/2022, 3:36:25 PM",3.644,84,100,0,2022-05-22T19:36:25.000Z
"5/22/2022, 3:41:25 PM",3.644,83.7,100,0,2022-05-22T19:41:25.000Z
"5/22/2022, 3:46:25 PM",3.644,83.5,100,0,2022-05-22T19:46:25.000Z
"5/22/2022, 3:51:25 PM",3.645,83.7,100,0,2022-05-22T19:51:25.000Z
"5/22/2022, 3:56:25 PM",3.645,83.7,100,0,2022-05-22T19:56:25.000Z
"5/22/2022, 4:01:25 PM",3.645,84,100,0,2022-05-22T20:01:25.000Z
"5/22/2022, 4:06:25 PM",3.645,84.2,100,0,2022-05-22T20:06:25.000Z
"5/22/2022, 4:11:25 PM",3.645,84.2,100,0,2022-05-22T20:11:25.000Z
"5/22/2022, 4:16:25 PM",3.645,84.6,100,0,2022-05-22T20:16:25.000Z
"5/22/2022, 4:21:25 PM",3.645,84.6,100,0,2022-05-22T20:21:25.000Z
"5/22/2022, 4:26:25 PM",3.644,84.6,100,0,2022-05-22T20:26:25.000Z
"5/22/2022, 4:31:25 PM",3.644,84.6,100,0,2022-05-22T20:31:25.000Z
"5/22/2022, 4:36:25 PM",3.644,84.4,100,0,2022-05-22T20:36:25.000Z
"5/22/2022, 4:41:25 PM",3.644,84.2,100,0,2022-05-22T20:41:25.000Z
"5/22/2022, 4:46:25 PM",3.644,84,100,0,2022-05-22T20:46:25.000Z
"5/22/2022, 4:51:25 PM",3.644,83.8,100,0,2022-05-22T20:51:25.000Z
"5/22/2022, 4:56:25 PM",3.644,84,100,0,2022-05-22T20:56:25.000Z
"5/22/2022, 5:01:25 PM",3.645,84.2,100,0,2022-05-22T21:01:25.000Z
"5/22/2022, 5:06:25 PM",3.644,84.6,100,0,2022-05-22T21:06:25.000Z
"5/22/2022, 5:11:25 PM",3.644,86,100,0,2022-05-22T21:11:25.000Z
"5/22/2022, 5:16:25 PM",3.643,86.4,100,0,2022-05-22T21:16:25.000Z
"5/22/2022, 5:21:25 PM",3.643,86,100,0,2022-05-22T21:21:25.000Z
"5/22/2022, 5:26:25 PM",3.644,86,100,0,2022-05-22T21:26:25.000Z
"5/22/2022, 5:31:25 PM",3.644,86,100,0,2022-05-22T21:31:25.000Z
"5/22/2022, 5:36:25 PM",3.644,86,100,0,2022-05-22T21:36:25.000Z
"5/22/2022, 5:41:25 PM",3.644,85.6,100,0,2022-05-22T21:41:25.000Z
"5/22/2022, 5:46:25 PM",3.644,85.3,100,0,2022-05-22T21:46:25.000Z
"5/22/2022, 5:51:25 PM",3.643,86.2,100,0,2022-05-22T21:51:25.000Z
"5/22/2022, 5:56:25 PM",3.643,86.2,100,0,2022-05-22T21:56:25.000Z
"5/22/2022, 6:01:25 PM",3.643,85.8,100,0,2022-05-22T22:01:25.000Z
"5/22/2022, 6:06:25 PM",3.644,85.3,100,0,2022-05-22T22:06:25.000Z
"5/22/2022, 6:11:25 PM",3.644,84.9,100,0,2022-05-22T22:11:25.000Z
"5/22/2022, 6:16:25 PM",3.644,85.1,100,0,2022-05-22T22:16:25.000Z
"5/22/2022, 6:21:25 PM",3.644,85.1,100,0,2022-05-22T22:21:25.000Z
"5/22/2022, 6:26:25 PM",3.644,84.9,100,0,2022-05-22T22:26:25.000Z
"5/22/2022, 6:31:25 PM",3.644,84.7,100,0,2022-05-22T22:31:25.000Z
"5/22/2022, 6:36:25 PM",3.644,84,100,0,2022-05-22T22:36:25.000Z
"5/22/2022, 6:41:25 PM",3.645,83.5,100,1,2022-05-22T22:41:25.000Z
"5/22/2022, 6:46:25 PM",3.645,82.8,100,1,2022-05-22T22:46:25.000Z
"5/22/2022, 6:51:25 PM",3.646,82,100,1,2022-05-22T22:51:25.000Z
"5/22/2022, 6:56:25 PM",3.646,81.7,100,1,2022-05-22T22:56:25.000Z
"5/22/2022, 7:01:25 PM",3.646,81.3,100,1,2022-05-22T23:01:25.000Z
"5/22/2022, 7:06:25 PM",3.646,81.1,100,1,2022-05-22T23:06:25.000Z
"5/22/2022, 7:11:25 PM",3.647,80.8,100,1,2022-05-22T23:11:25.000Z
"5/22/2022, 7:16:25 PM",3.647,80.4,100,1,2022-05-22T23:16:25.000Z
"5/22/2022, 7:21:25 PM",3.647,79.9,100,1,2022-05-22T23:21:25.000Z
"5/22/2022, 7:26:25 PM",3.647,79.7,100,1,2022-05-22T23:26:25.000Z
"5/22/2022, 7:31:25 PM",3.648,79.3,100,1,2022-05-22T23:31:25.000Z
"5/22/2022, 7:36:25 PM",3.647,78.8,100,1,2022-05-22T23:36:25.000Z
"5/22/2022, 7:41:25 PM",3.648,78.4,100,1,2022-05-22T23:41:25.000Z
"5/22/2022, 7:46:25 PM",3.648,78.3,100,1,2022-05-22T23:46:25.000Z
"5/22/2022, 7:51:25 PM",3.648,78.1,100,1,2022-05-22T23:51:25.000Z
"5/22/2022, 7:56:25 PM",3.648,78.1,100,1,2022-05-22T23:56:25.000Z
"5/22/2022, 8:01:25 PM",3.648,78.1,100,1,2022-05-23T00:01:25.000Z
"5/22/2022, 8:06:25 PM",3.648,78.1,100,1,2022-05-23T00:06:25.000Z
"5/22/2022, 8:11:25 PM",3.648,78.1,100,1,2022-05-23T00:11:25.000Z
"5/22/2022, 8:16:25 PM",3.648,77.7,100,1,2022-05-23T00:16:25.000Z
"5/22/2022, 8:21:25 PM",3.648,77.5,100,1,2022-05-23T00:21:25.000Z
"5/22/2022, 8:26:25 PM",3.648,77.4,100,1,2022-05-23T00:26:25.000Z
"5/22/2022, 8:31:25 PM",3.648,77.2,100,1,2022-05-23T00:31:25.000Z
"5/22/2022, 8:36:25 PM",3.649,76.8,100,1,2022-05-23T00:36:25.000Z
"5/22/2022, 8:41:25 PM",3.649,76.8,100,1,2022-05-23T00:41:25.000Z
"5/22/2022, 8:46:25 PM",3.649,76.6,100,1,2022-05-23T00:46:25.000Z
"5/22/2022, 8:51:25 PM",3.648,76.5,100,1,2022-05-23T00:51:25.000Z
"5/22/2022, 8:56:25 PM",3.649,76.1,100,1,2022-05-23T00:56:25.000Z
"5/22/2022, 9:01:25 PM",3.649,76.1,100,1,2022-05-23T01:01:25.000Z
"5/22/2022, 9:06:25 PM",3.649,75.7,100,1,2022-05-23T01:06:25.000Z
"5/22/2022, 9:11:25 PM",3.649,75.7,100,1,2022-05-23T01:11:25.000Z
"5/22/2022, 9:16:25 PM",3.649,75.6,100,1,2022-05-23T01:16:25.000Z
"5/22/2022, 9:21:25 PM",3.649,75.4,100,1,2022-05-23T01:21:25.000Z
"5/22/2022, 9:26:25 PM",3.649,74.5,100,1,2022-05-23T01:26:25.000Z
"5/22/2022, 9:31:25 PM",3.649,74.7,100,1,2022-05-23T01:31:25.000Z
"5/22/2022, 9:36:25 PM",3.649,75,100,1,2022-05-23T01:36:25.000Z
"5/22/2022, 9:41:25 PM",3.649,74.7,100,1,2022-05-23T01:41:25.000Z
"5/22/2022, 9:46:25 PM",3.649,74.5,100,1,2022-05-23T01:46:25.000Z
"5/22/2022, 9:51:25 PM",3.649,74.5,100,1,2022-05-23T01:51:25.000Z
"5/22/2022, 9:56:25 PM",3.65,74.1,100,1,2022-05-23T01:56:25.000Z
"5/22/2022, 10:01:25 PM",3.65,74.3,100,1,2022-05-23T02:01:25.000Z
"5/22/2022, 10:06:25 PM",3.649,74.3,100,1,2022-05-23T02:06:25.000Z
"5/22/2022, 10:11:25 PM",3.649,73.9,100,1,2022-05-23T02:11:25.000Z
"5/22/2022, 10:16:25 PM",3.649,73.8,100,1,2022-05-23T02:16:25.000Z
"5/22/2022, 10:21:25 PM",3.65,73.4,100,1,2022-05-23T02:21:25.000Z
"5/22/2022, 10:26:25 PM",3.65,73.4,100,1,2022-05-23T02:26:25.000Z
"5/22/2022, 10:31:25 PM",3.65,73.2,100,1,2022-05-23T02:31:25.000Z
"5/22/2022, 10:36:25 PM",3.649,73.2,100,1,2022-05-23T02:36:25.000Z
"5/22/2022, 10:41:25 PM",3.65,73,100,1,2022-05-23T02:41:25.000Z
"5/22/2022, 10:46:25 PM",3.649,73.4,100,1,2022-05-23T02:46:25.000Z
"5/22/2022, 10:51:25 PM",3.65,73.4,100,1,2022-05-23T02:51:25.000Z
"5/22/2022, 10:56:25 PM",3.65,73,100,1,2022-05-23T02:56:25.000Z
"5/22/2022, 11:01:25 PM",3.65,73,100,1,2022-05-23T03:01:25.000Z
"5/22/2022, 11:06:25 PM",3.65,73,100,1,2022-05-23T03:06:25.000Z
"5/22/2022, 11:11:25 PM",3.65,72.7,100,1,2022-05-23T03:11:25.000Z
"5/22/2022, 11:16:25 PM",3.65,72.5,100,1,2022-05-23T03:16:25.000Z
"5/22/2022, 11:21:25 PM",3.65,72.3,100,1,2022-05-23T03:21:25.000Z
"5/22/2022, 11:26:25 PM",3.65,72,100,1,2022-05-23T03:26:25.000Z
"5/22/2022, 11:31:25 PM",3.65,72,100,1,2022-05-23T03:31:25.000Z
"5/22/2022, 11:36:25 PM",3.65,71.6,100,1,2022-05-23T03:36:25.000Z
"5/22/2022, 11:41:25 PM",3.65,71.6,100,1,2022-05-23T03:41:25.000Z
"5/22/2022, 11:46:25 PM",3.65,71.8,100,1,2022-05-23T03:46:25.000Z
"5/22/2022, 11:51:25 PM",3.65,71.4,100,1,2022-05-23T03:51:25.000Z
"5/22/2022, 11:56:25 PM",3.65,71.6,100,1,2022-05-23T03:56:25.000Z
"5/23/2022, 12:01:25 AM",3.65,71.6,100,1,2022-05-23T04:01:25.000Z
"5/23/2022, 12:06:25 AM",3.651,71.2,100,1,2022-05-23T04:06:25.000Z
"5/23/2022, 12:11:25 AM",3.65,71.1,100,1,2022-05-23T04:11:25.000Z
"5/23/2022, 12:16:25 AM",3.65,70.9,100,1,2022-05-23T04:16:25.000Z
"5/23/2022, 12:21:25 AM",3.651,70.5,100,1,2022-05-23T04:21:25.000Z
"5/23/2022, 12:26:25 AM",3.651,70.5,100,1,2022-05-23T04:26:25.000Z
"5/23/2022, 12:31:25 AM",3.651,70.5,100,1,2022-05-23T04:31:25.000Z
"5/23/2022, 12:36:25 AM",3.65,70.2,100,1,2022-05-23T04:36:25.000Z
"5/23/2022, 12:41:25 AM",3.65,70,100,1,2022-05-23T04:41:25.000Z
"5/23/2022, 12:46:25 AM",3.651,69.8,100,1,2022-05-23T04:46:25.000Z
"5/23/2022, 12:51:25 AM",3.65,69.6,100,1,2022-05-23T04:51:25.000Z
"5/23/2022, 12:56:25 AM",3.651,69.4,100,1,2022-05-23T04:56:25.000Z
"5/23/2022, 1:01:25 AM",3.651,69.4,100,1,2022-05-23T05:01:25.000Z
"5/23/2022, 1:06:25 AM",3.651,69.6,100,1,2022-05-23T05:06:25.000Z
"5/23/2022, 1:11:25 AM",3.651,69.3,100,1,2022-05-23T05:11:25.000Z
"5/23/2022, 1:16:25 AM",3.651,69.4,100,1,2022-05-23T05:16:25.000Z
"5/23/2022, 1:21:25 AM",3.651,69.6,100,1,2022-05-23T05:21:25.000Z
"5/23/2022, 1:26:25 AM",3.65,69.4,100,1,2022-05-23T05:26:25.000Z
"5/23/2022, 1:31:25 AM",3.651,69.4,100,1,2022-05-23T05:31:25.000Z
"5/23/2022, 1:36:25 AM",3.65,69.8,100,1,2022-05-23T05:36:25.000Z
"5/23/2022, 1:41:25 AM",3.65,69.6,100,1,2022-05-23T05:41:25.000Z
"5/23/2022, 1:46:25 AM",3.65,69.8,100,1,2022-05-23T05:46:25.000Z
"5/23/2022, 1:51:25 AM",3.65,69.6,100,1,2022-05-23T05:51:25.000Z
"5/23/2022, 1:56:25 AM",3.65,69.8,100,1,2022-05-23T05:56:25.000Z
"5/23/2022, 2:01:25 AM",3.65,69.6,100,1,2022-05-23T06:01:25.000Z
"5/23/2022, 2:06:25 AM",3.65,69.6,100,1,2022-05-23T06:06:25.000Z
"5/23/2022, 2:11:25 AM",3.65,69.8,100,1,2022-05-23T06:11:25.000Z
"5/23/2022, 2:16:25 AM",3.65,69.8,100,1,2022-05-23T06:16:25.000Z
"5/23/2022, 2:21:25 AM",3.65,69.4,100,1,2022-05-23T06:21:25.000Z
"5/23/2022, 2:26:25 AM",3.65,69.4,100,1,2022-05-23T06:26:25.000Z
"5/23/2022, 2:31:25 AM",3.65,69.4,100,1,2022-05-23T06:31:25.000Z
"5/23/2022, 2:36:25 AM",3.65,69.4,100,1,2022-05-23T06:36:25.000Z
"5/23/2022, 2:41:25 AM",3.65,69.3,100,1,2022-05-23T06:41:25.000Z
"5/23/2022, 2:46:25 AM",3.65,68.9,100,1,2022-05-23T06:46:25.000Z
"5/23/2022, 2:51:25 AM",3.65,68.5,100,1,2022-05-23T06:51:25.000Z
"5/23/2022, 2:56:25 AM",3.65,68.4,100,1,2022-05-23T06:56:25.000Z
"5/23/2022, 3:01:25 AM",3.65,68.5,100,1,2022-05-23T07:01:25.000Z
"5/23/2022, 3:06:25 AM",3.65,68.4,100,1,2022-05-23T07:06:25.000Z
"5/23/2022, 3:11:25 AM",3.65,68.2,100,1,2022-05-23T07:11:25.000Z
"5/23/2022, 3:16:25 AM",3.651,68.2,100,1,2022-05-23T07:16:25.000Z
"5/23/2022, 3:21:25 AM",3.65,67.8,100,1,2022-05-23T07:21:25.000Z
"5/23/2022, 3:26:25 AM",3.651,67.8,100,1,2022-05-23T07:26:25.000Z
"5/23/2022, 3:31:25 AM",3.651,67.6,100,1,2022-05-23T07:31:25.000Z
"5/23/2022, 3:36:25 AM",3.65,67.5,100,1,2022-05-23T07:36:25.000Z
"5/23/2022, 3:41:25 AM",3.651,67.1,100,1,2022-05-23T07:41:25.000Z
"5/23/2022, 3:46:25 AM",3.651,66.9,100,1,2022-05-23T07:46:25.000Z
"5/23/2022, 3:51:25 AM",3.651,66.9,100,1,2022-05-23T07:51:25.000Z
"5/23/2022, 3:56:25 AM",3.651,67.1,100,1,2022-05-23T07:56:25.000Z
"5/23/2022, 4:01:25 AM",3.651,66.9,100,1,2022-05-23T08:01:25.000Z
"5/23/2022, 4:06:25 AM",3.651,66.7,100,1,2022-05-23T08:06:25.000Z
"5/23/2022, 4:11:25 AM",3.651,66.4,100,1,2022-05-23T08:11:25.000Z
"5/23/2022, 4:16:25 AM",3.651,66.2,100,1,2022-05-23T08:16:25.000Z
"5/23/2022, 4:21:25 AM",3.651,66.2,100,1,2022-05-23T08:21:25.000Z
"5/23/2022, 4:26:25 AM",3.651,66,100,1,2022-05-23T08:26:25.000Z
"5/23/2022, 4:31:25 AM",3.651,66.4,100,1,2022-05-23T08:31:25.000Z
"5/23/2022, 4:36:25 AM",3.651,66,100,1,2022-05-23T08:36:25.000Z
"5/23/2022, 4:41:25 AM",3.651,65.7,100,1,2022-05-23T08:41:25.000Z
"5/23/2022, 4:46:25 AM",3.651,65.7,100,1,2022-05-23T08:46:25.000Z
"5/23/2022, 4:51:25 AM",3.651,66.2,100,1,2022-05-23T08:51:25.000Z
"5/23/2022, 4:56:25 AM",3.651,66,100,1,2022-05-23T08:56:25.000Z
"5/23/2022, 5:01:25 AM",3.651,66.2,100,1,2022-05-23T09:01:25.000Z
"5/23/2022, 5:06:25 AM",3.651,66.2,100,1,2022-05-23T09:06:25.000Z
"5/23/2022, 5:11:25 AM",3.651,66,100,1,2022-05-23T09:11:25.000Z
"5/23/2022, 5:16:25 AM",3.651,66.4,100,1,2022-05-23T09:16:25.000Z
"5/23/2022, 5:21:25 AM",3.651,66.6,100,1,2022-05-23T09:21:25.000Z
"5/23/2022, 5:26:25 AM",3.65,66.6,100,1,2022-05-23T09:26:25.000Z
"5/23/2022, 5:31:25 AM",3.651,66.4,100,1,2022-05-23T09:31:25.000Z
"5/23/2022, 5:36:25 AM",3.65,66.2,100,1,2022-05-23T09:36:25.000Z
"5/23/2022, 5:41:25 AM",3.651,66.2,100,1,2022-05-23T09:41:25.000Z
"5/23/2022, 5:46:25 AM",3.651,66.2,100,1,2022-05-23T09:46:25.000Z
"5/23/2022, 5:51:25 AM",3.651,66.2,100,1,2022-05-23T09:51:25.000Z
"5/23/2022, 5:56:25 AM",3.65,66,100,1,2022-05-23T09:56:25.000Z
"5/23/2022, 6:01:25 AM",3.65,66.2,100,1,2022-05-23T10:01:25.000Z
"5/23/2022, 6:06:25 AM",3.651,66.2,100,1,2022-05-23T10:06:25.000Z
"5/23/2022, 6:11:25 AM",3.65,66.2,100,1,2022-05-23T10:11:25.000Z
"5/23/2022, 6:16:25 AM",3.651,66.4,100,1,2022-05-23T10:16:25.000Z
"5/23/2022, 6:21:25 AM",3.651,66,100,1,2022-05-23T10:21:25.000Z
"5/23/2022, 6:26:25 AM",3.65,65.8,100,1,2022-05-23T10:26:25.000Z
"5/23/2022, 6:31:25 AM",3.65,66.2,100,1,2022-05-23T10:31:25.000Z
"5/23/2022, 6:36:25 AM",3.65,66.2,100,1,2022-05-23T10:36:25.000Z
"5/23/2022, 6:41:25 AM",3.65,66.2,100,1,2022-05-23T10:41:25.000Z
"5/23/2022, 6:46:25 AM",3.65,66.2,100,1,2022-05-23T10:46:25.000Z
"5/23/2022, 6:51:25 AM",3.65,66.2,100,1,2022-05-23T10:51:25.000Z
"5/23/2022, 6:56:25 AM",3.65,65.8,100,1,2022-05-23T10:56:25.000Z
"5/23/2022, 7:01:25 AM",3.65,66.2,100,1,2022-05-23T11:01:25.000Z
"5/23/2022, 7:06:25 AM",3.65,66.2,100,1,2022-05-23T11:06:25.000Z
"5/23/2022, 7:11:25 AM",3.65,66.2,100,1,2022-05-23T11:11:25.000Z
"5/23/2022, 7:16:25 AM",3.65,66.2,100,1,2022-05-23T11:16:25.000Z
"5/23/2022, 7:21:25 AM",3.65,66.2,100,1,2022-05-23T11:21:25.000Z
"5/23/2022, 7:26:25 AM",3.65,66.2,100,1,2022-05-23T11:26:25.000Z
"5/23/2022, 7:31:25 AM",3.65,66.7,100,1,2022-05-23T11:31:25.000Z
"5/23/2022, 7:36:25 AM",3.65,66.4,100,1,2022-05-23T11:36:25.000Z
"5/23/2022, 7:41:25 AM",3.65,66.6,100,1,2022-05-23T11:41:25.000Z
"5/23/2022, 7:46:25 AM",3.65,66.6,100,1,2022-05-23T11:46:25.000Z
"5/23/2022, 7:51:25 AM",3.65,66.7,100,1,2022-05-23T11:51:25.000Z
"5/23/2022, 7:56:25 AM",3.65,66.9,100,1,2022-05-23T11:56:25.000Z
"5/23/2022, 8:01:25 AM",3.65,66.9,100,1,2022-05-23T12:01:25.000Z
"5/23/2022, 8:06:25 AM",3.649,66.9,100,1,2022-05-23T12:06:25.000Z
"5/23/2022, 8:11:25 AM",3.65,66.9,100,1,2022-05-23T12:11:25.000Z
"5/23/2022, 8:16:25 AM",3.65,67.3,100,1,2022-05-23T12:16:25.000Z
"5/23/2022, 8:21:25 AM",3.649,67.5,100,1,2022-05-23T12:21:25.000Z
"5/23/2022, 8:26:25 AM",3.65,67.3,100,1,2022-05-23T12:26:25.000Z
"5/23/2022, 8:31:25 AM",3.65,67.5,100,1,2022-05-23T12:31:25.000Z
"5/23/2022, 8:36:25 AM",3.65,67.6,100,1,2022-05-23T12:36:25.000Z
"5/23/2022, 8:41:25 AM",3.649,67.8,100,1,2022-05-23T12:41:25.000Z
"5/23/2022, 8:46:25 AM",3.649,68.2,100,1,2022-05-23T12:46:25.000Z
"5/23/2022, 8:51:25 AM",3.649,68.2,100,1,2022-05-23T12:51:25.000Z
"5/23/2022, 8:56:25 AM",3.65,68.2,100,1,2022-05-23T12:56:25.000Z
"5/23/2022, 9:01:25 AM",3.649,68.2,100,1,2022-05-23T13:01:25.000Z
"5/23/2022, 9:06:25 AM",3.649,68.2,100,0,2022-05-23T13:06:25.000Z
"5/23/2022, 9:11:25 AM",3.649,68.4,100,0,2022-05-23T13:11:25.000Z
"5/23/2022, 9:16:25 AM",3.649,68.4,100,0,2022-05-23T13:16:25.000Z
"5/23/2022, 9:21:25 AM",3.649,68.5,100,0,2022-05-23T13:21:25.000Z
"5/23/2022, 9:26:25 AM",3.649,68.9,100,1,2022-05-23T13:26:25.000Z
"5/23/2022, 9:31:25 AM",3.649,69.3,100,1,2022-05-23T13:31:25.000Z
"5/23/2022, 9:36:25 AM",3.649,69.8,100,1,2022-05-23T13:36:25.000Z
"5/23/2022, 9:41:25 AM",3.648,70.2,100,1,2022-05-23T13:41:25.000Z
"5/23/2022, 9:46:25 AM",3.648,70.2,100,1,2022-05-23T13:46:25.000Z
"5/23/2022, 9:51:25 AM",3.648,70.5,100,1,2022-05-23T13:51:25.000Z
"5/23/2022, 9:56:25 AM",3.648,70.9,100,1,2022-05-23T13:56:25.000Z
"5/23/2022, 10:01:25 AM",3.648,71.1,100,0,2022-05-23T14:01:25.000Z
"5/23/2022, 10:06:25 AM",3.648,71.4,100,0,2022-05-23T14:06:25.000Z
"5/23/2022, 10:11:25 AM",3.648,71.4,100,1,2022-05-23T14:11:25.000Z
"5/23/2022, 10:16:25 AM",3.647,71.8,100,1,2022-05-23T14:16:25.000Z
"5/23/2022, 10:21:25 AM",3.647,72.5,100,1,2022-05-23T14:21:25.000Z
"5/23/2022, 10:26:25 AM",3.647,72.3,100,0,2022-05-23T14:26:25.000Z
"5/23/2022, 10:31:25 AM",3.647,72.5,100,0,2022-05-23T14:31:25.000Z
"5/23/2022, 10:36:25 AM",3.647,72.5,100,0,2022-05-23T14:36:25.000Z
"5/23/2022, 10:41:25 AM",3.647,72.7,100,0,2022-05-23T14:41:25.000Z
"5/23/2022, 10:46:25 AM",3.647,72.9,100,0,2022-05-23T14:46:25.000Z
"5/23/2022, 10:51:25 AM",3.647,72.9,100,0,2022-05-23T14:51:25.000Z
"5/23/2022, 10:56:25 AM",3.647,73.2,100,0,2022-05-23T14:56:25.000Z
"5/23/2022, 11:01:25 AM",3.647,73.4,100,0,2022-05-23T15:01:25.000Z
"5/23/2022, 11:06:25 AM",3.647,73.8,100,1,2022-05-23T15:06:25.000Z
"5/23/2022, 11:11:25 AM",3.647,73.8,100,0,2022-05-23T15:11:25.000Z
"5/23/2022, 11:16:25 AM",3.647,73.8,100,0,2022-05-23T15:16:25.000Z
"5/23/2022, 11:21:25 AM",3.647,74.1,100,0,2022-05-23T15:21:25.000Z
"5/23/2022, 11:26:25 AM",3.646,74.5,100,0,2022-05-23T15:26:25.000Z
"5/23/2022, 11:31:25 AM",3.646,74.8,100,0,2022-05-23T15:31:25.000Z
"5/23/2022, 11:36:25 AM",3.646,74.7,100,1,2022-05-23T15:36:25.000Z
"5/23/2022, 11:41:25 AM",3.646,74.7,100,1,2022-05-23T15:41:25.000Z
"5/23/2022, 11:46:25 AM",3.646,74.7,100,0,2022-05-23T15:46:25.000Z
"5/23/2022, 11:51:25 AM",3.647,74.8,100,0,2022-05-23T15:51:25.000Z
"5/23/2022, 11:56:25 AM",3.646,74.8,100,0,2022-05-23T15:56:25.000Z
"5/23/2022, 12:01:25 PM",3.646,75,100,0,2022-05-23T16:01:25.000Z
"5/23/2022, 12:06:25 PM",3.646,75.4,100,0,2022-05-23T16:06:25.000Z
"5/23/2022, 12:11:25 PM",3.646,75.6,100,0,2022-05-23T16:11:25.000Z
"5/23/2022, 12:16:25 PM",3.646,75.9,100,0,2022-05-23T16:16:25.000Z
"5/23/2022, 12:21:25 PM",3.646,76.1,100,1,2022-05-23T16:21:25.000Z
"5/23/2022, 12:26:25 PM",3.646,76.5,100,0,2022-05-23T16:26:25.000Z
"5/23/2022, 12:31:25 PM",3.646,76.8,100,0,2022-05-23T16:31:25.000Z
"5/23/2022, 12:36:25 PM",3.645,77.2,100,1,2022-05-23T16:36:25.000Z
"5/23/2022, 12:41:25 PM",3.645,77.5,100,1,2022-05-23T16:41:25.000Z
"5/23/2022, 12:46:25 PM",3.645,77.7,100,0,2022-05-23T16:46:25.000Z
"5/23/2022, 12:51:25 PM",3.646,78.1,100,0,2022-05-23T16:51:25.000Z
"5/23/2022, 12:56:25 PM",3.645,78.1,100,0,2022-05-23T16:56:25.000Z
"5/23/2022, 1:01:25 PM",3.645,78.4,100,0,2022-05-23T17:01:25.000Z
"5/23/2022, 1:06:25 PM",3.645,78.4,100,0,2022-05-23T17:06:25.000Z
"5/23/2022, 1:11:25 PM",3.644,78.8,100,0,2022-05-23T17:11:25.000Z
"5/23/2022, 1:16:25 PM",3.645,79.2,100,0,2022-05-23T17:16:25.000Z
"5/23/2022, 1:21:25 PM",3.644,79.2,100,0,2022-05-23T17:21:25.000Z
"5/23/2022, 1:26:25 PM",3.645,79.7,100,0,2022-05-23T17:26:25.000Z
"5/23/2022, 1:31:25 PM",3.645,80.1,100,0,2022-05-23T17:31:25.000Z
"5/23/2022, 1:36:25 PM",3.644,80.6,100,0,2022-05-23T17:36:25.000Z
"5/23/2022, 1:41:25 PM",3.644,80.8,100,0,2022-05-23T17:41:25.000Z
"5/23/2022, 1:46:25 PM",3.644,81.1,100,0,2022-05-23T17:46:25.000Z
"5/23/2022, 1:51:25 PM",3.644,81.9,100,1,2022-05-23T17:51:25.000Z
"5/23/2022, 1:56:25 PM",3.643,82,100,1,2022-05-23T17:56:25.000Z
"5/23/2022, 2:01:25 PM",3.643,81.7,100,0,2022-05-23T18:01:25.000Z
"5/23/2022, 2:06:25 PM",3.644,81.7,100,0,2022-05-23T18:06:25.000Z
"5/23/2022, 2:11:25 PM",3.643,81.5,100,1,2022-05-23T18:11:25.000Z
"5/23/2022, 2:16:25 PM",3.643,81.9,100,1,2022-05-23T18:16:25.000Z
"5/23/2022, 2:21:25 PM",3.643,81.9,100,1,2022-05-23T18:21:25.000Z
"5/23/2022, 2:26:25 PM",3.643,81.9,100,1,2022-05-23T18:26:25.000Z
"5/23/2022, 2:31:25 PM",3.643,81.7,100,1,2022-05-23T18:31:25.000Z
"5/23/2022, 2:36:25 PM",3.643,82,100,1,2022-05-23T18:36:25.000Z
"5/23/2022, 2:41:25 PM",3.644,82.6,100,1,2022-05-23T18:41:25.000Z
"5/23/2022, 2:46:25 PM",3.643,82.6,100,1,2022-05-23T18:46:25.000Z
"5/23/2022, 2:51:25 PM",3.643,82.4,100,1,2022-05-23T18:51:25.000Z
"5/23/2022, 2:56:25 PM",3.643,82.4,100,1,2022-05-23T18:56:25.000Z
"5/23/2022, 3:01:25 PM",3.644,82.4,100,1,2022-05-23T19:01:25.000Z
"5/23/2022, 3:06:25 PM",3.643,82.2,100,1,2022-05-23T19:06:25.000Z
"5/23/2022, 3:11:25 PM",3.644,82,100,1,2022-05-23T19:11:25.000Z
"5/23/2022, 3:16:25 PM",3.644,82,100,1,2022-05-23T19:16:25.000Z
"5/23/2022, 3:21:25 PM",3.644,82,100,1,2022-05-23T19:21:25.000Z
"5/23/2022, 3:26:25 PM",3.644,82,100,1,2022-05-23T19:26:25.000Z
"5/23/2022, 3:31:25 PM",3.644,81.7,100,1,2022-05-23T19:31:25.000Z
"5/23/2022, 3:36:25 PM",3.643,81.5,100,1,2022-05-23T19:36:25.000Z
"5/23/2022, 3:41:25 PM",3.644,81.9,100,1,2022-05-23T19:41:25.000Z
"5/23/2022, 3:46:25 PM",3.644,81.9,100,1,2022-05-23T19:46:25.000Z
"5/23/2022, 3:51:25 PM",3.644,81.9,100,1,2022-05-23T19:51:25.000Z
"5/23/2022, 3:56:25 PM",3.644,81.3,100,0,2022-05-23T19:56:25.000Z
"5/23/2022, 4:01:25 PM",3.645,81.3,100,1,2022-05-23T20:01:25.000Z
"5/23/2022, 4:06:25 PM",3.644,81.7,100,1,2022-05-23T20:06:25.000Z
"5/23/2022, 4:11:25 PM",3.644,81.7,100,0,2022-05-23T20:11:25.000Z
"5/23/2022, 4:16:25 PM",3.644,81.9,100,0,2022-05-23T20:16:25.000Z
"5/23/2022, 4:21:25 PM",3.645,81.9,100,1,2022-05-23T20:21:25.000Z
"5/23/2022, 4:26:25 PM",3.644,82.2,100,1,2022-05-23T20:26:25.000Z
"5/23/2022, 4:31:25 PM",3.645,82.2,100,0,2022-05-23T20:31:25.000Z
"5/23/2022, 4:36:25 PM",3.644,82.2,100,0,2022-05-23T20:36:25.000Z
"5/23/2022, 4:41:25 PM",3.644,82.2,100,1,2022-05-23T20:41:25.000Z
"5/23/2022, 4:46:25 PM",3.644,82.2,100,0,2022-05-23T20:46:25.000Z
"5/23/2022, 4:51:25 PM",3.644,81.7,100,0,2022-05-23T20:51:25.000Z
"5/23/2022, 4:56:25 PM",3.645,81.5,100,1,2022-05-23T20:56:25.000Z
"5/23/2022, 5:01:25 PM",3.644,81.5,100,1,2022-05-23T21:01:25.000Z
"5/23/2022, 5:06:25 PM",3.644,81.5,100,0,2022-05-23T21:06:25.000Z
"5/23/2022, 5:11:25 PM",3.644,81.9,100,1,2022-05-23T21:11:25.000Z
"5/23/2022, 5:16:25 PM",3.644,82.2,100,1,2022-05-23T21:16:25.000Z
"5/23/2022, 5:21:25 PM",3.644,82.2,100,1,2022-05-23T21:21:25.000Z
"5/23/2022, 5:26:25 PM",3.645,82.4,100,1,2022-05-23T21:26:25.000Z
"5/23/2022, 5:31:25 PM",3.644,83.1,100,1,2022-05-23T21:31:25.000Z
"5/23/2022, 5:36:25 PM",3.644,83.7,100,1,2022-05-23T21:36:25.000Z
"5/23/2022, 5:41:25 PM",3.643,84,100,1,2022-05-23T21:41:25.000Z
"5/23/2022, 5:46:25 PM",3.643,84.2,100,1,2022-05-23T21:46:25.000Z
"5/23/2022, 5:51:25 PM",3.643,84,100,1,2022-05-23T21:51:25.000Z
"5/23/2022, 5:56:25 PM",3.643,84,100,1,2022-05-23T21:56:25.000Z
"5/23/2022, 6:01:25 PM",3.643,84,100,0,2022-05-23T22:01:25.000Z
"5/23/2022, 6:06:25 PM",3.644,84,100,0,2022-05-23T22:06:25.000Z
"5/23/2022, 6:11:25 PM",3.643,83.8,100,0,2022-05-23T22:11:25.000Z
"5/23/2022, 6:16:25 PM",3.643,83.7,100,1,2022-05-23T22:16:25.000Z
"5/23/2022, 6:21:25 PM",3.644,83.5,100,0,2022-05-23T22:21:25.000Z
"5/23/2022, 6:26:25 PM",3.644,83.3,100,0,2022-05-23T22:26:25.000Z
"5/23/2022, 6:31:25 PM",3.643,83.1,100,0,2022-05-23T22:31:25.000Z
"5/23/2022, 6:36:25 PM",3.644,82.9,100,1,2022-05-23T22:36:25.000Z
"5/23/2022, 6:41:25 PM",3.644,82.6,100,0,2022-05-23T22:41:25.000Z
"5/23/2022, 6:46:25 PM",3.645,82,100,0,2022-05-23T22:46:25.000Z
"5/23/2022, 6:51:25 PM",3.645,81.3,100,0,2022-05-23T22:51:25.000Z
"5/23/2022, 6:56:25 PM",3.644,81.3,100,0,2022-05-23T22:56:25.000Z
"5/23/2022, 7:01:25 PM",3.645,81.3,100,1,2022-05-23T23:01:25.000Z
"5/23/2022, 7:06:25 PM",3.645,81.3,100,0,2022-05-23T23:06:25.000Z
"5/23/2022, 7:11:25 PM",3.645,81.1,100,1,2022-05-23T23:11:25.000Z
"5/23/2022, 7:16:25 PM",3.645,81.1,100,1,2022-05-23T23:16:25.000Z
"5/23/2022, 7:21:25 PM",3.645,81.1,100,1,2022-05-23T23:21:25.000Z
"5/23/2022, 7:26:25 PM",3.645,80.8,100,1,2022-05-23T23:26:25.000Z
"5/23/2022, 7:31:25 PM",3.645,81,100,1,2022-05-23T23:31:25.000Z
"5/23/2022, 7:36:25 PM",3.645,80.6,100,1,2022-05-23T23:36:25.000Z
"5/23/2022, 7:41:25 PM",3.645,80.6,100,1,2022-05-23T23:41:25.000Z
"5/23/2022, 7:46:25 PM",3.645,80.4,100,1,2022-05-23T23:46:25.000Z
"5/23/2022, 7:51:25 PM",3.645,80.2,100,1,2022-05-23T23:51:25.000Z
"5/23/2022, 7:56:25 PM",3.645,80.2,100,1,2022-05-23T23:56:25.000Z
"5/23/2022, 8:01:25 PM",3.645,80.2,100,1,2022-05-24T00:01:25.000Z
"5/23/2022, 8:06:25 PM",3.646,80.2,100,1,2022-05-24T00:06:25.000Z
"5/23/2022, 8:11:25 PM",3.645,80.1,100,1,2022-05-24T00:11:25.000Z
"5/23/2022, 8:16:25 PM",3.645,80.1,100,1,2022-05-24T00:16:25.000Z
"5/23/2022, 8:21:25 PM",3.645,79.9,100,1,2022-05-24T00:21:25.000Z
"5/23/2022, 8:26:25 PM",3.646,79.9,100,1,2022-05-24T00:26:25.000Z
"5/23/2022, 8:31:25 PM",3.645,79.5,100,1,2022-05-24T00:31:25.000Z
"5/23/2022, 8:36:25 PM",3.646,79.3,100,1,2022-05-24T00:36:25.000Z
"5/23/2022, 8:41:25 PM",3.646,79.3,100,1,2022-05-24T00:41:25.000Z
"5/23/2022, 8:46:25 PM",3.646,79,100,1,2022-05-24T00:46:25.000Z
"5/23/2022, 8:51:25 PM",3.646,79,100,1,2022-05-24T00:51:25.000Z
"5/23/2022, 8:56:25 PM",3.646,78.6,100,1,2022-05-24T00:56:25.000Z
"5/23/2022, 9:01:25 PM",3.647,78.4,100,1,2022-05-24T01:01:25.000Z
"5/23/2022, 9:06:25 PM",3.647,78.1,100,1,2022-05-24T01:06:25.000Z
"5/23/2022, 9:11:25 PM",3.647,78.1,100,1,2022-05-24T01:11:25.000Z
"5/23/2022, 9:16:25 PM",3.647,77.7,100,1,2022-05-24T01:16:25.000Z
"5/23/2022, 9:21:25 PM",3.647,77.5,100,2,2022-05-24T01:21:25.000Z
"5/23/2022, 9:26:25 PM",3.647,77.5,100,2,2022-05-24T01:26:25.000Z
"5/23/2022, 9:31:25 PM",3.647,77.4,100,1,2022-05-24T01:31:25.000Z
"5/23/2022, 9:36:25 PM",3.647,77.4,100,1,2022-05-24T01:36:25.000Z
"5/23/2022, 9:41:25 PM",3.646,77.4,100,1,2022-05-24T01:41:25.000Z
"5/23/2022, 9:46:25 PM",3.647,77.4,100,1,2022-05-24T01:46:25.000Z
"5/23/2022, 9:51:25 PM",3.647,77.4,100,2,2022-05-24T01:51:25.000Z
"5/23/2022, 9:56:25 PM",3.647,77.5,100,2,2022-05-24T01:56:25.000Z
"5/23/2022, 10:01:25 PM",3.647,77.2,100,2,2022-05-24T02:01:25.000Z
"5/23/2022, 10:06:25 PM",3.647,77,100,2,2022-05-24T02:06:25.000Z
"5/23/2022, 10:11:25 PM",3.647,77,100,2,2022-05-24T02:11:25.000Z
"5/23/2022, 10:16:25 PM",3.647,77.2,100,2,2022-05-24T02:16:25.000Z
"5/23/2022, 10:21:25 PM",3.647,77,100,2,2022-05-24T02:21:25.000Z
"5/23/2022, 10:26:25 PM",3.647,76.8,100,2,2022-05-24T02:26:25.000Z
"5/23/2022, 10:31:25 PM",3.647,76.8,100,2,2022-05-24T02:31:25.000Z
"5/23/2022, 10:36:25 PM",3.647,77,100,2,2022-05-24T02:36:25.000Z
"5/23/2022, 10:41:25 PM",3.647,77,100,2,2022-05-24T02:41:25.000Z
"5/23/2022, 10:46:25 PM",3.647,75.9,100,2,2022-05-24T02:46:25.000Z
"5/23/2022, 10:51:25 PM",3.647,76.1,100,2,2022-05-24T02:51:25.000Z
"5/23/2022, 10:56:25 PM",3.647,76.3,100,2,2022-05-24T02:56:25.000Z
"5/23/2022, 11:01:25 PM",3.647,76.1,100,2,2022-05-24T03:01:25.000Z
"5/23/2022, 11:06:25 PM",3.647,75.9,100,2,2022-05-24T03:06:25.000Z
"5/23/2022, 11:11:25 PM",3.647,75.7,100,2,2022-05-24T03:11:25.000Z
"5/23/2022, 11:16:25 PM",3.647,75.6,100,2,2022-05-24T03:16:25.000Z
"5/23/2022, 11:21:25 PM",3.647,75.4,100,2,2022-05-24T03:21:25.000Z
"5/23/2022, 11:26:25 PM",3.647,74.8,100,2,2022-05-24T03:26:25.000Z
"5/23/2022, 11:31:25 PM",3.647,74.3,100,2,2022-05-24T03:31:25.000Z
"5/23/2022, 11:36:25 PM",3.647,74.5,100,1,2022-05-24T03:36:25.000Z
"5/23/2022, 11:41:25 PM",3.648,74.1,100,1,2022-05-24T03:41:25.000Z
"5/23/2022, 11:46:25 PM",3.648,73.6,100,1,2022-05-24T03:46:25.000Z
"5/23/2022, 11:51:25 PM",3.648,73,100,1,2022-05-24T03:51:25.000Z
"5/23/2022, 11:56:25 PM",3.648,72.7,100,1,2022-05-24T03:56:25.000Z
"5/24/2022, 12:01:25 AM",3.648,72.5,100,1,2022-05-24T04:01:25.000Z
"5/24/2022, 12:06:25 AM",3.649,72.1,100,1,2022-05-24T04:06:25.000Z
"5/24/2022, 12:11:25 AM",3.649,71.8,100,1,2022-05-24T04:11:25.000Z
"5/24/2022, 12:16:25 AM",3.649,71.2,100,1,2022-05-24T04:16:25.000Z
"5/24/2022, 12:21:25 AM",3.649,71.2,100,1,2022-05-24T04:21:25.000Z
"5/24/2022, 12:26:25 AM",3.649,70.9,100,1,2022-05-24T04:26:25.000Z
"5/24/2022, 12:31:25 AM",3.65,70.7,100,1,2022-05-24T04:31:25.000Z
"5/24/2022, 12:36:25 AM",3.65,70.3,100,1,2022-05-24T04:36:25.000Z
"5/24/2022, 12:41:25 AM",3.649,70.2,100,1,2022-05-24T04:41:25.000Z
"5/24/2022, 12:46:25 AM",3.649,70,100,1,2022-05-24T04:46:25.000Z
"5/24/2022, 12:51:25 AM",3.649,70,100,1,2022-05-24T04:51:25.000Z
"5/24/2022, 12:56:25 AM",3.65,69.6,100,1,2022-05-24T04:56:25.000Z
"5/24/2022, 1:01:25 AM",3.65,69.4,100,1,2022-05-24T05:01:25.000Z
"5/24/2022, 1:06:25 AM",3.649,69.4,100,1,2022-05-24T05:06:25.000Z
"5/24/2022, 1:11:25 AM",3.65,69.4,100,1,2022-05-24T05:11:25.000Z
"5/24/2022, 1:16:25 AM",3.65,69.1,100,1,2022-05-24T05:16:25.000Z
"5/24/2022, 1:21:25 AM",3.65,69.1,100,1,2022-05-24T05:21:25.000Z
"5/24/2022, 1:26:25 AM",3.65,69.1,100,1,2022-05-24T05:26:25.000Z
"5/24/2022, 1:31:25 AM",3.65,69.1,100,1,2022-05-24T05:31:25.000Z
"5/24/2022, 1:36:25 AM",3.649,68.7,100,1,2022-05-24T05:36:25.000Z
"5/24/2022, 1:41:25 AM",3.65,68.7,100,1,2022-05-24T05:41:25.000Z
"5/24/2022, 1:46:25 AM",3.649,68.9,100,1,2022-05-24T05:46:25.000Z
"5/24/2022, 1:51:25 AM",3.65,68.5,100,1,2022-05-24T05:51:25.000Z
"5/24/2022, 1:56:25 AM",3.65,68.4,100,1,2022-05-24T05:56:25.000Z
"5/24/2022, 2:01:25 AM",3.65,68.2,100,1,2022-05-24T06:01:25.000Z
"5/24/2022, 2:06:25 AM",3.65,68.2,100,1,2022-05-24T06:06:25.000Z
"5/24/2022, 2:11:25 AM",3.65,68.4,100,1,2022-05-24T06:11:25.000Z
"5/24/2022, 2:16:25 AM",3.65,68.5,100,1,2022-05-24T06:16:25.000Z
"5/24/2022, 2:21:25 AM",3.649,68.4,100,1,2022-05-24T06:21:25.000Z
"5/24/2022, 2:26:25 AM",3.649,68.2,100,1,2022-05-24T06:26:25.000Z
"5/24/2022, 2:31:25 AM",3.65,68.2,100,1,2022-05-24T06:31:25.000Z
"5/24/2022, 2:36:25 AM",3.65,68.2,100,1,2022-05-24T06:36:25.000Z
"5/24/2022, 2:41:25 AM",3.649,68.2,100,1,2022-05-24T06:41:25.000Z
"5/24/2022, 2:46:25 AM",3.649,68.4,100,1,2022-05-24T06:46:25.000Z
"5/24/2022, 2:51:25 AM",3.649,68.7,100,1,2022-05-24T06:51:25.000Z
"5/24/2022, 2:56:25 AM",3.649,68.9,100,1,2022-05-24T06:56:25.000Z
"5/24/2022, 3:01:25 AM",3.649,68.5,100,1,2022-05-24T07:01:25.000Z
"5/24/2022, 3:06:25 AM",3.649,69.1,100,1,2022-05-24T07:06:25.000Z
"5/24/2022, 3:11:25 AM",3.649,68.4,100,1,2022-05-24T07:11:25.000Z
"5/24/2022, 3:16:25 AM",3.649,68.4,100,1,2022-05-24T07:16:25.000Z
"5/24/2022, 3:21:25 AM",3.649,68.2,100,1,2022-05-24T07:21:25.000Z
"5/24/2022, 3:26:25 AM",3.649,68.4,100,1,2022-05-24T07:26:25.000Z
"5/24/2022, 3:31:25 AM",3.649,68.5,100,1,2022-05-24T07:31:25.000Z
"5/24/2022, 3:36:25 AM",3.648,68.4,100,1,2022-05-24T07:36:25.000Z
"5/24/2022, 3:41:25 AM",3.648,68.4,100,1,2022-05-24T07:41:25.000Z
"5/24/2022, 3:46:25 AM",3.649,68.5,100,1,2022-05-24T07:46:25.000Z
"5/24/2022, 3:51:25 AM",3.649,68.2,100,1,2022-05-24T07:51:25.000Z
"5/24/2022, 3:56:25 AM",3.649,68.4,100,1,2022-05-24T07:56:25.000Z
"5/24/2022, 4:01:25 AM",3.649,68.2,100,1,2022-05-24T08:01:25.000Z
"5/24/2022, 4:06:25 AM",3.649,68,100,1,2022-05-24T08:06:25.000Z
"5/24/2022, 4:11:25 AM",3.649,68.4,100,1,2022-05-24T08:11:25.000Z
"5/24/2022, 4:16:25 AM",3.649,68.4,100,1,2022-05-24T08:16:25.000Z
"5/24/2022, 4:21:25 AM",3.649,68.2,100,1,2022-05-24T08:21:25.000Z
"5/24/2022, 4:26:25 AM",3.649,67.6,100,1,2022-05-24T08:26:25.000Z
"5/24/2022, 4:31:25 AM",3.649,68.2,100,1,2022-05-24T08:31:25.000Z
"5/24/2022, 4:36:25 AM",3.649,68.2,100,1,2022-05-24T08:36:25.000Z
"5/24/2022, 4:41:25 AM",3.649,67.5,100,1,2022-05-24T08:41:25.000Z
"5/24/2022, 4:46:25 AM",3.649,67.5,100,1,2022-05-24T08:46:25.000Z
"5/24/2022, 4:51:25 AM",3.649,67.8,100,1,2022-05-24T08:51:25.000Z
"5/24/2022, 4:56:25 AM",3.649,67.5,100,1,2022-05-24T08:56:25.000Z
"5/24/2022, 5:01:25 AM",3.649,68.2,100,1,2022-05-24T09:01:25.000Z
"5/24/2022, 5:06:25 AM",3.649,67.6,100,1,2022-05-24T09:06:25.000Z
"5/24/2022, 5:11:25 AM",3.649,67.6,100,1,2022-05-24T09:11:25.000Z
"5/24/2022, 5:16:25 AM",3.649,68.2,100,1,2022-05-24T09:16:25.000Z
"5/24/2022, 5:21:25 AM",3.649,67.5,100,1,2022-05-24T09:21:25.000Z
"5/24/2022, 5:26:25 AM",3.649,67.5,100,1,2022-05-24T09:26:25.000Z
"5/24/2022, 5:31:25 AM",3.649,68,100,1,2022-05-24T09:31:25.000Z
"5/24/2022, 5:36:25 AM",3.649,68.2,100,1,2022-05-24T09:36:25.000Z
"5/24/2022, 5:41:25 AM",3.649,67.5,100,1,2022-05-24T09:41:25.000Z
"5/24/2022, 5:46:25 AM",3.649,67.6,100,1,2022-05-24T09:46:25.000Z
"5/24/2022, 5:51:25 AM",3.649,67.6,100,1,2022-05-24T09:51:25.000Z
"5/24/2022, 5:56:25 AM",3.649,68.2,100,1,2022-05-24T09:56:25.000Z
"5/24/2022, 6:01:25 AM",3.649,67.8,100,1,2022-05-24T10:01:25.000Z
"5/24/2022, 6:06:25 AM",3.649,68.2,100,1,2022-05-24T10:06:25.000Z
"5/24/2022, 6:11:25 AM",3.649,68.2,100,1,2022-05-24T10:11:25.000Z
"5/24/2022, 6:16:25 AM",3.649,68.2,100,1,2022-05-24T10:16:25.000Z
"5/24/2022, 6:21:25 AM",3.649,67.8,100,1,2022-05-24T10:21:25.000Z
"5/24/2022, 6:26:25 AM",3.649,68.2,100,1,2022-05-24T10:26:25.000Z
"5/24/2022, 6:31:25 AM",3.648,67.8,100,1,2022-05-24T10:31:25.000Z
"5/24/2022, 6:36:25 AM",3.648,67.6,100,1,2022-05-24T10:36:25.000Z
"5/24/2022, 6:41:25 AM",3.648,67.8,100,1,2022-05-24T10:41:25.000Z
"5/24/2022, 6:46:25 AM",3.648,68.2,100,1,2022-05-24T10:46:25.000Z
"5/24/2022, 6:51:25 AM",3.648,67.8,100,1,2022-05-24T10:51:25.000Z
"5/24/2022, 6:56:25 AM",3.648,68.2,100,1,2022-05-24T10:56:25.000Z
"5/24/2022, 7:01:25 AM",3.648,68.2,100,1,2022-05-24T11:01:25.000Z
"5/24/2022, 7:06:25 AM",3.648,68.7,100,1,2022-05-24T11:06:25.000Z
"5/24/2022, 7:11:25 AM",3.648,68.7,100,1,2022-05-24T11:11:25.000Z
"5/24/2022, 7:16:25 AM",3.648,68.7,100,1,2022-05-24T11:16:25.000Z
"5/24/2022, 7:21:25 AM",3.648,69.1,100,1,2022-05-24T11:21:25.000Z
"5/24/2022, 7:26:25 AM",3.648,68.7,100,1,2022-05-24T11:26:25.000Z
"5/24/2022, 7:31:25 AM",3.648,68.9,100,1,2022-05-24T11:31:25.000Z
"5/24/2022, 7:36:25 AM",3.648,68.9,100,1,2022-05-24T11:36:25.000Z
"5/24/2022, 7:41:25 AM",3.647,68.9,100,1,2022-05-24T11:41:25.000Z
"5/24/2022, 7:46:25 AM",3.647,68.9,100,1,2022-05-24T11:46:25.000Z
"5/24/2022, 7:51:25 AM",3.648,69.3,100,1,2022-05-24T11:51:25.000Z
"5/24/2022, 7:56:25 AM",3.648,69.1,100,1,2022-05-24T11:56:25.000Z
"5/24/2022, 8:01:25 AM",3.648,69.1,100,1,2022-05-24T12:01:25.000Z
"5/24/2022, 8:06:25 AM",3.648,69.1,100,1,2022-05-24T12:06:25.000Z
"5/24/2022, 8:11:25 AM",3.648,68.9,100,1,2022-05-24T12:11:25.000Z
"5/24/2022, 8:16:25 AM",3.648,68.9,100,1,2022-05-24T12:16:25.000Z
"5/24/2022, 8:21:25 AM",3.648,69.3,100,1,2022-05-24T12:21:25.000Z
"5/24/2022, 8:26:25 AM",3.648,69.3,100,1,2022-05-24T12:26:25.000Z
"5/24/2022, 8:31:25 AM",3.647,69.6,100,1,2022-05-24T12:31:25.000Z
"5/24/2022, 8:36:25 AM",3.647,69.6,100,1,2022-05-24T12:36:25.000Z
"5/24/2022, 8:41:25 AM",3.648,69.8,100,1,2022-05-24T12:41:25.000Z
"5/24/2022, 8:46:25 AM",3.647,70.5,100,1,2022-05-24T12:46:25.000Z
"5/24/2022, 8:51:25 AM",3.647,70.5,100,1,2022-05-24T12:51:25.000Z
"5/24/2022, 8:56:25 AM",3.647,70.7,100,1,2022-05-24T12:56:25.000Z
"5/24/2022, 9:01:25 AM",3.647,70.7,100,1,2022-05-24T13:01:25.000Z
"5/24/2022, 9:06:25 AM",3.647,71.4,100,0,2022-05-24T13:06:25.000Z
"5/24/2022, 9:11:25 AM",3.647,71.8,100,1,2022-05-24T13:11:25.000Z
"5/24/2022, 9:16:25 AM",3.646,72.1,100,1,2022-05-24T13:16:25.000Z
"5/24/2022, 9:21:25 AM",3.646,72.7,100,1,2022-05-24T13:21:25.000Z
"5/24/2022, 9:26:25 AM",3.646,72.9,100,1,2022-05-24T13:26:25.000Z
"5/24/2022, 9:31:25 AM",3.646,73.4,100,1,2022-05-24T13:31:25.000Z
"5/24/2022, 9:36:25 AM",3.645,74.5,100,1,2022-05-24T13:36:25.000Z
"5/24/2022, 9:41:25 AM",3.645,74.7,100,0,2022-05-24T13:41:25.000Z
"5/24/2022, 9:46:25 AM",3.645,74.5,100,0,2022-05-24T13:46:25.000Z
"5/24/2022, 9:51:25 AM",3.645,75.6,100,0,2022-05-24T13:51:25.000Z
"5/24/2022, 9:56:25 AM",3.645,76.1,100,0,2022-05-24T13:56:25.000Z
"5/24/2022, 10:01:25 AM",3.645,76.5,100,0,2022-05-24T14:01:25.000Z
"5/24/2022, 10:06:25 AM",3.644,76.6,100,0,2022-05-24T14:06:25.000Z
"5/24/2022, 10:11:25 AM",3.644,77,100,0,2022-05-24T14:11:25.000Z
"5/24/2022, 10:16:25 AM",3.644,76.8,100,0,2022-05-24T14:16:25.000Z
"5/24/2022, 10:21:25 AM",3.644,77.2,100,0,2022-05-24T14:21:25.000Z
"5/24/2022, 10:26:25 AM",3.644,77.2,100,0,2022-05-24T14:26:25.000Z
"5/24/2022, 10:31:25 AM",3.644,77,100,0,2022-05-24T14:31:25.000Z
"5/24/2022, 10:36:25 AM",3.644,76.8,100,0,2022-05-24T14:36:25.000Z
"5/24/2022, 10:41:25 AM",3.644,77,100,0,2022-05-24T14:41:25.000Z
"5/24/2022, 10:46:25 AM",3.644,77.4,100,0,2022-05-24T14:46:25.000Z
"5/24/2022, 10:51:25 AM",3.644,77.7,100,0,2022-05-24T14:51:25.000Z
"5/24/2022, 10:56:25 AM",3.644,77.7,100,0,2022-05-24T14:56:25.000Z
"5/24/2022, 11:01:25 AM",3.644,77.9,100,0,2022-05-24T15:01:25.000Z
"5/24/2022, 11:06:25 AM",3.644,78.3,100,0,2022-05-24T15:06:25.000Z
"5/24/2022, 11:11:25 AM",3.643,78.6,100,0,2022-05-24T15:11:25.000Z
"5/24/2022, 11:16:25 AM",3.643,79.2,100,0,2022-05-24T15:16:25.000Z
"5/24/2022, 11:21:25 AM",3.643,79.7,100,0,2022-05-24T15:21:25.000Z
"5/24/2022, 11:26:25 AM",3.643,80.4,100,0,2022-05-24T15:26:25.000Z
"5/24/2022, 11:31:25 AM",3.643,80.8,100,0,2022-05-24T15:31:25.000Z
"5/24/2022, 11:36:25 AM",3.643,81,100,0,2022-05-24T15:36:25.000Z
"5/24/2022, 11:41:25 AM",3.643,81.1,100,0,2022-05-24T15:41:25.000Z
"5/24/2022, 11:46:25 AM",3.642,81.7,100,0,2022-05-24T15:46:25.000Z
"5/24/2022, 11:51:25 AM",3.642,82,100,0,2022-05-24T15:51:25.000Z
"5/24/2022, 11:56:25 AM",3.642,82.2,100,0,2022-05-24T15:56:25.000Z
"5/24/2022, 12:01:25 PM",3.642,82.6,100,1,2022-05-24T16:01:25.000Z
"5/24/2022, 12:06:25 PM",3.642,82.6,100,1,2022-05-24T16:06:25.000Z
"5/24/2022, 12:11:25 PM",3.642,82.9,100,1,2022-05-24T16:11:25.000Z
"5/24/2022, 12:16:25 PM",3.642,82.8,100,1,2022-05-24T16:16:25.000Z
"5/24/2022, 12:21:25 PM",3.642,82.9,100,2,2022-05-24T16:21:25.000Z
"5/24/2022, 12:26:25 PM",3.642,83.3,100,1,2022-05-24T16:26:25.000Z
"5/24/2022, 12:31:25 PM",3.642,83.7,100,2,2022-05-24T16:31:25.000Z
"5/24/2022, 12:36:25 PM",3.641,83.8,100,2,2022-05-24T16:36:25.000Z
"5/24/2022, 12:41:25 PM",3.642,84.2,100,1,2022-05-24T16:41:25.000Z
"5/24/2022, 12:46:25 PM",3.642,83.7,100,1,2022-05-24T16:46:25.000Z
"5/24/2022, 12:51:25 PM",3.642,83.5,100,1,2022-05-24T16:51:25.000Z
"5/24/2022, 12:56:25 PM",3.642,84,100,1,2022-05-24T16:56:25.000Z
"5/24/2022, 1:01:25 PM",3.642,84.6,100,1,2022-05-24T17:01:25.000Z
"5/24/2022, 1:06:25 PM",3.641,84.9,100,1,2022-05-24T17:06:25.000Z
"5/24/2022, 1:11:25 PM",3.641,85.3,100,2,2022-05-24T17:11:25.000Z
"5/24/2022, 1:16:25 PM",3.641,85.3,100,1,2022-05-24T17:16:25.000Z
"5/24/2022, 1:21:25 PM",3.641,85.3,100,1,2022-05-24T17:21:25.000Z
"5/24/2022, 1:26:25 PM",3.641,85.8,100,2,2022-05-24T17:26:25.000Z
"5/24/2022, 1:31:25 PM",3.641,85.5,100,1,2022-05-24T17:31:25.000Z
"5/24/2022, 1:36:25 PM",3.641,85.3,100,1,2022-05-24T17:36:25.000Z
"5/24/2022, 1:41:25 PM",3.641,85.1,100,1,2022-05-24T17:41:25.000Z
"5/24/2022, 1:46:25 PM",3.641,85.3,100,1,2022-05-24T17:46:25.000Z
"5/24/2022, 1:51:25 PM",3.641,85.1,100,1,2022-05-24T17:51:25.000Z
"5/24/2022, 1:56:25 PM",3.641,85.3,100,0,2022-05-24T17:56:25.000Z
"5/24/2022, 2:01:25 PM",3.641,85.6,100,1,2022-05-24T18:01:25.000Z
"5/24/2022, 2:06:25 PM",3.641,86.2,100,1,2022-05-24T18:06:25.000Z
"5/24/2022, 2:11:25 PM",3.641,86.2,100,0,2022-05-24T18:11:25.000Z
"5/24/2022, 2:16:25 PM",3.64,86.2,100,1,2022-05-24T18:16:25.000Z
"5/24/2022, 2:21:25 PM",3.641,86.2,100,1,2022-05-24T18:21:25.000Z
"5/24/2022, 2:26:25 PM",3.64,86.5,100,1,2022-05-24T18:26:25.000Z
"5/24/2022, 2:31:25 PM",3.64,86.9,100,1,2022-05-24T18:31:25.000Z
"5/24/2022, 2:36:25 PM",3.64,87.3,100,1,2022-05-24T18:36:25.000Z
"5/24/2022, 2:41:25 PM",3.64,88,100,1,2022-05-24T18:41:25.000Z
"5/24/2022, 2:46:25 PM",3.64,88,100,2,2022-05-24T18:46:25.000Z
"5/24/2022, 2:51:25 PM",3.64,88,100,2,2022-05-24T18:51:25.000Z
"5/24/2022, 2:56:25 PM",3.64,88.3,100,2,2022-05-24T18:56:25.000Z
"5/24/2022, 3:01:25 PM",3.64,89.1,100,2,2022-05-24T19:01:25.000Z
"5/24/2022, 3:06:25 PM",3.639,89.6,100,2,2022-05-24T19:06:25.000Z
"5/24/2022, 3:11:25 PM",3.639,89.6,100,2,2022-05-24T19:11:25.000Z
"5/24/2022, 3:16:25 PM",3.639,89.8,100,2,2022-05-24T19:16:25.000Z
"5/24/2022, 3:21:25 PM",3.639,90,100,3,2022-05-24T19:21:25.000Z
"5/24/2022, 3:26:25 PM",3.639,90.3,100,4,2022-05-24T19:26:25.000Z
"5/24/2022, 3:31:25 PM",3.639,90.7,100,3,2022-05-24T19:31:25.000Z
"5/24/2022, 3:36:25 PM",3.639,90.9,100,3,2022-05-24T19:36:25.000Z
"5/24/2022, 3:41:25 PM",3.638,91.2,100,3,2022-05-24T19:41:25.000Z
"5/24/2022, 3:46:25 PM",3.638,91.9,100,3,2022-05-24T19:46:25.000Z
"5/24/2022, 3:51:25 PM",3.638,92.5,100,2,2022-05-24T19:51:25.000Z
"5/24/2022, 3:56:25 PM",3.638,92.5,100,2,2022-05-24T19:56:25.000Z
"5/24/2022, 4:01:25 PM",3.638,92.8,100,2,2022-05-24T20:01:25.000Z
"5/24/2022, 4:06:25 PM",3.637,92.8,100,2,2022-05-24T20:06:25.000Z
"5/24/2022, 4:11:25 PM",3.637,92.8,100,2,2022-05-24T20:11:25.000Z
"5/24/2022, 4:16:25 PM",3.637,92.8,100,2,2022-05-24T20:16:25.000Z
"5/24/2022, 4:21:25 PM",3.637,93.2,100,1,2022-05-24T20:21:25.000Z
"5/24/2022, 4:26:25 PM",3.637,93.2,100,2,2022-05-24T20:26:25.000Z
"5/24/2022, 4:31:25 PM",3.637,93.4,100,2,2022-05-24T20:31:25.000Z
"5/24/2022, 4:36:25 PM",3.637,93.7,100,1,2022-05-24T20:36:25.000Z
"5/24/2022, 4:41:25 PM",3.638,94.1,100,1,2022-05-24T20:41:25.000Z
"5/24/2022, 4:46:25 PM",3.637,95,100,2,2022-05-24T20:46:25.000Z
"5/24/2022, 4:51:25 PM",3.637,95.4,100,1,2022-05-24T20:51:25.000Z
"5/24/2022, 4:56:25 PM",3.636,96.1,100,1,2022-05-24T20:56:25.000Z
"5/24/2022, 5:01:25 PM",3.636,95.9,100,1,2022-05-24T21:01:25.000Z
"5/24/2022, 5:06:25 PM",3.637,96.6,100,1,2022-05-24T21:06:25.000Z
"5/24/2022, 5:11:25 PM",3.636,97.2,100,1,2022-05-24T21:11:25.000Z
"5/24/2022, 5:16:25 PM",3.636,97.7,100,1,2022-05-24T21:16:25.000Z
"5/24/2022, 5:21:25 PM",3.636,97.9,100,1,2022-05-24T21:21:25.000Z
"5/24/2022, 5:26:25 PM",3.635,97.9,100,1,2022-05-24T21:26:25.000Z
"5/24/2022, 5:31:25 PM",3.635,97.7,100,1,2022-05-24T21:31:25.000Z
"5/24/2022, 5:36:25 PM",3.635,97,100,1,2022-05-24T21:36:25.000Z
"5/24/2022, 5:41:25 PM",3.635,96.8,100,1,2022-05-24T21:41:25.000Z
"5/24/2022, 5:46:25 PM",3.636,96.6,100,1,2022-05-24T21:46:25.000Z
"5/24/2022, 5:51:25 PM",3.636,96.6,100,1,2022-05-24T21:51:25.000Z
"5/24/2022, 5:56:25 PM",3.636,96.3,100,0,2022-05-24T21:56:25.000Z
"5/24/2022, 6:01:25 PM",3.636,95.9,100,0,2022-05-24T22:01:25.000Z
"5/24/2022, 6:06:25 PM",3.637,95.5,100,0,2022-05-24T22:06:25.000Z
"5/24/2022, 6:11:25 PM",3.637,95.4,100,0,2022-05-24T22:11:25.000Z
"5/24/2022, 6:16:25 PM",3.637,95.2,100,0,2022-05-24T22:16:25.000Z
"5/24/2022, 6:21:25 PM",3.637,95.4,100,1,2022-05-24T22:21:25.000Z
"5/24/2022, 6:26:25 PM",3.638,95,100,0,2022-05-24T22:26:25.000Z
"5/24/2022, 6:31:25 PM",3.638,94.6,100,1,2022-05-24T22:31:25.000Z
"5/24/2022, 6:36:25 PM",3.638,94.5,100,1,2022-05-24T22:36:25.000Z
"5/24/2022, 6:41:25 PM",3.639,94.1,100,1,2022-05-24T22:41:25.000Z
"5/24/2022, 6:46:25 PM",3.639,93.6,100,1,2022-05-24T22:46:25.000Z
"5/24/2022, 6:51:25 PM",3.639,93.2,100,1,2022-05-24T22:51:25.000Z
"5/24/2022, 6:56:25 PM",3.639,92.7,100,0,2022-05-24T22:56:25.000Z
"5/24/2022, 7:01:25 PM",3.639,91.8,100,0,2022-05-24T23:01:25.000Z
"5/24/2022, 7:06:25 PM",3.64,91.2,100,1,2022-05-24T23:06:25.000Z
"5/24/2022, 7:11:25 PM",3.64,90.5,100,0,2022-05-24T23:11:25.000Z
"5/24/2022, 7:16:25 PM",3.641,90.1,100,1,2022-05-24T23:16:25.000Z
"5/24/2022, 7:21:25 PM",3.641,89.6,100,1,2022-05-24T23:21:25.000Z
"5/24/2022, 7:26:25 PM",3.641,89.1,100,0,2022-05-24T23:26:25.000Z
"5/24/2022, 7:31:25 PM",3.642,88.7,100,0,2022-05-24T23:31:25.000Z
"5/24/2022, 7:36:25 PM",3.642,88.2,100,1,2022-05-24T23:36:25.000Z
"5/24/2022, 7:41:25 PM",3.642,88,100,0,2022-05-24T23:41:25.000Z
"5/24/2022, 7:46:25 PM",3.643,87.4,100,1,2022-05-24T23:46:25.000Z
"5/24/2022, 7:51:25 PM",3.643,86.9,100,0,2022-05-24T23:51:25.000Z
"5/24/2022, 7:56:25 PM",3.643,86.5,100,1,2022-05-24T23:56:25.000Z
"5/24/2022, 8:01:25 PM",3.643,86.4,100,1,2022-05-25T00:01:25.000Z
"5/24/2022, 8:06:25 PM",3.643,85.8,100,0,2022-05-25T00:06:25.000Z
"5/24/2022, 8:11:25 PM",3.644,85.6,100,1,2022-05-25T00:11:25.000Z
"5/24/2022, 8:16:25 PM",3.644,85.1,100,1,2022-05-25T00:16:25.000Z
"5/24/2022, 8:21:25 PM",3.644,84.7,100,1,2022-05-25T00:21:25.000Z
"5/24/2022, 8:26:25 PM",3.644,84.4,100,1,2022-05-25T00:26:25.000Z
"5/24/2022, 8:31:25 PM",3.644,84,100,1,2022-05-25T00:31:25.000Z
"5/24/2022, 8:36:25 PM",3.645,83.8,100,1,2022-05-25T00:36:25.000Z
"5/24/2022, 8:41:25 PM",3.645,83.5,100,1,2022-05-25T00:41:25.000Z
"5/24/2022, 8:46:25 PM",3.645,83.1,100,1,2022-05-25T00:46:25.000Z
"5/24/2022, 8:51:25 PM",3.645,82.9,100,1,2022-05-25T00:51:25.000Z
"5/24/2022, 8:56:25 PM",3.645,82.8,100,1,2022-05-25T00:56:25.000Z
"5/24/2022, 9:01:25 PM",3.646,82.4,100,1,2022-05-25T01:01:25.000Z
"5/24/2022, 9:06:25 PM",3.646,82,100,1,2022-05-25T01:06:25.000Z
"5/24/2022, 9:11:25 PM",3.646,82,100,1,2022-05-25T01:11:25.000Z
"5/24/2022, 9:16:25 PM",3.646,81.9,100,1,2022-05-25T01:16:25.000Z
"5/24/2022, 9:21:25 PM",3.646,81.7,100,1,2022-05-25T01:21:25.000Z
"5/24/2022, 9:26:25 PM",3.646,81.3,100,1,2022-05-25T01:26:25.000Z
"5/24/2022, 9:31:25 PM",3.646,81.1,100,1,2022-05-25T01:31:25.000Z
"5/24/2022, 9:36:25 PM",3.646,81,100,1,2022-05-25T01:36:25.000Z
"5/24/2022, 9:41:25 PM",3.647,81,100,1,2022-05-25T01:41:25.000Z
"5/24/2022, 9:46:25 PM",3.646,80.8,100,1,2022-05-25T01:46:25.000Z
"5/24/2022, 9:51:25 PM",3.646,80.6,100,1,2022-05-25T01:51:25.000Z
"5/24/2022, 9:56:25 PM",3.647,80.4,100,1,2022-05-25T01:56:25.000Z
"5/24/2022, 10:01:25 PM",3.647,80.4,100,1,2022-05-25T02:01:25.000Z
"5/24/2022, 10:06:25 PM",3.646,80.4,100,1,2022-05-25T02:06:25.000Z
"5/24/2022, 10:11:25 PM",3.646,80.4,100,1,2022-05-25T02:11:25.000Z
"5/24/2022, 10:16:25 PM",3.647,80.4,100,1,2022-05-25T02:16:25.000Z
"5/24/2022, 10:21:25 PM",3.646,80.4,100,1,2022-05-25T02:21:25.000Z
"5/24/2022, 10:26:25 PM",3.646,80.2,100,1,2022-05-25T02:26:25.000Z
"5/24/2022, 10:31:25 PM",3.646,80.2,100,1,2022-05-25T02:31:25.000Z
"5/24/2022, 10:36:25 PM",3.646,80.1,100,1,2022-05-25T02:36:25.000Z
"5/24/2022, 10:41:25 PM",3.646,80.1,100,1,2022-05-25T02:41:25.000Z
"5/24/2022, 10:46:25 PM",3.646,79.9,100,1,2022-05-25T02:46:25.000Z
"5/24/2022, 10:51:25 PM",3.646,79.9,100,1,2022-05-25T02:51:25.000Z
"5/24/2022, 10:56:25 PM",3.647,79.9,100,1,2022-05-25T02:56:25.000Z
"5/24/2022, 11:01:25 PM",3.646,79.7,100,1,2022-05-25T03:01:25.000Z
"5/24/2022, 11:06:25 PM",3.646,79.7,100,1,2022-05-25T03:06:25.000Z
"5/24/2022, 11:11:25 PM",3.646,79.7,100,1,2022-05-25T03:11:25.000Z
"5/24/2022, 11:16:25 PM",3.647,79.5,100,1,2022-05-25T03:16:25.000Z
"5/24/2022, 11:21:25 PM",3.646,79.5,100,1,2022-05-25T03:21:25.000Z
"5/24/2022, 11:26:25 PM",3.646,79.5,100,1,2022-05-25T03:26:25.000Z
"5/24/2022, 11:31:25 PM",3.646,79.3,100,1,2022-05-25T03:31:25.000Z
"5/24/2022, 11:36:25 PM",3.647,79.5,100,1,2022-05-25T03:36:25.000Z
"5/24/2022, 11:41:25 PM",3.646,79.3,100,1,2022-05-25T03:41:25.000Z
"5/24/2022, 11:46:25 PM",3.646,79.2,100,1,2022-05-25T03:46:25.000Z
"5/24/2022, 11:51:25 PM",3.646,79.2,100,1,2022-05-25T03:51:25.000Z
"5/24/2022, 11:56:25 PM",3.646,78.8,100,1,2022-05-25T03:56:25.000Z
"5/25/2022, 12:01:25 AM",3.646,78.8,100,1,2022-05-25T04:01:25.000Z
"5/25/2022, 12:06:25 AM",3.647,78.8,100,1,2022-05-25T04:06:25.000Z
"5/25/2022, 12:11:25 AM",3.646,78.6,100,1,2022-05-25T04:11:25.000Z
"5/25/2022, 12:16:25 AM",3.646,78.8,100,1,2022-05-25T04:16:25.000Z
"5/25/2022, 12:21:25 AM",3.646,78.8,100,1,2022-05-25T04:21:25.000Z
"5/25/2022, 12:26:25 AM",3.646,78.8,100,1,2022-05-25T04:26:25.000Z
"5/25/2022, 12:31:25 AM",3.646,78.6,100,1,2022-05-25T04:31:25.000Z
"5/25/2022, 12:36:25 AM",3.646,78.6,100,1,2022-05-25T04:36:25.000Z
"5/25/2022, 12:41:25 AM",3.646,78.6,100,1,2022-05-25T04:41:25.000Z
"5/25/2022, 12:46:25 AM",3.646,78.6,100,1,2022-05-25T04:46:25.000Z
"5/25/2022, 12:51:25 AM",3.646,78.4,100,1,2022-05-25T04:51:25.000Z
"5/25/2022, 12:56:25 AM",3.646,78.6,100,1,2022-05-25T04:56:25.000Z
"5/25/2022, 1:01:25 AM",3.646,78.3,100,1,2022-05-25T05:01:25.000Z
"5/25/2022, 1:06:25 AM",3.647,78.1,100,1,2022-05-25T05:06:25.000Z
"5/25/2022, 1:11:25 AM",3.646,78.1,100,1,2022-05-25T05:11:25.000Z
"5/25/2022, 1:16:25 AM",3.647,77.9,100,1,2022-05-25T05:16:25.000Z
"5/25/2022, 1:21:25 AM",3.646,77.9,100,1,2022-05-25T05:21:25.000Z
"5/25/2022, 1:26:25 AM",3.646,78.1,100,1,2022-05-25T05:26:25.000Z
"5/25/2022, 1:31:25 AM",3.646,78.1,100,1,2022-05-25T05:31:25.000Z
"5/25/2022, 1:36:25 AM",3.647,78.1,100,1,2022-05-25T05:36:25.000Z
"5/25/2022, 1:41:25 AM",3.646,78.1,100,1,2022-05-25T05:41:25.000Z
"5/25/2022, 1:46:25 AM",3.646,77.9,100,1,2022-05-25T05:46:25.000Z
"5/25/2022, 1:51:25 AM",3.647,77.5,100,1,2022-05-25T05:51:25.000Z
"5/25/2022, 1:56:25 AM",3.647,78.1,100,1,2022-05-25T05:56:25.000Z
"5/25/2022, 2:01:25 AM",3.647,78.1,100,1,2022-05-25T06:01:25.000Z
"5/25/2022, 2:06:25 AM",3.646,78.1,100,1,2022-05-25T06:06:25.000Z
"5/25/2022, 2:11:25 AM",3.646,77.7,100,1,2022-05-25T06:11:25.000Z
"5/25/2022, 2:16:25 AM",3.646,78.1,100,1,2022-05-25T06:16:25.000Z
"5/25/2022, 2:21:25 AM",3.646,78.1,100,1,2022-05-25T06:21:25.000Z
"5/25/2022, 2:26:25 AM",3.646,78.1,100,1,2022-05-25T06:26:25.000Z
"5/25/2022, 2:31:25 AM",3.646,78.1,100,1,2022-05-25T06:31:25.000Z
"5/25/2022, 2:36:25 AM",3.646,77.9,100,1,2022-05-25T06:36:25.000Z
"5/25/2022, 2:41:25 AM",3.646,78.3,100,1,2022-05-25T06:41:25.000Z
"5/25/2022, 2:46:25 AM",3.646,78.6,100,1,2022-05-25T06:46:25.000Z
"5/25/2022, 2:51:25 AM",3.646,78.4,100,1,2022-05-25T06:51:25.000Z
"5/25/2022, 2:56:25 AM",3.647,78.3,100,1,2022-05-25T06:56:25.000Z
"5/25/2022, 3:01:25 AM",3.646,78.1,100,1,2022-05-25T07:01:25.000Z
"5/25/2022, 3:06:25 AM",3.646,78.4,100,1,2022-05-25T07:06:25.000Z
"5/25/2022, 3:11:25 AM",3.646,78.4,100,1,2022-05-25T07:11:25.000Z
"5/25/2022, 3:16:25 AM",3.646,78.1,100,1,2022-05-25T07:16:25.000Z
"5/25/2022, 3:21:25 AM",3.646,78.1,100,1,2022-05-25T07:21:25.000Z
"5/25/2022, 3:26:25 AM",3.646,78.1,100,1,2022-05-25T07:26:25.000Z
"5/25/2022, 3:31:25 AM",3.646,78.1,100,1,2022-05-25T07:31:25.000Z
"5/25/2022, 3:36:25 AM",3.646,78.6,100,1,2022-05-25T07:36:25.000Z
"5/25/2022, 3:41:25 AM",3.646,78.6,100,1,2022-05-25T07:41:25.000Z
"5/25/2022, 3:46:25 AM",3.646,78.4,100,1,2022-05-25T07:46:25.000Z
"5/25/2022, 3:51:25 AM",3.646,78.6,100,1,2022-05-25T07:51:25.000Z
"5/25/2022, 3:56:25 AM",3.646,78.3,100,1,2022-05-25T07:56:25.000Z
"5/25/2022, 4:01:25 AM",3.646,78.6,100,1,2022-05-25T08:01:25.000Z
"5/25/2022, 4:06:25 AM",3.645,78.8,100,1,2022-05-25T08:06:25.000Z
"5/25/2022, 4:11:25 AM",3.646,78.8,100,1,2022-05-25T08:11:25.000Z
"5/25/2022, 4:16:25 AM",3.646,79,100,1,2022-05-25T08:16:25.000Z
"5/25/2022, 4:21:25 AM",3.646,79,100,1,2022-05-25T08:21:25.000Z
"5/25/2022, 4:26:25 AM",3.646,78.6,100,1,2022-05-25T08:26:25.000Z
"5/25/2022, 4:31:25 AM",3.646,78.6,100,1,2022-05-25T08:31:25.000Z
"5/25/2022, 4:36:25 AM",3.645,79,100,1,2022-05-25T08:36:25.000Z
"5/25/2022, 4:41:25 AM",3.646,79,100,1,2022-05-25T08:41:25.000Z
"5/25/2022, 4:46:25 AM",3.646,79.2,100,1,2022-05-25T08:46:25.000Z
"5/25/2022, 4:51:25 AM",3.646,79,100,1,2022-05-25T08:51:25.000Z
"5/25/2022, 4:56:25 AM",3.645,79,100,1,2022-05-25T08:56:25.000Z
"5/25/2022, 5:01:25 AM",3.646,78.8,100,1,2022-05-25T09:01:25.000Z
"5/25/2022, 5:06:25 AM",3.646,78.8,100,1,2022-05-25T09:06:25.000Z
"5/25/2022, 5:11:25 AM",3.646,78.4,100,1,2022-05-25T09:11:25.000Z
"5/25/2022, 5:16:25 AM",3.646,78.4,100,1,2022-05-25T09:16:25.000Z
"5/25/2022, 5:21:25 AM",3.646,78.1,100,1,2022-05-25T09:21:25.000Z
"5/25/2022, 5:26:25 AM",3.646,78.1,100,1,2022-05-25T09:26:25.000Z
"5/25/2022, 5:31:25 AM",3.646,78.1,100,1,2022-05-25T09:31:25.000Z
"5/25/2022, 5:36:25 AM",3.646,78.1,100,1,2022-05-25T09:36:25.000Z
"5/25/2022, 5:41:25 AM",3.646,77.9,100,1,2022-05-25T09:41:25.000Z
"5/25/2022, 5:46:25 AM",3.646,77.9,100,1,2022-05-25T09:46:25.000Z
"5/25/2022, 5:51:25 AM",3.646,78.3,100,1,2022-05-25T09:51:25.000Z
"5/25/2022, 5:56:25 AM",3.646,78.1,100,1,2022-05-25T09:56:25.000Z
"5/25/2022, 6:01:25 AM",3.647,78.1,100,1,2022-05-25T10:01:25.000Z
"5/25/2022, 6:06:25 AM",3.646,78.6,100,1,2022-05-25T10:06:25.000Z
"5/25/2022, 6:11:25 AM",3.646,78.1,100,1,2022-05-25T10:11:25.000Z
"5/25/2022, 6:16:25 AM",3.646,78.4,100,1,2022-05-25T10:16:25.000Z
"5/25/2022, 6:21:25 AM",3.646,78.8,100,1,2022-05-25T10:21:25.000Z
"5/25/2022, 6:26:25 AM",3.645,79.2,100,1,2022-05-25T10:26:25.000Z
"5/25/2022, 6:31:25 AM",3.646,79.3,100,1,2022-05-25T10:31:25.000Z
"5/25/2022, 6:36:25 AM",3.646,79.3,100,1,2022-05-25T10:36:25.000Z
"5/25/2022, 6:41:25 AM",3.646,79.5,100,1,2022-05-25T10:41:25.000Z
"5/25/2022, 6:46:25 AM",3.645,79.5,100,1,2022-05-25T10:46:25.000Z
"5/25/2022, 6:51:25 AM",3.645,79.3,100,1,2022-05-25T10:51:25.000Z
"5/25/2022, 6:56:25 AM",3.646,79.5,100,2,2022-05-25T10:56:25.000Z
"5/25/2022, 7:01:25 AM",3.645,79.7,100,2,2022-05-25T11:01:25.000Z
"5/25/2022, 7:06:25 AM",3.646,79.7,100,1,2022-05-25T11:06:25.000Z
"5/25/2022, 7:11:25 AM",3.645,79.5,100,2,2022-05-25T11:11:25.000Z
"5/25/2022, 7:16:25 AM",3.645,79.5,100,1,2022-05-25T11:16:25.000Z
"5/25/2022, 7:21:25 AM",3.646,79.3,100,1,2022-05-25T11:21:25.000Z
"5/25/2022, 7:26:25 AM",3.645,79.3,100,1,2022-05-25T11:26:25.000Z
"5/25/2022, 7:31:25 AM",3.645,79.7,100,1,2022-05-25T11:31:25.000Z
"5/25/2022, 7:36:25 AM",3.645,79.5,100,1,2022-05-25T11:36:25.000Z
"5/25/2022, 7:41:25 AM",3.645,79.9,100,1,2022-05-25T11:41:25.000Z
"5/25/2022, 7:46:25 AM",3.645,80.1,100,1,2022-05-25T11:46:25.000Z
"5/25/2022, 7:51:25 AM",3.645,80.2,100,1,2022-05-25T11:51:25.000Z
"5/25/2022, 7:56:25 AM",3.645,80.2,100,1,2022-05-25T11:56:25.000Z
"5/25/2022, 8:01:25 AM",3.645,80.1,100,1,2022-05-25T12:01:25.000Z
"5/25/2022, 8:06:25 AM",3.645,80.2,100,1,2022-05-25T12:06:25.000Z
"5/25/2022, 8:11:25 AM",3.645,80.4,100,1,2022-05-25T12:11:25.000Z
"5/25/2022, 8:16:25 AM",3.645,80.8,100,2,2022-05-25T12:16:25.000Z
"5/25/2022, 8:21:25 AM",3.645,80.6,100,2,2022-05-25T12:21:25.000Z
"5/25/2022, 8:26:25 AM",3.645,81,100,2,2022-05-25T12:26:25.000Z
"5/25/2022, 8:31:25 AM",3.645,80.8,100,2,2022-05-25T12:31:25.000Z
"5/25/2022, 8:36:25 AM",3.644,81.1,100,2,2022-05-25T12:36:25.000Z
"5/25/2022, 8:41:25 AM",3.644,81.1,100,2,2022-05-25T12:41:25.000Z
"5/25/2022, 8:46:25 AM",3.645,81.5,100,2,2022-05-25T12:46:25.000Z
"5/25/2022, 8:51:25 AM",3.644,81.9,100,2,2022-05-25T12:51:25.000Z
"5/25/2022, 8:56:25 AM",3.644,82.2,100,2,2022-05-25T12:56:25.000Z
"5/25/2022, 9:01:25 AM",3.644,82,100,2,2022-05-25T13:01:25.000Z
"5/25/2022, 9:06:25 AM",3.644,82.6,100,2,2022-05-25T13:06:25.000Z
"5/25/2022, 9:11:25 AM",3.644,82.9,100,1,2022-05-25T13:11:25.000Z
"5/25/2022, 9:16:25 AM",3.644,82.9,100,1,2022-05-25T13:16:25.000Z
"5/25/2022, 9:21:25 AM",3.644,82.9,100,1,2022-05-25T13:21:25.000Z
"5/25/2022, 9:26:25 AM",3.644,82.9,100,1,2022-05-25T13:26:25.000Z
"5/25/2022, 9:31:25 AM",3.644,82.9,100,1,2022-05-25T13:31:25.000Z
"5/25/2022, 9:36:25 AM",3.644,82.9,100,1,2022-05-25T13:36:25.000Z
"5/25/2022, 9:41:25 AM",3.644,82.8,100,1,2022-05-25T13:41:25.000Z
"5/25/2022, 9:46:25 AM",3.644,82.8,100,1,2022-05-25T13:46:25.000Z
"5/25/2022, 9:51:25 AM",3.644,82.8,100,1,2022-05-25T13:51:25.000Z
"5/25/2022, 9:56:25 AM",3.644,82.6,100,1,2022-05-25T13:56:25.000Z
"5/25/2022, 10:01:25 AM",3.644,82.4,100,1,2022-05-25T14:01:25.000Z
"5/25/2022, 10:06:25 AM",3.644,82.8,100,1,2022-05-25T14:06:25.000Z
"5/25/2022, 10:11:25 AM",3.644,82.8,100,1,2022-05-25T14:11:25.000Z
"5/25/2022, 10:16:25 AM",3.644,82.9,100,1,2022-05-25T14:16:25.000Z
"5/25/2022, 10:21:25 AM",3.644,83.1,100,1,2022-05-25T14:21:25.000Z
"5/25/2022, 10:26:25 AM",3.644,82.9,100,1,2022-05-25T14:26:25.000Z
"5/25/2022, 10:31:25 AM",3.644,82.9,100,1,2022-05-25T14:31:25.000Z
"5/25/2022, 10:36:25 AM",3.644,83.3,100,1,2022-05-25T14:36:25.000Z
"5/25/2022, 10:41:25 AM",3.643,83.3,100,1,2022-05-25T14:41:25.000Z
"5/25/2022, 10:46:25 AM",3.643,83.7,100,1,2022-05-25T14:46:25.000Z
"5/25/2022, 10:51:25 AM",3.644,84,100,1,2022-05-25T14:51:25.000Z
"5/25/2022, 10:56:25 AM",3.643,84,100,0,2022-05-25T14:56:25.000Z
"5/25/2022, 11:01:25 AM",3.643,84.7,100,0,2022-05-25T15:01:25.000Z
"5/25/2022, 11:06:25 AM",3.643,84.9,100,0,2022-05-25T15:06:25.000Z
"5/25/2022, 11:11:25 AM",3.643,85.1,100,0,2022-05-25T15:11:25.000Z
"5/25/2022, 11:16:25 AM",3.643,85.6,100,1,2022-05-25T15:16:25.000Z
"5/25/2022, 11:21:25 AM",3.642,86,100,1,2022-05-25T15:21:25.000Z
"5/25/2022, 11:26:25 AM",3.642,86.5,100,1,2022-05-25T15:26:25.000Z
"5/25/2022, 11:31:25 AM",3.642,86.7,100,1,2022-05-25T15:31:25.000Z
"5/25/2022, 11:36:25 AM",3.642,86.7,100,1,2022-05-25T15:36:25.000Z
"5/25/2022, 11:41:25 AM",3.642,86.7,100,1,2022-05-25T15:41:25.000Z
"5/25/2022, 11:46:25 AM",3.642,87.1,100,1,2022-05-25T15:46:25.000Z
"5/25/2022, 11:51:25 AM",3.642,88,100,1,2022-05-25T15:51:25.000Z
"5/25/2022, 11:56:25 AM",3.642,88.2,100,1,2022-05-25T15:56:25.000Z
"5/25/2022, 12:01:25 PM",3.641,88.7,100,1,2022-05-25T16:01:25.000Z
"5/25/2022, 12:06:25 PM",3.641,89.1,100,1,2022-05-25T16:06:25.000Z
"5/25/2022, 12:11:25 PM",3.641,89.6,100,3,2022-05-25T16:11:25.000Z
"5/25/2022, 12:16:25 PM",3.641,90,100,2,2022-05-25T16:16:25.000Z
"5/25/2022, 12:21:25 PM",3.64,90.3,100,2,2022-05-25T16:21:25.000Z
"5/25/2022, 12:26:25 PM",3.64,90.3,100,2,2022-05-25T16:26:25.000Z
"5/25/2022, 12:31:25 PM",3.64,90.7,100,2,2022-05-25T16:31:25.000Z
"5/25/2022, 12:36:25 PM",3.64,91,100,2,2022-05-25T16:36:25.000Z
"5/25/2022, 12:41:25 PM",3.64,91.2,100,1,2022-05-25T16:41:25.000Z
"5/25/2022, 12:46:25 PM",3.64,91.2,100,1,2022-05-25T16:46:25.000Z
"5/25/2022, 12:51:25 PM",3.639,91.6,100,1,2022-05-25T16:51:25.000Z
"5/25/2022, 12:56:25 PM",3.639,92.1,100,2,2022-05-25T16:56:25.000Z
"5/25/2022, 1:01:25 PM",3.639,92.3,100,1,2022-05-25T17:01:25.000Z
"5/25/2022, 1:06:25 PM",3.639,92.8,100,1,2022-05-25T17:06:25.000Z
"5/25/2022, 1:11:25 PM",3.639,93,100,1,2022-05-25T17:11:25.000Z
"5/25/2022, 1:16:25 PM",3.639,93.2,100,2,2022-05-25T17:16:25.000Z
"5/25/2022, 1:21:25 PM",3.638,93.6,100,1,2022-05-25T17:21:25.000Z
"5/25/2022, 1:26:25 PM",3.638,93.9,100,1,2022-05-25T17:26:25.000Z
"5/25/2022, 1:31:25 PM",3.638,93.7,100,0,2022-05-25T17:31:25.000Z
"5/25/2022, 1:36:25 PM",3.638,93.7,100,1,2022-05-25T17:36:25.000Z
"5/25/2022, 1:41:25 PM",3.638,94.1,100,1,2022-05-25T17:41:25.000Z
"5/25/2022, 1:46:25 PM",3.638,94.5,100,0,2022-05-25T17:46:25.000Z
"5/25/2022, 1:51:25 PM",3.638,94.6,100,0,2022-05-25T17:51:25.000Z
"5/25/2022, 1:56:25 PM",3.637,94.6,100,0,2022-05-25T17:56:25.000Z
"5/25/2022, 2:01:25 PM",3.638,94.8,100,0,2022-05-25T18:01:25.000Z
"5/25/2022, 2:06:25 PM",3.638,94.8,100,0,2022-05-25T18:06:25.000Z
"5/25/2022, 2:11:25 PM",3.638,94.6,100,0,2022-05-25T18:11:25.000Z
"5/25/2022, 2:16:25 PM",3.638,94.6,100,1,2022-05-25T18:16:25.000Z
"5/25/2022, 2:21:25 PM",3.637,94.8,100,1,2022-05-25T18:21:25.000Z
"5/25/2022, 2:26:25 PM",3.638,94.8,100,1,2022-05-25T18:26:25.000Z
"5/25/2022, 2:31:25 PM",3.638,95.2,100,1,2022-05-25T18:31:25.000Z
"5/25/2022, 2:36:25 PM",3.638,95.4,100,1,2022-05-25T18:36:25.000Z
"5/25/2022, 2:41:25 PM",3.637,95.4,100,1,2022-05-25T18:41:25.000Z
"5/25/2022, 2:46:25 PM",3.638,94.8,100,1,2022-05-25T18:46:25.000Z
"5/25/2022, 2:51:25 PM",3.638,94.3,100,1,2022-05-25T18:51:25.000Z
"5/25/2022, 2:56:25 PM",3.638,93.9,100,1,2022-05-25T18:56:25.000Z
"5/25/2022, 3:01:25 PM",3.638,93.6,100,1,2022-05-25T19:01:25.000Z
"5/25/2022, 3:06:25 PM",3.64,93.4,100,1,2022-05-25T19:06:25.000Z
"5/25/2022, 3:11:25 PM",3.639,92.8,100,1,2022-05-25T19:11:25.000Z
"5/25/2022, 3:16:25 PM",3.64,92.7,100,1,2022-05-25T19:16:25.000Z
"5/25/2022, 3:21:25 PM",3.639,92.7,100,1,2022-05-25T19:21:25.000Z
"5/25/2022, 3:26:25 PM",3.64,92.8,100,1,2022-05-25T19:26:25.000Z
"5/25/2022, 3:31:25 PM",3.64,93.4,100,1,2022-05-25T19:31:25.000Z
"5/25/2022, 3:36:25 PM",3.639,94.3,100,1,2022-05-25T19:36:25.000Z
"5/25/2022, 3:41:25 PM",3.639,94.6,100,0,2022-05-25T19:41:25.000Z
"5/25/2022, 3:46:25 PM",3.639,94.6,100,1,2022-05-25T19:46:25.000Z
"5/25/2022, 3:51:25 PM",3.639,94.6,100,1,2022-05-25T19:51:25.000Z
"5/25/2022, 3:56:25 PM",3.639,94.3,100,1,2022-05-25T19:56:25.000Z
"5/25/2022, 4:01:25 PM",3.638,94.5,100,1,2022-05-25T20:01:25.000Z
"5/25/2022, 4:06:25 PM",3.639,95.4,100,1,2022-05-25T20:06:25.000Z
"5/25/2022, 4:11:25 PM",3.639,96.1,100,0,2022-05-25T20:11:25.000Z
"5/25/2022, 4:16:25 PM",3.638,96.6,100,0,2022-05-25T20:16:25.000Z
"5/25/2022, 4:21:25 PM",3.638,96.4,100,0,2022-05-25T20:21:25.000Z
"5/25/2022, 4:26:25 PM",3.638,96.3,100,0,2022-05-25T20:26:25.000Z
"5/25/2022, 4:31:25 PM",3.638,96.8,100,0,2022-05-25T20:31:25.000Z
"5/25/2022, 4:36:25 PM",3.637,97.9,100,0,2022-05-25T20:36:25.000Z
"5/25/2022, 4:41:25 PM",3.637,98.4,100,0,2022-05-25T20:41:25.000Z
"5/25/2022, 4:46:25 PM",3.637,99.5,100,0,2022-05-25T20:46:25.000Z
"5/25/2022, 4:51:25 PM",3.636,99.5,100,0,2022-05-25T20:51:25.000Z
"5/25/2022, 4:56:25 PM",3.637,98.8,100,0,2022-05-25T20:56:25.000Z
"5/25/2022, 5:01:25 PM",3.637,97.9,100,0,2022-05-25T21:01:25.000Z
"5/25/2022, 5:06:25 PM",3.637,97.2,100,0,2022-05-25T21:06:25.000Z
"5/25/2022, 5:11:25 PM",3.637,97.2,100,0,2022-05-25T21:11:25.000Z
"5/25/2022, 5:16:25 PM",3.637,97.3,100,0,2022-05-25T21:16:25.000Z
"5/25/2022, 5:21:25 PM",3.638,96.8,100,0,2022-05-25T21:21:25.000Z
"5/25/2022, 5:26:25 PM",3.638,95.7,100,0,2022-05-25T21:26:25.000Z
"5/25/2022, 5:31:25 PM",3.638,95.4,100,0,2022-05-25T21:31:25.000Z
"5/25/2022, 5:36:25 PM",3.639,95.2,100,0,2022-05-25T21:36:25.000Z
"5/25/2022, 5:41:25 PM",3.639,94.6,100,0,2022-05-25T21:41:25.000Z
"5/25/2022, 5:46:25 PM",3.64,93.9,100,0,2022-05-25T21:46:25.000Z
"5/25/2022, 5:51:25 PM",3.64,93.4,100,0,2022-05-25T21:51:25.000Z
"5/25/2022, 5:56:25 PM",3.64,92.8,100,0,2022-05-25T21:56:25.000Z
"5/25/2022, 6:01:25 PM",3.64,92.3,100,0,2022-05-25T22:01:25.000Z
"5/25/2022, 6:06:25 PM",3.641,91.8,100,0,2022-05-25T22:06:25.000Z
"5/25/2022, 6:11:25 PM",3.642,91.2,100,0,2022-05-25T22:11:25.000Z
"5/25/2022, 6:16:25 PM",3.642,90.9,100,1,2022-05-25T22:16:25.000Z
"5/25/2022, 6:21:25 PM",3.642,90.7,100,0,2022-05-25T22:21:25.000Z
"5/25/2022, 6:26:25 PM",3.642,90.3,100,0,2022-05-25T22:26:25.000Z
"5/25/2022, 6:31:25 PM",3.642,90.1,100,1,2022-05-25T22:31:25.000Z
"5/25/2022, 6:36:25 PM",3.643,89.8,100,1,2022-05-25T22:36:25.000Z
"5/25/2022, 6:41:25 PM",3.643,89.6,100,0,2022-05-25T22:41:25.000Z
"5/25/2022, 6:46:25 PM",3.643,89.4,100,0,2022-05-25T22:46:25.000Z
"5/25/2022, 6:51:25 PM",3.643,89.2,100,1,2022-05-25T22:51:25.000Z
"5/25/2022, 6:56:25 PM",3.643,88.9,100,0,2022-05-25T22:56:25.000Z
"5/25/2022, 7:01:25 PM",3.643,88.7,100,0,2022-05-25T23:01:25.000Z
"5/25/2022, 7:06:25 PM",3.644,88.3,100,1,2022-05-25T23:06:25.000Z
"5/25/2022, 7:11:25 PM",3.644,88.2,100,1,2022-05-25T23:11:25.000Z
"5/25/2022, 7:16:25 PM",3.644,88,100,0,2022-05-25T23:16:25.000Z
"5/25/2022, 7:21:25 PM",3.644,88,100,0,2022-05-25T23:21:25.000Z
"5/25/2022, 7:26:25 PM",3.644,88,100,0,2022-05-25T23:26:25.000Z
"5/25/2022, 7:31:25 PM",3.644,87.6,100,0,2022-05-25T23:31:25.000Z
"5/25/2022, 7:36:25 PM",3.645,87.4,100,0,2022-05-25T23:36:25.000Z
"5/25/2022, 7:41:25 PM",3.644,87.3,100,0,2022-05-25T23:41:25.000Z
"5/25/2022, 7:46:25 PM",3.644,87.1,100,0,2022-05-25T23:46:25.000Z
"5/25/2022, 7:51:25 PM",3.644,86.9,100,0,2022-05-25T23:51:25.000Z
"5/25/2022, 7:56:25 PM",3.645,86.7,100,0,2022-05-25T23:56:25.000Z
"5/25/2022, 8:01:25 PM",3.644,86.4,100,0,2022-05-26T00:01:25.000Z
"5/25/2022, 8:06:25 PM",3.644,86.2,100,0,2022-05-26T00:06:25.000Z
"5/25/2022, 8:11:25 PM",3.645,85.8,100,1,2022-05-26T00:11:25.000Z
"5/25/2022, 8:16:25 PM",3.645,85.5,100,1,2022-05-26T00:16:25.000Z
"5/25/2022, 8:21:25 PM",3.646,85.3,100,1,2022-05-26T00:21:25.000Z
"5/25/2022, 8:26:25 PM",3.645,84.7,100,1,2022-05-26T00:26:25.000Z
"5/25/2022, 8:31:25 PM",3.646,84.6,100,1,2022-05-26T00:31:25.000Z
"5/25/2022, 8:36:25 PM",3.646,84.4,100,0,2022-05-26T00:36:25.000Z
"5/25/2022, 8:41:25 PM",3.646,84.4,100,1,2022-05-26T00:41:25.000Z
"5/25/2022, 8:46:25 PM",3.646,84,100,0,2022-05-26T00:46:25.000Z
"5/25/2022, 8:51:25 PM",3.646,84,100,1,2022-05-26T00:51:25.000Z
"5/25/2022, 8:56:25 PM",3.646,83.8,100,0,2022-05-26T00:56:25.000Z
"5/25/2022, 9:01:25 PM",3.646,83.8,100,1,2022-05-26T01:01:25.000Z
"5/25/2022, 9:06:25 PM",3.646,83.8,100,0,2022-05-26T01:06:25.000Z
"5/25/2022, 9:11:25 PM",3.646,83.5,100,1,2022-05-26T01:11:25.000Z
"5/25/2022, 9:16:25 PM",3.646,83.3,100,1,2022-05-26T01:16:25.000Z
"5/25/2022, 9:21:25 PM",3.646,82.9,100,1,2022-05-26T01:21:25.000Z
"5/25/2022, 9:26:25 PM",3.647,82.8,100,1,2022-05-26T01:26:25.000Z
"5/25/2022, 9:31:25 PM",3.646,82.6,100,0,2022-05-26T01:31:25.000Z
"5/25/2022, 9:36:25 PM",3.647,82.2,100,0,2022-05-26T01:36:25.000Z
"5/25/2022, 9:41:25 PM",3.646,82,100,0,2022-05-26T01:41:25.000Z
"5/25/2022, 9:46:25 PM",3.647,82,100,0,2022-05-26T01:46:25.000Z
"5/25/2022, 9:51:25 PM",3.646,81.7,100,0,2022-05-26T01:51:25.000Z
"5/25/2022, 9:56:25 PM",3.647,81.7,100,0,2022-05-26T01:56:25.000Z
"5/25/2022, 10:01:25 PM",3.647,81.7,100,0,2022-05-26T02:01:25.000Z
"5/25/2022, 10:06:25 PM",3.647,81.7,100,0,2022-05-26T02:06:25.000Z
"5/25/2022, 10:11:25 PM",3.647,81.7,100,0,2022-05-26T02:11:25.000Z
"5/25/2022, 10:16:25 PM",3.647,81.7,100,0,2022-05-26T02:16:25.000Z
"5/25/2022, 10:21:25 PM",3.647,81.9,100,0,2022-05-26T02:21:25.000Z
"5/25/2022, 10:26:25 PM",3.647,81.9,100,0,2022-05-26T02:26:25.000Z
"5/25/2022, 10:31:25 PM",3.647,81.9,100,0,2022-05-26T02:31:25.000Z
"5/25/2022, 10:36:25 PM",3.647,81.7,100,0,2022-05-26T02:36:25.000Z
"5/25/2022, 10:41:25 PM",3.647,81.7,100,0,2022-05-26T02:41:25.000Z
"5/25/2022, 10:46:25 PM",3.647,81.9,100,0,2022-05-26T02:46:25.000Z
"5/25/2022, 10:51:25 PM",3.647,81.9,100,1,2022-05-26T02:51:25.000Z
"5/25/2022, 10:56:25 PM",3.647,82.2,100,1,2022-05-26T02:56:25.000Z
"5/25/2022, 11:01:25 PM",3.646,82.2,100,1,2022-05-26T03:01:25.000Z
"5/25/2022, 11:06:25 PM",3.646,82.2,100,0,2022-05-26T03:06:25.000Z
"5/25/2022, 11:11:25 PM",3.647,82.4,100,0,2022-05-26T03:11:25.000Z
"5/25/2022, 11:16:25 PM",3.647,82,100,1,2022-05-26T03:16:25.000Z
"5/25/2022, 11:21:25 PM",3.647,81.9,100,1,2022-05-26T03:21:25.000Z
"5/25/2022, 11:26:25 PM",3.647,81.7,100,0,2022-05-26T03:26:25.000Z
"5/25/2022, 11:31:25 PM",3.647,81.3,100,1,2022-05-26T03:31:25.000Z
"5/25/2022, 11:36:25 PM",3.647,81.1,100,1,2022-05-26T03:36:25.000Z
"5/25/2022, 11:41:25 PM",3.647,81,100,0,2022-05-26T03:41:25.000Z
"5/25/2022, 11:46:25 PM",3.647,80.8,100,1,2022-05-26T03:46:25.000Z
"5/25/2022, 11:51:25 PM",3.647,80.8,100,1,2022-05-26T03:51:25.000Z
"5/25/2022, 11:56:25 PM",3.647,80.8,100,1,2022-05-26T03:56:25.000Z
"5/26/2022, 12:01:25 AM",3.647,80.8,100,1,2022-05-26T04:01:25.000Z
"5/26/2022, 12:06:25 AM",3.647,81,100,1,2022-05-26T04:06:25.000Z
"5/26/2022, 12:11:25 AM",3.647,81.1,100,1,2022-05-26T04:11:25.000Z
"5/26/2022, 12:16:25 AM",3.647,81.3,100,1,2022-05-26T04:16:25.000Z
"5/26/2022, 12:21:25 AM",3.646,81.1,100,1,2022-05-26T04:21:25.000Z
"5/26/2022, 12:26:25 AM",3.647,81,100,1,2022-05-26T04:26:25.000Z
"5/26/2022, 12:31:25 AM",3.647,81.3,100,1,2022-05-26T04:31:25.000Z
"5/26/2022, 12:36:25 AM",3.646,81.3,100,1,2022-05-26T04:36:25.000Z
"5/26/2022, 12:41:25 AM",3.647,81.3,100,1,2022-05-26T04:41:25.000Z
"5/26/2022, 12:46:25 AM",3.647,81.3,100,1,2022-05-26T04:46:25.000Z
"5/26/2022, 12:51:25 AM",3.646,81.3,100,1,2022-05-26T04:51:25.000Z
"5/26/2022, 12:56:25 AM",3.646,81.5,100,1,2022-05-26T04:56:25.000Z
"5/26/2022, 1:01:25 AM",3.647,81.5,100,1,2022-05-26T05:01:25.000Z
"5/26/2022, 1:06:25 AM",3.647,81.5,100,1,2022-05-26T05:06:25.000Z
"5/26/2022, 1:11:25 AM",3.646,81.7,100,1,2022-05-26T05:11:25.000Z
"5/26/2022, 1:16:25 AM",3.647,81.7,100,1,2022-05-26T05:16:25.000Z
"5/26/2022, 1:21:25 AM",3.646,81.7,100,1,2022-05-26T05:21:25.000Z
"5/26/2022, 1:26:25 AM",3.646,81.7,100,1,2022-05-26T05:26:25.000Z
"5/26/2022, 1:31:25 AM",3.646,81.7,100,1,2022-05-26T05:31:25.000Z
"5/26/2022, 1:36:25 AM",3.646,81.7,100,1,2022-05-26T05:36:25.000Z
"5/26/2022, 1:41:25 AM",3.646,81.7,100,1,2022-05-26T05:41:25.000Z
"5/26/2022, 1:46:25 AM",3.646,81.7,100,1,2022-05-26T05:46:25.000Z
"5/26/2022, 1:51:25 AM",3.646,81.9,100,1,2022-05-26T05:51:25.000Z
"5/26/2022, 1:56:25 AM",3.646,81.7,100,1,2022-05-26T05:56:25.000Z
"5/26/2022, 2:01:25 AM",3.647,81.5,100,1,2022-05-26T06:01:25.000Z
"5/26/2022, 2:06:25 AM",3.647,81.5,100,1,2022-05-26T06:06:25.000Z
"5/26/2022, 2:11:25 AM",3.646,81.5,100,1,2022-05-26T06:11:25.000Z
"5/26/2022, 2:16:25 AM",3.646,81.5,100,1,2022-05-26T06:16:25.000Z
"5/26/2022, 2:21:25 AM",3.647,81.5,100,1,2022-05-26T06:21:25.000Z
"5/26/2022, 2:26:25 AM",3.647,81.5,100,1,2022-05-26T06:26:25.000Z
"5/26/2022, 2:31:25 AM",3.646,81.3,100,1,2022-05-26T06:31:25.000Z
"5/26/2022, 2:36:25 AM",3.646,81.3,100,0,2022-05-26T06:36:25.000Z
"5/26/2022, 2:41:25 AM",3.647,81.3,100,0,2022-05-26T06:41:25.000Z
"5/26/2022, 2:46:25 AM",3.646,81.1,100,1,2022-05-26T06:46:25.000Z
"5/26/2022, 2:51:25 AM",3.647,81.3,100,1,2022-05-26T06:51:25.000Z
"5/26/2022, 2:56:25 AM",3.646,81.3,100,0,2022-05-26T06:56:25.000Z
"5/26/2022, 3:01:25 AM",3.646,81.3,100,0,2022-05-26T07:01:25.000Z
"5/26/2022, 3:06:25 AM",3.647,81.3,100,0,2022-05-26T07:06:25.000Z
"5/26/2022, 3:11:25 AM",3.647,81.3,100,0,2022-05-26T07:11:25.000Z
"5/26/2022, 3:16:25 AM",3.646,81.3,100,0,2022-05-26T07:16:25.000Z
"5/26/2022, 3:21:25 AM",3.646,81.5,100,1,2022-05-26T07:21:25.000Z
"5/26/2022, 3:26:25 AM",3.647,81.3,100,1,2022-05-26T07:26:25.000Z
"5/26/2022, 3:31:25 AM",3.646,81.3,100,1,2022-05-26T07:31:25.000Z
"5/26/2022, 3:36:25 AM",3.646,81.3,100,1,2022-05-26T07:36:25.000Z
"5/26/2022, 3:41:25 AM",3.647,81.3,100,1,2022-05-26T07:41:25.000Z
"5/26/2022, 3:46:25 AM",3.646,81.3,100,1,2022-05-26T07:46:25.000Z
"5/26/2022, 3:51:25 AM",3.646,81.5,100,1,2022-05-26T07:51:25.000Z
"5/26/2022, 3:56:25 AM",3.646,81.3,100,2,2022-05-26T07:56:25.000Z
"5/26/2022, 4:01:25 AM",3.647,81.5,100,2,2022-05-26T08:01:25.000Z
"5/26/2022, 4:06:25 AM",3.646,81.5,100,2,2022-05-26T08:06:25.000Z
"5/26/2022, 4:11:25 AM",3.646,81.5,100,2,2022-05-26T08:11:25.000Z
"5/26/2022, 4:16:25 AM",3.646,81.5,100,2,2022-05-26T08:16:25.000Z
"5/26/2022, 4:21:25 AM",3.646,81.9,100,2,2022-05-26T08:21:25.000Z
"5/26/2022, 4:26:25 AM",3.646,81.5,100,2,2022-05-26T08:26:25.000Z
"5/26/2022, 4:31:25 AM",3.646,81.3,100,2,2022-05-26T08:31:25.000Z
"5/26/2022, 4:36:25 AM",3.647,81.3,100,2,2022-05-26T08:36:25.000Z
"5/26/2022, 4:41:25 AM",3.646,81.3,100,2,2022-05-26T08:41:25.000Z
"5/26/2022, 4:46:25 AM",3.646,81.3,100,2,2022-05-26T08:46:25.000Z
"5/26/2022, 4:51:25 AM",3.647,81.3,100,2,2022-05-26T08:51:25.000Z
"5/26/2022, 4:56:25 AM",3.646,81.5,100,2,2022-05-26T08:56:25.000Z
"5/26/2022, 5:01:25 AM",3.647,81.3,100,1,2022-05-26T09:01:25.000Z
"5/26/2022, 5:06:25 AM",3.646,81.3,100,1,2022-05-26T09:06:25.000Z
"5/26/2022, 5:11:25 AM",3.647,81.3,100,2,2022-05-26T09:11:25.000Z
"5/26/2022, 5:16:25 AM",3.646,81.3,100,1,2022-05-26T09:16:25.000Z
"5/26/2022, 5:21:25 AM",3.646,81.5,100,1,2022-05-26T09:21:25.000Z
"5/26/2022, 5:26:25 AM",3.647,81.3,100,1,2022-05-26T09:26:25.000Z
"5/26/2022, 5:31:25 AM",3.646,81.5,100,1,2022-05-26T09:31:25.000Z
"5/26/2022, 5:36:25 AM",3.646,81.5,100,1,2022-05-26T09:36:25.000Z
"5/26/2022, 5:41:25 AM",3.646,81.7,100,1,2022-05-26T09:41:25.000Z
"5/26/2022, 5:46:25 AM",3.646,81.5,100,1,2022-05-26T09:46:25.000Z
"5/26/2022, 5:51:25 AM",3.646,81.5,100,1,2022-05-26T09:51:25.000Z
"5/26/2022, 5:56:25 AM",3.646,81.3,100,1,2022-05-26T09:56:25.000Z
"5/26/2022, 6:01:25 AM",3.647,81.3,100,1,2022-05-26T10:01:25.000Z
"5/26/2022, 6:06:25 AM",3.647,81.5,100,1,2022-05-26T10:06:25.000Z
"5/26/2022, 6:11:25 AM",3.646,81.3,100,1,2022-05-26T10:11:25.000Z
"5/26/2022, 6:16:25 AM",3.647,81.3,100,1,2022-05-26T10:16:25.000Z
"5/26/2022, 6:21:25 AM",3.647,81.3,100,1,2022-05-26T10:21:25.000Z
"5/26/2022, 6:26:25 AM",3.646,81.3,100,1,2022-05-26T10:26:25.000Z
"5/26/2022, 6:31:25 AM",3.646,81.3,100,1,2022-05-26T10:31:25.000Z
"5/26/2022, 6:36:25 AM",3.646,81.1,100,1,2022-05-26T10:36:25.000Z
"5/26/2022, 6:41:25 AM",3.646,81.3,100,1,2022-05-26T10:41:25.000Z
"5/26/2022, 6:46:25 AM",3.646,81.5,100,1,2022-05-26T10:46:25.000Z
"5/26/2022, 6:51:25 AM",3.646,81.5,100,1,2022-05-26T10:51:25.000Z
"5/26/2022, 6:56:25 AM",3.646,81.3,100,1,2022-05-26T10:56:25.000Z
"5/26/2022, 7:01:25 AM",3.646,81.5,100,1,2022-05-26T11:01:25.000Z
"5/26/2022, 7:06:25 AM",3.646,81.3,100,1,2022-05-26T11:06:25.000Z
"5/26/2022, 7:11:25 AM",3.646,81.9,100,1,2022-05-26T11:11:25.000Z
"5/26/2022, 7:16:25 AM",3.646,81.9,100,1,2022-05-26T11:16:25.000Z
"5/26/2022, 7:21:25 AM",3.646,81.5,100,1,2022-05-26T11:21:25.000Z
"5/26/2022, 7:26:25 AM",3.646,81.3,100,1,2022-05-26T11:26:25.000Z
"5/26/2022, 7:31:25 AM",3.647,81.1,100,1,2022-05-26T11:31:25.000Z
"5/26/2022, 7:36:25 AM",3.647,81.1,100,1,2022-05-26T11:36:25.000Z
"5/26/2022, 7:41:25 AM",3.647,80.8,100,1,2022-05-26T11:41:25.000Z
"5/26/2022, 7:46:25 AM",3.647,80.4,100,1,2022-05-26T11:46:25.000Z
"5/26/2022, 7:51:25 AM",3.647,80.6,100,1,2022-05-26T11:51:25.000Z
"5/26/2022, 7:56:25 AM",3.647,80.4,100,1,2022-05-26T11:56:25.000Z
"5/26/2022, 8:01:25 AM",3.647,80.4,100,1,2022-05-26T12:01:25.000Z
"5/26/2022, 8:06:25 AM",3.647,80.6,100,1,2022-05-26T12:06:25.000Z
"5/26/2022, 8:11:25 AM",3.647,80.8,100,1,2022-05-26T12:11:25.000Z
"5/26/2022, 8:16:25 AM",3.647,80.8,100,1,2022-05-26T12:16:25.000Z
"5/26/2022, 8:21:25 AM",3.647,80.8,100,1,2022-05-26T12:21:25.000Z
"5/26/2022, 8:26:25 AM",3.647,81,100,1,2022-05-26T12:26:25.000Z
"5/26/2022, 8:31:25 AM",3.647,80.8,100,1,2022-05-26T12:31:25.000Z
"5/26/2022, 8:36:25 AM",3.646,80.8,100,1,2022-05-26T12:36:25.000Z
"5/26/2022, 8:41:25 AM",3.647,80.6,100,1,2022-05-26T12:41:25.000Z
"5/26/2022, 8:46:25 AM",3.647,80.4,100,1,2022-05-26T12:46:25.000Z
"5/26/2022, 8:51:25 AM",3.647,80.2,100,1,2022-05-26T12:51:25.000Z
"5/26/2022, 8:56:25 AM",3.647,80.1,100,1,2022-05-26T12:56:25.000Z
"5/26/2022, 9:01:25 AM",3.647,80.2,100,1,2022-05-26T13:01:25.000Z
"5/26/2022, 9:06:25 AM",3.647,80.4,100,1,2022-05-26T13:06:25.000Z
"5/26/2022, 9:11:25 AM",3.647,80.6,100,1,2022-05-26T13:11:25.000Z
"5/26/2022, 9:16:25 AM",3.647,80.8,100,1,2022-05-26T13:16:25.000Z
"5/26/2022, 9:21:25 AM",3.647,80.6,100,0,2022-05-26T13:21:25.000Z
"5/26/2022, 9:26:25 AM",3.647,80.8,100,0,2022-05-26T13:26:25.000Z
"5/26/2022, 9:31:25 AM",3.646,81,100,0,2022-05-26T13:31:25.000Z
"5/26/2022, 9:36:25 AM",3.646,81,100,0,2022-05-26T13:36:25.000Z
"5/26/2022, 9:41:25 AM",3.647,80.8,100,0,2022-05-26T13:41:25.000Z
"5/26/2022, 9:46:25 AM",3.647,80.6,100,1,2022-05-26T13:46:25.000Z
"5/26/2022, 9:51:25 AM",3.647,80.2,100,0,2022-05-26T13:51:25.000Z
"5/26/2022, 9:56:25 AM",3.647,80.1,100,0,2022-05-26T13:56:25.000Z
"5/26/2022, 10:01:25 AM",3.647,79.7,100,0,2022-05-26T14:01:25.000Z
"5/26/2022, 10:06:25 AM",3.647,79.7,100,0,2022-05-26T14:06:25.000Z
"5/26/2022, 10:11:25 AM",3.647,79.7,100,0,2022-05-26T14:11:25.000Z
"5/26/2022, 10:16:25 AM",3.647,79.5,100,0,2022-05-26T14:16:25.000Z
"5/26/2022, 10:21:25 AM",3.647,79.7,100,0,2022-05-26T14:21:25.000Z
"5/26/2022, 10:26:25 AM",3.648,79.5,100,1,2022-05-26T14:26:25.000Z
"5/26/2022, 10:31:25 AM",3.647,79.5,100,0,2022-05-26T14:31:25.000Z
"5/26/2022, 10:36:25 AM",3.647,79.7,100,1,2022-05-26T14:36:25.000Z
"5/26/2022, 10:41:25 AM",3.647,79.5,100,0,2022-05-26T14:41:25.000Z
"5/26/2022, 10:46:25 AM",3.647,79.5,100,0,2022-05-26T14:46:25.000Z
"5/26/2022, 10:51:25 AM",3.647,79.5,100,0,2022-05-26T14:51:25.000Z
"5/26/2022, 10:56:25 AM",3.647,79.5,100,1,2022-05-26T14:56:25.000Z
"5/26/2022, 11:01:25 AM",3.648,79.7,100,0,2022-05-26T15:01:25.000Z
"5/26/2022, 11:06:25 AM",3.647,79.9,100,0,2022-05-26T15:06:25.000Z
"5/26/2022, 11:11:25 AM",3.647,79.9,100,1,2022-05-26T15:11:25.000Z
"5/26/2022, 11:16:25 AM",3.647,80.2,100,1,2022-05-26T15:16:25.000Z
"5/26/2022, 11:21:25 AM",3.647,80.2,100,1,2022-05-26T15:21:25.000Z
"5/26/2022, 11:26:25 AM",3.647,80.8,100,1,2022-05-26T15:26:25.000Z
"5/26/2022, 11:31:25 AM",3.647,81.1,100,1,2022-05-26T15:31:25.000Z
"5/26/2022, 11:36:25 AM",3.646,81.5,100,1,2022-05-26T15:36:25.000Z
"5/26/2022, 11:41:25 AM",3.646,81.7,100,1,2022-05-26T15:41:25.000Z
"5/26/2022, 11:46:25 AM",3.646,81.7,100,0,2022-05-26T15:46:25.000Z
"5/26/2022, 11:51:25 AM",3.646,82,100,0,2022-05-26T15:51:25.000Z
"5/26/2022, 11:56:25 AM",3.646,82.2,100,0,2022-05-26T15:56:25.000Z
"5/26/2022, 12:01:25 PM",3.646,82.4,100,0,2022-05-26T16:01:25.000Z
"5/26/2022, 12:06:25 PM",3.645,82.6,100,0,2022-05-26T16:06:25.000Z
"5/26/2022, 12:11:25 PM",3.646,82.8,100,0,2022-05-26T16:11:25.000Z
"5/26/2022, 12:16:25 PM",3.646,82.8,100,0,2022-05-26T16:16:25.000Z
"5/26/2022, 12:21:25 PM",3.646,82.4,100,0,2022-05-26T16:21:25.000Z
"5/26/2022, 12:26:25 PM",3.645,82.6,100,0,2022-05-26T16:26:25.000Z
"5/26/2022, 12:31:25 PM",3.646,82.8,100,0,2022-05-26T16:31:25.000Z
"5/26/2022, 12:36:25 PM",3.646,82.6,100,0,2022-05-26T16:36:25.000Z
"5/26/2022, 12:41:25 PM",3.646,82.4,100,0,2022-05-26T16:41:25.000Z
"5/26/2022, 12:46:25 PM",3.645,82.6,100,0,2022-05-26T16:46:25.000Z
"5/26/2022, 12:51:25 PM",3.645,82.8,100,0,2022-05-26T16:51:25.000Z
"5/26/2022, 12:56:25 PM",3.645,82.9,100,0,2022-05-26T16:56:25.000Z
"5/26/2022, 1:01:25 PM",3.646,83.1,100,0,2022-05-26T17:01:25.000Z
"5/26/2022, 1:06:25 PM",3.645,83.3,100,0,2022-05-26T17:06:25.000Z
"5/26/2022, 1:11:25 PM",3.645,83.3,100,0,2022-05-26T17:11:25.000Z
"5/26/2022, 1:16:25 PM",3.645,83.1,100,0,2022-05-26T17:16:25.000Z
"5/26/2022, 1:21:25 PM",3.645,83.1,100,1,2022-05-26T17:21:25.000Z
"5/26/2022, 1:26:25 PM",3.645,83.3,100,0,2022-05-26T17:26:25.000Z
"5/26/2022, 1:31:25 PM",3.645,83.5,100,1,2022-05-26T17:31:25.000Z
"5/26/2022, 1:36:25 PM",3.645,83.7,100,0,2022-05-26T17:36:25.000Z
"5/26/2022, 1:41:25 PM",3.645,84,100,0,2022-05-26T17:41:25.000Z
"5/26/2022, 1:46:25 PM",3.645,84.4,100,0,2022-05-26T17:46:25.000Z
"5/26/2022, 1:51:25 PM",3.645,84.7,100,0,2022-05-26T17:51:25.000Z
"5/26/2022, 1:56:25 PM",3.644,85.1,100,0,2022-05-26T17:56:25.000Z
"5/26/2022, 2:01:25 PM",3.644,85.3,100,0,2022-05-26T18:01:25.000Z
"5/26/2022, 2:06:25 PM",3.644,85.8,100,0,2022-05-26T18:06:25.000Z
"5/26/2022, 2:11:25 PM",3.644,86,100,0,2022-05-26T18:11:25.000Z
"5/26/2022, 2:16:25 PM",3.644,86.2,100,0,2022-05-26T18:16:25.000Z
"5/26/2022, 2:21:25 PM",3.644,86.4,100,0,2022-05-26T18:21:25.000Z
"5/26/2022, 2:26:25 PM",3.644,86.2,100,0,2022-05-26T18:26:25.000Z
"5/26/2022, 2:31:25 PM",3.644,85.8,100,0,2022-05-26T18:31:25.000Z
"5/26/2022, 2:36:25 PM",3.644,85.3,100,0,2022-05-26T18:36:25.000Z
"5/26/2022, 2:41:25 PM",3.644,84.9,100,0,2022-05-26T18:41:25.000Z
"5/26/2022, 2:46:25 PM",3.645,84.4,100,0,2022-05-26T18:46:25.000Z
"5/26/2022, 2:51:25 PM",3.645,84,100,0,2022-05-26T18:51:25.000Z
"5/26/2022, 2:56:25 PM",3.645,83.7,100,0,2022-05-26T18:56:25.000Z
"5/26/2022, 3:01:25 PM",3.645,82.9,100,0,2022-05-26T19:01:25.000Z
"5/26/2022, 3:06:25 PM",3.646,82.2,100,0,2022-05-26T19:06:25.000Z
"5/26/2022, 3:11:25 PM",3.646,81.5,100,0,2022-05-26T19:11:25.000Z
"5/26/2022, 3:16:25 PM",3.646,81,100,0,2022-05-26T19:16:25.000Z
"5/26/2022, 3:21:25 PM",3.647,80.6,100,0,2022-05-26T19:21:25.000Z
"5/26/2022, 3:26:25 PM",3.647,80.1,100,0,2022-05-26T19:26:25.000Z
"5/26/2022, 3:31:25 PM",3.647,80.1,100,0,2022-05-26T19:31:25.000Z
"5/26/2022, 3:36:25 PM",3.647,79.9,100,0,2022-05-26T19:36:25.000Z
"5/26/2022, 3:41:25 PM",3.647,79.7,100,0,2022-05-26T19:41:25.000Z
"5/26/2022, 3:46:25 PM",3.648,79.5,100,1,2022-05-26T19:46:25.000Z
"5/26/2022, 3:51:25 PM",3.648,79.9,100,1,2022-05-26T19:51:25.000Z
"5/26/2022, 3:56:25 PM",3.648,80.1,100,0,2022-05-26T19:56:25.000Z
"5/26/2022, 4:01:25 PM",3.648,79.9,100,1,2022-05-26T20:01:25.000Z
"5/26/2022, 4:06:25 PM",3.648,80.1,100,1,2022-05-26T20:06:25.000Z
"5/26/2022, 4:11:25 PM",3.648,80.1,100,1,2022-05-26T20:11:25.000Z
"5/26/2022, 4:16:25 PM",3.648,80.1,100,0,2022-05-26T20:16:25.000Z
"5/26/2022, 4:21:25 PM",3.647,80.2,100,0,2022-05-26T20:21:25.000Z
"5/26/2022, 4:26:25 PM",3.647,80.4,100,0,2022-05-26T20:26:25.000Z
"5/26/2022, 4:31:25 PM",3.647,80.6,100,0,2022-05-26T20:31:25.000Z
"5/26/2022, 4:36:25 PM",3.647,81.3,100,0,2022-05-26T20:36:25.000Z
"5/26/2022, 4:41:25 PM",3.647,81.1,100,0,2022-05-26T20:41:25.000Z
"5/26/2022, 4:46:25 PM",3.647,81.5,100,0,2022-05-26T20:46:25.000Z
"5/26/2022, 4:51:25 PM",3.646,81.5,100,0,2022-05-26T20:51:25.000Z
"5/26/2022, 4:56:25 PM",3.646,81.3,100,0,2022-05-26T20:56:25.000Z
"5/26/2022, 5:01:25 PM",3.646,81.7,100,0,2022-05-26T21:01:25.000Z
"5/26/2022, 5:06:25 PM",3.646,81.9,100,0,2022-05-26T21:06:25.000Z
"5/26/2022, 5:11:25 PM",3.646,81.9,100,0,2022-05-26T21:11:25.000Z
"5/26/2022, 5:16:25 PM",3.646,81.5,100,0,2022-05-26T21:16:25.000Z
"5/26/2022, 5:21:25 PM",3.646,82.2,100,0,2022-05-26T21:21:25.000Z
"5/26/2022, 5:26:25 PM",3.646,82.9,100,0,2022-05-26T21:26:25.000Z
"5/26/2022, 5:31:25 PM",3.646,82.2,100,0,2022-05-26T21:31:25.000Z
"5/26/2022, 5:36:25 PM",3.646,82.9,100,0,2022-05-26T21:36:25.000Z
"5/26/2022, 5:41:25 PM",3.645,82.4,100,0,2022-05-26T21:41:25.000Z
"5/26/2022, 5:46:25 PM",3.646,82.2,100,0,2022-05-26T21:46:25.000Z
"5/26/2022, 5:51:25 PM",3.645,82.2,100,0,2022-05-26T21:51:25.000Z
"5/26/2022, 5:56:25 PM",3.646,82,100,0,2022-05-26T21:56:25.000Z
"5/26/2022, 6:01:25 PM",3.646,81.9,100,0,2022-05-26T22:01:25.000Z
"5/26/2022, 6:06:25 PM",3.646,82.6,100,0,2022-05-26T22:06:25.000Z
"5/26/2022, 6:11:25 PM",3.645,82.6,100,0,2022-05-26T22:11:25.000Z
"5/26/2022, 6:16:25 PM",3.646,82.6,100,0,2022-05-26T22:16:25.000Z
"5/26/2022, 6:21:25 PM",3.646,82.6,100,0,2022-05-26T22:21:25.000Z
"5/26/2022, 6:26:25 PM",3.646,82.4,100,0,2022-05-26T22:26:25.000Z
"5/26/2022, 6:31:25 PM",3.646,82,100,0,2022-05-26T22:31:25.000Z
"5/26/2022, 6:36:25 PM",3.646,81.7,100,1,2022-05-26T22:36:25.000Z
"5/26/2022, 6:41:25 PM",3.646,81.9,100,0,2022-05-26T22:41:25.000Z
"5/26/2022, 6:46:25 PM",3.646,81.7,100,1,2022-05-26T22:46:25.000Z
"5/26/2022, 6:51:25 PM",3.646,81.5,100,1,2022-05-26T22:51:25.000Z
"5/26/2022, 6:56:25 PM",3.646,81.5,100,0,2022-05-26T22:56:25.000Z
"5/26/2022, 7:01:25 PM",3.646,81.5,100,0,2022-05-26T23:01:25.000Z
"5/26/2022, 7:06:25 PM",3.647,81.3,100,0,2022-05-26T23:06:25.000Z
"5/26/2022, 7:11:25 PM",3.646,81.1,100,0,2022-05-26T23:11:25.000Z
"5/26/2022, 7:16:25 PM",3.647,81,100,0,2022-05-26T23:16:25.000Z
"5/26/2022, 7:21:25 PM",3.647,81,100,0,2022-05-26T23:21:25.000Z
"5/26/2022, 7:26:25 PM",3.647,81,100,0,2022-05-26T23:26:25.000Z
"5/26/2022, 7:31:25 PM",3.647,80.8,100,0,2022-05-26T23:31:25.000Z
"5/26/2022, 7:36:25 PM",3.647,80.4,100,1,2022-05-26T23:36:25.000Z
"5/26/2022, 7:41:25 PM",3.647,80.6,100,0,2022-05-26T23:41:25.000Z
"5/26/2022, 7:46:25 PM",3.647,80.4,100,0,2022-05-26T23:46:25.000Z
"5/26/2022, 7:51:25 PM",3.647,80.4,100,1,2022-05-26T23:51:25.000Z
"5/26/2022, 7:56:25 PM",3.647,80.4,100,1,2022-05-26T23:56:25.000Z
"5/26/2022, 8:01:25 PM",3.647,80.2,100,1,2022-05-27T00:01:25.000Z
"5/26/2022, 8:06:25 PM",3.647,80.2,100,1,2022-05-27T00:06:25.000Z
"5/26/2022, 8:11:25 PM",3.647,80.4,100,1,2022-05-27T00:11:25.000Z
"5/26/2022, 8:16:25 PM",3.647,80.4,100,1,2022-05-27T00:16:25.000Z
"5/26/2022, 8:21:25 PM",3.647,80.6,100,1,2022-05-27T00:21:25.000Z
"5/26/2022, 8:26:25 PM",3.647,80.4,100,1,2022-05-27T00:26:25.000Z
"5/26/2022, 8:31:25 PM",3.647,80.2,100,0,2022-05-27T00:31:25.000Z
"5/26/2022, 8:36:25 PM",3.647,80.2,100,0,2022-05-27T00:36:25.000Z
"5/26/2022, 8:41:25 PM",3.647,80.2,100,0,2022-05-27T00:41:25.000Z
"5/26/2022, 8:46:25 PM",3.647,80.1,100,1,2022-05-27T00:46:25.000Z
"5/26/2022, 8:51:25 PM",3.647,80.2,100,0,2022-05-27T00:51:25.000Z
"5/26/2022, 8:56:25 PM",3.646,80.2,100,0,2022-05-27T00:56:25.000Z
"5/26/2022, 9:01:25 PM",3.647,80.2,100,0,2022-05-27T01:01:25.000Z
"5/26/2022, 9:06:25 PM",3.647,80.1,100,0,2022-05-27T01:06:25.000Z
"5/26/2022, 9:11:25 PM",3.647,80.1,100,1,2022-05-27T01:11:25.000Z
"5/26/2022, 9:16:25 PM",3.646,79.9,100,1,2022-05-27T01:16:25.000Z
"5/26/2022, 9:21:25 PM",3.647,79.7,100,1,2022-05-27T01:21:25.000Z
"5/26/2022, 9:26:25 PM",3.647,79.7,100,1,2022-05-27T01:26:25.000Z
"5/26/2022, 9:31:25 PM",3.647,79.7,100,1,2022-05-27T01:31:25.000Z
"5/26/2022, 9:36:25 PM",3.647,79.7,100,1,2022-05-27T01:36:25.000Z
"5/26/2022, 9:41:25 PM",3.647,79.7,100,1,2022-05-27T01:41:25.000Z
"5/26/2022, 9:46:25 PM",3.647,79.7,100,2,2022-05-27T01:46:25.000Z
"5/26/2022, 9:51:25 PM",3.647,79.3,100,1,2022-05-27T01:51:25.000Z
"5/26/2022, 9:56:25 PM",3.647,79.5,100,2,2022-05-27T01:56:25.000Z
"5/26/2022, 10:01:25 PM",3.647,79.3,100,1,2022-05-27T02:01:25.000Z
"5/26/2022, 10:06:25 PM",3.647,79.3,100,1,2022-05-27T02:06:25.000Z
"5/26/2022, 10:11:25 PM",3.647,79.3,100,1,2022-05-27T02:11:25.000Z
"5/26/2022, 10:16:25 PM",3.647,79.3,100,1,2022-05-27T02:16:25.000Z
"5/26/2022, 10:21:25 PM",3.647,79.3,100,1,2022-05-27T02:21:25.000Z
"5/26/2022, 10:26:25 PM",3.647,79.7,100,1,2022-05-27T02:26:25.000Z
"5/26/2022, 10:31:25 PM",3.647,79.7,100,1,2022-05-27T02:31:25.000Z
"5/26/2022, 10:36:25 PM",3.647,79.7,100,1,2022-05-27T02:36:25.000Z
"5/26/2022, 10:41:25 PM",3.647,79.7,100,1,2022-05-27T02:41:25.000Z
"5/26/2022, 10:46:25 PM",3.647,79.7,100,1,2022-05-27T02:46:25.000Z
"5/26/2022, 10:51:25 PM",3.647,79.7,100,1,2022-05-27T02:51:25.000Z
"5/26/2022, 10:56:25 PM",3.647,79.7,100,1,2022-05-27T02:56:25.000Z
"5/26/2022, 11:01:25 PM",3.647,79.5,100,1,2022-05-27T03:01:25.000Z
"5/26/2022, 11:06:25 PM",3.647,79.2,100,1,2022-05-27T03:06:25.000Z
"5/26/2022, 11:11:25 PM",3.647,79.5,100,1,2022-05-27T03:11:25.000Z
"5/26/2022, 11:16:25 PM",3.647,79.5,100,1,2022-05-27T03:16:25.000Z
"5/26/2022, 11:21:25 PM",3.647,79.5,100,1,2022-05-27T03:21:25.000Z
"5/26/2022, 11:26:25 PM",3.647,79.7,100,1,2022-05-27T03:26:25.000Z
"5/26/2022, 11:31:25 PM",3.647,79.5,100,1,2022-05-27T03:31:25.000Z
"5/26/2022, 11:36:25 PM",3.647,79.3,100,1,2022-05-27T03:36:25.000Z
"5/26/2022, 11:41:25 PM",3.647,79.7,100,1,2022-05-27T03:41:25.000Z
"5/26/2022, 11:46:25 PM",3.647,79.7,100,1,2022-05-27T03:46:25.000Z
"5/26/2022, 11:51:25 PM",3.647,79.5,100,1,2022-05-27T03:51:25.000Z
"5/26/2022, 11:56:25 PM",3.647,79.3,100,1,2022-05-27T03:56:25.000Z
"5/27/2022, 12:01:25 AM",3.647,79.5,100,1,2022-05-27T04:01:25.000Z
"5/27/2022, 12:06:25 AM",3.647,79.5,100,1,2022-05-27T04:06:25.000Z
"5/27/2022, 12:11:25 AM",3.647,79.9,100,1,2022-05-27T04:11:25.000Z
"5/27/2022, 12:16:25 AM",3.647,79.9,100,1,2022-05-27T04:16:25.000Z
"5/27/2022, 12:21:25 AM",3.646,79.9,100,1,2022-05-27T04:21:25.000Z
"5/27/2022, 12:26:25 AM",3.647,79.7,100,1,2022-05-27T04:26:25.000Z
"5/27/2022, 12:31:25 AM",3.647,79.9,100,1,2022-05-27T04:31:25.000Z
"5/27/2022, 12:36:25 AM",3.647,80.1,100,1,2022-05-27T04:36:25.000Z
"5/27/2022, 12:41:25 AM",3.647,80.1,100,1,2022-05-27T04:41:25.000Z
"5/27/2022, 12:46:25 AM",3.647,79.9,100,1,2022-05-27T04:46:25.000Z
"5/27/2022, 12:51:25 AM",3.647,79.5,100,1,2022-05-27T04:51:25.000Z
"5/27/2022, 12:56:25 AM",3.647,79.7,100,1,2022-05-27T04:56:25.000Z
"5/27/2022, 1:01:25 AM",3.647,79.9,100,1,2022-05-27T05:01:25.000Z
"5/27/2022, 1:06:25 AM",3.647,79.5,100,1,2022-05-27T05:06:25.000Z
"5/27/2022, 1:11:25 AM",3.646,79.5,100,1,2022-05-27T05:11:25.000Z
"5/27/2022, 1:16:25 AM",3.647,79.3,100,1,2022-05-27T05:16:25.000Z
"5/27/2022, 1:21:25 AM",3.647,79.3,100,1,2022-05-27T05:21:25.000Z
"5/27/2022, 1:26:25 AM",3.647,79.7,100,1,2022-05-27T05:26:25.000Z
"5/27/2022, 1:31:25 AM",3.647,79.9,100,0,2022-05-27T05:31:25.000Z
"5/27/2022, 1:36:25 AM",3.646,79.7,100,1,2022-05-27T05:36:25.000Z
"5/27/2022, 1:41:25 AM",3.646,79.5,100,1,2022-05-27T05:41:25.000Z
"5/27/2022, 1:46:25 AM",3.647,79.3,100,1,2022-05-27T05:46:25.000Z
"5/27/2022, 1:51:25 AM",3.647,79.3,100,1,2022-05-27T05:51:25.000Z
"5/27/2022, 1:56:25 AM",3.647,79.2,100,1,2022-05-27T05:56:25.000Z
"5/27/2022, 2:01:25 AM",3.647,79,100,1,2022-05-27T06:01:25.000Z
"5/27/2022, 2:06:25 AM",3.647,79,100,0,2022-05-27T06:06:25.000Z
"5/27/2022, 2:11:25 AM",3.647,79.2,100,1,2022-05-27T06:11:25.000Z
"5/27/2022, 2:16:25 AM",3.647,79,100,1,2022-05-27T06:16:25.000Z
"5/27/2022, 2:21:25 AM",3.647,79,100,1,2022-05-27T06:21:25.000Z
"5/27/2022, 2:26:25 AM",3.647,78.8,100,1,2022-05-27T06:26:25.000Z
"5/27/2022, 2:31:25 AM",3.647,78.8,100,1,2022-05-27T06:31:25.000Z
"5/27/2022, 2:36:25 AM",3.647,78.6,100,1,2022-05-27T06:36:25.000Z
"5/27/2022, 2:41:25 AM",3.647,78.8,100,1,2022-05-27T06:41:25.000Z
"5/27/2022, 2:46:25 AM",3.647,79,100,0,2022-05-27T06:46:25.000Z
"5/27/2022, 2:51:25 AM",3.647,78.6,100,1,2022-05-27T06:51:25.000Z
"5/27/2022, 2:56:25 AM",3.648,78.6,100,1,2022-05-27T06:56:25.000Z
"5/27/2022, 3:01:25 AM",3.647,78.4,100,0,2022-05-27T07:01:25.000Z
"5/27/2022, 3:06:25 AM",3.648,78.4,100,0,2022-05-27T07:06:25.000Z
"5/27/2022, 3:11:25 AM",3.647,78.4,100,1,2022-05-27T07:11:25.000Z
"5/27/2022, 3:16:25 AM",3.648,78.4,100,1,2022-05-27T07:16:25.000Z
"5/27/2022, 3:21:25 AM",3.648,78.4,100,1,2022-05-27T07:21:25.000Z
"5/27/2022, 3:26:25 AM",3.648,78.3,100,1,2022-05-27T07:26:25.000Z
"5/27/2022, 3:31:25 AM",3.648,78.1,100,1,2022-05-27T07:31:25.000Z
"5/27/2022, 3:36:25 AM",3.647,77.7,100,1,2022-05-27T07:36:25.000Z
"5/27/2022, 3:41:25 AM",3.647,77.7,100,1,2022-05-27T07:41:25.000Z
"5/27/2022, 3:46:25 AM",3.647,77.5,100,1,2022-05-27T07:46:25.000Z
"5/27/2022, 3:51:25 AM",3.648,77.4,100,1,2022-05-27T07:51:25.000Z
"5/27/2022, 3:56:25 AM",3.647,77.2,100,1,2022-05-27T07:56:25.000Z
"5/27/2022, 4:01:25 AM",3.648,77.2,100,2,2022-05-27T08:01:25.000Z
"5/27/2022, 4:06:25 AM",3.648,76.8,100,2,2022-05-27T08:06:25.000Z
"5/27/2022, 4:11:25 AM",3.648,76.8,100,2,2022-05-27T08:11:25.000Z
"5/27/2022, 4:16:25 AM",3.648,77,100,2,2022-05-27T08:16:25.000Z
"5/27/2022, 4:21:25 AM",3.648,76.8,100,2,2022-05-27T08:21:25.000Z
"5/27/2022, 4:26:25 AM",3.648,76.8,100,2,2022-05-27T08:26:25.000Z
"5/27/2022, 4:31:25 AM",3.648,76.8,100,2,2022-05-27T08:31:25.000Z
"5/27/2022, 4:36:25 AM",3.648,76.8,100,2,2022-05-27T08:36:25.000Z
"5/27/2022, 4:41:25 AM",3.648,76.8,100,2,2022-05-27T08:41:25.000Z
"5/27/2022, 4:46:25 AM",3.648,76.8,100,1,2022-05-27T08:46:25.000Z
"5/27/2022, 4:51:25 AM",3.648,76.8,100,2,2022-05-27T08:51:25.000Z
"5/27/2022, 4:56:25 AM",3.648,76.8,100,2,2022-05-27T08:56:25.000Z
"5/27/2022, 5:01:25 AM",3.648,76.8,100,1,2022-05-27T09:01:25.000Z
"5/27/2022, 5:06:25 AM",3.648,76.6,100,1,2022-05-27T09:06:25.000Z
"5/27/2022, 5:11:25 AM",3.648,76.5,100,1,2022-05-27T09:11:25.000Z
"5/27/2022, 5:16:25 AM",3.648,76.3,100,1,2022-05-27T09:16:25.000Z
"5/27/2022, 5:21:25 AM",3.648,76.6,100,1,2022-05-27T09:21:25.000Z
"5/27/2022, 5:26:25 AM",3.648,76.6,100,1,2022-05-27T09:26:25.000Z
"5/27/2022, 5:31:25 AM",3.648,76.6,100,1,2022-05-27T09:31:25.000Z
"5/27/2022, 5:36:25 AM",3.648,76.6,100,1,2022-05-27T09:36:25.000Z
"5/27/2022, 5:41:25 AM",3.648,76.6,100,1,2022-05-27T09:41:25.000Z
"5/27/2022, 5:46:25 AM",3.648,76.8,100,1,2022-05-27T09:46:25.000Z
"5/27/2022, 5:51:25 AM",3.648,76.6,100,1,2022-05-27T09:51:25.000Z
"5/27/2022, 5:56:25 AM",3.648,76.6,100,1,2022-05-27T09:56:25.000Z
"5/27/2022, 6:01:25 AM",3.648,76.6,100,1,2022-05-27T10:01:25.000Z
"5/27/2022, 6:06:25 AM",3.647,76.5,100,1,2022-05-27T10:06:25.000Z
"5/27/2022, 6:11:25 AM",3.648,76.1,100,1,2022-05-27T10:11:25.000Z
"5/27/2022, 6:16:25 AM",3.648,75.9,100,1,2022-05-27T10:16:25.000Z
"5/27/2022, 6:21:25 AM",3.648,75.4,100,1,2022-05-27T10:21:25.000Z
"5/27/2022, 6:26:25 AM",3.648,75.2,100,1,2022-05-27T10:26:25.000Z
"5/27/2022, 6:31:25 AM",3.648,75.6,100,1,2022-05-27T10:31:25.000Z
"5/27/2022, 6:36:25 AM",3.648,76.1,100,1,2022-05-27T10:36:25.000Z
"5/27/2022, 6:41:25 AM",3.648,76.3,100,1,2022-05-27T10:41:25.000Z
"5/27/2022, 6:46:25 AM",3.647,76.6,100,1,2022-05-27T10:46:25.000Z
"5/27/2022, 6:51:25 AM",3.648,77,100,1,2022-05-27T10:51:25.000Z
"5/27/2022, 6:56:25 AM",3.647,77,100,1,2022-05-27T10:56:25.000Z
"5/27/2022, 7:01:25 AM",3.647,77.2,100,1,2022-05-27T11:01:25.000Z
"5/27/2022, 7:06:25 AM",3.647,77.4,100,1,2022-05-27T11:06:25.000Z
"5/27/2022, 7:11:25 AM",3.647,77.2,100,1,2022-05-27T11:11:25.000Z
"5/27/2022, 7:16:25 AM",3.647,77.4,100,1,2022-05-27T11:16:25.000Z
"5/27/2022, 7:21:25 AM",3.647,77.4,100,1,2022-05-27T11:21:25.000Z
"5/27/2022, 7:26:25 AM",3.647,77.5,100,1,2022-05-27T11:26:25.000Z
"5/27/2022, 7:31:25 AM",3.647,77.7,100,1,2022-05-27T11:31:25.000Z
"5/27/2022, 7:36:25 AM",3.647,77.7,100,1,2022-05-27T11:36:25.000Z
"5/27/2022, 7:41:25 AM",3.647,78.1,100,1,2022-05-27T11:41:25.000Z
"5/27/2022, 7:46:25 AM",3.647,78.1,100,1,2022-05-27T11:46:25.000Z
"5/27/2022, 7:51:25 AM",3.647,78.1,100,1,2022-05-27T11:51:25.000Z
"5/27/2022, 7:56:25 AM",3.647,78.3,100,1,2022-05-27T11:56:25.000Z
"5/27/2022, 8:01:25 AM",3.646,78.4,100,1,2022-05-27T12:01:25.000Z
"5/27/2022, 8:06:25 AM",3.646,78.4,100,1,2022-05-27T12:06:25.000Z
"5/27/2022, 8:11:25 AM",3.646,78.4,100,2,2022-05-27T12:11:25.000Z
"5/27/2022, 8:16:25 AM",3.647,78.4,100,2,2022-05-27T12:16:25.000Z
"5/27/2022, 8:21:25 AM",3.647,78.4,100,2,2022-05-27T12:21:25.000Z
"5/27/2022, 8:26:25 AM",3.647,78.3,100,2,2022-05-27T12:26:25.000Z
"5/27/2022, 8:31:25 AM",3.646,78.6,100,2,2022-05-27T12:31:25.000Z
"5/27/2022, 8:36:25 AM",3.647,79,100,2,2022-05-27T12:36:25.000Z
"5/27/2022, 8:41:25 AM",3.646,79.5,100,1,2022-05-27T12:41:25.000Z
"5/27/2022, 8:46:25 AM",3.646,79.5,100,1,2022-05-27T12:46:25.000Z
"5/27/2022, 8:51:25 AM",3.646,79.9,100,1,2022-05-27T12:51:25.000Z
"5/27/2022, 8:56:25 AM",3.646,80.1,100,1,2022-05-27T12:56:25.000Z
"5/27/2022, 9:01:25 AM",3.646,80.4,100,1,2022-05-27T13:01:25.000Z
"5/27/2022, 9:06:25 AM",3.646,80.8,100,1,2022-05-27T13:06:25.000Z
"5/27/2022, 9:11:25 AM",3.645,81,100,1,2022-05-27T13:11:25.000Z
"5/27/2022, 9:16:25 AM",3.645,81.1,100,1,2022-05-27T13:16:25.000Z
"5/27/2022, 9:21:25 AM",3.646,81.1,100,1,2022-05-27T13:21:25.000Z
"5/27/2022, 9:26:25 AM",3.645,81,100,1,2022-05-27T13:26:25.000Z
"5/27/2022, 9:31:25 AM",3.645,81.3,100,1,2022-05-27T13:31:25.000Z
"5/27/2022, 9:36:25 AM",3.645,81.7,100,1,2022-05-27T13:36:25.000Z
"5/27/2022, 9:41:25 AM",3.645,81.9,100,1,2022-05-27T13:41:25.000Z
"5/27/2022, 9:46:25 AM",3.645,82,100,1,2022-05-27T13:46:25.000Z
"5/27/2022, 9:51:25 AM",3.645,82.2,100,1,2022-05-27T13:51:25.000Z
"5/27/2022, 9:56:25 AM",3.645,82,100,1,2022-05-27T13:56:25.000Z
"5/27/2022, 10:01:25 AM",3.645,81.9,100,0,2022-05-27T14:01:25.000Z
"5/27/2022, 10:06:25 AM",3.645,81.5,100,0,2022-05-27T14:06:25.000Z
"5/27/2022, 10:11:25 AM",3.645,81.1,100,0,2022-05-27T14:11:25.000Z
"5/27/2022, 10:16:25 AM",3.646,81,100,1,2022-05-27T14:16:25.000Z
"5/27/2022, 10:21:25 AM",3.646,80.6,100,0,2022-05-27T14:21:25.000Z
"5/27/2022, 10:26:25 AM",3.646,80.8,100,1,2022-05-27T14:26:25.000Z
"5/27/2022, 10:31:25 AM",3.646,81,100,1,2022-05-27T14:31:25.000Z
"5/27/2022, 10:36:25 AM",3.646,80.8,100,1,2022-05-27T14:36:25.000Z
"5/27/2022, 10:41:25 AM",3.646,80.8,100,0,2022-05-27T14:41:25.000Z
"5/27/2022, 10:46:25 AM",3.646,81,100,0,2022-05-27T14:46:25.000Z
"5/27/2022, 10:51:25 AM",3.646,80.8,100,0,2022-05-27T14:51:25.000Z
"5/27/2022, 10:56:25 AM",3.646,80.8,100,0,2022-05-27T14:56:25.000Z
"5/27/2022, 11:01:25 AM",3.646,81,100,0,2022-05-27T15:01:25.000Z
"5/27/2022, 11:06:25 AM",3.646,80.8,100,0,2022-05-27T15:06:25.000Z
"5/27/2022, 11:11:25 AM",3.646,80.4,100,1,2022-05-27T15:11:25.000Z
"5/27/2022, 11:16:25 AM",3.646,80.1,100,0,2022-05-27T15:16:25.000Z
"5/27/2022, 11:21:25 AM",3.647,79.7,100,0,2022-05-27T15:21:25.000Z
"5/27/2022, 11:26:25 AM",3.646,79.7,100,1,2022-05-27T15:26:25.000Z
"5/27/2022, 11:31:25 AM",3.646,79.7,100,0,2022-05-27T15:31:25.000Z
"5/27/2022, 11:36:25 AM",3.647,79.5,100,1,2022-05-27T15:36:25.000Z
"5/27/2022, 11:41:25 AM",3.647,79.3,100,0,2022-05-27T15:41:25.000Z
"5/27/2022, 11:46:25 AM",3.647,79.3,100,0,2022-05-27T15:46:25.000Z
"5/27/2022, 11:51:25 AM",3.647,79.7,100,0,2022-05-27T15:51:25.000Z
"5/27/2022, 11:56:25 AM",3.647,79.9,100,1,2022-05-27T15:56:25.000Z
"5/27/2022, 12:01:25 PM",3.647,80.4,100,0,2022-05-27T16:01:25.000Z
"5/27/2022, 12:06:25 PM",3.646,80.6,100,0,2022-05-27T16:06:25.000Z
"5/27/2022, 12:11:25 PM",3.646,80.8,100,0,2022-05-27T16:11:25.000Z
"5/27/2022, 12:16:25 PM",3.646,80.8,100,0,2022-05-27T16:16:25.000Z
"5/27/2022, 12:21:25 PM",3.645,81.5,100,0,2022-05-27T16:21:25.000Z
"5/27/2022, 12:26:25 PM",3.645,82,100,0,2022-05-27T16:26:25.000Z
"5/27/2022, 12:31:25 PM",3.645,82,100,0,2022-05-27T16:31:25.000Z
"5/27/2022, 12:36:25 PM",3.645,82.2,100,0,2022-05-27T16:36:25.000Z
"5/27/2022, 12:41:25 PM",3.645,82.6,100,0,2022-05-27T16:41:25.000Z
"5/27/2022, 12:46:25 PM",3.644,82.6,100,0,2022-05-27T16:46:25.000Z
"5/27/2022, 12:51:25 PM",3.645,82.9,100,0,2022-05-27T16:51:25.000Z
"5/27/2022, 12:56:25 PM",3.644,82.9,100,0,2022-05-27T16:56:25.000Z
"5/27/2022, 1:01:25 PM",3.645,83.1,100,0,2022-05-27T17:01:25.000Z
"5/27/2022, 1:06:25 PM",3.644,83.3,100,0,2022-05-27T17:06:25.000Z
"5/27/2022, 1:11:25 PM",3.644,83.8,100,0,2022-05-27T17:11:25.000Z
"5/27/2022, 1:16:25 PM",3.644,84.2,100,0,2022-05-27T17:16:25.000Z
"5/27/2022, 1:21:25 PM",3.644,84.6,100,0,2022-05-27T17:21:25.000Z
"5/27/2022, 1:26:25 PM",3.644,84.9,100,0,2022-05-27T17:26:25.000Z
"5/27/2022, 1:31:25 PM",3.644,85.3,100,0,2022-05-27T17:31:25.000Z
"5/27/2022, 1:36:25 PM",3.643,85.5,100,0,2022-05-27T17:36:25.000Z
"5/27/2022, 1:41:25 PM",3.643,85.6,100,0,2022-05-27T17:41:25.000Z
"5/27/2022, 1:46:25 PM",3.643,86,100,0,2022-05-27T17:46:25.000Z
"5/27/2022, 1:51:25 PM",3.643,86.2,100,0,2022-05-27T17:51:25.000Z
"5/27/2022, 1:56:25 PM",3.643,86,100,0,2022-05-27T17:56:25.000Z
"5/27/2022, 2:01:25 PM",3.643,85.6,100,0,2022-05-27T18:01:25.000Z
"5/27/2022, 2:06:25 PM",3.643,85.5,100,1,2022-05-27T18:06:25.000Z
"5/27/2022, 2:11:25 PM",3.643,85.6,100,1,2022-05-27T18:11:25.000Z
"5/27/2022, 2:16:25 PM",3.643,86.2,100,1,2022-05-27T18:16:25.000Z
"5/27/2022, 2:21:25 PM",3.643,86,100,1,2022-05-27T18:21:25.000Z
"5/27/2022, 2:26:25 PM",3.643,85.6,100,1,2022-05-27T18:26:25.000Z
"5/27/2022, 2:31:25 PM",3.644,84.6,100,1,2022-05-27T18:31:25.000Z
"5/27/2022, 2:36:25 PM",3.644,83.7,100,1,2022-05-27T18:36:25.000Z
"5/27/2022, 2:41:25 PM",3.644,83.3,100,1,2022-05-27T18:41:25.000Z
"5/27/2022, 2:46:25 PM",3.644,83.7,100,1,2022-05-27T18:46:25.000Z
"5/27/2022, 2:51:25 PM",3.644,84,100,1,2022-05-27T18:51:25.000Z
"5/27/2022, 2:56:25 PM",3.644,84.4,100,1,2022-05-27T18:56:25.000Z
"5/27/2022, 3:01:25 PM",3.644,84.9,100,1,2022-05-27T19:01:25.000Z
"5/27/2022, 3:06:25 PM",3.644,85.5,100,1,2022-05-27T19:06:25.000Z
"5/27/2022, 3:11:25 PM",3.644,85.3,100,1,2022-05-27T19:11:25.000Z
"5/27/2022, 3:16:25 PM",3.644,84.9,100,1,2022-05-27T19:16:25.000Z
"5/27/2022, 3:21:25 PM",3.644,84.4,100,1,2022-05-27T19:21:25.000Z
"5/27/2022, 3:26:25 PM",3.644,83.8,100,2,2022-05-27T19:26:25.000Z
"5/27/2022, 3:31:25 PM",3.644,83.1,100,2,2022-05-27T19:31:25.000Z
"5/27/2022, 3:36:25 PM",3.645,82.6,100,2,2022-05-27T19:36:25.000Z
"5/27/2022, 3:41:25 PM",3.645,82.4,100,2,2022-05-27T19:41:25.000Z
"5/27/2022, 3:46:25 PM",3.645,82.4,100,2,2022-05-27T19:46:25.000Z
"5/27/2022, 3:51:25 PM",3.645,82.9,100,1,2022-05-27T19:51:25.000Z
"5/27/2022, 3:56:25 PM",3.645,84,100,1,2022-05-27T19:56:25.000Z
"5/27/2022, 4:01:25 PM",3.645,84.9,100,1,2022-05-27T20:01:25.000Z
"5/27/2022, 4:06:25 PM",3.644,86.2,100,1,2022-05-27T20:06:25.000Z
"5/27/2022, 4:11:25 PM",3.643,86.4,100,1,2022-05-27T20:11:25.000Z
"5/27/2022, 4:16:25 PM",3.643,86,100,1,2022-05-27T20:16:25.000Z
"5/27/2022, 4:21:25 PM",3.643,85.8,100,1,2022-05-27T20:21:25.000Z
"5/27/2022, 4:26:25 PM",3.644,85.5,100,1,2022-05-27T20:26:25.000Z
"5/27/2022, 4:31:25 PM",3.644,85.1,100,1,2022-05-27T20:31:25.000Z
"5/27/2022, 4:36:25 PM",3.644,84.7,100,1,2022-05-27T20:36:25.000Z
"5/27/2022, 4:41:25 PM",3.644,84.4,100,1,2022-05-27T20:41:25.000Z
"5/27/2022, 4:46:25 PM",3.644,84.2,100,1,2022-05-27T20:46:25.000Z
"5/27/2022, 4:51:25 PM",3.645,83.8,100,1,2022-05-27T20:51:25.000Z
"5/27/2022, 4:56:25 PM",3.645,83.5,100,1,2022-05-27T20:56:25.000Z
"5/27/2022, 5:01:25 PM",3.644,84.2,100,1,2022-05-27T21:01:25.000Z
"5/27/2022, 5:06:25 PM",3.644,84.2,100,1,2022-05-27T21:06:25.000Z
"5/27/2022, 5:11:25 PM",3.645,83.3,100,1,2022-05-27T21:11:25.000Z
"5/27/2022, 5:16:25 PM",3.645,83.3,100,1,2022-05-27T21:16:25.000Z
"5/27/2022, 5:21:25 PM",3.645,83.5,100,1,2022-05-27T21:21:25.000Z
"5/27/2022, 5:26:25 PM",3.645,84.4,100,1,2022-05-27T21:26:25.000Z
"5/27/2022, 5:31:25 PM",3.645,84.4,100,1,2022-05-27T21:31:25.000Z
"5/27/2022, 5:36:25 PM",3.645,84,100,1,2022-05-27T21:36:25.000Z
"5/27/2022, 5:41:25 PM",3.645,83.5,100,1,2022-05-27T21:41:25.000Z
"5/27/2022, 5:46:25 PM",3.645,83.1,100,1,2022-05-27T21:46:25.000Z
"5/27/2022, 5:51:25 PM",3.645,82.8,100,1,2022-05-27T21:51:25.000Z
"5/27/2022, 5:56:25 PM",3.645,82.4,100,1,2022-05-27T21:56:25.000Z
"5/27/2022, 6:01:25 PM",3.645,82.2,100,1,2022-05-27T22:01:25.000Z
"5/27/2022, 6:06:25 PM",3.645,82.2,100,1,2022-05-27T22:06:25.000Z
"5/27/2022, 6:11:25 PM",3.646,82,100,1,2022-05-27T22:11:25.000Z
"5/27/2022, 6:16:25 PM",3.646,82,100,1,2022-05-27T22:16:25.000Z
"5/27/2022, 6:21:25 PM",3.646,81.5,100,1,2022-05-27T22:21:25.000Z
"5/27/2022, 6:26:25 PM",3.646,81.5,100,2,2022-05-27T22:26:25.000Z
"5/27/2022, 6:31:25 PM",3.646,81.1,100,2,2022-05-27T22:31:25.000Z
"5/27/2022, 6:36:25 PM",3.646,80.8,100,1,2022-05-27T22:36:25.000Z
"5/27/2022, 6:41:25 PM",3.646,80.8,100,2,2022-05-27T22:41:25.000Z
"5/27/2022, 6:46:25 PM",3.646,80.6,100,1,2022-05-27T22:46:25.000Z
"5/27/2022, 6:51:25 PM",3.646,80.6,100,2,2022-05-27T22:51:25.000Z
"5/27/2022, 6:56:25 PM",3.647,80.2,100,2,2022-05-27T22:56:25.000Z
"5/27/2022, 7:01:25 PM",3.647,79.9,100,2,2022-05-27T23:01:25.000Z
"5/27/2022, 7:06:25 PM",3.647,79.7,100,2,2022-05-27T23:06:25.000Z
"5/27/2022, 7:11:25 PM",3.647,79.3,100,2,2022-05-27T23:11:25.000Z
"5/27/2022, 7:16:25 PM",3.648,79.3,100,2,2022-05-27T23:16:25.000Z
"5/27/2022, 7:21:25 PM",3.647,79.2,100,2,2022-05-27T23:21:25.000Z
"5/27/2022, 7:26:25 PM",3.647,79,100,2,2022-05-27T23:26:25.000Z
"5/27/2022, 7:31:25 PM",3.647,78.6,100,2,2022-05-27T23:31:25.000Z
"5/27/2022, 7:36:25 PM",3.647,78.4,100,2,2022-05-27T23:36:25.000Z
"5/27/2022, 7:41:25 PM",3.647,78.1,100,2,2022-05-27T23:41:25.000Z
"5/27/2022, 7:46:25 PM",3.648,78.3,100,2,2022-05-27T23:46:25.000Z
"5/27/2022, 7:51:25 PM",3.648,78.1,100,2,2022-05-27T23:51:25.000Z
"5/27/2022, 7:56:25 PM",3.648,77.9,100,2,2022-05-27T23:56:25.000Z
"5/27/2022, 8:01:25 PM",3.648,78.1,100,2,2022-05-28T00:01:25.000Z
"5/27/2022, 8:06:25 PM",3.648,78.1,100,2,2022-05-28T00:06:25.000Z
"5/27/2022, 8:11:25 PM",3.648,78.1,100,2,2022-05-28T00:11:25.000Z
"5/27/2022, 8:16:25 PM",3.647,78.1,100,2,2022-05-28T00:16:25.000Z
"5/27/2022, 8:21:25 PM",3.647,78.1,100,2,2022-05-28T00:21:25.000Z
"5/27/2022, 8:26:25 PM",3.647,78.1,100,2,2022-05-28T00:26:25.000Z
"5/27/2022, 8:31:25 PM",3.647,78.4,100,2,2022-05-28T00:31:25.000Z
"5/27/2022, 8:36:25 PM",3.647,78.8,100,2,2022-05-28T00:36:25.000Z
"5/27/2022, 8:41:25 PM",3.647,78.6,100,2,2022-05-28T00:41:25.000Z
"5/27/2022, 8:46:25 PM",3.647,78.8,100,2,2022-05-28T00:46:25.000Z
"5/27/2022, 8:51:25 PM",3.647,78.8,100,2,2022-05-28T00:51:25.000Z
"5/27/2022, 8:56:25 PM",3.647,78.4,100,2,2022-05-28T00:56:25.000Z
"5/27/2022, 9:01:25 PM",3.647,78.1,100,2,2022-05-28T01:01:25.000Z
"5/27/2022, 9:06:25 PM",3.647,78.1,100,2,2022-05-28T01:06:25.000Z
"5/27/2022, 9:11:25 PM",3.647,78.1,100,2,2022-05-28T01:11:25.000Z
"5/27/2022, 9:16:25 PM",3.647,77.5,100,2,2022-05-28T01:16:25.000Z
"5/27/2022, 9:21:25 PM",3.648,77.5,100,2,2022-05-28T01:21:25.000Z
"5/27/2022, 9:26:25 PM",3.648,77.7,100,2,2022-05-28T01:26:25.000Z
"5/27/2022, 9:31:25 PM",3.648,77.7,100,2,2022-05-28T01:31:25.000Z
"5/27/2022, 9:36:25 PM",3.648,77.5,100,2,2022-05-28T01:36:25.000Z
"5/27/2022, 9:41:25 PM",3.648,77.5,100,2,2022-05-28T01:41:25.000Z
"5/27/2022, 9:46:25 PM",3.648,77.5,100,3,2022-05-28T01:46:25.000Z
"5/27/2022, 9:51:25 PM",3.648,77.7,100,3,2022-05-28T01:51:25.000Z
"5/27/2022, 9:56:25 PM",3.648,77.5,100,2,2022-05-28T01:56:25.000Z
"5/27/2022, 10:01:25 PM",3.648,77.5,100,3,2022-05-28T02:01:25.000Z
"5/27/2022, 10:06:25 PM",3.648,77.4,100,3,2022-05-28T02:06:25.000Z
"5/27/2022, 10:11:25 PM",3.648,77.4,100,3,2022-05-28T02:11:25.000Z
"5/27/2022, 10:16:25 PM",3.647,77.5,100,3,2022-05-28T02:16:25.000Z
"5/27/2022, 10:21:25 PM",3.647,77.5,100,3,2022-05-28T02:21:25.000Z
"5/27/2022, 10:26:25 PM",3.648,77.5,100,3,2022-05-28T02:26:25.000Z
"5/27/2022, 10:31:25 PM",3.648,77.5,100,3,2022-05-28T02:31:25.000Z
"5/27/2022, 10:36:25 PM",3.647,77.7,100,3,2022-05-28T02:36:25.000Z
"5/27/2022, 10:41:25 PM",3.647,77.5,100,3,2022-05-28T02:41:25.000Z
"5/27/2022, 10:46:25 PM",3.648,77.4,100,3,2022-05-28T02:46:25.000Z
"5/27/2022, 10:51:25 PM",3.647,77.5,100,3,2022-05-28T02:51:25.000Z
"5/27/2022, 10:56:25 PM",3.648,77.4,100,3,2022-05-28T02:56:25.000Z
"5/27/2022, 11:01:25 PM",3.648,77.5,100,3,2022-05-28T03:01:25.000Z
"5/27/2022, 11:06:25 PM",3.647,77.5,100,3,2022-05-28T03:06:25.000Z
"5/27/2022, 11:11:25 PM",3.647,77.2,100,2,2022-05-28T03:11:25.000Z
"5/27/2022, 11:16:25 PM",3.648,77,100,2,2022-05-28T03:16:25.000Z
"5/27/2022, 11:21:25 PM",3.648,77,100,2,2022-05-28T03:21:25.000Z
"5/27/2022, 11:26:25 PM",3.648,77,100,2,2022-05-28T03:26:25.000Z
"5/27/2022, 11:31:25 PM",3.648,76.8,100,2,2022-05-28T03:31:25.000Z
"5/27/2022, 11:36:25 PM",3.648,76.6,100,2,2022-05-28T03:36:25.000Z
"5/27/2022, 11:41:25 PM",3.648,76.5,100,2,2022-05-28T03:41:25.000Z
"5/27/2022, 11:46:25 PM",3.648,76.5,100,2,2022-05-28T03:46:25.000Z
"5/27/2022, 11:51:25 PM",3.648,76.6,100,2,2022-05-28T03:51:25.000Z
"5/27/2022, 11:56:25 PM",3.647,76.6,100,2,2022-05-28T03:56:25.000Z
"5/28/2022, 12:01:25 AM",3.648,76.6,100,2,2022-05-28T04:01:25.000Z
"5/28/2022, 12:06:25 AM",3.648,76.5,100,2,2022-05-28T04:06:25.000Z
"5/28/2022, 12:11:25 AM",3.648,76.5,100,2,2022-05-28T04:11:25.000Z
"5/28/2022, 12:16:25 AM",3.648,76.6,100,2,2022-05-28T04:16:25.000Z
"5/28/2022, 12:21:25 AM",3.647,76.5,100,2,2022-05-28T04:21:25.000Z
"5/28/2022, 12:26:25 AM",3.647,76.5,100,2,2022-05-28T04:26:25.000Z
"5/28/2022, 12:31:25 AM",3.648,76.5,100,3,2022-05-28T04:31:25.000Z
"5/28/2022, 12:36:25 AM",3.648,76.6,100,3,2022-05-28T04:36:25.000Z
"5/28/2022, 12:41:25 AM",3.648,76.5,100,2,2022-05-28T04:41:25.000Z
"5/28/2022, 12:46:25 AM",3.648,76.3,100,3,2022-05-28T04:46:25.000Z
"5/28/2022, 12:51:25 AM",3.647,76.5,100,3,2022-05-28T04:51:25.000Z
"5/28/2022, 12:56:25 AM",3.647,76.5,100,3,2022-05-28T04:56:25.000Z
"5/28/2022, 1:01:25 AM",3.648,76.6,100,3,2022-05-28T05:01:25.000Z
"5/28/2022, 1:06:25 AM",3.648,76.5,100,3,2022-05-28T05:06:25.000Z
"5/28/2022, 1:11:25 AM",3.648,76.5,100,3,2022-05-28T05:11:25.000Z
"5/28/2022, 1:16:25 AM",3.648,76.6,100,3,2022-05-28T05:16:25.000Z
"5/28/2022, 1:21:25 AM",3.648,76.6,100,3,2022-05-28T05:21:25.000Z
"5/28/2022, 1:26:25 AM",3.647,76.6,100,3,2022-05-28T05:26:25.000Z
"5/28/2022, 1:31:25 AM",3.648,76.3,100,3,2022-05-28T05:31:25.000Z
"5/28/2022, 1:36:25 AM",3.647,76.3,100,3,2022-05-28T05:36:25.000Z
"5/28/2022, 1:41:25 AM",3.648,75.9,100,2,2022-05-28T05:41:25.000Z
"5/28/2022, 1:46:25 AM",3.648,75.6,100,2,2022-05-28T05:46:25.000Z
"5/28/2022, 1:51:25 AM",3.648,75.6,100,3,2022-05-28T05:51:25.000Z
"5/28/2022, 1:56:25 AM",3.648,75.7,100,3,2022-05-28T05:56:25.000Z
"5/28/2022, 2:01:25 AM",3.648,75.6,100,2,2022-05-28T06:01:25.000Z
"5/28/2022, 2:06:25 AM",3.648,75.4,100,2,2022-05-28T06:06:25.000Z
"5/28/2022, 2:11:25 AM",3.648,75.7,100,2,2022-05-28T06:11:25.000Z
"5/28/2022, 2:16:25 AM",3.648,76.1,100,2,2022-05-28T06:16:25.000Z
"5/28/2022, 2:21:25 AM",3.648,76.1,100,2,2022-05-28T06:21:25.000Z
"5/28/2022, 2:26:25 AM",3.648,76.1,100,2,2022-05-28T06:26:25.000Z
"5/28/2022, 2:31:25 AM",3.647,75.7,100,2,2022-05-28T06:31:25.000Z
"5/28/2022, 2:36:25 AM",3.648,75.7,100,2,2022-05-28T06:36:25.000Z
"5/28/2022, 2:41:25 AM",3.648,75.9,100,2,2022-05-28T06:41:25.000Z
"5/28/2022, 2:46:25 AM",3.648,76.3,100,2,2022-05-28T06:46:25.000Z
"5/28/2022, 2:51:25 AM",3.648,76.1,100,2,2022-05-28T06:51:25.000Z
"5/28/2022, 2:56:25 AM",3.648,76.1,100,2,2022-05-28T06:56:25.000Z
"5/28/2022, 3:01:25 AM",3.648,76.1,100,2,2022-05-28T07:01:25.000Z
"5/28/2022, 3:06:25 AM",3.648,75.7,100,2,2022-05-28T07:06:25.000Z
"5/28/2022, 3:11:25 AM",3.648,75.7,100,2,2022-05-28T07:11:25.000Z
"5/28/2022, 3:16:25 AM",3.647,75.7,100,2,2022-05-28T07:16:25.000Z
"5/28/2022, 3:21:25 AM",3.647,76.1,100,3,2022-05-28T07:21:25.000Z
"5/28/2022, 3:26:25 AM",3.648,75.9,100,2,2022-05-28T07:26:25.000Z
"5/28/2022, 3:31:25 AM",3.648,75.7,100,3,2022-05-28T07:31:25.000Z
"5/28/2022, 3:36:25 AM",3.647,75.6,100,2,2022-05-28T07:36:25.000Z
"5/28/2022, 3:41:25 AM",3.648,75.9,100,3,2022-05-28T07:41:25.000Z
"5/28/2022, 3:46:25 AM",3.647,75.7,100,2,2022-05-28T07:46:25.000Z
"5/28/2022, 3:51:25 AM",3.647,75.4,100,2,2022-05-28T07:51:25.000Z
"5/28/2022, 3:56:25 AM",3.648,75.4,100,3,2022-05-28T07:56:25.000Z
"5/28/2022, 4:01:25 AM",3.648,75.4,100,2,2022-05-28T08:01:25.000Z
"5/28/2022, 4:06:25 AM",3.648,75.2,100,2,2022-05-28T08:06:25.000Z
"5/28/2022, 4:11:25 AM",3.648,75.4,100,2,2022-05-28T08:11:25.000Z
"5/28/2022, 4:16:25 AM",3.647,75.7,100,3,2022-05-28T08:16:25.000Z
"5/28/2022, 4:21:25 AM",3.648,75.7,100,2,2022-05-28T08:21:25.000Z
"5/28/2022, 4:26:25 AM",3.647,75.4,100,2,2022-05-28T08:26:25.000Z
"5/28/2022, 4:31:25 AM",3.648,75.7,100,3,2022-05-28T08:31:25.000Z
"5/28/2022, 4:36:25 AM",3.647,76.1,100,2,2022-05-28T08:36:25.000Z
"5/28/2022, 4:41:25 AM",3.648,76.6,100,2,2022-05-28T08:41:25.000Z
"5/28/2022, 4:46:25 AM",3.647,76.6,100,2,2022-05-28T08:46:25.000Z
"5/28/2022, 4:51:25 AM",3.647,76.5,100,2,2022-05-28T08:51:25.000Z
"5/28/2022, 4:56:25 AM",3.647,76.8,100,3,2022-05-28T08:56:25.000Z
"5/28/2022, 5:01:25 AM",3.647,76.8,100,2,2022-05-28T09:01:25.000Z
"5/28/2022, 5:06:25 AM",3.647,76.3,100,2,2022-05-28T09:06:25.000Z
"5/28/2022, 5:11:25 AM",3.647,76.5,100,2,2022-05-28T09:11:25.000Z
"5/28/2022, 5:16:25 AM",3.647,76.5,100,2,2022-05-28T09:16:25.000Z
"5/28/2022, 5:21:25 AM",3.647,76.3,100,2,2022-05-28T09:21:25.000Z
"5/28/2022, 5:26:25 AM",3.647,76.5,100,2,2022-05-28T09:26:25.000Z
"5/28/2022, 5:31:25 AM",3.647,76.5,100,2,2022-05-28T09:31:25.000Z
"5/28/2022, 5:36:25 AM",3.647,76.5,100,2,2022-05-28T09:36:25.000Z
"5/28/2022, 5:41:25 AM",3.647,76.5,100,2,2022-05-28T09:41:25.000Z
"5/28/2022, 5:46:25 AM",3.647,76.3,100,2,2022-05-28T09:46:25.000Z
"5/28/2022, 5:51:25 AM",3.647,76.3,100,2,2022-05-28T09:51:25.000Z
"5/28/2022, 5:56:25 AM",3.647,76.3,100,2,2022-05-28T09:56:25.000Z
"5/28/2022, 6:01:25 AM",3.647,76.3,100,2,2022-05-28T10:01:25.000Z
"5/28/2022, 6:06:25 AM",3.647,76.5,100,3,2022-05-28T10:06:25.000Z
"5/28/2022, 6:11:25 AM",3.647,76.6,100,3,2022-05-28T10:11:25.000Z
"5/28/2022, 6:16:25 AM",3.647,76.1,100,3,2022-05-28T10:16:25.000Z
"5/28/2022, 6:21:25 AM",3.647,76.3,100,2,2022-05-28T10:21:25.000Z
"5/28/2022, 6:26:25 AM",3.648,76.5,100,3,2022-05-28T10:26:25.000Z
"5/28/2022, 6:31:25 AM",3.647,76.6,100,3,2022-05-28T10:31:25.000Z
"5/28/2022, 6:36:25 AM",3.647,76.8,100,3,2022-05-28T10:36:25.000Z
"5/28/2022, 6:41:25 AM",3.647,77,100,3,2022-05-28T10:41:25.000Z
"5/28/2022, 6:46:25 AM",3.646,77.2,100,3,2022-05-28T10:46:25.000Z
"5/28/2022, 6:51:25 AM",3.647,77.4,100,3,2022-05-28T10:51:25.000Z
"5/28/2022, 6:56:25 AM",3.647,77.5,100,3,2022-05-28T10:56:25.000Z
"5/28/2022, 7:01:25 AM",3.647,77.7,100,3,2022-05-28T11:01:25.000Z
"5/28/2022, 7:06:25 AM",3.647,77.7,100,3,2022-05-28T11:06:25.000Z
"5/28/2022, 7:11:25 AM",3.646,77.7,100,3,2022-05-28T11:11:25.000Z
"5/28/2022, 7:16:25 AM",3.646,77,100,3,2022-05-28T11:16:25.000Z
"5/28/2022, 7:21:25 AM",3.646,77.4,100,3,2022-05-28T11:21:25.000Z
"5/28/2022, 7:26:25 AM",3.647,77.4,100,3,2022-05-28T11:26:25.000Z
"5/28/2022, 7:31:25 AM",3.647,77.2,100,3,2022-05-28T11:31:25.000Z
"5/28/2022, 7:36:25 AM",3.647,76.8,100,3,2022-05-28T11:36:25.000Z
"5/28/2022, 7:41:25 AM",3.647,76.6,100,3,2022-05-28T11:41:25.000Z
"5/28/2022, 7:46:25 AM",3.646,76.6,100,3,2022-05-28T11:46:25.000Z
"5/28/2022, 7:51:25 AM",3.647,77.2,100,3,2022-05-28T11:51:25.000Z
"5/28/2022, 7:56:25 AM",3.647,77.2,100,3,2022-05-28T11:56:25.000Z
"5/28/2022, 8:01:25 AM",3.647,76.8,100,3,2022-05-28T12:01:25.000Z
"5/28/2022, 8:06:25 AM",3.647,76.1,100,3,2022-05-28T12:06:25.000Z
"5/28/2022, 8:11:25 AM",3.647,76.5,100,3,2022-05-28T12:11:25.000Z
"5/28/2022, 8:16:25 AM",3.647,76.8,100,3,2022-05-28T12:16:25.000Z
"5/28/2022, 8:21:25 AM",3.647,76.6,100,3,2022-05-28T12:21:25.000Z
"5/28/2022, 8:26:25 AM",3.647,76.3,100,2,2022-05-28T12:26:25.000Z
"5/28/2022, 8:31:25 AM",3.647,76.3,100,3,2022-05-28T12:31:25.000Z
"5/28/2022, 8:36:25 AM",3.647,76.5,100,3,2022-05-28T12:36:25.000Z
"5/28/2022, 8:41:25 AM",3.647,76.1,100,2,2022-05-28T12:41:25.000Z
"5/28/2022, 8:46:25 AM",3.647,76.1,100,2,2022-05-28T12:46:25.000Z
"5/28/2022, 8:51:25 AM",3.647,76.5,100,3,2022-05-28T12:51:25.000Z
"5/28/2022, 8:56:25 AM",3.647,77.4,100,3,2022-05-28T12:56:25.000Z
"5/28/2022, 9:01:25 AM",3.647,78.1,100,3,2022-05-28T13:01:25.000Z
"5/28/2022, 9:06:25 AM",3.646,79,100,3,2022-05-28T13:06:25.000Z
"5/28/2022, 9:11:25 AM",3.646,79.7,100,3,2022-05-28T13:11:25.000Z
"5/28/2022, 9:16:25 AM",3.646,80.1,100,2,2022-05-28T13:16:25.000Z
"5/28/2022, 9:21:25 AM",3.645,78.8,100,2,2022-05-28T13:21:25.000Z
"5/28/2022, 9:26:25 AM",3.645,80.2,100,2,2022-05-28T13:26:25.000Z
"5/28/2022, 9:31:25 AM",3.645,80.6,100,2,2022-05-28T13:31:25.000Z
"5/28/2022, 9:36:25 AM",3.644,81.3,100,3,2022-05-28T13:36:25.000Z
"5/28/2022, 9:41:25 AM",3.644,81.3,100,2,2022-05-28T13:41:25.000Z
"5/28/2022, 9:46:25 AM",3.644,82,100,2,2022-05-28T13:46:25.000Z
"5/28/2022, 9:51:25 AM",3.644,81.1,100,2,2022-05-28T13:51:25.000Z
"5/28/2022, 9:56:25 AM",3.644,81.3,100,3,2022-05-28T13:56:25.000Z
"5/28/2022, 10:01:25 AM",3.644,82.9,100,3,2022-05-28T14:01:25.000Z
"5/28/2022, 10:06:25 AM",3.643,83.8,100,2,2022-05-28T14:06:25.000Z
"5/28/2022, 10:11:25 AM",3.643,84.2,100,2,2022-05-28T14:11:25.000Z
"5/28/2022, 10:16:25 AM",3.642,84,100,2,2022-05-28T14:16:25.000Z
"5/28/2022, 10:21:25 AM",3.643,82.6,100,2,2022-05-28T14:21:25.000Z
"5/28/2022, 10:26:25 AM",3.643,82.9,100,1,2022-05-28T14:26:25.000Z
"5/28/2022, 10:31:25 AM",3.643,82.9,100,1,2022-05-28T14:31:25.000Z
"5/28/2022, 10:36:25 AM",3.643,82.8,100,1,2022-05-28T14:36:25.000Z
"5/28/2022, 10:41:25 AM",3.644,83.1,100,1,2022-05-28T14:41:25.000Z
"5/28/2022, 10:46:25 AM",3.644,82.8,100,1,2022-05-28T14:46:25.000Z
"5/28/2022, 10:51:25 AM",3.644,82.9,100,1,2022-05-28T14:51:25.000Z
"5/28/2022, 10:56:25 AM",3.644,82.4,100,1,2022-05-28T14:56:25.000Z
"5/28/2022, 11:01:25 AM",3.644,82.2,100,1,2022-05-28T15:01:25.000Z
"5/28/2022, 11:06:25 AM",3.644,82.2,100,1,2022-05-28T15:06:25.000Z
"5/28/2022, 11:11:25 AM",3.644,82.6,100,1,2022-05-28T15:11:25.000Z
"5/28/2022, 11:16:25 AM",3.644,82.9,100,1,2022-05-28T15:16:25.000Z
"5/28/2022, 11:21:25 AM",3.644,82.8,100,1,2022-05-28T15:21:25.000Z
"5/28/2022, 11:26:25 AM",3.644,82.6,100,0,2022-05-28T15:26:25.000Z
"5/28/2022, 11:31:25 AM",3.644,82.4,100,1,2022-05-28T15:31:25.000Z
"5/28/2022, 11:36:25 AM",3.644,81.9,100,1,2022-05-28T15:36:25.000Z
"5/28/2022, 11:41:25 AM",3.645,81.9,100,1,2022-05-28T15:41:25.000Z
"5/28/2022, 11:46:25 AM",3.644,81.9,100,1,2022-05-28T15:46:25.000Z
"5/28/2022, 11:51:25 AM",3.644,81.7,100,1,2022-05-28T15:51:25.000Z
"5/28/2022, 11:56:25 AM",3.645,81.5,100,1,2022-05-28T15:56:25.000Z
"5/28/2022, 12:01:25 PM",3.644,81.9,100,1,2022-05-28T16:01:25.000Z
"5/28/2022, 12:06:25 PM",3.645,81.5,100,1,2022-05-28T16:06:25.000Z
"5/28/2022, 12:11:25 PM",3.645,81.9,100,1,2022-05-28T16:11:25.000Z
"5/28/2022, 12:16:25 PM",3.645,81.7,100,1,2022-05-28T16:16:25.000Z
"5/28/2022, 12:21:25 PM",3.645,82,100,1,2022-05-28T16:21:25.000Z
"5/28/2022, 12:26:25 PM",3.645,82.2,100,1,2022-05-28T16:26:25.000Z
"5/28/2022, 12:31:25 PM",3.645,81.9,100,1,2022-05-28T16:31:25.000Z
"5/28/2022, 12:36:25 PM",3.645,81.3,100,1,2022-05-28T16:36:25.000Z
"5/28/2022, 12:41:25 PM",3.645,81.7,100,1,2022-05-28T16:41:25.000Z
"5/28/2022, 12:46:25 PM",3.645,81.3,100,1,2022-05-28T16:46:25.000Z
"5/28/2022, 12:51:25 PM",3.645,81.5,100,1,2022-05-28T16:51:25.000Z
"5/28/2022, 12:56:25 PM",3.645,81.3,100,1,2022-05-28T16:56:25.000Z
"5/28/2022, 1:01:25 PM",3.645,81.5,100,1,2022-05-28T17:01:25.000Z
"5/28/2022, 1:06:25 PM",3.645,81.9,100,1,2022-05-28T17:06:25.000Z
"5/28/2022, 1:11:25 PM",3.645,82.2,100,1,2022-05-28T17:11:25.000Z
"5/28/2022, 1:16:25 PM",3.645,82.6,100,1,2022-05-28T17:16:25.000Z
"5/28/2022, 1:21:25 PM",3.644,83.5,100,1,2022-05-28T17:21:25.000Z
"5/28/2022, 1:26:25 PM",3.644,84,100,1,2022-05-28T17:26:25.000Z
"5/28/2022, 1:31:25 PM",3.643,84.7,100,1,2022-05-28T17:31:25.000Z
"5/28/2022, 1:36:25 PM",3.643,84.9,100,0,2022-05-28T17:36:25.000Z
"5/28/2022, 1:41:25 PM",3.643,85.1,100,0,2022-05-28T17:41:25.000Z
"5/28/2022, 1:46:25 PM",3.643,85.1,100,1,2022-05-28T17:46:25.000Z
"5/28/2022, 1:51:25 PM",3.642,85.1,100,0,2022-05-28T17:51:25.000Z
"5/28/2022, 1:56:25 PM",3.643,85.1,100,0,2022-05-28T17:56:25.000Z
"5/28/2022, 2:01:25 PM",3.643,85.1,100,1,2022-05-28T18:01:25.000Z
"5/28/2022, 2:06:25 PM",3.643,85.3,100,0,2022-05-28T18:06:25.000Z
"5/28/2022, 2:11:25 PM",3.643,86,100,1,2022-05-28T18:11:25.000Z
"5/28/2022, 2:16:25 PM",3.642,86.4,100,0,2022-05-28T18:16:25.000Z
"5/28/2022, 2:21:25 PM",3.643,86.2,100,0,2022-05-28T18:21:25.000Z
"5/28/2022, 2:26:25 PM",3.643,86.5,100,0,2022-05-28T18:26:25.000Z
"5/28/2022, 2:31:25 PM",3.642,86.4,100,1,2022-05-28T18:31:25.000Z
"5/28/2022, 2:36:25 PM",3.642,86.5,100,0,2022-05-28T18:36:25.000Z
"5/28/2022, 2:41:25 PM",3.642,86.7,100,0,2022-05-28T18:41:25.000Z
"5/28/2022, 2:46:25 PM",3.642,86.9,100,0,2022-05-28T18:46:25.000Z
"5/28/2022, 2:51:25 PM",3.642,86.9,100,0,2022-05-28T18:51:25.000Z
"5/28/2022, 2:56:25 PM",3.642,86.9,100,0,2022-05-28T18:56:25.000Z
"5/28/2022, 3:01:25 PM",3.642,86.9,100,1,2022-05-28T19:01:25.000Z
"5/28/2022, 3:06:25 PM",3.642,86.9,100,0,2022-05-28T19:06:25.000Z
"5/28/2022, 3:11:25 PM",3.642,86.9,100,0,2022-05-28T19:11:25.000Z
"5/28/2022, 3:16:25 PM",3.642,86.9,100,1,2022-05-28T19:16:25.000Z
"5/28/2022, 3:21:25 PM",3.642,87.3,100,1,2022-05-28T19:21:25.000Z
"5/28/2022, 3:26:25 PM",3.642,87.1,100,1,2022-05-28T19:26:25.000Z
"5/28/2022, 3:31:25 PM",3.643,86.7,100,1,2022-05-28T19:31:25.000Z
"5/28/2022, 3:36:25 PM",3.642,86.2,100,1,2022-05-28T19:36:25.000Z
"5/28/2022, 3:41:25 PM",3.643,86.2,100,1,2022-05-28T19:41:25.000Z
"5/28/2022, 3:46:25 PM",3.642,86.2,100,1,2022-05-28T19:46:25.000Z
"5/28/2022, 3:51:25 PM",3.643,86.4,100,1,2022-05-28T19:51:25.000Z
"5/28/2022, 3:56:25 PM",3.642,86.2,100,0,2022-05-28T19:56:25.000Z
"5/28/2022, 4:01:25 PM",3.642,86.2,100,0,2022-05-28T20:01:25.000Z
"5/28/2022, 4:06:25 PM",3.643,86.2,100,1,2022-05-28T20:06:25.000Z
"5/28/2022, 4:11:25 PM",3.643,86.2,100,1,2022-05-28T20:11:25.000Z
"5/28/2022, 4:16:25 PM",3.643,86.5,100,1,2022-05-28T20:16:25.000Z
"5/28/2022, 4:21:25 PM",3.642,86.7,100,1,2022-05-28T20:21:25.000Z
"5/28/2022, 4:26:25 PM",3.642,86.9,100,1,2022-05-28T20:26:25.000Z
"5/28/2022, 4:31:25 PM",3.642,87.1,100,1,2022-05-28T20:31:25.000Z
"5/28/2022, 4:36:25 PM",3.642,86.9,100,1,2022-05-28T20:36:25.000Z
"5/28/2022, 4:41:25 PM",3.642,86.7,100,1,2022-05-28T20:41:25.000Z
"5/28/2022, 4:46:25 PM",3.642,86.5,100,1,2022-05-28T20:46:25.000Z
"5/28/2022, 4:51:25 PM",3.642,86.5,100,1,2022-05-28T20:51:25.000Z
"5/28/2022, 4:56:25 PM",3.642,86,100,1,2022-05-28T20:56:25.000Z
"5/28/2022, 5:01:25 PM",3.643,85.6,100,0,2022-05-28T21:01:25.000Z
"5/28/2022, 5:06:25 PM",3.643,85.6,100,1,2022-05-28T21:06:25.000Z
"5/28/2022, 5:11:25 PM",3.643,86.2,100,1,2022-05-28T21:11:25.000Z
"5/28/2022, 5:16:25 PM",3.643,86.4,100,1,2022-05-28T21:16:25.000Z
"5/28/2022, 5:21:25 PM",3.643,86.9,100,1,2022-05-28T21:21:25.000Z
"5/28/2022, 5:26:25 PM",3.643,86.9,100,1,2022-05-28T21:26:25.000Z
"5/28/2022, 5:31:25 PM",3.642,87.1,100,1,2022-05-28T21:31:25.000Z
"5/28/2022, 5:36:25 PM",3.643,86.9,100,1,2022-05-28T21:36:25.000Z
"5/28/2022, 5:41:25 PM",3.643,87.3,100,1,2022-05-28T21:41:25.000Z
"5/28/2022, 5:46:25 PM",3.642,88,100,0,2022-05-28T21:46:25.000Z
"5/28/2022, 5:51:25 PM",3.642,88,100,0,2022-05-28T21:51:25.000Z
"5/28/2022, 5:56:25 PM",3.642,88.9,100,0,2022-05-28T21:56:25.000Z
"5/28/2022, 6:01:25 PM",3.642,88.9,100,1,2022-05-28T22:01:25.000Z
"5/28/2022, 6:06:25 PM",3.641,89.6,100,1,2022-05-28T22:06:25.000Z
"5/28/2022, 6:11:25 PM",3.641,89.8,100,1,2022-05-28T22:11:25.000Z
"5/28/2022, 6:16:25 PM",3.641,90,100,1,2022-05-28T22:16:25.000Z
"5/28/2022, 6:21:25 PM",3.641,90,100,1,2022-05-28T22:21:25.000Z
"5/28/2022, 6:26:25 PM",3.641,90.1,100,1,2022-05-28T22:26:25.000Z
"5/28/2022, 6:31:25 PM",3.641,90,100,2,2022-05-28T22:31:25.000Z
"5/28/2022, 6:36:25 PM",3.641,90.1,100,1,2022-05-28T22:36:25.000Z
"5/28/2022, 6:41:25 PM",3.641,89.8,100,1,2022-05-28T22:41:25.000Z
"5/28/2022, 6:46:25 PM",3.641,89.6,100,1,2022-05-28T22:46:25.000Z
"5/28/2022, 6:51:25 PM",3.641,89.6,100,1,2022-05-28T22:51:25.000Z
"5/28/2022, 6:56:25 PM",3.641,89.2,100,1,2022-05-28T22:56:25.000Z
"5/28/2022, 7:01:25 PM",3.641,88.9,100,0,2022-05-28T23:01:25.000Z
"5/28/2022, 7:06:25 PM",3.641,88.5,100,1,2022-05-28T23:06:25.000Z
"5/28/2022, 7:11:25 PM",3.642,87.3,100,1,2022-05-28T23:11:25.000Z
"5/28/2022, 7:16:25 PM",3.642,86.7,100,0,2022-05-28T23:16:25.000Z
"5/28/2022, 7:21:25 PM",3.643,86.7,100,1,2022-05-28T23:21:25.000Z
"5/28/2022, 7:26:25 PM",3.643,86.5,100,1,2022-05-28T23:26:25.000Z
"5/28/2022, 7:31:25 PM",3.643,86.2,100,1,2022-05-28T23:31:25.000Z
"5/28/2022, 7:36:25 PM",3.643,86,100,1,2022-05-28T23:36:25.000Z
"5/28/2022, 7:41:25 PM",3.643,85.6,100,1,2022-05-28T23:41:25.000Z
"5/28/2022, 7:46:25 PM",3.643,85.5,100,1,2022-05-28T23:46:25.000Z
"5/28/2022, 7:51:25 PM",3.643,85.1,100,1,2022-05-28T23:51:25.000Z
"5/28/2022, 7:56:25 PM",3.644,84.9,100,1,2022-05-28T23:56:25.000Z
"5/28/2022, 8:01:25 PM",3.644,84.7,100,1,2022-05-29T00:01:25.000Z
"5/28/2022, 8:06:25 PM",3.644,84.2,100,1,2022-05-29T00:06:25.000Z
"5/28/2022, 8:11:25 PM",3.644,83.8,100,2,2022-05-29T00:11:25.000Z
"5/28/2022, 8:16:25 PM",3.645,83.5,100,2,2022-05-29T00:16:25.000Z
"5/28/2022, 8:21:25 PM",3.645,83.1,100,2,2022-05-29T00:21:25.000Z
"5/28/2022, 8:26:25 PM",3.646,82.8,100,2,2022-05-29T00:26:25.000Z
"5/28/2022, 8:31:25 PM",3.645,82.2,100,2,2022-05-29T00:31:25.000Z
"5/28/2022, 8:36:25 PM",3.646,81.9,100,2,2022-05-29T00:36:25.000Z
"5/28/2022, 8:41:25 PM",3.646,81.3,100,2,2022-05-29T00:41:25.000Z
"5/28/2022, 8:46:25 PM",3.646,80.8,100,2,2022-05-29T00:46:25.000Z
"5/28/2022, 8:51:25 PM",3.646,80.6,100,2,2022-05-29T00:51:25.000Z
"5/28/2022, 8:56:25 PM",3.647,80.2,100,2,2022-05-29T00:56:25.000Z
"5/28/2022, 9:01:25 PM",3.647,80.1,100,3,2022-05-29T01:01:25.000Z
"5/28/2022, 9:06:25 PM",3.647,79.7,100,3,2022-05-29T01:06:25.000Z
"5/28/2022, 9:11:25 PM",3.648,79.3,100,3,2022-05-29T01:11:25.000Z
"5/28/2022, 9:16:25 PM",3.647,79.3,100,3,2022-05-29T01:16:25.000Z
"5/28/2022, 9:21:25 PM",3.647,79.5,100,3,2022-05-29T01:21:25.000Z
"5/28/2022, 9:26:25 PM",3.648,79.5,100,3,2022-05-29T01:26:25.000Z
"5/28/2022, 9:31:25 PM",3.647,79.3,100,2,2022-05-29T01:31:25.000Z
"5/28/2022, 9:36:25 PM",3.647,79.2,100,2,2022-05-29T01:36:25.000Z
"5/28/2022, 9:41:25 PM",3.647,79.3,100,2,2022-05-29T01:41:25.000Z
"5/28/2022, 9:46:25 PM",3.647,79.3,100,3,2022-05-29T01:46:25.000Z
"5/28/2022, 9:51:25 PM",3.647,79.3,100,2,2022-05-29T01:51:25.000Z
"5/28/2022, 9:56:25 PM",3.647,79.3,100,3,2022-05-29T01:56:25.000Z
"5/28/2022, 10:01:25 PM",3.647,79.2,100,3,2022-05-29T02:01:25.000Z
"5/28/2022, 10:06:25 PM",3.647,79.2,100,2,2022-05-29T02:06:25.000Z
"5/28/2022, 10:11:25 PM",3.647,78.8,100,3,2022-05-29T02:11:25.000Z
"5/28/2022, 10:16:25 PM",3.647,78.8,100,3,2022-05-29T02:16:25.000Z
"5/28/2022, 10:21:25 PM",3.647,78.8,100,2,2022-05-29T02:21:25.000Z
"5/28/2022, 10:26:25 PM",3.647,78.6,100,3,2022-05-29T02:26:25.000Z
"5/28/2022, 10:31:25 PM",3.647,79,100,3,2022-05-29T02:31:25.000Z
"5/28/2022, 10:36:25 PM",3.647,78.8,100,3,2022-05-29T02:36:25.000Z
"5/28/2022, 10:41:25 PM",3.647,78.8,100,3,2022-05-29T02:41:25.000Z
"5/28/2022, 10:46:25 PM",3.647,78.8,100,3,2022-05-29T02:46:25.000Z
"5/28/2022, 10:51:25 PM",3.647,78.8,100,3,2022-05-29T02:51:25.000Z
"5/28/2022, 10:56:25 PM",3.647,79,100,3,2022-05-29T02:56:25.000Z
"5/28/2022, 11:01:25 PM",3.647,78.8,100,3,2022-05-29T03:01:25.000Z
"5/28/2022, 11:06:25 PM",3.647,78.8,100,3,2022-05-29T03:06:25.000Z
"5/28/2022, 11:11:25 PM",3.647,78.8,100,3,2022-05-29T03:11:25.000Z
"5/28/2022, 11:16:25 PM",3.647,78.3,100,3,2022-05-29T03:16:25.000Z
"5/28/2022, 11:21:25 PM",3.647,78.4,100,3,2022-05-29T03:21:25.000Z
"5/28/2022, 11:26:25 PM",3.647,78.3,100,4,2022-05-29T03:26:25.000Z
"5/28/2022, 11:31:25 PM",3.647,78.4,100,4,2022-05-29T03:31:25.000Z
"5/28/2022, 11:36:25 PM",3.647,78.4,100,4,2022-05-29T03:36:25.000Z
"5/28/2022, 11:41:25 PM",3.647,78.4,100,4,2022-05-29T03:41:25.000Z
"5/28/2022, 11:46:25 PM",3.647,78.3,100,3,2022-05-29T03:46:25.000Z
"5/28/2022, 11:51:25 PM",3.647,78.3,100,3,2022-05-29T03:51:25.000Z
"5/28/2022, 11:56:25 PM",3.647,78.3,100,3,2022-05-29T03:56:25.000Z
"5/29/2022, 12:01:25 AM",3.647,77.7,100,3,2022-05-29T04:01:25.000Z
"5/29/2022, 12:06:25 AM",3.647,78.1,100,3,2022-05-29T04:06:25.000Z
"5/29/2022, 12:11:25 AM",3.647,78.1,100,3,2022-05-29T04:11:25.000Z
"5/29/2022, 12:16:25 AM",3.647,77.9,100,3,2022-05-29T04:16:25.000Z
"5/29/2022, 12:21:25 AM",3.647,77.9,100,3,2022-05-29T04:21:25.000Z
"5/29/2022, 12:26:25 AM",3.647,77.9,100,3,2022-05-29T04:26:25.000Z
"5/29/2022, 12:31:25 AM",3.647,77.9,100,3,2022-05-29T04:31:25.000Z
"5/29/2022, 12:36:25 AM",3.647,77.4,100,3,2022-05-29T04:36:25.000Z
"5/29/2022, 12:41:25 AM",3.647,77.9,100,2,2022-05-29T04:41:25.000Z
"5/29/2022, 12:46:25 AM",3.647,77.7,100,2,2022-05-29T04:46:25.000Z
"5/29/2022, 12:51:25 AM",3.647,77.4,100,3,2022-05-29T04:51:25.000Z
"5/29/2022, 12:56:25 AM",3.647,77.5,100,2,2022-05-29T04:56:25.000Z
"5/29/2022, 1:01:25 AM",3.647,77.5,100,2,2022-05-29T05:01:25.000Z
"5/29/2022, 1:06:25 AM",3.647,77.5,100,2,2022-05-29T05:06:25.000Z
"5/29/2022, 1:11:25 AM",3.647,77.5,100,2,2022-05-29T05:11:25.000Z
"5/29/2022, 1:16:25 AM",3.647,77.4,100,2,2022-05-29T05:16:25.000Z
"5/29/2022, 1:21:25 AM",3.647,77.4,100,2,2022-05-29T05:21:25.000Z
"5/29/2022, 1:26:25 AM",3.647,77.4,100,2,2022-05-29T05:26:25.000Z
"5/29/2022, 1:31:25 AM",3.647,77.2,100,2,2022-05-29T05:31:25.000Z
"5/29/2022, 1:36:25 AM",3.647,77.2,100,2,2022-05-29T05:36:25.000Z
"5/29/2022, 1:41:25 AM",3.647,77.2,100,2,2022-05-29T05:41:25.000Z
"5/29/2022, 1:46:25 AM",3.647,77.2,100,2,2022-05-29T05:46:25.000Z
"5/29/2022, 1:51:25 AM",3.648,77.4,100,2,2022-05-29T05:51:25.000Z
"5/29/2022, 1:56:25 AM",3.647,77.4,100,2,2022-05-29T05:56:25.000Z
"5/29/2022, 2:01:25 AM",3.648,77.4,100,2,2022-05-29T06:01:25.000Z
"5/29/2022, 2:06:25 AM",3.647,77.4,100,2,2022-05-29T06:06:25.000Z
"5/29/2022, 2:11:25 AM",3.647,77.4,100,2,2022-05-29T06:11:25.000Z
"5/29/2022, 2:16:25 AM",3.647,77.4,100,2,2022-05-29T06:16:25.000Z
"5/29/2022, 2:21:25 AM",3.647,77.4,100,2,2022-05-29T06:21:25.000Z
"5/29/2022, 2:26:25 AM",3.647,77.2,100,2,2022-05-29T06:26:25.000Z
"5/29/2022, 2:31:25 AM",3.647,77.2,100,2,2022-05-29T06:31:25.000Z
"5/29/2022, 2:36:25 AM",3.647,77.2,100,2,2022-05-29T06:36:25.000Z
"5/29/2022, 2:41:25 AM",3.647,77.2,100,2,2022-05-29T06:41:25.000Z
"5/29/2022, 2:46:25 AM",3.647,77.2,100,2,2022-05-29T06:46:25.000Z
"5/29/2022, 2:51:25 AM",3.647,77.2,100,2,2022-05-29T06:51:25.000Z
"5/29/2022, 2:56:25 AM",3.647,77.2,100,2,2022-05-29T06:56:25.000Z
"5/29/2022, 3:01:25 AM",3.647,77,100,2,2022-05-29T07:01:25.000Z
"5/29/2022, 3:06:25 AM",3.647,77,100,2,2022-05-29T07:06:25.000Z
"5/29/2022, 3:11:25 AM",3.647,77,100,2,2022-05-29T07:11:25.000Z
"5/29/2022, 3:16:25 AM",3.647,77.2,100,2,2022-05-29T07:16:25.000Z
"5/29/2022, 3:21:25 AM",3.647,77.2,100,2,2022-05-29T07:21:25.000Z
"5/29/2022, 3:26:25 AM",3.647,77.2,100,2,2022-05-29T07:26:25.000Z
"5/29/2022, 3:31:25 AM",3.647,77.2,100,2,2022-05-29T07:31:25.000Z
"5/29/2022, 3:36:25 AM",3.647,77.2,100,2,2022-05-29T07:36:25.000Z
"5/29/2022, 3:41:25 AM",3.647,77,100,2,2022-05-29T07:41:25.000Z
"5/29/2022, 3:46:25 AM",3.647,77.2,100,2,2022-05-29T07:46:25.000Z
"5/29/2022, 3:51:25 AM",3.647,77,100,2,2022-05-29T07:51:25.000Z
"5/29/2022, 3:56:25 AM",3.647,77,100,2,2022-05-29T07:56:25.000Z
"5/29/2022, 4:01:25 AM",3.647,77,100,2,2022-05-29T08:01:25.000Z
"5/29/2022, 4:06:25 AM",3.647,77,100,2,2022-05-29T08:06:25.000Z
"5/29/2022, 4:11:25 AM",3.647,77,100,2,2022-05-29T08:11:25.000Z
"5/29/2022, 4:16:25 AM",3.647,77,100,2,2022-05-29T08:16:25.000Z
"5/29/2022, 4:21:25 AM",3.647,77,100,2,2022-05-29T08:21:25.000Z
"5/29/2022, 4:26:25 AM",3.647,77,100,3,2022-05-29T08:26:25.000Z
"5/29/2022, 4:31:25 AM",3.647,77,100,3,2022-05-29T08:31:25.000Z
"5/29/2022, 4:36:25 AM",3.647,77.2,100,4,2022-05-29T08:36:25.000Z
"5/29/2022, 4:41:25 AM",3.647,77,100,3,2022-05-29T08:41:25.000Z
"5/29/2022, 4:46:25 AM",3.647,77,100,3,2022-05-29T08:46:25.000Z
"5/29/2022, 4:51:25 AM",3.647,77,100,3,2022-05-29T08:51:25.000Z
"5/29/2022, 4:56:25 AM",3.647,77,100,3,2022-05-29T08:56:25.000Z
"5/29/2022, 5:01:25 AM",3.647,76.8,100,3,2022-05-29T09:01:25.000Z
"5/29/2022, 5:06:25 AM",3.647,76.6,100,3,2022-05-29T09:06:25.000Z
"5/29/2022, 5:11:25 AM",3.647,76.6,100,3,2022-05-29T09:11:25.000Z
"5/29/2022, 5:16:25 AM",3.647,76.6,100,3,2022-05-29T09:16:25.000Z
"5/29/2022, 5:21:25 AM",3.647,76.5,100,3,2022-05-29T09:21:25.000Z
"5/29/2022, 5:26:25 AM",3.647,76.6,100,3,2022-05-29T09:26:25.000Z
"5/29/2022, 5:31:25 AM",3.647,76.6,100,3,2022-05-29T09:31:25.000Z
"5/29/2022, 5:36:25 AM",3.647,76.6,100,3,2022-05-29T09:36:25.000Z
"5/29/2022, 5:41:25 AM",3.647,76.5,100,3,2022-05-29T09:41:25.000Z
"5/29/2022, 5:46:25 AM",3.647,76.3,100,3,2022-05-29T09:46:25.000Z
"5/29/2022, 5:51:25 AM",3.647,76.3,100,3,2022-05-29T09:51:25.000Z
"5/29/2022, 5:56:25 AM",3.647,76.3,100,3,2022-05-29T09:56:25.000Z
"5/29/2022, 6:01:25 AM",3.647,76.3,100,3,2022-05-29T10:01:25.000Z
"5/29/2022, 6:06:25 AM",3.647,76.3,100,3,2022-05-29T10:06:25.000Z
"5/29/2022, 6:11:25 AM",3.647,76.1,100,2,2022-05-29T10:11:25.000Z
"5/29/2022, 6:16:25 AM",3.647,76.1,100,3,2022-05-29T10:16:25.000Z
"5/29/2022, 6:21:25 AM",3.647,76.3,100,3,2022-05-29T10:21:25.000Z
"5/29/2022, 6:26:25 AM",3.647,76.3,100,2,2022-05-29T10:26:25.000Z
"5/29/2022, 6:31:25 AM",3.647,76.5,100,3,2022-05-29T10:31:25.000Z
"5/29/2022, 6:36:25 AM",3.647,76.6,100,2,2022-05-29T10:36:25.000Z
"5/29/2022, 6:41:25 AM",3.647,76.8,100,2,2022-05-29T10:41:25.000Z
"5/29/2022, 6:46:25 AM",3.647,76.8,100,2,2022-05-29T10:46:25.000Z
"5/29/2022, 6:51:25 AM",3.647,77,100,3,2022-05-29T10:51:25.000Z
"5/29/2022, 6:56:25 AM",3.647,77.4,100,3,2022-05-29T10:56:25.000Z
"5/29/2022, 7:01:25 AM",3.647,77.9,100,2,2022-05-29T11:01:25.000Z
"5/29/2022, 7:06:25 AM",3.647,78.1,100,3,2022-05-29T11:06:25.000Z
"5/29/2022, 7:11:25 AM",3.646,78.3,100,3,2022-05-29T11:11:25.000Z
"5/29/2022, 7:16:25 AM",3.646,78.8,100,3,2022-05-29T11:16:25.000Z
"5/29/2022, 7:21:25 AM",3.646,79.2,100,3,2022-05-29T11:21:25.000Z
"5/29/2022, 7:26:25 AM",3.646,79.2,100,3,2022-05-29T11:26:25.000Z
"5/29/2022, 7:31:25 AM",3.645,79.5,100,3,2022-05-29T11:31:25.000Z
"5/29/2022, 7:36:25 AM",3.645,79.7,100,3,2022-05-29T11:36:25.000Z
"5/29/2022, 7:41:25 AM",3.645,80.2,100,3,2022-05-29T11:41:25.000Z
"5/29/2022, 7:46:25 AM",3.645,80.6,100,3,2022-05-29T11:46:25.000Z
"5/29/2022, 7:51:25 AM",3.645,80.8,100,3,2022-05-29T11:51:25.000Z
"5/29/2022, 7:56:25 AM",3.645,81.3,100,3,2022-05-29T11:56:25.000Z
"5/29/2022, 8:01:25 AM",3.645,81.5,100,3,2022-05-29T12:01:25.000Z
"5/29/2022, 8:06:25 AM",3.645,82,100,3,2022-05-29T12:06:25.000Z
"5/29/2022, 8:11:25 AM",3.644,82.6,100,3,2022-05-29T12:11:25.000Z
"5/29/2022, 8:16:25 AM",3.644,82.9,100,3,2022-05-29T12:16:25.000Z
"5/29/2022, 8:21:25 AM",3.644,82.9,100,3,2022-05-29T12:21:25.000Z
"5/29/2022, 8:26:25 AM",3.644,83.3,100,3,2022-05-29T12:26:25.000Z
"5/29/2022, 8:31:25 AM",3.644,83.7,100,3,2022-05-29T12:31:25.000Z
"5/29/2022, 8:36:25 AM",3.643,83.7,100,2,2022-05-29T12:36:25.000Z
"5/29/2022, 8:41:25 AM",3.643,83.7,100,2,2022-05-29T12:41:25.000Z
"5/29/2022, 8:46:25 AM",3.643,83.8,100,2,2022-05-29T12:46:25.000Z
"5/29/2022, 8:51:25 AM",3.643,84,100,2,2022-05-29T12:51:25.000Z
"5/29/2022, 8:56:25 AM",3.643,84.2,100,2,2022-05-29T12:56:25.000Z
"5/29/2022, 9:01:25 AM",3.643,84.4,100,2,2022-05-29T13:01:25.000Z
"5/29/2022, 9:06:25 AM",3.643,84.7,100,2,2022-05-29T13:06:25.000Z
"5/29/2022, 9:11:25 AM",3.642,85.3,100,2,2022-05-29T13:11:25.000Z
"5/29/2022, 9:16:25 AM",3.642,85.5,100,2,2022-05-29T13:16:25.000Z
"5/29/2022, 9:21:25 AM",3.642,86,100,2,2022-05-29T13:21:25.000Z
"5/29/2022, 9:26:25 AM",3.642,86.4,100,2,2022-05-29T13:26:25.000Z
"5/29/2022, 9:31:25 AM",3.642,86.7,100,2,2022-05-29T13:31:25.000Z
"5/29/2022, 9:36:25 AM",3.642,86.9,100,2,2022-05-29T13:36:25.000Z
"5/29/2022, 9:41:25 AM",3.642,87.3,100,2,2022-05-29T13:41:25.000Z
"5/29/2022, 9:46:25 AM",3.642,87.3,100,2,2022-05-29T13:46:25.000Z
"5/29/2022, 9:51:25 AM",3.642,87.6,100,2,2022-05-29T13:51:25.000Z
"5/29/2022, 9:56:25 AM",3.641,87.3,100,2,2022-05-29T13:56:25.000Z
"5/29/2022, 10:01:25 AM",3.642,87.3,100,2,2022-05-29T14:01:25.000Z
"5/29/2022, 10:06:25 AM",3.641,87.3,100,2,2022-05-29T14:06:25.000Z
"5/29/2022, 10:11:25 AM",3.642,87.6,100,2,2022-05-29T14:11:25.000Z
"5/29/2022, 10:16:25 AM",3.642,88,100,2,2022-05-29T14:16:25.000Z
"5/29/2022, 10:21:25 AM",3.642,88,100,2,2022-05-29T14:21:25.000Z
"5/29/2022, 10:26:25 AM",3.642,88,100,2,2022-05-29T14:26:25.000Z
"5/29/2022, 10:31:25 AM",3.641,87.8,100,2,2022-05-29T14:31:25.000Z
"5/29/2022, 10:36:25 AM",3.642,88,100,2,2022-05-29T14:36:25.000Z
"5/29/2022, 10:41:25 AM",3.641,88.3,100,2,2022-05-29T14:41:25.000Z
"5/29/2022, 10:46:25 AM",3.641,88.5,100,2,2022-05-29T14:46:25.000Z
"5/29/2022, 10:51:25 AM",3.641,88.7,100,2,2022-05-29T14:51:25.000Z
"5/29/2022, 10:56:25 AM",3.641,88.9,100,2,2022-05-29T14:56:25.000Z
"5/29/2022, 11:01:25 AM",3.641,88.7,100,2,2022-05-29T15:01:25.000Z
"5/29/2022, 11:06:25 AM",3.641,88.5,100,2,2022-05-29T15:06:25.000Z
"5/29/2022, 11:11:25 AM",3.642,88.9,100,2,2022-05-29T15:11:25.000Z
"5/29/2022, 11:16:25 AM",3.641,89.2,100,2,2022-05-29T15:16:25.000Z
"5/29/2022, 11:21:25 AM",3.641,89.4,100,2,2022-05-29T15:21:25.000Z
"5/29/2022, 11:26:25 AM",3.641,89.8,100,2,2022-05-29T15:26:25.000Z
"5/29/2022, 11:31:25 AM",3.641,90,100,1,2022-05-29T15:31:25.000Z
"5/29/2022, 11:36:25 AM",3.641,90.3,100,2,2022-05-29T15:36:25.000Z
"5/29/2022, 11:41:25 AM",3.64,90.3,100,2,2022-05-29T15:41:25.000Z
"5/29/2022, 11:46:25 AM",3.64,90.5,100,1,2022-05-29T15:46:25.000Z
"5/29/2022, 11:51:25 AM",3.641,90.5,100,1,2022-05-29T15:51:25.000Z
"5/29/2022, 11:56:25 AM",3.641,90.9,100,1,2022-05-29T15:56:25.000Z
"5/29/2022, 12:01:25 PM",3.64,91.2,100,1,2022-05-29T16:01:25.000Z
"5/29/2022, 12:06:25 PM",3.64,91.4,100,1,2022-05-29T16:06:25.000Z
"5/29/2022, 12:11:25 PM",3.64,91.4,100,1,2022-05-29T16:11:25.000Z
"5/29/2022, 12:16:25 PM",3.64,91.4,100,1,2022-05-29T16:16:25.000Z
"5/29/2022, 12:21:25 PM",3.639,91.8,100,1,2022-05-29T16:21:25.000Z
"5/29/2022, 12:26:25 PM",3.64,92.1,100,1,2022-05-29T16:26:25.000Z
"5/29/2022, 12:31:25 PM",3.639,92.1,100,1,2022-05-29T16:31:25.000Z
"5/29/2022, 12:36:25 PM",3.639,92.7,100,2,2022-05-29T16:36:25.000Z
"5/29/2022, 12:41:25 PM",3.639,92.7,100,2,2022-05-29T16:41:25.000Z
"5/29/2022, 12:46:25 PM",3.639,92.7,100,2,2022-05-29T16:46:25.000Z
"5/29/2022, 12:51:25 PM",3.639,92.8,100,1,2022-05-29T16:51:25.000Z
"5/29/2022, 12:56:25 PM",3.638,93.4,100,1,2022-05-29T16:56:25.000Z
"5/29/2022, 1:01:25 PM",3.639,93.6,100,1,2022-05-29T17:01:25.000Z
"5/29/2022, 1:06:25 PM",3.639,93.6,100,1,2022-05-29T17:06:25.000Z
"5/29/2022, 1:11:25 PM",3.638,93.7,100,1,2022-05-29T17:11:25.000Z
"5/29/2022, 1:16:25 PM",3.639,93.7,100,1,2022-05-29T17:16:25.000Z
"5/29/2022, 1:21:25 PM",3.638,93.9,100,1,2022-05-29T17:21:25.000Z
"5/29/2022, 1:26:25 PM",3.638,94.3,100,1,2022-05-29T17:26:25.000Z
"5/29/2022, 1:31:25 PM",3.638,94.6,100,1,2022-05-29T17:31:25.000Z
"5/29/2022, 1:36:25 PM",3.637,95,100,1,2022-05-29T17:36:25.000Z
"5/29/2022, 1:41:25 PM",3.638,95.2,100,1,2022-05-29T17:41:25.000Z
"5/29/2022, 1:46:25 PM",3.637,95.5,100,1,2022-05-29T17:46:25.000Z
"5/29/2022, 1:51:25 PM",3.637,95.5,100,1,2022-05-29T17:51:25.000Z
"5/29/2022, 1:56:25 PM",3.637,95.5,100,0,2022-05-29T17:56:25.000Z
"5/29/2022, 2:01:25 PM",3.637,95.7,100,0,2022-05-29T18:01:25.000Z
"5/29/2022, 2:06:25 PM",3.637,95.9,100,0,2022-05-29T18:06:25.000Z
"5/29/2022, 2:11:25 PM",3.636,95.9,100,0,2022-05-29T18:11:25.000Z
"5/29/2022, 2:16:25 PM",3.637,96.1,100,0,2022-05-29T18:16:25.000Z
"5/29/2022, 2:21:25 PM",3.637,96.1,100,0,2022-05-29T18:21:25.000Z
"5/29/2022, 2:26:25 PM",3.637,96.1,100,0,2022-05-29T18:26:25.000Z
"5/29/2022, 2:31:25 PM",3.637,96.3,100,0,2022-05-29T18:31:25.000Z
"5/29/2022, 2:36:25 PM",3.637,96.4,100,0,2022-05-29T18:36:25.000Z
"5/29/2022, 2:41:25 PM",3.637,96.6,100,0,2022-05-29T18:41:25.000Z
"5/29/2022, 2:46:25 PM",3.637,96.8,100,0,2022-05-29T18:46:25.000Z
"5/29/2022, 2:51:25 PM",3.637,97,100,0,2022-05-29T18:51:25.000Z
"5/29/2022, 2:56:25 PM",3.636,97,100,1,2022-05-29T18:56:25.000Z
"5/29/2022, 3:01:25 PM",3.636,97.2,100,0,2022-05-29T19:01:25.000Z
"5/29/2022, 3:06:25 PM",3.637,97,100,0,2022-05-29T19:06:25.000Z
"5/29/2022, 3:11:25 PM",3.636,97.3,100,0,2022-05-29T19:11:25.000Z
"5/29/2022, 3:16:25 PM",3.636,97.5,100,0,2022-05-29T19:16:25.000Z
"5/29/2022, 3:21:25 PM",3.636,97.7,100,0,2022-05-29T19:21:25.000Z
"5/29/2022, 3:26:25 PM",3.636,97.9,100,0,2022-05-29T19:26:25.000Z
"5/29/2022, 3:31:25 PM",3.636,97.9,100,0,2022-05-29T19:31:25.000Z
"5/29/2022, 3:36:25 PM",3.636,98.4,100,0,2022-05-29T19:36:25.000Z
"5/29/2022, 3:41:25 PM",3.636,98.6,100,0,2022-05-29T19:41:25.000Z
"5/29/2022, 3:46:25 PM",3.636,98.8,100,0,2022-05-29T19:46:25.000Z
"5/29/2022, 3:51:25 PM",3.636,99.1,100,0,2022-05-29T19:51:25.000Z
"5/29/2022, 3:56:25 PM",3.635,99.3,100,0,2022-05-29T19:56:25.000Z
"5/29/2022, 4:01:25 PM",3.635,99.5,100,0,2022-05-29T20:01:25.000Z
"5/29/2022, 4:06:25 PM",3.635,99.7,100,0,2022-05-29T20:06:25.000Z
"5/29/2022, 4:11:25 PM",3.635,99.7,100,0,2022-05-29T20:11:25.000Z
"5/29/2022, 4:16:25 PM",3.636,99.7,100,0,2022-05-29T20:16:25.000Z
"5/29/2022, 4:21:25 PM",3.635,99.7,100,0,2022-05-29T20:21:25.000Z
"5/29/2022, 4:26:25 PM",3.635,99.9,100,0,2022-05-29T20:26:25.000Z
"5/29/2022, 4:31:25 PM",3.635,100,100,0,2022-05-29T20:31:25.000Z
"5/29/2022, 4:36:25 PM",3.635,100.6,100,0,2022-05-29T20:36:25.000Z
"5/29/2022, 4:41:25 PM",3.636,100.9,100,0,2022-05-29T20:41:25.000Z
"5/29/2022, 4:46:25 PM",3.636,101.5,100,0,2022-05-29T20:46:25.000Z
"5/29/2022, 4:51:25 PM",3.635,102.2,100,0,2022-05-29T20:51:25.000Z
"5/29/2022, 4:56:25 PM",3.635,102.7,100,0,2022-05-29T20:56:25.000Z
"5/29/2022, 5:01:25 PM",3.634,103.3,100,0,2022-05-29T21:01:25.000Z
"5/29/2022, 5:06:25 PM",3.634,103.5,100,0,2022-05-29T21:06:25.000Z
"5/29/2022, 5:11:25 PM",3.634,103.6,100,0,2022-05-29T21:11:25.000Z
"5/29/2022, 5:16:25 PM",3.634,103.5,100,0,2022-05-29T21:16:25.000Z
"5/29/2022, 5:21:25 PM",3.634,103.5,100,0,2022-05-29T21:21:25.000Z
"5/29/2022, 5:26:25 PM",3.634,103.3,100,0,2022-05-29T21:26:25.000Z
"5/29/2022, 5:31:25 PM",3.634,103.1,100,0,2022-05-29T21:31:25.000Z
"5/29/2022, 5:36:25 PM",3.634,103.1,100,0,2022-05-29T21:36:25.000Z
"5/29/2022, 5:41:25 PM",3.635,102.9,100,0,2022-05-29T21:41:25.000Z
"5/29/2022, 5:46:25 PM",3.635,102.7,100,0,2022-05-29T21:46:25.000Z
"5/29/2022, 5:51:25 PM",3.635,102.2,100,0,2022-05-29T21:51:25.000Z
"5/29/2022, 5:56:25 PM",3.635,101.8,100,0,2022-05-29T21:56:25.000Z
"5/29/2022, 6:01:25 PM",3.635,101.5,100,0,2022-05-29T22:01:25.000Z
"5/29/2022, 6:06:25 PM",3.636,100.9,100,0,2022-05-29T22:06:25.000Z
"5/29/2022, 6:11:25 PM",3.636,100.4,100,0,2022-05-29T22:11:25.000Z
"5/29/2022, 6:16:25 PM",3.636,100,100,0,2022-05-29T22:16:25.000Z
"5/29/2022, 6:21:25 PM",3.637,99.5,100,0,2022-05-29T22:21:25.000Z
"5/29/2022, 6:26:25 PM",3.637,99,100,1,2022-05-29T22:26:25.000Z
"5/29/2022, 6:31:25 PM",3.638,98.4,100,0,2022-05-29T22:31:25.000Z
"5/29/2022, 6:36:25 PM",3.638,97.9,100,0,2022-05-29T22:36:25.000Z
"5/29/2022, 6:41:25 PM",3.639,97.7,100,0,2022-05-29T22:41:25.000Z
"5/29/2022, 6:46:25 PM",3.639,97,100,0,2022-05-29T22:46:25.000Z
"5/29/2022, 6:51:25 PM",3.639,96.4,100,1,2022-05-29T22:51:25.000Z
"5/29/2022, 6:56:25 PM",3.639,95.9,100,1,2022-05-29T22:56:25.000Z
"5/29/2022, 7:01:25 PM",3.64,95.2,100,1,2022-05-29T23:01:25.000Z
"5/29/2022, 7:06:25 PM",3.64,94.6,100,1,2022-05-29T23:06:25.000Z
"5/29/2022, 7:11:25 PM",3.641,93.9,100,0,2022-05-29T23:11:25.000Z
"5/29/2022, 7:16:25 PM",3.641,93.6,100,1,2022-05-29T23:16:25.000Z
"5/29/2022, 7:21:25 PM",3.642,92.8,100,1,2022-05-29T23:21:25.000Z
"5/29/2022, 7:26:25 PM",3.642,92.5,100,1,2022-05-29T23:26:25.000Z
"5/29/2022, 7:31:25 PM",3.642,92.1,100,1,2022-05-29T23:31:25.000Z
"5/29/2022, 7:36:25 PM",3.643,91.6,100,1,2022-05-29T23:36:25.000Z
"5/29/2022, 7:41:25 PM",3.643,91,100,1,2022-05-29T23:41:25.000Z
"5/29/2022, 7:46:25 PM",3.644,90.7,100,1,2022-05-29T23:46:25.000Z
"5/29/2022, 7:51:25 PM",3.643,90.3,100,1,2022-05-29T23:51:25.000Z
"5/29/2022, 7:56:25 PM",3.644,89.8,100,1,2022-05-29T23:56:25.000Z
"5/29/2022, 8:01:25 PM",3.644,89.4,100,1,2022-05-30T00:01:25.000Z
"5/29/2022, 8:06:25 PM",3.645,88.9,100,1,2022-05-30T00:06:25.000Z
"5/29/2022, 8:11:25 PM",3.645,88.3,100,1,2022-05-30T00:11:25.000Z
"5/29/2022, 8:16:25 PM",3.645,88,100,1,2022-05-30T00:16:25.000Z
"5/29/2022, 8:21:25 PM",3.645,87.6,100,1,2022-05-30T00:21:25.000Z
"5/29/2022, 8:26:25 PM",3.645,87.1,100,2,2022-05-30T00:26:25.000Z
"5/29/2022, 8:31:25 PM",3.645,86.7,100,1,2022-05-30T00:31:25.000Z
"5/29/2022, 8:36:25 PM",3.646,86.4,100,2,2022-05-30T00:36:25.000Z
"5/29/2022, 8:41:25 PM",3.646,86,100,2,2022-05-30T00:41:25.000Z
"5/29/2022, 8:46:25 PM",3.646,85.6,100,2,2022-05-30T00:46:25.000Z
"5/29/2022, 8:51:25 PM",3.646,85.3,100,2,2022-05-30T00:51:25.000Z
"5/29/2022, 8:56:25 PM",3.647,84.9,100,2,2022-05-30T00:56:25.000Z
"5/29/2022, 9:01:25 PM",3.647,84.7,100,2,2022-05-30T01:01:25.000Z
"5/29/2022, 9:06:25 PM",3.647,84.4,100,2,2022-05-30T01:06:25.000Z
"5/29/2022, 9:11:25 PM",3.647,84,100,2,2022-05-30T01:11:25.000Z
"5/29/2022, 9:16:25 PM",3.647,83.8,100,2,2022-05-30T01:16:25.000Z
"5/29/2022, 9:21:25 PM",3.647,83.7,100,2,2022-05-30T01:21:25.000Z
"5/29/2022, 9:26:25 PM",3.647,83.3,100,3,2022-05-30T01:26:25.000Z
"5/29/2022, 9:31:25 PM",3.648,83.1,100,3,2022-05-30T01:31:25.000Z
"5/29/2022, 9:36:25 PM",3.648,82.9,100,3,2022-05-30T01:36:25.000Z
"5/29/2022, 9:41:25 PM",3.648,82.9,100,3,2022-05-30T01:41:25.000Z
"5/29/2022, 9:46:25 PM",3.648,82.8,100,3,2022-05-30T01:46:25.000Z
"5/29/2022, 9:51:25 PM",3.648,82.6,100,3,2022-05-30T01:51:25.000Z
"5/29/2022, 9:56:25 PM",3.648,82.2,100,3,2022-05-30T01:56:25.000Z
"5/29/2022, 10:01:25 PM",3.648,82.2,100,3,2022-05-30T02:01:25.000Z
"5/29/2022, 10:06:25 PM",3.648,82,100,3,2022-05-30T02:06:25.000Z
"5/29/2022, 10:11:25 PM",3.648,81.9,100,3,2022-05-30T02:11:25.000Z
"5/29/2022, 10:16:25 PM",3.648,81.7,100,3,2022-05-30T02:16:25.000Z
"5/29/2022, 10:21:25 PM",3.648,81.3,100,3,2022-05-30T02:21:25.000Z
"5/29/2022, 10:26:25 PM",3.648,81.3,100,3,2022-05-30T02:26:25.000Z
"5/29/2022, 10:31:25 PM",3.648,81.1,100,3,2022-05-30T02:31:25.000Z
"5/29/2022, 10:36:25 PM",3.649,81,100,3,2022-05-30T02:36:25.000Z
"5/29/2022, 10:41:25 PM",3.649,80.8,100,3,2022-05-30T02:41:25.000Z
"5/29/2022, 10:46:25 PM",3.649,80.8,100,3,2022-05-30T02:46:25.000Z
"5/29/2022, 10:51:25 PM",3.649,80.6,100,3,2022-05-30T02:51:25.000Z
"5/29/2022, 10:56:25 PM",3.649,80.6,100,3,2022-05-30T02:56:25.000Z
"5/29/2022, 11:01:25 PM",3.649,80.4,100,3,2022-05-30T03:01:25.000Z
"5/29/2022, 11:06:25 PM",3.648,80.2,100,3,2022-05-30T03:06:25.000Z
"5/29/2022, 11:11:25 PM",3.649,80.1,100,3,2022-05-30T03:11:25.000Z
"5/29/2022, 11:16:25 PM",3.649,80.1,100,3,2022-05-30T03:16:25.000Z
"5/29/2022, 11:21:25 PM",3.648,80.1,100,3,2022-05-30T03:21:25.000Z
"5/29/2022, 11:26:25 PM",3.649,79.9,100,3,2022-05-30T03:26:25.000Z
"5/29/2022, 11:31:25 PM",3.649,79.9,100,3,2022-05-30T03:31:25.000Z
"5/29/2022, 11:36:25 PM",3.649,79.7,100,4,2022-05-30T03:36:25.000Z
"5/29/2022, 11:41:25 PM",3.649,79.7,100,3,2022-05-30T03:41:25.000Z
"5/29/2022, 11:46:25 PM",3.649,79.7,100,3,2022-05-30T03:46:25.000Z
"5/29/2022, 11:51:25 PM",3.649,79.5,100,3,2022-05-30T03:51:25.000Z
"5/29/2022, 11:56:25 PM",3.649,79.5,100,3,2022-05-30T03:56:25.000Z
"5/30/2022, 12:01:25 AM",3.649,79.3,100,3,2022-05-30T04:01:25.000Z
"5/30/2022, 12:06:25 AM",3.649,79.2,100,3,2022-05-30T04:06:25.000Z
"5/30/2022, 12:11:25 AM",3.649,79.2,100,3,2022-05-30T04:11:25.000Z
"5/30/2022, 12:16:25 AM",3.649,79,100,3,2022-05-30T04:16:25.000Z
"5/30/2022, 12:21:25 AM",3.649,78.8,100,3,2022-05-30T04:21:25.000Z
"5/30/2022, 12:26:25 AM",3.649,78.8,100,3,2022-05-30T04:26:25.000Z
"5/30/2022, 12:31:25 AM",3.649,78.6,100,3,2022-05-30T04:31:25.000Z
"5/30/2022, 12:36:25 AM",3.649,78.6,100,3,2022-05-30T04:36:25.000Z
"5/30/2022, 12:41:25 AM",3.649,78.4,100,3,2022-05-30T04:41:25.000Z
"5/30/2022, 12:46:25 AM",3.649,78.4,100,3,2022-05-30T04:46:25.000Z
"5/30/2022, 12:51:25 AM",3.649,78.3,100,2,2022-05-30T04:51:25.000Z
"5/30/2022, 12:56:25 AM",3.649,78.1,100,3,2022-05-30T04:56:25.000Z
"5/30/2022, 1:01:25 AM",3.649,78.1,100,3,2022-05-30T05:01:25.000Z
"5/30/2022, 1:06:25 AM",3.649,78.1,100,3,2022-05-30T05:06:25.000Z
"5/30/2022, 1:11:25 AM",3.649,78.1,100,3,2022-05-30T05:11:25.000Z
"5/30/2022, 1:16:25 AM",3.649,78.1,100,3,2022-05-30T05:16:25.000Z
"5/30/2022, 1:21:25 AM",3.649,78.1,100,3,2022-05-30T05:21:25.000Z
"5/30/2022, 1:26:25 AM",3.649,78.1,100,3,2022-05-30T05:26:25.000Z
"5/30/2022, 1:31:25 AM",3.649,78.1,100,2,2022-05-30T05:31:25.000Z
"5/30/2022, 1:36:25 AM",3.649,78.1,100,3,2022-05-30T05:36:25.000Z
"5/30/2022, 1:41:25 AM",3.649,78.1,100,2,2022-05-30T05:41:25.000Z
"5/30/2022, 1:46:25 AM",3.649,77.9,100,3,2022-05-30T05:46:25.000Z
"5/30/2022, 1:51:25 AM",3.649,77.9,100,3,2022-05-30T05:51:25.000Z
"5/30/2022, 1:56:25 AM",3.649,77.9,100,3,2022-05-30T05:56:25.000Z
"5/30/2022, 2:01:25 AM",3.649,77.7,100,3,2022-05-30T06:01:25.000Z
"5/30/2022, 2:06:25 AM",3.649,77.7,100,3,2022-05-30T06:06:25.000Z
"5/30/2022, 2:11:25 AM",3.649,77.7,100,3,2022-05-30T06:11:25.000Z
"5/30/2022, 2:16:25 AM",3.649,77.5,100,3,2022-05-30T06:16:25.000Z
"5/30/2022, 2:21:25 AM",3.649,77.5,100,3,2022-05-30T06:21:25.000Z
"5/30/2022, 2:26:25 AM",3.649,77.5,100,4,2022-05-30T06:26:25.000Z
"5/30/2022, 2:31:25 AM",3.649,77.5,100,4,2022-05-30T06:31:25.000Z
"5/30/2022, 2:36:25 AM",3.649,77.4,100,4,2022-05-30T06:36:25.000Z
"5/30/2022, 2:41:25 AM",3.649,77.4,100,4,2022-05-30T06:41:25.000Z
"5/30/2022, 2:46:25 AM",3.649,77.2,100,4,2022-05-30T06:46:25.000Z
"5/30/2022, 2:51:25 AM",3.649,77.2,100,4,2022-05-30T06:51:25.000Z
"5/30/2022, 2:56:25 AM",3.649,77.2,100,4,2022-05-30T06:56:25.000Z
"5/30/2022, 3:01:25 AM",3.649,77.2,100,4,2022-05-30T07:01:25.000Z
"5/30/2022, 3:06:25 AM",3.649,77,100,4,2022-05-30T07:06:25.000Z
"5/30/2022, 3:11:25 AM",3.649,77,100,5,2022-05-30T07:11:25.000Z
"5/30/2022, 3:16:25 AM",3.649,76.8,100,4,2022-05-30T07:16:25.000Z
"5/30/2022, 3:21:25 AM",3.649,76.8,100,4,2022-05-30T07:21:25.000Z
"5/30/2022, 3:26:25 AM",3.649,76.8,100,4,2022-05-30T07:26:25.000Z
"5/30/2022, 3:31:25 AM",3.649,76.6,100,4,2022-05-30T07:31:25.000Z
"5/30/2022, 3:36:25 AM",3.649,76.6,100,4,2022-05-30T07:36:25.000Z
"5/30/2022, 3:41:25 AM",3.649,76.6,100,4,2022-05-30T07:41:25.000Z
"5/30/2022, 3:46:25 AM",3.649,76.6,100,4,2022-05-30T07:46:25.000Z
"5/30/2022, 3:51:25 AM",3.65,76.6,100,4,2022-05-30T07:51:25.000Z
"5/30/2022, 3:56:25 AM",3.649,76.6,100,3,2022-05-30T07:56:25.000Z
"5/30/2022, 4:01:25 AM",3.649,76.5,100,3,2022-05-30T08:01:25.000Z
"5/30/2022, 4:06:25 AM",3.649,76.5,100,3,2022-05-30T08:06:25.000Z
"5/30/2022, 4:11:25 AM",3.649,76.5,100,3,2022-05-30T08:11:25.000Z
"5/30/2022, 4:16:25 AM",3.649,76.5,100,3,2022-05-30T08:16:25.000Z
"5/30/2022, 4:21:25 AM",3.649,76.3,100,3,2022-05-30T08:21:25.000Z
"5/30/2022, 4:26:25 AM",3.649,76.3,100,3,2022-05-30T08:26:25.000Z
"5/30/2022, 4:31:25 AM",3.649,76.3,100,3,2022-05-30T08:31:25.000Z
"5/30/2022, 4:36:25 AM",3.649,76.3,100,3,2022-05-30T08:36:25.000Z
"5/30/2022, 4:41:25 AM",3.649,76.5,100,3,2022-05-30T08:41:25.000Z
"5/30/2022, 4:46:25 AM",3.65,76.3,100,3,2022-05-30T08:46:25.000Z
"5/30/2022, 4:51:25 AM",3.649,76.5,100,3,2022-05-30T08:51:25.000Z
"5/30/2022, 4:56:25 AM",3.65,76.5,100,3,2022-05-30T08:56:25.000Z
"5/30/2022, 5:01:25 AM",3.649,76.5,100,3,2022-05-30T09:01:25.000Z
"5/30/2022, 5:06:25 AM",3.649,76.5,100,3,2022-05-30T09:06:25.000Z
"5/30/2022, 5:11:25 AM",3.649,76.5,100,3,2022-05-30T09:11:25.000Z
"5/30/2022, 5:16:25 AM",3.649,76.5,100,4,2022-05-30T09:16:25.000Z
"5/30/2022, 5:21:25 AM",3.649,76.6,100,3,2022-05-30T09:21:25.000Z
"5/30/2022, 5:26:25 AM",3.649,76.6,100,3,2022-05-30T09:26:25.000Z
"5/30/2022, 5:31:25 AM",3.649,76.6,100,3,2022-05-30T09:31:25.000Z
"5/30/2022, 5:36:25 AM",3.649,76.6,100,4,2022-05-30T09:36:25.000Z
"5/30/2022, 5:41:25 AM",3.649,76.6,100,3,2022-05-30T09:41:25.000Z
"5/30/2022, 5:46:25 AM",3.649,77,100,4,2022-05-30T09:46:25.000Z
"5/30/2022, 5:51:25 AM",3.649,77.2,100,3,2022-05-30T09:51:25.000Z
"5/30/2022, 5:56:25 AM",3.649,77.2,100,3,2022-05-30T09:56:25.000Z
"5/30/2022, 6:01:25 AM",3.649,77.2,100,3,2022-05-30T10:01:25.000Z
"5/30/2022, 6:06:25 AM",3.649,77.4,100,3,2022-05-30T10:06:25.000Z
"5/30/2022, 6:11:25 AM",3.649,77.4,100,3,2022-05-30T10:11:25.000Z
"5/30/2022, 6:16:25 AM",3.649,77.5,100,3,2022-05-30T10:16:25.000Z
"5/30/2022, 6:21:25 AM",3.649,77.7,100,3,2022-05-30T10:21:25.000Z
"5/30/2022, 6:26:25 AM",3.649,77.9,100,3,2022-05-30T10:26:25.000Z
"5/30/2022, 6:31:25 AM",3.649,78.1,100,3,2022-05-30T10:31:25.000Z
"5/30/2022, 6:36:25 AM",3.649,78.3,100,3,2022-05-30T10:36:25.000Z
"5/30/2022, 6:41:25 AM",3.649,78.4,100,3,2022-05-30T10:41:25.000Z
"5/30/2022, 6:46:25 AM",3.648,78.8,100,3,2022-05-30T10:46:25.000Z
"5/30/2022, 6:51:25 AM",3.648,79.2,100,3,2022-05-30T10:51:25.000Z
"5/30/2022, 6:56:25 AM",3.648,79.3,100,3,2022-05-30T10:56:25.000Z
"5/30/2022, 7:01:25 AM",3.648,79.7,100,3,2022-05-30T11:01:25.000Z
"5/30/2022, 7:06:25 AM",3.648,80.1,100,3,2022-05-30T11:06:25.000Z
"5/30/2022, 7:11:25 AM",3.648,80.1,100,3,2022-05-30T11:11:25.000Z
"5/30/2022, 7:16:25 AM",3.648,80.4,100,3,2022-05-30T11:16:25.000Z
"5/30/2022, 7:21:25 AM",3.647,80.8,100,3,2022-05-30T11:21:25.000Z
"5/30/2022, 7:26:25 AM",3.647,81.1,100,3,2022-05-30T11:26:25.000Z
"5/30/2022, 7:31:25 AM",3.647,81.7,100,3,2022-05-30T11:31:25.000Z
"5/30/2022, 7:36:25 AM",3.646,82,100,3,2022-05-30T11:36:25.000Z
"5/30/2022, 7:41:25 AM",3.646,82.2,100,3,2022-05-30T11:41:25.000Z
"5/30/2022, 7:46:25 AM",3.646,82.6,100,3,2022-05-30T11:46:25.000Z
"5/30/2022, 7:51:25 AM",3.646,82.8,100,3,2022-05-30T11:51:25.000Z
"5/30/2022, 7:56:25 AM",3.646,83.1,100,3,2022-05-30T11:56:25.000Z
"5/30/2022, 8:01:25 AM",3.646,83.5,100,3,2022-05-30T12:01:25.000Z
"5/30/2022, 8:06:25 AM",3.646,83.8,100,3,2022-05-30T12:06:25.000Z
"5/30/2022, 8:11:25 AM",3.645,84,100,3,2022-05-30T12:11:25.000Z
"5/30/2022, 8:16:25 AM",3.645,84.2,100,3,2022-05-30T12:16:25.000Z
"5/30/2022, 8:21:25 AM",3.645,84.4,100,3,2022-05-30T12:21:25.000Z
"5/30/2022, 8:26:25 AM",3.645,84.6,100,3,2022-05-30T12:26:25.000Z
"5/30/2022, 8:31:25 AM",3.645,84.7,100,3,2022-05-30T12:31:25.000Z
"5/30/2022, 8:36:25 AM",3.644,84.9,100,3,2022-05-30T12:36:25.000Z
"5/30/2022, 8:41:25 AM",3.645,85.3,100,2,2022-05-30T12:41:25.000Z
"5/30/2022, 8:46:25 AM",3.645,85.1,100,2,2022-05-30T12:46:25.000Z
"5/30/2022, 8:51:25 AM",3.644,85.6,100,2,2022-05-30T12:51:25.000Z
"5/30/2022, 8:56:25 AM",3.645,85.8,100,3,2022-05-30T12:56:25.000Z
"5/30/2022, 9:01:25 AM",3.644,86,100,3,2022-05-30T13:01:25.000Z
"5/30/2022, 9:06:25 AM",3.644,86.2,100,3,2022-05-30T13:06:25.000Z
"5/30/2022, 9:11:25 AM",3.644,86.5,100,3,2022-05-30T13:11:25.000Z
"5/30/2022, 9:16:25 AM",3.644,86.5,100,3,2022-05-30T13:16:25.000Z
"5/30/2022, 9:21:25 AM",3.644,87.1,100,2,2022-05-30T13:21:25.000Z
"5/30/2022, 9:26:25 AM",3.644,87.4,100,2,2022-05-30T13:26:25.000Z
"5/30/2022, 9:31:25 AM",3.644,87.6,100,2,2022-05-30T13:31:25.000Z
"5/30/2022, 9:36:25 AM",3.644,87.4,100,2,2022-05-30T13:36:25.000Z
"5/30/2022, 9:41:25 AM",3.644,87.3,100,2,2022-05-30T13:41:25.000Z
"5/30/2022, 9:46:25 AM",3.643,87.4,100,2,2022-05-30T13:46:25.000Z
"5/30/2022, 9:51:25 AM",3.644,88,100,2,2022-05-30T13:51:25.000Z
"5/30/2022, 9:56:25 AM",3.644,88,100,2,2022-05-30T13:56:25.000Z
"5/30/2022, 10:01:25 AM",3.644,88,100,2,2022-05-30T14:01:25.000Z
"5/30/2022, 10:06:25 AM",3.644,88,100,2,2022-05-30T14:06:25.000Z
"5/30/2022, 10:11:25 AM",3.644,88.2,100,2,2022-05-30T14:11:25.000Z
"5/30/2022, 10:16:25 AM",3.644,88.3,100,2,2022-05-30T14:16:25.000Z
"5/30/2022, 10:21:25 AM",3.643,88.7,100,2,2022-05-30T14:21:25.000Z
"5/30/2022, 10:26:25 AM",3.643,89.1,100,2,2022-05-30T14:26:25.000Z
"5/30/2022, 10:31:25 AM",3.644,89.2,100,2,2022-05-30T14:31:25.000Z
"5/30/2022, 10:36:25 AM",3.643,89.4,100,1,2022-05-30T14:36:25.000Z
"5/30/2022, 10:41:25 AM",3.643,89.2,100,1,2022-05-30T14:41:25.000Z
"5/30/2022, 10:46:25 AM",3.644,89.4,100,1,2022-05-30T14:46:25.000Z
"5/30/2022, 10:51:25 AM",3.644,89.4,100,1,2022-05-30T14:51:25.000Z
"5/30/2022, 10:56:25 AM",3.643,89.6,100,1,2022-05-30T14:56:25.000Z
"5/30/2022, 11:01:25 AM",3.643,89.6,100,1,2022-05-30T15:01:25.000Z
"5/30/2022, 11:06:25 AM",3.643,90,100,1,2022-05-30T15:06:25.000Z
"5/30/2022, 11:11:25 AM",3.643,90.1,100,1,2022-05-30T15:11:25.000Z
"5/30/2022, 11:16:25 AM",3.643,90.7,100,1,2022-05-30T15:16:25.000Z
"5/30/2022, 11:21:25 AM",3.642,91,100,1,2022-05-30T15:21:25.000Z
"5/30/2022, 11:26:25 AM",3.642,91.2,100,1,2022-05-30T15:26:25.000Z
"5/30/2022, 11:31:25 AM",3.642,91.6,100,1,2022-05-30T15:31:25.000Z
"5/30/2022, 11:36:25 AM",3.641,91.8,100,1,2022-05-30T15:36:25.000Z
"5/30/2022, 11:41:25 AM",3.641,91.9,100,1,2022-05-30T15:41:25.000Z
"5/30/2022, 11:46:25 AM",3.641,92.1,100,1,2022-05-30T15:46:25.000Z
"5/30/2022, 11:51:25 AM",3.641,92.3,100,1,2022-05-30T15:51:25.000Z
"5/30/2022, 11:56:25 AM",3.641,92.5,100,1,2022-05-30T15:56:25.000Z
"5/30/2022, 12:01:25 PM",3.64,92.5,100,0,2022-05-30T16:01:25.000Z
"5/30/2022, 12:06:25 PM",3.641,92.7,100,1,2022-05-30T16:06:25.000Z
"5/30/2022, 12:11:25 PM",3.641,92.8,100,1,2022-05-30T16:11:25.000Z
"5/30/2022, 12:16:25 PM",3.641,92.8,100,1,2022-05-30T16:16:25.000Z
"5/30/2022, 12:21:25 PM",3.641,92.7,100,0,2022-05-30T16:21:25.000Z
"5/30/2022, 12:26:25 PM",3.641,92.8,100,0,2022-05-30T16:26:25.000Z
"5/30/2022, 12:31:25 PM",3.64,92.8,100,0,2022-05-30T16:31:25.000Z
"5/30/2022, 12:36:25 PM",3.641,92.8,100,0,2022-05-30T16:36:25.000Z
"5/30/2022, 12:41:25 PM",3.641,93.2,100,0,2022-05-30T16:41:25.000Z
"5/30/2022, 12:46:25 PM",3.64,93.4,100,0,2022-05-30T16:46:25.000Z
"5/30/2022, 12:51:25 PM",3.641,93.4,100,0,2022-05-30T16:51:25.000Z
"5/30/2022, 12:56:25 PM",3.641,93.4,100,0,2022-05-30T16:56:25.000Z
"5/30/2022, 1:01:25 PM",3.64,93.9,100,0,2022-05-30T17:01:25.000Z
"5/30/2022, 1:06:25 PM",3.64,93.7,100,0,2022-05-30T17:06:25.000Z
"5/30/2022, 1:11:25 PM",3.641,93.6,100,0,2022-05-30T17:11:25.000Z
"5/30/2022, 1:16:25 PM",3.641,93.9,100,0,2022-05-30T17:16:25.000Z
"5/30/2022, 1:21:25 PM",3.64,94.6,100,0,2022-05-30T17:21:25.000Z
"5/30/2022, 1:26:25 PM",3.64,94.8,100,0,2022-05-30T17:26:25.000Z
"5/30/2022, 1:31:25 PM",3.64,95.4,100,0,2022-05-30T17:31:25.000Z
"5/30/2022, 1:36:25 PM",3.639,95.7,100,0,2022-05-30T17:36:25.000Z
"5/30/2022, 1:41:25 PM",3.639,96.1,100,0,2022-05-30T17:41:25.000Z
"5/30/2022, 1:46:25 PM",3.639,95.9,100,0,2022-05-30T17:46:25.000Z
"5/30/2022, 1:51:25 PM",3.639,96.1,100,0,2022-05-30T17:51:25.000Z
"5/30/2022, 1:56:25 PM",3.639,96.4,100,0,2022-05-30T17:56:25.000Z
"5/30/2022, 2:01:25 PM",3.639,96.6,100,0,2022-05-30T18:01:25.000Z
"5/30/2022, 2:06:25 PM",3.639,97,100,0,2022-05-30T18:06:25.000Z
"5/30/2022, 2:11:25 PM",3.639,97.2,100,0,2022-05-30T18:11:25.000Z
"5/30/2022, 2:16:25 PM",3.638,97.3,100,0,2022-05-30T18:16:25.000Z
"5/30/2022, 2:21:25 PM",3.638,97.3,100,0,2022-05-30T18:21:25.000Z
"5/30/2022, 2:26:25 PM",3.638,97.9,100,0,2022-05-30T18:26:25.000Z
"5/30/2022, 2:31:25 PM",3.638,98.1,100,0,2022-05-30T18:31:25.000Z
"5/30/2022, 2:36:25 PM",3.638,98.2,100,0,2022-05-30T18:36:25.000Z
"5/30/2022, 2:41:25 PM",3.638,98.2,100,0,2022-05-30T18:41:25.000Z
"5/30/2022, 2:46:25 PM",3.638,98.2,100,0,2022-05-30T18:46:25.000Z
"5/30/2022, 2:51:25 PM",3.638,98.1,100,0,2022-05-30T18:51:25.000Z
"5/30/2022, 2:56:25 PM",3.638,98.1,100,0,2022-05-30T18:56:25.000Z
"5/30/2022, 3:01:25 PM",3.638,98.1,100,0,2022-05-30T19:01:25.000Z
"5/30/2022, 3:06:25 PM",3.638,98.1,100,0,2022-05-30T19:06:25.000Z
"5/30/2022, 3:11:25 PM",3.638,98.2,100,0,2022-05-30T19:11:25.000Z
"5/30/2022, 3:16:25 PM",3.638,97.9,100,0,2022-05-30T19:16:25.000Z
"5/30/2022, 3:21:25 PM",3.638,97.9,100,0,2022-05-30T19:21:25.000Z
"5/30/2022, 3:26:25 PM",3.638,98.4,100,0,2022-05-30T19:26:25.000Z
"5/30/2022, 3:31:25 PM",3.638,98.8,100,0,2022-05-30T19:31:25.000Z
"5/30/2022, 3:36:25 PM",3.638,99.1,100,0,2022-05-30T19:36:25.000Z
"5/30/2022, 3:41:25 PM",3.638,99.5,100,0,2022-05-30T19:41:25.000Z
"5/30/2022, 3:46:25 PM",3.637,99.9,100,0,2022-05-30T19:46:25.000Z
"5/30/2022, 3:51:25 PM",3.637,100.4,100,0,2022-05-30T19:51:25.000Z
"5/30/2022, 3:56:25 PM",3.637,100.2,100,0,2022-05-30T19:56:25.000Z
"5/30/2022, 4:01:25 PM",3.637,100.6,100,0,2022-05-30T20:01:25.000Z
"5/30/2022, 4:06:25 PM",3.637,100.8,100,0,2022-05-30T20:06:25.000Z
"5/30/2022, 4:11:25 PM",3.637,100.6,100,0,2022-05-30T20:11:25.000Z
"5/30/2022, 4:16:25 PM",3.637,101.1,100,0,2022-05-30T20:16:25.000Z
"5/30/2022, 4:21:25 PM",3.637,101.7,100,0,2022-05-30T20:21:25.000Z
"5/30/2022, 4:26:25 PM",3.636,101.8,100,0,2022-05-30T20:26:25.000Z
"5/30/2022, 4:31:25 PM",3.636,102.6,100,0,2022-05-30T20:31:25.000Z
"5/30/2022, 4:36:25 PM",3.636,102.7,100,0,2022-05-30T20:36:25.000Z
"5/30/2022, 4:41:25 PM",3.635,104.4,100,0,2022-05-30T20:41:25.000Z
"5/30/2022, 4:46:25 PM",3.635,105.3,100,0,2022-05-30T20:46:25.000Z
"5/30/2022, 4:51:25 PM",3.634,106.3,100,0,2022-05-30T20:51:25.000Z
"5/30/2022, 4:56:25 PM",3.633,106.9,100,0,2022-05-30T20:56:25.000Z
"5/30/2022, 5:01:25 PM",3.634,107.1,100,0,2022-05-30T21:01:25.000Z
"5/30/2022, 5:06:25 PM",3.633,107.4,100,0,2022-05-30T21:06:25.000Z
"5/30/2022, 5:11:25 PM",3.634,106,100,0,2022-05-30T21:11:25.000Z
"5/30/2022, 5:16:25 PM",3.634,105.6,100,0,2022-05-30T21:16:25.000Z
"5/30/2022, 5:21:25 PM",3.634,105.8,100,0,2022-05-30T21:21:25.000Z
"5/30/2022, 5:26:25 PM",3.634,105.8,100,0,2022-05-30T21:26:25.000Z
"5/30/2022, 5:31:25 PM",3.634,106,100,0,2022-05-30T21:31:25.000Z
"5/30/2022, 5:36:25 PM",3.634,106,100,0,2022-05-30T21:36:25.000Z
"5/30/2022, 5:41:25 PM",3.634,106.2,100,0,2022-05-30T21:41:25.000Z
"5/30/2022, 5:46:25 PM",3.634,106,100,0,2022-05-30T21:46:25.000Z
"5/30/2022, 5:51:25 PM",3.634,105.8,100,0,2022-05-30T21:51:25.000Z
"5/30/2022, 5:56:25 PM",3.634,105.6,100,0,2022-05-30T21:56:25.000Z
"5/30/2022, 6:01:25 PM",3.634,104.7,100,0,2022-05-30T22:01:25.000Z
"5/30/2022, 6:06:25 PM",3.635,103.6,100,0,2022-05-30T22:06:25.000Z
"5/30/2022, 6:11:25 PM",3.636,103.3,100,0,2022-05-30T22:11:25.000Z
"5/30/2022, 6:16:25 PM",3.636,102.9,100,0,2022-05-30T22:16:25.000Z
"5/30/2022, 6:21:25 PM",3.636,102.6,100,0,2022-05-30T22:21:25.000Z
"5/30/2022, 6:26:25 PM",3.637,102.4,100,0,2022-05-30T22:26:25.000Z
"5/30/2022, 6:31:25 PM",3.637,101.7,100,0,2022-05-30T22:31:25.000Z
"5/30/2022, 6:36:25 PM",3.637,101.5,100,0,2022-05-30T22:36:25.000Z
"5/30/2022, 6:41:25 PM",3.638,101.1,100,0,2022-05-30T22:41:25.000Z
"5/30/2022, 6:46:25 PM",3.638,100.8,100,1,2022-05-30T22:46:25.000Z
"5/30/2022, 6:51:25 PM",3.638,100.4,100,1,2022-05-30T22:51:25.000Z
"5/30/2022, 6:56:25 PM",3.639,99.9,100,1,2022-05-30T22:56:25.000Z
"5/30/2022, 7:01:25 PM",3.64,99.1,100,0,2022-05-30T23:01:25.000Z
"5/30/2022, 7:06:25 PM",3.64,98.4,100,1,2022-05-30T23:06:25.000Z
"5/30/2022, 7:11:25 PM",3.64,97.9,100,1,2022-05-30T23:11:25.000Z
"5/30/2022, 7:16:25 PM",3.641,97.3,100,1,2022-05-30T23:16:25.000Z
"5/30/2022, 7:21:25 PM",3.641,96.8,99.2,1,2022-05-30T23:21:25.000Z
"5/30/2022, 7:26:25 PM",3.642,96.3,98.4,1,2022-05-30T23:26:25.000Z
"5/30/2022, 7:31:25 PM",3.642,95.5,97.8,1,2022-05-30T23:31:25.000Z
"5/30/2022, 7:36:25 PM",3.642,95.2,97.5,2,2022-05-30T23:36:25.000Z
"5/30/2022, 7:41:25 PM",3.642,94.6,97.1,2,2022-05-30T23:41:25.000Z
"5/30/2022, 7:46:25 PM",3.643,94.1,96.9,1,2022-05-30T23:46:25.000Z
"5/30/2022, 7:51:25 PM",3.643,93.7,96.7,2,2022-05-30T23:51:25.000Z
"5/30/2022, 7:56:25 PM",3.643,93.2,96.5,1,2022-05-30T23:56:25.000Z
"5/30/2022, 8:01:25 PM",3.644,92.8,96.4,2,2022-05-31T00:01:25.000Z
"5/30/2022, 8:06:25 PM",3.644,92.3,96.4,2,2022-05-31T00:06:25.000Z
"5/30/2022, 8:11:25 PM",3.644,91.9,96.7,2,2022-05-31T00:11:25.000Z
"5/30/2022, 8:16:25 PM",3.644,91.6,96.8,2,2022-05-31T00:16:25.000Z
"5/30/2022, 8:21:25 PM",3.645,91.2,97.1,2,2022-05-31T00:21:25.000Z
"5/30/2022, 8:26:25 PM",3.645,90.7,97.2,2,2022-05-31T00:26:25.000Z
"5/30/2022, 8:31:25 PM",3.645,90.1,97.4,1,2022-05-31T00:31:25.000Z
"5/30/2022, 8:36:25 PM",3.646,89.6,97.7,1,2022-05-31T00:36:25.000Z
"5/30/2022, 8:41:25 PM",3.646,89.2,97.9,2,2022-05-31T00:41:25.000Z
"5/30/2022, 8:46:25 PM",3.646,88.7,98.2,2,2022-05-31T00:46:25.000Z
"5/30/2022, 8:51:25 PM",3.646,88.5,98.5,2,2022-05-31T00:51:25.000Z
"5/30/2022, 8:56:25 PM",3.646,88,98.8,2,2022-05-31T00:56:25.000Z
"5/30/2022, 9:01:25 PM",3.647,88,99.1,2,2022-05-31T01:01:25.000Z
"5/30/2022, 9:06:25 PM",3.647,87.4,99.4,2,2022-05-31T01:06:25.000Z
"5/30/2022, 9:11:25 PM",3.647,87.1,99.7,2,2022-05-31T01:11:25.000Z
"5/30/2022, 9:16:25 PM",3.647,86.7,99.9,2,2022-05-31T01:16:25.000Z
"5/30/2022, 9:21:25 PM",3.647,86.5,100,3,2022-05-31T01:21:25.000Z
"5/30/2022, 9:26:25 PM",3.648,86.2,100,3,2022-05-31T01:26:25.000Z
"5/30/2022, 9:31:25 PM",3.648,85.8,100,3,2022-05-31T01:31:25.000Z
"5/30/2022, 9:36:25 PM",3.648,85.6,100,3,2022-05-31T01:36:25.000Z
"5/30/2022, 9:41:25 PM",3.648,85.3,100,3,2022-05-31T01:41:25.000Z
"5/30/2022, 9:46:25 PM",3.648,85.1,100,3,2022-05-31T01:46:25.000Z
"5/30/2022, 9:51:25 PM",3.648,84.9,100,3,2022-05-31T01:51:25.000Z
"5/30/2022, 9:56:25 PM",3.649,84.7,100,3,2022-05-31T01:56:25.000Z
"5/30/2022, 10:01:25 PM",3.648,84.6,100,3,2022-05-31T02:01:25.000Z
"5/30/2022, 10:06:25 PM",3.649,84.4,100,3,2022-05-31T02:06:25.000Z
"5/30/2022, 10:11:25 PM",3.648,84,100,2,2022-05-31T02:11:25.000Z
"5/30/2022, 10:16:25 PM",3.649,83.8,100,3,2022-05-31T02:16:25.000Z
"5/30/2022, 10:21:25 PM",3.649,83.7,100,3,2022-05-31T02:21:25.000Z
"5/30/2022, 10:26:25 PM",3.649,83.5,100,3,2022-05-31T02:26:25.000Z
"5/30/2022, 10:31:25 PM",3.649,83.3,100,3,2022-05-31T02:31:25.000Z
"5/30/2022, 10:36:25 PM",3.649,83.1,100,3,2022-05-31T02:36:25.000Z
"5/30/2022, 10:41:25 PM",3.649,82.9,100,3,2022-05-31T02:41:25.000Z
"5/30/2022, 10:46:25 PM",3.649,82.9,100,3,2022-05-31T02:46:25.000Z
"5/30/2022, 10:51:25 PM",3.649,82.8,100,3,2022-05-31T02:51:25.000Z
"5/30/2022, 10:56:25 PM",3.649,82.6,100,3,2022-05-31T02:56:25.000Z
"5/30/2022, 11:01:25 PM",3.649,82.4,100,3,2022-05-31T03:01:25.000Z
"5/30/2022, 11:06:25 PM",3.649,82.4,100,3,2022-05-31T03:06:25.000Z
"5/30/2022, 11:11:25 PM",3.649,82.2,100,3,2022-05-31T03:11:25.000Z
"5/30/2022, 11:16:25 PM",3.649,82.2,100,3,2022-05-31T03:16:25.000Z
"5/30/2022, 11:21:25 PM",3.649,82,100,2,2022-05-31T03:21:25.000Z
"5/30/2022, 11:26:25 PM",3.649,82,100,2,2022-05-31T03:26:25.000Z
"5/30/2022, 11:31:25 PM",3.649,81.9,100,2,2022-05-31T03:31:25.000Z
"5/30/2022, 11:36:25 PM",3.65,81.9,100,2,2022-05-31T03:36:25.000Z
"5/30/2022, 11:41:25 PM",3.649,81.9,100,2,2022-05-31T03:41:25.000Z
"5/30/2022, 11:46:25 PM",3.649,81.9,100,2,2022-05-31T03:46:25.000Z
"5/30/2022, 11:51:25 PM",3.65,81.7,100,2,2022-05-31T03:51:25.000Z
"5/30/2022, 11:56:25 PM",3.649,81.7,100,2,2022-05-31T03:56:25.000Z
"5/31/2022, 12:01:25 AM",3.649,81.7,100,2,2022-05-31T04:01:25.000Z
"5/31/2022, 12:06:25 AM",3.649,81.7,100,2,2022-05-31T04:06:25.000Z
"5/31/2022, 12:11:25 AM",3.649,81.7,100,2,2022-05-31T04:11:25.000Z
"5/31/2022, 12:16:25 AM",3.649,81.7,100,2,2022-05-31T04:16:25.000Z
"5/31/2022, 12:21:25 AM",3.649,81.5,100,2,2022-05-31T04:21:25.000Z
"5/31/2022, 12:26:25 AM",3.649,81.5,100,2,2022-05-31T04:26:25.000Z
"5/31/2022, 12:31:25 AM",3.649,81.5,100,2,2022-05-31T04:31:25.000Z
"5/31/2022, 12:36:25 AM",3.649,81.5,100,2,2022-05-31T04:36:25.000Z
"5/31/2022, 12:41:25 AM",3.649,81.5,100,2,2022-05-31T04:41:25.000Z
"5/31/2022, 12:46:25 AM",3.649,81.5,100,2,2022-05-31T04:46:25.000Z
"5/31/2022, 12:51:25 AM",3.649,81.3,100,2,2022-05-31T04:51:25.000Z
"5/31/2022, 12:56:25 AM",3.649,81.3,100,2,2022-05-31T04:56:25.000Z
"5/31/2022, 1:01:25 AM",3.649,81.3,100,2,2022-05-31T05:01:25.000Z
"5/31/2022, 1:06:25 AM",3.649,81.3,100,2,2022-05-31T05:06:25.000Z
"5/31/2022, 1:11:25 AM",3.649,81.3,100,2,2022-05-31T05:11:25.000Z
"5/31/2022, 1:16:25 AM",3.649,81.1,100,2,2022-05-31T05:16:25.000Z
"5/31/2022, 1:21:25 AM",3.649,81.1,100,2,2022-05-31T05:21:25.000Z
"5/31/2022, 1:26:25 AM",3.649,81,100,2,2022-05-31T05:26:25.000Z
"5/31/2022, 1:31:25 AM",3.649,81,100,2,2022-05-31T05:31:25.000Z
"5/31/2022, 1:36:25 AM",3.649,81,100,2,2022-05-31T05:36:25.000Z
"5/31/2022, 1:41:25 AM",3.649,80.8,100,2,2022-05-31T05:41:25.000Z
"5/31/2022, 1:46:25 AM",3.649,80.8,100,2,2022-05-31T05:46:25.000Z
"5/31/2022, 1:51:25 AM",3.649,80.6,100,2,2022-05-31T05:51:25.000Z
"5/31/2022, 1:56:25 AM",3.649,80.6,100,2,2022-05-31T05:56:25.000Z
"5/31/2022, 2:01:25 AM",3.649,80.6,100,2,2022-05-31T06:01:25.000Z
"5/31/2022, 2:06:25 AM",3.649,80.4,100,2,2022-05-31T06:06:25.000Z
"5/31/2022, 2:11:25 AM",3.649,80.4,100,2,2022-05-31T06:11:25.000Z
"5/31/2022, 2:16:25 AM",3.649,80.4,100,2,2022-05-31T06:16:25.000Z
"5/31/2022, 2:21:25 AM",3.649,80.2,100,2,2022-05-31T06:21:25.000Z
"5/31/2022, 2:26:25 AM",3.65,80.2,100,2,2022-05-31T06:26:25.000Z
"5/31/2022, 2:31:25 AM",3.65,80.1,100,3,2022-05-31T06:31:25.000Z
"5/31/2022, 2:36:25 AM",3.649,80.1,100,3,2022-05-31T06:36:25.000Z
"5/31/2022, 2:41:25 AM",3.649,80.1,100,3,2022-05-31T06:41:25.000Z
"5/31/2022, 2:46:25 AM",3.65,80.1,100,3,2022-05-31T06:46:25.000Z
"5/31/2022, 2:51:25 AM",3.65,79.9,100,2,2022-05-31T06:51:25.000Z
"5/31/2022, 2:56:25 AM",3.65,79.9,100,3,2022-05-31T06:56:25.000Z
"5/31/2022, 3:01:25 AM",3.649,79.9,100,3,2022-05-31T07:01:25.000Z
"5/31/2022, 3:06:25 AM",3.65,79.7,100,3,2022-05-31T07:06:25.000Z
"5/31/2022, 3:11:25 AM",3.649,79.7,100,3,2022-05-31T07:11:25.000Z
"5/31/2022, 3:16:25 AM",3.65,79.5,100,3,2022-05-31T07:16:25.000Z
"5/31/2022, 3:21:25 AM",3.649,79.5,100,3,2022-05-31T07:21:25.000Z
"5/31/2022, 3:26:25 AM",3.65,79.5,100,3,2022-05-31T07:26:25.000Z
"5/31/2022, 3:31:25 AM",3.65,79.5,100,3,2022-05-31T07:31:25.000Z
"5/31/2022, 3:36:25 AM",3.65,79.5,100,3,2022-05-31T07:36:25.000Z
"5/31/2022, 3:41:25 AM",3.65,79.3,100,3,2022-05-31T07:41:25.000Z
"5/31/2022, 3:46:25 AM",3.65,79.3,100,3,2022-05-31T07:46:25.000Z
"5/31/2022, 3:51:25 AM",3.65,79.3,100,3,2022-05-31T07:51:25.000Z
"5/31/2022, 3:56:25 AM",3.65,79.2,100,3,2022-05-31T07:56:25.000Z
"5/31/2022, 4:01:25 AM",3.65,79.2,100,3,2022-05-31T08:01:25.000Z
"5/31/2022, 4:06:25 AM",3.65,79.2,100,3,2022-05-31T08:06:25.000Z
"5/31/2022, 4:11:25 AM",3.65,79,100,3,2022-05-31T08:11:25.000Z
"5/31/2022, 4:16:25 AM",3.65,79,100,3,2022-05-31T08:16:25.000Z
"5/31/2022, 4:21:25 AM",3.65,78.8,100,3,2022-05-31T08:21:25.000Z
"5/31/2022, 4:26:25 AM",3.65,78.8,100,3,2022-05-31T08:26:25.000Z
"5/31/2022, 4:31:25 AM",3.65,78.6,100,3,2022-05-31T08:31:25.000Z
"5/31/2022, 4:36:25 AM",3.65,78.6,100,3,2022-05-31T08:36:25.000Z
"5/31/2022, 4:41:25 AM",3.65,78.4,100,3,2022-05-31T08:41:25.000Z
"5/31/2022, 4:46:25 AM",3.65,78.4,100,3,2022-05-31T08:46:25.000Z
"5/31/2022, 4:51:25 AM",3.65,78.4,100,3,2022-05-31T08:51:25.000Z
"5/31/2022, 4:56:25 AM",3.65,78.4,100,3,2022-05-31T08:56:25.000Z
"5/31/2022, 5:01:25 AM",3.651,78.4,100,3,2022-05-31T09:01:25.000Z
"5/31/2022, 5:06:25 AM",3.65,78.3,100,3,2022-05-31T09:06:25.000Z
"5/31/2022, 5:11:25 AM",3.65,78.3,100,3,2022-05-31T09:11:25.000Z
"5/31/2022, 5:16:25 AM",3.65,78.3,100,3,2022-05-31T09:16:25.000Z
"5/31/2022, 5:21:25 AM",3.65,78.3,100,3,2022-05-31T09:21:25.000Z
"5/31/2022, 5:26:25 AM",3.65,78.3,100,3,2022-05-31T09:26:25.000Z
"5/31/2022, 5:31:25 AM",3.651,78.1,100,3,2022-05-31T09:31:25.000Z
"5/31/2022, 5:36:25 AM",3.65,78.1,100,3,2022-05-31T09:36:25.000Z
"5/31/2022, 5:41:25 AM",3.651,78.1,100,3,2022-05-31T09:41:25.000Z
"5/31/2022, 5:46:25 AM",3.651,78.1,100,3,2022-05-31T09:46:25.000Z
"5/31/2022, 5:51:25 AM",3.65,78.1,100,3,2022-05-31T09:51:25.000Z
"5/31/2022, 5:56:25 AM",3.65,78.1,100,3,2022-05-31T09:56:25.000Z
"5/31/2022, 6:01:25 AM",3.65,78.1,100,3,2022-05-31T10:01:25.000Z
"5/31/2022, 6:06:25 AM",3.65,78.1,100,3,2022-05-31T10:06:25.000Z
"5/31/2022, 6:11:25 AM",3.651,78.1,100,3,2022-05-31T10:11:25.000Z
"5/31/2022, 6:16:25 AM",3.65,78.1,100,3,2022-05-31T10:16:25.000Z
"5/31/2022, 6:21:25 AM",3.65,78.1,100,3,2022-05-31T10:21:25.000Z
"5/31/2022, 6:26:25 AM",3.651,78.1,100,3,2022-05-31T10:26:25.000Z
"5/31/2022, 6:31:25 AM",3.65,78.1,100,3,2022-05-31T10:31:25.000Z
"5/31/2022, 6:36:25 AM",3.651,78.1,100,3,2022-05-31T10:36:25.000Z
"5/31/2022, 6:41:25 AM",3.65,78.1,100,3,2022-05-31T10:41:25.000Z
"5/31/2022, 6:46:25 AM",3.65,78.1,100,3,2022-05-31T10:46:25.000Z
"5/31/2022, 6:51:25 AM",3.65,78.3,100,3,2022-05-31T10:51:25.000Z
"5/31/2022, 6:56:25 AM",3.65,78.6,100,3,2022-05-31T10:56:25.000Z
"5/31/2022, 7:01:25 AM",3.65,78.8,100,3,2022-05-31T11:01:25.000Z
"5/31/2022, 7:06:25 AM",3.65,79,100,3,2022-05-31T11:06:25.000Z
"5/31/2022, 7:11:25 AM",3.65,79.3,100,3,2022-05-31T11:11:25.000Z
"5/31/2022, 7:16:25 AM",3.65,79.7,100,3,2022-05-31T11:16:25.000Z
"5/31/2022, 7:21:25 AM",3.65,80.1,100,3,2022-05-31T11:21:25.000Z
"5/31/2022, 7:26:25 AM",3.649,80.4,100,3,2022-05-31T11:26:25.000Z
"5/31/2022, 7:31:25 AM",3.649,80.6,100,3,2022-05-31T11:31:25.000Z
"5/31/2022, 7:36:25 AM",3.649,81,100,3,2022-05-31T11:36:25.000Z
"5/31/2022, 7:41:25 AM",3.649,81,100,2,2022-05-31T11:41:25.000Z
"5/31/2022, 7:46:25 AM",3.649,81.1,100,2,2022-05-31T11:46:25.000Z
"5/31/2022, 7:51:25 AM",3.649,81.3,100,2,2022-05-31T11:51:25.000Z
"5/31/2022, 7:56:25 AM",3.649,81.5,100,2,2022-05-31T11:56:25.000Z
"5/31/2022, 8:01:25 AM",3.648,81.7,100,2,2022-05-31T12:01:25.000Z
"5/31/2022, 8:06:25 AM",3.648,80.6,100,1,2022-05-31T12:06:25.000Z
"5/31/2022, 8:11:25 AM",3.645,80.1,100,0,2022-05-31T12:11:25.000Z
EVENTS:,,,,,
"5/31/2022, 8:11:25 AM",Stop Log,H2S (PPM),,,
LABELS:,,,,,
