Instrument:,H2S-240708934
Time Zone Offset (Minutes):,-240
Orignal File Name:,"C:\Users\phil.bennington\OneDrive - City of Dayton\G-Drive\Phil.Bennington\CLARKSON_UNIVERSITY_PhD Program\Dissertation\H2S-240708934_[3-6-2026, 11-52-58 AM --- 3-13-2026, 12-37-58 PM-05-00].acrudata"
Session ID:,49106
Session 1st Title:,"H2S-240708934_[3-6-2026, 11-52-58 AM --- 3-13-2026, 12-37-58 PM-05-00]"
Session Start:,"3/6/2026, 10:52:58 AM"
Session End:,"3/13/2026, 12:37:58 PM"

Time Stamp,Battery (Volts),Temperature (°F),Humidity (%),H2S (PPM),ISO time
"3/6/2026, 10:52:58 AM",3.608,75.9,100,0,2026-03-06T16:52:58.000Z
"3/6/2026, 10:55:58 AM",3.612,77.2,100,0,2026-03-06T16:55:58.000Z
"3/6/2026, 10:58:58 AM",3.614,79.2,100,0,2026-03-06T16:58:58.000Z
"3/6/2026, 11:01:58 AM",3.615,79,100,0,2026-03-06T17:01:58.000Z
"3/6/2026, 11:04:58 AM",3.616,79,100,0,2026-03-06T17:04:58.000Z
"3/6/2026, 11:07:58 AM",3.617,79,100,0,2026-03-06T17:07:58.000Z
"3/6/2026, 11:10:58 AM",3.618,79,100,0,2026-03-06T17:10:58.000Z
"3/6/2026, 11:13:58 AM",3.619,79,100,0,2026-03-06T17:13:58.000Z
"3/6/2026, 11:16:58 AM",3.619,79,100,0,2026-03-06T17:16:58.000Z
"3/6/2026, 11:19:58 AM",3.619,79,100,0,2026-03-06T17:19:58.000Z
"3/6/2026, 11:22:58 AM",3.619,79.2,100,0,2026-03-06T17:22:58.000Z
"3/6/2026, 11:25:58 AM",3.62,79.2,100,0,2026-03-06T17:25:58.000Z
"3/6/2026, 11:28:58 AM",3.62,79.3,100,0,2026-03-06T17:28:58.000Z
"3/6/2026, 11:31:58 AM",3.62,79.5,100,0,2026-03-06T17:31:58.000Z
"3/6/2026, 11:34:58 AM",3.621,79.7,100,0,2026-03-06T17:34:58.000Z
"3/6/2026, 11:37:58 AM",3.62,79.9,100,0,2026-03-06T17:37:58.000Z
"3/6/2026, 11:40:58 AM",3.62,80.1,100,0,2026-03-06T17:40:58.000Z
"3/6/2026, 11:43:58 AM",3.62,79.9,100,0,2026-03-06T17:43:58.000Z
"3/6/2026, 11:46:58 AM",3.62,79.7,100,0,2026-03-06T17:46:58.000Z
"3/6/2026, 11:49:58 AM",3.62,79.7,100,0,2026-03-06T17:49:58.000Z
"3/6/2026, 11:52:58 AM",3.62,79.5,100,0,2026-03-06T17:52:58.000Z
"3/6/2026, 11:55:58 AM",3.62,79.3,100,0,2026-03-06T17:55:58.000Z
"3/6/2026, 11:58:58 AM",3.621,79.5,100,0,2026-03-06T17:58:58.000Z
"3/6/2026, 12:01:58 PM",3.62,79.5,100,0,2026-03-06T18:01:58.000Z
"3/6/2026, 12:04:58 PM",3.621,79.7,100,0,2026-03-06T18:04:58.000Z
"3/6/2026, 12:07:58 PM",3.621,79.7,100,0,2026-03-06T18:07:58.000Z
"3/6/2026, 12:10:58 PM",3.621,79.9,100,0,2026-03-06T18:10:58.000Z
"3/6/2026, 12:13:58 PM",3.621,80.1,100,0,2026-03-06T18:13:58.000Z
"3/6/2026, 12:16:58 PM",3.621,80.2,100,0,2026-03-06T18:16:58.000Z
"3/6/2026, 12:19:58 PM",3.621,80.2,100,0,2026-03-06T18:19:58.000Z
"3/6/2026, 12:22:58 PM",3.621,80.4,100,0,2026-03-06T18:22:58.000Z
"3/6/2026, 12:25:58 PM",3.621,80.4,100,0,2026-03-06T18:25:58.000Z
"3/6/2026, 12:28:58 PM",3.621,80.6,100,0,2026-03-06T18:28:58.000Z
"3/6/2026, 12:31:58 PM",3.621,80.8,100,0,2026-03-06T18:31:58.000Z
"3/6/2026, 12:34:58 PM",3.621,80.8,100,0,2026-03-06T18:34:58.000Z
"3/6/2026, 12:37:58 PM",3.621,80.8,100,0,2026-03-06T18:37:58.000Z
"3/6/2026, 12:40:58 PM",3.621,80.6,100,0,2026-03-06T18:40:58.000Z
"3/6/2026, 12:43:58 PM",3.621,80.8,100,0,2026-03-06T18:43:58.000Z
"3/6/2026, 12:46:58 PM",3.622,80.8,100,0,2026-03-06T18:46:58.000Z
"3/6/2026, 12:49:58 PM",3.621,81,100,0,2026-03-06T18:49:58.000Z
"3/6/2026, 12:52:58 PM",3.622,80.8,100,0,2026-03-06T18:52:58.000Z
"3/6/2026, 12:55:58 PM",3.622,80.8,100,0,2026-03-06T18:55:58.000Z
"3/6/2026, 12:58:58 PM",3.621,80.6,100,0,2026-03-06T18:58:58.000Z
"3/6/2026, 1:01:58 PM",3.621,80.6,100,0,2026-03-06T19:01:58.000Z
"3/6/2026, 1:04:58 PM",3.622,80.6,100,0,2026-03-06T19:04:58.000Z
"3/6/2026, 1:07:58 PM",3.621,80.4,100,0,2026-03-06T19:07:58.000Z
"3/6/2026, 1:10:58 PM",3.622,80.2,100,0,2026-03-06T19:10:58.000Z
"3/6/2026, 1:13:58 PM",3.621,80.2,100,0,2026-03-06T19:13:58.000Z
"3/6/2026, 1:16:58 PM",3.621,80.4,100,0,2026-03-06T19:16:58.000Z
"3/6/2026, 1:19:58 PM",3.622,80.6,100,0,2026-03-06T19:19:58.000Z
"3/6/2026, 1:22:58 PM",3.622,80.8,100,0,2026-03-06T19:22:58.000Z
"3/6/2026, 1:25:58 PM",3.622,81,100,0,2026-03-06T19:25:58.000Z
"3/6/2026, 1:28:58 PM",3.622,81.1,100,0,2026-03-06T19:28:58.000Z
"3/6/2026, 1:31:58 PM",3.622,81.3,100,0,2026-03-06T19:31:58.000Z
"3/6/2026, 1:34:58 PM",3.622,81.5,100,0,2026-03-06T19:34:58.000Z
"3/6/2026, 1:37:58 PM",3.622,81.3,100,0,2026-03-06T19:37:58.000Z
"3/6/2026, 1:40:58 PM",3.622,81.1,100,0,2026-03-06T19:40:58.000Z
"3/6/2026, 1:43:58 PM",3.622,81.1,100,0,2026-03-06T19:43:58.000Z
"3/6/2026, 1:46:58 PM",3.622,81.1,100,0,2026-03-06T19:46:58.000Z
"3/6/2026, 1:49:58 PM",3.622,81.3,100,0,2026-03-06T19:49:58.000Z
"3/6/2026, 1:52:58 PM",3.622,81.5,100,0,2026-03-06T19:52:58.000Z
"3/6/2026, 1:55:58 PM",3.622,81.7,100,0,2026-03-06T19:55:58.000Z
"3/6/2026, 1:58:58 PM",3.622,81.7,100,0,2026-03-06T19:58:58.000Z
"3/6/2026, 2:01:58 PM",3.622,81.7,100,0,2026-03-06T20:01:58.000Z
"3/6/2026, 2:04:58 PM",3.622,81.9,100,0,2026-03-06T20:04:58.000Z
"3/6/2026, 2:07:58 PM",3.622,81.9,100,0,2026-03-06T20:07:58.000Z
"3/6/2026, 2:10:58 PM",3.622,81.9,100,0,2026-03-06T20:10:58.000Z
"3/6/2026, 2:13:58 PM",3.622,81.9,100,0,2026-03-06T20:13:58.000Z
"3/6/2026, 2:16:58 PM",3.623,82,100,0,2026-03-06T20:16:58.000Z
"3/6/2026, 2:19:58 PM",3.623,82,100,0,2026-03-06T20:19:58.000Z
"3/6/2026, 2:22:58 PM",3.622,81.9,100,0,2026-03-06T20:22:58.000Z
"3/6/2026, 2:25:58 PM",3.623,81.9,100,0,2026-03-06T20:25:58.000Z
"3/6/2026, 2:28:58 PM",3.623,81.7,100,0,2026-03-06T20:28:58.000Z
"3/6/2026, 2:31:58 PM",3.622,81.5,100,0,2026-03-06T20:31:58.000Z
"3/6/2026, 2:34:58 PM",3.622,81.1,100,0,2026-03-06T20:34:58.000Z
"3/6/2026, 2:37:58 PM",3.622,81.1,100,0,2026-03-06T20:37:58.000Z
"3/6/2026, 2:40:58 PM",3.623,81,100,0,2026-03-06T20:40:58.000Z
"3/6/2026, 2:43:58 PM",3.623,81,100,0,2026-03-06T20:43:58.000Z
"3/6/2026, 2:46:58 PM",3.623,81,100,0,2026-03-06T20:46:58.000Z
"3/6/2026, 2:49:58 PM",3.623,81,100,0,2026-03-06T20:49:58.000Z
"3/6/2026, 2:52:58 PM",3.623,81,100,0,2026-03-06T20:52:58.000Z
"3/6/2026, 2:55:58 PM",3.622,81,100,0,2026-03-06T20:55:58.000Z
"3/6/2026, 2:58:58 PM",3.623,80.8,100,0,2026-03-06T20:58:58.000Z
"3/6/2026, 3:01:58 PM",3.623,80.8,100,0,2026-03-06T21:01:58.000Z
"3/6/2026, 3:04:58 PM",3.623,80.6,100,0,2026-03-06T21:04:58.000Z
"3/6/2026, 3:07:58 PM",3.622,80.6,100,0,2026-03-06T21:07:58.000Z
"3/6/2026, 3:10:58 PM",3.623,80.8,100,0,2026-03-06T21:10:58.000Z
"3/6/2026, 3:13:58 PM",3.623,80.8,100,0,2026-03-06T21:13:58.000Z
"3/6/2026, 3:16:58 PM",3.623,80.8,100,0,2026-03-06T21:16:58.000Z
"3/6/2026, 3:19:58 PM",3.622,80.8,100,0,2026-03-06T21:19:58.000Z
"3/6/2026, 3:22:58 PM",3.622,80.8,100,0,2026-03-06T21:22:58.000Z
"3/6/2026, 3:25:58 PM",3.622,80.6,100,0,2026-03-06T21:25:58.000Z
"3/6/2026, 3:28:58 PM",3.623,80.6,100,0,2026-03-06T21:28:58.000Z
"3/6/2026, 3:31:58 PM",3.623,80.6,100,0,2026-03-06T21:31:58.000Z
"3/6/2026, 3:34:58 PM",3.623,80.6,100,0,2026-03-06T21:34:58.000Z
"3/6/2026, 3:37:58 PM",3.623,80.6,100,0,2026-03-06T21:37:58.000Z
"3/6/2026, 3:40:58 PM",3.623,80.6,100,0,2026-03-06T21:40:58.000Z
"3/6/2026, 3:43:58 PM",3.623,80.6,100,0,2026-03-06T21:43:58.000Z
"3/6/2026, 3:46:58 PM",3.622,80.6,100,0,2026-03-06T21:46:58.000Z
"3/6/2026, 3:49:58 PM",3.623,80.4,100,0,2026-03-06T21:49:58.000Z
"3/6/2026, 3:52:58 PM",3.623,80.2,100,0,2026-03-06T21:52:58.000Z
"3/6/2026, 3:55:58 PM",3.623,79.9,100,0,2026-03-06T21:55:58.000Z
"3/6/2026, 3:58:58 PM",3.623,79.7,100,0,2026-03-06T21:58:58.000Z
"3/6/2026, 4:01:58 PM",3.623,79.5,100,0,2026-03-06T22:01:58.000Z
"3/6/2026, 4:04:58 PM",3.623,79.3,100,0,2026-03-06T22:04:58.000Z
"3/6/2026, 4:07:58 PM",3.623,79.2,100,0,2026-03-06T22:07:58.000Z
"3/6/2026, 4:10:58 PM",3.623,79,100,0,2026-03-06T22:10:58.000Z
"3/6/2026, 4:13:58 PM",3.623,79,100,0,2026-03-06T22:13:58.000Z
"3/6/2026, 4:16:58 PM",3.622,78.8,100,0,2026-03-06T22:16:58.000Z
"3/6/2026, 4:19:58 PM",3.623,78.6,100,0,2026-03-06T22:19:58.000Z
"3/6/2026, 4:22:58 PM",3.623,78.6,100,0,2026-03-06T22:22:58.000Z
"3/6/2026, 4:25:58 PM",3.623,78.4,100,0,2026-03-06T22:25:58.000Z
"3/6/2026, 4:28:58 PM",3.623,78.3,100,0,2026-03-06T22:28:58.000Z
"3/6/2026, 4:31:58 PM",3.622,78.1,100,0,2026-03-06T22:31:58.000Z
"3/6/2026, 4:34:58 PM",3.622,77.9,100,0,2026-03-06T22:34:58.000Z
"3/6/2026, 4:37:58 PM",3.623,77.9,100,0,2026-03-06T22:37:58.000Z
"3/6/2026, 4:40:58 PM",3.622,77.7,100,0,2026-03-06T22:40:58.000Z
"3/6/2026, 4:43:58 PM",3.622,77.5,100,0,2026-03-06T22:43:58.000Z
"3/6/2026, 4:46:58 PM",3.622,77.4,100,0,2026-03-06T22:46:58.000Z
"3/6/2026, 4:49:58 PM",3.622,77,100,0,2026-03-06T22:49:58.000Z
"3/6/2026, 4:52:58 PM",3.622,76.8,100,0,2026-03-06T22:52:58.000Z
"3/6/2026, 4:55:58 PM",3.623,76.6,100,0,2026-03-06T22:55:58.000Z
"3/6/2026, 4:58:58 PM",3.622,76.5,100,0,2026-03-06T22:58:58.000Z
"3/6/2026, 5:01:58 PM",3.622,76.3,100,0,2026-03-06T23:01:58.000Z
"3/6/2026, 5:04:58 PM",3.622,76.1,100,0,2026-03-06T23:04:58.000Z
"3/6/2026, 5:07:58 PM",3.622,75.9,100,0,2026-03-06T23:07:58.000Z
"3/6/2026, 5:10:58 PM",3.622,75.6,100,0,2026-03-06T23:10:58.000Z
"3/6/2026, 5:13:58 PM",3.622,75.4,100,0,2026-03-06T23:13:58.000Z
"3/6/2026, 5:16:58 PM",3.622,75.2,100,0,2026-03-06T23:16:58.000Z
"3/6/2026, 5:19:58 PM",3.622,74.8,100,0,2026-03-06T23:19:58.000Z
"3/6/2026, 5:22:58 PM",3.622,74.7,100,0,2026-03-06T23:22:58.000Z
"3/6/2026, 5:25:58 PM",3.622,74.5,100,0,2026-03-06T23:25:58.000Z
"3/6/2026, 5:28:58 PM",3.622,74.3,100,0,2026-03-06T23:28:58.000Z
"3/6/2026, 5:31:58 PM",3.622,73.9,100,0,2026-03-06T23:31:58.000Z
"3/6/2026, 5:34:58 PM",3.622,73.8,100,0,2026-03-06T23:34:58.000Z
"3/6/2026, 5:37:58 PM",3.622,73.6,100,0,2026-03-06T23:37:58.000Z
"3/6/2026, 5:40:58 PM",3.622,73.4,100,0,2026-03-06T23:40:58.000Z
"3/6/2026, 5:43:58 PM",3.622,73,100,0,2026-03-06T23:43:58.000Z
"3/6/2026, 5:46:58 PM",3.622,72.9,100,0,2026-03-06T23:46:58.000Z
"3/6/2026, 5:49:58 PM",3.622,72.7,100,0,2026-03-06T23:49:58.000Z
"3/6/2026, 5:52:58 PM",3.622,72.3,100,0,2026-03-06T23:52:58.000Z
"3/6/2026, 5:55:58 PM",3.622,72.1,100,0,2026-03-06T23:55:58.000Z
"3/6/2026, 5:58:58 PM",3.621,72,100,0,2026-03-06T23:58:58.000Z
"3/6/2026, 6:01:58 PM",3.621,71.6,100,0,2026-03-07T00:01:58.000Z
"3/6/2026, 6:04:58 PM",3.622,71.4,100,0,2026-03-07T00:04:58.000Z
"3/6/2026, 6:07:58 PM",3.621,71.2,100,0,2026-03-07T00:07:58.000Z
"3/6/2026, 6:10:58 PM",3.621,71.1,100,0,2026-03-07T00:10:58.000Z
"3/6/2026, 6:13:58 PM",3.621,70.9,100,0,2026-03-07T00:13:58.000Z
"3/6/2026, 6:16:58 PM",3.621,70.5,100,0,2026-03-07T00:16:58.000Z
"3/6/2026, 6:19:58 PM",3.621,70.3,100,0,2026-03-07T00:19:58.000Z
"3/6/2026, 6:22:58 PM",3.621,70.2,100,0,2026-03-07T00:22:58.000Z
"3/6/2026, 6:25:58 PM",3.621,70.2,100,0,2026-03-07T00:25:58.000Z
"3/6/2026, 6:28:58 PM",3.621,70,100,0,2026-03-07T00:28:58.000Z
"3/6/2026, 6:31:58 PM",3.621,69.8,100,0,2026-03-07T00:31:58.000Z
"3/6/2026, 6:34:58 PM",3.62,69.6,100,0,2026-03-07T00:34:58.000Z
"3/6/2026, 6:37:58 PM",3.62,69.6,100,0,2026-03-07T00:37:58.000Z
"3/6/2026, 6:40:58 PM",3.62,69.4,100,0,2026-03-07T00:40:58.000Z
"3/6/2026, 6:43:58 PM",3.62,69.3,100,0,2026-03-07T00:43:58.000Z
"3/6/2026, 6:46:58 PM",3.62,69.1,100,0,2026-03-07T00:46:58.000Z
"3/6/2026, 6:49:58 PM",3.62,69.1,100,0,2026-03-07T00:49:58.000Z
"3/6/2026, 6:52:58 PM",3.621,68.9,100,0,2026-03-07T00:52:58.000Z
"3/6/2026, 6:55:58 PM",3.62,68.9,100,0,2026-03-07T00:55:58.000Z
"3/6/2026, 6:58:58 PM",3.62,68.9,100,0,2026-03-07T00:58:58.000Z
"3/6/2026, 7:01:58 PM",3.62,68.7,100,0,2026-03-07T01:01:58.000Z
"3/6/2026, 7:04:58 PM",3.62,68.7,100,0,2026-03-07T01:04:58.000Z
"3/6/2026, 7:07:58 PM",3.62,68.5,100,0,2026-03-07T01:07:58.000Z
"3/6/2026, 7:10:58 PM",3.62,68.4,100,0,2026-03-07T01:10:58.000Z
"3/6/2026, 7:13:58 PM",3.62,68.4,100,0,2026-03-07T01:13:58.000Z
"3/6/2026, 7:16:58 PM",3.62,68.2,100,0,2026-03-07T01:16:58.000Z
"3/6/2026, 7:19:58 PM",3.62,68.2,100,0,2026-03-07T01:19:58.000Z
"3/6/2026, 7:22:58 PM",3.619,68,100,0,2026-03-07T01:22:58.000Z
"3/6/2026, 7:25:58 PM",3.62,68,100,0,2026-03-07T01:25:58.000Z
"3/6/2026, 7:28:58 PM",3.62,67.8,100,0,2026-03-07T01:28:58.000Z
"3/6/2026, 7:31:58 PM",3.62,67.8,100,0,2026-03-07T01:31:58.000Z
"3/6/2026, 7:34:58 PM",3.619,67.8,100,0,2026-03-07T01:34:58.000Z
"3/6/2026, 7:37:58 PM",3.619,67.6,100,0,2026-03-07T01:37:58.000Z
"3/6/2026, 7:40:58 PM",3.619,67.6,100,0,2026-03-07T01:40:58.000Z
"3/6/2026, 7:43:58 PM",3.62,67.5,100,0,2026-03-07T01:43:58.000Z
"3/6/2026, 7:46:58 PM",3.619,67.5,100,0,2026-03-07T01:46:58.000Z
"3/6/2026, 7:49:58 PM",3.62,67.5,100,0,2026-03-07T01:49:58.000Z
"3/6/2026, 7:52:58 PM",3.619,67.5,100,0,2026-03-07T01:52:58.000Z
"3/6/2026, 7:55:58 PM",3.619,67.3,100,0,2026-03-07T01:55:58.000Z
"3/6/2026, 7:58:58 PM",3.619,67.5,100,0,2026-03-07T01:58:58.000Z
"3/6/2026, 8:01:58 PM",3.619,67.3,100,0,2026-03-07T02:01:58.000Z
"3/6/2026, 8:04:58 PM",3.619,67.3,100,0,2026-03-07T02:04:58.000Z
"3/6/2026, 8:07:58 PM",3.619,67.3,100,0,2026-03-07T02:07:58.000Z
"3/6/2026, 8:10:58 PM",3.618,67.3,100,0,2026-03-07T02:10:58.000Z
"3/6/2026, 8:13:58 PM",3.619,67.3,100,0,2026-03-07T02:13:58.000Z
"3/6/2026, 8:16:58 PM",3.619,67.3,100,0,2026-03-07T02:16:58.000Z
"3/6/2026, 8:19:58 PM",3.619,67.1,100,0,2026-03-07T02:19:58.000Z
"3/6/2026, 8:22:58 PM",3.619,67.1,100,0,2026-03-07T02:22:58.000Z
"3/6/2026, 8:25:58 PM",3.619,67.1,100,0,2026-03-07T02:25:58.000Z
"3/6/2026, 8:28:58 PM",3.619,67.1,100,0,2026-03-07T02:28:58.000Z
"3/6/2026, 8:31:58 PM",3.619,67.1,100,0,2026-03-07T02:31:58.000Z
"3/6/2026, 8:34:58 PM",3.619,67.1,100,0,2026-03-07T02:34:58.000Z
"3/6/2026, 8:37:58 PM",3.619,67.1,100,0,2026-03-07T02:37:58.000Z
"3/6/2026, 8:40:58 PM",3.619,67.1,100,0,2026-03-07T02:40:58.000Z
"3/6/2026, 8:43:58 PM",3.619,67.1,100,0,2026-03-07T02:43:58.000Z
"3/6/2026, 8:46:58 PM",3.619,67.1,100,0,2026-03-07T02:46:58.000Z
"3/6/2026, 8:49:58 PM",3.619,67.1,100,0,2026-03-07T02:49:58.000Z
"3/6/2026, 8:52:58 PM",3.619,67.1,100,0,2026-03-07T02:52:58.000Z
"3/6/2026, 8:55:58 PM",3.619,67.1,100,0,2026-03-07T02:55:58.000Z
"3/6/2026, 8:58:58 PM",3.619,66.9,100,0,2026-03-07T02:58:58.000Z
"3/6/2026, 9:01:58 PM",3.619,66.9,100,0,2026-03-07T03:01:58.000Z
"3/6/2026, 9:04:58 PM",3.618,66.9,100,0,2026-03-07T03:04:58.000Z
"3/6/2026, 9:07:58 PM",3.619,66.9,100,0,2026-03-07T03:07:58.000Z
"3/6/2026, 9:10:58 PM",3.619,66.9,100,0,2026-03-07T03:10:58.000Z
"3/6/2026, 9:13:58 PM",3.618,66.7,100,0,2026-03-07T03:13:58.000Z
"3/6/2026, 9:16:58 PM",3.619,66.7,100,0,2026-03-07T03:16:58.000Z
"3/6/2026, 9:19:58 PM",3.618,66.7,100,0,2026-03-07T03:19:58.000Z
"3/6/2026, 9:22:58 PM",3.619,66.6,100,0,2026-03-07T03:22:58.000Z
"3/6/2026, 9:25:58 PM",3.619,66.6,100,0,2026-03-07T03:25:58.000Z
"3/6/2026, 9:28:58 PM",3.618,66.4,100,0,2026-03-07T03:28:58.000Z
"3/6/2026, 9:31:58 PM",3.619,66.2,100,0,2026-03-07T03:31:58.000Z
"3/6/2026, 9:34:58 PM",3.619,66.2,100,0,2026-03-07T03:34:58.000Z
"3/6/2026, 9:37:58 PM",3.618,66,100,0,2026-03-07T03:37:58.000Z
"3/6/2026, 9:40:58 PM",3.618,65.8,100,0,2026-03-07T03:40:58.000Z
"3/6/2026, 9:43:58 PM",3.618,65.8,100,0,2026-03-07T03:43:58.000Z
"3/6/2026, 9:46:58 PM",3.618,65.7,100,0,2026-03-07T03:46:58.000Z
"3/6/2026, 9:49:58 PM",3.618,65.7,100,0,2026-03-07T03:49:58.000Z
"3/6/2026, 9:52:58 PM",3.618,65.5,100,0,2026-03-07T03:52:58.000Z
"3/6/2026, 9:55:58 PM",3.618,65.5,100,0,2026-03-07T03:55:58.000Z
"3/6/2026, 9:58:58 PM",3.618,65.3,100,0,2026-03-07T03:58:58.000Z
"3/6/2026, 10:01:58 PM",3.618,65.3,100,0,2026-03-07T04:01:58.000Z
"3/6/2026, 10:04:58 PM",3.618,65.1,100,0,2026-03-07T04:04:58.000Z
"3/6/2026, 10:07:58 PM",3.618,65.1,100,0,2026-03-07T04:07:58.000Z
"3/6/2026, 10:10:58 PM",3.618,64.9,100,0,2026-03-07T04:10:58.000Z
"3/6/2026, 10:13:58 PM",3.618,64.9,100,0,2026-03-07T04:13:58.000Z
"3/6/2026, 10:16:58 PM",3.618,64.9,100,0,2026-03-07T04:16:58.000Z
"3/6/2026, 10:19:58 PM",3.618,64.8,100,0,2026-03-07T04:19:58.000Z
"3/6/2026, 10:22:58 PM",3.618,64.8,100,0,2026-03-07T04:22:58.000Z
"3/6/2026, 10:25:58 PM",3.618,64.8,100,0,2026-03-07T04:25:58.000Z
"3/6/2026, 10:28:58 PM",3.618,64.6,100,0,2026-03-07T04:28:58.000Z
"3/6/2026, 10:31:58 PM",3.618,64.6,100,0,2026-03-07T04:31:58.000Z
"3/6/2026, 10:34:58 PM",3.618,64.6,100,0,2026-03-07T04:34:58.000Z
"3/6/2026, 10:37:58 PM",3.618,64.6,100,0,2026-03-07T04:37:58.000Z
"3/6/2026, 10:40:58 PM",3.617,64.4,100,0,2026-03-07T04:40:58.000Z
"3/6/2026, 10:43:58 PM",3.618,64.4,100,0,2026-03-07T04:43:58.000Z
"3/6/2026, 10:46:58 PM",3.617,64.4,100,0,2026-03-07T04:46:58.000Z
"3/6/2026, 10:49:58 PM",3.618,64.4,100,0,2026-03-07T04:49:58.000Z
"3/6/2026, 10:52:58 PM",3.617,64.4,100,0,2026-03-07T04:52:58.000Z
"3/6/2026, 10:55:58 PM",3.617,64.4,100,0,2026-03-07T04:55:58.000Z
"3/6/2026, 10:58:58 PM",3.617,64.4,100,0,2026-03-07T04:58:58.000Z
"3/6/2026, 11:01:58 PM",3.617,64.4,100,0,2026-03-07T05:01:58.000Z
"3/6/2026, 11:04:58 PM",3.617,64.4,100,0,2026-03-07T05:04:58.000Z
"3/6/2026, 11:07:58 PM",3.617,64.4,100,0,2026-03-07T05:07:58.000Z
"3/6/2026, 11:10:58 PM",3.617,64.4,100,0,2026-03-07T05:10:58.000Z
"3/6/2026, 11:13:58 PM",3.617,64.4,100,0,2026-03-07T05:13:58.000Z
"3/6/2026, 11:16:58 PM",3.617,64.4,100,0,2026-03-07T05:16:58.000Z
"3/6/2026, 11:19:58 PM",3.617,64.2,100,0,2026-03-07T05:19:58.000Z
"3/6/2026, 11:22:58 PM",3.617,64.4,100,0,2026-03-07T05:22:58.000Z
"3/6/2026, 11:25:58 PM",3.617,64.2,100,0,2026-03-07T05:25:58.000Z
"3/6/2026, 11:28:58 PM",3.617,64.4,100,0,2026-03-07T05:28:58.000Z
"3/6/2026, 11:31:58 PM",3.618,64.4,100,0,2026-03-07T05:31:58.000Z
"3/6/2026, 11:34:58 PM",3.617,64.4,100,0,2026-03-07T05:34:58.000Z
"3/6/2026, 11:37:58 PM",3.617,64.4,100,0,2026-03-07T05:37:58.000Z
"3/6/2026, 11:40:58 PM",3.617,64.6,100,0,2026-03-07T05:40:58.000Z
"3/6/2026, 11:43:58 PM",3.617,64.6,100,0,2026-03-07T05:43:58.000Z
"3/6/2026, 11:46:58 PM",3.617,64.8,100,0,2026-03-07T05:46:58.000Z
"3/6/2026, 11:49:58 PM",3.617,64.8,100,0,2026-03-07T05:49:58.000Z
"3/6/2026, 11:52:58 PM",3.617,64.8,100,0,2026-03-07T05:52:58.000Z
"3/6/2026, 11:55:58 PM",3.617,64.9,100,0,2026-03-07T05:55:58.000Z
"3/6/2026, 11:58:58 PM",3.617,64.9,100,0,2026-03-07T05:58:58.000Z
"3/7/2026, 12:01:58 AM",3.617,64.9,100,0,2026-03-07T06:01:58.000Z
"3/7/2026, 12:04:58 AM",3.617,64.9,100,0,2026-03-07T06:04:58.000Z
"3/7/2026, 12:07:58 AM",3.617,65.1,100,0,2026-03-07T06:07:58.000Z
"3/7/2026, 12:10:58 AM",3.617,65.1,100,0,2026-03-07T06:10:58.000Z
"3/7/2026, 12:13:58 AM",3.617,65.1,100,0,2026-03-07T06:13:58.000Z
"3/7/2026, 12:16:58 AM",3.617,65.1,100,0,2026-03-07T06:16:58.000Z
"3/7/2026, 12:19:58 AM",3.617,65.3,100,0,2026-03-07T06:19:58.000Z
"3/7/2026, 12:22:58 AM",3.617,65.3,100,0,2026-03-07T06:22:58.000Z
"3/7/2026, 12:25:58 AM",3.617,65.3,100,0,2026-03-07T06:25:58.000Z
"3/7/2026, 12:28:58 AM",3.617,65.3,100,0,2026-03-07T06:28:58.000Z
"3/7/2026, 12:31:58 AM",3.617,65.5,100,0,2026-03-07T06:31:58.000Z
"3/7/2026, 12:34:58 AM",3.617,65.5,100,0,2026-03-07T06:34:58.000Z
"3/7/2026, 12:37:58 AM",3.617,65.5,100,0,2026-03-07T06:37:58.000Z
"3/7/2026, 12:40:58 AM",3.617,65.5,100,0,2026-03-07T06:40:58.000Z
"3/7/2026, 12:43:58 AM",3.617,65.7,100,0,2026-03-07T06:43:58.000Z
"3/7/2026, 12:46:58 AM",3.618,65.7,100,0,2026-03-07T06:46:58.000Z
"3/7/2026, 12:49:58 AM",3.617,65.7,100,0,2026-03-07T06:49:58.000Z
"3/7/2026, 12:52:58 AM",3.617,65.7,100,0,2026-03-07T06:52:58.000Z
"3/7/2026, 12:55:58 AM",3.617,65.7,100,0,2026-03-07T06:55:58.000Z
"3/7/2026, 12:58:58 AM",3.617,65.7,100,0,2026-03-07T06:58:58.000Z
"3/7/2026, 1:01:58 AM",3.618,65.7,100,0,2026-03-07T07:01:58.000Z
"3/7/2026, 1:04:58 AM",3.618,65.7,100,0,2026-03-07T07:04:58.000Z
"3/7/2026, 1:07:58 AM",3.617,65.7,100,0,2026-03-07T07:07:58.000Z
"3/7/2026, 1:10:58 AM",3.617,65.7,100,0,2026-03-07T07:10:58.000Z
"3/7/2026, 1:13:58 AM",3.618,65.7,100,0,2026-03-07T07:13:58.000Z
"3/7/2026, 1:16:58 AM",3.617,65.7,100,0,2026-03-07T07:16:58.000Z
"3/7/2026, 1:19:58 AM",3.617,65.7,100,0,2026-03-07T07:19:58.000Z
"3/7/2026, 1:22:58 AM",3.617,65.7,100,0,2026-03-07T07:22:58.000Z
"3/7/2026, 1:25:58 AM",3.618,65.7,100,0,2026-03-07T07:25:58.000Z
"3/7/2026, 1:28:58 AM",3.618,65.7,100,0,2026-03-07T07:28:58.000Z
"3/7/2026, 1:31:58 AM",3.617,65.7,100,0,2026-03-07T07:31:58.000Z
"3/7/2026, 1:34:58 AM",3.617,65.7,100,0,2026-03-07T07:34:58.000Z
"3/7/2026, 1:37:58 AM",3.617,65.7,100,0,2026-03-07T07:37:58.000Z
"3/7/2026, 1:40:58 AM",3.617,65.7,100,0,2026-03-07T07:40:58.000Z
"3/7/2026, 1:43:58 AM",3.617,65.7,100,0,2026-03-07T07:43:58.000Z
"3/7/2026, 1:46:58 AM",3.617,65.7,100,0,2026-03-07T07:46:58.000Z
"3/7/2026, 1:49:58 AM",3.617,65.5,100,0,2026-03-07T07:49:58.000Z
"3/7/2026, 1:52:58 AM",3.617,65.5,100,0,2026-03-07T07:52:58.000Z
"3/7/2026, 1:55:58 AM",3.617,65.5,100,0,2026-03-07T07:55:58.000Z
"3/7/2026, 1:58:58 AM",3.617,65.5,100,0,2026-03-07T07:58:58.000Z
"3/7/2026, 2:01:58 AM",3.618,65.5,100,0,2026-03-07T08:01:58.000Z
"3/7/2026, 2:04:58 AM",3.617,65.5,100,0,2026-03-07T08:04:58.000Z
"3/7/2026, 2:07:58 AM",3.617,65.5,100,0,2026-03-07T08:07:58.000Z
"3/7/2026, 2:10:58 AM",3.617,65.5,100,0,2026-03-07T08:10:58.000Z
"3/7/2026, 2:13:58 AM",3.617,65.5,100,0,2026-03-07T08:13:58.000Z
"3/7/2026, 2:16:58 AM",3.617,65.5,100,0,2026-03-07T08:16:58.000Z
"3/7/2026, 2:19:58 AM",3.617,65.5,100,0,2026-03-07T08:19:58.000Z
"3/7/2026, 2:22:58 AM",3.617,65.5,100,0,2026-03-07T08:22:58.000Z
"3/7/2026, 2:25:58 AM",3.617,65.5,100,0,2026-03-07T08:25:58.000Z
"3/7/2026, 2:28:58 AM",3.617,65.5,100,0,2026-03-07T08:28:58.000Z
"3/7/2026, 2:31:58 AM",3.618,65.5,100,0,2026-03-07T08:31:58.000Z
"3/7/2026, 2:34:58 AM",3.617,65.5,100,0,2026-03-07T08:34:58.000Z
"3/7/2026, 2:37:58 AM",3.617,65.3,100,0,2026-03-07T08:37:58.000Z
"3/7/2026, 2:40:58 AM",3.617,65.3,100,0,2026-03-07T08:40:58.000Z
"3/7/2026, 2:43:58 AM",3.617,65.3,100,0,2026-03-07T08:43:58.000Z
"3/7/2026, 2:46:58 AM",3.617,65.3,100,0,2026-03-07T08:46:58.000Z
"3/7/2026, 2:49:58 AM",3.617,65.3,100,0,2026-03-07T08:49:58.000Z
"3/7/2026, 2:52:58 AM",3.618,65.3,100,0,2026-03-07T08:52:58.000Z
"3/7/2026, 2:55:58 AM",3.617,65.3,100,0,2026-03-07T08:55:58.000Z
"3/7/2026, 2:58:58 AM",3.617,65.3,100,0,2026-03-07T08:58:58.000Z
"3/7/2026, 3:01:58 AM",3.617,65.3,100,0,2026-03-07T09:01:58.000Z
"3/7/2026, 3:04:58 AM",3.617,65.3,100,0,2026-03-07T09:04:58.000Z
"3/7/2026, 3:07:58 AM",3.617,65.3,100,0,2026-03-07T09:07:58.000Z
"3/7/2026, 3:10:58 AM",3.617,65.3,100,0,2026-03-07T09:10:58.000Z
"3/7/2026, 3:13:58 AM",3.617,65.1,100,0,2026-03-07T09:13:58.000Z
"3/7/2026, 3:16:58 AM",3.617,65.1,100,0,2026-03-07T09:16:58.000Z
"3/7/2026, 3:19:58 AM",3.617,65.1,100,0,2026-03-07T09:19:58.000Z
"3/7/2026, 3:22:58 AM",3.617,65.1,100,0,2026-03-07T09:22:58.000Z
"3/7/2026, 3:25:58 AM",3.617,65.1,100,0,2026-03-07T09:25:58.000Z
"3/7/2026, 3:28:58 AM",3.617,65.1,100,0,2026-03-07T09:28:58.000Z
"3/7/2026, 3:31:58 AM",3.617,65.1,100,0,2026-03-07T09:31:58.000Z
"3/7/2026, 3:34:58 AM",3.617,65.1,100,0,2026-03-07T09:34:58.000Z
"3/7/2026, 3:37:58 AM",3.617,65.1,100,0,2026-03-07T09:37:58.000Z
"3/7/2026, 3:40:58 AM",3.617,65.1,100,0,2026-03-07T09:40:58.000Z
"3/7/2026, 3:43:58 AM",3.617,65.1,100,0,2026-03-07T09:43:58.000Z
"3/7/2026, 3:46:58 AM",3.617,65.1,100,0,2026-03-07T09:46:58.000Z
"3/7/2026, 3:49:58 AM",3.617,65.1,100,0,2026-03-07T09:49:58.000Z
"3/7/2026, 3:52:58 AM",3.617,65.1,100,0,2026-03-07T09:52:58.000Z
"3/7/2026, 3:55:58 AM",3.617,65.1,100,0,2026-03-07T09:55:58.000Z
"3/7/2026, 3:58:58 AM",3.617,65.1,100,0,2026-03-07T09:58:58.000Z
"3/7/2026, 4:01:58 AM",3.617,65.1,100,0,2026-03-07T10:01:58.000Z
"3/7/2026, 4:04:58 AM",3.617,65.1,100,0,2026-03-07T10:04:58.000Z
"3/7/2026, 4:07:58 AM",3.617,65.1,100,0,2026-03-07T10:07:58.000Z
"3/7/2026, 4:10:58 AM",3.617,65.1,100,0,2026-03-07T10:10:58.000Z
"3/7/2026, 4:13:58 AM",3.617,65.1,100,0,2026-03-07T10:13:58.000Z
"3/7/2026, 4:16:58 AM",3.617,64.9,100,0,2026-03-07T10:16:58.000Z
"3/7/2026, 4:19:58 AM",3.617,64.9,100,0,2026-03-07T10:19:58.000Z
"3/7/2026, 4:22:58 AM",3.617,64.9,100,0,2026-03-07T10:22:58.000Z
"3/7/2026, 4:25:58 AM",3.617,64.9,100,0,2026-03-07T10:25:58.000Z
"3/7/2026, 4:28:58 AM",3.617,64.9,100,0,2026-03-07T10:28:58.000Z
"3/7/2026, 4:31:58 AM",3.617,64.9,100,0,2026-03-07T10:31:58.000Z
"3/7/2026, 4:34:58 AM",3.617,64.9,100,0,2026-03-07T10:34:58.000Z
"3/7/2026, 4:37:58 AM",3.617,64.8,100,0,2026-03-07T10:37:58.000Z
"3/7/2026, 4:40:58 AM",3.617,64.8,100,0,2026-03-07T10:40:58.000Z
"3/7/2026, 4:43:58 AM",3.617,64.8,100,0,2026-03-07T10:43:58.000Z
"3/7/2026, 4:46:58 AM",3.617,64.8,100,0,2026-03-07T10:46:58.000Z
"3/7/2026, 4:49:58 AM",3.617,64.8,100,0,2026-03-07T10:49:58.000Z
"3/7/2026, 4:52:58 AM",3.617,64.8,100,0,2026-03-07T10:52:58.000Z
"3/7/2026, 4:55:58 AM",3.617,64.6,100,0,2026-03-07T10:55:58.000Z
"3/7/2026, 4:58:58 AM",3.617,64.6,100,0,2026-03-07T10:58:58.000Z
"3/7/2026, 5:01:58 AM",3.617,64.6,100,0,2026-03-07T11:01:58.000Z
"3/7/2026, 5:04:58 AM",3.617,64.6,100,0,2026-03-07T11:04:58.000Z
"3/7/2026, 5:07:58 AM",3.617,64.6,100,0,2026-03-07T11:07:58.000Z
"3/7/2026, 5:10:58 AM",3.617,64.6,100,0,2026-03-07T11:10:58.000Z
"3/7/2026, 5:13:58 AM",3.617,64.4,100,0,2026-03-07T11:13:58.000Z
"3/7/2026, 5:16:58 AM",3.617,64.4,100,0,2026-03-07T11:16:58.000Z
"3/7/2026, 5:19:58 AM",3.616,64.4,100,0,2026-03-07T11:19:58.000Z
"3/7/2026, 5:22:58 AM",3.617,64.4,100,0,2026-03-07T11:22:58.000Z
"3/7/2026, 5:25:58 AM",3.617,64.4,100,0,2026-03-07T11:25:58.000Z
"3/7/2026, 5:28:58 AM",3.617,64.4,100,0,2026-03-07T11:28:58.000Z
"3/7/2026, 5:31:58 AM",3.617,64.4,100,0,2026-03-07T11:31:58.000Z
"3/7/2026, 5:34:58 AM",3.617,64.2,100,0,2026-03-07T11:34:58.000Z
"3/7/2026, 5:37:58 AM",3.617,64.2,100,0,2026-03-07T11:37:58.000Z
"3/7/2026, 5:40:58 AM",3.617,64.2,100,0,2026-03-07T11:40:58.000Z
"3/7/2026, 5:43:58 AM",3.617,64.2,100,0,2026-03-07T11:43:58.000Z
"3/7/2026, 5:46:58 AM",3.616,64.2,100,0,2026-03-07T11:46:58.000Z
"3/7/2026, 5:49:58 AM",3.616,64.2,100,0,2026-03-07T11:49:58.000Z
"3/7/2026, 5:52:58 AM",3.616,64.2,100,0,2026-03-07T11:52:58.000Z
"3/7/2026, 5:55:58 AM",3.616,64.2,100,0,2026-03-07T11:55:58.000Z
"3/7/2026, 5:58:58 AM",3.616,64.2,100,0,2026-03-07T11:58:58.000Z
"3/7/2026, 6:01:58 AM",3.616,64.2,100,0,2026-03-07T12:01:58.000Z
"3/7/2026, 6:04:58 AM",3.616,64.2,100,0,2026-03-07T12:04:58.000Z
"3/7/2026, 6:07:58 AM",3.617,64.2,100,0,2026-03-07T12:07:58.000Z
"3/7/2026, 6:10:58 AM",3.616,64.2,100,0,2026-03-07T12:10:58.000Z
"3/7/2026, 6:13:58 AM",3.617,64.2,100,0,2026-03-07T12:13:58.000Z
"3/7/2026, 6:16:58 AM",3.616,64.2,100,0,2026-03-07T12:16:58.000Z
"3/7/2026, 6:19:58 AM",3.617,64.4,100,0,2026-03-07T12:19:58.000Z
"3/7/2026, 6:22:58 AM",3.616,64.4,100,0,2026-03-07T12:22:58.000Z
"3/7/2026, 6:25:58 AM",3.616,64.4,100,0,2026-03-07T12:25:58.000Z
"3/7/2026, 6:28:58 AM",3.616,64.6,100,0,2026-03-07T12:28:58.000Z
"3/7/2026, 6:31:58 AM",3.617,64.6,100,0,2026-03-07T12:31:58.000Z
"3/7/2026, 6:34:58 AM",3.617,64.8,100,0,2026-03-07T12:34:58.000Z
"3/7/2026, 6:37:58 AM",3.617,64.8,100,0,2026-03-07T12:37:58.000Z
"3/7/2026, 6:40:58 AM",3.617,64.9,100,0,2026-03-07T12:40:58.000Z
"3/7/2026, 6:43:58 AM",3.617,65.1,100,0,2026-03-07T12:43:58.000Z
"3/7/2026, 6:46:58 AM",3.617,65.3,100,0,2026-03-07T12:46:58.000Z
"3/7/2026, 6:49:58 AM",3.617,65.5,100,0,2026-03-07T12:49:58.000Z
"3/7/2026, 6:52:58 AM",3.617,65.7,100,0,2026-03-07T12:52:58.000Z
"3/7/2026, 6:55:58 AM",3.617,65.8,100,0,2026-03-07T12:55:58.000Z
"3/7/2026, 6:58:58 AM",3.617,65.8,100,0,2026-03-07T12:58:58.000Z
"3/7/2026, 7:01:58 AM",3.617,66,100,0,2026-03-07T13:01:58.000Z
"3/7/2026, 7:04:58 AM",3.616,66.2,100,0,2026-03-07T13:04:58.000Z
"3/7/2026, 7:07:58 AM",3.617,66.4,100,0,2026-03-07T13:07:58.000Z
"3/7/2026, 7:10:58 AM",3.617,66.4,100,0,2026-03-07T13:10:58.000Z
"3/7/2026, 7:13:58 AM",3.617,66.6,100,0,2026-03-07T13:13:58.000Z
"3/7/2026, 7:16:58 AM",3.617,66.7,100,0,2026-03-07T13:16:58.000Z
"3/7/2026, 7:19:58 AM",3.617,66.9,100,0,2026-03-07T13:19:58.000Z
"3/7/2026, 7:22:58 AM",3.617,66.9,100,0,2026-03-07T13:22:58.000Z
"3/7/2026, 7:25:58 AM",3.617,67.1,100,0,2026-03-07T13:25:58.000Z
"3/7/2026, 7:28:58 AM",3.617,67.3,100,0,2026-03-07T13:28:58.000Z
"3/7/2026, 7:31:58 AM",3.617,67.5,100,0,2026-03-07T13:31:58.000Z
"3/7/2026, 7:34:58 AM",3.617,67.5,100,0,2026-03-07T13:34:58.000Z
"3/7/2026, 7:37:58 AM",3.617,67.6,100,0,2026-03-07T13:37:58.000Z
"3/7/2026, 7:40:58 AM",3.617,67.8,100,0,2026-03-07T13:40:58.000Z
"3/7/2026, 7:43:58 AM",3.617,68,100,0,2026-03-07T13:43:58.000Z
"3/7/2026, 7:46:58 AM",3.617,68.2,100,0,2026-03-07T13:46:58.000Z
"3/7/2026, 7:49:58 AM",3.617,68.4,100,0,2026-03-07T13:49:58.000Z
"3/7/2026, 7:52:58 AM",3.617,68.4,100,0,2026-03-07T13:52:58.000Z
"3/7/2026, 7:55:58 AM",3.618,68.5,100,0,2026-03-07T13:55:58.000Z
"3/7/2026, 7:58:58 AM",3.618,68.9,100,0,2026-03-07T13:58:58.000Z
"3/7/2026, 8:01:58 AM",3.618,68.9,100,0,2026-03-07T14:01:58.000Z
"3/7/2026, 8:04:58 AM",3.618,68.9,100,0,2026-03-07T14:04:58.000Z
"3/7/2026, 8:07:58 AM",3.618,68.9,100,0,2026-03-07T14:07:58.000Z
"3/7/2026, 8:10:58 AM",3.618,69.1,100,0,2026-03-07T14:10:58.000Z
"3/7/2026, 8:13:58 AM",3.618,69.1,100,0,2026-03-07T14:13:58.000Z
"3/7/2026, 8:16:58 AM",3.618,69.1,100,0,2026-03-07T14:16:58.000Z
"3/7/2026, 8:19:58 AM",3.618,69.1,100,0,2026-03-07T14:19:58.000Z
"3/7/2026, 8:22:58 AM",3.618,69.1,100,0,2026-03-07T14:22:58.000Z
"3/7/2026, 8:25:58 AM",3.618,69.1,100,0,2026-03-07T14:25:58.000Z
"3/7/2026, 8:28:58 AM",3.618,69.1,100,0,2026-03-07T14:28:58.000Z
"3/7/2026, 8:31:58 AM",3.618,69.1,100,0,2026-03-07T14:31:58.000Z
"3/7/2026, 8:34:58 AM",3.618,69.1,100,0,2026-03-07T14:34:58.000Z
"3/7/2026, 8:37:58 AM",3.618,69.3,100,0,2026-03-07T14:37:58.000Z
"3/7/2026, 8:40:58 AM",3.618,69.3,100,0,2026-03-07T14:40:58.000Z
"3/7/2026, 8:43:58 AM",3.618,69.3,100,0,2026-03-07T14:43:58.000Z
"3/7/2026, 8:46:58 AM",3.618,69.3,100,0,2026-03-07T14:46:58.000Z
"3/7/2026, 8:49:58 AM",3.618,69.3,100,0,2026-03-07T14:49:58.000Z
"3/7/2026, 8:52:58 AM",3.619,69.3,100,0,2026-03-07T14:52:58.000Z
"3/7/2026, 8:55:58 AM",3.618,69.3,100,0,2026-03-07T14:55:58.000Z
"3/7/2026, 8:58:58 AM",3.618,69.3,100,0,2026-03-07T14:58:58.000Z
"3/7/2026, 9:01:58 AM",3.618,69.3,100,0,2026-03-07T15:01:58.000Z
"3/7/2026, 9:04:58 AM",3.619,69.3,100,0,2026-03-07T15:04:58.000Z
"3/7/2026, 9:07:58 AM",3.619,69.3,100,0,2026-03-07T15:07:58.000Z
"3/7/2026, 9:10:58 AM",3.618,69.3,100,0,2026-03-07T15:10:58.000Z
"3/7/2026, 9:13:58 AM",3.618,69.3,100,0,2026-03-07T15:13:58.000Z
"3/7/2026, 9:16:58 AM",3.619,69.3,100,0,2026-03-07T15:16:58.000Z
"3/7/2026, 9:19:58 AM",3.618,69.1,100,0,2026-03-07T15:19:58.000Z
"3/7/2026, 9:22:58 AM",3.618,69.1,100,0,2026-03-07T15:22:58.000Z
"3/7/2026, 9:25:58 AM",3.619,68.9,100,0,2026-03-07T15:25:58.000Z
"3/7/2026, 9:28:58 AM",3.619,68.9,100,0,2026-03-07T15:28:58.000Z
"3/7/2026, 9:31:58 AM",3.618,68.7,100,0,2026-03-07T15:31:58.000Z
"3/7/2026, 9:34:58 AM",3.618,68.5,100,0,2026-03-07T15:34:58.000Z
"3/7/2026, 9:37:58 AM",3.618,68.4,100,0,2026-03-07T15:37:58.000Z
"3/7/2026, 9:40:58 AM",3.618,68.2,100,0,2026-03-07T15:40:58.000Z
"3/7/2026, 9:43:58 AM",3.618,68,100,0,2026-03-07T15:43:58.000Z
"3/7/2026, 9:46:58 AM",3.618,68,100,0,2026-03-07T15:46:58.000Z
"3/7/2026, 9:49:58 AM",3.618,67.8,100,0,2026-03-07T15:49:58.000Z
"3/7/2026, 9:52:58 AM",3.618,67.8,100,0,2026-03-07T15:52:58.000Z
"3/7/2026, 9:55:58 AM",3.618,67.8,100,0,2026-03-07T15:55:58.000Z
"3/7/2026, 9:58:58 AM",3.618,68,100,0,2026-03-07T15:58:58.000Z
"3/7/2026, 10:01:58 AM",3.618,68,100,0,2026-03-07T16:01:58.000Z
"3/7/2026, 10:04:58 AM",3.618,68,100,0,2026-03-07T16:04:58.000Z
"3/7/2026, 10:07:58 AM",3.618,68,100,0,2026-03-07T16:07:58.000Z
"3/7/2026, 10:10:58 AM",3.618,68,100,0,2026-03-07T16:10:58.000Z
"3/7/2026, 10:13:58 AM",3.618,68.2,100,0,2026-03-07T16:13:58.000Z
"3/7/2026, 10:16:58 AM",3.618,68.2,100,0,2026-03-07T16:16:58.000Z
"3/7/2026, 10:19:58 AM",3.618,68.4,100,0,2026-03-07T16:19:58.000Z
"3/7/2026, 10:22:58 AM",3.618,68.4,100,0,2026-03-07T16:22:58.000Z
"3/7/2026, 10:25:58 AM",3.618,68.5,100,0,2026-03-07T16:25:58.000Z
"3/7/2026, 10:28:58 AM",3.618,68.5,100,0,2026-03-07T16:28:58.000Z
"3/7/2026, 10:31:58 AM",3.618,68.5,100,0,2026-03-07T16:31:58.000Z
"3/7/2026, 10:34:58 AM",3.618,68.5,100,0,2026-03-07T16:34:58.000Z
"3/7/2026, 10:37:58 AM",3.618,68.5,100,0,2026-03-07T16:37:58.000Z
"3/7/2026, 10:40:58 AM",3.618,68.5,100,0,2026-03-07T16:40:58.000Z
"3/7/2026, 10:43:58 AM",3.618,68.4,100,0,2026-03-07T16:43:58.000Z
"3/7/2026, 10:46:58 AM",3.618,68.4,100,0,2026-03-07T16:46:58.000Z
"3/7/2026, 10:49:58 AM",3.618,68.2,100,0,2026-03-07T16:49:58.000Z
"3/7/2026, 10:52:58 AM",3.618,68.2,100,0,2026-03-07T16:52:58.000Z
"3/7/2026, 10:55:58 AM",3.618,68.2,100,0,2026-03-07T16:55:58.000Z
"3/7/2026, 10:58:58 AM",3.618,68,100,0,2026-03-07T16:58:58.000Z
"3/7/2026, 11:01:58 AM",3.618,68,100,0,2026-03-07T17:01:58.000Z
"3/7/2026, 11:04:58 AM",3.618,68,100,0,2026-03-07T17:04:58.000Z
"3/7/2026, 11:07:58 AM",3.618,68,100,0,2026-03-07T17:07:58.000Z
"3/7/2026, 11:10:58 AM",3.618,68,100,0,2026-03-07T17:10:58.000Z
"3/7/2026, 11:13:58 AM",3.618,68,100,0,2026-03-07T17:13:58.000Z
"3/7/2026, 11:16:58 AM",3.618,68,100,0,2026-03-07T17:16:58.000Z
"3/7/2026, 11:19:58 AM",3.618,68,100,0,2026-03-07T17:19:58.000Z
"3/7/2026, 11:22:58 AM",3.618,68,100,0,2026-03-07T17:22:58.000Z
"3/7/2026, 11:25:58 AM",3.618,68.2,100,0,2026-03-07T17:25:58.000Z
"3/7/2026, 11:28:58 AM",3.618,68.2,100,0,2026-03-07T17:28:58.000Z
"3/7/2026, 11:31:58 AM",3.618,68.2,100,0,2026-03-07T17:31:58.000Z
"3/7/2026, 11:34:58 AM",3.618,68.2,100,0,2026-03-07T17:34:58.000Z
"3/7/2026, 11:37:58 AM",3.618,68.2,100,0,2026-03-07T17:37:58.000Z
"3/7/2026, 11:40:58 AM",3.618,68.2,100,0,2026-03-07T17:40:58.000Z
"3/7/2026, 11:43:58 AM",3.618,68.2,100,0,2026-03-07T17:43:58.000Z
"3/7/2026, 11:46:58 AM",3.618,68.2,100,0,2026-03-07T17:46:58.000Z
"3/7/2026, 11:49:58 AM",3.618,68,100,0,2026-03-07T17:49:58.000Z
"3/7/2026, 11:52:58 AM",3.618,68,100,0,2026-03-07T17:52:58.000Z
"3/7/2026, 11:55:58 AM",3.618,68,100,0,2026-03-07T17:55:58.000Z
"3/7/2026, 11:58:58 AM",3.618,68,100,0,2026-03-07T17:58:58.000Z
"3/7/2026, 12:01:58 PM",3.618,68,100,0,2026-03-07T18:01:58.000Z
"3/7/2026, 12:04:58 PM",3.618,68,100,0,2026-03-07T18:04:58.000Z
"3/7/2026, 12:07:58 PM",3.618,68,100,0,2026-03-07T18:07:58.000Z
"3/7/2026, 12:10:58 PM",3.618,68,100,0,2026-03-07T18:10:58.000Z
"3/7/2026, 12:13:58 PM",3.618,67.8,100,0,2026-03-07T18:13:58.000Z
"3/7/2026, 12:16:58 PM",3.618,67.8,100,0,2026-03-07T18:16:58.000Z
"3/7/2026, 12:19:58 PM",3.618,67.8,100,0,2026-03-07T18:19:58.000Z
"3/7/2026, 12:22:58 PM",3.618,67.8,100,0,2026-03-07T18:22:58.000Z
"3/7/2026, 12:25:58 PM",3.618,67.8,100,0,2026-03-07T18:25:58.000Z
"3/7/2026, 12:28:58 PM",3.618,67.8,100,0,2026-03-07T18:28:58.000Z
"3/7/2026, 12:31:58 PM",3.618,67.8,100,0,2026-03-07T18:31:58.000Z
"3/7/2026, 12:34:58 PM",3.618,67.6,100,0,2026-03-07T18:34:58.000Z
"3/7/2026, 12:37:58 PM",3.618,67.6,100,0,2026-03-07T18:37:58.000Z
"3/7/2026, 12:40:58 PM",3.618,67.6,100,0,2026-03-07T18:40:58.000Z
"3/7/2026, 12:43:58 PM",3.618,67.6,100,0,2026-03-07T18:43:58.000Z
"3/7/2026, 12:46:58 PM",3.618,67.6,100,0,2026-03-07T18:46:58.000Z
"3/7/2026, 12:49:58 PM",3.618,67.5,100,0,2026-03-07T18:49:58.000Z
"3/7/2026, 12:52:58 PM",3.618,67.5,100,0,2026-03-07T18:52:58.000Z
"3/7/2026, 12:55:58 PM",3.618,67.5,100,0,2026-03-07T18:55:58.000Z
"3/7/2026, 12:58:58 PM",3.618,67.3,100,0,2026-03-07T18:58:58.000Z
"3/7/2026, 1:01:58 PM",3.618,67.3,100,0,2026-03-07T19:01:58.000Z
"3/7/2026, 1:04:58 PM",3.618,67.3,100,0,2026-03-07T19:04:58.000Z
"3/7/2026, 1:07:58 PM",3.618,67.3,100,0,2026-03-07T19:07:58.000Z
"3/7/2026, 1:10:58 PM",3.618,67.3,100,0,2026-03-07T19:10:58.000Z
"3/7/2026, 1:13:58 PM",3.618,67.3,100,0,2026-03-07T19:13:58.000Z
"3/7/2026, 1:16:58 PM",3.617,67.5,100,0,2026-03-07T19:16:58.000Z
"3/7/2026, 1:19:58 PM",3.617,67.5,100,0,2026-03-07T19:19:58.000Z
"3/7/2026, 1:22:58 PM",3.617,67.5,100,0,2026-03-07T19:22:58.000Z
"3/7/2026, 1:25:58 PM",3.617,67.5,100,0,2026-03-07T19:25:58.000Z
"3/7/2026, 1:28:58 PM",3.618,67.5,100,0,2026-03-07T19:28:58.000Z
"3/7/2026, 1:31:58 PM",3.618,67.5,100,0,2026-03-07T19:31:58.000Z
"3/7/2026, 1:34:58 PM",3.618,67.5,100,0,2026-03-07T19:34:58.000Z
"3/7/2026, 1:37:58 PM",3.618,67.5,100,0,2026-03-07T19:37:58.000Z
"3/7/2026, 1:40:58 PM",3.618,67.5,100,0,2026-03-07T19:40:58.000Z
"3/7/2026, 1:43:58 PM",3.618,67.5,100,0,2026-03-07T19:43:58.000Z
"3/7/2026, 1:46:58 PM",3.618,67.3,100,0,2026-03-07T19:46:58.000Z
"3/7/2026, 1:49:58 PM",3.618,67.3,100,0,2026-03-07T19:49:58.000Z
"3/7/2026, 1:52:58 PM",3.618,67.3,100,0,2026-03-07T19:52:58.000Z
"3/7/2026, 1:55:58 PM",3.618,67.3,100,0,2026-03-07T19:55:58.000Z
"3/7/2026, 1:58:58 PM",3.618,67.1,100,0,2026-03-07T19:58:58.000Z
"3/7/2026, 2:01:58 PM",3.618,67.1,100,0,2026-03-07T20:01:58.000Z
"3/7/2026, 2:04:58 PM",3.618,66.9,100,0,2026-03-07T20:04:58.000Z
"3/7/2026, 2:07:58 PM",3.617,66.9,100,0,2026-03-07T20:07:58.000Z
"3/7/2026, 2:10:58 PM",3.618,67.1,100,0,2026-03-07T20:10:58.000Z
"3/7/2026, 2:13:58 PM",3.617,67.1,100,0,2026-03-07T20:13:58.000Z
"3/7/2026, 2:16:58 PM",3.618,67.1,100,0,2026-03-07T20:16:58.000Z
"3/7/2026, 2:19:58 PM",3.617,67.1,100,0,2026-03-07T20:19:58.000Z
"3/7/2026, 2:22:58 PM",3.617,67.1,100,0,2026-03-07T20:22:58.000Z
"3/7/2026, 2:25:58 PM",3.618,67.1,100,0,2026-03-07T20:25:58.000Z
"3/7/2026, 2:28:58 PM",3.617,67.1,100,0,2026-03-07T20:28:58.000Z
"3/7/2026, 2:31:58 PM",3.618,67.1,100,0,2026-03-07T20:31:58.000Z
"3/7/2026, 2:34:58 PM",3.617,67.1,100,0,2026-03-07T20:34:58.000Z
"3/7/2026, 2:37:58 PM",3.617,66.9,100,0,2026-03-07T20:37:58.000Z
"3/7/2026, 2:40:58 PM",3.618,66.9,100,0,2026-03-07T20:40:58.000Z
"3/7/2026, 2:43:58 PM",3.618,66.7,100,0,2026-03-07T20:43:58.000Z
"3/7/2026, 2:46:58 PM",3.618,66.7,100,0,2026-03-07T20:46:58.000Z
"3/7/2026, 2:49:58 PM",3.618,66.6,100,0,2026-03-07T20:49:58.000Z
"3/7/2026, 2:52:58 PM",3.617,66.6,100,0,2026-03-07T20:52:58.000Z
"3/7/2026, 2:55:58 PM",3.617,66.4,100,0,2026-03-07T20:55:58.000Z
"3/7/2026, 2:58:58 PM",3.617,66.2,100,0,2026-03-07T20:58:58.000Z
"3/7/2026, 3:01:58 PM",3.617,66.2,100,0,2026-03-07T21:01:58.000Z
"3/7/2026, 3:04:58 PM",3.617,66,100,0,2026-03-07T21:04:58.000Z
"3/7/2026, 3:07:58 PM",3.617,65.8,100,0,2026-03-07T21:07:58.000Z
"3/7/2026, 3:10:58 PM",3.617,65.8,100,0,2026-03-07T21:10:58.000Z
"3/7/2026, 3:13:58 PM",3.617,65.7,100,0,2026-03-07T21:13:58.000Z
"3/7/2026, 3:16:58 PM",3.617,65.5,100,0,2026-03-07T21:16:58.000Z
"3/7/2026, 3:19:58 PM",3.617,65.5,100,0,2026-03-07T21:19:58.000Z
"3/7/2026, 3:22:58 PM",3.617,65.3,100,0,2026-03-07T21:22:58.000Z
"3/7/2026, 3:25:58 PM",3.617,65.3,100,0,2026-03-07T21:25:58.000Z
"3/7/2026, 3:28:58 PM",3.617,65.1,100,0,2026-03-07T21:28:58.000Z
"3/7/2026, 3:31:58 PM",3.617,65.1,100,0,2026-03-07T21:31:58.000Z
"3/7/2026, 3:34:58 PM",3.617,65.1,100,0,2026-03-07T21:34:58.000Z
"3/7/2026, 3:37:58 PM",3.617,65.1,100,0,2026-03-07T21:37:58.000Z
"3/7/2026, 3:40:58 PM",3.616,65.1,100,0,2026-03-07T21:40:58.000Z
"3/7/2026, 3:43:58 PM",3.617,64.9,100,0,2026-03-07T21:43:58.000Z
"3/7/2026, 3:46:58 PM",3.617,64.9,100,0,2026-03-07T21:46:58.000Z
"3/7/2026, 3:49:58 PM",3.617,64.9,100,0,2026-03-07T21:49:58.000Z
"3/7/2026, 3:52:58 PM",3.617,64.9,100,0,2026-03-07T21:52:58.000Z
"3/7/2026, 3:55:58 PM",3.617,65.1,100,0,2026-03-07T21:55:58.000Z
"3/7/2026, 3:58:58 PM",3.616,65.1,100,0,2026-03-07T21:58:58.000Z
"3/7/2026, 4:01:58 PM",3.617,65.1,100,0,2026-03-07T22:01:58.000Z
"3/7/2026, 4:04:58 PM",3.617,65.1,100,0,2026-03-07T22:04:58.000Z
"3/7/2026, 4:07:58 PM",3.617,65.1,100,0,2026-03-07T22:07:58.000Z
"3/7/2026, 4:10:58 PM",3.617,65.1,100,0,2026-03-07T22:10:58.000Z
"3/7/2026, 4:13:58 PM",3.616,65.3,100,0,2026-03-07T22:13:58.000Z
"3/7/2026, 4:16:58 PM",3.617,65.3,100,0,2026-03-07T22:16:58.000Z
"3/7/2026, 4:19:58 PM",3.617,65.3,100,0,2026-03-07T22:19:58.000Z
"3/7/2026, 4:22:58 PM",3.617,65.5,100,0,2026-03-07T22:22:58.000Z
"3/7/2026, 4:25:58 PM",3.616,65.5,100,0,2026-03-07T22:25:58.000Z
"3/7/2026, 4:28:58 PM",3.617,65.5,100,0,2026-03-07T22:28:58.000Z
"3/7/2026, 4:31:58 PM",3.617,65.5,100,0,2026-03-07T22:31:58.000Z
"3/7/2026, 4:34:58 PM",3.617,65.7,100,0,2026-03-07T22:34:58.000Z
"3/7/2026, 4:37:58 PM",3.616,65.7,100,0,2026-03-07T22:37:58.000Z
"3/7/2026, 4:40:58 PM",3.617,65.7,100,0,2026-03-07T22:40:58.000Z
"3/7/2026, 4:43:58 PM",3.616,65.7,100,0,2026-03-07T22:43:58.000Z
"3/7/2026, 4:46:58 PM",3.616,65.7,100,0,2026-03-07T22:46:58.000Z
"3/7/2026, 4:49:58 PM",3.617,65.7,100,0,2026-03-07T22:49:58.000Z
"3/7/2026, 4:52:58 PM",3.616,65.7,100,0,2026-03-07T22:52:58.000Z
"3/7/2026, 4:55:58 PM",3.617,65.5,100,0,2026-03-07T22:55:58.000Z
"3/7/2026, 4:58:58 PM",3.616,65.5,100,0,2026-03-07T22:58:58.000Z
"3/7/2026, 5:01:58 PM",3.617,65.5,100,0,2026-03-07T23:01:58.000Z
"3/7/2026, 5:04:58 PM",3.616,65.5,100,0,2026-03-07T23:04:58.000Z
"3/7/2026, 5:07:58 PM",3.616,65.5,100,0,2026-03-07T23:07:58.000Z
"3/7/2026, 5:10:58 PM",3.617,65.5,100,0,2026-03-07T23:10:58.000Z
"3/7/2026, 5:13:58 PM",3.617,65.3,100,0,2026-03-07T23:13:58.000Z
"3/7/2026, 5:16:58 PM",3.617,65.3,100,0,2026-03-07T23:16:58.000Z
"3/7/2026, 5:19:58 PM",3.617,65.3,100,0,2026-03-07T23:19:58.000Z
"3/7/2026, 5:22:58 PM",3.616,65.3,100,0,2026-03-07T23:22:58.000Z
"3/7/2026, 5:25:58 PM",3.617,65.1,100,0,2026-03-07T23:25:58.000Z
"3/7/2026, 5:28:58 PM",3.617,65.1,100,0,2026-03-07T23:28:58.000Z
"3/7/2026, 5:31:58 PM",3.616,65.1,100,0,2026-03-07T23:31:58.000Z
"3/7/2026, 5:34:58 PM",3.616,65.1,100,0,2026-03-07T23:34:58.000Z
"3/7/2026, 5:37:58 PM",3.616,64.9,100,0,2026-03-07T23:37:58.000Z
"3/7/2026, 5:40:58 PM",3.617,64.9,100,0,2026-03-07T23:40:58.000Z
"3/7/2026, 5:43:58 PM",3.616,64.8,100,0,2026-03-07T23:43:58.000Z
"3/7/2026, 5:46:58 PM",3.616,64.8,100,0,2026-03-07T23:46:58.000Z
"3/7/2026, 5:49:58 PM",3.616,64.8,100,0,2026-03-07T23:49:58.000Z
"3/7/2026, 5:52:58 PM",3.616,64.6,100,0,2026-03-07T23:52:58.000Z
"3/7/2026, 5:55:58 PM",3.616,64.6,100,0,2026-03-07T23:55:58.000Z
"3/7/2026, 5:58:58 PM",3.616,64.6,100,0,2026-03-07T23:58:58.000Z
"3/7/2026, 6:01:58 PM",3.616,64.6,100,0,2026-03-08T00:01:58.000Z
"3/7/2026, 6:04:58 PM",3.616,64.6,100,0,2026-03-08T00:04:58.000Z
"3/7/2026, 6:07:58 PM",3.616,64.6,100,0,2026-03-08T00:07:58.000Z
"3/7/2026, 6:10:58 PM",3.616,64.6,100,0,2026-03-08T00:10:58.000Z
"3/7/2026, 6:13:58 PM",3.616,64.6,100,0,2026-03-08T00:13:58.000Z
"3/7/2026, 6:16:58 PM",3.616,64.4,100,0,2026-03-08T00:16:58.000Z
"3/7/2026, 6:19:58 PM",3.616,64.4,100,0,2026-03-08T00:19:58.000Z
"3/7/2026, 6:22:58 PM",3.616,64.4,100,0,2026-03-08T00:22:58.000Z
"3/7/2026, 6:25:58 PM",3.616,64.2,100,0,2026-03-08T00:25:58.000Z
"3/7/2026, 6:28:58 PM",3.616,64.2,100,0,2026-03-08T00:28:58.000Z
"3/7/2026, 6:31:58 PM",3.616,64.2,100,0,2026-03-08T00:31:58.000Z
"3/7/2026, 6:34:58 PM",3.616,64.2,100,0,2026-03-08T00:34:58.000Z
"3/7/2026, 6:37:58 PM",3.616,64,100,0,2026-03-08T00:37:58.000Z
"3/7/2026, 6:40:58 PM",3.616,64,100,0,2026-03-08T00:40:58.000Z
"3/7/2026, 6:43:58 PM",3.616,64,100,0,2026-03-08T00:43:58.000Z
"3/7/2026, 6:46:58 PM",3.616,64,100,0,2026-03-08T00:46:58.000Z
"3/7/2026, 6:49:58 PM",3.616,63.9,100,0,2026-03-08T00:49:58.000Z
"3/7/2026, 6:52:58 PM",3.616,63.9,100,0,2026-03-08T00:52:58.000Z
"3/7/2026, 6:55:58 PM",3.616,63.9,100,0,2026-03-08T00:55:58.000Z
"3/7/2026, 6:58:58 PM",3.616,63.7,100,0,2026-03-08T00:58:58.000Z
"3/7/2026, 7:01:58 PM",3.616,63.7,100,0,2026-03-08T01:01:58.000Z
"3/7/2026, 7:04:58 PM",3.616,63.7,100,0,2026-03-08T01:04:58.000Z
"3/7/2026, 7:07:58 PM",3.616,63.5,100,0,2026-03-08T01:07:58.000Z
"3/7/2026, 7:10:58 PM",3.616,63.5,100,0,2026-03-08T01:10:58.000Z
"3/7/2026, 7:13:58 PM",3.616,63.5,100,0,2026-03-08T01:13:58.000Z
"3/7/2026, 7:16:58 PM",3.616,63.3,100,0,2026-03-08T01:16:58.000Z
"3/7/2026, 7:19:58 PM",3.615,63.3,100,0,2026-03-08T01:19:58.000Z
"3/7/2026, 7:22:58 PM",3.616,63.3,100,0,2026-03-08T01:22:58.000Z
"3/7/2026, 7:25:58 PM",3.615,63.1,100,0,2026-03-08T01:25:58.000Z
"3/7/2026, 7:28:58 PM",3.615,63.1,100,0,2026-03-08T01:28:58.000Z
"3/7/2026, 7:31:58 PM",3.615,63.1,100,0,2026-03-08T01:31:58.000Z
"3/7/2026, 7:34:58 PM",3.615,63.1,100,0,2026-03-08T01:34:58.000Z
"3/7/2026, 7:37:58 PM",3.615,63,100,0,2026-03-08T01:37:58.000Z
"3/7/2026, 7:40:58 PM",3.615,63,100,0,2026-03-08T01:40:58.000Z
"3/7/2026, 7:43:58 PM",3.615,63,100,0,2026-03-08T01:43:58.000Z
"3/7/2026, 7:46:58 PM",3.615,62.8,100,0,2026-03-08T01:46:58.000Z
"3/7/2026, 7:49:58 PM",3.615,62.8,100,0,2026-03-08T01:49:58.000Z
"3/7/2026, 7:52:58 PM",3.615,62.8,100,0,2026-03-08T01:52:58.000Z
"3/7/2026, 7:55:58 PM",3.616,62.6,100,0,2026-03-08T01:55:58.000Z
"3/7/2026, 7:58:58 PM",3.615,62.6,100,0,2026-03-08T01:58:58.000Z
"3/7/2026, 8:01:58 PM",3.615,62.6,100,0,2026-03-08T02:01:58.000Z
"3/7/2026, 8:04:58 PM",3.615,62.6,100,0,2026-03-08T02:04:58.000Z
"3/7/2026, 8:07:58 PM",3.615,62.6,100,0,2026-03-08T02:07:58.000Z
"3/7/2026, 8:10:58 PM",3.615,62.6,100,0,2026-03-08T02:10:58.000Z
"3/7/2026, 8:13:58 PM",3.615,62.6,100,0,2026-03-08T02:13:58.000Z
"3/7/2026, 8:16:58 PM",3.615,62.6,100,0,2026-03-08T02:16:58.000Z
"3/7/2026, 8:19:58 PM",3.615,62.6,100,0,2026-03-08T02:19:58.000Z
"3/7/2026, 8:22:58 PM",3.615,62.6,100,0,2026-03-08T02:22:58.000Z
"3/7/2026, 8:25:58 PM",3.615,62.6,100,0,2026-03-08T02:25:58.000Z
"3/7/2026, 8:28:58 PM",3.615,62.6,100,0,2026-03-08T02:28:58.000Z
"3/7/2026, 8:31:58 PM",3.615,62.8,100,0,2026-03-08T02:31:58.000Z
"3/7/2026, 8:34:58 PM",3.615,62.8,100,0,2026-03-08T02:34:58.000Z
"3/7/2026, 8:37:58 PM",3.615,62.8,100,0,2026-03-08T02:37:58.000Z
"3/7/2026, 8:40:58 PM",3.615,62.8,100,0,2026-03-08T02:40:58.000Z
"3/7/2026, 8:43:58 PM",3.615,62.8,100,0,2026-03-08T02:43:58.000Z
"3/7/2026, 8:46:58 PM",3.615,62.8,100,0,2026-03-08T02:46:58.000Z
"3/7/2026, 8:49:58 PM",3.615,62.8,100,0,2026-03-08T02:49:58.000Z
"3/7/2026, 8:52:58 PM",3.615,62.6,100,0,2026-03-08T02:52:58.000Z
"3/7/2026, 8:55:58 PM",3.615,62.6,100,0,2026-03-08T02:55:58.000Z
"3/7/2026, 8:58:58 PM",3.615,62.6,100,0,2026-03-08T02:58:58.000Z
"3/7/2026, 9:01:58 PM",3.615,62.6,100,0,2026-03-08T03:01:58.000Z
"3/7/2026, 9:04:58 PM",3.615,62.6,100,0,2026-03-08T03:04:58.000Z
"3/7/2026, 9:07:58 PM",3.615,62.6,100,0,2026-03-08T03:07:58.000Z
"3/7/2026, 9:10:58 PM",3.615,62.6,100,0,2026-03-08T03:10:58.000Z
"3/7/2026, 9:13:58 PM",3.615,62.6,100,0,2026-03-08T03:13:58.000Z
"3/7/2026, 9:16:58 PM",3.615,62.6,100,0,2026-03-08T03:16:58.000Z
"3/7/2026, 9:19:58 PM",3.615,62.6,100,0,2026-03-08T03:19:58.000Z
"3/7/2026, 9:22:58 PM",3.615,62.6,100,0,2026-03-08T03:22:58.000Z
"3/7/2026, 9:25:58 PM",3.615,62.6,100,0,2026-03-08T03:25:58.000Z
"3/7/2026, 9:28:58 PM",3.615,62.6,100,0,2026-03-08T03:28:58.000Z
"3/7/2026, 9:31:58 PM",3.615,62.6,100,0,2026-03-08T03:31:58.000Z
"3/7/2026, 9:34:58 PM",3.615,62.6,100,0,2026-03-08T03:34:58.000Z
"3/7/2026, 9:37:58 PM",3.615,62.6,100,0,2026-03-08T03:37:58.000Z
"3/7/2026, 9:40:58 PM",3.615,62.6,100,0,2026-03-08T03:40:58.000Z
"3/7/2026, 9:43:58 PM",3.615,62.6,100,0,2026-03-08T03:43:58.000Z
"3/7/2026, 9:46:58 PM",3.615,62.4,100,0,2026-03-08T03:46:58.000Z
"3/7/2026, 9:49:58 PM",3.615,62.4,100,0,2026-03-08T03:49:58.000Z
"3/7/2026, 9:52:58 PM",3.615,62.4,100,0,2026-03-08T03:52:58.000Z
"3/7/2026, 9:55:58 PM",3.615,62.2,100,0,2026-03-08T03:55:58.000Z
"3/7/2026, 9:58:58 PM",3.615,62.2,100,0,2026-03-08T03:58:58.000Z
"3/7/2026, 10:01:58 PM",3.615,62.2,100,0,2026-03-08T04:01:58.000Z
"3/7/2026, 10:04:58 PM",3.615,62.2,100,0,2026-03-08T04:04:58.000Z
"3/7/2026, 10:07:58 PM",3.615,62.1,100,0,2026-03-08T04:07:58.000Z
"3/7/2026, 10:10:58 PM",3.615,62.1,100,0,2026-03-08T04:10:58.000Z
"3/7/2026, 10:13:58 PM",3.615,62.1,100,0,2026-03-08T04:13:58.000Z
"3/7/2026, 10:16:58 PM",3.615,62.1,100,0,2026-03-08T04:16:58.000Z
"3/7/2026, 10:19:58 PM",3.615,62.1,100,0,2026-03-08T04:19:58.000Z
"3/7/2026, 10:22:58 PM",3.615,62.1,100,0,2026-03-08T04:22:58.000Z
"3/7/2026, 10:25:58 PM",3.615,62.1,100,0,2026-03-08T04:25:58.000Z
"3/7/2026, 10:28:58 PM",3.615,61.9,100,0,2026-03-08T04:28:58.000Z
"3/7/2026, 10:31:58 PM",3.614,61.9,100,0,2026-03-08T04:31:58.000Z
"3/7/2026, 10:34:58 PM",3.615,61.9,100,0,2026-03-08T04:34:58.000Z
"3/7/2026, 10:37:58 PM",3.615,61.9,100,0,2026-03-08T04:37:58.000Z
"3/7/2026, 10:40:58 PM",3.615,61.9,100,0,2026-03-08T04:40:58.000Z
"3/7/2026, 10:43:58 PM",3.615,61.9,100,0,2026-03-08T04:43:58.000Z
"3/7/2026, 10:46:58 PM",3.614,61.9,100,0,2026-03-08T04:46:58.000Z
"3/7/2026, 10:49:58 PM",3.614,61.9,100,0,2026-03-08T04:49:58.000Z
"3/7/2026, 10:52:58 PM",3.615,61.9,100,0,2026-03-08T04:52:58.000Z
"3/7/2026, 10:55:58 PM",3.614,61.9,100,0,2026-03-08T04:55:58.000Z
"3/7/2026, 10:58:58 PM",3.615,61.9,100,0,2026-03-08T04:58:58.000Z
"3/7/2026, 11:01:58 PM",3.614,61.9,100,0,2026-03-08T05:01:58.000Z
"3/7/2026, 11:04:58 PM",3.614,61.9,100,0,2026-03-08T05:04:58.000Z
"3/7/2026, 11:07:58 PM",3.614,61.9,100,0,2026-03-08T05:07:58.000Z
"3/7/2026, 11:10:58 PM",3.615,61.9,100,0,2026-03-08T05:10:58.000Z
"3/7/2026, 11:13:58 PM",3.615,61.9,100,0,2026-03-08T05:13:58.000Z
"3/7/2026, 11:16:58 PM",3.615,61.9,100,0,2026-03-08T05:16:58.000Z
"3/7/2026, 11:19:58 PM",3.615,61.9,100,0,2026-03-08T05:19:58.000Z
"3/7/2026, 11:22:58 PM",3.614,61.9,100,0,2026-03-08T05:22:58.000Z
"3/7/2026, 11:25:58 PM",3.614,61.9,100,0,2026-03-08T05:25:58.000Z
"3/7/2026, 11:28:58 PM",3.614,61.7,100,0,2026-03-08T05:28:58.000Z
"3/7/2026, 11:31:58 PM",3.614,61.7,100,0,2026-03-08T05:31:58.000Z
"3/7/2026, 11:34:58 PM",3.614,61.7,100,0,2026-03-08T05:34:58.000Z
"3/7/2026, 11:37:58 PM",3.614,61.5,100,0,2026-03-08T05:37:58.000Z
"3/7/2026, 11:40:58 PM",3.614,61.5,100,0,2026-03-08T05:40:58.000Z
"3/7/2026, 11:43:58 PM",3.614,61.3,100,0,2026-03-08T05:43:58.000Z
"3/7/2026, 11:46:58 PM",3.614,61.3,100,0,2026-03-08T05:46:58.000Z
"3/7/2026, 11:49:58 PM",3.615,61.2,100,0,2026-03-08T05:49:58.000Z
"3/7/2026, 11:52:58 PM",3.614,61,100,0,2026-03-08T05:52:58.000Z
"3/7/2026, 11:55:58 PM",3.614,61,100,0,2026-03-08T05:55:58.000Z
"3/7/2026, 11:58:58 PM",3.614,60.8,100,0,2026-03-08T05:58:58.000Z
"3/8/2026, 12:01:58 AM",3.614,60.6,100,0,2026-03-08T06:01:58.000Z
"3/8/2026, 12:04:58 AM",3.614,60.6,100,0,2026-03-08T06:04:58.000Z
"3/8/2026, 12:07:58 AM",3.614,60.4,100,0,2026-03-08T06:07:58.000Z
"3/8/2026, 12:10:58 AM",3.614,60.4,100,0,2026-03-08T06:10:58.000Z
"3/8/2026, 12:13:58 AM",3.614,60.3,100,0,2026-03-08T06:13:58.000Z
"3/8/2026, 12:16:58 AM",3.614,60.3,100,0,2026-03-08T06:16:58.000Z
"3/8/2026, 12:19:58 AM",3.614,60.1,100,0,2026-03-08T06:19:58.000Z
"3/8/2026, 12:22:58 AM",3.613,60.1,100,0,2026-03-08T06:22:58.000Z
"3/8/2026, 12:25:58 AM",3.614,59.9,100,0,2026-03-08T06:25:58.000Z
"3/8/2026, 12:28:58 AM",3.614,59.9,100,0,2026-03-08T06:28:58.000Z
"3/8/2026, 12:31:58 AM",3.614,59.7,100,0,2026-03-08T06:31:58.000Z
"3/8/2026, 12:34:58 AM",3.614,59.7,100,0,2026-03-08T06:34:58.000Z
"3/8/2026, 12:37:58 AM",3.614,59.7,100,0,2026-03-08T06:37:58.000Z
"3/8/2026, 12:40:58 AM",3.613,59.5,100,0,2026-03-08T06:40:58.000Z
"3/8/2026, 12:43:58 AM",3.614,59.5,100,0,2026-03-08T06:43:58.000Z
"3/8/2026, 12:46:58 AM",3.613,59.4,100,0,2026-03-08T06:46:58.000Z
"3/8/2026, 12:49:58 AM",3.613,59.2,100,0,2026-03-08T06:49:58.000Z
"3/8/2026, 12:52:58 AM",3.613,59.2,100,0,2026-03-08T06:52:58.000Z
"3/8/2026, 12:55:58 AM",3.613,59,100,0,2026-03-08T06:55:58.000Z
"3/8/2026, 12:58:58 AM",3.613,58.8,100,0,2026-03-08T06:58:58.000Z
"3/8/2026, 1:01:58 AM",3.613,58.6,100,0,2026-03-08T07:01:58.000Z
"3/8/2026, 1:04:58 AM",3.613,58.5,100,0,2026-03-08T07:04:58.000Z
"3/8/2026, 1:07:58 AM",3.613,58.3,100,0,2026-03-08T07:07:58.000Z
"3/8/2026, 1:10:58 AM",3.613,58.1,100,0,2026-03-08T07:10:58.000Z
"3/8/2026, 1:13:58 AM",3.613,57.9,100,0,2026-03-08T07:13:58.000Z
"3/8/2026, 1:16:58 AM",3.613,57.6,100,0,2026-03-08T07:16:58.000Z
"3/8/2026, 1:19:58 AM",3.613,57.6,100,0,2026-03-08T07:19:58.000Z
"3/8/2026, 1:22:58 AM",3.613,57.4,100,0,2026-03-08T07:22:58.000Z
"3/8/2026, 1:25:58 AM",3.613,57.2,100,0,2026-03-08T07:25:58.000Z
"3/8/2026, 1:28:58 AM",3.612,57,100,0,2026-03-08T07:28:58.000Z
"3/8/2026, 1:31:58 AM",3.612,57,100,0,2026-03-08T07:31:58.000Z
"3/8/2026, 1:34:58 AM",3.613,56.8,100,0,2026-03-08T07:34:58.000Z
"3/8/2026, 1:37:58 AM",3.612,56.8,100,0,2026-03-08T07:37:58.000Z
"3/8/2026, 1:40:58 AM",3.612,56.8,100,0,2026-03-08T07:40:58.000Z
"3/8/2026, 1:43:58 AM",3.612,56.8,100,0,2026-03-08T07:43:58.000Z
"3/8/2026, 1:46:58 AM",3.612,56.8,100,0,2026-03-08T07:46:58.000Z
"3/8/2026, 1:49:58 AM",3.612,56.8,100,0,2026-03-08T07:49:58.000Z
"3/8/2026, 1:52:58 AM",3.611,56.8,100,0,2026-03-08T07:52:58.000Z
"3/8/2026, 1:55:58 AM",3.611,56.8,100,0,2026-03-08T07:55:58.000Z
"3/8/2026, 1:58:58 AM",3.612,56.8,100,0,2026-03-08T07:58:58.000Z
"3/8/2026, 3:01:58 AM",3.612,56.7,100,0,2026-03-08T08:01:58.000Z
"3/8/2026, 3:04:58 AM",3.612,56.7,100,0,2026-03-08T08:04:58.000Z
"3/8/2026, 3:07:58 AM",3.611,56.7,100,0,2026-03-08T08:07:58.000Z
"3/8/2026, 3:10:58 AM",3.611,56.7,100,0,2026-03-08T08:10:58.000Z
"3/8/2026, 3:13:58 AM",3.611,56.7,100,0,2026-03-08T08:13:58.000Z
"3/8/2026, 3:16:58 AM",3.611,56.5,100,0,2026-03-08T08:16:58.000Z
"3/8/2026, 3:19:58 AM",3.611,56.5,100,0,2026-03-08T08:19:58.000Z
"3/8/2026, 3:22:58 AM",3.611,56.5,100,0,2026-03-08T08:22:58.000Z
"3/8/2026, 3:25:58 AM",3.612,56.3,100,0,2026-03-08T08:25:58.000Z
"3/8/2026, 3:28:58 AM",3.611,56.3,100,0,2026-03-08T08:28:58.000Z
"3/8/2026, 3:31:58 AM",3.612,56.3,100,0,2026-03-08T08:31:58.000Z
"3/8/2026, 3:34:58 AM",3.611,56.1,100,0,2026-03-08T08:34:58.000Z
"3/8/2026, 3:37:58 AM",3.611,56.1,100,0,2026-03-08T08:37:58.000Z
"3/8/2026, 3:40:58 AM",3.611,56.1,100,0,2026-03-08T08:40:58.000Z
"3/8/2026, 3:43:58 AM",3.611,56.1,100,0,2026-03-08T08:43:58.000Z
"3/8/2026, 3:46:58 AM",3.611,55.9,100,0,2026-03-08T08:46:58.000Z
"3/8/2026, 3:49:58 AM",3.611,55.9,100,0,2026-03-08T08:49:58.000Z
"3/8/2026, 3:52:58 AM",3.611,55.8,100,0,2026-03-08T08:52:58.000Z
"3/8/2026, 3:55:58 AM",3.611,55.8,100,0,2026-03-08T08:55:58.000Z
"3/8/2026, 3:58:58 AM",3.61,55.6,100,0,2026-03-08T08:58:58.000Z
"3/8/2026, 4:01:58 AM",3.611,55.6,100,0,2026-03-08T09:01:58.000Z
"3/8/2026, 4:04:58 AM",3.61,55.4,100,0,2026-03-08T09:04:58.000Z
"3/8/2026, 4:07:58 AM",3.611,55.4,100,0,2026-03-08T09:07:58.000Z
"3/8/2026, 4:10:58 AM",3.611,55.2,100,0,2026-03-08T09:10:58.000Z
"3/8/2026, 4:13:58 AM",3.611,55.2,100,0,2026-03-08T09:13:58.000Z
"3/8/2026, 4:16:58 AM",3.611,55,100,0,2026-03-08T09:16:58.000Z
"3/8/2026, 4:19:58 AM",3.61,55,100,0,2026-03-08T09:19:58.000Z
"3/8/2026, 4:22:58 AM",3.611,54.9,100,0,2026-03-08T09:22:58.000Z
"3/8/2026, 4:25:58 AM",3.61,54.9,100,0,2026-03-08T09:25:58.000Z
"3/8/2026, 4:28:58 AM",3.61,54.7,100,0,2026-03-08T09:28:58.000Z
"3/8/2026, 4:31:58 AM",3.611,54.7,100,0,2026-03-08T09:31:58.000Z
"3/8/2026, 4:34:58 AM",3.61,54.7,100,0,2026-03-08T09:34:58.000Z
"3/8/2026, 4:37:58 AM",3.61,54.5,100,0,2026-03-08T09:37:58.000Z
"3/8/2026, 4:40:58 AM",3.61,54.5,100,0,2026-03-08T09:40:58.000Z
"3/8/2026, 4:43:58 AM",3.61,54.3,100,0,2026-03-08T09:43:58.000Z
"3/8/2026, 4:46:58 AM",3.61,54.3,100,0,2026-03-08T09:46:58.000Z
"3/8/2026, 4:49:58 AM",3.61,54.3,100,0,2026-03-08T09:49:58.000Z
"3/8/2026, 4:52:58 AM",3.61,54.3,100,0,2026-03-08T09:52:58.000Z
"3/8/2026, 4:55:58 AM",3.61,54.1,100,0,2026-03-08T09:55:58.000Z
"3/8/2026, 4:58:58 AM",3.609,54.1,100,0,2026-03-08T09:58:58.000Z
"3/8/2026, 5:01:58 AM",3.609,54.1,100,0,2026-03-08T10:01:58.000Z
"3/8/2026, 5:04:58 AM",3.609,54.1,100,0,2026-03-08T10:04:58.000Z
"3/8/2026, 5:07:58 AM",3.609,54.1,100,0,2026-03-08T10:07:58.000Z
"3/8/2026, 5:10:58 AM",3.61,54,100,0,2026-03-08T10:10:58.000Z
"3/8/2026, 5:13:58 AM",3.609,54,100,0,2026-03-08T10:13:58.000Z
"3/8/2026, 5:16:58 AM",3.61,54,100,0,2026-03-08T10:16:58.000Z
"3/8/2026, 5:19:58 AM",3.609,54,100,0,2026-03-08T10:19:58.000Z
"3/8/2026, 5:22:58 AM",3.609,54,100,0,2026-03-08T10:22:58.000Z
"3/8/2026, 5:25:58 AM",3.609,54,100,0,2026-03-08T10:25:58.000Z
"3/8/2026, 5:28:58 AM",3.609,54,100,0,2026-03-08T10:28:58.000Z
"3/8/2026, 5:31:58 AM",3.609,53.8,100,0,2026-03-08T10:31:58.000Z
"3/8/2026, 5:34:58 AM",3.609,53.8,100,0,2026-03-08T10:34:58.000Z
"3/8/2026, 5:37:58 AM",3.609,53.8,100,0,2026-03-08T10:37:58.000Z
"3/8/2026, 5:40:58 AM",3.609,53.8,100,0,2026-03-08T10:40:58.000Z
"3/8/2026, 5:43:58 AM",3.609,53.8,100,0,2026-03-08T10:43:58.000Z
"3/8/2026, 5:46:58 AM",3.609,53.6,100,0,2026-03-08T10:46:58.000Z
"3/8/2026, 5:49:58 AM",3.609,53.6,100,0,2026-03-08T10:49:58.000Z
"3/8/2026, 5:52:58 AM",3.609,53.6,100,0,2026-03-08T10:52:58.000Z
"3/8/2026, 5:55:58 AM",3.609,53.4,100,0,2026-03-08T10:55:58.000Z
"3/8/2026, 5:58:58 AM",3.609,53.4,100,0,2026-03-08T10:58:58.000Z
"3/8/2026, 6:01:58 AM",3.609,53.4,100,0,2026-03-08T11:01:58.000Z
"3/8/2026, 6:04:58 AM",3.609,53.4,100,0,2026-03-08T11:04:58.000Z
"3/8/2026, 6:07:58 AM",3.609,53.2,100,0,2026-03-08T11:07:58.000Z
"3/8/2026, 6:10:58 AM",3.609,53.2,100,0,2026-03-08T11:10:58.000Z
"3/8/2026, 6:13:58 AM",3.609,53.2,100,0,2026-03-08T11:13:58.000Z
"3/8/2026, 6:16:58 AM",3.609,53.2,100,0,2026-03-08T11:16:58.000Z
"3/8/2026, 6:19:58 AM",3.609,53.2,100,0,2026-03-08T11:19:58.000Z
"3/8/2026, 6:22:58 AM",3.608,53.2,100,0,2026-03-08T11:22:58.000Z
"3/8/2026, 6:25:58 AM",3.609,53.2,100,0,2026-03-08T11:25:58.000Z
"3/8/2026, 6:28:58 AM",3.609,53.2,100,0,2026-03-08T11:28:58.000Z
"3/8/2026, 6:31:58 AM",3.609,53.2,100,0,2026-03-08T11:31:58.000Z
"3/8/2026, 6:34:58 AM",3.609,53.2,100,0,2026-03-08T11:34:58.000Z
"3/8/2026, 6:37:58 AM",3.608,53.4,100,0,2026-03-08T11:37:58.000Z
"3/8/2026, 6:40:58 AM",3.608,53.4,100,0,2026-03-08T11:40:58.000Z
"3/8/2026, 6:43:58 AM",3.608,53.4,100,0,2026-03-08T11:43:58.000Z
"3/8/2026, 6:46:58 AM",3.609,53.4,100,0,2026-03-08T11:46:58.000Z
"3/8/2026, 6:49:58 AM",3.609,53.4,100,0,2026-03-08T11:49:58.000Z
"3/8/2026, 6:52:58 AM",3.608,53.4,100,0,2026-03-08T11:52:58.000Z
"3/8/2026, 6:55:58 AM",3.608,53.4,100,0,2026-03-08T11:55:58.000Z
"3/8/2026, 6:58:58 AM",3.608,53.4,100,0,2026-03-08T11:58:58.000Z
"3/8/2026, 7:01:58 AM",3.608,53.4,100,0,2026-03-08T12:01:58.000Z
"3/8/2026, 7:04:58 AM",3.608,53.4,100,0,2026-03-08T12:04:58.000Z
"3/8/2026, 7:07:58 AM",3.608,53.4,100,0,2026-03-08T12:07:58.000Z
"3/8/2026, 7:10:58 AM",3.609,53.4,100,0,2026-03-08T12:10:58.000Z
"3/8/2026, 7:13:58 AM",3.608,53.2,100,0,2026-03-08T12:13:58.000Z
"3/8/2026, 7:16:58 AM",3.608,53.2,100,0,2026-03-08T12:16:58.000Z
"3/8/2026, 7:19:58 AM",3.609,53.2,100,0,2026-03-08T12:19:58.000Z
"3/8/2026, 7:22:58 AM",3.608,53.2,100,0,2026-03-08T12:22:58.000Z
"3/8/2026, 7:25:58 AM",3.608,53.2,100,0,2026-03-08T12:25:58.000Z
"3/8/2026, 7:28:58 AM",3.608,53.1,100,0,2026-03-08T12:28:58.000Z
"3/8/2026, 7:31:58 AM",3.608,53.1,100,0,2026-03-08T12:31:58.000Z
"3/8/2026, 7:34:58 AM",3.608,53.1,100,0,2026-03-08T12:34:58.000Z
"3/8/2026, 7:37:58 AM",3.608,53.1,100,0,2026-03-08T12:37:58.000Z
"3/8/2026, 7:40:58 AM",3.608,53.1,100,0,2026-03-08T12:40:58.000Z
"3/8/2026, 7:43:58 AM",3.608,53.1,100,0,2026-03-08T12:43:58.000Z
"3/8/2026, 7:46:58 AM",3.608,53.1,100,0,2026-03-08T12:46:58.000Z
"3/8/2026, 7:49:58 AM",3.608,53.1,100,0,2026-03-08T12:49:58.000Z
"3/8/2026, 7:52:58 AM",3.608,53.1,100,0,2026-03-08T12:52:58.000Z
"3/8/2026, 7:55:58 AM",3.608,53.1,100,0,2026-03-08T12:55:58.000Z
"3/8/2026, 7:58:58 AM",3.608,53.1,100,0,2026-03-08T12:58:58.000Z
"3/8/2026, 8:01:58 AM",3.608,53.1,100,0,2026-03-08T13:01:58.000Z
"3/8/2026, 8:04:58 AM",3.608,53.1,100,0,2026-03-08T13:04:58.000Z
"3/8/2026, 8:07:58 AM",3.608,52.9,100,0,2026-03-08T13:07:58.000Z
"3/8/2026, 8:10:58 AM",3.608,52.9,100,0,2026-03-08T13:10:58.000Z
"3/8/2026, 8:13:58 AM",3.608,52.9,100,0,2026-03-08T13:13:58.000Z
"3/8/2026, 8:16:58 AM",3.608,52.9,100,0,2026-03-08T13:16:58.000Z
"3/8/2026, 8:19:58 AM",3.608,52.9,100,0,2026-03-08T13:19:58.000Z
"3/8/2026, 8:22:58 AM",3.608,53.1,100,0,2026-03-08T13:22:58.000Z
"3/8/2026, 8:25:58 AM",3.608,53.1,100,0,2026-03-08T13:25:58.000Z
"3/8/2026, 8:28:58 AM",3.607,53.1,100,0,2026-03-08T13:28:58.000Z
"3/8/2026, 8:31:58 AM",3.608,53.1,100,0,2026-03-08T13:31:58.000Z
"3/8/2026, 8:34:58 AM",3.608,53.1,100,0,2026-03-08T13:34:58.000Z
"3/8/2026, 8:37:58 AM",3.608,53.2,100,0,2026-03-08T13:37:58.000Z
"3/8/2026, 8:40:58 AM",3.607,53.2,100,0,2026-03-08T13:40:58.000Z
"3/8/2026, 8:43:58 AM",3.608,53.2,100,0,2026-03-08T13:43:58.000Z
"3/8/2026, 8:46:58 AM",3.608,53.4,100,0,2026-03-08T13:46:58.000Z
"3/8/2026, 8:49:58 AM",3.608,53.4,100,0,2026-03-08T13:49:58.000Z
"3/8/2026, 8:52:58 AM",3.607,53.4,100,0,2026-03-08T13:52:58.000Z
"3/8/2026, 8:55:58 AM",3.608,53.4,100,0,2026-03-08T13:55:58.000Z
"3/8/2026, 8:58:58 AM",3.608,53.6,100,0,2026-03-08T13:58:58.000Z
"3/8/2026, 9:01:58 AM",3.608,53.6,100,0,2026-03-08T14:01:58.000Z
"3/8/2026, 9:04:58 AM",3.608,53.6,100,0,2026-03-08T14:04:58.000Z
"3/8/2026, 9:07:58 AM",3.608,53.6,100,0,2026-03-08T14:07:58.000Z
"3/8/2026, 9:10:58 AM",3.608,53.8,100,0,2026-03-08T14:10:58.000Z
"3/8/2026, 9:13:58 AM",3.608,54,100,0,2026-03-08T14:13:58.000Z
"3/8/2026, 9:16:58 AM",3.608,54.1,100,0,2026-03-08T14:16:58.000Z
"3/8/2026, 9:19:58 AM",3.608,54.3,100,0,2026-03-08T14:19:58.000Z
"3/8/2026, 9:22:58 AM",3.608,54.5,100,0,2026-03-08T14:22:58.000Z
"3/8/2026, 9:25:58 AM",3.608,54.5,100,0,2026-03-08T14:25:58.000Z
"3/8/2026, 9:28:58 AM",3.608,54.7,100,0,2026-03-08T14:28:58.000Z
"3/8/2026, 9:31:58 AM",3.608,55,100,0,2026-03-08T14:31:58.000Z
"3/8/2026, 9:34:58 AM",3.608,55.2,100,0,2026-03-08T14:34:58.000Z
"3/8/2026, 9:37:58 AM",3.608,55.4,100,0,2026-03-08T14:37:58.000Z
"3/8/2026, 9:40:58 AM",3.608,55.6,100,0,2026-03-08T14:40:58.000Z
"3/8/2026, 9:43:58 AM",3.608,55.8,100,0,2026-03-08T14:43:58.000Z
"3/8/2026, 9:46:58 AM",3.608,55.9,100,0,2026-03-08T14:46:58.000Z
"3/8/2026, 9:49:58 AM",3.609,55.9,100,0,2026-03-08T14:49:58.000Z
"3/8/2026, 9:52:58 AM",3.608,55.9,100,0,2026-03-08T14:52:58.000Z
"3/8/2026, 9:55:58 AM",3.609,56.1,100,0,2026-03-08T14:55:58.000Z
"3/8/2026, 9:58:58 AM",3.608,56.1,100,0,2026-03-08T14:58:58.000Z
"3/8/2026, 10:01:58 AM",3.609,56.1,100,0,2026-03-08T15:01:58.000Z
"3/8/2026, 10:04:58 AM",3.609,56.1,100,0,2026-03-08T15:04:58.000Z
"3/8/2026, 10:07:58 AM",3.609,56.1,100,0,2026-03-08T15:07:58.000Z
"3/8/2026, 10:10:58 AM",3.609,56.3,100,0,2026-03-08T15:10:58.000Z
"3/8/2026, 10:13:58 AM",3.609,56.3,100,0,2026-03-08T15:13:58.000Z
"3/8/2026, 10:16:58 AM",3.609,56.5,100,0,2026-03-08T15:16:58.000Z
"3/8/2026, 10:19:58 AM",3.609,56.5,100,0,2026-03-08T15:19:58.000Z
"3/8/2026, 10:22:58 AM",3.609,56.8,100,0,2026-03-08T15:22:58.000Z
"3/8/2026, 10:25:58 AM",3.609,57,100,0,2026-03-08T15:25:58.000Z
"3/8/2026, 10:28:58 AM",3.609,57.2,100,0,2026-03-08T15:28:58.000Z
"3/8/2026, 10:31:58 AM",3.609,57.4,100,0,2026-03-08T15:31:58.000Z
"3/8/2026, 10:34:58 AM",3.609,57.6,100,0,2026-03-08T15:34:58.000Z
"3/8/2026, 10:37:58 AM",3.609,57.7,100,0,2026-03-08T15:37:58.000Z
"3/8/2026, 10:40:58 AM",3.609,57.9,100,0,2026-03-08T15:40:58.000Z
"3/8/2026, 10:43:58 AM",3.61,58.1,100,0,2026-03-08T15:43:58.000Z
"3/8/2026, 10:46:58 AM",3.61,58.5,100,0,2026-03-08T15:46:58.000Z
"3/8/2026, 10:49:58 AM",3.61,58.6,100,0,2026-03-08T15:49:58.000Z
"3/8/2026, 10:52:58 AM",3.61,58.8,100,0,2026-03-08T15:52:58.000Z
"3/8/2026, 10:55:58 AM",3.61,59,100,0,2026-03-08T15:55:58.000Z
"3/8/2026, 10:58:58 AM",3.61,59.4,100,0,2026-03-08T15:58:58.000Z
"3/8/2026, 11:01:58 AM",3.611,59.5,100,0,2026-03-08T16:01:58.000Z
"3/8/2026, 11:04:58 AM",3.61,59.9,100,0,2026-03-08T16:04:58.000Z
"3/8/2026, 11:07:58 AM",3.61,60.1,100,0,2026-03-08T16:07:58.000Z
"3/8/2026, 11:10:58 AM",3.61,60.4,100,0,2026-03-08T16:10:58.000Z
"3/8/2026, 11:13:58 AM",3.611,60.6,100,0,2026-03-08T16:13:58.000Z
"3/8/2026, 11:16:58 AM",3.611,60.8,100,0,2026-03-08T16:16:58.000Z
"3/8/2026, 11:19:58 AM",3.611,61,100,0,2026-03-08T16:19:58.000Z
"3/8/2026, 11:22:58 AM",3.611,61.3,100,0,2026-03-08T16:22:58.000Z
"3/8/2026, 11:25:58 AM",3.611,61.5,100,0,2026-03-08T16:25:58.000Z
"3/8/2026, 11:28:58 AM",3.612,61.7,100,0,2026-03-08T16:28:58.000Z
"3/8/2026, 11:31:58 AM",3.612,61.9,100,0,2026-03-08T16:31:58.000Z
"3/8/2026, 11:34:58 AM",3.611,62.2,100,0,2026-03-08T16:34:58.000Z
"3/8/2026, 11:37:58 AM",3.612,62.4,100,0,2026-03-08T16:37:58.000Z
"3/8/2026, 11:40:58 AM",3.612,62.6,100,0,2026-03-08T16:40:58.000Z
"3/8/2026, 11:43:58 AM",3.612,63,100,0,2026-03-08T16:43:58.000Z
"3/8/2026, 11:46:58 AM",3.612,63.1,100,0,2026-03-08T16:46:58.000Z
"3/8/2026, 11:49:58 AM",3.612,63.5,100,0,2026-03-08T16:49:58.000Z
"3/8/2026, 11:52:58 AM",3.612,63.7,100,0,2026-03-08T16:52:58.000Z
"3/8/2026, 11:55:58 AM",3.612,63.9,100,0,2026-03-08T16:55:58.000Z
"3/8/2026, 11:58:58 AM",3.613,64.2,100,0,2026-03-08T16:58:58.000Z
"3/8/2026, 12:01:58 PM",3.613,64.4,100,0,2026-03-08T17:01:58.000Z
"3/8/2026, 12:04:58 PM",3.613,64.6,100,0,2026-03-08T17:04:58.000Z
"3/8/2026, 12:07:58 PM",3.614,64.8,100,0,2026-03-08T17:07:58.000Z
"3/8/2026, 12:10:58 PM",3.613,64.9,100,0,2026-03-08T17:10:58.000Z
"3/8/2026, 12:13:58 PM",3.613,65.1,100,0,2026-03-08T17:13:58.000Z
"3/8/2026, 12:16:58 PM",3.613,65.3,100,0,2026-03-08T17:16:58.000Z
"3/8/2026, 12:19:58 PM",3.614,65.7,100,0,2026-03-08T17:19:58.000Z
"3/8/2026, 12:22:58 PM",3.613,65.8,100,0,2026-03-08T17:22:58.000Z
"3/8/2026, 12:25:58 PM",3.614,66,100,0,2026-03-08T17:25:58.000Z
"3/8/2026, 12:28:58 PM",3.614,66.2,100,0,2026-03-08T17:28:58.000Z
"3/8/2026, 12:31:58 PM",3.614,66.4,100,0,2026-03-08T17:31:58.000Z
"3/8/2026, 12:34:58 PM",3.614,66.6,100,0,2026-03-08T17:34:58.000Z
"3/8/2026, 12:37:58 PM",3.614,66.7,100,0,2026-03-08T17:37:58.000Z
"3/8/2026, 12:40:58 PM",3.614,66.7,100,0,2026-03-08T17:40:58.000Z
"3/8/2026, 12:43:58 PM",3.615,66.9,100,0,2026-03-08T17:43:58.000Z
"3/8/2026, 12:46:58 PM",3.614,67.1,100,0,2026-03-08T17:46:58.000Z
"3/8/2026, 12:49:58 PM",3.615,67.3,100,0,2026-03-08T17:49:58.000Z
"3/8/2026, 12:52:58 PM",3.615,67.3,100,0,2026-03-08T17:52:58.000Z
"3/8/2026, 12:55:58 PM",3.615,67.5,100,0,2026-03-08T17:55:58.000Z
"3/8/2026, 12:58:58 PM",3.615,67.6,100,0,2026-03-08T17:58:58.000Z
"3/8/2026, 1:01:58 PM",3.615,67.6,100,0,2026-03-08T18:01:58.000Z
"3/8/2026, 1:04:58 PM",3.615,67.8,100,0,2026-03-08T18:04:58.000Z
"3/8/2026, 1:07:58 PM",3.615,67.8,100,0,2026-03-08T18:07:58.000Z
"3/8/2026, 1:10:58 PM",3.615,68,100,0,2026-03-08T18:10:58.000Z
"3/8/2026, 1:13:58 PM",3.615,68,100,0,2026-03-08T18:13:58.000Z
"3/8/2026, 1:16:58 PM",3.615,68.2,100,0,2026-03-08T18:16:58.000Z
"3/8/2026, 1:19:58 PM",3.615,68.2,100,0,2026-03-08T18:19:58.000Z
"3/8/2026, 1:22:58 PM",3.616,68.4,100,0,2026-03-08T18:22:58.000Z
"3/8/2026, 1:25:58 PM",3.616,68.4,100,0,2026-03-08T18:25:58.000Z
"3/8/2026, 1:28:58 PM",3.616,68.5,100,0,2026-03-08T18:28:58.000Z
"3/8/2026, 1:31:58 PM",3.616,68.7,100,0,2026-03-08T18:31:58.000Z
"3/8/2026, 1:34:58 PM",3.616,68.7,100,0,2026-03-08T18:34:58.000Z
"3/8/2026, 1:37:58 PM",3.616,68.7,100,0,2026-03-08T18:37:58.000Z
"3/8/2026, 1:40:58 PM",3.616,68.9,100,0,2026-03-08T18:40:58.000Z
"3/8/2026, 1:43:58 PM",3.616,68.9,100,0,2026-03-08T18:43:58.000Z
"3/8/2026, 1:46:58 PM",3.616,68.9,100,0,2026-03-08T18:46:58.000Z
"3/8/2026, 1:49:58 PM",3.616,69.1,100,0,2026-03-08T18:49:58.000Z
"3/8/2026, 1:52:58 PM",3.616,69.1,100,0,2026-03-08T18:52:58.000Z
"3/8/2026, 1:55:58 PM",3.616,69.3,100,0,2026-03-08T18:55:58.000Z
"3/8/2026, 1:58:58 PM",3.616,69.3,100,0,2026-03-08T18:58:58.000Z
"3/8/2026, 2:01:58 PM",3.616,69.3,100,0,2026-03-08T19:01:58.000Z
"3/8/2026, 2:04:58 PM",3.616,69.4,100,0,2026-03-08T19:04:58.000Z
"3/8/2026, 2:07:58 PM",3.616,69.4,100,0,2026-03-08T19:07:58.000Z
"3/8/2026, 2:10:58 PM",3.616,69.6,100,0,2026-03-08T19:10:58.000Z
"3/8/2026, 2:13:58 PM",3.616,69.6,100,0,2026-03-08T19:13:58.000Z
"3/8/2026, 2:16:58 PM",3.616,69.6,100,0,2026-03-08T19:16:58.000Z
"3/8/2026, 2:19:58 PM",3.616,69.8,100,0,2026-03-08T19:19:58.000Z
"3/8/2026, 2:22:58 PM",3.617,69.8,100,0,2026-03-08T19:22:58.000Z
"3/8/2026, 2:25:58 PM",3.617,70,100,0,2026-03-08T19:25:58.000Z
"3/8/2026, 2:28:58 PM",3.616,70,100,0,2026-03-08T19:28:58.000Z
"3/8/2026, 2:31:58 PM",3.617,70,100,0,2026-03-08T19:31:58.000Z
"3/8/2026, 2:34:58 PM",3.616,70.2,100,0,2026-03-08T19:34:58.000Z
"3/8/2026, 2:37:58 PM",3.617,70.2,100,0,2026-03-08T19:37:58.000Z
"3/8/2026, 2:40:58 PM",3.617,70.2,100,0,2026-03-08T19:40:58.000Z
"3/8/2026, 2:43:58 PM",3.617,70.3,100,0,2026-03-08T19:43:58.000Z
"3/8/2026, 2:46:58 PM",3.617,70.3,100,0,2026-03-08T19:46:58.000Z
"3/8/2026, 2:49:58 PM",3.617,70.3,100,0,2026-03-08T19:49:58.000Z
"3/8/2026, 2:52:58 PM",3.617,70.5,100,0,2026-03-08T19:52:58.000Z
"3/8/2026, 2:55:58 PM",3.617,70.5,100,0,2026-03-08T19:55:58.000Z
"3/8/2026, 2:58:58 PM",3.617,70.5,100,0,2026-03-08T19:58:58.000Z
"3/8/2026, 3:01:58 PM",3.617,70.5,100,0,2026-03-08T20:01:58.000Z
"3/8/2026, 3:04:58 PM",3.617,70.5,100,0,2026-03-08T20:04:58.000Z
"3/8/2026, 3:07:58 PM",3.617,70.5,100,0,2026-03-08T20:07:58.000Z
"3/8/2026, 3:10:58 PM",3.617,70.5,100,0,2026-03-08T20:10:58.000Z
"3/8/2026, 3:13:58 PM",3.618,70.7,100,0,2026-03-08T20:13:58.000Z
"3/8/2026, 3:16:58 PM",3.617,70.7,100,0,2026-03-08T20:16:58.000Z
"3/8/2026, 3:19:58 PM",3.617,70.7,100,0,2026-03-08T20:19:58.000Z
"3/8/2026, 3:22:58 PM",3.617,70.7,100,0,2026-03-08T20:22:58.000Z
"3/8/2026, 3:25:58 PM",3.617,70.9,100,0,2026-03-08T20:25:58.000Z
"3/8/2026, 3:28:58 PM",3.617,70.9,100,0,2026-03-08T20:28:58.000Z
"3/8/2026, 3:31:58 PM",3.617,70.9,100,0,2026-03-08T20:31:58.000Z
"3/8/2026, 3:34:58 PM",3.617,70.9,100,0,2026-03-08T20:34:58.000Z
"3/8/2026, 3:37:58 PM",3.617,70.9,100,0,2026-03-08T20:37:58.000Z
"3/8/2026, 3:40:58 PM",3.618,71.1,100,0,2026-03-08T20:40:58.000Z
"3/8/2026, 3:43:58 PM",3.617,71.1,100,0,2026-03-08T20:43:58.000Z
"3/8/2026, 3:46:58 PM",3.617,71.1,100,0,2026-03-08T20:46:58.000Z
"3/8/2026, 3:49:58 PM",3.617,71.1,100,0,2026-03-08T20:49:58.000Z
"3/8/2026, 3:52:58 PM",3.617,71.2,100,0,2026-03-08T20:52:58.000Z
"3/8/2026, 3:55:58 PM",3.618,71.2,100,0,2026-03-08T20:55:58.000Z
"3/8/2026, 3:58:58 PM",3.617,71.2,100,0,2026-03-08T20:58:58.000Z
"3/8/2026, 4:01:58 PM",3.617,71.2,100,0,2026-03-08T21:01:58.000Z
"3/8/2026, 4:04:58 PM",3.618,71.2,100,0,2026-03-08T21:04:58.000Z
"3/8/2026, 4:07:58 PM",3.618,71.2,100,0,2026-03-08T21:07:58.000Z
"3/8/2026, 4:10:58 PM",3.617,71.2,100,0,2026-03-08T21:10:58.000Z
"3/8/2026, 4:13:58 PM",3.617,71.1,100,0,2026-03-08T21:13:58.000Z
"3/8/2026, 4:16:58 PM",3.617,71.1,100,0,2026-03-08T21:16:58.000Z
"3/8/2026, 4:19:58 PM",3.617,71.1,100,0,2026-03-08T21:19:58.000Z
"3/8/2026, 4:22:58 PM",3.617,71.1,100,0,2026-03-08T21:22:58.000Z
"3/8/2026, 4:25:58 PM",3.618,71.1,100,0,2026-03-08T21:25:58.000Z
"3/8/2026, 4:28:58 PM",3.618,70.9,100,0,2026-03-08T21:28:58.000Z
"3/8/2026, 4:31:58 PM",3.618,70.9,100,0,2026-03-08T21:31:58.000Z
"3/8/2026, 4:34:58 PM",3.618,70.9,100,0,2026-03-08T21:34:58.000Z
"3/8/2026, 4:37:58 PM",3.618,70.7,100,0,2026-03-08T21:37:58.000Z
"3/8/2026, 4:40:58 PM",3.618,70.7,100,0,2026-03-08T21:40:58.000Z
"3/8/2026, 4:43:58 PM",3.617,70.5,100,0,2026-03-08T21:43:58.000Z
"3/8/2026, 4:46:58 PM",3.617,70.5,100,0,2026-03-08T21:46:58.000Z
"3/8/2026, 4:49:58 PM",3.617,70.3,100,0,2026-03-08T21:49:58.000Z
"3/8/2026, 4:52:58 PM",3.617,70.2,100,0,2026-03-08T21:52:58.000Z
"3/8/2026, 4:55:58 PM",3.617,70.2,100,0,2026-03-08T21:55:58.000Z
"3/8/2026, 4:58:58 PM",3.617,70,100,0,2026-03-08T21:58:58.000Z
"3/8/2026, 5:01:58 PM",3.618,69.8,100,0,2026-03-08T22:01:58.000Z
"3/8/2026, 5:04:58 PM",3.617,69.6,100,0,2026-03-08T22:04:58.000Z
"3/8/2026, 5:07:58 PM",3.617,69.3,100,0,2026-03-08T22:07:58.000Z
"3/8/2026, 5:10:58 PM",3.617,69.1,100,0,2026-03-08T22:10:58.000Z
"3/8/2026, 5:13:58 PM",3.617,68.9,100,0,2026-03-08T22:13:58.000Z
"3/8/2026, 5:16:58 PM",3.617,68.7,100,0,2026-03-08T22:16:58.000Z
"3/8/2026, 5:19:58 PM",3.617,68.5,100,0,2026-03-08T22:19:58.000Z
"3/8/2026, 5:22:58 PM",3.617,68.2,100,0,2026-03-08T22:22:58.000Z
"3/8/2026, 5:25:58 PM",3.617,68,100,0,2026-03-08T22:25:58.000Z
"3/8/2026, 5:28:58 PM",3.617,67.8,100,0,2026-03-08T22:28:58.000Z
"3/8/2026, 5:31:58 PM",3.617,67.5,100,0,2026-03-08T22:31:58.000Z
"3/8/2026, 5:34:58 PM",3.617,67.3,100,0,2026-03-08T22:34:58.000Z
"3/8/2026, 5:37:58 PM",3.616,66.9,100,0,2026-03-08T22:37:58.000Z
"3/8/2026, 5:40:58 PM",3.617,66.7,100,0,2026-03-08T22:40:58.000Z
"3/8/2026, 5:43:58 PM",3.617,66.4,100,0,2026-03-08T22:43:58.000Z
"3/8/2026, 5:46:58 PM",3.617,66.2,100,0,2026-03-08T22:46:58.000Z
"3/8/2026, 5:49:58 PM",3.616,65.8,100,0,2026-03-08T22:49:58.000Z
"3/8/2026, 5:52:58 PM",3.616,65.7,100,0,2026-03-08T22:52:58.000Z
"3/8/2026, 5:55:58 PM",3.616,65.3,100,0,2026-03-08T22:55:58.000Z
"3/8/2026, 5:58:58 PM",3.616,65.1,100,0,2026-03-08T22:58:58.000Z
"3/8/2026, 6:01:58 PM",3.616,64.8,100,0,2026-03-08T23:01:58.000Z
"3/8/2026, 6:04:58 PM",3.616,64.4,100,0,2026-03-08T23:04:58.000Z
"3/8/2026, 6:07:58 PM",3.616,64,100,0,2026-03-08T23:07:58.000Z
"3/8/2026, 6:10:58 PM",3.615,63.9,100,0,2026-03-08T23:10:58.000Z
"3/8/2026, 6:13:58 PM",3.616,63.5,100,0,2026-03-08T23:13:58.000Z
"3/8/2026, 6:16:58 PM",3.615,63.3,100,0,2026-03-08T23:16:58.000Z
"3/8/2026, 6:19:58 PM",3.615,63,100,0,2026-03-08T23:19:58.000Z
"3/8/2026, 6:22:58 PM",3.615,62.6,100,0,2026-03-08T23:22:58.000Z
"3/8/2026, 6:25:58 PM",3.615,62.4,100,0,2026-03-08T23:25:58.000Z
"3/8/2026, 6:28:58 PM",3.615,62.1,100,0,2026-03-08T23:28:58.000Z
"3/8/2026, 6:31:58 PM",3.615,61.7,100,0,2026-03-08T23:31:58.000Z
"3/8/2026, 6:34:58 PM",3.614,61.5,100,0,2026-03-08T23:34:58.000Z
"3/8/2026, 6:37:58 PM",3.615,61.2,100,0,2026-03-08T23:37:58.000Z
"3/8/2026, 6:40:58 PM",3.614,60.8,100,0,2026-03-08T23:40:58.000Z
"3/8/2026, 6:43:58 PM",3.614,60.6,100,0,2026-03-08T23:43:58.000Z
"3/8/2026, 6:46:58 PM",3.614,60.3,100,0,2026-03-08T23:46:58.000Z
"3/8/2026, 6:49:58 PM",3.614,60.1,100,0,2026-03-08T23:49:58.000Z
"3/8/2026, 6:52:58 PM",3.614,59.7,100,0,2026-03-08T23:52:58.000Z
"3/8/2026, 6:55:58 PM",3.614,59.5,100,0,2026-03-08T23:55:58.000Z
"3/8/2026, 6:58:58 PM",3.613,59.2,100,0,2026-03-08T23:58:58.000Z
"3/8/2026, 7:01:58 PM",3.613,59,100,0,2026-03-09T00:01:58.000Z
"3/8/2026, 7:04:58 PM",3.614,58.8,100,0,2026-03-09T00:04:58.000Z
"3/8/2026, 7:07:58 PM",3.613,58.6,100,0,2026-03-09T00:07:58.000Z
"3/8/2026, 7:10:58 PM",3.613,58.5,100,0,2026-03-09T00:10:58.000Z
"3/8/2026, 7:13:58 PM",3.613,58.3,100,0,2026-03-09T00:13:58.000Z
"3/8/2026, 7:16:58 PM",3.613,57.9,100,0,2026-03-09T00:16:58.000Z
"3/8/2026, 7:19:58 PM",3.613,57.7,100,0,2026-03-09T00:19:58.000Z
"3/8/2026, 7:22:58 PM",3.612,57.6,100,0,2026-03-09T00:22:58.000Z
"3/8/2026, 7:25:58 PM",3.612,57.4,100,0,2026-03-09T00:25:58.000Z
"3/8/2026, 7:28:58 PM",3.612,57.2,100,0,2026-03-09T00:28:58.000Z
"3/8/2026, 7:31:58 PM",3.612,57,100,0,2026-03-09T00:31:58.000Z
"3/8/2026, 7:34:58 PM",3.612,56.7,100,0,2026-03-09T00:34:58.000Z
"3/8/2026, 7:37:58 PM",3.612,56.5,100,0,2026-03-09T00:37:58.000Z
"3/8/2026, 7:40:58 PM",3.611,56.3,100,0,2026-03-09T00:40:58.000Z
"3/8/2026, 7:43:58 PM",3.611,56.1,100,0,2026-03-09T00:43:58.000Z
"3/8/2026, 7:46:58 PM",3.611,55.9,100,0,2026-03-09T00:46:58.000Z
"3/8/2026, 7:49:58 PM",3.611,55.8,100,0,2026-03-09T00:49:58.000Z
"3/8/2026, 7:52:58 PM",3.611,55.6,100,0,2026-03-09T00:52:58.000Z
"3/8/2026, 7:55:58 PM",3.611,55.6,100,0,2026-03-09T00:55:58.000Z
"3/8/2026, 7:58:58 PM",3.611,55.4,100,0,2026-03-09T00:58:58.000Z
"3/8/2026, 8:01:58 PM",3.611,55.2,100,0,2026-03-09T01:01:58.000Z
"3/8/2026, 8:04:58 PM",3.611,55.2,100,0,2026-03-09T01:04:58.000Z
"3/8/2026, 8:07:58 PM",3.61,55,100,0,2026-03-09T01:07:58.000Z
"3/8/2026, 8:10:58 PM",3.61,55,100,0,2026-03-09T01:10:58.000Z
"3/8/2026, 8:13:58 PM",3.611,54.9,100,0,2026-03-09T01:13:58.000Z
"3/8/2026, 8:16:58 PM",3.61,54.9,100,0,2026-03-09T01:16:58.000Z
"3/8/2026, 8:19:58 PM",3.61,54.7,100,0,2026-03-09T01:19:58.000Z
"3/8/2026, 8:22:58 PM",3.61,54.5,100,0,2026-03-09T01:22:58.000Z
"3/8/2026, 8:25:58 PM",3.61,54.5,100,0,2026-03-09T01:25:58.000Z
"3/8/2026, 8:28:58 PM",3.61,54.3,100,0,2026-03-09T01:28:58.000Z
"3/8/2026, 8:31:58 PM",3.61,54.3,100,0,2026-03-09T01:31:58.000Z
"3/8/2026, 8:34:58 PM",3.61,54.1,100,0,2026-03-09T01:34:58.000Z
"3/8/2026, 8:37:58 PM",3.609,54.1,100,0,2026-03-09T01:37:58.000Z
"3/8/2026, 8:40:58 PM",3.61,54,100,0,2026-03-09T01:40:58.000Z
"3/8/2026, 8:43:58 PM",3.609,54,100,0,2026-03-09T01:43:58.000Z
"3/8/2026, 8:46:58 PM",3.609,53.8,100,0,2026-03-09T01:46:58.000Z
"3/8/2026, 8:49:58 PM",3.609,53.8,100,0,2026-03-09T01:49:58.000Z
"3/8/2026, 8:52:58 PM",3.609,53.6,100,0,2026-03-09T01:52:58.000Z
"3/8/2026, 8:55:58 PM",3.609,53.6,100,0,2026-03-09T01:55:58.000Z
"3/8/2026, 8:58:58 PM",3.609,53.6,100,0,2026-03-09T01:58:58.000Z
"3/8/2026, 9:01:58 PM",3.609,53.6,100,0,2026-03-09T02:01:58.000Z
"3/8/2026, 9:04:58 PM",3.608,53.4,100,0,2026-03-09T02:04:58.000Z
"3/8/2026, 9:07:58 PM",3.609,53.4,100,0,2026-03-09T02:07:58.000Z
"3/8/2026, 9:10:58 PM",3.609,53.4,100,0,2026-03-09T02:10:58.000Z
"3/8/2026, 9:13:58 PM",3.609,53.2,100,0,2026-03-09T02:13:58.000Z
"3/8/2026, 9:16:58 PM",3.609,53.2,100,0,2026-03-09T02:16:58.000Z
"3/8/2026, 9:19:58 PM",3.609,53.1,100,0,2026-03-09T02:19:58.000Z
"3/8/2026, 9:22:58 PM",3.609,53.1,100,0,2026-03-09T02:22:58.000Z
"3/8/2026, 9:25:58 PM",3.608,53.1,100,0,2026-03-09T02:25:58.000Z
"3/8/2026, 9:28:58 PM",3.608,52.9,100,0,2026-03-09T02:28:58.000Z
"3/8/2026, 9:31:58 PM",3.608,52.9,100,0,2026-03-09T02:31:58.000Z
"3/8/2026, 9:34:58 PM",3.608,52.9,100,0,2026-03-09T02:34:58.000Z
"3/8/2026, 9:37:58 PM",3.609,52.7,100,0,2026-03-09T02:37:58.000Z
"3/8/2026, 9:40:58 PM",3.608,52.7,100,0,2026-03-09T02:40:58.000Z
"3/8/2026, 9:43:58 PM",3.608,52.7,100,0,2026-03-09T02:43:58.000Z
"3/8/2026, 9:46:58 PM",3.608,52.5,100,0,2026-03-09T02:46:58.000Z
"3/8/2026, 9:49:58 PM",3.608,52.5,100,0,2026-03-09T02:49:58.000Z
"3/8/2026, 9:52:58 PM",3.608,52.5,100,0,2026-03-09T02:52:58.000Z
"3/8/2026, 9:55:58 PM",3.608,52.5,100,0,2026-03-09T02:55:58.000Z
"3/8/2026, 9:58:58 PM",3.608,52.3,100,0,2026-03-09T02:58:58.000Z
"3/8/2026, 10:01:58 PM",3.608,52.3,100,0,2026-03-09T03:01:58.000Z
"3/8/2026, 10:04:58 PM",3.608,52.3,100,0,2026-03-09T03:04:58.000Z
"3/8/2026, 10:07:58 PM",3.608,52.2,100,0,2026-03-09T03:07:58.000Z
"3/8/2026, 10:10:58 PM",3.608,52.2,100,0,2026-03-09T03:10:58.000Z
"3/8/2026, 10:13:58 PM",3.607,52,100,0,2026-03-09T03:13:58.000Z
"3/8/2026, 10:16:58 PM",3.607,52,100,0,2026-03-09T03:16:58.000Z
"3/8/2026, 10:19:58 PM",3.608,52,100,0,2026-03-09T03:19:58.000Z
"3/8/2026, 10:22:58 PM",3.607,51.8,100,0,2026-03-09T03:22:58.000Z
"3/8/2026, 10:25:58 PM",3.607,51.8,100,0,2026-03-09T03:25:58.000Z
"3/8/2026, 10:28:58 PM",3.608,51.8,100,0,2026-03-09T03:28:58.000Z
"3/8/2026, 10:31:58 PM",3.607,51.8,100,0,2026-03-09T03:31:58.000Z
"3/8/2026, 10:34:58 PM",3.607,51.8,100,0,2026-03-09T03:34:58.000Z
"3/8/2026, 10:37:58 PM",3.607,51.8,100,0,2026-03-09T03:37:58.000Z
"3/8/2026, 10:40:58 PM",3.607,51.8,100,0,2026-03-09T03:40:58.000Z
"3/8/2026, 10:43:58 PM",3.607,52,100,0,2026-03-09T03:43:58.000Z
"3/8/2026, 10:46:58 PM",3.607,52,100,0,2026-03-09T03:46:58.000Z
"3/8/2026, 10:49:58 PM",3.607,52,100,0,2026-03-09T03:49:58.000Z
"3/8/2026, 10:52:58 PM",3.607,52,100,0,2026-03-09T03:52:58.000Z
"3/8/2026, 10:55:58 PM",3.607,52,100,0,2026-03-09T03:55:58.000Z
"3/8/2026, 10:58:58 PM",3.607,52,100,0,2026-03-09T03:58:58.000Z
"3/8/2026, 11:01:58 PM",3.607,52.2,100,0,2026-03-09T04:01:58.000Z
"3/8/2026, 11:04:58 PM",3.607,52,100,0,2026-03-09T04:04:58.000Z
"3/8/2026, 11:07:58 PM",3.607,52.2,100,0,2026-03-09T04:07:58.000Z
"3/8/2026, 11:10:58 PM",3.607,52.2,100,0,2026-03-09T04:10:58.000Z
"3/8/2026, 11:13:58 PM",3.607,52.2,100,0,2026-03-09T04:13:58.000Z
"3/8/2026, 11:16:58 PM",3.607,52.2,100,0,2026-03-09T04:16:58.000Z
"3/8/2026, 11:19:58 PM",3.607,52.3,100,0,2026-03-09T04:19:58.000Z
"3/8/2026, 11:22:58 PM",3.607,52.5,100,0,2026-03-09T04:22:58.000Z
"3/8/2026, 11:25:58 PM",3.607,52.7,100,0,2026-03-09T04:25:58.000Z
"3/8/2026, 11:28:58 PM",3.607,52.9,100,0,2026-03-09T04:28:58.000Z
"3/8/2026, 11:31:58 PM",3.607,52.9,100,0,2026-03-09T04:31:58.000Z
"3/8/2026, 11:34:58 PM",3.606,53.1,100,0,2026-03-09T04:34:58.000Z
"3/8/2026, 11:37:58 PM",3.607,53.2,100,0,2026-03-09T04:37:58.000Z
"3/8/2026, 11:40:58 PM",3.607,53.4,100,0,2026-03-09T04:40:58.000Z
"3/8/2026, 11:43:58 PM",3.607,53.8,100,0,2026-03-09T04:43:58.000Z
"3/8/2026, 11:46:58 PM",3.607,54,100,0,2026-03-09T04:46:58.000Z
"3/8/2026, 11:49:58 PM",3.607,54.1,100,0,2026-03-09T04:49:58.000Z
"3/8/2026, 11:52:58 PM",3.607,54.3,100,0,2026-03-09T04:52:58.000Z
"3/8/2026, 11:55:58 PM",3.607,54.5,100,0,2026-03-09T04:55:58.000Z
"3/8/2026, 11:58:58 PM",3.607,54.5,100,0,2026-03-09T04:58:58.000Z
"3/9/2026, 12:01:58 AM",3.607,54.5,100,0,2026-03-09T05:01:58.000Z
"3/9/2026, 12:04:58 AM",3.608,54.5,100,0,2026-03-09T05:04:58.000Z
"3/9/2026, 12:07:58 AM",3.607,54.5,100,0,2026-03-09T05:07:58.000Z
"3/9/2026, 12:10:58 AM",3.608,54.7,100,0,2026-03-09T05:10:58.000Z
"3/9/2026, 12:13:58 AM",3.608,54.7,100,0,2026-03-09T05:13:58.000Z
"3/9/2026, 12:16:58 AM",3.608,54.7,100,0,2026-03-09T05:16:58.000Z
"3/9/2026, 12:19:58 AM",3.607,54.5,100,0,2026-03-09T05:19:58.000Z
"3/9/2026, 12:22:58 AM",3.608,54.5,100,0,2026-03-09T05:22:58.000Z
"3/9/2026, 12:25:58 AM",3.608,54.5,100,0,2026-03-09T05:25:58.000Z
"3/9/2026, 12:28:58 AM",3.608,54.3,100,0,2026-03-09T05:28:58.000Z
"3/9/2026, 12:31:58 AM",3.608,54.3,100,0,2026-03-09T05:31:58.000Z
"3/9/2026, 12:34:58 AM",3.608,54.3,100,0,2026-03-09T05:34:58.000Z
"3/9/2026, 12:37:58 AM",3.608,54.3,100,0,2026-03-09T05:37:58.000Z
"3/9/2026, 12:40:58 AM",3.608,54.3,100,0,2026-03-09T05:40:58.000Z
"3/9/2026, 12:43:58 AM",3.608,54.3,100,0,2026-03-09T05:43:58.000Z
"3/9/2026, 12:46:58 AM",3.608,54.5,100,0,2026-03-09T05:46:58.000Z
"3/9/2026, 12:49:58 AM",3.608,54.5,100,0,2026-03-09T05:49:58.000Z
"3/9/2026, 12:52:58 AM",3.607,54.5,100,0,2026-03-09T05:52:58.000Z
"3/9/2026, 12:55:58 AM",3.608,54.5,100,0,2026-03-09T05:55:58.000Z
"3/9/2026, 12:58:58 AM",3.608,54.3,100,0,2026-03-09T05:58:58.000Z
"3/9/2026, 1:01:58 AM",3.608,54.3,100,0,2026-03-09T06:01:58.000Z
"3/9/2026, 1:04:58 AM",3.608,54.3,100,0,2026-03-09T06:04:58.000Z
"3/9/2026, 1:07:58 AM",3.608,54.3,100,0,2026-03-09T06:07:58.000Z
"3/9/2026, 1:10:58 AM",3.608,54.1,100,0,2026-03-09T06:10:58.000Z
"3/9/2026, 1:13:58 AM",3.608,54.1,100,0,2026-03-09T06:13:58.000Z
"3/9/2026, 1:16:58 AM",3.608,54,100,0,2026-03-09T06:16:58.000Z
"3/9/2026, 1:19:58 AM",3.608,54,100,0,2026-03-09T06:19:58.000Z
"3/9/2026, 1:22:58 AM",3.608,54,100,0,2026-03-09T06:22:58.000Z
"3/9/2026, 1:25:58 AM",3.608,54,100,0,2026-03-09T06:25:58.000Z
"3/9/2026, 1:28:58 AM",3.608,54,100,0,2026-03-09T06:28:58.000Z
"3/9/2026, 1:31:58 AM",3.607,53.8,100,0,2026-03-09T06:31:58.000Z
"3/9/2026, 1:34:58 AM",3.608,53.8,100,0,2026-03-09T06:34:58.000Z
"3/9/2026, 1:37:58 AM",3.607,53.8,100,0,2026-03-09T06:37:58.000Z
"3/9/2026, 1:40:58 AM",3.608,53.8,100,0,2026-03-09T06:40:58.000Z
"3/9/2026, 1:43:58 AM",3.608,53.8,100,0,2026-03-09T06:43:58.000Z
"3/9/2026, 1:46:58 AM",3.608,53.6,100,0,2026-03-09T06:46:58.000Z
"3/9/2026, 1:49:58 AM",3.607,53.6,100,0,2026-03-09T06:49:58.000Z
"3/9/2026, 1:52:58 AM",3.607,53.4,100,0,2026-03-09T06:52:58.000Z
"3/9/2026, 1:55:58 AM",3.608,53.4,100,0,2026-03-09T06:55:58.000Z
"3/9/2026, 1:58:58 AM",3.607,53.2,100,0,2026-03-09T06:58:58.000Z
"3/9/2026, 2:01:58 AM",3.607,53.2,100,0,2026-03-09T07:01:58.000Z
"3/9/2026, 2:04:58 AM",3.607,53.1,100,0,2026-03-09T07:04:58.000Z
"3/9/2026, 2:07:58 AM",3.608,53.1,100,0,2026-03-09T07:07:58.000Z
"3/9/2026, 2:10:58 AM",3.607,53.1,100,0,2026-03-09T07:10:58.000Z
"3/9/2026, 2:13:58 AM",3.607,52.9,100,0,2026-03-09T07:13:58.000Z
"3/9/2026, 2:16:58 AM",3.606,52.7,100,0,2026-03-09T07:16:58.000Z
"3/9/2026, 2:19:58 AM",3.607,52.7,100,0,2026-03-09T07:19:58.000Z
"3/9/2026, 2:22:58 AM",3.607,52.7,100,0,2026-03-09T07:22:58.000Z
"3/9/2026, 2:25:58 AM",3.607,52.7,100,0,2026-03-09T07:25:58.000Z
"3/9/2026, 2:28:58 AM",3.607,52.5,100,0,2026-03-09T07:28:58.000Z
"3/9/2026, 2:31:58 AM",3.607,52.3,100,0,2026-03-09T07:31:58.000Z
"3/9/2026, 2:34:58 AM",3.607,52.3,100,0,2026-03-09T07:34:58.000Z
"3/9/2026, 2:37:58 AM",3.607,52.2,100,0,2026-03-09T07:37:58.000Z
"3/9/2026, 2:40:58 AM",3.607,52,100,0,2026-03-09T07:40:58.000Z
"3/9/2026, 2:43:58 AM",3.607,52,100,0,2026-03-09T07:43:58.000Z
"3/9/2026, 2:46:58 AM",3.607,51.8,100,0,2026-03-09T07:46:58.000Z
"3/9/2026, 2:49:58 AM",3.607,51.8,100,0,2026-03-09T07:49:58.000Z
"3/9/2026, 2:52:58 AM",3.606,51.6,100,0,2026-03-09T07:52:58.000Z
"3/9/2026, 2:55:58 AM",3.606,51.4,100,0,2026-03-09T07:55:58.000Z
"3/9/2026, 2:58:58 AM",3.606,51.4,100,0,2026-03-09T07:58:58.000Z
"3/9/2026, 3:01:58 AM",3.606,51.3,100,0,2026-03-09T08:01:58.000Z
"3/9/2026, 3:04:58 AM",3.606,51.1,100,0,2026-03-09T08:04:58.000Z
"3/9/2026, 3:07:58 AM",3.606,50.9,100,0,2026-03-09T08:07:58.000Z
"3/9/2026, 3:10:58 AM",3.606,50.7,100,0,2026-03-09T08:10:58.000Z
"3/9/2026, 3:13:58 AM",3.606,50.5,100,0,2026-03-09T08:13:58.000Z
"3/9/2026, 3:16:58 AM",3.606,50.5,100,0,2026-03-09T08:16:58.000Z
"3/9/2026, 3:19:58 AM",3.606,50.4,100,0,2026-03-09T08:19:58.000Z
"3/9/2026, 3:22:58 AM",3.606,50.2,100,0,2026-03-09T08:22:58.000Z
"3/9/2026, 3:25:58 AM",3.606,50,100,0,2026-03-09T08:25:58.000Z
"3/9/2026, 3:28:58 AM",3.606,49.8,100,0,2026-03-09T08:28:58.000Z
"3/9/2026, 3:31:58 AM",3.605,49.8,100,0,2026-03-09T08:31:58.000Z
"3/9/2026, 3:34:58 AM",3.605,49.6,100,0,2026-03-09T08:34:58.000Z
"3/9/2026, 3:37:58 AM",3.605,49.5,100,0,2026-03-09T08:37:58.000Z
"3/9/2026, 3:40:58 AM",3.605,49.5,100,0,2026-03-09T08:40:58.000Z
"3/9/2026, 3:43:58 AM",3.605,49.3,100,0,2026-03-09T08:43:58.000Z
"3/9/2026, 3:46:58 AM",3.605,49.1,100,0,2026-03-09T08:46:58.000Z
"3/9/2026, 3:49:58 AM",3.605,49.1,100,0,2026-03-09T08:49:58.000Z
"3/9/2026, 3:52:58 AM",3.604,48.9,100,0,2026-03-09T08:52:58.000Z
"3/9/2026, 3:55:58 AM",3.604,48.9,100,0,2026-03-09T08:55:58.000Z
"3/9/2026, 3:58:58 AM",3.604,48.7,100,0,2026-03-09T08:58:58.000Z
"3/9/2026, 4:01:58 AM",3.605,48.6,100,0,2026-03-09T09:01:58.000Z
"3/9/2026, 4:04:58 AM",3.604,48.6,100,0,2026-03-09T09:04:58.000Z
"3/9/2026, 4:07:58 AM",3.604,48.6,100,0,2026-03-09T09:07:58.000Z
"3/9/2026, 4:10:58 AM",3.604,48.4,100,0,2026-03-09T09:10:58.000Z
"3/9/2026, 4:13:58 AM",3.604,48.4,100,0,2026-03-09T09:13:58.000Z
"3/9/2026, 4:16:58 AM",3.603,48.2,100,0,2026-03-09T09:16:58.000Z
"3/9/2026, 4:19:58 AM",3.604,48.2,100,0,2026-03-09T09:19:58.000Z
"3/9/2026, 4:22:58 AM",3.604,48,100,0,2026-03-09T09:22:58.000Z
"3/9/2026, 4:25:58 AM",3.604,48,100,0,2026-03-09T09:25:58.000Z
"3/9/2026, 4:28:58 AM",3.604,47.8,100,0,2026-03-09T09:28:58.000Z
"3/9/2026, 4:31:58 AM",3.604,47.8,100,0,2026-03-09T09:31:58.000Z
"3/9/2026, 4:34:58 AM",3.604,47.8,100,0,2026-03-09T09:34:58.000Z
"3/9/2026, 4:37:58 AM",3.604,47.8,100,0,2026-03-09T09:37:58.000Z
"3/9/2026, 4:40:58 AM",3.603,47.7,100,0,2026-03-09T09:40:58.000Z
"3/9/2026, 4:43:58 AM",3.603,47.7,100,0,2026-03-09T09:43:58.000Z
"3/9/2026, 4:46:58 AM",3.603,47.5,100,0,2026-03-09T09:46:58.000Z
"3/9/2026, 4:49:58 AM",3.603,47.5,100,0,2026-03-09T09:49:58.000Z
"3/9/2026, 4:52:58 AM",3.603,47.5,100,0,2026-03-09T09:52:58.000Z
"3/9/2026, 4:55:58 AM",3.603,47.3,100,0,2026-03-09T09:55:58.000Z
"3/9/2026, 4:58:58 AM",3.603,47.3,100,0,2026-03-09T09:58:58.000Z
"3/9/2026, 5:01:58 AM",3.603,47.3,100,0,2026-03-09T10:01:58.000Z
"3/9/2026, 5:04:58 AM",3.603,47.3,100,0,2026-03-09T10:04:58.000Z
"3/9/2026, 5:07:58 AM",3.603,47.1,100,0,2026-03-09T10:07:58.000Z
"3/9/2026, 5:10:58 AM",3.602,47.1,100,0,2026-03-09T10:10:58.000Z
"3/9/2026, 5:13:58 AM",3.603,47.1,100,0,2026-03-09T10:13:58.000Z
"3/9/2026, 5:16:58 AM",3.603,47.1,100,0,2026-03-09T10:16:58.000Z
"3/9/2026, 5:19:58 AM",3.602,46.9,100,0,2026-03-09T10:19:58.000Z
"3/9/2026, 5:22:58 AM",3.603,46.9,100,0,2026-03-09T10:22:58.000Z
"3/9/2026, 5:25:58 AM",3.602,46.9,100,0,2026-03-09T10:25:58.000Z
"3/9/2026, 5:28:58 AM",3.602,46.9,100,0,2026-03-09T10:28:58.000Z
"3/9/2026, 5:31:58 AM",3.602,46.8,100,0,2026-03-09T10:31:58.000Z
"3/9/2026, 5:34:58 AM",3.602,46.8,100,0,2026-03-09T10:34:58.000Z
"3/9/2026, 5:37:58 AM",3.602,46.8,100,0,2026-03-09T10:37:58.000Z
"3/9/2026, 5:40:58 AM",3.602,46.8,100,0,2026-03-09T10:40:58.000Z
"3/9/2026, 5:43:58 AM",3.602,46.6,100,0,2026-03-09T10:43:58.000Z
"3/9/2026, 5:46:58 AM",3.602,46.6,100,0,2026-03-09T10:46:58.000Z
"3/9/2026, 5:49:58 AM",3.602,46.6,100,0,2026-03-09T10:49:58.000Z
"3/9/2026, 5:52:58 AM",3.602,46.6,100,0,2026-03-09T10:52:58.000Z
"3/9/2026, 5:55:58 AM",3.602,46.4,100,0,2026-03-09T10:55:58.000Z
"3/9/2026, 5:58:58 AM",3.602,46.4,100,0,2026-03-09T10:58:58.000Z
"3/9/2026, 6:01:58 AM",3.602,46.4,100,0,2026-03-09T11:01:58.000Z
"3/9/2026, 6:04:58 AM",3.601,46.4,100,0,2026-03-09T11:04:58.000Z
"3/9/2026, 6:07:58 AM",3.602,46.4,100,0,2026-03-09T11:07:58.000Z
"3/9/2026, 6:10:58 AM",3.602,46.2,100,0,2026-03-09T11:10:58.000Z
"3/9/2026, 6:13:58 AM",3.602,46.2,100,0,2026-03-09T11:13:58.000Z
"3/9/2026, 6:16:58 AM",3.601,46.2,100,0,2026-03-09T11:16:58.000Z
"3/9/2026, 6:19:58 AM",3.601,46.2,100,0,2026-03-09T11:19:58.000Z
"3/9/2026, 6:22:58 AM",3.602,46.2,100,0,2026-03-09T11:22:58.000Z
"3/9/2026, 6:25:58 AM",3.601,46.2,100,0,2026-03-09T11:25:58.000Z
"3/9/2026, 6:28:58 AM",3.601,46,100,0,2026-03-09T11:28:58.000Z
"3/9/2026, 6:31:58 AM",3.601,46,100,0,2026-03-09T11:31:58.000Z
"3/9/2026, 6:34:58 AM",3.601,46,100,0,2026-03-09T11:34:58.000Z
"3/9/2026, 6:37:58 AM",3.602,46,100,0,2026-03-09T11:37:58.000Z
"3/9/2026, 6:40:58 AM",3.601,46.2,100,0,2026-03-09T11:40:58.000Z
"3/9/2026, 6:43:58 AM",3.602,46.2,100,0,2026-03-09T11:43:58.000Z
"3/9/2026, 6:46:58 AM",3.601,46.4,100,0,2026-03-09T11:46:58.000Z
"3/9/2026, 6:49:58 AM",3.602,46.6,100,0,2026-03-09T11:49:58.000Z
"3/9/2026, 6:52:58 AM",3.601,46.8,100,0,2026-03-09T11:52:58.000Z
"3/9/2026, 6:55:58 AM",3.601,47.1,100,0,2026-03-09T11:55:58.000Z
"3/9/2026, 6:58:58 AM",3.601,47.5,100,0,2026-03-09T11:58:58.000Z
"3/9/2026, 7:01:58 AM",3.601,47.8,100,0,2026-03-09T12:01:58.000Z
"3/9/2026, 7:04:58 AM",3.601,48.2,100,0,2026-03-09T12:04:58.000Z
"3/9/2026, 7:07:58 AM",3.601,48.6,100,0,2026-03-09T12:07:58.000Z
"3/9/2026, 7:10:58 AM",3.601,49.1,100,0,2026-03-09T12:10:58.000Z
"3/9/2026, 7:13:58 AM",3.601,49.5,100,0,2026-03-09T12:13:58.000Z
"3/9/2026, 7:16:58 AM",3.601,49.8,100,0,2026-03-09T12:16:58.000Z
"3/9/2026, 7:19:58 AM",3.601,50,100,0,2026-03-09T12:19:58.000Z
"3/9/2026, 7:22:58 AM",3.602,50.5,100,0,2026-03-09T12:22:58.000Z
"3/9/2026, 7:25:58 AM",3.602,50.7,100,0,2026-03-09T12:25:58.000Z
"3/9/2026, 7:28:58 AM",3.602,50.9,100,0,2026-03-09T12:28:58.000Z
"3/9/2026, 7:31:58 AM",3.602,51.3,100,0,2026-03-09T12:31:58.000Z
"3/9/2026, 7:34:58 AM",3.602,51.6,100,0,2026-03-09T12:34:58.000Z
"3/9/2026, 7:37:58 AM",3.602,51.8,100,0,2026-03-09T12:37:58.000Z
"3/9/2026, 7:40:58 AM",3.603,52,100,0,2026-03-09T12:40:58.000Z
"3/9/2026, 7:43:58 AM",3.603,52.2,100,0,2026-03-09T12:43:58.000Z
"3/9/2026, 7:46:58 AM",3.603,52.3,100,0,2026-03-09T12:46:58.000Z
"3/9/2026, 7:49:58 AM",3.603,52.5,100,0,2026-03-09T12:49:58.000Z
"3/9/2026, 7:52:58 AM",3.603,52.7,100,0,2026-03-09T12:52:58.000Z
"3/9/2026, 7:55:58 AM",3.604,52.9,100,0,2026-03-09T12:55:58.000Z
"3/9/2026, 7:58:58 AM",3.604,53.1,100,0,2026-03-09T12:58:58.000Z
"3/9/2026, 8:01:58 AM",3.604,53.2,100,0,2026-03-09T13:01:58.000Z
"3/9/2026, 8:04:58 AM",3.604,53.2,100,0,2026-03-09T13:04:58.000Z
"3/9/2026, 8:07:58 AM",3.604,53.4,100,0,2026-03-09T13:07:58.000Z
"3/9/2026, 8:10:58 AM",3.605,53.6,100,0,2026-03-09T13:10:58.000Z
"3/9/2026, 8:13:58 AM",3.604,53.6,100,0,2026-03-09T13:13:58.000Z
"3/9/2026, 8:16:58 AM",3.605,53.8,100,0,2026-03-09T13:16:58.000Z
"3/9/2026, 8:19:58 AM",3.605,54,100,0,2026-03-09T13:19:58.000Z
"3/9/2026, 8:22:58 AM",3.605,54.1,100,0,2026-03-09T13:22:58.000Z
"3/9/2026, 8:25:58 AM",3.605,54.1,100,0,2026-03-09T13:25:58.000Z
"3/9/2026, 8:28:58 AM",3.605,54.3,100,0,2026-03-09T13:28:58.000Z
"3/9/2026, 8:31:58 AM",3.605,54.3,100,0,2026-03-09T13:31:58.000Z
"3/9/2026, 8:34:58 AM",3.606,54.5,100,0,2026-03-09T13:34:58.000Z
"3/9/2026, 8:37:58 AM",3.605,54.7,100,0,2026-03-09T13:37:58.000Z
"3/9/2026, 8:40:58 AM",3.606,54.7,100,0,2026-03-09T13:40:58.000Z
"3/9/2026, 8:43:58 AM",3.606,54.9,100,0,2026-03-09T13:43:58.000Z
"3/9/2026, 8:46:58 AM",3.606,54.9,100,0,2026-03-09T13:46:58.000Z
"3/9/2026, 8:49:58 AM",3.606,55,100,0,2026-03-09T13:49:58.000Z
"3/9/2026, 8:52:58 AM",3.606,55,100,0,2026-03-09T13:52:58.000Z
"3/9/2026, 8:55:58 AM",3.606,55.2,100,0,2026-03-09T13:55:58.000Z
"3/9/2026, 8:58:58 AM",3.606,55.4,100,0,2026-03-09T13:58:58.000Z
"3/9/2026, 9:01:58 AM",3.606,55.4,100,0,2026-03-09T14:01:58.000Z
"3/9/2026, 9:04:58 AM",3.606,55.6,100,0,2026-03-09T14:04:58.000Z
"3/9/2026, 9:07:58 AM",3.606,55.8,100,0,2026-03-09T14:07:58.000Z
"3/9/2026, 9:10:58 AM",3.606,55.9,100,0,2026-03-09T14:10:58.000Z
"3/9/2026, 9:13:58 AM",3.606,56.3,100,0,2026-03-09T14:13:58.000Z
"3/9/2026, 9:16:58 AM",3.606,56.5,100,0,2026-03-09T14:16:58.000Z
"3/9/2026, 9:19:58 AM",3.606,56.7,100,0,2026-03-09T14:19:58.000Z
"3/9/2026, 9:22:58 AM",3.607,56.8,100,0,2026-03-09T14:22:58.000Z
"3/9/2026, 9:25:58 AM",3.607,57,100,0,2026-03-09T14:25:58.000Z
"3/9/2026, 9:28:58 AM",3.607,57.2,100,0,2026-03-09T14:28:58.000Z
"3/9/2026, 9:31:58 AM",3.607,57.6,100,0,2026-03-09T14:31:58.000Z
"3/9/2026, 9:34:58 AM",3.607,57.7,100,0,2026-03-09T14:34:58.000Z
"3/9/2026, 9:37:58 AM",3.607,57.9,100,0,2026-03-09T14:37:58.000Z
"3/9/2026, 9:40:58 AM",3.607,58.1,100,0,2026-03-09T14:40:58.000Z
"3/9/2026, 9:43:58 AM",3.607,58.5,100,0,2026-03-09T14:43:58.000Z
"3/9/2026, 9:46:58 AM",3.608,58.6,100,0,2026-03-09T14:46:58.000Z
"3/9/2026, 9:49:58 AM",3.608,58.8,100,0,2026-03-09T14:49:58.000Z
"3/9/2026, 9:52:58 AM",3.608,59,100,0,2026-03-09T14:52:58.000Z
"3/9/2026, 9:55:58 AM",3.608,59.2,100,0,2026-03-09T14:55:58.000Z
"3/9/2026, 9:58:58 AM",3.608,59.4,100,0,2026-03-09T14:58:58.000Z
"3/9/2026, 10:01:58 AM",3.608,59.5,100,0,2026-03-09T15:01:58.000Z
"3/9/2026, 10:04:58 AM",3.608,59.7,100,0,2026-03-09T15:04:58.000Z
"3/9/2026, 10:07:58 AM",3.608,60.1,100,0,2026-03-09T15:07:58.000Z
"3/9/2026, 10:10:58 AM",3.608,60.4,100,0,2026-03-09T15:10:58.000Z
"3/9/2026, 10:13:58 AM",3.609,60.6,100,0,2026-03-09T15:13:58.000Z
"3/9/2026, 10:16:58 AM",3.608,61,100,0,2026-03-09T15:16:58.000Z
"3/9/2026, 10:19:58 AM",3.609,61.2,100,0,2026-03-09T15:19:58.000Z
"3/9/2026, 10:22:58 AM",3.609,61.3,100,0,2026-03-09T15:22:58.000Z
"3/9/2026, 10:25:58 AM",3.609,61.7,100,0,2026-03-09T15:25:58.000Z
"3/9/2026, 10:28:58 AM",3.609,61.9,100,0,2026-03-09T15:28:58.000Z
"3/9/2026, 10:31:58 AM",3.609,62.1,100,0,2026-03-09T15:31:58.000Z
"3/9/2026, 10:34:58 AM",3.61,62.4,100,0,2026-03-09T15:34:58.000Z
"3/9/2026, 10:37:58 AM",3.61,62.6,100,0,2026-03-09T15:37:58.000Z
"3/9/2026, 10:40:58 AM",3.61,62.8,100,0,2026-03-09T15:40:58.000Z
"3/9/2026, 10:43:58 AM",3.61,63,100,0,2026-03-09T15:43:58.000Z
"3/9/2026, 10:46:58 AM",3.61,63.3,100,0,2026-03-09T15:46:58.000Z
"3/9/2026, 10:49:58 AM",3.61,63.5,100,0,2026-03-09T15:49:58.000Z
"3/9/2026, 10:52:58 AM",3.611,63.7,100,0,2026-03-09T15:52:58.000Z
"3/9/2026, 10:55:58 AM",3.61,64,100,0,2026-03-09T15:55:58.000Z
"3/9/2026, 10:58:58 AM",3.611,64.2,100,0,2026-03-09T15:58:58.000Z
"3/9/2026, 11:01:58 AM",3.611,64.6,100,0,2026-03-09T16:01:58.000Z
"3/9/2026, 11:04:58 AM",3.611,64.8,100,0,2026-03-09T16:04:58.000Z
"3/9/2026, 11:07:58 AM",3.611,64.9,100,0,2026-03-09T16:07:58.000Z
"3/9/2026, 11:10:58 AM",3.612,65.3,100,0,2026-03-09T16:10:58.000Z
"3/9/2026, 11:13:58 AM",3.612,65.5,100,0,2026-03-09T16:13:58.000Z
"3/9/2026, 11:16:58 AM",3.612,65.7,100,0,2026-03-09T16:16:58.000Z
"3/9/2026, 11:19:58 AM",3.612,66,100,0,2026-03-09T16:19:58.000Z
"3/9/2026, 11:22:58 AM",3.612,66.2,100,0,2026-03-09T16:22:58.000Z
"3/9/2026, 11:25:58 AM",3.612,66.6,100,0,2026-03-09T16:25:58.000Z
"3/9/2026, 11:28:58 AM",3.613,66.7,100,0,2026-03-09T16:28:58.000Z
"3/9/2026, 11:31:58 AM",3.612,67.1,100,0,2026-03-09T16:31:58.000Z
"3/9/2026, 11:34:58 AM",3.613,67.3,100,0,2026-03-09T16:34:58.000Z
"3/9/2026, 11:37:58 AM",3.613,67.6,100,0,2026-03-09T16:37:58.000Z
"3/9/2026, 11:40:58 AM",3.613,67.8,100,0,2026-03-09T16:40:58.000Z
"3/9/2026, 11:43:58 AM",3.613,68.2,100,0,2026-03-09T16:43:58.000Z
"3/9/2026, 11:46:58 AM",3.613,68.4,100,0,2026-03-09T16:46:58.000Z
"3/9/2026, 11:49:58 AM",3.613,68.5,100,0,2026-03-09T16:49:58.000Z
"3/9/2026, 11:52:58 AM",3.613,68.9,100,0,2026-03-09T16:52:58.000Z
"3/9/2026, 11:55:58 AM",3.614,69.1,100,0,2026-03-09T16:55:58.000Z
"3/9/2026, 11:58:58 AM",3.614,69.3,100,0,2026-03-09T16:58:58.000Z
"3/9/2026, 12:01:58 PM",3.614,69.4,100,0,2026-03-09T17:01:58.000Z
"3/9/2026, 12:04:58 PM",3.614,69.6,100,0,2026-03-09T17:04:58.000Z
"3/9/2026, 12:07:58 PM",3.614,69.8,100,0,2026-03-09T17:07:58.000Z
"3/9/2026, 12:10:58 PM",3.614,70.2,100,0,2026-03-09T17:10:58.000Z
"3/9/2026, 12:13:58 PM",3.615,70.3,100,0,2026-03-09T17:13:58.000Z
"3/9/2026, 12:16:58 PM",3.615,70.5,100,0,2026-03-09T17:16:58.000Z
"3/9/2026, 12:19:58 PM",3.615,70.7,100,0,2026-03-09T17:19:58.000Z
"3/9/2026, 12:22:58 PM",3.614,70.9,100,0,2026-03-09T17:22:58.000Z
"3/9/2026, 12:25:58 PM",3.615,71.1,100,0,2026-03-09T17:25:58.000Z
"3/9/2026, 12:28:58 PM",3.615,71.2,100,0,2026-03-09T17:28:58.000Z
"3/9/2026, 12:31:58 PM",3.615,71.2,100,0,2026-03-09T17:31:58.000Z
"3/9/2026, 12:34:58 PM",3.615,71.4,100,0,2026-03-09T17:34:58.000Z
"3/9/2026, 12:37:58 PM",3.615,71.4,100,0,2026-03-09T17:37:58.000Z
"3/9/2026, 12:40:58 PM",3.616,71.6,100,0,2026-03-09T17:40:58.000Z
"3/9/2026, 12:43:58 PM",3.615,71.8,100,0,2026-03-09T17:43:58.000Z
"3/9/2026, 12:46:58 PM",3.616,71.8,100,0,2026-03-09T17:46:58.000Z
"3/9/2026, 12:49:58 PM",3.615,72,100,0,2026-03-09T17:49:58.000Z
"3/9/2026, 12:52:58 PM",3.616,72.1,100,0,2026-03-09T17:52:58.000Z
"3/9/2026, 12:55:58 PM",3.616,72.3,100,0,2026-03-09T17:55:58.000Z
"3/9/2026, 12:58:58 PM",3.616,72.3,100,0,2026-03-09T17:58:58.000Z
"3/9/2026, 1:01:58 PM",3.616,72.5,100,0,2026-03-09T18:01:58.000Z
"3/9/2026, 1:04:58 PM",3.616,72.7,100,0,2026-03-09T18:04:58.000Z
"3/9/2026, 1:07:58 PM",3.616,72.7,100,0,2026-03-09T18:07:58.000Z
"3/9/2026, 1:10:58 PM",3.617,72.9,100,0,2026-03-09T18:10:58.000Z
"3/9/2026, 1:13:58 PM",3.616,73,100,0,2026-03-09T18:13:58.000Z
"3/9/2026, 1:16:58 PM",3.617,73,100,0,2026-03-09T18:16:58.000Z
"3/9/2026, 1:19:58 PM",3.616,73,100,0,2026-03-09T18:19:58.000Z
"3/9/2026, 1:22:58 PM",3.616,73.2,100,0,2026-03-09T18:22:58.000Z
"3/9/2026, 1:25:58 PM",3.616,73.2,100,0,2026-03-09T18:25:58.000Z
"3/9/2026, 1:28:58 PM",3.617,73.4,100,0,2026-03-09T18:28:58.000Z
"3/9/2026, 1:31:58 PM",3.617,73.6,100,0,2026-03-09T18:31:58.000Z
"3/9/2026, 1:34:58 PM",3.617,73.6,100,0,2026-03-09T18:34:58.000Z
"3/9/2026, 1:37:58 PM",3.617,73.8,100,0,2026-03-09T18:37:58.000Z
"3/9/2026, 1:40:58 PM",3.617,73.8,100,0,2026-03-09T18:40:58.000Z
"3/9/2026, 1:43:58 PM",3.617,73.9,100,0,2026-03-09T18:43:58.000Z
"3/9/2026, 1:46:58 PM",3.617,73.9,100,0,2026-03-09T18:46:58.000Z
"3/9/2026, 1:49:58 PM",3.617,73.9,100,0,2026-03-09T18:49:58.000Z
"3/9/2026, 1:52:58 PM",3.617,74.1,100,0,2026-03-09T18:52:58.000Z
"3/9/2026, 1:55:58 PM",3.617,74.1,100,0,2026-03-09T18:55:58.000Z
"3/9/2026, 1:58:58 PM",3.617,74.3,100,0,2026-03-09T18:58:58.000Z
"3/9/2026, 2:01:58 PM",3.618,74.5,100,0,2026-03-09T19:01:58.000Z
"3/9/2026, 2:04:58 PM",3.617,74.5,100,0,2026-03-09T19:04:58.000Z
"3/9/2026, 2:07:58 PM",3.617,74.5,100,0,2026-03-09T19:07:58.000Z
"3/9/2026, 2:10:58 PM",3.617,74.7,100,0,2026-03-09T19:10:58.000Z
"3/9/2026, 2:13:58 PM",3.617,74.7,100,0,2026-03-09T19:13:58.000Z
"3/9/2026, 2:16:58 PM",3.618,74.8,100,0,2026-03-09T19:16:58.000Z
"3/9/2026, 2:19:58 PM",3.618,74.8,100,0,2026-03-09T19:19:58.000Z
"3/9/2026, 2:22:58 PM",3.618,75,100,0,2026-03-09T19:22:58.000Z
"3/9/2026, 2:25:58 PM",3.618,75,100,0,2026-03-09T19:25:58.000Z
"3/9/2026, 2:28:58 PM",3.618,75.2,100,0,2026-03-09T19:28:58.000Z
"3/9/2026, 2:31:58 PM",3.618,75.4,100,0,2026-03-09T19:31:58.000Z
"3/9/2026, 2:34:58 PM",3.617,75.4,99.9,0,2026-03-09T19:34:58.000Z
"3/9/2026, 2:37:58 PM",3.618,75.6,99.8,0,2026-03-09T19:37:58.000Z
"3/9/2026, 2:40:58 PM",3.618,75.6,99.7,0,2026-03-09T19:40:58.000Z
"3/9/2026, 2:43:58 PM",3.618,75.7,99.6,0,2026-03-09T19:43:58.000Z
"3/9/2026, 2:46:58 PM",3.618,75.7,99.5,0,2026-03-09T19:46:58.000Z
"3/9/2026, 2:49:58 PM",3.618,75.9,99.3,0,2026-03-09T19:49:58.000Z
"3/9/2026, 2:52:58 PM",3.618,76.1,99.3,0,2026-03-09T19:52:58.000Z
"3/9/2026, 2:55:58 PM",3.618,76.3,99.1,0,2026-03-09T19:55:58.000Z
"3/9/2026, 2:58:58 PM",3.618,76.3,99,0,2026-03-09T19:58:58.000Z
"3/9/2026, 3:01:58 PM",3.618,76.5,98.9,0,2026-03-09T20:01:58.000Z
"3/9/2026, 3:04:58 PM",3.619,76.5,98.7,0,2026-03-09T20:04:58.000Z
"3/9/2026, 3:07:58 PM",3.619,76.6,98.6,0,2026-03-09T20:07:58.000Z
"3/9/2026, 3:10:58 PM",3.618,76.6,98.5,0,2026-03-09T20:10:58.000Z
"3/9/2026, 3:13:58 PM",3.619,76.8,98.3,0,2026-03-09T20:13:58.000Z
"3/9/2026, 3:16:58 PM",3.619,76.8,98.2,0,2026-03-09T20:16:58.000Z
"3/9/2026, 3:19:58 PM",3.619,76.8,98,0,2026-03-09T20:19:58.000Z
"3/9/2026, 3:22:58 PM",3.619,76.8,97.8,0,2026-03-09T20:22:58.000Z
"3/9/2026, 3:25:58 PM",3.619,77,97.7,0,2026-03-09T20:25:58.000Z
"3/9/2026, 3:28:58 PM",3.619,77,97.5,0,2026-03-09T20:28:58.000Z
"3/9/2026, 3:31:58 PM",3.619,77,97.3,0,2026-03-09T20:31:58.000Z
"3/9/2026, 3:34:58 PM",3.619,77,97.1,0,2026-03-09T20:34:58.000Z
"3/9/2026, 3:37:58 PM",3.619,76.8,96.9,0,2026-03-09T20:37:58.000Z
"3/9/2026, 3:40:58 PM",3.619,76.8,96.7,0,2026-03-09T20:40:58.000Z
"3/9/2026, 3:43:58 PM",3.619,76.8,96.5,0,2026-03-09T20:43:58.000Z
"3/9/2026, 3:46:58 PM",3.619,76.8,96.3,0,2026-03-09T20:46:58.000Z
"3/9/2026, 3:49:58 PM",3.619,76.6,96.1,0,2026-03-09T20:49:58.000Z
"3/9/2026, 3:52:58 PM",3.619,76.6,95.9,0,2026-03-09T20:52:58.000Z
"3/9/2026, 3:55:58 PM",3.619,76.6,95.7,0,2026-03-09T20:55:58.000Z
"3/9/2026, 3:58:58 PM",3.619,76.6,95.5,0,2026-03-09T20:58:58.000Z
"3/9/2026, 4:01:58 PM",3.619,76.5,95.3,0,2026-03-09T21:01:58.000Z
"3/9/2026, 4:04:58 PM",3.619,76.5,95.1,0,2026-03-09T21:04:58.000Z
"3/9/2026, 4:07:58 PM",3.62,76.5,94.9,0,2026-03-09T21:07:58.000Z
"3/9/2026, 4:10:58 PM",3.619,76.5,94.7,0,2026-03-09T21:10:58.000Z
"3/9/2026, 4:13:58 PM",3.619,76.3,94.5,0,2026-03-09T21:13:58.000Z
"3/9/2026, 4:16:58 PM",3.619,76.3,94.3,0,2026-03-09T21:16:58.000Z
"3/9/2026, 4:19:58 PM",3.619,76.3,94.2,0,2026-03-09T21:19:58.000Z
"3/9/2026, 4:22:58 PM",3.619,76.3,94.1,0,2026-03-09T21:22:58.000Z
"3/9/2026, 4:25:58 PM",3.619,76.3,93.9,0,2026-03-09T21:25:58.000Z
"3/9/2026, 4:28:58 PM",3.619,76.3,93.8,0,2026-03-09T21:28:58.000Z
"3/9/2026, 4:31:58 PM",3.619,76.3,93.7,0,2026-03-09T21:31:58.000Z
"3/9/2026, 4:34:58 PM",3.619,76.3,93.5,0,2026-03-09T21:34:58.000Z
"3/9/2026, 4:37:58 PM",3.619,76.1,93.3,0,2026-03-09T21:37:58.000Z
"3/9/2026, 4:40:58 PM",3.619,76.1,93.2,0,2026-03-09T21:40:58.000Z
"3/9/2026, 4:43:58 PM",3.619,75.9,93,0,2026-03-09T21:43:58.000Z
"3/9/2026, 4:46:58 PM",3.619,75.9,92.9,0,2026-03-09T21:46:58.000Z
"3/9/2026, 4:49:58 PM",3.619,75.7,92.7,0,2026-03-09T21:49:58.000Z
"3/9/2026, 4:52:58 PM",3.619,75.7,92.6,0,2026-03-09T21:52:58.000Z
"3/9/2026, 4:55:58 PM",3.619,75.6,92.5,0,2026-03-09T21:55:58.000Z
"3/9/2026, 4:58:58 PM",3.619,75.4,92.4,0,2026-03-09T21:58:58.000Z
"3/9/2026, 5:01:58 PM",3.619,75.2,92.2,0,2026-03-09T22:01:58.000Z
"3/9/2026, 5:04:58 PM",3.619,75,92,0,2026-03-09T22:04:58.000Z
"3/9/2026, 5:07:58 PM",3.619,74.8,92,0,2026-03-09T22:07:58.000Z
"3/9/2026, 5:10:58 PM",3.619,74.7,91.9,0,2026-03-09T22:10:58.000Z
"3/9/2026, 5:13:58 PM",3.619,74.5,91.8,0,2026-03-09T22:13:58.000Z
"3/9/2026, 5:16:58 PM",3.619,74.3,91.7,0,2026-03-09T22:16:58.000Z
"3/9/2026, 5:19:58 PM",3.619,74.1,91.7,0,2026-03-09T22:19:58.000Z
"3/9/2026, 5:22:58 PM",3.619,73.9,91.6,0,2026-03-09T22:22:58.000Z
"3/9/2026, 5:25:58 PM",3.619,73.8,91.6,0,2026-03-09T22:25:58.000Z
"3/9/2026, 5:28:58 PM",3.619,73.6,91.6,0,2026-03-09T22:28:58.000Z
"3/9/2026, 5:31:58 PM",3.619,73.4,91.5,0,2026-03-09T22:31:58.000Z
"3/9/2026, 5:34:58 PM",3.619,73.2,91.5,0,2026-03-09T22:34:58.000Z
"3/9/2026, 5:37:58 PM",3.619,72.9,91.5,0,2026-03-09T22:37:58.000Z
"3/9/2026, 5:40:58 PM",3.619,72.7,91.5,0,2026-03-09T22:40:58.000Z
"3/9/2026, 5:43:58 PM",3.619,72.5,91.5,0,2026-03-09T22:43:58.000Z
"3/9/2026, 5:46:58 PM",3.619,72.1,91.5,0,2026-03-09T22:46:58.000Z
"3/9/2026, 5:49:58 PM",3.619,72,91.5,0,2026-03-09T22:49:58.000Z
"3/9/2026, 5:52:58 PM",3.619,71.8,91.5,0,2026-03-09T22:52:58.000Z
"3/9/2026, 5:55:58 PM",3.618,71.4,91.5,0,2026-03-09T22:55:58.000Z
"3/9/2026, 5:58:58 PM",3.619,71.2,91.6,0,2026-03-09T22:58:58.000Z
"3/9/2026, 6:01:58 PM",3.618,71.1,91.7,0,2026-03-09T23:01:58.000Z
"3/9/2026, 6:04:58 PM",3.618,70.7,91.7,0,2026-03-09T23:04:58.000Z
"3/9/2026, 6:07:58 PM",3.618,70.5,91.8,0,2026-03-09T23:07:58.000Z
"3/9/2026, 6:10:58 PM",3.618,70.3,91.8,0,2026-03-09T23:10:58.000Z
"3/9/2026, 6:13:58 PM",3.618,70,91.9,0,2026-03-09T23:13:58.000Z
"3/9/2026, 6:16:58 PM",3.618,69.8,92,0,2026-03-09T23:16:58.000Z
"3/9/2026, 6:19:58 PM",3.618,69.6,92,0,2026-03-09T23:19:58.000Z
"3/9/2026, 6:22:58 PM",3.618,69.3,92.1,0,2026-03-09T23:22:58.000Z
"3/9/2026, 6:25:58 PM",3.618,69.1,92.1,0,2026-03-09T23:25:58.000Z
"3/9/2026, 6:28:58 PM",3.618,68.9,92.2,0,2026-03-09T23:28:58.000Z
"3/9/2026, 6:31:58 PM",3.618,68.5,92.3,0,2026-03-09T23:31:58.000Z
"3/9/2026, 6:34:58 PM",3.618,68.4,92.4,0,2026-03-09T23:34:58.000Z
"3/9/2026, 6:37:58 PM",3.618,68.2,92.4,0,2026-03-09T23:37:58.000Z
"3/9/2026, 6:40:58 PM",3.618,68,92.5,0,2026-03-09T23:40:58.000Z
"3/9/2026, 6:43:58 PM",3.617,67.8,92.6,0,2026-03-09T23:43:58.000Z
"3/9/2026, 6:46:58 PM",3.618,67.6,92.8,0,2026-03-09T23:46:58.000Z
"3/9/2026, 6:49:58 PM",3.617,67.5,92.8,0,2026-03-09T23:49:58.000Z
"3/9/2026, 6:52:58 PM",3.617,67.3,93,0,2026-03-09T23:52:58.000Z
"3/9/2026, 6:55:58 PM",3.617,67.1,93.1,0,2026-03-09T23:55:58.000Z
"3/9/2026, 6:58:58 PM",3.617,66.9,93.1,0,2026-03-09T23:58:58.000Z
"3/9/2026, 7:01:58 PM",3.617,66.7,93.3,0,2026-03-10T00:01:58.000Z
"3/9/2026, 7:04:58 PM",3.617,66.6,93.4,0,2026-03-10T00:04:58.000Z
"3/9/2026, 7:07:58 PM",3.617,66.6,93.5,0,2026-03-10T00:07:58.000Z
"3/9/2026, 7:10:58 PM",3.616,66.4,93.5,0,2026-03-10T00:10:58.000Z
"3/9/2026, 7:13:58 PM",3.617,66.2,93.6,0,2026-03-10T00:13:58.000Z
"3/9/2026, 7:16:58 PM",3.616,66,93.7,0,2026-03-10T00:16:58.000Z
"3/9/2026, 7:19:58 PM",3.616,66,93.8,0,2026-03-10T00:19:58.000Z
"3/9/2026, 7:22:58 PM",3.616,65.8,93.9,0,2026-03-10T00:22:58.000Z
"3/9/2026, 7:25:58 PM",3.616,65.7,93.9,0,2026-03-10T00:25:58.000Z
"3/9/2026, 7:28:58 PM",3.616,65.7,94.1,0,2026-03-10T00:28:58.000Z
"3/9/2026, 7:31:58 PM",3.616,65.5,94.1,0,2026-03-10T00:31:58.000Z
"3/9/2026, 7:34:58 PM",3.616,65.5,94.2,0,2026-03-10T00:34:58.000Z
"3/9/2026, 7:37:58 PM",3.616,65.5,94.3,0,2026-03-10T00:37:58.000Z
"3/9/2026, 7:40:58 PM",3.616,65.3,94.4,0,2026-03-10T00:40:58.000Z
"3/9/2026, 7:43:58 PM",3.616,65.3,94.4,0,2026-03-10T00:43:58.000Z
"3/9/2026, 7:46:58 PM",3.616,65.3,94.5,0,2026-03-10T00:46:58.000Z
"3/9/2026, 7:49:58 PM",3.616,65.1,94.5,0,2026-03-10T00:49:58.000Z
"3/9/2026, 7:52:58 PM",3.615,65.1,94.6,0,2026-03-10T00:52:58.000Z
"3/9/2026, 7:55:58 PM",3.615,64.9,94.6,0,2026-03-10T00:55:58.000Z
"3/9/2026, 7:58:58 PM",3.615,64.9,94.6,0,2026-03-10T00:58:58.000Z
"3/9/2026, 8:01:58 PM",3.615,64.9,94.7,0,2026-03-10T01:01:58.000Z
"3/9/2026, 8:04:58 PM",3.616,64.8,94.8,0,2026-03-10T01:04:58.000Z
"3/9/2026, 8:07:58 PM",3.616,64.8,94.8,0,2026-03-10T01:07:58.000Z
"3/9/2026, 8:10:58 PM",3.616,64.8,94.9,0,2026-03-10T01:10:58.000Z
"3/9/2026, 8:13:58 PM",3.615,64.8,95,0,2026-03-10T01:13:58.000Z
"3/9/2026, 8:16:58 PM",3.615,64.6,95,0,2026-03-10T01:16:58.000Z
"3/9/2026, 8:19:58 PM",3.615,64.6,95.1,0,2026-03-10T01:19:58.000Z
"3/9/2026, 8:22:58 PM",3.615,64.6,95.2,0,2026-03-10T01:22:58.000Z
"3/9/2026, 8:25:58 PM",3.615,64.4,95.3,0,2026-03-10T01:25:58.000Z
"3/9/2026, 8:28:58 PM",3.616,64.4,95.3,0,2026-03-10T01:28:58.000Z
"3/9/2026, 8:31:58 PM",3.615,64.2,95.4,0,2026-03-10T01:31:58.000Z
"3/9/2026, 8:34:58 PM",3.615,64.2,95.4,0,2026-03-10T01:34:58.000Z
"3/9/2026, 8:37:58 PM",3.615,64.2,95.5,0,2026-03-10T01:37:58.000Z
"3/9/2026, 8:40:58 PM",3.615,64.2,95.6,0,2026-03-10T01:40:58.000Z
"3/9/2026, 8:43:58 PM",3.615,64,95.6,0,2026-03-10T01:43:58.000Z
"3/9/2026, 8:46:58 PM",3.615,64,95.6,0,2026-03-10T01:46:58.000Z
"3/9/2026, 8:49:58 PM",3.615,64,95.7,0,2026-03-10T01:49:58.000Z
"3/9/2026, 8:52:58 PM",3.615,63.9,95.8,0,2026-03-10T01:52:58.000Z
"3/9/2026, 8:55:58 PM",3.615,63.9,95.9,0,2026-03-10T01:55:58.000Z
"3/9/2026, 8:58:58 PM",3.615,63.9,95.9,0,2026-03-10T01:58:58.000Z
"3/9/2026, 9:01:58 PM",3.614,63.9,96,0,2026-03-10T02:01:58.000Z
"3/9/2026, 9:04:58 PM",3.615,63.7,96,0,2026-03-10T02:04:58.000Z
"3/9/2026, 9:07:58 PM",3.615,63.7,96,0,2026-03-10T02:07:58.000Z
"3/9/2026, 9:10:58 PM",3.614,63.7,96.1,0,2026-03-10T02:10:58.000Z
"3/9/2026, 9:13:58 PM",3.615,63.7,96.1,0,2026-03-10T02:13:58.000Z
"3/9/2026, 9:16:58 PM",3.614,63.5,96.1,0,2026-03-10T02:16:58.000Z
"3/9/2026, 9:19:58 PM",3.614,63.5,96.2,0,2026-03-10T02:19:58.000Z
"3/9/2026, 9:22:58 PM",3.614,63.5,96.3,0,2026-03-10T02:22:58.000Z
"3/9/2026, 9:25:58 PM",3.614,63.5,96.3,0,2026-03-10T02:25:58.000Z
"3/9/2026, 9:28:58 PM",3.614,63.5,96.3,0,2026-03-10T02:28:58.000Z
"3/9/2026, 9:31:58 PM",3.614,63.3,96.4,0,2026-03-10T02:31:58.000Z
"3/9/2026, 9:34:58 PM",3.614,63.3,96.4,0,2026-03-10T02:34:58.000Z
"3/9/2026, 9:37:58 PM",3.614,63.3,96.5,0,2026-03-10T02:37:58.000Z
"3/9/2026, 9:40:58 PM",3.614,63.3,96.6,0,2026-03-10T02:40:58.000Z
"3/9/2026, 9:43:58 PM",3.614,63.1,96.6,0,2026-03-10T02:43:58.000Z
"3/9/2026, 9:46:58 PM",3.614,63.1,96.7,0,2026-03-10T02:46:58.000Z
"3/9/2026, 9:49:58 PM",3.614,63.1,96.7,0,2026-03-10T02:49:58.000Z
"3/9/2026, 9:52:58 PM",3.614,63.1,96.7,0,2026-03-10T02:52:58.000Z
"3/9/2026, 9:55:58 PM",3.614,63,96.8,0,2026-03-10T02:55:58.000Z
"3/9/2026, 9:58:58 PM",3.614,63,96.8,0,2026-03-10T02:58:58.000Z
"3/9/2026, 10:01:58 PM",3.614,63,96.9,0,2026-03-10T03:01:58.000Z
"3/9/2026, 10:04:58 PM",3.614,63,96.9,0,2026-03-10T03:04:58.000Z
"3/9/2026, 10:07:58 PM",3.614,62.8,96.9,0,2026-03-10T03:07:58.000Z
"3/9/2026, 10:10:58 PM",3.614,62.8,97,0,2026-03-10T03:10:58.000Z
"3/9/2026, 10:13:58 PM",3.614,62.8,97,0,2026-03-10T03:13:58.000Z
"3/9/2026, 10:16:58 PM",3.613,62.8,97,0,2026-03-10T03:16:58.000Z
"3/9/2026, 10:19:58 PM",3.614,62.8,97.1,0,2026-03-10T03:19:58.000Z
"3/9/2026, 10:22:58 PM",3.614,62.8,97.1,0,2026-03-10T03:22:58.000Z
"3/9/2026, 10:25:58 PM",3.614,62.8,97.1,0,2026-03-10T03:25:58.000Z
"3/9/2026, 10:28:58 PM",3.614,62.8,97.2,0,2026-03-10T03:28:58.000Z
"3/9/2026, 10:31:58 PM",3.614,62.8,97.2,0,2026-03-10T03:31:58.000Z
"3/9/2026, 10:34:58 PM",3.614,62.8,97.3,0,2026-03-10T03:34:58.000Z
"3/9/2026, 10:37:58 PM",3.614,63,97.3,0,2026-03-10T03:37:58.000Z
"3/9/2026, 10:40:58 PM",3.614,63,97.4,0,2026-03-10T03:40:58.000Z
"3/9/2026, 10:43:58 PM",3.614,63,97.4,0,2026-03-10T03:43:58.000Z
"3/9/2026, 10:46:58 PM",3.614,63.1,97.5,0,2026-03-10T03:46:58.000Z
"3/9/2026, 10:49:58 PM",3.614,63.1,97.5,0,2026-03-10T03:49:58.000Z
"3/9/2026, 10:52:58 PM",3.613,63.1,97.6,0,2026-03-10T03:52:58.000Z
"3/9/2026, 10:55:58 PM",3.613,63.1,97.6,0,2026-03-10T03:55:58.000Z
"3/9/2026, 10:58:58 PM",3.614,63.1,97.7,0,2026-03-10T03:58:58.000Z
"3/9/2026, 11:01:58 PM",3.614,63.1,97.7,0,2026-03-10T04:01:58.000Z
"3/9/2026, 11:04:58 PM",3.614,63.1,97.7,0,2026-03-10T04:04:58.000Z
"3/9/2026, 11:07:58 PM",3.614,63.1,97.8,0,2026-03-10T04:07:58.000Z
"3/9/2026, 11:10:58 PM",3.614,63.3,97.8,0,2026-03-10T04:10:58.000Z
"3/9/2026, 11:13:58 PM",3.614,63.3,97.9,0,2026-03-10T04:13:58.000Z
"3/9/2026, 11:16:58 PM",3.614,63.3,97.9,0,2026-03-10T04:16:58.000Z
"3/9/2026, 11:19:58 PM",3.614,63.3,97.9,0,2026-03-10T04:19:58.000Z
"3/9/2026, 11:22:58 PM",3.614,63.3,98,0,2026-03-10T04:22:58.000Z
"3/9/2026, 11:25:58 PM",3.614,63.5,98,0,2026-03-10T04:25:58.000Z
"3/9/2026, 11:28:58 PM",3.614,63.5,98.1,0,2026-03-10T04:28:58.000Z
"3/9/2026, 11:31:58 PM",3.614,63.5,98.1,0,2026-03-10T04:31:58.000Z
"3/9/2026, 11:34:58 PM",3.614,63.5,98.2,0,2026-03-10T04:34:58.000Z
"3/9/2026, 11:37:58 PM",3.614,63.5,98.2,0,2026-03-10T04:37:58.000Z
"3/9/2026, 11:40:58 PM",3.614,63.5,98.2,0,2026-03-10T04:40:58.000Z
"3/9/2026, 11:43:58 PM",3.614,63.5,98.2,0,2026-03-10T04:43:58.000Z
"3/9/2026, 11:46:58 PM",3.614,63.5,98.3,0,2026-03-10T04:46:58.000Z
"3/9/2026, 11:49:58 PM",3.614,63.5,98.3,0,2026-03-10T04:49:58.000Z
"3/9/2026, 11:52:58 PM",3.614,63.5,98.4,0,2026-03-10T04:52:58.000Z
"3/9/2026, 11:55:58 PM",3.614,63.5,98.4,0,2026-03-10T04:55:58.000Z
"3/9/2026, 11:58:58 PM",3.614,63.5,98.4,0,2026-03-10T04:58:58.000Z
"3/10/2026, 12:01:58 AM",3.614,63.5,98.5,0,2026-03-10T05:01:58.000Z
"3/10/2026, 12:04:58 AM",3.614,63.5,98.5,0,2026-03-10T05:04:58.000Z
"3/10/2026, 12:07:58 AM",3.614,63.5,98.5,0,2026-03-10T05:07:58.000Z
"3/10/2026, 12:10:58 AM",3.614,63.5,98.6,0,2026-03-10T05:10:58.000Z
"3/10/2026, 12:13:58 AM",3.614,63.3,98.5,0,2026-03-10T05:13:58.000Z
"3/10/2026, 12:16:58 AM",3.614,63.3,98.5,0,2026-03-10T05:16:58.000Z
"3/10/2026, 12:19:58 AM",3.614,63.3,98.6,0,2026-03-10T05:19:58.000Z
"3/10/2026, 12:22:58 AM",3.614,63.3,98.6,0,2026-03-10T05:22:58.000Z
"3/10/2026, 12:25:58 AM",3.614,63.3,98.6,0,2026-03-10T05:25:58.000Z
"3/10/2026, 12:28:58 AM",3.613,63.3,98.7,0,2026-03-10T05:28:58.000Z
"3/10/2026, 12:31:58 AM",3.614,63.3,98.7,0,2026-03-10T05:31:58.000Z
"3/10/2026, 12:34:58 AM",3.613,63.3,98.7,0,2026-03-10T05:34:58.000Z
"3/10/2026, 12:37:58 AM",3.613,63.3,98.7,0,2026-03-10T05:37:58.000Z
"3/10/2026, 12:40:58 AM",3.614,63.3,98.8,0,2026-03-10T05:40:58.000Z
"3/10/2026, 12:43:58 AM",3.614,63.3,98.8,0,2026-03-10T05:43:58.000Z
"3/10/2026, 12:46:58 AM",3.614,63.3,98.8,0,2026-03-10T05:46:58.000Z
"3/10/2026, 12:49:58 AM",3.614,63.1,98.9,0,2026-03-10T05:49:58.000Z
"3/10/2026, 12:52:58 AM",3.614,63.1,98.9,0,2026-03-10T05:52:58.000Z
"3/10/2026, 12:55:58 AM",3.614,63.1,98.9,0,2026-03-10T05:55:58.000Z
"3/10/2026, 12:58:58 AM",3.614,63.1,98.9,0,2026-03-10T05:58:58.000Z
"3/10/2026, 1:01:58 AM",3.613,63.1,99,0,2026-03-10T06:01:58.000Z
"3/10/2026, 1:04:58 AM",3.613,63.1,99,0,2026-03-10T06:04:58.000Z
"3/10/2026, 1:07:58 AM",3.614,63.1,99,0,2026-03-10T06:07:58.000Z
"3/10/2026, 1:10:58 AM",3.614,63.1,99,0,2026-03-10T06:10:58.000Z
"3/10/2026, 1:13:58 AM",3.614,63.1,99,0,2026-03-10T06:13:58.000Z
"3/10/2026, 1:16:58 AM",3.614,63.1,99.1,0,2026-03-10T06:16:58.000Z
"3/10/2026, 1:19:58 AM",3.614,63.1,99.1,0,2026-03-10T06:19:58.000Z
"3/10/2026, 1:22:58 AM",3.614,63,99.1,0,2026-03-10T06:22:58.000Z
"3/10/2026, 1:25:58 AM",3.614,63,99.1,0,2026-03-10T06:25:58.000Z
"3/10/2026, 1:28:58 AM",3.614,63,99.1,0,2026-03-10T06:28:58.000Z
"3/10/2026, 1:31:58 AM",3.614,63,99.2,0,2026-03-10T06:31:58.000Z
"3/10/2026, 1:34:58 AM",3.614,63,99.2,0,2026-03-10T06:34:58.000Z
"3/10/2026, 1:37:58 AM",3.614,63.1,99.2,0,2026-03-10T06:37:58.000Z
"3/10/2026, 1:40:58 AM",3.614,63.1,99.2,0,2026-03-10T06:40:58.000Z
"3/10/2026, 1:43:58 AM",3.614,63.1,99.3,0,2026-03-10T06:43:58.000Z
"3/10/2026, 1:46:58 AM",3.614,63.3,99.3,0,2026-03-10T06:46:58.000Z
"3/10/2026, 1:49:58 AM",3.614,63.3,99.3,0,2026-03-10T06:49:58.000Z
"3/10/2026, 1:52:58 AM",3.614,63.3,99.3,0,2026-03-10T06:52:58.000Z
"3/10/2026, 1:55:58 AM",3.613,63.3,99.4,0,2026-03-10T06:55:58.000Z
"3/10/2026, 1:58:58 AM",3.614,63.5,99.4,0,2026-03-10T06:58:58.000Z
"3/10/2026, 2:01:58 AM",3.614,63.5,99.4,0,2026-03-10T07:01:58.000Z
"3/10/2026, 2:04:58 AM",3.614,63.5,99.5,0,2026-03-10T07:04:58.000Z
"3/10/2026, 2:07:58 AM",3.614,63.5,99.5,0,2026-03-10T07:07:58.000Z
"3/10/2026, 2:10:58 AM",3.614,63.5,99.5,0,2026-03-10T07:10:58.000Z
"3/10/2026, 2:13:58 AM",3.614,63.5,99.6,0,2026-03-10T07:13:58.000Z
"3/10/2026, 2:16:58 AM",3.614,63.5,99.6,0,2026-03-10T07:16:58.000Z
"3/10/2026, 2:19:58 AM",3.614,63.5,99.6,0,2026-03-10T07:19:58.000Z
"3/10/2026, 2:22:58 AM",3.614,63.7,99.6,0,2026-03-10T07:22:58.000Z
"3/10/2026, 2:25:58 AM",3.614,63.7,99.6,0,2026-03-10T07:25:58.000Z
"3/10/2026, 2:28:58 AM",3.614,63.7,99.6,0,2026-03-10T07:28:58.000Z
"3/10/2026, 2:31:58 AM",3.614,63.7,99.6,0,2026-03-10T07:31:58.000Z
"3/10/2026, 2:34:58 AM",3.614,63.7,99.6,0,2026-03-10T07:34:58.000Z
"3/10/2026, 2:37:58 AM",3.614,63.7,99.7,0,2026-03-10T07:37:58.000Z
"3/10/2026, 2:40:58 AM",3.614,63.9,99.7,0,2026-03-10T07:40:58.000Z
"3/10/2026, 2:43:58 AM",3.614,63.9,99.8,0,2026-03-10T07:43:58.000Z
"3/10/2026, 2:46:58 AM",3.614,63.9,99.8,0,2026-03-10T07:46:58.000Z
"3/10/2026, 2:49:58 AM",3.614,63.9,99.8,0,2026-03-10T07:49:58.000Z
"3/10/2026, 2:52:58 AM",3.614,63.9,99.8,0,2026-03-10T07:52:58.000Z
"3/10/2026, 2:55:58 AM",3.613,64,99.8,0,2026-03-10T07:55:58.000Z
"3/10/2026, 2:58:58 AM",3.614,64,99.8,0,2026-03-10T07:58:58.000Z
"3/10/2026, 3:01:58 AM",3.614,64,99.9,0,2026-03-10T08:01:58.000Z
"3/10/2026, 3:04:58 AM",3.614,64,99.9,0,2026-03-10T08:04:58.000Z
"3/10/2026, 3:07:58 AM",3.614,64,99.9,0,2026-03-10T08:07:58.000Z
"3/10/2026, 3:10:58 AM",3.614,64.2,99.9,0,2026-03-10T08:10:58.000Z
"3/10/2026, 3:13:58 AM",3.614,64.2,99.9,0,2026-03-10T08:13:58.000Z
"3/10/2026, 3:16:58 AM",3.614,64.2,100,0,2026-03-10T08:16:58.000Z
"3/10/2026, 3:19:58 AM",3.614,64.4,100,0,2026-03-10T08:19:58.000Z
"3/10/2026, 3:22:58 AM",3.614,64.4,100,0,2026-03-10T08:22:58.000Z
"3/10/2026, 3:25:58 AM",3.614,64.4,100,0,2026-03-10T08:25:58.000Z
"3/10/2026, 3:28:58 AM",3.614,64.4,100,0,2026-03-10T08:28:58.000Z
"3/10/2026, 3:31:58 AM",3.614,64.4,100,0,2026-03-10T08:31:58.000Z
"3/10/2026, 3:34:58 AM",3.614,64.4,100,0,2026-03-10T08:34:58.000Z
"3/10/2026, 3:37:58 AM",3.614,64.4,100,0,2026-03-10T08:37:58.000Z
"3/10/2026, 3:40:58 AM",3.614,64.4,100,0,2026-03-10T08:40:58.000Z
"3/10/2026, 3:43:58 AM",3.614,64.4,100,0,2026-03-10T08:43:58.000Z
"3/10/2026, 3:46:58 AM",3.614,64.4,100,0,2026-03-10T08:46:58.000Z
"3/10/2026, 3:49:58 AM",3.614,64.4,100,0,2026-03-10T08:49:58.000Z
"3/10/2026, 3:52:58 AM",3.614,64.4,100,0,2026-03-10T08:52:58.000Z
"3/10/2026, 3:55:58 AM",3.614,64.4,100,0,2026-03-10T08:55:58.000Z
"3/10/2026, 3:58:58 AM",3.614,64.4,100,0,2026-03-10T08:58:58.000Z
"3/10/2026, 4:01:58 AM",3.614,64.4,100,0,2026-03-10T09:01:58.000Z
"3/10/2026, 4:04:58 AM",3.614,64.4,100,0,2026-03-10T09:04:58.000Z
"3/10/2026, 4:07:58 AM",3.614,64.4,100,0,2026-03-10T09:07:58.000Z
"3/10/2026, 4:10:58 AM",3.614,64.4,100,0,2026-03-10T09:10:58.000Z
"3/10/2026, 4:13:58 AM",3.614,64.6,100,0,2026-03-10T09:13:58.000Z
"3/10/2026, 4:16:58 AM",3.614,64.6,100,0,2026-03-10T09:16:58.000Z
"3/10/2026, 4:19:58 AM",3.614,64.6,100,0,2026-03-10T09:19:58.000Z
"3/10/2026, 4:22:58 AM",3.614,64.6,100,0,2026-03-10T09:22:58.000Z
"3/10/2026, 4:25:58 AM",3.615,64.6,100,0,2026-03-10T09:25:58.000Z
"3/10/2026, 4:28:58 AM",3.614,64.6,100,0,2026-03-10T09:28:58.000Z
"3/10/2026, 4:31:58 AM",3.614,64.6,100,0,2026-03-10T09:31:58.000Z
"3/10/2026, 4:34:58 AM",3.614,64.6,100,0,2026-03-10T09:34:58.000Z
"3/10/2026, 4:37:58 AM",3.614,64.6,100,0,2026-03-10T09:37:58.000Z
"3/10/2026, 4:40:58 AM",3.614,64.6,100,0,2026-03-10T09:40:58.000Z
"3/10/2026, 4:43:58 AM",3.614,64.6,100,0,2026-03-10T09:43:58.000Z
"3/10/2026, 4:46:58 AM",3.614,64.6,100,0,2026-03-10T09:46:58.000Z
"3/10/2026, 4:49:58 AM",3.614,64.6,100,0,2026-03-10T09:49:58.000Z
"3/10/2026, 4:52:58 AM",3.614,64.6,100,0,2026-03-10T09:52:58.000Z
"3/10/2026, 4:55:58 AM",3.614,64.8,100,0,2026-03-10T09:55:58.000Z
"3/10/2026, 4:58:58 AM",3.614,64.6,100,0,2026-03-10T09:58:58.000Z
"3/10/2026, 5:01:58 AM",3.614,64.8,100,0,2026-03-10T10:01:58.000Z
"3/10/2026, 5:04:58 AM",3.614,64.8,100,0,2026-03-10T10:04:58.000Z
"3/10/2026, 5:07:58 AM",3.614,64.8,100,0,2026-03-10T10:07:58.000Z
"3/10/2026, 5:10:58 AM",3.614,64.8,100,0,2026-03-10T10:10:58.000Z
"3/10/2026, 5:13:58 AM",3.614,64.8,100,0,2026-03-10T10:13:58.000Z
"3/10/2026, 5:16:58 AM",3.614,64.8,100,0,2026-03-10T10:16:58.000Z
"3/10/2026, 5:19:58 AM",3.614,64.8,100,0,2026-03-10T10:19:58.000Z
"3/10/2026, 5:22:58 AM",3.614,64.8,100,0,2026-03-10T10:22:58.000Z
"3/10/2026, 5:25:58 AM",3.614,64.8,100,0,2026-03-10T10:25:58.000Z
"3/10/2026, 5:28:58 AM",3.614,64.8,100,0,2026-03-10T10:28:58.000Z
"3/10/2026, 5:31:58 AM",3.614,64.8,100,0,2026-03-10T10:31:58.000Z
"3/10/2026, 5:34:58 AM",3.614,64.8,100,0,2026-03-10T10:34:58.000Z
"3/10/2026, 5:37:58 AM",3.615,64.8,100,0,2026-03-10T10:37:58.000Z
"3/10/2026, 5:40:58 AM",3.614,64.8,100,0,2026-03-10T10:40:58.000Z
"3/10/2026, 5:43:58 AM",3.614,64.8,100,0,2026-03-10T10:43:58.000Z
"3/10/2026, 5:46:58 AM",3.614,64.8,100,0,2026-03-10T10:46:58.000Z
"3/10/2026, 5:49:58 AM",3.614,64.8,100,0,2026-03-10T10:49:58.000Z
"3/10/2026, 5:52:58 AM",3.614,64.8,100,0,2026-03-10T10:52:58.000Z
"3/10/2026, 5:55:58 AM",3.614,64.8,100,0,2026-03-10T10:55:58.000Z
"3/10/2026, 5:58:58 AM",3.614,64.8,100,0,2026-03-10T10:58:58.000Z
"3/10/2026, 6:01:58 AM",3.615,64.8,100,0,2026-03-10T11:01:58.000Z
"3/10/2026, 6:04:58 AM",3.614,64.8,100,0,2026-03-10T11:04:58.000Z
"3/10/2026, 6:07:58 AM",3.614,64.8,100,0,2026-03-10T11:07:58.000Z
"3/10/2026, 6:10:58 AM",3.614,64.8,100,0,2026-03-10T11:10:58.000Z
"3/10/2026, 6:13:58 AM",3.615,64.8,100,0,2026-03-10T11:13:58.000Z
"3/10/2026, 6:16:58 AM",3.614,64.8,100,0,2026-03-10T11:16:58.000Z
"3/10/2026, 6:19:58 AM",3.614,64.8,100,0,2026-03-10T11:19:58.000Z
"3/10/2026, 6:22:58 AM",3.614,64.8,100,0,2026-03-10T11:22:58.000Z
"3/10/2026, 6:25:58 AM",3.614,64.6,100,0,2026-03-10T11:25:58.000Z
"3/10/2026, 6:28:58 AM",3.614,64.6,100,0,2026-03-10T11:28:58.000Z
"3/10/2026, 6:31:58 AM",3.615,64.6,100,0,2026-03-10T11:31:58.000Z
"3/10/2026, 6:34:58 AM",3.614,64.6,100,0,2026-03-10T11:34:58.000Z
"3/10/2026, 6:37:58 AM",3.614,64.6,100,0,2026-03-10T11:37:58.000Z
"3/10/2026, 6:40:58 AM",3.614,64.6,100,0,2026-03-10T11:40:58.000Z
"3/10/2026, 6:43:58 AM",3.614,64.6,100,0,2026-03-10T11:43:58.000Z
"3/10/2026, 6:46:58 AM",3.614,64.6,100,0,2026-03-10T11:46:58.000Z
"3/10/2026, 6:49:58 AM",3.614,64.6,100,0,2026-03-10T11:49:58.000Z
"3/10/2026, 6:52:58 AM",3.614,64.6,100,0,2026-03-10T11:52:58.000Z
"3/10/2026, 6:55:58 AM",3.614,64.6,100,0,2026-03-10T11:55:58.000Z
"3/10/2026, 6:58:58 AM",3.614,64.6,100,0,2026-03-10T11:58:58.000Z
"3/10/2026, 7:01:58 AM",3.614,64.6,100,0,2026-03-10T12:01:58.000Z
"3/10/2026, 7:04:58 AM",3.614,64.8,100,0,2026-03-10T12:04:58.000Z
"3/10/2026, 7:07:58 AM",3.614,64.6,100,0,2026-03-10T12:07:58.000Z
"3/10/2026, 7:10:58 AM",3.614,64.6,100,0,2026-03-10T12:10:58.000Z
"3/10/2026, 7:13:58 AM",3.615,64.6,100,0,2026-03-10T12:13:58.000Z
"3/10/2026, 7:16:58 AM",3.615,64.6,100,0,2026-03-10T12:16:58.000Z
"3/10/2026, 7:19:58 AM",3.614,64.6,100,0,2026-03-10T12:19:58.000Z
"3/10/2026, 7:22:58 AM",3.614,64.8,100,0,2026-03-10T12:22:58.000Z
"3/10/2026, 7:25:58 AM",3.614,64.8,100,0,2026-03-10T12:25:58.000Z
"3/10/2026, 7:28:58 AM",3.614,64.8,100,0,2026-03-10T12:28:58.000Z
"3/10/2026, 7:31:58 AM",3.615,64.8,100,0,2026-03-10T12:31:58.000Z
"3/10/2026, 7:34:58 AM",3.614,64.8,100,0,2026-03-10T12:34:58.000Z
"3/10/2026, 7:37:58 AM",3.614,64.8,100,0,2026-03-10T12:37:58.000Z
"3/10/2026, 7:40:58 AM",3.615,64.8,100,0,2026-03-10T12:40:58.000Z
"3/10/2026, 7:43:58 AM",3.614,64.8,100,0,2026-03-10T12:43:58.000Z
"3/10/2026, 7:46:58 AM",3.615,64.8,100,0,2026-03-10T12:46:58.000Z
"3/10/2026, 7:49:58 AM",3.614,64.9,100,0,2026-03-10T12:49:58.000Z
"3/10/2026, 7:52:58 AM",3.614,64.9,100,0,2026-03-10T12:52:58.000Z
"3/10/2026, 7:55:58 AM",3.614,64.9,100,0,2026-03-10T12:55:58.000Z
"3/10/2026, 7:58:58 AM",3.614,64.9,100,0,2026-03-10T12:58:58.000Z
"3/10/2026, 8:01:58 AM",3.614,64.9,100,0,2026-03-10T13:01:58.000Z
"3/10/2026, 8:04:58 AM",3.614,65.1,100,0,2026-03-10T13:04:58.000Z
"3/10/2026, 8:07:58 AM",3.614,65.1,100,0,2026-03-10T13:07:58.000Z
"3/10/2026, 8:10:58 AM",3.614,65.1,100,0,2026-03-10T13:10:58.000Z
"3/10/2026, 8:13:58 AM",3.615,65.3,100,0,2026-03-10T13:13:58.000Z
"3/10/2026, 8:16:58 AM",3.614,65.3,100,0,2026-03-10T13:16:58.000Z
"3/10/2026, 8:19:58 AM",3.614,65.5,100,0,2026-03-10T13:19:58.000Z
"3/10/2026, 8:22:58 AM",3.615,65.5,100,0,2026-03-10T13:22:58.000Z
"3/10/2026, 8:25:58 AM",3.614,65.7,100,0,2026-03-10T13:25:58.000Z
"3/10/2026, 8:28:58 AM",3.614,65.7,100,0,2026-03-10T13:28:58.000Z
"3/10/2026, 8:31:58 AM",3.615,65.8,100,0,2026-03-10T13:31:58.000Z
"3/10/2026, 8:34:58 AM",3.614,66,100,0,2026-03-10T13:34:58.000Z
"3/10/2026, 8:37:58 AM",3.615,66.2,100,0,2026-03-10T13:37:58.000Z
"3/10/2026, 8:40:58 AM",3.615,66.4,100,0,2026-03-10T13:40:58.000Z
"3/10/2026, 8:43:58 AM",3.614,66.6,100,0,2026-03-10T13:43:58.000Z
"3/10/2026, 8:46:58 AM",3.615,66.7,100,0,2026-03-10T13:46:58.000Z
"3/10/2026, 8:49:58 AM",3.615,66.7,100,0,2026-03-10T13:49:58.000Z
"3/10/2026, 8:52:58 AM",3.615,66.9,100,0,2026-03-10T13:52:58.000Z
"3/10/2026, 8:55:58 AM",3.615,67.1,100,0,2026-03-10T13:55:58.000Z
"3/10/2026, 8:58:58 AM",3.615,67.1,100,0,2026-03-10T13:58:58.000Z
"3/10/2026, 9:01:58 AM",3.615,67.1,100,0,2026-03-10T14:01:58.000Z
"3/10/2026, 9:04:58 AM",3.615,67.3,100,0,2026-03-10T14:04:58.000Z
"3/10/2026, 9:07:58 AM",3.615,67.3,100,0,2026-03-10T14:07:58.000Z
"3/10/2026, 9:10:58 AM",3.615,67.3,100,0,2026-03-10T14:10:58.000Z
"3/10/2026, 9:13:58 AM",3.615,67.3,100,0,2026-03-10T14:13:58.000Z
"3/10/2026, 9:16:58 AM",3.615,67.5,100,0,2026-03-10T14:16:58.000Z
"3/10/2026, 9:19:58 AM",3.615,67.5,100,0,2026-03-10T14:19:58.000Z
"3/10/2026, 9:22:58 AM",3.615,67.6,100,0,2026-03-10T14:22:58.000Z
"3/10/2026, 9:25:58 AM",3.615,67.8,100,0,2026-03-10T14:25:58.000Z
"3/10/2026, 9:28:58 AM",3.616,67.8,100,0,2026-03-10T14:28:58.000Z
"3/10/2026, 9:31:58 AM",3.616,68,100,0,2026-03-10T14:31:58.000Z
"3/10/2026, 9:34:58 AM",3.615,68,100,0,2026-03-10T14:34:58.000Z
"3/10/2026, 9:37:58 AM",3.615,68,100,0,2026-03-10T14:37:58.000Z
"3/10/2026, 9:40:58 AM",3.616,68.2,100,0,2026-03-10T14:40:58.000Z
"3/10/2026, 9:43:58 AM",3.615,68.2,100,0,2026-03-10T14:43:58.000Z
"3/10/2026, 9:46:58 AM",3.616,68.4,100,0,2026-03-10T14:46:58.000Z
"3/10/2026, 9:49:58 AM",3.615,68.4,100,0,2026-03-10T14:49:58.000Z
"3/10/2026, 9:52:58 AM",3.616,68.5,100,0,2026-03-10T14:52:58.000Z
"3/10/2026, 9:55:58 AM",3.616,68.5,100,0,2026-03-10T14:55:58.000Z
"3/10/2026, 9:58:58 AM",3.616,68.7,100,0,2026-03-10T14:58:58.000Z
"3/10/2026, 10:01:58 AM",3.616,68.7,100,0,2026-03-10T15:01:58.000Z
"3/10/2026, 10:04:58 AM",3.616,68.9,100,0,2026-03-10T15:04:58.000Z
"3/10/2026, 10:07:58 AM",3.616,68.9,100,0,2026-03-10T15:07:58.000Z
"3/10/2026, 10:10:58 AM",3.616,68.9,100,0,2026-03-10T15:10:58.000Z
"3/10/2026, 10:13:58 AM",3.616,68.9,100,0,2026-03-10T15:13:58.000Z
"3/10/2026, 10:16:58 AM",3.616,68.7,100,0,2026-03-10T15:16:58.000Z
"3/10/2026, 10:19:58 AM",3.616,68.7,100,0,2026-03-10T15:19:58.000Z
"3/10/2026, 10:22:58 AM",3.616,68.9,100,0,2026-03-10T15:22:58.000Z
"3/10/2026, 10:25:58 AM",3.616,68.9,100,0,2026-03-10T15:25:58.000Z
"3/10/2026, 10:28:58 AM",3.616,68.9,100,0,2026-03-10T15:28:58.000Z
"3/10/2026, 10:31:58 AM",3.616,68.9,100,0,2026-03-10T15:31:58.000Z
"3/10/2026, 10:34:58 AM",3.616,68.9,100,0,2026-03-10T15:34:58.000Z
"3/10/2026, 10:37:58 AM",3.616,69.1,100,0,2026-03-10T15:37:58.000Z
"3/10/2026, 10:40:58 AM",3.616,69.1,100,0,2026-03-10T15:40:58.000Z
"3/10/2026, 10:43:58 AM",3.616,69.1,100,0,2026-03-10T15:43:58.000Z
"3/10/2026, 10:46:58 AM",3.616,69.1,100,0,2026-03-10T15:46:58.000Z
"3/10/2026, 10:49:58 AM",3.616,69.3,100,0,2026-03-10T15:49:58.000Z
"3/10/2026, 10:52:58 AM",3.616,69.3,100,0,2026-03-10T15:52:58.000Z
"3/10/2026, 10:55:58 AM",3.617,69.4,100,0,2026-03-10T15:55:58.000Z
"3/10/2026, 10:58:58 AM",3.616,69.4,100,0,2026-03-10T15:58:58.000Z
"3/10/2026, 11:01:58 AM",3.617,69.6,100,0,2026-03-10T16:01:58.000Z
"3/10/2026, 11:04:58 AM",3.617,69.8,100,0,2026-03-10T16:04:58.000Z
"3/10/2026, 11:07:58 AM",3.617,70,100,0,2026-03-10T16:07:58.000Z
"3/10/2026, 11:10:58 AM",3.617,70.3,100,0,2026-03-10T16:10:58.000Z
"3/10/2026, 11:13:58 AM",3.617,70.5,100,0,2026-03-10T16:13:58.000Z
"3/10/2026, 11:16:58 AM",3.617,70.7,100,0,2026-03-10T16:16:58.000Z
"3/10/2026, 11:19:58 AM",3.617,71.1,100,0,2026-03-10T16:19:58.000Z
"3/10/2026, 11:22:58 AM",3.617,71.4,100,0,2026-03-10T16:22:58.000Z
"3/10/2026, 11:25:58 AM",3.616,71.6,100,0,2026-03-10T16:25:58.000Z
"3/10/2026, 11:28:58 AM",3.617,71.8,100,0,2026-03-10T16:28:58.000Z
"3/10/2026, 11:31:58 AM",3.617,72,100,0,2026-03-10T16:31:58.000Z
"3/10/2026, 11:34:58 AM",3.617,72.1,100,0,2026-03-10T16:34:58.000Z
"3/10/2026, 11:37:58 AM",3.617,72.1,100,0,2026-03-10T16:37:58.000Z
"3/10/2026, 11:40:58 AM",3.618,72.3,100,0,2026-03-10T16:40:58.000Z
"3/10/2026, 11:43:58 AM",3.618,72.7,100,0,2026-03-10T16:43:58.000Z
"3/10/2026, 11:46:58 AM",3.618,72.7,100,0,2026-03-10T16:46:58.000Z
"3/10/2026, 11:49:58 AM",3.617,72.9,100,0,2026-03-10T16:49:58.000Z
"3/10/2026, 11:52:58 AM",3.617,73,100,0,2026-03-10T16:52:58.000Z
"3/10/2026, 11:55:58 AM",3.618,73.2,100,0,2026-03-10T16:55:58.000Z
"3/10/2026, 11:58:58 AM",3.618,73.4,100,0,2026-03-10T16:58:58.000Z
"3/10/2026, 12:01:58 PM",3.618,73.6,100,0,2026-03-10T17:01:58.000Z
"3/10/2026, 12:04:58 PM",3.618,73.9,100,0,2026-03-10T17:04:58.000Z
"3/10/2026, 12:07:58 PM",3.618,74.3,99.9,0,2026-03-10T17:07:58.000Z
"3/10/2026, 12:10:58 PM",3.618,74.8,99.9,0,2026-03-10T17:10:58.000Z
"3/10/2026, 12:13:58 PM",3.618,75.2,99.8,0,2026-03-10T17:13:58.000Z
"3/10/2026, 12:16:58 PM",3.618,75.4,99.7,0,2026-03-10T17:16:58.000Z
"3/10/2026, 12:19:58 PM",3.618,75.4,99.6,0,2026-03-10T17:19:58.000Z
"3/10/2026, 12:22:58 PM",3.618,75.4,99.5,0,2026-03-10T17:22:58.000Z
"3/10/2026, 12:25:58 PM",3.619,75.6,99.4,0,2026-03-10T17:25:58.000Z
"3/10/2026, 12:28:58 PM",3.619,75.6,99.3,0,2026-03-10T17:28:58.000Z
"3/10/2026, 12:31:58 PM",3.619,75.7,99.2,0,2026-03-10T17:31:58.000Z
"3/10/2026, 12:34:58 PM",3.619,76.1,99.1,0,2026-03-10T17:34:58.000Z
"3/10/2026, 12:37:58 PM",3.619,76.3,99,0,2026-03-10T17:37:58.000Z
"3/10/2026, 12:40:58 PM",3.619,76.3,98.8,0,2026-03-10T17:40:58.000Z
"3/10/2026, 12:43:58 PM",3.619,76.3,98.7,0,2026-03-10T17:43:58.000Z
"3/10/2026, 12:46:58 PM",3.619,76.3,98.6,0,2026-03-10T17:46:58.000Z
"3/10/2026, 12:49:58 PM",3.619,76.3,98.4,0,2026-03-10T17:49:58.000Z
"3/10/2026, 12:52:58 PM",3.619,76.5,98.3,0,2026-03-10T17:52:58.000Z
"3/10/2026, 12:55:58 PM",3.619,76.6,98.2,0,2026-03-10T17:55:58.000Z
"3/10/2026, 12:58:58 PM",3.62,76.8,98.1,0,2026-03-10T17:58:58.000Z
"3/10/2026, 1:01:58 PM",3.62,77,98,0,2026-03-10T18:01:58.000Z
"3/10/2026, 1:04:58 PM",3.62,77.4,97.8,0,2026-03-10T18:04:58.000Z
"3/10/2026, 1:07:58 PM",3.62,77.5,97.6,0,2026-03-10T18:07:58.000Z
"3/10/2026, 1:10:58 PM",3.62,77.9,97.5,0,2026-03-10T18:10:58.000Z
"3/10/2026, 1:13:58 PM",3.62,78.1,97.4,0,2026-03-10T18:13:58.000Z
"3/10/2026, 1:16:58 PM",3.62,78.4,97.2,0,2026-03-10T18:16:58.000Z
"3/10/2026, 1:19:58 PM",3.62,78.6,97,0,2026-03-10T18:19:58.000Z
"3/10/2026, 1:22:58 PM",3.62,78.6,96.8,0,2026-03-10T18:22:58.000Z
"3/10/2026, 1:25:58 PM",3.62,78.8,96.6,0,2026-03-10T18:25:58.000Z
"3/10/2026, 1:28:58 PM",3.62,79,96.5,0,2026-03-10T18:28:58.000Z
"3/10/2026, 1:31:58 PM",3.62,79,96.3,0,2026-03-10T18:31:58.000Z
"3/10/2026, 1:34:58 PM",3.62,79,96.1,0,2026-03-10T18:34:58.000Z
"3/10/2026, 1:37:58 PM",3.62,79,95.9,0,2026-03-10T18:37:58.000Z
"3/10/2026, 1:40:58 PM",3.62,79,95.7,0,2026-03-10T18:40:58.000Z
"3/10/2026, 1:43:58 PM",3.621,78.8,95.5,0,2026-03-10T18:43:58.000Z
"3/10/2026, 1:46:58 PM",3.621,78.6,95.3,0,2026-03-10T18:46:58.000Z
"3/10/2026, 1:49:58 PM",3.62,78.6,95.1,0,2026-03-10T18:49:58.000Z
"3/10/2026, 1:52:58 PM",3.621,78.6,94.9,0,2026-03-10T18:52:58.000Z
"3/10/2026, 1:55:58 PM",3.621,78.4,94.7,0,2026-03-10T18:55:58.000Z
"3/10/2026, 1:58:58 PM",3.621,78.4,94.6,0,2026-03-10T18:58:58.000Z
"3/10/2026, 2:01:58 PM",3.621,78.4,94.4,0,2026-03-10T19:01:58.000Z
"3/10/2026, 2:04:58 PM",3.621,78.3,94.2,0,2026-03-10T19:04:58.000Z
"3/10/2026, 2:07:58 PM",3.621,78.3,94.1,0,2026-03-10T19:07:58.000Z
"3/10/2026, 2:10:58 PM",3.621,78.3,93.9,0,2026-03-10T19:10:58.000Z
"3/10/2026, 2:13:58 PM",3.621,78.1,93.8,0,2026-03-10T19:13:58.000Z
"3/10/2026, 2:16:58 PM",3.621,78.1,93.7,0,2026-03-10T19:16:58.000Z
"3/10/2026, 2:19:58 PM",3.621,78.1,93.5,0,2026-03-10T19:19:58.000Z
"3/10/2026, 2:22:58 PM",3.621,78.1,93.4,0,2026-03-10T19:22:58.000Z
"3/10/2026, 2:25:58 PM",3.621,78.1,93.2,0,2026-03-10T19:25:58.000Z
"3/10/2026, 2:28:58 PM",3.621,78.1,93,0,2026-03-10T19:28:58.000Z
"3/10/2026, 2:31:58 PM",3.621,78.3,92.9,0,2026-03-10T19:31:58.000Z
"3/10/2026, 2:34:58 PM",3.621,78.4,92.8,0,2026-03-10T19:34:58.000Z
"3/10/2026, 2:37:58 PM",3.621,78.6,92.6,0,2026-03-10T19:37:58.000Z
"3/10/2026, 2:40:58 PM",3.621,79,92.5,0,2026-03-10T19:40:58.000Z
"3/10/2026, 2:43:58 PM",3.621,79,92.3,0,2026-03-10T19:43:58.000Z
"3/10/2026, 2:46:58 PM",3.621,79.2,92.2,0,2026-03-10T19:46:58.000Z
"3/10/2026, 2:49:58 PM",3.621,79.3,92,0,2026-03-10T19:49:58.000Z
"3/10/2026, 2:52:58 PM",3.621,79.5,91.8,0,2026-03-10T19:52:58.000Z
"3/10/2026, 2:55:58 PM",3.621,79.7,91.6,0,2026-03-10T19:55:58.000Z
"3/10/2026, 2:58:58 PM",3.621,79.9,91.5,0,2026-03-10T19:58:58.000Z
"3/10/2026, 3:01:58 PM",3.621,79.9,91.3,0,2026-03-10T20:01:58.000Z
"3/10/2026, 3:04:58 PM",3.622,80.1,91.1,0,2026-03-10T20:04:58.000Z
"3/10/2026, 3:07:58 PM",3.622,80.2,90.9,0,2026-03-10T20:07:58.000Z
"3/10/2026, 3:10:58 PM",3.622,80.4,90.8,0,2026-03-10T20:10:58.000Z
"3/10/2026, 3:13:58 PM",3.621,80.6,90.6,0,2026-03-10T20:13:58.000Z
"3/10/2026, 3:16:58 PM",3.622,80.6,90.5,0,2026-03-10T20:16:58.000Z
"3/10/2026, 3:19:58 PM",3.622,80.8,90.2,0,2026-03-10T20:19:58.000Z
"3/10/2026, 3:22:58 PM",3.622,80.8,90.1,0,2026-03-10T20:22:58.000Z
"3/10/2026, 3:25:58 PM",3.622,81,89.9,0,2026-03-10T20:25:58.000Z
"3/10/2026, 3:28:58 PM",3.622,81,89.8,0,2026-03-10T20:28:58.000Z
"3/10/2026, 3:31:58 PM",3.621,81.1,89.6,0,2026-03-10T20:31:58.000Z
"3/10/2026, 3:34:58 PM",3.622,81.1,89.5,0,2026-03-10T20:34:58.000Z
"3/10/2026, 3:37:58 PM",3.622,81.1,89.3,0,2026-03-10T20:37:58.000Z
"3/10/2026, 3:40:58 PM",3.622,81.1,89.1,0,2026-03-10T20:40:58.000Z
"3/10/2026, 3:43:58 PM",3.622,81.1,89,0,2026-03-10T20:43:58.000Z
"3/10/2026, 3:46:58 PM",3.622,81,88.9,0,2026-03-10T20:46:58.000Z
"3/10/2026, 3:49:58 PM",3.622,81,88.8,0,2026-03-10T20:49:58.000Z
"3/10/2026, 3:52:58 PM",3.622,81,88.7,0,2026-03-10T20:52:58.000Z
"3/10/2026, 3:55:58 PM",3.622,81,88.5,0,2026-03-10T20:55:58.000Z
"3/10/2026, 3:58:58 PM",3.622,81,88.4,0,2026-03-10T20:58:58.000Z
"3/10/2026, 4:01:58 PM",3.622,81,88.2,0,2026-03-10T21:01:58.000Z
"3/10/2026, 4:04:58 PM",3.622,81.1,88,0,2026-03-10T21:04:58.000Z
"3/10/2026, 4:07:58 PM",3.622,81.1,87.8,0,2026-03-10T21:07:58.000Z
"3/10/2026, 4:10:58 PM",3.622,81.1,87.7,0,2026-03-10T21:10:58.000Z
"3/10/2026, 4:13:58 PM",3.622,81,87.4,0,2026-03-10T21:13:58.000Z
"3/10/2026, 4:16:58 PM",3.623,80.8,87.3,0,2026-03-10T21:16:58.000Z
"3/10/2026, 4:19:58 PM",3.622,80.6,87.1,0,2026-03-10T21:19:58.000Z
"3/10/2026, 4:22:58 PM",3.622,80.4,87,0,2026-03-10T21:22:58.000Z
"3/10/2026, 4:25:58 PM",3.622,80.2,86.9,0,2026-03-10T21:25:58.000Z
"3/10/2026, 4:28:58 PM",3.622,80.2,86.8,0,2026-03-10T21:28:58.000Z
"3/10/2026, 4:31:58 PM",3.622,80.2,86.7,0,2026-03-10T21:31:58.000Z
"3/10/2026, 4:34:58 PM",3.622,80.1,86.7,0,2026-03-10T21:34:58.000Z
"3/10/2026, 4:37:58 PM",3.622,80.1,86.5,0,2026-03-10T21:37:58.000Z
"3/10/2026, 4:40:58 PM",3.622,80.1,86.4,0,2026-03-10T21:40:58.000Z
"3/10/2026, 4:43:58 PM",3.622,80.1,86.3,0,2026-03-10T21:43:58.000Z
"3/10/2026, 4:46:58 PM",3.622,79.9,86.2,0,2026-03-10T21:46:58.000Z
"3/10/2026, 4:49:58 PM",3.622,79.7,86.1,0,2026-03-10T21:49:58.000Z
"3/10/2026, 4:52:58 PM",3.622,79.3,86,0,2026-03-10T21:52:58.000Z
"3/10/2026, 4:55:58 PM",3.622,79.2,86,0,2026-03-10T21:55:58.000Z
"3/10/2026, 4:58:58 PM",3.622,79,85.9,0,2026-03-10T21:58:58.000Z
"3/10/2026, 5:01:58 PM",3.622,79,85.9,0,2026-03-10T22:01:58.000Z
"3/10/2026, 5:04:58 PM",3.622,78.8,85.8,0,2026-03-10T22:04:58.000Z
"3/10/2026, 5:07:58 PM",3.622,78.6,85.8,0,2026-03-10T22:07:58.000Z
"3/10/2026, 5:10:58 PM",3.622,78.3,85.8,0,2026-03-10T22:10:58.000Z
"3/10/2026, 5:13:58 PM",3.622,78.1,85.7,0,2026-03-10T22:13:58.000Z
"3/10/2026, 5:16:58 PM",3.622,77.7,85.7,0,2026-03-10T22:16:58.000Z
"3/10/2026, 5:19:58 PM",3.622,77.5,85.7,0,2026-03-10T22:19:58.000Z
"3/10/2026, 5:22:58 PM",3.622,77.4,85.7,0,2026-03-10T22:22:58.000Z
"3/10/2026, 5:25:58 PM",3.622,77.2,85.8,0,2026-03-10T22:25:58.000Z
"3/10/2026, 5:28:58 PM",3.622,77,85.9,0,2026-03-10T22:28:58.000Z
"3/10/2026, 5:31:58 PM",3.622,76.8,85.9,0,2026-03-10T22:31:58.000Z
"3/10/2026, 5:34:58 PM",3.622,76.6,86,0,2026-03-10T22:34:58.000Z
"3/10/2026, 5:37:58 PM",3.622,76.5,86,0,2026-03-10T22:37:58.000Z
"3/10/2026, 5:40:58 PM",3.621,76.3,86.1,0,2026-03-10T22:40:58.000Z
"3/10/2026, 5:43:58 PM",3.622,75.9,86.2,0,2026-03-10T22:43:58.000Z
"3/10/2026, 5:46:58 PM",3.622,75.7,86.3,0,2026-03-10T22:46:58.000Z
"3/10/2026, 5:49:58 PM",3.622,75.6,86.4,0,2026-03-10T22:49:58.000Z
"3/10/2026, 5:52:58 PM",3.621,75.4,86.4,0,2026-03-10T22:52:58.000Z
"3/10/2026, 5:55:58 PM",3.622,75,86.5,0,2026-03-10T22:55:58.000Z
"3/10/2026, 5:58:58 PM",3.622,74.8,86.7,0,2026-03-10T22:58:58.000Z
"3/10/2026, 6:01:58 PM",3.622,74.7,86.8,0,2026-03-10T23:01:58.000Z
"3/10/2026, 6:04:58 PM",3.621,74.5,86.9,0,2026-03-10T23:04:58.000Z
"3/10/2026, 6:07:58 PM",3.621,74.3,87,0,2026-03-10T23:07:58.000Z
"3/10/2026, 6:10:58 PM",3.622,74.1,87.2,0,2026-03-10T23:10:58.000Z
"3/10/2026, 6:13:58 PM",3.621,73.9,87.3,0,2026-03-10T23:13:58.000Z
"3/10/2026, 6:16:58 PM",3.621,73.8,87.5,0,2026-03-10T23:16:58.000Z
"3/10/2026, 6:19:58 PM",3.621,73.6,87.6,0,2026-03-10T23:19:58.000Z
"3/10/2026, 6:22:58 PM",3.621,73.4,87.8,0,2026-03-10T23:22:58.000Z
"3/10/2026, 6:25:58 PM",3.621,73,88,0,2026-03-10T23:25:58.000Z
"3/10/2026, 6:28:58 PM",3.621,73,88.2,0,2026-03-10T23:28:58.000Z
"3/10/2026, 6:31:58 PM",3.621,72.9,88.3,0,2026-03-10T23:31:58.000Z
"3/10/2026, 6:34:58 PM",3.621,72.7,88.5,0,2026-03-10T23:34:58.000Z
"3/10/2026, 6:37:58 PM",3.621,72.5,88.6,0,2026-03-10T23:37:58.000Z
"3/10/2026, 6:40:58 PM",3.621,72.3,88.8,0,2026-03-10T23:40:58.000Z
"3/10/2026, 6:43:58 PM",3.621,72.1,89,0,2026-03-10T23:43:58.000Z
"3/10/2026, 6:46:58 PM",3.621,72,89.1,0,2026-03-10T23:46:58.000Z
"3/10/2026, 6:49:58 PM",3.621,71.8,89.3,0,2026-03-10T23:49:58.000Z
"3/10/2026, 6:52:58 PM",3.62,71.6,89.4,0,2026-03-10T23:52:58.000Z
"3/10/2026, 6:55:58 PM",3.62,71.4,89.5,0,2026-03-10T23:55:58.000Z
"3/10/2026, 6:58:58 PM",3.62,71.2,89.6,0,2026-03-10T23:58:58.000Z
"3/10/2026, 7:01:58 PM",3.62,71.1,89.8,0,2026-03-11T00:01:58.000Z
"3/10/2026, 7:04:58 PM",3.62,70.9,89.9,0,2026-03-11T00:04:58.000Z
"3/10/2026, 7:07:58 PM",3.62,70.7,90,0,2026-03-11T00:07:58.000Z
"3/10/2026, 7:10:58 PM",3.62,70.5,90.1,0,2026-03-11T00:10:58.000Z
"3/10/2026, 7:13:58 PM",3.62,70.5,90.2,0,2026-03-11T00:13:58.000Z
"3/10/2026, 7:16:58 PM",3.62,70.3,90.3,0,2026-03-11T00:16:58.000Z
"3/10/2026, 7:19:58 PM",3.62,70.2,90.4,0,2026-03-11T00:19:58.000Z
"3/10/2026, 7:22:58 PM",3.62,70.2,90.5,0,2026-03-11T00:22:58.000Z
"3/10/2026, 7:25:58 PM",3.62,70,90.6,0,2026-03-11T00:25:58.000Z
"3/10/2026, 7:28:58 PM",3.62,70,90.7,0,2026-03-11T00:28:58.000Z
"3/10/2026, 7:31:58 PM",3.62,69.8,90.9,0,2026-03-11T00:31:58.000Z
"3/10/2026, 7:34:58 PM",3.62,69.6,90.9,0,2026-03-11T00:34:58.000Z
"3/10/2026, 7:37:58 PM",3.619,69.6,91.1,0,2026-03-11T00:37:58.000Z
"3/10/2026, 7:40:58 PM",3.62,69.4,91.2,0,2026-03-11T00:40:58.000Z
"3/10/2026, 7:43:58 PM",3.62,69.4,91.3,0,2026-03-11T00:43:58.000Z
"3/10/2026, 7:46:58 PM",3.62,69.3,91.4,0,2026-03-11T00:46:58.000Z
"3/10/2026, 7:49:58 PM",3.62,69.3,91.5,0,2026-03-11T00:49:58.000Z
"3/10/2026, 7:52:58 PM",3.619,69.1,91.6,0,2026-03-11T00:52:58.000Z
"3/10/2026, 7:55:58 PM",3.619,68.9,91.7,0,2026-03-11T00:55:58.000Z
"3/10/2026, 7:58:58 PM",3.62,68.9,91.8,0,2026-03-11T00:58:58.000Z
"3/10/2026, 8:01:58 PM",3.619,68.9,91.9,0,2026-03-11T01:01:58.000Z
"3/10/2026, 8:04:58 PM",3.619,68.7,92,0,2026-03-11T01:04:58.000Z
"3/10/2026, 8:07:58 PM",3.619,68.5,92.1,0,2026-03-11T01:07:58.000Z
"3/10/2026, 8:10:58 PM",3.619,68.4,92.2,0,2026-03-11T01:10:58.000Z
"3/10/2026, 8:13:58 PM",3.619,68.4,92.3,0,2026-03-11T01:13:58.000Z
"3/10/2026, 8:16:58 PM",3.619,68.2,92.4,0,2026-03-11T01:16:58.000Z
"3/10/2026, 8:19:58 PM",3.619,68.2,92.5,0,2026-03-11T01:19:58.000Z
"3/10/2026, 8:22:58 PM",3.619,68.2,92.6,0,2026-03-11T01:22:58.000Z
"3/10/2026, 8:25:58 PM",3.618,68.2,92.7,0,2026-03-11T01:25:58.000Z
"3/10/2026, 8:28:58 PM",3.619,68,92.8,0,2026-03-11T01:28:58.000Z
"3/10/2026, 8:31:58 PM",3.619,68,92.9,0,2026-03-11T01:31:58.000Z
"3/10/2026, 8:34:58 PM",3.619,68,92.9,0,2026-03-11T01:34:58.000Z
"3/10/2026, 8:37:58 PM",3.619,68,93.1,0,2026-03-11T01:37:58.000Z
"3/10/2026, 8:40:58 PM",3.619,68,93.2,0,2026-03-11T01:40:58.000Z
"3/10/2026, 8:43:58 PM",3.619,68,93.3,0,2026-03-11T01:43:58.000Z
"3/10/2026, 8:46:58 PM",3.619,68,93.4,0,2026-03-11T01:46:58.000Z
"3/10/2026, 8:49:58 PM",3.619,67.8,93.5,0,2026-03-11T01:49:58.000Z
"3/10/2026, 8:52:58 PM",3.619,67.8,93.5,0,2026-03-11T01:52:58.000Z
"3/10/2026, 8:55:58 PM",3.619,67.8,93.6,0,2026-03-11T01:55:58.000Z
"3/10/2026, 8:58:58 PM",3.619,67.8,93.7,0,2026-03-11T01:58:58.000Z
"3/10/2026, 9:01:58 PM",3.619,67.6,93.7,0,2026-03-11T02:01:58.000Z
"3/10/2026, 9:04:58 PM",3.619,67.6,93.8,0,2026-03-11T02:04:58.000Z
"3/10/2026, 9:07:58 PM",3.619,67.6,93.9,0,2026-03-11T02:07:58.000Z
"3/10/2026, 9:10:58 PM",3.618,67.6,93.9,0,2026-03-11T02:10:58.000Z
"3/10/2026, 9:13:58 PM",3.619,67.5,94,0,2026-03-11T02:13:58.000Z
"3/10/2026, 9:16:58 PM",3.618,67.5,94.1,0,2026-03-11T02:16:58.000Z
"3/10/2026, 9:19:58 PM",3.619,67.5,94.1,0,2026-03-11T02:19:58.000Z
"3/10/2026, 9:22:58 PM",3.619,67.5,94.2,0,2026-03-11T02:22:58.000Z
"3/10/2026, 9:25:58 PM",3.619,67.6,94.3,0,2026-03-11T02:25:58.000Z
"3/10/2026, 9:28:58 PM",3.618,67.6,94.4,0,2026-03-11T02:28:58.000Z
"3/10/2026, 9:31:58 PM",3.619,67.6,94.5,0,2026-03-11T02:31:58.000Z
"3/10/2026, 9:34:58 PM",3.619,67.6,94.5,0,2026-03-11T02:34:58.000Z
"3/10/2026, 9:37:58 PM",3.618,67.6,94.6,0,2026-03-11T02:37:58.000Z
"3/10/2026, 9:40:58 PM",3.619,67.8,94.6,0,2026-03-11T02:40:58.000Z
"3/10/2026, 9:43:58 PM",3.619,67.8,94.7,0,2026-03-11T02:43:58.000Z
"3/10/2026, 9:46:58 PM",3.618,67.8,94.8,0,2026-03-11T02:46:58.000Z
"3/10/2026, 9:49:58 PM",3.618,67.8,94.8,0,2026-03-11T02:49:58.000Z
"3/10/2026, 9:52:58 PM",3.618,68,94.9,0,2026-03-11T02:52:58.000Z
"3/10/2026, 9:55:58 PM",3.618,68,95,0,2026-03-11T02:55:58.000Z
"3/10/2026, 9:58:58 PM",3.618,68,95,0,2026-03-11T02:58:58.000Z
"3/10/2026, 10:01:58 PM",3.618,68,95.1,0,2026-03-11T03:01:58.000Z
"3/10/2026, 10:04:58 PM",3.618,68.2,95.1,0,2026-03-11T03:04:58.000Z
"3/10/2026, 10:07:58 PM",3.618,68.2,95.2,0,2026-03-11T03:07:58.000Z
"3/10/2026, 10:10:58 PM",3.618,68.2,95.2,0,2026-03-11T03:10:58.000Z
"3/10/2026, 10:13:58 PM",3.619,68.2,95.3,0,2026-03-11T03:13:58.000Z
"3/10/2026, 10:16:58 PM",3.618,68.2,95.3,0,2026-03-11T03:16:58.000Z
"3/10/2026, 10:19:58 PM",3.619,68.2,95.4,0,2026-03-11T03:19:58.000Z
"3/10/2026, 10:22:58 PM",3.618,68.2,95.4,0,2026-03-11T03:22:58.000Z
"3/10/2026, 10:25:58 PM",3.619,68.2,95.5,0,2026-03-11T03:25:58.000Z
"3/10/2026, 10:28:58 PM",3.618,68.2,95.5,0,2026-03-11T03:28:58.000Z
"3/10/2026, 10:31:58 PM",3.619,68.2,95.5,0,2026-03-11T03:31:58.000Z
"3/10/2026, 10:34:58 PM",3.619,68.2,95.6,0,2026-03-11T03:34:58.000Z
"3/10/2026, 10:37:58 PM",3.618,68.2,95.7,0,2026-03-11T03:37:58.000Z
"3/10/2026, 10:40:58 PM",3.619,68.2,95.7,0,2026-03-11T03:40:58.000Z
"3/10/2026, 10:43:58 PM",3.618,68.4,95.7,0,2026-03-11T03:43:58.000Z
"3/10/2026, 10:46:58 PM",3.619,68.4,95.8,0,2026-03-11T03:46:58.000Z
"3/10/2026, 10:49:58 PM",3.619,68.5,95.9,0,2026-03-11T03:49:58.000Z
"3/10/2026, 10:52:58 PM",3.619,68.5,95.9,0,2026-03-11T03:52:58.000Z
"3/10/2026, 10:55:58 PM",3.618,68.7,96,0,2026-03-11T03:55:58.000Z
"3/10/2026, 10:58:58 PM",3.619,68.7,96.1,0,2026-03-11T03:58:58.000Z
"3/10/2026, 11:01:58 PM",3.618,68.9,96.1,0,2026-03-11T04:01:58.000Z
"3/10/2026, 11:04:58 PM",3.619,68.9,96.2,0,2026-03-11T04:04:58.000Z
"3/10/2026, 11:07:58 PM",3.619,68.9,96.3,0,2026-03-11T04:07:58.000Z
"3/10/2026, 11:10:58 PM",3.619,68.9,96.3,0,2026-03-11T04:10:58.000Z
"3/10/2026, 11:13:58 PM",3.619,68.9,96.4,0,2026-03-11T04:13:58.000Z
"3/10/2026, 11:16:58 PM",3.619,69.1,96.4,0,2026-03-11T04:16:58.000Z
"3/10/2026, 11:19:58 PM",3.618,69.1,96.4,0,2026-03-11T04:19:58.000Z
"3/10/2026, 11:22:58 PM",3.619,69.1,96.5,0,2026-03-11T04:22:58.000Z
"3/10/2026, 11:25:58 PM",3.619,69.3,96.5,0,2026-03-11T04:25:58.000Z
"3/10/2026, 11:28:58 PM",3.619,69.4,96.6,0,2026-03-11T04:28:58.000Z
"3/10/2026, 11:31:58 PM",3.619,69.4,96.6,0,2026-03-11T04:31:58.000Z
"3/10/2026, 11:34:58 PM",3.619,69.4,96.7,0,2026-03-11T04:34:58.000Z
"3/10/2026, 11:37:58 PM",3.619,69.6,96.8,0,2026-03-11T04:37:58.000Z
"3/10/2026, 11:40:58 PM",3.619,69.6,96.8,0,2026-03-11T04:40:58.000Z
"3/10/2026, 11:43:58 PM",3.619,69.8,96.9,0,2026-03-11T04:43:58.000Z
"3/10/2026, 11:46:58 PM",3.619,69.8,96.9,0,2026-03-11T04:46:58.000Z
"3/10/2026, 11:49:58 PM",3.619,70,97,0,2026-03-11T04:49:58.000Z
"3/10/2026, 11:52:58 PM",3.619,70,97,0,2026-03-11T04:52:58.000Z
"3/10/2026, 11:55:58 PM",3.619,70,97,0,2026-03-11T04:55:58.000Z
"3/10/2026, 11:58:58 PM",3.619,70.2,97.1,0,2026-03-11T04:58:58.000Z
"3/11/2026, 12:01:58 AM",3.619,70.2,97.1,0,2026-03-11T05:01:58.000Z
"3/11/2026, 12:04:58 AM",3.619,70.3,97.2,0,2026-03-11T05:04:58.000Z
"3/11/2026, 12:07:58 AM",3.619,70.3,97.2,0,2026-03-11T05:07:58.000Z
"3/11/2026, 12:10:58 AM",3.619,70.3,97.2,0,2026-03-11T05:10:58.000Z
"3/11/2026, 12:13:58 AM",3.619,70.3,97.3,0,2026-03-11T05:13:58.000Z
"3/11/2026, 12:16:58 AM",3.619,70.3,97.4,0,2026-03-11T05:16:58.000Z
"3/11/2026, 12:19:58 AM",3.619,70.5,97.4,0,2026-03-11T05:19:58.000Z
"3/11/2026, 12:22:58 AM",3.619,70.5,97.4,0,2026-03-11T05:22:58.000Z
"3/11/2026, 12:25:58 AM",3.619,70.5,97.4,0,2026-03-11T05:25:58.000Z
"3/11/2026, 12:28:58 AM",3.619,70.5,97.4,0,2026-03-11T05:28:58.000Z
"3/11/2026, 12:31:58 AM",3.619,70.5,97.4,0,2026-03-11T05:31:58.000Z
"3/11/2026, 12:34:58 AM",3.619,70.5,97.4,0,2026-03-11T05:34:58.000Z
"3/11/2026, 12:37:58 AM",3.619,70.5,97.5,0,2026-03-11T05:37:58.000Z
"3/11/2026, 12:40:58 AM",3.619,70.5,97.5,0,2026-03-11T05:40:58.000Z
"3/11/2026, 12:43:58 AM",3.619,70.5,97.5,0,2026-03-11T05:43:58.000Z
"3/11/2026, 12:46:58 AM",3.62,70.5,97.5,0,2026-03-11T05:46:58.000Z
"3/11/2026, 12:49:58 AM",3.62,70.5,97.5,0,2026-03-11T05:49:58.000Z
"3/11/2026, 12:52:58 AM",3.619,70.5,97.6,0,2026-03-11T05:52:58.000Z
"3/11/2026, 12:55:58 AM",3.619,70.5,97.6,0,2026-03-11T05:55:58.000Z
"3/11/2026, 12:58:58 AM",3.62,70.5,97.6,0,2026-03-11T05:58:58.000Z
"3/11/2026, 1:01:58 AM",3.619,70.5,97.6,0,2026-03-11T06:01:58.000Z
"3/11/2026, 1:04:58 AM",3.619,70.5,97.6,0,2026-03-11T06:04:58.000Z
"3/11/2026, 1:07:58 AM",3.62,70.5,97.6,0,2026-03-11T06:07:58.000Z
"3/11/2026, 1:10:58 AM",3.619,70.5,97.7,0,2026-03-11T06:10:58.000Z
"3/11/2026, 1:13:58 AM",3.619,70.5,97.7,0,2026-03-11T06:13:58.000Z
"3/11/2026, 1:16:58 AM",3.619,70.5,97.7,0,2026-03-11T06:16:58.000Z
"3/11/2026, 1:19:58 AM",3.619,70.5,97.7,0,2026-03-11T06:19:58.000Z
"3/11/2026, 1:22:58 AM",3.619,70.5,97.7,0,2026-03-11T06:22:58.000Z
"3/11/2026, 1:25:58 AM",3.619,70.5,97.8,0,2026-03-11T06:25:58.000Z
"3/11/2026, 1:28:58 AM",3.62,70.3,97.8,0,2026-03-11T06:28:58.000Z
"3/11/2026, 1:31:58 AM",3.619,70.3,97.8,0,2026-03-11T06:31:58.000Z
"3/11/2026, 1:34:58 AM",3.62,70.3,97.8,0,2026-03-11T06:34:58.000Z
"3/11/2026, 1:37:58 AM",3.619,70.3,97.8,0,2026-03-11T06:37:58.000Z
"3/11/2026, 1:40:58 AM",3.619,70.3,97.8,0,2026-03-11T06:40:58.000Z
"3/11/2026, 1:43:58 AM",3.619,70.3,97.8,0,2026-03-11T06:43:58.000Z
"3/11/2026, 1:46:58 AM",3.619,70.3,97.8,0,2026-03-11T06:46:58.000Z
"3/11/2026, 1:49:58 AM",3.62,70.2,97.8,0,2026-03-11T06:49:58.000Z
"3/11/2026, 1:52:58 AM",3.62,70.2,97.8,0,2026-03-11T06:52:58.000Z
"3/11/2026, 1:55:58 AM",3.619,70.2,97.8,0,2026-03-11T06:55:58.000Z
"3/11/2026, 1:58:58 AM",3.619,70.2,97.9,0,2026-03-11T06:58:58.000Z
"3/11/2026, 2:01:58 AM",3.62,70.2,97.9,0,2026-03-11T07:01:58.000Z
"3/11/2026, 2:04:58 AM",3.619,70.2,97.9,0,2026-03-11T07:04:58.000Z
"3/11/2026, 2:07:58 AM",3.619,70.2,97.9,0,2026-03-11T07:07:58.000Z
"3/11/2026, 2:10:58 AM",3.619,70.2,97.9,0,2026-03-11T07:10:58.000Z
"3/11/2026, 2:13:58 AM",3.619,70.2,97.9,0,2026-03-11T07:13:58.000Z
"3/11/2026, 2:16:58 AM",3.619,70.2,98,0,2026-03-11T07:16:58.000Z
"3/11/2026, 2:19:58 AM",3.619,70.2,98,0,2026-03-11T07:19:58.000Z
"3/11/2026, 2:22:58 AM",3.619,70.2,98,0,2026-03-11T07:22:58.000Z
"3/11/2026, 2:25:58 AM",3.619,70.2,98,0,2026-03-11T07:25:58.000Z
"3/11/2026, 2:28:58 AM",3.619,70.2,98.1,0,2026-03-11T07:28:58.000Z
"3/11/2026, 2:31:58 AM",3.619,70.2,98.1,0,2026-03-11T07:31:58.000Z
"3/11/2026, 2:34:58 AM",3.619,70.2,98.1,0,2026-03-11T07:34:58.000Z
"3/11/2026, 2:37:58 AM",3.619,70.2,98.1,0,2026-03-11T07:37:58.000Z
"3/11/2026, 2:40:58 AM",3.62,70.2,98.1,0,2026-03-11T07:40:58.000Z
"3/11/2026, 2:43:58 AM",3.619,70,98.1,0,2026-03-11T07:43:58.000Z
"3/11/2026, 2:46:58 AM",3.62,70,98.1,0,2026-03-11T07:46:58.000Z
"3/11/2026, 2:49:58 AM",3.619,70,98.1,0,2026-03-11T07:49:58.000Z
"3/11/2026, 2:52:58 AM",3.619,70,98.1,0,2026-03-11T07:52:58.000Z
"3/11/2026, 2:55:58 AM",3.619,70,98.1,0,2026-03-11T07:55:58.000Z
"3/11/2026, 2:58:58 AM",3.619,69.8,98.2,0,2026-03-11T07:58:58.000Z
"3/11/2026, 3:01:58 AM",3.619,69.8,98.2,0,2026-03-11T08:01:58.000Z
"3/11/2026, 3:04:58 AM",3.619,69.8,98.2,0,2026-03-11T08:04:58.000Z
"3/11/2026, 3:07:58 AM",3.619,69.8,98.2,0,2026-03-11T08:07:58.000Z
"3/11/2026, 3:10:58 AM",3.62,69.6,98.2,0,2026-03-11T08:10:58.000Z
"3/11/2026, 3:13:58 AM",3.619,69.6,98.2,0,2026-03-11T08:13:58.000Z
"3/11/2026, 3:16:58 AM",3.62,69.6,98.2,0,2026-03-11T08:16:58.000Z
"3/11/2026, 3:19:58 AM",3.619,69.4,98.2,0,2026-03-11T08:19:58.000Z
"3/11/2026, 3:22:58 AM",3.619,69.4,98.2,0,2026-03-11T08:22:58.000Z
"3/11/2026, 3:25:58 AM",3.619,69.4,98.2,0,2026-03-11T08:25:58.000Z
"3/11/2026, 3:28:58 AM",3.619,69.4,98.2,0,2026-03-11T08:28:58.000Z
"3/11/2026, 3:31:58 AM",3.619,69.3,98.2,0,2026-03-11T08:31:58.000Z
"3/11/2026, 3:34:58 AM",3.619,69.3,98.3,0,2026-03-11T08:34:58.000Z
"3/11/2026, 3:37:58 AM",3.619,69.3,98.3,0,2026-03-11T08:37:58.000Z
"3/11/2026, 3:40:58 AM",3.619,69.3,98.3,0,2026-03-11T08:40:58.000Z
"3/11/2026, 3:43:58 AM",3.619,69.3,98.4,0,2026-03-11T08:43:58.000Z
"3/11/2026, 3:46:58 AM",3.619,69.3,98.4,0,2026-03-11T08:46:58.000Z
"3/11/2026, 3:49:58 AM",3.619,69.3,98.4,0,2026-03-11T08:49:58.000Z
"3/11/2026, 3:52:58 AM",3.619,69.1,98.4,0,2026-03-11T08:52:58.000Z
"3/11/2026, 3:55:58 AM",3.619,69.1,98.4,0,2026-03-11T08:55:58.000Z
"3/11/2026, 3:58:58 AM",3.619,69.1,98.4,0,2026-03-11T08:58:58.000Z
"3/11/2026, 4:01:58 AM",3.619,69.1,98.4,0,2026-03-11T09:01:58.000Z
"3/11/2026, 4:04:58 AM",3.619,69.1,98.5,0,2026-03-11T09:04:58.000Z
"3/11/2026, 4:07:58 AM",3.619,69.1,98.5,0,2026-03-11T09:07:58.000Z
"3/11/2026, 4:10:58 AM",3.619,69.1,98.5,0,2026-03-11T09:10:58.000Z
"3/11/2026, 4:13:58 AM",3.619,69.1,98.6,0,2026-03-11T09:13:58.000Z
"3/11/2026, 4:16:58 AM",3.619,69.3,98.6,0,2026-03-11T09:16:58.000Z
"3/11/2026, 4:19:58 AM",3.619,69.3,98.6,0,2026-03-11T09:19:58.000Z
"3/11/2026, 4:22:58 AM",3.62,69.3,98.6,0,2026-03-11T09:22:58.000Z
"3/11/2026, 4:25:58 AM",3.619,69.3,98.6,0,2026-03-11T09:25:58.000Z
"3/11/2026, 4:28:58 AM",3.619,69.3,98.7,0,2026-03-11T09:28:58.000Z
"3/11/2026, 4:31:58 AM",3.619,69.3,98.7,0,2026-03-11T09:31:58.000Z
"3/11/2026, 4:34:58 AM",3.619,69.3,98.7,0,2026-03-11T09:34:58.000Z
"3/11/2026, 4:37:58 AM",3.619,69.3,98.8,0,2026-03-11T09:37:58.000Z
"3/11/2026, 4:40:58 AM",3.619,69.3,98.8,0,2026-03-11T09:40:58.000Z
"3/11/2026, 4:43:58 AM",3.619,69.3,98.8,0,2026-03-11T09:43:58.000Z
"3/11/2026, 4:46:58 AM",3.619,69.3,98.8,0,2026-03-11T09:46:58.000Z
"3/11/2026, 4:49:58 AM",3.619,69.3,98.9,0,2026-03-11T09:49:58.000Z
"3/11/2026, 4:52:58 AM",3.619,69.3,98.9,0,2026-03-11T09:52:58.000Z
"3/11/2026, 4:55:58 AM",3.619,69.3,98.9,0,2026-03-11T09:55:58.000Z
"3/11/2026, 4:58:58 AM",3.619,69.3,98.9,0,2026-03-11T09:58:58.000Z
"3/11/2026, 5:01:58 AM",3.619,69.3,98.9,0,2026-03-11T10:01:58.000Z
"3/11/2026, 5:04:58 AM",3.619,69.3,98.9,0,2026-03-11T10:04:58.000Z
"3/11/2026, 5:07:58 AM",3.619,69.3,98.9,0,2026-03-11T10:07:58.000Z
"3/11/2026, 5:10:58 AM",3.619,69.3,98.9,0,2026-03-11T10:10:58.000Z
"3/11/2026, 5:13:58 AM",3.619,69.3,99,0,2026-03-11T10:13:58.000Z
"3/11/2026, 5:16:58 AM",3.619,69.3,99,0,2026-03-11T10:16:58.000Z
"3/11/2026, 5:19:58 AM",3.619,69.4,99,0,2026-03-11T10:19:58.000Z
"3/11/2026, 5:22:58 AM",3.619,69.4,99,0,2026-03-11T10:22:58.000Z
"3/11/2026, 5:25:58 AM",3.619,69.4,99,0,2026-03-11T10:25:58.000Z
"3/11/2026, 5:28:58 AM",3.619,69.4,99,0,2026-03-11T10:28:58.000Z
"3/11/2026, 5:31:58 AM",3.619,69.4,99,0,2026-03-11T10:31:58.000Z
"3/11/2026, 5:34:58 AM",3.619,69.4,99.1,0,2026-03-11T10:34:58.000Z
"3/11/2026, 5:37:58 AM",3.618,69.4,99.1,0,2026-03-11T10:37:58.000Z
"3/11/2026, 5:40:58 AM",3.619,69.4,99.1,0,2026-03-11T10:40:58.000Z
"3/11/2026, 5:43:58 AM",3.619,69.4,99.2,0,2026-03-11T10:43:58.000Z
"3/11/2026, 5:46:58 AM",3.619,69.4,99.1,0,2026-03-11T10:46:58.000Z
"3/11/2026, 5:49:58 AM",3.619,69.4,99.2,0,2026-03-11T10:49:58.000Z
"3/11/2026, 5:52:58 AM",3.619,69.4,99.2,0,2026-03-11T10:52:58.000Z
"3/11/2026, 5:55:58 AM",3.619,69.4,99.2,0,2026-03-11T10:55:58.000Z
"3/11/2026, 5:58:58 AM",3.619,69.4,99.3,0,2026-03-11T10:58:58.000Z
"3/11/2026, 6:01:58 AM",3.619,69.4,99.3,0,2026-03-11T11:01:58.000Z
"3/11/2026, 6:04:58 AM",3.619,69.4,99.3,0,2026-03-11T11:04:58.000Z
"3/11/2026, 6:07:58 AM",3.619,69.4,99.3,0,2026-03-11T11:07:58.000Z
"3/11/2026, 6:10:58 AM",3.619,69.4,99.3,0,2026-03-11T11:10:58.000Z
"3/11/2026, 6:13:58 AM",3.619,69.4,99.3,0,2026-03-11T11:13:58.000Z
"3/11/2026, 6:16:58 AM",3.619,69.4,99.3,0,2026-03-11T11:16:58.000Z
"3/11/2026, 6:19:58 AM",3.619,69.4,99.4,0,2026-03-11T11:19:58.000Z
"3/11/2026, 6:22:58 AM",3.619,69.4,99.4,0,2026-03-11T11:22:58.000Z
"3/11/2026, 6:25:58 AM",3.619,69.6,99.4,0,2026-03-11T11:25:58.000Z
"3/11/2026, 6:28:58 AM",3.619,69.6,99.4,0,2026-03-11T11:28:58.000Z
"3/11/2026, 6:31:58 AM",3.619,69.6,99.4,0,2026-03-11T11:31:58.000Z
"3/11/2026, 6:34:58 AM",3.619,69.6,99.4,0,2026-03-11T11:34:58.000Z
"3/11/2026, 6:37:58 AM",3.619,69.6,99.4,0,2026-03-11T11:37:58.000Z
"3/11/2026, 6:40:58 AM",3.619,69.6,99.4,0,2026-03-11T11:40:58.000Z
"3/11/2026, 6:43:58 AM",3.619,69.6,99.4,0,2026-03-11T11:43:58.000Z
"3/11/2026, 6:46:58 AM",3.619,69.6,99.4,0,2026-03-11T11:46:58.000Z
"3/11/2026, 6:49:58 AM",3.619,69.6,99.4,0,2026-03-11T11:49:58.000Z
"3/11/2026, 6:52:58 AM",3.619,69.6,99.4,0,2026-03-11T11:52:58.000Z
"3/11/2026, 6:55:58 AM",3.619,69.6,99.4,0,2026-03-11T11:55:58.000Z
"3/11/2026, 6:58:58 AM",3.619,69.6,99.4,0,2026-03-11T11:58:58.000Z
"3/11/2026, 7:01:58 AM",3.619,69.8,99.4,0,2026-03-11T12:01:58.000Z
"3/11/2026, 7:04:58 AM",3.619,69.8,99.5,0,2026-03-11T12:04:58.000Z
"3/11/2026, 7:07:58 AM",3.619,69.8,99.5,0,2026-03-11T12:07:58.000Z
"3/11/2026, 7:10:58 AM",3.619,69.8,99.5,0,2026-03-11T12:10:58.000Z
"3/11/2026, 7:13:58 AM",3.619,70,99.6,0,2026-03-11T12:13:58.000Z
"3/11/2026, 7:16:58 AM",3.619,70,99.6,0,2026-03-11T12:16:58.000Z
"3/11/2026, 7:19:58 AM",3.619,70,99.6,0,2026-03-11T12:19:58.000Z
"3/11/2026, 7:22:58 AM",3.619,70.2,99.6,0,2026-03-11T12:22:58.000Z
"3/11/2026, 7:25:58 AM",3.619,70.2,99.6,0,2026-03-11T12:25:58.000Z
"3/11/2026, 7:28:58 AM",3.619,70.2,99.6,0,2026-03-11T12:28:58.000Z
"3/11/2026, 7:31:58 AM",3.619,70.3,99.6,0,2026-03-11T12:31:58.000Z
"3/11/2026, 7:34:58 AM",3.619,70.3,99.6,0,2026-03-11T12:34:58.000Z
"3/11/2026, 7:37:58 AM",3.619,70.3,99.6,0,2026-03-11T12:37:58.000Z
"3/11/2026, 7:40:58 AM",3.62,70.3,99.6,0,2026-03-11T12:40:58.000Z
"3/11/2026, 7:43:58 AM",3.62,70.3,99.7,0,2026-03-11T12:43:58.000Z
"3/11/2026, 7:46:58 AM",3.62,70.5,99.7,0,2026-03-11T12:46:58.000Z
"3/11/2026, 7:49:58 AM",3.619,70.5,99.7,0,2026-03-11T12:49:58.000Z
"3/11/2026, 7:52:58 AM",3.619,70.5,99.7,0,2026-03-11T12:52:58.000Z
"3/11/2026, 7:55:58 AM",3.619,70.5,99.7,0,2026-03-11T12:55:58.000Z
"3/11/2026, 7:58:58 AM",3.619,70.5,99.7,0,2026-03-11T12:58:58.000Z
"3/11/2026, 8:01:58 AM",3.619,70.5,99.7,0,2026-03-11T13:01:58.000Z
"3/11/2026, 8:04:58 AM",3.619,70.5,99.7,0,2026-03-11T13:04:58.000Z
"3/11/2026, 8:07:58 AM",3.619,70.3,99.7,0,2026-03-11T13:07:58.000Z
"3/11/2026, 8:10:58 AM",3.619,70.3,99.6,0,2026-03-11T13:10:58.000Z
"3/11/2026, 8:13:58 AM",3.619,70.3,99.6,0,2026-03-11T13:13:58.000Z
"3/11/2026, 8:16:58 AM",3.619,70.2,99.6,0,2026-03-11T13:16:58.000Z
"3/11/2026, 8:19:58 AM",3.619,70.2,99.6,0,2026-03-11T13:19:58.000Z
"3/11/2026, 8:22:58 AM",3.619,70,99.6,0,2026-03-11T13:22:58.000Z
"3/11/2026, 8:25:58 AM",3.619,70,99.6,0,2026-03-11T13:25:58.000Z
"3/11/2026, 8:28:58 AM",3.619,69.8,99.6,0,2026-03-11T13:28:58.000Z
"3/11/2026, 8:31:58 AM",3.619,69.6,99.6,0,2026-03-11T13:31:58.000Z
"3/11/2026, 8:34:58 AM",3.619,69.6,99.6,0,2026-03-11T13:34:58.000Z
"3/11/2026, 8:37:58 AM",3.619,69.4,99.6,0,2026-03-11T13:37:58.000Z
"3/11/2026, 8:40:58 AM",3.619,69.4,99.6,0,2026-03-11T13:40:58.000Z
"3/11/2026, 8:43:58 AM",3.619,69.3,99.6,0,2026-03-11T13:43:58.000Z
"3/11/2026, 8:46:58 AM",3.619,69.3,99.7,0,2026-03-11T13:46:58.000Z
"3/11/2026, 8:49:58 AM",3.619,69.1,99.6,0,2026-03-11T13:49:58.000Z
"3/11/2026, 8:52:58 AM",3.619,68.9,99.6,0,2026-03-11T13:52:58.000Z
"3/11/2026, 8:55:58 AM",3.619,68.9,99.7,0,2026-03-11T13:55:58.000Z
"3/11/2026, 8:58:58 AM",3.619,68.7,99.6,0,2026-03-11T13:58:58.000Z
"3/11/2026, 9:01:58 AM",3.619,68.5,99.6,0,2026-03-11T14:01:58.000Z
"3/11/2026, 9:04:58 AM",3.619,68.4,99.6,0,2026-03-11T14:04:58.000Z
"3/11/2026, 9:07:58 AM",3.619,68.4,99.6,0,2026-03-11T14:07:58.000Z
"3/11/2026, 9:10:58 AM",3.619,68.2,99.5,0,2026-03-11T14:10:58.000Z
"3/11/2026, 9:13:58 AM",3.619,68,99.5,0,2026-03-11T14:13:58.000Z
"3/11/2026, 9:16:58 AM",3.619,68,99.5,0,2026-03-11T14:16:58.000Z
"3/11/2026, 9:19:58 AM",3.619,67.8,99.5,0,2026-03-11T14:19:58.000Z
"3/11/2026, 9:22:58 AM",3.619,67.8,99.5,0,2026-03-11T14:22:58.000Z
"3/11/2026, 9:25:58 AM",3.619,67.6,99.5,0,2026-03-11T14:25:58.000Z
"3/11/2026, 9:28:58 AM",3.619,67.6,99.4,0,2026-03-11T14:28:58.000Z
"3/11/2026, 9:31:58 AM",3.619,67.6,99.4,0,2026-03-11T14:31:58.000Z
"3/11/2026, 9:34:58 AM",3.619,67.6,99.4,0,2026-03-11T14:34:58.000Z
"3/11/2026, 9:37:58 AM",3.618,67.6,99.4,0,2026-03-11T14:37:58.000Z
"3/11/2026, 9:40:58 AM",3.619,67.6,99.4,0,2026-03-11T14:40:58.000Z
"3/11/2026, 9:43:58 AM",3.618,67.6,99.4,0,2026-03-11T14:43:58.000Z
"3/11/2026, 9:46:58 AM",3.619,67.6,99.4,0,2026-03-11T14:46:58.000Z
"3/11/2026, 9:49:58 AM",3.618,67.6,99.4,0,2026-03-11T14:49:58.000Z
"3/11/2026, 9:52:58 AM",3.619,67.6,99.4,0,2026-03-11T14:52:58.000Z
"3/11/2026, 9:55:58 AM",3.618,67.6,99.4,0,2026-03-11T14:55:58.000Z
"3/11/2026, 9:58:58 AM",3.618,67.6,99.4,0,2026-03-11T14:58:58.000Z
"3/11/2026, 10:01:58 AM",3.618,67.6,99.3,0,2026-03-11T15:01:58.000Z
"3/11/2026, 10:04:58 AM",3.618,67.6,99.3,0,2026-03-11T15:04:58.000Z
"3/11/2026, 10:07:58 AM",3.618,67.6,99.3,0,2026-03-11T15:07:58.000Z
"3/11/2026, 10:10:58 AM",3.618,67.6,99.3,0,2026-03-11T15:10:58.000Z
"3/11/2026, 10:13:58 AM",3.619,67.6,99.3,0,2026-03-11T15:13:58.000Z
"3/11/2026, 10:16:58 AM",3.619,67.6,99.3,0,2026-03-11T15:16:58.000Z
"3/11/2026, 10:19:58 AM",3.618,67.6,99.4,0,2026-03-11T15:19:58.000Z
"3/11/2026, 10:22:58 AM",3.618,67.6,99.4,0,2026-03-11T15:22:58.000Z
"3/11/2026, 10:25:58 AM",3.618,67.6,99.4,0,2026-03-11T15:25:58.000Z
"3/11/2026, 10:28:58 AM",3.618,67.6,99.4,0,2026-03-11T15:28:58.000Z
"3/11/2026, 10:31:58 AM",3.618,67.8,99.4,0,2026-03-11T15:31:58.000Z
"3/11/2026, 10:34:58 AM",3.618,67.8,99.4,0,2026-03-11T15:34:58.000Z
"3/11/2026, 10:37:58 AM",3.618,68,99.4,0,2026-03-11T15:37:58.000Z
"3/11/2026, 10:40:58 AM",3.618,68.2,99.5,0,2026-03-11T15:40:58.000Z
"3/11/2026, 10:43:58 AM",3.618,68.5,99.5,0,2026-03-11T15:43:58.000Z
"3/11/2026, 10:46:58 AM",3.618,68.9,99.4,0,2026-03-11T15:46:58.000Z
"3/11/2026, 10:49:58 AM",3.618,69.3,99.5,0,2026-03-11T15:49:58.000Z
"3/11/2026, 10:52:58 AM",3.618,69.6,99.6,0,2026-03-11T15:52:58.000Z
"3/11/2026, 10:55:58 AM",3.619,70.2,99.6,0,2026-03-11T15:55:58.000Z
"3/11/2026, 10:58:58 AM",3.618,70.5,99.7,0,2026-03-11T15:58:58.000Z
"3/11/2026, 11:01:58 AM",3.619,70.9,99.7,0,2026-03-11T16:01:58.000Z
"3/11/2026, 11:04:58 AM",3.619,71.1,99.7,0,2026-03-11T16:04:58.000Z
"3/11/2026, 11:07:58 AM",3.619,71.2,99.7,0,2026-03-11T16:07:58.000Z
"3/11/2026, 11:10:58 AM",3.619,71.2,99.7,0,2026-03-11T16:10:58.000Z
"3/11/2026, 11:13:58 AM",3.619,71.2,99.6,0,2026-03-11T16:13:58.000Z
"3/11/2026, 11:16:58 AM",3.619,71.2,99.6,0,2026-03-11T16:16:58.000Z
"3/11/2026, 11:19:58 AM",3.619,71.2,99.5,0,2026-03-11T16:19:58.000Z
"3/11/2026, 11:22:58 AM",3.619,71.2,99.5,0,2026-03-11T16:22:58.000Z
"3/11/2026, 11:25:58 AM",3.619,71.1,99.4,0,2026-03-11T16:25:58.000Z
"3/11/2026, 11:28:58 AM",3.62,70.7,99.4,0,2026-03-11T16:28:58.000Z
"3/11/2026, 11:31:58 AM",3.619,70.5,99.3,0,2026-03-11T16:31:58.000Z
"3/11/2026, 11:34:58 AM",3.619,70.3,99.2,0,2026-03-11T16:34:58.000Z
"3/11/2026, 11:37:58 AM",3.62,70.2,99.2,0,2026-03-11T16:37:58.000Z
"3/11/2026, 11:40:58 AM",3.619,69.8,99.1,0,2026-03-11T16:40:58.000Z
"3/11/2026, 11:43:58 AM",3.62,69.6,99,0,2026-03-11T16:43:58.000Z
"3/11/2026, 11:46:58 AM",3.619,69.4,99,0,2026-03-11T16:46:58.000Z
"3/11/2026, 11:49:58 AM",3.619,69.4,99,0,2026-03-11T16:49:58.000Z
"3/11/2026, 11:52:58 AM",3.619,69.3,99,0,2026-03-11T16:52:58.000Z
"3/11/2026, 11:55:58 AM",3.619,69.1,98.9,0,2026-03-11T16:55:58.000Z
"3/11/2026, 11:58:58 AM",3.62,69.1,98.9,0,2026-03-11T16:58:58.000Z
"3/11/2026, 12:01:58 PM",3.619,68.9,98.9,0,2026-03-11T17:01:58.000Z
"3/11/2026, 12:04:58 PM",3.619,68.9,98.9,0,2026-03-11T17:04:58.000Z
"3/11/2026, 12:07:58 PM",3.619,68.9,98.9,0,2026-03-11T17:07:58.000Z
"3/11/2026, 12:10:58 PM",3.619,68.7,98.9,0,2026-03-11T17:10:58.000Z
"3/11/2026, 12:13:58 PM",3.619,68.7,98.9,0,2026-03-11T17:13:58.000Z
"3/11/2026, 12:16:58 PM",3.619,68.7,98.9,0,2026-03-11T17:16:58.000Z
"3/11/2026, 12:19:58 PM",3.619,68.7,98.9,0,2026-03-11T17:19:58.000Z
"3/11/2026, 12:22:58 PM",3.619,68.9,98.9,0,2026-03-11T17:22:58.000Z
"3/11/2026, 12:25:58 PM",3.619,68.9,98.9,0,2026-03-11T17:25:58.000Z
"3/11/2026, 12:28:58 PM",3.619,68.7,98.9,0,2026-03-11T17:28:58.000Z
"3/11/2026, 12:31:58 PM",3.619,68.7,98.9,0,2026-03-11T17:31:58.000Z
"3/11/2026, 12:34:58 PM",3.619,68.7,98.9,0,2026-03-11T17:34:58.000Z
"3/11/2026, 12:37:58 PM",3.619,68.5,99,0,2026-03-11T17:37:58.000Z
"3/11/2026, 12:40:58 PM",3.619,68.5,99,0,2026-03-11T17:40:58.000Z
"3/11/2026, 12:43:58 PM",3.619,68.5,99,0,2026-03-11T17:43:58.000Z
"3/11/2026, 12:46:58 PM",3.619,68.5,99,0,2026-03-11T17:46:58.000Z
"3/11/2026, 12:49:58 PM",3.619,68.4,98.9,0,2026-03-11T17:49:58.000Z
"3/11/2026, 12:52:58 PM",3.618,68.4,98.9,0,2026-03-11T17:52:58.000Z
"3/11/2026, 12:55:58 PM",3.619,68.4,98.9,0,2026-03-11T17:55:58.000Z
"3/11/2026, 12:58:58 PM",3.619,68.4,98.9,0,2026-03-11T17:58:58.000Z
"3/11/2026, 1:01:58 PM",3.619,68.5,99,0,2026-03-11T18:01:58.000Z
"3/11/2026, 1:04:58 PM",3.618,68.9,98.9,0,2026-03-11T18:04:58.000Z
"3/11/2026, 1:07:58 PM",3.618,68.9,99,0,2026-03-11T18:07:58.000Z
"3/11/2026, 1:10:58 PM",3.618,69.1,99,0,2026-03-11T18:10:58.000Z
"3/11/2026, 1:13:58 PM",3.619,69.3,99,0,2026-03-11T18:13:58.000Z
"3/11/2026, 1:16:58 PM",3.618,69.3,99,0,2026-03-11T18:16:58.000Z
"3/11/2026, 1:19:58 PM",3.619,69.3,99,0,2026-03-11T18:19:58.000Z
"3/11/2026, 1:22:58 PM",3.619,69.3,99,0,2026-03-11T18:22:58.000Z
"3/11/2026, 1:25:58 PM",3.619,69.1,99,0,2026-03-11T18:25:58.000Z
"3/11/2026, 1:28:58 PM",3.619,69.1,99,0,2026-03-11T18:28:58.000Z
"3/11/2026, 1:31:58 PM",3.619,68.9,99,0,2026-03-11T18:31:58.000Z
"3/11/2026, 1:34:58 PM",3.619,68.9,98.9,0,2026-03-11T18:34:58.000Z
"3/11/2026, 1:37:58 PM",3.619,68.7,98.9,0,2026-03-11T18:37:58.000Z
"3/11/2026, 1:40:58 PM",3.619,68.5,99,0,2026-03-11T18:40:58.000Z
"3/11/2026, 1:43:58 PM",3.619,68.4,98.9,0,2026-03-11T18:43:58.000Z
"3/11/2026, 1:46:58 PM",3.619,68.4,98.9,0,2026-03-11T18:46:58.000Z
"3/11/2026, 1:49:58 PM",3.618,68.2,98.9,0,2026-03-11T18:49:58.000Z
"3/11/2026, 1:52:58 PM",3.619,68,98.9,0,2026-03-11T18:52:58.000Z
"3/11/2026, 1:55:58 PM",3.618,68,99,0,2026-03-11T18:55:58.000Z
"3/11/2026, 1:58:58 PM",3.619,68,99,0,2026-03-11T18:58:58.000Z
"3/11/2026, 2:01:58 PM",3.618,67.8,99,0,2026-03-11T19:01:58.000Z
"3/11/2026, 2:04:58 PM",3.618,67.8,99,0,2026-03-11T19:04:58.000Z
"3/11/2026, 2:07:58 PM",3.618,67.8,99,0,2026-03-11T19:07:58.000Z
"3/11/2026, 2:10:58 PM",3.618,67.6,99.1,0,2026-03-11T19:10:58.000Z
"3/11/2026, 2:13:58 PM",3.618,67.6,99.1,0,2026-03-11T19:13:58.000Z
"3/11/2026, 2:16:58 PM",3.618,67.6,99.1,0,2026-03-11T19:16:58.000Z
"3/11/2026, 2:19:58 PM",3.618,67.6,99.1,0,2026-03-11T19:19:58.000Z
"3/11/2026, 2:22:58 PM",3.619,67.6,99.2,0,2026-03-11T19:22:58.000Z
"3/11/2026, 2:25:58 PM",3.619,67.6,99.2,0,2026-03-11T19:25:58.000Z
"3/11/2026, 2:28:58 PM",3.618,67.5,99.2,0,2026-03-11T19:28:58.000Z
"3/11/2026, 2:31:58 PM",3.618,67.5,99.2,0,2026-03-11T19:31:58.000Z
"3/11/2026, 2:34:58 PM",3.618,67.5,99.2,0,2026-03-11T19:34:58.000Z
"3/11/2026, 2:37:58 PM",3.618,67.5,99.3,0,2026-03-11T19:37:58.000Z
"3/11/2026, 2:40:58 PM",3.618,67.6,99.4,0,2026-03-11T19:40:58.000Z
"3/11/2026, 2:43:58 PM",3.618,67.6,99.4,0,2026-03-11T19:43:58.000Z
"3/11/2026, 2:46:58 PM",3.619,67.6,99.4,0,2026-03-11T19:46:58.000Z
"3/11/2026, 2:49:58 PM",3.619,67.8,99.5,0,2026-03-11T19:49:58.000Z
"3/11/2026, 2:52:58 PM",3.618,67.8,99.5,0,2026-03-11T19:52:58.000Z
"3/11/2026, 2:55:58 PM",3.619,68,99.5,0,2026-03-11T19:55:58.000Z
"3/11/2026, 2:58:58 PM",3.618,68.2,99.6,0,2026-03-11T19:58:58.000Z
"3/11/2026, 3:01:58 PM",3.619,68.4,99.6,0,2026-03-11T20:01:58.000Z
"3/11/2026, 3:04:58 PM",3.618,68.5,99.7,0,2026-03-11T20:04:58.000Z
"3/11/2026, 3:07:58 PM",3.618,68.5,99.8,0,2026-03-11T20:07:58.000Z
"3/11/2026, 3:10:58 PM",3.618,68.7,99.8,0,2026-03-11T20:10:58.000Z
"3/11/2026, 3:13:58 PM",3.618,68.7,99.8,0,2026-03-11T20:13:58.000Z
"3/11/2026, 3:16:58 PM",3.618,68.9,99.8,0,2026-03-11T20:16:58.000Z
"3/11/2026, 3:19:58 PM",3.618,68.9,100,0,2026-03-11T20:19:58.000Z
"3/11/2026, 3:22:58 PM",3.619,68.9,100,0,2026-03-11T20:22:58.000Z
"3/11/2026, 3:25:58 PM",3.618,68.9,100,0,2026-03-11T20:25:58.000Z
"3/11/2026, 3:28:58 PM",3.618,68.7,100,0,2026-03-11T20:28:58.000Z
"3/11/2026, 3:31:58 PM",3.618,68.7,100,0,2026-03-11T20:31:58.000Z
"3/11/2026, 3:34:58 PM",3.618,68.5,100,0,2026-03-11T20:34:58.000Z
"3/11/2026, 3:37:58 PM",3.618,68.5,100,0,2026-03-11T20:37:58.000Z
"3/11/2026, 3:40:58 PM",3.618,68.4,100,0,2026-03-11T20:40:58.000Z
"3/11/2026, 3:43:58 PM",3.619,68.4,100,0,2026-03-11T20:43:58.000Z
"3/11/2026, 3:46:58 PM",3.618,68.2,100,0,2026-03-11T20:46:58.000Z
"3/11/2026, 3:49:58 PM",3.619,68.2,100,0,2026-03-11T20:49:58.000Z
"3/11/2026, 3:52:58 PM",3.618,68.2,100,0,2026-03-11T20:52:58.000Z
"3/11/2026, 3:55:58 PM",3.619,68.4,100,0,2026-03-11T20:55:58.000Z
"3/11/2026, 3:58:58 PM",3.619,68.4,100,0,2026-03-11T20:58:58.000Z
"3/11/2026, 4:01:58 PM",3.618,68.4,100,0,2026-03-11T21:01:58.000Z
"3/11/2026, 4:04:58 PM",3.618,68.4,100,0,2026-03-11T21:04:58.000Z
"3/11/2026, 4:07:58 PM",3.619,68.4,100,0,2026-03-11T21:07:58.000Z
"3/11/2026, 4:10:58 PM",3.618,68.4,100,0,2026-03-11T21:10:58.000Z
"3/11/2026, 4:13:58 PM",3.619,68.5,100,0,2026-03-11T21:13:58.000Z
"3/11/2026, 4:16:58 PM",3.618,68.5,100,0,2026-03-11T21:16:58.000Z
"3/11/2026, 4:19:58 PM",3.619,68.5,100,0,2026-03-11T21:19:58.000Z
"3/11/2026, 4:22:58 PM",3.618,68.5,100,0,2026-03-11T21:22:58.000Z
"3/11/2026, 4:25:58 PM",3.618,68.5,100,0,2026-03-11T21:25:58.000Z
"3/11/2026, 4:28:58 PM",3.618,68.5,100,0,2026-03-11T21:28:58.000Z
"3/11/2026, 4:31:58 PM",3.619,68.5,100,0,2026-03-11T21:31:58.000Z
"3/11/2026, 4:34:58 PM",3.619,68.5,100,0,2026-03-11T21:34:58.000Z
"3/11/2026, 4:37:58 PM",3.618,68.5,100,0,2026-03-11T21:37:58.000Z
"3/11/2026, 4:40:58 PM",3.619,68.5,100,0,2026-03-11T21:40:58.000Z
"3/11/2026, 4:43:58 PM",3.619,68.5,100,0,2026-03-11T21:43:58.000Z
"3/11/2026, 4:46:58 PM",3.618,68.4,100,0,2026-03-11T21:46:58.000Z
"3/11/2026, 4:49:58 PM",3.619,68,100,0,2026-03-11T21:49:58.000Z
"3/11/2026, 4:52:58 PM",3.618,67.6,100,0,2026-03-11T21:52:58.000Z
"3/11/2026, 4:55:58 PM",3.618,67.3,100,0,2026-03-11T21:55:58.000Z
"3/11/2026, 4:58:58 PM",3.618,66.9,100,0,2026-03-11T21:58:58.000Z
"3/11/2026, 5:01:58 PM",3.619,66.6,100,0,2026-03-11T22:01:58.000Z
"3/11/2026, 5:04:58 PM",3.618,66.2,100,0,2026-03-11T22:04:58.000Z
"3/11/2026, 5:07:58 PM",3.618,65.7,100,0,2026-03-11T22:07:58.000Z
"3/11/2026, 5:10:58 PM",3.618,65.3,100,0,2026-03-11T22:10:58.000Z
"3/11/2026, 5:13:58 PM",3.618,64.9,100,0,2026-03-11T22:13:58.000Z
"3/11/2026, 5:16:58 PM",3.618,64.6,99.9,0,2026-03-11T22:16:58.000Z
"3/11/2026, 5:19:58 PM",3.618,64.4,99.9,0,2026-03-11T22:19:58.000Z
"3/11/2026, 5:22:58 PM",3.618,64,99.9,0,2026-03-11T22:22:58.000Z
"3/11/2026, 5:25:58 PM",3.618,63.7,99.9,0,2026-03-11T22:25:58.000Z
"3/11/2026, 5:28:58 PM",3.618,63.5,99.9,0,2026-03-11T22:28:58.000Z
"3/11/2026, 5:31:58 PM",3.617,63.1,99.9,0,2026-03-11T22:31:58.000Z
"3/11/2026, 5:34:58 PM",3.618,62.8,99.9,0,2026-03-11T22:34:58.000Z
"3/11/2026, 5:37:58 PM",3.617,62.6,99.9,0,2026-03-11T22:37:58.000Z
"3/11/2026, 5:40:58 PM",3.617,62.2,99.8,0,2026-03-11T22:40:58.000Z
"3/11/2026, 5:43:58 PM",3.617,62.1,99.8,0,2026-03-11T22:43:58.000Z
"3/11/2026, 5:46:58 PM",3.617,61.9,99.8,0,2026-03-11T22:46:58.000Z
"3/11/2026, 5:49:58 PM",3.617,61.5,99.8,0,2026-03-11T22:49:58.000Z
"3/11/2026, 5:52:58 PM",3.617,61.3,99.8,0,2026-03-11T22:52:58.000Z
"3/11/2026, 5:55:58 PM",3.617,61.2,99.8,0,2026-03-11T22:55:58.000Z
"3/11/2026, 5:58:58 PM",3.616,61,99.8,0,2026-03-11T22:58:58.000Z
"3/11/2026, 6:01:58 PM",3.616,60.8,99.8,0,2026-03-11T23:01:58.000Z
"3/11/2026, 6:04:58 PM",3.616,60.6,99.8,0,2026-03-11T23:04:58.000Z
"3/11/2026, 6:07:58 PM",3.616,60.4,99.8,0,2026-03-11T23:07:58.000Z
"3/11/2026, 6:10:58 PM",3.616,60.1,99.9,0,2026-03-11T23:10:58.000Z
"3/11/2026, 6:13:58 PM",3.616,59.7,99.8,0,2026-03-11T23:13:58.000Z
"3/11/2026, 6:16:58 PM",3.616,59.4,99.8,0,2026-03-11T23:16:58.000Z
"3/11/2026, 6:19:58 PM",3.616,59,99.8,0,2026-03-11T23:19:58.000Z
"3/11/2026, 6:22:58 PM",3.616,58.8,99.8,0,2026-03-11T23:22:58.000Z
"3/11/2026, 6:25:58 PM",3.615,58.5,99.7,0,2026-03-11T23:25:58.000Z
"3/11/2026, 6:28:58 PM",3.615,58.1,99.7,0,2026-03-11T23:28:58.000Z
"3/11/2026, 6:31:58 PM",3.615,57.7,99.7,0,2026-03-11T23:31:58.000Z
"3/11/2026, 6:34:58 PM",3.615,57.4,99.6,0,2026-03-11T23:34:58.000Z
"3/11/2026, 6:37:58 PM",3.614,57,99.6,0,2026-03-11T23:37:58.000Z
"3/11/2026, 6:40:58 PM",3.615,56.7,99.6,0,2026-03-11T23:40:58.000Z
"3/11/2026, 6:43:58 PM",3.615,56.3,99.6,0,2026-03-11T23:43:58.000Z
"3/11/2026, 6:46:58 PM",3.614,56.1,99.6,0,2026-03-11T23:46:58.000Z
"3/11/2026, 6:49:58 PM",3.614,55.8,99.5,0,2026-03-11T23:49:58.000Z
"3/11/2026, 6:52:58 PM",3.614,55.6,99.6,0,2026-03-11T23:52:58.000Z
"3/11/2026, 6:55:58 PM",3.614,55.2,99.6,0,2026-03-11T23:55:58.000Z
"3/11/2026, 6:58:58 PM",3.613,55,99.6,0,2026-03-11T23:58:58.000Z
"3/11/2026, 7:01:58 PM",3.614,54.7,99.5,0,2026-03-12T00:01:58.000Z
"3/11/2026, 7:04:58 PM",3.613,54.5,99.5,0,2026-03-12T00:04:58.000Z
"3/11/2026, 7:07:58 PM",3.613,54.3,99.5,0,2026-03-12T00:07:58.000Z
"3/11/2026, 7:10:58 PM",3.613,54.1,99.5,0,2026-03-12T00:10:58.000Z
"3/11/2026, 7:13:58 PM",3.613,54,99.6,0,2026-03-12T00:13:58.000Z
"3/11/2026, 7:16:58 PM",3.612,53.8,99.5,0,2026-03-12T00:16:58.000Z
"3/11/2026, 7:19:58 PM",3.613,53.6,99.5,0,2026-03-12T00:19:58.000Z
"3/11/2026, 7:22:58 PM",3.612,53.4,99.6,0,2026-03-12T00:22:58.000Z
"3/11/2026, 7:25:58 PM",3.612,53.2,99.6,0,2026-03-12T00:25:58.000Z
"3/11/2026, 7:28:58 PM",3.612,53.1,99.6,0,2026-03-12T00:28:58.000Z
"3/11/2026, 7:31:58 PM",3.612,52.9,99.6,0,2026-03-12T00:31:58.000Z
"3/11/2026, 7:34:58 PM",3.612,52.7,99.6,0,2026-03-12T00:34:58.000Z
"3/11/2026, 7:37:58 PM",3.612,52.5,99.6,0,2026-03-12T00:37:58.000Z
"3/11/2026, 7:40:58 PM",3.611,52.3,99.6,0,2026-03-12T00:40:58.000Z
"3/11/2026, 7:43:58 PM",3.611,52.3,99.6,0,2026-03-12T00:43:58.000Z
"3/11/2026, 7:46:58 PM",3.611,52.2,99.6,0,2026-03-12T00:46:58.000Z
"3/11/2026, 7:49:58 PM",3.612,52,99.6,0,2026-03-12T00:49:58.000Z
"3/11/2026, 7:52:58 PM",3.611,51.8,99.6,0,2026-03-12T00:52:58.000Z
"3/11/2026, 7:55:58 PM",3.611,51.8,99.6,0,2026-03-12T00:55:58.000Z
"3/11/2026, 7:58:58 PM",3.611,51.8,99.6,0,2026-03-12T00:58:58.000Z
"3/11/2026, 8:01:58 PM",3.611,51.6,99.6,0,2026-03-12T01:01:58.000Z
"3/11/2026, 8:04:58 PM",3.61,51.6,99.6,0,2026-03-12T01:04:58.000Z
"3/11/2026, 8:07:58 PM",3.611,51.4,99.7,0,2026-03-12T01:07:58.000Z
"3/11/2026, 8:10:58 PM",3.61,51.4,99.6,0,2026-03-12T01:10:58.000Z
"3/11/2026, 8:13:58 PM",3.61,51.3,99.6,0,2026-03-12T01:13:58.000Z
"3/11/2026, 8:16:58 PM",3.61,51.3,99.7,0,2026-03-12T01:16:58.000Z
"3/11/2026, 8:19:58 PM",3.61,51.1,99.7,0,2026-03-12T01:19:58.000Z
"3/11/2026, 8:22:58 PM",3.61,51.1,99.7,0,2026-03-12T01:22:58.000Z
"3/11/2026, 8:25:58 PM",3.61,51.1,99.7,0,2026-03-12T01:25:58.000Z
"3/11/2026, 8:28:58 PM",3.61,51.1,99.7,0,2026-03-12T01:28:58.000Z
"3/11/2026, 8:31:58 PM",3.609,50.9,99.7,0,2026-03-12T01:31:58.000Z
"3/11/2026, 8:34:58 PM",3.61,50.9,99.7,0,2026-03-12T01:34:58.000Z
"3/11/2026, 8:37:58 PM",3.61,50.7,99.8,0,2026-03-12T01:37:58.000Z
"3/11/2026, 8:40:58 PM",3.61,50.7,99.7,0,2026-03-12T01:40:58.000Z
"3/11/2026, 8:43:58 PM",3.61,50.7,99.7,0,2026-03-12T01:43:58.000Z
"3/11/2026, 8:46:58 PM",3.609,50.7,99.7,0,2026-03-12T01:46:58.000Z
"3/11/2026, 8:49:58 PM",3.609,50.5,99.8,0,2026-03-12T01:49:58.000Z
"3/11/2026, 8:52:58 PM",3.609,50.5,99.8,0,2026-03-12T01:52:58.000Z
"3/11/2026, 8:55:58 PM",3.609,50.5,99.8,0,2026-03-12T01:55:58.000Z
"3/11/2026, 8:58:58 PM",3.609,50.4,99.8,0,2026-03-12T01:58:58.000Z
"3/11/2026, 9:01:58 PM",3.609,50.4,99.8,0,2026-03-12T02:01:58.000Z
"3/11/2026, 9:04:58 PM",3.609,50.2,99.8,0,2026-03-12T02:04:58.000Z
"3/11/2026, 9:07:58 PM",3.608,50,99.8,0,2026-03-12T02:07:58.000Z
"3/11/2026, 9:10:58 PM",3.609,50,99.8,0,2026-03-12T02:10:58.000Z
"3/11/2026, 9:13:58 PM",3.609,50,99.8,0,2026-03-12T02:13:58.000Z
"3/11/2026, 9:16:58 PM",3.609,49.8,99.8,0,2026-03-12T02:16:58.000Z
"3/11/2026, 9:19:58 PM",3.608,49.8,99.8,0,2026-03-12T02:19:58.000Z
"3/11/2026, 9:22:58 PM",3.609,49.6,99.8,0,2026-03-12T02:22:58.000Z
"3/11/2026, 9:25:58 PM",3.608,49.6,99.8,0,2026-03-12T02:25:58.000Z
"3/11/2026, 9:28:58 PM",3.608,49.5,99.8,0,2026-03-12T02:28:58.000Z
"3/11/2026, 9:31:58 PM",3.609,49.5,99.8,0,2026-03-12T02:31:58.000Z
"3/11/2026, 9:34:58 PM",3.608,49.3,99.8,0,2026-03-12T02:34:58.000Z
"3/11/2026, 9:37:58 PM",3.608,49.3,99.8,0,2026-03-12T02:37:58.000Z
"3/11/2026, 9:40:58 PM",3.608,49.1,99.8,0,2026-03-12T02:40:58.000Z
"3/11/2026, 9:43:58 PM",3.608,49.1,99.8,0,2026-03-12T02:43:58.000Z
"3/11/2026, 9:46:58 PM",3.608,49.1,99.8,0,2026-03-12T02:46:58.000Z
"3/11/2026, 9:49:58 PM",3.609,49.1,99.8,0,2026-03-12T02:49:58.000Z
"3/11/2026, 9:52:58 PM",3.608,49.1,99.8,0,2026-03-12T02:52:58.000Z
"3/11/2026, 9:55:58 PM",3.608,49.1,99.8,0,2026-03-12T02:55:58.000Z
"3/11/2026, 9:58:58 PM",3.608,48.9,99.8,0,2026-03-12T02:58:58.000Z
"3/11/2026, 10:01:58 PM",3.608,48.9,99.8,0,2026-03-12T03:01:58.000Z
"3/11/2026, 10:04:58 PM",3.607,48.9,99.9,0,2026-03-12T03:04:58.000Z
"3/11/2026, 10:07:58 PM",3.607,48.9,99.8,0,2026-03-12T03:07:58.000Z
"3/11/2026, 10:10:58 PM",3.607,48.9,99.9,0,2026-03-12T03:10:58.000Z
"3/11/2026, 10:13:58 PM",3.608,48.7,99.9,0,2026-03-12T03:13:58.000Z
"3/11/2026, 10:16:58 PM",3.607,48.7,99.9,0,2026-03-12T03:16:58.000Z
"3/11/2026, 10:19:58 PM",3.607,48.6,99.9,0,2026-03-12T03:19:58.000Z
"3/11/2026, 10:22:58 PM",3.607,48.6,99.8,0,2026-03-12T03:22:58.000Z
"3/11/2026, 10:25:58 PM",3.607,48.6,99.9,0,2026-03-12T03:25:58.000Z
"3/11/2026, 10:28:58 PM",3.607,48.6,99.9,0,2026-03-12T03:28:58.000Z
"3/11/2026, 10:31:58 PM",3.607,48.4,99.9,0,2026-03-12T03:31:58.000Z
"3/11/2026, 10:34:58 PM",3.607,48.4,99.9,0,2026-03-12T03:34:58.000Z
"3/11/2026, 10:37:58 PM",3.607,48.4,99.9,0,2026-03-12T03:37:58.000Z
"3/11/2026, 10:40:58 PM",3.607,48.4,99.9,0,2026-03-12T03:40:58.000Z
"3/11/2026, 10:43:58 PM",3.607,48.2,99.9,0,2026-03-12T03:43:58.000Z
"3/11/2026, 10:46:58 PM",3.607,48.2,99.9,0,2026-03-12T03:46:58.000Z
"3/11/2026, 10:49:58 PM",3.607,48,99.9,0,2026-03-12T03:49:58.000Z
"3/11/2026, 10:52:58 PM",3.607,48,99.9,0,2026-03-12T03:52:58.000Z
"3/11/2026, 10:55:58 PM",3.607,47.8,99.9,0,2026-03-12T03:55:58.000Z
"3/11/2026, 10:58:58 PM",3.607,47.8,99.9,0,2026-03-12T03:58:58.000Z
"3/11/2026, 11:01:58 PM",3.607,47.7,99.9,0,2026-03-12T04:01:58.000Z
"3/11/2026, 11:04:58 PM",3.606,47.5,99.8,0,2026-03-12T04:04:58.000Z
"3/11/2026, 11:07:58 PM",3.606,47.5,99.8,0,2026-03-12T04:07:58.000Z
"3/11/2026, 11:10:58 PM",3.607,47.5,99.8,0,2026-03-12T04:10:58.000Z
"3/11/2026, 11:13:58 PM",3.606,47.3,99.8,0,2026-03-12T04:13:58.000Z
"3/11/2026, 11:16:58 PM",3.606,47.3,99.8,0,2026-03-12T04:16:58.000Z
"3/11/2026, 11:19:58 PM",3.606,47.3,99.8,0,2026-03-12T04:19:58.000Z
"3/11/2026, 11:22:58 PM",3.606,47.5,99.8,0,2026-03-12T04:22:58.000Z
"3/11/2026, 11:25:58 PM",3.606,47.7,99.9,0,2026-03-12T04:25:58.000Z
"3/11/2026, 11:28:58 PM",3.606,47.7,99.9,0,2026-03-12T04:28:58.000Z
"3/11/2026, 11:31:58 PM",3.606,47.8,99.9,0,2026-03-12T04:31:58.000Z
"3/11/2026, 11:34:58 PM",3.606,47.8,99.9,0,2026-03-12T04:34:58.000Z
"3/11/2026, 11:37:58 PM",3.606,48,100,0,2026-03-12T04:37:58.000Z
"3/11/2026, 11:40:58 PM",3.606,48,100,0,2026-03-12T04:40:58.000Z
"3/11/2026, 11:43:58 PM",3.606,48.2,100,0,2026-03-12T04:43:58.000Z
"3/11/2026, 11:46:58 PM",3.606,48.2,100,0,2026-03-12T04:46:58.000Z
"3/11/2026, 11:49:58 PM",3.606,48.2,100,0,2026-03-12T04:49:58.000Z
"3/11/2026, 11:52:58 PM",3.606,48.4,100,0,2026-03-12T04:52:58.000Z
"3/11/2026, 11:55:58 PM",3.606,48.4,100,0,2026-03-12T04:55:58.000Z
"3/11/2026, 11:58:58 PM",3.606,48.4,100,0,2026-03-12T04:58:58.000Z
"3/12/2026, 12:01:58 AM",3.606,48.4,100,0,2026-03-12T05:01:58.000Z
"3/12/2026, 12:04:58 AM",3.606,48.4,100,0,2026-03-12T05:04:58.000Z
"3/12/2026, 12:07:58 AM",3.606,48.4,100,0,2026-03-12T05:07:58.000Z
"3/12/2026, 12:10:58 AM",3.606,48.4,100,0,2026-03-12T05:10:58.000Z
"3/12/2026, 12:13:58 AM",3.606,48.6,100,0,2026-03-12T05:13:58.000Z
"3/12/2026, 12:16:58 AM",3.605,48.6,100,0,2026-03-12T05:16:58.000Z
"3/12/2026, 12:19:58 AM",3.606,48.6,100,0,2026-03-12T05:19:58.000Z
"3/12/2026, 12:22:58 AM",3.605,48.6,100,0,2026-03-12T05:22:58.000Z
"3/12/2026, 12:25:58 AM",3.606,48.4,100,0,2026-03-12T05:25:58.000Z
"3/12/2026, 12:28:58 AM",3.606,48.4,100,0,2026-03-12T05:28:58.000Z
"3/12/2026, 12:31:58 AM",3.606,48.2,100,0,2026-03-12T05:31:58.000Z
"3/12/2026, 12:34:58 AM",3.605,48.2,100,0,2026-03-12T05:34:58.000Z
"3/12/2026, 12:37:58 AM",3.606,48.2,100,0,2026-03-12T05:37:58.000Z
"3/12/2026, 12:40:58 AM",3.606,48,100,0,2026-03-12T05:40:58.000Z
"3/12/2026, 12:43:58 AM",3.606,48,100,0,2026-03-12T05:43:58.000Z
"3/12/2026, 12:46:58 AM",3.606,48,100,0,2026-03-12T05:46:58.000Z
"3/12/2026, 12:49:58 AM",3.606,48,100,0,2026-03-12T05:49:58.000Z
"3/12/2026, 12:52:58 AM",3.606,48,100,0,2026-03-12T05:52:58.000Z
"3/12/2026, 12:55:58 AM",3.605,48,100,0,2026-03-12T05:55:58.000Z
"3/12/2026, 12:58:58 AM",3.606,48.2,100,0,2026-03-12T05:58:58.000Z
"3/12/2026, 1:01:58 AM",3.606,48,100,0,2026-03-12T06:01:58.000Z
"3/12/2026, 1:04:58 AM",3.606,48,100,0,2026-03-12T06:04:58.000Z
"3/12/2026, 1:07:58 AM",3.605,48.2,100,0,2026-03-12T06:07:58.000Z
"3/12/2026, 1:10:58 AM",3.606,48.2,100,0,2026-03-12T06:10:58.000Z
"3/12/2026, 1:13:58 AM",3.606,48.2,100,0,2026-03-12T06:13:58.000Z
"3/12/2026, 1:16:58 AM",3.605,48.4,100,0,2026-03-12T06:16:58.000Z
"3/12/2026, 1:19:58 AM",3.605,48.4,100,0,2026-03-12T06:19:58.000Z
"3/12/2026, 1:22:58 AM",3.605,48.2,100,0,2026-03-12T06:22:58.000Z
"3/12/2026, 1:25:58 AM",3.605,48.2,100,0,2026-03-12T06:25:58.000Z
"3/12/2026, 1:28:58 AM",3.605,48.2,100,0,2026-03-12T06:28:58.000Z
"3/12/2026, 1:31:58 AM",3.606,48,100,0,2026-03-12T06:31:58.000Z
"3/12/2026, 1:34:58 AM",3.606,48,100,0,2026-03-12T06:34:58.000Z
"3/12/2026, 1:37:58 AM",3.605,47.8,100,0,2026-03-12T06:37:58.000Z
"3/12/2026, 1:40:58 AM",3.605,47.8,100,0,2026-03-12T06:40:58.000Z
"3/12/2026, 1:43:58 AM",3.605,47.8,100,0,2026-03-12T06:43:58.000Z
"3/12/2026, 1:46:58 AM",3.605,47.7,100,0,2026-03-12T06:46:58.000Z
"3/12/2026, 1:49:58 AM",3.605,47.7,100,0,2026-03-12T06:49:58.000Z
"3/12/2026, 1:52:58 AM",3.605,47.5,100,0,2026-03-12T06:52:58.000Z
"3/12/2026, 1:55:58 AM",3.605,47.5,100,0,2026-03-12T06:55:58.000Z
"3/12/2026, 1:58:58 AM",3.605,47.5,100,0,2026-03-12T06:58:58.000Z
"3/12/2026, 2:01:58 AM",3.605,47.5,100,0,2026-03-12T07:01:58.000Z
"3/12/2026, 2:04:58 AM",3.605,47.5,100,0,2026-03-12T07:04:58.000Z
"3/12/2026, 2:07:58 AM",3.605,47.3,100,0,2026-03-12T07:07:58.000Z
"3/12/2026, 2:10:58 AM",3.605,47.3,100,0,2026-03-12T07:10:58.000Z
"3/12/2026, 2:13:58 AM",3.605,47.3,100,0,2026-03-12T07:13:58.000Z
"3/12/2026, 2:16:58 AM",3.605,47.3,100,0,2026-03-12T07:16:58.000Z
"3/12/2026, 2:19:58 AM",3.605,47.1,100,0,2026-03-12T07:19:58.000Z
"3/12/2026, 2:22:58 AM",3.605,47.1,100,0,2026-03-12T07:22:58.000Z
"3/12/2026, 2:25:58 AM",3.605,46.9,100,0,2026-03-12T07:25:58.000Z
"3/12/2026, 2:28:58 AM",3.605,46.9,100,0,2026-03-12T07:28:58.000Z
"3/12/2026, 2:31:58 AM",3.604,46.9,100,0,2026-03-12T07:31:58.000Z
"3/12/2026, 2:34:58 AM",3.605,46.8,100,0,2026-03-12T07:34:58.000Z
"3/12/2026, 2:37:58 AM",3.605,46.8,100,0,2026-03-12T07:37:58.000Z
"3/12/2026, 2:40:58 AM",3.604,46.6,100,0,2026-03-12T07:40:58.000Z
"3/12/2026, 2:43:58 AM",3.605,46.6,100,0,2026-03-12T07:43:58.000Z
"3/12/2026, 2:46:58 AM",3.605,46.6,100,0,2026-03-12T07:46:58.000Z
"3/12/2026, 2:49:58 AM",3.604,46.4,100,0,2026-03-12T07:49:58.000Z
"3/12/2026, 2:52:58 AM",3.604,46.4,100,0,2026-03-12T07:52:58.000Z
"3/12/2026, 2:55:58 AM",3.604,46.4,100,0,2026-03-12T07:55:58.000Z
"3/12/2026, 2:58:58 AM",3.604,46.4,100,0,2026-03-12T07:58:58.000Z
"3/12/2026, 3:01:58 AM",3.604,46.2,100,0,2026-03-12T08:01:58.000Z
"3/12/2026, 3:04:58 AM",3.604,46.2,100,0,2026-03-12T08:04:58.000Z
"3/12/2026, 3:07:58 AM",3.604,46.2,100,0,2026-03-12T08:07:58.000Z
"3/12/2026, 3:10:58 AM",3.604,46.2,100,0,2026-03-12T08:10:58.000Z
"3/12/2026, 3:13:58 AM",3.604,46,100,0,2026-03-12T08:13:58.000Z
"3/12/2026, 3:16:58 AM",3.604,46,100,0,2026-03-12T08:16:58.000Z
"3/12/2026, 3:19:58 AM",3.603,45.9,100,0,2026-03-12T08:19:58.000Z
"3/12/2026, 3:22:58 AM",3.604,45.7,100,0,2026-03-12T08:22:58.000Z
"3/12/2026, 3:25:58 AM",3.604,45.5,100,0,2026-03-12T08:25:58.000Z
"3/12/2026, 3:28:58 AM",3.603,45.3,100,0,2026-03-12T08:28:58.000Z
"3/12/2026, 3:31:58 AM",3.604,45.3,100,0,2026-03-12T08:31:58.000Z
"3/12/2026, 3:34:58 AM",3.603,45.1,100,0,2026-03-12T08:34:58.000Z
"3/12/2026, 3:37:58 AM",3.603,45,100,0,2026-03-12T08:37:58.000Z
"3/12/2026, 3:40:58 AM",3.603,45,100,0,2026-03-12T08:40:58.000Z
"3/12/2026, 3:43:58 AM",3.603,44.8,100,0,2026-03-12T08:43:58.000Z
"3/12/2026, 3:46:58 AM",3.603,44.6,100,0,2026-03-12T08:46:58.000Z
"3/12/2026, 3:49:58 AM",3.603,44.4,100,0,2026-03-12T08:49:58.000Z
"3/12/2026, 3:52:58 AM",3.603,44.2,100,0,2026-03-12T08:52:58.000Z
"3/12/2026, 3:55:58 AM",3.602,44.2,100,0,2026-03-12T08:55:58.000Z
"3/12/2026, 3:58:58 AM",3.603,44.1,100,0,2026-03-12T08:58:58.000Z
"3/12/2026, 4:01:58 AM",3.602,43.9,100,0,2026-03-12T09:01:58.000Z
"3/12/2026, 4:04:58 AM",3.602,43.7,100,0,2026-03-12T09:04:58.000Z
"3/12/2026, 4:07:58 AM",3.603,43.7,100,0,2026-03-12T09:07:58.000Z
"3/12/2026, 4:10:58 AM",3.602,43.5,100,0,2026-03-12T09:10:58.000Z
"3/12/2026, 4:13:58 AM",3.602,43.5,100,0,2026-03-12T09:13:58.000Z
"3/12/2026, 4:16:58 AM",3.602,43.3,100,0,2026-03-12T09:16:58.000Z
"3/12/2026, 4:19:58 AM",3.602,43.3,100,0,2026-03-12T09:19:58.000Z
"3/12/2026, 4:22:58 AM",3.602,43.2,100,0,2026-03-12T09:22:58.000Z
"3/12/2026, 4:25:58 AM",3.602,43.2,100,0,2026-03-12T09:25:58.000Z
"3/12/2026, 4:28:58 AM",3.601,43.2,100,0,2026-03-12T09:28:58.000Z
"3/12/2026, 4:31:58 AM",3.601,43.2,100,0,2026-03-12T09:31:58.000Z
"3/12/2026, 4:34:58 AM",3.602,43,100,0,2026-03-12T09:34:58.000Z
"3/12/2026, 4:37:58 AM",3.601,43.2,100,0,2026-03-12T09:37:58.000Z
"3/12/2026, 4:40:58 AM",3.601,43.2,100,0,2026-03-12T09:40:58.000Z
"3/12/2026, 4:43:58 AM",3.601,43.2,100,0,2026-03-12T09:43:58.000Z
"3/12/2026, 4:46:58 AM",3.601,43.2,100,0,2026-03-12T09:46:58.000Z
"3/12/2026, 4:49:58 AM",3.601,43.3,100,0,2026-03-12T09:49:58.000Z
"3/12/2026, 4:52:58 AM",3.601,43.3,100,0,2026-03-12T09:52:58.000Z
"3/12/2026, 4:55:58 AM",3.601,43.3,100,0,2026-03-12T09:55:58.000Z
"3/12/2026, 4:58:58 AM",3.601,43.3,100,0,2026-03-12T09:58:58.000Z
"3/12/2026, 5:01:58 AM",3.601,43.2,100,0,2026-03-12T10:01:58.000Z
"3/12/2026, 5:04:58 AM",3.601,43.2,100,0,2026-03-12T10:04:58.000Z
"3/12/2026, 5:07:58 AM",3.601,43,100,0,2026-03-12T10:07:58.000Z
"3/12/2026, 5:10:58 AM",3.601,43,100,0,2026-03-12T10:10:58.000Z
"3/12/2026, 5:13:58 AM",3.601,43,100,0,2026-03-12T10:13:58.000Z
"3/12/2026, 5:16:58 AM",3.6,42.8,100,0,2026-03-12T10:16:58.000Z
"3/12/2026, 5:19:58 AM",3.6,42.8,100,0,2026-03-12T10:19:58.000Z
"3/12/2026, 5:22:58 AM",3.6,42.8,100,0,2026-03-12T10:22:58.000Z
"3/12/2026, 5:25:58 AM",3.6,42.6,100,0,2026-03-12T10:25:58.000Z
"3/12/2026, 5:28:58 AM",3.6,42.6,100,0,2026-03-12T10:28:58.000Z
"3/12/2026, 5:31:58 AM",3.6,42.6,100,0,2026-03-12T10:31:58.000Z
"3/12/2026, 5:34:58 AM",3.6,42.6,100,0,2026-03-12T10:34:58.000Z
"3/12/2026, 5:37:58 AM",3.6,42.6,100,0,2026-03-12T10:37:58.000Z
"3/12/2026, 5:40:58 AM",3.6,42.4,100,0,2026-03-12T10:40:58.000Z
"3/12/2026, 5:43:58 AM",3.6,42.4,100,0,2026-03-12T10:43:58.000Z
"3/12/2026, 5:46:58 AM",3.6,42.4,100,0,2026-03-12T10:46:58.000Z
"3/12/2026, 5:49:58 AM",3.601,42.4,100,0,2026-03-12T10:49:58.000Z
"3/12/2026, 5:52:58 AM",3.6,42.3,100,0,2026-03-12T10:52:58.000Z
"3/12/2026, 5:55:58 AM",3.6,42.3,100,0,2026-03-12T10:55:58.000Z
"3/12/2026, 5:58:58 AM",3.6,42.3,100,0,2026-03-12T10:58:58.000Z
"3/12/2026, 6:01:58 AM",3.6,42.3,100,0,2026-03-12T11:01:58.000Z
"3/12/2026, 6:04:58 AM",3.6,42.1,100,0,2026-03-12T11:04:58.000Z
"3/12/2026, 6:07:58 AM",3.6,42.1,100,0,2026-03-12T11:07:58.000Z
"3/12/2026, 6:10:58 AM",3.6,42.1,100,0,2026-03-12T11:10:58.000Z
"3/12/2026, 6:13:58 AM",3.6,41.9,100,0,2026-03-12T11:13:58.000Z
"3/12/2026, 6:16:58 AM",3.599,41.9,100,0,2026-03-12T11:16:58.000Z
"3/12/2026, 6:19:58 AM",3.6,41.9,100,0,2026-03-12T11:19:58.000Z
"3/12/2026, 6:22:58 AM",3.6,41.9,100,0,2026-03-12T11:22:58.000Z
"3/12/2026, 6:25:58 AM",3.599,41.9,100,0,2026-03-12T11:25:58.000Z
"3/12/2026, 6:28:58 AM",3.6,41.7,100,0,2026-03-12T11:28:58.000Z
"3/12/2026, 6:31:58 AM",3.599,41.7,100,0,2026-03-12T11:31:58.000Z
"3/12/2026, 6:34:58 AM",3.599,41.7,100,0,2026-03-12T11:34:58.000Z
"3/12/2026, 6:37:58 AM",3.599,41.7,100,0,2026-03-12T11:37:58.000Z
"3/12/2026, 6:40:58 AM",3.6,41.7,100,0,2026-03-12T11:40:58.000Z
"3/12/2026, 6:43:58 AM",3.599,41.7,100,0,2026-03-12T11:43:58.000Z
"3/12/2026, 6:46:58 AM",3.599,41.7,100,0,2026-03-12T11:46:58.000Z
"3/12/2026, 6:49:58 AM",3.599,41.9,100,0,2026-03-12T11:49:58.000Z
"3/12/2026, 6:52:58 AM",3.599,41.9,100,0,2026-03-12T11:52:58.000Z
"3/12/2026, 6:55:58 AM",3.599,41.9,100,0,2026-03-12T11:55:58.000Z
"3/12/2026, 6:58:58 AM",3.599,42.1,100,0,2026-03-12T11:58:58.000Z
"3/12/2026, 7:01:58 AM",3.599,42.3,100,0,2026-03-12T12:01:58.000Z
"3/12/2026, 7:04:58 AM",3.599,42.8,100,0,2026-03-12T12:04:58.000Z
"3/12/2026, 7:07:58 AM",3.599,43,100,0,2026-03-12T12:07:58.000Z
"3/12/2026, 7:10:58 AM",3.599,43.2,100,0,2026-03-12T12:10:58.000Z
"3/12/2026, 7:13:58 AM",3.599,43.5,100,0,2026-03-12T12:13:58.000Z
"3/12/2026, 7:16:58 AM",3.599,43.9,100,0,2026-03-12T12:16:58.000Z
"3/12/2026, 7:19:58 AM",3.599,44.1,100,0,2026-03-12T12:19:58.000Z
"3/12/2026, 7:22:58 AM",3.599,44.4,100,0,2026-03-12T12:22:58.000Z
"3/12/2026, 7:25:58 AM",3.599,44.6,100,0,2026-03-12T12:25:58.000Z
"3/12/2026, 7:28:58 AM",3.599,44.8,100,0,2026-03-12T12:28:58.000Z
"3/12/2026, 7:31:58 AM",3.599,45,100,0,2026-03-12T12:31:58.000Z
"3/12/2026, 7:34:58 AM",3.6,45.1,100,0,2026-03-12T12:34:58.000Z
"3/12/2026, 7:37:58 AM",3.6,45.3,100,0,2026-03-12T12:37:58.000Z
"3/12/2026, 7:40:58 AM",3.6,45.5,100,0,2026-03-12T12:40:58.000Z
"3/12/2026, 7:43:58 AM",3.6,45.5,100,0,2026-03-12T12:43:58.000Z
"3/12/2026, 7:46:58 AM",3.6,45.9,100,0,2026-03-12T12:46:58.000Z
"3/12/2026, 7:49:58 AM",3.6,45.9,100,0,2026-03-12T12:49:58.000Z
"3/12/2026, 7:52:58 AM",3.601,46.2,100,0,2026-03-12T12:52:58.000Z
"3/12/2026, 7:55:58 AM",3.6,46.2,100,0,2026-03-12T12:55:58.000Z
"3/12/2026, 7:58:58 AM",3.601,46.4,100,0,2026-03-12T12:58:58.000Z
"3/12/2026, 8:01:58 AM",3.6,46.6,100,0,2026-03-12T13:01:58.000Z
"3/12/2026, 8:04:58 AM",3.601,46.6,100,0,2026-03-12T13:04:58.000Z
"3/12/2026, 8:07:58 AM",3.601,46.8,100,0,2026-03-12T13:07:58.000Z
"3/12/2026, 8:10:58 AM",3.601,46.8,100,0,2026-03-12T13:10:58.000Z
"3/12/2026, 8:13:58 AM",3.601,46.9,100,0,2026-03-12T13:13:58.000Z
"3/12/2026, 8:16:58 AM",3.601,47.1,100,0,2026-03-12T13:16:58.000Z
"3/12/2026, 8:19:58 AM",3.601,47.1,100,0,2026-03-12T13:19:58.000Z
"3/12/2026, 8:22:58 AM",3.601,47.5,100,0,2026-03-12T13:22:58.000Z
"3/12/2026, 8:25:58 AM",3.601,47.5,100,0,2026-03-12T13:25:58.000Z
"3/12/2026, 8:28:58 AM",3.601,47.5,100,0,2026-03-12T13:28:58.000Z
"3/12/2026, 8:31:58 AM",3.601,47.7,100,0,2026-03-12T13:31:58.000Z
"3/12/2026, 8:34:58 AM",3.601,47.7,100,0,2026-03-12T13:34:58.000Z
"3/12/2026, 8:37:58 AM",3.602,47.8,100,0,2026-03-12T13:37:58.000Z
"3/12/2026, 8:40:58 AM",3.602,48,100,0,2026-03-12T13:40:58.000Z
"3/12/2026, 8:43:58 AM",3.602,48.2,100,0,2026-03-12T13:43:58.000Z
"3/12/2026, 8:46:58 AM",3.602,48.2,100,0,2026-03-12T13:46:58.000Z
"3/12/2026, 8:49:58 AM",3.602,48.4,100,0,2026-03-12T13:49:58.000Z
"3/12/2026, 8:52:58 AM",3.602,48.6,100,0,2026-03-12T13:52:58.000Z
"3/12/2026, 8:55:58 AM",3.602,48.7,100,0,2026-03-12T13:55:58.000Z
"3/12/2026, 8:58:58 AM",3.602,48.9,100,0,2026-03-12T13:58:58.000Z
"3/12/2026, 9:01:58 AM",3.602,48.9,100,0,2026-03-12T14:01:58.000Z
"3/12/2026, 9:04:58 AM",3.602,48.9,100,0,2026-03-12T14:04:58.000Z
"3/12/2026, 9:07:58 AM",3.603,49.3,100,0,2026-03-12T14:07:58.000Z
"3/12/2026, 9:10:58 AM",3.602,49.5,100,0,2026-03-12T14:10:58.000Z
"3/12/2026, 9:13:58 AM",3.603,49.6,100,0,2026-03-12T14:13:58.000Z
"3/12/2026, 9:16:58 AM",3.603,50,100,0,2026-03-12T14:16:58.000Z
"3/12/2026, 9:19:58 AM",3.603,50.2,100,0,2026-03-12T14:19:58.000Z
"3/12/2026, 9:22:58 AM",3.603,50.4,100,0,2026-03-12T14:22:58.000Z
"3/12/2026, 9:25:58 AM",3.603,50.7,100,0,2026-03-12T14:25:58.000Z
"3/12/2026, 9:28:58 AM",3.603,50.9,100,0,2026-03-12T14:28:58.000Z
"3/12/2026, 9:31:58 AM",3.603,51.1,100,0,2026-03-12T14:31:58.000Z
"3/12/2026, 9:34:58 AM",3.604,51.4,100,0,2026-03-12T14:34:58.000Z
"3/12/2026, 9:37:58 AM",3.603,51.6,100,0,2026-03-12T14:37:58.000Z
"3/12/2026, 9:40:58 AM",3.604,52,100,0,2026-03-12T14:40:58.000Z
"3/12/2026, 9:43:58 AM",3.604,52.2,100,0,2026-03-12T14:43:58.000Z
"3/12/2026, 9:46:58 AM",3.604,52.5,100,0,2026-03-12T14:46:58.000Z
"3/12/2026, 9:49:58 AM",3.604,52.7,100,0,2026-03-12T14:49:58.000Z
"3/12/2026, 9:52:58 AM",3.604,53.1,100,0,2026-03-12T14:52:58.000Z
"3/12/2026, 9:55:58 AM",3.604,53.2,100,0,2026-03-12T14:55:58.000Z
"3/12/2026, 9:58:58 AM",3.604,53.6,100,0,2026-03-12T14:58:58.000Z
"3/12/2026, 10:01:58 AM",3.604,53.8,100,0,2026-03-12T15:01:58.000Z
"3/12/2026, 10:04:58 AM",3.605,54.1,100,0,2026-03-12T15:04:58.000Z
"3/12/2026, 10:07:58 AM",3.605,54.3,100,0,2026-03-12T15:07:58.000Z
"3/12/2026, 10:10:58 AM",3.605,54.7,100,0,2026-03-12T15:10:58.000Z
"3/12/2026, 10:13:58 AM",3.605,54.9,100,0,2026-03-12T15:13:58.000Z
"3/12/2026, 10:16:58 AM",3.605,55.2,100,0,2026-03-12T15:16:58.000Z
"3/12/2026, 10:19:58 AM",3.606,55.4,100,0,2026-03-12T15:19:58.000Z
"3/12/2026, 10:22:58 AM",3.606,55.8,100,0,2026-03-12T15:22:58.000Z
"3/12/2026, 10:25:58 AM",3.606,55.9,100,0,2026-03-12T15:25:58.000Z
"3/12/2026, 10:28:58 AM",3.606,56.1,100,0,2026-03-12T15:28:58.000Z
"3/12/2026, 10:31:58 AM",3.606,56.3,100,0,2026-03-12T15:31:58.000Z
"3/12/2026, 10:34:58 AM",3.606,56.5,100,0,2026-03-12T15:34:58.000Z
"3/12/2026, 10:37:58 AM",3.607,56.8,100,0,2026-03-12T15:37:58.000Z
"3/12/2026, 10:40:58 AM",3.607,57,100,0,2026-03-12T15:40:58.000Z
"3/12/2026, 10:43:58 AM",3.607,57.2,100,0,2026-03-12T15:43:58.000Z
"3/12/2026, 10:46:58 AM",3.607,57.4,100,0,2026-03-12T15:46:58.000Z
"3/12/2026, 10:49:58 AM",3.607,57.6,100,0,2026-03-12T15:49:58.000Z
"3/12/2026, 10:52:58 AM",3.607,57.7,100,0,2026-03-12T15:52:58.000Z
"3/12/2026, 10:55:58 AM",3.607,58.1,100,0,2026-03-12T15:55:58.000Z
"3/12/2026, 10:58:58 AM",3.608,58.3,100,0,2026-03-12T15:58:58.000Z
"3/12/2026, 11:01:58 AM",3.608,58.5,100,0,2026-03-12T16:01:58.000Z
"3/12/2026, 11:04:58 AM",3.608,58.6,100,0,2026-03-12T16:04:58.000Z
"3/12/2026, 11:07:58 AM",3.608,58.8,100,0,2026-03-12T16:07:58.000Z
"3/12/2026, 11:10:58 AM",3.608,59,100,0,2026-03-12T16:10:58.000Z
"3/12/2026, 11:13:58 AM",3.608,59,100,0,2026-03-12T16:13:58.000Z
"3/12/2026, 11:16:58 AM",3.609,59.2,100,0,2026-03-12T16:16:58.000Z
"3/12/2026, 11:19:58 AM",3.609,59.4,100,0,2026-03-12T16:19:58.000Z
"3/12/2026, 11:22:58 AM",3.609,59.5,100,0,2026-03-12T16:22:58.000Z
"3/12/2026, 11:25:58 AM",3.609,59.7,100,0,2026-03-12T16:25:58.000Z
"3/12/2026, 11:28:58 AM",3.609,59.9,100,0,2026-03-12T16:28:58.000Z
"3/12/2026, 11:31:58 AM",3.609,60.1,100,0,2026-03-12T16:31:58.000Z
"3/12/2026, 11:34:58 AM",3.61,60.1,100,0,2026-03-12T16:34:58.000Z
"3/12/2026, 11:37:58 AM",3.609,60.3,100,0,2026-03-12T16:37:58.000Z
"3/12/2026, 11:40:58 AM",3.609,60.3,100,0,2026-03-12T16:40:58.000Z
"3/12/2026, 11:43:58 AM",3.61,60.3,100,0,2026-03-12T16:43:58.000Z
"3/12/2026, 11:46:58 AM",3.61,60.4,100,0,2026-03-12T16:46:58.000Z
"3/12/2026, 11:49:58 AM",3.61,60.4,100,0,2026-03-12T16:49:58.000Z
"3/12/2026, 11:52:58 AM",3.61,60.6,100,0,2026-03-12T16:52:58.000Z
"3/12/2026, 11:55:58 AM",3.61,60.6,100,0,2026-03-12T16:55:58.000Z
"3/12/2026, 11:58:58 AM",3.61,60.6,100,0,2026-03-12T16:58:58.000Z
"3/12/2026, 12:01:58 PM",3.61,60.6,100,0,2026-03-12T17:01:58.000Z
"3/12/2026, 12:04:58 PM",3.61,60.8,100,0,2026-03-12T17:04:58.000Z
"3/12/2026, 12:07:58 PM",3.61,60.8,100,0,2026-03-12T17:07:58.000Z
"3/12/2026, 12:10:58 PM",3.611,60.8,100,0,2026-03-12T17:10:58.000Z
"3/12/2026, 12:13:58 PM",3.61,60.8,100,0,2026-03-12T17:13:58.000Z
"3/12/2026, 12:16:58 PM",3.61,60.8,100,0,2026-03-12T17:16:58.000Z
"3/12/2026, 12:19:58 PM",3.61,60.8,100,0,2026-03-12T17:19:58.000Z
"3/12/2026, 12:22:58 PM",3.61,61,100,0,2026-03-12T17:22:58.000Z
"3/12/2026, 12:25:58 PM",3.61,61.2,100,0,2026-03-12T17:25:58.000Z
"3/12/2026, 12:28:58 PM",3.611,61.5,100,0,2026-03-12T17:28:58.000Z
"3/12/2026, 12:31:58 PM",3.611,61.7,100,0,2026-03-12T17:31:58.000Z
"3/12/2026, 12:34:58 PM",3.611,61.9,100,0,2026-03-12T17:34:58.000Z
"3/12/2026, 12:37:58 PM",3.611,62.1,100,0,2026-03-12T17:37:58.000Z
"3/12/2026, 12:40:58 PM",3.611,62.1,100,0,2026-03-12T17:40:58.000Z
"3/12/2026, 12:43:58 PM",3.611,62.2,100,0,2026-03-12T17:43:58.000Z
"3/12/2026, 12:46:58 PM",3.611,62.4,100,0,2026-03-12T17:46:58.000Z
"3/12/2026, 12:49:58 PM",3.611,62.6,100,0,2026-03-12T17:49:58.000Z
"3/12/2026, 12:52:58 PM",3.611,62.6,100,0,2026-03-12T17:52:58.000Z
"3/12/2026, 12:55:58 PM",3.611,62.8,100,0,2026-03-12T17:55:58.000Z
"3/12/2026, 12:58:58 PM",3.611,63,100,0,2026-03-12T17:58:58.000Z
"3/12/2026, 1:01:58 PM",3.612,63,100,0,2026-03-12T18:01:58.000Z
"3/12/2026, 1:04:58 PM",3.612,62.8,100,0,2026-03-12T18:04:58.000Z
"3/12/2026, 1:07:58 PM",3.612,62.8,100,0,2026-03-12T18:07:58.000Z
"3/12/2026, 1:10:58 PM",3.612,62.8,100,0,2026-03-12T18:10:58.000Z
"3/12/2026, 1:13:58 PM",3.612,63,100,0,2026-03-12T18:13:58.000Z
"3/12/2026, 1:16:58 PM",3.612,63,100,0,2026-03-12T18:16:58.000Z
"3/12/2026, 1:19:58 PM",3.612,63,100,0,2026-03-12T18:19:58.000Z
"3/12/2026, 1:22:58 PM",3.612,63.1,100,0,2026-03-12T18:22:58.000Z
"3/12/2026, 1:25:58 PM",3.612,63.3,100,0,2026-03-12T18:25:58.000Z
"3/12/2026, 1:28:58 PM",3.612,63.5,100,0,2026-03-12T18:28:58.000Z
"3/12/2026, 1:31:58 PM",3.612,63.7,100,0,2026-03-12T18:31:58.000Z
"3/12/2026, 1:34:58 PM",3.612,63.9,100,0,2026-03-12T18:34:58.000Z
"3/12/2026, 1:37:58 PM",3.612,64,100,0,2026-03-12T18:37:58.000Z
"3/12/2026, 1:40:58 PM",3.612,64.2,100,0,2026-03-12T18:40:58.000Z
"3/12/2026, 1:43:58 PM",3.612,64.4,100,0,2026-03-12T18:43:58.000Z
"3/12/2026, 1:46:58 PM",3.612,64.8,100,0,2026-03-12T18:46:58.000Z
"3/12/2026, 1:49:58 PM",3.612,64.9,100,0,2026-03-12T18:49:58.000Z
"3/12/2026, 1:52:58 PM",3.612,64.8,100,0,2026-03-12T18:52:58.000Z
"3/12/2026, 1:55:58 PM",3.613,64.6,100,0,2026-03-12T18:55:58.000Z
"3/12/2026, 1:58:58 PM",3.613,64.4,100,0,2026-03-12T18:58:58.000Z
"3/12/2026, 2:01:58 PM",3.613,64,100,0,2026-03-12T19:01:58.000Z
"3/12/2026, 2:04:58 PM",3.613,63.9,100,0,2026-03-12T19:04:58.000Z
"3/12/2026, 2:07:58 PM",3.612,63.5,100,0,2026-03-12T19:07:58.000Z
"3/12/2026, 2:10:58 PM",3.613,63.3,100,0,2026-03-12T19:10:58.000Z
"3/12/2026, 2:13:58 PM",3.613,63.3,100,0,2026-03-12T19:13:58.000Z
"3/12/2026, 2:16:58 PM",3.613,63.1,100,0,2026-03-12T19:16:58.000Z
"3/12/2026, 2:19:58 PM",3.612,63,100,0,2026-03-12T19:19:58.000Z
"3/12/2026, 2:22:58 PM",3.612,63,100,0,2026-03-12T19:22:58.000Z
"3/12/2026, 2:25:58 PM",3.612,63.1,100,0,2026-03-12T19:25:58.000Z
"3/12/2026, 2:28:58 PM",3.613,63.1,100,0,2026-03-12T19:28:58.000Z
"3/12/2026, 2:31:58 PM",3.613,63.3,100,0,2026-03-12T19:31:58.000Z
"3/12/2026, 2:34:58 PM",3.612,63.5,100,0,2026-03-12T19:34:58.000Z
"3/12/2026, 2:37:58 PM",3.613,63.7,100,0,2026-03-12T19:37:58.000Z
"3/12/2026, 2:40:58 PM",3.612,63.7,100,0,2026-03-12T19:40:58.000Z
"3/12/2026, 2:43:58 PM",3.612,63.5,100,0,2026-03-12T19:43:58.000Z
"3/12/2026, 2:46:58 PM",3.612,63.3,100,0,2026-03-12T19:46:58.000Z
"3/12/2026, 2:49:58 PM",3.612,63.1,100,0,2026-03-12T19:49:58.000Z
"3/12/2026, 2:52:58 PM",3.612,63.1,100,0,2026-03-12T19:52:58.000Z
"3/12/2026, 2:55:58 PM",3.612,63.1,100,0,2026-03-12T19:55:58.000Z
"3/12/2026, 2:58:58 PM",3.613,63.3,100,0,2026-03-12T19:58:58.000Z
"3/12/2026, 3:01:58 PM",3.613,63.3,100,0,2026-03-12T20:01:58.000Z
"3/12/2026, 3:04:58 PM",3.613,63.5,100,0,2026-03-12T20:04:58.000Z
"3/12/2026, 3:07:58 PM",3.613,63.5,100,0,2026-03-12T20:07:58.000Z
"3/12/2026, 3:10:58 PM",3.612,63.7,99.9,0,2026-03-12T20:10:58.000Z
"3/12/2026, 3:13:58 PM",3.613,63.7,99.9,0,2026-03-12T20:13:58.000Z
"3/12/2026, 3:16:58 PM",3.612,63.9,99.9,0,2026-03-12T20:16:58.000Z
"3/12/2026, 3:19:58 PM",3.612,64,99.9,0,2026-03-12T20:19:58.000Z
"3/12/2026, 3:22:58 PM",3.613,64.2,100,0,2026-03-12T20:22:58.000Z
"3/12/2026, 3:25:58 PM",3.613,64.4,100,0,2026-03-12T20:25:58.000Z
"3/12/2026, 3:28:58 PM",3.613,64.6,100,0,2026-03-12T20:28:58.000Z
"3/12/2026, 3:31:58 PM",3.612,64.6,100,0,2026-03-12T20:31:58.000Z
"3/12/2026, 3:34:58 PM",3.613,64.8,100,0,2026-03-12T20:34:58.000Z
"3/12/2026, 3:37:58 PM",3.613,64.9,100,0,2026-03-12T20:37:58.000Z
"3/12/2026, 3:40:58 PM",3.613,64.9,99.9,0,2026-03-12T20:40:58.000Z
"3/12/2026, 3:43:58 PM",3.613,64.9,99.9,0,2026-03-12T20:43:58.000Z
"3/12/2026, 3:46:58 PM",3.613,65.1,99.9,0,2026-03-12T20:46:58.000Z
"3/12/2026, 3:49:58 PM",3.613,65.1,99.9,0,2026-03-12T20:49:58.000Z
"3/12/2026, 3:52:58 PM",3.613,64.9,99.8,0,2026-03-12T20:52:58.000Z
"3/12/2026, 3:55:58 PM",3.613,64.9,99.8,0,2026-03-12T20:55:58.000Z
"3/12/2026, 3:58:58 PM",3.613,64.9,99.8,0,2026-03-12T20:58:58.000Z
"3/12/2026, 4:01:58 PM",3.613,64.8,99.7,0,2026-03-12T21:01:58.000Z
"3/12/2026, 4:04:58 PM",3.613,64.8,99.7,0,2026-03-12T21:04:58.000Z
"3/12/2026, 4:07:58 PM",3.613,64.8,99.7,0,2026-03-12T21:07:58.000Z
"3/12/2026, 4:10:58 PM",3.613,64.6,99.6,0,2026-03-12T21:10:58.000Z
"3/12/2026, 4:13:58 PM",3.613,64.6,99.6,0,2026-03-12T21:13:58.000Z
"3/12/2026, 4:16:58 PM",3.613,64.6,99.5,0,2026-03-12T21:16:58.000Z
"3/12/2026, 4:19:58 PM",3.613,64.4,99.5,0,2026-03-12T21:19:58.000Z
"3/12/2026, 4:22:58 PM",3.613,64.4,99.5,0,2026-03-12T21:22:58.000Z
"3/12/2026, 4:25:58 PM",3.613,64.2,99.4,0,2026-03-12T21:25:58.000Z
"3/12/2026, 4:28:58 PM",3.613,64.2,99.3,0,2026-03-12T21:28:58.000Z
"3/12/2026, 4:31:58 PM",3.613,64.2,99.3,0,2026-03-12T21:31:58.000Z
"3/12/2026, 4:34:58 PM",3.613,64.2,99.3,0,2026-03-12T21:34:58.000Z
"3/12/2026, 4:37:58 PM",3.613,64,99.3,0,2026-03-12T21:37:58.000Z
"3/12/2026, 4:40:58 PM",3.613,64,99.3,0,2026-03-12T21:40:58.000Z
"3/12/2026, 4:43:58 PM",3.613,64,99.2,0,2026-03-12T21:43:58.000Z
"3/12/2026, 4:46:58 PM",3.613,63.9,99.2,0,2026-03-12T21:46:58.000Z
"3/12/2026, 4:49:58 PM",3.613,63.7,99.1,0,2026-03-12T21:49:58.000Z
"3/12/2026, 4:52:58 PM",3.613,63.5,99.1,0,2026-03-12T21:52:58.000Z
"3/12/2026, 4:55:58 PM",3.613,63.3,99,0,2026-03-12T21:55:58.000Z
"3/12/2026, 4:58:58 PM",3.613,63.1,98.9,0,2026-03-12T21:58:58.000Z
"3/12/2026, 5:01:58 PM",3.613,63,98.9,0,2026-03-12T22:01:58.000Z
"3/12/2026, 5:04:58 PM",3.613,62.8,98.8,0,2026-03-12T22:04:58.000Z
"3/12/2026, 5:07:58 PM",3.612,62.6,98.8,0,2026-03-12T22:07:58.000Z
"3/12/2026, 5:10:58 PM",3.613,62.4,98.8,0,2026-03-12T22:10:58.000Z
"3/12/2026, 5:13:58 PM",3.612,62.2,98.8,0,2026-03-12T22:13:58.000Z
"3/12/2026, 5:16:58 PM",3.612,62.1,98.8,0,2026-03-12T22:16:58.000Z
"3/12/2026, 5:19:58 PM",3.613,61.9,98.7,0,2026-03-12T22:19:58.000Z
"3/12/2026, 5:22:58 PM",3.612,61.9,98.7,0,2026-03-12T22:22:58.000Z
"3/12/2026, 5:25:58 PM",3.612,61.7,98.7,0,2026-03-12T22:25:58.000Z
"3/12/2026, 5:28:58 PM",3.612,61.3,98.7,0,2026-03-12T22:28:58.000Z
"3/12/2026, 5:31:58 PM",3.612,61.2,98.7,0,2026-03-12T22:31:58.000Z
"3/12/2026, 5:34:58 PM",3.612,61,98.8,0,2026-03-12T22:34:58.000Z
"3/12/2026, 5:37:58 PM",3.612,60.6,98.7,0,2026-03-12T22:37:58.000Z
"3/12/2026, 5:40:58 PM",3.612,60.4,98.7,0,2026-03-12T22:40:58.000Z
"3/12/2026, 5:43:58 PM",3.612,60.3,98.7,0,2026-03-12T22:43:58.000Z
"3/12/2026, 5:46:58 PM",3.612,60.1,98.7,0,2026-03-12T22:46:58.000Z
"3/12/2026, 5:49:58 PM",3.612,59.9,98.7,0,2026-03-12T22:49:58.000Z
"3/12/2026, 5:52:58 PM",3.612,59.5,98.7,0,2026-03-12T22:52:58.000Z
"3/12/2026, 5:55:58 PM",3.612,59.2,98.7,0,2026-03-12T22:55:58.000Z
"3/12/2026, 5:58:58 PM",3.611,59,98.7,0,2026-03-12T22:58:58.000Z
"3/12/2026, 6:01:58 PM",3.611,58.6,98.7,0,2026-03-12T23:01:58.000Z
"3/12/2026, 6:04:58 PM",3.611,58.5,98.7,0,2026-03-12T23:04:58.000Z
"3/12/2026, 6:07:58 PM",3.611,58.1,98.7,0,2026-03-12T23:07:58.000Z
"3/12/2026, 6:10:58 PM",3.611,57.9,98.7,0,2026-03-12T23:10:58.000Z
"3/12/2026, 6:13:58 PM",3.611,57.6,98.7,0,2026-03-12T23:13:58.000Z
"3/12/2026, 6:16:58 PM",3.61,57.2,98.7,0,2026-03-12T23:16:58.000Z
"3/12/2026, 6:19:58 PM",3.61,57,98.7,0,2026-03-12T23:19:58.000Z
"3/12/2026, 6:22:58 PM",3.61,56.7,98.7,0,2026-03-12T23:22:58.000Z
"3/12/2026, 6:25:58 PM",3.61,56.3,98.7,0,2026-03-12T23:25:58.000Z
"3/12/2026, 6:28:58 PM",3.61,56.1,98.7,0,2026-03-12T23:28:58.000Z
"3/12/2026, 6:31:58 PM",3.61,55.8,98.7,0,2026-03-12T23:31:58.000Z
"3/12/2026, 6:34:58 PM",3.61,55.6,98.8,0,2026-03-12T23:34:58.000Z
"3/12/2026, 6:37:58 PM",3.61,55.2,98.8,0,2026-03-12T23:37:58.000Z
"3/12/2026, 6:40:58 PM",3.609,55,98.7,0,2026-03-12T23:40:58.000Z
"3/12/2026, 6:43:58 PM",3.61,54.9,98.8,0,2026-03-12T23:43:58.000Z
"3/12/2026, 6:46:58 PM",3.609,54.7,98.8,0,2026-03-12T23:46:58.000Z
"3/12/2026, 6:49:58 PM",3.609,54.5,98.8,0,2026-03-12T23:49:58.000Z
"3/12/2026, 6:52:58 PM",3.609,54.3,98.8,0,2026-03-12T23:52:58.000Z
"3/12/2026, 6:55:58 PM",3.608,54.1,98.8,0,2026-03-12T23:55:58.000Z
"3/12/2026, 6:58:58 PM",3.609,54,98.9,0,2026-03-12T23:58:58.000Z
"3/12/2026, 7:01:58 PM",3.609,53.8,98.9,0,2026-03-13T00:01:58.000Z
"3/12/2026, 7:04:58 PM",3.608,53.6,99,0,2026-03-13T00:04:58.000Z
"3/12/2026, 7:07:58 PM",3.608,53.4,99,0,2026-03-13T00:07:58.000Z
"3/12/2026, 7:10:58 PM",3.608,53.4,99,0,2026-03-13T00:10:58.000Z
"3/12/2026, 7:13:58 PM",3.608,53.2,99,0,2026-03-13T00:13:58.000Z
"3/12/2026, 7:16:58 PM",3.608,53.1,99.1,0,2026-03-13T00:16:58.000Z
"3/12/2026, 7:19:58 PM",3.608,52.9,99.1,0,2026-03-13T00:19:58.000Z
"3/12/2026, 7:22:58 PM",3.608,52.7,99.1,0,2026-03-13T00:22:58.000Z
"3/12/2026, 7:25:58 PM",3.607,52.7,99.2,0,2026-03-13T00:25:58.000Z
"3/12/2026, 7:28:58 PM",3.607,52.5,99.2,0,2026-03-13T00:28:58.000Z
"3/12/2026, 7:31:58 PM",3.607,52.5,99.2,0,2026-03-13T00:31:58.000Z
"3/12/2026, 7:34:58 PM",3.607,52.5,99.2,0,2026-03-13T00:34:58.000Z
"3/12/2026, 7:37:58 PM",3.607,52.5,99.3,0,2026-03-13T00:37:58.000Z
"3/12/2026, 7:40:58 PM",3.607,52.5,99.3,0,2026-03-13T00:40:58.000Z
"3/12/2026, 7:43:58 PM",3.607,52.3,99.4,0,2026-03-13T00:43:58.000Z
"3/12/2026, 7:46:58 PM",3.607,52.3,99.4,0,2026-03-13T00:46:58.000Z
"3/12/2026, 7:49:58 PM",3.607,52.3,99.4,0,2026-03-13T00:49:58.000Z
"3/12/2026, 7:52:58 PM",3.607,52.3,99.5,0,2026-03-13T00:52:58.000Z
"3/12/2026, 7:55:58 PM",3.606,52.3,99.5,0,2026-03-13T00:55:58.000Z
"3/12/2026, 7:58:58 PM",3.607,52.3,99.5,0,2026-03-13T00:58:58.000Z
"3/12/2026, 8:01:58 PM",3.606,52.3,99.5,0,2026-03-13T01:01:58.000Z
"3/12/2026, 8:04:58 PM",3.606,52.3,99.5,0,2026-03-13T01:04:58.000Z
"3/12/2026, 8:07:58 PM",3.606,52.3,99.6,0,2026-03-13T01:07:58.000Z
"3/12/2026, 8:10:58 PM",3.606,52.3,99.6,0,2026-03-13T01:10:58.000Z
"3/12/2026, 8:13:58 PM",3.606,52.3,99.7,0,2026-03-13T01:13:58.000Z
"3/12/2026, 8:16:58 PM",3.606,52.3,99.7,0,2026-03-13T01:16:58.000Z
"3/12/2026, 8:19:58 PM",3.606,52.3,99.7,0,2026-03-13T01:19:58.000Z
"3/12/2026, 8:22:58 PM",3.606,52.3,99.7,0,2026-03-13T01:22:58.000Z
"3/12/2026, 8:25:58 PM",3.606,52.3,99.7,0,2026-03-13T01:25:58.000Z
"3/12/2026, 8:28:58 PM",3.606,52.2,99.8,0,2026-03-13T01:28:58.000Z
"3/12/2026, 8:31:58 PM",3.606,52.2,99.8,0,2026-03-13T01:31:58.000Z
"3/12/2026, 8:34:58 PM",3.606,52,99.8,0,2026-03-13T01:34:58.000Z
"3/12/2026, 8:37:58 PM",3.606,52,99.8,0,2026-03-13T01:37:58.000Z
"3/12/2026, 8:40:58 PM",3.606,52,99.9,0,2026-03-13T01:40:58.000Z
"3/12/2026, 8:43:58 PM",3.606,51.8,99.9,0,2026-03-13T01:43:58.000Z
"3/12/2026, 8:46:58 PM",3.605,51.8,99.9,0,2026-03-13T01:46:58.000Z
"3/12/2026, 8:49:58 PM",3.606,51.6,99.9,0,2026-03-13T01:49:58.000Z
"3/12/2026, 8:52:58 PM",3.605,51.6,99.9,0,2026-03-13T01:52:58.000Z
"3/12/2026, 8:55:58 PM",3.606,51.6,99.9,0,2026-03-13T01:55:58.000Z
"3/12/2026, 8:58:58 PM",3.606,51.6,100,0,2026-03-13T01:58:58.000Z
"3/12/2026, 9:01:58 PM",3.605,51.4,100,0,2026-03-13T02:01:58.000Z
"3/12/2026, 9:04:58 PM",3.605,51.4,100,0,2026-03-13T02:04:58.000Z
"3/12/2026, 9:07:58 PM",3.605,51.4,100,0,2026-03-13T02:07:58.000Z
"3/12/2026, 9:10:58 PM",3.605,51.4,100,0,2026-03-13T02:10:58.000Z
"3/12/2026, 9:13:58 PM",3.605,51.4,100,0,2026-03-13T02:13:58.000Z
"3/12/2026, 9:16:58 PM",3.605,51.4,100,0,2026-03-13T02:16:58.000Z
"3/12/2026, 9:19:58 PM",3.605,51.4,100,0,2026-03-13T02:19:58.000Z
"3/12/2026, 9:22:58 PM",3.605,51.4,100,0,2026-03-13T02:22:58.000Z
"3/12/2026, 9:25:58 PM",3.605,51.4,100,0,2026-03-13T02:25:58.000Z
"3/12/2026, 9:28:58 PM",3.605,51.4,100,0,2026-03-13T02:28:58.000Z
"3/12/2026, 9:31:58 PM",3.605,51.4,100,0,2026-03-13T02:31:58.000Z
"3/12/2026, 9:34:58 PM",3.605,51.4,100,0,2026-03-13T02:34:58.000Z
"3/12/2026, 9:37:58 PM",3.605,51.3,100,0,2026-03-13T02:37:58.000Z
"3/12/2026, 9:40:58 PM",3.605,51.3,100,0,2026-03-13T02:40:58.000Z
"3/12/2026, 9:43:58 PM",3.605,51.3,100,0,2026-03-13T02:43:58.000Z
"3/12/2026, 9:46:58 PM",3.605,51.3,100,0,2026-03-13T02:46:58.000Z
"3/12/2026, 9:49:58 PM",3.605,51.3,100,0,2026-03-13T02:49:58.000Z
"3/12/2026, 9:52:58 PM",3.605,51.4,100,0,2026-03-13T02:52:58.000Z
"3/12/2026, 9:55:58 PM",3.605,51.4,100,0,2026-03-13T02:55:58.000Z
"3/12/2026, 9:58:58 PM",3.604,51.4,100,0,2026-03-13T02:58:58.000Z
"3/12/2026, 10:01:58 PM",3.605,51.6,100,0,2026-03-13T03:01:58.000Z
"3/12/2026, 10:04:58 PM",3.605,51.6,100,0,2026-03-13T03:04:58.000Z
"3/12/2026, 10:07:58 PM",3.605,51.8,100,0,2026-03-13T03:07:58.000Z
"3/12/2026, 10:10:58 PM",3.605,51.8,100,0,2026-03-13T03:10:58.000Z
"3/12/2026, 10:13:58 PM",3.605,52,100,0,2026-03-13T03:13:58.000Z
"3/12/2026, 10:16:58 PM",3.605,52,100,0,2026-03-13T03:16:58.000Z
"3/12/2026, 10:19:58 PM",3.604,52,100,0,2026-03-13T03:19:58.000Z
"3/12/2026, 10:22:58 PM",3.605,52.2,100,0,2026-03-13T03:22:58.000Z
"3/12/2026, 10:25:58 PM",3.605,52.2,100,0,2026-03-13T03:25:58.000Z
"3/12/2026, 10:28:58 PM",3.605,52.2,100,0,2026-03-13T03:28:58.000Z
"3/12/2026, 10:31:58 PM",3.604,52.3,100,0,2026-03-13T03:31:58.000Z
"3/12/2026, 10:34:58 PM",3.605,52.5,100,0,2026-03-13T03:34:58.000Z
"3/12/2026, 10:37:58 PM",3.605,52.7,100,0,2026-03-13T03:37:58.000Z
"3/12/2026, 10:40:58 PM",3.605,52.9,100,0,2026-03-13T03:40:58.000Z
"3/12/2026, 10:43:58 PM",3.605,53.2,100,0,2026-03-13T03:43:58.000Z
"3/12/2026, 10:46:58 PM",3.605,53.4,100,0,2026-03-13T03:46:58.000Z
"3/12/2026, 10:49:58 PM",3.605,53.6,100,0,2026-03-13T03:49:58.000Z
"3/12/2026, 10:52:58 PM",3.605,53.8,100,0,2026-03-13T03:52:58.000Z
"3/12/2026, 10:55:58 PM",3.605,54,100,0,2026-03-13T03:55:58.000Z
"3/12/2026, 10:58:58 PM",3.605,54.1,100,0,2026-03-13T03:58:58.000Z
"3/12/2026, 11:01:58 PM",3.605,54.3,100,0,2026-03-13T04:01:58.000Z
"3/12/2026, 11:04:58 PM",3.606,54.5,100,0,2026-03-13T04:04:58.000Z
"3/12/2026, 11:07:58 PM",3.605,54.5,100,0,2026-03-13T04:07:58.000Z
"3/12/2026, 11:10:58 PM",3.606,54.7,100,0,2026-03-13T04:10:58.000Z
"3/12/2026, 11:13:58 PM",3.606,54.9,100,0,2026-03-13T04:13:58.000Z
"3/12/2026, 11:16:58 PM",3.606,54.9,100,0,2026-03-13T04:16:58.000Z
"3/12/2026, 11:19:58 PM",3.606,55,100,0,2026-03-13T04:19:58.000Z
"3/12/2026, 11:22:58 PM",3.606,55,100,0,2026-03-13T04:22:58.000Z
"3/12/2026, 11:25:58 PM",3.606,55.2,100,0,2026-03-13T04:25:58.000Z
"3/12/2026, 11:28:58 PM",3.607,55.2,100,0,2026-03-13T04:28:58.000Z
"3/12/2026, 11:31:58 PM",3.606,55.2,100,0,2026-03-13T04:31:58.000Z
"3/12/2026, 11:34:58 PM",3.606,55.4,100,0,2026-03-13T04:34:58.000Z
"3/12/2026, 11:37:58 PM",3.606,55.4,100,0,2026-03-13T04:37:58.000Z
"3/12/2026, 11:40:58 PM",3.606,55.4,100,0,2026-03-13T04:40:58.000Z
"3/12/2026, 11:43:58 PM",3.606,55.4,100,0,2026-03-13T04:43:58.000Z
"3/12/2026, 11:46:58 PM",3.606,55.4,100,0,2026-03-13T04:46:58.000Z
"3/12/2026, 11:49:58 PM",3.607,55.4,100,0,2026-03-13T04:49:58.000Z
"3/12/2026, 11:52:58 PM",3.607,55.4,100,0,2026-03-13T04:52:58.000Z
"3/12/2026, 11:55:58 PM",3.607,55.2,100,0,2026-03-13T04:55:58.000Z
"3/12/2026, 11:58:58 PM",3.607,55.2,100,0,2026-03-13T04:58:58.000Z
"3/13/2026, 12:01:58 AM",3.606,55.2,100,0,2026-03-13T05:01:58.000Z
"3/13/2026, 12:04:58 AM",3.607,55,100,0,2026-03-13T05:04:58.000Z
"3/13/2026, 12:07:58 AM",3.607,55,100,0,2026-03-13T05:07:58.000Z
"3/13/2026, 12:10:58 AM",3.607,55,100,0,2026-03-13T05:10:58.000Z
"3/13/2026, 12:13:58 AM",3.607,55,100,0,2026-03-13T05:13:58.000Z
"3/13/2026, 12:16:58 AM",3.607,54.9,100,0,2026-03-13T05:16:58.000Z
"3/13/2026, 12:19:58 AM",3.606,54.9,100,0,2026-03-13T05:19:58.000Z
"3/13/2026, 12:22:58 AM",3.606,54.9,100,0,2026-03-13T05:22:58.000Z
"3/13/2026, 12:25:58 AM",3.606,54.7,100,0,2026-03-13T05:25:58.000Z
"3/13/2026, 12:28:58 AM",3.606,54.7,100,0,2026-03-13T05:28:58.000Z
"3/13/2026, 12:31:58 AM",3.606,54.7,100,0,2026-03-13T05:31:58.000Z
"3/13/2026, 12:34:58 AM",3.607,54.7,100,0,2026-03-13T05:34:58.000Z
"3/13/2026, 12:37:58 AM",3.606,54.7,100,0,2026-03-13T05:37:58.000Z
"3/13/2026, 12:40:58 AM",3.607,54.7,100,0,2026-03-13T05:40:58.000Z
"3/13/2026, 12:43:58 AM",3.606,54.7,100,0,2026-03-13T05:43:58.000Z
"3/13/2026, 12:46:58 AM",3.607,54.7,100,0,2026-03-13T05:46:58.000Z
"3/13/2026, 12:49:58 AM",3.607,54.7,100,0,2026-03-13T05:49:58.000Z
"3/13/2026, 12:52:58 AM",3.607,54.7,100,0,2026-03-13T05:52:58.000Z
"3/13/2026, 12:55:58 AM",3.606,54.5,100,0,2026-03-13T05:55:58.000Z
"3/13/2026, 12:58:58 AM",3.607,54.5,100,0,2026-03-13T05:58:58.000Z
"3/13/2026, 1:01:58 AM",3.606,54.5,100,0,2026-03-13T06:01:58.000Z
"3/13/2026, 1:04:58 AM",3.607,54.3,100,0,2026-03-13T06:04:58.000Z
"3/13/2026, 1:07:58 AM",3.606,54.3,100,0,2026-03-13T06:07:58.000Z
"3/13/2026, 1:10:58 AM",3.606,54.3,100,0,2026-03-13T06:10:58.000Z
"3/13/2026, 1:13:58 AM",3.607,54.1,100,0,2026-03-13T06:13:58.000Z
"3/13/2026, 1:16:58 AM",3.606,54.1,100,0,2026-03-13T06:16:58.000Z
"3/13/2026, 1:19:58 AM",3.607,54.1,100,0,2026-03-13T06:19:58.000Z
"3/13/2026, 1:22:58 AM",3.607,54,100,0,2026-03-13T06:22:58.000Z
"3/13/2026, 1:25:58 AM",3.606,53.8,100,0,2026-03-13T06:25:58.000Z
"3/13/2026, 1:28:58 AM",3.606,53.8,100,0,2026-03-13T06:28:58.000Z
"3/13/2026, 1:31:58 AM",3.606,53.6,100,0,2026-03-13T06:31:58.000Z
"3/13/2026, 1:34:58 AM",3.606,53.6,100,0,2026-03-13T06:34:58.000Z
"3/13/2026, 1:37:58 AM",3.606,53.6,100,0,2026-03-13T06:37:58.000Z
"3/13/2026, 1:40:58 AM",3.606,53.4,100,0,2026-03-13T06:40:58.000Z
"3/13/2026, 1:43:58 AM",3.606,53.4,100,0,2026-03-13T06:43:58.000Z
"3/13/2026, 1:46:58 AM",3.606,53.4,100,0,2026-03-13T06:46:58.000Z
"3/13/2026, 1:49:58 AM",3.606,53.2,100,0,2026-03-13T06:49:58.000Z
"3/13/2026, 1:52:58 AM",3.606,53.2,100,0,2026-03-13T06:52:58.000Z
"3/13/2026, 1:55:58 AM",3.606,53.1,100,0,2026-03-13T06:55:58.000Z
"3/13/2026, 1:58:58 AM",3.606,53.1,100,0,2026-03-13T06:58:58.000Z
"3/13/2026, 2:01:58 AM",3.606,52.9,100,0,2026-03-13T07:01:58.000Z
"3/13/2026, 2:04:58 AM",3.606,52.7,100,0,2026-03-13T07:04:58.000Z
"3/13/2026, 2:07:58 AM",3.606,52.7,100,0,2026-03-13T07:07:58.000Z
"3/13/2026, 2:10:58 AM",3.606,52.7,100,0,2026-03-13T07:10:58.000Z
"3/13/2026, 2:13:58 AM",3.606,52.7,100,0,2026-03-13T07:13:58.000Z
"3/13/2026, 2:16:58 AM",3.605,52.7,100,0,2026-03-13T07:16:58.000Z
"3/13/2026, 2:19:58 AM",3.605,52.5,100,0,2026-03-13T07:19:58.000Z
"3/13/2026, 2:22:58 AM",3.606,52.5,100,0,2026-03-13T07:22:58.000Z
"3/13/2026, 2:25:58 AM",3.605,52.5,100,0,2026-03-13T07:25:58.000Z
"3/13/2026, 2:28:58 AM",3.605,52.5,100,0,2026-03-13T07:28:58.000Z
"3/13/2026, 2:31:58 AM",3.605,52.7,100,0,2026-03-13T07:31:58.000Z
"3/13/2026, 2:34:58 AM",3.605,52.7,100,0,2026-03-13T07:34:58.000Z
"3/13/2026, 2:37:58 AM",3.605,52.7,100,0,2026-03-13T07:37:58.000Z
"3/13/2026, 2:40:58 AM",3.605,52.7,100,0,2026-03-13T07:40:58.000Z
"3/13/2026, 2:43:58 AM",3.605,52.7,100,0,2026-03-13T07:43:58.000Z
"3/13/2026, 2:46:58 AM",3.605,52.7,100,0,2026-03-13T07:46:58.000Z
"3/13/2026, 2:49:58 AM",3.605,52.7,100,0,2026-03-13T07:49:58.000Z
"3/13/2026, 2:52:58 AM",3.605,52.9,100,0,2026-03-13T07:52:58.000Z
"3/13/2026, 2:55:58 AM",3.605,52.7,100,0,2026-03-13T07:55:58.000Z
"3/13/2026, 2:58:58 AM",3.605,52.7,100,0,2026-03-13T07:58:58.000Z
"3/13/2026, 3:01:58 AM",3.605,52.7,100,0,2026-03-13T08:01:58.000Z
"3/13/2026, 3:04:58 AM",3.605,52.5,100,0,2026-03-13T08:04:58.000Z
"3/13/2026, 3:07:58 AM",3.605,52.5,100,0,2026-03-13T08:07:58.000Z
"3/13/2026, 3:10:58 AM",3.605,52.5,100,0,2026-03-13T08:10:58.000Z
"3/13/2026, 3:13:58 AM",3.605,52.3,100,0,2026-03-13T08:13:58.000Z
"3/13/2026, 3:16:58 AM",3.605,52.3,100,0,2026-03-13T08:16:58.000Z
"3/13/2026, 3:19:58 AM",3.605,52.3,100,0,2026-03-13T08:19:58.000Z
"3/13/2026, 3:22:58 AM",3.605,52.3,100,0,2026-03-13T08:22:58.000Z
"3/13/2026, 3:25:58 AM",3.605,52.3,100,0,2026-03-13T08:25:58.000Z
"3/13/2026, 3:28:58 AM",3.605,52.3,100,0,2026-03-13T08:28:58.000Z
"3/13/2026, 3:31:58 AM",3.605,52.3,100,0,2026-03-13T08:31:58.000Z
"3/13/2026, 3:34:58 AM",3.605,52.2,100,0,2026-03-13T08:34:58.000Z
"3/13/2026, 3:37:58 AM",3.604,52.2,100,0,2026-03-13T08:37:58.000Z
"3/13/2026, 3:40:58 AM",3.605,52.2,100,0,2026-03-13T08:40:58.000Z
"3/13/2026, 3:43:58 AM",3.605,52,100,0,2026-03-13T08:43:58.000Z
"3/13/2026, 3:46:58 AM",3.605,52.2,100,0,2026-03-13T08:46:58.000Z
"3/13/2026, 3:49:58 AM",3.604,52,100,0,2026-03-13T08:49:58.000Z
"3/13/2026, 3:52:58 AM",3.605,51.8,100,0,2026-03-13T08:52:58.000Z
"3/13/2026, 3:55:58 AM",3.605,51.8,100,0,2026-03-13T08:55:58.000Z
"3/13/2026, 3:58:58 AM",3.605,51.8,100,0,2026-03-13T08:58:58.000Z
"3/13/2026, 4:01:58 AM",3.605,51.8,100,0,2026-03-13T09:01:58.000Z
"3/13/2026, 4:04:58 AM",3.604,51.6,100,0,2026-03-13T09:04:58.000Z
"3/13/2026, 4:07:58 AM",3.605,51.6,100,0,2026-03-13T09:07:58.000Z
"3/13/2026, 4:10:58 AM",3.604,51.6,100,0,2026-03-13T09:10:58.000Z
"3/13/2026, 4:13:58 AM",3.604,51.6,100,0,2026-03-13T09:13:58.000Z
"3/13/2026, 4:16:58 AM",3.605,51.6,100,0,2026-03-13T09:16:58.000Z
"3/13/2026, 4:19:58 AM",3.604,51.6,100,0,2026-03-13T09:19:58.000Z
"3/13/2026, 4:22:58 AM",3.604,51.6,100,0,2026-03-13T09:22:58.000Z
"3/13/2026, 4:25:58 AM",3.604,51.6,100,0,2026-03-13T09:25:58.000Z
"3/13/2026, 4:28:58 AM",3.604,51.6,100,0,2026-03-13T09:28:58.000Z
"3/13/2026, 4:31:58 AM",3.604,51.6,100,0,2026-03-13T09:31:58.000Z
"3/13/2026, 4:34:58 AM",3.604,51.6,100,0,2026-03-13T09:34:58.000Z
"3/13/2026, 4:37:58 AM",3.604,51.6,100,0,2026-03-13T09:37:58.000Z
"3/13/2026, 4:40:58 AM",3.604,51.6,100,0,2026-03-13T09:40:58.000Z
"3/13/2026, 4:43:58 AM",3.604,51.6,100,0,2026-03-13T09:43:58.000Z
"3/13/2026, 4:46:58 AM",3.604,51.4,100,0,2026-03-13T09:46:58.000Z
"3/13/2026, 4:49:58 AM",3.604,51.4,100,0,2026-03-13T09:49:58.000Z
"3/13/2026, 4:52:58 AM",3.604,51.4,100,0,2026-03-13T09:52:58.000Z
"3/13/2026, 4:55:58 AM",3.604,51.4,100,0,2026-03-13T09:55:58.000Z
"3/13/2026, 4:58:58 AM",3.604,51.4,100,0,2026-03-13T09:58:58.000Z
"3/13/2026, 5:01:58 AM",3.604,51.3,100,0,2026-03-13T10:01:58.000Z
"3/13/2026, 5:04:58 AM",3.604,51.3,100,0,2026-03-13T10:04:58.000Z
"3/13/2026, 5:07:58 AM",3.604,51.3,100,0,2026-03-13T10:07:58.000Z
"3/13/2026, 5:10:58 AM",3.604,51.1,100,0,2026-03-13T10:10:58.000Z
"3/13/2026, 5:13:58 AM",3.604,51.1,100,0,2026-03-13T10:13:58.000Z
"3/13/2026, 5:16:58 AM",3.604,50.9,100,0,2026-03-13T10:16:58.000Z
"3/13/2026, 5:19:58 AM",3.604,50.9,100,0,2026-03-13T10:19:58.000Z
"3/13/2026, 5:22:58 AM",3.603,50.9,100,0,2026-03-13T10:22:58.000Z
"3/13/2026, 5:25:58 AM",3.603,50.7,100,0,2026-03-13T10:25:58.000Z
"3/13/2026, 5:28:58 AM",3.603,50.7,100,0,2026-03-13T10:28:58.000Z
"3/13/2026, 5:31:58 AM",3.603,50.5,100,0,2026-03-13T10:31:58.000Z
"3/13/2026, 5:34:58 AM",3.603,50.5,100,0,2026-03-13T10:34:58.000Z
"3/13/2026, 5:37:58 AM",3.603,50.4,100,0,2026-03-13T10:37:58.000Z
"3/13/2026, 5:40:58 AM",3.603,50.4,100,0,2026-03-13T10:40:58.000Z
"3/13/2026, 5:43:58 AM",3.603,50.4,100,0,2026-03-13T10:43:58.000Z
"3/13/2026, 5:46:58 AM",3.603,50.4,100,0,2026-03-13T10:46:58.000Z
"3/13/2026, 5:49:58 AM",3.603,50.2,100,0,2026-03-13T10:49:58.000Z
"3/13/2026, 5:52:58 AM",3.603,50.2,100,0,2026-03-13T10:52:58.000Z
"3/13/2026, 5:55:58 AM",3.604,50.2,100,0,2026-03-13T10:55:58.000Z
"3/13/2026, 5:58:58 AM",3.603,50.2,100,0,2026-03-13T10:58:58.000Z
"3/13/2026, 6:01:58 AM",3.603,50.2,100,0,2026-03-13T11:01:58.000Z
"3/13/2026, 6:04:58 AM",3.603,50.2,100,0,2026-03-13T11:04:58.000Z
"3/13/2026, 6:07:58 AM",3.603,50.2,100,0,2026-03-13T11:07:58.000Z
"3/13/2026, 6:10:58 AM",3.603,50.2,100,0,2026-03-13T11:10:58.000Z
"3/13/2026, 6:13:58 AM",3.603,50.2,100,0,2026-03-13T11:13:58.000Z
"3/13/2026, 6:16:58 AM",3.603,50.2,100,0,2026-03-13T11:16:58.000Z
"3/13/2026, 6:19:58 AM",3.603,50.2,100,0,2026-03-13T11:19:58.000Z
"3/13/2026, 6:22:58 AM",3.603,50.2,100,0,2026-03-13T11:22:58.000Z
"3/13/2026, 6:25:58 AM",3.603,50.2,100,0,2026-03-13T11:25:58.000Z
"3/13/2026, 6:28:58 AM",3.603,50.2,100,0,2026-03-13T11:28:58.000Z
"3/13/2026, 6:31:58 AM",3.603,50.2,100,0,2026-03-13T11:31:58.000Z
"3/13/2026, 6:34:58 AM",3.603,50,100,0,2026-03-13T11:34:58.000Z
"3/13/2026, 6:37:58 AM",3.602,50,100,0,2026-03-13T11:37:58.000Z
"3/13/2026, 6:40:58 AM",3.603,50,100,0,2026-03-13T11:40:58.000Z
"3/13/2026, 6:43:58 AM",3.603,50,100,0,2026-03-13T11:43:58.000Z
"3/13/2026, 6:46:58 AM",3.603,50,100,0,2026-03-13T11:46:58.000Z
"3/13/2026, 6:49:58 AM",3.602,50,100,0,2026-03-13T11:49:58.000Z
"3/13/2026, 6:52:58 AM",3.602,49.8,100,0,2026-03-13T11:52:58.000Z
"3/13/2026, 6:55:58 AM",3.603,49.8,100,0,2026-03-13T11:55:58.000Z
"3/13/2026, 6:58:58 AM",3.602,49.8,100,0,2026-03-13T11:58:58.000Z
"3/13/2026, 7:01:58 AM",3.603,49.6,100,0,2026-03-13T12:01:58.000Z
"3/13/2026, 7:04:58 AM",3.603,49.6,100,0,2026-03-13T12:04:58.000Z
"3/13/2026, 7:07:58 AM",3.602,49.6,100,0,2026-03-13T12:07:58.000Z
"3/13/2026, 7:10:58 AM",3.603,49.5,100,0,2026-03-13T12:10:58.000Z
"3/13/2026, 7:13:58 AM",3.603,49.5,100,0,2026-03-13T12:13:58.000Z
"3/13/2026, 7:16:58 AM",3.603,49.5,100,0,2026-03-13T12:16:58.000Z
"3/13/2026, 7:19:58 AM",3.602,49.3,100,0,2026-03-13T12:19:58.000Z
"3/13/2026, 7:22:58 AM",3.602,49.3,100,0,2026-03-13T12:22:58.000Z
"3/13/2026, 7:25:58 AM",3.602,49.3,100,0,2026-03-13T12:25:58.000Z
"3/13/2026, 7:28:58 AM",3.602,49.3,100,0,2026-03-13T12:28:58.000Z
"3/13/2026, 7:31:58 AM",3.602,49.3,100,0,2026-03-13T12:31:58.000Z
"3/13/2026, 7:34:58 AM",3.602,49.3,100,0,2026-03-13T12:34:58.000Z
"3/13/2026, 7:37:58 AM",3.602,49.1,100,0,2026-03-13T12:37:58.000Z
"3/13/2026, 7:40:58 AM",3.602,49.1,100,0,2026-03-13T12:40:58.000Z
"3/13/2026, 7:43:58 AM",3.602,49.1,100,0,2026-03-13T12:43:58.000Z
"3/13/2026, 7:46:58 AM",3.602,49.1,100,0,2026-03-13T12:46:58.000Z
"3/13/2026, 7:49:58 AM",3.602,49.1,100,0,2026-03-13T12:49:58.000Z
"3/13/2026, 7:52:58 AM",3.602,49.1,100,0,2026-03-13T12:52:58.000Z
"3/13/2026, 7:55:58 AM",3.602,49.1,100,0,2026-03-13T12:55:58.000Z
"3/13/2026, 7:58:58 AM",3.602,49.1,100,0,2026-03-13T12:58:58.000Z
"3/13/2026, 8:01:58 AM",3.602,49.3,100,0,2026-03-13T13:01:58.000Z
"3/13/2026, 8:04:58 AM",3.602,49.3,100,0,2026-03-13T13:04:58.000Z
"3/13/2026, 8:07:58 AM",3.602,49.3,100,0,2026-03-13T13:07:58.000Z
"3/13/2026, 8:10:58 AM",3.602,49.3,100,0,2026-03-13T13:10:58.000Z
"3/13/2026, 8:13:58 AM",3.601,49.5,100,0,2026-03-13T13:13:58.000Z
"3/13/2026, 8:16:58 AM",3.602,49.5,100,0,2026-03-13T13:16:58.000Z
"3/13/2026, 8:19:58 AM",3.602,49.5,100,0,2026-03-13T13:19:58.000Z
"3/13/2026, 8:22:58 AM",3.602,49.5,100,0,2026-03-13T13:22:58.000Z
"3/13/2026, 8:25:58 AM",3.602,49.5,100,0,2026-03-13T13:25:58.000Z
"3/13/2026, 8:28:58 AM",3.602,49.5,100,0,2026-03-13T13:28:58.000Z
"3/13/2026, 8:31:58 AM",3.602,49.6,100,0,2026-03-13T13:31:58.000Z
"3/13/2026, 8:34:58 AM",3.602,49.6,100,0,2026-03-13T13:34:58.000Z
"3/13/2026, 8:37:58 AM",3.602,49.8,100,0,2026-03-13T13:37:58.000Z
"3/13/2026, 8:40:58 AM",3.602,49.8,100,0,2026-03-13T13:40:58.000Z
"3/13/2026, 8:43:58 AM",3.602,50,100,0,2026-03-13T13:43:58.000Z
"3/13/2026, 8:46:58 AM",3.602,50.2,100,0,2026-03-13T13:46:58.000Z
"3/13/2026, 8:49:58 AM",3.602,50.2,100,0,2026-03-13T13:49:58.000Z
"3/13/2026, 8:52:58 AM",3.602,50.5,100,0,2026-03-13T13:52:58.000Z
"3/13/2026, 8:55:58 AM",3.602,50.7,100,0,2026-03-13T13:55:58.000Z
"3/13/2026, 8:58:58 AM",3.602,50.7,100,0,2026-03-13T13:58:58.000Z
"3/13/2026, 9:01:58 AM",3.602,50.9,100,0,2026-03-13T14:01:58.000Z
"3/13/2026, 9:04:58 AM",3.602,51.1,100,0,2026-03-13T14:04:58.000Z
"3/13/2026, 9:07:58 AM",3.602,51.3,100,0,2026-03-13T14:07:58.000Z
"3/13/2026, 9:10:58 AM",3.602,51.4,100,0,2026-03-13T14:10:58.000Z
"3/13/2026, 9:13:58 AM",3.602,51.6,100,0,2026-03-13T14:13:58.000Z
"3/13/2026, 9:16:58 AM",3.602,52,100,0,2026-03-13T14:16:58.000Z
"3/13/2026, 9:19:58 AM",3.602,52.2,100,0,2026-03-13T14:19:58.000Z
"3/13/2026, 9:22:58 AM",3.603,52.3,100,0,2026-03-13T14:22:58.000Z
"3/13/2026, 9:25:58 AM",3.602,52.7,100,0,2026-03-13T14:25:58.000Z
"3/13/2026, 9:28:58 AM",3.602,52.9,100,0,2026-03-13T14:28:58.000Z
"3/13/2026, 9:31:58 AM",3.603,53.1,100,0,2026-03-13T14:31:58.000Z
"3/13/2026, 9:34:58 AM",3.603,53.1,100,0,2026-03-13T14:34:58.000Z
"3/13/2026, 9:37:58 AM",3.603,53.1,100,0,2026-03-13T14:37:58.000Z
"3/13/2026, 9:40:58 AM",3.603,53.1,100,0,2026-03-13T14:40:58.000Z
"3/13/2026, 9:43:58 AM",3.603,53.1,100,0,2026-03-13T14:43:58.000Z
"3/13/2026, 9:46:58 AM",3.604,53.1,100,0,2026-03-13T14:46:58.000Z
"3/13/2026, 9:49:58 AM",3.603,53.2,100,0,2026-03-13T14:49:58.000Z
"3/13/2026, 9:52:58 AM",3.603,53.4,100,0,2026-03-13T14:52:58.000Z
"3/13/2026, 9:55:58 AM",3.603,53.6,100,0,2026-03-13T14:55:58.000Z
"3/13/2026, 9:58:58 AM",3.604,53.8,100,0,2026-03-13T14:58:58.000Z
"3/13/2026, 10:01:58 AM",3.604,54,100,0,2026-03-13T15:01:58.000Z
"3/13/2026, 10:04:58 AM",3.604,54.1,100,0,2026-03-13T15:04:58.000Z
"3/13/2026, 10:07:58 AM",3.604,54.3,100,0,2026-03-13T15:07:58.000Z
"3/13/2026, 10:10:58 AM",3.604,54.5,100,0,2026-03-13T15:10:58.000Z
"3/13/2026, 10:13:58 AM",3.604,54.9,100,0,2026-03-13T15:13:58.000Z
"3/13/2026, 10:16:58 AM",3.604,55,100,0,2026-03-13T15:16:58.000Z
"3/13/2026, 10:19:58 AM",3.604,55.2,100,0,2026-03-13T15:19:58.000Z
"3/13/2026, 10:22:58 AM",3.605,55.4,100,0,2026-03-13T15:22:58.000Z
"3/13/2026, 10:25:58 AM",3.605,55.6,100,0,2026-03-13T15:25:58.000Z
"3/13/2026, 10:28:58 AM",3.605,55.8,100,0,2026-03-13T15:28:58.000Z
"3/13/2026, 10:31:58 AM",3.605,55.9,100,0,2026-03-13T15:31:58.000Z
"3/13/2026, 10:34:58 AM",3.605,56.1,100,0,2026-03-13T15:34:58.000Z
"3/13/2026, 10:37:58 AM",3.605,56.3,100,0,2026-03-13T15:37:58.000Z
"3/13/2026, 10:40:58 AM",3.605,56.5,100,0,2026-03-13T15:40:58.000Z
"3/13/2026, 10:43:58 AM",3.605,56.7,100,0,2026-03-13T15:43:58.000Z
"3/13/2026, 10:46:58 AM",3.605,56.8,100,0,2026-03-13T15:46:58.000Z
"3/13/2026, 10:49:58 AM",3.606,57,100,0,2026-03-13T15:49:58.000Z
"3/13/2026, 10:52:58 AM",3.605,57.2,100,0,2026-03-13T15:52:58.000Z
"3/13/2026, 10:55:58 AM",3.606,57.4,100,0,2026-03-13T15:55:58.000Z
"3/13/2026, 10:58:58 AM",3.606,57.6,100,0,2026-03-13T15:58:58.000Z
"3/13/2026, 11:01:58 AM",3.606,57.7,99.9,0,2026-03-13T16:01:58.000Z
"3/13/2026, 11:04:58 AM",3.606,57.9,99.8,0,2026-03-13T16:04:58.000Z
"3/13/2026, 11:07:58 AM",3.606,58.1,99.7,0,2026-03-13T16:07:58.000Z
"3/13/2026, 11:10:58 AM",3.606,58.5,99.6,0,2026-03-13T16:10:58.000Z
"3/13/2026, 11:13:58 AM",3.606,58.6,99.4,0,2026-03-13T16:13:58.000Z
"3/13/2026, 11:16:58 AM",3.607,58.8,99.4,0,2026-03-13T16:16:58.000Z
"3/13/2026, 11:19:58 AM",3.607,59,99.2,0,2026-03-13T16:19:58.000Z
"3/13/2026, 11:22:58 AM",3.607,59,99.1,0,2026-03-13T16:22:58.000Z
"3/13/2026, 11:25:58 AM",3.607,59.2,99,0,2026-03-13T16:25:58.000Z
"3/13/2026, 11:28:58 AM",3.607,59.4,98.8,0,2026-03-13T16:28:58.000Z
"3/13/2026, 11:31:58 AM",3.608,59.5,98.7,0,2026-03-13T16:31:58.000Z
"3/13/2026, 11:34:58 AM",3.608,59.7,98.6,0,2026-03-13T16:34:58.000Z
"3/13/2026, 11:37:58 AM",3.608,59.9,98.4,0,2026-03-13T16:37:58.000Z
"3/13/2026, 11:40:58 AM",3.608,60.1,98.3,0,2026-03-13T16:40:58.000Z
"3/13/2026, 11:43:58 AM",3.608,60.1,98.1,0,2026-03-13T16:43:58.000Z
"3/13/2026, 11:46:58 AM",3.608,60.3,98,0,2026-03-13T16:46:58.000Z
"3/13/2026, 11:49:58 AM",3.608,60.4,97.8,0,2026-03-13T16:49:58.000Z
"3/13/2026, 11:52:58 AM",3.608,60.6,97.6,0,2026-03-13T16:52:58.000Z
"3/13/2026, 11:55:58 AM",3.608,60.6,97.5,0,2026-03-13T16:55:58.000Z
"3/13/2026, 11:58:58 AM",3.608,60.8,97.3,0,2026-03-13T16:58:58.000Z
"3/13/2026, 12:01:58 PM",3.608,61,97.1,0,2026-03-13T17:01:58.000Z
"3/13/2026, 12:04:58 PM",3.608,61,96.9,0,2026-03-13T17:04:58.000Z
"3/13/2026, 12:07:58 PM",3.609,61.2,96.7,0,2026-03-13T17:07:58.000Z
"3/13/2026, 12:10:58 PM",3.609,61.3,96.6,0,2026-03-13T17:10:58.000Z
"3/13/2026, 12:13:58 PM",3.609,61.3,96.4,0,2026-03-13T17:13:58.000Z
"3/13/2026, 12:16:58 PM",3.609,61.5,96.2,0,2026-03-13T17:16:58.000Z
"3/13/2026, 12:19:58 PM",3.609,61.7,96,0,2026-03-13T17:19:58.000Z
"3/13/2026, 12:22:58 PM",3.609,61.9,95.7,0,2026-03-13T17:22:58.000Z
"3/13/2026, 12:25:58 PM",3.609,61.9,95.6,0,2026-03-13T17:25:58.000Z
"3/13/2026, 12:28:58 PM",3.609,62.1,95.4,0,2026-03-13T17:28:58.000Z
"3/13/2026, 12:31:58 PM",3.61,63.1,94.8,0,2026-03-13T17:31:58.000Z
"3/13/2026, 12:34:58 PM",3.609,64,94.6,0,2026-03-13T17:34:58.000Z
"3/13/2026, 12:37:58 PM",3.609,64.2,94.4,0,2026-03-13T17:37:58.000Z
EVENTS:
"3/13/2026, 12:37:58 PM",Stop Log,H2S (PPM)
LABELS:
