Instrument:,H2S-210203887
Time Zone Offset (Minutes):,-300
Orignal File Name:,"C:\Users\Phil.Bennington\OneDrive - City of Dayton\G-Drive\Phil.Bennington\CLARKSON_UNIVERSITY_PhD Program\Dessertation\H2S-210203887_[3-19-2024, 7-59-39 AM --- 4-23-2024, 9-29-39 AM].acrudata"
Session ID:,32514
Session 1st Title:,"H2S-210203887_[3-19-2024, 7-59-39 AM --- 4-23-2024, 9-29-39 AM]"
Session Start:,"3/19/2024, 6:59:39 AM"
Session End:,"4/23/2024, 8:29:39 AM"

Time Stamp,Battery (Volts),Temperature (°F),Humidity (%),H2S (PPM),ISO time
"3/19/2024, 6:59:39 AM",3.564,69.8,29.4,0,2024-03-19T11:59:39.000Z
"3/19/2024, 7:04:39 AM",3.514,66.7,29.3,0,2024-03-19T12:04:39.000Z
"3/19/2024, 7:09:39 AM",3.596,62.6,29.1,0,2024-03-19T12:09:39.000Z
"3/19/2024, 7:14:39 AM",3.6,60.6,29,0,2024-03-19T12:14:39.000Z
"3/19/2024, 7:19:39 AM",3.601,59,28.9,0,2024-03-19T12:19:39.000Z
"3/19/2024, 7:24:39 AM",3.601,57.7,28.9,0,2024-03-19T12:24:39.000Z
"3/19/2024, 7:29:39 AM",3.602,56.8,29,0,2024-03-19T12:29:39.000Z
"3/19/2024, 7:34:39 AM",3.602,56.1,29.4,0,2024-03-19T12:34:39.000Z
"3/19/2024, 7:39:39 AM",3.602,55.8,30.2,0,2024-03-19T12:39:39.000Z
"3/19/2024, 7:44:39 AM",3.601,55.2,32.1,0,2024-03-19T12:44:39.000Z
"3/19/2024, 7:49:39 AM",3.601,54.9,34.9,0,2024-03-19T12:49:39.000Z
"3/19/2024, 7:54:39 AM",3.6,54.7,39,0,2024-03-19T12:54:39.000Z
"3/19/2024, 7:59:39 AM",3.6,54.5,43.6,0,2024-03-19T12:59:39.000Z
"3/19/2024, 8:04:39 AM",3.6,54.1,48.1,0,2024-03-19T13:04:39.000Z
"3/19/2024, 8:09:39 AM",3.6,53.8,51.7,0,2024-03-19T13:09:39.000Z
"3/19/2024, 8:14:39 AM",3.599,53.8,54.8,0,2024-03-19T13:14:39.000Z
"3/19/2024, 8:19:39 AM",3.599,53.8,57.4,0,2024-03-19T13:19:39.000Z
"3/19/2024, 8:24:39 AM",3.6,53.8,59.8,0,2024-03-19T13:24:39.000Z
"3/19/2024, 8:29:39 AM",3.599,53.8,61.9,0,2024-03-19T13:29:39.000Z
"3/19/2024, 8:34:39 AM",3.599,54,63.8,0,2024-03-19T13:34:39.000Z
"3/19/2024, 8:39:39 AM",3.599,54,65.3,0,2024-03-19T13:39:39.000Z
"3/19/2024, 8:44:39 AM",3.598,54.1,66.7,0,2024-03-19T13:44:39.000Z
"3/19/2024, 8:49:39 AM",3.598,54.3,67.9,0,2024-03-19T13:49:39.000Z
"3/19/2024, 8:54:39 AM",3.598,54.5,69,0,2024-03-19T13:54:39.000Z
"3/19/2024, 8:59:39 AM",3.598,54.5,70,0,2024-03-19T13:59:39.000Z
"3/19/2024, 9:04:39 AM",3.597,54.9,70.9,0,2024-03-19T14:04:39.000Z
"3/19/2024, 9:09:39 AM",3.598,55,71.8,0,2024-03-19T14:09:39.000Z
"3/19/2024, 9:14:39 AM",3.597,55.4,72.6,0,2024-03-19T14:14:39.000Z
"3/19/2024, 9:19:39 AM",3.597,55.8,73.4,0,2024-03-19T14:19:39.000Z
"3/19/2024, 9:24:39 AM",3.597,56.1,74.1,0,2024-03-19T14:24:39.000Z
"3/19/2024, 9:29:39 AM",3.597,56.3,74.8,0,2024-03-19T14:29:39.000Z
"3/19/2024, 9:34:39 AM",3.597,56.3,75.4,0,2024-03-19T14:34:39.000Z
"3/19/2024, 9:39:39 AM",3.597,56.5,75.9,0,2024-03-19T14:39:39.000Z
"3/19/2024, 9:44:39 AM",3.597,56.5,76.5,0,2024-03-19T14:44:39.000Z
"3/19/2024, 9:49:39 AM",3.597,56.3,76.9,0,2024-03-19T14:49:39.000Z
"3/19/2024, 9:54:39 AM",3.597,56.1,77.4,0,2024-03-19T14:54:39.000Z
"3/19/2024, 9:59:39 AM",3.597,56.1,77.8,0,2024-03-19T14:59:39.000Z
"3/19/2024, 10:04:39 AM",3.597,56.7,78.2,0,2024-03-19T15:04:39.000Z
"3/19/2024, 10:09:39 AM",3.596,57,78.6,0,2024-03-19T15:09:39.000Z
"3/19/2024, 10:14:39 AM",3.596,57.4,79,0,2024-03-19T15:14:39.000Z
"3/19/2024, 10:19:39 AM",3.597,57.9,79.4,0,2024-03-19T15:19:39.000Z
"3/19/2024, 10:24:39 AM",3.596,58.3,79.8,0,2024-03-19T15:24:39.000Z
"3/19/2024, 10:29:39 AM",3.596,58.6,80.2,0,2024-03-19T15:29:39.000Z
"3/19/2024, 10:34:39 AM",3.596,59,80.6,0,2024-03-19T15:34:39.000Z
"3/19/2024, 10:39:39 AM",3.596,59.2,80.9,0,2024-03-19T15:39:39.000Z
"3/19/2024, 10:44:39 AM",3.597,59.4,81.1,0,2024-03-19T15:44:39.000Z
"3/19/2024, 10:49:39 AM",3.596,59.5,81.4,0,2024-03-19T15:49:39.000Z
"3/19/2024, 10:54:39 AM",3.596,59.9,81.7,0,2024-03-19T15:54:39.000Z
"3/19/2024, 10:59:39 AM",3.596,60.4,82,0,2024-03-19T15:59:39.000Z
"3/19/2024, 11:04:39 AM",3.596,60.6,82.3,0,2024-03-19T16:04:39.000Z
"3/19/2024, 11:09:39 AM",3.596,60.8,82.5,0,2024-03-19T16:09:39.000Z
"3/19/2024, 11:14:39 AM",3.596,60.8,82.7,0,2024-03-19T16:14:39.000Z
"3/19/2024, 11:19:39 AM",3.596,61,83,0,2024-03-19T16:19:39.000Z
"3/19/2024, 11:24:39 AM",3.596,61.5,83.2,0,2024-03-19T16:24:39.000Z
"3/19/2024, 11:29:39 AM",3.596,62.1,83.4,0,2024-03-19T16:29:39.000Z
"3/19/2024, 11:34:39 AM",3.596,62.8,83.7,0,2024-03-19T16:34:39.000Z
"3/19/2024, 11:39:39 AM",3.596,63.1,84,0,2024-03-19T16:39:39.000Z
"3/19/2024, 11:44:39 AM",3.596,63.5,84.2,0,2024-03-19T16:44:39.000Z
"3/19/2024, 11:49:39 AM",3.596,63.7,84.4,0,2024-03-19T16:49:39.000Z
"3/19/2024, 11:54:39 AM",3.596,63.7,84.5,0,2024-03-19T16:54:39.000Z
"3/19/2024, 11:59:39 AM",3.596,63.9,84.7,0,2024-03-19T16:59:39.000Z
"3/19/2024, 12:04:39 PM",3.596,64,84.8,0,2024-03-19T17:04:39.000Z
"3/19/2024, 12:09:39 PM",3.597,64.2,84.9,0,2024-03-19T17:09:39.000Z
"3/19/2024, 12:14:39 PM",3.596,64.2,85,0,2024-03-19T17:14:39.000Z
"3/19/2024, 12:19:39 PM",3.596,64.4,85.1,0,2024-03-19T17:19:39.000Z
"3/19/2024, 12:24:39 PM",3.597,64.4,85.2,0,2024-03-19T17:24:39.000Z
"3/19/2024, 12:29:39 PM",3.597,64.6,85.3,0,2024-03-19T17:29:39.000Z
"3/19/2024, 12:34:39 PM",3.597,64.8,85.4,0,2024-03-19T17:34:39.000Z
"3/19/2024, 12:39:39 PM",3.597,64.8,85.5,0,2024-03-19T17:39:39.000Z
"3/19/2024, 12:44:39 PM",3.596,65.1,85.6,0,2024-03-19T17:44:39.000Z
"3/19/2024, 12:49:39 PM",3.597,65.3,85.7,0,2024-03-19T17:49:39.000Z
"3/19/2024, 12:54:39 PM",3.597,65.5,85.7,0,2024-03-19T17:54:39.000Z
"3/19/2024, 12:59:39 PM",3.597,65.5,85.8,0,2024-03-19T17:59:39.000Z
"3/19/2024, 1:04:39 PM",3.597,65.7,85.8,0,2024-03-19T18:04:39.000Z
"3/19/2024, 1:09:39 PM",3.597,66,85.8,0,2024-03-19T18:09:39.000Z
"3/19/2024, 1:14:39 PM",3.597,66,85.8,0,2024-03-19T18:14:39.000Z
"3/19/2024, 1:19:39 PM",3.597,66.2,85.7,0,2024-03-19T18:19:39.000Z
"3/19/2024, 1:24:39 PM",3.597,66.4,85.7,0,2024-03-19T18:24:39.000Z
"3/19/2024, 1:29:39 PM",3.597,66.4,85.6,0,2024-03-19T18:29:39.000Z
"3/19/2024, 1:34:39 PM",3.597,66.6,85.5,0,2024-03-19T18:34:39.000Z
"3/19/2024, 1:39:39 PM",3.597,66.6,85.5,0,2024-03-19T18:39:39.000Z
"3/19/2024, 1:44:39 PM",3.597,66.7,85.3,0,2024-03-19T18:44:39.000Z
"3/19/2024, 1:49:39 PM",3.597,66.9,85.2,0,2024-03-19T18:49:39.000Z
"3/19/2024, 1:54:39 PM",3.597,67.1,85,0,2024-03-19T18:54:39.000Z
"3/19/2024, 1:59:39 PM",3.597,67.5,84.9,0,2024-03-19T18:59:39.000Z
"3/19/2024, 2:04:39 PM",3.598,67.8,84.9,0,2024-03-19T19:04:39.000Z
"3/19/2024, 2:09:39 PM",3.597,68,84.9,0,2024-03-19T19:09:39.000Z
"3/19/2024, 2:14:39 PM",3.597,68.4,84.9,0,2024-03-19T19:14:39.000Z
"3/19/2024, 2:19:39 PM",3.597,68.4,84.9,0,2024-03-19T19:19:39.000Z
"3/19/2024, 2:24:39 PM",3.598,68.7,84.7,0,2024-03-19T19:24:39.000Z
"3/19/2024, 2:29:39 PM",3.597,68.9,84.6,0,2024-03-19T19:29:39.000Z
"3/19/2024, 2:34:39 PM",3.598,68.9,84.5,0,2024-03-19T19:34:39.000Z
"3/19/2024, 2:39:39 PM",3.597,68.9,84.2,0,2024-03-19T19:39:39.000Z
"3/19/2024, 2:44:39 PM",3.597,69.1,84,0,2024-03-19T19:44:39.000Z
"3/19/2024, 2:49:39 PM",3.597,69.3,83.8,0,2024-03-19T19:49:39.000Z
"3/19/2024, 2:54:39 PM",3.598,69.3,83.4,0,2024-03-19T19:54:39.000Z
"3/19/2024, 2:59:39 PM",3.598,69.4,83.1,0,2024-03-19T19:59:39.000Z
"3/19/2024, 3:04:39 PM",3.598,69.6,82.8,0,2024-03-19T20:04:39.000Z
"3/19/2024, 3:09:39 PM",3.597,69.8,82.4,0,2024-03-19T20:09:39.000Z
"3/19/2024, 3:14:39 PM",3.598,70,82.1,0,2024-03-19T20:14:39.000Z
"3/19/2024, 3:19:39 PM",3.598,70.3,81.9,0,2024-03-19T20:19:39.000Z
"3/19/2024, 3:24:39 PM",3.598,70.3,81.6,0,2024-03-19T20:24:39.000Z
"3/19/2024, 3:29:39 PM",3.598,70.5,81.4,0,2024-03-19T20:29:39.000Z
"3/19/2024, 3:34:39 PM",3.598,70.5,81.2,0,2024-03-19T20:34:39.000Z
"3/19/2024, 3:39:39 PM",3.598,70.3,80.8,0,2024-03-19T20:39:39.000Z
"3/19/2024, 3:44:39 PM",3.598,70.3,80.5,0,2024-03-19T20:44:39.000Z
"3/19/2024, 3:49:39 PM",3.598,70.5,80.2,0,2024-03-19T20:49:39.000Z
"3/19/2024, 3:54:39 PM",3.598,70.3,80.1,0,2024-03-19T20:54:39.000Z
"3/19/2024, 3:59:39 PM",3.598,70.5,80.1,0,2024-03-19T20:59:39.000Z
"3/19/2024, 4:04:39 PM",3.598,70.5,80,0,2024-03-19T21:04:39.000Z
"3/19/2024, 4:09:39 PM",3.598,70.7,80.1,0,2024-03-19T21:09:39.000Z
"3/19/2024, 4:14:39 PM",3.598,70.7,80,0,2024-03-19T21:14:39.000Z
"3/19/2024, 4:19:39 PM",3.598,70.5,79.8,0,2024-03-19T21:19:39.000Z
"3/19/2024, 4:24:39 PM",3.599,70.5,79.6,0,2024-03-19T21:24:39.000Z
"3/19/2024, 4:29:39 PM",3.598,70.7,79.4,0,2024-03-19T21:29:39.000Z
"3/19/2024, 4:34:39 PM",3.598,70.9,79.2,0,2024-03-19T21:34:39.000Z
"3/19/2024, 4:39:39 PM",3.598,70.7,79.1,0,2024-03-19T21:39:39.000Z
"3/19/2024, 4:44:39 PM",3.598,70.7,79,0,2024-03-19T21:44:39.000Z
"3/19/2024, 4:49:39 PM",3.599,70.5,78.9,0,2024-03-19T21:49:39.000Z
"3/19/2024, 4:54:39 PM",3.598,70.5,78.8,0,2024-03-19T21:54:39.000Z
"3/19/2024, 4:59:39 PM",3.598,70.2,78.7,0,2024-03-19T21:59:39.000Z
"3/19/2024, 5:04:39 PM",3.598,69.8,78.6,0,2024-03-19T22:04:39.000Z
"3/19/2024, 5:09:39 PM",3.599,69.3,78.3,0,2024-03-19T22:09:39.000Z
"3/19/2024, 5:14:39 PM",3.599,68.7,78.2,0,2024-03-19T22:14:39.000Z
"3/19/2024, 5:19:39 PM",3.598,68.2,78.3,0,2024-03-19T22:19:39.000Z
"3/19/2024, 5:24:39 PM",3.599,67.6,78.4,0,2024-03-19T22:24:39.000Z
"3/19/2024, 5:29:39 PM",3.599,67.1,78.5,0,2024-03-19T22:29:39.000Z
"3/19/2024, 5:34:39 PM",3.599,66.4,78.7,0,2024-03-19T22:34:39.000Z
"3/19/2024, 5:39:39 PM",3.599,65.8,78.9,0,2024-03-19T22:39:39.000Z
"3/19/2024, 5:44:39 PM",3.599,65.3,79.1,0,2024-03-19T22:44:39.000Z
"3/19/2024, 5:49:39 PM",3.599,64.8,79.3,0,2024-03-19T22:49:39.000Z
"3/19/2024, 5:54:39 PM",3.599,64.4,79.5,0,2024-03-19T22:54:39.000Z
"3/19/2024, 5:59:39 PM",3.599,64,79.8,0,2024-03-19T22:59:39.000Z
"3/19/2024, 6:04:39 PM",3.599,63.7,80.1,0,2024-03-19T23:04:39.000Z
"3/19/2024, 6:09:39 PM",3.599,63.1,80.4,0,2024-03-19T23:09:39.000Z
"3/19/2024, 6:14:39 PM",3.599,62.8,80.7,0,2024-03-19T23:14:39.000Z
"3/19/2024, 6:19:39 PM",3.599,62.4,81,0,2024-03-19T23:19:39.000Z
"3/19/2024, 6:24:39 PM",3.599,62.2,81.4,0,2024-03-19T23:24:39.000Z
"3/19/2024, 6:29:39 PM",3.599,61.7,81.7,0,2024-03-19T23:29:39.000Z
"3/19/2024, 6:34:39 PM",3.599,61.5,81.9,0,2024-03-19T23:34:39.000Z
"3/19/2024, 6:39:39 PM",3.599,61.2,82.2,0,2024-03-19T23:39:39.000Z
"3/19/2024, 6:44:39 PM",3.599,60.8,82.5,0,2024-03-19T23:44:39.000Z
"3/19/2024, 6:49:39 PM",3.599,60.6,82.8,0,2024-03-19T23:49:39.000Z
"3/19/2024, 6:54:39 PM",3.598,60.3,83.1,0,2024-03-19T23:54:39.000Z
"3/19/2024, 6:59:39 PM",3.599,60.3,83.4,0,2024-03-19T23:59:39.000Z
"3/19/2024, 7:04:39 PM",3.598,60.1,83.7,0,2024-03-20T00:04:39.000Z
"3/19/2024, 7:09:39 PM",3.598,59.9,84,0,2024-03-20T00:09:39.000Z
"3/19/2024, 7:14:39 PM",3.598,59.7,84.3,0,2024-03-20T00:14:39.000Z
"3/19/2024, 7:19:39 PM",3.598,59.7,84.6,0,2024-03-20T00:19:39.000Z
"3/19/2024, 7:24:39 PM",3.598,59.7,84.9,0,2024-03-20T00:24:39.000Z
"3/19/2024, 7:29:39 PM",3.598,59.5,85.2,0,2024-03-20T00:29:39.000Z
"3/19/2024, 7:34:39 PM",3.598,59.5,85.5,0,2024-03-20T00:34:39.000Z
"3/19/2024, 7:39:39 PM",3.598,59.5,85.7,0,2024-03-20T00:39:39.000Z
"3/19/2024, 7:44:39 PM",3.598,59.5,86,0,2024-03-20T00:44:39.000Z
"3/19/2024, 7:49:39 PM",3.598,59.7,86.3,0,2024-03-20T00:49:39.000Z
"3/19/2024, 7:54:39 PM",3.598,59.7,86.5,0,2024-03-20T00:54:39.000Z
"3/19/2024, 7:59:39 PM",3.597,59.7,86.7,0,2024-03-20T00:59:39.000Z
"3/19/2024, 8:04:39 PM",3.598,59.5,86.9,0,2024-03-20T01:04:39.000Z
"3/19/2024, 8:09:39 PM",3.598,59.5,87.1,0,2024-03-20T01:09:39.000Z
"3/19/2024, 8:14:39 PM",3.597,59.4,87.3,0,2024-03-20T01:14:39.000Z
"3/19/2024, 8:19:39 PM",3.597,59.4,87.5,0,2024-03-20T01:19:39.000Z
"3/19/2024, 8:24:39 PM",3.597,59.4,87.6,0,2024-03-20T01:24:39.000Z
"3/19/2024, 8:29:39 PM",3.597,59.2,87.8,0,2024-03-20T01:29:39.000Z
"3/19/2024, 8:34:39 PM",3.597,59.2,87.9,0,2024-03-20T01:34:39.000Z
"3/19/2024, 8:39:39 PM",3.597,59,88.1,0,2024-03-20T01:39:39.000Z
"3/19/2024, 8:44:39 PM",3.597,58.8,88.2,0,2024-03-20T01:44:39.000Z
"3/19/2024, 8:49:39 PM",3.597,58.8,88.3,0,2024-03-20T01:49:39.000Z
"3/19/2024, 8:54:39 PM",3.597,58.6,88.4,0,2024-03-20T01:54:39.000Z
"3/19/2024, 8:59:39 PM",3.596,58.6,88.6,0,2024-03-20T01:59:39.000Z
"3/19/2024, 9:04:39 PM",3.597,58.5,88.7,0,2024-03-20T02:04:39.000Z
"3/19/2024, 9:09:39 PM",3.597,58.6,88.8,0,2024-03-20T02:09:39.000Z
"3/19/2024, 9:14:39 PM",3.596,58.6,89,0,2024-03-20T02:14:39.000Z
"3/19/2024, 9:19:39 PM",3.596,58.8,89.1,0,2024-03-20T02:19:39.000Z
"3/19/2024, 9:24:39 PM",3.596,58.8,89.2,0,2024-03-20T02:24:39.000Z
"3/19/2024, 9:29:39 PM",3.597,58.8,89.4,0,2024-03-20T02:29:39.000Z
"3/19/2024, 9:34:39 PM",3.596,58.8,89.5,0,2024-03-20T02:34:39.000Z
"3/19/2024, 9:39:39 PM",3.597,58.8,89.6,0,2024-03-20T02:39:39.000Z
"3/19/2024, 9:44:39 PM",3.597,58.8,89.6,0,2024-03-20T02:44:39.000Z
"3/19/2024, 9:49:39 PM",3.596,58.6,89.7,0,2024-03-20T02:49:39.000Z
"3/19/2024, 9:54:39 PM",3.596,58.6,89.8,0,2024-03-20T02:54:39.000Z
"3/19/2024, 9:59:39 PM",3.596,58.6,89.9,0,2024-03-20T02:59:39.000Z
"3/19/2024, 10:04:39 PM",3.596,58.8,90,0,2024-03-20T03:04:39.000Z
"3/19/2024, 10:09:39 PM",3.596,58.8,90.1,0,2024-03-20T03:09:39.000Z
"3/19/2024, 10:14:39 PM",3.596,58.8,90.2,0,2024-03-20T03:14:39.000Z
"3/19/2024, 10:19:39 PM",3.596,58.8,90.3,0,2024-03-20T03:19:39.000Z
"3/19/2024, 10:24:39 PM",3.596,58.8,90.4,0,2024-03-20T03:24:39.000Z
"3/19/2024, 10:29:39 PM",3.596,58.8,90.5,0,2024-03-20T03:29:39.000Z
"3/19/2024, 10:34:39 PM",3.596,58.8,90.5,0,2024-03-20T03:34:39.000Z
"3/19/2024, 10:39:39 PM",3.596,58.8,90.6,0,2024-03-20T03:39:39.000Z
"3/19/2024, 10:44:39 PM",3.596,59,90.7,0,2024-03-20T03:44:39.000Z
"3/19/2024, 10:49:39 PM",3.596,59,90.8,0,2024-03-20T03:49:39.000Z
"3/19/2024, 10:54:39 PM",3.596,59,90.9,0,2024-03-20T03:54:39.000Z
"3/19/2024, 10:59:39 PM",3.596,59,91,0,2024-03-20T03:59:39.000Z
"3/19/2024, 11:04:39 PM",3.596,58.8,91,0,2024-03-20T04:04:39.000Z
"3/19/2024, 11:09:39 PM",3.596,58.8,91.1,0,2024-03-20T04:09:39.000Z
"3/19/2024, 11:14:39 PM",3.595,58.8,91.1,0,2024-03-20T04:14:39.000Z
"3/19/2024, 11:19:39 PM",3.596,58.8,91.2,0,2024-03-20T04:19:39.000Z
"3/19/2024, 11:24:39 PM",3.596,59,91.3,0,2024-03-20T04:24:39.000Z
"3/19/2024, 11:29:39 PM",3.596,59,91.4,0,2024-03-20T04:29:39.000Z
"3/19/2024, 11:34:39 PM",3.595,59,91.4,0,2024-03-20T04:34:39.000Z
"3/19/2024, 11:39:39 PM",3.596,59,91.5,0,2024-03-20T04:39:39.000Z
"3/19/2024, 11:44:39 PM",3.595,59.2,91.7,0,2024-03-20T04:44:39.000Z
"3/19/2024, 11:49:39 PM",3.596,59.2,91.7,0,2024-03-20T04:49:39.000Z
"3/19/2024, 11:54:39 PM",3.595,59.4,91.8,0,2024-03-20T04:54:39.000Z
"3/19/2024, 11:59:39 PM",3.595,59.5,91.9,0,2024-03-20T04:59:39.000Z
"3/20/2024, 12:04:39 AM",3.595,59.5,91.9,0,2024-03-20T05:04:39.000Z
"3/20/2024, 12:09:39 AM",3.596,59.5,92,0,2024-03-20T05:09:39.000Z
"3/20/2024, 12:14:39 AM",3.595,59.5,92.1,0,2024-03-20T05:14:39.000Z
"3/20/2024, 12:19:39 AM",3.595,59.5,92.1,0,2024-03-20T05:19:39.000Z
"3/20/2024, 12:24:39 AM",3.595,59.5,92.2,0,2024-03-20T05:24:39.000Z
"3/20/2024, 12:29:39 AM",3.595,59.5,92.2,0,2024-03-20T05:29:39.000Z
"3/20/2024, 12:34:39 AM",3.595,59.5,92.3,0,2024-03-20T05:34:39.000Z
"3/20/2024, 12:39:39 AM",3.595,59.7,92.4,0,2024-03-20T05:39:39.000Z
"3/20/2024, 12:44:39 AM",3.596,59.7,92.4,0,2024-03-20T05:44:39.000Z
"3/20/2024, 12:49:39 AM",3.595,59.7,92.5,0,2024-03-20T05:49:39.000Z
"3/20/2024, 12:54:39 AM",3.595,59.9,92.5,0,2024-03-20T05:54:39.000Z
"3/20/2024, 12:59:39 AM",3.595,59.9,92.6,0,2024-03-20T05:59:39.000Z
"3/20/2024, 1:04:39 AM",3.595,60.1,92.6,0,2024-03-20T06:04:39.000Z
"3/20/2024, 1:09:39 AM",3.595,60.1,92.7,0,2024-03-20T06:09:39.000Z
"3/20/2024, 1:14:39 AM",3.595,60.1,92.8,0,2024-03-20T06:14:39.000Z
"3/20/2024, 1:19:39 AM",3.595,60.1,92.8,0,2024-03-20T06:19:39.000Z
"3/20/2024, 1:24:39 AM",3.595,60.1,92.9,0,2024-03-20T06:24:39.000Z
"3/20/2024, 1:29:39 AM",3.595,60.1,92.9,0,2024-03-20T06:29:39.000Z
"3/20/2024, 1:34:39 AM",3.595,60.3,93,0,2024-03-20T06:34:39.000Z
"3/20/2024, 1:39:39 AM",3.595,60.3,93,0,2024-03-20T06:39:39.000Z
"3/20/2024, 1:44:39 AM",3.595,60.3,93.1,0,2024-03-20T06:44:39.000Z
"3/20/2024, 1:49:39 AM",3.595,60.1,93.1,0,2024-03-20T06:49:39.000Z
"3/20/2024, 1:54:39 AM",3.595,60.1,93.1,0,2024-03-20T06:54:39.000Z
"3/20/2024, 1:59:39 AM",3.595,59.9,93.1,0,2024-03-20T06:59:39.000Z
"3/20/2024, 2:04:39 AM",3.595,59.9,93.2,0,2024-03-20T07:04:39.000Z
"3/20/2024, 2:09:39 AM",3.595,59.7,93.2,0,2024-03-20T07:09:39.000Z
"3/20/2024, 2:14:39 AM",3.596,59.4,93.2,0,2024-03-20T07:14:39.000Z
"3/20/2024, 2:19:39 AM",3.595,59.2,93.3,0,2024-03-20T07:19:39.000Z
"3/20/2024, 2:24:39 AM",3.595,59,93.3,0,2024-03-20T07:24:39.000Z
"3/20/2024, 2:29:39 AM",3.595,58.8,93.3,0,2024-03-20T07:29:39.000Z
"3/20/2024, 2:34:39 AM",3.595,58.6,93.3,0,2024-03-20T07:34:39.000Z
"3/20/2024, 2:39:39 AM",3.595,58.5,93.4,0,2024-03-20T07:39:39.000Z
"3/20/2024, 2:44:39 AM",3.595,58.5,93.4,0,2024-03-20T07:44:39.000Z
"3/20/2024, 2:49:39 AM",3.596,58.5,93.5,0,2024-03-20T07:49:39.000Z
"3/20/2024, 2:54:39 AM",3.595,58.5,93.5,0,2024-03-20T07:54:39.000Z
"3/20/2024, 2:59:39 AM",3.595,58.5,93.6,0,2024-03-20T07:59:39.000Z
"3/20/2024, 3:04:39 AM",3.595,58.5,93.7,0,2024-03-20T08:04:39.000Z
"3/20/2024, 3:09:39 AM",3.595,58.6,93.7,0,2024-03-20T08:09:39.000Z
"3/20/2024, 3:14:39 AM",3.595,58.6,93.8,0,2024-03-20T08:14:39.000Z
"3/20/2024, 3:19:39 AM",3.595,58.6,93.8,0,2024-03-20T08:19:39.000Z
"3/20/2024, 3:24:39 AM",3.595,58.6,93.9,0,2024-03-20T08:24:39.000Z
"3/20/2024, 3:29:39 AM",3.595,58.5,93.9,0,2024-03-20T08:29:39.000Z
"3/20/2024, 3:34:39 AM",3.595,58.6,94,0,2024-03-20T08:34:39.000Z
"3/20/2024, 3:39:39 AM",3.595,58.6,94,0,2024-03-20T08:39:39.000Z
"3/20/2024, 3:44:39 AM",3.595,58.6,94.1,0,2024-03-20T08:44:39.000Z
"3/20/2024, 3:49:39 AM",3.595,58.6,94.1,0,2024-03-20T08:49:39.000Z
"3/20/2024, 3:54:39 AM",3.595,58.6,94.2,0,2024-03-20T08:54:39.000Z
"3/20/2024, 3:59:39 AM",3.595,58.6,94.2,0,2024-03-20T08:59:39.000Z
"3/20/2024, 4:04:39 AM",3.594,58.6,94.2,0,2024-03-20T09:04:39.000Z
"3/20/2024, 4:09:39 AM",3.594,58.6,94.3,0,2024-03-20T09:09:39.000Z
"3/20/2024, 4:14:39 AM",3.595,58.6,94.3,0,2024-03-20T09:14:39.000Z
"3/20/2024, 4:19:39 AM",3.595,58.8,94.4,0,2024-03-20T09:19:39.000Z
"3/20/2024, 4:24:39 AM",3.595,58.6,94.4,0,2024-03-20T09:24:39.000Z
"3/20/2024, 4:29:39 AM",3.595,58.8,94.5,0,2024-03-20T09:29:39.000Z
"3/20/2024, 4:34:39 AM",3.595,58.6,94.5,0,2024-03-20T09:34:39.000Z
"3/20/2024, 4:39:39 AM",3.595,58.6,94.5,0,2024-03-20T09:39:39.000Z
"3/20/2024, 4:44:39 AM",3.595,58.6,94.6,0,2024-03-20T09:44:39.000Z
"3/20/2024, 4:49:39 AM",3.595,58.6,94.6,0,2024-03-20T09:49:39.000Z
"3/20/2024, 4:54:39 AM",3.595,58.6,94.6,0,2024-03-20T09:54:39.000Z
"3/20/2024, 4:59:39 AM",3.594,58.6,94.7,0,2024-03-20T09:59:39.000Z
"3/20/2024, 5:04:39 AM",3.594,58.8,94.7,0,2024-03-20T10:04:39.000Z
"3/20/2024, 5:09:39 AM",3.594,58.8,94.8,0,2024-03-20T10:09:39.000Z
"3/20/2024, 5:14:39 AM",3.595,58.8,94.8,0,2024-03-20T10:14:39.000Z
"3/20/2024, 5:19:39 AM",3.594,59,94.9,0,2024-03-20T10:19:39.000Z
"3/20/2024, 5:24:39 AM",3.594,59,94.9,0,2024-03-20T10:24:39.000Z
"3/20/2024, 5:29:39 AM",3.594,59,94.9,0,2024-03-20T10:29:39.000Z
"3/20/2024, 5:34:39 AM",3.594,59,95,0,2024-03-20T10:34:39.000Z
"3/20/2024, 5:39:39 AM",3.594,58.8,95,0,2024-03-20T10:39:39.000Z
"3/20/2024, 5:44:39 AM",3.594,58.6,95,0,2024-03-20T10:44:39.000Z
"3/20/2024, 5:49:39 AM",3.594,58.5,95.1,0,2024-03-20T10:49:39.000Z
"3/20/2024, 5:54:39 AM",3.594,58.5,95.1,0,2024-03-20T10:54:39.000Z
"3/20/2024, 5:59:39 AM",3.594,58.6,95.1,0,2024-03-20T10:59:39.000Z
"3/20/2024, 6:04:39 AM",3.594,58.6,95.2,0,2024-03-20T11:04:39.000Z
"3/20/2024, 6:09:39 AM",3.595,58.8,95.2,0,2024-03-20T11:09:39.000Z
"3/20/2024, 6:14:39 AM",3.594,58.6,95.3,0,2024-03-20T11:14:39.000Z
"3/20/2024, 6:19:39 AM",3.594,58.6,95.3,0,2024-03-20T11:19:39.000Z
"3/20/2024, 6:24:39 AM",3.594,58.5,95.3,0,2024-03-20T11:24:39.000Z
"3/20/2024, 6:29:39 AM",3.594,58.5,95.4,0,2024-03-20T11:29:39.000Z
"3/20/2024, 6:34:39 AM",3.595,58.5,95.4,0,2024-03-20T11:34:39.000Z
"3/20/2024, 6:39:39 AM",3.594,58.5,95.4,0,2024-03-20T11:39:39.000Z
"3/20/2024, 6:44:39 AM",3.594,58.5,95.4,0,2024-03-20T11:44:39.000Z
"3/20/2024, 6:49:39 AM",3.594,58.5,95.5,0,2024-03-20T11:49:39.000Z
"3/20/2024, 6:54:39 AM",3.594,58.5,95.5,0,2024-03-20T11:54:39.000Z
"3/20/2024, 6:59:39 AM",3.594,58.5,95.6,0,2024-03-20T11:59:39.000Z
"3/20/2024, 7:04:39 AM",3.594,58.5,95.5,0,2024-03-20T12:04:39.000Z
"3/20/2024, 7:09:39 AM",3.594,58.5,95.6,0,2024-03-20T12:09:39.000Z
"3/20/2024, 7:14:39 AM",3.594,58.5,95.6,0,2024-03-20T12:14:39.000Z
"3/20/2024, 7:19:39 AM",3.594,58.5,95.7,0,2024-03-20T12:19:39.000Z
"3/20/2024, 7:24:39 AM",3.594,58.8,95.7,0,2024-03-20T12:24:39.000Z
"3/20/2024, 7:29:39 AM",3.594,58.8,95.8,0,2024-03-20T12:29:39.000Z
"3/20/2024, 7:34:39 AM",3.594,59.2,95.8,0,2024-03-20T12:34:39.000Z
"3/20/2024, 7:39:39 AM",3.594,59.4,95.8,0,2024-03-20T12:39:39.000Z
"3/20/2024, 7:44:39 AM",3.594,59.5,95.9,0,2024-03-20T12:44:39.000Z
"3/20/2024, 7:49:39 AM",3.594,59.7,95.9,0,2024-03-20T12:49:39.000Z
"3/20/2024, 7:54:39 AM",3.594,59.9,95.9,0,2024-03-20T12:54:39.000Z
"3/20/2024, 7:59:39 AM",3.594,59.9,96,0,2024-03-20T12:59:39.000Z
"3/20/2024, 8:04:39 AM",3.594,59.9,96,0,2024-03-20T13:04:39.000Z
"3/20/2024, 8:09:39 AM",3.594,59.9,96,0,2024-03-20T13:09:39.000Z
"3/20/2024, 8:14:39 AM",3.594,60.1,96.1,0,2024-03-20T13:14:39.000Z
"3/20/2024, 8:19:39 AM",3.594,60.3,96.1,0,2024-03-20T13:19:39.000Z
"3/20/2024, 8:24:39 AM",3.594,60.4,96.1,0,2024-03-20T13:24:39.000Z
"3/20/2024, 8:29:39 AM",3.594,60.8,96.1,0,2024-03-20T13:29:39.000Z
"3/20/2024, 8:34:39 AM",3.594,61.2,96.1,0,2024-03-20T13:34:39.000Z
"3/20/2024, 8:39:39 AM",3.594,61.2,96.1,0,2024-03-20T13:39:39.000Z
"3/20/2024, 8:44:39 AM",3.594,61.2,96.1,0,2024-03-20T13:44:39.000Z
"3/20/2024, 8:49:39 AM",3.594,61.2,96.1,0,2024-03-20T13:49:39.000Z
"3/20/2024, 8:54:39 AM",3.594,61.3,96.2,0,2024-03-20T13:54:39.000Z
"3/20/2024, 8:59:39 AM",3.595,61.5,96.1,0,2024-03-20T13:59:39.000Z
"3/20/2024, 9:04:39 AM",3.594,61.7,96.2,0,2024-03-20T14:04:39.000Z
"3/20/2024, 9:09:39 AM",3.594,61.9,96.2,0,2024-03-20T14:09:39.000Z
"3/20/2024, 9:14:39 AM",3.595,62.1,96.2,0,2024-03-20T14:14:39.000Z
"3/20/2024, 9:19:39 AM",3.594,62.1,96.2,0,2024-03-20T14:19:39.000Z
"3/20/2024, 9:24:39 AM",3.594,62.6,96.2,0,2024-03-20T14:24:39.000Z
"3/20/2024, 9:29:39 AM",3.594,63,96.3,0,2024-03-20T14:29:39.000Z
"3/20/2024, 9:34:39 AM",3.594,63.5,96.3,0,2024-03-20T14:34:39.000Z
"3/20/2024, 9:39:39 AM",3.594,63.7,96.3,0,2024-03-20T14:39:39.000Z
"3/20/2024, 9:44:39 AM",3.594,64,96.3,0,2024-03-20T14:44:39.000Z
"3/20/2024, 9:49:39 AM",3.594,64.4,96.4,0,2024-03-20T14:49:39.000Z
"3/20/2024, 9:54:39 AM",3.594,64.6,96.4,0,2024-03-20T14:54:39.000Z
"3/20/2024, 9:59:39 AM",3.594,64.4,96.4,0,2024-03-20T14:59:39.000Z
"3/20/2024, 10:04:39 AM",3.595,64.6,96.4,0,2024-03-20T15:04:39.000Z
"3/20/2024, 10:09:39 AM",3.594,64.8,96.4,0,2024-03-20T15:09:39.000Z
"3/20/2024, 10:14:39 AM",3.594,65.1,96.4,0,2024-03-20T15:14:39.000Z
"3/20/2024, 10:19:39 AM",3.594,65.7,96.5,0,2024-03-20T15:19:39.000Z
"3/20/2024, 10:24:39 AM",3.594,65.8,96.5,0,2024-03-20T15:24:39.000Z
"3/20/2024, 10:29:39 AM",3.595,66.2,96.5,0,2024-03-20T15:29:39.000Z
"3/20/2024, 10:34:39 AM",3.595,66.6,96.5,0,2024-03-20T15:34:39.000Z
"3/20/2024, 10:39:39 AM",3.595,66.9,96.6,0,2024-03-20T15:39:39.000Z
"3/20/2024, 10:44:39 AM",3.595,66.9,96.5,0,2024-03-20T15:44:39.000Z
"3/20/2024, 10:49:39 AM",3.595,67.1,96.5,0,2024-03-20T15:49:39.000Z
"3/20/2024, 10:54:39 AM",3.594,67.6,96.6,0,2024-03-20T15:54:39.000Z
"3/20/2024, 10:59:39 AM",3.595,68,96.6,0,2024-03-20T15:59:39.000Z
"3/20/2024, 11:04:39 AM",3.594,68.4,96.6,0,2024-03-20T16:04:39.000Z
"3/20/2024, 11:09:39 AM",3.595,68.7,96.6,0,2024-03-20T16:09:39.000Z
"3/20/2024, 11:14:39 AM",3.595,69.1,96.7,0,2024-03-20T16:14:39.000Z
"3/20/2024, 11:19:39 AM",3.595,69.4,96.7,0,2024-03-20T16:19:39.000Z
"3/20/2024, 11:24:39 AM",3.595,69.8,96.7,0,2024-03-20T16:24:39.000Z
"3/20/2024, 11:29:39 AM",3.595,70,96.7,0,2024-03-20T16:29:39.000Z
"3/20/2024, 11:34:39 AM",3.595,70.2,96.7,0,2024-03-20T16:34:39.000Z
"3/20/2024, 11:39:39 AM",3.595,70.3,96.7,0,2024-03-20T16:39:39.000Z
"3/20/2024, 11:44:39 AM",3.595,70.5,96.7,0,2024-03-20T16:44:39.000Z
"3/20/2024, 11:49:39 AM",3.595,70.7,96.7,0,2024-03-20T16:49:39.000Z
"3/20/2024, 11:54:39 AM",3.595,71.1,96.7,0,2024-03-20T16:54:39.000Z
"3/20/2024, 11:59:39 AM",3.595,71.2,96.7,0,2024-03-20T16:59:39.000Z
"3/20/2024, 12:04:39 PM",3.596,71.2,96.7,0,2024-03-20T17:04:39.000Z
"3/20/2024, 12:09:39 PM",3.595,71.4,96.6,0,2024-03-20T17:09:39.000Z
"3/20/2024, 12:14:39 PM",3.596,71.6,96.6,0,2024-03-20T17:14:39.000Z
"3/20/2024, 12:19:39 PM",3.596,72,96.7,0,2024-03-20T17:19:39.000Z
"3/20/2024, 12:24:39 PM",3.595,72.1,96.6,0,2024-03-20T17:24:39.000Z
"3/20/2024, 12:29:39 PM",3.596,72.3,96.6,0,2024-03-20T17:29:39.000Z
"3/20/2024, 12:34:39 PM",3.595,72.5,96.7,0,2024-03-20T17:34:39.000Z
"3/20/2024, 12:39:39 PM",3.595,72.5,96.6,0,2024-03-20T17:39:39.000Z
"3/20/2024, 12:44:39 PM",3.596,72.7,96.7,0,2024-03-20T17:44:39.000Z
"3/20/2024, 12:49:39 PM",3.596,72.7,96.5,0,2024-03-20T17:49:39.000Z
"3/20/2024, 12:54:39 PM",3.596,72.9,96.5,0,2024-03-20T17:54:39.000Z
"3/20/2024, 12:59:39 PM",3.595,72.9,96.5,0,2024-03-20T17:59:39.000Z
"3/20/2024, 1:04:39 PM",3.596,73,96.5,0,2024-03-20T18:04:39.000Z
"3/20/2024, 1:09:39 PM",3.596,73,96.4,0,2024-03-20T18:09:39.000Z
"3/20/2024, 1:14:39 PM",3.595,73,96.3,0,2024-03-20T18:14:39.000Z
"3/20/2024, 1:19:39 PM",3.596,73.2,96.3,0,2024-03-20T18:19:39.000Z
"3/20/2024, 1:24:39 PM",3.596,73.4,96.3,0,2024-03-20T18:24:39.000Z
"3/20/2024, 1:29:39 PM",3.596,73.6,96.2,0,2024-03-20T18:29:39.000Z
"3/20/2024, 1:34:39 PM",3.596,73.8,96.2,0,2024-03-20T18:34:39.000Z
"3/20/2024, 1:39:39 PM",3.596,73.9,96.1,0,2024-03-20T18:39:39.000Z
"3/20/2024, 1:44:39 PM",3.596,73.8,96,0,2024-03-20T18:44:39.000Z
"3/20/2024, 1:49:39 PM",3.596,73.6,95.9,0,2024-03-20T18:49:39.000Z
"3/20/2024, 1:54:39 PM",3.596,73.6,95.8,0,2024-03-20T18:54:39.000Z
"3/20/2024, 1:59:39 PM",3.596,73.6,95.6,0,2024-03-20T18:59:39.000Z
"3/20/2024, 2:04:39 PM",3.597,73.6,95.5,0,2024-03-20T19:04:39.000Z
"3/20/2024, 2:09:39 PM",3.596,73.6,95.4,0,2024-03-20T19:09:39.000Z
"3/20/2024, 2:14:39 PM",3.596,73.8,95.3,0,2024-03-20T19:14:39.000Z
"3/20/2024, 2:19:39 PM",3.596,73.8,95.2,0,2024-03-20T19:19:39.000Z
"3/20/2024, 2:24:39 PM",3.597,73.6,95.1,0,2024-03-20T19:24:39.000Z
"3/20/2024, 2:29:39 PM",3.597,73.6,94.9,0,2024-03-20T19:29:39.000Z
"3/20/2024, 2:34:39 PM",3.596,73.4,94.8,0,2024-03-20T19:34:39.000Z
"3/20/2024, 2:39:39 PM",3.597,73.4,94.7,0,2024-03-20T19:39:39.000Z
"3/20/2024, 2:44:39 PM",3.596,73.4,94.6,0,2024-03-20T19:44:39.000Z
"3/20/2024, 2:49:39 PM",3.597,73.4,94.4,0,2024-03-20T19:49:39.000Z
"3/20/2024, 2:54:39 PM",3.597,73.4,94.3,0,2024-03-20T19:54:39.000Z
"3/20/2024, 2:59:39 PM",3.597,73.4,94.2,0,2024-03-20T19:59:39.000Z
"3/20/2024, 3:04:39 PM",3.597,73.6,94,0,2024-03-20T20:04:39.000Z
"3/20/2024, 3:09:39 PM",3.596,73.6,93.9,0,2024-03-20T20:09:39.000Z
"3/20/2024, 3:14:39 PM",3.596,73.4,93.8,0,2024-03-20T20:14:39.000Z
"3/20/2024, 3:19:39 PM",3.596,73.6,93.7,0,2024-03-20T20:19:39.000Z
"3/20/2024, 3:24:39 PM",3.597,73.6,93.5,0,2024-03-20T20:24:39.000Z
"3/20/2024, 3:29:39 PM",3.597,73.6,93.4,0,2024-03-20T20:29:39.000Z
"3/20/2024, 3:34:39 PM",3.597,73.6,93.2,0,2024-03-20T20:34:39.000Z
"3/20/2024, 3:39:39 PM",3.597,73.4,92.9,0,2024-03-20T20:39:39.000Z
"3/20/2024, 3:44:39 PM",3.597,73.4,92.7,0,2024-03-20T20:44:39.000Z
"3/20/2024, 3:49:39 PM",3.597,73.6,92.5,0,2024-03-20T20:49:39.000Z
"3/20/2024, 3:54:39 PM",3.597,73.6,92.3,0,2024-03-20T20:54:39.000Z
"3/20/2024, 3:59:39 PM",3.597,73.6,92.2,0,2024-03-20T20:59:39.000Z
"3/20/2024, 4:04:39 PM",3.596,73.4,92,0,2024-03-20T21:04:39.000Z
"3/20/2024, 4:09:39 PM",3.597,73.2,91.7,0,2024-03-20T21:09:39.000Z
"3/20/2024, 4:14:39 PM",3.597,73,91.4,0,2024-03-20T21:14:39.000Z
"3/20/2024, 4:19:39 PM",3.597,72.7,91.1,0,2024-03-20T21:19:39.000Z
"3/20/2024, 4:24:39 PM",3.597,72.3,90.7,0,2024-03-20T21:24:39.000Z
"3/20/2024, 4:29:39 PM",3.597,72.1,90.4,0,2024-03-20T21:29:39.000Z
"3/20/2024, 4:34:39 PM",3.597,72,90.1,0,2024-03-20T21:34:39.000Z
"3/20/2024, 4:39:39 PM",3.597,71.8,89.8,0,2024-03-20T21:39:39.000Z
"3/20/2024, 4:44:39 PM",3.597,71.6,89.6,0,2024-03-20T21:44:39.000Z
"3/20/2024, 4:49:39 PM",3.597,71.4,89.5,0,2024-03-20T21:49:39.000Z
"3/20/2024, 4:54:39 PM",3.597,71.2,89.4,0,2024-03-20T21:54:39.000Z
"3/20/2024, 4:59:39 PM",3.597,71.1,89.3,0,2024-03-20T21:59:39.000Z
"3/20/2024, 5:04:39 PM",3.597,70.5,89.1,0,2024-03-20T22:04:39.000Z
"3/20/2024, 5:09:39 PM",3.598,69.8,88.9,0,2024-03-20T22:09:39.000Z
"3/20/2024, 5:14:39 PM",3.598,69.1,88.8,0,2024-03-20T22:14:39.000Z
"3/20/2024, 5:19:39 PM",3.598,68.4,88.8,0,2024-03-20T22:19:39.000Z
"3/20/2024, 5:24:39 PM",3.597,67.8,88.7,0,2024-03-20T22:24:39.000Z
"3/20/2024, 5:29:39 PM",3.598,67.1,88.6,0,2024-03-20T22:29:39.000Z
"3/20/2024, 5:34:39 PM",3.598,66.4,88.5,0,2024-03-20T22:34:39.000Z
"3/20/2024, 5:39:39 PM",3.598,65.7,88.5,0,2024-03-20T22:39:39.000Z
"3/20/2024, 5:44:39 PM",3.598,64.6,88.3,0,2024-03-20T22:44:39.000Z
"3/20/2024, 5:49:39 PM",3.598,63.9,88.2,0,2024-03-20T22:49:39.000Z
"3/20/2024, 5:54:39 PM",3.598,63.1,88.2,0,2024-03-20T22:54:39.000Z
"3/20/2024, 5:59:39 PM",3.598,62.6,88.2,0,2024-03-20T22:59:39.000Z
"3/20/2024, 6:04:39 PM",3.598,61.9,88.3,0,2024-03-20T23:04:39.000Z
"3/20/2024, 6:09:39 PM",3.598,61.5,88.5,0,2024-03-20T23:09:39.000Z
"3/20/2024, 6:14:39 PM",3.598,60.8,88.6,0,2024-03-20T23:14:39.000Z
"3/20/2024, 6:19:39 PM",3.598,60.3,88.7,0,2024-03-20T23:19:39.000Z
"3/20/2024, 6:24:39 PM",3.598,59.9,88.8,0,2024-03-20T23:24:39.000Z
"3/20/2024, 6:29:39 PM",3.598,59.5,89,0,2024-03-20T23:29:39.000Z
"3/20/2024, 6:34:39 PM",3.598,59,89.2,0,2024-03-20T23:34:39.000Z
"3/20/2024, 6:39:39 PM",3.598,58.5,89.3,0,2024-03-20T23:39:39.000Z
"3/20/2024, 6:44:39 PM",3.598,58.3,89.6,0,2024-03-20T23:44:39.000Z
"3/20/2024, 6:49:39 PM",3.597,57.9,89.7,0,2024-03-20T23:49:39.000Z
"3/20/2024, 6:54:39 PM",3.597,57.6,90,0,2024-03-20T23:54:39.000Z
"3/20/2024, 6:59:39 PM",3.597,57.4,90.2,0,2024-03-20T23:59:39.000Z
"3/20/2024, 7:04:39 PM",3.597,57,90.4,0,2024-03-21T00:04:39.000Z
"3/20/2024, 7:09:39 PM",3.597,56.7,90.5,0,2024-03-21T00:09:39.000Z
"3/20/2024, 7:14:39 PM",3.596,56.5,90.7,0,2024-03-21T00:14:39.000Z
"3/20/2024, 7:19:39 PM",3.596,56.3,90.9,0,2024-03-21T00:19:39.000Z
"3/20/2024, 7:24:39 PM",3.596,56.1,91.1,0,2024-03-21T00:24:39.000Z
"3/20/2024, 7:29:39 PM",3.596,55.8,91.3,0,2024-03-21T00:29:39.000Z
"3/20/2024, 7:34:39 PM",3.596,55.4,91.4,0,2024-03-21T00:34:39.000Z
"3/20/2024, 7:39:39 PM",3.596,55.2,91.5,0,2024-03-21T00:39:39.000Z
"3/20/2024, 7:44:39 PM",3.595,55,91.7,0,2024-03-21T00:44:39.000Z
"3/20/2024, 7:49:39 PM",3.595,54.7,91.8,0,2024-03-21T00:49:39.000Z
"3/20/2024, 7:54:39 PM",3.595,54.3,92,0,2024-03-21T00:54:39.000Z
"3/20/2024, 7:59:39 PM",3.595,54,92.1,0,2024-03-21T00:59:39.000Z
"3/20/2024, 8:04:39 PM",3.595,53.8,92.2,0,2024-03-21T01:04:39.000Z
"3/20/2024, 8:09:39 PM",3.594,53.4,92.3,0,2024-03-21T01:09:39.000Z
"3/20/2024, 8:14:39 PM",3.595,53.2,92.4,0,2024-03-21T01:14:39.000Z
"3/20/2024, 8:19:39 PM",3.594,53.1,92.5,0,2024-03-21T01:19:39.000Z
"3/20/2024, 8:24:39 PM",3.594,52.9,92.6,0,2024-03-21T01:24:39.000Z
"3/20/2024, 8:29:39 PM",3.594,52.7,92.7,0,2024-03-21T01:29:39.000Z
"3/20/2024, 8:34:39 PM",3.594,52.7,92.8,0,2024-03-21T01:34:39.000Z
"3/20/2024, 8:39:39 PM",3.593,52.7,92.9,0,2024-03-21T01:39:39.000Z
"3/20/2024, 8:44:39 PM",3.593,52.7,93,0,2024-03-21T01:44:39.000Z
"3/20/2024, 8:49:39 PM",3.593,52.5,93.1,0,2024-03-21T01:49:39.000Z
"3/20/2024, 8:54:39 PM",3.593,52.3,93.2,0,2024-03-21T01:54:39.000Z
"3/20/2024, 8:59:39 PM",3.593,52.3,93.3,0,2024-03-21T01:59:39.000Z
"3/20/2024, 9:04:39 PM",3.593,52.3,93.5,0,2024-03-21T02:04:39.000Z
"3/20/2024, 9:09:39 PM",3.593,52.3,93.5,0,2024-03-21T02:09:39.000Z
"3/20/2024, 9:14:39 PM",3.592,52.3,93.6,0,2024-03-21T02:14:39.000Z
"3/20/2024, 9:19:39 PM",3.592,52.3,93.7,0,2024-03-21T02:19:39.000Z
"3/20/2024, 9:24:39 PM",3.593,52.2,93.8,0,2024-03-21T02:24:39.000Z
"3/20/2024, 9:29:39 PM",3.592,52,93.9,0,2024-03-21T02:29:39.000Z
"3/20/2024, 9:34:39 PM",3.592,52,93.9,0,2024-03-21T02:34:39.000Z
"3/20/2024, 9:39:39 PM",3.592,51.8,94,0,2024-03-21T02:39:39.000Z
"3/20/2024, 9:44:39 PM",3.592,51.8,94.1,0,2024-03-21T02:44:39.000Z
"3/20/2024, 9:49:39 PM",3.592,51.6,94.2,0,2024-03-21T02:49:39.000Z
"3/20/2024, 9:54:39 PM",3.592,51.6,94.2,0,2024-03-21T02:54:39.000Z
"3/20/2024, 9:59:39 PM",3.591,51.4,94.3,0,2024-03-21T02:59:39.000Z
"3/20/2024, 10:04:39 PM",3.591,51.3,94.3,0,2024-03-21T03:04:39.000Z
"3/20/2024, 10:09:39 PM",3.591,51.3,94.4,0,2024-03-21T03:09:39.000Z
"3/20/2024, 10:14:39 PM",3.591,51.1,94.5,0,2024-03-21T03:14:39.000Z
"3/20/2024, 10:19:39 PM",3.591,51.1,94.6,0,2024-03-21T03:19:39.000Z
"3/20/2024, 10:24:39 PM",3.591,50.9,94.6,0,2024-03-21T03:24:39.000Z
"3/20/2024, 10:29:39 PM",3.591,50.9,94.7,0,2024-03-21T03:29:39.000Z
"3/20/2024, 10:34:39 PM",3.591,50.7,94.8,0,2024-03-21T03:34:39.000Z
"3/20/2024, 10:39:39 PM",3.591,50.7,94.8,0,2024-03-21T03:39:39.000Z
"3/20/2024, 10:44:39 PM",3.591,50.5,94.9,0,2024-03-21T03:44:39.000Z
"3/20/2024, 10:49:39 PM",3.59,50.5,94.9,0,2024-03-21T03:49:39.000Z
"3/20/2024, 10:54:39 PM",3.59,50.5,95,0,2024-03-21T03:54:39.000Z
"3/20/2024, 10:59:39 PM",3.59,50.5,95,0,2024-03-21T03:59:39.000Z
"3/20/2024, 11:04:39 PM",3.59,50.5,95.1,0,2024-03-21T04:04:39.000Z
"3/20/2024, 11:09:39 PM",3.59,50.5,95.2,0,2024-03-21T04:09:39.000Z
"3/20/2024, 11:14:39 PM",3.59,50.7,95.2,0,2024-03-21T04:14:39.000Z
"3/20/2024, 11:19:39 PM",3.59,50.7,95.3,0,2024-03-21T04:19:39.000Z
"3/20/2024, 11:24:39 PM",3.59,50.9,95.4,0,2024-03-21T04:24:39.000Z
"3/20/2024, 11:29:39 PM",3.59,51.1,95.5,0,2024-03-21T04:29:39.000Z
"3/20/2024, 11:34:39 PM",3.59,51.1,95.5,0,2024-03-21T04:34:39.000Z
"3/20/2024, 11:39:39 PM",3.59,51.1,95.5,0,2024-03-21T04:39:39.000Z
"3/20/2024, 11:44:39 PM",3.589,51.3,95.6,0,2024-03-21T04:44:39.000Z
"3/20/2024, 11:49:39 PM",3.589,51.3,95.6,0,2024-03-21T04:49:39.000Z
"3/20/2024, 11:54:39 PM",3.589,51.1,95.7,0,2024-03-21T04:54:39.000Z
"3/20/2024, 11:59:39 PM",3.589,51.3,95.8,0,2024-03-21T04:59:39.000Z
"3/21/2024, 12:04:39 AM",3.589,51.3,95.8,0,2024-03-21T05:04:39.000Z
"3/21/2024, 12:09:39 AM",3.589,51.1,95.8,0,2024-03-21T05:09:39.000Z
"3/21/2024, 12:14:39 AM",3.59,51.1,95.8,0,2024-03-21T05:14:39.000Z
"3/21/2024, 12:19:39 AM",3.589,51.1,95.9,0,2024-03-21T05:19:39.000Z
"3/21/2024, 12:24:39 AM",3.589,51.3,96,0,2024-03-21T05:24:39.000Z
"3/21/2024, 12:29:39 AM",3.589,51.4,96,0,2024-03-21T05:29:39.000Z
"3/21/2024, 12:34:39 AM",3.589,51.4,96.1,0,2024-03-21T05:34:39.000Z
"3/21/2024, 12:39:39 AM",3.589,51.4,96.1,0,2024-03-21T05:39:39.000Z
"3/21/2024, 12:44:39 AM",3.589,51.4,96.1,0,2024-03-21T05:44:39.000Z
"3/21/2024, 12:49:39 AM",3.589,51.3,96.1,0,2024-03-21T05:49:39.000Z
"3/21/2024, 12:54:39 AM",3.589,51.1,96.2,0,2024-03-21T05:54:39.000Z
"3/21/2024, 12:59:39 AM",3.589,51.1,96.2,0,2024-03-21T05:59:39.000Z
"3/21/2024, 1:04:39 AM",3.589,51.3,96.3,0,2024-03-21T06:04:39.000Z
"3/21/2024, 1:09:39 AM",3.589,51.3,96.3,0,2024-03-21T06:09:39.000Z
"3/21/2024, 1:14:39 AM",3.589,51.4,96.4,0,2024-03-21T06:14:39.000Z
"3/21/2024, 1:19:39 AM",3.589,51.6,96.5,0,2024-03-21T06:19:39.000Z
"3/21/2024, 1:24:39 AM",3.589,52,96.5,0,2024-03-21T06:24:39.000Z
"3/21/2024, 1:29:39 AM",3.589,52.2,96.6,0,2024-03-21T06:29:39.000Z
"3/21/2024, 1:34:39 AM",3.589,52.3,96.6,0,2024-03-21T06:34:39.000Z
"3/21/2024, 1:39:39 AM",3.589,52.3,96.6,0,2024-03-21T06:39:39.000Z
"3/21/2024, 1:44:39 AM",3.589,52.3,96.7,0,2024-03-21T06:44:39.000Z
"3/21/2024, 1:49:39 AM",3.589,52.3,96.7,0,2024-03-21T06:49:39.000Z
"3/21/2024, 1:54:39 AM",3.589,52.3,96.7,0,2024-03-21T06:54:39.000Z
"3/21/2024, 1:59:39 AM",3.589,52.3,96.7,0,2024-03-21T06:59:39.000Z
"3/21/2024, 2:04:39 AM",3.589,52.2,96.7,0,2024-03-21T07:04:39.000Z
"3/21/2024, 2:09:39 AM",3.588,52,96.8,0,2024-03-21T07:09:39.000Z
"3/21/2024, 2:14:39 AM",3.589,52,96.8,0,2024-03-21T07:14:39.000Z
"3/21/2024, 2:19:39 AM",3.589,52.2,96.8,0,2024-03-21T07:19:39.000Z
"3/21/2024, 2:24:39 AM",3.589,52.2,96.8,0,2024-03-21T07:24:39.000Z
"3/21/2024, 2:29:39 AM",3.589,52.2,96.9,0,2024-03-21T07:29:39.000Z
"3/21/2024, 2:34:39 AM",3.589,52.2,96.9,0,2024-03-21T07:34:39.000Z
"3/21/2024, 2:39:39 AM",3.589,52,96.9,0,2024-03-21T07:39:39.000Z
"3/21/2024, 2:44:39 AM",3.589,52,96.9,0,2024-03-21T07:44:39.000Z
"3/21/2024, 2:49:39 AM",3.589,51.6,96.9,0,2024-03-21T07:49:39.000Z
"3/21/2024, 2:54:39 AM",3.589,51.4,96.9,0,2024-03-21T07:54:39.000Z
"3/21/2024, 2:59:39 AM",3.589,51.3,97,0,2024-03-21T07:59:39.000Z
"3/21/2024, 3:04:39 AM",3.588,51.3,97,0,2024-03-21T08:04:39.000Z
"3/21/2024, 3:09:39 AM",3.589,51.3,97,0,2024-03-21T08:09:39.000Z
"3/21/2024, 3:14:39 AM",3.588,51.3,97,0,2024-03-21T08:14:39.000Z
"3/21/2024, 3:19:39 AM",3.588,51.3,97,0,2024-03-21T08:19:39.000Z
"3/21/2024, 3:24:39 AM",3.589,51.4,97.1,0,2024-03-21T08:24:39.000Z
"3/21/2024, 3:29:39 AM",3.589,51.4,97.1,0,2024-03-21T08:29:39.000Z
"3/21/2024, 3:34:39 AM",3.588,51.4,97.2,0,2024-03-21T08:34:39.000Z
"3/21/2024, 3:39:39 AM",3.589,51.4,97.2,0,2024-03-21T08:39:39.000Z
"3/21/2024, 3:44:39 AM",3.589,51.4,97.2,0,2024-03-21T08:44:39.000Z
"3/21/2024, 3:49:39 AM",3.589,51.4,97.3,0,2024-03-21T08:49:39.000Z
"3/21/2024, 3:54:39 AM",3.589,51.3,97.3,0,2024-03-21T08:54:39.000Z
"3/21/2024, 3:59:39 AM",3.588,51.3,97.3,0,2024-03-21T08:59:39.000Z
"3/21/2024, 4:04:39 AM",3.588,51.4,97.3,0,2024-03-21T09:04:39.000Z
"3/21/2024, 4:09:39 AM",3.588,51.4,97.4,0,2024-03-21T09:09:39.000Z
"3/21/2024, 4:14:39 AM",3.588,51.4,97.4,0,2024-03-21T09:14:39.000Z
"3/21/2024, 4:19:39 AM",3.588,51.6,97.5,0,2024-03-21T09:19:39.000Z
"3/21/2024, 4:24:39 AM",3.588,51.6,97.5,0,2024-03-21T09:24:39.000Z
"3/21/2024, 4:29:39 AM",3.588,51.6,97.4,0,2024-03-21T09:29:39.000Z
"3/21/2024, 4:34:39 AM",3.588,51.6,97.5,0,2024-03-21T09:34:39.000Z
"3/21/2024, 4:39:39 AM",3.588,51.6,97.5,0,2024-03-21T09:39:39.000Z
"3/21/2024, 4:44:39 AM",3.588,51.6,97.5,0,2024-03-21T09:44:39.000Z
"3/21/2024, 4:49:39 AM",3.588,51.8,97.6,0,2024-03-21T09:49:39.000Z
"3/21/2024, 4:54:39 AM",3.588,51.8,97.6,0,2024-03-21T09:54:39.000Z
"3/21/2024, 4:59:39 AM",3.588,51.8,97.6,0,2024-03-21T09:59:39.000Z
"3/21/2024, 5:04:39 AM",3.588,51.8,97.7,0,2024-03-21T10:04:39.000Z
"3/21/2024, 5:09:39 AM",3.588,51.6,97.7,0,2024-03-21T10:09:39.000Z
"3/21/2024, 5:14:39 AM",3.588,51.6,97.7,0,2024-03-21T10:14:39.000Z
"3/21/2024, 5:19:39 AM",3.588,51.4,97.7,0,2024-03-21T10:19:39.000Z
"3/21/2024, 5:24:39 AM",3.588,51.3,97.7,0,2024-03-21T10:24:39.000Z
"3/21/2024, 5:29:39 AM",3.588,51.3,97.7,0,2024-03-21T10:29:39.000Z
"3/21/2024, 5:34:39 AM",3.588,51.3,97.7,0,2024-03-21T10:34:39.000Z
"3/21/2024, 5:39:39 AM",3.588,51.3,97.8,0,2024-03-21T10:39:39.000Z
"3/21/2024, 5:44:39 AM",3.588,51.3,97.8,0,2024-03-21T10:44:39.000Z
"3/21/2024, 5:49:39 AM",3.588,51.1,97.9,0,2024-03-21T10:49:39.000Z
"3/21/2024, 5:54:39 AM",3.588,50.9,97.8,0,2024-03-21T10:54:39.000Z
"3/21/2024, 5:59:39 AM",3.588,51.1,97.9,0,2024-03-21T10:59:39.000Z
"3/21/2024, 6:04:39 AM",3.588,51.1,97.9,0,2024-03-21T11:04:39.000Z
"3/21/2024, 6:09:39 AM",3.588,51.1,98,0,2024-03-21T11:09:39.000Z
"3/21/2024, 6:14:39 AM",3.588,51.1,98,0,2024-03-21T11:14:39.000Z
"3/21/2024, 6:19:39 AM",3.588,51.1,98,0,2024-03-21T11:19:39.000Z
"3/21/2024, 6:24:39 AM",3.588,50.9,98,0,2024-03-21T11:24:39.000Z
"3/21/2024, 6:29:39 AM",3.588,50.7,98,0,2024-03-21T11:29:39.000Z
"3/21/2024, 6:34:39 AM",3.587,50.5,98,0,2024-03-21T11:34:39.000Z
"3/21/2024, 6:39:39 AM",3.588,50.4,98,0,2024-03-21T11:39:39.000Z
"3/21/2024, 6:44:39 AM",3.587,50.4,98,0,2024-03-21T11:44:39.000Z
"3/21/2024, 6:49:39 AM",3.588,50.4,98,0,2024-03-21T11:49:39.000Z
"3/21/2024, 6:54:39 AM",3.588,50.2,98.1,0,2024-03-21T11:54:39.000Z
"3/21/2024, 6:59:39 AM",3.587,50.2,98.1,0,2024-03-21T11:59:39.000Z
"3/21/2024, 7:04:39 AM",3.587,50.4,98.1,0,2024-03-21T12:04:39.000Z
"3/21/2024, 7:09:39 AM",3.587,50.5,98.2,0,2024-03-21T12:09:39.000Z
"3/21/2024, 7:14:39 AM",3.587,50.7,98.2,0,2024-03-21T12:14:39.000Z
"3/21/2024, 7:19:39 AM",3.587,50.7,98.3,0,2024-03-21T12:19:39.000Z
"3/21/2024, 7:24:39 AM",3.587,50.9,98.3,0,2024-03-21T12:24:39.000Z
"3/21/2024, 7:29:39 AM",3.587,51.1,98.3,0,2024-03-21T12:29:39.000Z
"3/21/2024, 7:34:39 AM",3.587,51.3,98.3,0,2024-03-21T12:34:39.000Z
"3/21/2024, 7:39:39 AM",3.587,51.3,98.4,0,2024-03-21T12:39:39.000Z
"3/21/2024, 7:44:39 AM",3.587,51.3,98.3,0,2024-03-21T12:44:39.000Z
"3/21/2024, 7:49:39 AM",3.587,51.4,98.4,0,2024-03-21T12:49:39.000Z
"3/21/2024, 7:54:39 AM",3.587,51.3,98.4,0,2024-03-21T12:54:39.000Z
"3/21/2024, 7:59:39 AM",3.587,51.3,98.4,0,2024-03-21T12:59:39.000Z
"3/21/2024, 8:04:39 AM",3.587,51.4,98.4,0,2024-03-21T13:04:39.000Z
"3/21/2024, 8:09:39 AM",3.587,51.8,98.5,0,2024-03-21T13:09:39.000Z
"3/21/2024, 8:14:39 AM",3.587,52,98.5,0,2024-03-21T13:14:39.000Z
"3/21/2024, 8:19:39 AM",3.587,52.2,98.5,0,2024-03-21T13:19:39.000Z
"3/21/2024, 8:24:39 AM",3.587,52.3,98.5,0,2024-03-21T13:24:39.000Z
"3/21/2024, 8:29:39 AM",3.587,52.5,98.5,0,2024-03-21T13:29:39.000Z
"3/21/2024, 8:34:39 AM",3.587,52.7,98.6,0,2024-03-21T13:34:39.000Z
"3/21/2024, 8:39:39 AM",3.587,52.9,98.5,0,2024-03-21T13:39:39.000Z
"3/21/2024, 8:44:39 AM",3.587,53.1,98.6,0,2024-03-21T13:44:39.000Z
"3/21/2024, 8:49:39 AM",3.587,53.4,98.6,0,2024-03-21T13:49:39.000Z
"3/21/2024, 8:54:39 AM",3.587,54,98.7,0,2024-03-21T13:54:39.000Z
"3/21/2024, 8:59:39 AM",3.587,54.7,98.7,0,2024-03-21T13:59:39.000Z
"3/21/2024, 9:04:39 AM",3.587,55.2,98.8,0,2024-03-21T14:04:39.000Z
"3/21/2024, 9:09:39 AM",3.588,55.2,98.7,0,2024-03-21T14:09:39.000Z
"3/21/2024, 9:14:39 AM",3.587,55.8,98.8,0,2024-03-21T14:14:39.000Z
"3/21/2024, 9:19:39 AM",3.587,56.3,98.8,0,2024-03-21T14:19:39.000Z
"3/21/2024, 9:24:39 AM",3.587,56.7,98.9,0,2024-03-21T14:24:39.000Z
"3/21/2024, 9:29:39 AM",3.587,57,98.9,0,2024-03-21T14:29:39.000Z
"3/21/2024, 9:34:39 AM",3.587,57.6,98.9,0,2024-03-21T14:34:39.000Z
"3/21/2024, 9:39:39 AM",3.587,57.9,98.9,0,2024-03-21T14:39:39.000Z
"3/21/2024, 9:44:39 AM",3.588,58.1,98.9,0,2024-03-21T14:44:39.000Z
"3/21/2024, 9:49:39 AM",3.588,58.5,98.9,0,2024-03-21T14:49:39.000Z
"3/21/2024, 9:54:39 AM",3.588,59,98.9,0,2024-03-21T14:54:39.000Z
"3/21/2024, 9:59:39 AM",3.589,59.7,99,0,2024-03-21T14:59:39.000Z
"3/21/2024, 10:04:39 AM",3.589,60.3,99,0,2024-03-21T15:04:39.000Z
"3/21/2024, 10:09:39 AM",3.588,60.4,99,0,2024-03-21T15:09:39.000Z
"3/21/2024, 10:14:39 AM",3.588,60.8,99,0,2024-03-21T15:14:39.000Z
"3/21/2024, 10:19:39 AM",3.589,61.3,99.1,0,2024-03-21T15:19:39.000Z
"3/21/2024, 10:24:39 AM",3.589,61.9,99.1,0,2024-03-21T15:24:39.000Z
"3/21/2024, 10:29:39 AM",3.589,62.6,99.2,0,2024-03-21T15:29:39.000Z
"3/21/2024, 10:34:39 AM",3.589,63.1,99.2,0,2024-03-21T15:34:39.000Z
"3/21/2024, 10:39:39 AM",3.589,63.5,99.2,0,2024-03-21T15:39:39.000Z
"3/21/2024, 10:44:39 AM",3.59,64,99.2,0,2024-03-21T15:44:39.000Z
"3/21/2024, 10:49:39 AM",3.589,64.6,99.2,0,2024-03-21T15:49:39.000Z
"3/21/2024, 10:54:39 AM",3.589,64.8,99.2,0,2024-03-21T15:54:39.000Z
"3/21/2024, 10:59:39 AM",3.59,65.1,99.2,0,2024-03-21T15:59:39.000Z
"3/21/2024, 11:04:39 AM",3.59,65.7,99.3,0,2024-03-21T16:04:39.000Z
"3/21/2024, 11:09:39 AM",3.59,66,99.3,0,2024-03-21T16:09:39.000Z
"3/21/2024, 11:14:39 AM",3.59,66.7,99.3,0,2024-03-21T16:14:39.000Z
"3/21/2024, 11:19:39 AM",3.59,66.9,99.3,0,2024-03-21T16:19:39.000Z
"3/21/2024, 11:24:39 AM",3.59,67.1,99.2,0,2024-03-21T16:24:39.000Z
"3/21/2024, 11:29:39 AM",3.59,67.6,99.3,0,2024-03-21T16:29:39.000Z
"3/21/2024, 11:34:39 AM",3.591,68.2,99.3,0,2024-03-21T16:34:39.000Z
"3/21/2024, 11:39:39 AM",3.591,68.9,99.4,0,2024-03-21T16:39:39.000Z
"3/21/2024, 11:44:39 AM",3.591,69.4,99.4,0,2024-03-21T16:44:39.000Z
"3/21/2024, 11:49:39 AM",3.591,69.6,99.4,0,2024-03-21T16:49:39.000Z
"3/21/2024, 11:54:39 AM",3.591,70,99.4,0,2024-03-21T16:54:39.000Z
"3/21/2024, 11:59:39 AM",3.592,70.3,99.4,0,2024-03-21T16:59:39.000Z
"3/21/2024, 12:04:39 PM",3.592,70.5,99.3,0,2024-03-21T17:04:39.000Z
"3/21/2024, 12:09:39 PM",3.591,70.5,99.3,0,2024-03-21T17:09:39.000Z
"3/21/2024, 12:14:39 PM",3.592,70.5,99.3,0,2024-03-21T17:14:39.000Z
"3/21/2024, 12:19:39 PM",3.592,70.5,99.3,0,2024-03-21T17:19:39.000Z
"3/21/2024, 12:24:39 PM",3.592,70.7,99.3,0,2024-03-21T17:24:39.000Z
"3/21/2024, 12:29:39 PM",3.592,70.9,99.3,0,2024-03-21T17:29:39.000Z
"3/21/2024, 12:34:39 PM",3.592,70.9,99.3,0,2024-03-21T17:34:39.000Z
"3/21/2024, 12:39:39 PM",3.592,70.9,99.2,0,2024-03-21T17:39:39.000Z
"3/21/2024, 12:44:39 PM",3.592,70.9,99.3,0,2024-03-21T17:44:39.000Z
"3/21/2024, 12:49:39 PM",3.592,71.2,99.3,0,2024-03-21T17:49:39.000Z
"3/21/2024, 12:54:39 PM",3.592,72,99.4,0,2024-03-21T17:54:39.000Z
"3/21/2024, 12:59:39 PM",3.592,72.5,99.4,0,2024-03-21T17:59:39.000Z
"3/21/2024, 1:04:39 PM",3.592,72.7,99.3,0,2024-03-21T18:04:39.000Z
"3/21/2024, 1:09:39 PM",3.592,72.9,99.4,0,2024-03-21T18:09:39.000Z
"3/21/2024, 1:14:39 PM",3.592,73,99.3,0,2024-03-21T18:14:39.000Z
"3/21/2024, 1:19:39 PM",3.592,73.2,99.3,0,2024-03-21T18:19:39.000Z
"3/21/2024, 1:24:39 PM",3.592,73.4,99.3,0,2024-03-21T18:24:39.000Z
"3/21/2024, 1:29:39 PM",3.593,73.8,99.4,0,2024-03-21T18:29:39.000Z
"3/21/2024, 1:34:39 PM",3.593,74.3,99.4,0,2024-03-21T18:34:39.000Z
"3/21/2024, 1:39:39 PM",3.592,75,99.4,0,2024-03-21T18:39:39.000Z
"3/21/2024, 1:44:39 PM",3.592,75.7,99.5,0,2024-03-21T18:44:39.000Z
"3/21/2024, 1:49:39 PM",3.592,76.1,99.5,0,2024-03-21T18:49:39.000Z
"3/21/2024, 1:54:39 PM",3.592,76.3,99.4,0,2024-03-21T18:54:39.000Z
"3/21/2024, 1:59:39 PM",3.592,76.1,99.3,0,2024-03-21T18:59:39.000Z
"3/21/2024, 2:04:39 PM",3.592,75.7,99.3,0,2024-03-21T19:04:39.000Z
"3/21/2024, 2:09:39 PM",3.593,75.6,99.3,0,2024-03-21T19:09:39.000Z
"3/21/2024, 2:14:39 PM",3.593,75.2,99.3,0,2024-03-21T19:14:39.000Z
"3/21/2024, 2:19:39 PM",3.593,75,99.3,0,2024-03-21T19:19:39.000Z
"3/21/2024, 2:24:39 PM",3.593,74.7,99.2,0,2024-03-21T19:24:39.000Z
"3/21/2024, 2:29:39 PM",3.593,74.3,99.1,0,2024-03-21T19:29:39.000Z
"3/21/2024, 2:34:39 PM",3.593,73.9,99.1,0,2024-03-21T19:34:39.000Z
"3/21/2024, 2:39:39 PM",3.594,73.6,99.1,0,2024-03-21T19:39:39.000Z
"3/21/2024, 2:44:39 PM",3.594,73,99,0,2024-03-21T19:44:39.000Z
"3/21/2024, 2:49:39 PM",3.594,73,99.1,0,2024-03-21T19:49:39.000Z
"3/21/2024, 2:54:39 PM",3.594,73,99.1,0,2024-03-21T19:54:39.000Z
"3/21/2024, 2:59:39 PM",3.594,73.4,99.1,0,2024-03-21T19:59:39.000Z
"3/21/2024, 3:04:39 PM",3.594,73.4,99.1,0,2024-03-21T20:04:39.000Z
"3/21/2024, 3:09:39 PM",3.594,73.4,99.1,0,2024-03-21T20:09:39.000Z
"3/21/2024, 3:14:39 PM",3.594,73.4,99.1,0,2024-03-21T20:14:39.000Z
"3/21/2024, 3:19:39 PM",3.594,73.4,99.1,0,2024-03-21T20:19:39.000Z
"3/21/2024, 3:24:39 PM",3.594,73.4,99.1,0,2024-03-21T20:24:39.000Z
"3/21/2024, 3:29:39 PM",3.594,73.4,99,0,2024-03-21T20:29:39.000Z
"3/21/2024, 3:34:39 PM",3.593,73.4,99,0,2024-03-21T20:34:39.000Z
"3/21/2024, 3:39:39 PM",3.594,73.6,99,0,2024-03-21T20:39:39.000Z
"3/21/2024, 3:44:39 PM",3.594,73.6,99,0,2024-03-21T20:44:39.000Z
"3/21/2024, 3:49:39 PM",3.594,73.9,99,0,2024-03-21T20:49:39.000Z
"3/21/2024, 3:54:39 PM",3.594,73.8,99,0,2024-03-21T20:54:39.000Z
"3/21/2024, 3:59:39 PM",3.594,73.6,99,0,2024-03-21T20:59:39.000Z
"3/21/2024, 4:04:39 PM",3.594,73.4,99,0,2024-03-21T21:04:39.000Z
"3/21/2024, 4:09:39 PM",3.594,73.4,99,0,2024-03-21T21:09:39.000Z
"3/21/2024, 4:14:39 PM",3.594,73.6,98.9,0,2024-03-21T21:14:39.000Z
"3/21/2024, 4:19:39 PM",3.595,73.4,98.8,0,2024-03-21T21:19:39.000Z
"3/21/2024, 4:24:39 PM",3.594,73.2,98.8,0,2024-03-21T21:24:39.000Z
"3/21/2024, 4:29:39 PM",3.594,73,98.8,0,2024-03-21T21:29:39.000Z
"3/21/2024, 4:34:39 PM",3.594,72.7,98.7,0,2024-03-21T21:34:39.000Z
"3/21/2024, 4:39:39 PM",3.594,72.3,98.7,0,2024-03-21T21:39:39.000Z
"3/21/2024, 4:44:39 PM",3.595,72.3,98.7,0,2024-03-21T21:44:39.000Z
"3/21/2024, 4:49:39 PM",3.595,72.3,98.7,0,2024-03-21T21:49:39.000Z
"3/21/2024, 4:54:39 PM",3.594,72.1,98.6,0,2024-03-21T21:54:39.000Z
"3/21/2024, 4:59:39 PM",3.595,72.1,98.6,0,2024-03-21T21:59:39.000Z
"3/21/2024, 5:04:39 PM",3.595,71.8,98.5,0,2024-03-21T22:04:39.000Z
"3/21/2024, 5:09:39 PM",3.595,71.2,98.6,0,2024-03-21T22:09:39.000Z
"3/21/2024, 5:14:39 PM",3.594,70.5,98.6,0,2024-03-21T22:14:39.000Z
"3/21/2024, 5:19:39 PM",3.595,70,98.5,0,2024-03-21T22:19:39.000Z
"3/21/2024, 5:24:39 PM",3.595,69.4,98.5,0,2024-03-21T22:24:39.000Z
"3/21/2024, 5:29:39 PM",3.595,69.1,98.5,0,2024-03-21T22:29:39.000Z
"3/21/2024, 5:34:39 PM",3.595,68.7,98.5,0,2024-03-21T22:34:39.000Z
"3/21/2024, 5:39:39 PM",3.595,68.4,98.6,0,2024-03-21T22:39:39.000Z
"3/21/2024, 5:44:39 PM",3.595,68,98.5,0,2024-03-21T22:44:39.000Z
"3/21/2024, 5:49:39 PM",3.595,67.6,98.6,0,2024-03-21T22:49:39.000Z
"3/21/2024, 5:54:39 PM",3.595,67.3,98.6,0,2024-03-21T22:54:39.000Z
"3/21/2024, 5:59:39 PM",3.595,67.1,98.6,0,2024-03-21T22:59:39.000Z
"3/21/2024, 6:04:39 PM",3.595,66.7,98.6,0,2024-03-21T23:04:39.000Z
"3/21/2024, 6:09:39 PM",3.595,66.2,98.6,0,2024-03-21T23:09:39.000Z
"3/21/2024, 6:14:39 PM",3.595,65.8,98.6,0,2024-03-21T23:14:39.000Z
"3/21/2024, 6:19:39 PM",3.595,65.1,98.6,0,2024-03-21T23:19:39.000Z
"3/21/2024, 6:24:39 PM",3.595,64.8,98.6,0,2024-03-21T23:24:39.000Z
"3/21/2024, 6:29:39 PM",3.595,64,98.6,0,2024-03-21T23:29:39.000Z
"3/21/2024, 6:34:39 PM",3.595,63.5,98.6,0,2024-03-21T23:34:39.000Z
"3/21/2024, 6:39:39 PM",3.596,63.1,98.6,0,2024-03-21T23:39:39.000Z
"3/21/2024, 6:44:39 PM",3.595,62.6,98.6,0,2024-03-21T23:44:39.000Z
"3/21/2024, 6:49:39 PM",3.595,62.2,98.6,0,2024-03-21T23:49:39.000Z
"3/21/2024, 6:54:39 PM",3.595,61.9,98.7,0,2024-03-21T23:54:39.000Z
"3/21/2024, 6:59:39 PM",3.595,61.7,98.7,0,2024-03-21T23:59:39.000Z
"3/21/2024, 7:04:39 PM",3.595,61.3,98.7,0,2024-03-22T00:04:39.000Z
"3/21/2024, 7:09:39 PM",3.594,61.2,98.7,0,2024-03-22T00:09:39.000Z
"3/21/2024, 7:14:39 PM",3.594,60.8,98.7,0,2024-03-22T00:14:39.000Z
"3/21/2024, 7:19:39 PM",3.594,60.6,98.7,0,2024-03-22T00:19:39.000Z
"3/21/2024, 7:24:39 PM",3.594,60.3,98.8,0,2024-03-22T00:24:39.000Z
"3/21/2024, 7:29:39 PM",3.594,60.1,98.8,0,2024-03-22T00:29:39.000Z
"3/21/2024, 7:34:39 PM",3.594,59.9,98.8,0,2024-03-22T00:34:39.000Z
"3/21/2024, 7:39:39 PM",3.594,59.5,98.7,0,2024-03-22T00:39:39.000Z
"3/21/2024, 7:44:39 PM",3.594,59.4,98.8,0,2024-03-22T00:44:39.000Z
"3/21/2024, 7:49:39 PM",3.594,59,98.8,0,2024-03-22T00:49:39.000Z
"3/21/2024, 7:54:39 PM",3.594,58.8,98.8,0,2024-03-22T00:54:39.000Z
"3/21/2024, 7:59:39 PM",3.594,58.6,98.8,1,2024-03-22T00:59:39.000Z
"3/21/2024, 8:04:39 PM",3.594,58.5,98.9,1,2024-03-22T01:04:39.000Z
"3/21/2024, 8:09:39 PM",3.594,58.5,98.8,1,2024-03-22T01:09:39.000Z
"3/21/2024, 8:14:39 PM",3.593,58.5,98.9,1,2024-03-22T01:14:39.000Z
"3/21/2024, 8:19:39 PM",3.593,58.3,98.9,1,2024-03-22T01:19:39.000Z
"3/21/2024, 8:24:39 PM",3.593,58.3,99,0,2024-03-22T01:24:39.000Z
"3/21/2024, 8:29:39 PM",3.593,58.1,99,0,2024-03-22T01:29:39.000Z
"3/21/2024, 8:34:39 PM",3.593,58.1,99,1,2024-03-22T01:34:39.000Z
"3/21/2024, 8:39:39 PM",3.593,58.1,99,1,2024-03-22T01:39:39.000Z
"3/21/2024, 8:44:39 PM",3.592,57.9,99,1,2024-03-22T01:44:39.000Z
"3/21/2024, 8:49:39 PM",3.592,57.9,99.1,1,2024-03-22T01:49:39.000Z
"3/21/2024, 8:54:39 PM",3.592,57.9,99.1,1,2024-03-22T01:54:39.000Z
"3/21/2024, 8:59:39 PM",3.593,57.9,99.1,1,2024-03-22T01:59:39.000Z
"3/21/2024, 9:04:39 PM",3.592,57.9,99.1,0,2024-03-22T02:04:39.000Z
"3/21/2024, 9:09:39 PM",3.592,57.9,99.1,0,2024-03-22T02:09:39.000Z
"3/21/2024, 9:14:39 PM",3.592,57.7,99.1,0,2024-03-22T02:14:39.000Z
"3/21/2024, 9:19:39 PM",3.592,57.7,99.2,1,2024-03-22T02:19:39.000Z
"3/21/2024, 9:24:39 PM",3.592,57.7,99.2,1,2024-03-22T02:24:39.000Z
"3/21/2024, 9:29:39 PM",3.592,57.7,99.2,0,2024-03-22T02:29:39.000Z
"3/21/2024, 9:34:39 PM",3.592,57.7,99.3,1,2024-03-22T02:34:39.000Z
"3/21/2024, 9:39:39 PM",3.592,57.7,99.3,0,2024-03-22T02:39:39.000Z
"3/21/2024, 9:44:39 PM",3.592,57.7,99.3,1,2024-03-22T02:44:39.000Z
"3/21/2024, 9:49:39 PM",3.592,57.7,99.3,0,2024-03-22T02:49:39.000Z
"3/21/2024, 9:54:39 PM",3.592,57.6,99.3,0,2024-03-22T02:54:39.000Z
"3/21/2024, 9:59:39 PM",3.592,57.6,99.4,1,2024-03-22T02:59:39.000Z
"3/21/2024, 10:04:39 PM",3.592,57.6,99.3,1,2024-03-22T03:04:39.000Z
"3/21/2024, 10:09:39 PM",3.592,57.6,99.4,1,2024-03-22T03:09:39.000Z
"3/21/2024, 10:14:39 PM",3.592,57.4,99.4,1,2024-03-22T03:14:39.000Z
"3/21/2024, 10:19:39 PM",3.591,57.6,99.5,1,2024-03-22T03:19:39.000Z
"3/21/2024, 10:24:39 PM",3.591,57.4,99.4,1,2024-03-22T03:24:39.000Z
"3/21/2024, 10:29:39 PM",3.591,57.4,99.5,1,2024-03-22T03:29:39.000Z
"3/21/2024, 10:34:39 PM",3.591,57.2,99.5,0,2024-03-22T03:34:39.000Z
"3/21/2024, 10:39:39 PM",3.591,57.2,99.5,1,2024-03-22T03:39:39.000Z
"3/21/2024, 10:44:39 PM",3.591,57,99.5,0,2024-03-22T03:44:39.000Z
"3/21/2024, 10:49:39 PM",3.591,56.8,99.5,0,2024-03-22T03:49:39.000Z
"3/21/2024, 10:54:39 PM",3.591,56.8,99.5,1,2024-03-22T03:54:39.000Z
"3/21/2024, 10:59:39 PM",3.591,56.8,99.5,1,2024-03-22T03:59:39.000Z
"3/21/2024, 11:04:39 PM",3.591,56.8,99.5,1,2024-03-22T04:04:39.000Z
"3/21/2024, 11:09:39 PM",3.591,56.8,99.5,1,2024-03-22T04:09:39.000Z
"3/21/2024, 11:14:39 PM",3.591,57,99.6,1,2024-03-22T04:14:39.000Z
"3/21/2024, 11:19:39 PM",3.591,57.2,99.6,1,2024-03-22T04:19:39.000Z
"3/21/2024, 11:24:39 PM",3.591,57.2,99.6,1,2024-03-22T04:24:39.000Z
"3/21/2024, 11:29:39 PM",3.591,57.2,99.6,1,2024-03-22T04:29:39.000Z
"3/21/2024, 11:34:39 PM",3.591,57.2,99.7,1,2024-03-22T04:34:39.000Z
"3/21/2024, 11:39:39 PM",3.591,57.2,99.6,1,2024-03-22T04:39:39.000Z
"3/21/2024, 11:44:39 PM",3.59,57.2,99.6,1,2024-03-22T04:44:39.000Z
"3/21/2024, 11:49:39 PM",3.591,57.2,99.6,1,2024-03-22T04:49:39.000Z
"3/21/2024, 11:54:39 PM",3.591,57.2,99.7,1,2024-03-22T04:54:39.000Z
"3/21/2024, 11:59:39 PM",3.59,57.4,99.8,1,2024-03-22T04:59:39.000Z
"3/22/2024, 12:04:39 AM",3.59,57.4,99.8,1,2024-03-22T05:04:39.000Z
"3/22/2024, 12:09:39 AM",3.591,57.4,99.8,1,2024-03-22T05:09:39.000Z
"3/22/2024, 12:14:39 AM",3.591,57.4,99.8,1,2024-03-22T05:14:39.000Z
"3/22/2024, 12:19:39 AM",3.59,57.4,99.8,1,2024-03-22T05:19:39.000Z
"3/22/2024, 12:24:39 AM",3.59,57.2,99.8,1,2024-03-22T05:24:39.000Z
"3/22/2024, 12:29:39 AM",3.59,57,99.8,1,2024-03-22T05:29:39.000Z
"3/22/2024, 12:34:39 AM",3.59,56.7,99.7,1,2024-03-22T05:34:39.000Z
"3/22/2024, 12:39:39 AM",3.591,56.7,99.7,1,2024-03-22T05:39:39.000Z
"3/22/2024, 12:44:39 AM",3.591,56.5,99.8,1,2024-03-22T05:44:39.000Z
"3/22/2024, 12:49:39 AM",3.59,56.3,99.8,1,2024-03-22T05:49:39.000Z
"3/22/2024, 12:54:39 AM",3.59,56.3,99.8,1,2024-03-22T05:54:39.000Z
"3/22/2024, 12:59:39 AM",3.59,56.3,99.8,1,2024-03-22T05:59:39.000Z
"3/22/2024, 1:04:39 AM",3.59,56.5,99.9,1,2024-03-22T06:04:39.000Z
"3/22/2024, 1:09:39 AM",3.59,56.5,99.9,1,2024-03-22T06:09:39.000Z
"3/22/2024, 1:14:39 AM",3.59,56.5,99.9,1,2024-03-22T06:14:39.000Z
"3/22/2024, 1:19:39 AM",3.59,56.5,99.9,1,2024-03-22T06:19:39.000Z
"3/22/2024, 1:24:39 AM",3.59,56.5,99.9,1,2024-03-22T06:24:39.000Z
"3/22/2024, 1:29:39 AM",3.59,56.5,99.9,1,2024-03-22T06:29:39.000Z
"3/22/2024, 1:34:39 AM",3.59,56.5,99.9,1,2024-03-22T06:34:39.000Z
"3/22/2024, 1:39:39 AM",3.59,56.3,99.9,1,2024-03-22T06:39:39.000Z
"3/22/2024, 1:44:39 AM",3.59,56.5,100,1,2024-03-22T06:44:39.000Z
"3/22/2024, 1:49:39 AM",3.59,56.3,100,1,2024-03-22T06:49:39.000Z
"3/22/2024, 1:54:39 AM",3.59,56.3,100,1,2024-03-22T06:54:39.000Z
"3/22/2024, 1:59:39 AM",3.59,56.3,100,1,2024-03-22T06:59:39.000Z
"3/22/2024, 2:04:39 AM",3.59,56.3,100,1,2024-03-22T07:04:39.000Z
"3/22/2024, 2:09:39 AM",3.59,56.3,100,1,2024-03-22T07:09:39.000Z
"3/22/2024, 2:14:39 AM",3.59,56.3,100,1,2024-03-22T07:14:39.000Z
"3/22/2024, 2:19:39 AM",3.59,56.3,100,1,2024-03-22T07:19:39.000Z
"3/22/2024, 2:24:39 AM",3.59,56.1,100,1,2024-03-22T07:24:39.000Z
"3/22/2024, 2:29:39 AM",3.59,56.3,100,1,2024-03-22T07:29:39.000Z
"3/22/2024, 2:34:39 AM",3.59,56.3,100,1,2024-03-22T07:34:39.000Z
"3/22/2024, 2:39:39 AM",3.59,56.1,100,1,2024-03-22T07:39:39.000Z
"3/22/2024, 2:44:39 AM",3.59,56.1,100,1,2024-03-22T07:44:39.000Z
"3/22/2024, 2:49:39 AM",3.59,56.1,100,1,2024-03-22T07:49:39.000Z
"3/22/2024, 2:54:39 AM",3.59,56.1,100,1,2024-03-22T07:54:39.000Z
"3/22/2024, 2:59:39 AM",3.589,56.1,100,1,2024-03-22T07:59:39.000Z
"3/22/2024, 3:04:39 AM",3.589,56.1,100,1,2024-03-22T08:04:39.000Z
"3/22/2024, 3:09:39 AM",3.59,56.1,100,1,2024-03-22T08:09:39.000Z
"3/22/2024, 3:14:39 AM",3.589,56.1,100,1,2024-03-22T08:14:39.000Z
"3/22/2024, 3:19:39 AM",3.59,56.1,100,1,2024-03-22T08:19:39.000Z
"3/22/2024, 3:24:39 AM",3.59,56.1,100,1,2024-03-22T08:24:39.000Z
"3/22/2024, 3:29:39 AM",3.589,56.1,100,1,2024-03-22T08:29:39.000Z
"3/22/2024, 3:34:39 AM",3.589,55.9,100,1,2024-03-22T08:34:39.000Z
"3/22/2024, 3:39:39 AM",3.589,56.1,100,1,2024-03-22T08:39:39.000Z
"3/22/2024, 3:44:39 AM",3.59,55.9,100,1,2024-03-22T08:44:39.000Z
"3/22/2024, 3:49:39 AM",3.589,55.9,100,1,2024-03-22T08:49:39.000Z
"3/22/2024, 3:54:39 AM",3.589,55.8,100,1,2024-03-22T08:54:39.000Z
"3/22/2024, 3:59:39 AM",3.589,55.6,100,1,2024-03-22T08:59:39.000Z
"3/22/2024, 4:04:39 AM",3.589,55.6,100,1,2024-03-22T09:04:39.000Z
"3/22/2024, 4:09:39 AM",3.589,55.6,100,1,2024-03-22T09:09:39.000Z
"3/22/2024, 4:14:39 AM",3.589,55.4,100,1,2024-03-22T09:14:39.000Z
"3/22/2024, 4:19:39 AM",3.589,55.2,100,1,2024-03-22T09:19:39.000Z
"3/22/2024, 4:24:39 AM",3.589,55.2,100,1,2024-03-22T09:24:39.000Z
"3/22/2024, 4:29:39 AM",3.589,55,100,1,2024-03-22T09:29:39.000Z
"3/22/2024, 4:34:39 AM",3.589,54.9,100,1,2024-03-22T09:34:39.000Z
"3/22/2024, 4:39:39 AM",3.589,54.9,100,1,2024-03-22T09:39:39.000Z
"3/22/2024, 4:44:39 AM",3.589,54.9,100,1,2024-03-22T09:44:39.000Z
"3/22/2024, 4:49:39 AM",3.589,54.7,100,1,2024-03-22T09:49:39.000Z
"3/22/2024, 4:54:39 AM",3.589,54.7,100,1,2024-03-22T09:54:39.000Z
"3/22/2024, 4:59:39 AM",3.589,54.5,100,1,2024-03-22T09:59:39.000Z
"3/22/2024, 5:04:39 AM",3.589,54.3,100,1,2024-03-22T10:04:39.000Z
"3/22/2024, 5:09:39 AM",3.589,54.3,100,1,2024-03-22T10:09:39.000Z
"3/22/2024, 5:14:39 AM",3.589,54.3,100,1,2024-03-22T10:14:39.000Z
"3/22/2024, 5:19:39 AM",3.589,54.3,100,1,2024-03-22T10:19:39.000Z
"3/22/2024, 5:24:39 AM",3.589,54.3,100,1,2024-03-22T10:24:39.000Z
"3/22/2024, 5:29:39 AM",3.589,54.3,100,1,2024-03-22T10:29:39.000Z
"3/22/2024, 5:34:39 AM",3.589,54.5,100,1,2024-03-22T10:34:39.000Z
"3/22/2024, 5:39:39 AM",3.589,54.7,100,1,2024-03-22T10:39:39.000Z
"3/22/2024, 5:44:39 AM",3.588,54.7,100,1,2024-03-22T10:44:39.000Z
"3/22/2024, 5:49:39 AM",3.588,54.7,100,1,2024-03-22T10:49:39.000Z
"3/22/2024, 5:54:39 AM",3.588,54.7,100,1,2024-03-22T10:54:39.000Z
"3/22/2024, 5:59:39 AM",3.588,54.7,100,1,2024-03-22T10:59:39.000Z
"3/22/2024, 6:04:39 AM",3.588,54.7,100,1,2024-03-22T11:04:39.000Z
"3/22/2024, 6:09:39 AM",3.588,54.9,100,1,2024-03-22T11:09:39.000Z
"3/22/2024, 6:14:39 AM",3.588,54.9,100,1,2024-03-22T11:14:39.000Z
"3/22/2024, 6:19:39 AM",3.588,55,100,1,2024-03-22T11:19:39.000Z
"3/22/2024, 6:24:39 AM",3.588,55.2,100,1,2024-03-22T11:24:39.000Z
"3/22/2024, 6:29:39 AM",3.588,55.2,100,1,2024-03-22T11:29:39.000Z
"3/22/2024, 6:34:39 AM",3.588,55.4,100,1,2024-03-22T11:34:39.000Z
"3/22/2024, 6:39:39 AM",3.588,55.6,100,1,2024-03-22T11:39:39.000Z
"3/22/2024, 6:44:39 AM",3.588,55.6,100,1,2024-03-22T11:44:39.000Z
"3/22/2024, 6:49:39 AM",3.588,55.8,100,1,2024-03-22T11:49:39.000Z
"3/22/2024, 6:54:39 AM",3.588,55.9,100,1,2024-03-22T11:54:39.000Z
"3/22/2024, 6:59:39 AM",3.588,55.9,100,1,2024-03-22T11:59:39.000Z
"3/22/2024, 7:04:39 AM",3.588,56.3,100,1,2024-03-22T12:04:39.000Z
"3/22/2024, 7:09:39 AM",3.588,56.7,100,1,2024-03-22T12:09:39.000Z
"3/22/2024, 7:14:39 AM",3.588,56.8,100,1,2024-03-22T12:14:39.000Z
"3/22/2024, 7:19:39 AM",3.588,57,100,1,2024-03-22T12:19:39.000Z
"3/22/2024, 7:24:39 AM",3.588,57.2,100,1,2024-03-22T12:24:39.000Z
"3/22/2024, 7:29:39 AM",3.588,57.2,100,1,2024-03-22T12:29:39.000Z
"3/22/2024, 7:34:39 AM",3.588,57.2,100,1,2024-03-22T12:34:39.000Z
"3/22/2024, 7:39:39 AM",3.588,57.2,100,1,2024-03-22T12:39:39.000Z
"3/22/2024, 7:44:39 AM",3.588,57.4,100,0,2024-03-22T12:44:39.000Z
"3/22/2024, 7:49:39 AM",3.588,57.4,100,1,2024-03-22T12:49:39.000Z
"3/22/2024, 7:54:39 AM",3.588,57.6,100,1,2024-03-22T12:54:39.000Z
"3/22/2024, 7:59:39 AM",3.588,57.7,100,1,2024-03-22T12:59:39.000Z
"3/22/2024, 8:04:39 AM",3.588,57.9,100,1,2024-03-22T13:04:39.000Z
"3/22/2024, 8:09:39 AM",3.589,58.3,100,1,2024-03-22T13:09:39.000Z
"3/22/2024, 8:14:39 AM",3.589,58.6,100,1,2024-03-22T13:14:39.000Z
"3/22/2024, 8:19:39 AM",3.588,59,100,1,2024-03-22T13:19:39.000Z
"3/22/2024, 8:24:39 AM",3.588,59.4,100,0,2024-03-22T13:24:39.000Z
"3/22/2024, 8:29:39 AM",3.588,59.7,100,1,2024-03-22T13:29:39.000Z
"3/22/2024, 8:34:39 AM",3.589,60.1,100,0,2024-03-22T13:34:39.000Z
"3/22/2024, 8:39:39 AM",3.589,60.4,100,0,2024-03-22T13:39:39.000Z
"3/22/2024, 8:44:39 AM",3.589,61,100,1,2024-03-22T13:44:39.000Z
"3/22/2024, 8:49:39 AM",3.589,61.5,100,0,2024-03-22T13:49:39.000Z
"3/22/2024, 8:54:39 AM",3.589,62.1,100,0,2024-03-22T13:54:39.000Z
"3/22/2024, 8:59:39 AM",3.589,62.6,100,0,2024-03-22T13:59:39.000Z
"3/22/2024, 9:04:39 AM",3.589,63.1,100,0,2024-03-22T14:04:39.000Z
"3/22/2024, 9:09:39 AM",3.589,63.5,100,0,2024-03-22T14:09:39.000Z
"3/22/2024, 9:14:39 AM",3.589,63.9,100,0,2024-03-22T14:14:39.000Z
"3/22/2024, 9:19:39 AM",3.589,64.2,100,0,2024-03-22T14:19:39.000Z
"3/22/2024, 9:24:39 AM",3.589,64.8,100,0,2024-03-22T14:24:39.000Z
"3/22/2024, 9:29:39 AM",3.589,65.5,100,0,2024-03-22T14:29:39.000Z
"3/22/2024, 9:34:39 AM",3.589,66.2,100,0,2024-03-22T14:34:39.000Z
"3/22/2024, 9:39:39 AM",3.589,66.7,100,0,2024-03-22T14:39:39.000Z
"3/22/2024, 9:44:39 AM",3.59,67.5,100,0,2024-03-22T14:44:39.000Z
"3/22/2024, 9:49:39 AM",3.59,68,100,0,2024-03-22T14:49:39.000Z
"3/22/2024, 9:54:39 AM",3.59,68.5,100,0,2024-03-22T14:54:39.000Z
"3/22/2024, 9:59:39 AM",3.59,69.1,100,0,2024-03-22T14:59:39.000Z
"3/22/2024, 10:04:39 AM",3.59,69.4,100,0,2024-03-22T15:04:39.000Z
"3/22/2024, 10:09:39 AM",3.59,70,100,0,2024-03-22T15:09:39.000Z
"3/22/2024, 10:14:39 AM",3.59,70.2,100,0,2024-03-22T15:14:39.000Z
"3/22/2024, 10:19:39 AM",3.59,70.2,100,0,2024-03-22T15:19:39.000Z
"3/22/2024, 10:24:39 AM",3.591,70.3,100,0,2024-03-22T15:24:39.000Z
"3/22/2024, 10:29:39 AM",3.591,70.7,100,0,2024-03-22T15:29:39.000Z
"3/22/2024, 10:34:39 AM",3.59,70.7,100,0,2024-03-22T15:34:39.000Z
"3/22/2024, 10:39:39 AM",3.591,70.9,100,0,2024-03-22T15:39:39.000Z
"3/22/2024, 10:44:39 AM",3.591,70.7,100,0,2024-03-22T15:44:39.000Z
"3/22/2024, 10:49:39 AM",3.591,70.5,100,0,2024-03-22T15:49:39.000Z
"3/22/2024, 10:54:39 AM",3.591,70.5,100,0,2024-03-22T15:54:39.000Z
"3/22/2024, 10:59:39 AM",3.592,70.5,100,0,2024-03-22T15:59:39.000Z
"3/22/2024, 11:04:39 AM",3.592,70.3,100,0,2024-03-22T16:04:39.000Z
"3/22/2024, 11:09:39 AM",3.592,70.2,100,0,2024-03-22T16:09:39.000Z
"3/22/2024, 11:14:39 AM",3.592,70,100,0,2024-03-22T16:14:39.000Z
"3/22/2024, 11:19:39 AM",3.592,69.8,100,0,2024-03-22T16:19:39.000Z
"3/22/2024, 11:24:39 AM",3.593,69.8,100,0,2024-03-22T16:24:39.000Z
"3/22/2024, 11:29:39 AM",3.592,69.6,100,0,2024-03-22T16:29:39.000Z
"3/22/2024, 11:34:39 AM",3.592,69.4,100,0,2024-03-22T16:34:39.000Z
"3/22/2024, 11:39:39 AM",3.593,69.1,100,0,2024-03-22T16:39:39.000Z
"3/22/2024, 11:44:39 AM",3.593,68.9,100,0,2024-03-22T16:44:39.000Z
"3/22/2024, 11:49:39 AM",3.593,68.7,100,0,2024-03-22T16:49:39.000Z
"3/22/2024, 11:54:39 AM",3.593,68.4,100,0,2024-03-22T16:54:39.000Z
"3/22/2024, 11:59:39 AM",3.593,68.2,100,0,2024-03-22T16:59:39.000Z
"3/22/2024, 12:04:39 PM",3.593,68,100,0,2024-03-22T17:04:39.000Z
"3/22/2024, 12:09:39 PM",3.593,68,100,0,2024-03-22T17:09:39.000Z
"3/22/2024, 12:14:39 PM",3.593,68,100,0,2024-03-22T17:14:39.000Z
"3/22/2024, 12:19:39 PM",3.593,68,100,0,2024-03-22T17:19:39.000Z
"3/22/2024, 12:24:39 PM",3.593,68,100,0,2024-03-22T17:24:39.000Z
"3/22/2024, 12:29:39 PM",3.593,67.8,100,0,2024-03-22T17:29:39.000Z
"3/22/2024, 12:34:39 PM",3.593,67.8,100,0,2024-03-22T17:34:39.000Z
"3/22/2024, 12:39:39 PM",3.593,68,100,0,2024-03-22T17:39:39.000Z
"3/22/2024, 12:44:39 PM",3.593,68,100,0,2024-03-22T17:44:39.000Z
"3/22/2024, 12:49:39 PM",3.593,68,100,0,2024-03-22T17:49:39.000Z
"3/22/2024, 12:54:39 PM",3.593,68.2,100,0,2024-03-22T17:54:39.000Z
"3/22/2024, 12:59:39 PM",3.593,68.4,100,0,2024-03-22T17:59:39.000Z
"3/22/2024, 1:04:39 PM",3.593,68.4,100,0,2024-03-22T18:04:39.000Z
"3/22/2024, 1:09:39 PM",3.593,68.4,100,0,2024-03-22T18:09:39.000Z
"3/22/2024, 1:14:39 PM",3.593,68,100,0,2024-03-22T18:14:39.000Z
"3/22/2024, 1:19:39 PM",3.593,67.8,100,0,2024-03-22T18:19:39.000Z
"3/22/2024, 1:24:39 PM",3.593,67.6,100,0,2024-03-22T18:24:39.000Z
"3/22/2024, 1:29:39 PM",3.593,67.3,100,0,2024-03-22T18:29:39.000Z
"3/22/2024, 1:34:39 PM",3.593,67.1,100,1,2024-03-22T18:34:39.000Z
"3/22/2024, 1:39:39 PM",3.593,66.6,100,0,2024-03-22T18:39:39.000Z
"3/22/2024, 1:44:39 PM",3.593,66.2,100,0,2024-03-22T18:44:39.000Z
"3/22/2024, 1:49:39 PM",3.593,65.8,100,0,2024-03-22T18:49:39.000Z
"3/22/2024, 1:54:39 PM",3.594,65.5,100,0,2024-03-22T18:54:39.000Z
"3/22/2024, 1:59:39 PM",3.593,65.3,100,0,2024-03-22T18:59:39.000Z
"3/22/2024, 2:04:39 PM",3.593,65.1,100,0,2024-03-22T19:04:39.000Z
"3/22/2024, 2:09:39 PM",3.593,65.3,100,1,2024-03-22T19:09:39.000Z
"3/22/2024, 2:14:39 PM",3.593,65.3,100,1,2024-03-22T19:14:39.000Z
"3/22/2024, 2:19:39 PM",3.593,65.3,100,0,2024-03-22T19:19:39.000Z
"3/22/2024, 2:24:39 PM",3.593,65.1,100,1,2024-03-22T19:24:39.000Z
"3/22/2024, 2:29:39 PM",3.593,65.1,100,0,2024-03-22T19:29:39.000Z
"3/22/2024, 2:34:39 PM",3.593,64.9,100,0,2024-03-22T19:34:39.000Z
"3/22/2024, 2:39:39 PM",3.592,64.8,100,1,2024-03-22T19:39:39.000Z
"3/22/2024, 2:44:39 PM",3.593,64.8,100,0,2024-03-22T19:44:39.000Z
"3/22/2024, 2:49:39 PM",3.593,64.6,100,1,2024-03-22T19:49:39.000Z
"3/22/2024, 2:54:39 PM",3.593,64.4,100,1,2024-03-22T19:54:39.000Z
"3/22/2024, 2:59:39 PM",3.593,64,100,0,2024-03-22T19:59:39.000Z
"3/22/2024, 3:04:39 PM",3.593,63.9,100,0,2024-03-22T20:04:39.000Z
"3/22/2024, 3:09:39 PM",3.592,63.7,100,0,2024-03-22T20:09:39.000Z
"3/22/2024, 3:14:39 PM",3.592,63.5,100,0,2024-03-22T20:14:39.000Z
"3/22/2024, 3:19:39 PM",3.593,63.3,100,0,2024-03-22T20:19:39.000Z
"3/22/2024, 3:24:39 PM",3.592,63,100,0,2024-03-22T20:24:39.000Z
"3/22/2024, 3:29:39 PM",3.593,62.6,100,0,2024-03-22T20:29:39.000Z
"3/22/2024, 3:34:39 PM",3.593,62.6,100,0,2024-03-22T20:34:39.000Z
"3/22/2024, 3:39:39 PM",3.593,62.6,100,0,2024-03-22T20:39:39.000Z
"3/22/2024, 3:44:39 PM",3.593,62.6,100,0,2024-03-22T20:44:39.000Z
"3/22/2024, 3:49:39 PM",3.593,62.8,100,0,2024-03-22T20:49:39.000Z
"3/22/2024, 3:54:39 PM",3.592,62.8,100,0,2024-03-22T20:54:39.000Z
"3/22/2024, 3:59:39 PM",3.592,62.8,100,0,2024-03-22T20:59:39.000Z
"3/22/2024, 4:04:39 PM",3.592,62.6,100,0,2024-03-22T21:04:39.000Z
"3/22/2024, 4:09:39 PM",3.592,62.8,100,0,2024-03-22T21:09:39.000Z
"3/22/2024, 4:14:39 PM",3.592,62.8,100,0,2024-03-22T21:14:39.000Z
"3/22/2024, 4:19:39 PM",3.592,62.6,100,0,2024-03-22T21:19:39.000Z
"3/22/2024, 4:24:39 PM",3.592,62.4,100,0,2024-03-22T21:24:39.000Z
"3/22/2024, 4:29:39 PM",3.592,62.4,100,0,2024-03-22T21:29:39.000Z
"3/22/2024, 4:34:39 PM",3.592,62.2,100,0,2024-03-22T21:34:39.000Z
"3/22/2024, 4:39:39 PM",3.592,62.1,100,0,2024-03-22T21:39:39.000Z
"3/22/2024, 4:44:39 PM",3.592,62.1,100,0,2024-03-22T21:44:39.000Z
"3/22/2024, 4:49:39 PM",3.592,62.2,100,0,2024-03-22T21:49:39.000Z
"3/22/2024, 4:54:39 PM",3.592,62.2,100,0,2024-03-22T21:54:39.000Z
"3/22/2024, 4:59:39 PM",3.592,62.2,100,0,2024-03-22T21:59:39.000Z
"3/22/2024, 5:04:39 PM",3.592,62.2,100,0,2024-03-22T22:04:39.000Z
"3/22/2024, 5:09:39 PM",3.592,62.1,100,0,2024-03-22T22:09:39.000Z
"3/22/2024, 5:14:39 PM",3.592,61.7,100,0,2024-03-22T22:14:39.000Z
"3/22/2024, 5:19:39 PM",3.591,61.7,100,0,2024-03-22T22:19:39.000Z
"3/22/2024, 5:24:39 PM",3.592,61.5,100,0,2024-03-22T22:24:39.000Z
"3/22/2024, 5:29:39 PM",3.592,61.3,100,0,2024-03-22T22:29:39.000Z
"3/22/2024, 5:34:39 PM",3.592,61.3,100,0,2024-03-22T22:34:39.000Z
"3/22/2024, 5:39:39 PM",3.592,61.3,100,0,2024-03-22T22:39:39.000Z
"3/22/2024, 5:44:39 PM",3.591,61.3,100,0,2024-03-22T22:44:39.000Z
"3/22/2024, 5:49:39 PM",3.591,61.3,100,0,2024-03-22T22:49:39.000Z
"3/22/2024, 5:54:39 PM",3.591,61.3,100,0,2024-03-22T22:54:39.000Z
"3/22/2024, 5:59:39 PM",3.591,61.3,100,0,2024-03-22T22:59:39.000Z
"3/22/2024, 6:04:39 PM",3.591,61.3,100,0,2024-03-22T23:04:39.000Z
"3/22/2024, 6:09:39 PM",3.591,61.5,100,1,2024-03-22T23:09:39.000Z
"3/22/2024, 6:14:39 PM",3.591,61.7,100,0,2024-03-22T23:14:39.000Z
"3/22/2024, 6:19:39 PM",3.591,61.7,100,0,2024-03-22T23:19:39.000Z
"3/22/2024, 6:24:39 PM",3.591,61.7,100,1,2024-03-22T23:24:39.000Z
"3/22/2024, 6:29:39 PM",3.591,61.9,100,0,2024-03-22T23:29:39.000Z
"3/22/2024, 6:34:39 PM",3.591,62.1,100,0,2024-03-22T23:34:39.000Z
"3/22/2024, 6:39:39 PM",3.591,62.2,100,0,2024-03-22T23:39:39.000Z
"3/22/2024, 6:44:39 PM",3.592,62.4,100,0,2024-03-22T23:44:39.000Z
"3/22/2024, 6:49:39 PM",3.591,62.4,100,0,2024-03-22T23:49:39.000Z
"3/22/2024, 6:54:39 PM",3.591,62.4,100,0,2024-03-22T23:54:39.000Z
"3/22/2024, 6:59:39 PM",3.591,62.2,100,1,2024-03-22T23:59:39.000Z
"3/22/2024, 7:04:39 PM",3.592,62.4,100,0,2024-03-23T00:04:39.000Z
"3/22/2024, 7:09:39 PM",3.591,62.2,100,0,2024-03-23T00:09:39.000Z
"3/22/2024, 7:14:39 PM",3.591,62.1,100,0,2024-03-23T00:14:39.000Z
"3/22/2024, 7:19:39 PM",3.592,62.1,100,1,2024-03-23T00:19:39.000Z
"3/22/2024, 7:24:39 PM",3.591,61.9,100,0,2024-03-23T00:24:39.000Z
"3/22/2024, 7:29:39 PM",3.592,61.7,100,0,2024-03-23T00:29:39.000Z
"3/22/2024, 7:34:39 PM",3.592,61.7,100,0,2024-03-23T00:34:39.000Z
"3/22/2024, 7:39:39 PM",3.592,61.7,100,0,2024-03-23T00:39:39.000Z
"3/22/2024, 7:44:39 PM",3.592,61.7,100,0,2024-03-23T00:44:39.000Z
"3/22/2024, 7:49:39 PM",3.591,61.7,100,0,2024-03-23T00:49:39.000Z
"3/22/2024, 7:54:39 PM",3.591,61.7,100,0,2024-03-23T00:54:39.000Z
"3/22/2024, 7:59:39 PM",3.591,61.5,100,0,2024-03-23T00:59:39.000Z
"3/22/2024, 8:04:39 PM",3.591,61.5,100,0,2024-03-23T01:04:39.000Z
"3/22/2024, 8:09:39 PM",3.591,61.3,100,0,2024-03-23T01:09:39.000Z
"3/22/2024, 8:14:39 PM",3.592,61.3,100,1,2024-03-23T01:14:39.000Z
"3/22/2024, 8:19:39 PM",3.591,61.5,100,0,2024-03-23T01:19:39.000Z
"3/22/2024, 8:24:39 PM",3.591,61.3,100,0,2024-03-23T01:24:39.000Z
"3/22/2024, 8:29:39 PM",3.591,61.3,100,0,2024-03-23T01:29:39.000Z
"3/22/2024, 8:34:39 PM",3.591,61.3,100,0,2024-03-23T01:34:39.000Z
"3/22/2024, 8:39:39 PM",3.591,61.5,100,0,2024-03-23T01:39:39.000Z
"3/22/2024, 8:44:39 PM",3.591,61.7,100,0,2024-03-23T01:44:39.000Z
"3/22/2024, 8:49:39 PM",3.591,61.7,100,1,2024-03-23T01:49:39.000Z
"3/22/2024, 8:54:39 PM",3.591,61.7,100,0,2024-03-23T01:54:39.000Z
"3/22/2024, 8:59:39 PM",3.591,61.9,100,0,2024-03-23T01:59:39.000Z
"3/22/2024, 9:04:39 PM",3.591,61.9,100,0,2024-03-23T02:04:39.000Z
"3/22/2024, 9:09:39 PM",3.591,61.9,100,0,2024-03-23T02:09:39.000Z
"3/22/2024, 9:14:39 PM",3.591,61.9,100,0,2024-03-23T02:14:39.000Z
"3/22/2024, 9:19:39 PM",3.591,61.9,100,0,2024-03-23T02:19:39.000Z
"3/22/2024, 9:24:39 PM",3.591,61.9,100,1,2024-03-23T02:24:39.000Z
"3/22/2024, 9:29:39 PM",3.591,61.7,100,1,2024-03-23T02:29:39.000Z
"3/22/2024, 9:34:39 PM",3.591,61.7,100,1,2024-03-23T02:34:39.000Z
"3/22/2024, 9:39:39 PM",3.591,61.7,100,1,2024-03-23T02:39:39.000Z
"3/22/2024, 9:44:39 PM",3.591,61.7,100,1,2024-03-23T02:44:39.000Z
"3/22/2024, 9:49:39 PM",3.591,61.5,100,1,2024-03-23T02:49:39.000Z
"3/22/2024, 9:54:39 PM",3.591,61.5,100,1,2024-03-23T02:54:39.000Z
"3/22/2024, 9:59:39 PM",3.591,61.2,100,1,2024-03-23T02:59:39.000Z
"3/22/2024, 10:04:39 PM",3.591,61.3,100,1,2024-03-23T03:04:39.000Z
"3/22/2024, 10:09:39 PM",3.591,61.2,100,1,2024-03-23T03:09:39.000Z
"3/22/2024, 10:14:39 PM",3.591,61,100,1,2024-03-23T03:14:39.000Z
"3/22/2024, 10:19:39 PM",3.591,60.6,100,1,2024-03-23T03:19:39.000Z
"3/22/2024, 10:24:39 PM",3.591,60.1,100,1,2024-03-23T03:24:39.000Z
"3/22/2024, 10:29:39 PM",3.591,59.9,100,1,2024-03-23T03:29:39.000Z
"3/22/2024, 10:34:39 PM",3.591,59.4,100,1,2024-03-23T03:34:39.000Z
"3/22/2024, 10:39:39 PM",3.591,59,100,1,2024-03-23T03:39:39.000Z
"3/22/2024, 10:44:39 PM",3.592,58.5,100,1,2024-03-23T03:44:39.000Z
"3/22/2024, 10:49:39 PM",3.591,58.1,100,0,2024-03-23T03:49:39.000Z
"3/22/2024, 10:54:39 PM",3.591,57.7,100,0,2024-03-23T03:54:39.000Z
"3/22/2024, 10:59:39 PM",3.591,57.2,100,0,2024-03-23T03:59:39.000Z
"3/22/2024, 11:04:39 PM",3.591,56.8,100,0,2024-03-23T04:04:39.000Z
"3/22/2024, 11:09:39 PM",3.591,56.7,100,0,2024-03-23T04:09:39.000Z
"3/22/2024, 11:14:39 PM",3.591,56.5,100,1,2024-03-23T04:14:39.000Z
"3/22/2024, 11:19:39 PM",3.591,56.3,100,0,2024-03-23T04:19:39.000Z
"3/22/2024, 11:24:39 PM",3.591,56.1,100,0,2024-03-23T04:24:39.000Z
"3/22/2024, 11:29:39 PM",3.591,55.9,100,0,2024-03-23T04:29:39.000Z
"3/22/2024, 11:34:39 PM",3.59,55.6,100,0,2024-03-23T04:34:39.000Z
"3/22/2024, 11:39:39 PM",3.59,55.6,100,0,2024-03-23T04:39:39.000Z
"3/22/2024, 11:44:39 PM",3.59,55.4,100,0,2024-03-23T04:44:39.000Z
"3/22/2024, 11:49:39 PM",3.59,55.2,100,0,2024-03-23T04:49:39.000Z
"3/22/2024, 11:54:39 PM",3.59,55,100,0,2024-03-23T04:54:39.000Z
"3/22/2024, 11:59:39 PM",3.59,55,100,1,2024-03-23T04:59:39.000Z
"3/23/2024, 12:04:39 AM",3.59,54.9,100,0,2024-03-23T05:04:39.000Z
"3/23/2024, 12:09:39 AM",3.589,54.9,100,1,2024-03-23T05:09:39.000Z
"3/23/2024, 12:14:39 AM",3.589,55,100,1,2024-03-23T05:14:39.000Z
"3/23/2024, 12:19:39 AM",3.59,55,100,0,2024-03-23T05:19:39.000Z
"3/23/2024, 12:24:39 AM",3.589,55,100,0,2024-03-23T05:24:39.000Z
"3/23/2024, 12:29:39 AM",3.589,54.7,100,0,2024-03-23T05:29:39.000Z
"3/23/2024, 12:34:39 AM",3.589,54.7,100,0,2024-03-23T05:34:39.000Z
"3/23/2024, 12:39:39 AM",3.589,54.7,100,0,2024-03-23T05:39:39.000Z
"3/23/2024, 12:44:39 AM",3.589,54.9,100,0,2024-03-23T05:44:39.000Z
"3/23/2024, 12:49:39 AM",3.589,54.7,100,0,2024-03-23T05:49:39.000Z
"3/23/2024, 12:54:39 AM",3.589,54.5,100,0,2024-03-23T05:54:39.000Z
"3/23/2024, 12:59:39 AM",3.589,54.5,100,0,2024-03-23T05:59:39.000Z
"3/23/2024, 1:04:39 AM",3.589,54.5,100,0,2024-03-23T06:04:39.000Z
"3/23/2024, 1:09:39 AM",3.588,54.5,100,0,2024-03-23T06:09:39.000Z
"3/23/2024, 1:14:39 AM",3.589,54.5,100,0,2024-03-23T06:14:39.000Z
"3/23/2024, 1:19:39 AM",3.588,54.5,100,0,2024-03-23T06:19:39.000Z
"3/23/2024, 1:24:39 AM",3.588,54.3,100,0,2024-03-23T06:24:39.000Z
"3/23/2024, 1:29:39 AM",3.589,54.3,100,0,2024-03-23T06:29:39.000Z
"3/23/2024, 1:34:39 AM",3.589,54.5,100,0,2024-03-23T06:34:39.000Z
"3/23/2024, 1:39:39 AM",3.588,54.5,100,0,2024-03-23T06:39:39.000Z
"3/23/2024, 1:44:39 AM",3.589,54.5,100,0,2024-03-23T06:44:39.000Z
"3/23/2024, 1:49:39 AM",3.588,54.5,100,1,2024-03-23T06:49:39.000Z
"3/23/2024, 1:54:39 AM",3.588,54.5,100,0,2024-03-23T06:54:39.000Z
"3/23/2024, 1:59:39 AM",3.588,54.3,100,0,2024-03-23T06:59:39.000Z
"3/23/2024, 2:04:39 AM",3.588,54.1,100,0,2024-03-23T07:04:39.000Z
"3/23/2024, 2:09:39 AM",3.588,54.3,100,0,2024-03-23T07:09:39.000Z
"3/23/2024, 2:14:39 AM",3.588,54.1,100,0,2024-03-23T07:14:39.000Z
"3/23/2024, 2:19:39 AM",3.588,54.1,100,0,2024-03-23T07:19:39.000Z
"3/23/2024, 2:24:39 AM",3.588,54,100,0,2024-03-23T07:24:39.000Z
"3/23/2024, 2:29:39 AM",3.588,54,100,0,2024-03-23T07:29:39.000Z
"3/23/2024, 2:34:39 AM",3.588,53.8,100,1,2024-03-23T07:34:39.000Z
"3/23/2024, 2:39:39 AM",3.588,53.8,100,1,2024-03-23T07:39:39.000Z
"3/23/2024, 2:44:39 AM",3.588,53.8,100,1,2024-03-23T07:44:39.000Z
"3/23/2024, 2:49:39 AM",3.588,53.8,100,1,2024-03-23T07:49:39.000Z
"3/23/2024, 2:54:39 AM",3.588,53.8,100,1,2024-03-23T07:54:39.000Z
"3/23/2024, 2:59:39 AM",3.588,53.8,100,0,2024-03-23T07:59:39.000Z
"3/23/2024, 3:04:39 AM",3.588,54,100,0,2024-03-23T08:04:39.000Z
"3/23/2024, 3:09:39 AM",3.587,53.8,100,0,2024-03-23T08:09:39.000Z
"3/23/2024, 3:14:39 AM",3.588,53.6,100,0,2024-03-23T08:14:39.000Z
"3/23/2024, 3:19:39 AM",3.587,53.4,100,0,2024-03-23T08:19:39.000Z
"3/23/2024, 3:24:39 AM",3.588,53.4,100,0,2024-03-23T08:24:39.000Z
"3/23/2024, 3:29:39 AM",3.587,53.4,100,1,2024-03-23T08:29:39.000Z
"3/23/2024, 3:34:39 AM",3.587,53.4,100,0,2024-03-23T08:34:39.000Z
"3/23/2024, 3:39:39 AM",3.587,53.4,100,1,2024-03-23T08:39:39.000Z
"3/23/2024, 3:44:39 AM",3.587,53.2,100,1,2024-03-23T08:44:39.000Z
"3/23/2024, 3:49:39 AM",3.587,53.2,100,1,2024-03-23T08:49:39.000Z
"3/23/2024, 3:54:39 AM",3.587,53.2,100,1,2024-03-23T08:54:39.000Z
"3/23/2024, 3:59:39 AM",3.587,53.1,100,0,2024-03-23T08:59:39.000Z
"3/23/2024, 4:04:39 AM",3.587,53.1,100,0,2024-03-23T09:04:39.000Z
"3/23/2024, 4:09:39 AM",3.587,53.2,100,0,2024-03-23T09:09:39.000Z
"3/23/2024, 4:14:39 AM",3.587,53.2,100,1,2024-03-23T09:14:39.000Z
"3/23/2024, 4:19:39 AM",3.587,53.4,100,1,2024-03-23T09:19:39.000Z
"3/23/2024, 4:24:39 AM",3.587,53.4,100,0,2024-03-23T09:24:39.000Z
"3/23/2024, 4:29:39 AM",3.587,53.2,100,1,2024-03-23T09:29:39.000Z
"3/23/2024, 4:34:39 AM",3.587,53.2,100,1,2024-03-23T09:34:39.000Z
"3/23/2024, 4:39:39 AM",3.587,53.2,100,1,2024-03-23T09:39:39.000Z
"3/23/2024, 4:44:39 AM",3.586,53.1,100,1,2024-03-23T09:44:39.000Z
"3/23/2024, 4:49:39 AM",3.587,53.1,100,0,2024-03-23T09:49:39.000Z
"3/23/2024, 4:54:39 AM",3.586,52.7,100,0,2024-03-23T09:54:39.000Z
"3/23/2024, 4:59:39 AM",3.587,52.3,100,0,2024-03-23T09:59:39.000Z
"3/23/2024, 5:04:39 AM",3.587,52.2,100,1,2024-03-23T10:04:39.000Z
"3/23/2024, 5:09:39 AM",3.586,51.8,100,0,2024-03-23T10:09:39.000Z
"3/23/2024, 5:14:39 AM",3.587,51.8,100,1,2024-03-23T10:14:39.000Z
"3/23/2024, 5:19:39 AM",3.586,51.6,100,0,2024-03-23T10:19:39.000Z
"3/23/2024, 5:24:39 AM",3.586,51.4,100,0,2024-03-23T10:24:39.000Z
"3/23/2024, 5:29:39 AM",3.586,51.3,100,1,2024-03-23T10:29:39.000Z
"3/23/2024, 5:34:39 AM",3.586,51.3,100,1,2024-03-23T10:34:39.000Z
"3/23/2024, 5:39:39 AM",3.586,51.1,100,1,2024-03-23T10:39:39.000Z
"3/23/2024, 5:44:39 AM",3.586,51.1,100,1,2024-03-23T10:44:39.000Z
"3/23/2024, 5:49:39 AM",3.586,51.1,100,1,2024-03-23T10:49:39.000Z
"3/23/2024, 5:54:39 AM",3.585,51.3,100,1,2024-03-23T10:54:39.000Z
"3/23/2024, 5:59:39 AM",3.585,51.3,100,1,2024-03-23T10:59:39.000Z
"3/23/2024, 6:04:39 AM",3.585,51.3,100,1,2024-03-23T11:04:39.000Z
"3/23/2024, 6:09:39 AM",3.585,50.9,100,1,2024-03-23T11:09:39.000Z
"3/23/2024, 6:14:39 AM",3.585,50.7,100,1,2024-03-23T11:14:39.000Z
"3/23/2024, 6:19:39 AM",3.585,50.7,100,1,2024-03-23T11:19:39.000Z
"3/23/2024, 6:24:39 AM",3.585,50.7,100,1,2024-03-23T11:24:39.000Z
"3/23/2024, 6:29:39 AM",3.585,50.9,100,1,2024-03-23T11:29:39.000Z
"3/23/2024, 6:34:39 AM",3.585,50.7,100,1,2024-03-23T11:34:39.000Z
"3/23/2024, 6:39:39 AM",3.585,50.7,100,1,2024-03-23T11:39:39.000Z
"3/23/2024, 6:44:39 AM",3.585,50.7,100,1,2024-03-23T11:44:39.000Z
"3/23/2024, 6:49:39 AM",3.585,50.7,100,1,2024-03-23T11:49:39.000Z
"3/23/2024, 6:54:39 AM",3.585,50.9,100,1,2024-03-23T11:54:39.000Z
"3/23/2024, 6:59:39 AM",3.585,51.1,100,1,2024-03-23T11:59:39.000Z
"3/23/2024, 7:04:39 AM",3.584,50.9,100,1,2024-03-23T12:04:39.000Z
"3/23/2024, 7:09:39 AM",3.584,50.9,100,1,2024-03-23T12:09:39.000Z
"3/23/2024, 7:14:39 AM",3.584,50.7,100,1,2024-03-23T12:14:39.000Z
"3/23/2024, 7:19:39 AM",3.584,50.5,100,1,2024-03-23T12:19:39.000Z
"3/23/2024, 7:24:39 AM",3.584,50.4,100,1,2024-03-23T12:24:39.000Z
"3/23/2024, 7:29:39 AM",3.584,50.2,100,1,2024-03-23T12:29:39.000Z
"3/23/2024, 7:34:39 AM",3.584,50.2,100,1,2024-03-23T12:34:39.000Z
"3/23/2024, 7:39:39 AM",3.584,50,100,1,2024-03-23T12:39:39.000Z
"3/23/2024, 7:44:39 AM",3.584,50,100,1,2024-03-23T12:44:39.000Z
"3/23/2024, 7:49:39 AM",3.584,50,100,1,2024-03-23T12:49:39.000Z
"3/23/2024, 7:54:39 AM",3.584,50.2,100,1,2024-03-23T12:54:39.000Z
"3/23/2024, 7:59:39 AM",3.584,50,100,1,2024-03-23T12:59:39.000Z
"3/23/2024, 8:04:39 AM",3.583,50.4,100,1,2024-03-23T13:04:39.000Z
"3/23/2024, 8:09:39 AM",3.584,50.7,100,1,2024-03-23T13:09:39.000Z
"3/23/2024, 8:14:39 AM",3.584,50.7,100,1,2024-03-23T13:14:39.000Z
"3/23/2024, 8:19:39 AM",3.584,50.9,100,1,2024-03-23T13:19:39.000Z
"3/23/2024, 8:24:39 AM",3.583,51.1,100,1,2024-03-23T13:24:39.000Z
"3/23/2024, 8:29:39 AM",3.584,51.1,100,1,2024-03-23T13:29:39.000Z
"3/23/2024, 8:34:39 AM",3.584,51.3,100,1,2024-03-23T13:34:39.000Z
"3/23/2024, 8:39:39 AM",3.583,51.4,100,1,2024-03-23T13:39:39.000Z
"3/23/2024, 8:44:39 AM",3.584,51.6,100,1,2024-03-23T13:44:39.000Z
"3/23/2024, 8:49:39 AM",3.583,51.8,100,1,2024-03-23T13:49:39.000Z
"3/23/2024, 8:54:39 AM",3.583,52,100,1,2024-03-23T13:54:39.000Z
"3/23/2024, 8:59:39 AM",3.584,52.2,100,1,2024-03-23T13:59:39.000Z
"3/23/2024, 9:04:39 AM",3.583,52.3,100,1,2024-03-23T14:04:39.000Z
"3/23/2024, 9:09:39 AM",3.584,52.5,100,1,2024-03-23T14:09:39.000Z
"3/23/2024, 9:14:39 AM",3.583,52.7,100,1,2024-03-23T14:14:39.000Z
"3/23/2024, 9:19:39 AM",3.584,52.9,100,1,2024-03-23T14:19:39.000Z
"3/23/2024, 9:24:39 AM",3.583,53.1,100,1,2024-03-23T14:24:39.000Z
"3/23/2024, 9:29:39 AM",3.583,53.2,100,1,2024-03-23T14:29:39.000Z
"3/23/2024, 9:34:39 AM",3.584,53.4,100,1,2024-03-23T14:34:39.000Z
"3/23/2024, 9:39:39 AM",3.584,53.8,100,0,2024-03-23T14:39:39.000Z
"3/23/2024, 9:44:39 AM",3.584,54,100,0,2024-03-23T14:44:39.000Z
"3/23/2024, 9:49:39 AM",3.584,54.1,100,0,2024-03-23T14:49:39.000Z
"3/23/2024, 9:54:39 AM",3.584,54.7,100,0,2024-03-23T14:54:39.000Z
"3/23/2024, 9:59:39 AM",3.584,55,100,0,2024-03-23T14:59:39.000Z
"3/23/2024, 10:04:39 AM",3.584,54.9,100,0,2024-03-23T15:04:39.000Z
"3/23/2024, 10:09:39 AM",3.584,55,100,0,2024-03-23T15:09:39.000Z
"3/23/2024, 10:14:39 AM",3.584,55.2,100,0,2024-03-23T15:14:39.000Z
"3/23/2024, 10:19:39 AM",3.584,55.4,100,0,2024-03-23T15:19:39.000Z
"3/23/2024, 10:24:39 AM",3.584,55.9,100,0,2024-03-23T15:24:39.000Z
"3/23/2024, 10:29:39 AM",3.585,56.3,100,0,2024-03-23T15:29:39.000Z
"3/23/2024, 10:34:39 AM",3.585,56.8,100,0,2024-03-23T15:34:39.000Z
"3/23/2024, 10:39:39 AM",3.585,57,100,0,2024-03-23T15:39:39.000Z
"3/23/2024, 10:44:39 AM",3.585,57.4,100,0,2024-03-23T15:44:39.000Z
"3/23/2024, 10:49:39 AM",3.585,57.6,100,0,2024-03-23T15:49:39.000Z
"3/23/2024, 10:54:39 AM",3.585,57.7,100,0,2024-03-23T15:54:39.000Z
"3/23/2024, 10:59:39 AM",3.585,57.9,100,0,2024-03-23T15:59:39.000Z
"3/23/2024, 11:04:39 AM",3.585,58.3,100,0,2024-03-23T16:04:39.000Z
"3/23/2024, 11:09:39 AM",3.585,58.5,100,0,2024-03-23T16:09:39.000Z
"3/23/2024, 11:14:39 AM",3.585,59,100,0,2024-03-23T16:14:39.000Z
"3/23/2024, 11:19:39 AM",3.585,58.8,100,0,2024-03-23T16:19:39.000Z
"3/23/2024, 11:24:39 AM",3.585,58.5,100,0,2024-03-23T16:24:39.000Z
"3/23/2024, 11:29:39 AM",3.585,59,100,0,2024-03-23T16:29:39.000Z
"3/23/2024, 11:34:39 AM",3.585,59.2,100,0,2024-03-23T16:34:39.000Z
"3/23/2024, 11:39:39 AM",3.585,59,100,0,2024-03-23T16:39:39.000Z
"3/23/2024, 11:44:39 AM",3.586,59,100,0,2024-03-23T16:44:39.000Z
"3/23/2024, 11:49:39 AM",3.586,59.2,100,0,2024-03-23T16:49:39.000Z
"3/23/2024, 11:54:39 AM",3.586,59.4,100,0,2024-03-23T16:54:39.000Z
"3/23/2024, 11:59:39 AM",3.586,59.5,100,0,2024-03-23T16:59:39.000Z
"3/23/2024, 12:04:39 PM",3.586,59.5,100,0,2024-03-23T17:04:39.000Z
"3/23/2024, 12:09:39 PM",3.586,60.3,100,0,2024-03-23T17:09:39.000Z
"3/23/2024, 12:14:39 PM",3.586,61,100,0,2024-03-23T17:14:39.000Z
"3/23/2024, 12:19:39 PM",3.586,61.5,100,0,2024-03-23T17:19:39.000Z
"3/23/2024, 12:24:39 PM",3.587,61.5,100,0,2024-03-23T17:24:39.000Z
"3/23/2024, 12:29:39 PM",3.586,61.7,100,0,2024-03-23T17:29:39.000Z
"3/23/2024, 12:34:39 PM",3.586,62.1,100,0,2024-03-23T17:34:39.000Z
"3/23/2024, 12:39:39 PM",3.586,62.4,100,0,2024-03-23T17:39:39.000Z
"3/23/2024, 12:44:39 PM",3.586,62.2,100,0,2024-03-23T17:44:39.000Z
"3/23/2024, 12:49:39 PM",3.587,62.2,100,0,2024-03-23T17:49:39.000Z
"3/23/2024, 12:54:39 PM",3.587,62.2,100,0,2024-03-23T17:54:39.000Z
"3/23/2024, 12:59:39 PM",3.587,62.6,100,0,2024-03-23T17:59:39.000Z
"3/23/2024, 1:04:39 PM",3.587,63.3,100,0,2024-03-23T18:04:39.000Z
"3/23/2024, 1:09:39 PM",3.587,63.5,100,0,2024-03-23T18:09:39.000Z
"3/23/2024, 1:14:39 PM",3.587,63.5,100,0,2024-03-23T18:14:39.000Z
"3/23/2024, 1:19:39 PM",3.587,63.5,100,0,2024-03-23T18:19:39.000Z
"3/23/2024, 1:24:39 PM",3.587,63.5,100,0,2024-03-23T18:24:39.000Z
"3/23/2024, 1:29:39 PM",3.587,63.7,100,0,2024-03-23T18:29:39.000Z
"3/23/2024, 1:34:39 PM",3.588,64,100,0,2024-03-23T18:34:39.000Z
"3/23/2024, 1:39:39 PM",3.587,64,100,0,2024-03-23T18:39:39.000Z
"3/23/2024, 1:44:39 PM",3.588,64,100,0,2024-03-23T18:44:39.000Z
"3/23/2024, 1:49:39 PM",3.588,64,100,0,2024-03-23T18:49:39.000Z
"3/23/2024, 1:54:39 PM",3.588,64.2,100,0,2024-03-23T18:54:39.000Z
"3/23/2024, 1:59:39 PM",3.588,64.4,100,0,2024-03-23T18:59:39.000Z
"3/23/2024, 2:04:39 PM",3.588,64.2,100,1,2024-03-23T19:04:39.000Z
"3/23/2024, 2:09:39 PM",3.588,64,100,0,2024-03-23T19:09:39.000Z
"3/23/2024, 2:14:39 PM",3.588,63.7,100,1,2024-03-23T19:14:39.000Z
"3/23/2024, 2:19:39 PM",3.588,63.7,100,0,2024-03-23T19:19:39.000Z
"3/23/2024, 2:24:39 PM",3.588,63.3,100,0,2024-03-23T19:24:39.000Z
"3/23/2024, 2:29:39 PM",3.589,63.3,100,0,2024-03-23T19:29:39.000Z
"3/23/2024, 2:34:39 PM",3.589,63.1,100,0,2024-03-23T19:34:39.000Z
"3/23/2024, 2:39:39 PM",3.589,62.8,100,0,2024-03-23T19:39:39.000Z
"3/23/2024, 2:44:39 PM",3.588,62.8,100,0,2024-03-23T19:44:39.000Z
"3/23/2024, 2:49:39 PM",3.589,62.6,100,0,2024-03-23T19:49:39.000Z
"3/23/2024, 2:54:39 PM",3.589,62.2,100,0,2024-03-23T19:54:39.000Z
"3/23/2024, 2:59:39 PM",3.588,61.9,100,0,2024-03-23T19:59:39.000Z
"3/23/2024, 3:04:39 PM",3.589,61.3,100,0,2024-03-23T20:04:39.000Z
"3/23/2024, 3:09:39 PM",3.589,61,100,0,2024-03-23T20:09:39.000Z
"3/23/2024, 3:14:39 PM",3.588,60.6,100,0,2024-03-23T20:14:39.000Z
"3/23/2024, 3:19:39 PM",3.589,60.3,100,0,2024-03-23T20:19:39.000Z
"3/23/2024, 3:24:39 PM",3.589,60.1,100,0,2024-03-23T20:24:39.000Z
"3/23/2024, 3:29:39 PM",3.589,59.7,100,0,2024-03-23T20:29:39.000Z
"3/23/2024, 3:34:39 PM",3.589,59.4,100,0,2024-03-23T20:34:39.000Z
"3/23/2024, 3:39:39 PM",3.588,59.2,100,0,2024-03-23T20:39:39.000Z
"3/23/2024, 3:44:39 PM",3.588,58.8,100,0,2024-03-23T20:44:39.000Z
"3/23/2024, 3:49:39 PM",3.589,58.3,100,0,2024-03-23T20:49:39.000Z
"3/23/2024, 3:54:39 PM",3.588,58.1,100,0,2024-03-23T20:54:39.000Z
"3/23/2024, 3:59:39 PM",3.588,57.9,100,0,2024-03-23T20:59:39.000Z
"3/23/2024, 4:04:39 PM",3.588,57.7,100,0,2024-03-23T21:04:39.000Z
"3/23/2024, 4:09:39 PM",3.588,57.7,100,0,2024-03-23T21:09:39.000Z
"3/23/2024, 4:14:39 PM",3.588,57.6,100,0,2024-03-23T21:14:39.000Z
"3/23/2024, 4:19:39 PM",3.588,57.6,100,0,2024-03-23T21:19:39.000Z
"3/23/2024, 4:24:39 PM",3.588,57.6,100,0,2024-03-23T21:24:39.000Z
"3/23/2024, 4:29:39 PM",3.588,57.6,100,0,2024-03-23T21:29:39.000Z
"3/23/2024, 4:34:39 PM",3.588,57.6,100,0,2024-03-23T21:34:39.000Z
"3/23/2024, 4:39:39 PM",3.588,57.4,100,0,2024-03-23T21:39:39.000Z
"3/23/2024, 4:44:39 PM",3.587,57.4,100,0,2024-03-23T21:44:39.000Z
"3/23/2024, 4:49:39 PM",3.587,57.4,100,0,2024-03-23T21:49:39.000Z
"3/23/2024, 4:54:39 PM",3.587,57.2,100,0,2024-03-23T21:54:39.000Z
"3/23/2024, 4:59:39 PM",3.587,57.2,100,0,2024-03-23T21:59:39.000Z
"3/23/2024, 5:04:39 PM",3.587,57.2,100,0,2024-03-23T22:04:39.000Z
"3/23/2024, 5:09:39 PM",3.587,57.2,100,0,2024-03-23T22:09:39.000Z
"3/23/2024, 5:14:39 PM",3.587,57.2,100,0,2024-03-23T22:14:39.000Z
"3/23/2024, 5:19:39 PM",3.587,57,100,0,2024-03-23T22:19:39.000Z
"3/23/2024, 5:24:39 PM",3.587,56.8,100,0,2024-03-23T22:24:39.000Z
"3/23/2024, 5:29:39 PM",3.587,56.7,100,0,2024-03-23T22:29:39.000Z
"3/23/2024, 5:34:39 PM",3.587,56.7,100,0,2024-03-23T22:34:39.000Z
"3/23/2024, 5:39:39 PM",3.587,56.8,100,0,2024-03-23T22:39:39.000Z
"3/23/2024, 5:44:39 PM",3.587,57.2,100,1,2024-03-23T22:44:39.000Z
"3/23/2024, 5:49:39 PM",3.587,57.2,100,0,2024-03-23T22:49:39.000Z
"3/23/2024, 5:54:39 PM",3.587,57.4,100,0,2024-03-23T22:54:39.000Z
"3/23/2024, 5:59:39 PM",3.587,57.4,100,1,2024-03-23T22:59:39.000Z
"3/23/2024, 6:04:39 PM",3.587,57.2,100,1,2024-03-23T23:04:39.000Z
"3/23/2024, 6:09:39 PM",3.587,57,100,1,2024-03-23T23:09:39.000Z
"3/23/2024, 6:14:39 PM",3.587,57,100,1,2024-03-23T23:14:39.000Z
"3/23/2024, 6:19:39 PM",3.587,57,100,1,2024-03-23T23:19:39.000Z
"3/23/2024, 6:24:39 PM",3.587,57,100,1,2024-03-23T23:24:39.000Z
"3/23/2024, 6:29:39 PM",3.587,56.7,100,0,2024-03-23T23:29:39.000Z
"3/23/2024, 6:34:39 PM",3.587,56.3,100,1,2024-03-23T23:34:39.000Z
"3/23/2024, 6:39:39 PM",3.587,56.3,100,1,2024-03-23T23:39:39.000Z
"3/23/2024, 6:44:39 PM",3.587,55.9,100,1,2024-03-23T23:44:39.000Z
"3/23/2024, 6:49:39 PM",3.587,55.8,100,0,2024-03-23T23:49:39.000Z
"3/23/2024, 6:54:39 PM",3.586,55.6,100,1,2024-03-23T23:54:39.000Z
"3/23/2024, 6:59:39 PM",3.587,55.4,100,1,2024-03-23T23:59:39.000Z
"3/23/2024, 7:04:39 PM",3.587,55.2,100,1,2024-03-24T00:04:39.000Z
"3/23/2024, 7:09:39 PM",3.586,55.2,100,1,2024-03-24T00:09:39.000Z
"3/23/2024, 7:14:39 PM",3.586,55.2,100,1,2024-03-24T00:14:39.000Z
"3/23/2024, 7:19:39 PM",3.586,55.2,100,1,2024-03-24T00:19:39.000Z
"3/23/2024, 7:24:39 PM",3.586,55.2,100,1,2024-03-24T00:24:39.000Z
"3/23/2024, 7:29:39 PM",3.586,55.4,100,1,2024-03-24T00:29:39.000Z
"3/23/2024, 7:34:39 PM",3.586,55.6,100,1,2024-03-24T00:34:39.000Z
"3/23/2024, 7:39:39 PM",3.586,55.6,100,1,2024-03-24T00:39:39.000Z
"3/23/2024, 7:44:39 PM",3.586,55.6,100,1,2024-03-24T00:44:39.000Z
"3/23/2024, 7:49:39 PM",3.586,55.8,100,1,2024-03-24T00:49:39.000Z
"3/23/2024, 7:54:39 PM",3.586,55.8,100,1,2024-03-24T00:54:39.000Z
"3/23/2024, 7:59:39 PM",3.585,55.8,100,1,2024-03-24T00:59:39.000Z
"3/23/2024, 8:04:39 PM",3.586,55.8,100,1,2024-03-24T01:04:39.000Z
"3/23/2024, 8:09:39 PM",3.586,55.8,100,1,2024-03-24T01:09:39.000Z
"3/23/2024, 8:14:39 PM",3.586,55.8,100,1,2024-03-24T01:14:39.000Z
"3/23/2024, 8:19:39 PM",3.586,55.9,100,1,2024-03-24T01:19:39.000Z
"3/23/2024, 8:24:39 PM",3.586,55.9,100,1,2024-03-24T01:24:39.000Z
"3/23/2024, 8:29:39 PM",3.586,55.9,100,1,2024-03-24T01:29:39.000Z
"3/23/2024, 8:34:39 PM",3.586,55.8,100,1,2024-03-24T01:34:39.000Z
"3/23/2024, 8:39:39 PM",3.586,55.6,100,1,2024-03-24T01:39:39.000Z
"3/23/2024, 8:44:39 PM",3.586,55.6,100,1,2024-03-24T01:44:39.000Z
"3/23/2024, 8:49:39 PM",3.585,55.6,100,1,2024-03-24T01:49:39.000Z
"3/23/2024, 8:54:39 PM",3.586,55.6,100,1,2024-03-24T01:54:39.000Z
"3/23/2024, 8:59:39 PM",3.586,55.6,100,1,2024-03-24T01:59:39.000Z
"3/23/2024, 9:04:39 PM",3.586,55.6,100,1,2024-03-24T02:04:39.000Z
"3/23/2024, 9:09:39 PM",3.586,55.6,100,1,2024-03-24T02:09:39.000Z
"3/23/2024, 9:14:39 PM",3.585,55.6,100,1,2024-03-24T02:14:39.000Z
"3/23/2024, 9:19:39 PM",3.585,55.6,100,1,2024-03-24T02:19:39.000Z
"3/23/2024, 9:24:39 PM",3.586,55.6,100,1,2024-03-24T02:24:39.000Z
"3/23/2024, 9:29:39 PM",3.586,55.6,100,1,2024-03-24T02:29:39.000Z
"3/23/2024, 9:34:39 PM",3.586,55.6,100,2,2024-03-24T02:34:39.000Z
"3/23/2024, 9:39:39 PM",3.585,55.6,100,1,2024-03-24T02:39:39.000Z
"3/23/2024, 9:44:39 PM",3.586,55.8,100,2,2024-03-24T02:44:39.000Z
"3/23/2024, 9:49:39 PM",3.585,55.8,100,1,2024-03-24T02:49:39.000Z
"3/23/2024, 9:54:39 PM",3.585,55.8,100,2,2024-03-24T02:54:39.000Z
"3/23/2024, 9:59:39 PM",3.585,55.9,100,2,2024-03-24T02:59:39.000Z
"3/23/2024, 10:04:39 PM",3.586,55.9,100,2,2024-03-24T03:04:39.000Z
"3/23/2024, 10:09:39 PM",3.585,55.9,100,2,2024-03-24T03:09:39.000Z
"3/23/2024, 10:14:39 PM",3.585,55.9,100,2,2024-03-24T03:14:39.000Z
"3/23/2024, 10:19:39 PM",3.585,55.9,100,2,2024-03-24T03:19:39.000Z
"3/23/2024, 10:24:39 PM",3.585,55.9,100,2,2024-03-24T03:24:39.000Z
"3/23/2024, 10:29:39 PM",3.585,55.9,100,2,2024-03-24T03:29:39.000Z
"3/23/2024, 10:34:39 PM",3.586,55.9,100,2,2024-03-24T03:34:39.000Z
"3/23/2024, 10:39:39 PM",3.585,55.9,100,1,2024-03-24T03:39:39.000Z
"3/23/2024, 10:44:39 PM",3.586,55.9,100,1,2024-03-24T03:44:39.000Z
"3/23/2024, 10:49:39 PM",3.585,55.8,100,1,2024-03-24T03:49:39.000Z
"3/23/2024, 10:54:39 PM",3.585,55.6,100,1,2024-03-24T03:54:39.000Z
"3/23/2024, 10:59:39 PM",3.585,55.4,100,1,2024-03-24T03:59:39.000Z
"3/23/2024, 11:04:39 PM",3.586,55.2,100,1,2024-03-24T04:04:39.000Z
"3/23/2024, 11:09:39 PM",3.585,55.2,100,1,2024-03-24T04:09:39.000Z
"3/23/2024, 11:14:39 PM",3.585,55,100,1,2024-03-24T04:14:39.000Z
"3/23/2024, 11:19:39 PM",3.586,54.9,100,1,2024-03-24T04:19:39.000Z
"3/23/2024, 11:24:39 PM",3.586,54.9,100,1,2024-03-24T04:24:39.000Z
"3/23/2024, 11:29:39 PM",3.585,54.7,100,1,2024-03-24T04:29:39.000Z
"3/23/2024, 11:34:39 PM",3.586,54.7,100,1,2024-03-24T04:34:39.000Z
"3/23/2024, 11:39:39 PM",3.585,54.5,100,1,2024-03-24T04:39:39.000Z
"3/23/2024, 11:44:39 PM",3.586,54.5,100,1,2024-03-24T04:44:39.000Z
"3/23/2024, 11:49:39 PM",3.585,54.5,100,1,2024-03-24T04:49:39.000Z
"3/23/2024, 11:54:39 PM",3.586,54.3,100,1,2024-03-24T04:54:39.000Z
"3/23/2024, 11:59:39 PM",3.585,54.3,100,1,2024-03-24T04:59:39.000Z
"3/24/2024, 12:04:39 AM",3.585,54.3,100,1,2024-03-24T05:04:39.000Z
"3/24/2024, 12:09:39 AM",3.585,54.1,100,1,2024-03-24T05:09:39.000Z
"3/24/2024, 12:14:39 AM",3.585,54.1,100,1,2024-03-24T05:14:39.000Z
"3/24/2024, 12:19:39 AM",3.586,54.1,100,1,2024-03-24T05:19:39.000Z
"3/24/2024, 12:24:39 AM",3.585,54.1,100,1,2024-03-24T05:24:39.000Z
"3/24/2024, 12:29:39 AM",3.585,54.1,100,1,2024-03-24T05:29:39.000Z
"3/24/2024, 12:34:39 AM",3.585,54.3,100,1,2024-03-24T05:34:39.000Z
"3/24/2024, 12:39:39 AM",3.585,54.3,100,1,2024-03-24T05:39:39.000Z
"3/24/2024, 12:44:39 AM",3.585,54.3,100,1,2024-03-24T05:44:39.000Z
"3/24/2024, 12:49:39 AM",3.585,54.3,100,1,2024-03-24T05:49:39.000Z
"3/24/2024, 12:54:39 AM",3.585,54.3,100,1,2024-03-24T05:54:39.000Z
"3/24/2024, 12:59:39 AM",3.585,54.3,100,1,2024-03-24T05:59:39.000Z
"3/24/2024, 1:04:39 AM",3.585,54.3,100,1,2024-03-24T06:04:39.000Z
"3/24/2024, 1:09:39 AM",3.584,54.3,100,1,2024-03-24T06:09:39.000Z
"3/24/2024, 1:14:39 AM",3.584,54.3,100,1,2024-03-24T06:14:39.000Z
"3/24/2024, 1:19:39 AM",3.585,54.3,100,1,2024-03-24T06:19:39.000Z
"3/24/2024, 1:24:39 AM",3.585,54.3,100,1,2024-03-24T06:24:39.000Z
"3/24/2024, 1:29:39 AM",3.585,54.5,100,1,2024-03-24T06:29:39.000Z
"3/24/2024, 1:34:39 AM",3.585,54.5,100,1,2024-03-24T06:34:39.000Z
"3/24/2024, 1:39:39 AM",3.585,54.7,100,1,2024-03-24T06:39:39.000Z
"3/24/2024, 1:44:39 AM",3.585,54.7,100,1,2024-03-24T06:44:39.000Z
"3/24/2024, 1:49:39 AM",3.585,54.9,100,1,2024-03-24T06:49:39.000Z
"3/24/2024, 1:54:39 AM",3.584,55,100,1,2024-03-24T06:54:39.000Z
"3/24/2024, 1:59:39 AM",3.585,55.2,100,1,2024-03-24T06:59:39.000Z
"3/24/2024, 2:04:39 AM",3.584,55.2,100,1,2024-03-24T07:04:39.000Z
"3/24/2024, 2:09:39 AM",3.584,55.4,100,1,2024-03-24T07:09:39.000Z
"3/24/2024, 2:14:39 AM",3.584,55.4,100,1,2024-03-24T07:14:39.000Z
"3/24/2024, 2:19:39 AM",3.585,55.6,100,1,2024-03-24T07:19:39.000Z
"3/24/2024, 2:24:39 AM",3.585,55.8,100,1,2024-03-24T07:24:39.000Z
"3/24/2024, 2:29:39 AM",3.585,55.6,100,1,2024-03-24T07:29:39.000Z
"3/24/2024, 2:34:39 AM",3.585,55.6,100,1,2024-03-24T07:34:39.000Z
"3/24/2024, 2:39:39 AM",3.585,55.2,100,1,2024-03-24T07:39:39.000Z
"3/24/2024, 2:44:39 AM",3.585,55,100,1,2024-03-24T07:44:39.000Z
"3/24/2024, 2:49:39 AM",3.585,54.7,100,1,2024-03-24T07:49:39.000Z
"3/24/2024, 2:54:39 AM",3.585,54.3,100,1,2024-03-24T07:54:39.000Z
"3/24/2024, 2:59:39 AM",3.585,54.1,100,1,2024-03-24T07:59:39.000Z
"3/24/2024, 3:04:39 AM",3.585,54,100,1,2024-03-24T08:04:39.000Z
"3/24/2024, 3:09:39 AM",3.585,53.8,100,1,2024-03-24T08:09:39.000Z
"3/24/2024, 3:14:39 AM",3.584,53.6,100,1,2024-03-24T08:14:39.000Z
"3/24/2024, 3:19:39 AM",3.585,53.4,100,1,2024-03-24T08:19:39.000Z
"3/24/2024, 3:24:39 AM",3.585,53.2,100,1,2024-03-24T08:24:39.000Z
"3/24/2024, 3:29:39 AM",3.585,53.1,100,1,2024-03-24T08:29:39.000Z
"3/24/2024, 3:34:39 AM",3.585,52.9,100,1,2024-03-24T08:34:39.000Z
"3/24/2024, 3:39:39 AM",3.584,52.7,100,1,2024-03-24T08:39:39.000Z
"3/24/2024, 3:44:39 AM",3.584,52.5,100,1,2024-03-24T08:44:39.000Z
"3/24/2024, 3:49:39 AM",3.584,52.3,100,1,2024-03-24T08:49:39.000Z
"3/24/2024, 3:54:39 AM",3.585,52.3,100,1,2024-03-24T08:54:39.000Z
"3/24/2024, 3:59:39 AM",3.584,52.3,100,1,2024-03-24T08:59:39.000Z
"3/24/2024, 4:04:39 AM",3.584,52.3,100,1,2024-03-24T09:04:39.000Z
"3/24/2024, 4:09:39 AM",3.584,52.5,100,1,2024-03-24T09:09:39.000Z
"3/24/2024, 4:14:39 AM",3.584,52.3,100,1,2024-03-24T09:14:39.000Z
"3/24/2024, 4:19:39 AM",3.584,52.3,100,1,2024-03-24T09:19:39.000Z
"3/24/2024, 4:24:39 AM",3.584,52.3,100,1,2024-03-24T09:24:39.000Z
"3/24/2024, 4:29:39 AM",3.584,52.3,100,1,2024-03-24T09:29:39.000Z
"3/24/2024, 4:34:39 AM",3.584,52.3,100,1,2024-03-24T09:34:39.000Z
"3/24/2024, 4:39:39 AM",3.584,52.3,100,1,2024-03-24T09:39:39.000Z
"3/24/2024, 4:44:39 AM",3.584,52.3,100,1,2024-03-24T09:44:39.000Z
"3/24/2024, 4:49:39 AM",3.584,52.3,100,1,2024-03-24T09:49:39.000Z
"3/24/2024, 4:54:39 AM",3.584,52.3,100,1,2024-03-24T09:54:39.000Z
"3/24/2024, 4:59:39 AM",3.584,52.5,100,1,2024-03-24T09:59:39.000Z
"3/24/2024, 5:04:39 AM",3.583,52.5,100,1,2024-03-24T10:04:39.000Z
"3/24/2024, 5:09:39 AM",3.583,52.7,100,1,2024-03-24T10:09:39.000Z
"3/24/2024, 5:14:39 AM",3.584,52.7,100,1,2024-03-24T10:14:39.000Z
"3/24/2024, 5:19:39 AM",3.583,52.9,100,1,2024-03-24T10:19:39.000Z
"3/24/2024, 5:24:39 AM",3.584,52.9,100,1,2024-03-24T10:24:39.000Z
"3/24/2024, 5:29:39 AM",3.584,53.1,100,1,2024-03-24T10:29:39.000Z
"3/24/2024, 5:34:39 AM",3.583,53.1,100,1,2024-03-24T10:34:39.000Z
"3/24/2024, 5:39:39 AM",3.584,53.1,100,1,2024-03-24T10:39:39.000Z
"3/24/2024, 5:44:39 AM",3.584,53.1,100,1,2024-03-24T10:44:39.000Z
"3/24/2024, 5:49:39 AM",3.584,52.9,100,1,2024-03-24T10:49:39.000Z
"3/24/2024, 5:54:39 AM",3.583,52.9,100,1,2024-03-24T10:54:39.000Z
"3/24/2024, 5:59:39 AM",3.584,52.9,100,1,2024-03-24T10:59:39.000Z
"3/24/2024, 6:04:39 AM",3.584,52.7,100,1,2024-03-24T11:04:39.000Z
"3/24/2024, 6:09:39 AM",3.583,52.7,100,1,2024-03-24T11:09:39.000Z
"3/24/2024, 6:14:39 AM",3.584,52.9,100,1,2024-03-24T11:14:39.000Z
"3/24/2024, 6:19:39 AM",3.584,52.9,100,1,2024-03-24T11:19:39.000Z
"3/24/2024, 6:24:39 AM",3.584,52.9,100,1,2024-03-24T11:24:39.000Z
"3/24/2024, 6:29:39 AM",3.584,53.1,100,1,2024-03-24T11:29:39.000Z
"3/24/2024, 6:34:39 AM",3.583,53.1,100,1,2024-03-24T11:34:39.000Z
"3/24/2024, 6:39:39 AM",3.583,53.1,100,1,2024-03-24T11:39:39.000Z
"3/24/2024, 6:44:39 AM",3.583,53.2,100,1,2024-03-24T11:44:39.000Z
"3/24/2024, 6:49:39 AM",3.583,53.4,100,1,2024-03-24T11:49:39.000Z
"3/24/2024, 6:54:39 AM",3.584,53.4,100,1,2024-03-24T11:54:39.000Z
"3/24/2024, 6:59:39 AM",3.583,53.8,100,1,2024-03-24T11:59:39.000Z
"3/24/2024, 7:04:39 AM",3.583,54.1,100,1,2024-03-24T12:04:39.000Z
"3/24/2024, 7:09:39 AM",3.583,54.5,100,1,2024-03-24T12:09:39.000Z
"3/24/2024, 7:14:39 AM",3.584,55,100,1,2024-03-24T12:14:39.000Z
"3/24/2024, 7:19:39 AM",3.583,55.2,100,1,2024-03-24T12:19:39.000Z
"3/24/2024, 7:24:39 AM",3.584,55.4,100,1,2024-03-24T12:24:39.000Z
"3/24/2024, 7:29:39 AM",3.584,55.4,100,1,2024-03-24T12:29:39.000Z
"3/24/2024, 7:34:39 AM",3.584,55.6,100,1,2024-03-24T12:34:39.000Z
"3/24/2024, 7:39:39 AM",3.583,55.4,100,1,2024-03-24T12:39:39.000Z
"3/24/2024, 7:44:39 AM",3.584,55.6,100,1,2024-03-24T12:44:39.000Z
"3/24/2024, 7:49:39 AM",3.584,55.6,100,1,2024-03-24T12:49:39.000Z
"3/24/2024, 7:54:39 AM",3.584,55.8,100,0,2024-03-24T12:54:39.000Z
"3/24/2024, 7:59:39 AM",3.584,55.9,100,1,2024-03-24T12:59:39.000Z
"3/24/2024, 8:04:39 AM",3.584,56.1,100,1,2024-03-24T13:04:39.000Z
"3/24/2024, 8:09:39 AM",3.584,56.3,100,0,2024-03-24T13:09:39.000Z
"3/24/2024, 8:14:39 AM",3.584,56.5,100,1,2024-03-24T13:14:39.000Z
"3/24/2024, 8:19:39 AM",3.584,56.7,100,0,2024-03-24T13:19:39.000Z
"3/24/2024, 8:24:39 AM",3.584,56.8,100,0,2024-03-24T13:24:39.000Z
"3/24/2024, 8:29:39 AM",3.585,57,100,1,2024-03-24T13:29:39.000Z
"3/24/2024, 8:34:39 AM",3.585,57.2,100,0,2024-03-24T13:34:39.000Z
"3/24/2024, 8:39:39 AM",3.584,57.4,100,0,2024-03-24T13:39:39.000Z
"3/24/2024, 8:44:39 AM",3.584,57.6,100,0,2024-03-24T13:44:39.000Z
"3/24/2024, 8:49:39 AM",3.584,57.9,100,0,2024-03-24T13:49:39.000Z
"3/24/2024, 8:54:39 AM",3.584,58.3,100,0,2024-03-24T13:54:39.000Z
"3/24/2024, 8:59:39 AM",3.585,58.5,100,0,2024-03-24T13:59:39.000Z
"3/24/2024, 9:04:39 AM",3.585,58.6,100,0,2024-03-24T14:04:39.000Z
"3/24/2024, 9:09:39 AM",3.585,59,100,0,2024-03-24T14:09:39.000Z
"3/24/2024, 9:14:39 AM",3.585,59.4,100,0,2024-03-24T14:14:39.000Z
"3/24/2024, 9:19:39 AM",3.585,59.9,100,0,2024-03-24T14:19:39.000Z
"3/24/2024, 9:24:39 AM",3.585,60.4,100,0,2024-03-24T14:24:39.000Z
"3/24/2024, 9:29:39 AM",3.585,61,100,0,2024-03-24T14:29:39.000Z
"3/24/2024, 9:34:39 AM",3.585,61.5,100,0,2024-03-24T14:34:39.000Z
"3/24/2024, 9:39:39 AM",3.585,61.9,100,0,2024-03-24T14:39:39.000Z
"3/24/2024, 9:44:39 AM",3.586,62.4,100,0,2024-03-24T14:44:39.000Z
"3/24/2024, 9:49:39 AM",3.586,62.8,100,0,2024-03-24T14:49:39.000Z
"3/24/2024, 9:54:39 AM",3.586,63.3,100,0,2024-03-24T14:54:39.000Z
"3/24/2024, 9:59:39 AM",3.586,63.9,100,0,2024-03-24T14:59:39.000Z
"3/24/2024, 10:04:39 AM",3.586,64,100,0,2024-03-24T15:04:39.000Z
"3/24/2024, 10:09:39 AM",3.586,64,100,0,2024-03-24T15:09:39.000Z
"3/24/2024, 10:14:39 AM",3.586,64.4,100,0,2024-03-24T15:14:39.000Z
"3/24/2024, 10:19:39 AM",3.586,64.8,100,0,2024-03-24T15:19:39.000Z
"3/24/2024, 10:24:39 AM",3.586,65.1,100,0,2024-03-24T15:24:39.000Z
"3/24/2024, 10:29:39 AM",3.586,65.5,100,0,2024-03-24T15:29:39.000Z
"3/24/2024, 10:34:39 AM",3.586,66,100,0,2024-03-24T15:34:39.000Z
"3/24/2024, 10:39:39 AM",3.587,66.6,100,0,2024-03-24T15:39:39.000Z
"3/24/2024, 10:44:39 AM",3.587,67.3,100,0,2024-03-24T15:44:39.000Z
"3/24/2024, 10:49:39 AM",3.587,67.6,100,0,2024-03-24T15:49:39.000Z
"3/24/2024, 10:54:39 AM",3.587,68.2,100,0,2024-03-24T15:54:39.000Z
"3/24/2024, 10:59:39 AM",3.587,68.4,100,0,2024-03-24T15:59:39.000Z
"3/24/2024, 11:04:39 AM",3.587,68.7,100,0,2024-03-24T16:04:39.000Z
"3/24/2024, 11:09:39 AM",3.587,69.1,100,0,2024-03-24T16:09:39.000Z
"3/24/2024, 11:14:39 AM",3.587,69.4,100,0,2024-03-24T16:14:39.000Z
"3/24/2024, 11:19:39 AM",3.588,69.8,100,0,2024-03-24T16:19:39.000Z
"3/24/2024, 11:24:39 AM",3.588,70,100,0,2024-03-24T16:24:39.000Z
"3/24/2024, 11:29:39 AM",3.588,70.2,100,0,2024-03-24T16:29:39.000Z
"3/24/2024, 11:34:39 AM",3.588,70.5,100,0,2024-03-24T16:34:39.000Z
"3/24/2024, 11:39:39 AM",3.588,70.9,100,0,2024-03-24T16:39:39.000Z
"3/24/2024, 11:44:39 AM",3.588,71.1,100,0,2024-03-24T16:44:39.000Z
"3/24/2024, 11:49:39 AM",3.588,71.2,100,0,2024-03-24T16:49:39.000Z
"3/24/2024, 11:54:39 AM",3.588,71.4,100,0,2024-03-24T16:54:39.000Z
"3/24/2024, 11:59:39 AM",3.588,71.8,100,0,2024-03-24T16:59:39.000Z
"3/24/2024, 12:04:39 PM",3.589,72,100,0,2024-03-24T17:04:39.000Z
"3/24/2024, 12:09:39 PM",3.589,72.1,100,0,2024-03-24T17:09:39.000Z
"3/24/2024, 12:14:39 PM",3.588,72.1,100,0,2024-03-24T17:14:39.000Z
"3/24/2024, 12:19:39 PM",3.588,72.3,100,0,2024-03-24T17:19:39.000Z
"3/24/2024, 12:24:39 PM",3.589,72.5,100,0,2024-03-24T17:24:39.000Z
"3/24/2024, 12:29:39 PM",3.589,72.7,100,0,2024-03-24T17:29:39.000Z
"3/24/2024, 12:34:39 PM",3.589,72.7,100,0,2024-03-24T17:34:39.000Z
"3/24/2024, 12:39:39 PM",3.589,72.9,100,0,2024-03-24T17:39:39.000Z
"3/24/2024, 12:44:39 PM",3.589,73.2,100,0,2024-03-24T17:44:39.000Z
"3/24/2024, 12:49:39 PM",3.589,73.4,100,0,2024-03-24T17:49:39.000Z
"3/24/2024, 12:54:39 PM",3.589,73.8,100,0,2024-03-24T17:54:39.000Z
"3/24/2024, 12:59:39 PM",3.589,73.8,100,0,2024-03-24T17:59:39.000Z
"3/24/2024, 1:04:39 PM",3.59,73.9,100,0,2024-03-24T18:04:39.000Z
"3/24/2024, 1:09:39 PM",3.59,74.1,100,0,2024-03-24T18:09:39.000Z
"3/24/2024, 1:14:39 PM",3.59,74.1,100,0,2024-03-24T18:14:39.000Z
"3/24/2024, 1:19:39 PM",3.589,74.3,100,0,2024-03-24T18:19:39.000Z
"3/24/2024, 1:24:39 PM",3.589,74.3,100,0,2024-03-24T18:24:39.000Z
"3/24/2024, 1:29:39 PM",3.59,74.5,100,0,2024-03-24T18:29:39.000Z
"3/24/2024, 1:34:39 PM",3.59,74.5,100,0,2024-03-24T18:34:39.000Z
"3/24/2024, 1:39:39 PM",3.59,74.7,100,0,2024-03-24T18:39:39.000Z
"3/24/2024, 1:44:39 PM",3.59,74.8,100,0,2024-03-24T18:44:39.000Z
"3/24/2024, 1:49:39 PM",3.59,74.7,100,0,2024-03-24T18:49:39.000Z
"3/24/2024, 1:54:39 PM",3.59,74.7,100,0,2024-03-24T18:54:39.000Z
"3/24/2024, 1:59:39 PM",3.59,74.8,100,0,2024-03-24T18:59:39.000Z
"3/24/2024, 2:04:39 PM",3.591,75,100,0,2024-03-24T19:04:39.000Z
"3/24/2024, 2:09:39 PM",3.59,75.2,100,0,2024-03-24T19:09:39.000Z
"3/24/2024, 2:14:39 PM",3.59,75.2,100,0,2024-03-24T19:14:39.000Z
"3/24/2024, 2:19:39 PM",3.59,75.2,100,0,2024-03-24T19:19:39.000Z
"3/24/2024, 2:24:39 PM",3.59,75.2,100,0,2024-03-24T19:24:39.000Z
"3/24/2024, 2:29:39 PM",3.591,75.4,100,0,2024-03-24T19:29:39.000Z
"3/24/2024, 2:34:39 PM",3.591,75.6,100,0,2024-03-24T19:34:39.000Z
"3/24/2024, 2:39:39 PM",3.59,75.9,100,0,2024-03-24T19:39:39.000Z
"3/24/2024, 2:44:39 PM",3.59,76.1,100,0,2024-03-24T19:44:39.000Z
"3/24/2024, 2:49:39 PM",3.59,76.1,100,0,2024-03-24T19:49:39.000Z
"3/24/2024, 2:54:39 PM",3.59,76.1,100,0,2024-03-24T19:54:39.000Z
"3/24/2024, 2:59:39 PM",3.591,75.9,100,0,2024-03-24T19:59:39.000Z
"3/24/2024, 3:04:39 PM",3.59,75.9,100,0,2024-03-24T20:04:39.000Z
"3/24/2024, 3:09:39 PM",3.591,75.9,100,0,2024-03-24T20:09:39.000Z
"3/24/2024, 3:14:39 PM",3.591,76.1,100,0,2024-03-24T20:14:39.000Z
"3/24/2024, 3:19:39 PM",3.591,76.1,100,0,2024-03-24T20:19:39.000Z
"3/24/2024, 3:24:39 PM",3.591,76.3,100,0,2024-03-24T20:24:39.000Z
"3/24/2024, 3:29:39 PM",3.591,76.3,100,0,2024-03-24T20:29:39.000Z
"3/24/2024, 3:34:39 PM",3.591,76.5,100,0,2024-03-24T20:34:39.000Z
"3/24/2024, 3:39:39 PM",3.591,76.5,100,0,2024-03-24T20:39:39.000Z
"3/24/2024, 3:44:39 PM",3.591,76.5,100,0,2024-03-24T20:44:39.000Z
"3/24/2024, 3:49:39 PM",3.591,76.5,100,0,2024-03-24T20:49:39.000Z
"3/24/2024, 3:54:39 PM",3.591,76.5,100,0,2024-03-24T20:54:39.000Z
"3/24/2024, 3:59:39 PM",3.592,76.3,100,0,2024-03-24T20:59:39.000Z
"3/24/2024, 4:04:39 PM",3.592,76.3,100,0,2024-03-24T21:04:39.000Z
"3/24/2024, 4:09:39 PM",3.592,76.1,100,0,2024-03-24T21:09:39.000Z
"3/24/2024, 4:14:39 PM",3.592,75.9,100,0,2024-03-24T21:14:39.000Z
"3/24/2024, 4:19:39 PM",3.591,75.7,100,0,2024-03-24T21:19:39.000Z
"3/24/2024, 4:24:39 PM",3.592,75.7,100,0,2024-03-24T21:24:39.000Z
"3/24/2024, 4:29:39 PM",3.592,75.4,100,0,2024-03-24T21:29:39.000Z
"3/24/2024, 4:34:39 PM",3.592,74.8,100,0,2024-03-24T21:34:39.000Z
"3/24/2024, 4:39:39 PM",3.592,74.7,100,0,2024-03-24T21:39:39.000Z
"3/24/2024, 4:44:39 PM",3.592,74.8,100,0,2024-03-24T21:44:39.000Z
"3/24/2024, 4:49:39 PM",3.592,75,100,0,2024-03-24T21:49:39.000Z
"3/24/2024, 4:54:39 PM",3.592,75,100,0,2024-03-24T21:54:39.000Z
"3/24/2024, 4:59:39 PM",3.591,74.7,100,0,2024-03-24T21:59:39.000Z
"3/24/2024, 5:04:39 PM",3.592,74.3,100,0,2024-03-24T22:04:39.000Z
"3/24/2024, 5:09:39 PM",3.592,73.8,100,0,2024-03-24T22:09:39.000Z
"3/24/2024, 5:14:39 PM",3.592,73.2,100,0,2024-03-24T22:14:39.000Z
"3/24/2024, 5:19:39 PM",3.592,72.7,100,0,2024-03-24T22:19:39.000Z
"3/24/2024, 5:24:39 PM",3.592,72.1,100,0,2024-03-24T22:24:39.000Z
"3/24/2024, 5:29:39 PM",3.593,71.8,100,0,2024-03-24T22:29:39.000Z
"3/24/2024, 5:34:39 PM",3.592,71.4,100,0,2024-03-24T22:34:39.000Z
"3/24/2024, 5:39:39 PM",3.592,71.1,100,0,2024-03-24T22:39:39.000Z
"3/24/2024, 5:44:39 PM",3.593,70.5,100,0,2024-03-24T22:44:39.000Z
"3/24/2024, 5:49:39 PM",3.593,70.2,100,0,2024-03-24T22:49:39.000Z
"3/24/2024, 5:54:39 PM",3.593,69.6,100,0,2024-03-24T22:54:39.000Z
"3/24/2024, 5:59:39 PM",3.593,69.3,100,0,2024-03-24T22:59:39.000Z
"3/24/2024, 6:04:39 PM",3.593,68.9,100,0,2024-03-24T23:04:39.000Z
"3/24/2024, 6:09:39 PM",3.593,68.5,100,0,2024-03-24T23:09:39.000Z
"3/24/2024, 6:14:39 PM",3.593,68.2,100,0,2024-03-24T23:14:39.000Z
"3/24/2024, 6:19:39 PM",3.593,67.8,100,0,2024-03-24T23:19:39.000Z
"3/24/2024, 6:24:39 PM",3.593,67.3,100,0,2024-03-24T23:24:39.000Z
"3/24/2024, 6:29:39 PM",3.593,66.7,100,0,2024-03-24T23:29:39.000Z
"3/24/2024, 6:34:39 PM",3.593,66.2,100,0,2024-03-24T23:34:39.000Z
"3/24/2024, 6:39:39 PM",3.593,65.8,100,0,2024-03-24T23:39:39.000Z
"3/24/2024, 6:44:39 PM",3.593,65.1,100,0,2024-03-24T23:44:39.000Z
"3/24/2024, 6:49:39 PM",3.593,64.8,100,0,2024-03-24T23:49:39.000Z
"3/24/2024, 6:54:39 PM",3.593,64.2,100,0,2024-03-24T23:54:39.000Z
"3/24/2024, 6:59:39 PM",3.593,63.9,100,0,2024-03-24T23:59:39.000Z
"3/24/2024, 7:04:39 PM",3.593,63.5,100,0,2024-03-25T00:04:39.000Z
"3/24/2024, 7:09:39 PM",3.593,63,100,0,2024-03-25T00:09:39.000Z
"3/24/2024, 7:14:39 PM",3.592,62.8,100,0,2024-03-25T00:14:39.000Z
"3/24/2024, 7:19:39 PM",3.592,62.4,100,0,2024-03-25T00:19:39.000Z
"3/24/2024, 7:24:39 PM",3.593,62.4,100,0,2024-03-25T00:24:39.000Z
"3/24/2024, 7:29:39 PM",3.592,62.2,100,0,2024-03-25T00:29:39.000Z
"3/24/2024, 7:34:39 PM",3.592,62.1,100,0,2024-03-25T00:34:39.000Z
"3/24/2024, 7:39:39 PM",3.592,61.9,100,0,2024-03-25T00:39:39.000Z
"3/24/2024, 7:44:39 PM",3.592,61.7,100,0,2024-03-25T00:44:39.000Z
"3/24/2024, 7:49:39 PM",3.592,61.7,100,0,2024-03-25T00:49:39.000Z
"3/24/2024, 7:54:39 PM",3.591,61.7,100,0,2024-03-25T00:54:39.000Z
"3/24/2024, 7:59:39 PM",3.591,61.7,100,0,2024-03-25T00:59:39.000Z
"3/24/2024, 8:04:39 PM",3.591,61.7,100,0,2024-03-25T01:04:39.000Z
"3/24/2024, 8:09:39 PM",3.591,61.7,100,0,2024-03-25T01:09:39.000Z
"3/24/2024, 8:14:39 PM",3.591,61.7,100,0,2024-03-25T01:14:39.000Z
"3/24/2024, 8:19:39 PM",3.591,61.7,100,0,2024-03-25T01:19:39.000Z
"3/24/2024, 8:24:39 PM",3.591,61.7,100,0,2024-03-25T01:24:39.000Z
"3/24/2024, 8:29:39 PM",3.591,61.7,100,0,2024-03-25T01:29:39.000Z
"3/24/2024, 8:34:39 PM",3.591,61.7,100,0,2024-03-25T01:34:39.000Z
"3/24/2024, 8:39:39 PM",3.591,61.5,100,1,2024-03-25T01:39:39.000Z
"3/24/2024, 8:44:39 PM",3.591,61.5,100,1,2024-03-25T01:44:39.000Z
"3/24/2024, 8:49:39 PM",3.591,61.5,100,1,2024-03-25T01:49:39.000Z
"3/24/2024, 8:54:39 PM",3.591,61.7,100,1,2024-03-25T01:54:39.000Z
"3/24/2024, 8:59:39 PM",3.591,61.7,100,1,2024-03-25T01:59:39.000Z
"3/24/2024, 9:04:39 PM",3.59,61.7,100,1,2024-03-25T02:04:39.000Z
"3/24/2024, 9:09:39 PM",3.59,61.7,100,1,2024-03-25T02:09:39.000Z
"3/24/2024, 9:14:39 PM",3.591,61.5,100,1,2024-03-25T02:14:39.000Z
"3/24/2024, 9:19:39 PM",3.59,61.7,100,1,2024-03-25T02:19:39.000Z
"3/24/2024, 9:24:39 PM",3.591,61.7,100,1,2024-03-25T02:24:39.000Z
"3/24/2024, 9:29:39 PM",3.59,61.5,100,1,2024-03-25T02:29:39.000Z
"3/24/2024, 9:34:39 PM",3.59,61.7,100,1,2024-03-25T02:34:39.000Z
"3/24/2024, 9:39:39 PM",3.59,61.7,100,1,2024-03-25T02:39:39.000Z
"3/24/2024, 9:44:39 PM",3.59,61.5,100,1,2024-03-25T02:44:39.000Z
"3/24/2024, 9:49:39 PM",3.59,61.7,100,1,2024-03-25T02:49:39.000Z
"3/24/2024, 9:54:39 PM",3.59,61.5,100,1,2024-03-25T02:54:39.000Z
"3/24/2024, 9:59:39 PM",3.59,61.5,100,1,2024-03-25T02:59:39.000Z
"3/24/2024, 10:04:39 PM",3.59,61.5,100,1,2024-03-25T03:04:39.000Z
"3/24/2024, 10:09:39 PM",3.59,61.5,100,1,2024-03-25T03:09:39.000Z
"3/24/2024, 10:14:39 PM",3.59,61.3,100,1,2024-03-25T03:14:39.000Z
"3/24/2024, 10:19:39 PM",3.59,61.3,100,1,2024-03-25T03:19:39.000Z
"3/24/2024, 10:24:39 PM",3.59,61.3,100,1,2024-03-25T03:24:39.000Z
"3/24/2024, 10:29:39 PM",3.59,61.3,100,1,2024-03-25T03:29:39.000Z
"3/24/2024, 10:34:39 PM",3.59,61.2,100,1,2024-03-25T03:34:39.000Z
"3/24/2024, 10:39:39 PM",3.59,61,100,1,2024-03-25T03:39:39.000Z
"3/24/2024, 10:44:39 PM",3.59,60.8,100,1,2024-03-25T03:44:39.000Z
"3/24/2024, 10:49:39 PM",3.59,60.6,100,1,2024-03-25T03:49:39.000Z
"3/24/2024, 10:54:39 PM",3.59,60.4,100,1,2024-03-25T03:54:39.000Z
"3/24/2024, 10:59:39 PM",3.59,60.3,100,1,2024-03-25T03:59:39.000Z
"3/24/2024, 11:04:39 PM",3.59,59.9,100,1,2024-03-25T04:04:39.000Z
"3/24/2024, 11:09:39 PM",3.59,59.7,100,1,2024-03-25T04:09:39.000Z
"3/24/2024, 11:14:39 PM",3.59,59.5,100,1,2024-03-25T04:14:39.000Z
"3/24/2024, 11:19:39 PM",3.59,59.4,100,0,2024-03-25T04:19:39.000Z
"3/24/2024, 11:24:39 PM",3.59,59.2,100,1,2024-03-25T04:24:39.000Z
"3/24/2024, 11:29:39 PM",3.59,59,100,1,2024-03-25T04:29:39.000Z
"3/24/2024, 11:34:39 PM",3.589,59,100,1,2024-03-25T04:34:39.000Z
"3/24/2024, 11:39:39 PM",3.59,58.8,100,1,2024-03-25T04:39:39.000Z
"3/24/2024, 11:44:39 PM",3.589,58.6,100,1,2024-03-25T04:44:39.000Z
"3/24/2024, 11:49:39 PM",3.589,58.6,100,0,2024-03-25T04:49:39.000Z
"3/24/2024, 11:54:39 PM",3.589,58.5,100,1,2024-03-25T04:54:39.000Z
"3/24/2024, 11:59:39 PM",3.589,58.5,100,1,2024-03-25T04:59:39.000Z
"3/25/2024, 12:04:39 AM",3.589,58.5,100,1,2024-03-25T05:04:39.000Z
"3/25/2024, 12:09:39 AM",3.589,58.5,100,1,2024-03-25T05:09:39.000Z
"3/25/2024, 12:14:39 AM",3.589,58.5,100,1,2024-03-25T05:14:39.000Z
"3/25/2024, 12:19:39 AM",3.589,58.5,100,1,2024-03-25T05:19:39.000Z
"3/25/2024, 12:24:39 AM",3.589,58.5,100,1,2024-03-25T05:24:39.000Z
"3/25/2024, 12:29:39 AM",3.589,58.5,100,1,2024-03-25T05:29:39.000Z
"3/25/2024, 12:34:39 AM",3.589,58.5,100,1,2024-03-25T05:34:39.000Z
"3/25/2024, 12:39:39 AM",3.589,58.5,100,1,2024-03-25T05:39:39.000Z
"3/25/2024, 12:44:39 AM",3.588,58.3,100,1,2024-03-25T05:44:39.000Z
"3/25/2024, 12:49:39 AM",3.589,58.3,100,1,2024-03-25T05:49:39.000Z
"3/25/2024, 12:54:39 AM",3.589,58.3,100,1,2024-03-25T05:54:39.000Z
"3/25/2024, 12:59:39 AM",3.589,58.3,100,1,2024-03-25T05:59:39.000Z
"3/25/2024, 1:04:39 AM",3.588,58.5,100,1,2024-03-25T06:04:39.000Z
"3/25/2024, 1:09:39 AM",3.589,58.6,100,1,2024-03-25T06:09:39.000Z
"3/25/2024, 1:14:39 AM",3.588,58.8,100,1,2024-03-25T06:14:39.000Z
"3/25/2024, 1:19:39 AM",3.589,58.8,100,1,2024-03-25T06:19:39.000Z
"3/25/2024, 1:24:39 AM",3.588,59,100,1,2024-03-25T06:24:39.000Z
"3/25/2024, 1:29:39 AM",3.588,59,100,1,2024-03-25T06:29:39.000Z
"3/25/2024, 1:34:39 AM",3.588,59,100,1,2024-03-25T06:34:39.000Z
"3/25/2024, 1:39:39 AM",3.588,59,100,1,2024-03-25T06:39:39.000Z
"3/25/2024, 1:44:39 AM",3.589,59.2,100,1,2024-03-25T06:44:39.000Z
"3/25/2024, 1:49:39 AM",3.588,59.2,100,1,2024-03-25T06:49:39.000Z
"3/25/2024, 1:54:39 AM",3.588,59.2,100,1,2024-03-25T06:54:39.000Z
"3/25/2024, 1:59:39 AM",3.589,59.2,100,1,2024-03-25T06:59:39.000Z
"3/25/2024, 2:04:39 AM",3.589,59.2,100,1,2024-03-25T07:04:39.000Z
"3/25/2024, 2:09:39 AM",3.588,59,100,1,2024-03-25T07:09:39.000Z
"3/25/2024, 2:14:39 AM",3.588,59,100,1,2024-03-25T07:14:39.000Z
"3/25/2024, 2:19:39 AM",3.588,59,100,1,2024-03-25T07:19:39.000Z
"3/25/2024, 2:24:39 AM",3.588,59,100,1,2024-03-25T07:24:39.000Z
"3/25/2024, 2:29:39 AM",3.589,58.8,100,1,2024-03-25T07:29:39.000Z
"3/25/2024, 2:34:39 AM",3.588,58.6,100,1,2024-03-25T07:34:39.000Z
"3/25/2024, 2:39:39 AM",3.589,58.5,100,1,2024-03-25T07:39:39.000Z
"3/25/2024, 2:44:39 AM",3.588,58.5,100,0,2024-03-25T07:44:39.000Z
"3/25/2024, 2:49:39 AM",3.588,58.3,100,1,2024-03-25T07:49:39.000Z
"3/25/2024, 2:54:39 AM",3.588,58.3,100,1,2024-03-25T07:54:39.000Z
"3/25/2024, 2:59:39 AM",3.588,58.1,100,1,2024-03-25T07:59:39.000Z
"3/25/2024, 3:04:39 AM",3.588,58.1,100,1,2024-03-25T08:04:39.000Z
"3/25/2024, 3:09:39 AM",3.589,58.1,100,1,2024-03-25T08:09:39.000Z
"3/25/2024, 3:14:39 AM",3.588,58.1,100,1,2024-03-25T08:14:39.000Z
"3/25/2024, 3:19:39 AM",3.588,58.3,100,1,2024-03-25T08:19:39.000Z
"3/25/2024, 3:24:39 AM",3.588,58.1,100,1,2024-03-25T08:24:39.000Z
"3/25/2024, 3:29:39 AM",3.588,58.1,100,1,2024-03-25T08:29:39.000Z
"3/25/2024, 3:34:39 AM",3.588,58.1,100,1,2024-03-25T08:34:39.000Z
"3/25/2024, 3:39:39 AM",3.588,57.9,100,1,2024-03-25T08:39:39.000Z
"3/25/2024, 3:44:39 AM",3.588,57.7,100,1,2024-03-25T08:44:39.000Z
"3/25/2024, 3:49:39 AM",3.588,57.7,100,1,2024-03-25T08:49:39.000Z
"3/25/2024, 3:54:39 AM",3.588,57.7,100,1,2024-03-25T08:54:39.000Z
"3/25/2024, 3:59:39 AM",3.588,57.9,100,1,2024-03-25T08:59:39.000Z
"3/25/2024, 4:04:39 AM",3.588,57.9,100,1,2024-03-25T09:04:39.000Z
"3/25/2024, 4:09:39 AM",3.588,57.9,100,1,2024-03-25T09:09:39.000Z
"3/25/2024, 4:14:39 AM",3.588,57.9,100,1,2024-03-25T09:14:39.000Z
"3/25/2024, 4:19:39 AM",3.588,57.7,100,1,2024-03-25T09:19:39.000Z
"3/25/2024, 4:24:39 AM",3.588,57.7,100,1,2024-03-25T09:24:39.000Z
"3/25/2024, 4:29:39 AM",3.588,57.7,100,1,2024-03-25T09:29:39.000Z
"3/25/2024, 4:34:39 AM",3.588,57.7,100,1,2024-03-25T09:34:39.000Z
"3/25/2024, 4:39:39 AM",3.588,57.7,100,1,2024-03-25T09:39:39.000Z
"3/25/2024, 4:44:39 AM",3.588,57.9,100,1,2024-03-25T09:44:39.000Z
"3/25/2024, 4:49:39 AM",3.588,57.9,100,1,2024-03-25T09:49:39.000Z
"3/25/2024, 4:54:39 AM",3.587,57.9,100,1,2024-03-25T09:54:39.000Z
"3/25/2024, 4:59:39 AM",3.588,58.1,100,1,2024-03-25T09:59:39.000Z
"3/25/2024, 5:04:39 AM",3.588,58.1,100,1,2024-03-25T10:04:39.000Z
"3/25/2024, 5:09:39 AM",3.588,58.1,100,1,2024-03-25T10:09:39.000Z
"3/25/2024, 5:14:39 AM",3.588,58.1,100,1,2024-03-25T10:14:39.000Z
"3/25/2024, 5:19:39 AM",3.588,58.1,100,1,2024-03-25T10:19:39.000Z
"3/25/2024, 5:24:39 AM",3.588,57.9,100,1,2024-03-25T10:24:39.000Z
"3/25/2024, 5:29:39 AM",3.588,57.9,100,1,2024-03-25T10:29:39.000Z
"3/25/2024, 5:34:39 AM",3.588,58.1,100,1,2024-03-25T10:34:39.000Z
"3/25/2024, 5:39:39 AM",3.588,58.1,100,1,2024-03-25T10:39:39.000Z
"3/25/2024, 5:44:39 AM",3.587,58.1,100,1,2024-03-25T10:44:39.000Z
"3/25/2024, 5:49:39 AM",3.588,58.1,100,1,2024-03-25T10:49:39.000Z
"3/25/2024, 5:54:39 AM",3.588,58.1,100,1,2024-03-25T10:54:39.000Z
"3/25/2024, 5:59:39 AM",3.588,58.1,100,1,2024-03-25T10:59:39.000Z
"3/25/2024, 6:04:39 AM",3.588,58.1,100,1,2024-03-25T11:04:39.000Z
"3/25/2024, 6:09:39 AM",3.588,58.1,100,1,2024-03-25T11:09:39.000Z
"3/25/2024, 6:14:39 AM",3.588,58.3,100,1,2024-03-25T11:14:39.000Z
"3/25/2024, 6:19:39 AM",3.587,58.3,100,1,2024-03-25T11:19:39.000Z
"3/25/2024, 6:24:39 AM",3.588,58.5,100,1,2024-03-25T11:24:39.000Z
"3/25/2024, 6:29:39 AM",3.588,58.5,100,1,2024-03-25T11:29:39.000Z
"3/25/2024, 6:34:39 AM",3.588,58.5,100,1,2024-03-25T11:34:39.000Z
"3/25/2024, 6:39:39 AM",3.588,58.6,100,1,2024-03-25T11:39:39.000Z
"3/25/2024, 6:44:39 AM",3.588,58.8,100,1,2024-03-25T11:44:39.000Z
"3/25/2024, 6:49:39 AM",3.587,59,100,1,2024-03-25T11:49:39.000Z
"3/25/2024, 6:54:39 AM",3.587,59.2,100,1,2024-03-25T11:54:39.000Z
"3/25/2024, 6:59:39 AM",3.588,59.4,100,1,2024-03-25T11:59:39.000Z
"3/25/2024, 7:04:39 AM",3.588,59.7,100,1,2024-03-25T12:04:39.000Z
"3/25/2024, 7:09:39 AM",3.588,60.1,100,1,2024-03-25T12:09:39.000Z
"3/25/2024, 7:14:39 AM",3.588,60.3,100,1,2024-03-25T12:14:39.000Z
"3/25/2024, 7:19:39 AM",3.588,60.6,100,1,2024-03-25T12:19:39.000Z
"3/25/2024, 7:24:39 AM",3.588,60.8,100,1,2024-03-25T12:24:39.000Z
"3/25/2024, 7:29:39 AM",3.588,61.2,100,1,2024-03-25T12:29:39.000Z
"3/25/2024, 7:34:39 AM",3.588,61.3,100,1,2024-03-25T12:34:39.000Z
"3/25/2024, 7:39:39 AM",3.588,61.5,100,1,2024-03-25T12:39:39.000Z
"3/25/2024, 7:44:39 AM",3.588,61.7,100,1,2024-03-25T12:44:39.000Z
"3/25/2024, 7:49:39 AM",3.588,61.7,100,1,2024-03-25T12:49:39.000Z
"3/25/2024, 7:54:39 AM",3.588,61.9,100,1,2024-03-25T12:54:39.000Z
"3/25/2024, 7:59:39 AM",3.588,61.9,100,1,2024-03-25T12:59:39.000Z
"3/25/2024, 8:04:39 AM",3.588,62.1,100,1,2024-03-25T13:04:39.000Z
"3/25/2024, 8:09:39 AM",3.588,62.1,100,1,2024-03-25T13:09:39.000Z
"3/25/2024, 8:14:39 AM",3.588,62.1,100,1,2024-03-25T13:14:39.000Z
"3/25/2024, 8:19:39 AM",3.588,62.2,100,1,2024-03-25T13:19:39.000Z
"3/25/2024, 8:24:39 AM",3.589,62.2,100,1,2024-03-25T13:24:39.000Z
"3/25/2024, 8:29:39 AM",3.588,62.4,100,1,2024-03-25T13:29:39.000Z
"3/25/2024, 8:34:39 AM",3.588,62.8,100,1,2024-03-25T13:34:39.000Z
"3/25/2024, 8:39:39 AM",3.588,63.1,100,0,2024-03-25T13:39:39.000Z
"3/25/2024, 8:44:39 AM",3.588,63.5,100,1,2024-03-25T13:44:39.000Z
"3/25/2024, 8:49:39 AM",3.589,63.9,100,1,2024-03-25T13:49:39.000Z
"3/25/2024, 8:54:39 AM",3.588,64,100,0,2024-03-25T13:54:39.000Z
"3/25/2024, 8:59:39 AM",3.589,64.2,100,1,2024-03-25T13:59:39.000Z
"3/25/2024, 9:04:39 AM",3.589,64.6,100,1,2024-03-25T14:04:39.000Z
"3/25/2024, 9:09:39 AM",3.589,64.8,100,0,2024-03-25T14:09:39.000Z
"3/25/2024, 9:14:39 AM",3.589,64.9,100,0,2024-03-25T14:14:39.000Z
"3/25/2024, 9:19:39 AM",3.589,65.1,100,1,2024-03-25T14:19:39.000Z
"3/25/2024, 9:24:39 AM",3.589,65.3,100,0,2024-03-25T14:24:39.000Z
"3/25/2024, 9:29:39 AM",3.589,65.7,100,0,2024-03-25T14:29:39.000Z
"3/25/2024, 9:34:39 AM",3.589,65.8,100,0,2024-03-25T14:34:39.000Z
"3/25/2024, 9:39:39 AM",3.589,66,100,0,2024-03-25T14:39:39.000Z
"3/25/2024, 9:44:39 AM",3.589,66,100,0,2024-03-25T14:44:39.000Z
"3/25/2024, 9:49:39 AM",3.59,66.2,100,0,2024-03-25T14:49:39.000Z
"3/25/2024, 9:54:39 AM",3.589,66.4,100,0,2024-03-25T14:54:39.000Z
"3/25/2024, 9:59:39 AM",3.589,66.7,100,0,2024-03-25T14:59:39.000Z
"3/25/2024, 10:04:39 AM",3.589,67.3,100,0,2024-03-25T15:04:39.000Z
"3/25/2024, 10:09:39 AM",3.589,67.8,100,0,2024-03-25T15:09:39.000Z
"3/25/2024, 10:14:39 AM",3.589,68.4,100,0,2024-03-25T15:14:39.000Z
"3/25/2024, 10:19:39 AM",3.589,69.1,100,0,2024-03-25T15:19:39.000Z
"3/25/2024, 10:24:39 AM",3.589,69.8,100,0,2024-03-25T15:24:39.000Z
"3/25/2024, 10:29:39 AM",3.589,70.3,100,0,2024-03-25T15:29:39.000Z
"3/25/2024, 10:34:39 AM",3.589,70.7,100,0,2024-03-25T15:34:39.000Z
"3/25/2024, 10:39:39 AM",3.589,71.1,100,0,2024-03-25T15:39:39.000Z
"3/25/2024, 10:44:39 AM",3.59,71.2,100,0,2024-03-25T15:44:39.000Z
"3/25/2024, 10:49:39 AM",3.589,71.8,100,0,2024-03-25T15:49:39.000Z
"3/25/2024, 10:54:39 AM",3.589,72.1,100,0,2024-03-25T15:54:39.000Z
"3/25/2024, 10:59:39 AM",3.589,72.5,100,0,2024-03-25T15:59:39.000Z
"3/25/2024, 11:04:39 AM",3.589,73,100,0,2024-03-25T16:04:39.000Z
"3/25/2024, 11:09:39 AM",3.59,73.9,100,0,2024-03-25T16:09:39.000Z
"3/25/2024, 11:14:39 AM",3.589,74.5,100,0,2024-03-25T16:14:39.000Z
"3/25/2024, 11:19:39 AM",3.589,74.7,100,0,2024-03-25T16:19:39.000Z
"3/25/2024, 11:24:39 AM",3.589,75,100,0,2024-03-25T16:24:39.000Z
"3/25/2024, 11:29:39 AM",3.59,75.2,100,0,2024-03-25T16:29:39.000Z
"3/25/2024, 11:34:39 AM",3.589,75.4,100,0,2024-03-25T16:34:39.000Z
"3/25/2024, 11:39:39 AM",3.59,75.6,100,0,2024-03-25T16:39:39.000Z
"3/25/2024, 11:44:39 AM",3.589,75.9,100,0,2024-03-25T16:44:39.000Z
"3/25/2024, 11:49:39 AM",3.59,76.5,100,0,2024-03-25T16:49:39.000Z
"3/25/2024, 11:54:39 AM",3.589,77,100,0,2024-03-25T16:54:39.000Z
"3/25/2024, 11:59:39 AM",3.589,77.5,100,0,2024-03-25T16:59:39.000Z
"3/25/2024, 12:04:39 PM",3.589,77.9,100,0,2024-03-25T17:04:39.000Z
"3/25/2024, 12:09:39 PM",3.589,78.3,100,0,2024-03-25T17:09:39.000Z
"3/25/2024, 12:14:39 PM",3.589,78.3,100,0,2024-03-25T17:14:39.000Z
"3/25/2024, 12:19:39 PM",3.589,78.6,100,0,2024-03-25T17:19:39.000Z
"3/25/2024, 12:24:39 PM",3.59,78.8,100,0,2024-03-25T17:24:39.000Z
"3/25/2024, 12:29:39 PM",3.589,79,100,0,2024-03-25T17:29:39.000Z
"3/25/2024, 12:34:39 PM",3.589,79.3,100,0,2024-03-25T17:34:39.000Z
"3/25/2024, 12:39:39 PM",3.589,79.5,100,0,2024-03-25T17:39:39.000Z
"3/25/2024, 12:44:39 PM",3.589,79.5,100,0,2024-03-25T17:44:39.000Z
"3/25/2024, 12:49:39 PM",3.589,79.5,100,0,2024-03-25T17:49:39.000Z
"3/25/2024, 12:54:39 PM",3.589,79.5,100,0,2024-03-25T17:54:39.000Z
"3/25/2024, 12:59:39 PM",3.589,79.7,100,0,2024-03-25T17:59:39.000Z
"3/25/2024, 1:04:39 PM",3.589,80.1,100,0,2024-03-25T18:04:39.000Z
"3/25/2024, 1:09:39 PM",3.588,80.6,100,0,2024-03-25T18:09:39.000Z
"3/25/2024, 1:14:39 PM",3.588,81.3,100,0,2024-03-25T18:14:39.000Z
"3/25/2024, 1:19:39 PM",3.587,81.7,100,0,2024-03-25T18:19:39.000Z
"3/25/2024, 1:24:39 PM",3.587,81.9,100,0,2024-03-25T18:24:39.000Z
"3/25/2024, 1:29:39 PM",3.587,81.7,100,0,2024-03-25T18:29:39.000Z
"3/25/2024, 1:34:39 PM",3.588,81.5,100,0,2024-03-25T18:34:39.000Z
"3/25/2024, 1:39:39 PM",3.588,81.9,100,0,2024-03-25T18:39:39.000Z
"3/25/2024, 1:44:39 PM",3.588,82.2,100,0,2024-03-25T18:44:39.000Z
"3/25/2024, 1:49:39 PM",3.588,82.4,100,0,2024-03-25T18:49:39.000Z
"3/25/2024, 1:54:39 PM",3.588,82.6,100,0,2024-03-25T18:54:39.000Z
"3/25/2024, 1:59:39 PM",3.588,82.6,100,0,2024-03-25T18:59:39.000Z
"3/25/2024, 2:04:39 PM",3.588,82.9,100,0,2024-03-25T19:04:39.000Z
"3/25/2024, 2:09:39 PM",3.588,82.8,100,0,2024-03-25T19:09:39.000Z
"3/25/2024, 2:14:39 PM",3.588,82.6,100,0,2024-03-25T19:14:39.000Z
"3/25/2024, 2:19:39 PM",3.589,82.4,100,0,2024-03-25T19:19:39.000Z
"3/25/2024, 2:24:39 PM",3.588,82.4,100,0,2024-03-25T19:24:39.000Z
"3/25/2024, 2:29:39 PM",3.588,82.4,100,0,2024-03-25T19:29:39.000Z
"3/25/2024, 2:34:39 PM",3.589,82.8,100,0,2024-03-25T19:34:39.000Z
"3/25/2024, 2:39:39 PM",3.588,83.3,100,0,2024-03-25T19:39:39.000Z
"3/25/2024, 2:44:39 PM",3.587,83.8,100,0,2024-03-25T19:44:39.000Z
"3/25/2024, 2:49:39 PM",3.587,84,100,0,2024-03-25T19:49:39.000Z
"3/25/2024, 2:54:39 PM",3.587,84.4,100,0,2024-03-25T19:54:39.000Z
"3/25/2024, 2:59:39 PM",3.587,84.7,100,0,2024-03-25T19:59:39.000Z
"3/25/2024, 3:04:39 PM",3.588,84.9,100,0,2024-03-25T20:04:39.000Z
"3/25/2024, 3:09:39 PM",3.587,85.1,100,0,2024-03-25T20:09:39.000Z
"3/25/2024, 3:14:39 PM",3.587,85.1,100,0,2024-03-25T20:14:39.000Z
"3/25/2024, 3:19:39 PM",3.587,85.3,100,0,2024-03-25T20:19:39.000Z
"3/25/2024, 3:24:39 PM",3.588,85.1,100,0,2024-03-25T20:24:39.000Z
"3/25/2024, 3:29:39 PM",3.588,85.3,100,0,2024-03-25T20:29:39.000Z
"3/25/2024, 3:34:39 PM",3.588,85.3,100,0,2024-03-25T20:34:39.000Z
"3/25/2024, 3:39:39 PM",3.588,85.5,100,0,2024-03-25T20:39:39.000Z
"3/25/2024, 3:44:39 PM",3.588,85.5,100,0,2024-03-25T20:44:39.000Z
"3/25/2024, 3:49:39 PM",3.588,85.5,100,0,2024-03-25T20:49:39.000Z
"3/25/2024, 3:54:39 PM",3.588,85.5,100,0,2024-03-25T20:54:39.000Z
"3/25/2024, 3:59:39 PM",3.588,85.8,100,0,2024-03-25T20:59:39.000Z
"3/25/2024, 4:04:39 PM",3.588,86,100,0,2024-03-25T21:04:39.000Z
"3/25/2024, 4:09:39 PM",3.588,86.2,100,0,2024-03-25T21:09:39.000Z
"3/25/2024, 4:14:39 PM",3.588,86.4,100,0,2024-03-25T21:14:39.000Z
"3/25/2024, 4:19:39 PM",3.589,86.4,100,0,2024-03-25T21:19:39.000Z
"3/25/2024, 4:24:39 PM",3.588,86.4,100,0,2024-03-25T21:24:39.000Z
"3/25/2024, 4:29:39 PM",3.588,86.4,100,0,2024-03-25T21:29:39.000Z
"3/25/2024, 4:34:39 PM",3.588,86.4,100,0,2024-03-25T21:34:39.000Z
"3/25/2024, 4:39:39 PM",3.588,86,100,0,2024-03-25T21:39:39.000Z
"3/25/2024, 4:44:39 PM",3.589,84.9,100,0,2024-03-25T21:44:39.000Z
"3/25/2024, 4:49:39 PM",3.589,84,100,0,2024-03-25T21:49:39.000Z
"3/25/2024, 4:54:39 PM",3.59,82.9,100,0,2024-03-25T21:54:39.000Z
"3/25/2024, 4:59:39 PM",3.589,82.2,100,0,2024-03-25T21:59:39.000Z
"3/25/2024, 5:04:39 PM",3.59,81.5,100,0,2024-03-25T22:04:39.000Z
"3/25/2024, 5:09:39 PM",3.591,81.1,100,0,2024-03-25T22:09:39.000Z
"3/25/2024, 5:14:39 PM",3.591,80.6,100,0,2024-03-25T22:14:39.000Z
"3/25/2024, 5:19:39 PM",3.591,80.2,100,0,2024-03-25T22:19:39.000Z
"3/25/2024, 5:24:39 PM",3.591,79.9,100,0,2024-03-25T22:24:39.000Z
"3/25/2024, 5:29:39 PM",3.591,79.7,100,0,2024-03-25T22:29:39.000Z
"3/25/2024, 5:34:39 PM",3.591,79.3,100,0,2024-03-25T22:34:39.000Z
"3/25/2024, 5:39:39 PM",3.591,79,100,0,2024-03-25T22:39:39.000Z
"3/25/2024, 5:44:39 PM",3.591,78.4,100,0,2024-03-25T22:44:39.000Z
"3/25/2024, 5:49:39 PM",3.592,78.1,100,0,2024-03-25T22:49:39.000Z
"3/25/2024, 5:54:39 PM",3.592,77.5,100,0,2024-03-25T22:54:39.000Z
"3/25/2024, 5:59:39 PM",3.592,77,100,0,2024-03-25T22:59:39.000Z
"3/25/2024, 6:04:39 PM",3.591,76.6,100,0,2024-03-25T23:04:39.000Z
"3/25/2024, 6:09:39 PM",3.592,76.1,100,0,2024-03-25T23:09:39.000Z
"3/25/2024, 6:14:39 PM",3.592,75.6,100,0,2024-03-25T23:14:39.000Z
"3/25/2024, 6:19:39 PM",3.592,75,100,0,2024-03-25T23:19:39.000Z
"3/25/2024, 6:24:39 PM",3.592,74.7,100,0,2024-03-25T23:24:39.000Z
"3/25/2024, 6:29:39 PM",3.592,74.3,100,0,2024-03-25T23:29:39.000Z
"3/25/2024, 6:34:39 PM",3.592,73.8,100,0,2024-03-25T23:34:39.000Z
"3/25/2024, 6:39:39 PM",3.593,73.4,100,0,2024-03-25T23:39:39.000Z
"3/25/2024, 6:44:39 PM",3.592,73,100,0,2024-03-25T23:44:39.000Z
"3/25/2024, 6:49:39 PM",3.593,72.7,100,0,2024-03-25T23:49:39.000Z
"3/25/2024, 6:54:39 PM",3.592,72.3,100,0,2024-03-25T23:54:39.000Z
"3/25/2024, 6:59:39 PM",3.593,72,100,0,2024-03-25T23:59:39.000Z
"3/25/2024, 7:04:39 PM",3.593,71.6,100,0,2024-03-26T00:04:39.000Z
"3/25/2024, 7:09:39 PM",3.593,71.2,100,0,2024-03-26T00:09:39.000Z
"3/25/2024, 7:14:39 PM",3.593,71.1,100,0,2024-03-26T00:14:39.000Z
"3/25/2024, 7:19:39 PM",3.593,70.9,100,0,2024-03-26T00:19:39.000Z
"3/25/2024, 7:24:39 PM",3.593,70.5,100,0,2024-03-26T00:24:39.000Z
"3/25/2024, 7:29:39 PM",3.593,70.3,100,0,2024-03-26T00:29:39.000Z
"3/25/2024, 7:34:39 PM",3.593,70.2,100,0,2024-03-26T00:34:39.000Z
"3/25/2024, 7:39:39 PM",3.593,70,100,0,2024-03-26T00:39:39.000Z
"3/25/2024, 7:44:39 PM",3.592,70,100,0,2024-03-26T00:44:39.000Z
"3/25/2024, 7:49:39 PM",3.593,69.8,100,0,2024-03-26T00:49:39.000Z
"3/25/2024, 7:54:39 PM",3.592,69.6,100,0,2024-03-26T00:54:39.000Z
"3/25/2024, 7:59:39 PM",3.593,69.4,100,0,2024-03-26T00:59:39.000Z
"3/25/2024, 8:04:39 PM",3.593,69.4,100,0,2024-03-26T01:04:39.000Z
"3/25/2024, 8:09:39 PM",3.593,69.3,100,0,2024-03-26T01:09:39.000Z
"3/25/2024, 8:14:39 PM",3.593,69.1,100,0,2024-03-26T01:14:39.000Z
"3/25/2024, 8:19:39 PM",3.593,69.1,100,0,2024-03-26T01:19:39.000Z
"3/25/2024, 8:24:39 PM",3.593,69.1,100,0,2024-03-26T01:24:39.000Z
"3/25/2024, 8:29:39 PM",3.592,68.9,100,0,2024-03-26T01:29:39.000Z
"3/25/2024, 8:34:39 PM",3.592,68.9,100,0,2024-03-26T01:34:39.000Z
"3/25/2024, 8:39:39 PM",3.593,68.9,100,0,2024-03-26T01:39:39.000Z
"3/25/2024, 8:44:39 PM",3.593,68.9,100,0,2024-03-26T01:44:39.000Z
"3/25/2024, 8:49:39 PM",3.592,68.7,100,0,2024-03-26T01:49:39.000Z
"3/25/2024, 8:54:39 PM",3.592,68.7,100,0,2024-03-26T01:54:39.000Z
"3/25/2024, 8:59:39 PM",3.592,68.7,100,0,2024-03-26T01:59:39.000Z
"3/25/2024, 9:04:39 PM",3.593,68.5,100,0,2024-03-26T02:04:39.000Z
"3/25/2024, 9:09:39 PM",3.592,68.5,100,0,2024-03-26T02:09:39.000Z
"3/25/2024, 9:14:39 PM",3.592,68.5,100,0,2024-03-26T02:14:39.000Z
"3/25/2024, 9:19:39 PM",3.592,68.5,100,0,2024-03-26T02:19:39.000Z
"3/25/2024, 9:24:39 PM",3.592,68.4,100,0,2024-03-26T02:24:39.000Z
"3/25/2024, 9:29:39 PM",3.592,68.4,100,0,2024-03-26T02:29:39.000Z
"3/25/2024, 9:34:39 PM",3.592,68.4,100,0,2024-03-26T02:34:39.000Z
"3/25/2024, 9:39:39 PM",3.592,68.4,100,0,2024-03-26T02:39:39.000Z
"3/25/2024, 9:44:39 PM",3.592,68.4,100,0,2024-03-26T02:44:39.000Z
"3/25/2024, 9:49:39 PM",3.592,68.4,100,0,2024-03-26T02:49:39.000Z
"3/25/2024, 9:54:39 PM",3.592,68.4,100,0,2024-03-26T02:54:39.000Z
"3/25/2024, 9:59:39 PM",3.592,68.4,100,0,2024-03-26T02:59:39.000Z
"3/25/2024, 10:04:39 PM",3.592,68.4,100,0,2024-03-26T03:04:39.000Z
"3/25/2024, 10:09:39 PM",3.592,68.4,100,0,2024-03-26T03:09:39.000Z
"3/25/2024, 10:14:39 PM",3.592,68.4,100,0,2024-03-26T03:14:39.000Z
"3/25/2024, 10:19:39 PM",3.592,68.4,100,0,2024-03-26T03:19:39.000Z
"3/25/2024, 10:24:39 PM",3.591,68.4,100,0,2024-03-26T03:24:39.000Z
"3/25/2024, 10:29:39 PM",3.592,68.5,100,0,2024-03-26T03:29:39.000Z
"3/25/2024, 10:34:39 PM",3.592,68.5,100,0,2024-03-26T03:34:39.000Z
"3/25/2024, 10:39:39 PM",3.592,68.5,100,0,2024-03-26T03:39:39.000Z
"3/25/2024, 10:44:39 PM",3.592,68.7,100,0,2024-03-26T03:44:39.000Z
"3/25/2024, 10:49:39 PM",3.592,68.7,100,0,2024-03-26T03:49:39.000Z
"3/25/2024, 10:54:39 PM",3.592,68.7,100,0,2024-03-26T03:54:39.000Z
"3/25/2024, 10:59:39 PM",3.591,68.7,100,0,2024-03-26T03:59:39.000Z
"3/25/2024, 11:04:39 PM",3.592,68.7,100,0,2024-03-26T04:04:39.000Z
"3/25/2024, 11:09:39 PM",3.592,68.5,100,0,2024-03-26T04:09:39.000Z
"3/25/2024, 11:14:39 PM",3.592,68.5,100,0,2024-03-26T04:14:39.000Z
"3/25/2024, 11:19:39 PM",3.591,68.4,100,0,2024-03-26T04:19:39.000Z
"3/25/2024, 11:24:39 PM",3.592,68.4,100,0,2024-03-26T04:24:39.000Z
"3/25/2024, 11:29:39 PM",3.592,68.4,100,0,2024-03-26T04:29:39.000Z
"3/25/2024, 11:34:39 PM",3.591,68.2,100,0,2024-03-26T04:34:39.000Z
"3/25/2024, 11:39:39 PM",3.591,68,100,0,2024-03-26T04:39:39.000Z
"3/25/2024, 11:44:39 PM",3.592,67.8,100,0,2024-03-26T04:44:39.000Z
"3/25/2024, 11:49:39 PM",3.592,67.8,100,0,2024-03-26T04:49:39.000Z
"3/25/2024, 11:54:39 PM",3.592,67.8,100,0,2024-03-26T04:54:39.000Z
"3/25/2024, 11:59:39 PM",3.592,67.8,100,0,2024-03-26T04:59:39.000Z
"3/26/2024, 12:04:39 AM",3.592,67.8,100,0,2024-03-26T05:04:39.000Z
"3/26/2024, 12:09:39 AM",3.592,67.8,100,0,2024-03-26T05:09:39.000Z
"3/26/2024, 12:14:39 AM",3.592,67.8,100,0,2024-03-26T05:14:39.000Z
"3/26/2024, 12:19:39 AM",3.592,67.8,100,0,2024-03-26T05:19:39.000Z
"3/26/2024, 12:24:39 AM",3.591,67.8,100,0,2024-03-26T05:24:39.000Z
"3/26/2024, 12:29:39 AM",3.592,67.6,100,0,2024-03-26T05:29:39.000Z
"3/26/2024, 12:34:39 AM",3.592,67.6,100,0,2024-03-26T05:34:39.000Z
"3/26/2024, 12:39:39 AM",3.592,67.5,100,0,2024-03-26T05:39:39.000Z
"3/26/2024, 12:44:39 AM",3.591,67.3,100,0,2024-03-26T05:44:39.000Z
"3/26/2024, 12:49:39 AM",3.592,67.3,100,0,2024-03-26T05:49:39.000Z
"3/26/2024, 12:54:39 AM",3.592,67.3,100,0,2024-03-26T05:54:39.000Z
"3/26/2024, 12:59:39 AM",3.592,67.3,100,0,2024-03-26T05:59:39.000Z
"3/26/2024, 1:04:39 AM",3.592,67.1,100,0,2024-03-26T06:04:39.000Z
"3/26/2024, 1:09:39 AM",3.592,66.9,100,0,2024-03-26T06:09:39.000Z
"3/26/2024, 1:14:39 AM",3.592,66.7,100,0,2024-03-26T06:14:39.000Z
"3/26/2024, 1:19:39 AM",3.592,66.4,100,0,2024-03-26T06:19:39.000Z
"3/26/2024, 1:24:39 AM",3.591,66.2,100,0,2024-03-26T06:24:39.000Z
"3/26/2024, 1:29:39 AM",3.592,66,100,0,2024-03-26T06:29:39.000Z
"3/26/2024, 1:34:39 AM",3.592,65.7,100,0,2024-03-26T06:34:39.000Z
"3/26/2024, 1:39:39 AM",3.592,65.7,100,0,2024-03-26T06:39:39.000Z
"3/26/2024, 1:44:39 AM",3.591,65.5,100,0,2024-03-26T06:44:39.000Z
"3/26/2024, 1:49:39 AM",3.591,65.7,100,0,2024-03-26T06:49:39.000Z
"3/26/2024, 1:54:39 AM",3.591,65.7,100,0,2024-03-26T06:54:39.000Z
"3/26/2024, 1:59:39 AM",3.592,65.8,100,0,2024-03-26T06:59:39.000Z
"3/26/2024, 2:04:39 AM",3.591,65.8,100,0,2024-03-26T07:04:39.000Z
"3/26/2024, 2:09:39 AM",3.591,65.7,100,0,2024-03-26T07:09:39.000Z
"3/26/2024, 2:14:39 AM",3.591,65.3,100,0,2024-03-26T07:14:39.000Z
"3/26/2024, 2:19:39 AM",3.591,65.1,100,0,2024-03-26T07:19:39.000Z
"3/26/2024, 2:24:39 AM",3.591,64.8,100,0,2024-03-26T07:24:39.000Z
"3/26/2024, 2:29:39 AM",3.591,64.6,100,0,2024-03-26T07:29:39.000Z
"3/26/2024, 2:34:39 AM",3.591,64.4,100,0,2024-03-26T07:34:39.000Z
"3/26/2024, 2:39:39 AM",3.591,64.2,100,0,2024-03-26T07:39:39.000Z
"3/26/2024, 2:44:39 AM",3.591,64,100,0,2024-03-26T07:44:39.000Z
"3/26/2024, 2:49:39 AM",3.591,64,100,0,2024-03-26T07:49:39.000Z
"3/26/2024, 2:54:39 AM",3.591,63.7,100,0,2024-03-26T07:54:39.000Z
"3/26/2024, 2:59:39 AM",3.591,63.7,100,0,2024-03-26T07:59:39.000Z
"3/26/2024, 3:04:39 AM",3.592,63.5,100,0,2024-03-26T08:04:39.000Z
"3/26/2024, 3:09:39 AM",3.591,63.5,100,0,2024-03-26T08:09:39.000Z
"3/26/2024, 3:14:39 AM",3.591,63.3,100,0,2024-03-26T08:14:39.000Z
"3/26/2024, 3:19:39 AM",3.591,63.3,100,0,2024-03-26T08:19:39.000Z
"3/26/2024, 3:24:39 AM",3.591,63.1,100,0,2024-03-26T08:24:39.000Z
"3/26/2024, 3:29:39 AM",3.591,63.1,100,0,2024-03-26T08:29:39.000Z
"3/26/2024, 3:34:39 AM",3.59,63,100,0,2024-03-26T08:34:39.000Z
"3/26/2024, 3:39:39 AM",3.591,63,100,0,2024-03-26T08:39:39.000Z
"3/26/2024, 3:44:39 AM",3.591,62.8,100,0,2024-03-26T08:44:39.000Z
"3/26/2024, 3:49:39 AM",3.591,62.8,100,0,2024-03-26T08:49:39.000Z
"3/26/2024, 3:54:39 AM",3.591,62.6,100,0,2024-03-26T08:54:39.000Z
"3/26/2024, 3:59:39 AM",3.591,62.6,100,0,2024-03-26T08:59:39.000Z
"3/26/2024, 4:04:39 AM",3.591,62.6,100,0,2024-03-26T09:04:39.000Z
"3/26/2024, 4:09:39 AM",3.591,62.4,100,0,2024-03-26T09:09:39.000Z
"3/26/2024, 4:14:39 AM",3.591,62.4,100,0,2024-03-26T09:14:39.000Z
"3/26/2024, 4:19:39 AM",3.591,62.4,100,0,2024-03-26T09:19:39.000Z
"3/26/2024, 4:24:39 AM",3.591,62.4,100,0,2024-03-26T09:24:39.000Z
"3/26/2024, 4:29:39 AM",3.59,62.4,100,0,2024-03-26T09:29:39.000Z
"3/26/2024, 4:34:39 AM",3.591,62.2,100,0,2024-03-26T09:34:39.000Z
"3/26/2024, 4:39:39 AM",3.59,62.2,100,0,2024-03-26T09:39:39.000Z
"3/26/2024, 4:44:39 AM",3.59,62.4,100,0,2024-03-26T09:44:39.000Z
"3/26/2024, 4:49:39 AM",3.59,62.4,100,0,2024-03-26T09:49:39.000Z
"3/26/2024, 4:54:39 AM",3.59,62.4,100,0,2024-03-26T09:54:39.000Z
"3/26/2024, 4:59:39 AM",3.59,62.4,100,0,2024-03-26T09:59:39.000Z
"3/26/2024, 5:04:39 AM",3.59,62.4,100,0,2024-03-26T10:04:39.000Z
"3/26/2024, 5:09:39 AM",3.59,62.4,100,0,2024-03-26T10:09:39.000Z
"3/26/2024, 5:14:39 AM",3.59,62.4,100,0,2024-03-26T10:14:39.000Z
"3/26/2024, 5:19:39 AM",3.591,62.2,100,0,2024-03-26T10:19:39.000Z
"3/26/2024, 5:24:39 AM",3.59,62.2,100,0,2024-03-26T10:24:39.000Z
"3/26/2024, 5:29:39 AM",3.59,62.2,100,0,2024-03-26T10:29:39.000Z
"3/26/2024, 5:34:39 AM",3.59,62.2,100,0,2024-03-26T10:34:39.000Z
"3/26/2024, 5:39:39 AM",3.59,62.2,100,0,2024-03-26T10:39:39.000Z
"3/26/2024, 5:44:39 AM",3.59,62.4,100,0,2024-03-26T10:44:39.000Z
"3/26/2024, 5:49:39 AM",3.59,62.4,100,0,2024-03-26T10:49:39.000Z
"3/26/2024, 5:54:39 AM",3.59,62.6,100,0,2024-03-26T10:54:39.000Z
"3/26/2024, 5:59:39 AM",3.59,62.6,100,0,2024-03-26T10:59:39.000Z
"3/26/2024, 6:04:39 AM",3.59,62.8,100,0,2024-03-26T11:04:39.000Z
"3/26/2024, 6:09:39 AM",3.59,62.8,100,0,2024-03-26T11:09:39.000Z
"3/26/2024, 6:14:39 AM",3.59,62.8,100,0,2024-03-26T11:14:39.000Z
"3/26/2024, 6:19:39 AM",3.59,62.8,100,0,2024-03-26T11:19:39.000Z
"3/26/2024, 6:24:39 AM",3.59,62.8,100,0,2024-03-26T11:24:39.000Z
"3/26/2024, 6:29:39 AM",3.59,62.8,100,0,2024-03-26T11:29:39.000Z
"3/26/2024, 6:34:39 AM",3.59,62.8,100,0,2024-03-26T11:34:39.000Z
"3/26/2024, 6:39:39 AM",3.59,63,100,0,2024-03-26T11:39:39.000Z
"3/26/2024, 6:44:39 AM",3.59,63,100,0,2024-03-26T11:44:39.000Z
"3/26/2024, 6:49:39 AM",3.59,63,100,0,2024-03-26T11:49:39.000Z
"3/26/2024, 6:54:39 AM",3.59,63,100,0,2024-03-26T11:54:39.000Z
"3/26/2024, 6:59:39 AM",3.59,63,100,0,2024-03-26T11:59:39.000Z
"3/26/2024, 7:04:39 AM",3.59,63,100,0,2024-03-26T12:04:39.000Z
"3/26/2024, 7:09:39 AM",3.59,63.1,100,0,2024-03-26T12:09:39.000Z
"3/26/2024, 7:14:39 AM",3.59,63.1,100,0,2024-03-26T12:14:39.000Z
"3/26/2024, 7:19:39 AM",3.59,63.1,100,0,2024-03-26T12:19:39.000Z
"3/26/2024, 7:24:39 AM",3.59,63.3,100,0,2024-03-26T12:24:39.000Z
"3/26/2024, 7:29:39 AM",3.59,63.5,100,0,2024-03-26T12:29:39.000Z
"3/26/2024, 7:34:39 AM",3.59,63.5,100,0,2024-03-26T12:34:39.000Z
"3/26/2024, 7:39:39 AM",3.59,63.7,100,0,2024-03-26T12:39:39.000Z
"3/26/2024, 7:44:39 AM",3.589,63.7,100,0,2024-03-26T12:44:39.000Z
"3/26/2024, 7:49:39 AM",3.59,63.9,100,0,2024-03-26T12:49:39.000Z
"3/26/2024, 7:54:39 AM",3.59,64,100,0,2024-03-26T12:54:39.000Z
"3/26/2024, 7:59:39 AM",3.59,64.2,100,0,2024-03-26T12:59:39.000Z
"3/26/2024, 8:04:39 AM",3.59,64.2,100,0,2024-03-26T13:04:39.000Z
"3/26/2024, 8:09:39 AM",3.59,64.4,100,0,2024-03-26T13:09:39.000Z
"3/26/2024, 8:14:39 AM",3.59,64.4,100,0,2024-03-26T13:14:39.000Z
"3/26/2024, 8:19:39 AM",3.59,64.6,100,0,2024-03-26T13:19:39.000Z
"3/26/2024, 8:24:39 AM",3.59,64.6,100,0,2024-03-26T13:24:39.000Z
"3/26/2024, 8:29:39 AM",3.59,64.6,100,0,2024-03-26T13:29:39.000Z
"3/26/2024, 8:34:39 AM",3.59,64.6,100,0,2024-03-26T13:34:39.000Z
"3/26/2024, 8:39:39 AM",3.59,64.6,100,0,2024-03-26T13:39:39.000Z
"3/26/2024, 8:44:39 AM",3.59,64.8,100,0,2024-03-26T13:44:39.000Z
"3/26/2024, 8:49:39 AM",3.59,64.8,100,0,2024-03-26T13:49:39.000Z
"3/26/2024, 8:54:39 AM",3.59,64.8,100,0,2024-03-26T13:54:39.000Z
"3/26/2024, 8:59:39 AM",3.59,64.8,100,0,2024-03-26T13:59:39.000Z
"3/26/2024, 9:04:39 AM",3.589,64.8,100,0,2024-03-26T14:04:39.000Z
"3/26/2024, 9:09:39 AM",3.59,64.8,100,0,2024-03-26T14:09:39.000Z
"3/26/2024, 9:14:39 AM",3.59,64.6,100,0,2024-03-26T14:14:39.000Z
"3/26/2024, 9:19:39 AM",3.59,64.6,100,0,2024-03-26T14:19:39.000Z
"3/26/2024, 9:24:39 AM",3.59,64.6,100,0,2024-03-26T14:24:39.000Z
"3/26/2024, 9:29:39 AM",3.59,64.6,100,0,2024-03-26T14:29:39.000Z
"3/26/2024, 9:34:39 AM",3.59,64.6,100,0,2024-03-26T14:34:39.000Z
"3/26/2024, 9:39:39 AM",3.59,64.6,100,0,2024-03-26T14:39:39.000Z
"3/26/2024, 9:44:39 AM",3.59,64.8,100,0,2024-03-26T14:44:39.000Z
"3/26/2024, 9:49:39 AM",3.59,64.8,100,0,2024-03-26T14:49:39.000Z
"3/26/2024, 9:54:39 AM",3.59,65.1,100,0,2024-03-26T14:54:39.000Z
"3/26/2024, 9:59:39 AM",3.59,65.3,100,0,2024-03-26T14:59:39.000Z
"3/26/2024, 10:04:39 AM",3.59,65.3,100,0,2024-03-26T15:04:39.000Z
"3/26/2024, 10:09:39 AM",3.59,65.5,100,0,2024-03-26T15:09:39.000Z
"3/26/2024, 10:14:39 AM",3.59,65.7,100,0,2024-03-26T15:14:39.000Z
"3/26/2024, 10:19:39 AM",3.59,65.7,100,0,2024-03-26T15:19:39.000Z
"3/26/2024, 10:24:39 AM",3.59,65.8,100,0,2024-03-26T15:24:39.000Z
"3/26/2024, 10:29:39 AM",3.59,66,100,0,2024-03-26T15:29:39.000Z
"3/26/2024, 10:34:39 AM",3.59,66.2,100,0,2024-03-26T15:34:39.000Z
"3/26/2024, 10:39:39 AM",3.59,66.4,100,0,2024-03-26T15:39:39.000Z
"3/26/2024, 10:44:39 AM",3.59,66.6,100,0,2024-03-26T15:44:39.000Z
"3/26/2024, 10:49:39 AM",3.59,66.7,100,0,2024-03-26T15:49:39.000Z
"3/26/2024, 10:54:39 AM",3.59,66.7,100,0,2024-03-26T15:54:39.000Z
"3/26/2024, 10:59:39 AM",3.59,66.7,100,0,2024-03-26T15:59:39.000Z
"3/26/2024, 11:04:39 AM",3.59,66.9,100,0,2024-03-26T16:04:39.000Z
"3/26/2024, 11:09:39 AM",3.59,67.1,100,0,2024-03-26T16:09:39.000Z
"3/26/2024, 11:14:39 AM",3.59,67.3,100,0,2024-03-26T16:14:39.000Z
"3/26/2024, 11:19:39 AM",3.59,67.5,100,0,2024-03-26T16:19:39.000Z
"3/26/2024, 11:24:39 AM",3.59,67.5,100,0,2024-03-26T16:24:39.000Z
"3/26/2024, 11:29:39 AM",3.59,67.6,100,0,2024-03-26T16:29:39.000Z
"3/26/2024, 11:34:39 AM",3.59,67.8,100,0,2024-03-26T16:34:39.000Z
"3/26/2024, 11:39:39 AM",3.59,68,100,0,2024-03-26T16:39:39.000Z
"3/26/2024, 11:44:39 AM",3.59,68,100,0,2024-03-26T16:44:39.000Z
"3/26/2024, 11:49:39 AM",3.591,68.2,100,0,2024-03-26T16:49:39.000Z
"3/26/2024, 11:54:39 AM",3.59,68.4,100,0,2024-03-26T16:54:39.000Z
"3/26/2024, 11:59:39 AM",3.59,68.9,100,0,2024-03-26T16:59:39.000Z
"3/26/2024, 12:04:39 PM",3.59,69.3,100,0,2024-03-26T17:04:39.000Z
"3/26/2024, 12:09:39 PM",3.59,69.8,100,0,2024-03-26T17:09:39.000Z
"3/26/2024, 12:14:39 PM",3.59,70.2,100,0,2024-03-26T17:14:39.000Z
"3/26/2024, 12:19:39 PM",3.59,70.3,100,0,2024-03-26T17:19:39.000Z
"3/26/2024, 12:24:39 PM",3.589,70.3,100,0,2024-03-26T17:24:39.000Z
"3/26/2024, 12:29:39 PM",3.59,70.2,100,0,2024-03-26T17:29:39.000Z
"3/26/2024, 12:34:39 PM",3.59,70,100,0,2024-03-26T17:34:39.000Z
"3/26/2024, 12:39:39 PM",3.59,69.6,100,0,2024-03-26T17:39:39.000Z
"3/26/2024, 12:44:39 PM",3.59,69.4,100,0,2024-03-26T17:44:39.000Z
"3/26/2024, 12:49:39 PM",3.591,69.3,100,0,2024-03-26T17:49:39.000Z
"3/26/2024, 12:54:39 PM",3.59,69.1,100,0,2024-03-26T17:54:39.000Z
"3/26/2024, 12:59:39 PM",3.591,69.1,100,0,2024-03-26T17:59:39.000Z
"3/26/2024, 1:04:39 PM",3.591,69.1,100,0,2024-03-26T18:04:39.000Z
"3/26/2024, 1:09:39 PM",3.59,69.1,100,0,2024-03-26T18:09:39.000Z
"3/26/2024, 1:14:39 PM",3.59,69.1,100,0,2024-03-26T18:14:39.000Z
"3/26/2024, 1:19:39 PM",3.591,69.1,100,0,2024-03-26T18:19:39.000Z
"3/26/2024, 1:24:39 PM",3.59,69.3,100,0,2024-03-26T18:24:39.000Z
"3/26/2024, 1:29:39 PM",3.59,69.4,100,0,2024-03-26T18:29:39.000Z
"3/26/2024, 1:34:39 PM",3.59,69.8,100,0,2024-03-26T18:34:39.000Z
"3/26/2024, 1:39:39 PM",3.59,70.2,100,0,2024-03-26T18:39:39.000Z
"3/26/2024, 1:44:39 PM",3.59,70.3,100,0,2024-03-26T18:44:39.000Z
"3/26/2024, 1:49:39 PM",3.59,70.7,100,0,2024-03-26T18:49:39.000Z
"3/26/2024, 1:54:39 PM",3.59,70.7,100,0,2024-03-26T18:54:39.000Z
"3/26/2024, 1:59:39 PM",3.59,71.1,100,0,2024-03-26T18:59:39.000Z
"3/26/2024, 2:04:39 PM",3.59,71.8,100,0,2024-03-26T19:04:39.000Z
"3/26/2024, 2:09:39 PM",3.59,72,100,0,2024-03-26T19:09:39.000Z
"3/26/2024, 2:14:39 PM",3.59,72.3,100,0,2024-03-26T19:14:39.000Z
"3/26/2024, 2:19:39 PM",3.59,72.3,100,0,2024-03-26T19:19:39.000Z
"3/26/2024, 2:24:39 PM",3.59,72.1,100,0,2024-03-26T19:24:39.000Z
"3/26/2024, 2:29:39 PM",3.59,72.1,100,0,2024-03-26T19:29:39.000Z
"3/26/2024, 2:34:39 PM",3.591,72,100,0,2024-03-26T19:34:39.000Z
"3/26/2024, 2:39:39 PM",3.59,71.8,100,0,2024-03-26T19:39:39.000Z
"3/26/2024, 2:44:39 PM",3.591,71.6,100,0,2024-03-26T19:44:39.000Z
"3/26/2024, 2:49:39 PM",3.59,71.4,100,0,2024-03-26T19:49:39.000Z
"3/26/2024, 2:54:39 PM",3.591,71.2,100,0,2024-03-26T19:54:39.000Z
"3/26/2024, 2:59:39 PM",3.591,71.1,100,0,2024-03-26T19:59:39.000Z
"3/26/2024, 3:04:39 PM",3.591,71.1,100,0,2024-03-26T20:04:39.000Z
"3/26/2024, 3:09:39 PM",3.591,70.9,100,0,2024-03-26T20:09:39.000Z
"3/26/2024, 3:14:39 PM",3.591,70.9,100,0,2024-03-26T20:14:39.000Z
"3/26/2024, 3:19:39 PM",3.591,70.9,100,0,2024-03-26T20:19:39.000Z
"3/26/2024, 3:24:39 PM",3.591,70.9,100,0,2024-03-26T20:24:39.000Z
"3/26/2024, 3:29:39 PM",3.59,70.9,100,0,2024-03-26T20:29:39.000Z
"3/26/2024, 3:34:39 PM",3.591,71.1,100,0,2024-03-26T20:34:39.000Z
"3/26/2024, 3:39:39 PM",3.59,71.2,100,0,2024-03-26T20:39:39.000Z
"3/26/2024, 3:44:39 PM",3.591,71.4,100,0,2024-03-26T20:44:39.000Z
"3/26/2024, 3:49:39 PM",3.59,71.6,100,0,2024-03-26T20:49:39.000Z
"3/26/2024, 3:54:39 PM",3.59,71.6,100,0,2024-03-26T20:54:39.000Z
"3/26/2024, 3:59:39 PM",3.591,71.4,100,0,2024-03-26T20:59:39.000Z
"3/26/2024, 4:04:39 PM",3.591,71.4,100,0,2024-03-26T21:04:39.000Z
"3/26/2024, 4:09:39 PM",3.591,71.8,100,0,2024-03-26T21:09:39.000Z
"3/26/2024, 4:14:39 PM",3.591,72,100,0,2024-03-26T21:14:39.000Z
"3/26/2024, 4:19:39 PM",3.591,72,100,0,2024-03-26T21:19:39.000Z
"3/26/2024, 4:24:39 PM",3.591,72.5,100,0,2024-03-26T21:24:39.000Z
"3/26/2024, 4:29:39 PM",3.591,72.7,100,0,2024-03-26T21:29:39.000Z
"3/26/2024, 4:34:39 PM",3.591,72.9,100,0,2024-03-26T21:34:39.000Z
"3/26/2024, 4:39:39 PM",3.591,73.2,100,0,2024-03-26T21:39:39.000Z
"3/26/2024, 4:44:39 PM",3.59,73.6,100,0,2024-03-26T21:44:39.000Z
"3/26/2024, 4:49:39 PM",3.59,73.9,100,0,2024-03-26T21:49:39.000Z
"3/26/2024, 4:54:39 PM",3.59,73.9,100,0,2024-03-26T21:54:39.000Z
"3/26/2024, 4:59:39 PM",3.591,73.9,100,0,2024-03-26T21:59:39.000Z
"3/26/2024, 5:04:39 PM",3.59,73.8,100,0,2024-03-26T22:04:39.000Z
"3/26/2024, 5:09:39 PM",3.59,73.4,100,0,2024-03-26T22:09:39.000Z
"3/26/2024, 5:14:39 PM",3.591,73,100,0,2024-03-26T22:14:39.000Z
"3/26/2024, 5:19:39 PM",3.591,72.9,100,0,2024-03-26T22:19:39.000Z
"3/26/2024, 5:24:39 PM",3.591,72.7,100,0,2024-03-26T22:24:39.000Z
"3/26/2024, 5:29:39 PM",3.591,72.5,100,0,2024-03-26T22:29:39.000Z
"3/26/2024, 5:34:39 PM",3.591,72.3,100,0,2024-03-26T22:34:39.000Z
"3/26/2024, 5:39:39 PM",3.591,72.1,100,0,2024-03-26T22:39:39.000Z
"3/26/2024, 5:44:39 PM",3.591,72,100,0,2024-03-26T22:44:39.000Z
"3/26/2024, 5:49:39 PM",3.591,71.8,100,0,2024-03-26T22:49:39.000Z
"3/26/2024, 5:54:39 PM",3.591,71.6,100,0,2024-03-26T22:54:39.000Z
"3/26/2024, 5:59:39 PM",3.591,71.4,100,0,2024-03-26T22:59:39.000Z
"3/26/2024, 6:04:39 PM",3.591,71.1,100,0,2024-03-26T23:04:39.000Z
"3/26/2024, 6:09:39 PM",3.591,70.7,100,0,2024-03-26T23:09:39.000Z
"3/26/2024, 6:14:39 PM",3.591,70.3,100,0,2024-03-26T23:14:39.000Z
"3/26/2024, 6:19:39 PM",3.592,70.2,100,0,2024-03-26T23:19:39.000Z
"3/26/2024, 6:24:39 PM",3.591,69.8,100,0,2024-03-26T23:24:39.000Z
"3/26/2024, 6:29:39 PM",3.591,69.6,100,0,2024-03-26T23:29:39.000Z
"3/26/2024, 6:34:39 PM",3.591,69.3,100,0,2024-03-26T23:34:39.000Z
"3/26/2024, 6:39:39 PM",3.592,69.1,100,0,2024-03-26T23:39:39.000Z
"3/26/2024, 6:44:39 PM",3.592,68.9,100,0,2024-03-26T23:44:39.000Z
"3/26/2024, 6:49:39 PM",3.592,68.9,100,0,2024-03-26T23:49:39.000Z
"3/26/2024, 6:54:39 PM",3.591,68.9,100,0,2024-03-26T23:54:39.000Z
"3/26/2024, 6:59:39 PM",3.591,68.9,100,0,2024-03-26T23:59:39.000Z
"3/26/2024, 7:04:39 PM",3.592,68.9,100,0,2024-03-27T00:04:39.000Z
"3/26/2024, 7:09:39 PM",3.592,68.5,100,0,2024-03-27T00:09:39.000Z
"3/26/2024, 7:14:39 PM",3.591,68.4,100,0,2024-03-27T00:14:39.000Z
"3/26/2024, 7:19:39 PM",3.591,68,100,0,2024-03-27T00:19:39.000Z
"3/26/2024, 7:24:39 PM",3.592,67.6,100,0,2024-03-27T00:24:39.000Z
"3/26/2024, 7:29:39 PM",3.592,67.3,100,0,2024-03-27T00:29:39.000Z
"3/26/2024, 7:34:39 PM",3.592,67.1,100,0,2024-03-27T00:34:39.000Z
"3/26/2024, 7:39:39 PM",3.592,66.7,100,0,2024-03-27T00:39:39.000Z
"3/26/2024, 7:44:39 PM",3.592,66.4,100,0,2024-03-27T00:44:39.000Z
"3/26/2024, 7:49:39 PM",3.592,66.2,100,0,2024-03-27T00:49:39.000Z
"3/26/2024, 7:54:39 PM",3.592,66,100,0,2024-03-27T00:54:39.000Z
"3/26/2024, 7:59:39 PM",3.591,65.8,100,0,2024-03-27T00:59:39.000Z
"3/26/2024, 8:04:39 PM",3.592,65.8,100,0,2024-03-27T01:04:39.000Z
"3/26/2024, 8:09:39 PM",3.592,65.8,100,0,2024-03-27T01:09:39.000Z
"3/26/2024, 8:14:39 PM",3.591,65.8,100,0,2024-03-27T01:14:39.000Z
"3/26/2024, 8:19:39 PM",3.591,66,100,0,2024-03-27T01:19:39.000Z
"3/26/2024, 8:24:39 PM",3.591,66,100,0,2024-03-27T01:24:39.000Z
"3/26/2024, 8:29:39 PM",3.592,66.2,100,0,2024-03-27T01:29:39.000Z
"3/26/2024, 8:34:39 PM",3.591,66.2,100,0,2024-03-27T01:34:39.000Z
"3/26/2024, 8:39:39 PM",3.592,66.2,100,0,2024-03-27T01:39:39.000Z
"3/26/2024, 8:44:39 PM",3.591,66.2,100,0,2024-03-27T01:44:39.000Z
"3/26/2024, 8:49:39 PM",3.591,66.4,100,0,2024-03-27T01:49:39.000Z
"3/26/2024, 8:54:39 PM",3.591,66.4,100,0,2024-03-27T01:54:39.000Z
"3/26/2024, 8:59:39 PM",3.591,66.4,100,0,2024-03-27T01:59:39.000Z
"3/26/2024, 9:04:39 PM",3.591,66.6,100,0,2024-03-27T02:04:39.000Z
"3/26/2024, 9:09:39 PM",3.591,66.6,100,0,2024-03-27T02:09:39.000Z
"3/26/2024, 9:14:39 PM",3.591,66.7,100,0,2024-03-27T02:14:39.000Z
"3/26/2024, 9:19:39 PM",3.591,66.7,100,0,2024-03-27T02:19:39.000Z
"3/26/2024, 9:24:39 PM",3.591,66.7,100,0,2024-03-27T02:24:39.000Z
"3/26/2024, 9:29:39 PM",3.591,66.9,100,0,2024-03-27T02:29:39.000Z
"3/26/2024, 9:34:39 PM",3.591,66.9,100,0,2024-03-27T02:34:39.000Z
"3/26/2024, 9:39:39 PM",3.591,66.9,100,0,2024-03-27T02:39:39.000Z
"3/26/2024, 9:44:39 PM",3.591,66.7,100,0,2024-03-27T02:44:39.000Z
"3/26/2024, 9:49:39 PM",3.59,66.7,100,0,2024-03-27T02:49:39.000Z
"3/26/2024, 9:54:39 PM",3.591,66.7,100,0,2024-03-27T02:54:39.000Z
"3/26/2024, 9:59:39 PM",3.59,66.7,100,0,2024-03-27T02:59:39.000Z
"3/26/2024, 10:04:39 PM",3.591,66.6,100,0,2024-03-27T03:04:39.000Z
"3/26/2024, 10:09:39 PM",3.591,66.6,100,0,2024-03-27T03:09:39.000Z
"3/26/2024, 10:14:39 PM",3.591,66.6,100,0,2024-03-27T03:14:39.000Z
"3/26/2024, 10:19:39 PM",3.59,66.6,100,0,2024-03-27T03:19:39.000Z
"3/26/2024, 10:24:39 PM",3.591,66.4,100,0,2024-03-27T03:24:39.000Z
"3/26/2024, 10:29:39 PM",3.591,66.4,100,0,2024-03-27T03:29:39.000Z
"3/26/2024, 10:34:39 PM",3.59,66.4,100,0,2024-03-27T03:34:39.000Z
"3/26/2024, 10:39:39 PM",3.591,66.2,100,0,2024-03-27T03:39:39.000Z
"3/26/2024, 10:44:39 PM",3.591,66,100,0,2024-03-27T03:44:39.000Z
"3/26/2024, 10:49:39 PM",3.591,66,100,0,2024-03-27T03:49:39.000Z
"3/26/2024, 10:54:39 PM",3.591,65.7,100,0,2024-03-27T03:54:39.000Z
"3/26/2024, 10:59:39 PM",3.591,65.7,100,0,2024-03-27T03:59:39.000Z
"3/26/2024, 11:04:39 PM",3.591,65.5,100,0,2024-03-27T04:04:39.000Z
"3/26/2024, 11:09:39 PM",3.591,65.3,100,0,2024-03-27T04:09:39.000Z
"3/26/2024, 11:14:39 PM",3.59,65.1,100,0,2024-03-27T04:14:39.000Z
"3/26/2024, 11:19:39 PM",3.591,64.9,100,0,2024-03-27T04:19:39.000Z
"3/26/2024, 11:24:39 PM",3.59,64.9,100,0,2024-03-27T04:24:39.000Z
"3/26/2024, 11:29:39 PM",3.591,64.9,100,0,2024-03-27T04:29:39.000Z
"3/26/2024, 11:34:39 PM",3.59,64.8,100,0,2024-03-27T04:34:39.000Z
"3/26/2024, 11:39:39 PM",3.59,64.8,100,0,2024-03-27T04:39:39.000Z
"3/26/2024, 11:44:39 PM",3.59,64.8,100,0,2024-03-27T04:44:39.000Z
"3/26/2024, 11:49:39 PM",3.591,64.8,100,0,2024-03-27T04:49:39.000Z
"3/26/2024, 11:54:39 PM",3.591,64.8,100,0,2024-03-27T04:54:39.000Z
"3/26/2024, 11:59:39 PM",3.59,64.8,100,0,2024-03-27T04:59:39.000Z
"3/27/2024, 12:04:39 AM",3.591,64.8,100,0,2024-03-27T05:04:39.000Z
"3/27/2024, 12:09:39 AM",3.59,64.8,100,0,2024-03-27T05:09:39.000Z
"3/27/2024, 12:14:39 AM",3.591,64.8,100,0,2024-03-27T05:14:39.000Z
"3/27/2024, 12:19:39 AM",3.59,64.8,100,0,2024-03-27T05:19:39.000Z
"3/27/2024, 12:24:39 AM",3.59,64.9,100,0,2024-03-27T05:24:39.000Z
"3/27/2024, 12:29:39 AM",3.59,64.9,100,0,2024-03-27T05:29:39.000Z
"3/27/2024, 12:34:39 AM",3.59,64.9,100,0,2024-03-27T05:34:39.000Z
"3/27/2024, 12:39:39 AM",3.59,64.9,100,0,2024-03-27T05:39:39.000Z
"3/27/2024, 12:44:39 AM",3.59,64.9,100,0,2024-03-27T05:44:39.000Z
"3/27/2024, 12:49:39 AM",3.59,64.9,100,0,2024-03-27T05:49:39.000Z
"3/27/2024, 12:54:39 AM",3.59,64.9,100,0,2024-03-27T05:54:39.000Z
"3/27/2024, 12:59:39 AM",3.59,64.9,100,0,2024-03-27T05:59:39.000Z
"3/27/2024, 1:04:39 AM",3.59,64.9,100,0,2024-03-27T06:04:39.000Z
"3/27/2024, 1:09:39 AM",3.59,64.8,100,0,2024-03-27T06:09:39.000Z
"3/27/2024, 1:14:39 AM",3.59,64.8,100,0,2024-03-27T06:14:39.000Z
"3/27/2024, 1:19:39 AM",3.59,64.6,100,0,2024-03-27T06:19:39.000Z
"3/27/2024, 1:24:39 AM",3.59,64.4,100,0,2024-03-27T06:24:39.000Z
"3/27/2024, 1:29:39 AM",3.59,64.4,100,0,2024-03-27T06:29:39.000Z
"3/27/2024, 1:34:39 AM",3.59,64.4,100,0,2024-03-27T06:34:39.000Z
"3/27/2024, 1:39:39 AM",3.59,64.2,100,0,2024-03-27T06:39:39.000Z
"3/27/2024, 1:44:39 AM",3.59,64,100,0,2024-03-27T06:44:39.000Z
"3/27/2024, 1:49:39 AM",3.59,63.7,100,0,2024-03-27T06:49:39.000Z
"3/27/2024, 1:54:39 AM",3.59,63.3,100,0,2024-03-27T06:54:39.000Z
"3/27/2024, 1:59:39 AM",3.59,62.8,100,0,2024-03-27T06:59:39.000Z
"3/27/2024, 2:04:39 AM",3.59,62.6,100,0,2024-03-27T07:04:39.000Z
"3/27/2024, 2:09:39 AM",3.59,62.2,100,0,2024-03-27T07:09:39.000Z
"3/27/2024, 2:14:39 AM",3.59,62.1,100,0,2024-03-27T07:14:39.000Z
"3/27/2024, 2:19:39 AM",3.59,61.9,100,0,2024-03-27T07:19:39.000Z
"3/27/2024, 2:24:39 AM",3.59,61.7,100,0,2024-03-27T07:24:39.000Z
"3/27/2024, 2:29:39 AM",3.59,61.5,100,0,2024-03-27T07:29:39.000Z
"3/27/2024, 2:34:39 AM",3.59,61.5,100,0,2024-03-27T07:34:39.000Z
"3/27/2024, 2:39:39 AM",3.59,61.5,100,0,2024-03-27T07:39:39.000Z
"3/27/2024, 2:44:39 AM",3.59,61.3,100,0,2024-03-27T07:44:39.000Z
"3/27/2024, 2:49:39 AM",3.589,61.2,100,0,2024-03-27T07:49:39.000Z
"3/27/2024, 2:54:39 AM",3.59,61,100,0,2024-03-27T07:54:39.000Z
"3/27/2024, 2:59:39 AM",3.59,61,100,0,2024-03-27T07:59:39.000Z
"3/27/2024, 3:04:39 AM",3.59,60.8,100,0,2024-03-27T08:04:39.000Z
"3/27/2024, 3:09:39 AM",3.59,60.6,100,0,2024-03-27T08:09:39.000Z
"3/27/2024, 3:14:39 AM",3.59,60.6,100,0,2024-03-27T08:14:39.000Z
"3/27/2024, 3:19:39 AM",3.59,60.6,100,0,2024-03-27T08:19:39.000Z
"3/27/2024, 3:24:39 AM",3.59,60.4,100,0,2024-03-27T08:24:39.000Z
"3/27/2024, 3:29:39 AM",3.589,60.4,100,0,2024-03-27T08:29:39.000Z
"3/27/2024, 3:34:39 AM",3.589,60.3,100,0,2024-03-27T08:34:39.000Z
"3/27/2024, 3:39:39 AM",3.59,60.3,100,0,2024-03-27T08:39:39.000Z
"3/27/2024, 3:44:39 AM",3.589,60.1,100,0,2024-03-27T08:44:39.000Z
"3/27/2024, 3:49:39 AM",3.589,60.1,100,0,2024-03-27T08:49:39.000Z
"3/27/2024, 3:54:39 AM",3.589,59.9,100,0,2024-03-27T08:54:39.000Z
"3/27/2024, 3:59:39 AM",3.59,59.9,100,0,2024-03-27T08:59:39.000Z
"3/27/2024, 4:04:39 AM",3.59,59.9,100,0,2024-03-27T09:04:39.000Z
"3/27/2024, 4:09:39 AM",3.59,59.9,100,0,2024-03-27T09:09:39.000Z
"3/27/2024, 4:14:39 AM",3.589,59.7,100,0,2024-03-27T09:14:39.000Z
"3/27/2024, 4:19:39 AM",3.589,59.7,100,0,2024-03-27T09:19:39.000Z
"3/27/2024, 4:24:39 AM",3.589,59.5,100,0,2024-03-27T09:24:39.000Z
"3/27/2024, 4:29:39 AM",3.589,59.4,100,0,2024-03-27T09:29:39.000Z
"3/27/2024, 4:34:39 AM",3.589,59.4,100,0,2024-03-27T09:34:39.000Z
"3/27/2024, 4:39:39 AM",3.589,59.4,100,0,2024-03-27T09:39:39.000Z
"3/27/2024, 4:44:39 AM",3.589,59.4,100,0,2024-03-27T09:44:39.000Z
"3/27/2024, 4:49:39 AM",3.589,59.4,100,0,2024-03-27T09:49:39.000Z
"3/27/2024, 4:54:39 AM",3.589,59.5,100,0,2024-03-27T09:54:39.000Z
"3/27/2024, 4:59:39 AM",3.589,59.5,100,0,2024-03-27T09:59:39.000Z
"3/27/2024, 5:04:39 AM",3.589,59.7,100,0,2024-03-27T10:04:39.000Z
"3/27/2024, 5:09:39 AM",3.588,59.9,100,0,2024-03-27T10:09:39.000Z
"3/27/2024, 5:14:39 AM",3.588,60.3,100,0,2024-03-27T10:14:39.000Z
"3/27/2024, 5:19:39 AM",3.589,60.4,100,0,2024-03-27T10:19:39.000Z
"3/27/2024, 5:24:39 AM",3.588,60.6,100,0,2024-03-27T10:24:39.000Z
"3/27/2024, 5:29:39 AM",3.589,60.8,100,0,2024-03-27T10:29:39.000Z
"3/27/2024, 5:34:39 AM",3.589,61,100,0,2024-03-27T10:34:39.000Z
"3/27/2024, 5:39:39 AM",3.588,61,100,0,2024-03-27T10:39:39.000Z
"3/27/2024, 5:44:39 AM",3.588,61.2,100,0,2024-03-27T10:44:39.000Z
"3/27/2024, 5:49:39 AM",3.588,61.3,100,0,2024-03-27T10:49:39.000Z
"3/27/2024, 5:54:39 AM",3.588,61.3,100,0,2024-03-27T10:54:39.000Z
"3/27/2024, 5:59:39 AM",3.588,61.5,100,0,2024-03-27T10:59:39.000Z
"3/27/2024, 6:04:39 AM",3.588,61.5,100,0,2024-03-27T11:04:39.000Z
"3/27/2024, 6:09:39 AM",3.588,61.5,100,0,2024-03-27T11:09:39.000Z
"3/27/2024, 6:14:39 AM",3.588,61.5,100,0,2024-03-27T11:14:39.000Z
"3/27/2024, 6:19:39 AM",3.589,61.5,100,0,2024-03-27T11:19:39.000Z
"3/27/2024, 6:24:39 AM",3.589,61.5,100,0,2024-03-27T11:24:39.000Z
"3/27/2024, 6:29:39 AM",3.589,61.5,100,0,2024-03-27T11:29:39.000Z
"3/27/2024, 6:34:39 AM",3.589,61.7,100,0,2024-03-27T11:34:39.000Z
"3/27/2024, 6:39:39 AM",3.588,61.7,100,0,2024-03-27T11:39:39.000Z
"3/27/2024, 6:44:39 AM",3.588,61.7,100,0,2024-03-27T11:44:39.000Z
"3/27/2024, 6:49:39 AM",3.588,61.7,100,0,2024-03-27T11:49:39.000Z
"3/27/2024, 6:54:39 AM",3.589,61.7,100,0,2024-03-27T11:54:39.000Z
"3/27/2024, 6:59:39 AM",3.588,61.7,100,0,2024-03-27T11:59:39.000Z
"3/27/2024, 7:04:39 AM",3.588,61.7,100,0,2024-03-27T12:04:39.000Z
"3/27/2024, 7:09:39 AM",3.589,61.7,100,0,2024-03-27T12:09:39.000Z
"3/27/2024, 7:14:39 AM",3.588,61.7,100,0,2024-03-27T12:14:39.000Z
"3/27/2024, 7:19:39 AM",3.588,61.9,100,0,2024-03-27T12:19:39.000Z
"3/27/2024, 7:24:39 AM",3.588,61.9,100,0,2024-03-27T12:24:39.000Z
"3/27/2024, 7:29:39 AM",3.589,62.1,100,0,2024-03-27T12:29:39.000Z
"3/27/2024, 7:34:39 AM",3.588,62.2,100,0,2024-03-27T12:34:39.000Z
"3/27/2024, 7:39:39 AM",3.588,62.4,100,0,2024-03-27T12:39:39.000Z
"3/27/2024, 7:44:39 AM",3.589,62.6,100,0,2024-03-27T12:44:39.000Z
"3/27/2024, 7:49:39 AM",3.589,62.8,100,0,2024-03-27T12:49:39.000Z
"3/27/2024, 7:54:39 AM",3.589,62.8,100,0,2024-03-27T12:54:39.000Z
"3/27/2024, 7:59:39 AM",3.588,62.8,100,0,2024-03-27T12:59:39.000Z
"3/27/2024, 8:04:39 AM",3.589,62.8,100,0,2024-03-27T13:04:39.000Z
"3/27/2024, 8:09:39 AM",3.588,63,100,0,2024-03-27T13:09:39.000Z
"3/27/2024, 8:14:39 AM",3.589,63,100,0,2024-03-27T13:14:39.000Z
"3/27/2024, 8:19:39 AM",3.588,63.1,100,0,2024-03-27T13:19:39.000Z
"3/27/2024, 8:24:39 AM",3.589,63.1,100,0,2024-03-27T13:24:39.000Z
"3/27/2024, 8:29:39 AM",3.589,63.1,100,0,2024-03-27T13:29:39.000Z
"3/27/2024, 8:34:39 AM",3.589,63,100,0,2024-03-27T13:34:39.000Z
"3/27/2024, 8:39:39 AM",3.589,63,100,0,2024-03-27T13:39:39.000Z
"3/27/2024, 8:44:39 AM",3.589,63,100,0,2024-03-27T13:44:39.000Z
"3/27/2024, 8:49:39 AM",3.589,62.8,100,0,2024-03-27T13:49:39.000Z
"3/27/2024, 8:54:39 AM",3.589,62.8,100,0,2024-03-27T13:54:39.000Z
"3/27/2024, 8:59:39 AM",3.589,62.8,100,0,2024-03-27T13:59:39.000Z
"3/27/2024, 9:04:39 AM",3.589,62.8,100,0,2024-03-27T14:04:39.000Z
"3/27/2024, 9:09:39 AM",3.589,62.8,100,0,2024-03-27T14:09:39.000Z
"3/27/2024, 9:14:39 AM",3.589,63,100,0,2024-03-27T14:14:39.000Z
"3/27/2024, 9:19:39 AM",3.589,63.1,100,0,2024-03-27T14:19:39.000Z
"3/27/2024, 9:24:39 AM",3.589,63.3,100,0,2024-03-27T14:24:39.000Z
"3/27/2024, 9:29:39 AM",3.589,63.5,100,0,2024-03-27T14:29:39.000Z
"3/27/2024, 9:34:39 AM",3.588,63.5,100,0,2024-03-27T14:34:39.000Z
"3/27/2024, 9:39:39 AM",3.589,63.3,100,0,2024-03-27T14:39:39.000Z
"3/27/2024, 9:44:39 AM",3.589,63.3,100,0,2024-03-27T14:44:39.000Z
"3/27/2024, 9:49:39 AM",3.589,63.3,100,0,2024-03-27T14:49:39.000Z
"3/27/2024, 9:54:39 AM",3.589,63.5,100,0,2024-03-27T14:54:39.000Z
"3/27/2024, 9:59:39 AM",3.589,63.7,100,0,2024-03-27T14:59:39.000Z
"3/27/2024, 10:04:39 AM",3.588,64.2,100,0,2024-03-27T15:04:39.000Z
"3/27/2024, 10:09:39 AM",3.589,64.4,100,0,2024-03-27T15:09:39.000Z
"3/27/2024, 10:14:39 AM",3.588,64.6,100,0,2024-03-27T15:14:39.000Z
"3/27/2024, 10:19:39 AM",3.589,64.8,100,0,2024-03-27T15:19:39.000Z
"3/27/2024, 10:24:39 AM",3.589,64.8,100,0,2024-03-27T15:24:39.000Z
"3/27/2024, 10:29:39 AM",3.588,64.9,100,0,2024-03-27T15:29:39.000Z
"3/27/2024, 10:34:39 AM",3.589,65.1,100,0,2024-03-27T15:34:39.000Z
"3/27/2024, 10:39:39 AM",3.589,65.1,100,0,2024-03-27T15:39:39.000Z
"3/27/2024, 10:44:39 AM",3.589,65.3,100,0,2024-03-27T15:44:39.000Z
"3/27/2024, 10:49:39 AM",3.589,65.3,100,0,2024-03-27T15:49:39.000Z
"3/27/2024, 10:54:39 AM",3.588,65.3,100,0,2024-03-27T15:54:39.000Z
"3/27/2024, 10:59:39 AM",3.589,65.3,100,0,2024-03-27T15:59:39.000Z
"3/27/2024, 11:04:39 AM",3.589,65.5,100,0,2024-03-27T16:04:39.000Z
"3/27/2024, 11:09:39 AM",3.589,65.7,100,0,2024-03-27T16:09:39.000Z
"3/27/2024, 11:14:39 AM",3.589,65.7,100,0,2024-03-27T16:14:39.000Z
"3/27/2024, 11:19:39 AM",3.589,66,100,0,2024-03-27T16:19:39.000Z
"3/27/2024, 11:24:39 AM",3.589,66.2,100,0,2024-03-27T16:24:39.000Z
"3/27/2024, 11:29:39 AM",3.589,66.2,100,0,2024-03-27T16:29:39.000Z
"3/27/2024, 11:34:39 AM",3.589,66.2,100,0,2024-03-27T16:34:39.000Z
"3/27/2024, 11:39:39 AM",3.589,66.2,100,0,2024-03-27T16:39:39.000Z
"3/27/2024, 11:44:39 AM",3.589,66.2,100,0,2024-03-27T16:44:39.000Z
"3/27/2024, 11:49:39 AM",3.589,66.2,100,0,2024-03-27T16:49:39.000Z
"3/27/2024, 11:54:39 AM",3.589,66.2,100,0,2024-03-27T16:54:39.000Z
"3/27/2024, 11:59:39 AM",3.589,66.2,100,0,2024-03-27T16:59:39.000Z
"3/27/2024, 12:04:39 PM",3.589,66,100,0,2024-03-27T17:04:39.000Z
"3/27/2024, 12:09:39 PM",3.589,66,100,0,2024-03-27T17:09:39.000Z
"3/27/2024, 12:14:39 PM",3.589,66.2,100,0,2024-03-27T17:14:39.000Z
"3/27/2024, 12:19:39 PM",3.589,66.4,100,0,2024-03-27T17:19:39.000Z
"3/27/2024, 12:24:39 PM",3.59,66.4,100,0,2024-03-27T17:24:39.000Z
"3/27/2024, 12:29:39 PM",3.589,66.4,100,0,2024-03-27T17:29:39.000Z
"3/27/2024, 12:34:39 PM",3.589,66.4,100,0,2024-03-27T17:34:39.000Z
"3/27/2024, 12:39:39 PM",3.589,66.4,100,0,2024-03-27T17:39:39.000Z
"3/27/2024, 12:44:39 PM",3.589,66.4,100,0,2024-03-27T17:44:39.000Z
"3/27/2024, 12:49:39 PM",3.589,66.4,100,0,2024-03-27T17:49:39.000Z
"3/27/2024, 12:54:39 PM",3.589,66.4,100,0,2024-03-27T17:54:39.000Z
"3/27/2024, 12:59:39 PM",3.59,66.6,100,0,2024-03-27T17:59:39.000Z
"3/27/2024, 1:04:39 PM",3.589,66.7,100,0,2024-03-27T18:04:39.000Z
"3/27/2024, 1:09:39 PM",3.589,66.7,100,0,2024-03-27T18:09:39.000Z
"3/27/2024, 1:14:39 PM",3.589,66.9,100,0,2024-03-27T18:14:39.000Z
"3/27/2024, 1:19:39 PM",3.589,66.9,100,0,2024-03-27T18:19:39.000Z
"3/27/2024, 1:24:39 PM",3.589,67.1,100,0,2024-03-27T18:24:39.000Z
"3/27/2024, 1:29:39 PM",3.589,67.3,100,0,2024-03-27T18:29:39.000Z
"3/27/2024, 1:34:39 PM",3.589,67.3,100,0,2024-03-27T18:34:39.000Z
"3/27/2024, 1:39:39 PM",3.589,67.3,100,0,2024-03-27T18:39:39.000Z
"3/27/2024, 1:44:39 PM",3.589,67.5,100,0,2024-03-27T18:44:39.000Z
"3/27/2024, 1:49:39 PM",3.589,67.6,100,0,2024-03-27T18:49:39.000Z
"3/27/2024, 1:54:39 PM",3.589,67.6,100,0,2024-03-27T18:54:39.000Z
"3/27/2024, 1:59:39 PM",3.589,67.5,100,0,2024-03-27T18:59:39.000Z
"3/27/2024, 2:04:39 PM",3.589,67.1,100,0,2024-03-27T19:04:39.000Z
"3/27/2024, 2:09:39 PM",3.589,67.1,100,0,2024-03-27T19:09:39.000Z
"3/27/2024, 2:14:39 PM",3.589,66.9,100,0,2024-03-27T19:14:39.000Z
"3/27/2024, 2:19:39 PM",3.59,66.6,100,0,2024-03-27T19:19:39.000Z
"3/27/2024, 2:24:39 PM",3.59,66.4,100,0,2024-03-27T19:24:39.000Z
"3/27/2024, 2:29:39 PM",3.59,66.4,100,0,2024-03-27T19:29:39.000Z
"3/27/2024, 2:34:39 PM",3.59,66.4,100,0,2024-03-27T19:34:39.000Z
"3/27/2024, 2:39:39 PM",3.589,66.6,100,0,2024-03-27T19:39:39.000Z
"3/27/2024, 2:44:39 PM",3.59,66.6,100,0,2024-03-27T19:44:39.000Z
"3/27/2024, 2:49:39 PM",3.59,66.4,100,0,2024-03-27T19:49:39.000Z
"3/27/2024, 2:54:39 PM",3.59,66,100,0,2024-03-27T19:54:39.000Z
"3/27/2024, 2:59:39 PM",3.59,66,100,0,2024-03-27T19:59:39.000Z
"3/27/2024, 3:04:39 PM",3.589,65.8,100,0,2024-03-27T20:04:39.000Z
"3/27/2024, 3:09:39 PM",3.59,65.7,100,0,2024-03-27T20:09:39.000Z
"3/27/2024, 3:14:39 PM",3.59,65.8,100,0,2024-03-27T20:14:39.000Z
"3/27/2024, 3:19:39 PM",3.589,65.8,100,0,2024-03-27T20:19:39.000Z
"3/27/2024, 3:24:39 PM",3.59,65.7,100,0,2024-03-27T20:24:39.000Z
"3/27/2024, 3:29:39 PM",3.589,65.7,100,0,2024-03-27T20:29:39.000Z
"3/27/2024, 3:34:39 PM",3.589,65.8,100,0,2024-03-27T20:34:39.000Z
"3/27/2024, 3:39:39 PM",3.59,66,100,0,2024-03-27T20:39:39.000Z
"3/27/2024, 3:44:39 PM",3.59,66,100,0,2024-03-27T20:44:39.000Z
"3/27/2024, 3:49:39 PM",3.589,66,100,0,2024-03-27T20:49:39.000Z
"3/27/2024, 3:54:39 PM",3.59,66.4,100,0,2024-03-27T20:54:39.000Z
"3/27/2024, 3:59:39 PM",3.589,67.1,100,0,2024-03-27T20:59:39.000Z
"3/27/2024, 4:04:39 PM",3.589,67.5,100,0,2024-03-27T21:04:39.000Z
"3/27/2024, 4:09:39 PM",3.589,68.2,100,0,2024-03-27T21:09:39.000Z
"3/27/2024, 4:14:39 PM",3.589,69.1,100,0,2024-03-27T21:14:39.000Z
"3/27/2024, 4:19:39 PM",3.589,69.6,100,0,2024-03-27T21:19:39.000Z
"3/27/2024, 4:24:39 PM",3.588,70.3,100,0,2024-03-27T21:24:39.000Z
"3/27/2024, 4:29:39 PM",3.589,70.2,100,0,2024-03-27T21:29:39.000Z
"3/27/2024, 4:34:39 PM",3.589,69.3,100,0,2024-03-27T21:34:39.000Z
"3/27/2024, 4:39:39 PM",3.589,68.5,100,0,2024-03-27T21:39:39.000Z
"3/27/2024, 4:44:39 PM",3.589,68.7,100,0,2024-03-27T21:44:39.000Z
"3/27/2024, 4:49:39 PM",3.589,68.5,100,0,2024-03-27T21:49:39.000Z
"3/27/2024, 4:54:39 PM",3.589,68.5,100,0,2024-03-27T21:54:39.000Z
"3/27/2024, 4:59:39 PM",3.589,68.2,100,0,2024-03-27T21:59:39.000Z
"3/27/2024, 5:04:39 PM",3.589,67.8,100,0,2024-03-27T22:04:39.000Z
"3/27/2024, 5:09:39 PM",3.589,67.6,100,0,2024-03-27T22:09:39.000Z
"3/27/2024, 5:14:39 PM",3.589,67.3,100,0,2024-03-27T22:14:39.000Z
"3/27/2024, 5:19:39 PM",3.589,67.1,100,0,2024-03-27T22:19:39.000Z
"3/27/2024, 5:24:39 PM",3.589,67.1,100,0,2024-03-27T22:24:39.000Z
"3/27/2024, 5:29:39 PM",3.589,66.7,100,0,2024-03-27T22:29:39.000Z
"3/27/2024, 5:34:39 PM",3.589,66.4,100,0,2024-03-27T22:34:39.000Z
"3/27/2024, 5:39:39 PM",3.59,66.2,100,0,2024-03-27T22:39:39.000Z
"3/27/2024, 5:44:39 PM",3.59,65.8,100,0,2024-03-27T22:44:39.000Z
"3/27/2024, 5:49:39 PM",3.59,65.5,100,0,2024-03-27T22:49:39.000Z
"3/27/2024, 5:54:39 PM",3.59,65.1,100,0,2024-03-27T22:54:39.000Z
"3/27/2024, 5:59:39 PM",3.59,64.8,100,0,2024-03-27T22:59:39.000Z
"3/27/2024, 6:04:39 PM",3.59,64.6,100,0,2024-03-27T23:04:39.000Z
"3/27/2024, 6:09:39 PM",3.59,64.2,100,0,2024-03-27T23:09:39.000Z
"3/27/2024, 6:14:39 PM",3.59,63.9,100,0,2024-03-27T23:14:39.000Z
"3/27/2024, 6:19:39 PM",3.59,63.5,100,0,2024-03-27T23:19:39.000Z
"3/27/2024, 6:24:39 PM",3.59,63.1,100,0,2024-03-27T23:24:39.000Z
"3/27/2024, 6:29:39 PM",3.59,62.8,100,0,2024-03-27T23:29:39.000Z
"3/27/2024, 6:34:39 PM",3.59,62.4,100,0,2024-03-27T23:34:39.000Z
"3/27/2024, 6:39:39 PM",3.59,62.2,100,0,2024-03-27T23:39:39.000Z
"3/27/2024, 6:44:39 PM",3.59,61.9,100,0,2024-03-27T23:44:39.000Z
"3/27/2024, 6:49:39 PM",3.59,61.7,100,0,2024-03-27T23:49:39.000Z
"3/27/2024, 6:54:39 PM",3.589,61.5,100,0,2024-03-27T23:54:39.000Z
"3/27/2024, 6:59:39 PM",3.59,61.3,100,0,2024-03-27T23:59:39.000Z
"3/27/2024, 7:04:39 PM",3.589,61.2,100,0,2024-03-28T00:04:39.000Z
"3/27/2024, 7:09:39 PM",3.59,60.8,100,0,2024-03-28T00:09:39.000Z
"3/27/2024, 7:14:39 PM",3.589,60.8,100,0,2024-03-28T00:14:39.000Z
"3/27/2024, 7:19:39 PM",3.589,60.6,100,0,2024-03-28T00:19:39.000Z
"3/27/2024, 7:24:39 PM",3.589,60.4,100,0,2024-03-28T00:24:39.000Z
"3/27/2024, 7:29:39 PM",3.589,60.3,100,0,2024-03-28T00:29:39.000Z
"3/27/2024, 7:34:39 PM",3.589,60.1,100,0,2024-03-28T00:34:39.000Z
"3/27/2024, 7:39:39 PM",3.589,59.9,100,0,2024-03-28T00:39:39.000Z
"3/27/2024, 7:44:39 PM",3.589,59.7,100,0,2024-03-28T00:44:39.000Z
"3/27/2024, 7:49:39 PM",3.589,59.7,100,0,2024-03-28T00:49:39.000Z
"3/27/2024, 7:54:39 PM",3.589,59.5,100,0,2024-03-28T00:54:39.000Z
"3/27/2024, 7:59:39 PM",3.589,59.4,100,0,2024-03-28T00:59:39.000Z
"3/27/2024, 8:04:39 PM",3.589,59.4,100,0,2024-03-28T01:04:39.000Z
"3/27/2024, 8:09:39 PM",3.588,59.2,100,0,2024-03-28T01:09:39.000Z
"3/27/2024, 8:14:39 PM",3.588,59,100,0,2024-03-28T01:14:39.000Z
"3/27/2024, 8:19:39 PM",3.588,59,100,0,2024-03-28T01:19:39.000Z
"3/27/2024, 8:24:39 PM",3.589,58.8,100,0,2024-03-28T01:24:39.000Z
"3/27/2024, 8:29:39 PM",3.589,58.5,100,0,2024-03-28T01:29:39.000Z
"3/27/2024, 8:34:39 PM",3.589,58.5,100,0,2024-03-28T01:34:39.000Z
"3/27/2024, 8:39:39 PM",3.588,58.3,100,0,2024-03-28T01:39:39.000Z
"3/27/2024, 8:44:39 PM",3.588,58.1,100,0,2024-03-28T01:44:39.000Z
"3/27/2024, 8:49:39 PM",3.588,57.9,100,0,2024-03-28T01:49:39.000Z
"3/27/2024, 8:54:39 PM",3.588,57.9,100,0,2024-03-28T01:54:39.000Z
"3/27/2024, 8:59:39 PM",3.588,57.7,100,0,2024-03-28T01:59:39.000Z
"3/27/2024, 9:04:39 PM",3.588,57.6,100,0,2024-03-28T02:04:39.000Z
"3/27/2024, 9:09:39 PM",3.588,57.6,100,0,2024-03-28T02:09:39.000Z
"3/27/2024, 9:14:39 PM",3.588,57.6,100,0,2024-03-28T02:14:39.000Z
"3/27/2024, 9:19:39 PM",3.588,57.4,100,0,2024-03-28T02:19:39.000Z
"3/27/2024, 9:24:39 PM",3.588,57.4,100,0,2024-03-28T02:24:39.000Z
"3/27/2024, 9:29:39 PM",3.588,57.4,100,0,2024-03-28T02:29:39.000Z
"3/27/2024, 9:34:39 PM",3.588,57.4,100,0,2024-03-28T02:34:39.000Z
"3/27/2024, 9:39:39 PM",3.588,57.2,100,0,2024-03-28T02:39:39.000Z
"3/27/2024, 9:44:39 PM",3.588,57.2,100,0,2024-03-28T02:44:39.000Z
"3/27/2024, 9:49:39 PM",3.587,57,100,0,2024-03-28T02:49:39.000Z
"3/27/2024, 9:54:39 PM",3.587,57,100,0,2024-03-28T02:54:39.000Z
"3/27/2024, 9:59:39 PM",3.587,56.8,100,0,2024-03-28T02:59:39.000Z
"3/27/2024, 10:04:39 PM",3.587,56.8,100,0,2024-03-28T03:04:39.000Z
"3/27/2024, 10:09:39 PM",3.587,56.8,100,0,2024-03-28T03:09:39.000Z
"3/27/2024, 10:14:39 PM",3.587,56.8,100,0,2024-03-28T03:14:39.000Z
"3/27/2024, 10:19:39 PM",3.587,56.8,100,0,2024-03-28T03:19:39.000Z
"3/27/2024, 10:24:39 PM",3.587,56.8,100,0,2024-03-28T03:24:39.000Z
"3/27/2024, 10:29:39 PM",3.587,56.8,100,0,2024-03-28T03:29:39.000Z
"3/27/2024, 10:34:39 PM",3.587,56.8,100,0,2024-03-28T03:34:39.000Z
"3/27/2024, 10:39:39 PM",3.587,56.8,100,0,2024-03-28T03:39:39.000Z
"3/27/2024, 10:44:39 PM",3.587,56.7,100,0,2024-03-28T03:44:39.000Z
"3/27/2024, 10:49:39 PM",3.587,56.7,100,0,2024-03-28T03:49:39.000Z
"3/27/2024, 10:54:39 PM",3.587,56.7,100,0,2024-03-28T03:54:39.000Z
"3/27/2024, 10:59:39 PM",3.587,56.7,100,0,2024-03-28T03:59:39.000Z
"3/27/2024, 11:04:39 PM",3.586,56.7,100,0,2024-03-28T04:04:39.000Z
"3/27/2024, 11:09:39 PM",3.586,56.7,100,0,2024-03-28T04:09:39.000Z
"3/27/2024, 11:14:39 PM",3.587,56.7,100,0,2024-03-28T04:14:39.000Z
"3/27/2024, 11:19:39 PM",3.586,56.5,100,0,2024-03-28T04:19:39.000Z
"3/27/2024, 11:24:39 PM",3.586,56.5,100,0,2024-03-28T04:24:39.000Z
"3/27/2024, 11:29:39 PM",3.587,56.3,100,0,2024-03-28T04:29:39.000Z
"3/27/2024, 11:34:39 PM",3.586,56.3,100,0,2024-03-28T04:34:39.000Z
"3/27/2024, 11:39:39 PM",3.586,56.1,100,0,2024-03-28T04:39:39.000Z
"3/27/2024, 11:44:39 PM",3.586,55.9,100,0,2024-03-28T04:44:39.000Z
"3/27/2024, 11:49:39 PM",3.586,55.9,100,0,2024-03-28T04:49:39.000Z
"3/27/2024, 11:54:39 PM",3.586,55.8,100,0,2024-03-28T04:54:39.000Z
"3/27/2024, 11:59:39 PM",3.586,55.8,100,0,2024-03-28T04:59:39.000Z
"3/28/2024, 12:04:39 AM",3.586,55.6,100,0,2024-03-28T05:04:39.000Z
"3/28/2024, 12:09:39 AM",3.586,55.6,100,0,2024-03-28T05:09:39.000Z
"3/28/2024, 12:14:39 AM",3.586,55.6,100,0,2024-03-28T05:14:39.000Z
"3/28/2024, 12:19:39 AM",3.585,55.4,100,0,2024-03-28T05:19:39.000Z
"3/28/2024, 12:24:39 AM",3.586,55.4,100,0,2024-03-28T05:24:39.000Z
"3/28/2024, 12:29:39 AM",3.585,55.2,100,0,2024-03-28T05:29:39.000Z
"3/28/2024, 12:34:39 AM",3.585,55,100,0,2024-03-28T05:34:39.000Z
"3/28/2024, 12:39:39 AM",3.584,54.9,100,0,2024-03-28T05:39:39.000Z
"3/28/2024, 12:44:39 AM",3.584,54.7,100,0,2024-03-28T05:44:39.000Z
"3/28/2024, 12:49:39 AM",3.584,54.5,100,0,2024-03-28T05:49:39.000Z
"3/28/2024, 12:54:39 AM",3.584,54.3,100,0,2024-03-28T05:54:39.000Z
"3/28/2024, 12:59:39 AM",3.584,54.1,100,0,2024-03-28T05:59:39.000Z
"3/28/2024, 1:04:39 AM",3.584,53.8,100,0,2024-03-28T06:04:39.000Z
"3/28/2024, 1:09:39 AM",3.584,53.6,100,0,2024-03-28T06:09:39.000Z
"3/28/2024, 1:14:39 AM",3.584,53.4,100,0,2024-03-28T06:14:39.000Z
"3/28/2024, 1:19:39 AM",3.584,53.2,100,0,2024-03-28T06:19:39.000Z
"3/28/2024, 1:24:39 AM",3.584,53.1,100,0,2024-03-28T06:24:39.000Z
"3/28/2024, 1:29:39 AM",3.584,52.7,100,0,2024-03-28T06:29:39.000Z
"3/28/2024, 1:34:39 AM",3.584,52.5,100,0,2024-03-28T06:34:39.000Z
"3/28/2024, 1:39:39 AM",3.583,52.3,100,0,2024-03-28T06:39:39.000Z
"3/28/2024, 1:44:39 AM",3.584,52.2,100,0,2024-03-28T06:44:39.000Z
"3/28/2024, 1:49:39 AM",3.583,52,100,0,2024-03-28T06:49:39.000Z
"3/28/2024, 1:54:39 AM",3.583,51.8,100,0,2024-03-28T06:54:39.000Z
"3/28/2024, 1:59:39 AM",3.583,51.6,100,0,2024-03-28T06:59:39.000Z
"3/28/2024, 2:04:39 AM",3.583,51.4,100,0,2024-03-28T07:04:39.000Z
"3/28/2024, 2:09:39 AM",3.583,51.3,100,0,2024-03-28T07:09:39.000Z
"3/28/2024, 2:14:39 AM",3.583,51.3,100,0,2024-03-28T07:14:39.000Z
"3/28/2024, 2:19:39 AM",3.582,50.9,100,0,2024-03-28T07:19:39.000Z
"3/28/2024, 2:24:39 AM",3.582,50.9,100,0,2024-03-28T07:24:39.000Z
"3/28/2024, 2:29:39 AM",3.582,50.7,100,0,2024-03-28T07:29:39.000Z
"3/28/2024, 2:34:39 AM",3.582,50.5,100,0,2024-03-28T07:34:39.000Z
"3/28/2024, 2:39:39 AM",3.581,50.5,100,0,2024-03-28T07:39:39.000Z
"3/28/2024, 2:44:39 AM",3.581,50.4,100,0,2024-03-28T07:44:39.000Z
"3/28/2024, 2:49:39 AM",3.581,50.2,100,0,2024-03-28T07:49:39.000Z
"3/28/2024, 2:54:39 AM",3.58,50.2,100,0,2024-03-28T07:54:39.000Z
"3/28/2024, 2:59:39 AM",3.58,50.2,100,0,2024-03-28T07:59:39.000Z
"3/28/2024, 3:04:39 AM",3.58,50,100,0,2024-03-28T08:04:39.000Z
"3/28/2024, 3:09:39 AM",3.58,50,100,0,2024-03-28T08:09:39.000Z
"3/28/2024, 3:14:39 AM",3.58,49.8,100,0,2024-03-28T08:14:39.000Z
"3/28/2024, 3:19:39 AM",3.579,49.8,100,0,2024-03-28T08:19:39.000Z
"3/28/2024, 3:24:39 AM",3.58,49.6,100,0,2024-03-28T08:24:39.000Z
"3/28/2024, 3:29:39 AM",3.579,49.6,100,0,2024-03-28T08:29:39.000Z
"3/28/2024, 3:34:39 AM",3.579,49.6,100,0,2024-03-28T08:34:39.000Z
"3/28/2024, 3:39:39 AM",3.579,49.5,100,0,2024-03-28T08:39:39.000Z
"3/28/2024, 3:44:39 AM",3.579,49.5,100,0,2024-03-28T08:44:39.000Z
"3/28/2024, 3:49:39 AM",3.578,49.5,100,1,2024-03-28T08:49:39.000Z
"3/28/2024, 3:54:39 AM",3.578,49.3,100,1,2024-03-28T08:54:39.000Z
"3/28/2024, 3:59:39 AM",3.578,49.3,100,1,2024-03-28T08:59:39.000Z
"3/28/2024, 4:04:39 AM",3.578,49.1,100,0,2024-03-28T09:04:39.000Z
"3/28/2024, 4:09:39 AM",3.578,49.1,100,0,2024-03-28T09:09:39.000Z
"3/28/2024, 4:14:39 AM",3.577,49.1,100,1,2024-03-28T09:14:39.000Z
"3/28/2024, 4:19:39 AM",3.577,48.9,100,1,2024-03-28T09:19:39.000Z
"3/28/2024, 4:24:39 AM",3.577,48.9,100,1,2024-03-28T09:24:39.000Z
"3/28/2024, 4:29:39 AM",3.576,48.7,100,1,2024-03-28T09:29:39.000Z
"3/28/2024, 4:34:39 AM",3.576,48.7,100,1,2024-03-28T09:34:39.000Z
"3/28/2024, 4:39:39 AM",3.576,48.6,100,1,2024-03-28T09:39:39.000Z
"3/28/2024, 4:44:39 AM",3.575,48.6,100,1,2024-03-28T09:44:39.000Z
"3/28/2024, 4:49:39 AM",3.576,48.6,100,1,2024-03-28T09:49:39.000Z
"3/28/2024, 4:54:39 AM",3.575,48.6,100,0,2024-03-28T09:54:39.000Z
"3/28/2024, 4:59:39 AM",3.576,48.6,100,0,2024-03-28T09:59:39.000Z
"3/28/2024, 5:04:39 AM",3.575,48.6,100,1,2024-03-28T10:04:39.000Z
"3/28/2024, 5:09:39 AM",3.574,48.4,100,1,2024-03-28T10:09:39.000Z
"3/28/2024, 5:14:39 AM",3.574,48.4,100,1,2024-03-28T10:14:39.000Z
"3/28/2024, 5:19:39 AM",3.574,48.2,100,1,2024-03-28T10:19:39.000Z
"3/28/2024, 5:24:39 AM",3.574,48.2,100,1,2024-03-28T10:24:39.000Z
"3/28/2024, 5:29:39 AM",3.573,48.2,100,0,2024-03-28T10:29:39.000Z
"3/28/2024, 5:34:39 AM",3.573,48.2,100,1,2024-03-28T10:34:39.000Z
"3/28/2024, 5:39:39 AM",3.573,48,100,1,2024-03-28T10:39:39.000Z
"3/28/2024, 5:44:39 AM",3.573,48,100,1,2024-03-28T10:44:39.000Z
"3/28/2024, 5:49:39 AM",3.573,47.8,100,1,2024-03-28T10:49:39.000Z
"3/28/2024, 5:54:39 AM",3.572,47.8,100,0,2024-03-28T10:54:39.000Z
"3/28/2024, 5:59:39 AM",3.572,47.7,100,0,2024-03-28T10:59:39.000Z
"3/28/2024, 6:04:39 AM",3.572,47.7,100,0,2024-03-28T11:04:39.000Z
"3/28/2024, 6:09:39 AM",3.572,47.7,100,0,2024-03-28T11:09:39.000Z
"3/28/2024, 6:14:39 AM",3.571,47.5,100,0,2024-03-28T11:14:39.000Z
"3/28/2024, 6:19:39 AM",3.571,47.5,100,0,2024-03-28T11:19:39.000Z
"3/28/2024, 6:24:39 AM",3.571,47.5,100,1,2024-03-28T11:24:39.000Z
"3/28/2024, 6:29:39 AM",3.571,47.3,100,1,2024-03-28T11:29:39.000Z
"3/28/2024, 6:34:39 AM",3.571,47.3,100,1,2024-03-28T11:34:39.000Z
"3/28/2024, 6:39:39 AM",3.571,47.3,100,1,2024-03-28T11:39:39.000Z
"3/28/2024, 6:44:39 AM",3.57,47.3,100,0,2024-03-28T11:44:39.000Z
"3/28/2024, 6:49:39 AM",3.57,47.3,100,1,2024-03-28T11:49:39.000Z
"3/28/2024, 6:54:39 AM",3.57,47.5,100,1,2024-03-28T11:54:39.000Z
"3/28/2024, 6:59:39 AM",3.57,47.5,100,0,2024-03-28T11:59:39.000Z
"3/28/2024, 7:04:39 AM",3.57,47.8,100,0,2024-03-28T12:04:39.000Z
"3/28/2024, 7:09:39 AM",3.57,48,100,1,2024-03-28T12:09:39.000Z
"3/28/2024, 7:14:39 AM",3.57,48.2,100,1,2024-03-28T12:14:39.000Z
"3/28/2024, 7:19:39 AM",3.57,48.6,100,1,2024-03-28T12:19:39.000Z
"3/28/2024, 7:24:39 AM",3.57,48.7,100,0,2024-03-28T12:24:39.000Z
"3/28/2024, 7:29:39 AM",3.57,49.1,100,1,2024-03-28T12:29:39.000Z
"3/28/2024, 7:34:39 AM",3.57,49.5,100,0,2024-03-28T12:34:39.000Z
"3/28/2024, 7:39:39 AM",3.57,49.8,100,1,2024-03-28T12:39:39.000Z
"3/28/2024, 7:44:39 AM",3.57,50.2,100,1,2024-03-28T12:44:39.000Z
"3/28/2024, 7:49:39 AM",3.57,50.5,100,1,2024-03-28T12:49:39.000Z
"3/28/2024, 7:54:39 AM",3.57,50.9,100,0,2024-03-28T12:54:39.000Z
"3/28/2024, 7:59:39 AM",3.57,51.3,100,1,2024-03-28T12:59:39.000Z
"3/28/2024, 8:04:39 AM",3.57,51.6,100,0,2024-03-28T13:04:39.000Z
"3/28/2024, 8:09:39 AM",3.57,52,100,0,2024-03-28T13:09:39.000Z
"3/28/2024, 8:14:39 AM",3.57,52.3,100,0,2024-03-28T13:14:39.000Z
"3/28/2024, 8:19:39 AM",3.57,52.7,100,0,2024-03-28T13:19:39.000Z
"3/28/2024, 8:24:39 AM",3.571,53.1,100,0,2024-03-28T13:24:39.000Z
"3/28/2024, 8:29:39 AM",3.57,53.4,100,0,2024-03-28T13:29:39.000Z
"3/28/2024, 8:34:39 AM",3.571,54,100,0,2024-03-28T13:34:39.000Z
"3/28/2024, 8:39:39 AM",3.571,54.3,100,0,2024-03-28T13:39:39.000Z
"3/28/2024, 8:44:39 AM",3.571,54.7,100,0,2024-03-28T13:44:39.000Z
"3/28/2024, 8:49:39 AM",3.571,55.2,100,0,2024-03-28T13:49:39.000Z
"3/28/2024, 8:54:39 AM",3.572,55.8,100,0,2024-03-28T13:54:39.000Z
"3/28/2024, 8:59:39 AM",3.572,56.1,100,0,2024-03-28T13:59:39.000Z
"3/28/2024, 9:04:39 AM",3.572,56.5,100,0,2024-03-28T14:04:39.000Z
"3/28/2024, 9:09:39 AM",3.572,56.8,100,0,2024-03-28T14:09:39.000Z
"3/28/2024, 9:14:39 AM",3.572,57.4,100,0,2024-03-28T14:14:39.000Z
"3/28/2024, 9:19:39 AM",3.572,57.9,100,0,2024-03-28T14:19:39.000Z
"3/28/2024, 9:24:39 AM",3.573,58.3,100,0,2024-03-28T14:24:39.000Z
"3/28/2024, 9:29:39 AM",3.572,58.8,100,0,2024-03-28T14:29:39.000Z
"3/28/2024, 9:34:39 AM",3.573,59.2,100,0,2024-03-28T14:34:39.000Z
"3/28/2024, 9:39:39 AM",3.573,59.5,100,0,2024-03-28T14:39:39.000Z
"3/28/2024, 9:44:39 AM",3.573,59.9,100,0,2024-03-28T14:44:39.000Z
"3/28/2024, 9:49:39 AM",3.573,60.3,100,0,2024-03-28T14:49:39.000Z
"3/28/2024, 9:54:39 AM",3.573,60.6,100,0,2024-03-28T14:54:39.000Z
"3/28/2024, 9:59:39 AM",3.573,61.2,100,0,2024-03-28T14:59:39.000Z
"3/28/2024, 10:04:39 AM",3.573,61.7,100,0,2024-03-28T15:04:39.000Z
"3/28/2024, 10:09:39 AM",3.574,62.2,100,0,2024-03-28T15:09:39.000Z
"3/28/2024, 10:14:39 AM",3.574,62.8,100,0,2024-03-28T15:14:39.000Z
"3/28/2024, 10:19:39 AM",3.574,63.1,100,0,2024-03-28T15:19:39.000Z
"3/28/2024, 10:24:39 AM",3.574,63.7,100,0,2024-03-28T15:24:39.000Z
"3/28/2024, 10:29:39 AM",3.574,64.2,100,0,2024-03-28T15:29:39.000Z
"3/28/2024, 10:34:39 AM",3.574,64.8,100,0,2024-03-28T15:34:39.000Z
"3/28/2024, 10:39:39 AM",3.574,65.3,100,0,2024-03-28T15:39:39.000Z
"3/28/2024, 10:44:39 AM",3.574,65.7,100,0,2024-03-28T15:44:39.000Z
"3/28/2024, 10:49:39 AM",3.574,66.2,100,0,2024-03-28T15:49:39.000Z
"3/28/2024, 10:54:39 AM",3.574,66.6,100,0,2024-03-28T15:54:39.000Z
"3/28/2024, 10:59:39 AM",3.574,67.1,100,0,2024-03-28T15:59:39.000Z
"3/28/2024, 11:04:39 AM",3.574,67.6,100,0,2024-03-28T16:04:39.000Z
"3/28/2024, 11:09:39 AM",3.574,67.8,100,0,2024-03-28T16:09:39.000Z
"3/28/2024, 11:14:39 AM",3.574,68.4,100,0,2024-03-28T16:14:39.000Z
"3/28/2024, 11:19:39 AM",3.575,68.5,100,0,2024-03-28T16:19:39.000Z
"3/28/2024, 11:24:39 AM",3.574,68.9,100,0,2024-03-28T16:24:39.000Z
"3/28/2024, 11:29:39 AM",3.574,69.1,100,0,2024-03-28T16:29:39.000Z
"3/28/2024, 11:34:39 AM",3.575,69.3,100,0,2024-03-28T16:34:39.000Z
"3/28/2024, 11:39:39 AM",3.575,69.6,100,0,2024-03-28T16:39:39.000Z
"3/28/2024, 11:44:39 AM",3.575,69.8,100,0,2024-03-28T16:44:39.000Z
"3/28/2024, 11:49:39 AM",3.575,70.2,100,0,2024-03-28T16:49:39.000Z
"3/28/2024, 11:54:39 AM",3.575,70.5,100,0,2024-03-28T16:54:39.000Z
"3/28/2024, 11:59:39 AM",3.575,70.9,100,0,2024-03-28T16:59:39.000Z
"3/28/2024, 12:04:39 PM",3.576,71.1,100,0,2024-03-28T17:04:39.000Z
"3/28/2024, 12:09:39 PM",3.575,70.9,100,0,2024-03-28T17:09:39.000Z
"3/28/2024, 12:14:39 PM",3.576,71.2,100,0,2024-03-28T17:14:39.000Z
"3/28/2024, 12:19:39 PM",3.576,71.2,100,0,2024-03-28T17:19:39.000Z
"3/28/2024, 12:24:39 PM",3.576,71.1,100,0,2024-03-28T17:24:39.000Z
"3/28/2024, 12:29:39 PM",3.576,71.1,100,0,2024-03-28T17:29:39.000Z
"3/28/2024, 12:34:39 PM",3.576,71.2,100,0,2024-03-28T17:34:39.000Z
"3/28/2024, 12:39:39 PM",3.576,71.8,100,0,2024-03-28T17:39:39.000Z
"3/28/2024, 12:44:39 PM",3.577,72,100,0,2024-03-28T17:44:39.000Z
"3/28/2024, 12:49:39 PM",3.576,71.8,100,0,2024-03-28T17:49:39.000Z
"3/28/2024, 12:54:39 PM",3.576,72.1,100,0,2024-03-28T17:54:39.000Z
"3/28/2024, 12:59:39 PM",3.577,72.3,100,0,2024-03-28T17:59:39.000Z
"3/28/2024, 1:04:39 PM",3.577,72.5,100,0,2024-03-28T18:04:39.000Z
"3/28/2024, 1:09:39 PM",3.577,72.3,100,0,2024-03-28T18:09:39.000Z
"3/28/2024, 1:14:39 PM",3.577,72.3,100,0,2024-03-28T18:14:39.000Z
"3/28/2024, 1:19:39 PM",3.577,72.3,100,0,2024-03-28T18:19:39.000Z
"3/28/2024, 1:24:39 PM",3.577,72.1,100,0,2024-03-28T18:24:39.000Z
"3/28/2024, 1:29:39 PM",3.577,72.3,100,0,2024-03-28T18:29:39.000Z
"3/28/2024, 1:34:39 PM",3.577,72.5,100,0,2024-03-28T18:34:39.000Z
"3/28/2024, 1:39:39 PM",3.577,72.9,100,0,2024-03-28T18:39:39.000Z
"3/28/2024, 1:44:39 PM",3.577,72.9,100,0,2024-03-28T18:44:39.000Z
"3/28/2024, 1:49:39 PM",3.578,72.9,100,0,2024-03-28T18:49:39.000Z
"3/28/2024, 1:54:39 PM",3.577,72.9,100,0,2024-03-28T18:54:39.000Z
"3/28/2024, 1:59:39 PM",3.577,72.7,100,0,2024-03-28T18:59:39.000Z
"3/28/2024, 2:04:39 PM",3.578,72.9,100,0,2024-03-28T19:04:39.000Z
"3/28/2024, 2:09:39 PM",3.578,73.4,100,0,2024-03-28T19:09:39.000Z
"3/28/2024, 2:14:39 PM",3.577,73.6,100,0,2024-03-28T19:14:39.000Z
"3/28/2024, 2:19:39 PM",3.578,73.4,100,0,2024-03-28T19:19:39.000Z
"3/28/2024, 2:24:39 PM",3.578,73.9,100,0,2024-03-28T19:24:39.000Z
"3/28/2024, 2:29:39 PM",3.578,74.7,100,0,2024-03-28T19:29:39.000Z
"3/28/2024, 2:34:39 PM",3.577,74.8,100,0,2024-03-28T19:34:39.000Z
"3/28/2024, 2:39:39 PM",3.578,74.3,100,0,2024-03-28T19:39:39.000Z
"3/28/2024, 2:44:39 PM",3.578,73.9,100,0,2024-03-28T19:44:39.000Z
"3/28/2024, 2:49:39 PM",3.578,73.4,100,0,2024-03-28T19:49:39.000Z
"3/28/2024, 2:54:39 PM",3.578,73.2,100,0,2024-03-28T19:54:39.000Z
"3/28/2024, 2:59:39 PM",3.578,73,100,0,2024-03-28T19:59:39.000Z
"3/28/2024, 3:04:39 PM",3.578,73,100,0,2024-03-28T20:04:39.000Z
"3/28/2024, 3:09:39 PM",3.578,73,100,0,2024-03-28T20:09:39.000Z
"3/28/2024, 3:14:39 PM",3.578,72.9,100,0,2024-03-28T20:14:39.000Z
"3/28/2024, 3:19:39 PM",3.579,72.5,100,0,2024-03-28T20:19:39.000Z
"3/28/2024, 3:24:39 PM",3.579,72.3,100,0,2024-03-28T20:24:39.000Z
"3/28/2024, 3:29:39 PM",3.578,72.3,100,0,2024-03-28T20:29:39.000Z
"3/28/2024, 3:34:39 PM",3.579,71.8,100,0,2024-03-28T20:34:39.000Z
"3/28/2024, 3:39:39 PM",3.579,71.6,100,0,2024-03-28T20:39:39.000Z
"3/28/2024, 3:44:39 PM",3.579,71.4,100,0,2024-03-28T20:44:39.000Z
"3/28/2024, 3:49:39 PM",3.579,71.1,100,0,2024-03-28T20:49:39.000Z
"3/28/2024, 3:54:39 PM",3.579,71.1,100,0,2024-03-28T20:54:39.000Z
"3/28/2024, 3:59:39 PM",3.579,71.4,100,0,2024-03-28T20:59:39.000Z
"3/28/2024, 4:04:39 PM",3.579,71.2,100,0,2024-03-28T21:04:39.000Z
"3/28/2024, 4:09:39 PM",3.578,71.4,100,0,2024-03-28T21:09:39.000Z
"3/28/2024, 4:14:39 PM",3.578,71.6,100,0,2024-03-28T21:14:39.000Z
"3/28/2024, 4:19:39 PM",3.578,72,100,0,2024-03-28T21:19:39.000Z
"3/28/2024, 4:24:39 PM",3.579,72.5,100,0,2024-03-28T21:24:39.000Z
"3/28/2024, 4:29:39 PM",3.578,72.7,100,0,2024-03-28T21:29:39.000Z
"3/28/2024, 4:34:39 PM",3.579,72.5,100,0,2024-03-28T21:34:39.000Z
"3/28/2024, 4:39:39 PM",3.578,72,100,0,2024-03-28T21:39:39.000Z
"3/28/2024, 4:44:39 PM",3.578,72.1,100,0,2024-03-28T21:44:39.000Z
"3/28/2024, 4:49:39 PM",3.579,72.5,100,0,2024-03-28T21:49:39.000Z
"3/28/2024, 4:54:39 PM",3.578,72.3,100,0,2024-03-28T21:54:39.000Z
"3/28/2024, 4:59:39 PM",3.578,72.3,100,0,2024-03-28T21:59:39.000Z
"3/28/2024, 5:04:39 PM",3.579,72.1,100,0,2024-03-28T22:04:39.000Z
"3/28/2024, 5:09:39 PM",3.579,72,100,0,2024-03-28T22:09:39.000Z
"3/28/2024, 5:14:39 PM",3.578,71.8,100,0,2024-03-28T22:14:39.000Z
"3/28/2024, 5:19:39 PM",3.579,71.6,100,0,2024-03-28T22:19:39.000Z
"3/28/2024, 5:24:39 PM",3.579,71.2,100,0,2024-03-28T22:24:39.000Z
"3/28/2024, 5:29:39 PM",3.579,70.9,100,0,2024-03-28T22:29:39.000Z
"3/28/2024, 5:34:39 PM",3.579,70.3,100,0,2024-03-28T22:34:39.000Z
"3/28/2024, 5:39:39 PM",3.579,70,100,0,2024-03-28T22:39:39.000Z
"3/28/2024, 5:44:39 PM",3.579,69.3,100,0,2024-03-28T22:44:39.000Z
"3/28/2024, 5:49:39 PM",3.58,68.7,100,0,2024-03-28T22:49:39.000Z
"3/28/2024, 5:54:39 PM",3.579,68.4,100,0,2024-03-28T22:54:39.000Z
"3/28/2024, 5:59:39 PM",3.58,67.8,100,0,2024-03-28T22:59:39.000Z
"3/28/2024, 6:04:39 PM",3.579,67.5,100,0,2024-03-28T23:04:39.000Z
"3/28/2024, 6:09:39 PM",3.579,67.3,100,0,2024-03-28T23:09:39.000Z
"3/28/2024, 6:14:39 PM",3.579,66.9,100,0,2024-03-28T23:14:39.000Z
"3/28/2024, 6:19:39 PM",3.579,66.6,100,0,2024-03-28T23:19:39.000Z
"3/28/2024, 6:24:39 PM",3.579,66.2,100,0,2024-03-28T23:24:39.000Z
"3/28/2024, 6:29:39 PM",3.58,66,100,0,2024-03-28T23:29:39.000Z
"3/28/2024, 6:34:39 PM",3.579,65.8,100,0,2024-03-28T23:34:39.000Z
"3/28/2024, 6:39:39 PM",3.579,65.7,100,0,2024-03-28T23:39:39.000Z
"3/28/2024, 6:44:39 PM",3.579,65.1,100,0,2024-03-28T23:44:39.000Z
"3/28/2024, 6:49:39 PM",3.579,64.8,100,0,2024-03-28T23:49:39.000Z
"3/28/2024, 6:54:39 PM",3.579,64.4,100,0,2024-03-28T23:54:39.000Z
"3/28/2024, 6:59:39 PM",3.579,64.2,100,0,2024-03-28T23:59:39.000Z
"3/28/2024, 7:04:39 PM",3.579,63.9,100,0,2024-03-29T00:04:39.000Z
"3/28/2024, 7:09:39 PM",3.579,63.5,100,0,2024-03-29T00:09:39.000Z
"3/28/2024, 7:14:39 PM",3.579,63.3,100,0,2024-03-29T00:14:39.000Z
"3/28/2024, 7:19:39 PM",3.578,63,100,0,2024-03-29T00:19:39.000Z
"3/28/2024, 7:24:39 PM",3.579,62.8,100,0,2024-03-29T00:24:39.000Z
"3/28/2024, 7:29:39 PM",3.578,62.4,100,0,2024-03-29T00:29:39.000Z
"3/28/2024, 7:34:39 PM",3.579,62.2,100,0,2024-03-29T00:34:39.000Z
"3/28/2024, 7:39:39 PM",3.579,62.2,100,0,2024-03-29T00:39:39.000Z
"3/28/2024, 7:44:39 PM",3.579,62.1,100,0,2024-03-29T00:44:39.000Z
"3/28/2024, 7:49:39 PM",3.579,61.9,100,0,2024-03-29T00:49:39.000Z
"3/28/2024, 7:54:39 PM",3.578,61.9,100,0,2024-03-29T00:54:39.000Z
"3/28/2024, 7:59:39 PM",3.578,61.7,100,1,2024-03-29T00:59:39.000Z
"3/28/2024, 8:04:39 PM",3.578,61.7,100,0,2024-03-29T01:04:39.000Z
"3/28/2024, 8:09:39 PM",3.578,61.7,100,0,2024-03-29T01:09:39.000Z
"3/28/2024, 8:14:39 PM",3.578,61.7,100,1,2024-03-29T01:14:39.000Z
"3/28/2024, 8:19:39 PM",3.577,61.7,100,0,2024-03-29T01:19:39.000Z
"3/28/2024, 8:24:39 PM",3.578,61.9,100,0,2024-03-29T01:24:39.000Z
"3/28/2024, 8:29:39 PM",3.577,62.1,100,0,2024-03-29T01:29:39.000Z
"3/28/2024, 8:34:39 PM",3.578,62.2,100,0,2024-03-29T01:34:39.000Z
"3/28/2024, 8:39:39 PM",3.578,62.4,100,0,2024-03-29T01:39:39.000Z
"3/28/2024, 8:44:39 PM",3.577,62.6,100,1,2024-03-29T01:44:39.000Z
"3/28/2024, 8:49:39 PM",3.577,62.6,100,0,2024-03-29T01:49:39.000Z
"3/28/2024, 8:54:39 PM",3.577,62.8,100,0,2024-03-29T01:54:39.000Z
"3/28/2024, 8:59:39 PM",3.577,63,100,0,2024-03-29T01:59:39.000Z
"3/28/2024, 9:04:39 PM",3.577,63.1,100,0,2024-03-29T02:04:39.000Z
"3/28/2024, 9:09:39 PM",3.577,63.3,100,0,2024-03-29T02:09:39.000Z
"3/28/2024, 9:14:39 PM",3.578,63.3,100,1,2024-03-29T02:14:39.000Z
"3/28/2024, 9:19:39 PM",3.577,63.3,100,1,2024-03-29T02:19:39.000Z
"3/28/2024, 9:24:39 PM",3.577,63.3,100,0,2024-03-29T02:24:39.000Z
"3/28/2024, 9:29:39 PM",3.578,63.3,100,1,2024-03-29T02:29:39.000Z
"3/28/2024, 9:34:39 PM",3.577,63.3,100,1,2024-03-29T02:34:39.000Z
"3/28/2024, 9:39:39 PM",3.577,63.1,100,0,2024-03-29T02:39:39.000Z
"3/28/2024, 9:44:39 PM",3.577,63,100,0,2024-03-29T02:44:39.000Z
"3/28/2024, 9:49:39 PM",3.577,62.8,100,0,2024-03-29T02:49:39.000Z
"3/28/2024, 9:54:39 PM",3.577,62.6,100,0,2024-03-29T02:54:39.000Z
"3/28/2024, 9:59:39 PM",3.578,62.6,100,0,2024-03-29T02:59:39.000Z
"3/28/2024, 10:04:39 PM",3.577,62.6,100,0,2024-03-29T03:04:39.000Z
"3/28/2024, 10:09:39 PM",3.578,62.6,100,1,2024-03-29T03:09:39.000Z
"3/28/2024, 10:14:39 PM",3.577,62.6,100,1,2024-03-29T03:14:39.000Z
"3/28/2024, 10:19:39 PM",3.577,62.6,100,0,2024-03-29T03:19:39.000Z
"3/28/2024, 10:24:39 PM",3.577,62.8,100,0,2024-03-29T03:24:39.000Z
"3/28/2024, 10:29:39 PM",3.577,62.8,100,0,2024-03-29T03:29:39.000Z
"3/28/2024, 10:34:39 PM",3.577,62.8,100,0,2024-03-29T03:34:39.000Z
"3/28/2024, 10:39:39 PM",3.577,62.6,100,1,2024-03-29T03:39:39.000Z
"3/28/2024, 10:44:39 PM",3.577,62.4,100,0,2024-03-29T03:44:39.000Z
"3/28/2024, 10:49:39 PM",3.577,62.1,100,0,2024-03-29T03:49:39.000Z
"3/28/2024, 10:54:39 PM",3.577,61.7,100,0,2024-03-29T03:54:39.000Z
"3/28/2024, 10:59:39 PM",3.577,61.5,100,1,2024-03-29T03:59:39.000Z
"3/28/2024, 11:04:39 PM",3.577,61.3,100,0,2024-03-29T04:04:39.000Z
"3/28/2024, 11:09:39 PM",3.577,61.2,100,0,2024-03-29T04:09:39.000Z
"3/28/2024, 11:14:39 PM",3.577,61,100,0,2024-03-29T04:14:39.000Z
"3/28/2024, 11:19:39 PM",3.577,61.2,100,0,2024-03-29T04:19:39.000Z
"3/28/2024, 11:24:39 PM",3.577,61.2,100,0,2024-03-29T04:24:39.000Z
"3/28/2024, 11:29:39 PM",3.577,61.2,100,1,2024-03-29T04:29:39.000Z
"3/28/2024, 11:34:39 PM",3.577,61.2,100,0,2024-03-29T04:34:39.000Z
"3/28/2024, 11:39:39 PM",3.577,61,100,0,2024-03-29T04:39:39.000Z
"3/28/2024, 11:44:39 PM",3.577,60.8,100,0,2024-03-29T04:44:39.000Z
"3/28/2024, 11:49:39 PM",3.577,60.6,100,0,2024-03-29T04:49:39.000Z
"3/28/2024, 11:54:39 PM",3.577,60.6,100,0,2024-03-29T04:54:39.000Z
"3/28/2024, 11:59:39 PM",3.577,60.4,100,0,2024-03-29T04:59:39.000Z
"3/29/2024, 12:04:39 AM",3.577,60.4,100,0,2024-03-29T05:04:39.000Z
"3/29/2024, 12:09:39 AM",3.577,60.3,100,0,2024-03-29T05:09:39.000Z
"3/29/2024, 12:14:39 AM",3.577,60.3,100,0,2024-03-29T05:14:39.000Z
"3/29/2024, 12:19:39 AM",3.576,60.3,100,0,2024-03-29T05:19:39.000Z
"3/29/2024, 12:24:39 AM",3.576,60.4,100,0,2024-03-29T05:24:39.000Z
"3/29/2024, 12:29:39 AM",3.577,60.4,100,0,2024-03-29T05:29:39.000Z
"3/29/2024, 12:34:39 AM",3.576,60.6,100,0,2024-03-29T05:34:39.000Z
"3/29/2024, 12:39:39 AM",3.576,60.8,100,0,2024-03-29T05:39:39.000Z
"3/29/2024, 12:44:39 AM",3.576,60.8,100,0,2024-03-29T05:44:39.000Z
"3/29/2024, 12:49:39 AM",3.576,60.8,100,0,2024-03-29T05:49:39.000Z
"3/29/2024, 12:54:39 AM",3.576,60.8,100,0,2024-03-29T05:54:39.000Z
"3/29/2024, 12:59:39 AM",3.577,60.8,100,0,2024-03-29T05:59:39.000Z
"3/29/2024, 1:04:39 AM",3.577,60.8,100,0,2024-03-29T06:04:39.000Z
"3/29/2024, 1:09:39 AM",3.576,61,100,0,2024-03-29T06:09:39.000Z
"3/29/2024, 1:14:39 AM",3.576,61,100,0,2024-03-29T06:14:39.000Z
"3/29/2024, 1:19:39 AM",3.576,60.8,100,0,2024-03-29T06:19:39.000Z
"3/29/2024, 1:24:39 AM",3.576,60.8,100,0,2024-03-29T06:24:39.000Z
"3/29/2024, 1:29:39 AM",3.576,60.8,100,0,2024-03-29T06:29:39.000Z
"3/29/2024, 1:34:39 AM",3.576,60.8,100,0,2024-03-29T06:34:39.000Z
"3/29/2024, 1:39:39 AM",3.576,60.6,100,0,2024-03-29T06:39:39.000Z
"3/29/2024, 1:44:39 AM",3.576,60.4,100,0,2024-03-29T06:44:39.000Z
"3/29/2024, 1:49:39 AM",3.576,60.4,100,0,2024-03-29T06:49:39.000Z
"3/29/2024, 1:54:39 AM",3.576,60.4,100,0,2024-03-29T06:54:39.000Z
"3/29/2024, 1:59:39 AM",3.576,60.6,100,0,2024-03-29T06:59:39.000Z
"3/29/2024, 2:04:39 AM",3.576,60.8,100,0,2024-03-29T07:04:39.000Z
"3/29/2024, 2:09:39 AM",3.576,60.8,100,0,2024-03-29T07:09:39.000Z
"3/29/2024, 2:14:39 AM",3.576,60.8,100,0,2024-03-29T07:14:39.000Z
"3/29/2024, 2:19:39 AM",3.576,60.8,100,0,2024-03-29T07:19:39.000Z
"3/29/2024, 2:24:39 AM",3.577,60.8,100,0,2024-03-29T07:24:39.000Z
"3/29/2024, 2:29:39 AM",3.576,61,100,0,2024-03-29T07:29:39.000Z
"3/29/2024, 2:34:39 AM",3.576,61,100,0,2024-03-29T07:34:39.000Z
"3/29/2024, 2:39:39 AM",3.576,61.2,100,0,2024-03-29T07:39:39.000Z
"3/29/2024, 2:44:39 AM",3.576,61.2,100,0,2024-03-29T07:44:39.000Z
"3/29/2024, 2:49:39 AM",3.576,61.2,100,0,2024-03-29T07:49:39.000Z
"3/29/2024, 2:54:39 AM",3.576,61.2,100,0,2024-03-29T07:54:39.000Z
"3/29/2024, 2:59:39 AM",3.576,61.2,100,0,2024-03-29T07:59:39.000Z
"3/29/2024, 3:04:39 AM",3.576,61.2,100,0,2024-03-29T08:04:39.000Z
"3/29/2024, 3:09:39 AM",3.576,61.2,100,0,2024-03-29T08:09:39.000Z
"3/29/2024, 3:14:39 AM",3.576,61.2,100,0,2024-03-29T08:14:39.000Z
"3/29/2024, 3:19:39 AM",3.576,61.2,100,0,2024-03-29T08:19:39.000Z
"3/29/2024, 3:24:39 AM",3.576,61.2,100,0,2024-03-29T08:24:39.000Z
"3/29/2024, 3:29:39 AM",3.576,61.2,100,0,2024-03-29T08:29:39.000Z
"3/29/2024, 3:34:39 AM",3.576,61,100,0,2024-03-29T08:34:39.000Z
"3/29/2024, 3:39:39 AM",3.576,61,100,0,2024-03-29T08:39:39.000Z
"3/29/2024, 3:44:39 AM",3.576,60.8,100,0,2024-03-29T08:44:39.000Z
"3/29/2024, 3:49:39 AM",3.576,60.8,100,0,2024-03-29T08:49:39.000Z
"3/29/2024, 3:54:39 AM",3.576,60.8,100,0,2024-03-29T08:54:39.000Z
"3/29/2024, 3:59:39 AM",3.576,60.6,100,0,2024-03-29T08:59:39.000Z
"3/29/2024, 4:04:39 AM",3.576,60.6,100,0,2024-03-29T09:04:39.000Z
"3/29/2024, 4:09:39 AM",3.576,60.4,100,0,2024-03-29T09:09:39.000Z
"3/29/2024, 4:14:39 AM",3.576,60.1,100,1,2024-03-29T09:14:39.000Z
"3/29/2024, 4:19:39 AM",3.576,59.9,100,0,2024-03-29T09:19:39.000Z
"3/29/2024, 4:24:39 AM",3.576,59.7,100,0,2024-03-29T09:24:39.000Z
"3/29/2024, 4:29:39 AM",3.576,59.5,100,0,2024-03-29T09:29:39.000Z
"3/29/2024, 4:34:39 AM",3.576,59.2,100,0,2024-03-29T09:34:39.000Z
"3/29/2024, 4:39:39 AM",3.576,59,100,0,2024-03-29T09:39:39.000Z
"3/29/2024, 4:44:39 AM",3.576,59,100,0,2024-03-29T09:44:39.000Z
"3/29/2024, 4:49:39 AM",3.576,59,100,1,2024-03-29T09:49:39.000Z
"3/29/2024, 4:54:39 AM",3.576,59,100,1,2024-03-29T09:54:39.000Z
"3/29/2024, 4:59:39 AM",3.576,59,100,1,2024-03-29T09:59:39.000Z
"3/29/2024, 5:04:39 AM",3.576,58.8,100,1,2024-03-29T10:04:39.000Z
"3/29/2024, 5:09:39 AM",3.576,58.6,100,1,2024-03-29T10:09:39.000Z
"3/29/2024, 5:14:39 AM",3.576,58.5,100,1,2024-03-29T10:14:39.000Z
"3/29/2024, 5:19:39 AM",3.576,58.5,100,1,2024-03-29T10:19:39.000Z
"3/29/2024, 5:24:39 AM",3.575,58.3,100,1,2024-03-29T10:24:39.000Z
"3/29/2024, 5:29:39 AM",3.576,58.1,100,1,2024-03-29T10:29:39.000Z
"3/29/2024, 5:34:39 AM",3.576,57.9,100,1,2024-03-29T10:34:39.000Z
"3/29/2024, 5:39:39 AM",3.575,57.7,100,1,2024-03-29T10:39:39.000Z
"3/29/2024, 5:44:39 AM",3.575,57.6,100,1,2024-03-29T10:44:39.000Z
"3/29/2024, 5:49:39 AM",3.576,57.6,100,1,2024-03-29T10:49:39.000Z
"3/29/2024, 5:54:39 AM",3.575,57.4,100,1,2024-03-29T10:54:39.000Z
"3/29/2024, 5:59:39 AM",3.576,57.2,100,1,2024-03-29T10:59:39.000Z
"3/29/2024, 6:04:39 AM",3.575,57,100,1,2024-03-29T11:04:39.000Z
"3/29/2024, 6:09:39 AM",3.575,56.8,100,1,2024-03-29T11:09:39.000Z
"3/29/2024, 6:14:39 AM",3.575,56.8,100,1,2024-03-29T11:14:39.000Z
"3/29/2024, 6:19:39 AM",3.575,56.8,100,1,2024-03-29T11:19:39.000Z
"3/29/2024, 6:24:39 AM",3.575,56.8,100,1,2024-03-29T11:24:39.000Z
"3/29/2024, 6:29:39 AM",3.575,56.8,100,1,2024-03-29T11:29:39.000Z
"3/29/2024, 6:34:39 AM",3.575,57,100,1,2024-03-29T11:34:39.000Z
"3/29/2024, 6:39:39 AM",3.575,57,100,1,2024-03-29T11:39:39.000Z
"3/29/2024, 6:44:39 AM",3.575,57.2,100,1,2024-03-29T11:44:39.000Z
"3/29/2024, 6:49:39 AM",3.575,57.2,100,1,2024-03-29T11:49:39.000Z
"3/29/2024, 6:54:39 AM",3.575,57.4,100,1,2024-03-29T11:54:39.000Z
"3/29/2024, 6:59:39 AM",3.574,57.4,100,1,2024-03-29T11:59:39.000Z
"3/29/2024, 7:04:39 AM",3.574,57.6,100,1,2024-03-29T12:04:39.000Z
"3/29/2024, 7:09:39 AM",3.575,57.7,100,1,2024-03-29T12:09:39.000Z
"3/29/2024, 7:14:39 AM",3.574,58.1,100,1,2024-03-29T12:14:39.000Z
"3/29/2024, 7:19:39 AM",3.575,58.3,100,1,2024-03-29T12:19:39.000Z
"3/29/2024, 7:24:39 AM",3.574,58.5,100,1,2024-03-29T12:24:39.000Z
"3/29/2024, 7:29:39 AM",3.575,58.8,100,1,2024-03-29T12:29:39.000Z
"3/29/2024, 7:34:39 AM",3.574,59,100,1,2024-03-29T12:34:39.000Z
"3/29/2024, 7:39:39 AM",3.574,59,100,1,2024-03-29T12:39:39.000Z
"3/29/2024, 7:44:39 AM",3.574,59.2,100,1,2024-03-29T12:44:39.000Z
"3/29/2024, 7:49:39 AM",3.574,59.4,100,1,2024-03-29T12:49:39.000Z
"3/29/2024, 7:54:39 AM",3.574,59.7,100,1,2024-03-29T12:54:39.000Z
"3/29/2024, 7:59:39 AM",3.575,60.1,100,1,2024-03-29T12:59:39.000Z
"3/29/2024, 8:04:39 AM",3.575,60.6,100,1,2024-03-29T13:04:39.000Z
"3/29/2024, 8:09:39 AM",3.575,61,100,1,2024-03-29T13:09:39.000Z
"3/29/2024, 8:14:39 AM",3.574,61.2,100,1,2024-03-29T13:14:39.000Z
"3/29/2024, 8:19:39 AM",3.574,61.7,100,1,2024-03-29T13:19:39.000Z
"3/29/2024, 8:24:39 AM",3.575,62.1,100,1,2024-03-29T13:24:39.000Z
"3/29/2024, 8:29:39 AM",3.575,62.2,100,1,2024-03-29T13:29:39.000Z
"3/29/2024, 8:34:39 AM",3.575,62.4,100,1,2024-03-29T13:34:39.000Z
"3/29/2024, 8:39:39 AM",3.575,62.6,100,1,2024-03-29T13:39:39.000Z
"3/29/2024, 8:44:39 AM",3.575,62.8,100,1,2024-03-29T13:44:39.000Z
"3/29/2024, 8:49:39 AM",3.575,63.1,100,1,2024-03-29T13:49:39.000Z
"3/29/2024, 8:54:39 AM",3.575,63.7,100,1,2024-03-29T13:54:39.000Z
"3/29/2024, 8:59:39 AM",3.575,64.4,100,1,2024-03-29T13:59:39.000Z
"3/29/2024, 9:04:39 AM",3.575,65.1,100,1,2024-03-29T14:04:39.000Z
"3/29/2024, 9:09:39 AM",3.575,65.8,100,1,2024-03-29T14:09:39.000Z
"3/29/2024, 9:14:39 AM",3.575,66.4,100,1,2024-03-29T14:14:39.000Z
"3/29/2024, 9:19:39 AM",3.575,66.9,100,1,2024-03-29T14:19:39.000Z
"3/29/2024, 9:24:39 AM",3.575,67.6,100,1,2024-03-29T14:24:39.000Z
"3/29/2024, 9:29:39 AM",3.575,68,100,1,2024-03-29T14:29:39.000Z
"3/29/2024, 9:34:39 AM",3.575,68.4,100,1,2024-03-29T14:34:39.000Z
"3/29/2024, 9:39:39 AM",3.575,68.4,100,1,2024-03-29T14:39:39.000Z
"3/29/2024, 9:44:39 AM",3.576,68.2,100,1,2024-03-29T14:44:39.000Z
"3/29/2024, 9:49:39 AM",3.576,68.4,100,0,2024-03-29T14:49:39.000Z
"3/29/2024, 9:54:39 AM",3.576,69.1,100,0,2024-03-29T14:54:39.000Z
"3/29/2024, 9:59:39 AM",3.576,69.6,100,1,2024-03-29T14:59:39.000Z
"3/29/2024, 10:04:39 AM",3.576,70.2,100,0,2024-03-29T15:04:39.000Z
"3/29/2024, 10:09:39 AM",3.576,70.7,100,1,2024-03-29T15:09:39.000Z
"3/29/2024, 10:14:39 AM",3.576,71.4,100,1,2024-03-29T15:14:39.000Z
"3/29/2024, 10:19:39 AM",3.576,72.1,100,1,2024-03-29T15:19:39.000Z
"3/29/2024, 10:24:39 AM",3.576,72.9,100,0,2024-03-29T15:24:39.000Z
"3/29/2024, 10:29:39 AM",3.576,73.6,100,0,2024-03-29T15:29:39.000Z
"3/29/2024, 10:34:39 AM",3.576,74.3,100,0,2024-03-29T15:34:39.000Z
"3/29/2024, 10:39:39 AM",3.576,74.8,100,0,2024-03-29T15:39:39.000Z
"3/29/2024, 10:44:39 AM",3.576,75.2,100,0,2024-03-29T15:44:39.000Z
"3/29/2024, 10:49:39 AM",3.576,75.6,100,0,2024-03-29T15:49:39.000Z
"3/29/2024, 10:54:39 AM",3.576,76.1,100,0,2024-03-29T15:54:39.000Z
"3/29/2024, 10:59:39 AM",3.576,76.3,100,0,2024-03-29T15:59:39.000Z
"3/29/2024, 11:04:39 AM",3.576,76.5,100,0,2024-03-29T16:04:39.000Z
"3/29/2024, 11:09:39 AM",3.577,77,100,0,2024-03-29T16:09:39.000Z
"3/29/2024, 11:14:39 AM",3.576,77.4,100,0,2024-03-29T16:14:39.000Z
"3/29/2024, 11:19:39 AM",3.576,77.7,100,0,2024-03-29T16:19:39.000Z
"3/29/2024, 11:24:39 AM",3.576,78.3,100,0,2024-03-29T16:24:39.000Z
"3/29/2024, 11:29:39 AM",3.576,78.4,100,0,2024-03-29T16:29:39.000Z
"3/29/2024, 11:34:39 AM",3.576,78.8,100,0,2024-03-29T16:34:39.000Z
"3/29/2024, 11:39:39 AM",3.576,79,100,1,2024-03-29T16:39:39.000Z
"3/29/2024, 11:44:39 AM",3.576,79.3,100,1,2024-03-29T16:44:39.000Z
"3/29/2024, 11:49:39 AM",3.577,79.5,100,1,2024-03-29T16:49:39.000Z
"3/29/2024, 11:54:39 AM",3.576,79.9,100,1,2024-03-29T16:54:39.000Z
"3/29/2024, 11:59:39 AM",3.576,80.2,100,1,2024-03-29T16:59:39.000Z
"3/29/2024, 12:04:39 PM",3.576,80.4,100,0,2024-03-29T17:04:39.000Z
"3/29/2024, 12:09:39 PM",3.576,80.8,100,0,2024-03-29T17:09:39.000Z
"3/29/2024, 12:14:39 PM",3.576,80.8,100,0,2024-03-29T17:14:39.000Z
"3/29/2024, 12:19:39 PM",3.576,81,100,0,2024-03-29T17:19:39.000Z
"3/29/2024, 12:24:39 PM",3.576,81.1,100,0,2024-03-29T17:24:39.000Z
"3/29/2024, 12:29:39 PM",3.576,81.1,100,0,2024-03-29T17:29:39.000Z
"3/29/2024, 12:34:39 PM",3.576,81.3,100,0,2024-03-29T17:34:39.000Z
"3/29/2024, 12:39:39 PM",3.577,81.7,100,0,2024-03-29T17:39:39.000Z
"3/29/2024, 12:44:39 PM",3.577,82,100,0,2024-03-29T17:44:39.000Z
"3/29/2024, 12:49:39 PM",3.577,82,100,0,2024-03-29T17:49:39.000Z
"3/29/2024, 12:54:39 PM",3.576,82,100,0,2024-03-29T17:54:39.000Z
"3/29/2024, 12:59:39 PM",3.577,82,100,0,2024-03-29T17:59:39.000Z
"3/29/2024, 1:04:39 PM",3.577,82.2,100,0,2024-03-29T18:04:39.000Z
"3/29/2024, 1:09:39 PM",3.577,82.4,100,0,2024-03-29T18:09:39.000Z
"3/29/2024, 1:14:39 PM",3.576,82.8,100,0,2024-03-29T18:14:39.000Z
"3/29/2024, 1:19:39 PM",3.576,83.1,100,0,2024-03-29T18:19:39.000Z
"3/29/2024, 1:24:39 PM",3.575,83.5,100,0,2024-03-29T18:24:39.000Z
"3/29/2024, 1:29:39 PM",3.575,83.7,100,0,2024-03-29T18:29:39.000Z
"3/29/2024, 1:34:39 PM",3.575,84,100,0,2024-03-29T18:34:39.000Z
"3/29/2024, 1:39:39 PM",3.575,84.2,100,0,2024-03-29T18:39:39.000Z
"3/29/2024, 1:44:39 PM",3.575,84.4,100,0,2024-03-29T18:44:39.000Z
"3/29/2024, 1:49:39 PM",3.575,84.4,100,0,2024-03-29T18:49:39.000Z
"3/29/2024, 1:54:39 PM",3.575,84.2,100,0,2024-03-29T18:54:39.000Z
"3/29/2024, 1:59:39 PM",3.575,84.2,100,0,2024-03-29T18:59:39.000Z
"3/29/2024, 2:04:39 PM",3.575,84.4,100,0,2024-03-29T19:04:39.000Z
"3/29/2024, 2:09:39 PM",3.575,84.6,100,0,2024-03-29T19:09:39.000Z
"3/29/2024, 2:14:39 PM",3.575,84.6,100,0,2024-03-29T19:14:39.000Z
"3/29/2024, 2:19:39 PM",3.575,84.7,100,0,2024-03-29T19:19:39.000Z
"3/29/2024, 2:24:39 PM",3.575,85.1,100,0,2024-03-29T19:24:39.000Z
"3/29/2024, 2:29:39 PM",3.575,85.5,100,0,2024-03-29T19:29:39.000Z
"3/29/2024, 2:34:39 PM",3.574,85.3,100,0,2024-03-29T19:34:39.000Z
"3/29/2024, 2:39:39 PM",3.575,84.9,100,0,2024-03-29T19:39:39.000Z
"3/29/2024, 2:44:39 PM",3.575,84.9,100,0,2024-03-29T19:44:39.000Z
"3/29/2024, 2:49:39 PM",3.574,85.3,100,0,2024-03-29T19:49:39.000Z
"3/29/2024, 2:54:39 PM",3.574,85.8,100,0,2024-03-29T19:54:39.000Z
"3/29/2024, 2:59:39 PM",3.574,86.2,100,0,2024-03-29T19:59:39.000Z
"3/29/2024, 3:04:39 PM",3.575,86.4,100,0,2024-03-29T20:04:39.000Z
"3/29/2024, 3:09:39 PM",3.575,86.5,100,0,2024-03-29T20:09:39.000Z
"3/29/2024, 3:14:39 PM",3.574,86.5,100,0,2024-03-29T20:14:39.000Z
"3/29/2024, 3:19:39 PM",3.574,86.7,100,0,2024-03-29T20:19:39.000Z
"3/29/2024, 3:24:39 PM",3.575,86.7,100,0,2024-03-29T20:24:39.000Z
"3/29/2024, 3:29:39 PM",3.575,86.9,100,0,2024-03-29T20:29:39.000Z
"3/29/2024, 3:34:39 PM",3.575,86.9,100,0,2024-03-29T20:34:39.000Z
"3/29/2024, 3:39:39 PM",3.575,86.9,100,0,2024-03-29T20:39:39.000Z
"3/29/2024, 3:44:39 PM",3.575,86.9,100,0,2024-03-29T20:44:39.000Z
"3/29/2024, 3:49:39 PM",3.574,86.5,100,0,2024-03-29T20:49:39.000Z
"3/29/2024, 3:54:39 PM",3.575,86.5,100,0,2024-03-29T20:54:39.000Z
"3/29/2024, 3:59:39 PM",3.575,86.5,100,0,2024-03-29T20:59:39.000Z
"3/29/2024, 4:04:39 PM",3.575,86.4,100,0,2024-03-29T21:04:39.000Z
"3/29/2024, 4:09:39 PM",3.575,86.2,100,0,2024-03-29T21:09:39.000Z
"3/29/2024, 4:14:39 PM",3.575,86.2,100,0,2024-03-29T21:14:39.000Z
"3/29/2024, 4:19:39 PM",3.576,85.8,100,0,2024-03-29T21:19:39.000Z
"3/29/2024, 4:24:39 PM",3.575,85.5,100,0,2024-03-29T21:24:39.000Z
"3/29/2024, 4:29:39 PM",3.575,85.3,100,0,2024-03-29T21:29:39.000Z
"3/29/2024, 4:34:39 PM",3.575,85.1,100,0,2024-03-29T21:34:39.000Z
"3/29/2024, 4:39:39 PM",3.575,84.9,100,0,2024-03-29T21:39:39.000Z
"3/29/2024, 4:44:39 PM",3.576,84.9,100,0,2024-03-29T21:44:39.000Z
"3/29/2024, 4:49:39 PM",3.576,84.7,100,0,2024-03-29T21:49:39.000Z
"3/29/2024, 4:54:39 PM",3.576,84.7,100,0,2024-03-29T21:54:39.000Z
"3/29/2024, 4:59:39 PM",3.576,84.4,100,0,2024-03-29T21:59:39.000Z
"3/29/2024, 5:04:39 PM",3.576,84,100,0,2024-03-29T22:04:39.000Z
"3/29/2024, 5:09:39 PM",3.576,83.5,100,0,2024-03-29T22:09:39.000Z
"3/29/2024, 5:14:39 PM",3.577,82.9,100,0,2024-03-29T22:14:39.000Z
"3/29/2024, 5:19:39 PM",3.577,82.6,100,0,2024-03-29T22:19:39.000Z
"3/29/2024, 5:24:39 PM",3.578,82,100,0,2024-03-29T22:24:39.000Z
"3/29/2024, 5:29:39 PM",3.578,81.5,100,0,2024-03-29T22:29:39.000Z
"3/29/2024, 5:34:39 PM",3.578,81,100,0,2024-03-29T22:34:39.000Z
"3/29/2024, 5:39:39 PM",3.578,80.4,100,0,2024-03-29T22:39:39.000Z
"3/29/2024, 5:44:39 PM",3.578,79.9,100,0,2024-03-29T22:44:39.000Z
"3/29/2024, 5:49:39 PM",3.578,79.5,100,0,2024-03-29T22:49:39.000Z
"3/29/2024, 5:54:39 PM",3.578,79,100,0,2024-03-29T22:54:39.000Z
"3/29/2024, 5:59:39 PM",3.579,78.4,100,0,2024-03-29T22:59:39.000Z
"3/29/2024, 6:04:39 PM",3.579,78.1,100,0,2024-03-29T23:04:39.000Z
"3/29/2024, 6:09:39 PM",3.579,77.7,100,0,2024-03-29T23:09:39.000Z
"3/29/2024, 6:14:39 PM",3.579,77.2,100,0,2024-03-29T23:14:39.000Z
"3/29/2024, 6:19:39 PM",3.579,76.8,100,0,2024-03-29T23:19:39.000Z
"3/29/2024, 6:24:39 PM",3.579,76.3,100,0,2024-03-29T23:24:39.000Z
"3/29/2024, 6:29:39 PM",3.579,75.9,100,0,2024-03-29T23:29:39.000Z
"3/29/2024, 6:34:39 PM",3.58,75.4,100,1,2024-03-29T23:34:39.000Z
"3/29/2024, 6:39:39 PM",3.58,75,100,1,2024-03-29T23:39:39.000Z
"3/29/2024, 6:44:39 PM",3.58,74.5,100,1,2024-03-29T23:44:39.000Z
"3/29/2024, 6:49:39 PM",3.58,73.9,100,1,2024-03-29T23:49:39.000Z
"3/29/2024, 6:54:39 PM",3.58,73.4,100,1,2024-03-29T23:54:39.000Z
"3/29/2024, 6:59:39 PM",3.581,73,100,1,2024-03-29T23:59:39.000Z
"3/29/2024, 7:04:39 PM",3.581,72.5,100,1,2024-03-30T00:04:39.000Z
"3/29/2024, 7:09:39 PM",3.581,72.1,100,1,2024-03-30T00:09:39.000Z
"3/29/2024, 7:14:39 PM",3.581,71.8,100,1,2024-03-30T00:14:39.000Z
"3/29/2024, 7:19:39 PM",3.58,71.4,100,1,2024-03-30T00:19:39.000Z
"3/29/2024, 7:24:39 PM",3.58,71.1,100,1,2024-03-30T00:24:39.000Z
"3/29/2024, 7:29:39 PM",3.581,70.9,100,1,2024-03-30T00:29:39.000Z
"3/29/2024, 7:34:39 PM",3.581,70.5,100,1,2024-03-30T00:34:39.000Z
"3/29/2024, 7:39:39 PM",3.581,70.3,100,1,2024-03-30T00:39:39.000Z
"3/29/2024, 7:44:39 PM",3.581,70,100,1,2024-03-30T00:44:39.000Z
"3/29/2024, 7:49:39 PM",3.581,69.8,100,1,2024-03-30T00:49:39.000Z
"3/29/2024, 7:54:39 PM",3.581,69.6,100,1,2024-03-30T00:54:39.000Z
"3/29/2024, 7:59:39 PM",3.58,69.3,100,1,2024-03-30T00:59:39.000Z
"3/29/2024, 8:04:39 PM",3.58,69.1,100,1,2024-03-30T01:04:39.000Z
"3/29/2024, 8:09:39 PM",3.58,68.9,100,1,2024-03-30T01:09:39.000Z
"3/29/2024, 8:14:39 PM",3.58,68.7,100,1,2024-03-30T01:14:39.000Z
"3/29/2024, 8:19:39 PM",3.58,68.4,100,1,2024-03-30T01:19:39.000Z
"3/29/2024, 8:24:39 PM",3.58,68.4,100,1,2024-03-30T01:24:39.000Z
"3/29/2024, 8:29:39 PM",3.58,68.2,100,1,2024-03-30T01:29:39.000Z
"3/29/2024, 8:34:39 PM",3.58,68,100,1,2024-03-30T01:34:39.000Z
"3/29/2024, 8:39:39 PM",3.58,67.8,100,1,2024-03-30T01:39:39.000Z
"3/29/2024, 8:44:39 PM",3.58,67.8,100,1,2024-03-30T01:44:39.000Z
"3/29/2024, 8:49:39 PM",3.579,67.6,100,1,2024-03-30T01:49:39.000Z
"3/29/2024, 8:54:39 PM",3.58,67.6,100,1,2024-03-30T01:54:39.000Z
"3/29/2024, 8:59:39 PM",3.579,67.6,100,1,2024-03-30T01:59:39.000Z
"3/29/2024, 9:04:39 PM",3.58,67.6,100,1,2024-03-30T02:04:39.000Z
"3/29/2024, 9:09:39 PM",3.579,67.6,100,1,2024-03-30T02:09:39.000Z
"3/29/2024, 9:14:39 PM",3.579,67.6,100,1,2024-03-30T02:14:39.000Z
"3/29/2024, 9:19:39 PM",3.579,67.8,100,1,2024-03-30T02:19:39.000Z
"3/29/2024, 9:24:39 PM",3.579,67.8,100,1,2024-03-30T02:24:39.000Z
"3/29/2024, 9:29:39 PM",3.58,68,100,1,2024-03-30T02:29:39.000Z
"3/29/2024, 9:34:39 PM",3.579,68,100,1,2024-03-30T02:34:39.000Z
"3/29/2024, 9:39:39 PM",3.579,68.2,100,1,2024-03-30T02:39:39.000Z
"3/29/2024, 9:44:39 PM",3.579,68.4,100,1,2024-03-30T02:44:39.000Z
"3/29/2024, 9:49:39 PM",3.579,68.4,100,2,2024-03-30T02:49:39.000Z
"3/29/2024, 9:54:39 PM",3.579,68.4,100,1,2024-03-30T02:54:39.000Z
"3/29/2024, 9:59:39 PM",3.579,68.5,100,1,2024-03-30T02:59:39.000Z
"3/29/2024, 10:04:39 PM",3.579,68.5,100,1,2024-03-30T03:04:39.000Z
"3/29/2024, 10:09:39 PM",3.579,68.4,100,1,2024-03-30T03:09:39.000Z
"3/29/2024, 10:14:39 PM",3.579,68.4,100,1,2024-03-30T03:14:39.000Z
"3/29/2024, 10:19:39 PM",3.579,68.4,100,1,2024-03-30T03:19:39.000Z
"3/29/2024, 10:24:39 PM",3.579,68.2,100,1,2024-03-30T03:24:39.000Z
"3/29/2024, 10:29:39 PM",3.579,67.8,100,1,2024-03-30T03:29:39.000Z
"3/29/2024, 10:34:39 PM",3.579,67.6,100,1,2024-03-30T03:34:39.000Z
"3/29/2024, 10:39:39 PM",3.579,67.5,100,1,2024-03-30T03:39:39.000Z
"3/29/2024, 10:44:39 PM",3.579,67.5,100,1,2024-03-30T03:44:39.000Z
"3/29/2024, 10:49:39 PM",3.578,67.5,100,1,2024-03-30T03:49:39.000Z
"3/29/2024, 10:54:39 PM",3.578,67.6,100,1,2024-03-30T03:54:39.000Z
"3/29/2024, 10:59:39 PM",3.579,67.6,100,2,2024-03-30T03:59:39.000Z
"3/29/2024, 11:04:39 PM",3.579,67.8,100,1,2024-03-30T04:04:39.000Z
"3/29/2024, 11:09:39 PM",3.579,67.8,100,1,2024-03-30T04:09:39.000Z
"3/29/2024, 11:14:39 PM",3.579,67.8,100,2,2024-03-30T04:14:39.000Z
"3/29/2024, 11:19:39 PM",3.578,68,100,2,2024-03-30T04:19:39.000Z
"3/29/2024, 11:24:39 PM",3.579,67.8,100,1,2024-03-30T04:24:39.000Z
"3/29/2024, 11:29:39 PM",3.579,67.8,100,1,2024-03-30T04:29:39.000Z
"3/29/2024, 11:34:39 PM",3.578,67.6,100,1,2024-03-30T04:34:39.000Z
"3/29/2024, 11:39:39 PM",3.578,67.5,100,1,2024-03-30T04:39:39.000Z
"3/29/2024, 11:44:39 PM",3.579,67.5,100,1,2024-03-30T04:44:39.000Z
"3/29/2024, 11:49:39 PM",3.578,67.3,100,1,2024-03-30T04:49:39.000Z
"3/29/2024, 11:54:39 PM",3.578,66.9,100,1,2024-03-30T04:54:39.000Z
"3/29/2024, 11:59:39 PM",3.579,66.7,100,1,2024-03-30T04:59:39.000Z
"3/30/2024, 12:04:39 AM",3.579,66.6,100,1,2024-03-30T05:04:39.000Z
"3/30/2024, 12:09:39 AM",3.579,66.4,100,1,2024-03-30T05:09:39.000Z
"3/30/2024, 12:14:39 AM",3.579,66.2,100,1,2024-03-30T05:14:39.000Z
"3/30/2024, 12:19:39 AM",3.578,66,100,1,2024-03-30T05:19:39.000Z
"3/30/2024, 12:24:39 AM",3.579,65.8,100,1,2024-03-30T05:24:39.000Z
"3/30/2024, 12:29:39 AM",3.578,65.7,100,1,2024-03-30T05:29:39.000Z
"3/30/2024, 12:34:39 AM",3.578,65.5,100,1,2024-03-30T05:34:39.000Z
"3/30/2024, 12:39:39 AM",3.579,65.3,100,1,2024-03-30T05:39:39.000Z
"3/30/2024, 12:44:39 AM",3.579,65.3,100,1,2024-03-30T05:44:39.000Z
"3/30/2024, 12:49:39 AM",3.579,65.1,100,1,2024-03-30T05:49:39.000Z
"3/30/2024, 12:54:39 AM",3.578,65.1,100,1,2024-03-30T05:54:39.000Z
"3/30/2024, 12:59:39 AM",3.579,65.1,100,1,2024-03-30T05:59:39.000Z
"3/30/2024, 1:04:39 AM",3.579,65.1,100,1,2024-03-30T06:04:39.000Z
"3/30/2024, 1:09:39 AM",3.579,65.3,100,1,2024-03-30T06:09:39.000Z
"3/30/2024, 1:14:39 AM",3.578,65.3,100,1,2024-03-30T06:14:39.000Z
"3/30/2024, 1:19:39 AM",3.578,65.3,100,1,2024-03-30T06:19:39.000Z
"3/30/2024, 1:24:39 AM",3.578,65.3,100,1,2024-03-30T06:24:39.000Z
"3/30/2024, 1:29:39 AM",3.578,65.3,100,1,2024-03-30T06:29:39.000Z
"3/30/2024, 1:34:39 AM",3.578,65.3,100,1,2024-03-30T06:34:39.000Z
"3/30/2024, 1:39:39 AM",3.578,65.3,100,1,2024-03-30T06:39:39.000Z
"3/30/2024, 1:44:39 AM",3.578,65.1,100,1,2024-03-30T06:44:39.000Z
"3/30/2024, 1:49:39 AM",3.578,65.1,100,1,2024-03-30T06:49:39.000Z
"3/30/2024, 1:54:39 AM",3.578,65.1,100,1,2024-03-30T06:54:39.000Z
"3/30/2024, 1:59:39 AM",3.578,65.1,100,1,2024-03-30T06:59:39.000Z
"3/30/2024, 2:04:39 AM",3.578,65.1,100,1,2024-03-30T07:04:39.000Z
"3/30/2024, 2:09:39 AM",3.578,65.1,100,1,2024-03-30T07:09:39.000Z
"3/30/2024, 2:14:39 AM",3.578,65.1,100,1,2024-03-30T07:14:39.000Z
"3/30/2024, 2:19:39 AM",3.578,64.9,100,1,2024-03-30T07:19:39.000Z
"3/30/2024, 2:24:39 AM",3.578,65.1,100,1,2024-03-30T07:24:39.000Z
"3/30/2024, 2:29:39 AM",3.578,65.1,100,1,2024-03-30T07:29:39.000Z
"3/30/2024, 2:34:39 AM",3.578,65.3,100,1,2024-03-30T07:34:39.000Z
"3/30/2024, 2:39:39 AM",3.577,65.5,100,1,2024-03-30T07:39:39.000Z
"3/30/2024, 2:44:39 AM",3.578,65.5,100,1,2024-03-30T07:44:39.000Z
"3/30/2024, 2:49:39 AM",3.578,65.7,100,1,2024-03-30T07:49:39.000Z
"3/30/2024, 2:54:39 AM",3.578,65.7,100,1,2024-03-30T07:54:39.000Z
"3/30/2024, 2:59:39 AM",3.578,65.8,100,1,2024-03-30T07:59:39.000Z
"3/30/2024, 3:04:39 AM",3.578,65.7,100,1,2024-03-30T08:04:39.000Z
"3/30/2024, 3:09:39 AM",3.577,65.7,100,1,2024-03-30T08:09:39.000Z
"3/30/2024, 3:14:39 AM",3.577,65.7,100,1,2024-03-30T08:14:39.000Z
"3/30/2024, 3:19:39 AM",3.577,65.7,100,1,2024-03-30T08:19:39.000Z
"3/30/2024, 3:24:39 AM",3.578,65.7,100,1,2024-03-30T08:24:39.000Z
"3/30/2024, 3:29:39 AM",3.578,65.7,100,1,2024-03-30T08:29:39.000Z
"3/30/2024, 3:34:39 AM",3.578,65.7,100,1,2024-03-30T08:34:39.000Z
"3/30/2024, 3:39:39 AM",3.577,65.7,100,1,2024-03-30T08:39:39.000Z
"3/30/2024, 3:44:39 AM",3.578,65.5,100,1,2024-03-30T08:44:39.000Z
"3/30/2024, 3:49:39 AM",3.577,65.5,100,1,2024-03-30T08:49:39.000Z
"3/30/2024, 3:54:39 AM",3.578,65.7,100,1,2024-03-30T08:54:39.000Z
"3/30/2024, 3:59:39 AM",3.578,65.5,100,1,2024-03-30T08:59:39.000Z
"3/30/2024, 4:04:39 AM",3.577,65.5,100,1,2024-03-30T09:04:39.000Z
"3/30/2024, 4:09:39 AM",3.577,65.3,100,0,2024-03-30T09:09:39.000Z
"3/30/2024, 4:14:39 AM",3.577,65.1,100,1,2024-03-30T09:14:39.000Z
"3/30/2024, 4:19:39 AM",3.577,64.9,100,0,2024-03-30T09:19:39.000Z
"3/30/2024, 4:24:39 AM",3.578,64.9,100,1,2024-03-30T09:24:39.000Z
"3/30/2024, 4:29:39 AM",3.577,64.9,100,1,2024-03-30T09:29:39.000Z
"3/30/2024, 4:34:39 AM",3.577,64.8,100,1,2024-03-30T09:34:39.000Z
"3/30/2024, 4:39:39 AM",3.578,64.8,100,1,2024-03-30T09:39:39.000Z
"3/30/2024, 4:44:39 AM",3.577,64.8,100,0,2024-03-30T09:44:39.000Z
"3/30/2024, 4:49:39 AM",3.578,64.9,100,1,2024-03-30T09:49:39.000Z
"3/30/2024, 4:54:39 AM",3.578,65.1,100,1,2024-03-30T09:54:39.000Z
"3/30/2024, 4:59:39 AM",3.577,65.1,100,1,2024-03-30T09:59:39.000Z
"3/30/2024, 5:04:39 AM",3.577,65.3,100,1,2024-03-30T10:04:39.000Z
"3/30/2024, 5:09:39 AM",3.577,65.7,100,1,2024-03-30T10:09:39.000Z
"3/30/2024, 5:14:39 AM",3.577,65.8,100,1,2024-03-30T10:14:39.000Z
"3/30/2024, 5:19:39 AM",3.577,65.8,100,1,2024-03-30T10:19:39.000Z
"3/30/2024, 5:24:39 AM",3.578,65.8,100,1,2024-03-30T10:24:39.000Z
"3/30/2024, 5:29:39 AM",3.577,65.8,100,1,2024-03-30T10:29:39.000Z
"3/30/2024, 5:34:39 AM",3.577,65.8,100,1,2024-03-30T10:34:39.000Z
"3/30/2024, 5:39:39 AM",3.577,65.8,100,0,2024-03-30T10:39:39.000Z
"3/30/2024, 5:44:39 AM",3.577,65.8,100,1,2024-03-30T10:44:39.000Z
"3/30/2024, 5:49:39 AM",3.577,66,100,1,2024-03-30T10:49:39.000Z
"3/30/2024, 5:54:39 AM",3.577,66,100,1,2024-03-30T10:54:39.000Z
"3/30/2024, 5:59:39 AM",3.577,66,100,1,2024-03-30T10:59:39.000Z
"3/30/2024, 6:04:39 AM",3.577,65.8,100,1,2024-03-30T11:04:39.000Z
"3/30/2024, 6:09:39 AM",3.577,65.8,100,1,2024-03-30T11:09:39.000Z
"3/30/2024, 6:14:39 AM",3.577,65.8,100,0,2024-03-30T11:14:39.000Z
"3/30/2024, 6:19:39 AM",3.577,65.7,100,1,2024-03-30T11:19:39.000Z
"3/30/2024, 6:24:39 AM",3.577,65.7,100,1,2024-03-30T11:24:39.000Z
"3/30/2024, 6:29:39 AM",3.577,65.7,100,0,2024-03-30T11:29:39.000Z
"3/30/2024, 6:34:39 AM",3.577,65.8,100,1,2024-03-30T11:34:39.000Z
"3/30/2024, 6:39:39 AM",3.577,65.8,100,1,2024-03-30T11:39:39.000Z
"3/30/2024, 6:44:39 AM",3.577,65.8,100,0,2024-03-30T11:44:39.000Z
"3/30/2024, 6:49:39 AM",3.577,65.8,100,0,2024-03-30T11:49:39.000Z
"3/30/2024, 6:54:39 AM",3.577,66,100,1,2024-03-30T11:54:39.000Z
"3/30/2024, 6:59:39 AM",3.577,66,100,0,2024-03-30T11:59:39.000Z
"3/30/2024, 7:04:39 AM",3.577,66,100,0,2024-03-30T12:04:39.000Z
"3/30/2024, 7:09:39 AM",3.577,66,100,0,2024-03-30T12:09:39.000Z
"3/30/2024, 7:14:39 AM",3.577,65.8,100,0,2024-03-30T12:14:39.000Z
"3/30/2024, 7:19:39 AM",3.577,65.7,100,0,2024-03-30T12:19:39.000Z
"3/30/2024, 7:24:39 AM",3.577,65.5,100,0,2024-03-30T12:24:39.000Z
"3/30/2024, 7:29:39 AM",3.577,65.3,100,0,2024-03-30T12:29:39.000Z
"3/30/2024, 7:34:39 AM",3.577,65.1,100,0,2024-03-30T12:34:39.000Z
"3/30/2024, 7:39:39 AM",3.577,65.3,100,0,2024-03-30T12:39:39.000Z
"3/30/2024, 7:44:39 AM",3.577,65.3,100,1,2024-03-30T12:44:39.000Z
"3/30/2024, 7:49:39 AM",3.577,65.5,100,1,2024-03-30T12:49:39.000Z
"3/30/2024, 7:54:39 AM",3.577,65.7,100,1,2024-03-30T12:54:39.000Z
"3/30/2024, 7:59:39 AM",3.577,65.7,100,1,2024-03-30T12:59:39.000Z
"3/30/2024, 8:04:39 AM",3.577,65.7,100,1,2024-03-30T13:04:39.000Z
"3/30/2024, 8:09:39 AM",3.577,65.7,100,1,2024-03-30T13:09:39.000Z
"3/30/2024, 8:14:39 AM",3.577,65.7,100,1,2024-03-30T13:14:39.000Z
"3/30/2024, 8:19:39 AM",3.577,65.5,100,1,2024-03-30T13:19:39.000Z
"3/30/2024, 8:24:39 AM",3.577,65.5,100,1,2024-03-30T13:24:39.000Z
"3/30/2024, 8:29:39 AM",3.577,65.3,100,1,2024-03-30T13:29:39.000Z
"3/30/2024, 8:34:39 AM",3.577,65.3,100,1,2024-03-30T13:34:39.000Z
"3/30/2024, 8:39:39 AM",3.577,65.3,100,1,2024-03-30T13:39:39.000Z
"3/30/2024, 8:44:39 AM",3.577,65.3,100,1,2024-03-30T13:44:39.000Z
"3/30/2024, 8:49:39 AM",3.577,65.3,100,1,2024-03-30T13:49:39.000Z
"3/30/2024, 8:54:39 AM",3.577,65.3,100,1,2024-03-30T13:54:39.000Z
"3/30/2024, 8:59:39 AM",3.577,65.1,100,1,2024-03-30T13:59:39.000Z
"3/30/2024, 9:04:39 AM",3.577,65.1,100,1,2024-03-30T14:04:39.000Z
"3/30/2024, 9:09:39 AM",3.577,65.1,100,1,2024-03-30T14:09:39.000Z
"3/30/2024, 9:14:39 AM",3.577,65.1,100,1,2024-03-30T14:14:39.000Z
"3/30/2024, 9:19:39 AM",3.577,64.9,100,1,2024-03-30T14:19:39.000Z
"3/30/2024, 9:24:39 AM",3.577,65.1,100,1,2024-03-30T14:24:39.000Z
"3/30/2024, 9:29:39 AM",3.577,65.1,100,1,2024-03-30T14:29:39.000Z
"3/30/2024, 9:34:39 AM",3.577,65.3,100,1,2024-03-30T14:34:39.000Z
"3/30/2024, 9:39:39 AM",3.577,65.5,100,1,2024-03-30T14:39:39.000Z
"3/30/2024, 9:44:39 AM",3.577,65.7,100,1,2024-03-30T14:44:39.000Z
"3/30/2024, 9:49:39 AM",3.577,66,100,1,2024-03-30T14:49:39.000Z
"3/30/2024, 9:54:39 AM",3.577,66.4,100,1,2024-03-30T14:54:39.000Z
"3/30/2024, 9:59:39 AM",3.577,66.9,100,1,2024-03-30T14:59:39.000Z
"3/30/2024, 10:04:39 AM",3.576,67.6,100,1,2024-03-30T15:04:39.000Z
"3/30/2024, 10:09:39 AM",3.577,68.4,100,1,2024-03-30T15:09:39.000Z
"3/30/2024, 10:14:39 AM",3.575,69.4,100,1,2024-03-30T15:14:39.000Z
"3/30/2024, 10:19:39 AM",3.575,70.2,100,1,2024-03-30T15:19:39.000Z
"3/30/2024, 10:24:39 AM",3.575,70.9,100,1,2024-03-30T15:24:39.000Z
"3/30/2024, 10:29:39 AM",3.575,72,100,1,2024-03-30T15:29:39.000Z
"3/30/2024, 10:34:39 AM",3.575,72.9,100,1,2024-03-30T15:34:39.000Z
"3/30/2024, 10:39:39 AM",3.575,73.9,100,1,2024-03-30T15:39:39.000Z
"3/30/2024, 10:44:39 AM",3.575,74.7,100,1,2024-03-30T15:44:39.000Z
"3/30/2024, 10:49:39 AM",3.574,75.4,100,1,2024-03-30T15:49:39.000Z
"3/30/2024, 10:54:39 AM",3.574,75.7,100,1,2024-03-30T15:54:39.000Z
"3/30/2024, 10:59:39 AM",3.574,76.3,100,1,2024-03-30T15:59:39.000Z
"3/30/2024, 11:04:39 AM",3.574,76.5,100,1,2024-03-30T16:04:39.000Z
"3/30/2024, 11:09:39 AM",3.575,76.8,100,0,2024-03-30T16:09:39.000Z
"3/30/2024, 11:14:39 AM",3.575,77.2,100,0,2024-03-30T16:14:39.000Z
"3/30/2024, 11:19:39 AM",3.575,77.7,100,1,2024-03-30T16:19:39.000Z
"3/30/2024, 11:24:39 AM",3.575,78.1,100,0,2024-03-30T16:24:39.000Z
"3/30/2024, 11:29:39 AM",3.575,78.3,100,0,2024-03-30T16:29:39.000Z
"3/30/2024, 11:34:39 AM",3.575,78.3,100,0,2024-03-30T16:34:39.000Z
"3/30/2024, 11:39:39 AM",3.575,78.6,100,0,2024-03-30T16:39:39.000Z
"3/30/2024, 11:44:39 AM",3.575,78.8,100,0,2024-03-30T16:44:39.000Z
"3/30/2024, 11:49:39 AM",3.575,79.2,100,1,2024-03-30T16:49:39.000Z
"3/30/2024, 11:54:39 AM",3.575,79.5,100,1,2024-03-30T16:54:39.000Z
"3/30/2024, 11:59:39 AM",3.575,79.9,100,1,2024-03-30T16:59:39.000Z
"3/30/2024, 12:04:39 PM",3.575,79.9,100,0,2024-03-30T17:04:39.000Z
"3/30/2024, 12:09:39 PM",3.575,79.7,100,0,2024-03-30T17:09:39.000Z
"3/30/2024, 12:14:39 PM",3.575,79.7,100,0,2024-03-30T17:14:39.000Z
"3/30/2024, 12:19:39 PM",3.575,79.9,100,0,2024-03-30T17:19:39.000Z
"3/30/2024, 12:24:39 PM",3.575,80.2,100,0,2024-03-30T17:24:39.000Z
"3/30/2024, 12:29:39 PM",3.575,80.8,100,0,2024-03-30T17:29:39.000Z
"3/30/2024, 12:34:39 PM",3.575,81.3,100,1,2024-03-30T17:34:39.000Z
"3/30/2024, 12:39:39 PM",3.575,81.5,100,0,2024-03-30T17:39:39.000Z
"3/30/2024, 12:44:39 PM",3.575,81.7,100,0,2024-03-30T17:44:39.000Z
"3/30/2024, 12:49:39 PM",3.575,81.7,100,0,2024-03-30T17:49:39.000Z
"3/30/2024, 12:54:39 PM",3.575,81.7,100,0,2024-03-30T17:54:39.000Z
"3/30/2024, 12:59:39 PM",3.575,82,100,0,2024-03-30T17:59:39.000Z
"3/30/2024, 1:04:39 PM",3.575,82.2,100,0,2024-03-30T18:04:39.000Z
"3/30/2024, 1:09:39 PM",3.575,82.2,100,0,2024-03-30T18:09:39.000Z
"3/30/2024, 1:14:39 PM",3.575,82,100,0,2024-03-30T18:14:39.000Z
"3/30/2024, 1:19:39 PM",3.575,82.4,100,0,2024-03-30T18:19:39.000Z
"3/30/2024, 1:24:39 PM",3.575,82.9,100,0,2024-03-30T18:24:39.000Z
"3/30/2024, 1:29:39 PM",3.575,83.1,100,0,2024-03-30T18:29:39.000Z
"3/30/2024, 1:34:39 PM",3.574,83.1,100,0,2024-03-30T18:34:39.000Z
"3/30/2024, 1:39:39 PM",3.575,83.1,100,0,2024-03-30T18:39:39.000Z
"3/30/2024, 1:44:39 PM",3.575,83.3,100,0,2024-03-30T18:44:39.000Z
"3/30/2024, 1:49:39 PM",3.574,83.7,100,0,2024-03-30T18:49:39.000Z
"3/30/2024, 1:54:39 PM",3.575,83.8,100,0,2024-03-30T18:54:39.000Z
"3/30/2024, 1:59:39 PM",3.574,84.2,100,0,2024-03-30T18:59:39.000Z
"3/30/2024, 2:04:39 PM",3.574,84.6,100,0,2024-03-30T19:04:39.000Z
"3/30/2024, 2:09:39 PM",3.575,84.4,100,0,2024-03-30T19:09:39.000Z
"3/30/2024, 2:14:39 PM",3.575,84.4,100,0,2024-03-30T19:14:39.000Z
"3/30/2024, 2:19:39 PM",3.575,84.7,100,0,2024-03-30T19:19:39.000Z
"3/30/2024, 2:24:39 PM",3.575,84.7,100,0,2024-03-30T19:24:39.000Z
"3/30/2024, 2:29:39 PM",3.575,85.1,100,0,2024-03-30T19:29:39.000Z
"3/30/2024, 2:34:39 PM",3.575,85.6,100,0,2024-03-30T19:34:39.000Z
"3/30/2024, 2:39:39 PM",3.575,85.6,100,0,2024-03-30T19:39:39.000Z
"3/30/2024, 2:44:39 PM",3.575,85.8,100,0,2024-03-30T19:44:39.000Z
"3/30/2024, 2:49:39 PM",3.574,85.3,100,0,2024-03-30T19:49:39.000Z
"3/30/2024, 2:54:39 PM",3.575,85.5,100,0,2024-03-30T19:54:39.000Z
"3/30/2024, 2:59:39 PM",3.575,84.9,100,0,2024-03-30T19:59:39.000Z
"3/30/2024, 3:04:39 PM",3.575,84.9,100,0,2024-03-30T20:04:39.000Z
"3/30/2024, 3:09:39 PM",3.575,85.1,100,0,2024-03-30T20:09:39.000Z
"3/30/2024, 3:14:39 PM",3.575,84.9,100,0,2024-03-30T20:14:39.000Z
"3/30/2024, 3:19:39 PM",3.575,84.6,100,0,2024-03-30T20:19:39.000Z
"3/30/2024, 3:24:39 PM",3.575,84,100,0,2024-03-30T20:24:39.000Z
"3/30/2024, 3:29:39 PM",3.575,83.7,100,0,2024-03-30T20:29:39.000Z
"3/30/2024, 3:34:39 PM",3.576,83.8,100,0,2024-03-30T20:34:39.000Z
"3/30/2024, 3:39:39 PM",3.575,84.2,100,0,2024-03-30T20:39:39.000Z
"3/30/2024, 3:44:39 PM",3.575,84.7,100,0,2024-03-30T20:44:39.000Z
"3/30/2024, 3:49:39 PM",3.576,84.7,100,0,2024-03-30T20:49:39.000Z
"3/30/2024, 3:54:39 PM",3.575,84.6,100,0,2024-03-30T20:54:39.000Z
"3/30/2024, 3:59:39 PM",3.575,84.2,100,0,2024-03-30T20:59:39.000Z
"3/30/2024, 4:04:39 PM",3.575,84.2,100,0,2024-03-30T21:04:39.000Z
"3/30/2024, 4:09:39 PM",3.575,84.4,100,0,2024-03-30T21:09:39.000Z
"3/30/2024, 4:14:39 PM",3.575,84.6,100,0,2024-03-30T21:14:39.000Z
"3/30/2024, 4:19:39 PM",3.576,84.6,100,0,2024-03-30T21:19:39.000Z
"3/30/2024, 4:24:39 PM",3.575,84.7,100,0,2024-03-30T21:24:39.000Z
"3/30/2024, 4:29:39 PM",3.575,84.6,100,0,2024-03-30T21:29:39.000Z
"3/30/2024, 4:34:39 PM",3.575,84.6,100,0,2024-03-30T21:34:39.000Z
"3/30/2024, 4:39:39 PM",3.575,84.4,100,0,2024-03-30T21:39:39.000Z
"3/30/2024, 4:44:39 PM",3.576,84.4,100,0,2024-03-30T21:44:39.000Z
"3/30/2024, 4:49:39 PM",3.576,84.2,100,0,2024-03-30T21:49:39.000Z
"3/30/2024, 4:54:39 PM",3.576,84.2,100,0,2024-03-30T21:54:39.000Z
"3/30/2024, 4:59:39 PM",3.576,84.2,100,0,2024-03-30T21:59:39.000Z
"3/30/2024, 5:04:39 PM",3.575,84.2,100,0,2024-03-30T22:04:39.000Z
"3/30/2024, 5:09:39 PM",3.576,83.8,100,0,2024-03-30T22:09:39.000Z
"3/30/2024, 5:14:39 PM",3.576,83.5,100,0,2024-03-30T22:14:39.000Z
"3/30/2024, 5:19:39 PM",3.576,83.1,100,0,2024-03-30T22:19:39.000Z
"3/30/2024, 5:24:39 PM",3.575,82.8,100,0,2024-03-30T22:24:39.000Z
"3/30/2024, 5:29:39 PM",3.576,82.4,100,0,2024-03-30T22:29:39.000Z
"3/30/2024, 5:34:39 PM",3.577,82,100,0,2024-03-30T22:34:39.000Z
"3/30/2024, 5:39:39 PM",3.577,81.7,100,0,2024-03-30T22:39:39.000Z
"3/30/2024, 5:44:39 PM",3.577,81.3,100,0,2024-03-30T22:44:39.000Z
"3/30/2024, 5:49:39 PM",3.577,81,100,0,2024-03-30T22:49:39.000Z
"3/30/2024, 5:54:39 PM",3.577,80.6,100,0,2024-03-30T22:54:39.000Z
"3/30/2024, 5:59:39 PM",3.578,80.2,100,0,2024-03-30T22:59:39.000Z
"3/30/2024, 6:04:39 PM",3.577,79.9,100,0,2024-03-30T23:04:39.000Z
"3/30/2024, 6:09:39 PM",3.578,79.3,100,0,2024-03-30T23:09:39.000Z
"3/30/2024, 6:14:39 PM",3.578,79,100,0,2024-03-30T23:14:39.000Z
"3/30/2024, 6:19:39 PM",3.578,78.6,100,0,2024-03-30T23:19:39.000Z
"3/30/2024, 6:24:39 PM",3.578,78.3,100,0,2024-03-30T23:24:39.000Z
"3/30/2024, 6:29:39 PM",3.578,77.7,100,0,2024-03-30T23:29:39.000Z
"3/30/2024, 6:34:39 PM",3.578,77.4,100,0,2024-03-30T23:34:39.000Z
"3/30/2024, 6:39:39 PM",3.578,77,100,0,2024-03-30T23:39:39.000Z
"3/30/2024, 6:44:39 PM",3.579,76.5,100,0,2024-03-30T23:44:39.000Z
"3/30/2024, 6:49:39 PM",3.579,76.1,100,0,2024-03-30T23:49:39.000Z
"3/30/2024, 6:54:39 PM",3.579,75.6,100,0,2024-03-30T23:54:39.000Z
"3/30/2024, 6:59:39 PM",3.58,75.2,100,0,2024-03-30T23:59:39.000Z
"3/30/2024, 7:04:39 PM",3.579,74.8,100,0,2024-03-31T00:04:39.000Z
"3/30/2024, 7:09:39 PM",3.58,74.5,100,0,2024-03-31T00:09:39.000Z
"3/30/2024, 7:14:39 PM",3.579,74.3,100,0,2024-03-31T00:14:39.000Z
"3/30/2024, 7:19:39 PM",3.58,73.9,100,0,2024-03-31T00:19:39.000Z
"3/30/2024, 7:24:39 PM",3.58,73.6,100,0,2024-03-31T00:24:39.000Z
"3/30/2024, 7:29:39 PM",3.58,73.4,100,0,2024-03-31T00:29:39.000Z
"3/30/2024, 7:34:39 PM",3.58,73.2,100,0,2024-03-31T00:34:39.000Z
"3/30/2024, 7:39:39 PM",3.58,73,100,0,2024-03-31T00:39:39.000Z
"3/30/2024, 7:44:39 PM",3.58,72.9,100,0,2024-03-31T00:44:39.000Z
"3/30/2024, 7:49:39 PM",3.58,72.7,100,0,2024-03-31T00:49:39.000Z
"3/30/2024, 7:54:39 PM",3.579,72.5,100,0,2024-03-31T00:54:39.000Z
"3/30/2024, 7:59:39 PM",3.58,72.3,100,0,2024-03-31T00:59:39.000Z
"3/30/2024, 8:04:39 PM",3.579,72.1,100,0,2024-03-31T01:04:39.000Z
"3/30/2024, 8:09:39 PM",3.58,72,100,0,2024-03-31T01:09:39.000Z
"3/30/2024, 8:14:39 PM",3.579,71.8,100,0,2024-03-31T01:14:39.000Z
"3/30/2024, 8:19:39 PM",3.579,71.8,100,0,2024-03-31T01:19:39.000Z
"3/30/2024, 8:24:39 PM",3.58,71.6,100,0,2024-03-31T01:24:39.000Z
"3/30/2024, 8:29:39 PM",3.58,71.6,100,0,2024-03-31T01:29:39.000Z
"3/30/2024, 8:34:39 PM",3.579,71.4,100,0,2024-03-31T01:34:39.000Z
"3/30/2024, 8:39:39 PM",3.579,71.2,100,0,2024-03-31T01:39:39.000Z
"3/30/2024, 8:44:39 PM",3.579,71.2,100,0,2024-03-31T01:44:39.000Z
"3/30/2024, 8:49:39 PM",3.579,71.1,100,0,2024-03-31T01:49:39.000Z
"3/30/2024, 8:54:39 PM",3.579,70.9,100,0,2024-03-31T01:54:39.000Z
"3/30/2024, 8:59:39 PM",3.579,70.9,100,0,2024-03-31T01:59:39.000Z
"3/30/2024, 9:04:39 PM",3.579,70.7,100,0,2024-03-31T02:04:39.000Z
"3/30/2024, 9:09:39 PM",3.579,70.5,100,0,2024-03-31T02:09:39.000Z
"3/30/2024, 9:14:39 PM",3.579,70.3,100,0,2024-03-31T02:14:39.000Z
"3/30/2024, 9:19:39 PM",3.579,70.3,100,0,2024-03-31T02:19:39.000Z
"3/30/2024, 9:24:39 PM",3.579,70.2,100,0,2024-03-31T02:24:39.000Z
"3/30/2024, 9:29:39 PM",3.579,70,100,0,2024-03-31T02:29:39.000Z
"3/30/2024, 9:34:39 PM",3.579,70,100,0,2024-03-31T02:34:39.000Z
"3/30/2024, 9:39:39 PM",3.579,69.8,100,0,2024-03-31T02:39:39.000Z
"3/30/2024, 9:44:39 PM",3.579,69.6,100,0,2024-03-31T02:44:39.000Z
"3/30/2024, 9:49:39 PM",3.579,69.6,100,0,2024-03-31T02:49:39.000Z
"3/30/2024, 9:54:39 PM",3.579,69.6,100,0,2024-03-31T02:54:39.000Z
"3/30/2024, 9:59:39 PM",3.579,69.6,100,0,2024-03-31T02:59:39.000Z
"3/30/2024, 10:04:39 PM",3.579,69.6,100,0,2024-03-31T03:04:39.000Z
"3/30/2024, 10:09:39 PM",3.579,69.6,100,0,2024-03-31T03:09:39.000Z
"3/30/2024, 10:14:39 PM",3.578,69.6,100,0,2024-03-31T03:14:39.000Z
"3/30/2024, 10:19:39 PM",3.579,69.6,100,0,2024-03-31T03:19:39.000Z
"3/30/2024, 10:24:39 PM",3.578,69.6,100,0,2024-03-31T03:24:39.000Z
"3/30/2024, 10:29:39 PM",3.579,69.4,100,0,2024-03-31T03:29:39.000Z
"3/30/2024, 10:34:39 PM",3.578,69.3,100,0,2024-03-31T03:34:39.000Z
"3/30/2024, 10:39:39 PM",3.579,69.1,100,0,2024-03-31T03:39:39.000Z
"3/30/2024, 10:44:39 PM",3.578,68.9,100,0,2024-03-31T03:44:39.000Z
"3/30/2024, 10:49:39 PM",3.578,68.7,100,0,2024-03-31T03:49:39.000Z
"3/30/2024, 10:54:39 PM",3.578,68.5,100,0,2024-03-31T03:54:39.000Z
"3/30/2024, 10:59:39 PM",3.578,68.4,100,0,2024-03-31T03:59:39.000Z
"3/30/2024, 11:04:39 PM",3.579,68.2,100,0,2024-03-31T04:04:39.000Z
"3/30/2024, 11:09:39 PM",3.578,68,100,0,2024-03-31T04:09:39.000Z
"3/30/2024, 11:14:39 PM",3.578,67.8,100,0,2024-03-31T04:14:39.000Z
"3/30/2024, 11:19:39 PM",3.578,67.8,100,0,2024-03-31T04:19:39.000Z
"3/30/2024, 11:24:39 PM",3.578,67.6,100,0,2024-03-31T04:24:39.000Z
"3/30/2024, 11:29:39 PM",3.578,67.6,100,0,2024-03-31T04:29:39.000Z
"3/30/2024, 11:34:39 PM",3.578,67.5,100,0,2024-03-31T04:34:39.000Z
"3/30/2024, 11:39:39 PM",3.578,67.3,100,0,2024-03-31T04:39:39.000Z
"3/30/2024, 11:44:39 PM",3.578,67.1,100,0,2024-03-31T04:44:39.000Z
"3/30/2024, 11:49:39 PM",3.578,66.9,100,0,2024-03-31T04:49:39.000Z
"3/30/2024, 11:54:39 PM",3.578,66.9,100,0,2024-03-31T04:54:39.000Z
"3/30/2024, 11:59:39 PM",3.578,66.7,100,0,2024-03-31T04:59:39.000Z
"3/31/2024, 12:04:39 AM",3.578,66.6,100,0,2024-03-31T05:04:39.000Z
"3/31/2024, 12:09:39 AM",3.578,66.6,100,0,2024-03-31T05:09:39.000Z
"3/31/2024, 12:14:39 AM",3.578,66.4,100,0,2024-03-31T05:14:39.000Z
"3/31/2024, 12:19:39 AM",3.578,66.4,100,0,2024-03-31T05:19:39.000Z
"3/31/2024, 12:24:39 AM",3.578,66.2,100,0,2024-03-31T05:24:39.000Z
"3/31/2024, 12:29:39 AM",3.577,66,100,0,2024-03-31T05:29:39.000Z
"3/31/2024, 12:34:39 AM",3.578,65.7,100,0,2024-03-31T05:34:39.000Z
"3/31/2024, 12:39:39 AM",3.577,65.5,100,0,2024-03-31T05:39:39.000Z
"3/31/2024, 12:44:39 AM",3.577,65.3,100,0,2024-03-31T05:44:39.000Z
"3/31/2024, 12:49:39 AM",3.578,65.1,100,0,2024-03-31T05:49:39.000Z
"3/31/2024, 12:54:39 AM",3.577,64.9,100,0,2024-03-31T05:54:39.000Z
"3/31/2024, 12:59:39 AM",3.577,64.8,100,0,2024-03-31T05:59:39.000Z
"3/31/2024, 1:04:39 AM",3.578,64.6,100,0,2024-03-31T06:04:39.000Z
"3/31/2024, 1:09:39 AM",3.578,64.6,100,0,2024-03-31T06:09:39.000Z
"3/31/2024, 1:14:39 AM",3.577,64.6,100,0,2024-03-31T06:14:39.000Z
"3/31/2024, 1:19:39 AM",3.578,64.4,100,0,2024-03-31T06:19:39.000Z
"3/31/2024, 1:24:39 AM",3.578,64.2,100,0,2024-03-31T06:24:39.000Z
"3/31/2024, 1:29:39 AM",3.577,64,100,0,2024-03-31T06:29:39.000Z
"3/31/2024, 1:34:39 AM",3.578,64,100,0,2024-03-31T06:34:39.000Z
"3/31/2024, 1:39:39 AM",3.577,64.2,100,0,2024-03-31T06:39:39.000Z
"3/31/2024, 1:44:39 AM",3.577,64.2,100,0,2024-03-31T06:44:39.000Z
"3/31/2024, 1:49:39 AM",3.577,64.2,100,0,2024-03-31T06:49:39.000Z
"3/31/2024, 1:54:39 AM",3.577,64.2,100,0,2024-03-31T06:54:39.000Z
"3/31/2024, 1:59:39 AM",3.577,64.4,100,0,2024-03-31T06:59:39.000Z
"3/31/2024, 2:04:39 AM",3.577,64.6,100,0,2024-03-31T07:04:39.000Z
"3/31/2024, 2:09:39 AM",3.577,64.8,100,0,2024-03-31T07:09:39.000Z
"3/31/2024, 2:14:39 AM",3.577,64.9,100,0,2024-03-31T07:14:39.000Z
"3/31/2024, 2:19:39 AM",3.577,65.1,100,0,2024-03-31T07:19:39.000Z
"3/31/2024, 2:24:39 AM",3.577,65.1,100,0,2024-03-31T07:24:39.000Z
"3/31/2024, 2:29:39 AM",3.577,65.3,100,0,2024-03-31T07:29:39.000Z
"3/31/2024, 2:34:39 AM",3.577,65.5,100,0,2024-03-31T07:34:39.000Z
"3/31/2024, 2:39:39 AM",3.577,65.3,100,0,2024-03-31T07:39:39.000Z
"3/31/2024, 2:44:39 AM",3.577,65.1,100,0,2024-03-31T07:44:39.000Z
"3/31/2024, 2:49:39 AM",3.577,65.3,100,0,2024-03-31T07:49:39.000Z
"3/31/2024, 2:54:39 AM",3.577,65.3,100,1,2024-03-31T07:54:39.000Z
"3/31/2024, 2:59:39 AM",3.577,65.5,100,0,2024-03-31T07:59:39.000Z
"3/31/2024, 3:04:39 AM",3.577,65.7,100,0,2024-03-31T08:04:39.000Z
"3/31/2024, 3:09:39 AM",3.576,65.7,100,0,2024-03-31T08:09:39.000Z
"3/31/2024, 3:14:39 AM",3.577,65.7,100,0,2024-03-31T08:14:39.000Z
"3/31/2024, 3:19:39 AM",3.577,65.5,100,0,2024-03-31T08:19:39.000Z
"3/31/2024, 3:24:39 AM",3.576,65.5,100,0,2024-03-31T08:24:39.000Z
"3/31/2024, 3:29:39 AM",3.577,65.5,100,0,2024-03-31T08:29:39.000Z
"3/31/2024, 3:34:39 AM",3.577,65.5,100,0,2024-03-31T08:34:39.000Z
"3/31/2024, 3:39:39 AM",3.577,65.3,100,0,2024-03-31T08:39:39.000Z
"3/31/2024, 3:44:39 AM",3.577,65.1,100,0,2024-03-31T08:44:39.000Z
"3/31/2024, 3:49:39 AM",3.577,65.1,100,0,2024-03-31T08:49:39.000Z
"3/31/2024, 3:54:39 AM",3.577,64.9,100,0,2024-03-31T08:54:39.000Z
"3/31/2024, 3:59:39 AM",3.576,64.8,100,0,2024-03-31T08:59:39.000Z
"3/31/2024, 4:04:39 AM",3.577,64.8,100,0,2024-03-31T09:04:39.000Z
"3/31/2024, 4:09:39 AM",3.577,64.6,100,0,2024-03-31T09:09:39.000Z
"3/31/2024, 4:14:39 AM",3.577,64.8,100,0,2024-03-31T09:14:39.000Z
"3/31/2024, 4:19:39 AM",3.576,64.9,100,0,2024-03-31T09:19:39.000Z
"3/31/2024, 4:24:39 AM",3.577,64.9,100,0,2024-03-31T09:24:39.000Z
"3/31/2024, 4:29:39 AM",3.576,64.9,100,0,2024-03-31T09:29:39.000Z
"3/31/2024, 4:34:39 AM",3.577,64.8,100,0,2024-03-31T09:34:39.000Z
"3/31/2024, 4:39:39 AM",3.577,64.8,100,0,2024-03-31T09:39:39.000Z
"3/31/2024, 4:44:39 AM",3.576,64.9,100,0,2024-03-31T09:44:39.000Z
"3/31/2024, 4:49:39 AM",3.577,65.1,100,0,2024-03-31T09:49:39.000Z
"3/31/2024, 4:54:39 AM",3.577,65.3,100,0,2024-03-31T09:54:39.000Z
"3/31/2024, 4:59:39 AM",3.577,65.3,100,1,2024-03-31T09:59:39.000Z
"3/31/2024, 5:04:39 AM",3.577,65.5,100,0,2024-03-31T10:04:39.000Z
"3/31/2024, 5:09:39 AM",3.576,65.3,100,0,2024-03-31T10:09:39.000Z
"3/31/2024, 5:14:39 AM",3.577,65.3,100,0,2024-03-31T10:14:39.000Z
"3/31/2024, 5:19:39 AM",3.576,65.3,100,0,2024-03-31T10:19:39.000Z
"3/31/2024, 5:24:39 AM",3.576,65.3,100,0,2024-03-31T10:24:39.000Z
"3/31/2024, 5:29:39 AM",3.577,65.3,100,0,2024-03-31T10:29:39.000Z
"3/31/2024, 5:34:39 AM",3.576,65.1,100,0,2024-03-31T10:34:39.000Z
"3/31/2024, 5:39:39 AM",3.576,65.1,100,0,2024-03-31T10:39:39.000Z
"3/31/2024, 5:44:39 AM",3.577,65.1,100,0,2024-03-31T10:44:39.000Z
"3/31/2024, 5:49:39 AM",3.576,64.9,100,0,2024-03-31T10:49:39.000Z
"3/31/2024, 5:54:39 AM",3.576,64.6,100,0,2024-03-31T10:54:39.000Z
"3/31/2024, 5:59:39 AM",3.576,64.6,100,0,2024-03-31T10:59:39.000Z
"3/31/2024, 6:04:39 AM",3.576,64.6,100,0,2024-03-31T11:04:39.000Z
"3/31/2024, 6:09:39 AM",3.576,64.4,100,0,2024-03-31T11:09:39.000Z
"3/31/2024, 6:14:39 AM",3.577,64.4,100,0,2024-03-31T11:14:39.000Z
"3/31/2024, 6:19:39 AM",3.577,64.2,100,0,2024-03-31T11:19:39.000Z
"3/31/2024, 6:24:39 AM",3.576,64.2,100,0,2024-03-31T11:24:39.000Z
"3/31/2024, 6:29:39 AM",3.576,64.4,100,0,2024-03-31T11:29:39.000Z
"3/31/2024, 6:34:39 AM",3.576,64.4,100,1,2024-03-31T11:34:39.000Z
"3/31/2024, 6:39:39 AM",3.576,64.6,100,0,2024-03-31T11:39:39.000Z
"3/31/2024, 6:44:39 AM",3.576,64.6,100,0,2024-03-31T11:44:39.000Z
"3/31/2024, 6:49:39 AM",3.577,64.6,100,1,2024-03-31T11:49:39.000Z
"3/31/2024, 6:54:39 AM",3.576,64.6,100,0,2024-03-31T11:54:39.000Z
"3/31/2024, 6:59:39 AM",3.577,64.4,100,0,2024-03-31T11:59:39.000Z
"3/31/2024, 7:04:39 AM",3.577,64,100,0,2024-03-31T12:04:39.000Z
"3/31/2024, 7:09:39 AM",3.576,63.9,100,0,2024-03-31T12:09:39.000Z
"3/31/2024, 7:14:39 AM",3.577,63.9,100,0,2024-03-31T12:14:39.000Z
"3/31/2024, 7:19:39 AM",3.576,63.9,100,0,2024-03-31T12:19:39.000Z
"3/31/2024, 7:24:39 AM",3.577,63.7,100,0,2024-03-31T12:24:39.000Z
"3/31/2024, 7:29:39 AM",3.577,63.9,100,0,2024-03-31T12:29:39.000Z
"3/31/2024, 7:34:39 AM",3.576,63.7,100,0,2024-03-31T12:34:39.000Z
"3/31/2024, 7:39:39 AM",3.576,63.7,100,0,2024-03-31T12:39:39.000Z
"3/31/2024, 7:44:39 AM",3.576,63.9,100,0,2024-03-31T12:44:39.000Z
"3/31/2024, 7:49:39 AM",3.576,64,100,0,2024-03-31T12:49:39.000Z
"3/31/2024, 7:54:39 AM",3.576,64.2,100,0,2024-03-31T12:54:39.000Z
"3/31/2024, 7:59:39 AM",3.576,64.2,100,0,2024-03-31T12:59:39.000Z
"3/31/2024, 8:04:39 AM",3.576,64.4,100,0,2024-03-31T13:04:39.000Z
"3/31/2024, 8:09:39 AM",3.577,64.6,100,0,2024-03-31T13:09:39.000Z
"3/31/2024, 8:14:39 AM",3.577,64.6,100,0,2024-03-31T13:14:39.000Z
"3/31/2024, 8:19:39 AM",3.576,64.9,100,0,2024-03-31T13:19:39.000Z
"3/31/2024, 8:24:39 AM",3.576,64.9,100,0,2024-03-31T13:24:39.000Z
"3/31/2024, 8:29:39 AM",3.576,65.3,100,0,2024-03-31T13:29:39.000Z
"3/31/2024, 8:34:39 AM",3.576,65.7,100,0,2024-03-31T13:34:39.000Z
"3/31/2024, 8:39:39 AM",3.576,65.7,100,0,2024-03-31T13:39:39.000Z
"3/31/2024, 8:44:39 AM",3.576,65.8,100,1,2024-03-31T13:44:39.000Z
"3/31/2024, 8:49:39 AM",3.576,66.2,100,0,2024-03-31T13:49:39.000Z
"3/31/2024, 8:54:39 AM",3.576,66.4,100,0,2024-03-31T13:54:39.000Z
"3/31/2024, 8:59:39 AM",3.576,66.7,100,0,2024-03-31T13:59:39.000Z
"3/31/2024, 9:04:39 AM",3.576,66.9,100,0,2024-03-31T14:04:39.000Z
"3/31/2024, 9:09:39 AM",3.576,66.7,100,0,2024-03-31T14:09:39.000Z
"3/31/2024, 9:14:39 AM",3.576,67.1,100,0,2024-03-31T14:14:39.000Z
"3/31/2024, 9:19:39 AM",3.576,67.3,100,1,2024-03-31T14:19:39.000Z
"3/31/2024, 9:24:39 AM",3.576,67.1,100,0,2024-03-31T14:24:39.000Z
"3/31/2024, 9:29:39 AM",3.576,67.5,100,0,2024-03-31T14:29:39.000Z
"3/31/2024, 9:34:39 AM",3.576,67.6,100,0,2024-03-31T14:34:39.000Z
"3/31/2024, 9:39:39 AM",3.576,67.6,100,0,2024-03-31T14:39:39.000Z
"3/31/2024, 9:44:39 AM",3.576,67.8,100,0,2024-03-31T14:44:39.000Z
"3/31/2024, 9:49:39 AM",3.576,68,100,0,2024-03-31T14:49:39.000Z
"3/31/2024, 9:54:39 AM",3.576,68.5,100,0,2024-03-31T14:54:39.000Z
"3/31/2024, 9:59:39 AM",3.576,69.1,100,0,2024-03-31T14:59:39.000Z
"3/31/2024, 10:04:39 AM",3.576,69.6,100,0,2024-03-31T15:04:39.000Z
"3/31/2024, 10:09:39 AM",3.576,70.3,100,0,2024-03-31T15:09:39.000Z
"3/31/2024, 10:14:39 AM",3.576,70.9,100,0,2024-03-31T15:14:39.000Z
"3/31/2024, 10:19:39 AM",3.576,71.2,100,0,2024-03-31T15:19:39.000Z
"3/31/2024, 10:24:39 AM",3.576,71.8,100,0,2024-03-31T15:24:39.000Z
"3/31/2024, 10:29:39 AM",3.576,72.1,100,0,2024-03-31T15:29:39.000Z
"3/31/2024, 10:34:39 AM",3.576,72.3,100,0,2024-03-31T15:34:39.000Z
"3/31/2024, 10:39:39 AM",3.576,72.7,100,0,2024-03-31T15:39:39.000Z
"3/31/2024, 10:44:39 AM",3.576,73,100,0,2024-03-31T15:44:39.000Z
"3/31/2024, 10:49:39 AM",3.575,73.6,100,0,2024-03-31T15:49:39.000Z
"3/31/2024, 10:54:39 AM",3.575,73.9,100,0,2024-03-31T15:54:39.000Z
"3/31/2024, 10:59:39 AM",3.575,74.3,100,0,2024-03-31T15:59:39.000Z
"3/31/2024, 11:04:39 AM",3.575,74.7,100,0,2024-03-31T16:04:39.000Z
"3/31/2024, 11:09:39 AM",3.576,75,100,0,2024-03-31T16:09:39.000Z
"3/31/2024, 11:14:39 AM",3.575,75.7,100,0,2024-03-31T16:14:39.000Z
"3/31/2024, 11:19:39 AM",3.575,76.6,100,0,2024-03-31T16:19:39.000Z
"3/31/2024, 11:24:39 AM",3.575,77.5,100,0,2024-03-31T16:24:39.000Z
"3/31/2024, 11:29:39 AM",3.575,77.9,100,0,2024-03-31T16:29:39.000Z
"3/31/2024, 11:34:39 AM",3.575,78.3,100,0,2024-03-31T16:34:39.000Z
"3/31/2024, 11:39:39 AM",3.576,78.8,100,0,2024-03-31T16:39:39.000Z
"3/31/2024, 11:44:39 AM",3.575,79.5,100,0,2024-03-31T16:44:39.000Z
"3/31/2024, 11:49:39 AM",3.574,80.2,100,0,2024-03-31T16:49:39.000Z
"3/31/2024, 11:54:39 AM",3.574,81,100,0,2024-03-31T16:54:39.000Z
"3/31/2024, 11:59:39 AM",3.574,81.5,100,0,2024-03-31T16:59:39.000Z
"3/31/2024, 12:04:39 PM",3.574,82.2,100,0,2024-03-31T17:04:39.000Z
"3/31/2024, 12:09:39 PM",3.574,83.1,100,0,2024-03-31T17:09:39.000Z
"3/31/2024, 12:14:39 PM",3.573,83.8,100,0,2024-03-31T17:14:39.000Z
"3/31/2024, 12:19:39 PM",3.573,84.4,100,0,2024-03-31T17:19:39.000Z
"3/31/2024, 12:24:39 PM",3.574,84.7,100,0,2024-03-31T17:24:39.000Z
"3/31/2024, 12:29:39 PM",3.573,85.1,100,0,2024-03-31T17:29:39.000Z
"3/31/2024, 12:34:39 PM",3.574,85.6,100,0,2024-03-31T17:34:39.000Z
"3/31/2024, 12:39:39 PM",3.573,86,100,0,2024-03-31T17:39:39.000Z
"3/31/2024, 12:44:39 PM",3.574,86.4,100,0,2024-03-31T17:44:39.000Z
"3/31/2024, 12:49:39 PM",3.573,86.4,100,0,2024-03-31T17:49:39.000Z
"3/31/2024, 12:54:39 PM",3.574,86.7,100,0,2024-03-31T17:54:39.000Z
"3/31/2024, 12:59:39 PM",3.574,86.7,100,0,2024-03-31T17:59:39.000Z
"3/31/2024, 1:04:39 PM",3.574,86.5,100,0,2024-03-31T18:04:39.000Z
"3/31/2024, 1:09:39 PM",3.574,86.4,100,0,2024-03-31T18:09:39.000Z
"3/31/2024, 1:14:39 PM",3.574,86.5,100,0,2024-03-31T18:14:39.000Z
"3/31/2024, 1:19:39 PM",3.574,86.5,100,0,2024-03-31T18:19:39.000Z
"3/31/2024, 1:24:39 PM",3.574,86.7,100,0,2024-03-31T18:24:39.000Z
"3/31/2024, 1:29:39 PM",3.574,86.9,100,0,2024-03-31T18:29:39.000Z
"3/31/2024, 1:34:39 PM",3.574,87.1,100,0,2024-03-31T18:34:39.000Z
"3/31/2024, 1:39:39 PM",3.574,87.4,100,0,2024-03-31T18:39:39.000Z
"3/31/2024, 1:44:39 PM",3.574,87.6,100,0,2024-03-31T18:44:39.000Z
"3/31/2024, 1:49:39 PM",3.574,87.6,100,0,2024-03-31T18:49:39.000Z
"3/31/2024, 1:54:39 PM",3.574,87.8,100,0,2024-03-31T18:54:39.000Z
"3/31/2024, 1:59:39 PM",3.574,88.2,100,0,2024-03-31T18:59:39.000Z
"3/31/2024, 2:04:39 PM",3.574,88.3,100,0,2024-03-31T19:04:39.000Z
"3/31/2024, 2:09:39 PM",3.574,88.5,100,0,2024-03-31T19:09:39.000Z
"3/31/2024, 2:14:39 PM",3.574,88.7,100,0,2024-03-31T19:14:39.000Z
"3/31/2024, 2:19:39 PM",3.574,88.9,100,0,2024-03-31T19:19:39.000Z
"3/31/2024, 2:24:39 PM",3.574,88.9,100,0,2024-03-31T19:24:39.000Z
"3/31/2024, 2:29:39 PM",3.574,88.7,100,0,2024-03-31T19:29:39.000Z
"3/31/2024, 2:34:39 PM",3.574,88.9,100,0,2024-03-31T19:34:39.000Z
"3/31/2024, 2:39:39 PM",3.574,89.1,100,0,2024-03-31T19:39:39.000Z
"3/31/2024, 2:44:39 PM",3.574,89.4,100,0,2024-03-31T19:44:39.000Z
"3/31/2024, 2:49:39 PM",3.574,89.6,100,0,2024-03-31T19:49:39.000Z
"3/31/2024, 2:54:39 PM",3.574,90,100,0,2024-03-31T19:54:39.000Z
"3/31/2024, 2:59:39 PM",3.574,90.3,100,0,2024-03-31T19:59:39.000Z
"3/31/2024, 3:04:39 PM",3.574,90.7,100,0,2024-03-31T20:04:39.000Z
"3/31/2024, 3:09:39 PM",3.574,90.7,100,0,2024-03-31T20:09:39.000Z
"3/31/2024, 3:14:39 PM",3.574,90.3,100,0,2024-03-31T20:14:39.000Z
"3/31/2024, 3:19:39 PM",3.574,89.8,100,0,2024-03-31T20:19:39.000Z
"3/31/2024, 3:24:39 PM",3.574,89.2,100,0,2024-03-31T20:24:39.000Z
"3/31/2024, 3:29:39 PM",3.575,89.1,100,0,2024-03-31T20:29:39.000Z
"3/31/2024, 3:34:39 PM",3.575,88.9,100,0,2024-03-31T20:34:39.000Z
"3/31/2024, 3:39:39 PM",3.575,88.3,100,0,2024-03-31T20:39:39.000Z
"3/31/2024, 3:44:39 PM",3.575,88,100,0,2024-03-31T20:44:39.000Z
"3/31/2024, 3:49:39 PM",3.575,87.6,100,0,2024-03-31T20:49:39.000Z
"3/31/2024, 3:54:39 PM",3.576,88,100,0,2024-03-31T20:54:39.000Z
"3/31/2024, 3:59:39 PM",3.575,88.5,100,0,2024-03-31T20:59:39.000Z
"3/31/2024, 4:04:39 PM",3.575,88.9,100,0,2024-03-31T21:04:39.000Z
"3/31/2024, 4:09:39 PM",3.575,89.1,100,0,2024-03-31T21:09:39.000Z
"3/31/2024, 4:14:39 PM",3.575,89.2,100,0,2024-03-31T21:14:39.000Z
"3/31/2024, 4:19:39 PM",3.576,89.1,100,0,2024-03-31T21:19:39.000Z
"3/31/2024, 4:24:39 PM",3.575,88.2,100,0,2024-03-31T21:24:39.000Z
"3/31/2024, 4:29:39 PM",3.575,87.6,100,0,2024-03-31T21:29:39.000Z
"3/31/2024, 4:34:39 PM",3.575,87.4,99.8,0,2024-03-31T21:34:39.000Z
"3/31/2024, 4:39:39 PM",3.575,87.1,99.4,0,2024-03-31T21:39:39.000Z
"3/31/2024, 4:44:39 PM",3.576,86.4,99.1,0,2024-03-31T21:44:39.000Z
"3/31/2024, 4:49:39 PM",3.576,85.5,98.8,0,2024-03-31T21:49:39.000Z
"3/31/2024, 4:54:39 PM",3.577,84.7,98.7,0,2024-03-31T21:54:39.000Z
"3/31/2024, 4:59:39 PM",3.577,84.2,98.6,0,2024-03-31T21:59:39.000Z
"3/31/2024, 5:04:39 PM",3.577,83.7,98.5,0,2024-03-31T22:04:39.000Z
"3/31/2024, 5:09:39 PM",3.577,83.1,98.5,0,2024-03-31T22:09:39.000Z
"3/31/2024, 5:14:39 PM",3.577,82.6,98.6,0,2024-03-31T22:14:39.000Z
"3/31/2024, 5:19:39 PM",3.578,82,98.7,0,2024-03-31T22:19:39.000Z
"3/31/2024, 5:24:39 PM",3.578,81.9,98.8,0,2024-03-31T22:24:39.000Z
"3/31/2024, 5:29:39 PM",3.578,81.5,98.8,0,2024-03-31T22:29:39.000Z
"3/31/2024, 5:34:39 PM",3.579,81,98.9,0,2024-03-31T22:34:39.000Z
"3/31/2024, 5:39:39 PM",3.579,80.6,99,0,2024-03-31T22:39:39.000Z
"3/31/2024, 5:44:39 PM",3.579,80.2,99,0,2024-03-31T22:44:39.000Z
"3/31/2024, 5:49:39 PM",3.579,80.1,99.2,0,2024-03-31T22:49:39.000Z
"3/31/2024, 5:54:39 PM",3.579,79.7,99.3,0,2024-03-31T22:54:39.000Z
"3/31/2024, 5:59:39 PM",3.579,79.3,99.4,0,2024-03-31T22:59:39.000Z
"3/31/2024, 6:04:39 PM",3.579,79,99.5,0,2024-03-31T23:04:39.000Z
"3/31/2024, 6:09:39 PM",3.579,78.6,99.5,0,2024-03-31T23:09:39.000Z
"3/31/2024, 6:14:39 PM",3.579,78.4,99.6,0,2024-03-31T23:14:39.000Z
"3/31/2024, 6:19:39 PM",3.58,78.1,99.7,0,2024-03-31T23:19:39.000Z
"3/31/2024, 6:24:39 PM",3.58,77.9,99.8,0,2024-03-31T23:24:39.000Z
"3/31/2024, 6:29:39 PM",3.58,77.5,99.8,0,2024-03-31T23:29:39.000Z
"3/31/2024, 6:34:39 PM",3.579,77.4,99.9,0,2024-03-31T23:34:39.000Z
"3/31/2024, 6:39:39 PM",3.58,77,100,0,2024-03-31T23:39:39.000Z
"3/31/2024, 6:44:39 PM",3.58,76.8,100,0,2024-03-31T23:44:39.000Z
"3/31/2024, 6:49:39 PM",3.58,76.6,100,0,2024-03-31T23:49:39.000Z
"3/31/2024, 6:54:39 PM",3.58,76.5,100,0,2024-03-31T23:54:39.000Z
"3/31/2024, 6:59:39 PM",3.58,76.3,100,0,2024-03-31T23:59:39.000Z
"3/31/2024, 7:04:39 PM",3.58,76.1,100,0,2024-04-01T00:04:39.000Z
"3/31/2024, 7:09:39 PM",3.58,75.9,100,0,2024-04-01T00:09:39.000Z
"3/31/2024, 7:14:39 PM",3.579,75.7,100,0,2024-04-01T00:14:39.000Z
"3/31/2024, 7:19:39 PM",3.58,75.6,100,0,2024-04-01T00:19:39.000Z
"3/31/2024, 7:24:39 PM",3.579,75.4,100,0,2024-04-01T00:24:39.000Z
"3/31/2024, 7:29:39 PM",3.58,75.2,100,0,2024-04-01T00:29:39.000Z
"3/31/2024, 7:34:39 PM",3.58,75,100,0,2024-04-01T00:34:39.000Z
"3/31/2024, 7:39:39 PM",3.58,74.8,100,0,2024-04-01T00:39:39.000Z
"3/31/2024, 7:44:39 PM",3.58,74.7,100,0,2024-04-01T00:44:39.000Z
"3/31/2024, 7:49:39 PM",3.58,74.5,100,0,2024-04-01T00:49:39.000Z
"3/31/2024, 7:54:39 PM",3.58,74.5,100,0,2024-04-01T00:54:39.000Z
"3/31/2024, 7:59:39 PM",3.58,74.3,100,0,2024-04-01T00:59:39.000Z
"3/31/2024, 8:04:39 PM",3.58,74.1,100,0,2024-04-01T01:04:39.000Z
"3/31/2024, 8:09:39 PM",3.58,74.1,100,0,2024-04-01T01:09:39.000Z
"3/31/2024, 8:14:39 PM",3.58,74.1,100,0,2024-04-01T01:14:39.000Z
"3/31/2024, 8:19:39 PM",3.58,74.1,100,0,2024-04-01T01:19:39.000Z
"3/31/2024, 8:24:39 PM",3.58,73.9,100,0,2024-04-01T01:24:39.000Z
"3/31/2024, 8:29:39 PM",3.58,73.9,100,0,2024-04-01T01:29:39.000Z
"3/31/2024, 8:34:39 PM",3.58,73.9,100,0,2024-04-01T01:34:39.000Z
"3/31/2024, 8:39:39 PM",3.579,73.9,100,0,2024-04-01T01:39:39.000Z
"3/31/2024, 8:44:39 PM",3.58,73.9,100,0,2024-04-01T01:44:39.000Z
"3/31/2024, 8:49:39 PM",3.58,73.9,100,0,2024-04-01T01:49:39.000Z
"3/31/2024, 8:54:39 PM",3.58,73.9,100,0,2024-04-01T01:54:39.000Z
"3/31/2024, 8:59:39 PM",3.579,73.9,100,0,2024-04-01T01:59:39.000Z
"3/31/2024, 9:04:39 PM",3.579,73.8,100,0,2024-04-01T02:04:39.000Z
"3/31/2024, 9:09:39 PM",3.579,73.8,100,0,2024-04-01T02:09:39.000Z
"3/31/2024, 9:14:39 PM",3.579,73.6,100,0,2024-04-01T02:14:39.000Z
"3/31/2024, 9:19:39 PM",3.579,73.6,100,0,2024-04-01T02:19:39.000Z
"3/31/2024, 9:24:39 PM",3.579,73.6,100,0,2024-04-01T02:24:39.000Z
"3/31/2024, 9:29:39 PM",3.579,73.4,100,0,2024-04-01T02:29:39.000Z
"3/31/2024, 9:34:39 PM",3.579,73.4,100,0,2024-04-01T02:34:39.000Z
"3/31/2024, 9:39:39 PM",3.579,73.2,100,0,2024-04-01T02:39:39.000Z
"3/31/2024, 9:44:39 PM",3.58,73,100,0,2024-04-01T02:44:39.000Z
"3/31/2024, 9:49:39 PM",3.579,72.9,100,0,2024-04-01T02:49:39.000Z
"3/31/2024, 9:54:39 PM",3.579,72.7,100,0,2024-04-01T02:54:39.000Z
"3/31/2024, 9:59:39 PM",3.579,72.1,100,0,2024-04-01T02:59:39.000Z
"3/31/2024, 10:04:39 PM",3.579,72,100,0,2024-04-01T03:04:39.000Z
"3/31/2024, 10:09:39 PM",3.58,71.8,100,0,2024-04-01T03:09:39.000Z
"3/31/2024, 10:14:39 PM",3.58,71.4,100,0,2024-04-01T03:14:39.000Z
"3/31/2024, 10:19:39 PM",3.579,71.4,100,0,2024-04-01T03:19:39.000Z
"3/31/2024, 10:24:39 PM",3.579,71.2,100,0,2024-04-01T03:24:39.000Z
"3/31/2024, 10:29:39 PM",3.579,71.1,100,0,2024-04-01T03:29:39.000Z
"3/31/2024, 10:34:39 PM",3.579,71.1,100,0,2024-04-01T03:34:39.000Z
"3/31/2024, 10:39:39 PM",3.58,70.9,100,0,2024-04-01T03:39:39.000Z
"3/31/2024, 10:44:39 PM",3.579,70.9,100,0,2024-04-01T03:44:39.000Z
"3/31/2024, 10:49:39 PM",3.58,70.9,100,0,2024-04-01T03:49:39.000Z
"3/31/2024, 10:54:39 PM",3.579,70.7,100,0,2024-04-01T03:54:39.000Z
"3/31/2024, 10:59:39 PM",3.579,70.7,100,0,2024-04-01T03:59:39.000Z
"3/31/2024, 11:04:39 PM",3.579,70.7,100,0,2024-04-01T04:04:39.000Z
"3/31/2024, 11:09:39 PM",3.579,70.7,100,0,2024-04-01T04:09:39.000Z
"3/31/2024, 11:14:39 PM",3.579,70.9,100,0,2024-04-01T04:14:39.000Z
"3/31/2024, 11:19:39 PM",3.579,70.9,100,0,2024-04-01T04:19:39.000Z
"3/31/2024, 11:24:39 PM",3.579,70.9,100,0,2024-04-01T04:24:39.000Z
"3/31/2024, 11:29:39 PM",3.579,70.9,100,0,2024-04-01T04:29:39.000Z
"3/31/2024, 11:34:39 PM",3.578,70.9,100,0,2024-04-01T04:34:39.000Z
"3/31/2024, 11:39:39 PM",3.579,70.9,100,0,2024-04-01T04:39:39.000Z
"3/31/2024, 11:44:39 PM",3.578,70.9,100,0,2024-04-01T04:44:39.000Z
"3/31/2024, 11:49:39 PM",3.579,70.7,100,0,2024-04-01T04:49:39.000Z
"3/31/2024, 11:54:39 PM",3.579,70.7,100,0,2024-04-01T04:54:39.000Z
"3/31/2024, 11:59:39 PM",3.579,70.7,100,0,2024-04-01T04:59:39.000Z
"4/1/2024, 12:04:39 AM",3.579,70.7,100,0,2024-04-01T05:04:39.000Z
"4/1/2024, 12:09:39 AM",3.579,70.9,100,0,2024-04-01T05:09:39.000Z
"4/1/2024, 12:14:39 AM",3.578,70.9,100,0,2024-04-01T05:14:39.000Z
"4/1/2024, 12:19:39 AM",3.579,70.9,100,0,2024-04-01T05:19:39.000Z
"4/1/2024, 12:24:39 AM",3.579,71.1,100,0,2024-04-01T05:24:39.000Z
"4/1/2024, 12:29:39 AM",3.579,71.1,100,0,2024-04-01T05:29:39.000Z
"4/1/2024, 12:34:39 AM",3.578,70.9,100,0,2024-04-01T05:34:39.000Z
"4/1/2024, 12:39:39 AM",3.579,70.9,100,0,2024-04-01T05:39:39.000Z
"4/1/2024, 12:44:39 AM",3.579,70.7,100,0,2024-04-01T05:44:39.000Z
"4/1/2024, 12:49:39 AM",3.579,70.7,100,0,2024-04-01T05:49:39.000Z
"4/1/2024, 12:54:39 AM",3.579,70.5,100,0,2024-04-01T05:54:39.000Z
"4/1/2024, 12:59:39 AM",3.578,70.2,100,0,2024-04-01T05:59:39.000Z
"4/1/2024, 1:04:39 AM",3.579,70.2,100,0,2024-04-01T06:04:39.000Z
"4/1/2024, 1:09:39 AM",3.579,69.8,100,0,2024-04-01T06:09:39.000Z
"4/1/2024, 1:14:39 AM",3.579,69.6,100,0,2024-04-01T06:14:39.000Z
"4/1/2024, 1:19:39 AM",3.578,69.6,100,0,2024-04-01T06:19:39.000Z
"4/1/2024, 1:24:39 AM",3.578,69.3,100,0,2024-04-01T06:24:39.000Z
"4/1/2024, 1:29:39 AM",3.578,69.1,100,0,2024-04-01T06:29:39.000Z
"4/1/2024, 1:34:39 AM",3.579,69.1,100,0,2024-04-01T06:34:39.000Z
"4/1/2024, 1:39:39 AM",3.579,68.9,100,0,2024-04-01T06:39:39.000Z
"4/1/2024, 1:44:39 AM",3.578,68.7,100,0,2024-04-01T06:44:39.000Z
"4/1/2024, 1:49:39 AM",3.578,68.4,100,0,2024-04-01T06:49:39.000Z
"4/1/2024, 1:54:39 AM",3.578,68,100,0,2024-04-01T06:54:39.000Z
"4/1/2024, 1:59:39 AM",3.577,68,100,0,2024-04-01T06:59:39.000Z
"4/1/2024, 2:04:39 AM",3.578,68,100,0,2024-04-01T07:04:39.000Z
"4/1/2024, 2:09:39 AM",3.577,68,100,0,2024-04-01T07:09:39.000Z
"4/1/2024, 2:14:39 AM",3.577,68,100,0,2024-04-01T07:14:39.000Z
"4/1/2024, 2:19:39 AM",3.577,68.2,100,0,2024-04-01T07:19:39.000Z
"4/1/2024, 2:24:39 AM",3.577,68,100,0,2024-04-01T07:24:39.000Z
"4/1/2024, 2:29:39 AM",3.578,68,100,0,2024-04-01T07:29:39.000Z
"4/1/2024, 2:34:39 AM",3.577,68.2,100,0,2024-04-01T07:34:39.000Z
"4/1/2024, 2:39:39 AM",3.577,68.2,100,0,2024-04-01T07:39:39.000Z
"4/1/2024, 2:44:39 AM",3.577,68.2,100,0,2024-04-01T07:44:39.000Z
"4/1/2024, 2:49:39 AM",3.577,68.2,100,0,2024-04-01T07:49:39.000Z
"4/1/2024, 2:54:39 AM",3.577,68.2,100,0,2024-04-01T07:54:39.000Z
"4/1/2024, 2:59:39 AM",3.577,68.4,100,0,2024-04-01T07:59:39.000Z
"4/1/2024, 3:04:39 AM",3.577,68.4,100,0,2024-04-01T08:04:39.000Z
"4/1/2024, 3:09:39 AM",3.577,68.4,100,0,2024-04-01T08:09:39.000Z
"4/1/2024, 3:14:39 AM",3.577,68.4,100,0,2024-04-01T08:14:39.000Z
"4/1/2024, 3:19:39 AM",3.576,68.4,100,0,2024-04-01T08:19:39.000Z
"4/1/2024, 3:24:39 AM",3.577,68.4,100,0,2024-04-01T08:24:39.000Z
"4/1/2024, 3:29:39 AM",3.577,68.4,100,1,2024-04-01T08:29:39.000Z
"4/1/2024, 3:34:39 AM",3.577,68.4,100,0,2024-04-01T08:34:39.000Z
"4/1/2024, 3:39:39 AM",3.577,68.4,100,0,2024-04-01T08:39:39.000Z
"4/1/2024, 3:44:39 AM",3.576,68.4,100,1,2024-04-01T08:44:39.000Z
"4/1/2024, 3:49:39 AM",3.576,68.5,100,0,2024-04-01T08:49:39.000Z
"4/1/2024, 3:54:39 AM",3.576,68.7,100,0,2024-04-01T08:54:39.000Z
"4/1/2024, 3:59:39 AM",3.576,68.9,100,0,2024-04-01T08:59:39.000Z
"4/1/2024, 4:04:39 AM",3.576,69.1,100,0,2024-04-01T09:04:39.000Z
"4/1/2024, 4:09:39 AM",3.576,69.1,100,0,2024-04-01T09:09:39.000Z
"4/1/2024, 4:14:39 AM",3.576,69.1,100,1,2024-04-01T09:14:39.000Z
"4/1/2024, 4:19:39 AM",3.576,69.1,100,0,2024-04-01T09:19:39.000Z
"4/1/2024, 4:24:39 AM",3.577,68.9,100,0,2024-04-01T09:24:39.000Z
"4/1/2024, 4:29:39 AM",3.576,68.7,100,0,2024-04-01T09:29:39.000Z
"4/1/2024, 4:34:39 AM",3.576,68.7,100,0,2024-04-01T09:34:39.000Z
"4/1/2024, 4:39:39 AM",3.576,68.4,100,0,2024-04-01T09:39:39.000Z
"4/1/2024, 4:44:39 AM",3.577,68.4,100,0,2024-04-01T09:44:39.000Z
"4/1/2024, 4:49:39 AM",3.576,68.2,100,0,2024-04-01T09:49:39.000Z
"4/1/2024, 4:54:39 AM",3.576,68.2,100,0,2024-04-01T09:54:39.000Z
"4/1/2024, 4:59:39 AM",3.576,68.2,100,0,2024-04-01T09:59:39.000Z
"4/1/2024, 5:04:39 AM",3.576,67.8,100,0,2024-04-01T10:04:39.000Z
"4/1/2024, 5:09:39 AM",3.576,67.6,100,0,2024-04-01T10:09:39.000Z
"4/1/2024, 5:14:39 AM",3.576,67.5,100,0,2024-04-01T10:14:39.000Z
"4/1/2024, 5:19:39 AM",3.576,67.1,100,0,2024-04-01T10:19:39.000Z
"4/1/2024, 5:24:39 AM",3.576,66.7,100,0,2024-04-01T10:24:39.000Z
"4/1/2024, 5:29:39 AM",3.576,66.4,100,0,2024-04-01T10:29:39.000Z
"4/1/2024, 5:34:39 AM",3.576,66.2,100,0,2024-04-01T10:34:39.000Z
"4/1/2024, 5:39:39 AM",3.576,65.8,100,0,2024-04-01T10:39:39.000Z
"4/1/2024, 5:44:39 AM",3.576,65.7,100,0,2024-04-01T10:44:39.000Z
"4/1/2024, 5:49:39 AM",3.576,65.3,100,0,2024-04-01T10:49:39.000Z
"4/1/2024, 5:54:39 AM",3.577,65.1,100,0,2024-04-01T10:54:39.000Z
"4/1/2024, 5:59:39 AM",3.576,65.1,100,0,2024-04-01T10:59:39.000Z
"4/1/2024, 6:04:39 AM",3.577,65.3,100,0,2024-04-01T11:04:39.000Z
"4/1/2024, 6:09:39 AM",3.577,65.3,100,0,2024-04-01T11:09:39.000Z
"4/1/2024, 6:14:39 AM",3.577,65.5,100,0,2024-04-01T11:14:39.000Z
"4/1/2024, 6:19:39 AM",3.576,65.7,100,0,2024-04-01T11:19:39.000Z
"4/1/2024, 6:24:39 AM",3.576,65.7,100,0,2024-04-01T11:24:39.000Z
"4/1/2024, 6:29:39 AM",3.576,65.7,100,0,2024-04-01T11:29:39.000Z
"4/1/2024, 6:34:39 AM",3.576,65.7,100,0,2024-04-01T11:34:39.000Z
"4/1/2024, 6:39:39 AM",3.576,65.8,100,0,2024-04-01T11:39:39.000Z
"4/1/2024, 6:44:39 AM",3.576,66,100,0,2024-04-01T11:44:39.000Z
"4/1/2024, 6:49:39 AM",3.576,66,100,0,2024-04-01T11:49:39.000Z
"4/1/2024, 6:54:39 AM",3.576,65.8,100,0,2024-04-01T11:54:39.000Z
"4/1/2024, 6:59:39 AM",3.576,65.8,100,0,2024-04-01T11:59:39.000Z
"4/1/2024, 7:04:39 AM",3.575,65.8,100,0,2024-04-01T12:04:39.000Z
"4/1/2024, 7:09:39 AM",3.576,65.7,100,0,2024-04-01T12:09:39.000Z
"4/1/2024, 7:14:39 AM",3.576,65.3,100,0,2024-04-01T12:14:39.000Z
"4/1/2024, 7:19:39 AM",3.575,64.9,100,0,2024-04-01T12:19:39.000Z
"4/1/2024, 7:24:39 AM",3.575,64.6,100,0,2024-04-01T12:24:39.000Z
"4/1/2024, 7:29:39 AM",3.575,64.4,100,0,2024-04-01T12:29:39.000Z
"4/1/2024, 7:34:39 AM",3.575,64.2,100,0,2024-04-01T12:34:39.000Z
"4/1/2024, 7:39:39 AM",3.575,64.2,100,0,2024-04-01T12:39:39.000Z
"4/1/2024, 7:44:39 AM",3.575,64.2,100,0,2024-04-01T12:44:39.000Z
"4/1/2024, 7:49:39 AM",3.574,64.6,100,0,2024-04-01T12:49:39.000Z
"4/1/2024, 7:54:39 AM",3.574,64.9,100,0,2024-04-01T12:54:39.000Z
"4/1/2024, 7:59:39 AM",3.574,65.1,100,0,2024-04-01T12:59:39.000Z
"4/1/2024, 8:04:39 AM",3.575,65.5,100,0,2024-04-01T13:04:39.000Z
"4/1/2024, 8:09:39 AM",3.574,66,100,1,2024-04-01T13:09:39.000Z
"4/1/2024, 8:14:39 AM",3.575,66.4,100,1,2024-04-01T13:14:39.000Z
"4/1/2024, 8:19:39 AM",3.574,66.7,100,1,2024-04-01T13:19:39.000Z
"4/1/2024, 8:24:39 AM",3.574,67.3,100,1,2024-04-01T13:24:39.000Z
"4/1/2024, 8:29:39 AM",3.574,67.6,100,1,2024-04-01T13:29:39.000Z
"4/1/2024, 8:34:39 AM",3.574,68,100,1,2024-04-01T13:34:39.000Z
"4/1/2024, 8:39:39 AM",3.574,68.5,100,1,2024-04-01T13:39:39.000Z
"4/1/2024, 8:44:39 AM",3.574,69.1,100,1,2024-04-01T13:44:39.000Z
"4/1/2024, 8:49:39 AM",3.574,69.8,100,1,2024-04-01T13:49:39.000Z
"4/1/2024, 8:54:39 AM",3.573,70.5,100,1,2024-04-01T13:54:39.000Z
"4/1/2024, 8:59:39 AM",3.573,71.1,100,1,2024-04-01T13:59:39.000Z
"4/1/2024, 9:04:39 AM",3.573,71.6,100,1,2024-04-01T14:04:39.000Z
"4/1/2024, 9:09:39 AM",3.573,72.1,100,1,2024-04-01T14:09:39.000Z
"4/1/2024, 9:14:39 AM",3.573,72.7,100,1,2024-04-01T14:14:39.000Z
"4/1/2024, 9:19:39 AM",3.573,73.2,100,1,2024-04-01T14:19:39.000Z
"4/1/2024, 9:24:39 AM",3.574,73.8,100,1,2024-04-01T14:24:39.000Z
"4/1/2024, 9:29:39 AM",3.573,74.3,100,1,2024-04-01T14:29:39.000Z
"4/1/2024, 9:34:39 AM",3.573,74.5,100,1,2024-04-01T14:34:39.000Z
"4/1/2024, 9:39:39 AM",3.573,74.5,100,1,2024-04-01T14:39:39.000Z
"4/1/2024, 9:44:39 AM",3.573,74.5,100,1,2024-04-01T14:44:39.000Z
"4/1/2024, 9:49:39 AM",3.573,74.7,100,1,2024-04-01T14:49:39.000Z
"4/1/2024, 9:54:39 AM",3.574,74.8,100,1,2024-04-01T14:54:39.000Z
"4/1/2024, 9:59:39 AM",3.573,74.8,100,1,2024-04-01T14:59:39.000Z
"4/1/2024, 10:04:39 AM",3.574,74.8,100,1,2024-04-01T15:04:39.000Z
"4/1/2024, 10:09:39 AM",3.573,75,100,1,2024-04-01T15:09:39.000Z
"4/1/2024, 10:14:39 AM",3.574,75.2,100,1,2024-04-01T15:14:39.000Z
"4/1/2024, 10:19:39 AM",3.573,75.2,100,1,2024-04-01T15:19:39.000Z
"4/1/2024, 10:24:39 AM",3.574,75.2,100,1,2024-04-01T15:24:39.000Z
"4/1/2024, 10:29:39 AM",3.574,75.4,100,1,2024-04-01T15:29:39.000Z
"4/1/2024, 10:34:39 AM",3.574,75.6,100,1,2024-04-01T15:34:39.000Z
"4/1/2024, 10:39:39 AM",3.574,75.7,100,1,2024-04-01T15:39:39.000Z
"4/1/2024, 10:44:39 AM",3.574,75.9,100,1,2024-04-01T15:44:39.000Z
"4/1/2024, 10:49:39 AM",3.574,76.3,100,1,2024-04-01T15:49:39.000Z
"4/1/2024, 10:54:39 AM",3.574,76.5,100,1,2024-04-01T15:54:39.000Z
"4/1/2024, 10:59:39 AM",3.574,76.3,100,1,2024-04-01T15:59:39.000Z
"4/1/2024, 11:04:39 AM",3.574,76.3,100,1,2024-04-01T16:04:39.000Z
"4/1/2024, 11:09:39 AM",3.574,76.5,100,1,2024-04-01T16:09:39.000Z
"4/1/2024, 11:14:39 AM",3.574,76.6,100,1,2024-04-01T16:14:39.000Z
"4/1/2024, 11:19:39 AM",3.574,76.8,100,1,2024-04-01T16:19:39.000Z
"4/1/2024, 11:24:39 AM",3.574,77,100,1,2024-04-01T16:24:39.000Z
"4/1/2024, 11:29:39 AM",3.574,77,100,1,2024-04-01T16:29:39.000Z
"4/1/2024, 11:34:39 AM",3.574,77,100,1,2024-04-01T16:34:39.000Z
"4/1/2024, 11:39:39 AM",3.575,77.2,100,1,2024-04-01T16:39:39.000Z
"4/1/2024, 11:44:39 AM",3.574,77.4,100,1,2024-04-01T16:44:39.000Z
"4/1/2024, 11:49:39 AM",3.575,77.4,100,1,2024-04-01T16:49:39.000Z
"4/1/2024, 11:54:39 AM",3.574,77.5,100,1,2024-04-01T16:54:39.000Z
"4/1/2024, 11:59:39 AM",3.575,77.7,100,1,2024-04-01T16:59:39.000Z
"4/1/2024, 12:04:39 PM",3.575,77.7,100,1,2024-04-01T17:04:39.000Z
"4/1/2024, 12:09:39 PM",3.574,77.7,100,1,2024-04-01T17:09:39.000Z
"4/1/2024, 12:14:39 PM",3.574,77.5,100,1,2024-04-01T17:14:39.000Z
"4/1/2024, 12:19:39 PM",3.575,77.4,100,1,2024-04-01T17:19:39.000Z
"4/1/2024, 12:24:39 PM",3.575,77.4,100,1,2024-04-01T17:24:39.000Z
"4/1/2024, 12:29:39 PM",3.575,77.5,100,1,2024-04-01T17:29:39.000Z
"4/1/2024, 12:34:39 PM",3.575,77.5,100,1,2024-04-01T17:34:39.000Z
"4/1/2024, 12:39:39 PM",3.575,77.7,100,1,2024-04-01T17:39:39.000Z
"4/1/2024, 12:44:39 PM",3.575,78.1,100,1,2024-04-01T17:44:39.000Z
"4/1/2024, 12:49:39 PM",3.575,78.3,100,1,2024-04-01T17:49:39.000Z
"4/1/2024, 12:54:39 PM",3.575,78.4,100,1,2024-04-01T17:54:39.000Z
"4/1/2024, 12:59:39 PM",3.576,78.6,100,1,2024-04-01T17:59:39.000Z
"4/1/2024, 1:04:39 PM",3.576,78.6,100,0,2024-04-01T18:04:39.000Z
"4/1/2024, 1:09:39 PM",3.575,78.4,100,1,2024-04-01T18:09:39.000Z
"4/1/2024, 1:14:39 PM",3.575,78.3,100,1,2024-04-01T18:14:39.000Z
"4/1/2024, 1:19:39 PM",3.576,78.3,100,0,2024-04-01T18:19:39.000Z
"4/1/2024, 1:24:39 PM",3.576,78.3,100,0,2024-04-01T18:24:39.000Z
"4/1/2024, 1:29:39 PM",3.576,78.1,100,0,2024-04-01T18:29:39.000Z
"4/1/2024, 1:34:39 PM",3.576,77.9,100,0,2024-04-01T18:34:39.000Z
"4/1/2024, 1:39:39 PM",3.576,77.9,100,0,2024-04-01T18:39:39.000Z
"4/1/2024, 1:44:39 PM",3.575,77.7,100,0,2024-04-01T18:44:39.000Z
"4/1/2024, 1:49:39 PM",3.576,77.5,100,0,2024-04-01T18:49:39.000Z
"4/1/2024, 1:54:39 PM",3.576,77.5,100,0,2024-04-01T18:54:39.000Z
"4/1/2024, 1:59:39 PM",3.576,77.4,100,0,2024-04-01T18:59:39.000Z
"4/1/2024, 2:04:39 PM",3.576,77.5,100,0,2024-04-01T19:04:39.000Z
"4/1/2024, 2:09:39 PM",3.576,77.5,100,0,2024-04-01T19:09:39.000Z
"4/1/2024, 2:14:39 PM",3.576,77.5,100,0,2024-04-01T19:14:39.000Z
"4/1/2024, 2:19:39 PM",3.576,77.5,100,0,2024-04-01T19:19:39.000Z
"4/1/2024, 2:24:39 PM",3.576,77.4,100,0,2024-04-01T19:24:39.000Z
"4/1/2024, 2:29:39 PM",3.576,77.4,100,0,2024-04-01T19:29:39.000Z
"4/1/2024, 2:34:39 PM",3.576,77.4,100,0,2024-04-01T19:34:39.000Z
"4/1/2024, 2:39:39 PM",3.576,77.5,100,0,2024-04-01T19:39:39.000Z
"4/1/2024, 2:44:39 PM",3.576,77.7,100,0,2024-04-01T19:44:39.000Z
"4/1/2024, 2:49:39 PM",3.576,78.3,100,0,2024-04-01T19:49:39.000Z
"4/1/2024, 2:54:39 PM",3.576,78.4,100,0,2024-04-01T19:54:39.000Z
"4/1/2024, 2:59:39 PM",3.576,78.6,100,0,2024-04-01T19:59:39.000Z
"4/1/2024, 3:04:39 PM",3.576,79,100,0,2024-04-01T20:04:39.000Z
"4/1/2024, 3:09:39 PM",3.576,79,100,0,2024-04-01T20:09:39.000Z
"4/1/2024, 3:14:39 PM",3.576,79,100,0,2024-04-01T20:14:39.000Z
"4/1/2024, 3:19:39 PM",3.576,79.2,100,0,2024-04-01T20:19:39.000Z
"4/1/2024, 3:24:39 PM",3.576,79,100,0,2024-04-01T20:24:39.000Z
"4/1/2024, 3:29:39 PM",3.576,79,100,0,2024-04-01T20:29:39.000Z
"4/1/2024, 3:34:39 PM",3.576,78.8,100,0,2024-04-01T20:34:39.000Z
"4/1/2024, 3:39:39 PM",3.576,78.8,100,0,2024-04-01T20:39:39.000Z
"4/1/2024, 3:44:39 PM",3.576,78.8,100,0,2024-04-01T20:44:39.000Z
"4/1/2024, 3:49:39 PM",3.576,78.8,100,0,2024-04-01T20:49:39.000Z
"4/1/2024, 3:54:39 PM",3.576,78.8,100,0,2024-04-01T20:54:39.000Z
"4/1/2024, 3:59:39 PM",3.576,78.8,100,0,2024-04-01T20:59:39.000Z
"4/1/2024, 4:04:39 PM",3.576,78.6,100,0,2024-04-01T21:04:39.000Z
"4/1/2024, 4:09:39 PM",3.576,78.6,100,0,2024-04-01T21:09:39.000Z
"4/1/2024, 4:14:39 PM",3.576,78.4,100,0,2024-04-01T21:14:39.000Z
"4/1/2024, 4:19:39 PM",3.576,78.3,100,0,2024-04-01T21:19:39.000Z
"4/1/2024, 4:24:39 PM",3.577,78.1,100,0,2024-04-01T21:24:39.000Z
"4/1/2024, 4:29:39 PM",3.577,77.9,100,0,2024-04-01T21:29:39.000Z
"4/1/2024, 4:34:39 PM",3.577,77.7,100,0,2024-04-01T21:34:39.000Z
"4/1/2024, 4:39:39 PM",3.576,77.5,100,0,2024-04-01T21:39:39.000Z
"4/1/2024, 4:44:39 PM",3.576,77.4,100,0,2024-04-01T21:44:39.000Z
"4/1/2024, 4:49:39 PM",3.577,77.2,100,0,2024-04-01T21:49:39.000Z
"4/1/2024, 4:54:39 PM",3.576,77,100,0,2024-04-01T21:54:39.000Z
"4/1/2024, 4:59:39 PM",3.577,76.8,100,0,2024-04-01T21:59:39.000Z
"4/1/2024, 5:04:39 PM",3.577,76.6,100,0,2024-04-01T22:04:39.000Z
"4/1/2024, 5:09:39 PM",3.577,76.5,100,0,2024-04-01T22:09:39.000Z
"4/1/2024, 5:14:39 PM",3.577,76.3,100,0,2024-04-01T22:14:39.000Z
"4/1/2024, 5:19:39 PM",3.577,76.1,100,0,2024-04-01T22:19:39.000Z
"4/1/2024, 5:24:39 PM",3.577,75.9,100,0,2024-04-01T22:24:39.000Z
"4/1/2024, 5:29:39 PM",3.577,76.1,100,0,2024-04-01T22:29:39.000Z
"4/1/2024, 5:34:39 PM",3.577,75.9,100,0,2024-04-01T22:34:39.000Z
"4/1/2024, 5:39:39 PM",3.577,76.1,100,0,2024-04-01T22:39:39.000Z
"4/1/2024, 5:44:39 PM",3.577,76.1,100,0,2024-04-01T22:44:39.000Z
"4/1/2024, 5:49:39 PM",3.577,76.3,100,0,2024-04-01T22:49:39.000Z
"4/1/2024, 5:54:39 PM",3.577,76.1,100,0,2024-04-01T22:54:39.000Z
"4/1/2024, 5:59:39 PM",3.577,76.1,100,0,2024-04-01T22:59:39.000Z
"4/1/2024, 6:04:39 PM",3.577,75.7,100,0,2024-04-01T23:04:39.000Z
"4/1/2024, 6:09:39 PM",3.577,75.6,100,0,2024-04-01T23:09:39.000Z
"4/1/2024, 6:14:39 PM",3.577,75.2,100,0,2024-04-01T23:14:39.000Z
"4/1/2024, 6:19:39 PM",3.577,74.8,100,0,2024-04-01T23:19:39.000Z
"4/1/2024, 6:24:39 PM",3.577,74.5,100,0,2024-04-01T23:24:39.000Z
"4/1/2024, 6:29:39 PM",3.577,74.1,100,0,2024-04-01T23:29:39.000Z
"4/1/2024, 6:34:39 PM",3.577,73.9,100,0,2024-04-01T23:34:39.000Z
"4/1/2024, 6:39:39 PM",3.577,73.6,100,0,2024-04-01T23:39:39.000Z
"4/1/2024, 6:44:39 PM",3.578,73.4,100,0,2024-04-01T23:44:39.000Z
"4/1/2024, 6:49:39 PM",3.577,73,100,0,2024-04-01T23:49:39.000Z
"4/1/2024, 6:54:39 PM",3.577,72.9,100,0,2024-04-01T23:54:39.000Z
"4/1/2024, 6:59:39 PM",3.577,72.7,100,0,2024-04-01T23:59:39.000Z
"4/1/2024, 7:04:39 PM",3.577,72.7,100,0,2024-04-02T00:04:39.000Z
"4/1/2024, 7:09:39 PM",3.577,72.5,100,0,2024-04-02T00:09:39.000Z
"4/1/2024, 7:14:39 PM",3.578,72.5,100,0,2024-04-02T00:14:39.000Z
"4/1/2024, 7:19:39 PM",3.577,72.3,100,0,2024-04-02T00:19:39.000Z
"4/1/2024, 7:24:39 PM",3.577,72.3,100,0,2024-04-02T00:24:39.000Z
"4/1/2024, 7:29:39 PM",3.577,72.3,100,0,2024-04-02T00:29:39.000Z
"4/1/2024, 7:34:39 PM",3.577,72.1,100,0,2024-04-02T00:34:39.000Z
"4/1/2024, 7:39:39 PM",3.578,72,100,0,2024-04-02T00:39:39.000Z
"4/1/2024, 7:44:39 PM",3.577,71.8,100,0,2024-04-02T00:44:39.000Z
"4/1/2024, 7:49:39 PM",3.577,71.8,100,0,2024-04-02T00:49:39.000Z
"4/1/2024, 7:54:39 PM",3.577,71.6,100,0,2024-04-02T00:54:39.000Z
"4/1/2024, 7:59:39 PM",3.577,71.4,100,0,2024-04-02T00:59:39.000Z
"4/1/2024, 8:04:39 PM",3.577,71.2,100,0,2024-04-02T01:04:39.000Z
"4/1/2024, 8:09:39 PM",3.577,71.2,100,0,2024-04-02T01:09:39.000Z
"4/1/2024, 8:14:39 PM",3.577,71.1,100,0,2024-04-02T01:14:39.000Z
"4/1/2024, 8:19:39 PM",3.577,71.1,100,0,2024-04-02T01:19:39.000Z
"4/1/2024, 8:24:39 PM",3.577,70.9,100,0,2024-04-02T01:24:39.000Z
"4/1/2024, 8:29:39 PM",3.577,70.9,100,0,2024-04-02T01:29:39.000Z
"4/1/2024, 8:34:39 PM",3.577,70.9,100,0,2024-04-02T01:34:39.000Z
"4/1/2024, 8:39:39 PM",3.576,70.9,100,0,2024-04-02T01:39:39.000Z
"4/1/2024, 8:44:39 PM",3.577,70.9,100,0,2024-04-02T01:44:39.000Z
"4/1/2024, 8:49:39 PM",3.577,70.9,100,0,2024-04-02T01:49:39.000Z
"4/1/2024, 8:54:39 PM",3.577,70.9,100,0,2024-04-02T01:54:39.000Z
"4/1/2024, 8:59:39 PM",3.577,71.1,100,0,2024-04-02T01:59:39.000Z
"4/1/2024, 9:04:39 PM",3.577,71.1,100,0,2024-04-02T02:04:39.000Z
"4/1/2024, 9:09:39 PM",3.576,71.1,100,0,2024-04-02T02:09:39.000Z
"4/1/2024, 9:14:39 PM",3.577,71.1,100,0,2024-04-02T02:14:39.000Z
"4/1/2024, 9:19:39 PM",3.576,71.1,100,0,2024-04-02T02:19:39.000Z
"4/1/2024, 9:24:39 PM",3.577,71.1,100,0,2024-04-02T02:24:39.000Z
"4/1/2024, 9:29:39 PM",3.577,71.1,100,0,2024-04-02T02:29:39.000Z
"4/1/2024, 9:34:39 PM",3.576,71.1,100,0,2024-04-02T02:34:39.000Z
"4/1/2024, 9:39:39 PM",3.576,70.9,100,0,2024-04-02T02:39:39.000Z
"4/1/2024, 9:44:39 PM",3.576,70.9,100,0,2024-04-02T02:44:39.000Z
"4/1/2024, 9:49:39 PM",3.576,70.7,100,0,2024-04-02T02:49:39.000Z
"4/1/2024, 9:54:39 PM",3.577,70.7,100,0,2024-04-02T02:54:39.000Z
"4/1/2024, 9:59:39 PM",3.577,70.7,100,0,2024-04-02T02:59:39.000Z
"4/1/2024, 10:04:39 PM",3.577,70.5,100,0,2024-04-02T03:04:39.000Z
"4/1/2024, 10:09:39 PM",3.576,70.5,100,0,2024-04-02T03:09:39.000Z
"4/1/2024, 10:14:39 PM",3.577,70.5,100,0,2024-04-02T03:14:39.000Z
"4/1/2024, 10:19:39 PM",3.576,70.7,100,0,2024-04-02T03:19:39.000Z
"4/1/2024, 10:24:39 PM",3.577,70.7,100,0,2024-04-02T03:24:39.000Z
"4/1/2024, 10:29:39 PM",3.577,70.7,100,0,2024-04-02T03:29:39.000Z
"4/1/2024, 10:34:39 PM",3.577,70.7,100,0,2024-04-02T03:34:39.000Z
"4/1/2024, 10:39:39 PM",3.576,70.9,100,0,2024-04-02T03:39:39.000Z
"4/1/2024, 10:44:39 PM",3.577,70.9,100,0,2024-04-02T03:44:39.000Z
"4/1/2024, 10:49:39 PM",3.577,71.1,100,0,2024-04-02T03:49:39.000Z
"4/1/2024, 10:54:39 PM",3.576,71.2,100,0,2024-04-02T03:54:39.000Z
"4/1/2024, 10:59:39 PM",3.576,71.2,100,0,2024-04-02T03:59:39.000Z
"4/1/2024, 11:04:39 PM",3.576,71.2,100,0,2024-04-02T04:04:39.000Z
"4/1/2024, 11:09:39 PM",3.576,71.4,100,0,2024-04-02T04:09:39.000Z
"4/1/2024, 11:14:39 PM",3.576,71.4,100,0,2024-04-02T04:14:39.000Z
"4/1/2024, 11:19:39 PM",3.576,71.4,100,0,2024-04-02T04:19:39.000Z
"4/1/2024, 11:24:39 PM",3.576,71.6,100,0,2024-04-02T04:24:39.000Z
"4/1/2024, 11:29:39 PM",3.576,71.8,100,0,2024-04-02T04:29:39.000Z
"4/1/2024, 11:34:39 PM",3.576,71.8,100,0,2024-04-02T04:34:39.000Z
"4/1/2024, 11:39:39 PM",3.576,71.8,100,0,2024-04-02T04:39:39.000Z
"4/1/2024, 11:44:39 PM",3.576,71.8,100,0,2024-04-02T04:44:39.000Z
"4/1/2024, 11:49:39 PM",3.576,71.8,100,0,2024-04-02T04:49:39.000Z
"4/1/2024, 11:54:39 PM",3.576,71.8,100,0,2024-04-02T04:54:39.000Z
"4/1/2024, 11:59:39 PM",3.576,71.8,100,0,2024-04-02T04:59:39.000Z
"4/2/2024, 12:04:39 AM",3.576,71.4,100,0,2024-04-02T05:04:39.000Z
"4/2/2024, 12:09:39 AM",3.575,70.7,100,0,2024-04-02T05:09:39.000Z
"4/2/2024, 12:14:39 AM",3.574,69.8,100,0,2024-04-02T05:14:39.000Z
"4/2/2024, 12:19:39 AM",3.575,69.1,100,0,2024-04-02T05:19:39.000Z
"4/2/2024, 12:24:39 AM",3.574,68.4,100,0,2024-04-02T05:24:39.000Z
"4/2/2024, 12:29:39 AM",3.575,68.2,100,0,2024-04-02T05:29:39.000Z
"4/2/2024, 12:34:39 AM",3.575,68,100,0,2024-04-02T05:34:39.000Z
"4/2/2024, 12:39:39 AM",3.574,67.6,100,0,2024-04-02T05:39:39.000Z
"4/2/2024, 12:44:39 AM",3.575,67.5,100,0,2024-04-02T05:44:39.000Z
"4/2/2024, 12:49:39 AM",3.574,67.5,100,0,2024-04-02T05:49:39.000Z
"4/2/2024, 12:54:39 AM",3.575,67.6,100,0,2024-04-02T05:54:39.000Z
"4/2/2024, 12:59:39 AM",3.574,67.6,100,0,2024-04-02T05:59:39.000Z
"4/2/2024, 1:04:39 AM",3.574,67.8,100,0,2024-04-02T06:04:39.000Z
"4/2/2024, 1:09:39 AM",3.574,67.6,100,0,2024-04-02T06:09:39.000Z
"4/2/2024, 1:14:39 AM",3.574,67.6,100,0,2024-04-02T06:14:39.000Z
"4/2/2024, 1:19:39 AM",3.574,67.6,100,0,2024-04-02T06:19:39.000Z
"4/2/2024, 1:24:39 AM",3.574,67.6,100,0,2024-04-02T06:24:39.000Z
"4/2/2024, 1:29:39 AM",3.574,67.6,100,0,2024-04-02T06:29:39.000Z
"4/2/2024, 1:34:39 AM",3.574,67.6,100,0,2024-04-02T06:34:39.000Z
"4/2/2024, 1:39:39 AM",3.574,67.8,100,0,2024-04-02T06:39:39.000Z
"4/2/2024, 1:44:39 AM",3.574,68,100,0,2024-04-02T06:44:39.000Z
"4/2/2024, 1:49:39 AM",3.574,68.2,100,0,2024-04-02T06:49:39.000Z
"4/2/2024, 1:54:39 AM",3.574,68.4,100,0,2024-04-02T06:54:39.000Z
"4/2/2024, 1:59:39 AM",3.573,68.4,100,0,2024-04-02T06:59:39.000Z
"4/2/2024, 2:04:39 AM",3.574,68.4,100,0,2024-04-02T07:04:39.000Z
"4/2/2024, 2:09:39 AM",3.574,68.4,100,0,2024-04-02T07:09:39.000Z
"4/2/2024, 2:14:39 AM",3.574,68.4,100,0,2024-04-02T07:14:39.000Z
"4/2/2024, 2:19:39 AM",3.573,68.5,100,0,2024-04-02T07:19:39.000Z
"4/2/2024, 2:24:39 AM",3.574,68.5,100,0,2024-04-02T07:24:39.000Z
"4/2/2024, 2:29:39 AM",3.573,68.5,100,0,2024-04-02T07:29:39.000Z
"4/2/2024, 2:34:39 AM",3.574,68.5,100,0,2024-04-02T07:34:39.000Z
"4/2/2024, 2:39:39 AM",3.574,68.7,100,0,2024-04-02T07:39:39.000Z
"4/2/2024, 2:44:39 AM",3.574,68.7,100,0,2024-04-02T07:44:39.000Z
"4/2/2024, 2:49:39 AM",3.573,68.7,100,0,2024-04-02T07:49:39.000Z
"4/2/2024, 2:54:39 AM",3.573,68.7,100,0,2024-04-02T07:54:39.000Z
"4/2/2024, 2:59:39 AM",3.573,68.7,100,0,2024-04-02T07:59:39.000Z
"4/2/2024, 3:04:39 AM",3.573,68.5,100,0,2024-04-02T08:04:39.000Z
"4/2/2024, 3:09:39 AM",3.573,68.5,100,0,2024-04-02T08:09:39.000Z
"4/2/2024, 3:14:39 AM",3.574,68.4,100,0,2024-04-02T08:14:39.000Z
"4/2/2024, 3:19:39 AM",3.574,68.4,100,0,2024-04-02T08:19:39.000Z
"4/2/2024, 3:24:39 AM",3.574,68.4,100,0,2024-04-02T08:24:39.000Z
"4/2/2024, 3:29:39 AM",3.574,68.4,100,0,2024-04-02T08:29:39.000Z
"4/2/2024, 3:34:39 AM",3.574,68.4,100,0,2024-04-02T08:34:39.000Z
"4/2/2024, 3:39:39 AM",3.574,68.4,100,0,2024-04-02T08:39:39.000Z
"4/2/2024, 3:44:39 AM",3.573,68.2,100,0,2024-04-02T08:44:39.000Z
"4/2/2024, 3:49:39 AM",3.573,68.2,100,0,2024-04-02T08:49:39.000Z
"4/2/2024, 3:54:39 AM",3.574,68,100,0,2024-04-02T08:54:39.000Z
"4/2/2024, 3:59:39 AM",3.573,68,100,0,2024-04-02T08:59:39.000Z
"4/2/2024, 4:04:39 AM",3.574,68,100,0,2024-04-02T09:04:39.000Z
"4/2/2024, 4:09:39 AM",3.574,68,100,0,2024-04-02T09:09:39.000Z
"4/2/2024, 4:14:39 AM",3.573,68,100,0,2024-04-02T09:14:39.000Z
"4/2/2024, 4:19:39 AM",3.573,68,100,0,2024-04-02T09:19:39.000Z
"4/2/2024, 4:24:39 AM",3.573,68,100,0,2024-04-02T09:24:39.000Z
"4/2/2024, 4:29:39 AM",3.573,68,100,0,2024-04-02T09:29:39.000Z
"4/2/2024, 4:34:39 AM",3.574,68.2,100,0,2024-04-02T09:34:39.000Z
"4/2/2024, 4:39:39 AM",3.573,68.2,100,0,2024-04-02T09:39:39.000Z
"4/2/2024, 4:44:39 AM",3.573,68.2,100,0,2024-04-02T09:44:39.000Z
"4/2/2024, 4:49:39 AM",3.573,68,100,0,2024-04-02T09:49:39.000Z
"4/2/2024, 4:54:39 AM",3.574,67.6,100,0,2024-04-02T09:54:39.000Z
"4/2/2024, 4:59:39 AM",3.574,67.1,100,0,2024-04-02T09:59:39.000Z
"4/2/2024, 5:04:39 AM",3.573,66.4,100,0,2024-04-02T10:04:39.000Z
"4/2/2024, 5:09:39 AM",3.573,65.7,100,0,2024-04-02T10:09:39.000Z
"4/2/2024, 5:14:39 AM",3.574,65.3,100,0,2024-04-02T10:14:39.000Z
"4/2/2024, 5:19:39 AM",3.573,65.1,100,0,2024-04-02T10:19:39.000Z
"4/2/2024, 5:24:39 AM",3.574,64.9,100,0,2024-04-02T10:24:39.000Z
"4/2/2024, 5:29:39 AM",3.574,64.9,100,0,2024-04-02T10:29:39.000Z
"4/2/2024, 5:34:39 AM",3.573,64.8,100,0,2024-04-02T10:34:39.000Z
"4/2/2024, 5:39:39 AM",3.574,64.8,100,0,2024-04-02T10:39:39.000Z
"4/2/2024, 5:44:39 AM",3.574,64.8,100,0,2024-04-02T10:44:39.000Z
"4/2/2024, 5:49:39 AM",3.574,64.6,100,0,2024-04-02T10:49:39.000Z
"4/2/2024, 5:54:39 AM",3.573,64.8,100,0,2024-04-02T10:54:39.000Z
"4/2/2024, 5:59:39 AM",3.573,64.8,100,0,2024-04-02T10:59:39.000Z
"4/2/2024, 6:04:39 AM",3.573,64.9,100,0,2024-04-02T11:04:39.000Z
"4/2/2024, 6:09:39 AM",3.573,65.1,100,0,2024-04-02T11:09:39.000Z
"4/2/2024, 6:14:39 AM",3.573,65.1,100,0,2024-04-02T11:14:39.000Z
"4/2/2024, 6:19:39 AM",3.573,65.1,100,0,2024-04-02T11:19:39.000Z
"4/2/2024, 6:24:39 AM",3.573,64.9,100,0,2024-04-02T11:24:39.000Z
"4/2/2024, 6:29:39 AM",3.573,64.9,100,0,2024-04-02T11:29:39.000Z
"4/2/2024, 6:34:39 AM",3.573,64.9,100,0,2024-04-02T11:34:39.000Z
"4/2/2024, 6:39:39 AM",3.573,64.9,100,0,2024-04-02T11:39:39.000Z
"4/2/2024, 6:44:39 AM",3.573,64.9,100,0,2024-04-02T11:44:39.000Z
"4/2/2024, 6:49:39 AM",3.573,65.1,100,0,2024-04-02T11:49:39.000Z
"4/2/2024, 6:54:39 AM",3.574,65.1,100,0,2024-04-02T11:54:39.000Z
"4/2/2024, 6:59:39 AM",3.573,65.1,100,0,2024-04-02T11:59:39.000Z
"4/2/2024, 7:04:39 AM",3.573,65.1,100,0,2024-04-02T12:04:39.000Z
"4/2/2024, 7:09:39 AM",3.573,65.5,100,0,2024-04-02T12:09:39.000Z
"4/2/2024, 7:14:39 AM",3.572,65.8,100,0,2024-04-02T12:14:39.000Z
"4/2/2024, 7:19:39 AM",3.572,66,100,0,2024-04-02T12:19:39.000Z
"4/2/2024, 7:24:39 AM",3.573,66.2,100,0,2024-04-02T12:24:39.000Z
"4/2/2024, 7:29:39 AM",3.573,66.4,100,0,2024-04-02T12:29:39.000Z
"4/2/2024, 7:34:39 AM",3.573,66.4,100,0,2024-04-02T12:34:39.000Z
"4/2/2024, 7:39:39 AM",3.572,66.6,100,0,2024-04-02T12:39:39.000Z
"4/2/2024, 7:44:39 AM",3.572,66.6,100,0,2024-04-02T12:44:39.000Z
"4/2/2024, 7:49:39 AM",3.572,66.7,100,0,2024-04-02T12:49:39.000Z
"4/2/2024, 7:54:39 AM",3.573,66.9,100,0,2024-04-02T12:54:39.000Z
"4/2/2024, 7:59:39 AM",3.573,67.1,100,0,2024-04-02T12:59:39.000Z
"4/2/2024, 8:04:39 AM",3.573,67.3,100,0,2024-04-02T13:04:39.000Z
"4/2/2024, 8:09:39 AM",3.573,67.5,100,0,2024-04-02T13:09:39.000Z
"4/2/2024, 8:14:39 AM",3.573,67.6,100,0,2024-04-02T13:14:39.000Z
"4/2/2024, 8:19:39 AM",3.572,67.6,100,0,2024-04-02T13:19:39.000Z
"4/2/2024, 8:24:39 AM",3.573,67.5,100,0,2024-04-02T13:24:39.000Z
"4/2/2024, 8:29:39 AM",3.572,67.5,100,0,2024-04-02T13:29:39.000Z
"4/2/2024, 8:34:39 AM",3.573,67.3,100,0,2024-04-02T13:34:39.000Z
"4/2/2024, 8:39:39 AM",3.573,67.3,100,0,2024-04-02T13:39:39.000Z
"4/2/2024, 8:44:39 AM",3.573,67.3,100,0,2024-04-02T13:44:39.000Z
"4/2/2024, 8:49:39 AM",3.573,67.3,100,0,2024-04-02T13:49:39.000Z
"4/2/2024, 8:54:39 AM",3.573,67.3,100,0,2024-04-02T13:54:39.000Z
"4/2/2024, 8:59:39 AM",3.573,67.5,100,0,2024-04-02T13:59:39.000Z
"4/2/2024, 9:04:39 AM",3.573,67.5,100,0,2024-04-02T14:04:39.000Z
"4/2/2024, 9:09:39 AM",3.572,67.5,100,0,2024-04-02T14:09:39.000Z
"4/2/2024, 9:14:39 AM",3.573,67.5,100,0,2024-04-02T14:14:39.000Z
"4/2/2024, 9:19:39 AM",3.573,67.6,100,0,2024-04-02T14:19:39.000Z
"4/2/2024, 9:24:39 AM",3.573,68,100,0,2024-04-02T14:24:39.000Z
"4/2/2024, 9:29:39 AM",3.573,68.4,100,0,2024-04-02T14:29:39.000Z
"4/2/2024, 9:34:39 AM",3.573,68.9,100,0,2024-04-02T14:34:39.000Z
"4/2/2024, 9:39:39 AM",3.572,69.8,100,0,2024-04-02T14:39:39.000Z
"4/2/2024, 9:44:39 AM",3.572,70.5,100,0,2024-04-02T14:44:39.000Z
"4/2/2024, 9:49:39 AM",3.572,71.2,100,0,2024-04-02T14:49:39.000Z
"4/2/2024, 9:54:39 AM",3.572,72.1,100,0,2024-04-02T14:54:39.000Z
"4/2/2024, 9:59:39 AM",3.572,73,100,0,2024-04-02T14:59:39.000Z
"4/2/2024, 10:04:39 AM",3.573,73.9,100,0,2024-04-02T15:04:39.000Z
"4/2/2024, 10:09:39 AM",3.572,74.5,100,0,2024-04-02T15:09:39.000Z
"4/2/2024, 10:14:39 AM",3.573,75.2,100,0,2024-04-02T15:14:39.000Z
"4/2/2024, 10:19:39 AM",3.573,75.9,100,0,2024-04-02T15:19:39.000Z
"4/2/2024, 10:24:39 AM",3.573,76.6,100,0,2024-04-02T15:24:39.000Z
"4/2/2024, 10:29:39 AM",3.572,77.4,100,0,2024-04-02T15:29:39.000Z
"4/2/2024, 10:34:39 AM",3.573,78.1,100,0,2024-04-02T15:34:39.000Z
"4/2/2024, 10:39:39 AM",3.572,78.8,100,0,2024-04-02T15:39:39.000Z
"4/2/2024, 10:44:39 AM",3.572,79.5,100,0,2024-04-02T15:44:39.000Z
"4/2/2024, 10:49:39 AM",3.572,80.1,100,0,2024-04-02T15:49:39.000Z
"4/2/2024, 10:54:39 AM",3.571,80.8,100,0,2024-04-02T15:54:39.000Z
"4/2/2024, 10:59:39 AM",3.571,81.1,100,0,2024-04-02T15:59:39.000Z
"4/2/2024, 11:04:39 AM",3.571,81.5,100,0,2024-04-02T16:04:39.000Z
"4/2/2024, 11:09:39 AM",3.572,81.7,100,0,2024-04-02T16:09:39.000Z
"4/2/2024, 11:14:39 AM",3.572,81.9,100,0,2024-04-02T16:14:39.000Z
"4/2/2024, 11:19:39 AM",3.571,82,100,0,2024-04-02T16:19:39.000Z
"4/2/2024, 11:24:39 AM",3.572,82.2,100,0,2024-04-02T16:24:39.000Z
"4/2/2024, 11:29:39 AM",3.572,82,100,0,2024-04-02T16:29:39.000Z
"4/2/2024, 11:34:39 AM",3.572,81.5,100,0,2024-04-02T16:34:39.000Z
"4/2/2024, 11:39:39 AM",3.572,81.3,100,0,2024-04-02T16:39:39.000Z
"4/2/2024, 11:44:39 AM",3.573,81.1,100,0,2024-04-02T16:44:39.000Z
"4/2/2024, 11:49:39 AM",3.573,81.3,100,0,2024-04-02T16:49:39.000Z
"4/2/2024, 11:54:39 AM",3.573,81.3,100,0,2024-04-02T16:54:39.000Z
"4/2/2024, 11:59:39 AM",3.573,81,100,0,2024-04-02T16:59:39.000Z
"4/2/2024, 12:04:39 PM",3.574,80.4,100,0,2024-04-02T17:04:39.000Z
"4/2/2024, 12:09:39 PM",3.574,79.9,100,0,2024-04-02T17:09:39.000Z
"4/2/2024, 12:14:39 PM",3.574,79.2,100,0,2024-04-02T17:14:39.000Z
"4/2/2024, 12:19:39 PM",3.574,78.6,100,0,2024-04-02T17:19:39.000Z
"4/2/2024, 12:24:39 PM",3.574,77.9,100,0,2024-04-02T17:24:39.000Z
"4/2/2024, 12:29:39 PM",3.575,77,100,0,2024-04-02T17:29:39.000Z
"4/2/2024, 12:34:39 PM",3.575,76.3,100,0,2024-04-02T17:34:39.000Z
"4/2/2024, 12:39:39 PM",3.576,75.7,100,0,2024-04-02T17:39:39.000Z
"4/2/2024, 12:44:39 PM",3.576,75.2,100,0,2024-04-02T17:44:39.000Z
"4/2/2024, 12:49:39 PM",3.576,74.8,100,0,2024-04-02T17:49:39.000Z
"4/2/2024, 12:54:39 PM",3.576,74.5,100,0,2024-04-02T17:54:39.000Z
"4/2/2024, 12:59:39 PM",3.576,73.9,100,0,2024-04-02T17:59:39.000Z
"4/2/2024, 1:04:39 PM",3.576,73.6,100,0,2024-04-02T18:04:39.000Z
"4/2/2024, 1:09:39 PM",3.576,73.2,100,0,2024-04-02T18:09:39.000Z
"4/2/2024, 1:14:39 PM",3.577,73,100,0,2024-04-02T18:14:39.000Z
"4/2/2024, 1:19:39 PM",3.576,72.9,100,0,2024-04-02T18:19:39.000Z
"4/2/2024, 1:24:39 PM",3.576,72.7,100,0,2024-04-02T18:24:39.000Z
"4/2/2024, 1:29:39 PM",3.576,72.5,100,0,2024-04-02T18:29:39.000Z
"4/2/2024, 1:34:39 PM",3.576,72.5,100,0,2024-04-02T18:34:39.000Z
"4/2/2024, 1:39:39 PM",3.576,72.3,100,0,2024-04-02T18:39:39.000Z
"4/2/2024, 1:44:39 PM",3.576,72.1,100,0,2024-04-02T18:44:39.000Z
"4/2/2024, 1:49:39 PM",3.576,72,100,0,2024-04-02T18:49:39.000Z
"4/2/2024, 1:54:39 PM",3.576,72.1,100,0,2024-04-02T18:54:39.000Z
"4/2/2024, 1:59:39 PM",3.576,72.5,100,0,2024-04-02T18:59:39.000Z
"4/2/2024, 2:04:39 PM",3.575,73,100,0,2024-04-02T19:04:39.000Z
"4/2/2024, 2:09:39 PM",3.576,73.6,100,0,2024-04-02T19:09:39.000Z
"4/2/2024, 2:14:39 PM",3.575,73.9,100,0,2024-04-02T19:14:39.000Z
"4/2/2024, 2:19:39 PM",3.575,74.7,100,0,2024-04-02T19:19:39.000Z
"4/2/2024, 2:24:39 PM",3.575,75.2,100,0,2024-04-02T19:24:39.000Z
"4/2/2024, 2:29:39 PM",3.575,75.9,100,0,2024-04-02T19:29:39.000Z
"4/2/2024, 2:34:39 PM",3.575,76.5,100,0,2024-04-02T19:34:39.000Z
"4/2/2024, 2:39:39 PM",3.575,77,100,0,2024-04-02T19:39:39.000Z
"4/2/2024, 2:44:39 PM",3.575,77.4,100,0,2024-04-02T19:44:39.000Z
"4/2/2024, 2:49:39 PM",3.574,77.7,100,0,2024-04-02T19:49:39.000Z
"4/2/2024, 2:54:39 PM",3.575,77.9,100,0,2024-04-02T19:54:39.000Z
"4/2/2024, 2:59:39 PM",3.574,78.1,100,0,2024-04-02T19:59:39.000Z
"4/2/2024, 3:04:39 PM",3.574,78.6,100,0,2024-04-02T20:04:39.000Z
"4/2/2024, 3:09:39 PM",3.574,79,100,0,2024-04-02T20:09:39.000Z
"4/2/2024, 3:14:39 PM",3.574,79.3,100,0,2024-04-02T20:14:39.000Z
"4/2/2024, 3:19:39 PM",3.574,79.7,100,0,2024-04-02T20:19:39.000Z
"4/2/2024, 3:24:39 PM",3.574,80.1,100,0,2024-04-02T20:24:39.000Z
"4/2/2024, 3:29:39 PM",3.574,79.9,100,0,2024-04-02T20:29:39.000Z
"4/2/2024, 3:34:39 PM",3.574,79.5,100,0,2024-04-02T20:34:39.000Z
"4/2/2024, 3:39:39 PM",3.575,79.2,100,0,2024-04-02T20:39:39.000Z
"4/2/2024, 3:44:39 PM",3.574,79,100,0,2024-04-02T20:44:39.000Z
"4/2/2024, 3:49:39 PM",3.575,78.8,100,0,2024-04-02T20:49:39.000Z
"4/2/2024, 3:54:39 PM",3.575,78.8,100,0,2024-04-02T20:54:39.000Z
"4/2/2024, 3:59:39 PM",3.575,78.4,100,0,2024-04-02T20:59:39.000Z
"4/2/2024, 4:04:39 PM",3.575,78.3,100,0,2024-04-02T21:04:39.000Z
"4/2/2024, 4:09:39 PM",3.575,78.3,100,0,2024-04-02T21:09:39.000Z
"4/2/2024, 4:14:39 PM",3.575,78.3,100,0,2024-04-02T21:14:39.000Z
"4/2/2024, 4:19:39 PM",3.575,78.1,100,0,2024-04-02T21:19:39.000Z
"4/2/2024, 4:24:39 PM",3.575,77.9,100,0,2024-04-02T21:24:39.000Z
"4/2/2024, 4:29:39 PM",3.575,77.7,100,0,2024-04-02T21:29:39.000Z
"4/2/2024, 4:34:39 PM",3.576,77.5,100,0,2024-04-02T21:34:39.000Z
"4/2/2024, 4:39:39 PM",3.575,77.4,100,0,2024-04-02T21:39:39.000Z
"4/2/2024, 4:44:39 PM",3.575,77,100,0,2024-04-02T21:44:39.000Z
"4/2/2024, 4:49:39 PM",3.575,76.6,100,0,2024-04-02T21:49:39.000Z
"4/2/2024, 4:54:39 PM",3.576,76.3,100,0,2024-04-02T21:54:39.000Z
"4/2/2024, 4:59:39 PM",3.576,75.9,100,0,2024-04-02T21:59:39.000Z
"4/2/2024, 5:04:39 PM",3.576,75.6,100,0,2024-04-02T22:04:39.000Z
"4/2/2024, 5:09:39 PM",3.576,75.4,100,0,2024-04-02T22:09:39.000Z
"4/2/2024, 5:14:39 PM",3.576,75,100,0,2024-04-02T22:14:39.000Z
"4/2/2024, 5:19:39 PM",3.576,74.7,100,0,2024-04-02T22:19:39.000Z
"4/2/2024, 5:24:39 PM",3.576,74.5,100,0,2024-04-02T22:24:39.000Z
"4/2/2024, 5:29:39 PM",3.576,74.3,100,0,2024-04-02T22:29:39.000Z
"4/2/2024, 5:34:39 PM",3.576,74.1,100,0,2024-04-02T22:34:39.000Z
"4/2/2024, 5:39:39 PM",3.576,73.9,100,0,2024-04-02T22:39:39.000Z
"4/2/2024, 5:44:39 PM",3.575,73.8,100,0,2024-04-02T22:44:39.000Z
"4/2/2024, 5:49:39 PM",3.576,73.4,100,0,2024-04-02T22:49:39.000Z
"4/2/2024, 5:54:39 PM",3.576,73.2,100,0,2024-04-02T22:54:39.000Z
"4/2/2024, 5:59:39 PM",3.576,73,100,0,2024-04-02T22:59:39.000Z
"4/2/2024, 6:04:39 PM",3.576,72.9,100,0,2024-04-02T23:04:39.000Z
"4/2/2024, 6:09:39 PM",3.576,72.7,100,0,2024-04-02T23:09:39.000Z
"4/2/2024, 6:14:39 PM",3.576,72.5,100,0,2024-04-02T23:14:39.000Z
"4/2/2024, 6:19:39 PM",3.576,72.3,100,0,2024-04-02T23:19:39.000Z
"4/2/2024, 6:24:39 PM",3.576,72.3,100,0,2024-04-02T23:24:39.000Z
"4/2/2024, 6:29:39 PM",3.576,72.3,100,0,2024-04-02T23:29:39.000Z
"4/2/2024, 6:34:39 PM",3.576,72.3,100,0,2024-04-02T23:34:39.000Z
"4/2/2024, 6:39:39 PM",3.576,72.3,100,0,2024-04-02T23:39:39.000Z
"4/2/2024, 6:44:39 PM",3.576,72.3,100,0,2024-04-02T23:44:39.000Z
"4/2/2024, 6:49:39 PM",3.576,72.3,100,0,2024-04-02T23:49:39.000Z
"4/2/2024, 6:54:39 PM",3.576,72.3,100,0,2024-04-02T23:54:39.000Z
"4/2/2024, 6:59:39 PM",3.576,72.5,100,0,2024-04-02T23:59:39.000Z
"4/2/2024, 7:04:39 PM",3.576,72.5,100,0,2024-04-03T00:04:39.000Z
"4/2/2024, 7:09:39 PM",3.576,72.5,100,0,2024-04-03T00:09:39.000Z
"4/2/2024, 7:14:39 PM",3.576,72.5,100,0,2024-04-03T00:14:39.000Z
"4/2/2024, 7:19:39 PM",3.576,72.3,100,0,2024-04-03T00:19:39.000Z
"4/2/2024, 7:24:39 PM",3.576,72.3,100,0,2024-04-03T00:24:39.000Z
"4/2/2024, 7:29:39 PM",3.575,72.1,100,0,2024-04-03T00:29:39.000Z
"4/2/2024, 7:34:39 PM",3.576,72,100,0,2024-04-03T00:34:39.000Z
"4/2/2024, 7:39:39 PM",3.576,71.8,100,0,2024-04-03T00:39:39.000Z
"4/2/2024, 7:44:39 PM",3.576,71.8,100,0,2024-04-03T00:44:39.000Z
"4/2/2024, 7:49:39 PM",3.576,71.4,100,0,2024-04-03T00:49:39.000Z
"4/2/2024, 7:54:39 PM",3.576,71.4,100,0,2024-04-03T00:54:39.000Z
"4/2/2024, 7:59:39 PM",3.576,71.2,100,0,2024-04-03T00:59:39.000Z
"4/2/2024, 8:04:39 PM",3.576,71.2,100,0,2024-04-03T01:04:39.000Z
"4/2/2024, 8:09:39 PM",3.576,71.4,100,0,2024-04-03T01:09:39.000Z
"4/2/2024, 8:14:39 PM",3.576,71.6,100,0,2024-04-03T01:14:39.000Z
"4/2/2024, 8:19:39 PM",3.576,71.6,100,0,2024-04-03T01:19:39.000Z
"4/2/2024, 8:24:39 PM",3.576,71.6,100,0,2024-04-03T01:24:39.000Z
"4/2/2024, 8:29:39 PM",3.576,71.6,100,0,2024-04-03T01:29:39.000Z
"4/2/2024, 8:34:39 PM",3.576,71.4,100,0,2024-04-03T01:34:39.000Z
"4/2/2024, 8:39:39 PM",3.575,71.1,100,0,2024-04-03T01:39:39.000Z
"4/2/2024, 8:44:39 PM",3.576,70.7,100,0,2024-04-03T01:44:39.000Z
"4/2/2024, 8:49:39 PM",3.575,70.3,100,0,2024-04-03T01:49:39.000Z
"4/2/2024, 8:54:39 PM",3.575,70,100,0,2024-04-03T01:54:39.000Z
"4/2/2024, 8:59:39 PM",3.575,69.8,100,0,2024-04-03T01:59:39.000Z
"4/2/2024, 9:04:39 PM",3.575,69.4,100,0,2024-04-03T02:04:39.000Z
"4/2/2024, 9:09:39 PM",3.575,69.1,100,0,2024-04-03T02:09:39.000Z
"4/2/2024, 9:14:39 PM",3.574,68.9,100,0,2024-04-03T02:14:39.000Z
"4/2/2024, 9:19:39 PM",3.575,68.7,100,0,2024-04-03T02:19:39.000Z
"4/2/2024, 9:24:39 PM",3.575,68.7,100,0,2024-04-03T02:24:39.000Z
"4/2/2024, 9:29:39 PM",3.575,68.5,100,0,2024-04-03T02:29:39.000Z
"4/2/2024, 9:34:39 PM",3.575,68.4,100,0,2024-04-03T02:34:39.000Z
"4/2/2024, 9:39:39 PM",3.574,68.4,100,0,2024-04-03T02:39:39.000Z
"4/2/2024, 9:44:39 PM",3.575,68.2,100,0,2024-04-03T02:44:39.000Z
"4/2/2024, 9:49:39 PM",3.574,68,100,0,2024-04-03T02:49:39.000Z
"4/2/2024, 9:54:39 PM",3.574,67.8,100,0,2024-04-03T02:54:39.000Z
"4/2/2024, 9:59:39 PM",3.574,67.8,100,0,2024-04-03T02:59:39.000Z
"4/2/2024, 10:04:39 PM",3.574,67.6,100,0,2024-04-03T03:04:39.000Z
"4/2/2024, 10:09:39 PM",3.574,67.3,100,0,2024-04-03T03:09:39.000Z
"4/2/2024, 10:14:39 PM",3.574,67.1,100,0,2024-04-03T03:14:39.000Z
"4/2/2024, 10:19:39 PM",3.573,66.9,100,0,2024-04-03T03:19:39.000Z
"4/2/2024, 10:24:39 PM",3.574,66.7,100,0,2024-04-03T03:24:39.000Z
"4/2/2024, 10:29:39 PM",3.573,66.6,100,0,2024-04-03T03:29:39.000Z
"4/2/2024, 10:34:39 PM",3.573,66.2,100,0,2024-04-03T03:34:39.000Z
"4/2/2024, 10:39:39 PM",3.573,65.7,100,0,2024-04-03T03:39:39.000Z
"4/2/2024, 10:44:39 PM",3.573,65.5,100,0,2024-04-03T03:44:39.000Z
"4/2/2024, 10:49:39 PM",3.573,65.3,100,0,2024-04-03T03:49:39.000Z
"4/2/2024, 10:54:39 PM",3.573,65.3,100,0,2024-04-03T03:54:39.000Z
"4/2/2024, 10:59:39 PM",3.573,65.1,100,0,2024-04-03T03:59:39.000Z
"4/2/2024, 11:04:39 PM",3.573,65.1,100,0,2024-04-03T04:04:39.000Z
"4/2/2024, 11:09:39 PM",3.573,65.1,100,0,2024-04-03T04:09:39.000Z
"4/2/2024, 11:14:39 PM",3.573,64.9,100,0,2024-04-03T04:14:39.000Z
"4/2/2024, 11:19:39 PM",3.573,64.9,100,0,2024-04-03T04:19:39.000Z
"4/2/2024, 11:24:39 PM",3.573,64.8,100,0,2024-04-03T04:24:39.000Z
"4/2/2024, 11:29:39 PM",3.573,64.4,100,0,2024-04-03T04:29:39.000Z
"4/2/2024, 11:34:39 PM",3.573,64.2,100,0,2024-04-03T04:34:39.000Z
"4/2/2024, 11:39:39 PM",3.573,64,100,0,2024-04-03T04:39:39.000Z
"4/2/2024, 11:44:39 PM",3.573,64,100,0,2024-04-03T04:44:39.000Z
"4/2/2024, 11:49:39 PM",3.573,63.9,100,0,2024-04-03T04:49:39.000Z
"4/2/2024, 11:54:39 PM",3.573,63.9,100,0,2024-04-03T04:54:39.000Z
"4/2/2024, 11:59:39 PM",3.573,63.9,100,0,2024-04-03T04:59:39.000Z
"4/3/2024, 12:04:39 AM",3.573,63.9,100,0,2024-04-03T05:04:39.000Z
"4/3/2024, 12:09:39 AM",3.573,63.7,100,0,2024-04-03T05:09:39.000Z
"4/3/2024, 12:14:39 AM",3.573,63.7,100,0,2024-04-03T05:14:39.000Z
"4/3/2024, 12:19:39 AM",3.573,63.5,100,0,2024-04-03T05:19:39.000Z
"4/3/2024, 12:24:39 AM",3.573,63.5,100,0,2024-04-03T05:24:39.000Z
"4/3/2024, 12:29:39 AM",3.572,63.1,100,0,2024-04-03T05:29:39.000Z
"4/3/2024, 12:34:39 AM",3.572,63,100,0,2024-04-03T05:34:39.000Z
"4/3/2024, 12:39:39 AM",3.572,62.8,100,0,2024-04-03T05:39:39.000Z
"4/3/2024, 12:44:39 AM",3.573,62.4,100,0,2024-04-03T05:44:39.000Z
"4/3/2024, 12:49:39 AM",3.573,62.2,100,0,2024-04-03T05:49:39.000Z
"4/3/2024, 12:54:39 AM",3.573,62.1,100,0,2024-04-03T05:54:39.000Z
"4/3/2024, 12:59:39 AM",3.573,61.9,100,0,2024-04-03T05:59:39.000Z
"4/3/2024, 1:04:39 AM",3.573,61.7,100,0,2024-04-03T06:04:39.000Z
"4/3/2024, 1:09:39 AM",3.572,61.5,100,0,2024-04-03T06:09:39.000Z
"4/3/2024, 1:14:39 AM",3.572,61.3,100,0,2024-04-03T06:14:39.000Z
"4/3/2024, 1:19:39 AM",3.571,61.2,100,0,2024-04-03T06:19:39.000Z
"4/3/2024, 1:24:39 AM",3.571,61,100,0,2024-04-03T06:24:39.000Z
"4/3/2024, 1:29:39 AM",3.57,60.8,100,0,2024-04-03T06:29:39.000Z
"4/3/2024, 1:34:39 AM",3.569,60.6,100,0,2024-04-03T06:34:39.000Z
"4/3/2024, 1:39:39 AM",3.569,60.6,100,0,2024-04-03T06:39:39.000Z
"4/3/2024, 1:44:39 AM",3.568,60.4,100,0,2024-04-03T06:44:39.000Z
"4/3/2024, 1:49:39 AM",3.568,60.4,100,0,2024-04-03T06:49:39.000Z
"4/3/2024, 1:54:39 AM",3.568,60.4,100,0,2024-04-03T06:54:39.000Z
"4/3/2024, 1:59:39 AM",3.567,60.3,100,0,2024-04-03T06:59:39.000Z
"4/3/2024, 2:04:39 AM",3.567,60.3,100,0,2024-04-03T07:04:39.000Z
"4/3/2024, 2:09:39 AM",3.567,60.1,100,0,2024-04-03T07:09:39.000Z
"4/3/2024, 2:14:39 AM",3.568,59.9,100,0,2024-04-03T07:14:39.000Z
"4/3/2024, 2:19:39 AM",3.569,59.7,100,0,2024-04-03T07:19:39.000Z
"4/3/2024, 2:24:39 AM",3.57,59.4,100,0,2024-04-03T07:24:39.000Z
"4/3/2024, 2:29:39 AM",3.571,59.2,100,0,2024-04-03T07:29:39.000Z
"4/3/2024, 2:34:39 AM",3.572,59,100,0,2024-04-03T07:34:39.000Z
"4/3/2024, 2:39:39 AM",3.574,58.8,100,0,2024-04-03T07:39:39.000Z
"4/3/2024, 2:44:39 AM",3.573,58.6,100,0,2024-04-03T07:44:39.000Z
"4/3/2024, 2:49:39 AM",3.574,58.5,100,0,2024-04-03T07:49:39.000Z
"4/3/2024, 2:54:39 AM",3.574,58.5,100,0,2024-04-03T07:54:39.000Z
"4/3/2024, 2:59:39 AM",3.574,58.5,100,0,2024-04-03T07:59:39.000Z
"4/3/2024, 3:04:39 AM",3.574,58.3,100,0,2024-04-03T08:04:39.000Z
"4/3/2024, 3:09:39 AM",3.575,58.1,100,0,2024-04-03T08:09:39.000Z
"4/3/2024, 3:14:39 AM",3.575,58.1,100,0,2024-04-03T08:14:39.000Z
"4/3/2024, 3:19:39 AM",3.575,58.1,100,0,2024-04-03T08:19:39.000Z
"4/3/2024, 3:24:39 AM",3.575,58.1,100,0,2024-04-03T08:24:39.000Z
"4/3/2024, 3:29:39 AM",3.575,57.9,100,0,2024-04-03T08:29:39.000Z
"4/3/2024, 3:34:39 AM",3.575,57.7,100,0,2024-04-03T08:34:39.000Z
"4/3/2024, 3:39:39 AM",3.575,57.6,100,0,2024-04-03T08:39:39.000Z
"4/3/2024, 3:44:39 AM",3.575,57.6,100,0,2024-04-03T08:44:39.000Z
"4/3/2024, 3:49:39 AM",3.575,57.6,100,0,2024-04-03T08:49:39.000Z
"4/3/2024, 3:54:39 AM",3.575,57.4,100,0,2024-04-03T08:54:39.000Z
"4/3/2024, 3:59:39 AM",3.574,57.4,100,0,2024-04-03T08:59:39.000Z
"4/3/2024, 4:04:39 AM",3.574,57.6,100,0,2024-04-03T09:04:39.000Z
"4/3/2024, 4:09:39 AM",3.574,57.6,100,0,2024-04-03T09:09:39.000Z
"4/3/2024, 4:14:39 AM",3.574,57.6,100,0,2024-04-03T09:14:39.000Z
"4/3/2024, 4:19:39 AM",3.574,57.6,100,0,2024-04-03T09:19:39.000Z
"4/3/2024, 4:24:39 AM",3.574,57.7,100,0,2024-04-03T09:24:39.000Z
"4/3/2024, 4:29:39 AM",3.574,57.7,100,0,2024-04-03T09:29:39.000Z
"4/3/2024, 4:34:39 AM",3.574,57.7,100,0,2024-04-03T09:34:39.000Z
"4/3/2024, 4:39:39 AM",3.574,57.9,100,0,2024-04-03T09:39:39.000Z
"4/3/2024, 4:44:39 AM",3.574,58.1,100,0,2024-04-03T09:44:39.000Z
"4/3/2024, 4:49:39 AM",3.574,58.3,100,0,2024-04-03T09:49:39.000Z
"4/3/2024, 4:54:39 AM",3.574,58.5,100,0,2024-04-03T09:54:39.000Z
"4/3/2024, 4:59:39 AM",3.574,58.3,100,0,2024-04-03T09:59:39.000Z
"4/3/2024, 5:04:39 AM",3.574,58.1,100,0,2024-04-03T10:04:39.000Z
"4/3/2024, 5:09:39 AM",3.574,57.9,100,0,2024-04-03T10:09:39.000Z
"4/3/2024, 5:14:39 AM",3.574,57.9,100,0,2024-04-03T10:14:39.000Z
"4/3/2024, 5:19:39 AM",3.574,57.7,100,0,2024-04-03T10:19:39.000Z
"4/3/2024, 5:24:39 AM",3.574,57.7,100,0,2024-04-03T10:24:39.000Z
"4/3/2024, 5:29:39 AM",3.573,57.7,100,0,2024-04-03T10:29:39.000Z
"4/3/2024, 5:34:39 AM",3.574,57.7,100,0,2024-04-03T10:34:39.000Z
"4/3/2024, 5:39:39 AM",3.573,57.7,100,0,2024-04-03T10:39:39.000Z
"4/3/2024, 5:44:39 AM",3.574,57.7,100,0,2024-04-03T10:44:39.000Z
"4/3/2024, 5:49:39 AM",3.574,57.7,100,0,2024-04-03T10:49:39.000Z
"4/3/2024, 5:54:39 AM",3.573,57.7,100,0,2024-04-03T10:54:39.000Z
"4/3/2024, 5:59:39 AM",3.574,57.6,100,0,2024-04-03T10:59:39.000Z
"4/3/2024, 6:04:39 AM",3.573,57.4,100,0,2024-04-03T11:04:39.000Z
"4/3/2024, 6:09:39 AM",3.573,57.2,100,0,2024-04-03T11:09:39.000Z
"4/3/2024, 6:14:39 AM",3.574,57,100,0,2024-04-03T11:14:39.000Z
"4/3/2024, 6:19:39 AM",3.574,56.8,100,0,2024-04-03T11:19:39.000Z
"4/3/2024, 6:24:39 AM",3.574,56.8,100,0,2024-04-03T11:24:39.000Z
"4/3/2024, 6:29:39 AM",3.574,56.8,100,0,2024-04-03T11:29:39.000Z
"4/3/2024, 6:34:39 AM",3.574,57,100,0,2024-04-03T11:34:39.000Z
"4/3/2024, 6:39:39 AM",3.574,57.2,100,0,2024-04-03T11:39:39.000Z
"4/3/2024, 6:44:39 AM",3.574,57.4,100,0,2024-04-03T11:44:39.000Z
"4/3/2024, 6:49:39 AM",3.574,57.6,100,0,2024-04-03T11:49:39.000Z
"4/3/2024, 6:54:39 AM",3.574,57.9,100,0,2024-04-03T11:54:39.000Z
"4/3/2024, 6:59:39 AM",3.574,58.3,100,0,2024-04-03T11:59:39.000Z
"4/3/2024, 7:04:39 AM",3.574,58.5,100,0,2024-04-03T12:04:39.000Z
"4/3/2024, 7:09:39 AM",3.574,59,100,0,2024-04-03T12:09:39.000Z
"4/3/2024, 7:14:39 AM",3.574,59.2,100,0,2024-04-03T12:14:39.000Z
"4/3/2024, 7:19:39 AM",3.574,59.2,100,0,2024-04-03T12:19:39.000Z
"4/3/2024, 7:24:39 AM",3.574,59.2,100,0,2024-04-03T12:24:39.000Z
"4/3/2024, 7:29:39 AM",3.574,59.4,100,0,2024-04-03T12:29:39.000Z
"4/3/2024, 7:34:39 AM",3.574,59.2,100,0,2024-04-03T12:34:39.000Z
"4/3/2024, 7:39:39 AM",3.574,59.2,100,0,2024-04-03T12:39:39.000Z
"4/3/2024, 7:44:39 AM",3.574,59.2,100,0,2024-04-03T12:44:39.000Z
"4/3/2024, 7:49:39 AM",3.574,59,100,0,2024-04-03T12:49:39.000Z
"4/3/2024, 7:54:39 AM",3.574,59.2,100,0,2024-04-03T12:54:39.000Z
"4/3/2024, 7:59:39 AM",3.574,59.2,100,0,2024-04-03T12:59:39.000Z
"4/3/2024, 8:04:39 AM",3.573,59.4,100,0,2024-04-03T13:04:39.000Z
"4/3/2024, 8:09:39 AM",3.574,59.5,100,0,2024-04-03T13:09:39.000Z
"4/3/2024, 8:14:39 AM",3.574,59.7,100,0,2024-04-03T13:14:39.000Z
"4/3/2024, 8:19:39 AM",3.574,59.7,100,0,2024-04-03T13:19:39.000Z
"4/3/2024, 8:24:39 AM",3.574,59.7,100,0,2024-04-03T13:24:39.000Z
"4/3/2024, 8:29:39 AM",3.574,59.7,100,0,2024-04-03T13:29:39.000Z
"4/3/2024, 8:34:39 AM",3.574,59.5,100,0,2024-04-03T13:34:39.000Z
"4/3/2024, 8:39:39 AM",3.574,59.7,100,0,2024-04-03T13:39:39.000Z
"4/3/2024, 8:44:39 AM",3.574,59.9,100,0,2024-04-03T13:44:39.000Z
"4/3/2024, 8:49:39 AM",3.573,60.3,100,0,2024-04-03T13:49:39.000Z
"4/3/2024, 8:54:39 AM",3.574,60.4,100,0,2024-04-03T13:54:39.000Z
"4/3/2024, 8:59:39 AM",3.574,60.6,100,0,2024-04-03T13:59:39.000Z
"4/3/2024, 9:04:39 AM",3.574,61,100,0,2024-04-03T14:04:39.000Z
"4/3/2024, 9:09:39 AM",3.574,61.3,100,0,2024-04-03T14:09:39.000Z
"4/3/2024, 9:14:39 AM",3.574,61.5,100,0,2024-04-03T14:14:39.000Z
"4/3/2024, 9:19:39 AM",3.574,61.7,100,0,2024-04-03T14:19:39.000Z
"4/3/2024, 9:24:39 AM",3.573,61.9,100,0,2024-04-03T14:24:39.000Z
"4/3/2024, 9:29:39 AM",3.574,62.1,100,0,2024-04-03T14:29:39.000Z
"4/3/2024, 9:34:39 AM",3.574,62.2,100,0,2024-04-03T14:34:39.000Z
"4/3/2024, 9:39:39 AM",3.573,62.2,100,0,2024-04-03T14:39:39.000Z
"4/3/2024, 9:44:39 AM",3.574,61.9,100,0,2024-04-03T14:44:39.000Z
"4/3/2024, 9:49:39 AM",3.573,61.7,100,0,2024-04-03T14:49:39.000Z
"4/3/2024, 9:54:39 AM",3.574,61.5,100,0,2024-04-03T14:54:39.000Z
"4/3/2024, 9:59:39 AM",3.574,61.5,100,0,2024-04-03T14:59:39.000Z
"4/3/2024, 10:04:39 AM",3.574,61.7,100,0,2024-04-03T15:04:39.000Z
"4/3/2024, 10:09:39 AM",3.574,62.2,100,0,2024-04-03T15:09:39.000Z
"4/3/2024, 10:14:39 AM",3.574,62.6,100,0,2024-04-03T15:14:39.000Z
"4/3/2024, 10:19:39 AM",3.573,63,100,0,2024-04-03T15:19:39.000Z
"4/3/2024, 10:24:39 AM",3.574,63.1,100,0,2024-04-03T15:24:39.000Z
"4/3/2024, 10:29:39 AM",3.574,63,100,0,2024-04-03T15:29:39.000Z
"4/3/2024, 10:34:39 AM",3.574,63.3,100,0,2024-04-03T15:34:39.000Z
"4/3/2024, 10:39:39 AM",3.574,63.9,100,0,2024-04-03T15:39:39.000Z
"4/3/2024, 10:44:39 AM",3.574,64.2,100,0,2024-04-03T15:44:39.000Z
"4/3/2024, 10:49:39 AM",3.574,64.6,100,0,2024-04-03T15:49:39.000Z
"4/3/2024, 10:54:39 AM",3.574,64.4,100,0,2024-04-03T15:54:39.000Z
"4/3/2024, 10:59:39 AM",3.574,64.4,100,0,2024-04-03T15:59:39.000Z
"4/3/2024, 11:04:39 AM",3.574,64.4,100,0,2024-04-03T16:04:39.000Z
"4/3/2024, 11:09:39 AM",3.573,64.4,100,0,2024-04-03T16:09:39.000Z
"4/3/2024, 11:14:39 AM",3.574,64.4,100,0,2024-04-03T16:14:39.000Z
"4/3/2024, 11:19:39 AM",3.574,64.4,100,0,2024-04-03T16:19:39.000Z
"4/3/2024, 11:24:39 AM",3.574,64.2,100,0,2024-04-03T16:24:39.000Z
"4/3/2024, 11:29:39 AM",3.574,64,100,0,2024-04-03T16:29:39.000Z
"4/3/2024, 11:34:39 AM",3.574,64,100,0,2024-04-03T16:34:39.000Z
"4/3/2024, 11:39:39 AM",3.574,64.4,100,0,2024-04-03T16:39:39.000Z
"4/3/2024, 11:44:39 AM",3.574,64.9,100,0,2024-04-03T16:44:39.000Z
"4/3/2024, 11:49:39 AM",3.574,65.7,100,0,2024-04-03T16:49:39.000Z
"4/3/2024, 11:54:39 AM",3.574,65.5,100,0,2024-04-03T16:54:39.000Z
"4/3/2024, 11:59:39 AM",3.574,65.1,100,0,2024-04-03T16:59:39.000Z
"4/3/2024, 12:04:39 PM",3.574,64.8,100,0,2024-04-03T17:04:39.000Z
"4/3/2024, 12:09:39 PM",3.574,64.4,100,0,2024-04-03T17:09:39.000Z
"4/3/2024, 12:14:39 PM",3.575,63.9,100,0,2024-04-03T17:14:39.000Z
"4/3/2024, 12:19:39 PM",3.575,63.1,100,0,2024-04-03T17:19:39.000Z
"4/3/2024, 12:24:39 PM",3.575,62.8,100,0,2024-04-03T17:24:39.000Z
"4/3/2024, 12:29:39 PM",3.575,62.8,100,0,2024-04-03T17:29:39.000Z
"4/3/2024, 12:34:39 PM",3.575,63.1,100,0,2024-04-03T17:34:39.000Z
"4/3/2024, 12:39:39 PM",3.575,63.7,100,0,2024-04-03T17:39:39.000Z
"4/3/2024, 12:44:39 PM",3.575,64.2,100,0,2024-04-03T17:44:39.000Z
"4/3/2024, 12:49:39 PM",3.575,64.8,100,0,2024-04-03T17:49:39.000Z
"4/3/2024, 12:54:39 PM",3.575,65.7,100,0,2024-04-03T17:54:39.000Z
"4/3/2024, 12:59:39 PM",3.574,66.4,100,0,2024-04-03T17:59:39.000Z
"4/3/2024, 1:04:39 PM",3.574,67.1,100,0,2024-04-03T18:04:39.000Z
"4/3/2024, 1:09:39 PM",3.574,67.5,100,0,2024-04-03T18:09:39.000Z
"4/3/2024, 1:14:39 PM",3.574,67.3,100,0,2024-04-03T18:14:39.000Z
"4/3/2024, 1:19:39 PM",3.574,67.1,100,0,2024-04-03T18:19:39.000Z
"4/3/2024, 1:24:39 PM",3.574,66.9,100,0,2024-04-03T18:24:39.000Z
"4/3/2024, 1:29:39 PM",3.575,67.3,100,0,2024-04-03T18:29:39.000Z
"4/3/2024, 1:34:39 PM",3.575,67.8,100,0,2024-04-03T18:34:39.000Z
"4/3/2024, 1:39:39 PM",3.575,67.8,100,0,2024-04-03T18:39:39.000Z
"4/3/2024, 1:44:39 PM",3.575,67.5,100,0,2024-04-03T18:44:39.000Z
"4/3/2024, 1:49:39 PM",3.575,67.1,100,0,2024-04-03T18:49:39.000Z
"4/3/2024, 1:54:39 PM",3.575,66.9,100,0,2024-04-03T18:54:39.000Z
"4/3/2024, 1:59:39 PM",3.575,66.6,100,0,2024-04-03T18:59:39.000Z
"4/3/2024, 2:04:39 PM",3.575,66.2,100,0,2024-04-03T19:04:39.000Z
"4/3/2024, 2:09:39 PM",3.576,65.8,100,0,2024-04-03T19:09:39.000Z
"4/3/2024, 2:14:39 PM",3.575,65.3,100,0,2024-04-03T19:14:39.000Z
"4/3/2024, 2:19:39 PM",3.575,64.9,100,0,2024-04-03T19:19:39.000Z
"4/3/2024, 2:24:39 PM",3.576,64.6,100,0,2024-04-03T19:24:39.000Z
"4/3/2024, 2:29:39 PM",3.576,64.2,100,0,2024-04-03T19:29:39.000Z
"4/3/2024, 2:34:39 PM",3.575,63.9,100,0,2024-04-03T19:34:39.000Z
"4/3/2024, 2:39:39 PM",3.576,63.5,100,0,2024-04-03T19:39:39.000Z
"4/3/2024, 2:44:39 PM",3.576,63.9,100,0,2024-04-03T19:44:39.000Z
"4/3/2024, 2:49:39 PM",3.576,64.2,100,0,2024-04-03T19:49:39.000Z
"4/3/2024, 2:54:39 PM",3.575,64.6,100,0,2024-04-03T19:54:39.000Z
"4/3/2024, 2:59:39 PM",3.575,65.1,100,0,2024-04-03T19:59:39.000Z
"4/3/2024, 3:04:39 PM",3.575,66,100,0,2024-04-03T20:04:39.000Z
"4/3/2024, 3:09:39 PM",3.575,66.9,100,0,2024-04-03T20:09:39.000Z
"4/3/2024, 3:14:39 PM",3.575,67.1,100,0,2024-04-03T20:14:39.000Z
"4/3/2024, 3:19:39 PM",3.575,66.7,100,0,2024-04-03T20:19:39.000Z
"4/3/2024, 3:24:39 PM",3.575,66.2,100,0,2024-04-03T20:24:39.000Z
"4/3/2024, 3:29:39 PM",3.575,65.7,100,0,2024-04-03T20:29:39.000Z
"4/3/2024, 3:34:39 PM",3.575,64.9,100,0,2024-04-03T20:34:39.000Z
"4/3/2024, 3:39:39 PM",3.575,64,100,0,2024-04-03T20:39:39.000Z
"4/3/2024, 3:44:39 PM",3.575,63.7,100,0,2024-04-03T20:44:39.000Z
"4/3/2024, 3:49:39 PM",3.575,63.5,100,0,2024-04-03T20:49:39.000Z
"4/3/2024, 3:54:39 PM",3.576,63.5,100,0,2024-04-03T20:54:39.000Z
"4/3/2024, 3:59:39 PM",3.575,63.5,100,0,2024-04-03T20:59:39.000Z
"4/3/2024, 4:04:39 PM",3.575,63.5,100,0,2024-04-03T21:04:39.000Z
"4/3/2024, 4:09:39 PM",3.576,63.9,100,0,2024-04-03T21:09:39.000Z
"4/3/2024, 4:14:39 PM",3.575,64,100,0,2024-04-03T21:14:39.000Z
"4/3/2024, 4:19:39 PM",3.575,64.4,100,0,2024-04-03T21:19:39.000Z
"4/3/2024, 4:24:39 PM",3.575,64.4,100,0,2024-04-03T21:24:39.000Z
"4/3/2024, 4:29:39 PM",3.575,64.6,100,0,2024-04-03T21:29:39.000Z
"4/3/2024, 4:34:39 PM",3.575,64.6,100,0,2024-04-03T21:34:39.000Z
"4/3/2024, 4:39:39 PM",3.575,64.6,100,0,2024-04-03T21:39:39.000Z
"4/3/2024, 4:44:39 PM",3.575,64.2,100,0,2024-04-03T21:44:39.000Z
"4/3/2024, 4:49:39 PM",3.575,63.3,100,0,2024-04-03T21:49:39.000Z
"4/3/2024, 4:54:39 PM",3.575,62.4,100,0,2024-04-03T21:54:39.000Z
"4/3/2024, 4:59:39 PM",3.575,61.7,100,0,2024-04-03T21:59:39.000Z
"4/3/2024, 5:04:39 PM",3.575,61.2,100,0,2024-04-03T22:04:39.000Z
"4/3/2024, 5:09:39 PM",3.575,60.6,100,0,2024-04-03T22:09:39.000Z
"4/3/2024, 5:14:39 PM",3.576,60.3,100,0,2024-04-03T22:14:39.000Z
"4/3/2024, 5:19:39 PM",3.575,59.9,100,0,2024-04-03T22:19:39.000Z
"4/3/2024, 5:24:39 PM",3.575,59.7,100,0,2024-04-03T22:24:39.000Z
"4/3/2024, 5:29:39 PM",3.575,59.5,100,0,2024-04-03T22:29:39.000Z
"4/3/2024, 5:34:39 PM",3.575,59.4,100,0,2024-04-03T22:34:39.000Z
"4/3/2024, 5:39:39 PM",3.575,59.2,100,0,2024-04-03T22:39:39.000Z
"4/3/2024, 5:44:39 PM",3.575,59.2,100,0,2024-04-03T22:44:39.000Z
"4/3/2024, 5:49:39 PM",3.574,59,100,0,2024-04-03T22:49:39.000Z
"4/3/2024, 5:54:39 PM",3.574,58.6,100,0,2024-04-03T22:54:39.000Z
"4/3/2024, 5:59:39 PM",3.574,58.5,100,0,2024-04-03T22:59:39.000Z
"4/3/2024, 6:04:39 PM",3.574,58.3,100,0,2024-04-03T23:04:39.000Z
"4/3/2024, 6:09:39 PM",3.574,57.9,100,0,2024-04-03T23:09:39.000Z
"4/3/2024, 6:14:39 PM",3.574,57.9,100,0,2024-04-03T23:14:39.000Z
"4/3/2024, 6:19:39 PM",3.573,57.7,100,0,2024-04-03T23:19:39.000Z
"4/3/2024, 6:24:39 PM",3.574,57.7,100,0,2024-04-03T23:24:39.000Z
"4/3/2024, 6:29:39 PM",3.574,57.6,100,0,2024-04-03T23:29:39.000Z
"4/3/2024, 6:34:39 PM",3.574,57.6,100,0,2024-04-03T23:34:39.000Z
"4/3/2024, 6:39:39 PM",3.574,57.4,100,0,2024-04-03T23:39:39.000Z
"4/3/2024, 6:44:39 PM",3.573,57.4,100,0,2024-04-03T23:44:39.000Z
"4/3/2024, 6:49:39 PM",3.573,57.2,100,0,2024-04-03T23:49:39.000Z
"4/3/2024, 6:54:39 PM",3.573,57.2,100,0,2024-04-03T23:54:39.000Z
"4/3/2024, 6:59:39 PM",3.573,57,100,0,2024-04-03T23:59:39.000Z
"4/3/2024, 7:04:39 PM",3.573,57,100,0,2024-04-04T00:04:39.000Z
"4/3/2024, 7:09:39 PM",3.572,57,100,0,2024-04-04T00:09:39.000Z
"4/3/2024, 7:14:39 PM",3.573,57.2,100,0,2024-04-04T00:14:39.000Z
"4/3/2024, 7:19:39 PM",3.573,57.2,100,0,2024-04-04T00:19:39.000Z
"4/3/2024, 7:24:39 PM",3.573,57.2,100,0,2024-04-04T00:24:39.000Z
"4/3/2024, 7:29:39 PM",3.573,57.2,100,0,2024-04-04T00:29:39.000Z
"4/3/2024, 7:34:39 PM",3.573,57.2,100,0,2024-04-04T00:34:39.000Z
"4/3/2024, 7:39:39 PM",3.572,57.4,100,0,2024-04-04T00:39:39.000Z
"4/3/2024, 7:44:39 PM",3.572,57.4,100,0,2024-04-04T00:44:39.000Z
"4/3/2024, 7:49:39 PM",3.572,57,100,0,2024-04-04T00:49:39.000Z
"4/3/2024, 7:54:39 PM",3.572,56.8,100,0,2024-04-04T00:54:39.000Z
"4/3/2024, 7:59:39 PM",3.572,56.7,100,0,2024-04-04T00:59:39.000Z
"4/3/2024, 8:04:39 PM",3.572,56.7,100,0,2024-04-04T01:04:39.000Z
"4/3/2024, 8:09:39 PM",3.572,56.5,100,0,2024-04-04T01:09:39.000Z
"4/3/2024, 8:14:39 PM",3.572,56.7,100,0,2024-04-04T01:14:39.000Z
"4/3/2024, 8:19:39 PM",3.572,56.7,100,0,2024-04-04T01:19:39.000Z
"4/3/2024, 8:24:39 PM",3.572,56.5,100,0,2024-04-04T01:24:39.000Z
"4/3/2024, 8:29:39 PM",3.572,56.5,100,0,2024-04-04T01:29:39.000Z
"4/3/2024, 8:34:39 PM",3.572,56.3,100,0,2024-04-04T01:34:39.000Z
"4/3/2024, 8:39:39 PM",3.571,56.3,100,0,2024-04-04T01:39:39.000Z
"4/3/2024, 8:44:39 PM",3.572,56.1,100,0,2024-04-04T01:44:39.000Z
"4/3/2024, 8:49:39 PM",3.572,55.9,100,0,2024-04-04T01:49:39.000Z
"4/3/2024, 8:54:39 PM",3.572,55.9,100,0,2024-04-04T01:54:39.000Z
"4/3/2024, 8:59:39 PM",3.572,55.8,100,0,2024-04-04T01:59:39.000Z
"4/3/2024, 9:04:39 PM",3.571,55.9,100,0,2024-04-04T02:04:39.000Z
"4/3/2024, 9:09:39 PM",3.572,55.9,100,0,2024-04-04T02:09:39.000Z
"4/3/2024, 9:14:39 PM",3.572,55.9,100,0,2024-04-04T02:14:39.000Z
"4/3/2024, 9:19:39 PM",3.571,55.9,100,0,2024-04-04T02:19:39.000Z
"4/3/2024, 9:24:39 PM",3.572,55.8,100,0,2024-04-04T02:24:39.000Z
"4/3/2024, 9:29:39 PM",3.571,55.8,100,0,2024-04-04T02:29:39.000Z
"4/3/2024, 9:34:39 PM",3.572,55.8,100,0,2024-04-04T02:34:39.000Z
"4/3/2024, 9:39:39 PM",3.572,55.8,100,0,2024-04-04T02:39:39.000Z
"4/3/2024, 9:44:39 PM",3.571,55.9,100,0,2024-04-04T02:44:39.000Z
"4/3/2024, 9:49:39 PM",3.571,55.9,100,0,2024-04-04T02:49:39.000Z
"4/3/2024, 9:54:39 PM",3.571,56.1,100,0,2024-04-04T02:54:39.000Z
"4/3/2024, 9:59:39 PM",3.571,56.1,100,0,2024-04-04T02:59:39.000Z
"4/3/2024, 10:04:39 PM",3.571,56.3,100,0,2024-04-04T03:04:39.000Z
"4/3/2024, 10:09:39 PM",3.571,56.3,100,0,2024-04-04T03:09:39.000Z
"4/3/2024, 10:14:39 PM",3.571,56.3,100,0,2024-04-04T03:14:39.000Z
"4/3/2024, 10:19:39 PM",3.571,56.3,100,0,2024-04-04T03:19:39.000Z
"4/3/2024, 10:24:39 PM",3.571,56.3,100,0,2024-04-04T03:24:39.000Z
"4/3/2024, 10:29:39 PM",3.571,56.1,100,0,2024-04-04T03:29:39.000Z
"4/3/2024, 10:34:39 PM",3.571,56.1,100,0,2024-04-04T03:34:39.000Z
"4/3/2024, 10:39:39 PM",3.571,55.9,100,0,2024-04-04T03:39:39.000Z
"4/3/2024, 10:44:39 PM",3.571,55.9,100,0,2024-04-04T03:44:39.000Z
"4/3/2024, 10:49:39 PM",3.571,55.9,100,0,2024-04-04T03:49:39.000Z
"4/3/2024, 10:54:39 PM",3.571,55.6,100,0,2024-04-04T03:54:39.000Z
"4/3/2024, 10:59:39 PM",3.571,55,100,0,2024-04-04T03:59:39.000Z
"4/3/2024, 11:04:39 PM",3.573,54.5,100,0,2024-04-04T04:04:39.000Z
"4/3/2024, 11:09:39 PM",3.572,54,100,0,2024-04-04T04:09:39.000Z
"4/3/2024, 11:14:39 PM",3.572,53.8,100,0,2024-04-04T04:14:39.000Z
"4/3/2024, 11:19:39 PM",3.572,53.6,100,0,2024-04-04T04:19:39.000Z
"4/3/2024, 11:24:39 PM",3.572,53.4,100,0,2024-04-04T04:24:39.000Z
"4/3/2024, 11:29:39 PM",3.572,53.4,100,0,2024-04-04T04:29:39.000Z
"4/3/2024, 11:34:39 PM",3.572,53.4,100,0,2024-04-04T04:34:39.000Z
"4/3/2024, 11:39:39 PM",3.572,53.2,100,0,2024-04-04T04:39:39.000Z
"4/3/2024, 11:44:39 PM",3.572,53.4,100,0,2024-04-04T04:44:39.000Z
"4/3/2024, 11:49:39 PM",3.572,53.6,100,0,2024-04-04T04:49:39.000Z
"4/3/2024, 11:54:39 PM",3.572,53.8,100,0,2024-04-04T04:54:39.000Z
"4/3/2024, 11:59:39 PM",3.571,53.8,100,0,2024-04-04T04:59:39.000Z
"4/4/2024, 12:04:39 AM",3.571,54,100,0,2024-04-04T05:04:39.000Z
"4/4/2024, 12:09:39 AM",3.571,54,100,0,2024-04-04T05:09:39.000Z
"4/4/2024, 12:14:39 AM",3.571,54,100,0,2024-04-04T05:14:39.000Z
"4/4/2024, 12:19:39 AM",3.571,54,100,0,2024-04-04T05:19:39.000Z
"4/4/2024, 12:24:39 AM",3.571,54,100,0,2024-04-04T05:24:39.000Z
"4/4/2024, 12:29:39 AM",3.571,54,100,0,2024-04-04T05:29:39.000Z
"4/4/2024, 12:34:39 AM",3.571,54,100,0,2024-04-04T05:34:39.000Z
"4/4/2024, 12:39:39 AM",3.571,54.1,100,0,2024-04-04T05:39:39.000Z
"4/4/2024, 12:44:39 AM",3.571,54,100,0,2024-04-04T05:44:39.000Z
"4/4/2024, 12:49:39 AM",3.571,54.1,100,0,2024-04-04T05:49:39.000Z
"4/4/2024, 12:54:39 AM",3.571,54.1,100,0,2024-04-04T05:54:39.000Z
"4/4/2024, 12:59:39 AM",3.571,54.3,100,0,2024-04-04T05:59:39.000Z
"4/4/2024, 1:04:39 AM",3.571,54.3,100,0,2024-04-04T06:04:39.000Z
"4/4/2024, 1:09:39 AM",3.571,54.5,100,0,2024-04-04T06:09:39.000Z
"4/4/2024, 1:14:39 AM",3.571,54.5,100,0,2024-04-04T06:14:39.000Z
"4/4/2024, 1:19:39 AM",3.571,54.5,100,0,2024-04-04T06:19:39.000Z
"4/4/2024, 1:24:39 AM",3.57,54.1,100,0,2024-04-04T06:24:39.000Z
"4/4/2024, 1:29:39 AM",3.571,54.1,100,0,2024-04-04T06:29:39.000Z
"4/4/2024, 1:34:39 AM",3.571,53.8,100,0,2024-04-04T06:34:39.000Z
"4/4/2024, 1:39:39 AM",3.571,53.8,100,0,2024-04-04T06:39:39.000Z
"4/4/2024, 1:44:39 AM",3.571,53.6,100,0,2024-04-04T06:44:39.000Z
"4/4/2024, 1:49:39 AM",3.57,53.6,100,0,2024-04-04T06:49:39.000Z
"4/4/2024, 1:54:39 AM",3.57,53.6,100,0,2024-04-04T06:54:39.000Z
"4/4/2024, 1:59:39 AM",3.571,53.8,100,0,2024-04-04T06:59:39.000Z
"4/4/2024, 2:04:39 AM",3.57,53.8,100,0,2024-04-04T07:04:39.000Z
"4/4/2024, 2:09:39 AM",3.57,53.8,100,0,2024-04-04T07:09:39.000Z
"4/4/2024, 2:14:39 AM",3.57,53.8,100,0,2024-04-04T07:14:39.000Z
"4/4/2024, 2:19:39 AM",3.57,53.8,100,0,2024-04-04T07:19:39.000Z
"4/4/2024, 2:24:39 AM",3.571,53.8,100,0,2024-04-04T07:24:39.000Z
"4/4/2024, 2:29:39 AM",3.57,53.8,100,0,2024-04-04T07:29:39.000Z
"4/4/2024, 2:34:39 AM",3.57,53.8,100,0,2024-04-04T07:34:39.000Z
"4/4/2024, 2:39:39 AM",3.57,53.6,100,0,2024-04-04T07:39:39.000Z
"4/4/2024, 2:44:39 AM",3.57,53.4,100,0,2024-04-04T07:44:39.000Z
"4/4/2024, 2:49:39 AM",3.57,53.4,100,0,2024-04-04T07:49:39.000Z
"4/4/2024, 2:54:39 AM",3.57,53.4,100,0,2024-04-04T07:54:39.000Z
"4/4/2024, 2:59:39 AM",3.57,53.2,100,0,2024-04-04T07:59:39.000Z
"4/4/2024, 3:04:39 AM",3.57,53.2,100,0,2024-04-04T08:04:39.000Z
"4/4/2024, 3:09:39 AM",3.57,53.1,100,0,2024-04-04T08:09:39.000Z
"4/4/2024, 3:14:39 AM",3.57,53.1,100,0,2024-04-04T08:14:39.000Z
"4/4/2024, 3:19:39 AM",3.57,53.1,100,0,2024-04-04T08:19:39.000Z
"4/4/2024, 3:24:39 AM",3.57,53.1,100,0,2024-04-04T08:24:39.000Z
"4/4/2024, 3:29:39 AM",3.57,53.1,100,0,2024-04-04T08:29:39.000Z
"4/4/2024, 3:34:39 AM",3.57,53.1,100,0,2024-04-04T08:34:39.000Z
"4/4/2024, 3:39:39 AM",3.57,53.1,100,0,2024-04-04T08:39:39.000Z
"4/4/2024, 3:44:39 AM",3.57,53.1,100,0,2024-04-04T08:44:39.000Z
"4/4/2024, 3:49:39 AM",3.57,53.1,100,0,2024-04-04T08:49:39.000Z
"4/4/2024, 3:54:39 AM",3.57,52.9,100,0,2024-04-04T08:54:39.000Z
"4/4/2024, 3:59:39 AM",3.57,52.9,100,0,2024-04-04T08:59:39.000Z
"4/4/2024, 4:04:39 AM",3.57,52.9,100,0,2024-04-04T09:04:39.000Z
"4/4/2024, 4:09:39 AM",3.569,52.9,100,0,2024-04-04T09:09:39.000Z
"4/4/2024, 4:14:39 AM",3.569,52.9,100,0,2024-04-04T09:14:39.000Z
"4/4/2024, 4:19:39 AM",3.569,52.7,100,0,2024-04-04T09:19:39.000Z
"4/4/2024, 4:24:39 AM",3.569,52.7,100,0,2024-04-04T09:24:39.000Z
"4/4/2024, 4:29:39 AM",3.569,52.7,100,0,2024-04-04T09:29:39.000Z
"4/4/2024, 4:34:39 AM",3.569,52.9,100,0,2024-04-04T09:34:39.000Z
"4/4/2024, 4:39:39 AM",3.569,52.9,100,0,2024-04-04T09:39:39.000Z
"4/4/2024, 4:44:39 AM",3.569,52.9,100,0,2024-04-04T09:44:39.000Z
"4/4/2024, 4:49:39 AM",3.569,52.9,100,0,2024-04-04T09:49:39.000Z
"4/4/2024, 4:54:39 AM",3.569,52.9,100,0,2024-04-04T09:54:39.000Z
"4/4/2024, 4:59:39 AM",3.569,52.9,100,0,2024-04-04T09:59:39.000Z
"4/4/2024, 5:04:39 AM",3.568,52.9,100,0,2024-04-04T10:04:39.000Z
"4/4/2024, 5:09:39 AM",3.569,53.1,100,0,2024-04-04T10:09:39.000Z
"4/4/2024, 5:14:39 AM",3.568,53.1,100,0,2024-04-04T10:14:39.000Z
"4/4/2024, 5:19:39 AM",3.569,53.1,100,0,2024-04-04T10:19:39.000Z
"4/4/2024, 5:24:39 AM",3.569,52.9,100,0,2024-04-04T10:24:39.000Z
"4/4/2024, 5:29:39 AM",3.569,52.9,100,0,2024-04-04T10:29:39.000Z
"4/4/2024, 5:34:39 AM",3.569,52.9,100,0,2024-04-04T10:34:39.000Z
"4/4/2024, 5:39:39 AM",3.569,52.9,100,0,2024-04-04T10:39:39.000Z
"4/4/2024, 5:44:39 AM",3.569,52.9,100,0,2024-04-04T10:44:39.000Z
"4/4/2024, 5:49:39 AM",3.568,53.1,100,0,2024-04-04T10:49:39.000Z
"4/4/2024, 5:54:39 AM",3.569,53.1,100,0,2024-04-04T10:54:39.000Z
"4/4/2024, 5:59:39 AM",3.568,53.2,100,0,2024-04-04T10:59:39.000Z
"4/4/2024, 6:04:39 AM",3.568,53.4,100,0,2024-04-04T11:04:39.000Z
"4/4/2024, 6:09:39 AM",3.568,53.6,100,0,2024-04-04T11:09:39.000Z
"4/4/2024, 6:14:39 AM",3.568,53.8,100,0,2024-04-04T11:14:39.000Z
"4/4/2024, 6:19:39 AM",3.569,54,100,0,2024-04-04T11:19:39.000Z
"4/4/2024, 6:24:39 AM",3.569,54.1,100,0,2024-04-04T11:24:39.000Z
"4/4/2024, 6:29:39 AM",3.569,54.1,100,0,2024-04-04T11:29:39.000Z
"4/4/2024, 6:34:39 AM",3.569,54.1,100,0,2024-04-04T11:34:39.000Z
"4/4/2024, 6:39:39 AM",3.568,54.1,100,0,2024-04-04T11:39:39.000Z
"4/4/2024, 6:44:39 AM",3.568,54.1,100,0,2024-04-04T11:44:39.000Z
"4/4/2024, 6:49:39 AM",3.569,54.1,100,0,2024-04-04T11:49:39.000Z
"4/4/2024, 6:54:39 AM",3.568,54.3,100,0,2024-04-04T11:54:39.000Z
"4/4/2024, 6:59:39 AM",3.568,54.5,100,0,2024-04-04T11:59:39.000Z
"4/4/2024, 7:04:39 AM",3.568,54.7,100,0,2024-04-04T12:04:39.000Z
"4/4/2024, 7:09:39 AM",3.569,54.7,100,0,2024-04-04T12:09:39.000Z
"4/4/2024, 7:14:39 AM",3.569,54.9,100,0,2024-04-04T12:14:39.000Z
"4/4/2024, 7:19:39 AM",3.569,55,100,0,2024-04-04T12:19:39.000Z
"4/4/2024, 7:24:39 AM",3.569,55,100,0,2024-04-04T12:24:39.000Z
"4/4/2024, 7:29:39 AM",3.569,55,100,0,2024-04-04T12:29:39.000Z
"4/4/2024, 7:34:39 AM",3.568,55,100,0,2024-04-04T12:34:39.000Z
"4/4/2024, 7:39:39 AM",3.569,55.2,100,0,2024-04-04T12:39:39.000Z
"4/4/2024, 7:44:39 AM",3.569,55.4,100,0,2024-04-04T12:44:39.000Z
"4/4/2024, 7:49:39 AM",3.568,55.6,100,0,2024-04-04T12:49:39.000Z
"4/4/2024, 7:54:39 AM",3.569,55.6,100,0,2024-04-04T12:54:39.000Z
"4/4/2024, 7:59:39 AM",3.569,55.8,100,0,2024-04-04T12:59:39.000Z
"4/4/2024, 8:04:39 AM",3.569,55.9,100,0,2024-04-04T13:04:39.000Z
"4/4/2024, 8:09:39 AM",3.568,55.9,100,0,2024-04-04T13:09:39.000Z
"4/4/2024, 8:14:39 AM",3.569,56.1,100,0,2024-04-04T13:14:39.000Z
"4/4/2024, 8:19:39 AM",3.569,56.1,100,0,2024-04-04T13:19:39.000Z
"4/4/2024, 8:24:39 AM",3.569,56.1,100,0,2024-04-04T13:24:39.000Z
"4/4/2024, 8:29:39 AM",3.569,56.3,100,0,2024-04-04T13:29:39.000Z
"4/4/2024, 8:34:39 AM",3.569,56.5,100,0,2024-04-04T13:34:39.000Z
"4/4/2024, 8:39:39 AM",3.569,56.7,100,0,2024-04-04T13:39:39.000Z
"4/4/2024, 8:44:39 AM",3.569,56.8,100,0,2024-04-04T13:44:39.000Z
"4/4/2024, 8:49:39 AM",3.569,56.8,100,0,2024-04-04T13:49:39.000Z
"4/4/2024, 8:54:39 AM",3.569,56.8,100,0,2024-04-04T13:54:39.000Z
"4/4/2024, 8:59:39 AM",3.569,56.8,100,0,2024-04-04T13:59:39.000Z
"4/4/2024, 9:04:39 AM",3.569,56.7,100,0,2024-04-04T14:04:39.000Z
"4/4/2024, 9:09:39 AM",3.57,56.7,100,0,2024-04-04T14:09:39.000Z
"4/4/2024, 9:14:39 AM",3.569,56.7,100,0,2024-04-04T14:14:39.000Z
"4/4/2024, 9:19:39 AM",3.569,57,100,0,2024-04-04T14:19:39.000Z
"4/4/2024, 9:24:39 AM",3.569,57.4,100,0,2024-04-04T14:24:39.000Z
"4/4/2024, 9:29:39 AM",3.569,57.7,100,0,2024-04-04T14:29:39.000Z
"4/4/2024, 9:34:39 AM",3.569,57.9,100,0,2024-04-04T14:34:39.000Z
"4/4/2024, 9:39:39 AM",3.569,58.3,100,0,2024-04-04T14:39:39.000Z
"4/4/2024, 9:44:39 AM",3.569,58.6,100,0,2024-04-04T14:44:39.000Z
"4/4/2024, 9:49:39 AM",3.569,59,100,0,2024-04-04T14:49:39.000Z
"4/4/2024, 9:54:39 AM",3.569,59.4,100,0,2024-04-04T14:54:39.000Z
"4/4/2024, 9:59:39 AM",3.569,59.9,100,0,2024-04-04T14:59:39.000Z
"4/4/2024, 10:04:39 AM",3.569,60.6,100,0,2024-04-04T15:04:39.000Z
"4/4/2024, 10:09:39 AM",3.569,61.2,100,0,2024-04-04T15:09:39.000Z
"4/4/2024, 10:14:39 AM",3.569,61.7,100,0,2024-04-04T15:14:39.000Z
"4/4/2024, 10:19:39 AM",3.57,62.1,100,0,2024-04-04T15:19:39.000Z
"4/4/2024, 10:24:39 AM",3.57,62.6,100,0,2024-04-04T15:24:39.000Z
"4/4/2024, 10:29:39 AM",3.57,63,100,0,2024-04-04T15:29:39.000Z
"4/4/2024, 10:34:39 AM",3.57,63.1,100,0,2024-04-04T15:34:39.000Z
"4/4/2024, 10:39:39 AM",3.57,63.3,100,0,2024-04-04T15:39:39.000Z
"4/4/2024, 10:44:39 AM",3.57,63.3,100,0,2024-04-04T15:44:39.000Z
"4/4/2024, 10:49:39 AM",3.57,63.3,100,0,2024-04-04T15:49:39.000Z
"4/4/2024, 10:54:39 AM",3.57,63.5,100,0,2024-04-04T15:54:39.000Z
"4/4/2024, 10:59:39 AM",3.57,63.5,100,0,2024-04-04T15:59:39.000Z
"4/4/2024, 11:04:39 AM",3.57,63.5,100,0,2024-04-04T16:04:39.000Z
"4/4/2024, 11:09:39 AM",3.57,63.9,100,0,2024-04-04T16:09:39.000Z
"4/4/2024, 11:14:39 AM",3.57,64,100,0,2024-04-04T16:14:39.000Z
"4/4/2024, 11:19:39 AM",3.571,64.6,100,0,2024-04-04T16:19:39.000Z
"4/4/2024, 11:24:39 AM",3.571,64.9,100,0,2024-04-04T16:24:39.000Z
"4/4/2024, 11:29:39 AM",3.571,64.9,100,0,2024-04-04T16:29:39.000Z
"4/4/2024, 11:34:39 AM",3.57,65.3,100,0,2024-04-04T16:34:39.000Z
"4/4/2024, 11:39:39 AM",3.571,65.8,100,0,2024-04-04T16:39:39.000Z
"4/4/2024, 11:44:39 AM",3.571,66.2,100,0,2024-04-04T16:44:39.000Z
"4/4/2024, 11:49:39 AM",3.57,66.2,100,0,2024-04-04T16:49:39.000Z
"4/4/2024, 11:54:39 AM",3.571,65.5,100,0,2024-04-04T16:54:39.000Z
"4/4/2024, 11:59:39 AM",3.571,64,100,0,2024-04-04T16:59:39.000Z
"4/4/2024, 12:04:39 PM",3.571,63.3,100,0,2024-04-04T17:04:39.000Z
"4/4/2024, 12:09:39 PM",3.572,63.1,100,0,2024-04-04T17:09:39.000Z
"4/4/2024, 12:14:39 PM",3.571,63.3,100,0,2024-04-04T17:14:39.000Z
"4/4/2024, 12:19:39 PM",3.572,63.9,100,0,2024-04-04T17:19:39.000Z
"4/4/2024, 12:24:39 PM",3.572,64.6,100,0,2024-04-04T17:24:39.000Z
"4/4/2024, 12:29:39 PM",3.571,65.3,100,0,2024-04-04T17:29:39.000Z
"4/4/2024, 12:34:39 PM",3.571,65.8,100,0,2024-04-04T17:34:39.000Z
"4/4/2024, 12:39:39 PM",3.571,66.4,100,0,2024-04-04T17:39:39.000Z
"4/4/2024, 12:44:39 PM",3.571,66.7,100,0,2024-04-04T17:44:39.000Z
"4/4/2024, 12:49:39 PM",3.571,67.3,100,0,2024-04-04T17:49:39.000Z
"4/4/2024, 12:54:39 PM",3.57,68.2,100,0,2024-04-04T17:54:39.000Z
"4/4/2024, 12:59:39 PM",3.57,68.7,100,0,2024-04-04T17:59:39.000Z
"4/4/2024, 1:04:39 PM",3.57,68.9,100,0,2024-04-04T18:04:39.000Z
"4/4/2024, 1:09:39 PM",3.57,68.7,100,0,2024-04-04T18:09:39.000Z
"4/4/2024, 1:14:39 PM",3.57,68,100,0,2024-04-04T18:14:39.000Z
"4/4/2024, 1:19:39 PM",3.57,67.1,100,0,2024-04-04T18:19:39.000Z
"4/4/2024, 1:24:39 PM",3.571,66.2,100,0,2024-04-04T18:24:39.000Z
"4/4/2024, 1:29:39 PM",3.571,65.5,100,0,2024-04-04T18:29:39.000Z
"4/4/2024, 1:34:39 PM",3.572,65.1,100,0,2024-04-04T18:34:39.000Z
"4/4/2024, 1:39:39 PM",3.571,64.6,100,0,2024-04-04T18:39:39.000Z
"4/4/2024, 1:44:39 PM",3.571,64.6,100,0,2024-04-04T18:44:39.000Z
"4/4/2024, 1:49:39 PM",3.572,64.4,100,0,2024-04-04T18:49:39.000Z
"4/4/2024, 1:54:39 PM",3.571,64.2,100,0,2024-04-04T18:54:39.000Z
"4/4/2024, 1:59:39 PM",3.572,64.2,100,0,2024-04-04T18:59:39.000Z
"4/4/2024, 2:04:39 PM",3.571,64.2,100,0,2024-04-04T19:04:39.000Z
"4/4/2024, 2:09:39 PM",3.571,64.2,100,0,2024-04-04T19:09:39.000Z
"4/4/2024, 2:14:39 PM",3.571,63.7,100,0,2024-04-04T19:14:39.000Z
"4/4/2024, 2:19:39 PM",3.571,63,100,0,2024-04-04T19:19:39.000Z
"4/4/2024, 2:24:39 PM",3.571,62.6,100,0,2024-04-04T19:24:39.000Z
"4/4/2024, 2:29:39 PM",3.572,62.2,100,0,2024-04-04T19:29:39.000Z
"4/4/2024, 2:34:39 PM",3.572,62.2,100,0,2024-04-04T19:34:39.000Z
"4/4/2024, 2:39:39 PM",3.572,62.4,100,0,2024-04-04T19:39:39.000Z
"4/4/2024, 2:44:39 PM",3.571,62.8,100,0,2024-04-04T19:44:39.000Z
"4/4/2024, 2:49:39 PM",3.572,63.3,100,0,2024-04-04T19:49:39.000Z
"4/4/2024, 2:54:39 PM",3.571,63.7,100,0,2024-04-04T19:54:39.000Z
"4/4/2024, 2:59:39 PM",3.572,64,100,0,2024-04-04T19:59:39.000Z
"4/4/2024, 3:04:39 PM",3.571,64.2,100,0,2024-04-04T20:04:39.000Z
"4/4/2024, 3:09:39 PM",3.571,64.6,100,0,2024-04-04T20:09:39.000Z
"4/4/2024, 3:14:39 PM",3.571,64.6,100,0,2024-04-04T20:14:39.000Z
"4/4/2024, 3:19:39 PM",3.571,64.8,100,0,2024-04-04T20:19:39.000Z
"4/4/2024, 3:24:39 PM",3.571,64.8,100,0,2024-04-04T20:24:39.000Z
"4/4/2024, 3:29:39 PM",3.571,64.8,100,0,2024-04-04T20:29:39.000Z
"4/4/2024, 3:34:39 PM",3.571,64.8,100,0,2024-04-04T20:34:39.000Z
"4/4/2024, 3:39:39 PM",3.571,64.6,100,0,2024-04-04T20:39:39.000Z
"4/4/2024, 3:44:39 PM",3.571,64.4,100,0,2024-04-04T20:44:39.000Z
"4/4/2024, 3:49:39 PM",3.571,64,100,0,2024-04-04T20:49:39.000Z
"4/4/2024, 3:54:39 PM",3.571,63.5,100,0,2024-04-04T20:54:39.000Z
"4/4/2024, 3:59:39 PM",3.571,62.4,100,0,2024-04-04T20:59:39.000Z
"4/4/2024, 4:04:39 PM",3.572,61.7,100,0,2024-04-04T21:04:39.000Z
"4/4/2024, 4:09:39 PM",3.572,61.3,100,0,2024-04-04T21:09:39.000Z
"4/4/2024, 4:14:39 PM",3.572,61,100,0,2024-04-04T21:14:39.000Z
"4/4/2024, 4:19:39 PM",3.572,60.6,100,0,2024-04-04T21:19:39.000Z
"4/4/2024, 4:24:39 PM",3.572,60.4,100,0,2024-04-04T21:24:39.000Z
"4/4/2024, 4:29:39 PM",3.572,60.3,100,0,2024-04-04T21:29:39.000Z
"4/4/2024, 4:34:39 PM",3.572,60.3,100,0,2024-04-04T21:34:39.000Z
"4/4/2024, 4:39:39 PM",3.571,60.4,100,0,2024-04-04T21:39:39.000Z
"4/4/2024, 4:44:39 PM",3.571,60.3,100,0,2024-04-04T21:44:39.000Z
"4/4/2024, 4:49:39 PM",3.571,60.3,100,0,2024-04-04T21:49:39.000Z
"4/4/2024, 4:54:39 PM",3.571,60.4,100,0,2024-04-04T21:54:39.000Z
"4/4/2024, 4:59:39 PM",3.571,60.4,100,0,2024-04-04T21:59:39.000Z
"4/4/2024, 5:04:39 PM",3.57,60.6,100,0,2024-04-04T22:04:39.000Z
"4/4/2024, 5:09:39 PM",3.571,60.6,100,0,2024-04-04T22:09:39.000Z
"4/4/2024, 5:14:39 PM",3.57,60.6,100,0,2024-04-04T22:14:39.000Z
"4/4/2024, 5:19:39 PM",3.57,60.8,100,0,2024-04-04T22:19:39.000Z
"4/4/2024, 5:24:39 PM",3.571,60.8,100,0,2024-04-04T22:24:39.000Z
"4/4/2024, 5:29:39 PM",3.571,60.8,100,0,2024-04-04T22:29:39.000Z
"4/4/2024, 5:34:39 PM",3.571,60.8,100,0,2024-04-04T22:34:39.000Z
"4/4/2024, 5:39:39 PM",3.571,60.6,100,0,2024-04-04T22:39:39.000Z
"4/4/2024, 5:44:39 PM",3.57,60.6,100,0,2024-04-04T22:44:39.000Z
"4/4/2024, 5:49:39 PM",3.571,60.6,100,0,2024-04-04T22:49:39.000Z
"4/4/2024, 5:54:39 PM",3.571,60.4,100,0,2024-04-04T22:54:39.000Z
"4/4/2024, 5:59:39 PM",3.571,60.4,100,0,2024-04-04T22:59:39.000Z
"4/4/2024, 6:04:39 PM",3.57,60.4,100,0,2024-04-04T23:04:39.000Z
"4/4/2024, 6:09:39 PM",3.57,60.4,100,0,2024-04-04T23:09:39.000Z
"4/4/2024, 6:14:39 PM",3.571,60.4,100,0,2024-04-04T23:14:39.000Z
"4/4/2024, 6:19:39 PM",3.57,60.3,100,0,2024-04-04T23:19:39.000Z
"4/4/2024, 6:24:39 PM",3.57,59.9,100,0,2024-04-04T23:24:39.000Z
"4/4/2024, 6:29:39 PM",3.57,59.7,100,0,2024-04-04T23:29:39.000Z
"4/4/2024, 6:34:39 PM",3.57,59.4,100,0,2024-04-04T23:34:39.000Z
"4/4/2024, 6:39:39 PM",3.571,59.2,100,0,2024-04-04T23:39:39.000Z
"4/4/2024, 6:44:39 PM",3.57,59,100,0,2024-04-04T23:44:39.000Z
"4/4/2024, 6:49:39 PM",3.57,59,100,0,2024-04-04T23:49:39.000Z
"4/4/2024, 6:54:39 PM",3.57,58.8,100,1,2024-04-04T23:54:39.000Z
"4/4/2024, 6:59:39 PM",3.57,58.8,100,0,2024-04-04T23:59:39.000Z
"4/4/2024, 7:04:39 PM",3.57,58.6,100,0,2024-04-05T00:04:39.000Z
"4/4/2024, 7:09:39 PM",3.57,58.6,100,1,2024-04-05T00:09:39.000Z
"4/4/2024, 7:14:39 PM",3.57,58.5,100,1,2024-04-05T00:14:39.000Z
"4/4/2024, 7:19:39 PM",3.57,58.3,100,1,2024-04-05T00:19:39.000Z
"4/4/2024, 7:24:39 PM",3.57,58.1,100,1,2024-04-05T00:24:39.000Z
"4/4/2024, 7:29:39 PM",3.57,57.7,100,1,2024-04-05T00:29:39.000Z
"4/4/2024, 7:34:39 PM",3.57,57.6,100,0,2024-04-05T00:34:39.000Z
"4/4/2024, 7:39:39 PM",3.57,57.4,100,1,2024-04-05T00:39:39.000Z
"4/4/2024, 7:44:39 PM",3.57,57.4,100,1,2024-04-05T00:44:39.000Z
"4/4/2024, 7:49:39 PM",3.57,57.2,100,1,2024-04-05T00:49:39.000Z
"4/4/2024, 7:54:39 PM",3.57,57,100,1,2024-04-05T00:54:39.000Z
"4/4/2024, 7:59:39 PM",3.57,56.8,100,1,2024-04-05T00:59:39.000Z
"4/4/2024, 8:04:39 PM",3.569,56.8,100,1,2024-04-05T01:04:39.000Z
"4/4/2024, 8:09:39 PM",3.569,56.7,100,1,2024-04-05T01:09:39.000Z
"4/4/2024, 8:14:39 PM",3.569,56.5,100,1,2024-04-05T01:14:39.000Z
"4/4/2024, 8:19:39 PM",3.57,56.5,100,1,2024-04-05T01:19:39.000Z
"4/4/2024, 8:24:39 PM",3.569,56.5,100,1,2024-04-05T01:24:39.000Z
"4/4/2024, 8:29:39 PM",3.57,56.7,100,1,2024-04-05T01:29:39.000Z
"4/4/2024, 8:34:39 PM",3.569,56.5,100,1,2024-04-05T01:34:39.000Z
"4/4/2024, 8:39:39 PM",3.569,56.7,100,1,2024-04-05T01:39:39.000Z
"4/4/2024, 8:44:39 PM",3.569,56.7,100,1,2024-04-05T01:44:39.000Z
"4/4/2024, 8:49:39 PM",3.569,56.7,100,1,2024-04-05T01:49:39.000Z
"4/4/2024, 8:54:39 PM",3.569,56.7,100,1,2024-04-05T01:54:39.000Z
"4/4/2024, 8:59:39 PM",3.569,56.5,100,1,2024-04-05T01:59:39.000Z
"4/4/2024, 9:04:39 PM",3.569,56.7,100,1,2024-04-05T02:04:39.000Z
"4/4/2024, 9:09:39 PM",3.569,56.7,100,1,2024-04-05T02:09:39.000Z
"4/4/2024, 9:14:39 PM",3.568,56.8,100,1,2024-04-05T02:14:39.000Z
"4/4/2024, 9:19:39 PM",3.569,56.8,100,1,2024-04-05T02:19:39.000Z
"4/4/2024, 9:24:39 PM",3.569,56.8,100,1,2024-04-05T02:24:39.000Z
"4/4/2024, 9:29:39 PM",3.569,56.8,100,1,2024-04-05T02:29:39.000Z
"4/4/2024, 9:34:39 PM",3.569,56.7,100,1,2024-04-05T02:34:39.000Z
"4/4/2024, 9:39:39 PM",3.568,56.5,100,1,2024-04-05T02:39:39.000Z
"4/4/2024, 9:44:39 PM",3.569,56.3,100,1,2024-04-05T02:44:39.000Z
"4/4/2024, 9:49:39 PM",3.569,56.1,100,1,2024-04-05T02:49:39.000Z
"4/4/2024, 9:54:39 PM",3.568,56.1,100,1,2024-04-05T02:54:39.000Z
"4/4/2024, 9:59:39 PM",3.569,55.9,100,1,2024-04-05T02:59:39.000Z
"4/4/2024, 10:04:39 PM",3.568,55.9,100,1,2024-04-05T03:04:39.000Z
"4/4/2024, 10:09:39 PM",3.569,55.9,100,1,2024-04-05T03:09:39.000Z
"4/4/2024, 10:14:39 PM",3.569,55.9,100,1,2024-04-05T03:14:39.000Z
"4/4/2024, 10:19:39 PM",3.568,55.8,100,1,2024-04-05T03:19:39.000Z
"4/4/2024, 10:24:39 PM",3.569,55.8,100,1,2024-04-05T03:24:39.000Z
"4/4/2024, 10:29:39 PM",3.568,55.8,100,1,2024-04-05T03:29:39.000Z
"4/4/2024, 10:34:39 PM",3.568,55.8,100,1,2024-04-05T03:34:39.000Z
"4/4/2024, 10:39:39 PM",3.568,55.8,100,1,2024-04-05T03:39:39.000Z
"4/4/2024, 10:44:39 PM",3.568,55.8,100,1,2024-04-05T03:44:39.000Z
"4/4/2024, 10:49:39 PM",3.568,55.9,100,1,2024-04-05T03:49:39.000Z
"4/4/2024, 10:54:39 PM",3.568,56.1,100,1,2024-04-05T03:54:39.000Z
"4/4/2024, 10:59:39 PM",3.568,56.3,100,1,2024-04-05T03:59:39.000Z
"4/4/2024, 11:04:39 PM",3.568,56.5,100,1,2024-04-05T04:04:39.000Z
"4/4/2024, 11:09:39 PM",3.568,56.7,100,1,2024-04-05T04:09:39.000Z
"4/4/2024, 11:14:39 PM",3.568,56.7,100,1,2024-04-05T04:14:39.000Z
"4/4/2024, 11:19:39 PM",3.568,56.8,100,1,2024-04-05T04:19:39.000Z
"4/4/2024, 11:24:39 PM",3.568,57,100,1,2024-04-05T04:24:39.000Z
"4/4/2024, 11:29:39 PM",3.568,57,100,1,2024-04-05T04:29:39.000Z
"4/4/2024, 11:34:39 PM",3.568,57.2,100,1,2024-04-05T04:34:39.000Z
"4/4/2024, 11:39:39 PM",3.568,57.2,100,1,2024-04-05T04:39:39.000Z
"4/4/2024, 11:44:39 PM",3.568,57.2,100,1,2024-04-05T04:44:39.000Z
"4/4/2024, 11:49:39 PM",3.568,57.4,100,1,2024-04-05T04:49:39.000Z
"4/4/2024, 11:54:39 PM",3.568,57.4,100,1,2024-04-05T04:54:39.000Z
"4/4/2024, 11:59:39 PM",3.568,57.4,100,1,2024-04-05T04:59:39.000Z
"4/5/2024, 12:04:39 AM",3.568,57.4,100,1,2024-04-05T05:04:39.000Z
"4/5/2024, 12:09:39 AM",3.567,57.4,100,1,2024-04-05T05:09:39.000Z
"4/5/2024, 12:14:39 AM",3.568,57.2,100,1,2024-04-05T05:14:39.000Z
"4/5/2024, 12:19:39 AM",3.568,57.2,100,1,2024-04-05T05:19:39.000Z
"4/5/2024, 12:24:39 AM",3.568,57.2,100,1,2024-04-05T05:24:39.000Z
"4/5/2024, 12:29:39 AM",3.568,57.2,100,1,2024-04-05T05:29:39.000Z
"4/5/2024, 12:34:39 AM",3.568,57.4,100,1,2024-04-05T05:34:39.000Z
"4/5/2024, 12:39:39 AM",3.568,57.4,100,1,2024-04-05T05:39:39.000Z
"4/5/2024, 12:44:39 AM",3.568,57.4,100,1,2024-04-05T05:44:39.000Z
"4/5/2024, 12:49:39 AM",3.568,57.4,100,1,2024-04-05T05:49:39.000Z
"4/5/2024, 12:54:39 AM",3.568,57.4,100,1,2024-04-05T05:54:39.000Z
"4/5/2024, 12:59:39 AM",3.568,57.4,100,1,2024-04-05T05:59:39.000Z
"4/5/2024, 1:04:39 AM",3.568,57.6,100,1,2024-04-05T06:04:39.000Z
"4/5/2024, 1:09:39 AM",3.568,57.6,100,1,2024-04-05T06:09:39.000Z
"4/5/2024, 1:14:39 AM",3.568,57.7,100,1,2024-04-05T06:14:39.000Z
"4/5/2024, 1:19:39 AM",3.568,57.7,100,1,2024-04-05T06:19:39.000Z
"4/5/2024, 1:24:39 AM",3.568,57.9,100,1,2024-04-05T06:24:39.000Z
"4/5/2024, 1:29:39 AM",3.568,57.9,100,1,2024-04-05T06:29:39.000Z
"4/5/2024, 1:34:39 AM",3.568,57.9,100,1,2024-04-05T06:34:39.000Z
"4/5/2024, 1:39:39 AM",3.568,57.9,100,1,2024-04-05T06:39:39.000Z
"4/5/2024, 1:44:39 AM",3.568,57.9,100,1,2024-04-05T06:44:39.000Z
"4/5/2024, 1:49:39 AM",3.568,57.9,100,1,2024-04-05T06:49:39.000Z
"4/5/2024, 1:54:39 AM",3.568,58.1,100,1,2024-04-05T06:54:39.000Z
"4/5/2024, 1:59:39 AM",3.568,58.1,100,1,2024-04-05T06:59:39.000Z
"4/5/2024, 2:04:39 AM",3.568,58.3,100,1,2024-04-05T07:04:39.000Z
"4/5/2024, 2:09:39 AM",3.568,58.3,100,1,2024-04-05T07:09:39.000Z
"4/5/2024, 2:14:39 AM",3.568,58.5,100,1,2024-04-05T07:14:39.000Z
"4/5/2024, 2:19:39 AM",3.568,58.5,100,1,2024-04-05T07:19:39.000Z
"4/5/2024, 2:24:39 AM",3.568,58.5,100,1,2024-04-05T07:24:39.000Z
"4/5/2024, 2:29:39 AM",3.568,58.5,100,1,2024-04-05T07:29:39.000Z
"4/5/2024, 2:34:39 AM",3.568,58.6,100,1,2024-04-05T07:34:39.000Z
"4/5/2024, 2:39:39 AM",3.568,58.6,100,1,2024-04-05T07:39:39.000Z
"4/5/2024, 2:44:39 AM",3.568,58.6,100,1,2024-04-05T07:44:39.000Z
"4/5/2024, 2:49:39 AM",3.568,58.8,100,1,2024-04-05T07:49:39.000Z
"4/5/2024, 2:54:39 AM",3.569,58.6,100,1,2024-04-05T07:54:39.000Z
"4/5/2024, 2:59:39 AM",3.568,58.5,100,1,2024-04-05T07:59:39.000Z
"4/5/2024, 3:04:39 AM",3.568,58.5,100,1,2024-04-05T08:04:39.000Z
"4/5/2024, 3:09:39 AM",3.568,58.5,100,1,2024-04-05T08:09:39.000Z
"4/5/2024, 3:14:39 AM",3.568,58.5,100,1,2024-04-05T08:14:39.000Z
"4/5/2024, 3:19:39 AM",3.568,58.5,100,1,2024-04-05T08:19:39.000Z
"4/5/2024, 3:24:39 AM",3.568,58.5,100,1,2024-04-05T08:24:39.000Z
"4/5/2024, 3:29:39 AM",3.568,58.5,100,1,2024-04-05T08:29:39.000Z
"4/5/2024, 3:34:39 AM",3.569,58.5,100,1,2024-04-05T08:34:39.000Z
"4/5/2024, 3:39:39 AM",3.568,58.5,100,1,2024-04-05T08:39:39.000Z
"4/5/2024, 3:44:39 AM",3.568,58.5,100,1,2024-04-05T08:44:39.000Z
"4/5/2024, 3:49:39 AM",3.569,58.5,100,1,2024-04-05T08:49:39.000Z
"4/5/2024, 3:54:39 AM",3.568,58.5,100,1,2024-04-05T08:54:39.000Z
"4/5/2024, 3:59:39 AM",3.568,58.5,100,1,2024-04-05T08:59:39.000Z
"4/5/2024, 4:04:39 AM",3.568,58.6,100,1,2024-04-05T09:04:39.000Z
"4/5/2024, 4:09:39 AM",3.568,58.8,100,1,2024-04-05T09:09:39.000Z
"4/5/2024, 4:14:39 AM",3.568,59,100,1,2024-04-05T09:14:39.000Z
"4/5/2024, 4:19:39 AM",3.568,59,100,1,2024-04-05T09:19:39.000Z
"4/5/2024, 4:24:39 AM",3.568,59.2,100,1,2024-04-05T09:24:39.000Z
"4/5/2024, 4:29:39 AM",3.568,59.2,100,1,2024-04-05T09:29:39.000Z
"4/5/2024, 4:34:39 AM",3.568,59.2,100,1,2024-04-05T09:34:39.000Z
"4/5/2024, 4:39:39 AM",3.568,59.2,100,1,2024-04-05T09:39:39.000Z
"4/5/2024, 4:44:39 AM",3.568,59.4,100,1,2024-04-05T09:44:39.000Z
"4/5/2024, 4:49:39 AM",3.569,59.4,100,1,2024-04-05T09:49:39.000Z
"4/5/2024, 4:54:39 AM",3.569,59.4,100,1,2024-04-05T09:54:39.000Z
"4/5/2024, 4:59:39 AM",3.569,59.2,100,1,2024-04-05T09:59:39.000Z
"4/5/2024, 5:04:39 AM",3.568,59.4,100,1,2024-04-05T10:04:39.000Z
"4/5/2024, 5:09:39 AM",3.568,59.4,100,1,2024-04-05T10:09:39.000Z
"4/5/2024, 5:14:39 AM",3.568,59.2,100,1,2024-04-05T10:14:39.000Z
"4/5/2024, 5:19:39 AM",3.569,59.2,100,1,2024-04-05T10:19:39.000Z
"4/5/2024, 5:24:39 AM",3.569,59,100,1,2024-04-05T10:24:39.000Z
"4/5/2024, 5:29:39 AM",3.568,58.6,100,1,2024-04-05T10:29:39.000Z
"4/5/2024, 5:34:39 AM",3.569,58.5,100,1,2024-04-05T10:34:39.000Z
"4/5/2024, 5:39:39 AM",3.569,58.5,100,1,2024-04-05T10:39:39.000Z
"4/5/2024, 5:44:39 AM",3.569,58.3,100,1,2024-04-05T10:44:39.000Z
"4/5/2024, 5:49:39 AM",3.568,58.5,100,1,2024-04-05T10:49:39.000Z
"4/5/2024, 5:54:39 AM",3.569,58.5,100,1,2024-04-05T10:54:39.000Z
"4/5/2024, 5:59:39 AM",3.568,58.5,100,1,2024-04-05T10:59:39.000Z
"4/5/2024, 6:04:39 AM",3.569,58.5,100,1,2024-04-05T11:04:39.000Z
"4/5/2024, 6:09:39 AM",3.568,58.5,100,1,2024-04-05T11:09:39.000Z
"4/5/2024, 6:14:39 AM",3.569,58.5,100,1,2024-04-05T11:14:39.000Z
"4/5/2024, 6:19:39 AM",3.568,58.6,100,1,2024-04-05T11:19:39.000Z
"4/5/2024, 6:24:39 AM",3.568,58.6,100,1,2024-04-05T11:24:39.000Z
"4/5/2024, 6:29:39 AM",3.568,58.6,100,1,2024-04-05T11:29:39.000Z
"4/5/2024, 6:34:39 AM",3.568,58.8,100,1,2024-04-05T11:34:39.000Z
"4/5/2024, 6:39:39 AM",3.568,58.8,100,1,2024-04-05T11:39:39.000Z
"4/5/2024, 6:44:39 AM",3.568,59,100,1,2024-04-05T11:44:39.000Z
"4/5/2024, 6:49:39 AM",3.568,59,100,1,2024-04-05T11:49:39.000Z
"4/5/2024, 6:54:39 AM",3.568,59,100,2,2024-04-05T11:54:39.000Z
"4/5/2024, 6:59:39 AM",3.568,59.2,100,2,2024-04-05T11:59:39.000Z
"4/5/2024, 7:04:39 AM",3.568,59.2,100,2,2024-04-05T12:04:39.000Z
"4/5/2024, 7:09:39 AM",3.567,59.4,100,2,2024-04-05T12:09:39.000Z
"4/5/2024, 7:14:39 AM",3.569,59.2,100,4,2024-04-05T12:14:39.000Z
"4/5/2024, 7:19:39 AM",3.568,59.2,100,3,2024-04-05T12:19:39.000Z
"4/5/2024, 7:24:39 AM",3.568,59.4,100,2,2024-04-05T12:24:39.000Z
"4/5/2024, 7:29:39 AM",3.568,59.5,100,2,2024-04-05T12:29:39.000Z
"4/5/2024, 7:34:39 AM",3.568,59.4,100,2,2024-04-05T12:34:39.000Z
"4/5/2024, 7:39:39 AM",3.568,59.4,100,1,2024-04-05T12:39:39.000Z
"4/5/2024, 7:44:39 AM",3.568,59.2,100,1,2024-04-05T12:44:39.000Z
"4/5/2024, 7:49:39 AM",3.568,58.8,100,1,2024-04-05T12:49:39.000Z
"4/5/2024, 7:54:39 AM",3.568,58.8,100,1,2024-04-05T12:54:39.000Z
"4/5/2024, 7:59:39 AM",3.569,58.6,100,1,2024-04-05T12:59:39.000Z
"4/5/2024, 8:04:39 AM",3.569,58.6,100,1,2024-04-05T13:04:39.000Z
"4/5/2024, 8:09:39 AM",3.568,58.6,100,1,2024-04-05T13:09:39.000Z
"4/5/2024, 8:14:39 AM",3.569,58.6,100,2,2024-04-05T13:14:39.000Z
"4/5/2024, 8:19:39 AM",3.568,58.8,100,1,2024-04-05T13:19:39.000Z
"4/5/2024, 8:24:39 AM",3.568,59.2,100,1,2024-04-05T13:24:39.000Z
"4/5/2024, 8:29:39 AM",3.568,59.5,100,1,2024-04-05T13:29:39.000Z
"4/5/2024, 8:34:39 AM",3.568,59.9,100,1,2024-04-05T13:34:39.000Z
"4/5/2024, 8:39:39 AM",3.568,60.3,100,1,2024-04-05T13:39:39.000Z
"4/5/2024, 8:44:39 AM",3.568,60.6,100,1,2024-04-05T13:44:39.000Z
"4/5/2024, 8:49:39 AM",3.568,60.8,100,1,2024-04-05T13:49:39.000Z
"4/5/2024, 8:54:39 AM",3.569,60.8,100,1,2024-04-05T13:54:39.000Z
"4/5/2024, 8:59:39 AM",3.569,61,100,1,2024-04-05T13:59:39.000Z
"4/5/2024, 9:04:39 AM",3.568,61,100,0,2024-04-05T14:04:39.000Z
"4/5/2024, 9:09:39 AM",3.568,61.2,100,1,2024-04-05T14:09:39.000Z
"4/5/2024, 9:14:39 AM",3.568,61,100,1,2024-04-05T14:14:39.000Z
"4/5/2024, 9:19:39 AM",3.569,61.2,100,1,2024-04-05T14:19:39.000Z
"4/5/2024, 9:24:39 AM",3.568,61.5,100,1,2024-04-05T14:24:39.000Z
"4/5/2024, 9:29:39 AM",3.569,62.1,100,1,2024-04-05T14:29:39.000Z
"4/5/2024, 9:34:39 AM",3.568,62.2,100,1,2024-04-05T14:34:39.000Z
"4/5/2024, 9:39:39 AM",3.569,62.6,100,0,2024-04-05T14:39:39.000Z
"4/5/2024, 9:44:39 AM",3.569,62.8,100,0,2024-04-05T14:44:39.000Z
"4/5/2024, 9:49:39 AM",3.569,62.8,100,0,2024-04-05T14:49:39.000Z
"4/5/2024, 9:54:39 AM",3.568,63,100,0,2024-04-05T14:54:39.000Z
"4/5/2024, 9:59:39 AM",3.568,63.5,100,0,2024-04-05T14:59:39.000Z
"4/5/2024, 10:04:39 AM",3.569,64,100,0,2024-04-05T15:04:39.000Z
"4/5/2024, 10:09:39 AM",3.568,64.6,100,0,2024-04-05T15:09:39.000Z
"4/5/2024, 10:14:39 AM",3.569,64.8,100,1,2024-04-05T15:14:39.000Z
"4/5/2024, 10:19:39 AM",3.569,64.9,100,0,2024-04-05T15:19:39.000Z
"4/5/2024, 10:24:39 AM",3.568,65.1,100,0,2024-04-05T15:24:39.000Z
"4/5/2024, 10:29:39 AM",3.569,65.1,100,0,2024-04-05T15:29:39.000Z
"4/5/2024, 10:34:39 AM",3.569,64.9,100,0,2024-04-05T15:34:39.000Z
"4/5/2024, 10:39:39 AM",3.57,64.6,100,0,2024-04-05T15:39:39.000Z
"4/5/2024, 10:44:39 AM",3.57,64.2,100,0,2024-04-05T15:44:39.000Z
"4/5/2024, 10:49:39 AM",3.569,64.2,100,0,2024-04-05T15:49:39.000Z
"4/5/2024, 10:54:39 AM",3.569,64.2,100,0,2024-04-05T15:54:39.000Z
"4/5/2024, 10:59:39 AM",3.569,64.2,100,0,2024-04-05T15:59:39.000Z
"4/5/2024, 11:04:39 AM",3.57,64.2,100,0,2024-04-05T16:04:39.000Z
"4/5/2024, 11:09:39 AM",3.57,64.4,100,0,2024-04-05T16:09:39.000Z
"4/5/2024, 11:14:39 AM",3.569,64.4,100,0,2024-04-05T16:14:39.000Z
"4/5/2024, 11:19:39 AM",3.57,64.4,100,0,2024-04-05T16:19:39.000Z
"4/5/2024, 11:24:39 AM",3.57,64,100,0,2024-04-05T16:24:39.000Z
"4/5/2024, 11:29:39 AM",3.57,63.9,100,0,2024-04-05T16:29:39.000Z
"4/5/2024, 11:34:39 AM",3.57,63.7,100,0,2024-04-05T16:34:39.000Z
"4/5/2024, 11:39:39 AM",3.57,63.7,100,0,2024-04-05T16:39:39.000Z
"4/5/2024, 11:44:39 AM",3.57,64,100,0,2024-04-05T16:44:39.000Z
"4/5/2024, 11:49:39 AM",3.57,63.9,100,0,2024-04-05T16:49:39.000Z
"4/5/2024, 11:54:39 AM",3.57,63.7,100,0,2024-04-05T16:54:39.000Z
"4/5/2024, 11:59:39 AM",3.57,63.5,100,0,2024-04-05T16:59:39.000Z
"4/5/2024, 12:04:39 PM",3.57,63,100,0,2024-04-05T17:04:39.000Z
"4/5/2024, 12:09:39 PM",3.57,62.6,100,0,2024-04-05T17:09:39.000Z
"4/5/2024, 12:14:39 PM",3.57,62.4,100,0,2024-04-05T17:14:39.000Z
"4/5/2024, 12:19:39 PM",3.57,62.2,100,0,2024-04-05T17:19:39.000Z
"4/5/2024, 12:24:39 PM",3.57,62.2,100,0,2024-04-05T17:24:39.000Z
"4/5/2024, 12:29:39 PM",3.57,62.1,100,0,2024-04-05T17:29:39.000Z
"4/5/2024, 12:34:39 PM",3.57,61.7,100,0,2024-04-05T17:34:39.000Z
"4/5/2024, 12:39:39 PM",3.57,61.7,100,0,2024-04-05T17:39:39.000Z
"4/5/2024, 12:44:39 PM",3.57,61.7,100,0,2024-04-05T17:44:39.000Z
"4/5/2024, 12:49:39 PM",3.57,61.5,100,0,2024-04-05T17:49:39.000Z
"4/5/2024, 12:54:39 PM",3.57,61.2,100,0,2024-04-05T17:54:39.000Z
"4/5/2024, 12:59:39 PM",3.57,61.2,100,0,2024-04-05T17:59:39.000Z
"4/5/2024, 1:04:39 PM",3.57,61.3,100,0,2024-04-05T18:04:39.000Z
"4/5/2024, 1:09:39 PM",3.569,61.3,100,0,2024-04-05T18:09:39.000Z
"4/5/2024, 1:14:39 PM",3.569,61.2,100,0,2024-04-05T18:14:39.000Z
"4/5/2024, 1:19:39 PM",3.57,61,100,0,2024-04-05T18:19:39.000Z
"4/5/2024, 1:24:39 PM",3.57,60.8,100,0,2024-04-05T18:24:39.000Z
"4/5/2024, 1:29:39 PM",3.57,60.4,100,0,2024-04-05T18:29:39.000Z
"4/5/2024, 1:34:39 PM",3.57,60.1,100,0,2024-04-05T18:34:39.000Z
"4/5/2024, 1:39:39 PM",3.57,59.9,100,0,2024-04-05T18:39:39.000Z
"4/5/2024, 1:44:39 PM",3.57,59.9,100,0,2024-04-05T18:44:39.000Z
"4/5/2024, 1:49:39 PM",3.569,60.1,100,0,2024-04-05T18:49:39.000Z
"4/5/2024, 1:54:39 PM",3.57,60.3,100,0,2024-04-05T18:54:39.000Z
"4/5/2024, 1:59:39 PM",3.569,60.6,100,0,2024-04-05T18:59:39.000Z
"4/5/2024, 2:04:39 PM",3.569,61.2,100,0,2024-04-05T19:04:39.000Z
"4/5/2024, 2:09:39 PM",3.57,61.5,100,0,2024-04-05T19:09:39.000Z
"4/5/2024, 2:14:39 PM",3.569,61.7,100,0,2024-04-05T19:14:39.000Z
"4/5/2024, 2:19:39 PM",3.569,61.9,100,0,2024-04-05T19:19:39.000Z
"4/5/2024, 2:24:39 PM",3.569,62.1,100,0,2024-04-05T19:24:39.000Z
"4/5/2024, 2:29:39 PM",3.569,62.2,100,0,2024-04-05T19:29:39.000Z
"4/5/2024, 2:34:39 PM",3.57,62.8,100,0,2024-04-05T19:34:39.000Z
"4/5/2024, 2:39:39 PM",3.569,63.3,100,0,2024-04-05T19:39:39.000Z
"4/5/2024, 2:44:39 PM",3.569,63.9,100,0,2024-04-05T19:44:39.000Z
"4/5/2024, 2:49:39 PM",3.569,64,100,0,2024-04-05T19:49:39.000Z
"4/5/2024, 2:54:39 PM",3.569,64,100,0,2024-04-05T19:54:39.000Z
"4/5/2024, 2:59:39 PM",3.569,63.9,100,0,2024-04-05T19:59:39.000Z
"4/5/2024, 3:04:39 PM",3.569,63.9,100,0,2024-04-05T20:04:39.000Z
"4/5/2024, 3:09:39 PM",3.569,64,100,0,2024-04-05T20:09:39.000Z
"4/5/2024, 3:14:39 PM",3.569,64.4,100,0,2024-04-05T20:14:39.000Z
"4/5/2024, 3:19:39 PM",3.57,65.3,100,0,2024-04-05T20:19:39.000Z
"4/5/2024, 3:24:39 PM",3.569,66.2,100,0,2024-04-05T20:24:39.000Z
"4/5/2024, 3:29:39 PM",3.569,66.9,100,0,2024-04-05T20:29:39.000Z
"4/5/2024, 3:34:39 PM",3.569,67.3,100,0,2024-04-05T20:34:39.000Z
"4/5/2024, 3:39:39 PM",3.569,67.1,100,0,2024-04-05T20:39:39.000Z
"4/5/2024, 3:44:39 PM",3.569,66.7,100,0,2024-04-05T20:44:39.000Z
"4/5/2024, 3:49:39 PM",3.569,66.7,100,0,2024-04-05T20:49:39.000Z
"4/5/2024, 3:54:39 PM",3.569,66.7,100,0,2024-04-05T20:54:39.000Z
"4/5/2024, 3:59:39 PM",3.569,67.1,100,0,2024-04-05T20:59:39.000Z
"4/5/2024, 4:04:39 PM",3.569,66.6,100,0,2024-04-05T21:04:39.000Z
"4/5/2024, 4:09:39 PM",3.57,66,100,0,2024-04-05T21:09:39.000Z
"4/5/2024, 4:14:39 PM",3.57,65.5,100,0,2024-04-05T21:14:39.000Z
"4/5/2024, 4:19:39 PM",3.57,64.9,100,0,2024-04-05T21:19:39.000Z
"4/5/2024, 4:24:39 PM",3.57,64.2,100,0,2024-04-05T21:24:39.000Z
"4/5/2024, 4:29:39 PM",3.57,63.5,100,0,2024-04-05T21:29:39.000Z
"4/5/2024, 4:34:39 PM",3.57,63,100,0,2024-04-05T21:34:39.000Z
"4/5/2024, 4:39:39 PM",3.571,62.4,100,0,2024-04-05T21:39:39.000Z
"4/5/2024, 4:44:39 PM",3.571,61.9,100,0,2024-04-05T21:44:39.000Z
"4/5/2024, 4:49:39 PM",3.571,61.7,100,0,2024-04-05T21:49:39.000Z
"4/5/2024, 4:54:39 PM",3.571,61.7,100,0,2024-04-05T21:54:39.000Z
"4/5/2024, 4:59:39 PM",3.571,61.7,100,0,2024-04-05T21:59:39.000Z
"4/5/2024, 5:04:39 PM",3.57,61.7,100,0,2024-04-05T22:04:39.000Z
"4/5/2024, 5:09:39 PM",3.57,61.7,100,0,2024-04-05T22:09:39.000Z
"4/5/2024, 5:14:39 PM",3.57,62.2,100,0,2024-04-05T22:14:39.000Z
"4/5/2024, 5:19:39 PM",3.57,62.6,100,0,2024-04-05T22:19:39.000Z
"4/5/2024, 5:24:39 PM",3.57,63,100,0,2024-04-05T22:24:39.000Z
"4/5/2024, 5:29:39 PM",3.57,63.3,100,0,2024-04-05T22:29:39.000Z
"4/5/2024, 5:34:39 PM",3.57,63.7,100,0,2024-04-05T22:34:39.000Z
"4/5/2024, 5:39:39 PM",3.57,63.9,100,0,2024-04-05T22:39:39.000Z
"4/5/2024, 5:44:39 PM",3.57,63.9,100,0,2024-04-05T22:44:39.000Z
"4/5/2024, 5:49:39 PM",3.57,63.5,100,0,2024-04-05T22:49:39.000Z
"4/5/2024, 5:54:39 PM",3.57,63.1,100,0,2024-04-05T22:54:39.000Z
"4/5/2024, 5:59:39 PM",3.57,62.8,100,0,2024-04-05T22:59:39.000Z
"4/5/2024, 6:04:39 PM",3.57,62.6,100,0,2024-04-05T23:04:39.000Z
"4/5/2024, 6:09:39 PM",3.57,62.4,100,0,2024-04-05T23:09:39.000Z
"4/5/2024, 6:14:39 PM",3.571,62.4,100,0,2024-04-05T23:14:39.000Z
"4/5/2024, 6:19:39 PM",3.57,62.4,100,0,2024-04-05T23:19:39.000Z
"4/5/2024, 6:24:39 PM",3.57,62.4,100,0,2024-04-05T23:24:39.000Z
"4/5/2024, 6:29:39 PM",3.571,62.2,100,0,2024-04-05T23:29:39.000Z
"4/5/2024, 6:34:39 PM",3.57,62.1,100,0,2024-04-05T23:34:39.000Z
"4/5/2024, 6:39:39 PM",3.57,61.9,100,0,2024-04-05T23:39:39.000Z
"4/5/2024, 6:44:39 PM",3.57,61.9,100,0,2024-04-05T23:44:39.000Z
"4/5/2024, 6:49:39 PM",3.57,61.7,100,0,2024-04-05T23:49:39.000Z
"4/5/2024, 6:54:39 PM",3.57,61.7,100,0,2024-04-05T23:54:39.000Z
"4/5/2024, 6:59:39 PM",3.57,61.5,100,0,2024-04-05T23:59:39.000Z
"4/5/2024, 7:04:39 PM",3.57,61.3,100,0,2024-04-06T00:04:39.000Z
"4/5/2024, 7:09:39 PM",3.57,61.3,100,0,2024-04-06T00:09:39.000Z
"4/5/2024, 7:14:39 PM",3.57,61.2,100,1,2024-04-06T00:14:39.000Z
"4/5/2024, 7:19:39 PM",3.57,61,100,0,2024-04-06T00:19:39.000Z
"4/5/2024, 7:24:39 PM",3.57,60.8,100,0,2024-04-06T00:24:39.000Z
"4/5/2024, 7:29:39 PM",3.57,60.4,100,0,2024-04-06T00:29:39.000Z
"4/5/2024, 7:34:39 PM",3.57,60.3,100,1,2024-04-06T00:34:39.000Z
"4/5/2024, 7:39:39 PM",3.57,60.1,100,1,2024-04-06T00:39:39.000Z
"4/5/2024, 7:44:39 PM",3.57,60.1,100,1,2024-04-06T00:44:39.000Z
"4/5/2024, 7:49:39 PM",3.57,60.1,100,1,2024-04-06T00:49:39.000Z
"4/5/2024, 7:54:39 PM",3.57,60.1,100,1,2024-04-06T00:54:39.000Z
"4/5/2024, 7:59:39 PM",3.569,60.1,100,1,2024-04-06T00:59:39.000Z
"4/5/2024, 8:04:39 PM",3.57,59.9,100,1,2024-04-06T01:04:39.000Z
"4/5/2024, 8:09:39 PM",3.569,59.7,100,1,2024-04-06T01:09:39.000Z
"4/5/2024, 8:14:39 PM",3.569,59.5,100,1,2024-04-06T01:14:39.000Z
"4/5/2024, 8:19:39 PM",3.57,59.2,100,1,2024-04-06T01:19:39.000Z
"4/5/2024, 8:24:39 PM",3.569,58.8,100,1,2024-04-06T01:24:39.000Z
"4/5/2024, 8:29:39 PM",3.57,58.5,100,1,2024-04-06T01:29:39.000Z
"4/5/2024, 8:34:39 PM",3.57,58.1,100,1,2024-04-06T01:34:39.000Z
"4/5/2024, 8:39:39 PM",3.57,57.9,100,1,2024-04-06T01:39:39.000Z
"4/5/2024, 8:44:39 PM",3.569,57.6,100,1,2024-04-06T01:44:39.000Z
"4/5/2024, 8:49:39 PM",3.569,57.2,100,1,2024-04-06T01:49:39.000Z
"4/5/2024, 8:54:39 PM",3.57,57,100,1,2024-04-06T01:54:39.000Z
"4/5/2024, 8:59:39 PM",3.57,56.8,100,1,2024-04-06T01:59:39.000Z
"4/5/2024, 9:04:39 PM",3.569,56.5,100,1,2024-04-06T02:04:39.000Z
"4/5/2024, 9:09:39 PM",3.57,56.3,100,1,2024-04-06T02:09:39.000Z
"4/5/2024, 9:14:39 PM",3.569,56.1,100,1,2024-04-06T02:14:39.000Z
"4/5/2024, 9:19:39 PM",3.568,56.1,100,1,2024-04-06T02:19:39.000Z
"4/5/2024, 9:24:39 PM",3.569,55.9,100,1,2024-04-06T02:24:39.000Z
"4/5/2024, 9:29:39 PM",3.569,55.9,100,1,2024-04-06T02:29:39.000Z
"4/5/2024, 9:34:39 PM",3.569,55.9,100,1,2024-04-06T02:34:39.000Z
"4/5/2024, 9:39:39 PM",3.569,55.8,100,1,2024-04-06T02:39:39.000Z
"4/5/2024, 9:44:39 PM",3.568,55.6,100,1,2024-04-06T02:44:39.000Z
"4/5/2024, 9:49:39 PM",3.568,55.6,100,1,2024-04-06T02:49:39.000Z
"4/5/2024, 9:54:39 PM",3.568,55.4,100,1,2024-04-06T02:54:39.000Z
"4/5/2024, 9:59:39 PM",3.568,55.4,100,1,2024-04-06T02:59:39.000Z
"4/5/2024, 10:04:39 PM",3.569,55.4,100,1,2024-04-06T03:04:39.000Z
"4/5/2024, 10:09:39 PM",3.568,55.4,100,1,2024-04-06T03:09:39.000Z
"4/5/2024, 10:14:39 PM",3.568,55.6,100,1,2024-04-06T03:14:39.000Z
"4/5/2024, 10:19:39 PM",3.568,55.8,100,1,2024-04-06T03:19:39.000Z
"4/5/2024, 10:24:39 PM",3.568,55.9,100,1,2024-04-06T03:24:39.000Z
"4/5/2024, 10:29:39 PM",3.568,56.1,100,1,2024-04-06T03:29:39.000Z
"4/5/2024, 10:34:39 PM",3.568,56.1,100,1,2024-04-06T03:34:39.000Z
"4/5/2024, 10:39:39 PM",3.568,56.3,100,1,2024-04-06T03:39:39.000Z
"4/5/2024, 10:44:39 PM",3.568,56.3,100,1,2024-04-06T03:44:39.000Z
"4/5/2024, 10:49:39 PM",3.568,56.3,100,1,2024-04-06T03:49:39.000Z
"4/5/2024, 10:54:39 PM",3.567,56.5,100,1,2024-04-06T03:54:39.000Z
"4/5/2024, 10:59:39 PM",3.567,56.5,100,1,2024-04-06T03:59:39.000Z
"4/5/2024, 11:04:39 PM",3.568,56.5,100,1,2024-04-06T04:04:39.000Z
"4/5/2024, 11:09:39 PM",3.567,56.5,100,1,2024-04-06T04:09:39.000Z
"4/5/2024, 11:14:39 PM",3.567,56.5,100,1,2024-04-06T04:14:39.000Z
"4/5/2024, 11:19:39 PM",3.567,56.5,100,1,2024-04-06T04:19:39.000Z
"4/5/2024, 11:24:39 PM",3.567,56.5,100,1,2024-04-06T04:24:39.000Z
"4/5/2024, 11:29:39 PM",3.567,56.5,100,1,2024-04-06T04:29:39.000Z
"4/5/2024, 11:34:39 PM",3.568,56.5,100,1,2024-04-06T04:34:39.000Z
"4/5/2024, 11:39:39 PM",3.567,56.5,100,1,2024-04-06T04:39:39.000Z
"4/5/2024, 11:44:39 PM",3.567,56.3,100,1,2024-04-06T04:44:39.000Z
"4/5/2024, 11:49:39 PM",3.568,56.1,100,1,2024-04-06T04:49:39.000Z
"4/5/2024, 11:54:39 PM",3.568,56.1,100,1,2024-04-06T04:54:39.000Z
"4/5/2024, 11:59:39 PM",3.568,55.9,100,1,2024-04-06T04:59:39.000Z
"4/6/2024, 12:04:39 AM",3.567,56.1,100,1,2024-04-06T05:04:39.000Z
"4/6/2024, 12:09:39 AM",3.567,55.9,100,1,2024-04-06T05:09:39.000Z
"4/6/2024, 12:14:39 AM",3.567,56.1,100,1,2024-04-06T05:14:39.000Z
"4/6/2024, 12:19:39 AM",3.567,56.1,100,1,2024-04-06T05:19:39.000Z
"4/6/2024, 12:24:39 AM",3.567,56.1,100,1,2024-04-06T05:24:39.000Z
"4/6/2024, 12:29:39 AM",3.568,56.1,100,1,2024-04-06T05:29:39.000Z
"4/6/2024, 12:34:39 AM",3.567,55.9,100,1,2024-04-06T05:34:39.000Z
"4/6/2024, 12:39:39 AM",3.568,55.9,100,1,2024-04-06T05:39:39.000Z
"4/6/2024, 12:44:39 AM",3.567,55.8,100,1,2024-04-06T05:44:39.000Z
"4/6/2024, 12:49:39 AM",3.567,55.6,100,1,2024-04-06T05:49:39.000Z
"4/6/2024, 12:54:39 AM",3.567,55.2,100,1,2024-04-06T05:54:39.000Z
"4/6/2024, 12:59:39 AM",3.567,54.9,100,1,2024-04-06T05:59:39.000Z
"4/6/2024, 1:04:39 AM",3.567,54.7,100,1,2024-04-06T06:04:39.000Z
"4/6/2024, 1:09:39 AM",3.567,54.9,100,1,2024-04-06T06:09:39.000Z
"4/6/2024, 1:14:39 AM",3.567,55,100,1,2024-04-06T06:14:39.000Z
"4/6/2024, 1:19:39 AM",3.567,55.2,100,1,2024-04-06T06:19:39.000Z
"4/6/2024, 1:24:39 AM",3.567,55.4,100,1,2024-04-06T06:24:39.000Z
"4/6/2024, 1:29:39 AM",3.567,55.4,100,1,2024-04-06T06:29:39.000Z
"4/6/2024, 1:34:39 AM",3.566,55.2,100,1,2024-04-06T06:34:39.000Z
"4/6/2024, 1:39:39 AM",3.567,55.2,100,1,2024-04-06T06:39:39.000Z
"4/6/2024, 1:44:39 AM",3.567,55,100,1,2024-04-06T06:44:39.000Z
"4/6/2024, 1:49:39 AM",3.566,55,100,1,2024-04-06T06:49:39.000Z
"4/6/2024, 1:54:39 AM",3.567,55,100,1,2024-04-06T06:54:39.000Z
"4/6/2024, 1:59:39 AM",3.566,55,100,1,2024-04-06T06:59:39.000Z
"4/6/2024, 2:04:39 AM",3.567,55,100,1,2024-04-06T07:04:39.000Z
"4/6/2024, 2:09:39 AM",3.567,55,100,1,2024-04-06T07:09:39.000Z
"4/6/2024, 2:14:39 AM",3.566,55.2,100,1,2024-04-06T07:14:39.000Z
"4/6/2024, 2:19:39 AM",3.567,55.2,100,1,2024-04-06T07:19:39.000Z
"4/6/2024, 2:24:39 AM",3.566,55.4,100,1,2024-04-06T07:24:39.000Z
"4/6/2024, 2:29:39 AM",3.567,55.4,100,1,2024-04-06T07:29:39.000Z
"4/6/2024, 2:34:39 AM",3.566,55.2,100,1,2024-04-06T07:34:39.000Z
"4/6/2024, 2:39:39 AM",3.567,55.2,100,1,2024-04-06T07:39:39.000Z
"4/6/2024, 2:44:39 AM",3.566,55,100,1,2024-04-06T07:44:39.000Z
"4/6/2024, 2:49:39 AM",3.566,55,100,1,2024-04-06T07:49:39.000Z
"4/6/2024, 2:54:39 AM",3.566,55,100,1,2024-04-06T07:54:39.000Z
"4/6/2024, 2:59:39 AM",3.567,55,100,1,2024-04-06T07:59:39.000Z
"4/6/2024, 3:04:39 AM",3.566,55.2,100,1,2024-04-06T08:04:39.000Z
"4/6/2024, 3:09:39 AM",3.567,55.4,100,1,2024-04-06T08:09:39.000Z
"4/6/2024, 3:14:39 AM",3.566,55.6,100,1,2024-04-06T08:14:39.000Z
"4/6/2024, 3:19:39 AM",3.566,55.6,100,1,2024-04-06T08:19:39.000Z
"4/6/2024, 3:24:39 AM",3.567,55.6,100,1,2024-04-06T08:24:39.000Z
"4/6/2024, 3:29:39 AM",3.566,55.8,100,1,2024-04-06T08:29:39.000Z
"4/6/2024, 3:34:39 AM",3.566,55.8,100,1,2024-04-06T08:34:39.000Z
"4/6/2024, 3:39:39 AM",3.566,55.6,100,1,2024-04-06T08:39:39.000Z
"4/6/2024, 3:44:39 AM",3.566,55.6,100,1,2024-04-06T08:44:39.000Z
"4/6/2024, 3:49:39 AM",3.566,55.6,100,1,2024-04-06T08:49:39.000Z
"4/6/2024, 3:54:39 AM",3.566,55.6,100,1,2024-04-06T08:54:39.000Z
"4/6/2024, 3:59:39 AM",3.566,55.6,100,1,2024-04-06T08:59:39.000Z
"4/6/2024, 4:04:39 AM",3.567,55.6,100,1,2024-04-06T09:04:39.000Z
"4/6/2024, 4:09:39 AM",3.566,55.6,100,1,2024-04-06T09:09:39.000Z
"4/6/2024, 4:14:39 AM",3.566,55.6,100,1,2024-04-06T09:14:39.000Z
"4/6/2024, 4:19:39 AM",3.566,55.4,100,1,2024-04-06T09:19:39.000Z
"4/6/2024, 4:24:39 AM",3.566,55.4,100,1,2024-04-06T09:24:39.000Z
"4/6/2024, 4:29:39 AM",3.567,55.4,100,1,2024-04-06T09:29:39.000Z
"4/6/2024, 4:34:39 AM",3.566,55.4,100,1,2024-04-06T09:34:39.000Z
"4/6/2024, 4:39:39 AM",3.566,55.2,100,1,2024-04-06T09:39:39.000Z
"4/6/2024, 4:44:39 AM",3.566,55.2,100,1,2024-04-06T09:44:39.000Z
"4/6/2024, 4:49:39 AM",3.566,55.4,100,1,2024-04-06T09:49:39.000Z
"4/6/2024, 4:54:39 AM",3.566,55.2,100,1,2024-04-06T09:54:39.000Z
"4/6/2024, 4:59:39 AM",3.566,55.2,100,1,2024-04-06T09:59:39.000Z
"4/6/2024, 5:04:39 AM",3.567,55.2,100,1,2024-04-06T10:04:39.000Z
"4/6/2024, 5:09:39 AM",3.566,55.2,100,1,2024-04-06T10:09:39.000Z
"4/6/2024, 5:14:39 AM",3.566,55.2,100,1,2024-04-06T10:14:39.000Z
"4/6/2024, 5:19:39 AM",3.566,55.2,100,1,2024-04-06T10:19:39.000Z
"4/6/2024, 5:24:39 AM",3.566,55.2,100,1,2024-04-06T10:24:39.000Z
"4/6/2024, 5:29:39 AM",3.566,55.2,100,1,2024-04-06T10:29:39.000Z
"4/6/2024, 5:34:39 AM",3.566,55.2,100,1,2024-04-06T10:34:39.000Z
"4/6/2024, 5:39:39 AM",3.567,55.2,100,1,2024-04-06T10:39:39.000Z
"4/6/2024, 5:44:39 AM",3.566,55.4,100,1,2024-04-06T10:44:39.000Z
"4/6/2024, 5:49:39 AM",3.566,55.6,100,1,2024-04-06T10:49:39.000Z
"4/6/2024, 5:54:39 AM",3.566,55.6,100,1,2024-04-06T10:54:39.000Z
"4/6/2024, 5:59:39 AM",3.566,55.6,100,1,2024-04-06T10:59:39.000Z
"4/6/2024, 6:04:39 AM",3.566,55.2,100,1,2024-04-06T11:04:39.000Z
"4/6/2024, 6:09:39 AM",3.566,55,100,1,2024-04-06T11:09:39.000Z
"4/6/2024, 6:14:39 AM",3.566,54.7,100,1,2024-04-06T11:14:39.000Z
"4/6/2024, 6:19:39 AM",3.566,54.5,100,1,2024-04-06T11:19:39.000Z
"4/6/2024, 6:24:39 AM",3.566,54.3,100,1,2024-04-06T11:24:39.000Z
"4/6/2024, 6:29:39 AM",3.566,54.1,100,1,2024-04-06T11:29:39.000Z
"4/6/2024, 6:34:39 AM",3.566,54.1,100,1,2024-04-06T11:34:39.000Z
"4/6/2024, 6:39:39 AM",3.566,54.1,100,2,2024-04-06T11:39:39.000Z
"4/6/2024, 6:44:39 AM",3.565,54.3,100,1,2024-04-06T11:44:39.000Z
"4/6/2024, 6:49:39 AM",3.565,54.5,100,2,2024-04-06T11:49:39.000Z
"4/6/2024, 6:54:39 AM",3.565,54.9,100,1,2024-04-06T11:54:39.000Z
"4/6/2024, 6:59:39 AM",3.566,55,100,2,2024-04-06T11:59:39.000Z
"4/6/2024, 7:04:39 AM",3.566,55.4,100,2,2024-04-06T12:04:39.000Z
"4/6/2024, 7:09:39 AM",3.565,55.6,100,2,2024-04-06T12:09:39.000Z
"4/6/2024, 7:14:39 AM",3.565,55.9,100,2,2024-04-06T12:14:39.000Z
"4/6/2024, 7:19:39 AM",3.566,56.5,100,2,2024-04-06T12:19:39.000Z
"4/6/2024, 7:24:39 AM",3.565,57,100,2,2024-04-06T12:24:39.000Z
"4/6/2024, 7:29:39 AM",3.566,57.4,100,2,2024-04-06T12:29:39.000Z
"4/6/2024, 7:34:39 AM",3.565,57.9,100,2,2024-04-06T12:34:39.000Z
"4/6/2024, 7:39:39 AM",3.565,58.3,100,2,2024-04-06T12:39:39.000Z
"4/6/2024, 7:44:39 AM",3.565,59,100,2,2024-04-06T12:44:39.000Z
"4/6/2024, 7:49:39 AM",3.565,59.4,100,1,2024-04-06T12:49:39.000Z
"4/6/2024, 7:54:39 AM",3.565,59.7,100,1,2024-04-06T12:54:39.000Z
"4/6/2024, 7:59:39 AM",3.566,60.1,100,1,2024-04-06T12:59:39.000Z
"4/6/2024, 8:04:39 AM",3.566,60.3,100,1,2024-04-06T13:04:39.000Z
"4/6/2024, 8:09:39 AM",3.566,60.6,100,1,2024-04-06T13:09:39.000Z
"4/6/2024, 8:14:39 AM",3.566,61,100,1,2024-04-06T13:14:39.000Z
"4/6/2024, 8:19:39 AM",3.566,61.5,100,1,2024-04-06T13:19:39.000Z
"4/6/2024, 8:24:39 AM",3.567,61.7,100,1,2024-04-06T13:24:39.000Z
"4/6/2024, 8:29:39 AM",3.566,62.1,100,1,2024-04-06T13:29:39.000Z
"4/6/2024, 8:34:39 AM",3.567,62.4,100,1,2024-04-06T13:34:39.000Z
"4/6/2024, 8:39:39 AM",3.567,63,100,1,2024-04-06T13:39:39.000Z
"4/6/2024, 8:44:39 AM",3.567,63.3,100,1,2024-04-06T13:44:39.000Z
"4/6/2024, 8:49:39 AM",3.567,63.9,100,1,2024-04-06T13:49:39.000Z
"4/6/2024, 8:54:39 AM",3.568,64.4,100,1,2024-04-06T13:54:39.000Z
"4/6/2024, 8:59:39 AM",3.567,64.8,100,1,2024-04-06T13:59:39.000Z
"4/6/2024, 9:04:39 AM",3.567,65.3,100,1,2024-04-06T14:04:39.000Z
"4/6/2024, 9:09:39 AM",3.567,65.8,100,1,2024-04-06T14:09:39.000Z
"4/6/2024, 9:14:39 AM",3.567,66.4,100,1,2024-04-06T14:14:39.000Z
"4/6/2024, 9:19:39 AM",3.568,66.7,100,1,2024-04-06T14:19:39.000Z
"4/6/2024, 9:24:39 AM",3.567,67.3,100,1,2024-04-06T14:24:39.000Z
"4/6/2024, 9:29:39 AM",3.567,67.8,100,1,2024-04-06T14:29:39.000Z
"4/6/2024, 9:34:39 AM",3.567,68.2,100,1,2024-04-06T14:34:39.000Z
"4/6/2024, 9:39:39 AM",3.567,68.5,100,1,2024-04-06T14:39:39.000Z
"4/6/2024, 9:44:39 AM",3.567,68.9,100,1,2024-04-06T14:44:39.000Z
"4/6/2024, 9:49:39 AM",3.568,69.4,100,1,2024-04-06T14:49:39.000Z
"4/6/2024, 9:54:39 AM",3.568,69.6,100,1,2024-04-06T14:54:39.000Z
"4/6/2024, 9:59:39 AM",3.568,69.8,100,1,2024-04-06T14:59:39.000Z
"4/6/2024, 10:04:39 AM",3.568,69.8,100,1,2024-04-06T15:04:39.000Z
"4/6/2024, 10:09:39 AM",3.568,70,100,1,2024-04-06T15:09:39.000Z
"4/6/2024, 10:14:39 AM",3.568,70.2,100,1,2024-04-06T15:14:39.000Z
"4/6/2024, 10:19:39 AM",3.568,70.5,100,1,2024-04-06T15:19:39.000Z
"4/6/2024, 10:24:39 AM",3.568,70.5,100,1,2024-04-06T15:24:39.000Z
"4/6/2024, 10:29:39 AM",3.569,70.5,100,1,2024-04-06T15:29:39.000Z
"4/6/2024, 10:34:39 AM",3.569,70.3,100,1,2024-04-06T15:34:39.000Z
"4/6/2024, 10:39:39 AM",3.569,70.2,100,1,2024-04-06T15:39:39.000Z
"4/6/2024, 10:44:39 AM",3.569,70.2,100,0,2024-04-06T15:44:39.000Z
"4/6/2024, 10:49:39 AM",3.569,70.2,100,1,2024-04-06T15:49:39.000Z
"4/6/2024, 10:54:39 AM",3.569,70.3,100,1,2024-04-06T15:54:39.000Z
"4/6/2024, 10:59:39 AM",3.569,70.3,100,1,2024-04-06T15:59:39.000Z
"4/6/2024, 11:04:39 AM",3.569,70.7,100,1,2024-04-06T16:04:39.000Z
"4/6/2024, 11:09:39 AM",3.569,71.2,100,1,2024-04-06T16:09:39.000Z
"4/6/2024, 11:14:39 AM",3.568,71.4,100,0,2024-04-06T16:14:39.000Z
"4/6/2024, 11:19:39 AM",3.569,71.8,100,0,2024-04-06T16:19:39.000Z
"4/6/2024, 11:24:39 AM",3.568,72.1,100,1,2024-04-06T16:24:39.000Z
"4/6/2024, 11:29:39 AM",3.568,72.3,100,0,2024-04-06T16:29:39.000Z
"4/6/2024, 11:34:39 AM",3.568,72.3,100,0,2024-04-06T16:34:39.000Z
"4/6/2024, 11:39:39 AM",3.568,72.1,100,0,2024-04-06T16:39:39.000Z
"4/6/2024, 11:44:39 AM",3.569,72.1,100,0,2024-04-06T16:44:39.000Z
"4/6/2024, 11:49:39 AM",3.569,72.7,100,0,2024-04-06T16:49:39.000Z
"4/6/2024, 11:54:39 AM",3.569,72.9,100,0,2024-04-06T16:54:39.000Z
"4/6/2024, 11:59:39 AM",3.569,73.2,100,0,2024-04-06T16:59:39.000Z
"4/6/2024, 12:04:39 PM",3.569,73.6,100,0,2024-04-06T17:04:39.000Z
"4/6/2024, 12:09:39 PM",3.567,74.5,100,0,2024-04-06T17:09:39.000Z
"4/6/2024, 12:14:39 PM",3.565,74.8,100,0,2024-04-06T17:14:39.000Z
"4/6/2024, 12:19:39 PM",3.564,75.2,100,0,2024-04-06T17:19:39.000Z
"4/6/2024, 12:24:39 PM",3.564,75,100,0,2024-04-06T17:24:39.000Z
"4/6/2024, 12:29:39 PM",3.565,75,100,0,2024-04-06T17:29:39.000Z
"4/6/2024, 12:34:39 PM",3.564,75,100,0,2024-04-06T17:34:39.000Z
"4/6/2024, 12:39:39 PM",3.564,74.8,100,0,2024-04-06T17:39:39.000Z
"4/6/2024, 12:44:39 PM",3.565,74.7,100,0,2024-04-06T17:44:39.000Z
"4/6/2024, 12:49:39 PM",3.565,74.5,100,0,2024-04-06T17:49:39.000Z
"4/6/2024, 12:54:39 PM",3.565,74.8,100,0,2024-04-06T17:54:39.000Z
"4/6/2024, 12:59:39 PM",3.565,75,100,0,2024-04-06T17:59:39.000Z
"4/6/2024, 1:04:39 PM",3.565,74.8,100,0,2024-04-06T18:04:39.000Z
"4/6/2024, 1:09:39 PM",3.565,74.7,100,0,2024-04-06T18:09:39.000Z
"4/6/2024, 1:14:39 PM",3.565,74.5,100,0,2024-04-06T18:14:39.000Z
"4/6/2024, 1:19:39 PM",3.565,74.5,100,0,2024-04-06T18:19:39.000Z
"4/6/2024, 1:24:39 PM",3.566,75,100,0,2024-04-06T18:24:39.000Z
"4/6/2024, 1:29:39 PM",3.566,74.8,100,0,2024-04-06T18:29:39.000Z
"4/6/2024, 1:34:39 PM",3.566,74.7,100,0,2024-04-06T18:34:39.000Z
"4/6/2024, 1:39:39 PM",3.566,74.3,100,0,2024-04-06T18:39:39.000Z
"4/6/2024, 1:44:39 PM",3.566,74.3,100,0,2024-04-06T18:44:39.000Z
"4/6/2024, 1:49:39 PM",3.566,74.8,100,0,2024-04-06T18:49:39.000Z
"4/6/2024, 1:54:39 PM",3.566,75.6,100,0,2024-04-06T18:54:39.000Z
"4/6/2024, 1:59:39 PM",3.565,75.9,100,0,2024-04-06T18:59:39.000Z
"4/6/2024, 2:04:39 PM",3.565,75.9,100,0,2024-04-06T19:04:39.000Z
"4/6/2024, 2:09:39 PM",3.565,75.7,100,0,2024-04-06T19:09:39.000Z
"4/6/2024, 2:14:39 PM",3.566,75.7,100,0,2024-04-06T19:14:39.000Z
"4/6/2024, 2:19:39 PM",3.566,76.3,100,0,2024-04-06T19:19:39.000Z
"4/6/2024, 2:24:39 PM",3.565,77.2,100,0,2024-04-06T19:24:39.000Z
"4/6/2024, 2:29:39 PM",3.566,78.1,100,0,2024-04-06T19:29:39.000Z
"4/6/2024, 2:34:39 PM",3.567,78.3,100,0,2024-04-06T19:34:39.000Z
"4/6/2024, 2:39:39 PM",3.567,77.9,100,0,2024-04-06T19:39:39.000Z
"4/6/2024, 2:44:39 PM",3.567,77.2,100,0,2024-04-06T19:44:39.000Z
"4/6/2024, 2:49:39 PM",3.567,76.3,100,0,2024-04-06T19:49:39.000Z
"4/6/2024, 2:54:39 PM",3.567,76.1,100,0,2024-04-06T19:54:39.000Z
"4/6/2024, 2:59:39 PM",3.567,76.3,100,0,2024-04-06T19:59:39.000Z
"4/6/2024, 3:04:39 PM",3.567,76.1,100,0,2024-04-06T20:04:39.000Z
"4/6/2024, 3:09:39 PM",3.567,75.7,100,0,2024-04-06T20:09:39.000Z
"4/6/2024, 3:14:39 PM",3.567,75.6,100,0,2024-04-06T20:14:39.000Z
"4/6/2024, 3:19:39 PM",3.567,75.6,100,0,2024-04-06T20:19:39.000Z
"4/6/2024, 3:24:39 PM",3.567,76.3,100,0,2024-04-06T20:24:39.000Z
"4/6/2024, 3:29:39 PM",3.567,76.3,100,0,2024-04-06T20:29:39.000Z
"4/6/2024, 3:34:39 PM",3.568,76.1,100,0,2024-04-06T20:34:39.000Z
"4/6/2024, 3:39:39 PM",3.568,75.7,100,0,2024-04-06T20:39:39.000Z
"4/6/2024, 3:44:39 PM",3.567,75.6,100,0,2024-04-06T20:44:39.000Z
"4/6/2024, 3:49:39 PM",3.568,75.2,100,0,2024-04-06T20:49:39.000Z
"4/6/2024, 3:54:39 PM",3.567,75,100,0,2024-04-06T20:54:39.000Z
"4/6/2024, 3:59:39 PM",3.568,75,100,0,2024-04-06T20:59:39.000Z
"4/6/2024, 4:04:39 PM",3.568,74.8,100,0,2024-04-06T21:04:39.000Z
"4/6/2024, 4:09:39 PM",3.568,74.7,100,0,2024-04-06T21:09:39.000Z
"4/6/2024, 4:14:39 PM",3.568,74.5,100,0,2024-04-06T21:14:39.000Z
"4/6/2024, 4:19:39 PM",3.568,74.1,100,0,2024-04-06T21:19:39.000Z
"4/6/2024, 4:24:39 PM",3.568,73.9,100,0,2024-04-06T21:24:39.000Z
"4/6/2024, 4:29:39 PM",3.568,73.6,100,0,2024-04-06T21:29:39.000Z
"4/6/2024, 4:34:39 PM",3.568,73.2,100,0,2024-04-06T21:34:39.000Z
"4/6/2024, 4:39:39 PM",3.569,73,100,0,2024-04-06T21:39:39.000Z
"4/6/2024, 4:44:39 PM",3.569,72.7,100,0,2024-04-06T21:44:39.000Z
"4/6/2024, 4:49:39 PM",3.569,72.3,100,0,2024-04-06T21:49:39.000Z
"4/6/2024, 4:54:39 PM",3.569,71.8,100,0,2024-04-06T21:54:39.000Z
"4/6/2024, 4:59:39 PM",3.568,71.6,100,0,2024-04-06T21:59:39.000Z
"4/6/2024, 5:04:39 PM",3.569,71.4,100,0,2024-04-06T22:04:39.000Z
"4/6/2024, 5:09:39 PM",3.569,71.4,100,0,2024-04-06T22:09:39.000Z
"4/6/2024, 5:14:39 PM",3.569,71.2,100,0,2024-04-06T22:14:39.000Z
"4/6/2024, 5:19:39 PM",3.568,71.2,100,0,2024-04-06T22:19:39.000Z
"4/6/2024, 5:24:39 PM",3.569,71.1,100,0,2024-04-06T22:24:39.000Z
"4/6/2024, 5:29:39 PM",3.569,70.9,100,0,2024-04-06T22:29:39.000Z
"4/6/2024, 5:34:39 PM",3.568,70.7,100,0,2024-04-06T22:34:39.000Z
"4/6/2024, 5:39:39 PM",3.569,70.3,100,0,2024-04-06T22:39:39.000Z
"4/6/2024, 5:44:39 PM",3.568,70.2,100,0,2024-04-06T22:44:39.000Z
"4/6/2024, 5:49:39 PM",3.568,70,100,0,2024-04-06T22:49:39.000Z
"4/6/2024, 5:54:39 PM",3.568,69.6,100,0,2024-04-06T22:54:39.000Z
"4/6/2024, 5:59:39 PM",3.568,69.3,100,0,2024-04-06T22:59:39.000Z
"4/6/2024, 6:04:39 PM",3.568,68.9,100,0,2024-04-06T23:04:39.000Z
"4/6/2024, 6:09:39 PM",3.569,68.4,100,0,2024-04-06T23:09:39.000Z
"4/6/2024, 6:14:39 PM",3.569,68,100,0,2024-04-06T23:14:39.000Z
"4/6/2024, 6:19:39 PM",3.568,67.8,100,1,2024-04-06T23:19:39.000Z
"4/6/2024, 6:24:39 PM",3.569,67.6,100,0,2024-04-06T23:24:39.000Z
"4/6/2024, 6:29:39 PM",3.569,67.3,100,1,2024-04-06T23:29:39.000Z
"4/6/2024, 6:34:39 PM",3.569,67.1,100,1,2024-04-06T23:34:39.000Z
"4/6/2024, 6:39:39 PM",3.569,66.7,100,1,2024-04-06T23:39:39.000Z
"4/6/2024, 6:44:39 PM",3.568,66.4,100,1,2024-04-06T23:44:39.000Z
"4/6/2024, 6:49:39 PM",3.568,66.2,100,1,2024-04-06T23:49:39.000Z
"4/6/2024, 6:54:39 PM",3.568,65.8,100,1,2024-04-06T23:54:39.000Z
"4/6/2024, 6:59:39 PM",3.568,65.7,100,1,2024-04-06T23:59:39.000Z
"4/6/2024, 7:04:39 PM",3.569,65.3,100,1,2024-04-07T00:04:39.000Z
"4/6/2024, 7:09:39 PM",3.568,65.1,100,1,2024-04-07T00:09:39.000Z
"4/6/2024, 7:14:39 PM",3.568,64.9,100,1,2024-04-07T00:14:39.000Z
"4/6/2024, 7:19:39 PM",3.569,64.8,100,1,2024-04-07T00:19:39.000Z
"4/6/2024, 7:24:39 PM",3.568,64.6,100,1,2024-04-07T00:24:39.000Z
"4/6/2024, 7:29:39 PM",3.568,64.4,100,1,2024-04-07T00:29:39.000Z
"4/6/2024, 7:34:39 PM",3.568,64.2,100,1,2024-04-07T00:34:39.000Z
"4/6/2024, 7:39:39 PM",3.568,63.9,100,1,2024-04-07T00:39:39.000Z
"4/6/2024, 7:44:39 PM",3.568,63.7,100,1,2024-04-07T00:44:39.000Z
"4/6/2024, 7:49:39 PM",3.568,63.3,100,1,2024-04-07T00:49:39.000Z
"4/6/2024, 7:54:39 PM",3.569,63,100,1,2024-04-07T00:54:39.000Z
"4/6/2024, 7:59:39 PM",3.568,62.6,100,1,2024-04-07T00:59:39.000Z
"4/6/2024, 8:04:39 PM",3.569,62.2,100,1,2024-04-07T01:04:39.000Z
"4/6/2024, 8:09:39 PM",3.568,62.1,100,1,2024-04-07T01:09:39.000Z
"4/6/2024, 8:14:39 PM",3.569,61.7,100,1,2024-04-07T01:14:39.000Z
"4/6/2024, 8:19:39 PM",3.569,61.5,100,1,2024-04-07T01:19:39.000Z
"4/6/2024, 8:24:39 PM",3.569,61.3,100,1,2024-04-07T01:24:39.000Z
"4/6/2024, 8:29:39 PM",3.569,61.2,100,1,2024-04-07T01:29:39.000Z
"4/6/2024, 8:34:39 PM",3.569,60.8,100,1,2024-04-07T01:34:39.000Z
"4/6/2024, 8:39:39 PM",3.568,60.6,100,1,2024-04-07T01:39:39.000Z
"4/6/2024, 8:44:39 PM",3.568,60.4,100,1,2024-04-07T01:44:39.000Z
"4/6/2024, 8:49:39 PM",3.568,60.3,100,1,2024-04-07T01:49:39.000Z
"4/6/2024, 8:54:39 PM",3.568,60.3,100,1,2024-04-07T01:54:39.000Z
"4/6/2024, 8:59:39 PM",3.568,60.1,100,1,2024-04-07T01:59:39.000Z
"4/6/2024, 9:04:39 PM",3.568,59.9,100,1,2024-04-07T02:04:39.000Z
"4/6/2024, 9:09:39 PM",3.568,59.9,100,1,2024-04-07T02:09:39.000Z
"4/6/2024, 9:14:39 PM",3.568,59.9,100,1,2024-04-07T02:14:39.000Z
"4/6/2024, 9:19:39 PM",3.568,59.7,100,1,2024-04-07T02:19:39.000Z
"4/6/2024, 9:24:39 PM",3.568,59.7,100,1,2024-04-07T02:24:39.000Z
"4/6/2024, 9:29:39 PM",3.568,59.5,100,1,2024-04-07T02:29:39.000Z
"4/6/2024, 9:34:39 PM",3.568,59.5,100,1,2024-04-07T02:34:39.000Z
"4/6/2024, 9:39:39 PM",3.567,59.4,100,1,2024-04-07T02:39:39.000Z
"4/6/2024, 9:44:39 PM",3.568,59.4,100,1,2024-04-07T02:44:39.000Z
"4/6/2024, 9:49:39 PM",3.568,59.2,100,1,2024-04-07T02:49:39.000Z
"4/6/2024, 9:54:39 PM",3.568,59.2,100,1,2024-04-07T02:54:39.000Z
"4/6/2024, 9:59:39 PM",3.568,59.2,100,1,2024-04-07T02:59:39.000Z
"4/6/2024, 10:04:39 PM",3.568,59,100,1,2024-04-07T03:04:39.000Z
"4/6/2024, 10:09:39 PM",3.567,59,100,1,2024-04-07T03:09:39.000Z
"4/6/2024, 10:14:39 PM",3.567,59,100,1,2024-04-07T03:14:39.000Z
"4/6/2024, 10:19:39 PM",3.568,58.8,100,1,2024-04-07T03:19:39.000Z
"4/6/2024, 10:24:39 PM",3.567,58.6,100,1,2024-04-07T03:24:39.000Z
"4/6/2024, 10:29:39 PM",3.567,58.6,100,1,2024-04-07T03:29:39.000Z
"4/6/2024, 10:34:39 PM",3.568,58.5,100,1,2024-04-07T03:34:39.000Z
"4/6/2024, 10:39:39 PM",3.567,58.5,100,1,2024-04-07T03:39:39.000Z
"4/6/2024, 10:44:39 PM",3.568,58.3,100,1,2024-04-07T03:44:39.000Z
"4/6/2024, 10:49:39 PM",3.568,58.3,100,1,2024-04-07T03:49:39.000Z
"4/6/2024, 10:54:39 PM",3.567,58.1,100,1,2024-04-07T03:54:39.000Z
"4/6/2024, 10:59:39 PM",3.568,57.9,100,1,2024-04-07T03:59:39.000Z
"4/6/2024, 11:04:39 PM",3.567,57.7,100,1,2024-04-07T04:04:39.000Z
"4/6/2024, 11:09:39 PM",3.567,57.7,100,1,2024-04-07T04:09:39.000Z
"4/6/2024, 11:14:39 PM",3.567,57.6,100,1,2024-04-07T04:14:39.000Z
"4/6/2024, 11:19:39 PM",3.567,57.4,100,1,2024-04-07T04:19:39.000Z
"4/6/2024, 11:24:39 PM",3.567,57.4,100,1,2024-04-07T04:24:39.000Z
"4/6/2024, 11:29:39 PM",3.567,57.4,100,1,2024-04-07T04:29:39.000Z
"4/6/2024, 11:34:39 PM",3.568,57.2,100,1,2024-04-07T04:34:39.000Z
"4/6/2024, 11:39:39 PM",3.567,57.2,100,1,2024-04-07T04:39:39.000Z
"4/6/2024, 11:44:39 PM",3.567,57,100,1,2024-04-07T04:44:39.000Z
"4/6/2024, 11:49:39 PM",3.567,57,100,1,2024-04-07T04:49:39.000Z
"4/6/2024, 11:54:39 PM",3.567,57,100,1,2024-04-07T04:54:39.000Z
"4/6/2024, 11:59:39 PM",3.567,57,100,1,2024-04-07T04:59:39.000Z
"4/7/2024, 12:04:39 AM",3.566,56.8,100,1,2024-04-07T05:04:39.000Z
"4/7/2024, 12:09:39 AM",3.567,56.8,100,1,2024-04-07T05:09:39.000Z
"4/7/2024, 12:14:39 AM",3.566,56.8,100,1,2024-04-07T05:14:39.000Z
"4/7/2024, 12:19:39 AM",3.566,56.8,100,1,2024-04-07T05:19:39.000Z
"4/7/2024, 12:24:39 AM",3.566,56.7,100,1,2024-04-07T05:24:39.000Z
"4/7/2024, 12:29:39 AM",3.566,56.7,100,1,2024-04-07T05:29:39.000Z
"4/7/2024, 12:34:39 AM",3.567,56.7,100,1,2024-04-07T05:34:39.000Z
"4/7/2024, 12:39:39 AM",3.566,56.7,100,1,2024-04-07T05:39:39.000Z
"4/7/2024, 12:44:39 AM",3.566,56.7,100,1,2024-04-07T05:44:39.000Z
"4/7/2024, 12:49:39 AM",3.566,56.7,100,1,2024-04-07T05:49:39.000Z
"4/7/2024, 12:54:39 AM",3.566,56.5,100,1,2024-04-07T05:54:39.000Z
"4/7/2024, 12:59:39 AM",3.566,56.5,100,1,2024-04-07T05:59:39.000Z
"4/7/2024, 1:04:39 AM",3.566,56.5,100,1,2024-04-07T06:04:39.000Z
"4/7/2024, 1:09:39 AM",3.566,56.5,100,1,2024-04-07T06:09:39.000Z
"4/7/2024, 1:14:39 AM",3.566,56.5,100,1,2024-04-07T06:14:39.000Z
"4/7/2024, 1:19:39 AM",3.566,56.5,100,1,2024-04-07T06:19:39.000Z
"4/7/2024, 1:24:39 AM",3.566,56.5,100,1,2024-04-07T06:24:39.000Z
"4/7/2024, 1:29:39 AM",3.566,56.5,100,1,2024-04-07T06:29:39.000Z
"4/7/2024, 1:34:39 AM",3.566,56.3,100,1,2024-04-07T06:34:39.000Z
"4/7/2024, 1:39:39 AM",3.566,56.3,100,1,2024-04-07T06:39:39.000Z
"4/7/2024, 1:44:39 AM",3.565,56.1,100,1,2024-04-07T06:44:39.000Z
"4/7/2024, 1:49:39 AM",3.565,56.1,100,1,2024-04-07T06:49:39.000Z
"4/7/2024, 1:54:39 AM",3.565,55.9,100,1,2024-04-07T06:54:39.000Z
"4/7/2024, 1:59:39 AM",3.565,55.9,100,1,2024-04-07T06:59:39.000Z
"4/7/2024, 2:04:39 AM",3.565,55.9,100,1,2024-04-07T07:04:39.000Z
"4/7/2024, 2:09:39 AM",3.565,55.8,100,1,2024-04-07T07:09:39.000Z
"4/7/2024, 2:14:39 AM",3.565,55.8,100,1,2024-04-07T07:14:39.000Z
"4/7/2024, 2:19:39 AM",3.565,55.8,100,1,2024-04-07T07:19:39.000Z
"4/7/2024, 2:24:39 AM",3.565,55.8,100,1,2024-04-07T07:24:39.000Z
"4/7/2024, 2:29:39 AM",3.565,55.6,100,1,2024-04-07T07:29:39.000Z
"4/7/2024, 2:34:39 AM",3.565,55.6,100,1,2024-04-07T07:34:39.000Z
"4/7/2024, 2:39:39 AM",3.565,55.6,100,1,2024-04-07T07:39:39.000Z
"4/7/2024, 2:44:39 AM",3.565,55.6,100,1,2024-04-07T07:44:39.000Z
"4/7/2024, 2:49:39 AM",3.565,55.6,100,1,2024-04-07T07:49:39.000Z
"4/7/2024, 2:54:39 AM",3.565,55.6,100,1,2024-04-07T07:54:39.000Z
"4/7/2024, 2:59:39 AM",3.565,55.6,100,1,2024-04-07T07:59:39.000Z
"4/7/2024, 3:04:39 AM",3.565,55.6,100,1,2024-04-07T08:04:39.000Z
"4/7/2024, 3:09:39 AM",3.564,55.6,100,1,2024-04-07T08:09:39.000Z
"4/7/2024, 3:14:39 AM",3.564,55.4,100,1,2024-04-07T08:14:39.000Z
"4/7/2024, 3:19:39 AM",3.565,55.4,100,1,2024-04-07T08:19:39.000Z
"4/7/2024, 3:24:39 AM",3.564,55.4,100,1,2024-04-07T08:24:39.000Z
"4/7/2024, 3:29:39 AM",3.565,55.4,100,1,2024-04-07T08:29:39.000Z
"4/7/2024, 3:34:39 AM",3.564,55.2,100,1,2024-04-07T08:34:39.000Z
"4/7/2024, 3:39:39 AM",3.564,55.2,100,1,2024-04-07T08:39:39.000Z
"4/7/2024, 3:44:39 AM",3.564,55.2,100,1,2024-04-07T08:44:39.000Z
"4/7/2024, 3:49:39 AM",3.565,55.2,100,1,2024-04-07T08:49:39.000Z
"4/7/2024, 3:54:39 AM",3.564,55,100,1,2024-04-07T08:54:39.000Z
"4/7/2024, 3:59:39 AM",3.564,55,100,1,2024-04-07T08:59:39.000Z
"4/7/2024, 4:04:39 AM",3.565,55,100,1,2024-04-07T09:04:39.000Z
"4/7/2024, 4:09:39 AM",3.564,55,100,1,2024-04-07T09:09:39.000Z
"4/7/2024, 4:14:39 AM",3.564,54.9,100,1,2024-04-07T09:14:39.000Z
"4/7/2024, 4:19:39 AM",3.564,54.9,100,1,2024-04-07T09:19:39.000Z
"4/7/2024, 4:24:39 AM",3.564,54.9,100,1,2024-04-07T09:24:39.000Z
"4/7/2024, 4:29:39 AM",3.564,54.9,100,1,2024-04-07T09:29:39.000Z
"4/7/2024, 4:34:39 AM",3.564,54.9,100,1,2024-04-07T09:34:39.000Z
"4/7/2024, 4:39:39 AM",3.564,54.9,100,1,2024-04-07T09:39:39.000Z
"4/7/2024, 4:44:39 AM",3.564,54.9,100,1,2024-04-07T09:44:39.000Z
"4/7/2024, 4:49:39 AM",3.564,54.9,100,1,2024-04-07T09:49:39.000Z
"4/7/2024, 4:54:39 AM",3.564,54.7,100,1,2024-04-07T09:54:39.000Z
"4/7/2024, 4:59:39 AM",3.564,54.7,100,1,2024-04-07T09:59:39.000Z
"4/7/2024, 5:04:39 AM",3.564,54.7,100,1,2024-04-07T10:04:39.000Z
"4/7/2024, 5:09:39 AM",3.564,54.7,100,1,2024-04-07T10:09:39.000Z
"4/7/2024, 5:14:39 AM",3.564,54.7,100,1,2024-04-07T10:14:39.000Z
"4/7/2024, 5:19:39 AM",3.564,54.7,100,1,2024-04-07T10:19:39.000Z
"4/7/2024, 5:24:39 AM",3.564,54.7,100,1,2024-04-07T10:24:39.000Z
"4/7/2024, 5:29:39 AM",3.564,54.7,100,1,2024-04-07T10:29:39.000Z
"4/7/2024, 5:34:39 AM",3.564,54.7,100,1,2024-04-07T10:34:39.000Z
"4/7/2024, 5:39:39 AM",3.564,54.7,100,1,2024-04-07T10:39:39.000Z
"4/7/2024, 5:44:39 AM",3.563,54.7,100,1,2024-04-07T10:44:39.000Z
"4/7/2024, 5:49:39 AM",3.563,54.7,100,1,2024-04-07T10:49:39.000Z
"4/7/2024, 5:54:39 AM",3.563,54.7,100,1,2024-04-07T10:54:39.000Z
"4/7/2024, 5:59:39 AM",3.563,54.7,100,1,2024-04-07T10:59:39.000Z
"4/7/2024, 6:04:39 AM",3.563,54.7,100,1,2024-04-07T11:04:39.000Z
"4/7/2024, 6:09:39 AM",3.563,54.9,100,1,2024-04-07T11:09:39.000Z
"4/7/2024, 6:14:39 AM",3.563,55,100,1,2024-04-07T11:14:39.000Z
"4/7/2024, 6:19:39 AM",3.563,55.2,100,1,2024-04-07T11:19:39.000Z
"4/7/2024, 6:24:39 AM",3.563,55.2,100,1,2024-04-07T11:24:39.000Z
"4/7/2024, 6:29:39 AM",3.563,55.4,100,1,2024-04-07T11:29:39.000Z
"4/7/2024, 6:34:39 AM",3.563,55.6,100,1,2024-04-07T11:34:39.000Z
"4/7/2024, 6:39:39 AM",3.563,55.8,100,1,2024-04-07T11:39:39.000Z
"4/7/2024, 6:44:39 AM",3.563,55.9,100,1,2024-04-07T11:44:39.000Z
"4/7/2024, 6:49:39 AM",3.563,56.1,100,1,2024-04-07T11:49:39.000Z
"4/7/2024, 6:54:39 AM",3.563,56.5,100,1,2024-04-07T11:54:39.000Z
"4/7/2024, 6:59:39 AM",3.563,56.8,100,1,2024-04-07T11:59:39.000Z
"4/7/2024, 7:04:39 AM",3.563,57.2,100,1,2024-04-07T12:04:39.000Z
"4/7/2024, 7:09:39 AM",3.563,57.6,100,1,2024-04-07T12:09:39.000Z
"4/7/2024, 7:14:39 AM",3.563,58.1,100,1,2024-04-07T12:14:39.000Z
"4/7/2024, 7:19:39 AM",3.563,58.6,100,1,2024-04-07T12:19:39.000Z
"4/7/2024, 7:24:39 AM",3.563,59.4,100,1,2024-04-07T12:24:39.000Z
"4/7/2024, 7:29:39 AM",3.563,60.1,100,1,2024-04-07T12:29:39.000Z
"4/7/2024, 7:34:39 AM",3.564,60.6,100,1,2024-04-07T12:34:39.000Z
"4/7/2024, 7:39:39 AM",3.563,61.2,100,1,2024-04-07T12:39:39.000Z
"4/7/2024, 7:44:39 AM",3.563,61.5,100,1,2024-04-07T12:44:39.000Z
"4/7/2024, 7:49:39 AM",3.564,62.1,100,1,2024-04-07T12:49:39.000Z
"4/7/2024, 7:54:39 AM",3.564,62.6,100,1,2024-04-07T12:54:39.000Z
"4/7/2024, 7:59:39 AM",3.564,63,100,1,2024-04-07T12:59:39.000Z
"4/7/2024, 8:04:39 AM",3.564,63.5,100,1,2024-04-07T13:04:39.000Z
"4/7/2024, 8:09:39 AM",3.564,64,100,1,2024-04-07T13:09:39.000Z
"4/7/2024, 8:14:39 AM",3.564,64.8,100,1,2024-04-07T13:14:39.000Z
"4/7/2024, 8:19:39 AM",3.564,65.3,100,1,2024-04-07T13:19:39.000Z
"4/7/2024, 8:24:39 AM",3.565,65.8,100,1,2024-04-07T13:24:39.000Z
"4/7/2024, 8:29:39 AM",3.565,66.4,100,1,2024-04-07T13:29:39.000Z
"4/7/2024, 8:34:39 AM",3.565,66.9,100,1,2024-04-07T13:34:39.000Z
"4/7/2024, 8:39:39 AM",3.565,67.3,100,0,2024-04-07T13:39:39.000Z
"4/7/2024, 8:44:39 AM",3.565,67.5,100,1,2024-04-07T13:44:39.000Z
"4/7/2024, 8:49:39 AM",3.565,67.6,100,1,2024-04-07T13:49:39.000Z
"4/7/2024, 8:54:39 AM",3.565,67.8,100,0,2024-04-07T13:54:39.000Z
"4/7/2024, 8:59:39 AM",3.565,68.2,100,0,2024-04-07T13:59:39.000Z
"4/7/2024, 9:04:39 AM",3.565,68.4,100,0,2024-04-07T14:04:39.000Z
"4/7/2024, 9:09:39 AM",3.565,68.9,100,0,2024-04-07T14:09:39.000Z
"4/7/2024, 9:14:39 AM",3.566,69.3,100,1,2024-04-07T14:14:39.000Z
"4/7/2024, 9:19:39 AM",3.565,69.8,100,1,2024-04-07T14:19:39.000Z
"4/7/2024, 9:24:39 AM",3.565,70.2,100,1,2024-04-07T14:24:39.000Z
"4/7/2024, 9:29:39 AM",3.564,70.5,100,0,2024-04-07T14:29:39.000Z
"4/7/2024, 9:34:39 AM",3.564,70.9,100,0,2024-04-07T14:34:39.000Z
"4/7/2024, 9:39:39 AM",3.564,71.2,100,0,2024-04-07T14:39:39.000Z
"4/7/2024, 9:44:39 AM",3.564,71.8,100,0,2024-04-07T14:44:39.000Z
"4/7/2024, 9:49:39 AM",3.564,72.1,100,0,2024-04-07T14:49:39.000Z
"4/7/2024, 9:54:39 AM",3.564,72.3,100,0,2024-04-07T14:54:39.000Z
"4/7/2024, 9:59:39 AM",3.564,72.7,100,0,2024-04-07T14:59:39.000Z
"4/7/2024, 10:04:39 AM",3.564,73,100,0,2024-04-07T15:04:39.000Z
"4/7/2024, 10:09:39 AM",3.565,73.6,100,0,2024-04-07T15:09:39.000Z
"4/7/2024, 10:14:39 AM",3.565,73.9,100,0,2024-04-07T15:14:39.000Z
"4/7/2024, 10:19:39 AM",3.564,74.3,100,0,2024-04-07T15:19:39.000Z
"4/7/2024, 10:24:39 AM",3.565,74.8,100,0,2024-04-07T15:24:39.000Z
"4/7/2024, 10:29:39 AM",3.565,75,100,0,2024-04-07T15:29:39.000Z
"4/7/2024, 10:34:39 AM",3.565,75.2,100,0,2024-04-07T15:34:39.000Z
"4/7/2024, 10:39:39 AM",3.565,75.4,100,0,2024-04-07T15:39:39.000Z
"4/7/2024, 10:44:39 AM",3.565,75.6,100,0,2024-04-07T15:44:39.000Z
"4/7/2024, 10:49:39 AM",3.565,75.7,100,0,2024-04-07T15:49:39.000Z
"4/7/2024, 10:54:39 AM",3.566,75.9,100,0,2024-04-07T15:54:39.000Z
"4/7/2024, 10:59:39 AM",3.566,76.3,100,0,2024-04-07T15:59:39.000Z
"4/7/2024, 11:04:39 AM",3.566,76.5,100,0,2024-04-07T16:04:39.000Z
"4/7/2024, 11:09:39 AM",3.565,76.6,100,0,2024-04-07T16:09:39.000Z
"4/7/2024, 11:14:39 AM",3.566,76.6,100,0,2024-04-07T16:14:39.000Z
"4/7/2024, 11:19:39 AM",3.566,76.6,100,0,2024-04-07T16:19:39.000Z
"4/7/2024, 11:24:39 AM",3.565,77,100,0,2024-04-07T16:24:39.000Z
"4/7/2024, 11:29:39 AM",3.565,77.2,100,0,2024-04-07T16:29:39.000Z
"4/7/2024, 11:34:39 AM",3.566,77.4,100,0,2024-04-07T16:34:39.000Z
"4/7/2024, 11:39:39 AM",3.566,77.7,100,0,2024-04-07T16:39:39.000Z
"4/7/2024, 11:44:39 AM",3.565,77.9,100,0,2024-04-07T16:44:39.000Z
"4/7/2024, 11:49:39 AM",3.566,77.9,100,0,2024-04-07T16:49:39.000Z
"4/7/2024, 11:54:39 AM",3.565,77.9,100,0,2024-04-07T16:54:39.000Z
"4/7/2024, 11:59:39 AM",3.566,78.3,100,0,2024-04-07T16:59:39.000Z
"4/7/2024, 12:04:39 PM",3.566,78.4,100,0,2024-04-07T17:04:39.000Z
"4/7/2024, 12:09:39 PM",3.565,78.6,100,0,2024-04-07T17:09:39.000Z
"4/7/2024, 12:14:39 PM",3.566,79,100,0,2024-04-07T17:14:39.000Z
"4/7/2024, 12:19:39 PM",3.566,79,100,0,2024-04-07T17:19:39.000Z
"4/7/2024, 12:24:39 PM",3.566,79.3,100,0,2024-04-07T17:24:39.000Z
"4/7/2024, 12:29:39 PM",3.566,79.5,100,0,2024-04-07T17:29:39.000Z
"4/7/2024, 12:34:39 PM",3.566,79.7,100,0,2024-04-07T17:34:39.000Z
"4/7/2024, 12:39:39 PM",3.566,79.9,100,0,2024-04-07T17:39:39.000Z
"4/7/2024, 12:44:39 PM",3.567,80.1,100,0,2024-04-07T17:44:39.000Z
"4/7/2024, 12:49:39 PM",3.567,80.2,100,0,2024-04-07T17:49:39.000Z
"4/7/2024, 12:54:39 PM",3.567,80.6,100,0,2024-04-07T17:54:39.000Z
"4/7/2024, 12:59:39 PM",3.567,80.8,100,0,2024-04-07T17:59:39.000Z
"4/7/2024, 1:04:39 PM",3.568,81.1,100,0,2024-04-07T18:04:39.000Z
"4/7/2024, 1:09:39 PM",3.568,81.3,100,0,2024-04-07T18:09:39.000Z
"4/7/2024, 1:14:39 PM",3.568,81.5,100,0,2024-04-07T18:14:39.000Z
"4/7/2024, 1:19:39 PM",3.567,81.9,100,0,2024-04-07T18:19:39.000Z
"4/7/2024, 1:24:39 PM",3.567,82.2,100,0,2024-04-07T18:24:39.000Z
"4/7/2024, 1:29:39 PM",3.566,82.6,100,0,2024-04-07T18:29:39.000Z
"4/7/2024, 1:34:39 PM",3.566,82.9,100,0,2024-04-07T18:34:39.000Z
"4/7/2024, 1:39:39 PM",3.566,83.3,100,0,2024-04-07T18:39:39.000Z
"4/7/2024, 1:44:39 PM",3.565,83.7,100,0,2024-04-07T18:44:39.000Z
"4/7/2024, 1:49:39 PM",3.565,83.8,100,0,2024-04-07T18:49:39.000Z
"4/7/2024, 1:54:39 PM",3.565,83.8,100,0,2024-04-07T18:54:39.000Z
"4/7/2024, 1:59:39 PM",3.565,84.2,100,0,2024-04-07T18:59:39.000Z
"4/7/2024, 2:04:39 PM",3.565,84.4,100,0,2024-04-07T19:04:39.000Z
"4/7/2024, 2:09:39 PM",3.564,84.7,100,0,2024-04-07T19:09:39.000Z
"4/7/2024, 2:14:39 PM",3.565,84.6,100,0,2024-04-07T19:14:39.000Z
"4/7/2024, 2:19:39 PM",3.565,84.2,100,0,2024-04-07T19:19:39.000Z
"4/7/2024, 2:24:39 PM",3.565,83.7,100,0,2024-04-07T19:24:39.000Z
"4/7/2024, 2:29:39 PM",3.565,83.3,100,0,2024-04-07T19:29:39.000Z
"4/7/2024, 2:34:39 PM",3.565,82.9,100,0,2024-04-07T19:34:39.000Z
"4/7/2024, 2:39:39 PM",3.566,82.4,100,0,2024-04-07T19:39:39.000Z
"4/7/2024, 2:44:39 PM",3.566,82.2,100,0,2024-04-07T19:44:39.000Z
"4/7/2024, 2:49:39 PM",3.566,81.9,100,0,2024-04-07T19:49:39.000Z
"4/7/2024, 2:54:39 PM",3.566,81.9,100,0,2024-04-07T19:54:39.000Z
"4/7/2024, 2:59:39 PM",3.566,81.5,100,0,2024-04-07T19:59:39.000Z
"4/7/2024, 3:04:39 PM",3.566,81.5,100,0,2024-04-07T20:04:39.000Z
"4/7/2024, 3:09:39 PM",3.566,81.7,100,0,2024-04-07T20:09:39.000Z
"4/7/2024, 3:14:39 PM",3.566,81.9,100,0,2024-04-07T20:14:39.000Z
"4/7/2024, 3:19:39 PM",3.566,82.6,100,0,2024-04-07T20:19:39.000Z
"4/7/2024, 3:24:39 PM",3.566,83.3,100,0,2024-04-07T20:24:39.000Z
"4/7/2024, 3:29:39 PM",3.566,83.7,100,0,2024-04-07T20:29:39.000Z
"4/7/2024, 3:34:39 PM",3.566,83.5,100,0,2024-04-07T20:34:39.000Z
"4/7/2024, 3:39:39 PM",3.566,83.1,100,0,2024-04-07T20:39:39.000Z
"4/7/2024, 3:44:39 PM",3.566,82.9,100,0,2024-04-07T20:44:39.000Z
"4/7/2024, 3:49:39 PM",3.567,82.6,100,0,2024-04-07T20:49:39.000Z
"4/7/2024, 3:54:39 PM",3.567,82.4,100,0,2024-04-07T20:54:39.000Z
"4/7/2024, 3:59:39 PM",3.567,82.4,100,0,2024-04-07T20:59:39.000Z
"4/7/2024, 4:04:39 PM",3.566,82.9,100,0,2024-04-07T21:04:39.000Z
"4/7/2024, 4:09:39 PM",3.567,83.5,100,0,2024-04-07T21:09:39.000Z
"4/7/2024, 4:14:39 PM",3.567,83.5,100,0,2024-04-07T21:14:39.000Z
"4/7/2024, 4:19:39 PM",3.566,83.5,100,0,2024-04-07T21:19:39.000Z
"4/7/2024, 4:24:39 PM",3.566,83.3,100,0,2024-04-07T21:24:39.000Z
"4/7/2024, 4:29:39 PM",3.567,83.1,100,0,2024-04-07T21:29:39.000Z
"4/7/2024, 4:34:39 PM",3.567,83.3,100,0,2024-04-07T21:34:39.000Z
"4/7/2024, 4:39:39 PM",3.567,83.1,100,0,2024-04-07T21:39:39.000Z
"4/7/2024, 4:44:39 PM",3.567,82.8,100,0,2024-04-07T21:44:39.000Z
"4/7/2024, 4:49:39 PM",3.567,82.4,100,0,2024-04-07T21:49:39.000Z
"4/7/2024, 4:54:39 PM",3.567,82,100,0,2024-04-07T21:54:39.000Z
"4/7/2024, 4:59:39 PM",3.567,82,100,0,2024-04-07T21:59:39.000Z
"4/7/2024, 5:04:39 PM",3.567,82.4,100,0,2024-04-07T22:04:39.000Z
"4/7/2024, 5:09:39 PM",3.567,82.4,100,0,2024-04-07T22:09:39.000Z
"4/7/2024, 5:14:39 PM",3.567,82.2,100,0,2024-04-07T22:14:39.000Z
"4/7/2024, 5:19:39 PM",3.567,81.5,100,0,2024-04-07T22:19:39.000Z
"4/7/2024, 5:24:39 PM",3.567,81,100,0,2024-04-07T22:24:39.000Z
"4/7/2024, 5:29:39 PM",3.568,80.2,100,0,2024-04-07T22:29:39.000Z
"4/7/2024, 5:34:39 PM",3.568,79.5,100,0,2024-04-07T22:34:39.000Z
"4/7/2024, 5:39:39 PM",3.568,78.6,100,0,2024-04-07T22:39:39.000Z
"4/7/2024, 5:44:39 PM",3.569,77.9,100,0,2024-04-07T22:44:39.000Z
"4/7/2024, 5:49:39 PM",3.568,77.4,100,0,2024-04-07T22:49:39.000Z
"4/7/2024, 5:54:39 PM",3.569,76.8,100,0,2024-04-07T22:54:39.000Z
"4/7/2024, 5:59:39 PM",3.569,76.3,100,0,2024-04-07T22:59:39.000Z
"4/7/2024, 6:04:39 PM",3.569,75.7,100,0,2024-04-07T23:04:39.000Z
"4/7/2024, 6:09:39 PM",3.569,75,100,0,2024-04-07T23:09:39.000Z
"4/7/2024, 6:14:39 PM",3.569,74.5,100,0,2024-04-07T23:14:39.000Z
"4/7/2024, 6:19:39 PM",3.569,73.9,100,0,2024-04-07T23:19:39.000Z
"4/7/2024, 6:24:39 PM",3.569,73.6,100,0,2024-04-07T23:24:39.000Z
"4/7/2024, 6:29:39 PM",3.569,73,100,0,2024-04-07T23:29:39.000Z
"4/7/2024, 6:34:39 PM",3.57,72.7,100,0,2024-04-07T23:34:39.000Z
"4/7/2024, 6:39:39 PM",3.57,72.3,100,0,2024-04-07T23:39:39.000Z
"4/7/2024, 6:44:39 PM",3.57,72,100,0,2024-04-07T23:44:39.000Z
"4/7/2024, 6:49:39 PM",3.57,71.8,100,0,2024-04-07T23:49:39.000Z
"4/7/2024, 6:54:39 PM",3.57,71.4,100,0,2024-04-07T23:54:39.000Z
"4/7/2024, 6:59:39 PM",3.57,71.1,100,0,2024-04-07T23:59:39.000Z
"4/7/2024, 7:04:39 PM",3.569,70.9,100,0,2024-04-08T00:04:39.000Z
"4/7/2024, 7:09:39 PM",3.569,70.5,100,0,2024-04-08T00:09:39.000Z
"4/7/2024, 7:14:39 PM",3.57,70.3,100,0,2024-04-08T00:14:39.000Z
"4/7/2024, 7:19:39 PM",3.57,70.2,100,1,2024-04-08T00:19:39.000Z
"4/7/2024, 7:24:39 PM",3.57,70,100,0,2024-04-08T00:24:39.000Z
"4/7/2024, 7:29:39 PM",3.57,69.8,100,0,2024-04-08T00:29:39.000Z
"4/7/2024, 7:34:39 PM",3.57,69.6,100,0,2024-04-08T00:34:39.000Z
"4/7/2024, 7:39:39 PM",3.57,69.4,100,0,2024-04-08T00:39:39.000Z
"4/7/2024, 7:44:39 PM",3.57,69.3,100,0,2024-04-08T00:44:39.000Z
"4/7/2024, 7:49:39 PM",3.57,69.1,100,0,2024-04-08T00:49:39.000Z
"4/7/2024, 7:54:39 PM",3.57,69.1,100,0,2024-04-08T00:54:39.000Z
"4/7/2024, 7:59:39 PM",3.569,69.1,100,1,2024-04-08T00:59:39.000Z
"4/7/2024, 8:04:39 PM",3.569,69.1,100,1,2024-04-08T01:04:39.000Z
"4/7/2024, 8:09:39 PM",3.569,69.1,100,1,2024-04-08T01:09:39.000Z
"4/7/2024, 8:14:39 PM",3.569,68.9,100,1,2024-04-08T01:14:39.000Z
"4/7/2024, 8:19:39 PM",3.57,68.7,100,1,2024-04-08T01:19:39.000Z
"4/7/2024, 8:24:39 PM",3.569,68.4,100,1,2024-04-08T01:24:39.000Z
"4/7/2024, 8:29:39 PM",3.569,68.4,100,1,2024-04-08T01:29:39.000Z
"4/7/2024, 8:34:39 PM",3.57,68.2,100,1,2024-04-08T01:34:39.000Z
"4/7/2024, 8:39:39 PM",3.569,68.2,100,1,2024-04-08T01:39:39.000Z
"4/7/2024, 8:44:39 PM",3.569,68.2,100,1,2024-04-08T01:44:39.000Z
"4/7/2024, 8:49:39 PM",3.569,68.2,100,1,2024-04-08T01:49:39.000Z
"4/7/2024, 8:54:39 PM",3.569,68.2,100,1,2024-04-08T01:54:39.000Z
"4/7/2024, 8:59:39 PM",3.569,68,100,1,2024-04-08T01:59:39.000Z
"4/7/2024, 9:04:39 PM",3.569,68,100,1,2024-04-08T02:04:39.000Z
"4/7/2024, 9:09:39 PM",3.569,67.8,100,1,2024-04-08T02:09:39.000Z
"4/7/2024, 9:14:39 PM",3.569,67.8,100,1,2024-04-08T02:14:39.000Z
"4/7/2024, 9:19:39 PM",3.569,67.6,100,0,2024-04-08T02:19:39.000Z
"4/7/2024, 9:24:39 PM",3.569,67.5,100,0,2024-04-08T02:24:39.000Z
"4/7/2024, 9:29:39 PM",3.569,67.1,100,1,2024-04-08T02:29:39.000Z
"4/7/2024, 9:34:39 PM",3.569,66.9,100,0,2024-04-08T02:34:39.000Z
"4/7/2024, 9:39:39 PM",3.569,66.7,100,0,2024-04-08T02:39:39.000Z
"4/7/2024, 9:44:39 PM",3.569,66.7,100,0,2024-04-08T02:44:39.000Z
"4/7/2024, 9:49:39 PM",3.569,66.7,100,1,2024-04-08T02:49:39.000Z
"4/7/2024, 9:54:39 PM",3.569,66.7,100,1,2024-04-08T02:54:39.000Z
"4/7/2024, 9:59:39 PM",3.569,66.7,100,0,2024-04-08T02:59:39.000Z
"4/7/2024, 10:04:39 PM",3.569,66.9,100,1,2024-04-08T03:04:39.000Z
"4/7/2024, 10:09:39 PM",3.569,66.9,100,1,2024-04-08T03:09:39.000Z
"4/7/2024, 10:14:39 PM",3.569,67.1,100,1,2024-04-08T03:14:39.000Z
"4/7/2024, 10:19:39 PM",3.569,67.1,100,1,2024-04-08T03:19:39.000Z
"4/7/2024, 10:24:39 PM",3.569,67.1,100,1,2024-04-08T03:24:39.000Z
"4/7/2024, 10:29:39 PM",3.569,67.1,100,1,2024-04-08T03:29:39.000Z
"4/7/2024, 10:34:39 PM",3.569,67.1,100,1,2024-04-08T03:34:39.000Z
"4/7/2024, 10:39:39 PM",3.569,67.3,100,1,2024-04-08T03:39:39.000Z
"4/7/2024, 10:44:39 PM",3.569,67.3,100,1,2024-04-08T03:44:39.000Z
"4/7/2024, 10:49:39 PM",3.569,67.3,100,1,2024-04-08T03:49:39.000Z
"4/7/2024, 10:54:39 PM",3.569,67.3,100,1,2024-04-08T03:54:39.000Z
"4/7/2024, 10:59:39 PM",3.569,67.3,100,1,2024-04-08T03:59:39.000Z
"4/7/2024, 11:04:39 PM",3.569,67.5,100,1,2024-04-08T04:04:39.000Z
"4/7/2024, 11:09:39 PM",3.569,67.5,100,1,2024-04-08T04:09:39.000Z
"4/7/2024, 11:14:39 PM",3.569,67.5,100,1,2024-04-08T04:14:39.000Z
"4/7/2024, 11:19:39 PM",3.569,67.5,100,1,2024-04-08T04:19:39.000Z
"4/7/2024, 11:24:39 PM",3.569,67.3,100,1,2024-04-08T04:24:39.000Z
"4/7/2024, 11:29:39 PM",3.568,67.1,100,1,2024-04-08T04:29:39.000Z
"4/7/2024, 11:34:39 PM",3.569,66.9,100,1,2024-04-08T04:34:39.000Z
"4/7/2024, 11:39:39 PM",3.569,66.6,100,1,2024-04-08T04:39:39.000Z
"4/7/2024, 11:44:39 PM",3.569,66.4,100,1,2024-04-08T04:44:39.000Z
"4/7/2024, 11:49:39 PM",3.569,66.2,100,1,2024-04-08T04:49:39.000Z
"4/7/2024, 11:54:39 PM",3.569,66,100,1,2024-04-08T04:54:39.000Z
"4/7/2024, 11:59:39 PM",3.569,65.8,100,1,2024-04-08T04:59:39.000Z
"4/8/2024, 12:04:39 AM",3.569,65.7,100,1,2024-04-08T05:04:39.000Z
"4/8/2024, 12:09:39 AM",3.569,65.7,100,1,2024-04-08T05:09:39.000Z
"4/8/2024, 12:14:39 AM",3.569,65.7,100,1,2024-04-08T05:14:39.000Z
"4/8/2024, 12:19:39 AM",3.569,65.5,100,1,2024-04-08T05:19:39.000Z
"4/8/2024, 12:24:39 AM",3.569,65.5,100,1,2024-04-08T05:24:39.000Z
"4/8/2024, 12:29:39 AM",3.569,65.5,100,1,2024-04-08T05:29:39.000Z
"4/8/2024, 12:34:39 AM",3.568,65.3,100,1,2024-04-08T05:34:39.000Z
"4/8/2024, 12:39:39 AM",3.569,65.3,100,1,2024-04-08T05:39:39.000Z
"4/8/2024, 12:44:39 AM",3.569,65.1,100,1,2024-04-08T05:44:39.000Z
"4/8/2024, 12:49:39 AM",3.569,65.1,100,1,2024-04-08T05:49:39.000Z
"4/8/2024, 12:54:39 AM",3.569,64.9,100,1,2024-04-08T05:54:39.000Z
"4/8/2024, 12:59:39 AM",3.569,64.8,100,1,2024-04-08T05:59:39.000Z
"4/8/2024, 1:04:39 AM",3.568,64.8,100,1,2024-04-08T06:04:39.000Z
"4/8/2024, 1:09:39 AM",3.568,64.8,100,1,2024-04-08T06:09:39.000Z
"4/8/2024, 1:14:39 AM",3.568,64.6,100,1,2024-04-08T06:14:39.000Z
"4/8/2024, 1:19:39 AM",3.568,64.6,100,1,2024-04-08T06:19:39.000Z
"4/8/2024, 1:24:39 AM",3.569,64.6,100,1,2024-04-08T06:24:39.000Z
"4/8/2024, 1:29:39 AM",3.568,64.8,100,1,2024-04-08T06:29:39.000Z
"4/8/2024, 1:34:39 AM",3.569,64.9,100,1,2024-04-08T06:34:39.000Z
"4/8/2024, 1:39:39 AM",3.568,64.9,100,1,2024-04-08T06:39:39.000Z
"4/8/2024, 1:44:39 AM",3.569,65.1,100,1,2024-04-08T06:44:39.000Z
"4/8/2024, 1:49:39 AM",3.568,65.1,100,1,2024-04-08T06:49:39.000Z
"4/8/2024, 1:54:39 AM",3.568,65.1,100,1,2024-04-08T06:54:39.000Z
"4/8/2024, 1:59:39 AM",3.568,65.3,100,1,2024-04-08T06:59:39.000Z
"4/8/2024, 2:04:39 AM",3.568,65.3,100,1,2024-04-08T07:04:39.000Z
"4/8/2024, 2:09:39 AM",3.568,65.3,100,1,2024-04-08T07:09:39.000Z
"4/8/2024, 2:14:39 AM",3.568,65.3,100,1,2024-04-08T07:14:39.000Z
"4/8/2024, 2:19:39 AM",3.568,65.3,100,1,2024-04-08T07:19:39.000Z
"4/8/2024, 2:24:39 AM",3.568,65.1,100,0,2024-04-08T07:24:39.000Z
"4/8/2024, 2:29:39 AM",3.568,64.9,100,0,2024-04-08T07:29:39.000Z
"4/8/2024, 2:34:39 AM",3.568,64.8,100,0,2024-04-08T07:34:39.000Z
"4/8/2024, 2:39:39 AM",3.568,64.8,100,1,2024-04-08T07:39:39.000Z
"4/8/2024, 2:44:39 AM",3.568,64.8,100,1,2024-04-08T07:44:39.000Z
"4/8/2024, 2:49:39 AM",3.568,64.9,100,1,2024-04-08T07:49:39.000Z
"4/8/2024, 2:54:39 AM",3.568,65.1,100,1,2024-04-08T07:54:39.000Z
"4/8/2024, 2:59:39 AM",3.568,65.3,100,1,2024-04-08T07:59:39.000Z
"4/8/2024, 3:04:39 AM",3.568,65.5,100,1,2024-04-08T08:04:39.000Z
"4/8/2024, 3:09:39 AM",3.568,65.5,100,1,2024-04-08T08:09:39.000Z
"4/8/2024, 3:14:39 AM",3.568,65.3,100,1,2024-04-08T08:14:39.000Z
"4/8/2024, 3:19:39 AM",3.568,65.1,100,1,2024-04-08T08:19:39.000Z
"4/8/2024, 3:24:39 AM",3.567,65.1,100,1,2024-04-08T08:24:39.000Z
"4/8/2024, 3:29:39 AM",3.568,64.9,100,1,2024-04-08T08:29:39.000Z
"4/8/2024, 3:34:39 AM",3.568,64.9,100,1,2024-04-08T08:34:39.000Z
"4/8/2024, 3:39:39 AM",3.568,64.8,100,1,2024-04-08T08:39:39.000Z
"4/8/2024, 3:44:39 AM",3.568,64.6,100,1,2024-04-08T08:44:39.000Z
"4/8/2024, 3:49:39 AM",3.568,64.4,100,1,2024-04-08T08:49:39.000Z
"4/8/2024, 3:54:39 AM",3.568,64.2,100,1,2024-04-08T08:54:39.000Z
"4/8/2024, 3:59:39 AM",3.568,64,100,1,2024-04-08T08:59:39.000Z
"4/8/2024, 4:04:39 AM",3.568,63.9,100,1,2024-04-08T09:04:39.000Z
"4/8/2024, 4:09:39 AM",3.568,63.9,100,1,2024-04-08T09:09:39.000Z
"4/8/2024, 4:14:39 AM",3.568,63.7,100,1,2024-04-08T09:14:39.000Z
"4/8/2024, 4:19:39 AM",3.568,63.7,100,1,2024-04-08T09:19:39.000Z
"4/8/2024, 4:24:39 AM",3.568,63.7,100,1,2024-04-08T09:24:39.000Z
"4/8/2024, 4:29:39 AM",3.568,63.7,100,1,2024-04-08T09:29:39.000Z
"4/8/2024, 4:34:39 AM",3.568,63.9,100,1,2024-04-08T09:34:39.000Z
"4/8/2024, 4:39:39 AM",3.568,63.9,100,1,2024-04-08T09:39:39.000Z
"4/8/2024, 4:44:39 AM",3.568,63.9,100,1,2024-04-08T09:44:39.000Z
"4/8/2024, 4:49:39 AM",3.568,63.9,100,1,2024-04-08T09:49:39.000Z
"4/8/2024, 4:54:39 AM",3.568,63.7,100,1,2024-04-08T09:54:39.000Z
"4/8/2024, 4:59:39 AM",3.568,63.7,100,1,2024-04-08T09:59:39.000Z
"4/8/2024, 5:04:39 AM",3.568,63.5,100,1,2024-04-08T10:04:39.000Z
"4/8/2024, 5:09:39 AM",3.568,63.5,100,1,2024-04-08T10:09:39.000Z
"4/8/2024, 5:14:39 AM",3.568,63.5,100,1,2024-04-08T10:14:39.000Z
"4/8/2024, 5:19:39 AM",3.568,63.5,100,1,2024-04-08T10:19:39.000Z
"4/8/2024, 5:24:39 AM",3.568,63.5,100,1,2024-04-08T10:24:39.000Z
"4/8/2024, 5:29:39 AM",3.568,63.5,100,1,2024-04-08T10:29:39.000Z
"4/8/2024, 5:34:39 AM",3.568,63.5,100,1,2024-04-08T10:34:39.000Z
"4/8/2024, 5:39:39 AM",3.568,63.3,100,1,2024-04-08T10:39:39.000Z
"4/8/2024, 5:44:39 AM",3.568,63.1,100,1,2024-04-08T10:44:39.000Z
"4/8/2024, 5:49:39 AM",3.568,63.1,100,1,2024-04-08T10:49:39.000Z
"4/8/2024, 5:54:39 AM",3.568,63,100,1,2024-04-08T10:54:39.000Z
"4/8/2024, 5:59:39 AM",3.568,62.8,100,1,2024-04-08T10:59:39.000Z
"4/8/2024, 6:04:39 AM",3.567,62.6,100,1,2024-04-08T11:04:39.000Z
"4/8/2024, 6:09:39 AM",3.568,62.6,100,1,2024-04-08T11:09:39.000Z
"4/8/2024, 6:14:39 AM",3.568,62.6,100,1,2024-04-08T11:14:39.000Z
"4/8/2024, 6:19:39 AM",3.568,62.6,100,1,2024-04-08T11:19:39.000Z
"4/8/2024, 6:24:39 AM",3.568,62.6,100,1,2024-04-08T11:24:39.000Z
"4/8/2024, 6:29:39 AM",3.568,62.6,100,1,2024-04-08T11:29:39.000Z
"4/8/2024, 6:34:39 AM",3.567,62.6,100,1,2024-04-08T11:34:39.000Z
"4/8/2024, 6:39:39 AM",3.568,62.6,100,1,2024-04-08T11:39:39.000Z
"4/8/2024, 6:44:39 AM",3.568,62.8,100,1,2024-04-08T11:44:39.000Z
"4/8/2024, 6:49:39 AM",3.568,63,100,1,2024-04-08T11:49:39.000Z
"4/8/2024, 6:54:39 AM",3.568,63.1,100,1,2024-04-08T11:54:39.000Z
"4/8/2024, 6:59:39 AM",3.567,63.5,100,1,2024-04-08T11:59:39.000Z
"4/8/2024, 7:04:39 AM",3.567,63.7,100,1,2024-04-08T12:04:39.000Z
"4/8/2024, 7:09:39 AM",3.567,64,100,1,2024-04-08T12:09:39.000Z
"4/8/2024, 7:14:39 AM",3.567,64.6,100,1,2024-04-08T12:14:39.000Z
"4/8/2024, 7:19:39 AM",3.567,64.9,100,1,2024-04-08T12:19:39.000Z
"4/8/2024, 7:24:39 AM",3.567,65.3,100,1,2024-04-08T12:24:39.000Z
"4/8/2024, 7:29:39 AM",3.567,65.8,100,1,2024-04-08T12:29:39.000Z
"4/8/2024, 7:34:39 AM",3.567,66.2,100,1,2024-04-08T12:34:39.000Z
"4/8/2024, 7:39:39 AM",3.567,66.7,100,1,2024-04-08T12:39:39.000Z
"4/8/2024, 7:44:39 AM",3.567,67.3,100,1,2024-04-08T12:44:39.000Z
"4/8/2024, 7:49:39 AM",3.567,67.8,100,1,2024-04-08T12:49:39.000Z
"4/8/2024, 7:54:39 AM",3.567,68.4,100,1,2024-04-08T12:54:39.000Z
"4/8/2024, 7:59:39 AM",3.567,69.1,100,1,2024-04-08T12:59:39.000Z
"4/8/2024, 8:04:39 AM",3.567,69.6,100,1,2024-04-08T13:04:39.000Z
"4/8/2024, 8:09:39 AM",3.566,70.3,100,1,2024-04-08T13:09:39.000Z
"4/8/2024, 8:14:39 AM",3.567,70.7,100,1,2024-04-08T13:14:39.000Z
"4/8/2024, 8:19:39 AM",3.566,71.2,100,1,2024-04-08T13:19:39.000Z
"4/8/2024, 8:24:39 AM",3.566,71.8,100,1,2024-04-08T13:24:39.000Z
"4/8/2024, 8:29:39 AM",3.566,72.1,100,0,2024-04-08T13:29:39.000Z
"4/8/2024, 8:34:39 AM",3.566,72.5,100,0,2024-04-08T13:34:39.000Z
"4/8/2024, 8:39:39 AM",3.566,72.7,100,0,2024-04-08T13:39:39.000Z
"4/8/2024, 8:44:39 AM",3.567,72.9,100,0,2024-04-08T13:44:39.000Z
"4/8/2024, 8:49:39 AM",3.566,73,100,0,2024-04-08T13:49:39.000Z
"4/8/2024, 8:54:39 AM",3.567,73.2,100,0,2024-04-08T13:54:39.000Z
"4/8/2024, 8:59:39 AM",3.566,73.4,100,0,2024-04-08T13:59:39.000Z
"4/8/2024, 9:04:39 AM",3.567,73.6,100,0,2024-04-08T14:04:39.000Z
"4/8/2024, 9:09:39 AM",3.567,73.8,100,0,2024-04-08T14:09:39.000Z
"4/8/2024, 9:14:39 AM",3.567,73.9,100,0,2024-04-08T14:14:39.000Z
"4/8/2024, 9:19:39 AM",3.567,73.9,100,0,2024-04-08T14:19:39.000Z
"4/8/2024, 9:24:39 AM",3.567,74.1,100,0,2024-04-08T14:24:39.000Z
"4/8/2024, 9:29:39 AM",3.567,74.3,100,0,2024-04-08T14:29:39.000Z
"4/8/2024, 9:34:39 AM",3.567,74.5,100,0,2024-04-08T14:34:39.000Z
"4/8/2024, 9:39:39 AM",3.567,74.8,100,0,2024-04-08T14:39:39.000Z
"4/8/2024, 9:44:39 AM",3.567,75,100,0,2024-04-08T14:44:39.000Z
"4/8/2024, 9:49:39 AM",3.567,75.6,100,0,2024-04-08T14:49:39.000Z
"4/8/2024, 9:54:39 AM",3.567,75.9,100,0,2024-04-08T14:54:39.000Z
"4/8/2024, 9:59:39 AM",3.567,76.3,100,0,2024-04-08T14:59:39.000Z
"4/8/2024, 10:04:39 AM",3.567,76.5,100,0,2024-04-08T15:04:39.000Z
"4/8/2024, 10:09:39 AM",3.566,76.8,100,0,2024-04-08T15:09:39.000Z
"4/8/2024, 10:14:39 AM",3.566,77.2,100,0,2024-04-08T15:14:39.000Z
"4/8/2024, 10:19:39 AM",3.567,77.7,100,0,2024-04-08T15:19:39.000Z
"4/8/2024, 10:24:39 AM",3.567,78.3,100,1,2024-04-08T15:24:39.000Z
"4/8/2024, 10:29:39 AM",3.567,78.8,100,0,2024-04-08T15:29:39.000Z
"4/8/2024, 10:34:39 AM",3.566,79.2,100,0,2024-04-08T15:34:39.000Z
"4/8/2024, 10:39:39 AM",3.567,79.3,100,0,2024-04-08T15:39:39.000Z
"4/8/2024, 10:44:39 AM",3.567,79.7,100,0,2024-04-08T15:44:39.000Z
"4/8/2024, 10:49:39 AM",3.566,80.1,100,0,2024-04-08T15:49:39.000Z
"4/8/2024, 10:54:39 AM",3.566,80.4,100,0,2024-04-08T15:54:39.000Z
"4/8/2024, 10:59:39 AM",3.566,80.8,100,0,2024-04-08T15:59:39.000Z
"4/8/2024, 11:04:39 AM",3.567,81.1,100,0,2024-04-08T16:04:39.000Z
"4/8/2024, 11:09:39 AM",3.567,81.3,100,0,2024-04-08T16:09:39.000Z
"4/8/2024, 11:14:39 AM",3.567,81.7,100,0,2024-04-08T16:14:39.000Z
"4/8/2024, 11:19:39 AM",3.566,82,100,0,2024-04-08T16:19:39.000Z
"4/8/2024, 11:24:39 AM",3.566,82.6,100,0,2024-04-08T16:24:39.000Z
"4/8/2024, 11:29:39 AM",3.566,83.1,100,0,2024-04-08T16:29:39.000Z
"4/8/2024, 11:34:39 AM",3.567,83.5,100,0,2024-04-08T16:34:39.000Z
"4/8/2024, 11:39:39 AM",3.566,83.8,100,0,2024-04-08T16:39:39.000Z
"4/8/2024, 11:44:39 AM",3.566,84.2,100,0,2024-04-08T16:44:39.000Z
"4/8/2024, 11:49:39 AM",3.567,84.7,100,0,2024-04-08T16:49:39.000Z
"4/8/2024, 11:54:39 AM",3.569,85.3,100,0,2024-04-08T16:54:39.000Z
"4/8/2024, 11:59:39 AM",3.569,86,100,0,2024-04-08T16:59:39.000Z
"4/8/2024, 12:04:39 PM",3.569,86.5,100,0,2024-04-08T17:04:39.000Z
"4/8/2024, 12:09:39 PM",3.568,87.1,100,0,2024-04-08T17:09:39.000Z
"4/8/2024, 12:14:39 PM",3.568,87.4,100,0,2024-04-08T17:14:39.000Z
"4/8/2024, 12:19:39 PM",3.568,87.6,100,0,2024-04-08T17:19:39.000Z
"4/8/2024, 12:24:39 PM",3.569,88.2,100,0,2024-04-08T17:24:39.000Z
"4/8/2024, 12:29:39 PM",3.568,88.3,100,0,2024-04-08T17:29:39.000Z
"4/8/2024, 12:34:39 PM",3.568,88.5,100,0,2024-04-08T17:34:39.000Z
"4/8/2024, 12:39:39 PM",3.567,88.9,100,0,2024-04-08T17:39:39.000Z
"4/8/2024, 12:44:39 PM",3.568,89.1,100,0,2024-04-08T17:44:39.000Z
"4/8/2024, 12:49:39 PM",3.567,89.2,100,0,2024-04-08T17:49:39.000Z
"4/8/2024, 12:54:39 PM",3.567,89.1,100,0,2024-04-08T17:54:39.000Z
"4/8/2024, 12:59:39 PM",3.567,89.2,100,0,2024-04-08T17:59:39.000Z
"4/8/2024, 1:04:39 PM",3.567,89.4,100,0,2024-04-08T18:04:39.000Z
"4/8/2024, 1:09:39 PM",3.568,89.4,100,0,2024-04-08T18:09:39.000Z
"4/8/2024, 1:14:39 PM",3.568,89.4,100,0,2024-04-08T18:14:39.000Z
"4/8/2024, 1:19:39 PM",3.567,89.6,100,0,2024-04-08T18:19:39.000Z
"4/8/2024, 1:24:39 PM",3.568,89.4,100,0,2024-04-08T18:24:39.000Z
"4/8/2024, 1:29:39 PM",3.568,89.2,100,0,2024-04-08T18:29:39.000Z
"4/8/2024, 1:34:39 PM",3.568,89.1,100,0,2024-04-08T18:34:39.000Z
"4/8/2024, 1:39:39 PM",3.568,88.9,100,0,2024-04-08T18:39:39.000Z
"4/8/2024, 1:44:39 PM",3.568,88.3,100,0,2024-04-08T18:44:39.000Z
"4/8/2024, 1:49:39 PM",3.568,87.8,100,0,2024-04-08T18:49:39.000Z
"4/8/2024, 1:54:39 PM",3.569,87.1,100,0,2024-04-08T18:54:39.000Z
"4/8/2024, 1:59:39 PM",3.569,86.4,100,0,2024-04-08T18:59:39.000Z
"4/8/2024, 2:04:39 PM",3.569,85.3,100,0,2024-04-08T19:04:39.000Z
"4/8/2024, 2:09:39 PM",3.57,84.2,100,0,2024-04-08T19:09:39.000Z
"4/8/2024, 2:14:39 PM",3.571,83.1,100,0,2024-04-08T19:14:39.000Z
"4/8/2024, 2:19:39 PM",3.57,82,100,0,2024-04-08T19:19:39.000Z
"4/8/2024, 2:24:39 PM",3.571,81.1,100,0,2024-04-08T19:24:39.000Z
"4/8/2024, 2:29:39 PM",3.571,80.4,100,0,2024-04-08T19:29:39.000Z
"4/8/2024, 2:34:39 PM",3.572,80.1,100,0,2024-04-08T19:34:39.000Z
"4/8/2024, 2:39:39 PM",3.572,79.9,100,1,2024-04-08T19:39:39.000Z
"4/8/2024, 2:44:39 PM",3.572,80.1,100,1,2024-04-08T19:44:39.000Z
"4/8/2024, 2:49:39 PM",3.572,80.2,100,2,2024-04-08T19:49:39.000Z
"4/8/2024, 2:54:39 PM",3.572,80.6,100,1,2024-04-08T19:54:39.000Z
"4/8/2024, 2:59:39 PM",3.571,81.3,100,2,2024-04-08T19:59:39.000Z
"4/8/2024, 3:04:39 PM",3.572,81.9,100,1,2024-04-08T20:04:39.000Z
"4/8/2024, 3:09:39 PM",3.571,82.6,100,1,2024-04-08T20:09:39.000Z
"4/8/2024, 3:14:39 PM",3.571,83.5,100,1,2024-04-08T20:14:39.000Z
"4/8/2024, 3:19:39 PM",3.571,84.2,100,0,2024-04-08T20:19:39.000Z
"4/8/2024, 3:24:39 PM",3.571,84.9,100,0,2024-04-08T20:24:39.000Z
"4/8/2024, 3:29:39 PM",3.57,85.6,100,0,2024-04-08T20:29:39.000Z
"4/8/2024, 3:34:39 PM",3.57,86.2,100,1,2024-04-08T20:34:39.000Z
"4/8/2024, 3:39:39 PM",3.57,86.9,100,1,2024-04-08T20:39:39.000Z
"4/8/2024, 3:44:39 PM",3.57,87.6,100,0,2024-04-08T20:44:39.000Z
"4/8/2024, 3:49:39 PM",3.57,88.2,100,0,2024-04-08T20:49:39.000Z
"4/8/2024, 3:54:39 PM",3.569,88.5,100,0,2024-04-08T20:54:39.000Z
"4/8/2024, 3:59:39 PM",3.569,89.1,100,0,2024-04-08T20:59:39.000Z
"4/8/2024, 4:04:39 PM",3.569,89.4,100,0,2024-04-08T21:04:39.000Z
"4/8/2024, 4:09:39 PM",3.569,89.8,100,0,2024-04-08T21:09:39.000Z
"4/8/2024, 4:14:39 PM",3.569,90.1,100,0,2024-04-08T21:14:39.000Z
"4/8/2024, 4:19:39 PM",3.569,90.3,100,0,2024-04-08T21:19:39.000Z
"4/8/2024, 4:24:39 PM",3.569,90.5,100,0,2024-04-08T21:24:39.000Z
"4/8/2024, 4:29:39 PM",3.569,90.7,100,0,2024-04-08T21:29:39.000Z
"4/8/2024, 4:34:39 PM",3.569,91,100,0,2024-04-08T21:34:39.000Z
"4/8/2024, 4:39:39 PM",3.568,91,100,0,2024-04-08T21:39:39.000Z
"4/8/2024, 4:44:39 PM",3.568,90.9,100,0,2024-04-08T21:44:39.000Z
"4/8/2024, 4:49:39 PM",3.568,90.9,100,0,2024-04-08T21:49:39.000Z
"4/8/2024, 4:54:39 PM",3.568,90.9,100,0,2024-04-08T21:54:39.000Z
"4/8/2024, 4:59:39 PM",3.569,90.7,100,0,2024-04-08T21:59:39.000Z
"4/8/2024, 5:04:39 PM",3.569,90.3,100,0,2024-04-08T22:04:39.000Z
"4/8/2024, 5:09:39 PM",3.569,90.1,100,0,2024-04-08T22:09:39.000Z
"4/8/2024, 5:14:39 PM",3.569,89.8,100,0,2024-04-08T22:14:39.000Z
"4/8/2024, 5:19:39 PM",3.569,89.1,100,0,2024-04-08T22:19:39.000Z
"4/8/2024, 5:24:39 PM",3.57,88.3,100,0,2024-04-08T22:24:39.000Z
"4/8/2024, 5:29:39 PM",3.57,87.6,100,0,2024-04-08T22:29:39.000Z
"4/8/2024, 5:34:39 PM",3.57,86.9,99.6,0,2024-04-08T22:34:39.000Z
"4/8/2024, 5:39:39 PM",3.571,86.2,99,0,2024-04-08T22:39:39.000Z
"4/8/2024, 5:44:39 PM",3.571,85.5,98.5,0,2024-04-08T22:44:39.000Z
"4/8/2024, 5:49:39 PM",3.571,84.7,98.1,0,2024-04-08T22:49:39.000Z
"4/8/2024, 5:54:39 PM",3.571,84.2,97.8,0,2024-04-08T22:54:39.000Z
"4/8/2024, 5:59:39 PM",3.572,83.5,97.5,0,2024-04-08T22:59:39.000Z
"4/8/2024, 6:04:39 PM",3.572,82.8,97.3,0,2024-04-08T23:04:39.000Z
"4/8/2024, 6:09:39 PM",3.572,82.2,97.1,0,2024-04-08T23:09:39.000Z
"4/8/2024, 6:14:39 PM",3.572,81.5,97,0,2024-04-08T23:14:39.000Z
"4/8/2024, 6:19:39 PM",3.572,81,96.9,0,2024-04-08T23:19:39.000Z
"4/8/2024, 6:24:39 PM",3.573,80.2,97,0,2024-04-08T23:24:39.000Z
"4/8/2024, 6:29:39 PM",3.573,79.7,97,0,2024-04-08T23:29:39.000Z
"4/8/2024, 6:34:39 PM",3.573,79,97,0,2024-04-08T23:34:39.000Z
"4/8/2024, 6:39:39 PM",3.574,78.4,97.1,0,2024-04-08T23:39:39.000Z
"4/8/2024, 6:44:39 PM",3.574,77.9,97.1,0,2024-04-08T23:44:39.000Z
"4/8/2024, 6:49:39 PM",3.573,77.4,97.1,0,2024-04-08T23:49:39.000Z
"4/8/2024, 6:54:39 PM",3.574,76.8,97.2,0,2024-04-08T23:54:39.000Z
"4/8/2024, 6:59:39 PM",3.574,76.3,97.1,0,2024-04-08T23:59:39.000Z
"4/8/2024, 7:04:39 PM",3.574,75.9,97.1,0,2024-04-09T00:04:39.000Z
"4/8/2024, 7:09:39 PM",3.574,75.4,97.2,1,2024-04-09T00:09:39.000Z
"4/8/2024, 7:14:39 PM",3.574,74.8,97.3,1,2024-04-09T00:14:39.000Z
"4/8/2024, 7:19:39 PM",3.574,74.5,97.4,1,2024-04-09T00:19:39.000Z
"4/8/2024, 7:24:39 PM",3.575,73.9,97.6,1,2024-04-09T00:24:39.000Z
"4/8/2024, 7:29:39 PM",3.575,73.6,97.8,1,2024-04-09T00:29:39.000Z
"4/8/2024, 7:34:39 PM",3.574,73,97.9,1,2024-04-09T00:34:39.000Z
"4/8/2024, 7:39:39 PM",3.574,72.7,98.1,1,2024-04-09T00:39:39.000Z
"4/8/2024, 7:44:39 PM",3.574,72.3,98.3,1,2024-04-09T00:44:39.000Z
"4/8/2024, 7:49:39 PM",3.575,72,98.5,1,2024-04-09T00:49:39.000Z
"4/8/2024, 7:54:39 PM",3.574,71.6,98.7,2,2024-04-09T00:54:39.000Z
"4/8/2024, 7:59:39 PM",3.574,71.4,99,2,2024-04-09T00:59:39.000Z
"4/8/2024, 8:04:39 PM",3.574,71.1,99.2,2,2024-04-09T01:04:39.000Z
"4/8/2024, 8:09:39 PM",3.574,70.9,99.4,1,2024-04-09T01:09:39.000Z
"4/8/2024, 8:14:39 PM",3.574,70.7,99.6,1,2024-04-09T01:14:39.000Z
"4/8/2024, 8:19:39 PM",3.574,70.5,99.9,1,2024-04-09T01:19:39.000Z
"4/8/2024, 8:24:39 PM",3.574,70.5,100,1,2024-04-09T01:24:39.000Z
"4/8/2024, 8:29:39 PM",3.574,70.3,100,1,2024-04-09T01:29:39.000Z
"4/8/2024, 8:34:39 PM",3.574,70.2,100,1,2024-04-09T01:34:39.000Z
"4/8/2024, 8:39:39 PM",3.574,70,100,1,2024-04-09T01:39:39.000Z
"4/8/2024, 8:44:39 PM",3.573,70,100,2,2024-04-09T01:44:39.000Z
"4/8/2024, 8:49:39 PM",3.573,69.8,100,1,2024-04-09T01:49:39.000Z
"4/8/2024, 8:54:39 PM",3.573,69.6,100,1,2024-04-09T01:54:39.000Z
"4/8/2024, 8:59:39 PM",3.573,69.4,100,1,2024-04-09T01:59:39.000Z
"4/8/2024, 9:04:39 PM",3.573,69.3,100,1,2024-04-09T02:04:39.000Z
"4/8/2024, 9:09:39 PM",3.573,69.1,100,1,2024-04-09T02:09:39.000Z
"4/8/2024, 9:14:39 PM",3.573,68.9,100,1,2024-04-09T02:14:39.000Z
"4/8/2024, 9:19:39 PM",3.573,68.7,100,1,2024-04-09T02:19:39.000Z
"4/8/2024, 9:24:39 PM",3.573,68.5,100,1,2024-04-09T02:24:39.000Z
"4/8/2024, 9:29:39 PM",3.573,68.4,100,1,2024-04-09T02:29:39.000Z
"4/8/2024, 9:34:39 PM",3.573,68.4,100,1,2024-04-09T02:34:39.000Z
"4/8/2024, 9:39:39 PM",3.573,68.2,100,1,2024-04-09T02:39:39.000Z
"4/8/2024, 9:44:39 PM",3.573,68.2,100,1,2024-04-09T02:44:39.000Z
"4/8/2024, 9:49:39 PM",3.573,68,100,1,2024-04-09T02:49:39.000Z
"4/8/2024, 9:54:39 PM",3.573,68,100,1,2024-04-09T02:54:39.000Z
"4/8/2024, 9:59:39 PM",3.573,68,100,1,2024-04-09T02:59:39.000Z
"4/8/2024, 10:04:39 PM",3.572,68,100,1,2024-04-09T03:04:39.000Z
"4/8/2024, 10:09:39 PM",3.573,68,100,1,2024-04-09T03:09:39.000Z
"4/8/2024, 10:14:39 PM",3.572,68,100,1,2024-04-09T03:14:39.000Z
"4/8/2024, 10:19:39 PM",3.572,68,100,1,2024-04-09T03:19:39.000Z
"4/8/2024, 10:24:39 PM",3.572,68,100,1,2024-04-09T03:24:39.000Z
"4/8/2024, 10:29:39 PM",3.572,67.8,100,1,2024-04-09T03:29:39.000Z
"4/8/2024, 10:34:39 PM",3.572,67.8,100,1,2024-04-09T03:34:39.000Z
"4/8/2024, 10:39:39 PM",3.572,67.6,100,1,2024-04-09T03:39:39.000Z
"4/8/2024, 10:44:39 PM",3.572,67.6,100,1,2024-04-09T03:44:39.000Z
"4/8/2024, 10:49:39 PM",3.572,67.5,100,1,2024-04-09T03:49:39.000Z
"4/8/2024, 10:54:39 PM",3.572,67.3,100,1,2024-04-09T03:54:39.000Z
"4/8/2024, 10:59:39 PM",3.572,67.3,100,1,2024-04-09T03:59:39.000Z
"4/8/2024, 11:04:39 PM",3.572,67.1,100,1,2024-04-09T04:04:39.000Z
"4/8/2024, 11:09:39 PM",3.572,66.9,100,1,2024-04-09T04:09:39.000Z
"4/8/2024, 11:14:39 PM",3.572,66.7,100,1,2024-04-09T04:14:39.000Z
"4/8/2024, 11:19:39 PM",3.572,66.7,100,1,2024-04-09T04:19:39.000Z
"4/8/2024, 11:24:39 PM",3.572,66.6,100,1,2024-04-09T04:24:39.000Z
"4/8/2024, 11:29:39 PM",3.571,66.6,100,1,2024-04-09T04:29:39.000Z
"4/8/2024, 11:34:39 PM",3.571,66.4,100,2,2024-04-09T04:34:39.000Z
"4/8/2024, 11:39:39 PM",3.571,66.2,100,1,2024-04-09T04:39:39.000Z
"4/8/2024, 11:44:39 PM",3.572,66.2,100,2,2024-04-09T04:44:39.000Z
"4/8/2024, 11:49:39 PM",3.571,66.2,100,2,2024-04-09T04:49:39.000Z
"4/8/2024, 11:54:39 PM",3.571,66,100,2,2024-04-09T04:54:39.000Z
"4/8/2024, 11:59:39 PM",3.571,66,100,2,2024-04-09T04:59:39.000Z
"4/9/2024, 12:04:39 AM",3.571,65.8,100,2,2024-04-09T05:04:39.000Z
"4/9/2024, 12:09:39 AM",3.571,65.8,100,2,2024-04-09T05:09:39.000Z
"4/9/2024, 12:14:39 AM",3.571,65.8,100,2,2024-04-09T05:14:39.000Z
"4/9/2024, 12:19:39 AM",3.571,65.7,100,2,2024-04-09T05:19:39.000Z
"4/9/2024, 12:24:39 AM",3.571,65.7,100,3,2024-04-09T05:24:39.000Z
"4/9/2024, 12:29:39 AM",3.571,65.7,100,3,2024-04-09T05:29:39.000Z
"4/9/2024, 12:34:39 AM",3.571,65.7,100,3,2024-04-09T05:34:39.000Z
"4/9/2024, 12:39:39 AM",3.571,65.7,100,3,2024-04-09T05:39:39.000Z
"4/9/2024, 12:44:39 AM",3.571,65.5,100,3,2024-04-09T05:44:39.000Z
"4/9/2024, 12:49:39 AM",3.571,65.5,100,3,2024-04-09T05:49:39.000Z
"4/9/2024, 12:54:39 AM",3.571,65.5,100,3,2024-04-09T05:54:39.000Z
"4/9/2024, 12:59:39 AM",3.571,65.3,100,4,2024-04-09T05:59:39.000Z
"4/9/2024, 1:04:39 AM",3.57,65.3,100,4,2024-04-09T06:04:39.000Z
"4/9/2024, 1:09:39 AM",3.571,65.3,100,4,2024-04-09T06:09:39.000Z
"4/9/2024, 1:14:39 AM",3.571,65.3,100,4,2024-04-09T06:14:39.000Z
"4/9/2024, 1:19:39 AM",3.571,65.3,100,5,2024-04-09T06:19:39.000Z
"4/9/2024, 1:24:39 AM",3.571,65.1,100,5,2024-04-09T06:24:39.000Z
"4/9/2024, 1:29:39 AM",3.571,65.1,100,5,2024-04-09T06:29:39.000Z
"4/9/2024, 1:34:39 AM",3.57,65.1,100,6,2024-04-09T06:34:39.000Z
"4/9/2024, 1:39:39 AM",3.571,65.1,100,7,2024-04-09T06:39:39.000Z
"4/9/2024, 1:44:39 AM",3.571,65.1,100,8,2024-04-09T06:44:39.000Z
"4/9/2024, 1:49:39 AM",3.57,65.3,100,10,2024-04-09T06:49:39.000Z
"4/9/2024, 1:54:39 AM",3.57,65.7,100,11,2024-04-09T06:54:39.000Z
"4/9/2024, 1:59:39 AM",3.57,66,100,12,2024-04-09T06:59:39.000Z
"4/9/2024, 2:04:39 AM",3.57,66.4,100,12,2024-04-09T07:04:39.000Z
"4/9/2024, 2:09:39 AM",3.57,66.6,100,12,2024-04-09T07:09:39.000Z
"4/9/2024, 2:14:39 AM",3.57,66.7,100,13,2024-04-09T07:14:39.000Z
"4/9/2024, 2:19:39 AM",3.57,66.9,100,16,2024-04-09T07:19:39.000Z
"4/9/2024, 2:24:39 AM",3.57,66.9,100,24,2024-04-09T07:24:39.000Z
"4/9/2024, 2:29:39 AM",3.57,66.9,100,24,2024-04-09T07:29:39.000Z
"4/9/2024, 2:34:39 AM",3.57,67.1,100,24,2024-04-09T07:34:39.000Z
"4/9/2024, 2:39:39 AM",3.569,67.1,100,21,2024-04-09T07:39:39.000Z
"4/9/2024, 2:44:39 AM",3.57,67.3,100,21,2024-04-09T07:44:39.000Z
"4/9/2024, 2:49:39 AM",3.57,67.6,100,19,2024-04-09T07:49:39.000Z
"4/9/2024, 2:54:39 AM",3.57,67.8,100,16,2024-04-09T07:54:39.000Z
"4/9/2024, 2:59:39 AM",3.57,67.8,100,15,2024-04-09T07:59:39.000Z
"4/9/2024, 3:04:39 AM",3.57,68,100,13,2024-04-09T08:04:39.000Z
"4/9/2024, 3:09:39 AM",3.569,68,100,12,2024-04-09T08:09:39.000Z
"4/9/2024, 3:14:39 AM",3.57,68,100,11,2024-04-09T08:14:39.000Z
"4/9/2024, 3:19:39 AM",3.57,68,100,10,2024-04-09T08:19:39.000Z
"4/9/2024, 3:24:39 AM",3.57,67.8,100,9,2024-04-09T08:24:39.000Z
"4/9/2024, 3:29:39 AM",3.57,67.8,100,9,2024-04-09T08:29:39.000Z
"4/9/2024, 3:34:39 AM",3.57,67.8,100,8,2024-04-09T08:34:39.000Z
"4/9/2024, 3:39:39 AM",3.57,67.8,100,8,2024-04-09T08:39:39.000Z
"4/9/2024, 3:44:39 AM",3.57,67.8,100,7,2024-04-09T08:44:39.000Z
"4/9/2024, 3:49:39 AM",3.569,67.8,100,6,2024-04-09T08:49:39.000Z
"4/9/2024, 3:54:39 AM",3.57,67.8,100,6,2024-04-09T08:54:39.000Z
"4/9/2024, 3:59:39 AM",3.57,67.8,100,5,2024-04-09T08:59:39.000Z
"4/9/2024, 4:04:39 AM",3.57,67.8,100,5,2024-04-09T09:04:39.000Z
"4/9/2024, 4:09:39 AM",3.569,67.8,100,5,2024-04-09T09:09:39.000Z
"4/9/2024, 4:14:39 AM",3.57,68,100,4,2024-04-09T09:14:39.000Z
"4/9/2024, 4:19:39 AM",3.57,68.2,100,4,2024-04-09T09:19:39.000Z
"4/9/2024, 4:24:39 AM",3.57,68.2,100,3,2024-04-09T09:24:39.000Z
"4/9/2024, 4:29:39 AM",3.57,68.2,100,3,2024-04-09T09:29:39.000Z
"4/9/2024, 4:34:39 AM",3.57,68.4,100,3,2024-04-09T09:34:39.000Z
"4/9/2024, 4:39:39 AM",3.57,68.4,100,3,2024-04-09T09:39:39.000Z
"4/9/2024, 4:44:39 AM",3.57,68.4,100,3,2024-04-09T09:44:39.000Z
"4/9/2024, 4:49:39 AM",3.57,68.4,100,3,2024-04-09T09:49:39.000Z
"4/9/2024, 4:54:39 AM",3.57,68.4,100,2,2024-04-09T09:54:39.000Z
"4/9/2024, 4:59:39 AM",3.57,68.4,100,2,2024-04-09T09:59:39.000Z
"4/9/2024, 5:04:39 AM",3.57,68.4,100,2,2024-04-09T10:04:39.000Z
"4/9/2024, 5:09:39 AM",3.569,68.4,100,2,2024-04-09T10:09:39.000Z
"4/9/2024, 5:14:39 AM",3.569,68.5,100,2,2024-04-09T10:14:39.000Z
"4/9/2024, 5:19:39 AM",3.569,68.7,100,2,2024-04-09T10:19:39.000Z
"4/9/2024, 5:24:39 AM",3.569,68.7,100,2,2024-04-09T10:24:39.000Z
"4/9/2024, 5:29:39 AM",3.57,68.9,100,2,2024-04-09T10:29:39.000Z
"4/9/2024, 5:34:39 AM",3.569,68.9,100,2,2024-04-09T10:34:39.000Z
"4/9/2024, 5:39:39 AM",3.57,69.1,100,1,2024-04-09T10:39:39.000Z
"4/9/2024, 5:44:39 AM",3.57,69.3,100,1,2024-04-09T10:44:39.000Z
"4/9/2024, 5:49:39 AM",3.57,69.6,100,1,2024-04-09T10:49:39.000Z
"4/9/2024, 5:54:39 AM",3.569,69.8,100,1,2024-04-09T10:54:39.000Z
"4/9/2024, 5:59:39 AM",3.569,70.2,100,1,2024-04-09T10:59:39.000Z
"4/9/2024, 6:04:39 AM",3.569,70.3,100,1,2024-04-09T11:04:39.000Z
"4/9/2024, 6:09:39 AM",3.569,70.5,100,1,2024-04-09T11:09:39.000Z
"4/9/2024, 6:14:39 AM",3.569,70.7,100,1,2024-04-09T11:14:39.000Z
"4/9/2024, 6:19:39 AM",3.569,70.9,100,1,2024-04-09T11:19:39.000Z
"4/9/2024, 6:24:39 AM",3.569,71.2,100,1,2024-04-09T11:24:39.000Z
"4/9/2024, 6:29:39 AM",3.569,71.2,100,1,2024-04-09T11:29:39.000Z
"4/9/2024, 6:34:39 AM",3.569,71.4,100,1,2024-04-09T11:34:39.000Z
"4/9/2024, 6:39:39 AM",3.569,71.6,100,1,2024-04-09T11:39:39.000Z
"4/9/2024, 6:44:39 AM",3.569,71.8,100,1,2024-04-09T11:44:39.000Z
"4/9/2024, 6:49:39 AM",3.569,71.8,100,1,2024-04-09T11:49:39.000Z
"4/9/2024, 6:54:39 AM",3.569,72,100,1,2024-04-09T11:54:39.000Z
"4/9/2024, 6:59:39 AM",3.57,72,100,1,2024-04-09T11:59:39.000Z
"4/9/2024, 7:04:39 AM",3.569,72.1,100,1,2024-04-09T12:04:39.000Z
"4/9/2024, 7:09:39 AM",3.569,72.1,100,1,2024-04-09T12:09:39.000Z
"4/9/2024, 7:14:39 AM",3.569,72.3,100,1,2024-04-09T12:14:39.000Z
"4/9/2024, 7:19:39 AM",3.569,72.3,100,1,2024-04-09T12:19:39.000Z
"4/9/2024, 7:24:39 AM",3.57,72.3,100,1,2024-04-09T12:24:39.000Z
"4/9/2024, 7:29:39 AM",3.57,72.5,100,0,2024-04-09T12:29:39.000Z
"4/9/2024, 7:34:39 AM",3.569,72.5,100,1,2024-04-09T12:34:39.000Z
"4/9/2024, 7:39:39 AM",3.569,72.7,100,0,2024-04-09T12:39:39.000Z
"4/9/2024, 7:44:39 AM",3.57,72.7,100,0,2024-04-09T12:44:39.000Z
"4/9/2024, 7:49:39 AM",3.57,72.9,100,0,2024-04-09T12:49:39.000Z
"4/9/2024, 7:54:39 AM",3.57,73,100,0,2024-04-09T12:54:39.000Z
"4/9/2024, 7:59:39 AM",3.569,73,100,0,2024-04-09T12:59:39.000Z
"4/9/2024, 8:04:39 AM",3.57,73,100,0,2024-04-09T13:04:39.000Z
"4/9/2024, 8:09:39 AM",3.57,73.2,100,0,2024-04-09T13:09:39.000Z
"4/9/2024, 8:14:39 AM",3.569,73.4,100,0,2024-04-09T13:14:39.000Z
"4/9/2024, 8:19:39 AM",3.569,73.4,100,0,2024-04-09T13:19:39.000Z
"4/9/2024, 8:24:39 AM",3.57,73.6,100,0,2024-04-09T13:24:39.000Z
"4/9/2024, 8:29:39 AM",3.57,73.6,100,0,2024-04-09T13:29:39.000Z
"4/9/2024, 8:34:39 AM",3.569,73.6,100,0,2024-04-09T13:34:39.000Z
"4/9/2024, 8:39:39 AM",3.57,73.8,100,0,2024-04-09T13:39:39.000Z
"4/9/2024, 8:44:39 AM",3.57,73.6,100,0,2024-04-09T13:44:39.000Z
"4/9/2024, 8:49:39 AM",3.57,73.6,100,0,2024-04-09T13:49:39.000Z
"4/9/2024, 8:54:39 AM",3.57,73.8,100,0,2024-04-09T13:54:39.000Z
"4/9/2024, 8:59:39 AM",3.57,73.8,100,0,2024-04-09T13:59:39.000Z
"4/9/2024, 9:04:39 AM",3.569,73.9,100,0,2024-04-09T14:04:39.000Z
"4/9/2024, 9:09:39 AM",3.569,74.1,100,0,2024-04-09T14:09:39.000Z
"4/9/2024, 9:14:39 AM",3.569,74.3,100,0,2024-04-09T14:14:39.000Z
"4/9/2024, 9:19:39 AM",3.57,74.3,100,0,2024-04-09T14:19:39.000Z
"4/9/2024, 9:24:39 AM",3.57,74.3,100,0,2024-04-09T14:24:39.000Z
"4/9/2024, 9:29:39 AM",3.569,74.3,100,0,2024-04-09T14:29:39.000Z
"4/9/2024, 9:34:39 AM",3.569,74.3,100,0,2024-04-09T14:34:39.000Z
"4/9/2024, 9:39:39 AM",3.57,74.3,100,0,2024-04-09T14:39:39.000Z
"4/9/2024, 9:44:39 AM",3.57,74.3,100,0,2024-04-09T14:44:39.000Z
"4/9/2024, 9:49:39 AM",3.57,74.3,100,0,2024-04-09T14:49:39.000Z
"4/9/2024, 9:54:39 AM",3.57,74.5,100,0,2024-04-09T14:54:39.000Z
"4/9/2024, 9:59:39 AM",3.57,74.7,100,0,2024-04-09T14:59:39.000Z
"4/9/2024, 10:04:39 AM",3.57,74.8,100,0,2024-04-09T15:04:39.000Z
"4/9/2024, 10:09:39 AM",3.569,75,100,0,2024-04-09T15:09:39.000Z
"4/9/2024, 10:14:39 AM",3.569,75.4,100,0,2024-04-09T15:14:39.000Z
"4/9/2024, 10:19:39 AM",3.569,75.7,100,0,2024-04-09T15:19:39.000Z
"4/9/2024, 10:24:39 AM",3.569,76.3,100,0,2024-04-09T15:24:39.000Z
"4/9/2024, 10:29:39 AM",3.569,76.8,100,0,2024-04-09T15:29:39.000Z
"4/9/2024, 10:34:39 AM",3.569,77.4,100,0,2024-04-09T15:34:39.000Z
"4/9/2024, 10:39:39 AM",3.569,77.7,100,0,2024-04-09T15:39:39.000Z
"4/9/2024, 10:44:39 AM",3.569,78.3,100,0,2024-04-09T15:44:39.000Z
"4/9/2024, 10:49:39 AM",3.569,78.4,100,0,2024-04-09T15:49:39.000Z
"4/9/2024, 10:54:39 AM",3.569,78.8,100,0,2024-04-09T15:54:39.000Z
"4/9/2024, 10:59:39 AM",3.569,79.2,100,0,2024-04-09T15:59:39.000Z
"4/9/2024, 11:04:39 AM",3.569,79.5,100,0,2024-04-09T16:04:39.000Z
"4/9/2024, 11:09:39 AM",3.569,79.9,100,0,2024-04-09T16:09:39.000Z
"4/9/2024, 11:14:39 AM",3.569,80.2,100,0,2024-04-09T16:14:39.000Z
"4/9/2024, 11:19:39 AM",3.568,80.4,100,0,2024-04-09T16:19:39.000Z
"4/9/2024, 11:24:39 AM",3.568,80.4,100,0,2024-04-09T16:24:39.000Z
"4/9/2024, 11:29:39 AM",3.568,80.6,100,0,2024-04-09T16:29:39.000Z
"4/9/2024, 11:34:39 AM",3.569,80.8,100,0,2024-04-09T16:34:39.000Z
"4/9/2024, 11:39:39 AM",3.568,80.6,100,0,2024-04-09T16:39:39.000Z
"4/9/2024, 11:44:39 AM",3.568,80.6,100,0,2024-04-09T16:44:39.000Z
"4/9/2024, 11:49:39 AM",3.569,80.6,100,0,2024-04-09T16:49:39.000Z
"4/9/2024, 11:54:39 AM",3.569,81,100,0,2024-04-09T16:54:39.000Z
"4/9/2024, 11:59:39 AM",3.568,81.1,100,0,2024-04-09T16:59:39.000Z
"4/9/2024, 12:04:39 PM",3.569,81.3,100,0,2024-04-09T17:04:39.000Z
"4/9/2024, 12:09:39 PM",3.569,81.5,100,0,2024-04-09T17:09:39.000Z
"4/9/2024, 12:14:39 PM",3.568,81.5,100,0,2024-04-09T17:14:39.000Z
"4/9/2024, 12:19:39 PM",3.568,81.5,100,0,2024-04-09T17:19:39.000Z
"4/9/2024, 12:24:39 PM",3.568,81.5,100,0,2024-04-09T17:24:39.000Z
"4/9/2024, 12:29:39 PM",3.569,81.5,100,0,2024-04-09T17:29:39.000Z
"4/9/2024, 12:34:39 PM",3.569,81.9,100,0,2024-04-09T17:34:39.000Z
"4/9/2024, 12:39:39 PM",3.569,82.2,100,0,2024-04-09T17:39:39.000Z
"4/9/2024, 12:44:39 PM",3.568,82.4,100,0,2024-04-09T17:44:39.000Z
"4/9/2024, 12:49:39 PM",3.569,82.6,100,0,2024-04-09T17:49:39.000Z
"4/9/2024, 12:54:39 PM",3.568,82.4,100,0,2024-04-09T17:54:39.000Z
"4/9/2024, 12:59:39 PM",3.569,82.2,100,0,2024-04-09T17:59:39.000Z
"4/9/2024, 1:04:39 PM",3.569,82.2,100,0,2024-04-09T18:04:39.000Z
"4/9/2024, 1:09:39 PM",3.569,82.2,100,0,2024-04-09T18:09:39.000Z
"4/9/2024, 1:14:39 PM",3.569,82.2,100,0,2024-04-09T18:14:39.000Z
"4/9/2024, 1:19:39 PM",3.569,82.2,100,0,2024-04-09T18:19:39.000Z
"4/9/2024, 1:24:39 PM",3.569,82.2,100,0,2024-04-09T18:24:39.000Z
"4/9/2024, 1:29:39 PM",3.569,82.2,100,0,2024-04-09T18:29:39.000Z
"4/9/2024, 1:34:39 PM",3.569,82.4,100,0,2024-04-09T18:34:39.000Z
"4/9/2024, 1:39:39 PM",3.569,82.6,100,0,2024-04-09T18:39:39.000Z
"4/9/2024, 1:44:39 PM",3.569,82.6,100,0,2024-04-09T18:44:39.000Z
"4/9/2024, 1:49:39 PM",3.569,82.8,100,0,2024-04-09T18:49:39.000Z
"4/9/2024, 1:54:39 PM",3.569,82.8,100,0,2024-04-09T18:54:39.000Z
"4/9/2024, 1:59:39 PM",3.569,82.6,100,0,2024-04-09T18:59:39.000Z
"4/9/2024, 2:04:39 PM",3.569,82.6,100,0,2024-04-09T19:04:39.000Z
"4/9/2024, 2:09:39 PM",3.569,82.2,100,0,2024-04-09T19:09:39.000Z
"4/9/2024, 2:14:39 PM",3.57,82.2,100,0,2024-04-09T19:14:39.000Z
"4/9/2024, 2:19:39 PM",3.569,82.2,100,0,2024-04-09T19:19:39.000Z
"4/9/2024, 2:24:39 PM",3.569,82.4,100,0,2024-04-09T19:24:39.000Z
"4/9/2024, 2:29:39 PM",3.569,82.8,100,0,2024-04-09T19:29:39.000Z
"4/9/2024, 2:34:39 PM",3.569,82.8,100,0,2024-04-09T19:34:39.000Z
"4/9/2024, 2:39:39 PM",3.569,82.8,100,0,2024-04-09T19:39:39.000Z
"4/9/2024, 2:44:39 PM",3.569,82.8,100,0,2024-04-09T19:44:39.000Z
"4/9/2024, 2:49:39 PM",3.569,82.8,100,0,2024-04-09T19:49:39.000Z
"4/9/2024, 2:54:39 PM",3.569,82.6,100,0,2024-04-09T19:54:39.000Z
"4/9/2024, 2:59:39 PM",3.569,82.8,100,0,2024-04-09T19:59:39.000Z
"4/9/2024, 3:04:39 PM",3.569,82.8,100,0,2024-04-09T20:04:39.000Z
"4/9/2024, 3:09:39 PM",3.569,82.8,100,0,2024-04-09T20:09:39.000Z
"4/9/2024, 3:14:39 PM",3.569,82.8,100,0,2024-04-09T20:14:39.000Z
"4/9/2024, 3:19:39 PM",3.57,82.8,100,0,2024-04-09T20:19:39.000Z
"4/9/2024, 3:24:39 PM",3.569,82.8,100,0,2024-04-09T20:24:39.000Z
"4/9/2024, 3:29:39 PM",3.57,82.9,100,0,2024-04-09T20:29:39.000Z
"4/9/2024, 3:34:39 PM",3.569,83.1,100,0,2024-04-09T20:34:39.000Z
"4/9/2024, 3:39:39 PM",3.569,83.1,100,0,2024-04-09T20:39:39.000Z
"4/9/2024, 3:44:39 PM",3.57,82.9,100,0,2024-04-09T20:44:39.000Z
"4/9/2024, 3:49:39 PM",3.57,82.8,100,0,2024-04-09T20:49:39.000Z
"4/9/2024, 3:54:39 PM",3.569,82.4,100,0,2024-04-09T20:54:39.000Z
"4/9/2024, 3:59:39 PM",3.569,82.2,100,0,2024-04-09T20:59:39.000Z
"4/9/2024, 4:04:39 PM",3.57,82,100,0,2024-04-09T21:04:39.000Z
"4/9/2024, 4:09:39 PM",3.57,81.7,100,0,2024-04-09T21:09:39.000Z
"4/9/2024, 4:14:39 PM",3.57,81.7,100,0,2024-04-09T21:14:39.000Z
"4/9/2024, 4:19:39 PM",3.57,81.7,100,0,2024-04-09T21:19:39.000Z
"4/9/2024, 4:24:39 PM",3.57,81.7,100,0,2024-04-09T21:24:39.000Z
"4/9/2024, 4:29:39 PM",3.57,81.9,100,0,2024-04-09T21:29:39.000Z
"4/9/2024, 4:34:39 PM",3.57,81.9,100,0,2024-04-09T21:34:39.000Z
"4/9/2024, 4:39:39 PM",3.57,81.7,100,0,2024-04-09T21:39:39.000Z
"4/9/2024, 4:44:39 PM",3.57,81.3,100,0,2024-04-09T21:44:39.000Z
"4/9/2024, 4:49:39 PM",3.57,81,100,0,2024-04-09T21:49:39.000Z
"4/9/2024, 4:54:39 PM",3.57,80.4,100,0,2024-04-09T21:54:39.000Z
"4/9/2024, 4:59:39 PM",3.57,79.9,100,0,2024-04-09T21:59:39.000Z
"4/9/2024, 5:04:39 PM",3.57,79.3,100,0,2024-04-09T22:04:39.000Z
"4/9/2024, 5:09:39 PM",3.57,78.8,100,0,2024-04-09T22:09:39.000Z
"4/9/2024, 5:14:39 PM",3.571,78.4,100,0,2024-04-09T22:14:39.000Z
"4/9/2024, 5:19:39 PM",3.571,78.3,100,0,2024-04-09T22:19:39.000Z
"4/9/2024, 5:24:39 PM",3.571,77.9,100,0,2024-04-09T22:24:39.000Z
"4/9/2024, 5:29:39 PM",3.571,77.5,100,0,2024-04-09T22:29:39.000Z
"4/9/2024, 5:34:39 PM",3.571,77.2,100,0,2024-04-09T22:34:39.000Z
"4/9/2024, 5:39:39 PM",3.571,76.8,100,0,2024-04-09T22:39:39.000Z
"4/9/2024, 5:44:39 PM",3.571,76.5,100,0,2024-04-09T22:44:39.000Z
"4/9/2024, 5:49:39 PM",3.571,75.9,100,0,2024-04-09T22:49:39.000Z
"4/9/2024, 5:54:39 PM",3.571,75.6,100,0,2024-04-09T22:54:39.000Z
"4/9/2024, 5:59:39 PM",3.571,75.4,100,0,2024-04-09T22:59:39.000Z
"4/9/2024, 6:04:39 PM",3.572,75,100,0,2024-04-09T23:04:39.000Z
"4/9/2024, 6:09:39 PM",3.571,74.8,100,0,2024-04-09T23:09:39.000Z
"4/9/2024, 6:14:39 PM",3.572,74.5,100,0,2024-04-09T23:14:39.000Z
"4/9/2024, 6:19:39 PM",3.572,74.1,100,0,2024-04-09T23:19:39.000Z
"4/9/2024, 6:24:39 PM",3.572,73.9,100,0,2024-04-09T23:24:39.000Z
"4/9/2024, 6:29:39 PM",3.572,73.8,100,0,2024-04-09T23:29:39.000Z
"4/9/2024, 6:34:39 PM",3.572,73.4,100,0,2024-04-09T23:34:39.000Z
"4/9/2024, 6:39:39 PM",3.572,73.2,100,0,2024-04-09T23:39:39.000Z
"4/9/2024, 6:44:39 PM",3.572,72.9,100,0,2024-04-09T23:44:39.000Z
"4/9/2024, 6:49:39 PM",3.572,72.7,100,0,2024-04-09T23:49:39.000Z
"4/9/2024, 6:54:39 PM",3.572,72.5,100,0,2024-04-09T23:54:39.000Z
"4/9/2024, 6:59:39 PM",3.572,72.1,100,0,2024-04-09T23:59:39.000Z
"4/9/2024, 7:04:39 PM",3.572,72,100,0,2024-04-10T00:04:39.000Z
"4/9/2024, 7:09:39 PM",3.572,71.8,100,0,2024-04-10T00:09:39.000Z
"4/9/2024, 7:14:39 PM",3.572,71.6,100,0,2024-04-10T00:14:39.000Z
"4/9/2024, 7:19:39 PM",3.572,71.6,100,0,2024-04-10T00:19:39.000Z
"4/9/2024, 7:24:39 PM",3.572,71.4,100,0,2024-04-10T00:24:39.000Z
"4/9/2024, 7:29:39 PM",3.572,71.4,100,0,2024-04-10T00:29:39.000Z
"4/9/2024, 7:34:39 PM",3.572,71.2,100,0,2024-04-10T00:34:39.000Z
"4/9/2024, 7:39:39 PM",3.572,71.2,100,0,2024-04-10T00:39:39.000Z
"4/9/2024, 7:44:39 PM",3.572,71.2,100,0,2024-04-10T00:44:39.000Z
"4/9/2024, 7:49:39 PM",3.572,71.2,100,0,2024-04-10T00:49:39.000Z
"4/9/2024, 7:54:39 PM",3.572,71.1,100,0,2024-04-10T00:54:39.000Z
"4/9/2024, 7:59:39 PM",3.572,71.1,100,0,2024-04-10T00:59:39.000Z
"4/9/2024, 8:04:39 PM",3.572,71.1,100,0,2024-04-10T01:04:39.000Z
"4/9/2024, 8:09:39 PM",3.572,70.9,100,0,2024-04-10T01:09:39.000Z
"4/9/2024, 8:14:39 PM",3.572,70.9,100,0,2024-04-10T01:14:39.000Z
"4/9/2024, 8:19:39 PM",3.572,70.9,100,0,2024-04-10T01:19:39.000Z
"4/9/2024, 8:24:39 PM",3.571,70.7,100,0,2024-04-10T01:24:39.000Z
"4/9/2024, 8:29:39 PM",3.571,70.7,100,0,2024-04-10T01:29:39.000Z
"4/9/2024, 8:34:39 PM",3.571,70.7,100,0,2024-04-10T01:34:39.000Z
"4/9/2024, 8:39:39 PM",3.572,70.5,100,0,2024-04-10T01:39:39.000Z
"4/9/2024, 8:44:39 PM",3.572,70.3,100,0,2024-04-10T01:44:39.000Z
"4/9/2024, 8:49:39 PM",3.571,70.3,100,0,2024-04-10T01:49:39.000Z
"4/9/2024, 8:54:39 PM",3.571,70.2,100,0,2024-04-10T01:54:39.000Z
"4/9/2024, 8:59:39 PM",3.572,70.2,100,0,2024-04-10T01:59:39.000Z
"4/9/2024, 9:04:39 PM",3.572,70.2,100,0,2024-04-10T02:04:39.000Z
"4/9/2024, 9:09:39 PM",3.571,70,100,0,2024-04-10T02:09:39.000Z
"4/9/2024, 9:14:39 PM",3.572,70,100,0,2024-04-10T02:14:39.000Z
"4/9/2024, 9:19:39 PM",3.571,69.8,100,0,2024-04-10T02:19:39.000Z
"4/9/2024, 9:24:39 PM",3.572,69.6,100,0,2024-04-10T02:24:39.000Z
"4/9/2024, 9:29:39 PM",3.572,69.6,100,0,2024-04-10T02:29:39.000Z
"4/9/2024, 9:34:39 PM",3.571,69.4,100,0,2024-04-10T02:34:39.000Z
"4/9/2024, 9:39:39 PM",3.571,69.3,100,0,2024-04-10T02:39:39.000Z
"4/9/2024, 9:44:39 PM",3.572,69.3,100,0,2024-04-10T02:44:39.000Z
"4/9/2024, 9:49:39 PM",3.571,69.1,100,0,2024-04-10T02:49:39.000Z
"4/9/2024, 9:54:39 PM",3.572,69.1,100,0,2024-04-10T02:54:39.000Z
"4/9/2024, 9:59:39 PM",3.571,68.9,100,0,2024-04-10T02:59:39.000Z
"4/9/2024, 10:04:39 PM",3.572,68.9,100,0,2024-04-10T03:04:39.000Z
"4/9/2024, 10:09:39 PM",3.571,68.7,100,0,2024-04-10T03:09:39.000Z
"4/9/2024, 10:14:39 PM",3.572,68.5,100,0,2024-04-10T03:14:39.000Z
"4/9/2024, 10:19:39 PM",3.572,68.5,100,0,2024-04-10T03:19:39.000Z
"4/9/2024, 10:24:39 PM",3.573,68.4,100,0,2024-04-10T03:24:39.000Z
"4/9/2024, 10:29:39 PM",3.572,68.4,100,0,2024-04-10T03:29:39.000Z
"4/9/2024, 10:34:39 PM",3.571,68.4,100,0,2024-04-10T03:34:39.000Z
"4/9/2024, 10:39:39 PM",3.572,68.4,100,0,2024-04-10T03:39:39.000Z
"4/9/2024, 10:44:39 PM",3.572,68.2,100,0,2024-04-10T03:44:39.000Z
"4/9/2024, 10:49:39 PM",3.572,68.2,100,0,2024-04-10T03:49:39.000Z
"4/9/2024, 10:54:39 PM",3.571,68.2,100,0,2024-04-10T03:54:39.000Z
"4/9/2024, 10:59:39 PM",3.572,68,100,0,2024-04-10T03:59:39.000Z
"4/9/2024, 11:04:39 PM",3.572,68,100,0,2024-04-10T04:04:39.000Z
"4/9/2024, 11:09:39 PM",3.572,68,100,0,2024-04-10T04:09:39.000Z
"4/9/2024, 11:14:39 PM",3.571,68.2,100,0,2024-04-10T04:14:39.000Z
"4/9/2024, 11:19:39 PM",3.572,68.2,100,0,2024-04-10T04:19:39.000Z
"4/9/2024, 11:24:39 PM",3.571,68.2,100,0,2024-04-10T04:24:39.000Z
"4/9/2024, 11:29:39 PM",3.572,68.2,100,0,2024-04-10T04:29:39.000Z
"4/9/2024, 11:34:39 PM",3.572,68.2,100,0,2024-04-10T04:34:39.000Z
"4/9/2024, 11:39:39 PM",3.571,68.2,100,0,2024-04-10T04:39:39.000Z
"4/9/2024, 11:44:39 PM",3.571,68.4,100,0,2024-04-10T04:44:39.000Z
"4/9/2024, 11:49:39 PM",3.571,68.2,100,0,2024-04-10T04:49:39.000Z
"4/9/2024, 11:54:39 PM",3.571,68.2,100,0,2024-04-10T04:54:39.000Z
"4/9/2024, 11:59:39 PM",3.572,68.2,100,0,2024-04-10T04:59:39.000Z
"4/10/2024, 12:04:39 AM",3.571,68.2,100,0,2024-04-10T05:04:39.000Z
"4/10/2024, 12:09:39 AM",3.571,68.2,100,0,2024-04-10T05:09:39.000Z
"4/10/2024, 12:14:39 AM",3.571,68,100,0,2024-04-10T05:14:39.000Z
"4/10/2024, 12:19:39 AM",3.571,68,100,0,2024-04-10T05:19:39.000Z
"4/10/2024, 12:24:39 AM",3.571,68,100,0,2024-04-10T05:24:39.000Z
"4/10/2024, 12:29:39 AM",3.571,67.8,100,0,2024-04-10T05:29:39.000Z
"4/10/2024, 12:34:39 AM",3.571,67.8,100,0,2024-04-10T05:34:39.000Z
"4/10/2024, 12:39:39 AM",3.571,67.8,100,0,2024-04-10T05:39:39.000Z
"4/10/2024, 12:44:39 AM",3.571,67.8,100,0,2024-04-10T05:44:39.000Z
"4/10/2024, 12:49:39 AM",3.571,67.8,100,0,2024-04-10T05:49:39.000Z
"4/10/2024, 12:54:39 AM",3.571,67.8,100,0,2024-04-10T05:54:39.000Z
"4/10/2024, 12:59:39 AM",3.571,67.8,100,0,2024-04-10T05:59:39.000Z
"4/10/2024, 1:04:39 AM",3.571,67.8,100,0,2024-04-10T06:04:39.000Z
"4/10/2024, 1:09:39 AM",3.571,67.8,100,0,2024-04-10T06:09:39.000Z
"4/10/2024, 1:14:39 AM",3.571,67.8,100,0,2024-04-10T06:14:39.000Z
"4/10/2024, 1:19:39 AM",3.571,67.8,100,0,2024-04-10T06:19:39.000Z
"4/10/2024, 1:24:39 AM",3.571,67.8,100,0,2024-04-10T06:24:39.000Z
"4/10/2024, 1:29:39 AM",3.571,67.8,100,0,2024-04-10T06:29:39.000Z
"4/10/2024, 1:34:39 AM",3.571,67.6,100,0,2024-04-10T06:34:39.000Z
"4/10/2024, 1:39:39 AM",3.571,67.6,100,0,2024-04-10T06:39:39.000Z
"4/10/2024, 1:44:39 AM",3.571,67.6,100,0,2024-04-10T06:44:39.000Z
"4/10/2024, 1:49:39 AM",3.571,67.6,100,0,2024-04-10T06:49:39.000Z
"4/10/2024, 1:54:39 AM",3.571,67.6,100,0,2024-04-10T06:54:39.000Z
"4/10/2024, 1:59:39 AM",3.571,67.6,100,0,2024-04-10T06:59:39.000Z
"4/10/2024, 2:04:39 AM",3.57,67.5,100,0,2024-04-10T07:04:39.000Z
"4/10/2024, 2:09:39 AM",3.571,67.5,100,0,2024-04-10T07:09:39.000Z
"4/10/2024, 2:14:39 AM",3.57,67.5,100,0,2024-04-10T07:14:39.000Z
"4/10/2024, 2:19:39 AM",3.571,67.5,100,0,2024-04-10T07:19:39.000Z
"4/10/2024, 2:24:39 AM",3.57,67.5,100,0,2024-04-10T07:24:39.000Z
"4/10/2024, 2:29:39 AM",3.571,67.5,100,0,2024-04-10T07:29:39.000Z
"4/10/2024, 2:34:39 AM",3.571,67.3,100,0,2024-04-10T07:34:39.000Z
"4/10/2024, 2:39:39 AM",3.571,67.3,100,0,2024-04-10T07:39:39.000Z
"4/10/2024, 2:44:39 AM",3.571,67.3,100,0,2024-04-10T07:44:39.000Z
"4/10/2024, 2:49:39 AM",3.571,67.3,100,0,2024-04-10T07:49:39.000Z
"4/10/2024, 2:54:39 AM",3.57,67.1,100,0,2024-04-10T07:54:39.000Z
"4/10/2024, 2:59:39 AM",3.57,67.1,100,0,2024-04-10T07:59:39.000Z
"4/10/2024, 3:04:39 AM",3.57,67.1,100,0,2024-04-10T08:04:39.000Z
"4/10/2024, 3:09:39 AM",3.57,67.1,100,0,2024-04-10T08:09:39.000Z
"4/10/2024, 3:14:39 AM",3.571,67.1,100,0,2024-04-10T08:14:39.000Z
"4/10/2024, 3:19:39 AM",3.571,67.1,100,0,2024-04-10T08:19:39.000Z
"4/10/2024, 3:24:39 AM",3.57,67.3,100,0,2024-04-10T08:24:39.000Z
"4/10/2024, 3:29:39 AM",3.57,67.3,100,0,2024-04-10T08:29:39.000Z
"4/10/2024, 3:34:39 AM",3.57,67.5,100,0,2024-04-10T08:34:39.000Z
"4/10/2024, 3:39:39 AM",3.57,67.5,100,0,2024-04-10T08:39:39.000Z
"4/10/2024, 3:44:39 AM",3.57,67.5,100,0,2024-04-10T08:44:39.000Z
"4/10/2024, 3:49:39 AM",3.57,67.6,100,0,2024-04-10T08:49:39.000Z
"4/10/2024, 3:54:39 AM",3.57,67.6,100,0,2024-04-10T08:54:39.000Z
"4/10/2024, 3:59:39 AM",3.57,67.8,100,0,2024-04-10T08:59:39.000Z
"4/10/2024, 4:04:39 AM",3.57,67.8,100,0,2024-04-10T09:04:39.000Z
"4/10/2024, 4:09:39 AM",3.57,67.8,100,0,2024-04-10T09:09:39.000Z
"4/10/2024, 4:14:39 AM",3.57,67.8,100,0,2024-04-10T09:14:39.000Z
"4/10/2024, 4:19:39 AM",3.57,67.8,100,0,2024-04-10T09:19:39.000Z
"4/10/2024, 4:24:39 AM",3.57,68,100,0,2024-04-10T09:24:39.000Z
"4/10/2024, 4:29:39 AM",3.57,68,100,0,2024-04-10T09:29:39.000Z
"4/10/2024, 4:34:39 AM",3.57,68,100,0,2024-04-10T09:34:39.000Z
"4/10/2024, 4:39:39 AM",3.57,68.2,100,0,2024-04-10T09:39:39.000Z
"4/10/2024, 4:44:39 AM",3.57,68.2,100,0,2024-04-10T09:44:39.000Z
"4/10/2024, 4:49:39 AM",3.57,68.4,100,0,2024-04-10T09:49:39.000Z
"4/10/2024, 4:54:39 AM",3.569,68.4,100,0,2024-04-10T09:54:39.000Z
"4/10/2024, 4:59:39 AM",3.569,68.7,100,0,2024-04-10T09:59:39.000Z
"4/10/2024, 5:04:39 AM",3.57,68.9,100,0,2024-04-10T10:04:39.000Z
"4/10/2024, 5:09:39 AM",3.569,69.3,100,0,2024-04-10T10:09:39.000Z
"4/10/2024, 5:14:39 AM",3.569,69.4,100,0,2024-04-10T10:14:39.000Z
"4/10/2024, 5:19:39 AM",3.569,69.4,100,0,2024-04-10T10:19:39.000Z
"4/10/2024, 5:24:39 AM",3.569,69.6,100,0,2024-04-10T10:24:39.000Z
"4/10/2024, 5:29:39 AM",3.569,69.6,100,0,2024-04-10T10:29:39.000Z
"4/10/2024, 5:34:39 AM",3.569,69.8,100,0,2024-04-10T10:34:39.000Z
"4/10/2024, 5:39:39 AM",3.569,69.8,100,0,2024-04-10T10:39:39.000Z
"4/10/2024, 5:44:39 AM",3.569,69.8,100,0,2024-04-10T10:44:39.000Z
"4/10/2024, 5:49:39 AM",3.569,69.8,100,0,2024-04-10T10:49:39.000Z
"4/10/2024, 5:54:39 AM",3.569,69.6,100,0,2024-04-10T10:54:39.000Z
"4/10/2024, 5:59:39 AM",3.569,69.4,100,0,2024-04-10T10:59:39.000Z
"4/10/2024, 6:04:39 AM",3.569,69.3,100,0,2024-04-10T11:04:39.000Z
"4/10/2024, 6:09:39 AM",3.569,69.3,100,0,2024-04-10T11:09:39.000Z
"4/10/2024, 6:14:39 AM",3.569,69.1,100,0,2024-04-10T11:14:39.000Z
"4/10/2024, 6:19:39 AM",3.569,69.1,100,0,2024-04-10T11:19:39.000Z
"4/10/2024, 6:24:39 AM",3.57,68.9,100,0,2024-04-10T11:24:39.000Z
"4/10/2024, 6:29:39 AM",3.569,68.9,100,0,2024-04-10T11:29:39.000Z
"4/10/2024, 6:34:39 AM",3.569,69.1,100,0,2024-04-10T11:34:39.000Z
"4/10/2024, 6:39:39 AM",3.57,69.3,100,0,2024-04-10T11:39:39.000Z
"4/10/2024, 6:44:39 AM",3.569,69.4,100,0,2024-04-10T11:44:39.000Z
"4/10/2024, 6:49:39 AM",3.569,69.6,100,0,2024-04-10T11:49:39.000Z
"4/10/2024, 6:54:39 AM",3.57,69.8,100,0,2024-04-10T11:54:39.000Z
"4/10/2024, 6:59:39 AM",3.569,69.8,100,0,2024-04-10T11:59:39.000Z
"4/10/2024, 7:04:39 AM",3.57,69.8,100,0,2024-04-10T12:04:39.000Z
"4/10/2024, 7:09:39 AM",3.569,69.8,100,0,2024-04-10T12:09:39.000Z
"4/10/2024, 7:14:39 AM",3.569,69.8,100,0,2024-04-10T12:14:39.000Z
"4/10/2024, 7:19:39 AM",3.569,70,100,0,2024-04-10T12:19:39.000Z
"4/10/2024, 7:24:39 AM",3.569,69.8,100,0,2024-04-10T12:24:39.000Z
"4/10/2024, 7:29:39 AM",3.569,70,100,0,2024-04-10T12:29:39.000Z
"4/10/2024, 7:34:39 AM",3.569,70,100,0,2024-04-10T12:34:39.000Z
"4/10/2024, 7:39:39 AM",3.569,70,100,0,2024-04-10T12:39:39.000Z
"4/10/2024, 7:44:39 AM",3.569,70,100,0,2024-04-10T12:44:39.000Z
"4/10/2024, 7:49:39 AM",3.569,70,100,0,2024-04-10T12:49:39.000Z
"4/10/2024, 7:54:39 AM",3.569,70.2,100,0,2024-04-10T12:54:39.000Z
"4/10/2024, 7:59:39 AM",3.569,70.2,100,0,2024-04-10T12:59:39.000Z
"4/10/2024, 8:04:39 AM",3.569,70.3,100,0,2024-04-10T13:04:39.000Z
"4/10/2024, 8:09:39 AM",3.569,70.3,100,0,2024-04-10T13:09:39.000Z
"4/10/2024, 8:14:39 AM",3.569,70.5,100,0,2024-04-10T13:14:39.000Z
"4/10/2024, 8:19:39 AM",3.569,70.7,100,0,2024-04-10T13:19:39.000Z
"4/10/2024, 8:24:39 AM",3.569,70.9,100,0,2024-04-10T13:24:39.000Z
"4/10/2024, 8:29:39 AM",3.569,71.1,100,0,2024-04-10T13:29:39.000Z
"4/10/2024, 8:34:39 AM",3.57,71.4,100,0,2024-04-10T13:34:39.000Z
"4/10/2024, 8:39:39 AM",3.569,71.8,100,0,2024-04-10T13:39:39.000Z
"4/10/2024, 8:44:39 AM",3.569,71.8,100,0,2024-04-10T13:44:39.000Z
"4/10/2024, 8:49:39 AM",3.569,72,100,0,2024-04-10T13:49:39.000Z
"4/10/2024, 8:54:39 AM",3.569,72,100,0,2024-04-10T13:54:39.000Z
"4/10/2024, 8:59:39 AM",3.569,72.3,100,0,2024-04-10T13:59:39.000Z
"4/10/2024, 9:04:39 AM",3.569,72.5,100,0,2024-04-10T14:04:39.000Z
"4/10/2024, 9:09:39 AM",3.569,72.7,100,0,2024-04-10T14:09:39.000Z
"4/10/2024, 9:14:39 AM",3.568,73,100,0,2024-04-10T14:14:39.000Z
"4/10/2024, 9:19:39 AM",3.569,73.4,100,0,2024-04-10T14:19:39.000Z
"4/10/2024, 9:24:39 AM",3.569,73.6,100,0,2024-04-10T14:24:39.000Z
"4/10/2024, 9:29:39 AM",3.569,73.8,100,0,2024-04-10T14:29:39.000Z
"4/10/2024, 9:34:39 AM",3.569,73.8,100,0,2024-04-10T14:34:39.000Z
"4/10/2024, 9:39:39 AM",3.569,73.8,100,0,2024-04-10T14:39:39.000Z
"4/10/2024, 9:44:39 AM",3.568,73.8,100,0,2024-04-10T14:44:39.000Z
"4/10/2024, 9:49:39 AM",3.569,73.8,100,0,2024-04-10T14:49:39.000Z
"4/10/2024, 9:54:39 AM",3.569,73.6,100,0,2024-04-10T14:54:39.000Z
"4/10/2024, 9:59:39 AM",3.569,73.4,100,0,2024-04-10T14:59:39.000Z
"4/10/2024, 10:04:39 AM",3.569,73.4,100,0,2024-04-10T15:04:39.000Z
"4/10/2024, 10:09:39 AM",3.569,73.2,100,0,2024-04-10T15:09:39.000Z
"4/10/2024, 10:14:39 AM",3.569,73.2,100,0,2024-04-10T15:14:39.000Z
"4/10/2024, 10:19:39 AM",3.569,73.2,100,0,2024-04-10T15:19:39.000Z
"4/10/2024, 10:24:39 AM",3.569,73.4,100,0,2024-04-10T15:24:39.000Z
"4/10/2024, 10:29:39 AM",3.569,73.4,100,0,2024-04-10T15:29:39.000Z
"4/10/2024, 10:34:39 AM",3.569,73.4,100,0,2024-04-10T15:34:39.000Z
"4/10/2024, 10:39:39 AM",3.569,73.4,100,0,2024-04-10T15:39:39.000Z
"4/10/2024, 10:44:39 AM",3.569,73.4,100,0,2024-04-10T15:44:39.000Z
"4/10/2024, 10:49:39 AM",3.569,73.4,100,0,2024-04-10T15:49:39.000Z
"4/10/2024, 10:54:39 AM",3.569,73.2,100,0,2024-04-10T15:54:39.000Z
"4/10/2024, 10:59:39 AM",3.569,73.2,100,0,2024-04-10T15:59:39.000Z
"4/10/2024, 11:04:39 AM",3.569,73.4,100,0,2024-04-10T16:04:39.000Z
"4/10/2024, 11:09:39 AM",3.569,73.4,100,0,2024-04-10T16:09:39.000Z
"4/10/2024, 11:14:39 AM",3.57,73.4,100,0,2024-04-10T16:14:39.000Z
"4/10/2024, 11:19:39 AM",3.569,73.4,100,0,2024-04-10T16:19:39.000Z
"4/10/2024, 11:24:39 AM",3.569,73.6,100,0,2024-04-10T16:24:39.000Z
"4/10/2024, 11:29:39 AM",3.569,73.8,100,0,2024-04-10T16:29:39.000Z
"4/10/2024, 11:34:39 AM",3.569,73.8,100,0,2024-04-10T16:34:39.000Z
"4/10/2024, 11:39:39 AM",3.569,73.9,100,0,2024-04-10T16:39:39.000Z
"4/10/2024, 11:44:39 AM",3.569,73.9,100,0,2024-04-10T16:44:39.000Z
"4/10/2024, 11:49:39 AM",3.569,73.9,100,0,2024-04-10T16:49:39.000Z
"4/10/2024, 11:54:39 AM",3.569,73.8,100,0,2024-04-10T16:54:39.000Z
"4/10/2024, 11:59:39 AM",3.569,73.6,100,0,2024-04-10T16:59:39.000Z
"4/10/2024, 12:04:39 PM",3.569,73.6,100,0,2024-04-10T17:04:39.000Z
"4/10/2024, 12:09:39 PM",3.569,73.4,100,0,2024-04-10T17:09:39.000Z
"4/10/2024, 12:14:39 PM",3.569,73.6,100,0,2024-04-10T17:14:39.000Z
"4/10/2024, 12:19:39 PM",3.569,73.6,100,0,2024-04-10T17:19:39.000Z
"4/10/2024, 12:24:39 PM",3.569,73.6,100,0,2024-04-10T17:24:39.000Z
"4/10/2024, 12:29:39 PM",3.569,73.6,100,0,2024-04-10T17:29:39.000Z
"4/10/2024, 12:34:39 PM",3.569,73.6,100,0,2024-04-10T17:34:39.000Z
"4/10/2024, 12:39:39 PM",3.569,73.4,100,0,2024-04-10T17:39:39.000Z
"4/10/2024, 12:44:39 PM",3.569,73.4,100,0,2024-04-10T17:44:39.000Z
"4/10/2024, 12:49:39 PM",3.57,73.4,100,0,2024-04-10T17:49:39.000Z
"4/10/2024, 12:54:39 PM",3.57,73.4,100,0,2024-04-10T17:54:39.000Z
"4/10/2024, 12:59:39 PM",3.57,73.6,100,0,2024-04-10T17:59:39.000Z
"4/10/2024, 1:04:39 PM",3.569,73.9,100,0,2024-04-10T18:04:39.000Z
"4/10/2024, 1:09:39 PM",3.569,74.3,100,0,2024-04-10T18:09:39.000Z
"4/10/2024, 1:14:39 PM",3.569,74.7,100,0,2024-04-10T18:14:39.000Z
"4/10/2024, 1:19:39 PM",3.569,74.8,100,0,2024-04-10T18:19:39.000Z
"4/10/2024, 1:24:39 PM",3.569,75,100,0,2024-04-10T18:24:39.000Z
"4/10/2024, 1:29:39 PM",3.569,75,100,0,2024-04-10T18:29:39.000Z
"4/10/2024, 1:34:39 PM",3.569,75.2,100,0,2024-04-10T18:34:39.000Z
"4/10/2024, 1:39:39 PM",3.569,75.2,100,0,2024-04-10T18:39:39.000Z
"4/10/2024, 1:44:39 PM",3.569,75.2,100,0,2024-04-10T18:44:39.000Z
"4/10/2024, 1:49:39 PM",3.569,75.2,100,0,2024-04-10T18:49:39.000Z
"4/10/2024, 1:54:39 PM",3.569,75.4,100,0,2024-04-10T18:54:39.000Z
"4/10/2024, 1:59:39 PM",3.569,75.4,100,0,2024-04-10T18:59:39.000Z
"4/10/2024, 2:04:39 PM",3.569,75.4,100,0,2024-04-10T19:04:39.000Z
"4/10/2024, 2:09:39 PM",3.569,75.6,100,0,2024-04-10T19:09:39.000Z
"4/10/2024, 2:14:39 PM",3.569,75.6,100,0,2024-04-10T19:14:39.000Z
"4/10/2024, 2:19:39 PM",3.569,75.6,100,0,2024-04-10T19:19:39.000Z
"4/10/2024, 2:24:39 PM",3.569,75.6,100,0,2024-04-10T19:24:39.000Z
"4/10/2024, 2:29:39 PM",3.569,75.6,100,0,2024-04-10T19:29:39.000Z
"4/10/2024, 2:34:39 PM",3.569,75.6,100,0,2024-04-10T19:34:39.000Z
"4/10/2024, 2:39:39 PM",3.57,75.6,100,0,2024-04-10T19:39:39.000Z
"4/10/2024, 2:44:39 PM",3.569,75.6,100,0,2024-04-10T19:44:39.000Z
"4/10/2024, 2:49:39 PM",3.569,75.6,100,0,2024-04-10T19:49:39.000Z
"4/10/2024, 2:54:39 PM",3.569,75.6,100,0,2024-04-10T19:54:39.000Z
"4/10/2024, 2:59:39 PM",3.569,75.6,100,0,2024-04-10T19:59:39.000Z
"4/10/2024, 3:04:39 PM",3.569,75.6,100,0,2024-04-10T20:04:39.000Z
"4/10/2024, 3:09:39 PM",3.569,75.6,100,0,2024-04-10T20:09:39.000Z
"4/10/2024, 3:14:39 PM",3.57,75.6,100,0,2024-04-10T20:14:39.000Z
"4/10/2024, 3:19:39 PM",3.569,75.4,100,0,2024-04-10T20:19:39.000Z
"4/10/2024, 3:24:39 PM",3.569,75.2,100,0,2024-04-10T20:24:39.000Z
"4/10/2024, 3:29:39 PM",3.569,75,100,0,2024-04-10T20:29:39.000Z
"4/10/2024, 3:34:39 PM",3.57,75,100,0,2024-04-10T20:34:39.000Z
"4/10/2024, 3:39:39 PM",3.57,74.8,100,0,2024-04-10T20:39:39.000Z
"4/10/2024, 3:44:39 PM",3.57,74.5,100,0,2024-04-10T20:44:39.000Z
"4/10/2024, 3:49:39 PM",3.57,74.1,100,0,2024-04-10T20:49:39.000Z
"4/10/2024, 3:54:39 PM",3.57,73.9,100,0,2024-04-10T20:54:39.000Z
"4/10/2024, 3:59:39 PM",3.57,73.8,100,0,2024-04-10T20:59:39.000Z
"4/10/2024, 4:04:39 PM",3.57,73.4,100,0,2024-04-10T21:04:39.000Z
"4/10/2024, 4:09:39 PM",3.57,73.4,100,0,2024-04-10T21:09:39.000Z
"4/10/2024, 4:14:39 PM",3.57,73.2,100,0,2024-04-10T21:14:39.000Z
"4/10/2024, 4:19:39 PM",3.57,73,100,0,2024-04-10T21:19:39.000Z
"4/10/2024, 4:24:39 PM",3.57,73,100,0,2024-04-10T21:24:39.000Z
"4/10/2024, 4:29:39 PM",3.57,73,100,0,2024-04-10T21:29:39.000Z
"4/10/2024, 4:34:39 PM",3.57,73,100,0,2024-04-10T21:34:39.000Z
"4/10/2024, 4:39:39 PM",3.57,72.9,100,0,2024-04-10T21:39:39.000Z
"4/10/2024, 4:44:39 PM",3.57,72.9,100,0,2024-04-10T21:44:39.000Z
"4/10/2024, 4:49:39 PM",3.57,72.7,100,0,2024-04-10T21:49:39.000Z
"4/10/2024, 4:54:39 PM",3.57,72.7,100,0,2024-04-10T21:54:39.000Z
"4/10/2024, 4:59:39 PM",3.57,72.7,100,0,2024-04-10T21:59:39.000Z
"4/10/2024, 5:04:39 PM",3.57,72.7,100,0,2024-04-10T22:04:39.000Z
"4/10/2024, 5:09:39 PM",3.57,72.7,100,0,2024-04-10T22:09:39.000Z
"4/10/2024, 5:14:39 PM",3.57,72.5,100,0,2024-04-10T22:14:39.000Z
"4/10/2024, 5:19:39 PM",3.57,72.5,100,0,2024-04-10T22:19:39.000Z
"4/10/2024, 5:24:39 PM",3.57,72.5,100,0,2024-04-10T22:24:39.000Z
"4/10/2024, 5:29:39 PM",3.57,72.7,100,0,2024-04-10T22:29:39.000Z
"4/10/2024, 5:34:39 PM",3.57,72.5,100,0,2024-04-10T22:34:39.000Z
"4/10/2024, 5:39:39 PM",3.57,72.5,100,0,2024-04-10T22:39:39.000Z
"4/10/2024, 5:44:39 PM",3.57,72.3,100,0,2024-04-10T22:44:39.000Z
"4/10/2024, 5:49:39 PM",3.57,72.3,100,0,2024-04-10T22:49:39.000Z
"4/10/2024, 5:54:39 PM",3.57,72.3,100,0,2024-04-10T22:54:39.000Z
"4/10/2024, 5:59:39 PM",3.569,72.3,100,0,2024-04-10T22:59:39.000Z
"4/10/2024, 6:04:39 PM",3.57,72.3,100,0,2024-04-10T23:04:39.000Z
"4/10/2024, 6:09:39 PM",3.57,72.3,100,0,2024-04-10T23:09:39.000Z
"4/10/2024, 6:14:39 PM",3.57,72.3,100,0,2024-04-10T23:14:39.000Z
"4/10/2024, 6:19:39 PM",3.57,72.3,100,0,2024-04-10T23:19:39.000Z
"4/10/2024, 6:24:39 PM",3.57,72.3,100,0,2024-04-10T23:24:39.000Z
"4/10/2024, 6:29:39 PM",3.57,72.3,100,0,2024-04-10T23:29:39.000Z
"4/10/2024, 6:34:39 PM",3.57,72.1,100,0,2024-04-10T23:34:39.000Z
"4/10/2024, 6:39:39 PM",3.57,72,100,0,2024-04-10T23:39:39.000Z
"4/10/2024, 6:44:39 PM",3.57,71.6,100,0,2024-04-10T23:44:39.000Z
"4/10/2024, 6:49:39 PM",3.57,71.2,100,0,2024-04-10T23:49:39.000Z
"4/10/2024, 6:54:39 PM",3.57,71.1,100,0,2024-04-10T23:54:39.000Z
"4/10/2024, 6:59:39 PM",3.57,71.1,100,0,2024-04-10T23:59:39.000Z
"4/10/2024, 7:04:39 PM",3.57,70.9,100,0,2024-04-11T00:04:39.000Z
"4/10/2024, 7:09:39 PM",3.57,70.9,100,0,2024-04-11T00:09:39.000Z
"4/10/2024, 7:14:39 PM",3.57,70.9,100,0,2024-04-11T00:14:39.000Z
"4/10/2024, 7:19:39 PM",3.57,70.7,100,0,2024-04-11T00:19:39.000Z
"4/10/2024, 7:24:39 PM",3.57,70.7,100,0,2024-04-11T00:24:39.000Z
"4/10/2024, 7:29:39 PM",3.57,70.7,100,0,2024-04-11T00:29:39.000Z
"4/10/2024, 7:34:39 PM",3.569,70.7,100,0,2024-04-11T00:34:39.000Z
"4/10/2024, 7:39:39 PM",3.57,70.7,100,0,2024-04-11T00:39:39.000Z
"4/10/2024, 7:44:39 PM",3.57,70.7,100,0,2024-04-11T00:44:39.000Z
"4/10/2024, 7:49:39 PM",3.569,70.9,100,0,2024-04-11T00:49:39.000Z
"4/10/2024, 7:54:39 PM",3.57,70.9,100,0,2024-04-11T00:54:39.000Z
"4/10/2024, 7:59:39 PM",3.569,71.1,100,0,2024-04-11T00:59:39.000Z
"4/10/2024, 8:04:39 PM",3.569,71.1,100,0,2024-04-11T01:04:39.000Z
"4/10/2024, 8:09:39 PM",3.569,71.2,100,0,2024-04-11T01:09:39.000Z
"4/10/2024, 8:14:39 PM",3.569,71.2,100,0,2024-04-11T01:14:39.000Z
"4/10/2024, 8:19:39 PM",3.569,71.2,100,0,2024-04-11T01:19:39.000Z
"4/10/2024, 8:24:39 PM",3.569,71.4,100,0,2024-04-11T01:24:39.000Z
"4/10/2024, 8:29:39 PM",3.57,71.4,100,0,2024-04-11T01:29:39.000Z
"4/10/2024, 8:34:39 PM",3.57,71.4,100,0,2024-04-11T01:34:39.000Z
"4/10/2024, 8:39:39 PM",3.569,71.4,100,0,2024-04-11T01:39:39.000Z
"4/10/2024, 8:44:39 PM",3.569,71.6,100,0,2024-04-11T01:44:39.000Z
"4/10/2024, 8:49:39 PM",3.57,71.6,100,0,2024-04-11T01:49:39.000Z
"4/10/2024, 8:54:39 PM",3.569,71.6,100,0,2024-04-11T01:54:39.000Z
"4/10/2024, 8:59:39 PM",3.569,71.4,100,0,2024-04-11T01:59:39.000Z
"4/10/2024, 9:04:39 PM",3.57,71.6,100,0,2024-04-11T02:04:39.000Z
"4/10/2024, 9:09:39 PM",3.569,71.6,100,0,2024-04-11T02:09:39.000Z
"4/10/2024, 9:14:39 PM",3.569,71.6,100,0,2024-04-11T02:14:39.000Z
"4/10/2024, 9:19:39 PM",3.57,71.6,100,0,2024-04-11T02:19:39.000Z
"4/10/2024, 9:24:39 PM",3.569,71.6,100,0,2024-04-11T02:24:39.000Z
"4/10/2024, 9:29:39 PM",3.569,71.6,100,0,2024-04-11T02:29:39.000Z
"4/10/2024, 9:34:39 PM",3.569,71.8,100,0,2024-04-11T02:34:39.000Z
"4/10/2024, 9:39:39 PM",3.569,71.8,100,0,2024-04-11T02:39:39.000Z
"4/10/2024, 9:44:39 PM",3.569,71.8,100,0,2024-04-11T02:44:39.000Z
"4/10/2024, 9:49:39 PM",3.569,71.8,100,0,2024-04-11T02:49:39.000Z
"4/10/2024, 9:54:39 PM",3.569,71.8,100,0,2024-04-11T02:54:39.000Z
"4/10/2024, 9:59:39 PM",3.569,71.8,100,0,2024-04-11T02:59:39.000Z
"4/10/2024, 10:04:39 PM",3.569,72,100,0,2024-04-11T03:04:39.000Z
"4/10/2024, 10:09:39 PM",3.569,72.1,100,0,2024-04-11T03:09:39.000Z
"4/10/2024, 10:14:39 PM",3.569,72.3,100,0,2024-04-11T03:14:39.000Z
"4/10/2024, 10:19:39 PM",3.569,72.5,100,0,2024-04-11T03:19:39.000Z
"4/10/2024, 10:24:39 PM",3.569,72.7,100,0,2024-04-11T03:24:39.000Z
"4/10/2024, 10:29:39 PM",3.569,72.7,100,0,2024-04-11T03:29:39.000Z
"4/10/2024, 10:34:39 PM",3.569,72.9,100,0,2024-04-11T03:34:39.000Z
"4/10/2024, 10:39:39 PM",3.569,72.9,100,0,2024-04-11T03:39:39.000Z
"4/10/2024, 10:44:39 PM",3.569,72.9,100,0,2024-04-11T03:44:39.000Z
"4/10/2024, 10:49:39 PM",3.569,72.9,100,0,2024-04-11T03:49:39.000Z
"4/10/2024, 10:54:39 PM",3.569,72.9,100,0,2024-04-11T03:54:39.000Z
"4/10/2024, 10:59:39 PM",3.569,72.9,100,0,2024-04-11T03:59:39.000Z
"4/10/2024, 11:04:39 PM",3.569,72.9,100,0,2024-04-11T04:04:39.000Z
"4/10/2024, 11:09:39 PM",3.569,72.9,100,0,2024-04-11T04:09:39.000Z
"4/10/2024, 11:14:39 PM",3.569,72.9,100,0,2024-04-11T04:14:39.000Z
"4/10/2024, 11:19:39 PM",3.569,72.9,100,0,2024-04-11T04:19:39.000Z
"4/10/2024, 11:24:39 PM",3.569,72.7,100,0,2024-04-11T04:24:39.000Z
"4/10/2024, 11:29:39 PM",3.569,72.7,100,0,2024-04-11T04:29:39.000Z
"4/10/2024, 11:34:39 PM",3.569,72.5,100,0,2024-04-11T04:34:39.000Z
"4/10/2024, 11:39:39 PM",3.569,72.5,100,0,2024-04-11T04:39:39.000Z
"4/10/2024, 11:44:39 PM",3.569,72.5,100,0,2024-04-11T04:44:39.000Z
"4/10/2024, 11:49:39 PM",3.569,72.5,100,0,2024-04-11T04:49:39.000Z
"4/10/2024, 11:54:39 PM",3.569,72.5,100,0,2024-04-11T04:54:39.000Z
"4/10/2024, 11:59:39 PM",3.569,72.3,100,0,2024-04-11T04:59:39.000Z
"4/11/2024, 12:04:39 AM",3.569,72.3,100,0,2024-04-11T05:04:39.000Z
"4/11/2024, 12:09:39 AM",3.569,72.1,100,0,2024-04-11T05:09:39.000Z
"4/11/2024, 12:14:39 AM",3.569,72.1,100,0,2024-04-11T05:14:39.000Z
"4/11/2024, 12:19:39 AM",3.569,72,100,0,2024-04-11T05:19:39.000Z
"4/11/2024, 12:24:39 AM",3.569,71.8,100,0,2024-04-11T05:24:39.000Z
"4/11/2024, 12:29:39 AM",3.569,71.6,100,0,2024-04-11T05:29:39.000Z
"4/11/2024, 12:34:39 AM",3.569,71.4,100,0,2024-04-11T05:34:39.000Z
"4/11/2024, 12:39:39 AM",3.569,71.2,100,0,2024-04-11T05:39:39.000Z
"4/11/2024, 12:44:39 AM",3.569,71.1,100,0,2024-04-11T05:44:39.000Z
"4/11/2024, 12:49:39 AM",3.569,71.1,100,0,2024-04-11T05:49:39.000Z
"4/11/2024, 12:54:39 AM",3.569,70.9,100,0,2024-04-11T05:54:39.000Z
"4/11/2024, 12:59:39 AM",3.57,70.9,100,0,2024-04-11T05:59:39.000Z
"4/11/2024, 1:04:39 AM",3.569,70.7,100,0,2024-04-11T06:04:39.000Z
"4/11/2024, 1:09:39 AM",3.569,70.5,100,0,2024-04-11T06:09:39.000Z
"4/11/2024, 1:14:39 AM",3.57,70.5,100,0,2024-04-11T06:14:39.000Z
"4/11/2024, 1:19:39 AM",3.569,70.3,100,0,2024-04-11T06:19:39.000Z
"4/11/2024, 1:24:39 AM",3.569,70.3,100,0,2024-04-11T06:24:39.000Z
"4/11/2024, 1:29:39 AM",3.57,70.2,100,0,2024-04-11T06:29:39.000Z
"4/11/2024, 1:34:39 AM",3.569,70.2,100,0,2024-04-11T06:34:39.000Z
"4/11/2024, 1:39:39 AM",3.569,70.2,100,0,2024-04-11T06:39:39.000Z
"4/11/2024, 1:44:39 AM",3.569,70.2,100,0,2024-04-11T06:44:39.000Z
"4/11/2024, 1:49:39 AM",3.569,70.2,100,0,2024-04-11T06:49:39.000Z
"4/11/2024, 1:54:39 AM",3.569,70.2,100,0,2024-04-11T06:54:39.000Z
"4/11/2024, 1:59:39 AM",3.569,70.3,100,0,2024-04-11T06:59:39.000Z
"4/11/2024, 2:04:39 AM",3.569,70.3,100,0,2024-04-11T07:04:39.000Z
"4/11/2024, 2:09:39 AM",3.569,70.5,100,0,2024-04-11T07:09:39.000Z
"4/11/2024, 2:14:39 AM",3.569,70.5,100,0,2024-04-11T07:14:39.000Z
"4/11/2024, 2:19:39 AM",3.569,70.5,100,0,2024-04-11T07:19:39.000Z
"4/11/2024, 2:24:39 AM",3.569,70.7,100,0,2024-04-11T07:24:39.000Z
"4/11/2024, 2:29:39 AM",3.569,70.7,100,0,2024-04-11T07:29:39.000Z
"4/11/2024, 2:34:39 AM",3.569,70.7,100,0,2024-04-11T07:34:39.000Z
"4/11/2024, 2:39:39 AM",3.569,70.9,100,0,2024-04-11T07:39:39.000Z
"4/11/2024, 2:44:39 AM",3.569,70.9,100,0,2024-04-11T07:44:39.000Z
"4/11/2024, 2:49:39 AM",3.569,71.1,100,0,2024-04-11T07:49:39.000Z
"4/11/2024, 2:54:39 AM",3.569,71.2,100,0,2024-04-11T07:54:39.000Z
"4/11/2024, 2:59:39 AM",3.569,71.4,100,0,2024-04-11T07:59:39.000Z
"4/11/2024, 3:04:39 AM",3.569,71.6,100,0,2024-04-11T08:04:39.000Z
"4/11/2024, 3:09:39 AM",3.569,71.8,100,0,2024-04-11T08:09:39.000Z
"4/11/2024, 3:14:39 AM",3.569,72,100,0,2024-04-11T08:14:39.000Z
"4/11/2024, 3:19:39 AM",3.568,72.3,100,0,2024-04-11T08:19:39.000Z
"4/11/2024, 3:24:39 AM",3.568,72.5,100,0,2024-04-11T08:24:39.000Z
"4/11/2024, 3:29:39 AM",3.568,72.7,100,0,2024-04-11T08:29:39.000Z
"4/11/2024, 3:34:39 AM",3.569,72.9,100,0,2024-04-11T08:34:39.000Z
"4/11/2024, 3:39:39 AM",3.568,73,100,0,2024-04-11T08:39:39.000Z
"4/11/2024, 3:44:39 AM",3.568,73,100,0,2024-04-11T08:44:39.000Z
"4/11/2024, 3:49:39 AM",3.568,73,100,0,2024-04-11T08:49:39.000Z
"4/11/2024, 3:54:39 AM",3.568,73.2,100,0,2024-04-11T08:54:39.000Z
"4/11/2024, 3:59:39 AM",3.568,73.4,100,0,2024-04-11T08:59:39.000Z
"4/11/2024, 4:04:39 AM",3.568,73.4,100,0,2024-04-11T09:04:39.000Z
"4/11/2024, 4:09:39 AM",3.568,73.2,100,0,2024-04-11T09:09:39.000Z
"4/11/2024, 4:14:39 AM",3.568,73,100,0,2024-04-11T09:14:39.000Z
"4/11/2024, 4:19:39 AM",3.568,73,100,0,2024-04-11T09:19:39.000Z
"4/11/2024, 4:24:39 AM",3.568,72.9,100,0,2024-04-11T09:24:39.000Z
"4/11/2024, 4:29:39 AM",3.568,72.9,100,0,2024-04-11T09:29:39.000Z
"4/11/2024, 4:34:39 AM",3.568,73,100,0,2024-04-11T09:34:39.000Z
"4/11/2024, 4:39:39 AM",3.568,73,100,0,2024-04-11T09:39:39.000Z
"4/11/2024, 4:44:39 AM",3.568,73,100,0,2024-04-11T09:44:39.000Z
"4/11/2024, 4:49:39 AM",3.568,72.9,100,0,2024-04-11T09:49:39.000Z
"4/11/2024, 4:54:39 AM",3.568,73,100,0,2024-04-11T09:54:39.000Z
"4/11/2024, 4:59:39 AM",3.568,73,100,0,2024-04-11T09:59:39.000Z
"4/11/2024, 5:04:39 AM",3.568,73,100,0,2024-04-11T10:04:39.000Z
"4/11/2024, 5:09:39 AM",3.568,73.2,100,0,2024-04-11T10:09:39.000Z
"4/11/2024, 5:14:39 AM",3.568,73.4,100,0,2024-04-11T10:14:39.000Z
"4/11/2024, 5:19:39 AM",3.568,73.4,100,0,2024-04-11T10:19:39.000Z
"4/11/2024, 5:24:39 AM",3.568,73.4,100,0,2024-04-11T10:24:39.000Z
"4/11/2024, 5:29:39 AM",3.568,73.6,100,0,2024-04-11T10:29:39.000Z
"4/11/2024, 5:34:39 AM",3.568,73.6,100,0,2024-04-11T10:34:39.000Z
"4/11/2024, 5:39:39 AM",3.568,73.4,100,0,2024-04-11T10:39:39.000Z
"4/11/2024, 5:44:39 AM",3.568,73.4,100,0,2024-04-11T10:44:39.000Z
"4/11/2024, 5:49:39 AM",3.568,73.4,100,0,2024-04-11T10:49:39.000Z
"4/11/2024, 5:54:39 AM",3.568,73.4,100,0,2024-04-11T10:54:39.000Z
"4/11/2024, 5:59:39 AM",3.569,73.2,100,0,2024-04-11T10:59:39.000Z
"4/11/2024, 6:04:39 AM",3.568,73.4,100,0,2024-04-11T11:04:39.000Z
"4/11/2024, 6:09:39 AM",3.568,73.4,100,0,2024-04-11T11:09:39.000Z
"4/11/2024, 6:14:39 AM",3.568,73.4,100,0,2024-04-11T11:14:39.000Z
"4/11/2024, 6:19:39 AM",3.568,73.4,100,0,2024-04-11T11:19:39.000Z
"4/11/2024, 6:24:39 AM",3.568,73.4,100,0,2024-04-11T11:24:39.000Z
"4/11/2024, 6:29:39 AM",3.568,73.6,100,0,2024-04-11T11:29:39.000Z
"4/11/2024, 6:34:39 AM",3.568,73.4,100,0,2024-04-11T11:34:39.000Z
"4/11/2024, 6:39:39 AM",3.568,73.4,100,0,2024-04-11T11:39:39.000Z
"4/11/2024, 6:44:39 AM",3.568,73.4,100,0,2024-04-11T11:44:39.000Z
"4/11/2024, 6:49:39 AM",3.569,73.4,100,0,2024-04-11T11:49:39.000Z
"4/11/2024, 6:54:39 AM",3.569,73.4,100,0,2024-04-11T11:54:39.000Z
"4/11/2024, 6:59:39 AM",3.568,73.2,100,0,2024-04-11T11:59:39.000Z
"4/11/2024, 7:04:39 AM",3.569,73.2,100,0,2024-04-11T12:04:39.000Z
"4/11/2024, 7:09:39 AM",3.568,73.2,100,0,2024-04-11T12:09:39.000Z
"4/11/2024, 7:14:39 AM",3.568,73.4,100,0,2024-04-11T12:14:39.000Z
"4/11/2024, 7:19:39 AM",3.568,73.4,100,0,2024-04-11T12:19:39.000Z
"4/11/2024, 7:24:39 AM",3.568,73.4,100,0,2024-04-11T12:24:39.000Z
"4/11/2024, 7:29:39 AM",3.568,73.4,100,0,2024-04-11T12:29:39.000Z
"4/11/2024, 7:34:39 AM",3.568,73.4,100,0,2024-04-11T12:34:39.000Z
"4/11/2024, 7:39:39 AM",3.568,73.4,100,0,2024-04-11T12:39:39.000Z
"4/11/2024, 7:44:39 AM",3.568,73.4,100,0,2024-04-11T12:44:39.000Z
"4/11/2024, 7:49:39 AM",3.568,73.4,100,0,2024-04-11T12:49:39.000Z
"4/11/2024, 7:54:39 AM",3.568,73.4,100,0,2024-04-11T12:54:39.000Z
"4/11/2024, 7:59:39 AM",3.568,73.4,100,0,2024-04-11T12:59:39.000Z
"4/11/2024, 8:04:39 AM",3.568,73.4,100,0,2024-04-11T13:04:39.000Z
"4/11/2024, 8:09:39 AM",3.568,73.2,100,0,2024-04-11T13:09:39.000Z
"4/11/2024, 8:14:39 AM",3.568,73,100,0,2024-04-11T13:14:39.000Z
"4/11/2024, 8:19:39 AM",3.568,73,100,0,2024-04-11T13:19:39.000Z
"4/11/2024, 8:24:39 AM",3.568,72.9,100,0,2024-04-11T13:24:39.000Z
"4/11/2024, 8:29:39 AM",3.568,72.7,100,0,2024-04-11T13:29:39.000Z
"4/11/2024, 8:34:39 AM",3.568,72.5,100,0,2024-04-11T13:34:39.000Z
"4/11/2024, 8:39:39 AM",3.568,72.3,100,0,2024-04-11T13:39:39.000Z
"4/11/2024, 8:44:39 AM",3.568,72.1,100,0,2024-04-11T13:44:39.000Z
"4/11/2024, 8:49:39 AM",3.568,72,100,0,2024-04-11T13:49:39.000Z
"4/11/2024, 8:54:39 AM",3.568,72,100,0,2024-04-11T13:54:39.000Z
"4/11/2024, 8:59:39 AM",3.568,71.8,100,0,2024-04-11T13:59:39.000Z
"4/11/2024, 9:04:39 AM",3.568,71.8,100,0,2024-04-11T14:04:39.000Z
"4/11/2024, 9:09:39 AM",3.568,71.8,100,0,2024-04-11T14:09:39.000Z
"4/11/2024, 9:14:39 AM",3.568,71.8,100,0,2024-04-11T14:14:39.000Z
"4/11/2024, 9:19:39 AM",3.568,71.8,100,0,2024-04-11T14:19:39.000Z
"4/11/2024, 9:24:39 AM",3.568,71.8,100,0,2024-04-11T14:24:39.000Z
"4/11/2024, 9:29:39 AM",3.568,71.8,100,0,2024-04-11T14:29:39.000Z
"4/11/2024, 9:34:39 AM",3.569,71.8,100,0,2024-04-11T14:34:39.000Z
"4/11/2024, 9:39:39 AM",3.568,71.6,100,0,2024-04-11T14:39:39.000Z
"4/11/2024, 9:44:39 AM",3.568,71.6,100,0,2024-04-11T14:44:39.000Z
"4/11/2024, 9:49:39 AM",3.568,71.4,100,0,2024-04-11T14:49:39.000Z
"4/11/2024, 9:54:39 AM",3.568,71.4,100,0,2024-04-11T14:54:39.000Z
"4/11/2024, 9:59:39 AM",3.568,71.2,100,0,2024-04-11T14:59:39.000Z
"4/11/2024, 10:04:39 AM",3.568,71.2,100,0,2024-04-11T15:04:39.000Z
"4/11/2024, 10:09:39 AM",3.568,71.2,100,0,2024-04-11T15:09:39.000Z
"4/11/2024, 10:14:39 AM",3.568,71.4,100,0,2024-04-11T15:14:39.000Z
"4/11/2024, 10:19:39 AM",3.568,71.4,100,0,2024-04-11T15:19:39.000Z
"4/11/2024, 10:24:39 AM",3.568,71.4,100,0,2024-04-11T15:24:39.000Z
"4/11/2024, 10:29:39 AM",3.568,71.4,100,0,2024-04-11T15:29:39.000Z
"4/11/2024, 10:34:39 AM",3.568,71.4,100,0,2024-04-11T15:34:39.000Z
"4/11/2024, 10:39:39 AM",3.568,71.4,100,0,2024-04-11T15:39:39.000Z
"4/11/2024, 10:44:39 AM",3.568,71.2,100,0,2024-04-11T15:44:39.000Z
"4/11/2024, 10:49:39 AM",3.568,71.1,100,0,2024-04-11T15:49:39.000Z
"4/11/2024, 10:54:39 AM",3.568,71.1,100,0,2024-04-11T15:54:39.000Z
"4/11/2024, 10:59:39 AM",3.568,71.1,100,0,2024-04-11T15:59:39.000Z
"4/11/2024, 11:04:39 AM",3.568,71.1,100,0,2024-04-11T16:04:39.000Z
"4/11/2024, 11:09:39 AM",3.568,71.2,100,0,2024-04-11T16:09:39.000Z
"4/11/2024, 11:14:39 AM",3.568,71.4,100,0,2024-04-11T16:14:39.000Z
"4/11/2024, 11:19:39 AM",3.568,71.8,100,0,2024-04-11T16:19:39.000Z
"4/11/2024, 11:24:39 AM",3.568,72.1,100,0,2024-04-11T16:24:39.000Z
"4/11/2024, 11:29:39 AM",3.568,72.3,100,0,2024-04-11T16:29:39.000Z
"4/11/2024, 11:34:39 AM",3.568,72.5,100,0,2024-04-11T16:34:39.000Z
"4/11/2024, 11:39:39 AM",3.568,72.7,100,0,2024-04-11T16:39:39.000Z
"4/11/2024, 11:44:39 AM",3.568,72.7,100,0,2024-04-11T16:44:39.000Z
"4/11/2024, 11:49:39 AM",3.567,73,100,0,2024-04-11T16:49:39.000Z
"4/11/2024, 11:54:39 AM",3.567,73.6,100,0,2024-04-11T16:54:39.000Z
"4/11/2024, 11:59:39 AM",3.566,74.5,100,0,2024-04-11T16:59:39.000Z
"4/11/2024, 12:04:39 PM",3.566,75,100,0,2024-04-11T17:04:39.000Z
"4/11/2024, 12:09:39 PM",3.566,75.6,100,0,2024-04-11T17:09:39.000Z
"4/11/2024, 12:14:39 PM",3.566,75.7,100,0,2024-04-11T17:14:39.000Z
"4/11/2024, 12:19:39 PM",3.566,76.1,100,0,2024-04-11T17:19:39.000Z
"4/11/2024, 12:24:39 PM",3.566,76.1,100,0,2024-04-11T17:24:39.000Z
"4/11/2024, 12:29:39 PM",3.566,76.1,100,0,2024-04-11T17:29:39.000Z
"4/11/2024, 12:34:39 PM",3.566,75.9,100,0,2024-04-11T17:34:39.000Z
"4/11/2024, 12:39:39 PM",3.566,75.9,100,0,2024-04-11T17:39:39.000Z
"4/11/2024, 12:44:39 PM",3.566,75.9,100,0,2024-04-11T17:44:39.000Z
"4/11/2024, 12:49:39 PM",3.566,75.7,100,0,2024-04-11T17:49:39.000Z
"4/11/2024, 12:54:39 PM",3.566,75.7,100,0,2024-04-11T17:54:39.000Z
"4/11/2024, 12:59:39 PM",3.566,75.7,100,0,2024-04-11T17:59:39.000Z
"4/11/2024, 1:04:39 PM",3.566,76.3,100,0,2024-04-11T18:04:39.000Z
"4/11/2024, 1:09:39 PM",3.566,76.6,100,0,2024-04-11T18:09:39.000Z
"4/11/2024, 1:14:39 PM",3.566,77.2,100,0,2024-04-11T18:14:39.000Z
"4/11/2024, 1:19:39 PM",3.566,77.4,100,0,2024-04-11T18:19:39.000Z
"4/11/2024, 1:24:39 PM",3.566,77.4,100,0,2024-04-11T18:24:39.000Z
"4/11/2024, 1:29:39 PM",3.566,77.2,100,0,2024-04-11T18:29:39.000Z
"4/11/2024, 1:34:39 PM",3.566,77.2,100,0,2024-04-11T18:34:39.000Z
"4/11/2024, 1:39:39 PM",3.567,77.2,100,0,2024-04-11T18:39:39.000Z
"4/11/2024, 1:44:39 PM",3.566,77.2,100,0,2024-04-11T18:44:39.000Z
"4/11/2024, 1:49:39 PM",3.567,77.2,100,0,2024-04-11T18:49:39.000Z
"4/11/2024, 1:54:39 PM",3.566,77.2,100,0,2024-04-11T18:54:39.000Z
"4/11/2024, 1:59:39 PM",3.567,77.5,100,0,2024-04-11T18:59:39.000Z
"4/11/2024, 2:04:39 PM",3.567,77.7,100,0,2024-04-11T19:04:39.000Z
"4/11/2024, 2:09:39 PM",3.567,78.1,100,0,2024-04-11T19:09:39.000Z
"4/11/2024, 2:14:39 PM",3.567,78.3,100,0,2024-04-11T19:14:39.000Z
"4/11/2024, 2:19:39 PM",3.567,78.4,100,0,2024-04-11T19:19:39.000Z
"4/11/2024, 2:24:39 PM",3.567,78.4,100,0,2024-04-11T19:24:39.000Z
"4/11/2024, 2:29:39 PM",3.567,78.4,100,0,2024-04-11T19:29:39.000Z
"4/11/2024, 2:34:39 PM",3.567,78.3,100,0,2024-04-11T19:34:39.000Z
"4/11/2024, 2:39:39 PM",3.567,78.3,100,0,2024-04-11T19:39:39.000Z
"4/11/2024, 2:44:39 PM",3.567,78.1,100,0,2024-04-11T19:44:39.000Z
"4/11/2024, 2:49:39 PM",3.567,77.7,100,0,2024-04-11T19:49:39.000Z
"4/11/2024, 2:54:39 PM",3.567,77.5,100,0,2024-04-11T19:54:39.000Z
"4/11/2024, 2:59:39 PM",3.567,77.4,100,0,2024-04-11T19:59:39.000Z
"4/11/2024, 3:04:39 PM",3.567,77.2,100,0,2024-04-11T20:04:39.000Z
"4/11/2024, 3:09:39 PM",3.567,77,100,0,2024-04-11T20:09:39.000Z
"4/11/2024, 3:14:39 PM",3.567,76.6,100,0,2024-04-11T20:14:39.000Z
"4/11/2024, 3:19:39 PM",3.568,76.3,100,0,2024-04-11T20:19:39.000Z
"4/11/2024, 3:24:39 PM",3.568,75.9,100,0,2024-04-11T20:24:39.000Z
"4/11/2024, 3:29:39 PM",3.568,75.4,100,0,2024-04-11T20:29:39.000Z
"4/11/2024, 3:34:39 PM",3.568,75,100,0,2024-04-11T20:34:39.000Z
"4/11/2024, 3:39:39 PM",3.568,74.8,100,0,2024-04-11T20:39:39.000Z
"4/11/2024, 3:44:39 PM",3.568,74.5,100,0,2024-04-11T20:44:39.000Z
"4/11/2024, 3:49:39 PM",3.568,74.1,100,0,2024-04-11T20:49:39.000Z
"4/11/2024, 3:54:39 PM",3.569,73.9,100,0,2024-04-11T20:54:39.000Z
"4/11/2024, 3:59:39 PM",3.568,73.6,100,0,2024-04-11T20:59:39.000Z
"4/11/2024, 4:04:39 PM",3.569,73.2,100,0,2024-04-11T21:04:39.000Z
"4/11/2024, 4:09:39 PM",3.569,73,100,0,2024-04-11T21:09:39.000Z
"4/11/2024, 4:14:39 PM",3.569,72.7,100,0,2024-04-11T21:14:39.000Z
"4/11/2024, 4:19:39 PM",3.569,72.5,100,0,2024-04-11T21:19:39.000Z
"4/11/2024, 4:24:39 PM",3.569,72.3,100,0,2024-04-11T21:24:39.000Z
"4/11/2024, 4:29:39 PM",3.569,72.3,100,0,2024-04-11T21:29:39.000Z
"4/11/2024, 4:34:39 PM",3.569,72.3,100,0,2024-04-11T21:34:39.000Z
"4/11/2024, 4:39:39 PM",3.569,72.3,100,0,2024-04-11T21:39:39.000Z
"4/11/2024, 4:44:39 PM",3.569,72.1,100,0,2024-04-11T21:44:39.000Z
"4/11/2024, 4:49:39 PM",3.569,72.1,100,0,2024-04-11T21:49:39.000Z
"4/11/2024, 4:54:39 PM",3.569,72.1,100,0,2024-04-11T21:54:39.000Z
"4/11/2024, 4:59:39 PM",3.569,72.3,100,0,2024-04-11T21:59:39.000Z
"4/11/2024, 5:04:39 PM",3.569,72.3,100,0,2024-04-11T22:04:39.000Z
"4/11/2024, 5:09:39 PM",3.568,72.5,100,0,2024-04-11T22:09:39.000Z
"4/11/2024, 5:14:39 PM",3.569,72.5,100,0,2024-04-11T22:14:39.000Z
"4/11/2024, 5:19:39 PM",3.568,72.3,100,0,2024-04-11T22:19:39.000Z
"4/11/2024, 5:24:39 PM",3.569,72.1,100,0,2024-04-11T22:24:39.000Z
"4/11/2024, 5:29:39 PM",3.569,72.1,100,0,2024-04-11T22:29:39.000Z
"4/11/2024, 5:34:39 PM",3.568,72,100,0,2024-04-11T22:34:39.000Z
"4/11/2024, 5:39:39 PM",3.568,71.8,100,0,2024-04-11T22:39:39.000Z
"4/11/2024, 5:44:39 PM",3.568,71.6,100,0,2024-04-11T22:44:39.000Z
"4/11/2024, 5:49:39 PM",3.568,71.4,100,0,2024-04-11T22:49:39.000Z
"4/11/2024, 5:54:39 PM",3.568,71.4,100,0,2024-04-11T22:54:39.000Z
"4/11/2024, 5:59:39 PM",3.568,71.4,100,0,2024-04-11T22:59:39.000Z
"4/11/2024, 6:04:39 PM",3.568,71.2,100,0,2024-04-11T23:04:39.000Z
"4/11/2024, 6:09:39 PM",3.568,71.1,100,0,2024-04-11T23:09:39.000Z
"4/11/2024, 6:14:39 PM",3.568,70.7,100,0,2024-04-11T23:14:39.000Z
"4/11/2024, 6:19:39 PM",3.569,70.5,100,0,2024-04-11T23:19:39.000Z
"4/11/2024, 6:24:39 PM",3.568,70.3,100,0,2024-04-11T23:24:39.000Z
"4/11/2024, 6:29:39 PM",3.568,70,100,0,2024-04-11T23:29:39.000Z
"4/11/2024, 6:34:39 PM",3.569,69.8,100,0,2024-04-11T23:34:39.000Z
"4/11/2024, 6:39:39 PM",3.569,69.3,100,0,2024-04-11T23:39:39.000Z
"4/11/2024, 6:44:39 PM",3.569,68.9,100,0,2024-04-11T23:44:39.000Z
"4/11/2024, 6:49:39 PM",3.569,68.4,100,0,2024-04-11T23:49:39.000Z
"4/11/2024, 6:54:39 PM",3.569,68,100,0,2024-04-11T23:54:39.000Z
"4/11/2024, 6:59:39 PM",3.569,67.6,100,0,2024-04-11T23:59:39.000Z
"4/11/2024, 7:04:39 PM",3.569,67.5,100,0,2024-04-12T00:04:39.000Z
"4/11/2024, 7:09:39 PM",3.569,67.3,100,0,2024-04-12T00:09:39.000Z
"4/11/2024, 7:14:39 PM",3.569,67.3,100,0,2024-04-12T00:14:39.000Z
"4/11/2024, 7:19:39 PM",3.569,67.5,100,0,2024-04-12T00:19:39.000Z
"4/11/2024, 7:24:39 PM",3.569,67.3,100,0,2024-04-12T00:24:39.000Z
"4/11/2024, 7:29:39 PM",3.569,67.1,100,0,2024-04-12T00:29:39.000Z
"4/11/2024, 7:34:39 PM",3.569,66.7,100,0,2024-04-12T00:34:39.000Z
"4/11/2024, 7:39:39 PM",3.568,66.7,100,0,2024-04-12T00:39:39.000Z
"4/11/2024, 7:44:39 PM",3.569,66.6,100,0,2024-04-12T00:44:39.000Z
"4/11/2024, 7:49:39 PM",3.568,66.2,100,0,2024-04-12T00:49:39.000Z
"4/11/2024, 7:54:39 PM",3.569,66,100,0,2024-04-12T00:54:39.000Z
"4/11/2024, 7:59:39 PM",3.569,65.8,100,0,2024-04-12T00:59:39.000Z
"4/11/2024, 8:04:39 PM",3.569,65.7,100,0,2024-04-12T01:04:39.000Z
"4/11/2024, 8:09:39 PM",3.568,65.5,100,0,2024-04-12T01:09:39.000Z
"4/11/2024, 8:14:39 PM",3.568,65.3,100,0,2024-04-12T01:14:39.000Z
"4/11/2024, 8:19:39 PM",3.568,65.3,100,0,2024-04-12T01:19:39.000Z
"4/11/2024, 8:24:39 PM",3.568,65.1,100,0,2024-04-12T01:24:39.000Z
"4/11/2024, 8:29:39 PM",3.569,65.1,100,0,2024-04-12T01:29:39.000Z
"4/11/2024, 8:34:39 PM",3.568,64.9,100,0,2024-04-12T01:34:39.000Z
"4/11/2024, 8:39:39 PM",3.568,65.1,100,0,2024-04-12T01:39:39.000Z
"4/11/2024, 8:44:39 PM",3.568,64.9,100,0,2024-04-12T01:44:39.000Z
"4/11/2024, 8:49:39 PM",3.569,64.8,100,0,2024-04-12T01:49:39.000Z
"4/11/2024, 8:54:39 PM",3.568,64.6,100,0,2024-04-12T01:54:39.000Z
"4/11/2024, 8:59:39 PM",3.568,64.6,100,0,2024-04-12T01:59:39.000Z
"4/11/2024, 9:04:39 PM",3.568,64.4,100,0,2024-04-12T02:04:39.000Z
"4/11/2024, 9:09:39 PM",3.568,64.2,100,0,2024-04-12T02:09:39.000Z
"4/11/2024, 9:14:39 PM",3.568,64.2,100,0,2024-04-12T02:14:39.000Z
"4/11/2024, 9:19:39 PM",3.568,64.2,100,0,2024-04-12T02:19:39.000Z
"4/11/2024, 9:24:39 PM",3.568,64.2,100,0,2024-04-12T02:24:39.000Z
"4/11/2024, 9:29:39 PM",3.568,64.2,100,0,2024-04-12T02:29:39.000Z
"4/11/2024, 9:34:39 PM",3.568,64.2,100,0,2024-04-12T02:34:39.000Z
"4/11/2024, 9:39:39 PM",3.568,64.4,100,0,2024-04-12T02:39:39.000Z
"4/11/2024, 9:44:39 PM",3.567,64,100,0,2024-04-12T02:44:39.000Z
"4/11/2024, 9:49:39 PM",3.568,63.9,100,0,2024-04-12T02:49:39.000Z
"4/11/2024, 9:54:39 PM",3.567,63.9,100,0,2024-04-12T02:54:39.000Z
"4/11/2024, 9:59:39 PM",3.568,63.7,100,0,2024-04-12T02:59:39.000Z
"4/11/2024, 10:04:39 PM",3.567,63.7,100,0,2024-04-12T03:04:39.000Z
"4/11/2024, 10:09:39 PM",3.567,63.5,100,0,2024-04-12T03:09:39.000Z
"4/11/2024, 10:14:39 PM",3.567,63.3,100,0,2024-04-12T03:14:39.000Z
"4/11/2024, 10:19:39 PM",3.567,63.1,100,0,2024-04-12T03:19:39.000Z
"4/11/2024, 10:24:39 PM",3.567,63.1,100,0,2024-04-12T03:24:39.000Z
"4/11/2024, 10:29:39 PM",3.567,63,100,0,2024-04-12T03:29:39.000Z
"4/11/2024, 10:34:39 PM",3.567,63,100,0,2024-04-12T03:34:39.000Z
"4/11/2024, 10:39:39 PM",3.567,62.8,100,0,2024-04-12T03:39:39.000Z
"4/11/2024, 10:44:39 PM",3.567,62.6,100,0,2024-04-12T03:44:39.000Z
"4/11/2024, 10:49:39 PM",3.567,62.6,100,0,2024-04-12T03:49:39.000Z
"4/11/2024, 10:54:39 PM",3.567,62.2,100,0,2024-04-12T03:54:39.000Z
"4/11/2024, 10:59:39 PM",3.567,62.1,100,0,2024-04-12T03:59:39.000Z
"4/11/2024, 11:04:39 PM",3.567,61.9,100,0,2024-04-12T04:04:39.000Z
"4/11/2024, 11:09:39 PM",3.567,61.9,100,0,2024-04-12T04:09:39.000Z
"4/11/2024, 11:14:39 PM",3.567,61.7,100,0,2024-04-12T04:14:39.000Z
"4/11/2024, 11:19:39 PM",3.567,61.9,100,0,2024-04-12T04:19:39.000Z
"4/11/2024, 11:24:39 PM",3.566,61.9,100,0,2024-04-12T04:24:39.000Z
"4/11/2024, 11:29:39 PM",3.567,61.9,100,0,2024-04-12T04:29:39.000Z
"4/11/2024, 11:34:39 PM",3.566,61.7,100,0,2024-04-12T04:34:39.000Z
"4/11/2024, 11:39:39 PM",3.566,61.7,100,0,2024-04-12T04:39:39.000Z
"4/11/2024, 11:44:39 PM",3.566,61.5,100,0,2024-04-12T04:44:39.000Z
"4/11/2024, 11:49:39 PM",3.566,61.7,100,0,2024-04-12T04:49:39.000Z
"4/11/2024, 11:54:39 PM",3.566,61.5,100,0,2024-04-12T04:54:39.000Z
"4/11/2024, 11:59:39 PM",3.566,61.3,100,0,2024-04-12T04:59:39.000Z
"4/12/2024, 12:04:39 AM",3.566,61.3,100,0,2024-04-12T05:04:39.000Z
"4/12/2024, 12:09:39 AM",3.566,61.5,100,0,2024-04-12T05:09:39.000Z
"4/12/2024, 12:14:39 AM",3.567,61.5,100,0,2024-04-12T05:14:39.000Z
"4/12/2024, 12:19:39 AM",3.566,61.3,100,0,2024-04-12T05:19:39.000Z
"4/12/2024, 12:24:39 AM",3.566,61.3,100,0,2024-04-12T05:24:39.000Z
"4/12/2024, 12:29:39 AM",3.566,61.3,100,0,2024-04-12T05:29:39.000Z
"4/12/2024, 12:34:39 AM",3.566,61.3,100,0,2024-04-12T05:34:39.000Z
"4/12/2024, 12:39:39 AM",3.566,61.5,100,0,2024-04-12T05:39:39.000Z
"4/12/2024, 12:44:39 AM",3.566,61.7,100,0,2024-04-12T05:44:39.000Z
"4/12/2024, 12:49:39 AM",3.566,61.5,100,0,2024-04-12T05:49:39.000Z
"4/12/2024, 12:54:39 AM",3.565,61.5,100,0,2024-04-12T05:54:39.000Z
"4/12/2024, 12:59:39 AM",3.566,61.3,100,0,2024-04-12T05:59:39.000Z
"4/12/2024, 1:04:39 AM",3.566,61.3,100,0,2024-04-12T06:04:39.000Z
"4/12/2024, 1:09:39 AM",3.566,61.2,100,0,2024-04-12T06:09:39.000Z
"4/12/2024, 1:14:39 AM",3.565,61.2,100,0,2024-04-12T06:14:39.000Z
"4/12/2024, 1:19:39 AM",3.565,61.2,100,0,2024-04-12T06:19:39.000Z
"4/12/2024, 1:24:39 AM",3.565,61.2,100,0,2024-04-12T06:24:39.000Z
"4/12/2024, 1:29:39 AM",3.566,61.2,100,0,2024-04-12T06:29:39.000Z
"4/12/2024, 1:34:39 AM",3.566,61.2,100,1,2024-04-12T06:34:39.000Z
"4/12/2024, 1:39:39 AM",3.566,61.2,100,0,2024-04-12T06:39:39.000Z
"4/12/2024, 1:44:39 AM",3.565,61.2,100,0,2024-04-12T06:44:39.000Z
"4/12/2024, 1:49:39 AM",3.565,61.3,100,1,2024-04-12T06:49:39.000Z
"4/12/2024, 1:54:39 AM",3.566,61.3,100,0,2024-04-12T06:54:39.000Z
"4/12/2024, 1:59:39 AM",3.565,61.3,100,0,2024-04-12T06:59:39.000Z
"4/12/2024, 2:04:39 AM",3.566,61.2,100,0,2024-04-12T07:04:39.000Z
"4/12/2024, 2:09:39 AM",3.565,61.2,100,0,2024-04-12T07:09:39.000Z
"4/12/2024, 2:14:39 AM",3.565,61.2,100,0,2024-04-12T07:14:39.000Z
"4/12/2024, 2:19:39 AM",3.565,61.3,100,0,2024-04-12T07:19:39.000Z
"4/12/2024, 2:24:39 AM",3.565,61.3,100,0,2024-04-12T07:24:39.000Z
"4/12/2024, 2:29:39 AM",3.565,61.3,100,1,2024-04-12T07:29:39.000Z
"4/12/2024, 2:34:39 AM",3.565,61.5,100,1,2024-04-12T07:34:39.000Z
"4/12/2024, 2:39:39 AM",3.565,61.5,100,1,2024-04-12T07:39:39.000Z
"4/12/2024, 2:44:39 AM",3.565,61.7,100,1,2024-04-12T07:44:39.000Z
"4/12/2024, 2:49:39 AM",3.565,61.9,100,1,2024-04-12T07:49:39.000Z
"4/12/2024, 2:54:39 AM",3.565,61.9,100,1,2024-04-12T07:54:39.000Z
"4/12/2024, 2:59:39 AM",3.565,61.9,100,1,2024-04-12T07:59:39.000Z
"4/12/2024, 3:04:39 AM",3.565,61.9,100,1,2024-04-12T08:04:39.000Z
"4/12/2024, 3:09:39 AM",3.565,61.9,100,0,2024-04-12T08:09:39.000Z
"4/12/2024, 3:14:39 AM",3.565,62.1,100,1,2024-04-12T08:14:39.000Z
"4/12/2024, 3:19:39 AM",3.565,62.2,100,1,2024-04-12T08:19:39.000Z
"4/12/2024, 3:24:39 AM",3.565,62.2,100,1,2024-04-12T08:24:39.000Z
"4/12/2024, 3:29:39 AM",3.565,62.2,100,1,2024-04-12T08:29:39.000Z
"4/12/2024, 3:34:39 AM",3.565,62.4,100,1,2024-04-12T08:34:39.000Z
"4/12/2024, 3:39:39 AM",3.565,62.4,100,1,2024-04-12T08:39:39.000Z
"4/12/2024, 3:44:39 AM",3.565,62.6,100,1,2024-04-12T08:44:39.000Z
"4/12/2024, 3:49:39 AM",3.565,62.4,100,1,2024-04-12T08:49:39.000Z
"4/12/2024, 3:54:39 AM",3.565,62.4,100,1,2024-04-12T08:54:39.000Z
"4/12/2024, 3:59:39 AM",3.565,62.2,100,1,2024-04-12T08:59:39.000Z
"4/12/2024, 4:04:39 AM",3.565,62.4,100,0,2024-04-12T09:04:39.000Z
"4/12/2024, 4:09:39 AM",3.565,62.4,100,1,2024-04-12T09:09:39.000Z
"4/12/2024, 4:14:39 AM",3.565,62.4,100,1,2024-04-12T09:14:39.000Z
"4/12/2024, 4:19:39 AM",3.565,62.4,100,1,2024-04-12T09:19:39.000Z
"4/12/2024, 4:24:39 AM",3.565,62.6,100,1,2024-04-12T09:24:39.000Z
"4/12/2024, 4:29:39 AM",3.565,62.6,100,1,2024-04-12T09:29:39.000Z
"4/12/2024, 4:34:39 AM",3.565,62.4,100,1,2024-04-12T09:34:39.000Z
"4/12/2024, 4:39:39 AM",3.565,62.4,100,1,2024-04-12T09:39:39.000Z
"4/12/2024, 4:44:39 AM",3.565,62.6,100,1,2024-04-12T09:44:39.000Z
"4/12/2024, 4:49:39 AM",3.565,62.6,100,1,2024-04-12T09:49:39.000Z
"4/12/2024, 4:54:39 AM",3.565,62.6,100,1,2024-04-12T09:54:39.000Z
"4/12/2024, 4:59:39 AM",3.565,62.6,100,1,2024-04-12T09:59:39.000Z
"4/12/2024, 5:04:39 AM",3.565,62.4,100,1,2024-04-12T10:04:39.000Z
"4/12/2024, 5:09:39 AM",3.565,62.4,100,1,2024-04-12T10:09:39.000Z
"4/12/2024, 5:14:39 AM",3.565,62.4,100,1,2024-04-12T10:14:39.000Z
"4/12/2024, 5:19:39 AM",3.565,62.4,100,1,2024-04-12T10:19:39.000Z
"4/12/2024, 5:24:39 AM",3.565,62.4,100,1,2024-04-12T10:24:39.000Z
"4/12/2024, 5:29:39 AM",3.565,62.6,100,1,2024-04-12T10:29:39.000Z
"4/12/2024, 5:34:39 AM",3.565,62.6,100,1,2024-04-12T10:34:39.000Z
"4/12/2024, 5:39:39 AM",3.565,62.6,100,1,2024-04-12T10:39:39.000Z
"4/12/2024, 5:44:39 AM",3.565,62.6,100,1,2024-04-12T10:44:39.000Z
"4/12/2024, 5:49:39 AM",3.564,62.6,100,1,2024-04-12T10:49:39.000Z
"4/12/2024, 5:54:39 AM",3.564,62.6,100,1,2024-04-12T10:54:39.000Z
"4/12/2024, 5:59:39 AM",3.565,62.4,100,1,2024-04-12T10:59:39.000Z
"4/12/2024, 6:04:39 AM",3.565,62.4,100,1,2024-04-12T11:04:39.000Z
"4/12/2024, 6:09:39 AM",3.565,62.2,100,1,2024-04-12T11:09:39.000Z
"4/12/2024, 6:14:39 AM",3.565,62.2,100,1,2024-04-12T11:14:39.000Z
"4/12/2024, 6:19:39 AM",3.565,62.1,100,1,2024-04-12T11:19:39.000Z
"4/12/2024, 6:24:39 AM",3.565,61.9,100,1,2024-04-12T11:24:39.000Z
"4/12/2024, 6:29:39 AM",3.564,61.7,100,1,2024-04-12T11:29:39.000Z
"4/12/2024, 6:34:39 AM",3.565,61.7,100,1,2024-04-12T11:34:39.000Z
"4/12/2024, 6:39:39 AM",3.565,61.7,100,1,2024-04-12T11:39:39.000Z
"4/12/2024, 6:44:39 AM",3.565,61.5,100,1,2024-04-12T11:44:39.000Z
"4/12/2024, 6:49:39 AM",3.565,61.5,100,1,2024-04-12T11:49:39.000Z
"4/12/2024, 6:54:39 AM",3.565,61.5,100,1,2024-04-12T11:54:39.000Z
"4/12/2024, 6:59:39 AM",3.565,61.5,100,1,2024-04-12T11:59:39.000Z
"4/12/2024, 7:04:39 AM",3.565,61.5,100,1,2024-04-12T12:04:39.000Z
"4/12/2024, 7:09:39 AM",3.564,61.5,100,1,2024-04-12T12:09:39.000Z
"4/12/2024, 7:14:39 AM",3.564,61.5,100,1,2024-04-12T12:14:39.000Z
"4/12/2024, 7:19:39 AM",3.564,61.3,100,1,2024-04-12T12:19:39.000Z
"4/12/2024, 7:24:39 AM",3.564,61.3,100,1,2024-04-12T12:24:39.000Z
"4/12/2024, 7:29:39 AM",3.564,61.3,100,1,2024-04-12T12:29:39.000Z
"4/12/2024, 7:34:39 AM",3.564,61.3,100,1,2024-04-12T12:34:39.000Z
"4/12/2024, 7:39:39 AM",3.564,61.3,100,1,2024-04-12T12:39:39.000Z
"4/12/2024, 7:44:39 AM",3.565,61.3,100,1,2024-04-12T12:44:39.000Z
"4/12/2024, 7:49:39 AM",3.564,61.3,100,1,2024-04-12T12:49:39.000Z
"4/12/2024, 7:54:39 AM",3.564,61.5,100,1,2024-04-12T12:54:39.000Z
"4/12/2024, 7:59:39 AM",3.564,61.3,100,1,2024-04-12T12:59:39.000Z
"4/12/2024, 8:04:39 AM",3.564,61.5,100,1,2024-04-12T13:04:39.000Z
"4/12/2024, 8:09:39 AM",3.564,61.5,100,1,2024-04-12T13:09:39.000Z
"4/12/2024, 8:14:39 AM",3.564,61.5,100,1,2024-04-12T13:14:39.000Z
"4/12/2024, 8:19:39 AM",3.564,61.5,100,1,2024-04-12T13:19:39.000Z
"4/12/2024, 8:24:39 AM",3.564,61.5,100,1,2024-04-12T13:24:39.000Z
"4/12/2024, 8:29:39 AM",3.564,61.3,100,1,2024-04-12T13:29:39.000Z
"4/12/2024, 8:34:39 AM",3.564,61.3,100,1,2024-04-12T13:34:39.000Z
"4/12/2024, 8:39:39 AM",3.564,61.3,100,1,2024-04-12T13:39:39.000Z
"4/12/2024, 8:44:39 AM",3.564,61.3,100,1,2024-04-12T13:44:39.000Z
"4/12/2024, 8:49:39 AM",3.564,61.2,100,1,2024-04-12T13:49:39.000Z
"4/12/2024, 8:54:39 AM",3.564,61.2,100,1,2024-04-12T13:54:39.000Z
"4/12/2024, 8:59:39 AM",3.564,61.2,100,1,2024-04-12T13:59:39.000Z
"4/12/2024, 9:04:39 AM",3.564,61.2,100,1,2024-04-12T14:04:39.000Z
"4/12/2024, 9:09:39 AM",3.564,61,100,0,2024-04-12T14:09:39.000Z
"4/12/2024, 9:14:39 AM",3.564,61,100,1,2024-04-12T14:14:39.000Z
"4/12/2024, 9:19:39 AM",3.564,60.8,100,0,2024-04-12T14:19:39.000Z
"4/12/2024, 9:24:39 AM",3.564,60.8,100,1,2024-04-12T14:24:39.000Z
"4/12/2024, 9:29:39 AM",3.564,60.8,100,0,2024-04-12T14:29:39.000Z
"4/12/2024, 9:34:39 AM",3.564,60.6,100,1,2024-04-12T14:34:39.000Z
"4/12/2024, 9:39:39 AM",3.564,60.6,100,0,2024-04-12T14:39:39.000Z
"4/12/2024, 9:44:39 AM",3.564,60.4,100,0,2024-04-12T14:44:39.000Z
"4/12/2024, 9:49:39 AM",3.564,60.4,100,1,2024-04-12T14:49:39.000Z
"4/12/2024, 9:54:39 AM",3.564,60.6,100,0,2024-04-12T14:54:39.000Z
"4/12/2024, 9:59:39 AM",3.563,60.8,100,1,2024-04-12T14:59:39.000Z
"4/12/2024, 10:04:39 AM",3.564,61.2,100,1,2024-04-12T15:04:39.000Z
"4/12/2024, 10:09:39 AM",3.564,61.3,100,0,2024-04-12T15:09:39.000Z
"4/12/2024, 10:14:39 AM",3.563,61.5,100,0,2024-04-12T15:14:39.000Z
"4/12/2024, 10:19:39 AM",3.564,61.7,100,0,2024-04-12T15:19:39.000Z
"4/12/2024, 10:24:39 AM",3.563,61.9,100,0,2024-04-12T15:24:39.000Z
"4/12/2024, 10:29:39 AM",3.563,62.1,100,0,2024-04-12T15:29:39.000Z
"4/12/2024, 10:34:39 AM",3.563,62.2,100,0,2024-04-12T15:34:39.000Z
"4/12/2024, 10:39:39 AM",3.563,62.2,100,0,2024-04-12T15:39:39.000Z
"4/12/2024, 10:44:39 AM",3.563,62.2,100,0,2024-04-12T15:44:39.000Z
"4/12/2024, 10:49:39 AM",3.563,62.2,100,0,2024-04-12T15:49:39.000Z
"4/12/2024, 10:54:39 AM",3.563,62.2,100,0,2024-04-12T15:54:39.000Z
"4/12/2024, 10:59:39 AM",3.563,62.1,100,0,2024-04-12T15:59:39.000Z
"4/12/2024, 11:04:39 AM",3.563,61.9,100,0,2024-04-12T16:04:39.000Z
"4/12/2024, 11:09:39 AM",3.564,61.7,100,0,2024-04-12T16:09:39.000Z
"4/12/2024, 11:14:39 AM",3.563,61.7,100,0,2024-04-12T16:14:39.000Z
"4/12/2024, 11:19:39 AM",3.563,61.7,100,0,2024-04-12T16:19:39.000Z
"4/12/2024, 11:24:39 AM",3.564,61.9,100,0,2024-04-12T16:24:39.000Z
"4/12/2024, 11:29:39 AM",3.564,61.9,100,0,2024-04-12T16:29:39.000Z
"4/12/2024, 11:34:39 AM",3.563,62.1,100,0,2024-04-12T16:34:39.000Z
"4/12/2024, 11:39:39 AM",3.564,62.8,100,0,2024-04-12T16:39:39.000Z
"4/12/2024, 11:44:39 AM",3.563,63.7,100,0,2024-04-12T16:44:39.000Z
"4/12/2024, 11:49:39 AM",3.563,64.6,100,0,2024-04-12T16:49:39.000Z
"4/12/2024, 11:54:39 AM",3.562,65.3,100,0,2024-04-12T16:54:39.000Z
"4/12/2024, 11:59:39 AM",3.561,65.7,100,0,2024-04-12T16:59:39.000Z
"4/12/2024, 12:04:39 PM",3.561,65.8,100,0,2024-04-12T17:04:39.000Z
"4/12/2024, 12:09:39 PM",3.561,65.8,100,0,2024-04-12T17:09:39.000Z
"4/12/2024, 12:14:39 PM",3.562,66,100,0,2024-04-12T17:14:39.000Z
"4/12/2024, 12:19:39 PM",3.562,66.2,100,0,2024-04-12T17:19:39.000Z
"4/12/2024, 12:24:39 PM",3.562,66.2,100,0,2024-04-12T17:24:39.000Z
"4/12/2024, 12:29:39 PM",3.562,66.2,100,0,2024-04-12T17:29:39.000Z
"4/12/2024, 12:34:39 PM",3.562,66.4,100,0,2024-04-12T17:34:39.000Z
"4/12/2024, 12:39:39 PM",3.562,66.6,100,0,2024-04-12T17:39:39.000Z
"4/12/2024, 12:44:39 PM",3.562,67.1,100,0,2024-04-12T17:44:39.000Z
"4/12/2024, 12:49:39 PM",3.561,67.3,100,0,2024-04-12T17:49:39.000Z
"4/12/2024, 12:54:39 PM",3.562,67.5,100,0,2024-04-12T17:54:39.000Z
"4/12/2024, 12:59:39 PM",3.562,67.5,100,0,2024-04-12T17:59:39.000Z
"4/12/2024, 1:04:39 PM",3.562,67.1,100,0,2024-04-12T18:04:39.000Z
"4/12/2024, 1:09:39 PM",3.562,66.7,100,0,2024-04-12T18:09:39.000Z
"4/12/2024, 1:14:39 PM",3.562,66.6,100,0,2024-04-12T18:14:39.000Z
"4/12/2024, 1:19:39 PM",3.562,66.4,100,0,2024-04-12T18:19:39.000Z
"4/12/2024, 1:24:39 PM",3.562,66.4,100,0,2024-04-12T18:24:39.000Z
"4/12/2024, 1:29:39 PM",3.563,66.4,100,0,2024-04-12T18:29:39.000Z
"4/12/2024, 1:34:39 PM",3.562,66.6,100,0,2024-04-12T18:34:39.000Z
"4/12/2024, 1:39:39 PM",3.562,66.6,100,0,2024-04-12T18:39:39.000Z
"4/12/2024, 1:44:39 PM",3.562,67.3,100,0,2024-04-12T18:44:39.000Z
"4/12/2024, 1:49:39 PM",3.562,67.8,100,0,2024-04-12T18:49:39.000Z
"4/12/2024, 1:54:39 PM",3.562,68.4,100,0,2024-04-12T18:54:39.000Z
"4/12/2024, 1:59:39 PM",3.562,68.7,100,0,2024-04-12T18:59:39.000Z
"4/12/2024, 2:04:39 PM",3.562,69.6,100,0,2024-04-12T19:04:39.000Z
"4/12/2024, 2:09:39 PM",3.562,69.8,100,0,2024-04-12T19:09:39.000Z
"4/12/2024, 2:14:39 PM",3.562,70,100,0,2024-04-12T19:14:39.000Z
"4/12/2024, 2:19:39 PM",3.561,69.8,100,0,2024-04-12T19:19:39.000Z
"4/12/2024, 2:24:39 PM",3.562,69.6,100,0,2024-04-12T19:24:39.000Z
"4/12/2024, 2:29:39 PM",3.562,69.6,100,0,2024-04-12T19:29:39.000Z
"4/12/2024, 2:34:39 PM",3.562,69.3,100,0,2024-04-12T19:34:39.000Z
"4/12/2024, 2:39:39 PM",3.562,68.7,100,0,2024-04-12T19:39:39.000Z
"4/12/2024, 2:44:39 PM",3.562,67.8,100,0,2024-04-12T19:44:39.000Z
"4/12/2024, 2:49:39 PM",3.562,66.9,100,0,2024-04-12T19:49:39.000Z
"4/12/2024, 2:54:39 PM",3.563,66.9,100,0,2024-04-12T19:54:39.000Z
"4/12/2024, 2:59:39 PM",3.563,67.3,100,0,2024-04-12T19:59:39.000Z
"4/12/2024, 3:04:39 PM",3.563,67.5,100,0,2024-04-12T20:04:39.000Z
"4/12/2024, 3:09:39 PM",3.562,68,100,0,2024-04-12T20:09:39.000Z
"4/12/2024, 3:14:39 PM",3.563,68.7,100,0,2024-04-12T20:14:39.000Z
"4/12/2024, 3:19:39 PM",3.562,69.8,100,0,2024-04-12T20:19:39.000Z
"4/12/2024, 3:24:39 PM",3.562,70.9,100,0,2024-04-12T20:24:39.000Z
"4/12/2024, 3:29:39 PM",3.561,71.6,100,0,2024-04-12T20:29:39.000Z
"4/12/2024, 3:34:39 PM",3.561,71.8,100,0,2024-04-12T20:34:39.000Z
"4/12/2024, 3:39:39 PM",3.562,71.2,100,0,2024-04-12T20:39:39.000Z
"4/12/2024, 3:44:39 PM",3.561,70.9,100,0,2024-04-12T20:44:39.000Z
"4/12/2024, 3:49:39 PM",3.561,70.5,100,0,2024-04-12T20:49:39.000Z
"4/12/2024, 3:54:39 PM",3.561,70.3,100,0,2024-04-12T20:54:39.000Z
"4/12/2024, 3:59:39 PM",3.561,70.2,100,0,2024-04-12T20:59:39.000Z
"4/12/2024, 4:04:39 PM",3.562,70,100,0,2024-04-12T21:04:39.000Z
"4/12/2024, 4:09:39 PM",3.562,70,100,0,2024-04-12T21:09:39.000Z
"4/12/2024, 4:14:39 PM",3.562,69.8,100,0,2024-04-12T21:14:39.000Z
"4/12/2024, 4:19:39 PM",3.562,69.6,100,0,2024-04-12T21:19:39.000Z
"4/12/2024, 4:24:39 PM",3.562,69.3,100,0,2024-04-12T21:24:39.000Z
"4/12/2024, 4:29:39 PM",3.563,69.1,100,0,2024-04-12T21:29:39.000Z
"4/12/2024, 4:34:39 PM",3.562,69.1,100,0,2024-04-12T21:34:39.000Z
"4/12/2024, 4:39:39 PM",3.562,68.9,100,0,2024-04-12T21:39:39.000Z
"4/12/2024, 4:44:39 PM",3.562,69.1,100,0,2024-04-12T21:44:39.000Z
"4/12/2024, 4:49:39 PM",3.562,69.1,100,0,2024-04-12T21:49:39.000Z
"4/12/2024, 4:54:39 PM",3.563,69.1,100,0,2024-04-12T21:54:39.000Z
"4/12/2024, 4:59:39 PM",3.562,69.3,100,0,2024-04-12T21:59:39.000Z
"4/12/2024, 5:04:39 PM",3.562,69.6,100,0,2024-04-12T22:04:39.000Z
"4/12/2024, 5:09:39 PM",3.562,70.7,100,0,2024-04-12T22:09:39.000Z
"4/12/2024, 5:14:39 PM",3.562,71.2,100,0,2024-04-12T22:14:39.000Z
"4/12/2024, 5:19:39 PM",3.562,71.2,100,0,2024-04-12T22:19:39.000Z
"4/12/2024, 5:24:39 PM",3.562,70.9,100,0,2024-04-12T22:24:39.000Z
"4/12/2024, 5:29:39 PM",3.562,70.3,100,0,2024-04-12T22:29:39.000Z
"4/12/2024, 5:34:39 PM",3.562,69.8,100,0,2024-04-12T22:34:39.000Z
"4/12/2024, 5:39:39 PM",3.562,69.4,100,0,2024-04-12T22:39:39.000Z
"4/12/2024, 5:44:39 PM",3.562,69.1,100,0,2024-04-12T22:44:39.000Z
"4/12/2024, 5:49:39 PM",3.562,68.9,100,0,2024-04-12T22:49:39.000Z
"4/12/2024, 5:54:39 PM",3.562,68.5,100,0,2024-04-12T22:54:39.000Z
"4/12/2024, 5:59:39 PM",3.563,68.4,100,0,2024-04-12T22:59:39.000Z
"4/12/2024, 6:04:39 PM",3.563,67.8,100,0,2024-04-12T23:04:39.000Z
"4/12/2024, 6:09:39 PM",3.563,67.6,100,0,2024-04-12T23:09:39.000Z
"4/12/2024, 6:14:39 PM",3.562,67.5,100,0,2024-04-12T23:14:39.000Z
"4/12/2024, 6:19:39 PM",3.562,67.1,100,0,2024-04-12T23:19:39.000Z
"4/12/2024, 6:24:39 PM",3.563,67.1,100,0,2024-04-12T23:24:39.000Z
"4/12/2024, 6:29:39 PM",3.563,67.1,100,0,2024-04-12T23:29:39.000Z
"4/12/2024, 6:34:39 PM",3.562,66.9,100,0,2024-04-12T23:34:39.000Z
"4/12/2024, 6:39:39 PM",3.563,66.7,100,0,2024-04-12T23:39:39.000Z
"4/12/2024, 6:44:39 PM",3.563,66.4,100,0,2024-04-12T23:44:39.000Z
"4/12/2024, 6:49:39 PM",3.563,66.2,100,0,2024-04-12T23:49:39.000Z
"4/12/2024, 6:54:39 PM",3.562,66,100,0,2024-04-12T23:54:39.000Z
"4/12/2024, 6:59:39 PM",3.562,65.8,100,1,2024-04-12T23:59:39.000Z
"4/12/2024, 7:04:39 PM",3.562,65.7,100,1,2024-04-13T00:04:39.000Z
"4/12/2024, 7:09:39 PM",3.562,65.5,100,0,2024-04-13T00:09:39.000Z
"4/12/2024, 7:14:39 PM",3.562,65.3,100,0,2024-04-13T00:14:39.000Z
"4/12/2024, 7:19:39 PM",3.562,65.1,100,0,2024-04-13T00:19:39.000Z
"4/12/2024, 7:24:39 PM",3.562,64.9,100,0,2024-04-13T00:24:39.000Z
"4/12/2024, 7:29:39 PM",3.562,64.9,100,0,2024-04-13T00:29:39.000Z
"4/12/2024, 7:34:39 PM",3.562,64.8,100,1,2024-04-13T00:34:39.000Z
"4/12/2024, 7:39:39 PM",3.562,64.6,100,0,2024-04-13T00:39:39.000Z
"4/12/2024, 7:44:39 PM",3.562,64.4,100,0,2024-04-13T00:44:39.000Z
"4/12/2024, 7:49:39 PM",3.562,64,100,0,2024-04-13T00:49:39.000Z
"4/12/2024, 7:54:39 PM",3.562,63.9,100,0,2024-04-13T00:54:39.000Z
"4/12/2024, 7:59:39 PM",3.563,63.5,100,0,2024-04-13T00:59:39.000Z
"4/12/2024, 8:04:39 PM",3.562,63.1,100,0,2024-04-13T01:04:39.000Z
"4/12/2024, 8:09:39 PM",3.562,63,100,1,2024-04-13T01:09:39.000Z
"4/12/2024, 8:14:39 PM",3.563,62.8,100,1,2024-04-13T01:14:39.000Z
"4/12/2024, 8:19:39 PM",3.562,62.8,100,1,2024-04-13T01:19:39.000Z
"4/12/2024, 8:24:39 PM",3.562,62.8,100,1,2024-04-13T01:24:39.000Z
"4/12/2024, 8:29:39 PM",3.562,62.8,100,1,2024-04-13T01:29:39.000Z
"4/12/2024, 8:34:39 PM",3.562,62.6,100,1,2024-04-13T01:34:39.000Z
"4/12/2024, 8:39:39 PM",3.562,62.6,100,1,2024-04-13T01:39:39.000Z
"4/12/2024, 8:44:39 PM",3.562,62.4,100,1,2024-04-13T01:44:39.000Z
"4/12/2024, 8:49:39 PM",3.562,62.2,100,1,2024-04-13T01:49:39.000Z
"4/12/2024, 8:54:39 PM",3.562,62.2,100,1,2024-04-13T01:54:39.000Z
"4/12/2024, 8:59:39 PM",3.562,62.2,100,1,2024-04-13T01:59:39.000Z
"4/12/2024, 9:04:39 PM",3.562,61.9,100,1,2024-04-13T02:04:39.000Z
"4/12/2024, 9:09:39 PM",3.562,61.9,100,1,2024-04-13T02:09:39.000Z
"4/12/2024, 9:14:39 PM",3.562,61.9,100,1,2024-04-13T02:14:39.000Z
"4/12/2024, 9:19:39 PM",3.562,61.9,100,1,2024-04-13T02:19:39.000Z
"4/12/2024, 9:24:39 PM",3.562,61.9,100,1,2024-04-13T02:24:39.000Z
"4/12/2024, 9:29:39 PM",3.561,61.7,100,1,2024-04-13T02:29:39.000Z
"4/12/2024, 9:34:39 PM",3.561,61.7,100,1,2024-04-13T02:34:39.000Z
"4/12/2024, 9:39:39 PM",3.561,61.5,100,1,2024-04-13T02:39:39.000Z
"4/12/2024, 9:44:39 PM",3.561,61.5,100,1,2024-04-13T02:44:39.000Z
"4/12/2024, 9:49:39 PM",3.561,61.5,100,1,2024-04-13T02:49:39.000Z
"4/12/2024, 9:54:39 PM",3.561,61.7,100,1,2024-04-13T02:54:39.000Z
"4/12/2024, 9:59:39 PM",3.561,61.7,100,1,2024-04-13T02:59:39.000Z
"4/12/2024, 10:04:39 PM",3.561,61.7,100,1,2024-04-13T03:04:39.000Z
"4/12/2024, 10:09:39 PM",3.561,61.9,100,1,2024-04-13T03:09:39.000Z
"4/12/2024, 10:14:39 PM",3.561,61.7,100,1,2024-04-13T03:14:39.000Z
"4/12/2024, 10:19:39 PM",3.561,61.7,100,1,2024-04-13T03:19:39.000Z
"4/12/2024, 10:24:39 PM",3.561,61.7,100,1,2024-04-13T03:24:39.000Z
"4/12/2024, 10:29:39 PM",3.561,61.7,100,1,2024-04-13T03:29:39.000Z
"4/12/2024, 10:34:39 PM",3.561,61.7,100,1,2024-04-13T03:34:39.000Z
"4/12/2024, 10:39:39 PM",3.561,61.7,100,1,2024-04-13T03:39:39.000Z
"4/12/2024, 10:44:39 PM",3.561,61.7,100,1,2024-04-13T03:44:39.000Z
"4/12/2024, 10:49:39 PM",3.561,61.7,100,1,2024-04-13T03:49:39.000Z
"4/12/2024, 10:54:39 PM",3.561,61.5,100,1,2024-04-13T03:54:39.000Z
"4/12/2024, 10:59:39 PM",3.56,61.5,100,1,2024-04-13T03:59:39.000Z
"4/12/2024, 11:04:39 PM",3.561,61.5,100,1,2024-04-13T04:04:39.000Z
"4/12/2024, 11:09:39 PM",3.56,61.3,100,1,2024-04-13T04:09:39.000Z
"4/12/2024, 11:14:39 PM",3.561,61.2,100,1,2024-04-13T04:14:39.000Z
"4/12/2024, 11:19:39 PM",3.56,61.2,100,1,2024-04-13T04:19:39.000Z
"4/12/2024, 11:24:39 PM",3.56,61,100,1,2024-04-13T04:24:39.000Z
"4/12/2024, 11:29:39 PM",3.561,60.8,100,1,2024-04-13T04:29:39.000Z
"4/12/2024, 11:34:39 PM",3.56,60.8,100,1,2024-04-13T04:34:39.000Z
"4/12/2024, 11:39:39 PM",3.56,60.8,100,1,2024-04-13T04:39:39.000Z
"4/12/2024, 11:44:39 PM",3.56,60.6,100,1,2024-04-13T04:44:39.000Z
"4/12/2024, 11:49:39 PM",3.56,60.6,100,1,2024-04-13T04:49:39.000Z
"4/12/2024, 11:54:39 PM",3.56,60.6,100,1,2024-04-13T04:54:39.000Z
"4/12/2024, 11:59:39 PM",3.56,60.4,100,1,2024-04-13T04:59:39.000Z
"4/13/2024, 12:04:39 AM",3.56,60.4,100,1,2024-04-13T05:04:39.000Z
"4/13/2024, 12:09:39 AM",3.56,60.4,100,1,2024-04-13T05:09:39.000Z
"4/13/2024, 12:14:39 AM",3.56,60.4,100,1,2024-04-13T05:14:39.000Z
"4/13/2024, 12:19:39 AM",3.56,60.4,100,1,2024-04-13T05:19:39.000Z
"4/13/2024, 12:24:39 AM",3.56,60.4,100,1,2024-04-13T05:24:39.000Z
"4/13/2024, 12:29:39 AM",3.56,60.4,100,1,2024-04-13T05:29:39.000Z
"4/13/2024, 12:34:39 AM",3.56,60.4,100,1,2024-04-13T05:34:39.000Z
"4/13/2024, 12:39:39 AM",3.56,60.3,100,1,2024-04-13T05:39:39.000Z
"4/13/2024, 12:44:39 AM",3.559,60.3,100,1,2024-04-13T05:44:39.000Z
"4/13/2024, 12:49:39 AM",3.56,60.3,100,1,2024-04-13T05:49:39.000Z
"4/13/2024, 12:54:39 AM",3.56,60.3,100,1,2024-04-13T05:54:39.000Z
"4/13/2024, 12:59:39 AM",3.56,60.3,100,1,2024-04-13T05:59:39.000Z
"4/13/2024, 1:04:39 AM",3.56,60.4,100,1,2024-04-13T06:04:39.000Z
"4/13/2024, 1:09:39 AM",3.56,60.3,100,1,2024-04-13T06:09:39.000Z
"4/13/2024, 1:14:39 AM",3.56,60.3,100,1,2024-04-13T06:14:39.000Z
"4/13/2024, 1:19:39 AM",3.56,60.3,100,1,2024-04-13T06:19:39.000Z
"4/13/2024, 1:24:39 AM",3.56,60.1,100,1,2024-04-13T06:24:39.000Z
"4/13/2024, 1:29:39 AM",3.56,60.1,100,1,2024-04-13T06:29:39.000Z
"4/13/2024, 1:34:39 AM",3.56,59.9,100,1,2024-04-13T06:34:39.000Z
"4/13/2024, 1:39:39 AM",3.56,59.7,100,1,2024-04-13T06:39:39.000Z
"4/13/2024, 1:44:39 AM",3.56,59.5,100,1,2024-04-13T06:44:39.000Z
"4/13/2024, 1:49:39 AM",3.56,59.4,100,1,2024-04-13T06:49:39.000Z
"4/13/2024, 1:54:39 AM",3.56,59.2,100,1,2024-04-13T06:54:39.000Z
"4/13/2024, 1:59:39 AM",3.56,59,100,1,2024-04-13T06:59:39.000Z
"4/13/2024, 2:04:39 AM",3.56,59,100,1,2024-04-13T07:04:39.000Z
"4/13/2024, 2:09:39 AM",3.559,59,100,1,2024-04-13T07:09:39.000Z
"4/13/2024, 2:14:39 AM",3.56,59,100,1,2024-04-13T07:14:39.000Z
"4/13/2024, 2:19:39 AM",3.559,58.8,100,1,2024-04-13T07:19:39.000Z
"4/13/2024, 2:24:39 AM",3.559,58.6,100,1,2024-04-13T07:24:39.000Z
"4/13/2024, 2:29:39 AM",3.559,58.5,100,1,2024-04-13T07:29:39.000Z
"4/13/2024, 2:34:39 AM",3.559,58.5,100,1,2024-04-13T07:34:39.000Z
"4/13/2024, 2:39:39 AM",3.559,58.5,100,1,2024-04-13T07:39:39.000Z
"4/13/2024, 2:44:39 AM",3.559,58.3,100,1,2024-04-13T07:44:39.000Z
"4/13/2024, 2:49:39 AM",3.559,58.3,100,1,2024-04-13T07:49:39.000Z
"4/13/2024, 2:54:39 AM",3.56,58.3,100,1,2024-04-13T07:54:39.000Z
"4/13/2024, 2:59:39 AM",3.559,58.1,100,1,2024-04-13T07:59:39.000Z
"4/13/2024, 3:04:39 AM",3.559,58.1,100,1,2024-04-13T08:04:39.000Z
"4/13/2024, 3:09:39 AM",3.559,57.9,100,1,2024-04-13T08:09:39.000Z
"4/13/2024, 3:14:39 AM",3.559,57.9,100,0,2024-04-13T08:14:39.000Z
"4/13/2024, 3:19:39 AM",3.559,57.9,100,0,2024-04-13T08:19:39.000Z
"4/13/2024, 3:24:39 AM",3.559,57.7,100,1,2024-04-13T08:24:39.000Z
"4/13/2024, 3:29:39 AM",3.559,57.7,100,0,2024-04-13T08:29:39.000Z
"4/13/2024, 3:34:39 AM",3.559,57.7,100,1,2024-04-13T08:34:39.000Z
"4/13/2024, 3:39:39 AM",3.559,57.7,100,1,2024-04-13T08:39:39.000Z
"4/13/2024, 3:44:39 AM",3.559,57.7,100,1,2024-04-13T08:44:39.000Z
"4/13/2024, 3:49:39 AM",3.559,57.7,100,1,2024-04-13T08:49:39.000Z
"4/13/2024, 3:54:39 AM",3.558,57.7,100,0,2024-04-13T08:54:39.000Z
"4/13/2024, 3:59:39 AM",3.559,57.7,100,1,2024-04-13T08:59:39.000Z
"4/13/2024, 4:04:39 AM",3.559,57.7,100,1,2024-04-13T09:04:39.000Z
"4/13/2024, 4:09:39 AM",3.559,57.7,100,1,2024-04-13T09:09:39.000Z
"4/13/2024, 4:14:39 AM",3.559,57.9,100,1,2024-04-13T09:14:39.000Z
"4/13/2024, 4:19:39 AM",3.558,57.9,100,1,2024-04-13T09:19:39.000Z
"4/13/2024, 4:24:39 AM",3.558,57.9,100,1,2024-04-13T09:24:39.000Z
"4/13/2024, 4:29:39 AM",3.559,57.9,100,1,2024-04-13T09:29:39.000Z
"4/13/2024, 4:34:39 AM",3.558,57.9,100,1,2024-04-13T09:34:39.000Z
"4/13/2024, 4:39:39 AM",3.559,57.9,100,1,2024-04-13T09:39:39.000Z
"4/13/2024, 4:44:39 AM",3.558,57.9,100,0,2024-04-13T09:44:39.000Z
"4/13/2024, 4:49:39 AM",3.558,57.9,100,0,2024-04-13T09:49:39.000Z
"4/13/2024, 4:54:39 AM",3.558,58.1,100,0,2024-04-13T09:54:39.000Z
"4/13/2024, 4:59:39 AM",3.558,58.1,100,0,2024-04-13T09:59:39.000Z
"4/13/2024, 5:04:39 AM",3.558,58.1,100,0,2024-04-13T10:04:39.000Z
"4/13/2024, 5:09:39 AM",3.558,58.1,100,0,2024-04-13T10:09:39.000Z
"4/13/2024, 5:14:39 AM",3.558,58.1,100,0,2024-04-13T10:14:39.000Z
"4/13/2024, 5:19:39 AM",3.559,58.1,100,0,2024-04-13T10:19:39.000Z
"4/13/2024, 5:24:39 AM",3.558,57.9,100,0,2024-04-13T10:24:39.000Z
"4/13/2024, 5:29:39 AM",3.558,58.1,100,0,2024-04-13T10:29:39.000Z
"4/13/2024, 5:34:39 AM",3.558,58.1,100,0,2024-04-13T10:34:39.000Z
"4/13/2024, 5:39:39 AM",3.558,58.3,100,0,2024-04-13T10:39:39.000Z
"4/13/2024, 5:44:39 AM",3.558,58.3,100,0,2024-04-13T10:44:39.000Z
"4/13/2024, 5:49:39 AM",3.558,58.3,100,0,2024-04-13T10:49:39.000Z
"4/13/2024, 5:54:39 AM",3.559,58.3,100,0,2024-04-13T10:54:39.000Z
"4/13/2024, 5:59:39 AM",3.558,58.1,100,0,2024-04-13T10:59:39.000Z
"4/13/2024, 6:04:39 AM",3.558,58.3,100,0,2024-04-13T11:04:39.000Z
"4/13/2024, 6:09:39 AM",3.558,58.3,100,0,2024-04-13T11:09:39.000Z
"4/13/2024, 6:14:39 AM",3.558,58.3,100,0,2024-04-13T11:14:39.000Z
"4/13/2024, 6:19:39 AM",3.558,58.3,100,0,2024-04-13T11:19:39.000Z
"4/13/2024, 6:24:39 AM",3.558,58.5,100,0,2024-04-13T11:24:39.000Z
"4/13/2024, 6:29:39 AM",3.558,58.6,100,0,2024-04-13T11:29:39.000Z
"4/13/2024, 6:34:39 AM",3.558,58.8,100,0,2024-04-13T11:34:39.000Z
"4/13/2024, 6:39:39 AM",3.558,59.2,100,1,2024-04-13T11:39:39.000Z
"4/13/2024, 6:44:39 AM",3.558,59.4,100,0,2024-04-13T11:44:39.000Z
"4/13/2024, 6:49:39 AM",3.558,59.5,100,0,2024-04-13T11:49:39.000Z
"4/13/2024, 6:54:39 AM",3.558,59.9,100,0,2024-04-13T11:54:39.000Z
"4/13/2024, 6:59:39 AM",3.558,60.1,100,0,2024-04-13T11:59:39.000Z
"4/13/2024, 7:04:39 AM",3.558,60.4,100,0,2024-04-13T12:04:39.000Z
"4/13/2024, 7:09:39 AM",3.558,60.8,100,0,2024-04-13T12:09:39.000Z
"4/13/2024, 7:14:39 AM",3.558,61.2,100,0,2024-04-13T12:14:39.000Z
"4/13/2024, 7:19:39 AM",3.558,61.3,100,0,2024-04-13T12:19:39.000Z
"4/13/2024, 7:24:39 AM",3.558,61.7,100,0,2024-04-13T12:24:39.000Z
"4/13/2024, 7:29:39 AM",3.558,61.9,100,0,2024-04-13T12:29:39.000Z
"4/13/2024, 7:34:39 AM",3.558,62.2,100,0,2024-04-13T12:34:39.000Z
"4/13/2024, 7:39:39 AM",3.558,62.6,100,0,2024-04-13T12:39:39.000Z
"4/13/2024, 7:44:39 AM",3.559,63,100,1,2024-04-13T12:44:39.000Z
"4/13/2024, 7:49:39 AM",3.558,63.1,100,0,2024-04-13T12:49:39.000Z
"4/13/2024, 7:54:39 AM",3.558,63.7,100,0,2024-04-13T12:54:39.000Z
"4/13/2024, 7:59:39 AM",3.558,64,100,0,2024-04-13T12:59:39.000Z
"4/13/2024, 8:04:39 AM",3.558,64.2,100,0,2024-04-13T13:04:39.000Z
"4/13/2024, 8:09:39 AM",3.558,64.6,100,0,2024-04-13T13:09:39.000Z
"4/13/2024, 8:14:39 AM",3.558,64.9,100,0,2024-04-13T13:14:39.000Z
"4/13/2024, 8:19:39 AM",3.559,65.3,100,0,2024-04-13T13:19:39.000Z
"4/13/2024, 8:24:39 AM",3.558,65.5,100,0,2024-04-13T13:24:39.000Z
"4/13/2024, 8:29:39 AM",3.558,65.8,100,0,2024-04-13T13:29:39.000Z
"4/13/2024, 8:34:39 AM",3.558,66,100,0,2024-04-13T13:34:39.000Z
"4/13/2024, 8:39:39 AM",3.558,66.4,100,0,2024-04-13T13:39:39.000Z
"4/13/2024, 8:44:39 AM",3.558,66.7,100,0,2024-04-13T13:44:39.000Z
"4/13/2024, 8:49:39 AM",3.558,67.3,100,0,2024-04-13T13:49:39.000Z
"4/13/2024, 8:54:39 AM",3.558,67.6,100,0,2024-04-13T13:54:39.000Z
"4/13/2024, 8:59:39 AM",3.557,67.8,100,0,2024-04-13T13:59:39.000Z
"4/13/2024, 9:04:39 AM",3.558,68.2,100,0,2024-04-13T14:04:39.000Z
"4/13/2024, 9:09:39 AM",3.557,68.7,100,0,2024-04-13T14:09:39.000Z
"4/13/2024, 9:14:39 AM",3.558,69.1,100,0,2024-04-13T14:14:39.000Z
"4/13/2024, 9:19:39 AM",3.557,69.6,100,0,2024-04-13T14:19:39.000Z
"4/13/2024, 9:24:39 AM",3.557,70.2,100,0,2024-04-13T14:24:39.000Z
"4/13/2024, 9:29:39 AM",3.557,70.5,100,0,2024-04-13T14:29:39.000Z
"4/13/2024, 9:34:39 AM",3.557,70.9,100,0,2024-04-13T14:34:39.000Z
"4/13/2024, 9:39:39 AM",3.557,71.2,100,0,2024-04-13T14:39:39.000Z
"4/13/2024, 9:44:39 AM",3.557,71.4,100,0,2024-04-13T14:44:39.000Z
"4/13/2024, 9:49:39 AM",3.558,71.8,100,0,2024-04-13T14:49:39.000Z
"4/13/2024, 9:54:39 AM",3.557,72,100,0,2024-04-13T14:54:39.000Z
"4/13/2024, 9:59:39 AM",3.558,72.3,100,0,2024-04-13T14:59:39.000Z
"4/13/2024, 10:04:39 AM",3.558,72.7,100,0,2024-04-13T15:04:39.000Z
"4/13/2024, 10:09:39 AM",3.557,73,100,0,2024-04-13T15:09:39.000Z
"4/13/2024, 10:14:39 AM",3.558,73.6,100,0,2024-04-13T15:14:39.000Z
"4/13/2024, 10:19:39 AM",3.558,73.8,100,0,2024-04-13T15:19:39.000Z
"4/13/2024, 10:24:39 AM",3.558,73.9,100,0,2024-04-13T15:24:39.000Z
"4/13/2024, 10:29:39 AM",3.558,74.1,100,0,2024-04-13T15:29:39.000Z
"4/13/2024, 10:34:39 AM",3.558,74.3,100,0,2024-04-13T15:34:39.000Z
"4/13/2024, 10:39:39 AM",3.558,74.7,100,0,2024-04-13T15:39:39.000Z
"4/13/2024, 10:44:39 AM",3.558,74.8,100,0,2024-04-13T15:44:39.000Z
"4/13/2024, 10:49:39 AM",3.558,75,100,0,2024-04-13T15:49:39.000Z
"4/13/2024, 10:54:39 AM",3.559,75.2,100,0,2024-04-13T15:54:39.000Z
"4/13/2024, 10:59:39 AM",3.558,75.6,100,0,2024-04-13T15:59:39.000Z
"4/13/2024, 11:04:39 AM",3.559,75.7,100,0,2024-04-13T16:04:39.000Z
"4/13/2024, 11:09:39 AM",3.559,75.9,100,0,2024-04-13T16:09:39.000Z
"4/13/2024, 11:14:39 AM",3.558,76.1,100,0,2024-04-13T16:14:39.000Z
"4/13/2024, 11:19:39 AM",3.558,76.3,100,0,2024-04-13T16:19:39.000Z
"4/13/2024, 11:24:39 AM",3.559,76.6,100,0,2024-04-13T16:24:39.000Z
"4/13/2024, 11:29:39 AM",3.559,76.8,100,0,2024-04-13T16:29:39.000Z
"4/13/2024, 11:34:39 AM",3.558,77.2,100,0,2024-04-13T16:34:39.000Z
"4/13/2024, 11:39:39 AM",3.558,77.4,100,0,2024-04-13T16:39:39.000Z
"4/13/2024, 11:44:39 AM",3.558,77.4,100,0,2024-04-13T16:44:39.000Z
"4/13/2024, 11:49:39 AM",3.558,77.5,100,0,2024-04-13T16:49:39.000Z
"4/13/2024, 11:54:39 AM",3.558,77.7,100,0,2024-04-13T16:54:39.000Z
"4/13/2024, 11:59:39 AM",3.558,77.9,100,0,2024-04-13T16:59:39.000Z
"4/13/2024, 12:04:39 PM",3.558,78.1,100,0,2024-04-13T17:04:39.000Z
"4/13/2024, 12:09:39 PM",3.557,78.1,100,0,2024-04-13T17:09:39.000Z
"4/13/2024, 12:14:39 PM",3.558,78.3,100,0,2024-04-13T17:14:39.000Z
"4/13/2024, 12:19:39 PM",3.558,78.6,100,0,2024-04-13T17:19:39.000Z
"4/13/2024, 12:24:39 PM",3.558,78.8,100,0,2024-04-13T17:24:39.000Z
"4/13/2024, 12:29:39 PM",3.558,79.2,100,0,2024-04-13T17:29:39.000Z
"4/13/2024, 12:34:39 PM",3.558,79.5,100,0,2024-04-13T17:34:39.000Z
"4/13/2024, 12:39:39 PM",3.557,79.9,100,0,2024-04-13T17:39:39.000Z
"4/13/2024, 12:44:39 PM",3.557,80.2,100,0,2024-04-13T17:44:39.000Z
"4/13/2024, 12:49:39 PM",3.556,80.6,100,0,2024-04-13T17:49:39.000Z
"4/13/2024, 12:54:39 PM",3.555,80.8,100,0,2024-04-13T17:54:39.000Z
"4/13/2024, 12:59:39 PM",3.553,81.1,100,0,2024-04-13T17:59:39.000Z
"4/13/2024, 1:04:39 PM",3.552,81.5,100,0,2024-04-13T18:04:39.000Z
"4/13/2024, 1:09:39 PM",3.551,81.7,100,0,2024-04-13T18:09:39.000Z
"4/13/2024, 1:14:39 PM",3.55,81.9,100,0,2024-04-13T18:14:39.000Z
"4/13/2024, 1:19:39 PM",3.551,81.9,100,0,2024-04-13T18:19:39.000Z
"4/13/2024, 1:24:39 PM",3.551,81.9,100,0,2024-04-13T18:24:39.000Z
"4/13/2024, 1:29:39 PM",3.55,82.2,100,0,2024-04-13T18:29:39.000Z
"4/13/2024, 1:34:39 PM",3.55,82.2,100,0,2024-04-13T18:34:39.000Z
"4/13/2024, 1:39:39 PM",3.55,82.4,100,0,2024-04-13T18:39:39.000Z
"4/13/2024, 1:44:39 PM",3.549,82.6,100,0,2024-04-13T18:44:39.000Z
"4/13/2024, 1:49:39 PM",3.549,82.8,100,0,2024-04-13T18:49:39.000Z
"4/13/2024, 1:54:39 PM",3.549,82.9,100,0,2024-04-13T18:54:39.000Z
"4/13/2024, 1:59:39 PM",3.549,83.1,100,0,2024-04-13T18:59:39.000Z
"4/13/2024, 2:04:39 PM",3.549,83.5,100,0,2024-04-13T19:04:39.000Z
"4/13/2024, 2:09:39 PM",3.549,83.7,100,0,2024-04-13T19:09:39.000Z
"4/13/2024, 2:14:39 PM",3.549,83.8,100,0,2024-04-13T19:14:39.000Z
"4/13/2024, 2:19:39 PM",3.549,84,100,0,2024-04-13T19:19:39.000Z
"4/13/2024, 2:24:39 PM",3.549,84,100,0,2024-04-13T19:24:39.000Z
"4/13/2024, 2:29:39 PM",3.549,83.8,100,0,2024-04-13T19:29:39.000Z
"4/13/2024, 2:34:39 PM",3.549,83.8,100,0,2024-04-13T19:34:39.000Z
"4/13/2024, 2:39:39 PM",3.549,83.8,100,0,2024-04-13T19:39:39.000Z
"4/13/2024, 2:44:39 PM",3.549,83.8,100,0,2024-04-13T19:44:39.000Z
"4/13/2024, 2:49:39 PM",3.55,84,100,0,2024-04-13T19:49:39.000Z
"4/13/2024, 2:54:39 PM",3.549,84.2,100,0,2024-04-13T19:54:39.000Z
"4/13/2024, 2:59:39 PM",3.55,84.2,100,0,2024-04-13T19:59:39.000Z
"4/13/2024, 3:04:39 PM",3.549,84.4,100,0,2024-04-13T20:04:39.000Z
"4/13/2024, 3:09:39 PM",3.55,84.6,100,0,2024-04-13T20:09:39.000Z
"4/13/2024, 3:14:39 PM",3.549,84.9,100,0,2024-04-13T20:14:39.000Z
"4/13/2024, 3:19:39 PM",3.549,84.9,100,0,2024-04-13T20:19:39.000Z
"4/13/2024, 3:24:39 PM",3.549,85.1,100,0,2024-04-13T20:24:39.000Z
"4/13/2024, 3:29:39 PM",3.55,84.9,100,0,2024-04-13T20:29:39.000Z
"4/13/2024, 3:34:39 PM",3.55,84.9,100,0,2024-04-13T20:34:39.000Z
"4/13/2024, 3:39:39 PM",3.55,84.9,100,0,2024-04-13T20:39:39.000Z
"4/13/2024, 3:44:39 PM",3.55,85.1,100,0,2024-04-13T20:44:39.000Z
"4/13/2024, 3:49:39 PM",3.549,85.1,100,0,2024-04-13T20:49:39.000Z
"4/13/2024, 3:54:39 PM",3.55,85.3,100,0,2024-04-13T20:54:39.000Z
"4/13/2024, 3:59:39 PM",3.55,85.3,100,0,2024-04-13T20:59:39.000Z
"4/13/2024, 4:04:39 PM",3.55,85.1,100,0,2024-04-13T21:04:39.000Z
"4/13/2024, 4:09:39 PM",3.55,85.3,100,0,2024-04-13T21:09:39.000Z
"4/13/2024, 4:14:39 PM",3.55,85.3,100,0,2024-04-13T21:14:39.000Z
"4/13/2024, 4:19:39 PM",3.55,85.5,100,0,2024-04-13T21:19:39.000Z
"4/13/2024, 4:24:39 PM",3.55,85.5,100,0,2024-04-13T21:24:39.000Z
"4/13/2024, 4:29:39 PM",3.55,85.5,100,0,2024-04-13T21:29:39.000Z
"4/13/2024, 4:34:39 PM",3.55,85.5,100,0,2024-04-13T21:34:39.000Z
"4/13/2024, 4:39:39 PM",3.55,85.3,100,0,2024-04-13T21:39:39.000Z
"4/13/2024, 4:44:39 PM",3.55,85.3,100,0,2024-04-13T21:44:39.000Z
"4/13/2024, 4:49:39 PM",3.55,85.3,100,0,2024-04-13T21:49:39.000Z
"4/13/2024, 4:54:39 PM",3.55,85.3,100,0,2024-04-13T21:54:39.000Z
"4/13/2024, 4:59:39 PM",3.55,85.3,100,0,2024-04-13T21:59:39.000Z
"4/13/2024, 5:04:39 PM",3.55,85.1,100,0,2024-04-13T22:04:39.000Z
"4/13/2024, 5:09:39 PM",3.55,84.9,100,0,2024-04-13T22:09:39.000Z
"4/13/2024, 5:14:39 PM",3.55,84.7,100,0,2024-04-13T22:14:39.000Z
"4/13/2024, 5:19:39 PM",3.551,84.4,100,0,2024-04-13T22:19:39.000Z
"4/13/2024, 5:24:39 PM",3.551,83.5,100,0,2024-04-13T22:24:39.000Z
"4/13/2024, 5:29:39 PM",3.55,82.8,100,0,2024-04-13T22:29:39.000Z
"4/13/2024, 5:34:39 PM",3.551,81.9,100,0,2024-04-13T22:34:39.000Z
"4/13/2024, 5:39:39 PM",3.551,81.1,100,0,2024-04-13T22:39:39.000Z
"4/13/2024, 5:44:39 PM",3.552,80.4,100,0,2024-04-13T22:44:39.000Z
"4/13/2024, 5:49:39 PM",3.552,79.9,100,0,2024-04-13T22:49:39.000Z
"4/13/2024, 5:54:39 PM",3.552,79.3,100,0,2024-04-13T22:54:39.000Z
"4/13/2024, 5:59:39 PM",3.553,78.6,100,0,2024-04-13T22:59:39.000Z
"4/13/2024, 6:04:39 PM",3.553,78.1,100,0,2024-04-13T23:04:39.000Z
"4/13/2024, 6:09:39 PM",3.553,77.5,100,0,2024-04-13T23:09:39.000Z
"4/13/2024, 6:14:39 PM",3.554,77,100,0,2024-04-13T23:14:39.000Z
"4/13/2024, 6:19:39 PM",3.554,76.5,100,0,2024-04-13T23:19:39.000Z
"4/13/2024, 6:24:39 PM",3.554,75.9,100,0,2024-04-13T23:24:39.000Z
"4/13/2024, 6:29:39 PM",3.554,75.4,100,0,2024-04-13T23:29:39.000Z
"4/13/2024, 6:34:39 PM",3.554,74.8,100,0,2024-04-13T23:34:39.000Z
"4/13/2024, 6:39:39 PM",3.554,74.3,100,0,2024-04-13T23:39:39.000Z
"4/13/2024, 6:44:39 PM",3.555,73.8,100,0,2024-04-13T23:44:39.000Z
"4/13/2024, 6:49:39 PM",3.554,73.4,100,0,2024-04-13T23:49:39.000Z
"4/13/2024, 6:54:39 PM",3.555,72.9,100,0,2024-04-13T23:54:39.000Z
"4/13/2024, 6:59:39 PM",3.555,72.3,100,0,2024-04-13T23:59:39.000Z
"4/13/2024, 7:04:39 PM",3.555,71.8,100,0,2024-04-14T00:04:39.000Z
"4/13/2024, 7:09:39 PM",3.555,71.4,100,0,2024-04-14T00:09:39.000Z
"4/13/2024, 7:14:39 PM",3.555,70.9,100,0,2024-04-14T00:14:39.000Z
"4/13/2024, 7:19:39 PM",3.556,70.5,100,0,2024-04-14T00:19:39.000Z
"4/13/2024, 7:24:39 PM",3.556,70,100,0,2024-04-14T00:24:39.000Z
"4/13/2024, 7:29:39 PM",3.556,69.6,100,0,2024-04-14T00:29:39.000Z
"4/13/2024, 7:34:39 PM",3.557,69.1,100,0,2024-04-14T00:34:39.000Z
"4/13/2024, 7:39:39 PM",3.557,68.7,100,0,2024-04-14T00:39:39.000Z
"4/13/2024, 7:44:39 PM",3.557,68.4,100,0,2024-04-14T00:44:39.000Z
"4/13/2024, 7:49:39 PM",3.556,68,100,0,2024-04-14T00:49:39.000Z
"4/13/2024, 7:54:39 PM",3.557,67.8,100,0,2024-04-14T00:54:39.000Z
"4/13/2024, 7:59:39 PM",3.556,67.5,100,0,2024-04-14T00:59:39.000Z
"4/13/2024, 8:04:39 PM",3.556,67.1,100,0,2024-04-14T01:04:39.000Z
"4/13/2024, 8:09:39 PM",3.556,66.9,100,0,2024-04-14T01:09:39.000Z
"4/13/2024, 8:14:39 PM",3.557,66.7,100,0,2024-04-14T01:14:39.000Z
"4/13/2024, 8:19:39 PM",3.557,66.6,100,0,2024-04-14T01:19:39.000Z
"4/13/2024, 8:24:39 PM",3.556,66.4,100,0,2024-04-14T01:24:39.000Z
"4/13/2024, 8:29:39 PM",3.557,66.2,100,0,2024-04-14T01:29:39.000Z
"4/13/2024, 8:34:39 PM",3.556,66,100,0,2024-04-14T01:34:39.000Z
"4/13/2024, 8:39:39 PM",3.557,65.8,100,0,2024-04-14T01:39:39.000Z
"4/13/2024, 8:44:39 PM",3.556,65.7,100,0,2024-04-14T01:44:39.000Z
"4/13/2024, 8:49:39 PM",3.556,65.7,100,0,2024-04-14T01:49:39.000Z
"4/13/2024, 8:54:39 PM",3.556,65.5,100,0,2024-04-14T01:54:39.000Z
"4/13/2024, 8:59:39 PM",3.556,65.3,100,0,2024-04-14T01:59:39.000Z
"4/13/2024, 9:04:39 PM",3.556,65.1,100,0,2024-04-14T02:04:39.000Z
"4/13/2024, 9:09:39 PM",3.556,64.9,100,0,2024-04-14T02:09:39.000Z
"4/13/2024, 9:14:39 PM",3.556,64.8,100,0,2024-04-14T02:14:39.000Z
"4/13/2024, 9:19:39 PM",3.556,64.8,100,0,2024-04-14T02:19:39.000Z
"4/13/2024, 9:24:39 PM",3.556,64.6,100,0,2024-04-14T02:24:39.000Z
"4/13/2024, 9:29:39 PM",3.556,64.4,100,0,2024-04-14T02:29:39.000Z
"4/13/2024, 9:34:39 PM",3.555,64.2,100,0,2024-04-14T02:34:39.000Z
"4/13/2024, 9:39:39 PM",3.556,64.2,100,0,2024-04-14T02:39:39.000Z
"4/13/2024, 9:44:39 PM",3.555,64,100,0,2024-04-14T02:44:39.000Z
"4/13/2024, 9:49:39 PM",3.556,64,100,0,2024-04-14T02:49:39.000Z
"4/13/2024, 9:54:39 PM",3.555,63.9,100,0,2024-04-14T02:54:39.000Z
"4/13/2024, 9:59:39 PM",3.555,63.7,100,0,2024-04-14T02:59:39.000Z
"4/13/2024, 10:04:39 PM",3.555,63.7,100,0,2024-04-14T03:04:39.000Z
"4/13/2024, 10:09:39 PM",3.555,63.5,100,0,2024-04-14T03:09:39.000Z
"4/13/2024, 10:14:39 PM",3.555,63.3,100,0,2024-04-14T03:14:39.000Z
"4/13/2024, 10:19:39 PM",3.554,63.1,100,1,2024-04-14T03:19:39.000Z
"4/13/2024, 10:24:39 PM",3.554,63.1,100,1,2024-04-14T03:24:39.000Z
"4/13/2024, 10:29:39 PM",3.554,63.3,100,1,2024-04-14T03:29:39.000Z
"4/13/2024, 10:34:39 PM",3.554,63.5,100,1,2024-04-14T03:34:39.000Z
"4/13/2024, 10:39:39 PM",3.554,63.5,100,1,2024-04-14T03:39:39.000Z
"4/13/2024, 10:44:39 PM",3.553,63.5,100,0,2024-04-14T03:44:39.000Z
"4/13/2024, 10:49:39 PM",3.553,63.5,100,1,2024-04-14T03:49:39.000Z
"4/13/2024, 10:54:39 PM",3.553,63.5,100,1,2024-04-14T03:54:39.000Z
"4/13/2024, 10:59:39 PM",3.553,63.5,100,1,2024-04-14T03:59:39.000Z
"4/13/2024, 11:04:39 PM",3.553,63.5,100,0,2024-04-14T04:04:39.000Z
"4/13/2024, 11:09:39 PM",3.553,63.5,100,0,2024-04-14T04:09:39.000Z
"4/13/2024, 11:14:39 PM",3.553,63.5,100,0,2024-04-14T04:14:39.000Z
"4/13/2024, 11:19:39 PM",3.553,63.3,100,0,2024-04-14T04:19:39.000Z
"4/13/2024, 11:24:39 PM",3.552,63.1,100,0,2024-04-14T04:24:39.000Z
"4/13/2024, 11:29:39 PM",3.552,63,100,0,2024-04-14T04:29:39.000Z
"4/13/2024, 11:34:39 PM",3.553,63,100,0,2024-04-14T04:34:39.000Z
"4/13/2024, 11:39:39 PM",3.553,63,100,0,2024-04-14T04:39:39.000Z
"4/13/2024, 11:44:39 PM",3.553,62.8,100,0,2024-04-14T04:44:39.000Z
"4/13/2024, 11:49:39 PM",3.552,62.6,100,0,2024-04-14T04:49:39.000Z
"4/13/2024, 11:54:39 PM",3.552,62.4,100,0,2024-04-14T04:54:39.000Z
"4/13/2024, 11:59:39 PM",3.552,62.2,100,0,2024-04-14T04:59:39.000Z
"4/14/2024, 12:04:39 AM",3.552,62.2,100,0,2024-04-14T05:04:39.000Z
"4/14/2024, 12:09:39 AM",3.552,62.1,100,0,2024-04-14T05:09:39.000Z
"4/14/2024, 12:14:39 AM",3.552,62.1,100,0,2024-04-14T05:14:39.000Z
"4/14/2024, 12:19:39 AM",3.552,62.1,100,0,2024-04-14T05:19:39.000Z
"4/14/2024, 12:24:39 AM",3.552,62.1,100,0,2024-04-14T05:24:39.000Z
"4/14/2024, 12:29:39 AM",3.552,62.1,100,0,2024-04-14T05:29:39.000Z
"4/14/2024, 12:34:39 AM",3.552,62.1,100,0,2024-04-14T05:34:39.000Z
"4/14/2024, 12:39:39 AM",3.552,62.1,100,0,2024-04-14T05:39:39.000Z
"4/14/2024, 12:44:39 AM",3.552,61.9,100,0,2024-04-14T05:44:39.000Z
"4/14/2024, 12:49:39 AM",3.552,61.7,100,0,2024-04-14T05:49:39.000Z
"4/14/2024, 12:54:39 AM",3.552,61.7,100,0,2024-04-14T05:54:39.000Z
"4/14/2024, 12:59:39 AM",3.552,61.7,100,0,2024-04-14T05:59:39.000Z
"4/14/2024, 1:04:39 AM",3.552,61.5,100,0,2024-04-14T06:04:39.000Z
"4/14/2024, 1:09:39 AM",3.552,61.5,100,0,2024-04-14T06:09:39.000Z
"4/14/2024, 1:14:39 AM",3.552,61.5,100,0,2024-04-14T06:14:39.000Z
"4/14/2024, 1:19:39 AM",3.551,61.5,100,0,2024-04-14T06:19:39.000Z
"4/14/2024, 1:24:39 AM",3.551,61.5,100,0,2024-04-14T06:24:39.000Z
"4/14/2024, 1:29:39 AM",3.551,61.5,100,0,2024-04-14T06:29:39.000Z
"4/14/2024, 1:34:39 AM",3.551,61.5,100,0,2024-04-14T06:34:39.000Z
"4/14/2024, 1:39:39 AM",3.551,61.5,100,0,2024-04-14T06:39:39.000Z
"4/14/2024, 1:44:39 AM",3.551,61.5,100,0,2024-04-14T06:44:39.000Z
"4/14/2024, 1:49:39 AM",3.551,61.5,100,0,2024-04-14T06:49:39.000Z
"4/14/2024, 1:54:39 AM",3.551,61.3,100,0,2024-04-14T06:54:39.000Z
"4/14/2024, 1:59:39 AM",3.551,61.3,100,0,2024-04-14T06:59:39.000Z
"4/14/2024, 2:04:39 AM",3.551,61.3,100,0,2024-04-14T07:04:39.000Z
"4/14/2024, 2:09:39 AM",3.551,61.3,100,0,2024-04-14T07:09:39.000Z
"4/14/2024, 2:14:39 AM",3.551,61.3,100,0,2024-04-14T07:14:39.000Z
"4/14/2024, 2:19:39 AM",3.551,61.3,100,0,2024-04-14T07:19:39.000Z
"4/14/2024, 2:24:39 AM",3.551,61.3,100,0,2024-04-14T07:24:39.000Z
"4/14/2024, 2:29:39 AM",3.551,61.3,100,0,2024-04-14T07:29:39.000Z
"4/14/2024, 2:34:39 AM",3.551,61.3,100,0,2024-04-14T07:34:39.000Z
"4/14/2024, 2:39:39 AM",3.551,61.3,100,0,2024-04-14T07:39:39.000Z
"4/14/2024, 2:44:39 AM",3.551,61.3,100,0,2024-04-14T07:44:39.000Z
"4/14/2024, 2:49:39 AM",3.551,61.3,100,0,2024-04-14T07:49:39.000Z
"4/14/2024, 2:54:39 AM",3.551,61.3,100,0,2024-04-14T07:54:39.000Z
"4/14/2024, 2:59:39 AM",3.55,61.3,100,0,2024-04-14T07:59:39.000Z
"4/14/2024, 3:04:39 AM",3.55,61.3,100,0,2024-04-14T08:04:39.000Z
"4/14/2024, 3:09:39 AM",3.55,61.3,100,0,2024-04-14T08:09:39.000Z
"4/14/2024, 3:14:39 AM",3.551,61.5,100,0,2024-04-14T08:14:39.000Z
"4/14/2024, 3:19:39 AM",3.551,61.5,100,0,2024-04-14T08:19:39.000Z
"4/14/2024, 3:24:39 AM",3.551,61.5,100,0,2024-04-14T08:24:39.000Z
"4/14/2024, 3:29:39 AM",3.551,61.7,100,0,2024-04-14T08:29:39.000Z
"4/14/2024, 3:34:39 AM",3.55,61.7,100,0,2024-04-14T08:34:39.000Z
"4/14/2024, 3:39:39 AM",3.55,61.7,100,0,2024-04-14T08:39:39.000Z
"4/14/2024, 3:44:39 AM",3.551,61.7,100,0,2024-04-14T08:44:39.000Z
"4/14/2024, 3:49:39 AM",3.55,61.9,100,0,2024-04-14T08:49:39.000Z
"4/14/2024, 3:54:39 AM",3.55,61.9,100,0,2024-04-14T08:54:39.000Z
"4/14/2024, 3:59:39 AM",3.55,61.9,100,0,2024-04-14T08:59:39.000Z
"4/14/2024, 4:04:39 AM",3.55,61.9,100,0,2024-04-14T09:04:39.000Z
"4/14/2024, 4:09:39 AM",3.55,61.9,100,0,2024-04-14T09:09:39.000Z
"4/14/2024, 4:14:39 AM",3.55,62.1,100,0,2024-04-14T09:14:39.000Z
"4/14/2024, 4:19:39 AM",3.551,62.1,100,0,2024-04-14T09:19:39.000Z
"4/14/2024, 4:24:39 AM",3.551,62.1,100,0,2024-04-14T09:24:39.000Z
"4/14/2024, 4:29:39 AM",3.551,62.1,100,0,2024-04-14T09:29:39.000Z
"4/14/2024, 4:34:39 AM",3.55,62.2,100,0,2024-04-14T09:34:39.000Z
"4/14/2024, 4:39:39 AM",3.551,62.2,100,0,2024-04-14T09:39:39.000Z
"4/14/2024, 4:44:39 AM",3.551,62.2,100,0,2024-04-14T09:44:39.000Z
"4/14/2024, 4:49:39 AM",3.55,62.2,100,0,2024-04-14T09:49:39.000Z
"4/14/2024, 4:54:39 AM",3.551,62.2,100,0,2024-04-14T09:54:39.000Z
"4/14/2024, 4:59:39 AM",3.55,62.4,100,0,2024-04-14T09:59:39.000Z
"4/14/2024, 5:04:39 AM",3.551,62.4,100,0,2024-04-14T10:04:39.000Z
"4/14/2024, 5:09:39 AM",3.55,62.6,100,0,2024-04-14T10:09:39.000Z
"4/14/2024, 5:14:39 AM",3.551,62.6,100,0,2024-04-14T10:14:39.000Z
"4/14/2024, 5:19:39 AM",3.55,62.8,100,0,2024-04-14T10:19:39.000Z
"4/14/2024, 5:24:39 AM",3.55,62.8,100,0,2024-04-14T10:24:39.000Z
"4/14/2024, 5:29:39 AM",3.551,62.8,100,0,2024-04-14T10:29:39.000Z
"4/14/2024, 5:34:39 AM",3.55,62.8,100,0,2024-04-14T10:34:39.000Z
"4/14/2024, 5:39:39 AM",3.55,62.8,100,0,2024-04-14T10:39:39.000Z
"4/14/2024, 5:44:39 AM",3.551,62.8,100,0,2024-04-14T10:44:39.000Z
"4/14/2024, 5:49:39 AM",3.551,62.8,100,0,2024-04-14T10:49:39.000Z
"4/14/2024, 5:54:39 AM",3.551,62.6,100,0,2024-04-14T10:54:39.000Z
"4/14/2024, 5:59:39 AM",3.551,62.8,100,0,2024-04-14T10:59:39.000Z
"4/14/2024, 6:04:39 AM",3.551,62.6,100,0,2024-04-14T11:04:39.000Z
"4/14/2024, 6:09:39 AM",3.551,62.8,100,0,2024-04-14T11:09:39.000Z
"4/14/2024, 6:14:39 AM",3.55,62.8,100,0,2024-04-14T11:14:39.000Z
"4/14/2024, 6:19:39 AM",3.551,63,100,0,2024-04-14T11:19:39.000Z
"4/14/2024, 6:24:39 AM",3.55,63.1,100,0,2024-04-14T11:24:39.000Z
"4/14/2024, 6:29:39 AM",3.551,63.1,100,0,2024-04-14T11:29:39.000Z
"4/14/2024, 6:34:39 AM",3.551,63.3,100,0,2024-04-14T11:34:39.000Z
"4/14/2024, 6:39:39 AM",3.55,63.5,100,0,2024-04-14T11:39:39.000Z
"4/14/2024, 6:44:39 AM",3.55,63.7,100,0,2024-04-14T11:44:39.000Z
"4/14/2024, 6:49:39 AM",3.55,63.9,100,0,2024-04-14T11:49:39.000Z
"4/14/2024, 6:54:39 AM",3.55,64,100,0,2024-04-14T11:54:39.000Z
"4/14/2024, 6:59:39 AM",3.55,64.2,100,0,2024-04-14T11:59:39.000Z
"4/14/2024, 7:04:39 AM",3.55,64.4,100,0,2024-04-14T12:04:39.000Z
"4/14/2024, 7:09:39 AM",3.55,64.6,100,0,2024-04-14T12:09:39.000Z
"4/14/2024, 7:14:39 AM",3.55,64.8,100,0,2024-04-14T12:14:39.000Z
"4/14/2024, 7:19:39 AM",3.549,65.1,100,0,2024-04-14T12:19:39.000Z
"4/14/2024, 7:24:39 AM",3.549,65.5,100,0,2024-04-14T12:24:39.000Z
"4/14/2024, 7:29:39 AM",3.549,65.7,100,0,2024-04-14T12:29:39.000Z
"4/14/2024, 7:34:39 AM",3.549,66,100,0,2024-04-14T12:34:39.000Z
"4/14/2024, 7:39:39 AM",3.549,66.4,100,0,2024-04-14T12:39:39.000Z
"4/14/2024, 7:44:39 AM",3.549,66.9,100,0,2024-04-14T12:44:39.000Z
"4/14/2024, 7:49:39 AM",3.549,67.3,100,0,2024-04-14T12:49:39.000Z
"4/14/2024, 7:54:39 AM",3.549,67.6,100,0,2024-04-14T12:54:39.000Z
"4/14/2024, 7:59:39 AM",3.549,68,100,0,2024-04-14T12:59:39.000Z
"4/14/2024, 8:04:39 AM",3.549,68.4,100,0,2024-04-14T13:04:39.000Z
"4/14/2024, 8:09:39 AM",3.549,68.7,100,0,2024-04-14T13:09:39.000Z
"4/14/2024, 8:14:39 AM",3.549,69.1,100,0,2024-04-14T13:14:39.000Z
"4/14/2024, 8:19:39 AM",3.549,69.3,100,0,2024-04-14T13:19:39.000Z
"4/14/2024, 8:24:39 AM",3.549,69.3,100,0,2024-04-14T13:24:39.000Z
"4/14/2024, 8:29:39 AM",3.549,69.4,100,0,2024-04-14T13:29:39.000Z
"4/14/2024, 8:34:39 AM",3.549,69.4,100,0,2024-04-14T13:34:39.000Z
"4/14/2024, 8:39:39 AM",3.549,69.4,100,0,2024-04-14T13:39:39.000Z
"4/14/2024, 8:44:39 AM",3.549,69.6,100,0,2024-04-14T13:44:39.000Z
"4/14/2024, 8:49:39 AM",3.549,70,100,0,2024-04-14T13:49:39.000Z
"4/14/2024, 8:54:39 AM",3.549,70.3,100,0,2024-04-14T13:54:39.000Z
"4/14/2024, 8:59:39 AM",3.549,70.7,100,0,2024-04-14T13:59:39.000Z
"4/14/2024, 9:04:39 AM",3.55,70.9,100,0,2024-04-14T14:04:39.000Z
"4/14/2024, 9:09:39 AM",3.549,71.4,100,0,2024-04-14T14:09:39.000Z
"4/14/2024, 9:14:39 AM",3.549,71.6,100,0,2024-04-14T14:14:39.000Z
"4/14/2024, 9:19:39 AM",3.549,71.8,100,0,2024-04-14T14:19:39.000Z
"4/14/2024, 9:24:39 AM",3.549,71.8,100,0,2024-04-14T14:24:39.000Z
"4/14/2024, 9:29:39 AM",3.549,72,100,0,2024-04-14T14:29:39.000Z
"4/14/2024, 9:34:39 AM",3.549,72.1,100,0,2024-04-14T14:34:39.000Z
"4/14/2024, 9:39:39 AM",3.55,72.1,100,0,2024-04-14T14:39:39.000Z
"4/14/2024, 9:44:39 AM",3.549,72,100,0,2024-04-14T14:44:39.000Z
"4/14/2024, 9:49:39 AM",3.55,72,100,0,2024-04-14T14:49:39.000Z
"4/14/2024, 9:54:39 AM",3.549,72,100,0,2024-04-14T14:54:39.000Z
"4/14/2024, 9:59:39 AM",3.55,72,100,0,2024-04-14T14:59:39.000Z
"4/14/2024, 10:04:39 AM",3.549,72,100,0,2024-04-14T15:04:39.000Z
"4/14/2024, 10:09:39 AM",3.55,72.1,100,0,2024-04-14T15:09:39.000Z
"4/14/2024, 10:14:39 AM",3.55,72.9,100,0,2024-04-14T15:14:39.000Z
"4/14/2024, 10:19:39 AM",3.55,73.2,100,0,2024-04-14T15:19:39.000Z
"4/14/2024, 10:24:39 AM",3.55,73.9,100,0,2024-04-14T15:24:39.000Z
"4/14/2024, 10:29:39 AM",3.55,74.7,100,0,2024-04-14T15:29:39.000Z
"4/14/2024, 10:34:39 AM",3.55,75.4,100,0,2024-04-14T15:34:39.000Z
"4/14/2024, 10:39:39 AM",3.549,75.9,100,0,2024-04-14T15:39:39.000Z
"4/14/2024, 10:44:39 AM",3.549,76.1,100,0,2024-04-14T15:44:39.000Z
"4/14/2024, 10:49:39 AM",3.55,76.3,100,0,2024-04-14T15:49:39.000Z
"4/14/2024, 10:54:39 AM",3.549,76.8,100,0,2024-04-14T15:54:39.000Z
"4/14/2024, 10:59:39 AM",3.549,77.4,100,0,2024-04-14T15:59:39.000Z
"4/14/2024, 11:04:39 AM",3.549,77.9,100,0,2024-04-14T16:04:39.000Z
"4/14/2024, 11:09:39 AM",3.548,78.3,100,0,2024-04-14T16:09:39.000Z
"4/14/2024, 11:14:39 AM",3.547,79,100,0,2024-04-14T16:14:39.000Z
"4/14/2024, 11:19:39 AM",3.547,79.5,100,0,2024-04-14T16:19:39.000Z
"4/14/2024, 11:24:39 AM",3.546,79.9,100,0,2024-04-14T16:24:39.000Z
"4/14/2024, 11:29:39 AM",3.546,80.4,100,0,2024-04-14T16:29:39.000Z
"4/14/2024, 11:34:39 AM",3.546,81,100,0,2024-04-14T16:34:39.000Z
"4/14/2024, 11:39:39 AM",3.546,81.5,100,0,2024-04-14T16:39:39.000Z
"4/14/2024, 11:44:39 AM",3.546,82,100,0,2024-04-14T16:44:39.000Z
"4/14/2024, 11:49:39 AM",3.545,82.6,100,0,2024-04-14T16:49:39.000Z
"4/14/2024, 11:54:39 AM",3.545,82.9,100,0,2024-04-14T16:54:39.000Z
"4/14/2024, 11:59:39 AM",3.546,83.5,100,0,2024-04-14T16:59:39.000Z
"4/14/2024, 12:04:39 PM",3.547,84,100,0,2024-04-14T17:04:39.000Z
"4/14/2024, 12:09:39 PM",3.548,84.4,100,0,2024-04-14T17:09:39.000Z
"4/14/2024, 12:14:39 PM",3.549,84.7,100,0,2024-04-14T17:14:39.000Z
"4/14/2024, 12:19:39 PM",3.549,84.7,100,0,2024-04-14T17:19:39.000Z
"4/14/2024, 12:24:39 PM",3.55,84.6,100,0,2024-04-14T17:24:39.000Z
"4/14/2024, 12:29:39 PM",3.55,84.7,100,0,2024-04-14T17:29:39.000Z
"4/14/2024, 12:34:39 PM",3.55,84.7,100,1,2024-04-14T17:34:39.000Z
"4/14/2024, 12:39:39 PM",3.55,85.1,100,1,2024-04-14T17:39:39.000Z
"4/14/2024, 12:44:39 PM",3.55,85.5,100,1,2024-04-14T17:44:39.000Z
"4/14/2024, 12:49:39 PM",3.551,86,100,1,2024-04-14T17:49:39.000Z
"4/14/2024, 12:54:39 PM",3.552,86.5,100,2,2024-04-14T17:54:39.000Z
"4/14/2024, 12:59:39 PM",3.554,86.9,100,3,2024-04-14T17:59:39.000Z
"4/14/2024, 1:04:39 PM",3.555,87.4,100,4,2024-04-14T18:04:39.000Z
"4/14/2024, 1:09:39 PM",3.555,87.8,100,6,2024-04-14T18:09:39.000Z
"4/14/2024, 1:14:39 PM",3.555,88.2,100,8,2024-04-14T18:14:39.000Z
"4/14/2024, 1:19:39 PM",3.555,88.2,100,7,2024-04-14T18:19:39.000Z
"4/14/2024, 1:24:39 PM",3.555,88.3,100,9,2024-04-14T18:24:39.000Z
"4/14/2024, 1:29:39 PM",3.555,88.7,100,8,2024-04-14T18:29:39.000Z
"4/14/2024, 1:34:39 PM",3.555,88.9,100,9,2024-04-14T18:34:39.000Z
"4/14/2024, 1:39:39 PM",3.555,89.2,100,8,2024-04-14T18:39:39.000Z
"4/14/2024, 1:44:39 PM",3.555,89.4,100,10,2024-04-14T18:44:39.000Z
"4/14/2024, 1:49:39 PM",3.555,89.4,100,8,2024-04-14T18:49:39.000Z
"4/14/2024, 1:54:39 PM",3.555,89.1,100,8,2024-04-14T18:54:39.000Z
"4/14/2024, 1:59:39 PM",3.556,88.7,100,13,2024-04-14T18:59:39.000Z
"4/14/2024, 2:04:39 PM",3.556,88.2,100,14,2024-04-14T19:04:39.000Z
"4/14/2024, 2:09:39 PM",3.556,87.8,100,12,2024-04-14T19:09:39.000Z
"4/14/2024, 2:14:39 PM",3.556,87.8,100,11,2024-04-14T19:14:39.000Z
"4/14/2024, 2:19:39 PM",3.556,87.8,100,14,2024-04-14T19:19:39.000Z
"4/14/2024, 2:24:39 PM",3.557,88.2,100,14,2024-04-14T19:24:39.000Z
"4/14/2024, 2:29:39 PM",3.556,87.8,100,11,2024-04-14T19:29:39.000Z
"4/14/2024, 2:34:39 PM",3.556,87.4,99,16,2024-04-14T19:34:39.000Z
"4/14/2024, 2:39:39 PM",3.557,87.4,97.8,16,2024-04-14T19:39:39.000Z
"4/14/2024, 2:44:39 PM",3.557,87.8,96.4,14,2024-04-14T19:44:39.000Z
"4/14/2024, 2:49:39 PM",3.557,88.2,95.1,11,2024-04-14T19:49:39.000Z
"4/14/2024, 2:54:39 PM",3.557,88.3,93.7,9,2024-04-14T19:54:39.000Z
"4/14/2024, 2:59:39 PM",3.557,88.3,92.4,8,2024-04-14T19:59:39.000Z
"4/14/2024, 3:04:39 PM",3.557,88.5,91.1,11,2024-04-14T20:04:39.000Z
"4/14/2024, 3:09:39 PM",3.557,88.5,89.8,9,2024-04-14T20:09:39.000Z
"4/14/2024, 3:14:39 PM",3.557,88.2,88.5,10,2024-04-14T20:14:39.000Z
"4/14/2024, 3:19:39 PM",3.557,88.2,87.5,12,2024-04-14T20:19:39.000Z
"4/14/2024, 3:24:39 PM",3.557,88.2,86.6,9,2024-04-14T20:24:39.000Z
"4/14/2024, 3:29:39 PM",3.558,88.3,85.7,9,2024-04-14T20:29:39.000Z
"4/14/2024, 3:34:39 PM",3.557,88.7,84.9,5,2024-04-14T20:34:39.000Z
"4/14/2024, 3:39:39 PM",3.557,89.1,83.7,4,2024-04-14T20:39:39.000Z
"4/14/2024, 3:44:39 PM",3.557,89.4,82.6,5,2024-04-14T20:44:39.000Z
"4/14/2024, 3:49:39 PM",3.557,90,81.5,3,2024-04-14T20:49:39.000Z
"4/14/2024, 3:54:39 PM",3.557,90.1,80.5,4,2024-04-14T20:54:39.000Z
"4/14/2024, 3:59:39 PM",3.557,90.3,79.6,4,2024-04-14T20:59:39.000Z
"4/14/2024, 4:04:39 PM",3.557,90.7,78.5,3,2024-04-14T21:04:39.000Z
"4/14/2024, 4:09:39 PM",3.556,90.7,77.6,3,2024-04-14T21:09:39.000Z
"4/14/2024, 4:14:39 PM",3.557,90.7,76.8,3,2024-04-14T21:14:39.000Z
"4/14/2024, 4:19:39 PM",3.557,91,76,1,2024-04-14T21:19:39.000Z
"4/14/2024, 4:24:39 PM",3.557,91,75.1,2,2024-04-14T21:24:39.000Z
"4/14/2024, 4:29:39 PM",3.557,91,74.2,2,2024-04-14T21:29:39.000Z
"4/14/2024, 4:34:39 PM",3.557,91.2,73.5,2,2024-04-14T21:34:39.000Z
"4/14/2024, 4:39:39 PM",3.557,91.2,73,2,2024-04-14T21:39:39.000Z
"4/14/2024, 4:44:39 PM",3.557,91.2,72.5,1,2024-04-14T21:44:39.000Z
"4/14/2024, 4:49:39 PM",3.556,91.4,72,1,2024-04-14T21:49:39.000Z
"4/14/2024, 4:54:39 PM",3.557,91.2,71.5,1,2024-04-14T21:54:39.000Z
"4/14/2024, 4:59:39 PM",3.557,91.2,71,1,2024-04-14T21:59:39.000Z
"4/14/2024, 5:04:39 PM",3.557,91,70.6,0,2024-04-14T22:04:39.000Z
"4/14/2024, 5:09:39 PM",3.557,91,70.1,0,2024-04-14T22:09:39.000Z
"4/14/2024, 5:14:39 PM",3.558,90.7,69.5,0,2024-04-14T22:14:39.000Z
"4/14/2024, 5:19:39 PM",3.557,90.5,69.1,0,2024-04-14T22:19:39.000Z
"4/14/2024, 5:24:39 PM",3.558,89.8,68.7,0,2024-04-14T22:24:39.000Z
"4/14/2024, 5:29:39 PM",3.56,88.9,68.4,0,2024-04-14T22:29:39.000Z
"4/14/2024, 5:34:39 PM",3.561,88.2,68.1,0,2024-04-14T22:34:39.000Z
"4/14/2024, 5:39:39 PM",3.562,87.4,68.1,0,2024-04-14T22:39:39.000Z
"4/14/2024, 5:44:39 PM",3.562,86.7,68,0,2024-04-14T22:44:39.000Z
"4/14/2024, 5:49:39 PM",3.561,86,68.1,0,2024-04-14T22:49:39.000Z
"4/14/2024, 5:54:39 PM",3.561,85.5,68.3,0,2024-04-14T22:54:39.000Z
"4/14/2024, 5:59:39 PM",3.561,84.7,68.7,0,2024-04-14T22:59:39.000Z
"4/14/2024, 6:04:39 PM",3.56,84.2,69,0,2024-04-14T23:04:39.000Z
"4/14/2024, 6:09:39 PM",3.559,83.5,69.5,0,2024-04-14T23:09:39.000Z
"4/14/2024, 6:14:39 PM",3.56,82.9,70,0,2024-04-14T23:14:39.000Z
"4/14/2024, 6:19:39 PM",3.56,82.4,70.5,0,2024-04-14T23:19:39.000Z
"4/14/2024, 6:24:39 PM",3.56,81.9,71,0,2024-04-14T23:24:39.000Z
"4/14/2024, 6:29:39 PM",3.561,81.3,71.5,0,2024-04-14T23:29:39.000Z
"4/14/2024, 6:34:39 PM",3.561,80.8,71.9,0,2024-04-14T23:34:39.000Z
"4/14/2024, 6:39:39 PM",3.562,80.2,72.6,0,2024-04-14T23:39:39.000Z
"4/14/2024, 6:44:39 PM",3.561,79.9,73,0,2024-04-14T23:44:39.000Z
"4/14/2024, 6:49:39 PM",3.562,79.3,73.5,0,2024-04-14T23:49:39.000Z
"4/14/2024, 6:54:39 PM",3.562,79,74,0,2024-04-14T23:54:39.000Z
"4/14/2024, 6:59:39 PM",3.562,78.4,74.5,0,2024-04-14T23:59:39.000Z
"4/14/2024, 7:04:39 PM",3.562,78.1,75,0,2024-04-15T00:04:39.000Z
"4/14/2024, 7:09:39 PM",3.562,77.7,75.6,0,2024-04-15T00:09:39.000Z
"4/14/2024, 7:14:39 PM",3.562,77.4,76.3,0,2024-04-15T00:14:39.000Z
"4/14/2024, 7:19:39 PM",3.562,77.2,77,0,2024-04-15T00:19:39.000Z
"4/14/2024, 7:24:39 PM",3.563,76.8,77.6,0,2024-04-15T00:24:39.000Z
"4/14/2024, 7:29:39 PM",3.563,76.5,78.4,0,2024-04-15T00:29:39.000Z
"4/14/2024, 7:34:39 PM",3.563,76.3,79,0,2024-04-15T00:34:39.000Z
"4/14/2024, 7:39:39 PM",3.563,75.9,79.5,0,2024-04-15T00:39:39.000Z
"4/14/2024, 7:44:39 PM",3.563,75.6,80.1,0,2024-04-15T00:44:39.000Z
"4/14/2024, 7:49:39 PM",3.563,75.4,80.5,0,2024-04-15T00:49:39.000Z
"4/14/2024, 7:54:39 PM",3.563,75,81.1,0,2024-04-15T00:54:39.000Z
"4/14/2024, 7:59:39 PM",3.563,74.8,81.6,0,2024-04-15T00:59:39.000Z
"4/14/2024, 8:04:39 PM",3.563,74.5,82.2,0,2024-04-15T01:04:39.000Z
"4/14/2024, 8:09:39 PM",3.563,74.3,82.9,0,2024-04-15T01:09:39.000Z
"4/14/2024, 8:14:39 PM",3.563,73.9,83.5,0,2024-04-15T01:14:39.000Z
"4/14/2024, 8:19:39 PM",3.562,73.8,84,0,2024-04-15T01:19:39.000Z
"4/14/2024, 8:24:39 PM",3.563,73.4,84.5,0,2024-04-15T01:24:39.000Z
"4/14/2024, 8:29:39 PM",3.563,73.2,84.9,0,2024-04-15T01:29:39.000Z
"4/14/2024, 8:34:39 PM",3.563,72.9,85.3,0,2024-04-15T01:34:39.000Z
"4/14/2024, 8:39:39 PM",3.562,72.7,85.8,0,2024-04-15T01:39:39.000Z
"4/14/2024, 8:44:39 PM",3.562,72.5,86.1,0,2024-04-15T01:44:39.000Z
"4/14/2024, 8:49:39 PM",3.562,72.1,86.5,0,2024-04-15T01:49:39.000Z
"4/14/2024, 8:54:39 PM",3.562,72,86.8,0,2024-04-15T01:54:39.000Z
"4/14/2024, 8:59:39 PM",3.562,71.8,87.1,0,2024-04-15T01:59:39.000Z
"4/14/2024, 9:04:39 PM",3.562,71.4,87.4,0,2024-04-15T02:04:39.000Z
"4/14/2024, 9:09:39 PM",3.562,71.1,87.6,0,2024-04-15T02:09:39.000Z
"4/14/2024, 9:14:39 PM",3.561,70.9,88,0,2024-04-15T02:14:39.000Z
"4/14/2024, 9:19:39 PM",3.561,70.5,88.3,0,2024-04-15T02:19:39.000Z
"4/14/2024, 9:24:39 PM",3.561,70.3,88.6,0,2024-04-15T02:24:39.000Z
"4/14/2024, 9:29:39 PM",3.559,70.2,89,0,2024-04-15T02:29:39.000Z
"4/14/2024, 9:34:39 PM",3.559,69.8,89.4,0,2024-04-15T02:34:39.000Z
"4/14/2024, 9:39:39 PM",3.558,69.6,89.9,0,2024-04-15T02:39:39.000Z
"4/14/2024, 9:44:39 PM",3.557,69.4,90.2,0,2024-04-15T02:44:39.000Z
"4/14/2024, 9:49:39 PM",3.557,69.3,90.6,0,2024-04-15T02:49:39.000Z
"4/14/2024, 9:54:39 PM",3.557,69.1,91,0,2024-04-15T02:54:39.000Z
"4/14/2024, 9:59:39 PM",3.557,68.9,91.3,0,2024-04-15T02:59:39.000Z
"4/14/2024, 10:04:39 PM",3.557,68.7,91.6,0,2024-04-15T03:04:39.000Z
"4/14/2024, 10:09:39 PM",3.557,68.4,91.9,0,2024-04-15T03:09:39.000Z
"4/14/2024, 10:14:39 PM",3.557,68.4,92.3,0,2024-04-15T03:14:39.000Z
"4/14/2024, 10:19:39 PM",3.558,68.4,92.5,0,2024-04-15T03:19:39.000Z
"4/14/2024, 10:24:39 PM",3.558,68.2,92.8,0,2024-04-15T03:24:39.000Z
"4/14/2024, 10:29:39 PM",3.557,68,93.1,0,2024-04-15T03:29:39.000Z
"4/14/2024, 10:34:39 PM",3.558,68,93.4,0,2024-04-15T03:34:39.000Z
"4/14/2024, 10:39:39 PM",3.557,67.8,93.7,0,2024-04-15T03:39:39.000Z
"4/14/2024, 10:44:39 PM",3.557,67.6,93.9,0,2024-04-15T03:44:39.000Z
"4/14/2024, 10:49:39 PM",3.557,67.5,94.1,0,2024-04-15T03:49:39.000Z
"4/14/2024, 10:54:39 PM",3.557,67.5,94.3,0,2024-04-15T03:54:39.000Z
"4/14/2024, 10:59:39 PM",3.557,67.3,94.5,0,2024-04-15T03:59:39.000Z
"4/14/2024, 11:04:39 PM",3.557,67.3,94.7,0,2024-04-15T04:04:39.000Z
"4/14/2024, 11:09:39 PM",3.556,67.1,94.9,0,2024-04-15T04:09:39.000Z
"4/14/2024, 11:14:39 PM",3.556,67.1,95.1,0,2024-04-15T04:14:39.000Z
"4/14/2024, 11:19:39 PM",3.556,66.9,95.3,0,2024-04-15T04:19:39.000Z
"4/14/2024, 11:24:39 PM",3.556,66.7,95.4,0,2024-04-15T04:24:39.000Z
"4/14/2024, 11:29:39 PM",3.556,66.7,95.6,0,2024-04-15T04:29:39.000Z
"4/14/2024, 11:34:39 PM",3.556,66.6,95.7,0,2024-04-15T04:34:39.000Z
"4/14/2024, 11:39:39 PM",3.555,66.6,95.9,0,2024-04-15T04:39:39.000Z
"4/14/2024, 11:44:39 PM",3.555,66.6,96,0,2024-04-15T04:44:39.000Z
"4/14/2024, 11:49:39 PM",3.555,66.4,96.2,0,2024-04-15T04:49:39.000Z
"4/14/2024, 11:54:39 PM",3.555,66.4,96.3,0,2024-04-15T04:54:39.000Z
"4/14/2024, 11:59:39 PM",3.554,66.4,96.5,0,2024-04-15T04:59:39.000Z
"4/15/2024, 12:04:39 AM",3.554,66.4,96.6,0,2024-04-15T05:04:39.000Z
"4/15/2024, 12:09:39 AM",3.554,66.4,96.7,0,2024-04-15T05:09:39.000Z
"4/15/2024, 12:14:39 AM",3.554,66.4,96.9,0,2024-04-15T05:14:39.000Z
"4/15/2024, 12:19:39 AM",3.554,66.4,97,0,2024-04-15T05:19:39.000Z
"4/15/2024, 12:24:39 AM",3.554,66.4,97.1,0,2024-04-15T05:24:39.000Z
"4/15/2024, 12:29:39 AM",3.554,66.4,97.2,0,2024-04-15T05:29:39.000Z
"4/15/2024, 12:34:39 AM",3.554,66.4,97.3,0,2024-04-15T05:34:39.000Z
"4/15/2024, 12:39:39 AM",3.553,66.4,97.4,0,2024-04-15T05:39:39.000Z
"4/15/2024, 12:44:39 AM",3.554,66.4,97.5,0,2024-04-15T05:44:39.000Z
"4/15/2024, 12:49:39 AM",3.553,66.4,97.6,0,2024-04-15T05:49:39.000Z
"4/15/2024, 12:54:39 AM",3.553,66.2,97.8,0,2024-04-15T05:54:39.000Z
"4/15/2024, 12:59:39 AM",3.553,66.2,97.8,0,2024-04-15T05:59:39.000Z
"4/15/2024, 1:04:39 AM",3.553,66.2,97.9,0,2024-04-15T06:04:39.000Z
"4/15/2024, 1:09:39 AM",3.553,66.2,97.9,0,2024-04-15T06:09:39.000Z
"4/15/2024, 1:14:39 AM",3.553,66,98,0,2024-04-15T06:14:39.000Z
"4/15/2024, 1:19:39 AM",3.553,66,98.1,1,2024-04-15T06:19:39.000Z
"4/15/2024, 1:24:39 AM",3.553,65.8,98.2,1,2024-04-15T06:24:39.000Z
"4/15/2024, 1:29:39 AM",3.553,65.8,98.2,1,2024-04-15T06:29:39.000Z
"4/15/2024, 1:34:39 AM",3.553,66,98.3,1,2024-04-15T06:34:39.000Z
"4/15/2024, 1:39:39 AM",3.552,66.2,98.4,1,2024-04-15T06:39:39.000Z
"4/15/2024, 1:44:39 AM",3.552,66.6,98.5,1,2024-04-15T06:44:39.000Z
"4/15/2024, 1:49:39 AM",3.552,66.7,98.6,1,2024-04-15T06:49:39.000Z
"4/15/2024, 1:54:39 AM",3.552,67.1,98.7,1,2024-04-15T06:54:39.000Z
"4/15/2024, 1:59:39 AM",3.552,67.3,98.9,1,2024-04-15T06:59:39.000Z
"4/15/2024, 2:04:39 AM",3.552,67.3,98.9,1,2024-04-15T07:04:39.000Z
"4/15/2024, 2:09:39 AM",3.552,67.3,99,1,2024-04-15T07:09:39.000Z
"4/15/2024, 2:14:39 AM",3.552,67.3,99.1,1,2024-04-15T07:14:39.000Z
"4/15/2024, 2:19:39 AM",3.551,67.1,99.2,1,2024-04-15T07:19:39.000Z
"4/15/2024, 2:24:39 AM",3.552,67.1,99.2,1,2024-04-15T07:24:39.000Z
"4/15/2024, 2:29:39 AM",3.552,67.1,99.3,1,2024-04-15T07:29:39.000Z
"4/15/2024, 2:34:39 AM",3.552,67.1,99.4,1,2024-04-15T07:34:39.000Z
"4/15/2024, 2:39:39 AM",3.551,66.9,99.5,1,2024-04-15T07:39:39.000Z
"4/15/2024, 2:44:39 AM",3.551,66.9,99.6,1,2024-04-15T07:44:39.000Z
"4/15/2024, 2:49:39 AM",3.551,66.9,99.7,1,2024-04-15T07:49:39.000Z
"4/15/2024, 2:54:39 AM",3.551,67.1,99.8,1,2024-04-15T07:54:39.000Z
"4/15/2024, 2:59:39 AM",3.551,67.1,99.9,1,2024-04-15T07:59:39.000Z
"4/15/2024, 3:04:39 AM",3.551,67.1,100,1,2024-04-15T08:04:39.000Z
"4/15/2024, 3:09:39 AM",3.551,67.1,100,1,2024-04-15T08:09:39.000Z
"4/15/2024, 3:14:39 AM",3.551,67.3,100,1,2024-04-15T08:14:39.000Z
"4/15/2024, 3:19:39 AM",3.55,67.1,100,1,2024-04-15T08:19:39.000Z
"4/15/2024, 3:24:39 AM",3.55,67.1,100,1,2024-04-15T08:24:39.000Z
"4/15/2024, 3:29:39 AM",3.551,67.1,100,1,2024-04-15T08:29:39.000Z
"4/15/2024, 3:34:39 AM",3.551,66.9,100,1,2024-04-15T08:34:39.000Z
"4/15/2024, 3:39:39 AM",3.551,66.9,100,1,2024-04-15T08:39:39.000Z
"4/15/2024, 3:44:39 AM",3.551,66.7,100,1,2024-04-15T08:44:39.000Z
"4/15/2024, 3:49:39 AM",3.551,66.7,100,1,2024-04-15T08:49:39.000Z
"4/15/2024, 3:54:39 AM",3.55,66.7,100,1,2024-04-15T08:54:39.000Z
"4/15/2024, 3:59:39 AM",3.551,66.7,100,1,2024-04-15T08:59:39.000Z
"4/15/2024, 4:04:39 AM",3.551,66.7,100,1,2024-04-15T09:04:39.000Z
"4/15/2024, 4:09:39 AM",3.551,66.7,100,1,2024-04-15T09:09:39.000Z
"4/15/2024, 4:14:39 AM",3.551,66.7,100,1,2024-04-15T09:14:39.000Z
"4/15/2024, 4:19:39 AM",3.551,66.9,100,1,2024-04-15T09:19:39.000Z
"4/15/2024, 4:24:39 AM",3.551,66.9,100,1,2024-04-15T09:24:39.000Z
"4/15/2024, 4:29:39 AM",3.551,66.7,100,1,2024-04-15T09:29:39.000Z
"4/15/2024, 4:34:39 AM",3.55,66.7,100,1,2024-04-15T09:34:39.000Z
"4/15/2024, 4:39:39 AM",3.551,66.7,100,1,2024-04-15T09:39:39.000Z
"4/15/2024, 4:44:39 AM",3.551,66.9,100,1,2024-04-15T09:44:39.000Z
"4/15/2024, 4:49:39 AM",3.551,66.9,100,1,2024-04-15T09:49:39.000Z
"4/15/2024, 4:54:39 AM",3.551,66.9,100,1,2024-04-15T09:54:39.000Z
"4/15/2024, 4:59:39 AM",3.55,66.9,100,1,2024-04-15T09:59:39.000Z
"4/15/2024, 5:04:39 AM",3.55,66.9,100,1,2024-04-15T10:04:39.000Z
"4/15/2024, 5:09:39 AM",3.55,66.9,100,1,2024-04-15T10:09:39.000Z
"4/15/2024, 5:14:39 AM",3.55,66.9,100,1,2024-04-15T10:14:39.000Z
"4/15/2024, 5:19:39 AM",3.55,66.9,100,1,2024-04-15T10:19:39.000Z
"4/15/2024, 5:24:39 AM",3.55,66.7,100,1,2024-04-15T10:24:39.000Z
"4/15/2024, 5:29:39 AM",3.55,66.7,100,1,2024-04-15T10:29:39.000Z
"4/15/2024, 5:34:39 AM",3.55,66.9,100,1,2024-04-15T10:34:39.000Z
"4/15/2024, 5:39:39 AM",3.55,66.9,100,1,2024-04-15T10:39:39.000Z
"4/15/2024, 5:44:39 AM",3.55,67.1,100,1,2024-04-15T10:44:39.000Z
"4/15/2024, 5:49:39 AM",3.551,67.1,100,1,2024-04-15T10:49:39.000Z
"4/15/2024, 5:54:39 AM",3.55,67.1,100,1,2024-04-15T10:54:39.000Z
"4/15/2024, 5:59:39 AM",3.55,67.3,100,1,2024-04-15T10:59:39.000Z
"4/15/2024, 6:04:39 AM",3.55,67.3,100,1,2024-04-15T11:04:39.000Z
"4/15/2024, 6:09:39 AM",3.55,67.5,100,1,2024-04-15T11:09:39.000Z
"4/15/2024, 6:14:39 AM",3.55,67.6,100,1,2024-04-15T11:14:39.000Z
"4/15/2024, 6:19:39 AM",3.55,67.6,100,1,2024-04-15T11:19:39.000Z
"4/15/2024, 6:24:39 AM",3.55,67.8,100,1,2024-04-15T11:24:39.000Z
"4/15/2024, 6:29:39 AM",3.55,68.2,100,1,2024-04-15T11:29:39.000Z
"4/15/2024, 6:34:39 AM",3.55,68.4,100,1,2024-04-15T11:34:39.000Z
"4/15/2024, 6:39:39 AM",3.55,68.4,100,1,2024-04-15T11:39:39.000Z
"4/15/2024, 6:44:39 AM",3.55,68.7,100,1,2024-04-15T11:44:39.000Z
"4/15/2024, 6:49:39 AM",3.55,68.9,100,1,2024-04-15T11:49:39.000Z
"4/15/2024, 6:54:39 AM",3.55,69.3,100,2,2024-04-15T11:54:39.000Z
"4/15/2024, 6:59:39 AM",3.55,69.6,100,2,2024-04-15T11:59:39.000Z
"4/15/2024, 7:04:39 AM",3.55,70,100,2,2024-04-15T12:04:39.000Z
"4/15/2024, 7:09:39 AM",3.55,70.3,100,2,2024-04-15T12:09:39.000Z
"4/15/2024, 7:14:39 AM",3.55,70.7,100,2,2024-04-15T12:14:39.000Z
"4/15/2024, 7:19:39 AM",3.55,71.2,100,2,2024-04-15T12:19:39.000Z
"4/15/2024, 7:24:39 AM",3.549,71.8,100,2,2024-04-15T12:24:39.000Z
"4/15/2024, 7:29:39 AM",3.549,72.1,100,2,2024-04-15T12:29:39.000Z
"4/15/2024, 7:34:39 AM",3.55,72.7,100,2,2024-04-15T12:34:39.000Z
"4/15/2024, 7:39:39 AM",3.549,73,100,1,2024-04-15T12:39:39.000Z
"4/15/2024, 7:44:39 AM",3.549,73.4,100,1,2024-04-15T12:44:39.000Z
"4/15/2024, 7:49:39 AM",3.55,73.8,100,1,2024-04-15T12:49:39.000Z
"4/15/2024, 7:54:39 AM",3.549,73.9,100,1,2024-04-15T12:54:39.000Z
"4/15/2024, 7:59:39 AM",3.549,74.3,100,1,2024-04-15T12:59:39.000Z
"4/15/2024, 8:04:39 AM",3.549,74.7,100,1,2024-04-15T13:04:39.000Z
"4/15/2024, 8:09:39 AM",3.549,75,100,1,2024-04-15T13:09:39.000Z
"4/15/2024, 8:14:39 AM",3.549,75.4,100,1,2024-04-15T13:14:39.000Z
"4/15/2024, 8:19:39 AM",3.549,75.7,100,1,2024-04-15T13:19:39.000Z
"4/15/2024, 8:24:39 AM",3.55,76.1,100,1,2024-04-15T13:24:39.000Z
"4/15/2024, 8:29:39 AM",3.549,76.5,100,1,2024-04-15T13:29:39.000Z
"4/15/2024, 8:34:39 AM",3.549,76.8,100,1,2024-04-15T13:34:39.000Z
"4/15/2024, 8:39:39 AM",3.549,77.2,100,1,2024-04-15T13:39:39.000Z
"4/15/2024, 8:44:39 AM",3.549,77.5,100,1,2024-04-15T13:44:39.000Z
"4/15/2024, 8:49:39 AM",3.549,77.9,100,1,2024-04-15T13:49:39.000Z
"4/15/2024, 8:54:39 AM",3.549,78.3,100,1,2024-04-15T13:54:39.000Z
"4/15/2024, 8:59:39 AM",3.55,78.8,100,1,2024-04-15T13:59:39.000Z
"4/15/2024, 9:04:39 AM",3.549,79.2,100,1,2024-04-15T14:04:39.000Z
"4/15/2024, 9:09:39 AM",3.549,79.5,100,1,2024-04-15T14:09:39.000Z
"4/15/2024, 9:14:39 AM",3.549,79.9,100,1,2024-04-15T14:14:39.000Z
"4/15/2024, 9:19:39 AM",3.549,80.2,100,1,2024-04-15T14:19:39.000Z
"4/15/2024, 9:24:39 AM",3.549,80.8,100,1,2024-04-15T14:24:39.000Z
"4/15/2024, 9:29:39 AM",3.55,81.1,100,1,2024-04-15T14:29:39.000Z
"4/15/2024, 9:34:39 AM",3.549,81.3,100,1,2024-04-15T14:34:39.000Z
"4/15/2024, 9:39:39 AM",3.55,81.7,100,0,2024-04-15T14:39:39.000Z
"4/15/2024, 9:44:39 AM",3.55,82,100,1,2024-04-15T14:44:39.000Z
"4/15/2024, 9:49:39 AM",3.55,82.4,100,1,2024-04-15T14:49:39.000Z
"4/15/2024, 9:54:39 AM",3.55,82.8,100,1,2024-04-15T14:54:39.000Z
"4/15/2024, 9:59:39 AM",3.55,83.1,100,1,2024-04-15T14:59:39.000Z
"4/15/2024, 10:04:39 AM",3.55,83.5,100,1,2024-04-15T15:04:39.000Z
"4/15/2024, 10:09:39 AM",3.55,84,100,0,2024-04-15T15:09:39.000Z
"4/15/2024, 10:14:39 AM",3.552,84.4,100,1,2024-04-15T15:14:39.000Z
"4/15/2024, 10:19:39 AM",3.553,84.7,100,0,2024-04-15T15:19:39.000Z
"4/15/2024, 10:24:39 AM",3.553,85.1,100,0,2024-04-15T15:24:39.000Z
"4/15/2024, 10:29:39 AM",3.553,85.3,100,0,2024-04-15T15:29:39.000Z
"4/15/2024, 10:34:39 AM",3.553,85.6,100,0,2024-04-15T15:34:39.000Z
"4/15/2024, 10:39:39 AM",3.554,86,100,0,2024-04-15T15:39:39.000Z
"4/15/2024, 10:44:39 AM",3.555,86.4,100,0,2024-04-15T15:44:39.000Z
"4/15/2024, 10:49:39 AM",3.555,86.7,100,0,2024-04-15T15:49:39.000Z
"4/15/2024, 10:54:39 AM",3.556,87.1,100,0,2024-04-15T15:54:39.000Z
"4/15/2024, 10:59:39 AM",3.556,87.6,100,0,2024-04-15T15:59:39.000Z
"4/15/2024, 11:04:39 AM",3.558,88.2,100,0,2024-04-15T16:04:39.000Z
"4/15/2024, 11:09:39 AM",3.56,88.5,100,0,2024-04-15T16:09:39.000Z
"4/15/2024, 11:14:39 AM",3.561,89.1,100,0,2024-04-15T16:14:39.000Z
"4/15/2024, 11:19:39 AM",3.562,89.6,100,0,2024-04-15T16:19:39.000Z
"4/15/2024, 11:24:39 AM",3.562,90,100,0,2024-04-15T16:24:39.000Z
"4/15/2024, 11:29:39 AM",3.561,90.3,100,0,2024-04-15T16:29:39.000Z
"4/15/2024, 11:34:39 AM",3.56,90.9,100,0,2024-04-15T16:34:39.000Z
"4/15/2024, 11:39:39 AM",3.56,91.2,100,0,2024-04-15T16:39:39.000Z
"4/15/2024, 11:44:39 AM",3.56,91.8,100,0,2024-04-15T16:44:39.000Z
"4/15/2024, 11:49:39 AM",3.558,92.3,100,0,2024-04-15T16:49:39.000Z
"4/15/2024, 11:54:39 AM",3.556,92.5,100,0,2024-04-15T16:54:39.000Z
"4/15/2024, 11:59:39 AM",3.556,92.7,100,0,2024-04-15T16:59:39.000Z
"4/15/2024, 12:04:39 PM",3.556,92.8,100,0,2024-04-15T17:04:39.000Z
"4/15/2024, 12:09:39 PM",3.556,92.8,100,0,2024-04-15T17:09:39.000Z
"4/15/2024, 12:14:39 PM",3.556,92.7,100,0,2024-04-15T17:14:39.000Z
"4/15/2024, 12:19:39 PM",3.556,92.7,100,0,2024-04-15T17:19:39.000Z
"4/15/2024, 12:24:39 PM",3.556,92.8,100,0,2024-04-15T17:24:39.000Z
"4/15/2024, 12:29:39 PM",3.556,93.2,99.7,0,2024-04-15T17:29:39.000Z
"4/15/2024, 12:34:39 PM",3.556,93.4,99.2,0,2024-04-15T17:34:39.000Z
"4/15/2024, 12:39:39 PM",3.557,93.7,98.7,0,2024-04-15T17:39:39.000Z
"4/15/2024, 12:44:39 PM",3.556,94.1,98.3,0,2024-04-15T17:44:39.000Z
"4/15/2024, 12:49:39 PM",3.555,94.5,97.8,0,2024-04-15T17:49:39.000Z
"4/15/2024, 12:54:39 PM",3.554,94.8,97.3,0,2024-04-15T17:54:39.000Z
"4/15/2024, 12:59:39 PM",3.554,95,96.9,0,2024-04-15T17:59:39.000Z
"4/15/2024, 1:04:39 PM",3.554,95.2,96.5,0,2024-04-15T18:04:39.000Z
"4/15/2024, 1:09:39 PM",3.553,95.4,96,0,2024-04-15T18:09:39.000Z
"4/15/2024, 1:14:39 PM",3.553,95.5,95.6,0,2024-04-15T18:14:39.000Z
"4/15/2024, 1:19:39 PM",3.553,95.4,94.9,0,2024-04-15T18:19:39.000Z
"4/15/2024, 1:24:39 PM",3.553,95.5,94.4,0,2024-04-15T18:24:39.000Z
"4/15/2024, 1:29:39 PM",3.554,95.5,94.1,0,2024-04-15T18:29:39.000Z
"4/15/2024, 1:34:39 PM",3.555,95.7,93.7,0,2024-04-15T18:34:39.000Z
"4/15/2024, 1:39:39 PM",3.555,95.9,93.2,0,2024-04-15T18:39:39.000Z
"4/15/2024, 1:44:39 PM",3.556,95.9,92.8,0,2024-04-15T18:44:39.000Z
"4/15/2024, 1:49:39 PM",3.557,96.3,92.6,0,2024-04-15T18:49:39.000Z
"4/15/2024, 1:54:39 PM",3.557,96.3,92.3,0,2024-04-15T18:54:39.000Z
"4/15/2024, 1:59:39 PM",3.558,96.4,91.8,0,2024-04-15T18:59:39.000Z
"4/15/2024, 2:04:39 PM",3.557,96.4,91.3,0,2024-04-15T19:04:39.000Z
"4/15/2024, 2:09:39 PM",3.558,96.4,90.8,0,2024-04-15T19:09:39.000Z
"4/15/2024, 2:14:39 PM",3.558,96.6,90.4,0,2024-04-15T19:14:39.000Z
"4/15/2024, 2:19:39 PM",3.559,96.6,90.1,0,2024-04-15T19:19:39.000Z
"4/15/2024, 2:24:39 PM",3.558,96.8,89.9,0,2024-04-15T19:24:39.000Z
"4/15/2024, 2:29:39 PM",3.559,97,89.8,0,2024-04-15T19:29:39.000Z
"4/15/2024, 2:34:39 PM",3.559,97.3,89.8,0,2024-04-15T19:34:39.000Z
"4/15/2024, 2:39:39 PM",3.56,97.3,89.6,0,2024-04-15T19:39:39.000Z
"4/15/2024, 2:44:39 PM",3.56,97.5,89.2,0,2024-04-15T19:44:39.000Z
"4/15/2024, 2:49:39 PM",3.561,97.5,88.8,0,2024-04-15T19:49:39.000Z
"4/15/2024, 2:54:39 PM",3.561,97.7,88.6,0,2024-04-15T19:54:39.000Z
"4/15/2024, 2:59:39 PM",3.561,97.7,88.1,0,2024-04-15T19:59:39.000Z
"4/15/2024, 3:04:39 PM",3.562,97.7,87.9,0,2024-04-15T20:04:39.000Z
"4/15/2024, 3:09:39 PM",3.562,97.9,87.5,0,2024-04-15T20:09:39.000Z
"4/15/2024, 3:14:39 PM",3.562,97.7,86.9,0,2024-04-15T20:14:39.000Z
"4/15/2024, 3:19:39 PM",3.562,97.9,86.4,0,2024-04-15T20:19:39.000Z
"4/15/2024, 3:24:39 PM",3.562,97.9,86.1,0,2024-04-15T20:24:39.000Z
"4/15/2024, 3:29:39 PM",3.562,97.9,85.7,0,2024-04-15T20:29:39.000Z
"4/15/2024, 3:34:39 PM",3.562,98.1,85,0,2024-04-15T20:34:39.000Z
"4/15/2024, 3:39:39 PM",3.563,98.1,84.5,0,2024-04-15T20:39:39.000Z
"4/15/2024, 3:44:39 PM",3.563,97.9,84.2,0,2024-04-15T20:44:39.000Z
"4/15/2024, 3:49:39 PM",3.563,98.1,83.9,0,2024-04-15T20:49:39.000Z
"4/15/2024, 3:54:39 PM",3.563,97.9,83.4,0,2024-04-15T20:54:39.000Z
"4/15/2024, 3:59:39 PM",3.564,97.9,83.2,0,2024-04-15T20:59:39.000Z
"4/15/2024, 4:04:39 PM",3.564,97.5,82.6,0,2024-04-15T21:04:39.000Z
"4/15/2024, 4:09:39 PM",3.564,97.5,82.3,0,2024-04-15T21:09:39.000Z
"4/15/2024, 4:14:39 PM",3.564,97.5,82,0,2024-04-15T21:14:39.000Z
"4/15/2024, 4:19:39 PM",3.565,97.3,81.3,0,2024-04-15T21:19:39.000Z
"4/15/2024, 4:24:39 PM",3.565,97.2,81.1,0,2024-04-15T21:24:39.000Z
"4/15/2024, 4:29:39 PM",3.565,97,80.8,0,2024-04-15T21:29:39.000Z
"4/15/2024, 4:34:39 PM",3.565,96.8,80.5,0,2024-04-15T21:34:39.000Z
"4/15/2024, 4:39:39 PM",3.566,96.6,80,0,2024-04-15T21:39:39.000Z
"4/15/2024, 4:44:39 PM",3.566,96.6,79.9,0,2024-04-15T21:44:39.000Z
"4/15/2024, 4:49:39 PM",3.566,96.6,79.7,0,2024-04-15T21:49:39.000Z
"4/15/2024, 4:54:39 PM",3.566,96.4,79.3,0,2024-04-15T21:54:39.000Z
"4/15/2024, 4:59:39 PM",3.567,96.3,78.9,0,2024-04-15T21:59:39.000Z
"4/15/2024, 5:04:39 PM",3.567,96.1,78.3,0,2024-04-15T22:04:39.000Z
"4/15/2024, 5:09:39 PM",3.567,95.7,78,0,2024-04-15T22:09:39.000Z
"4/15/2024, 5:14:39 PM",3.567,95.4,77.6,0,2024-04-15T22:14:39.000Z
"4/15/2024, 5:19:39 PM",3.567,95,77.4,0,2024-04-15T22:19:39.000Z
"4/15/2024, 5:24:39 PM",3.568,94.5,77.3,0,2024-04-15T22:24:39.000Z
"4/15/2024, 5:29:39 PM",3.569,93.4,76.9,0,2024-04-15T22:29:39.000Z
"4/15/2024, 5:34:39 PM",3.57,92.3,76.9,0,2024-04-15T22:34:39.000Z
"4/15/2024, 5:39:39 PM",3.57,91.4,76.8,0,2024-04-15T22:39:39.000Z
"4/15/2024, 5:44:39 PM",3.571,90.3,76.8,0,2024-04-15T22:44:39.000Z
"4/15/2024, 5:49:39 PM",3.572,89.6,77,0,2024-04-15T22:49:39.000Z
"4/15/2024, 5:54:39 PM",3.573,88.7,77.3,0,2024-04-15T22:54:39.000Z
"4/15/2024, 5:59:39 PM",3.573,88,77.8,0,2024-04-15T22:59:39.000Z
"4/15/2024, 6:04:39 PM",3.573,87.3,78.1,0,2024-04-15T23:04:39.000Z
"4/15/2024, 6:09:39 PM",3.574,86.5,78.4,0,2024-04-15T23:09:39.000Z
"4/15/2024, 6:14:39 PM",3.575,85.8,78.7,0,2024-04-15T23:14:39.000Z
"4/15/2024, 6:19:39 PM",3.575,85.1,79.1,0,2024-04-15T23:19:39.000Z
"4/15/2024, 6:24:39 PM",3.575,84.4,79.3,0,2024-04-15T23:24:39.000Z
"4/15/2024, 6:29:39 PM",3.575,83.7,79.5,0,2024-04-15T23:29:39.000Z
"4/15/2024, 6:34:39 PM",3.575,82.9,79.6,0,2024-04-15T23:34:39.000Z
"4/15/2024, 6:39:39 PM",3.575,82.2,79.8,0,2024-04-15T23:39:39.000Z
"4/15/2024, 6:44:39 PM",3.573,81.5,80.2,0,2024-04-15T23:44:39.000Z
"4/15/2024, 6:49:39 PM",3.572,80.8,80.7,0,2024-04-15T23:49:39.000Z
"4/15/2024, 6:54:39 PM",3.57,80.2,81.2,0,2024-04-15T23:54:39.000Z
"4/15/2024, 6:59:39 PM",3.568,79.5,81.8,0,2024-04-15T23:59:39.000Z
"4/15/2024, 7:04:39 PM",3.567,79,82.3,0,2024-04-16T00:04:39.000Z
"4/15/2024, 7:09:39 PM",3.566,78.3,82.8,0,2024-04-16T00:09:39.000Z
"4/15/2024, 7:14:39 PM",3.565,77.9,83.2,0,2024-04-16T00:14:39.000Z
"4/15/2024, 7:19:39 PM",3.564,77.4,83.6,0,2024-04-16T00:19:39.000Z
"4/15/2024, 7:24:39 PM",3.565,76.8,84,0,2024-04-16T00:24:39.000Z
"4/15/2024, 7:29:39 PM",3.564,76.5,84.3,0,2024-04-16T00:29:39.000Z
"4/15/2024, 7:34:39 PM",3.564,76.1,84.5,0,2024-04-16T00:34:39.000Z
"4/15/2024, 7:39:39 PM",3.564,75.7,84.8,0,2024-04-16T00:39:39.000Z
"4/15/2024, 7:44:39 PM",3.564,75.4,85,0,2024-04-16T00:44:39.000Z
"4/15/2024, 7:49:39 PM",3.564,75,85.3,0,2024-04-16T00:49:39.000Z
"4/15/2024, 7:54:39 PM",3.566,74.8,85.5,0,2024-04-16T00:54:39.000Z
"4/15/2024, 7:59:39 PM",3.566,74.5,85.8,0,2024-04-16T00:59:39.000Z
"4/15/2024, 8:04:39 PM",3.567,74.1,86,0,2024-04-16T01:04:39.000Z
"4/15/2024, 8:09:39 PM",3.567,73.8,86.2,0,2024-04-16T01:09:39.000Z
"4/15/2024, 8:14:39 PM",3.566,73.4,86.4,0,2024-04-16T01:14:39.000Z
"4/15/2024, 8:19:39 PM",3.566,72.9,86.6,0,2024-04-16T01:19:39.000Z
"4/15/2024, 8:24:39 PM",3.567,72.5,86.9,0,2024-04-16T01:24:39.000Z
"4/15/2024, 8:29:39 PM",3.566,72.1,87.1,0,2024-04-16T01:29:39.000Z
"4/15/2024, 8:34:39 PM",3.566,71.8,87.5,0,2024-04-16T01:34:39.000Z
"4/15/2024, 8:39:39 PM",3.566,71.4,87.8,0,2024-04-16T01:39:39.000Z
"4/15/2024, 8:44:39 PM",3.566,71.1,88.1,0,2024-04-16T01:44:39.000Z
"4/15/2024, 8:49:39 PM",3.565,70.7,88.4,0,2024-04-16T01:49:39.000Z
"4/15/2024, 8:54:39 PM",3.565,70.3,88.7,0,2024-04-16T01:54:39.000Z
"4/15/2024, 8:59:39 PM",3.566,70.2,89,0,2024-04-16T01:59:39.000Z
"4/15/2024, 9:04:39 PM",3.566,69.8,89.3,0,2024-04-16T02:04:39.000Z
"4/15/2024, 9:09:39 PM",3.566,69.4,89.5,0,2024-04-16T02:09:39.000Z
"4/15/2024, 9:14:39 PM",3.565,69.3,89.7,0,2024-04-16T02:14:39.000Z
"4/15/2024, 9:19:39 PM",3.566,68.9,89.9,1,2024-04-16T02:19:39.000Z
"4/15/2024, 9:24:39 PM",3.566,68.5,90.1,0,2024-04-16T02:24:39.000Z
"4/15/2024, 9:29:39 PM",3.566,68.4,90.2,0,2024-04-16T02:29:39.000Z
"4/15/2024, 9:34:39 PM",3.568,68,90.3,1,2024-04-16T02:34:39.000Z
"4/15/2024, 9:39:39 PM",3.57,67.8,90.4,1,2024-04-16T02:39:39.000Z
"4/15/2024, 9:44:39 PM",3.57,67.5,90.5,1,2024-04-16T02:44:39.000Z
"4/15/2024, 9:49:39 PM",3.57,67.3,90.7,1,2024-04-16T02:49:39.000Z
"4/15/2024, 9:54:39 PM",3.57,67.1,90.8,1,2024-04-16T02:54:39.000Z
"4/15/2024, 9:59:39 PM",3.57,66.9,91,1,2024-04-16T02:59:39.000Z
"4/15/2024, 10:04:39 PM",3.57,66.7,91.1,1,2024-04-16T03:04:39.000Z
"4/15/2024, 10:09:39 PM",3.57,66.6,91.3,1,2024-04-16T03:09:39.000Z
"4/15/2024, 10:14:39 PM",3.57,66.4,91.4,1,2024-04-16T03:14:39.000Z
"4/15/2024, 10:19:39 PM",3.57,66.2,91.5,1,2024-04-16T03:19:39.000Z
"4/15/2024, 10:24:39 PM",3.571,66,91.6,1,2024-04-16T03:24:39.000Z
"4/15/2024, 10:29:39 PM",3.571,65.8,91.7,1,2024-04-16T03:29:39.000Z
"4/15/2024, 10:34:39 PM",3.571,65.8,91.8,1,2024-04-16T03:34:39.000Z
"4/15/2024, 10:39:39 PM",3.571,65.7,91.9,1,2024-04-16T03:39:39.000Z
"4/15/2024, 10:44:39 PM",3.571,65.5,92,1,2024-04-16T03:44:39.000Z
"4/15/2024, 10:49:39 PM",3.571,65.3,92.1,1,2024-04-16T03:49:39.000Z
"4/15/2024, 10:54:39 PM",3.571,65.3,92.2,1,2024-04-16T03:54:39.000Z
"4/15/2024, 10:59:39 PM",3.571,65.3,92.4,1,2024-04-16T03:59:39.000Z
"4/15/2024, 11:04:39 PM",3.57,65.3,92.5,1,2024-04-16T04:04:39.000Z
"4/15/2024, 11:09:39 PM",3.57,65.1,92.6,1,2024-04-16T04:09:39.000Z
"4/15/2024, 11:14:39 PM",3.569,65.1,92.7,1,2024-04-16T04:14:39.000Z
"4/15/2024, 11:19:39 PM",3.57,64.9,92.8,1,2024-04-16T04:19:39.000Z
"4/15/2024, 11:24:39 PM",3.569,64.8,92.9,1,2024-04-16T04:24:39.000Z
"4/15/2024, 11:29:39 PM",3.569,64.8,93,1,2024-04-16T04:29:39.000Z
"4/15/2024, 11:34:39 PM",3.569,64.8,93.2,1,2024-04-16T04:34:39.000Z
"4/15/2024, 11:39:39 PM",3.569,64.8,93.3,1,2024-04-16T04:39:39.000Z
"4/15/2024, 11:44:39 PM",3.569,64.6,93.4,1,2024-04-16T04:44:39.000Z
"4/15/2024, 11:49:39 PM",3.569,64.6,93.5,1,2024-04-16T04:49:39.000Z
"4/15/2024, 11:54:39 PM",3.569,64.6,93.6,1,2024-04-16T04:54:39.000Z
"4/15/2024, 11:59:39 PM",3.568,64.4,93.7,1,2024-04-16T04:59:39.000Z
"4/16/2024, 12:04:39 AM",3.569,64.4,93.7,1,2024-04-16T05:04:39.000Z
"4/16/2024, 12:09:39 AM",3.569,64.2,93.8,1,2024-04-16T05:09:39.000Z
"4/16/2024, 12:14:39 AM",3.568,64.2,93.8,2,2024-04-16T05:14:39.000Z
"4/16/2024, 12:19:39 AM",3.568,64,94,2,2024-04-16T05:19:39.000Z
"4/16/2024, 12:24:39 AM",3.569,64,94,2,2024-04-16T05:24:39.000Z
"4/16/2024, 12:29:39 AM",3.568,64.6,94.2,2,2024-04-16T05:29:39.000Z
"4/16/2024, 12:34:39 AM",3.568,65.3,94.5,2,2024-04-16T05:34:39.000Z
"4/16/2024, 12:39:39 AM",3.567,65.8,94.7,2,2024-04-16T05:39:39.000Z
"4/16/2024, 12:44:39 AM",3.567,66.2,95,2,2024-04-16T05:44:39.000Z
"4/16/2024, 12:49:39 AM",3.566,66.2,95.3,2,2024-04-16T05:49:39.000Z
"4/16/2024, 12:54:39 AM",3.567,66.6,95.6,2,2024-04-16T05:54:39.000Z
"4/16/2024, 12:59:39 AM",3.567,66.6,95.8,2,2024-04-16T05:59:39.000Z
"4/16/2024, 1:04:39 AM",3.566,66.6,96,2,2024-04-16T06:04:39.000Z
"4/16/2024, 1:09:39 AM",3.566,66.7,96.2,2,2024-04-16T06:09:39.000Z
"4/16/2024, 1:14:39 AM",3.566,66.7,96.3,2,2024-04-16T06:14:39.000Z
"4/16/2024, 1:19:39 AM",3.566,66.7,96.5,2,2024-04-16T06:19:39.000Z
"4/16/2024, 1:24:39 AM",3.566,66.9,96.7,2,2024-04-16T06:24:39.000Z
"4/16/2024, 1:29:39 AM",3.566,67.1,96.9,2,2024-04-16T06:29:39.000Z
"4/16/2024, 1:34:39 AM",3.566,67.1,97.1,2,2024-04-16T06:34:39.000Z
"4/16/2024, 1:39:39 AM",3.566,67.1,97.3,2,2024-04-16T06:39:39.000Z
"4/16/2024, 1:44:39 AM",3.566,67.1,97.4,2,2024-04-16T06:44:39.000Z
"4/16/2024, 1:49:39 AM",3.566,67.1,97.5,2,2024-04-16T06:49:39.000Z
"4/16/2024, 1:54:39 AM",3.567,67.1,97.7,2,2024-04-16T06:54:39.000Z
"4/16/2024, 1:59:39 AM",3.566,67.1,97.8,2,2024-04-16T06:59:39.000Z
"4/16/2024, 2:04:39 AM",3.566,67.1,97.9,2,2024-04-16T07:04:39.000Z
"4/16/2024, 2:09:39 AM",3.567,67.1,98.1,2,2024-04-16T07:09:39.000Z
"4/16/2024, 2:14:39 AM",3.567,67.3,98.2,2,2024-04-16T07:14:39.000Z
"4/16/2024, 2:19:39 AM",3.567,67.3,98.3,2,2024-04-16T07:19:39.000Z
"4/16/2024, 2:24:39 AM",3.566,67.3,98.4,2,2024-04-16T07:24:39.000Z
"4/16/2024, 2:29:39 AM",3.567,67.1,98.5,2,2024-04-16T07:29:39.000Z
"4/16/2024, 2:34:39 AM",3.567,67.1,98.6,2,2024-04-16T07:34:39.000Z
"4/16/2024, 2:39:39 AM",3.567,67.1,98.7,2,2024-04-16T07:39:39.000Z
"4/16/2024, 2:44:39 AM",3.567,67.1,98.8,2,2024-04-16T07:44:39.000Z
"4/16/2024, 2:49:39 AM",3.567,67.1,98.9,2,2024-04-16T07:49:39.000Z
"4/16/2024, 2:54:39 AM",3.567,67.1,99,2,2024-04-16T07:54:39.000Z
"4/16/2024, 2:59:39 AM",3.566,67.1,99.1,2,2024-04-16T07:59:39.000Z
"4/16/2024, 3:04:39 AM",3.566,67.1,99.2,2,2024-04-16T08:04:39.000Z
"4/16/2024, 3:09:39 AM",3.567,67.1,99.3,2,2024-04-16T08:09:39.000Z
"4/16/2024, 3:14:39 AM",3.567,66.9,99.4,2,2024-04-16T08:14:39.000Z
"4/16/2024, 3:19:39 AM",3.567,66.9,99.5,2,2024-04-16T08:19:39.000Z
"4/16/2024, 3:24:39 AM",3.567,66.9,99.6,2,2024-04-16T08:24:39.000Z
"4/16/2024, 3:29:39 AM",3.567,67.1,99.7,2,2024-04-16T08:29:39.000Z
"4/16/2024, 3:34:39 AM",3.566,67.1,99.8,2,2024-04-16T08:34:39.000Z
"4/16/2024, 3:39:39 AM",3.567,67.1,99.8,3,2024-04-16T08:39:39.000Z
"4/16/2024, 3:44:39 AM",3.566,67.3,99.9,2,2024-04-16T08:44:39.000Z
"4/16/2024, 3:49:39 AM",3.567,67.3,100,2,2024-04-16T08:49:39.000Z
"4/16/2024, 3:54:39 AM",3.566,67.1,100,2,2024-04-16T08:54:39.000Z
"4/16/2024, 3:59:39 AM",3.566,67.1,100,2,2024-04-16T08:59:39.000Z
"4/16/2024, 4:04:39 AM",3.567,67.1,100,2,2024-04-16T09:04:39.000Z
"4/16/2024, 4:09:39 AM",3.567,67.1,100,2,2024-04-16T09:09:39.000Z
"4/16/2024, 4:14:39 AM",3.566,67.1,100,2,2024-04-16T09:14:39.000Z
"4/16/2024, 4:19:39 AM",3.567,66.9,100,2,2024-04-16T09:19:39.000Z
"4/16/2024, 4:24:39 AM",3.566,66.9,100,2,2024-04-16T09:24:39.000Z
"4/16/2024, 4:29:39 AM",3.567,66.7,100,2,2024-04-16T09:29:39.000Z
"4/16/2024, 4:34:39 AM",3.567,66.6,100,2,2024-04-16T09:34:39.000Z
"4/16/2024, 4:39:39 AM",3.567,66.6,100,2,2024-04-16T09:39:39.000Z
"4/16/2024, 4:44:39 AM",3.567,66.4,100,2,2024-04-16T09:44:39.000Z
"4/16/2024, 4:49:39 AM",3.567,66.4,100,1,2024-04-16T09:49:39.000Z
"4/16/2024, 4:54:39 AM",3.567,66.2,100,1,2024-04-16T09:54:39.000Z
"4/16/2024, 4:59:39 AM",3.567,66.2,100,1,2024-04-16T09:59:39.000Z
"4/16/2024, 5:04:39 AM",3.567,66,100,1,2024-04-16T10:04:39.000Z
"4/16/2024, 5:09:39 AM",3.567,66,100,1,2024-04-16T10:09:39.000Z
"4/16/2024, 5:14:39 AM",3.567,65.8,100,1,2024-04-16T10:14:39.000Z
"4/16/2024, 5:19:39 AM",3.567,65.7,100,1,2024-04-16T10:19:39.000Z
"4/16/2024, 5:24:39 AM",3.567,65.7,100,1,2024-04-16T10:24:39.000Z
"4/16/2024, 5:29:39 AM",3.567,65.7,100,1,2024-04-16T10:29:39.000Z
"4/16/2024, 5:34:39 AM",3.567,65.7,100,1,2024-04-16T10:34:39.000Z
"4/16/2024, 5:39:39 AM",3.567,65.7,100,1,2024-04-16T10:39:39.000Z
"4/16/2024, 5:44:39 AM",3.567,65.5,100,1,2024-04-16T10:44:39.000Z
"4/16/2024, 5:49:39 AM",3.568,65.5,100,1,2024-04-16T10:49:39.000Z
"4/16/2024, 5:54:39 AM",3.567,65.5,100,1,2024-04-16T10:54:39.000Z
"4/16/2024, 5:59:39 AM",3.567,65.7,100,1,2024-04-16T10:59:39.000Z
"4/16/2024, 6:04:39 AM",3.566,65.8,100,1,2024-04-16T11:04:39.000Z
"4/16/2024, 6:09:39 AM",3.567,66,100,1,2024-04-16T11:09:39.000Z
"4/16/2024, 6:14:39 AM",3.567,66.2,100,1,2024-04-16T11:14:39.000Z
"4/16/2024, 6:19:39 AM",3.567,66.4,100,1,2024-04-16T11:19:39.000Z
"4/16/2024, 6:24:39 AM",3.566,66.6,100,1,2024-04-16T11:24:39.000Z
"4/16/2024, 6:29:39 AM",3.567,66.7,100,1,2024-04-16T11:29:39.000Z
"4/16/2024, 6:34:39 AM",3.567,66.9,100,1,2024-04-16T11:34:39.000Z
"4/16/2024, 6:39:39 AM",3.567,67.1,100,1,2024-04-16T11:39:39.000Z
"4/16/2024, 6:44:39 AM",3.566,67.3,100,1,2024-04-16T11:44:39.000Z
"4/16/2024, 6:49:39 AM",3.567,67.6,100,1,2024-04-16T11:49:39.000Z
"4/16/2024, 6:54:39 AM",3.567,67.8,100,1,2024-04-16T11:54:39.000Z
"4/16/2024, 6:59:39 AM",3.567,68.2,100,1,2024-04-16T11:59:39.000Z
"4/16/2024, 7:04:39 AM",3.567,68.5,100,1,2024-04-16T12:04:39.000Z
"4/16/2024, 7:09:39 AM",3.566,69.1,100,1,2024-04-16T12:09:39.000Z
"4/16/2024, 7:14:39 AM",3.567,69.6,100,1,2024-04-16T12:14:39.000Z
"4/16/2024, 7:19:39 AM",3.566,70.2,100,1,2024-04-16T12:19:39.000Z
"4/16/2024, 7:24:39 AM",3.566,70.9,100,1,2024-04-16T12:24:39.000Z
"4/16/2024, 7:29:39 AM",3.566,71.4,100,1,2024-04-16T12:29:39.000Z
"4/16/2024, 7:34:39 AM",3.566,71.8,100,1,2024-04-16T12:34:39.000Z
"4/16/2024, 7:39:39 AM",3.566,72.3,100,1,2024-04-16T12:39:39.000Z
"4/16/2024, 7:44:39 AM",3.566,72.9,100,1,2024-04-16T12:44:39.000Z
"4/16/2024, 7:49:39 AM",3.566,73.4,100,1,2024-04-16T12:49:39.000Z
"4/16/2024, 7:54:39 AM",3.566,73.9,100,1,2024-04-16T12:54:39.000Z
"4/16/2024, 7:59:39 AM",3.566,74.3,100,1,2024-04-16T12:59:39.000Z
"4/16/2024, 8:04:39 AM",3.566,74.8,100,1,2024-04-16T13:04:39.000Z
"4/16/2024, 8:09:39 AM",3.566,75.4,100,1,2024-04-16T13:09:39.000Z
"4/16/2024, 8:14:39 AM",3.566,75.9,100,0,2024-04-16T13:14:39.000Z
"4/16/2024, 8:19:39 AM",3.566,76.5,100,0,2024-04-16T13:19:39.000Z
"4/16/2024, 8:24:39 AM",3.566,76.8,100,1,2024-04-16T13:24:39.000Z
"4/16/2024, 8:29:39 AM",3.566,77.4,100,0,2024-04-16T13:29:39.000Z
"4/16/2024, 8:34:39 AM",3.566,77.7,100,0,2024-04-16T13:34:39.000Z
"4/16/2024, 8:39:39 AM",3.566,78.3,100,0,2024-04-16T13:39:39.000Z
"4/16/2024, 8:44:39 AM",3.567,78.6,100,1,2024-04-16T13:44:39.000Z
"4/16/2024, 8:49:39 AM",3.567,79,100,1,2024-04-16T13:49:39.000Z
"4/16/2024, 8:54:39 AM",3.567,79.5,100,0,2024-04-16T13:54:39.000Z
"4/16/2024, 8:59:39 AM",3.567,79.9,100,0,2024-04-16T13:59:39.000Z
"4/16/2024, 9:04:39 AM",3.567,80.2,100,0,2024-04-16T14:04:39.000Z
"4/16/2024, 9:09:39 AM",3.567,80.8,100,0,2024-04-16T14:09:39.000Z
"4/16/2024, 9:14:39 AM",3.567,81.1,100,0,2024-04-16T14:14:39.000Z
"4/16/2024, 9:19:39 AM",3.567,81.3,100,0,2024-04-16T14:19:39.000Z
"4/16/2024, 9:24:39 AM",3.567,81.5,100,0,2024-04-16T14:24:39.000Z
"4/16/2024, 9:29:39 AM",3.567,81.9,100,0,2024-04-16T14:29:39.000Z
"4/16/2024, 9:34:39 AM",3.567,82.2,100,0,2024-04-16T14:34:39.000Z
"4/16/2024, 9:39:39 AM",3.567,82.6,100,0,2024-04-16T14:39:39.000Z
"4/16/2024, 9:44:39 AM",3.567,82.8,100,0,2024-04-16T14:44:39.000Z
"4/16/2024, 9:49:39 AM",3.567,83.1,100,0,2024-04-16T14:49:39.000Z
"4/16/2024, 9:54:39 AM",3.567,83.5,100,0,2024-04-16T14:54:39.000Z
"4/16/2024, 9:59:39 AM",3.567,83.8,100,0,2024-04-16T14:59:39.000Z
"4/16/2024, 10:04:39 AM",3.567,84,100,0,2024-04-16T15:04:39.000Z
"4/16/2024, 10:09:39 AM",3.567,84.2,100,0,2024-04-16T15:09:39.000Z
"4/16/2024, 10:14:39 AM",3.567,84.4,100,0,2024-04-16T15:14:39.000Z
"4/16/2024, 10:19:39 AM",3.567,84.7,100,0,2024-04-16T15:19:39.000Z
"4/16/2024, 10:24:39 AM",3.567,85.1,100,0,2024-04-16T15:24:39.000Z
"4/16/2024, 10:29:39 AM",3.567,85.3,100,0,2024-04-16T15:29:39.000Z
"4/16/2024, 10:34:39 AM",3.567,85.6,100,1,2024-04-16T15:34:39.000Z
"4/16/2024, 10:39:39 AM",3.566,86,100,0,2024-04-16T15:39:39.000Z
"4/16/2024, 10:44:39 AM",3.566,86.4,100,0,2024-04-16T15:44:39.000Z
"4/16/2024, 10:49:39 AM",3.566,86.9,100,0,2024-04-16T15:49:39.000Z
"4/16/2024, 10:54:39 AM",3.563,87.3,100,0,2024-04-16T15:54:39.000Z
"4/16/2024, 10:59:39 AM",3.563,87.6,100,0,2024-04-16T15:59:39.000Z
"4/16/2024, 11:04:39 AM",3.564,88,100,0,2024-04-16T16:04:39.000Z
"4/16/2024, 11:09:39 AM",3.563,88.5,100,0,2024-04-16T16:09:39.000Z
"4/16/2024, 11:14:39 AM",3.563,89.1,100,0,2024-04-16T16:14:39.000Z
"4/16/2024, 11:19:39 AM",3.562,89.4,100,1,2024-04-16T16:19:39.000Z
"4/16/2024, 11:24:39 AM",3.563,90,100,0,2024-04-16T16:24:39.000Z
"4/16/2024, 11:29:39 AM",3.562,90.5,100,0,2024-04-16T16:29:39.000Z
"4/16/2024, 11:34:39 AM",3.562,90.9,100,0,2024-04-16T16:34:39.000Z
"4/16/2024, 11:39:39 AM",3.561,91.4,100,0,2024-04-16T16:39:39.000Z
"4/16/2024, 11:44:39 AM",3.562,91.8,100,0,2024-04-16T16:44:39.000Z
"4/16/2024, 11:49:39 AM",3.561,92.1,100,0,2024-04-16T16:49:39.000Z
"4/16/2024, 11:54:39 AM",3.561,92.5,100,0,2024-04-16T16:54:39.000Z
"4/16/2024, 11:59:39 AM",3.561,92.7,100,0,2024-04-16T16:59:39.000Z
"4/16/2024, 12:04:39 PM",3.561,93,100,0,2024-04-16T17:04:39.000Z
"4/16/2024, 12:09:39 PM",3.561,93.6,99.5,0,2024-04-16T17:09:39.000Z
"4/16/2024, 12:14:39 PM",3.562,93.9,98.3,0,2024-04-16T17:14:39.000Z
"4/16/2024, 12:19:39 PM",3.562,94.3,97.1,0,2024-04-16T17:19:39.000Z
"4/16/2024, 12:24:39 PM",3.563,94.8,95.7,0,2024-04-16T17:24:39.000Z
"4/16/2024, 12:29:39 PM",3.564,95.4,94.3,0,2024-04-16T17:29:39.000Z
"4/16/2024, 12:34:39 PM",3.564,95.7,92.8,0,2024-04-16T17:34:39.000Z
"4/16/2024, 12:39:39 PM",3.564,96.3,91.3,0,2024-04-16T17:39:39.000Z
"4/16/2024, 12:44:39 PM",3.564,96.8,90.1,0,2024-04-16T17:44:39.000Z
"4/16/2024, 12:49:39 PM",3.563,97.2,89.2,0,2024-04-16T17:49:39.000Z
"4/16/2024, 12:54:39 PM",3.563,97.3,87.8,0,2024-04-16T17:54:39.000Z
"4/16/2024, 12:59:39 PM",3.563,97.3,87,0,2024-04-16T17:59:39.000Z
"4/16/2024, 1:04:39 PM",3.563,97.2,86.3,0,2024-04-16T18:04:39.000Z
"4/16/2024, 1:09:39 PM",3.563,97.3,85.5,0,2024-04-16T18:09:39.000Z
"4/16/2024, 1:14:39 PM",3.563,97.5,84.9,0,2024-04-16T18:14:39.000Z
"4/16/2024, 1:19:39 PM",3.563,98.1,84.5,0,2024-04-16T18:19:39.000Z
"4/16/2024, 1:24:39 PM",3.563,98.2,83.7,0,2024-04-16T18:24:39.000Z
"4/16/2024, 1:29:39 PM",3.563,98.8,82.8,0,2024-04-16T18:29:39.000Z
"4/16/2024, 1:34:39 PM",3.563,99,82.1,0,2024-04-16T18:34:39.000Z
"4/16/2024, 1:39:39 PM",3.563,99.1,81.2,0,2024-04-16T18:39:39.000Z
"4/16/2024, 1:44:39 PM",3.562,99.3,80.2,0,2024-04-16T18:44:39.000Z
"4/16/2024, 1:49:39 PM",3.562,99.5,79.4,0,2024-04-16T18:49:39.000Z
"4/16/2024, 1:54:39 PM",3.562,99.5,78.7,0,2024-04-16T18:54:39.000Z
"4/16/2024, 1:59:39 PM",3.562,99.5,78,0,2024-04-16T18:59:39.000Z
"4/16/2024, 2:04:39 PM",3.562,99.7,77.3,0,2024-04-16T19:04:39.000Z
"4/16/2024, 2:09:39 PM",3.563,99.3,77.3,0,2024-04-16T19:09:39.000Z
"4/16/2024, 2:14:39 PM",3.563,99,76.8,0,2024-04-16T19:14:39.000Z
"4/16/2024, 2:19:39 PM",3.563,98.8,76.9,0,2024-04-16T19:19:39.000Z
"4/16/2024, 2:24:39 PM",3.564,99,77.9,0,2024-04-16T19:24:39.000Z
"4/16/2024, 2:29:39 PM",3.563,99.1,77.4,0,2024-04-16T19:29:39.000Z
"4/16/2024, 2:34:39 PM",3.564,99.3,76.9,0,2024-04-16T19:34:39.000Z
"4/16/2024, 2:39:39 PM",3.564,99.1,76.1,0,2024-04-16T19:39:39.000Z
"4/16/2024, 2:44:39 PM",3.564,99.3,75.3,0,2024-04-16T19:44:39.000Z
"4/16/2024, 2:49:39 PM",3.564,99.5,74.7,0,2024-04-16T19:49:39.000Z
"4/16/2024, 2:54:39 PM",3.564,99.7,73.5,0,2024-04-16T19:54:39.000Z
"4/16/2024, 2:59:39 PM",3.564,99.9,72.6,0,2024-04-16T19:59:39.000Z
"4/16/2024, 3:04:39 PM",3.563,99.7,71.7,0,2024-04-16T20:04:39.000Z
"4/16/2024, 3:09:39 PM",3.564,99.9,71.1,0,2024-04-16T20:09:39.000Z
"4/16/2024, 3:14:39 PM",3.564,100,70.9,0,2024-04-16T20:14:39.000Z
"4/16/2024, 3:19:39 PM",3.565,100.6,70.7,0,2024-04-16T20:19:39.000Z
"4/16/2024, 3:24:39 PM",3.564,100.6,70.2,0,2024-04-16T20:24:39.000Z
"4/16/2024, 3:29:39 PM",3.565,100.4,69.7,0,2024-04-16T20:29:39.000Z
"4/16/2024, 3:34:39 PM",3.565,100.4,69.7,0,2024-04-16T20:34:39.000Z
"4/16/2024, 3:39:39 PM",3.565,100.6,69.7,0,2024-04-16T20:39:39.000Z
"4/16/2024, 3:44:39 PM",3.565,100.4,69.9,0,2024-04-16T20:44:39.000Z
"4/16/2024, 3:49:39 PM",3.565,100.6,69.5,0,2024-04-16T20:49:39.000Z
"4/16/2024, 3:54:39 PM",3.565,99.9,68.8,0,2024-04-16T20:54:39.000Z
"4/16/2024, 3:59:39 PM",3.566,99.1,68.8,0,2024-04-16T20:59:39.000Z
"4/16/2024, 4:04:39 PM",3.567,98.8,69.6,0,2024-04-16T21:04:39.000Z
"4/16/2024, 4:09:39 PM",3.567,98.2,70.9,0,2024-04-16T21:09:39.000Z
"4/16/2024, 4:14:39 PM",3.567,98.2,71.6,0,2024-04-16T21:14:39.000Z
"4/16/2024, 4:19:39 PM",3.567,98.4,72.7,0,2024-04-16T21:19:39.000Z
"4/16/2024, 4:24:39 PM",3.568,98.8,72.6,0,2024-04-16T21:24:39.000Z
"4/16/2024, 4:29:39 PM",3.568,98.8,71.9,0,2024-04-16T21:29:39.000Z
"4/16/2024, 4:34:39 PM",3.568,98.8,71.7,0,2024-04-16T21:34:39.000Z
"4/16/2024, 4:39:39 PM",3.567,98.8,71.6,0,2024-04-16T21:39:39.000Z
"4/16/2024, 4:44:39 PM",3.568,98.4,72,0,2024-04-16T21:44:39.000Z
"4/16/2024, 4:49:39 PM",3.568,98.2,72.3,0,2024-04-16T21:49:39.000Z
"4/16/2024, 4:54:39 PM",3.568,98.1,72.8,0,2024-04-16T21:54:39.000Z
"4/16/2024, 4:59:39 PM",3.568,97.5,73.5,0,2024-04-16T21:59:39.000Z
"4/16/2024, 5:04:39 PM",3.568,96.8,74.1,0,2024-04-16T22:04:39.000Z
"4/16/2024, 5:09:39 PM",3.569,96.1,74.9,0,2024-04-16T22:09:39.000Z
"4/16/2024, 5:14:39 PM",3.569,95.4,75.4,0,2024-04-16T22:14:39.000Z
"4/16/2024, 5:19:39 PM",3.57,94.6,75.9,0,2024-04-16T22:19:39.000Z
"4/16/2024, 5:24:39 PM",3.571,94.1,76.3,0,2024-04-16T22:24:39.000Z
"4/16/2024, 5:29:39 PM",3.572,93.4,76.5,0,2024-04-16T22:29:39.000Z
"4/16/2024, 5:34:39 PM",3.572,92.5,77,0,2024-04-16T22:34:39.000Z
"4/16/2024, 5:39:39 PM",3.574,91.8,77.5,0,2024-04-16T22:39:39.000Z
"4/16/2024, 5:44:39 PM",3.574,91,78,0,2024-04-16T22:44:39.000Z
"4/16/2024, 5:49:39 PM",3.575,90.5,78.7,0,2024-04-16T22:49:39.000Z
"4/16/2024, 5:54:39 PM",3.575,89.8,79.6,0,2024-04-16T22:54:39.000Z
"4/16/2024, 5:59:39 PM",3.576,89.2,80.4,0,2024-04-16T22:59:39.000Z
"4/16/2024, 6:04:39 PM",3.577,88.9,81.2,0,2024-04-16T23:04:39.000Z
"4/16/2024, 6:09:39 PM",3.577,88.3,81.8,0,2024-04-16T23:09:39.000Z
"4/16/2024, 6:14:39 PM",3.577,88,82.4,0,2024-04-16T23:14:39.000Z
"4/16/2024, 6:19:39 PM",3.577,87.4,82.9,0,2024-04-16T23:19:39.000Z
"4/16/2024, 6:24:39 PM",3.577,86.9,83.3,0,2024-04-16T23:24:39.000Z
"4/16/2024, 6:29:39 PM",3.577,86.4,83.8,0,2024-04-16T23:29:39.000Z
"4/16/2024, 6:34:39 PM",3.578,85.8,84.1,0,2024-04-16T23:34:39.000Z
"4/16/2024, 6:39:39 PM",3.578,85.3,84.5,0,2024-04-16T23:39:39.000Z
"4/16/2024, 6:44:39 PM",3.577,84.7,84.9,0,2024-04-16T23:44:39.000Z
"4/16/2024, 6:49:39 PM",3.577,84.2,85.3,0,2024-04-16T23:49:39.000Z
"4/16/2024, 6:54:39 PM",3.577,83.8,85.8,0,2024-04-16T23:54:39.000Z
"4/16/2024, 6:59:39 PM",3.577,83.5,86.3,0,2024-04-16T23:59:39.000Z
"4/16/2024, 7:04:39 PM",3.578,83.1,86.9,0,2024-04-17T00:04:39.000Z
"4/16/2024, 7:09:39 PM",3.578,82.8,87.5,0,2024-04-17T00:09:39.000Z
"4/16/2024, 7:14:39 PM",3.577,82.4,88.1,0,2024-04-17T00:14:39.000Z
"4/16/2024, 7:19:39 PM",3.577,82,88.6,0,2024-04-17T00:19:39.000Z
"4/16/2024, 7:24:39 PM",3.577,81.7,89.1,0,2024-04-17T00:24:39.000Z
"4/16/2024, 7:29:39 PM",3.577,81.3,89.7,0,2024-04-17T00:29:39.000Z
"4/16/2024, 7:34:39 PM",3.576,81.1,90.2,0,2024-04-17T00:34:39.000Z
"4/16/2024, 7:39:39 PM",3.576,80.8,90.6,0,2024-04-17T00:39:39.000Z
"4/16/2024, 7:44:39 PM",3.576,80.4,91,0,2024-04-17T00:44:39.000Z
"4/16/2024, 7:49:39 PM",3.576,80.1,91.4,0,2024-04-17T00:49:39.000Z
"4/16/2024, 7:54:39 PM",3.576,79.7,91.8,0,2024-04-17T00:54:39.000Z
"4/16/2024, 7:59:39 PM",3.576,79.5,92.2,0,2024-04-17T00:59:39.000Z
"4/16/2024, 8:04:39 PM",3.576,79.3,92.5,0,2024-04-17T01:04:39.000Z
"4/16/2024, 8:09:39 PM",3.576,79.2,92.9,0,2024-04-17T01:09:39.000Z
"4/16/2024, 8:14:39 PM",3.576,79,93.3,0,2024-04-17T01:14:39.000Z
"4/16/2024, 8:19:39 PM",3.576,78.8,93.6,0,2024-04-17T01:19:39.000Z
"4/16/2024, 8:24:39 PM",3.576,78.6,93.9,0,2024-04-17T01:24:39.000Z
"4/16/2024, 8:29:39 PM",3.576,78.3,94.2,0,2024-04-17T01:29:39.000Z
"4/16/2024, 8:34:39 PM",3.576,78.3,94.5,0,2024-04-17T01:34:39.000Z
"4/16/2024, 8:39:39 PM",3.576,78.3,94.7,0,2024-04-17T01:39:39.000Z
"4/16/2024, 8:44:39 PM",3.576,78.3,95,0,2024-04-17T01:44:39.000Z
"4/16/2024, 8:49:39 PM",3.576,78.1,95.3,0,2024-04-17T01:49:39.000Z
"4/16/2024, 8:54:39 PM",3.576,78.1,95.5,0,2024-04-17T01:54:39.000Z
"4/16/2024, 8:59:39 PM",3.576,77.9,95.7,0,2024-04-17T01:59:39.000Z
"4/16/2024, 9:04:39 PM",3.576,77.7,95.9,0,2024-04-17T02:04:39.000Z
"4/16/2024, 9:09:39 PM",3.576,77.7,96.2,0,2024-04-17T02:09:39.000Z
"4/16/2024, 9:14:39 PM",3.576,77.5,96.3,0,2024-04-17T02:14:39.000Z
"4/16/2024, 9:19:39 PM",3.576,77.5,96.5,0,2024-04-17T02:19:39.000Z
"4/16/2024, 9:24:39 PM",3.575,77.4,96.6,0,2024-04-17T02:24:39.000Z
"4/16/2024, 9:29:39 PM",3.575,77.4,96.9,0,2024-04-17T02:29:39.000Z
"4/16/2024, 9:34:39 PM",3.575,77.4,97,0,2024-04-17T02:34:39.000Z
"4/16/2024, 9:39:39 PM",3.575,77.5,97.1,0,2024-04-17T02:39:39.000Z
"4/16/2024, 9:44:39 PM",3.575,77.5,97.2,0,2024-04-17T02:44:39.000Z
"4/16/2024, 9:49:39 PM",3.575,77.5,97.3,0,2024-04-17T02:49:39.000Z
"4/16/2024, 9:54:39 PM",3.575,77.5,97.5,0,2024-04-17T02:54:39.000Z
"4/16/2024, 9:59:39 PM",3.575,77.7,97.7,0,2024-04-17T02:59:39.000Z
"4/16/2024, 10:04:39 PM",3.575,77.7,97.8,0,2024-04-17T03:04:39.000Z
"4/16/2024, 10:09:39 PM",3.575,77.7,98,0,2024-04-17T03:09:39.000Z
"4/16/2024, 10:14:39 PM",3.575,77.9,98.1,0,2024-04-17T03:14:39.000Z
"4/16/2024, 10:19:39 PM",3.575,77.9,98.2,0,2024-04-17T03:19:39.000Z
"4/16/2024, 10:24:39 PM",3.575,77.9,98.4,0,2024-04-17T03:24:39.000Z
"4/16/2024, 10:29:39 PM",3.575,77.9,98.6,0,2024-04-17T03:29:39.000Z
"4/16/2024, 10:34:39 PM",3.575,77.9,98.7,0,2024-04-17T03:34:39.000Z
"4/16/2024, 10:39:39 PM",3.575,77.9,98.8,0,2024-04-17T03:39:39.000Z
"4/16/2024, 10:44:39 PM",3.575,77.9,98.9,0,2024-04-17T03:44:39.000Z
"4/16/2024, 10:49:39 PM",3.575,77.9,99.1,0,2024-04-17T03:49:39.000Z
"4/16/2024, 10:54:39 PM",3.574,77.9,99.2,0,2024-04-17T03:54:39.000Z
"4/16/2024, 10:59:39 PM",3.575,77.9,99.3,0,2024-04-17T03:59:39.000Z
"4/16/2024, 11:04:39 PM",3.574,77.9,99.4,0,2024-04-17T04:04:39.000Z
"4/16/2024, 11:09:39 PM",3.575,77.9,99.5,0,2024-04-17T04:09:39.000Z
"4/16/2024, 11:14:39 PM",3.575,77.7,99.6,0,2024-04-17T04:14:39.000Z
"4/16/2024, 11:19:39 PM",3.574,77.7,99.8,0,2024-04-17T04:19:39.000Z
"4/16/2024, 11:24:39 PM",3.574,77.7,99.8,0,2024-04-17T04:24:39.000Z
"4/16/2024, 11:29:39 PM",3.574,77.7,99.9,0,2024-04-17T04:29:39.000Z
"4/16/2024, 11:34:39 PM",3.574,77.7,100,0,2024-04-17T04:34:39.000Z
"4/16/2024, 11:39:39 PM",3.574,77.7,100,0,2024-04-17T04:39:39.000Z
"4/16/2024, 11:44:39 PM",3.574,77.7,100,0,2024-04-17T04:44:39.000Z
"4/16/2024, 11:49:39 PM",3.574,77.5,100,0,2024-04-17T04:49:39.000Z
"4/16/2024, 11:54:39 PM",3.574,77.5,100,0,2024-04-17T04:54:39.000Z
"4/16/2024, 11:59:39 PM",3.574,77.5,100,0,2024-04-17T04:59:39.000Z
"4/17/2024, 12:04:39 AM",3.574,77.5,100,0,2024-04-17T05:04:39.000Z
"4/17/2024, 12:09:39 AM",3.574,77.5,100,0,2024-04-17T05:09:39.000Z
"4/17/2024, 12:14:39 AM",3.574,77.5,100,0,2024-04-17T05:14:39.000Z
"4/17/2024, 12:19:39 AM",3.573,77.5,100,0,2024-04-17T05:19:39.000Z
"4/17/2024, 12:24:39 AM",3.573,77.5,100,0,2024-04-17T05:24:39.000Z
"4/17/2024, 12:29:39 AM",3.574,77.5,100,0,2024-04-17T05:29:39.000Z
"4/17/2024, 12:34:39 AM",3.574,77.5,100,0,2024-04-17T05:34:39.000Z
"4/17/2024, 12:39:39 AM",3.574,77.7,100,0,2024-04-17T05:39:39.000Z
"4/17/2024, 12:44:39 AM",3.573,77.7,100,0,2024-04-17T05:44:39.000Z
"4/17/2024, 12:49:39 AM",3.573,77.5,100,0,2024-04-17T05:49:39.000Z
"4/17/2024, 12:54:39 AM",3.574,77.5,100,0,2024-04-17T05:54:39.000Z
"4/17/2024, 12:59:39 AM",3.573,77.5,100,0,2024-04-17T05:59:39.000Z
"4/17/2024, 1:04:39 AM",3.573,77.5,100,0,2024-04-17T06:04:39.000Z
"4/17/2024, 1:09:39 AM",3.573,77.5,100,0,2024-04-17T06:09:39.000Z
"4/17/2024, 1:14:39 AM",3.573,77.5,100,0,2024-04-17T06:14:39.000Z
"4/17/2024, 1:19:39 AM",3.573,77.5,100,0,2024-04-17T06:19:39.000Z
"4/17/2024, 1:24:39 AM",3.573,77.5,100,0,2024-04-17T06:24:39.000Z
"4/17/2024, 1:29:39 AM",3.574,77.4,100,0,2024-04-17T06:29:39.000Z
"4/17/2024, 1:34:39 AM",3.573,77.4,100,0,2024-04-17T06:34:39.000Z
"4/17/2024, 1:39:39 AM",3.573,77.4,100,0,2024-04-17T06:39:39.000Z
"4/17/2024, 1:44:39 AM",3.573,77.4,100,0,2024-04-17T06:44:39.000Z
"4/17/2024, 1:49:39 AM",3.573,77.4,100,0,2024-04-17T06:49:39.000Z
"4/17/2024, 1:54:39 AM",3.573,77.2,100,0,2024-04-17T06:54:39.000Z
"4/17/2024, 1:59:39 AM",3.573,77.2,100,0,2024-04-17T06:59:39.000Z
"4/17/2024, 2:04:39 AM",3.573,77.2,100,0,2024-04-17T07:04:39.000Z
"4/17/2024, 2:09:39 AM",3.573,77.2,100,0,2024-04-17T07:09:39.000Z
"4/17/2024, 2:14:39 AM",3.573,77,100,0,2024-04-17T07:14:39.000Z
"4/17/2024, 2:19:39 AM",3.573,77,100,0,2024-04-17T07:19:39.000Z
"4/17/2024, 2:24:39 AM",3.573,77,100,0,2024-04-17T07:24:39.000Z
"4/17/2024, 2:29:39 AM",3.573,77,100,0,2024-04-17T07:29:39.000Z
"4/17/2024, 2:34:39 AM",3.573,77,100,0,2024-04-17T07:34:39.000Z
"4/17/2024, 2:39:39 AM",3.573,77,100,0,2024-04-17T07:39:39.000Z
"4/17/2024, 2:44:39 AM",3.573,77,100,0,2024-04-17T07:44:39.000Z
"4/17/2024, 2:49:39 AM",3.573,76.8,100,0,2024-04-17T07:49:39.000Z
"4/17/2024, 2:54:39 AM",3.574,76.5,100,0,2024-04-17T07:54:39.000Z
"4/17/2024, 2:59:39 AM",3.573,76.5,100,0,2024-04-17T07:59:39.000Z
"4/17/2024, 3:04:39 AM",3.573,76.3,100,0,2024-04-17T08:04:39.000Z
"4/17/2024, 3:09:39 AM",3.574,76.1,100,0,2024-04-17T08:09:39.000Z
"4/17/2024, 3:14:39 AM",3.573,76.1,100,0,2024-04-17T08:14:39.000Z
"4/17/2024, 3:19:39 AM",3.573,75.9,100,0,2024-04-17T08:19:39.000Z
"4/17/2024, 3:24:39 AM",3.573,75.7,100,0,2024-04-17T08:24:39.000Z
"4/17/2024, 3:29:39 AM",3.574,75.4,100,0,2024-04-17T08:29:39.000Z
"4/17/2024, 3:34:39 AM",3.574,75,100,0,2024-04-17T08:34:39.000Z
"4/17/2024, 3:39:39 AM",3.574,74.7,99.9,0,2024-04-17T08:39:39.000Z
"4/17/2024, 3:44:39 AM",3.573,74.3,99.8,0,2024-04-17T08:44:39.000Z
"4/17/2024, 3:49:39 AM",3.573,73.9,99.7,0,2024-04-17T08:49:39.000Z
"4/17/2024, 3:54:39 AM",3.573,73.8,99.7,0,2024-04-17T08:54:39.000Z
"4/17/2024, 3:59:39 AM",3.574,73.4,99.7,0,2024-04-17T08:59:39.000Z
"4/17/2024, 4:04:39 AM",3.573,73.2,99.7,0,2024-04-17T09:04:39.000Z
"4/17/2024, 4:09:39 AM",3.573,73,99.8,0,2024-04-17T09:09:39.000Z
"4/17/2024, 4:14:39 AM",3.573,73,99.9,0,2024-04-17T09:14:39.000Z
"4/17/2024, 4:19:39 AM",3.573,72.9,100,0,2024-04-17T09:19:39.000Z
"4/17/2024, 4:24:39 AM",3.573,72.9,100,0,2024-04-17T09:24:39.000Z
"4/17/2024, 4:29:39 AM",3.573,72.7,100,0,2024-04-17T09:29:39.000Z
"4/17/2024, 4:34:39 AM",3.573,72.7,100,0,2024-04-17T09:34:39.000Z
"4/17/2024, 4:39:39 AM",3.572,72.5,100,0,2024-04-17T09:39:39.000Z
"4/17/2024, 4:44:39 AM",3.572,72.5,100,0,2024-04-17T09:44:39.000Z
"4/17/2024, 4:49:39 AM",3.572,72.5,100,0,2024-04-17T09:49:39.000Z
"4/17/2024, 4:54:39 AM",3.572,72.3,100,0,2024-04-17T09:54:39.000Z
"4/17/2024, 4:59:39 AM",3.572,72.3,100,0,2024-04-17T09:59:39.000Z
"4/17/2024, 5:04:39 AM",3.572,72.3,100,0,2024-04-17T10:04:39.000Z
"4/17/2024, 5:09:39 AM",3.572,72.3,100,0,2024-04-17T10:09:39.000Z
"4/17/2024, 5:14:39 AM",3.573,72.3,100,0,2024-04-17T10:14:39.000Z
"4/17/2024, 5:19:39 AM",3.572,72.3,100,0,2024-04-17T10:19:39.000Z
"4/17/2024, 5:24:39 AM",3.572,72.3,100,0,2024-04-17T10:24:39.000Z
"4/17/2024, 5:29:39 AM",3.572,72.1,100,0,2024-04-17T10:29:39.000Z
"4/17/2024, 5:34:39 AM",3.572,72.1,100,0,2024-04-17T10:34:39.000Z
"4/17/2024, 5:39:39 AM",3.572,72,100,0,2024-04-17T10:39:39.000Z
"4/17/2024, 5:44:39 AM",3.572,72,100,0,2024-04-17T10:44:39.000Z
"4/17/2024, 5:49:39 AM",3.572,72,100,0,2024-04-17T10:49:39.000Z
"4/17/2024, 5:54:39 AM",3.572,72,100,0,2024-04-17T10:54:39.000Z
"4/17/2024, 5:59:39 AM",3.572,71.8,100,0,2024-04-17T10:59:39.000Z
"4/17/2024, 6:04:39 AM",3.572,71.8,100,0,2024-04-17T11:04:39.000Z
"4/17/2024, 6:09:39 AM",3.572,71.8,100,0,2024-04-17T11:09:39.000Z
"4/17/2024, 6:14:39 AM",3.572,71.8,100,0,2024-04-17T11:14:39.000Z
"4/17/2024, 6:19:39 AM",3.572,71.8,100,0,2024-04-17T11:19:39.000Z
"4/17/2024, 6:24:39 AM",3.572,71.8,100,0,2024-04-17T11:24:39.000Z
"4/17/2024, 6:29:39 AM",3.572,71.8,100,0,2024-04-17T11:29:39.000Z
"4/17/2024, 6:34:39 AM",3.572,71.8,100,0,2024-04-17T11:34:39.000Z
"4/17/2024, 6:39:39 AM",3.572,72,100,0,2024-04-17T11:39:39.000Z
"4/17/2024, 6:44:39 AM",3.572,72.1,100,0,2024-04-17T11:44:39.000Z
"4/17/2024, 6:49:39 AM",3.572,72.1,100,0,2024-04-17T11:49:39.000Z
"4/17/2024, 6:54:39 AM",3.572,72.3,100,0,2024-04-17T11:54:39.000Z
"4/17/2024, 6:59:39 AM",3.572,72.5,100,0,2024-04-17T11:59:39.000Z
"4/17/2024, 7:04:39 AM",3.572,72.7,100,0,2024-04-17T12:04:39.000Z
"4/17/2024, 7:09:39 AM",3.572,72.7,100,0,2024-04-17T12:09:39.000Z
"4/17/2024, 7:14:39 AM",3.572,72.7,100,0,2024-04-17T12:14:39.000Z
"4/17/2024, 7:19:39 AM",3.572,72.7,100,0,2024-04-17T12:19:39.000Z
"4/17/2024, 7:24:39 AM",3.572,72.7,100,0,2024-04-17T12:24:39.000Z
"4/17/2024, 7:29:39 AM",3.572,72.7,100,0,2024-04-17T12:29:39.000Z
"4/17/2024, 7:34:39 AM",3.572,72.7,100,0,2024-04-17T12:34:39.000Z
"4/17/2024, 7:39:39 AM",3.572,72.9,100,0,2024-04-17T12:39:39.000Z
"4/17/2024, 7:44:39 AM",3.572,72.9,100,0,2024-04-17T12:44:39.000Z
"4/17/2024, 7:49:39 AM",3.571,73,100,0,2024-04-17T12:49:39.000Z
"4/17/2024, 7:54:39 AM",3.571,73,100,0,2024-04-17T12:54:39.000Z
"4/17/2024, 7:59:39 AM",3.571,73.2,100,0,2024-04-17T12:59:39.000Z
"4/17/2024, 8:04:39 AM",3.571,73.2,100,0,2024-04-17T13:04:39.000Z
"4/17/2024, 8:09:39 AM",3.571,73.4,100,0,2024-04-17T13:09:39.000Z
"4/17/2024, 8:14:39 AM",3.572,73.4,100,0,2024-04-17T13:14:39.000Z
"4/17/2024, 8:19:39 AM",3.571,73.6,100,0,2024-04-17T13:19:39.000Z
"4/17/2024, 8:24:39 AM",3.571,73.6,100,0,2024-04-17T13:24:39.000Z
"4/17/2024, 8:29:39 AM",3.571,73.6,100,0,2024-04-17T13:29:39.000Z
"4/17/2024, 8:34:39 AM",3.571,73.8,100,0,2024-04-17T13:34:39.000Z
"4/17/2024, 8:39:39 AM",3.571,73.9,100,0,2024-04-17T13:39:39.000Z
"4/17/2024, 8:44:39 AM",3.571,74.3,100,0,2024-04-17T13:44:39.000Z
"4/17/2024, 8:49:39 AM",3.571,74.7,100,0,2024-04-17T13:49:39.000Z
"4/17/2024, 8:54:39 AM",3.571,74.8,100,0,2024-04-17T13:54:39.000Z
"4/17/2024, 8:59:39 AM",3.571,75.2,100,0,2024-04-17T13:59:39.000Z
"4/17/2024, 9:04:39 AM",3.571,75.4,100,0,2024-04-17T14:04:39.000Z
"4/17/2024, 9:09:39 AM",3.57,75.7,100,0,2024-04-17T14:09:39.000Z
"4/17/2024, 9:14:39 AM",3.57,75.7,100,0,2024-04-17T14:14:39.000Z
"4/17/2024, 9:19:39 AM",3.57,75.7,100,0,2024-04-17T14:19:39.000Z
"4/17/2024, 9:24:39 AM",3.57,75.9,100,0,2024-04-17T14:24:39.000Z
"4/17/2024, 9:29:39 AM",3.57,76.1,100,0,2024-04-17T14:29:39.000Z
"4/17/2024, 9:34:39 AM",3.57,76.3,100,0,2024-04-17T14:34:39.000Z
"4/17/2024, 9:39:39 AM",3.57,76.5,100,0,2024-04-17T14:39:39.000Z
"4/17/2024, 9:44:39 AM",3.57,77,100,0,2024-04-17T14:44:39.000Z
"4/17/2024, 9:49:39 AM",3.569,77.5,100,0,2024-04-17T14:49:39.000Z
"4/17/2024, 9:54:39 AM",3.569,78.3,100,0,2024-04-17T14:54:39.000Z
"4/17/2024, 9:59:39 AM",3.568,78.8,100,0,2024-04-17T14:59:39.000Z
"4/17/2024, 10:04:39 AM",3.568,79.3,100,0,2024-04-17T15:04:39.000Z
"4/17/2024, 10:09:39 AM",3.568,79.9,100,0,2024-04-17T15:09:39.000Z
"4/17/2024, 10:14:39 AM",3.568,80.1,100,0,2024-04-17T15:14:39.000Z
"4/17/2024, 10:19:39 AM",3.568,80.2,100,0,2024-04-17T15:19:39.000Z
"4/17/2024, 10:24:39 AM",3.568,80.6,100,0,2024-04-17T15:24:39.000Z
"4/17/2024, 10:29:39 AM",3.568,80.8,100,0,2024-04-17T15:29:39.000Z
"4/17/2024, 10:34:39 AM",3.567,80.8,100,0,2024-04-17T15:34:39.000Z
"4/17/2024, 10:39:39 AM",3.567,81,100,0,2024-04-17T15:39:39.000Z
"4/17/2024, 10:44:39 AM",3.568,81,100,0,2024-04-17T15:44:39.000Z
"4/17/2024, 10:49:39 AM",3.567,81.1,100,0,2024-04-17T15:49:39.000Z
"4/17/2024, 10:54:39 AM",3.568,81.1,100,0,2024-04-17T15:54:39.000Z
"4/17/2024, 10:59:39 AM",3.568,81.1,100,0,2024-04-17T15:59:39.000Z
"4/17/2024, 11:04:39 AM",3.568,81,100,0,2024-04-17T16:04:39.000Z
"4/17/2024, 11:09:39 AM",3.568,81,100,0,2024-04-17T16:09:39.000Z
"4/17/2024, 11:14:39 AM",3.568,81,100,0,2024-04-17T16:14:39.000Z
"4/17/2024, 11:19:39 AM",3.568,81.1,100,0,2024-04-17T16:19:39.000Z
"4/17/2024, 11:24:39 AM",3.568,81.9,100,0,2024-04-17T16:24:39.000Z
"4/17/2024, 11:29:39 AM",3.568,82.6,100,0,2024-04-17T16:29:39.000Z
"4/17/2024, 11:34:39 AM",3.568,83.1,100,0,2024-04-17T16:34:39.000Z
"4/17/2024, 11:39:39 AM",3.568,83.7,100,0,2024-04-17T16:39:39.000Z
"4/17/2024, 11:44:39 AM",3.568,84.4,100,0,2024-04-17T16:44:39.000Z
"4/17/2024, 11:49:39 AM",3.568,85.1,100,0,2024-04-17T16:49:39.000Z
"4/17/2024, 11:54:39 AM",3.567,85.1,100,0,2024-04-17T16:54:39.000Z
"4/17/2024, 11:59:39 AM",3.567,85.1,100,0,2024-04-17T16:59:39.000Z
"4/17/2024, 12:04:39 PM",3.567,84.9,100,0,2024-04-17T17:04:39.000Z
"4/17/2024, 12:09:39 PM",3.567,84.6,100,0,2024-04-17T17:09:39.000Z
"4/17/2024, 12:14:39 PM",3.567,84.6,100,0,2024-04-17T17:14:39.000Z
"4/17/2024, 12:19:39 PM",3.567,84.6,100,0,2024-04-17T17:19:39.000Z
"4/17/2024, 12:24:39 PM",3.568,84.7,100,0,2024-04-17T17:24:39.000Z
"4/17/2024, 12:29:39 PM",3.567,85.1,100,0,2024-04-17T17:29:39.000Z
"4/17/2024, 12:34:39 PM",3.568,85.6,100,0,2024-04-17T17:34:39.000Z
"4/17/2024, 12:39:39 PM",3.567,85.5,100,0,2024-04-17T17:39:39.000Z
"4/17/2024, 12:44:39 PM",3.567,85.1,100,0,2024-04-17T17:44:39.000Z
"4/17/2024, 12:49:39 PM",3.568,85.3,100,0,2024-04-17T17:49:39.000Z
"4/17/2024, 12:54:39 PM",3.568,85.6,100,0,2024-04-17T17:54:39.000Z
"4/17/2024, 12:59:39 PM",3.568,85.5,100,0,2024-04-17T17:59:39.000Z
"4/17/2024, 1:04:39 PM",3.567,85.1,100,0,2024-04-17T18:04:39.000Z
"4/17/2024, 1:09:39 PM",3.568,84.6,100,0,2024-04-17T18:09:39.000Z
"4/17/2024, 1:14:39 PM",3.568,84,100,0,2024-04-17T18:14:39.000Z
"4/17/2024, 1:19:39 PM",3.568,84,100,0,2024-04-17T18:19:39.000Z
"4/17/2024, 1:24:39 PM",3.568,84.7,100,0,2024-04-17T18:24:39.000Z
"4/17/2024, 1:29:39 PM",3.569,85.1,100,0,2024-04-17T18:29:39.000Z
"4/17/2024, 1:34:39 PM",3.568,85.8,100,0,2024-04-17T18:34:39.000Z
"4/17/2024, 1:39:39 PM",3.568,86.2,100,0,2024-04-17T18:39:39.000Z
"4/17/2024, 1:44:39 PM",3.568,86.4,99.7,0,2024-04-17T18:44:39.000Z
"4/17/2024, 1:49:39 PM",3.567,86.7,99.1,0,2024-04-17T18:49:39.000Z
"4/17/2024, 1:54:39 PM",3.567,86.7,98.6,0,2024-04-17T18:54:39.000Z
"4/17/2024, 1:59:39 PM",3.568,86.7,98.2,0,2024-04-17T18:59:39.000Z
"4/17/2024, 2:04:39 PM",3.568,86.5,97.7,0,2024-04-17T19:04:39.000Z
"4/17/2024, 2:09:39 PM",3.568,86.2,97.2,0,2024-04-17T19:09:39.000Z
"4/17/2024, 2:14:39 PM",3.568,85.8,96.8,0,2024-04-17T19:14:39.000Z
"4/17/2024, 2:19:39 PM",3.568,85.6,96.5,0,2024-04-17T19:19:39.000Z
"4/17/2024, 2:24:39 PM",3.568,85.3,96.1,0,2024-04-17T19:24:39.000Z
"4/17/2024, 2:29:39 PM",3.568,85.1,96,0,2024-04-17T19:29:39.000Z
"4/17/2024, 2:34:39 PM",3.568,85.3,96,0,2024-04-17T19:34:39.000Z
"4/17/2024, 2:39:39 PM",3.568,85.3,96,0,2024-04-17T19:39:39.000Z
"4/17/2024, 2:44:39 PM",3.569,85.6,96.1,0,2024-04-17T19:44:39.000Z
"4/17/2024, 2:49:39 PM",3.568,85.8,96.2,0,2024-04-17T19:49:39.000Z
"4/17/2024, 2:54:39 PM",3.568,85.8,96.2,0,2024-04-17T19:54:39.000Z
"4/17/2024, 2:59:39 PM",3.568,85.8,96.2,0,2024-04-17T19:59:39.000Z
"4/17/2024, 3:04:39 PM",3.568,85.5,96,0,2024-04-17T20:04:39.000Z
"4/17/2024, 3:09:39 PM",3.568,85.3,95.8,0,2024-04-17T20:09:39.000Z
"4/17/2024, 3:14:39 PM",3.568,85.5,95.7,0,2024-04-17T20:14:39.000Z
"4/17/2024, 3:19:39 PM",3.568,85.6,95.7,0,2024-04-17T20:19:39.000Z
"4/17/2024, 3:24:39 PM",3.568,86,95.6,0,2024-04-17T20:24:39.000Z
"4/17/2024, 3:29:39 PM",3.568,86,95.5,0,2024-04-17T20:29:39.000Z
"4/17/2024, 3:34:39 PM",3.568,86.5,95.4,0,2024-04-17T20:34:39.000Z
"4/17/2024, 3:39:39 PM",3.568,87.3,95.1,0,2024-04-17T20:39:39.000Z
"4/17/2024, 3:44:39 PM",3.568,87.8,94.6,0,2024-04-17T20:44:39.000Z
"4/17/2024, 3:49:39 PM",3.568,87.8,94,0,2024-04-17T20:49:39.000Z
"4/17/2024, 3:54:39 PM",3.567,87.6,93.4,0,2024-04-17T20:54:39.000Z
"4/17/2024, 3:59:39 PM",3.568,87.3,92.7,0,2024-04-17T20:59:39.000Z
"4/17/2024, 4:04:39 PM",3.568,86.9,92.2,0,2024-04-17T21:04:39.000Z
"4/17/2024, 4:09:39 PM",3.568,86.7,91.6,0,2024-04-17T21:09:39.000Z
"4/17/2024, 4:14:39 PM",3.568,87.1,91.1,0,2024-04-17T21:14:39.000Z
"4/17/2024, 4:19:39 PM",3.568,87.6,90.5,0,2024-04-17T21:19:39.000Z
"4/17/2024, 4:24:39 PM",3.568,87.6,90.1,0,2024-04-17T21:24:39.000Z
"4/17/2024, 4:29:39 PM",3.567,87.3,89.9,0,2024-04-17T21:29:39.000Z
"4/17/2024, 4:34:39 PM",3.568,87.8,89.7,0,2024-04-17T21:34:39.000Z
"4/17/2024, 4:39:39 PM",3.568,88.5,89.4,0,2024-04-17T21:39:39.000Z
"4/17/2024, 4:44:39 PM",3.567,88.7,89,0,2024-04-17T21:44:39.000Z
"4/17/2024, 4:49:39 PM",3.568,88.9,88.8,0,2024-04-17T21:49:39.000Z
"4/17/2024, 4:54:39 PM",3.567,88.3,88.6,0,2024-04-17T21:54:39.000Z
"4/17/2024, 4:59:39 PM",3.568,88,88.4,0,2024-04-17T21:59:39.000Z
"4/17/2024, 5:04:39 PM",3.567,87.6,88.1,0,2024-04-17T22:04:39.000Z
"4/17/2024, 5:09:39 PM",3.567,86.9,88,0,2024-04-17T22:09:39.000Z
"4/17/2024, 5:14:39 PM",3.568,86.9,88.2,0,2024-04-17T22:14:39.000Z
"4/17/2024, 5:19:39 PM",3.568,87.1,88.2,0,2024-04-17T22:19:39.000Z
"4/17/2024, 5:24:39 PM",3.568,86.7,88.3,0,2024-04-17T22:24:39.000Z
"4/17/2024, 5:29:39 PM",3.568,86.2,88.4,0,2024-04-17T22:29:39.000Z
"4/17/2024, 5:34:39 PM",3.568,85.6,88.5,0,2024-04-17T22:34:39.000Z
"4/17/2024, 5:39:39 PM",3.568,85.3,88.6,0,2024-04-17T22:39:39.000Z
"4/17/2024, 5:44:39 PM",3.569,84.9,88.8,0,2024-04-17T22:44:39.000Z
"4/17/2024, 5:49:39 PM",3.569,84.6,88.9,0,2024-04-17T22:49:39.000Z
"4/17/2024, 5:54:39 PM",3.569,84.2,89.1,0,2024-04-17T22:54:39.000Z
"4/17/2024, 5:59:39 PM",3.569,84,89.2,0,2024-04-17T22:59:39.000Z
"4/17/2024, 6:04:39 PM",3.569,83.8,89.5,0,2024-04-17T23:04:39.000Z
"4/17/2024, 6:09:39 PM",3.569,83.5,89.7,0,2024-04-17T23:09:39.000Z
"4/17/2024, 6:14:39 PM",3.569,83.1,89.9,0,2024-04-17T23:14:39.000Z
"4/17/2024, 6:19:39 PM",3.569,82.6,90.1,0,2024-04-17T23:19:39.000Z
"4/17/2024, 6:24:39 PM",3.57,82.2,90.1,0,2024-04-17T23:24:39.000Z
"4/17/2024, 6:29:39 PM",3.57,81.9,90.3,0,2024-04-17T23:29:39.000Z
"4/17/2024, 6:34:39 PM",3.57,81.3,90.5,0,2024-04-17T23:34:39.000Z
"4/17/2024, 6:39:39 PM",3.57,81,90.7,0,2024-04-17T23:39:39.000Z
"4/17/2024, 6:44:39 PM",3.57,80.4,91,0,2024-04-17T23:44:39.000Z
"4/17/2024, 6:49:39 PM",3.57,80.1,91.3,0,2024-04-17T23:49:39.000Z
"4/17/2024, 6:54:39 PM",3.57,79.5,91.8,0,2024-04-17T23:54:39.000Z
"4/17/2024, 6:59:39 PM",3.57,79.2,92.1,0,2024-04-17T23:59:39.000Z
"4/17/2024, 7:04:39 PM",3.571,78.8,92.4,0,2024-04-18T00:04:39.000Z
"4/17/2024, 7:09:39 PM",3.57,78.4,92.7,0,2024-04-18T00:09:39.000Z
"4/17/2024, 7:14:39 PM",3.57,78.3,93,0,2024-04-18T00:14:39.000Z
"4/17/2024, 7:19:39 PM",3.57,77.9,93.3,0,2024-04-18T00:19:39.000Z
"4/17/2024, 7:24:39 PM",3.57,77.7,93.6,0,2024-04-18T00:24:39.000Z
"4/17/2024, 7:29:39 PM",3.57,77.5,94,0,2024-04-18T00:29:39.000Z
"4/17/2024, 7:34:39 PM",3.571,77.4,94.2,0,2024-04-18T00:34:39.000Z
"4/17/2024, 7:39:39 PM",3.571,77.2,94.5,0,2024-04-18T00:39:39.000Z
"4/17/2024, 7:44:39 PM",3.57,76.8,94.7,0,2024-04-18T00:44:39.000Z
"4/17/2024, 7:49:39 PM",3.571,76.6,94.9,0,2024-04-18T00:49:39.000Z
"4/17/2024, 7:54:39 PM",3.57,76.5,95.2,0,2024-04-18T00:54:39.000Z
"4/17/2024, 7:59:39 PM",3.57,76.3,95.4,0,2024-04-18T00:59:39.000Z
"4/17/2024, 8:04:39 PM",3.571,76.1,95.6,0,2024-04-18T01:04:39.000Z
"4/17/2024, 8:09:39 PM",3.571,75.9,95.8,0,2024-04-18T01:09:39.000Z
"4/17/2024, 8:14:39 PM",3.571,75.7,96.1,0,2024-04-18T01:14:39.000Z
"4/17/2024, 8:19:39 PM",3.571,75.7,96.3,0,2024-04-18T01:19:39.000Z
"4/17/2024, 8:24:39 PM",3.571,75.6,96.5,0,2024-04-18T01:24:39.000Z
"4/17/2024, 8:29:39 PM",3.571,75.4,96.8,0,2024-04-18T01:29:39.000Z
"4/17/2024, 8:34:39 PM",3.571,75.2,97,0,2024-04-18T01:34:39.000Z
"4/17/2024, 8:39:39 PM",3.571,75,97.2,0,2024-04-18T01:39:39.000Z
"4/17/2024, 8:44:39 PM",3.571,74.8,97.4,0,2024-04-18T01:44:39.000Z
"4/17/2024, 8:49:39 PM",3.571,74.7,97.6,0,2024-04-18T01:49:39.000Z
"4/17/2024, 8:54:39 PM",3.571,74.7,97.8,0,2024-04-18T01:54:39.000Z
"4/17/2024, 8:59:39 PM",3.571,74.5,98,0,2024-04-18T01:59:39.000Z
"4/17/2024, 9:04:39 PM",3.571,74.5,98.2,0,2024-04-18T02:04:39.000Z
"4/17/2024, 9:09:39 PM",3.571,74.5,98.4,0,2024-04-18T02:09:39.000Z
"4/17/2024, 9:14:39 PM",3.571,74.3,98.6,0,2024-04-18T02:14:39.000Z
"4/17/2024, 9:19:39 PM",3.571,74.3,98.8,0,2024-04-18T02:19:39.000Z
"4/17/2024, 9:24:39 PM",3.571,74.3,99,0,2024-04-18T02:24:39.000Z
"4/17/2024, 9:29:39 PM",3.571,74.3,99.2,0,2024-04-18T02:29:39.000Z
"4/17/2024, 9:34:39 PM",3.571,74.3,99.4,0,2024-04-18T02:34:39.000Z
"4/17/2024, 9:39:39 PM",3.571,74.3,99.6,0,2024-04-18T02:39:39.000Z
"4/17/2024, 9:44:39 PM",3.571,74.3,99.8,0,2024-04-18T02:44:39.000Z
"4/17/2024, 9:49:39 PM",3.571,74.5,99.9,0,2024-04-18T02:49:39.000Z
"4/17/2024, 9:54:39 PM",3.57,74.5,100,0,2024-04-18T02:54:39.000Z
"4/17/2024, 9:59:39 PM",3.57,74.5,100,0,2024-04-18T02:59:39.000Z
"4/17/2024, 10:04:39 PM",3.57,74.5,100,0,2024-04-18T03:04:39.000Z
"4/17/2024, 10:09:39 PM",3.571,74.3,100,0,2024-04-18T03:09:39.000Z
"4/17/2024, 10:14:39 PM",3.57,74.3,100,0,2024-04-18T03:14:39.000Z
"4/17/2024, 10:19:39 PM",3.57,74.3,100,0,2024-04-18T03:19:39.000Z
"4/17/2024, 10:24:39 PM",3.571,74.1,100,0,2024-04-18T03:24:39.000Z
"4/17/2024, 10:29:39 PM",3.57,74.1,100,0,2024-04-18T03:29:39.000Z
"4/17/2024, 10:34:39 PM",3.57,73.9,100,0,2024-04-18T03:34:39.000Z
"4/17/2024, 10:39:39 PM",3.57,73.9,100,0,2024-04-18T03:39:39.000Z
"4/17/2024, 10:44:39 PM",3.57,73.8,100,0,2024-04-18T03:44:39.000Z
"4/17/2024, 10:49:39 PM",3.57,73.4,100,0,2024-04-18T03:49:39.000Z
"4/17/2024, 10:54:39 PM",3.57,73.2,100,0,2024-04-18T03:54:39.000Z
"4/17/2024, 10:59:39 PM",3.57,73,100,0,2024-04-18T03:59:39.000Z
"4/17/2024, 11:04:39 PM",3.57,72.9,100,0,2024-04-18T04:04:39.000Z
"4/17/2024, 11:09:39 PM",3.57,72.7,100,0,2024-04-18T04:09:39.000Z
"4/17/2024, 11:14:39 PM",3.57,72.5,100,0,2024-04-18T04:14:39.000Z
"4/17/2024, 11:19:39 PM",3.57,72.3,100,0,2024-04-18T04:19:39.000Z
"4/17/2024, 11:24:39 PM",3.57,72.1,100,0,2024-04-18T04:24:39.000Z
"4/17/2024, 11:29:39 PM",3.57,72,100,0,2024-04-18T04:29:39.000Z
"4/17/2024, 11:34:39 PM",3.57,71.8,100,0,2024-04-18T04:34:39.000Z
"4/17/2024, 11:39:39 PM",3.571,71.6,100,0,2024-04-18T04:39:39.000Z
"4/17/2024, 11:44:39 PM",3.57,71.4,100,0,2024-04-18T04:44:39.000Z
"4/17/2024, 11:49:39 PM",3.571,71.4,100,0,2024-04-18T04:49:39.000Z
"4/17/2024, 11:54:39 PM",3.57,71.2,100,0,2024-04-18T04:54:39.000Z
"4/17/2024, 11:59:39 PM",3.57,71.1,100,0,2024-04-18T04:59:39.000Z
"4/18/2024, 12:04:39 AM",3.57,70.9,100,0,2024-04-18T05:04:39.000Z
"4/18/2024, 12:09:39 AM",3.57,70.9,100,0,2024-04-18T05:09:39.000Z
"4/18/2024, 12:14:39 AM",3.57,70.7,100,0,2024-04-18T05:14:39.000Z
"4/18/2024, 12:19:39 AM",3.57,70.5,100,0,2024-04-18T05:19:39.000Z
"4/18/2024, 12:24:39 AM",3.571,70.3,100,0,2024-04-18T05:24:39.000Z
"4/18/2024, 12:29:39 AM",3.57,70.2,100,0,2024-04-18T05:29:39.000Z
"4/18/2024, 12:34:39 AM",3.57,70.2,100,0,2024-04-18T05:34:39.000Z
"4/18/2024, 12:39:39 AM",3.57,70,100,0,2024-04-18T05:39:39.000Z
"4/18/2024, 12:44:39 AM",3.57,69.8,100,0,2024-04-18T05:44:39.000Z
"4/18/2024, 12:49:39 AM",3.571,69.6,100,0,2024-04-18T05:49:39.000Z
"4/18/2024, 12:54:39 AM",3.571,69.4,100,0,2024-04-18T05:54:39.000Z
"4/18/2024, 12:59:39 AM",3.571,69.4,100,0,2024-04-18T05:59:39.000Z
"4/18/2024, 1:04:39 AM",3.571,69.3,100,0,2024-04-18T06:04:39.000Z
"4/18/2024, 1:09:39 AM",3.572,69.1,100,0,2024-04-18T06:09:39.000Z
"4/18/2024, 1:14:39 AM",3.571,69.1,100,0,2024-04-18T06:14:39.000Z
"4/18/2024, 1:19:39 AM",3.571,69.1,100,0,2024-04-18T06:19:39.000Z
"4/18/2024, 1:24:39 AM",3.571,68.9,100,0,2024-04-18T06:24:39.000Z
"4/18/2024, 1:29:39 AM",3.571,68.9,100,0,2024-04-18T06:29:39.000Z
"4/18/2024, 1:34:39 AM",3.571,68.7,100,0,2024-04-18T06:34:39.000Z
"4/18/2024, 1:39:39 AM",3.571,68.7,100,0,2024-04-18T06:39:39.000Z
"4/18/2024, 1:44:39 AM",3.571,68.5,100,0,2024-04-18T06:44:39.000Z
"4/18/2024, 1:49:39 AM",3.571,68.4,100,0,2024-04-18T06:49:39.000Z
"4/18/2024, 1:54:39 AM",3.571,68.4,100,0,2024-04-18T06:54:39.000Z
"4/18/2024, 1:59:39 AM",3.571,68.2,100,0,2024-04-18T06:59:39.000Z
"4/18/2024, 2:04:39 AM",3.571,68.2,100,0,2024-04-18T07:04:39.000Z
"4/18/2024, 2:09:39 AM",3.571,68,100,0,2024-04-18T07:09:39.000Z
"4/18/2024, 2:14:39 AM",3.571,67.8,100,0,2024-04-18T07:14:39.000Z
"4/18/2024, 2:19:39 AM",3.571,67.8,100,0,2024-04-18T07:19:39.000Z
"4/18/2024, 2:24:39 AM",3.571,67.8,100,0,2024-04-18T07:24:39.000Z
"4/18/2024, 2:29:39 AM",3.57,67.8,100,0,2024-04-18T07:29:39.000Z
"4/18/2024, 2:34:39 AM",3.57,67.6,100,0,2024-04-18T07:34:39.000Z
"4/18/2024, 2:39:39 AM",3.57,67.6,100,0,2024-04-18T07:39:39.000Z
"4/18/2024, 2:44:39 AM",3.57,67.5,100,0,2024-04-18T07:44:39.000Z
"4/18/2024, 2:49:39 AM",3.57,67.5,100,0,2024-04-18T07:49:39.000Z
"4/18/2024, 2:54:39 AM",3.57,67.3,100,0,2024-04-18T07:54:39.000Z
"4/18/2024, 2:59:39 AM",3.57,67.3,100,0,2024-04-18T07:59:39.000Z
"4/18/2024, 3:04:39 AM",3.57,67.3,100,0,2024-04-18T08:04:39.000Z
"4/18/2024, 3:09:39 AM",3.57,67.3,100,0,2024-04-18T08:09:39.000Z
"4/18/2024, 3:14:39 AM",3.57,67.3,100,0,2024-04-18T08:14:39.000Z
"4/18/2024, 3:19:39 AM",3.57,67.3,100,0,2024-04-18T08:19:39.000Z
"4/18/2024, 3:24:39 AM",3.57,67.3,100,0,2024-04-18T08:24:39.000Z
"4/18/2024, 3:29:39 AM",3.569,67.1,100,0,2024-04-18T08:29:39.000Z
"4/18/2024, 3:34:39 AM",3.57,67.1,100,0,2024-04-18T08:34:39.000Z
"4/18/2024, 3:39:39 AM",3.57,66.9,100,0,2024-04-18T08:39:39.000Z
"4/18/2024, 3:44:39 AM",3.569,66.9,100,0,2024-04-18T08:44:39.000Z
"4/18/2024, 3:49:39 AM",3.569,66.7,100,0,2024-04-18T08:49:39.000Z
"4/18/2024, 3:54:39 AM",3.569,66.6,100,0,2024-04-18T08:54:39.000Z
"4/18/2024, 3:59:39 AM",3.569,66.6,100,0,2024-04-18T08:59:39.000Z
"4/18/2024, 4:04:39 AM",3.569,66.4,100,0,2024-04-18T09:04:39.000Z
"4/18/2024, 4:09:39 AM",3.569,66.4,100,0,2024-04-18T09:09:39.000Z
"4/18/2024, 4:14:39 AM",3.569,66.2,100,0,2024-04-18T09:14:39.000Z
"4/18/2024, 4:19:39 AM",3.569,66.2,100,0,2024-04-18T09:19:39.000Z
"4/18/2024, 4:24:39 AM",3.569,66.2,100,0,2024-04-18T09:24:39.000Z
"4/18/2024, 4:29:39 AM",3.569,66.2,100,0,2024-04-18T09:29:39.000Z
"4/18/2024, 4:34:39 AM",3.569,66.2,100,0,2024-04-18T09:34:39.000Z
"4/18/2024, 4:39:39 AM",3.569,66.2,100,0,2024-04-18T09:39:39.000Z
"4/18/2024, 4:44:39 AM",3.568,66,100,0,2024-04-18T09:44:39.000Z
"4/18/2024, 4:49:39 AM",3.569,66,100,0,2024-04-18T09:49:39.000Z
"4/18/2024, 4:54:39 AM",3.569,66,100,0,2024-04-18T09:54:39.000Z
"4/18/2024, 4:59:39 AM",3.568,66,100,0,2024-04-18T09:59:39.000Z
"4/18/2024, 5:04:39 AM",3.568,66,100,0,2024-04-18T10:04:39.000Z
"4/18/2024, 5:09:39 AM",3.568,65.8,100,0,2024-04-18T10:09:39.000Z
"4/18/2024, 5:14:39 AM",3.568,65.8,100,0,2024-04-18T10:14:39.000Z
"4/18/2024, 5:19:39 AM",3.568,65.8,100,0,2024-04-18T10:19:39.000Z
"4/18/2024, 5:24:39 AM",3.568,65.8,100,0,2024-04-18T10:24:39.000Z
"4/18/2024, 5:29:39 AM",3.568,65.8,100,0,2024-04-18T10:29:39.000Z
"4/18/2024, 5:34:39 AM",3.568,65.8,100,0,2024-04-18T10:34:39.000Z
"4/18/2024, 5:39:39 AM",3.568,65.8,100,0,2024-04-18T10:39:39.000Z
"4/18/2024, 5:44:39 AM",3.568,65.7,100,0,2024-04-18T10:44:39.000Z
"4/18/2024, 5:49:39 AM",3.568,65.8,100,0,2024-04-18T10:49:39.000Z
"4/18/2024, 5:54:39 AM",3.568,65.8,100,0,2024-04-18T10:54:39.000Z
"4/18/2024, 5:59:39 AM",3.568,65.8,100,0,2024-04-18T10:59:39.000Z
"4/18/2024, 6:04:39 AM",3.568,65.8,100,0,2024-04-18T11:04:39.000Z
"4/18/2024, 6:09:39 AM",3.568,66,100,0,2024-04-18T11:09:39.000Z
"4/18/2024, 6:14:39 AM",3.568,66,100,0,2024-04-18T11:14:39.000Z
"4/18/2024, 6:19:39 AM",3.568,66.4,100,0,2024-04-18T11:19:39.000Z
"4/18/2024, 6:24:39 AM",3.568,66.6,100,0,2024-04-18T11:24:39.000Z
"4/18/2024, 6:29:39 AM",3.567,66.7,100,0,2024-04-18T11:29:39.000Z
"4/18/2024, 6:34:39 AM",3.568,67.1,100,0,2024-04-18T11:34:39.000Z
"4/18/2024, 6:39:39 AM",3.567,67.3,100,0,2024-04-18T11:39:39.000Z
"4/18/2024, 6:44:39 AM",3.568,67.6,100,0,2024-04-18T11:44:39.000Z
"4/18/2024, 6:49:39 AM",3.568,67.8,100,0,2024-04-18T11:49:39.000Z
"4/18/2024, 6:54:39 AM",3.567,68.2,100,0,2024-04-18T11:54:39.000Z
"4/18/2024, 6:59:39 AM",3.568,68.4,100,0,2024-04-18T11:59:39.000Z
"4/18/2024, 7:04:39 AM",3.567,68.5,100,0,2024-04-18T12:04:39.000Z
"4/18/2024, 7:09:39 AM",3.567,68.9,100,0,2024-04-18T12:09:39.000Z
"4/18/2024, 7:14:39 AM",3.568,69.1,100,0,2024-04-18T12:14:39.000Z
"4/18/2024, 7:19:39 AM",3.567,69.4,100,0,2024-04-18T12:19:39.000Z
"4/18/2024, 7:24:39 AM",3.568,69.6,100,0,2024-04-18T12:24:39.000Z
"4/18/2024, 7:29:39 AM",3.567,70,100,0,2024-04-18T12:29:39.000Z
"4/18/2024, 7:34:39 AM",3.567,70.2,100,0,2024-04-18T12:34:39.000Z
"4/18/2024, 7:39:39 AM",3.567,70.5,100,0,2024-04-18T12:39:39.000Z
"4/18/2024, 7:44:39 AM",3.567,70.9,100,0,2024-04-18T12:44:39.000Z
"4/18/2024, 7:49:39 AM",3.567,71.1,100,0,2024-04-18T12:49:39.000Z
"4/18/2024, 7:54:39 AM",3.567,71.4,100,0,2024-04-18T12:54:39.000Z
"4/18/2024, 7:59:39 AM",3.567,71.8,100,0,2024-04-18T12:59:39.000Z
"4/18/2024, 8:04:39 AM",3.567,72.1,100,0,2024-04-18T13:04:39.000Z
"4/18/2024, 8:09:39 AM",3.567,72.5,100,0,2024-04-18T13:09:39.000Z
"4/18/2024, 8:14:39 AM",3.567,72.9,100,0,2024-04-18T13:14:39.000Z
"4/18/2024, 8:19:39 AM",3.567,73.2,100,0,2024-04-18T13:19:39.000Z
"4/18/2024, 8:24:39 AM",3.567,73.6,100,0,2024-04-18T13:24:39.000Z
"4/18/2024, 8:29:39 AM",3.567,74.1,100,0,2024-04-18T13:29:39.000Z
"4/18/2024, 8:34:39 AM",3.566,74.5,100,0,2024-04-18T13:34:39.000Z
"4/18/2024, 8:39:39 AM",3.567,74.8,100,0,2024-04-18T13:39:39.000Z
"4/18/2024, 8:44:39 AM",3.566,75.4,100,0,2024-04-18T13:44:39.000Z
"4/18/2024, 8:49:39 AM",3.566,75.9,100,0,2024-04-18T13:49:39.000Z
"4/18/2024, 8:54:39 AM",3.566,76.5,100,0,2024-04-18T13:54:39.000Z
"4/18/2024, 8:59:39 AM",3.566,77,100,0,2024-04-18T13:59:39.000Z
"4/18/2024, 9:04:39 AM",3.566,77.4,100,0,2024-04-18T14:04:39.000Z
"4/18/2024, 9:09:39 AM",3.566,77.7,100,0,2024-04-18T14:09:39.000Z
"4/18/2024, 9:14:39 AM",3.566,78.3,100,0,2024-04-18T14:14:39.000Z
"4/18/2024, 9:19:39 AM",3.565,78.4,100,0,2024-04-18T14:19:39.000Z
"4/18/2024, 9:24:39 AM",3.566,79,100,0,2024-04-18T14:24:39.000Z
"4/18/2024, 9:29:39 AM",3.566,79.5,100,0,2024-04-18T14:29:39.000Z
"4/18/2024, 9:34:39 AM",3.566,79.9,100,0,2024-04-18T14:34:39.000Z
"4/18/2024, 9:39:39 AM",3.566,80.6,100,0,2024-04-18T14:39:39.000Z
"4/18/2024, 9:44:39 AM",3.566,81,100,0,2024-04-18T14:44:39.000Z
"4/18/2024, 9:49:39 AM",3.566,81.5,100,0,2024-04-18T14:49:39.000Z
"4/18/2024, 9:54:39 AM",3.565,81.9,100,0,2024-04-18T14:54:39.000Z
"4/18/2024, 9:59:39 AM",3.565,82.4,100,0,2024-04-18T14:59:39.000Z
"4/18/2024, 10:04:39 AM",3.565,82.8,100,0,2024-04-18T15:04:39.000Z
"4/18/2024, 10:09:39 AM",3.565,83.3,100,0,2024-04-18T15:09:39.000Z
"4/18/2024, 10:14:39 AM",3.565,83.8,100,0,2024-04-18T15:14:39.000Z
"4/18/2024, 10:19:39 AM",3.565,84,100,0,2024-04-18T15:19:39.000Z
"4/18/2024, 10:24:39 AM",3.565,84.2,100,0,2024-04-18T15:24:39.000Z
"4/18/2024, 10:29:39 AM",3.565,84.4,100,0,2024-04-18T15:29:39.000Z
"4/18/2024, 10:34:39 AM",3.565,84.6,100,0,2024-04-18T15:34:39.000Z
"4/18/2024, 10:39:39 AM",3.565,84.9,100,0,2024-04-18T15:39:39.000Z
"4/18/2024, 10:44:39 AM",3.565,85.1,100,0,2024-04-18T15:44:39.000Z
"4/18/2024, 10:49:39 AM",3.565,85.3,100,0,2024-04-18T15:49:39.000Z
"4/18/2024, 10:54:39 AM",3.565,85.6,100,0,2024-04-18T15:54:39.000Z
"4/18/2024, 10:59:39 AM",3.564,85.6,100,0,2024-04-18T15:59:39.000Z
"4/18/2024, 11:04:39 AM",3.565,85.6,100,0,2024-04-18T16:04:39.000Z
"4/18/2024, 11:09:39 AM",3.565,86,100,0,2024-04-18T16:09:39.000Z
"4/18/2024, 11:14:39 AM",3.565,86.2,100,0,2024-04-18T16:14:39.000Z
"4/18/2024, 11:19:39 AM",3.565,86.5,100,0,2024-04-18T16:19:39.000Z
"4/18/2024, 11:24:39 AM",3.565,86.9,100,0,2024-04-18T16:24:39.000Z
"4/18/2024, 11:29:39 AM",3.565,87.3,100,0,2024-04-18T16:29:39.000Z
"4/18/2024, 11:34:39 AM",3.565,87.8,100,0,2024-04-18T16:34:39.000Z
"4/18/2024, 11:39:39 AM",3.565,88.2,100,0,2024-04-18T16:39:39.000Z
"4/18/2024, 11:44:39 AM",3.565,88.7,100,0,2024-04-18T16:44:39.000Z
"4/18/2024, 11:49:39 AM",3.565,88.9,100,1,2024-04-18T16:49:39.000Z
"4/18/2024, 11:54:39 AM",3.564,88.9,100,0,2024-04-18T16:54:39.000Z
"4/18/2024, 11:59:39 AM",3.564,89.1,100,0,2024-04-18T16:59:39.000Z
"4/18/2024, 12:04:39 PM",3.564,89.1,100,0,2024-04-18T17:04:39.000Z
"4/18/2024, 12:09:39 PM",3.565,89.2,100,0,2024-04-18T17:09:39.000Z
"4/18/2024, 12:14:39 PM",3.564,89.4,100,1,2024-04-18T17:14:39.000Z
"4/18/2024, 12:19:39 PM",3.565,89.8,100,1,2024-04-18T17:19:39.000Z
"4/18/2024, 12:24:39 PM",3.565,90,100,1,2024-04-18T17:24:39.000Z
"4/18/2024, 12:29:39 PM",3.564,90.1,100,1,2024-04-18T17:29:39.000Z
"4/18/2024, 12:34:39 PM",3.564,90.7,100,1,2024-04-18T17:34:39.000Z
"4/18/2024, 12:39:39 PM",3.565,91,100,1,2024-04-18T17:39:39.000Z
"4/18/2024, 12:44:39 PM",3.565,91.4,100,1,2024-04-18T17:44:39.000Z
"4/18/2024, 12:49:39 PM",3.566,91.9,100,1,2024-04-18T17:49:39.000Z
"4/18/2024, 12:54:39 PM",3.566,92.5,100,1,2024-04-18T17:54:39.000Z
"4/18/2024, 12:59:39 PM",3.565,93,100,1,2024-04-18T17:59:39.000Z
"4/18/2024, 1:04:39 PM",3.566,93.6,100,1,2024-04-18T18:04:39.000Z
"4/18/2024, 1:09:39 PM",3.567,93.9,100,1,2024-04-18T18:09:39.000Z
"4/18/2024, 1:14:39 PM",3.567,94.3,100,2,2024-04-18T18:14:39.000Z
"4/18/2024, 1:19:39 PM",3.566,94.5,100,2,2024-04-18T18:19:39.000Z
"4/18/2024, 1:24:39 PM",3.566,94.5,100,2,2024-04-18T18:24:39.000Z
"4/18/2024, 1:29:39 PM",3.566,94.5,100,2,2024-04-18T18:29:39.000Z
"4/18/2024, 1:34:39 PM",3.567,94.6,100,2,2024-04-18T18:34:39.000Z
"4/18/2024, 1:39:39 PM",3.567,94.6,100,2,2024-04-18T18:39:39.000Z
"4/18/2024, 1:44:39 PM",3.567,94.6,100,1,2024-04-18T18:44:39.000Z
"4/18/2024, 1:49:39 PM",3.567,94.8,100,1,2024-04-18T18:49:39.000Z
"4/18/2024, 1:54:39 PM",3.567,95,100,1,2024-04-18T18:54:39.000Z
"4/18/2024, 1:59:39 PM",3.567,94.8,100,1,2024-04-18T18:59:39.000Z
"4/18/2024, 2:04:39 PM",3.567,95.2,100,1,2024-04-18T19:04:39.000Z
"4/18/2024, 2:09:39 PM",3.567,95.4,100,0,2024-04-18T19:09:39.000Z
"4/18/2024, 2:14:39 PM",3.567,95.5,100,1,2024-04-18T19:14:39.000Z
"4/18/2024, 2:19:39 PM",3.567,95.4,100,1,2024-04-18T19:19:39.000Z
"4/18/2024, 2:24:39 PM",3.567,95.5,100,0,2024-04-18T19:24:39.000Z
"4/18/2024, 2:29:39 PM",3.567,95.7,100,0,2024-04-18T19:29:39.000Z
"4/18/2024, 2:34:39 PM",3.567,95.9,100,0,2024-04-18T19:34:39.000Z
"4/18/2024, 2:39:39 PM",3.567,96.1,100,0,2024-04-18T19:39:39.000Z
"4/18/2024, 2:44:39 PM",3.566,96.4,99.8,1,2024-04-18T19:44:39.000Z
"4/18/2024, 2:49:39 PM",3.567,96.8,99.2,1,2024-04-18T19:49:39.000Z
"4/18/2024, 2:54:39 PM",3.567,97,98.4,1,2024-04-18T19:54:39.000Z
"4/18/2024, 2:59:39 PM",3.567,97.3,97.7,2,2024-04-18T19:59:39.000Z
"4/18/2024, 3:04:39 PM",3.567,97.7,97.1,2,2024-04-18T20:04:39.000Z
"4/18/2024, 3:09:39 PM",3.566,97.7,96.4,1,2024-04-18T20:09:39.000Z
"4/18/2024, 3:14:39 PM",3.567,97.9,95.4,1,2024-04-18T20:14:39.000Z
"4/18/2024, 3:19:39 PM",3.567,98.1,94.3,1,2024-04-18T20:19:39.000Z
"4/18/2024, 3:24:39 PM",3.567,98.1,93.4,2,2024-04-18T20:24:39.000Z
"4/18/2024, 3:29:39 PM",3.567,97.9,92.6,1,2024-04-18T20:29:39.000Z
"4/18/2024, 3:34:39 PM",3.567,97.9,91.5,1,2024-04-18T20:34:39.000Z
"4/18/2024, 3:39:39 PM",3.567,98.1,90.6,1,2024-04-18T20:39:39.000Z
"4/18/2024, 3:44:39 PM",3.567,98.1,89,0,2024-04-18T20:44:39.000Z
"4/18/2024, 3:49:39 PM",3.567,98.2,87,0,2024-04-18T20:49:39.000Z
"4/18/2024, 3:54:39 PM",3.567,98.4,85.3,0,2024-04-18T20:54:39.000Z
"4/18/2024, 3:59:39 PM",3.567,98.4,83.3,0,2024-04-18T20:59:39.000Z
"4/18/2024, 4:04:39 PM",3.567,98.6,82.5,0,2024-04-18T21:04:39.000Z
"4/18/2024, 4:09:39 PM",3.567,98.8,82.3,0,2024-04-18T21:09:39.000Z
"4/18/2024, 4:14:39 PM",3.567,98.8,81.5,0,2024-04-18T21:14:39.000Z
"4/18/2024, 4:19:39 PM",3.567,98.8,79.7,0,2024-04-18T21:19:39.000Z
"4/18/2024, 4:24:39 PM",3.567,98.2,78.6,0,2024-04-18T21:24:39.000Z
"4/18/2024, 4:29:39 PM",3.567,97.7,78.8,0,2024-04-18T21:29:39.000Z
"4/18/2024, 4:34:39 PM",3.568,96.8,79,0,2024-04-18T21:34:39.000Z
"4/18/2024, 4:39:39 PM",3.568,95.9,78.9,0,2024-04-18T21:39:39.000Z
"4/18/2024, 4:44:39 PM",3.568,95.5,78.8,0,2024-04-18T21:44:39.000Z
"4/18/2024, 4:49:39 PM",3.569,95,78.9,0,2024-04-18T21:49:39.000Z
"4/18/2024, 4:54:39 PM",3.569,95.2,78.9,0,2024-04-18T21:54:39.000Z
"4/18/2024, 4:59:39 PM",3.569,95,78.5,0,2024-04-18T21:59:39.000Z
"4/18/2024, 5:04:39 PM",3.569,95.2,77.9,0,2024-04-18T22:04:39.000Z
"4/18/2024, 5:09:39 PM",3.569,95.2,77,0,2024-04-18T22:09:39.000Z
"4/18/2024, 5:14:39 PM",3.569,95,76.3,0,2024-04-18T22:14:39.000Z
"4/18/2024, 5:19:39 PM",3.569,94.5,76.2,0,2024-04-18T22:19:39.000Z
"4/18/2024, 5:24:39 PM",3.569,94.3,76.4,0,2024-04-18T22:24:39.000Z
"4/18/2024, 5:29:39 PM",3.57,93.6,76.4,0,2024-04-18T22:29:39.000Z
"4/18/2024, 5:34:39 PM",3.569,92.8,76.9,0,2024-04-18T22:34:39.000Z
"4/18/2024, 5:39:39 PM",3.57,91.9,77.2,0,2024-04-18T22:39:39.000Z
"4/18/2024, 5:44:39 PM",3.57,90.9,77.5,0,2024-04-18T22:44:39.000Z
"4/18/2024, 5:49:39 PM",3.571,90,77.9,0,2024-04-18T22:49:39.000Z
"4/18/2024, 5:54:39 PM",3.571,89.1,78.6,0,2024-04-18T22:54:39.000Z
"4/18/2024, 5:59:39 PM",3.572,88.2,79.3,0,2024-04-18T22:59:39.000Z
"4/18/2024, 6:04:39 PM",3.572,87.3,79.8,0,2024-04-18T23:04:39.000Z
"4/18/2024, 6:09:39 PM",3.573,86.5,80.4,0,2024-04-18T23:09:39.000Z
"4/18/2024, 6:14:39 PM",3.573,86,81.1,0,2024-04-18T23:14:39.000Z
"4/18/2024, 6:19:39 PM",3.573,85.6,81.9,0,2024-04-18T23:19:39.000Z
"4/18/2024, 6:24:39 PM",3.573,85.1,82.7,0,2024-04-18T23:24:39.000Z
"4/18/2024, 6:29:39 PM",3.574,84.6,83.4,0,2024-04-18T23:29:39.000Z
"4/18/2024, 6:34:39 PM",3.574,84,84,0,2024-04-18T23:34:39.000Z
"4/18/2024, 6:39:39 PM",3.574,83.5,84.6,0,2024-04-18T23:39:39.000Z
"4/18/2024, 6:44:39 PM",3.574,82.9,85.2,0,2024-04-18T23:44:39.000Z
"4/18/2024, 6:49:39 PM",3.574,82.2,85.4,0,2024-04-18T23:49:39.000Z
"4/18/2024, 6:54:39 PM",3.574,81.7,85.3,0,2024-04-18T23:54:39.000Z
"4/18/2024, 6:59:39 PM",3.574,81,85.1,0,2024-04-18T23:59:39.000Z
"4/18/2024, 7:04:39 PM",3.575,80.2,85,1,2024-04-19T00:04:39.000Z
"4/18/2024, 7:09:39 PM",3.575,79.7,85.2,2,2024-04-19T00:09:39.000Z
"4/18/2024, 7:14:39 PM",3.575,79.2,85.5,2,2024-04-19T00:14:39.000Z
"4/18/2024, 7:19:39 PM",3.575,78.6,85.8,2,2024-04-19T00:19:39.000Z
"4/18/2024, 7:24:39 PM",3.576,78.1,86.1,4,2024-04-19T00:24:39.000Z
"4/18/2024, 7:29:39 PM",3.575,77.5,86.5,5,2024-04-19T00:29:39.000Z
"4/18/2024, 7:34:39 PM",3.575,77.2,86.9,6,2024-04-19T00:34:39.000Z
"4/18/2024, 7:39:39 PM",3.576,76.8,87.2,8,2024-04-19T00:39:39.000Z
"4/18/2024, 7:44:39 PM",3.576,76.3,87.5,8,2024-04-19T00:44:39.000Z
"4/18/2024, 7:49:39 PM",3.577,75.9,87.9,8,2024-04-19T00:49:39.000Z
"4/18/2024, 7:54:39 PM",3.576,75.6,88.2,7,2024-04-19T00:54:39.000Z
"4/18/2024, 7:59:39 PM",3.576,75.2,88.6,7,2024-04-19T00:59:39.000Z
"4/18/2024, 8:04:39 PM",3.576,75,88.9,7,2024-04-19T01:04:39.000Z
"4/18/2024, 8:09:39 PM",3.576,74.7,89.3,7,2024-04-19T01:09:39.000Z
"4/18/2024, 8:14:39 PM",3.576,74.5,89.7,6,2024-04-19T01:14:39.000Z
"4/18/2024, 8:19:39 PM",3.576,74.3,90.1,7,2024-04-19T01:19:39.000Z
"4/18/2024, 8:24:39 PM",3.576,74.3,90.5,7,2024-04-19T01:24:39.000Z
"4/18/2024, 8:29:39 PM",3.576,74.3,91.1,6,2024-04-19T01:29:39.000Z
"4/18/2024, 8:34:39 PM",3.576,74.3,91.7,5,2024-04-19T01:34:39.000Z
"4/18/2024, 8:39:39 PM",3.576,74.1,92.2,5,2024-04-19T01:39:39.000Z
"4/18/2024, 8:44:39 PM",3.576,74.1,92.8,4,2024-04-19T01:44:39.000Z
"4/18/2024, 8:49:39 PM",3.576,74.1,93.2,3,2024-04-19T01:49:39.000Z
"4/18/2024, 8:54:39 PM",3.576,74.1,93.7,3,2024-04-19T01:54:39.000Z
"4/18/2024, 8:59:39 PM",3.576,74.1,94.2,3,2024-04-19T01:59:39.000Z
"4/18/2024, 9:04:39 PM",3.576,74.1,94.6,3,2024-04-19T02:04:39.000Z
"4/18/2024, 9:09:39 PM",3.576,73.9,95,2,2024-04-19T02:09:39.000Z
"4/18/2024, 9:14:39 PM",3.576,73.9,95.4,2,2024-04-19T02:14:39.000Z
"4/18/2024, 9:19:39 PM",3.576,73.9,95.7,2,2024-04-19T02:19:39.000Z
"4/18/2024, 9:24:39 PM",3.576,73.9,96,2,2024-04-19T02:24:39.000Z
"4/18/2024, 9:29:39 PM",3.576,73.9,96.3,2,2024-04-19T02:29:39.000Z
"4/18/2024, 9:34:39 PM",3.576,73.9,96.6,2,2024-04-19T02:34:39.000Z
"4/18/2024, 9:39:39 PM",3.576,73.9,96.9,1,2024-04-19T02:39:39.000Z
"4/18/2024, 9:44:39 PM",3.576,74.1,97.2,1,2024-04-19T02:44:39.000Z
"4/18/2024, 9:49:39 PM",3.576,74.1,97.4,1,2024-04-19T02:49:39.000Z
"4/18/2024, 9:54:39 PM",3.576,74.1,97.7,1,2024-04-19T02:54:39.000Z
"4/18/2024, 9:59:39 PM",3.576,74.3,97.9,1,2024-04-19T02:59:39.000Z
"4/18/2024, 10:04:39 PM",3.575,74.3,98.2,1,2024-04-19T03:04:39.000Z
"4/18/2024, 10:09:39 PM",3.576,74.3,98.4,1,2024-04-19T03:09:39.000Z
"4/18/2024, 10:14:39 PM",3.576,74.3,98.5,1,2024-04-19T03:14:39.000Z
"4/18/2024, 10:19:39 PM",3.576,74.1,98.6,1,2024-04-19T03:19:39.000Z
"4/18/2024, 10:24:39 PM",3.576,74.1,98.8,1,2024-04-19T03:24:39.000Z
"4/18/2024, 10:29:39 PM",3.576,73.9,99,1,2024-04-19T03:29:39.000Z
"4/18/2024, 10:34:39 PM",3.575,73.9,99.1,1,2024-04-19T03:34:39.000Z
"4/18/2024, 10:39:39 PM",3.575,73.9,99.2,1,2024-04-19T03:39:39.000Z
"4/18/2024, 10:44:39 PM",3.576,73.9,99.3,1,2024-04-19T03:44:39.000Z
"4/18/2024, 10:49:39 PM",3.576,73.8,99.5,0,2024-04-19T03:49:39.000Z
"4/18/2024, 10:54:39 PM",3.575,73.8,99.6,1,2024-04-19T03:54:39.000Z
"4/18/2024, 10:59:39 PM",3.576,73.8,99.7,1,2024-04-19T03:59:39.000Z
"4/18/2024, 11:04:39 PM",3.575,73.8,99.8,1,2024-04-19T04:04:39.000Z
"4/18/2024, 11:09:39 PM",3.576,73.8,100,0,2024-04-19T04:09:39.000Z
"4/18/2024, 11:14:39 PM",3.575,73.6,100,0,2024-04-19T04:14:39.000Z
"4/18/2024, 11:19:39 PM",3.575,73.6,100,0,2024-04-19T04:19:39.000Z
"4/18/2024, 11:24:39 PM",3.575,73.8,100,0,2024-04-19T04:24:39.000Z
"4/18/2024, 11:29:39 PM",3.575,73.9,100,0,2024-04-19T04:29:39.000Z
"4/18/2024, 11:34:39 PM",3.575,73.9,100,0,2024-04-19T04:34:39.000Z
"4/18/2024, 11:39:39 PM",3.575,73.8,100,0,2024-04-19T04:39:39.000Z
"4/18/2024, 11:44:39 PM",3.575,73.8,100,0,2024-04-19T04:44:39.000Z
"4/18/2024, 11:49:39 PM",3.576,73.8,100,0,2024-04-19T04:49:39.000Z
"4/18/2024, 11:54:39 PM",3.575,73.6,100,0,2024-04-19T04:54:39.000Z
"4/18/2024, 11:59:39 PM",3.575,73.4,100,0,2024-04-19T04:59:39.000Z
"4/19/2024, 12:04:39 AM",3.575,73.4,100,0,2024-04-19T05:04:39.000Z
"4/19/2024, 12:09:39 AM",3.575,73.4,100,0,2024-04-19T05:09:39.000Z
"4/19/2024, 12:14:39 AM",3.575,73.2,100,0,2024-04-19T05:14:39.000Z
"4/19/2024, 12:19:39 AM",3.576,73.2,100,0,2024-04-19T05:19:39.000Z
"4/19/2024, 12:24:39 AM",3.575,73.2,100,0,2024-04-19T05:24:39.000Z
"4/19/2024, 12:29:39 AM",3.575,73,100,0,2024-04-19T05:29:39.000Z
"4/19/2024, 12:34:39 AM",3.575,73,100,0,2024-04-19T05:34:39.000Z
"4/19/2024, 12:39:39 AM",3.575,73,100,0,2024-04-19T05:39:39.000Z
"4/19/2024, 12:44:39 AM",3.575,73,100,0,2024-04-19T05:44:39.000Z
"4/19/2024, 12:49:39 AM",3.575,72.9,100,0,2024-04-19T05:49:39.000Z
"4/19/2024, 12:54:39 AM",3.576,72.7,100,0,2024-04-19T05:54:39.000Z
"4/19/2024, 12:59:39 AM",3.575,72.3,100,0,2024-04-19T05:59:39.000Z
"4/19/2024, 1:04:39 AM",3.575,71.8,100,0,2024-04-19T06:04:39.000Z
"4/19/2024, 1:09:39 AM",3.575,71.2,100,0,2024-04-19T06:09:39.000Z
"4/19/2024, 1:14:39 AM",3.577,70.7,100,0,2024-04-19T06:14:39.000Z
"4/19/2024, 1:19:39 AM",3.577,70.2,100,0,2024-04-19T06:19:39.000Z
"4/19/2024, 1:24:39 AM",3.577,69.8,100,0,2024-04-19T06:24:39.000Z
"4/19/2024, 1:29:39 AM",3.578,69.6,100,0,2024-04-19T06:29:39.000Z
"4/19/2024, 1:34:39 AM",3.578,69.4,100,0,2024-04-19T06:34:39.000Z
"4/19/2024, 1:39:39 AM",3.577,69.4,100,0,2024-04-19T06:39:39.000Z
"4/19/2024, 1:44:39 AM",3.578,69.4,100,0,2024-04-19T06:44:39.000Z
"4/19/2024, 1:49:39 AM",3.577,69.4,100,0,2024-04-19T06:49:39.000Z
"4/19/2024, 1:54:39 AM",3.577,69.6,100,0,2024-04-19T06:54:39.000Z
"4/19/2024, 1:59:39 AM",3.577,69.8,100,0,2024-04-19T06:59:39.000Z
"4/19/2024, 2:04:39 AM",3.577,70,100,0,2024-04-19T07:04:39.000Z
"4/19/2024, 2:09:39 AM",3.576,70.2,100,0,2024-04-19T07:09:39.000Z
"4/19/2024, 2:14:39 AM",3.576,70.2,100,0,2024-04-19T07:14:39.000Z
"4/19/2024, 2:19:39 AM",3.577,70.3,100,0,2024-04-19T07:19:39.000Z
"4/19/2024, 2:24:39 AM",3.577,70.3,100,0,2024-04-19T07:24:39.000Z
"4/19/2024, 2:29:39 AM",3.576,70.3,100,1,2024-04-19T07:29:39.000Z
"4/19/2024, 2:34:39 AM",3.576,70.5,100,1,2024-04-19T07:34:39.000Z
"4/19/2024, 2:39:39 AM",3.576,70.7,100,1,2024-04-19T07:39:39.000Z
"4/19/2024, 2:44:39 AM",3.576,70.7,100,1,2024-04-19T07:44:39.000Z
"4/19/2024, 2:49:39 AM",3.576,70.7,100,1,2024-04-19T07:49:39.000Z
"4/19/2024, 2:54:39 AM",3.576,70.9,100,1,2024-04-19T07:54:39.000Z
"4/19/2024, 2:59:39 AM",3.577,70.9,100,1,2024-04-19T07:59:39.000Z
"4/19/2024, 3:04:39 AM",3.576,70.9,100,1,2024-04-19T08:04:39.000Z
"4/19/2024, 3:09:39 AM",3.576,71.1,100,1,2024-04-19T08:09:39.000Z
"4/19/2024, 3:14:39 AM",3.576,71.1,100,1,2024-04-19T08:14:39.000Z
"4/19/2024, 3:19:39 AM",3.576,71.1,100,1,2024-04-19T08:19:39.000Z
"4/19/2024, 3:24:39 AM",3.576,71.1,100,1,2024-04-19T08:24:39.000Z
"4/19/2024, 3:29:39 AM",3.576,71.2,100,1,2024-04-19T08:29:39.000Z
"4/19/2024, 3:34:39 AM",3.576,71.2,100,1,2024-04-19T08:34:39.000Z
"4/19/2024, 3:39:39 AM",3.576,71.2,100,1,2024-04-19T08:39:39.000Z
"4/19/2024, 3:44:39 AM",3.576,71.1,100,1,2024-04-19T08:44:39.000Z
"4/19/2024, 3:49:39 AM",3.576,71.1,100,1,2024-04-19T08:49:39.000Z
"4/19/2024, 3:54:39 AM",3.576,71.1,100,1,2024-04-19T08:54:39.000Z
"4/19/2024, 3:59:39 AM",3.575,71.2,100,1,2024-04-19T08:59:39.000Z
"4/19/2024, 4:04:39 AM",3.575,71.2,100,1,2024-04-19T09:04:39.000Z
"4/19/2024, 4:09:39 AM",3.575,71.4,100,1,2024-04-19T09:09:39.000Z
"4/19/2024, 4:14:39 AM",3.575,71.4,100,1,2024-04-19T09:14:39.000Z
"4/19/2024, 4:19:39 AM",3.575,71.4,100,1,2024-04-19T09:19:39.000Z
"4/19/2024, 4:24:39 AM",3.575,71.4,100,1,2024-04-19T09:24:39.000Z
"4/19/2024, 4:29:39 AM",3.576,71.4,100,1,2024-04-19T09:29:39.000Z
"4/19/2024, 4:34:39 AM",3.575,71.4,100,1,2024-04-19T09:34:39.000Z
"4/19/2024, 4:39:39 AM",3.576,71.4,100,1,2024-04-19T09:39:39.000Z
"4/19/2024, 4:44:39 AM",3.575,71.4,100,1,2024-04-19T09:44:39.000Z
"4/19/2024, 4:49:39 AM",3.575,71.4,100,1,2024-04-19T09:49:39.000Z
"4/19/2024, 4:54:39 AM",3.576,71.4,100,1,2024-04-19T09:54:39.000Z
"4/19/2024, 4:59:39 AM",3.575,71.6,100,1,2024-04-19T09:59:39.000Z
"4/19/2024, 5:04:39 AM",3.575,71.4,100,1,2024-04-19T10:04:39.000Z
"4/19/2024, 5:09:39 AM",3.576,71.4,100,1,2024-04-19T10:09:39.000Z
"4/19/2024, 5:14:39 AM",3.575,71.4,100,1,2024-04-19T10:14:39.000Z
"4/19/2024, 5:19:39 AM",3.575,71.4,100,1,2024-04-19T10:19:39.000Z
"4/19/2024, 5:24:39 AM",3.576,71.4,100,2,2024-04-19T10:24:39.000Z
"4/19/2024, 5:29:39 AM",3.575,71.2,100,2,2024-04-19T10:29:39.000Z
"4/19/2024, 5:34:39 AM",3.575,71.2,100,2,2024-04-19T10:34:39.000Z
"4/19/2024, 5:39:39 AM",3.576,71.2,100,2,2024-04-19T10:39:39.000Z
"4/19/2024, 5:44:39 AM",3.576,71.2,100,2,2024-04-19T10:44:39.000Z
"4/19/2024, 5:49:39 AM",3.576,71.2,100,2,2024-04-19T10:49:39.000Z
"4/19/2024, 5:54:39 AM",3.576,71.1,100,3,2024-04-19T10:54:39.000Z
"4/19/2024, 5:59:39 AM",3.576,71.1,100,3,2024-04-19T10:59:39.000Z
"4/19/2024, 6:04:39 AM",3.576,70.9,100,4,2024-04-19T11:04:39.000Z
"4/19/2024, 6:09:39 AM",3.575,70.9,100,4,2024-04-19T11:09:39.000Z
"4/19/2024, 6:14:39 AM",3.576,70.9,100,5,2024-04-19T11:14:39.000Z
"4/19/2024, 6:19:39 AM",3.576,70.9,100,6,2024-04-19T11:19:39.000Z
"4/19/2024, 6:24:39 AM",3.575,70.9,100,6,2024-04-19T11:24:39.000Z
"4/19/2024, 6:29:39 AM",3.576,70.9,100,8,2024-04-19T11:29:39.000Z
"4/19/2024, 6:34:39 AM",3.576,70.9,100,9,2024-04-19T11:34:39.000Z
"4/19/2024, 6:39:39 AM",3.576,70.9,100,11,2024-04-19T11:39:39.000Z
"4/19/2024, 6:44:39 AM",3.575,70.9,100,12,2024-04-19T11:44:39.000Z
"4/19/2024, 6:49:39 AM",3.576,70.9,100,15,2024-04-19T11:49:39.000Z
"4/19/2024, 6:54:39 AM",3.575,70.7,100,19,2024-04-19T11:54:39.000Z
"4/19/2024, 6:59:39 AM",3.576,70.7,100,21,2024-04-19T11:59:39.000Z
"4/19/2024, 7:04:39 AM",3.575,70.7,100,21,2024-04-19T12:04:39.000Z
"4/19/2024, 7:09:39 AM",3.575,70.7,100,26,2024-04-19T12:09:39.000Z
"4/19/2024, 7:14:39 AM",3.575,70.7,100,30,2024-04-19T12:14:39.000Z
"4/19/2024, 7:19:39 AM",3.575,70.7,100,31,2024-04-19T12:19:39.000Z
"4/19/2024, 7:24:39 AM",3.575,70.7,100,25,2024-04-19T12:24:39.000Z
"4/19/2024, 7:29:39 AM",3.575,70.9,100,22,2024-04-19T12:29:39.000Z
"4/19/2024, 7:34:39 AM",3.575,70.7,100,18,2024-04-19T12:34:39.000Z
"4/19/2024, 7:39:39 AM",3.575,70.7,100,16,2024-04-19T12:39:39.000Z
"4/19/2024, 7:44:39 AM",3.576,70.5,100,14,2024-04-19T12:44:39.000Z
"4/19/2024, 7:49:39 AM",3.576,70.5,100,13,2024-04-19T12:49:39.000Z
"4/19/2024, 7:54:39 AM",3.575,70.5,100,11,2024-04-19T12:54:39.000Z
"4/19/2024, 7:59:39 AM",3.575,70.3,100,9,2024-04-19T12:59:39.000Z
"4/19/2024, 8:04:39 AM",3.576,70.3,100,8,2024-04-19T13:04:39.000Z
"4/19/2024, 8:09:39 AM",3.576,70.3,100,6,2024-04-19T13:09:39.000Z
"4/19/2024, 8:14:39 AM",3.576,70.3,100,6,2024-04-19T13:14:39.000Z
"4/19/2024, 8:19:39 AM",3.575,70.5,100,5,2024-04-19T13:19:39.000Z
"4/19/2024, 8:24:39 AM",3.575,70.7,100,4,2024-04-19T13:24:39.000Z
"4/19/2024, 8:29:39 AM",3.576,71.1,100,4,2024-04-19T13:29:39.000Z
"4/19/2024, 8:34:39 AM",3.575,71.2,100,4,2024-04-19T13:34:39.000Z
"4/19/2024, 8:39:39 AM",3.575,71.2,100,3,2024-04-19T13:39:39.000Z
"4/19/2024, 8:44:39 AM",3.575,71.2,100,3,2024-04-19T13:44:39.000Z
"4/19/2024, 8:49:39 AM",3.575,71.2,100,2,2024-04-19T13:49:39.000Z
"4/19/2024, 8:54:39 AM",3.575,71.4,100,2,2024-04-19T13:54:39.000Z
"4/19/2024, 8:59:39 AM",3.575,71.6,100,2,2024-04-19T13:59:39.000Z
"4/19/2024, 9:04:39 AM",3.575,71.8,100,2,2024-04-19T14:04:39.000Z
"4/19/2024, 9:09:39 AM",3.575,72.1,100,1,2024-04-19T14:09:39.000Z
"4/19/2024, 9:14:39 AM",3.574,72.3,100,1,2024-04-19T14:14:39.000Z
"4/19/2024, 9:19:39 AM",3.575,72.1,100,1,2024-04-19T14:19:39.000Z
"4/19/2024, 9:24:39 AM",3.575,72.1,100,1,2024-04-19T14:24:39.000Z
"4/19/2024, 9:29:39 AM",3.575,72.3,100,1,2024-04-19T14:29:39.000Z
"4/19/2024, 9:34:39 AM",3.575,72.5,100,1,2024-04-19T14:34:39.000Z
"4/19/2024, 9:39:39 AM",3.575,72.9,100,0,2024-04-19T14:39:39.000Z
"4/19/2024, 9:44:39 AM",3.575,73.2,100,1,2024-04-19T14:44:39.000Z
"4/19/2024, 9:49:39 AM",3.575,73.6,100,1,2024-04-19T14:49:39.000Z
"4/19/2024, 9:54:39 AM",3.575,73.9,100,0,2024-04-19T14:54:39.000Z
"4/19/2024, 9:59:39 AM",3.575,74.3,100,1,2024-04-19T14:59:39.000Z
"4/19/2024, 10:04:39 AM",3.575,74.7,100,0,2024-04-19T15:04:39.000Z
"4/19/2024, 10:09:39 AM",3.574,74.8,100,0,2024-04-19T15:09:39.000Z
"4/19/2024, 10:14:39 AM",3.574,75,100,1,2024-04-19T15:14:39.000Z
"4/19/2024, 10:19:39 AM",3.574,75,100,0,2024-04-19T15:19:39.000Z
"4/19/2024, 10:24:39 AM",3.574,75,100,1,2024-04-19T15:24:39.000Z
"4/19/2024, 10:29:39 AM",3.574,75,100,0,2024-04-19T15:29:39.000Z
"4/19/2024, 10:34:39 AM",3.574,75,100,0,2024-04-19T15:34:39.000Z
"4/19/2024, 10:39:39 AM",3.574,75,100,1,2024-04-19T15:39:39.000Z
"4/19/2024, 10:44:39 AM",3.574,75,100,1,2024-04-19T15:44:39.000Z
"4/19/2024, 10:49:39 AM",3.574,75.2,100,1,2024-04-19T15:49:39.000Z
"4/19/2024, 10:54:39 AM",3.574,75.2,100,1,2024-04-19T15:54:39.000Z
"4/19/2024, 10:59:39 AM",3.574,75.4,100,1,2024-04-19T15:59:39.000Z
"4/19/2024, 11:04:39 AM",3.574,75.6,100,2,2024-04-19T16:04:39.000Z
"4/19/2024, 11:09:39 AM",3.574,75.7,100,2,2024-04-19T16:09:39.000Z
"4/19/2024, 11:14:39 AM",3.574,75.7,100,2,2024-04-19T16:14:39.000Z
"4/19/2024, 11:19:39 AM",3.574,75.9,100,3,2024-04-19T16:19:39.000Z
"4/19/2024, 11:24:39 AM",3.574,76.1,100,5,2024-04-19T16:24:39.000Z
"4/19/2024, 11:29:39 AM",3.574,76.5,100,5,2024-04-19T16:29:39.000Z
"4/19/2024, 11:34:39 AM",3.574,76.6,100,7,2024-04-19T16:34:39.000Z
"4/19/2024, 11:39:39 AM",3.574,76.8,100,7,2024-04-19T16:39:39.000Z
"4/19/2024, 11:44:39 AM",3.574,77.2,100,9,2024-04-19T16:44:39.000Z
"4/19/2024, 11:49:39 AM",3.574,77.4,100,12,2024-04-19T16:49:39.000Z
"4/19/2024, 11:54:39 AM",3.574,77.7,100,16,2024-04-19T16:54:39.000Z
"4/19/2024, 11:59:39 AM",3.574,78.3,100,25,2024-04-19T16:59:39.000Z
"4/19/2024, 12:04:39 PM",3.574,78.6,100,29,2024-04-19T17:04:39.000Z
"4/19/2024, 12:09:39 PM",3.574,79,100,29,2024-04-19T17:09:39.000Z
"4/19/2024, 12:14:39 PM",3.573,79.3,100,28,2024-04-19T17:14:39.000Z
"4/19/2024, 12:19:39 PM",3.574,79.5,100,31,2024-04-19T17:19:39.000Z
"4/19/2024, 12:24:39 PM",3.574,79.3,100,29,2024-04-19T17:24:39.000Z
"4/19/2024, 12:29:39 PM",3.573,79.3,100,28,2024-04-19T17:29:39.000Z
"4/19/2024, 12:34:39 PM",3.574,79.5,100,30,2024-04-19T17:34:39.000Z
"4/19/2024, 12:39:39 PM",3.574,79.5,100,32,2024-04-19T17:39:39.000Z
"4/19/2024, 12:44:39 PM",3.574,79.7,100,31,2024-04-19T17:44:39.000Z
"4/19/2024, 12:49:39 PM",3.573,80.1,100,33,2024-04-19T17:49:39.000Z
"4/19/2024, 12:54:39 PM",3.574,80.6,100,34,2024-04-19T17:54:39.000Z
"4/19/2024, 12:59:39 PM",3.573,81,100,31,2024-04-19T17:59:39.000Z
"4/19/2024, 1:04:39 PM",3.573,81.3,100,37,2024-04-19T18:04:39.000Z
"4/19/2024, 1:09:39 PM",3.573,81.9,100,38,2024-04-19T18:09:39.000Z
"4/19/2024, 1:14:39 PM",3.573,82.4,100,42,2024-04-19T18:14:39.000Z
"4/19/2024, 1:19:39 PM",3.573,82.9,100,47,2024-04-19T18:19:39.000Z
"4/19/2024, 1:24:39 PM",3.573,83.5,100,51,2024-04-19T18:24:39.000Z
"4/19/2024, 1:29:39 PM",3.573,83.7,100,54,2024-04-19T18:29:39.000Z
"4/19/2024, 1:34:39 PM",3.573,83.7,100,58,2024-04-19T18:34:39.000Z
"4/19/2024, 1:39:39 PM",3.573,84,100,44,2024-04-19T18:39:39.000Z
"4/19/2024, 1:44:39 PM",3.573,84.2,100,51,2024-04-19T18:44:39.000Z
"4/19/2024, 1:49:39 PM",3.573,84.6,100,52,2024-04-19T18:49:39.000Z
"4/19/2024, 1:54:39 PM",3.572,84.9,100,49,2024-04-19T18:54:39.000Z
"4/19/2024, 1:59:39 PM",3.572,85.1,100,49,2024-04-19T18:59:39.000Z
"4/19/2024, 2:04:39 PM",3.573,85.5,100,42,2024-04-19T19:04:39.000Z
"4/19/2024, 2:09:39 PM",3.572,85.6,100,43,2024-04-19T19:09:39.000Z
"4/19/2024, 2:14:39 PM",3.572,85.5,100,45,2024-04-19T19:14:39.000Z
"4/19/2024, 2:19:39 PM",3.573,85.3,100,47,2024-04-19T19:19:39.000Z
"4/19/2024, 2:24:39 PM",3.573,85.1,100,43,2024-04-19T19:24:39.000Z
"4/19/2024, 2:29:39 PM",3.573,84.7,100,40,2024-04-19T19:29:39.000Z
"4/19/2024, 2:34:39 PM",3.573,84.4,100,44,2024-04-19T19:34:39.000Z
"4/19/2024, 2:39:39 PM",3.573,84,100,41,2024-04-19T19:39:39.000Z
"4/19/2024, 2:44:39 PM",3.573,83.7,100,40,2024-04-19T19:44:39.000Z
"4/19/2024, 2:49:39 PM",3.573,83.3,100,39,2024-04-19T19:49:39.000Z
"4/19/2024, 2:54:39 PM",3.574,82.9,100,42,2024-04-19T19:54:39.000Z
"4/19/2024, 2:59:39 PM",3.574,82.6,100,41,2024-04-19T19:59:39.000Z
"4/19/2024, 3:04:39 PM",3.574,82.9,100,38,2024-04-19T20:04:39.000Z
"4/19/2024, 3:09:39 PM",3.574,83.5,100,45,2024-04-19T20:09:39.000Z
"4/19/2024, 3:14:39 PM",3.574,84,100,47,2024-04-19T20:14:39.000Z
"4/19/2024, 3:19:39 PM",3.573,84,100,48,2024-04-19T20:19:39.000Z
"4/19/2024, 3:24:39 PM",3.573,84.2,100,45,2024-04-19T20:24:39.000Z
"4/19/2024, 3:29:39 PM",3.574,84.7,100,50,2024-04-19T20:29:39.000Z
"4/19/2024, 3:34:39 PM",3.573,84.9,100,51,2024-04-19T20:34:39.000Z
"4/19/2024, 3:39:39 PM",3.573,84.6,100,51,2024-04-19T20:39:39.000Z
"4/19/2024, 3:44:39 PM",3.573,84,100,51,2024-04-19T20:44:39.000Z
"4/19/2024, 3:49:39 PM",3.574,83.5,100,40,2024-04-19T20:49:39.000Z
"4/19/2024, 3:54:39 PM",3.574,83.5,100,31,2024-04-19T20:54:39.000Z
"4/19/2024, 3:59:39 PM",3.573,83.8,100,24,2024-04-19T20:59:39.000Z
"4/19/2024, 4:04:39 PM",3.574,84.2,100,21,2024-04-19T21:04:39.000Z
"4/19/2024, 4:09:39 PM",3.573,84.4,100,18,2024-04-19T21:09:39.000Z
"4/19/2024, 4:14:39 PM",3.573,84.6,100,16,2024-04-19T21:14:39.000Z
"4/19/2024, 4:19:39 PM",3.573,84.9,100,13,2024-04-19T21:19:39.000Z
"4/19/2024, 4:24:39 PM",3.573,85.1,100,11,2024-04-19T21:24:39.000Z
"4/19/2024, 4:29:39 PM",3.573,85.3,100,9,2024-04-19T21:29:39.000Z
"4/19/2024, 4:34:39 PM",3.573,85.3,100,7,2024-04-19T21:34:39.000Z
"4/19/2024, 4:39:39 PM",3.573,85.5,100,6,2024-04-19T21:39:39.000Z
"4/19/2024, 4:44:39 PM",3.573,85.1,100,6,2024-04-19T21:44:39.000Z
"4/19/2024, 4:49:39 PM",3.573,84.7,100,5,2024-04-19T21:49:39.000Z
"4/19/2024, 4:54:39 PM",3.573,84.7,100,4,2024-04-19T21:54:39.000Z
"4/19/2024, 4:59:39 PM",3.574,84.6,100,4,2024-04-19T21:59:39.000Z
"4/19/2024, 5:04:39 PM",3.573,84.2,100,4,2024-04-19T22:04:39.000Z
"4/19/2024, 5:09:39 PM",3.573,84,100,3,2024-04-19T22:09:39.000Z
"4/19/2024, 5:14:39 PM",3.573,83.5,100,2,2024-04-19T22:14:39.000Z
"4/19/2024, 5:19:39 PM",3.574,83.5,100,2,2024-04-19T22:19:39.000Z
"4/19/2024, 5:24:39 PM",3.574,83.5,100,2,2024-04-19T22:24:39.000Z
"4/19/2024, 5:29:39 PM",3.573,83.1,99.9,2,2024-04-19T22:29:39.000Z
"4/19/2024, 5:34:39 PM",3.574,82.4,99.5,2,2024-04-19T22:34:39.000Z
"4/19/2024, 5:39:39 PM",3.574,81.7,99.2,2,2024-04-19T22:39:39.000Z
"4/19/2024, 5:44:39 PM",3.574,80.8,99,2,2024-04-19T22:44:39.000Z
"4/19/2024, 5:49:39 PM",3.574,79.9,98.8,2,2024-04-19T22:49:39.000Z
"4/19/2024, 5:54:39 PM",3.574,79,98.6,2,2024-04-19T22:54:39.000Z
"4/19/2024, 5:59:39 PM",3.574,78.3,98.4,1,2024-04-19T22:59:39.000Z
"4/19/2024, 6:04:39 PM",3.575,77.9,98.4,2,2024-04-19T23:04:39.000Z
"4/19/2024, 6:09:39 PM",3.575,77.2,98.4,2,2024-04-19T23:09:39.000Z
"4/19/2024, 6:14:39 PM",3.575,76.5,98.4,2,2024-04-19T23:14:39.000Z
"4/19/2024, 6:19:39 PM",3.576,75.9,98.4,2,2024-04-19T23:19:39.000Z
"4/19/2024, 6:24:39 PM",3.576,75.2,98.5,1,2024-04-19T23:24:39.000Z
"4/19/2024, 6:29:39 PM",3.576,74.7,98.6,1,2024-04-19T23:29:39.000Z
"4/19/2024, 6:34:39 PM",3.576,74.3,98.7,1,2024-04-19T23:34:39.000Z
"4/19/2024, 6:39:39 PM",3.576,74.1,98.9,1,2024-04-19T23:39:39.000Z
"4/19/2024, 6:44:39 PM",3.577,73.9,99.2,1,2024-04-19T23:44:39.000Z
"4/19/2024, 6:49:39 PM",3.576,73.6,99.4,1,2024-04-19T23:49:39.000Z
"4/19/2024, 6:54:39 PM",3.576,73.4,99.5,1,2024-04-19T23:54:39.000Z
"4/19/2024, 6:59:39 PM",3.576,72.9,99.7,1,2024-04-19T23:59:39.000Z
"4/19/2024, 7:04:39 PM",3.576,72.5,99.9,1,2024-04-20T00:04:39.000Z
"4/19/2024, 7:09:39 PM",3.577,72.1,100,1,2024-04-20T00:09:39.000Z
"4/19/2024, 7:14:39 PM",3.577,71.8,100,1,2024-04-20T00:14:39.000Z
"4/19/2024, 7:19:39 PM",3.577,71.2,100,1,2024-04-20T00:19:39.000Z
"4/19/2024, 7:24:39 PM",3.577,71.1,100,1,2024-04-20T00:24:39.000Z
"4/19/2024, 7:29:39 PM",3.577,70.7,100,1,2024-04-20T00:29:39.000Z
"4/19/2024, 7:34:39 PM",3.577,70.5,100,1,2024-04-20T00:34:39.000Z
"4/19/2024, 7:39:39 PM",3.577,70.2,100,1,2024-04-20T00:39:39.000Z
"4/19/2024, 7:44:39 PM",3.577,70,100,1,2024-04-20T00:44:39.000Z
"4/19/2024, 7:49:39 PM",3.577,69.6,100,1,2024-04-20T00:49:39.000Z
"4/19/2024, 7:54:39 PM",3.577,69.3,100,1,2024-04-20T00:54:39.000Z
"4/19/2024, 7:59:39 PM",3.577,69.1,100,1,2024-04-20T00:59:39.000Z
"4/19/2024, 8:04:39 PM",3.577,69.1,100,1,2024-04-20T01:04:39.000Z
"4/19/2024, 8:09:39 PM",3.577,68.9,100,1,2024-04-20T01:09:39.000Z
"4/19/2024, 8:14:39 PM",3.577,68.9,100,1,2024-04-20T01:14:39.000Z
"4/19/2024, 8:19:39 PM",3.576,68.9,100,1,2024-04-20T01:19:39.000Z
"4/19/2024, 8:24:39 PM",3.577,68.9,100,1,2024-04-20T01:24:39.000Z
"4/19/2024, 8:29:39 PM",3.576,69.1,100,1,2024-04-20T01:29:39.000Z
"4/19/2024, 8:34:39 PM",3.577,69.1,100,1,2024-04-20T01:34:39.000Z
"4/19/2024, 8:39:39 PM",3.576,69.1,100,1,2024-04-20T01:39:39.000Z
"4/19/2024, 8:44:39 PM",3.576,69.3,100,1,2024-04-20T01:44:39.000Z
"4/19/2024, 8:49:39 PM",3.576,69.3,100,1,2024-04-20T01:49:39.000Z
"4/19/2024, 8:54:39 PM",3.575,69.3,100,1,2024-04-20T01:54:39.000Z
"4/19/2024, 8:59:39 PM",3.576,69.1,100,1,2024-04-20T01:59:39.000Z
"4/19/2024, 9:04:39 PM",3.575,69.1,100,1,2024-04-20T02:04:39.000Z
"4/19/2024, 9:09:39 PM",3.576,68.9,100,1,2024-04-20T02:09:39.000Z
"4/19/2024, 9:14:39 PM",3.576,68.9,100,1,2024-04-20T02:14:39.000Z
"4/19/2024, 9:19:39 PM",3.575,68.7,100,1,2024-04-20T02:19:39.000Z
"4/19/2024, 9:24:39 PM",3.576,68.5,100,1,2024-04-20T02:24:39.000Z
"4/19/2024, 9:29:39 PM",3.576,68.5,100,1,2024-04-20T02:29:39.000Z
"4/19/2024, 9:34:39 PM",3.576,68.4,100,1,2024-04-20T02:34:39.000Z
"4/19/2024, 9:39:39 PM",3.575,68.4,100,1,2024-04-20T02:39:39.000Z
"4/19/2024, 9:44:39 PM",3.575,68.2,100,1,2024-04-20T02:44:39.000Z
"4/19/2024, 9:49:39 PM",3.576,68.2,100,1,2024-04-20T02:49:39.000Z
"4/19/2024, 9:54:39 PM",3.575,68,100,1,2024-04-20T02:54:39.000Z
"4/19/2024, 9:59:39 PM",3.575,68,100,1,2024-04-20T02:59:39.000Z
"4/19/2024, 10:04:39 PM",3.576,67.8,100,1,2024-04-20T03:04:39.000Z
"4/19/2024, 10:09:39 PM",3.575,67.8,100,1,2024-04-20T03:09:39.000Z
"4/19/2024, 10:14:39 PM",3.575,67.6,100,1,2024-04-20T03:14:39.000Z
"4/19/2024, 10:19:39 PM",3.575,67.6,100,1,2024-04-20T03:19:39.000Z
"4/19/2024, 10:24:39 PM",3.576,67.5,100,1,2024-04-20T03:24:39.000Z
"4/19/2024, 10:29:39 PM",3.575,67.5,100,1,2024-04-20T03:29:39.000Z
"4/19/2024, 10:34:39 PM",3.575,67.5,100,2,2024-04-20T03:34:39.000Z
"4/19/2024, 10:39:39 PM",3.576,67.5,100,1,2024-04-20T03:39:39.000Z
"4/19/2024, 10:44:39 PM",3.575,67.6,100,1,2024-04-20T03:44:39.000Z
"4/19/2024, 10:49:39 PM",3.575,67.6,100,2,2024-04-20T03:49:39.000Z
"4/19/2024, 10:54:39 PM",3.575,67.8,100,2,2024-04-20T03:54:39.000Z
"4/19/2024, 10:59:39 PM",3.575,68,100,2,2024-04-20T03:59:39.000Z
"4/19/2024, 11:04:39 PM",3.575,68.2,100,2,2024-04-20T04:04:39.000Z
"4/19/2024, 11:09:39 PM",3.575,68.4,100,2,2024-04-20T04:09:39.000Z
"4/19/2024, 11:14:39 PM",3.575,68.5,100,2,2024-04-20T04:14:39.000Z
"4/19/2024, 11:19:39 PM",3.574,68.7,100,2,2024-04-20T04:19:39.000Z
"4/19/2024, 11:24:39 PM",3.575,68.9,100,1,2024-04-20T04:24:39.000Z
"4/19/2024, 11:29:39 PM",3.574,69.1,100,1,2024-04-20T04:29:39.000Z
"4/19/2024, 11:34:39 PM",3.575,69.1,100,1,2024-04-20T04:34:39.000Z
"4/19/2024, 11:39:39 PM",3.574,69.3,100,1,2024-04-20T04:39:39.000Z
"4/19/2024, 11:44:39 PM",3.574,69.3,100,1,2024-04-20T04:44:39.000Z
"4/19/2024, 11:49:39 PM",3.574,69.4,100,2,2024-04-20T04:49:39.000Z
"4/19/2024, 11:54:39 PM",3.574,69.4,100,2,2024-04-20T04:54:39.000Z
"4/19/2024, 11:59:39 PM",3.574,69.6,100,2,2024-04-20T04:59:39.000Z
"4/20/2024, 12:04:39 AM",3.574,69.6,100,2,2024-04-20T05:04:39.000Z
"4/20/2024, 12:09:39 AM",3.574,69.8,100,2,2024-04-20T05:09:39.000Z
"4/20/2024, 12:14:39 AM",3.574,69.8,100,2,2024-04-20T05:14:39.000Z
"4/20/2024, 12:19:39 AM",3.574,69.8,100,2,2024-04-20T05:19:39.000Z
"4/20/2024, 12:24:39 AM",3.574,69.8,100,2,2024-04-20T05:24:39.000Z
"4/20/2024, 12:29:39 AM",3.574,70,100,2,2024-04-20T05:29:39.000Z
"4/20/2024, 12:34:39 AM",3.574,69.8,100,2,2024-04-20T05:34:39.000Z
"4/20/2024, 12:39:39 AM",3.574,70,100,2,2024-04-20T05:39:39.000Z
"4/20/2024, 12:44:39 AM",3.574,69.8,100,2,2024-04-20T05:44:39.000Z
"4/20/2024, 12:49:39 AM",3.574,69.8,100,2,2024-04-20T05:49:39.000Z
"4/20/2024, 12:54:39 AM",3.574,69.8,100,2,2024-04-20T05:54:39.000Z
"4/20/2024, 12:59:39 AM",3.574,69.8,100,2,2024-04-20T05:59:39.000Z
"4/20/2024, 1:04:39 AM",3.574,69.6,100,2,2024-04-20T06:04:39.000Z
"4/20/2024, 1:09:39 AM",3.574,69.6,100,2,2024-04-20T06:09:39.000Z
"4/20/2024, 1:14:39 AM",3.574,69.6,100,2,2024-04-20T06:14:39.000Z
"4/20/2024, 1:19:39 AM",3.574,69.6,100,2,2024-04-20T06:19:39.000Z
"4/20/2024, 1:24:39 AM",3.575,69.6,100,2,2024-04-20T06:24:39.000Z
"4/20/2024, 1:29:39 AM",3.574,69.6,100,2,2024-04-20T06:29:39.000Z
"4/20/2024, 1:34:39 AM",3.574,69.4,100,2,2024-04-20T06:34:39.000Z
"4/20/2024, 1:39:39 AM",3.574,69.4,100,2,2024-04-20T06:39:39.000Z
"4/20/2024, 1:44:39 AM",3.574,69.4,100,2,2024-04-20T06:44:39.000Z
"4/20/2024, 1:49:39 AM",3.575,69.3,100,2,2024-04-20T06:49:39.000Z
"4/20/2024, 1:54:39 AM",3.574,69.3,100,2,2024-04-20T06:54:39.000Z
"4/20/2024, 1:59:39 AM",3.574,69.3,100,2,2024-04-20T06:59:39.000Z
"4/20/2024, 2:04:39 AM",3.574,69.3,100,2,2024-04-20T07:04:39.000Z
"4/20/2024, 2:09:39 AM",3.574,69.3,100,2,2024-04-20T07:09:39.000Z
"4/20/2024, 2:14:39 AM",3.574,69.1,100,2,2024-04-20T07:14:39.000Z
"4/20/2024, 2:19:39 AM",3.574,69.1,100,2,2024-04-20T07:19:39.000Z
"4/20/2024, 2:24:39 AM",3.574,69.1,100,2,2024-04-20T07:24:39.000Z
"4/20/2024, 2:29:39 AM",3.575,68.9,100,2,2024-04-20T07:29:39.000Z
"4/20/2024, 2:34:39 AM",3.574,68.7,100,1,2024-04-20T07:34:39.000Z
"4/20/2024, 2:39:39 AM",3.575,68.4,100,1,2024-04-20T07:39:39.000Z
"4/20/2024, 2:44:39 AM",3.575,68,100,1,2024-04-20T07:44:39.000Z
"4/20/2024, 2:49:39 AM",3.574,67.6,100,1,2024-04-20T07:49:39.000Z
"4/20/2024, 2:54:39 AM",3.574,67.5,100,1,2024-04-20T07:54:39.000Z
"4/20/2024, 2:59:39 AM",3.575,67.1,100,1,2024-04-20T07:59:39.000Z
"4/20/2024, 3:04:39 AM",3.575,67.1,100,1,2024-04-20T08:04:39.000Z
"4/20/2024, 3:09:39 AM",3.574,66.9,100,1,2024-04-20T08:09:39.000Z
"4/20/2024, 3:14:39 AM",3.575,66.9,100,1,2024-04-20T08:14:39.000Z
"4/20/2024, 3:19:39 AM",3.574,66.7,100,1,2024-04-20T08:19:39.000Z
"4/20/2024, 3:24:39 AM",3.575,66.7,100,1,2024-04-20T08:24:39.000Z
"4/20/2024, 3:29:39 AM",3.575,66.7,100,1,2024-04-20T08:29:39.000Z
"4/20/2024, 3:34:39 AM",3.575,66.6,100,1,2024-04-20T08:34:39.000Z
"4/20/2024, 3:39:39 AM",3.574,66.4,100,1,2024-04-20T08:39:39.000Z
"4/20/2024, 3:44:39 AM",3.574,66.2,100,1,2024-04-20T08:44:39.000Z
"4/20/2024, 3:49:39 AM",3.574,66,100,1,2024-04-20T08:49:39.000Z
"4/20/2024, 3:54:39 AM",3.575,65.8,100,1,2024-04-20T08:54:39.000Z
"4/20/2024, 3:59:39 AM",3.575,65.8,100,1,2024-04-20T08:59:39.000Z
"4/20/2024, 4:04:39 AM",3.574,65.8,100,0,2024-04-20T09:04:39.000Z
"4/20/2024, 4:09:39 AM",3.575,65.8,100,0,2024-04-20T09:09:39.000Z
"4/20/2024, 4:14:39 AM",3.575,65.8,100,1,2024-04-20T09:14:39.000Z
"4/20/2024, 4:19:39 AM",3.574,65.8,100,0,2024-04-20T09:19:39.000Z
"4/20/2024, 4:24:39 AM",3.575,66,100,0,2024-04-20T09:24:39.000Z
"4/20/2024, 4:29:39 AM",3.574,66,100,0,2024-04-20T09:29:39.000Z
"4/20/2024, 4:34:39 AM",3.575,66,100,0,2024-04-20T09:34:39.000Z
"4/20/2024, 4:39:39 AM",3.574,66,100,0,2024-04-20T09:39:39.000Z
"4/20/2024, 4:44:39 AM",3.574,66,100,1,2024-04-20T09:44:39.000Z
"4/20/2024, 4:49:39 AM",3.574,66,100,0,2024-04-20T09:49:39.000Z
"4/20/2024, 4:54:39 AM",3.574,66,100,1,2024-04-20T09:54:39.000Z
"4/20/2024, 4:59:39 AM",3.574,65.8,100,1,2024-04-20T09:59:39.000Z
"4/20/2024, 5:04:39 AM",3.575,65.8,100,0,2024-04-20T10:04:39.000Z
"4/20/2024, 5:09:39 AM",3.574,65.7,100,1,2024-04-20T10:09:39.000Z
"4/20/2024, 5:14:39 AM",3.574,65.7,100,0,2024-04-20T10:14:39.000Z
"4/20/2024, 5:19:39 AM",3.574,65.7,100,1,2024-04-20T10:19:39.000Z
"4/20/2024, 5:24:39 AM",3.574,65.5,100,1,2024-04-20T10:24:39.000Z
"4/20/2024, 5:29:39 AM",3.574,65.5,100,1,2024-04-20T10:29:39.000Z
"4/20/2024, 5:34:39 AM",3.574,65.5,100,1,2024-04-20T10:34:39.000Z
"4/20/2024, 5:39:39 AM",3.574,65.5,100,1,2024-04-20T10:39:39.000Z
"4/20/2024, 5:44:39 AM",3.574,65.5,100,1,2024-04-20T10:44:39.000Z
"4/20/2024, 5:49:39 AM",3.574,65.3,100,1,2024-04-20T10:49:39.000Z
"4/20/2024, 5:54:39 AM",3.574,65.3,100,1,2024-04-20T10:54:39.000Z
"4/20/2024, 5:59:39 AM",3.574,65.3,100,1,2024-04-20T10:59:39.000Z
"4/20/2024, 6:04:39 AM",3.574,65.1,100,1,2024-04-20T11:04:39.000Z
"4/20/2024, 6:09:39 AM",3.574,65.3,100,1,2024-04-20T11:09:39.000Z
"4/20/2024, 6:14:39 AM",3.574,65.3,100,1,2024-04-20T11:14:39.000Z
"4/20/2024, 6:19:39 AM",3.574,65.3,100,0,2024-04-20T11:19:39.000Z
"4/20/2024, 6:24:39 AM",3.574,65.3,100,1,2024-04-20T11:24:39.000Z
"4/20/2024, 6:29:39 AM",3.574,65.5,100,1,2024-04-20T11:29:39.000Z
"4/20/2024, 6:34:39 AM",3.574,65.5,100,0,2024-04-20T11:34:39.000Z
"4/20/2024, 6:39:39 AM",3.574,65.7,100,1,2024-04-20T11:39:39.000Z
"4/20/2024, 6:44:39 AM",3.574,65.8,100,0,2024-04-20T11:44:39.000Z
"4/20/2024, 6:49:39 AM",3.574,66,100,0,2024-04-20T11:49:39.000Z
"4/20/2024, 6:54:39 AM",3.573,66.2,100,0,2024-04-20T11:54:39.000Z
"4/20/2024, 6:59:39 AM",3.574,66.2,100,0,2024-04-20T11:59:39.000Z
"4/20/2024, 7:04:39 AM",3.573,66.6,100,0,2024-04-20T12:04:39.000Z
"4/20/2024, 7:09:39 AM",3.573,66.7,100,0,2024-04-20T12:09:39.000Z
"4/20/2024, 7:14:39 AM",3.574,67.1,100,0,2024-04-20T12:14:39.000Z
"4/20/2024, 7:19:39 AM",3.573,67.3,100,0,2024-04-20T12:19:39.000Z
"4/20/2024, 7:24:39 AM",3.573,67.3,100,0,2024-04-20T12:24:39.000Z
"4/20/2024, 7:29:39 AM",3.573,67.3,100,0,2024-04-20T12:29:39.000Z
"4/20/2024, 7:34:39 AM",3.573,67.3,100,0,2024-04-20T12:34:39.000Z
"4/20/2024, 7:39:39 AM",3.573,67.5,100,0,2024-04-20T12:39:39.000Z
"4/20/2024, 7:44:39 AM",3.573,67.6,100,0,2024-04-20T12:44:39.000Z
"4/20/2024, 7:49:39 AM",3.574,67.8,100,0,2024-04-20T12:49:39.000Z
"4/20/2024, 7:54:39 AM",3.573,68,100,0,2024-04-20T12:54:39.000Z
"4/20/2024, 7:59:39 AM",3.573,68.2,100,0,2024-04-20T12:59:39.000Z
"4/20/2024, 8:04:39 AM",3.573,68.4,100,0,2024-04-20T13:04:39.000Z
"4/20/2024, 8:09:39 AM",3.573,68.4,100,0,2024-04-20T13:09:39.000Z
"4/20/2024, 8:14:39 AM",3.573,68.7,100,0,2024-04-20T13:14:39.000Z
"4/20/2024, 8:19:39 AM",3.573,69.1,100,0,2024-04-20T13:19:39.000Z
"4/20/2024, 8:24:39 AM",3.573,69.3,100,0,2024-04-20T13:24:39.000Z
"4/20/2024, 8:29:39 AM",3.573,69.6,100,0,2024-04-20T13:29:39.000Z
"4/20/2024, 8:34:39 AM",3.573,69.8,100,0,2024-04-20T13:34:39.000Z
"4/20/2024, 8:39:39 AM",3.573,70,100,0,2024-04-20T13:39:39.000Z
"4/20/2024, 8:44:39 AM",3.573,70.2,100,0,2024-04-20T13:44:39.000Z
"4/20/2024, 8:49:39 AM",3.573,70.2,100,0,2024-04-20T13:49:39.000Z
"4/20/2024, 8:54:39 AM",3.573,70.5,100,0,2024-04-20T13:54:39.000Z
"4/20/2024, 8:59:39 AM",3.573,70.9,100,0,2024-04-20T13:59:39.000Z
"4/20/2024, 9:04:39 AM",3.573,71.1,100,0,2024-04-20T14:04:39.000Z
"4/20/2024, 9:09:39 AM",3.573,71.2,100,0,2024-04-20T14:09:39.000Z
"4/20/2024, 9:14:39 AM",3.573,71.4,100,0,2024-04-20T14:14:39.000Z
"4/20/2024, 9:19:39 AM",3.572,71.6,100,0,2024-04-20T14:19:39.000Z
"4/20/2024, 9:24:39 AM",3.573,72,100,0,2024-04-20T14:24:39.000Z
"4/20/2024, 9:29:39 AM",3.573,72.3,100,0,2024-04-20T14:29:39.000Z
"4/20/2024, 9:34:39 AM",3.573,72.5,100,0,2024-04-20T14:34:39.000Z
"4/20/2024, 9:39:39 AM",3.573,72.7,100,0,2024-04-20T14:39:39.000Z
"4/20/2024, 9:44:39 AM",3.573,72.9,100,0,2024-04-20T14:44:39.000Z
"4/20/2024, 9:49:39 AM",3.573,72.9,100,0,2024-04-20T14:49:39.000Z
"4/20/2024, 9:54:39 AM",3.573,73,100,0,2024-04-20T14:54:39.000Z
"4/20/2024, 9:59:39 AM",3.573,73.2,100,0,2024-04-20T14:59:39.000Z
"4/20/2024, 10:04:39 AM",3.573,73.6,100,0,2024-04-20T15:04:39.000Z
"4/20/2024, 10:09:39 AM",3.572,73.9,100,0,2024-04-20T15:09:39.000Z
"4/20/2024, 10:14:39 AM",3.573,74.3,100,0,2024-04-20T15:14:39.000Z
"4/20/2024, 10:19:39 AM",3.573,74.7,100,0,2024-04-20T15:19:39.000Z
"4/20/2024, 10:24:39 AM",3.572,75,100,0,2024-04-20T15:24:39.000Z
"4/20/2024, 10:29:39 AM",3.572,75.4,100,0,2024-04-20T15:29:39.000Z
"4/20/2024, 10:34:39 AM",3.572,75.6,100,0,2024-04-20T15:34:39.000Z
"4/20/2024, 10:39:39 AM",3.572,75.7,100,0,2024-04-20T15:39:39.000Z
"4/20/2024, 10:44:39 AM",3.572,75.9,100,0,2024-04-20T15:44:39.000Z
"4/20/2024, 10:49:39 AM",3.572,76.1,100,0,2024-04-20T15:49:39.000Z
"4/20/2024, 10:54:39 AM",3.573,76.3,100,0,2024-04-20T15:54:39.000Z
"4/20/2024, 10:59:39 AM",3.572,76.5,100,0,2024-04-20T15:59:39.000Z
"4/20/2024, 11:04:39 AM",3.572,76.6,100,0,2024-04-20T16:04:39.000Z
"4/20/2024, 11:09:39 AM",3.572,76.6,100,0,2024-04-20T16:09:39.000Z
"4/20/2024, 11:14:39 AM",3.572,77,100,0,2024-04-20T16:14:39.000Z
"4/20/2024, 11:19:39 AM",3.572,77.2,100,0,2024-04-20T16:19:39.000Z
"4/20/2024, 11:24:39 AM",3.573,77.4,100,0,2024-04-20T16:24:39.000Z
"4/20/2024, 11:29:39 AM",3.572,77.7,100,0,2024-04-20T16:29:39.000Z
"4/20/2024, 11:34:39 AM",3.572,78.1,100,0,2024-04-20T16:34:39.000Z
"4/20/2024, 11:39:39 AM",3.572,78.3,100,0,2024-04-20T16:39:39.000Z
"4/20/2024, 11:44:39 AM",3.572,78.8,100,0,2024-04-20T16:44:39.000Z
"4/20/2024, 11:49:39 AM",3.572,79.2,100,0,2024-04-20T16:49:39.000Z
"4/20/2024, 11:54:39 AM",3.572,79.3,100,0,2024-04-20T16:54:39.000Z
"4/20/2024, 11:59:39 AM",3.572,79.5,100,0,2024-04-20T16:59:39.000Z
"4/20/2024, 12:04:39 PM",3.572,79.7,100,0,2024-04-20T17:04:39.000Z
"4/20/2024, 12:09:39 PM",3.572,79.7,100,0,2024-04-20T17:09:39.000Z
"4/20/2024, 12:14:39 PM",3.572,79.9,100,0,2024-04-20T17:14:39.000Z
"4/20/2024, 12:19:39 PM",3.572,80.1,100,0,2024-04-20T17:19:39.000Z
"4/20/2024, 12:24:39 PM",3.572,80.1,100,0,2024-04-20T17:24:39.000Z
"4/20/2024, 12:29:39 PM",3.572,80.2,100,0,2024-04-20T17:29:39.000Z
"4/20/2024, 12:34:39 PM",3.572,80.6,100,0,2024-04-20T17:34:39.000Z
"4/20/2024, 12:39:39 PM",3.572,80.8,100,0,2024-04-20T17:39:39.000Z
"4/20/2024, 12:44:39 PM",3.572,81,100,0,2024-04-20T17:44:39.000Z
"4/20/2024, 12:49:39 PM",3.572,81.1,100,0,2024-04-20T17:49:39.000Z
"4/20/2024, 12:54:39 PM",3.572,81.5,100,0,2024-04-20T17:54:39.000Z
"4/20/2024, 12:59:39 PM",3.572,81.5,100,0,2024-04-20T17:59:39.000Z
"4/20/2024, 1:04:39 PM",3.572,81.7,100,0,2024-04-20T18:04:39.000Z
"4/20/2024, 1:09:39 PM",3.572,81.9,100,0,2024-04-20T18:09:39.000Z
"4/20/2024, 1:14:39 PM",3.572,81.9,100,0,2024-04-20T18:14:39.000Z
"4/20/2024, 1:19:39 PM",3.571,82,100,0,2024-04-20T18:19:39.000Z
"4/20/2024, 1:24:39 PM",3.572,82.4,100,0,2024-04-20T18:24:39.000Z
"4/20/2024, 1:29:39 PM",3.572,82.4,100,0,2024-04-20T18:29:39.000Z
"4/20/2024, 1:34:39 PM",3.572,82.6,100,0,2024-04-20T18:34:39.000Z
"4/20/2024, 1:39:39 PM",3.572,82.6,100,0,2024-04-20T18:39:39.000Z
"4/20/2024, 1:44:39 PM",3.572,82.8,100,0,2024-04-20T18:44:39.000Z
"4/20/2024, 1:49:39 PM",3.572,82.9,100,0,2024-04-20T18:49:39.000Z
"4/20/2024, 1:54:39 PM",3.572,83.1,100,0,2024-04-20T18:54:39.000Z
"4/20/2024, 1:59:39 PM",3.572,83.3,100,0,2024-04-20T18:59:39.000Z
"4/20/2024, 2:04:39 PM",3.572,83.5,100,0,2024-04-20T19:04:39.000Z
"4/20/2024, 2:09:39 PM",3.572,83.3,100,0,2024-04-20T19:09:39.000Z
"4/20/2024, 2:14:39 PM",3.572,83.1,100,0,2024-04-20T19:14:39.000Z
"4/20/2024, 2:19:39 PM",3.572,83.1,100,0,2024-04-20T19:19:39.000Z
"4/20/2024, 2:24:39 PM",3.572,83.3,100,0,2024-04-20T19:24:39.000Z
"4/20/2024, 2:29:39 PM",3.572,83.5,100,0,2024-04-20T19:29:39.000Z
"4/20/2024, 2:34:39 PM",3.572,83.8,100,0,2024-04-20T19:34:39.000Z
"4/20/2024, 2:39:39 PM",3.572,84,100,0,2024-04-20T19:39:39.000Z
"4/20/2024, 2:44:39 PM",3.572,84,100,0,2024-04-20T19:44:39.000Z
"4/20/2024, 2:49:39 PM",3.572,84.2,100,0,2024-04-20T19:49:39.000Z
"4/20/2024, 2:54:39 PM",3.572,84.2,100,0,2024-04-20T19:54:39.000Z
"4/20/2024, 2:59:39 PM",3.572,84.4,100,0,2024-04-20T19:59:39.000Z
"4/20/2024, 3:04:39 PM",3.572,84.4,100,0,2024-04-20T20:04:39.000Z
"4/20/2024, 3:09:39 PM",3.572,84.4,100,0,2024-04-20T20:09:39.000Z
"4/20/2024, 3:14:39 PM",3.572,84.2,100,0,2024-04-20T20:14:39.000Z
"4/20/2024, 3:19:39 PM",3.572,84.2,100,0,2024-04-20T20:19:39.000Z
"4/20/2024, 3:24:39 PM",3.572,84.4,100,0,2024-04-20T20:24:39.000Z
"4/20/2024, 3:29:39 PM",3.572,84.2,100,0,2024-04-20T20:29:39.000Z
"4/20/2024, 3:34:39 PM",3.572,84.2,100,0,2024-04-20T20:34:39.000Z
"4/20/2024, 3:39:39 PM",3.572,84.2,100,0,2024-04-20T20:39:39.000Z
"4/20/2024, 3:44:39 PM",3.572,84.2,100,0,2024-04-20T20:44:39.000Z
"4/20/2024, 3:49:39 PM",3.572,83.8,100,0,2024-04-20T20:49:39.000Z
"4/20/2024, 3:54:39 PM",3.572,83.8,100,0,2024-04-20T20:54:39.000Z
"4/20/2024, 3:59:39 PM",3.572,84,100,0,2024-04-20T20:59:39.000Z
"4/20/2024, 4:04:39 PM",3.572,84,100,0,2024-04-20T21:04:39.000Z
"4/20/2024, 4:09:39 PM",3.572,84,100,0,2024-04-20T21:09:39.000Z
"4/20/2024, 4:14:39 PM",3.572,84,100,0,2024-04-20T21:14:39.000Z
"4/20/2024, 4:19:39 PM",3.572,83.8,100,0,2024-04-20T21:19:39.000Z
"4/20/2024, 4:24:39 PM",3.572,83.7,100,0,2024-04-20T21:24:39.000Z
"4/20/2024, 4:29:39 PM",3.572,83.7,100,0,2024-04-20T21:29:39.000Z
"4/20/2024, 4:34:39 PM",3.572,83.5,100,0,2024-04-20T21:34:39.000Z
"4/20/2024, 4:39:39 PM",3.572,83.3,100,0,2024-04-20T21:39:39.000Z
"4/20/2024, 4:44:39 PM",3.573,83.1,100,0,2024-04-20T21:44:39.000Z
"4/20/2024, 4:49:39 PM",3.573,83.3,100,0,2024-04-20T21:49:39.000Z
"4/20/2024, 4:54:39 PM",3.573,83.3,100,0,2024-04-20T21:54:39.000Z
"4/20/2024, 4:59:39 PM",3.572,83.3,100,0,2024-04-20T21:59:39.000Z
"4/20/2024, 5:04:39 PM",3.572,83.1,100,0,2024-04-20T22:04:39.000Z
"4/20/2024, 5:09:39 PM",3.573,83.1,100,0,2024-04-20T22:09:39.000Z
"4/20/2024, 5:14:39 PM",3.573,82.8,100,0,2024-04-20T22:14:39.000Z
"4/20/2024, 5:19:39 PM",3.573,82.6,100,0,2024-04-20T22:19:39.000Z
"4/20/2024, 5:24:39 PM",3.572,82.4,100,0,2024-04-20T22:24:39.000Z
"4/20/2024, 5:29:39 PM",3.573,81.9,100,0,2024-04-20T22:29:39.000Z
"4/20/2024, 5:34:39 PM",3.572,81,100,0,2024-04-20T22:34:39.000Z
"4/20/2024, 5:39:39 PM",3.573,79.9,99.7,0,2024-04-20T22:39:39.000Z
"4/20/2024, 5:44:39 PM",3.573,79.2,99.4,0,2024-04-20T22:44:39.000Z
"4/20/2024, 5:49:39 PM",3.574,78.4,99.3,0,2024-04-20T22:49:39.000Z
"4/20/2024, 5:54:39 PM",3.574,77.7,99.2,0,2024-04-20T22:54:39.000Z
"4/20/2024, 5:59:39 PM",3.574,77,99.1,0,2024-04-20T22:59:39.000Z
"4/20/2024, 6:04:39 PM",3.574,76.3,99.1,0,2024-04-20T23:04:39.000Z
"4/20/2024, 6:09:39 PM",3.575,75.7,99.1,0,2024-04-20T23:09:39.000Z
"4/20/2024, 6:14:39 PM",3.575,75.2,99.1,0,2024-04-20T23:14:39.000Z
"4/20/2024, 6:19:39 PM",3.575,74.7,99.2,0,2024-04-20T23:19:39.000Z
"4/20/2024, 6:24:39 PM",3.575,74.1,99.2,0,2024-04-20T23:24:39.000Z
"4/20/2024, 6:29:39 PM",3.575,73.6,99.3,0,2024-04-20T23:29:39.000Z
"4/20/2024, 6:34:39 PM",3.575,72.9,99.4,0,2024-04-20T23:34:39.000Z
"4/20/2024, 6:39:39 PM",3.575,72.3,99.5,0,2024-04-20T23:39:39.000Z
"4/20/2024, 6:44:39 PM",3.575,71.8,99.5,0,2024-04-20T23:44:39.000Z
"4/20/2024, 6:49:39 PM",3.576,71.2,99.6,0,2024-04-20T23:49:39.000Z
"4/20/2024, 6:54:39 PM",3.575,70.7,99.7,0,2024-04-20T23:54:39.000Z
"4/20/2024, 6:59:39 PM",3.576,70.2,99.8,0,2024-04-20T23:59:39.000Z
"4/20/2024, 7:04:39 PM",3.576,69.4,99.9,0,2024-04-21T00:04:39.000Z
"4/20/2024, 7:09:39 PM",3.576,68.9,99.9,0,2024-04-21T00:09:39.000Z
"4/20/2024, 7:14:39 PM",3.576,68.4,100,0,2024-04-21T00:14:39.000Z
"4/20/2024, 7:19:39 PM",3.576,68.2,100,0,2024-04-21T00:19:39.000Z
"4/20/2024, 7:24:39 PM",3.576,67.6,100,0,2024-04-21T00:24:39.000Z
"4/20/2024, 7:29:39 PM",3.576,67.1,100,0,2024-04-21T00:29:39.000Z
"4/20/2024, 7:34:39 PM",3.576,66.7,100,0,2024-04-21T00:34:39.000Z
"4/20/2024, 7:39:39 PM",3.576,66.4,100,0,2024-04-21T00:39:39.000Z
"4/20/2024, 7:44:39 PM",3.575,66,100,0,2024-04-21T00:44:39.000Z
"4/20/2024, 7:49:39 PM",3.576,65.7,100,0,2024-04-21T00:49:39.000Z
"4/20/2024, 7:54:39 PM",3.576,65.3,100,0,2024-04-21T00:54:39.000Z
"4/20/2024, 7:59:39 PM",3.576,64.9,100,0,2024-04-21T00:59:39.000Z
"4/20/2024, 8:04:39 PM",3.576,64.6,100,0,2024-04-21T01:04:39.000Z
"4/20/2024, 8:09:39 PM",3.575,64.2,100,0,2024-04-21T01:09:39.000Z
"4/20/2024, 8:14:39 PM",3.575,64,100,0,2024-04-21T01:14:39.000Z
"4/20/2024, 8:19:39 PM",3.576,63.9,100,0,2024-04-21T01:19:39.000Z
"4/20/2024, 8:24:39 PM",3.576,63.5,100,0,2024-04-21T01:24:39.000Z
"4/20/2024, 8:29:39 PM",3.576,63.5,100,0,2024-04-21T01:29:39.000Z
"4/20/2024, 8:34:39 PM",3.576,63.3,100,0,2024-04-21T01:34:39.000Z
"4/20/2024, 8:39:39 PM",3.575,63.1,100,0,2024-04-21T01:39:39.000Z
"4/20/2024, 8:44:39 PM",3.575,63.1,100,0,2024-04-21T01:44:39.000Z
"4/20/2024, 8:49:39 PM",3.575,63,100,0,2024-04-21T01:49:39.000Z
"4/20/2024, 8:54:39 PM",3.575,63,100,0,2024-04-21T01:54:39.000Z
"4/20/2024, 8:59:39 PM",3.575,62.8,100,0,2024-04-21T01:59:39.000Z
"4/20/2024, 9:04:39 PM",3.575,62.6,100,0,2024-04-21T02:04:39.000Z
"4/20/2024, 9:09:39 PM",3.575,62.6,100,0,2024-04-21T02:09:39.000Z
"4/20/2024, 9:14:39 PM",3.575,62.4,100,0,2024-04-21T02:14:39.000Z
"4/20/2024, 9:19:39 PM",3.575,62.4,100,0,2024-04-21T02:19:39.000Z
"4/20/2024, 9:24:39 PM",3.575,62.4,100,0,2024-04-21T02:24:39.000Z
"4/20/2024, 9:29:39 PM",3.574,62.2,100,1,2024-04-21T02:29:39.000Z
"4/20/2024, 9:34:39 PM",3.575,62.2,100,0,2024-04-21T02:34:39.000Z
"4/20/2024, 9:39:39 PM",3.574,62.2,100,0,2024-04-21T02:39:39.000Z
"4/20/2024, 9:44:39 PM",3.574,62.2,100,0,2024-04-21T02:44:39.000Z
"4/20/2024, 9:49:39 PM",3.574,62.2,100,0,2024-04-21T02:49:39.000Z
"4/20/2024, 9:54:39 PM",3.574,62.1,100,0,2024-04-21T02:54:39.000Z
"4/20/2024, 9:59:39 PM",3.574,62.2,100,0,2024-04-21T02:59:39.000Z
"4/20/2024, 10:04:39 PM",3.573,62.2,100,0,2024-04-21T03:04:39.000Z
"4/20/2024, 10:09:39 PM",3.574,62.1,100,0,2024-04-21T03:09:39.000Z
"4/20/2024, 10:14:39 PM",3.574,62.2,100,0,2024-04-21T03:14:39.000Z
"4/20/2024, 10:19:39 PM",3.574,62.2,100,0,2024-04-21T03:19:39.000Z
"4/20/2024, 10:24:39 PM",3.574,62.2,100,0,2024-04-21T03:24:39.000Z
"4/20/2024, 10:29:39 PM",3.574,62.2,100,0,2024-04-21T03:29:39.000Z
"4/20/2024, 10:34:39 PM",3.574,62.1,100,0,2024-04-21T03:34:39.000Z
"4/20/2024, 10:39:39 PM",3.573,62.1,100,0,2024-04-21T03:39:39.000Z
"4/20/2024, 10:44:39 PM",3.573,61.9,100,0,2024-04-21T03:44:39.000Z
"4/20/2024, 10:49:39 PM",3.573,61.9,100,0,2024-04-21T03:49:39.000Z
"4/20/2024, 10:54:39 PM",3.573,61.7,100,0,2024-04-21T03:54:39.000Z
"4/20/2024, 10:59:39 PM",3.573,61.7,100,0,2024-04-21T03:59:39.000Z
"4/20/2024, 11:04:39 PM",3.573,61.7,100,0,2024-04-21T04:04:39.000Z
"4/20/2024, 11:09:39 PM",3.573,61.7,100,0,2024-04-21T04:09:39.000Z
"4/20/2024, 11:14:39 PM",3.573,61.5,100,0,2024-04-21T04:14:39.000Z
"4/20/2024, 11:19:39 PM",3.573,61.5,100,0,2024-04-21T04:19:39.000Z
"4/20/2024, 11:24:39 PM",3.573,61.5,100,0,2024-04-21T04:24:39.000Z
"4/20/2024, 11:29:39 PM",3.573,61.5,100,0,2024-04-21T04:29:39.000Z
"4/20/2024, 11:34:39 PM",3.572,61.5,100,1,2024-04-21T04:34:39.000Z
"4/20/2024, 11:39:39 PM",3.572,61.5,100,0,2024-04-21T04:39:39.000Z
"4/20/2024, 11:44:39 PM",3.573,61.3,100,1,2024-04-21T04:44:39.000Z
"4/20/2024, 11:49:39 PM",3.572,61.3,100,1,2024-04-21T04:49:39.000Z
"4/20/2024, 11:54:39 PM",3.572,61.2,100,1,2024-04-21T04:54:39.000Z
"4/20/2024, 11:59:39 PM",3.572,61.2,100,1,2024-04-21T04:59:39.000Z
"4/21/2024, 12:04:39 AM",3.573,61,100,0,2024-04-21T05:04:39.000Z
"4/21/2024, 12:09:39 AM",3.572,61,100,0,2024-04-21T05:09:39.000Z
"4/21/2024, 12:14:39 AM",3.572,60.8,100,1,2024-04-21T05:14:39.000Z
"4/21/2024, 12:19:39 AM",3.573,60.8,100,1,2024-04-21T05:19:39.000Z
"4/21/2024, 12:24:39 AM",3.572,60.6,100,0,2024-04-21T05:24:39.000Z
"4/21/2024, 12:29:39 AM",3.573,60.4,100,0,2024-04-21T05:29:39.000Z
"4/21/2024, 12:34:39 AM",3.572,60.4,100,0,2024-04-21T05:34:39.000Z
"4/21/2024, 12:39:39 AM",3.572,60.3,100,0,2024-04-21T05:39:39.000Z
"4/21/2024, 12:44:39 AM",3.572,60.3,100,0,2024-04-21T05:44:39.000Z
"4/21/2024, 12:49:39 AM",3.572,60.3,100,1,2024-04-21T05:49:39.000Z
"4/21/2024, 12:54:39 AM",3.572,60.3,100,1,2024-04-21T05:54:39.000Z
"4/21/2024, 12:59:39 AM",3.572,60.3,100,1,2024-04-21T05:59:39.000Z
"4/21/2024, 1:04:39 AM",3.572,60.3,100,1,2024-04-21T06:04:39.000Z
"4/21/2024, 1:09:39 AM",3.572,60.1,100,1,2024-04-21T06:09:39.000Z
"4/21/2024, 1:14:39 AM",3.572,60.3,100,1,2024-04-21T06:14:39.000Z
"4/21/2024, 1:19:39 AM",3.572,60.3,100,1,2024-04-21T06:19:39.000Z
"4/21/2024, 1:24:39 AM",3.572,60.3,100,1,2024-04-21T06:24:39.000Z
"4/21/2024, 1:29:39 AM",3.572,60.4,100,0,2024-04-21T06:29:39.000Z
"4/21/2024, 1:34:39 AM",3.572,60.4,100,0,2024-04-21T06:34:39.000Z
"4/21/2024, 1:39:39 AM",3.571,60.6,100,1,2024-04-21T06:39:39.000Z
"4/21/2024, 1:44:39 AM",3.571,60.6,100,1,2024-04-21T06:44:39.000Z
"4/21/2024, 1:49:39 AM",3.571,60.4,100,0,2024-04-21T06:49:39.000Z
"4/21/2024, 1:54:39 AM",3.571,60.4,100,1,2024-04-21T06:54:39.000Z
"4/21/2024, 1:59:39 AM",3.572,60.4,100,0,2024-04-21T06:59:39.000Z
"4/21/2024, 2:04:39 AM",3.571,60.4,100,1,2024-04-21T07:04:39.000Z
"4/21/2024, 2:09:39 AM",3.572,60.3,100,0,2024-04-21T07:09:39.000Z
"4/21/2024, 2:14:39 AM",3.571,60.3,100,1,2024-04-21T07:14:39.000Z
"4/21/2024, 2:19:39 AM",3.572,60.3,100,1,2024-04-21T07:19:39.000Z
"4/21/2024, 2:24:39 AM",3.571,60.3,100,1,2024-04-21T07:24:39.000Z
"4/21/2024, 2:29:39 AM",3.571,60.4,100,1,2024-04-21T07:29:39.000Z
"4/21/2024, 2:34:39 AM",3.572,60.3,100,1,2024-04-21T07:34:39.000Z
"4/21/2024, 2:39:39 AM",3.571,60.3,100,1,2024-04-21T07:39:39.000Z
"4/21/2024, 2:44:39 AM",3.571,60.1,100,1,2024-04-21T07:44:39.000Z
"4/21/2024, 2:49:39 AM",3.571,60.1,100,1,2024-04-21T07:49:39.000Z
"4/21/2024, 2:54:39 AM",3.571,59.9,100,1,2024-04-21T07:54:39.000Z
"4/21/2024, 2:59:39 AM",3.571,59.7,100,1,2024-04-21T07:59:39.000Z
"4/21/2024, 3:04:39 AM",3.572,59.7,100,1,2024-04-21T08:04:39.000Z
"4/21/2024, 3:09:39 AM",3.571,59.7,100,1,2024-04-21T08:09:39.000Z
"4/21/2024, 3:14:39 AM",3.571,59.5,100,1,2024-04-21T08:14:39.000Z
"4/21/2024, 3:19:39 AM",3.571,59.5,100,1,2024-04-21T08:19:39.000Z
"4/21/2024, 3:24:39 AM",3.571,59.5,100,1,2024-04-21T08:24:39.000Z
"4/21/2024, 3:29:39 AM",3.571,59.7,100,1,2024-04-21T08:29:39.000Z
"4/21/2024, 3:34:39 AM",3.571,59.9,100,1,2024-04-21T08:34:39.000Z
"4/21/2024, 3:39:39 AM",3.571,59.9,100,1,2024-04-21T08:39:39.000Z
"4/21/2024, 3:44:39 AM",3.571,59.9,100,1,2024-04-21T08:44:39.000Z
"4/21/2024, 3:49:39 AM",3.571,60.1,100,1,2024-04-21T08:49:39.000Z
"4/21/2024, 3:54:39 AM",3.571,60.3,100,1,2024-04-21T08:54:39.000Z
"4/21/2024, 3:59:39 AM",3.571,60.3,100,1,2024-04-21T08:59:39.000Z
"4/21/2024, 4:04:39 AM",3.571,60.4,100,1,2024-04-21T09:04:39.000Z
"4/21/2024, 4:09:39 AM",3.571,60.6,100,1,2024-04-21T09:09:39.000Z
"4/21/2024, 4:14:39 AM",3.571,60.8,100,1,2024-04-21T09:14:39.000Z
"4/21/2024, 4:19:39 AM",3.571,61,100,1,2024-04-21T09:19:39.000Z
"4/21/2024, 4:24:39 AM",3.571,61,100,1,2024-04-21T09:24:39.000Z
"4/21/2024, 4:29:39 AM",3.57,61.2,100,1,2024-04-21T09:29:39.000Z
"4/21/2024, 4:34:39 AM",3.571,61.2,100,1,2024-04-21T09:34:39.000Z
"4/21/2024, 4:39:39 AM",3.57,61.2,100,1,2024-04-21T09:39:39.000Z
"4/21/2024, 4:44:39 AM",3.571,61.2,100,1,2024-04-21T09:44:39.000Z
"4/21/2024, 4:49:39 AM",3.57,61,100,1,2024-04-21T09:49:39.000Z
"4/21/2024, 4:54:39 AM",3.57,60.8,100,1,2024-04-21T09:54:39.000Z
"4/21/2024, 4:59:39 AM",3.57,60.6,100,1,2024-04-21T09:59:39.000Z
"4/21/2024, 5:04:39 AM",3.57,60.4,100,1,2024-04-21T10:04:39.000Z
"4/21/2024, 5:09:39 AM",3.571,60.3,100,1,2024-04-21T10:09:39.000Z
"4/21/2024, 5:14:39 AM",3.571,60.1,100,1,2024-04-21T10:14:39.000Z
"4/21/2024, 5:19:39 AM",3.571,60.1,100,1,2024-04-21T10:19:39.000Z
"4/21/2024, 5:24:39 AM",3.571,60.1,100,1,2024-04-21T10:24:39.000Z
"4/21/2024, 5:29:39 AM",3.57,59.9,100,1,2024-04-21T10:29:39.000Z
"4/21/2024, 5:34:39 AM",3.571,60.1,100,1,2024-04-21T10:34:39.000Z
"4/21/2024, 5:39:39 AM",3.57,59.9,100,1,2024-04-21T10:39:39.000Z
"4/21/2024, 5:44:39 AM",3.57,59.9,100,1,2024-04-21T10:44:39.000Z
"4/21/2024, 5:49:39 AM",3.571,59.9,100,1,2024-04-21T10:49:39.000Z
"4/21/2024, 5:54:39 AM",3.571,59.9,100,1,2024-04-21T10:54:39.000Z
"4/21/2024, 5:59:39 AM",3.57,59.9,100,1,2024-04-21T10:59:39.000Z
"4/21/2024, 6:04:39 AM",3.571,59.7,100,1,2024-04-21T11:04:39.000Z
"4/21/2024, 6:09:39 AM",3.57,59.7,100,1,2024-04-21T11:09:39.000Z
"4/21/2024, 6:14:39 AM",3.57,59.5,100,1,2024-04-21T11:14:39.000Z
"4/21/2024, 6:19:39 AM",3.57,59.5,100,1,2024-04-21T11:19:39.000Z
"4/21/2024, 6:24:39 AM",3.571,59.5,100,1,2024-04-21T11:24:39.000Z
"4/21/2024, 6:29:39 AM",3.57,59.7,100,1,2024-04-21T11:29:39.000Z
"4/21/2024, 6:34:39 AM",3.57,59.7,100,1,2024-04-21T11:34:39.000Z
"4/21/2024, 6:39:39 AM",3.57,59.7,100,1,2024-04-21T11:39:39.000Z
"4/21/2024, 6:44:39 AM",3.571,59.9,100,1,2024-04-21T11:44:39.000Z
"4/21/2024, 6:49:39 AM",3.57,60.1,100,1,2024-04-21T11:49:39.000Z
"4/21/2024, 6:54:39 AM",3.57,60.3,100,1,2024-04-21T11:54:39.000Z
"4/21/2024, 6:59:39 AM",3.57,60.3,100,1,2024-04-21T11:59:39.000Z
"4/21/2024, 7:04:39 AM",3.57,60.4,100,1,2024-04-21T12:04:39.000Z
"4/21/2024, 7:09:39 AM",3.57,60.6,100,1,2024-04-21T12:09:39.000Z
"4/21/2024, 7:14:39 AM",3.57,61,100,1,2024-04-21T12:14:39.000Z
"4/21/2024, 7:19:39 AM",3.57,61.3,100,1,2024-04-21T12:19:39.000Z
"4/21/2024, 7:24:39 AM",3.57,61.7,100,1,2024-04-21T12:24:39.000Z
"4/21/2024, 7:29:39 AM",3.57,62.1,100,1,2024-04-21T12:29:39.000Z
"4/21/2024, 7:34:39 AM",3.57,62.6,100,1,2024-04-21T12:34:39.000Z
"4/21/2024, 7:39:39 AM",3.57,63,100,1,2024-04-21T12:39:39.000Z
"4/21/2024, 7:44:39 AM",3.57,63.1,100,1,2024-04-21T12:44:39.000Z
"4/21/2024, 7:49:39 AM",3.57,63.1,100,1,2024-04-21T12:49:39.000Z
"4/21/2024, 7:54:39 AM",3.57,63.1,100,1,2024-04-21T12:54:39.000Z
"4/21/2024, 7:59:39 AM",3.57,63.1,100,1,2024-04-21T12:59:39.000Z
"4/21/2024, 8:04:39 AM",3.57,63.1,100,1,2024-04-21T13:04:39.000Z
"4/21/2024, 8:09:39 AM",3.57,63.3,100,1,2024-04-21T13:09:39.000Z
"4/21/2024, 8:14:39 AM",3.57,63.3,100,1,2024-04-21T13:14:39.000Z
"4/21/2024, 8:19:39 AM",3.57,63.3,100,1,2024-04-21T13:19:39.000Z
"4/21/2024, 8:24:39 AM",3.57,63.5,100,1,2024-04-21T13:24:39.000Z
"4/21/2024, 8:29:39 AM",3.57,63.7,100,1,2024-04-21T13:29:39.000Z
"4/21/2024, 8:34:39 AM",3.57,63.9,100,1,2024-04-21T13:34:39.000Z
"4/21/2024, 8:39:39 AM",3.57,64.2,100,1,2024-04-21T13:39:39.000Z
"4/21/2024, 8:44:39 AM",3.57,64.8,100,1,2024-04-21T13:44:39.000Z
"4/21/2024, 8:49:39 AM",3.57,65.3,100,1,2024-04-21T13:49:39.000Z
"4/21/2024, 8:54:39 AM",3.57,65.8,100,1,2024-04-21T13:54:39.000Z
"4/21/2024, 8:59:39 AM",3.569,66.4,100,1,2024-04-21T13:59:39.000Z
"4/21/2024, 9:04:39 AM",3.57,66.9,100,1,2024-04-21T14:04:39.000Z
"4/21/2024, 9:09:39 AM",3.57,67.1,100,1,2024-04-21T14:09:39.000Z
"4/21/2024, 9:14:39 AM",3.57,67.1,100,0,2024-04-21T14:14:39.000Z
"4/21/2024, 9:19:39 AM",3.57,67.1,100,1,2024-04-21T14:19:39.000Z
"4/21/2024, 9:24:39 AM",3.57,66.9,100,1,2024-04-21T14:24:39.000Z
"4/21/2024, 9:29:39 AM",3.57,66.9,100,1,2024-04-21T14:29:39.000Z
"4/21/2024, 9:34:39 AM",3.57,66.9,100,1,2024-04-21T14:34:39.000Z
"4/21/2024, 9:39:39 AM",3.57,67.3,100,1,2024-04-21T14:39:39.000Z
"4/21/2024, 9:44:39 AM",3.57,68,100,1,2024-04-21T14:44:39.000Z
"4/21/2024, 9:49:39 AM",3.57,68.7,100,1,2024-04-21T14:49:39.000Z
"4/21/2024, 9:54:39 AM",3.57,69.1,100,1,2024-04-21T14:54:39.000Z
"4/21/2024, 9:59:39 AM",3.57,69.1,100,1,2024-04-21T14:59:39.000Z
"4/21/2024, 10:04:39 AM",3.57,68.9,100,1,2024-04-21T15:04:39.000Z
"4/21/2024, 10:09:39 AM",3.571,68.7,100,1,2024-04-21T15:09:39.000Z
"4/21/2024, 10:14:39 AM",3.571,68.4,100,1,2024-04-21T15:14:39.000Z
"4/21/2024, 10:19:39 AM",3.57,68.4,100,1,2024-04-21T15:19:39.000Z
"4/21/2024, 10:24:39 AM",3.571,68.4,100,1,2024-04-21T15:24:39.000Z
"4/21/2024, 10:29:39 AM",3.571,68.4,100,1,2024-04-21T15:29:39.000Z
"4/21/2024, 10:34:39 AM",3.571,68.4,100,1,2024-04-21T15:34:39.000Z
"4/21/2024, 10:39:39 AM",3.571,68.5,100,1,2024-04-21T15:39:39.000Z
"4/21/2024, 10:44:39 AM",3.571,68.9,100,1,2024-04-21T15:44:39.000Z
"4/21/2024, 10:49:39 AM",3.571,69.3,100,1,2024-04-21T15:49:39.000Z
"4/21/2024, 10:54:39 AM",3.57,69.6,100,1,2024-04-21T15:54:39.000Z
"4/21/2024, 10:59:39 AM",3.57,70,100,1,2024-04-21T15:59:39.000Z
"4/21/2024, 11:04:39 AM",3.571,70.3,100,1,2024-04-21T16:04:39.000Z
"4/21/2024, 11:09:39 AM",3.57,70.5,100,1,2024-04-21T16:09:39.000Z
"4/21/2024, 11:14:39 AM",3.57,70.7,100,1,2024-04-21T16:14:39.000Z
"4/21/2024, 11:19:39 AM",3.57,70.9,100,1,2024-04-21T16:19:39.000Z
"4/21/2024, 11:24:39 AM",3.57,70.7,100,1,2024-04-21T16:24:39.000Z
"4/21/2024, 11:29:39 AM",3.57,70.7,100,1,2024-04-21T16:29:39.000Z
"4/21/2024, 11:34:39 AM",3.571,70.7,100,0,2024-04-21T16:34:39.000Z
"4/21/2024, 11:39:39 AM",3.57,70.9,100,1,2024-04-21T16:39:39.000Z
"4/21/2024, 11:44:39 AM",3.571,71.1,100,0,2024-04-21T16:44:39.000Z
"4/21/2024, 11:49:39 AM",3.57,71.4,100,0,2024-04-21T16:49:39.000Z
"4/21/2024, 11:54:39 AM",3.57,71.6,100,0,2024-04-21T16:54:39.000Z
"4/21/2024, 11:59:39 AM",3.57,71.8,100,0,2024-04-21T16:59:39.000Z
"4/21/2024, 12:04:39 PM",3.571,71.8,100,0,2024-04-21T17:04:39.000Z
"4/21/2024, 12:09:39 PM",3.571,71.8,100,0,2024-04-21T17:09:39.000Z
"4/21/2024, 12:14:39 PM",3.571,71.6,100,0,2024-04-21T17:14:39.000Z
"4/21/2024, 12:19:39 PM",3.571,71.6,100,0,2024-04-21T17:19:39.000Z
"4/21/2024, 12:24:39 PM",3.571,71.6,100,0,2024-04-21T17:24:39.000Z
"4/21/2024, 12:29:39 PM",3.571,71.8,100,0,2024-04-21T17:29:39.000Z
"4/21/2024, 12:34:39 PM",3.571,72,100,0,2024-04-21T17:34:39.000Z
"4/21/2024, 12:39:39 PM",3.57,72.3,100,0,2024-04-21T17:39:39.000Z
"4/21/2024, 12:44:39 PM",3.571,72.7,100,0,2024-04-21T17:44:39.000Z
"4/21/2024, 12:49:39 PM",3.571,73.4,100,0,2024-04-21T17:49:39.000Z
"4/21/2024, 12:54:39 PM",3.571,73.8,100,0,2024-04-21T17:54:39.000Z
"4/21/2024, 12:59:39 PM",3.571,73.9,100,0,2024-04-21T17:59:39.000Z
"4/21/2024, 1:04:39 PM",3.571,73.8,100,0,2024-04-21T18:04:39.000Z
"4/21/2024, 1:09:39 PM",3.571,73.8,100,0,2024-04-21T18:09:39.000Z
"4/21/2024, 1:14:39 PM",3.571,73.9,100,0,2024-04-21T18:14:39.000Z
"4/21/2024, 1:19:39 PM",3.571,73.9,100,0,2024-04-21T18:19:39.000Z
"4/21/2024, 1:24:39 PM",3.571,74.1,100,0,2024-04-21T18:24:39.000Z
"4/21/2024, 1:29:39 PM",3.571,74.3,100,0,2024-04-21T18:29:39.000Z
"4/21/2024, 1:34:39 PM",3.571,74.5,100,0,2024-04-21T18:34:39.000Z
"4/21/2024, 1:39:39 PM",3.571,74.5,100,0,2024-04-21T18:39:39.000Z
"4/21/2024, 1:44:39 PM",3.571,74.1,100,0,2024-04-21T18:44:39.000Z
"4/21/2024, 1:49:39 PM",3.571,74.1,100,0,2024-04-21T18:49:39.000Z
"4/21/2024, 1:54:39 PM",3.571,73.9,100,0,2024-04-21T18:54:39.000Z
"4/21/2024, 1:59:39 PM",3.571,73.9,100,0,2024-04-21T18:59:39.000Z
"4/21/2024, 2:04:39 PM",3.571,73.9,100,0,2024-04-21T19:04:39.000Z
"4/21/2024, 2:09:39 PM",3.572,73.8,100,0,2024-04-21T19:09:39.000Z
"4/21/2024, 2:14:39 PM",3.571,73.8,100,0,2024-04-21T19:14:39.000Z
"4/21/2024, 2:19:39 PM",3.571,73.8,100,0,2024-04-21T19:19:39.000Z
"4/21/2024, 2:24:39 PM",3.57,73.4,100,0,2024-04-21T19:24:39.000Z
"4/21/2024, 2:29:39 PM",3.571,73.2,100,0,2024-04-21T19:29:39.000Z
"4/21/2024, 2:34:39 PM",3.571,73,100,0,2024-04-21T19:34:39.000Z
"4/21/2024, 2:39:39 PM",3.571,73.2,100,0,2024-04-21T19:39:39.000Z
"4/21/2024, 2:44:39 PM",3.571,73.6,100,0,2024-04-21T19:44:39.000Z
"4/21/2024, 2:49:39 PM",3.571,73.9,100,0,2024-04-21T19:49:39.000Z
"4/21/2024, 2:54:39 PM",3.571,74.3,100,0,2024-04-21T19:54:39.000Z
"4/21/2024, 2:59:39 PM",3.571,74.1,100,0,2024-04-21T19:59:39.000Z
"4/21/2024, 3:04:39 PM",3.571,74.3,100,0,2024-04-21T20:04:39.000Z
"4/21/2024, 3:09:39 PM",3.571,75,100,0,2024-04-21T20:09:39.000Z
"4/21/2024, 3:14:39 PM",3.571,75,100,1,2024-04-21T20:14:39.000Z
"4/21/2024, 3:19:39 PM",3.571,75,100,1,2024-04-21T20:19:39.000Z
"4/21/2024, 3:24:39 PM",3.571,75.2,100,1,2024-04-21T20:24:39.000Z
"4/21/2024, 3:29:39 PM",3.571,74.8,100,0,2024-04-21T20:29:39.000Z
"4/21/2024, 3:34:39 PM",3.571,74.3,100,0,2024-04-21T20:34:39.000Z
"4/21/2024, 3:39:39 PM",3.571,74.7,100,0,2024-04-21T20:39:39.000Z
"4/21/2024, 3:44:39 PM",3.571,74.5,100,1,2024-04-21T20:44:39.000Z
"4/21/2024, 3:49:39 PM",3.571,74.5,100,0,2024-04-21T20:49:39.000Z
"4/21/2024, 3:54:39 PM",3.571,75,100,0,2024-04-21T20:54:39.000Z
"4/21/2024, 3:59:39 PM",3.571,75.2,100,1,2024-04-21T20:59:39.000Z
"4/21/2024, 4:04:39 PM",3.571,75.2,100,1,2024-04-21T21:04:39.000Z
"4/21/2024, 4:09:39 PM",3.571,75.7,100,1,2024-04-21T21:09:39.000Z
"4/21/2024, 4:14:39 PM",3.571,75.9,100,1,2024-04-21T21:14:39.000Z
"4/21/2024, 4:19:39 PM",3.571,76.1,100,1,2024-04-21T21:19:39.000Z
"4/21/2024, 4:24:39 PM",3.571,76.1,100,1,2024-04-21T21:24:39.000Z
"4/21/2024, 4:29:39 PM",3.571,77,100,1,2024-04-21T21:29:39.000Z
"4/21/2024, 4:34:39 PM",3.571,77.5,100,1,2024-04-21T21:34:39.000Z
"4/21/2024, 4:39:39 PM",3.57,77.7,100,1,2024-04-21T21:39:39.000Z
"4/21/2024, 4:44:39 PM",3.57,78.1,100,1,2024-04-21T21:44:39.000Z
"4/21/2024, 4:49:39 PM",3.57,77.9,100,1,2024-04-21T21:49:39.000Z
"4/21/2024, 4:54:39 PM",3.57,77.9,100,1,2024-04-21T21:54:39.000Z
"4/21/2024, 4:59:39 PM",3.57,78.4,100,1,2024-04-21T21:59:39.000Z
"4/21/2024, 5:04:39 PM",3.57,79,100,2,2024-04-21T22:04:39.000Z
"4/21/2024, 5:09:39 PM",3.57,79.3,100,2,2024-04-21T22:09:39.000Z
"4/21/2024, 5:14:39 PM",3.57,79.5,100,2,2024-04-21T22:14:39.000Z
"4/21/2024, 5:19:39 PM",3.57,79.7,100,3,2024-04-21T22:19:39.000Z
"4/21/2024, 5:24:39 PM",3.57,79,100,3,2024-04-21T22:24:39.000Z
"4/21/2024, 5:29:39 PM",3.57,78.3,100,3,2024-04-21T22:29:39.000Z
"4/21/2024, 5:34:39 PM",3.571,77.4,100,5,2024-04-21T22:34:39.000Z
"4/21/2024, 5:39:39 PM",3.571,76.6,100,5,2024-04-21T22:39:39.000Z
"4/21/2024, 5:44:39 PM",3.571,75.9,100,7,2024-04-21T22:44:39.000Z
"4/21/2024, 5:49:39 PM",3.572,75.2,100,7,2024-04-21T22:49:39.000Z
"4/21/2024, 5:54:39 PM",3.572,74.7,100,9,2024-04-21T22:54:39.000Z
"4/21/2024, 5:59:39 PM",3.572,74.1,100,11,2024-04-21T22:59:39.000Z
"4/21/2024, 6:04:39 PM",3.572,73.8,100,13,2024-04-21T23:04:39.000Z
"4/21/2024, 6:09:39 PM",3.572,73.4,100,15,2024-04-21T23:09:39.000Z
"4/21/2024, 6:14:39 PM",3.572,73,100,17,2024-04-21T23:14:39.000Z
"4/21/2024, 6:19:39 PM",3.572,72.7,100,14,2024-04-21T23:19:39.000Z
"4/21/2024, 6:24:39 PM",3.572,72.1,100,11,2024-04-21T23:24:39.000Z
"4/21/2024, 6:29:39 PM",3.572,71.8,100,15,2024-04-21T23:29:39.000Z
"4/21/2024, 6:34:39 PM",3.572,71.4,100,19,2024-04-21T23:34:39.000Z
"4/21/2024, 6:39:39 PM",3.573,71.1,100,22,2024-04-21T23:39:39.000Z
"4/21/2024, 6:44:39 PM",3.572,70.9,100,23,2024-04-21T23:44:39.000Z
"4/21/2024, 6:49:39 PM",3.573,70.5,100,26,2024-04-21T23:49:39.000Z
"4/21/2024, 6:54:39 PM",3.572,70.3,100,29,2024-04-21T23:54:39.000Z
"4/21/2024, 6:59:39 PM",3.572,70.2,100,27,2024-04-21T23:59:39.000Z
"4/21/2024, 7:04:39 PM",3.572,69.8,100,30,2024-04-22T00:04:39.000Z
"4/21/2024, 7:09:39 PM",3.572,69.3,100,27,2024-04-22T00:09:39.000Z
"4/21/2024, 7:14:39 PM",3.572,69.1,100,24,2024-04-22T00:14:39.000Z
"4/21/2024, 7:19:39 PM",3.573,68.9,100,22,2024-04-22T00:19:39.000Z
"4/21/2024, 7:24:39 PM",3.572,68.5,100,27,2024-04-22T00:24:39.000Z
"4/21/2024, 7:29:39 PM",3.572,68.4,100,33,2024-04-22T00:29:39.000Z
"4/21/2024, 7:34:39 PM",3.572,68.2,100,38,2024-04-22T00:34:39.000Z
"4/21/2024, 7:39:39 PM",3.572,67.8,100,42,2024-04-22T00:39:39.000Z
"4/21/2024, 7:44:39 PM",3.572,67.5,100,52,2024-04-22T00:44:39.000Z
"4/21/2024, 7:49:39 PM",3.572,67.3,100,53,2024-04-22T00:49:39.000Z
"4/21/2024, 7:54:39 PM",3.572,66.9,100,54,2024-04-22T00:54:39.000Z
"4/21/2024, 7:59:39 PM",3.572,66.7,100,56,2024-04-22T00:59:39.000Z
"4/21/2024, 8:04:39 PM",3.572,66.6,100,61,2024-04-22T01:04:39.000Z
"4/21/2024, 8:09:39 PM",3.572,66.2,100,67,2024-04-22T01:09:39.000Z
"4/21/2024, 8:14:39 PM",3.572,66,100,66,2024-04-22T01:14:39.000Z
"4/21/2024, 8:19:39 PM",3.572,65.8,100,69,2024-04-22T01:19:39.000Z
"4/21/2024, 8:24:39 PM",3.572,65.7,100,73,2024-04-22T01:24:39.000Z
"4/21/2024, 8:29:39 PM",3.571,65.7,100,68,2024-04-22T01:29:39.000Z
"4/21/2024, 8:34:39 PM",3.572,65.7,100,68,2024-04-22T01:34:39.000Z
"4/21/2024, 8:39:39 PM",3.572,66,100,73,2024-04-22T01:39:39.000Z
"4/21/2024, 8:44:39 PM",3.571,66,100,67,2024-04-22T01:44:39.000Z
"4/21/2024, 8:49:39 PM",3.572,66.2,100,66,2024-04-22T01:49:39.000Z
"4/21/2024, 8:54:39 PM",3.571,66.4,100,59,2024-04-22T01:54:39.000Z
"4/21/2024, 8:59:39 PM",3.571,66.6,100,54,2024-04-22T01:59:39.000Z
"4/21/2024, 9:04:39 PM",3.572,66.7,100,49,2024-04-22T02:04:39.000Z
"4/21/2024, 9:09:39 PM",3.572,66.9,100,46,2024-04-22T02:09:39.000Z
"4/21/2024, 9:14:39 PM",3.571,67.1,100,43,2024-04-22T02:14:39.000Z
"4/21/2024, 9:19:39 PM",3.571,67.3,100,40,2024-04-22T02:19:39.000Z
"4/21/2024, 9:24:39 PM",3.571,67.3,100,37,2024-04-22T02:24:39.000Z
"4/21/2024, 9:29:39 PM",3.571,67.3,100,35,2024-04-22T02:29:39.000Z
"4/21/2024, 9:34:39 PM",3.571,67.3,100,33,2024-04-22T02:34:39.000Z
"4/21/2024, 9:39:39 PM",3.571,67.3,100,31,2024-04-22T02:39:39.000Z
"4/21/2024, 9:44:39 PM",3.571,67.3,100,29,2024-04-22T02:44:39.000Z
"4/21/2024, 9:49:39 PM",3.571,67.3,100,27,2024-04-22T02:49:39.000Z
"4/21/2024, 9:54:39 PM",3.571,67.1,100,27,2024-04-22T02:54:39.000Z
"4/21/2024, 9:59:39 PM",3.571,66.9,100,26,2024-04-22T02:59:39.000Z
"4/21/2024, 10:04:39 PM",3.571,66.7,100,25,2024-04-22T03:04:39.000Z
"4/21/2024, 10:09:39 PM",3.571,66.6,100,24,2024-04-22T03:09:39.000Z
"4/21/2024, 10:14:39 PM",3.571,66.4,100,24,2024-04-22T03:14:39.000Z
"4/21/2024, 10:19:39 PM",3.571,66.2,100,24,2024-04-22T03:19:39.000Z
"4/21/2024, 10:24:39 PM",3.571,66,100,25,2024-04-22T03:24:39.000Z
"4/21/2024, 10:29:39 PM",3.571,65.8,100,26,2024-04-22T03:29:39.000Z
"4/21/2024, 10:34:39 PM",3.571,65.8,100,29,2024-04-22T03:34:39.000Z
"4/21/2024, 10:39:39 PM",3.57,65.7,100,31,2024-04-22T03:39:39.000Z
"4/21/2024, 10:44:39 PM",3.571,65.7,100,34,2024-04-22T03:44:39.000Z
"4/21/2024, 10:49:39 PM",3.571,65.7,100,38,2024-04-22T03:49:39.000Z
"4/21/2024, 10:54:39 PM",3.571,65.7,100,36,2024-04-22T03:54:39.000Z
"4/21/2024, 10:59:39 PM",3.571,65.7,100,30,2024-04-22T03:59:39.000Z
"4/21/2024, 11:04:39 PM",3.571,65.7,100,31,2024-04-22T04:04:39.000Z
"4/21/2024, 11:09:39 PM",3.57,65.7,100,33,2024-04-22T04:09:39.000Z
"4/21/2024, 11:14:39 PM",3.571,65.7,100,37,2024-04-22T04:14:39.000Z
"4/21/2024, 11:19:39 PM",3.57,65.5,100,40,2024-04-22T04:19:39.000Z
"4/21/2024, 11:24:39 PM",3.57,65.5,100,44,2024-04-22T04:24:39.000Z
"4/21/2024, 11:29:39 PM",3.571,65.3,100,45,2024-04-22T04:29:39.000Z
"4/21/2024, 11:34:39 PM",3.57,65.3,100,49,2024-04-22T04:34:39.000Z
"4/21/2024, 11:39:39 PM",3.57,65.3,100,52,2024-04-22T04:39:39.000Z
"4/21/2024, 11:44:39 PM",3.571,65.3,100,53,2024-04-22T04:44:39.000Z
"4/21/2024, 11:49:39 PM",3.57,65.3,100,51,2024-04-22T04:49:39.000Z
"4/21/2024, 11:54:39 PM",3.571,65.1,100,45,2024-04-22T04:54:39.000Z
"4/21/2024, 11:59:39 PM",3.57,64.8,100,41,2024-04-22T04:59:39.000Z
"4/22/2024, 12:04:39 AM",3.57,64.4,100,38,2024-04-22T05:04:39.000Z
"4/22/2024, 12:09:39 AM",3.57,64.2,100,35,2024-04-22T05:09:39.000Z
"4/22/2024, 12:14:39 AM",3.57,63.9,100,33,2024-04-22T05:14:39.000Z
"4/22/2024, 12:19:39 AM",3.57,63.5,100,31,2024-04-22T05:19:39.000Z
"4/22/2024, 12:24:39 AM",3.57,63.5,100,29,2024-04-22T05:24:39.000Z
"4/22/2024, 12:29:39 AM",3.571,63.3,100,27,2024-04-22T05:29:39.000Z
"4/22/2024, 12:34:39 AM",3.571,63.1,100,25,2024-04-22T05:34:39.000Z
"4/22/2024, 12:39:39 AM",3.571,63.1,100,23,2024-04-22T05:39:39.000Z
"4/22/2024, 12:44:39 AM",3.571,63,100,21,2024-04-22T05:44:39.000Z
"4/22/2024, 12:49:39 AM",3.57,62.8,100,20,2024-04-22T05:49:39.000Z
"4/22/2024, 12:54:39 AM",3.57,62.4,100,19,2024-04-22T05:54:39.000Z
"4/22/2024, 12:59:39 AM",3.571,62.2,100,18,2024-04-22T05:59:39.000Z
"4/22/2024, 1:04:39 AM",3.57,62.1,100,16,2024-04-22T06:04:39.000Z
"4/22/2024, 1:09:39 AM",3.57,61.7,100,15,2024-04-22T06:09:39.000Z
"4/22/2024, 1:14:39 AM",3.57,61.7,100,14,2024-04-22T06:14:39.000Z
"4/22/2024, 1:19:39 AM",3.57,61.5,100,13,2024-04-22T06:19:39.000Z
"4/22/2024, 1:24:39 AM",3.57,61.5,100,12,2024-04-22T06:24:39.000Z
"4/22/2024, 1:29:39 AM",3.57,61.3,100,12,2024-04-22T06:29:39.000Z
"4/22/2024, 1:34:39 AM",3.57,61.2,100,11,2024-04-22T06:34:39.000Z
"4/22/2024, 1:39:39 AM",3.57,61.2,100,10,2024-04-22T06:39:39.000Z
"4/22/2024, 1:44:39 AM",3.57,61,100,9,2024-04-22T06:44:39.000Z
"4/22/2024, 1:49:39 AM",3.569,61,100,9,2024-04-22T06:49:39.000Z
"4/22/2024, 1:54:39 AM",3.57,60.8,100,8,2024-04-22T06:54:39.000Z
"4/22/2024, 1:59:39 AM",3.569,60.8,100,8,2024-04-22T06:59:39.000Z
"4/22/2024, 2:04:39 AM",3.569,60.6,100,7,2024-04-22T07:04:39.000Z
"4/22/2024, 2:09:39 AM",3.569,60.6,100,7,2024-04-22T07:09:39.000Z
"4/22/2024, 2:14:39 AM",3.569,60.4,100,6,2024-04-22T07:14:39.000Z
"4/22/2024, 2:19:39 AM",3.569,60.3,100,6,2024-04-22T07:19:39.000Z
"4/22/2024, 2:24:39 AM",3.569,60.3,100,5,2024-04-22T07:24:39.000Z
"4/22/2024, 2:29:39 AM",3.57,60.1,100,5,2024-04-22T07:29:39.000Z
"4/22/2024, 2:34:39 AM",3.569,60.1,100,5,2024-04-22T07:34:39.000Z
"4/22/2024, 2:39:39 AM",3.569,59.9,100,4,2024-04-22T07:39:39.000Z
"4/22/2024, 2:44:39 AM",3.569,59.9,100,4,2024-04-22T07:44:39.000Z
"4/22/2024, 2:49:39 AM",3.569,59.7,100,4,2024-04-22T07:49:39.000Z
"4/22/2024, 2:54:39 AM",3.569,59.7,100,4,2024-04-22T07:54:39.000Z
"4/22/2024, 2:59:39 AM",3.569,59.5,100,4,2024-04-22T07:59:39.000Z
"4/22/2024, 3:04:39 AM",3.569,59.5,100,3,2024-04-22T08:04:39.000Z
"4/22/2024, 3:09:39 AM",3.569,59.4,100,3,2024-04-22T08:09:39.000Z
"4/22/2024, 3:14:39 AM",3.569,59.5,100,3,2024-04-22T08:14:39.000Z
"4/22/2024, 3:19:39 AM",3.569,59.7,100,3,2024-04-22T08:19:39.000Z
"4/22/2024, 3:24:39 AM",3.569,59.9,100,3,2024-04-22T08:24:39.000Z
"4/22/2024, 3:29:39 AM",3.569,60.1,100,3,2024-04-22T08:29:39.000Z
"4/22/2024, 3:34:39 AM",3.569,60.3,100,3,2024-04-22T08:34:39.000Z
"4/22/2024, 3:39:39 AM",3.568,60.4,100,2,2024-04-22T08:39:39.000Z
"4/22/2024, 3:44:39 AM",3.568,60.4,100,2,2024-04-22T08:44:39.000Z
"4/22/2024, 3:49:39 AM",3.568,60.4,100,2,2024-04-22T08:49:39.000Z
"4/22/2024, 3:54:39 AM",3.568,60.3,100,2,2024-04-22T08:54:39.000Z
"4/22/2024, 3:59:39 AM",3.568,60.3,100,2,2024-04-22T08:59:39.000Z
"4/22/2024, 4:04:39 AM",3.568,60.1,100,1,2024-04-22T09:04:39.000Z
"4/22/2024, 4:09:39 AM",3.568,60.1,100,1,2024-04-22T09:09:39.000Z
"4/22/2024, 4:14:39 AM",3.568,60.1,100,1,2024-04-22T09:14:39.000Z
"4/22/2024, 4:19:39 AM",3.568,60.3,100,1,2024-04-22T09:19:39.000Z
"4/22/2024, 4:24:39 AM",3.568,60.4,100,1,2024-04-22T09:24:39.000Z
"4/22/2024, 4:29:39 AM",3.568,60.4,100,1,2024-04-22T09:29:39.000Z
"4/22/2024, 4:34:39 AM",3.568,60.6,100,1,2024-04-22T09:34:39.000Z
"4/22/2024, 4:39:39 AM",3.568,60.6,100,1,2024-04-22T09:39:39.000Z
"4/22/2024, 4:44:39 AM",3.568,60.4,100,1,2024-04-22T09:44:39.000Z
"4/22/2024, 4:49:39 AM",3.568,60.4,100,1,2024-04-22T09:49:39.000Z
"4/22/2024, 4:54:39 AM",3.568,60.3,100,1,2024-04-22T09:54:39.000Z
"4/22/2024, 4:59:39 AM",3.568,60.1,100,1,2024-04-22T09:59:39.000Z
"4/22/2024, 5:04:39 AM",3.568,59.9,100,1,2024-04-22T10:04:39.000Z
"4/22/2024, 5:09:39 AM",3.568,59.9,100,1,2024-04-22T10:09:39.000Z
"4/22/2024, 5:14:39 AM",3.568,59.9,100,1,2024-04-22T10:14:39.000Z
"4/22/2024, 5:19:39 AM",3.568,60.1,100,1,2024-04-22T10:19:39.000Z
"4/22/2024, 5:24:39 AM",3.568,60.1,100,1,2024-04-22T10:24:39.000Z
"4/22/2024, 5:29:39 AM",3.568,60.3,100,1,2024-04-22T10:29:39.000Z
"4/22/2024, 5:34:39 AM",3.568,60.3,100,1,2024-04-22T10:34:39.000Z
"4/22/2024, 5:39:39 AM",3.568,60.1,100,1,2024-04-22T10:39:39.000Z
"4/22/2024, 5:44:39 AM",3.568,60.1,100,1,2024-04-22T10:44:39.000Z
"4/22/2024, 5:49:39 AM",3.568,59.9,100,1,2024-04-22T10:49:39.000Z
"4/22/2024, 5:54:39 AM",3.568,59.7,100,1,2024-04-22T10:54:39.000Z
"4/22/2024, 5:59:39 AM",3.568,59.7,100,1,2024-04-22T10:59:39.000Z
"4/22/2024, 6:04:39 AM",3.568,59.5,100,1,2024-04-22T11:04:39.000Z
"4/22/2024, 6:09:39 AM",3.567,59.5,100,0,2024-04-22T11:09:39.000Z
"4/22/2024, 6:14:39 AM",3.568,59.7,100,1,2024-04-22T11:14:39.000Z
"4/22/2024, 6:19:39 AM",3.567,59.7,100,1,2024-04-22T11:19:39.000Z
"4/22/2024, 6:24:39 AM",3.568,59.9,100,0,2024-04-22T11:24:39.000Z
"4/22/2024, 6:29:39 AM",3.568,60.1,100,0,2024-04-22T11:29:39.000Z
"4/22/2024, 6:34:39 AM",3.567,60.1,100,0,2024-04-22T11:34:39.000Z
"4/22/2024, 6:39:39 AM",3.568,60.3,100,0,2024-04-22T11:39:39.000Z
"4/22/2024, 6:44:39 AM",3.567,60.4,100,0,2024-04-22T11:44:39.000Z
"4/22/2024, 6:49:39 AM",3.568,60.6,100,0,2024-04-22T11:49:39.000Z
"4/22/2024, 6:54:39 AM",3.567,60.8,100,0,2024-04-22T11:54:39.000Z
"4/22/2024, 6:59:39 AM",3.567,61,100,0,2024-04-22T11:59:39.000Z
"4/22/2024, 7:04:39 AM",3.567,61.2,100,0,2024-04-22T12:04:39.000Z
"4/22/2024, 7:09:39 AM",3.567,61.5,100,0,2024-04-22T12:09:39.000Z
"4/22/2024, 7:14:39 AM",3.567,61.7,100,0,2024-04-22T12:14:39.000Z
"4/22/2024, 7:19:39 AM",3.567,61.9,100,0,2024-04-22T12:19:39.000Z
"4/22/2024, 7:24:39 AM",3.567,62.1,100,0,2024-04-22T12:24:39.000Z
"4/22/2024, 7:29:39 AM",3.567,62.4,100,0,2024-04-22T12:29:39.000Z
"4/22/2024, 7:34:39 AM",3.567,62.6,100,0,2024-04-22T12:34:39.000Z
"4/22/2024, 7:39:39 AM",3.567,63,100,0,2024-04-22T12:39:39.000Z
"4/22/2024, 7:44:39 AM",3.567,63.3,100,0,2024-04-22T12:44:39.000Z
"4/22/2024, 7:49:39 AM",3.568,63.7,100,0,2024-04-22T12:49:39.000Z
"4/22/2024, 7:54:39 AM",3.567,64,100,0,2024-04-22T12:54:39.000Z
"4/22/2024, 7:59:39 AM",3.567,64.4,100,0,2024-04-22T12:59:39.000Z
"4/22/2024, 8:04:39 AM",3.567,64.8,100,0,2024-04-22T13:04:39.000Z
"4/22/2024, 8:09:39 AM",3.567,65.3,100,0,2024-04-22T13:09:39.000Z
"4/22/2024, 8:14:39 AM",3.567,65.7,100,0,2024-04-22T13:14:39.000Z
"4/22/2024, 8:19:39 AM",3.568,66,100,0,2024-04-22T13:19:39.000Z
"4/22/2024, 8:24:39 AM",3.568,66.6,100,0,2024-04-22T13:24:39.000Z
"4/22/2024, 8:29:39 AM",3.568,66.9,100,0,2024-04-22T13:29:39.000Z
"4/22/2024, 8:34:39 AM",3.567,67.5,100,0,2024-04-22T13:34:39.000Z
"4/22/2024, 8:39:39 AM",3.568,68,100,0,2024-04-22T13:39:39.000Z
"4/22/2024, 8:44:39 AM",3.568,68.4,100,0,2024-04-22T13:44:39.000Z
"4/22/2024, 8:49:39 AM",3.567,68.9,100,0,2024-04-22T13:49:39.000Z
"4/22/2024, 8:54:39 AM",3.567,69.4,100,0,2024-04-22T13:54:39.000Z
"4/22/2024, 8:59:39 AM",3.567,70,100,0,2024-04-22T13:59:39.000Z
"4/22/2024, 9:04:39 AM",3.567,70.3,100,0,2024-04-22T14:04:39.000Z
"4/22/2024, 9:09:39 AM",3.567,70.7,100,0,2024-04-22T14:09:39.000Z
"4/22/2024, 9:14:39 AM",3.567,71.2,100,0,2024-04-22T14:14:39.000Z
"4/22/2024, 9:19:39 AM",3.567,71.4,100,0,2024-04-22T14:19:39.000Z
"4/22/2024, 9:24:39 AM",3.567,71.8,100,0,2024-04-22T14:24:39.000Z
"4/22/2024, 9:29:39 AM",3.567,72.1,100,0,2024-04-22T14:29:39.000Z
"4/22/2024, 9:34:39 AM",3.567,72.3,100,0,2024-04-22T14:34:39.000Z
"4/22/2024, 9:39:39 AM",3.567,72.9,100,0,2024-04-22T14:39:39.000Z
"4/22/2024, 9:44:39 AM",3.567,73.2,100,0,2024-04-22T14:44:39.000Z
"4/22/2024, 9:49:39 AM",3.567,73.6,100,0,2024-04-22T14:49:39.000Z
"4/22/2024, 9:54:39 AM",3.567,73.9,100,0,2024-04-22T14:54:39.000Z
"4/22/2024, 9:59:39 AM",3.568,74.3,100,0,2024-04-22T14:59:39.000Z
"4/22/2024, 10:04:39 AM",3.567,74.5,100,0,2024-04-22T15:04:39.000Z
"4/22/2024, 10:09:39 AM",3.568,74.8,100,0,2024-04-22T15:09:39.000Z
"4/22/2024, 10:14:39 AM",3.568,75.2,100,0,2024-04-22T15:14:39.000Z
"4/22/2024, 10:19:39 AM",3.568,75.7,100,1,2024-04-22T15:19:39.000Z
"4/22/2024, 10:24:39 AM",3.568,76.3,100,0,2024-04-22T15:24:39.000Z
"4/22/2024, 10:29:39 AM",3.568,76.6,100,0,2024-04-22T15:29:39.000Z
"4/22/2024, 10:34:39 AM",3.568,77,100,0,2024-04-22T15:34:39.000Z
"4/22/2024, 10:39:39 AM",3.568,77.5,100,0,2024-04-22T15:39:39.000Z
"4/22/2024, 10:44:39 AM",3.567,77.7,100,0,2024-04-22T15:44:39.000Z
"4/22/2024, 10:49:39 AM",3.568,78.1,100,0,2024-04-22T15:49:39.000Z
"4/22/2024, 10:54:39 AM",3.568,78.3,100,2,2024-04-22T15:54:39.000Z
"4/22/2024, 10:59:39 AM",3.568,78.4,100,2,2024-04-22T15:59:39.000Z
"4/22/2024, 11:04:39 AM",3.568,79,100,1,2024-04-22T16:04:39.000Z
"4/22/2024, 11:09:39 AM",3.568,79.3,100,1,2024-04-22T16:09:39.000Z
"4/22/2024, 11:14:39 AM",3.568,79.7,100,2,2024-04-22T16:14:39.000Z
"4/22/2024, 11:19:39 AM",3.568,79.7,100,9,2024-04-22T16:19:39.000Z
"4/22/2024, 11:24:39 AM",3.568,80.1,100,2,2024-04-22T16:24:39.000Z
"4/22/2024, 11:29:39 AM",3.568,80.2,100,3,2024-04-22T16:29:39.000Z
"4/22/2024, 11:34:39 AM",3.568,80.6,100,4,2024-04-22T16:34:39.000Z
"4/22/2024, 11:39:39 AM",3.568,81,100,5,2024-04-22T16:39:39.000Z
"4/22/2024, 11:44:39 AM",3.568,81.1,100,4,2024-04-22T16:44:39.000Z
"4/22/2024, 11:49:39 AM",3.568,81.3,100,11,2024-04-22T16:49:39.000Z
"4/22/2024, 11:54:39 AM",3.568,81.5,100,13,2024-04-22T16:54:39.000Z
"4/22/2024, 11:59:39 AM",3.568,81.7,100,7,2024-04-22T16:59:39.000Z
"4/22/2024, 12:04:39 PM",3.568,81.7,100,9,2024-04-22T17:04:39.000Z
"4/22/2024, 12:09:39 PM",3.568,81.9,100,8,2024-04-22T17:09:39.000Z
"4/22/2024, 12:14:39 PM",3.568,82.2,100,9,2024-04-22T17:14:39.000Z
"4/22/2024, 12:19:39 PM",3.568,82.4,100,9,2024-04-22T17:19:39.000Z
"4/22/2024, 12:24:39 PM",3.568,82.8,100,6,2024-04-22T17:24:39.000Z
"4/22/2024, 12:29:39 PM",3.567,82.9,100,5,2024-04-22T17:29:39.000Z
"4/22/2024, 12:34:39 PM",3.568,83.1,100,4,2024-04-22T17:34:39.000Z
"4/22/2024, 12:39:39 PM",3.568,83.1,100,3,2024-04-22T17:39:39.000Z
"4/22/2024, 12:44:39 PM",3.568,83.3,100,2,2024-04-22T17:44:39.000Z
"4/22/2024, 12:49:39 PM",3.568,83.3,100,2,2024-04-22T17:49:39.000Z
"4/22/2024, 12:54:39 PM",3.568,83.5,100,2,2024-04-22T17:54:39.000Z
"4/22/2024, 12:59:39 PM",3.567,83.5,100,1,2024-04-22T17:59:39.000Z
"4/22/2024, 1:04:39 PM",3.567,83.5,100,1,2024-04-22T18:04:39.000Z
"4/22/2024, 1:09:39 PM",3.568,83.7,100,1,2024-04-22T18:09:39.000Z
"4/22/2024, 1:14:39 PM",3.568,83.8,100,0,2024-04-22T18:14:39.000Z
"4/22/2024, 1:19:39 PM",3.568,83.8,100,0,2024-04-22T18:19:39.000Z
"4/22/2024, 1:24:39 PM",3.568,84,100,0,2024-04-22T18:24:39.000Z
"4/22/2024, 1:29:39 PM",3.568,84.2,100,1,2024-04-22T18:29:39.000Z
"4/22/2024, 1:34:39 PM",3.568,84.4,100,6,2024-04-22T18:34:39.000Z
"4/22/2024, 1:39:39 PM",3.568,84.6,100,7,2024-04-22T18:39:39.000Z
"4/22/2024, 1:44:39 PM",3.568,84.9,100,13,2024-04-22T18:44:39.000Z
"4/22/2024, 1:49:39 PM",3.568,84.9,100,15,2024-04-22T18:49:39.000Z
"4/22/2024, 1:54:39 PM",3.568,85.1,100,18,2024-04-22T18:54:39.000Z
"4/22/2024, 1:59:39 PM",3.567,85.1,100,23,2024-04-22T18:59:39.000Z
"4/22/2024, 2:04:39 PM",3.567,85.5,100,25,2024-04-22T19:04:39.000Z
"4/22/2024, 2:09:39 PM",3.568,85.6,100,28,2024-04-22T19:09:39.000Z
"4/22/2024, 2:14:39 PM",3.567,85.6,100,21,2024-04-22T19:14:39.000Z
"4/22/2024, 2:19:39 PM",3.567,85.8,100,16,2024-04-22T19:19:39.000Z
"4/22/2024, 2:24:39 PM",3.567,86,100,17,2024-04-22T19:24:39.000Z
"4/22/2024, 2:29:39 PM",3.567,86.2,100,19,2024-04-22T19:29:39.000Z
"4/22/2024, 2:34:39 PM",3.566,86.4,100,22,2024-04-22T19:34:39.000Z
"4/22/2024, 2:39:39 PM",3.566,86.4,100,23,2024-04-22T19:39:39.000Z
"4/22/2024, 2:44:39 PM",3.566,86.4,100,23,2024-04-22T19:44:39.000Z
"4/22/2024, 2:49:39 PM",3.566,86.4,100,26,2024-04-22T19:49:39.000Z
"4/22/2024, 2:54:39 PM",3.566,86.5,100,29,2024-04-22T19:54:39.000Z
"4/22/2024, 2:59:39 PM",3.566,86.7,100,29,2024-04-22T19:59:39.000Z
"4/22/2024, 3:04:39 PM",3.566,86.5,100,23,2024-04-22T20:04:39.000Z
"4/22/2024, 3:09:39 PM",3.567,86.5,100,24,2024-04-22T20:09:39.000Z
"4/22/2024, 3:14:39 PM",3.567,86.4,100,26,2024-04-22T20:14:39.000Z
"4/22/2024, 3:19:39 PM",3.566,86.4,100,25,2024-04-22T20:19:39.000Z
"4/22/2024, 3:24:39 PM",3.567,86.5,100,32,2024-04-22T20:24:39.000Z
"4/22/2024, 3:29:39 PM",3.566,86.5,100,31,2024-04-22T20:29:39.000Z
"4/22/2024, 3:34:39 PM",3.566,86.7,100,33,2024-04-22T20:34:39.000Z
"4/22/2024, 3:39:39 PM",3.567,86.7,100,27,2024-04-22T20:39:39.000Z
"4/22/2024, 3:44:39 PM",3.567,86.7,100,29,2024-04-22T20:44:39.000Z
"4/22/2024, 3:49:39 PM",3.566,86.9,100,27,2024-04-22T20:49:39.000Z
"4/22/2024, 3:54:39 PM",3.567,87.3,100,30,2024-04-22T20:54:39.000Z
"4/22/2024, 3:59:39 PM",3.567,87.4,100,30,2024-04-22T20:59:39.000Z
"4/22/2024, 4:04:39 PM",3.566,87.4,100,30,2024-04-22T21:04:39.000Z
"4/22/2024, 4:09:39 PM",3.566,87.6,100,31,2024-04-22T21:09:39.000Z
"4/22/2024, 4:14:39 PM",3.566,87.8,100,30,2024-04-22T21:14:39.000Z
"4/22/2024, 4:19:39 PM",3.566,88,100,29,2024-04-22T21:19:39.000Z
"4/22/2024, 4:24:39 PM",3.566,88.2,100,32,2024-04-22T21:24:39.000Z
"4/22/2024, 4:29:39 PM",3.566,88.5,100,37,2024-04-22T21:29:39.000Z
"4/22/2024, 4:34:39 PM",3.566,88.5,100,38,2024-04-22T21:34:39.000Z
"4/22/2024, 4:39:39 PM",3.566,88.7,100,35,2024-04-22T21:39:39.000Z
"4/22/2024, 4:44:39 PM",3.566,88.9,100,34,2024-04-22T21:44:39.000Z
"4/22/2024, 4:49:39 PM",3.566,89.1,100,37,2024-04-22T21:49:39.000Z
"4/22/2024, 4:54:39 PM",3.566,89.1,100,33,2024-04-22T21:54:39.000Z
"4/22/2024, 4:59:39 PM",3.566,89.1,100,31,2024-04-22T21:59:39.000Z
"4/22/2024, 5:04:39 PM",3.566,88.9,100,31,2024-04-22T22:04:39.000Z
"4/22/2024, 5:09:39 PM",3.566,88.9,100,31,2024-04-22T22:09:39.000Z
"4/22/2024, 5:14:39 PM",3.567,88.7,100,32,2024-04-22T22:14:39.000Z
"4/22/2024, 5:19:39 PM",3.566,88.7,100,34,2024-04-22T22:19:39.000Z
"4/22/2024, 5:24:39 PM",3.566,88.5,100,34,2024-04-22T22:24:39.000Z
"4/22/2024, 5:29:39 PM",3.567,87.8,100,33,2024-04-22T22:29:39.000Z
"4/22/2024, 5:34:39 PM",3.567,86.5,100,32,2024-04-22T22:34:39.000Z
"4/22/2024, 5:39:39 PM",3.568,85.5,100,32,2024-04-22T22:39:39.000Z
"4/22/2024, 5:44:39 PM",3.568,84.6,100,34,2024-04-22T22:44:39.000Z
"4/22/2024, 5:49:39 PM",3.568,83.5,100,33,2024-04-22T22:49:39.000Z
"4/22/2024, 5:54:39 PM",3.568,82.4,100,33,2024-04-22T22:54:39.000Z
"4/22/2024, 5:59:39 PM",3.569,81.7,100,35,2024-04-22T22:59:39.000Z
"4/22/2024, 6:04:39 PM",3.569,81,100,35,2024-04-22T23:04:39.000Z
"4/22/2024, 6:09:39 PM",3.569,80.4,100,35,2024-04-22T23:09:39.000Z
"4/22/2024, 6:14:39 PM",3.569,79.9,100,36,2024-04-22T23:14:39.000Z
"4/22/2024, 6:19:39 PM",3.57,79.3,100,36,2024-04-22T23:19:39.000Z
"4/22/2024, 6:24:39 PM",3.57,78.8,100,36,2024-04-22T23:24:39.000Z
"4/22/2024, 6:29:39 PM",3.569,78.3,100,36,2024-04-22T23:29:39.000Z
"4/22/2024, 6:34:39 PM",3.57,77.9,100,38,2024-04-22T23:34:39.000Z
"4/22/2024, 6:39:39 PM",3.57,77.5,100,38,2024-04-22T23:39:39.000Z
"4/22/2024, 6:44:39 PM",3.57,77,100,40,2024-04-22T23:44:39.000Z
"4/22/2024, 6:49:39 PM",3.57,76.8,100,40,2024-04-22T23:49:39.000Z
"4/22/2024, 6:54:39 PM",3.57,76.5,100,41,2024-04-22T23:54:39.000Z
"4/22/2024, 6:59:39 PM",3.57,76.1,100,43,2024-04-22T23:59:39.000Z
"4/22/2024, 7:04:39 PM",3.57,75.7,100,44,2024-04-23T00:04:39.000Z
"4/22/2024, 7:09:39 PM",3.57,75.2,100,46,2024-04-23T00:09:39.000Z
"4/22/2024, 7:14:39 PM",3.57,75,100,44,2024-04-23T00:14:39.000Z
"4/22/2024, 7:19:39 PM",3.57,74.7,100,41,2024-04-23T00:19:39.000Z
"4/22/2024, 7:24:39 PM",3.57,74.3,100,37,2024-04-23T00:24:39.000Z
"4/22/2024, 7:29:39 PM",3.571,73.9,100,35,2024-04-23T00:29:39.000Z
"4/22/2024, 7:34:39 PM",3.57,73.8,100,34,2024-04-23T00:34:39.000Z
"4/22/2024, 7:39:39 PM",3.57,73.4,100,32,2024-04-23T00:39:39.000Z
"4/22/2024, 7:44:39 PM",3.57,73,100,31,2024-04-23T00:44:39.000Z
"4/22/2024, 7:49:39 PM",3.571,72.7,100,30,2024-04-23T00:49:39.000Z
"4/22/2024, 7:54:39 PM",3.57,72.3,100,29,2024-04-23T00:54:39.000Z
"4/22/2024, 7:59:39 PM",3.57,72,100,28,2024-04-23T00:59:39.000Z
"4/22/2024, 8:04:39 PM",3.57,71.8,100,28,2024-04-23T01:04:39.000Z
"4/22/2024, 8:09:39 PM",3.57,71.4,100,27,2024-04-23T01:09:39.000Z
"4/22/2024, 8:14:39 PM",3.571,71.2,100,27,2024-04-23T01:14:39.000Z
"4/22/2024, 8:19:39 PM",3.571,71.1,100,24,2024-04-23T01:19:39.000Z
"4/22/2024, 8:24:39 PM",3.57,70.9,100,23,2024-04-23T01:24:39.000Z
"4/22/2024, 8:29:39 PM",3.571,70.7,100,21,2024-04-23T01:29:39.000Z
"4/22/2024, 8:34:39 PM",3.57,70.5,100,20,2024-04-23T01:34:39.000Z
"4/22/2024, 8:39:39 PM",3.571,70.3,100,19,2024-04-23T01:39:39.000Z
"4/22/2024, 8:44:39 PM",3.57,70.2,100,18,2024-04-23T01:44:39.000Z
"4/22/2024, 8:49:39 PM",3.571,70.2,100,17,2024-04-23T01:49:39.000Z
"4/22/2024, 8:54:39 PM",3.57,70,100,16,2024-04-23T01:54:39.000Z
"4/22/2024, 8:59:39 PM",3.57,70,100,15,2024-04-23T01:59:39.000Z
"4/22/2024, 9:04:39 PM",3.57,69.8,100,15,2024-04-23T02:04:39.000Z
"4/22/2024, 9:09:39 PM",3.57,69.6,100,15,2024-04-23T02:09:39.000Z
"4/22/2024, 9:14:39 PM",3.57,69.6,100,14,2024-04-23T02:14:39.000Z
"4/22/2024, 9:19:39 PM",3.57,69.6,100,13,2024-04-23T02:19:39.000Z
"4/22/2024, 9:24:39 PM",3.57,69.6,100,12,2024-04-23T02:24:39.000Z
"4/22/2024, 9:29:39 PM",3.57,69.6,100,11,2024-04-23T02:29:39.000Z
"4/22/2024, 9:34:39 PM",3.57,69.4,100,10,2024-04-23T02:34:39.000Z
"4/22/2024, 9:39:39 PM",3.57,69.4,100,9,2024-04-23T02:39:39.000Z
"4/22/2024, 9:44:39 PM",3.57,69.3,100,9,2024-04-23T02:44:39.000Z
"4/22/2024, 9:49:39 PM",3.57,69.3,100,8,2024-04-23T02:49:39.000Z
"4/22/2024, 9:54:39 PM",3.569,69.3,100,8,2024-04-23T02:54:39.000Z
"4/22/2024, 9:59:39 PM",3.569,69.1,100,7,2024-04-23T02:59:39.000Z
"4/22/2024, 10:04:39 PM",3.569,68.9,100,7,2024-04-23T03:04:39.000Z
"4/22/2024, 10:09:39 PM",3.57,68.9,100,6,2024-04-23T03:09:39.000Z
"4/22/2024, 10:14:39 PM",3.57,68.7,100,6,2024-04-23T03:14:39.000Z
"4/22/2024, 10:19:39 PM",3.57,68.7,100,6,2024-04-23T03:19:39.000Z
"4/22/2024, 10:24:39 PM",3.569,68.5,100,5,2024-04-23T03:24:39.000Z
"4/22/2024, 10:29:39 PM",3.569,68.4,100,5,2024-04-23T03:29:39.000Z
"4/22/2024, 10:34:39 PM",3.569,68.4,100,5,2024-04-23T03:34:39.000Z
"4/22/2024, 10:39:39 PM",3.569,68.4,100,5,2024-04-23T03:39:39.000Z
"4/22/2024, 10:44:39 PM",3.569,68.4,100,5,2024-04-23T03:44:39.000Z
"4/22/2024, 10:49:39 PM",3.569,68.4,100,5,2024-04-23T03:49:39.000Z
"4/22/2024, 10:54:39 PM",3.569,68.2,100,5,2024-04-23T03:54:39.000Z
"4/22/2024, 10:59:39 PM",3.569,68.2,100,4,2024-04-23T03:59:39.000Z
"4/22/2024, 11:04:39 PM",3.569,68.2,100,5,2024-04-23T04:04:39.000Z
"4/22/2024, 11:09:39 PM",3.569,68.2,100,5,2024-04-23T04:09:39.000Z
"4/22/2024, 11:14:39 PM",3.569,68.2,100,5,2024-04-23T04:14:39.000Z
"4/22/2024, 11:19:39 PM",3.569,68,100,4,2024-04-23T04:19:39.000Z
"4/22/2024, 11:24:39 PM",3.569,68,100,5,2024-04-23T04:24:39.000Z
"4/22/2024, 11:29:39 PM",3.569,68,100,5,2024-04-23T04:29:39.000Z
"4/22/2024, 11:34:39 PM",3.569,68,100,5,2024-04-23T04:34:39.000Z
"4/22/2024, 11:39:39 PM",3.569,68,100,4,2024-04-23T04:39:39.000Z
"4/22/2024, 11:44:39 PM",3.568,67.8,100,5,2024-04-23T04:44:39.000Z
"4/22/2024, 11:49:39 PM",3.569,67.8,100,5,2024-04-23T04:49:39.000Z
"4/22/2024, 11:54:39 PM",3.568,67.8,100,5,2024-04-23T04:54:39.000Z
"4/22/2024, 11:59:39 PM",3.568,67.6,100,5,2024-04-23T04:59:39.000Z
"4/23/2024, 12:04:39 AM",3.569,67.5,100,5,2024-04-23T05:04:39.000Z
"4/23/2024, 12:09:39 AM",3.568,67.5,100,5,2024-04-23T05:09:39.000Z
"4/23/2024, 12:14:39 AM",3.568,67.3,100,5,2024-04-23T05:14:39.000Z
"4/23/2024, 12:19:39 AM",3.569,67.3,100,5,2024-04-23T05:19:39.000Z
"4/23/2024, 12:24:39 AM",3.569,67.1,100,5,2024-04-23T05:24:39.000Z
"4/23/2024, 12:29:39 AM",3.568,66.9,100,5,2024-04-23T05:29:39.000Z
"4/23/2024, 12:34:39 AM",3.568,66.7,100,5,2024-04-23T05:34:39.000Z
"4/23/2024, 12:39:39 AM",3.569,66.7,100,5,2024-04-23T05:39:39.000Z
"4/23/2024, 12:44:39 AM",3.569,66.6,100,5,2024-04-23T05:44:39.000Z
"4/23/2024, 12:49:39 AM",3.568,66.6,100,5,2024-04-23T05:49:39.000Z
"4/23/2024, 12:54:39 AM",3.568,66.6,100,5,2024-04-23T05:54:39.000Z
"4/23/2024, 12:59:39 AM",3.569,66.6,100,5,2024-04-23T05:59:39.000Z
"4/23/2024, 1:04:39 AM",3.568,66.4,100,5,2024-04-23T06:04:39.000Z
"4/23/2024, 1:09:39 AM",3.568,66.4,100,6,2024-04-23T06:09:39.000Z
"4/23/2024, 1:14:39 AM",3.568,66.4,100,6,2024-04-23T06:14:39.000Z
"4/23/2024, 1:19:39 AM",3.568,66.4,100,6,2024-04-23T06:19:39.000Z
"4/23/2024, 1:24:39 AM",3.568,66.4,100,6,2024-04-23T06:24:39.000Z
"4/23/2024, 1:29:39 AM",3.568,66.4,100,6,2024-04-23T06:29:39.000Z
"4/23/2024, 1:34:39 AM",3.568,66.2,100,6,2024-04-23T06:34:39.000Z
"4/23/2024, 1:39:39 AM",3.568,66.2,100,6,2024-04-23T06:39:39.000Z
"4/23/2024, 1:44:39 AM",3.568,66,100,6,2024-04-23T06:44:39.000Z
"4/23/2024, 1:49:39 AM",3.568,66,100,6,2024-04-23T06:49:39.000Z
"4/23/2024, 1:54:39 AM",3.568,66,100,6,2024-04-23T06:54:39.000Z
"4/23/2024, 1:59:39 AM",3.568,66,100,6,2024-04-23T06:59:39.000Z
"4/23/2024, 2:04:39 AM",3.568,66,100,7,2024-04-23T07:04:39.000Z
"4/23/2024, 2:09:39 AM",3.568,66,100,6,2024-04-23T07:09:39.000Z
"4/23/2024, 2:14:39 AM",3.568,66,100,7,2024-04-23T07:14:39.000Z
"4/23/2024, 2:19:39 AM",3.568,66,100,7,2024-04-23T07:19:39.000Z
"4/23/2024, 2:24:39 AM",3.568,66.2,100,6,2024-04-23T07:24:39.000Z
"4/23/2024, 2:29:39 AM",3.568,66.2,100,6,2024-04-23T07:29:39.000Z
"4/23/2024, 2:34:39 AM",3.568,66.2,100,5,2024-04-23T07:34:39.000Z
"4/23/2024, 2:39:39 AM",3.568,66.2,100,5,2024-04-23T07:39:39.000Z
"4/23/2024, 2:44:39 AM",3.568,66.2,100,5,2024-04-23T07:44:39.000Z
"4/23/2024, 2:49:39 AM",3.568,66.2,100,4,2024-04-23T07:49:39.000Z
"4/23/2024, 2:54:39 AM",3.568,66.2,100,4,2024-04-23T07:54:39.000Z
"4/23/2024, 2:59:39 AM",3.568,66.2,100,4,2024-04-23T07:59:39.000Z
"4/23/2024, 3:04:39 AM",3.568,66,100,3,2024-04-23T08:04:39.000Z
"4/23/2024, 3:09:39 AM",3.568,66,100,3,2024-04-23T08:09:39.000Z
"4/23/2024, 3:14:39 AM",3.568,65.8,100,3,2024-04-23T08:14:39.000Z
"4/23/2024, 3:19:39 AM",3.568,65.8,100,3,2024-04-23T08:19:39.000Z
"4/23/2024, 3:24:39 AM",3.568,65.8,100,2,2024-04-23T08:24:39.000Z
"4/23/2024, 3:29:39 AM",3.568,65.8,100,2,2024-04-23T08:29:39.000Z
"4/23/2024, 3:34:39 AM",3.568,66,100,2,2024-04-23T08:34:39.000Z
"4/23/2024, 3:39:39 AM",3.568,66.2,100,2,2024-04-23T08:39:39.000Z
"4/23/2024, 3:44:39 AM",3.568,66.2,100,2,2024-04-23T08:44:39.000Z
"4/23/2024, 3:49:39 AM",3.568,66.2,100,2,2024-04-23T08:49:39.000Z
"4/23/2024, 3:54:39 AM",3.567,66.2,100,1,2024-04-23T08:54:39.000Z
"4/23/2024, 3:59:39 AM",3.568,66.2,100,1,2024-04-23T08:59:39.000Z
"4/23/2024, 4:04:39 AM",3.568,66.2,100,1,2024-04-23T09:04:39.000Z
"4/23/2024, 4:09:39 AM",3.568,66,100,1,2024-04-23T09:09:39.000Z
"4/23/2024, 4:14:39 AM",3.568,66,100,1,2024-04-23T09:14:39.000Z
"4/23/2024, 4:19:39 AM",3.567,65.8,100,1,2024-04-23T09:19:39.000Z
"4/23/2024, 4:24:39 AM",3.567,65.7,100,1,2024-04-23T09:24:39.000Z
"4/23/2024, 4:29:39 AM",3.568,65.7,100,1,2024-04-23T09:29:39.000Z
"4/23/2024, 4:34:39 AM",3.568,65.7,100,1,2024-04-23T09:34:39.000Z
"4/23/2024, 4:39:39 AM",3.568,65.5,100,1,2024-04-23T09:39:39.000Z
"4/23/2024, 4:44:39 AM",3.568,65.5,100,1,2024-04-23T09:44:39.000Z
"4/23/2024, 4:49:39 AM",3.568,65.7,100,1,2024-04-23T09:49:39.000Z
"4/23/2024, 4:54:39 AM",3.567,65.7,100,1,2024-04-23T09:54:39.000Z
"4/23/2024, 4:59:39 AM",3.568,65.7,100,1,2024-04-23T09:59:39.000Z
"4/23/2024, 5:04:39 AM",3.567,65.7,100,1,2024-04-23T10:04:39.000Z
"4/23/2024, 5:09:39 AM",3.567,65.7,100,1,2024-04-23T10:09:39.000Z
"4/23/2024, 5:14:39 AM",3.568,65.5,100,1,2024-04-23T10:14:39.000Z
"4/23/2024, 5:19:39 AM",3.567,65.5,100,1,2024-04-23T10:19:39.000Z
"4/23/2024, 5:24:39 AM",3.567,65.5,100,1,2024-04-23T10:24:39.000Z
"4/23/2024, 5:29:39 AM",3.568,65.5,100,1,2024-04-23T10:29:39.000Z
"4/23/2024, 5:34:39 AM",3.567,65.5,100,1,2024-04-23T10:34:39.000Z
"4/23/2024, 5:39:39 AM",3.568,65.5,100,1,2024-04-23T10:39:39.000Z
"4/23/2024, 5:44:39 AM",3.567,65.5,100,1,2024-04-23T10:44:39.000Z
"4/23/2024, 5:49:39 AM",3.567,65.5,100,1,2024-04-23T10:49:39.000Z
"4/23/2024, 5:54:39 AM",3.567,65.3,100,1,2024-04-23T10:54:39.000Z
"4/23/2024, 5:59:39 AM",3.568,65.3,100,1,2024-04-23T10:59:39.000Z
"4/23/2024, 6:04:39 AM",3.567,65.3,100,1,2024-04-23T11:04:39.000Z
"4/23/2024, 6:09:39 AM",3.567,65.3,100,1,2024-04-23T11:09:39.000Z
"4/23/2024, 6:14:39 AM",3.567,65.3,100,1,2024-04-23T11:14:39.000Z
"4/23/2024, 6:19:39 AM",3.567,65.3,100,1,2024-04-23T11:19:39.000Z
"4/23/2024, 6:24:39 AM",3.568,65.1,100,1,2024-04-23T11:24:39.000Z
"4/23/2024, 6:29:39 AM",3.567,65.3,100,1,2024-04-23T11:29:39.000Z
"4/23/2024, 6:34:39 AM",3.568,65.3,100,1,2024-04-23T11:34:39.000Z
"4/23/2024, 6:39:39 AM",3.567,65.7,100,1,2024-04-23T11:39:39.000Z
"4/23/2024, 6:44:39 AM",3.567,66,100,1,2024-04-23T11:44:39.000Z
"4/23/2024, 6:49:39 AM",3.567,66.2,100,1,2024-04-23T11:49:39.000Z
"4/23/2024, 6:54:39 AM",3.567,66.6,100,1,2024-04-23T11:54:39.000Z
"4/23/2024, 6:59:39 AM",3.567,66.6,100,1,2024-04-23T11:59:39.000Z
"4/23/2024, 7:04:39 AM",3.567,66.7,100,1,2024-04-23T12:04:39.000Z
"4/23/2024, 7:09:39 AM",3.622,62.4,100,0,2024-04-23T12:09:39.000Z
"4/23/2024, 7:14:39 AM",3.606,59.5,100,0,2024-04-23T12:14:39.000Z
"4/23/2024, 7:19:39 AM",3.598,59.5,100,0,2024-04-23T12:19:39.000Z
"4/23/2024, 7:24:39 AM",3.595,60.3,100,0,2024-04-23T12:24:39.000Z
"4/23/2024, 7:29:39 AM",3.594,61,100,0,2024-04-23T12:29:39.000Z
"4/23/2024, 7:34:39 AM",3.598,61.7,100,0,2024-04-23T12:34:39.000Z
"4/23/2024, 7:39:39 AM",3.598,62.4,100,0,2024-04-23T12:39:39.000Z
"4/23/2024, 7:44:39 AM",3.593,63.3,100,0,2024-04-23T12:44:39.000Z
"4/23/2024, 7:49:39 AM",3.595,64,100,0,2024-04-23T12:49:39.000Z
"4/23/2024, 7:54:39 AM",3.601,64.6,100,0,2024-04-23T12:54:39.000Z
"4/23/2024, 7:59:39 AM",3.599,65.1,100,0,2024-04-23T12:59:39.000Z
"4/23/2024, 8:04:39 AM",3.604,65.7,100,0,2024-04-23T13:04:39.000Z
"4/23/2024, 8:09:39 AM",3.603,66.2,100,0,2024-04-23T13:09:39.000Z
"4/23/2024, 8:14:39 AM",3.593,66.6,100,0,2024-04-23T13:14:39.000Z
"4/23/2024, 8:19:39 AM",3.59,66.9,100,0,2024-04-23T13:19:39.000Z
"4/23/2024, 8:24:39 AM",3.596,67.3,100,0,2024-04-23T13:24:39.000Z
"4/23/2024, 8:29:39 AM",3.599,67.6,100,0,2024-04-23T13:29:39.000Z
EVENTS:
"4/23/2024, 8:29:39 AM",Stop Log,H2S (PPM)
LABELS:
