Instrument:,NH3-211205141,,,,
Name:,Biosolids Dewatering,,,,
Time Zone Offset (Minutes):,-300,,,,
Orignal File Name:,"C:\Users\Phil.Bennington\Documents\Aculog NH3\NH3-211205141_5_19_2022, 1_42_12 PM --- 5_31_2022, 8_12_12 AM.acrudata",,,,
Session ID:,31028,,,,
Session 1st Title:,"NH3-211205141_5_19_2022, 1_42_12 PM --- 5_31_2022, 8_12_12 AM",,,,
Session Start:,"5/19/2022, 12:42:12 PM",,,,
Session End:,"5/31/2022, 7:12:12 AM",,,,
,,,,,
Time Stamp,Battery (Volts),Temperature (°F),Humidity (%),NH3 (PPM),ISO time
"5/19/2022, 12:42:12 PM",3.651,73,57.3,0,2022-05-19T17:42:12.000Z
"5/19/2022, 12:45:12 PM",3.651,73.2,57.3,0,2022-05-19T17:45:12.000Z
"5/19/2022, 12:48:12 PM",3.651,73.6,57.3,0,2022-05-19T17:48:12.000Z
"5/19/2022, 12:51:12 PM",3.651,74.1,57.4,3,2022-05-19T17:51:12.000Z
"5/19/2022, 12:54:12 PM",3.651,75.4,57.8,25,2022-05-19T17:54:12.000Z
"5/19/2022, 12:57:12 PM",3.651,76.8,58.4,29,2022-05-19T17:57:12.000Z
"5/19/2022, 1:00:12 PM",3.65,78.1,59,28,2022-05-19T18:00:12.000Z
"5/19/2022, 1:03:12 PM",3.65,79.2,59.7,30,2022-05-19T18:03:12.000Z
"5/19/2022, 1:06:12 PM",3.65,80.1,60.3,32,2022-05-19T18:06:12.000Z
"5/19/2022, 1:09:12 PM",3.65,80.8,60.9,32,2022-05-19T18:09:12.000Z
"5/19/2022, 1:12:12 PM",3.65,81.5,61.5,32,2022-05-19T18:12:12.000Z
"5/19/2022, 1:15:12 PM",3.65,82.2,62.1,32,2022-05-19T18:15:12.000Z
"5/19/2022, 1:18:12 PM",3.65,82.8,62.7,33,2022-05-19T18:18:12.000Z
"5/19/2022, 1:21:12 PM",3.65,83.3,63.2,35,2022-05-19T18:21:12.000Z
"5/19/2022, 1:24:12 PM",3.65,83.7,63.7,36,2022-05-19T18:24:12.000Z
"5/19/2022, 1:27:12 PM",3.65,84.2,64.3,38,2022-05-19T18:27:12.000Z
"5/19/2022, 1:30:12 PM",3.65,84.6,64.8,36,2022-05-19T18:30:12.000Z
"5/19/2022, 1:33:12 PM",3.65,84.9,65.3,36,2022-05-19T18:33:12.000Z
"5/19/2022, 1:36:12 PM",3.65,85.3,65.7,37,2022-05-19T18:36:12.000Z
"5/19/2022, 1:39:12 PM",3.65,85.6,66.2,39,2022-05-19T18:39:12.000Z
"5/19/2022, 1:42:12 PM",3.65,85.8,66.6,40,2022-05-19T18:42:12.000Z
"5/19/2022, 1:45:12 PM",3.65,86.2,67,39,2022-05-19T18:45:12.000Z
"5/19/2022, 1:48:12 PM",3.65,86.4,67.3,40,2022-05-19T18:48:12.000Z
"5/19/2022, 1:51:12 PM",3.65,86.5,67.7,40,2022-05-19T18:51:12.000Z
"5/19/2022, 1:54:12 PM",3.65,86.9,68,39,2022-05-19T18:54:12.000Z
"5/19/2022, 1:57:12 PM",3.65,87.1,68.3,39,2022-05-19T18:57:12.000Z
"5/19/2022, 2:00:12 PM",3.65,87.3,68.6,38,2022-05-19T19:00:12.000Z
"5/19/2022, 2:03:12 PM",3.65,87.4,68.8,39,2022-05-19T19:03:12.000Z
"5/19/2022, 2:06:12 PM",3.65,87.6,69.1,41,2022-05-19T19:06:12.000Z
"5/19/2022, 2:09:12 PM",3.65,87.8,69.4,43,2022-05-19T19:09:12.000Z
"5/19/2022, 2:12:12 PM",3.65,88,69.6,44,2022-05-19T19:12:12.000Z
"5/19/2022, 2:15:12 PM",3.65,88.3,69.9,43,2022-05-19T19:15:12.000Z
"5/19/2022, 2:18:12 PM",3.65,88.5,70.1,43,2022-05-19T19:18:12.000Z
"5/19/2022, 2:21:12 PM",3.65,88.7,70.3,43,2022-05-19T19:21:12.000Z
"5/19/2022, 2:24:12 PM",3.65,88.9,70.5,46,2022-05-19T19:24:12.000Z
"5/19/2022, 2:27:12 PM",3.65,88.9,70.7,43,2022-05-19T19:27:12.000Z
"5/19/2022, 2:30:12 PM",3.65,89.2,70.9,46,2022-05-19T19:30:12.000Z
"5/19/2022, 2:33:12 PM",3.651,89.4,71.1,46,2022-05-19T19:33:12.000Z
"5/19/2022, 2:36:12 PM",3.65,89.6,71.3,48,2022-05-19T19:36:12.000Z
"5/19/2022, 2:39:12 PM",3.65,89.8,71.4,46,2022-05-19T19:39:12.000Z
"5/19/2022, 2:42:12 PM",3.65,90,71.6,47,2022-05-19T19:42:12.000Z
"5/19/2022, 2:45:12 PM",3.65,90.1,71.8,50,2022-05-19T19:45:12.000Z
"5/19/2022, 2:48:12 PM",3.651,90.3,71.9,49,2022-05-19T19:48:12.000Z
"5/19/2022, 2:51:12 PM",3.65,90.5,72.1,49,2022-05-19T19:51:12.000Z
"5/19/2022, 2:54:12 PM",3.65,90.7,72.2,49,2022-05-19T19:54:12.000Z
"5/19/2022, 2:57:12 PM",3.65,90.9,72.4,47,2022-05-19T19:57:12.000Z
"5/19/2022, 3:00:12 PM",3.651,90.9,72.6,50,2022-05-19T20:00:12.000Z
"5/19/2022, 3:03:12 PM",3.65,91,72.7,49,2022-05-19T20:03:12.000Z
"5/19/2022, 3:06:12 PM",3.65,91.2,72.8,48,2022-05-19T20:06:12.000Z
"5/19/2022, 3:09:12 PM",3.65,91.4,73,47,2022-05-19T20:09:12.000Z
"5/19/2022, 3:12:12 PM",3.651,91.4,73.1,48,2022-05-19T20:12:12.000Z
"5/19/2022, 3:15:12 PM",3.651,91.6,73.2,49,2022-05-19T20:15:12.000Z
"5/19/2022, 3:18:12 PM",3.65,91.6,73.3,47,2022-05-19T20:18:12.000Z
"5/19/2022, 3:21:12 PM",3.651,91.8,73.4,49,2022-05-19T20:21:12.000Z
"5/19/2022, 3:24:12 PM",3.651,91.8,73.6,48,2022-05-19T20:24:12.000Z
"5/19/2022, 3:27:12 PM",3.651,91.8,73.7,50,2022-05-19T20:27:12.000Z
"5/19/2022, 3:30:12 PM",3.651,91.8,73.8,49,2022-05-19T20:30:12.000Z
"5/19/2022, 3:33:12 PM",3.651,91.9,73.9,50,2022-05-19T20:33:12.000Z
"5/19/2022, 3:36:12 PM",3.651,91.9,74,49,2022-05-19T20:36:12.000Z
"5/19/2022, 3:39:12 PM",3.651,91.9,74.1,46,2022-05-19T20:39:12.000Z
"5/19/2022, 3:42:12 PM",3.651,92.1,74.2,45,2022-05-19T20:42:12.000Z
"5/19/2022, 3:45:12 PM",3.651,92.1,74.3,42,2022-05-19T20:45:12.000Z
"5/19/2022, 3:48:12 PM",3.651,92.1,74.4,42,2022-05-19T20:48:12.000Z
"5/19/2022, 3:51:12 PM",3.651,92.3,74.5,41,2022-05-19T20:51:12.000Z
"5/19/2022, 3:54:12 PM",3.651,92.3,74.6,42,2022-05-19T20:54:12.000Z
"5/19/2022, 3:57:12 PM",3.651,92.5,74.7,45,2022-05-19T20:57:12.000Z
"5/19/2022, 4:00:12 PM",3.651,92.5,74.8,46,2022-05-19T21:00:12.000Z
"5/19/2022, 4:03:12 PM",3.652,92.7,74.9,47,2022-05-19T21:03:12.000Z
"5/19/2022, 4:06:12 PM",3.651,92.8,75,46,2022-05-19T21:06:12.000Z
"5/19/2022, 4:09:12 PM",3.652,92.8,75.1,47,2022-05-19T21:09:12.000Z
"5/19/2022, 4:12:12 PM",3.652,92.8,75.2,45,2022-05-19T21:12:12.000Z
"5/19/2022, 4:15:12 PM",3.651,93,75.3,45,2022-05-19T21:15:12.000Z
"5/19/2022, 4:18:12 PM",3.652,93,75.4,47,2022-05-19T21:18:12.000Z
"5/19/2022, 4:21:12 PM",3.651,93.2,75.4,46,2022-05-19T21:21:12.000Z
"5/19/2022, 4:24:12 PM",3.652,93.2,75.5,46,2022-05-19T21:24:12.000Z
"5/19/2022, 4:27:12 PM",3.652,93.2,75.6,45,2022-05-19T21:27:12.000Z
"5/19/2022, 4:30:12 PM",3.652,93.2,75.7,43,2022-05-19T21:30:12.000Z
"5/19/2022, 4:33:12 PM",3.652,93.2,75.7,45,2022-05-19T21:33:12.000Z
"5/19/2022, 4:36:12 PM",3.652,93,75.9,45,2022-05-19T21:36:12.000Z
"5/19/2022, 4:39:12 PM",3.652,93,75.9,46,2022-05-19T21:39:12.000Z
"5/19/2022, 4:42:12 PM",3.652,93,76,46,2022-05-19T21:42:12.000Z
"5/19/2022, 4:45:12 PM",3.652,92.8,76.1,46,2022-05-19T21:45:12.000Z
"5/19/2022, 4:48:12 PM",3.652,92.8,76.2,46,2022-05-19T21:48:12.000Z
"5/19/2022, 4:51:12 PM",3.652,92.8,76.3,44,2022-05-19T21:51:12.000Z
"5/19/2022, 4:54:12 PM",3.652,92.7,76.3,42,2022-05-19T21:54:12.000Z
"5/19/2022, 4:57:12 PM",3.653,92.5,76.4,44,2022-05-19T21:57:12.000Z
"5/19/2022, 5:00:12 PM",3.652,92.5,76.5,41,2022-05-19T22:00:12.000Z
"5/19/2022, 5:03:12 PM",3.652,92.3,76.6,41,2022-05-19T22:03:12.000Z
"5/19/2022, 5:06:12 PM",3.653,92.1,76.7,43,2022-05-19T22:06:12.000Z
"5/19/2022, 5:09:12 PM",3.653,91.9,76.8,43,2022-05-19T22:09:12.000Z
"5/19/2022, 5:12:12 PM",3.653,91.9,76.9,42,2022-05-19T22:12:12.000Z
"5/19/2022, 5:15:12 PM",3.653,91.8,76.9,43,2022-05-19T22:15:12.000Z
"5/19/2022, 5:18:12 PM",3.653,91.6,77,43,2022-05-19T22:18:12.000Z
"5/19/2022, 5:21:12 PM",3.653,91.4,77.1,40,2022-05-19T22:21:12.000Z
"5/19/2022, 5:24:12 PM",3.653,91.2,77.2,39,2022-05-19T22:24:12.000Z
"5/19/2022, 5:27:12 PM",3.653,91.2,77.3,39,2022-05-19T22:27:12.000Z
"5/19/2022, 5:30:12 PM",3.653,91,77.3,39,2022-05-19T22:30:12.000Z
"5/19/2022, 5:33:12 PM",3.653,90.9,77.4,37,2022-05-19T22:33:12.000Z
"5/19/2022, 5:36:12 PM",3.654,90.7,77.5,38,2022-05-19T22:36:12.000Z
"5/19/2022, 5:39:12 PM",3.654,90.5,77.6,37,2022-05-19T22:39:12.000Z
"5/19/2022, 5:42:12 PM",3.654,90.3,77.6,37,2022-05-19T22:42:12.000Z
"5/19/2022, 5:45:12 PM",3.654,90.1,77.7,39,2022-05-19T22:45:12.000Z
"5/19/2022, 5:48:12 PM",3.654,90,77.8,37,2022-05-19T22:48:12.000Z
"5/19/2022, 5:51:12 PM",3.654,89.8,77.9,37,2022-05-19T22:51:12.000Z
"5/19/2022, 5:54:12 PM",3.654,89.6,78,37,2022-05-19T22:54:12.000Z
"5/19/2022, 5:57:12 PM",3.654,89.4,78,37,2022-05-19T22:57:12.000Z
"5/19/2022, 6:00:12 PM",3.654,89.2,78.1,36,2022-05-19T23:00:12.000Z
"5/19/2022, 6:03:12 PM",3.654,89.1,78.1,34,2022-05-19T23:03:12.000Z
"5/19/2022, 6:06:12 PM",3.654,88.9,78.3,36,2022-05-19T23:06:12.000Z
"5/19/2022, 6:09:12 PM",3.654,88.9,78.3,37,2022-05-19T23:09:12.000Z
"5/19/2022, 6:12:12 PM",3.654,88.7,78.4,37,2022-05-19T23:12:12.000Z
"5/19/2022, 6:15:12 PM",3.654,88.5,78.4,39,2022-05-19T23:15:12.000Z
"5/19/2022, 6:18:12 PM",3.655,88.3,78.5,39,2022-05-19T23:18:12.000Z
"5/19/2022, 6:21:12 PM",3.655,88.2,78.6,39,2022-05-19T23:21:12.000Z
"5/19/2022, 6:24:12 PM",3.655,88,78.7,39,2022-05-19T23:24:12.000Z
"5/19/2022, 6:27:12 PM",3.654,87.8,78.7,39,2022-05-19T23:27:12.000Z
"5/19/2022, 6:30:12 PM",3.655,87.8,78.8,39,2022-05-19T23:30:12.000Z
"5/19/2022, 6:33:12 PM",3.655,87.6,78.9,39,2022-05-19T23:33:12.000Z
"5/19/2022, 6:36:12 PM",3.655,87.4,79,39,2022-05-19T23:36:12.000Z
"5/19/2022, 6:39:12 PM",3.655,87.3,79,39,2022-05-19T23:39:12.000Z
"5/19/2022, 6:42:12 PM",3.655,87.1,79.1,39,2022-05-19T23:42:12.000Z
"5/19/2022, 6:45:12 PM",3.655,86.9,79.1,39,2022-05-19T23:45:12.000Z
"5/19/2022, 6:48:12 PM",3.655,86.7,79.2,38,2022-05-19T23:48:12.000Z
"5/19/2022, 6:51:12 PM",3.655,86.7,79.3,38,2022-05-19T23:51:12.000Z
"5/19/2022, 6:54:12 PM",3.655,86.5,79.3,37,2022-05-19T23:54:12.000Z
"5/19/2022, 6:57:12 PM",3.655,86.4,79.4,39,2022-05-19T23:57:12.000Z
"5/19/2022, 7:00:12 PM",3.655,86.2,79.4,38,2022-05-20T00:00:12.000Z
"5/19/2022, 7:03:12 PM",3.655,86,79.5,38,2022-05-20T00:03:12.000Z
"5/19/2022, 7:06:12 PM",3.655,86,79.6,38,2022-05-20T00:06:12.000Z
"5/19/2022, 7:09:12 PM",3.655,85.8,79.7,38,2022-05-20T00:09:12.000Z
"5/19/2022, 7:12:12 PM",3.656,85.6,79.7,37,2022-05-20T00:12:12.000Z
"5/19/2022, 7:15:12 PM",3.655,85.6,79.8,36,2022-05-20T00:15:12.000Z
"5/19/2022, 7:18:12 PM",3.655,85.5,79.8,38,2022-05-20T00:18:12.000Z
"5/19/2022, 7:21:12 PM",3.655,85.3,79.9,38,2022-05-20T00:21:12.000Z
"5/19/2022, 7:24:12 PM",3.655,85.1,80,37,2022-05-20T00:24:12.000Z
"5/19/2022, 7:27:12 PM",3.655,85.1,80,37,2022-05-20T00:27:12.000Z
"5/19/2022, 7:30:12 PM",3.655,84.9,80.1,37,2022-05-20T00:30:12.000Z
"5/19/2022, 7:33:12 PM",3.655,84.9,80.1,37,2022-05-20T00:33:12.000Z
"5/19/2022, 7:36:12 PM",3.655,84.7,80.2,36,2022-05-20T00:36:12.000Z
"5/19/2022, 7:39:12 PM",3.655,84.6,80.2,36,2022-05-20T00:39:12.000Z
"5/19/2022, 7:42:12 PM",3.655,84.6,80.3,36,2022-05-20T00:42:12.000Z
"5/19/2022, 7:45:12 PM",3.656,84.4,80.3,36,2022-05-20T00:45:12.000Z
"5/19/2022, 7:48:12 PM",3.655,84.2,80.4,36,2022-05-20T00:48:12.000Z
"5/19/2022, 7:51:12 PM",3.655,84,80.5,35,2022-05-20T00:51:12.000Z
"5/19/2022, 7:54:12 PM",3.656,83.8,80.5,35,2022-05-20T00:54:12.000Z
"5/19/2022, 7:57:12 PM",3.655,83.7,80.5,34,2022-05-20T00:57:12.000Z
"5/19/2022, 8:00:12 PM",3.656,83.7,80.6,34,2022-05-20T01:00:12.000Z
"5/19/2022, 8:03:12 PM",3.656,83.5,80.7,35,2022-05-20T01:03:12.000Z
"5/19/2022, 8:06:12 PM",3.656,83.3,80.7,35,2022-05-20T01:06:12.000Z
"5/19/2022, 8:09:12 PM",3.656,83.1,80.8,34,2022-05-20T01:09:12.000Z
"5/19/2022, 8:12:12 PM",3.656,83.1,80.8,35,2022-05-20T01:12:12.000Z
"5/19/2022, 8:15:12 PM",3.656,82.9,80.8,35,2022-05-20T01:15:12.000Z
"5/19/2022, 8:18:12 PM",3.656,82.8,80.9,34,2022-05-20T01:18:12.000Z
"5/19/2022, 8:21:12 PM",3.656,82.6,81,34,2022-05-20T01:21:12.000Z
"5/19/2022, 8:24:12 PM",3.656,82.4,81,34,2022-05-20T01:24:12.000Z
"5/19/2022, 8:27:12 PM",3.656,82.2,81,34,2022-05-20T01:27:12.000Z
"5/19/2022, 8:30:12 PM",3.656,82,81.1,34,2022-05-20T01:30:12.000Z
"5/19/2022, 8:33:12 PM",3.656,81.9,81.2,32,2022-05-20T01:33:12.000Z
"5/19/2022, 8:36:12 PM",3.656,81.7,81.2,31,2022-05-20T01:36:12.000Z
"5/19/2022, 8:39:12 PM",3.656,81.5,81.2,32,2022-05-20T01:39:12.000Z
"5/19/2022, 8:42:12 PM",3.656,81.3,81.3,31,2022-05-20T01:42:12.000Z
"5/19/2022, 8:45:12 PM",3.656,81.1,81.3,33,2022-05-20T01:45:12.000Z
"5/19/2022, 8:48:12 PM",3.656,81,81.4,32,2022-05-20T01:48:12.000Z
"5/19/2022, 8:51:12 PM",3.656,81,81.4,31,2022-05-20T01:51:12.000Z
"5/19/2022, 8:54:12 PM",3.657,80.8,81.5,31,2022-05-20T01:54:12.000Z
"5/19/2022, 8:57:12 PM",3.656,80.6,81.5,31,2022-05-20T01:57:12.000Z
"5/19/2022, 9:00:12 PM",3.657,80.6,81.6,32,2022-05-20T02:00:12.000Z
"5/19/2022, 9:03:12 PM",3.656,80.4,81.6,31,2022-05-20T02:03:12.000Z
"5/19/2022, 9:06:12 PM",3.656,80.4,81.7,32,2022-05-20T02:06:12.000Z
"5/19/2022, 9:09:12 PM",3.656,80.2,81.7,32,2022-05-20T02:09:12.000Z
"5/19/2022, 9:12:12 PM",3.656,80.1,81.8,33,2022-05-20T02:12:12.000Z
"5/19/2022, 9:15:12 PM",3.657,80.1,81.8,34,2022-05-20T02:15:12.000Z
"5/19/2022, 9:18:12 PM",3.657,80.1,81.9,32,2022-05-20T02:18:12.000Z
"5/19/2022, 9:21:12 PM",3.656,79.9,81.9,32,2022-05-20T02:21:12.000Z
"5/19/2022, 9:24:12 PM",3.656,79.9,82,32,2022-05-20T02:24:12.000Z
"5/19/2022, 9:27:12 PM",3.657,79.7,82,31,2022-05-20T02:27:12.000Z
"5/19/2022, 9:30:12 PM",3.656,79.7,82.1,31,2022-05-20T02:30:12.000Z
"5/19/2022, 9:33:12 PM",3.656,79.5,82.1,31,2022-05-20T02:33:12.000Z
"5/19/2022, 9:36:12 PM",3.656,79.5,82.1,32,2022-05-20T02:36:12.000Z
"5/19/2022, 9:39:12 PM",3.656,79.3,82.2,31,2022-05-20T02:39:12.000Z
"5/19/2022, 9:42:12 PM",3.656,79.3,82.3,31,2022-05-20T02:42:12.000Z
"5/19/2022, 9:45:12 PM",3.657,79.3,82.3,32,2022-05-20T02:45:12.000Z
"5/19/2022, 9:48:12 PM",3.656,79.2,82.3,32,2022-05-20T02:48:12.000Z
"5/19/2022, 9:51:12 PM",3.657,79.2,82.4,31,2022-05-20T02:51:12.000Z
"5/19/2022, 9:54:12 PM",3.656,79,82.4,31,2022-05-20T02:54:12.000Z
"5/19/2022, 9:57:12 PM",3.656,79,82.5,30,2022-05-20T02:57:12.000Z
"5/19/2022, 10:00:12 PM",3.656,79,82.5,31,2022-05-20T03:00:12.000Z
"5/19/2022, 10:03:12 PM",3.656,79,82.6,31,2022-05-20T03:03:12.000Z
"5/19/2022, 10:06:12 PM",3.656,79,82.6,30,2022-05-20T03:06:12.000Z
"5/19/2022, 10:09:12 PM",3.656,79,82.7,29,2022-05-20T03:09:12.000Z
"5/19/2022, 10:12:12 PM",3.656,78.8,82.7,29,2022-05-20T03:12:12.000Z
"5/19/2022, 10:15:12 PM",3.656,78.6,82.8,27,2022-05-20T03:15:12.000Z
"5/19/2022, 10:18:12 PM",3.656,78.6,82.8,30,2022-05-20T03:18:12.000Z
"5/19/2022, 10:21:12 PM",3.656,78.6,82.8,28,2022-05-20T03:21:12.000Z
"5/19/2022, 10:24:12 PM",3.656,78.6,82.9,30,2022-05-20T03:24:12.000Z
"5/19/2022, 10:27:12 PM",3.656,78.4,82.9,30,2022-05-20T03:27:12.000Z
"5/19/2022, 10:30:12 PM",3.656,78.4,83,30,2022-05-20T03:30:12.000Z
"5/19/2022, 10:33:12 PM",3.656,78.4,83,28,2022-05-20T03:33:12.000Z
"5/19/2022, 10:36:12 PM",3.656,78.4,83.1,30,2022-05-20T03:36:12.000Z
"5/19/2022, 10:39:12 PM",3.656,78.4,83.1,30,2022-05-20T03:39:12.000Z
"5/19/2022, 10:42:12 PM",3.656,78.4,83.2,30,2022-05-20T03:42:12.000Z
"5/19/2022, 10:45:12 PM",3.656,78.4,83.2,30,2022-05-20T03:45:12.000Z
"5/19/2022, 10:48:12 PM",3.656,78.4,83.3,30,2022-05-20T03:48:12.000Z
"5/19/2022, 10:51:12 PM",3.656,78.4,83.3,28,2022-05-20T03:51:12.000Z
"5/19/2022, 10:54:12 PM",3.656,78.4,83.3,30,2022-05-20T03:54:12.000Z
"5/19/2022, 10:57:12 PM",3.656,78.4,83.4,28,2022-05-20T03:57:12.000Z
"5/19/2022, 11:00:12 PM",3.656,78.4,83.4,28,2022-05-20T04:00:12.000Z
"5/19/2022, 11:03:12 PM",3.656,78.4,83.4,28,2022-05-20T04:03:12.000Z
"5/19/2022, 11:06:12 PM",3.656,78.4,83.5,30,2022-05-20T04:06:12.000Z
"5/19/2022, 11:09:12 PM",3.656,78.4,83.5,28,2022-05-20T04:09:12.000Z
"5/19/2022, 11:12:12 PM",3.656,78.4,83.6,28,2022-05-20T04:12:12.000Z
"5/19/2022, 11:15:12 PM",3.656,78.4,83.6,28,2022-05-20T04:15:12.000Z
"5/19/2022, 11:18:12 PM",3.656,78.4,83.7,28,2022-05-20T04:18:12.000Z
"5/19/2022, 11:21:12 PM",3.656,78.4,83.7,27,2022-05-20T04:21:12.000Z
"5/19/2022, 11:24:12 PM",3.656,78.4,83.8,27,2022-05-20T04:24:12.000Z
"5/19/2022, 11:27:12 PM",3.656,78.4,83.8,27,2022-05-20T04:27:12.000Z
"5/19/2022, 11:30:12 PM",3.656,78.4,83.8,27,2022-05-20T04:30:12.000Z
"5/19/2022, 11:33:12 PM",3.656,78.4,83.9,27,2022-05-20T04:33:12.000Z
"5/19/2022, 11:36:12 PM",3.656,78.4,83.9,28,2022-05-20T04:36:12.000Z
"5/19/2022, 11:39:12 PM",3.656,78.4,84,28,2022-05-20T04:39:12.000Z
"5/19/2022, 11:42:12 PM",3.655,78.4,84,28,2022-05-20T04:42:12.000Z
"5/19/2022, 11:45:12 PM",3.656,78.4,84,28,2022-05-20T04:45:12.000Z
"5/19/2022, 11:48:12 PM",3.656,78.4,84.1,28,2022-05-20T04:48:12.000Z
"5/19/2022, 11:51:12 PM",3.656,78.4,84.1,30,2022-05-20T04:51:12.000Z
"5/19/2022, 11:54:12 PM",3.656,78.4,84.1,30,2022-05-20T04:54:12.000Z
"5/19/2022, 11:57:12 PM",3.656,78.4,84.2,30,2022-05-20T04:57:12.000Z
"5/20/2022, 12:00:12 AM",3.656,78.4,84.2,30,2022-05-20T05:00:12.000Z
"5/20/2022, 12:03:12 AM",3.656,78.4,84.2,30,2022-05-20T05:03:12.000Z
"5/20/2022, 12:06:12 AM",3.656,78.4,84.3,30,2022-05-20T05:06:12.000Z
"5/20/2022, 12:09:12 AM",3.656,78.4,84.3,30,2022-05-20T05:09:12.000Z
"5/20/2022, 12:12:12 AM",3.656,78.4,84.4,30,2022-05-20T05:12:12.000Z
"5/20/2022, 12:15:12 AM",3.655,78.4,84.4,30,2022-05-20T05:15:12.000Z
"5/20/2022, 12:18:12 AM",3.656,78.4,84.5,28,2022-05-20T05:18:12.000Z
"5/20/2022, 12:21:12 AM",3.656,78.4,84.5,28,2022-05-20T05:21:12.000Z
"5/20/2022, 12:24:12 AM",3.656,78.4,84.5,30,2022-05-20T05:24:12.000Z
"5/20/2022, 12:27:12 AM",3.656,78.4,84.5,28,2022-05-20T05:27:12.000Z
"5/20/2022, 12:30:12 AM",3.656,78.4,84.6,30,2022-05-20T05:30:12.000Z
"5/20/2022, 12:33:12 AM",3.656,78.4,84.6,28,2022-05-20T05:33:12.000Z
"5/20/2022, 12:36:12 AM",3.656,78.4,84.7,28,2022-05-20T05:36:12.000Z
"5/20/2022, 12:39:12 AM",3.656,78.4,84.7,30,2022-05-20T05:39:12.000Z
"5/20/2022, 12:42:12 AM",3.656,78.4,84.7,31,2022-05-20T05:42:12.000Z
"5/20/2022, 12:45:12 AM",3.656,78.4,84.8,28,2022-05-20T05:45:12.000Z
"5/20/2022, 12:48:12 AM",3.656,78.4,84.8,28,2022-05-20T05:48:12.000Z
"5/20/2022, 12:51:12 AM",3.656,78.4,84.8,30,2022-05-20T05:51:12.000Z
"5/20/2022, 12:54:12 AM",3.656,78.4,84.9,28,2022-05-20T05:54:12.000Z
"5/20/2022, 12:57:12 AM",3.656,78.4,84.9,28,2022-05-20T05:57:12.000Z
"5/20/2022, 1:00:12 AM",3.656,78.4,84.9,30,2022-05-20T06:00:12.000Z
"5/20/2022, 1:03:12 AM",3.655,78.4,84.9,30,2022-05-20T06:03:12.000Z
"5/20/2022, 1:06:12 AM",3.655,78.4,85,28,2022-05-20T06:06:12.000Z
"5/20/2022, 1:09:12 AM",3.656,78.4,85,28,2022-05-20T06:09:12.000Z
"5/20/2022, 1:12:12 AM",3.655,78.4,85.1,28,2022-05-20T06:12:12.000Z
"5/20/2022, 1:15:12 AM",3.655,78.4,85.1,30,2022-05-20T06:15:12.000Z
"5/20/2022, 1:18:12 AM",3.656,78.4,85.1,28,2022-05-20T06:18:12.000Z
"5/20/2022, 1:21:12 AM",3.655,78.4,85.2,28,2022-05-20T06:21:12.000Z
"5/20/2022, 1:24:12 AM",3.655,78.4,85.2,27,2022-05-20T06:24:12.000Z
"5/20/2022, 1:27:12 AM",3.656,78.4,85.2,27,2022-05-20T06:27:12.000Z
"5/20/2022, 1:30:12 AM",3.656,78.4,85.3,28,2022-05-20T06:30:12.000Z
"5/20/2022, 1:33:12 AM",3.656,78.4,85.3,27,2022-05-20T06:33:12.000Z
"5/20/2022, 1:36:12 AM",3.656,78.6,85.4,27,2022-05-20T06:36:12.000Z
"5/20/2022, 1:39:12 AM",3.656,78.6,85.4,27,2022-05-20T06:39:12.000Z
"5/20/2022, 1:42:12 AM",3.656,78.6,85.4,27,2022-05-20T06:42:12.000Z
"5/20/2022, 1:45:12 AM",3.656,78.6,85.5,28,2022-05-20T06:45:12.000Z
"5/20/2022, 1:48:12 AM",3.656,78.6,85.5,27,2022-05-20T06:48:12.000Z
"5/20/2022, 1:51:12 AM",3.655,78.6,85.5,27,2022-05-20T06:51:12.000Z
"5/20/2022, 1:54:12 AM",3.655,78.6,85.6,27,2022-05-20T06:54:12.000Z
"5/20/2022, 1:57:12 AM",3.656,78.6,85.6,28,2022-05-20T06:57:12.000Z
"5/20/2022, 2:00:12 AM",3.655,78.6,85.6,28,2022-05-20T07:00:12.000Z
"5/20/2022, 2:03:12 AM",3.656,78.6,85.7,27,2022-05-20T07:03:12.000Z
"5/20/2022, 2:06:12 AM",3.656,78.6,85.7,27,2022-05-20T07:06:12.000Z
"5/20/2022, 2:09:12 AM",3.656,78.6,85.7,27,2022-05-20T07:09:12.000Z
"5/20/2022, 2:12:12 AM",3.656,78.6,85.8,27,2022-05-20T07:12:12.000Z
"5/20/2022, 2:15:12 AM",3.656,78.6,85.8,26,2022-05-20T07:15:12.000Z
"5/20/2022, 2:18:12 AM",3.656,78.6,85.8,27,2022-05-20T07:18:12.000Z
"5/20/2022, 2:21:12 AM",3.656,78.6,85.8,27,2022-05-20T07:21:12.000Z
"5/20/2022, 2:24:12 AM",3.655,78.6,85.9,27,2022-05-20T07:24:12.000Z
"5/20/2022, 2:27:12 AM",3.656,78.4,85.9,27,2022-05-20T07:27:12.000Z
"5/20/2022, 2:30:12 AM",3.656,78.4,85.9,28,2022-05-20T07:30:12.000Z
"5/20/2022, 2:33:12 AM",3.655,78.3,85.9,28,2022-05-20T07:33:12.000Z
"5/20/2022, 2:36:12 AM",3.656,78.3,86,28,2022-05-20T07:36:12.000Z
"5/20/2022, 2:39:12 AM",3.656,78.1,86,27,2022-05-20T07:39:12.000Z
"5/20/2022, 2:42:12 AM",3.656,78.1,86.1,28,2022-05-20T07:42:12.000Z
"5/20/2022, 2:45:12 AM",3.656,78.1,86.1,28,2022-05-20T07:45:12.000Z
"5/20/2022, 2:48:12 AM",3.656,77.9,86.1,28,2022-05-20T07:48:12.000Z
"5/20/2022, 2:51:12 AM",3.656,77.9,86.1,28,2022-05-20T07:51:12.000Z
"5/20/2022, 2:54:12 AM",3.656,77.9,86.2,28,2022-05-20T07:54:12.000Z
"5/20/2022, 2:57:12 AM",3.656,77.9,86.2,28,2022-05-20T07:57:12.000Z
"5/20/2022, 3:00:12 AM",3.656,77.9,86.2,28,2022-05-20T08:00:12.000Z
"5/20/2022, 3:03:12 AM",3.655,77.9,86.3,28,2022-05-20T08:03:12.000Z
"5/20/2022, 3:06:12 AM",3.655,77.9,86.3,27,2022-05-20T08:06:12.000Z
"5/20/2022, 3:09:12 AM",3.656,77.9,86.3,28,2022-05-20T08:09:12.000Z
"5/20/2022, 3:12:12 AM",3.656,77.9,86.3,28,2022-05-20T08:12:12.000Z
"5/20/2022, 3:15:12 AM",3.656,77.9,86.4,28,2022-05-20T08:15:12.000Z
"5/20/2022, 3:18:12 AM",3.656,77.9,86.4,28,2022-05-20T08:18:12.000Z
"5/20/2022, 3:21:12 AM",3.656,77.9,86.4,28,2022-05-20T08:21:12.000Z
"5/20/2022, 3:24:12 AM",3.656,77.9,86.4,28,2022-05-20T08:24:12.000Z
"5/20/2022, 3:27:12 AM",3.655,77.9,86.5,27,2022-05-20T08:27:12.000Z
"5/20/2022, 3:30:12 AM",3.656,77.9,86.5,27,2022-05-20T08:30:12.000Z
"5/20/2022, 3:33:12 AM",3.656,77.9,86.5,28,2022-05-20T08:33:12.000Z
"5/20/2022, 3:36:12 AM",3.656,77.9,86.6,26,2022-05-20T08:36:12.000Z
"5/20/2022, 3:39:12 AM",3.656,77.9,86.6,27,2022-05-20T08:39:12.000Z
"5/20/2022, 3:42:12 AM",3.656,77.7,86.6,28,2022-05-20T08:42:12.000Z
"5/20/2022, 3:45:12 AM",3.656,77.7,86.6,28,2022-05-20T08:45:12.000Z
"5/20/2022, 3:48:12 AM",3.656,77.7,86.7,28,2022-05-20T08:48:12.000Z
"5/20/2022, 3:51:12 AM",3.656,77.9,86.7,28,2022-05-20T08:51:12.000Z
"5/20/2022, 3:54:12 AM",3.656,77.9,86.7,26,2022-05-20T08:54:12.000Z
"5/20/2022, 3:57:12 AM",3.656,77.7,86.7,28,2022-05-20T08:57:12.000Z
"5/20/2022, 4:00:12 AM",3.656,77.7,86.8,26,2022-05-20T09:00:12.000Z
"5/20/2022, 4:03:12 AM",3.656,77.7,86.8,26,2022-05-20T09:03:12.000Z
"5/20/2022, 4:06:12 AM",3.656,77.7,86.8,27,2022-05-20T09:06:12.000Z
"5/20/2022, 4:09:12 AM",3.656,77.7,86.8,26,2022-05-20T09:09:12.000Z
"5/20/2022, 4:12:12 AM",3.655,77.7,86.9,26,2022-05-20T09:12:12.000Z
"5/20/2022, 4:15:12 AM",3.656,77.7,86.9,27,2022-05-20T09:15:12.000Z
"5/20/2022, 4:18:12 AM",3.656,77.7,86.9,26,2022-05-20T09:18:12.000Z
"5/20/2022, 4:21:12 AM",3.656,77.7,86.9,26,2022-05-20T09:21:12.000Z
"5/20/2022, 4:24:12 AM",3.656,77.5,86.9,26,2022-05-20T09:24:12.000Z
"5/20/2022, 4:27:12 AM",3.656,77.5,87,26,2022-05-20T09:27:12.000Z
"5/20/2022, 4:30:12 AM",3.656,77.5,87,26,2022-05-20T09:30:12.000Z
"5/20/2022, 4:33:12 AM",3.656,77.5,87,26,2022-05-20T09:33:12.000Z
"5/20/2022, 4:36:12 AM",3.656,77.5,87.1,26,2022-05-20T09:36:12.000Z
"5/20/2022, 4:39:12 AM",3.656,77.4,87.1,25,2022-05-20T09:39:12.000Z
"5/20/2022, 4:42:12 AM",3.656,77.4,87.1,25,2022-05-20T09:42:12.000Z
"5/20/2022, 4:45:12 AM",3.656,77.4,87.1,25,2022-05-20T09:45:12.000Z
"5/20/2022, 4:48:12 AM",3.656,77.4,87.2,24,2022-05-20T09:48:12.000Z
"5/20/2022, 4:51:12 AM",3.656,77.2,87.2,24,2022-05-20T09:51:12.000Z
"5/20/2022, 4:54:12 AM",3.656,77.2,87.2,24,2022-05-20T09:54:12.000Z
"5/20/2022, 4:57:12 AM",3.656,77.2,87.2,23,2022-05-20T09:57:12.000Z
"5/20/2022, 5:00:12 AM",3.656,77.2,87.2,24,2022-05-20T10:00:12.000Z
"5/20/2022, 5:03:12 AM",3.656,77,87.3,24,2022-05-20T10:03:12.000Z
"5/20/2022, 5:06:12 AM",3.656,77,87.3,24,2022-05-20T10:06:12.000Z
"5/20/2022, 5:09:12 AM",3.656,77,87.3,23,2022-05-20T10:09:12.000Z
"5/20/2022, 5:12:12 AM",3.656,77,87.3,23,2022-05-20T10:12:12.000Z
"5/20/2022, 5:15:12 AM",3.656,76.8,87.4,23,2022-05-20T10:15:12.000Z
"5/20/2022, 5:18:12 AM",3.656,76.8,87.4,24,2022-05-20T10:18:12.000Z
"5/20/2022, 5:21:12 AM",3.656,76.8,87.5,23,2022-05-20T10:21:12.000Z
"5/20/2022, 5:24:12 AM",3.656,76.8,87.5,23,2022-05-20T10:24:12.000Z
"5/20/2022, 5:27:12 AM",3.656,76.8,87.5,23,2022-05-20T10:27:12.000Z
"5/20/2022, 5:30:12 AM",3.656,76.6,87.5,23,2022-05-20T10:30:12.000Z
"5/20/2022, 5:33:12 AM",3.656,76.6,87.5,22,2022-05-20T10:33:12.000Z
"5/20/2022, 5:36:12 AM",3.656,76.6,87.6,23,2022-05-20T10:36:12.000Z
"5/20/2022, 5:39:12 AM",3.656,76.5,87.6,22,2022-05-20T10:39:12.000Z
"5/20/2022, 5:42:12 AM",3.656,76.5,87.6,22,2022-05-20T10:42:12.000Z
"5/20/2022, 5:45:12 AM",3.656,76.5,87.6,23,2022-05-20T10:45:12.000Z
"5/20/2022, 5:48:12 AM",3.656,76.5,87.6,22,2022-05-20T10:48:12.000Z
"5/20/2022, 5:51:12 AM",3.656,76.3,87.6,22,2022-05-20T10:51:12.000Z
"5/20/2022, 5:54:12 AM",3.656,76.3,87.7,22,2022-05-20T10:54:12.000Z
"5/20/2022, 5:57:12 AM",3.656,76.3,87.7,23,2022-05-20T10:57:12.000Z
"5/20/2022, 6:00:12 AM",3.656,76.3,87.7,23,2022-05-20T11:00:12.000Z
"5/20/2022, 6:03:12 AM",3.656,76.3,87.8,23,2022-05-20T11:03:12.000Z
"5/20/2022, 6:06:12 AM",3.656,76.3,87.8,24,2022-05-20T11:06:12.000Z
"5/20/2022, 6:09:12 AM",3.656,76.3,87.8,23,2022-05-20T11:09:12.000Z
"5/20/2022, 6:12:12 AM",3.656,76.3,87.8,24,2022-05-20T11:12:12.000Z
"5/20/2022, 6:15:12 AM",3.656,76.3,87.8,24,2022-05-20T11:15:12.000Z
"5/20/2022, 6:18:12 AM",3.656,76.3,87.9,23,2022-05-20T11:18:12.000Z
"5/20/2022, 6:21:12 AM",3.656,76.3,87.9,23,2022-05-20T11:21:12.000Z
"5/20/2022, 6:24:12 AM",3.656,76.3,87.9,24,2022-05-20T11:24:12.000Z
"5/20/2022, 6:27:12 AM",3.656,76.3,87.9,24,2022-05-20T11:27:12.000Z
"5/20/2022, 6:30:12 AM",3.656,76.3,88,24,2022-05-20T11:30:12.000Z
"5/20/2022, 6:33:12 AM",3.656,76.3,88,24,2022-05-20T11:33:12.000Z
"5/20/2022, 6:36:12 AM",3.656,76.3,88,23,2022-05-20T11:36:12.000Z
"5/20/2022, 6:39:12 AM",3.656,76.3,88,24,2022-05-20T11:39:12.000Z
"5/20/2022, 6:42:12 AM",3.656,76.5,88.1,25,2022-05-20T11:42:12.000Z
"5/20/2022, 6:45:12 AM",3.656,76.5,88.1,24,2022-05-20T11:45:12.000Z
"5/20/2022, 6:48:12 AM",3.655,76.6,88.1,24,2022-05-20T11:48:12.000Z
"5/20/2022, 6:51:12 AM",3.656,76.6,88.1,24,2022-05-20T11:51:12.000Z
"5/20/2022, 6:54:12 AM",3.656,76.8,88.2,24,2022-05-20T11:54:12.000Z
"5/20/2022, 6:57:12 AM",3.656,76.8,88.2,23,2022-05-20T11:57:12.000Z
"5/20/2022, 7:00:12 AM",3.656,77,88.2,24,2022-05-20T12:00:12.000Z
"5/20/2022, 7:03:12 AM",3.656,77.2,88.2,24,2022-05-20T12:03:12.000Z
"5/20/2022, 7:06:12 AM",3.656,77.2,88.3,24,2022-05-20T12:06:12.000Z
"5/20/2022, 7:09:12 AM",3.655,77.4,88.3,25,2022-05-20T12:09:12.000Z
"5/20/2022, 7:12:12 AM",3.656,77.4,88.3,26,2022-05-20T12:12:12.000Z
"5/20/2022, 7:15:12 AM",3.656,77.5,88.3,25,2022-05-20T12:15:12.000Z
"5/20/2022, 7:18:12 AM",3.656,77.5,88.3,25,2022-05-20T12:18:12.000Z
"5/20/2022, 7:21:12 AM",3.656,77.5,88.4,26,2022-05-20T12:21:12.000Z
"5/20/2022, 7:24:12 AM",3.656,77.7,88.4,26,2022-05-20T12:24:12.000Z
"5/20/2022, 7:27:12 AM",3.656,77.7,88.4,26,2022-05-20T12:27:12.000Z
"5/20/2022, 7:30:12 AM",3.655,77.9,88.4,28,2022-05-20T12:30:12.000Z
"5/20/2022, 7:33:12 AM",3.656,77.9,88.4,27,2022-05-20T12:33:12.000Z
"5/20/2022, 7:36:12 AM",3.656,78.1,88.5,27,2022-05-20T12:36:12.000Z
"5/20/2022, 7:39:12 AM",3.656,78.1,88.5,27,2022-05-20T12:39:12.000Z
"5/20/2022, 7:42:12 AM",3.655,78.3,88.5,27,2022-05-20T12:42:12.000Z
"5/20/2022, 7:45:12 AM",3.656,78.4,88.5,27,2022-05-20T12:45:12.000Z
"5/20/2022, 7:48:12 AM",3.655,78.6,88.5,28,2022-05-20T12:48:12.000Z
"5/20/2022, 7:51:12 AM",3.655,78.8,88.6,29,2022-05-20T12:51:12.000Z
"5/20/2022, 7:54:12 AM",3.655,79,88.6,31,2022-05-20T12:54:12.000Z
"5/20/2022, 7:57:12 AM",3.656,79.2,88.6,30,2022-05-20T12:57:12.000Z
"5/20/2022, 8:00:12 AM",3.656,79.3,88.6,31,2022-05-20T13:00:12.000Z
"5/20/2022, 8:03:12 AM",3.655,79.7,88.6,30,2022-05-20T13:03:12.000Z
"5/20/2022, 8:06:12 AM",3.655,79.9,88.6,31,2022-05-20T13:06:12.000Z
"5/20/2022, 8:09:12 AM",3.655,80.1,88.7,32,2022-05-20T13:09:12.000Z
"5/20/2022, 8:12:12 AM",3.655,80.4,88.7,31,2022-05-20T13:12:12.000Z
"5/20/2022, 8:15:12 AM",3.655,80.6,88.7,32,2022-05-20T13:15:12.000Z
"5/20/2022, 8:18:12 AM",3.655,80.8,88.7,33,2022-05-20T13:18:12.000Z
"5/20/2022, 8:21:12 AM",3.655,81,88.7,32,2022-05-20T13:21:12.000Z
"5/20/2022, 8:24:12 AM",3.655,81.1,88.8,34,2022-05-20T13:24:12.000Z
"5/20/2022, 8:27:12 AM",3.655,81.5,88.8,35,2022-05-20T13:27:12.000Z
"5/20/2022, 8:30:12 AM",3.655,81.7,88.8,35,2022-05-20T13:30:12.000Z
"5/20/2022, 8:33:12 AM",3.654,82,88.8,35,2022-05-20T13:33:12.000Z
"5/20/2022, 8:36:12 AM",3.655,82.2,88.8,34,2022-05-20T13:36:12.000Z
"5/20/2022, 8:39:12 AM",3.655,82.4,88.8,34,2022-05-20T13:39:12.000Z
"5/20/2022, 8:42:12 AM",3.655,82.6,88.8,35,2022-05-20T13:42:12.000Z
"5/20/2022, 8:45:12 AM",3.655,82.9,88.8,34,2022-05-20T13:45:12.000Z
"5/20/2022, 8:48:12 AM",3.654,83.1,88.9,34,2022-05-20T13:48:12.000Z
"5/20/2022, 8:51:12 AM",3.655,83.3,88.9,34,2022-05-20T13:51:12.000Z
"5/20/2022, 8:54:12 AM",3.655,83.5,88.9,33,2022-05-20T13:54:12.000Z
"5/20/2022, 8:57:12 AM",3.654,83.8,88.9,35,2022-05-20T13:57:12.000Z
"5/20/2022, 9:00:12 AM",3.655,84,89,33,2022-05-20T14:00:12.000Z
"5/20/2022, 9:03:12 AM",3.654,84,89,34,2022-05-20T14:03:12.000Z
"5/20/2022, 9:06:12 AM",3.654,84.2,89,35,2022-05-20T14:06:12.000Z
"5/20/2022, 9:09:12 AM",3.654,84.4,89,34,2022-05-20T14:09:12.000Z
"5/20/2022, 9:12:12 AM",3.654,84.6,89,35,2022-05-20T14:12:12.000Z
"5/20/2022, 9:15:12 AM",3.654,84.6,89,36,2022-05-20T14:15:12.000Z
"5/20/2022, 9:18:12 AM",3.655,84.7,89,35,2022-05-20T14:18:12.000Z
"5/20/2022, 9:21:12 AM",3.654,84.7,89,37,2022-05-20T14:21:12.000Z
"5/20/2022, 9:24:12 AM",3.654,84.9,89.1,35,2022-05-20T14:24:12.000Z
"5/20/2022, 9:27:12 AM",3.654,84.9,89.1,37,2022-05-20T14:27:12.000Z
"5/20/2022, 9:30:12 AM",3.655,84.9,89.1,37,2022-05-20T14:30:12.000Z
"5/20/2022, 9:33:12 AM",3.655,85.1,89.1,37,2022-05-20T14:33:12.000Z
"5/20/2022, 9:36:12 AM",3.655,85.1,89.2,36,2022-05-20T14:36:12.000Z
"5/20/2022, 9:39:12 AM",3.655,85.1,89.2,36,2022-05-20T14:39:12.000Z
"5/20/2022, 9:42:12 AM",3.655,85.1,89.2,37,2022-05-20T14:42:12.000Z
"5/20/2022, 9:45:12 AM",3.655,85.1,89.2,38,2022-05-20T14:45:12.000Z
"5/20/2022, 9:48:12 AM",3.655,85.3,89.2,38,2022-05-20T14:48:12.000Z
"5/20/2022, 9:51:12 AM",3.655,85.3,89.2,37,2022-05-20T14:51:12.000Z
"5/20/2022, 9:54:12 AM",3.655,85.5,89.3,38,2022-05-20T14:54:12.000Z
"5/20/2022, 9:57:12 AM",3.655,85.5,89.3,37,2022-05-20T14:57:12.000Z
"5/20/2022, 10:00:12 AM",3.655,85.5,89.3,37,2022-05-20T15:00:12.000Z
"5/20/2022, 10:03:12 AM",3.655,85.6,89.3,36,2022-05-20T15:03:12.000Z
"5/20/2022, 10:06:12 AM",3.655,85.6,89.3,36,2022-05-20T15:06:12.000Z
"5/20/2022, 10:09:12 AM",3.655,85.8,89.4,36,2022-05-20T15:09:12.000Z
"5/20/2022, 10:12:12 AM",3.654,86,89.4,34,2022-05-20T15:12:12.000Z
"5/20/2022, 10:15:12 AM",3.654,86,89.4,35,2022-05-20T15:15:12.000Z
"5/20/2022, 10:18:12 AM",3.655,86.2,89.4,35,2022-05-20T15:18:12.000Z
"5/20/2022, 10:21:12 AM",3.655,86.4,89.4,35,2022-05-20T15:21:12.000Z
"5/20/2022, 10:24:12 AM",3.655,86.4,89.5,34,2022-05-20T15:24:12.000Z
"5/20/2022, 10:27:12 AM",3.655,86.5,89.5,33,2022-05-20T15:27:12.000Z
"5/20/2022, 10:30:12 AM",3.655,86.5,89.5,32,2022-05-20T15:30:12.000Z
"5/20/2022, 10:33:12 AM",3.655,86.7,89.5,32,2022-05-20T15:33:12.000Z
"5/20/2022, 10:36:12 AM",3.655,86.7,89.6,32,2022-05-20T15:36:12.000Z
"5/20/2022, 10:39:12 AM",3.655,86.7,89.6,32,2022-05-20T15:39:12.000Z
"5/20/2022, 10:42:12 AM",3.654,86.9,89.6,33,2022-05-20T15:42:12.000Z
"5/20/2022, 10:45:12 AM",3.655,86.9,89.6,33,2022-05-20T15:45:12.000Z
"5/20/2022, 10:48:12 AM",3.655,87.1,89.6,32,2022-05-20T15:48:12.000Z
"5/20/2022, 10:51:12 AM",3.655,87.1,89.7,33,2022-05-20T15:51:12.000Z
"5/20/2022, 10:54:12 AM",3.655,87.3,89.7,32,2022-05-20T15:54:12.000Z
"5/20/2022, 10:57:12 AM",3.655,87.3,89.7,32,2022-05-20T15:57:12.000Z
"5/20/2022, 11:00:12 AM",3.655,87.4,89.8,31,2022-05-20T16:00:12.000Z
"5/20/2022, 11:03:12 AM",3.655,87.4,89.8,30,2022-05-20T16:03:12.000Z
"5/20/2022, 11:06:12 AM",3.655,87.6,89.8,29,2022-05-20T16:06:12.000Z
"5/20/2022, 11:09:12 AM",3.655,87.6,89.8,30,2022-05-20T16:09:12.000Z
"5/20/2022, 11:12:12 AM",3.655,87.6,89.8,29,2022-05-20T16:12:12.000Z
"5/20/2022, 11:15:12 AM",3.655,87.8,89.9,30,2022-05-20T16:15:12.000Z
"5/20/2022, 11:18:12 AM",3.655,87.8,89.9,30,2022-05-20T16:18:12.000Z
"5/20/2022, 11:21:12 AM",3.655,88,89.9,30,2022-05-20T16:21:12.000Z
"5/20/2022, 11:24:12 AM",3.655,88,89.9,31,2022-05-20T16:24:12.000Z
"5/20/2022, 11:27:12 AM",3.655,88.2,89.9,29,2022-05-20T16:27:12.000Z
"5/20/2022, 11:30:12 AM",3.655,88.2,89.9,29,2022-05-20T16:30:12.000Z
"5/20/2022, 11:33:12 AM",3.655,88.3,90,29,2022-05-20T16:33:12.000Z
"5/20/2022, 11:36:12 AM",3.655,88.5,90,30,2022-05-20T16:36:12.000Z
"5/20/2022, 11:39:12 AM",3.655,88.7,90,30,2022-05-20T16:39:12.000Z
"5/20/2022, 11:42:12 AM",3.655,88.9,90,29,2022-05-20T16:42:12.000Z
"5/20/2022, 11:45:12 AM",3.655,88.9,90,28,2022-05-20T16:45:12.000Z
"5/20/2022, 11:48:12 AM",3.655,88.9,90,29,2022-05-20T16:48:12.000Z
"5/20/2022, 11:51:12 AM",3.655,89.1,90,29,2022-05-20T16:51:12.000Z
"5/20/2022, 11:54:12 AM",3.655,89.2,90,32,2022-05-20T16:54:12.000Z
"5/20/2022, 11:57:12 AM",3.654,89.4,90,28,2022-05-20T16:57:12.000Z
"5/20/2022, 12:00:12 PM",3.655,89.6,90,27,2022-05-20T17:00:12.000Z
"5/20/2022, 12:03:12 PM",3.655,89.8,90,27,2022-05-20T17:03:12.000Z
"5/20/2022, 12:06:12 PM",3.655,90,90.1,28,2022-05-20T17:06:12.000Z
"5/20/2022, 12:09:12 PM",3.655,90.1,90.1,29,2022-05-20T17:09:12.000Z
"5/20/2022, 12:12:12 PM",3.655,90.1,90.1,29,2022-05-20T17:12:12.000Z
"5/20/2022, 12:15:12 PM",3.654,90.3,90,29,2022-05-20T17:15:12.000Z
"5/20/2022, 12:18:12 PM",3.655,90.5,90.1,29,2022-05-20T17:18:12.000Z
"5/20/2022, 12:21:12 PM",3.655,90.5,90.1,27,2022-05-20T17:21:12.000Z
"5/20/2022, 12:24:12 PM",3.654,90.7,90.1,27,2022-05-20T17:24:12.000Z
"5/20/2022, 12:27:12 PM",3.654,90.7,90.1,29,2022-05-20T17:27:12.000Z
"5/20/2022, 12:30:12 PM",3.655,90.9,90.1,27,2022-05-20T17:30:12.000Z
"5/20/2022, 12:33:12 PM",3.654,91,90.1,26,2022-05-20T17:33:12.000Z
"5/20/2022, 12:36:12 PM",3.654,91,90.1,29,2022-05-20T17:36:12.000Z
"5/20/2022, 12:39:12 PM",3.654,91.2,90.1,28,2022-05-20T17:39:12.000Z
"5/20/2022, 12:42:12 PM",3.655,91.4,90.1,26,2022-05-20T17:42:12.000Z
"5/20/2022, 12:45:12 PM",3.654,91.4,90.1,26,2022-05-20T17:45:12.000Z
"5/20/2022, 12:48:12 PM",3.655,91.6,90.1,27,2022-05-20T17:48:12.000Z
"5/20/2022, 12:51:12 PM",3.655,91.6,90.1,27,2022-05-20T17:51:12.000Z
"5/20/2022, 12:54:12 PM",3.654,91.8,90.2,30,2022-05-20T17:54:12.000Z
"5/20/2022, 12:57:12 PM",3.654,91.8,90.2,29,2022-05-20T17:57:12.000Z
"5/20/2022, 1:00:12 PM",3.654,91.9,90.2,28,2022-05-20T18:00:12.000Z
"5/20/2022, 1:03:12 PM",3.655,91.9,90.1,29,2022-05-20T18:03:12.000Z
"5/20/2022, 1:06:12 PM",3.654,92.1,90.2,27,2022-05-20T18:06:12.000Z
"5/20/2022, 1:09:12 PM",3.654,92.1,90.2,25,2022-05-20T18:09:12.000Z
"5/20/2022, 1:12:12 PM",3.655,92.1,90.1,24,2022-05-20T18:12:12.000Z
"5/20/2022, 1:15:12 PM",3.655,92.3,90.2,24,2022-05-20T18:15:12.000Z
"5/20/2022, 1:18:12 PM",3.655,92.5,90.2,24,2022-05-20T18:18:12.000Z
"5/20/2022, 1:21:12 PM",3.654,92.7,90.2,23,2022-05-20T18:21:12.000Z
"5/20/2022, 1:24:12 PM",3.654,92.7,90.2,24,2022-05-20T18:24:12.000Z
"5/20/2022, 1:27:12 PM",3.654,92.8,90.2,26,2022-05-20T18:27:12.000Z
"5/20/2022, 1:30:12 PM",3.655,92.8,90.2,27,2022-05-20T18:30:12.000Z
"5/20/2022, 1:33:12 PM",3.655,92.8,90.2,26,2022-05-20T18:33:12.000Z
"5/20/2022, 1:36:12 PM",3.654,93,90.2,24,2022-05-20T18:36:12.000Z
"5/20/2022, 1:39:12 PM",3.654,93,90.2,23,2022-05-20T18:39:12.000Z
"5/20/2022, 1:42:12 PM",3.655,93.2,90.2,26,2022-05-20T18:42:12.000Z
"5/20/2022, 1:45:12 PM",3.655,93.2,90.3,26,2022-05-20T18:45:12.000Z
"5/20/2022, 1:48:12 PM",3.655,93.4,90.2,24,2022-05-20T18:48:12.000Z
"5/20/2022, 1:51:12 PM",3.655,93.6,90.2,24,2022-05-20T18:51:12.000Z
"5/20/2022, 1:54:12 PM",3.655,93.6,90.2,25,2022-05-20T18:54:12.000Z
"5/20/2022, 1:57:12 PM",3.654,93.7,90.2,24,2022-05-20T18:57:12.000Z
"5/20/2022, 2:00:12 PM",3.655,93.7,90.2,26,2022-05-20T19:00:12.000Z
"5/20/2022, 2:03:12 PM",3.655,93.9,90.3,27,2022-05-20T19:03:12.000Z
"5/20/2022, 2:06:12 PM",3.655,93.9,90.2,23,2022-05-20T19:06:12.000Z
"5/20/2022, 2:09:12 PM",3.655,93.9,90.2,23,2022-05-20T19:09:12.000Z
"5/20/2022, 2:12:12 PM",3.655,94.1,90.2,23,2022-05-20T19:12:12.000Z
"5/20/2022, 2:15:12 PM",3.655,94.1,90.3,26,2022-05-20T19:15:12.000Z
"5/20/2022, 2:18:12 PM",3.654,94.3,90.3,27,2022-05-20T19:18:12.000Z
"5/20/2022, 2:21:12 PM",3.655,94.5,90.3,22,2022-05-20T19:21:12.000Z
"5/20/2022, 2:24:12 PM",3.655,94.6,90.3,24,2022-05-20T19:24:12.000Z
"5/20/2022, 2:27:12 PM",3.655,94.8,90.3,24,2022-05-20T19:27:12.000Z
"5/20/2022, 2:30:12 PM",3.654,94.8,90.3,22,2022-05-20T19:30:12.000Z
"5/20/2022, 2:33:12 PM",3.654,95,90.3,22,2022-05-20T19:33:12.000Z
"5/20/2022, 2:36:12 PM",3.655,95.2,90.3,22,2022-05-20T19:36:12.000Z
"5/20/2022, 2:39:12 PM",3.654,95.2,90.3,22,2022-05-20T19:39:12.000Z
"5/20/2022, 2:42:12 PM",3.655,95.4,90.3,27,2022-05-20T19:42:12.000Z
"5/20/2022, 2:45:12 PM",3.655,95.4,90.3,19,2022-05-20T19:45:12.000Z
"5/20/2022, 2:48:12 PM",3.655,95.5,90.3,20,2022-05-20T19:48:12.000Z
"5/20/2022, 2:51:12 PM",3.654,95.5,90.3,23,2022-05-20T19:51:12.000Z
"5/20/2022, 2:54:12 PM",3.655,95.5,90.3,28,2022-05-20T19:54:12.000Z
"5/20/2022, 2:57:12 PM",3.655,95.7,90.3,26,2022-05-20T19:57:12.000Z
"5/20/2022, 3:00:12 PM",3.655,95.7,90.3,27,2022-05-20T20:00:12.000Z
"5/20/2022, 3:03:12 PM",3.655,95.9,90.3,24,2022-05-20T20:03:12.000Z
"5/20/2022, 3:06:12 PM",3.655,95.9,90.3,26,2022-05-20T20:06:12.000Z
"5/20/2022, 3:09:12 PM",3.655,95.9,90.3,22,2022-05-20T20:09:12.000Z
"5/20/2022, 3:12:12 PM",3.655,96.1,90.3,22,2022-05-20T20:12:12.000Z
"5/20/2022, 3:15:12 PM",3.655,96.1,90.3,26,2022-05-20T20:15:12.000Z
"5/20/2022, 3:18:12 PM",3.655,96.3,90.3,28,2022-05-20T20:18:12.000Z
"5/20/2022, 3:21:12 PM",3.655,96.3,90.3,24,2022-05-20T20:21:12.000Z
"5/20/2022, 3:24:12 PM",3.655,96.3,90.2,25,2022-05-20T20:24:12.000Z
"5/20/2022, 3:27:12 PM",3.655,96.3,90.3,21,2022-05-20T20:27:12.000Z
"5/20/2022, 3:30:12 PM",3.655,96.3,90.3,23,2022-05-20T20:30:12.000Z
"5/20/2022, 3:33:12 PM",3.655,96.3,90.3,26,2022-05-20T20:33:12.000Z
"5/20/2022, 3:36:12 PM",3.654,96.4,90.3,21,2022-05-20T20:36:12.000Z
"5/20/2022, 3:39:12 PM",3.655,96.4,90.2,20,2022-05-20T20:39:12.000Z
"5/20/2022, 3:42:12 PM",3.655,96.4,90.2,20,2022-05-20T20:42:12.000Z
"5/20/2022, 3:45:12 PM",3.655,96.4,90.2,21,2022-05-20T20:45:12.000Z
"5/20/2022, 3:48:12 PM",3.655,96.6,90.1,18,2022-05-20T20:48:12.000Z
"5/20/2022, 3:51:12 PM",3.655,96.6,90,20,2022-05-20T20:51:12.000Z
"5/20/2022, 3:54:12 PM",3.655,96.6,89.8,21,2022-05-20T20:54:12.000Z
"5/20/2022, 3:57:12 PM",3.655,96.6,89.6,24,2022-05-20T20:57:12.000Z
"5/20/2022, 4:00:12 PM",3.655,96.6,89.4,20,2022-05-20T21:00:12.000Z
"5/20/2022, 4:03:12 PM",3.655,96.8,89.1,26,2022-05-20T21:03:12.000Z
"5/20/2022, 4:06:12 PM",3.655,96.8,88.9,26,2022-05-20T21:06:12.000Z
"5/20/2022, 4:09:12 PM",3.655,96.8,88.8,24,2022-05-20T21:09:12.000Z
"5/20/2022, 4:12:12 PM",3.655,96.8,88.6,21,2022-05-20T21:12:12.000Z
"5/20/2022, 4:15:12 PM",3.655,96.6,88.4,24,2022-05-20T21:15:12.000Z
"5/20/2022, 4:18:12 PM",3.655,96.6,88.3,25,2022-05-20T21:18:12.000Z
"5/20/2022, 4:21:12 PM",3.655,96.6,88.1,22,2022-05-20T21:21:12.000Z
"5/20/2022, 4:24:12 PM",3.655,96.6,87.9,24,2022-05-20T21:24:12.000Z
"5/20/2022, 4:27:12 PM",3.656,96.4,87.7,28,2022-05-20T21:27:12.000Z
"5/20/2022, 4:30:12 PM",3.655,96.4,87.6,22,2022-05-20T21:30:12.000Z
"5/20/2022, 4:33:12 PM",3.655,96.3,87.5,22,2022-05-20T21:33:12.000Z
"5/20/2022, 4:36:12 PM",3.656,96.3,87.3,20,2022-05-20T21:36:12.000Z
"5/20/2022, 4:39:12 PM",3.656,96.3,87.1,23,2022-05-20T21:39:12.000Z
"5/20/2022, 4:42:12 PM",3.655,96.3,87,22,2022-05-20T21:42:12.000Z
"5/20/2022, 4:45:12 PM",3.656,96.1,86.8,22,2022-05-20T21:45:12.000Z
"5/20/2022, 4:48:12 PM",3.656,96.1,86.7,25,2022-05-20T21:48:12.000Z
"5/20/2022, 4:51:12 PM",3.656,95.9,86.5,27,2022-05-20T21:51:12.000Z
"5/20/2022, 4:54:12 PM",3.655,95.9,86.4,23,2022-05-20T21:54:12.000Z
"5/20/2022, 4:57:12 PM",3.655,95.9,86.3,23,2022-05-20T21:57:12.000Z
"5/20/2022, 5:00:12 PM",3.655,95.7,86.1,28,2022-05-20T22:00:12.000Z
"5/20/2022, 5:03:12 PM",3.656,95.7,86,23,2022-05-20T22:03:12.000Z
"5/20/2022, 5:06:12 PM",3.656,95.5,85.8,22,2022-05-20T22:06:12.000Z
"5/20/2022, 5:09:12 PM",3.656,95.5,85.7,23,2022-05-20T22:09:12.000Z
"5/20/2022, 5:12:12 PM",3.655,95.4,85.6,22,2022-05-20T22:12:12.000Z
"5/20/2022, 5:15:12 PM",3.656,95.2,85.4,21,2022-05-20T22:15:12.000Z
"5/20/2022, 5:18:12 PM",3.656,95.2,85.3,21,2022-05-20T22:18:12.000Z
"5/20/2022, 5:21:12 PM",3.657,95,85.2,22,2022-05-20T22:21:12.000Z
"5/20/2022, 5:24:12 PM",3.656,94.8,85.1,21,2022-05-20T22:24:12.000Z
"5/20/2022, 5:27:12 PM",3.657,94.8,85,22,2022-05-20T22:27:12.000Z
"5/20/2022, 5:30:12 PM",3.656,94.6,84.9,22,2022-05-20T22:30:12.000Z
"5/20/2022, 5:33:12 PM",3.657,94.6,84.8,22,2022-05-20T22:33:12.000Z
"5/20/2022, 5:36:12 PM",3.657,94.5,84.6,22,2022-05-20T22:36:12.000Z
"5/20/2022, 5:39:12 PM",3.656,94.3,84.6,21,2022-05-20T22:39:12.000Z
"5/20/2022, 5:42:12 PM",3.657,94.1,84.5,21,2022-05-20T22:42:12.000Z
"5/20/2022, 5:45:12 PM",3.656,94.1,84.4,22,2022-05-20T22:45:12.000Z
"5/20/2022, 5:48:12 PM",3.657,93.9,84.3,24,2022-05-20T22:48:12.000Z
"5/20/2022, 5:51:12 PM",3.657,93.7,84.2,22,2022-05-20T22:51:12.000Z
"5/20/2022, 5:54:12 PM",3.657,93.6,84.1,23,2022-05-20T22:54:12.000Z
"5/20/2022, 5:57:12 PM",3.657,93.4,84,23,2022-05-20T22:57:12.000Z
"5/20/2022, 6:00:12 PM",3.657,93.2,84,24,2022-05-20T23:00:12.000Z
"5/20/2022, 6:03:12 PM",3.657,93.2,83.9,23,2022-05-20T23:03:12.000Z
"5/20/2022, 6:06:12 PM",3.657,93,83.9,22,2022-05-20T23:06:12.000Z
"5/20/2022, 6:09:12 PM",3.657,92.8,83.9,23,2022-05-20T23:09:12.000Z
"5/20/2022, 6:12:12 PM",3.657,92.7,83.8,23,2022-05-20T23:12:12.000Z
"5/20/2022, 6:15:12 PM",3.657,92.5,83.8,26,2022-05-20T23:15:12.000Z
"5/20/2022, 6:18:12 PM",3.657,92.3,83.8,24,2022-05-20T23:18:12.000Z
"5/20/2022, 6:21:12 PM",3.658,92.1,83.8,25,2022-05-20T23:21:12.000Z
"5/20/2022, 6:24:12 PM",3.657,92.1,83.8,26,2022-05-20T23:24:12.000Z
"5/20/2022, 6:27:12 PM",3.657,91.9,83.7,25,2022-05-20T23:27:12.000Z
"5/20/2022, 6:30:12 PM",3.658,91.8,83.7,27,2022-05-20T23:30:12.000Z
"5/20/2022, 6:33:12 PM",3.658,91.6,83.7,25,2022-05-20T23:33:12.000Z
"5/20/2022, 6:36:12 PM",3.657,91.4,83.7,25,2022-05-20T23:36:12.000Z
"5/20/2022, 6:39:12 PM",3.658,91.2,83.7,26,2022-05-20T23:39:12.000Z
"5/20/2022, 6:42:12 PM",3.658,91,83.7,24,2022-05-20T23:42:12.000Z
"5/20/2022, 6:45:12 PM",3.657,90.9,83.7,26,2022-05-20T23:45:12.000Z
"5/20/2022, 6:48:12 PM",3.658,90.7,83.6,25,2022-05-20T23:48:12.000Z
"5/20/2022, 6:51:12 PM",3.658,90.5,83.6,25,2022-05-20T23:51:12.000Z
"5/20/2022, 6:54:12 PM",3.658,90.3,83.6,26,2022-05-20T23:54:12.000Z
"5/20/2022, 6:57:12 PM",3.658,90.1,83.7,26,2022-05-20T23:57:12.000Z
"5/20/2022, 7:00:12 PM",3.658,90,83.6,27,2022-05-21T00:00:12.000Z
"5/20/2022, 7:03:12 PM",3.658,90,83.7,28,2022-05-21T00:03:12.000Z
"5/20/2022, 7:06:12 PM",3.658,89.8,83.7,28,2022-05-21T00:06:12.000Z
"5/20/2022, 7:09:12 PM",3.658,89.6,83.7,27,2022-05-21T00:09:12.000Z
"5/20/2022, 7:12:12 PM",3.658,89.4,83.7,28,2022-05-21T00:12:12.000Z
"5/20/2022, 7:15:12 PM",3.659,89.1,83.7,27,2022-05-21T00:15:12.000Z
"5/20/2022, 7:18:12 PM",3.659,88.9,83.7,27,2022-05-21T00:18:12.000Z
"5/20/2022, 7:21:12 PM",3.659,88.9,83.7,28,2022-05-21T00:21:12.000Z
"5/20/2022, 7:24:12 PM",3.658,88.7,83.7,28,2022-05-21T00:24:12.000Z
"5/20/2022, 7:27:12 PM",3.659,88.5,83.7,28,2022-05-21T00:27:12.000Z
"5/20/2022, 7:30:12 PM",3.659,88.2,83.7,28,2022-05-21T00:30:12.000Z
"5/20/2022, 7:33:12 PM",3.658,88,83.8,29,2022-05-21T00:33:12.000Z
"5/20/2022, 7:36:12 PM",3.659,87.8,83.7,29,2022-05-21T00:36:12.000Z
"5/20/2022, 7:39:12 PM",3.659,87.8,83.8,29,2022-05-21T00:39:12.000Z
"5/20/2022, 7:42:12 PM",3.659,87.6,83.8,30,2022-05-21T00:42:12.000Z
"5/20/2022, 7:45:12 PM",3.659,87.4,83.8,29,2022-05-21T00:45:12.000Z
"5/20/2022, 7:48:12 PM",3.659,87.3,83.8,31,2022-05-21T00:48:12.000Z
"5/20/2022, 7:51:12 PM",3.659,87.1,83.9,29,2022-05-21T00:51:12.000Z
"5/20/2022, 7:54:12 PM",3.659,86.9,83.9,31,2022-05-21T00:54:12.000Z
"5/20/2022, 7:57:12 PM",3.659,86.7,83.9,30,2022-05-21T00:57:12.000Z
"5/20/2022, 8:00:12 PM",3.659,86.5,83.9,30,2022-05-21T01:00:12.000Z
"5/20/2022, 8:03:12 PM",3.659,86.4,83.9,31,2022-05-21T01:03:12.000Z
"5/20/2022, 8:06:12 PM",3.659,86.4,83.9,30,2022-05-21T01:06:12.000Z
"5/20/2022, 8:09:12 PM",3.659,86.2,84,30,2022-05-21T01:09:12.000Z
"5/20/2022, 8:12:12 PM",3.659,86,84,30,2022-05-21T01:12:12.000Z
"5/20/2022, 8:15:12 PM",3.659,86,84,29,2022-05-21T01:15:12.000Z
"5/20/2022, 8:18:12 PM",3.659,85.8,84.1,30,2022-05-21T01:18:12.000Z
"5/20/2022, 8:21:12 PM",3.659,85.6,84.1,29,2022-05-21T01:21:12.000Z
"5/20/2022, 8:24:12 PM",3.659,85.6,84.1,29,2022-05-21T01:24:12.000Z
"5/20/2022, 8:27:12 PM",3.659,85.5,84.1,30,2022-05-21T01:27:12.000Z
"5/20/2022, 8:30:12 PM",3.659,85.3,84.1,29,2022-05-21T01:30:12.000Z
"5/20/2022, 8:33:12 PM",3.659,85.3,84.2,29,2022-05-21T01:33:12.000Z
"5/20/2022, 8:36:12 PM",3.659,85.1,84.1,29,2022-05-21T01:36:12.000Z
"5/20/2022, 8:39:12 PM",3.659,85.1,84.2,29,2022-05-21T01:39:12.000Z
"5/20/2022, 8:42:12 PM",3.66,84.9,84.2,29,2022-05-21T01:42:12.000Z
"5/20/2022, 8:45:12 PM",3.659,84.9,84.2,30,2022-05-21T01:45:12.000Z
"5/20/2022, 8:48:12 PM",3.659,84.7,84.2,29,2022-05-21T01:48:12.000Z
"5/20/2022, 8:51:12 PM",3.659,84.7,84.3,29,2022-05-21T01:51:12.000Z
"5/20/2022, 8:54:12 PM",3.659,84.6,84.3,29,2022-05-21T01:54:12.000Z
"5/20/2022, 8:57:12 PM",3.659,84.6,84.3,29,2022-05-21T01:57:12.000Z
"5/20/2022, 9:00:12 PM",3.659,84.4,84.3,29,2022-05-21T02:00:12.000Z
"5/20/2022, 9:03:12 PM",3.66,84.4,84.3,29,2022-05-21T02:03:12.000Z
"5/20/2022, 9:06:12 PM",3.659,84.4,84.4,30,2022-05-21T02:06:12.000Z
"5/20/2022, 9:09:12 PM",3.659,84.2,84.4,29,2022-05-21T02:09:12.000Z
"5/20/2022, 9:12:12 PM",3.659,84.2,84.4,28,2022-05-21T02:12:12.000Z
"5/20/2022, 9:15:12 PM",3.66,84,84.4,28,2022-05-21T02:15:12.000Z
"5/20/2022, 9:18:12 PM",3.659,84,84.5,28,2022-05-21T02:18:12.000Z
"5/20/2022, 9:21:12 PM",3.659,84,84.5,28,2022-05-21T02:21:12.000Z
"5/20/2022, 9:24:12 PM",3.659,84,84.5,28,2022-05-21T02:24:12.000Z
"5/20/2022, 9:27:12 PM",3.659,83.8,84.5,28,2022-05-21T02:27:12.000Z
"5/20/2022, 9:30:12 PM",3.659,83.8,84.6,28,2022-05-21T02:30:12.000Z
"5/20/2022, 9:33:12 PM",3.659,83.8,84.6,28,2022-05-21T02:33:12.000Z
"5/20/2022, 9:36:12 PM",3.659,83.7,84.6,28,2022-05-21T02:36:12.000Z
"5/20/2022, 9:39:12 PM",3.66,83.7,84.6,29,2022-05-21T02:39:12.000Z
"5/20/2022, 9:42:12 PM",3.659,83.7,84.7,28,2022-05-21T02:42:12.000Z
"5/20/2022, 9:45:12 PM",3.659,83.5,84.7,28,2022-05-21T02:45:12.000Z
"5/20/2022, 9:48:12 PM",3.659,83.5,84.7,28,2022-05-21T02:48:12.000Z
"5/20/2022, 9:51:12 PM",3.659,83.5,84.7,27,2022-05-21T02:51:12.000Z
"5/20/2022, 9:54:12 PM",3.659,83.5,84.8,28,2022-05-21T02:54:12.000Z
"5/20/2022, 9:57:12 PM",3.659,83.5,84.8,28,2022-05-21T02:57:12.000Z
"5/20/2022, 10:00:12 PM",3.66,83.3,84.8,28,2022-05-21T03:00:12.000Z
"5/20/2022, 10:03:12 PM",3.659,83.3,84.8,27,2022-05-21T03:03:12.000Z
"5/20/2022, 10:06:12 PM",3.659,83.3,84.8,27,2022-05-21T03:06:12.000Z
"5/20/2022, 10:09:12 PM",3.659,83.3,84.8,28,2022-05-21T03:09:12.000Z
"5/20/2022, 10:12:12 PM",3.659,83.3,84.9,28,2022-05-21T03:12:12.000Z
"5/20/2022, 10:15:12 PM",3.659,83.1,84.9,29,2022-05-21T03:15:12.000Z
"5/20/2022, 10:18:12 PM",3.659,83.1,84.9,29,2022-05-21T03:18:12.000Z
"5/20/2022, 10:21:12 PM",3.659,83.1,84.9,28,2022-05-21T03:21:12.000Z
"5/20/2022, 10:24:12 PM",3.659,83.1,85,28,2022-05-21T03:24:12.000Z
"5/20/2022, 10:27:12 PM",3.659,83.1,85,29,2022-05-21T03:27:12.000Z
"5/20/2022, 10:30:12 PM",3.66,83.1,85,29,2022-05-21T03:30:12.000Z
"5/20/2022, 10:33:12 PM",3.659,82.9,85.1,30,2022-05-21T03:33:12.000Z
"5/20/2022, 10:36:12 PM",3.659,82.9,85.1,30,2022-05-21T03:36:12.000Z
"5/20/2022, 10:39:12 PM",3.659,82.9,85.1,31,2022-05-21T03:39:12.000Z
"5/20/2022, 10:42:12 PM",3.659,82.9,85.1,30,2022-05-21T03:42:12.000Z
"5/20/2022, 10:45:12 PM",3.659,82.9,85.1,31,2022-05-21T03:45:12.000Z
"5/20/2022, 10:48:12 PM",3.659,82.9,85.2,31,2022-05-21T03:48:12.000Z
"5/20/2022, 10:51:12 PM",3.659,82.9,85.2,31,2022-05-21T03:51:12.000Z
"5/20/2022, 10:54:12 PM",3.659,82.8,85.2,31,2022-05-21T03:54:12.000Z
"5/20/2022, 10:57:12 PM",3.659,82.8,85.2,30,2022-05-21T03:57:12.000Z
"5/20/2022, 11:00:12 PM",3.659,82.8,85.2,30,2022-05-21T04:00:12.000Z
"5/20/2022, 11:03:12 PM",3.659,82.8,85.3,31,2022-05-21T04:03:12.000Z
"5/20/2022, 11:06:12 PM",3.659,82.8,85.3,30,2022-05-21T04:06:12.000Z
"5/20/2022, 11:09:12 PM",3.659,82.6,85.3,31,2022-05-21T04:09:12.000Z
"5/20/2022, 11:12:12 PM",3.659,82.6,85.3,31,2022-05-21T04:12:12.000Z
"5/20/2022, 11:15:12 PM",3.659,82.6,85.3,29,2022-05-21T04:15:12.000Z
"5/20/2022, 11:18:12 PM",3.659,82.6,85.4,30,2022-05-21T04:18:12.000Z
"5/20/2022, 11:21:12 PM",3.659,82.6,85.4,29,2022-05-21T04:21:12.000Z
"5/20/2022, 11:24:12 PM",3.659,82.6,85.4,29,2022-05-21T04:24:12.000Z
"5/20/2022, 11:27:12 PM",3.659,82.4,85.4,29,2022-05-21T04:27:12.000Z
"5/20/2022, 11:30:12 PM",3.659,82.4,85.5,30,2022-05-21T04:30:12.000Z
"5/20/2022, 11:33:12 PM",3.659,82.4,85.5,30,2022-05-21T04:33:12.000Z
"5/20/2022, 11:36:12 PM",3.659,82.4,85.5,29,2022-05-21T04:36:12.000Z
"5/20/2022, 11:39:12 PM",3.659,82.4,85.5,29,2022-05-21T04:39:12.000Z
"5/20/2022, 11:42:12 PM",3.659,82.4,85.5,30,2022-05-21T04:42:12.000Z
"5/20/2022, 11:45:12 PM",3.659,82.2,85.5,29,2022-05-21T04:45:12.000Z
"5/20/2022, 11:48:12 PM",3.659,82.2,85.6,30,2022-05-21T04:48:12.000Z
"5/20/2022, 11:51:12 PM",3.659,82.2,85.6,29,2022-05-21T04:51:12.000Z
"5/20/2022, 11:54:12 PM",3.659,82.2,85.6,29,2022-05-21T04:54:12.000Z
"5/20/2022, 11:57:12 PM",3.659,82.2,85.6,29,2022-05-21T04:57:12.000Z
"5/21/2022, 12:00:12 AM",3.659,82.2,85.6,30,2022-05-21T05:00:12.000Z
"5/21/2022, 12:03:12 AM",3.659,82.2,85.7,29,2022-05-21T05:03:12.000Z
"5/21/2022, 12:06:12 AM",3.659,82,85.7,29,2022-05-21T05:06:12.000Z
"5/21/2022, 12:09:12 AM",3.659,82,85.7,30,2022-05-21T05:09:12.000Z
"5/21/2022, 12:12:12 AM",3.659,82,85.7,29,2022-05-21T05:12:12.000Z
"5/21/2022, 12:15:12 AM",3.659,82,85.7,31,2022-05-21T05:15:12.000Z
"5/21/2022, 12:18:12 AM",3.659,82,85.7,30,2022-05-21T05:18:12.000Z
"5/21/2022, 12:21:12 AM",3.659,82,85.8,30,2022-05-21T05:21:12.000Z
"5/21/2022, 12:24:12 AM",3.659,82,85.8,31,2022-05-21T05:24:12.000Z
"5/21/2022, 12:27:12 AM",3.659,82,85.8,30,2022-05-21T05:27:12.000Z
"5/21/2022, 12:30:12 AM",3.659,82,85.9,30,2022-05-21T05:30:12.000Z
"5/21/2022, 12:33:12 AM",3.659,81.9,85.9,30,2022-05-21T05:33:12.000Z
"5/21/2022, 12:36:12 AM",3.659,81.9,85.9,30,2022-05-21T05:36:12.000Z
"5/21/2022, 12:39:12 AM",3.66,81.9,85.9,31,2022-05-21T05:39:12.000Z
"5/21/2022, 12:42:12 AM",3.66,81.9,85.9,31,2022-05-21T05:42:12.000Z
"5/21/2022, 12:45:12 AM",3.659,81.9,86,30,2022-05-21T05:45:12.000Z
"5/21/2022, 12:48:12 AM",3.659,81.9,86,30,2022-05-21T05:48:12.000Z
"5/21/2022, 12:51:12 AM",3.659,81.9,86,32,2022-05-21T05:51:12.000Z
"5/21/2022, 12:54:12 AM",3.659,81.9,86,31,2022-05-21T05:54:12.000Z
"5/21/2022, 12:57:12 AM",3.659,81.9,86.1,31,2022-05-21T05:57:12.000Z
"5/21/2022, 1:00:12 AM",3.659,81.9,86.1,31,2022-05-21T06:00:12.000Z
"5/21/2022, 1:03:12 AM",3.659,81.7,86.1,31,2022-05-21T06:03:12.000Z
"5/21/2022, 1:06:12 AM",3.659,81.7,86.1,31,2022-05-21T06:06:12.000Z
"5/21/2022, 1:09:12 AM",3.659,81.7,86.1,31,2022-05-21T06:09:12.000Z
"5/21/2022, 1:12:12 AM",3.659,81.7,86.1,31,2022-05-21T06:12:12.000Z
"5/21/2022, 1:15:12 AM",3.66,81.7,86.2,31,2022-05-21T06:15:12.000Z
"5/21/2022, 1:18:12 AM",3.66,81.7,86.2,31,2022-05-21T06:18:12.000Z
"5/21/2022, 1:21:12 AM",3.659,81.7,86.2,31,2022-05-21T06:21:12.000Z
"5/21/2022, 1:24:12 AM",3.66,81.7,86.2,30,2022-05-21T06:24:12.000Z
"5/21/2022, 1:27:12 AM",3.659,81.7,86.2,31,2022-05-21T06:27:12.000Z
"5/21/2022, 1:30:12 AM",3.659,81.5,86.3,30,2022-05-21T06:30:12.000Z
"5/21/2022, 1:33:12 AM",3.66,81.5,86.3,31,2022-05-21T06:33:12.000Z
"5/21/2022, 1:36:12 AM",3.659,81.5,86.3,31,2022-05-21T06:36:12.000Z
"5/21/2022, 1:39:12 AM",3.659,81.5,86.4,30,2022-05-21T06:39:12.000Z
"5/21/2022, 1:42:12 AM",3.659,81.5,86.4,30,2022-05-21T06:42:12.000Z
"5/21/2022, 1:45:12 AM",3.659,81.5,86.4,30,2022-05-21T06:45:12.000Z
"5/21/2022, 1:48:12 AM",3.66,81.5,86.4,31,2022-05-21T06:48:12.000Z
"5/21/2022, 1:51:12 AM",3.659,81.3,86.4,29,2022-05-21T06:51:12.000Z
"5/21/2022, 1:54:12 AM",3.659,81.3,86.4,30,2022-05-21T06:54:12.000Z
"5/21/2022, 1:57:12 AM",3.66,81.3,86.4,30,2022-05-21T06:57:12.000Z
"5/21/2022, 2:00:12 AM",3.66,81.3,86.4,30,2022-05-21T07:00:12.000Z
"5/21/2022, 2:03:12 AM",3.659,81.3,86.5,30,2022-05-21T07:03:12.000Z
"5/21/2022, 2:06:12 AM",3.659,81.1,86.5,30,2022-05-21T07:06:12.000Z
"5/21/2022, 2:09:12 AM",3.66,81.1,86.5,29,2022-05-21T07:09:12.000Z
"5/21/2022, 2:12:12 AM",3.659,81.1,86.6,30,2022-05-21T07:12:12.000Z
"5/21/2022, 2:15:12 AM",3.659,81.1,86.6,30,2022-05-21T07:15:12.000Z
"5/21/2022, 2:18:12 AM",3.659,81.1,86.6,28,2022-05-21T07:18:12.000Z
"5/21/2022, 2:21:12 AM",3.659,81.1,86.6,29,2022-05-21T07:21:12.000Z
"5/21/2022, 2:24:12 AM",3.659,81.1,86.6,28,2022-05-21T07:24:12.000Z
"5/21/2022, 2:27:12 AM",3.659,81.1,86.6,27,2022-05-21T07:27:12.000Z
"5/21/2022, 2:30:12 AM",3.659,81,86.6,27,2022-05-21T07:30:12.000Z
"5/21/2022, 2:33:12 AM",3.659,81,86.6,28,2022-05-21T07:33:12.000Z
"5/21/2022, 2:36:12 AM",3.659,81,86.6,28,2022-05-21T07:36:12.000Z
"5/21/2022, 2:39:12 AM",3.659,81,86.7,27,2022-05-21T07:39:12.000Z
"5/21/2022, 2:42:12 AM",3.659,81,86.7,26,2022-05-21T07:42:12.000Z
"5/21/2022, 2:45:12 AM",3.66,81,86.7,26,2022-05-21T07:45:12.000Z
"5/21/2022, 2:48:12 AM",3.659,81,86.7,26,2022-05-21T07:48:12.000Z
"5/21/2022, 2:51:12 AM",3.659,81,86.7,26,2022-05-21T07:51:12.000Z
"5/21/2022, 2:54:12 AM",3.659,81,86.7,26,2022-05-21T07:54:12.000Z
"5/21/2022, 2:57:12 AM",3.659,81,86.8,26,2022-05-21T07:57:12.000Z
"5/21/2022, 3:00:12 AM",3.66,81,86.8,26,2022-05-21T08:00:12.000Z
"5/21/2022, 3:03:12 AM",3.659,81,86.8,26,2022-05-21T08:03:12.000Z
"5/21/2022, 3:06:12 AM",3.659,81.1,86.8,26,2022-05-21T08:06:12.000Z
"5/21/2022, 3:09:12 AM",3.659,81.1,86.8,25,2022-05-21T08:09:12.000Z
"5/21/2022, 3:12:12 AM",3.659,81,86.8,25,2022-05-21T08:12:12.000Z
"5/21/2022, 3:15:12 AM",3.659,81,86.9,26,2022-05-21T08:15:12.000Z
"5/21/2022, 3:18:12 AM",3.659,81,86.9,25,2022-05-21T08:18:12.000Z
"5/21/2022, 3:21:12 AM",3.66,81,86.9,25,2022-05-21T08:21:12.000Z
"5/21/2022, 3:24:12 AM",3.659,81,86.9,25,2022-05-21T08:24:12.000Z
"5/21/2022, 3:27:12 AM",3.66,81,86.9,26,2022-05-21T08:27:12.000Z
"5/21/2022, 3:30:12 AM",3.659,81,86.9,25,2022-05-21T08:30:12.000Z
"5/21/2022, 3:33:12 AM",3.659,81,87,25,2022-05-21T08:33:12.000Z
"5/21/2022, 3:36:12 AM",3.659,81,87,25,2022-05-21T08:36:12.000Z
"5/21/2022, 3:39:12 AM",3.66,81,87,26,2022-05-21T08:39:12.000Z
"5/21/2022, 3:42:12 AM",3.659,81,87,26,2022-05-21T08:42:12.000Z
"5/21/2022, 3:45:12 AM",3.659,80.8,87,26,2022-05-21T08:45:12.000Z
"5/21/2022, 3:48:12 AM",3.659,80.8,87,26,2022-05-21T08:48:12.000Z
"5/21/2022, 3:51:12 AM",3.66,80.8,87.1,25,2022-05-21T08:51:12.000Z
"5/21/2022, 3:54:12 AM",3.659,80.8,87.1,26,2022-05-21T08:54:12.000Z
"5/21/2022, 3:57:12 AM",3.659,80.8,87.1,26,2022-05-21T08:57:12.000Z
"5/21/2022, 4:00:12 AM",3.659,80.8,87.1,26,2022-05-21T09:00:12.000Z
"5/21/2022, 4:03:12 AM",3.659,80.8,87.1,26,2022-05-21T09:03:12.000Z
"5/21/2022, 4:06:12 AM",3.659,80.8,87.1,25,2022-05-21T09:06:12.000Z
"5/21/2022, 4:09:12 AM",3.659,80.6,87.1,26,2022-05-21T09:09:12.000Z
"5/21/2022, 4:12:12 AM",3.66,80.6,87.2,27,2022-05-21T09:12:12.000Z
"5/21/2022, 4:15:12 AM",3.659,80.6,87.2,26,2022-05-21T09:15:12.000Z
"5/21/2022, 4:18:12 AM",3.659,80.6,87.2,26,2022-05-21T09:18:12.000Z
"5/21/2022, 4:21:12 AM",3.66,80.6,87.2,26,2022-05-21T09:21:12.000Z
"5/21/2022, 4:24:12 AM",3.659,80.6,87.2,26,2022-05-21T09:24:12.000Z
"5/21/2022, 4:27:12 AM",3.659,80.6,87.2,26,2022-05-21T09:27:12.000Z
"5/21/2022, 4:30:12 AM",3.66,80.6,87.3,26,2022-05-21T09:30:12.000Z
"5/21/2022, 4:33:12 AM",3.66,80.6,87.3,26,2022-05-21T09:33:12.000Z
"5/21/2022, 4:36:12 AM",3.66,80.6,87.3,27,2022-05-21T09:36:12.000Z
"5/21/2022, 4:39:12 AM",3.66,80.6,87.3,27,2022-05-21T09:39:12.000Z
"5/21/2022, 4:42:12 AM",3.659,80.6,87.3,27,2022-05-21T09:42:12.000Z
"5/21/2022, 4:45:12 AM",3.66,80.6,87.4,27,2022-05-21T09:45:12.000Z
"5/21/2022, 4:48:12 AM",3.66,80.6,87.4,27,2022-05-21T09:48:12.000Z
"5/21/2022, 4:51:12 AM",3.66,80.6,87.4,27,2022-05-21T09:51:12.000Z
"5/21/2022, 4:54:12 AM",3.66,80.6,87.4,27,2022-05-21T09:54:12.000Z
"5/21/2022, 4:57:12 AM",3.659,80.6,87.4,28,2022-05-21T09:57:12.000Z
"5/21/2022, 5:00:12 AM",3.66,80.4,87.4,27,2022-05-21T10:00:12.000Z
"5/21/2022, 5:03:12 AM",3.66,80.4,87.4,27,2022-05-21T10:03:12.000Z
"5/21/2022, 5:06:12 AM",3.66,80.4,87.4,26,2022-05-21T10:06:12.000Z
"5/21/2022, 5:09:12 AM",3.659,80.4,87.4,26,2022-05-21T10:09:12.000Z
"5/21/2022, 5:12:12 AM",3.659,80.4,87.4,26,2022-05-21T10:12:12.000Z
"5/21/2022, 5:15:12 AM",3.659,80.4,87.4,27,2022-05-21T10:15:12.000Z
"5/21/2022, 5:18:12 AM",3.66,80.2,87.4,26,2022-05-21T10:18:12.000Z
"5/21/2022, 5:21:12 AM",3.659,80.2,87.5,26,2022-05-21T10:21:12.000Z
"5/21/2022, 5:24:12 AM",3.659,80.2,87.5,26,2022-05-21T10:24:12.000Z
"5/21/2022, 5:27:12 AM",3.66,80.2,87.5,26,2022-05-21T10:27:12.000Z
"5/21/2022, 5:30:12 AM",3.66,80.2,87.5,26,2022-05-21T10:30:12.000Z
"5/21/2022, 5:33:12 AM",3.659,80.2,87.5,26,2022-05-21T10:33:12.000Z
"5/21/2022, 5:36:12 AM",3.659,80.2,87.5,26,2022-05-21T10:36:12.000Z
"5/21/2022, 5:39:12 AM",3.659,80.2,87.5,24,2022-05-21T10:39:12.000Z
"5/21/2022, 5:42:12 AM",3.66,80.2,87.6,26,2022-05-21T10:42:12.000Z
"5/21/2022, 5:45:12 AM",3.659,80.2,87.6,24,2022-05-21T10:45:12.000Z
"5/21/2022, 5:48:12 AM",3.659,80.2,87.6,26,2022-05-21T10:48:12.000Z
"5/21/2022, 5:51:12 AM",3.659,80.2,87.6,24,2022-05-21T10:51:12.000Z
"5/21/2022, 5:54:12 AM",3.66,80.2,87.6,26,2022-05-21T10:54:12.000Z
"5/21/2022, 5:57:12 AM",3.659,80.4,87.6,27,2022-05-21T10:57:12.000Z
"5/21/2022, 6:00:12 AM",3.659,80.4,87.7,26,2022-05-21T11:00:12.000Z
"5/21/2022, 6:03:12 AM",3.66,80.4,87.7,26,2022-05-21T11:03:12.000Z
"5/21/2022, 6:06:12 AM",3.659,80.6,87.7,25,2022-05-21T11:06:12.000Z
"5/21/2022, 6:09:12 AM",3.659,80.6,87.7,26,2022-05-21T11:09:12.000Z
"5/21/2022, 6:12:12 AM",3.659,80.6,87.8,27,2022-05-21T11:12:12.000Z
"5/21/2022, 6:15:12 AM",3.66,80.6,87.8,25,2022-05-21T11:15:12.000Z
"5/21/2022, 6:18:12 AM",3.659,80.8,87.8,26,2022-05-21T11:18:12.000Z
"5/21/2022, 6:21:12 AM",3.659,80.8,87.8,27,2022-05-21T11:21:12.000Z
"5/21/2022, 6:24:12 AM",3.66,80.8,87.8,27,2022-05-21T11:24:12.000Z
"5/21/2022, 6:27:12 AM",3.659,81,87.9,27,2022-05-21T11:27:12.000Z
"5/21/2022, 6:30:12 AM",3.659,81,87.9,26,2022-05-21T11:30:12.000Z
"5/21/2022, 6:33:12 AM",3.659,81,87.9,27,2022-05-21T11:33:12.000Z
"5/21/2022, 6:36:12 AM",3.659,81.1,87.9,26,2022-05-21T11:36:12.000Z
"5/21/2022, 6:39:12 AM",3.659,81.1,88,26,2022-05-21T11:39:12.000Z
"5/21/2022, 6:42:12 AM",3.659,81.3,88,27,2022-05-21T11:42:12.000Z
"5/21/2022, 6:45:12 AM",3.659,81.3,88,27,2022-05-21T11:45:12.000Z
"5/21/2022, 6:48:12 AM",3.659,81.3,88,26,2022-05-21T11:48:12.000Z
"5/21/2022, 6:51:12 AM",3.659,81.5,88.1,27,2022-05-21T11:51:12.000Z
"5/21/2022, 6:54:12 AM",3.659,81.5,88.1,27,2022-05-21T11:54:12.000Z
"5/21/2022, 6:57:12 AM",3.659,81.7,88.1,27,2022-05-21T11:57:12.000Z
"5/21/2022, 7:00:12 AM",3.659,81.9,88.1,27,2022-05-21T12:00:12.000Z
"5/21/2022, 7:03:12 AM",3.66,81.9,88.1,27,2022-05-21T12:03:12.000Z
"5/21/2022, 7:06:12 AM",3.659,82,88.1,28,2022-05-21T12:06:12.000Z
"5/21/2022, 7:09:12 AM",3.659,82,88.2,28,2022-05-21T12:09:12.000Z
"5/21/2022, 7:12:12 AM",3.659,82.2,88.2,28,2022-05-21T12:12:12.000Z
"5/21/2022, 7:15:12 AM",3.659,82.2,88.2,27,2022-05-21T12:15:12.000Z
"5/21/2022, 7:18:12 AM",3.659,82.4,88.2,27,2022-05-21T12:18:12.000Z
"5/21/2022, 7:21:12 AM",3.659,82.4,88.3,27,2022-05-21T12:21:12.000Z
"5/21/2022, 7:24:12 AM",3.659,82.4,88.3,28,2022-05-21T12:24:12.000Z
"5/21/2022, 7:27:12 AM",3.659,82.6,88.3,27,2022-05-21T12:27:12.000Z
"5/21/2022, 7:30:12 AM",3.659,82.6,88.3,28,2022-05-21T12:30:12.000Z
"5/21/2022, 7:33:12 AM",3.659,82.8,88.4,28,2022-05-21T12:33:12.000Z
"5/21/2022, 7:36:12 AM",3.659,82.8,88.4,28,2022-05-21T12:36:12.000Z
"5/21/2022, 7:39:12 AM",3.659,82.9,88.4,28,2022-05-21T12:39:12.000Z
"5/21/2022, 7:42:12 AM",3.659,82.9,88.4,28,2022-05-21T12:42:12.000Z
"5/21/2022, 7:45:12 AM",3.659,82.9,88.4,28,2022-05-21T12:45:12.000Z
"5/21/2022, 7:48:12 AM",3.659,83.1,88.4,28,2022-05-21T12:48:12.000Z
"5/21/2022, 7:51:12 AM",3.659,83.3,88.4,28,2022-05-21T12:51:12.000Z
"5/21/2022, 7:54:12 AM",3.659,83.3,88.5,28,2022-05-21T12:54:12.000Z
"5/21/2022, 7:57:12 AM",3.658,83.5,88.5,29,2022-05-21T12:57:12.000Z
"5/21/2022, 8:00:12 AM",3.659,83.5,88.5,29,2022-05-21T13:00:12.000Z
"5/21/2022, 8:03:12 AM",3.658,83.5,88.5,28,2022-05-21T13:03:12.000Z
"5/21/2022, 8:06:12 AM",3.659,83.7,88.6,29,2022-05-21T13:06:12.000Z
"5/21/2022, 8:09:12 AM",3.659,83.7,88.6,29,2022-05-21T13:09:12.000Z
"5/21/2022, 8:12:12 AM",3.659,83.8,88.6,28,2022-05-21T13:12:12.000Z
"5/21/2022, 8:15:12 AM",3.659,83.8,88.6,30,2022-05-21T13:15:12.000Z
"5/21/2022, 8:18:12 AM",3.659,84,88.6,28,2022-05-21T13:18:12.000Z
"5/21/2022, 8:21:12 AM",3.659,84,88.6,29,2022-05-21T13:21:12.000Z
"5/21/2022, 8:24:12 AM",3.659,84.2,88.7,29,2022-05-21T13:24:12.000Z
"5/21/2022, 8:27:12 AM",3.658,84.4,88.7,29,2022-05-21T13:27:12.000Z
"5/21/2022, 8:30:12 AM",3.658,84.6,88.7,29,2022-05-21T13:30:12.000Z
"5/21/2022, 8:33:12 AM",3.659,84.6,88.7,28,2022-05-21T13:33:12.000Z
"5/21/2022, 8:36:12 AM",3.658,84.7,88.7,29,2022-05-21T13:36:12.000Z
"5/21/2022, 8:39:12 AM",3.659,84.9,88.7,28,2022-05-21T13:39:12.000Z
"5/21/2022, 8:42:12 AM",3.658,85.1,88.7,29,2022-05-21T13:42:12.000Z
"5/21/2022, 8:45:12 AM",3.659,85.3,88.8,29,2022-05-21T13:45:12.000Z
"5/21/2022, 8:48:12 AM",3.658,85.3,88.8,29,2022-05-21T13:48:12.000Z
"5/21/2022, 8:51:12 AM",3.659,85.5,88.8,28,2022-05-21T13:51:12.000Z
"5/21/2022, 8:54:12 AM",3.659,85.6,88.8,28,2022-05-21T13:54:12.000Z
"5/21/2022, 8:57:12 AM",3.658,85.6,88.8,28,2022-05-21T13:57:12.000Z
"5/21/2022, 9:00:12 AM",3.659,85.6,88.8,28,2022-05-21T14:00:12.000Z
"5/21/2022, 9:03:12 AM",3.658,85.6,88.8,30,2022-05-21T14:03:12.000Z
"5/21/2022, 9:06:12 AM",3.659,85.8,88.8,29,2022-05-21T14:06:12.000Z
"5/21/2022, 9:09:12 AM",3.658,85.8,88.8,30,2022-05-21T14:09:12.000Z
"5/21/2022, 9:12:12 AM",3.658,85.8,88.8,30,2022-05-21T14:12:12.000Z
"5/21/2022, 9:15:12 AM",3.658,85.8,88.8,30,2022-05-21T14:15:12.000Z
"5/21/2022, 9:18:12 AM",3.658,86,88.8,30,2022-05-21T14:18:12.000Z
"5/21/2022, 9:21:12 AM",3.658,86,88.9,29,2022-05-21T14:21:12.000Z
"5/21/2022, 9:24:12 AM",3.658,86.2,88.9,30,2022-05-21T14:24:12.000Z
"5/21/2022, 9:27:12 AM",3.658,86.2,88.9,29,2022-05-21T14:27:12.000Z
"5/21/2022, 9:30:12 AM",3.658,86.4,88.9,29,2022-05-21T14:30:12.000Z
"5/21/2022, 9:33:12 AM",3.658,86.4,88.9,30,2022-05-21T14:33:12.000Z
"5/21/2022, 9:36:12 AM",3.658,86.5,88.9,32,2022-05-21T14:36:12.000Z
"5/21/2022, 9:39:12 AM",3.658,86.7,88.9,33,2022-05-21T14:39:12.000Z
"5/21/2022, 9:42:12 AM",3.658,86.9,88.9,35,2022-05-21T14:42:12.000Z
"5/21/2022, 9:45:12 AM",3.658,87.1,88.9,32,2022-05-21T14:45:12.000Z
"5/21/2022, 9:48:12 AM",3.658,87.3,88.9,35,2022-05-21T14:48:12.000Z
"5/21/2022, 9:51:12 AM",3.658,87.3,88.9,36,2022-05-21T14:51:12.000Z
"5/21/2022, 9:54:12 AM",3.658,87.6,88.9,36,2022-05-21T14:54:12.000Z
"5/21/2022, 9:57:12 AM",3.658,87.8,89,34,2022-05-21T14:57:12.000Z
"5/21/2022, 10:00:12 AM",3.658,88,89,34,2022-05-21T15:00:12.000Z
"5/21/2022, 10:03:12 AM",3.658,88.2,88.9,36,2022-05-21T15:03:12.000Z
"5/21/2022, 10:06:12 AM",3.658,88.3,89,33,2022-05-21T15:06:12.000Z
"5/21/2022, 10:09:12 AM",3.658,88.5,88.9,34,2022-05-21T15:09:12.000Z
"5/21/2022, 10:12:12 AM",3.658,88.7,88.9,36,2022-05-21T15:12:12.000Z
"5/21/2022, 10:15:12 AM",3.658,88.9,88.9,35,2022-05-21T15:15:12.000Z
"5/21/2022, 10:18:12 AM",3.658,88.9,88.9,36,2022-05-21T15:18:12.000Z
"5/21/2022, 10:21:12 AM",3.658,89.1,88.9,35,2022-05-21T15:21:12.000Z
"5/21/2022, 10:24:12 AM",3.658,89.4,88.9,32,2022-05-21T15:24:12.000Z
"5/21/2022, 10:27:12 AM",3.658,89.6,88.8,32,2022-05-21T15:27:12.000Z
"5/21/2022, 10:30:12 AM",3.658,89.6,88.8,32,2022-05-21T15:30:12.000Z
"5/21/2022, 10:33:12 AM",3.657,89.8,88.8,32,2022-05-21T15:33:12.000Z
"5/21/2022, 10:36:12 AM",3.658,90,88.8,31,2022-05-21T15:36:12.000Z
"5/21/2022, 10:39:12 AM",3.658,90,88.7,32,2022-05-21T15:39:12.000Z
"5/21/2022, 10:42:12 AM",3.658,90.1,88.7,32,2022-05-21T15:42:12.000Z
"5/21/2022, 10:45:12 AM",3.658,90.3,88.7,32,2022-05-21T15:45:12.000Z
"5/21/2022, 10:48:12 AM",3.657,90.3,88.6,32,2022-05-21T15:48:12.000Z
"5/21/2022, 10:51:12 AM",3.657,90.5,88.6,34,2022-05-21T15:51:12.000Z
"5/21/2022, 10:54:12 AM",3.658,90.7,88.6,31,2022-05-21T15:54:12.000Z
"5/21/2022, 10:57:12 AM",3.657,90.9,88.5,31,2022-05-21T15:57:12.000Z
"5/21/2022, 11:00:12 AM",3.658,91.2,88.5,32,2022-05-21T16:00:12.000Z
"5/21/2022, 11:03:12 AM",3.657,91.4,88.5,27,2022-05-21T16:03:12.000Z
"5/21/2022, 11:06:12 AM",3.658,91.6,88.4,32,2022-05-21T16:06:12.000Z
"5/21/2022, 11:09:12 AM",3.658,91.8,88.4,32,2022-05-21T16:09:12.000Z
"5/21/2022, 11:12:12 AM",3.657,92.1,88.4,32,2022-05-21T16:12:12.000Z
"5/21/2022, 11:15:12 AM",3.657,92.3,88.3,28,2022-05-21T16:15:12.000Z
"5/21/2022, 11:18:12 AM",3.657,92.5,88.3,30,2022-05-21T16:18:12.000Z
"5/21/2022, 11:21:12 AM",3.657,92.7,88.2,28,2022-05-21T16:21:12.000Z
"5/21/2022, 11:24:12 AM",3.657,92.8,88.1,30,2022-05-21T16:24:12.000Z
"5/21/2022, 11:27:12 AM",3.657,92.8,88,29,2022-05-21T16:27:12.000Z
"5/21/2022, 11:30:12 AM",3.657,92.8,87.9,28,2022-05-21T16:30:12.000Z
"5/21/2022, 11:33:12 AM",3.657,92.8,87.8,29,2022-05-21T16:33:12.000Z
"5/21/2022, 11:36:12 AM",3.657,92.8,87.7,30,2022-05-21T16:36:12.000Z
"5/21/2022, 11:39:12 AM",3.657,92.8,87.7,31,2022-05-21T16:39:12.000Z
"5/21/2022, 11:42:12 AM",3.657,92.8,87.7,30,2022-05-21T16:42:12.000Z
"5/21/2022, 11:45:12 AM",3.657,92.8,87.6,32,2022-05-21T16:45:12.000Z
"5/21/2022, 11:48:12 AM",3.657,92.8,87.6,31,2022-05-21T16:48:12.000Z
"5/21/2022, 11:51:12 AM",3.657,92.8,87.5,32,2022-05-21T16:51:12.000Z
"5/21/2022, 11:54:12 AM",3.657,92.8,87.4,30,2022-05-21T16:54:12.000Z
"5/21/2022, 11:57:12 AM",3.657,92.8,87.4,30,2022-05-21T16:57:12.000Z
"5/21/2022, 12:00:12 PM",3.657,93,87.4,29,2022-05-21T17:00:12.000Z
"5/21/2022, 12:03:12 PM",3.657,93,87.3,27,2022-05-21T17:03:12.000Z
"5/21/2022, 12:06:12 PM",3.657,93,87.3,28,2022-05-21T17:06:12.000Z
"5/21/2022, 12:09:12 PM",3.657,93,87.2,30,2022-05-21T17:09:12.000Z
"5/21/2022, 12:12:12 PM",3.658,93,87.2,30,2022-05-21T17:12:12.000Z
"5/21/2022, 12:15:12 PM",3.658,93,87.1,31,2022-05-21T17:15:12.000Z
"5/21/2022, 12:18:12 PM",3.658,93,87.1,30,2022-05-21T17:18:12.000Z
"5/21/2022, 12:21:12 PM",3.658,93,87,29,2022-05-21T17:21:12.000Z
"5/21/2022, 12:24:12 PM",3.658,93,87,29,2022-05-21T17:24:12.000Z
"5/21/2022, 12:27:12 PM",3.658,92.8,86.9,29,2022-05-21T17:27:12.000Z
"5/21/2022, 12:30:12 PM",3.657,92.7,86.9,29,2022-05-21T17:30:12.000Z
"5/21/2022, 12:33:12 PM",3.658,92.7,86.9,30,2022-05-21T17:33:12.000Z
"5/21/2022, 12:36:12 PM",3.658,92.5,86.9,31,2022-05-21T17:36:12.000Z
"5/21/2022, 12:39:12 PM",3.658,92.5,86.9,32,2022-05-21T17:39:12.000Z
"5/21/2022, 12:42:12 PM",3.658,92.7,86.9,29,2022-05-21T17:42:12.000Z
"5/21/2022, 12:45:12 PM",3.658,92.7,86.9,33,2022-05-21T17:45:12.000Z
"5/21/2022, 12:48:12 PM",3.658,92.8,86.9,30,2022-05-21T17:48:12.000Z
"5/21/2022, 12:51:12 PM",3.658,93,86.9,32,2022-05-21T17:51:12.000Z
"5/21/2022, 12:54:12 PM",3.658,93,86.8,33,2022-05-21T17:54:12.000Z
"5/21/2022, 12:57:12 PM",3.658,93,86.8,31,2022-05-21T17:57:12.000Z
"5/21/2022, 1:00:12 PM",3.658,93,86.8,31,2022-05-21T18:00:12.000Z
"5/21/2022, 1:03:12 PM",3.658,92.8,86.7,30,2022-05-21T18:03:12.000Z
"5/21/2022, 1:06:12 PM",3.658,92.8,86.7,31,2022-05-21T18:06:12.000Z
"5/21/2022, 1:09:12 PM",3.658,92.7,86.7,32,2022-05-21T18:09:12.000Z
"5/21/2022, 1:12:12 PM",3.657,92.5,86.6,32,2022-05-21T18:12:12.000Z
"5/21/2022, 1:15:12 PM",3.658,92.5,86.6,32,2022-05-21T18:15:12.000Z
"5/21/2022, 1:18:12 PM",3.658,92.3,86.6,33,2022-05-21T18:18:12.000Z
"5/21/2022, 1:21:12 PM",3.658,92.3,86.6,34,2022-05-21T18:21:12.000Z
"5/21/2022, 1:24:12 PM",3.658,92.3,86.6,36,2022-05-21T18:24:12.000Z
"5/21/2022, 1:27:12 PM",3.658,92.5,86.6,38,2022-05-21T18:27:12.000Z
"5/21/2022, 1:30:12 PM",3.658,92.7,86.6,37,2022-05-21T18:30:12.000Z
"5/21/2022, 1:33:12 PM",3.658,92.8,86.6,42,2022-05-21T18:33:12.000Z
"5/21/2022, 1:36:12 PM",3.658,93,86.7,44,2022-05-21T18:36:12.000Z
"5/21/2022, 1:39:12 PM",3.658,93.2,86.7,45,2022-05-21T18:39:12.000Z
"5/21/2022, 1:42:12 PM",3.658,93.6,86.7,46,2022-05-21T18:42:12.000Z
"5/21/2022, 1:45:12 PM",3.658,93.7,86.7,44,2022-05-21T18:45:12.000Z
"5/21/2022, 1:48:12 PM",3.658,93.9,86.8,44,2022-05-21T18:48:12.000Z
"5/21/2022, 1:51:12 PM",3.658,94.1,86.8,45,2022-05-21T18:51:12.000Z
"5/21/2022, 1:54:12 PM",3.658,94.3,86.7,45,2022-05-21T18:54:12.000Z
"5/21/2022, 1:57:12 PM",3.658,94.5,86.7,43,2022-05-21T18:57:12.000Z
"5/21/2022, 2:00:12 PM",3.657,94.6,86.7,41,2022-05-21T19:00:12.000Z
"5/21/2022, 2:03:12 PM",3.658,94.6,86.7,41,2022-05-21T19:03:12.000Z
"5/21/2022, 2:06:12 PM",3.657,94.6,86.7,38,2022-05-21T19:06:12.000Z
"5/21/2022, 2:09:12 PM",3.657,94.5,86.7,38,2022-05-21T19:09:12.000Z
"5/21/2022, 2:12:12 PM",3.658,94.5,86.6,35,2022-05-21T19:12:12.000Z
"5/21/2022, 2:15:12 PM",3.658,94.3,86.6,36,2022-05-21T19:15:12.000Z
"5/21/2022, 2:18:12 PM",3.658,94.3,86.5,36,2022-05-21T19:18:12.000Z
"5/21/2022, 2:21:12 PM",3.657,94.1,86.5,39,2022-05-21T19:21:12.000Z
"5/21/2022, 2:24:12 PM",3.658,94.1,86.5,39,2022-05-21T19:24:12.000Z
"5/21/2022, 2:27:12 PM",3.658,93.9,86.4,35,2022-05-21T19:27:12.000Z
"5/21/2022, 2:30:12 PM",3.658,93.9,86.4,37,2022-05-21T19:30:12.000Z
"5/21/2022, 2:33:12 PM",3.657,93.7,86.4,39,2022-05-21T19:33:12.000Z
"5/21/2022, 2:36:12 PM",3.658,93.6,86.4,40,2022-05-21T19:36:12.000Z
"5/21/2022, 2:39:12 PM",3.658,93.4,86.3,33,2022-05-21T19:39:12.000Z
"5/21/2022, 2:42:12 PM",3.658,93.2,86.3,33,2022-05-21T19:42:12.000Z
"5/21/2022, 2:45:12 PM",3.658,93,86.3,35,2022-05-21T19:45:12.000Z
"5/21/2022, 2:48:12 PM",3.658,92.7,86.3,34,2022-05-21T19:48:12.000Z
"5/21/2022, 2:51:12 PM",3.658,92.5,86.2,34,2022-05-21T19:51:12.000Z
"5/21/2022, 2:54:12 PM",3.658,92.1,86.2,34,2022-05-21T19:54:12.000Z
"5/21/2022, 2:57:12 PM",3.658,91.8,86.2,32,2022-05-21T19:57:12.000Z
"5/21/2022, 3:00:12 PM",3.659,91.2,86.1,32,2022-05-21T20:00:12.000Z
"5/21/2022, 3:03:12 PM",3.659,90.7,86,31,2022-05-21T20:03:12.000Z
"5/21/2022, 3:06:12 PM",3.659,90.3,85.9,31,2022-05-21T20:06:12.000Z
"5/21/2022, 3:09:12 PM",3.659,89.8,85.8,29,2022-05-21T20:09:12.000Z
"5/21/2022, 3:12:12 PM",3.659,89.4,85.8,29,2022-05-21T20:12:12.000Z
"5/21/2022, 3:15:12 PM",3.66,88.9,85.8,28,2022-05-21T20:15:12.000Z
"5/21/2022, 3:18:12 PM",3.659,88.5,85.7,27,2022-05-21T20:18:12.000Z
"5/21/2022, 3:21:12 PM",3.66,88.2,85.7,29,2022-05-21T20:21:12.000Z
"5/21/2022, 3:24:12 PM",3.66,88,85.7,29,2022-05-21T20:24:12.000Z
"5/21/2022, 3:27:12 PM",3.66,87.6,85.7,30,2022-05-21T20:27:12.000Z
"5/21/2022, 3:30:12 PM",3.66,87.4,85.6,30,2022-05-21T20:30:12.000Z
"5/21/2022, 3:33:12 PM",3.66,87.3,85.7,29,2022-05-21T20:33:12.000Z
"5/21/2022, 3:36:12 PM",3.661,86.9,85.6,29,2022-05-21T20:36:12.000Z
"5/21/2022, 3:39:12 PM",3.66,86.7,85.7,31,2022-05-21T20:39:12.000Z
"5/21/2022, 3:42:12 PM",3.66,86.7,85.7,31,2022-05-21T20:42:12.000Z
"5/21/2022, 3:45:12 PM",3.661,86.5,85.7,31,2022-05-21T20:45:12.000Z
"5/21/2022, 3:48:12 PM",3.661,86.4,85.7,32,2022-05-21T20:48:12.000Z
"5/21/2022, 3:51:12 PM",3.66,86.4,85.8,33,2022-05-21T20:51:12.000Z
"5/21/2022, 3:54:12 PM",3.661,86.5,85.8,33,2022-05-21T20:54:12.000Z
"5/21/2022, 3:57:12 PM",3.66,86.5,85.8,34,2022-05-21T20:57:12.000Z
"5/21/2022, 4:00:12 PM",3.66,86.7,85.9,32,2022-05-21T21:00:12.000Z
"5/21/2022, 4:03:12 PM",3.66,86.7,86,30,2022-05-21T21:03:12.000Z
"5/21/2022, 4:06:12 PM",3.66,86.7,86,31,2022-05-21T21:06:12.000Z
"5/21/2022, 4:09:12 PM",3.66,86.7,86,30,2022-05-21T21:09:12.000Z
"5/21/2022, 4:12:12 PM",3.66,86.7,86.1,29,2022-05-21T21:12:12.000Z
"5/21/2022, 4:15:12 PM",3.66,86.5,86.1,30,2022-05-21T21:15:12.000Z
"5/21/2022, 4:18:12 PM",3.66,86.4,86.1,29,2022-05-21T21:18:12.000Z
"5/21/2022, 4:21:12 PM",3.66,86.2,86.1,28,2022-05-21T21:21:12.000Z
"5/21/2022, 4:24:12 PM",3.661,85.8,86.1,30,2022-05-21T21:24:12.000Z
"5/21/2022, 4:27:12 PM",3.661,85.5,86.1,29,2022-05-21T21:27:12.000Z
"5/21/2022, 4:30:12 PM",3.661,85.3,86.1,30,2022-05-21T21:30:12.000Z
"5/21/2022, 4:33:12 PM",3.66,84.9,86.1,28,2022-05-21T21:33:12.000Z
"5/21/2022, 4:36:12 PM",3.661,84.6,86.1,29,2022-05-21T21:36:12.000Z
"5/21/2022, 4:39:12 PM",3.66,84.4,86.1,27,2022-05-21T21:39:12.000Z
"5/21/2022, 4:42:12 PM",3.661,84,86.1,28,2022-05-21T21:42:12.000Z
"5/21/2022, 4:45:12 PM",3.661,83.8,86.1,29,2022-05-21T21:45:12.000Z
"5/21/2022, 4:48:12 PM",3.661,83.5,86.1,28,2022-05-21T21:48:12.000Z
"5/21/2022, 4:51:12 PM",3.661,83.1,86.1,27,2022-05-21T21:51:12.000Z
"5/21/2022, 4:54:12 PM",3.662,82.9,86,27,2022-05-21T21:54:12.000Z
"5/21/2022, 4:57:12 PM",3.661,82.6,86,29,2022-05-21T21:57:12.000Z
"5/21/2022, 5:00:12 PM",3.661,82.4,86.1,29,2022-05-21T22:00:12.000Z
"5/21/2022, 5:03:12 PM",3.662,82.2,86.1,27,2022-05-21T22:03:12.000Z
"5/21/2022, 5:06:12 PM",3.662,82,86.1,29,2022-05-21T22:06:12.000Z
"5/21/2022, 5:09:12 PM",3.662,81.9,86.1,30,2022-05-21T22:09:12.000Z
"5/21/2022, 5:12:12 PM",3.662,81.9,86.1,31,2022-05-21T22:12:12.000Z
"5/21/2022, 5:15:12 PM",3.662,81.7,86.1,29,2022-05-21T22:15:12.000Z
"5/21/2022, 5:18:12 PM",3.661,81.7,86.1,30,2022-05-21T22:18:12.000Z
"5/21/2022, 5:21:12 PM",3.662,81.5,86.2,30,2022-05-21T22:21:12.000Z
"5/21/2022, 5:24:12 PM",3.662,81.5,86.2,28,2022-05-21T22:24:12.000Z
"5/21/2022, 5:27:12 PM",3.662,81.3,86.2,29,2022-05-21T22:27:12.000Z
"5/21/2022, 5:30:12 PM",3.661,81.3,86.2,30,2022-05-21T22:30:12.000Z
"5/21/2022, 5:33:12 PM",3.662,81.1,86.3,30,2022-05-21T22:33:12.000Z
"5/21/2022, 5:36:12 PM",3.661,81.1,86.3,29,2022-05-21T22:36:12.000Z
"5/21/2022, 5:39:12 PM",3.662,81.1,86.3,31,2022-05-21T22:39:12.000Z
"5/21/2022, 5:42:12 PM",3.662,81,86.3,31,2022-05-21T22:42:12.000Z
"5/21/2022, 5:45:12 PM",3.661,81,86.4,29,2022-05-21T22:45:12.000Z
"5/21/2022, 5:48:12 PM",3.661,81,86.4,30,2022-05-21T22:48:12.000Z
"5/21/2022, 5:51:12 PM",3.661,80.8,86.4,31,2022-05-21T22:51:12.000Z
"5/21/2022, 5:54:12 PM",3.662,80.8,86.5,30,2022-05-21T22:54:12.000Z
"5/21/2022, 5:57:12 PM",3.661,80.8,86.5,29,2022-05-21T22:57:12.000Z
"5/21/2022, 6:00:12 PM",3.662,80.6,86.5,28,2022-05-21T23:00:12.000Z
"5/21/2022, 6:03:12 PM",3.661,80.6,86.5,29,2022-05-21T23:03:12.000Z
"5/21/2022, 6:06:12 PM",3.662,80.6,86.6,28,2022-05-21T23:06:12.000Z
"5/21/2022, 6:09:12 PM",3.661,80.4,86.5,29,2022-05-21T23:09:12.000Z
"5/21/2022, 6:12:12 PM",3.662,80.4,86.6,28,2022-05-21T23:12:12.000Z
"5/21/2022, 6:15:12 PM",3.661,80.4,86.6,29,2022-05-21T23:15:12.000Z
"5/21/2022, 6:18:12 PM",3.661,80.4,86.6,29,2022-05-21T23:18:12.000Z
"5/21/2022, 6:21:12 PM",3.661,80.4,86.7,30,2022-05-21T23:21:12.000Z
"5/21/2022, 6:24:12 PM",3.661,80.4,86.7,29,2022-05-21T23:24:12.000Z
"5/21/2022, 6:27:12 PM",3.661,80.4,86.7,31,2022-05-21T23:27:12.000Z
"5/21/2022, 6:30:12 PM",3.661,80.4,86.7,31,2022-05-21T23:30:12.000Z
"5/21/2022, 6:33:12 PM",3.661,80.6,86.8,30,2022-05-21T23:33:12.000Z
"5/21/2022, 6:36:12 PM",3.661,80.6,86.8,31,2022-05-21T23:36:12.000Z
"5/21/2022, 6:39:12 PM",3.661,80.6,86.8,31,2022-05-21T23:39:12.000Z
"5/21/2022, 6:42:12 PM",3.661,80.8,86.9,31,2022-05-21T23:42:12.000Z
"5/21/2022, 6:45:12 PM",3.661,80.8,86.9,31,2022-05-21T23:45:12.000Z
"5/21/2022, 6:48:12 PM",3.661,81,87,31,2022-05-21T23:48:12.000Z
"5/21/2022, 6:51:12 PM",3.661,81,87,31,2022-05-21T23:51:12.000Z
"5/21/2022, 6:54:12 PM",3.661,81.1,87,31,2022-05-21T23:54:12.000Z
"5/21/2022, 6:57:12 PM",3.66,81.1,87.1,31,2022-05-21T23:57:12.000Z
"5/21/2022, 7:00:12 PM",3.661,81.1,87.1,32,2022-05-22T00:00:12.000Z
"5/21/2022, 7:03:12 PM",3.661,81.3,87.1,32,2022-05-22T00:03:12.000Z
"5/21/2022, 7:06:12 PM",3.661,81.3,87.1,32,2022-05-22T00:06:12.000Z
"5/21/2022, 7:09:12 PM",3.661,81.3,87.1,31,2022-05-22T00:09:12.000Z
"5/21/2022, 7:12:12 PM",3.661,81.3,87.2,30,2022-05-22T00:12:12.000Z
"5/21/2022, 7:15:12 PM",3.66,81.3,87.2,30,2022-05-22T00:15:12.000Z
"5/21/2022, 7:18:12 PM",3.661,81.3,87.3,29,2022-05-22T00:18:12.000Z
"5/21/2022, 7:21:12 PM",3.661,81.3,87.3,30,2022-05-22T00:21:12.000Z
"5/21/2022, 7:24:12 PM",3.661,81.3,87.3,30,2022-05-22T00:24:12.000Z
"5/21/2022, 7:27:12 PM",3.661,81.1,87.3,31,2022-05-22T00:27:12.000Z
"5/21/2022, 7:30:12 PM",3.661,81.1,87.4,30,2022-05-22T00:30:12.000Z
"5/21/2022, 7:33:12 PM",3.66,81.1,87.4,29,2022-05-22T00:33:12.000Z
"5/21/2022, 7:36:12 PM",3.661,81.1,87.4,30,2022-05-22T00:36:12.000Z
"5/21/2022, 7:39:12 PM",3.661,81.1,87.4,29,2022-05-22T00:39:12.000Z
"5/21/2022, 7:42:12 PM",3.661,81.1,87.4,29,2022-05-22T00:42:12.000Z
"5/21/2022, 7:45:12 PM",3.66,81,87.5,28,2022-05-22T00:45:12.000Z
"5/21/2022, 7:48:12 PM",3.661,81,87.5,29,2022-05-22T00:48:12.000Z
"5/21/2022, 7:51:12 PM",3.66,81,87.5,28,2022-05-22T00:51:12.000Z
"5/21/2022, 7:54:12 PM",3.661,80.8,87.5,30,2022-05-22T00:54:12.000Z
"5/21/2022, 7:57:12 PM",3.661,80.8,87.5,30,2022-05-22T00:57:12.000Z
"5/21/2022, 8:00:12 PM",3.66,80.8,87.5,29,2022-05-22T01:00:12.000Z
"5/21/2022, 8:03:12 PM",3.66,80.8,87.5,29,2022-05-22T01:03:12.000Z
"5/21/2022, 8:06:12 PM",3.661,80.6,87.5,29,2022-05-22T01:06:12.000Z
"5/21/2022, 8:09:12 PM",3.661,80.6,87.5,28,2022-05-22T01:09:12.000Z
"5/21/2022, 8:12:12 PM",3.66,80.6,87.6,29,2022-05-22T01:12:12.000Z
"5/21/2022, 8:15:12 PM",3.661,80.6,87.6,28,2022-05-22T01:15:12.000Z
"5/21/2022, 8:18:12 PM",3.661,80.6,87.6,28,2022-05-22T01:18:12.000Z
"5/21/2022, 8:21:12 PM",3.66,80.6,87.6,28,2022-05-22T01:21:12.000Z
"5/21/2022, 8:24:12 PM",3.661,80.6,87.6,28,2022-05-22T01:24:12.000Z
"5/21/2022, 8:27:12 PM",3.661,80.6,87.7,28,2022-05-22T01:27:12.000Z
"5/21/2022, 8:30:12 PM",3.661,80.6,87.7,29,2022-05-22T01:30:12.000Z
"5/21/2022, 8:33:12 PM",3.66,80.4,87.6,28,2022-05-22T01:33:12.000Z
"5/21/2022, 8:36:12 PM",3.661,80.4,87.7,28,2022-05-22T01:36:12.000Z
"5/21/2022, 8:39:12 PM",3.66,80.4,87.7,28,2022-05-22T01:39:12.000Z
"5/21/2022, 8:42:12 PM",3.661,80.4,87.7,28,2022-05-22T01:42:12.000Z
"5/21/2022, 8:45:12 PM",3.66,80.4,87.7,28,2022-05-22T01:45:12.000Z
"5/21/2022, 8:48:12 PM",3.66,80.4,87.7,28,2022-05-22T01:48:12.000Z
"5/21/2022, 8:51:12 PM",3.66,80.2,87.7,28,2022-05-22T01:51:12.000Z
"5/21/2022, 8:54:12 PM",3.661,80.2,87.8,28,2022-05-22T01:54:12.000Z
"5/21/2022, 8:57:12 PM",3.661,80.2,87.8,28,2022-05-22T01:57:12.000Z
"5/21/2022, 9:00:12 PM",3.66,80.2,87.8,28,2022-05-22T02:00:12.000Z
"5/21/2022, 9:03:12 PM",3.66,80.2,87.8,27,2022-05-22T02:03:12.000Z
"5/21/2022, 9:06:12 PM",3.66,80.2,87.8,28,2022-05-22T02:06:12.000Z
"5/21/2022, 9:09:12 PM",3.661,80.2,87.8,27,2022-05-22T02:09:12.000Z
"5/21/2022, 9:12:12 PM",3.661,80.1,87.8,27,2022-05-22T02:12:12.000Z
"5/21/2022, 9:15:12 PM",3.661,80.1,87.8,27,2022-05-22T02:15:12.000Z
"5/21/2022, 9:18:12 PM",3.66,80.1,87.8,27,2022-05-22T02:18:12.000Z
"5/21/2022, 9:21:12 PM",3.66,80.1,87.8,27,2022-05-22T02:21:12.000Z
"5/21/2022, 9:24:12 PM",3.661,80.1,87.9,28,2022-05-22T02:24:12.000Z
"5/21/2022, 9:27:12 PM",3.661,80.1,87.9,27,2022-05-22T02:27:12.000Z
"5/21/2022, 9:30:12 PM",3.661,80.1,87.9,28,2022-05-22T02:30:12.000Z
"5/21/2022, 9:33:12 PM",3.66,79.9,87.9,27,2022-05-22T02:33:12.000Z
"5/21/2022, 9:36:12 PM",3.66,79.9,88,27,2022-05-22T02:36:12.000Z
"5/21/2022, 9:39:12 PM",3.661,79.9,87.9,27,2022-05-22T02:39:12.000Z
"5/21/2022, 9:42:12 PM",3.66,79.9,87.9,27,2022-05-22T02:42:12.000Z
"5/21/2022, 9:45:12 PM",3.661,79.9,88,28,2022-05-22T02:45:12.000Z
"5/21/2022, 9:48:12 PM",3.66,79.9,88,27,2022-05-22T02:48:12.000Z
"5/21/2022, 9:51:12 PM",3.661,79.9,88,27,2022-05-22T02:51:12.000Z
"5/21/2022, 9:54:12 PM",3.66,79.9,88,27,2022-05-22T02:54:12.000Z
"5/21/2022, 9:57:12 PM",3.661,79.9,88,28,2022-05-22T02:57:12.000Z
"5/21/2022, 10:00:12 PM",3.661,79.9,88,28,2022-05-22T03:00:12.000Z
"5/21/2022, 10:03:12 PM",3.66,79.9,88,29,2022-05-22T03:03:12.000Z
"5/21/2022, 10:06:12 PM",3.661,79.9,88,28,2022-05-22T03:06:12.000Z
"5/21/2022, 10:09:12 PM",3.661,79.9,88,29,2022-05-22T03:09:12.000Z
"5/21/2022, 10:12:12 PM",3.661,79.9,88,28,2022-05-22T03:12:12.000Z
"5/21/2022, 10:15:12 PM",3.661,79.9,88,28,2022-05-22T03:15:12.000Z
"5/21/2022, 10:18:12 PM",3.661,79.9,88,27,2022-05-22T03:18:12.000Z
"5/21/2022, 10:21:12 PM",3.661,79.9,88.1,28,2022-05-22T03:21:12.000Z
"5/21/2022, 10:24:12 PM",3.661,79.9,88.1,28,2022-05-22T03:24:12.000Z
"5/21/2022, 10:27:12 PM",3.66,79.7,88.1,28,2022-05-22T03:27:12.000Z
"5/21/2022, 10:30:12 PM",3.66,79.7,88.2,25,2022-05-22T03:30:12.000Z
"5/21/2022, 10:33:12 PM",3.661,79.7,88.2,28,2022-05-22T03:33:12.000Z
"5/21/2022, 10:36:12 PM",3.661,79.7,88.2,29,2022-05-22T03:36:12.000Z
"5/21/2022, 10:39:12 PM",3.66,79.7,88.2,29,2022-05-22T03:39:12.000Z
"5/21/2022, 10:42:12 PM",3.661,79.7,88.2,29,2022-05-22T03:42:12.000Z
"5/21/2022, 10:45:12 PM",3.66,79.9,88.2,28,2022-05-22T03:45:12.000Z
"5/21/2022, 10:48:12 PM",3.66,79.9,88.2,29,2022-05-22T03:48:12.000Z
"5/21/2022, 10:51:12 PM",3.66,79.9,88.3,29,2022-05-22T03:51:12.000Z
"5/21/2022, 10:54:12 PM",3.66,79.9,88.3,28,2022-05-22T03:54:12.000Z
"5/21/2022, 10:57:12 PM",3.66,79.9,88.3,28,2022-05-22T03:57:12.000Z
"5/21/2022, 11:00:12 PM",3.661,79.9,88.3,28,2022-05-22T04:00:12.000Z
"5/21/2022, 11:03:12 PM",3.66,79.9,88.3,28,2022-05-22T04:03:12.000Z
"5/21/2022, 11:06:12 PM",3.66,79.9,88.3,28,2022-05-22T04:06:12.000Z
"5/21/2022, 11:09:12 PM",3.661,79.9,88.4,28,2022-05-22T04:09:12.000Z
"5/21/2022, 11:12:12 PM",3.66,79.7,88.4,27,2022-05-22T04:12:12.000Z
"5/21/2022, 11:15:12 PM",3.66,79.7,88.4,29,2022-05-22T04:15:12.000Z
"5/21/2022, 11:18:12 PM",3.66,79.7,88.4,29,2022-05-22T04:18:12.000Z
"5/21/2022, 11:21:12 PM",3.66,79.9,88.4,28,2022-05-22T04:21:12.000Z
"5/21/2022, 11:24:12 PM",3.66,79.9,88.4,28,2022-05-22T04:24:12.000Z
"5/21/2022, 11:27:12 PM",3.661,79.9,88.5,28,2022-05-22T04:27:12.000Z
"5/21/2022, 11:30:12 PM",3.66,79.9,88.5,28,2022-05-22T04:30:12.000Z
"5/21/2022, 11:33:12 PM",3.66,79.9,88.5,27,2022-05-22T04:33:12.000Z
"5/21/2022, 11:36:12 PM",3.66,79.7,88.5,27,2022-05-22T04:36:12.000Z
"5/21/2022, 11:39:12 PM",3.661,79.7,88.6,27,2022-05-22T04:39:12.000Z
"5/21/2022, 11:42:12 PM",3.66,79.7,88.6,27,2022-05-22T04:42:12.000Z
"5/21/2022, 11:45:12 PM",3.66,79.7,88.6,25,2022-05-22T04:45:12.000Z
"5/21/2022, 11:48:12 PM",3.66,79.7,88.6,29,2022-05-22T04:48:12.000Z
"5/21/2022, 11:51:12 PM",3.661,79.7,88.6,28,2022-05-22T04:51:12.000Z
"5/21/2022, 11:54:12 PM",3.661,79.5,88.6,29,2022-05-22T04:54:12.000Z
"5/21/2022, 11:57:12 PM",3.66,79.5,88.6,29,2022-05-22T04:57:12.000Z
"5/22/2022, 12:00:12 AM",3.66,79.5,88.6,28,2022-05-22T05:00:12.000Z
"5/22/2022, 12:03:12 AM",3.66,79.5,88.6,28,2022-05-22T05:03:12.000Z
"5/22/2022, 12:06:12 AM",3.66,79.5,88.7,28,2022-05-22T05:06:12.000Z
"5/22/2022, 12:09:12 AM",3.66,79.3,88.7,30,2022-05-22T05:09:12.000Z
"5/22/2022, 12:12:12 AM",3.661,79.3,88.7,30,2022-05-22T05:12:12.000Z
"5/22/2022, 12:15:12 AM",3.661,79.3,88.7,29,2022-05-22T05:15:12.000Z
"5/22/2022, 12:18:12 AM",3.66,79.2,88.7,28,2022-05-22T05:18:12.000Z
"5/22/2022, 12:21:12 AM",3.661,79.2,88.7,28,2022-05-22T05:21:12.000Z
"5/22/2022, 12:24:12 AM",3.661,79,88.7,26,2022-05-22T05:24:12.000Z
"5/22/2022, 12:27:12 AM",3.661,79,88.7,26,2022-05-22T05:27:12.000Z
"5/22/2022, 12:30:12 AM",3.661,79,88.7,26,2022-05-22T05:30:12.000Z
"5/22/2022, 12:33:12 AM",3.661,79,88.7,25,2022-05-22T05:33:12.000Z
"5/22/2022, 12:36:12 AM",3.661,79,88.8,25,2022-05-22T05:36:12.000Z
"5/22/2022, 12:39:12 AM",3.66,79,88.8,26,2022-05-22T05:39:12.000Z
"5/22/2022, 12:42:12 AM",3.66,79,88.8,26,2022-05-22T05:42:12.000Z
"5/22/2022, 12:45:12 AM",3.661,78.8,88.8,26,2022-05-22T05:45:12.000Z
"5/22/2022, 12:48:12 AM",3.661,78.8,88.8,26,2022-05-22T05:48:12.000Z
"5/22/2022, 12:51:12 AM",3.661,78.8,88.8,26,2022-05-22T05:51:12.000Z
"5/22/2022, 12:54:12 AM",3.661,78.6,88.8,26,2022-05-22T05:54:12.000Z
"5/22/2022, 12:57:12 AM",3.66,78.6,88.9,26,2022-05-22T05:57:12.000Z
"5/22/2022, 1:00:12 AM",3.66,78.6,88.9,26,2022-05-22T06:00:12.000Z
"5/22/2022, 1:03:12 AM",3.661,78.6,88.9,26,2022-05-22T06:03:12.000Z
"5/22/2022, 1:06:12 AM",3.661,78.6,88.9,27,2022-05-22T06:06:12.000Z
"5/22/2022, 1:09:12 AM",3.661,78.6,88.9,26,2022-05-22T06:09:12.000Z
"5/22/2022, 1:12:12 AM",3.66,78.6,88.9,26,2022-05-22T06:12:12.000Z
"5/22/2022, 1:15:12 AM",3.661,78.4,88.9,25,2022-05-22T06:15:12.000Z
"5/22/2022, 1:18:12 AM",3.661,78.4,88.9,26,2022-05-22T06:18:12.000Z
"5/22/2022, 1:21:12 AM",3.66,78.4,89,26,2022-05-22T06:21:12.000Z
"5/22/2022, 1:24:12 AM",3.66,78.4,89,27,2022-05-22T06:24:12.000Z
"5/22/2022, 1:27:12 AM",3.661,78.4,89,26,2022-05-22T06:27:12.000Z
"5/22/2022, 1:30:12 AM",3.661,78.3,89,26,2022-05-22T06:30:12.000Z
"5/22/2022, 1:33:12 AM",3.661,78.3,89,26,2022-05-22T06:33:12.000Z
"5/22/2022, 1:36:12 AM",3.66,78.3,89,27,2022-05-22T06:36:12.000Z
"5/22/2022, 1:39:12 AM",3.66,78.3,89,27,2022-05-22T06:39:12.000Z
"5/22/2022, 1:42:12 AM",3.661,78.3,89,27,2022-05-22T06:42:12.000Z
"5/22/2022, 1:45:12 AM",3.661,78.3,89,26,2022-05-22T06:45:12.000Z
"5/22/2022, 1:48:12 AM",3.66,78.3,89.1,25,2022-05-22T06:48:12.000Z
"5/22/2022, 1:51:12 AM",3.661,78.3,89.1,25,2022-05-22T06:51:12.000Z
"5/22/2022, 1:54:12 AM",3.66,78.1,89.1,25,2022-05-22T06:54:12.000Z
"5/22/2022, 1:57:12 AM",3.661,78.1,89.1,27,2022-05-22T06:57:12.000Z
"5/22/2022, 2:00:12 AM",3.661,78.1,89.1,27,2022-05-22T07:00:12.000Z
"5/22/2022, 2:03:12 AM",3.66,78.1,89.1,27,2022-05-22T07:03:12.000Z
"5/22/2022, 2:06:12 AM",3.66,77.9,89.2,27,2022-05-22T07:06:12.000Z
"5/22/2022, 2:09:12 AM",3.661,77.9,89.2,26,2022-05-22T07:09:12.000Z
"5/22/2022, 2:12:12 AM",3.66,77.9,89.2,27,2022-05-22T07:12:12.000Z
"5/22/2022, 2:15:12 AM",3.661,77.9,89.2,26,2022-05-22T07:15:12.000Z
"5/22/2022, 2:18:12 AM",3.661,77.9,89.2,27,2022-05-22T07:18:12.000Z
"5/22/2022, 2:21:12 AM",3.66,77.9,89.2,26,2022-05-22T07:21:12.000Z
"5/22/2022, 2:24:12 AM",3.66,77.9,89.2,27,2022-05-22T07:24:12.000Z
"5/22/2022, 2:27:12 AM",3.66,77.9,89.2,27,2022-05-22T07:27:12.000Z
"5/22/2022, 2:30:12 AM",3.66,77.9,89.2,27,2022-05-22T07:30:12.000Z
"5/22/2022, 2:33:12 AM",3.661,77.9,89.2,28,2022-05-22T07:33:12.000Z
"5/22/2022, 2:36:12 AM",3.66,77.9,89.2,28,2022-05-22T07:36:12.000Z
"5/22/2022, 2:39:12 AM",3.66,77.9,89.2,28,2022-05-22T07:39:12.000Z
"5/22/2022, 2:42:12 AM",3.66,77.9,89.3,28,2022-05-22T07:42:12.000Z
"5/22/2022, 2:45:12 AM",3.66,77.9,89.3,27,2022-05-22T07:45:12.000Z
"5/22/2022, 2:48:12 AM",3.661,77.9,89.3,27,2022-05-22T07:48:12.000Z
"5/22/2022, 2:51:12 AM",3.66,77.9,89.3,27,2022-05-22T07:51:12.000Z
"5/22/2022, 2:54:12 AM",3.66,77.9,89.3,28,2022-05-22T07:54:12.000Z
"5/22/2022, 2:57:12 AM",3.661,77.9,89.3,28,2022-05-22T07:57:12.000Z
"5/22/2022, 3:00:12 AM",3.66,77.9,89.3,28,2022-05-22T08:00:12.000Z
"5/22/2022, 3:03:12 AM",3.661,77.9,89.3,28,2022-05-22T08:03:12.000Z
"5/22/2022, 3:06:12 AM",3.66,77.9,89.4,28,2022-05-22T08:06:12.000Z
"5/22/2022, 3:09:12 AM",3.66,77.9,89.4,29,2022-05-22T08:09:12.000Z
"5/22/2022, 3:12:12 AM",3.661,78.1,89.4,29,2022-05-22T08:12:12.000Z
"5/22/2022, 3:15:12 AM",3.66,78.1,89.4,28,2022-05-22T08:15:12.000Z
"5/22/2022, 3:18:12 AM",3.66,78.1,89.4,28,2022-05-22T08:18:12.000Z
"5/22/2022, 3:21:12 AM",3.661,78.1,89.4,28,2022-05-22T08:21:12.000Z
"5/22/2022, 3:24:12 AM",3.66,78.1,89.4,28,2022-05-22T08:24:12.000Z
"5/22/2022, 3:27:12 AM",3.66,78.1,89.5,28,2022-05-22T08:27:12.000Z
"5/22/2022, 3:30:12 AM",3.66,78.1,89.5,28,2022-05-22T08:30:12.000Z
"5/22/2022, 3:33:12 AM",3.661,78.1,89.5,28,2022-05-22T08:33:12.000Z
"5/22/2022, 3:36:12 AM",3.66,78.1,89.5,28,2022-05-22T08:36:12.000Z
"5/22/2022, 3:39:12 AM",3.661,78.1,89.5,28,2022-05-22T08:39:12.000Z
"5/22/2022, 3:42:12 AM",3.661,78.1,89.6,29,2022-05-22T08:42:12.000Z
"5/22/2022, 3:45:12 AM",3.661,78.1,89.6,29,2022-05-22T08:45:12.000Z
"5/22/2022, 3:48:12 AM",3.66,78.1,89.6,29,2022-05-22T08:48:12.000Z
"5/22/2022, 3:51:12 AM",3.66,78.3,89.6,29,2022-05-22T08:51:12.000Z
"5/22/2022, 3:54:12 AM",3.66,78.3,89.6,29,2022-05-22T08:54:12.000Z
"5/22/2022, 3:57:12 AM",3.66,78.3,89.6,29,2022-05-22T08:57:12.000Z
"5/22/2022, 4:00:12 AM",3.66,78.3,89.6,29,2022-05-22T09:00:12.000Z
"5/22/2022, 4:03:12 AM",3.66,78.3,89.6,28,2022-05-22T09:03:12.000Z
"5/22/2022, 4:06:12 AM",3.661,78.4,89.7,28,2022-05-22T09:06:12.000Z
"5/22/2022, 4:09:12 AM",3.661,78.4,89.7,30,2022-05-22T09:09:12.000Z
"5/22/2022, 4:12:12 AM",3.66,78.4,89.7,30,2022-05-22T09:12:12.000Z
"5/22/2022, 4:15:12 AM",3.66,78.4,89.7,27,2022-05-22T09:15:12.000Z
"5/22/2022, 4:18:12 AM",3.66,78.4,89.7,28,2022-05-22T09:18:12.000Z
"5/22/2022, 4:21:12 AM",3.66,78.4,89.7,30,2022-05-22T09:21:12.000Z
"5/22/2022, 4:24:12 AM",3.66,78.4,89.7,30,2022-05-22T09:24:12.000Z
"5/22/2022, 4:27:12 AM",3.66,78.4,89.7,30,2022-05-22T09:27:12.000Z
"5/22/2022, 4:30:12 AM",3.66,78.6,89.7,30,2022-05-22T09:30:12.000Z
"5/22/2022, 4:33:12 AM",3.66,78.6,89.8,31,2022-05-22T09:33:12.000Z
"5/22/2022, 4:36:12 AM",3.66,78.6,89.8,32,2022-05-22T09:36:12.000Z
"5/22/2022, 4:39:12 AM",3.66,78.6,89.8,30,2022-05-22T09:39:12.000Z
"5/22/2022, 4:42:12 AM",3.66,78.8,89.8,31,2022-05-22T09:42:12.000Z
"5/22/2022, 4:45:12 AM",3.66,78.8,89.8,30,2022-05-22T09:45:12.000Z
"5/22/2022, 4:48:12 AM",3.66,78.8,89.8,30,2022-05-22T09:48:12.000Z
"5/22/2022, 4:51:12 AM",3.661,78.8,89.8,30,2022-05-22T09:51:12.000Z
"5/22/2022, 4:54:12 AM",3.66,78.6,89.9,28,2022-05-22T09:54:12.000Z
"5/22/2022, 4:57:12 AM",3.66,78.6,89.9,31,2022-05-22T09:57:12.000Z
"5/22/2022, 5:00:12 AM",3.66,78.6,89.9,30,2022-05-22T10:00:12.000Z
"5/22/2022, 5:03:12 AM",3.661,78.6,89.9,28,2022-05-22T10:03:12.000Z
"5/22/2022, 5:06:12 AM",3.66,78.6,89.9,30,2022-05-22T10:06:12.000Z
"5/22/2022, 5:09:12 AM",3.66,78.6,89.9,30,2022-05-22T10:09:12.000Z
"5/22/2022, 5:12:12 AM",3.66,78.6,89.9,30,2022-05-22T10:12:12.000Z
"5/22/2022, 5:15:12 AM",3.661,78.6,89.9,30,2022-05-22T10:15:12.000Z
"5/22/2022, 5:18:12 AM",3.66,78.6,89.9,30,2022-05-22T10:18:12.000Z
"5/22/2022, 5:21:12 AM",3.66,78.6,89.9,31,2022-05-22T10:21:12.000Z
"5/22/2022, 5:24:12 AM",3.66,78.6,89.9,31,2022-05-22T10:24:12.000Z
"5/22/2022, 5:27:12 AM",3.66,78.6,90,28,2022-05-22T10:27:12.000Z
"5/22/2022, 5:30:12 AM",3.66,78.6,90,30,2022-05-22T10:30:12.000Z
"5/22/2022, 5:33:12 AM",3.66,78.6,90,30,2022-05-22T10:33:12.000Z
"5/22/2022, 5:36:12 AM",3.66,78.4,90,30,2022-05-22T10:36:12.000Z
"5/22/2022, 5:39:12 AM",3.66,78.4,90,31,2022-05-22T10:39:12.000Z
"5/22/2022, 5:42:12 AM",3.66,78.4,90,31,2022-05-22T10:42:12.000Z
"5/22/2022, 5:45:12 AM",3.66,78.6,90,31,2022-05-22T10:45:12.000Z
"5/22/2022, 5:48:12 AM",3.66,78.6,90,32,2022-05-22T10:48:12.000Z
"5/22/2022, 5:51:12 AM",3.66,78.6,90,31,2022-05-22T10:51:12.000Z
"5/22/2022, 5:54:12 AM",3.66,78.6,90.1,31,2022-05-22T10:54:12.000Z
"5/22/2022, 5:57:12 AM",3.66,78.6,90.1,32,2022-05-22T10:57:12.000Z
"5/22/2022, 6:00:12 AM",3.66,78.6,90.1,32,2022-05-22T11:00:12.000Z
"5/22/2022, 6:03:12 AM",3.66,78.8,90.1,32,2022-05-22T11:03:12.000Z
"5/22/2022, 6:06:12 AM",3.66,78.8,90.1,32,2022-05-22T11:06:12.000Z
"5/22/2022, 6:09:12 AM",3.66,79,90.1,32,2022-05-22T11:09:12.000Z
"5/22/2022, 6:12:12 AM",3.66,79,90.1,32,2022-05-22T11:12:12.000Z
"5/22/2022, 6:15:12 AM",3.66,79,90.1,32,2022-05-22T11:15:12.000Z
"5/22/2022, 6:18:12 AM",3.66,79,90.1,31,2022-05-22T11:18:12.000Z
"5/22/2022, 6:21:12 AM",3.66,79,90.1,31,2022-05-22T11:21:12.000Z
"5/22/2022, 6:24:12 AM",3.66,79,90.1,31,2022-05-22T11:24:12.000Z
"5/22/2022, 6:27:12 AM",3.66,79,90.1,31,2022-05-22T11:27:12.000Z
"5/22/2022, 6:30:12 AM",3.66,79,90.1,31,2022-05-22T11:30:12.000Z
"5/22/2022, 6:33:12 AM",3.66,79,90.1,31,2022-05-22T11:33:12.000Z
"5/22/2022, 6:36:12 AM",3.66,79,90.1,31,2022-05-22T11:36:12.000Z
"5/22/2022, 6:39:12 AM",3.66,79,90.1,31,2022-05-22T11:39:12.000Z
"5/22/2022, 6:42:12 AM",3.66,79,90.1,31,2022-05-22T11:42:12.000Z
"5/22/2022, 6:45:12 AM",3.66,79,90.2,30,2022-05-22T11:45:12.000Z
"5/22/2022, 6:48:12 AM",3.66,78.8,90.2,31,2022-05-22T11:48:12.000Z
"5/22/2022, 6:51:12 AM",3.66,78.8,90.2,31,2022-05-22T11:51:12.000Z
"5/22/2022, 6:54:12 AM",3.66,78.8,90.2,31,2022-05-22T11:54:12.000Z
"5/22/2022, 6:57:12 AM",3.66,78.8,90.2,33,2022-05-22T11:57:12.000Z
"5/22/2022, 7:00:12 AM",3.661,79,90.2,33,2022-05-22T12:00:12.000Z
"5/22/2022, 7:03:12 AM",3.66,79,90.2,33,2022-05-22T12:03:12.000Z
"5/22/2022, 7:06:12 AM",3.66,79,90.2,34,2022-05-22T12:06:12.000Z
"5/22/2022, 7:09:12 AM",3.66,79,90.2,33,2022-05-22T12:09:12.000Z
"5/22/2022, 7:12:12 AM",3.66,79,90.3,35,2022-05-22T12:12:12.000Z
"5/22/2022, 7:15:12 AM",3.66,79.2,90.3,33,2022-05-22T12:15:12.000Z
"5/22/2022, 7:18:12 AM",3.66,79.2,90.3,33,2022-05-22T12:18:12.000Z
"5/22/2022, 7:21:12 AM",3.66,79.3,90.3,32,2022-05-22T12:21:12.000Z
"5/22/2022, 7:24:12 AM",3.66,79.3,90.3,31,2022-05-22T12:24:12.000Z
"5/22/2022, 7:27:12 AM",3.66,79.3,90.4,32,2022-05-22T12:27:12.000Z
"5/22/2022, 7:30:12 AM",3.66,79.3,90.4,33,2022-05-22T12:30:12.000Z
"5/22/2022, 7:33:12 AM",3.66,79.3,90.4,31,2022-05-22T12:33:12.000Z
"5/22/2022, 7:36:12 AM",3.66,79.3,90.4,32,2022-05-22T12:36:12.000Z
"5/22/2022, 7:39:12 AM",3.66,79.2,90.5,31,2022-05-22T12:39:12.000Z
"5/22/2022, 7:42:12 AM",3.66,79,90.5,32,2022-05-22T12:42:12.000Z
"5/22/2022, 7:45:12 AM",3.66,79,90.5,32,2022-05-22T12:45:12.000Z
"5/22/2022, 7:48:12 AM",3.66,79,90.5,34,2022-05-22T12:48:12.000Z
"5/22/2022, 7:51:12 AM",3.66,79,90.6,32,2022-05-22T12:51:12.000Z
"5/22/2022, 7:54:12 AM",3.66,79,90.6,33,2022-05-22T12:54:12.000Z
"5/22/2022, 7:57:12 AM",3.66,79,90.6,34,2022-05-22T12:57:12.000Z
"5/22/2022, 8:00:12 AM",3.66,79,90.6,33,2022-05-22T13:00:12.000Z
"5/22/2022, 8:03:12 AM",3.66,79,90.6,34,2022-05-22T13:03:12.000Z
"5/22/2022, 8:06:12 AM",3.661,79,90.6,32,2022-05-22T13:06:12.000Z
"5/22/2022, 8:09:12 AM",3.66,79,90.6,32,2022-05-22T13:09:12.000Z
"5/22/2022, 8:12:12 AM",3.66,79,90.7,31,2022-05-22T13:12:12.000Z
"5/22/2022, 8:15:12 AM",3.66,78.8,90.7,31,2022-05-22T13:15:12.000Z
"5/22/2022, 8:18:12 AM",3.66,78.8,90.7,32,2022-05-22T13:18:12.000Z
"5/22/2022, 8:21:12 AM",3.66,78.8,90.8,32,2022-05-22T13:21:12.000Z
"5/22/2022, 8:24:12 AM",3.66,78.8,90.8,33,2022-05-22T13:24:12.000Z
"5/22/2022, 8:27:12 AM",3.66,78.6,90.8,31,2022-05-22T13:27:12.000Z
"5/22/2022, 8:30:12 AM",3.66,78.6,90.8,33,2022-05-22T13:30:12.000Z
"5/22/2022, 8:33:12 AM",3.66,78.6,90.8,33,2022-05-22T13:33:12.000Z
"5/22/2022, 8:36:12 AM",3.66,78.6,90.8,34,2022-05-22T13:36:12.000Z
"5/22/2022, 8:39:12 AM",3.661,78.6,90.8,34,2022-05-22T13:39:12.000Z
"5/22/2022, 8:42:12 AM",3.66,78.6,90.8,33,2022-05-22T13:42:12.000Z
"5/22/2022, 8:45:12 AM",3.66,78.6,90.8,34,2022-05-22T13:45:12.000Z
"5/22/2022, 8:48:12 AM",3.66,78.6,90.8,35,2022-05-22T13:48:12.000Z
"5/22/2022, 8:51:12 AM",3.66,78.6,90.8,34,2022-05-22T13:51:12.000Z
"5/22/2022, 8:54:12 AM",3.66,78.6,90.9,32,2022-05-22T13:54:12.000Z
"5/22/2022, 8:57:12 AM",3.66,78.6,90.9,33,2022-05-22T13:57:12.000Z
"5/22/2022, 9:00:12 AM",3.66,78.6,90.9,33,2022-05-22T14:00:12.000Z
"5/22/2022, 9:03:12 AM",3.66,78.4,90.9,31,2022-05-22T14:03:12.000Z
"5/22/2022, 9:06:12 AM",3.661,78.4,91,33,2022-05-22T14:06:12.000Z
"5/22/2022, 9:09:12 AM",3.66,78.4,91,32,2022-05-22T14:09:12.000Z
"5/22/2022, 9:12:12 AM",3.66,78.4,91,33,2022-05-22T14:12:12.000Z
"5/22/2022, 9:15:12 AM",3.66,78.6,91,33,2022-05-22T14:15:12.000Z
"5/22/2022, 9:18:12 AM",3.66,78.6,91,33,2022-05-22T14:18:12.000Z
"5/22/2022, 9:21:12 AM",3.661,78.6,91.1,34,2022-05-22T14:21:12.000Z
"5/22/2022, 9:24:12 AM",3.66,78.6,91.1,33,2022-05-22T14:24:12.000Z
"5/22/2022, 9:27:12 AM",3.66,78.4,91.1,31,2022-05-22T14:27:12.000Z
"5/22/2022, 9:30:12 AM",3.66,78.4,91.1,32,2022-05-22T14:30:12.000Z
"5/22/2022, 9:33:12 AM",3.66,78.6,91.1,32,2022-05-22T14:33:12.000Z
"5/22/2022, 9:36:12 AM",3.661,78.6,91.1,32,2022-05-22T14:36:12.000Z
"5/22/2022, 9:39:12 AM",3.66,78.6,91.2,32,2022-05-22T14:39:12.000Z
"5/22/2022, 9:42:12 AM",3.661,78.6,91.2,31,2022-05-22T14:42:12.000Z
"5/22/2022, 9:45:12 AM",3.66,78.6,91.2,31,2022-05-22T14:45:12.000Z
"5/22/2022, 9:48:12 AM",3.66,78.6,91.2,28,2022-05-22T14:48:12.000Z
"5/22/2022, 9:51:12 AM",3.66,78.6,91.3,31,2022-05-22T14:51:12.000Z
"5/22/2022, 9:54:12 AM",3.66,78.6,91.3,33,2022-05-22T14:54:12.000Z
"5/22/2022, 9:57:12 AM",3.66,78.8,91.3,34,2022-05-22T14:57:12.000Z
"5/22/2022, 10:00:12 AM",3.66,79,91.3,32,2022-05-22T15:00:12.000Z
"5/22/2022, 10:03:12 AM",3.66,79,91.3,32,2022-05-22T15:03:12.000Z
"5/22/2022, 10:06:12 AM",3.66,79,91.3,35,2022-05-22T15:06:12.000Z
"5/22/2022, 10:09:12 AM",3.66,79.2,91.3,35,2022-05-22T15:09:12.000Z
"5/22/2022, 10:12:12 AM",3.66,79.3,91.3,35,2022-05-22T15:12:12.000Z
"5/22/2022, 10:15:12 AM",3.661,79.5,91.4,32,2022-05-22T15:15:12.000Z
"5/22/2022, 10:18:12 AM",3.66,79.5,91.3,36,2022-05-22T15:18:12.000Z
"5/22/2022, 10:21:12 AM",3.66,79.7,91.4,35,2022-05-22T15:21:12.000Z
"5/22/2022, 10:24:12 AM",3.66,79.9,91.4,36,2022-05-22T15:24:12.000Z
"5/22/2022, 10:27:12 AM",3.66,80.1,91.4,37,2022-05-22T15:27:12.000Z
"5/22/2022, 10:30:12 AM",3.66,80.2,91.4,34,2022-05-22T15:30:12.000Z
"5/22/2022, 10:33:12 AM",3.66,80.2,91.4,34,2022-05-22T15:33:12.000Z
"5/22/2022, 10:36:12 AM",3.66,80.4,91.4,35,2022-05-22T15:36:12.000Z
"5/22/2022, 10:39:12 AM",3.659,80.6,91.5,35,2022-05-22T15:39:12.000Z
"5/22/2022, 10:42:12 AM",3.66,80.6,91.5,38,2022-05-22T15:42:12.000Z
"5/22/2022, 10:45:12 AM",3.659,80.8,91.5,35,2022-05-22T15:45:12.000Z
"5/22/2022, 10:48:12 AM",3.66,80.8,91.5,35,2022-05-22T15:48:12.000Z
"5/22/2022, 10:51:12 AM",3.66,81,91.5,35,2022-05-22T15:51:12.000Z
"5/22/2022, 10:54:12 AM",3.66,80.8,91.6,37,2022-05-22T15:54:12.000Z
"5/22/2022, 10:57:12 AM",3.659,80.8,91.6,37,2022-05-22T15:57:12.000Z
"5/22/2022, 11:00:12 AM",3.66,80.8,91.6,35,2022-05-22T16:00:12.000Z
"5/22/2022, 11:03:12 AM",3.659,80.8,91.6,34,2022-05-22T16:03:12.000Z
"5/22/2022, 11:06:12 AM",3.66,80.8,91.6,33,2022-05-22T16:06:12.000Z
"5/22/2022, 11:09:12 AM",3.66,80.8,91.6,34,2022-05-22T16:09:12.000Z
"5/22/2022, 11:12:12 AM",3.659,80.8,91.6,34,2022-05-22T16:12:12.000Z
"5/22/2022, 11:15:12 AM",3.66,80.8,91.6,32,2022-05-22T16:15:12.000Z
"5/22/2022, 11:18:12 AM",3.659,80.8,91.7,31,2022-05-22T16:18:12.000Z
"5/22/2022, 11:21:12 AM",3.659,80.8,91.6,31,2022-05-22T16:21:12.000Z
"5/22/2022, 11:24:12 AM",3.66,80.8,91.6,30,2022-05-22T16:24:12.000Z
"5/22/2022, 11:27:12 AM",3.66,80.8,91.6,30,2022-05-22T16:27:12.000Z
"5/22/2022, 11:30:12 AM",3.66,80.8,91.6,33,2022-05-22T16:30:12.000Z
"5/22/2022, 11:33:12 AM",3.66,80.8,91.6,33,2022-05-22T16:33:12.000Z
"5/22/2022, 11:36:12 AM",3.66,80.8,91.6,31,2022-05-22T16:36:12.000Z
"5/22/2022, 11:39:12 AM",3.66,80.6,91.7,32,2022-05-22T16:39:12.000Z
"5/22/2022, 11:42:12 AM",3.66,80.6,91.7,36,2022-05-22T16:42:12.000Z
"5/22/2022, 11:45:12 AM",3.66,80.8,91.7,38,2022-05-22T16:45:12.000Z
"5/22/2022, 11:48:12 AM",3.659,81,91.6,39,2022-05-22T16:48:12.000Z
"5/22/2022, 11:51:12 AM",3.66,81.1,91.7,33,2022-05-22T16:51:12.000Z
"5/22/2022, 11:54:12 AM",3.659,81.1,91.6,37,2022-05-22T16:54:12.000Z
"5/22/2022, 11:57:12 AM",3.659,81.3,91.6,35,2022-05-22T16:57:12.000Z
"5/22/2022, 12:00:12 PM",3.659,81.3,91.6,35,2022-05-22T17:00:12.000Z
"5/22/2022, 12:03:12 PM",3.659,81.3,91.6,33,2022-05-22T17:03:12.000Z
"5/22/2022, 12:06:12 PM",3.659,81.3,91.6,34,2022-05-22T17:06:12.000Z
"5/22/2022, 12:09:12 PM",3.659,81.3,91.6,34,2022-05-22T17:09:12.000Z
"5/22/2022, 12:12:12 PM",3.659,81.3,91.7,34,2022-05-22T17:12:12.000Z
"5/22/2022, 12:15:12 PM",3.659,81.3,91.7,33,2022-05-22T17:15:12.000Z
"5/22/2022, 12:18:12 PM",3.659,81.3,91.7,34,2022-05-22T17:18:12.000Z
"5/22/2022, 12:21:12 PM",3.659,81.3,91.7,33,2022-05-22T17:21:12.000Z
"5/22/2022, 12:24:12 PM",3.66,81.3,91.7,35,2022-05-22T17:24:12.000Z
"5/22/2022, 12:27:12 PM",3.659,81.3,91.7,36,2022-05-22T17:27:12.000Z
"5/22/2022, 12:30:12 PM",3.659,81.3,91.7,34,2022-05-22T17:30:12.000Z
"5/22/2022, 12:33:12 PM",3.659,81.5,91.7,36,2022-05-22T17:33:12.000Z
"5/22/2022, 12:36:12 PM",3.66,81.5,91.7,35,2022-05-22T17:36:12.000Z
"5/22/2022, 12:39:12 PM",3.659,81.7,91.7,38,2022-05-22T17:39:12.000Z
"5/22/2022, 12:42:12 PM",3.66,81.7,91.7,36,2022-05-22T17:42:12.000Z
"5/22/2022, 12:45:12 PM",3.66,81.9,91.7,38,2022-05-22T17:45:12.000Z
"5/22/2022, 12:48:12 PM",3.66,81.9,91.7,36,2022-05-22T17:48:12.000Z
"5/22/2022, 12:51:12 PM",3.659,82,91.8,37,2022-05-22T17:51:12.000Z
"5/22/2022, 12:54:12 PM",3.659,82.2,91.7,40,2022-05-22T17:54:12.000Z
"5/22/2022, 12:57:12 PM",3.66,82.6,91.8,39,2022-05-22T17:57:12.000Z
"5/22/2022, 1:00:12 PM",3.659,82.8,91.8,39,2022-05-22T18:00:12.000Z
"5/22/2022, 1:03:12 PM",3.659,82.9,91.7,40,2022-05-22T18:03:12.000Z
"5/22/2022, 1:06:12 PM",3.659,83.1,91.7,42,2022-05-22T18:06:12.000Z
"5/22/2022, 1:09:12 PM",3.659,83.3,91.7,39,2022-05-22T18:09:12.000Z
"5/22/2022, 1:12:12 PM",3.659,83.5,91.8,39,2022-05-22T18:12:12.000Z
"5/22/2022, 1:15:12 PM",3.659,83.5,91.7,38,2022-05-22T18:15:12.000Z
"5/22/2022, 1:18:12 PM",3.659,83.7,91.8,40,2022-05-22T18:18:12.000Z
"5/22/2022, 1:21:12 PM",3.659,83.8,91.8,38,2022-05-22T18:21:12.000Z
"5/22/2022, 1:24:12 PM",3.659,83.8,91.7,41,2022-05-22T18:24:12.000Z
"5/22/2022, 1:27:12 PM",3.659,84,91.8,39,2022-05-22T18:27:12.000Z
"5/22/2022, 1:30:12 PM",3.659,84,91.8,40,2022-05-22T18:30:12.000Z
"5/22/2022, 1:33:12 PM",3.659,84.2,91.7,40,2022-05-22T18:33:12.000Z
"5/22/2022, 1:36:12 PM",3.659,84.2,91.7,41,2022-05-22T18:36:12.000Z
"5/22/2022, 1:39:12 PM",3.659,84.2,91.7,44,2022-05-22T18:39:12.000Z
"5/22/2022, 1:42:12 PM",3.659,84.4,91.7,45,2022-05-22T18:42:12.000Z
"5/22/2022, 1:45:12 PM",3.659,84.6,91.8,44,2022-05-22T18:45:12.000Z
"5/22/2022, 1:48:12 PM",3.658,84.7,91.7,41,2022-05-22T18:48:12.000Z
"5/22/2022, 1:51:12 PM",3.658,84.9,91.8,41,2022-05-22T18:51:12.000Z
"5/22/2022, 1:54:12 PM",3.659,85.1,91.7,43,2022-05-22T18:54:12.000Z
"5/22/2022, 1:57:12 PM",3.658,85.1,91.7,42,2022-05-22T18:57:12.000Z
"5/22/2022, 2:00:12 PM",3.659,85.3,91.8,44,2022-05-22T19:00:12.000Z
"5/22/2022, 2:03:12 PM",3.659,85.3,91.7,44,2022-05-22T19:03:12.000Z
"5/22/2022, 2:06:12 PM",3.658,85.5,91.7,44,2022-05-22T19:06:12.000Z
"5/22/2022, 2:09:12 PM",3.658,85.5,91.8,43,2022-05-22T19:09:12.000Z
"5/22/2022, 2:12:12 PM",3.658,85.5,91.7,40,2022-05-22T19:12:12.000Z
"5/22/2022, 2:15:12 PM",3.658,85.5,91.7,43,2022-05-22T19:15:12.000Z
"5/22/2022, 2:18:12 PM",3.659,85.5,91.7,40,2022-05-22T19:18:12.000Z
"5/22/2022, 2:21:12 PM",3.659,85.5,91.7,36,2022-05-22T19:21:12.000Z
"5/22/2022, 2:24:12 PM",3.659,85.3,91.7,39,2022-05-22T19:24:12.000Z
"5/22/2022, 2:27:12 PM",3.658,85.3,91.7,39,2022-05-22T19:27:12.000Z
"5/22/2022, 2:30:12 PM",3.658,85.3,91.7,39,2022-05-22T19:30:12.000Z
"5/22/2022, 2:33:12 PM",3.659,85.3,91.7,40,2022-05-22T19:33:12.000Z
"5/22/2022, 2:36:12 PM",3.659,85.3,91.7,40,2022-05-22T19:36:12.000Z
"5/22/2022, 2:39:12 PM",3.659,85.3,91.7,36,2022-05-22T19:39:12.000Z
"5/22/2022, 2:42:12 PM",3.659,85.3,91.7,36,2022-05-22T19:42:12.000Z
"5/22/2022, 2:45:12 PM",3.659,85.1,91.6,39,2022-05-22T19:45:12.000Z
"5/22/2022, 2:48:12 PM",3.659,85.1,91.6,35,2022-05-22T19:48:12.000Z
"5/22/2022, 2:51:12 PM",3.658,85.1,91.6,36,2022-05-22T19:51:12.000Z
"5/22/2022, 2:54:12 PM",3.659,85.1,91.6,38,2022-05-22T19:54:12.000Z
"5/22/2022, 2:57:12 PM",3.659,84.9,91.6,36,2022-05-22T19:57:12.000Z
"5/22/2022, 3:00:12 PM",3.659,84.9,91.5,40,2022-05-22T20:00:12.000Z
"5/22/2022, 3:03:12 PM",3.659,85.1,91.5,37,2022-05-22T20:03:12.000Z
"5/22/2022, 3:06:12 PM",3.659,85.1,91.5,37,2022-05-22T20:06:12.000Z
"5/22/2022, 3:09:12 PM",3.659,85.1,91.5,36,2022-05-22T20:09:12.000Z
"5/22/2022, 3:12:12 PM",3.659,85.1,91.5,36,2022-05-22T20:12:12.000Z
"5/22/2022, 3:15:12 PM",3.659,85.1,91.5,40,2022-05-22T20:15:12.000Z
"5/22/2022, 3:18:12 PM",3.659,85.1,91.4,41,2022-05-22T20:18:12.000Z
"5/22/2022, 3:21:12 PM",3.659,85.1,91.4,37,2022-05-22T20:21:12.000Z
"5/22/2022, 3:24:12 PM",3.66,85.3,91.5,40,2022-05-22T20:24:12.000Z
"5/22/2022, 3:27:12 PM",3.659,85.3,91.4,36,2022-05-22T20:27:12.000Z
"5/22/2022, 3:30:12 PM",3.659,85.3,91.4,37,2022-05-22T20:30:12.000Z
"5/22/2022, 3:33:12 PM",3.659,85.5,91.4,41,2022-05-22T20:33:12.000Z
"5/22/2022, 3:36:12 PM",3.659,85.5,91.4,40,2022-05-22T20:36:12.000Z
"5/22/2022, 3:39:12 PM",3.659,85.5,91.4,38,2022-05-22T20:39:12.000Z
"5/22/2022, 3:42:12 PM",3.659,85.5,91.4,39,2022-05-22T20:42:12.000Z
"5/22/2022, 3:45:12 PM",3.659,85.5,91.4,40,2022-05-22T20:45:12.000Z
"5/22/2022, 3:48:12 PM",3.659,85.5,91.4,36,2022-05-22T20:48:12.000Z
"5/22/2022, 3:51:12 PM",3.659,85.5,91.4,39,2022-05-22T20:51:12.000Z
"5/22/2022, 3:54:12 PM",3.659,85.5,91.4,41,2022-05-22T20:54:12.000Z
"5/22/2022, 3:57:12 PM",3.659,85.5,91.3,38,2022-05-22T20:57:12.000Z
"5/22/2022, 4:00:12 PM",3.659,85.5,91.3,40,2022-05-22T21:00:12.000Z
"5/22/2022, 4:03:12 PM",3.659,85.5,91.3,41,2022-05-22T21:03:12.000Z
"5/22/2022, 4:06:12 PM",3.66,85.5,91.3,43,2022-05-22T21:06:12.000Z
"5/22/2022, 4:09:12 PM",3.659,85.6,91.3,44,2022-05-22T21:09:12.000Z
"5/22/2022, 4:12:12 PM",3.659,85.6,91.3,43,2022-05-22T21:12:12.000Z
"5/22/2022, 4:15:12 PM",3.659,85.8,91.3,44,2022-05-22T21:15:12.000Z
"5/22/2022, 4:18:12 PM",3.659,86,91.3,44,2022-05-22T21:18:12.000Z
"5/22/2022, 4:21:12 PM",3.659,86,91.2,42,2022-05-22T21:21:12.000Z
"5/22/2022, 4:24:12 PM",3.659,86,91.3,43,2022-05-22T21:24:12.000Z
"5/22/2022, 4:27:12 PM",3.659,86.2,91.3,42,2022-05-22T21:27:12.000Z
"5/22/2022, 4:30:12 PM",3.659,86.2,91.3,44,2022-05-22T21:30:12.000Z
"5/22/2022, 4:33:12 PM",3.659,86.2,91.3,45,2022-05-22T21:33:12.000Z
"5/22/2022, 4:36:12 PM",3.659,86.2,91.2,40,2022-05-22T21:36:12.000Z
"5/22/2022, 4:39:12 PM",3.659,86.2,91.2,41,2022-05-22T21:39:12.000Z
"5/22/2022, 4:42:12 PM",3.658,86.2,91.2,38,2022-05-22T21:42:12.000Z
"5/22/2022, 4:45:12 PM",3.659,86.2,91.2,36,2022-05-22T21:45:12.000Z
"5/22/2022, 4:48:12 PM",3.659,86,91.2,40,2022-05-22T21:48:12.000Z
"5/22/2022, 4:51:12 PM",3.659,86,91.2,41,2022-05-22T21:51:12.000Z
"5/22/2022, 4:54:12 PM",3.659,85.8,91.2,37,2022-05-22T21:54:12.000Z
"5/22/2022, 4:57:12 PM",3.659,85.8,91.2,40,2022-05-22T21:57:12.000Z
"5/22/2022, 5:00:12 PM",3.659,85.8,91.1,42,2022-05-22T22:00:12.000Z
"5/22/2022, 5:03:12 PM",3.659,85.8,91.1,41,2022-05-22T22:03:12.000Z
"5/22/2022, 5:06:12 PM",3.659,85.8,91.1,39,2022-05-22T22:06:12.000Z
"5/22/2022, 5:09:12 PM",3.659,85.6,91.1,37,2022-05-22T22:09:12.000Z
"5/22/2022, 5:12:12 PM",3.659,85.6,91.1,34,2022-05-22T22:12:12.000Z
"5/22/2022, 5:15:12 PM",3.659,85.5,91.1,35,2022-05-22T22:15:12.000Z
"5/22/2022, 5:18:12 PM",3.659,85.3,91,40,2022-05-22T22:18:12.000Z
"5/22/2022, 5:21:12 PM",3.659,85.3,91,40,2022-05-22T22:21:12.000Z
"5/22/2022, 5:24:12 PM",3.659,85.3,91,39,2022-05-22T22:24:12.000Z
"5/22/2022, 5:27:12 PM",3.659,85.1,91,39,2022-05-22T22:27:12.000Z
"5/22/2022, 5:30:12 PM",3.659,85.1,91,39,2022-05-22T22:30:12.000Z
"5/22/2022, 5:33:12 PM",3.659,85.1,90.9,37,2022-05-22T22:33:12.000Z
"5/22/2022, 5:36:12 PM",3.659,84.9,91,35,2022-05-22T22:36:12.000Z
"5/22/2022, 5:39:12 PM",3.66,84.7,90.9,34,2022-05-22T22:39:12.000Z
"5/22/2022, 5:42:12 PM",3.659,84.7,90.9,39,2022-05-22T22:42:12.000Z
"5/22/2022, 5:45:12 PM",3.66,84.6,90.9,32,2022-05-22T22:45:12.000Z
"5/22/2022, 5:48:12 PM",3.66,84.4,90.9,34,2022-05-22T22:48:12.000Z
"5/22/2022, 5:51:12 PM",3.659,84.2,90.9,34,2022-05-22T22:51:12.000Z
"5/22/2022, 5:54:12 PM",3.66,84,90.9,35,2022-05-22T22:54:12.000Z
"5/22/2022, 5:57:12 PM",3.66,83.7,90.8,37,2022-05-22T22:57:12.000Z
"5/22/2022, 6:00:12 PM",3.66,83.5,90.8,38,2022-05-22T23:00:12.000Z
"5/22/2022, 6:03:12 PM",3.66,83.3,90.8,33,2022-05-22T23:03:12.000Z
"5/22/2022, 6:06:12 PM",3.66,83.1,90.8,34,2022-05-22T23:06:12.000Z
"5/22/2022, 6:09:12 PM",3.66,82.9,90.7,33,2022-05-22T23:09:12.000Z
"5/22/2022, 6:12:12 PM",3.66,82.8,90.7,35,2022-05-22T23:12:12.000Z
"5/22/2022, 6:15:12 PM",3.66,82.6,90.7,34,2022-05-22T23:15:12.000Z
"5/22/2022, 6:18:12 PM",3.66,82.4,90.7,32,2022-05-22T23:18:12.000Z
"5/22/2022, 6:21:12 PM",3.66,82.2,90.7,31,2022-05-22T23:21:12.000Z
"5/22/2022, 6:24:12 PM",3.66,82.2,90.7,30,2022-05-22T23:24:12.000Z
"5/22/2022, 6:27:12 PM",3.66,82,90.7,32,2022-05-22T23:27:12.000Z
"5/22/2022, 6:30:12 PM",3.66,81.9,90.7,33,2022-05-22T23:30:12.000Z
"5/22/2022, 6:33:12 PM",3.66,81.7,90.7,32,2022-05-22T23:33:12.000Z
"5/22/2022, 6:36:12 PM",3.66,81.5,90.7,32,2022-05-22T23:36:12.000Z
"5/22/2022, 6:39:12 PM",3.66,81.3,90.7,32,2022-05-22T23:39:12.000Z
"5/22/2022, 6:42:12 PM",3.66,81.1,90.7,32,2022-05-22T23:42:12.000Z
"5/22/2022, 6:45:12 PM",3.661,81,90.7,34,2022-05-22T23:45:12.000Z
"5/22/2022, 6:48:12 PM",3.66,80.8,90.7,34,2022-05-22T23:48:12.000Z
"5/22/2022, 6:51:12 PM",3.661,80.6,90.7,32,2022-05-22T23:51:12.000Z
"5/22/2022, 6:54:12 PM",3.661,80.6,90.7,34,2022-05-22T23:54:12.000Z
"5/22/2022, 6:57:12 PM",3.66,80.4,90.7,32,2022-05-22T23:57:12.000Z
"5/22/2022, 7:00:12 PM",3.661,80.2,90.7,34,2022-05-23T00:00:12.000Z
"5/22/2022, 7:03:12 PM",3.66,80.2,90.7,32,2022-05-23T00:03:12.000Z
"5/22/2022, 7:06:12 PM",3.661,80.1,90.7,34,2022-05-23T00:06:12.000Z
"5/22/2022, 7:09:12 PM",3.66,80.1,90.7,33,2022-05-23T00:09:12.000Z
"5/22/2022, 7:12:12 PM",3.66,79.9,90.7,35,2022-05-23T00:12:12.000Z
"5/22/2022, 7:15:12 PM",3.66,79.9,90.7,31,2022-05-23T00:15:12.000Z
"5/22/2022, 7:18:12 PM",3.66,79.7,90.7,33,2022-05-23T00:18:12.000Z
"5/22/2022, 7:21:12 PM",3.661,79.7,90.7,35,2022-05-23T00:21:12.000Z
"5/22/2022, 7:24:12 PM",3.661,79.5,90.7,35,2022-05-23T00:24:12.000Z
"5/22/2022, 7:27:12 PM",3.66,79.3,90.7,33,2022-05-23T00:27:12.000Z
"5/22/2022, 7:30:12 PM",3.66,79.3,90.7,34,2022-05-23T00:30:12.000Z
"5/22/2022, 7:33:12 PM",3.661,79.2,90.7,34,2022-05-23T00:33:12.000Z
"5/22/2022, 7:36:12 PM",3.66,79,90.7,33,2022-05-23T00:36:12.000Z
"5/22/2022, 7:39:12 PM",3.661,79,90.7,34,2022-05-23T00:39:12.000Z
"5/22/2022, 7:42:12 PM",3.661,79,90.7,35,2022-05-23T00:42:12.000Z
"5/22/2022, 7:45:12 PM",3.661,79,90.8,33,2022-05-23T00:45:12.000Z
"5/22/2022, 7:48:12 PM",3.661,78.8,90.8,33,2022-05-23T00:48:12.000Z
"5/22/2022, 7:51:12 PM",3.661,78.6,90.8,34,2022-05-23T00:51:12.000Z
"5/22/2022, 7:54:12 PM",3.661,78.6,90.8,34,2022-05-23T00:54:12.000Z
"5/22/2022, 7:57:12 PM",3.661,78.4,90.8,32,2022-05-23T00:57:12.000Z
"5/22/2022, 8:00:12 PM",3.661,78.4,90.8,34,2022-05-23T01:00:12.000Z
"5/22/2022, 8:03:12 PM",3.661,78.3,90.7,32,2022-05-23T01:03:12.000Z
"5/22/2022, 8:06:12 PM",3.661,78.3,90.8,27,2022-05-23T01:06:12.000Z
"5/22/2022, 8:09:12 PM",3.661,78.3,90.8,29,2022-05-23T01:09:12.000Z
"5/22/2022, 8:12:12 PM",3.661,78.1,90.8,28,2022-05-23T01:12:12.000Z
"5/22/2022, 8:15:12 PM",3.661,78.1,90.8,27,2022-05-23T01:15:12.000Z
"5/22/2022, 8:18:12 PM",3.661,77.9,90.8,29,2022-05-23T01:18:12.000Z
"5/22/2022, 8:21:12 PM",3.66,77.9,90.8,29,2022-05-23T01:21:12.000Z
"5/22/2022, 8:24:12 PM",3.661,77.9,90.8,29,2022-05-23T01:24:12.000Z
"5/22/2022, 8:27:12 PM",3.66,77.7,90.8,29,2022-05-23T01:27:12.000Z
"5/22/2022, 8:30:12 PM",3.661,77.7,90.8,29,2022-05-23T01:30:12.000Z
"5/22/2022, 8:33:12 PM",3.66,77.7,90.9,30,2022-05-23T01:33:12.000Z
"5/22/2022, 8:36:12 PM",3.661,77.5,90.9,30,2022-05-23T01:36:12.000Z
"5/22/2022, 8:39:12 PM",3.661,77.5,90.9,29,2022-05-23T01:39:12.000Z
"5/22/2022, 8:42:12 PM",3.661,77.5,90.9,29,2022-05-23T01:42:12.000Z
"5/22/2022, 8:45:12 PM",3.661,77.4,91,28,2022-05-23T01:45:12.000Z
"5/22/2022, 8:48:12 PM",3.661,77.4,90.9,29,2022-05-23T01:48:12.000Z
"5/22/2022, 8:51:12 PM",3.661,77.4,90.9,28,2022-05-23T01:51:12.000Z
"5/22/2022, 8:54:12 PM",3.66,77.2,91,28,2022-05-23T01:54:12.000Z
"5/22/2022, 8:57:12 PM",3.66,77.2,91,30,2022-05-23T01:57:12.000Z
"5/22/2022, 9:00:12 PM",3.66,77,90.9,28,2022-05-23T02:00:12.000Z
"5/22/2022, 9:03:12 PM",3.661,77,90.9,28,2022-05-23T02:03:12.000Z
"5/22/2022, 9:06:12 PM",3.661,77,90.9,28,2022-05-23T02:06:12.000Z
"5/22/2022, 9:09:12 PM",3.661,77,90.9,27,2022-05-23T02:09:12.000Z
"5/22/2022, 9:12:12 PM",3.66,76.8,91,27,2022-05-23T02:12:12.000Z
"5/22/2022, 9:15:12 PM",3.661,76.8,91,27,2022-05-23T02:15:12.000Z
"5/22/2022, 9:18:12 PM",3.661,76.8,91,28,2022-05-23T02:18:12.000Z
"5/22/2022, 9:21:12 PM",3.66,76.6,91,26,2022-05-23T02:21:12.000Z
"5/22/2022, 9:24:12 PM",3.661,76.6,91,25,2022-05-23T02:24:12.000Z
"5/22/2022, 9:27:12 PM",3.66,76.6,91,27,2022-05-23T02:27:12.000Z
"5/22/2022, 9:30:12 PM",3.66,76.5,91,25,2022-05-23T02:30:12.000Z
"5/22/2022, 9:33:12 PM",3.66,76.5,91.1,27,2022-05-23T02:33:12.000Z
"5/22/2022, 9:36:12 PM",3.661,76.3,91.1,24,2022-05-23T02:36:12.000Z
"5/22/2022, 9:39:12 PM",3.66,76.3,91.1,25,2022-05-23T02:39:12.000Z
"5/22/2022, 9:42:12 PM",3.661,76.3,91.1,24,2022-05-23T02:42:12.000Z
"5/22/2022, 9:45:12 PM",3.661,76.3,91.1,25,2022-05-23T02:45:12.000Z
"5/22/2022, 9:48:12 PM",3.66,76.3,91.1,24,2022-05-23T02:48:12.000Z
"5/22/2022, 9:51:12 PM",3.661,76.1,91.2,24,2022-05-23T02:51:12.000Z
"5/22/2022, 9:54:12 PM",3.66,76.1,91.1,24,2022-05-23T02:54:12.000Z
"5/22/2022, 9:57:12 PM",3.66,76.1,91.1,24,2022-05-23T02:57:12.000Z
"5/22/2022, 10:00:12 PM",3.66,76.1,91.1,26,2022-05-23T03:00:12.000Z
"5/22/2022, 10:03:12 PM",3.66,75.9,91.1,25,2022-05-23T03:03:12.000Z
"5/22/2022, 10:06:12 PM",3.66,75.9,91.2,24,2022-05-23T03:06:12.000Z
"5/22/2022, 10:09:12 PM",3.661,75.9,91.2,24,2022-05-23T03:09:12.000Z
"5/22/2022, 10:12:12 PM",3.661,75.7,91.2,24,2022-05-23T03:12:12.000Z
"5/22/2022, 10:15:12 PM",3.661,75.7,91.2,24,2022-05-23T03:15:12.000Z
"5/22/2022, 10:18:12 PM",3.66,75.7,91.2,24,2022-05-23T03:18:12.000Z
"5/22/2022, 10:21:12 PM",3.661,75.7,91.3,25,2022-05-23T03:21:12.000Z
"5/22/2022, 10:24:12 PM",3.661,75.7,91.3,24,2022-05-23T03:24:12.000Z
"5/22/2022, 10:27:12 PM",3.661,75.6,91.3,25,2022-05-23T03:27:12.000Z
"5/22/2022, 10:30:12 PM",3.66,75.6,91.3,26,2022-05-23T03:30:12.000Z
"5/22/2022, 10:33:12 PM",3.66,75.4,91.3,25,2022-05-23T03:33:12.000Z
"5/22/2022, 10:36:12 PM",3.66,75.4,91.3,24,2022-05-23T03:36:12.000Z
"5/22/2022, 10:39:12 PM",3.661,75.2,91.3,25,2022-05-23T03:39:12.000Z
"5/22/2022, 10:42:12 PM",3.661,75.2,91.3,24,2022-05-23T03:42:12.000Z
"5/22/2022, 10:45:12 PM",3.66,75.2,91.3,24,2022-05-23T03:45:12.000Z
"5/22/2022, 10:48:12 PM",3.661,75,91.4,26,2022-05-23T03:48:12.000Z
"5/22/2022, 10:51:12 PM",3.661,75,91.4,24,2022-05-23T03:51:12.000Z
"5/22/2022, 10:54:12 PM",3.661,75,91.4,26,2022-05-23T03:54:12.000Z
"5/22/2022, 10:57:12 PM",3.661,74.8,91.4,26,2022-05-23T03:57:12.000Z
"5/22/2022, 11:00:12 PM",3.66,74.8,91.4,26,2022-05-23T04:00:12.000Z
"5/22/2022, 11:03:12 PM",3.66,74.8,91.4,26,2022-05-23T04:03:12.000Z
"5/22/2022, 11:06:12 PM",3.66,74.7,91.4,25,2022-05-23T04:06:12.000Z
"5/22/2022, 11:09:12 PM",3.66,74.5,91.4,25,2022-05-23T04:09:12.000Z
"5/22/2022, 11:12:12 PM",3.66,74.5,91.4,25,2022-05-23T04:12:12.000Z
"5/22/2022, 11:15:12 PM",3.66,74.3,91.5,24,2022-05-23T04:15:12.000Z
"5/22/2022, 11:18:12 PM",3.661,74.3,91.4,25,2022-05-23T04:18:12.000Z
"5/22/2022, 11:21:12 PM",3.661,74.1,91.5,25,2022-05-23T04:21:12.000Z
"5/22/2022, 11:24:12 PM",3.66,73.9,91.5,25,2022-05-23T04:24:12.000Z
"5/22/2022, 11:27:12 PM",3.66,73.9,91.5,24,2022-05-23T04:27:12.000Z
"5/22/2022, 11:30:12 PM",3.66,73.9,91.5,24,2022-05-23T04:30:12.000Z
"5/22/2022, 11:33:12 PM",3.66,73.8,91.5,24,2022-05-23T04:33:12.000Z
"5/22/2022, 11:36:12 PM",3.66,73.8,91.5,24,2022-05-23T04:36:12.000Z
"5/22/2022, 11:39:12 PM",3.661,73.6,91.5,23,2022-05-23T04:39:12.000Z
"5/22/2022, 11:42:12 PM",3.661,73.4,91.5,23,2022-05-23T04:42:12.000Z
"5/22/2022, 11:45:12 PM",3.661,73.4,91.5,22,2022-05-23T04:45:12.000Z
"5/22/2022, 11:48:12 PM",3.66,73.4,91.5,22,2022-05-23T04:48:12.000Z
"5/22/2022, 11:51:12 PM",3.66,73.2,91.5,22,2022-05-23T04:51:12.000Z
"5/22/2022, 11:54:12 PM",3.661,73.2,91.5,22,2022-05-23T04:54:12.000Z
"5/22/2022, 11:57:12 PM",3.661,73.2,91.5,21,2022-05-23T04:57:12.000Z
"5/23/2022, 12:00:12 AM",3.66,73,91.5,23,2022-05-23T05:00:12.000Z
"5/23/2022, 12:03:12 AM",3.66,73,91.6,21,2022-05-23T05:03:12.000Z
"5/23/2022, 12:06:12 AM",3.661,73,91.5,22,2022-05-23T05:06:12.000Z
"5/23/2022, 12:09:12 AM",3.66,73,91.5,22,2022-05-23T05:09:12.000Z
"5/23/2022, 12:12:12 AM",3.66,72.9,91.5,23,2022-05-23T05:12:12.000Z
"5/23/2022, 12:15:12 AM",3.66,72.9,91.6,22,2022-05-23T05:15:12.000Z
"5/23/2022, 12:18:12 AM",3.66,72.9,91.6,22,2022-05-23T05:18:12.000Z
"5/23/2022, 12:21:12 AM",3.66,72.9,91.6,23,2022-05-23T05:21:12.000Z
"5/23/2022, 12:24:12 AM",3.66,72.9,91.6,23,2022-05-23T05:24:12.000Z
"5/23/2022, 12:27:12 AM",3.66,73,91.6,23,2022-05-23T05:27:12.000Z
"5/23/2022, 12:30:12 AM",3.66,73,91.6,24,2022-05-23T05:30:12.000Z
"5/23/2022, 12:33:12 AM",3.66,73,91.6,23,2022-05-23T05:33:12.000Z
"5/23/2022, 12:36:12 AM",3.66,73,91.6,23,2022-05-23T05:36:12.000Z
"5/23/2022, 12:39:12 AM",3.66,73,91.6,23,2022-05-23T05:39:12.000Z
"5/23/2022, 12:42:12 AM",3.66,73,91.7,24,2022-05-23T05:42:12.000Z
"5/23/2022, 12:45:12 AM",3.66,73,91.7,24,2022-05-23T05:45:12.000Z
"5/23/2022, 12:48:12 AM",3.66,73,91.7,24,2022-05-23T05:48:12.000Z
"5/23/2022, 12:51:12 AM",3.66,73,91.7,23,2022-05-23T05:51:12.000Z
"5/23/2022, 12:54:12 AM",3.66,73,91.7,24,2022-05-23T05:54:12.000Z
"5/23/2022, 12:57:12 AM",3.66,73.2,91.7,24,2022-05-23T05:57:12.000Z
"5/23/2022, 1:00:12 AM",3.66,73.2,91.7,24,2022-05-23T06:00:12.000Z
"5/23/2022, 1:03:12 AM",3.66,73.2,91.7,23,2022-05-23T06:03:12.000Z
"5/23/2022, 1:06:12 AM",3.66,73.2,91.8,24,2022-05-23T06:06:12.000Z
"5/23/2022, 1:09:12 AM",3.66,73.2,91.8,25,2022-05-23T06:09:12.000Z
"5/23/2022, 1:12:12 AM",3.66,73.2,91.8,24,2022-05-23T06:12:12.000Z
"5/23/2022, 1:15:12 AM",3.66,73.2,91.8,23,2022-05-23T06:15:12.000Z
"5/23/2022, 1:18:12 AM",3.66,73,91.8,24,2022-05-23T06:18:12.000Z
"5/23/2022, 1:21:12 AM",3.66,73,91.8,25,2022-05-23T06:21:12.000Z
"5/23/2022, 1:24:12 AM",3.66,73,91.8,24,2022-05-23T06:24:12.000Z
"5/23/2022, 1:27:12 AM",3.66,73,91.8,24,2022-05-23T06:27:12.000Z
"5/23/2022, 1:30:12 AM",3.66,72.9,91.8,24,2022-05-23T06:30:12.000Z
"5/23/2022, 1:33:12 AM",3.66,72.9,91.9,25,2022-05-23T06:33:12.000Z
"5/23/2022, 1:36:12 AM",3.66,72.9,91.9,25,2022-05-23T06:36:12.000Z
"5/23/2022, 1:39:12 AM",3.66,72.9,91.8,23,2022-05-23T06:39:12.000Z
"5/23/2022, 1:42:12 AM",3.66,72.7,91.8,23,2022-05-23T06:42:12.000Z
"5/23/2022, 1:45:12 AM",3.66,72.7,91.9,22,2022-05-23T06:45:12.000Z
"5/23/2022, 1:48:12 AM",3.66,72.5,91.9,21,2022-05-23T06:48:12.000Z
"5/23/2022, 1:51:12 AM",3.66,72.5,91.9,21,2022-05-23T06:51:12.000Z
"5/23/2022, 1:54:12 AM",3.66,72.5,91.9,22,2022-05-23T06:54:12.000Z
"5/23/2022, 1:57:12 AM",3.66,72.3,91.9,21,2022-05-23T06:57:12.000Z
"5/23/2022, 2:00:12 AM",3.66,72.3,91.9,20,2022-05-23T07:00:12.000Z
"5/23/2022, 2:03:12 AM",3.66,72.3,91.9,20,2022-05-23T07:03:12.000Z
"5/23/2022, 2:06:12 AM",3.66,72.1,92,20,2022-05-23T07:06:12.000Z
"5/23/2022, 2:09:12 AM",3.66,72.1,91.9,20,2022-05-23T07:09:12.000Z
"5/23/2022, 2:12:12 AM",3.66,72,91.9,20,2022-05-23T07:12:12.000Z
"5/23/2022, 2:15:12 AM",3.66,72,91.9,20,2022-05-23T07:15:12.000Z
"5/23/2022, 2:18:12 AM",3.66,72,92,20,2022-05-23T07:18:12.000Z
"5/23/2022, 2:21:12 AM",3.66,71.8,92,19,2022-05-23T07:21:12.000Z
"5/23/2022, 2:24:12 AM",3.66,71.8,92,20,2022-05-23T07:24:12.000Z
"5/23/2022, 2:27:12 AM",3.66,71.8,92,20,2022-05-23T07:27:12.000Z
"5/23/2022, 2:30:12 AM",3.66,71.8,92,20,2022-05-23T07:30:12.000Z
"5/23/2022, 2:33:12 AM",3.659,71.6,92,19,2022-05-23T07:33:12.000Z
"5/23/2022, 2:36:12 AM",3.66,71.6,92,19,2022-05-23T07:36:12.000Z
"5/23/2022, 2:39:12 AM",3.66,71.6,92.1,19,2022-05-23T07:39:12.000Z
"5/23/2022, 2:42:12 AM",3.66,71.4,92,19,2022-05-23T07:42:12.000Z
"5/23/2022, 2:45:12 AM",3.66,71.4,92.1,19,2022-05-23T07:45:12.000Z
"5/23/2022, 2:48:12 AM",3.66,71.4,92.1,20,2022-05-23T07:48:12.000Z
"5/23/2022, 2:51:12 AM",3.66,71.2,92.1,20,2022-05-23T07:51:12.000Z
"5/23/2022, 2:54:12 AM",3.66,71.2,92.1,19,2022-05-23T07:54:12.000Z
"5/23/2022, 2:57:12 AM",3.66,71.2,92.1,20,2022-05-23T07:57:12.000Z
"5/23/2022, 3:00:12 AM",3.66,71.2,92.1,20,2022-05-23T08:00:12.000Z
"5/23/2022, 3:03:12 AM",3.66,71.2,92.1,19,2022-05-23T08:03:12.000Z
"5/23/2022, 3:06:12 AM",3.66,71.2,92.2,19,2022-05-23T08:06:12.000Z
"5/23/2022, 3:09:12 AM",3.66,71.2,92.2,20,2022-05-23T08:09:12.000Z
"5/23/2022, 3:12:12 AM",3.66,71.2,92.1,20,2022-05-23T08:12:12.000Z
"5/23/2022, 3:15:12 AM",3.66,71.1,92.1,20,2022-05-23T08:15:12.000Z
"5/23/2022, 3:18:12 AM",3.66,71.1,92.2,20,2022-05-23T08:18:12.000Z
"5/23/2022, 3:21:12 AM",3.66,71.1,92.2,20,2022-05-23T08:21:12.000Z
"5/23/2022, 3:24:12 AM",3.66,70.9,92.2,20,2022-05-23T08:24:12.000Z
"5/23/2022, 3:27:12 AM",3.66,70.9,92.2,20,2022-05-23T08:27:12.000Z
"5/23/2022, 3:30:12 AM",3.66,70.9,92.2,20,2022-05-23T08:30:12.000Z
"5/23/2022, 3:33:12 AM",3.66,70.9,92.2,20,2022-05-23T08:33:12.000Z
"5/23/2022, 3:36:12 AM",3.66,70.9,92.2,20,2022-05-23T08:36:12.000Z
"5/23/2022, 3:39:12 AM",3.66,70.9,92.2,20,2022-05-23T08:39:12.000Z
"5/23/2022, 3:42:12 AM",3.66,70.9,92.2,20,2022-05-23T08:42:12.000Z
"5/23/2022, 3:45:12 AM",3.66,70.9,92.3,20,2022-05-23T08:45:12.000Z
"5/23/2022, 3:48:12 AM",3.66,70.7,92.3,20,2022-05-23T08:48:12.000Z
"5/23/2022, 3:51:12 AM",3.659,70.7,92.3,20,2022-05-23T08:51:12.000Z
"5/23/2022, 3:54:12 AM",3.66,70.7,92.3,21,2022-05-23T08:54:12.000Z
"5/23/2022, 3:57:12 AM",3.66,70.7,92.3,20,2022-05-23T08:57:12.000Z
"5/23/2022, 4:00:12 AM",3.66,70.7,92.3,20,2022-05-23T09:00:12.000Z
"5/23/2022, 4:03:12 AM",3.66,70.7,92.3,21,2022-05-23T09:03:12.000Z
"5/23/2022, 4:06:12 AM",3.659,70.7,92.3,20,2022-05-23T09:06:12.000Z
"5/23/2022, 4:09:12 AM",3.66,70.7,92.4,20,2022-05-23T09:09:12.000Z
"5/23/2022, 4:12:12 AM",3.66,70.7,92.4,20,2022-05-23T09:12:12.000Z
"5/23/2022, 4:15:12 AM",3.66,70.7,92.4,20,2022-05-23T09:15:12.000Z
"5/23/2022, 4:18:12 AM",3.66,70.7,92.4,21,2022-05-23T09:18:12.000Z
"5/23/2022, 4:21:12 AM",3.66,70.7,92.4,20,2022-05-23T09:21:12.000Z
"5/23/2022, 4:24:12 AM",3.66,70.7,92.4,19,2022-05-23T09:24:12.000Z
"5/23/2022, 4:27:12 AM",3.66,70.7,92.4,21,2022-05-23T09:27:12.000Z
"5/23/2022, 4:30:12 AM",3.66,70.7,92.4,19,2022-05-23T09:30:12.000Z
"5/23/2022, 4:33:12 AM",3.66,70.7,92.4,20,2022-05-23T09:33:12.000Z
"5/23/2022, 4:36:12 AM",3.66,70.7,92.4,20,2022-05-23T09:36:12.000Z
"5/23/2022, 4:39:12 AM",3.66,70.7,92.4,20,2022-05-23T09:39:12.000Z
"5/23/2022, 4:42:12 AM",3.66,70.7,92.4,20,2022-05-23T09:42:12.000Z
"5/23/2022, 4:45:12 AM",3.66,70.7,92.4,20,2022-05-23T09:45:12.000Z
"5/23/2022, 4:48:12 AM",3.659,70.7,92.5,20,2022-05-23T09:48:12.000Z
"5/23/2022, 4:51:12 AM",3.659,70.7,92.5,20,2022-05-23T09:51:12.000Z
"5/23/2022, 4:54:12 AM",3.659,70.7,92.5,20,2022-05-23T09:54:12.000Z
"5/23/2022, 4:57:12 AM",3.659,70.7,92.5,21,2022-05-23T09:57:12.000Z
"5/23/2022, 5:00:12 AM",3.659,70.7,92.5,20,2022-05-23T10:00:12.000Z
"5/23/2022, 5:03:12 AM",3.66,70.7,92.5,20,2022-05-23T10:03:12.000Z
"5/23/2022, 5:06:12 AM",3.66,70.7,92.5,20,2022-05-23T10:06:12.000Z
"5/23/2022, 5:09:12 AM",3.66,70.7,92.5,20,2022-05-23T10:09:12.000Z
"5/23/2022, 5:12:12 AM",3.659,70.7,92.5,21,2022-05-23T10:12:12.000Z
"5/23/2022, 5:15:12 AM",3.659,70.7,92.5,20,2022-05-23T10:15:12.000Z
"5/23/2022, 5:18:12 AM",3.659,70.7,92.6,20,2022-05-23T10:18:12.000Z
"5/23/2022, 5:21:12 AM",3.66,70.7,92.6,20,2022-05-23T10:21:12.000Z
"5/23/2022, 5:24:12 AM",3.659,70.7,92.6,20,2022-05-23T10:24:12.000Z
"5/23/2022, 5:27:12 AM",3.659,70.7,92.6,21,2022-05-23T10:27:12.000Z
"5/23/2022, 5:30:12 AM",3.659,70.7,92.6,20,2022-05-23T10:30:12.000Z
"5/23/2022, 5:33:12 AM",3.659,70.7,92.6,21,2022-05-23T10:33:12.000Z
"5/23/2022, 5:36:12 AM",3.659,70.7,92.6,20,2022-05-23T10:36:12.000Z
"5/23/2022, 5:39:12 AM",3.659,70.7,92.6,20,2022-05-23T10:39:12.000Z
"5/23/2022, 5:42:12 AM",3.659,70.7,92.7,20,2022-05-23T10:42:12.000Z
"5/23/2022, 5:45:12 AM",3.659,70.7,92.7,19,2022-05-23T10:45:12.000Z
"5/23/2022, 5:48:12 AM",3.659,70.7,92.7,20,2022-05-23T10:48:12.000Z
"5/23/2022, 5:51:12 AM",3.66,70.7,92.7,20,2022-05-23T10:51:12.000Z
"5/23/2022, 5:54:12 AM",3.66,70.7,92.7,20,2022-05-23T10:54:12.000Z
"5/23/2022, 5:57:12 AM",3.659,70.7,92.7,20,2022-05-23T10:57:12.000Z
"5/23/2022, 6:00:12 AM",3.659,70.7,92.7,20,2022-05-23T11:00:12.000Z
"5/23/2022, 6:03:12 AM",3.659,70.7,92.7,20,2022-05-23T11:03:12.000Z
"5/23/2022, 6:06:12 AM",3.659,70.7,92.7,20,2022-05-23T11:06:12.000Z
"5/23/2022, 6:09:12 AM",3.659,70.7,92.8,20,2022-05-23T11:09:12.000Z
"5/23/2022, 6:12:12 AM",3.659,70.7,92.8,19,2022-05-23T11:12:12.000Z
"5/23/2022, 6:15:12 AM",3.659,70.7,92.8,20,2022-05-23T11:15:12.000Z
"5/23/2022, 6:18:12 AM",3.659,70.7,92.8,20,2022-05-23T11:18:12.000Z
"5/23/2022, 6:21:12 AM",3.659,70.7,92.8,20,2022-05-23T11:21:12.000Z
"5/23/2022, 6:24:12 AM",3.659,70.7,92.8,20,2022-05-23T11:24:12.000Z
"5/23/2022, 6:27:12 AM",3.659,70.7,92.8,20,2022-05-23T11:27:12.000Z
"5/23/2022, 6:30:12 AM",3.66,70.7,92.8,20,2022-05-23T11:30:12.000Z
"5/23/2022, 6:33:12 AM",3.659,70.7,92.8,20,2022-05-23T11:33:12.000Z
"5/23/2022, 6:36:12 AM",3.659,70.7,92.8,19,2022-05-23T11:36:12.000Z
"5/23/2022, 6:39:12 AM",3.659,70.7,92.9,20,2022-05-23T11:39:12.000Z
"5/23/2022, 6:42:12 AM",3.659,70.9,92.9,21,2022-05-23T11:42:12.000Z
"5/23/2022, 6:45:12 AM",3.66,70.9,92.9,20,2022-05-23T11:45:12.000Z
"5/23/2022, 6:48:12 AM",3.659,70.9,92.9,20,2022-05-23T11:48:12.000Z
"5/23/2022, 6:51:12 AM",3.659,70.9,92.9,20,2022-05-23T11:51:12.000Z
"5/23/2022, 6:54:12 AM",3.659,70.9,92.9,20,2022-05-23T11:54:12.000Z
"5/23/2022, 6:57:12 AM",3.659,70.9,92.9,20,2022-05-23T11:57:12.000Z
"5/23/2022, 7:00:12 AM",3.659,70.9,93,20,2022-05-23T12:00:12.000Z
"5/23/2022, 7:03:12 AM",3.659,71.1,93,20,2022-05-23T12:03:12.000Z
"5/23/2022, 7:06:12 AM",3.659,71.1,93,20,2022-05-23T12:06:12.000Z
"5/23/2022, 7:09:12 AM",3.659,70.9,93,20,2022-05-23T12:09:12.000Z
"5/23/2022, 7:12:12 AM",3.659,70.9,93,20,2022-05-23T12:12:12.000Z
"5/23/2022, 7:15:12 AM",3.659,70.9,93,20,2022-05-23T12:15:12.000Z
"5/23/2022, 7:18:12 AM",3.659,71.1,93,21,2022-05-23T12:18:12.000Z
"5/23/2022, 7:21:12 AM",3.659,71.1,93,21,2022-05-23T12:21:12.000Z
"5/23/2022, 7:24:12 AM",3.659,71.1,93,21,2022-05-23T12:24:12.000Z
"5/23/2022, 7:27:12 AM",3.659,71.2,93,20,2022-05-23T12:27:12.000Z
"5/23/2022, 7:30:12 AM",3.659,71.2,93,19,2022-05-23T12:30:12.000Z
"5/23/2022, 7:33:12 AM",3.659,71.2,93.1,20,2022-05-23T12:33:12.000Z
"5/23/2022, 7:36:12 AM",3.659,71.2,93.1,21,2022-05-23T12:36:12.000Z
"5/23/2022, 7:39:12 AM",3.659,71.2,93.1,20,2022-05-23T12:39:12.000Z
"5/23/2022, 7:42:12 AM",3.659,71.4,93.1,21,2022-05-23T12:42:12.000Z
"5/23/2022, 7:45:12 AM",3.659,71.4,93.1,21,2022-05-23T12:45:12.000Z
"5/23/2022, 7:48:12 AM",3.659,71.4,93.1,21,2022-05-23T12:48:12.000Z
"5/23/2022, 7:51:12 AM",3.659,71.4,93.1,19,2022-05-23T12:51:12.000Z
"5/23/2022, 7:54:12 AM",3.659,71.4,93.1,19,2022-05-23T12:54:12.000Z
"5/23/2022, 7:57:12 AM",3.659,71.2,93.2,20,2022-05-23T12:57:12.000Z
"5/23/2022, 8:00:12 AM",3.659,71.2,93.2,20,2022-05-23T13:00:12.000Z
"5/23/2022, 8:03:12 AM",3.659,71.2,93.2,21,2022-05-23T13:03:12.000Z
"5/23/2022, 8:06:12 AM",3.659,71.2,93.2,21,2022-05-23T13:06:12.000Z
"5/23/2022, 8:09:12 AM",3.659,71.4,93.2,22,2022-05-23T13:09:12.000Z
"5/23/2022, 8:12:12 AM",3.659,71.4,93.3,21,2022-05-23T13:12:12.000Z
"5/23/2022, 8:15:12 AM",3.659,71.4,93.3,22,2022-05-23T13:15:12.000Z
"5/23/2022, 8:18:12 AM",3.659,71.4,93.3,22,2022-05-23T13:18:12.000Z
"5/23/2022, 8:21:12 AM",3.659,71.4,93.3,22,2022-05-23T13:21:12.000Z
"5/23/2022, 8:24:12 AM",3.659,71.4,93.3,22,2022-05-23T13:24:12.000Z
"5/23/2022, 8:27:12 AM",3.659,71.6,93.4,21,2022-05-23T13:27:12.000Z
"5/23/2022, 8:30:12 AM",3.658,71.6,93.4,23,2022-05-23T13:30:12.000Z
"5/23/2022, 8:33:12 AM",3.659,71.8,93.4,24,2022-05-23T13:33:12.000Z
"5/23/2022, 8:36:12 AM",3.658,72,93.4,23,2022-05-23T13:36:12.000Z
"5/23/2022, 8:39:12 AM",3.659,72.1,93.4,24,2022-05-23T13:39:12.000Z
"5/23/2022, 8:42:12 AM",3.659,72.3,93.4,23,2022-05-23T13:42:12.000Z
"5/23/2022, 8:45:12 AM",3.658,72.5,93.4,21,2022-05-23T13:45:12.000Z
"5/23/2022, 8:48:12 AM",3.659,72.5,93.4,22,2022-05-23T13:48:12.000Z
"5/23/2022, 8:51:12 AM",3.658,72.5,93.4,21,2022-05-23T13:51:12.000Z
"5/23/2022, 8:54:12 AM",3.658,72.5,93.4,22,2022-05-23T13:54:12.000Z
"5/23/2022, 8:57:12 AM",3.659,72.7,93.4,23,2022-05-23T13:57:12.000Z
"5/23/2022, 9:00:12 AM",3.659,72.9,93.5,23,2022-05-23T14:00:12.000Z
"5/23/2022, 9:03:12 AM",3.658,72.9,93.4,25,2022-05-23T14:03:12.000Z
"5/23/2022, 9:06:12 AM",3.659,73,93.5,22,2022-05-23T14:06:12.000Z
"5/23/2022, 9:09:12 AM",3.659,73.2,93.4,23,2022-05-23T14:09:12.000Z
"5/23/2022, 9:12:12 AM",3.659,73.2,93.4,23,2022-05-23T14:12:12.000Z
"5/23/2022, 9:15:12 AM",3.658,73.4,93.5,22,2022-05-23T14:15:12.000Z
"5/23/2022, 9:18:12 AM",3.658,73.6,93.5,22,2022-05-23T14:18:12.000Z
"5/23/2022, 9:21:12 AM",3.658,73.8,93.5,24,2022-05-23T14:21:12.000Z
"5/23/2022, 9:24:12 AM",3.658,73.9,93.5,23,2022-05-23T14:24:12.000Z
"5/23/2022, 9:27:12 AM",3.658,73.9,93.5,22,2022-05-23T14:27:12.000Z
"5/23/2022, 9:30:12 AM",3.658,73.9,93.5,23,2022-05-23T14:30:12.000Z
"5/23/2022, 9:33:12 AM",3.658,74.1,93.5,23,2022-05-23T14:33:12.000Z
"5/23/2022, 9:36:12 AM",3.658,74.1,93.5,23,2022-05-23T14:36:12.000Z
"5/23/2022, 9:39:12 AM",3.658,74.1,93.5,22,2022-05-23T14:39:12.000Z
"5/23/2022, 9:42:12 AM",3.658,74.3,93.5,23,2022-05-23T14:42:12.000Z
"5/23/2022, 9:45:12 AM",3.658,74.3,93.6,24,2022-05-23T14:45:12.000Z
"5/23/2022, 9:48:12 AM",3.658,74.5,93.6,22,2022-05-23T14:48:12.000Z
"5/23/2022, 9:51:12 AM",3.658,74.5,93.6,23,2022-05-23T14:51:12.000Z
"5/23/2022, 9:54:12 AM",3.658,74.5,93.6,22,2022-05-23T14:54:12.000Z
"5/23/2022, 9:57:12 AM",3.658,74.7,93.6,23,2022-05-23T14:57:12.000Z
"5/23/2022, 10:00:12 AM",3.658,74.7,93.6,23,2022-05-23T15:00:12.000Z
"5/23/2022, 10:03:12 AM",3.658,74.8,93.6,24,2022-05-23T15:03:12.000Z
"5/23/2022, 10:06:12 AM",3.658,75,93.6,24,2022-05-23T15:06:12.000Z
"5/23/2022, 10:09:12 AM",3.658,75.2,93.6,23,2022-05-23T15:09:12.000Z
"5/23/2022, 10:12:12 AM",3.658,75.2,93.6,22,2022-05-23T15:12:12.000Z
"5/23/2022, 10:15:12 AM",3.658,75.2,93.6,22,2022-05-23T15:15:12.000Z
"5/23/2022, 10:18:12 AM",3.658,75.2,93.7,22,2022-05-23T15:18:12.000Z
"5/23/2022, 10:21:12 AM",3.659,75.4,93.7,24,2022-05-23T15:21:12.000Z
"5/23/2022, 10:24:12 AM",3.658,75.6,93.7,25,2022-05-23T15:24:12.000Z
"5/23/2022, 10:27:12 AM",3.658,75.7,93.7,24,2022-05-23T15:27:12.000Z
"5/23/2022, 10:30:12 AM",3.658,75.9,93.7,23,2022-05-23T15:30:12.000Z
"5/23/2022, 10:33:12 AM",3.658,76.1,93.7,22,2022-05-23T15:33:12.000Z
"5/23/2022, 10:36:12 AM",3.658,76.1,93.7,24,2022-05-23T15:36:12.000Z
"5/23/2022, 10:39:12 AM",3.658,76.1,93.7,22,2022-05-23T15:39:12.000Z
"5/23/2022, 10:42:12 AM",3.658,76.1,93.7,23,2022-05-23T15:42:12.000Z
"5/23/2022, 10:45:12 AM",3.658,75.9,93.7,22,2022-05-23T15:45:12.000Z
"5/23/2022, 10:48:12 AM",3.658,75.9,93.8,23,2022-05-23T15:48:12.000Z
"5/23/2022, 10:51:12 AM",3.658,75.9,93.8,23,2022-05-23T15:51:12.000Z
"5/23/2022, 10:54:12 AM",3.658,76.1,93.8,22,2022-05-23T15:54:12.000Z
"5/23/2022, 10:57:12 AM",3.658,76.1,93.8,22,2022-05-23T15:57:12.000Z
"5/23/2022, 11:00:12 AM",3.658,76.3,93.8,22,2022-05-23T16:00:12.000Z
"5/23/2022, 11:03:12 AM",3.658,76.3,93.8,22,2022-05-23T16:03:12.000Z
"5/23/2022, 11:06:12 AM",3.658,76.3,93.8,22,2022-05-23T16:06:12.000Z
"5/23/2022, 11:09:12 AM",3.658,76.5,93.8,22,2022-05-23T16:09:12.000Z
"5/23/2022, 11:12:12 AM",3.658,76.5,93.9,23,2022-05-23T16:12:12.000Z
"5/23/2022, 11:15:12 AM",3.658,76.6,93.9,22,2022-05-23T16:15:12.000Z
"5/23/2022, 11:18:12 AM",3.658,76.8,93.9,24,2022-05-23T16:18:12.000Z
"5/23/2022, 11:21:12 AM",3.658,77,93.9,22,2022-05-23T16:21:12.000Z
"5/23/2022, 11:24:12 AM",3.658,77.2,93.9,22,2022-05-23T16:24:12.000Z
"5/23/2022, 11:27:12 AM",3.658,77.2,93.9,23,2022-05-23T16:27:12.000Z
"5/23/2022, 11:30:12 AM",3.658,77.4,93.9,24,2022-05-23T16:30:12.000Z
"5/23/2022, 11:33:12 AM",3.658,77.5,93.9,24,2022-05-23T16:33:12.000Z
"5/23/2022, 11:36:12 AM",3.658,77.7,94,25,2022-05-23T16:36:12.000Z
"5/23/2022, 11:39:12 AM",3.658,77.9,93.9,24,2022-05-23T16:39:12.000Z
"5/23/2022, 11:42:12 AM",3.658,78.1,93.9,24,2022-05-23T16:42:12.000Z
"5/23/2022, 11:45:12 AM",3.658,78.3,93.9,23,2022-05-23T16:45:12.000Z
"5/23/2022, 11:48:12 AM",3.658,78.3,93.9,24,2022-05-23T16:48:12.000Z
"5/23/2022, 11:51:12 AM",3.658,78.4,94,23,2022-05-23T16:51:12.000Z
"5/23/2022, 11:54:12 AM",3.658,78.6,94,26,2022-05-23T16:54:12.000Z
"5/23/2022, 11:57:12 AM",3.658,79,94,23,2022-05-23T16:57:12.000Z
"5/23/2022, 12:00:12 PM",3.658,79,93.9,25,2022-05-23T17:00:12.000Z
"5/23/2022, 12:03:12 PM",3.658,79.2,94,28,2022-05-23T17:03:12.000Z
"5/23/2022, 12:06:12 PM",3.658,79.3,93.9,25,2022-05-23T17:06:12.000Z
"5/23/2022, 12:09:12 PM",3.658,79.3,94,26,2022-05-23T17:09:12.000Z
"5/23/2022, 12:12:12 PM",3.658,79.5,94,29,2022-05-23T17:12:12.000Z
"5/23/2022, 12:15:12 PM",3.658,79.7,94,28,2022-05-23T17:15:12.000Z
"5/23/2022, 12:18:12 PM",3.657,79.9,94,30,2022-05-23T17:18:12.000Z
"5/23/2022, 12:21:12 PM",3.657,80.1,94,27,2022-05-23T17:21:12.000Z
"5/23/2022, 12:24:12 PM",3.657,80.2,94,29,2022-05-23T17:24:12.000Z
"5/23/2022, 12:27:12 PM",3.658,80.4,94,30,2022-05-23T17:27:12.000Z
"5/23/2022, 12:30:12 PM",3.657,80.6,94,30,2022-05-23T17:30:12.000Z
"5/23/2022, 12:33:12 PM",3.657,80.8,94.1,31,2022-05-23T17:33:12.000Z
"5/23/2022, 12:36:12 PM",3.657,81.1,94,31,2022-05-23T17:36:12.000Z
"5/23/2022, 12:39:12 PM",3.657,81.3,94,32,2022-05-23T17:39:12.000Z
"5/23/2022, 12:42:12 PM",3.657,81.5,94,31,2022-05-23T17:42:12.000Z
"5/23/2022, 12:45:12 PM",3.657,81.7,94,32,2022-05-23T17:45:12.000Z
"5/23/2022, 12:48:12 PM",3.657,81.9,94,32,2022-05-23T17:48:12.000Z
"5/23/2022, 12:51:12 PM",3.657,82,94,33,2022-05-23T17:51:12.000Z
"5/23/2022, 12:54:12 PM",3.657,82.2,94,34,2022-05-23T17:54:12.000Z
"5/23/2022, 12:57:12 PM",3.657,82.6,94,33,2022-05-23T17:57:12.000Z
"5/23/2022, 1:00:12 PM",3.657,82.6,94,29,2022-05-23T18:00:12.000Z
"5/23/2022, 1:03:12 PM",3.657,82.8,94,29,2022-05-23T18:03:12.000Z
"5/23/2022, 1:06:12 PM",3.657,82.8,94,30,2022-05-23T18:06:12.000Z
"5/23/2022, 1:09:12 PM",3.657,82.8,94.1,31,2022-05-23T18:09:12.000Z
"5/23/2022, 1:12:12 PM",3.657,82.9,94.1,31,2022-05-23T18:12:12.000Z
"5/23/2022, 1:15:12 PM",3.657,82.9,94,32,2022-05-23T18:15:12.000Z
"5/23/2022, 1:18:12 PM",3.657,82.9,94.1,33,2022-05-23T18:18:12.000Z
"5/23/2022, 1:21:12 PM",3.657,83.1,94.1,31,2022-05-23T18:21:12.000Z
"5/23/2022, 1:24:12 PM",3.657,83.1,94,30,2022-05-23T18:24:12.000Z
"5/23/2022, 1:27:12 PM",3.657,83.1,94.1,33,2022-05-23T18:27:12.000Z
"5/23/2022, 1:30:12 PM",3.657,83.1,94.1,30,2022-05-23T18:30:12.000Z
"5/23/2022, 1:33:12 PM",3.657,83.1,94.1,31,2022-05-23T18:33:12.000Z
"5/23/2022, 1:36:12 PM",3.657,83.1,94.1,31,2022-05-23T18:36:12.000Z
"5/23/2022, 1:39:12 PM",3.657,83.1,94.1,33,2022-05-23T18:39:12.000Z
"5/23/2022, 1:42:12 PM",3.657,83.3,94.1,34,2022-05-23T18:42:12.000Z
"5/23/2022, 1:45:12 PM",3.657,83.5,94.1,32,2022-05-23T18:45:12.000Z
"5/23/2022, 1:48:12 PM",3.657,83.5,94.1,32,2022-05-23T18:48:12.000Z
"5/23/2022, 1:51:12 PM",3.657,83.7,94.1,32,2022-05-23T18:51:12.000Z
"5/23/2022, 1:54:12 PM",3.657,83.8,94.1,31,2022-05-23T18:54:12.000Z
"5/23/2022, 1:57:12 PM",3.657,83.8,94.1,33,2022-05-23T18:57:12.000Z
"5/23/2022, 2:00:12 PM",3.658,83.8,94.1,34,2022-05-23T19:00:12.000Z
"5/23/2022, 2:03:12 PM",3.657,83.8,94.1,33,2022-05-23T19:03:12.000Z
"5/23/2022, 2:06:12 PM",3.657,83.8,94.1,34,2022-05-23T19:06:12.000Z
"5/23/2022, 2:09:12 PM",3.657,83.8,94.1,31,2022-05-23T19:09:12.000Z
"5/23/2022, 2:12:12 PM",3.657,83.7,94.1,33,2022-05-23T19:12:12.000Z
"5/23/2022, 2:15:12 PM",3.657,83.7,94.2,33,2022-05-23T19:15:12.000Z
"5/23/2022, 2:18:12 PM",3.657,83.7,94.1,31,2022-05-23T19:18:12.000Z
"5/23/2022, 2:21:12 PM",3.657,83.5,94.1,32,2022-05-23T19:21:12.000Z
"5/23/2022, 2:24:12 PM",3.658,83.5,94.1,34,2022-05-23T19:24:12.000Z
"5/23/2022, 2:27:12 PM",3.657,83.5,94.2,33,2022-05-23T19:27:12.000Z
"5/23/2022, 2:30:12 PM",3.657,83.5,94.2,30,2022-05-23T19:30:12.000Z
"5/23/2022, 2:33:12 PM",3.658,83.3,94.2,31,2022-05-23T19:33:12.000Z
"5/23/2022, 2:36:12 PM",3.658,83.3,94.1,30,2022-05-23T19:36:12.000Z
"5/23/2022, 2:39:12 PM",3.658,83.1,94.1,32,2022-05-23T19:39:12.000Z
"5/23/2022, 2:42:12 PM",3.658,83.1,94.1,33,2022-05-23T19:42:12.000Z
"5/23/2022, 2:45:12 PM",3.658,83.1,94.2,33,2022-05-23T19:45:12.000Z
"5/23/2022, 2:48:12 PM",3.658,83.1,94.2,31,2022-05-23T19:48:12.000Z
"5/23/2022, 2:51:12 PM",3.658,83.1,94.2,32,2022-05-23T19:51:12.000Z
"5/23/2022, 2:54:12 PM",3.658,83.1,94.2,29,2022-05-23T19:54:12.000Z
"5/23/2022, 2:57:12 PM",3.658,82.9,94.2,29,2022-05-23T19:57:12.000Z
"5/23/2022, 3:00:12 PM",3.658,82.9,94.2,30,2022-05-23T20:00:12.000Z
"5/23/2022, 3:03:12 PM",3.658,82.9,94.2,31,2022-05-23T20:03:12.000Z
"5/23/2022, 3:06:12 PM",3.658,82.9,94.2,30,2022-05-23T20:06:12.000Z
"5/23/2022, 3:09:12 PM",3.658,82.9,94.2,32,2022-05-23T20:09:12.000Z
"5/23/2022, 3:12:12 PM",3.657,82.9,94.2,32,2022-05-23T20:12:12.000Z
"5/23/2022, 3:15:12 PM",3.658,82.9,94.2,31,2022-05-23T20:15:12.000Z
"5/23/2022, 3:18:12 PM",3.658,82.9,94.2,32,2022-05-23T20:18:12.000Z
"5/23/2022, 3:21:12 PM",3.658,83.1,94.2,33,2022-05-23T20:21:12.000Z
"5/23/2022, 3:24:12 PM",3.658,83.1,94.2,33,2022-05-23T20:24:12.000Z
"5/23/2022, 3:27:12 PM",3.658,83.1,94.2,33,2022-05-23T20:27:12.000Z
"5/23/2022, 3:30:12 PM",3.658,83.3,94.2,33,2022-05-23T20:30:12.000Z
"5/23/2022, 3:33:12 PM",3.658,83.3,94.2,32,2022-05-23T20:33:12.000Z
"5/23/2022, 3:36:12 PM",3.658,83.3,94.2,31,2022-05-23T20:36:12.000Z
"5/23/2022, 3:39:12 PM",3.658,83.3,94.2,32,2022-05-23T20:39:12.000Z
"5/23/2022, 3:42:12 PM",3.658,83.3,94.2,31,2022-05-23T20:42:12.000Z
"5/23/2022, 3:45:12 PM",3.658,83.1,94.2,31,2022-05-23T20:45:12.000Z
"5/23/2022, 3:48:12 PM",3.658,83.1,94.2,31,2022-05-23T20:48:12.000Z
"5/23/2022, 3:51:12 PM",3.658,83.1,94.2,30,2022-05-23T20:51:12.000Z
"5/23/2022, 3:54:12 PM",3.658,82.9,94.2,29,2022-05-23T20:54:12.000Z
"5/23/2022, 3:57:12 PM",3.658,82.9,94.2,29,2022-05-23T20:57:12.000Z
"5/23/2022, 4:00:12 PM",3.658,82.9,94.2,29,2022-05-23T21:00:12.000Z
"5/23/2022, 4:03:12 PM",3.658,82.8,94.3,29,2022-05-23T21:03:12.000Z
"5/23/2022, 4:06:12 PM",3.658,82.8,94.3,29,2022-05-23T21:06:12.000Z
"5/23/2022, 4:09:12 PM",3.658,82.8,94.3,30,2022-05-23T21:09:12.000Z
"5/23/2022, 4:12:12 PM",3.658,82.6,94.2,31,2022-05-23T21:12:12.000Z
"5/23/2022, 4:15:12 PM",3.658,82.8,94.3,31,2022-05-23T21:15:12.000Z
"5/23/2022, 4:18:12 PM",3.658,82.8,94.3,31,2022-05-23T21:18:12.000Z
"5/23/2022, 4:21:12 PM",3.658,82.8,94.3,32,2022-05-23T21:21:12.000Z
"5/23/2022, 4:24:12 PM",3.658,82.8,94.3,31,2022-05-23T21:24:12.000Z
"5/23/2022, 4:27:12 PM",3.658,82.9,94.3,30,2022-05-23T21:27:12.000Z
"5/23/2022, 4:30:12 PM",3.658,82.9,94.3,31,2022-05-23T21:30:12.000Z
"5/23/2022, 4:33:12 PM",3.658,82.9,94.3,32,2022-05-23T21:33:12.000Z
"5/23/2022, 4:36:12 PM",3.658,83.1,94.3,31,2022-05-23T21:36:12.000Z
"5/23/2022, 4:39:12 PM",3.658,83.3,94.3,33,2022-05-23T21:39:12.000Z
"5/23/2022, 4:42:12 PM",3.658,83.5,94.3,31,2022-05-23T21:42:12.000Z
"5/23/2022, 4:45:12 PM",3.658,83.5,94.3,31,2022-05-23T21:45:12.000Z
"5/23/2022, 4:48:12 PM",3.658,83.7,94.3,31,2022-05-23T21:48:12.000Z
"5/23/2022, 4:51:12 PM",3.657,83.7,94.3,30,2022-05-23T21:51:12.000Z
"5/23/2022, 4:54:12 PM",3.658,83.7,94.3,29,2022-05-23T21:54:12.000Z
"5/23/2022, 4:57:12 PM",3.658,83.7,94.3,31,2022-05-23T21:57:12.000Z
"5/23/2022, 5:00:12 PM",3.658,83.7,94.3,30,2022-05-23T22:00:12.000Z
"5/23/2022, 5:03:12 PM",3.658,83.8,94.3,31,2022-05-23T22:03:12.000Z
"5/23/2022, 5:06:12 PM",3.658,83.8,94.3,31,2022-05-23T22:06:12.000Z
"5/23/2022, 5:09:12 PM",3.658,83.8,94.3,31,2022-05-23T22:09:12.000Z
"5/23/2022, 5:12:12 PM",3.658,83.8,94.3,30,2022-05-23T22:12:12.000Z
"5/23/2022, 5:15:12 PM",3.658,83.8,94.3,29,2022-05-23T22:15:12.000Z
"5/23/2022, 5:18:12 PM",3.658,83.8,94.3,29,2022-05-23T22:18:12.000Z
"5/23/2022, 5:21:12 PM",3.658,83.8,94.4,29,2022-05-23T22:21:12.000Z
"5/23/2022, 5:24:12 PM",3.658,83.8,94.4,29,2022-05-23T22:24:12.000Z
"5/23/2022, 5:27:12 PM",3.658,83.8,94.4,28,2022-05-23T22:27:12.000Z
"5/23/2022, 5:30:12 PM",3.658,83.7,94.4,29,2022-05-23T22:30:12.000Z
"5/23/2022, 5:33:12 PM",3.658,83.7,94.4,29,2022-05-23T22:33:12.000Z
"5/23/2022, 5:36:12 PM",3.657,83.7,94.4,28,2022-05-23T22:36:12.000Z
"5/23/2022, 5:39:12 PM",3.658,83.5,94.4,28,2022-05-23T22:39:12.000Z
"5/23/2022, 5:42:12 PM",3.658,83.5,94.4,27,2022-05-23T22:42:12.000Z
"5/23/2022, 5:45:12 PM",3.658,83.3,94.4,26,2022-05-23T22:45:12.000Z
"5/23/2022, 5:48:12 PM",3.658,83.3,94.4,25,2022-05-23T22:48:12.000Z
"5/23/2022, 5:51:12 PM",3.658,83.1,94.4,25,2022-05-23T22:51:12.000Z
"5/23/2022, 5:54:12 PM",3.658,82.9,94.5,26,2022-05-23T22:54:12.000Z
"5/23/2022, 5:57:12 PM",3.658,82.9,94.4,25,2022-05-23T22:57:12.000Z
"5/23/2022, 6:00:12 PM",3.658,82.8,94.4,26,2022-05-23T23:00:12.000Z
"5/23/2022, 6:03:12 PM",3.658,82.6,94.4,26,2022-05-23T23:03:12.000Z
"5/23/2022, 6:06:12 PM",3.658,82.4,94.4,26,2022-05-23T23:06:12.000Z
"5/23/2022, 6:09:12 PM",3.658,82.4,94.4,25,2022-05-23T23:09:12.000Z
"5/23/2022, 6:12:12 PM",3.658,82.2,94.4,26,2022-05-23T23:12:12.000Z
"5/23/2022, 6:15:12 PM",3.658,82.2,94.5,27,2022-05-23T23:15:12.000Z
"5/23/2022, 6:18:12 PM",3.658,82.2,94.5,27,2022-05-23T23:18:12.000Z
"5/23/2022, 6:21:12 PM",3.658,82,94.5,27,2022-05-23T23:21:12.000Z
"5/23/2022, 6:24:12 PM",3.658,82,94.4,27,2022-05-23T23:24:12.000Z
"5/23/2022, 6:27:12 PM",3.659,82,94.5,26,2022-05-23T23:27:12.000Z
"5/23/2022, 6:30:12 PM",3.659,81.9,94.5,27,2022-05-23T23:30:12.000Z
"5/23/2022, 6:33:12 PM",3.659,81.9,94.5,27,2022-05-23T23:33:12.000Z
"5/23/2022, 6:36:12 PM",3.658,81.9,94.5,27,2022-05-23T23:36:12.000Z
"5/23/2022, 6:39:12 PM",3.658,81.7,94.5,26,2022-05-23T23:39:12.000Z
"5/23/2022, 6:42:12 PM",3.658,81.7,94.5,27,2022-05-23T23:42:12.000Z
"5/23/2022, 6:45:12 PM",3.658,81.5,94.5,26,2022-05-23T23:45:12.000Z
"5/23/2022, 6:48:12 PM",3.658,81.5,94.5,27,2022-05-23T23:48:12.000Z
"5/23/2022, 6:51:12 PM",3.659,81.5,94.5,27,2022-05-23T23:51:12.000Z
"5/23/2022, 6:54:12 PM",3.659,81.3,94.5,27,2022-05-23T23:54:12.000Z
"5/23/2022, 6:57:12 PM",3.658,81.3,94.5,27,2022-05-23T23:57:12.000Z
"5/23/2022, 7:00:12 PM",3.658,81.3,94.5,27,2022-05-24T00:00:12.000Z
"5/23/2022, 7:03:12 PM",3.658,81.1,94.6,27,2022-05-24T00:03:12.000Z
"5/23/2022, 7:06:12 PM",3.658,81.1,94.6,27,2022-05-24T00:06:12.000Z
"5/23/2022, 7:09:12 PM",3.659,81.1,94.6,26,2022-05-24T00:09:12.000Z
"5/23/2022, 7:12:12 PM",3.658,81.1,94.5,28,2022-05-24T00:12:12.000Z
"5/23/2022, 7:15:12 PM",3.658,81.1,94.5,27,2022-05-24T00:15:12.000Z
"5/23/2022, 7:18:12 PM",3.658,81,94.5,27,2022-05-24T00:18:12.000Z
"5/23/2022, 7:21:12 PM",3.659,81,94.6,27,2022-05-24T00:21:12.000Z
"5/23/2022, 7:24:12 PM",3.658,81,94.6,27,2022-05-24T00:24:12.000Z
"5/23/2022, 7:27:12 PM",3.658,80.8,94.6,26,2022-05-24T00:27:12.000Z
"5/23/2022, 7:30:12 PM",3.659,80.8,94.6,26,2022-05-24T00:30:12.000Z
"5/23/2022, 7:33:12 PM",3.659,80.6,94.6,26,2022-05-24T00:33:12.000Z
"5/23/2022, 7:36:12 PM",3.658,80.6,94.6,26,2022-05-24T00:36:12.000Z
"5/23/2022, 7:39:12 PM",3.658,80.4,94.6,24,2022-05-24T00:39:12.000Z
"5/23/2022, 7:42:12 PM",3.659,80.4,94.6,24,2022-05-24T00:42:12.000Z
"5/23/2022, 7:45:12 PM",3.659,80.2,94.6,24,2022-05-24T00:45:12.000Z
"5/23/2022, 7:48:12 PM",3.659,80.2,94.6,23,2022-05-24T00:48:12.000Z
"5/23/2022, 7:51:12 PM",3.659,80.1,94.6,24,2022-05-24T00:51:12.000Z
"5/23/2022, 7:54:12 PM",3.659,80.1,94.6,23,2022-05-24T00:54:12.000Z
"5/23/2022, 7:57:12 PM",3.659,79.9,94.6,23,2022-05-24T00:57:12.000Z
"5/23/2022, 8:00:12 PM",3.658,79.9,94.6,22,2022-05-24T01:00:12.000Z
"5/23/2022, 8:03:12 PM",3.659,79.7,94.6,22,2022-05-24T01:03:12.000Z
"5/23/2022, 8:06:12 PM",3.659,79.7,94.6,22,2022-05-24T01:06:12.000Z
"5/23/2022, 8:09:12 PM",3.659,79.5,94.6,22,2022-05-24T01:09:12.000Z
"5/23/2022, 8:12:12 PM",3.659,79.5,94.6,22,2022-05-24T01:12:12.000Z
"5/23/2022, 8:15:12 PM",3.659,79.3,94.6,22,2022-05-24T01:15:12.000Z
"5/23/2022, 8:18:12 PM",3.659,79.2,94.6,22,2022-05-24T01:18:12.000Z
"5/23/2022, 8:21:12 PM",3.659,79.2,94.6,22,2022-05-24T01:21:12.000Z
"5/23/2022, 8:24:12 PM",3.659,79,94.6,22,2022-05-24T01:24:12.000Z
"5/23/2022, 8:27:12 PM",3.659,79,94.6,22,2022-05-24T01:27:12.000Z
"5/23/2022, 8:30:12 PM",3.659,79,94.6,22,2022-05-24T01:30:12.000Z
"5/23/2022, 8:33:12 PM",3.659,78.8,94.6,21,2022-05-24T01:33:12.000Z
"5/23/2022, 8:36:12 PM",3.659,78.8,94.6,22,2022-05-24T01:36:12.000Z
"5/23/2022, 8:39:12 PM",3.659,78.6,94.6,22,2022-05-24T01:39:12.000Z
"5/23/2022, 8:42:12 PM",3.659,78.6,94.6,22,2022-05-24T01:42:12.000Z
"5/23/2022, 8:45:12 PM",3.659,78.4,94.6,22,2022-05-24T01:45:12.000Z
"5/23/2022, 8:48:12 PM",3.659,78.4,94.6,22,2022-05-24T01:48:12.000Z
"5/23/2022, 8:51:12 PM",3.658,78.4,94.6,22,2022-05-24T01:51:12.000Z
"5/23/2022, 8:54:12 PM",3.658,78.4,94.7,22,2022-05-24T01:54:12.000Z
"5/23/2022, 8:57:12 PM",3.659,78.3,94.7,22,2022-05-24T01:57:12.000Z
"5/23/2022, 9:00:12 PM",3.659,78.3,94.6,22,2022-05-24T02:00:12.000Z
"5/23/2022, 9:03:12 PM",3.658,78.3,94.6,22,2022-05-24T02:03:12.000Z
"5/23/2022, 9:06:12 PM",3.659,78.3,94.6,23,2022-05-24T02:06:12.000Z
"5/23/2022, 9:09:12 PM",3.659,78.3,94.6,22,2022-05-24T02:09:12.000Z
"5/23/2022, 9:12:12 PM",3.659,78.3,94.6,22,2022-05-24T02:12:12.000Z
"5/23/2022, 9:15:12 PM",3.659,78.1,94.6,22,2022-05-24T02:15:12.000Z
"5/23/2022, 9:18:12 PM",3.659,78.1,94.7,22,2022-05-24T02:18:12.000Z
"5/23/2022, 9:21:12 PM",3.659,78.1,94.7,22,2022-05-24T02:21:12.000Z
"5/23/2022, 9:24:12 PM",3.659,78.1,94.7,22,2022-05-24T02:24:12.000Z
"5/23/2022, 9:27:12 PM",3.659,77.9,94.6,22,2022-05-24T02:27:12.000Z
"5/23/2022, 9:30:12 PM",3.659,77.9,94.6,21,2022-05-24T02:30:12.000Z
"5/23/2022, 9:33:12 PM",3.658,77.9,94.7,21,2022-05-24T02:33:12.000Z
"5/23/2022, 9:36:12 PM",3.659,77.9,94.7,21,2022-05-24T02:36:12.000Z
"5/23/2022, 9:39:12 PM",3.658,77.7,94.7,22,2022-05-24T02:39:12.000Z
"5/23/2022, 9:42:12 PM",3.659,77.7,94.7,21,2022-05-24T02:42:12.000Z
"5/23/2022, 9:45:12 PM",3.659,77.7,94.6,21,2022-05-24T02:45:12.000Z
"5/23/2022, 9:48:12 PM",3.659,77.5,94.7,20,2022-05-24T02:48:12.000Z
"5/23/2022, 9:51:12 PM",3.659,77.5,94.7,21,2022-05-24T02:51:12.000Z
"5/23/2022, 9:54:12 PM",3.659,77.4,94.7,21,2022-05-24T02:54:12.000Z
"5/23/2022, 9:57:12 PM",3.659,77.4,94.7,21,2022-05-24T02:57:12.000Z
"5/23/2022, 10:00:12 PM",3.659,77.4,94.7,21,2022-05-24T03:00:12.000Z
"5/23/2022, 10:03:12 PM",3.659,77.4,94.7,21,2022-05-24T03:03:12.000Z
"5/23/2022, 10:06:12 PM",3.659,77.2,94.7,21,2022-05-24T03:06:12.000Z
"5/23/2022, 10:09:12 PM",3.659,77.2,94.7,22,2022-05-24T03:09:12.000Z
"5/23/2022, 10:12:12 PM",3.658,77.2,94.8,21,2022-05-24T03:12:12.000Z
"5/23/2022, 10:15:12 PM",3.659,77,94.7,21,2022-05-24T03:15:12.000Z
"5/23/2022, 10:18:12 PM",3.659,77,94.7,21,2022-05-24T03:18:12.000Z
"5/23/2022, 10:21:12 PM",3.659,77,94.7,21,2022-05-24T03:21:12.000Z
"5/23/2022, 10:24:12 PM",3.659,76.8,94.8,20,2022-05-24T03:24:12.000Z
"5/23/2022, 10:27:12 PM",3.659,76.8,94.8,21,2022-05-24T03:27:12.000Z
"5/23/2022, 10:30:12 PM",3.659,76.8,94.8,21,2022-05-24T03:30:12.000Z
"5/23/2022, 10:33:12 PM",3.659,76.6,94.8,21,2022-05-24T03:33:12.000Z
"5/23/2022, 10:36:12 PM",3.659,76.6,94.8,21,2022-05-24T03:36:12.000Z
"5/23/2022, 10:39:12 PM",3.659,76.5,94.8,21,2022-05-24T03:39:12.000Z
"5/23/2022, 10:42:12 PM",3.659,76.5,94.8,21,2022-05-24T03:42:12.000Z
"5/23/2022, 10:45:12 PM",3.659,76.3,94.9,21,2022-05-24T03:45:12.000Z
"5/23/2022, 10:48:12 PM",3.659,76.3,94.9,21,2022-05-24T03:48:12.000Z
"5/23/2022, 10:51:12 PM",3.659,76.3,94.9,21,2022-05-24T03:51:12.000Z
"5/23/2022, 10:54:12 PM",3.659,76.1,94.9,20,2022-05-24T03:54:12.000Z
"5/23/2022, 10:57:12 PM",3.659,76.1,94.9,21,2022-05-24T03:57:12.000Z
"5/23/2022, 11:00:12 PM",3.659,75.9,94.9,21,2022-05-24T04:00:12.000Z
"5/23/2022, 11:03:12 PM",3.659,75.9,94.9,21,2022-05-24T04:03:12.000Z
"5/23/2022, 11:06:12 PM",3.659,75.7,94.9,21,2022-05-24T04:06:12.000Z
"5/23/2022, 11:09:12 PM",3.659,75.7,95,21,2022-05-24T04:09:12.000Z
"5/23/2022, 11:12:12 PM",3.659,75.6,95,22,2022-05-24T04:12:12.000Z
"5/23/2022, 11:15:12 PM",3.659,75.4,95,20,2022-05-24T04:15:12.000Z
"5/23/2022, 11:18:12 PM",3.659,75.2,95,21,2022-05-24T04:18:12.000Z
"5/23/2022, 11:21:12 PM",3.659,75,95,22,2022-05-24T04:21:12.000Z
"5/23/2022, 11:24:12 PM",3.659,74.8,95,22,2022-05-24T04:24:12.000Z
"5/23/2022, 11:27:12 PM",3.659,74.8,95,22,2022-05-24T04:27:12.000Z
"5/23/2022, 11:30:12 PM",3.659,74.7,95,20,2022-05-24T04:30:12.000Z
"5/23/2022, 11:33:12 PM",3.659,74.5,95.1,23,2022-05-24T04:33:12.000Z
"5/23/2022, 11:36:12 PM",3.659,74.3,95.1,22,2022-05-24T04:36:12.000Z
"5/23/2022, 11:39:12 PM",3.659,74.3,95.1,22,2022-05-24T04:39:12.000Z
"5/23/2022, 11:42:12 PM",3.659,74.1,95.1,21,2022-05-24T04:42:12.000Z
"5/23/2022, 11:45:12 PM",3.659,73.9,95.1,22,2022-05-24T04:45:12.000Z
"5/23/2022, 11:48:12 PM",3.659,73.9,95.1,22,2022-05-24T04:48:12.000Z
"5/23/2022, 11:51:12 PM",3.659,73.8,95.1,22,2022-05-24T04:51:12.000Z
"5/23/2022, 11:54:12 PM",3.659,73.8,95.2,21,2022-05-24T04:54:12.000Z
"5/23/2022, 11:57:12 PM",3.659,73.6,95.1,21,2022-05-24T04:57:12.000Z
"5/24/2022, 12:00:12 AM",3.659,73.4,95.2,20,2022-05-24T05:00:12.000Z
"5/24/2022, 12:03:12 AM",3.659,73.4,95.2,21,2022-05-24T05:03:12.000Z
"5/24/2022, 12:06:12 AM",3.659,73.2,95.2,21,2022-05-24T05:06:12.000Z
"5/24/2022, 12:09:12 AM",3.659,73.2,95.2,20,2022-05-24T05:09:12.000Z
"5/24/2022, 12:12:12 AM",3.659,73,95.2,21,2022-05-24T05:12:12.000Z
"5/24/2022, 12:15:12 AM",3.659,72.9,95.2,20,2022-05-24T05:15:12.000Z
"5/24/2022, 12:18:12 AM",3.659,72.9,95.2,21,2022-05-24T05:18:12.000Z
"5/24/2022, 12:21:12 AM",3.659,72.7,95.3,21,2022-05-24T05:21:12.000Z
"5/24/2022, 12:24:12 AM",3.659,72.7,95.2,21,2022-05-24T05:24:12.000Z
"5/24/2022, 12:27:12 AM",3.659,72.5,95.2,20,2022-05-24T05:27:12.000Z
"5/24/2022, 12:30:12 AM",3.659,72.5,95.3,20,2022-05-24T05:30:12.000Z
"5/24/2022, 12:33:12 AM",3.659,72.5,95.3,21,2022-05-24T05:33:12.000Z
"5/24/2022, 12:36:12 AM",3.659,72.3,95.3,21,2022-05-24T05:36:12.000Z
"5/24/2022, 12:39:12 AM",3.659,72.3,95.3,20,2022-05-24T05:39:12.000Z
"5/24/2022, 12:42:12 AM",3.659,72.3,95.3,20,2022-05-24T05:42:12.000Z
"5/24/2022, 12:45:12 AM",3.659,72.3,95.3,21,2022-05-24T05:45:12.000Z
"5/24/2022, 12:48:12 AM",3.659,72.1,95.3,20,2022-05-24T05:48:12.000Z
"5/24/2022, 12:51:12 AM",3.66,72.1,95.3,21,2022-05-24T05:51:12.000Z
"5/24/2022, 12:54:12 AM",3.659,72,95.4,21,2022-05-24T05:54:12.000Z
"5/24/2022, 12:57:12 AM",3.659,72,95.4,20,2022-05-24T05:57:12.000Z
"5/24/2022, 1:00:12 AM",3.659,72,95.4,21,2022-05-24T06:00:12.000Z
"5/24/2022, 1:03:12 AM",3.659,72,95.4,20,2022-05-24T06:03:12.000Z
"5/24/2022, 1:06:12 AM",3.659,71.8,95.4,20,2022-05-24T06:06:12.000Z
"5/24/2022, 1:09:12 AM",3.659,71.8,95.4,20,2022-05-24T06:09:12.000Z
"5/24/2022, 1:12:12 AM",3.659,71.8,95.4,21,2022-05-24T06:12:12.000Z
"5/24/2022, 1:15:12 AM",3.659,71.8,95.4,21,2022-05-24T06:15:12.000Z
"5/24/2022, 1:18:12 AM",3.659,71.8,95.5,21,2022-05-24T06:18:12.000Z
"5/24/2022, 1:21:12 AM",3.659,71.8,95.5,21,2022-05-24T06:21:12.000Z
"5/24/2022, 1:24:12 AM",3.659,71.8,95.5,21,2022-05-24T06:24:12.000Z
"5/24/2022, 1:27:12 AM",3.659,71.8,95.5,21,2022-05-24T06:27:12.000Z
"5/24/2022, 1:30:12 AM",3.659,71.8,95.5,21,2022-05-24T06:30:12.000Z
"5/24/2022, 1:33:12 AM",3.659,71.8,95.5,21,2022-05-24T06:33:12.000Z
"5/24/2022, 1:36:12 AM",3.659,71.8,95.5,21,2022-05-24T06:36:12.000Z
"5/24/2022, 1:39:12 AM",3.659,71.8,95.5,21,2022-05-24T06:39:12.000Z
"5/24/2022, 1:42:12 AM",3.658,72,95.5,21,2022-05-24T06:42:12.000Z
"5/24/2022, 1:45:12 AM",3.659,72,95.5,21,2022-05-24T06:45:12.000Z
"5/24/2022, 1:48:12 AM",3.659,72,95.5,21,2022-05-24T06:48:12.000Z
"5/24/2022, 1:51:12 AM",3.659,72,95.5,21,2022-05-24T06:51:12.000Z
"5/24/2022, 1:54:12 AM",3.659,72.1,95.5,22,2022-05-24T06:54:12.000Z
"5/24/2022, 1:57:12 AM",3.659,72.1,95.5,22,2022-05-24T06:57:12.000Z
"5/24/2022, 2:00:12 AM",3.659,72.1,95.5,22,2022-05-24T07:00:12.000Z
"5/24/2022, 2:03:12 AM",3.659,72.1,95.5,22,2022-05-24T07:03:12.000Z
"5/24/2022, 2:06:12 AM",3.659,72.1,95.5,21,2022-05-24T07:06:12.000Z
"5/24/2022, 2:09:12 AM",3.659,72.1,95.5,22,2022-05-24T07:09:12.000Z
"5/24/2022, 2:12:12 AM",3.659,72.1,95.5,21,2022-05-24T07:12:12.000Z
"5/24/2022, 2:15:12 AM",3.659,72.1,95.5,21,2022-05-24T07:15:12.000Z
"5/24/2022, 2:18:12 AM",3.659,72.1,95.6,22,2022-05-24T07:18:12.000Z
"5/24/2022, 2:21:12 AM",3.658,72.1,95.6,22,2022-05-24T07:21:12.000Z
"5/24/2022, 2:24:12 AM",3.659,72.1,95.6,21,2022-05-24T07:24:12.000Z
"5/24/2022, 2:27:12 AM",3.659,72.1,95.6,21,2022-05-24T07:27:12.000Z
"5/24/2022, 2:30:12 AM",3.659,72.1,95.6,21,2022-05-24T07:30:12.000Z
"5/24/2022, 2:33:12 AM",3.658,72.1,95.6,22,2022-05-24T07:33:12.000Z
"5/24/2022, 2:36:12 AM",3.658,72.1,95.6,22,2022-05-24T07:36:12.000Z
"5/24/2022, 2:39:12 AM",3.658,72.3,95.6,20,2022-05-24T07:39:12.000Z
"5/24/2022, 2:42:12 AM",3.659,72.3,95.6,21,2022-05-24T07:42:12.000Z
"5/24/2022, 2:45:12 AM",3.658,72.3,95.6,21,2022-05-24T07:45:12.000Z
"5/24/2022, 2:48:12 AM",3.658,72.3,95.6,22,2022-05-24T07:48:12.000Z
"5/24/2022, 2:51:12 AM",3.658,72.3,95.6,22,2022-05-24T07:51:12.000Z
"5/24/2022, 2:54:12 AM",3.659,72.3,95.6,23,2022-05-24T07:54:12.000Z
"5/24/2022, 2:57:12 AM",3.658,72.1,95.6,21,2022-05-24T07:57:12.000Z
"5/24/2022, 3:00:12 AM",3.658,72.1,95.6,23,2022-05-24T08:00:12.000Z
"5/24/2022, 3:03:12 AM",3.659,72.1,95.7,21,2022-05-24T08:03:12.000Z
"5/24/2022, 3:06:12 AM",3.658,72.1,95.7,21,2022-05-24T08:06:12.000Z
"5/24/2022, 3:09:12 AM",3.658,72.1,95.6,22,2022-05-24T08:09:12.000Z
"5/24/2022, 3:12:12 AM",3.658,72.1,95.7,22,2022-05-24T08:12:12.000Z
"5/24/2022, 3:15:12 AM",3.658,72.1,95.7,21,2022-05-24T08:15:12.000Z
"5/24/2022, 3:18:12 AM",3.658,72.1,95.7,20,2022-05-24T08:18:12.000Z
"5/24/2022, 3:21:12 AM",3.658,72.1,95.7,20,2022-05-24T08:21:12.000Z
"5/24/2022, 3:24:12 AM",3.658,72.1,95.7,21,2022-05-24T08:24:12.000Z
"5/24/2022, 3:27:12 AM",3.658,72,95.7,21,2022-05-24T08:27:12.000Z
"5/24/2022, 3:30:12 AM",3.658,72,95.7,21,2022-05-24T08:30:12.000Z
"5/24/2022, 3:33:12 AM",3.658,72,95.7,21,2022-05-24T08:33:12.000Z
"5/24/2022, 3:36:12 AM",3.658,72,95.7,20,2022-05-24T08:36:12.000Z
"5/24/2022, 3:39:12 AM",3.658,72,95.7,20,2022-05-24T08:39:12.000Z
"5/24/2022, 3:42:12 AM",3.658,72,95.7,19,2022-05-24T08:42:12.000Z
"5/24/2022, 3:45:12 AM",3.658,71.8,95.7,20,2022-05-24T08:45:12.000Z
"5/24/2022, 3:48:12 AM",3.658,71.8,95.7,19,2022-05-24T08:48:12.000Z
"5/24/2022, 3:51:12 AM",3.658,71.8,95.7,21,2022-05-24T08:51:12.000Z
"5/24/2022, 3:54:12 AM",3.658,71.8,95.8,21,2022-05-24T08:54:12.000Z
"5/24/2022, 3:57:12 AM",3.658,71.8,95.8,20,2022-05-24T08:57:12.000Z
"5/24/2022, 4:00:12 AM",3.659,71.8,95.7,21,2022-05-24T09:00:12.000Z
"5/24/2022, 4:03:12 AM",3.658,71.8,95.8,20,2022-05-24T09:03:12.000Z
"5/24/2022, 4:06:12 AM",3.658,71.8,95.8,20,2022-05-24T09:06:12.000Z
"5/24/2022, 4:09:12 AM",3.658,71.8,95.8,21,2022-05-24T09:09:12.000Z
"5/24/2022, 4:12:12 AM",3.658,71.8,95.8,20,2022-05-24T09:12:12.000Z
"5/24/2022, 4:15:12 AM",3.659,71.8,95.8,20,2022-05-24T09:15:12.000Z
"5/24/2022, 4:18:12 AM",3.658,71.8,95.8,20,2022-05-24T09:18:12.000Z
"5/24/2022, 4:21:12 AM",3.658,71.6,95.8,20,2022-05-24T09:21:12.000Z
"5/24/2022, 4:24:12 AM",3.658,71.6,95.8,21,2022-05-24T09:24:12.000Z
"5/24/2022, 4:27:12 AM",3.658,71.6,95.8,21,2022-05-24T09:27:12.000Z
"5/24/2022, 4:30:12 AM",3.658,71.6,95.8,22,2022-05-24T09:30:12.000Z
"5/24/2022, 4:33:12 AM",3.658,71.6,95.8,22,2022-05-24T09:33:12.000Z
"5/24/2022, 4:36:12 AM",3.658,71.6,95.8,21,2022-05-24T09:36:12.000Z
"5/24/2022, 4:39:12 AM",3.658,71.6,95.8,21,2022-05-24T09:39:12.000Z
"5/24/2022, 4:42:12 AM",3.658,71.6,95.8,20,2022-05-24T09:42:12.000Z
"5/24/2022, 4:45:12 AM",3.658,71.4,95.8,21,2022-05-24T09:45:12.000Z
"5/24/2022, 4:48:12 AM",3.658,71.4,95.8,21,2022-05-24T09:48:12.000Z
"5/24/2022, 4:51:12 AM",3.658,71.4,95.9,20,2022-05-24T09:51:12.000Z
"5/24/2022, 4:54:12 AM",3.658,71.4,95.9,22,2022-05-24T09:54:12.000Z
"5/24/2022, 4:57:12 AM",3.658,71.4,95.9,21,2022-05-24T09:57:12.000Z
"5/24/2022, 5:00:12 AM",3.658,71.4,95.9,22,2022-05-24T10:00:12.000Z
"5/24/2022, 5:03:12 AM",3.658,71.4,95.9,22,2022-05-24T10:03:12.000Z
"5/24/2022, 5:06:12 AM",3.658,71.4,95.9,21,2022-05-24T10:06:12.000Z
"5/24/2022, 5:09:12 AM",3.658,71.4,95.9,22,2022-05-24T10:09:12.000Z
"5/24/2022, 5:12:12 AM",3.658,71.4,95.9,21,2022-05-24T10:12:12.000Z
"5/24/2022, 5:15:12 AM",3.658,71.4,95.9,22,2022-05-24T10:15:12.000Z
"5/24/2022, 5:18:12 AM",3.658,71.4,95.9,20,2022-05-24T10:18:12.000Z
"5/24/2022, 5:21:12 AM",3.658,71.4,95.9,22,2022-05-24T10:21:12.000Z
"5/24/2022, 5:24:12 AM",3.658,71.4,95.9,22,2022-05-24T10:24:12.000Z
"5/24/2022, 5:27:12 AM",3.658,71.4,95.9,22,2022-05-24T10:27:12.000Z
"5/24/2022, 5:30:12 AM",3.658,71.4,95.9,22,2022-05-24T10:30:12.000Z
"5/24/2022, 5:33:12 AM",3.658,71.4,95.9,20,2022-05-24T10:33:12.000Z
"5/24/2022, 5:36:12 AM",3.658,71.4,95.9,22,2022-05-24T10:36:12.000Z
"5/24/2022, 5:39:12 AM",3.658,71.4,95.9,22,2022-05-24T10:39:12.000Z
"5/24/2022, 5:42:12 AM",3.658,71.4,95.9,22,2022-05-24T10:42:12.000Z
"5/24/2022, 5:45:12 AM",3.658,71.6,96,23,2022-05-24T10:45:12.000Z
"5/24/2022, 5:48:12 AM",3.658,71.6,95.9,23,2022-05-24T10:48:12.000Z
"5/24/2022, 5:51:12 AM",3.658,71.8,95.9,22,2022-05-24T10:51:12.000Z
"5/24/2022, 5:54:12 AM",3.657,71.8,95.9,22,2022-05-24T10:54:12.000Z
"5/24/2022, 5:57:12 AM",3.658,71.8,95.9,22,2022-05-24T10:57:12.000Z
"5/24/2022, 6:00:12 AM",3.658,71.8,95.9,22,2022-05-24T11:00:12.000Z
"5/24/2022, 6:03:12 AM",3.658,71.8,95.9,23,2022-05-24T11:03:12.000Z
"5/24/2022, 6:06:12 AM",3.657,71.8,96,23,2022-05-24T11:06:12.000Z
"5/24/2022, 6:09:12 AM",3.658,72,96,23,2022-05-24T11:09:12.000Z
"5/24/2022, 6:12:12 AM",3.658,72,96,23,2022-05-24T11:12:12.000Z
"5/24/2022, 6:15:12 AM",3.658,72,96,23,2022-05-24T11:15:12.000Z
"5/24/2022, 6:18:12 AM",3.658,72.1,96,23,2022-05-24T11:18:12.000Z
"5/24/2022, 6:21:12 AM",3.658,72.1,96,23,2022-05-24T11:21:12.000Z
"5/24/2022, 6:24:12 AM",3.658,72.3,96,23,2022-05-24T11:24:12.000Z
"5/24/2022, 6:27:12 AM",3.658,72.3,96,23,2022-05-24T11:27:12.000Z
"5/24/2022, 6:30:12 AM",3.658,72.3,96,23,2022-05-24T11:30:12.000Z
"5/24/2022, 6:33:12 AM",3.657,72.3,96,23,2022-05-24T11:33:12.000Z
"5/24/2022, 6:36:12 AM",3.657,72.3,96,23,2022-05-24T11:36:12.000Z
"5/24/2022, 6:39:12 AM",3.657,72.3,96,23,2022-05-24T11:39:12.000Z
"5/24/2022, 6:42:12 AM",3.658,72.5,96.1,22,2022-05-24T11:42:12.000Z
"5/24/2022, 6:45:12 AM",3.658,72.5,96.1,22,2022-05-24T11:45:12.000Z
"5/24/2022, 6:48:12 AM",3.657,72.5,96.1,23,2022-05-24T11:48:12.000Z
"5/24/2022, 6:51:12 AM",3.657,72.5,96.1,24,2022-05-24T11:51:12.000Z
"5/24/2022, 6:54:12 AM",3.657,72.7,96.1,23,2022-05-24T11:54:12.000Z
"5/24/2022, 6:57:12 AM",3.658,72.7,96.1,22,2022-05-24T11:57:12.000Z
"5/24/2022, 7:00:12 AM",3.657,72.7,96.1,23,2022-05-24T12:00:12.000Z
"5/24/2022, 7:03:12 AM",3.658,72.7,96.1,24,2022-05-24T12:03:12.000Z
"5/24/2022, 7:06:12 AM",3.658,72.9,96.1,23,2022-05-24T12:06:12.000Z
"5/24/2022, 7:09:12 AM",3.658,72.9,96.1,23,2022-05-24T12:09:12.000Z
"5/24/2022, 7:12:12 AM",3.657,72.9,96.1,23,2022-05-24T12:12:12.000Z
"5/24/2022, 7:15:12 AM",3.658,72.9,96.1,22,2022-05-24T12:15:12.000Z
"5/24/2022, 7:18:12 AM",3.657,72.9,96.2,23,2022-05-24T12:18:12.000Z
"5/24/2022, 7:21:12 AM",3.657,72.9,96.2,24,2022-05-24T12:21:12.000Z
"5/24/2022, 7:24:12 AM",3.657,72.9,96.2,24,2022-05-24T12:24:12.000Z
"5/24/2022, 7:27:12 AM",3.657,73,96.2,23,2022-05-24T12:27:12.000Z
"5/24/2022, 7:30:12 AM",3.657,73,96.2,24,2022-05-24T12:30:12.000Z
"5/24/2022, 7:33:12 AM",3.657,73.2,96.2,23,2022-05-24T12:33:12.000Z
"5/24/2022, 7:36:12 AM",3.657,73.2,96.2,23,2022-05-24T12:36:12.000Z
"5/24/2022, 7:39:12 AM",3.658,73.4,96.2,23,2022-05-24T12:39:12.000Z
"5/24/2022, 7:42:12 AM",3.658,73.4,96.2,23,2022-05-24T12:42:12.000Z
"5/24/2022, 7:45:12 AM",3.657,73.4,96.2,25,2022-05-24T12:45:12.000Z
"5/24/2022, 7:48:12 AM",3.657,73.6,96.2,24,2022-05-24T12:48:12.000Z
"5/24/2022, 7:51:12 AM",3.657,73.6,96.3,24,2022-05-24T12:51:12.000Z
"5/24/2022, 7:54:12 AM",3.657,73.8,96.2,26,2022-05-24T12:54:12.000Z
"5/24/2022, 7:57:12 AM",3.657,73.8,96.2,23,2022-05-24T12:57:12.000Z
"5/24/2022, 8:00:12 AM",3.657,73.8,96.2,25,2022-05-24T13:00:12.000Z
"5/24/2022, 8:03:12 AM",3.657,73.8,96.2,26,2022-05-24T13:03:12.000Z
"5/24/2022, 8:06:12 AM",3.657,73.9,96.2,26,2022-05-24T13:06:12.000Z
"5/24/2022, 8:09:12 AM",3.657,74.1,96.3,27,2022-05-24T13:09:12.000Z
"5/24/2022, 8:12:12 AM",3.657,74.3,96.2,26,2022-05-24T13:12:12.000Z
"5/24/2022, 8:15:12 AM",3.657,74.3,96.3,23,2022-05-24T13:15:12.000Z
"5/24/2022, 8:18:12 AM",3.658,74.5,96.2,26,2022-05-24T13:18:12.000Z
"5/24/2022, 8:21:12 AM",3.657,74.7,96.3,30,2022-05-24T13:21:12.000Z
"5/24/2022, 8:24:12 AM",3.657,74.8,96.2,27,2022-05-24T13:24:12.000Z
"5/24/2022, 8:27:12 AM",3.657,75,96.3,28,2022-05-24T13:27:12.000Z
"5/24/2022, 8:30:12 AM",3.657,75.2,96.3,30,2022-05-24T13:30:12.000Z
"5/24/2022, 8:33:12 AM",3.657,75.6,96.2,29,2022-05-24T13:33:12.000Z
"5/24/2022, 8:36:12 AM",3.657,75.7,96.2,30,2022-05-24T13:36:12.000Z
"5/24/2022, 8:39:12 AM",3.657,76.1,96.3,29,2022-05-24T13:39:12.000Z
"5/24/2022, 8:42:12 AM",3.657,76.5,96.3,26,2022-05-24T13:42:12.000Z
"5/24/2022, 8:45:12 AM",3.656,76.6,96.2,26,2022-05-24T13:45:12.000Z
"5/24/2022, 8:48:12 AM",3.657,76.8,96.2,29,2022-05-24T13:48:12.000Z
"5/24/2022, 8:51:12 AM",3.656,77,96.2,29,2022-05-24T13:51:12.000Z
"5/24/2022, 8:54:12 AM",3.657,77.4,96.2,29,2022-05-24T13:54:12.000Z
"5/24/2022, 8:57:12 AM",3.657,77.5,96.2,29,2022-05-24T13:57:12.000Z
"5/24/2022, 9:00:12 AM",3.657,77.7,96.2,30,2022-05-24T14:00:12.000Z
"5/24/2022, 9:03:12 AM",3.656,78.1,96.2,32,2022-05-24T14:03:12.000Z
"5/24/2022, 9:06:12 AM",3.656,78.3,96.2,28,2022-05-24T14:06:12.000Z
"5/24/2022, 9:09:12 AM",3.657,78.4,96.2,30,2022-05-24T14:09:12.000Z
"5/24/2022, 9:12:12 AM",3.656,78.6,96.2,32,2022-05-24T14:12:12.000Z
"5/24/2022, 9:15:12 AM",3.656,79,96.2,31,2022-05-24T14:15:12.000Z
"5/24/2022, 9:18:12 AM",3.656,79,96.1,30,2022-05-24T14:18:12.000Z
"5/24/2022, 9:21:12 AM",3.656,79,96.2,32,2022-05-24T14:21:12.000Z
"5/24/2022, 9:24:12 AM",3.657,79.3,96.1,33,2022-05-24T14:24:12.000Z
"5/24/2022, 9:27:12 AM",3.656,79.5,96.2,30,2022-05-24T14:27:12.000Z
"5/24/2022, 9:30:12 AM",3.656,79.5,96.2,30,2022-05-24T14:30:12.000Z
"5/24/2022, 9:33:12 AM",3.656,79.7,96.2,30,2022-05-24T14:33:12.000Z
"5/24/2022, 9:36:12 AM",3.657,79.5,96.2,28,2022-05-24T14:36:12.000Z
"5/24/2022, 9:39:12 AM",3.656,79.5,96.2,29,2022-05-24T14:39:12.000Z
"5/24/2022, 9:42:12 AM",3.656,79.5,96.2,30,2022-05-24T14:42:12.000Z
"5/24/2022, 9:45:12 AM",3.657,79.5,96.1,28,2022-05-24T14:45:12.000Z
"5/24/2022, 9:48:12 AM",3.656,79.7,96.2,32,2022-05-24T14:48:12.000Z
"5/24/2022, 9:51:12 AM",3.657,79.9,96.2,30,2022-05-24T14:51:12.000Z
"5/24/2022, 9:54:12 AM",3.656,80.1,96.2,31,2022-05-24T14:54:12.000Z
"5/24/2022, 9:57:12 AM",3.656,80.2,96.2,30,2022-05-24T14:57:12.000Z
"5/24/2022, 10:00:12 AM",3.656,80.2,96.2,30,2022-05-24T15:00:12.000Z
"5/24/2022, 10:03:12 AM",3.657,80.2,96.2,30,2022-05-24T15:03:12.000Z
"5/24/2022, 10:06:12 AM",3.656,80.6,96.2,32,2022-05-24T15:06:12.000Z
"5/24/2022, 10:09:12 AM",3.656,80.8,96.2,31,2022-05-24T15:09:12.000Z
"5/24/2022, 10:12:12 AM",3.656,81,96.2,32,2022-05-24T15:12:12.000Z
"5/24/2022, 10:15:12 AM",3.657,81.1,96.2,30,2022-05-24T15:15:12.000Z
"5/24/2022, 10:18:12 AM",3.656,81.3,96.2,30,2022-05-24T15:18:12.000Z
"5/24/2022, 10:21:12 AM",3.656,81.5,96.2,32,2022-05-24T15:21:12.000Z
"5/24/2022, 10:24:12 AM",3.656,81.7,96.2,31,2022-05-24T15:24:12.000Z
"5/24/2022, 10:27:12 AM",3.656,81.9,96.2,31,2022-05-24T15:27:12.000Z
"5/24/2022, 10:30:12 AM",3.656,82,96.2,31,2022-05-24T15:30:12.000Z
"5/24/2022, 10:33:12 AM",3.656,82.2,96.2,32,2022-05-24T15:33:12.000Z
"5/24/2022, 10:36:12 AM",3.656,82.4,96.2,32,2022-05-24T15:36:12.000Z
"5/24/2022, 10:39:12 AM",3.656,82.6,96.1,30,2022-05-24T15:39:12.000Z
"5/24/2022, 10:42:12 AM",3.656,82.8,96.2,31,2022-05-24T15:42:12.000Z
"5/24/2022, 10:45:12 AM",3.656,82.9,96.2,33,2022-05-24T15:45:12.000Z
"5/24/2022, 10:48:12 AM",3.656,83.1,96.1,33,2022-05-24T15:48:12.000Z
"5/24/2022, 10:51:12 AM",3.656,83.5,96.1,33,2022-05-24T15:51:12.000Z
"5/24/2022, 10:54:12 AM",3.656,83.7,96.2,33,2022-05-24T15:54:12.000Z
"5/24/2022, 10:57:12 AM",3.656,84,96.2,31,2022-05-24T15:57:12.000Z
"5/24/2022, 11:00:12 AM",3.656,84,96.2,30,2022-05-24T16:00:12.000Z
"5/24/2022, 11:03:12 AM",3.656,84.2,96.1,31,2022-05-24T16:03:12.000Z
"5/24/2022, 11:06:12 AM",3.656,84.2,96.2,31,2022-05-24T16:06:12.000Z
"5/24/2022, 11:09:12 AM",3.656,84.4,96.1,31,2022-05-24T16:09:12.000Z
"5/24/2022, 11:12:12 AM",3.656,84.6,96.1,31,2022-05-24T16:12:12.000Z
"5/24/2022, 11:15:12 AM",3.656,84.6,96.2,29,2022-05-24T16:15:12.000Z
"5/24/2022, 11:18:12 AM",3.656,84.6,96.2,29,2022-05-24T16:18:12.000Z
"5/24/2022, 11:21:12 AM",3.656,84.7,96.2,29,2022-05-24T16:21:12.000Z
"5/24/2022, 11:24:12 AM",3.656,84.7,96.2,30,2022-05-24T16:24:12.000Z
"5/24/2022, 11:27:12 AM",3.656,84.9,96.2,30,2022-05-24T16:27:12.000Z
"5/24/2022, 11:30:12 AM",3.656,84.9,96.1,29,2022-05-24T16:30:12.000Z
"5/24/2022, 11:33:12 AM",3.656,85.1,96.1,29,2022-05-24T16:33:12.000Z
"5/24/2022, 11:36:12 AM",3.656,85.1,96.2,29,2022-05-24T16:36:12.000Z
"5/24/2022, 11:39:12 AM",3.656,85.3,96.1,29,2022-05-24T16:39:12.000Z
"5/24/2022, 11:42:12 AM",3.656,85.5,96.1,28,2022-05-24T16:42:12.000Z
"5/24/2022, 11:45:12 AM",3.656,85.5,96.1,27,2022-05-24T16:45:12.000Z
"5/24/2022, 11:48:12 AM",3.656,85.5,96.1,27,2022-05-24T16:48:12.000Z
"5/24/2022, 11:51:12 AM",3.656,85.5,96.1,28,2022-05-24T16:51:12.000Z
"5/24/2022, 11:54:12 AM",3.656,85.5,96.1,30,2022-05-24T16:54:12.000Z
"5/24/2022, 11:57:12 AM",3.656,85.5,96.2,29,2022-05-24T16:57:12.000Z
"5/24/2022, 12:00:12 PM",3.656,85.6,96.2,30,2022-05-24T17:00:12.000Z
"5/24/2022, 12:03:12 PM",3.656,85.8,96.2,30,2022-05-24T17:03:12.000Z
"5/24/2022, 12:06:12 PM",3.656,86,96.2,29,2022-05-24T17:06:12.000Z
"5/24/2022, 12:09:12 PM",3.656,86,96.2,31,2022-05-24T17:09:12.000Z
"5/24/2022, 12:12:12 PM",3.656,86.2,96.2,30,2022-05-24T17:12:12.000Z
"5/24/2022, 12:15:12 PM",3.656,86.5,96.1,32,2022-05-24T17:15:12.000Z
"5/24/2022, 12:18:12 PM",3.656,86.7,96.1,33,2022-05-24T17:18:12.000Z
"5/24/2022, 12:21:12 PM",3.656,86.9,96.1,31,2022-05-24T17:21:12.000Z
"5/24/2022, 12:24:12 PM",3.656,86.9,96.1,34,2022-05-24T17:24:12.000Z
"5/24/2022, 12:27:12 PM",3.656,87.1,96.1,37,2022-05-24T17:27:12.000Z
"5/24/2022, 12:30:12 PM",3.656,87.3,96.1,32,2022-05-24T17:30:12.000Z
"5/24/2022, 12:33:12 PM",3.656,87.4,96.1,36,2022-05-24T17:33:12.000Z
"5/24/2022, 12:36:12 PM",3.656,87.6,96.1,34,2022-05-24T17:36:12.000Z
"5/24/2022, 12:39:12 PM",3.656,87.6,96.1,35,2022-05-24T17:39:12.000Z
"5/24/2022, 12:42:12 PM",3.656,87.6,96.1,34,2022-05-24T17:42:12.000Z
"5/24/2022, 12:45:12 PM",3.656,87.8,96.1,35,2022-05-24T17:45:12.000Z
"5/24/2022, 12:48:12 PM",3.656,87.8,96.1,36,2022-05-24T17:48:12.000Z
"5/24/2022, 12:51:12 PM",3.655,87.8,96.1,33,2022-05-24T17:51:12.000Z
"5/24/2022, 12:54:12 PM",3.656,87.8,96.1,35,2022-05-24T17:54:12.000Z
"5/24/2022, 12:57:12 PM",3.655,88,96.2,38,2022-05-24T17:57:12.000Z
"5/24/2022, 1:00:12 PM",3.656,88,96.2,37,2022-05-24T18:00:12.000Z
"5/24/2022, 1:03:12 PM",3.655,88.2,96.1,39,2022-05-24T18:03:12.000Z
"5/24/2022, 1:06:12 PM",3.656,88.2,96.1,39,2022-05-24T18:06:12.000Z
"5/24/2022, 1:09:12 PM",3.656,88.3,96.1,35,2022-05-24T18:09:12.000Z
"5/24/2022, 1:12:12 PM",3.656,88.5,96.1,36,2022-05-24T18:12:12.000Z
"5/24/2022, 1:15:12 PM",3.656,88.5,96.1,35,2022-05-24T18:15:12.000Z
"5/24/2022, 1:18:12 PM",3.656,88.5,96.1,33,2022-05-24T18:18:12.000Z
"5/24/2022, 1:21:12 PM",3.655,88.7,96.1,35,2022-05-24T18:21:12.000Z
"5/24/2022, 1:24:12 PM",3.656,88.7,96.1,33,2022-05-24T18:24:12.000Z
"5/24/2022, 1:27:12 PM",3.656,88.7,96.1,34,2022-05-24T18:27:12.000Z
"5/24/2022, 1:30:12 PM",3.656,88.9,96,34,2022-05-24T18:30:12.000Z
"5/24/2022, 1:33:12 PM",3.656,88.9,96,37,2022-05-24T18:33:12.000Z
"5/24/2022, 1:36:12 PM",3.656,88.9,96.1,37,2022-05-24T18:36:12.000Z
"5/24/2022, 1:39:12 PM",3.656,88.9,96,36,2022-05-24T18:39:12.000Z
"5/24/2022, 1:42:12 PM",3.656,89.1,96,32,2022-05-24T18:42:12.000Z
"5/24/2022, 1:45:12 PM",3.656,89.2,96,30,2022-05-24T18:45:12.000Z
"5/24/2022, 1:48:12 PM",3.656,89.2,96,34,2022-05-24T18:48:12.000Z
"5/24/2022, 1:51:12 PM",3.655,89.4,96,32,2022-05-24T18:51:12.000Z
"5/24/2022, 1:54:12 PM",3.656,89.4,95.9,35,2022-05-24T18:54:12.000Z
"5/24/2022, 1:57:12 PM",3.656,89.6,96,32,2022-05-24T18:57:12.000Z
"5/24/2022, 2:00:12 PM",3.656,89.8,95.9,34,2022-05-24T19:00:12.000Z
"5/24/2022, 2:03:12 PM",3.656,89.8,96,37,2022-05-24T19:03:12.000Z
"5/24/2022, 2:06:12 PM",3.656,90,95.9,37,2022-05-24T19:06:12.000Z
"5/24/2022, 2:09:12 PM",3.656,90.1,95.9,35,2022-05-24T19:09:12.000Z
"5/24/2022, 2:12:12 PM",3.656,90.3,95.9,34,2022-05-24T19:12:12.000Z
"5/24/2022, 2:15:12 PM",3.656,90.5,95.9,35,2022-05-24T19:15:12.000Z
"5/24/2022, 2:18:12 PM",3.655,90.5,95.9,32,2022-05-24T19:18:12.000Z
"5/24/2022, 2:21:12 PM",3.656,90.7,95.8,34,2022-05-24T19:21:12.000Z
"5/24/2022, 2:24:12 PM",3.656,90.7,95.8,32,2022-05-24T19:24:12.000Z
"5/24/2022, 2:27:12 PM",3.655,90.7,95.9,38,2022-05-24T19:27:12.000Z
"5/24/2022, 2:30:12 PM",3.655,90.9,95.8,38,2022-05-24T19:30:12.000Z
"5/24/2022, 2:33:12 PM",3.656,91,95.8,36,2022-05-24T19:33:12.000Z
"5/24/2022, 2:36:12 PM",3.655,91,95.8,39,2022-05-24T19:36:12.000Z
"5/24/2022, 2:39:12 PM",3.656,91.2,95.8,38,2022-05-24T19:39:12.000Z
"5/24/2022, 2:42:12 PM",3.655,91.2,95.8,39,2022-05-24T19:42:12.000Z
"5/24/2022, 2:45:12 PM",3.656,91.4,95.8,38,2022-05-24T19:45:12.000Z
"5/24/2022, 2:48:12 PM",3.656,91.6,95.8,35,2022-05-24T19:48:12.000Z
"5/24/2022, 2:51:12 PM",3.656,91.6,95.8,36,2022-05-24T19:51:12.000Z
"5/24/2022, 2:54:12 PM",3.655,91.8,95.8,35,2022-05-24T19:54:12.000Z
"5/24/2022, 2:57:12 PM",3.656,91.9,95.7,35,2022-05-24T19:57:12.000Z
"5/24/2022, 3:00:12 PM",3.656,91.9,95.8,36,2022-05-24T20:00:12.000Z
"5/24/2022, 3:03:12 PM",3.655,92.1,95.7,38,2022-05-24T20:03:12.000Z
"5/24/2022, 3:06:12 PM",3.656,92.1,95.7,36,2022-05-24T20:06:12.000Z
"5/24/2022, 3:09:12 PM",3.656,92.3,95.7,34,2022-05-24T20:09:12.000Z
"5/24/2022, 3:12:12 PM",3.655,92.3,95.6,34,2022-05-24T20:12:12.000Z
"5/24/2022, 3:15:12 PM",3.655,92.3,95.6,33,2022-05-24T20:15:12.000Z
"5/24/2022, 3:18:12 PM",3.656,92.3,95.7,34,2022-05-24T20:18:12.000Z
"5/24/2022, 3:21:12 PM",3.656,92.3,95.7,33,2022-05-24T20:21:12.000Z
"5/24/2022, 3:24:12 PM",3.656,92.3,95.7,31,2022-05-24T20:24:12.000Z
"5/24/2022, 3:27:12 PM",3.656,92.5,95.7,32,2022-05-24T20:27:12.000Z
"5/24/2022, 3:30:12 PM",3.655,92.5,95.6,32,2022-05-24T20:30:12.000Z
"5/24/2022, 3:33:12 PM",3.656,92.5,95.6,30,2022-05-24T20:33:12.000Z
"5/24/2022, 3:36:12 PM",3.655,92.5,95.6,29,2022-05-24T20:36:12.000Z
"5/24/2022, 3:39:12 PM",3.656,92.3,95.6,29,2022-05-24T20:39:12.000Z
"5/24/2022, 3:42:12 PM",3.656,92.3,95.6,29,2022-05-24T20:42:12.000Z
"5/24/2022, 3:45:12 PM",3.656,92.3,95.6,31,2022-05-24T20:45:12.000Z
"5/24/2022, 3:48:12 PM",3.655,92.1,95.6,32,2022-05-24T20:48:12.000Z
"5/24/2022, 3:51:12 PM",3.656,92.1,95.6,30,2022-05-24T20:51:12.000Z
"5/24/2022, 3:54:12 PM",3.656,92.1,95.6,33,2022-05-24T20:54:12.000Z
"5/24/2022, 3:57:12 PM",3.656,92.1,95.6,32,2022-05-24T20:57:12.000Z
"5/24/2022, 4:00:12 PM",3.656,92.1,95.6,31,2022-05-24T21:00:12.000Z
"5/24/2022, 4:03:12 PM",3.656,92.1,95.6,34,2022-05-24T21:03:12.000Z
"5/24/2022, 4:06:12 PM",3.656,92.1,95.6,37,2022-05-24T21:06:12.000Z
"5/24/2022, 4:09:12 PM",3.656,92.1,95.6,36,2022-05-24T21:09:12.000Z
"5/24/2022, 4:12:12 PM",3.656,92.3,95.5,35,2022-05-24T21:12:12.000Z
"5/24/2022, 4:15:12 PM",3.656,92.3,95.6,34,2022-05-24T21:15:12.000Z
"5/24/2022, 4:18:12 PM",3.656,92.3,95.6,32,2022-05-24T21:18:12.000Z
"5/24/2022, 4:21:12 PM",3.656,92.5,95.6,32,2022-05-24T21:21:12.000Z
"5/24/2022, 4:24:12 PM",3.656,92.5,95.5,33,2022-05-24T21:24:12.000Z
"5/24/2022, 4:27:12 PM",3.656,92.7,95.5,30,2022-05-24T21:27:12.000Z
"5/24/2022, 4:30:12 PM",3.656,92.7,95.5,36,2022-05-24T21:30:12.000Z
"5/24/2022, 4:33:12 PM",3.656,92.7,95.5,34,2022-05-24T21:33:12.000Z
"5/24/2022, 4:36:12 PM",3.657,92.7,95.5,35,2022-05-24T21:36:12.000Z
"5/24/2022, 4:39:12 PM",3.656,92.7,95.5,34,2022-05-24T21:39:12.000Z
"5/24/2022, 4:42:12 PM",3.656,92.7,95.5,32,2022-05-24T21:42:12.000Z
"5/24/2022, 4:45:12 PM",3.656,92.7,95.4,30,2022-05-24T21:45:12.000Z
"5/24/2022, 4:48:12 PM",3.656,92.5,95.4,34,2022-05-24T21:48:12.000Z
"5/24/2022, 4:51:12 PM",3.656,92.5,95.4,32,2022-05-24T21:51:12.000Z
"5/24/2022, 4:54:12 PM",3.655,92.5,95.4,31,2022-05-24T21:54:12.000Z
"5/24/2022, 4:57:12 PM",3.656,92.3,95.5,30,2022-05-24T21:57:12.000Z
"5/24/2022, 5:00:12 PM",3.656,92.3,95.5,31,2022-05-24T22:00:12.000Z
"5/24/2022, 5:03:12 PM",3.656,92.3,95.4,32,2022-05-24T22:03:12.000Z
"5/24/2022, 5:06:12 PM",3.656,92.3,95.4,29,2022-05-24T22:06:12.000Z
"5/24/2022, 5:09:12 PM",3.656,92.1,95.4,29,2022-05-24T22:09:12.000Z
"5/24/2022, 5:12:12 PM",3.656,92.1,95.4,30,2022-05-24T22:12:12.000Z
"5/24/2022, 5:15:12 PM",3.657,92.1,95.4,30,2022-05-24T22:15:12.000Z
"5/24/2022, 5:18:12 PM",3.656,92.1,95.4,32,2022-05-24T22:18:12.000Z
"5/24/2022, 5:21:12 PM",3.657,92.1,95.4,32,2022-05-24T22:21:12.000Z
"5/24/2022, 5:24:12 PM",3.657,91.9,95.4,30,2022-05-24T22:24:12.000Z
"5/24/2022, 5:27:12 PM",3.657,91.9,95.4,28,2022-05-24T22:27:12.000Z
"5/24/2022, 5:30:12 PM",3.657,91.9,95.3,28,2022-05-24T22:30:12.000Z
"5/24/2022, 5:33:12 PM",3.656,91.8,95.3,28,2022-05-24T22:33:12.000Z
"5/24/2022, 5:36:12 PM",3.656,91.8,95.4,28,2022-05-24T22:36:12.000Z
"5/24/2022, 5:39:12 PM",3.657,91.8,95.4,28,2022-05-24T22:39:12.000Z
"5/24/2022, 5:42:12 PM",3.657,91.6,95.3,31,2022-05-24T22:42:12.000Z
"5/24/2022, 5:45:12 PM",3.657,91.6,95.3,30,2022-05-24T22:45:12.000Z
"5/24/2022, 5:48:12 PM",3.657,91.4,95.3,29,2022-05-24T22:48:12.000Z
"5/24/2022, 5:51:12 PM",3.657,91.2,95.3,33,2022-05-24T22:51:12.000Z
"5/24/2022, 5:54:12 PM",3.657,91.2,95.3,34,2022-05-24T22:54:12.000Z
"5/24/2022, 5:57:12 PM",3.657,91,95.4,33,2022-05-24T22:57:12.000Z
"5/24/2022, 6:00:12 PM",3.657,91,95.3,30,2022-05-24T23:00:12.000Z
"5/24/2022, 6:03:12 PM",3.657,90.9,95.3,29,2022-05-24T23:03:12.000Z
"5/24/2022, 6:06:12 PM",3.657,90.7,95.3,29,2022-05-24T23:06:12.000Z
"5/24/2022, 6:09:12 PM",3.657,90.5,95.3,31,2022-05-24T23:09:12.000Z
"5/24/2022, 6:12:12 PM",3.657,90.3,95.3,30,2022-05-24T23:12:12.000Z
"5/24/2022, 6:15:12 PM",3.657,90.1,95.3,32,2022-05-24T23:15:12.000Z
"5/24/2022, 6:18:12 PM",3.657,90,95.3,29,2022-05-24T23:18:12.000Z
"5/24/2022, 6:21:12 PM",3.657,89.8,95.3,29,2022-05-24T23:21:12.000Z
"5/24/2022, 6:24:12 PM",3.657,89.6,95.3,29,2022-05-24T23:24:12.000Z
"5/24/2022, 6:27:12 PM",3.657,89.6,95.3,29,2022-05-24T23:27:12.000Z
"5/24/2022, 6:30:12 PM",3.658,89.4,95.3,31,2022-05-24T23:30:12.000Z
"5/24/2022, 6:33:12 PM",3.658,89.2,95.3,29,2022-05-24T23:33:12.000Z
"5/24/2022, 6:36:12 PM",3.658,88.9,95.3,30,2022-05-24T23:36:12.000Z
"5/24/2022, 6:39:12 PM",3.658,88.9,95.4,30,2022-05-24T23:39:12.000Z
"5/24/2022, 6:42:12 PM",3.658,88.7,95.3,28,2022-05-24T23:42:12.000Z
"5/24/2022, 6:45:12 PM",3.658,88.5,95.4,28,2022-05-24T23:45:12.000Z
"5/24/2022, 6:48:12 PM",3.658,88.3,95.3,28,2022-05-24T23:48:12.000Z
"5/24/2022, 6:51:12 PM",3.658,88.2,95.3,26,2022-05-24T23:51:12.000Z
"5/24/2022, 6:54:12 PM",3.658,88,95.3,26,2022-05-24T23:54:12.000Z
"5/24/2022, 6:57:12 PM",3.658,87.8,95.3,27,2022-05-24T23:57:12.000Z
"5/24/2022, 7:00:12 PM",3.658,87.6,95.3,28,2022-05-25T00:00:12.000Z
"5/24/2022, 7:03:12 PM",3.658,87.4,95.3,27,2022-05-25T00:03:12.000Z
"5/24/2022, 7:06:12 PM",3.659,87.3,95.3,27,2022-05-25T00:06:12.000Z
"5/24/2022, 7:09:12 PM",3.658,87.1,95.4,26,2022-05-25T00:09:12.000Z
"5/24/2022, 7:12:12 PM",3.658,86.9,95.3,27,2022-05-25T00:12:12.000Z
"5/24/2022, 7:15:12 PM",3.659,86.7,95.4,26,2022-05-25T00:15:12.000Z
"5/24/2022, 7:18:12 PM",3.658,86.5,95.3,26,2022-05-25T00:18:12.000Z
"5/24/2022, 7:21:12 PM",3.658,86.4,95.4,27,2022-05-25T00:21:12.000Z
"5/24/2022, 7:24:12 PM",3.658,86.2,95.4,27,2022-05-25T00:24:12.000Z
"5/24/2022, 7:27:12 PM",3.659,86,95.4,26,2022-05-25T00:27:12.000Z
"5/24/2022, 7:30:12 PM",3.659,85.8,95.4,26,2022-05-25T00:30:12.000Z
"5/24/2022, 7:33:12 PM",3.659,85.6,95.4,27,2022-05-25T00:33:12.000Z
"5/24/2022, 7:36:12 PM",3.659,85.3,95.4,27,2022-05-25T00:36:12.000Z
"5/24/2022, 7:39:12 PM",3.659,85.1,95.4,27,2022-05-25T00:39:12.000Z
"5/24/2022, 7:42:12 PM",3.659,85.1,95.4,27,2022-05-25T00:42:12.000Z
"5/24/2022, 7:45:12 PM",3.659,84.7,95.4,27,2022-05-25T00:45:12.000Z
"5/24/2022, 7:48:12 PM",3.659,84.7,95.4,28,2022-05-25T00:48:12.000Z
"5/24/2022, 7:51:12 PM",3.659,84.6,95.4,27,2022-05-25T00:51:12.000Z
"5/24/2022, 7:54:12 PM",3.659,84.4,95.4,28,2022-05-25T00:54:12.000Z
"5/24/2022, 7:57:12 PM",3.659,84.2,95.4,28,2022-05-25T00:57:12.000Z
"5/24/2022, 8:00:12 PM",3.659,84,95.5,28,2022-05-25T01:00:12.000Z
"5/24/2022, 8:03:12 PM",3.66,84,95.5,27,2022-05-25T01:03:12.000Z
"5/24/2022, 8:06:12 PM",3.659,83.8,95.4,28,2022-05-25T01:06:12.000Z
"5/24/2022, 8:09:12 PM",3.659,83.7,95.4,28,2022-05-25T01:09:12.000Z
"5/24/2022, 8:12:12 PM",3.659,83.5,95.4,28,2022-05-25T01:12:12.000Z
"5/24/2022, 8:15:12 PM",3.659,83.3,95.4,28,2022-05-25T01:15:12.000Z
"5/24/2022, 8:18:12 PM",3.659,83.1,95.4,27,2022-05-25T01:18:12.000Z
"5/24/2022, 8:21:12 PM",3.659,83.1,95.4,28,2022-05-25T01:21:12.000Z
"5/24/2022, 8:24:12 PM",3.659,82.9,95.4,28,2022-05-25T01:24:12.000Z
"5/24/2022, 8:27:12 PM",3.659,82.8,95.4,28,2022-05-25T01:27:12.000Z
"5/24/2022, 8:30:12 PM",3.659,82.8,95.5,28,2022-05-25T01:30:12.000Z
"5/24/2022, 8:33:12 PM",3.659,82.6,95.4,27,2022-05-25T01:33:12.000Z
"5/24/2022, 8:36:12 PM",3.659,82.4,95.5,28,2022-05-25T01:36:12.000Z
"5/24/2022, 8:39:12 PM",3.659,82.4,95.5,29,2022-05-25T01:39:12.000Z
"5/24/2022, 8:42:12 PM",3.66,82.2,95.5,29,2022-05-25T01:42:12.000Z
"5/24/2022, 8:45:12 PM",3.659,82.2,95.5,28,2022-05-25T01:45:12.000Z
"5/24/2022, 8:48:12 PM",3.66,82,95.5,29,2022-05-25T01:48:12.000Z
"5/24/2022, 8:51:12 PM",3.66,82,95.5,29,2022-05-25T01:51:12.000Z
"5/24/2022, 8:54:12 PM",3.659,81.9,95.5,28,2022-05-25T01:54:12.000Z
"5/24/2022, 8:57:12 PM",3.66,81.9,95.5,28,2022-05-25T01:57:12.000Z
"5/24/2022, 9:00:12 PM",3.659,81.7,95.6,29,2022-05-25T02:00:12.000Z
"5/24/2022, 9:03:12 PM",3.659,81.7,95.5,28,2022-05-25T02:03:12.000Z
"5/24/2022, 9:06:12 PM",3.659,81.7,95.5,29,2022-05-25T02:06:12.000Z
"5/24/2022, 9:09:12 PM",3.659,81.5,95.6,29,2022-05-25T02:09:12.000Z
"5/24/2022, 9:12:12 PM",3.66,81.5,95.6,29,2022-05-25T02:12:12.000Z
"5/24/2022, 9:15:12 PM",3.66,81.5,95.6,28,2022-05-25T02:15:12.000Z
"5/24/2022, 9:18:12 PM",3.659,81.3,95.6,28,2022-05-25T02:18:12.000Z
"5/24/2022, 9:21:12 PM",3.659,81.3,95.6,28,2022-05-25T02:21:12.000Z
"5/24/2022, 9:24:12 PM",3.66,81.3,95.6,27,2022-05-25T02:24:12.000Z
"5/24/2022, 9:27:12 PM",3.66,81.1,95.6,28,2022-05-25T02:27:12.000Z
"5/24/2022, 9:30:12 PM",3.659,81.1,95.6,27,2022-05-25T02:30:12.000Z
"5/24/2022, 9:33:12 PM",3.66,81.1,95.6,27,2022-05-25T02:33:12.000Z
"5/24/2022, 9:36:12 PM",3.659,81.1,95.6,29,2022-05-25T02:36:12.000Z
"5/24/2022, 9:39:12 PM",3.66,81,95.6,27,2022-05-25T02:39:12.000Z
"5/24/2022, 9:42:12 PM",3.659,81,95.6,28,2022-05-25T02:42:12.000Z
"5/24/2022, 9:45:12 PM",3.66,81,95.6,28,2022-05-25T02:45:12.000Z
"5/24/2022, 9:48:12 PM",3.66,81,95.7,27,2022-05-25T02:48:12.000Z
"5/24/2022, 9:51:12 PM",3.66,80.8,95.7,27,2022-05-25T02:51:12.000Z
"5/24/2022, 9:54:12 PM",3.659,80.8,95.7,28,2022-05-25T02:54:12.000Z
"5/24/2022, 9:57:12 PM",3.659,80.8,95.6,27,2022-05-25T02:57:12.000Z
"5/24/2022, 10:00:12 PM",3.659,80.8,95.7,28,2022-05-25T03:00:12.000Z
"5/24/2022, 10:03:12 PM",3.659,80.6,95.7,28,2022-05-25T03:03:12.000Z
"5/24/2022, 10:06:12 PM",3.66,80.6,95.7,28,2022-05-25T03:06:12.000Z
"5/24/2022, 10:09:12 PM",3.659,80.6,95.7,27,2022-05-25T03:09:12.000Z
"5/24/2022, 10:12:12 PM",3.66,80.6,95.7,27,2022-05-25T03:12:12.000Z
"5/24/2022, 10:15:12 PM",3.659,80.6,95.7,28,2022-05-25T03:15:12.000Z
"5/24/2022, 10:18:12 PM",3.659,80.4,95.7,27,2022-05-25T03:18:12.000Z
"5/24/2022, 10:21:12 PM",3.659,80.4,95.7,28,2022-05-25T03:21:12.000Z
"5/24/2022, 10:24:12 PM",3.659,80.4,95.7,27,2022-05-25T03:24:12.000Z
"5/24/2022, 10:27:12 PM",3.66,80.2,95.7,27,2022-05-25T03:27:12.000Z
"5/24/2022, 10:30:12 PM",3.659,80.2,95.7,27,2022-05-25T03:30:12.000Z
"5/24/2022, 10:33:12 PM",3.659,80.2,95.7,27,2022-05-25T03:33:12.000Z
"5/24/2022, 10:36:12 PM",3.659,80.2,95.7,28,2022-05-25T03:36:12.000Z
"5/24/2022, 10:39:12 PM",3.659,80.2,95.7,27,2022-05-25T03:39:12.000Z
"5/24/2022, 10:42:12 PM",3.659,80.1,95.7,26,2022-05-25T03:42:12.000Z
"5/24/2022, 10:45:12 PM",3.66,80.1,95.7,26,2022-05-25T03:45:12.000Z
"5/24/2022, 10:48:12 PM",3.659,80.1,95.7,26,2022-05-25T03:48:12.000Z
"5/24/2022, 10:51:12 PM",3.659,79.9,95.7,25,2022-05-25T03:51:12.000Z
"5/24/2022, 10:54:12 PM",3.659,79.9,95.8,25,2022-05-25T03:54:12.000Z
"5/24/2022, 10:57:12 PM",3.659,79.9,95.7,25,2022-05-25T03:57:12.000Z
"5/24/2022, 11:00:12 PM",3.659,79.7,95.7,25,2022-05-25T04:00:12.000Z
"5/24/2022, 11:03:12 PM",3.659,79.7,95.8,25,2022-05-25T04:03:12.000Z
"5/24/2022, 11:06:12 PM",3.659,79.7,95.8,24,2022-05-25T04:06:12.000Z
"5/24/2022, 11:09:12 PM",3.66,79.5,95.8,24,2022-05-25T04:09:12.000Z
"5/24/2022, 11:12:12 PM",3.659,79.5,95.8,24,2022-05-25T04:12:12.000Z
"5/24/2022, 11:15:12 PM",3.659,79.5,95.8,24,2022-05-25T04:15:12.000Z
"5/24/2022, 11:18:12 PM",3.659,79.5,95.8,25,2022-05-25T04:18:12.000Z
"5/24/2022, 11:21:12 PM",3.66,79.5,95.8,24,2022-05-25T04:21:12.000Z
"5/24/2022, 11:24:12 PM",3.66,79.3,95.8,24,2022-05-25T04:24:12.000Z
"5/24/2022, 11:27:12 PM",3.659,79.3,95.8,24,2022-05-25T04:27:12.000Z
"5/24/2022, 11:30:12 PM",3.659,79.3,95.8,24,2022-05-25T04:30:12.000Z
"5/24/2022, 11:33:12 PM",3.66,79.3,95.8,24,2022-05-25T04:33:12.000Z
"5/24/2022, 11:36:12 PM",3.659,79.3,95.8,24,2022-05-25T04:36:12.000Z
"5/24/2022, 11:39:12 PM",3.659,79.2,95.8,24,2022-05-25T04:39:12.000Z
"5/24/2022, 11:42:12 PM",3.659,79.2,95.8,23,2022-05-25T04:42:12.000Z
"5/24/2022, 11:45:12 PM",3.659,79.2,95.8,24,2022-05-25T04:45:12.000Z
"5/24/2022, 11:48:12 PM",3.659,79.2,95.8,23,2022-05-25T04:48:12.000Z
"5/24/2022, 11:51:12 PM",3.659,79,95.8,24,2022-05-25T04:51:12.000Z
"5/24/2022, 11:54:12 PM",3.659,79,95.8,25,2022-05-25T04:54:12.000Z
"5/24/2022, 11:57:12 PM",3.659,79,95.8,25,2022-05-25T04:57:12.000Z
"5/25/2022, 12:00:12 AM",3.659,79,95.8,24,2022-05-25T05:00:12.000Z
"5/25/2022, 12:03:12 AM",3.659,79,95.8,24,2022-05-25T05:03:12.000Z
"5/25/2022, 12:06:12 AM",3.659,79,95.8,24,2022-05-25T05:06:12.000Z
"5/25/2022, 12:09:12 AM",3.659,79,95.8,23,2022-05-25T05:09:12.000Z
"5/25/2022, 12:12:12 AM",3.659,79,95.8,23,2022-05-25T05:12:12.000Z
"5/25/2022, 12:15:12 AM",3.66,79,95.8,22,2022-05-25T05:15:12.000Z
"5/25/2022, 12:18:12 AM",3.659,79,95.8,23,2022-05-25T05:18:12.000Z
"5/25/2022, 12:21:12 AM",3.659,79,95.8,22,2022-05-25T05:21:12.000Z
"5/25/2022, 12:24:12 AM",3.659,79,95.8,22,2022-05-25T05:24:12.000Z
"5/25/2022, 12:27:12 AM",3.659,78.8,95.9,22,2022-05-25T05:27:12.000Z
"5/25/2022, 12:30:12 AM",3.659,78.8,95.9,22,2022-05-25T05:30:12.000Z
"5/25/2022, 12:33:12 AM",3.659,78.8,95.9,22,2022-05-25T05:33:12.000Z
"5/25/2022, 12:36:12 AM",3.659,78.8,95.9,22,2022-05-25T05:36:12.000Z
"5/25/2022, 12:39:12 AM",3.659,78.6,95.9,22,2022-05-25T05:39:12.000Z
"5/25/2022, 12:42:12 AM",3.66,78.6,95.9,22,2022-05-25T05:42:12.000Z
"5/25/2022, 12:45:12 AM",3.659,78.6,95.9,22,2022-05-25T05:45:12.000Z
"5/25/2022, 12:48:12 AM",3.659,78.6,95.9,22,2022-05-25T05:48:12.000Z
"5/25/2022, 12:51:12 AM",3.659,78.6,95.9,22,2022-05-25T05:51:12.000Z
"5/25/2022, 12:54:12 AM",3.659,78.6,95.9,22,2022-05-25T05:54:12.000Z
"5/25/2022, 12:57:12 AM",3.659,78.6,95.9,21,2022-05-25T05:57:12.000Z
"5/25/2022, 1:00:12 AM",3.659,78.6,95.9,22,2022-05-25T06:00:12.000Z
"5/25/2022, 1:03:12 AM",3.66,78.6,95.9,22,2022-05-25T06:03:12.000Z
"5/25/2022, 1:06:12 AM",3.659,78.6,95.9,21,2022-05-25T06:06:12.000Z
"5/25/2022, 1:09:12 AM",3.659,78.8,95.9,22,2022-05-25T06:09:12.000Z
"5/25/2022, 1:12:12 AM",3.659,78.8,95.9,22,2022-05-25T06:12:12.000Z
"5/25/2022, 1:15:12 AM",3.659,78.8,95.9,22,2022-05-25T06:15:12.000Z
"5/25/2022, 1:18:12 AM",3.659,78.8,95.9,22,2022-05-25T06:18:12.000Z
"5/25/2022, 1:21:12 AM",3.659,78.8,95.9,22,2022-05-25T06:21:12.000Z
"5/25/2022, 1:24:12 AM",3.659,79,95.9,22,2022-05-25T06:24:12.000Z
"5/25/2022, 1:27:12 AM",3.659,79,95.9,22,2022-05-25T06:27:12.000Z
"5/25/2022, 1:30:12 AM",3.659,79,95.9,23,2022-05-25T06:30:12.000Z
"5/25/2022, 1:33:12 AM",3.659,79,95.9,23,2022-05-25T06:33:12.000Z
"5/25/2022, 1:36:12 AM",3.659,79,95.9,23,2022-05-25T06:36:12.000Z
"5/25/2022, 1:39:12 AM",3.659,79,95.9,24,2022-05-25T06:39:12.000Z
"5/25/2022, 1:42:12 AM",3.659,79,96,24,2022-05-25T06:42:12.000Z
"5/25/2022, 1:45:12 AM",3.659,79,96,24,2022-05-25T06:45:12.000Z
"5/25/2022, 1:48:12 AM",3.659,79.2,96,23,2022-05-25T06:48:12.000Z
"5/25/2022, 1:51:12 AM",3.659,79.2,95.9,23,2022-05-25T06:51:12.000Z
"5/25/2022, 1:54:12 AM",3.659,79.2,95.9,24,2022-05-25T06:54:12.000Z
"5/25/2022, 1:57:12 AM",3.659,79.2,96,24,2022-05-25T06:57:12.000Z
"5/25/2022, 2:00:12 AM",3.659,79.2,96,23,2022-05-25T07:00:12.000Z
"5/25/2022, 2:03:12 AM",3.659,79.2,96,23,2022-05-25T07:03:12.000Z
"5/25/2022, 2:06:12 AM",3.659,79.2,96,23,2022-05-25T07:06:12.000Z
"5/25/2022, 2:09:12 AM",3.658,79.2,96,23,2022-05-25T07:09:12.000Z
"5/25/2022, 2:12:12 AM",3.659,79.2,96,23,2022-05-25T07:12:12.000Z
"5/25/2022, 2:15:12 AM",3.659,79.2,96,24,2022-05-25T07:15:12.000Z
"5/25/2022, 2:18:12 AM",3.659,79.2,96,23,2022-05-25T07:18:12.000Z
"5/25/2022, 2:21:12 AM",3.658,79.2,96,22,2022-05-25T07:21:12.000Z
"5/25/2022, 2:24:12 AM",3.659,79.2,96,23,2022-05-25T07:24:12.000Z
"5/25/2022, 2:27:12 AM",3.659,79.2,96,23,2022-05-25T07:27:12.000Z
"5/25/2022, 2:30:12 AM",3.659,79.2,96,24,2022-05-25T07:30:12.000Z
"5/25/2022, 2:33:12 AM",3.659,79.2,96,23,2022-05-25T07:33:12.000Z
"5/25/2022, 2:36:12 AM",3.659,79.3,96,24,2022-05-25T07:36:12.000Z
"5/25/2022, 2:39:12 AM",3.659,79.3,96.1,23,2022-05-25T07:39:12.000Z
"5/25/2022, 2:42:12 AM",3.659,79.3,96.1,24,2022-05-25T07:42:12.000Z
"5/25/2022, 2:45:12 AM",3.659,79.3,96.1,24,2022-05-25T07:45:12.000Z
"5/25/2022, 2:48:12 AM",3.659,79.3,96,24,2022-05-25T07:48:12.000Z
"5/25/2022, 2:51:12 AM",3.659,79.5,96,24,2022-05-25T07:51:12.000Z
"5/25/2022, 2:54:12 AM",3.659,79.5,96,24,2022-05-25T07:54:12.000Z
"5/25/2022, 2:57:12 AM",3.659,79.5,96.1,25,2022-05-25T07:57:12.000Z
"5/25/2022, 3:00:12 AM",3.659,79.5,96.1,25,2022-05-25T08:00:12.000Z
"5/25/2022, 3:03:12 AM",3.659,79.5,96.1,25,2022-05-25T08:03:12.000Z
"5/25/2022, 3:06:12 AM",3.659,79.5,96.1,24,2022-05-25T08:06:12.000Z
"5/25/2022, 3:09:12 AM",3.658,79.5,96.1,25,2022-05-25T08:09:12.000Z
"5/25/2022, 3:12:12 AM",3.659,79.7,96.1,25,2022-05-25T08:12:12.000Z
"5/25/2022, 3:15:12 AM",3.659,79.7,96.1,24,2022-05-25T08:15:12.000Z
"5/25/2022, 3:18:12 AM",3.659,79.7,96.1,24,2022-05-25T08:18:12.000Z
"5/25/2022, 3:21:12 AM",3.659,79.7,96.1,25,2022-05-25T08:21:12.000Z
"5/25/2022, 3:24:12 AM",3.658,79.7,96.1,24,2022-05-25T08:24:12.000Z
"5/25/2022, 3:27:12 AM",3.659,79.7,96.1,24,2022-05-25T08:27:12.000Z
"5/25/2022, 3:30:12 AM",3.659,79.7,96.1,24,2022-05-25T08:30:12.000Z
"5/25/2022, 3:33:12 AM",3.659,79.7,96.1,25,2022-05-25T08:33:12.000Z
"5/25/2022, 3:36:12 AM",3.659,79.7,96.1,24,2022-05-25T08:36:12.000Z
"5/25/2022, 3:39:12 AM",3.658,79.7,96.1,25,2022-05-25T08:39:12.000Z
"5/25/2022, 3:42:12 AM",3.659,79.7,96.1,24,2022-05-25T08:42:12.000Z
"5/25/2022, 3:45:12 AM",3.659,79.7,96.1,25,2022-05-25T08:45:12.000Z
"5/25/2022, 3:48:12 AM",3.659,79.7,96.1,25,2022-05-25T08:48:12.000Z
"5/25/2022, 3:51:12 AM",3.659,79.9,96.1,24,2022-05-25T08:51:12.000Z
"5/25/2022, 3:54:12 AM",3.659,79.9,96.1,24,2022-05-25T08:54:12.000Z
"5/25/2022, 3:57:12 AM",3.659,79.9,96.1,24,2022-05-25T08:57:12.000Z
"5/25/2022, 4:00:12 AM",3.659,79.9,96.2,25,2022-05-25T09:00:12.000Z
"5/25/2022, 4:03:12 AM",3.659,79.7,96.2,24,2022-05-25T09:03:12.000Z
"5/25/2022, 4:06:12 AM",3.659,79.7,96.2,24,2022-05-25T09:06:12.000Z
"5/25/2022, 4:09:12 AM",3.659,79.7,96.2,25,2022-05-25T09:09:12.000Z
"5/25/2022, 4:12:12 AM",3.658,79.7,96.2,24,2022-05-25T09:12:12.000Z
"5/25/2022, 4:15:12 AM",3.659,79.7,96.2,23,2022-05-25T09:15:12.000Z
"5/25/2022, 4:18:12 AM",3.659,79.5,96.3,24,2022-05-25T09:18:12.000Z
"5/25/2022, 4:21:12 AM",3.659,79.5,96.3,23,2022-05-25T09:21:12.000Z
"5/25/2022, 4:24:12 AM",3.659,79.5,96.2,23,2022-05-25T09:24:12.000Z
"5/25/2022, 4:27:12 AM",3.659,79.5,96.2,24,2022-05-25T09:27:12.000Z
"5/25/2022, 4:30:12 AM",3.659,79.5,96.2,24,2022-05-25T09:30:12.000Z
"5/25/2022, 4:33:12 AM",3.659,79.5,96.2,24,2022-05-25T09:33:12.000Z
"5/25/2022, 4:36:12 AM",3.659,79.3,96.3,24,2022-05-25T09:36:12.000Z
"5/25/2022, 4:39:12 AM",3.659,79.3,96.3,23,2022-05-25T09:39:12.000Z
"5/25/2022, 4:42:12 AM",3.659,79.3,96.3,24,2022-05-25T09:42:12.000Z
"5/25/2022, 4:45:12 AM",3.659,79.3,96.3,24,2022-05-25T09:45:12.000Z
"5/25/2022, 4:48:12 AM",3.659,79.3,96.3,25,2022-05-25T09:48:12.000Z
"5/25/2022, 4:51:12 AM",3.659,79.3,96.3,26,2022-05-25T09:51:12.000Z
"5/25/2022, 4:54:12 AM",3.659,79.3,96.3,24,2022-05-25T09:54:12.000Z
"5/25/2022, 4:57:12 AM",3.659,79.3,96.3,24,2022-05-25T09:57:12.000Z
"5/25/2022, 5:00:12 AM",3.659,79.3,96.3,24,2022-05-25T10:00:12.000Z
"5/25/2022, 5:03:12 AM",3.659,79.3,96.3,26,2022-05-25T10:03:12.000Z
"5/25/2022, 5:06:12 AM",3.659,79.3,96.3,25,2022-05-25T10:06:12.000Z
"5/25/2022, 5:09:12 AM",3.659,79.3,96.3,25,2022-05-25T10:09:12.000Z
"5/25/2022, 5:12:12 AM",3.659,79.3,96.3,25,2022-05-25T10:12:12.000Z
"5/25/2022, 5:15:12 AM",3.659,79.3,96.3,26,2022-05-25T10:15:12.000Z
"5/25/2022, 5:18:12 AM",3.659,79.3,96.3,28,2022-05-25T10:18:12.000Z
"5/25/2022, 5:21:12 AM",3.659,79.3,96.3,26,2022-05-25T10:21:12.000Z
"5/25/2022, 5:24:12 AM",3.659,79.5,96.3,29,2022-05-25T10:24:12.000Z
"5/25/2022, 5:27:12 AM",3.659,79.5,96.3,28,2022-05-25T10:27:12.000Z
"5/25/2022, 5:30:12 AM",3.659,79.7,96.3,27,2022-05-25T10:30:12.000Z
"5/25/2022, 5:33:12 AM",3.659,79.7,96.3,28,2022-05-25T10:33:12.000Z
"5/25/2022, 5:36:12 AM",3.659,79.7,96.3,28,2022-05-25T10:36:12.000Z
"5/25/2022, 5:39:12 AM",3.659,79.9,96.3,28,2022-05-25T10:39:12.000Z
"5/25/2022, 5:42:12 AM",3.658,79.9,96.3,28,2022-05-25T10:42:12.000Z
"5/25/2022, 5:45:12 AM",3.659,79.9,96.3,28,2022-05-25T10:45:12.000Z
"5/25/2022, 5:48:12 AM",3.659,79.9,96.3,27,2022-05-25T10:48:12.000Z
"5/25/2022, 5:51:12 AM",3.658,79.9,96.3,28,2022-05-25T10:51:12.000Z
"5/25/2022, 5:54:12 AM",3.659,79.9,96.3,29,2022-05-25T10:54:12.000Z
"5/25/2022, 5:57:12 AM",3.659,80.1,96.4,28,2022-05-25T10:57:12.000Z
"5/25/2022, 6:00:12 AM",3.659,80.1,96.3,29,2022-05-25T11:00:12.000Z
"5/25/2022, 6:03:12 AM",3.659,80.1,96.3,28,2022-05-25T11:03:12.000Z
"5/25/2022, 6:06:12 AM",3.659,80.1,96.3,28,2022-05-25T11:06:12.000Z
"5/25/2022, 6:09:12 AM",3.659,80.2,96.3,28,2022-05-25T11:09:12.000Z
"5/25/2022, 6:12:12 AM",3.659,80.2,96.4,28,2022-05-25T11:12:12.000Z
"5/25/2022, 6:15:12 AM",3.659,80.2,96.4,29,2022-05-25T11:15:12.000Z
"5/25/2022, 6:18:12 AM",3.658,80.2,96.4,28,2022-05-25T11:18:12.000Z
"5/25/2022, 6:21:12 AM",3.658,80.2,96.4,28,2022-05-25T11:21:12.000Z
"5/25/2022, 6:24:12 AM",3.659,80.4,96.4,27,2022-05-25T11:24:12.000Z
"5/25/2022, 6:27:12 AM",3.658,80.2,96.4,28,2022-05-25T11:27:12.000Z
"5/25/2022, 6:30:12 AM",3.659,80.2,96.4,28,2022-05-25T11:30:12.000Z
"5/25/2022, 6:33:12 AM",3.659,80.4,96.4,28,2022-05-25T11:33:12.000Z
"5/25/2022, 6:36:12 AM",3.659,80.4,96.4,28,2022-05-25T11:36:12.000Z
"5/25/2022, 6:39:12 AM",3.659,80.4,96.4,28,2022-05-25T11:39:12.000Z
"5/25/2022, 6:42:12 AM",3.659,80.4,96.4,29,2022-05-25T11:42:12.000Z
"5/25/2022, 6:45:12 AM",3.658,80.4,96.4,28,2022-05-25T11:45:12.000Z
"5/25/2022, 6:48:12 AM",3.659,80.6,96.4,29,2022-05-25T11:48:12.000Z
"5/25/2022, 6:51:12 AM",3.659,80.6,96.4,29,2022-05-25T11:51:12.000Z
"5/25/2022, 6:54:12 AM",3.658,80.6,96.4,28,2022-05-25T11:54:12.000Z
"5/25/2022, 6:57:12 AM",3.659,80.8,96.4,29,2022-05-25T11:57:12.000Z
"5/25/2022, 7:00:12 AM",3.658,80.8,96.4,29,2022-05-25T12:00:12.000Z
"5/25/2022, 7:03:12 AM",3.658,80.8,96.5,29,2022-05-25T12:03:12.000Z
"5/25/2022, 7:06:12 AM",3.659,81,96.5,29,2022-05-25T12:06:12.000Z
"5/25/2022, 7:09:12 AM",3.659,81,96.5,29,2022-05-25T12:09:12.000Z
"5/25/2022, 7:12:12 AM",3.658,81.1,96.5,29,2022-05-25T12:12:12.000Z
"5/25/2022, 7:15:12 AM",3.659,81.1,96.5,29,2022-05-25T12:15:12.000Z
"5/25/2022, 7:18:12 AM",3.659,81.3,96.5,29,2022-05-25T12:18:12.000Z
"5/25/2022, 7:21:12 AM",3.658,81.3,96.5,29,2022-05-25T12:21:12.000Z
"5/25/2022, 7:24:12 AM",3.659,81.3,96.5,29,2022-05-25T12:24:12.000Z
"5/25/2022, 7:27:12 AM",3.658,81.3,96.5,29,2022-05-25T12:27:12.000Z
"5/25/2022, 7:30:12 AM",3.658,81.5,96.5,29,2022-05-25T12:30:12.000Z
"5/25/2022, 7:33:12 AM",3.659,81.5,96.5,29,2022-05-25T12:33:12.000Z
"5/25/2022, 7:36:12 AM",3.658,81.5,96.5,29,2022-05-25T12:36:12.000Z
"5/25/2022, 7:39:12 AM",3.658,81.5,96.5,30,2022-05-25T12:39:12.000Z
"5/25/2022, 7:42:12 AM",3.658,81.7,96.5,30,2022-05-25T12:42:12.000Z
"5/25/2022, 7:45:12 AM",3.658,81.7,96.4,30,2022-05-25T12:45:12.000Z
"5/25/2022, 7:48:12 AM",3.658,81.9,96.5,30,2022-05-25T12:48:12.000Z
"5/25/2022, 7:51:12 AM",3.659,82,96.5,32,2022-05-25T12:51:12.000Z
"5/25/2022, 7:54:12 AM",3.659,82.2,96.5,31,2022-05-25T12:54:12.000Z
"5/25/2022, 7:57:12 AM",3.658,82.2,96.5,31,2022-05-25T12:57:12.000Z
"5/25/2022, 8:00:12 AM",3.658,82.4,96.5,31,2022-05-25T13:00:12.000Z
"5/25/2022, 8:03:12 AM",3.658,82.4,96.4,31,2022-05-25T13:03:12.000Z
"5/25/2022, 8:06:12 AM",3.658,82.6,96.4,31,2022-05-25T13:06:12.000Z
"5/25/2022, 8:09:12 AM",3.658,82.8,96.4,31,2022-05-25T13:09:12.000Z
"5/25/2022, 8:12:12 AM",3.658,82.9,96.4,32,2022-05-25T13:12:12.000Z
"5/25/2022, 8:15:12 AM",3.658,83.1,96.5,31,2022-05-25T13:15:12.000Z
"5/25/2022, 8:18:12 AM",3.658,83.1,96.4,31,2022-05-25T13:18:12.000Z
"5/25/2022, 8:21:12 AM",3.658,83.1,96.4,31,2022-05-25T13:21:12.000Z
"5/25/2022, 8:24:12 AM",3.658,83.1,96.4,31,2022-05-25T13:24:12.000Z
"5/25/2022, 8:27:12 AM",3.658,83.3,96.4,30,2022-05-25T13:27:12.000Z
"5/25/2022, 8:30:12 AM",3.658,83.3,96.4,30,2022-05-25T13:30:12.000Z
"5/25/2022, 8:33:12 AM",3.658,83.3,96.4,30,2022-05-25T13:33:12.000Z
"5/25/2022, 8:36:12 AM",3.658,83.3,96.4,31,2022-05-25T13:36:12.000Z
"5/25/2022, 8:39:12 AM",3.658,83.3,96.5,30,2022-05-25T13:39:12.000Z
"5/25/2022, 8:42:12 AM",3.659,83.3,96.5,29,2022-05-25T13:42:12.000Z
"5/25/2022, 8:45:12 AM",3.658,83.3,96.5,29,2022-05-25T13:45:12.000Z
"5/25/2022, 8:48:12 AM",3.658,83.3,96.4,29,2022-05-25T13:48:12.000Z
"5/25/2022, 8:51:12 AM",3.658,83.3,96.4,30,2022-05-25T13:51:12.000Z
"5/25/2022, 8:54:12 AM",3.658,83.3,96.5,29,2022-05-25T13:54:12.000Z
"5/25/2022, 8:57:12 AM",3.658,83.3,96.5,30,2022-05-25T13:57:12.000Z
"5/25/2022, 9:00:12 AM",3.658,83.3,96.5,29,2022-05-25T14:00:12.000Z
"5/25/2022, 9:03:12 AM",3.658,83.3,96.5,29,2022-05-25T14:03:12.000Z
"5/25/2022, 9:06:12 AM",3.658,83.3,96.5,29,2022-05-25T14:06:12.000Z
"5/25/2022, 9:09:12 AM",3.659,83.3,96.5,29,2022-05-25T14:09:12.000Z
"5/25/2022, 9:12:12 AM",3.658,83.3,96.5,30,2022-05-25T14:12:12.000Z
"5/25/2022, 9:15:12 AM",3.658,83.3,96.5,29,2022-05-25T14:15:12.000Z
"5/25/2022, 9:18:12 AM",3.658,83.3,96.5,30,2022-05-25T14:18:12.000Z
"5/25/2022, 9:21:12 AM",3.658,83.3,96.5,30,2022-05-25T14:21:12.000Z
"5/25/2022, 9:24:12 AM",3.659,83.5,96.5,30,2022-05-25T14:24:12.000Z
"5/25/2022, 9:27:12 AM",3.658,83.5,96.5,29,2022-05-25T14:27:12.000Z
"5/25/2022, 9:30:12 AM",3.658,83.5,96.5,30,2022-05-25T14:30:12.000Z
"5/25/2022, 9:33:12 AM",3.658,83.7,96.6,31,2022-05-25T14:33:12.000Z
"5/25/2022, 9:36:12 AM",3.658,83.7,96.6,30,2022-05-25T14:36:12.000Z
"5/25/2022, 9:39:12 AM",3.658,83.8,96.6,30,2022-05-25T14:39:12.000Z
"5/25/2022, 9:42:12 AM",3.658,83.8,96.5,30,2022-05-25T14:42:12.000Z
"5/25/2022, 9:45:12 AM",3.658,83.8,96.5,31,2022-05-25T14:45:12.000Z
"5/25/2022, 9:48:12 AM",3.658,84,96.6,31,2022-05-25T14:48:12.000Z
"5/25/2022, 9:51:12 AM",3.658,84.2,96.6,32,2022-05-25T14:51:12.000Z
"5/25/2022, 9:54:12 AM",3.658,84.2,96.6,30,2022-05-25T14:54:12.000Z
"5/25/2022, 9:57:12 AM",3.658,84.4,96.6,30,2022-05-25T14:57:12.000Z
"5/25/2022, 10:00:12 AM",3.658,84.6,96.6,33,2022-05-25T15:00:12.000Z
"5/25/2022, 10:03:12 AM",3.658,84.9,96.6,34,2022-05-25T15:03:12.000Z
"5/25/2022, 10:06:12 AM",3.658,85.1,96.6,33,2022-05-25T15:06:12.000Z
"5/25/2022, 10:09:12 AM",3.658,85.5,96.6,33,2022-05-25T15:09:12.000Z
"5/25/2022, 10:12:12 AM",3.658,85.6,96.6,33,2022-05-25T15:12:12.000Z
"5/25/2022, 10:15:12 AM",3.658,85.8,96.6,32,2022-05-25T15:15:12.000Z
"5/25/2022, 10:18:12 AM",3.657,86,96.6,31,2022-05-25T15:18:12.000Z
"5/25/2022, 10:21:12 AM",3.658,86.2,96.6,31,2022-05-25T15:21:12.000Z
"5/25/2022, 10:24:12 AM",3.658,86.4,96.6,32,2022-05-25T15:24:12.000Z
"5/25/2022, 10:27:12 AM",3.657,86.7,96.6,34,2022-05-25T15:27:12.000Z
"5/25/2022, 10:30:12 AM",3.658,86.9,96.6,34,2022-05-25T15:30:12.000Z
"5/25/2022, 10:33:12 AM",3.658,87.1,96.6,33,2022-05-25T15:33:12.000Z
"5/25/2022, 10:36:12 AM",3.657,87.3,96.6,33,2022-05-25T15:36:12.000Z
"5/25/2022, 10:39:12 AM",3.657,87.4,96.6,33,2022-05-25T15:39:12.000Z
"5/25/2022, 10:42:12 AM",3.657,87.4,96.6,33,2022-05-25T15:42:12.000Z
"5/25/2022, 10:45:12 AM",3.657,87.6,96.5,34,2022-05-25T15:45:12.000Z
"5/25/2022, 10:48:12 AM",3.657,87.8,96.6,35,2022-05-25T15:48:12.000Z
"5/25/2022, 10:51:12 AM",3.657,88.2,96.6,34,2022-05-25T15:51:12.000Z
"5/25/2022, 10:54:12 AM",3.657,88.3,96.6,34,2022-05-25T15:54:12.000Z
"5/25/2022, 10:57:12 AM",3.657,88.7,96.5,33,2022-05-25T15:57:12.000Z
"5/25/2022, 11:00:12 AM",3.657,88.9,96.5,34,2022-05-25T16:00:12.000Z
"5/25/2022, 11:03:12 AM",3.657,89.1,96.5,35,2022-05-25T16:03:12.000Z
"5/25/2022, 11:06:12 AM",3.657,89.2,96.5,35,2022-05-25T16:06:12.000Z
"5/25/2022, 11:09:12 AM",3.657,89.6,96.5,33,2022-05-25T16:09:12.000Z
"5/25/2022, 11:12:12 AM",3.657,89.8,96.5,33,2022-05-25T16:12:12.000Z
"5/25/2022, 11:15:12 AM",3.657,90.1,96.5,34,2022-05-25T16:15:12.000Z
"5/25/2022, 11:18:12 AM",3.657,90.3,96.5,34,2022-05-25T16:18:12.000Z
"5/25/2022, 11:21:12 AM",3.657,90.5,96.6,34,2022-05-25T16:21:12.000Z
"5/25/2022, 11:24:12 AM",3.657,90.7,96.6,34,2022-05-25T16:24:12.000Z
"5/25/2022, 11:27:12 AM",3.657,90.9,96.6,35,2022-05-25T16:27:12.000Z
"5/25/2022, 11:30:12 AM",3.657,91,96.6,36,2022-05-25T16:30:12.000Z
"5/25/2022, 11:33:12 AM",3.657,91,96.6,37,2022-05-25T16:33:12.000Z
"5/25/2022, 11:36:12 AM",3.657,91.2,96.6,36,2022-05-25T16:36:12.000Z
"5/25/2022, 11:39:12 AM",3.656,91.4,96.6,33,2022-05-25T16:39:12.000Z
"5/25/2022, 11:42:12 AM",3.657,91.6,96.6,34,2022-05-25T16:42:12.000Z
"5/25/2022, 11:45:12 AM",3.657,91.6,96.6,32,2022-05-25T16:45:12.000Z
"5/25/2022, 11:48:12 AM",3.657,91.8,96.6,34,2022-05-25T16:48:12.000Z
"5/25/2022, 11:51:12 AM",3.657,91.9,96.6,34,2022-05-25T16:51:12.000Z
"5/25/2022, 11:54:12 AM",3.657,92.1,96.6,35,2022-05-25T16:54:12.000Z
"5/25/2022, 11:57:12 AM",3.657,92.3,96.6,39,2022-05-25T16:57:12.000Z
"5/25/2022, 12:00:12 PM",3.656,92.5,96.6,37,2022-05-25T17:00:12.000Z
"5/25/2022, 12:03:12 PM",3.657,92.7,96.6,37,2022-05-25T17:03:12.000Z
"5/25/2022, 12:06:12 PM",3.656,92.8,96.5,36,2022-05-25T17:06:12.000Z
"5/25/2022, 12:09:12 PM",3.657,93.2,96.5,36,2022-05-25T17:09:12.000Z
"5/25/2022, 12:12:12 PM",3.656,93.4,96.5,32,2022-05-25T17:12:12.000Z
"5/25/2022, 12:15:12 PM",3.656,93.6,96.5,31,2022-05-25T17:15:12.000Z
"5/25/2022, 12:18:12 PM",3.656,93.7,96.5,34,2022-05-25T17:18:12.000Z
"5/25/2022, 12:21:12 PM",3.656,93.9,96.5,30,2022-05-25T17:21:12.000Z
"5/25/2022, 12:24:12 PM",3.656,93.9,96.5,30,2022-05-25T17:24:12.000Z
"5/25/2022, 12:27:12 PM",3.656,94.1,96.5,29,2022-05-25T17:27:12.000Z
"5/25/2022, 12:30:12 PM",3.657,94.3,96.5,26,2022-05-25T17:30:12.000Z
"5/25/2022, 12:33:12 PM",3.657,94.5,96.4,26,2022-05-25T17:33:12.000Z
"5/25/2022, 12:36:12 PM",3.656,94.5,96.4,29,2022-05-25T17:36:12.000Z
"5/25/2022, 12:39:12 PM",3.656,94.5,96.5,29,2022-05-25T17:39:12.000Z
"5/25/2022, 12:42:12 PM",3.656,94.6,96.4,28,2022-05-25T17:42:12.000Z
"5/25/2022, 12:45:12 PM",3.656,94.8,96.4,25,2022-05-25T17:45:12.000Z
"5/25/2022, 12:48:12 PM",3.656,94.8,96.4,25,2022-05-25T17:48:12.000Z
"5/25/2022, 12:51:12 PM",3.656,95,96.4,26,2022-05-25T17:51:12.000Z
"5/25/2022, 12:54:12 PM",3.656,95.2,96.4,25,2022-05-25T17:54:12.000Z
"5/25/2022, 12:57:12 PM",3.656,95.2,96.4,25,2022-05-25T17:57:12.000Z
"5/25/2022, 1:00:12 PM",3.656,95.4,96.4,24,2022-05-25T18:00:12.000Z
"5/25/2022, 1:03:12 PM",3.656,95.4,96.4,26,2022-05-25T18:03:12.000Z
"5/25/2022, 1:06:12 PM",3.656,95.5,96.4,24,2022-05-25T18:06:12.000Z
"5/25/2022, 1:09:12 PM",3.656,95.5,96.4,25,2022-05-25T18:09:12.000Z
"5/25/2022, 1:12:12 PM",3.656,95.5,96.3,24,2022-05-25T18:12:12.000Z
"5/25/2022, 1:15:12 PM",3.656,95.5,96.3,27,2022-05-25T18:15:12.000Z
"5/25/2022, 1:18:12 PM",3.656,95.5,96.3,24,2022-05-25T18:18:12.000Z
"5/25/2022, 1:21:12 PM",3.656,95.5,96.3,26,2022-05-25T18:21:12.000Z
"5/25/2022, 1:24:12 PM",3.656,95.5,96.3,27,2022-05-25T18:24:12.000Z
"5/25/2022, 1:27:12 PM",3.656,95.5,96.3,27,2022-05-25T18:27:12.000Z
"5/25/2022, 1:30:12 PM",3.656,95.5,96.3,26,2022-05-25T18:30:12.000Z
"5/25/2022, 1:33:12 PM",3.656,95.5,96.3,25,2022-05-25T18:33:12.000Z
"5/25/2022, 1:36:12 PM",3.656,95.5,96.3,27,2022-05-25T18:36:12.000Z
"5/25/2022, 1:39:12 PM",3.657,95.5,96.3,26,2022-05-25T18:39:12.000Z
"5/25/2022, 1:42:12 PM",3.656,95.5,96.3,26,2022-05-25T18:42:12.000Z
"5/25/2022, 1:45:12 PM",3.656,95.5,96.2,28,2022-05-25T18:45:12.000Z
"5/25/2022, 1:48:12 PM",3.657,95.5,96.2,27,2022-05-25T18:48:12.000Z
"5/25/2022, 1:51:12 PM",3.657,95.4,96.3,27,2022-05-25T18:51:12.000Z
"5/25/2022, 1:54:12 PM",3.657,95.2,96.2,28,2022-05-25T18:54:12.000Z
"5/25/2022, 1:57:12 PM",3.656,95,96.2,28,2022-05-25T18:57:12.000Z
"5/25/2022, 2:00:12 PM",3.657,94.8,96.2,28,2022-05-25T19:00:12.000Z
"5/25/2022, 2:03:12 PM",3.657,94.6,96.2,27,2022-05-25T19:03:12.000Z
"5/25/2022, 2:06:12 PM",3.657,94.5,96.2,28,2022-05-25T19:06:12.000Z
"5/25/2022, 2:09:12 PM",3.657,94.3,96.2,27,2022-05-25T19:09:12.000Z
"5/25/2022, 2:12:12 PM",3.657,94.1,96.2,26,2022-05-25T19:12:12.000Z
"5/25/2022, 2:15:12 PM",3.657,93.9,96.2,28,2022-05-25T19:15:12.000Z
"5/25/2022, 2:18:12 PM",3.657,93.9,96.2,29,2022-05-25T19:18:12.000Z
"5/25/2022, 2:21:12 PM",3.657,93.7,96.2,28,2022-05-25T19:21:12.000Z
"5/25/2022, 2:24:12 PM",3.657,93.6,96.2,28,2022-05-25T19:24:12.000Z
"5/25/2022, 2:27:12 PM",3.658,93.6,96.2,30,2022-05-25T19:27:12.000Z
"5/25/2022, 2:30:12 PM",3.657,93.6,96.2,30,2022-05-25T19:30:12.000Z
"5/25/2022, 2:33:12 PM",3.657,93.6,96.2,32,2022-05-25T19:33:12.000Z
"5/25/2022, 2:36:12 PM",3.658,93.7,96.2,34,2022-05-25T19:36:12.000Z
"5/25/2022, 2:39:12 PM",3.658,93.9,96.2,36,2022-05-25T19:39:12.000Z
"5/25/2022, 2:42:12 PM",3.657,94.1,96.2,31,2022-05-25T19:42:12.000Z
"5/25/2022, 2:45:12 PM",3.657,94.1,96.2,30,2022-05-25T19:45:12.000Z
"5/25/2022, 2:48:12 PM",3.657,94.3,96.2,30,2022-05-25T19:48:12.000Z
"5/25/2022, 2:51:12 PM",3.657,94.3,96.2,31,2022-05-25T19:51:12.000Z
"5/25/2022, 2:54:12 PM",3.658,94.3,96.1,31,2022-05-25T19:54:12.000Z
"5/25/2022, 2:57:12 PM",3.657,94.3,96.1,30,2022-05-25T19:57:12.000Z
"5/25/2022, 3:00:12 PM",3.657,94.3,96.1,33,2022-05-25T20:00:12.000Z
"5/25/2022, 3:03:12 PM",3.657,94.3,96.1,31,2022-05-25T20:03:12.000Z
"5/25/2022, 3:06:12 PM",3.657,94.3,96.1,35,2022-05-25T20:06:12.000Z
"5/25/2022, 3:09:12 PM",3.658,94.5,96.1,33,2022-05-25T20:09:12.000Z
"5/25/2022, 3:12:12 PM",3.657,94.6,96.1,30,2022-05-25T20:12:12.000Z
"5/25/2022, 3:15:12 PM",3.657,94.8,96.1,26,2022-05-25T20:15:12.000Z
"5/25/2022, 3:18:12 PM",3.657,95,96.1,23,2022-05-25T20:18:12.000Z
"5/25/2022, 3:21:12 PM",3.658,95.2,96.1,22,2022-05-25T20:21:12.000Z
"5/25/2022, 3:24:12 PM",3.657,95.2,96.1,25,2022-05-25T20:24:12.000Z
"5/25/2022, 3:27:12 PM",3.657,95.2,96.1,26,2022-05-25T20:27:12.000Z
"5/25/2022, 3:30:12 PM",3.657,95.2,96.1,25,2022-05-25T20:30:12.000Z
"5/25/2022, 3:33:12 PM",3.657,95.2,96.1,31,2022-05-25T20:33:12.000Z
"5/25/2022, 3:36:12 PM",3.657,95.2,96,27,2022-05-25T20:36:12.000Z
"5/25/2022, 3:39:12 PM",3.657,95.4,96,27,2022-05-25T20:39:12.000Z
"5/25/2022, 3:42:12 PM",3.657,95.4,96,29,2022-05-25T20:42:12.000Z
"5/25/2022, 3:45:12 PM",3.657,95.5,96,29,2022-05-25T20:45:12.000Z
"5/25/2022, 3:48:12 PM",3.657,95.7,96,32,2022-05-25T20:48:12.000Z
"5/25/2022, 3:51:12 PM",3.657,95.7,96,31,2022-05-25T20:51:12.000Z
"5/25/2022, 3:54:12 PM",3.657,95.9,96,28,2022-05-25T20:54:12.000Z
"5/25/2022, 3:57:12 PM",3.657,95.9,96,26,2022-05-25T20:57:12.000Z
"5/25/2022, 4:00:12 PM",3.657,95.9,96,25,2022-05-25T21:00:12.000Z
"5/25/2022, 4:03:12 PM",3.657,95.9,96,26,2022-05-25T21:03:12.000Z
"5/25/2022, 4:06:12 PM",3.657,95.7,95.9,26,2022-05-25T21:06:12.000Z
"5/25/2022, 4:09:12 PM",3.657,95.5,96,25,2022-05-25T21:09:12.000Z
"5/25/2022, 4:12:12 PM",3.657,95.5,96,24,2022-05-25T21:12:12.000Z
"5/25/2022, 4:15:12 PM",3.657,95.4,95.9,25,2022-05-25T21:15:12.000Z
"5/25/2022, 4:18:12 PM",3.657,95.2,95.9,23,2022-05-25T21:18:12.000Z
"5/25/2022, 4:21:12 PM",3.657,95.2,95.9,24,2022-05-25T21:21:12.000Z
"5/25/2022, 4:24:12 PM",3.657,95.2,96,25,2022-05-25T21:24:12.000Z
"5/25/2022, 4:27:12 PM",3.657,95,95.9,25,2022-05-25T21:27:12.000Z
"5/25/2022, 4:30:12 PM",3.657,94.8,95.9,24,2022-05-25T21:30:12.000Z
"5/25/2022, 4:33:12 PM",3.658,94.6,95.9,25,2022-05-25T21:33:12.000Z
"5/25/2022, 4:36:12 PM",3.658,94.6,95.9,26,2022-05-25T21:36:12.000Z
"5/25/2022, 4:39:12 PM",3.658,94.5,95.9,26,2022-05-25T21:39:12.000Z
"5/25/2022, 4:42:12 PM",3.658,94.3,95.9,25,2022-05-25T21:42:12.000Z
"5/25/2022, 4:45:12 PM",3.658,94.1,95.9,24,2022-05-25T21:45:12.000Z
"5/25/2022, 4:48:12 PM",3.658,93.9,95.9,24,2022-05-25T21:48:12.000Z
"5/25/2022, 4:51:12 PM",3.658,93.9,96,25,2022-05-25T21:51:12.000Z
"5/25/2022, 4:54:12 PM",3.658,93.6,95.9,24,2022-05-25T21:54:12.000Z
"5/25/2022, 4:57:12 PM",3.658,93.4,95.9,28,2022-05-25T21:57:12.000Z
"5/25/2022, 5:00:12 PM",3.658,93.2,95.9,27,2022-05-25T22:00:12.000Z
"5/25/2022, 5:03:12 PM",3.658,93,95.9,27,2022-05-25T22:03:12.000Z
"5/25/2022, 5:06:12 PM",3.658,92.8,95.9,27,2022-05-25T22:06:12.000Z
"5/25/2022, 5:09:12 PM",3.659,92.5,95.9,27,2022-05-25T22:09:12.000Z
"5/25/2022, 5:12:12 PM",3.658,92.3,95.9,28,2022-05-25T22:12:12.000Z
"5/25/2022, 5:15:12 PM",3.659,92.1,95.9,27,2022-05-25T22:15:12.000Z
"5/25/2022, 5:18:12 PM",3.658,91.9,95.9,29,2022-05-25T22:18:12.000Z
"5/25/2022, 5:21:12 PM",3.658,91.8,95.9,28,2022-05-25T22:21:12.000Z
"5/25/2022, 5:24:12 PM",3.659,91.6,95.9,27,2022-05-25T22:24:12.000Z
"5/25/2022, 5:27:12 PM",3.659,91.4,95.9,28,2022-05-25T22:27:12.000Z
"5/25/2022, 5:30:12 PM",3.659,91.2,95.9,30,2022-05-25T22:30:12.000Z
"5/25/2022, 5:33:12 PM",3.659,91,95.9,29,2022-05-25T22:33:12.000Z
"5/25/2022, 5:36:12 PM",3.659,90.9,95.9,29,2022-05-25T22:36:12.000Z
"5/25/2022, 5:39:12 PM",3.659,90.9,95.9,29,2022-05-25T22:39:12.000Z
"5/25/2022, 5:42:12 PM",3.659,90.7,95.9,29,2022-05-25T22:42:12.000Z
"5/25/2022, 5:45:12 PM",3.659,90.5,95.9,29,2022-05-25T22:45:12.000Z
"5/25/2022, 5:48:12 PM",3.659,90.5,95.9,30,2022-05-25T22:48:12.000Z
"5/25/2022, 5:51:12 PM",3.659,90.3,95.9,30,2022-05-25T22:51:12.000Z
"5/25/2022, 5:54:12 PM",3.659,90.1,95.9,28,2022-05-25T22:54:12.000Z
"5/25/2022, 5:57:12 PM",3.659,90.1,95.9,29,2022-05-25T22:57:12.000Z
"5/25/2022, 6:00:12 PM",3.659,90,95.9,28,2022-05-25T23:00:12.000Z
"5/25/2022, 6:03:12 PM",3.659,89.8,95.9,28,2022-05-25T23:03:12.000Z
"5/25/2022, 6:06:12 PM",3.659,89.6,95.9,28,2022-05-25T23:06:12.000Z
"5/25/2022, 6:09:12 PM",3.66,89.4,95.9,28,2022-05-25T23:09:12.000Z
"5/25/2022, 6:12:12 PM",3.66,89.4,95.9,28,2022-05-25T23:12:12.000Z
"5/25/2022, 6:15:12 PM",3.659,89.2,95.9,28,2022-05-25T23:15:12.000Z
"5/25/2022, 6:18:12 PM",3.659,89.1,95.9,28,2022-05-25T23:18:12.000Z
"5/25/2022, 6:21:12 PM",3.66,88.9,96,28,2022-05-25T23:21:12.000Z
"5/25/2022, 6:24:12 PM",3.66,88.9,95.9,28,2022-05-25T23:24:12.000Z
"5/25/2022, 6:27:12 PM",3.66,88.9,96,28,2022-05-25T23:27:12.000Z
"5/25/2022, 6:30:12 PM",3.66,88.7,96,27,2022-05-25T23:30:12.000Z
"5/25/2022, 6:33:12 PM",3.66,88.5,96,28,2022-05-25T23:33:12.000Z
"5/25/2022, 6:36:12 PM",3.66,88.5,96,28,2022-05-25T23:36:12.000Z
"5/25/2022, 6:39:12 PM",3.66,88.3,96,28,2022-05-25T23:39:12.000Z
"5/25/2022, 6:42:12 PM",3.66,88.2,96,28,2022-05-25T23:42:12.000Z
"5/25/2022, 6:45:12 PM",3.659,88.2,96,29,2022-05-25T23:45:12.000Z
"5/25/2022, 6:48:12 PM",3.66,88,96,29,2022-05-25T23:48:12.000Z
"5/25/2022, 6:51:12 PM",3.66,88,96.1,28,2022-05-25T23:51:12.000Z
"5/25/2022, 6:54:12 PM",3.66,87.8,96,29,2022-05-25T23:54:12.000Z
"5/25/2022, 6:57:12 PM",3.66,87.6,96.1,28,2022-05-25T23:57:12.000Z
"5/25/2022, 7:00:12 PM",3.66,87.6,96.1,28,2022-05-26T00:00:12.000Z
"5/25/2022, 7:03:12 PM",3.66,87.4,96.1,28,2022-05-26T00:03:12.000Z
"5/25/2022, 7:06:12 PM",3.66,87.3,96.1,27,2022-05-26T00:06:12.000Z
"5/25/2022, 7:09:12 PM",3.66,87.3,96,27,2022-05-26T00:09:12.000Z
"5/25/2022, 7:12:12 PM",3.66,87.1,96,28,2022-05-26T00:12:12.000Z
"5/25/2022, 7:15:12 PM",3.66,86.9,96,28,2022-05-26T00:15:12.000Z
"5/25/2022, 7:18:12 PM",3.66,86.7,96,29,2022-05-26T00:18:12.000Z
"5/25/2022, 7:21:12 PM",3.66,86.5,96,29,2022-05-26T00:21:12.000Z
"5/25/2022, 7:24:12 PM",3.66,86.4,96,27,2022-05-26T00:24:12.000Z
"5/25/2022, 7:27:12 PM",3.66,86.2,96,27,2022-05-26T00:27:12.000Z
"5/25/2022, 7:30:12 PM",3.66,86.2,96,28,2022-05-26T00:30:12.000Z
"5/25/2022, 7:33:12 PM",3.66,86,96,27,2022-05-26T00:33:12.000Z
"5/25/2022, 7:36:12 PM",3.66,85.8,96.1,27,2022-05-26T00:36:12.000Z
"5/25/2022, 7:39:12 PM",3.66,85.6,96,29,2022-05-26T00:39:12.000Z
"5/25/2022, 7:42:12 PM",3.66,85.5,96.1,27,2022-05-26T00:42:12.000Z
"5/25/2022, 7:45:12 PM",3.661,85.5,96,26,2022-05-26T00:45:12.000Z
"5/25/2022, 7:48:12 PM",3.661,85.3,96.1,26,2022-05-26T00:48:12.000Z
"5/25/2022, 7:51:12 PM",3.66,85.1,96.1,26,2022-05-26T00:51:12.000Z
"5/25/2022, 7:54:12 PM",3.66,85.1,96,25,2022-05-26T00:54:12.000Z
"5/25/2022, 7:57:12 PM",3.661,85.1,96.1,24,2022-05-26T00:57:12.000Z
"5/25/2022, 8:00:12 PM",3.66,84.9,96.1,25,2022-05-26T01:00:12.000Z
"5/25/2022, 8:03:12 PM",3.66,84.9,96.1,26,2022-05-26T01:03:12.000Z
"5/25/2022, 8:06:12 PM",3.661,84.9,96.1,24,2022-05-26T01:06:12.000Z
"5/25/2022, 8:09:12 PM",3.66,84.7,96.1,24,2022-05-26T01:09:12.000Z
"5/25/2022, 8:12:12 PM",3.661,84.7,96.1,24,2022-05-26T01:12:12.000Z
"5/25/2022, 8:15:12 PM",3.661,84.6,96.2,23,2022-05-26T01:15:12.000Z
"5/25/2022, 8:18:12 PM",3.661,84.6,96.1,24,2022-05-26T01:18:12.000Z
"5/25/2022, 8:21:12 PM",3.661,84.4,96.1,24,2022-05-26T01:21:12.000Z
"5/25/2022, 8:24:12 PM",3.661,84.2,96.1,24,2022-05-26T01:24:12.000Z
"5/25/2022, 8:27:12 PM",3.661,84,96.1,23,2022-05-26T01:27:12.000Z
"5/25/2022, 8:30:12 PM",3.661,84,96.2,23,2022-05-26T01:30:12.000Z
"5/25/2022, 8:33:12 PM",3.661,83.8,96.1,23,2022-05-26T01:33:12.000Z
"5/25/2022, 8:36:12 PM",3.661,83.7,96.2,23,2022-05-26T01:36:12.000Z
"5/25/2022, 8:39:12 PM",3.661,83.5,96.1,23,2022-05-26T01:39:12.000Z
"5/25/2022, 8:42:12 PM",3.661,83.3,96.2,24,2022-05-26T01:42:12.000Z
"5/25/2022, 8:45:12 PM",3.661,83.3,96.1,24,2022-05-26T01:45:12.000Z
"5/25/2022, 8:48:12 PM",3.661,83.1,96.1,24,2022-05-26T01:48:12.000Z
"5/25/2022, 8:51:12 PM",3.661,83.1,96.2,24,2022-05-26T01:51:12.000Z
"5/25/2022, 8:54:12 PM",3.661,82.9,96.2,25,2022-05-26T01:54:12.000Z
"5/25/2022, 8:57:12 PM",3.661,82.9,96.2,24,2022-05-26T01:57:12.000Z
"5/25/2022, 9:00:12 PM",3.661,82.9,96.2,23,2022-05-26T02:00:12.000Z
"5/25/2022, 9:03:12 PM",3.661,82.8,96.2,25,2022-05-26T02:03:12.000Z
"5/25/2022, 9:06:12 PM",3.661,82.8,96.2,25,2022-05-26T02:06:12.000Z
"5/25/2022, 9:09:12 PM",3.661,82.8,96.2,25,2022-05-26T02:09:12.000Z
"5/25/2022, 9:12:12 PM",3.661,82.8,96.3,25,2022-05-26T02:12:12.000Z
"5/25/2022, 9:15:12 PM",3.661,82.8,96.3,25,2022-05-26T02:15:12.000Z
"5/25/2022, 9:18:12 PM",3.661,82.8,96.3,25,2022-05-26T02:18:12.000Z
"5/25/2022, 9:21:12 PM",3.661,82.8,96.3,25,2022-05-26T02:21:12.000Z
"5/25/2022, 9:24:12 PM",3.661,82.8,96.3,25,2022-05-26T02:24:12.000Z
"5/25/2022, 9:27:12 PM",3.661,82.8,96.3,26,2022-05-26T02:27:12.000Z
"5/25/2022, 9:30:12 PM",3.66,82.8,96.3,25,2022-05-26T02:30:12.000Z
"5/25/2022, 9:33:12 PM",3.661,82.8,96.3,25,2022-05-26T02:33:12.000Z
"5/25/2022, 9:36:12 PM",3.661,82.8,96.3,25,2022-05-26T02:36:12.000Z
"5/25/2022, 9:39:12 PM",3.661,82.6,96.3,25,2022-05-26T02:39:12.000Z
"5/25/2022, 9:42:12 PM",3.661,82.6,96.3,26,2022-05-26T02:42:12.000Z
"5/25/2022, 9:45:12 PM",3.661,82.6,96.3,26,2022-05-26T02:45:12.000Z
"5/25/2022, 9:48:12 PM",3.661,82.6,96.3,26,2022-05-26T02:48:12.000Z
"5/25/2022, 9:51:12 PM",3.661,82.6,96.3,27,2022-05-26T02:51:12.000Z
"5/25/2022, 9:54:12 PM",3.66,82.6,96.3,28,2022-05-26T02:54:12.000Z
"5/25/2022, 9:57:12 PM",3.66,82.8,96.4,28,2022-05-26T02:57:12.000Z
"5/25/2022, 10:00:12 PM",3.661,82.8,96.3,27,2022-05-26T03:00:12.000Z
"5/25/2022, 10:03:12 PM",3.661,82.8,96.3,28,2022-05-26T03:03:12.000Z
"5/25/2022, 10:06:12 PM",3.66,82.8,96.3,29,2022-05-26T03:06:12.000Z
"5/25/2022, 10:09:12 PM",3.661,82.9,96.3,28,2022-05-26T03:09:12.000Z
"5/25/2022, 10:12:12 PM",3.66,82.9,96.3,27,2022-05-26T03:12:12.000Z
"5/25/2022, 10:15:12 PM",3.66,82.9,96.3,27,2022-05-26T03:15:12.000Z
"5/25/2022, 10:18:12 PM",3.66,82.8,96.4,26,2022-05-26T03:18:12.000Z
"5/25/2022, 10:21:12 PM",3.661,82.8,96.4,26,2022-05-26T03:21:12.000Z
"5/25/2022, 10:24:12 PM",3.661,82.6,96.3,27,2022-05-26T03:24:12.000Z
"5/25/2022, 10:27:12 PM",3.661,82.6,96.4,26,2022-05-26T03:27:12.000Z
"5/25/2022, 10:30:12 PM",3.661,82.4,96.4,26,2022-05-26T03:30:12.000Z
"5/25/2022, 10:33:12 PM",3.66,82.4,96.3,24,2022-05-26T03:33:12.000Z
"5/25/2022, 10:36:12 PM",3.661,82.2,96.4,24,2022-05-26T03:36:12.000Z
"5/25/2022, 10:39:12 PM",3.66,82,96.4,24,2022-05-26T03:39:12.000Z
"5/25/2022, 10:42:12 PM",3.66,82,96.4,25,2022-05-26T03:42:12.000Z
"5/25/2022, 10:45:12 PM",3.661,81.9,96.4,25,2022-05-26T03:45:12.000Z
"5/25/2022, 10:48:12 PM",3.661,81.9,96.4,25,2022-05-26T03:48:12.000Z
"5/25/2022, 10:51:12 PM",3.661,81.7,96.4,25,2022-05-26T03:51:12.000Z
"5/25/2022, 10:54:12 PM",3.661,81.7,96.4,25,2022-05-26T03:54:12.000Z
"5/25/2022, 10:57:12 PM",3.661,81.7,96.4,25,2022-05-26T03:57:12.000Z
"5/25/2022, 11:00:12 PM",3.661,81.7,96.4,26,2022-05-26T04:00:12.000Z
"5/25/2022, 11:03:12 PM",3.661,81.7,96.4,26,2022-05-26T04:03:12.000Z
"5/25/2022, 11:06:12 PM",3.661,81.7,96.4,26,2022-05-26T04:06:12.000Z
"5/25/2022, 11:09:12 PM",3.661,81.7,96.4,26,2022-05-26T04:09:12.000Z
"5/25/2022, 11:12:12 PM",3.66,81.7,96.4,27,2022-05-26T04:12:12.000Z
"5/25/2022, 11:15:12 PM",3.66,81.9,96.4,27,2022-05-26T04:15:12.000Z
"5/25/2022, 11:18:12 PM",3.661,81.9,96.4,26,2022-05-26T04:18:12.000Z
"5/25/2022, 11:21:12 PM",3.66,81.9,96.4,26,2022-05-26T04:21:12.000Z
"5/25/2022, 11:24:12 PM",3.661,81.9,96.4,26,2022-05-26T04:24:12.000Z
"5/25/2022, 11:27:12 PM",3.661,81.9,96.4,26,2022-05-26T04:27:12.000Z
"5/25/2022, 11:30:12 PM",3.66,81.9,96.4,26,2022-05-26T04:30:12.000Z
"5/25/2022, 11:33:12 PM",3.66,81.9,96.4,26,2022-05-26T04:33:12.000Z
"5/25/2022, 11:36:12 PM",3.66,81.9,96.4,27,2022-05-26T04:36:12.000Z
"5/25/2022, 11:39:12 PM",3.661,81.9,96.4,26,2022-05-26T04:39:12.000Z
"5/25/2022, 11:42:12 PM",3.661,81.9,96.4,26,2022-05-26T04:42:12.000Z
"5/25/2022, 11:45:12 PM",3.66,82,96.4,26,2022-05-26T04:45:12.000Z
"5/25/2022, 11:48:12 PM",3.66,82,96.4,26,2022-05-26T04:48:12.000Z
"5/25/2022, 11:51:12 PM",3.661,82,96.4,25,2022-05-26T04:51:12.000Z
"5/25/2022, 11:54:12 PM",3.661,82,96.4,25,2022-05-26T04:54:12.000Z
"5/25/2022, 11:57:12 PM",3.66,82,96.4,25,2022-05-26T04:57:12.000Z
"5/26/2022, 12:00:12 AM",3.66,82,96.5,26,2022-05-26T05:00:12.000Z
"5/26/2022, 12:03:12 AM",3.66,82,96.5,25,2022-05-26T05:03:12.000Z
"5/26/2022, 12:06:12 AM",3.661,82.2,96.5,26,2022-05-26T05:06:12.000Z
"5/26/2022, 12:09:12 AM",3.66,82.2,96.5,26,2022-05-26T05:09:12.000Z
"5/26/2022, 12:12:12 AM",3.66,82.2,96.5,26,2022-05-26T05:12:12.000Z
"5/26/2022, 12:15:12 AM",3.66,82.2,96.5,25,2022-05-26T05:15:12.000Z
"5/26/2022, 12:18:12 AM",3.66,82.2,96.5,24,2022-05-26T05:18:12.000Z
"5/26/2022, 12:21:12 AM",3.66,82.2,96.5,25,2022-05-26T05:21:12.000Z
"5/26/2022, 12:24:12 AM",3.66,82.2,96.5,25,2022-05-26T05:24:12.000Z
"5/26/2022, 12:27:12 AM",3.66,82.2,96.5,25,2022-05-26T05:27:12.000Z
"5/26/2022, 12:30:12 AM",3.66,82.4,96.5,25,2022-05-26T05:30:12.000Z
"5/26/2022, 12:33:12 AM",3.661,82.4,96.5,25,2022-05-26T05:33:12.000Z
"5/26/2022, 12:36:12 AM",3.66,82.4,96.5,25,2022-05-26T05:36:12.000Z
"5/26/2022, 12:39:12 AM",3.66,82.4,96.5,25,2022-05-26T05:39:12.000Z
"5/26/2022, 12:42:12 AM",3.66,82.4,96.5,26,2022-05-26T05:42:12.000Z
"5/26/2022, 12:45:12 AM",3.66,82.4,96.6,25,2022-05-26T05:45:12.000Z
"5/26/2022, 12:48:12 AM",3.66,82.4,96.6,26,2022-05-26T05:48:12.000Z
"5/26/2022, 12:51:12 AM",3.66,82.4,96.6,26,2022-05-26T05:51:12.000Z
"5/26/2022, 12:54:12 AM",3.66,82.4,96.6,25,2022-05-26T05:54:12.000Z
"5/26/2022, 12:57:12 AM",3.66,82.4,96.6,26,2022-05-26T05:57:12.000Z
"5/26/2022, 1:00:12 AM",3.66,82.4,96.6,25,2022-05-26T06:00:12.000Z
"5/26/2022, 1:03:12 AM",3.66,82.4,96.5,25,2022-05-26T06:03:12.000Z
"5/26/2022, 1:06:12 AM",3.66,82.4,96.5,25,2022-05-26T06:06:12.000Z
"5/26/2022, 1:09:12 AM",3.66,82.4,96.5,24,2022-05-26T06:09:12.000Z
"5/26/2022, 1:12:12 AM",3.66,82.4,96.6,25,2022-05-26T06:12:12.000Z
"5/26/2022, 1:15:12 AM",3.66,82.4,96.6,25,2022-05-26T06:15:12.000Z
"5/26/2022, 1:18:12 AM",3.661,82.4,96.6,26,2022-05-26T06:18:12.000Z
"5/26/2022, 1:21:12 AM",3.66,82.4,96.6,25,2022-05-26T06:21:12.000Z
"5/26/2022, 1:24:12 AM",3.66,82.4,96.6,25,2022-05-26T06:24:12.000Z
"5/26/2022, 1:27:12 AM",3.66,82.2,96.6,26,2022-05-26T06:27:12.000Z
"5/26/2022, 1:30:12 AM",3.661,82.2,96.6,25,2022-05-26T06:30:12.000Z
"5/26/2022, 1:33:12 AM",3.66,82.2,96.6,25,2022-05-26T06:33:12.000Z
"5/26/2022, 1:36:12 AM",3.66,82.2,96.6,25,2022-05-26T06:36:12.000Z
"5/26/2022, 1:39:12 AM",3.66,82.2,96.6,25,2022-05-26T06:39:12.000Z
"5/26/2022, 1:42:12 AM",3.661,82.2,96.6,25,2022-05-26T06:42:12.000Z
"5/26/2022, 1:45:12 AM",3.66,82.2,96.6,25,2022-05-26T06:45:12.000Z
"5/26/2022, 1:48:12 AM",3.661,82.2,96.6,25,2022-05-26T06:48:12.000Z
"5/26/2022, 1:51:12 AM",3.661,82.2,96.6,25,2022-05-26T06:51:12.000Z
"5/26/2022, 1:54:12 AM",3.661,82.2,96.6,26,2022-05-26T06:54:12.000Z
"5/26/2022, 1:57:12 AM",3.661,82.2,96.6,26,2022-05-26T06:57:12.000Z
"5/26/2022, 2:00:12 AM",3.66,82.2,96.6,26,2022-05-26T07:00:12.000Z
"5/26/2022, 2:03:12 AM",3.66,82.2,96.6,26,2022-05-26T07:03:12.000Z
"5/26/2022, 2:06:12 AM",3.66,82.2,96.7,26,2022-05-26T07:06:12.000Z
"5/26/2022, 2:09:12 AM",3.66,82.2,96.7,25,2022-05-26T07:09:12.000Z
"5/26/2022, 2:12:12 AM",3.66,82.2,96.7,27,2022-05-26T07:12:12.000Z
"5/26/2022, 2:15:12 AM",3.661,82.2,96.7,27,2022-05-26T07:15:12.000Z
"5/26/2022, 2:18:12 AM",3.66,82.2,96.7,27,2022-05-26T07:18:12.000Z
"5/26/2022, 2:21:12 AM",3.661,82.2,96.7,26,2022-05-26T07:21:12.000Z
"5/26/2022, 2:24:12 AM",3.66,82.2,96.7,27,2022-05-26T07:24:12.000Z
"5/26/2022, 2:27:12 AM",3.66,82.2,96.7,26,2022-05-26T07:27:12.000Z
"5/26/2022, 2:30:12 AM",3.66,82.2,96.7,26,2022-05-26T07:30:12.000Z
"5/26/2022, 2:33:12 AM",3.661,82.2,96.7,26,2022-05-26T07:33:12.000Z
"5/26/2022, 2:36:12 AM",3.661,82.2,96.7,26,2022-05-26T07:36:12.000Z
"5/26/2022, 2:39:12 AM",3.66,82.2,96.7,26,2022-05-26T07:39:12.000Z
"5/26/2022, 2:42:12 AM",3.66,82.2,96.7,26,2022-05-26T07:42:12.000Z
"5/26/2022, 2:45:12 AM",3.66,82.2,96.7,26,2022-05-26T07:45:12.000Z
"5/26/2022, 2:48:12 AM",3.66,82.2,96.7,26,2022-05-26T07:48:12.000Z
"5/26/2022, 2:51:12 AM",3.66,82.2,96.7,26,2022-05-26T07:51:12.000Z
"5/26/2022, 2:54:12 AM",3.66,82.2,96.7,27,2022-05-26T07:54:12.000Z
"5/26/2022, 2:57:12 AM",3.661,82.2,96.7,26,2022-05-26T07:57:12.000Z
"5/26/2022, 3:00:12 AM",3.661,82.2,96.7,26,2022-05-26T08:00:12.000Z
"5/26/2022, 3:03:12 AM",3.66,82.2,96.6,26,2022-05-26T08:03:12.000Z
"5/26/2022, 3:06:12 AM",3.66,82.2,96.6,26,2022-05-26T08:06:12.000Z
"5/26/2022, 3:09:12 AM",3.66,82.2,96.6,26,2022-05-26T08:09:12.000Z
"5/26/2022, 3:12:12 AM",3.66,82.4,96.6,25,2022-05-26T08:12:12.000Z
"5/26/2022, 3:15:12 AM",3.66,82.4,96.6,26,2022-05-26T08:15:12.000Z
"5/26/2022, 3:18:12 AM",3.66,82.4,96.6,26,2022-05-26T08:18:12.000Z
"5/26/2022, 3:21:12 AM",3.66,82.4,96.7,27,2022-05-26T08:21:12.000Z
"5/26/2022, 3:24:12 AM",3.66,82.4,96.6,26,2022-05-26T08:24:12.000Z
"5/26/2022, 3:27:12 AM",3.66,82.4,96.6,26,2022-05-26T08:27:12.000Z
"5/26/2022, 3:30:12 AM",3.66,82.4,96.6,25,2022-05-26T08:30:12.000Z
"5/26/2022, 3:33:12 AM",3.66,82.4,96.6,25,2022-05-26T08:33:12.000Z
"5/26/2022, 3:36:12 AM",3.66,82.4,96.6,25,2022-05-26T08:36:12.000Z
"5/26/2022, 3:39:12 AM",3.66,82.4,96.6,26,2022-05-26T08:39:12.000Z
"5/26/2022, 3:42:12 AM",3.66,82.4,96.7,26,2022-05-26T08:42:12.000Z
"5/26/2022, 3:45:12 AM",3.66,82.4,96.6,26,2022-05-26T08:45:12.000Z
"5/26/2022, 3:48:12 AM",3.661,82.4,96.6,26,2022-05-26T08:48:12.000Z
"5/26/2022, 3:51:12 AM",3.66,82.4,96.7,25,2022-05-26T08:51:12.000Z
"5/26/2022, 3:54:12 AM",3.66,82.4,96.7,27,2022-05-26T08:54:12.000Z
"5/26/2022, 3:57:12 AM",3.661,82.4,96.7,26,2022-05-26T08:57:12.000Z
"5/26/2022, 4:00:12 AM",3.66,82.4,96.6,26,2022-05-26T09:00:12.000Z
"5/26/2022, 4:03:12 AM",3.66,82.4,96.6,26,2022-05-26T09:03:12.000Z
"5/26/2022, 4:06:12 AM",3.66,82.4,96.7,25,2022-05-26T09:06:12.000Z
"5/26/2022, 4:09:12 AM",3.661,82.4,96.6,26,2022-05-26T09:09:12.000Z
"5/26/2022, 4:12:12 AM",3.66,82.4,96.6,25,2022-05-26T09:12:12.000Z
"5/26/2022, 4:15:12 AM",3.661,82.4,96.6,26,2022-05-26T09:15:12.000Z
"5/26/2022, 4:18:12 AM",3.66,82.4,96.6,26,2022-05-26T09:18:12.000Z
"5/26/2022, 4:21:12 AM",3.66,82.4,96.6,26,2022-05-26T09:21:12.000Z
"5/26/2022, 4:24:12 AM",3.66,82.4,96.6,26,2022-05-26T09:24:12.000Z
"5/26/2022, 4:27:12 AM",3.661,82.4,96.7,26,2022-05-26T09:27:12.000Z
"5/26/2022, 4:30:12 AM",3.66,82.4,96.7,26,2022-05-26T09:30:12.000Z
"5/26/2022, 4:33:12 AM",3.661,82.4,96.7,27,2022-05-26T09:33:12.000Z
"5/26/2022, 4:36:12 AM",3.661,82.4,96.6,27,2022-05-26T09:36:12.000Z
"5/26/2022, 4:39:12 AM",3.66,82.4,96.7,27,2022-05-26T09:39:12.000Z
"5/26/2022, 4:42:12 AM",3.66,82.4,96.6,27,2022-05-26T09:42:12.000Z
"5/26/2022, 4:45:12 AM",3.661,82.4,96.6,27,2022-05-26T09:45:12.000Z
"5/26/2022, 4:48:12 AM",3.66,82.4,96.6,27,2022-05-26T09:48:12.000Z
"5/26/2022, 4:51:12 AM",3.66,82.4,96.7,27,2022-05-26T09:51:12.000Z
"5/26/2022, 4:54:12 AM",3.66,82.4,96.7,26,2022-05-26T09:54:12.000Z
"5/26/2022, 4:57:12 AM",3.66,82.4,96.7,26,2022-05-26T09:57:12.000Z
"5/26/2022, 5:00:12 AM",3.661,82.4,96.7,26,2022-05-26T10:00:12.000Z
"5/26/2022, 5:03:12 AM",3.66,82.4,96.6,27,2022-05-26T10:03:12.000Z
"5/26/2022, 5:06:12 AM",3.66,82.4,96.7,27,2022-05-26T10:06:12.000Z
"5/26/2022, 5:09:12 AM",3.66,82.4,96.7,26,2022-05-26T10:09:12.000Z
"5/26/2022, 5:12:12 AM",3.66,82.2,96.7,27,2022-05-26T10:12:12.000Z
"5/26/2022, 5:15:12 AM",3.66,82.2,96.7,27,2022-05-26T10:15:12.000Z
"5/26/2022, 5:18:12 AM",3.66,82.2,96.7,27,2022-05-26T10:18:12.000Z
"5/26/2022, 5:21:12 AM",3.66,82.2,96.7,27,2022-05-26T10:21:12.000Z
"5/26/2022, 5:24:12 AM",3.66,82.2,96.7,27,2022-05-26T10:24:12.000Z
"5/26/2022, 5:27:12 AM",3.66,82.2,96.7,27,2022-05-26T10:27:12.000Z
"5/26/2022, 5:30:12 AM",3.661,82.2,96.7,28,2022-05-26T10:30:12.000Z
"5/26/2022, 5:33:12 AM",3.661,82.2,96.7,26,2022-05-26T10:33:12.000Z
"5/26/2022, 5:36:12 AM",3.661,82.2,96.7,27,2022-05-26T10:36:12.000Z
"5/26/2022, 5:39:12 AM",3.66,82.2,96.7,28,2022-05-26T10:39:12.000Z
"5/26/2022, 5:42:12 AM",3.661,82.2,96.7,28,2022-05-26T10:42:12.000Z
"5/26/2022, 5:45:12 AM",3.661,82.2,96.7,27,2022-05-26T10:45:12.000Z
"5/26/2022, 5:48:12 AM",3.661,82.2,96.7,29,2022-05-26T10:48:12.000Z
"5/26/2022, 5:51:12 AM",3.66,82.2,96.7,28,2022-05-26T10:51:12.000Z
"5/26/2022, 5:54:12 AM",3.66,82.4,96.7,29,2022-05-26T10:54:12.000Z
"5/26/2022, 5:57:12 AM",3.66,82.4,96.7,28,2022-05-26T10:57:12.000Z
"5/26/2022, 6:00:12 AM",3.66,82.4,96.7,28,2022-05-26T11:00:12.000Z
"5/26/2022, 6:03:12 AM",3.66,82.4,96.7,28,2022-05-26T11:03:12.000Z
"5/26/2022, 6:06:12 AM",3.66,82.4,96.7,29,2022-05-26T11:06:12.000Z
"5/26/2022, 6:09:12 AM",3.66,82.4,96.7,29,2022-05-26T11:09:12.000Z
"5/26/2022, 6:12:12 AM",3.66,82.4,96.7,30,2022-05-26T11:12:12.000Z
"5/26/2022, 6:15:12 AM",3.66,82.4,96.7,29,2022-05-26T11:15:12.000Z
"5/26/2022, 6:18:12 AM",3.66,82.4,96.7,29,2022-05-26T11:18:12.000Z
"5/26/2022, 6:21:12 AM",3.66,82.6,96.7,28,2022-05-26T11:21:12.000Z
"5/26/2022, 6:24:12 AM",3.66,82.4,96.7,28,2022-05-26T11:24:12.000Z
"5/26/2022, 6:27:12 AM",3.66,82.4,96.7,30,2022-05-26T11:27:12.000Z
"5/26/2022, 6:30:12 AM",3.66,82.4,96.7,30,2022-05-26T11:30:12.000Z
"5/26/2022, 6:33:12 AM",3.66,82.4,96.7,28,2022-05-26T11:33:12.000Z
"5/26/2022, 6:36:12 AM",3.66,82.2,96.7,29,2022-05-26T11:36:12.000Z
"5/26/2022, 6:39:12 AM",3.66,82.2,96.7,28,2022-05-26T11:39:12.000Z
"5/26/2022, 6:42:12 AM",3.66,82,96.7,28,2022-05-26T11:42:12.000Z
"5/26/2022, 6:45:12 AM",3.66,82,96.7,28,2022-05-26T11:45:12.000Z
"5/26/2022, 6:48:12 AM",3.661,81.9,96.7,28,2022-05-26T11:48:12.000Z
"5/26/2022, 6:51:12 AM",3.661,81.9,96.7,28,2022-05-26T11:51:12.000Z
"5/26/2022, 6:54:12 AM",3.661,81.9,96.7,27,2022-05-26T11:54:12.000Z
"5/26/2022, 6:57:12 AM",3.66,81.7,96.7,27,2022-05-26T11:57:12.000Z
"5/26/2022, 7:00:12 AM",3.66,81.7,96.7,28,2022-05-26T12:00:12.000Z
"5/26/2022, 7:03:12 AM",3.66,81.7,96.7,27,2022-05-26T12:03:12.000Z
"5/26/2022, 7:06:12 AM",3.66,81.7,96.7,29,2022-05-26T12:06:12.000Z
"5/26/2022, 7:09:12 AM",3.661,81.7,96.7,29,2022-05-26T12:09:12.000Z
"5/26/2022, 7:12:12 AM",3.661,81.7,96.7,28,2022-05-26T12:12:12.000Z
"5/26/2022, 7:15:12 AM",3.66,81.7,96.7,28,2022-05-26T12:15:12.000Z
"5/26/2022, 7:18:12 AM",3.661,81.7,96.7,27,2022-05-26T12:18:12.000Z
"5/26/2022, 7:21:12 AM",3.661,81.7,96.7,28,2022-05-26T12:21:12.000Z
"5/26/2022, 7:24:12 AM",3.66,81.7,96.7,28,2022-05-26T12:24:12.000Z
"5/26/2022, 7:27:12 AM",3.661,81.7,96.7,28,2022-05-26T12:27:12.000Z
"5/26/2022, 7:30:12 AM",3.66,81.7,96.7,27,2022-05-26T12:30:12.000Z
"5/26/2022, 7:33:12 AM",3.661,81.7,96.7,27,2022-05-26T12:33:12.000Z
"5/26/2022, 7:36:12 AM",3.661,81.5,96.7,27,2022-05-26T12:36:12.000Z
"5/26/2022, 7:39:12 AM",3.66,81.5,96.7,27,2022-05-26T12:39:12.000Z
"5/26/2022, 7:42:12 AM",3.661,81.5,96.7,26,2022-05-26T12:42:12.000Z
"5/26/2022, 7:45:12 AM",3.66,81.5,96.6,26,2022-05-26T12:45:12.000Z
"5/26/2022, 7:48:12 AM",3.661,81.3,96.6,26,2022-05-26T12:48:12.000Z
"5/26/2022, 7:51:12 AM",3.661,81.3,96.7,26,2022-05-26T12:51:12.000Z
"5/26/2022, 7:54:12 AM",3.661,81.1,96.7,25,2022-05-26T12:54:12.000Z
"5/26/2022, 7:57:12 AM",3.661,81.1,96.6,26,2022-05-26T12:57:12.000Z
"5/26/2022, 8:00:12 AM",3.661,81.1,96.6,27,2022-05-26T13:00:12.000Z
"5/26/2022, 8:03:12 AM",3.66,81,96.6,27,2022-05-26T13:03:12.000Z
"5/26/2022, 8:06:12 AM",3.66,81,96.6,27,2022-05-26T13:06:12.000Z
"5/26/2022, 8:09:12 AM",3.66,81.1,96.6,27,2022-05-26T13:09:12.000Z
"5/26/2022, 8:12:12 AM",3.661,81.1,96.6,26,2022-05-26T13:12:12.000Z
"5/26/2022, 8:15:12 AM",3.661,81.1,96.7,28,2022-05-26T13:15:12.000Z
"5/26/2022, 8:18:12 AM",3.66,81.1,96.7,27,2022-05-26T13:18:12.000Z
"5/26/2022, 8:21:12 AM",3.661,81.1,96.7,26,2022-05-26T13:21:12.000Z
"5/26/2022, 8:24:12 AM",3.66,81.3,96.7,27,2022-05-26T13:24:12.000Z
"5/26/2022, 8:27:12 AM",3.661,81.3,96.7,26,2022-05-26T13:27:12.000Z
"5/26/2022, 8:30:12 AM",3.66,81.3,96.7,27,2022-05-26T13:30:12.000Z
"5/26/2022, 8:33:12 AM",3.661,81.3,96.7,26,2022-05-26T13:33:12.000Z
"5/26/2022, 8:36:12 AM",3.66,81.5,96.7,26,2022-05-26T13:36:12.000Z
"5/26/2022, 8:39:12 AM",3.66,81.5,96.7,26,2022-05-26T13:39:12.000Z
"5/26/2022, 8:42:12 AM",3.661,81.3,96.6,26,2022-05-26T13:42:12.000Z
"5/26/2022, 8:45:12 AM",3.66,81.3,96.6,26,2022-05-26T13:45:12.000Z
"5/26/2022, 8:48:12 AM",3.661,81.3,96.7,26,2022-05-26T13:48:12.000Z
"5/26/2022, 8:51:12 AM",3.661,81.1,96.7,25,2022-05-26T13:51:12.000Z
"5/26/2022, 8:54:12 AM",3.661,81.1,96.7,25,2022-05-26T13:54:12.000Z
"5/26/2022, 8:57:12 AM",3.661,81,96.6,23,2022-05-26T13:57:12.000Z
"5/26/2022, 9:00:12 AM",3.661,81,96.7,23,2022-05-26T14:00:12.000Z
"5/26/2022, 9:03:12 AM",3.661,81,96.7,23,2022-05-26T14:03:12.000Z
"5/26/2022, 9:06:12 AM",3.66,80.8,96.7,25,2022-05-26T14:06:12.000Z
"5/26/2022, 9:09:12 AM",3.66,80.8,96.6,23,2022-05-26T14:09:12.000Z
"5/26/2022, 9:12:12 AM",3.661,80.8,96.6,23,2022-05-26T14:12:12.000Z
"5/26/2022, 9:15:12 AM",3.661,80.6,96.6,25,2022-05-26T14:15:12.000Z
"5/26/2022, 9:18:12 AM",3.661,80.6,96.6,25,2022-05-26T14:18:12.000Z
"5/26/2022, 9:21:12 AM",3.661,80.6,96.7,26,2022-05-26T14:21:12.000Z
"5/26/2022, 9:24:12 AM",3.661,80.6,96.7,25,2022-05-26T14:24:12.000Z
"5/26/2022, 9:27:12 AM",3.661,80.6,96.7,25,2022-05-26T14:27:12.000Z
"5/26/2022, 9:30:12 AM",3.66,80.6,96.7,25,2022-05-26T14:30:12.000Z
"5/26/2022, 9:33:12 AM",3.66,80.6,96.7,26,2022-05-26T14:33:12.000Z
"5/26/2022, 9:36:12 AM",3.66,80.4,96.6,24,2022-05-26T14:36:12.000Z
"5/26/2022, 9:39:12 AM",3.661,80.4,96.6,26,2022-05-26T14:39:12.000Z
"5/26/2022, 9:42:12 AM",3.661,80.4,96.6,24,2022-05-26T14:42:12.000Z
"5/26/2022, 9:45:12 AM",3.661,80.4,96.6,26,2022-05-26T14:45:12.000Z
"5/26/2022, 9:48:12 AM",3.661,80.4,96.6,24,2022-05-26T14:48:12.000Z
"5/26/2022, 9:51:12 AM",3.661,80.4,96.6,24,2022-05-26T14:51:12.000Z
"5/26/2022, 9:54:12 AM",3.66,80.4,96.6,24,2022-05-26T14:54:12.000Z
"5/26/2022, 9:57:12 AM",3.661,80.4,96.7,24,2022-05-26T14:57:12.000Z
"5/26/2022, 10:00:12 AM",3.66,80.4,96.7,27,2022-05-26T15:00:12.000Z
"5/26/2022, 10:03:12 AM",3.661,80.4,96.7,26,2022-05-26T15:03:12.000Z
"5/26/2022, 10:06:12 AM",3.661,80.4,96.6,26,2022-05-26T15:06:12.000Z
"5/26/2022, 10:09:12 AM",3.661,80.4,96.6,26,2022-05-26T15:09:12.000Z
"5/26/2022, 10:12:12 AM",3.661,80.4,96.6,27,2022-05-26T15:12:12.000Z
"5/26/2022, 10:15:12 AM",3.661,80.4,96.6,27,2022-05-26T15:15:12.000Z
"5/26/2022, 10:18:12 AM",3.66,80.6,96.7,27,2022-05-26T15:18:12.000Z
"5/26/2022, 10:21:12 AM",3.661,80.6,96.7,25,2022-05-26T15:21:12.000Z
"5/26/2022, 10:24:12 AM",3.661,80.8,96.6,26,2022-05-26T15:24:12.000Z
"5/26/2022, 10:27:12 AM",3.66,80.8,96.7,25,2022-05-26T15:27:12.000Z
"5/26/2022, 10:30:12 AM",3.66,81,96.7,25,2022-05-26T15:30:12.000Z
"5/26/2022, 10:33:12 AM",3.66,81.1,96.7,25,2022-05-26T15:33:12.000Z
"5/26/2022, 10:36:12 AM",3.66,81.3,96.7,27,2022-05-26T15:36:12.000Z
"5/26/2022, 10:39:12 AM",3.66,81.5,96.7,26,2022-05-26T15:39:12.000Z
"5/26/2022, 10:42:12 AM",3.66,81.7,96.7,27,2022-05-26T15:42:12.000Z
"5/26/2022, 10:45:12 AM",3.66,81.7,96.7,26,2022-05-26T15:45:12.000Z
"5/26/2022, 10:48:12 AM",3.66,81.9,96.7,27,2022-05-26T15:48:12.000Z
"5/26/2022, 10:51:12 AM",3.66,81.9,96.7,27,2022-05-26T15:51:12.000Z
"5/26/2022, 10:54:12 AM",3.66,82,96.7,27,2022-05-26T15:54:12.000Z
"5/26/2022, 10:57:12 AM",3.66,82,96.7,27,2022-05-26T15:57:12.000Z
"5/26/2022, 11:00:12 AM",3.66,82.2,96.7,27,2022-05-26T16:00:12.000Z
"5/26/2022, 11:03:12 AM",3.661,82.4,96.7,27,2022-05-26T16:03:12.000Z
"5/26/2022, 11:06:12 AM",3.66,82.6,96.7,27,2022-05-26T16:06:12.000Z
"5/26/2022, 11:09:12 AM",3.66,82.6,96.7,26,2022-05-26T16:09:12.000Z
"5/26/2022, 11:12:12 AM",3.66,82.8,96.7,28,2022-05-26T16:12:12.000Z
"5/26/2022, 11:15:12 AM",3.66,82.8,96.7,28,2022-05-26T16:15:12.000Z
"5/26/2022, 11:18:12 AM",3.66,82.9,96.7,27,2022-05-26T16:18:12.000Z
"5/26/2022, 11:21:12 AM",3.66,82.9,96.7,27,2022-05-26T16:21:12.000Z
"5/26/2022, 11:24:12 AM",3.66,82.9,96.7,27,2022-05-26T16:24:12.000Z
"5/26/2022, 11:27:12 AM",3.66,82.9,96.7,28,2022-05-26T16:27:12.000Z
"5/26/2022, 11:30:12 AM",3.66,82.9,96.7,29,2022-05-26T16:30:12.000Z
"5/26/2022, 11:33:12 AM",3.66,82.9,96.7,28,2022-05-26T16:33:12.000Z
"5/26/2022, 11:36:12 AM",3.66,82.9,96.7,28,2022-05-26T16:36:12.000Z
"5/26/2022, 11:39:12 AM",3.66,82.9,96.7,29,2022-05-26T16:39:12.000Z
"5/26/2022, 11:42:12 AM",3.66,82.9,96.7,29,2022-05-26T16:42:12.000Z
"5/26/2022, 11:45:12 AM",3.66,82.9,96.8,29,2022-05-26T16:45:12.000Z
"5/26/2022, 11:48:12 AM",3.66,82.9,96.8,28,2022-05-26T16:48:12.000Z
"5/26/2022, 11:51:12 AM",3.66,83.1,96.7,29,2022-05-26T16:51:12.000Z
"5/26/2022, 11:54:12 AM",3.66,83.1,96.7,29,2022-05-26T16:54:12.000Z
"5/26/2022, 11:57:12 AM",3.66,83.1,96.7,28,2022-05-26T16:57:12.000Z
"5/26/2022, 12:00:12 PM",3.66,83.3,96.7,29,2022-05-26T17:00:12.000Z
"5/26/2022, 12:03:12 PM",3.66,83.3,96.8,29,2022-05-26T17:03:12.000Z
"5/26/2022, 12:06:12 PM",3.66,83.5,96.7,29,2022-05-26T17:06:12.000Z
"5/26/2022, 12:09:12 PM",3.66,83.5,96.7,29,2022-05-26T17:09:12.000Z
"5/26/2022, 12:12:12 PM",3.66,83.5,96.7,29,2022-05-26T17:12:12.000Z
"5/26/2022, 12:15:12 PM",3.66,83.7,96.7,28,2022-05-26T17:15:12.000Z
"5/26/2022, 12:18:12 PM",3.66,83.7,96.7,29,2022-05-26T17:18:12.000Z
"5/26/2022, 12:21:12 PM",3.66,83.7,96.7,28,2022-05-26T17:21:12.000Z
"5/26/2022, 12:24:12 PM",3.66,83.7,96.7,28,2022-05-26T17:24:12.000Z
"5/26/2022, 12:27:12 PM",3.66,83.7,96.7,28,2022-05-26T17:27:12.000Z
"5/26/2022, 12:30:12 PM",3.66,83.7,96.7,28,2022-05-26T17:30:12.000Z
"5/26/2022, 12:33:12 PM",3.66,83.8,96.7,28,2022-05-26T17:33:12.000Z
"5/26/2022, 12:36:12 PM",3.66,83.8,96.7,27,2022-05-26T17:36:12.000Z
"5/26/2022, 12:39:12 PM",3.66,84,96.7,29,2022-05-26T17:39:12.000Z
"5/26/2022, 12:42:12 PM",3.66,84,96.7,29,2022-05-26T17:42:12.000Z
"5/26/2022, 12:45:12 PM",3.66,84.2,96.7,28,2022-05-26T17:45:12.000Z
"5/26/2022, 12:48:12 PM",3.659,84.4,96.7,30,2022-05-26T17:48:12.000Z
"5/26/2022, 12:51:12 PM",3.659,84.6,96.7,30,2022-05-26T17:51:12.000Z
"5/26/2022, 12:54:12 PM",3.659,84.7,96.7,31,2022-05-26T17:54:12.000Z
"5/26/2022, 12:57:12 PM",3.659,84.9,96.8,30,2022-05-26T17:57:12.000Z
"5/26/2022, 1:00:12 PM",3.659,85.1,96.7,30,2022-05-26T18:00:12.000Z
"5/26/2022, 1:03:12 PM",3.66,85.3,96.7,31,2022-05-26T18:03:12.000Z
"5/26/2022, 1:06:12 PM",3.659,85.5,96.7,31,2022-05-26T18:06:12.000Z
"5/26/2022, 1:09:12 PM",3.659,85.6,96.7,31,2022-05-26T18:09:12.000Z
"5/26/2022, 1:12:12 PM",3.66,85.8,96.7,32,2022-05-26T18:12:12.000Z
"5/26/2022, 1:15:12 PM",3.659,86.2,96.7,32,2022-05-26T18:15:12.000Z
"5/26/2022, 1:18:12 PM",3.659,86.2,96.7,32,2022-05-26T18:18:12.000Z
"5/26/2022, 1:21:12 PM",3.659,86.4,96.7,32,2022-05-26T18:21:12.000Z
"5/26/2022, 1:24:12 PM",3.659,86.5,96.7,30,2022-05-26T18:24:12.000Z
"5/26/2022, 1:27:12 PM",3.659,86.5,96.7,31,2022-05-26T18:27:12.000Z
"5/26/2022, 1:30:12 PM",3.659,86.5,96.7,32,2022-05-26T18:30:12.000Z
"5/26/2022, 1:33:12 PM",3.659,86.4,96.7,31,2022-05-26T18:33:12.000Z
"5/26/2022, 1:36:12 PM",3.658,86.4,96.6,31,2022-05-26T18:36:12.000Z
"5/26/2022, 1:39:12 PM",3.659,86.2,96.6,32,2022-05-26T18:39:12.000Z
"5/26/2022, 1:42:12 PM",3.659,86,96.6,33,2022-05-26T18:42:12.000Z
"5/26/2022, 1:45:12 PM",3.659,85.8,96.6,33,2022-05-26T18:45:12.000Z
"5/26/2022, 1:48:12 PM",3.659,85.6,96.6,32,2022-05-26T18:48:12.000Z
"5/26/2022, 1:51:12 PM",3.659,85.3,96.6,32,2022-05-26T18:51:12.000Z
"5/26/2022, 1:54:12 PM",3.66,85.1,96.6,30,2022-05-26T18:54:12.000Z
"5/26/2022, 1:57:12 PM",3.66,84.9,96.6,30,2022-05-26T18:57:12.000Z
"5/26/2022, 2:00:12 PM",3.66,84.7,96.6,31,2022-05-26T19:00:12.000Z
"5/26/2022, 2:03:12 PM",3.659,84.6,96.6,28,2022-05-26T19:03:12.000Z
"5/26/2022, 2:06:12 PM",3.659,84.4,96.6,28,2022-05-26T19:06:12.000Z
"5/26/2022, 2:09:12 PM",3.66,84.2,96.6,28,2022-05-26T19:09:12.000Z
"5/26/2022, 2:12:12 PM",3.66,84,96.6,30,2022-05-26T19:12:12.000Z
"5/26/2022, 2:15:12 PM",3.66,83.7,96.6,29,2022-05-26T19:15:12.000Z
"5/26/2022, 2:18:12 PM",3.66,83.5,96.6,27,2022-05-26T19:18:12.000Z
"5/26/2022, 2:21:12 PM",3.66,83.1,96.6,28,2022-05-26T19:21:12.000Z
"5/26/2022, 2:24:12 PM",3.66,82.9,96.6,28,2022-05-26T19:24:12.000Z
"5/26/2022, 2:27:12 PM",3.66,82.8,96.6,29,2022-05-26T19:27:12.000Z
"5/26/2022, 2:30:12 PM",3.66,82.6,96.6,30,2022-05-26T19:30:12.000Z
"5/26/2022, 2:33:12 PM",3.66,82.4,96.6,30,2022-05-26T19:33:12.000Z
"5/26/2022, 2:36:12 PM",3.66,82.2,96.6,29,2022-05-26T19:36:12.000Z
"5/26/2022, 2:39:12 PM",3.661,82.2,96.6,30,2022-05-26T19:39:12.000Z
"5/26/2022, 2:42:12 PM",3.66,82,96.6,28,2022-05-26T19:42:12.000Z
"5/26/2022, 2:45:12 PM",3.66,82,96.6,30,2022-05-26T19:45:12.000Z
"5/26/2022, 2:48:12 PM",3.66,81.9,96.6,31,2022-05-26T19:48:12.000Z
"5/26/2022, 2:51:12 PM",3.66,81.9,96.6,30,2022-05-26T19:51:12.000Z
"5/26/2022, 2:54:12 PM",3.661,81.7,96.6,31,2022-05-26T19:54:12.000Z
"5/26/2022, 2:57:12 PM",3.66,81.7,96.6,30,2022-05-26T19:57:12.000Z
"5/26/2022, 3:00:12 PM",3.661,81.7,96.6,31,2022-05-26T20:00:12.000Z
"5/26/2022, 3:03:12 PM",3.661,81.7,96.6,28,2022-05-26T20:03:12.000Z
"5/26/2022, 3:06:12 PM",3.66,81.5,96.6,29,2022-05-26T20:06:12.000Z
"5/26/2022, 3:09:12 PM",3.66,81.5,96.6,28,2022-05-26T20:09:12.000Z
"5/26/2022, 3:12:12 PM",3.661,81.5,96.6,30,2022-05-26T20:12:12.000Z
"5/26/2022, 3:15:12 PM",3.661,81.5,96.6,28,2022-05-26T20:15:12.000Z
"5/26/2022, 3:18:12 PM",3.661,81.5,96.6,30,2022-05-26T20:18:12.000Z
"5/26/2022, 3:21:12 PM",3.661,81.5,96.6,28,2022-05-26T20:21:12.000Z
"5/26/2022, 3:24:12 PM",3.66,81.5,96.6,26,2022-05-26T20:24:12.000Z
"5/26/2022, 3:27:12 PM",3.661,81.5,96.6,27,2022-05-26T20:27:12.000Z
"5/26/2022, 3:30:12 PM",3.66,81.7,96.6,26,2022-05-26T20:30:12.000Z
"5/26/2022, 3:33:12 PM",3.661,81.7,96.6,26,2022-05-26T20:33:12.000Z
"5/26/2022, 3:36:12 PM",3.661,81.9,96.7,29,2022-05-26T20:36:12.000Z
"5/26/2022, 3:39:12 PM",3.661,82,96.7,28,2022-05-26T20:39:12.000Z
"5/26/2022, 3:42:12 PM",3.661,82,96.7,29,2022-05-26T20:42:12.000Z
"5/26/2022, 3:45:12 PM",3.66,82.2,96.7,28,2022-05-26T20:45:12.000Z
"5/26/2022, 3:48:12 PM",3.66,82.4,96.6,30,2022-05-26T20:48:12.000Z
"5/26/2022, 3:51:12 PM",3.661,82.4,96.6,29,2022-05-26T20:51:12.000Z
"5/26/2022, 3:54:12 PM",3.66,82.4,96.6,29,2022-05-26T20:54:12.000Z
"5/26/2022, 3:57:12 PM",3.661,82.6,96.6,30,2022-05-26T20:57:12.000Z
"5/26/2022, 4:00:12 PM",3.66,82.6,96.6,29,2022-05-26T21:00:12.000Z
"5/26/2022, 4:03:12 PM",3.66,82.8,96.7,30,2022-05-26T21:03:12.000Z
"5/26/2022, 4:06:12 PM",3.66,82.8,96.6,30,2022-05-26T21:06:12.000Z
"5/26/2022, 4:09:12 PM",3.66,82.9,96.6,31,2022-05-26T21:09:12.000Z
"5/26/2022, 4:12:12 PM",3.661,82.9,96.6,30,2022-05-26T21:12:12.000Z
"5/26/2022, 4:15:12 PM",3.66,82.9,96.6,29,2022-05-26T21:15:12.000Z
"5/26/2022, 4:18:12 PM",3.66,82.9,96.6,29,2022-05-26T21:18:12.000Z
"5/26/2022, 4:21:12 PM",3.66,82.9,96.7,29,2022-05-26T21:21:12.000Z
"5/26/2022, 4:24:12 PM",3.66,83.1,96.6,30,2022-05-26T21:24:12.000Z
"5/26/2022, 4:27:12 PM",3.66,83.1,96.6,30,2022-05-26T21:27:12.000Z
"5/26/2022, 4:30:12 PM",3.66,83.3,96.6,29,2022-05-26T21:30:12.000Z
"5/26/2022, 4:33:12 PM",3.66,83.3,96.6,31,2022-05-26T21:33:12.000Z
"5/26/2022, 4:36:12 PM",3.66,83.3,96.6,30,2022-05-26T21:36:12.000Z
"5/26/2022, 4:39:12 PM",3.66,83.3,96.6,30,2022-05-26T21:39:12.000Z
"5/26/2022, 4:42:12 PM",3.66,83.3,96.6,30,2022-05-26T21:42:12.000Z
"5/26/2022, 4:45:12 PM",3.66,83.3,96.6,29,2022-05-26T21:45:12.000Z
"5/26/2022, 4:48:12 PM",3.66,83.3,96.6,29,2022-05-26T21:48:12.000Z
"5/26/2022, 4:51:12 PM",3.66,83.3,96.6,29,2022-05-26T21:51:12.000Z
"5/26/2022, 4:54:12 PM",3.66,83.3,96.6,28,2022-05-26T21:54:12.000Z
"5/26/2022, 4:57:12 PM",3.66,83.3,96.6,29,2022-05-26T21:57:12.000Z
"5/26/2022, 5:00:12 PM",3.66,83.3,96.6,29,2022-05-26T22:00:12.000Z
"5/26/2022, 5:03:12 PM",3.66,83.3,96.6,29,2022-05-26T22:03:12.000Z
"5/26/2022, 5:06:12 PM",3.66,83.3,96.6,29,2022-05-26T22:06:12.000Z
"5/26/2022, 5:09:12 PM",3.66,83.3,96.6,30,2022-05-26T22:09:12.000Z
"5/26/2022, 5:12:12 PM",3.66,83.3,96.6,28,2022-05-26T22:12:12.000Z
"5/26/2022, 5:15:12 PM",3.66,83.3,96.6,30,2022-05-26T22:15:12.000Z
"5/26/2022, 5:18:12 PM",3.66,83.3,96.6,30,2022-05-26T22:18:12.000Z
"5/26/2022, 5:21:12 PM",3.66,83.3,96.6,30,2022-05-26T22:21:12.000Z
"5/26/2022, 5:24:12 PM",3.66,83.1,96.6,29,2022-05-26T22:24:12.000Z
"5/26/2022, 5:27:12 PM",3.66,83.1,96.6,30,2022-05-26T22:27:12.000Z
"5/26/2022, 5:30:12 PM",3.66,82.9,96.6,29,2022-05-26T22:30:12.000Z
"5/26/2022, 5:33:12 PM",3.66,82.9,96.6,29,2022-05-26T22:33:12.000Z
"5/26/2022, 5:36:12 PM",3.66,82.8,96.6,29,2022-05-26T22:36:12.000Z
"5/26/2022, 5:39:12 PM",3.66,82.6,96.6,29,2022-05-26T22:39:12.000Z
"5/26/2022, 5:42:12 PM",3.66,82.6,96.6,30,2022-05-26T22:42:12.000Z
"5/26/2022, 5:45:12 PM",3.66,82.6,96.6,29,2022-05-26T22:45:12.000Z
"5/26/2022, 5:48:12 PM",3.66,82.4,96.6,30,2022-05-26T22:48:12.000Z
"5/26/2022, 5:51:12 PM",3.66,82.4,96.6,29,2022-05-26T22:51:12.000Z
"5/26/2022, 5:54:12 PM",3.661,82.2,96.6,29,2022-05-26T22:54:12.000Z
"5/26/2022, 5:57:12 PM",3.66,82.2,96.6,29,2022-05-26T22:57:12.000Z
"5/26/2022, 6:00:12 PM",3.661,82.2,96.6,30,2022-05-26T23:00:12.000Z
"5/26/2022, 6:03:12 PM",3.661,82.2,96.6,32,2022-05-26T23:03:12.000Z
"5/26/2022, 6:06:12 PM",3.661,82,96.6,30,2022-05-26T23:06:12.000Z
"5/26/2022, 6:09:12 PM",3.66,82,96.6,29,2022-05-26T23:09:12.000Z
"5/26/2022, 6:12:12 PM",3.66,82,96.6,29,2022-05-26T23:12:12.000Z
"5/26/2022, 6:15:12 PM",3.66,81.9,96.6,29,2022-05-26T23:15:12.000Z
"5/26/2022, 6:18:12 PM",3.661,81.9,96.6,29,2022-05-26T23:18:12.000Z
"5/26/2022, 6:21:12 PM",3.66,81.9,96.6,30,2022-05-26T23:21:12.000Z
"5/26/2022, 6:24:12 PM",3.661,81.9,96.6,28,2022-05-26T23:24:12.000Z
"5/26/2022, 6:27:12 PM",3.661,81.9,96.6,28,2022-05-26T23:27:12.000Z
"5/26/2022, 6:30:12 PM",3.661,81.7,96.6,28,2022-05-26T23:30:12.000Z
"5/26/2022, 6:33:12 PM",3.66,81.7,96.6,29,2022-05-26T23:33:12.000Z
"5/26/2022, 6:36:12 PM",3.661,81.7,96.6,28,2022-05-26T23:36:12.000Z
"5/26/2022, 6:39:12 PM",3.66,81.5,96.6,28,2022-05-26T23:39:12.000Z
"5/26/2022, 6:42:12 PM",3.66,81.5,96.6,27,2022-05-26T23:42:12.000Z
"5/26/2022, 6:45:12 PM",3.661,81.5,96.6,28,2022-05-26T23:45:12.000Z
"5/26/2022, 6:48:12 PM",3.661,81.3,96.6,27,2022-05-26T23:48:12.000Z
"5/26/2022, 6:51:12 PM",3.66,81.3,96.6,28,2022-05-26T23:51:12.000Z
"5/26/2022, 6:54:12 PM",3.661,81.3,96.6,28,2022-05-26T23:54:12.000Z
"5/26/2022, 6:57:12 PM",3.66,81.3,96.6,27,2022-05-26T23:57:12.000Z
"5/26/2022, 7:00:12 PM",3.66,81.1,96.6,28,2022-05-27T00:00:12.000Z
"5/26/2022, 7:03:12 PM",3.66,81.1,96.6,28,2022-05-27T00:03:12.000Z
"5/26/2022, 7:06:12 PM",3.661,81.1,96.6,27,2022-05-27T00:06:12.000Z
"5/26/2022, 7:09:12 PM",3.66,81.1,96.6,28,2022-05-27T00:09:12.000Z
"5/26/2022, 7:12:12 PM",3.66,81.1,96.6,27,2022-05-27T00:12:12.000Z
"5/26/2022, 7:15:12 PM",3.661,81.1,96.6,27,2022-05-27T00:15:12.000Z
"5/26/2022, 7:18:12 PM",3.661,81.1,96.6,27,2022-05-27T00:18:12.000Z
"5/26/2022, 7:21:12 PM",3.66,81.1,96.6,27,2022-05-27T00:21:12.000Z
"5/26/2022, 7:24:12 PM",3.661,81.1,96.6,27,2022-05-27T00:24:12.000Z
"5/26/2022, 7:27:12 PM",3.66,81.1,96.6,28,2022-05-27T00:27:12.000Z
"5/26/2022, 7:30:12 PM",3.66,81.1,96.6,27,2022-05-27T00:30:12.000Z
"5/26/2022, 7:33:12 PM",3.661,81.1,96.7,27,2022-05-27T00:33:12.000Z
"5/26/2022, 7:36:12 PM",3.661,81.1,96.7,27,2022-05-27T00:36:12.000Z
"5/26/2022, 7:39:12 PM",3.661,81.1,96.6,27,2022-05-27T00:39:12.000Z
"5/26/2022, 7:42:12 PM",3.66,81.1,96.6,27,2022-05-27T00:42:12.000Z
"5/26/2022, 7:45:12 PM",3.661,81.1,96.6,27,2022-05-27T00:45:12.000Z
"5/26/2022, 7:48:12 PM",3.66,81.1,96.6,27,2022-05-27T00:48:12.000Z
"5/26/2022, 7:51:12 PM",3.661,81.1,96.6,26,2022-05-27T00:51:12.000Z
"5/26/2022, 7:54:12 PM",3.66,81.1,96.6,27,2022-05-27T00:54:12.000Z
"5/26/2022, 7:57:12 PM",3.66,81.1,96.6,27,2022-05-27T00:57:12.000Z
"5/26/2022, 8:00:12 PM",3.661,81.1,96.6,27,2022-05-27T01:00:12.000Z
"5/26/2022, 8:03:12 PM",3.66,81.1,96.6,28,2022-05-27T01:03:12.000Z
"5/26/2022, 8:06:12 PM",3.66,81.1,96.7,27,2022-05-27T01:06:12.000Z
"5/26/2022, 8:09:12 PM",3.66,81,96.7,26,2022-05-27T01:09:12.000Z
"5/26/2022, 8:12:12 PM",3.66,81,96.7,26,2022-05-27T01:12:12.000Z
"5/26/2022, 8:15:12 PM",3.661,81,96.7,27,2022-05-27T01:15:12.000Z
"5/26/2022, 8:18:12 PM",3.66,81,96.7,26,2022-05-27T01:18:12.000Z
"5/26/2022, 8:21:12 PM",3.66,81,96.7,26,2022-05-27T01:21:12.000Z
"5/26/2022, 8:24:12 PM",3.66,80.8,96.7,26,2022-05-27T01:24:12.000Z
"5/26/2022, 8:27:12 PM",3.661,80.8,96.6,26,2022-05-27T01:27:12.000Z
"5/26/2022, 8:30:12 PM",3.66,80.8,96.6,25,2022-05-27T01:30:12.000Z
"5/26/2022, 8:33:12 PM",3.66,80.8,96.6,27,2022-05-27T01:33:12.000Z
"5/26/2022, 8:36:12 PM",3.66,80.8,96.7,26,2022-05-27T01:36:12.000Z
"5/26/2022, 8:39:12 PM",3.66,80.6,96.7,25,2022-05-27T01:39:12.000Z
"5/26/2022, 8:42:12 PM",3.66,80.6,96.7,25,2022-05-27T01:42:12.000Z
"5/26/2022, 8:45:12 PM",3.66,80.6,96.7,25,2022-05-27T01:45:12.000Z
"5/26/2022, 8:48:12 PM",3.661,80.6,96.7,22,2022-05-27T01:48:12.000Z
"5/26/2022, 8:51:12 PM",3.661,80.6,96.7,23,2022-05-27T01:51:12.000Z
"5/26/2022, 8:54:12 PM",3.66,80.4,96.6,22,2022-05-27T01:54:12.000Z
"5/26/2022, 8:57:12 PM",3.661,80.4,96.7,22,2022-05-27T01:57:12.000Z
"5/26/2022, 9:00:12 PM",3.66,80.4,96.7,22,2022-05-27T02:00:12.000Z
"5/26/2022, 9:03:12 PM",3.66,80.4,96.7,23,2022-05-27T02:03:12.000Z
"5/26/2022, 9:06:12 PM",3.661,80.4,96.7,22,2022-05-27T02:06:12.000Z
"5/26/2022, 9:09:12 PM",3.661,80.4,96.7,21,2022-05-27T02:09:12.000Z
"5/26/2022, 9:12:12 PM",3.66,80.2,96.7,23,2022-05-27T02:12:12.000Z
"5/26/2022, 9:15:12 PM",3.661,80.4,96.7,20,2022-05-27T02:15:12.000Z
"5/26/2022, 9:18:12 PM",3.66,80.4,96.7,22,2022-05-27T02:18:12.000Z
"5/26/2022, 9:21:12 PM",3.661,80.2,96.7,22,2022-05-27T02:21:12.000Z
"5/26/2022, 9:24:12 PM",3.661,80.4,96.7,22,2022-05-27T02:24:12.000Z
"5/26/2022, 9:27:12 PM",3.66,80.4,96.7,22,2022-05-27T02:27:12.000Z
"5/26/2022, 9:30:12 PM",3.661,80.4,96.7,21,2022-05-27T02:30:12.000Z
"5/26/2022, 9:33:12 PM",3.66,80.4,96.7,22,2022-05-27T02:33:12.000Z
"5/26/2022, 9:36:12 PM",3.66,80.4,96.7,22,2022-05-27T02:36:12.000Z
"5/26/2022, 9:39:12 PM",3.661,80.4,96.7,21,2022-05-27T02:39:12.000Z
"5/26/2022, 9:42:12 PM",3.661,80.4,96.7,22,2022-05-27T02:42:12.000Z
"5/26/2022, 9:45:12 PM",3.66,80.4,96.7,22,2022-05-27T02:45:12.000Z
"5/26/2022, 9:48:12 PM",3.66,80.4,96.7,22,2022-05-27T02:48:12.000Z
"5/26/2022, 9:51:12 PM",3.66,80.4,96.7,23,2022-05-27T02:51:12.000Z
"5/26/2022, 9:54:12 PM",3.661,80.4,96.7,22,2022-05-27T02:54:12.000Z
"5/26/2022, 9:57:12 PM",3.66,80.4,96.7,22,2022-05-27T02:57:12.000Z
"5/26/2022, 10:00:12 PM",3.66,80.4,96.7,22,2022-05-27T03:00:12.000Z
"5/26/2022, 10:03:12 PM",3.66,80.4,96.7,21,2022-05-27T03:03:12.000Z
"5/26/2022, 10:06:12 PM",3.66,80.4,96.8,22,2022-05-27T03:06:12.000Z
"5/26/2022, 10:09:12 PM",3.66,80.4,96.8,22,2022-05-27T03:09:12.000Z
"5/26/2022, 10:12:12 PM",3.66,80.4,96.8,23,2022-05-27T03:12:12.000Z
"5/26/2022, 10:15:12 PM",3.66,80.4,96.8,24,2022-05-27T03:15:12.000Z
"5/26/2022, 10:18:12 PM",3.661,80.4,96.8,22,2022-05-27T03:18:12.000Z
"5/26/2022, 10:21:12 PM",3.66,80.4,96.8,22,2022-05-27T03:21:12.000Z
"5/26/2022, 10:24:12 PM",3.66,80.4,96.8,21,2022-05-27T03:24:12.000Z
"5/26/2022, 10:27:12 PM",3.661,80.4,96.8,22,2022-05-27T03:27:12.000Z
"5/26/2022, 10:30:12 PM",3.66,80.4,96.8,22,2022-05-27T03:30:12.000Z
"5/26/2022, 10:33:12 PM",3.66,80.4,96.8,21,2022-05-27T03:33:12.000Z
"5/26/2022, 10:36:12 PM",3.66,80.4,96.8,21,2022-05-27T03:36:12.000Z
"5/26/2022, 10:39:12 PM",3.66,80.4,96.8,23,2022-05-27T03:39:12.000Z
"5/26/2022, 10:42:12 PM",3.66,80.4,96.8,22,2022-05-27T03:42:12.000Z
"5/26/2022, 10:45:12 PM",3.661,80.4,96.8,23,2022-05-27T03:45:12.000Z
"5/26/2022, 10:48:12 PM",3.66,80.4,96.8,23,2022-05-27T03:48:12.000Z
"5/26/2022, 10:51:12 PM",3.66,80.4,96.8,22,2022-05-27T03:51:12.000Z
"5/26/2022, 10:54:12 PM",3.66,80.4,96.8,22,2022-05-27T03:54:12.000Z
"5/26/2022, 10:57:12 PM",3.66,80.4,96.8,22,2022-05-27T03:57:12.000Z
"5/26/2022, 11:00:12 PM",3.66,80.4,96.8,23,2022-05-27T04:00:12.000Z
"5/26/2022, 11:03:12 PM",3.66,80.4,96.8,23,2022-05-27T04:03:12.000Z
"5/26/2022, 11:06:12 PM",3.66,80.4,96.8,23,2022-05-27T04:06:12.000Z
"5/26/2022, 11:09:12 PM",3.66,80.4,96.8,23,2022-05-27T04:09:12.000Z
"5/26/2022, 11:12:12 PM",3.66,80.4,96.8,24,2022-05-27T04:12:12.000Z
"5/26/2022, 11:15:12 PM",3.66,80.6,96.8,25,2022-05-27T04:15:12.000Z
"5/26/2022, 11:18:12 PM",3.66,80.6,96.8,23,2022-05-27T04:18:12.000Z
"5/26/2022, 11:21:12 PM",3.66,80.6,96.8,25,2022-05-27T04:21:12.000Z
"5/26/2022, 11:24:12 PM",3.66,80.6,96.8,23,2022-05-27T04:24:12.000Z
"5/26/2022, 11:27:12 PM",3.66,80.6,96.8,25,2022-05-27T04:27:12.000Z
"5/26/2022, 11:30:12 PM",3.66,80.6,96.8,25,2022-05-27T04:30:12.000Z
"5/26/2022, 11:33:12 PM",3.66,80.6,96.8,25,2022-05-27T04:33:12.000Z
"5/26/2022, 11:36:12 PM",3.66,80.6,96.8,25,2022-05-27T04:36:12.000Z
"5/26/2022, 11:39:12 PM",3.66,80.6,96.8,25,2022-05-27T04:39:12.000Z
"5/26/2022, 11:42:12 PM",3.66,80.6,96.8,25,2022-05-27T04:42:12.000Z
"5/26/2022, 11:45:12 PM",3.66,80.8,96.8,25,2022-05-27T04:45:12.000Z
"5/26/2022, 11:48:12 PM",3.66,80.6,96.8,25,2022-05-27T04:48:12.000Z
"5/26/2022, 11:51:12 PM",3.66,80.6,96.8,23,2022-05-27T04:51:12.000Z
"5/26/2022, 11:54:12 PM",3.66,80.6,96.8,25,2022-05-27T04:54:12.000Z
"5/26/2022, 11:57:12 PM",3.66,80.6,96.8,25,2022-05-27T04:57:12.000Z
"5/27/2022, 12:00:12 AM",3.66,80.6,96.8,25,2022-05-27T05:00:12.000Z
"5/27/2022, 12:03:12 AM",3.66,80.6,96.8,23,2022-05-27T05:03:12.000Z
"5/27/2022, 12:06:12 AM",3.66,80.6,96.8,23,2022-05-27T05:06:12.000Z
"5/27/2022, 12:09:12 AM",3.66,80.6,96.9,25,2022-05-27T05:09:12.000Z
"5/27/2022, 12:12:12 AM",3.66,80.6,96.9,25,2022-05-27T05:12:12.000Z
"5/27/2022, 12:15:12 AM",3.66,80.6,96.9,23,2022-05-27T05:15:12.000Z
"5/27/2022, 12:18:12 AM",3.66,80.6,96.9,23,2022-05-27T05:18:12.000Z
"5/27/2022, 12:21:12 AM",3.66,80.6,96.9,23,2022-05-27T05:21:12.000Z
"5/27/2022, 12:24:12 AM",3.66,80.6,96.9,23,2022-05-27T05:24:12.000Z
"5/27/2022, 12:27:12 AM",3.66,80.6,96.9,25,2022-05-27T05:27:12.000Z
"5/27/2022, 12:30:12 AM",3.66,80.6,96.9,25,2022-05-27T05:30:12.000Z
"5/27/2022, 12:33:12 AM",3.66,80.8,96.8,23,2022-05-27T05:33:12.000Z
"5/27/2022, 12:36:12 AM",3.66,80.8,96.8,23,2022-05-27T05:36:12.000Z
"5/27/2022, 12:39:12 AM",3.66,80.6,96.8,23,2022-05-27T05:39:12.000Z
"5/27/2022, 12:42:12 AM",3.66,80.6,96.9,23,2022-05-27T05:42:12.000Z
"5/27/2022, 12:45:12 AM",3.66,80.6,96.9,23,2022-05-27T05:45:12.000Z
"5/27/2022, 12:48:12 AM",3.66,80.4,96.8,23,2022-05-27T05:48:12.000Z
"5/27/2022, 12:51:12 AM",3.66,80.4,96.9,23,2022-05-27T05:51:12.000Z
"5/27/2022, 12:54:12 AM",3.66,80.4,96.9,23,2022-05-27T05:54:12.000Z
"5/27/2022, 12:57:12 AM",3.66,80.2,96.9,23,2022-05-27T05:57:12.000Z
"5/27/2022, 1:00:12 AM",3.66,80.2,96.9,24,2022-05-27T06:00:12.000Z
"5/27/2022, 1:03:12 AM",3.66,80.2,96.9,22,2022-05-27T06:03:12.000Z
"5/27/2022, 1:06:12 AM",3.66,80.1,96.9,22,2022-05-27T06:06:12.000Z
"5/27/2022, 1:09:12 AM",3.66,80.1,96.9,22,2022-05-27T06:09:12.000Z
"5/27/2022, 1:12:12 AM",3.66,80.1,96.9,22,2022-05-27T06:12:12.000Z
"5/27/2022, 1:15:12 AM",3.66,80.1,96.9,21,2022-05-27T06:15:12.000Z
"5/27/2022, 1:18:12 AM",3.66,80.1,96.9,21,2022-05-27T06:18:12.000Z
"5/27/2022, 1:21:12 AM",3.661,79.9,96.9,21,2022-05-27T06:21:12.000Z
"5/27/2022, 1:24:12 AM",3.66,79.9,96.9,21,2022-05-27T06:24:12.000Z
"5/27/2022, 1:27:12 AM",3.66,79.9,96.9,20,2022-05-27T06:27:12.000Z
"5/27/2022, 1:30:12 AM",3.66,79.9,96.9,21,2022-05-27T06:30:12.000Z
"5/27/2022, 1:33:12 AM",3.66,79.7,96.9,20,2022-05-27T06:33:12.000Z
"5/27/2022, 1:36:12 AM",3.661,79.7,96.9,20,2022-05-27T06:36:12.000Z
"5/27/2022, 1:39:12 AM",3.661,79.7,96.9,21,2022-05-27T06:39:12.000Z
"5/27/2022, 1:42:12 AM",3.66,79.7,96.9,22,2022-05-27T06:42:12.000Z
"5/27/2022, 1:45:12 AM",3.66,79.7,96.9,22,2022-05-27T06:45:12.000Z
"5/27/2022, 1:48:12 AM",3.66,79.7,96.9,21,2022-05-27T06:48:12.000Z
"5/27/2022, 1:51:12 AM",3.66,79.5,96.9,21,2022-05-27T06:51:12.000Z
"5/27/2022, 1:54:12 AM",3.66,79.5,96.9,21,2022-05-27T06:54:12.000Z
"5/27/2022, 1:57:12 AM",3.66,79.5,96.9,22,2022-05-27T06:57:12.000Z
"5/27/2022, 2:00:12 AM",3.66,79.5,96.9,21,2022-05-27T07:00:12.000Z
"5/27/2022, 2:03:12 AM",3.66,79.3,96.9,21,2022-05-27T07:03:12.000Z
"5/27/2022, 2:06:12 AM",3.66,79.3,96.9,21,2022-05-27T07:06:12.000Z
"5/27/2022, 2:09:12 AM",3.661,79.3,96.9,21,2022-05-27T07:09:12.000Z
"5/27/2022, 2:12:12 AM",3.661,79.3,96.9,21,2022-05-27T07:12:12.000Z
"5/27/2022, 2:15:12 AM",3.66,79.2,96.9,21,2022-05-27T07:15:12.000Z
"5/27/2022, 2:18:12 AM",3.661,79.2,96.9,22,2022-05-27T07:18:12.000Z
"5/27/2022, 2:21:12 AM",3.66,79.2,96.9,21,2022-05-27T07:21:12.000Z
"5/27/2022, 2:24:12 AM",3.661,79.2,96.9,21,2022-05-27T07:24:12.000Z
"5/27/2022, 2:27:12 AM",3.66,79.2,96.9,22,2022-05-27T07:27:12.000Z
"5/27/2022, 2:30:12 AM",3.661,79,96.9,21,2022-05-27T07:30:12.000Z
"5/27/2022, 2:33:12 AM",3.661,79,96.9,21,2022-05-27T07:33:12.000Z
"5/27/2022, 2:36:12 AM",3.66,79,96.9,21,2022-05-27T07:36:12.000Z
"5/27/2022, 2:39:12 AM",3.66,79,96.9,21,2022-05-27T07:39:12.000Z
"5/27/2022, 2:42:12 AM",3.661,79,96.9,21,2022-05-27T07:42:12.000Z
"5/27/2022, 2:45:12 AM",3.66,78.8,97,20,2022-05-27T07:45:12.000Z
"5/27/2022, 2:48:12 AM",3.661,78.8,97,20,2022-05-27T07:48:12.000Z
"5/27/2022, 2:51:12 AM",3.66,78.6,97,19,2022-05-27T07:51:12.000Z
"5/27/2022, 2:54:12 AM",3.66,78.6,96.9,20,2022-05-27T07:54:12.000Z
"5/27/2022, 2:57:12 AM",3.66,78.4,97,20,2022-05-27T07:57:12.000Z
"5/27/2022, 3:00:12 AM",3.661,78.4,97,20,2022-05-27T08:00:12.000Z
"5/27/2022, 3:03:12 AM",3.66,78.4,97,20,2022-05-27T08:03:12.000Z
"5/27/2022, 3:06:12 AM",3.66,78.3,96.9,20,2022-05-27T08:06:12.000Z
"5/27/2022, 3:09:12 AM",3.661,78.3,97,20,2022-05-27T08:09:12.000Z
"5/27/2022, 3:12:12 AM",3.661,78.1,97,20,2022-05-27T08:12:12.000Z
"5/27/2022, 3:15:12 AM",3.66,78.1,97,20,2022-05-27T08:15:12.000Z
"5/27/2022, 3:18:12 AM",3.66,78.1,97,20,2022-05-27T08:18:12.000Z
"5/27/2022, 3:21:12 AM",3.661,78.1,97,20,2022-05-27T08:21:12.000Z
"5/27/2022, 3:24:12 AM",3.661,77.9,97,20,2022-05-27T08:24:12.000Z
"5/27/2022, 3:27:12 AM",3.661,77.9,97,21,2022-05-27T08:27:12.000Z
"5/27/2022, 3:30:12 AM",3.661,77.9,97,20,2022-05-27T08:30:12.000Z
"5/27/2022, 3:33:12 AM",3.661,77.9,97,21,2022-05-27T08:33:12.000Z
"5/27/2022, 3:36:12 AM",3.66,77.9,97,20,2022-05-27T08:36:12.000Z
"5/27/2022, 3:39:12 AM",3.661,77.9,97,19,2022-05-27T08:39:12.000Z
"5/27/2022, 3:42:12 AM",3.66,77.7,97,20,2022-05-27T08:42:12.000Z
"5/27/2022, 3:45:12 AM",3.66,77.7,97,20,2022-05-27T08:45:12.000Z
"5/27/2022, 3:48:12 AM",3.661,77.7,97,20,2022-05-27T08:48:12.000Z
"5/27/2022, 3:51:12 AM",3.66,77.7,97,20,2022-05-27T08:51:12.000Z
"5/27/2022, 3:54:12 AM",3.66,77.7,97,20,2022-05-27T08:54:12.000Z
"5/27/2022, 3:57:12 AM",3.661,77.7,97,20,2022-05-27T08:57:12.000Z
"5/27/2022, 4:00:12 AM",3.66,77.7,97,21,2022-05-27T09:00:12.000Z
"5/27/2022, 4:03:12 AM",3.66,77.7,97,20,2022-05-27T09:03:12.000Z
"5/27/2022, 4:06:12 AM",3.661,77.5,97,20,2022-05-27T09:06:12.000Z
"5/27/2022, 4:09:12 AM",3.66,77.5,97,20,2022-05-27T09:09:12.000Z
"5/27/2022, 4:12:12 AM",3.661,77.5,97,20,2022-05-27T09:12:12.000Z
"5/27/2022, 4:15:12 AM",3.66,77.5,97,20,2022-05-27T09:15:12.000Z
"5/27/2022, 4:18:12 AM",3.66,77.5,97,20,2022-05-27T09:18:12.000Z
"5/27/2022, 4:21:12 AM",3.661,77.5,97,21,2022-05-27T09:21:12.000Z
"5/27/2022, 4:24:12 AM",3.66,77.5,97,20,2022-05-27T09:24:12.000Z
"5/27/2022, 4:27:12 AM",3.661,77.5,97,21,2022-05-27T09:27:12.000Z
"5/27/2022, 4:30:12 AM",3.661,77.5,97,20,2022-05-27T09:30:12.000Z
"5/27/2022, 4:33:12 AM",3.66,77.5,97,20,2022-05-27T09:33:12.000Z
"5/27/2022, 4:36:12 AM",3.66,77.5,97,20,2022-05-27T09:36:12.000Z
"5/27/2022, 4:39:12 AM",3.66,77.5,97,21,2022-05-27T09:39:12.000Z
"5/27/2022, 4:42:12 AM",3.66,77.5,97,20,2022-05-27T09:42:12.000Z
"5/27/2022, 4:45:12 AM",3.66,77.5,97,21,2022-05-27T09:45:12.000Z
"5/27/2022, 4:48:12 AM",3.66,77.5,97,21,2022-05-27T09:48:12.000Z
"5/27/2022, 4:51:12 AM",3.66,77.4,97,21,2022-05-27T09:51:12.000Z
"5/27/2022, 4:54:12 AM",3.66,77.4,97,21,2022-05-27T09:54:12.000Z
"5/27/2022, 4:57:12 AM",3.66,77.4,97,21,2022-05-27T09:57:12.000Z
"5/27/2022, 5:00:12 AM",3.66,77.4,97,21,2022-05-27T10:00:12.000Z
"5/27/2022, 5:03:12 AM",3.661,77.4,97,21,2022-05-27T10:03:12.000Z
"5/27/2022, 5:06:12 AM",3.661,77.4,97,21,2022-05-27T10:06:12.000Z
"5/27/2022, 5:09:12 AM",3.66,77.4,97,21,2022-05-27T10:09:12.000Z
"5/27/2022, 5:12:12 AM",3.66,77.4,97,20,2022-05-27T10:12:12.000Z
"5/27/2022, 5:15:12 AM",3.66,77.4,97,21,2022-05-27T10:15:12.000Z
"5/27/2022, 5:18:12 AM",3.66,77.2,97,20,2022-05-27T10:18:12.000Z
"5/27/2022, 5:21:12 AM",3.66,77.2,97,21,2022-05-27T10:21:12.000Z
"5/27/2022, 5:24:12 AM",3.66,77.2,97,20,2022-05-27T10:24:12.000Z
"5/27/2022, 5:27:12 AM",3.661,77,97,20,2022-05-27T10:27:12.000Z
"5/27/2022, 5:30:12 AM",3.66,77,97,21,2022-05-27T10:30:12.000Z
"5/27/2022, 5:33:12 AM",3.66,77,97,21,2022-05-27T10:33:12.000Z
"5/27/2022, 5:36:12 AM",3.66,77.2,97.1,21,2022-05-27T10:36:12.000Z
"5/27/2022, 5:39:12 AM",3.66,77.2,97,21,2022-05-27T10:39:12.000Z
"5/27/2022, 5:42:12 AM",3.66,77.4,97,21,2022-05-27T10:42:12.000Z
"5/27/2022, 5:45:12 AM",3.66,77.4,97.1,21,2022-05-27T10:45:12.000Z
"5/27/2022, 5:48:12 AM",3.66,77.5,97,21,2022-05-27T10:48:12.000Z
"5/27/2022, 5:51:12 AM",3.66,77.5,97,22,2022-05-27T10:51:12.000Z
"5/27/2022, 5:54:12 AM",3.66,77.7,97,22,2022-05-27T10:54:12.000Z
"5/27/2022, 5:57:12 AM",3.66,77.7,97,22,2022-05-27T10:57:12.000Z
"5/27/2022, 6:00:12 AM",3.661,77.9,97,21,2022-05-27T11:00:12.000Z
"5/27/2022, 6:03:12 AM",3.66,77.9,97,22,2022-05-27T11:03:12.000Z
"5/27/2022, 6:06:12 AM",3.66,78.1,97,22,2022-05-27T11:06:12.000Z
"5/27/2022, 6:09:12 AM",3.66,78.1,97,21,2022-05-27T11:09:12.000Z
"5/27/2022, 6:12:12 AM",3.66,78.1,97,22,2022-05-27T11:12:12.000Z
"5/27/2022, 6:15:12 AM",3.66,78.1,97,22,2022-05-27T11:15:12.000Z
"5/27/2022, 6:18:12 AM",3.659,78.3,97,21,2022-05-27T11:18:12.000Z
"5/27/2022, 6:21:12 AM",3.66,78.3,97,21,2022-05-27T11:21:12.000Z
"5/27/2022, 6:24:12 AM",3.66,78.3,97,22,2022-05-27T11:24:12.000Z
"5/27/2022, 6:27:12 AM",3.66,78.3,97,22,2022-05-27T11:27:12.000Z
"5/27/2022, 6:30:12 AM",3.66,78.3,97,22,2022-05-27T11:30:12.000Z
"5/27/2022, 6:33:12 AM",3.66,78.4,97.1,22,2022-05-27T11:33:12.000Z
"5/27/2022, 6:36:12 AM",3.66,78.6,97,22,2022-05-27T11:36:12.000Z
"5/27/2022, 6:39:12 AM",3.66,78.6,97.1,22,2022-05-27T11:39:12.000Z
"5/27/2022, 6:42:12 AM",3.66,78.8,97.1,23,2022-05-27T11:42:12.000Z
"5/27/2022, 6:45:12 AM",3.66,79,97,23,2022-05-27T11:45:12.000Z
"5/27/2022, 6:48:12 AM",3.659,79,97,23,2022-05-27T11:48:12.000Z
"5/27/2022, 6:51:12 AM",3.66,79,97,23,2022-05-27T11:51:12.000Z
"5/27/2022, 6:54:12 AM",3.659,79,97,23,2022-05-27T11:54:12.000Z
"5/27/2022, 6:57:12 AM",3.659,79,97,23,2022-05-27T11:57:12.000Z
"5/27/2022, 7:00:12 AM",3.66,79,97,23,2022-05-27T12:00:12.000Z
"5/27/2022, 7:03:12 AM",3.66,79.2,97,24,2022-05-27T12:03:12.000Z
"5/27/2022, 7:06:12 AM",3.66,79.2,97,22,2022-05-27T12:06:12.000Z
"5/27/2022, 7:09:12 AM",3.66,79.2,97,23,2022-05-27T12:09:12.000Z
"5/27/2022, 7:12:12 AM",3.66,79.3,97,21,2022-05-27T12:12:12.000Z
"5/27/2022, 7:15:12 AM",3.659,79.3,97,22,2022-05-27T12:15:12.000Z
"5/27/2022, 7:18:12 AM",3.659,79.3,97,22,2022-05-27T12:18:12.000Z
"5/27/2022, 7:21:12 AM",3.659,79.3,97,21,2022-05-27T12:21:12.000Z
"5/27/2022, 7:24:12 AM",3.66,79.3,97,21,2022-05-27T12:24:12.000Z
"5/27/2022, 7:27:12 AM",3.659,79.3,97,21,2022-05-27T12:27:12.000Z
"5/27/2022, 7:30:12 AM",3.66,79.3,97.1,21,2022-05-27T12:30:12.000Z
"5/27/2022, 7:33:12 AM",3.66,79.3,97.1,22,2022-05-27T12:33:12.000Z
"5/27/2022, 7:36:12 AM",3.66,79.5,97,22,2022-05-27T12:36:12.000Z
"5/27/2022, 7:39:12 AM",3.659,79.5,97,23,2022-05-27T12:39:12.000Z
"5/27/2022, 7:42:12 AM",3.66,79.7,97,23,2022-05-27T12:42:12.000Z
"5/27/2022, 7:45:12 AM",3.659,79.9,97.1,23,2022-05-27T12:45:12.000Z
"5/27/2022, 7:48:12 AM",3.659,80.1,97,23,2022-05-27T12:48:12.000Z
"5/27/2022, 7:51:12 AM",3.659,80.2,97,23,2022-05-27T12:51:12.000Z
"5/27/2022, 7:54:12 AM",3.659,80.2,97,22,2022-05-27T12:54:12.000Z
"5/27/2022, 7:57:12 AM",3.659,80.4,97,23,2022-05-27T12:57:12.000Z
"5/27/2022, 8:00:12 AM",3.659,80.6,97,23,2022-05-27T13:00:12.000Z
"5/27/2022, 8:03:12 AM",3.659,80.8,97,25,2022-05-27T13:03:12.000Z
"5/27/2022, 8:06:12 AM",3.659,81,97,26,2022-05-27T13:06:12.000Z
"5/27/2022, 8:09:12 AM",3.659,81.1,97,25,2022-05-27T13:09:12.000Z
"5/27/2022, 8:12:12 AM",3.659,81.3,97,25,2022-05-27T13:12:12.000Z
"5/27/2022, 8:15:12 AM",3.659,81.5,97,25,2022-05-27T13:15:12.000Z
"5/27/2022, 8:18:12 AM",3.659,81.5,97,25,2022-05-27T13:18:12.000Z
"5/27/2022, 8:21:12 AM",3.66,81.5,97,25,2022-05-27T13:21:12.000Z
"5/27/2022, 8:24:12 AM",3.659,81.7,97,25,2022-05-27T13:24:12.000Z
"5/27/2022, 8:27:12 AM",3.659,81.7,97,25,2022-05-27T13:27:12.000Z
"5/27/2022, 8:30:12 AM",3.659,81.7,97,25,2022-05-27T13:30:12.000Z
"5/27/2022, 8:33:12 AM",3.659,81.7,97,26,2022-05-27T13:33:12.000Z
"5/27/2022, 8:36:12 AM",3.659,81.9,97,25,2022-05-27T13:36:12.000Z
"5/27/2022, 8:39:12 AM",3.659,81.9,97,24,2022-05-27T13:39:12.000Z
"5/27/2022, 8:42:12 AM",3.659,82,97,26,2022-05-27T13:42:12.000Z
"5/27/2022, 8:45:12 AM",3.659,82.2,97,25,2022-05-27T13:45:12.000Z
"5/27/2022, 8:48:12 AM",3.659,82.2,97,25,2022-05-27T13:48:12.000Z
"5/27/2022, 8:51:12 AM",3.659,82.4,97,25,2022-05-27T13:51:12.000Z
"5/27/2022, 8:54:12 AM",3.659,82.6,97,25,2022-05-27T13:54:12.000Z
"5/27/2022, 8:57:12 AM",3.659,82.6,97,24,2022-05-27T13:57:12.000Z
"5/27/2022, 9:00:12 AM",3.659,82.6,97,24,2022-05-27T14:00:12.000Z
"5/27/2022, 9:03:12 AM",3.659,82.6,97,24,2022-05-27T14:03:12.000Z
"5/27/2022, 9:06:12 AM",3.659,82.4,97,23,2022-05-27T14:06:12.000Z
"5/27/2022, 9:09:12 AM",3.659,82.4,97,23,2022-05-27T14:09:12.000Z
"5/27/2022, 9:12:12 AM",3.659,82.2,97,23,2022-05-27T14:12:12.000Z
"5/27/2022, 9:15:12 AM",3.659,82,97,23,2022-05-27T14:15:12.000Z
"5/27/2022, 9:18:12 AM",3.659,81.9,97,23,2022-05-27T14:18:12.000Z
"5/27/2022, 9:21:12 AM",3.659,81.9,97.1,23,2022-05-27T14:21:12.000Z
"5/27/2022, 9:24:12 AM",3.659,81.7,97.1,24,2022-05-27T14:24:12.000Z
"5/27/2022, 9:27:12 AM",3.659,81.7,97.1,23,2022-05-27T14:27:12.000Z
"5/27/2022, 9:30:12 AM",3.659,81.7,97.1,24,2022-05-27T14:30:12.000Z
"5/27/2022, 9:33:12 AM",3.659,81.7,97.1,24,2022-05-27T14:33:12.000Z
"5/27/2022, 9:36:12 AM",3.659,81.7,97.1,24,2022-05-27T14:36:12.000Z
"5/27/2022, 9:39:12 AM",3.66,81.7,97.1,24,2022-05-27T14:39:12.000Z
"5/27/2022, 9:42:12 AM",3.66,81.5,97.1,22,2022-05-27T14:42:12.000Z
"5/27/2022, 9:45:12 AM",3.659,81.5,97.1,22,2022-05-27T14:45:12.000Z
"5/27/2022, 9:48:12 AM",3.66,81.5,97.1,22,2022-05-27T14:48:12.000Z
"5/27/2022, 9:51:12 AM",3.659,81.5,97.1,21,2022-05-27T14:51:12.000Z
"5/27/2022, 9:54:12 AM",3.659,81.5,97.1,21,2022-05-27T14:54:12.000Z
"5/27/2022, 9:57:12 AM",3.659,81.5,97.1,22,2022-05-27T14:57:12.000Z
"5/27/2022, 10:00:12 AM",3.66,81.5,97.1,22,2022-05-27T15:00:12.000Z
"5/27/2022, 10:03:12 AM",3.659,81.5,97.2,22,2022-05-27T15:03:12.000Z
"5/27/2022, 10:06:12 AM",3.659,81.5,97.2,21,2022-05-27T15:06:12.000Z
"5/27/2022, 10:09:12 AM",3.66,81.5,97.2,21,2022-05-27T15:09:12.000Z
"5/27/2022, 10:12:12 AM",3.659,81.3,97.1,22,2022-05-27T15:12:12.000Z
"5/27/2022, 10:15:12 AM",3.66,81.1,97.2,21,2022-05-27T15:15:12.000Z
"5/27/2022, 10:18:12 AM",3.659,81.1,97.1,20,2022-05-27T15:18:12.000Z
"5/27/2022, 10:21:12 AM",3.66,81,97.2,20,2022-05-27T15:21:12.000Z
"5/27/2022, 10:24:12 AM",3.659,80.8,97.2,20,2022-05-27T15:24:12.000Z
"5/27/2022, 10:27:12 AM",3.66,80.8,97.2,20,2022-05-27T15:27:12.000Z
"5/27/2022, 10:30:12 AM",3.66,80.8,97.2,20,2022-05-27T15:30:12.000Z
"5/27/2022, 10:33:12 AM",3.66,80.6,97.2,19,2022-05-27T15:33:12.000Z
"5/27/2022, 10:36:12 AM",3.659,80.6,97.2,20,2022-05-27T15:36:12.000Z
"5/27/2022, 10:39:12 AM",3.66,80.6,97.2,20,2022-05-27T15:39:12.000Z
"5/27/2022, 10:42:12 AM",3.66,80.4,97.2,19,2022-05-27T15:42:12.000Z
"5/27/2022, 10:45:12 AM",3.66,80.4,97.2,19,2022-05-27T15:45:12.000Z
"5/27/2022, 10:48:12 AM",3.66,80.4,97.2,20,2022-05-27T15:48:12.000Z
"5/27/2022, 10:51:12 AM",3.659,80.4,97.2,20,2022-05-27T15:51:12.000Z
"5/27/2022, 10:54:12 AM",3.66,80.4,97.2,20,2022-05-27T15:54:12.000Z
"5/27/2022, 10:57:12 AM",3.66,80.4,97.2,21,2022-05-27T15:57:12.000Z
"5/27/2022, 11:00:12 AM",3.66,80.6,97.2,22,2022-05-27T16:00:12.000Z
"5/27/2022, 11:03:12 AM",3.66,80.8,97.2,22,2022-05-27T16:03:12.000Z
"5/27/2022, 11:06:12 AM",3.659,80.8,97.3,21,2022-05-27T16:06:12.000Z
"5/27/2022, 11:09:12 AM",3.66,81,97.2,22,2022-05-27T16:09:12.000Z
"5/27/2022, 11:12:12 AM",3.66,81.1,97.2,22,2022-05-27T16:12:12.000Z
"5/27/2022, 11:15:12 AM",3.659,81.1,97.3,21,2022-05-27T16:15:12.000Z
"5/27/2022, 11:18:12 AM",3.66,81.3,97.3,22,2022-05-27T16:18:12.000Z
"5/27/2022, 11:21:12 AM",3.659,81.5,97.2,24,2022-05-27T16:21:12.000Z
"5/27/2022, 11:24:12 AM",3.659,81.7,97.3,24,2022-05-27T16:24:12.000Z
"5/27/2022, 11:27:12 AM",3.659,81.9,97.3,24,2022-05-27T16:27:12.000Z
"5/27/2022, 11:30:12 AM",3.659,82,97.2,24,2022-05-27T16:30:12.000Z
"5/27/2022, 11:33:12 AM",3.659,82.2,97.2,23,2022-05-27T16:33:12.000Z
"5/27/2022, 11:36:12 AM",3.659,82.4,97.3,23,2022-05-27T16:36:12.000Z
"5/27/2022, 11:39:12 AM",3.659,82.6,97.2,23,2022-05-27T16:39:12.000Z
"5/27/2022, 11:42:12 AM",3.659,82.8,97.3,24,2022-05-27T16:42:12.000Z
"5/27/2022, 11:45:12 AM",3.659,82.9,97.2,24,2022-05-27T16:45:12.000Z
"5/27/2022, 11:48:12 AM",3.659,82.9,97.3,24,2022-05-27T16:48:12.000Z
"5/27/2022, 11:51:12 AM",3.659,83.1,97.2,23,2022-05-27T16:51:12.000Z
"5/27/2022, 11:54:12 AM",3.659,83.1,97.2,24,2022-05-27T16:54:12.000Z
"5/27/2022, 11:57:12 AM",3.659,83.3,97.2,25,2022-05-27T16:57:12.000Z
"5/27/2022, 12:00:12 PM",3.659,83.3,97.2,24,2022-05-27T17:00:12.000Z
"5/27/2022, 12:03:12 PM",3.659,83.5,97.2,25,2022-05-27T17:03:12.000Z
"5/27/2022, 12:06:12 PM",3.659,83.5,97.2,25,2022-05-27T17:06:12.000Z
"5/27/2022, 12:09:12 PM",3.659,83.7,97.2,25,2022-05-27T17:09:12.000Z
"5/27/2022, 12:12:12 PM",3.659,83.8,97.2,26,2022-05-27T17:12:12.000Z
"5/27/2022, 12:15:12 PM",3.659,84,97.2,26,2022-05-27T17:15:12.000Z
"5/27/2022, 12:18:12 PM",3.659,84.2,97.2,25,2022-05-27T17:18:12.000Z
"5/27/2022, 12:21:12 PM",3.659,84.4,97.2,26,2022-05-27T17:21:12.000Z
"5/27/2022, 12:24:12 PM",3.659,84.7,97.2,27,2022-05-27T17:24:12.000Z
"5/27/2022, 12:27:12 PM",3.659,84.9,97.2,25,2022-05-27T17:27:12.000Z
"5/27/2022, 12:30:12 PM",3.658,85.1,97.2,25,2022-05-27T17:30:12.000Z
"5/27/2022, 12:33:12 PM",3.659,85.3,97.2,25,2022-05-27T17:33:12.000Z
"5/27/2022, 12:36:12 PM",3.659,85.5,97.2,25,2022-05-27T17:36:12.000Z
"5/27/2022, 12:39:12 PM",3.658,85.6,97.2,26,2022-05-27T17:39:12.000Z
"5/27/2022, 12:42:12 PM",3.658,85.8,97.2,25,2022-05-27T17:42:12.000Z
"5/27/2022, 12:45:12 PM",3.658,85.8,97.2,27,2022-05-27T17:45:12.000Z
"5/27/2022, 12:48:12 PM",3.658,86,97.2,29,2022-05-27T17:48:12.000Z
"5/27/2022, 12:51:12 PM",3.658,86.2,97.2,28,2022-05-27T17:51:12.000Z
"5/27/2022, 12:54:12 PM",3.658,86.4,97.2,28,2022-05-27T17:54:12.000Z
"5/27/2022, 12:57:12 PM",3.658,86.5,97.2,27,2022-05-27T17:57:12.000Z
"5/27/2022, 1:00:12 PM",3.658,86.5,97.2,26,2022-05-27T18:00:12.000Z
"5/27/2022, 1:03:12 PM",3.658,86.5,97.2,25,2022-05-27T18:03:12.000Z
"5/27/2022, 1:06:12 PM",3.658,86.5,97.2,24,2022-05-27T18:06:12.000Z
"5/27/2022, 1:09:12 PM",3.658,86.4,97.2,25,2022-05-27T18:09:12.000Z
"5/27/2022, 1:12:12 PM",3.658,86.4,97.2,25,2022-05-27T18:12:12.000Z
"5/27/2022, 1:15:12 PM",3.659,86.5,97.2,25,2022-05-27T18:15:12.000Z
"5/27/2022, 1:18:12 PM",3.658,86.7,97.2,26,2022-05-27T18:18:12.000Z
"5/27/2022, 1:21:12 PM",3.658,86.7,97.3,24,2022-05-27T18:21:12.000Z
"5/27/2022, 1:24:12 PM",3.659,86.9,97.3,26,2022-05-27T18:24:12.000Z
"5/27/2022, 1:27:12 PM",3.659,86.9,97.2,24,2022-05-27T18:27:12.000Z
"5/27/2022, 1:30:12 PM",3.659,86.7,97.3,23,2022-05-27T18:30:12.000Z
"5/27/2022, 1:33:12 PM",3.658,86.5,97.3,21,2022-05-27T18:33:12.000Z
"5/27/2022, 1:36:12 PM",3.658,86.2,97.3,23,2022-05-27T18:36:12.000Z
"5/27/2022, 1:39:12 PM",3.659,85.8,97.3,23,2022-05-27T18:39:12.000Z
"5/27/2022, 1:42:12 PM",3.659,85.6,97.3,24,2022-05-27T18:42:12.000Z
"5/27/2022, 1:45:12 PM",3.659,85.3,97.2,23,2022-05-27T18:45:12.000Z
"5/27/2022, 1:48:12 PM",3.659,85.1,97.2,21,2022-05-27T18:48:12.000Z
"5/27/2022, 1:51:12 PM",3.659,84.9,97.2,24,2022-05-27T18:51:12.000Z
"5/27/2022, 1:54:12 PM",3.659,84.9,97.2,24,2022-05-27T18:54:12.000Z
"5/27/2022, 1:57:12 PM",3.659,85.1,97.2,23,2022-05-27T18:57:12.000Z
"5/27/2022, 2:00:12 PM",3.659,85.1,97.2,24,2022-05-27T19:00:12.000Z
"5/27/2022, 2:03:12 PM",3.659,85.3,97.2,26,2022-05-27T19:03:12.000Z
"5/27/2022, 2:06:12 PM",3.659,85.6,97.3,25,2022-05-27T19:06:12.000Z
"5/27/2022, 2:09:12 PM",3.659,85.8,97.3,24,2022-05-27T19:09:12.000Z
"5/27/2022, 2:12:12 PM",3.659,86,97.2,25,2022-05-27T19:12:12.000Z
"5/27/2022, 2:15:12 PM",3.659,86,97.2,24,2022-05-27T19:15:12.000Z
"5/27/2022, 2:18:12 PM",3.659,86,97.2,24,2022-05-27T19:18:12.000Z
"5/27/2022, 2:21:12 PM",3.659,85.8,97.2,22,2022-05-27T19:21:12.000Z
"5/27/2022, 2:24:12 PM",3.659,85.8,97.2,22,2022-05-27T19:24:12.000Z
"5/27/2022, 2:27:12 PM",3.659,85.6,97.2,22,2022-05-27T19:27:12.000Z
"5/27/2022, 2:30:12 PM",3.659,85.3,97.1,22,2022-05-27T19:30:12.000Z
"5/27/2022, 2:33:12 PM",3.659,84.9,97.2,21,2022-05-27T19:33:12.000Z
"5/27/2022, 2:36:12 PM",3.659,84.6,97.1,20,2022-05-27T19:36:12.000Z
"5/27/2022, 2:39:12 PM",3.659,84.4,97.1,21,2022-05-27T19:39:12.000Z
"5/27/2022, 2:42:12 PM",3.659,84,97.1,21,2022-05-27T19:42:12.000Z
"5/27/2022, 2:45:12 PM",3.66,83.8,97.1,21,2022-05-27T19:45:12.000Z
"5/27/2022, 2:48:12 PM",3.659,83.7,97,21,2022-05-27T19:48:12.000Z
"5/27/2022, 2:51:12 PM",3.659,83.5,97,19,2022-05-27T19:51:12.000Z
"5/27/2022, 2:54:12 PM",3.659,83.5,97,22,2022-05-27T19:54:12.000Z
"5/27/2022, 2:57:12 PM",3.659,83.5,97,23,2022-05-27T19:57:12.000Z
"5/27/2022, 3:00:12 PM",3.66,83.7,97.1,24,2022-05-27T20:00:12.000Z
"5/27/2022, 3:03:12 PM",3.659,84,97,25,2022-05-27T20:03:12.000Z
"5/27/2022, 3:06:12 PM",3.659,84.4,97.1,25,2022-05-27T20:06:12.000Z
"5/27/2022, 3:09:12 PM",3.659,84.7,97.1,26,2022-05-27T20:09:12.000Z
"5/27/2022, 3:12:12 PM",3.659,84.9,97,24,2022-05-27T20:12:12.000Z
"5/27/2022, 3:15:12 PM",3.659,85.3,97,23,2022-05-27T20:15:12.000Z
"5/27/2022, 3:18:12 PM",3.66,85.5,97,23,2022-05-27T20:18:12.000Z
"5/27/2022, 3:21:12 PM",3.659,85.5,97,23,2022-05-27T20:21:12.000Z
"5/27/2022, 3:24:12 PM",3.659,85.6,97,23,2022-05-27T20:24:12.000Z
"5/27/2022, 3:27:12 PM",3.658,85.5,97,23,2022-05-27T20:27:12.000Z
"5/27/2022, 3:30:12 PM",3.659,85.5,97,22,2022-05-27T20:30:12.000Z
"5/27/2022, 3:33:12 PM",3.659,85.5,97,24,2022-05-27T20:33:12.000Z
"5/27/2022, 3:36:12 PM",3.659,85.5,97,22,2022-05-27T20:36:12.000Z
"5/27/2022, 3:39:12 PM",3.659,85.3,97,22,2022-05-27T20:39:12.000Z
"5/27/2022, 3:42:12 PM",3.659,85.1,97,21,2022-05-27T20:42:12.000Z
"5/27/2022, 3:45:12 PM",3.659,85.1,97,21,2022-05-27T20:45:12.000Z
"5/27/2022, 3:48:12 PM",3.659,84.9,97,21,2022-05-27T20:48:12.000Z
"5/27/2022, 3:51:12 PM",3.659,84.7,96.9,21,2022-05-27T20:51:12.000Z
"5/27/2022, 3:54:12 PM",3.659,84.6,97,18,2022-05-27T20:54:12.000Z
"5/27/2022, 3:57:12 PM",3.659,84.4,96.9,18,2022-05-27T20:57:12.000Z
"5/27/2022, 4:00:12 PM",3.659,84.4,96.9,17,2022-05-27T21:00:12.000Z
"5/27/2022, 4:03:12 PM",3.66,84.2,96.9,17,2022-05-27T21:03:12.000Z
"5/27/2022, 4:06:12 PM",3.659,84.2,96.9,18,2022-05-27T21:06:12.000Z
"5/27/2022, 4:09:12 PM",3.659,84,96.9,18,2022-05-27T21:09:12.000Z
"5/27/2022, 4:12:12 PM",3.659,84,96.9,18,2022-05-27T21:12:12.000Z
"5/27/2022, 4:15:12 PM",3.66,84,96.9,20,2022-05-27T21:15:12.000Z
"5/27/2022, 4:18:12 PM",3.659,84,96.9,21,2022-05-27T21:18:12.000Z
"5/27/2022, 4:21:12 PM",3.659,84,96.9,20,2022-05-27T21:21:12.000Z
"5/27/2022, 4:24:12 PM",3.66,84,96.9,22,2022-05-27T21:24:12.000Z
"5/27/2022, 4:27:12 PM",3.659,84,96.9,21,2022-05-27T21:27:12.000Z
"5/27/2022, 4:30:12 PM",3.659,84.2,96.9,21,2022-05-27T21:30:12.000Z
"5/27/2022, 4:33:12 PM",3.659,84.2,96.9,20,2022-05-27T21:33:12.000Z
"5/27/2022, 4:36:12 PM",3.66,84.2,96.9,20,2022-05-27T21:36:12.000Z
"5/27/2022, 4:39:12 PM",3.659,84.2,96.9,18,2022-05-27T21:39:12.000Z
"5/27/2022, 4:42:12 PM",3.659,84.2,96.9,18,2022-05-27T21:42:12.000Z
"5/27/2022, 4:45:12 PM",3.659,84,96.9,18,2022-05-27T21:45:12.000Z
"5/27/2022, 4:48:12 PM",3.66,84,96.9,18,2022-05-27T21:48:12.000Z
"5/27/2022, 4:51:12 PM",3.66,84,96.9,18,2022-05-27T21:51:12.000Z
"5/27/2022, 4:54:12 PM",3.66,83.8,96.9,17,2022-05-27T21:54:12.000Z
"5/27/2022, 4:57:12 PM",3.66,83.7,96.9,17,2022-05-27T21:57:12.000Z
"5/27/2022, 5:00:12 PM",3.66,83.5,96.9,18,2022-05-27T22:00:12.000Z
"5/27/2022, 5:03:12 PM",3.66,83.5,96.9,19,2022-05-27T22:03:12.000Z
"5/27/2022, 5:06:12 PM",3.659,83.3,96.8,18,2022-05-27T22:06:12.000Z
"5/27/2022, 5:09:12 PM",3.66,83.1,96.8,17,2022-05-27T22:09:12.000Z
"5/27/2022, 5:12:12 PM",3.66,82.9,96.9,17,2022-05-27T22:12:12.000Z
"5/27/2022, 5:15:12 PM",3.66,82.9,96.8,17,2022-05-27T22:15:12.000Z
"5/27/2022, 5:18:12 PM",3.66,82.8,96.8,17,2022-05-27T22:18:12.000Z
"5/27/2022, 5:21:12 PM",3.66,82.6,96.8,16,2022-05-27T22:21:12.000Z
"5/27/2022, 5:24:12 PM",3.66,82.6,96.8,17,2022-05-27T22:24:12.000Z
"5/27/2022, 5:27:12 PM",3.66,82.4,96.8,17,2022-05-27T22:27:12.000Z
"5/27/2022, 5:30:12 PM",3.66,82.2,96.7,17,2022-05-27T22:30:12.000Z
"5/27/2022, 5:33:12 PM",3.66,82.2,96.8,17,2022-05-27T22:33:12.000Z
"5/27/2022, 5:36:12 PM",3.66,82,96.8,16,2022-05-27T22:36:12.000Z
"5/27/2022, 5:39:12 PM",3.66,82,96.7,16,2022-05-27T22:39:12.000Z
"5/27/2022, 5:42:12 PM",3.66,81.9,96.7,16,2022-05-27T22:42:12.000Z
"5/27/2022, 5:45:12 PM",3.66,81.9,96.7,16,2022-05-27T22:45:12.000Z
"5/27/2022, 5:48:12 PM",3.66,81.7,96.7,16,2022-05-27T22:48:12.000Z
"5/27/2022, 5:51:12 PM",3.66,81.7,96.7,16,2022-05-27T22:51:12.000Z
"5/27/2022, 5:54:12 PM",3.66,81.5,96.7,16,2022-05-27T22:54:12.000Z
"5/27/2022, 5:57:12 PM",3.66,81.5,96.7,16,2022-05-27T22:57:12.000Z
"5/27/2022, 6:00:12 PM",3.66,81.3,96.7,15,2022-05-27T23:00:12.000Z
"5/27/2022, 6:03:12 PM",3.66,81.1,96.7,15,2022-05-27T23:03:12.000Z
"5/27/2022, 6:06:12 PM",3.66,81,96.7,15,2022-05-27T23:06:12.000Z
"5/27/2022, 6:09:12 PM",3.66,80.8,96.7,15,2022-05-27T23:09:12.000Z
"5/27/2022, 6:12:12 PM",3.66,80.6,96.6,14,2022-05-27T23:12:12.000Z
"5/27/2022, 6:15:12 PM",3.661,80.6,96.6,15,2022-05-27T23:15:12.000Z
"5/27/2022, 6:18:12 PM",3.66,80.4,96.6,15,2022-05-27T23:18:12.000Z
"5/27/2022, 6:21:12 PM",3.66,80.4,96.6,14,2022-05-27T23:21:12.000Z
"5/27/2022, 6:24:12 PM",3.66,80.2,96.6,15,2022-05-27T23:24:12.000Z
"5/27/2022, 6:27:12 PM",3.66,80.1,96.6,14,2022-05-27T23:27:12.000Z
"5/27/2022, 6:30:12 PM",3.66,80.1,96.6,14,2022-05-27T23:30:12.000Z
"5/27/2022, 6:33:12 PM",3.66,79.9,96.6,13,2022-05-27T23:33:12.000Z
"5/27/2022, 6:36:12 PM",3.66,79.7,96.6,14,2022-05-27T23:36:12.000Z
"5/27/2022, 6:39:12 PM",3.66,79.5,96.6,13,2022-05-27T23:39:12.000Z
"5/27/2022, 6:42:12 PM",3.661,79.5,96.6,13,2022-05-27T23:42:12.000Z
"5/27/2022, 6:45:12 PM",3.66,79.3,96.6,14,2022-05-27T23:45:12.000Z
"5/27/2022, 6:48:12 PM",3.661,79.3,96.6,13,2022-05-27T23:48:12.000Z
"5/27/2022, 6:51:12 PM",3.66,79.2,96.6,14,2022-05-27T23:51:12.000Z
"5/27/2022, 6:54:12 PM",3.66,79.2,96.6,13,2022-05-27T23:54:12.000Z
"5/27/2022, 6:57:12 PM",3.661,79,96.6,13,2022-05-27T23:57:12.000Z
"5/27/2022, 7:00:12 PM",3.66,79,96.5,13,2022-05-28T00:00:12.000Z
"5/27/2022, 7:03:12 PM",3.661,79,96.6,14,2022-05-28T00:03:12.000Z
"5/27/2022, 7:06:12 PM",3.661,79,96.6,14,2022-05-28T00:06:12.000Z
"5/27/2022, 7:09:12 PM",3.661,79,96.6,13,2022-05-28T00:09:12.000Z
"5/27/2022, 7:12:12 PM",3.66,79,96.6,14,2022-05-28T00:12:12.000Z
"5/27/2022, 7:15:12 PM",3.661,79,96.6,14,2022-05-28T00:15:12.000Z
"5/27/2022, 7:18:12 PM",3.661,79,96.5,14,2022-05-28T00:18:12.000Z
"5/27/2022, 7:21:12 PM",3.66,79,96.5,14,2022-05-28T00:21:12.000Z
"5/27/2022, 7:24:12 PM",3.661,79,96.5,14,2022-05-28T00:24:12.000Z
"5/27/2022, 7:27:12 PM",3.66,79,96.5,14,2022-05-28T00:27:12.000Z
"5/27/2022, 7:30:12 PM",3.66,79,96.5,14,2022-05-28T00:30:12.000Z
"5/27/2022, 7:33:12 PM",3.66,79.2,96.5,14,2022-05-28T00:33:12.000Z
"5/27/2022, 7:36:12 PM",3.66,79.2,96.5,14,2022-05-28T00:36:12.000Z
"5/27/2022, 7:39:12 PM",3.66,79.3,96.5,14,2022-05-28T00:39:12.000Z
"5/27/2022, 7:42:12 PM",3.66,79.3,96.5,14,2022-05-28T00:42:12.000Z
"5/27/2022, 7:45:12 PM",3.66,79.3,96.5,14,2022-05-28T00:45:12.000Z
"5/27/2022, 7:48:12 PM",3.66,79.5,96.5,14,2022-05-28T00:48:12.000Z
"5/27/2022, 7:51:12 PM",3.66,79.5,96.5,14,2022-05-28T00:51:12.000Z
"5/27/2022, 7:54:12 PM",3.66,79.3,96.4,14,2022-05-28T00:54:12.000Z
"5/27/2022, 7:57:12 PM",3.66,79.3,96.4,13,2022-05-28T00:57:12.000Z
"5/27/2022, 8:00:12 PM",3.66,79.3,96.4,13,2022-05-28T01:00:12.000Z
"5/27/2022, 8:03:12 PM",3.66,79.2,96.4,13,2022-05-28T01:03:12.000Z
"5/27/2022, 8:06:12 PM",3.66,79.2,96.4,13,2022-05-28T01:06:12.000Z
"5/27/2022, 8:09:12 PM",3.66,79,96.5,13,2022-05-28T01:09:12.000Z
"5/27/2022, 8:12:12 PM",3.66,79,96.4,13,2022-05-28T01:12:12.000Z
"5/27/2022, 8:15:12 PM",3.66,79,96.4,13,2022-05-28T01:15:12.000Z
"5/27/2022, 8:18:12 PM",3.661,79,96.4,12,2022-05-28T01:18:12.000Z
"5/27/2022, 8:21:12 PM",3.66,79,96.4,13,2022-05-28T01:21:12.000Z
"5/27/2022, 8:24:12 PM",3.66,78.8,96.5,12,2022-05-28T01:24:12.000Z
"5/27/2022, 8:27:12 PM",3.66,78.8,96.4,12,2022-05-28T01:27:12.000Z
"5/27/2022, 8:30:12 PM",3.66,78.8,96.4,12,2022-05-28T01:30:12.000Z
"5/27/2022, 8:33:12 PM",3.66,78.8,96.4,12,2022-05-28T01:33:12.000Z
"5/27/2022, 8:36:12 PM",3.66,78.6,96.4,12,2022-05-28T01:36:12.000Z
"5/27/2022, 8:39:12 PM",3.66,78.6,96.4,12,2022-05-28T01:39:12.000Z
"5/27/2022, 8:42:12 PM",3.66,78.6,96.4,12,2022-05-28T01:42:12.000Z
"5/27/2022, 8:45:12 PM",3.66,78.6,96.4,12,2022-05-28T01:45:12.000Z
"5/27/2022, 8:48:12 PM",3.66,78.4,96.4,12,2022-05-28T01:48:12.000Z
"5/27/2022, 8:51:12 PM",3.66,78.4,96.4,12,2022-05-28T01:51:12.000Z
"5/27/2022, 8:54:12 PM",3.66,78.4,96.4,12,2022-05-28T01:54:12.000Z
"5/27/2022, 8:57:12 PM",3.66,78.4,96.4,12,2022-05-28T01:57:12.000Z
"5/27/2022, 9:00:12 PM",3.66,78.4,96.4,12,2022-05-28T02:00:12.000Z
"5/27/2022, 9:03:12 PM",3.66,78.4,96.4,12,2022-05-28T02:03:12.000Z
"5/27/2022, 9:06:12 PM",3.66,78.4,96.4,12,2022-05-28T02:06:12.000Z
"5/27/2022, 9:09:12 PM",3.66,78.4,96.4,11,2022-05-28T02:09:12.000Z
"5/27/2022, 9:12:12 PM",3.66,78.3,96.4,11,2022-05-28T02:12:12.000Z
"5/27/2022, 9:15:12 PM",3.66,78.3,96.4,11,2022-05-28T02:15:12.000Z
"5/27/2022, 9:18:12 PM",3.66,78.3,96.4,11,2022-05-28T02:18:12.000Z
"5/27/2022, 9:21:12 PM",3.66,78.3,96.4,11,2022-05-28T02:21:12.000Z
"5/27/2022, 9:24:12 PM",3.66,78.3,96.4,11,2022-05-28T02:24:12.000Z
"5/27/2022, 9:27:12 PM",3.66,78.4,96.4,11,2022-05-28T02:27:12.000Z
"5/27/2022, 9:30:12 PM",3.66,78.4,96.4,11,2022-05-28T02:30:12.000Z
"5/27/2022, 9:33:12 PM",3.66,78.4,96.4,11,2022-05-28T02:33:12.000Z
"5/27/2022, 9:36:12 PM",3.66,78.4,96.4,11,2022-05-28T02:36:12.000Z
"5/27/2022, 9:39:12 PM",3.66,78.4,96.4,11,2022-05-28T02:39:12.000Z
"5/27/2022, 9:42:12 PM",3.66,78.3,96.4,11,2022-05-28T02:42:12.000Z
"5/27/2022, 9:45:12 PM",3.66,78.3,96.3,11,2022-05-28T02:45:12.000Z
"5/27/2022, 9:48:12 PM",3.66,78.3,96.3,11,2022-05-28T02:48:12.000Z
"5/27/2022, 9:51:12 PM",3.66,78.3,96.4,11,2022-05-28T02:51:12.000Z
"5/27/2022, 9:54:12 PM",3.66,78.3,96.4,11,2022-05-28T02:54:12.000Z
"5/27/2022, 9:57:12 PM",3.66,78.3,96.3,11,2022-05-28T02:57:12.000Z
"5/27/2022, 10:00:12 PM",3.66,78.3,96.3,11,2022-05-28T03:00:12.000Z
"5/27/2022, 10:03:12 PM",3.66,78.3,96.3,11,2022-05-28T03:03:12.000Z
"5/27/2022, 10:06:12 PM",3.66,78.3,96.4,11,2022-05-28T03:06:12.000Z
"5/27/2022, 10:09:12 PM",3.66,78.3,96.4,11,2022-05-28T03:09:12.000Z
"5/27/2022, 10:12:12 PM",3.66,78.3,96.3,11,2022-05-28T03:12:12.000Z
"5/27/2022, 10:15:12 PM",3.66,78.3,96.4,11,2022-05-28T03:15:12.000Z
"5/27/2022, 10:18:12 PM",3.66,78.3,96.4,11,2022-05-28T03:18:12.000Z
"5/27/2022, 10:21:12 PM",3.66,78.1,96.4,11,2022-05-28T03:21:12.000Z
"5/27/2022, 10:24:12 PM",3.66,78.1,96.4,11,2022-05-28T03:24:12.000Z
"5/27/2022, 10:27:12 PM",3.66,78.1,96.4,11,2022-05-28T03:27:12.000Z
"5/27/2022, 10:30:12 PM",3.66,77.9,96.4,11,2022-05-28T03:30:12.000Z
"5/27/2022, 10:33:12 PM",3.66,77.9,96.4,10,2022-05-28T03:33:12.000Z
"5/27/2022, 10:36:12 PM",3.66,77.9,96.4,10,2022-05-28T03:36:12.000Z
"5/27/2022, 10:39:12 PM",3.66,77.7,96.4,11,2022-05-28T03:39:12.000Z
"5/27/2022, 10:42:12 PM",3.66,77.7,96.4,11,2022-05-28T03:42:12.000Z
"5/27/2022, 10:45:12 PM",3.66,77.7,96.4,11,2022-05-28T03:45:12.000Z
"5/27/2022, 10:48:12 PM",3.66,77.7,96.4,11,2022-05-28T03:48:12.000Z
"5/27/2022, 10:51:12 PM",3.66,77.7,96.4,10,2022-05-28T03:51:12.000Z
"5/27/2022, 10:54:12 PM",3.66,77.7,96.4,11,2022-05-28T03:54:12.000Z
"5/27/2022, 10:57:12 PM",3.66,77.7,96.4,11,2022-05-28T03:57:12.000Z
"5/27/2022, 11:00:12 PM",3.66,77.7,96.4,11,2022-05-28T04:00:12.000Z
"5/27/2022, 11:03:12 PM",3.66,77.7,96.4,11,2022-05-28T04:03:12.000Z
"5/27/2022, 11:06:12 PM",3.66,77.7,96.4,11,2022-05-28T04:06:12.000Z
"5/27/2022, 11:09:12 PM",3.66,77.7,96.4,11,2022-05-28T04:09:12.000Z
"5/27/2022, 11:12:12 PM",3.66,77.7,96.4,11,2022-05-28T04:12:12.000Z
"5/27/2022, 11:15:12 PM",3.66,77.7,96.4,11,2022-05-28T04:15:12.000Z
"5/27/2022, 11:18:12 PM",3.66,77.7,96.4,11,2022-05-28T04:18:12.000Z
"5/27/2022, 11:21:12 PM",3.66,77.7,96.4,11,2022-05-28T04:21:12.000Z
"5/27/2022, 11:24:12 PM",3.66,77.7,96.4,10,2022-05-28T04:24:12.000Z
"5/27/2022, 11:27:12 PM",3.66,77.7,96.4,10,2022-05-28T04:27:12.000Z
"5/27/2022, 11:30:12 PM",3.66,77.7,96.4,11,2022-05-28T04:30:12.000Z
"5/27/2022, 11:33:12 PM",3.66,77.7,96.4,11,2022-05-28T04:33:12.000Z
"5/27/2022, 11:36:12 PM",3.66,77.7,96.4,11,2022-05-28T04:36:12.000Z
"5/27/2022, 11:39:12 PM",3.66,77.7,96.4,10,2022-05-28T04:39:12.000Z
"5/27/2022, 11:42:12 PM",3.66,77.7,96.4,11,2022-05-28T04:42:12.000Z
"5/27/2022, 11:45:12 PM",3.66,77.7,96.4,10,2022-05-28T04:45:12.000Z
"5/27/2022, 11:48:12 PM",3.659,77.7,96.4,9,2022-05-28T04:48:12.000Z
"5/27/2022, 11:51:12 PM",3.66,77.7,96.4,11,2022-05-28T04:51:12.000Z
"5/27/2022, 11:54:12 PM",3.66,77.9,96.4,10,2022-05-28T04:54:12.000Z
"5/27/2022, 11:57:12 PM",3.66,77.9,96.4,10,2022-05-28T04:57:12.000Z
"5/28/2022, 12:00:12 AM",3.659,77.9,96.4,10,2022-05-28T05:00:12.000Z
"5/28/2022, 12:03:12 AM",3.659,77.9,96.4,10,2022-05-28T05:03:12.000Z
"5/28/2022, 12:06:12 AM",3.66,78.1,96.4,10,2022-05-28T05:06:12.000Z
"5/28/2022, 12:09:12 AM",3.66,78.1,96.4,11,2022-05-28T05:09:12.000Z
"5/28/2022, 12:12:12 AM",3.66,78.3,96.4,10,2022-05-28T05:12:12.000Z
"5/28/2022, 12:15:12 AM",3.66,78.3,96.4,10,2022-05-28T05:15:12.000Z
"5/28/2022, 12:18:12 AM",3.66,78.3,96.4,10,2022-05-28T05:18:12.000Z
"5/28/2022, 12:21:12 AM",3.659,78.3,96.4,10,2022-05-28T05:21:12.000Z
"5/28/2022, 12:24:12 AM",3.66,78.3,96.4,10,2022-05-28T05:24:12.000Z
"5/28/2022, 12:27:12 AM",3.659,78.3,96.4,9,2022-05-28T05:27:12.000Z
"5/28/2022, 12:30:12 AM",3.66,78.3,96.4,10,2022-05-28T05:30:12.000Z
"5/28/2022, 12:33:12 AM",3.659,78.4,96.5,9,2022-05-28T05:33:12.000Z
"5/28/2022, 12:36:12 AM",3.66,78.4,96.5,11,2022-05-28T05:36:12.000Z
"5/28/2022, 12:39:12 AM",3.66,78.4,96.5,10,2022-05-28T05:39:12.000Z
"5/28/2022, 12:42:12 AM",3.659,78.4,96.5,10,2022-05-28T05:42:12.000Z
"5/28/2022, 12:45:12 AM",3.66,78.3,96.4,10,2022-05-28T05:45:12.000Z
"5/28/2022, 12:48:12 AM",3.659,78.3,96.5,10,2022-05-28T05:48:12.000Z
"5/28/2022, 12:51:12 AM",3.66,78.3,96.5,10,2022-05-28T05:51:12.000Z
"5/28/2022, 12:54:12 AM",3.66,78.3,96.5,11,2022-05-28T05:54:12.000Z
"5/28/2022, 12:57:12 AM",3.66,78.3,96.5,10,2022-05-28T05:57:12.000Z
"5/28/2022, 1:00:12 AM",3.66,78.3,96.5,10,2022-05-28T06:00:12.000Z
"5/28/2022, 1:03:12 AM",3.659,78.3,96.5,11,2022-05-28T06:03:12.000Z
"5/28/2022, 1:06:12 AM",3.66,78.1,96.5,10,2022-05-28T06:06:12.000Z
"5/28/2022, 1:09:12 AM",3.66,78.1,96.6,11,2022-05-28T06:09:12.000Z
"5/28/2022, 1:12:12 AM",3.66,78.1,96.6,11,2022-05-28T06:12:12.000Z
"5/28/2022, 1:15:12 AM",3.66,78.1,96.6,11,2022-05-28T06:15:12.000Z
"5/28/2022, 1:18:12 AM",3.659,78.1,96.6,11,2022-05-28T06:18:12.000Z
"5/28/2022, 1:21:12 AM",3.66,78.1,96.6,11,2022-05-28T06:21:12.000Z
"5/28/2022, 1:24:12 AM",3.66,78.1,96.6,10,2022-05-28T06:24:12.000Z
"5/28/2022, 1:27:12 AM",3.66,78.1,96.6,11,2022-05-28T06:27:12.000Z
"5/28/2022, 1:30:12 AM",3.659,78.1,96.6,10,2022-05-28T06:30:12.000Z
"5/28/2022, 1:33:12 AM",3.659,78.1,96.6,10,2022-05-28T06:33:12.000Z
"5/28/2022, 1:36:12 AM",3.659,78.1,96.6,10,2022-05-28T06:36:12.000Z
"5/28/2022, 1:39:12 AM",3.659,78.1,96.6,10,2022-05-28T06:39:12.000Z
"5/28/2022, 1:42:12 AM",3.659,78.1,96.6,11,2022-05-28T06:42:12.000Z
"5/28/2022, 1:45:12 AM",3.66,78.1,96.6,11,2022-05-28T06:45:12.000Z
"5/28/2022, 1:48:12 AM",3.659,78.1,96.6,11,2022-05-28T06:48:12.000Z
"5/28/2022, 1:51:12 AM",3.659,78.1,96.6,10,2022-05-28T06:51:12.000Z
"5/28/2022, 1:54:12 AM",3.659,78.3,96.6,11,2022-05-28T06:54:12.000Z
"5/28/2022, 1:57:12 AM",3.659,78.3,96.6,11,2022-05-28T06:57:12.000Z
"5/28/2022, 2:00:12 AM",3.66,78.3,96.6,11,2022-05-28T07:00:12.000Z
"5/28/2022, 2:03:12 AM",3.659,78.3,96.6,10,2022-05-28T07:03:12.000Z
"5/28/2022, 2:06:12 AM",3.659,78.3,96.6,11,2022-05-28T07:06:12.000Z
"5/28/2022, 2:09:12 AM",3.66,78.1,96.6,11,2022-05-28T07:09:12.000Z
"5/28/2022, 2:12:12 AM",3.659,78.1,96.6,11,2022-05-28T07:12:12.000Z
"5/28/2022, 2:15:12 AM",3.659,78.1,96.6,10,2022-05-28T07:15:12.000Z
"5/28/2022, 2:18:12 AM",3.659,78.1,96.6,10,2022-05-28T07:18:12.000Z
"5/28/2022, 2:21:12 AM",3.66,78.1,96.6,11,2022-05-28T07:21:12.000Z
"5/28/2022, 2:24:12 AM",3.659,78.1,96.6,10,2022-05-28T07:24:12.000Z
"5/28/2022, 2:27:12 AM",3.659,78.1,96.6,10,2022-05-28T07:27:12.000Z
"5/28/2022, 2:30:12 AM",3.659,78.1,96.6,10,2022-05-28T07:30:12.000Z
"5/28/2022, 2:33:12 AM",3.66,78.1,96.6,10,2022-05-28T07:33:12.000Z
"5/28/2022, 2:36:12 AM",3.659,78.1,96.6,10,2022-05-28T07:36:12.000Z
"5/28/2022, 2:39:12 AM",3.659,77.9,96.6,10,2022-05-28T07:39:12.000Z
"5/28/2022, 2:42:12 AM",3.659,77.9,96.6,9,2022-05-28T07:42:12.000Z
"5/28/2022, 2:45:12 AM",3.659,77.9,96.6,10,2022-05-28T07:45:12.000Z
"5/28/2022, 2:48:12 AM",3.659,77.9,96.6,10,2022-05-28T07:48:12.000Z
"5/28/2022, 2:51:12 AM",3.659,77.9,96.6,10,2022-05-28T07:51:12.000Z
"5/28/2022, 2:54:12 AM",3.659,77.9,96.6,10,2022-05-28T07:54:12.000Z
"5/28/2022, 2:57:12 AM",3.659,77.9,96.6,10,2022-05-28T07:57:12.000Z
"5/28/2022, 3:00:12 AM",3.66,77.9,96.6,10,2022-05-28T08:00:12.000Z
"5/28/2022, 3:03:12 AM",3.659,77.9,96.6,10,2022-05-28T08:03:12.000Z
"5/28/2022, 3:06:12 AM",3.659,77.9,96.6,10,2022-05-28T08:06:12.000Z
"5/28/2022, 3:09:12 AM",3.659,77.9,96.6,10,2022-05-28T08:09:12.000Z
"5/28/2022, 3:12:12 AM",3.659,77.9,96.6,10,2022-05-28T08:12:12.000Z
"5/28/2022, 3:15:12 AM",3.659,77.9,96.6,9,2022-05-28T08:15:12.000Z
"5/28/2022, 3:18:12 AM",3.659,77.9,96.6,10,2022-05-28T08:18:12.000Z
"5/28/2022, 3:21:12 AM",3.66,77.9,96.6,10,2022-05-28T08:21:12.000Z
"5/28/2022, 3:24:12 AM",3.659,77.9,96.6,9,2022-05-28T08:24:12.000Z
"5/28/2022, 3:27:12 AM",3.66,77.9,96.7,9,2022-05-28T08:27:12.000Z
"5/28/2022, 3:30:12 AM",3.66,77.9,96.6,10,2022-05-28T08:30:12.000Z
"5/28/2022, 3:33:12 AM",3.659,78.1,96.7,10,2022-05-28T08:33:12.000Z
"5/28/2022, 3:36:12 AM",3.659,78.1,96.7,10,2022-05-28T08:36:12.000Z
"5/28/2022, 3:39:12 AM",3.66,78.1,96.7,10,2022-05-28T08:39:12.000Z
"5/28/2022, 3:42:12 AM",3.659,78.1,96.6,10,2022-05-28T08:42:12.000Z
"5/28/2022, 3:45:12 AM",3.659,78.3,96.6,9,2022-05-28T08:45:12.000Z
"5/28/2022, 3:48:12 AM",3.659,78.3,96.6,10,2022-05-28T08:48:12.000Z
"5/28/2022, 3:51:12 AM",3.659,78.3,96.6,10,2022-05-28T08:51:12.000Z
"5/28/2022, 3:54:12 AM",3.659,78.3,96.6,10,2022-05-28T08:54:12.000Z
"5/28/2022, 3:57:12 AM",3.659,78.3,96.6,10,2022-05-28T08:57:12.000Z
"5/28/2022, 4:00:12 AM",3.66,78.3,96.6,10,2022-05-28T09:00:12.000Z
"5/28/2022, 4:03:12 AM",3.659,78.3,96.6,10,2022-05-28T09:03:12.000Z
"5/28/2022, 4:06:12 AM",3.66,78.1,96.6,9,2022-05-28T09:06:12.000Z
"5/28/2022, 4:09:12 AM",3.659,78.1,96.6,10,2022-05-28T09:09:12.000Z
"5/28/2022, 4:12:12 AM",3.659,78.1,96.6,10,2022-05-28T09:12:12.000Z
"5/28/2022, 4:15:12 AM",3.66,78.1,96.6,10,2022-05-28T09:15:12.000Z
"5/28/2022, 4:18:12 AM",3.66,78.1,96.6,9,2022-05-28T09:18:12.000Z
"5/28/2022, 4:21:12 AM",3.659,78.1,96.7,9,2022-05-28T09:21:12.000Z
"5/28/2022, 4:24:12 AM",3.659,78.1,96.6,10,2022-05-28T09:24:12.000Z
"5/28/2022, 4:27:12 AM",3.659,78.1,96.7,9,2022-05-28T09:27:12.000Z
"5/28/2022, 4:30:12 AM",3.659,78.1,96.7,10,2022-05-28T09:30:12.000Z
"5/28/2022, 4:33:12 AM",3.659,78.1,96.7,9,2022-05-28T09:33:12.000Z
"5/28/2022, 4:36:12 AM",3.659,78.1,96.7,10,2022-05-28T09:36:12.000Z
"5/28/2022, 4:39:12 AM",3.659,78.1,96.7,9,2022-05-28T09:39:12.000Z
"5/28/2022, 4:42:12 AM",3.659,78.1,96.7,9,2022-05-28T09:42:12.000Z
"5/28/2022, 4:45:12 AM",3.659,77.9,96.7,9,2022-05-28T09:45:12.000Z
"5/28/2022, 4:48:12 AM",3.659,77.9,96.6,9,2022-05-28T09:48:12.000Z
"5/28/2022, 4:51:12 AM",3.66,77.9,96.6,9,2022-05-28T09:51:12.000Z
"5/28/2022, 4:54:12 AM",3.659,77.9,96.6,9,2022-05-28T09:54:12.000Z
"5/28/2022, 4:57:12 AM",3.659,77.9,96.6,9,2022-05-28T09:57:12.000Z
"5/28/2022, 5:00:12 AM",3.659,77.9,96.7,9,2022-05-28T10:00:12.000Z
"5/28/2022, 5:03:12 AM",3.659,77.9,96.6,9,2022-05-28T10:03:12.000Z
"5/28/2022, 5:06:12 AM",3.659,77.9,96.7,9,2022-05-28T10:06:12.000Z
"5/28/2022, 5:09:12 AM",3.659,77.9,96.7,9,2022-05-28T10:09:12.000Z
"5/28/2022, 5:12:12 AM",3.659,77.9,96.7,9,2022-05-28T10:12:12.000Z
"5/28/2022, 5:15:12 AM",3.66,77.9,96.6,9,2022-05-28T10:15:12.000Z
"5/28/2022, 5:18:12 AM",3.659,77.9,96.6,9,2022-05-28T10:18:12.000Z
"5/28/2022, 5:21:12 AM",3.659,77.9,96.6,9,2022-05-28T10:21:12.000Z
"5/28/2022, 5:24:12 AM",3.659,77.9,96.6,9,2022-05-28T10:24:12.000Z
"5/28/2022, 5:27:12 AM",3.659,77.9,96.6,9,2022-05-28T10:27:12.000Z
"5/28/2022, 5:30:12 AM",3.659,77.9,96.6,9,2022-05-28T10:30:12.000Z
"5/28/2022, 5:33:12 AM",3.659,77.9,96.6,9,2022-05-28T10:33:12.000Z
"5/28/2022, 5:36:12 AM",3.659,77.9,96.6,9,2022-05-28T10:36:12.000Z
"5/28/2022, 5:39:12 AM",3.659,78.1,96.7,9,2022-05-28T10:39:12.000Z
"5/28/2022, 5:42:12 AM",3.659,78.1,96.7,10,2022-05-28T10:42:12.000Z
"5/28/2022, 5:45:12 AM",3.659,78.1,96.7,9,2022-05-28T10:45:12.000Z
"5/28/2022, 5:48:12 AM",3.659,78.1,96.6,9,2022-05-28T10:48:12.000Z
"5/28/2022, 5:51:12 AM",3.659,78.3,96.6,9,2022-05-28T10:51:12.000Z
"5/28/2022, 5:54:12 AM",3.659,78.3,96.6,9,2022-05-28T10:54:12.000Z
"5/28/2022, 5:57:12 AM",3.659,78.3,96.6,9,2022-05-28T10:57:12.000Z
"5/28/2022, 6:00:12 AM",3.659,78.4,96.6,9,2022-05-28T11:00:12.000Z
"5/28/2022, 6:03:12 AM",3.659,78.4,96.6,9,2022-05-28T11:03:12.000Z
"5/28/2022, 6:06:12 AM",3.659,78.4,96.6,9,2022-05-28T11:06:12.000Z
"5/28/2022, 6:09:12 AM",3.659,78.4,96.6,9,2022-05-28T11:09:12.000Z
"5/28/2022, 6:12:12 AM",3.659,78.6,96.6,9,2022-05-28T11:12:12.000Z
"5/28/2022, 6:15:12 AM",3.659,78.6,96.6,9,2022-05-28T11:15:12.000Z
"5/28/2022, 6:18:12 AM",3.659,78.6,96.6,9,2022-05-28T11:18:12.000Z
"5/28/2022, 6:21:12 AM",3.659,78.6,96.6,9,2022-05-28T11:21:12.000Z
"5/28/2022, 6:24:12 AM",3.659,78.6,96.6,9,2022-05-28T11:24:12.000Z
"5/28/2022, 6:27:12 AM",3.659,78.6,96.6,9,2022-05-28T11:27:12.000Z
"5/28/2022, 6:30:12 AM",3.659,78.6,96.6,9,2022-05-28T11:30:12.000Z
"5/28/2022, 6:33:12 AM",3.659,78.6,96.6,9,2022-05-28T11:33:12.000Z
"5/28/2022, 6:36:12 AM",3.658,78.6,96.6,9,2022-05-28T11:36:12.000Z
"5/28/2022, 6:39:12 AM",3.659,78.6,96.6,8,2022-05-28T11:39:12.000Z
"5/28/2022, 6:42:12 AM",3.659,78.4,96.6,8,2022-05-28T11:42:12.000Z
"5/28/2022, 6:45:12 AM",3.659,78.6,96.6,8,2022-05-28T11:45:12.000Z
"5/28/2022, 6:48:12 AM",3.659,78.6,96.6,9,2022-05-28T11:48:12.000Z
"5/28/2022, 6:51:12 AM",3.659,78.6,96.7,9,2022-05-28T11:51:12.000Z
"5/28/2022, 6:54:12 AM",3.659,78.6,96.7,9,2022-05-28T11:54:12.000Z
"5/28/2022, 6:57:12 AM",3.659,78.6,96.7,9,2022-05-28T11:57:12.000Z
"5/28/2022, 7:00:12 AM",3.659,78.8,96.7,8,2022-05-28T12:00:12.000Z
"5/28/2022, 7:03:12 AM",3.659,78.8,96.7,8,2022-05-28T12:03:12.000Z
"5/28/2022, 7:06:12 AM",3.659,78.8,96.7,8,2022-05-28T12:06:12.000Z
"5/28/2022, 7:09:12 AM",3.659,78.8,96.7,9,2022-05-28T12:09:12.000Z
"5/28/2022, 7:12:12 AM",3.659,78.8,96.7,9,2022-05-28T12:12:12.000Z
"5/28/2022, 7:15:12 AM",3.66,78.8,96.7,9,2022-05-28T12:15:12.000Z
"5/28/2022, 7:18:12 AM",3.659,78.8,96.8,9,2022-05-28T12:18:12.000Z
"5/28/2022, 7:21:12 AM",3.659,78.8,96.8,8,2022-05-28T12:21:12.000Z
"5/28/2022, 7:24:12 AM",3.659,78.8,96.8,9,2022-05-28T12:24:12.000Z
"5/28/2022, 7:27:12 AM",3.659,78.8,96.8,8,2022-05-28T12:27:12.000Z
"5/28/2022, 7:30:12 AM",3.659,78.8,96.8,9,2022-05-28T12:30:12.000Z
"5/28/2022, 7:33:12 AM",3.659,78.8,96.8,9,2022-05-28T12:33:12.000Z
"5/28/2022, 7:36:12 AM",3.659,78.8,96.8,9,2022-05-28T12:36:12.000Z
"5/28/2022, 7:39:12 AM",3.659,78.8,96.8,9,2022-05-28T12:39:12.000Z
"5/28/2022, 7:42:12 AM",3.659,78.8,96.8,9,2022-05-28T12:42:12.000Z
"5/28/2022, 7:45:12 AM",3.659,79,96.8,9,2022-05-28T12:45:12.000Z
"5/28/2022, 7:48:12 AM",3.659,78.8,96.8,9,2022-05-28T12:48:12.000Z
"5/28/2022, 7:51:12 AM",3.659,79,96.8,9,2022-05-28T12:51:12.000Z
"5/28/2022, 7:54:12 AM",3.659,79,96.8,10,2022-05-28T12:54:12.000Z
"5/28/2022, 7:57:12 AM",3.659,79,96.8,10,2022-05-28T12:57:12.000Z
"5/28/2022, 8:00:12 AM",3.659,79,96.9,11,2022-05-28T13:00:12.000Z
"5/28/2022, 8:03:12 AM",3.659,79.3,96.8,11,2022-05-28T13:03:12.000Z
"5/28/2022, 8:06:12 AM",3.659,79.5,96.8,11,2022-05-28T13:06:12.000Z
"5/28/2022, 8:09:12 AM",3.659,79.9,96.8,11,2022-05-28T13:09:12.000Z
"5/28/2022, 8:12:12 AM",3.659,80.1,96.8,12,2022-05-28T13:12:12.000Z
"5/28/2022, 8:15:12 AM",3.659,80.4,96.8,13,2022-05-28T13:15:12.000Z
"5/28/2022, 8:18:12 AM",3.659,80.6,96.8,12,2022-05-28T13:18:12.000Z
"5/28/2022, 8:21:12 AM",3.659,80.8,96.8,13,2022-05-28T13:21:12.000Z
"5/28/2022, 8:24:12 AM",3.659,81,96.8,15,2022-05-28T13:24:12.000Z
"5/28/2022, 8:27:12 AM",3.659,81.3,96.9,17,2022-05-28T13:27:12.000Z
"5/28/2022, 8:30:12 AM",3.658,81.5,96.9,17,2022-05-28T13:30:12.000Z
"5/28/2022, 8:33:12 AM",3.658,82,96.9,16,2022-05-28T13:33:12.000Z
"5/28/2022, 8:36:12 AM",3.658,82.4,96.8,15,2022-05-28T13:36:12.000Z
"5/28/2022, 8:39:12 AM",3.658,82.8,96.8,16,2022-05-28T13:39:12.000Z
"5/28/2022, 8:42:12 AM",3.658,82.9,96.8,18,2022-05-28T13:42:12.000Z
"5/28/2022, 8:45:12 AM",3.658,83.1,96.9,19,2022-05-28T13:45:12.000Z
"5/28/2022, 8:48:12 AM",3.658,83.3,96.9,19,2022-05-28T13:48:12.000Z
"5/28/2022, 8:51:12 AM",3.658,83.5,96.9,16,2022-05-28T13:51:12.000Z
"5/28/2022, 8:54:12 AM",3.657,83.5,96.9,16,2022-05-28T13:54:12.000Z
"5/28/2022, 8:57:12 AM",3.658,83.5,96.9,16,2022-05-28T13:57:12.000Z
"5/28/2022, 9:00:12 AM",3.658,83.7,96.9,19,2022-05-28T14:00:12.000Z
"5/28/2022, 9:03:12 AM",3.658,84,96.9,21,2022-05-28T14:03:12.000Z
"5/28/2022, 9:06:12 AM",3.658,84.4,96.8,21,2022-05-28T14:06:12.000Z
"5/28/2022, 9:09:12 AM",3.657,84.6,96.8,18,2022-05-28T14:09:12.000Z
"5/28/2022, 9:12:12 AM",3.658,84.7,96.7,20,2022-05-28T14:12:12.000Z
"5/28/2022, 9:15:12 AM",3.657,84.9,96.8,20,2022-05-28T14:15:12.000Z
"5/28/2022, 9:18:12 AM",3.657,84.9,96.8,19,2022-05-28T14:18:12.000Z
"5/28/2022, 9:21:12 AM",3.657,84.9,96.8,17,2022-05-28T14:21:12.000Z
"5/28/2022, 9:24:12 AM",3.657,84.7,96.7,17,2022-05-28T14:24:12.000Z
"5/28/2022, 9:27:12 AM",3.658,84.6,96.8,17,2022-05-28T14:27:12.000Z
"5/28/2022, 9:30:12 AM",3.658,84.6,96.8,15,2022-05-28T14:30:12.000Z
"5/28/2022, 9:33:12 AM",3.657,84.4,96.8,16,2022-05-28T14:33:12.000Z
"5/28/2022, 9:36:12 AM",3.658,84.2,96.8,17,2022-05-28T14:36:12.000Z
"5/28/2022, 9:39:12 AM",3.658,84.2,96.8,18,2022-05-28T14:39:12.000Z
"5/28/2022, 9:42:12 AM",3.658,84.2,96.9,20,2022-05-28T14:42:12.000Z
"5/28/2022, 9:45:12 AM",3.658,84.2,96.9,20,2022-05-28T14:45:12.000Z
"5/28/2022, 9:48:12 AM",3.658,84.2,96.9,18,2022-05-28T14:48:12.000Z
"5/28/2022, 9:51:12 AM",3.658,84.2,96.8,17,2022-05-28T14:51:12.000Z
"5/28/2022, 9:54:12 AM",3.658,84,96.8,16,2022-05-28T14:54:12.000Z
"5/28/2022, 9:57:12 AM",3.658,84,96.8,17,2022-05-28T14:57:12.000Z
"5/28/2022, 10:00:12 AM",3.658,84,96.9,17,2022-05-28T15:00:12.000Z
"5/28/2022, 10:03:12 AM",3.658,84,96.9,18,2022-05-28T15:03:12.000Z
"5/28/2022, 10:06:12 AM",3.658,83.8,96.8,17,2022-05-28T15:06:12.000Z
"5/28/2022, 10:09:12 AM",3.658,83.8,96.9,17,2022-05-28T15:09:12.000Z
"5/28/2022, 10:12:12 AM",3.658,83.7,96.9,14,2022-05-28T15:12:12.000Z
"5/28/2022, 10:15:12 AM",3.658,83.7,96.9,14,2022-05-28T15:15:12.000Z
"5/28/2022, 10:18:12 AM",3.658,83.7,96.9,16,2022-05-28T15:18:12.000Z
"5/28/2022, 10:21:12 AM",3.658,83.7,96.9,15,2022-05-28T15:21:12.000Z
"5/28/2022, 10:24:12 AM",3.658,83.7,96.9,14,2022-05-28T15:24:12.000Z
"5/28/2022, 10:27:12 AM",3.658,83.7,97,14,2022-05-28T15:27:12.000Z
"5/28/2022, 10:30:12 AM",3.658,83.5,96.9,13,2022-05-28T15:30:12.000Z
"5/28/2022, 10:33:12 AM",3.658,83.3,97,13,2022-05-28T15:33:12.000Z
"5/28/2022, 10:36:12 AM",3.658,83.3,96.9,14,2022-05-28T15:36:12.000Z
"5/28/2022, 10:39:12 AM",3.658,83.1,97,13,2022-05-28T15:39:12.000Z
"5/28/2022, 10:42:12 AM",3.659,83.1,97,14,2022-05-28T15:42:12.000Z
"5/28/2022, 10:45:12 AM",3.659,82.9,97,13,2022-05-28T15:45:12.000Z
"5/28/2022, 10:48:12 AM",3.658,82.9,97,15,2022-05-28T15:48:12.000Z
"5/28/2022, 10:51:12 AM",3.658,82.9,97,15,2022-05-28T15:51:12.000Z
"5/28/2022, 10:54:12 AM",3.658,82.9,97,16,2022-05-28T15:54:12.000Z
"5/28/2022, 10:57:12 AM",3.658,82.9,97,16,2022-05-28T15:57:12.000Z
"5/28/2022, 11:00:12 AM",3.659,82.9,97,14,2022-05-28T16:00:12.000Z
"5/28/2022, 11:03:12 AM",3.658,82.9,97,13,2022-05-28T16:03:12.000Z
"5/28/2022, 11:06:12 AM",3.659,82.9,97,15,2022-05-28T16:06:12.000Z
"5/28/2022, 11:09:12 AM",3.659,82.9,97,16,2022-05-28T16:09:12.000Z
"5/28/2022, 11:12:12 AM",3.659,82.9,97,16,2022-05-28T16:12:12.000Z
"5/28/2022, 11:15:12 AM",3.659,82.9,97,16,2022-05-28T16:15:12.000Z
"5/28/2022, 11:18:12 AM",3.658,82.9,97,17,2022-05-28T16:18:12.000Z
"5/28/2022, 11:21:12 AM",3.659,82.9,97,15,2022-05-28T16:21:12.000Z
"5/28/2022, 11:24:12 AM",3.658,82.9,97.1,13,2022-05-28T16:24:12.000Z
"5/28/2022, 11:27:12 AM",3.659,82.9,97.1,13,2022-05-28T16:27:12.000Z
"5/28/2022, 11:30:12 AM",3.659,82.9,97,13,2022-05-28T16:30:12.000Z
"5/28/2022, 11:33:12 AM",3.659,82.9,97,16,2022-05-28T16:33:12.000Z
"5/28/2022, 11:36:12 AM",3.659,82.9,97.1,18,2022-05-28T16:36:12.000Z
"5/28/2022, 11:39:12 AM",3.659,82.9,97.1,19,2022-05-28T16:39:12.000Z
"5/28/2022, 11:42:12 AM",3.659,82.9,97.1,18,2022-05-28T16:42:12.000Z
"5/28/2022, 11:45:12 AM",3.658,82.9,97,18,2022-05-28T16:45:12.000Z
"5/28/2022, 11:48:12 AM",3.658,82.9,97,19,2022-05-28T16:48:12.000Z
"5/28/2022, 11:51:12 AM",3.659,82.9,97,16,2022-05-28T16:51:12.000Z
"5/28/2022, 11:54:12 AM",3.658,82.9,97,15,2022-05-28T16:54:12.000Z
"5/28/2022, 11:57:12 AM",3.658,82.9,97,14,2022-05-28T16:57:12.000Z
"5/28/2022, 12:00:12 PM",3.658,82.9,97,13,2022-05-28T17:00:12.000Z
"5/28/2022, 12:03:12 PM",3.659,82.8,97,13,2022-05-28T17:03:12.000Z
"5/28/2022, 12:06:12 PM",3.659,82.8,97,13,2022-05-28T17:06:12.000Z
"5/28/2022, 12:09:12 PM",3.659,82.9,97,16,2022-05-28T17:09:12.000Z
"5/28/2022, 12:12:12 PM",3.658,83.1,97.1,17,2022-05-28T17:12:12.000Z
"5/28/2022, 12:15:12 PM",3.659,83.3,97.1,19,2022-05-28T17:15:12.000Z
"5/28/2022, 12:18:12 PM",3.658,83.5,97.1,21,2022-05-28T17:18:12.000Z
"5/28/2022, 12:21:12 PM",3.658,83.7,97.1,21,2022-05-28T17:21:12.000Z
"5/28/2022, 12:24:12 PM",3.658,84,97.1,18,2022-05-28T17:24:12.000Z
"5/28/2022, 12:27:12 PM",3.658,84.2,97.1,16,2022-05-28T17:27:12.000Z
"5/28/2022, 12:30:12 PM",3.658,84.6,97.1,17,2022-05-28T17:30:12.000Z
"5/28/2022, 12:33:12 PM",3.658,84.7,97.1,15,2022-05-28T17:33:12.000Z
"5/28/2022, 12:36:12 PM",3.658,84.9,97.1,14,2022-05-28T17:36:12.000Z
"5/28/2022, 12:39:12 PM",3.658,85.1,97,13,2022-05-28T17:39:12.000Z
"5/28/2022, 12:42:12 PM",3.658,85.3,97.1,14,2022-05-28T17:42:12.000Z
"5/28/2022, 12:45:12 PM",3.658,85.3,97.1,12,2022-05-28T17:45:12.000Z
"5/28/2022, 12:48:12 PM",3.658,85.5,97,13,2022-05-28T17:48:12.000Z
"5/28/2022, 12:51:12 PM",3.658,85.5,97.1,13,2022-05-28T17:51:12.000Z
"5/28/2022, 12:54:12 PM",3.658,85.5,97,14,2022-05-28T17:54:12.000Z
"5/28/2022, 12:57:12 PM",3.658,85.6,97,15,2022-05-28T17:57:12.000Z
"5/28/2022, 1:00:12 PM",3.658,85.6,97,17,2022-05-28T18:00:12.000Z
"5/28/2022, 1:03:12 PM",3.658,85.6,97,20,2022-05-28T18:03:12.000Z
"5/28/2022, 1:06:12 PM",3.658,85.8,97.1,20,2022-05-28T18:06:12.000Z
"5/28/2022, 1:09:12 PM",3.658,86,97.1,19,2022-05-28T18:09:12.000Z
"5/28/2022, 1:12:12 PM",3.658,86,97.1,20,2022-05-28T18:12:12.000Z
"5/28/2022, 1:15:12 PM",3.658,86.2,97,20,2022-05-28T18:15:12.000Z
"5/28/2022, 1:18:12 PM",3.658,86.5,97,18,2022-05-28T18:18:12.000Z
"5/28/2022, 1:21:12 PM",3.658,86.5,97,16,2022-05-28T18:21:12.000Z
"5/28/2022, 1:24:12 PM",3.658,86.7,97.1,16,2022-05-28T18:24:12.000Z
"5/28/2022, 1:27:12 PM",3.658,86.9,97.1,14,2022-05-28T18:27:12.000Z
"5/28/2022, 1:30:12 PM",3.658,86.9,97,13,2022-05-28T18:30:12.000Z
"5/28/2022, 1:33:12 PM",3.658,87.1,97.1,12,2022-05-28T18:33:12.000Z
"5/28/2022, 1:36:12 PM",3.658,87.1,97.1,11,2022-05-28T18:36:12.000Z
"5/28/2022, 1:39:12 PM",3.658,87.1,97,11,2022-05-28T18:39:12.000Z
"5/28/2022, 1:42:12 PM",3.658,87.3,97,14,2022-05-28T18:42:12.000Z
"5/28/2022, 1:45:12 PM",3.658,87.3,97,13,2022-05-28T18:45:12.000Z
"5/28/2022, 1:48:12 PM",3.658,87.3,97,13,2022-05-28T18:48:12.000Z
"5/28/2022, 1:51:12 PM",3.658,87.3,97,12,2022-05-28T18:51:12.000Z
"5/28/2022, 1:54:12 PM",3.658,87.3,97,12,2022-05-28T18:54:12.000Z
"5/28/2022, 1:57:12 PM",3.657,87.4,97,12,2022-05-28T18:57:12.000Z
"5/28/2022, 2:00:12 PM",3.658,87.4,97,12,2022-05-28T19:00:12.000Z
"5/28/2022, 2:03:12 PM",3.658,87.4,96.9,11,2022-05-28T19:03:12.000Z
"5/28/2022, 2:06:12 PM",3.658,87.4,96.9,11,2022-05-28T19:06:12.000Z
"5/28/2022, 2:09:12 PM",3.658,87.4,96.9,10,2022-05-28T19:09:12.000Z
"5/28/2022, 2:12:12 PM",3.658,87.4,96.9,11,2022-05-28T19:12:12.000Z
"5/28/2022, 2:15:12 PM",3.658,87.4,96.9,12,2022-05-28T19:15:12.000Z
"5/28/2022, 2:18:12 PM",3.658,87.6,96.9,12,2022-05-28T19:18:12.000Z
"5/28/2022, 2:21:12 PM",3.658,87.6,96.9,14,2022-05-28T19:21:12.000Z
"5/28/2022, 2:24:12 PM",3.657,87.6,96.9,12,2022-05-28T19:24:12.000Z
"5/28/2022, 2:27:12 PM",3.657,87.8,96.9,12,2022-05-28T19:27:12.000Z
"5/28/2022, 2:30:12 PM",3.658,87.8,96.9,12,2022-05-28T19:30:12.000Z
"5/28/2022, 2:33:12 PM",3.658,87.8,96.9,12,2022-05-28T19:33:12.000Z
"5/28/2022, 2:36:12 PM",3.658,87.8,96.9,13,2022-05-28T19:36:12.000Z
"5/28/2022, 2:39:12 PM",3.658,87.8,96.9,11,2022-05-28T19:39:12.000Z
"5/28/2022, 2:42:12 PM",3.658,87.8,96.9,12,2022-05-28T19:42:12.000Z
"5/28/2022, 2:45:12 PM",3.658,87.6,96.8,11,2022-05-28T19:45:12.000Z
"5/28/2022, 2:48:12 PM",3.658,87.6,96.8,9,2022-05-28T19:48:12.000Z
"5/28/2022, 2:51:12 PM",3.657,87.4,96.8,10,2022-05-28T19:51:12.000Z
"5/28/2022, 2:54:12 PM",3.658,87.4,96.8,11,2022-05-28T19:54:12.000Z
"5/28/2022, 2:57:12 PM",3.658,87.4,96.8,10,2022-05-28T19:57:12.000Z
"5/28/2022, 3:00:12 PM",3.658,87.3,96.8,10,2022-05-28T20:00:12.000Z
"5/28/2022, 3:03:12 PM",3.658,87.3,96.8,9,2022-05-28T20:03:12.000Z
"5/28/2022, 3:06:12 PM",3.658,87.3,96.7,9,2022-05-28T20:06:12.000Z
"5/28/2022, 3:09:12 PM",3.658,87.3,96.7,9,2022-05-28T20:09:12.000Z
"5/28/2022, 3:12:12 PM",3.658,87.1,96.7,8,2022-05-28T20:12:12.000Z
"5/28/2022, 3:15:12 PM",3.658,87.1,96.7,11,2022-05-28T20:15:12.000Z
"5/28/2022, 3:18:12 PM",3.658,87.3,96.7,11,2022-05-28T20:18:12.000Z
"5/28/2022, 3:21:12 PM",3.658,87.3,96.6,11,2022-05-28T20:21:12.000Z
"5/28/2022, 3:24:12 PM",3.659,87.3,96.6,10,2022-05-28T20:24:12.000Z
"5/28/2022, 3:27:12 PM",3.658,87.3,96.6,10,2022-05-28T20:27:12.000Z
"5/28/2022, 3:30:12 PM",3.658,87.4,96.6,11,2022-05-28T20:30:12.000Z
"5/28/2022, 3:33:12 PM",3.658,87.4,96.5,11,2022-05-28T20:33:12.000Z
"5/28/2022, 3:36:12 PM",3.658,87.4,96.5,11,2022-05-28T20:36:12.000Z
"5/28/2022, 3:39:12 PM",3.658,87.4,96.5,12,2022-05-28T20:39:12.000Z
"5/28/2022, 3:42:12 PM",3.658,87.6,96.5,10,2022-05-28T20:42:12.000Z
"5/28/2022, 3:45:12 PM",3.658,87.6,96.5,11,2022-05-28T20:45:12.000Z
"5/28/2022, 3:48:12 PM",3.658,87.6,96.5,12,2022-05-28T20:48:12.000Z
"5/28/2022, 3:51:12 PM",3.658,87.4,96.4,10,2022-05-28T20:51:12.000Z
"5/28/2022, 3:54:12 PM",3.658,87.4,96.4,12,2022-05-28T20:54:12.000Z
"5/28/2022, 3:57:12 PM",3.658,87.4,96.4,12,2022-05-28T20:57:12.000Z
"5/28/2022, 4:00:12 PM",3.658,87.4,96.4,12,2022-05-28T21:00:12.000Z
"5/28/2022, 4:03:12 PM",3.658,87.4,96.4,11,2022-05-28T21:03:12.000Z
"5/28/2022, 4:06:12 PM",3.658,87.3,96.4,12,2022-05-28T21:06:12.000Z
"5/28/2022, 4:09:12 PM",3.659,87.3,96.4,14,2022-05-28T21:09:12.000Z
"5/28/2022, 4:12:12 PM",3.658,87.3,96.3,15,2022-05-28T21:12:12.000Z
"5/28/2022, 4:15:12 PM",3.659,87.3,96.3,13,2022-05-28T21:15:12.000Z
"5/28/2022, 4:18:12 PM",3.658,87.3,96.2,12,2022-05-28T21:18:12.000Z
"5/28/2022, 4:21:12 PM",3.659,87.4,96.2,11,2022-05-28T21:21:12.000Z
"5/28/2022, 4:24:12 PM",3.658,87.4,96.2,12,2022-05-28T21:24:12.000Z
"5/28/2022, 4:27:12 PM",3.658,87.4,96.2,11,2022-05-28T21:27:12.000Z
"5/28/2022, 4:30:12 PM",3.658,87.4,96.1,10,2022-05-28T21:30:12.000Z
"5/28/2022, 4:33:12 PM",3.658,87.4,96.1,10,2022-05-28T21:33:12.000Z
"5/28/2022, 4:36:12 PM",3.658,87.3,96.1,9,2022-05-28T21:36:12.000Z
"5/28/2022, 4:39:12 PM",3.658,87.3,96.1,10,2022-05-28T21:39:12.000Z
"5/28/2022, 4:42:12 PM",3.658,87.3,95.9,9,2022-05-28T21:42:12.000Z
"5/28/2022, 4:45:12 PM",3.658,87.3,95.9,9,2022-05-28T21:45:12.000Z
"5/28/2022, 4:48:12 PM",3.659,87.3,95.9,11,2022-05-28T21:48:12.000Z
"5/28/2022, 4:51:12 PM",3.658,87.3,95.9,10,2022-05-28T21:51:12.000Z
"5/28/2022, 4:54:12 PM",3.658,87.3,95.9,9,2022-05-28T21:54:12.000Z
"5/28/2022, 4:57:12 PM",3.658,87.4,95.9,8,2022-05-28T21:57:12.000Z
"5/28/2022, 5:00:12 PM",3.658,87.4,95.8,10,2022-05-28T22:00:12.000Z
"5/28/2022, 5:03:12 PM",3.658,87.6,95.8,10,2022-05-28T22:03:12.000Z
"5/28/2022, 5:06:12 PM",3.658,87.6,95.8,9,2022-05-28T22:06:12.000Z
"5/28/2022, 5:09:12 PM",3.658,87.8,95.7,8,2022-05-28T22:09:12.000Z
"5/28/2022, 5:12:12 PM",3.658,88,95.7,9,2022-05-28T22:12:12.000Z
"5/28/2022, 5:15:12 PM",3.658,88,95.6,9,2022-05-28T22:15:12.000Z
"5/28/2022, 5:18:12 PM",3.658,88.2,95.6,9,2022-05-28T22:18:12.000Z
"5/28/2022, 5:21:12 PM",3.658,88.2,95.5,9,2022-05-28T22:21:12.000Z
"5/28/2022, 5:24:12 PM",3.658,88.2,95.5,10,2022-05-28T22:24:12.000Z
"5/28/2022, 5:27:12 PM",3.658,88.3,95.5,9,2022-05-28T22:27:12.000Z
"5/28/2022, 5:30:12 PM",3.658,88.3,95.5,8,2022-05-28T22:30:12.000Z
"5/28/2022, 5:33:12 PM",3.658,88.3,95.5,10,2022-05-28T22:33:12.000Z
"5/28/2022, 5:36:12 PM",3.658,88.3,95.4,9,2022-05-28T22:36:12.000Z
"5/28/2022, 5:39:12 PM",3.658,88.5,95.4,9,2022-05-28T22:39:12.000Z
"5/28/2022, 5:42:12 PM",3.658,88.5,95.4,9,2022-05-28T22:42:12.000Z
"5/28/2022, 5:45:12 PM",3.658,88.5,95.4,9,2022-05-28T22:45:12.000Z
"5/28/2022, 5:48:12 PM",3.658,88.3,95.3,9,2022-05-28T22:48:12.000Z
"5/28/2022, 5:51:12 PM",3.658,88.3,95.3,8,2022-05-28T22:51:12.000Z
"5/28/2022, 5:54:12 PM",3.658,88.3,95.3,9,2022-05-28T22:54:12.000Z
"5/28/2022, 5:57:12 PM",3.658,88.3,95.3,9,2022-05-28T22:57:12.000Z
"5/28/2022, 6:00:12 PM",3.658,88.2,95.2,8,2022-05-28T23:00:12.000Z
"5/28/2022, 6:03:12 PM",3.658,88.2,95.2,10,2022-05-28T23:03:12.000Z
"5/28/2022, 6:06:12 PM",3.658,88.2,95.2,11,2022-05-28T23:06:12.000Z
"5/28/2022, 6:09:12 PM",3.658,88.2,95.2,13,2022-05-28T23:09:12.000Z
"5/28/2022, 6:12:12 PM",3.658,88,95.2,14,2022-05-28T23:12:12.000Z
"5/28/2022, 6:15:12 PM",3.658,88,95.1,17,2022-05-28T23:15:12.000Z
"5/28/2022, 6:18:12 PM",3.658,87.8,95.1,15,2022-05-28T23:18:12.000Z
"5/28/2022, 6:21:12 PM",3.658,87.8,95.1,17,2022-05-28T23:21:12.000Z
"5/28/2022, 6:24:12 PM",3.658,87.6,95.1,15,2022-05-28T23:24:12.000Z
"5/28/2022, 6:27:12 PM",3.658,87.6,95.1,13,2022-05-28T23:27:12.000Z
"5/28/2022, 6:30:12 PM",3.658,87.4,95.1,11,2022-05-28T23:30:12.000Z
"5/28/2022, 6:33:12 PM",3.658,87.4,95.1,11,2022-05-28T23:33:12.000Z
"5/28/2022, 6:36:12 PM",3.658,87.3,95,11,2022-05-28T23:36:12.000Z
"5/28/2022, 6:39:12 PM",3.659,87.1,95,10,2022-05-28T23:39:12.000Z
"5/28/2022, 6:42:12 PM",3.658,86.9,95,11,2022-05-28T23:42:12.000Z
"5/28/2022, 6:45:12 PM",3.659,86.7,95,11,2022-05-28T23:45:12.000Z
"5/28/2022, 6:48:12 PM",3.659,86.7,94.9,11,2022-05-28T23:48:12.000Z
"5/28/2022, 6:51:12 PM",3.659,86.5,94.9,11,2022-05-28T23:51:12.000Z
"5/28/2022, 6:54:12 PM",3.658,86.4,94.9,11,2022-05-28T23:54:12.000Z
"5/28/2022, 6:57:12 PM",3.659,86.2,94.9,11,2022-05-28T23:57:12.000Z
"5/28/2022, 7:00:12 PM",3.659,86,94.9,11,2022-05-29T00:00:12.000Z
"5/28/2022, 7:03:12 PM",3.659,85.8,94.8,11,2022-05-29T00:03:12.000Z
"5/28/2022, 7:06:12 PM",3.659,85.6,94.8,10,2022-05-29T00:06:12.000Z
"5/28/2022, 7:09:12 PM",3.659,85.6,94.8,10,2022-05-29T00:09:12.000Z
"5/28/2022, 7:12:12 PM",3.659,85.3,94.7,10,2022-05-29T00:12:12.000Z
"5/28/2022, 7:15:12 PM",3.659,85.1,94.6,10,2022-05-29T00:15:12.000Z
"5/28/2022, 7:18:12 PM",3.659,84.9,94.6,10,2022-05-29T00:18:12.000Z
"5/28/2022, 7:21:12 PM",3.659,84.7,94.6,9,2022-05-29T00:21:12.000Z
"5/28/2022, 7:24:12 PM",3.659,84.6,94.6,9,2022-05-29T00:24:12.000Z
"5/28/2022, 7:27:12 PM",3.659,84.4,94.5,9,2022-05-29T00:27:12.000Z
"5/28/2022, 7:30:12 PM",3.659,84.2,94.4,9,2022-05-29T00:30:12.000Z
"5/28/2022, 7:33:12 PM",3.66,84,94.4,8,2022-05-29T00:33:12.000Z
"5/28/2022, 7:36:12 PM",3.66,83.7,94.4,8,2022-05-29T00:36:12.000Z
"5/28/2022, 7:39:12 PM",3.66,83.5,94.4,8,2022-05-29T00:39:12.000Z
"5/28/2022, 7:42:12 PM",3.66,83.3,94.3,8,2022-05-29T00:42:12.000Z
"5/28/2022, 7:45:12 PM",3.66,82.9,94.3,8,2022-05-29T00:45:12.000Z
"5/28/2022, 7:48:12 PM",3.66,82.8,94.3,8,2022-05-29T00:48:12.000Z
"5/28/2022, 7:51:12 PM",3.66,82.6,94.2,8,2022-05-29T00:51:12.000Z
"5/28/2022, 7:54:12 PM",3.66,82.4,94.2,8,2022-05-29T00:54:12.000Z
"5/28/2022, 7:57:12 PM",3.66,82.2,94.2,8,2022-05-29T00:57:12.000Z
"5/28/2022, 8:00:12 PM",3.66,82,94.1,8,2022-05-29T01:00:12.000Z
"5/28/2022, 8:03:12 PM",3.66,81.9,94.1,9,2022-05-29T01:03:12.000Z
"5/28/2022, 8:06:12 PM",3.66,81.5,94.1,9,2022-05-29T01:06:12.000Z
"5/28/2022, 8:09:12 PM",3.66,81.5,94,9,2022-05-29T01:09:12.000Z
"5/28/2022, 8:12:12 PM",3.661,81.3,94,9,2022-05-29T01:12:12.000Z
"5/28/2022, 8:15:12 PM",3.66,81.1,94,10,2022-05-29T01:15:12.000Z
"5/28/2022, 8:18:12 PM",3.66,81,94,10,2022-05-29T01:18:12.000Z
"5/28/2022, 8:21:12 PM",3.66,81,94,10,2022-05-29T01:21:12.000Z
"5/28/2022, 8:24:12 PM",3.66,80.8,94.1,10,2022-05-29T01:24:12.000Z
"5/28/2022, 8:27:12 PM",3.66,80.8,94,10,2022-05-29T01:27:12.000Z
"5/28/2022, 8:30:12 PM",3.66,80.6,94,10,2022-05-29T01:30:12.000Z
"5/28/2022, 8:33:12 PM",3.66,80.6,94,10,2022-05-29T01:33:12.000Z
"5/28/2022, 8:36:12 PM",3.661,80.6,94.1,10,2022-05-29T01:36:12.000Z
"5/28/2022, 8:39:12 PM",3.661,80.4,94,10,2022-05-29T01:39:12.000Z
"5/28/2022, 8:42:12 PM",3.66,80.4,94,10,2022-05-29T01:42:12.000Z
"5/28/2022, 8:45:12 PM",3.66,80.2,94.1,10,2022-05-29T01:45:12.000Z
"5/28/2022, 8:48:12 PM",3.66,80.2,94.1,10,2022-05-29T01:48:12.000Z
"5/28/2022, 8:51:12 PM",3.66,80.2,94.1,10,2022-05-29T01:51:12.000Z
"5/28/2022, 8:54:12 PM",3.661,80.2,94,10,2022-05-29T01:54:12.000Z
"5/28/2022, 8:57:12 PM",3.66,80.1,94.1,10,2022-05-29T01:57:12.000Z
"5/28/2022, 9:00:12 PM",3.66,80.1,94.1,11,2022-05-29T02:00:12.000Z
"5/28/2022, 9:03:12 PM",3.66,80.1,94.1,11,2022-05-29T02:03:12.000Z
"5/28/2022, 9:06:12 PM",3.66,80.1,94.1,10,2022-05-29T02:06:12.000Z
"5/28/2022, 9:09:12 PM",3.66,79.9,94.1,10,2022-05-29T02:09:12.000Z
"5/28/2022, 9:12:12 PM",3.66,79.9,94.2,11,2022-05-29T02:12:12.000Z
"5/28/2022, 9:15:12 PM",3.66,79.9,94.1,10,2022-05-29T02:15:12.000Z
"5/28/2022, 9:18:12 PM",3.66,79.9,94.1,11,2022-05-29T02:18:12.000Z
"5/28/2022, 9:21:12 PM",3.66,79.7,94.1,10,2022-05-29T02:21:12.000Z
"5/28/2022, 9:24:12 PM",3.661,79.7,94.2,10,2022-05-29T02:24:12.000Z
"5/28/2022, 9:27:12 PM",3.66,79.7,94.2,10,2022-05-29T02:27:12.000Z
"5/28/2022, 9:30:12 PM",3.66,79.7,94.2,10,2022-05-29T02:30:12.000Z
"5/28/2022, 9:33:12 PM",3.66,79.7,94.2,10,2022-05-29T02:33:12.000Z
"5/28/2022, 9:36:12 PM",3.66,79.7,94.2,11,2022-05-29T02:36:12.000Z
"5/28/2022, 9:39:12 PM",3.66,79.5,94.2,11,2022-05-29T02:39:12.000Z
"5/28/2022, 9:42:12 PM",3.66,79.5,94.2,11,2022-05-29T02:42:12.000Z
"5/28/2022, 9:45:12 PM",3.66,79.5,94.2,11,2022-05-29T02:45:12.000Z
"5/28/2022, 9:48:12 PM",3.66,79.5,94.2,11,2022-05-29T02:48:12.000Z
"5/28/2022, 9:51:12 PM",3.66,79.5,94.2,11,2022-05-29T02:51:12.000Z
"5/28/2022, 9:54:12 PM",3.66,79.5,94.2,11,2022-05-29T02:54:12.000Z
"5/28/2022, 9:57:12 PM",3.66,79.5,94.2,11,2022-05-29T02:57:12.000Z
"5/28/2022, 10:00:12 PM",3.66,79.5,94.2,11,2022-05-29T03:00:12.000Z
"5/28/2022, 10:03:12 PM",3.66,79.5,94.2,11,2022-05-29T03:03:12.000Z
"5/28/2022, 10:06:12 PM",3.66,79.5,94.3,11,2022-05-29T03:06:12.000Z
"5/28/2022, 10:09:12 PM",3.66,79.5,94.3,11,2022-05-29T03:09:12.000Z
"5/28/2022, 10:12:12 PM",3.66,79.3,94.3,11,2022-05-29T03:12:12.000Z
"5/28/2022, 10:15:12 PM",3.66,79.3,94.3,11,2022-05-29T03:15:12.000Z
"5/28/2022, 10:18:12 PM",3.66,79.3,94.3,11,2022-05-29T03:18:12.000Z
"5/28/2022, 10:21:12 PM",3.66,79.3,94.3,11,2022-05-29T03:21:12.000Z
"5/28/2022, 10:24:12 PM",3.66,79.3,94.3,10,2022-05-29T03:24:12.000Z
"5/28/2022, 10:27:12 PM",3.66,79.3,94.3,11,2022-05-29T03:27:12.000Z
"5/28/2022, 10:30:12 PM",3.66,79.2,94.3,11,2022-05-29T03:30:12.000Z
"5/28/2022, 10:33:12 PM",3.66,79.2,94.3,11,2022-05-29T03:33:12.000Z
"5/28/2022, 10:36:12 PM",3.66,79.2,94.3,11,2022-05-29T03:36:12.000Z
"5/28/2022, 10:39:12 PM",3.66,79.2,94.3,11,2022-05-29T03:39:12.000Z
"5/28/2022, 10:42:12 PM",3.66,79.2,94.3,11,2022-05-29T03:42:12.000Z
"5/28/2022, 10:45:12 PM",3.66,79.2,94.3,11,2022-05-29T03:45:12.000Z
"5/28/2022, 10:48:12 PM",3.66,79.2,94.4,11,2022-05-29T03:48:12.000Z
"5/28/2022, 10:51:12 PM",3.66,79,94.4,11,2022-05-29T03:51:12.000Z
"5/28/2022, 10:54:12 PM",3.66,79,94.4,11,2022-05-29T03:54:12.000Z
"5/28/2022, 10:57:12 PM",3.66,79,94.4,11,2022-05-29T03:57:12.000Z
"5/28/2022, 11:00:12 PM",3.66,79,94.4,11,2022-05-29T04:00:12.000Z
"5/28/2022, 11:03:12 PM",3.66,79,94.3,11,2022-05-29T04:03:12.000Z
"5/28/2022, 11:06:12 PM",3.66,79,94.4,11,2022-05-29T04:06:12.000Z
"5/28/2022, 11:09:12 PM",3.66,79,94.4,11,2022-05-29T04:09:12.000Z
"5/28/2022, 11:12:12 PM",3.66,79,94.4,11,2022-05-29T04:12:12.000Z
"5/28/2022, 11:15:12 PM",3.66,79,94.4,11,2022-05-29T04:15:12.000Z
"5/28/2022, 11:18:12 PM",3.66,79,94.4,11,2022-05-29T04:18:12.000Z
"5/28/2022, 11:21:12 PM",3.66,78.8,94.4,11,2022-05-29T04:21:12.000Z
"5/28/2022, 11:24:12 PM",3.66,78.8,94.4,11,2022-05-29T04:24:12.000Z
"5/28/2022, 11:27:12 PM",3.66,78.8,94.5,11,2022-05-29T04:27:12.000Z
"5/28/2022, 11:30:12 PM",3.66,78.8,94.5,11,2022-05-29T04:30:12.000Z
"5/28/2022, 11:33:12 PM",3.659,78.6,94.5,11,2022-05-29T04:33:12.000Z
"5/28/2022, 11:36:12 PM",3.66,78.6,94.5,11,2022-05-29T04:36:12.000Z
"5/28/2022, 11:39:12 PM",3.66,78.6,94.5,11,2022-05-29T04:39:12.000Z
"5/28/2022, 11:42:12 PM",3.66,78.6,94.5,10,2022-05-29T04:42:12.000Z
"5/28/2022, 11:45:12 PM",3.66,78.6,94.5,10,2022-05-29T04:45:12.000Z
"5/28/2022, 11:48:12 PM",3.66,78.6,94.5,10,2022-05-29T04:48:12.000Z
"5/28/2022, 11:51:12 PM",3.66,78.4,94.5,10,2022-05-29T04:51:12.000Z
"5/28/2022, 11:54:12 PM",3.66,78.4,94.5,10,2022-05-29T04:54:12.000Z
"5/28/2022, 11:57:12 PM",3.66,78.4,94.5,10,2022-05-29T04:57:12.000Z
"5/29/2022, 12:00:12 AM",3.66,78.4,94.5,10,2022-05-29T05:00:12.000Z
"5/29/2022, 12:03:12 AM",3.66,78.3,94.5,10,2022-05-29T05:03:12.000Z
"5/29/2022, 12:06:12 AM",3.659,78.3,94.5,10,2022-05-29T05:06:12.000Z
"5/29/2022, 12:09:12 AM",3.66,78.3,94.5,10,2022-05-29T05:09:12.000Z
"5/29/2022, 12:12:12 AM",3.66,78.3,94.5,10,2022-05-29T05:12:12.000Z
"5/29/2022, 12:15:12 AM",3.66,78.3,94.5,10,2022-05-29T05:15:12.000Z
"5/29/2022, 12:18:12 AM",3.66,78.3,94.5,10,2022-05-29T05:18:12.000Z
"5/29/2022, 12:21:12 AM",3.66,78.1,94.5,10,2022-05-29T05:21:12.000Z
"5/29/2022, 12:24:12 AM",3.66,78.1,94.5,10,2022-05-29T05:24:12.000Z
"5/29/2022, 12:27:12 AM",3.66,78.1,94.5,10,2022-05-29T05:27:12.000Z
"5/29/2022, 12:30:12 AM",3.66,78.1,94.5,10,2022-05-29T05:30:12.000Z
"5/29/2022, 12:33:12 AM",3.659,78.1,94.5,10,2022-05-29T05:33:12.000Z
"5/29/2022, 12:36:12 AM",3.66,77.9,94.5,10,2022-05-29T05:36:12.000Z
"5/29/2022, 12:39:12 AM",3.66,77.9,94.5,10,2022-05-29T05:39:12.000Z
"5/29/2022, 12:42:12 AM",3.66,77.9,94.5,10,2022-05-29T05:42:12.000Z
"5/29/2022, 12:45:12 AM",3.66,77.9,94.6,10,2022-05-29T05:45:12.000Z
"5/29/2022, 12:48:12 AM",3.66,77.9,94.6,10,2022-05-29T05:48:12.000Z
"5/29/2022, 12:51:12 AM",3.66,77.9,94.6,10,2022-05-29T05:51:12.000Z
"5/29/2022, 12:54:12 AM",3.66,77.9,94.6,10,2022-05-29T05:54:12.000Z
"5/29/2022, 12:57:12 AM",3.659,77.9,94.6,10,2022-05-29T05:57:12.000Z
"5/29/2022, 1:00:12 AM",3.66,77.9,94.6,10,2022-05-29T06:00:12.000Z
"5/29/2022, 1:03:12 AM",3.66,77.9,94.6,10,2022-05-29T06:03:12.000Z
"5/29/2022, 1:06:12 AM",3.66,77.9,94.6,10,2022-05-29T06:06:12.000Z
"5/29/2022, 1:09:12 AM",3.66,77.9,94.6,10,2022-05-29T06:09:12.000Z
"5/29/2022, 1:12:12 AM",3.66,77.9,94.6,10,2022-05-29T06:12:12.000Z
"5/29/2022, 1:15:12 AM",3.66,77.9,94.6,10,2022-05-29T06:15:12.000Z
"5/29/2022, 1:18:12 AM",3.659,77.9,94.6,10,2022-05-29T06:18:12.000Z
"5/29/2022, 1:21:12 AM",3.66,77.9,94.6,10,2022-05-29T06:21:12.000Z
"5/29/2022, 1:24:12 AM",3.659,77.9,94.6,10,2022-05-29T06:24:12.000Z
"5/29/2022, 1:27:12 AM",3.66,77.9,94.6,10,2022-05-29T06:27:12.000Z
"5/29/2022, 1:30:12 AM",3.66,77.9,94.6,10,2022-05-29T06:30:12.000Z
"5/29/2022, 1:33:12 AM",3.66,77.9,94.6,10,2022-05-29T06:33:12.000Z
"5/29/2022, 1:36:12 AM",3.659,77.9,94.6,10,2022-05-29T06:36:12.000Z
"5/29/2022, 1:39:12 AM",3.659,77.9,94.6,10,2022-05-29T06:39:12.000Z
"5/29/2022, 1:42:12 AM",3.66,77.9,94.6,10,2022-05-29T06:42:12.000Z
"5/29/2022, 1:45:12 AM",3.66,77.9,94.6,10,2022-05-29T06:45:12.000Z
"5/29/2022, 1:48:12 AM",3.659,77.9,94.6,10,2022-05-29T06:48:12.000Z
"5/29/2022, 1:51:12 AM",3.659,77.9,94.7,10,2022-05-29T06:51:12.000Z
"5/29/2022, 1:54:12 AM",3.66,77.9,94.7,10,2022-05-29T06:54:12.000Z
"5/29/2022, 1:57:12 AM",3.659,77.7,94.7,10,2022-05-29T06:57:12.000Z
"5/29/2022, 2:00:12 AM",3.659,77.7,94.7,10,2022-05-29T07:00:12.000Z
"5/29/2022, 2:03:12 AM",3.659,77.7,94.7,10,2022-05-29T07:03:12.000Z
"5/29/2022, 2:06:12 AM",3.66,77.7,94.7,10,2022-05-29T07:06:12.000Z
"5/29/2022, 2:09:12 AM",3.659,77.7,94.7,10,2022-05-29T07:09:12.000Z
"5/29/2022, 2:12:12 AM",3.659,77.7,94.7,10,2022-05-29T07:12:12.000Z
"5/29/2022, 2:15:12 AM",3.66,77.7,94.7,10,2022-05-29T07:15:12.000Z
"5/29/2022, 2:18:12 AM",3.659,77.7,94.7,10,2022-05-29T07:18:12.000Z
"5/29/2022, 2:21:12 AM",3.66,77.7,94.7,10,2022-05-29T07:21:12.000Z
"5/29/2022, 2:24:12 AM",3.659,77.9,94.7,10,2022-05-29T07:24:12.000Z
"5/29/2022, 2:27:12 AM",3.66,77.9,94.7,10,2022-05-29T07:27:12.000Z
"5/29/2022, 2:30:12 AM",3.66,77.9,94.8,10,2022-05-29T07:30:12.000Z
"5/29/2022, 2:33:12 AM",3.659,77.9,94.8,10,2022-05-29T07:33:12.000Z
"5/29/2022, 2:36:12 AM",3.66,77.9,94.8,10,2022-05-29T07:36:12.000Z
"5/29/2022, 2:39:12 AM",3.659,77.9,94.8,10,2022-05-29T07:39:12.000Z
"5/29/2022, 2:42:12 AM",3.659,77.7,94.8,10,2022-05-29T07:42:12.000Z
"5/29/2022, 2:45:12 AM",3.659,77.7,94.8,10,2022-05-29T07:45:12.000Z
"5/29/2022, 2:48:12 AM",3.659,77.7,94.8,10,2022-05-29T07:48:12.000Z
"5/29/2022, 2:51:12 AM",3.66,77.7,94.8,10,2022-05-29T07:51:12.000Z
"5/29/2022, 2:54:12 AM",3.659,77.7,94.8,10,2022-05-29T07:54:12.000Z
"5/29/2022, 2:57:12 AM",3.66,77.7,94.8,10,2022-05-29T07:57:12.000Z
"5/29/2022, 3:00:12 AM",3.66,77.7,94.8,10,2022-05-29T08:00:12.000Z
"5/29/2022, 3:03:12 AM",3.659,77.7,94.8,10,2022-05-29T08:03:12.000Z
"5/29/2022, 3:06:12 AM",3.66,77.7,94.8,10,2022-05-29T08:06:12.000Z
"5/29/2022, 3:09:12 AM",3.66,77.7,94.8,10,2022-05-29T08:09:12.000Z
"5/29/2022, 3:12:12 AM",3.66,77.7,94.8,10,2022-05-29T08:12:12.000Z
"5/29/2022, 3:15:12 AM",3.66,77.7,94.8,10,2022-05-29T08:15:12.000Z
"5/29/2022, 3:18:12 AM",3.66,77.7,94.8,11,2022-05-29T08:18:12.000Z
"5/29/2022, 3:21:12 AM",3.659,77.7,94.9,11,2022-05-29T08:21:12.000Z
"5/29/2022, 3:24:12 AM",3.66,77.7,94.8,10,2022-05-29T08:24:12.000Z
"5/29/2022, 3:27:12 AM",3.66,77.7,94.8,11,2022-05-29T08:27:12.000Z
"5/29/2022, 3:30:12 AM",3.66,77.7,94.8,10,2022-05-29T08:30:12.000Z
"5/29/2022, 3:33:12 AM",3.659,77.7,94.8,10,2022-05-29T08:33:12.000Z
"5/29/2022, 3:36:12 AM",3.66,77.7,94.8,10,2022-05-29T08:36:12.000Z
"5/29/2022, 3:39:12 AM",3.66,77.7,94.8,10,2022-05-29T08:39:12.000Z
"5/29/2022, 3:42:12 AM",3.659,77.7,94.8,10,2022-05-29T08:42:12.000Z
"5/29/2022, 3:45:12 AM",3.66,77.5,94.8,10,2022-05-29T08:45:12.000Z
"5/29/2022, 3:48:12 AM",3.659,77.5,94.8,10,2022-05-29T08:48:12.000Z
"5/29/2022, 3:51:12 AM",3.66,77.5,94.9,10,2022-05-29T08:51:12.000Z
"5/29/2022, 3:54:12 AM",3.659,77.5,94.9,10,2022-05-29T08:54:12.000Z
"5/29/2022, 3:57:12 AM",3.66,77.5,94.9,10,2022-05-29T08:57:12.000Z
"5/29/2022, 4:00:12 AM",3.659,77.5,94.9,10,2022-05-29T09:00:12.000Z
"5/29/2022, 4:03:12 AM",3.659,77.5,94.9,11,2022-05-29T09:03:12.000Z
"5/29/2022, 4:06:12 AM",3.66,77.5,94.9,10,2022-05-29T09:06:12.000Z
"5/29/2022, 4:09:12 AM",3.659,77.5,94.9,10,2022-05-29T09:09:12.000Z
"5/29/2022, 4:12:12 AM",3.66,77.4,94.9,10,2022-05-29T09:12:12.000Z
"5/29/2022, 4:15:12 AM",3.66,77.4,94.9,10,2022-05-29T09:15:12.000Z
"5/29/2022, 4:18:12 AM",3.66,77.4,94.9,10,2022-05-29T09:18:12.000Z
"5/29/2022, 4:21:12 AM",3.66,77.4,94.9,10,2022-05-29T09:21:12.000Z
"5/29/2022, 4:24:12 AM",3.66,77.4,94.9,10,2022-05-29T09:24:12.000Z
"5/29/2022, 4:27:12 AM",3.659,77.2,94.9,10,2022-05-29T09:27:12.000Z
"5/29/2022, 4:30:12 AM",3.66,77.2,94.9,10,2022-05-29T09:30:12.000Z
"5/29/2022, 4:33:12 AM",3.659,77.2,94.9,10,2022-05-29T09:33:12.000Z
"5/29/2022, 4:36:12 AM",3.66,77.2,94.9,10,2022-05-29T09:36:12.000Z
"5/29/2022, 4:39:12 AM",3.66,77.2,94.9,11,2022-05-29T09:39:12.000Z
"5/29/2022, 4:42:12 AM",3.66,77.2,94.9,11,2022-05-29T09:42:12.000Z
"5/29/2022, 4:45:12 AM",3.659,77.2,94.9,10,2022-05-29T09:45:12.000Z
"5/29/2022, 4:48:12 AM",3.66,77,94.9,10,2022-05-29T09:48:12.000Z
"5/29/2022, 4:51:12 AM",3.659,77,94.9,10,2022-05-29T09:51:12.000Z
"5/29/2022, 4:54:12 AM",3.66,77,94.9,10,2022-05-29T09:54:12.000Z
"5/29/2022, 4:57:12 AM",3.66,77,94.9,10,2022-05-29T09:57:12.000Z
"5/29/2022, 5:00:12 AM",3.659,77,94.9,10,2022-05-29T10:00:12.000Z
"5/29/2022, 5:03:12 AM",3.659,77,94.9,10,2022-05-29T10:03:12.000Z
"5/29/2022, 5:06:12 AM",3.66,77,94.9,10,2022-05-29T10:06:12.000Z
"5/29/2022, 5:09:12 AM",3.659,77,94.9,10,2022-05-29T10:09:12.000Z
"5/29/2022, 5:12:12 AM",3.66,77,94.9,10,2022-05-29T10:12:12.000Z
"5/29/2022, 5:15:12 AM",3.659,77,94.9,10,2022-05-29T10:15:12.000Z
"5/29/2022, 5:18:12 AM",3.66,77,94.9,10,2022-05-29T10:18:12.000Z
"5/29/2022, 5:21:12 AM",3.66,77,94.9,10,2022-05-29T10:21:12.000Z
"5/29/2022, 5:24:12 AM",3.659,77,94.9,10,2022-05-29T10:24:12.000Z
"5/29/2022, 5:27:12 AM",3.659,77,94.9,10,2022-05-29T10:27:12.000Z
"5/29/2022, 5:30:12 AM",3.659,77,94.9,10,2022-05-29T10:30:12.000Z
"5/29/2022, 5:33:12 AM",3.66,77,94.9,10,2022-05-29T10:33:12.000Z
"5/29/2022, 5:36:12 AM",3.66,77.2,95,10,2022-05-29T10:36:12.000Z
"5/29/2022, 5:39:12 AM",3.659,77.2,95,10,2022-05-29T10:39:12.000Z
"5/29/2022, 5:42:12 AM",3.659,77.2,95,10,2022-05-29T10:42:12.000Z
"5/29/2022, 5:45:12 AM",3.659,77.4,95,10,2022-05-29T10:45:12.000Z
"5/29/2022, 5:48:12 AM",3.659,77.4,95,11,2022-05-29T10:48:12.000Z
"5/29/2022, 5:51:12 AM",3.659,77.4,95,10,2022-05-29T10:51:12.000Z
"5/29/2022, 5:54:12 AM",3.659,77.5,95,10,2022-05-29T10:54:12.000Z
"5/29/2022, 5:57:12 AM",3.659,77.5,95,10,2022-05-29T10:57:12.000Z
"5/29/2022, 6:00:12 AM",3.659,77.7,95,10,2022-05-29T11:00:12.000Z
"5/29/2022, 6:03:12 AM",3.659,77.9,95,10,2022-05-29T11:03:12.000Z
"5/29/2022, 6:06:12 AM",3.659,78.1,95,11,2022-05-29T11:06:12.000Z
"5/29/2022, 6:09:12 AM",3.659,78.3,95,11,2022-05-29T11:09:12.000Z
"5/29/2022, 6:12:12 AM",3.659,78.4,95,11,2022-05-29T11:12:12.000Z
"5/29/2022, 6:15:12 AM",3.659,78.6,95,11,2022-05-29T11:15:12.000Z
"5/29/2022, 6:18:12 AM",3.659,78.8,95,11,2022-05-29T11:18:12.000Z
"5/29/2022, 6:21:12 AM",3.659,79,95,11,2022-05-29T11:21:12.000Z
"5/29/2022, 6:24:12 AM",3.659,79,95,11,2022-05-29T11:24:12.000Z
"5/29/2022, 6:27:12 AM",3.658,79.2,95,11,2022-05-29T11:27:12.000Z
"5/29/2022, 6:30:12 AM",3.659,79.3,95,11,2022-05-29T11:30:12.000Z
"5/29/2022, 6:33:12 AM",3.659,79.5,95,11,2022-05-29T11:33:12.000Z
"5/29/2022, 6:36:12 AM",3.659,79.7,95,11,2022-05-29T11:36:12.000Z
"5/29/2022, 6:39:12 AM",3.659,79.9,95,12,2022-05-29T11:39:12.000Z
"5/29/2022, 6:42:12 AM",3.658,80.1,95,12,2022-05-29T11:42:12.000Z
"5/29/2022, 6:45:12 AM",3.658,80.2,95,12,2022-05-29T11:45:12.000Z
"5/29/2022, 6:48:12 AM",3.658,80.4,94.9,11,2022-05-29T11:48:12.000Z
"5/29/2022, 6:51:12 AM",3.658,80.6,95,12,2022-05-29T11:51:12.000Z
"5/29/2022, 6:54:12 AM",3.658,80.8,94.9,12,2022-05-29T11:54:12.000Z
"5/29/2022, 6:57:12 AM",3.659,81,95,12,2022-05-29T11:57:12.000Z
"5/29/2022, 7:00:12 AM",3.658,81.1,95,12,2022-05-29T12:00:12.000Z
"5/29/2022, 7:03:12 AM",3.659,81.3,95,13,2022-05-29T12:03:12.000Z
"5/29/2022, 7:06:12 AM",3.658,81.5,95,13,2022-05-29T12:06:12.000Z
"5/29/2022, 7:09:12 AM",3.658,81.7,95.1,13,2022-05-29T12:09:12.000Z
"5/29/2022, 7:12:12 AM",3.658,82,95,13,2022-05-29T12:12:12.000Z
"5/29/2022, 7:15:12 AM",3.658,82.2,95,13,2022-05-29T12:15:12.000Z
"5/29/2022, 7:18:12 AM",3.658,82.4,95,13,2022-05-29T12:18:12.000Z
"5/29/2022, 7:21:12 AM",3.658,82.8,95,14,2022-05-29T12:21:12.000Z
"5/29/2022, 7:24:12 AM",3.658,82.9,95,14,2022-05-29T12:24:12.000Z
"5/29/2022, 7:27:12 AM",3.658,83.1,95,14,2022-05-29T12:27:12.000Z
"5/29/2022, 7:30:12 AM",3.658,83.3,95,15,2022-05-29T12:30:12.000Z
"5/29/2022, 7:33:12 AM",3.658,83.7,95,15,2022-05-29T12:33:12.000Z
"5/29/2022, 7:36:12 AM",3.658,83.8,95,15,2022-05-29T12:36:12.000Z
"5/29/2022, 7:39:12 AM",3.657,84,95,15,2022-05-29T12:39:12.000Z
"5/29/2022, 7:42:12 AM",3.658,84.2,95,16,2022-05-29T12:42:12.000Z
"5/29/2022, 7:45:12 AM",3.657,84.2,95,16,2022-05-29T12:45:12.000Z
"5/29/2022, 7:48:12 AM",3.658,84.6,95,16,2022-05-29T12:48:12.000Z
"5/29/2022, 7:51:12 AM",3.658,84.6,95,17,2022-05-29T12:51:12.000Z
"5/29/2022, 7:54:12 AM",3.658,84.7,95,17,2022-05-29T12:54:12.000Z
"5/29/2022, 7:57:12 AM",3.658,84.9,95,17,2022-05-29T12:57:12.000Z
"5/29/2022, 8:00:12 AM",3.658,85.1,95,19,2022-05-29T13:00:12.000Z
"5/29/2022, 8:03:12 AM",3.658,85.3,95,19,2022-05-29T13:03:12.000Z
"5/29/2022, 8:06:12 AM",3.658,85.5,95.1,19,2022-05-29T13:06:12.000Z
"5/29/2022, 8:09:12 AM",3.657,85.6,95,20,2022-05-29T13:09:12.000Z
"5/29/2022, 8:12:12 AM",3.658,86,95,20,2022-05-29T13:12:12.000Z
"5/29/2022, 8:15:12 AM",3.657,86.2,95.1,20,2022-05-29T13:15:12.000Z
"5/29/2022, 8:18:12 AM",3.657,86.4,95.1,20,2022-05-29T13:18:12.000Z
"5/29/2022, 8:21:12 AM",3.657,86.5,95.1,20,2022-05-29T13:21:12.000Z
"5/29/2022, 8:24:12 AM",3.657,86.7,95.1,20,2022-05-29T13:24:12.000Z
"5/29/2022, 8:27:12 AM",3.658,87.1,95.1,20,2022-05-29T13:27:12.000Z
"5/29/2022, 8:30:12 AM",3.657,87.3,95.1,21,2022-05-29T13:30:12.000Z
"5/29/2022, 8:33:12 AM",3.657,87.4,95.1,21,2022-05-29T13:33:12.000Z
"5/29/2022, 8:36:12 AM",3.657,87.6,95.1,22,2022-05-29T13:36:12.000Z
"5/29/2022, 8:39:12 AM",3.657,87.6,95.1,22,2022-05-29T13:39:12.000Z
"5/29/2022, 8:42:12 AM",3.657,87.8,95.1,22,2022-05-29T13:42:12.000Z
"5/29/2022, 8:45:12 AM",3.657,88,95.1,22,2022-05-29T13:45:12.000Z
"5/29/2022, 8:48:12 AM",3.657,88.2,95.1,21,2022-05-29T13:48:12.000Z
"5/29/2022, 8:51:12 AM",3.657,88.3,95.2,22,2022-05-29T13:51:12.000Z
"5/29/2022, 8:54:12 AM",3.657,88.5,95.1,22,2022-05-29T13:54:12.000Z
"5/29/2022, 8:57:12 AM",3.657,88.5,95.2,22,2022-05-29T13:57:12.000Z
"5/29/2022, 9:00:12 AM",3.657,88.5,95.2,21,2022-05-29T14:00:12.000Z
"5/29/2022, 9:03:12 AM",3.657,88.5,95.2,22,2022-05-29T14:03:12.000Z
"5/29/2022, 9:06:12 AM",3.657,88.5,95.3,22,2022-05-29T14:06:12.000Z
"5/29/2022, 9:09:12 AM",3.658,88.5,95.3,22,2022-05-29T14:09:12.000Z
"5/29/2022, 9:12:12 AM",3.657,88.7,95.3,21,2022-05-29T14:12:12.000Z
"5/29/2022, 9:15:12 AM",3.657,88.7,95.3,21,2022-05-29T14:15:12.000Z
"5/29/2022, 9:18:12 AM",3.657,88.9,95.3,21,2022-05-29T14:18:12.000Z
"5/29/2022, 9:21:12 AM",3.658,88.9,95.3,21,2022-05-29T14:21:12.000Z
"5/29/2022, 9:24:12 AM",3.657,88.9,95.4,21,2022-05-29T14:24:12.000Z
"5/29/2022, 9:27:12 AM",3.657,88.9,95.4,21,2022-05-29T14:27:12.000Z
"5/29/2022, 9:30:12 AM",3.657,88.9,95.4,21,2022-05-29T14:30:12.000Z
"5/29/2022, 9:33:12 AM",3.657,88.9,95.4,21,2022-05-29T14:33:12.000Z
"5/29/2022, 9:36:12 AM",3.657,88.9,95.5,21,2022-05-29T14:36:12.000Z
"5/29/2022, 9:39:12 AM",3.657,89.1,95.5,21,2022-05-29T14:39:12.000Z
"5/29/2022, 9:42:12 AM",3.658,89.2,95.5,21,2022-05-29T14:42:12.000Z
"5/29/2022, 9:45:12 AM",3.657,89.2,95.5,21,2022-05-29T14:45:12.000Z
"5/29/2022, 9:48:12 AM",3.658,89.4,95.5,21,2022-05-29T14:48:12.000Z
"5/29/2022, 9:51:12 AM",3.658,89.6,95.6,21,2022-05-29T14:51:12.000Z
"5/29/2022, 9:54:12 AM",3.658,89.6,95.5,20,2022-05-29T14:54:12.000Z
"5/29/2022, 9:57:12 AM",3.657,89.8,95.5,20,2022-05-29T14:57:12.000Z
"5/29/2022, 10:00:12 AM",3.657,90,95.5,20,2022-05-29T15:00:12.000Z
"5/29/2022, 10:03:12 AM",3.657,90,95.6,20,2022-05-29T15:03:12.000Z
"5/29/2022, 10:06:12 AM",3.658,90,95.6,20,2022-05-29T15:06:12.000Z
"5/29/2022, 10:09:12 AM",3.658,90,95.6,20,2022-05-29T15:09:12.000Z
"5/29/2022, 10:12:12 AM",3.658,90,95.6,20,2022-05-29T15:12:12.000Z
"5/29/2022, 10:15:12 AM",3.658,90,95.6,20,2022-05-29T15:15:12.000Z
"5/29/2022, 10:18:12 AM",3.658,90,95.6,21,2022-05-29T15:18:12.000Z
"5/29/2022, 10:21:12 AM",3.658,90,95.6,21,2022-05-29T15:21:12.000Z
"5/29/2022, 10:24:12 AM",3.658,90.1,95.6,22,2022-05-29T15:24:12.000Z
"5/29/2022, 10:27:12 AM",3.658,90.1,95.7,22,2022-05-29T15:27:12.000Z
"5/29/2022, 10:30:12 AM",3.658,90.3,95.7,22,2022-05-29T15:30:12.000Z
"5/29/2022, 10:33:12 AM",3.657,90.3,95.7,22,2022-05-29T15:33:12.000Z
"5/29/2022, 10:36:12 AM",3.658,90.5,95.7,22,2022-05-29T15:36:12.000Z
"5/29/2022, 10:39:12 AM",3.657,90.7,95.7,22,2022-05-29T15:39:12.000Z
"5/29/2022, 10:42:12 AM",3.657,90.7,95.7,21,2022-05-29T15:42:12.000Z
"5/29/2022, 10:45:12 AM",3.658,90.7,95.7,22,2022-05-29T15:45:12.000Z
"5/29/2022, 10:48:12 AM",3.657,90.9,95.8,22,2022-05-29T15:48:12.000Z
"5/29/2022, 10:51:12 AM",3.657,90.9,95.7,22,2022-05-29T15:51:12.000Z
"5/29/2022, 10:54:12 AM",3.658,90.9,95.8,22,2022-05-29T15:54:12.000Z
"5/29/2022, 10:57:12 AM",3.658,91,95.8,23,2022-05-29T15:57:12.000Z
"5/29/2022, 11:00:12 AM",3.658,91.2,95.8,24,2022-05-29T16:00:12.000Z
"5/29/2022, 11:03:12 AM",3.657,91.4,95.8,24,2022-05-29T16:03:12.000Z
"5/29/2022, 11:06:12 AM",3.657,91.4,95.8,25,2022-05-29T16:06:12.000Z
"5/29/2022, 11:09:12 AM",3.657,91.6,95.8,24,2022-05-29T16:09:12.000Z
"5/29/2022, 11:12:12 AM",3.658,91.8,95.8,23,2022-05-29T16:12:12.000Z
"5/29/2022, 11:15:12 AM",3.658,91.8,95.9,23,2022-05-29T16:15:12.000Z
"5/29/2022, 11:18:12 AM",3.658,91.9,95.9,23,2022-05-29T16:18:12.000Z
"5/29/2022, 11:21:12 AM",3.657,92.1,95.9,22,2022-05-29T16:21:12.000Z
"5/29/2022, 11:24:12 AM",3.657,92.1,95.9,22,2022-05-29T16:24:12.000Z
"5/29/2022, 11:27:12 AM",3.657,92.3,95.9,22,2022-05-29T16:27:12.000Z
"5/29/2022, 11:30:12 AM",3.657,92.5,95.9,21,2022-05-29T16:30:12.000Z
"5/29/2022, 11:33:12 AM",3.657,92.7,95.9,21,2022-05-29T16:33:12.000Z
"5/29/2022, 11:36:12 AM",3.657,92.8,95.9,21,2022-05-29T16:36:12.000Z
"5/29/2022, 11:39:12 AM",3.657,93,95.9,20,2022-05-29T16:39:12.000Z
"5/29/2022, 11:42:12 AM",3.657,93,95.9,20,2022-05-29T16:42:12.000Z
"5/29/2022, 11:45:12 AM",3.657,93.2,95.8,19,2022-05-29T16:45:12.000Z
"5/29/2022, 11:48:12 AM",3.657,93.4,95.9,19,2022-05-29T16:48:12.000Z
"5/29/2022, 11:51:12 AM",3.657,93.4,95.8,20,2022-05-29T16:51:12.000Z
"5/29/2022, 11:54:12 AM",3.657,93.6,95.9,19,2022-05-29T16:54:12.000Z
"5/29/2022, 11:57:12 AM",3.657,93.7,95.8,19,2022-05-29T16:57:12.000Z
"5/29/2022, 12:00:12 PM",3.657,93.9,95.9,18,2022-05-29T17:00:12.000Z
"5/29/2022, 12:03:12 PM",3.657,93.9,95.9,18,2022-05-29T17:03:12.000Z
"5/29/2022, 12:06:12 PM",3.657,94.1,95.8,17,2022-05-29T17:06:12.000Z
"5/29/2022, 12:09:12 PM",3.657,94.3,95.9,18,2022-05-29T17:09:12.000Z
"5/29/2022, 12:12:12 PM",3.657,94.3,95.9,17,2022-05-29T17:12:12.000Z
"5/29/2022, 12:15:12 PM",3.657,94.5,95.9,18,2022-05-29T17:15:12.000Z
"5/29/2022, 12:18:12 PM",3.657,94.5,95.9,16,2022-05-29T17:18:12.000Z
"5/29/2022, 12:21:12 PM",3.657,94.6,95.9,17,2022-05-29T17:21:12.000Z
"5/29/2022, 12:24:12 PM",3.657,94.6,95.9,17,2022-05-29T17:24:12.000Z
"5/29/2022, 12:27:12 PM",3.657,94.8,95.9,16,2022-05-29T17:27:12.000Z
"5/29/2022, 12:30:12 PM",3.657,95,95.8,16,2022-05-29T17:30:12.000Z
"5/29/2022, 12:33:12 PM",3.657,95.2,95.9,15,2022-05-29T17:33:12.000Z
"5/29/2022, 12:36:12 PM",3.657,95.2,95.8,16,2022-05-29T17:36:12.000Z
"5/29/2022, 12:39:12 PM",3.656,95.4,95.8,15,2022-05-29T17:39:12.000Z
"5/29/2022, 12:42:12 PM",3.657,95.5,95.8,15,2022-05-29T17:42:12.000Z
"5/29/2022, 12:45:12 PM",3.657,95.7,95.8,15,2022-05-29T17:45:12.000Z
"5/29/2022, 12:48:12 PM",3.657,95.9,95.8,15,2022-05-29T17:48:12.000Z
"5/29/2022, 12:51:12 PM",3.656,95.9,95.8,13,2022-05-29T17:51:12.000Z
"5/29/2022, 12:54:12 PM",3.656,96.1,95.8,14,2022-05-29T17:54:12.000Z
"5/29/2022, 12:57:12 PM",3.656,96.1,95.8,13,2022-05-29T17:57:12.000Z
"5/29/2022, 1:00:12 PM",3.657,96.3,95.8,11,2022-05-29T18:00:12.000Z
"5/29/2022, 1:03:12 PM",3.657,96.3,95.8,11,2022-05-29T18:03:12.000Z
"5/29/2022, 1:06:12 PM",3.656,96.3,95.8,11,2022-05-29T18:06:12.000Z
"5/29/2022, 1:09:12 PM",3.656,96.4,95.8,10,2022-05-29T18:09:12.000Z
"5/29/2022, 1:12:12 PM",3.657,96.4,95.8,11,2022-05-29T18:12:12.000Z
"5/29/2022, 1:15:12 PM",3.656,96.4,95.8,11,2022-05-29T18:15:12.000Z
"5/29/2022, 1:18:12 PM",3.656,96.6,95.8,11,2022-05-29T18:18:12.000Z
"5/29/2022, 1:21:12 PM",3.657,96.6,95.8,11,2022-05-29T18:21:12.000Z
"5/29/2022, 1:24:12 PM",3.657,96.8,95.8,11,2022-05-29T18:24:12.000Z
"5/29/2022, 1:27:12 PM",3.657,96.8,95.8,11,2022-05-29T18:27:12.000Z
"5/29/2022, 1:30:12 PM",3.657,96.8,95.7,10,2022-05-29T18:30:12.000Z
"5/29/2022, 1:33:12 PM",3.657,96.8,95.7,11,2022-05-29T18:33:12.000Z
"5/29/2022, 1:36:12 PM",3.657,96.8,95.7,11,2022-05-29T18:36:12.000Z
"5/29/2022, 1:39:12 PM",3.656,96.8,95.7,10,2022-05-29T18:39:12.000Z
"5/29/2022, 1:42:12 PM",3.656,97,95.8,10,2022-05-29T18:42:12.000Z
"5/29/2022, 1:45:12 PM",3.656,97,95.7,10,2022-05-29T18:45:12.000Z
"5/29/2022, 1:48:12 PM",3.657,97,95.7,10,2022-05-29T18:48:12.000Z
"5/29/2022, 1:51:12 PM",3.657,97.2,95.7,10,2022-05-29T18:51:12.000Z
"5/29/2022, 1:54:12 PM",3.657,97.2,95.7,9,2022-05-29T18:54:12.000Z
"5/29/2022, 1:57:12 PM",3.656,97.2,95.7,10,2022-05-29T18:57:12.000Z
"5/29/2022, 2:00:12 PM",3.656,97.3,95.7,9,2022-05-29T19:00:12.000Z
"5/29/2022, 2:03:12 PM",3.657,97.3,95.7,9,2022-05-29T19:03:12.000Z
"5/29/2022, 2:06:12 PM",3.657,97.3,95.7,9,2022-05-29T19:06:12.000Z
"5/29/2022, 2:09:12 PM",3.657,97.3,95.7,9,2022-05-29T19:09:12.000Z
"5/29/2022, 2:12:12 PM",3.657,97.3,95.6,9,2022-05-29T19:12:12.000Z
"5/29/2022, 2:15:12 PM",3.657,97.3,95.6,9,2022-05-29T19:15:12.000Z
"5/29/2022, 2:18:12 PM",3.657,97.3,95.6,10,2022-05-29T19:18:12.000Z
"5/29/2022, 2:21:12 PM",3.657,97.5,95.6,9,2022-05-29T19:21:12.000Z
"5/29/2022, 2:24:12 PM",3.657,97.5,95.6,9,2022-05-29T19:24:12.000Z
"5/29/2022, 2:27:12 PM",3.657,97.5,95.6,9,2022-05-29T19:27:12.000Z
"5/29/2022, 2:30:12 PM",3.657,97.5,95.6,9,2022-05-29T19:30:12.000Z
"5/29/2022, 2:33:12 PM",3.657,97.7,95.6,8,2022-05-29T19:33:12.000Z
"5/29/2022, 2:36:12 PM",3.657,97.7,95.6,8,2022-05-29T19:36:12.000Z
"5/29/2022, 2:39:12 PM",3.657,97.9,95.5,8,2022-05-29T19:39:12.000Z
"5/29/2022, 2:42:12 PM",3.657,97.9,95.6,8,2022-05-29T19:42:12.000Z
"5/29/2022, 2:45:12 PM",3.657,97.9,95.6,9,2022-05-29T19:45:12.000Z
"5/29/2022, 2:48:12 PM",3.657,97.9,95.5,9,2022-05-29T19:48:12.000Z
"5/29/2022, 2:51:12 PM",3.657,98.1,95.5,9,2022-05-29T19:51:12.000Z
"5/29/2022, 2:54:12 PM",3.657,98.1,95.4,8,2022-05-29T19:54:12.000Z
"5/29/2022, 2:57:12 PM",3.657,98.1,95.4,9,2022-05-29T19:57:12.000Z
"5/29/2022, 3:00:12 PM",3.656,98.2,95.5,8,2022-05-29T20:00:12.000Z
"5/29/2022, 3:03:12 PM",3.657,98.2,95.5,8,2022-05-29T20:03:12.000Z
"5/29/2022, 3:06:12 PM",3.657,98.2,95.4,8,2022-05-29T20:06:12.000Z
"5/29/2022, 3:09:12 PM",3.657,98.2,95.4,8,2022-05-29T20:09:12.000Z
"5/29/2022, 3:12:12 PM",3.657,98.2,95.4,7,2022-05-29T20:12:12.000Z
"5/29/2022, 3:15:12 PM",3.657,98.2,95.4,7,2022-05-29T20:15:12.000Z
"5/29/2022, 3:18:12 PM",3.657,98.2,95.4,7,2022-05-29T20:18:12.000Z
"5/29/2022, 3:21:12 PM",3.657,98.2,95.4,8,2022-05-29T20:21:12.000Z
"5/29/2022, 3:24:12 PM",3.657,98.2,95.3,8,2022-05-29T20:24:12.000Z
"5/29/2022, 3:27:12 PM",3.657,98.2,95.3,8,2022-05-29T20:27:12.000Z
"5/29/2022, 3:30:12 PM",3.657,98.1,95.3,8,2022-05-29T20:30:12.000Z
"5/29/2022, 3:33:12 PM",3.657,98.1,95.3,8,2022-05-29T20:33:12.000Z
"5/29/2022, 3:36:12 PM",3.657,98.1,95.3,8,2022-05-29T20:36:12.000Z
"5/29/2022, 3:39:12 PM",3.657,97.9,95.3,8,2022-05-29T20:39:12.000Z
"5/29/2022, 3:42:12 PM",3.657,97.9,95.3,8,2022-05-29T20:42:12.000Z
"5/29/2022, 3:45:12 PM",3.657,97.9,95.3,8,2022-05-29T20:45:12.000Z
"5/29/2022, 3:48:12 PM",3.657,97.9,95.3,8,2022-05-29T20:48:12.000Z
"5/29/2022, 3:51:12 PM",3.657,97.9,95.2,8,2022-05-29T20:51:12.000Z
"5/29/2022, 3:54:12 PM",3.657,97.9,95.2,7,2022-05-29T20:54:12.000Z
"5/29/2022, 3:57:12 PM",3.657,97.9,95.2,8,2022-05-29T20:57:12.000Z
"5/29/2022, 4:00:12 PM",3.657,97.9,95.2,7,2022-05-29T21:00:12.000Z
"5/29/2022, 4:03:12 PM",3.658,97.9,95.2,8,2022-05-29T21:03:12.000Z
"5/29/2022, 4:06:12 PM",3.657,97.9,95.2,9,2022-05-29T21:06:12.000Z
"5/29/2022, 4:09:12 PM",3.657,97.9,95.2,8,2022-05-29T21:09:12.000Z
"5/29/2022, 4:12:12 PM",3.657,97.9,95.1,8,2022-05-29T21:12:12.000Z
"5/29/2022, 4:15:12 PM",3.657,97.9,95.1,8,2022-05-29T21:15:12.000Z
"5/29/2022, 4:18:12 PM",3.657,97.9,95.1,8,2022-05-29T21:18:12.000Z
"5/29/2022, 4:21:12 PM",3.657,97.9,95.1,8,2022-05-29T21:21:12.000Z
"5/29/2022, 4:24:12 PM",3.658,97.9,95.1,8,2022-05-29T21:24:12.000Z
"5/29/2022, 4:27:12 PM",3.657,97.9,95.1,8,2022-05-29T21:27:12.000Z
"5/29/2022, 4:30:12 PM",3.657,97.9,95.1,7,2022-05-29T21:30:12.000Z
"5/29/2022, 4:33:12 PM",3.657,97.9,95,8,2022-05-29T21:33:12.000Z
"5/29/2022, 4:36:12 PM",3.657,97.9,95,8,2022-05-29T21:36:12.000Z
"5/29/2022, 4:39:12 PM",3.657,97.9,95,7,2022-05-29T21:39:12.000Z
"5/29/2022, 4:42:12 PM",3.657,97.9,95,8,2022-05-29T21:42:12.000Z
"5/29/2022, 4:45:12 PM",3.657,97.9,94.9,8,2022-05-29T21:45:12.000Z
"5/29/2022, 4:48:12 PM",3.658,97.9,94.9,8,2022-05-29T21:48:12.000Z
"5/29/2022, 4:51:12 PM",3.658,97.7,94.9,8,2022-05-29T21:51:12.000Z
"5/29/2022, 4:54:12 PM",3.657,97.7,94.9,9,2022-05-29T21:54:12.000Z
"5/29/2022, 4:57:12 PM",3.658,97.5,94.9,8,2022-05-29T21:57:12.000Z
"5/29/2022, 5:00:12 PM",3.658,97.5,94.9,7,2022-05-29T22:00:12.000Z
"5/29/2022, 5:03:12 PM",3.658,97.3,94.9,7,2022-05-29T22:03:12.000Z
"5/29/2022, 5:06:12 PM",3.658,97.3,94.9,8,2022-05-29T22:06:12.000Z
"5/29/2022, 5:09:12 PM",3.658,97.2,95,10,2022-05-29T22:09:12.000Z
"5/29/2022, 5:12:12 PM",3.657,97.2,94.9,9,2022-05-29T22:12:12.000Z
"5/29/2022, 5:15:12 PM",3.658,97,94.9,10,2022-05-29T22:15:12.000Z
"5/29/2022, 5:18:12 PM",3.658,96.8,94.9,10,2022-05-29T22:18:12.000Z
"5/29/2022, 5:21:12 PM",3.658,96.8,94.9,10,2022-05-29T22:21:12.000Z
"5/29/2022, 5:24:12 PM",3.658,96.6,94.9,10,2022-05-29T22:24:12.000Z
"5/29/2022, 5:27:12 PM",3.658,96.4,94.9,10,2022-05-29T22:27:12.000Z
"5/29/2022, 5:30:12 PM",3.658,96.3,94.8,10,2022-05-29T22:30:12.000Z
"5/29/2022, 5:33:12 PM",3.658,96.1,94.8,10,2022-05-29T22:33:12.000Z
"5/29/2022, 5:36:12 PM",3.659,95.9,94.8,9,2022-05-29T22:36:12.000Z
"5/29/2022, 5:39:12 PM",3.658,95.7,94.8,9,2022-05-29T22:39:12.000Z
"5/29/2022, 5:42:12 PM",3.658,95.5,94.8,10,2022-05-29T22:42:12.000Z
"5/29/2022, 5:45:12 PM",3.658,95.5,94.8,8,2022-05-29T22:45:12.000Z
"5/29/2022, 5:48:12 PM",3.659,95.4,94.8,10,2022-05-29T22:48:12.000Z
"5/29/2022, 5:51:12 PM",3.658,95.2,94.8,9,2022-05-29T22:51:12.000Z
"5/29/2022, 5:54:12 PM",3.659,95,94.8,10,2022-05-29T22:54:12.000Z
"5/29/2022, 5:57:12 PM",3.659,94.8,94.9,10,2022-05-29T22:57:12.000Z
"5/29/2022, 6:00:12 PM",3.659,94.6,94.8,10,2022-05-29T23:00:12.000Z
"5/29/2022, 6:03:12 PM",3.659,94.5,94.8,10,2022-05-29T23:03:12.000Z
"5/29/2022, 6:06:12 PM",3.659,94.1,94.8,11,2022-05-29T23:06:12.000Z
"5/29/2022, 6:09:12 PM",3.659,93.9,94.8,9,2022-05-29T23:09:12.000Z
"5/29/2022, 6:12:12 PM",3.659,93.7,94.8,10,2022-05-29T23:12:12.000Z
"5/29/2022, 6:15:12 PM",3.659,93.6,94.8,9,2022-05-29T23:15:12.000Z
"5/29/2022, 6:18:12 PM",3.659,93.2,94.9,10,2022-05-29T23:18:12.000Z
"5/29/2022, 6:21:12 PM",3.66,93,94.9,10,2022-05-29T23:21:12.000Z
"5/29/2022, 6:24:12 PM",3.66,92.8,94.8,9,2022-05-29T23:24:12.000Z
"5/29/2022, 6:27:12 PM",3.66,92.7,94.8,10,2022-05-29T23:27:12.000Z
"5/29/2022, 6:30:12 PM",3.66,92.5,94.8,10,2022-05-29T23:30:12.000Z
"5/29/2022, 6:33:12 PM",3.659,92.3,94.7,10,2022-05-29T23:33:12.000Z
"5/29/2022, 6:36:12 PM",3.66,92.1,94.7,11,2022-05-29T23:36:12.000Z
"5/29/2022, 6:39:12 PM",3.66,91.9,94.6,11,2022-05-29T23:39:12.000Z
"5/29/2022, 6:42:12 PM",3.66,91.6,94.6,10,2022-05-29T23:42:12.000Z
"5/29/2022, 6:45:12 PM",3.66,91.4,94.5,10,2022-05-29T23:45:12.000Z
"5/29/2022, 6:48:12 PM",3.66,91.2,94.4,10,2022-05-29T23:48:12.000Z
"5/29/2022, 6:51:12 PM",3.66,91,94.3,11,2022-05-29T23:51:12.000Z
"5/29/2022, 6:54:12 PM",3.66,90.9,94.2,11,2022-05-29T23:54:12.000Z
"5/29/2022, 6:57:12 PM",3.66,90.7,94.2,10,2022-05-29T23:57:12.000Z
"5/29/2022, 7:00:12 PM",3.66,90.5,94.1,10,2022-05-30T00:00:12.000Z
"5/29/2022, 7:03:12 PM",3.66,90.3,94,11,2022-05-30T00:03:12.000Z
"5/29/2022, 7:06:12 PM",3.661,90.1,94,10,2022-05-30T00:06:12.000Z
"5/29/2022, 7:09:12 PM",3.66,89.8,93.9,10,2022-05-30T00:09:12.000Z
"5/29/2022, 7:12:12 PM",3.66,89.6,93.9,11,2022-05-30T00:12:12.000Z
"5/29/2022, 7:15:12 PM",3.66,89.4,93.8,11,2022-05-30T00:15:12.000Z
"5/29/2022, 7:18:12 PM",3.661,89.2,93.7,12,2022-05-30T00:18:12.000Z
"5/29/2022, 7:21:12 PM",3.661,88.9,93.7,12,2022-05-30T00:21:12.000Z
"5/29/2022, 7:24:12 PM",3.661,88.9,93.6,12,2022-05-30T00:24:12.000Z
"5/29/2022, 7:27:12 PM",3.66,88.5,93.6,11,2022-05-30T00:27:12.000Z
"5/29/2022, 7:30:12 PM",3.661,88.3,93.6,11,2022-05-30T00:30:12.000Z
"5/29/2022, 7:33:12 PM",3.661,88.2,93.5,11,2022-05-30T00:33:12.000Z
"5/29/2022, 7:36:12 PM",3.661,88,93.5,11,2022-05-30T00:36:12.000Z
"5/29/2022, 7:39:12 PM",3.661,87.6,93.4,12,2022-05-30T00:39:12.000Z
"5/29/2022, 7:42:12 PM",3.661,87.4,93.4,12,2022-05-30T00:42:12.000Z
"5/29/2022, 7:45:12 PM",3.661,87.3,93.4,12,2022-05-30T00:45:12.000Z
"5/29/2022, 7:48:12 PM",3.661,87.1,93.3,12,2022-05-30T00:48:12.000Z
"5/29/2022, 7:51:12 PM",3.661,86.9,93.3,12,2022-05-30T00:51:12.000Z
"5/29/2022, 7:54:12 PM",3.661,86.7,93.3,11,2022-05-30T00:54:12.000Z
"5/29/2022, 7:57:12 PM",3.661,86.5,93.2,11,2022-05-30T00:57:12.000Z
"5/29/2022, 8:00:12 PM",3.661,86.4,93.2,12,2022-05-30T01:00:12.000Z
"5/29/2022, 8:03:12 PM",3.661,86.2,93.2,12,2022-05-30T01:03:12.000Z
"5/29/2022, 8:06:12 PM",3.661,86,93.1,12,2022-05-30T01:06:12.000Z
"5/29/2022, 8:09:12 PM",3.661,85.8,93.1,11,2022-05-30T01:09:12.000Z
"5/29/2022, 8:12:12 PM",3.661,85.6,93.1,12,2022-05-30T01:12:12.000Z
"5/29/2022, 8:15:12 PM",3.662,85.5,93.1,12,2022-05-30T01:15:12.000Z
"5/29/2022, 8:18:12 PM",3.662,85.3,93.1,12,2022-05-30T01:18:12.000Z
"5/29/2022, 8:21:12 PM",3.662,85.3,93.1,12,2022-05-30T01:21:12.000Z
"5/29/2022, 8:24:12 PM",3.662,85.1,93,12,2022-05-30T01:24:12.000Z
"5/29/2022, 8:27:12 PM",3.661,84.9,93,11,2022-05-30T01:27:12.000Z
"5/29/2022, 8:30:12 PM",3.662,84.7,92.9,11,2022-05-30T01:30:12.000Z
"5/29/2022, 8:33:12 PM",3.662,84.6,93,11,2022-05-30T01:33:12.000Z
"5/29/2022, 8:36:12 PM",3.662,84.6,92.9,11,2022-05-30T01:36:12.000Z
"5/29/2022, 8:39:12 PM",3.662,84.4,92.9,12,2022-05-30T01:39:12.000Z
"5/29/2022, 8:42:12 PM",3.662,84.2,92.9,11,2022-05-30T01:42:12.000Z
"5/29/2022, 8:45:12 PM",3.662,84.2,92.9,11,2022-05-30T01:45:12.000Z
"5/29/2022, 8:48:12 PM",3.662,84,92.9,11,2022-05-30T01:48:12.000Z
"5/29/2022, 8:51:12 PM",3.662,84,92.9,11,2022-05-30T01:51:12.000Z
"5/29/2022, 8:54:12 PM",3.662,83.8,92.8,10,2022-05-30T01:54:12.000Z
"5/29/2022, 8:57:12 PM",3.662,83.7,92.8,10,2022-05-30T01:57:12.000Z
"5/29/2022, 9:00:12 PM",3.662,83.7,92.8,10,2022-05-30T02:00:12.000Z
"5/29/2022, 9:03:12 PM",3.662,83.5,92.8,10,2022-05-30T02:03:12.000Z
"5/29/2022, 9:06:12 PM",3.662,83.5,92.8,11,2022-05-30T02:06:12.000Z
"5/29/2022, 9:09:12 PM",3.662,83.3,92.7,10,2022-05-30T02:09:12.000Z
"5/29/2022, 9:12:12 PM",3.662,83.1,92.7,10,2022-05-30T02:12:12.000Z
"5/29/2022, 9:15:12 PM",3.662,83.1,92.7,10,2022-05-30T02:15:12.000Z
"5/29/2022, 9:18:12 PM",3.662,82.9,92.7,10,2022-05-30T02:18:12.000Z
"5/29/2022, 9:21:12 PM",3.662,82.9,92.7,10,2022-05-30T02:21:12.000Z
"5/29/2022, 9:24:12 PM",3.662,82.8,92.7,10,2022-05-30T02:24:12.000Z
"5/29/2022, 9:27:12 PM",3.662,82.8,92.7,10,2022-05-30T02:27:12.000Z
"5/29/2022, 9:30:12 PM",3.662,82.6,92.7,10,2022-05-30T02:30:12.000Z
"5/29/2022, 9:33:12 PM",3.662,82.6,92.7,10,2022-05-30T02:33:12.000Z
"5/29/2022, 9:36:12 PM",3.662,82.4,92.7,9,2022-05-30T02:36:12.000Z
"5/29/2022, 9:39:12 PM",3.662,82.4,92.7,10,2022-05-30T02:39:12.000Z
"5/29/2022, 9:42:12 PM",3.662,82.2,92.6,9,2022-05-30T02:42:12.000Z
"5/29/2022, 9:45:12 PM",3.662,82.2,92.6,9,2022-05-30T02:45:12.000Z
"5/29/2022, 9:48:12 PM",3.661,82.2,92.6,9,2022-05-30T02:48:12.000Z
"5/29/2022, 9:51:12 PM",3.662,82,92.6,9,2022-05-30T02:51:12.000Z
"5/29/2022, 9:54:12 PM",3.662,82,92.6,9,2022-05-30T02:54:12.000Z
"5/29/2022, 9:57:12 PM",3.662,82,92.6,9,2022-05-30T02:57:12.000Z
"5/29/2022, 10:00:12 PM",3.662,81.9,92.6,9,2022-05-30T03:00:12.000Z
"5/29/2022, 10:03:12 PM",3.662,81.9,92.6,9,2022-05-30T03:03:12.000Z
"5/29/2022, 10:06:12 PM",3.662,81.9,92.6,9,2022-05-30T03:06:12.000Z
"5/29/2022, 10:09:12 PM",3.662,81.7,92.5,9,2022-05-30T03:09:12.000Z
"5/29/2022, 10:12:12 PM",3.661,81.7,92.6,9,2022-05-30T03:12:12.000Z
"5/29/2022, 10:15:12 PM",3.662,81.5,92.6,9,2022-05-30T03:15:12.000Z
"5/29/2022, 10:18:12 PM",3.662,81.5,92.6,9,2022-05-30T03:18:12.000Z
"5/29/2022, 10:21:12 PM",3.662,81.5,92.6,9,2022-05-30T03:21:12.000Z
"5/29/2022, 10:24:12 PM",3.662,81.5,92.5,9,2022-05-30T03:24:12.000Z
"5/29/2022, 10:27:12 PM",3.662,81.3,92.5,9,2022-05-30T03:27:12.000Z
"5/29/2022, 10:30:12 PM",3.662,81.3,92.5,9,2022-05-30T03:30:12.000Z
"5/29/2022, 10:33:12 PM",3.662,81.1,92.5,9,2022-05-30T03:33:12.000Z
"5/29/2022, 10:36:12 PM",3.662,81.1,92.5,9,2022-05-30T03:36:12.000Z
"5/29/2022, 10:39:12 PM",3.661,81.1,92.5,9,2022-05-30T03:39:12.000Z
"5/29/2022, 10:42:12 PM",3.662,81.1,92.5,9,2022-05-30T03:42:12.000Z
"5/29/2022, 10:45:12 PM",3.662,81,92.5,8,2022-05-30T03:45:12.000Z
"5/29/2022, 10:48:12 PM",3.662,81,92.5,9,2022-05-30T03:48:12.000Z
"5/29/2022, 10:51:12 PM",3.662,81,92.5,9,2022-05-30T03:51:12.000Z
"5/29/2022, 10:54:12 PM",3.662,80.8,92.5,8,2022-05-30T03:54:12.000Z
"5/29/2022, 10:57:12 PM",3.662,80.8,92.5,8,2022-05-30T03:57:12.000Z
"5/29/2022, 11:00:12 PM",3.662,80.8,92.5,8,2022-05-30T04:00:12.000Z
"5/29/2022, 11:03:12 PM",3.662,80.6,92.5,8,2022-05-30T04:03:12.000Z
"5/29/2022, 11:06:12 PM",3.662,80.6,92.5,8,2022-05-30T04:06:12.000Z
"5/29/2022, 11:09:12 PM",3.662,80.6,92.5,8,2022-05-30T04:09:12.000Z
"5/29/2022, 11:12:12 PM",3.661,80.4,92.4,8,2022-05-30T04:12:12.000Z
"5/29/2022, 11:15:12 PM",3.661,80.4,92.4,8,2022-05-30T04:15:12.000Z
"5/29/2022, 11:18:12 PM",3.662,80.2,92.5,8,2022-05-30T04:18:12.000Z
"5/29/2022, 11:21:12 PM",3.661,80.2,92.5,8,2022-05-30T04:21:12.000Z
"5/29/2022, 11:24:12 PM",3.662,80.1,92.4,8,2022-05-30T04:24:12.000Z
"5/29/2022, 11:27:12 PM",3.662,80.1,92.4,8,2022-05-30T04:27:12.000Z
"5/29/2022, 11:30:12 PM",3.662,80.1,92.4,8,2022-05-30T04:30:12.000Z
"5/29/2022, 11:33:12 PM",3.662,79.9,92.4,8,2022-05-30T04:33:12.000Z
"5/29/2022, 11:36:12 PM",3.662,79.9,92.4,8,2022-05-30T04:36:12.000Z
"5/29/2022, 11:39:12 PM",3.661,79.9,92.4,8,2022-05-30T04:39:12.000Z
"5/29/2022, 11:42:12 PM",3.662,79.7,92.4,8,2022-05-30T04:42:12.000Z
"5/29/2022, 11:45:12 PM",3.662,79.7,92.4,8,2022-05-30T04:45:12.000Z
"5/29/2022, 11:48:12 PM",3.661,79.5,92.4,8,2022-05-30T04:48:12.000Z
"5/29/2022, 11:51:12 PM",3.662,79.5,92.4,8,2022-05-30T04:51:12.000Z
"5/29/2022, 11:54:12 PM",3.662,79.5,92.4,8,2022-05-30T04:54:12.000Z
"5/29/2022, 11:57:12 PM",3.662,79.3,92.4,8,2022-05-30T04:57:12.000Z
"5/30/2022, 12:00:12 AM",3.662,79.3,92.4,8,2022-05-30T05:00:12.000Z
"5/30/2022, 12:03:12 AM",3.662,79.3,92.4,8,2022-05-30T05:03:12.000Z
"5/30/2022, 12:06:12 AM",3.662,79.2,92.4,8,2022-05-30T05:06:12.000Z
"5/30/2022, 12:09:12 AM",3.662,79.2,92.4,8,2022-05-30T05:09:12.000Z
"5/30/2022, 12:12:12 AM",3.662,79.2,92.4,8,2022-05-30T05:12:12.000Z
"5/30/2022, 12:15:12 AM",3.662,79.2,92.4,8,2022-05-30T05:15:12.000Z
"5/30/2022, 12:18:12 AM",3.662,79,92.4,8,2022-05-30T05:18:12.000Z
"5/30/2022, 12:21:12 AM",3.662,79,92.4,8,2022-05-30T05:21:12.000Z
"5/30/2022, 12:24:12 AM",3.662,79,92.3,8,2022-05-30T05:24:12.000Z
"5/30/2022, 12:27:12 AM",3.662,79,92.3,8,2022-05-30T05:27:12.000Z
"5/30/2022, 12:30:12 AM",3.662,79,92.3,8,2022-05-30T05:30:12.000Z
"5/30/2022, 12:33:12 AM",3.662,79,92.3,8,2022-05-30T05:33:12.000Z
"5/30/2022, 12:36:12 AM",3.661,79,92.3,8,2022-05-30T05:36:12.000Z
"5/30/2022, 12:39:12 AM",3.662,79,92.3,8,2022-05-30T05:39:12.000Z
"5/30/2022, 12:42:12 AM",3.662,79,92.3,8,2022-05-30T05:42:12.000Z
"5/30/2022, 12:45:12 AM",3.662,79,92.3,8,2022-05-30T05:45:12.000Z
"5/30/2022, 12:48:12 AM",3.662,78.8,92.3,8,2022-05-30T05:48:12.000Z
"5/30/2022, 12:51:12 AM",3.662,78.8,92.3,8,2022-05-30T05:51:12.000Z
"5/30/2022, 12:54:12 AM",3.662,78.8,92.3,8,2022-05-30T05:54:12.000Z
"5/30/2022, 12:57:12 AM",3.662,78.8,92.3,8,2022-05-30T05:57:12.000Z
"5/30/2022, 1:00:12 AM",3.662,78.6,92.4,8,2022-05-30T06:00:12.000Z
"5/30/2022, 1:03:12 AM",3.662,78.6,92.4,8,2022-05-30T06:03:12.000Z
"5/30/2022, 1:06:12 AM",3.662,78.6,92.4,8,2022-05-30T06:06:12.000Z
"5/30/2022, 1:09:12 AM",3.662,78.6,92.4,8,2022-05-30T06:09:12.000Z
"5/30/2022, 1:12:12 AM",3.662,78.6,92.4,8,2022-05-30T06:12:12.000Z
"5/30/2022, 1:15:12 AM",3.662,78.6,92.3,8,2022-05-30T06:15:12.000Z
"5/30/2022, 1:18:12 AM",3.662,78.6,92.3,8,2022-05-30T06:18:12.000Z
"5/30/2022, 1:21:12 AM",3.662,78.4,92.3,8,2022-05-30T06:21:12.000Z
"5/30/2022, 1:24:12 AM",3.661,78.4,92.3,8,2022-05-30T06:24:12.000Z
"5/30/2022, 1:27:12 AM",3.662,78.4,92.3,8,2022-05-30T06:27:12.000Z
"5/30/2022, 1:30:12 AM",3.662,78.4,92.3,8,2022-05-30T06:30:12.000Z
"5/30/2022, 1:33:12 AM",3.662,78.4,92.3,8,2022-05-30T06:33:12.000Z
"5/30/2022, 1:36:12 AM",3.662,78.4,92.3,8,2022-05-30T06:36:12.000Z
"5/30/2022, 1:39:12 AM",3.662,78.3,92.3,8,2022-05-30T06:39:12.000Z
"5/30/2022, 1:42:12 AM",3.662,78.3,92.3,8,2022-05-30T06:42:12.000Z
"5/30/2022, 1:45:12 AM",3.662,78.3,92.3,8,2022-05-30T06:45:12.000Z
"5/30/2022, 1:48:12 AM",3.662,78.3,92.3,7,2022-05-30T06:48:12.000Z
"5/30/2022, 1:51:12 AM",3.662,78.3,92.3,7,2022-05-30T06:51:12.000Z
"5/30/2022, 1:54:12 AM",3.662,78.1,92.3,7,2022-05-30T06:54:12.000Z
"5/30/2022, 1:57:12 AM",3.662,78.1,92.3,7,2022-05-30T06:57:12.000Z
"5/30/2022, 2:00:12 AM",3.661,78.1,92.3,7,2022-05-30T07:00:12.000Z
"5/30/2022, 2:03:12 AM",3.662,78.1,92.3,7,2022-05-30T07:03:12.000Z
"5/30/2022, 2:06:12 AM",3.662,78.1,92.3,7,2022-05-30T07:06:12.000Z
"5/30/2022, 2:09:12 AM",3.662,77.9,92.2,7,2022-05-30T07:09:12.000Z
"5/30/2022, 2:12:12 AM",3.662,77.9,92.2,7,2022-05-30T07:12:12.000Z
"5/30/2022, 2:15:12 AM",3.662,77.9,92.2,7,2022-05-30T07:15:12.000Z
"5/30/2022, 2:18:12 AM",3.662,77.9,92.2,7,2022-05-30T07:18:12.000Z
"5/30/2022, 2:21:12 AM",3.662,77.9,92.2,7,2022-05-30T07:21:12.000Z
"5/30/2022, 2:24:12 AM",3.662,77.9,92.2,7,2022-05-30T07:24:12.000Z
"5/30/2022, 2:27:12 AM",3.661,77.7,92.2,7,2022-05-30T07:27:12.000Z
"5/30/2022, 2:30:12 AM",3.662,77.7,92.2,6,2022-05-30T07:30:12.000Z
"5/30/2022, 2:33:12 AM",3.662,77.7,92.1,6,2022-05-30T07:33:12.000Z
"5/30/2022, 2:36:12 AM",3.662,77.7,92.1,7,2022-05-30T07:36:12.000Z
"5/30/2022, 2:39:12 AM",3.662,77.7,92.1,6,2022-05-30T07:39:12.000Z
"5/30/2022, 2:42:12 AM",3.662,77.5,92.1,7,2022-05-30T07:42:12.000Z
"5/30/2022, 2:45:12 AM",3.662,77.5,92.1,7,2022-05-30T07:45:12.000Z
"5/30/2022, 2:48:12 AM",3.662,77.5,92.1,7,2022-05-30T07:48:12.000Z
"5/30/2022, 2:51:12 AM",3.662,77.5,92.1,7,2022-05-30T07:51:12.000Z
"5/30/2022, 2:54:12 AM",3.662,77.5,92.1,7,2022-05-30T07:54:12.000Z
"5/30/2022, 2:57:12 AM",3.662,77.5,92.1,6,2022-05-30T07:57:12.000Z
"5/30/2022, 3:00:12 AM",3.662,77.5,92.1,7,2022-05-30T08:00:12.000Z
"5/30/2022, 3:03:12 AM",3.662,77.5,92.1,6,2022-05-30T08:03:12.000Z
"5/30/2022, 3:06:12 AM",3.662,77.5,92.1,7,2022-05-30T08:06:12.000Z
"5/30/2022, 3:09:12 AM",3.662,77.4,92.1,6,2022-05-30T08:09:12.000Z
"5/30/2022, 3:12:12 AM",3.662,77.4,92.1,6,2022-05-30T08:12:12.000Z
"5/30/2022, 3:15:12 AM",3.662,77.4,92.1,6,2022-05-30T08:15:12.000Z
"5/30/2022, 3:18:12 AM",3.662,77.4,92.1,6,2022-05-30T08:18:12.000Z
"5/30/2022, 3:21:12 AM",3.662,77.4,92.1,6,2022-05-30T08:21:12.000Z
"5/30/2022, 3:24:12 AM",3.662,77.4,92.1,6,2022-05-30T08:24:12.000Z
"5/30/2022, 3:27:12 AM",3.662,77.4,92.1,6,2022-05-30T08:27:12.000Z
"5/30/2022, 3:30:12 AM",3.662,77.4,92.1,6,2022-05-30T08:30:12.000Z
"5/30/2022, 3:33:12 AM",3.662,77.4,92.1,6,2022-05-30T08:33:12.000Z
"5/30/2022, 3:36:12 AM",3.662,77.4,92.1,6,2022-05-30T08:36:12.000Z
"5/30/2022, 3:39:12 AM",3.662,77.4,92.1,6,2022-05-30T08:39:12.000Z
"5/30/2022, 3:42:12 AM",3.662,77.4,92.1,6,2022-05-30T08:42:12.000Z
"5/30/2022, 3:45:12 AM",3.662,77.4,92.1,6,2022-05-30T08:45:12.000Z
"5/30/2022, 3:48:12 AM",3.662,77.2,92.1,6,2022-05-30T08:48:12.000Z
"5/30/2022, 3:51:12 AM",3.662,77.2,92.1,6,2022-05-30T08:51:12.000Z
"5/30/2022, 3:54:12 AM",3.662,77.2,92.1,6,2022-05-30T08:54:12.000Z
"5/30/2022, 3:57:12 AM",3.662,77.2,92.1,6,2022-05-30T08:57:12.000Z
"5/30/2022, 4:00:12 AM",3.662,77.2,92.1,7,2022-05-30T09:00:12.000Z
"5/30/2022, 4:03:12 AM",3.663,77.2,92.1,6,2022-05-30T09:03:12.000Z
"5/30/2022, 4:06:12 AM",3.662,77.2,92.1,6,2022-05-30T09:06:12.000Z
"5/30/2022, 4:09:12 AM",3.662,77.2,92.1,6,2022-05-30T09:09:12.000Z
"5/30/2022, 4:12:12 AM",3.662,77.2,92.1,6,2022-05-30T09:12:12.000Z
"5/30/2022, 4:15:12 AM",3.662,77.2,92.1,6,2022-05-30T09:15:12.000Z
"5/30/2022, 4:18:12 AM",3.662,77.2,92.1,6,2022-05-30T09:18:12.000Z
"5/30/2022, 4:21:12 AM",3.662,77.2,92.1,7,2022-05-30T09:21:12.000Z
"5/30/2022, 4:24:12 AM",3.662,77.2,92,6,2022-05-30T09:24:12.000Z
"5/30/2022, 4:27:12 AM",3.662,77.4,92,6,2022-05-30T09:27:12.000Z
"5/30/2022, 4:30:12 AM",3.662,77.4,92,6,2022-05-30T09:30:12.000Z
"5/30/2022, 4:33:12 AM",3.662,77.4,92,6,2022-05-30T09:33:12.000Z
"5/30/2022, 4:36:12 AM",3.662,77.4,92,5,2022-05-30T09:36:12.000Z
"5/30/2022, 4:39:12 AM",3.662,77.4,92,6,2022-05-30T09:39:12.000Z
"5/30/2022, 4:42:12 AM",3.662,77.4,92,6,2022-05-30T09:42:12.000Z
"5/30/2022, 4:45:12 AM",3.662,77.4,92,6,2022-05-30T09:45:12.000Z
"5/30/2022, 4:48:12 AM",3.662,77.5,92,6,2022-05-30T09:48:12.000Z
"5/30/2022, 4:51:12 AM",3.662,77.5,92,6,2022-05-30T09:51:12.000Z
"5/30/2022, 4:54:12 AM",3.662,77.5,92,6,2022-05-30T09:54:12.000Z
"5/30/2022, 4:57:12 AM",3.662,77.5,92.1,7,2022-05-30T09:57:12.000Z
"5/30/2022, 5:00:12 AM",3.662,77.7,92.1,6,2022-05-30T10:00:12.000Z
"5/30/2022, 5:03:12 AM",3.662,77.7,92.1,7,2022-05-30T10:03:12.000Z
"5/30/2022, 5:06:12 AM",3.662,77.7,92.1,7,2022-05-30T10:06:12.000Z
"5/30/2022, 5:09:12 AM",3.662,77.7,92.2,7,2022-05-30T10:09:12.000Z
"5/30/2022, 5:12:12 AM",3.662,77.9,92.2,7,2022-05-30T10:12:12.000Z
"5/30/2022, 5:15:12 AM",3.662,77.9,92.2,7,2022-05-30T10:15:12.000Z
"5/30/2022, 5:18:12 AM",3.662,77.9,92.2,7,2022-05-30T10:18:12.000Z
"5/30/2022, 5:21:12 AM",3.662,77.9,92.2,7,2022-05-30T10:21:12.000Z
"5/30/2022, 5:24:12 AM",3.662,77.9,92.2,7,2022-05-30T10:24:12.000Z
"5/30/2022, 5:27:12 AM",3.661,78.1,92.2,7,2022-05-30T10:27:12.000Z
"5/30/2022, 5:30:12 AM",3.662,78.1,92.2,7,2022-05-30T10:30:12.000Z
"5/30/2022, 5:33:12 AM",3.662,78.3,92.2,7,2022-05-30T10:33:12.000Z
"5/30/2022, 5:36:12 AM",3.662,78.4,92.3,7,2022-05-30T10:36:12.000Z
"5/30/2022, 5:39:12 AM",3.662,78.4,92.3,7,2022-05-30T10:39:12.000Z
"5/30/2022, 5:42:12 AM",3.662,78.8,92.3,8,2022-05-30T10:42:12.000Z
"5/30/2022, 5:45:12 AM",3.662,79,92.3,7,2022-05-30T10:45:12.000Z
"5/30/2022, 5:48:12 AM",3.661,79,92.3,8,2022-05-30T10:48:12.000Z
"5/30/2022, 5:51:12 AM",3.662,79,92.3,8,2022-05-30T10:51:12.000Z
"5/30/2022, 5:54:12 AM",3.661,79.2,92.3,8,2022-05-30T10:54:12.000Z
"5/30/2022, 5:57:12 AM",3.661,79.3,92.3,8,2022-05-30T10:57:12.000Z
"5/30/2022, 6:00:12 AM",3.661,79.3,92.4,8,2022-05-30T11:00:12.000Z
"5/30/2022, 6:03:12 AM",3.661,79.5,92.4,8,2022-05-30T11:03:12.000Z
"5/30/2022, 6:06:12 AM",3.662,79.7,92.5,8,2022-05-30T11:06:12.000Z
"5/30/2022, 6:09:12 AM",3.661,79.7,92.5,8,2022-05-30T11:09:12.000Z
"5/30/2022, 6:12:12 AM",3.661,79.9,92.5,9,2022-05-30T11:12:12.000Z
"5/30/2022, 6:15:12 AM",3.661,80.1,92.5,9,2022-05-30T11:15:12.000Z
"5/30/2022, 6:18:12 AM",3.661,80.1,92.5,9,2022-05-30T11:18:12.000Z
"5/30/2022, 6:21:12 AM",3.662,80.2,92.6,9,2022-05-30T11:21:12.000Z
"5/30/2022, 6:24:12 AM",3.661,80.4,92.6,9,2022-05-30T11:24:12.000Z
"5/30/2022, 6:27:12 AM",3.661,80.6,92.6,9,2022-05-30T11:27:12.000Z
"5/30/2022, 6:30:12 AM",3.661,80.8,92.6,9,2022-05-30T11:30:12.000Z
"5/30/2022, 6:33:12 AM",3.661,81,92.6,9,2022-05-30T11:33:12.000Z
"5/30/2022, 6:36:12 AM",3.661,81.1,92.6,9,2022-05-30T11:36:12.000Z
"5/30/2022, 6:39:12 AM",3.662,81.3,92.6,9,2022-05-30T11:39:12.000Z
"5/30/2022, 6:42:12 AM",3.661,81.5,92.7,9,2022-05-30T11:42:12.000Z
"5/30/2022, 6:45:12 AM",3.661,81.7,92.7,9,2022-05-30T11:45:12.000Z
"5/30/2022, 6:48:12 AM",3.661,81.9,92.7,9,2022-05-30T11:48:12.000Z
"5/30/2022, 6:51:12 AM",3.661,82,92.7,9,2022-05-30T11:51:12.000Z
"5/30/2022, 6:54:12 AM",3.661,82.4,92.7,10,2022-05-30T11:54:12.000Z
"5/30/2022, 6:57:12 AM",3.661,82.6,92.7,10,2022-05-30T11:57:12.000Z
"5/30/2022, 7:00:12 AM",3.66,82.8,92.8,10,2022-05-30T12:00:12.000Z
"5/30/2022, 7:03:12 AM",3.661,82.9,92.7,10,2022-05-30T12:03:12.000Z
"5/30/2022, 7:06:12 AM",3.66,83.1,92.7,10,2022-05-30T12:06:12.000Z
"5/30/2022, 7:09:12 AM",3.661,83.5,92.8,11,2022-05-30T12:09:12.000Z
"5/30/2022, 7:12:12 AM",3.66,83.7,92.8,11,2022-05-30T12:12:12.000Z
"5/30/2022, 7:15:12 AM",3.66,83.8,92.8,11,2022-05-30T12:15:12.000Z
"5/30/2022, 7:18:12 AM",3.66,84,92.8,12,2022-05-30T12:18:12.000Z
"5/30/2022, 7:21:12 AM",3.66,84.2,92.8,12,2022-05-30T12:21:12.000Z
"5/30/2022, 7:24:12 AM",3.66,84.4,92.8,12,2022-05-30T12:24:12.000Z
"5/30/2022, 7:27:12 AM",3.66,84.6,92.9,12,2022-05-30T12:27:12.000Z
"5/30/2022, 7:30:12 AM",3.66,84.7,92.8,13,2022-05-30T12:30:12.000Z
"5/30/2022, 7:33:12 AM",3.66,84.9,92.9,13,2022-05-30T12:33:12.000Z
"5/30/2022, 7:36:12 AM",3.66,85.1,92.9,13,2022-05-30T12:36:12.000Z
"5/30/2022, 7:39:12 AM",3.66,85.5,92.9,13,2022-05-30T12:39:12.000Z
"5/30/2022, 7:42:12 AM",3.66,85.6,93,14,2022-05-30T12:42:12.000Z
"5/30/2022, 7:45:12 AM",3.66,85.6,92.9,14,2022-05-30T12:45:12.000Z
"5/30/2022, 7:48:12 AM",3.66,85.8,93,14,2022-05-30T12:48:12.000Z
"5/30/2022, 7:51:12 AM",3.66,86,93.1,14,2022-05-30T12:51:12.000Z
"5/30/2022, 7:54:12 AM",3.66,86.4,93,14,2022-05-30T12:54:12.000Z
"5/30/2022, 7:57:12 AM",3.66,86.4,93.1,14,2022-05-30T12:57:12.000Z
"5/30/2022, 8:00:12 AM",3.66,86.5,93.1,15,2022-05-30T13:00:12.000Z
"5/30/2022, 8:03:12 AM",3.66,86.7,93.1,15,2022-05-30T13:03:12.000Z
"5/30/2022, 8:06:12 AM",3.66,86.9,93.1,17,2022-05-30T13:06:12.000Z
"5/30/2022, 8:09:12 AM",3.659,87.1,93.1,17,2022-05-30T13:09:12.000Z
"5/30/2022, 8:12:12 AM",3.659,87.3,93.2,18,2022-05-30T13:12:12.000Z
"5/30/2022, 8:15:12 AM",3.66,87.4,93.2,18,2022-05-30T13:15:12.000Z
"5/30/2022, 8:18:12 AM",3.66,87.6,93.2,17,2022-05-30T13:18:12.000Z
"5/30/2022, 8:21:12 AM",3.66,87.8,93.2,18,2022-05-30T13:21:12.000Z
"5/30/2022, 8:24:12 AM",3.659,87.8,93.2,19,2022-05-30T13:24:12.000Z
"5/30/2022, 8:27:12 AM",3.66,88,93.3,18,2022-05-30T13:27:12.000Z
"5/30/2022, 8:30:12 AM",3.659,88,93.3,18,2022-05-30T13:30:12.000Z
"5/30/2022, 8:33:12 AM",3.66,88.2,93.3,19,2022-05-30T13:33:12.000Z
"5/30/2022, 8:36:12 AM",3.66,88.2,93.3,19,2022-05-30T13:36:12.000Z
"5/30/2022, 8:39:12 AM",3.66,88.2,93.3,18,2022-05-30T13:39:12.000Z
"5/30/2022, 8:42:12 AM",3.66,88.2,93.4,19,2022-05-30T13:42:12.000Z
"5/30/2022, 8:45:12 AM",3.66,88.2,93.4,18,2022-05-30T13:45:12.000Z
"5/30/2022, 8:48:12 AM",3.66,88.3,93.5,19,2022-05-30T13:48:12.000Z
"5/30/2022, 8:51:12 AM",3.66,88.3,93.5,18,2022-05-30T13:51:12.000Z
"5/30/2022, 8:54:12 AM",3.659,88.5,93.5,19,2022-05-30T13:54:12.000Z
"5/30/2022, 8:57:12 AM",3.66,88.5,93.5,19,2022-05-30T13:57:12.000Z
"5/30/2022, 9:00:12 AM",3.66,88.5,93.5,19,2022-05-30T14:00:12.000Z
"5/30/2022, 9:03:12 AM",3.66,88.5,93.6,19,2022-05-30T14:03:12.000Z
"5/30/2022, 9:06:12 AM",3.66,88.7,93.6,19,2022-05-30T14:06:12.000Z
"5/30/2022, 9:09:12 AM",3.66,88.7,93.6,19,2022-05-30T14:09:12.000Z
"5/30/2022, 9:12:12 AM",3.66,88.7,93.6,19,2022-05-30T14:12:12.000Z
"5/30/2022, 9:15:12 AM",3.66,88.9,93.6,19,2022-05-30T14:15:12.000Z
"5/30/2022, 9:18:12 AM",3.659,88.9,93.7,19,2022-05-30T14:18:12.000Z
"5/30/2022, 9:21:12 AM",3.66,88.9,93.7,19,2022-05-30T14:21:12.000Z
"5/30/2022, 9:24:12 AM",3.66,89.1,93.6,19,2022-05-30T14:24:12.000Z
"5/30/2022, 9:27:12 AM",3.66,89.2,93.7,20,2022-05-30T14:27:12.000Z
"5/30/2022, 9:30:12 AM",3.66,89.4,93.7,19,2022-05-30T14:30:12.000Z
"5/30/2022, 9:33:12 AM",3.659,89.6,93.8,19,2022-05-30T14:33:12.000Z
"5/30/2022, 9:36:12 AM",3.66,89.6,93.8,19,2022-05-30T14:36:12.000Z
"5/30/2022, 9:39:12 AM",3.66,89.8,93.8,19,2022-05-30T14:39:12.000Z
"5/30/2022, 9:42:12 AM",3.66,89.8,93.9,20,2022-05-30T14:42:12.000Z
"5/30/2022, 9:45:12 AM",3.66,90,93.9,20,2022-05-30T14:45:12.000Z
"5/30/2022, 9:48:12 AM",3.66,90.1,93.9,21,2022-05-30T14:48:12.000Z
"5/30/2022, 9:51:12 AM",3.659,90.1,93.9,19,2022-05-30T14:51:12.000Z
"5/30/2022, 9:54:12 AM",3.659,90.3,93.9,19,2022-05-30T14:54:12.000Z
"5/30/2022, 9:57:12 AM",3.66,90.3,94,18,2022-05-30T14:57:12.000Z
"5/30/2022, 10:00:12 AM",3.66,90.5,94,18,2022-05-30T15:00:12.000Z
"5/30/2022, 10:03:12 AM",3.659,90.5,94,17,2022-05-30T15:03:12.000Z
"5/30/2022, 10:06:12 AM",3.66,90.7,94,18,2022-05-30T15:06:12.000Z
"5/30/2022, 10:09:12 AM",3.659,90.7,94,18,2022-05-30T15:09:12.000Z
"5/30/2022, 10:12:12 AM",3.659,90.9,94.1,17,2022-05-30T15:12:12.000Z
"5/30/2022, 10:15:12 AM",3.659,91,94,17,2022-05-30T15:15:12.000Z
"5/30/2022, 10:18:12 AM",3.659,91.2,94,18,2022-05-30T15:18:12.000Z
"5/30/2022, 10:21:12 AM",3.659,91.4,94.1,17,2022-05-30T15:21:12.000Z
"5/30/2022, 10:24:12 AM",3.659,91.6,94.1,17,2022-05-30T15:24:12.000Z
"5/30/2022, 10:27:12 AM",3.66,91.8,94,16,2022-05-30T15:27:12.000Z
"5/30/2022, 10:30:12 AM",3.659,91.9,94,16,2022-05-30T15:30:12.000Z
"5/30/2022, 10:33:12 AM",3.659,92.1,94,16,2022-05-30T15:33:12.000Z
"5/30/2022, 10:36:12 AM",3.66,92.3,94.1,15,2022-05-30T15:36:12.000Z
"5/30/2022, 10:39:12 AM",3.659,92.5,94,15,2022-05-30T15:39:12.000Z
"5/30/2022, 10:42:12 AM",3.659,92.7,94,15,2022-05-30T15:42:12.000Z
"5/30/2022, 10:45:12 AM",3.659,92.8,94,15,2022-05-30T15:45:12.000Z
"5/30/2022, 10:48:12 AM",3.659,93,94,15,2022-05-30T15:48:12.000Z
"5/30/2022, 10:51:12 AM",3.659,93,93.9,14,2022-05-30T15:51:12.000Z
"5/30/2022, 10:54:12 AM",3.659,93.2,93.9,14,2022-05-30T15:54:12.000Z
"5/30/2022, 10:57:12 AM",3.658,93.4,93.8,14,2022-05-30T15:57:12.000Z
"5/30/2022, 11:00:12 AM",3.659,93.6,93.7,12,2022-05-30T16:00:12.000Z
"5/30/2022, 11:03:12 AM",3.659,93.6,93.7,12,2022-05-30T16:03:12.000Z
"5/30/2022, 11:06:12 AM",3.659,93.7,93.6,14,2022-05-30T16:06:12.000Z
"5/30/2022, 11:09:12 AM",3.659,93.7,93.5,14,2022-05-30T16:09:12.000Z
"5/30/2022, 11:12:12 AM",3.658,93.9,93.4,12,2022-05-30T16:12:12.000Z
"5/30/2022, 11:15:12 AM",3.659,93.9,93.3,12,2022-05-30T16:15:12.000Z
"5/30/2022, 11:18:12 AM",3.659,94.1,93.2,13,2022-05-30T16:18:12.000Z
"5/30/2022, 11:21:12 AM",3.658,94.1,93.1,13,2022-05-30T16:21:12.000Z
"5/30/2022, 11:24:12 AM",3.659,94.3,93,13,2022-05-30T16:24:12.000Z
"5/30/2022, 11:27:12 AM",3.659,94.3,92.9,11,2022-05-30T16:27:12.000Z
"5/30/2022, 11:30:12 AM",3.659,94.5,92.8,11,2022-05-30T16:30:12.000Z
"5/30/2022, 11:33:12 AM",3.659,94.5,92.6,13,2022-05-30T16:33:12.000Z
"5/30/2022, 11:36:12 AM",3.659,94.5,92.6,13,2022-05-30T16:36:12.000Z
"5/30/2022, 11:39:12 AM",3.659,94.5,92.5,13,2022-05-30T16:39:12.000Z
"5/30/2022, 11:42:12 AM",3.659,94.6,92.4,11,2022-05-30T16:42:12.000Z
"5/30/2022, 11:45:12 AM",3.659,94.6,92.2,11,2022-05-30T16:45:12.000Z
"5/30/2022, 11:48:12 AM",3.658,94.6,92.1,11,2022-05-30T16:48:12.000Z
"5/30/2022, 11:51:12 AM",3.659,94.6,92,10,2022-05-30T16:51:12.000Z
"5/30/2022, 11:54:12 AM",3.659,94.6,91.9,11,2022-05-30T16:54:12.000Z
"5/30/2022, 11:57:12 AM",3.659,94.6,91.8,11,2022-05-30T16:57:12.000Z
"5/30/2022, 12:00:12 PM",3.659,94.8,91.7,10,2022-05-30T17:00:12.000Z
"5/30/2022, 12:03:12 PM",3.659,94.8,91.6,9,2022-05-30T17:03:12.000Z
"5/30/2022, 12:06:12 PM",3.659,95,91.4,10,2022-05-30T17:06:12.000Z
"5/30/2022, 12:09:12 PM",3.659,95,91.3,10,2022-05-30T17:09:12.000Z
"5/30/2022, 12:12:12 PM",3.659,95,91.2,9,2022-05-30T17:12:12.000Z
"5/30/2022, 12:15:12 PM",3.659,95,91.1,10,2022-05-30T17:15:12.000Z
"5/30/2022, 12:18:12 PM",3.658,95,90.9,10,2022-05-30T17:18:12.000Z
"5/30/2022, 12:21:12 PM",3.659,95.2,90.8,11,2022-05-30T17:21:12.000Z
"5/30/2022, 12:24:12 PM",3.659,95.4,90.7,10,2022-05-30T17:24:12.000Z
"5/30/2022, 12:27:12 PM",3.659,95.5,90.6,9,2022-05-30T17:27:12.000Z
"5/30/2022, 12:30:12 PM",3.658,95.7,90.5,10,2022-05-30T17:30:12.000Z
"5/30/2022, 12:33:12 PM",3.658,95.9,90.4,10,2022-05-30T17:33:12.000Z
"5/30/2022, 12:36:12 PM",3.659,96.3,90.3,8,2022-05-30T17:36:12.000Z
"5/30/2022, 12:39:12 PM",3.658,96.3,90.2,9,2022-05-30T17:39:12.000Z
"5/30/2022, 12:42:12 PM",3.659,96.4,90,9,2022-05-30T17:42:12.000Z
"5/30/2022, 12:45:12 PM",3.659,96.6,89.9,8,2022-05-30T17:45:12.000Z
"5/30/2022, 12:48:12 PM",3.658,96.6,89.7,8,2022-05-30T17:48:12.000Z
"5/30/2022, 12:51:12 PM",3.658,96.8,89.6,9,2022-05-30T17:51:12.000Z
"5/30/2022, 12:54:12 PM",3.658,96.8,89.4,9,2022-05-30T17:54:12.000Z
"5/30/2022, 12:57:12 PM",3.658,97,89.3,9,2022-05-30T17:57:12.000Z
"5/30/2022, 1:00:12 PM",3.658,97,89.1,9,2022-05-30T18:00:12.000Z
"5/30/2022, 1:03:12 PM",3.658,97,89,9,2022-05-30T18:03:12.000Z
"5/30/2022, 1:06:12 PM",3.658,97.2,88.8,9,2022-05-30T18:06:12.000Z
"5/30/2022, 1:09:12 PM",3.658,97.3,88.7,8,2022-05-30T18:09:12.000Z
"5/30/2022, 1:12:12 PM",3.658,97.3,88.6,8,2022-05-30T18:12:12.000Z
"5/30/2022, 1:15:12 PM",3.658,97.5,88.4,8,2022-05-30T18:15:12.000Z
"5/30/2022, 1:18:12 PM",3.658,97.7,88.3,8,2022-05-30T18:18:12.000Z
"5/30/2022, 1:21:12 PM",3.658,97.7,88.1,7,2022-05-30T18:21:12.000Z
"5/30/2022, 1:24:12 PM",3.658,97.9,88,7,2022-05-30T18:24:12.000Z
"5/30/2022, 1:27:12 PM",3.658,97.9,87.8,7,2022-05-30T18:27:12.000Z
"5/30/2022, 1:30:12 PM",3.658,98.1,87.7,7,2022-05-30T18:30:12.000Z
"5/30/2022, 1:33:12 PM",3.658,98.2,87.5,7,2022-05-30T18:33:12.000Z
"5/30/2022, 1:36:12 PM",3.658,98.2,87.3,7,2022-05-30T18:36:12.000Z
"5/30/2022, 1:39:12 PM",3.658,98.4,87.1,7,2022-05-30T18:39:12.000Z
"5/30/2022, 1:42:12 PM",3.658,98.4,87,7,2022-05-30T18:42:12.000Z
"5/30/2022, 1:45:12 PM",3.658,98.4,86.8,7,2022-05-30T18:45:12.000Z
"5/30/2022, 1:48:12 PM",3.658,98.4,86.6,7,2022-05-30T18:48:12.000Z
"5/30/2022, 1:51:12 PM",3.658,98.4,86.4,7,2022-05-30T18:51:12.000Z
"5/30/2022, 1:54:12 PM",3.658,98.2,86.3,7,2022-05-30T18:54:12.000Z
"5/30/2022, 1:57:12 PM",3.658,98.2,86.1,8,2022-05-30T18:57:12.000Z
"5/30/2022, 2:00:12 PM",3.658,98.2,85.9,7,2022-05-30T19:00:12.000Z
"5/30/2022, 2:03:12 PM",3.658,98.2,85.7,7,2022-05-30T19:03:12.000Z
"5/30/2022, 2:06:12 PM",3.658,98.2,85.6,7,2022-05-30T19:06:12.000Z
"5/30/2022, 2:09:12 PM",3.658,98.1,85.5,8,2022-05-30T19:09:12.000Z
"5/30/2022, 2:12:12 PM",3.658,98.1,85.3,8,2022-05-30T19:12:12.000Z
"5/30/2022, 2:15:12 PM",3.658,98.1,85.2,8,2022-05-30T19:15:12.000Z
"5/30/2022, 2:18:12 PM",3.658,98.1,85,8,2022-05-30T19:18:12.000Z
"5/30/2022, 2:21:12 PM",3.659,97.9,84.9,8,2022-05-30T19:21:12.000Z
"5/30/2022, 2:24:12 PM",3.658,97.9,84.8,9,2022-05-30T19:24:12.000Z
"5/30/2022, 2:27:12 PM",3.659,97.9,84.7,8,2022-05-30T19:27:12.000Z
"5/30/2022, 2:30:12 PM",3.659,98.1,84.5,8,2022-05-30T19:30:12.000Z
"5/30/2022, 2:33:12 PM",3.658,98.1,84.4,7,2022-05-30T19:33:12.000Z
"5/30/2022, 2:36:12 PM",3.658,98.2,84.2,6,2022-05-30T19:36:12.000Z
"5/30/2022, 2:39:12 PM",3.659,98.2,84,6,2022-05-30T19:39:12.000Z
"5/30/2022, 2:42:12 PM",3.658,98.4,83.9,6,2022-05-30T19:42:12.000Z
"5/30/2022, 2:45:12 PM",3.658,98.6,83.7,6,2022-05-30T19:45:12.000Z
"5/30/2022, 2:48:12 PM",3.658,98.8,83.4,6,2022-05-30T19:48:12.000Z
"5/30/2022, 2:51:12 PM",3.658,99,83.3,7,2022-05-30T19:51:12.000Z
"5/30/2022, 2:54:12 PM",3.658,99.1,83.1,7,2022-05-30T19:54:12.000Z
"5/30/2022, 2:57:12 PM",3.658,99.1,82.9,7,2022-05-30T19:57:12.000Z
"5/30/2022, 3:00:12 PM",3.658,99.1,82.8,7,2022-05-30T20:00:12.000Z
"5/30/2022, 3:03:12 PM",3.658,99.1,82.6,6,2022-05-30T20:03:12.000Z
"5/30/2022, 3:06:12 PM",3.658,99.3,82.4,7,2022-05-30T20:06:12.000Z
"5/30/2022, 3:09:12 PM",3.658,99.3,82.2,7,2022-05-30T20:09:12.000Z
"5/30/2022, 3:12:12 PM",3.658,99.3,82.1,7,2022-05-30T20:12:12.000Z
"5/30/2022, 3:15:12 PM",3.658,99.3,81.9,7,2022-05-30T20:15:12.000Z
"5/30/2022, 3:18:12 PM",3.658,99.3,81.8,8,2022-05-30T20:18:12.000Z
"5/30/2022, 3:21:12 PM",3.658,99.5,81.7,8,2022-05-30T20:21:12.000Z
"5/30/2022, 3:24:12 PM",3.658,99.7,81.5,7,2022-05-30T20:24:12.000Z
"5/30/2022, 3:27:12 PM",3.658,99.7,81.3,6,2022-05-30T20:27:12.000Z
"5/30/2022, 3:30:12 PM",3.658,99.9,81.1,7,2022-05-30T20:30:12.000Z
"5/30/2022, 3:33:12 PM",3.658,100,81,7,2022-05-30T20:33:12.000Z
"5/30/2022, 3:36:12 PM",3.658,100,80.8,6,2022-05-30T20:36:12.000Z
"5/30/2022, 3:39:12 PM",3.658,100,80.7,6,2022-05-30T20:39:12.000Z
"5/30/2022, 3:42:12 PM",3.658,100,80.4,6,2022-05-30T20:42:12.000Z
"5/30/2022, 3:45:12 PM",3.658,100,80.3,6,2022-05-30T20:45:12.000Z
"5/30/2022, 3:48:12 PM",3.658,100.2,80.1,6,2022-05-30T20:48:12.000Z
"5/30/2022, 3:51:12 PM",3.658,100.2,79.8,6,2022-05-30T20:51:12.000Z
"5/30/2022, 3:54:12 PM",3.658,100.4,79.6,6,2022-05-30T20:54:12.000Z
"5/30/2022, 3:57:12 PM",3.658,100.4,79.4,6,2022-05-30T20:57:12.000Z
"5/30/2022, 4:00:12 PM",3.658,100.4,79.2,6,2022-05-30T21:00:12.000Z
"5/30/2022, 4:03:12 PM",3.658,100.6,79,5,2022-05-30T21:03:12.000Z
"5/30/2022, 4:06:12 PM",3.658,100.6,78.8,5,2022-05-30T21:06:12.000Z
"5/30/2022, 4:09:12 PM",3.658,100.8,78.6,6,2022-05-30T21:09:12.000Z
"5/30/2022, 4:12:12 PM",3.658,100.8,78.4,6,2022-05-30T21:12:12.000Z
"5/30/2022, 4:15:12 PM",3.658,100.6,78.1,5,2022-05-30T21:15:12.000Z
"5/30/2022, 4:18:12 PM",3.658,100.6,78,5,2022-05-30T21:18:12.000Z
"5/30/2022, 4:21:12 PM",3.658,100.4,77.7,5,2022-05-30T21:21:12.000Z
"5/30/2022, 4:24:12 PM",3.658,100.4,77.5,6,2022-05-30T21:24:12.000Z
"5/30/2022, 4:27:12 PM",3.658,100.4,77.3,6,2022-05-30T21:27:12.000Z
"5/30/2022, 4:30:12 PM",3.658,100.4,77.2,6,2022-05-30T21:30:12.000Z
"5/30/2022, 4:33:12 PM",3.658,100.4,76.9,6,2022-05-30T21:33:12.000Z
"5/30/2022, 4:36:12 PM",3.658,100.4,76.7,6,2022-05-30T21:36:12.000Z
"5/30/2022, 4:39:12 PM",3.658,100.4,76.5,7,2022-05-30T21:39:12.000Z
"5/30/2022, 4:42:12 PM",3.658,100.4,76.3,6,2022-05-30T21:42:12.000Z
"5/30/2022, 4:45:12 PM",3.658,100.4,76.1,6,2022-05-30T21:45:12.000Z
"5/30/2022, 4:48:12 PM",3.658,100.6,75.9,6,2022-05-30T21:48:12.000Z
"5/30/2022, 4:51:12 PM",3.658,100.6,75.7,6,2022-05-30T21:51:12.000Z
"5/30/2022, 4:54:12 PM",3.658,100.6,75.6,6,2022-05-30T21:54:12.000Z
"5/30/2022, 4:57:12 PM",3.659,100.4,75.5,6,2022-05-30T21:57:12.000Z
"5/30/2022, 5:00:12 PM",3.658,100.4,75.3,6,2022-05-30T22:00:12.000Z
"5/30/2022, 5:03:12 PM",3.658,100.4,75.1,7,2022-05-30T22:03:12.000Z
"5/30/2022, 5:06:12 PM",3.658,100.2,74.9,7,2022-05-30T22:06:12.000Z
"5/30/2022, 5:09:12 PM",3.658,100,74.7,8,2022-05-30T22:09:12.000Z
"5/30/2022, 5:12:12 PM",3.659,99.9,74.6,8,2022-05-30T22:12:12.000Z
"5/30/2022, 5:15:12 PM",3.658,99.5,74.4,7,2022-05-30T22:15:12.000Z
"5/30/2022, 5:18:12 PM",3.659,99.3,74.2,7,2022-05-30T22:18:12.000Z
"5/30/2022, 5:21:12 PM",3.659,99.3,74.1,7,2022-05-30T22:21:12.000Z
"5/30/2022, 5:24:12 PM",3.659,99.1,74,7,2022-05-30T22:24:12.000Z
"5/30/2022, 5:27:12 PM",3.659,99,73.9,7,2022-05-30T22:27:12.000Z
"5/30/2022, 5:30:12 PM",3.659,98.8,73.8,7,2022-05-30T22:30:12.000Z
"5/30/2022, 5:33:12 PM",3.659,98.8,73.7,7,2022-05-30T22:33:12.000Z
"5/30/2022, 5:36:12 PM",3.659,98.8,73.7,8,2022-05-30T22:36:12.000Z
"5/30/2022, 5:39:12 PM",3.659,98.6,73.6,9,2022-05-30T22:39:12.000Z
"5/30/2022, 5:42:12 PM",3.659,98.4,73.6,8,2022-05-30T22:42:12.000Z
"5/30/2022, 5:45:12 PM",3.659,98.2,73.5,8,2022-05-30T22:45:12.000Z
"5/30/2022, 5:48:12 PM",3.659,98.1,73.5,8,2022-05-30T22:48:12.000Z
"5/30/2022, 5:51:12 PM",3.659,98.1,73.5,7,2022-05-30T22:51:12.000Z
"5/30/2022, 5:54:12 PM",3.659,97.9,73.4,7,2022-05-30T22:54:12.000Z
"5/30/2022, 5:57:12 PM",3.66,97.7,73.4,7,2022-05-30T22:57:12.000Z
"5/30/2022, 6:00:12 PM",3.66,97.5,73.4,7,2022-05-30T23:00:12.000Z
"5/30/2022, 6:03:12 PM",3.659,97.3,73.4,7,2022-05-30T23:03:12.000Z
"5/30/2022, 6:06:12 PM",3.659,97.2,73.4,6,2022-05-30T23:06:12.000Z
"5/30/2022, 6:09:12 PM",3.66,97,73.4,6,2022-05-30T23:09:12.000Z
"5/30/2022, 6:12:12 PM",3.66,96.8,73.3,6,2022-05-30T23:12:12.000Z
"5/30/2022, 6:15:12 PM",3.66,96.6,73.3,5,2022-05-30T23:15:12.000Z
"5/30/2022, 6:18:12 PM",3.66,96.4,73.2,5,2022-05-30T23:18:12.000Z
"5/30/2022, 6:21:12 PM",3.66,96.3,73.2,5,2022-05-30T23:21:12.000Z
"5/30/2022, 6:24:12 PM",3.66,96.1,73.1,5,2022-05-30T23:24:12.000Z
"5/30/2022, 6:27:12 PM",3.66,95.9,73,5,2022-05-30T23:27:12.000Z
"5/30/2022, 6:30:12 PM",3.66,95.7,72.9,5,2022-05-30T23:30:12.000Z
"5/30/2022, 6:33:12 PM",3.66,95.5,72.9,6,2022-05-30T23:33:12.000Z
"5/30/2022, 6:36:12 PM",3.66,95.4,72.8,7,2022-05-30T23:36:12.000Z
"5/30/2022, 6:39:12 PM",3.66,95.2,72.8,7,2022-05-30T23:39:12.000Z
"5/30/2022, 6:42:12 PM",3.66,94.8,72.7,7,2022-05-30T23:42:12.000Z
"5/30/2022, 6:45:12 PM",3.66,94.6,72.7,7,2022-05-30T23:45:12.000Z
"5/30/2022, 6:48:12 PM",3.661,94.5,72.6,7,2022-05-30T23:48:12.000Z
"5/30/2022, 6:51:12 PM",3.661,94.3,72.6,8,2022-05-30T23:51:12.000Z
"5/30/2022, 6:54:12 PM",3.66,93.9,72.6,7,2022-05-30T23:54:12.000Z
"5/30/2022, 6:57:12 PM",3.661,93.7,72.6,8,2022-05-30T23:57:12.000Z
"5/30/2022, 7:00:12 PM",3.661,93.6,72.6,8,2022-05-31T00:00:12.000Z
"5/30/2022, 7:03:12 PM",3.661,93.2,72.6,8,2022-05-31T00:03:12.000Z
"5/30/2022, 7:06:12 PM",3.661,93,72.6,9,2022-05-31T00:06:12.000Z
"5/30/2022, 7:09:12 PM",3.661,92.8,72.6,11,2022-05-31T00:09:12.000Z
"5/30/2022, 7:12:12 PM",3.661,92.7,72.6,10,2022-05-31T00:12:12.000Z
"5/30/2022, 7:15:12 PM",3.661,92.3,72.8,11,2022-05-31T00:15:12.000Z
"5/30/2022, 7:18:12 PM",3.661,92.1,72.8,11,2022-05-31T00:18:12.000Z
"5/30/2022, 7:21:12 PM",3.661,91.9,72.9,11,2022-05-31T00:21:12.000Z
"5/30/2022, 7:24:12 PM",3.661,91.8,73,9,2022-05-31T00:24:12.000Z
"5/30/2022, 7:27:12 PM",3.661,91.4,73.1,11,2022-05-31T00:27:12.000Z
"5/30/2022, 7:30:12 PM",3.661,91.2,73.1,11,2022-05-31T00:30:12.000Z
"5/30/2022, 7:33:12 PM",3.661,91,73.2,11,2022-05-31T00:33:12.000Z
"5/30/2022, 7:36:12 PM",3.662,90.9,73.3,11,2022-05-31T00:36:12.000Z
"5/30/2022, 7:39:12 PM",3.662,90.5,73.4,12,2022-05-31T00:39:12.000Z
"5/30/2022, 7:42:12 PM",3.662,90.3,73.4,12,2022-05-31T00:42:12.000Z
"5/30/2022, 7:45:12 PM",3.662,90.1,73.6,11,2022-05-31T00:45:12.000Z
"5/30/2022, 7:48:12 PM",3.662,90,73.7,13,2022-05-31T00:48:12.000Z
"5/30/2022, 7:51:12 PM",3.662,89.6,73.8,13,2022-05-31T00:51:12.000Z
"5/30/2022, 7:54:12 PM",3.662,89.4,73.9,12,2022-05-31T00:54:12.000Z
"5/30/2022, 7:57:12 PM",3.662,89.2,74,12,2022-05-31T00:57:12.000Z
"5/30/2022, 8:00:12 PM",3.662,88.9,74.1,12,2022-05-31T01:00:12.000Z
"5/30/2022, 8:03:12 PM",3.662,88.9,74.2,13,2022-05-31T01:03:12.000Z
"5/30/2022, 8:06:12 PM",3.662,88.7,74.3,13,2022-05-31T01:06:12.000Z
"5/30/2022, 8:09:12 PM",3.663,88.5,74.4,13,2022-05-31T01:09:12.000Z
"5/30/2022, 8:12:12 PM",3.663,88.2,74.6,12,2022-05-31T01:12:12.000Z
"5/30/2022, 8:15:12 PM",3.663,88,74.7,13,2022-05-31T01:15:12.000Z
"5/30/2022, 8:18:12 PM",3.662,87.8,74.8,12,2022-05-31T01:18:12.000Z
"5/30/2022, 8:21:12 PM",3.663,87.6,74.9,12,2022-05-31T01:21:12.000Z
"5/30/2022, 8:24:12 PM",3.663,87.4,75,12,2022-05-31T01:24:12.000Z
"5/30/2022, 8:27:12 PM",3.663,87.3,75.1,12,2022-05-31T01:27:12.000Z
"5/30/2022, 8:30:12 PM",3.663,87.1,75.2,11,2022-05-31T01:30:12.000Z
"5/30/2022, 8:33:12 PM",3.662,86.9,75.3,12,2022-05-31T01:33:12.000Z
"5/30/2022, 8:36:12 PM",3.663,86.7,75.4,11,2022-05-31T01:36:12.000Z
"5/30/2022, 8:39:12 PM",3.662,86.5,75.5,11,2022-05-31T01:39:12.000Z
"5/30/2022, 8:42:12 PM",3.663,86.4,75.6,11,2022-05-31T01:42:12.000Z
"5/30/2022, 8:45:12 PM",3.663,86.2,75.6,11,2022-05-31T01:45:12.000Z
"5/30/2022, 8:48:12 PM",3.663,86.2,75.8,11,2022-05-31T01:48:12.000Z
"5/30/2022, 8:51:12 PM",3.663,86,75.8,10,2022-05-31T01:51:12.000Z
"5/30/2022, 8:54:12 PM",3.663,85.8,75.9,10,2022-05-31T01:54:12.000Z
"5/30/2022, 8:57:12 PM",3.663,85.6,76,10,2022-05-31T01:57:12.000Z
"5/30/2022, 9:00:12 PM",3.663,85.6,76.1,10,2022-05-31T02:00:12.000Z
"5/30/2022, 9:03:12 PM",3.663,85.5,76.1,10,2022-05-31T02:03:12.000Z
"5/30/2022, 9:06:12 PM",3.663,85.5,76.2,10,2022-05-31T02:06:12.000Z
"5/30/2022, 9:09:12 PM",3.662,85.3,76.3,10,2022-05-31T02:09:12.000Z
"5/30/2022, 9:12:12 PM",3.663,85.1,76.3,10,2022-05-31T02:12:12.000Z
"5/30/2022, 9:15:12 PM",3.663,85.1,76.4,9,2022-05-31T02:15:12.000Z
"5/30/2022, 9:18:12 PM",3.663,84.9,76.5,10,2022-05-31T02:18:12.000Z
"5/30/2022, 9:21:12 PM",3.663,84.9,76.6,9,2022-05-31T02:21:12.000Z
"5/30/2022, 9:24:12 PM",3.663,84.7,76.6,9,2022-05-31T02:24:12.000Z
"5/30/2022, 9:27:12 PM",3.663,84.6,76.7,9,2022-05-31T02:27:12.000Z
"5/30/2022, 9:30:12 PM",3.663,84.6,76.8,9,2022-05-31T02:30:12.000Z
"5/30/2022, 9:33:12 PM",3.663,84.6,76.8,9,2022-05-31T02:33:12.000Z
"5/30/2022, 9:36:12 PM",3.663,84.4,76.8,9,2022-05-31T02:36:12.000Z
"5/30/2022, 9:39:12 PM",3.663,84.4,76.9,10,2022-05-31T02:39:12.000Z
"5/30/2022, 9:42:12 PM",3.663,84.2,77,10,2022-05-31T02:42:12.000Z
"5/30/2022, 9:45:12 PM",3.663,84.2,77,10,2022-05-31T02:45:12.000Z
"5/30/2022, 9:48:12 PM",3.663,84,77.1,10,2022-05-31T02:48:12.000Z
"5/30/2022, 9:51:12 PM",3.662,84,77.2,9,2022-05-31T02:51:12.000Z
"5/30/2022, 9:54:12 PM",3.663,84,77.3,10,2022-05-31T02:54:12.000Z
"5/30/2022, 9:57:12 PM",3.663,83.8,77.3,9,2022-05-31T02:57:12.000Z
"5/30/2022, 10:00:12 PM",3.663,83.8,77.4,9,2022-05-31T03:00:12.000Z
"5/30/2022, 10:03:12 PM",3.663,83.7,77.4,9,2022-05-31T03:03:12.000Z
"5/30/2022, 10:06:12 PM",3.663,83.7,77.5,9,2022-05-31T03:06:12.000Z
"5/30/2022, 10:09:12 PM",3.663,83.5,77.6,9,2022-05-31T03:09:12.000Z
"5/30/2022, 10:12:12 PM",3.663,83.5,77.6,9,2022-05-31T03:12:12.000Z
"5/30/2022, 10:15:12 PM",3.663,83.5,77.7,9,2022-05-31T03:15:12.000Z
"5/30/2022, 10:18:12 PM",3.663,83.3,77.8,9,2022-05-31T03:18:12.000Z
"5/30/2022, 10:21:12 PM",3.663,83.3,77.8,9,2022-05-31T03:21:12.000Z
"5/30/2022, 10:24:12 PM",3.663,83.1,77.9,9,2022-05-31T03:24:12.000Z
"5/30/2022, 10:27:12 PM",3.663,83.1,78,9,2022-05-31T03:27:12.000Z
"5/30/2022, 10:30:12 PM",3.663,83.1,78.1,9,2022-05-31T03:30:12.000Z
"5/30/2022, 10:33:12 PM",3.663,83.1,78.1,9,2022-05-31T03:33:12.000Z
"5/30/2022, 10:36:12 PM",3.663,82.9,78.2,9,2022-05-31T03:36:12.000Z
"5/30/2022, 10:39:12 PM",3.663,82.9,78.2,9,2022-05-31T03:39:12.000Z
"5/30/2022, 10:42:12 PM",3.663,82.9,78.3,9,2022-05-31T03:42:12.000Z
"5/30/2022, 10:45:12 PM",3.663,82.9,78.4,9,2022-05-31T03:45:12.000Z
"5/30/2022, 10:48:12 PM",3.664,82.9,78.4,8,2022-05-31T03:48:12.000Z
"5/30/2022, 10:51:12 PM",3.663,82.8,78.4,9,2022-05-31T03:51:12.000Z
"5/30/2022, 10:54:12 PM",3.663,82.8,78.5,9,2022-05-31T03:54:12.000Z
"5/30/2022, 10:57:12 PM",3.663,82.8,78.6,9,2022-05-31T03:57:12.000Z
"5/30/2022, 11:00:12 PM",3.663,82.8,78.6,9,2022-05-31T04:00:12.000Z
"5/30/2022, 11:03:12 PM",3.663,82.8,78.7,9,2022-05-31T04:03:12.000Z
"5/30/2022, 11:06:12 PM",3.663,82.6,78.7,9,2022-05-31T04:06:12.000Z
"5/30/2022, 11:09:12 PM",3.663,82.6,78.7,9,2022-05-31T04:09:12.000Z
"5/30/2022, 11:12:12 PM",3.662,82.6,78.8,9,2022-05-31T04:12:12.000Z
"5/30/2022, 11:15:12 PM",3.663,82.6,78.8,9,2022-05-31T04:15:12.000Z
"5/30/2022, 11:18:12 PM",3.663,82.6,78.9,10,2022-05-31T04:18:12.000Z
"5/30/2022, 11:21:12 PM",3.663,82.6,78.9,10,2022-05-31T04:21:12.000Z
"5/30/2022, 11:24:12 PM",3.663,82.4,79,9,2022-05-31T04:24:12.000Z
"5/30/2022, 11:27:12 PM",3.663,82.4,79.1,9,2022-05-31T04:27:12.000Z
"5/30/2022, 11:30:12 PM",3.663,82.4,79.1,9,2022-05-31T04:30:12.000Z
"5/30/2022, 11:33:12 PM",3.663,82.4,79.2,10,2022-05-31T04:33:12.000Z
"5/30/2022, 11:36:12 PM",3.663,82.4,79.2,10,2022-05-31T04:36:12.000Z
"5/30/2022, 11:39:12 PM",3.663,82.4,79.3,9,2022-05-31T04:39:12.000Z
"5/30/2022, 11:42:12 PM",3.663,82.4,79.3,9,2022-05-31T04:42:12.000Z
"5/30/2022, 11:45:12 PM",3.663,82.4,79.3,10,2022-05-31T04:45:12.000Z
"5/30/2022, 11:48:12 PM",3.663,82.2,79.4,10,2022-05-31T04:48:12.000Z
"5/30/2022, 11:51:12 PM",3.663,82.2,79.4,10,2022-05-31T04:51:12.000Z
"5/30/2022, 11:54:12 PM",3.663,82.2,79.5,10,2022-05-31T04:54:12.000Z
"5/30/2022, 11:57:12 PM",3.663,82.2,79.5,10,2022-05-31T04:57:12.000Z
"5/31/2022, 12:00:12 AM",3.663,82.2,79.6,10,2022-05-31T05:00:12.000Z
"5/31/2022, 12:03:12 AM",3.663,82.2,79.6,10,2022-05-31T05:03:12.000Z
"5/31/2022, 12:06:12 AM",3.663,82.2,79.7,10,2022-05-31T05:06:12.000Z
"5/31/2022, 12:09:12 AM",3.663,82,79.7,10,2022-05-31T05:09:12.000Z
"5/31/2022, 12:12:12 AM",3.663,82,79.7,10,2022-05-31T05:12:12.000Z
"5/31/2022, 12:15:12 AM",3.663,82,79.8,10,2022-05-31T05:15:12.000Z
"5/31/2022, 12:18:12 AM",3.663,82,79.8,10,2022-05-31T05:18:12.000Z
"5/31/2022, 12:21:12 AM",3.663,82,79.8,10,2022-05-31T05:21:12.000Z
"5/31/2022, 12:24:12 AM",3.663,81.9,79.9,10,2022-05-31T05:24:12.000Z
"5/31/2022, 12:27:12 AM",3.663,81.9,80,10,2022-05-31T05:27:12.000Z
"5/31/2022, 12:30:12 AM",3.663,81.9,80,10,2022-05-31T05:30:12.000Z
"5/31/2022, 12:33:12 AM",3.663,81.9,80,10,2022-05-31T05:33:12.000Z
"5/31/2022, 12:36:12 AM",3.663,81.9,80.1,10,2022-05-31T05:36:12.000Z
"5/31/2022, 12:39:12 AM",3.663,81.9,80.1,10,2022-05-31T05:39:12.000Z
"5/31/2022, 12:42:12 AM",3.663,81.9,80.1,10,2022-05-31T05:42:12.000Z
"5/31/2022, 12:45:12 AM",3.663,81.7,80.1,10,2022-05-31T05:45:12.000Z
"5/31/2022, 12:48:12 AM",3.663,81.7,80.2,10,2022-05-31T05:48:12.000Z
"5/31/2022, 12:51:12 AM",3.663,81.7,80.2,10,2022-05-31T05:51:12.000Z
"5/31/2022, 12:54:12 AM",3.663,81.7,80.3,10,2022-05-31T05:54:12.000Z
"5/31/2022, 12:57:12 AM",3.663,81.5,80.3,10,2022-05-31T05:57:12.000Z
"5/31/2022, 1:00:12 AM",3.663,81.5,80.3,10,2022-05-31T06:00:12.000Z
"5/31/2022, 1:03:12 AM",3.663,81.5,80.4,10,2022-05-31T06:03:12.000Z
"5/31/2022, 1:06:12 AM",3.663,81.5,80.4,10,2022-05-31T06:06:12.000Z
"5/31/2022, 1:09:12 AM",3.663,81.5,80.5,10,2022-05-31T06:09:12.000Z
"5/31/2022, 1:12:12 AM",3.663,81.3,80.5,10,2022-05-31T06:12:12.000Z
"5/31/2022, 1:15:12 AM",3.663,81.3,80.5,10,2022-05-31T06:15:12.000Z
"5/31/2022, 1:18:12 AM",3.663,81.3,80.5,10,2022-05-31T06:18:12.000Z
"5/31/2022, 1:21:12 AM",3.663,81.3,80.6,10,2022-05-31T06:21:12.000Z
"5/31/2022, 1:24:12 AM",3.663,81.1,80.6,10,2022-05-31T06:24:12.000Z
"5/31/2022, 1:27:12 AM",3.663,81.1,80.7,10,2022-05-31T06:27:12.000Z
"5/31/2022, 1:30:12 AM",3.663,81.1,80.7,10,2022-05-31T06:30:12.000Z
"5/31/2022, 1:33:12 AM",3.663,81.1,80.7,10,2022-05-31T06:33:12.000Z
"5/31/2022, 1:36:12 AM",3.663,81.1,80.7,10,2022-05-31T06:36:12.000Z
"5/31/2022, 1:39:12 AM",3.663,81,80.8,10,2022-05-31T06:39:12.000Z
"5/31/2022, 1:42:12 AM",3.663,81,80.8,10,2022-05-31T06:42:12.000Z
"5/31/2022, 1:45:12 AM",3.663,81,80.8,10,2022-05-31T06:45:12.000Z
"5/31/2022, 1:48:12 AM",3.663,81,80.9,10,2022-05-31T06:48:12.000Z
"5/31/2022, 1:51:12 AM",3.663,81,80.9,10,2022-05-31T06:51:12.000Z
"5/31/2022, 1:54:12 AM",3.663,80.8,81,10,2022-05-31T06:54:12.000Z
"5/31/2022, 1:57:12 AM",3.663,80.8,81,10,2022-05-31T06:57:12.000Z
"5/31/2022, 2:00:12 AM",3.663,80.8,81,10,2022-05-31T07:00:12.000Z
"5/31/2022, 2:03:12 AM",3.663,80.8,81,10,2022-05-31T07:03:12.000Z
"5/31/2022, 2:06:12 AM",3.663,80.8,81.1,10,2022-05-31T07:06:12.000Z
"5/31/2022, 2:09:12 AM",3.663,80.6,81.1,10,2022-05-31T07:09:12.000Z
"5/31/2022, 2:12:12 AM",3.663,80.6,81.1,10,2022-05-31T07:12:12.000Z
"5/31/2022, 2:15:12 AM",3.663,80.6,81.2,9,2022-05-31T07:15:12.000Z
"5/31/2022, 2:18:12 AM",3.663,80.6,81.2,9,2022-05-31T07:18:12.000Z
"5/31/2022, 2:21:12 AM",3.663,80.6,81.2,9,2022-05-31T07:21:12.000Z
"5/31/2022, 2:24:12 AM",3.663,80.6,81.3,9,2022-05-31T07:24:12.000Z
"5/31/2022, 2:27:12 AM",3.663,80.4,81.3,9,2022-05-31T07:27:12.000Z
"5/31/2022, 2:30:12 AM",3.663,80.4,81.3,9,2022-05-31T07:30:12.000Z
"5/31/2022, 2:33:12 AM",3.663,80.4,81.3,9,2022-05-31T07:33:12.000Z
"5/31/2022, 2:36:12 AM",3.663,80.4,81.4,9,2022-05-31T07:36:12.000Z
"5/31/2022, 2:39:12 AM",3.663,80.2,81.4,9,2022-05-31T07:39:12.000Z
"5/31/2022, 2:42:12 AM",3.663,80.2,81.4,9,2022-05-31T07:42:12.000Z
"5/31/2022, 2:45:12 AM",3.663,80.2,81.5,9,2022-05-31T07:45:12.000Z
"5/31/2022, 2:48:12 AM",3.663,80.2,81.5,9,2022-05-31T07:48:12.000Z
"5/31/2022, 2:51:12 AM",3.663,80.2,81.5,9,2022-05-31T07:51:12.000Z
"5/31/2022, 2:54:12 AM",3.663,80.2,81.5,9,2022-05-31T07:54:12.000Z
"5/31/2022, 2:57:12 AM",3.663,80.1,81.5,9,2022-05-31T07:57:12.000Z
"5/31/2022, 3:00:12 AM",3.663,80.1,81.6,9,2022-05-31T08:00:12.000Z
"5/31/2022, 3:03:12 AM",3.664,80.1,81.6,9,2022-05-31T08:03:12.000Z
"5/31/2022, 3:06:12 AM",3.663,80.1,81.6,9,2022-05-31T08:06:12.000Z
"5/31/2022, 3:09:12 AM",3.663,80.1,81.6,9,2022-05-31T08:09:12.000Z
"5/31/2022, 3:12:12 AM",3.663,80.1,81.7,9,2022-05-31T08:12:12.000Z
"5/31/2022, 3:15:12 AM",3.663,79.9,81.7,9,2022-05-31T08:15:12.000Z
"5/31/2022, 3:18:12 AM",3.663,79.9,81.8,9,2022-05-31T08:18:12.000Z
"5/31/2022, 3:21:12 AM",3.663,79.9,81.8,9,2022-05-31T08:21:12.000Z
"5/31/2022, 3:24:12 AM",3.663,79.9,81.8,9,2022-05-31T08:24:12.000Z
"5/31/2022, 3:27:12 AM",3.663,79.7,81.8,9,2022-05-31T08:27:12.000Z
"5/31/2022, 3:30:12 AM",3.663,79.7,81.9,8,2022-05-31T08:30:12.000Z
"5/31/2022, 3:33:12 AM",3.664,79.7,81.9,8,2022-05-31T08:33:12.000Z
"5/31/2022, 3:36:12 AM",3.663,79.7,81.9,8,2022-05-31T08:36:12.000Z
"5/31/2022, 3:39:12 AM",3.664,79.5,82,9,2022-05-31T08:39:12.000Z
"5/31/2022, 3:42:12 AM",3.664,79.5,81.9,8,2022-05-31T08:42:12.000Z
"5/31/2022, 3:45:12 AM",3.663,79.5,82,8,2022-05-31T08:45:12.000Z
"5/31/2022, 3:48:12 AM",3.663,79.5,82,9,2022-05-31T08:48:12.000Z
"5/31/2022, 3:51:12 AM",3.663,79.5,82,9,2022-05-31T08:51:12.000Z
"5/31/2022, 3:54:12 AM",3.663,79.5,82,9,2022-05-31T08:54:12.000Z
"5/31/2022, 3:57:12 AM",3.663,79.5,82.1,9,2022-05-31T08:57:12.000Z
"5/31/2022, 4:00:12 AM",3.663,79.3,82.1,8,2022-05-31T09:00:12.000Z
"5/31/2022, 4:03:12 AM",3.663,79.3,82.1,8,2022-05-31T09:03:12.000Z
"5/31/2022, 4:06:12 AM",3.663,79.3,82.1,8,2022-05-31T09:06:12.000Z
"5/31/2022, 4:09:12 AM",3.663,79.3,82.2,8,2022-05-31T09:09:12.000Z
"5/31/2022, 4:12:12 AM",3.663,79.3,82.2,8,2022-05-31T09:12:12.000Z
"5/31/2022, 4:15:12 AM",3.664,79.3,82.2,8,2022-05-31T09:15:12.000Z
"5/31/2022, 4:18:12 AM",3.663,79.3,82.2,8,2022-05-31T09:18:12.000Z
"5/31/2022, 4:21:12 AM",3.664,79.2,82.2,8,2022-05-31T09:21:12.000Z
"5/31/2022, 4:24:12 AM",3.663,79.2,82.3,8,2022-05-31T09:24:12.000Z
"5/31/2022, 4:27:12 AM",3.663,79.2,82.3,8,2022-05-31T09:27:12.000Z
"5/31/2022, 4:30:12 AM",3.663,79.2,82.3,8,2022-05-31T09:30:12.000Z
"5/31/2022, 4:33:12 AM",3.663,79.2,82.3,8,2022-05-31T09:33:12.000Z
"5/31/2022, 4:36:12 AM",3.664,79.2,82.4,8,2022-05-31T09:36:12.000Z
"5/31/2022, 4:39:12 AM",3.663,79.2,82.4,8,2022-05-31T09:39:12.000Z
"5/31/2022, 4:42:12 AM",3.663,79,82.4,8,2022-05-31T09:42:12.000Z
"5/31/2022, 4:45:12 AM",3.664,79,82.5,8,2022-05-31T09:45:12.000Z
"5/31/2022, 4:48:12 AM",3.664,79,82.5,8,2022-05-31T09:48:12.000Z
"5/31/2022, 4:51:12 AM",3.663,79,82.5,8,2022-05-31T09:51:12.000Z
"5/31/2022, 4:54:12 AM",3.664,79,82.5,8,2022-05-31T09:54:12.000Z
"5/31/2022, 4:57:12 AM",3.664,79,82.6,8,2022-05-31T09:57:12.000Z
"5/31/2022, 5:00:12 AM",3.663,79,82.6,8,2022-05-31T10:00:12.000Z
"5/31/2022, 5:03:12 AM",3.663,79,82.6,8,2022-05-31T10:03:12.000Z
"5/31/2022, 5:06:12 AM",3.663,79,82.6,8,2022-05-31T10:06:12.000Z
"5/31/2022, 5:09:12 AM",3.663,79,82.6,8,2022-05-31T10:09:12.000Z
"5/31/2022, 5:12:12 AM",3.663,79,82.7,8,2022-05-31T10:12:12.000Z
"5/31/2022, 5:15:12 AM",3.663,79,82.7,8,2022-05-31T10:15:12.000Z
"5/31/2022, 5:18:12 AM",3.663,79,82.7,8,2022-05-31T10:18:12.000Z
"5/31/2022, 5:21:12 AM",3.664,79,82.7,8,2022-05-31T10:21:12.000Z
"5/31/2022, 5:24:12 AM",3.663,79,82.7,8,2022-05-31T10:24:12.000Z
"5/31/2022, 5:27:12 AM",3.664,79,82.8,8,2022-05-31T10:27:12.000Z
"5/31/2022, 5:30:12 AM",3.664,79,82.8,8,2022-05-31T10:30:12.000Z
"5/31/2022, 5:33:12 AM",3.664,79,82.8,8,2022-05-31T10:33:12.000Z
"5/31/2022, 5:36:12 AM",3.664,79,82.8,8,2022-05-31T10:36:12.000Z
"5/31/2022, 5:39:12 AM",3.663,79,82.9,8,2022-05-31T10:39:12.000Z
"5/31/2022, 5:42:12 AM",3.663,79,82.9,9,2022-05-31T10:42:12.000Z
"5/31/2022, 5:45:12 AM",3.663,79,83,9,2022-05-31T10:45:12.000Z
"5/31/2022, 5:48:12 AM",3.664,79,83,9,2022-05-31T10:48:12.000Z
"5/31/2022, 5:51:12 AM",3.664,79,83,9,2022-05-31T10:51:12.000Z
"5/31/2022, 5:54:12 AM",3.663,79.2,83.1,9,2022-05-31T10:54:12.000Z
"5/31/2022, 5:57:12 AM",3.663,79.2,83.1,9,2022-05-31T10:57:12.000Z
"5/31/2022, 6:00:12 AM",3.664,79.3,83.1,9,2022-05-31T11:00:12.000Z
"5/31/2022, 6:03:12 AM",3.664,79.3,83.2,9,2022-05-31T11:03:12.000Z
"5/31/2022, 6:06:12 AM",3.663,79.5,83.2,10,2022-05-31T11:06:12.000Z
"5/31/2022, 6:09:12 AM",3.663,79.5,83.3,10,2022-05-31T11:09:12.000Z
"5/31/2022, 6:12:12 AM",3.663,79.7,83.3,10,2022-05-31T11:12:12.000Z
"5/31/2022, 6:15:12 AM",3.663,79.7,83.4,10,2022-05-31T11:15:12.000Z
"5/31/2022, 6:18:12 AM",3.663,79.9,83.4,10,2022-05-31T11:18:12.000Z
"5/31/2022, 6:21:12 AM",3.663,80.1,83.5,11,2022-05-31T11:21:12.000Z
"5/31/2022, 6:24:12 AM",3.663,80.2,83.5,11,2022-05-31T11:24:12.000Z
"5/31/2022, 6:27:12 AM",3.663,80.4,83.6,11,2022-05-31T11:27:12.000Z
"5/31/2022, 6:30:12 AM",3.663,80.6,83.6,11,2022-05-31T11:30:12.000Z
"5/31/2022, 6:33:12 AM",3.663,80.6,83.7,11,2022-05-31T11:33:12.000Z
"5/31/2022, 6:36:12 AM",3.663,80.8,83.7,11,2022-05-31T11:36:12.000Z
"5/31/2022, 6:39:12 AM",3.663,81,83.7,11,2022-05-31T11:39:12.000Z
"5/31/2022, 6:42:12 AM",3.663,81.1,83.8,11,2022-05-31T11:42:12.000Z
"5/31/2022, 6:45:12 AM",3.662,81.3,83.9,11,2022-05-31T11:45:12.000Z
"5/31/2022, 6:48:12 AM",3.662,81.3,83.9,11,2022-05-31T11:48:12.000Z
"5/31/2022, 6:51:12 AM",3.663,81.5,84,11,2022-05-31T11:51:12.000Z
"5/31/2022, 6:54:12 AM",3.663,81.7,84,11,2022-05-31T11:54:12.000Z
"5/31/2022, 6:57:12 AM",3.662,81.9,84.1,12,2022-05-31T11:57:12.000Z
"5/31/2022, 7:00:12 AM",3.662,81.9,84.2,12,2022-05-31T12:00:12.000Z
"5/31/2022, 7:03:12 AM",3.662,82,84.2,12,2022-05-31T12:03:12.000Z
"5/31/2022, 7:06:12 AM",3.659,81.9,84.2,1,2022-05-31T12:06:12.000Z
"5/31/2022, 7:09:12 AM",3.659,81.3,84.2,0,2022-05-31T12:09:12.000Z
"5/31/2022, 7:12:12 AM",3.655,80.8,84.2,0,2022-05-31T12:12:12.000Z
EVENTS:,,,,,
"5/31/2022, 7:12:12 AM",Stop Log,NH3 (PPM),,,
LABELS:,,,,,
