Instrument:,NH3-211205141,,,,,,,,,,,,,
Name:,Biosolids Dewatering,,,,,,,,,,,,,"1)      HCL Stopped feeding on Thursday 8/27/2025. Then off Sept 4, Sept 11 and Sept 18. New delivery will be on Sept 25, 2025."
Time Zone Offset (Minutes):,-240,,,,,,,,,,,,,"2)      Ferric Tote received on Sept 10, but was left off for one (1) week."
Orignal File Name:,"C:\Users\phil.bennington\Documents\NH3-211205141_[8-27-2025, 8-19-51 AM --- 9-10-2025, 10-37-51 AM].acrudata",,,,,,,,,,,,,
Session ID:,24794,,,,,,,,,,,,,
Session 1st Title:,"NH3-211205141_[8-27-2025, 8-19-51 AM --- 9-10-2025, 10-37-51 AM]",,,,,,,,,,,,,Ferric Chloride 37.9% Strength and Spec. Grav. 1.404
Session Start:,"8/27/2025, 8:19:51 AM",,,,,,,,,,,,,                                 Totes 583 Lbs/day of 37.9% = 220.9 Lbs of 100% strength
Session End:,"9/10/2025, 10:37:51 AM",,,,,,,,,,,,,
,,,,,,,,,,,,,,MGD X 8.34 X mg/L = Lbs 100% strength
Time Stamp,Battery (Volts),Temperature (Â°F),Humidity (%),NH3 (PPM),ISO time,,,,,,,,,
"8/27/2025, 8:19:51 AM",3.634,69.1,89.6,0,2025-08-27T12:19:51.000Z,,,,,,,,,
"8/27/2025, 8:22:51 AM",3.661,70.7,90.1,0,2025-08-27T12:22:51.000Z,,,,,,,,,
"8/27/2025, 8:25:51 AM",3.661,71.1,90.2,0,2025-08-27T12:25:51.000Z,,,,,,,,,
"8/27/2025, 8:28:51 AM",3.661,70.7,90.1,0,2025-08-27T12:28:51.000Z,,,,,,,,,
"8/27/2025, 8:31:51 AM",3.66,70.5,90,0,2025-08-27T12:31:51.000Z,,,,,,,,,
"8/27/2025, 8:34:51 AM",3.66,70.2,89.9,0,2025-08-27T12:34:51.000Z,,,,,,,,,
"8/27/2025, 8:37:51 AM",3.66,70,89.9,0,2025-08-27T12:37:51.000Z,,,,,,,,,
"8/27/2025, 8:40:51 AM",3.66,69.6,89.8,0,2025-08-27T12:40:51.000Z,,,,,,,,,
"8/27/2025, 8:43:51 AM",3.66,69.4,89.8,0,2025-08-27T12:43:51.000Z,,,,,,,,,
"8/27/2025, 8:46:51 AM",3.66,69.3,89.7,0,2025-08-27T12:46:51.000Z,,,,,,,,,
"8/27/2025, 8:49:51 AM",3.661,69.1,89.8,1,2025-08-27T12:49:51.000Z,,,,,,,,,
"8/27/2025, 8:52:51 AM",3.66,69.1,89.7,1,2025-08-27T12:52:51.000Z,,,,,,,,,
"8/27/2025, 8:55:51 AM",3.66,69.1,89.7,1,2025-08-27T12:55:51.000Z,,,,,,,,,
"8/27/2025, 8:58:51 AM",3.66,69.1,89.8,1,2025-08-27T12:58:51.000Z,,,,,,,,,
"8/27/2025, 9:01:51 AM",3.66,68.9,89.8,1,2025-08-27T13:01:51.000Z,,,,,,,,,
"8/27/2025, 9:04:51 AM",3.66,68.9,89.9,2,2025-08-27T13:04:51.000Z,,,,,,,,,
"8/27/2025, 9:07:51 AM",3.66,68.9,89.9,2,2025-08-27T13:07:51.000Z,,,,,,,,,
"8/27/2025, 9:10:51 AM",3.66,69.1,89.9,2,2025-08-27T13:10:51.000Z,,,,,,,,,
"8/27/2025, 9:13:51 AM",3.66,69.1,90,2,2025-08-27T13:13:51.000Z,,,,,,,,,
"8/27/2025, 9:16:51 AM",3.66,69.1,90,2,2025-08-27T13:16:51.000Z,,,,,,,,,
"8/27/2025, 9:19:51 AM",3.66,69.1,90.1,2,2025-08-27T13:19:51.000Z,,,,,,,,,
"8/27/2025, 9:22:51 AM",3.66,69.1,90.1,2,2025-08-27T13:22:51.000Z,,,,,,,,,
"8/27/2025, 9:25:51 AM",3.66,69.1,90.2,2,2025-08-27T13:25:51.000Z,,,,,,,,,
"8/27/2025, 9:28:51 AM",3.66,69.3,90.2,3,2025-08-27T13:28:51.000Z,,,,,,,,,
"8/27/2025, 9:31:51 AM",3.66,69.4,90.3,3,2025-08-27T13:31:51.000Z,,,,,,,,,
"8/27/2025, 9:34:51 AM",3.66,69.6,90.4,3,2025-08-27T13:34:51.000Z,,,,,,,,,
"8/27/2025, 9:37:51 AM",3.66,69.6,90.5,3,2025-08-27T13:37:51.000Z,,,,,,,,,
"8/27/2025, 9:40:51 AM",3.66,69.8,90.5,3,2025-08-27T13:40:51.000Z,,,,,,,,,
"8/27/2025, 9:43:51 AM",3.66,70,90.6,3,2025-08-27T13:43:51.000Z,,,,,,,,,
"8/27/2025, 9:46:51 AM",3.66,70.2,90.7,4,2025-08-27T13:46:51.000Z,,,,,,,,,
"8/27/2025, 9:49:51 AM",3.66,70.3,90.8,4,2025-08-27T13:49:51.000Z,,,,,,,,,
"8/27/2025, 9:52:51 AM",3.66,70.5,90.8,4,2025-08-27T13:52:51.000Z,,,,,,,,,
"8/27/2025, 9:55:51 AM",3.66,70.7,91,4,2025-08-27T13:55:51.000Z,,,,,,,,,
"8/27/2025, 9:58:51 AM",3.66,70.9,91,4,2025-08-27T13:58:51.000Z,,,,,,,,,
"8/27/2025, 10:01:51 AM",3.66,71.1,91.1,5,2025-08-27T14:01:51.000Z,,,,,,,,,
"8/27/2025, 10:04:51 AM",3.66,71.2,91.2,5,2025-08-27T14:04:51.000Z,,,,,,,,,
"8/27/2025, 10:07:51 AM",3.66,71.4,91.2,5,2025-08-27T14:07:51.000Z,,,,,,,,,
"8/27/2025, 10:10:51 AM",3.66,71.6,91.4,6,2025-08-27T14:10:51.000Z,,,,,,,,,
"8/27/2025, 10:13:51 AM",3.66,71.8,91.4,7,2025-08-27T14:13:51.000Z,,,,,,,,,
"8/27/2025, 10:16:51 AM",3.66,72,91.5,7,2025-08-27T14:16:51.000Z,,,,,,,,,
"8/27/2025, 10:19:51 AM",3.66,72.1,91.6,8,2025-08-27T14:19:51.000Z,,,,,,,,,
"8/27/2025, 10:22:51 AM",3.66,72.3,91.7,8,2025-08-27T14:22:51.000Z,,,,,,,,,
"8/27/2025, 10:25:51 AM",3.66,72.5,91.8,9,2025-08-27T14:25:51.000Z,,,,,,,,,
"8/27/2025, 10:28:51 AM",3.66,72.9,91.9,10,2025-08-27T14:28:51.000Z,,,,,,,,,
"8/27/2025, 10:31:51 AM",3.66,73,91.9,10,2025-08-27T14:31:51.000Z,,,,,,,,,
"8/27/2025, 10:34:51 AM",3.66,73.2,92.1,11,2025-08-27T14:34:51.000Z,,,,,,,,,
"8/27/2025, 10:37:51 AM",3.66,73.4,92.2,11,2025-08-27T14:37:51.000Z,,,,,,,,,
"8/27/2025, 10:40:51 AM",3.66,73.8,92.3,12,2025-08-27T14:40:51.000Z,,,,,,,,,
"8/27/2025, 10:43:51 AM",3.66,73.9,92.3,12,2025-08-27T14:43:51.000Z,,,,,,,,,
"8/27/2025, 10:46:51 AM",3.66,74.1,92.4,12,2025-08-27T14:46:51.000Z,,,,,,,,,
"8/27/2025, 10:49:51 AM",3.66,74.3,92.5,12,2025-08-27T14:49:51.000Z,,,,,,,,,
"8/27/2025, 10:52:51 AM",3.66,74.7,92.6,13,2025-08-27T14:52:51.000Z,,,,,,,,,
"8/27/2025, 10:55:51 AM",3.66,74.8,92.7,13,2025-08-27T14:55:51.000Z,,,,,,,,,
"8/27/2025, 10:58:51 AM",3.66,75,92.8,13,2025-08-27T14:58:51.000Z,,,,,,,,,
"8/27/2025, 11:01:51 AM",3.659,75.4,92.9,13,2025-08-27T15:01:51.000Z,,,,,,,,,
"8/27/2025, 11:04:51 AM",3.66,75.6,92.9,14,2025-08-27T15:04:51.000Z,,,,,,,,,
"8/27/2025, 11:07:51 AM",3.66,75.7,93.1,14,2025-08-27T15:07:51.000Z,,,,,,,,,
"8/27/2025, 11:10:51 AM",3.66,75.9,93.1,13,2025-08-27T15:10:51.000Z,,,,,,,,,
"8/27/2025, 11:13:51 AM",3.66,76.3,93.3,14,2025-08-27T15:13:51.000Z,,,,,,,,,
"8/27/2025, 11:16:51 AM",3.66,76.5,93.3,14,2025-08-27T15:16:51.000Z,,,,,,,,,
"8/27/2025, 11:19:51 AM",3.66,76.6,93.4,14,2025-08-27T15:19:51.000Z,,,,,,,,,
"8/27/2025, 11:22:51 AM",3.66,76.8,93.5,14,2025-08-27T15:22:51.000Z,,,,,,,,,
"8/27/2025, 11:25:51 AM",3.66,77,93.5,14,2025-08-27T15:25:51.000Z,,,,,,,,,
"8/27/2025, 11:28:51 AM",3.66,77.4,93.6,14,2025-08-27T15:28:51.000Z,,,,,,,,,
"8/27/2025, 11:31:51 AM",3.659,77.5,93.7,15,2025-08-27T15:31:51.000Z,,,,,,,,,
"8/27/2025, 11:34:51 AM",3.66,77.7,93.8,14,2025-08-27T15:34:51.000Z,,,,,,,,,
"8/27/2025, 11:37:51 AM",3.66,77.9,93.9,15,2025-08-27T15:37:51.000Z,,,,,,,,,
"8/27/2025, 11:40:51 AM",3.66,78.1,94,15,2025-08-27T15:40:51.000Z,,,,,,,,,
"8/27/2025, 11:43:51 AM",3.66,78.4,94.1,15,2025-08-27T15:43:51.000Z,,,,,,,,,
"8/27/2025, 11:46:51 AM",3.66,78.6,94.2,16,2025-08-27T15:46:51.000Z,,,,,,,,,
"8/27/2025, 11:49:51 AM",3.659,79,94.2,17,2025-08-27T15:49:51.000Z,,,,,,,,,
"8/27/2025, 11:52:51 AM",3.66,79.2,94.3,17,2025-08-27T15:52:51.000Z,,,,,,,,,
"8/27/2025, 11:55:51 AM",3.66,79.3,94.4,17,2025-08-27T15:55:51.000Z,,,,,,,,,
"8/27/2025, 11:58:51 AM",3.66,79.7,94.5,18,2025-08-27T15:58:51.000Z,,,,,,,,,
"8/27/2025, 12:01:51 PM",3.659,79.9,94.6,18,2025-08-27T16:01:51.000Z,,,,,,,,,
"8/27/2025, 12:04:51 PM",3.66,80.1,94.7,18,2025-08-27T16:04:51.000Z,,,,,,,,,
"8/27/2025, 12:07:51 PM",3.66,80.4,94.7,18,2025-08-27T16:07:51.000Z,,,,,,,,,
"8/27/2025, 12:10:51 PM",3.659,80.6,94.9,18,2025-08-27T16:10:51.000Z,,,,,,,,,
"8/27/2025, 12:13:51 PM",3.659,80.8,95,18,2025-08-27T16:13:51.000Z,,,,,,,,,
"8/27/2025, 12:16:51 PM",3.659,81.1,95,18,2025-08-27T16:16:51.000Z,,,,,,,,,
"8/27/2025, 12:19:51 PM",3.66,81.3,95,18,2025-08-27T16:19:51.000Z,,,,,,,,,
"8/27/2025, 12:22:51 PM",3.659,81.5,95.1,19,2025-08-27T16:22:51.000Z,,,,,,,,,
"8/27/2025, 12:25:51 PM",3.659,81.9,95.2,19,2025-08-27T16:25:51.000Z,,,,,,,,,
"8/27/2025, 12:28:51 PM",3.659,82,95.2,19,2025-08-27T16:28:51.000Z,,,,,,,,,
"8/27/2025, 12:31:51 PM",3.66,82.2,95.3,19,2025-08-27T16:31:51.000Z,,,,,,,,,
"8/27/2025, 12:34:51 PM",3.66,82.4,95.4,18,2025-08-27T16:34:51.000Z,,,,,,,,,
"8/27/2025, 12:37:51 PM",3.659,82.6,95.4,16,2025-08-27T16:37:51.000Z,,,,,,,,,
"8/27/2025, 12:40:51 PM",3.659,82.8,95.5,16,2025-08-27T16:40:51.000Z,,,,,,,,,
"8/27/2025, 12:43:51 PM",3.66,82.9,95.6,17,2025-08-27T16:43:51.000Z,,,,,,,,,
"8/27/2025, 12:46:51 PM",3.66,83.1,95.6,18,2025-08-27T16:46:51.000Z,,,,,,,,,
"8/27/2025, 12:49:51 PM",3.659,83.3,95.7,18,2025-08-27T16:49:51.000Z,,,,,,,,,
"8/27/2025, 12:52:51 PM",3.659,83.7,95.7,18,2025-08-27T16:52:51.000Z,,,,,,,,,
"8/27/2025, 12:55:51 PM",3.659,83.8,95.9,20,2025-08-27T16:55:51.000Z,,,,,,,,,
"8/27/2025, 12:58:51 PM",3.659,84,95.9,20,2025-08-27T16:58:51.000Z,,,,,,,,,
"8/27/2025, 1:01:51 PM",3.659,84.4,96,20,2025-08-27T17:01:51.000Z,,,,,,,,,
"8/27/2025, 1:04:51 PM",3.659,84.6,96,20,2025-08-27T17:04:51.000Z,,,,,,,,,
"8/27/2025, 1:07:51 PM",3.66,84.7,96.1,19,2025-08-27T17:07:51.000Z,,,,,,,,,
"8/27/2025, 1:10:51 PM",3.659,84.9,96.2,20,2025-08-27T17:10:51.000Z,,,,,,,,,
"8/27/2025, 1:13:51 PM",3.659,85.1,96.2,21,2025-08-27T17:13:51.000Z,,,,,,,,,
"8/27/2025, 1:16:51 PM",3.66,85.3,96.3,21,2025-08-27T17:16:51.000Z,,,,,,,,,
"8/27/2025, 1:19:51 PM",3.659,85.6,96.4,20,2025-08-27T17:19:51.000Z,,,,,,,,,
"8/27/2025, 1:22:51 PM",3.659,85.8,96.4,20,2025-08-27T17:22:51.000Z,,,,,,,,,
"8/27/2025, 1:25:51 PM",3.659,86,96.5,21,2025-08-27T17:25:51.000Z,,,,,,,,,
"8/27/2025, 1:28:51 PM",3.659,86.2,96.6,21,2025-08-27T17:28:51.000Z,,,,,,,,,
"8/27/2025, 1:31:51 PM",3.659,86.5,96.7,22,2025-08-27T17:31:51.000Z,,,,,,,,,
"8/27/2025, 1:34:51 PM",3.659,86.7,96.8,22,2025-08-27T17:34:51.000Z,,,,,,,,,
"8/27/2025, 1:37:51 PM",3.66,87.1,96.8,22,2025-08-27T17:37:51.000Z,,,,,,,,,
"8/27/2025, 1:40:51 PM",3.659,87.3,96.9,22,2025-08-27T17:40:51.000Z,,,,,,,,,
"8/27/2025, 1:43:51 PM",3.659,87.6,97,22,2025-08-27T17:43:51.000Z,,,,,,,,,
"8/27/2025, 1:46:51 PM",3.659,87.8,97,22,2025-08-27T17:46:51.000Z,,,,,,,,,
"8/27/2025, 1:49:51 PM",3.659,88,97.2,22,2025-08-27T17:49:51.000Z,,,,,,,,,
"8/27/2025, 1:52:51 PM",3.659,88.3,97.2,22,2025-08-27T17:52:51.000Z,,,,,,,,,
"8/27/2025, 1:55:51 PM",3.659,88.5,97.3,22,2025-08-27T17:55:51.000Z,,,,,,,,,
"8/27/2025, 1:58:51 PM",3.659,88.9,97.4,22,2025-08-27T17:58:51.000Z,,,,,,,,,
"8/27/2025, 2:01:51 PM",3.659,88.9,97.5,23,2025-08-27T18:01:51.000Z,,,,,,,,,
"8/27/2025, 2:04:51 PM",3.659,89.2,97.5,22,2025-08-27T18:04:51.000Z,,,,,,,,,
"8/27/2025, 2:07:51 PM",3.659,89.4,97.6,22,2025-08-27T18:07:51.000Z,,,,,,,,,
"8/27/2025, 2:10:51 PM",3.659,89.6,97.7,22,2025-08-27T18:10:51.000Z,,,,,,,,,
"8/27/2025, 2:13:51 PM",3.659,89.8,97.8,23,2025-08-27T18:13:51.000Z,,,,,,,,,
"8/27/2025, 2:16:51 PM",3.66,90.1,97.8,23,2025-08-27T18:16:51.000Z,,,,,,,,,
"8/27/2025, 2:19:51 PM",3.659,90.3,97.9,23,2025-08-27T18:19:51.000Z,,,,,,,,,
"8/27/2025, 2:22:51 PM",3.659,90.5,98,23,2025-08-27T18:22:51.000Z,,,,,,,,,
"8/27/2025, 2:25:51 PM",3.659,90.7,98,24,2025-08-27T18:25:51.000Z,,,,,,,,,
"8/27/2025, 2:28:51 PM",3.659,90.9,98.1,23,2025-08-27T18:28:51.000Z,,,,,,,,,
"8/27/2025, 2:31:51 PM",3.659,90.9,98.1,23,2025-08-27T18:31:51.000Z,,,,,,,,,
"8/27/2025, 2:34:51 PM",3.659,91,98.2,24,2025-08-27T18:34:51.000Z,,,,,,,,,
"8/27/2025, 2:37:51 PM",3.658,91.2,98.2,24,2025-08-27T18:37:51.000Z,,,,,,,,,
"8/27/2025, 2:40:51 PM",3.659,91.4,98.3,25,2025-08-27T18:40:51.000Z,,,,,,,,,
"8/27/2025, 2:43:51 PM",3.658,91.6,98.3,24,2025-08-27T18:43:51.000Z,,,,,,,,,
"8/27/2025, 2:46:51 PM",3.659,91.6,98.3,25,2025-08-27T18:46:51.000Z,,,,,,,,,
"8/27/2025, 2:49:51 PM",3.659,91.8,98.4,25,2025-08-27T18:49:51.000Z,,,,,,,,,
"8/27/2025, 2:52:51 PM",3.659,91.9,98.4,26,2025-08-27T18:52:51.000Z,,,,,,,,,
"8/27/2025, 2:55:51 PM",3.659,92.1,98.5,27,2025-08-27T18:55:51.000Z,,,,,,,,,
"8/27/2025, 2:58:51 PM",3.659,92.1,98.5,27,2025-08-27T18:58:51.000Z,,,,,,,,,
"8/27/2025, 3:01:51 PM",3.659,92.3,98.6,27,2025-08-27T19:01:51.000Z,,,,,,,,,
"8/27/2025, 3:04:51 PM",3.659,92.5,98.7,27,2025-08-27T19:04:51.000Z,,,,,,,,,
"8/27/2025, 3:07:51 PM",3.658,92.5,98.7,27,2025-08-27T19:07:51.000Z,,,,,,,,,
"8/27/2025, 3:10:51 PM",3.659,92.7,98.7,26,2025-08-27T19:10:51.000Z,,,,,,,,,
"8/27/2025, 3:13:51 PM",3.659,92.7,98.7,26,2025-08-27T19:13:51.000Z,,,,,,,,,
"8/27/2025, 3:16:51 PM",3.659,92.8,98.8,27,2025-08-27T19:16:51.000Z,,,,,,,,,
"8/27/2025, 3:19:51 PM",3.659,92.8,98.8,28,2025-08-27T19:19:51.000Z,,,,,,,,,
"8/27/2025, 3:22:51 PM",3.659,93,98.9,28,2025-08-27T19:22:51.000Z,,,,,,,,,
"8/27/2025, 3:25:51 PM",3.659,93.2,98.9,28,2025-08-27T19:25:51.000Z,,,,,,,,,
"8/27/2025, 3:28:51 PM",3.659,93.2,98.9,27,2025-08-27T19:28:51.000Z,,,,,,,,,
"8/27/2025, 3:31:51 PM",3.659,93.2,99,27,2025-08-27T19:31:51.000Z,,,,,,,,,
"8/27/2025, 3:34:51 PM",3.659,93.4,99,28,2025-08-27T19:34:51.000Z,,,,,,,,,
"8/27/2025, 3:37:51 PM",3.658,93.4,99,28,2025-08-27T19:37:51.000Z,,,,,,,,,
"8/27/2025, 3:40:51 PM",3.659,93.6,99,28,2025-08-27T19:40:51.000Z,,,,,,,,,
"8/27/2025, 3:43:51 PM",3.659,93.6,99.1,29,2025-08-27T19:43:51.000Z,,,,,,,,,
"8/27/2025, 3:46:51 PM",3.659,93.7,99.1,31,2025-08-27T19:46:51.000Z,,,,,,,,,
"8/27/2025, 3:49:51 PM",3.659,93.7,99.1,31,2025-08-27T19:49:51.000Z,,,,,,,,,
"8/27/2025, 3:52:51 PM",3.659,93.9,99.2,29,2025-08-27T19:52:51.000Z,,,,,,,,,
"8/27/2025, 3:55:51 PM",3.659,93.9,99.2,31,2025-08-27T19:55:51.000Z,,,,,,,,,
"8/27/2025, 3:58:51 PM",3.659,93.9,99.2,31,2025-08-27T19:58:51.000Z,,,,,,,,,
"8/27/2025, 4:01:51 PM",3.659,94.1,99.2,31,2025-08-27T20:01:51.000Z,,,,,,,,,
"8/27/2025, 4:04:51 PM",3.659,94.1,99.3,30,2025-08-27T20:04:51.000Z,,,,,,,,,
"8/27/2025, 4:07:51 PM",3.659,94.1,99.3,31,2025-08-27T20:07:51.000Z,,,,,,,,,
"8/27/2025, 4:10:51 PM",3.659,94.1,99.3,32,2025-08-27T20:10:51.000Z,,,,,,,,,
"8/27/2025, 4:13:51 PM",3.659,94.3,99.3,33,2025-08-27T20:13:51.000Z,,,,,,,,,
"8/27/2025, 4:16:51 PM",3.659,94.3,99.4,33,2025-08-27T20:16:51.000Z,,,,,,,,,
"8/27/2025, 4:19:51 PM",3.659,94.3,99.4,33,2025-08-27T20:19:51.000Z,,,,,,,,,
"8/27/2025, 4:22:51 PM",3.659,94.3,99.4,34,2025-08-27T20:22:51.000Z,,,,,,,,,
"8/27/2025, 4:25:51 PM",3.659,94.3,99.4,34,2025-08-27T20:25:51.000Z,,,,,,,,,
"8/27/2025, 4:28:51 PM",3.659,94.3,99.4,35,2025-08-27T20:28:51.000Z,,,,,,,,,
"8/27/2025, 4:31:51 PM",3.659,94.3,99.4,32,2025-08-27T20:31:51.000Z,,,,,,,,,
"8/27/2025, 4:34:51 PM",3.659,94.3,99.5,33,2025-08-27T20:34:51.000Z,,,,,,,,,
"8/27/2025, 4:37:51 PM",3.659,94.3,99.5,33,2025-08-27T20:37:51.000Z,,,,,,,,,
"8/27/2025, 4:40:51 PM",3.659,94.3,99.5,34,2025-08-27T20:40:51.000Z,,,,,,,,,
"8/27/2025, 4:43:51 PM",3.659,94.3,99.5,34,2025-08-27T20:43:51.000Z,,,,,,,,,
"8/27/2025, 4:46:51 PM",3.659,94.3,99.5,33,2025-08-27T20:46:51.000Z,,,,,,,,,
"8/27/2025, 4:49:51 PM",3.659,94.1,99.5,33,2025-08-27T20:49:51.000Z,,,,,,,,,
"8/27/2025, 4:52:51 PM",3.659,94.1,99.5,35,2025-08-27T20:52:51.000Z,,,,,,,,,
"8/27/2025, 4:55:51 PM",3.66,94.1,99.5,34,2025-08-27T20:55:51.000Z,,,,,,,,,
"8/27/2025, 4:58:51 PM",3.659,94.1,99.5,32,2025-08-27T20:58:51.000Z,,,,,,,,,
"8/27/2025, 5:01:51 PM",3.659,94.1,99.5,31,2025-08-27T21:01:51.000Z,,,,,,,,,
"8/27/2025, 5:04:51 PM",3.659,94.1,99.5,30,2025-08-27T21:04:51.000Z,,,,,,,,,
"8/27/2025, 5:07:51 PM",3.659,94.1,99.5,31,2025-08-27T21:07:51.000Z,,,,,,,,,
"8/27/2025, 5:10:51 PM",3.659,93.9,99.5,28,2025-08-27T21:10:51.000Z,,,,,,,,,
"8/27/2025, 5:13:51 PM",3.659,93.9,99.5,28,2025-08-27T21:13:51.000Z,,,,,,,,,
"8/27/2025, 5:16:51 PM",3.659,93.9,99.5,28,2025-08-27T21:16:51.000Z,,,,,,,,,
"8/27/2025, 5:19:51 PM",3.659,93.9,99.5,27,2025-08-27T21:19:51.000Z,,,,,,,,,
"8/27/2025, 5:22:51 PM",3.659,93.7,99.5,28,2025-08-27T21:22:51.000Z,,,,,,,,,
"8/27/2025, 5:25:51 PM",3.66,93.7,99.5,26,2025-08-27T21:25:51.000Z,,,,,,,,,
"8/27/2025, 5:28:51 PM",3.66,93.6,99.5,27,2025-08-27T21:28:51.000Z,,,,,,,,,
"8/27/2025, 5:31:51 PM",3.659,93.6,99.4,26,2025-08-27T21:31:51.000Z,,,,,,,,,
"8/27/2025, 5:34:51 PM",3.659,93.4,99.4,25,2025-08-27T21:34:51.000Z,,,,,,,,,
"8/27/2025, 5:37:51 PM",3.66,93.2,99.4,26,2025-08-27T21:37:51.000Z,,,,,,,,,
"8/27/2025, 5:40:51 PM",3.66,93.2,99.4,26,2025-08-27T21:40:51.000Z,,,,,,,,,
"8/27/2025, 5:43:51 PM",3.66,93,99.4,26,2025-08-27T21:43:51.000Z,,,,,,,,,
"8/27/2025, 5:46:51 PM",3.66,93,99.4,25,2025-08-27T21:46:51.000Z,,,,,,,,,
"8/27/2025, 5:49:51 PM",3.66,92.8,99.3,26,2025-08-27T21:49:51.000Z,,,,,,,,,
"8/27/2025, 5:52:51 PM",3.66,92.8,99.3,25,2025-08-27T21:52:51.000Z,,,,,,,,,
"8/27/2025, 5:55:51 PM",3.66,92.7,99.3,24,2025-08-27T21:55:51.000Z,,,,,,,,,
"8/27/2025, 5:58:51 PM",3.66,92.7,99.3,24,2025-08-27T21:58:51.000Z,,,,,,,,,
"8/27/2025, 6:01:51 PM",3.66,92.5,99.3,23,2025-08-27T22:01:51.000Z,,,,,,,,,
"8/27/2025, 6:04:51 PM",3.66,92.3,99.2,24,2025-08-27T22:04:51.000Z,,,,,,,,,
"8/27/2025, 6:07:51 PM",3.66,92.1,99.3,23,2025-08-27T22:07:51.000Z,,,,,,,,,
"8/27/2025, 6:10:51 PM",3.66,91.9,99.2,23,2025-08-27T22:10:51.000Z,,,,,,,,,
"8/27/2025, 6:13:51 PM",3.661,91.8,99.2,23,2025-08-27T22:13:51.000Z,,,,,,,,,
"8/27/2025, 6:16:51 PM",3.66,91.6,99.2,22,2025-08-27T22:16:51.000Z,,,,,,,,,
"8/27/2025, 6:19:51 PM",3.66,91.4,99.2,22,2025-08-27T22:19:51.000Z,,,,,,,,,
"8/27/2025, 6:22:51 PM",3.66,91.2,99.1,21,2025-08-27T22:22:51.000Z,,,,,,,,,
"8/27/2025, 6:25:51 PM",3.66,91,99.1,21,2025-08-27T22:25:51.000Z,,,,,,,,,
"8/27/2025, 6:28:51 PM",3.66,90.9,99.1,21,2025-08-27T22:28:51.000Z,,,,,,,,,
"8/27/2025, 6:31:51 PM",3.66,90.7,99,22,2025-08-27T22:31:51.000Z,,,,,,,,,
"8/27/2025, 6:34:51 PM",3.661,90.3,98.9,21,2025-08-27T22:34:51.000Z,,,,,,,,,
"8/27/2025, 6:37:51 PM",3.661,90.1,98.9,20,2025-08-27T22:37:51.000Z,,,,,,,,,
"8/27/2025, 6:40:51 PM",3.661,90,98.9,20,2025-08-27T22:40:51.000Z,,,,,,,,,
"8/27/2025, 6:43:51 PM",3.661,89.8,98.9,20,2025-08-27T22:43:51.000Z,,,,,,,,,
"8/27/2025, 6:46:51 PM",3.661,89.4,98.8,19,2025-08-27T22:46:51.000Z,,,,,,,,,
"8/27/2025, 6:49:51 PM",3.661,89.2,98.8,19,2025-08-27T22:49:51.000Z,,,,,,,,,
"8/27/2025, 6:52:51 PM",3.661,88.9,98.8,19,2025-08-27T22:52:51.000Z,,,,,,,,,
"8/27/2025, 6:55:51 PM",3.661,88.9,98.7,19,2025-08-27T22:55:51.000Z,,,,,,,,,
"8/27/2025, 6:58:51 PM",3.661,88.7,98.7,19,2025-08-27T22:58:51.000Z,,,,,,,,,
"8/27/2025, 7:01:51 PM",3.661,88.3,98.7,19,2025-08-27T23:01:51.000Z,,,,,,,,,
"8/27/2025, 7:04:51 PM",3.661,88.2,98.7,18,2025-08-27T23:04:51.000Z,,,,,,,,,
"8/27/2025, 7:07:51 PM",3.661,88,98.7,19,2025-08-27T23:07:51.000Z,,,,,,,,,
"8/27/2025, 7:10:51 PM",3.662,87.8,98.6,19,2025-08-27T23:10:51.000Z,,,,,,,,,
"8/27/2025, 7:13:51 PM",3.661,87.4,98.6,19,2025-08-27T23:13:51.000Z,,,,,,,,,
"8/27/2025, 7:16:51 PM",3.662,87.3,98.5,19,2025-08-27T23:16:51.000Z,,,,,,,,,
"8/27/2025, 7:19:51 PM",3.661,87.1,98.5,19,2025-08-27T23:19:51.000Z,,,,,,,,,
"8/27/2025, 7:22:51 PM",3.661,86.9,98.5,20,2025-08-27T23:22:51.000Z,,,,,,,,,
"8/27/2025, 7:25:51 PM",3.661,86.7,98.5,20,2025-08-27T23:25:51.000Z,,,,,,,,,
"8/27/2025, 7:28:51 PM",3.661,86.4,98.5,20,2025-08-27T23:28:51.000Z,,,,,,,,,
"8/27/2025, 7:31:51 PM",3.662,86.2,98.4,20,2025-08-27T23:31:51.000Z,,,,,,,,,
"8/27/2025, 7:34:51 PM",3.662,86,98.3,20,2025-08-27T23:34:51.000Z,,,,,,,,,
"8/27/2025, 7:37:51 PM",3.662,85.6,98.3,20,2025-08-27T23:37:51.000Z,,,,,,,,,
"8/27/2025, 7:40:51 PM",3.662,85.5,98.3,20,2025-08-27T23:40:51.000Z,,,,,,,,,
"8/27/2025, 7:43:51 PM",3.662,85.3,98.3,20,2025-08-27T23:43:51.000Z,,,,,,,,,
"8/27/2025, 7:46:51 PM",3.662,84.9,98.2,20,2025-08-27T23:46:51.000Z,,,,,,,,,
"8/27/2025, 7:49:51 PM",3.662,84.7,98.2,20,2025-08-27T23:49:51.000Z,,,,,,,,,
"8/27/2025, 7:52:51 PM",3.662,84.6,98.1,18,2025-08-27T23:52:51.000Z,,,,,,,,,
"8/27/2025, 7:55:51 PM",3.662,84.2,98.1,18,2025-08-27T23:55:51.000Z,,,,,,,,,
"8/27/2025, 7:58:51 PM",3.662,84,98.1,17,2025-08-27T23:58:51.000Z,,,,,,,,,
"8/27/2025, 8:01:51 PM",3.662,83.7,98,17,2025-08-28T00:01:51.000Z,,,,,,,,,
"8/27/2025, 8:04:51 PM",3.663,83.5,98,17,2025-08-28T00:04:51.000Z,,,,,,,,,
"8/27/2025, 8:07:51 PM",3.662,83.1,97.9,17,2025-08-28T00:07:51.000Z,,,,,,,,,
"8/27/2025, 8:10:51 PM",3.662,82.9,97.9,16,2025-08-28T00:10:51.000Z,,,,,,,,,
"8/27/2025, 8:13:51 PM",3.662,82.8,97.8,16,2025-08-28T00:13:51.000Z,,,,,,,,,
"8/27/2025, 8:16:51 PM",3.663,82.4,97.8,16,2025-08-28T00:16:51.000Z,,,,,,,,,
"8/27/2025, 8:19:51 PM",3.663,82.2,97.8,16,2025-08-28T00:19:51.000Z,,,,,,,,,
"8/27/2025, 8:22:51 PM",3.663,81.9,97.7,16,2025-08-28T00:22:51.000Z,,,,,,,,,
"8/27/2025, 8:25:51 PM",3.662,81.7,97.7,15,2025-08-28T00:25:51.000Z,,,,,,,,,
"8/27/2025, 8:28:51 PM",3.663,81.5,97.7,15,2025-08-28T00:28:51.000Z,,,,,,,,,
"8/27/2025, 8:31:51 PM",3.663,81.1,97.7,15,2025-08-28T00:31:51.000Z,,,,,,,,,
"8/27/2025, 8:34:51 PM",3.663,81,97.6,15,2025-08-28T00:34:51.000Z,,,,,,,,,
"8/27/2025, 8:37:51 PM",3.663,80.8,97.6,15,2025-08-28T00:37:51.000Z,,,,,,,,,
"8/27/2025, 8:40:51 PM",3.663,80.6,97.6,15,2025-08-28T00:40:51.000Z,,,,,,,,,
"8/27/2025, 8:43:51 PM",3.663,80.2,97.5,14,2025-08-28T00:43:51.000Z,,,,,,,,,
"8/27/2025, 8:46:51 PM",3.663,80.1,97.4,14,2025-08-28T00:46:51.000Z,,,,,,,,,
"8/27/2025, 8:49:51 PM",3.663,79.9,97.5,14,2025-08-28T00:49:51.000Z,,,,,,,,,
"8/27/2025, 8:52:51 PM",3.663,79.7,97.4,14,2025-08-28T00:52:51.000Z,,,,,,,,,
"8/27/2025, 8:55:51 PM",3.663,79.5,97.4,14,2025-08-28T00:55:51.000Z,,,,,,,,,
"8/27/2025, 8:58:51 PM",3.663,79.3,97.4,14,2025-08-28T00:58:51.000Z,,,,,,,,,
"8/27/2025, 9:01:51 PM",3.663,79.2,97.3,14,2025-08-28T01:01:51.000Z,,,,,,,,,
"8/27/2025, 9:04:51 PM",3.663,79,97.3,14,2025-08-28T01:04:51.000Z,,,,,,,,,
"8/27/2025, 9:07:51 PM",3.663,79,97.3,14,2025-08-28T01:07:51.000Z,,,,,,,,,
"8/27/2025, 9:10:51 PM",3.663,78.6,97.3,13,2025-08-28T01:10:51.000Z,,,,,,,,,
"8/27/2025, 9:13:51 PM",3.663,78.4,97.2,13,2025-08-28T01:13:51.000Z,,,,,,,,,
"8/27/2025, 9:16:51 PM",3.663,78.3,97.2,13,2025-08-28T01:16:51.000Z,,,,,,,,,
"8/27/2025, 9:19:51 PM",3.663,78.1,97.2,13,2025-08-28T01:19:51.000Z,,,,,,,,,
"8/27/2025, 9:22:51 PM",3.663,77.9,97.2,13,2025-08-28T01:22:51.000Z,,,,,,,,,
"8/27/2025, 9:25:51 PM",3.662,77.7,97.2,13,2025-08-28T01:25:51.000Z,,,,,,,,,
"8/27/2025, 9:28:51 PM",3.663,77.5,97.1,13,2025-08-28T01:28:51.000Z,,,,,,,,,
"8/27/2025, 9:31:51 PM",3.663,77.5,97.1,13,2025-08-28T01:31:51.000Z,,,,,,,,,
"8/27/2025, 9:34:51 PM",3.663,77.4,97.1,13,2025-08-28T01:34:51.000Z,,,,,,,,,
"8/27/2025, 9:37:51 PM",3.663,77.2,97.1,13,2025-08-28T01:37:51.000Z,,,,,,,,,
"8/27/2025, 9:40:51 PM",3.663,77,97,12,2025-08-28T01:40:51.000Z,,,,,,,,,
"8/27/2025, 9:43:51 PM",3.663,76.8,97,12,2025-08-28T01:43:51.000Z,,,,,,,,,
"8/27/2025, 9:46:51 PM",3.663,76.8,97,12,2025-08-28T01:46:51.000Z,,,,,,,,,
"8/27/2025, 9:49:51 PM",3.663,76.6,97,12,2025-08-28T01:49:51.000Z,,,,,,,,,
"8/27/2025, 9:52:51 PM",3.663,76.5,97,12,2025-08-28T01:52:51.000Z,,,,,,,,,
"8/27/2025, 9:55:51 PM",3.663,76.3,97,12,2025-08-28T01:55:51.000Z,,,,,,,,,
"8/27/2025, 9:58:51 PM",3.663,76.3,97,12,2025-08-28T01:58:51.000Z,,,,,,,,,
"8/27/2025, 10:01:51 PM",3.663,76.1,97,12,2025-08-28T02:01:51.000Z,,,,,,,,,
"8/27/2025, 10:04:51 PM",3.663,75.9,97,12,2025-08-28T02:04:51.000Z,,,,,,,,,
"8/27/2025, 10:07:51 PM",3.663,75.9,96.9,12,2025-08-28T02:07:51.000Z,,,,,,,,,
"8/27/2025, 10:10:51 PM",3.663,75.7,96.9,12,2025-08-28T02:10:51.000Z,,,,,,,,,
"8/27/2025, 10:13:51 PM",3.663,75.7,96.9,12,2025-08-28T02:13:51.000Z,,,,,,,,,
"8/27/2025, 10:16:51 PM",3.663,75.6,96.9,12,2025-08-28T02:16:51.000Z,,,,,,,,,
"8/27/2025, 10:19:51 PM",3.663,75.4,96.9,12,2025-08-28T02:19:51.000Z,,,,,,,,,
"8/27/2025, 10:22:51 PM",3.663,75.2,96.9,12,2025-08-28T02:22:51.000Z,,,,,,,,,
"8/27/2025, 10:25:51 PM",3.663,75.2,96.9,12,2025-08-28T02:25:51.000Z,,,,,,,,,
"8/27/2025, 10:28:51 PM",3.663,75,96.9,12,2025-08-28T02:28:51.000Z,,,,,,,,,
"8/27/2025, 10:31:51 PM",3.663,75,96.9,11,2025-08-28T02:31:51.000Z,,,,,,,,,
"8/27/2025, 10:34:51 PM",3.663,74.8,96.8,11,2025-08-28T02:34:51.000Z,,,,,,,,,
"8/27/2025, 10:37:51 PM",3.663,74.8,96.8,11,2025-08-28T02:37:51.000Z,,,,,,,,,
"8/27/2025, 10:40:51 PM",3.663,74.7,96.9,11,2025-08-28T02:40:51.000Z,,,,,,,,,
"8/27/2025, 10:43:51 PM",3.663,74.7,96.9,11,2025-08-28T02:43:51.000Z,,,,,,,,,
"8/27/2025, 10:46:51 PM",3.663,74.5,96.8,11,2025-08-28T02:46:51.000Z,,,,,,,,,
"8/27/2025, 10:49:51 PM",3.663,74.5,96.8,11,2025-08-28T02:49:51.000Z,,,,,,,,,
"8/27/2025, 10:52:51 PM",3.663,74.3,96.8,11,2025-08-28T02:52:51.000Z,,,,,,,,,
"8/27/2025, 10:55:51 PM",3.663,74.3,96.8,11,2025-08-28T02:55:51.000Z,,,,,,,,,
"8/27/2025, 10:58:51 PM",3.663,74.1,96.8,11,2025-08-28T02:58:51.000Z,,,,,,,,,
"8/27/2025, 11:01:51 PM",3.663,74.1,96.8,11,2025-08-28T03:01:51.000Z,,,,,,,,,
"8/27/2025, 11:04:51 PM",3.663,73.9,96.8,11,2025-08-28T03:04:51.000Z,,,,,,,,,
"8/27/2025, 11:07:51 PM",3.663,73.9,96.8,11,2025-08-28T03:07:51.000Z,,,,,,,,,
"8/27/2025, 11:10:51 PM",3.663,73.8,96.8,11,2025-08-28T03:10:51.000Z,,,,,,,,,
"8/27/2025, 11:13:51 PM",3.663,73.8,96.8,11,2025-08-28T03:13:51.000Z,,,,,,,,,
"8/27/2025, 11:16:51 PM",3.663,73.6,96.8,11,2025-08-28T03:16:51.000Z,,,,,,,,,
"8/27/2025, 11:19:51 PM",3.663,73.6,96.8,11,2025-08-28T03:19:51.000Z,,,,,,,,,
"8/27/2025, 11:22:51 PM",3.663,73.4,96.8,11,2025-08-28T03:22:51.000Z,,,,,,,,,
"8/27/2025, 11:25:51 PM",3.663,73.4,96.8,11,2025-08-28T03:25:51.000Z,,,,,,,,,
"8/27/2025, 11:28:51 PM",3.663,73.4,96.7,11,2025-08-28T03:28:51.000Z,,,,,,,,,
"8/27/2025, 11:31:51 PM",3.663,73.2,96.7,11,2025-08-28T03:31:51.000Z,,,,,,,,,
"8/27/2025, 11:34:51 PM",3.663,73.2,96.7,10,2025-08-28T03:34:51.000Z,,,,,,,,,
"8/27/2025, 11:37:51 PM",3.663,73.2,96.7,10,2025-08-28T03:37:51.000Z,,,,,,,,,
"8/27/2025, 11:40:51 PM",3.663,73,96.8,10,2025-08-28T03:40:51.000Z,,,,,,,,,
"8/27/2025, 11:43:51 PM",3.663,73,96.7,10,2025-08-28T03:43:51.000Z,,,,,,,,,
"8/27/2025, 11:46:51 PM",3.663,73,96.7,10,2025-08-28T03:46:51.000Z,,,,,,,,,
"8/27/2025, 11:49:51 PM",3.663,72.9,96.7,10,2025-08-28T03:49:51.000Z,,,,,,,,,
"8/27/2025, 11:52:51 PM",3.663,72.9,96.7,10,2025-08-28T03:52:51.000Z,,,,,,,,,
"8/27/2025, 11:55:51 PM",3.663,72.9,96.8,10,2025-08-28T03:55:51.000Z,,,,,,,,,
"8/27/2025, 11:58:51 PM",3.663,72.7,96.7,10,2025-08-28T03:58:51.000Z,,,,,,,,,
"8/28/2025, 12:01:51 AM",3.663,72.7,96.7,10,2025-08-28T04:01:51.000Z,,,,,,,,,
"8/28/2025, 12:04:51 AM",3.663,72.7,96.7,10,2025-08-28T04:04:51.000Z,,,,,,,,,
"8/28/2025, 12:07:51 AM",3.663,72.5,96.7,10,2025-08-28T04:07:51.000Z,,,,,,,,,
"8/28/2025, 12:10:51 AM",3.663,72.5,96.7,10,2025-08-28T04:10:51.000Z,,,,,,,,,
"8/28/2025, 12:13:51 AM",3.663,72.5,96.8,10,2025-08-28T04:13:51.000Z,,,,,,,,,
"8/28/2025, 12:16:51 AM",3.663,72.5,96.8,10,2025-08-28T04:16:51.000Z,,,,,,,,,
"8/28/2025, 12:19:51 AM",3.663,72.3,96.8,10,2025-08-28T04:19:51.000Z,,,,,,,,,
"8/28/2025, 12:22:51 AM",3.663,72.3,96.8,10,2025-08-28T04:22:51.000Z,,,,,,,,,
"8/28/2025, 12:25:51 AM",3.662,72.3,96.8,10,2025-08-28T04:25:51.000Z,,,,,,,,,
"8/28/2025, 12:28:51 AM",3.663,72.3,96.8,10,2025-08-28T04:28:51.000Z,,,,,,,,,
"8/28/2025, 12:31:51 AM",3.663,72.3,96.8,10,2025-08-28T04:31:51.000Z,,,,,,,,,
"8/28/2025, 12:34:51 AM",3.663,72.3,96.8,10,2025-08-28T04:34:51.000Z,,,,,,,,,
"8/28/2025, 12:37:51 AM",3.663,72.3,96.8,10,2025-08-28T04:37:51.000Z,,,,,,,,,
"8/28/2025, 12:40:51 AM",3.662,72.3,96.8,10,2025-08-28T04:40:51.000Z,,,,,,,,,
"8/28/2025, 12:43:51 AM",3.663,72.3,96.8,10,2025-08-28T04:43:51.000Z,,,,,,,,,
"8/28/2025, 12:46:51 AM",3.663,72.3,96.9,10,2025-08-28T04:46:51.000Z,,,,,,,,,
"8/28/2025, 12:49:51 AM",3.662,72.1,96.9,10,2025-08-28T04:49:51.000Z,,,,,,,,,
"8/28/2025, 12:52:51 AM",3.662,72.1,96.9,10,2025-08-28T04:52:51.000Z,,,,,,,,,
"8/28/2025, 12:55:51 AM",3.663,72.1,96.9,10,2025-08-28T04:55:51.000Z,,,,,,,,,
"8/28/2025, 12:58:51 AM",3.663,72.1,96.9,10,2025-08-28T04:58:51.000Z,,,,,,,,,
"8/28/2025, 1:01:51 AM",3.662,72.1,96.9,10,2025-08-28T05:01:51.000Z,,,,,,,,,
"8/28/2025, 1:04:51 AM",3.663,72.1,96.9,10,2025-08-28T05:04:51.000Z,,,,,,,,,
"8/28/2025, 1:07:51 AM",3.663,72.1,96.9,10,2025-08-28T05:07:51.000Z,,,,,,,,,
"8/28/2025, 1:10:51 AM",3.663,72.1,96.9,10,2025-08-28T05:10:51.000Z,,,,,,,,,
"8/28/2025, 1:13:51 AM",3.662,72,96.9,10,2025-08-28T05:13:51.000Z,,,,,,,,,
"8/28/2025, 1:16:51 AM",3.662,72,96.9,10,2025-08-28T05:16:51.000Z,,,,,,,,,
"8/28/2025, 1:19:51 AM",3.663,72,96.9,10,2025-08-28T05:19:51.000Z,,,,,,,,,
"8/28/2025, 1:22:51 AM",3.663,72,96.9,10,2025-08-28T05:22:51.000Z,,,,,,,,,
"8/28/2025, 1:25:51 AM",3.663,72,96.9,10,2025-08-28T05:25:51.000Z,,,,,,,,,
"8/28/2025, 1:28:51 AM",3.663,72,97,10,2025-08-28T05:28:51.000Z,,,,,,,,,
"8/28/2025, 1:31:51 AM",3.663,72,97,10,2025-08-28T05:31:51.000Z,,,,,,,,,
"8/28/2025, 1:34:51 AM",3.663,72,97,10,2025-08-28T05:34:51.000Z,,,,,,,,,
"8/28/2025, 1:37:51 AM",3.663,72,97,10,2025-08-28T05:37:51.000Z,,,,,,,,,
"8/28/2025, 1:40:51 AM",3.662,71.8,97,10,2025-08-28T05:40:51.000Z,,,,,,,,,
"8/28/2025, 1:43:51 AM",3.663,71.8,97,10,2025-08-28T05:43:51.000Z,,,,,,,,,
"8/28/2025, 1:46:51 AM",3.662,71.8,97,10,2025-08-28T05:46:51.000Z,,,,,,,,,
"8/28/2025, 1:49:51 AM",3.663,71.8,97,10,2025-08-28T05:49:51.000Z,,,,,,,,,
"8/28/2025, 1:52:51 AM",3.662,71.8,97,10,2025-08-28T05:52:51.000Z,,,,,,,,,
"8/28/2025, 1:55:51 AM",3.663,71.8,97,10,2025-08-28T05:55:51.000Z,,,,,,,,,
"8/28/2025, 1:58:51 AM",3.662,71.6,97,10,2025-08-28T05:58:51.000Z,,,,,,,,,
"8/28/2025, 2:01:51 AM",3.663,71.6,97,10,2025-08-28T06:01:51.000Z,,,,,,,,,
"8/28/2025, 2:04:51 AM",3.662,71.6,97,10,2025-08-28T06:04:51.000Z,,,,,,,,,
"8/28/2025, 2:07:51 AM",3.662,71.6,97,10,2025-08-28T06:07:51.000Z,,,,,,,,,
"8/28/2025, 2:10:51 AM",3.663,71.6,97,10,2025-08-28T06:10:51.000Z,,,,,,,,,
"8/28/2025, 2:13:51 AM",3.662,71.4,97,10,2025-08-28T06:13:51.000Z,,,,,,,,,
"8/28/2025, 2:16:51 AM",3.662,71.4,97,10,2025-08-28T06:16:51.000Z,,,,,,,,,
"8/28/2025, 2:19:51 AM",3.662,71.4,97,10,2025-08-28T06:19:51.000Z,,,,,,,,,
"8/28/2025, 2:22:51 AM",3.662,71.4,97,10,2025-08-28T06:22:51.000Z,,,,,,,,,
"8/28/2025, 2:25:51 AM",3.663,71.4,97,10,2025-08-28T06:25:51.000Z,,,,,,,,,
"8/28/2025, 2:28:51 AM",3.662,71.4,97,10,2025-08-28T06:28:51.000Z,,,,,,,,,
"8/28/2025, 2:31:51 AM",3.662,71.2,97,10,2025-08-28T06:31:51.000Z,,,,,,,,,
"8/28/2025, 2:34:51 AM",3.662,71.2,97.1,10,2025-08-28T06:34:51.000Z,,,,,,,,,
"8/28/2025, 2:37:51 AM",3.662,71.2,97.1,10,2025-08-28T06:37:51.000Z,,,,,,,,,
"8/28/2025, 2:40:51 AM",3.663,71.2,97.1,10,2025-08-28T06:40:51.000Z,,,,,,,,,
"8/28/2025, 2:43:51 AM",3.662,71.2,97.1,10,2025-08-28T06:43:51.000Z,,,,,,,,,
"8/28/2025, 2:46:51 AM",3.662,71.2,97,10,2025-08-28T06:46:51.000Z,,,,,,,,,
"8/28/2025, 2:49:51 AM",3.662,71.1,97.1,10,2025-08-28T06:49:51.000Z,,,,,,,,,
"8/28/2025, 2:52:51 AM",3.662,71.1,97.1,10,2025-08-28T06:52:51.000Z,,,,,,,,,
"8/28/2025, 2:55:51 AM",3.662,71.1,97.1,10,2025-08-28T06:55:51.000Z,,,,,,,,,
"8/28/2025, 2:58:51 AM",3.662,71.1,97.1,10,2025-08-28T06:58:51.000Z,,,,,,,,,
"8/28/2025, 3:01:51 AM",3.662,71.1,97.1,10,2025-08-28T07:01:51.000Z,,,,,,,,,
"8/28/2025, 3:04:51 AM",3.662,71.1,97.1,10,2025-08-28T07:04:51.000Z,,,,,,,,,
"8/28/2025, 3:07:51 AM",3.662,71.1,97.1,10,2025-08-28T07:07:51.000Z,,,,,,,,,
"8/28/2025, 3:10:51 AM",3.662,70.9,97.1,10,2025-08-28T07:10:51.000Z,,,,,,,,,
"8/28/2025, 3:13:51 AM",3.662,70.9,97.1,10,2025-08-28T07:13:51.000Z,,,,,,,,,
"8/28/2025, 3:16:51 AM",3.662,70.9,97.1,10,2025-08-28T07:16:51.000Z,,,,,,,,,
"8/28/2025, 3:19:51 AM",3.662,70.9,97.1,10,2025-08-28T07:19:51.000Z,,,,,,,,,
"8/28/2025, 3:22:51 AM",3.663,70.9,97.1,10,2025-08-28T07:22:51.000Z,,,,,,,,,
"8/28/2025, 3:25:51 AM",3.662,70.7,97.1,10,2025-08-28T07:25:51.000Z,,,,,,,,,
"8/28/2025, 3:28:51 AM",3.663,70.7,97.1,10,2025-08-28T07:28:51.000Z,,,,,,,,,
"8/28/2025, 3:31:51 AM",3.662,70.7,97.1,10,2025-08-28T07:31:51.000Z,,,,,,,,,
"8/28/2025, 3:34:51 AM",3.663,70.7,97.1,10,2025-08-28T07:34:51.000Z,,,,,,,,,
"8/28/2025, 3:37:51 AM",3.662,70.7,97.1,10,2025-08-28T07:37:51.000Z,,,,,,,,,
"8/28/2025, 3:40:51 AM",3.662,70.7,97.1,10,2025-08-28T07:40:51.000Z,,,,,,,,,
"8/28/2025, 3:43:51 AM",3.662,70.7,97.2,10,2025-08-28T07:43:51.000Z,,,,,,,,,
"8/28/2025, 3:46:51 AM",3.662,70.7,97.2,10,2025-08-28T07:46:51.000Z,,,,,,,,,
"8/28/2025, 3:49:51 AM",3.662,70.7,97.2,10,2025-08-28T07:49:51.000Z,,,,,,,,,
"8/28/2025, 3:52:51 AM",3.662,70.5,97.2,10,2025-08-28T07:52:51.000Z,,,,,,,,,
"8/28/2025, 3:55:51 AM",3.662,70.5,97.2,10,2025-08-28T07:55:51.000Z,,,,,,,,,
"8/28/2025, 3:58:51 AM",3.662,70.5,97.1,10,2025-08-28T07:58:51.000Z,,,,,,,,,
"8/28/2025, 4:01:51 AM",3.662,70.5,97.2,10,2025-08-28T08:01:51.000Z,,,,,,,,,
"8/28/2025, 4:04:51 AM",3.662,70.5,97.2,10,2025-08-28T08:04:51.000Z,,,,,,,,,
"8/28/2025, 4:07:51 AM",3.662,70.5,97.2,10,2025-08-28T08:07:51.000Z,,,,,,,,,
"8/28/2025, 4:10:51 AM",3.662,70.5,97.2,10,2025-08-28T08:10:51.000Z,,,,,,,,,
"8/28/2025, 4:13:51 AM",3.662,70.5,97.2,10,2025-08-28T08:13:51.000Z,,,,,,,,,
"8/28/2025, 4:16:51 AM",3.662,70.3,97.2,10,2025-08-28T08:16:51.000Z,,,,,,,,,
"8/28/2025, 4:19:51 AM",3.662,70.3,97.2,9,2025-08-28T08:19:51.000Z,,,,,,,,,
"8/28/2025, 4:22:51 AM",3.662,70.3,97.2,9,2025-08-28T08:22:51.000Z,,,,,,,,,
"8/28/2025, 4:25:51 AM",3.662,70.3,97.2,9,2025-08-28T08:25:51.000Z,,,,,,,,,
"8/28/2025, 4:28:51 AM",3.662,70.3,97.2,9,2025-08-28T08:28:51.000Z,,,,,,,,,
"8/28/2025, 4:31:51 AM",3.662,70.3,97.2,9,2025-08-28T08:31:51.000Z,,,,,,,,,
"8/28/2025, 4:34:51 AM",3.662,70.3,97.2,9,2025-08-28T08:34:51.000Z,,,,,,,,,
"8/28/2025, 4:37:51 AM",3.662,70.2,97.2,9,2025-08-28T08:37:51.000Z,,,,,,,,,
"8/28/2025, 4:40:51 AM",3.662,70.2,97.2,9,2025-08-28T08:40:51.000Z,,,,,,,,,
"8/28/2025, 4:43:51 AM",3.662,70.2,97.2,9,2025-08-28T08:43:51.000Z,,,,,,,,,
"8/28/2025, 4:46:51 AM",3.662,70.2,97.2,9,2025-08-28T08:46:51.000Z,,,,,,,,,
"8/28/2025, 4:49:51 AM",3.662,70.2,97.2,9,2025-08-28T08:49:51.000Z,,,,,,,,,
"8/28/2025, 4:52:51 AM",3.662,70.2,97.2,9,2025-08-28T08:52:51.000Z,,,,,,,,,
"8/28/2025, 4:55:51 AM",3.662,70.2,97.2,9,2025-08-28T08:55:51.000Z,,,,,,,,,
"8/28/2025, 4:58:51 AM",3.662,70,97.2,9,2025-08-28T08:58:51.000Z,,,,,,,,,
"8/28/2025, 5:01:51 AM",3.662,70,97.2,9,2025-08-28T09:01:51.000Z,,,,,,,,,
"8/28/2025, 5:04:51 AM",3.662,70,97.3,9,2025-08-28T09:04:51.000Z,,,,,,,,,
"8/28/2025, 5:07:51 AM",3.662,70,97.2,9,2025-08-28T09:07:51.000Z,,,,,,,,,
"8/28/2025, 5:10:51 AM",3.662,70,97.2,9,2025-08-28T09:10:51.000Z,,,,,,,,,
"8/28/2025, 5:13:51 AM",3.662,70,97.2,9,2025-08-28T09:13:51.000Z,,,,,,,,,
"8/28/2025, 5:16:51 AM",3.662,69.8,97.2,9,2025-08-28T09:16:51.000Z,,,,,,,,,
"8/28/2025, 5:19:51 AM",3.662,69.8,97.2,9,2025-08-28T09:19:51.000Z,,,,,,,,,
"8/28/2025, 5:22:51 AM",3.662,69.8,97.2,9,2025-08-28T09:22:51.000Z,,,,,,,,,
"8/28/2025, 5:25:51 AM",3.662,69.8,97.2,9,2025-08-28T09:25:51.000Z,,,,,,,,,
"8/28/2025, 5:28:51 AM",3.662,69.8,97.3,9,2025-08-28T09:28:51.000Z,,,,,,,,,
"8/28/2025, 5:31:51 AM",3.662,69.8,97.3,9,2025-08-28T09:31:51.000Z,,,,,,,,,
"8/28/2025, 5:34:51 AM",3.662,69.8,97.3,9,2025-08-28T09:34:51.000Z,,,,,,,,,
"8/28/2025, 5:37:51 AM",3.662,69.8,97.3,9,2025-08-28T09:37:51.000Z,,,,,,,,,
"8/28/2025, 5:40:51 AM",3.662,69.8,97.3,9,2025-08-28T09:40:51.000Z,,,,,,,,,
"8/28/2025, 5:43:51 AM",3.661,69.8,97.3,9,2025-08-28T09:43:51.000Z,,,,,,,,,
"8/28/2025, 5:46:51 AM",3.661,69.8,97.3,9,2025-08-28T09:46:51.000Z,,,,,,,,,
"8/28/2025, 5:49:51 AM",3.662,69.6,97.3,9,2025-08-28T09:49:51.000Z,,,,,,,,,
"8/28/2025, 5:52:51 AM",3.662,69.6,97.3,9,2025-08-28T09:52:51.000Z,,,,,,,,,
"8/28/2025, 5:55:51 AM",3.662,69.6,97.3,9,2025-08-28T09:55:51.000Z,,,,,,,,,
"8/28/2025, 5:58:51 AM",3.662,69.6,97.3,9,2025-08-28T09:58:51.000Z,,,,,,,,,
"8/28/2025, 6:01:51 AM",3.661,69.6,97.3,9,2025-08-28T10:01:51.000Z,,,,,,,,,
"8/28/2025, 6:04:51 AM",3.661,69.6,97.3,8,2025-08-28T10:04:51.000Z,,,,,,,,,
"8/28/2025, 6:07:51 AM",3.661,69.6,97.3,8,2025-08-28T10:07:51.000Z,,,,,,,,,
"8/28/2025, 6:10:51 AM",3.661,69.6,97.3,8,2025-08-28T10:10:51.000Z,,,,,,,,,
"8/28/2025, 6:13:51 AM",3.662,69.6,97.3,8,2025-08-28T10:13:51.000Z,,,,,,,,,
"8/28/2025, 6:16:51 AM",3.662,69.6,97.3,8,2025-08-28T10:16:51.000Z,,,,,,,,,
"8/28/2025, 6:19:51 AM",3.662,69.4,97.3,8,2025-08-28T10:19:51.000Z,,,,,,,,,
"8/28/2025, 6:22:51 AM",3.662,69.4,97.4,8,2025-08-28T10:22:51.000Z,,,,,,,,,
"8/28/2025, 6:25:51 AM",3.662,69.4,97.4,8,2025-08-28T10:25:51.000Z,,,,,,,,,
"8/28/2025, 6:28:51 AM",3.662,69.4,97.4,8,2025-08-28T10:28:51.000Z,,,,,,,,,
"8/28/2025, 6:31:51 AM",3.661,69.4,97.4,8,2025-08-28T10:31:51.000Z,,,,,,,,,
"8/28/2025, 6:34:51 AM",3.662,69.4,97.4,8,2025-08-28T10:34:51.000Z,,,,,,,,,
"8/28/2025, 6:37:51 AM",3.662,69.4,97.4,8,2025-08-28T10:37:51.000Z,,,,,,,,,
"8/28/2025, 6:40:51 AM",3.661,69.4,97.4,8,2025-08-28T10:40:51.000Z,,,,,,,,,
"8/28/2025, 6:43:51 AM",3.662,69.4,97.4,8,2025-08-28T10:43:51.000Z,,,,,,,,,
"8/28/2025, 6:46:51 AM",3.661,69.4,97.4,8,2025-08-28T10:46:51.000Z,,,,,,,,,
"8/28/2025, 6:49:51 AM",3.662,69.4,97.4,8,2025-08-28T10:49:51.000Z,,,,,,,,,
"8/28/2025, 6:52:51 AM",3.661,69.4,97.4,8,2025-08-28T10:52:51.000Z,,,,,,,,,
"8/28/2025, 6:55:51 AM",3.661,69.4,97.4,8,2025-08-28T10:55:51.000Z,,,,,,,,,
"8/28/2025, 6:58:51 AM",3.661,69.4,97.4,8,2025-08-28T10:58:51.000Z,,,,,,,,,
"8/28/2025, 7:01:51 AM",3.661,69.4,97.4,9,2025-08-28T11:01:51.000Z,,,,,,,,,
"8/28/2025, 7:04:51 AM",3.661,69.4,97.4,9,2025-08-28T11:04:51.000Z,,,,,,,,,
"8/28/2025, 7:07:51 AM",3.661,69.4,97.5,9,2025-08-28T11:07:51.000Z,,,,,,,,,
"8/28/2025, 7:10:51 AM",3.661,69.4,97.5,9,2025-08-28T11:10:51.000Z,,,,,,,,,
"8/28/2025, 7:13:51 AM",3.662,69.4,97.5,9,2025-08-28T11:13:51.000Z,,,,,,,,,
"8/28/2025, 7:16:51 AM",3.661,69.4,97.5,9,2025-08-28T11:16:51.000Z,,,,,,,,,
"8/28/2025, 7:19:51 AM",3.661,69.4,97.5,9,2025-08-28T11:19:51.000Z,,,,,,,,,
"8/28/2025, 7:22:51 AM",3.661,69.4,97.5,9,2025-08-28T11:22:51.000Z,,,,,,,,,
"8/28/2025, 7:25:51 AM",3.662,69.4,97.5,9,2025-08-28T11:25:51.000Z,,,,,,,,,
"8/28/2025, 7:28:51 AM",3.661,69.4,97.5,9,2025-08-28T11:28:51.000Z,,,,,,,,,
"8/28/2025, 7:31:51 AM",3.662,69.6,97.5,9,2025-08-28T11:31:51.000Z,,,,,,,,,
"8/28/2025, 7:34:51 AM",3.662,69.6,97.5,9,2025-08-28T11:34:51.000Z,,,,,,,,,
"8/28/2025, 7:37:51 AM",3.661,69.6,97.5,9,2025-08-28T11:37:51.000Z,,,,,,,,,
"8/28/2025, 7:40:51 AM",3.661,69.6,97.6,9,2025-08-28T11:40:51.000Z,,,,,,,,,
"8/28/2025, 7:43:51 AM",3.662,69.8,97.6,9,2025-08-28T11:43:51.000Z,,,,,,,,,
"8/28/2025, 7:46:51 AM",3.662,69.8,97.6,9,2025-08-28T11:46:51.000Z,,,,,,,,,
"8/28/2025, 7:49:51 AM",3.661,69.8,97.6,9,2025-08-28T11:49:51.000Z,,,,,,,,,
"8/28/2025, 7:52:51 AM",3.661,70,97.6,9,2025-08-28T11:52:51.000Z,,,,,,,,,
"8/28/2025, 7:55:51 AM",3.661,70,97.7,9,2025-08-28T11:55:51.000Z,,,,,,,,,
"8/28/2025, 7:58:51 AM",3.661,70.2,97.7,9,2025-08-28T11:58:51.000Z,,,,,,,,,
"8/28/2025, 8:01:51 AM",3.661,70.3,97.8,9,2025-08-28T12:01:51.000Z,,,,,,,,,
"8/28/2025, 8:04:51 AM",3.661,70.5,97.8,10,2025-08-28T12:04:51.000Z,,,,,,,,,
"8/28/2025, 8:07:51 AM",3.661,70.5,97.8,10,2025-08-28T12:07:51.000Z,,,,,,,,,
"8/28/2025, 8:10:51 AM",3.662,70.7,97.9,10,2025-08-28T12:10:51.000Z,,,,,,,,,
"8/28/2025, 8:13:51 AM",3.661,70.9,97.9,10,2025-08-28T12:13:51.000Z,,,,,,,,,
"8/28/2025, 8:16:51 AM",3.662,71.1,97.9,10,2025-08-28T12:16:51.000Z,,,,,,,,,
"8/28/2025, 8:19:51 AM",3.661,71.2,98,10,2025-08-28T12:19:51.000Z,,,,,,,,,
"8/28/2025, 8:22:51 AM",3.661,71.4,98,10,2025-08-28T12:22:51.000Z,,,,,,,,,
"8/28/2025, 8:25:51 AM",3.661,71.4,98,10,2025-08-28T12:25:51.000Z,,,,,,,,,
"8/28/2025, 8:28:51 AM",3.661,71.6,98.1,10,2025-08-28T12:28:51.000Z,,,,,,,,,
"8/28/2025, 8:31:51 AM",3.661,71.8,98.1,11,2025-08-28T12:31:51.000Z,,,,,,,,,
"8/28/2025, 8:34:51 AM",3.661,71.8,98.2,11,2025-08-28T12:34:51.000Z,,,,,,,,,
"8/28/2025, 8:37:51 AM",3.661,72,98.2,11,2025-08-28T12:37:51.000Z,,,,,,,,,
"8/28/2025, 8:40:51 AM",3.661,72.1,98.3,11,2025-08-28T12:40:51.000Z,,,,,,,,,
"8/28/2025, 8:43:51 AM",3.661,72.3,98.3,11,2025-08-28T12:43:51.000Z,,,,,,,,,
"8/28/2025, 8:46:51 AM",3.661,72.7,98.3,12,2025-08-28T12:46:51.000Z,,,,,,,,,
"8/28/2025, 8:49:51 AM",3.661,72.9,98.4,12,2025-08-28T12:49:51.000Z,,,,,,,,,
"8/28/2025, 8:52:51 AM",3.661,73,98.5,12,2025-08-28T12:52:51.000Z,,,,,,,,,
"8/28/2025, 8:55:51 AM",3.66,73.4,98.5,12,2025-08-28T12:55:51.000Z,,,,,,,,,
"8/28/2025, 8:58:51 AM",3.661,73.6,98.6,12,2025-08-28T12:58:51.000Z,,,,,,,,,
"8/28/2025, 9:01:51 AM",3.661,73.9,98.7,13,2025-08-28T13:01:51.000Z,,,,,,,,,
"8/28/2025, 9:04:51 AM",3.661,74.3,98.7,13,2025-08-28T13:04:51.000Z,,,,,,,,,
"8/28/2025, 9:07:51 AM",3.661,74.5,98.8,14,2025-08-28T13:07:51.000Z,,,,,,,,,
"8/28/2025, 9:10:51 AM",3.661,74.8,98.9,14,2025-08-28T13:10:51.000Z,,,,,,,,,
"8/28/2025, 9:13:51 AM",3.661,75,99,14,2025-08-28T13:13:51.000Z,,,,,,,,,
"8/28/2025, 9:16:51 AM",3.661,75.2,99,14,2025-08-28T13:16:51.000Z,,,,,,,,,
"8/28/2025, 9:19:51 AM",3.661,75.6,99,14,2025-08-28T13:19:51.000Z,,,,,,,,,
"8/28/2025, 9:22:51 AM",3.661,75.7,99.1,14,2025-08-28T13:22:51.000Z,,,,,,,,,
"8/28/2025, 9:25:51 AM",3.661,75.7,99.1,14,2025-08-28T13:25:51.000Z,,,,,,,,,
"8/28/2025, 9:28:51 AM",3.661,75.9,99.2,14,2025-08-28T13:28:51.000Z,,,,,,,,,
"8/28/2025, 9:31:51 AM",3.661,76.3,99.3,14,2025-08-28T13:31:51.000Z,,,,,,,,,
"8/28/2025, 9:34:51 AM",3.661,76.5,99.3,15,2025-08-28T13:34:51.000Z,,,,,,,,,
"8/28/2025, 9:37:51 AM",3.661,76.6,99.3,15,2025-08-28T13:37:51.000Z,,,,,,,,,
"8/28/2025, 9:40:51 AM",3.661,77,99.4,15,2025-08-28T13:40:51.000Z,,,,,,,,,
"8/28/2025, 9:43:51 AM",3.661,77.2,99.5,16,2025-08-28T13:43:51.000Z,,,,,,,,,
"8/28/2025, 9:46:51 AM",3.661,77.4,99.6,16,2025-08-28T13:46:51.000Z,,,,,,,,,
"8/28/2025, 9:49:51 AM",3.661,77.5,99.6,16,2025-08-28T13:49:51.000Z,,,,,,,,,
"8/28/2025, 9:52:51 AM",3.661,77.7,99.6,16,2025-08-28T13:52:51.000Z,,,,,,,,,
"8/28/2025, 9:55:51 AM",3.661,77.7,99.7,16,2025-08-28T13:55:51.000Z,,,,,,,,,
"8/28/2025, 9:58:51 AM",3.661,77.9,99.7,16,2025-08-28T13:58:51.000Z,,,,,,,,,
"8/28/2025, 10:01:51 AM",3.661,77.9,99.7,16,2025-08-28T14:01:51.000Z,,,,,,,,,
"8/28/2025, 10:04:51 AM",3.661,77.7,99.7,16,2025-08-28T14:04:51.000Z,,,,,,,,,
"8/28/2025, 10:07:51 AM",3.661,77.7,99.7,16,2025-08-28T14:07:51.000Z,,,,,,,,,
"8/28/2025, 10:10:51 AM",3.661,77.7,99.6,15,2025-08-28T14:10:51.000Z,,,,,,,,,
"8/28/2025, 10:13:51 AM",3.661,77.5,99.6,15,2025-08-28T14:13:51.000Z,,,,,,,,,
"8/28/2025, 10:16:51 AM",3.661,77.5,99.6,15,2025-08-28T14:16:51.000Z,,,,,,,,,
"8/28/2025, 10:19:51 AM",3.661,77.5,99.6,15,2025-08-28T14:19:51.000Z,,,,,,,,,
"8/28/2025, 10:22:51 AM",3.661,77.4,99.6,15,2025-08-28T14:22:51.000Z,,,,,,,,,
"8/28/2025, 10:25:51 AM",3.661,77.4,99.6,15,2025-08-28T14:25:51.000Z,,,,,,,,,
"8/28/2025, 10:28:51 AM",3.661,77.4,99.6,15,2025-08-28T14:28:51.000Z,,,,,,,,,
"8/28/2025, 10:31:51 AM",3.661,77.4,99.6,15,2025-08-28T14:31:51.000Z,,,,,,,,,
"8/28/2025, 10:34:51 AM",3.661,77.2,99.7,14,2025-08-28T14:34:51.000Z,,,,,,,,,
"8/28/2025, 10:37:51 AM",3.661,77.2,99.7,14,2025-08-28T14:37:51.000Z,,,,,,,,,
"8/28/2025, 10:40:51 AM",3.661,77.2,99.7,14,2025-08-28T14:40:51.000Z,,,,,,,,,
"8/28/2025, 10:43:51 AM",3.661,77.2,99.7,14,2025-08-28T14:43:51.000Z,,,,,,,,,
"8/28/2025, 10:46:51 AM",3.661,77.2,99.7,14,2025-08-28T14:46:51.000Z,,,,,,,,,
"8/28/2025, 10:49:51 AM",3.661,77.2,99.7,14,2025-08-28T14:49:51.000Z,,,,,,,,,
"8/28/2025, 10:52:51 AM",3.661,77.2,99.7,14,2025-08-28T14:52:51.000Z,,,,,,,,,
"8/28/2025, 10:55:51 AM",3.662,77.2,99.7,14,2025-08-28T14:55:51.000Z,,,,,,,,,
"8/28/2025, 10:58:51 AM",3.661,77.4,99.7,14,2025-08-28T14:58:51.000Z,,,,,,,,,
"8/28/2025, 11:01:51 AM",3.661,77.4,99.7,14,2025-08-28T15:01:51.000Z,,,,,,,,,
"8/28/2025, 11:04:51 AM",3.661,77.4,99.8,14,2025-08-28T15:04:51.000Z,,,,,,,,,
"8/28/2025, 11:07:51 AM",3.661,77.5,99.8,15,2025-08-28T15:07:51.000Z,,,,,,,,,
"8/28/2025, 11:10:51 AM",3.661,77.5,99.8,15,2025-08-28T15:10:51.000Z,,,,,,,,,
"8/28/2025, 11:13:51 AM",3.661,77.7,99.8,15,2025-08-28T15:13:51.000Z,,,,,,,,,
"8/28/2025, 11:16:51 AM",3.661,77.7,99.9,15,2025-08-28T15:16:51.000Z,,,,,,,,,
"8/28/2025, 11:19:51 AM",3.661,77.9,99.9,15,2025-08-28T15:19:51.000Z,,,,,,,,,
"8/28/2025, 11:22:51 AM",3.661,77.9,99.9,15,2025-08-28T15:22:51.000Z,,,,,,,,,
"8/28/2025, 11:25:51 AM",3.661,77.9,99.9,15,2025-08-28T15:25:51.000Z,,,,,,,,,
"8/28/2025, 11:28:51 AM",3.661,77.9,99.9,15,2025-08-28T15:28:51.000Z,,,,,,,,,
"8/28/2025, 11:31:51 AM",3.661,78.1,100,15,2025-08-28T15:31:51.000Z,,,,,,,,,
"8/28/2025, 11:34:51 AM",3.661,78.1,100,15,2025-08-28T15:34:51.000Z,,,,,,,,,
"8/28/2025, 11:37:51 AM",3.661,78.1,100,15,2025-08-28T15:37:51.000Z,,,,,,,,,
"8/28/2025, 11:40:51 AM",3.661,78.3,100,15,2025-08-28T15:40:51.000Z,,,,,,,,,
"8/28/2025, 11:43:51 AM",3.661,78.3,100,15,2025-08-28T15:43:51.000Z,,,,,,,,,
"8/28/2025, 11:46:51 AM",3.661,78.4,100,15,2025-08-28T15:46:51.000Z,,,,,,,,,
"8/28/2025, 11:49:51 AM",3.661,78.4,100,15,2025-08-28T15:49:51.000Z,,,,,,,,,
"8/28/2025, 11:52:51 AM",3.661,78.4,100,15,2025-08-28T15:52:51.000Z,,,,,,,,,
"8/28/2025, 11:55:51 AM",3.661,78.6,100,15,2025-08-28T15:55:51.000Z,,,,,,,,,
"8/28/2025, 11:58:51 AM",3.661,78.6,100,15,2025-08-28T15:58:51.000Z,,,,,,,,,
"8/28/2025, 12:01:51 PM",3.661,78.6,100,15,2025-08-28T16:01:51.000Z,,,,,,,,,
"8/28/2025, 12:04:51 PM",3.661,78.6,100,15,2025-08-28T16:04:51.000Z,,,,,,,,,
"8/28/2025, 12:07:51 PM",3.661,78.6,100,15,2025-08-28T16:07:51.000Z,,,,,,,,,
"8/28/2025, 12:10:51 PM",3.661,78.6,100,15,2025-08-28T16:10:51.000Z,,,,,,,,,
"8/28/2025, 12:13:51 PM",3.661,78.6,100,15,2025-08-28T16:13:51.000Z,,,,,,,,,
"8/28/2025, 12:16:51 PM",3.661,78.6,100,15,2025-08-28T16:16:51.000Z,,,,,,,,,
"8/28/2025, 12:19:51 PM",3.661,78.6,100,15,2025-08-28T16:19:51.000Z,,,,,,,,,
"8/28/2025, 12:22:51 PM",3.661,78.8,100,15,2025-08-28T16:22:51.000Z,,,,,,,,,
"8/28/2025, 12:25:51 PM",3.661,78.8,100,15,2025-08-28T16:25:51.000Z,,,,,,,,,
"8/28/2025, 12:28:51 PM",3.661,78.8,100,15,2025-08-28T16:28:51.000Z,,,,,,,,,
"8/28/2025, 12:31:51 PM",3.661,78.8,100,15,2025-08-28T16:31:51.000Z,,,,,,,,,
"8/28/2025, 12:34:51 PM",3.661,79,100,15,2025-08-28T16:34:51.000Z,,,,,,,,,
"8/28/2025, 12:37:51 PM",3.661,79,100,15,2025-08-28T16:37:51.000Z,,,,,,,,,
"8/28/2025, 12:40:51 PM",3.661,79,100,15,2025-08-28T16:40:51.000Z,,,,,,,,,
"8/28/2025, 12:43:51 PM",3.661,78.8,100,15,2025-08-28T16:43:51.000Z,,,,,,,,,
"8/28/2025, 12:46:51 PM",3.661,78.8,100,15,2025-08-28T16:46:51.000Z,,,,,,,,,
"8/28/2025, 12:49:51 PM",3.661,78.8,100,15,2025-08-28T16:49:51.000Z,,,,,,,,,
"8/28/2025, 12:52:51 PM",3.661,78.8,100,15,2025-08-28T16:52:51.000Z,,,,,,,,,
"8/28/2025, 12:55:51 PM",3.661,78.6,100,15,2025-08-28T16:55:51.000Z,,,,,,,,,
"8/28/2025, 12:58:51 PM",3.661,78.4,100,15,2025-08-28T16:58:51.000Z,,,,,,,,,
"8/28/2025, 1:01:51 PM",3.661,78.4,100,14,2025-08-28T17:01:51.000Z,,,,,,,,,
"8/28/2025, 1:04:51 PM",3.661,78.3,100,14,2025-08-28T17:04:51.000Z,,,,,,,,,
"8/28/2025, 1:07:51 PM",3.661,78.1,100,14,2025-08-28T17:07:51.000Z,,,,,,,,,
"8/28/2025, 1:10:51 PM",3.661,77.9,100,14,2025-08-28T17:10:51.000Z,,,,,,,,,
"8/28/2025, 1:13:51 PM",3.661,77.7,100,14,2025-08-28T17:13:51.000Z,,,,,,,,,
"8/28/2025, 1:16:51 PM",3.661,77.5,100,14,2025-08-28T17:16:51.000Z,,,,,,,,,
"8/28/2025, 1:19:51 PM",3.661,77.5,100,13,2025-08-28T17:19:51.000Z,,,,,,,,,
"8/28/2025, 1:22:51 PM",3.662,77.4,100,13,2025-08-28T17:22:51.000Z,,,,,,,,,
"8/28/2025, 1:25:51 PM",3.661,77.4,100,13,2025-08-28T17:25:51.000Z,,,,,,,,,
"8/28/2025, 1:28:51 PM",3.661,77.2,100,13,2025-08-28T17:28:51.000Z,,,,,,,,,
"8/28/2025, 1:31:51 PM",3.661,77.2,100,13,2025-08-28T17:31:51.000Z,,,,,,,,,
"8/28/2025, 1:34:51 PM",3.661,77.2,100,13,2025-08-28T17:34:51.000Z,,,,,,,,,
"8/28/2025, 1:37:51 PM",3.661,77.2,100,12,2025-08-28T17:37:51.000Z,,,,,,,,,
"8/28/2025, 1:40:51 PM",3.661,77.2,100,12,2025-08-28T17:40:51.000Z,,,,,,,,,
"8/28/2025, 1:43:51 PM",3.661,77.2,100,12,2025-08-28T17:43:51.000Z,,,,,,,,,
"8/28/2025, 1:46:51 PM",3.661,77.2,100,12,2025-08-28T17:46:51.000Z,,,,,,,,,
"8/28/2025, 1:49:51 PM",3.661,77.2,100,12,2025-08-28T17:49:51.000Z,,,,,,,,,
"8/28/2025, 1:52:51 PM",3.661,77.2,100,12,2025-08-28T17:52:51.000Z,,,,,,,,,
"8/28/2025, 1:55:51 PM",3.661,77.2,100,12,2025-08-28T17:55:51.000Z,,,,,,,,,
"8/28/2025, 1:58:51 PM",3.661,77.2,100,12,2025-08-28T17:58:51.000Z,,,,,,,,,
"8/28/2025, 2:01:51 PM",3.661,77.4,100,12,2025-08-28T18:01:51.000Z,,,,,,,,,
"8/28/2025, 2:04:51 PM",3.661,77.4,100,13,2025-08-28T18:04:51.000Z,,,,,,,,,
"8/28/2025, 2:07:51 PM",3.661,77.4,100,13,2025-08-28T18:07:51.000Z,,,,,,,,,
"8/28/2025, 2:10:51 PM",3.661,77.4,100,13,2025-08-28T18:10:51.000Z,,,,,,,,,
"8/28/2025, 2:13:51 PM",3.661,77.4,100,13,2025-08-28T18:13:51.000Z,,,,,,,,,
"8/28/2025, 2:16:51 PM",3.661,77.5,100,13,2025-08-28T18:16:51.000Z,,,,,,,,,
"8/28/2025, 2:19:51 PM",3.661,77.5,100,13,2025-08-28T18:19:51.000Z,,,,,,,,,
"8/28/2025, 2:22:51 PM",3.661,77.5,100,13,2025-08-28T18:22:51.000Z,,,,,,,,,
"8/28/2025, 2:25:51 PM",3.661,77.7,100,13,2025-08-28T18:25:51.000Z,,,,,,,,,
"8/28/2025, 2:28:51 PM",3.661,77.7,100,13,2025-08-28T18:28:51.000Z,,,,,,,,,
"8/28/2025, 2:31:51 PM",3.661,77.7,100,13,2025-08-28T18:31:51.000Z,,,,,,,,,
"8/28/2025, 2:34:51 PM",3.661,77.9,100,13,2025-08-28T18:34:51.000Z,,,,,,,,,
"8/28/2025, 2:37:51 PM",3.661,78.1,100,13,2025-08-28T18:37:51.000Z,,,,,,,,,
"8/28/2025, 2:40:51 PM",3.661,78.3,100,13,2025-08-28T18:40:51.000Z,,,,,,,,,
"8/28/2025, 2:43:51 PM",3.661,78.3,100,14,2025-08-28T18:43:51.000Z,,,,,,,,,
"8/28/2025, 2:46:51 PM",3.661,78.4,100,14,2025-08-28T18:46:51.000Z,,,,,,,,,
"8/28/2025, 2:49:51 PM",3.661,78.6,100,14,2025-08-28T18:49:51.000Z,,,,,,,,,
"8/28/2025, 2:52:51 PM",3.66,78.8,100,14,2025-08-28T18:52:51.000Z,,,,,,,,,
"8/28/2025, 2:55:51 PM",3.661,79,100,14,2025-08-28T18:55:51.000Z,,,,,,,,,
"8/28/2025, 2:58:51 PM",3.661,79,100,14,2025-08-28T18:58:51.000Z,,,,,,,,,
"8/28/2025, 3:01:51 PM",3.661,79,100,15,2025-08-28T19:01:51.000Z,,,,,,,,,
"8/28/2025, 3:04:51 PM",3.661,79.2,100,15,2025-08-28T19:04:51.000Z,,,,,,,,,
"8/28/2025, 3:07:51 PM",3.661,79.3,100,15,2025-08-28T19:07:51.000Z,,,,,,,,,
"8/28/2025, 3:10:51 PM",3.66,79.3,100,15,2025-08-28T19:10:51.000Z,,,,,,,,,
"8/28/2025, 3:13:51 PM",3.661,79.5,100,15,2025-08-28T19:13:51.000Z,,,,,,,,,
"8/28/2025, 3:16:51 PM",3.661,79.5,100,15,2025-08-28T19:16:51.000Z,,,,,,,,,
"8/28/2025, 3:19:51 PM",3.661,79.7,100,15,2025-08-28T19:19:51.000Z,,,,,,,,,
"8/28/2025, 3:22:51 PM",3.661,79.7,100,16,2025-08-28T19:22:51.000Z,,,,,,,,,
"8/28/2025, 3:25:51 PM",3.661,79.7,100,16,2025-08-28T19:25:51.000Z,,,,,,,,,
"8/28/2025, 3:28:51 PM",3.661,79.9,100,16,2025-08-28T19:28:51.000Z,,,,,,,,,
"8/28/2025, 3:31:51 PM",3.661,79.9,100,16,2025-08-28T19:31:51.000Z,,,,,,,,,
"8/28/2025, 3:34:51 PM",3.661,80.1,100,16,2025-08-28T19:34:51.000Z,,,,,,,,,
"8/28/2025, 3:37:51 PM",3.66,80.2,100,16,2025-08-28T19:37:51.000Z,,,,,,,,,
"8/28/2025, 3:40:51 PM",3.661,80.6,100,16,2025-08-28T19:40:51.000Z,,,,,,,,,
"8/28/2025, 3:43:51 PM",3.66,81,100,16,2025-08-28T19:43:51.000Z,,,,,,,,,
"8/28/2025, 3:46:51 PM",3.661,81.3,100,17,2025-08-28T19:46:51.000Z,,,,,,,,,
"8/28/2025, 3:49:51 PM",3.661,81.5,100,17,2025-08-28T19:49:51.000Z,,,,,,,,,
"8/28/2025, 3:52:51 PM",3.661,81.9,100,17,2025-08-28T19:52:51.000Z,,,,,,,,,
"8/28/2025, 3:55:51 PM",3.66,82,100,17,2025-08-28T19:55:51.000Z,,,,,,,,,
"8/28/2025, 3:58:51 PM",3.661,82.2,100,18,2025-08-28T19:58:51.000Z,,,,,,,,,
"8/28/2025, 4:01:51 PM",3.661,82.2,100,18,2025-08-28T20:01:51.000Z,,,,,,,,,
"8/28/2025, 4:04:51 PM",3.661,82.4,100,18,2025-08-28T20:04:51.000Z,,,,,,,,,
"8/28/2025, 4:07:51 PM",3.661,82.6,100,18,2025-08-28T20:07:51.000Z,,,,,,,,,
"8/28/2025, 4:10:51 PM",3.661,82.6,100,18,2025-08-28T20:10:51.000Z,,,,,,,,,
"8/28/2025, 4:13:51 PM",3.661,82.8,100,18,2025-08-28T20:13:51.000Z,,,,,,,,,
"8/28/2025, 4:16:51 PM",3.661,82.8,100,18,2025-08-28T20:16:51.000Z,,,,,,,,,
"8/28/2025, 4:19:51 PM",3.661,82.9,100,18,2025-08-28T20:19:51.000Z,,,,,,,,,
"8/28/2025, 4:22:51 PM",3.661,83.1,100,19,2025-08-28T20:22:51.000Z,,,,,,,,,
"8/28/2025, 4:25:51 PM",3.66,83.1,100,19,2025-08-28T20:25:51.000Z,,,,,,,,,
"8/28/2025, 4:28:51 PM",3.661,83.3,100,19,2025-08-28T20:28:51.000Z,,,,,,,,,
"8/28/2025, 4:31:51 PM",3.66,83.5,100,19,2025-08-28T20:31:51.000Z,,,,,,,,,
"8/28/2025, 4:34:51 PM",3.66,83.5,100,19,2025-08-28T20:34:51.000Z,,,,,,,,,
"8/28/2025, 4:37:51 PM",3.66,83.7,100,21,2025-08-28T20:37:51.000Z,,,,,,,,,
"8/28/2025, 4:40:51 PM",3.661,83.8,100,21,2025-08-28T20:40:51.000Z,,,,,,,,,
"8/28/2025, 4:43:51 PM",3.66,84,100,21,2025-08-28T20:43:51.000Z,,,,,,,,,
"8/28/2025, 4:46:51 PM",3.66,84,100,20,2025-08-28T20:46:51.000Z,,,,,,,,,
"8/28/2025, 4:49:51 PM",3.66,84.2,100,21,2025-08-28T20:49:51.000Z,,,,,,,,,
"8/28/2025, 4:52:51 PM",3.66,84.4,100,22,2025-08-28T20:52:51.000Z,,,,,,,,,
"8/28/2025, 4:55:51 PM",3.661,84.6,100,22,2025-08-28T20:55:51.000Z,,,,,,,,,
"8/28/2025, 4:58:51 PM",3.66,84.7,100,21,2025-08-28T20:58:51.000Z,,,,,,,,,
"8/28/2025, 5:01:51 PM",3.661,84.7,100,21,2025-08-28T21:01:51.000Z,,,,,,,,,
"8/28/2025, 5:04:51 PM",3.661,84.7,100,20,2025-08-28T21:04:51.000Z,,,,,,,,,
"8/28/2025, 5:07:51 PM",3.661,84.9,100,20,2025-08-28T21:07:51.000Z,,,,,,,,,
"8/28/2025, 5:10:51 PM",3.661,85.1,100,21,2025-08-28T21:10:51.000Z,,,,,,,,,
"8/28/2025, 5:13:51 PM",3.661,85.3,100,20,2025-08-28T21:13:51.000Z,,,,,,,,,
"8/28/2025, 5:16:51 PM",3.661,85.5,100,20,2025-08-28T21:16:51.000Z,,,,,,,,,
"8/28/2025, 5:19:51 PM",3.66,85.5,100,20,2025-08-28T21:19:51.000Z,,,,,,,,,
"8/28/2025, 5:22:51 PM",3.661,85.6,100,20,2025-08-28T21:22:51.000Z,,,,,,,,,
"8/28/2025, 5:25:51 PM",3.66,85.6,100,20,2025-08-28T21:25:51.000Z,,,,,,,,,
"8/28/2025, 5:28:51 PM",3.66,85.6,100,20,2025-08-28T21:28:51.000Z,,,,,,,,,
"8/28/2025, 5:31:51 PM",3.66,85.6,100,20,2025-08-28T21:31:51.000Z,,,,,,,,,
"8/28/2025, 5:34:51 PM",3.661,85.6,100,19,2025-08-28T21:34:51.000Z,,,,,,,,,
"8/28/2025, 5:37:51 PM",3.661,85.6,100,19,2025-08-28T21:37:51.000Z,,,,,,,,,
"8/28/2025, 5:40:51 PM",3.661,85.6,100,19,2025-08-28T21:40:51.000Z,,,,,,,,,
"8/28/2025, 5:43:51 PM",3.661,85.6,100,19,2025-08-28T21:43:51.000Z,,,,,,,,,
"8/28/2025, 5:46:51 PM",3.66,85.6,100,17,2025-08-28T21:46:51.000Z,,,,,,,,,
"8/28/2025, 5:49:51 PM",3.66,85.6,100,17,2025-08-28T21:49:51.000Z,,,,,,,,,
"8/28/2025, 5:52:51 PM",3.66,85.8,100,19,2025-08-28T21:52:51.000Z,,,,,,,,,
"8/28/2025, 5:55:51 PM",3.66,85.8,100,19,2025-08-28T21:55:51.000Z,,,,,,,,,
"8/28/2025, 5:58:51 PM",3.661,85.8,100,18,2025-08-28T21:58:51.000Z,,,,,,,,,
"8/28/2025, 6:01:51 PM",3.66,85.8,100,19,2025-08-28T22:01:51.000Z,,,,,,,,,
"8/28/2025, 6:04:51 PM",3.661,85.8,100,19,2025-08-28T22:04:51.000Z,,,,,,,,,
"8/28/2025, 6:07:51 PM",3.66,85.8,100,19,2025-08-28T22:07:51.000Z,,,,,,,,,
"8/28/2025, 6:10:51 PM",3.66,85.6,100,19,2025-08-28T22:10:51.000Z,,,,,,,,,
"8/28/2025, 6:13:51 PM",3.661,85.6,100,19,2025-08-28T22:13:51.000Z,,,,,,,,,
"8/28/2025, 6:16:51 PM",3.661,85.5,100,19,2025-08-28T22:16:51.000Z,,,,,,,,,
"8/28/2025, 6:19:51 PM",3.66,85.5,100,20,2025-08-28T22:19:51.000Z,,,,,,,,,
"8/28/2025, 6:22:51 PM",3.661,85.5,100,20,2025-08-28T22:22:51.000Z,,,,,,,,,
"8/28/2025, 6:25:51 PM",3.661,85.3,100,20,2025-08-28T22:25:51.000Z,,,,,,,,,
"8/28/2025, 6:28:51 PM",3.661,85.3,100,19,2025-08-28T22:28:51.000Z,,,,,,,,,
"8/28/2025, 6:31:51 PM",3.661,85.1,100,19,2025-08-28T22:31:51.000Z,,,,,,,,,
"8/28/2025, 6:34:51 PM",3.661,85.1,100,19,2025-08-28T22:34:51.000Z,,,,,,,,,
"8/28/2025, 6:37:51 PM",3.661,85.1,100,19,2025-08-28T22:37:51.000Z,,,,,,,,,
"8/28/2025, 6:40:51 PM",3.661,84.9,100,19,2025-08-28T22:40:51.000Z,,,,,,,,,
"8/28/2025, 6:43:51 PM",3.661,84.9,100,17,2025-08-28T22:43:51.000Z,,,,,,,,,
"8/28/2025, 6:46:51 PM",3.661,84.7,100,17,2025-08-28T22:46:51.000Z,,,,,,,,,
"8/28/2025, 6:49:51 PM",3.66,84.6,100,17,2025-08-28T22:49:51.000Z,,,,,,,,,
"8/28/2025, 6:52:51 PM",3.66,84.6,100,17,2025-08-28T22:52:51.000Z,,,,,,,,,
"8/28/2025, 6:55:51 PM",3.661,84.4,100,17,2025-08-28T22:55:51.000Z,,,,,,,,,
"8/28/2025, 6:58:51 PM",3.661,84.2,100,17,2025-08-28T22:58:51.000Z,,,,,,,,,
"8/28/2025, 7:01:51 PM",3.661,84,100,17,2025-08-28T23:01:51.000Z,,,,,,,,,
"8/28/2025, 7:04:51 PM",3.661,83.8,100,16,2025-08-28T23:04:51.000Z,,,,,,,,,
"8/28/2025, 7:07:51 PM",3.661,83.7,100,16,2025-08-28T23:07:51.000Z,,,,,,,,,
"8/28/2025, 7:10:51 PM",3.661,83.5,100,16,2025-08-28T23:10:51.000Z,,,,,,,,,
"8/28/2025, 7:13:51 PM",3.661,83.5,100,16,2025-08-28T23:13:51.000Z,,,,,,,,,
"8/28/2025, 7:16:51 PM",3.661,83.3,100,16,2025-08-28T23:16:51.000Z,,,,,,,,,
"8/28/2025, 7:19:51 PM",3.661,83.1,100,16,2025-08-28T23:19:51.000Z,,,,,,,,,
"8/28/2025, 7:22:51 PM",3.661,82.9,100,16,2025-08-28T23:22:51.000Z,,,,,,,,,
"8/28/2025, 7:25:51 PM",3.662,82.9,100,16,2025-08-28T23:25:51.000Z,,,,,,,,,
"8/28/2025, 7:28:51 PM",3.661,82.8,100,16,2025-08-28T23:28:51.000Z,,,,,,,,,
"8/28/2025, 7:31:51 PM",3.661,82.6,100,16,2025-08-28T23:31:51.000Z,,,,,,,,,
"8/28/2025, 7:34:51 PM",3.661,82.6,100,16,2025-08-28T23:34:51.000Z,,,,,,,,,
"8/28/2025, 7:37:51 PM",3.661,82.4,100,16,2025-08-28T23:37:51.000Z,,,,,,,,,
"8/28/2025, 7:40:51 PM",3.661,82.2,100,16,2025-08-28T23:40:51.000Z,,,,,,,,,
"8/28/2025, 7:43:51 PM",3.661,82,100,16,2025-08-28T23:43:51.000Z,,,,,,,,,
"8/28/2025, 7:46:51 PM",3.661,82,100,15,2025-08-28T23:46:51.000Z,,,,,,,,,
"8/28/2025, 7:49:51 PM",3.661,81.9,100,15,2025-08-28T23:49:51.000Z,,,,,,,,,
"8/28/2025, 7:52:51 PM",3.662,81.7,100,15,2025-08-28T23:52:51.000Z,,,,,,,,,
"8/28/2025, 7:55:51 PM",3.661,81.5,100,15,2025-08-28T23:55:51.000Z,,,,,,,,,
"8/28/2025, 7:58:51 PM",3.661,81.3,100,15,2025-08-28T23:58:51.000Z,,,,,,,,,
"8/28/2025, 8:01:51 PM",3.661,81.1,100,15,2025-08-29T00:01:51.000Z,,,,,,,,,
"8/28/2025, 8:04:51 PM",3.661,81.1,100,15,2025-08-29T00:04:51.000Z,,,,,,,,,
"8/28/2025, 8:07:51 PM",3.662,81,100,14,2025-08-29T00:07:51.000Z,,,,,,,,,
"8/28/2025, 8:10:51 PM",3.662,80.8,100,14,2025-08-29T00:10:51.000Z,,,,,,,,,
"8/28/2025, 8:13:51 PM",3.661,80.6,100,14,2025-08-29T00:13:51.000Z,,,,,,,,,
"8/28/2025, 8:16:51 PM",3.661,80.4,100,14,2025-08-29T00:16:51.000Z,,,,,,,,,
"8/28/2025, 8:19:51 PM",3.662,80.2,100,14,2025-08-29T00:19:51.000Z,,,,,,,,,
"8/28/2025, 8:22:51 PM",3.662,80.1,100,14,2025-08-29T00:22:51.000Z,,,,,,,,,
"8/28/2025, 8:25:51 PM",3.662,80.1,100,14,2025-08-29T00:25:51.000Z,,,,,,,,,
"8/28/2025, 8:28:51 PM",3.661,79.9,100,14,2025-08-29T00:28:51.000Z,,,,,,,,,
"8/28/2025, 8:31:51 PM",3.662,79.7,100,14,2025-08-29T00:31:51.000Z,,,,,,,,,
"8/28/2025, 8:34:51 PM",3.662,79.5,100,13,2025-08-29T00:34:51.000Z,,,,,,,,,
"8/28/2025, 8:37:51 PM",3.662,79.3,100,13,2025-08-29T00:37:51.000Z,,,,,,,,,
"8/28/2025, 8:40:51 PM",3.662,79.2,100,13,2025-08-29T00:40:51.000Z,,,,,,,,,
"8/28/2025, 8:43:51 PM",3.662,79,100,13,2025-08-29T00:43:51.000Z,,,,,,,,,
"8/28/2025, 8:46:51 PM",3.662,79,100,13,2025-08-29T00:46:51.000Z,,,,,,,,,
"8/28/2025, 8:49:51 PM",3.662,79,100,13,2025-08-29T00:49:51.000Z,,,,,,,,,
"8/28/2025, 8:52:51 PM",3.661,78.8,100,13,2025-08-29T00:52:51.000Z,,,,,,,,,
"8/28/2025, 8:55:51 PM",3.662,78.6,100,13,2025-08-29T00:55:51.000Z,,,,,,,,,
"8/28/2025, 8:58:51 PM",3.661,78.4,100,13,2025-08-29T00:58:51.000Z,,,,,,,,,
"8/28/2025, 9:01:51 PM",3.662,78.3,100,13,2025-08-29T01:01:51.000Z,,,,,,,,,
"8/28/2025, 9:04:51 PM",3.662,78.1,100,13,2025-08-29T01:04:51.000Z,,,,,,,,,
"8/28/2025, 9:07:51 PM",3.662,78.1,100,13,2025-08-29T01:07:51.000Z,,,,,,,,,
"8/28/2025, 9:10:51 PM",3.662,77.9,100,13,2025-08-29T01:10:51.000Z,,,,,,,,,
"8/28/2025, 9:13:51 PM",3.661,77.9,100,13,2025-08-29T01:13:51.000Z,,,,,,,,,
"8/28/2025, 9:16:51 PM",3.662,77.7,100,13,2025-08-29T01:16:51.000Z,,,,,,,,,
"8/28/2025, 9:19:51 PM",3.662,77.5,100,13,2025-08-29T01:19:51.000Z,,,,,,,,,
"8/28/2025, 9:22:51 PM",3.662,77.5,100,13,2025-08-29T01:22:51.000Z,,,,,,,,,
"8/28/2025, 9:25:51 PM",3.662,77.4,100,13,2025-08-29T01:25:51.000Z,,,,,,,,,
"8/28/2025, 9:28:51 PM",3.662,77.4,100,13,2025-08-29T01:28:51.000Z,,,,,,,,,
"8/28/2025, 9:31:51 PM",3.662,77.4,100,12,2025-08-29T01:31:51.000Z,,,,,,,,,
"8/28/2025, 9:34:51 PM",3.662,77.2,100,12,2025-08-29T01:34:51.000Z,,,,,,,,,
"8/28/2025, 9:37:51 PM",3.662,77.2,100,12,2025-08-29T01:37:51.000Z,,,,,,,,,
"8/28/2025, 9:40:51 PM",3.662,77,100,12,2025-08-29T01:40:51.000Z,,,,,,,,,
"8/28/2025, 9:43:51 PM",3.662,77,100,12,2025-08-29T01:43:51.000Z,,,,,,,,,
"8/28/2025, 9:46:51 PM",3.662,76.8,100,12,2025-08-29T01:46:51.000Z,,,,,,,,,
"8/28/2025, 9:49:51 PM",3.661,76.8,100,12,2025-08-29T01:49:51.000Z,,,,,,,,,
"8/28/2025, 9:52:51 PM",3.662,76.6,100,12,2025-08-29T01:52:51.000Z,,,,,,,,,
"8/28/2025, 9:55:51 PM",3.662,76.6,100,12,2025-08-29T01:55:51.000Z,,,,,,,,,
"8/28/2025, 9:58:51 PM",3.662,76.5,100,12,2025-08-29T01:58:51.000Z,,,,,,,,,
"8/28/2025, 10:01:51 PM",3.662,76.5,100,12,2025-08-29T02:01:51.000Z,,,,,,,,,
"8/28/2025, 10:04:51 PM",3.662,76.5,100,12,2025-08-29T02:04:51.000Z,,,,,,,,,
"8/28/2025, 10:07:51 PM",3.662,76.3,100,12,2025-08-29T02:07:51.000Z,,,,,,,,,
"8/28/2025, 10:10:51 PM",3.662,76.3,100,12,2025-08-29T02:10:51.000Z,,,,,,,,,
"8/28/2025, 10:13:51 PM",3.662,76.3,100,12,2025-08-29T02:13:51.000Z,,,,,,,,,
"8/28/2025, 10:16:51 PM",3.662,76.1,100,12,2025-08-29T02:16:51.000Z,,,,,,,,,
"8/28/2025, 10:19:51 PM",3.662,76.1,100,12,2025-08-29T02:19:51.000Z,,,,,,,,,
"8/28/2025, 10:22:51 PM",3.661,76.1,100,12,2025-08-29T02:22:51.000Z,,,,,,,,,
"8/28/2025, 10:25:51 PM",3.661,76.1,100,12,2025-08-29T02:25:51.000Z,,,,,,,,,
"8/28/2025, 10:28:51 PM",3.662,76.1,100,12,2025-08-29T02:28:51.000Z,,,,,,,,,
"8/28/2025, 10:31:51 PM",3.662,76.1,100,12,2025-08-29T02:31:51.000Z,,,,,,,,,
"8/28/2025, 10:34:51 PM",3.662,76.1,100,12,2025-08-29T02:34:51.000Z,,,,,,,,,
"8/28/2025, 10:37:51 PM",3.662,75.9,100,12,2025-08-29T02:37:51.000Z,,,,,,,,,
"8/28/2025, 10:40:51 PM",3.662,75.9,100,12,2025-08-29T02:40:51.000Z,,,,,,,,,
"8/28/2025, 10:43:51 PM",3.662,75.9,100,12,2025-08-29T02:43:51.000Z,,,,,,,,,
"8/28/2025, 10:46:51 PM",3.662,75.9,100,12,2025-08-29T02:46:51.000Z,,,,,,,,,
"8/28/2025, 10:49:51 PM",3.662,75.9,100,12,2025-08-29T02:49:51.000Z,,,,,,,,,
"8/28/2025, 10:52:51 PM",3.662,75.9,100,12,2025-08-29T02:52:51.000Z,,,,,,,,,
"8/28/2025, 10:55:51 PM",3.662,75.9,100,12,2025-08-29T02:55:51.000Z,,,,,,,,,
"8/28/2025, 10:58:51 PM",3.662,75.9,100,12,2025-08-29T02:58:51.000Z,,,,,,,,,
"8/28/2025, 11:01:51 PM",3.662,75.9,100,12,2025-08-29T03:01:51.000Z,,,,,,,,,
"8/28/2025, 11:04:51 PM",3.662,75.9,100,12,2025-08-29T03:04:51.000Z,,,,,,,,,
"8/28/2025, 11:07:51 PM",3.662,75.9,100,12,2025-08-29T03:07:51.000Z,,,,,,,,,
"8/28/2025, 11:10:51 PM",3.662,75.9,100,12,2025-08-29T03:10:51.000Z,,,,,,,,,
"8/28/2025, 11:13:51 PM",3.661,75.9,100,12,2025-08-29T03:13:51.000Z,,,,,,,,,
"8/28/2025, 11:16:51 PM",3.662,75.9,100,12,2025-08-29T03:16:51.000Z,,,,,,,,,
"8/28/2025, 11:19:51 PM",3.661,75.9,100,12,2025-08-29T03:19:51.000Z,,,,,,,,,
"8/28/2025, 11:22:51 PM",3.662,75.9,100,12,2025-08-29T03:22:51.000Z,,,,,,,,,
"8/28/2025, 11:25:51 PM",3.662,75.7,100,12,2025-08-29T03:25:51.000Z,,,,,,,,,
"8/28/2025, 11:28:51 PM",3.662,75.7,100,12,2025-08-29T03:28:51.000Z,,,,,,,,,
"8/28/2025, 11:31:51 PM",3.662,75.7,100,12,2025-08-29T03:31:51.000Z,,,,,,,,,
"8/28/2025, 11:34:51 PM",3.662,75.7,100,12,2025-08-29T03:34:51.000Z,,,,,,,,,
"8/28/2025, 11:37:51 PM",3.662,75.7,100,12,2025-08-29T03:37:51.000Z,,,,,,,,,
"8/28/2025, 11:40:51 PM",3.662,75.7,100,12,2025-08-29T03:40:51.000Z,,,,,,,,,
"8/28/2025, 11:43:51 PM",3.662,75.7,100,12,2025-08-29T03:43:51.000Z,,,,,,,,,
"8/28/2025, 11:46:51 PM",3.661,75.7,100,12,2025-08-29T03:46:51.000Z,,,,,,,,,
"8/28/2025, 11:49:51 PM",3.662,75.7,100,12,2025-08-29T03:49:51.000Z,,,,,,,,,
"8/28/2025, 11:52:51 PM",3.662,75.7,100,12,2025-08-29T03:52:51.000Z,,,,,,,,,
"8/28/2025, 11:55:51 PM",3.661,75.7,100,12,2025-08-29T03:55:51.000Z,,,,,,,,,
"8/28/2025, 11:58:51 PM",3.662,75.7,100,12,2025-08-29T03:58:51.000Z,,,,,,,,,
"8/29/2025, 12:01:51 AM",3.661,75.7,100,12,2025-08-29T04:01:51.000Z,,,,,,,,,
"8/29/2025, 12:04:51 AM",3.661,75.7,100,12,2025-08-29T04:04:51.000Z,,,,,,,,,
"8/29/2025, 12:07:51 AM",3.661,75.7,100,12,2025-08-29T04:07:51.000Z,,,,,,,,,
"8/29/2025, 12:10:51 AM",3.661,75.7,100,12,2025-08-29T04:10:51.000Z,,,,,,,,,
"8/29/2025, 12:13:51 AM",3.661,75.7,100,12,2025-08-29T04:13:51.000Z,,,,,,,,,
"8/29/2025, 12:16:51 AM",3.662,75.7,100,12,2025-08-29T04:16:51.000Z,,,,,,,,,
"8/29/2025, 12:19:51 AM",3.661,75.7,100,12,2025-08-29T04:19:51.000Z,,,,,,,,,
"8/29/2025, 12:22:51 AM",3.662,75.7,100,12,2025-08-29T04:22:51.000Z,,,,,,,,,
"8/29/2025, 12:25:51 AM",3.662,75.7,100,11,2025-08-29T04:25:51.000Z,,,,,,,,,
"8/29/2025, 12:28:51 AM",3.662,75.7,100,11,2025-08-29T04:28:51.000Z,,,,,,,,,
"8/29/2025, 12:31:51 AM",3.661,75.7,100,11,2025-08-29T04:31:51.000Z,,,,,,,,,
"8/29/2025, 12:34:51 AM",3.662,75.7,100,11,2025-08-29T04:34:51.000Z,,,,,,,,,
"8/29/2025, 12:37:51 AM",3.662,75.7,100,11,2025-08-29T04:37:51.000Z,,,,,,,,,
"8/29/2025, 12:40:51 AM",3.662,75.7,100,11,2025-08-29T04:40:51.000Z,,,,,,,,,
"8/29/2025, 12:43:51 AM",3.662,75.6,100,11,2025-08-29T04:43:51.000Z,,,,,,,,,
"8/29/2025, 12:46:51 AM",3.661,75.6,100,11,2025-08-29T04:46:51.000Z,,,,,,,,,
"8/29/2025, 12:49:51 AM",3.662,75.6,100,11,2025-08-29T04:49:51.000Z,,,,,,,,,
"8/29/2025, 12:52:51 AM",3.662,75.6,100,11,2025-08-29T04:52:51.000Z,,,,,,,,,
"8/29/2025, 12:55:51 AM",3.661,75.6,100,11,2025-08-29T04:55:51.000Z,,,,,,,,,
"8/29/2025, 12:58:51 AM",3.662,75.4,100,11,2025-08-29T04:58:51.000Z,,,,,,,,,
"8/29/2025, 1:01:51 AM",3.662,75.4,100,11,2025-08-29T05:01:51.000Z,,,,,,,,,
"8/29/2025, 1:04:51 AM",3.662,75.4,100,11,2025-08-29T05:04:51.000Z,,,,,,,,,
"8/29/2025, 1:07:51 AM",3.662,75.4,100,11,2025-08-29T05:07:51.000Z,,,,,,,,,
"8/29/2025, 1:10:51 AM",3.661,75.4,100,11,2025-08-29T05:10:51.000Z,,,,,,,,,
"8/29/2025, 1:13:51 AM",3.661,75.2,100,11,2025-08-29T05:13:51.000Z,,,,,,,,,
"8/29/2025, 1:16:51 AM",3.661,75.2,100,11,2025-08-29T05:16:51.000Z,,,,,,,,,
"8/29/2025, 1:19:51 AM",3.661,75.2,100,11,2025-08-29T05:19:51.000Z,,,,,,,,,
"8/29/2025, 1:22:51 AM",3.661,75.2,100,11,2025-08-29T05:22:51.000Z,,,,,,,,,
"8/29/2025, 1:25:51 AM",3.661,75.2,100,11,2025-08-29T05:25:51.000Z,,,,,,,,,
"8/29/2025, 1:28:51 AM",3.662,75.2,100,11,2025-08-29T05:28:51.000Z,,,,,,,,,
"8/29/2025, 1:31:51 AM",3.662,75.2,100,11,2025-08-29T05:31:51.000Z,,,,,,,,,
"8/29/2025, 1:34:51 AM",3.662,75,100,11,2025-08-29T05:34:51.000Z,,,,,,,,,
"8/29/2025, 1:37:51 AM",3.661,75,100,11,2025-08-29T05:37:51.000Z,,,,,,,,,
"8/29/2025, 1:40:51 AM",3.662,75,100,11,2025-08-29T05:40:51.000Z,,,,,,,,,
"8/29/2025, 1:43:51 AM",3.661,75,100,11,2025-08-29T05:43:51.000Z,,,,,,,,,
"8/29/2025, 1:46:51 AM",3.661,75,100,11,2025-08-29T05:46:51.000Z,,,,,,,,,
"8/29/2025, 1:49:51 AM",3.661,75,100,11,2025-08-29T05:49:51.000Z,,,,,,,,,
"8/29/2025, 1:52:51 AM",3.661,75,100,11,2025-08-29T05:52:51.000Z,,,,,,,,,
"8/29/2025, 1:55:51 AM",3.662,75,100,11,2025-08-29T05:55:51.000Z,,,,,,,,,
"8/29/2025, 1:58:51 AM",3.661,75,100,11,2025-08-29T05:58:51.000Z,,,,,,,,,
"8/29/2025, 2:01:51 AM",3.662,74.8,100,11,2025-08-29T06:01:51.000Z,,,,,,,,,
"8/29/2025, 2:04:51 AM",3.662,74.8,100,11,2025-08-29T06:04:51.000Z,,,,,,,,,
"8/29/2025, 2:07:51 AM",3.661,74.8,100,11,2025-08-29T06:07:51.000Z,,,,,,,,,
"8/29/2025, 2:10:51 AM",3.661,74.8,100,11,2025-08-29T06:10:51.000Z,,,,,,,,,
"8/29/2025, 2:13:51 AM",3.662,74.8,100,11,2025-08-29T06:13:51.000Z,,,,,,,,,
"8/29/2025, 2:16:51 AM",3.662,74.7,100,11,2025-08-29T06:16:51.000Z,,,,,,,,,
"8/29/2025, 2:19:51 AM",3.662,74.7,100,11,2025-08-29T06:19:51.000Z,,,,,,,,,
"8/29/2025, 2:22:51 AM",3.661,74.7,100,11,2025-08-29T06:22:51.000Z,,,,,,,,,
"8/29/2025, 2:25:51 AM",3.662,74.5,100,11,2025-08-29T06:25:51.000Z,,,,,,,,,
"8/29/2025, 2:28:51 AM",3.662,74.5,100,11,2025-08-29T06:28:51.000Z,,,,,,,,,
"8/29/2025, 2:31:51 AM",3.662,74.5,100,11,2025-08-29T06:31:51.000Z,,,,,,,,,
"8/29/2025, 2:34:51 AM",3.661,74.5,100,11,2025-08-29T06:34:51.000Z,,,,,,,,,
"8/29/2025, 2:37:51 AM",3.661,74.3,100,11,2025-08-29T06:37:51.000Z,,,,,,,,,
"8/29/2025, 2:40:51 AM",3.662,74.3,100,11,2025-08-29T06:40:51.000Z,,,,,,,,,
"8/29/2025, 2:43:51 AM",3.661,74.3,100,11,2025-08-29T06:43:51.000Z,,,,,,,,,
"8/29/2025, 2:46:51 AM",3.661,74.1,100,11,2025-08-29T06:46:51.000Z,,,,,,,,,
"8/29/2025, 2:49:51 AM",3.662,74.1,100,11,2025-08-29T06:49:51.000Z,,,,,,,,,
"8/29/2025, 2:52:51 AM",3.661,74.1,100,11,2025-08-29T06:52:51.000Z,,,,,,,,,
"8/29/2025, 2:55:51 AM",3.661,73.9,100,11,2025-08-29T06:55:51.000Z,,,,,,,,,
"8/29/2025, 2:58:51 AM",3.661,73.9,100,11,2025-08-29T06:58:51.000Z,,,,,,,,,
"8/29/2025, 3:01:51 AM",3.662,73.9,100,11,2025-08-29T07:01:51.000Z,,,,,,,,,
"8/29/2025, 3:04:51 AM",3.662,73.9,100,11,2025-08-29T07:04:51.000Z,,,,,,,,,
"8/29/2025, 3:07:51 AM",3.661,73.8,100,11,2025-08-29T07:07:51.000Z,,,,,,,,,
"8/29/2025, 3:10:51 AM",3.661,73.8,100,11,2025-08-29T07:10:51.000Z,,,,,,,,,
"8/29/2025, 3:13:51 AM",3.661,73.8,100,11,2025-08-29T07:13:51.000Z,,,,,,,,,
"8/29/2025, 3:16:51 AM",3.662,73.8,100,11,2025-08-29T07:16:51.000Z,,,,,,,,,
"8/29/2025, 3:19:51 AM",3.662,73.6,100,11,2025-08-29T07:19:51.000Z,,,,,,,,,
"8/29/2025, 3:22:51 AM",3.661,73.6,100,11,2025-08-29T07:22:51.000Z,,,,,,,,,
"8/29/2025, 3:25:51 AM",3.661,73.6,100,11,2025-08-29T07:25:51.000Z,,,,,,,,,
"8/29/2025, 3:28:51 AM",3.661,73.6,100,11,2025-08-29T07:28:51.000Z,,,,,,,,,
"8/29/2025, 3:31:51 AM",3.661,73.4,100,11,2025-08-29T07:31:51.000Z,,,,,,,,,
"8/29/2025, 3:34:51 AM",3.662,73.4,100,11,2025-08-29T07:34:51.000Z,,,,,,,,,
"8/29/2025, 3:37:51 AM",3.661,73.4,100,11,2025-08-29T07:37:51.000Z,,,,,,,,,
"8/29/2025, 3:40:51 AM",3.662,73.4,100,11,2025-08-29T07:40:51.000Z,,,,,,,,,
"8/29/2025, 3:43:51 AM",3.662,73.4,100,11,2025-08-29T07:43:51.000Z,,,,,,,,,
"8/29/2025, 3:46:51 AM",3.661,73.2,100,11,2025-08-29T07:46:51.000Z,,,,,,,,,
"8/29/2025, 3:49:51 AM",3.661,73.2,100,11,2025-08-29T07:49:51.000Z,,,,,,,,,
"8/29/2025, 3:52:51 AM",3.661,73.2,100,11,2025-08-29T07:52:51.000Z,,,,,,,,,
"8/29/2025, 3:55:51 AM",3.662,73.2,100,11,2025-08-29T07:55:51.000Z,,,,,,,,,
"8/29/2025, 3:58:51 AM",3.661,73.2,100,11,2025-08-29T07:58:51.000Z,,,,,,,,,
"8/29/2025, 4:01:51 AM",3.661,73.2,100,11,2025-08-29T08:01:51.000Z,,,,,,,,,
"8/29/2025, 4:04:51 AM",3.661,73,100,11,2025-08-29T08:04:51.000Z,,,,,,,,,
"8/29/2025, 4:07:51 AM",3.661,73,100,11,2025-08-29T08:07:51.000Z,,,,,,,,,
"8/29/2025, 4:10:51 AM",3.661,73,100,11,2025-08-29T08:10:51.000Z,,,,,,,,,
"8/29/2025, 4:13:51 AM",3.661,73,100,11,2025-08-29T08:13:51.000Z,,,,,,,,,
"8/29/2025, 4:16:51 AM",3.661,73,100,11,2025-08-29T08:16:51.000Z,,,,,,,,,
"8/29/2025, 4:19:51 AM",3.661,72.9,100,11,2025-08-29T08:19:51.000Z,,,,,,,,,
"8/29/2025, 4:22:51 AM",3.661,72.9,100,11,2025-08-29T08:22:51.000Z,,,,,,,,,
"8/29/2025, 4:25:51 AM",3.661,72.9,100,11,2025-08-29T08:25:51.000Z,,,,,,,,,
"8/29/2025, 4:28:51 AM",3.661,72.9,100,11,2025-08-29T08:28:51.000Z,,,,,,,,,
"8/29/2025, 4:31:51 AM",3.661,72.9,100,11,2025-08-29T08:31:51.000Z,,,,,,,,,
"8/29/2025, 4:34:51 AM",3.662,72.7,100,11,2025-08-29T08:34:51.000Z,,,,,,,,,
"8/29/2025, 4:37:51 AM",3.662,72.7,100,11,2025-08-29T08:37:51.000Z,,,,,,,,,
"8/29/2025, 4:40:51 AM",3.661,72.7,100,11,2025-08-29T08:40:51.000Z,,,,,,,,,
"8/29/2025, 4:43:51 AM",3.662,72.5,100,11,2025-08-29T08:43:51.000Z,,,,,,,,,
"8/29/2025, 4:46:51 AM",3.661,72.5,100,11,2025-08-29T08:46:51.000Z,,,,,,,,,
"8/29/2025, 4:49:51 AM",3.661,72.5,100,11,2025-08-29T08:49:51.000Z,,,,,,,,,
"8/29/2025, 4:52:51 AM",3.662,72.3,100,10,2025-08-29T08:52:51.000Z,,,,,,,,,
"8/29/2025, 4:55:51 AM",3.661,72.3,100,10,2025-08-29T08:55:51.000Z,,,,,,,,,
"8/29/2025, 4:58:51 AM",3.661,72.3,100,10,2025-08-29T08:58:51.000Z,,,,,,,,,
"8/29/2025, 5:01:51 AM",3.661,72.3,100,10,2025-08-29T09:01:51.000Z,,,,,,,,,
"8/29/2025, 5:04:51 AM",3.661,72.1,100,10,2025-08-29T09:04:51.000Z,,,,,,,,,
"8/29/2025, 5:07:51 AM",3.661,72.1,100,10,2025-08-29T09:07:51.000Z,,,,,,,,,
"8/29/2025, 5:10:51 AM",3.661,72,100,10,2025-08-29T09:10:51.000Z,,,,,,,,,
"8/29/2025, 5:13:51 AM",3.662,72,100,10,2025-08-29T09:13:51.000Z,,,,,,,,,
"8/29/2025, 5:16:51 AM",3.661,72,100,10,2025-08-29T09:16:51.000Z,,,,,,,,,
"8/29/2025, 5:19:51 AM",3.661,71.8,100,10,2025-08-29T09:19:51.000Z,,,,,,,,,
"8/29/2025, 5:22:51 AM",3.661,71.8,100,10,2025-08-29T09:22:51.000Z,,,,,,,,,
"8/29/2025, 5:25:51 AM",3.661,71.8,100,10,2025-08-29T09:25:51.000Z,,,,,,,,,
"8/29/2025, 5:28:51 AM",3.661,71.6,100,10,2025-08-29T09:28:51.000Z,,,,,,,,,
"8/29/2025, 5:31:51 AM",3.661,71.6,100,10,2025-08-29T09:31:51.000Z,,,,,,,,,
"8/29/2025, 5:34:51 AM",3.661,71.4,100,10,2025-08-29T09:34:51.000Z,,,,,,,,,
"8/29/2025, 5:37:51 AM",3.661,71.4,100,10,2025-08-29T09:37:51.000Z,,,,,,,,,
"8/29/2025, 5:40:51 AM",3.661,71.4,100,10,2025-08-29T09:40:51.000Z,,,,,,,,,
"8/29/2025, 5:43:51 AM",3.661,71.4,100,9,2025-08-29T09:43:51.000Z,,,,,,,,,
"8/29/2025, 5:46:51 AM",3.661,71.2,100,9,2025-08-29T09:46:51.000Z,,,,,,,,,
"8/29/2025, 5:49:51 AM",3.661,71.2,100,9,2025-08-29T09:49:51.000Z,,,,,,,,,
"8/29/2025, 5:52:51 AM",3.661,71.2,100,9,2025-08-29T09:52:51.000Z,,,,,,,,,
"8/29/2025, 5:55:51 AM",3.661,71.2,100,9,2025-08-29T09:55:51.000Z,,,,,,,,,
"8/29/2025, 5:58:51 AM",3.661,71.2,100,9,2025-08-29T09:58:51.000Z,,,,,,,,,
"8/29/2025, 6:01:51 AM",3.661,71.1,100,9,2025-08-29T10:01:51.000Z,,,,,,,,,
"8/29/2025, 6:04:51 AM",3.661,71.1,100,9,2025-08-29T10:04:51.000Z,,,,,,,,,
"8/29/2025, 6:07:51 AM",3.661,71.1,100,9,2025-08-29T10:07:51.000Z,,,,,,,,,
"8/29/2025, 6:10:51 AM",3.661,71.1,100,9,2025-08-29T10:10:51.000Z,,,,,,,,,
"8/29/2025, 6:13:51 AM",3.661,70.9,100,9,2025-08-29T10:13:51.000Z,,,,,,,,,
"8/29/2025, 6:16:51 AM",3.661,70.9,100,9,2025-08-29T10:16:51.000Z,,,,,,,,,
"8/29/2025, 6:19:51 AM",3.661,70.9,100,9,2025-08-29T10:19:51.000Z,,,,,,,,,
"8/29/2025, 6:22:51 AM",3.661,70.9,100,9,2025-08-29T10:22:51.000Z,,,,,,,,,
"8/29/2025, 6:25:51 AM",3.661,70.7,100,9,2025-08-29T10:25:51.000Z,,,,,,,,,
"8/29/2025, 6:28:51 AM",3.661,70.7,100,9,2025-08-29T10:28:51.000Z,,,,,,,,,
"8/29/2025, 6:31:51 AM",3.661,70.7,100,9,2025-08-29T10:31:51.000Z,,,,,,,,,
"8/29/2025, 6:34:51 AM",3.661,70.7,100,9,2025-08-29T10:34:51.000Z,,,,,,,,,
"8/29/2025, 6:37:51 AM",3.661,70.7,100,9,2025-08-29T10:37:51.000Z,,,,,,,,,
"8/29/2025, 6:40:51 AM",3.661,70.7,100,9,2025-08-29T10:40:51.000Z,,,,,,,,,
"8/29/2025, 6:43:51 AM",3.661,70.5,100,9,2025-08-29T10:43:51.000Z,,,,,,,,,
"8/29/2025, 6:46:51 AM",3.661,70.5,100,9,2025-08-29T10:46:51.000Z,,,,,,,,,
"8/29/2025, 6:49:51 AM",3.661,70.5,100,9,2025-08-29T10:49:51.000Z,,,,,,,,,
"8/29/2025, 6:52:51 AM",3.661,70.5,100,9,2025-08-29T10:52:51.000Z,,,,,,,,,
"8/29/2025, 6:55:51 AM",3.661,70.5,100,9,2025-08-29T10:55:51.000Z,,,,,,,,,
"8/29/2025, 6:58:51 AM",3.661,70.5,100,9,2025-08-29T10:58:51.000Z,,,,,,,,,
"8/29/2025, 7:01:51 AM",3.661,70.5,100,9,2025-08-29T11:01:51.000Z,,,,,,,,,
"8/29/2025, 7:04:51 AM",3.661,70.5,100,9,2025-08-29T11:04:51.000Z,,,,,,,,,
"8/29/2025, 7:07:51 AM",3.661,70.5,100,9,2025-08-29T11:07:51.000Z,,,,,,,,,
"8/29/2025, 7:10:51 AM",3.661,70.5,100,9,2025-08-29T11:10:51.000Z,,,,,,,,,
"8/29/2025, 7:13:51 AM",3.661,70.5,100,9,2025-08-29T11:13:51.000Z,,,,,,,,,
"8/29/2025, 7:16:51 AM",3.661,70.5,100,9,2025-08-29T11:16:51.000Z,,,,,,,,,
"8/29/2025, 7:19:51 AM",3.661,70.5,100,9,2025-08-29T11:19:51.000Z,,,,,,,,,
"8/29/2025, 7:22:51 AM",3.661,70.5,100,9,2025-08-29T11:22:51.000Z,,,,,,,,,
"8/29/2025, 7:25:51 AM",3.661,70.5,100,9,2025-08-29T11:25:51.000Z,,,,,,,,,
"8/29/2025, 7:28:51 AM",3.661,70.5,100,9,2025-08-29T11:28:51.000Z,,,,,,,,,
"8/29/2025, 7:31:51 AM",3.661,70.5,100,9,2025-08-29T11:31:51.000Z,,,,,,,,,
"8/29/2025, 7:34:51 AM",3.661,70.7,100,9,2025-08-29T11:34:51.000Z,,,,,,,,,
"8/29/2025, 7:37:51 AM",3.661,70.7,100,9,2025-08-29T11:37:51.000Z,,,,,,,,,
"8/29/2025, 7:40:51 AM",3.661,70.7,100,9,2025-08-29T11:40:51.000Z,,,,,,,,,
"8/29/2025, 7:43:51 AM",3.66,70.7,100,9,2025-08-29T11:43:51.000Z,,,,,,,,,
"8/29/2025, 7:46:51 AM",3.66,70.9,100,9,2025-08-29T11:46:51.000Z,,,,,,,,,
"8/29/2025, 7:49:51 AM",3.661,71.1,100,9,2025-08-29T11:49:51.000Z,,,,,,,,,
"8/29/2025, 7:52:51 AM",3.661,71.1,100,9,2025-08-29T11:52:51.000Z,,,,,,,,,
"8/29/2025, 7:55:51 AM",3.66,71.1,100,9,2025-08-29T11:55:51.000Z,,,,,,,,,
"8/29/2025, 7:58:51 AM",3.661,71.2,100,9,2025-08-29T11:58:51.000Z,,,,,,,,,
"8/29/2025, 8:01:51 AM",3.66,71.2,100,9,2025-08-29T12:01:51.000Z,,,,,,,,,
"8/29/2025, 8:04:51 AM",3.661,71.2,100,9,2025-08-29T12:04:51.000Z,,,,,,,,,
"8/29/2025, 8:07:51 AM",3.661,71.2,100,9,2025-08-29T12:07:51.000Z,,,,,,,,,
"8/29/2025, 8:10:51 AM",3.661,71.2,100,9,2025-08-29T12:10:51.000Z,,,,,,,,,
"8/29/2025, 8:13:51 AM",3.66,71.4,100,9,2025-08-29T12:13:51.000Z,,,,,,,,,
"8/29/2025, 8:16:51 AM",3.661,71.4,100,9,2025-08-29T12:16:51.000Z,,,,,,,,,
"8/29/2025, 8:19:51 AM",3.66,71.6,100,9,2025-08-29T12:19:51.000Z,,,,,,,,,
"8/29/2025, 8:22:51 AM",3.66,71.8,100,9,2025-08-29T12:22:51.000Z,,,,,,,,,
"8/29/2025, 8:25:51 AM",3.661,71.8,100,9,2025-08-29T12:25:51.000Z,,,,,,,,,
"8/29/2025, 8:28:51 AM",3.66,72,100,9,2025-08-29T12:28:51.000Z,,,,,,,,,
"8/29/2025, 8:31:51 AM",3.66,72.1,100,9,2025-08-29T12:31:51.000Z,,,,,,,,,
"8/29/2025, 8:34:51 AM",3.66,72.3,100,9,2025-08-29T12:34:51.000Z,,,,,,,,,
"8/29/2025, 8:37:51 AM",3.66,72.5,100,9,2025-08-29T12:37:51.000Z,,,,,,,,,
"8/29/2025, 8:40:51 AM",3.661,72.7,100,10,2025-08-29T12:40:51.000Z,,,,,,,,,
"8/29/2025, 8:43:51 AM",3.661,72.9,100,10,2025-08-29T12:43:51.000Z,,,,,,,,,
"8/29/2025, 8:46:51 AM",3.661,73,100,10,2025-08-29T12:46:51.000Z,,,,,,,,,
"8/29/2025, 8:49:51 AM",3.661,73,100,10,2025-08-29T12:49:51.000Z,,,,,,,,,
"8/29/2025, 8:52:51 AM",3.661,73.2,100,10,2025-08-29T12:52:51.000Z,,,,,,,,,
"8/29/2025, 8:55:51 AM",3.66,73.4,100,10,2025-08-29T12:55:51.000Z,,,,,,,,,
"8/29/2025, 8:58:51 AM",3.66,73.6,100,11,2025-08-29T12:58:51.000Z,,,,,,,,,
"8/29/2025, 9:01:51 AM",3.66,73.8,100,11,2025-08-29T13:01:51.000Z,,,,,,,,,
"8/29/2025, 9:04:51 AM",3.66,73.9,100,11,2025-08-29T13:04:51.000Z,,,,,,,,,
"8/29/2025, 9:07:51 AM",3.661,74.1,100,11,2025-08-29T13:07:51.000Z,,,,,,,,,
"8/29/2025, 9:10:51 AM",3.661,74.3,100,11,2025-08-29T13:10:51.000Z,,,,,,,,,
"8/29/2025, 9:13:51 AM",3.661,74.5,100,12,2025-08-29T13:13:51.000Z,,,,,,,,,
"8/29/2025, 9:16:51 AM",3.661,74.5,100,12,2025-08-29T13:16:51.000Z,,,,,,,,,
"8/29/2025, 9:19:51 AM",3.66,74.7,100,12,2025-08-29T13:19:51.000Z,,,,,,,,,
"8/29/2025, 9:22:51 AM",3.66,74.8,100,12,2025-08-29T13:22:51.000Z,,,,,,,,,
"8/29/2025, 9:25:51 AM",3.66,75,100,13,2025-08-29T13:25:51.000Z,,,,,,,,,
"8/29/2025, 9:28:51 AM",3.661,75.2,100,13,2025-08-29T13:28:51.000Z,,,,,,,,,
"8/29/2025, 9:31:51 AM",3.661,75.4,100,13,2025-08-29T13:31:51.000Z,,,,,,,,,
"8/29/2025, 9:34:51 AM",3.661,75.6,100,13,2025-08-29T13:34:51.000Z,,,,,,,,,
"8/29/2025, 9:37:51 AM",3.66,75.7,100,13,2025-08-29T13:37:51.000Z,,,,,,,,,
"8/29/2025, 9:40:51 AM",3.661,75.9,100,14,2025-08-29T13:40:51.000Z,,,,,,,,,
"8/29/2025, 9:43:51 AM",3.66,75.9,100,14,2025-08-29T13:43:51.000Z,,,,,,,,,
"8/29/2025, 9:46:51 AM",3.661,76.1,100,14,2025-08-29T13:46:51.000Z,,,,,,,,,
"8/29/2025, 9:49:51 AM",3.66,76.1,100,14,2025-08-29T13:49:51.000Z,,,,,,,,,
"8/29/2025, 9:52:51 AM",3.66,76.3,100,14,2025-08-29T13:52:51.000Z,,,,,,,,,
"8/29/2025, 9:55:51 AM",3.661,76.3,100,14,2025-08-29T13:55:51.000Z,,,,,,,,,
"8/29/2025, 9:58:51 AM",3.661,76.5,100,14,2025-08-29T13:58:51.000Z,,,,,,,,,
"8/29/2025, 10:01:51 AM",3.66,76.6,100,14,2025-08-29T14:01:51.000Z,,,,,,,,,
"8/29/2025, 10:04:51 AM",3.66,76.8,100,15,2025-08-29T14:04:51.000Z,,,,,,,,,
"8/29/2025, 10:07:51 AM",3.66,77,100,15,2025-08-29T14:07:51.000Z,,,,,,,,,
"8/29/2025, 10:10:51 AM",3.66,77.2,100,15,2025-08-29T14:10:51.000Z,,,,,,,,,
"8/29/2025, 10:13:51 AM",3.66,77.4,100,15,2025-08-29T14:13:51.000Z,,,,,,,,,
"8/29/2025, 10:16:51 AM",3.661,77.7,100,16,2025-08-29T14:16:51.000Z,,,,,,,,,
"8/29/2025, 10:19:51 AM",3.66,77.9,100,16,2025-08-29T14:19:51.000Z,,,,,,,,,
"8/29/2025, 10:22:51 AM",3.661,78.1,100,16,2025-08-29T14:22:51.000Z,,,,,,,,,
"8/29/2025, 10:25:51 AM",3.66,78.4,100,16,2025-08-29T14:25:51.000Z,,,,,,,,,
"8/29/2025, 10:28:51 AM",3.66,78.6,100,16,2025-08-29T14:28:51.000Z,,,,,,,,,
"8/29/2025, 10:31:51 AM",3.66,78.8,100,17,2025-08-29T14:31:51.000Z,,,,,,,,,
"8/29/2025, 10:34:51 AM",3.66,79,100,17,2025-08-29T14:34:51.000Z,,,,,,,,,
"8/29/2025, 10:37:51 AM",3.66,79,100,17,2025-08-29T14:37:51.000Z,,,,,,,,,
"8/29/2025, 10:40:51 AM",3.66,79.2,100,17,2025-08-29T14:40:51.000Z,,,,,,,,,
"8/29/2025, 10:43:51 AM",3.66,79.3,100,18,2025-08-29T14:43:51.000Z,,,,,,,,,
"8/29/2025, 10:46:51 AM",3.66,79.5,100,18,2025-08-29T14:46:51.000Z,,,,,,,,,
"8/29/2025, 10:49:51 AM",3.66,79.5,100,18,2025-08-29T14:49:51.000Z,,,,,,,,,
"8/29/2025, 10:52:51 AM",3.66,79.7,100,18,2025-08-29T14:52:51.000Z,,,,,,,,,
"8/29/2025, 10:55:51 AM",3.66,79.9,100,18,2025-08-29T14:55:51.000Z,,,,,,,,,
"8/29/2025, 10:58:51 AM",3.66,79.9,100,18,2025-08-29T14:58:51.000Z,,,,,,,,,
"8/29/2025, 11:01:51 AM",3.66,79.9,100,18,2025-08-29T15:01:51.000Z,,,,,,,,,
"8/29/2025, 11:04:51 AM",3.661,79.9,100,18,2025-08-29T15:04:51.000Z,,,,,,,,,
"8/29/2025, 11:07:51 AM",3.66,80.1,100,18,2025-08-29T15:07:51.000Z,,,,,,,,,
"8/29/2025, 11:10:51 AM",3.66,80.1,100,18,2025-08-29T15:10:51.000Z,,,,,,,,,
"8/29/2025, 11:13:51 AM",3.66,80.1,100,18,2025-08-29T15:13:51.000Z,,,,,,,,,
"8/29/2025, 11:16:51 AM",3.66,80.2,100,18,2025-08-29T15:16:51.000Z,,,,,,,,,
"8/29/2025, 11:19:51 AM",3.66,80.2,100,18,2025-08-29T15:19:51.000Z,,,,,,,,,
"8/29/2025, 11:22:51 AM",3.66,80.4,100,19,2025-08-29T15:22:51.000Z,,,,,,,,,
"8/29/2025, 11:25:51 AM",3.66,80.4,100,18,2025-08-29T15:25:51.000Z,,,,,,,,,
"8/29/2025, 11:28:51 AM",3.66,80.6,100,18,2025-08-29T15:28:51.000Z,,,,,,,,,
"8/29/2025, 11:31:51 AM",3.66,80.6,100,18,2025-08-29T15:31:51.000Z,,,,,,,,,
"8/29/2025, 11:34:51 AM",3.66,80.6,100,18,2025-08-29T15:34:51.000Z,,,,,,,,,
"8/29/2025, 11:37:51 AM",3.66,80.4,100,18,2025-08-29T15:37:51.000Z,,,,,,,,,
"8/29/2025, 11:40:51 AM",3.66,80.4,100,18,2025-08-29T15:40:51.000Z,,,,,,,,,
"8/29/2025, 11:43:51 AM",3.66,80.4,100,17,2025-08-29T15:43:51.000Z,,,,,,,,,
"8/29/2025, 11:46:51 AM",3.66,80.4,100,18,2025-08-29T15:46:51.000Z,,,,,,,,,
"8/29/2025, 11:49:51 AM",3.66,80.4,100,18,2025-08-29T15:49:51.000Z,,,,,,,,,
"8/29/2025, 11:52:51 AM",3.66,80.4,100,18,2025-08-29T15:52:51.000Z,,,,,,,,,
"8/29/2025, 11:55:51 AM",3.66,80.4,100,18,2025-08-29T15:55:51.000Z,,,,,,,,,
"8/29/2025, 11:58:51 AM",3.66,80.6,100,18,2025-08-29T15:58:51.000Z,,,,,,,,,
"8/29/2025, 12:01:51 PM",3.66,80.6,100,18,2025-08-29T16:01:51.000Z,,,,,,,,,
"8/29/2025, 12:04:51 PM",3.66,80.6,100,18,2025-08-29T16:04:51.000Z,,,,,,,,,
"8/29/2025, 12:07:51 PM",3.661,80.8,100,18,2025-08-29T16:07:51.000Z,,,,,,,,,
"8/29/2025, 12:10:51 PM",3.66,81,100,18,2025-08-29T16:10:51.000Z,,,,,,,,,
"8/29/2025, 12:13:51 PM",3.66,81.1,100,18,2025-08-29T16:13:51.000Z,,,,,,,,,
"8/29/2025, 12:16:51 PM",3.66,81.3,100,19,2025-08-29T16:16:51.000Z,,,,,,,,,
"8/29/2025, 12:19:51 PM",3.66,81.7,100,20,2025-08-29T16:19:51.000Z,,,,,,,,,
"8/29/2025, 12:22:51 PM",3.66,82,100,20,2025-08-29T16:22:51.000Z,,,,,,,,,
"8/29/2025, 12:25:51 PM",3.66,82.4,100,22,2025-08-29T16:25:51.000Z,,,,,,,,,
"8/29/2025, 12:28:51 PM",3.66,82.8,100,23,2025-08-29T16:28:51.000Z,,,,,,,,,
"8/29/2025, 12:31:51 PM",3.66,83.1,100,23,2025-08-29T16:31:51.000Z,,,,,,,,,
"8/29/2025, 12:34:51 PM",3.66,83.5,100,24,2025-08-29T16:34:51.000Z,,,,,,,,,
"8/29/2025, 12:37:51 PM",3.66,83.8,100,24,2025-08-29T16:37:51.000Z,,,,,,,,,
"8/29/2025, 12:40:51 PM",3.66,84,100,24,2025-08-29T16:40:51.000Z,,,,,,,,,
"8/29/2025, 12:43:51 PM",3.66,84.2,100,24,2025-08-29T16:43:51.000Z,,,,,,,,,
"8/29/2025, 12:46:51 PM",3.66,84.4,100,24,2025-08-29T16:46:51.000Z,,,,,,,,,
"8/29/2025, 12:49:51 PM",3.66,84.6,100,25,2025-08-29T16:49:51.000Z,,,,,,,,,
"8/29/2025, 12:52:51 PM",3.66,84.9,100,25,2025-08-29T16:52:51.000Z,,,,,,,,,
"8/29/2025, 12:55:51 PM",3.66,85.3,100,26,2025-08-29T16:55:51.000Z,,,,,,,,,
"8/29/2025, 12:58:51 PM",3.66,85.6,100,27,2025-08-29T16:58:51.000Z,,,,,,,,,
"8/29/2025, 1:01:51 PM",3.66,85.8,100,27,2025-08-29T17:01:51.000Z,,,,,,,,,
"8/29/2025, 1:04:51 PM",3.66,86,100,27,2025-08-29T17:04:51.000Z,,,,,,,,,
"8/29/2025, 1:07:51 PM",3.66,86.4,100,28,2025-08-29T17:07:51.000Z,,,,,,,,,
"8/29/2025, 1:10:51 PM",3.66,86.7,100,29,2025-08-29T17:10:51.000Z,,,,,,,,,
"8/29/2025, 1:13:51 PM",3.659,87.1,100,29,2025-08-29T17:13:51.000Z,,,,,,,,,
"8/29/2025, 1:16:51 PM",3.659,87.4,100,29,2025-08-29T17:16:51.000Z,,,,,,,,,
"8/29/2025, 1:19:51 PM",3.66,87.8,100,30,2025-08-29T17:19:51.000Z,,,,,,,,,
"8/29/2025, 1:22:51 PM",3.66,88.2,100,30,2025-08-29T17:22:51.000Z,,,,,,,,,
"8/29/2025, 1:25:51 PM",3.659,88.3,100,30,2025-08-29T17:25:51.000Z,,,,,,,,,
"8/29/2025, 1:28:51 PM",3.66,88.5,100,30,2025-08-29T17:28:51.000Z,,,,,,,,,
"8/29/2025, 1:31:51 PM",3.66,88.7,100,29,2025-08-29T17:31:51.000Z,,,,,,,,,
"8/29/2025, 1:34:51 PM",3.659,88.9,100,29,2025-08-29T17:34:51.000Z,,,,,,,,,
"8/29/2025, 1:37:51 PM",3.659,88.9,100,30,2025-08-29T17:37:51.000Z,,,,,,,,,
"8/29/2025, 1:40:51 PM",3.66,89.2,100,30,2025-08-29T17:40:51.000Z,,,,,,,,,
"8/29/2025, 1:43:51 PM",3.66,89.4,100,30,2025-08-29T17:43:51.000Z,,,,,,,,,
"8/29/2025, 1:46:51 PM",3.659,89.6,100,30,2025-08-29T17:46:51.000Z,,,,,,,,,
"8/29/2025, 1:49:51 PM",3.659,89.6,100,28,2025-08-29T17:49:51.000Z,,,,,,,,,
"8/29/2025, 1:52:51 PM",3.659,89.6,100,28,2025-08-29T17:52:51.000Z,,,,,,,,,
"8/29/2025, 1:55:51 PM",3.66,89.6,100,28,2025-08-29T17:55:51.000Z,,,,,,,,,
"8/29/2025, 1:58:51 PM",3.659,89.8,100,28,2025-08-29T17:58:51.000Z,,,,,,,,,
"8/29/2025, 2:01:51 PM",3.659,89.8,100,28,2025-08-29T18:01:51.000Z,,,,,,,,,
"8/29/2025, 2:04:51 PM",3.659,90,100,28,2025-08-29T18:04:51.000Z,,,,,,,,,
"8/29/2025, 2:07:51 PM",3.659,90,100,28,2025-08-29T18:07:51.000Z,,,,,,,,,
"8/29/2025, 2:10:51 PM",3.659,90.1,100,29,2025-08-29T18:10:51.000Z,,,,,,,,,
"8/29/2025, 2:13:51 PM",3.66,90.1,100,29,2025-08-29T18:13:51.000Z,,,,,,,,,
"8/29/2025, 2:16:51 PM",3.659,90.3,100,30,2025-08-29T18:16:51.000Z,,,,,,,,,
"8/29/2025, 2:19:51 PM",3.659,90.3,100,29,2025-08-29T18:19:51.000Z,,,,,,,,,
"8/29/2025, 2:22:51 PM",3.659,90.3,100,29,2025-08-29T18:22:51.000Z,,,,,,,,,
"8/29/2025, 2:25:51 PM",3.66,90.1,100,28,2025-08-29T18:25:51.000Z,,,,,,,,,
"8/29/2025, 2:28:51 PM",3.66,90.1,100,28,2025-08-29T18:28:51.000Z,,,,,,,,,
"8/29/2025, 2:31:51 PM",3.659,90.1,100,27,2025-08-29T18:31:51.000Z,,,,,,,,,
"8/29/2025, 2:34:51 PM",3.66,90.1,100,28,2025-08-29T18:34:51.000Z,,,,,,,,,
"8/29/2025, 2:37:51 PM",3.66,90.3,100,28,2025-08-29T18:37:51.000Z,,,,,,,,,
"8/29/2025, 2:40:51 PM",3.659,90.5,100,28,2025-08-29T18:40:51.000Z,,,,,,,,,
"8/29/2025, 2:43:51 PM",3.66,90.3,100,27,2025-08-29T18:43:51.000Z,,,,,,,,,
"8/29/2025, 2:46:51 PM",3.66,90.3,100,27,2025-08-29T18:46:51.000Z,,,,,,,,,
"8/29/2025, 2:49:51 PM",3.659,90.3,100,27,2025-08-29T18:49:51.000Z,,,,,,,,,
"8/29/2025, 2:52:51 PM",3.66,90.1,100,26,2025-08-29T18:52:51.000Z,,,,,,,,,
"8/29/2025, 2:55:51 PM",3.66,90.1,100,26,2025-08-29T18:55:51.000Z,,,,,,,,,
"8/29/2025, 2:58:51 PM",3.659,90.3,100,26,2025-08-29T18:58:51.000Z,,,,,,,,,
"8/29/2025, 3:01:51 PM",3.66,90.5,100,26,2025-08-29T19:01:51.000Z,,,,,,,,,
"8/29/2025, 3:04:51 PM",3.659,90.7,100,27,2025-08-29T19:04:51.000Z,,,,,,,,,
"8/29/2025, 3:07:51 PM",3.66,90.7,100,27,2025-08-29T19:07:51.000Z,,,,,,,,,
"8/29/2025, 3:10:51 PM",3.659,90.9,100,28,2025-08-29T19:10:51.000Z,,,,,,,,,
"8/29/2025, 3:13:51 PM",3.66,91,100,28,2025-08-29T19:13:51.000Z,,,,,,,,,
"8/29/2025, 3:16:51 PM",3.659,91.2,100,29,2025-08-29T19:16:51.000Z,,,,,,,,,
"8/29/2025, 3:19:51 PM",3.66,91.4,100,28,2025-08-29T19:19:51.000Z,,,,,,,,,
"8/29/2025, 3:22:51 PM",3.659,91.4,100,27,2025-08-29T19:22:51.000Z,,,,,,,,,
"8/29/2025, 3:25:51 PM",3.66,91.6,100,28,2025-08-29T19:25:51.000Z,,,,,,,,,
"8/29/2025, 3:28:51 PM",3.659,91.6,100,27,2025-08-29T19:28:51.000Z,,,,,,,,,
"8/29/2025, 3:31:51 PM",3.66,91.6,100,26,2025-08-29T19:31:51.000Z,,,,,,,,,
"8/29/2025, 3:34:51 PM",3.66,91.8,100,27,2025-08-29T19:34:51.000Z,,,,,,,,,
"8/29/2025, 3:37:51 PM",3.66,91.8,100,26,2025-08-29T19:37:51.000Z,,,,,,,,,
"8/29/2025, 3:40:51 PM",3.66,91.8,100,27,2025-08-29T19:40:51.000Z,,,,,,,,,
"8/29/2025, 3:43:51 PM",3.659,91.9,100,27,2025-08-29T19:43:51.000Z,,,,,,,,,
"8/29/2025, 3:46:51 PM",3.659,92.1,100,27,2025-08-29T19:46:51.000Z,,,,,,,,,
"8/29/2025, 3:49:51 PM",3.659,92.1,100,27,2025-08-29T19:49:51.000Z,,,,,,,,,
"8/29/2025, 3:52:51 PM",3.659,92.3,100,28,2025-08-29T19:52:51.000Z,,,,,,,,,
"8/29/2025, 3:55:51 PM",3.66,92.5,100,28,2025-08-29T19:55:51.000Z,,,,,,,,,
"8/29/2025, 3:58:51 PM",3.66,92.7,100,28,2025-08-29T19:58:51.000Z,,,,,,,,,
"8/29/2025, 4:01:51 PM",3.659,92.7,100,29,2025-08-29T20:01:51.000Z,,,,,,,,,
"8/29/2025, 4:04:51 PM",3.66,92.8,100,29,2025-08-29T20:04:51.000Z,,,,,,,,,
"8/29/2025, 4:07:51 PM",3.66,93,100,30,2025-08-29T20:07:51.000Z,,,,,,,,,
"8/29/2025, 4:10:51 PM",3.659,93.2,100,30,2025-08-29T20:10:51.000Z,,,,,,,,,
"8/29/2025, 4:13:51 PM",3.659,93.4,100,30,2025-08-29T20:13:51.000Z,,,,,,,,,
"8/29/2025, 4:16:51 PM",3.66,93.6,100,30,2025-08-29T20:16:51.000Z,,,,,,,,,
"8/29/2025, 4:19:51 PM",3.66,93.7,100,30,2025-08-29T20:19:51.000Z,,,,,,,,,
"8/29/2025, 4:22:51 PM",3.66,93.9,100,31,2025-08-29T20:22:51.000Z,,,,,,,,,
"8/29/2025, 4:25:51 PM",3.66,93.9,100,31,2025-08-29T20:25:51.000Z,,,,,,,,,
"8/29/2025, 4:28:51 PM",3.659,93.9,100,31,2025-08-29T20:28:51.000Z,,,,,,,,,
"8/29/2025, 4:31:51 PM",3.66,94.1,100,30,2025-08-29T20:31:51.000Z,,,,,,,,,
"8/29/2025, 4:34:51 PM",3.66,94.1,100,30,2025-08-29T20:34:51.000Z,,,,,,,,,
"8/29/2025, 4:37:51 PM",3.659,94.3,100,31,2025-08-29T20:37:51.000Z,,,,,,,,,
"8/29/2025, 4:40:51 PM",3.659,94.3,100,31,2025-08-29T20:40:51.000Z,,,,,,,,,
"8/29/2025, 4:43:51 PM",3.66,94.5,100,31,2025-08-29T20:43:51.000Z,,,,,,,,,
"8/29/2025, 4:46:51 PM",3.659,94.5,100,33,2025-08-29T20:46:51.000Z,,,,,,,,,
"8/29/2025, 4:49:51 PM",3.659,94.5,100,30,2025-08-29T20:49:51.000Z,,,,,,,,,
"8/29/2025, 4:52:51 PM",3.659,94.5,100,30,2025-08-29T20:52:51.000Z,,,,,,,,,
"8/29/2025, 4:55:51 PM",3.659,94.6,100,30,2025-08-29T20:55:51.000Z,,,,,,,,,
"8/29/2025, 4:58:51 PM",3.66,94.6,100,31,2025-08-29T20:58:51.000Z,,,,,,,,,
"8/29/2025, 5:01:51 PM",3.66,94.6,100,30,2025-08-29T21:01:51.000Z,,,,,,,,,
"8/29/2025, 5:04:51 PM",3.659,94.6,100,30,2025-08-29T21:04:51.000Z,,,,,,,,,
"8/29/2025, 5:07:51 PM",3.659,94.6,100,30,2025-08-29T21:07:51.000Z,,,,,,,,,
"8/29/2025, 5:10:51 PM",3.66,94.6,100,30,2025-08-29T21:10:51.000Z,,,,,,,,,
"8/29/2025, 5:13:51 PM",3.66,94.6,100,30,2025-08-29T21:13:51.000Z,,,,,,,,,
"8/29/2025, 5:16:51 PM",3.659,94.6,100,27,2025-08-29T21:16:51.000Z,,,,,,,,,
"8/29/2025, 5:19:51 PM",3.66,94.6,100,26,2025-08-29T21:19:51.000Z,,,,,,,,,
"8/29/2025, 5:22:51 PM",3.66,94.6,100,25,2025-08-29T21:22:51.000Z,,,,,,,,,
"8/29/2025, 5:25:51 PM",3.66,94.6,100,26,2025-08-29T21:25:51.000Z,,,,,,,,,
"8/29/2025, 5:28:51 PM",3.659,94.6,100,24,2025-08-29T21:28:51.000Z,,,,,,,,,
"8/29/2025, 5:31:51 PM",3.659,94.5,100,25,2025-08-29T21:31:51.000Z,,,,,,,,,
"8/29/2025, 5:34:51 PM",3.66,94.3,100,24,2025-08-29T21:34:51.000Z,,,,,,,,,
"8/29/2025, 5:37:51 PM",3.659,94.1,100,23,2025-08-29T21:37:51.000Z,,,,,,,,,
"8/29/2025, 5:40:51 PM",3.66,93.9,100,23,2025-08-29T21:40:51.000Z,,,,,,,,,
"8/29/2025, 5:43:51 PM",3.66,93.7,100,23,2025-08-29T21:43:51.000Z,,,,,,,,,
"8/29/2025, 5:46:51 PM",3.66,93.6,100,22,2025-08-29T21:46:51.000Z,,,,,,,,,
"8/29/2025, 5:49:51 PM",3.66,93.4,100,22,2025-08-29T21:49:51.000Z,,,,,,,,,
"8/29/2025, 5:52:51 PM",3.66,93.2,100,22,2025-08-29T21:52:51.000Z,,,,,,,,,
"8/29/2025, 5:55:51 PM",3.66,93,100,21,2025-08-29T21:55:51.000Z,,,,,,,,,
"8/29/2025, 5:58:51 PM",3.66,92.8,100,22,2025-08-29T21:58:51.000Z,,,,,,,,,
"8/29/2025, 6:01:51 PM",3.66,92.7,100,21,2025-08-29T22:01:51.000Z,,,,,,,,,
"8/29/2025, 6:04:51 PM",3.66,92.7,100,21,2025-08-29T22:04:51.000Z,,,,,,,,,
"8/29/2025, 6:07:51 PM",3.66,92.5,100,22,2025-08-29T22:07:51.000Z,,,,,,,,,
"8/29/2025, 6:10:51 PM",3.66,92.3,100,21,2025-08-29T22:10:51.000Z,,,,,,,,,
"8/29/2025, 6:13:51 PM",3.66,92.1,100,21,2025-08-29T22:13:51.000Z,,,,,,,,,
"8/29/2025, 6:16:51 PM",3.66,91.9,100,21,2025-08-29T22:16:51.000Z,,,,,,,,,
"8/29/2025, 6:19:51 PM",3.66,91.8,100,21,2025-08-29T22:19:51.000Z,,,,,,,,,
"8/29/2025, 6:22:51 PM",3.661,91.6,100,20,2025-08-29T22:22:51.000Z,,,,,,,,,
"8/29/2025, 6:25:51 PM",3.661,91.4,100,20,2025-08-29T22:25:51.000Z,,,,,,,,,
"8/29/2025, 6:28:51 PM",3.661,91.2,100,20,2025-08-29T22:28:51.000Z,,,,,,,,,
"8/29/2025, 6:31:51 PM",3.661,91,100,19,2025-08-29T22:31:51.000Z,,,,,,,,,
"8/29/2025, 6:34:51 PM",3.66,90.9,100,19,2025-08-29T22:34:51.000Z,,,,,,,,,
"8/29/2025, 6:37:51 PM",3.661,90.5,100,19,2025-08-29T22:37:51.000Z,,,,,,,,,
"8/29/2025, 6:40:51 PM",3.661,90.3,100,19,2025-08-29T22:40:51.000Z,,,,,,,,,
"8/29/2025, 6:43:51 PM",3.661,90.1,100,19,2025-08-29T22:43:51.000Z,,,,,,,,,
"8/29/2025, 6:46:51 PM",3.661,89.8,100,19,2025-08-29T22:46:51.000Z,,,,,,,,,
"8/29/2025, 6:49:51 PM",3.661,89.6,100,18,2025-08-29T22:49:51.000Z,,,,,,,,,
"8/29/2025, 6:52:51 PM",3.661,89.2,100,18,2025-08-29T22:52:51.000Z,,,,,,,,,
"8/29/2025, 6:55:51 PM",3.661,88.9,100,17,2025-08-29T22:55:51.000Z,,,,,,,,,
"8/29/2025, 6:58:51 PM",3.661,88.9,100,17,2025-08-29T22:58:51.000Z,,,,,,,,,
"8/29/2025, 7:01:51 PM",3.661,88.5,100,17,2025-08-29T23:01:51.000Z,,,,,,,,,
"8/29/2025, 7:04:51 PM",3.661,88.2,100,17,2025-08-29T23:04:51.000Z,,,,,,,,,
"8/29/2025, 7:07:51 PM",3.662,88,100,17,2025-08-29T23:07:51.000Z,,,,,,,,,
"8/29/2025, 7:10:51 PM",3.661,87.6,100,15,2025-08-29T23:10:51.000Z,,,,,,,,,
"8/29/2025, 7:13:51 PM",3.662,87.3,100,15,2025-08-29T23:13:51.000Z,,,,,,,,,
"8/29/2025, 7:16:51 PM",3.662,87.1,100,15,2025-08-29T23:16:51.000Z,,,,,,,,,
"8/29/2025, 7:19:51 PM",3.662,86.7,100,15,2025-08-29T23:19:51.000Z,,,,,,,,,
"8/29/2025, 7:22:51 PM",3.662,86.5,100,15,2025-08-29T23:22:51.000Z,,,,,,,,,
"8/29/2025, 7:25:51 PM",3.662,86.2,100,15,2025-08-29T23:25:51.000Z,,,,,,,,,
"8/29/2025, 7:28:51 PM",3.662,86,100,15,2025-08-29T23:28:51.000Z,,,,,,,,,
"8/29/2025, 7:31:51 PM",3.662,85.6,100,15,2025-08-29T23:31:51.000Z,,,,,,,,,
"8/29/2025, 7:34:51 PM",3.662,85.5,100,14,2025-08-29T23:34:51.000Z,,,,,,,,,
"8/29/2025, 7:37:51 PM",3.662,85.3,100,15,2025-08-29T23:37:51.000Z,,,,,,,,,
"8/29/2025, 7:40:51 PM",3.662,84.9,100,14,2025-08-29T23:40:51.000Z,,,,,,,,,
"8/29/2025, 7:43:51 PM",3.662,84.7,100,14,2025-08-29T23:43:51.000Z,,,,,,,,,
"8/29/2025, 7:46:51 PM",3.663,84.6,100,14,2025-08-29T23:46:51.000Z,,,,,,,,,
"8/29/2025, 7:49:51 PM",3.662,84.2,100,14,2025-08-29T23:49:51.000Z,,,,,,,,,
"8/29/2025, 7:52:51 PM",3.662,84,100,14,2025-08-29T23:52:51.000Z,,,,,,,,,
"8/29/2025, 7:55:51 PM",3.663,83.8,100,14,2025-08-29T23:55:51.000Z,,,,,,,,,
"8/29/2025, 7:58:51 PM",3.662,83.7,100,15,2025-08-29T23:58:51.000Z,,,,,,,,,
"8/29/2025, 8:01:51 PM",3.662,83.3,100,14,2025-08-30T00:01:51.000Z,,,,,,,,,
"8/29/2025, 8:04:51 PM",3.663,83.1,100,14,2025-08-30T00:04:51.000Z,,,,,,,,,
"8/29/2025, 8:07:51 PM",3.663,82.9,100,14,2025-08-30T00:07:51.000Z,,,,,,,,,
"8/29/2025, 8:10:51 PM",3.663,82.8,100,13,2025-08-30T00:10:51.000Z,,,,,,,,,
"8/29/2025, 8:13:51 PM",3.662,82.6,100,13,2025-08-30T00:13:51.000Z,,,,,,,,,
"8/29/2025, 8:16:51 PM",3.663,82.2,100,13,2025-08-30T00:16:51.000Z,,,,,,,,,
"8/29/2025, 8:19:51 PM",3.663,82,100,13,2025-08-30T00:19:51.000Z,,,,,,,,,
"8/29/2025, 8:22:51 PM",3.663,81.9,100,13,2025-08-30T00:22:51.000Z,,,,,,,,,
"8/29/2025, 8:25:51 PM",3.663,81.7,100,13,2025-08-30T00:25:51.000Z,,,,,,,,,
"8/29/2025, 8:28:51 PM",3.663,81.5,100,12,2025-08-30T00:28:51.000Z,,,,,,,,,
"8/29/2025, 8:31:51 PM",3.663,81.1,100,12,2025-08-30T00:31:51.000Z,,,,,,,,,
"8/29/2025, 8:34:51 PM",3.662,81,100,12,2025-08-30T00:34:51.000Z,,,,,,,,,
"8/29/2025, 8:37:51 PM",3.662,80.8,100,12,2025-08-30T00:37:51.000Z,,,,,,,,,
"8/29/2025, 8:40:51 PM",3.663,80.6,100,12,2025-08-30T00:40:51.000Z,,,,,,,,,
"8/29/2025, 8:43:51 PM",3.663,80.4,100,12,2025-08-30T00:43:51.000Z,,,,,,,,,
"8/29/2025, 8:46:51 PM",3.663,80.2,100,12,2025-08-30T00:46:51.000Z,,,,,,,,,
"8/29/2025, 8:49:51 PM",3.663,80.1,100,12,2025-08-30T00:49:51.000Z,,,,,,,,,
"8/29/2025, 8:52:51 PM",3.663,79.9,100,12,2025-08-30T00:52:51.000Z,,,,,,,,,
"8/29/2025, 8:55:51 PM",3.663,79.7,100,12,2025-08-30T00:55:51.000Z,,,,,,,,,
"8/29/2025, 8:58:51 PM",3.663,79.5,100,12,2025-08-30T00:58:51.000Z,,,,,,,,,
"8/29/2025, 9:01:51 PM",3.663,79.3,100,12,2025-08-30T01:01:51.000Z,,,,,,,,,
"8/29/2025, 9:04:51 PM",3.663,79.2,100,12,2025-08-30T01:04:51.000Z,,,,,,,,,
"8/29/2025, 9:07:51 PM",3.663,79,100,12,2025-08-30T01:07:51.000Z,,,,,,,,,
"8/29/2025, 9:10:51 PM",3.663,79,100,12,2025-08-30T01:10:51.000Z,,,,,,,,,
"8/29/2025, 9:13:51 PM",3.663,78.8,100,11,2025-08-30T01:13:51.000Z,,,,,,,,,
"8/29/2025, 9:16:51 PM",3.663,78.6,100,12,2025-08-30T01:16:51.000Z,,,,,,,,,
"8/29/2025, 9:19:51 PM",3.663,78.4,100,12,2025-08-30T01:19:51.000Z,,,,,,,,,
"8/29/2025, 9:22:51 PM",3.663,78.3,100,12,2025-08-30T01:22:51.000Z,,,,,,,,,
"8/29/2025, 9:25:51 PM",3.663,78.1,100,11,2025-08-30T01:25:51.000Z,,,,,,,,,
"8/29/2025, 9:28:51 PM",3.663,78.1,100,11,2025-08-30T01:28:51.000Z,,,,,,,,,
"8/29/2025, 9:31:51 PM",3.663,77.9,100,11,2025-08-30T01:31:51.000Z,,,,,,,,,
"8/29/2025, 9:34:51 PM",3.663,77.7,100,11,2025-08-30T01:34:51.000Z,,,,,,,,,
"8/29/2025, 9:37:51 PM",3.663,77.5,100,11,2025-08-30T01:37:51.000Z,,,,,,,,,
"8/29/2025, 9:40:51 PM",3.663,77.5,100,11,2025-08-30T01:40:51.000Z,,,,,,,,,
"8/29/2025, 9:43:51 PM",3.663,77.4,100,11,2025-08-30T01:43:51.000Z,,,,,,,,,
"8/29/2025, 9:46:51 PM",3.663,77.2,100,11,2025-08-30T01:46:51.000Z,,,,,,,,,
"8/29/2025, 9:49:51 PM",3.663,77,100,10,2025-08-30T01:49:51.000Z,,,,,,,,,
"8/29/2025, 9:52:51 PM",3.664,77,100,11,2025-08-30T01:52:51.000Z,,,,,,,,,
"8/29/2025, 9:55:51 PM",3.663,76.8,100,11,2025-08-30T01:55:51.000Z,,,,,,,,,
"8/29/2025, 9:58:51 PM",3.663,76.6,100,11,2025-08-30T01:58:51.000Z,,,,,,,,,
"8/29/2025, 10:01:51 PM",3.663,76.6,100,11,2025-08-30T02:01:51.000Z,,,,,,,,,
"8/29/2025, 10:04:51 PM",3.663,76.5,100,11,2025-08-30T02:04:51.000Z,,,,,,,,,
"8/29/2025, 10:07:51 PM",3.663,76.5,100,11,2025-08-30T02:07:51.000Z,,,,,,,,,
"8/29/2025, 10:10:51 PM",3.663,76.3,100,11,2025-08-30T02:10:51.000Z,,,,,,,,,
"8/29/2025, 10:13:51 PM",3.663,76.3,100,11,2025-08-30T02:13:51.000Z,,,,,,,,,
"8/29/2025, 10:16:51 PM",3.663,76.1,100,11,2025-08-30T02:16:51.000Z,,,,,,,,,
"8/29/2025, 10:19:51 PM",3.663,76.1,100,11,2025-08-30T02:19:51.000Z,,,,,,,,,
"8/29/2025, 10:22:51 PM",3.663,75.9,100,10,2025-08-30T02:22:51.000Z,,,,,,,,,
"8/29/2025, 10:25:51 PM",3.663,75.9,100,10,2025-08-30T02:25:51.000Z,,,,,,,,,
"8/29/2025, 10:28:51 PM",3.663,75.7,100,10,2025-08-30T02:28:51.000Z,,,,,,,,,
"8/29/2025, 10:31:51 PM",3.664,75.7,100,10,2025-08-30T02:31:51.000Z,,,,,,,,,
"8/29/2025, 10:34:51 PM",3.663,75.6,100,10,2025-08-30T02:34:51.000Z,,,,,,,,,
"8/29/2025, 10:37:51 PM",3.663,75.6,100,10,2025-08-30T02:37:51.000Z,,,,,,,,,
"8/29/2025, 10:40:51 PM",3.663,75.4,100,10,2025-08-30T02:40:51.000Z,,,,,,,,,
"8/29/2025, 10:43:51 PM",3.663,75.4,100,10,2025-08-30T02:43:51.000Z,,,,,,,,,
"8/29/2025, 10:46:51 PM",3.663,75.2,100,10,2025-08-30T02:46:51.000Z,,,,,,,,,
"8/29/2025, 10:49:51 PM",3.663,75.2,100,10,2025-08-30T02:49:51.000Z,,,,,,,,,
"8/29/2025, 10:52:51 PM",3.663,75,100,10,2025-08-30T02:52:51.000Z,,,,,,,,,
"8/29/2025, 10:55:51 PM",3.663,75,100,10,2025-08-30T02:55:51.000Z,,,,,,,,,
"8/29/2025, 10:58:51 PM",3.664,75,100,10,2025-08-30T02:58:51.000Z,,,,,,,,,
"8/29/2025, 11:01:51 PM",3.663,75,100,10,2025-08-30T03:01:51.000Z,,,,,,,,,
"8/29/2025, 11:04:51 PM",3.663,74.8,100,10,2025-08-30T03:04:51.000Z,,,,,,,,,
"8/29/2025, 11:07:51 PM",3.663,74.8,100,10,2025-08-30T03:07:51.000Z,,,,,,,,,
"8/29/2025, 11:10:51 PM",3.663,74.8,100,10,2025-08-30T03:10:51.000Z,,,,,,,,,
"8/29/2025, 11:13:51 PM",3.663,74.7,100,10,2025-08-30T03:13:51.000Z,,,,,,,,,
"8/29/2025, 11:16:51 PM",3.663,74.7,100,10,2025-08-30T03:16:51.000Z,,,,,,,,,
"8/29/2025, 11:19:51 PM",3.663,74.7,100,10,2025-08-30T03:19:51.000Z,,,,,,,,,
"8/29/2025, 11:22:51 PM",3.663,74.5,100,10,2025-08-30T03:22:51.000Z,,,,,,,,,
"8/29/2025, 11:25:51 PM",3.664,74.5,100,10,2025-08-30T03:25:51.000Z,,,,,,,,,
"8/29/2025, 11:28:51 PM",3.664,74.5,100,10,2025-08-30T03:28:51.000Z,,,,,,,,,
"8/29/2025, 11:31:51 PM",3.663,74.5,100,10,2025-08-30T03:31:51.000Z,,,,,,,,,
"8/29/2025, 11:34:51 PM",3.663,74.3,100,10,2025-08-30T03:34:51.000Z,,,,,,,,,
"8/29/2025, 11:37:51 PM",3.663,74.3,100,10,2025-08-30T03:37:51.000Z,,,,,,,,,
"8/29/2025, 11:40:51 PM",3.663,74.3,100,10,2025-08-30T03:40:51.000Z,,,,,,,,,
"8/29/2025, 11:43:51 PM",3.663,74.3,100,10,2025-08-30T03:43:51.000Z,,,,,,,,,
"8/29/2025, 11:46:51 PM",3.663,74.1,100,10,2025-08-30T03:46:51.000Z,,,,,,,,,
"8/29/2025, 11:49:51 PM",3.663,74.1,100,10,2025-08-30T03:49:51.000Z,,,,,,,,,
"8/29/2025, 11:52:51 PM",3.663,74.1,100,10,2025-08-30T03:52:51.000Z,,,,,,,,,
"8/29/2025, 11:55:51 PM",3.663,73.9,100,10,2025-08-30T03:55:51.000Z,,,,,,,,,
"8/29/2025, 11:58:51 PM",3.664,73.9,100,10,2025-08-30T03:58:51.000Z,,,,,,,,,
"8/30/2025, 12:01:51 AM",3.663,73.9,100,10,2025-08-30T04:01:51.000Z,,,,,,,,,
"8/30/2025, 12:04:51 AM",3.663,73.9,100,10,2025-08-30T04:04:51.000Z,,,,,,,,,
"8/30/2025, 12:07:51 AM",3.663,73.9,100,10,2025-08-30T04:07:51.000Z,,,,,,,,,
"8/30/2025, 12:10:51 AM",3.663,73.9,100,10,2025-08-30T04:10:51.000Z,,,,,,,,,
"8/30/2025, 12:13:51 AM",3.663,73.9,100,10,2025-08-30T04:13:51.000Z,,,,,,,,,
"8/30/2025, 12:16:51 AM",3.663,73.9,100,10,2025-08-30T04:16:51.000Z,,,,,,,,,
"8/30/2025, 12:19:51 AM",3.663,73.9,100,10,2025-08-30T04:19:51.000Z,,,,,,,,,
"8/30/2025, 12:22:51 AM",3.663,73.9,100,10,2025-08-30T04:22:51.000Z,,,,,,,,,
"8/30/2025, 12:25:51 AM",3.663,73.9,100,10,2025-08-30T04:25:51.000Z,,,,,,,,,
"8/30/2025, 12:28:51 AM",3.663,73.9,100,10,2025-08-30T04:28:51.000Z,,,,,,,,,
"8/30/2025, 12:31:51 AM",3.664,73.8,100,10,2025-08-30T04:31:51.000Z,,,,,,,,,
"8/30/2025, 12:34:51 AM",3.664,73.8,100,10,2025-08-30T04:34:51.000Z,,,,,,,,,
"8/30/2025, 12:37:51 AM",3.663,73.8,100,10,2025-08-30T04:37:51.000Z,,,,,,,,,
"8/30/2025, 12:40:51 AM",3.663,73.8,100,10,2025-08-30T04:40:51.000Z,,,,,,,,,
"8/30/2025, 12:43:51 AM",3.663,73.8,100,10,2025-08-30T04:43:51.000Z,,,,,,,,,
"8/30/2025, 12:46:51 AM",3.663,73.8,100,10,2025-08-30T04:46:51.000Z,,,,,,,,,
"8/30/2025, 12:49:51 AM",3.663,73.6,100,10,2025-08-30T04:49:51.000Z,,,,,,,,,
"8/30/2025, 12:52:51 AM",3.663,73.6,100,10,2025-08-30T04:52:51.000Z,,,,,,,,,
"8/30/2025, 12:55:51 AM",3.663,73.6,100,10,2025-08-30T04:55:51.000Z,,,,,,,,,
"8/30/2025, 12:58:51 AM",3.663,73.6,100,10,2025-08-30T04:58:51.000Z,,,,,,,,,
"8/30/2025, 1:01:51 AM",3.663,73.6,100,10,2025-08-30T05:01:51.000Z,,,,,,,,,
"8/30/2025, 1:04:51 AM",3.663,73.4,100,10,2025-08-30T05:04:51.000Z,,,,,,,,,
"8/30/2025, 1:07:51 AM",3.663,73.4,100,10,2025-08-30T05:07:51.000Z,,,,,,,,,
"8/30/2025, 1:10:51 AM",3.663,73.4,100,10,2025-08-30T05:10:51.000Z,,,,,,,,,
"8/30/2025, 1:13:51 AM",3.663,73.4,100,10,2025-08-30T05:13:51.000Z,,,,,,,,,
"8/30/2025, 1:16:51 AM",3.663,73.4,100,10,2025-08-30T05:16:51.000Z,,,,,,,,,
"8/30/2025, 1:19:51 AM",3.662,73.2,100,10,2025-08-30T05:19:51.000Z,,,,,,,,,
"8/30/2025, 1:22:51 AM",3.663,73.2,100,10,2025-08-30T05:22:51.000Z,,,,,,,,,
"8/30/2025, 1:25:51 AM",3.663,73.2,100,10,2025-08-30T05:25:51.000Z,,,,,,,,,
"8/30/2025, 1:28:51 AM",3.663,73.2,100,10,2025-08-30T05:28:51.000Z,,,,,,,,,
"8/30/2025, 1:31:51 AM",3.663,73.2,100,10,2025-08-30T05:31:51.000Z,,,,,,,,,
"8/30/2025, 1:34:51 AM",3.663,73.2,100,10,2025-08-30T05:34:51.000Z,,,,,,,,,
"8/30/2025, 1:37:51 AM",3.663,73.2,100,10,2025-08-30T05:37:51.000Z,,,,,,,,,
"8/30/2025, 1:40:51 AM",3.663,73.2,100,10,2025-08-30T05:40:51.000Z,,,,,,,,,
"8/30/2025, 1:43:51 AM",3.663,73.2,100,10,2025-08-30T05:43:51.000Z,,,,,,,,,
"8/30/2025, 1:46:51 AM",3.663,73.2,100,10,2025-08-30T05:46:51.000Z,,,,,,,,,
"8/30/2025, 1:49:51 AM",3.663,73.2,100,10,2025-08-30T05:49:51.000Z,,,,,,,,,
"8/30/2025, 1:52:51 AM",3.663,73.2,100,10,2025-08-30T05:52:51.000Z,,,,,,,,,
"8/30/2025, 1:55:51 AM",3.663,73,100,10,2025-08-30T05:55:51.000Z,,,,,,,,,
"8/30/2025, 1:58:51 AM",3.663,73,100,10,2025-08-30T05:58:51.000Z,,,,,,,,,
"8/30/2025, 2:01:51 AM",3.663,73,100,10,2025-08-30T06:01:51.000Z,,,,,,,,,
"8/30/2025, 2:04:51 AM",3.663,73,100,10,2025-08-30T06:04:51.000Z,,,,,,,,,
"8/30/2025, 2:07:51 AM",3.663,72.9,100,10,2025-08-30T06:07:51.000Z,,,,,,,,,
"8/30/2025, 2:10:51 AM",3.663,72.9,100,10,2025-08-30T06:10:51.000Z,,,,,,,,,
"8/30/2025, 2:13:51 AM",3.663,72.9,100,11,2025-08-30T06:13:51.000Z,,,,,,,,,
"8/30/2025, 2:16:51 AM",3.663,72.7,100,10,2025-08-30T06:16:51.000Z,,,,,,,,,
"8/30/2025, 2:19:51 AM",3.663,72.7,100,11,2025-08-30T06:19:51.000Z,,,,,,,,,
"8/30/2025, 2:22:51 AM",3.663,72.7,100,11,2025-08-30T06:22:51.000Z,,,,,,,,,
"8/30/2025, 2:25:51 AM",3.663,72.7,100,11,2025-08-30T06:25:51.000Z,,,,,,,,,
"8/30/2025, 2:28:51 AM",3.663,72.5,100,11,2025-08-30T06:28:51.000Z,,,,,,,,,
"8/30/2025, 2:31:51 AM",3.663,72.5,100,11,2025-08-30T06:31:51.000Z,,,,,,,,,
"8/30/2025, 2:34:51 AM",3.662,72.5,100,11,2025-08-30T06:34:51.000Z,,,,,,,,,
"8/30/2025, 2:37:51 AM",3.663,72.5,100,11,2025-08-30T06:37:51.000Z,,,,,,,,,
"8/30/2025, 2:40:51 AM",3.663,72.5,100,11,2025-08-30T06:40:51.000Z,,,,,,,,,
"8/30/2025, 2:43:51 AM",3.663,72.3,100,11,2025-08-30T06:43:51.000Z,,,,,,,,,
"8/30/2025, 2:46:51 AM",3.662,72.3,100,11,2025-08-30T06:46:51.000Z,,,,,,,,,
"8/30/2025, 2:49:51 AM",3.663,72.3,100,11,2025-08-30T06:49:51.000Z,,,,,,,,,
"8/30/2025, 2:52:51 AM",3.663,72.3,100,11,2025-08-30T06:52:51.000Z,,,,,,,,,
"8/30/2025, 2:55:51 AM",3.663,72.3,100,11,2025-08-30T06:55:51.000Z,,,,,,,,,
"8/30/2025, 2:58:51 AM",3.663,72.3,100,11,2025-08-30T06:58:51.000Z,,,,,,,,,
"8/30/2025, 3:01:51 AM",3.663,72.3,100,11,2025-08-30T07:01:51.000Z,,,,,,,,,
"8/30/2025, 3:04:51 AM",3.663,72.3,100,11,2025-08-30T07:04:51.000Z,,,,,,,,,
"8/30/2025, 3:07:51 AM",3.663,72.3,100,11,2025-08-30T07:07:51.000Z,,,,,,,,,
"8/30/2025, 3:10:51 AM",3.663,72.1,100,11,2025-08-30T07:10:51.000Z,,,,,,,,,
"8/30/2025, 3:13:51 AM",3.662,72.1,100,11,2025-08-30T07:13:51.000Z,,,,,,,,,
"8/30/2025, 3:16:51 AM",3.663,72.1,100,11,2025-08-30T07:16:51.000Z,,,,,,,,,
"8/30/2025, 3:19:51 AM",3.663,72.1,100,11,2025-08-30T07:19:51.000Z,,,,,,,,,
"8/30/2025, 3:22:51 AM",3.663,72.1,100,11,2025-08-30T07:22:51.000Z,,,,,,,,,
"8/30/2025, 3:25:51 AM",3.662,72.1,100,11,2025-08-30T07:25:51.000Z,,,,,,,,,
"8/30/2025, 3:28:51 AM",3.663,72.1,100,11,2025-08-30T07:28:51.000Z,,,,,,,,,
"8/30/2025, 3:31:51 AM",3.663,72.1,100,11,2025-08-30T07:31:51.000Z,,,,,,,,,
"8/30/2025, 3:34:51 AM",3.662,72,100,11,2025-08-30T07:34:51.000Z,,,,,,,,,
"8/30/2025, 3:37:51 AM",3.663,72,100,11,2025-08-30T07:37:51.000Z,,,,,,,,,
"8/30/2025, 3:40:51 AM",3.663,72,100,11,2025-08-30T07:40:51.000Z,,,,,,,,,
"8/30/2025, 3:43:51 AM",3.663,72,100,11,2025-08-30T07:43:51.000Z,,,,,,,,,
"8/30/2025, 3:46:51 AM",3.662,72,100,11,2025-08-30T07:46:51.000Z,,,,,,,,,
"8/30/2025, 3:49:51 AM",3.662,72,100,11,2025-08-30T07:49:51.000Z,,,,,,,,,
"8/30/2025, 3:52:51 AM",3.663,71.8,100,11,2025-08-30T07:52:51.000Z,,,,,,,,,
"8/30/2025, 3:55:51 AM",3.663,71.8,100,11,2025-08-30T07:55:51.000Z,,,,,,,,,
"8/30/2025, 3:58:51 AM",3.662,71.8,100,11,2025-08-30T07:58:51.000Z,,,,,,,,,
"8/30/2025, 4:01:51 AM",3.663,71.8,100,11,2025-08-30T08:01:51.000Z,,,,,,,,,
"8/30/2025, 4:04:51 AM",3.663,71.6,100,11,2025-08-30T08:04:51.000Z,,,,,,,,,
"8/30/2025, 4:07:51 AM",3.662,71.6,100,11,2025-08-30T08:07:51.000Z,,,,,,,,,
"8/30/2025, 4:10:51 AM",3.663,71.6,100,11,2025-08-30T08:10:51.000Z,,,,,,,,,
"8/30/2025, 4:13:51 AM",3.663,71.6,100,11,2025-08-30T08:13:51.000Z,,,,,,,,,
"8/30/2025, 4:16:51 AM",3.662,71.6,100,11,2025-08-30T08:16:51.000Z,,,,,,,,,
"8/30/2025, 4:19:51 AM",3.663,71.4,100,10,2025-08-30T08:19:51.000Z,,,,,,,,,
"8/30/2025, 4:22:51 AM",3.663,71.4,100,10,2025-08-30T08:22:51.000Z,,,,,,,,,
"8/30/2025, 4:25:51 AM",3.662,71.4,100,10,2025-08-30T08:25:51.000Z,,,,,,,,,
"8/30/2025, 4:28:51 AM",3.663,71.4,100,10,2025-08-30T08:28:51.000Z,,,,,,,,,
"8/30/2025, 4:31:51 AM",3.663,71.4,100,10,2025-08-30T08:31:51.000Z,,,,,,,,,
"8/30/2025, 4:34:51 AM",3.663,71.4,100,10,2025-08-30T08:34:51.000Z,,,,,,,,,
"8/30/2025, 4:37:51 AM",3.663,71.4,100,10,2025-08-30T08:37:51.000Z,,,,,,,,,
"8/30/2025, 4:40:51 AM",3.662,71.4,100,10,2025-08-30T08:40:51.000Z,,,,,,,,,
"8/30/2025, 4:43:51 AM",3.663,71.4,100,10,2025-08-30T08:43:51.000Z,,,,,,,,,
"8/30/2025, 4:46:51 AM",3.663,71.2,100,10,2025-08-30T08:46:51.000Z,,,,,,,,,
"8/30/2025, 4:49:51 AM",3.663,71.2,100,10,2025-08-30T08:49:51.000Z,,,,,,,,,
"8/30/2025, 4:52:51 AM",3.663,71.2,100,10,2025-08-30T08:52:51.000Z,,,,,,,,,
"8/30/2025, 4:55:51 AM",3.662,71.2,100,10,2025-08-30T08:55:51.000Z,,,,,,,,,
"8/30/2025, 4:58:51 AM",3.662,71.2,100,10,2025-08-30T08:58:51.000Z,,,,,,,,,
"8/30/2025, 5:01:51 AM",3.662,71.2,100,10,2025-08-30T09:01:51.000Z,,,,,,,,,
"8/30/2025, 5:04:51 AM",3.662,71.2,100,10,2025-08-30T09:04:51.000Z,,,,,,,,,
"8/30/2025, 5:07:51 AM",3.663,71.2,100,10,2025-08-30T09:07:51.000Z,,,,,,,,,
"8/30/2025, 5:10:51 AM",3.663,71.2,100,10,2025-08-30T09:10:51.000Z,,,,,,,,,
"8/30/2025, 5:13:51 AM",3.663,71.2,100,10,2025-08-30T09:13:51.000Z,,,,,,,,,
"8/30/2025, 5:16:51 AM",3.662,71.1,100,10,2025-08-30T09:16:51.000Z,,,,,,,,,
"8/30/2025, 5:19:51 AM",3.663,71.1,100,10,2025-08-30T09:19:51.000Z,,,,,,,,,
"8/30/2025, 5:22:51 AM",3.663,71.1,100,10,2025-08-30T09:22:51.000Z,,,,,,,,,
"8/30/2025, 5:25:51 AM",3.662,71.1,100,10,2025-08-30T09:25:51.000Z,,,,,,,,,
"8/30/2025, 5:28:51 AM",3.663,71.1,100,10,2025-08-30T09:28:51.000Z,,,,,,,,,
"8/30/2025, 5:31:51 AM",3.663,71.1,100,10,2025-08-30T09:31:51.000Z,,,,,,,,,
"8/30/2025, 5:34:51 AM",3.662,71.1,100,10,2025-08-30T09:34:51.000Z,,,,,,,,,
"8/30/2025, 5:37:51 AM",3.663,71.1,100,10,2025-08-30T09:37:51.000Z,,,,,,,,,
"8/30/2025, 5:40:51 AM",3.662,71.1,100,10,2025-08-30T09:40:51.000Z,,,,,,,,,
"8/30/2025, 5:43:51 AM",3.662,71.1,100,10,2025-08-30T09:43:51.000Z,,,,,,,,,
"8/30/2025, 5:46:51 AM",3.663,70.9,100,10,2025-08-30T09:46:51.000Z,,,,,,,,,
"8/30/2025, 5:49:51 AM",3.662,70.9,100,10,2025-08-30T09:49:51.000Z,,,,,,,,,
"8/30/2025, 5:52:51 AM",3.662,70.9,100,10,2025-08-30T09:52:51.000Z,,,,,,,,,
"8/30/2025, 5:55:51 AM",3.662,70.9,100,10,2025-08-30T09:55:51.000Z,,,,,,,,,
"8/30/2025, 5:58:51 AM",3.662,70.9,100,10,2025-08-30T09:58:51.000Z,,,,,,,,,
"8/30/2025, 6:01:51 AM",3.662,70.9,100,10,2025-08-30T10:01:51.000Z,,,,,,,,,
"8/30/2025, 6:04:51 AM",3.662,70.9,100,10,2025-08-30T10:04:51.000Z,,,,,,,,,
"8/30/2025, 6:07:51 AM",3.662,70.9,100,10,2025-08-30T10:07:51.000Z,,,,,,,,,
"8/30/2025, 6:10:51 AM",3.662,70.9,100,9,2025-08-30T10:10:51.000Z,,,,,,,,,
"8/30/2025, 6:13:51 AM",3.662,70.9,100,9,2025-08-30T10:13:51.000Z,,,,,,,,,
"8/30/2025, 6:16:51 AM",3.662,70.7,100,10,2025-08-30T10:16:51.000Z,,,,,,,,,
"8/30/2025, 6:19:51 AM",3.662,70.7,100,9,2025-08-30T10:19:51.000Z,,,,,,,,,
"8/30/2025, 6:22:51 AM",3.662,70.7,100,9,2025-08-30T10:22:51.000Z,,,,,,,,,
"8/30/2025, 6:25:51 AM",3.662,70.7,100,9,2025-08-30T10:25:51.000Z,,,,,,,,,
"8/30/2025, 6:28:51 AM",3.663,70.7,100,9,2025-08-30T10:28:51.000Z,,,,,,,,,
"8/30/2025, 6:31:51 AM",3.662,70.7,100,9,2025-08-30T10:31:51.000Z,,,,,,,,,
"8/30/2025, 6:34:51 AM",3.662,70.7,100,9,2025-08-30T10:34:51.000Z,,,,,,,,,
"8/30/2025, 6:37:51 AM",3.662,70.7,100,9,2025-08-30T10:37:51.000Z,,,,,,,,,
"8/30/2025, 6:40:51 AM",3.662,70.7,100,9,2025-08-30T10:40:51.000Z,,,,,,,,,
"8/30/2025, 6:43:51 AM",3.662,70.7,100,9,2025-08-30T10:43:51.000Z,,,,,,,,,
"8/30/2025, 6:46:51 AM",3.662,70.7,100,9,2025-08-30T10:46:51.000Z,,,,,,,,,
"8/30/2025, 6:49:51 AM",3.662,70.7,100,9,2025-08-30T10:49:51.000Z,,,,,,,,,
"8/30/2025, 6:52:51 AM",3.662,70.7,100,9,2025-08-30T10:52:51.000Z,,,,,,,,,
"8/30/2025, 6:55:51 AM",3.662,70.7,100,9,2025-08-30T10:55:51.000Z,,,,,,,,,
"8/30/2025, 6:58:51 AM",3.662,70.7,100,9,2025-08-30T10:58:51.000Z,,,,,,,,,
"8/30/2025, 7:01:51 AM",3.662,70.7,100,9,2025-08-30T11:01:51.000Z,,,,,,,,,
"8/30/2025, 7:04:51 AM",3.662,70.5,100,9,2025-08-30T11:04:51.000Z,,,,,,,,,
"8/30/2025, 7:07:51 AM",3.662,70.5,100,9,2025-08-30T11:07:51.000Z,,,,,,,,,
"8/30/2025, 7:10:51 AM",3.662,70.5,100,9,2025-08-30T11:10:51.000Z,,,,,,,,,
"8/30/2025, 7:13:51 AM",3.662,70.5,100,9,2025-08-30T11:13:51.000Z,,,,,,,,,
"8/30/2025, 7:16:51 AM",3.662,70.5,100,9,2025-08-30T11:16:51.000Z,,,,,,,,,
"8/30/2025, 7:19:51 AM",3.662,70.5,100,9,2025-08-30T11:19:51.000Z,,,,,,,,,
"8/30/2025, 7:22:51 AM",3.662,70.3,100,9,2025-08-30T11:22:51.000Z,,,,,,,,,
"8/30/2025, 7:25:51 AM",3.662,70.3,100,9,2025-08-30T11:25:51.000Z,,,,,,,,,
"8/30/2025, 7:28:51 AM",3.662,70.3,100,9,2025-08-30T11:28:51.000Z,,,,,,,,,
"8/30/2025, 7:31:51 AM",3.662,70.5,100,9,2025-08-30T11:31:51.000Z,,,,,,,,,
"8/30/2025, 7:34:51 AM",3.662,70.5,100,9,2025-08-30T11:34:51.000Z,,,,,,,,,
"8/30/2025, 7:37:51 AM",3.662,70.5,100,9,2025-08-30T11:37:51.000Z,,,,,,,,,
"8/30/2025, 7:40:51 AM",3.662,70.5,100,9,2025-08-30T11:40:51.000Z,,,,,,,,,
"8/30/2025, 7:43:51 AM",3.662,70.7,100,9,2025-08-30T11:43:51.000Z,,,,,,,,,
"8/30/2025, 7:46:51 AM",3.662,70.7,100,9,2025-08-30T11:46:51.000Z,,,,,,,,,
"8/30/2025, 7:49:51 AM",3.662,70.9,100,9,2025-08-30T11:49:51.000Z,,,,,,,,,
"8/30/2025, 7:52:51 AM",3.662,70.9,100,9,2025-08-30T11:52:51.000Z,,,,,,,,,
"8/30/2025, 7:55:51 AM",3.662,71.1,100,9,2025-08-30T11:55:51.000Z,,,,,,,,,
"8/30/2025, 7:58:51 AM",3.662,71.1,100,9,2025-08-30T11:58:51.000Z,,,,,,,,,
"8/30/2025, 8:01:51 AM",3.662,71.2,100,9,2025-08-30T12:01:51.000Z,,,,,,,,,
"8/30/2025, 8:04:51 AM",3.662,71.4,100,10,2025-08-30T12:04:51.000Z,,,,,,,,,
"8/30/2025, 8:07:51 AM",3.662,71.4,100,10,2025-08-30T12:07:51.000Z,,,,,,,,,
"8/30/2025, 8:10:51 AM",3.662,71.6,100,10,2025-08-30T12:10:51.000Z,,,,,,,,,
"8/30/2025, 8:13:51 AM",3.662,71.8,100,10,2025-08-30T12:13:51.000Z,,,,,,,,,
"8/30/2025, 8:16:51 AM",3.662,71.8,100,10,2025-08-30T12:16:51.000Z,,,,,,,,,
"8/30/2025, 8:19:51 AM",3.662,72,100,10,2025-08-30T12:19:51.000Z,,,,,,,,,
"8/30/2025, 8:22:51 AM",3.662,72.1,100,10,2025-08-30T12:22:51.000Z,,,,,,,,,
"8/30/2025, 8:25:51 AM",3.662,72.3,100,10,2025-08-30T12:25:51.000Z,,,,,,,,,
"8/30/2025, 8:28:51 AM",3.662,72.5,100,10,2025-08-30T12:28:51.000Z,,,,,,,,,
"8/30/2025, 8:31:51 AM",3.662,72.7,100,10,2025-08-30T12:31:51.000Z,,,,,,,,,
"8/30/2025, 8:34:51 AM",3.662,72.9,100,11,2025-08-30T12:34:51.000Z,,,,,,,,,
"8/30/2025, 8:37:51 AM",3.662,73,100,11,2025-08-30T12:37:51.000Z,,,,,,,,,
"8/30/2025, 8:40:51 AM",3.661,73.2,100,11,2025-08-30T12:40:51.000Z,,,,,,,,,
"8/30/2025, 8:43:51 AM",3.662,73.4,100,11,2025-08-30T12:43:51.000Z,,,,,,,,,
"8/30/2025, 8:46:51 AM",3.662,73.6,100,11,2025-08-30T12:46:51.000Z,,,,,,,,,
"8/30/2025, 8:49:51 AM",3.661,73.8,100,12,2025-08-30T12:49:51.000Z,,,,,,,,,
"8/30/2025, 8:52:51 AM",3.662,73.9,100,12,2025-08-30T12:52:51.000Z,,,,,,,,,
"8/30/2025, 8:55:51 AM",3.662,74.1,100,12,2025-08-30T12:55:51.000Z,,,,,,,,,
"8/30/2025, 8:58:51 AM",3.661,74.3,100,12,2025-08-30T12:58:51.000Z,,,,,,,,,
"8/30/2025, 9:01:51 AM",3.662,74.5,100,13,2025-08-30T13:01:51.000Z,,,,,,,,,
"8/30/2025, 9:04:51 AM",3.662,74.8,100,13,2025-08-30T13:04:51.000Z,,,,,,,,,
"8/30/2025, 9:07:51 AM",3.662,75,100,13,2025-08-30T13:07:51.000Z,,,,,,,,,
"8/30/2025, 9:10:51 AM",3.661,75.2,100,13,2025-08-30T13:10:51.000Z,,,,,,,,,
"8/30/2025, 9:13:51 AM",3.662,75.4,100,14,2025-08-30T13:13:51.000Z,,,,,,,,,
"8/30/2025, 9:16:51 AM",3.661,75.7,100,14,2025-08-30T13:16:51.000Z,,,,,,,,,
"8/30/2025, 9:19:51 AM",3.662,75.9,100,14,2025-08-30T13:19:51.000Z,,,,,,,,,
"8/30/2025, 9:22:51 AM",3.662,76.1,100,14,2025-08-30T13:22:51.000Z,,,,,,,,,
"8/30/2025, 9:25:51 AM",3.661,76.5,100,15,2025-08-30T13:25:51.000Z,,,,,,,,,
"8/30/2025, 9:28:51 AM",3.661,76.8,100,15,2025-08-30T13:28:51.000Z,,,,,,,,,
"8/30/2025, 9:31:51 AM",3.662,77,100,15,2025-08-30T13:31:51.000Z,,,,,,,,,
"8/30/2025, 9:34:51 AM",3.661,77.4,100,16,2025-08-30T13:34:51.000Z,,,,,,,,,
"8/30/2025, 9:37:51 AM",3.661,77.5,100,16,2025-08-30T13:37:51.000Z,,,,,,,,,
"8/30/2025, 9:40:51 AM",3.661,77.9,100,16,2025-08-30T13:40:51.000Z,,,,,,,,,
"8/30/2025, 9:43:51 AM",3.661,78.1,100,17,2025-08-30T13:43:51.000Z,,,,,,,,,
"8/30/2025, 9:46:51 AM",3.661,78.4,100,17,2025-08-30T13:46:51.000Z,,,,,,,,,
"8/30/2025, 9:49:51 AM",3.662,78.6,100,18,2025-08-30T13:49:51.000Z,,,,,,,,,
"8/30/2025, 9:52:51 AM",3.662,79,100,18,2025-08-30T13:52:51.000Z,,,,,,,,,
"8/30/2025, 9:55:51 AM",3.662,79.2,100,18,2025-08-30T13:55:51.000Z,,,,,,,,,
"8/30/2025, 9:58:51 AM",3.661,79.3,100,19,2025-08-30T13:58:51.000Z,,,,,,,,,
"8/30/2025, 10:01:51 AM",3.662,79.3,100,19,2025-08-30T14:01:51.000Z,,,,,,,,,
"8/30/2025, 10:04:51 AM",3.661,79.5,100,19,2025-08-30T14:04:51.000Z,,,,,,,,,
"8/30/2025, 10:07:51 AM",3.661,79.7,100,20,2025-08-30T14:07:51.000Z,,,,,,,,,
"8/30/2025, 10:10:51 AM",3.661,79.9,100,20,2025-08-30T14:10:51.000Z,,,,,,,,,
"8/30/2025, 10:13:51 AM",3.662,80.1,100,20,2025-08-30T14:13:51.000Z,,,,,,,,,
"8/30/2025, 10:16:51 AM",3.661,80.2,100,20,2025-08-30T14:16:51.000Z,,,,,,,,,
"8/30/2025, 10:19:51 AM",3.662,80.4,100,21,2025-08-30T14:19:51.000Z,,,,,,,,,
"8/30/2025, 10:22:51 AM",3.661,80.6,100,21,2025-08-30T14:22:51.000Z,,,,,,,,,
"8/30/2025, 10:25:51 AM",3.662,80.8,100,21,2025-08-30T14:25:51.000Z,,,,,,,,,
"8/30/2025, 10:28:51 AM",3.662,81,100,21,2025-08-30T14:28:51.000Z,,,,,,,,,
"8/30/2025, 10:31:51 AM",3.661,81.1,100,22,2025-08-30T14:31:51.000Z,,,,,,,,,
"8/30/2025, 10:34:51 AM",3.661,81.3,100,22,2025-08-30T14:34:51.000Z,,,,,,,,,
"8/30/2025, 10:37:51 AM",3.661,81.5,100,22,2025-08-30T14:37:51.000Z,,,,,,,,,
"8/30/2025, 10:40:51 AM",3.662,81.7,100,23,2025-08-30T14:40:51.000Z,,,,,,,,,
"8/30/2025, 10:43:51 AM",3.662,81.9,100,24,2025-08-30T14:43:51.000Z,,,,,,,,,
"8/30/2025, 10:46:51 AM",3.661,82.2,100,25,2025-08-30T14:46:51.000Z,,,,,,,,,
"8/30/2025, 10:49:51 AM",3.661,82.4,100,25,2025-08-30T14:49:51.000Z,,,,,,,,,
"8/30/2025, 10:52:51 AM",3.661,82.6,100,25,2025-08-30T14:52:51.000Z,,,,,,,,,
"8/30/2025, 10:55:51 AM",3.662,82.8,100,25,2025-08-30T14:55:51.000Z,,,,,,,,,
"8/30/2025, 10:58:51 AM",3.661,82.9,100,25,2025-08-30T14:58:51.000Z,,,,,,,,,
"8/30/2025, 11:01:51 AM",3.661,83.1,100,26,2025-08-30T15:01:51.000Z,,,,,,,,,
"8/30/2025, 11:04:51 AM",3.661,83.3,100,25,2025-08-30T15:04:51.000Z,,,,,,,,,
"8/30/2025, 11:07:51 AM",3.661,83.5,100,26,2025-08-30T15:07:51.000Z,,,,,,,,,
"8/30/2025, 11:10:51 AM",3.661,83.8,100,26,2025-08-30T15:10:51.000Z,,,,,,,,,
"8/30/2025, 11:13:51 AM",3.661,84,100,26,2025-08-30T15:13:51.000Z,,,,,,,,,
"8/30/2025, 11:16:51 AM",3.661,84.2,100,26,2025-08-30T15:16:51.000Z,,,,,,,,,
"8/30/2025, 11:19:51 AM",3.661,84.4,100,27,2025-08-30T15:19:51.000Z,,,,,,,,,
"8/30/2025, 11:22:51 AM",3.661,84.6,100,26,2025-08-30T15:22:51.000Z,,,,,,,,,
"8/30/2025, 11:25:51 AM",3.661,84.7,100,26,2025-08-30T15:25:51.000Z,,,,,,,,,
"8/30/2025, 11:28:51 AM",3.661,84.9,100,26,2025-08-30T15:28:51.000Z,,,,,,,,,
"8/30/2025, 11:31:51 AM",3.661,84.9,100,26,2025-08-30T15:31:51.000Z,,,,,,,,,
"8/30/2025, 11:34:51 AM",3.661,85.1,100,26,2025-08-30T15:34:51.000Z,,,,,,,,,
"8/30/2025, 11:37:51 AM",3.661,85.3,100,26,2025-08-30T15:37:51.000Z,,,,,,,,,
"8/30/2025, 11:40:51 AM",3.661,85.5,100,27,2025-08-30T15:40:51.000Z,,,,,,,,,
"8/30/2025, 11:43:51 AM",3.661,85.6,100,27,2025-08-30T15:43:51.000Z,,,,,,,,,
"8/30/2025, 11:46:51 AM",3.661,85.8,100,28,2025-08-30T15:46:51.000Z,,,,,,,,,
"8/30/2025, 11:49:51 AM",3.661,86,100,28,2025-08-30T15:49:51.000Z,,,,,,,,,
"8/30/2025, 11:52:51 AM",3.661,86.2,100,29,2025-08-30T15:52:51.000Z,,,,,,,,,
"8/30/2025, 11:55:51 AM",3.661,86.4,100,30,2025-08-30T15:55:51.000Z,,,,,,,,,
"8/30/2025, 11:58:51 AM",3.66,86.5,100,30,2025-08-30T15:58:51.000Z,,,,,,,,,
"8/30/2025, 12:01:51 PM",3.661,86.7,100,29,2025-08-30T16:01:51.000Z,,,,,,,,,
"8/30/2025, 12:04:51 PM",3.661,86.7,100,30,2025-08-30T16:04:51.000Z,,,,,,,,,
"8/30/2025, 12:07:51 PM",3.661,86.9,100,30,2025-08-30T16:07:51.000Z,,,,,,,,,
"8/30/2025, 12:10:51 PM",3.661,87.1,100,29,2025-08-30T16:10:51.000Z,,,,,,,,,
"8/30/2025, 12:13:51 PM",3.661,87.1,100,29,2025-08-30T16:13:51.000Z,,,,,,,,,
"8/30/2025, 12:16:51 PM",3.661,87.3,100,30,2025-08-30T16:16:51.000Z,,,,,,,,,
"8/30/2025, 12:19:51 PM",3.661,87.3,100,30,2025-08-30T16:19:51.000Z,,,,,,,,,
"8/30/2025, 12:22:51 PM",3.66,87.4,100,30,2025-08-30T16:22:51.000Z,,,,,,,,,
"8/30/2025, 12:25:51 PM",3.661,87.6,100,30,2025-08-30T16:25:51.000Z,,,,,,,,,
"8/30/2025, 12:28:51 PM",3.66,87.6,100,29,2025-08-30T16:28:51.000Z,,,,,,,,,
"8/30/2025, 12:31:51 PM",3.661,87.8,100,30,2025-08-30T16:31:51.000Z,,,,,,,,,
"8/30/2025, 12:34:51 PM",3.661,87.8,100,30,2025-08-30T16:34:51.000Z,,,,,,,,,
"8/30/2025, 12:37:51 PM",3.661,88,100,30,2025-08-30T16:37:51.000Z,,,,,,,,,
"8/30/2025, 12:40:51 PM",3.661,88,100,29,2025-08-30T16:40:51.000Z,,,,,,,,,
"8/30/2025, 12:43:51 PM",3.661,88,100,29,2025-08-30T16:43:51.000Z,,,,,,,,,
"8/30/2025, 12:46:51 PM",3.661,88,100,30,2025-08-30T16:46:51.000Z,,,,,,,,,
"8/30/2025, 12:49:51 PM",3.661,88.2,100,30,2025-08-30T16:49:51.000Z,,,,,,,,,
"8/30/2025, 12:52:51 PM",3.661,88.3,100,30,2025-08-30T16:52:51.000Z,,,,,,,,,
"8/30/2025, 12:55:51 PM",3.66,88.5,100,31,2025-08-30T16:55:51.000Z,,,,,,,,,
"8/30/2025, 12:58:51 PM",3.661,88.5,100,29,2025-08-30T16:58:51.000Z,,,,,,,,,
"8/30/2025, 1:01:51 PM",3.661,88.5,100,30,2025-08-30T17:01:51.000Z,,,,,,,,,
"8/30/2025, 1:04:51 PM",3.661,88.7,100,31,2025-08-30T17:04:51.000Z,,,,,,,,,
"8/30/2025, 1:07:51 PM",3.66,88.9,100,31,2025-08-30T17:07:51.000Z,,,,,,,,,
"8/30/2025, 1:10:51 PM",3.661,88.9,100,31,2025-08-30T17:10:51.000Z,,,,,,,,,
"8/30/2025, 1:13:51 PM",3.661,89.1,100,29,2025-08-30T17:13:51.000Z,,,,,,,,,
"8/30/2025, 1:16:51 PM",3.661,89.1,100,29,2025-08-30T17:16:51.000Z,,,,,,,,,
"8/30/2025, 1:19:51 PM",3.661,89.2,100,29,2025-08-30T17:19:51.000Z,,,,,,,,,
"8/30/2025, 1:22:51 PM",3.661,89.2,100,29,2025-08-30T17:22:51.000Z,,,,,,,,,
"8/30/2025, 1:25:51 PM",3.661,89.4,100,29,2025-08-30T17:25:51.000Z,,,,,,,,,
"8/30/2025, 1:28:51 PM",3.66,89.6,100,29,2025-08-30T17:28:51.000Z,,,,,,,,,
"8/30/2025, 1:31:51 PM",3.66,89.8,100,29,2025-08-30T17:31:51.000Z,,,,,,,,,
"8/30/2025, 1:34:51 PM",3.661,90,100,29,2025-08-30T17:34:51.000Z,,,,,,,,,
"8/30/2025, 1:37:51 PM",3.66,90.1,100,28,2025-08-30T17:37:51.000Z,,,,,,,,,
"8/30/2025, 1:40:51 PM",3.66,90.3,100,28,2025-08-30T17:40:51.000Z,,,,,,,,,
"8/30/2025, 1:43:51 PM",3.661,90.5,100,29,2025-08-30T17:43:51.000Z,,,,,,,,,
"8/30/2025, 1:46:51 PM",3.66,90.7,100,29,2025-08-30T17:46:51.000Z,,,,,,,,,
"8/30/2025, 1:49:51 PM",3.661,90.9,100,30,2025-08-30T17:49:51.000Z,,,,,,,,,
"8/30/2025, 1:52:51 PM",3.66,91,100,29,2025-08-30T17:52:51.000Z,,,,,,,,,
"8/30/2025, 1:55:51 PM",3.66,91.2,100,29,2025-08-30T17:55:51.000Z,,,,,,,,,
"8/30/2025, 1:58:51 PM",3.66,91.2,100,29,2025-08-30T17:58:51.000Z,,,,,,,,,
"8/30/2025, 2:01:51 PM",3.661,91.4,100,29,2025-08-30T18:01:51.000Z,,,,,,,,,
"8/30/2025, 2:04:51 PM",3.66,91.6,100,29,2025-08-30T18:04:51.000Z,,,,,,,,,
"8/30/2025, 2:07:51 PM",3.66,91.8,100,29,2025-08-30T18:07:51.000Z,,,,,,,,,
"8/30/2025, 2:10:51 PM",3.66,91.8,100,30,2025-08-30T18:10:51.000Z,,,,,,,,,
"8/30/2025, 2:13:51 PM",3.66,91.9,100,28,2025-08-30T18:13:51.000Z,,,,,,,,,
"8/30/2025, 2:16:51 PM",3.66,91.9,100,27,2025-08-30T18:16:51.000Z,,,,,,,,,
"8/30/2025, 2:19:51 PM",3.66,91.9,100,27,2025-08-30T18:19:51.000Z,,,,,,,,,
"8/30/2025, 2:22:51 PM",3.66,91.9,100,27,2025-08-30T18:22:51.000Z,,,,,,,,,
"8/30/2025, 2:25:51 PM",3.66,91.9,100,27,2025-08-30T18:25:51.000Z,,,,,,,,,
"8/30/2025, 2:28:51 PM",3.661,92.1,100,28,2025-08-30T18:28:51.000Z,,,,,,,,,
"8/30/2025, 2:31:51 PM",3.66,92.1,100,28,2025-08-30T18:31:51.000Z,,,,,,,,,
"8/30/2025, 2:34:51 PM",3.66,92.1,100,28,2025-08-30T18:34:51.000Z,,,,,,,,,
"8/30/2025, 2:37:51 PM",3.661,92.3,100,29,2025-08-30T18:37:51.000Z,,,,,,,,,
"8/30/2025, 2:40:51 PM",3.66,92.5,100,29,2025-08-30T18:40:51.000Z,,,,,,,,,
"8/30/2025, 2:43:51 PM",3.66,92.7,100,29,2025-08-30T18:43:51.000Z,,,,,,,,,
"8/30/2025, 2:46:51 PM",3.66,92.7,100,30,2025-08-30T18:46:51.000Z,,,,,,,,,
"8/30/2025, 2:49:51 PM",3.66,92.8,100,31,2025-08-30T18:49:51.000Z,,,,,,,,,
"8/30/2025, 2:52:51 PM",3.66,93,100,31,2025-08-30T18:52:51.000Z,,,,,,,,,
"8/30/2025, 2:55:51 PM",3.66,93.2,100,30,2025-08-30T18:55:51.000Z,,,,,,,,,
"8/30/2025, 2:58:51 PM",3.66,93.2,100,29,2025-08-30T18:58:51.000Z,,,,,,,,,
"8/30/2025, 3:01:51 PM",3.66,93.4,100,30,2025-08-30T19:01:51.000Z,,,,,,,,,
"8/30/2025, 3:04:51 PM",3.661,93.6,100,28,2025-08-30T19:04:51.000Z,,,,,,,,,
"8/30/2025, 3:07:51 PM",3.66,93.6,100,29,2025-08-30T19:07:51.000Z,,,,,,,,,
"8/30/2025, 3:10:51 PM",3.661,93.7,100,26,2025-08-30T19:10:51.000Z,,,,,,,,,
"8/30/2025, 3:13:51 PM",3.66,93.7,100,24,2025-08-30T19:13:51.000Z,,,,,,,,,
"8/30/2025, 3:16:51 PM",3.66,93.7,100,24,2025-08-30T19:16:51.000Z,,,,,,,,,
"8/30/2025, 3:19:51 PM",3.66,93.7,100,25,2025-08-30T19:19:51.000Z,,,,,,,,,
"8/30/2025, 3:22:51 PM",3.66,93.7,100,26,2025-08-30T19:22:51.000Z,,,,,,,,,
"8/30/2025, 3:25:51 PM",3.66,93.7,100,25,2025-08-30T19:25:51.000Z,,,,,,,,,
"8/30/2025, 3:28:51 PM",3.66,93.7,100,25,2025-08-30T19:28:51.000Z,,,,,,,,,
"8/30/2025, 3:31:51 PM",3.66,93.7,100,25,2025-08-30T19:31:51.000Z,,,,,,,,,
"8/30/2025, 3:34:51 PM",3.66,93.9,100,26,2025-08-30T19:34:51.000Z,,,,,,,,,
"8/30/2025, 3:37:51 PM",3.661,93.9,100,27,2025-08-30T19:37:51.000Z,,,,,,,,,
"8/30/2025, 3:40:51 PM",3.66,93.9,100,26,2025-08-30T19:40:51.000Z,,,,,,,,,
"8/30/2025, 3:43:51 PM",3.66,93.9,100,25,2025-08-30T19:43:51.000Z,,,,,,,,,
"8/30/2025, 3:46:51 PM",3.66,93.9,100,24,2025-08-30T19:46:51.000Z,,,,,,,,,
"8/30/2025, 3:49:51 PM",3.66,93.9,100,26,2025-08-30T19:49:51.000Z,,,,,,,,,
"8/30/2025, 3:52:51 PM",3.66,94.1,100,24,2025-08-30T19:52:51.000Z,,,,,,,,,
"8/30/2025, 3:55:51 PM",3.66,94.1,100,24,2025-08-30T19:55:51.000Z,,,,,,,,,
"8/30/2025, 3:58:51 PM",3.66,94.1,100,25,2025-08-30T19:58:51.000Z,,,,,,,,,
"8/30/2025, 4:01:51 PM",3.661,94.1,100,26,2025-08-30T20:01:51.000Z,,,,,,,,,
"8/30/2025, 4:04:51 PM",3.661,94.3,100,27,2025-08-30T20:04:51.000Z,,,,,,,,,
"8/30/2025, 4:07:51 PM",3.66,94.3,100,27,2025-08-30T20:07:51.000Z,,,,,,,,,
"8/30/2025, 4:10:51 PM",3.66,94.3,100,24,2025-08-30T20:10:51.000Z,,,,,,,,,
"8/30/2025, 4:13:51 PM",3.661,94.3,100,25,2025-08-30T20:13:51.000Z,,,,,,,,,
"8/30/2025, 4:16:51 PM",3.661,94.3,100,25,2025-08-30T20:16:51.000Z,,,,,,,,,
"8/30/2025, 4:19:51 PM",3.661,94.3,100,26,2025-08-30T20:19:51.000Z,,,,,,,,,
"8/30/2025, 4:22:51 PM",3.66,94.3,100,26,2025-08-30T20:22:51.000Z,,,,,,,,,
"8/30/2025, 4:25:51 PM",3.661,94.3,100,27,2025-08-30T20:25:51.000Z,,,,,,,,,
"8/30/2025, 4:28:51 PM",3.661,94.5,100,29,2025-08-30T20:28:51.000Z,,,,,,,,,
"8/30/2025, 4:31:51 PM",3.661,94.5,100,28,2025-08-30T20:31:51.000Z,,,,,,,,,
"8/30/2025, 4:34:51 PM",3.66,94.5,100,28,2025-08-30T20:34:51.000Z,,,,,,,,,
"8/30/2025, 4:37:51 PM",3.66,94.5,100,28,2025-08-30T20:37:51.000Z,,,,,,,,,
"8/30/2025, 4:40:51 PM",3.661,94.5,100,28,2025-08-30T20:40:51.000Z,,,,,,,,,
"8/30/2025, 4:43:51 PM",3.66,94.5,100,29,2025-08-30T20:43:51.000Z,,,,,,,,,
"8/30/2025, 4:46:51 PM",3.661,94.5,100,28,2025-08-30T20:46:51.000Z,,,,,,,,,
"8/30/2025, 4:49:51 PM",3.661,94.5,100,28,2025-08-30T20:49:51.000Z,,,,,,,,,
"8/30/2025, 4:52:51 PM",3.661,94.5,100,29,2025-08-30T20:52:51.000Z,,,,,,,,,
"8/30/2025, 4:55:51 PM",3.661,94.5,100,30,2025-08-30T20:55:51.000Z,,,,,,,,,
"8/30/2025, 4:58:51 PM",3.661,94.3,100,30,2025-08-30T20:58:51.000Z,,,,,,,,,
"8/30/2025, 5:01:51 PM",3.661,94.3,100,28,2025-08-30T21:01:51.000Z,,,,,,,,,
"8/30/2025, 5:04:51 PM",3.661,94.3,100,27,2025-08-30T21:04:51.000Z,,,,,,,,,
"8/30/2025, 5:07:51 PM",3.661,94.3,100,27,2025-08-30T21:07:51.000Z,,,,,,,,,
"8/30/2025, 5:10:51 PM",3.661,94.1,100,27,2025-08-30T21:10:51.000Z,,,,,,,,,
"8/30/2025, 5:13:51 PM",3.661,94.1,100,27,2025-08-30T21:13:51.000Z,,,,,,,,,
"8/30/2025, 5:16:51 PM",3.661,94.1,100,27,2025-08-30T21:16:51.000Z,,,,,,,,,
"8/30/2025, 5:19:51 PM",3.661,93.9,100,26,2025-08-30T21:19:51.000Z,,,,,,,,,
"8/30/2025, 5:22:51 PM",3.661,93.9,100,26,2025-08-30T21:22:51.000Z,,,,,,,,,
"8/30/2025, 5:25:51 PM",3.661,93.9,100,24,2025-08-30T21:25:51.000Z,,,,,,,,,
"8/30/2025, 5:28:51 PM",3.661,93.9,100,25,2025-08-30T21:28:51.000Z,,,,,,,,,
"8/30/2025, 5:31:51 PM",3.661,93.9,100,25,2025-08-30T21:31:51.000Z,,,,,,,,,
"8/30/2025, 5:34:51 PM",3.661,93.7,100,24,2025-08-30T21:34:51.000Z,,,,,,,,,
"8/30/2025, 5:37:51 PM",3.661,93.7,100,25,2025-08-30T21:37:51.000Z,,,,,,,,,
"8/30/2025, 5:40:51 PM",3.661,93.6,100,24,2025-08-30T21:40:51.000Z,,,,,,,,,
"8/30/2025, 5:43:51 PM",3.661,93.4,100,26,2025-08-30T21:43:51.000Z,,,,,,,,,
"8/30/2025, 5:46:51 PM",3.661,93.4,100,24,2025-08-30T21:46:51.000Z,,,,,,,,,
"8/30/2025, 5:49:51 PM",3.661,93.2,100,22,2025-08-30T21:49:51.000Z,,,,,,,,,
"8/30/2025, 5:52:51 PM",3.661,93.2,100,23,2025-08-30T21:52:51.000Z,,,,,,,,,
"8/30/2025, 5:55:51 PM",3.661,93,100,23,2025-08-30T21:55:51.000Z,,,,,,,,,
"8/30/2025, 5:58:51 PM",3.662,92.8,100,22,2025-08-30T21:58:51.000Z,,,,,,,,,
"8/30/2025, 6:01:51 PM",3.661,92.7,100,24,2025-08-30T22:01:51.000Z,,,,,,,,,
"8/30/2025, 6:04:51 PM",3.661,92.7,100,23,2025-08-30T22:04:51.000Z,,,,,,,,,
"8/30/2025, 6:07:51 PM",3.661,92.5,100,22,2025-08-30T22:07:51.000Z,,,,,,,,,
"8/30/2025, 6:10:51 PM",3.661,92.3,100,22,2025-08-30T22:10:51.000Z,,,,,,,,,
"8/30/2025, 6:13:51 PM",3.661,92.1,100,21,2025-08-30T22:13:51.000Z,,,,,,,,,
"8/30/2025, 6:16:51 PM",3.662,91.9,100,21,2025-08-30T22:16:51.000Z,,,,,,,,,
"8/30/2025, 6:19:51 PM",3.661,91.8,100,21,2025-08-30T22:19:51.000Z,,,,,,,,,
"8/30/2025, 6:22:51 PM",3.661,91.6,100,20,2025-08-30T22:22:51.000Z,,,,,,,,,
"8/30/2025, 6:25:51 PM",3.662,91.4,100,20,2025-08-30T22:25:51.000Z,,,,,,,,,
"8/30/2025, 6:28:51 PM",3.662,91.2,100,20,2025-08-30T22:28:51.000Z,,,,,,,,,
"8/30/2025, 6:31:51 PM",3.662,90.9,100,20,2025-08-30T22:31:51.000Z,,,,,,,,,
"8/30/2025, 6:34:51 PM",3.662,90.7,100,20,2025-08-30T22:34:51.000Z,,,,,,,,,
"8/30/2025, 6:37:51 PM",3.662,90.5,100,19,2025-08-30T22:37:51.000Z,,,,,,,,,
"8/30/2025, 6:40:51 PM",3.662,90.1,100,19,2025-08-30T22:40:51.000Z,,,,,,,,,
"8/30/2025, 6:43:51 PM",3.662,90,100,20,2025-08-30T22:43:51.000Z,,,,,,,,,
"8/30/2025, 6:46:51 PM",3.662,89.6,100,19,2025-08-30T22:46:51.000Z,,,,,,,,,
"8/30/2025, 6:49:51 PM",3.662,89.4,100,20,2025-08-30T22:49:51.000Z,,,,,,,,,
"8/30/2025, 6:52:51 PM",3.662,89.1,100,20,2025-08-30T22:52:51.000Z,,,,,,,,,
"8/30/2025, 6:55:51 PM",3.662,88.9,100,19,2025-08-30T22:55:51.000Z,,,,,,,,,
"8/30/2025, 6:58:51 PM",3.663,88.5,100,20,2025-08-30T22:58:51.000Z,,,,,,,,,
"8/30/2025, 7:01:51 PM",3.663,88.3,100,20,2025-08-30T23:01:51.000Z,,,,,,,,,
"8/30/2025, 7:04:51 PM",3.663,88,100,20,2025-08-30T23:04:51.000Z,,,,,,,,,
"8/30/2025, 7:07:51 PM",3.663,87.8,100,20,2025-08-30T23:07:51.000Z,,,,,,,,,
"8/30/2025, 7:10:51 PM",3.663,87.4,100,20,2025-08-30T23:10:51.000Z,,,,,,,,,
"8/30/2025, 7:13:51 PM",3.663,87.3,100,19,2025-08-30T23:13:51.000Z,,,,,,,,,
"8/30/2025, 7:16:51 PM",3.663,86.9,100,20,2025-08-30T23:16:51.000Z,,,,,,,,,
"8/30/2025, 7:19:51 PM",3.663,86.7,100,19,2025-08-30T23:19:51.000Z,,,,,,,,,
"8/30/2025, 7:22:51 PM",3.663,86.4,100,19,2025-08-30T23:22:51.000Z,,,,,,,,,
"8/30/2025, 7:25:51 PM",3.663,86.2,100,19,2025-08-30T23:25:51.000Z,,,,,,,,,
"8/30/2025, 7:28:51 PM",3.663,86,100,19,2025-08-30T23:28:51.000Z,,,,,,,,,
"8/30/2025, 7:31:51 PM",3.663,85.6,100,19,2025-08-30T23:31:51.000Z,,,,,,,,,
"8/30/2025, 7:34:51 PM",3.663,85.5,100,17,2025-08-30T23:34:51.000Z,,,,,,,,,
"8/30/2025, 7:37:51 PM",3.663,85.3,100,17,2025-08-30T23:37:51.000Z,,,,,,,,,
"8/30/2025, 7:40:51 PM",3.663,84.9,100,17,2025-08-30T23:40:51.000Z,,,,,,,,,
"8/30/2025, 7:43:51 PM",3.663,84.7,100,16,2025-08-30T23:43:51.000Z,,,,,,,,,
"8/30/2025, 7:46:51 PM",3.663,84.6,100,17,2025-08-30T23:46:51.000Z,,,,,,,,,
"8/30/2025, 7:49:51 PM",3.663,84.2,100,17,2025-08-30T23:49:51.000Z,,,,,,,,,
"8/30/2025, 7:52:51 PM",3.663,84,100,16,2025-08-30T23:52:51.000Z,,,,,,,,,
"8/30/2025, 7:55:51 PM",3.664,83.8,100,16,2025-08-30T23:55:51.000Z,,,,,,,,,
"8/30/2025, 7:58:51 PM",3.663,83.5,100,16,2025-08-30T23:58:51.000Z,,,,,,,,,
"8/30/2025, 8:01:51 PM",3.664,83.3,100,15,2025-08-31T00:01:51.000Z,,,,,,,,,
"8/30/2025, 8:04:51 PM",3.664,83.1,100,15,2025-08-31T00:04:51.000Z,,,,,,,,,
"8/30/2025, 8:07:51 PM",3.664,82.9,100,15,2025-08-31T00:07:51.000Z,,,,,,,,,
"8/30/2025, 8:10:51 PM",3.664,82.6,100,15,2025-08-31T00:10:51.000Z,,,,,,,,,
"8/30/2025, 8:13:51 PM",3.664,82.4,100,15,2025-08-31T00:13:51.000Z,,,,,,,,,
"8/30/2025, 8:16:51 PM",3.664,82.2,100,14,2025-08-31T00:16:51.000Z,,,,,,,,,
"8/30/2025, 8:19:51 PM",3.664,81.9,100,14,2025-08-31T00:19:51.000Z,,,,,,,,,
"8/30/2025, 8:22:51 PM",3.664,81.7,100,14,2025-08-31T00:22:51.000Z,,,,,,,,,
"8/30/2025, 8:25:51 PM",3.664,81.5,100,14,2025-08-31T00:25:51.000Z,,,,,,,,,
"8/30/2025, 8:28:51 PM",3.664,81.1,100,14,2025-08-31T00:28:51.000Z,,,,,,,,,
"8/30/2025, 8:31:51 PM",3.664,81,100,14,2025-08-31T00:31:51.000Z,,,,,,,,,
"8/30/2025, 8:34:51 PM",3.664,80.8,100,14,2025-08-31T00:34:51.000Z,,,,,,,,,
"8/30/2025, 8:37:51 PM",3.664,80.6,100,14,2025-08-31T00:37:51.000Z,,,,,,,,,
"8/30/2025, 8:40:51 PM",3.664,80.4,100,14,2025-08-31T00:40:51.000Z,,,,,,,,,
"8/30/2025, 8:43:51 PM",3.664,80.2,100,14,2025-08-31T00:43:51.000Z,,,,,,,,,
"8/30/2025, 8:46:51 PM",3.664,80.1,100,14,2025-08-31T00:46:51.000Z,,,,,,,,,
"8/30/2025, 8:49:51 PM",3.664,79.9,100,14,2025-08-31T00:49:51.000Z,,,,,,,,,
"8/30/2025, 8:52:51 PM",3.664,79.7,100,14,2025-08-31T00:52:51.000Z,,,,,,,,,
"8/30/2025, 8:55:51 PM",3.665,79.7,100,14,2025-08-31T00:55:51.000Z,,,,,,,,,
"8/30/2025, 8:58:51 PM",3.664,79.5,100,14,2025-08-31T00:58:51.000Z,,,,,,,,,
"8/30/2025, 9:01:51 PM",3.664,79.3,100,14,2025-08-31T01:01:51.000Z,,,,,,,,,
"8/30/2025, 9:04:51 PM",3.665,79.2,100,13,2025-08-31T01:04:51.000Z,,,,,,,,,
"8/30/2025, 9:07:51 PM",3.664,79,100,13,2025-08-31T01:07:51.000Z,,,,,,,,,
"8/30/2025, 9:10:51 PM",3.664,79,100,13,2025-08-31T01:10:51.000Z,,,,,,,,,
"8/30/2025, 9:13:51 PM",3.664,78.8,100,13,2025-08-31T01:13:51.000Z,,,,,,,,,
"8/30/2025, 9:16:51 PM",3.664,78.6,100,13,2025-08-31T01:16:51.000Z,,,,,,,,,
"8/30/2025, 9:19:51 PM",3.664,78.4,100,13,2025-08-31T01:19:51.000Z,,,,,,,,,
"8/30/2025, 9:22:51 PM",3.664,78.4,100,13,2025-08-31T01:22:51.000Z,,,,,,,,,
"8/30/2025, 9:25:51 PM",3.664,78.3,100,13,2025-08-31T01:25:51.000Z,,,,,,,,,
"8/30/2025, 9:28:51 PM",3.665,78.1,100,13,2025-08-31T01:28:51.000Z,,,,,,,,,
"8/30/2025, 9:31:51 PM",3.664,78.1,100,13,2025-08-31T01:31:51.000Z,,,,,,,,,
"8/30/2025, 9:34:51 PM",3.664,77.9,100,13,2025-08-31T01:34:51.000Z,,,,,,,,,
"8/30/2025, 9:37:51 PM",3.664,77.9,100,13,2025-08-31T01:37:51.000Z,,,,,,,,,
"8/30/2025, 9:40:51 PM",3.664,77.9,100,13,2025-08-31T01:40:51.000Z,,,,,,,,,
"8/30/2025, 9:43:51 PM",3.664,77.7,100,13,2025-08-31T01:43:51.000Z,,,,,,,,,
"8/30/2025, 9:46:51 PM",3.664,77.7,100,13,2025-08-31T01:46:51.000Z,,,,,,,,,
"8/30/2025, 9:49:51 PM",3.664,77.5,100,13,2025-08-31T01:49:51.000Z,,,,,,,,,
"8/30/2025, 9:52:51 PM",3.664,77.4,100,13,2025-08-31T01:52:51.000Z,,,,,,,,,
"8/30/2025, 9:55:51 PM",3.664,77.4,100,13,2025-08-31T01:55:51.000Z,,,,,,,,,
"8/30/2025, 9:58:51 PM",3.664,77.2,100,13,2025-08-31T01:58:51.000Z,,,,,,,,,
"8/30/2025, 10:01:51 PM",3.665,77.2,100,13,2025-08-31T02:01:51.000Z,,,,,,,,,
"8/30/2025, 10:04:51 PM",3.664,77,100,13,2025-08-31T02:04:51.000Z,,,,,,,,,
"8/30/2025, 10:07:51 PM",3.664,77,100,13,2025-08-31T02:07:51.000Z,,,,,,,,,
"8/30/2025, 10:10:51 PM",3.665,76.8,100,13,2025-08-31T02:10:51.000Z,,,,,,,,,
"8/30/2025, 10:13:51 PM",3.665,76.8,100,12,2025-08-31T02:13:51.000Z,,,,,,,,,
"8/30/2025, 10:16:51 PM",3.664,76.6,100,12,2025-08-31T02:16:51.000Z,,,,,,,,,
"8/30/2025, 10:19:51 PM",3.664,76.6,100,12,2025-08-31T02:19:51.000Z,,,,,,,,,
"8/30/2025, 10:22:51 PM",3.664,76.5,100,12,2025-08-31T02:22:51.000Z,,,,,,,,,
"8/30/2025, 10:25:51 PM",3.664,76.5,100,12,2025-08-31T02:25:51.000Z,,,,,,,,,
"8/30/2025, 10:28:51 PM",3.665,76.3,100,12,2025-08-31T02:28:51.000Z,,,,,,,,,
"8/30/2025, 10:31:51 PM",3.665,76.3,100,12,2025-08-31T02:31:51.000Z,,,,,,,,,
"8/30/2025, 10:34:51 PM",3.664,76.1,100,12,2025-08-31T02:34:51.000Z,,,,,,,,,
"8/30/2025, 10:37:51 PM",3.664,76.1,100,12,2025-08-31T02:37:51.000Z,,,,,,,,,
"8/30/2025, 10:40:51 PM",3.664,76.1,100,11,2025-08-31T02:40:51.000Z,,,,,,,,,
"8/30/2025, 10:43:51 PM",3.665,75.9,100,11,2025-08-31T02:43:51.000Z,,,,,,,,,
"8/30/2025, 10:46:51 PM",3.664,75.9,100,11,2025-08-31T02:46:51.000Z,,,,,,,,,
"8/30/2025, 10:49:51 PM",3.664,75.9,100,11,2025-08-31T02:49:51.000Z,,,,,,,,,
"8/30/2025, 10:52:51 PM",3.664,75.7,100,11,2025-08-31T02:52:51.000Z,,,,,,,,,
"8/30/2025, 10:55:51 PM",3.664,75.7,100,11,2025-08-31T02:55:51.000Z,,,,,,,,,
"8/30/2025, 10:58:51 PM",3.664,75.7,100,11,2025-08-31T02:58:51.000Z,,,,,,,,,
"8/30/2025, 11:01:51 PM",3.664,75.6,100,11,2025-08-31T03:01:51.000Z,,,,,,,,,
"8/30/2025, 11:04:51 PM",3.664,75.6,100,11,2025-08-31T03:04:51.000Z,,,,,,,,,
"8/30/2025, 11:07:51 PM",3.664,75.6,100,11,2025-08-31T03:07:51.000Z,,,,,,,,,
"8/30/2025, 11:10:51 PM",3.664,75.4,100,11,2025-08-31T03:10:51.000Z,,,,,,,,,
"8/30/2025, 11:13:51 PM",3.664,75.4,100,11,2025-08-31T03:13:51.000Z,,,,,,,,,
"8/30/2025, 11:16:51 PM",3.664,75.4,100,11,2025-08-31T03:16:51.000Z,,,,,,,,,
"8/30/2025, 11:19:51 PM",3.664,75.4,100,11,2025-08-31T03:19:51.000Z,,,,,,,,,
"8/30/2025, 11:22:51 PM",3.664,75.2,100,11,2025-08-31T03:22:51.000Z,,,,,,,,,
"8/30/2025, 11:25:51 PM",3.664,75.2,100,11,2025-08-31T03:25:51.000Z,,,,,,,,,
"8/30/2025, 11:28:51 PM",3.664,75.2,100,11,2025-08-31T03:28:51.000Z,,,,,,,,,
"8/30/2025, 11:31:51 PM",3.664,75,100,11,2025-08-31T03:31:51.000Z,,,,,,,,,
"8/30/2025, 11:34:51 PM",3.664,75,100,11,2025-08-31T03:34:51.000Z,,,,,,,,,
"8/30/2025, 11:37:51 PM",3.665,74.8,100,10,2025-08-31T03:37:51.000Z,,,,,,,,,
"8/30/2025, 11:40:51 PM",3.665,74.7,100,10,2025-08-31T03:40:51.000Z,,,,,,,,,
"8/30/2025, 11:43:51 PM",3.664,74.5,100,10,2025-08-31T03:43:51.000Z,,,,,,,,,
"8/30/2025, 11:46:51 PM",3.664,74.3,100,10,2025-08-31T03:46:51.000Z,,,,,,,,,
"8/30/2025, 11:49:51 PM",3.664,74.3,100,10,2025-08-31T03:49:51.000Z,,,,,,,,,
"8/30/2025, 11:52:51 PM",3.664,74.1,100,10,2025-08-31T03:52:51.000Z,,,,,,,,,
"8/30/2025, 11:55:51 PM",3.664,73.9,100,10,2025-08-31T03:55:51.000Z,,,,,,,,,
"8/30/2025, 11:58:51 PM",3.664,73.9,100,10,2025-08-31T03:58:51.000Z,,,,,,,,,
"8/31/2025, 12:01:51 AM",3.664,73.8,100,10,2025-08-31T04:01:51.000Z,,,,,,,,,
"8/31/2025, 12:04:51 AM",3.664,73.8,100,10,2025-08-31T04:04:51.000Z,,,,,,,,,
"8/31/2025, 12:07:51 AM",3.664,73.8,100,10,2025-08-31T04:07:51.000Z,,,,,,,,,
"8/31/2025, 12:10:51 AM",3.665,73.6,100,10,2025-08-31T04:10:51.000Z,,,,,,,,,
"8/31/2025, 12:13:51 AM",3.664,73.6,100,10,2025-08-31T04:13:51.000Z,,,,,,,,,
"8/31/2025, 12:16:51 AM",3.664,73.6,100,10,2025-08-31T04:16:51.000Z,,,,,,,,,
"8/31/2025, 12:19:51 AM",3.664,73.6,100,10,2025-08-31T04:19:51.000Z,,,,,,,,,
"8/31/2025, 12:22:51 AM",3.664,73.4,100,10,2025-08-31T04:22:51.000Z,,,,,,,,,
"8/31/2025, 12:25:51 AM",3.664,73.4,100,10,2025-08-31T04:25:51.000Z,,,,,,,,,
"8/31/2025, 12:28:51 AM",3.664,73.4,100,11,2025-08-31T04:28:51.000Z,,,,,,,,,
"8/31/2025, 12:31:51 AM",3.664,73.4,100,11,2025-08-31T04:31:51.000Z,,,,,,,,,
"8/31/2025, 12:34:51 AM",3.664,73.2,100,11,2025-08-31T04:34:51.000Z,,,,,,,,,
"8/31/2025, 12:37:51 AM",3.664,73.2,100,10,2025-08-31T04:37:51.000Z,,,,,,,,,
"8/31/2025, 12:40:51 AM",3.664,73.2,100,10,2025-08-31T04:40:51.000Z,,,,,,,,,
"8/31/2025, 12:43:51 AM",3.664,73.2,100,10,2025-08-31T04:43:51.000Z,,,,,,,,,
"8/31/2025, 12:46:51 AM",3.664,73.2,100,10,2025-08-31T04:46:51.000Z,,,,,,,,,
"8/31/2025, 12:49:51 AM",3.664,73.2,100,10,2025-08-31T04:49:51.000Z,,,,,,,,,
"8/31/2025, 12:52:51 AM",3.664,73,100,10,2025-08-31T04:52:51.000Z,,,,,,,,,
"8/31/2025, 12:55:51 AM",3.664,73,100,10,2025-08-31T04:55:51.000Z,,,,,,,,,
"8/31/2025, 12:58:51 AM",3.664,73,100,10,2025-08-31T04:58:51.000Z,,,,,,,,,
"8/31/2025, 1:01:51 AM",3.664,73,100,10,2025-08-31T05:01:51.000Z,,,,,,,,,
"8/31/2025, 1:04:51 AM",3.664,72.9,100,10,2025-08-31T05:04:51.000Z,,,,,,,,,
"8/31/2025, 1:07:51 AM",3.664,72.9,100,10,2025-08-31T05:07:51.000Z,,,,,,,,,
"8/31/2025, 1:10:51 AM",3.664,72.9,100,11,2025-08-31T05:10:51.000Z,,,,,,,,,
"8/31/2025, 1:13:51 AM",3.664,72.9,100,11,2025-08-31T05:13:51.000Z,,,,,,,,,
"8/31/2025, 1:16:51 AM",3.664,72.9,100,11,2025-08-31T05:16:51.000Z,,,,,,,,,
"8/31/2025, 1:19:51 AM",3.664,72.9,100,11,2025-08-31T05:19:51.000Z,,,,,,,,,
"8/31/2025, 1:22:51 AM",3.664,72.9,100,11,2025-08-31T05:22:51.000Z,,,,,,,,,
"8/31/2025, 1:25:51 AM",3.664,72.9,100,11,2025-08-31T05:25:51.000Z,,,,,,,,,
"8/31/2025, 1:28:51 AM",3.664,72.9,100,11,2025-08-31T05:28:51.000Z,,,,,,,,,
"8/31/2025, 1:31:51 AM",3.664,72.9,100,12,2025-08-31T05:31:51.000Z,,,,,,,,,
"8/31/2025, 1:34:51 AM",3.664,73,100,12,2025-08-31T05:34:51.000Z,,,,,,,,,
"8/31/2025, 1:37:51 AM",3.664,73,100,12,2025-08-31T05:37:51.000Z,,,,,,,,,
"8/31/2025, 1:40:51 AM",3.664,73,100,12,2025-08-31T05:40:51.000Z,,,,,,,,,
"8/31/2025, 1:43:51 AM",3.664,73,100,12,2025-08-31T05:43:51.000Z,,,,,,,,,
"8/31/2025, 1:46:51 AM",3.664,73,100,13,2025-08-31T05:46:51.000Z,,,,,,,,,
"8/31/2025, 1:49:51 AM",3.664,73,100,13,2025-08-31T05:49:51.000Z,,,,,,,,,
"8/31/2025, 1:52:51 AM",3.664,73,100,13,2025-08-31T05:52:51.000Z,,,,,,,,,
"8/31/2025, 1:55:51 AM",3.664,73.2,100,13,2025-08-31T05:55:51.000Z,,,,,,,,,
"8/31/2025, 1:58:51 AM",3.664,73.2,100,13,2025-08-31T05:58:51.000Z,,,,,,,,,
"8/31/2025, 2:01:51 AM",3.664,73.2,100,13,2025-08-31T06:01:51.000Z,,,,,,,,,
"8/31/2025, 2:04:51 AM",3.664,73.2,100,13,2025-08-31T06:04:51.000Z,,,,,,,,,
"8/31/2025, 2:07:51 AM",3.664,73.2,100,13,2025-08-31T06:07:51.000Z,,,,,,,,,
"8/31/2025, 2:10:51 AM",3.663,73,100,13,2025-08-31T06:10:51.000Z,,,,,,,,,
"8/31/2025, 2:13:51 AM",3.664,73,100,13,2025-08-31T06:13:51.000Z,,,,,,,,,
"8/31/2025, 2:16:51 AM",3.664,73,100,13,2025-08-31T06:16:51.000Z,,,,,,,,,
"8/31/2025, 2:19:51 AM",3.664,73,100,13,2025-08-31T06:19:51.000Z,,,,,,,,,
"8/31/2025, 2:22:51 AM",3.664,73,100,13,2025-08-31T06:22:51.000Z,,,,,,,,,
"8/31/2025, 2:25:51 AM",3.664,73,100,13,2025-08-31T06:25:51.000Z,,,,,,,,,
"8/31/2025, 2:28:51 AM",3.664,73,100,13,2025-08-31T06:28:51.000Z,,,,,,,,,
"8/31/2025, 2:31:51 AM",3.664,73,100,13,2025-08-31T06:31:51.000Z,,,,,,,,,
"8/31/2025, 2:34:51 AM",3.664,73,100,13,2025-08-31T06:34:51.000Z,,,,,,,,,
"8/31/2025, 2:37:51 AM",3.664,73,100,13,2025-08-31T06:37:51.000Z,,,,,,,,,
"8/31/2025, 2:40:51 AM",3.664,72.9,100,13,2025-08-31T06:40:51.000Z,,,,,,,,,
"8/31/2025, 2:43:51 AM",3.664,72.9,100,13,2025-08-31T06:43:51.000Z,,,,,,,,,
"8/31/2025, 2:46:51 AM",3.664,72.9,100,13,2025-08-31T06:46:51.000Z,,,,,,,,,
"8/31/2025, 2:49:51 AM",3.663,72.9,100,12,2025-08-31T06:49:51.000Z,,,,,,,,,
"8/31/2025, 2:52:51 AM",3.664,72.9,100,12,2025-08-31T06:52:51.000Z,,,,,,,,,
"8/31/2025, 2:55:51 AM",3.664,72.9,100,12,2025-08-31T06:55:51.000Z,,,,,,,,,
"8/31/2025, 2:58:51 AM",3.663,72.9,100,12,2025-08-31T06:58:51.000Z,,,,,,,,,
"8/31/2025, 3:01:51 AM",3.664,72.9,100,12,2025-08-31T07:01:51.000Z,,,,,,,,,
"8/31/2025, 3:04:51 AM",3.664,72.9,100,13,2025-08-31T07:04:51.000Z,,,,,,,,,
"8/31/2025, 3:07:51 AM",3.664,72.9,100,13,2025-08-31T07:07:51.000Z,,,,,,,,,
"8/31/2025, 3:10:51 AM",3.664,72.9,100,13,2025-08-31T07:10:51.000Z,,,,,,,,,
"8/31/2025, 3:13:51 AM",3.664,72.9,100,13,2025-08-31T07:13:51.000Z,,,,,,,,,
"8/31/2025, 3:16:51 AM",3.664,72.9,100,13,2025-08-31T07:16:51.000Z,,,,,,,,,
"8/31/2025, 3:19:51 AM",3.664,72.7,100,13,2025-08-31T07:19:51.000Z,,,,,,,,,
"8/31/2025, 3:22:51 AM",3.663,72.7,100,13,2025-08-31T07:22:51.000Z,,,,,,,,,
"8/31/2025, 3:25:51 AM",3.664,72.7,100,13,2025-08-31T07:25:51.000Z,,,,,,,,,
"8/31/2025, 3:28:51 AM",3.664,72.7,100,13,2025-08-31T07:28:51.000Z,,,,,,,,,
"8/31/2025, 3:31:51 AM",3.664,72.7,100,13,2025-08-31T07:31:51.000Z,,,,,,,,,
"8/31/2025, 3:34:51 AM",3.664,72.7,100,13,2025-08-31T07:34:51.000Z,,,,,,,,,
"8/31/2025, 3:37:51 AM",3.663,72.7,100,13,2025-08-31T07:37:51.000Z,,,,,,,,,
"8/31/2025, 3:40:51 AM",3.664,72.7,100,13,2025-08-31T07:40:51.000Z,,,,,,,,,
"8/31/2025, 3:43:51 AM",3.664,72.7,100,13,2025-08-31T07:43:51.000Z,,,,,,,,,
"8/31/2025, 3:46:51 AM",3.664,72.7,100,13,2025-08-31T07:46:51.000Z,,,,,,,,,
"8/31/2025, 3:49:51 AM",3.664,72.7,100,13,2025-08-31T07:49:51.000Z,,,,,,,,,
"8/31/2025, 3:52:51 AM",3.664,72.7,100,13,2025-08-31T07:52:51.000Z,,,,,,,,,
"8/31/2025, 3:55:51 AM",3.664,72.7,100,13,2025-08-31T07:55:51.000Z,,,,,,,,,
"8/31/2025, 3:58:51 AM",3.663,72.7,100,13,2025-08-31T07:58:51.000Z,,,,,,,,,
"8/31/2025, 4:01:51 AM",3.664,72.7,100,13,2025-08-31T08:01:51.000Z,,,,,,,,,
"8/31/2025, 4:04:51 AM",3.663,72.7,100,13,2025-08-31T08:04:51.000Z,,,,,,,,,
"8/31/2025, 4:07:51 AM",3.663,72.7,100,13,2025-08-31T08:07:51.000Z,,,,,,,,,
"8/31/2025, 4:10:51 AM",3.663,72.7,100,12,2025-08-31T08:10:51.000Z,,,,,,,,,
"8/31/2025, 4:13:51 AM",3.664,72.7,100,12,2025-08-31T08:13:51.000Z,,,,,,,,,
"8/31/2025, 4:16:51 AM",3.664,72.7,100,12,2025-08-31T08:16:51.000Z,,,,,,,,,
"8/31/2025, 4:19:51 AM",3.663,72.7,100,12,2025-08-31T08:19:51.000Z,,,,,,,,,
"8/31/2025, 4:22:51 AM",3.663,72.7,100,12,2025-08-31T08:22:51.000Z,,,,,,,,,
"8/31/2025, 4:25:51 AM",3.664,72.7,100,12,2025-08-31T08:25:51.000Z,,,,,,,,,
"8/31/2025, 4:28:51 AM",3.664,72.5,100,12,2025-08-31T08:28:51.000Z,,,,,,,,,
"8/31/2025, 4:31:51 AM",3.664,72.5,100,12,2025-08-31T08:31:51.000Z,,,,,,,,,
"8/31/2025, 4:34:51 AM",3.663,72.5,100,12,2025-08-31T08:34:51.000Z,,,,,,,,,
"8/31/2025, 4:37:51 AM",3.663,72.5,100,12,2025-08-31T08:37:51.000Z,,,,,,,,,
"8/31/2025, 4:40:51 AM",3.664,72.5,100,12,2025-08-31T08:40:51.000Z,,,,,,,,,
"8/31/2025, 4:43:51 AM",3.664,72.5,100,12,2025-08-31T08:43:51.000Z,,,,,,,,,
"8/31/2025, 4:46:51 AM",3.663,72.3,100,12,2025-08-31T08:46:51.000Z,,,,,,,,,
"8/31/2025, 4:49:51 AM",3.664,72.3,100,12,2025-08-31T08:49:51.000Z,,,,,,,,,
"8/31/2025, 4:52:51 AM",3.664,72.3,100,11,2025-08-31T08:52:51.000Z,,,,,,,,,
"8/31/2025, 4:55:51 AM",3.663,72.3,100,11,2025-08-31T08:55:51.000Z,,,,,,,,,
"8/31/2025, 4:58:51 AM",3.663,72.3,100,11,2025-08-31T08:58:51.000Z,,,,,,,,,
"8/31/2025, 5:01:51 AM",3.663,72.3,100,11,2025-08-31T09:01:51.000Z,,,,,,,,,
"8/31/2025, 5:04:51 AM",3.663,72.3,100,12,2025-08-31T09:04:51.000Z,,,,,,,,,
"8/31/2025, 5:07:51 AM",3.664,72.3,100,12,2025-08-31T09:07:51.000Z,,,,,,,,,
"8/31/2025, 5:10:51 AM",3.663,72.3,100,12,2025-08-31T09:10:51.000Z,,,,,,,,,
"8/31/2025, 5:13:51 AM",3.664,72.3,100,12,2025-08-31T09:13:51.000Z,,,,,,,,,
"8/31/2025, 5:16:51 AM",3.664,72.3,100,12,2025-08-31T09:16:51.000Z,,,,,,,,,
"8/31/2025, 5:19:51 AM",3.664,72.3,100,12,2025-08-31T09:19:51.000Z,,,,,,,,,
"8/31/2025, 5:22:51 AM",3.663,72.3,100,11,2025-08-31T09:22:51.000Z,,,,,,,,,
"8/31/2025, 5:25:51 AM",3.664,72.3,100,11,2025-08-31T09:25:51.000Z,,,,,,,,,
"8/31/2025, 5:28:51 AM",3.663,72.3,100,11,2025-08-31T09:28:51.000Z,,,,,,,,,
"8/31/2025, 5:31:51 AM",3.664,72.3,100,11,2025-08-31T09:31:51.000Z,,,,,,,,,
"8/31/2025, 5:34:51 AM",3.663,72.3,100,11,2025-08-31T09:34:51.000Z,,,,,,,,,
"8/31/2025, 5:37:51 AM",3.663,72.3,100,11,2025-08-31T09:37:51.000Z,,,,,,,,,
"8/31/2025, 5:40:51 AM",3.663,72.3,100,11,2025-08-31T09:40:51.000Z,,,,,,,,,
"8/31/2025, 5:43:51 AM",3.664,72.1,100,11,2025-08-31T09:43:51.000Z,,,,,,,,,
"8/31/2025, 5:46:51 AM",3.663,72.1,100,11,2025-08-31T09:46:51.000Z,,,,,,,,,
"8/31/2025, 5:49:51 AM",3.664,72.1,100,11,2025-08-31T09:49:51.000Z,,,,,,,,,
"8/31/2025, 5:52:51 AM",3.664,72,100,11,2025-08-31T09:52:51.000Z,,,,,,,,,
"8/31/2025, 5:55:51 AM",3.663,72,100,11,2025-08-31T09:55:51.000Z,,,,,,,,,
"8/31/2025, 5:58:51 AM",3.663,72,100,11,2025-08-31T09:58:51.000Z,,,,,,,,,
"8/31/2025, 6:01:51 AM",3.663,72,100,11,2025-08-31T10:01:51.000Z,,,,,,,,,
"8/31/2025, 6:04:51 AM",3.663,71.8,100,11,2025-08-31T10:04:51.000Z,,,,,,,,,
"8/31/2025, 6:07:51 AM",3.663,71.8,100,11,2025-08-31T10:07:51.000Z,,,,,,,,,
"8/31/2025, 6:10:51 AM",3.663,71.8,100,11,2025-08-31T10:10:51.000Z,,,,,,,,,
"8/31/2025, 6:13:51 AM",3.663,71.8,100,11,2025-08-31T10:13:51.000Z,,,,,,,,,
"8/31/2025, 6:16:51 AM",3.664,71.8,100,11,2025-08-31T10:16:51.000Z,,,,,,,,,
"8/31/2025, 6:19:51 AM",3.663,71.8,100,11,2025-08-31T10:19:51.000Z,,,,,,,,,
"8/31/2025, 6:22:51 AM",3.663,71.6,100,11,2025-08-31T10:22:51.000Z,,,,,,,,,
"8/31/2025, 6:25:51 AM",3.663,71.6,100,11,2025-08-31T10:25:51.000Z,,,,,,,,,
"8/31/2025, 6:28:51 AM",3.663,71.6,100,11,2025-08-31T10:28:51.000Z,,,,,,,,,
"8/31/2025, 6:31:51 AM",3.663,71.6,100,11,2025-08-31T10:31:51.000Z,,,,,,,,,
"8/31/2025, 6:34:51 AM",3.664,71.6,100,11,2025-08-31T10:34:51.000Z,,,,,,,,,
"8/31/2025, 6:37:51 AM",3.663,71.6,100,11,2025-08-31T10:37:51.000Z,,,,,,,,,
"8/31/2025, 6:40:51 AM",3.664,71.6,100,10,2025-08-31T10:40:51.000Z,,,,,,,,,
"8/31/2025, 6:43:51 AM",3.664,71.6,100,10,2025-08-31T10:43:51.000Z,,,,,,,,,
"8/31/2025, 6:46:51 AM",3.663,71.6,100,10,2025-08-31T10:46:51.000Z,,,,,,,,,
"8/31/2025, 6:49:51 AM",3.663,71.6,100,10,2025-08-31T10:49:51.000Z,,,,,,,,,
"8/31/2025, 6:52:51 AM",3.664,71.6,100,10,2025-08-31T10:52:51.000Z,,,,,,,,,
"8/31/2025, 6:55:51 AM",3.663,71.6,100,10,2025-08-31T10:55:51.000Z,,,,,,,,,
"8/31/2025, 6:58:51 AM",3.663,71.6,100,10,2025-08-31T10:58:51.000Z,,,,,,,,,
"8/31/2025, 7:01:51 AM",3.663,71.6,100,10,2025-08-31T11:01:51.000Z,,,,,,,,,
"8/31/2025, 7:04:51 AM",3.663,71.6,100,10,2025-08-31T11:04:51.000Z,,,,,,,,,
"8/31/2025, 7:07:51 AM",3.663,71.4,100,10,2025-08-31T11:07:51.000Z,,,,,,,,,
"8/31/2025, 7:10:51 AM",3.663,71.4,100,10,2025-08-31T11:10:51.000Z,,,,,,,,,
"8/31/2025, 7:13:51 AM",3.664,71.4,100,10,2025-08-31T11:13:51.000Z,,,,,,,,,
"8/31/2025, 7:16:51 AM",3.663,71.2,100,10,2025-08-31T11:16:51.000Z,,,,,,,,,
"8/31/2025, 7:19:51 AM",3.664,71.2,100,10,2025-08-31T11:19:51.000Z,,,,,,,,,
"8/31/2025, 7:22:51 AM",3.664,71.2,100,10,2025-08-31T11:22:51.000Z,,,,,,,,,
"8/31/2025, 7:25:51 AM",3.663,71.2,100,10,2025-08-31T11:25:51.000Z,,,,,,,,,
"8/31/2025, 7:28:51 AM",3.663,71.1,100,10,2025-08-31T11:28:51.000Z,,,,,,,,,
"8/31/2025, 7:31:51 AM",3.663,71.1,100,10,2025-08-31T11:31:51.000Z,,,,,,,,,
"8/31/2025, 7:34:51 AM",3.663,71.2,100,10,2025-08-31T11:34:51.000Z,,,,,,,,,
"8/31/2025, 7:37:51 AM",3.663,71.2,100,10,2025-08-31T11:37:51.000Z,,,,,,,,,
"8/31/2025, 7:40:51 AM",3.663,71.2,100,10,2025-08-31T11:40:51.000Z,,,,,,,,,
"8/31/2025, 7:43:51 AM",3.663,71.2,100,10,2025-08-31T11:43:51.000Z,,,,,,,,,
"8/31/2025, 7:46:51 AM",3.663,71.2,100,10,2025-08-31T11:46:51.000Z,,,,,,,,,
"8/31/2025, 7:49:51 AM",3.663,71.2,100,10,2025-08-31T11:49:51.000Z,,,,,,,,,
"8/31/2025, 7:52:51 AM",3.663,71.4,100,10,2025-08-31T11:52:51.000Z,,,,,,,,,
"8/31/2025, 7:55:51 AM",3.663,71.4,100,10,2025-08-31T11:55:51.000Z,,,,,,,,,
"8/31/2025, 7:58:51 AM",3.663,71.6,100,10,2025-08-31T11:58:51.000Z,,,,,,,,,
"8/31/2025, 8:01:51 AM",3.663,71.6,100,11,2025-08-31T12:01:51.000Z,,,,,,,,,
"8/31/2025, 8:04:51 AM",3.663,71.8,100,11,2025-08-31T12:04:51.000Z,,,,,,,,,
"8/31/2025, 8:07:51 AM",3.663,71.8,100,11,2025-08-31T12:07:51.000Z,,,,,,,,,
"8/31/2025, 8:10:51 AM",3.663,71.8,100,11,2025-08-31T12:10:51.000Z,,,,,,,,,
"8/31/2025, 8:13:51 AM",3.663,72,100,11,2025-08-31T12:13:51.000Z,,,,,,,,,
"8/31/2025, 8:16:51 AM",3.663,72,100,11,2025-08-31T12:16:51.000Z,,,,,,,,,
"8/31/2025, 8:19:51 AM",3.662,72.1,100,11,2025-08-31T12:19:51.000Z,,,,,,,,,
"8/31/2025, 8:22:51 AM",3.663,72.3,100,11,2025-08-31T12:22:51.000Z,,,,,,,,,
"8/31/2025, 8:25:51 AM",3.663,72.3,100,11,2025-08-31T12:25:51.000Z,,,,,,,,,
"8/31/2025, 8:28:51 AM",3.663,72.5,100,12,2025-08-31T12:28:51.000Z,,,,,,,,,
"8/31/2025, 8:31:51 AM",3.663,72.7,100,12,2025-08-31T12:31:51.000Z,,,,,,,,,
"8/31/2025, 8:34:51 AM",3.663,72.9,100,12,2025-08-31T12:34:51.000Z,,,,,,,,,
"8/31/2025, 8:37:51 AM",3.663,73,100,12,2025-08-31T12:37:51.000Z,,,,,,,,,
"8/31/2025, 8:40:51 AM",3.663,73.2,100,12,2025-08-31T12:40:51.000Z,,,,,,,,,
"8/31/2025, 8:43:51 AM",3.663,73.4,100,12,2025-08-31T12:43:51.000Z,,,,,,,,,
"8/31/2025, 8:46:51 AM",3.663,73.6,100,13,2025-08-31T12:46:51.000Z,,,,,,,,,
"8/31/2025, 8:49:51 AM",3.663,73.8,100,13,2025-08-31T12:49:51.000Z,,,,,,,,,
"8/31/2025, 8:52:51 AM",3.662,73.9,100,13,2025-08-31T12:52:51.000Z,,,,,,,,,
"8/31/2025, 8:55:51 AM",3.663,74.1,100,13,2025-08-31T12:55:51.000Z,,,,,,,,,
"8/31/2025, 8:58:51 AM",3.663,74.3,100,14,2025-08-31T12:58:51.000Z,,,,,,,,,
"8/31/2025, 9:01:51 AM",3.663,74.5,100,14,2025-08-31T13:01:51.000Z,,,,,,,,,
"8/31/2025, 9:04:51 AM",3.663,74.7,100,14,2025-08-31T13:04:51.000Z,,,,,,,,,
"8/31/2025, 9:07:51 AM",3.663,74.8,100,14,2025-08-31T13:07:51.000Z,,,,,,,,,
"8/31/2025, 9:10:51 AM",3.663,75,100,15,2025-08-31T13:10:51.000Z,,,,,,,,,
"8/31/2025, 9:13:51 AM",3.663,75.2,100,15,2025-08-31T13:13:51.000Z,,,,,,,,,
"8/31/2025, 9:16:51 AM",3.663,75.6,100,15,2025-08-31T13:16:51.000Z,,,,,,,,,
"8/31/2025, 9:19:51 AM",3.663,75.7,100,16,2025-08-31T13:19:51.000Z,,,,,,,,,
"8/31/2025, 9:22:51 AM",3.662,76.1,100,16,2025-08-31T13:22:51.000Z,,,,,,,,,
"8/31/2025, 9:25:51 AM",3.663,76.3,100,16,2025-08-31T13:25:51.000Z,,,,,,,,,
"8/31/2025, 9:28:51 AM",3.663,76.5,100,17,2025-08-31T13:28:51.000Z,,,,,,,,,
"8/31/2025, 9:31:51 AM",3.663,76.8,100,17,2025-08-31T13:31:51.000Z,,,,,,,,,
"8/31/2025, 9:34:51 AM",3.662,77,100,18,2025-08-31T13:34:51.000Z,,,,,,,,,
"8/31/2025, 9:37:51 AM",3.662,77.4,100,18,2025-08-31T13:37:51.000Z,,,,,,,,,
"8/31/2025, 9:40:51 AM",3.663,77.5,100,18,2025-08-31T13:40:51.000Z,,,,,,,,,
"8/31/2025, 9:43:51 AM",3.662,77.9,100,19,2025-08-31T13:43:51.000Z,,,,,,,,,
"8/31/2025, 9:46:51 AM",3.662,78.1,100,19,2025-08-31T13:46:51.000Z,,,,,,,,,
"8/31/2025, 9:49:51 AM",3.662,78.4,100,20,2025-08-31T13:49:51.000Z,,,,,,,,,
"8/31/2025, 9:52:51 AM",3.662,78.8,100,20,2025-08-31T13:52:51.000Z,,,,,,,,,
"8/31/2025, 9:55:51 AM",3.662,79,100,20,2025-08-31T13:55:51.000Z,,,,,,,,,
"8/31/2025, 9:58:51 AM",3.663,79.3,100,20,2025-08-31T13:58:51.000Z,,,,,,,,,
"8/31/2025, 10:01:51 AM",3.662,79.7,100,20,2025-08-31T14:01:51.000Z,,,,,,,,,
"8/31/2025, 10:04:51 AM",3.662,80.1,100,20,2025-08-31T14:04:51.000Z,,,,,,,,,
"8/31/2025, 10:07:51 AM",3.662,80.2,100,20,2025-08-31T14:07:51.000Z,,,,,,,,,
"8/31/2025, 10:10:51 AM",3.662,80.4,100,21,2025-08-31T14:10:51.000Z,,,,,,,,,
"8/31/2025, 10:13:51 AM",3.662,80.6,100,21,2025-08-31T14:13:51.000Z,,,,,,,,,
"8/31/2025, 10:16:51 AM",3.662,81,100,22,2025-08-31T14:16:51.000Z,,,,,,,,,
"8/31/2025, 10:19:51 AM",3.662,81.1,100,22,2025-08-31T14:19:51.000Z,,,,,,,,,
"8/31/2025, 10:22:51 AM",3.663,81.3,100,22,2025-08-31T14:22:51.000Z,,,,,,,,,
"8/31/2025, 10:25:51 AM",3.662,81.5,100,22,2025-08-31T14:25:51.000Z,,,,,,,,,
"8/31/2025, 10:28:51 AM",3.662,81.7,100,23,2025-08-31T14:28:51.000Z,,,,,,,,,
"8/31/2025, 10:31:51 AM",3.662,81.9,100,24,2025-08-31T14:31:51.000Z,,,,,,,,,
"8/31/2025, 10:34:51 AM",3.662,82,100,24,2025-08-31T14:34:51.000Z,,,,,,,,,
"8/31/2025, 10:37:51 AM",3.662,82.2,100,24,2025-08-31T14:37:51.000Z,,,,,,,,,
"8/31/2025, 10:40:51 AM",3.662,82.4,100,25,2025-08-31T14:40:51.000Z,,,,,,,,,
"8/31/2025, 10:43:51 AM",3.662,82.6,100,25,2025-08-31T14:43:51.000Z,,,,,,,,,
"8/31/2025, 10:46:51 AM",3.662,82.8,100,26,2025-08-31T14:46:51.000Z,,,,,,,,,
"8/31/2025, 10:49:51 AM",3.662,82.9,100,26,2025-08-31T14:49:51.000Z,,,,,,,,,
"8/31/2025, 10:52:51 AM",3.662,83.1,100,26,2025-08-31T14:52:51.000Z,,,,,,,,,
"8/31/2025, 10:55:51 AM",3.662,83.3,100,26,2025-08-31T14:55:51.000Z,,,,,,,,,
"8/31/2025, 10:58:51 AM",3.662,83.5,100,26,2025-08-31T14:58:51.000Z,,,,,,,,,
"8/31/2025, 11:01:51 AM",3.662,83.7,100,26,2025-08-31T15:01:51.000Z,,,,,,,,,
"8/31/2025, 11:04:51 AM",3.662,83.7,100,26,2025-08-31T15:04:51.000Z,,,,,,,,,
"8/31/2025, 11:07:51 AM",3.662,83.8,100,26,2025-08-31T15:07:51.000Z,,,,,,,,,
"8/31/2025, 11:10:51 AM",3.662,83.8,100,26,2025-08-31T15:10:51.000Z,,,,,,,,,
"8/31/2025, 11:13:51 AM",3.662,84,100,26,2025-08-31T15:13:51.000Z,,,,,,,,,
"8/31/2025, 11:16:51 AM",3.662,84,100,27,2025-08-31T15:16:51.000Z,,,,,,,,,
"8/31/2025, 11:19:51 AM",3.662,84.2,100,26,2025-08-31T15:19:51.000Z,,,,,,,,,
"8/31/2025, 11:22:51 AM",3.662,84.4,100,26,2025-08-31T15:22:51.000Z,,,,,,,,,
"8/31/2025, 11:25:51 AM",3.662,84.4,100,26,2025-08-31T15:25:51.000Z,,,,,,,,,
"8/31/2025, 11:28:51 AM",3.662,84.6,100,26,2025-08-31T15:28:51.000Z,,,,,,,,,
"8/31/2025, 11:31:51 AM",3.662,84.6,100,26,2025-08-31T15:31:51.000Z,,,,,,,,,
"8/31/2025, 11:34:51 AM",3.661,84.6,100,26,2025-08-31T15:34:51.000Z,,,,,,,,,
"8/31/2025, 11:37:51 AM",3.662,84.7,100,26,2025-08-31T15:37:51.000Z,,,,,,,,,
"8/31/2025, 11:40:51 AM",3.662,84.9,100,26,2025-08-31T15:40:51.000Z,,,,,,,,,
"8/31/2025, 11:43:51 AM",3.662,84.9,100,26,2025-08-31T15:43:51.000Z,,,,,,,,,
"8/31/2025, 11:46:51 AM",3.662,84.9,100,27,2025-08-31T15:46:51.000Z,,,,,,,,,
"8/31/2025, 11:49:51 AM",3.662,85.1,100,27,2025-08-31T15:49:51.000Z,,,,,,,,,
"8/31/2025, 11:52:51 AM",3.662,85.1,100,27,2025-08-31T15:52:51.000Z,,,,,,,,,
"8/31/2025, 11:55:51 AM",3.662,85.3,100,27,2025-08-31T15:55:51.000Z,,,,,,,,,
"8/31/2025, 11:58:51 AM",3.662,85.3,100,27,2025-08-31T15:58:51.000Z,,,,,,,,,
"8/31/2025, 12:01:51 PM",3.661,85.5,100,28,2025-08-31T16:01:51.000Z,,,,,,,,,
"8/31/2025, 12:04:51 PM",3.662,85.5,100,27,2025-08-31T16:04:51.000Z,,,,,,,,,
"8/31/2025, 12:07:51 PM",3.662,85.5,100,28,2025-08-31T16:07:51.000Z,,,,,,,,,
"8/31/2025, 12:10:51 PM",3.662,85.6,100,29,2025-08-31T16:10:51.000Z,,,,,,,,,
"8/31/2025, 12:13:51 PM",3.662,85.6,100,28,2025-08-31T16:13:51.000Z,,,,,,,,,
"8/31/2025, 12:16:51 PM",3.662,85.6,100,27,2025-08-31T16:16:51.000Z,,,,,,,,,
"8/31/2025, 12:19:51 PM",3.662,85.8,100,28,2025-08-31T16:19:51.000Z,,,,,,,,,
"8/31/2025, 12:22:51 PM",3.662,85.8,100,29,2025-08-31T16:22:51.000Z,,,,,,,,,
"8/31/2025, 12:25:51 PM",3.661,86,100,29,2025-08-31T16:25:51.000Z,,,,,,,,,
"8/31/2025, 12:28:51 PM",3.662,86.2,100,29,2025-08-31T16:28:51.000Z,,,,,,,,,
"8/31/2025, 12:31:51 PM",3.662,86.2,100,30,2025-08-31T16:31:51.000Z,,,,,,,,,
"8/31/2025, 12:34:51 PM",3.662,86.4,100,31,2025-08-31T16:34:51.000Z,,,,,,,,,
"8/31/2025, 12:37:51 PM",3.662,86.5,100,30,2025-08-31T16:37:51.000Z,,,,,,,,,
"8/31/2025, 12:40:51 PM",3.662,86.7,100,31,2025-08-31T16:40:51.000Z,,,,,,,,,
"8/31/2025, 12:43:51 PM",3.662,86.9,100,30,2025-08-31T16:43:51.000Z,,,,,,,,,
"8/31/2025, 12:46:51 PM",3.661,87.1,100,29,2025-08-31T16:46:51.000Z,,,,,,,,,
"8/31/2025, 12:49:51 PM",3.662,87.1,100,29,2025-08-31T16:49:51.000Z,,,,,,,,,
"8/31/2025, 12:52:51 PM",3.662,87.3,100,28,2025-08-31T16:52:51.000Z,,,,,,,,,
"8/31/2025, 12:55:51 PM",3.661,87.3,100,27,2025-08-31T16:55:51.000Z,,,,,,,,,
"8/31/2025, 12:58:51 PM",3.662,87.4,100,26,2025-08-31T16:58:51.000Z,,,,,,,,,
"8/31/2025, 1:01:51 PM",3.661,87.4,100,28,2025-08-31T17:01:51.000Z,,,,,,,,,
"8/31/2025, 1:04:51 PM",3.662,87.4,100,27,2025-08-31T17:04:51.000Z,,,,,,,,,
"8/31/2025, 1:07:51 PM",3.661,87.6,100,28,2025-08-31T17:07:51.000Z,,,,,,,,,
"8/31/2025, 1:10:51 PM",3.661,87.8,100,28,2025-08-31T17:10:51.000Z,,,,,,,,,
"8/31/2025, 1:13:51 PM",3.662,88,100,30,2025-08-31T17:13:51.000Z,,,,,,,,,
"8/31/2025, 1:16:51 PM",3.662,88.2,100,32,2025-08-31T17:16:51.000Z,,,,,,,,,
"8/31/2025, 1:19:51 PM",3.662,88.3,100,31,2025-08-31T17:19:51.000Z,,,,,,,,,
"8/31/2025, 1:22:51 PM",3.661,88.5,100,32,2025-08-31T17:22:51.000Z,,,,,,,,,
"8/31/2025, 1:25:51 PM",3.661,88.7,100,34,2025-08-31T17:25:51.000Z,,,,,,,,,
"8/31/2025, 1:28:51 PM",3.661,88.9,100,32,2025-08-31T17:28:51.000Z,,,,,,,,,
"8/31/2025, 1:31:51 PM",3.661,88.9,100,33,2025-08-31T17:31:51.000Z,,,,,,,,,
"8/31/2025, 1:34:51 PM",3.661,89.2,100,33,2025-08-31T17:34:51.000Z,,,,,,,,,
"8/31/2025, 1:37:51 PM",3.661,89.2,100,31,2025-08-31T17:37:51.000Z,,,,,,,,,
"8/31/2025, 1:40:51 PM",3.661,89.4,100,29,2025-08-31T17:40:51.000Z,,,,,,,,,
"8/31/2025, 1:43:51 PM",3.661,89.4,100,29,2025-08-31T17:43:51.000Z,,,,,,,,,
"8/31/2025, 1:46:51 PM",3.661,89.6,100,31,2025-08-31T17:46:51.000Z,,,,,,,,,
"8/31/2025, 1:49:51 PM",3.662,89.6,100,29,2025-08-31T17:49:51.000Z,,,,,,,,,
"8/31/2025, 1:52:51 PM",3.661,89.8,100,31,2025-08-31T17:52:51.000Z,,,,,,,,,
"8/31/2025, 1:55:51 PM",3.661,90,100,32,2025-08-31T17:55:51.000Z,,,,,,,,,
"8/31/2025, 1:58:51 PM",3.661,90.1,100,33,2025-08-31T17:58:51.000Z,,,,,,,,,
"8/31/2025, 2:01:51 PM",3.661,90.1,100,37,2025-08-31T18:01:51.000Z,,,,,,,,,
"8/31/2025, 2:04:51 PM",3.661,90.3,100,37,2025-08-31T18:04:51.000Z,,,,,,,,,
"8/31/2025, 2:07:51 PM",3.661,90.5,100,37,2025-08-31T18:07:51.000Z,,,,,,,,,
"8/31/2025, 2:10:51 PM",3.661,90.7,100,39,2025-08-31T18:10:51.000Z,,,,,,,,,
"8/31/2025, 2:13:51 PM",3.661,90.9,100,33,2025-08-31T18:13:51.000Z,,,,,,,,,
"8/31/2025, 2:16:51 PM",3.661,91,100,32,2025-08-31T18:16:51.000Z,,,,,,,,,
"8/31/2025, 2:19:51 PM",3.661,91.2,100,35,2025-08-31T18:19:51.000Z,,,,,,,,,
"8/31/2025, 2:22:51 PM",3.661,91.4,100,30,2025-08-31T18:22:51.000Z,,,,,,,,,
"8/31/2025, 2:25:51 PM",3.661,91.4,100,33,2025-08-31T18:25:51.000Z,,,,,,,,,
"8/31/2025, 2:28:51 PM",3.661,91.6,100,31,2025-08-31T18:28:51.000Z,,,,,,,,,
"8/31/2025, 2:31:51 PM",3.661,91.8,100,28,2025-08-31T18:31:51.000Z,,,,,,,,,
"8/31/2025, 2:34:51 PM",3.661,91.8,100,30,2025-08-31T18:34:51.000Z,,,,,,,,,
"8/31/2025, 2:37:51 PM",3.661,91.9,100,27,2025-08-31T18:37:51.000Z,,,,,,,,,
"8/31/2025, 2:40:51 PM",3.661,91.9,100,28,2025-08-31T18:40:51.000Z,,,,,,,,,
"8/31/2025, 2:43:51 PM",3.661,92.1,100,25,2025-08-31T18:43:51.000Z,,,,,,,,,
"8/31/2025, 2:46:51 PM",3.661,92.1,100,26,2025-08-31T18:46:51.000Z,,,,,,,,,
"8/31/2025, 2:49:51 PM",3.661,92.1,100,28,2025-08-31T18:49:51.000Z,,,,,,,,,
"8/31/2025, 2:52:51 PM",3.661,92.1,100,30,2025-08-31T18:52:51.000Z,,,,,,,,,
"8/31/2025, 2:55:51 PM",3.661,92.1,100,28,2025-08-31T18:55:51.000Z,,,,,,,,,
"8/31/2025, 2:58:51 PM",3.661,92.3,100,31,2025-08-31T18:58:51.000Z,,,,,,,,,
"8/31/2025, 3:01:51 PM",3.661,92.3,100,28,2025-08-31T19:01:51.000Z,,,,,,,,,
"8/31/2025, 3:04:51 PM",3.661,92.5,100,28,2025-08-31T19:04:51.000Z,,,,,,,,,
"8/31/2025, 3:07:51 PM",3.661,92.5,100,31,2025-08-31T19:07:51.000Z,,,,,,,,,
"8/31/2025, 3:10:51 PM",3.661,92.7,100,33,2025-08-31T19:10:51.000Z,,,,,,,,,
"8/31/2025, 3:13:51 PM",3.661,92.7,100,31,2025-08-31T19:13:51.000Z,,,,,,,,,
"8/31/2025, 3:16:51 PM",3.661,92.8,100,28,2025-08-31T19:16:51.000Z,,,,,,,,,
"8/31/2025, 3:19:51 PM",3.661,92.8,100,26,2025-08-31T19:19:51.000Z,,,,,,,,,
"8/31/2025, 3:22:51 PM",3.661,93,100,25,2025-08-31T19:22:51.000Z,,,,,,,,,
"8/31/2025, 3:25:51 PM",3.661,93,100,26,2025-08-31T19:25:51.000Z,,,,,,,,,
"8/31/2025, 3:28:51 PM",3.661,93,100,29,2025-08-31T19:28:51.000Z,,,,,,,,,
"8/31/2025, 3:31:51 PM",3.661,93,100,26,2025-08-31T19:31:51.000Z,,,,,,,,,
"8/31/2025, 3:34:51 PM",3.661,93.2,100,26,2025-08-31T19:34:51.000Z,,,,,,,,,
"8/31/2025, 3:37:51 PM",3.661,93.2,100,26,2025-08-31T19:37:51.000Z,,,,,,,,,
"8/31/2025, 3:40:51 PM",3.661,93.2,100,29,2025-08-31T19:40:51.000Z,,,,,,,,,
"8/31/2025, 3:43:51 PM",3.661,93.2,100,30,2025-08-31T19:43:51.000Z,,,,,,,,,
"8/31/2025, 3:46:51 PM",3.661,93.2,100,26,2025-08-31T19:46:51.000Z,,,,,,,,,
"8/31/2025, 3:49:51 PM",3.661,93.4,100,24,2025-08-31T19:49:51.000Z,,,,,,,,,
"8/31/2025, 3:52:51 PM",3.661,93.4,100,22,2025-08-31T19:52:51.000Z,,,,,,,,,
"8/31/2025, 3:55:51 PM",3.661,93.4,100,21,2025-08-31T19:55:51.000Z,,,,,,,,,
"8/31/2025, 3:58:51 PM",3.662,93.2,100,23,2025-08-31T19:58:51.000Z,,,,,,,,,
"8/31/2025, 4:01:51 PM",3.661,93.2,100,23,2025-08-31T20:01:51.000Z,,,,,,,,,
"8/31/2025, 4:04:51 PM",3.661,93.2,100,24,2025-08-31T20:04:51.000Z,,,,,,,,,
"8/31/2025, 4:07:51 PM",3.661,93.2,100,24,2025-08-31T20:07:51.000Z,,,,,,,,,
"8/31/2025, 4:10:51 PM",3.661,93.2,100,23,2025-08-31T20:10:51.000Z,,,,,,,,,
"8/31/2025, 4:13:51 PM",3.661,93.2,100,25,2025-08-31T20:13:51.000Z,,,,,,,,,
"8/31/2025, 4:16:51 PM",3.661,93.2,100,27,2025-08-31T20:16:51.000Z,,,,,,,,,
"8/31/2025, 4:19:51 PM",3.661,93.4,100,25,2025-08-31T20:19:51.000Z,,,,,,,,,
"8/31/2025, 4:22:51 PM",3.661,93.4,100,26,2025-08-31T20:22:51.000Z,,,,,,,,,
"8/31/2025, 4:25:51 PM",3.661,93.4,100,28,2025-08-31T20:25:51.000Z,,,,,,,,,
"8/31/2025, 4:28:51 PM",3.661,93.4,100,25,2025-08-31T20:28:51.000Z,,,,,,,,,
"8/31/2025, 4:31:51 PM",3.661,93.4,100,23,2025-08-31T20:31:51.000Z,,,,,,,,,
"8/31/2025, 4:34:51 PM",3.661,93.4,100,24,2025-08-31T20:34:51.000Z,,,,,,,,,
"8/31/2025, 4:37:51 PM",3.661,93.4,100,26,2025-08-31T20:37:51.000Z,,,,,,,,,
"8/31/2025, 4:40:51 PM",3.662,93.4,100,22,2025-08-31T20:40:51.000Z,,,,,,,,,
"8/31/2025, 4:43:51 PM",3.661,93.4,100,22,2025-08-31T20:43:51.000Z,,,,,,,,,
"8/31/2025, 4:46:51 PM",3.662,93.4,100,21,2025-08-31T20:46:51.000Z,,,,,,,,,
"8/31/2025, 4:49:51 PM",3.661,93.2,100,21,2025-08-31T20:49:51.000Z,,,,,,,,,
"8/31/2025, 4:52:51 PM",3.661,93.2,100,20,2025-08-31T20:52:51.000Z,,,,,,,,,
"8/31/2025, 4:55:51 PM",3.661,93,100,22,2025-08-31T20:55:51.000Z,,,,,,,,,
"8/31/2025, 4:58:51 PM",3.662,93,100,24,2025-08-31T20:58:51.000Z,,,,,,,,,
"8/31/2025, 5:01:51 PM",3.662,92.8,100,24,2025-08-31T21:01:51.000Z,,,,,,,,,
"8/31/2025, 5:04:51 PM",3.661,92.8,100,27,2025-08-31T21:04:51.000Z,,,,,,,,,
"8/31/2025, 5:07:51 PM",3.661,92.8,100,23,2025-08-31T21:07:51.000Z,,,,,,,,,
"8/31/2025, 5:10:51 PM",3.661,92.8,100,25,2025-08-31T21:10:51.000Z,,,,,,,,,
"8/31/2025, 5:13:51 PM",3.662,92.7,100,26,2025-08-31T21:13:51.000Z,,,,,,,,,
"8/31/2025, 5:16:51 PM",3.662,92.7,100,26,2025-08-31T21:16:51.000Z,,,,,,,,,
"8/31/2025, 5:19:51 PM",3.662,92.7,100,24,2025-08-31T21:19:51.000Z,,,,,,,,,
"8/31/2025, 5:22:51 PM",3.662,92.7,100,21,2025-08-31T21:22:51.000Z,,,,,,,,,
"8/31/2025, 5:25:51 PM",3.662,92.5,100,24,2025-08-31T21:25:51.000Z,,,,,,,,,
"8/31/2025, 5:28:51 PM",3.662,92.5,100,24,2025-08-31T21:28:51.000Z,,,,,,,,,
"8/31/2025, 5:31:51 PM",3.662,92.5,100,22,2025-08-31T21:31:51.000Z,,,,,,,,,
"8/31/2025, 5:34:51 PM",3.662,92.3,100,22,2025-08-31T21:34:51.000Z,,,,,,,,,
"8/31/2025, 5:37:51 PM",3.662,92.3,100,20,2025-08-31T21:37:51.000Z,,,,,,,,,
"8/31/2025, 5:40:51 PM",3.662,92.1,100,21,2025-08-31T21:40:51.000Z,,,,,,,,,
"8/31/2025, 5:43:51 PM",3.662,92.1,100,22,2025-08-31T21:43:51.000Z,,,,,,,,,
"8/31/2025, 5:46:51 PM",3.662,91.9,100,20,2025-08-31T21:46:51.000Z,,,,,,,,,
"8/31/2025, 5:49:51 PM",3.662,91.9,100,19,2025-08-31T21:49:51.000Z,,,,,,,,,
"8/31/2025, 5:52:51 PM",3.662,91.8,100,19,2025-08-31T21:52:51.000Z,,,,,,,,,
"8/31/2025, 5:55:51 PM",3.662,91.6,100,22,2025-08-31T21:55:51.000Z,,,,,,,,,
"8/31/2025, 5:58:51 PM",3.662,91.6,100,23,2025-08-31T21:58:51.000Z,,,,,,,,,
"8/31/2025, 6:01:51 PM",3.662,91.4,100,23,2025-08-31T22:01:51.000Z,,,,,,,,,
"8/31/2025, 6:04:51 PM",3.662,91.4,100,22,2025-08-31T22:04:51.000Z,,,,,,,,,
"8/31/2025, 6:07:51 PM",3.662,91.2,100,21,2025-08-31T22:07:51.000Z,,,,,,,,,
"8/31/2025, 6:10:51 PM",3.662,91,100,19,2025-08-31T22:10:51.000Z,,,,,,,,,
"8/31/2025, 6:13:51 PM",3.662,90.9,100,19,2025-08-31T22:13:51.000Z,,,,,,,,,
"8/31/2025, 6:16:51 PM",3.662,90.7,100,20,2025-08-31T22:16:51.000Z,,,,,,,,,
"8/31/2025, 6:19:51 PM",3.663,90.5,100,21,2025-08-31T22:19:51.000Z,,,,,,,,,
"8/31/2025, 6:22:51 PM",3.663,90.3,100,19,2025-08-31T22:22:51.000Z,,,,,,,,,
"8/31/2025, 6:25:51 PM",3.663,90,100,20,2025-08-31T22:25:51.000Z,,,,,,,,,
"8/31/2025, 6:28:51 PM",3.663,89.8,100,19,2025-08-31T22:28:51.000Z,,,,,,,,,
"8/31/2025, 6:31:51 PM",3.662,89.6,100,20,2025-08-31T22:31:51.000Z,,,,,,,,,
"8/31/2025, 6:34:51 PM",3.663,89.4,100,18,2025-08-31T22:34:51.000Z,,,,,,,,,
"8/31/2025, 6:37:51 PM",3.663,89.1,100,19,2025-08-31T22:37:51.000Z,,,,,,,,,
"8/31/2025, 6:40:51 PM",3.663,88.9,100,19,2025-08-31T22:40:51.000Z,,,,,,,,,
"8/31/2025, 6:43:51 PM",3.663,88.5,100,18,2025-08-31T22:43:51.000Z,,,,,,,,,
"8/31/2025, 6:46:51 PM",3.663,88.3,100,20,2025-08-31T22:46:51.000Z,,,,,,,,,
"8/31/2025, 6:49:51 PM",3.663,88,100,18,2025-08-31T22:49:51.000Z,,,,,,,,,
"8/31/2025, 6:52:51 PM",3.663,87.8,100,17,2025-08-31T22:52:51.000Z,,,,,,,,,
"8/31/2025, 6:55:51 PM",3.663,87.4,100,18,2025-08-31T22:55:51.000Z,,,,,,,,,
"8/31/2025, 6:58:51 PM",3.663,87.1,100,19,2025-08-31T22:58:51.000Z,,,,,,,,,
"8/31/2025, 7:01:51 PM",3.663,86.9,100,18,2025-08-31T23:01:51.000Z,,,,,,,,,
"8/31/2025, 7:04:51 PM",3.663,86.7,100,19,2025-08-31T23:04:51.000Z,,,,,,,,,
"8/31/2025, 7:07:51 PM",3.663,86.4,100,18,2025-08-31T23:07:51.000Z,,,,,,,,,
"8/31/2025, 7:10:51 PM",3.663,86.2,100,16,2025-08-31T23:10:51.000Z,,,,,,,,,
"8/31/2025, 7:13:51 PM",3.663,85.8,100,16,2025-08-31T23:13:51.000Z,,,,,,,,,
"8/31/2025, 7:16:51 PM",3.664,85.6,100,17,2025-08-31T23:16:51.000Z,,,,,,,,,
"8/31/2025, 7:19:51 PM",3.664,85.3,100,17,2025-08-31T23:19:51.000Z,,,,,,,,,
"8/31/2025, 7:22:51 PM",3.664,85.1,100,19,2025-08-31T23:22:51.000Z,,,,,,,,,
"8/31/2025, 7:25:51 PM",3.664,84.7,100,19,2025-08-31T23:25:51.000Z,,,,,,,,,
"8/31/2025, 7:28:51 PM",3.664,84.6,100,16,2025-08-31T23:28:51.000Z,,,,,,,,,
"8/31/2025, 7:31:51 PM",3.664,84.2,100,17,2025-08-31T23:31:51.000Z,,,,,,,,,
"8/31/2025, 7:34:51 PM",3.664,84,100,16,2025-08-31T23:34:51.000Z,,,,,,,,,
"8/31/2025, 7:37:51 PM",3.664,83.7,100,15,2025-08-31T23:37:51.000Z,,,,,,,,,
"8/31/2025, 7:40:51 PM",3.664,83.3,100,14,2025-08-31T23:40:51.000Z,,,,,,,,,
"8/31/2025, 7:43:51 PM",3.664,82.9,100,14,2025-08-31T23:43:51.000Z,,,,,,,,,
"8/31/2025, 7:46:51 PM",3.664,82.6,100,14,2025-08-31T23:46:51.000Z,,,,,,,,,
"8/31/2025, 7:49:51 PM",3.664,82.2,100,15,2025-08-31T23:49:51.000Z,,,,,,,,,
"8/31/2025, 7:52:51 PM",3.664,82,100,14,2025-08-31T23:52:51.000Z,,,,,,,,,
"8/31/2025, 7:55:51 PM",3.665,81.7,100,14,2025-08-31T23:55:51.000Z,,,,,,,,,
"8/31/2025, 7:58:51 PM",3.665,81.5,100,14,2025-08-31T23:58:51.000Z,,,,,,,,,
"8/31/2025, 8:01:51 PM",3.664,81.1,100,14,2025-09-01T00:01:51.000Z,,,,,,,,,
"8/31/2025, 8:04:51 PM",3.664,81,100,14,2025-09-01T00:04:51.000Z,,,,,,,,,
"8/31/2025, 8:07:51 PM",3.664,80.6,100,14,2025-09-01T00:07:51.000Z,,,,,,,,,
"8/31/2025, 8:10:51 PM",3.665,80.4,100,14,2025-09-01T00:10:51.000Z,,,,,,,,,
"8/31/2025, 8:13:51 PM",3.664,80.1,100,14,2025-09-01T00:13:51.000Z,,,,,,,,,
"8/31/2025, 8:16:51 PM",3.665,79.9,100,14,2025-09-01T00:16:51.000Z,,,,,,,,,
"8/31/2025, 8:19:51 PM",3.664,79.7,100,15,2025-09-01T00:19:51.000Z,,,,,,,,,
"8/31/2025, 8:22:51 PM",3.665,79.5,100,15,2025-09-01T00:22:51.000Z,,,,,,,,,
"8/31/2025, 8:25:51 PM",3.665,79.2,100,15,2025-09-01T00:25:51.000Z,,,,,,,,,
"8/31/2025, 8:28:51 PM",3.665,79,100,14,2025-09-01T00:28:51.000Z,,,,,,,,,
"8/31/2025, 8:31:51 PM",3.665,79,100,14,2025-09-01T00:31:51.000Z,,,,,,,,,
"8/31/2025, 8:34:51 PM",3.664,78.6,100,14,2025-09-01T00:34:51.000Z,,,,,,,,,
"8/31/2025, 8:37:51 PM",3.665,78.4,100,14,2025-09-01T00:37:51.000Z,,,,,,,,,
"8/31/2025, 8:40:51 PM",3.665,78.3,100,15,2025-09-01T00:40:51.000Z,,,,,,,,,
"8/31/2025, 8:43:51 PM",3.665,78.1,100,14,2025-09-01T00:43:51.000Z,,,,,,,,,
"8/31/2025, 8:46:51 PM",3.665,77.9,100,15,2025-09-01T00:46:51.000Z,,,,,,,,,
"8/31/2025, 8:49:51 PM",3.665,77.7,100,15,2025-09-01T00:49:51.000Z,,,,,,,,,
"8/31/2025, 8:52:51 PM",3.665,77.5,100,14,2025-09-01T00:52:51.000Z,,,,,,,,,
"8/31/2025, 8:55:51 PM",3.664,77.5,100,14,2025-09-01T00:55:51.000Z,,,,,,,,,
"8/31/2025, 8:58:51 PM",3.665,77.4,100,15,2025-09-01T00:58:51.000Z,,,,,,,,,
"8/31/2025, 9:01:51 PM",3.665,77.2,100,14,2025-09-01T01:01:51.000Z,,,,,,,,,
"8/31/2025, 9:04:51 PM",3.665,77,100,14,2025-09-01T01:04:51.000Z,,,,,,,,,
"8/31/2025, 9:07:51 PM",3.665,76.8,100,15,2025-09-01T01:07:51.000Z,,,,,,,,,
"8/31/2025, 9:10:51 PM",3.665,76.8,100,14,2025-09-01T01:10:51.000Z,,,,,,,,,
"8/31/2025, 9:13:51 PM",3.665,76.6,100,14,2025-09-01T01:13:51.000Z,,,,,,,,,
"8/31/2025, 9:16:51 PM",3.665,76.5,100,15,2025-09-01T01:16:51.000Z,,,,,,,,,
"8/31/2025, 9:19:51 PM",3.665,76.5,100,14,2025-09-01T01:19:51.000Z,,,,,,,,,
"8/31/2025, 9:22:51 PM",3.665,76.3,100,15,2025-09-01T01:22:51.000Z,,,,,,,,,
"8/31/2025, 9:25:51 PM",3.665,76.3,100,15,2025-09-01T01:25:51.000Z,,,,,,,,,
"8/31/2025, 9:28:51 PM",3.665,76.1,100,15,2025-09-01T01:28:51.000Z,,,,,,,,,
"8/31/2025, 9:31:51 PM",3.665,76.1,100,15,2025-09-01T01:31:51.000Z,,,,,,,,,
"8/31/2025, 9:34:51 PM",3.665,75.9,100,14,2025-09-01T01:34:51.000Z,,,,,,,,,
"8/31/2025, 9:37:51 PM",3.665,75.9,100,14,2025-09-01T01:37:51.000Z,,,,,,,,,
"8/31/2025, 9:40:51 PM",3.665,75.7,100,13,2025-09-01T01:40:51.000Z,,,,,,,,,
"8/31/2025, 9:43:51 PM",3.665,75.7,100,13,2025-09-01T01:43:51.000Z,,,,,,,,,
"8/31/2025, 9:46:51 PM",3.665,75.6,100,13,2025-09-01T01:46:51.000Z,,,,,,,,,
"8/31/2025, 9:49:51 PM",3.664,75.6,100,13,2025-09-01T01:49:51.000Z,,,,,,,,,
"8/31/2025, 9:52:51 PM",3.665,75.4,100,12,2025-09-01T01:52:51.000Z,,,,,,,,,
"8/31/2025, 9:55:51 PM",3.665,75.2,100,12,2025-09-01T01:55:51.000Z,,,,,,,,,
"8/31/2025, 9:58:51 PM",3.665,75.2,100,12,2025-09-01T01:58:51.000Z,,,,,,,,,
"8/31/2025, 10:01:51 PM",3.665,75,100,12,2025-09-01T02:01:51.000Z,,,,,,,,,
"8/31/2025, 10:04:51 PM",3.665,74.8,100,12,2025-09-01T02:04:51.000Z,,,,,,,,,
"8/31/2025, 10:07:51 PM",3.665,74.8,100,12,2025-09-01T02:07:51.000Z,,,,,,,,,
"8/31/2025, 10:10:51 PM",3.665,74.7,100,12,2025-09-01T02:10:51.000Z,,,,,,,,,
"8/31/2025, 10:13:51 PM",3.665,74.7,100,11,2025-09-01T02:13:51.000Z,,,,,,,,,
"8/31/2025, 10:16:51 PM",3.665,74.5,100,11,2025-09-01T02:16:51.000Z,,,,,,,,,
"8/31/2025, 10:19:51 PM",3.665,74.3,100,11,2025-09-01T02:19:51.000Z,,,,,,,,,
"8/31/2025, 10:22:51 PM",3.665,74.3,100,11,2025-09-01T02:22:51.000Z,,,,,,,,,
"8/31/2025, 10:25:51 PM",3.665,74.1,100,11,2025-09-01T02:25:51.000Z,,,,,,,,,
"8/31/2025, 10:28:51 PM",3.665,73.9,100,11,2025-09-01T02:28:51.000Z,,,,,,,,,
"8/31/2025, 10:31:51 PM",3.665,73.9,100,11,2025-09-01T02:31:51.000Z,,,,,,,,,
"8/31/2025, 10:34:51 PM",3.665,73.8,100,11,2025-09-01T02:34:51.000Z,,,,,,,,,
"8/31/2025, 10:37:51 PM",3.665,73.8,100,11,2025-09-01T02:37:51.000Z,,,,,,,,,
"8/31/2025, 10:40:51 PM",3.665,73.6,100,11,2025-09-01T02:40:51.000Z,,,,,,,,,
"8/31/2025, 10:43:51 PM",3.665,73.6,100,11,2025-09-01T02:43:51.000Z,,,,,,,,,
"8/31/2025, 10:46:51 PM",3.665,73.4,100,11,2025-09-01T02:46:51.000Z,,,,,,,,,
"8/31/2025, 10:49:51 PM",3.665,73.4,100,11,2025-09-01T02:49:51.000Z,,,,,,,,,
"8/31/2025, 10:52:51 PM",3.665,73.2,100,11,2025-09-01T02:52:51.000Z,,,,,,,,,
"8/31/2025, 10:55:51 PM",3.665,73.2,100,10,2025-09-01T02:55:51.000Z,,,,,,,,,
"8/31/2025, 10:58:51 PM",3.665,73,100,11,2025-09-01T02:58:51.000Z,,,,,,,,,
"8/31/2025, 11:01:51 PM",3.665,73,100,11,2025-09-01T03:01:51.000Z,,,,,,,,,
"8/31/2025, 11:04:51 PM",3.665,72.9,100,11,2025-09-01T03:04:51.000Z,,,,,,,,,
"8/31/2025, 11:07:51 PM",3.665,72.9,100,11,2025-09-01T03:07:51.000Z,,,,,,,,,
"8/31/2025, 11:10:51 PM",3.665,72.7,100,11,2025-09-01T03:10:51.000Z,,,,,,,,,
"8/31/2025, 11:13:51 PM",3.665,72.7,100,11,2025-09-01T03:13:51.000Z,,,,,,,,,
"8/31/2025, 11:16:51 PM",3.665,72.7,100,11,2025-09-01T03:16:51.000Z,,,,,,,,,
"8/31/2025, 11:19:51 PM",3.665,72.5,100,11,2025-09-01T03:19:51.000Z,,,,,,,,,
"8/31/2025, 11:22:51 PM",3.665,72.5,100,11,2025-09-01T03:22:51.000Z,,,,,,,,,
"8/31/2025, 11:25:51 PM",3.665,72.3,100,11,2025-09-01T03:25:51.000Z,,,,,,,,,
"8/31/2025, 11:28:51 PM",3.665,72.3,100,11,2025-09-01T03:28:51.000Z,,,,,,,,,
"8/31/2025, 11:31:51 PM",3.665,72.3,100,12,2025-09-01T03:31:51.000Z,,,,,,,,,
"8/31/2025, 11:34:51 PM",3.665,72.3,100,12,2025-09-01T03:34:51.000Z,,,,,,,,,
"8/31/2025, 11:37:51 PM",3.665,72.3,100,12,2025-09-01T03:37:51.000Z,,,,,,,,,
"8/31/2025, 11:40:51 PM",3.665,72.1,100,12,2025-09-01T03:40:51.000Z,,,,,,,,,
"8/31/2025, 11:43:51 PM",3.665,72.1,100,12,2025-09-01T03:43:51.000Z,,,,,,,,,
"8/31/2025, 11:46:51 PM",3.665,72.1,100,12,2025-09-01T03:46:51.000Z,,,,,,,,,
"8/31/2025, 11:49:51 PM",3.665,72.1,100,12,2025-09-01T03:49:51.000Z,,,,,,,,,
"8/31/2025, 11:52:51 PM",3.665,72,100,12,2025-09-01T03:52:51.000Z,,,,,,,,,
"8/31/2025, 11:55:51 PM",3.665,72,100,12,2025-09-01T03:55:51.000Z,,,,,,,,,
"8/31/2025, 11:58:51 PM",3.665,72,100,12,2025-09-01T03:58:51.000Z,,,,,,,,,
"9/1/2025, 12:01:51 AM",3.665,72,100,12,2025-09-01T04:01:51.000Z,,,,,,,,,
"9/1/2025, 12:04:51 AM",3.665,71.8,100,12,2025-09-01T04:04:51.000Z,,,,,,,,,
"9/1/2025, 12:07:51 AM",3.665,71.8,100,12,2025-09-01T04:07:51.000Z,,,,,,,,,
"9/1/2025, 12:10:51 AM",3.665,71.8,100,12,2025-09-01T04:10:51.000Z,,,,,,,,,
"9/1/2025, 12:13:51 AM",3.665,71.8,100,12,2025-09-01T04:13:51.000Z,,,,,,,,,
"9/1/2025, 12:16:51 AM",3.665,71.8,100,12,2025-09-01T04:16:51.000Z,,,,,,,,,
"9/1/2025, 12:19:51 AM",3.664,71.8,100,12,2025-09-01T04:19:51.000Z,,,,,,,,,
"9/1/2025, 12:22:51 AM",3.665,71.8,100,12,2025-09-01T04:22:51.000Z,,,,,,,,,
"9/1/2025, 12:25:51 AM",3.664,71.8,100,12,2025-09-01T04:25:51.000Z,,,,,,,,,
"9/1/2025, 12:28:51 AM",3.665,71.6,100,12,2025-09-01T04:28:51.000Z,,,,,,,,,
"9/1/2025, 12:31:51 AM",3.665,71.6,100,13,2025-09-01T04:31:51.000Z,,,,,,,,,
"9/1/2025, 12:34:51 AM",3.664,71.6,100,13,2025-09-01T04:34:51.000Z,,,,,,,,,
"9/1/2025, 12:37:51 AM",3.665,71.6,100,12,2025-09-01T04:37:51.000Z,,,,,,,,,
"9/1/2025, 12:40:51 AM",3.665,71.6,100,12,2025-09-01T04:40:51.000Z,,,,,,,,,
"9/1/2025, 12:43:51 AM",3.665,71.6,100,13,2025-09-01T04:43:51.000Z,,,,,,,,,
"9/1/2025, 12:46:51 AM",3.665,71.6,100,13,2025-09-01T04:46:51.000Z,,,,,,,,,
"9/1/2025, 12:49:51 AM",3.665,71.6,100,13,2025-09-01T04:49:51.000Z,,,,,,,,,
"9/1/2025, 12:52:51 AM",3.665,71.6,100,13,2025-09-01T04:52:51.000Z,,,,,,,,,
"9/1/2025, 12:55:51 AM",3.665,71.6,100,13,2025-09-01T04:55:51.000Z,,,,,,,,,
"9/1/2025, 12:58:51 AM",3.664,71.6,100,13,2025-09-01T04:58:51.000Z,,,,,,,,,
"9/1/2025, 1:01:51 AM",3.664,71.4,100,13,2025-09-01T05:01:51.000Z,,,,,,,,,
"9/1/2025, 1:04:51 AM",3.665,71.6,100,13,2025-09-01T05:04:51.000Z,,,,,,,,,
"9/1/2025, 1:07:51 AM",3.665,71.6,100,13,2025-09-01T05:07:51.000Z,,,,,,,,,
"9/1/2025, 1:10:51 AM",3.665,71.6,100,13,2025-09-01T05:10:51.000Z,,,,,,,,,
"9/1/2025, 1:13:51 AM",3.664,71.6,100,13,2025-09-01T05:13:51.000Z,,,,,,,,,
"9/1/2025, 1:16:51 AM",3.665,71.6,100,13,2025-09-01T05:16:51.000Z,,,,,,,,,
"9/1/2025, 1:19:51 AM",3.664,71.6,100,13,2025-09-01T05:19:51.000Z,,,,,,,,,
"9/1/2025, 1:22:51 AM",3.664,71.6,100,13,2025-09-01T05:22:51.000Z,,,,,,,,,
"9/1/2025, 1:25:51 AM",3.665,71.6,100,13,2025-09-01T05:25:51.000Z,,,,,,,,,
"9/1/2025, 1:28:51 AM",3.664,71.6,100,14,2025-09-01T05:28:51.000Z,,,,,,,,,
"9/1/2025, 1:31:51 AM",3.664,71.6,100,14,2025-09-01T05:31:51.000Z,,,,,,,,,
"9/1/2025, 1:34:51 AM",3.664,71.6,100,13,2025-09-01T05:34:51.000Z,,,,,,,,,
"9/1/2025, 1:37:51 AM",3.664,71.6,100,14,2025-09-01T05:37:51.000Z,,,,,,,,,
"9/1/2025, 1:40:51 AM",3.664,71.6,100,14,2025-09-01T05:40:51.000Z,,,,,,,,,
"9/1/2025, 1:43:51 AM",3.665,71.6,100,14,2025-09-01T05:43:51.000Z,,,,,,,,,
"9/1/2025, 1:46:51 AM",3.664,71.6,100,14,2025-09-01T05:46:51.000Z,,,,,,,,,
"9/1/2025, 1:49:51 AM",3.664,71.8,100,14,2025-09-01T05:49:51.000Z,,,,,,,,,
"9/1/2025, 1:52:51 AM",3.664,71.8,100,14,2025-09-01T05:52:51.000Z,,,,,,,,,
"9/1/2025, 1:55:51 AM",3.664,71.8,100,14,2025-09-01T05:55:51.000Z,,,,,,,,,
"9/1/2025, 1:58:51 AM",3.664,71.8,100,14,2025-09-01T05:58:51.000Z,,,,,,,,,
"9/1/2025, 2:01:51 AM",3.664,71.8,100,14,2025-09-01T06:01:51.000Z,,,,,,,,,
"9/1/2025, 2:04:51 AM",3.665,71.8,100,14,2025-09-01T06:04:51.000Z,,,,,,,,,
"9/1/2025, 2:07:51 AM",3.664,71.8,100,14,2025-09-01T06:07:51.000Z,,,,,,,,,
"9/1/2025, 2:10:51 AM",3.664,71.8,100,14,2025-09-01T06:10:51.000Z,,,,,,,,,
"9/1/2025, 2:13:51 AM",3.664,72,100,14,2025-09-01T06:13:51.000Z,,,,,,,,,
"9/1/2025, 2:16:51 AM",3.664,72,100,14,2025-09-01T06:16:51.000Z,,,,,,,,,
"9/1/2025, 2:19:51 AM",3.664,72,100,13,2025-09-01T06:19:51.000Z,,,,,,,,,
"9/1/2025, 2:22:51 AM",3.664,72,100,14,2025-09-01T06:22:51.000Z,,,,,,,,,
"9/1/2025, 2:25:51 AM",3.664,72,100,14,2025-09-01T06:25:51.000Z,,,,,,,,,
"9/1/2025, 2:28:51 AM",3.664,72,100,13,2025-09-01T06:28:51.000Z,,,,,,,,,
"9/1/2025, 2:31:51 AM",3.665,72,100,13,2025-09-01T06:31:51.000Z,,,,,,,,,
"9/1/2025, 2:34:51 AM",3.664,72,100,14,2025-09-01T06:34:51.000Z,,,,,,,,,
"9/1/2025, 2:37:51 AM",3.664,72.1,100,14,2025-09-01T06:37:51.000Z,,,,,,,,,
"9/1/2025, 2:40:51 AM",3.664,72.1,100,14,2025-09-01T06:40:51.000Z,,,,,,,,,
"9/1/2025, 2:43:51 AM",3.664,72.1,100,14,2025-09-01T06:43:51.000Z,,,,,,,,,
"9/1/2025, 2:46:51 AM",3.664,72.1,100,14,2025-09-01T06:46:51.000Z,,,,,,,,,
"9/1/2025, 2:49:51 AM",3.664,72.1,100,13,2025-09-01T06:49:51.000Z,,,,,,,,,
"9/1/2025, 2:52:51 AM",3.664,72.1,100,14,2025-09-01T06:52:51.000Z,,,,,,,,,
"9/1/2025, 2:55:51 AM",3.664,72.1,100,14,2025-09-01T06:55:51.000Z,,,,,,,,,
"9/1/2025, 2:58:51 AM",3.664,72.3,100,14,2025-09-01T06:58:51.000Z,,,,,,,,,
"9/1/2025, 3:01:51 AM",3.664,72.3,100,14,2025-09-01T07:01:51.000Z,,,,,,,,,
"9/1/2025, 3:04:51 AM",3.664,72.3,100,14,2025-09-01T07:04:51.000Z,,,,,,,,,
"9/1/2025, 3:07:51 AM",3.664,72.3,100,14,2025-09-01T07:07:51.000Z,,,,,,,,,
"9/1/2025, 3:10:51 AM",3.664,72.3,100,14,2025-09-01T07:10:51.000Z,,,,,,,,,
"9/1/2025, 3:13:51 AM",3.664,72.3,100,14,2025-09-01T07:13:51.000Z,,,,,,,,,
"9/1/2025, 3:16:51 AM",3.664,72.5,100,14,2025-09-01T07:16:51.000Z,,,,,,,,,
"9/1/2025, 3:19:51 AM",3.664,72.5,100,14,2025-09-01T07:19:51.000Z,,,,,,,,,
"9/1/2025, 3:22:51 AM",3.664,72.5,100,14,2025-09-01T07:22:51.000Z,,,,,,,,,
"9/1/2025, 3:25:51 AM",3.664,72.5,100,14,2025-09-01T07:25:51.000Z,,,,,,,,,
"9/1/2025, 3:28:51 AM",3.664,72.5,100,15,2025-09-01T07:28:51.000Z,,,,,,,,,
"9/1/2025, 3:31:51 AM",3.664,72.7,100,14,2025-09-01T07:31:51.000Z,,,,,,,,,
"9/1/2025, 3:34:51 AM",3.664,72.7,100,15,2025-09-01T07:34:51.000Z,,,,,,,,,
"9/1/2025, 3:37:51 AM",3.664,72.7,100,15,2025-09-01T07:37:51.000Z,,,,,,,,,
"9/1/2025, 3:40:51 AM",3.664,72.7,100,15,2025-09-01T07:40:51.000Z,,,,,,,,,
"9/1/2025, 3:43:51 AM",3.664,72.7,100,15,2025-09-01T07:43:51.000Z,,,,,,,,,
"9/1/2025, 3:46:51 AM",3.664,72.7,100,15,2025-09-01T07:46:51.000Z,,,,,,,,,
"9/1/2025, 3:49:51 AM",3.664,72.7,100,15,2025-09-01T07:49:51.000Z,,,,,,,,,
"9/1/2025, 3:52:51 AM",3.664,72.7,100,15,2025-09-01T07:52:51.000Z,,,,,,,,,
"9/1/2025, 3:55:51 AM",3.664,72.7,100,15,2025-09-01T07:55:51.000Z,,,,,,,,,
"9/1/2025, 3:58:51 AM",3.664,72.7,100,15,2025-09-01T07:58:51.000Z,,,,,,,,,
"9/1/2025, 4:01:51 AM",3.664,72.7,100,15,2025-09-01T08:01:51.000Z,,,,,,,,,
"9/1/2025, 4:04:51 AM",3.664,72.7,100,15,2025-09-01T08:04:51.000Z,,,,,,,,,
"9/1/2025, 4:07:51 AM",3.664,72.7,100,15,2025-09-01T08:07:51.000Z,,,,,,,,,
"9/1/2025, 4:10:51 AM",3.664,72.7,100,14,2025-09-01T08:10:51.000Z,,,,,,,,,
"9/1/2025, 4:13:51 AM",3.664,72.7,100,15,2025-09-01T08:13:51.000Z,,,,,,,,,
"9/1/2025, 4:16:51 AM",3.664,72.7,100,15,2025-09-01T08:16:51.000Z,,,,,,,,,
"9/1/2025, 4:19:51 AM",3.664,72.7,100,15,2025-09-01T08:19:51.000Z,,,,,,,,,
"9/1/2025, 4:22:51 AM",3.664,72.7,100,14,2025-09-01T08:22:51.000Z,,,,,,,,,
"9/1/2025, 4:25:51 AM",3.664,72.7,100,15,2025-09-01T08:25:51.000Z,,,,,,,,,
"9/1/2025, 4:28:51 AM",3.664,72.7,100,14,2025-09-01T08:28:51.000Z,,,,,,,,,
"9/1/2025, 4:31:51 AM",3.664,72.7,100,14,2025-09-01T08:31:51.000Z,,,,,,,,,
"9/1/2025, 4:34:51 AM",3.664,72.7,100,15,2025-09-01T08:34:51.000Z,,,,,,,,,
"9/1/2025, 4:37:51 AM",3.663,72.7,100,15,2025-09-01T08:37:51.000Z,,,,,,,,,
"9/1/2025, 4:40:51 AM",3.664,72.9,100,15,2025-09-01T08:40:51.000Z,,,,,,,,,
"9/1/2025, 4:43:51 AM",3.664,72.9,100,14,2025-09-01T08:43:51.000Z,,,,,,,,,
"9/1/2025, 4:46:51 AM",3.664,72.9,100,14,2025-09-01T08:46:51.000Z,,,,,,,,,
"9/1/2025, 4:49:51 AM",3.664,72.9,100,14,2025-09-01T08:49:51.000Z,,,,,,,,,
"9/1/2025, 4:52:51 AM",3.664,72.9,100,14,2025-09-01T08:52:51.000Z,,,,,,,,,
"9/1/2025, 4:55:51 AM",3.664,73,100,14,2025-09-01T08:55:51.000Z,,,,,,,,,
"9/1/2025, 4:58:51 AM",3.664,73,100,14,2025-09-01T08:58:51.000Z,,,,,,,,,
"9/1/2025, 5:01:51 AM",3.664,73,100,14,2025-09-01T09:01:51.000Z,,,,,,,,,
"9/1/2025, 5:04:51 AM",3.664,73,100,14,2025-09-01T09:04:51.000Z,,,,,,,,,
"9/1/2025, 5:07:51 AM",3.664,73,100,14,2025-09-01T09:07:51.000Z,,,,,,,,,
"9/1/2025, 5:10:51 AM",3.663,73,100,14,2025-09-01T09:10:51.000Z,,,,,,,,,
"9/1/2025, 5:13:51 AM",3.664,73.2,100,14,2025-09-01T09:13:51.000Z,,,,,,,,,
"9/1/2025, 5:16:51 AM",3.663,73.2,100,14,2025-09-01T09:16:51.000Z,,,,,,,,,
"9/1/2025, 5:19:51 AM",3.664,73.4,100,14,2025-09-01T09:19:51.000Z,,,,,,,,,
"9/1/2025, 5:22:51 AM",3.663,73.4,100,14,2025-09-01T09:22:51.000Z,,,,,,,,,
"9/1/2025, 5:25:51 AM",3.663,73.4,100,14,2025-09-01T09:25:51.000Z,,,,,,,,,
"9/1/2025, 5:28:51 AM",3.663,73.6,100,14,2025-09-01T09:28:51.000Z,,,,,,,,,
"9/1/2025, 5:31:51 AM",3.664,73.6,100,14,2025-09-01T09:31:51.000Z,,,,,,,,,
"9/1/2025, 5:34:51 AM",3.664,73.6,100,14,2025-09-01T09:34:51.000Z,,,,,,,,,
"9/1/2025, 5:37:51 AM",3.664,73.6,100,14,2025-09-01T09:37:51.000Z,,,,,,,,,
"9/1/2025, 5:40:51 AM",3.664,73.6,100,14,2025-09-01T09:40:51.000Z,,,,,,,,,
"9/1/2025, 5:43:51 AM",3.664,73.6,100,14,2025-09-01T09:43:51.000Z,,,,,,,,,
"9/1/2025, 5:46:51 AM",3.664,73.8,100,14,2025-09-01T09:46:51.000Z,,,,,,,,,
"9/1/2025, 5:49:51 AM",3.664,73.6,100,14,2025-09-01T09:49:51.000Z,,,,,,,,,
"9/1/2025, 5:52:51 AM",3.663,73.6,100,14,2025-09-01T09:52:51.000Z,,,,,,,,,
"9/1/2025, 5:55:51 AM",3.663,73.6,100,14,2025-09-01T09:55:51.000Z,,,,,,,,,
"9/1/2025, 5:58:51 AM",3.663,73.6,100,13,2025-09-01T09:58:51.000Z,,,,,,,,,
"9/1/2025, 6:01:51 AM",3.664,73.4,100,13,2025-09-01T10:01:51.000Z,,,,,,,,,
"9/1/2025, 6:04:51 AM",3.664,73.4,100,13,2025-09-01T10:04:51.000Z,,,,,,,,,
"9/1/2025, 6:07:51 AM",3.664,73.4,100,13,2025-09-01T10:07:51.000Z,,,,,,,,,
"9/1/2025, 6:10:51 AM",3.664,73.4,100,13,2025-09-01T10:10:51.000Z,,,,,,,,,
"9/1/2025, 6:13:51 AM",3.664,73.4,100,13,2025-09-01T10:13:51.000Z,,,,,,,,,
"9/1/2025, 6:16:51 AM",3.664,73.4,100,13,2025-09-01T10:16:51.000Z,,,,,,,,,
"9/1/2025, 6:19:51 AM",3.663,73.4,100,13,2025-09-01T10:19:51.000Z,,,,,,,,,
"9/1/2025, 6:22:51 AM",3.664,73.2,100,13,2025-09-01T10:22:51.000Z,,,,,,,,,
"9/1/2025, 6:25:51 AM",3.664,73.2,100,13,2025-09-01T10:25:51.000Z,,,,,,,,,
"9/1/2025, 6:28:51 AM",3.664,73.2,100,13,2025-09-01T10:28:51.000Z,,,,,,,,,
"9/1/2025, 6:31:51 AM",3.663,73.2,100,13,2025-09-01T10:31:51.000Z,,,,,,,,,
"9/1/2025, 6:34:51 AM",3.663,73.2,100,13,2025-09-01T10:34:51.000Z,,,,,,,,,
"9/1/2025, 6:37:51 AM",3.664,73.2,100,13,2025-09-01T10:37:51.000Z,,,,,,,,,
"9/1/2025, 6:40:51 AM",3.664,73.2,100,13,2025-09-01T10:40:51.000Z,,,,,,,,,
"9/1/2025, 6:43:51 AM",3.664,73.2,100,13,2025-09-01T10:43:51.000Z,,,,,,,,,
"9/1/2025, 6:46:51 AM",3.664,73.2,100,13,2025-09-01T10:46:51.000Z,,,,,,,,,
"9/1/2025, 6:49:51 AM",3.664,73.2,100,13,2025-09-01T10:49:51.000Z,,,,,,,,,
"9/1/2025, 6:52:51 AM",3.663,73.2,100,13,2025-09-01T10:52:51.000Z,,,,,,,,,
"9/1/2025, 6:55:51 AM",3.664,73.2,100,13,2025-09-01T10:55:51.000Z,,,,,,,,,
"9/1/2025, 6:58:51 AM",3.663,73.2,100,13,2025-09-01T10:58:51.000Z,,,,,,,,,
"9/1/2025, 7:01:51 AM",3.663,73.2,100,12,2025-09-01T11:01:51.000Z,,,,,,,,,
"9/1/2025, 7:04:51 AM",3.664,73,100,12,2025-09-01T11:04:51.000Z,,,,,,,,,
"9/1/2025, 7:07:51 AM",3.664,73,100,12,2025-09-01T11:07:51.000Z,,,,,,,,,
"9/1/2025, 7:10:51 AM",3.663,73,100,12,2025-09-01T11:10:51.000Z,,,,,,,,,
"9/1/2025, 7:13:51 AM",3.664,73,100,12,2025-09-01T11:13:51.000Z,,,,,,,,,
"9/1/2025, 7:16:51 AM",3.663,73,100,12,2025-09-01T11:16:51.000Z,,,,,,,,,
"9/1/2025, 7:19:51 AM",3.663,73,100,12,2025-09-01T11:19:51.000Z,,,,,,,,,
"9/1/2025, 7:22:51 AM",3.663,73,100,12,2025-09-01T11:22:51.000Z,,,,,,,,,
"9/1/2025, 7:25:51 AM",3.663,73.2,100,12,2025-09-01T11:25:51.000Z,,,,,,,,,
"9/1/2025, 7:28:51 AM",3.663,73.2,100,12,2025-09-01T11:28:51.000Z,,,,,,,,,
"9/1/2025, 7:31:51 AM",3.663,73.2,100,12,2025-09-01T11:31:51.000Z,,,,,,,,,
"9/1/2025, 7:34:51 AM",3.663,73.2,100,12,2025-09-01T11:34:51.000Z,,,,,,,,,
"9/1/2025, 7:37:51 AM",3.663,73.2,100,12,2025-09-01T11:37:51.000Z,,,,,,,,,
"9/1/2025, 7:40:51 AM",3.663,73.2,100,12,2025-09-01T11:40:51.000Z,,,,,,,,,
"9/1/2025, 7:43:51 AM",3.664,73.2,100,12,2025-09-01T11:43:51.000Z,,,,,,,,,
"9/1/2025, 7:46:51 AM",3.663,73,100,12,2025-09-01T11:46:51.000Z,,,,,,,,,
"9/1/2025, 7:49:51 AM",3.663,73,100,12,2025-09-01T11:49:51.000Z,,,,,,,,,
"9/1/2025, 7:52:51 AM",3.664,73,100,12,2025-09-01T11:52:51.000Z,,,,,,,,,
"9/1/2025, 7:55:51 AM",3.663,73,100,12,2025-09-01T11:55:51.000Z,,,,,,,,,
"9/1/2025, 7:58:51 AM",3.663,73,100,12,2025-09-01T11:58:51.000Z,,,,,,,,,
"9/1/2025, 8:01:51 AM",3.663,73,100,12,2025-09-01T12:01:51.000Z,,,,,,,,,
"9/1/2025, 8:04:51 AM",3.663,73,100,12,2025-09-01T12:04:51.000Z,,,,,,,,,
"9/1/2025, 8:07:51 AM",3.663,73,100,12,2025-09-01T12:07:51.000Z,,,,,,,,,
"9/1/2025, 8:10:51 AM",3.664,73,100,12,2025-09-01T12:10:51.000Z,,,,,,,,,
"9/1/2025, 8:13:51 AM",3.663,73.2,100,12,2025-09-01T12:13:51.000Z,,,,,,,,,
"9/1/2025, 8:16:51 AM",3.664,73.2,100,12,2025-09-01T12:16:51.000Z,,,,,,,,,
"9/1/2025, 8:19:51 AM",3.663,73.4,100,12,2025-09-01T12:19:51.000Z,,,,,,,,,
"9/1/2025, 8:22:51 AM",3.663,73.4,100,12,2025-09-01T12:22:51.000Z,,,,,,,,,
"9/1/2025, 8:25:51 AM",3.663,73.6,100,13,2025-09-01T12:25:51.000Z,,,,,,,,,
"9/1/2025, 8:28:51 AM",3.663,73.6,100,13,2025-09-01T12:28:51.000Z,,,,,,,,,
"9/1/2025, 8:31:51 AM",3.663,73.8,100,13,2025-09-01T12:31:51.000Z,,,,,,,,,
"9/1/2025, 8:34:51 AM",3.663,73.9,100,13,2025-09-01T12:34:51.000Z,,,,,,,,,
"9/1/2025, 8:37:51 AM",3.663,73.9,100,13,2025-09-01T12:37:51.000Z,,,,,,,,,
"9/1/2025, 8:40:51 AM",3.663,74.1,100,13,2025-09-01T12:40:51.000Z,,,,,,,,,
"9/1/2025, 8:43:51 AM",3.663,74.3,100,13,2025-09-01T12:43:51.000Z,,,,,,,,,
"9/1/2025, 8:46:51 AM",3.663,74.5,100,13,2025-09-01T12:46:51.000Z,,,,,,,,,
"9/1/2025, 8:49:51 AM",3.663,74.7,100,14,2025-09-01T12:49:51.000Z,,,,,,,,,
"9/1/2025, 8:52:51 AM",3.663,74.7,100,14,2025-09-01T12:52:51.000Z,,,,,,,,,
"9/1/2025, 8:55:51 AM",3.663,74.8,100,14,2025-09-01T12:55:51.000Z,,,,,,,,,
"9/1/2025, 8:58:51 AM",3.663,75,100,14,2025-09-01T12:58:51.000Z,,,,,,,,,
"9/1/2025, 9:01:51 AM",3.663,75.2,100,14,2025-09-01T13:01:51.000Z,,,,,,,,,
"9/1/2025, 9:04:51 AM",3.663,75.4,100,14,2025-09-01T13:04:51.000Z,,,,,,,,,
"9/1/2025, 9:07:51 AM",3.663,75.6,100,14,2025-09-01T13:07:51.000Z,,,,,,,,,
"9/1/2025, 9:10:51 AM",3.663,75.7,100,15,2025-09-01T13:10:51.000Z,,,,,,,,,
"9/1/2025, 9:13:51 AM",3.663,75.9,100,15,2025-09-01T13:13:51.000Z,,,,,,,,,
"9/1/2025, 9:16:51 AM",3.663,76.1,100,15,2025-09-01T13:16:51.000Z,,,,,,,,,
"9/1/2025, 9:19:51 AM",3.663,76.3,100,16,2025-09-01T13:19:51.000Z,,,,,,,,,
"9/1/2025, 9:22:51 AM",3.663,76.5,100,16,2025-09-01T13:22:51.000Z,,,,,,,,,
"9/1/2025, 9:25:51 AM",3.663,76.6,100,16,2025-09-01T13:25:51.000Z,,,,,,,,,
"9/1/2025, 9:28:51 AM",3.663,76.8,100,17,2025-09-01T13:28:51.000Z,,,,,,,,,
"9/1/2025, 9:31:51 AM",3.663,77.2,100,17,2025-09-01T13:31:51.000Z,,,,,,,,,
"9/1/2025, 9:34:51 AM",3.663,77.4,100,17,2025-09-01T13:34:51.000Z,,,,,,,,,
"9/1/2025, 9:37:51 AM",3.663,77.5,100,17,2025-09-01T13:37:51.000Z,,,,,,,,,
"9/1/2025, 9:40:51 AM",3.663,77.9,100,18,2025-09-01T13:40:51.000Z,,,,,,,,,
"9/1/2025, 9:43:51 AM",3.663,78.1,100,18,2025-09-01T13:43:51.000Z,,,,,,,,,
"9/1/2025, 9:46:51 AM",3.663,78.4,100,18,2025-09-01T13:46:51.000Z,,,,,,,,,
"9/1/2025, 9:49:51 AM",3.663,78.8,100,18,2025-09-01T13:49:51.000Z,,,,,,,,,
"9/1/2025, 9:52:51 AM",3.663,79,100,19,2025-09-01T13:52:51.000Z,,,,,,,,,
"9/1/2025, 9:55:51 AM",3.663,79.2,100,19,2025-09-01T13:55:51.000Z,,,,,,,,,
"9/1/2025, 9:58:51 AM",3.663,79.5,100,19,2025-09-01T13:58:51.000Z,,,,,,,,,
"9/1/2025, 10:01:51 AM",3.663,79.9,100,20,2025-09-01T14:01:51.000Z,,,,,,,,,
"9/1/2025, 10:04:51 AM",3.663,80.1,100,20,2025-09-01T14:04:51.000Z,,,,,,,,,
"9/1/2025, 10:07:51 AM",3.663,80.4,100,20,2025-09-01T14:07:51.000Z,,,,,,,,,
"9/1/2025, 10:10:51 AM",3.662,80.8,100,21,2025-09-01T14:10:51.000Z,,,,,,,,,
"9/1/2025, 10:13:51 AM",3.662,81.1,100,21,2025-09-01T14:13:51.000Z,,,,,,,,,
"9/1/2025, 10:16:51 AM",3.662,81.3,100,22,2025-09-01T14:16:51.000Z,,,,,,,,,
"9/1/2025, 10:19:51 AM",3.662,81.7,100,23,2025-09-01T14:19:51.000Z,,,,,,,,,
"9/1/2025, 10:22:51 AM",3.662,82,100,23,2025-09-01T14:22:51.000Z,,,,,,,,,
"9/1/2025, 10:25:51 AM",3.662,82.2,100,24,2025-09-01T14:25:51.000Z,,,,,,,,,
"9/1/2025, 10:28:51 AM",3.662,82.6,100,25,2025-09-01T14:28:51.000Z,,,,,,,,,
"9/1/2025, 10:31:51 AM",3.662,82.8,100,25,2025-09-01T14:31:51.000Z,,,,,,,,,
"9/1/2025, 10:34:51 AM",3.662,83.1,100,25,2025-09-01T14:34:51.000Z,,,,,,,,,
"9/1/2025, 10:37:51 AM",3.662,83.3,100,26,2025-09-01T14:37:51.000Z,,,,,,,,,
"9/1/2025, 10:40:51 AM",3.662,83.5,100,26,2025-09-01T14:40:51.000Z,,,,,,,,,
"9/1/2025, 10:43:51 AM",3.662,83.8,100,27,2025-09-01T14:43:51.000Z,,,,,,,,,
"9/1/2025, 10:46:51 AM",3.662,84,100,27,2025-09-01T14:46:51.000Z,,,,,,,,,
"9/1/2025, 10:49:51 AM",3.662,84.2,100,28,2025-09-01T14:49:51.000Z,,,,,,,,,
"9/1/2025, 10:52:51 AM",3.662,84.4,100,28,2025-09-01T14:52:51.000Z,,,,,,,,,
"9/1/2025, 10:55:51 AM",3.662,84.6,100,28,2025-09-01T14:55:51.000Z,,,,,,,,,
"9/1/2025, 10:58:51 AM",3.662,84.9,100,29,2025-09-01T14:58:51.000Z,,,,,,,,,
"9/1/2025, 11:01:51 AM",3.662,85.1,100,29,2025-09-01T15:01:51.000Z,,,,,,,,,
"9/1/2025, 11:04:51 AM",3.662,85.3,100,29,2025-09-01T15:04:51.000Z,,,,,,,,,
"9/1/2025, 11:07:51 AM",3.662,85.3,100,29,2025-09-01T15:07:51.000Z,,,,,,,,,
"9/1/2025, 11:10:51 AM",3.662,85.6,100,29,2025-09-01T15:10:51.000Z,,,,,,,,,
"9/1/2025, 11:13:51 AM",3.662,85.6,100,30,2025-09-01T15:13:51.000Z,,,,,,,,,
"9/1/2025, 11:16:51 AM",3.662,85.8,100,30,2025-09-01T15:16:51.000Z,,,,,,,,,
"9/1/2025, 11:19:51 AM",3.662,86,100,30,2025-09-01T15:19:51.000Z,,,,,,,,,
"9/1/2025, 11:22:51 AM",3.662,86.2,100,30,2025-09-01T15:22:51.000Z,,,,,,,,,
"9/1/2025, 11:25:51 AM",3.662,86.2,100,30,2025-09-01T15:25:51.000Z,,,,,,,,,
"9/1/2025, 11:28:51 AM",3.663,86.4,100,30,2025-09-01T15:28:51.000Z,,,,,,,,,
"9/1/2025, 11:31:51 AM",3.662,86.4,100,30,2025-09-01T15:31:51.000Z,,,,,,,,,
"9/1/2025, 11:34:51 AM",3.662,86.5,100,29,2025-09-01T15:34:51.000Z,,,,,,,,,
"9/1/2025, 11:37:51 AM",3.662,86.5,100,29,2025-09-01T15:37:51.000Z,,,,,,,,,
"9/1/2025, 11:40:51 AM",3.662,86.7,100,30,2025-09-01T15:40:51.000Z,,,,,,,,,
"9/1/2025, 11:43:51 AM",3.662,86.9,100,30,2025-09-01T15:43:51.000Z,,,,,,,,,
"9/1/2025, 11:46:51 AM",3.662,86.9,100,30,2025-09-01T15:46:51.000Z,,,,,,,,,
"9/1/2025, 11:49:51 AM",3.662,87.1,100,30,2025-09-01T15:49:51.000Z,,,,,,,,,
"9/1/2025, 11:52:51 AM",3.662,87.3,100,31,2025-09-01T15:52:51.000Z,,,,,,,,,
"9/1/2025, 11:55:51 AM",3.662,87.4,100,32,2025-09-01T15:55:51.000Z,,,,,,,,,
"9/1/2025, 11:58:51 AM",3.662,87.6,100,31,2025-09-01T15:58:51.000Z,,,,,,,,,
"9/1/2025, 12:01:51 PM",3.661,87.6,100,31,2025-09-01T16:01:51.000Z,,,,,,,,,
"9/1/2025, 12:04:51 PM",3.662,87.8,100,31,2025-09-01T16:04:51.000Z,,,,,,,,,
"9/1/2025, 12:07:51 PM",3.661,88,100,31,2025-09-01T16:07:51.000Z,,,,,,,,,
"9/1/2025, 12:10:51 PM",3.662,88.2,100,32,2025-09-01T16:10:51.000Z,,,,,,,,,
"9/1/2025, 12:13:51 PM",3.662,88.3,100,32,2025-09-01T16:13:51.000Z,,,,,,,,,
"9/1/2025, 12:16:51 PM",3.662,88.5,100,32,2025-09-01T16:16:51.000Z,,,,,,,,,
"9/1/2025, 12:19:51 PM",3.662,88.7,100,32,2025-09-01T16:19:51.000Z,,,,,,,,,
"9/1/2025, 12:22:51 PM",3.662,88.7,100,30,2025-09-01T16:22:51.000Z,,,,,,,,,
"9/1/2025, 12:25:51 PM",3.662,88.9,100,30,2025-09-01T16:25:51.000Z,,,,,,,,,
"9/1/2025, 12:28:51 PM",3.662,88.9,100,29,2025-09-01T16:28:51.000Z,,,,,,,,,
"9/1/2025, 12:31:51 PM",3.662,88.9,100,29,2025-09-01T16:31:51.000Z,,,,,,,,,
"9/1/2025, 12:34:51 PM",3.662,89.1,100,30,2025-09-01T16:34:51.000Z,,,,,,,,,
"9/1/2025, 12:37:51 PM",3.661,89.2,100,30,2025-09-01T16:37:51.000Z,,,,,,,,,
"9/1/2025, 12:40:51 PM",3.662,89.4,100,29,2025-09-01T16:40:51.000Z,,,,,,,,,
"9/1/2025, 12:43:51 PM",3.661,89.6,100,30,2025-09-01T16:43:51.000Z,,,,,,,,,
"9/1/2025, 12:46:51 PM",3.661,89.6,100,30,2025-09-01T16:46:51.000Z,,,,,,,,,
"9/1/2025, 12:49:51 PM",3.661,90,100,30,2025-09-01T16:49:51.000Z,,,,,,,,,
"9/1/2025, 12:52:51 PM",3.661,90.1,100,31,2025-09-01T16:52:51.000Z,,,,,,,,,
"9/1/2025, 12:55:51 PM",3.661,90.1,100,30,2025-09-01T16:55:51.000Z,,,,,,,,,
"9/1/2025, 12:58:51 PM",3.661,90.3,100,31,2025-09-01T16:58:51.000Z,,,,,,,,,
"9/1/2025, 1:01:51 PM",3.661,90.5,100,31,2025-09-01T17:01:51.000Z,,,,,,,,,
"9/1/2025, 1:04:51 PM",3.661,90.7,100,32,2025-09-01T17:04:51.000Z,,,,,,,,,
"9/1/2025, 1:07:51 PM",3.662,90.9,100,32,2025-09-01T17:07:51.000Z,,,,,,,,,
"9/1/2025, 1:10:51 PM",3.661,91,100,31,2025-09-01T17:10:51.000Z,,,,,,,,,
"9/1/2025, 1:13:51 PM",3.661,91.2,100,29,2025-09-01T17:13:51.000Z,,,,,,,,,
"9/1/2025, 1:16:51 PM",3.662,91.2,100,28,2025-09-01T17:16:51.000Z,,,,,,,,,
"9/1/2025, 1:19:51 PM",3.661,91.4,100,28,2025-09-01T17:19:51.000Z,,,,,,,,,
"9/1/2025, 1:22:51 PM",3.661,91.4,100,29,2025-09-01T17:22:51.000Z,,,,,,,,,
"9/1/2025, 1:25:51 PM",3.661,91.6,100,29,2025-09-01T17:25:51.000Z,,,,,,,,,
"9/1/2025, 1:28:51 PM",3.661,91.8,100,29,2025-09-01T17:28:51.000Z,,,,,,,,,
"9/1/2025, 1:31:51 PM",3.661,91.8,100,29,2025-09-01T17:31:51.000Z,,,,,,,,,
"9/1/2025, 1:34:51 PM",3.661,91.9,100,30,2025-09-01T17:34:51.000Z,,,,,,,,,
"9/1/2025, 1:37:51 PM",3.661,92.1,100,30,2025-09-01T17:37:51.000Z,,,,,,,,,
"9/1/2025, 1:40:51 PM",3.662,92.3,100,30,2025-09-01T17:40:51.000Z,,,,,,,,,
"9/1/2025, 1:43:51 PM",3.661,92.5,100,30,2025-09-01T17:43:51.000Z,,,,,,,,,
"9/1/2025, 1:46:51 PM",3.661,92.7,100,30,2025-09-01T17:46:51.000Z,,,,,,,,,
"9/1/2025, 1:49:51 PM",3.661,92.7,100,29,2025-09-01T17:49:51.000Z,,,,,,,,,
"9/1/2025, 1:52:51 PM",3.661,92.8,100,30,2025-09-01T17:52:51.000Z,,,,,,,,,
"9/1/2025, 1:55:51 PM",3.66,93,100,30,2025-09-01T17:55:51.000Z,,,,,,,,,
"9/1/2025, 1:58:51 PM",3.661,93.2,100,30,2025-09-01T17:58:51.000Z,,,,,,,,,
"9/1/2025, 2:01:51 PM",3.661,93.4,100,31,2025-09-01T18:01:51.000Z,,,,,,,,,
"9/1/2025, 2:04:51 PM",3.661,93.6,100,32,2025-09-01T18:04:51.000Z,,,,,,,,,
"9/1/2025, 2:07:51 PM",3.661,93.7,100,31,2025-09-01T18:07:51.000Z,,,,,,,,,
"9/1/2025, 2:10:51 PM",3.661,93.9,100,30,2025-09-01T18:10:51.000Z,,,,,,,,,
"9/1/2025, 2:13:51 PM",3.661,94.1,100,28,2025-09-01T18:13:51.000Z,,,,,,,,,
"9/1/2025, 2:16:51 PM",3.661,94.3,100,30,2025-09-01T18:16:51.000Z,,,,,,,,,
"9/1/2025, 2:19:51 PM",3.661,94.5,100,32,2025-09-01T18:19:51.000Z,,,,,,,,,
"9/1/2025, 2:22:51 PM",3.661,94.6,100,31,2025-09-01T18:22:51.000Z,,,,,,,,,
"9/1/2025, 2:25:51 PM",3.661,94.8,100,32,2025-09-01T18:25:51.000Z,,,,,,,,,
"9/1/2025, 2:28:51 PM",3.661,95,100,33,2025-09-01T18:28:51.000Z,,,,,,,,,
"9/1/2025, 2:31:51 PM",3.661,95.2,100,33,2025-09-01T18:31:51.000Z,,,,,,,,,
"9/1/2025, 2:34:51 PM",3.66,95.4,100,34,2025-09-01T18:34:51.000Z,,,,,,,,,
"9/1/2025, 2:37:51 PM",3.661,95.5,100,34,2025-09-01T18:37:51.000Z,,,,,,,,,
"9/1/2025, 2:40:51 PM",3.661,95.7,100,35,2025-09-01T18:40:51.000Z,,,,,,,,,
"9/1/2025, 2:43:51 PM",3.661,95.7,100,35,2025-09-01T18:43:51.000Z,,,,,,,,,
"9/1/2025, 2:46:51 PM",3.661,95.9,100,32,2025-09-01T18:46:51.000Z,,,,,,,,,
"9/1/2025, 2:49:51 PM",3.66,96.1,100,33,2025-09-01T18:49:51.000Z,,,,,,,,,
"9/1/2025, 2:52:51 PM",3.661,96.3,100,29,2025-09-01T18:52:51.000Z,,,,,,,,,
"9/1/2025, 2:55:51 PM",3.66,96.3,100,29,2025-09-01T18:55:51.000Z,,,,,,,,,
"9/1/2025, 2:58:51 PM",3.661,96.4,100,30,2025-09-01T18:58:51.000Z,,,,,,,,,
"9/1/2025, 3:01:51 PM",3.661,96.4,100,30,2025-09-01T19:01:51.000Z,,,,,,,,,
"9/1/2025, 3:04:51 PM",3.66,96.6,100,29,2025-09-01T19:04:51.000Z,,,,,,,,,
"9/1/2025, 3:07:51 PM",3.661,96.6,100,30,2025-09-01T19:07:51.000Z,,,,,,,,,
"9/1/2025, 3:10:51 PM",3.66,96.8,100,28,2025-09-01T19:10:51.000Z,,,,,,,,,
"9/1/2025, 3:13:51 PM",3.661,96.8,100,29,2025-09-01T19:13:51.000Z,,,,,,,,,
"9/1/2025, 3:16:51 PM",3.66,97,100,30,2025-09-01T19:16:51.000Z,,,,,,,,,
"9/1/2025, 3:19:51 PM",3.661,97,100,30,2025-09-01T19:19:51.000Z,,,,,,,,,
"9/1/2025, 3:22:51 PM",3.66,97.2,100,32,2025-09-01T19:22:51.000Z,,,,,,,,,
"9/1/2025, 3:25:51 PM",3.661,97.2,100,32,2025-09-01T19:25:51.000Z,,,,,,,,,
"9/1/2025, 3:28:51 PM",3.661,97.3,100,33,2025-09-01T19:28:51.000Z,,,,,,,,,
"9/1/2025, 3:31:51 PM",3.661,97.3,100,30,2025-09-01T19:31:51.000Z,,,,,,,,,
"9/1/2025, 3:34:51 PM",3.66,97.5,100,31,2025-09-01T19:34:51.000Z,,,,,,,,,
"9/1/2025, 3:37:51 PM",3.661,97.7,100,31,2025-09-01T19:37:51.000Z,,,,,,,,,
"9/1/2025, 3:40:51 PM",3.661,97.7,100,31,2025-09-01T19:40:51.000Z,,,,,,,,,
"9/1/2025, 3:43:51 PM",3.661,97.7,100,31,2025-09-01T19:43:51.000Z,,,,,,,,,
"9/1/2025, 3:46:51 PM",3.661,97.9,100,31,2025-09-01T19:46:51.000Z,,,,,,,,,
"9/1/2025, 3:49:51 PM",3.66,97.9,100,29,2025-09-01T19:49:51.000Z,,,,,,,,,
"9/1/2025, 3:52:51 PM",3.66,97.9,100,30,2025-09-01T19:52:51.000Z,,,,,,,,,
"9/1/2025, 3:55:51 PM",3.661,98.1,100,30,2025-09-01T19:55:51.000Z,,,,,,,,,
"9/1/2025, 3:58:51 PM",3.66,98.1,100,30,2025-09-01T19:58:51.000Z,,,,,,,,,
"9/1/2025, 4:01:51 PM",3.66,98.2,100,29,2025-09-01T20:01:51.000Z,,,,,,,,,
"9/1/2025, 4:04:51 PM",3.661,98.2,100,30,2025-09-01T20:04:51.000Z,,,,,,,,,
"9/1/2025, 4:07:51 PM",3.661,98.2,100,31,2025-09-01T20:07:51.000Z,,,,,,,,,
"9/1/2025, 4:10:51 PM",3.661,98.4,100,31,2025-09-01T20:10:51.000Z,,,,,,,,,
"9/1/2025, 4:13:51 PM",3.66,98.4,100,31,2025-09-01T20:13:51.000Z,,,,,,,,,
"9/1/2025, 4:16:51 PM",3.66,98.4,100,30,2025-09-01T20:16:51.000Z,,,,,,,,,
"9/1/2025, 4:19:51 PM",3.66,98.4,100,32,2025-09-01T20:19:51.000Z,,,,,,,,,
"9/1/2025, 4:22:51 PM",3.66,98.6,100,33,2025-09-01T20:22:51.000Z,,,,,,,,,
"9/1/2025, 4:25:51 PM",3.661,98.6,100,32,2025-09-01T20:25:51.000Z,,,,,,,,,
"9/1/2025, 4:28:51 PM",3.661,98.6,100,33,2025-09-01T20:28:51.000Z,,,,,,,,,
"9/1/2025, 4:31:51 PM",3.66,98.6,100,34,2025-09-01T20:31:51.000Z,,,,,,,,,
"9/1/2025, 4:34:51 PM",3.66,98.6,100,34,2025-09-01T20:34:51.000Z,,,,,,,,,
"9/1/2025, 4:37:51 PM",3.661,98.4,100,33,2025-09-01T20:37:51.000Z,,,,,,,,,
"9/1/2025, 4:40:51 PM",3.661,98.4,100,33,2025-09-01T20:40:51.000Z,,,,,,,,,
"9/1/2025, 4:43:51 PM",3.661,98.2,100,33,2025-09-01T20:43:51.000Z,,,,,,,,,
"9/1/2025, 4:46:51 PM",3.661,98.1,100,30,2025-09-01T20:46:51.000Z,,,,,,,,,
"9/1/2025, 4:49:51 PM",3.661,97.9,100,33,2025-09-01T20:49:51.000Z,,,,,,,,,
"9/1/2025, 4:52:51 PM",3.661,97.7,100,36,2025-09-01T20:52:51.000Z,,,,,,,,,
"9/1/2025, 4:55:51 PM",3.661,97.7,100,36,2025-09-01T20:55:51.000Z,,,,,,,,,
"9/1/2025, 4:58:51 PM",3.661,97.7,100,34,2025-09-01T20:58:51.000Z,,,,,,,,,
"9/1/2025, 5:01:51 PM",3.661,97.5,100,33,2025-09-01T21:01:51.000Z,,,,,,,,,
"9/1/2025, 5:04:51 PM",3.661,97.5,100,32,2025-09-01T21:04:51.000Z,,,,,,,,,
"9/1/2025, 5:07:51 PM",3.661,97.5,100,38,2025-09-01T21:07:51.000Z,,,,,,,,,
"9/1/2025, 5:10:51 PM",3.661,97.5,100,37,2025-09-01T21:10:51.000Z,,,,,,,,,
"9/1/2025, 5:13:51 PM",3.661,97.5,100,36,2025-09-01T21:13:51.000Z,,,,,,,,,
"9/1/2025, 5:16:51 PM",3.661,97.3,100,34,2025-09-01T21:16:51.000Z,,,,,,,,,
"9/1/2025, 5:19:51 PM",3.661,97.3,100,38,2025-09-01T21:19:51.000Z,,,,,,,,,
"9/1/2025, 5:22:51 PM",3.661,97.2,100,40,2025-09-01T21:22:51.000Z,,,,,,,,,
"9/1/2025, 5:25:51 PM",3.661,97.2,100,39,2025-09-01T21:25:51.000Z,,,,,,,,,
"9/1/2025, 5:28:51 PM",3.661,97,100,38,2025-09-01T21:28:51.000Z,,,,,,,,,
"9/1/2025, 5:31:51 PM",3.661,97,100,37,2025-09-01T21:31:51.000Z,,,,,,,,,
"9/1/2025, 5:34:51 PM",3.661,96.8,100,33,2025-09-01T21:34:51.000Z,,,,,,,,,
"9/1/2025, 5:37:51 PM",3.661,96.8,100,36,2025-09-01T21:37:51.000Z,,,,,,,,,
"9/1/2025, 5:40:51 PM",3.661,96.6,100,34,2025-09-01T21:40:51.000Z,,,,,,,,,
"9/1/2025, 5:43:51 PM",3.661,96.6,100,33,2025-09-01T21:43:51.000Z,,,,,,,,,
"9/1/2025, 5:46:51 PM",3.661,96.3,100,30,2025-09-01T21:46:51.000Z,,,,,,,,,
"9/1/2025, 5:49:51 PM",3.661,96.3,100,31,2025-09-01T21:49:51.000Z,,,,,,,,,
"9/1/2025, 5:52:51 PM",3.661,96.1,100,29,2025-09-01T21:52:51.000Z,,,,,,,,,
"9/1/2025, 5:55:51 PM",3.662,95.9,100,30,2025-09-01T21:55:51.000Z,,,,,,,,,
"9/1/2025, 5:58:51 PM",3.662,95.7,100,30,2025-09-01T21:58:51.000Z,,,,,,,,,
"9/1/2025, 6:01:51 PM",3.662,95.5,100,30,2025-09-01T22:01:51.000Z,,,,,,,,,
"9/1/2025, 6:04:51 PM",3.662,95.5,100,31,2025-09-01T22:04:51.000Z,,,,,,,,,
"9/1/2025, 6:07:51 PM",3.662,95.4,100,31,2025-09-01T22:07:51.000Z,,,,,,,,,
"9/1/2025, 6:10:51 PM",3.662,95.2,100,30,2025-09-01T22:10:51.000Z,,,,,,,,,
"9/1/2025, 6:13:51 PM",3.662,95.2,100,30,2025-09-01T22:13:51.000Z,,,,,,,,,
"9/1/2025, 6:16:51 PM",3.662,95.2,100,30,2025-09-01T22:16:51.000Z,,,,,,,,,
"9/1/2025, 6:19:51 PM",3.662,95,100,30,2025-09-01T22:19:51.000Z,,,,,,,,,
"9/1/2025, 6:22:51 PM",3.662,94.8,100,30,2025-09-01T22:22:51.000Z,,,,,,,,,
"9/1/2025, 6:25:51 PM",3.662,94.6,100,29,2025-09-01T22:25:51.000Z,,,,,,,,,
"9/1/2025, 6:28:51 PM",3.662,94.5,100,28,2025-09-01T22:28:51.000Z,,,,,,,,,
"9/1/2025, 6:31:51 PM",3.662,94.3,100,26,2025-09-01T22:31:51.000Z,,,,,,,,,
"9/1/2025, 6:34:51 PM",3.662,93.9,100,26,2025-09-01T22:34:51.000Z,,,,,,,,,
"9/1/2025, 6:37:51 PM",3.662,93.6,100,27,2025-09-01T22:37:51.000Z,,,,,,,,,
"9/1/2025, 6:40:51 PM",3.662,93.4,100,28,2025-09-01T22:40:51.000Z,,,,,,,,,
"9/1/2025, 6:43:51 PM",3.663,93,100,28,2025-09-01T22:43:51.000Z,,,,,,,,,
"9/1/2025, 6:46:51 PM",3.663,92.7,100,27,2025-09-01T22:46:51.000Z,,,,,,,,,
"9/1/2025, 6:49:51 PM",3.662,92.3,100,27,2025-09-01T22:49:51.000Z,,,,,,,,,
"9/1/2025, 6:52:51 PM",3.663,91.9,100,27,2025-09-01T22:52:51.000Z,,,,,,,,,
"9/1/2025, 6:55:51 PM",3.663,91.6,100,26,2025-09-01T22:55:51.000Z,,,,,,,,,
"9/1/2025, 6:58:51 PM",3.663,91.4,100,26,2025-09-01T22:58:51.000Z,,,,,,,,,
"9/1/2025, 7:01:51 PM",3.663,91,100,25,2025-09-01T23:01:51.000Z,,,,,,,,,
"9/1/2025, 7:04:51 PM",3.663,90.7,100,26,2025-09-01T23:04:51.000Z,,,,,,,,,
"9/1/2025, 7:07:51 PM",3.663,90.5,100,26,2025-09-01T23:07:51.000Z,,,,,,,,,
"9/1/2025, 7:10:51 PM",3.663,90.1,100,25,2025-09-01T23:10:51.000Z,,,,,,,,,
"9/1/2025, 7:13:51 PM",3.664,90,100,25,2025-09-01T23:13:51.000Z,,,,,,,,,
"9/1/2025, 7:16:51 PM",3.664,89.6,100,25,2025-09-01T23:16:51.000Z,,,,,,,,,
"9/1/2025, 7:19:51 PM",3.664,89.4,100,25,2025-09-01T23:19:51.000Z,,,,,,,,,
"9/1/2025, 7:22:51 PM",3.663,89.1,100,25,2025-09-01T23:22:51.000Z,,,,,,,,,
"9/1/2025, 7:25:51 PM",3.663,88.9,100,26,2025-09-01T23:25:51.000Z,,,,,,,,,
"9/1/2025, 7:28:51 PM",3.664,88.7,100,26,2025-09-01T23:28:51.000Z,,,,,,,,,
"9/1/2025, 7:31:51 PM",3.664,88.5,100,26,2025-09-01T23:31:51.000Z,,,,,,,,,
"9/1/2025, 7:34:51 PM",3.664,88.2,100,25,2025-09-01T23:34:51.000Z,,,,,,,,,
"9/1/2025, 7:37:51 PM",3.664,88,100,25,2025-09-01T23:37:51.000Z,,,,,,,,,
"9/1/2025, 7:40:51 PM",3.664,87.8,100,25,2025-09-01T23:40:51.000Z,,,,,,,,,
"9/1/2025, 7:43:51 PM",3.664,87.4,100,25,2025-09-01T23:43:51.000Z,,,,,,,,,
"9/1/2025, 7:46:51 PM",3.664,87.3,100,25,2025-09-01T23:46:51.000Z,,,,,,,,,
"9/1/2025, 7:49:51 PM",3.665,87.1,100,25,2025-09-01T23:49:51.000Z,,,,,,,,,
"9/1/2025, 7:52:51 PM",3.664,86.7,100,25,2025-09-01T23:52:51.000Z,,,,,,,,,
"9/1/2025, 7:55:51 PM",3.664,86.5,100,25,2025-09-01T23:55:51.000Z,,,,,,,,,
"9/1/2025, 7:58:51 PM",3.664,86.4,100,25,2025-09-01T23:58:51.000Z,,,,,,,,,
"9/1/2025, 8:01:51 PM",3.664,86.2,100,25,2025-09-02T00:01:51.000Z,,,,,,,,,
"9/1/2025, 8:04:51 PM",3.665,85.8,100,25,2025-09-02T00:04:51.000Z,,,,,,,,,
"9/1/2025, 8:07:51 PM",3.665,85.6,100,25,2025-09-02T00:07:51.000Z,,,,,,,,,
"9/1/2025, 8:10:51 PM",3.665,85.5,100,25,2025-09-02T00:10:51.000Z,,,,,,,,,
"9/1/2025, 8:13:51 PM",3.665,85.3,100,25,2025-09-02T00:13:51.000Z,,,,,,,,,
"9/1/2025, 8:16:51 PM",3.665,85.1,100,25,2025-09-02T00:16:51.000Z,,,,,,,,,
"9/1/2025, 8:19:51 PM",3.665,84.9,100,24,2025-09-02T00:19:51.000Z,,,,,,,,,
"9/1/2025, 8:22:51 PM",3.665,84.7,100,24,2025-09-02T00:22:51.000Z,,,,,,,,,
"9/1/2025, 8:25:51 PM",3.665,84.6,100,24,2025-09-02T00:25:51.000Z,,,,,,,,,
"9/1/2025, 8:28:51 PM",3.665,84.4,100,24,2025-09-02T00:28:51.000Z,,,,,,,,,
"9/1/2025, 8:31:51 PM",3.665,84,100,24,2025-09-02T00:31:51.000Z,,,,,,,,,
"9/1/2025, 8:34:51 PM",3.665,84,100,24,2025-09-02T00:34:51.000Z,,,,,,,,,
"9/1/2025, 8:37:51 PM",3.665,83.8,100,24,2025-09-02T00:37:51.000Z,,,,,,,,,
"9/1/2025, 8:40:51 PM",3.665,83.7,100,24,2025-09-02T00:40:51.000Z,,,,,,,,,
"9/1/2025, 8:43:51 PM",3.665,83.5,100,24,2025-09-02T00:43:51.000Z,,,,,,,,,
"9/1/2025, 8:46:51 PM",3.665,83.3,100,24,2025-09-02T00:46:51.000Z,,,,,,,,,
"9/1/2025, 8:49:51 PM",3.665,83.1,100,23,2025-09-02T00:49:51.000Z,,,,,,,,,
"9/1/2025, 8:52:51 PM",3.666,82.9,100,24,2025-09-02T00:52:51.000Z,,,,,,,,,
"9/1/2025, 8:55:51 PM",3.665,82.8,100,23,2025-09-02T00:55:51.000Z,,,,,,,,,
"9/1/2025, 8:58:51 PM",3.665,82.6,100,23,2025-09-02T00:58:51.000Z,,,,,,,,,
"9/1/2025, 9:01:51 PM",3.665,82.4,100,23,2025-09-02T01:01:51.000Z,,,,,,,,,
"9/1/2025, 9:04:51 PM",3.665,82.4,100,23,2025-09-02T01:04:51.000Z,,,,,,,,,
"9/1/2025, 9:07:51 PM",3.665,82.2,100,23,2025-09-02T01:07:51.000Z,,,,,,,,,
"9/1/2025, 9:10:51 PM",3.666,82,100,23,2025-09-02T01:10:51.000Z,,,,,,,,,
"9/1/2025, 9:13:51 PM",3.665,82,100,23,2025-09-02T01:13:51.000Z,,,,,,,,,
"9/1/2025, 9:16:51 PM",3.666,81.9,100,21,2025-09-02T01:16:51.000Z,,,,,,,,,
"9/1/2025, 9:19:51 PM",3.665,81.7,100,21,2025-09-02T01:19:51.000Z,,,,,,,,,
"9/1/2025, 9:22:51 PM",3.665,81.5,100,21,2025-09-02T01:22:51.000Z,,,,,,,,,
"9/1/2025, 9:25:51 PM",3.665,81.5,100,21,2025-09-02T01:25:51.000Z,,,,,,,,,
"9/1/2025, 9:28:51 PM",3.665,81.3,100,21,2025-09-02T01:28:51.000Z,,,,,,,,,
"9/1/2025, 9:31:51 PM",3.665,81.3,100,21,2025-09-02T01:31:51.000Z,,,,,,,,,
"9/1/2025, 9:34:51 PM",3.665,81.1,100,21,2025-09-02T01:34:51.000Z,,,,,,,,,
"9/1/2025, 9:37:51 PM",3.665,81.1,100,21,2025-09-02T01:37:51.000Z,,,,,,,,,
"9/1/2025, 9:40:51 PM",3.666,81,100,21,2025-09-02T01:40:51.000Z,,,,,,,,,
"9/1/2025, 9:43:51 PM",3.666,80.8,100,20,2025-09-02T01:43:51.000Z,,,,,,,,,
"9/1/2025, 9:46:51 PM",3.666,80.8,100,20,2025-09-02T01:46:51.000Z,,,,,,,,,
"9/1/2025, 9:49:51 PM",3.665,80.6,100,20,2025-09-02T01:49:51.000Z,,,,,,,,,
"9/1/2025, 9:52:51 PM",3.665,80.6,100,20,2025-09-02T01:52:51.000Z,,,,,,,,,
"9/1/2025, 9:55:51 PM",3.666,80.4,100,20,2025-09-02T01:55:51.000Z,,,,,,,,,
"9/1/2025, 9:58:51 PM",3.665,80.2,100,20,2025-09-02T01:58:51.000Z,,,,,,,,,
"9/1/2025, 10:01:51 PM",3.666,80.2,100,20,2025-09-02T02:01:51.000Z,,,,,,,,,
"9/1/2025, 10:04:51 PM",3.665,80.1,100,20,2025-09-02T02:04:51.000Z,,,,,,,,,
"9/1/2025, 10:07:51 PM",3.666,80.1,100,20,2025-09-02T02:07:51.000Z,,,,,,,,,
"9/1/2025, 10:10:51 PM",3.666,79.9,100,20,2025-09-02T02:10:51.000Z,,,,,,,,,
"9/1/2025, 10:13:51 PM",3.665,79.9,100,20,2025-09-02T02:13:51.000Z,,,,,,,,,
"9/1/2025, 10:16:51 PM",3.665,79.7,100,19,2025-09-02T02:16:51.000Z,,,,,,,,,
"9/1/2025, 10:19:51 PM",3.666,79.7,100,19,2025-09-02T02:19:51.000Z,,,,,,,,,
"9/1/2025, 10:22:51 PM",3.665,79.5,100,19,2025-09-02T02:22:51.000Z,,,,,,,,,
"9/1/2025, 10:25:51 PM",3.666,79.5,100,19,2025-09-02T02:25:51.000Z,,,,,,,,,
"9/1/2025, 10:28:51 PM",3.666,79.3,100,19,2025-09-02T02:28:51.000Z,,,,,,,,,
"9/1/2025, 10:31:51 PM",3.666,79.3,100,20,2025-09-02T02:31:51.000Z,,,,,,,,,
"9/1/2025, 10:34:51 PM",3.666,79.2,100,20,2025-09-02T02:34:51.000Z,,,,,,,,,
"9/1/2025, 10:37:51 PM",3.666,79.2,100,20,2025-09-02T02:37:51.000Z,,,,,,,,,
"9/1/2025, 10:40:51 PM",3.666,79,100,20,2025-09-02T02:40:51.000Z,,,,,,,,,
"9/1/2025, 10:43:51 PM",3.666,79,100,20,2025-09-02T02:43:51.000Z,,,,,,,,,
"9/1/2025, 10:46:51 PM",3.666,79,100,19,2025-09-02T02:46:51.000Z,,,,,,,,,
"9/1/2025, 10:49:51 PM",3.665,79,100,19,2025-09-02T02:49:51.000Z,,,,,,,,,
"9/1/2025, 10:52:51 PM",3.666,78.8,100,19,2025-09-02T02:52:51.000Z,,,,,,,,,
"9/1/2025, 10:55:51 PM",3.666,78.8,100,19,2025-09-02T02:55:51.000Z,,,,,,,,,
"9/1/2025, 10:58:51 PM",3.666,78.6,100,19,2025-09-02T02:58:51.000Z,,,,,,,,,
"9/1/2025, 11:01:51 PM",3.666,78.4,100,19,2025-09-02T03:01:51.000Z,,,,,,,,,
"9/1/2025, 11:04:51 PM",3.666,78.4,100,19,2025-09-02T03:04:51.000Z,,,,,,,,,
"9/1/2025, 11:07:51 PM",3.666,78.4,100,19,2025-09-02T03:07:51.000Z,,,,,,,,,
"9/1/2025, 11:10:51 PM",3.666,78.3,100,19,2025-09-02T03:10:51.000Z,,,,,,,,,
"9/1/2025, 11:13:51 PM",3.666,78.3,100,19,2025-09-02T03:13:51.000Z,,,,,,,,,
"9/1/2025, 11:16:51 PM",3.665,78.1,100,19,2025-09-02T03:16:51.000Z,,,,,,,,,
"9/1/2025, 11:19:51 PM",3.666,78.1,100,19,2025-09-02T03:19:51.000Z,,,,,,,,,
"9/1/2025, 11:22:51 PM",3.666,77.9,100,19,2025-09-02T03:22:51.000Z,,,,,,,,,
"9/1/2025, 11:25:51 PM",3.666,77.9,100,19,2025-09-02T03:25:51.000Z,,,,,,,,,
"9/1/2025, 11:28:51 PM",3.666,77.7,100,19,2025-09-02T03:28:51.000Z,,,,,,,,,
"9/1/2025, 11:31:51 PM",3.666,77.7,100,19,2025-09-02T03:31:51.000Z,,,,,,,,,
"9/1/2025, 11:34:51 PM",3.666,77.5,100,19,2025-09-02T03:34:51.000Z,,,,,,,,,
"9/1/2025, 11:37:51 PM",3.666,77.5,100,18,2025-09-02T03:37:51.000Z,,,,,,,,,
"9/1/2025, 11:40:51 PM",3.666,77.4,100,18,2025-09-02T03:40:51.000Z,,,,,,,,,
"9/1/2025, 11:43:51 PM",3.665,77.4,100,18,2025-09-02T03:43:51.000Z,,,,,,,,,
"9/1/2025, 11:46:51 PM",3.666,77.4,100,18,2025-09-02T03:46:51.000Z,,,,,,,,,
"9/1/2025, 11:49:51 PM",3.666,77.2,100,18,2025-09-02T03:49:51.000Z,,,,,,,,,
"9/1/2025, 11:52:51 PM",3.666,77.2,100,18,2025-09-02T03:52:51.000Z,,,,,,,,,
"9/1/2025, 11:55:51 PM",3.666,77,100,18,2025-09-02T03:55:51.000Z,,,,,,,,,
"9/1/2025, 11:58:51 PM",3.666,77,100,18,2025-09-02T03:58:51.000Z,,,,,,,,,
"9/2/2025, 12:01:51 AM",3.666,76.8,100,18,2025-09-02T04:01:51.000Z,,,,,,,,,
"9/2/2025, 12:04:51 AM",3.666,76.8,100,18,2025-09-02T04:04:51.000Z,,,,,,,,,
"9/2/2025, 12:07:51 AM",3.666,76.8,100,18,2025-09-02T04:07:51.000Z,,,,,,,,,
"9/2/2025, 12:10:51 AM",3.666,76.6,100,18,2025-09-02T04:10:51.000Z,,,,,,,,,
"9/2/2025, 12:13:51 AM",3.666,76.6,100,18,2025-09-02T04:13:51.000Z,,,,,,,,,
"9/2/2025, 12:16:51 AM",3.666,76.5,100,18,2025-09-02T04:16:51.000Z,,,,,,,,,
"9/2/2025, 12:19:51 AM",3.666,76.5,100,17,2025-09-02T04:19:51.000Z,,,,,,,,,
"9/2/2025, 12:22:51 AM",3.666,76.5,100,17,2025-09-02T04:22:51.000Z,,,,,,,,,
"9/2/2025, 12:25:51 AM",3.666,76.3,100,17,2025-09-02T04:25:51.000Z,,,,,,,,,
"9/2/2025, 12:28:51 AM",3.666,76.3,100,17,2025-09-02T04:28:51.000Z,,,,,,,,,
"9/2/2025, 12:31:51 AM",3.666,76.3,100,17,2025-09-02T04:31:51.000Z,,,,,,,,,
"9/2/2025, 12:34:51 AM",3.666,76.3,100,17,2025-09-02T04:34:51.000Z,,,,,,,,,
"9/2/2025, 12:37:51 AM",3.665,76.1,100,17,2025-09-02T04:37:51.000Z,,,,,,,,,
"9/2/2025, 12:40:51 AM",3.666,76.1,100,17,2025-09-02T04:40:51.000Z,,,,,,,,,
"9/2/2025, 12:43:51 AM",3.666,76.1,100,17,2025-09-02T04:43:51.000Z,,,,,,,,,
"9/2/2025, 12:46:51 AM",3.666,76.1,100,17,2025-09-02T04:46:51.000Z,,,,,,,,,
"9/2/2025, 12:49:51 AM",3.666,76.1,100,17,2025-09-02T04:49:51.000Z,,,,,,,,,
"9/2/2025, 12:52:51 AM",3.665,75.9,100,17,2025-09-02T04:52:51.000Z,,,,,,,,,
"9/2/2025, 12:55:51 AM",3.666,75.9,100,17,2025-09-02T04:55:51.000Z,,,,,,,,,
"9/2/2025, 12:58:51 AM",3.666,75.9,100,17,2025-09-02T04:58:51.000Z,,,,,,,,,
"9/2/2025, 1:01:51 AM",3.665,75.7,100,17,2025-09-02T05:01:51.000Z,,,,,,,,,
"9/2/2025, 1:04:51 AM",3.666,75.7,100,17,2025-09-02T05:04:51.000Z,,,,,,,,,
"9/2/2025, 1:07:51 AM",3.666,75.7,100,17,2025-09-02T05:07:51.000Z,,,,,,,,,
"9/2/2025, 1:10:51 AM",3.666,75.7,100,17,2025-09-02T05:10:51.000Z,,,,,,,,,
"9/2/2025, 1:13:51 AM",3.666,75.6,100,17,2025-09-02T05:13:51.000Z,,,,,,,,,
"9/2/2025, 1:16:51 AM",3.666,75.6,100,17,2025-09-02T05:16:51.000Z,,,,,,,,,
"9/2/2025, 1:19:51 AM",3.665,75.4,100,17,2025-09-02T05:19:51.000Z,,,,,,,,,
"9/2/2025, 1:22:51 AM",3.666,75.4,100,17,2025-09-02T05:22:51.000Z,,,,,,,,,
"9/2/2025, 1:25:51 AM",3.666,75.4,100,17,2025-09-02T05:25:51.000Z,,,,,,,,,
"9/2/2025, 1:28:51 AM",3.666,75.2,100,17,2025-09-02T05:28:51.000Z,,,,,,,,,
"9/2/2025, 1:31:51 AM",3.666,75.2,100,17,2025-09-02T05:31:51.000Z,,,,,,,,,
"9/2/2025, 1:34:51 AM",3.665,75.2,100,17,2025-09-02T05:34:51.000Z,,,,,,,,,
"9/2/2025, 1:37:51 AM",3.666,75,100,17,2025-09-02T05:37:51.000Z,,,,,,,,,
"9/2/2025, 1:40:51 AM",3.665,75,100,17,2025-09-02T05:40:51.000Z,,,,,,,,,
"9/2/2025, 1:43:51 AM",3.666,75,100,17,2025-09-02T05:43:51.000Z,,,,,,,,,
"9/2/2025, 1:46:51 AM",3.666,75,100,17,2025-09-02T05:46:51.000Z,,,,,,,,,
"9/2/2025, 1:49:51 AM",3.666,74.8,100,17,2025-09-02T05:49:51.000Z,,,,,,,,,
"9/2/2025, 1:52:51 AM",3.665,74.8,100,17,2025-09-02T05:52:51.000Z,,,,,,,,,
"9/2/2025, 1:55:51 AM",3.665,74.8,100,17,2025-09-02T05:55:51.000Z,,,,,,,,,
"9/2/2025, 1:58:51 AM",3.665,74.8,100,17,2025-09-02T05:58:51.000Z,,,,,,,,,
"9/2/2025, 2:01:51 AM",3.666,74.7,100,17,2025-09-02T06:01:51.000Z,,,,,,,,,
"9/2/2025, 2:04:51 AM",3.666,74.7,100,17,2025-09-02T06:04:51.000Z,,,,,,,,,
"9/2/2025, 2:07:51 AM",3.666,74.7,100,17,2025-09-02T06:07:51.000Z,,,,,,,,,
"9/2/2025, 2:10:51 AM",3.666,74.7,100,17,2025-09-02T06:10:51.000Z,,,,,,,,,
"9/2/2025, 2:13:51 AM",3.665,74.5,100,17,2025-09-02T06:13:51.000Z,,,,,,,,,
"9/2/2025, 2:16:51 AM",3.666,74.5,100,17,2025-09-02T06:16:51.000Z,,,,,,,,,
"9/2/2025, 2:19:51 AM",3.666,74.5,100,17,2025-09-02T06:19:51.000Z,,,,,,,,,
"9/2/2025, 2:22:51 AM",3.666,74.5,100,16,2025-09-02T06:22:51.000Z,,,,,,,,,
"9/2/2025, 2:25:51 AM",3.666,74.5,100,17,2025-09-02T06:25:51.000Z,,,,,,,,,
"9/2/2025, 2:28:51 AM",3.666,74.5,100,17,2025-09-02T06:28:51.000Z,,,,,,,,,
"9/2/2025, 2:31:51 AM",3.666,74.5,100,17,2025-09-02T06:31:51.000Z,,,,,,,,,
"9/2/2025, 2:34:51 AM",3.666,74.5,100,17,2025-09-02T06:34:51.000Z,,,,,,,,,
"9/2/2025, 2:37:51 AM",3.665,74.5,100,17,2025-09-02T06:37:51.000Z,,,,,,,,,
"9/2/2025, 2:40:51 AM",3.666,74.5,100,17,2025-09-02T06:40:51.000Z,,,,,,,,,
"9/2/2025, 2:43:51 AM",3.666,74.5,100,17,2025-09-02T06:43:51.000Z,,,,,,,,,
"9/2/2025, 2:46:51 AM",3.666,74.3,100,17,2025-09-02T06:46:51.000Z,,,,,,,,,
"9/2/2025, 2:49:51 AM",3.666,74.3,100,17,2025-09-02T06:49:51.000Z,,,,,,,,,
"9/2/2025, 2:52:51 AM",3.666,74.3,100,17,2025-09-02T06:52:51.000Z,,,,,,,,,
"9/2/2025, 2:55:51 AM",3.666,74.3,100,17,2025-09-02T06:55:51.000Z,,,,,,,,,
"9/2/2025, 2:58:51 AM",3.665,74.3,100,17,2025-09-02T06:58:51.000Z,,,,,,,,,
"9/2/2025, 3:01:51 AM",3.665,74.3,100,17,2025-09-02T07:01:51.000Z,,,,,,,,,
"9/2/2025, 3:04:51 AM",3.666,74.3,100,17,2025-09-02T07:04:51.000Z,,,,,,,,,
"9/2/2025, 3:07:51 AM",3.666,74.3,100,17,2025-09-02T07:07:51.000Z,,,,,,,,,
"9/2/2025, 3:10:51 AM",3.666,74.3,100,17,2025-09-02T07:10:51.000Z,,,,,,,,,
"9/2/2025, 3:13:51 AM",3.666,74.3,100,17,2025-09-02T07:13:51.000Z,,,,,,,,,
"9/2/2025, 3:16:51 AM",3.666,74.3,100,17,2025-09-02T07:16:51.000Z,,,,,,,,,
"9/2/2025, 3:19:51 AM",3.666,74.3,100,17,2025-09-02T07:19:51.000Z,,,,,,,,,
"9/2/2025, 3:22:51 AM",3.665,74.1,100,17,2025-09-02T07:22:51.000Z,,,,,,,,,
"9/2/2025, 3:25:51 AM",3.666,74.1,100,17,2025-09-02T07:25:51.000Z,,,,,,,,,
"9/2/2025, 3:28:51 AM",3.666,74.1,100,17,2025-09-02T07:28:51.000Z,,,,,,,,,
"9/2/2025, 3:31:51 AM",3.666,74.3,100,17,2025-09-02T07:31:51.000Z,,,,,,,,,
"9/2/2025, 3:34:51 AM",3.666,74.3,100,17,2025-09-02T07:34:51.000Z,,,,,,,,,
"9/2/2025, 3:37:51 AM",3.665,74.3,100,17,2025-09-02T07:37:51.000Z,,,,,,,,,
"9/2/2025, 3:40:51 AM",3.666,74.3,100,17,2025-09-02T07:40:51.000Z,,,,,,,,,
"9/2/2025, 3:43:51 AM",3.666,74.1,100,17,2025-09-02T07:43:51.000Z,,,,,,,,,
"9/2/2025, 3:46:51 AM",3.666,74.1,100,17,2025-09-02T07:46:51.000Z,,,,,,,,,
"9/2/2025, 3:49:51 AM",3.665,74.1,100,17,2025-09-02T07:49:51.000Z,,,,,,,,,
"9/2/2025, 3:52:51 AM",3.666,74.1,100,17,2025-09-02T07:52:51.000Z,,,,,,,,,
"9/2/2025, 3:55:51 AM",3.666,74.1,100,17,2025-09-02T07:55:51.000Z,,,,,,,,,
"9/2/2025, 3:58:51 AM",3.666,74.1,100,17,2025-09-02T07:58:51.000Z,,,,,,,,,
"9/2/2025, 4:01:51 AM",3.665,74.1,100,17,2025-09-02T08:01:51.000Z,,,,,,,,,
"9/2/2025, 4:04:51 AM",3.666,74.1,100,17,2025-09-02T08:04:51.000Z,,,,,,,,,
"9/2/2025, 4:07:51 AM",3.665,73.9,100,16,2025-09-02T08:07:51.000Z,,,,,,,,,
"9/2/2025, 4:10:51 AM",3.665,73.9,100,16,2025-09-02T08:10:51.000Z,,,,,,,,,
"9/2/2025, 4:13:51 AM",3.665,73.9,100,16,2025-09-02T08:13:51.000Z,,,,,,,,,
"9/2/2025, 4:16:51 AM",3.666,73.9,100,16,2025-09-02T08:16:51.000Z,,,,,,,,,
"9/2/2025, 4:19:51 AM",3.665,73.9,100,16,2025-09-02T08:19:51.000Z,,,,,,,,,
"9/2/2025, 4:22:51 AM",3.666,73.9,100,16,2025-09-02T08:22:51.000Z,,,,,,,,,
"9/2/2025, 4:25:51 AM",3.665,73.9,100,16,2025-09-02T08:25:51.000Z,,,,,,,,,
"9/2/2025, 4:28:51 AM",3.665,73.9,100,16,2025-09-02T08:28:51.000Z,,,,,,,,,
"9/2/2025, 4:31:51 AM",3.665,73.9,100,16,2025-09-02T08:31:51.000Z,,,,,,,,,
"9/2/2025, 4:34:51 AM",3.666,73.9,100,16,2025-09-02T08:34:51.000Z,,,,,,,,,
"9/2/2025, 4:37:51 AM",3.665,73.9,100,16,2025-09-02T08:37:51.000Z,,,,,,,,,
"9/2/2025, 4:40:51 AM",3.665,73.9,100,16,2025-09-02T08:40:51.000Z,,,,,,,,,
"9/2/2025, 4:43:51 AM",3.665,73.9,100,16,2025-09-02T08:43:51.000Z,,,,,,,,,
"9/2/2025, 4:46:51 AM",3.665,73.9,100,16,2025-09-02T08:46:51.000Z,,,,,,,,,
"9/2/2025, 4:49:51 AM",3.665,73.9,100,16,2025-09-02T08:49:51.000Z,,,,,,,,,
"9/2/2025, 4:52:51 AM",3.665,73.9,100,16,2025-09-02T08:52:51.000Z,,,,,,,,,
"9/2/2025, 4:55:51 AM",3.666,73.9,100,16,2025-09-02T08:55:51.000Z,,,,,,,,,
"9/2/2025, 4:58:51 AM",3.665,73.9,100,15,2025-09-02T08:58:51.000Z,,,,,,,,,
"9/2/2025, 5:01:51 AM",3.665,73.9,100,15,2025-09-02T09:01:51.000Z,,,,,,,,,
"9/2/2025, 5:04:51 AM",3.665,73.9,100,15,2025-09-02T09:04:51.000Z,,,,,,,,,
"9/2/2025, 5:07:51 AM",3.665,73.9,100,15,2025-09-02T09:07:51.000Z,,,,,,,,,
"9/2/2025, 5:10:51 AM",3.665,73.9,100,15,2025-09-02T09:10:51.000Z,,,,,,,,,
"9/2/2025, 5:13:51 AM",3.665,73.9,100,15,2025-09-02T09:13:51.000Z,,,,,,,,,
"9/2/2025, 5:16:51 AM",3.665,73.9,100,15,2025-09-02T09:16:51.000Z,,,,,,,,,
"9/2/2025, 5:19:51 AM",3.665,73.9,100,15,2025-09-02T09:19:51.000Z,,,,,,,,,
"9/2/2025, 5:22:51 AM",3.665,73.9,100,15,2025-09-02T09:22:51.000Z,,,,,,,,,
"9/2/2025, 5:25:51 AM",3.665,73.9,100,15,2025-09-02T09:25:51.000Z,,,,,,,,,
"9/2/2025, 5:28:51 AM",3.665,73.9,100,15,2025-09-02T09:28:51.000Z,,,,,,,,,
"9/2/2025, 5:31:51 AM",3.665,73.9,100,15,2025-09-02T09:31:51.000Z,,,,,,,,,
"9/2/2025, 5:34:51 AM",3.665,73.9,100,15,2025-09-02T09:34:51.000Z,,,,,,,,,
"9/2/2025, 5:37:51 AM",3.665,73.9,100,15,2025-09-02T09:37:51.000Z,,,,,,,,,
"9/2/2025, 5:40:51 AM",3.665,73.9,100,15,2025-09-02T09:40:51.000Z,,,,,,,,,
"9/2/2025, 5:43:51 AM",3.665,73.9,100,15,2025-09-02T09:43:51.000Z,,,,,,,,,
"9/2/2025, 5:46:51 AM",3.665,73.9,100,15,2025-09-02T09:46:51.000Z,,,,,,,,,
"9/2/2025, 5:49:51 AM",3.665,73.9,100,15,2025-09-02T09:49:51.000Z,,,,,,,,,
"9/2/2025, 5:52:51 AM",3.665,73.9,100,15,2025-09-02T09:52:51.000Z,,,,,,,,,
"9/2/2025, 5:55:51 AM",3.665,73.9,100,14,2025-09-02T09:55:51.000Z,,,,,,,,,
"9/2/2025, 5:58:51 AM",3.665,73.9,100,14,2025-09-02T09:58:51.000Z,,,,,,,,,
"9/2/2025, 6:01:51 AM",3.665,73.9,100,14,2025-09-02T10:01:51.000Z,,,,,,,,,
"9/2/2025, 6:04:51 AM",3.665,73.9,100,14,2025-09-02T10:04:51.000Z,,,,,,,,,
"9/2/2025, 6:07:51 AM",3.665,73.9,100,14,2025-09-02T10:07:51.000Z,,,,,,,,,
"9/2/2025, 6:10:51 AM",3.665,73.9,100,14,2025-09-02T10:10:51.000Z,,,,,,,,,
"9/2/2025, 6:13:51 AM",3.665,73.9,100,14,2025-09-02T10:13:51.000Z,,,,,,,,,
"9/2/2025, 6:16:51 AM",3.665,73.9,100,14,2025-09-02T10:16:51.000Z,,,,,,,,,
"9/2/2025, 6:19:51 AM",3.665,73.9,100,14,2025-09-02T10:19:51.000Z,,,,,,,,,
"9/2/2025, 6:22:51 AM",3.665,73.8,100,14,2025-09-02T10:22:51.000Z,,,,,,,,,
"9/2/2025, 6:25:51 AM",3.665,73.8,100,14,2025-09-02T10:25:51.000Z,,,,,,,,,
"9/2/2025, 6:28:51 AM",3.665,73.8,100,14,2025-09-02T10:28:51.000Z,,,,,,,,,
"9/2/2025, 6:31:51 AM",3.665,73.8,100,14,2025-09-02T10:31:51.000Z,,,,,,,,,
"9/2/2025, 6:34:51 AM",3.665,73.8,100,14,2025-09-02T10:34:51.000Z,,,,,,,,,
"9/2/2025, 6:37:51 AM",3.665,73.8,100,14,2025-09-02T10:37:51.000Z,,,,,,,,,
"9/2/2025, 6:40:51 AM",3.665,73.8,100,14,2025-09-02T10:40:51.000Z,,,,,,,,,
"9/2/2025, 6:43:51 AM",3.666,73.8,100,14,2025-09-02T10:43:51.000Z,,,,,,,,,
"9/2/2025, 6:46:51 AM",3.666,73.8,100,14,2025-09-02T10:46:51.000Z,,,,,,,,,
"9/2/2025, 6:49:51 AM",3.665,73.8,100,14,2025-09-02T10:49:51.000Z,,,,,,,,,
"9/2/2025, 6:52:51 AM",3.665,73.8,100,14,2025-09-02T10:52:51.000Z,,,,,,,,,
"9/2/2025, 6:55:51 AM",3.665,73.8,100,13,2025-09-02T10:55:51.000Z,,,,,,,,,
"9/2/2025, 6:58:51 AM",3.665,73.8,100,13,2025-09-02T10:58:51.000Z,,,,,,,,,
"9/2/2025, 7:01:51 AM",3.665,73.8,100,13,2025-09-02T11:01:51.000Z,,,,,,,,,
"9/2/2025, 7:04:51 AM",3.665,73.8,100,13,2025-09-02T11:04:51.000Z,,,,,,,,,
"9/2/2025, 7:07:51 AM",3.665,73.8,100,13,2025-09-02T11:07:51.000Z,,,,,,,,,
"9/2/2025, 7:10:51 AM",3.665,73.8,100,13,2025-09-02T11:10:51.000Z,,,,,,,,,
"9/2/2025, 7:13:51 AM",3.665,73.8,100,13,2025-09-02T11:13:51.000Z,,,,,,,,,
"9/2/2025, 7:16:51 AM",3.665,73.8,100,13,2025-09-02T11:16:51.000Z,,,,,,,,,
"9/2/2025, 7:19:51 AM",3.665,73.8,100,13,2025-09-02T11:19:51.000Z,,,,,,,,,
"9/2/2025, 7:22:51 AM",3.665,73.8,100,13,2025-09-02T11:22:51.000Z,,,,,,,,,
"9/2/2025, 7:25:51 AM",3.665,73.8,100,13,2025-09-02T11:25:51.000Z,,,,,,,,,
"9/2/2025, 7:28:51 AM",3.665,73.8,100,13,2025-09-02T11:28:51.000Z,,,,,,,,,
"9/2/2025, 7:31:51 AM",3.665,73.8,100,13,2025-09-02T11:31:51.000Z,,,,,,,,,
"9/2/2025, 7:34:51 AM",3.665,73.8,100,13,2025-09-02T11:34:51.000Z,,,,,,,,,
"9/2/2025, 7:37:51 AM",3.665,73.8,100,13,2025-09-02T11:37:51.000Z,,,,,,,,,
"9/2/2025, 7:40:51 AM",3.665,73.8,100,13,2025-09-02T11:40:51.000Z,,,,,,,,,
"9/2/2025, 7:43:51 AM",3.665,73.8,100,13,2025-09-02T11:43:51.000Z,,,,,,,,,
"9/2/2025, 7:46:51 AM",3.665,73.9,100,13,2025-09-02T11:46:51.000Z,,,,,,,,,
"9/2/2025, 7:49:51 AM",3.665,73.9,100,13,2025-09-02T11:49:51.000Z,,,,,,,,,
"9/2/2025, 7:52:51 AM",3.665,73.9,100,13,2025-09-02T11:52:51.000Z,,,,,,,,,
"9/2/2025, 7:55:51 AM",3.665,73.9,100,13,2025-09-02T11:55:51.000Z,,,,,,,,,
"9/2/2025, 7:58:51 AM",3.665,74.1,100,14,2025-09-02T11:58:51.000Z,,,,,,,,,
"9/2/2025, 8:01:51 AM",3.665,74.1,100,14,2025-09-02T12:01:51.000Z,,,,,,,,,
"9/2/2025, 8:04:51 AM",3.665,74.3,100,14,2025-09-02T12:04:51.000Z,,,,,,,,,
"9/2/2025, 8:07:51 AM",3.665,74.3,100,14,2025-09-02T12:07:51.000Z,,,,,,,,,
"9/2/2025, 8:10:51 AM",3.665,74.5,100,14,2025-09-02T12:10:51.000Z,,,,,,,,,
"9/2/2025, 8:13:51 AM",3.665,74.5,100,14,2025-09-02T12:13:51.000Z,,,,,,,,,
"9/2/2025, 8:16:51 AM",3.665,74.7,100,14,2025-09-02T12:16:51.000Z,,,,,,,,,
"9/2/2025, 8:19:51 AM",3.665,74.7,100,15,2025-09-02T12:19:51.000Z,,,,,,,,,
"9/2/2025, 8:22:51 AM",3.665,74.8,100,15,2025-09-02T12:22:51.000Z,,,,,,,,,
"9/2/2025, 8:25:51 AM",3.665,75,100,15,2025-09-02T12:25:51.000Z,,,,,,,,,
"9/2/2025, 8:28:51 AM",3.665,75,100,15,2025-09-02T12:28:51.000Z,,,,,,,,,
"9/2/2025, 8:31:51 AM",3.665,75.2,100,15,2025-09-02T12:31:51.000Z,,,,,,,,,
"9/2/2025, 8:34:51 AM",3.665,75.2,100,15,2025-09-02T12:34:51.000Z,,,,,,,,,
"9/2/2025, 8:37:51 AM",3.665,75.4,100,15,2025-09-02T12:37:51.000Z,,,,,,,,,
"9/2/2025, 8:40:51 AM",3.665,75.6,100,16,2025-09-02T12:40:51.000Z,,,,,,,,,
"9/2/2025, 8:43:51 AM",3.665,75.7,100,16,2025-09-02T12:43:51.000Z,,,,,,,,,
"9/2/2025, 8:46:51 AM",3.665,75.7,100,16,2025-09-02T12:46:51.000Z,,,,,,,,,
"9/2/2025, 8:49:51 AM",3.665,75.9,100,16,2025-09-02T12:49:51.000Z,,,,,,,,,
"9/2/2025, 8:52:51 AM",3.665,76.1,100,16,2025-09-02T12:52:51.000Z,,,,,,,,,
"9/2/2025, 8:55:51 AM",3.665,76.3,100,16,2025-09-02T12:55:51.000Z,,,,,,,,,
"9/2/2025, 8:58:51 AM",3.664,76.5,100,17,2025-09-02T12:58:51.000Z,,,,,,,,,
"9/2/2025, 9:01:51 AM",3.665,76.6,100,17,2025-09-02T13:01:51.000Z,,,,,,,,,
"9/2/2025, 9:04:51 AM",3.664,76.8,100,17,2025-09-02T13:04:51.000Z,,,,,,,,,
"9/2/2025, 9:07:51 AM",3.664,77,100,17,2025-09-02T13:07:51.000Z,,,,,,,,,
"9/2/2025, 9:10:51 AM",3.664,77.2,100,17,2025-09-02T13:10:51.000Z,,,,,,,,,
"9/2/2025, 9:13:51 AM",3.664,77.4,100,18,2025-09-02T13:13:51.000Z,,,,,,,,,
"9/2/2025, 9:16:51 AM",3.665,77.7,100,18,2025-09-02T13:16:51.000Z,,,,,,,,,
"9/2/2025, 9:19:51 AM",3.664,77.9,100,18,2025-09-02T13:19:51.000Z,,,,,,,,,
"9/2/2025, 9:22:51 AM",3.664,78.1,100,19,2025-09-02T13:22:51.000Z,,,,,,,,,
"9/2/2025, 9:25:51 AM",3.664,78.4,100,19,2025-09-02T13:25:51.000Z,,,,,,,,,
"9/2/2025, 9:28:51 AM",3.665,78.6,100,19,2025-09-02T13:28:51.000Z,,,,,,,,,
"9/2/2025, 9:31:51 AM",3.664,79,100,19,2025-09-02T13:31:51.000Z,,,,,,,,,
"9/2/2025, 9:34:51 AM",3.665,79.2,100,20,2025-09-02T13:34:51.000Z,,,,,,,,,
"9/2/2025, 9:37:51 AM",3.664,79.3,100,20,2025-09-02T13:37:51.000Z,,,,,,,,,
"9/2/2025, 9:40:51 AM",3.664,79.7,100,21,2025-09-02T13:40:51.000Z,,,,,,,,,
"9/2/2025, 9:43:51 AM",3.664,79.9,100,21,2025-09-02T13:43:51.000Z,,,,,,,,,
"9/2/2025, 9:46:51 AM",3.664,80.2,100,21,2025-09-02T13:46:51.000Z,,,,,,,,,
"9/2/2025, 9:49:51 AM",3.664,80.4,100,22,2025-09-02T13:49:51.000Z,,,,,,,,,
"9/2/2025, 9:52:51 AM",3.664,80.8,100,22,2025-09-02T13:52:51.000Z,,,,,,,,,
"9/2/2025, 9:55:51 AM",3.664,81,100,22,2025-09-02T13:55:51.000Z,,,,,,,,,
"9/2/2025, 9:58:51 AM",3.664,81.3,100,24,2025-09-02T13:58:51.000Z,,,,,,,,,
"9/2/2025, 10:01:51 AM",3.664,81.7,100,24,2025-09-02T14:01:51.000Z,,,,,,,,,
"9/2/2025, 10:04:51 AM",3.664,81.9,100,25,2025-09-02T14:04:51.000Z,,,,,,,,,
"9/2/2025, 10:07:51 AM",3.664,82.2,100,25,2025-09-02T14:07:51.000Z,,,,,,,,,
"9/2/2025, 10:10:51 AM",3.664,82.6,100,25,2025-09-02T14:10:51.000Z,,,,,,,,,
"9/2/2025, 10:13:51 AM",3.664,82.9,100,26,2025-09-02T14:13:51.000Z,,,,,,,,,
"9/2/2025, 10:16:51 AM",3.664,83.3,100,26,2025-09-02T14:16:51.000Z,,,,,,,,,
"9/2/2025, 10:19:51 AM",3.664,83.5,100,27,2025-09-02T14:19:51.000Z,,,,,,,,,
"9/2/2025, 10:22:51 AM",3.663,84,100,27,2025-09-02T14:22:51.000Z,,,,,,,,,
"9/2/2025, 10:25:51 AM",3.664,84.2,100,28,2025-09-02T14:25:51.000Z,,,,,,,,,
"9/2/2025, 10:28:51 AM",3.663,84.6,100,28,2025-09-02T14:28:51.000Z,,,,,,,,,
"9/2/2025, 10:31:51 AM",3.664,84.7,100,28,2025-09-02T14:31:51.000Z,,,,,,,,,
"9/2/2025, 10:34:51 AM",3.663,85.1,100,29,2025-09-02T14:34:51.000Z,,,,,,,,,
"9/2/2025, 10:37:51 AM",3.663,85.3,100,29,2025-09-02T14:37:51.000Z,,,,,,,,,
"9/2/2025, 10:40:51 AM",3.663,85.6,100,30,2025-09-02T14:40:51.000Z,,,,,,,,,
"9/2/2025, 10:43:51 AM",3.664,85.8,100,30,2025-09-02T14:43:51.000Z,,,,,,,,,
"9/2/2025, 10:46:51 AM",3.663,86,100,31,2025-09-02T14:46:51.000Z,,,,,,,,,
"9/2/2025, 10:49:51 AM",3.664,86.4,100,32,2025-09-02T14:49:51.000Z,,,,,,,,,
"9/2/2025, 10:52:51 AM",3.663,86.5,100,33,2025-09-02T14:52:51.000Z,,,,,,,,,
"9/2/2025, 10:55:51 AM",3.663,86.9,100,33,2025-09-02T14:55:51.000Z,,,,,,,,,
"9/2/2025, 10:58:51 AM",3.663,87.1,100,34,2025-09-02T14:58:51.000Z,,,,,,,,,
"9/2/2025, 11:01:51 AM",3.663,87.3,100,34,2025-09-02T15:01:51.000Z,,,,,,,,,
"9/2/2025, 11:04:51 AM",3.663,87.4,100,35,2025-09-02T15:04:51.000Z,,,,,,,,,
"9/2/2025, 11:07:51 AM",3.663,87.6,100,36,2025-09-02T15:07:51.000Z,,,,,,,,,
"9/2/2025, 11:10:51 AM",3.663,87.8,100,36,2025-09-02T15:10:51.000Z,,,,,,,,,
"9/2/2025, 11:13:51 AM",3.663,88,100,35,2025-09-02T15:13:51.000Z,,,,,,,,,
"9/2/2025, 11:16:51 AM",3.663,88.2,100,35,2025-09-02T15:16:51.000Z,,,,,,,,,
"9/2/2025, 11:19:51 AM",3.663,88.3,100,35,2025-09-02T15:19:51.000Z,,,,,,,,,
"9/2/2025, 11:22:51 AM",3.663,88.5,100,35,2025-09-02T15:22:51.000Z,,,,,,,,,
"9/2/2025, 11:25:51 AM",3.663,88.5,100,35,2025-09-02T15:25:51.000Z,,,,,,,,,
"9/2/2025, 11:28:51 AM",3.663,88.7,100,34,2025-09-02T15:28:51.000Z,,,,,,,,,
"9/2/2025, 11:31:51 AM",3.663,88.7,100,34,2025-09-02T15:31:51.000Z,,,,,,,,,
"9/2/2025, 11:34:51 AM",3.663,88.7,100,33,2025-09-02T15:34:51.000Z,,,,,,,,,
"9/2/2025, 11:37:51 AM",3.663,88.7,100,33,2025-09-02T15:37:51.000Z,,,,,,,,,
"9/2/2025, 11:40:51 AM",3.663,88.9,100,33,2025-09-02T15:40:51.000Z,,,,,,,,,
"9/2/2025, 11:43:51 AM",3.663,88.9,100,34,2025-09-02T15:43:51.000Z,,,,,,,,,
"9/2/2025, 11:46:51 AM",3.663,88.9,100,35,2025-09-02T15:46:51.000Z,,,,,,,,,
"9/2/2025, 11:49:51 AM",3.663,89.1,100,35,2025-09-02T15:49:51.000Z,,,,,,,,,
"9/2/2025, 11:52:51 AM",3.663,89.1,100,34,2025-09-02T15:52:51.000Z,,,,,,,,,
"9/2/2025, 11:55:51 AM",3.663,89.2,100,34,2025-09-02T15:55:51.000Z,,,,,,,,,
"9/2/2025, 11:58:51 AM",3.663,89.4,100,34,2025-09-02T15:58:51.000Z,,,,,,,,,
"9/2/2025, 12:01:51 PM",3.663,89.6,100,34,2025-09-02T16:01:51.000Z,,,,,,,,,
"9/2/2025, 12:04:51 PM",3.663,89.8,100,35,2025-09-02T16:04:51.000Z,,,,,,,,,
"9/2/2025, 12:07:51 PM",3.663,89.8,100,35,2025-09-02T16:07:51.000Z,,,,,,,,,
"9/2/2025, 12:10:51 PM",3.663,90,100,34,2025-09-02T16:10:51.000Z,,,,,,,,,
"9/2/2025, 12:13:51 PM",3.663,90.1,100,33,2025-09-02T16:13:51.000Z,,,,,,,,,
"9/2/2025, 12:16:51 PM",3.663,90.3,100,34,2025-09-02T16:16:51.000Z,,,,,,,,,
"9/2/2025, 12:19:51 PM",3.663,90.3,100,34,2025-09-02T16:19:51.000Z,,,,,,,,,
"9/2/2025, 12:22:51 PM",3.663,90.5,100,33,2025-09-02T16:22:51.000Z,,,,,,,,,
"9/2/2025, 12:25:51 PM",3.663,90.5,100,32,2025-09-02T16:25:51.000Z,,,,,,,,,
"9/2/2025, 12:28:51 PM",3.662,90.5,100,32,2025-09-02T16:28:51.000Z,,,,,,,,,
"9/2/2025, 12:31:51 PM",3.663,90.5,100,32,2025-09-02T16:31:51.000Z,,,,,,,,,
"9/2/2025, 12:34:51 PM",3.663,90.5,100,31,2025-09-02T16:34:51.000Z,,,,,,,,,
"9/2/2025, 12:37:51 PM",3.662,90.7,100,31,2025-09-02T16:37:51.000Z,,,,,,,,,
"9/2/2025, 12:40:51 PM",3.663,90.7,100,30,2025-09-02T16:40:51.000Z,,,,,,,,,
"9/2/2025, 12:43:51 PM",3.663,90.7,100,30,2025-09-02T16:43:51.000Z,,,,,,,,,
"9/2/2025, 12:46:51 PM",3.662,90.9,100,31,2025-09-02T16:46:51.000Z,,,,,,,,,
"9/2/2025, 12:49:51 PM",3.662,91,100,31,2025-09-02T16:49:51.000Z,,,,,,,,,
"9/2/2025, 12:52:51 PM",3.662,91.2,100,31,2025-09-02T16:52:51.000Z,,,,,,,,,
"9/2/2025, 12:55:51 PM",3.663,91.4,100,31,2025-09-02T16:55:51.000Z,,,,,,,,,
"9/2/2025, 12:58:51 PM",3.663,91.6,100,31,2025-09-02T16:58:51.000Z,,,,,,,,,
"9/2/2025, 1:01:51 PM",3.663,91.8,100,31,2025-09-02T17:01:51.000Z,,,,,,,,,
"9/2/2025, 1:04:51 PM",3.663,91.9,100,31,2025-09-02T17:04:51.000Z,,,,,,,,,
"9/2/2025, 1:07:51 PM",3.662,92.1,100,30,2025-09-02T17:07:51.000Z,,,,,,,,,
"9/2/2025, 1:10:51 PM",3.663,92.3,100,31,2025-09-02T17:10:51.000Z,,,,,,,,,
"9/2/2025, 1:13:51 PM",3.662,92.5,100,32,2025-09-02T17:13:51.000Z,,,,,,,,,
"9/2/2025, 1:16:51 PM",3.662,92.7,100,32,2025-09-02T17:16:51.000Z,,,,,,,,,
"9/2/2025, 1:19:51 PM",3.662,92.8,100,32,2025-09-02T17:19:51.000Z,,,,,,,,,
"9/2/2025, 1:22:51 PM",3.662,93,100,31,2025-09-02T17:22:51.000Z,,,,,,,,,
"9/2/2025, 1:25:51 PM",3.662,93.4,100,32,2025-09-02T17:25:51.000Z,,,,,,,,,
"9/2/2025, 1:28:51 PM",3.662,93.6,100,33,2025-09-02T17:28:51.000Z,,,,,,,,,
"9/2/2025, 1:31:51 PM",3.662,93.9,100,33,2025-09-02T17:31:51.000Z,,,,,,,,,
"9/2/2025, 1:34:51 PM",3.662,93.9,100,32,2025-09-02T17:34:51.000Z,,,,,,,,,
"9/2/2025, 1:37:51 PM",3.662,94.3,100,32,2025-09-02T17:37:51.000Z,,,,,,,,,
"9/2/2025, 1:40:51 PM",3.662,94.6,100,33,2025-09-02T17:40:51.000Z,,,,,,,,,
"9/2/2025, 1:43:51 PM",3.662,94.8,100,34,2025-09-02T17:43:51.000Z,,,,,,,,,
"9/2/2025, 1:46:51 PM",3.662,95,100,32,2025-09-02T17:46:51.000Z,,,,,,,,,
"9/2/2025, 1:49:51 PM",3.662,95.4,100,33,2025-09-02T17:49:51.000Z,,,,,,,,,
"9/2/2025, 1:52:51 PM",3.661,95.5,100,33,2025-09-02T17:52:51.000Z,,,,,,,,,
"9/2/2025, 1:55:51 PM",3.661,95.7,100,33,2025-09-02T17:55:51.000Z,,,,,,,,,
"9/2/2025, 1:58:51 PM",3.662,95.9,100,34,2025-09-02T17:58:51.000Z,,,,,,,,,
"9/2/2025, 2:01:51 PM",3.662,96.1,100,35,2025-09-02T18:01:51.000Z,,,,,,,,,
"9/2/2025, 2:04:51 PM",3.662,96.3,100,35,2025-09-02T18:04:51.000Z,,,,,,,,,
"9/2/2025, 2:07:51 PM",3.662,96.6,100,35,2025-09-02T18:07:51.000Z,,,,,,,,,
"9/2/2025, 2:10:51 PM",3.661,96.8,100,33,2025-09-02T18:10:51.000Z,,,,,,,,,
"9/2/2025, 2:13:51 PM",3.661,97,100,33,2025-09-02T18:13:51.000Z,,,,,,,,,
"9/2/2025, 2:16:51 PM",3.662,97,100,32,2025-09-02T18:16:51.000Z,,,,,,,,,
"9/2/2025, 2:19:51 PM",3.662,97.2,100,33,2025-09-02T18:19:51.000Z,,,,,,,,,
"9/2/2025, 2:22:51 PM",3.661,97.3,100,33,2025-09-02T18:22:51.000Z,,,,,,,,,
"9/2/2025, 2:25:51 PM",3.662,97.3,100,33,2025-09-02T18:25:51.000Z,,,,,,,,,
"9/2/2025, 2:28:51 PM",3.661,97.5,100,34,2025-09-02T18:28:51.000Z,,,,,,,,,
"9/2/2025, 2:31:51 PM",3.661,97.7,100,34,2025-09-02T18:31:51.000Z,,,,,,,,,
"9/2/2025, 2:34:51 PM",3.661,97.9,100,34,2025-09-02T18:34:51.000Z,,,,,,,,,
"9/2/2025, 2:37:51 PM",3.661,98.1,100,34,2025-09-02T18:37:51.000Z,,,,,,,,,
"9/2/2025, 2:40:51 PM",3.661,98.1,100,33,2025-09-02T18:40:51.000Z,,,,,,,,,
"9/2/2025, 2:43:51 PM",3.661,98.2,100,34,2025-09-02T18:43:51.000Z,,,,,,,,,
"9/2/2025, 2:46:51 PM",3.661,98.4,100,34,2025-09-02T18:46:51.000Z,,,,,,,,,
"9/2/2025, 2:49:51 PM",3.661,98.6,100,33,2025-09-02T18:49:51.000Z,,,,,,,,,
"9/2/2025, 2:52:51 PM",3.661,98.8,100,33,2025-09-02T18:52:51.000Z,,,,,,,,,
"9/2/2025, 2:55:51 PM",3.661,98.8,100,35,2025-09-02T18:55:51.000Z,,,,,,,,,
"9/2/2025, 2:58:51 PM",3.661,99,100,35,2025-09-02T18:58:51.000Z,,,,,,,,,
"9/2/2025, 3:01:51 PM",3.661,99.1,100,35,2025-09-02T19:01:51.000Z,,,,,,,,,
"9/2/2025, 3:04:51 PM",3.661,99.1,100,35,2025-09-02T19:04:51.000Z,,,,,,,,,
"9/2/2025, 3:07:51 PM",3.661,99.3,100,35,2025-09-02T19:07:51.000Z,,,,,,,,,
"9/2/2025, 3:10:51 PM",3.661,99.5,100,35,2025-09-02T19:10:51.000Z,,,,,,,,,
"9/2/2025, 3:13:51 PM",3.661,99.5,100,36,2025-09-02T19:13:51.000Z,,,,,,,,,
"9/2/2025, 3:16:51 PM",3.661,99.7,100,36,2025-09-02T19:16:51.000Z,,,,,,,,,
"9/2/2025, 3:19:51 PM",3.661,99.9,100,36,2025-09-02T19:19:51.000Z,,,,,,,,,
"9/2/2025, 3:22:51 PM",3.661,99.9,100,36,2025-09-02T19:22:51.000Z,,,,,,,,,
"9/2/2025, 3:25:51 PM",3.661,100,100,35,2025-09-02T19:25:51.000Z,,,,,,,,,
"9/2/2025, 3:28:51 PM",3.661,100,100,35,2025-09-02T19:28:51.000Z,,,,,,,,,
"9/2/2025, 3:31:51 PM",3.661,100.2,100,33,2025-09-02T19:31:51.000Z,,,,,,,,,
"9/2/2025, 3:34:51 PM",3.661,100.2,100,33,2025-09-02T19:34:51.000Z,,,,,,,,,
"9/2/2025, 3:37:51 PM",3.661,100.2,100,32,2025-09-02T19:37:51.000Z,,,,,,,,,
"9/2/2025, 3:40:51 PM",3.661,100.4,100,32,2025-09-02T19:40:51.000Z,,,,,,,,,
"9/2/2025, 3:43:51 PM",3.661,100.4,100,33,2025-09-02T19:43:51.000Z,,,,,,,,,
"9/2/2025, 3:46:51 PM",3.661,100.6,100,32,2025-09-02T19:46:51.000Z,,,,,,,,,
"9/2/2025, 3:49:51 PM",3.661,100.6,100,31,2025-09-02T19:49:51.000Z,,,,,,,,,
"9/2/2025, 3:52:51 PM",3.661,100.6,100,33,2025-09-02T19:52:51.000Z,,,,,,,,,
"9/2/2025, 3:55:51 PM",3.661,100.8,100,33,2025-09-02T19:55:51.000Z,,,,,,,,,
"9/2/2025, 3:58:51 PM",3.661,100.8,100,33,2025-09-02T19:58:51.000Z,,,,,,,,,
"9/2/2025, 4:01:51 PM",3.661,100.8,100,35,2025-09-02T20:01:51.000Z,,,,,,,,,
"9/2/2025, 4:04:51 PM",3.661,100.8,100,36,2025-09-02T20:04:51.000Z,,,,,,,,,
"9/2/2025, 4:07:51 PM",3.661,100.9,100,36,2025-09-02T20:07:51.000Z,,,,,,,,,
"9/2/2025, 4:10:51 PM",3.661,100.9,100,36,2025-09-02T20:10:51.000Z,,,,,,,,,
"9/2/2025, 4:13:51 PM",3.661,100.9,100,37,2025-09-02T20:13:51.000Z,,,,,,,,,
"9/2/2025, 4:16:51 PM",3.661,101.1,100,35,2025-09-02T20:16:51.000Z,,,,,,,,,
"9/2/2025, 4:19:51 PM",3.661,101.1,100,34,2025-09-02T20:19:51.000Z,,,,,,,,,
"9/2/2025, 4:22:51 PM",3.661,101.1,100,34,2025-09-02T20:22:51.000Z,,,,,,,,,
"9/2/2025, 4:25:51 PM",3.661,101.1,100,35,2025-09-02T20:25:51.000Z,,,,,,,,,
"9/2/2025, 4:28:51 PM",3.661,101.1,100,37,2025-09-02T20:28:51.000Z,,,,,,,,,
"9/2/2025, 4:31:51 PM",3.661,101.1,100,37,2025-09-02T20:31:51.000Z,,,,,,,,,
"9/2/2025, 4:34:51 PM",3.661,101.1,100,38,2025-09-02T20:34:51.000Z,,,,,,,,,
"9/2/2025, 4:37:51 PM",3.661,101.1,100,38,2025-09-02T20:37:51.000Z,,,,,,,,,
"9/2/2025, 4:40:51 PM",3.661,101.1,100,38,2025-09-02T20:40:51.000Z,,,,,,,,,
"9/2/2025, 4:43:51 PM",3.661,101.1,100,37,2025-09-02T20:43:51.000Z,,,,,,,,,
"9/2/2025, 4:46:51 PM",3.661,101.1,100,35,2025-09-02T20:46:51.000Z,,,,,,,,,
"9/2/2025, 4:49:51 PM",3.661,101.1,100,36,2025-09-02T20:49:51.000Z,,,,,,,,,
"9/2/2025, 4:52:51 PM",3.662,100.9,100,36,2025-09-02T20:52:51.000Z,,,,,,,,,
"9/2/2025, 4:55:51 PM",3.661,100.9,100,37,2025-09-02T20:55:51.000Z,,,,,,,,,
"9/2/2025, 4:58:51 PM",3.661,100.9,100,37,2025-09-02T20:58:51.000Z,,,,,,,,,
"9/2/2025, 5:01:51 PM",3.661,100.8,100,37,2025-09-02T21:01:51.000Z,,,,,,,,,
"9/2/2025, 5:04:51 PM",3.662,100.8,100,35,2025-09-02T21:04:51.000Z,,,,,,,,,
"9/2/2025, 5:07:51 PM",3.662,100.8,100,36,2025-09-02T21:07:51.000Z,,,,,,,,,
"9/2/2025, 5:10:51 PM",3.662,100.6,100,35,2025-09-02T21:10:51.000Z,,,,,,,,,
"9/2/2025, 5:13:51 PM",3.662,100.6,100,35,2025-09-02T21:13:51.000Z,,,,,,,,,
"9/2/2025, 5:16:51 PM",3.662,100.4,100,36,2025-09-02T21:16:51.000Z,,,,,,,,,
"9/2/2025, 5:19:51 PM",3.662,100.4,100,37,2025-09-02T21:19:51.000Z,,,,,,,,,
"9/2/2025, 5:22:51 PM",3.662,100.2,100,37,2025-09-02T21:22:51.000Z,,,,,,,,,
"9/2/2025, 5:25:51 PM",3.662,100.2,100,37,2025-09-02T21:25:51.000Z,,,,,,,,,
"9/2/2025, 5:28:51 PM",3.662,100,100,38,2025-09-02T21:28:51.000Z,,,,,,,,,
"9/2/2025, 5:31:51 PM",3.662,100,100,36,2025-09-02T21:31:51.000Z,,,,,,,,,
"9/2/2025, 5:34:51 PM",3.662,99.9,100,35,2025-09-02T21:34:51.000Z,,,,,,,,,
"9/2/2025, 5:37:51 PM",3.662,99.9,100,35,2025-09-02T21:37:51.000Z,,,,,,,,,
"9/2/2025, 5:40:51 PM",3.662,99.7,100,36,2025-09-02T21:40:51.000Z,,,,,,,,,
"9/2/2025, 5:43:51 PM",3.662,99.5,100,37,2025-09-02T21:43:51.000Z,,,,,,,,,
"9/2/2025, 5:46:51 PM",3.662,99.5,100,38,2025-09-02T21:46:51.000Z,,,,,,,,,
"9/2/2025, 5:49:51 PM",3.662,99.3,100,37,2025-09-02T21:49:51.000Z,,,,,,,,,
"9/2/2025, 5:52:51 PM",3.662,99.1,100,37,2025-09-02T21:52:51.000Z,,,,,,,,,
"9/2/2025, 5:55:51 PM",3.662,99.1,100,37,2025-09-02T21:55:51.000Z,,,,,,,,,
"9/2/2025, 5:58:51 PM",3.662,99,100,38,2025-09-02T21:58:51.000Z,,,,,,,,,
"9/2/2025, 6:01:51 PM",3.662,98.8,100,37,2025-09-02T22:01:51.000Z,,,,,,,,,
"9/2/2025, 6:04:51 PM",3.662,98.8,100,35,2025-09-02T22:04:51.000Z,,,,,,,,,
"9/2/2025, 6:07:51 PM",3.663,98.6,100,36,2025-09-02T22:07:51.000Z,,,,,,,,,
"9/2/2025, 6:10:51 PM",3.662,98.4,100,36,2025-09-02T22:10:51.000Z,,,,,,,,,
"9/2/2025, 6:13:51 PM",3.663,98.2,100,36,2025-09-02T22:13:51.000Z,,,,,,,,,
"9/2/2025, 6:16:51 PM",3.663,98.1,100,36,2025-09-02T22:16:51.000Z,,,,,,,,,
"9/2/2025, 6:19:51 PM",3.662,97.9,100,34,2025-09-02T22:19:51.000Z,,,,,,,,,
"9/2/2025, 6:22:51 PM",3.663,97.9,100,34,2025-09-02T22:22:51.000Z,,,,,,,,,
"9/2/2025, 6:25:51 PM",3.663,97.5,100,34,2025-09-02T22:25:51.000Z,,,,,,,,,
"9/2/2025, 6:28:51 PM",3.663,97.3,100,34,2025-09-02T22:28:51.000Z,,,,,,,,,
"9/2/2025, 6:31:51 PM",3.663,97.3,100,33,2025-09-02T22:31:51.000Z,,,,,,,,,
"9/2/2025, 6:34:51 PM",3.663,97,100,32,2025-09-02T22:34:51.000Z,,,,,,,,,
"9/2/2025, 6:37:51 PM",3.663,96.8,100,32,2025-09-02T22:37:51.000Z,,,,,,,,,
"9/2/2025, 6:40:51 PM",3.663,96.6,100,32,2025-09-02T22:40:51.000Z,,,,,,,,,
"9/2/2025, 6:43:51 PM",3.663,96.4,100,31,2025-09-02T22:43:51.000Z,,,,,,,,,
"9/2/2025, 6:46:51 PM",3.663,96.3,100,31,2025-09-02T22:46:51.000Z,,,,,,,,,
"9/2/2025, 6:49:51 PM",3.663,95.9,100,31,2025-09-02T22:49:51.000Z,,,,,,,,,
"9/2/2025, 6:52:51 PM",3.663,95.7,100,31,2025-09-02T22:52:51.000Z,,,,,,,,,
"9/2/2025, 6:55:51 PM",3.664,95.5,100,30,2025-09-02T22:55:51.000Z,,,,,,,,,
"9/2/2025, 6:58:51 PM",3.664,95.2,100,30,2025-09-02T22:58:51.000Z,,,,,,,,,
"9/2/2025, 7:01:51 PM",3.663,95,100,30,2025-09-02T23:01:51.000Z,,,,,,,,,
"9/2/2025, 7:04:51 PM",3.664,94.8,100,29,2025-09-02T23:04:51.000Z,,,,,,,,,
"9/2/2025, 7:07:51 PM",3.664,94.5,100,29,2025-09-02T23:07:51.000Z,,,,,,,,,
"9/2/2025, 7:10:51 PM",3.664,94.3,100,29,2025-09-02T23:10:51.000Z,,,,,,,,,
"9/2/2025, 7:13:51 PM",3.664,93.9,100,29,2025-09-02T23:13:51.000Z,,,,,,,,,
"9/2/2025, 7:16:51 PM",3.664,93.7,100,28,2025-09-02T23:16:51.000Z,,,,,,,,,
"9/2/2025, 7:19:51 PM",3.664,93.6,100,28,2025-09-02T23:19:51.000Z,,,,,,,,,
"9/2/2025, 7:22:51 PM",3.665,93.2,100,28,2025-09-02T23:22:51.000Z,,,,,,,,,
"9/2/2025, 7:25:51 PM",3.664,93,100,28,2025-09-02T23:25:51.000Z,,,,,,,,,
"9/2/2025, 7:28:51 PM",3.664,92.7,100,27,2025-09-02T23:28:51.000Z,,,,,,,,,
"9/2/2025, 7:31:51 PM",3.665,92.5,100,26,2025-09-02T23:31:51.000Z,,,,,,,,,
"9/2/2025, 7:34:51 PM",3.665,92.1,100,26,2025-09-02T23:34:51.000Z,,,,,,,,,
"9/2/2025, 7:37:51 PM",3.665,91.8,100,26,2025-09-02T23:37:51.000Z,,,,,,,,,
"9/2/2025, 7:40:51 PM",3.665,91.6,100,26,2025-09-02T23:40:51.000Z,,,,,,,,,
"9/2/2025, 7:43:51 PM",3.665,91.2,100,26,2025-09-02T23:43:51.000Z,,,,,,,,,
"9/2/2025, 7:46:51 PM",3.665,90.9,100,26,2025-09-02T23:46:51.000Z,,,,,,,,,
"9/2/2025, 7:49:51 PM",3.665,90.5,100,25,2025-09-02T23:49:51.000Z,,,,,,,,,
"9/2/2025, 7:52:51 PM",3.665,90.3,100,25,2025-09-02T23:52:51.000Z,,,,,,,,,
"9/2/2025, 7:55:51 PM",3.665,90,100,24,2025-09-02T23:55:51.000Z,,,,,,,,,
"9/2/2025, 7:58:51 PM",3.665,89.6,100,24,2025-09-02T23:58:51.000Z,,,,,,,,,
"9/2/2025, 8:01:51 PM",3.665,89.2,100,24,2025-09-03T00:01:51.000Z,,,,,,,,,
"9/2/2025, 8:04:51 PM",3.665,88.9,100,24,2025-09-03T00:04:51.000Z,,,,,,,,,
"9/2/2025, 8:07:51 PM",3.665,88.7,100,24,2025-09-03T00:07:51.000Z,,,,,,,,,
"9/2/2025, 8:10:51 PM",3.665,88.3,100,24,2025-09-03T00:10:51.000Z,,,,,,,,,
"9/2/2025, 8:13:51 PM",3.665,88,100,23,2025-09-03T00:13:51.000Z,,,,,,,,,
"9/2/2025, 8:16:51 PM",3.665,87.6,100,23,2025-09-03T00:16:51.000Z,,,,,,,,,
"9/2/2025, 8:19:51 PM",3.665,87.3,100,23,2025-09-03T00:19:51.000Z,,,,,,,,,
"9/2/2025, 8:22:51 PM",3.666,86.9,100,23,2025-09-03T00:22:51.000Z,,,,,,,,,
"9/2/2025, 8:25:51 PM",3.666,86.5,100,22,2025-09-03T00:25:51.000Z,,,,,,,,,
"9/2/2025, 8:28:51 PM",3.666,86.2,100,22,2025-09-03T00:28:51.000Z,,,,,,,,,
"9/2/2025, 8:31:51 PM",3.666,86,100,22,2025-09-03T00:31:51.000Z,,,,,,,,,
"9/2/2025, 8:34:51 PM",3.666,85.6,100,22,2025-09-03T00:34:51.000Z,,,,,,,,,
"9/2/2025, 8:37:51 PM",3.666,85.3,100,22,2025-09-03T00:37:51.000Z,,,,,,,,,
"9/2/2025, 8:40:51 PM",3.666,85.1,100,21,2025-09-03T00:40:51.000Z,,,,,,,,,
"9/2/2025, 8:43:51 PM",3.666,84.7,100,21,2025-09-03T00:43:51.000Z,,,,,,,,,
"9/2/2025, 8:46:51 PM",3.666,84.6,100,21,2025-09-03T00:46:51.000Z,,,,,,,,,
"9/2/2025, 8:49:51 PM",3.667,84.2,100,21,2025-09-03T00:49:51.000Z,,,,,,,,,
"9/2/2025, 8:52:51 PM",3.666,84,100,20,2025-09-03T00:52:51.000Z,,,,,,,,,
"9/2/2025, 8:55:51 PM",3.666,83.7,100,19,2025-09-03T00:55:51.000Z,,,,,,,,,
"9/2/2025, 8:58:51 PM",3.667,83.3,100,19,2025-09-03T00:58:51.000Z,,,,,,,,,
"9/2/2025, 9:01:51 PM",3.667,83.1,100,19,2025-09-03T01:01:51.000Z,,,,,,,,,
"9/2/2025, 9:04:51 PM",3.667,82.9,100,18,2025-09-03T01:04:51.000Z,,,,,,,,,
"9/2/2025, 9:07:51 PM",3.667,82.8,100,18,2025-09-03T01:07:51.000Z,,,,,,,,,
"9/2/2025, 9:10:51 PM",3.667,82.4,100,18,2025-09-03T01:10:51.000Z,,,,,,,,,
"9/2/2025, 9:13:51 PM",3.667,82.2,100,18,2025-09-03T01:13:51.000Z,,,,,,,,,
"9/2/2025, 9:16:51 PM",3.667,82,100,18,2025-09-03T01:16:51.000Z,,,,,,,,,
"9/2/2025, 9:19:51 PM",3.667,81.9,100,18,2025-09-03T01:19:51.000Z,,,,,,,,,
"9/2/2025, 9:22:51 PM",3.667,81.7,100,18,2025-09-03T01:22:51.000Z,,,,,,,,,
"9/2/2025, 9:25:51 PM",3.667,81.5,100,18,2025-09-03T01:25:51.000Z,,,,,,,,,
"9/2/2025, 9:28:51 PM",3.668,81.3,100,18,2025-09-03T01:28:51.000Z,,,,,,,,,
"9/2/2025, 9:31:51 PM",3.667,81.1,100,18,2025-09-03T01:31:51.000Z,,,,,,,,,
"9/2/2025, 9:34:51 PM",3.667,81,100,18,2025-09-03T01:34:51.000Z,,,,,,,,,
"9/2/2025, 9:37:51 PM",3.667,81,100,18,2025-09-03T01:37:51.000Z,,,,,,,,,
"9/2/2025, 9:40:51 PM",3.667,80.8,100,18,2025-09-03T01:40:51.000Z,,,,,,,,,
"9/2/2025, 9:43:51 PM",3.667,80.6,100,17,2025-09-03T01:43:51.000Z,,,,,,,,,
"9/2/2025, 9:46:51 PM",3.667,80.4,100,17,2025-09-03T01:46:51.000Z,,,,,,,,,
"9/2/2025, 9:49:51 PM",3.667,80.2,100,17,2025-09-03T01:49:51.000Z,,,,,,,,,
"9/2/2025, 9:52:51 PM",3.667,80.1,100,17,2025-09-03T01:52:51.000Z,,,,,,,,,
"9/2/2025, 9:55:51 PM",3.668,80.1,100,17,2025-09-03T01:55:51.000Z,,,,,,,,,
"9/2/2025, 9:58:51 PM",3.667,79.9,100,17,2025-09-03T01:58:51.000Z,,,,,,,,,
"9/2/2025, 10:01:51 PM",3.667,79.7,100,17,2025-09-03T02:01:51.000Z,,,,,,,,,
"9/2/2025, 10:04:51 PM",3.667,79.5,100,17,2025-09-03T02:04:51.000Z,,,,,,,,,
"9/2/2025, 10:07:51 PM",3.667,79.5,100,17,2025-09-03T02:07:51.000Z,,,,,,,,,
"9/2/2025, 10:10:51 PM",3.668,79.3,100,17,2025-09-03T02:10:51.000Z,,,,,,,,,
"9/2/2025, 10:13:51 PM",3.668,79.2,100,17,2025-09-03T02:13:51.000Z,,,,,,,,,
"9/2/2025, 10:16:51 PM",3.667,79.2,100,17,2025-09-03T02:16:51.000Z,,,,,,,,,
"9/2/2025, 10:19:51 PM",3.667,79,100,17,2025-09-03T02:19:51.000Z,,,,,,,,,
"9/2/2025, 10:22:51 PM",3.667,79,100,17,2025-09-03T02:22:51.000Z,,,,,,,,,
"9/2/2025, 10:25:51 PM",3.667,79,100,17,2025-09-03T02:25:51.000Z,,,,,,,,,
"9/2/2025, 10:28:51 PM",3.668,78.8,100,17,2025-09-03T02:28:51.000Z,,,,,,,,,
"9/2/2025, 10:31:51 PM",3.667,78.8,100,17,2025-09-03T02:31:51.000Z,,,,,,,,,
"9/2/2025, 10:34:51 PM",3.667,78.6,100,17,2025-09-03T02:34:51.000Z,,,,,,,,,
"9/2/2025, 10:37:51 PM",3.668,78.6,100,17,2025-09-03T02:37:51.000Z,,,,,,,,,
"9/2/2025, 10:40:51 PM",3.667,78.4,100,17,2025-09-03T02:40:51.000Z,,,,,,,,,
"9/2/2025, 10:43:51 PM",3.668,78.4,100,17,2025-09-03T02:43:51.000Z,,,,,,,,,
"9/2/2025, 10:46:51 PM",3.668,78.3,100,17,2025-09-03T02:46:51.000Z,,,,,,,,,
"9/2/2025, 10:49:51 PM",3.667,78.3,100,17,2025-09-03T02:49:51.000Z,,,,,,,,,
"9/2/2025, 10:52:51 PM",3.667,78.1,100,17,2025-09-03T02:52:51.000Z,,,,,,,,,
"9/2/2025, 10:55:51 PM",3.668,78.1,100,18,2025-09-03T02:55:51.000Z,,,,,,,,,
"9/2/2025, 10:58:51 PM",3.667,78.1,100,18,2025-09-03T02:58:51.000Z,,,,,,,,,
"9/2/2025, 11:01:51 PM",3.667,77.9,100,18,2025-09-03T03:01:51.000Z,,,,,,,,,
"9/2/2025, 11:04:51 PM",3.667,77.9,100,18,2025-09-03T03:04:51.000Z,,,,,,,,,
"9/2/2025, 11:07:51 PM",3.667,77.7,100,18,2025-09-03T03:07:51.000Z,,,,,,,,,
"9/2/2025, 11:10:51 PM",3.667,77.7,100,18,2025-09-03T03:10:51.000Z,,,,,,,,,
"9/2/2025, 11:13:51 PM",3.668,77.7,100,18,2025-09-03T03:13:51.000Z,,,,,,,,,
"9/2/2025, 11:16:51 PM",3.667,77.5,100,18,2025-09-03T03:16:51.000Z,,,,,,,,,
"9/2/2025, 11:19:51 PM",3.667,77.5,100,17,2025-09-03T03:19:51.000Z,,,,,,,,,
"9/2/2025, 11:22:51 PM",3.667,77.4,100,17,2025-09-03T03:22:51.000Z,,,,,,,,,
"9/2/2025, 11:25:51 PM",3.667,77.4,100,17,2025-09-03T03:25:51.000Z,,,,,,,,,
"9/2/2025, 11:28:51 PM",3.667,77.4,100,17,2025-09-03T03:28:51.000Z,,,,,,,,,
"9/2/2025, 11:31:51 PM",3.667,77.2,100,17,2025-09-03T03:31:51.000Z,,,,,,,,,
"9/2/2025, 11:34:51 PM",3.667,77.2,100,17,2025-09-03T03:34:51.000Z,,,,,,,,,
"9/2/2025, 11:37:51 PM",3.668,77.2,100,17,2025-09-03T03:37:51.000Z,,,,,,,,,
"9/2/2025, 11:40:51 PM",3.667,77.2,100,17,2025-09-03T03:40:51.000Z,,,,,,,,,
"9/2/2025, 11:43:51 PM",3.668,77.2,100,18,2025-09-03T03:43:51.000Z,,,,,,,,,
"9/2/2025, 11:46:51 PM",3.667,77.4,100,18,2025-09-03T03:46:51.000Z,,,,,,,,,
"9/2/2025, 11:49:51 PM",3.667,77.4,100,18,2025-09-03T03:49:51.000Z,,,,,,,,,
"9/2/2025, 11:52:51 PM",3.667,77.4,100,18,2025-09-03T03:52:51.000Z,,,,,,,,,
"9/2/2025, 11:55:51 PM",3.667,77.4,100,17,2025-09-03T03:55:51.000Z,,,,,,,,,
"9/2/2025, 11:58:51 PM",3.668,77.4,100,17,2025-09-03T03:58:51.000Z,,,,,,,,,
"9/3/2025, 12:01:51 AM",3.668,77.4,100,17,2025-09-03T04:01:51.000Z,,,,,,,,,
"9/3/2025, 12:04:51 AM",3.667,77.5,100,17,2025-09-03T04:04:51.000Z,,,,,,,,,
"9/3/2025, 12:07:51 AM",3.667,77.5,100,17,2025-09-03T04:07:51.000Z,,,,,,,,,
"9/3/2025, 12:10:51 AM",3.667,77.5,100,18,2025-09-03T04:10:51.000Z,,,,,,,,,
"9/3/2025, 12:13:51 AM",3.668,77.5,100,18,2025-09-03T04:13:51.000Z,,,,,,,,,
"9/3/2025, 12:16:51 AM",3.667,77.5,100,18,2025-09-03T04:16:51.000Z,,,,,,,,,
"9/3/2025, 12:19:51 AM",3.667,77.5,100,18,2025-09-03T04:19:51.000Z,,,,,,,,,
"9/3/2025, 12:22:51 AM",3.667,77.5,100,18,2025-09-03T04:22:51.000Z,,,,,,,,,
"9/3/2025, 12:25:51 AM",3.667,77.5,100,18,2025-09-03T04:25:51.000Z,,,,,,,,,
"9/3/2025, 12:28:51 AM",3.667,77.5,100,18,2025-09-03T04:28:51.000Z,,,,,,,,,
"9/3/2025, 12:31:51 AM",3.667,77.5,100,19,2025-09-03T04:31:51.000Z,,,,,,,,,
"9/3/2025, 12:34:51 AM",3.667,77.5,100,19,2025-09-03T04:34:51.000Z,,,,,,,,,
"9/3/2025, 12:37:51 AM",3.667,77.5,100,19,2025-09-03T04:37:51.000Z,,,,,,,,,
"9/3/2025, 12:40:51 AM",3.668,77.5,100,19,2025-09-03T04:40:51.000Z,,,,,,,,,
"9/3/2025, 12:43:51 AM",3.667,77.5,100,19,2025-09-03T04:43:51.000Z,,,,,,,,,
"9/3/2025, 12:46:51 AM",3.667,77.5,100,19,2025-09-03T04:46:51.000Z,,,,,,,,,
"9/3/2025, 12:49:51 AM",3.667,77.5,100,19,2025-09-03T04:49:51.000Z,,,,,,,,,
"9/3/2025, 12:52:51 AM",3.667,77.4,100,19,2025-09-03T04:52:51.000Z,,,,,,,,,
"9/3/2025, 12:55:51 AM",3.667,77.4,100,19,2025-09-03T04:55:51.000Z,,,,,,,,,
"9/3/2025, 12:58:51 AM",3.667,77.4,100,19,2025-09-03T04:58:51.000Z,,,,,,,,,
"9/3/2025, 1:01:51 AM",3.667,77.4,100,19,2025-09-03T05:01:51.000Z,,,,,,,,,
"9/3/2025, 1:04:51 AM",3.667,77.4,100,19,2025-09-03T05:04:51.000Z,,,,,,,,,
"9/3/2025, 1:07:51 AM",3.667,77.2,100,19,2025-09-03T05:07:51.000Z,,,,,,,,,
"9/3/2025, 1:10:51 AM",3.667,77.2,100,19,2025-09-03T05:10:51.000Z,,,,,,,,,
"9/3/2025, 1:13:51 AM",3.668,77.2,100,19,2025-09-03T05:13:51.000Z,,,,,,,,,
"9/3/2025, 1:16:51 AM",3.667,77,100,19,2025-09-03T05:16:51.000Z,,,,,,,,,
"9/3/2025, 1:19:51 AM",3.667,77,100,19,2025-09-03T05:19:51.000Z,,,,,,,,,
"9/3/2025, 1:22:51 AM",3.667,77,100,19,2025-09-03T05:22:51.000Z,,,,,,,,,
"9/3/2025, 1:25:51 AM",3.667,76.8,100,19,2025-09-03T05:25:51.000Z,,,,,,,,,
"9/3/2025, 1:28:51 AM",3.667,76.8,100,19,2025-09-03T05:28:51.000Z,,,,,,,,,
"9/3/2025, 1:31:51 AM",3.667,76.8,100,19,2025-09-03T05:31:51.000Z,,,,,,,,,
"9/3/2025, 1:34:51 AM",3.667,76.6,100,19,2025-09-03T05:34:51.000Z,,,,,,,,,
"9/3/2025, 1:37:51 AM",3.667,76.6,100,19,2025-09-03T05:37:51.000Z,,,,,,,,,
"9/3/2025, 1:40:51 AM",3.667,76.5,100,19,2025-09-03T05:40:51.000Z,,,,,,,,,
"9/3/2025, 1:43:51 AM",3.667,76.5,100,19,2025-09-03T05:43:51.000Z,,,,,,,,,
"9/3/2025, 1:46:51 AM",3.667,76.5,100,19,2025-09-03T05:46:51.000Z,,,,,,,,,
"9/3/2025, 1:49:51 AM",3.667,76.3,100,19,2025-09-03T05:49:51.000Z,,,,,,,,,
"9/3/2025, 1:52:51 AM",3.667,76.3,100,19,2025-09-03T05:52:51.000Z,,,,,,,,,
"9/3/2025, 1:55:51 AM",3.667,76.1,100,18,2025-09-03T05:55:51.000Z,,,,,,,,,
"9/3/2025, 1:58:51 AM",3.667,76.1,100,18,2025-09-03T05:58:51.000Z,,,,,,,,,
"9/3/2025, 2:01:51 AM",3.667,75.9,100,18,2025-09-03T06:01:51.000Z,,,,,,,,,
"9/3/2025, 2:04:51 AM",3.667,75.9,100,18,2025-09-03T06:04:51.000Z,,,,,,,,,
"9/3/2025, 2:07:51 AM",3.667,75.7,100,18,2025-09-03T06:07:51.000Z,,,,,,,,,
"9/3/2025, 2:10:51 AM",3.667,75.7,100,17,2025-09-03T06:10:51.000Z,,,,,,,,,
"9/3/2025, 2:13:51 AM",3.667,75.6,100,17,2025-09-03T06:13:51.000Z,,,,,,,,,
"9/3/2025, 2:16:51 AM",3.667,75.6,100,17,2025-09-03T06:16:51.000Z,,,,,,,,,
"9/3/2025, 2:19:51 AM",3.667,75.4,100,17,2025-09-03T06:19:51.000Z,,,,,,,,,
"9/3/2025, 2:22:51 AM",3.667,75.4,100,17,2025-09-03T06:22:51.000Z,,,,,,,,,
"9/3/2025, 2:25:51 AM",3.667,75.2,100,17,2025-09-03T06:25:51.000Z,,,,,,,,,
"9/3/2025, 2:28:51 AM",3.667,75.2,100,16,2025-09-03T06:28:51.000Z,,,,,,,,,
"9/3/2025, 2:31:51 AM",3.667,75,100,16,2025-09-03T06:31:51.000Z,,,,,,,,,
"9/3/2025, 2:34:51 AM",3.667,75,100,16,2025-09-03T06:34:51.000Z,,,,,,,,,
"9/3/2025, 2:37:51 AM",3.667,75,100,16,2025-09-03T06:37:51.000Z,,,,,,,,,
"9/3/2025, 2:40:51 AM",3.668,75,100,16,2025-09-03T06:40:51.000Z,,,,,,,,,
"9/3/2025, 2:43:51 AM",3.667,74.8,100,16,2025-09-03T06:43:51.000Z,,,,,,,,,
"9/3/2025, 2:46:51 AM",3.667,74.8,100,16,2025-09-03T06:46:51.000Z,,,,,,,,,
"9/3/2025, 2:49:51 AM",3.667,74.8,100,16,2025-09-03T06:49:51.000Z,,,,,,,,,
"9/3/2025, 2:52:51 AM",3.667,74.7,100,16,2025-09-03T06:52:51.000Z,,,,,,,,,
"9/3/2025, 2:55:51 AM",3.667,74.7,100,15,2025-09-03T06:55:51.000Z,,,,,,,,,
"9/3/2025, 2:58:51 AM",3.668,74.7,100,15,2025-09-03T06:58:51.000Z,,,,,,,,,
"9/3/2025, 3:01:51 AM",3.667,74.7,100,15,2025-09-03T07:01:51.000Z,,,,,,,,,
"9/3/2025, 3:04:51 AM",3.667,74.5,100,15,2025-09-03T07:04:51.000Z,,,,,,,,,
"9/3/2025, 3:07:51 AM",3.667,74.5,100,15,2025-09-03T07:07:51.000Z,,,,,,,,,
"9/3/2025, 3:10:51 AM",3.667,74.5,100,15,2025-09-03T07:10:51.000Z,,,,,,,,,
"9/3/2025, 3:13:51 AM",3.667,74.5,100,15,2025-09-03T07:13:51.000Z,,,,,,,,,
"9/3/2025, 3:16:51 AM",3.667,74.5,100,15,2025-09-03T07:16:51.000Z,,,,,,,,,
"9/3/2025, 3:19:51 AM",3.668,74.3,100,15,2025-09-03T07:19:51.000Z,,,,,,,,,
"9/3/2025, 3:22:51 AM",3.667,74.3,100,15,2025-09-03T07:22:51.000Z,,,,,,,,,
"9/3/2025, 3:25:51 AM",3.667,74.3,100,15,2025-09-03T07:25:51.000Z,,,,,,,,,
"9/3/2025, 3:28:51 AM",3.667,74.3,100,15,2025-09-03T07:28:51.000Z,,,,,,,,,
"9/3/2025, 3:31:51 AM",3.667,74.3,100,15,2025-09-03T07:31:51.000Z,,,,,,,,,
"9/3/2025, 3:34:51 AM",3.667,74.3,100,15,2025-09-03T07:34:51.000Z,,,,,,,,,
"9/3/2025, 3:37:51 AM",3.667,74.3,100,15,2025-09-03T07:37:51.000Z,,,,,,,,,
"9/3/2025, 3:40:51 AM",3.667,74.3,100,15,2025-09-03T07:40:51.000Z,,,,,,,,,
"9/3/2025, 3:43:51 AM",3.667,74.3,100,15,2025-09-03T07:43:51.000Z,,,,,,,,,
"9/3/2025, 3:46:51 AM",3.667,74.3,100,15,2025-09-03T07:46:51.000Z,,,,,,,,,
"9/3/2025, 3:49:51 AM",3.667,74.3,100,15,2025-09-03T07:49:51.000Z,,,,,,,,,
"9/3/2025, 3:52:51 AM",3.667,74.3,100,15,2025-09-03T07:52:51.000Z,,,,,,,,,
"9/3/2025, 3:55:51 AM",3.667,74.3,100,15,2025-09-03T07:55:51.000Z,,,,,,,,,
"9/3/2025, 3:58:51 AM",3.667,74.3,100,15,2025-09-03T07:58:51.000Z,,,,,,,,,
"9/3/2025, 4:01:51 AM",3.668,74.3,100,15,2025-09-03T08:01:51.000Z,,,,,,,,,
"9/3/2025, 4:04:51 AM",3.667,74.3,100,15,2025-09-03T08:04:51.000Z,,,,,,,,,
"9/3/2025, 4:07:51 AM",3.667,74.3,100,15,2025-09-03T08:07:51.000Z,,,,,,,,,
"9/3/2025, 4:10:51 AM",3.667,74.3,100,15,2025-09-03T08:10:51.000Z,,,,,,,,,
"9/3/2025, 4:13:51 AM",3.667,74.3,100,15,2025-09-03T08:13:51.000Z,,,,,,,,,
"9/3/2025, 4:16:51 AM",3.667,74.5,100,15,2025-09-03T08:16:51.000Z,,,,,,,,,
"9/3/2025, 4:19:51 AM",3.667,74.5,100,15,2025-09-03T08:19:51.000Z,,,,,,,,,
"9/3/2025, 4:22:51 AM",3.667,74.5,100,14,2025-09-03T08:22:51.000Z,,,,,,,,,
"9/3/2025, 4:25:51 AM",3.667,74.7,100,14,2025-09-03T08:25:51.000Z,,,,,,,,,
"9/3/2025, 4:28:51 AM",3.667,74.7,100,14,2025-09-03T08:28:51.000Z,,,,,,,,,
"9/3/2025, 4:31:51 AM",3.667,74.7,100,14,2025-09-03T08:31:51.000Z,,,,,,,,,
"9/3/2025, 4:34:51 AM",3.667,74.7,100,14,2025-09-03T08:34:51.000Z,,,,,,,,,
"9/3/2025, 4:37:51 AM",3.667,74.8,100,14,2025-09-03T08:37:51.000Z,,,,,,,,,
"9/3/2025, 4:40:51 AM",3.667,74.8,100,14,2025-09-03T08:40:51.000Z,,,,,,,,,
"9/3/2025, 4:43:51 AM",3.667,74.8,100,14,2025-09-03T08:43:51.000Z,,,,,,,,,
"9/3/2025, 4:46:51 AM",3.667,74.8,100,14,2025-09-03T08:46:51.000Z,,,,,,,,,
"9/3/2025, 4:49:51 AM",3.667,74.8,100,14,2025-09-03T08:49:51.000Z,,,,,,,,,
"9/3/2025, 4:52:51 AM",3.666,74.8,100,14,2025-09-03T08:52:51.000Z,,,,,,,,,
"9/3/2025, 4:55:51 AM",3.666,75,100,14,2025-09-03T08:55:51.000Z,,,,,,,,,
"9/3/2025, 4:58:51 AM",3.667,75,100,14,2025-09-03T08:58:51.000Z,,,,,,,,,
"9/3/2025, 5:01:51 AM",3.667,75,100,14,2025-09-03T09:01:51.000Z,,,,,,,,,
"9/3/2025, 5:04:51 AM",3.667,75,100,14,2025-09-03T09:04:51.000Z,,,,,,,,,
"9/3/2025, 5:07:51 AM",3.667,75,100,14,2025-09-03T09:07:51.000Z,,,,,,,,,
"9/3/2025, 5:10:51 AM",3.667,75,100,14,2025-09-03T09:10:51.000Z,,,,,,,,,
"9/3/2025, 5:13:51 AM",3.667,75.2,100,14,2025-09-03T09:13:51.000Z,,,,,,,,,
"9/3/2025, 5:16:51 AM",3.667,75.2,100,14,2025-09-03T09:16:51.000Z,,,,,,,,,
"9/3/2025, 5:19:51 AM",3.667,75.2,100,14,2025-09-03T09:19:51.000Z,,,,,,,,,
"9/3/2025, 5:22:51 AM",3.667,75.2,100,14,2025-09-03T09:22:51.000Z,,,,,,,,,
"9/3/2025, 5:25:51 AM",3.667,75.2,100,14,2025-09-03T09:25:51.000Z,,,,,,,,,
"9/3/2025, 5:28:51 AM",3.667,75.2,100,14,2025-09-03T09:28:51.000Z,,,,,,,,,
"9/3/2025, 5:31:51 AM",3.667,75.4,100,14,2025-09-03T09:31:51.000Z,,,,,,,,,
"9/3/2025, 5:34:51 AM",3.667,75.4,100,14,2025-09-03T09:34:51.000Z,,,,,,,,,
"9/3/2025, 5:37:51 AM",3.667,75.4,100,14,2025-09-03T09:37:51.000Z,,,,,,,,,
"9/3/2025, 5:40:51 AM",3.667,75.4,100,14,2025-09-03T09:40:51.000Z,,,,,,,,,
"9/3/2025, 5:43:51 AM",3.667,75.4,100,14,2025-09-03T09:43:51.000Z,,,,,,,,,
"9/3/2025, 5:46:51 AM",3.667,75.4,100,14,2025-09-03T09:46:51.000Z,,,,,,,,,
"9/3/2025, 5:49:51 AM",3.667,75.4,100,14,2025-09-03T09:49:51.000Z,,,,,,,,,
"9/3/2025, 5:52:51 AM",3.667,75.4,100,14,2025-09-03T09:52:51.000Z,,,,,,,,,
"9/3/2025, 5:55:51 AM",3.667,75.4,100,14,2025-09-03T09:55:51.000Z,,,,,,,,,
"9/3/2025, 5:58:51 AM",3.667,75.4,100,14,2025-09-03T09:58:51.000Z,,,,,,,,,
"9/3/2025, 6:01:51 AM",3.667,75.4,100,14,2025-09-03T10:01:51.000Z,,,,,,,,,
"9/3/2025, 6:04:51 AM",3.667,75.4,100,14,2025-09-03T10:04:51.000Z,,,,,,,,,
"9/3/2025, 6:07:51 AM",3.666,75.4,100,14,2025-09-03T10:07:51.000Z,,,,,,,,,
"9/3/2025, 6:10:51 AM",3.667,75.4,100,14,2025-09-03T10:10:51.000Z,,,,,,,,,
"9/3/2025, 6:13:51 AM",3.667,75.4,100,14,2025-09-03T10:13:51.000Z,,,,,,,,,
"9/3/2025, 6:16:51 AM",3.667,75.4,100,14,2025-09-03T10:16:51.000Z,,,,,,,,,
"9/3/2025, 6:19:51 AM",3.667,75.6,100,14,2025-09-03T10:19:51.000Z,,,,,,,,,
"9/3/2025, 6:22:51 AM",3.667,75.6,100,14,2025-09-03T10:22:51.000Z,,,,,,,,,
"9/3/2025, 6:25:51 AM",3.667,75.6,100,14,2025-09-03T10:25:51.000Z,,,,,,,,,
"9/3/2025, 6:28:51 AM",3.667,75.6,100,14,2025-09-03T10:28:51.000Z,,,,,,,,,
"9/3/2025, 6:31:51 AM",3.666,75.6,100,14,2025-09-03T10:31:51.000Z,,,,,,,,,
"9/3/2025, 6:34:51 AM",3.667,75.6,100,14,2025-09-03T10:34:51.000Z,,,,,,,,,
"9/3/2025, 6:37:51 AM",3.667,75.6,100,14,2025-09-03T10:37:51.000Z,,,,,,,,,
"9/3/2025, 6:40:51 AM",3.667,75.6,100,14,2025-09-03T10:40:51.000Z,,,,,,,,,
"9/3/2025, 6:43:51 AM",3.667,75.6,100,14,2025-09-03T10:43:51.000Z,,,,,,,,,
"9/3/2025, 6:46:51 AM",3.667,75.6,100,14,2025-09-03T10:46:51.000Z,,,,,,,,,
"9/3/2025, 6:49:51 AM",3.667,75.6,100,14,2025-09-03T10:49:51.000Z,,,,,,,,,
"9/3/2025, 6:52:51 AM",3.667,75.6,100,14,2025-09-03T10:52:51.000Z,,,,,,,,,
"9/3/2025, 6:55:51 AM",3.667,75.4,100,14,2025-09-03T10:55:51.000Z,,,,,,,,,
"9/3/2025, 6:58:51 AM",3.667,75.6,100,14,2025-09-03T10:58:51.000Z,,,,,,,,,
"9/3/2025, 7:01:51 AM",3.666,75.4,100,14,2025-09-03T11:01:51.000Z,,,,,,,,,
"9/3/2025, 7:04:51 AM",3.667,75.4,100,14,2025-09-03T11:04:51.000Z,,,,,,,,,
"9/3/2025, 7:07:51 AM",3.667,75.6,100,14,2025-09-03T11:07:51.000Z,,,,,,,,,
"9/3/2025, 7:10:51 AM",3.666,75.6,100,14,2025-09-03T11:10:51.000Z,,,,,,,,,
"9/3/2025, 7:13:51 AM",3.667,75.6,100,14,2025-09-03T11:13:51.000Z,,,,,,,,,
"9/3/2025, 7:16:51 AM",3.666,75.6,100,14,2025-09-03T11:16:51.000Z,,,,,,,,,
"9/3/2025, 7:19:51 AM",3.666,75.6,100,14,2025-09-03T11:19:51.000Z,,,,,,,,,
"9/3/2025, 7:22:51 AM",3.666,75.6,100,14,2025-09-03T11:22:51.000Z,,,,,,,,,
"9/3/2025, 7:25:51 AM",3.666,75.6,100,14,2025-09-03T11:25:51.000Z,,,,,,,,,
"9/3/2025, 7:28:51 AM",3.666,75.7,100,14,2025-09-03T11:28:51.000Z,,,,,,,,,
"9/3/2025, 7:31:51 AM",3.667,75.7,100,14,2025-09-03T11:31:51.000Z,,,,,,,,,
"9/3/2025, 7:34:51 AM",3.666,75.7,100,14,2025-09-03T11:34:51.000Z,,,,,,,,,
"9/3/2025, 7:37:51 AM",3.667,75.9,100,14,2025-09-03T11:37:51.000Z,,,,,,,,,
"9/3/2025, 7:40:51 AM",3.667,75.9,100,14,2025-09-03T11:40:51.000Z,,,,,,,,,
"9/3/2025, 7:43:51 AM",3.666,76.1,100,14,2025-09-03T11:43:51.000Z,,,,,,,,,
"9/3/2025, 7:46:51 AM",3.667,76.1,100,14,2025-09-03T11:46:51.000Z,,,,,,,,,
"9/3/2025, 7:49:51 AM",3.666,76.3,100,15,2025-09-03T11:49:51.000Z,,,,,,,,,
"9/3/2025, 7:52:51 AM",3.667,76.3,100,15,2025-09-03T11:52:51.000Z,,,,,,,,,
"9/3/2025, 7:55:51 AM",3.667,76.5,100,15,2025-09-03T11:55:51.000Z,,,,,,,,,
"9/3/2025, 7:58:51 AM",3.666,76.6,100,15,2025-09-03T11:58:51.000Z,,,,,,,,,
"9/3/2025, 8:01:51 AM",3.667,76.6,100,15,2025-09-03T12:01:51.000Z,,,,,,,,,
"9/3/2025, 8:04:51 AM",3.667,76.8,100,15,2025-09-03T12:04:51.000Z,,,,,,,,,
"9/3/2025, 8:07:51 AM",3.666,76.8,100,15,2025-09-03T12:07:51.000Z,,,,,,,,,
"9/3/2025, 8:10:51 AM",3.666,77,100,16,2025-09-03T12:10:51.000Z,,,,,,,,,
"9/3/2025, 8:13:51 AM",3.666,77.2,100,16,2025-09-03T12:13:51.000Z,,,,,,,,,
"9/3/2025, 8:16:51 AM",3.666,77.4,100,16,2025-09-03T12:16:51.000Z,,,,,,,,,
"9/3/2025, 8:19:51 AM",3.666,77.4,100,16,2025-09-03T12:19:51.000Z,,,,,,,,,
"9/3/2025, 8:22:51 AM",3.666,77.5,100,16,2025-09-03T12:22:51.000Z,,,,,,,,,
"9/3/2025, 8:25:51 AM",3.666,77.5,100,16,2025-09-03T12:25:51.000Z,,,,,,,,,
"9/3/2025, 8:28:51 AM",3.666,77.7,100,16,2025-09-03T12:28:51.000Z,,,,,,,,,
"9/3/2025, 8:31:51 AM",3.666,77.9,100,16,2025-09-03T12:31:51.000Z,,,,,,,,,
"9/3/2025, 8:34:51 AM",3.666,78.1,100,17,2025-09-03T12:34:51.000Z,,,,,,,,,
"9/3/2025, 8:37:51 AM",3.666,78.1,100,17,2025-09-03T12:37:51.000Z,,,,,,,,,
"9/3/2025, 8:40:51 AM",3.666,78.3,100,17,2025-09-03T12:40:51.000Z,,,,,,,,,
"9/3/2025, 8:43:51 AM",3.666,78.4,100,17,2025-09-03T12:43:51.000Z,,,,,,,,,
"9/3/2025, 8:46:51 AM",3.666,78.4,100,17,2025-09-03T12:46:51.000Z,,,,,,,,,
"9/3/2025, 8:49:51 AM",3.666,78.6,100,18,2025-09-03T12:49:51.000Z,,,,,,,,,
"9/3/2025, 8:52:51 AM",3.666,78.8,100,18,2025-09-03T12:52:51.000Z,,,,,,,,,
"9/3/2025, 8:55:51 AM",3.666,79,100,18,2025-09-03T12:55:51.000Z,,,,,,,,,
"9/3/2025, 8:58:51 AM",3.666,79,100,18,2025-09-03T12:58:51.000Z,,,,,,,,,
"9/3/2025, 9:01:51 AM",3.666,79,100,18,2025-09-03T13:01:51.000Z,,,,,,,,,
"9/3/2025, 9:04:51 AM",3.666,79.2,100,19,2025-09-03T13:04:51.000Z,,,,,,,,,
"9/3/2025, 9:07:51 AM",3.666,79.3,100,19,2025-09-03T13:07:51.000Z,,,,,,,,,
"9/3/2025, 9:10:51 AM",3.666,79.5,100,19,2025-09-03T13:10:51.000Z,,,,,,,,,
"9/3/2025, 9:13:51 AM",3.666,79.5,100,19,2025-09-03T13:13:51.000Z,,,,,,,,,
"9/3/2025, 9:16:51 AM",3.666,79.7,100,20,2025-09-03T13:16:51.000Z,,,,,,,,,
"9/3/2025, 9:19:51 AM",3.666,79.9,100,20,2025-09-03T13:19:51.000Z,,,,,,,,,
"9/3/2025, 9:22:51 AM",3.665,80.1,100,20,2025-09-03T13:22:51.000Z,,,,,,,,,
"9/3/2025, 9:25:51 AM",3.666,80.1,100,21,2025-09-03T13:25:51.000Z,,,,,,,,,
"9/3/2025, 9:28:51 AM",3.666,80.2,100,21,2025-09-03T13:28:51.000Z,,,,,,,,,
"9/3/2025, 9:31:51 AM",3.666,80.4,100,21,2025-09-03T13:31:51.000Z,,,,,,,,,
"9/3/2025, 9:34:51 AM",3.666,80.6,100,22,2025-09-03T13:34:51.000Z,,,,,,,,,
"9/3/2025, 9:37:51 AM",3.666,80.6,100,22,2025-09-03T13:37:51.000Z,,,,,,,,,
"9/3/2025, 9:40:51 AM",3.666,80.8,100,23,2025-09-03T13:40:51.000Z,,,,,,,,,
"9/3/2025, 9:43:51 AM",3.665,81,100,23,2025-09-03T13:43:51.000Z,,,,,,,,,
"9/3/2025, 9:46:51 AM",3.666,81.1,100,25,2025-09-03T13:46:51.000Z,,,,,,,,,
"9/3/2025, 9:49:51 AM",3.665,81.3,100,25,2025-09-03T13:49:51.000Z,,,,,,,,,
"9/3/2025, 9:52:51 AM",3.666,81.5,100,26,2025-09-03T13:52:51.000Z,,,,,,,,,
"9/3/2025, 9:55:51 AM",3.666,81.7,100,26,2025-09-03T13:55:51.000Z,,,,,,,,,
"9/3/2025, 9:58:51 AM",3.665,81.7,100,26,2025-09-03T13:58:51.000Z,,,,,,,,,
"9/3/2025, 10:01:51 AM",3.665,81.9,100,27,2025-09-03T14:01:51.000Z,,,,,,,,,
"9/3/2025, 10:04:51 AM",3.665,82,100,27,2025-09-03T14:04:51.000Z,,,,,,,,,
"9/3/2025, 10:07:51 AM",3.665,82.2,100,27,2025-09-03T14:07:51.000Z,,,,,,,,,
"9/3/2025, 10:10:51 AM",3.666,82.4,100,28,2025-09-03T14:10:51.000Z,,,,,,,,,
"9/3/2025, 10:13:51 AM",3.665,82.6,100,29,2025-09-03T14:13:51.000Z,,,,,,,,,
"9/3/2025, 10:16:51 AM",3.666,82.9,100,29,2025-09-03T14:16:51.000Z,,,,,,,,,
"9/3/2025, 10:19:51 AM",3.665,83.1,100,30,2025-09-03T14:19:51.000Z,,,,,,,,,
"9/3/2025, 10:22:51 AM",3.665,83.5,100,30,2025-09-03T14:22:51.000Z,,,,,,,,,
"9/3/2025, 10:25:51 AM",3.665,83.7,100,31,2025-09-03T14:25:51.000Z,,,,,,,,,
"9/3/2025, 10:28:51 AM",3.665,84,100,32,2025-09-03T14:28:51.000Z,,,,,,,,,
"9/3/2025, 10:31:51 AM",3.665,84.4,100,32,2025-09-03T14:31:51.000Z,,,,,,,,,
"9/3/2025, 10:34:51 AM",3.665,84.6,100,33,2025-09-03T14:34:51.000Z,,,,,,,,,
"9/3/2025, 10:37:51 AM",3.665,84.9,100,33,2025-09-03T14:37:51.000Z,,,,,,,,,
"9/3/2025, 10:40:51 AM",3.665,85.1,100,33,2025-09-03T14:40:51.000Z,,,,,,,,,
"9/3/2025, 10:43:51 AM",3.665,85.5,100,34,2025-09-03T14:43:51.000Z,,,,,,,,,
"9/3/2025, 10:46:51 AM",3.665,85.8,100,34,2025-09-03T14:46:51.000Z,,,,,,,,,
"9/3/2025, 10:49:51 AM",3.665,86,100,35,2025-09-03T14:49:51.000Z,,,,,,,,,
"9/3/2025, 10:52:51 AM",3.665,86.4,100,35,2025-09-03T14:52:51.000Z,,,,,,,,,
"9/3/2025, 10:55:51 AM",3.664,86.5,100,35,2025-09-03T14:55:51.000Z,,,,,,,,,
"9/3/2025, 10:58:51 AM",3.664,86.7,100,35,2025-09-03T14:58:51.000Z,,,,,,,,,
"9/3/2025, 11:01:51 AM",3.665,86.9,100,36,2025-09-03T15:01:51.000Z,,,,,,,,,
"9/3/2025, 11:04:51 AM",3.665,87.3,100,36,2025-09-03T15:04:51.000Z,,,,,,,,,
"9/3/2025, 11:07:51 AM",3.664,87.4,100,35,2025-09-03T15:07:51.000Z,,,,,,,,,
"9/3/2025, 11:10:51 AM",3.665,87.6,100,34,2025-09-03T15:10:51.000Z,,,,,,,,,
"9/3/2025, 11:13:51 AM",3.664,87.8,100,34,2025-09-03T15:13:51.000Z,,,,,,,,,
"9/3/2025, 11:16:51 AM",3.664,88,100,34,2025-09-03T15:16:51.000Z,,,,,,,,,
"9/3/2025, 11:19:51 AM",3.664,88.2,100,34,2025-09-03T15:19:51.000Z,,,,,,,,,
"9/3/2025, 11:22:51 AM",3.665,88.3,100,35,2025-09-03T15:22:51.000Z,,,,,,,,,
"9/3/2025, 11:25:51 AM",3.665,88.5,100,36,2025-09-03T15:25:51.000Z,,,,,,,,,
"9/3/2025, 11:28:51 AM",3.664,88.7,100,36,2025-09-03T15:28:51.000Z,,,,,,,,,
"9/3/2025, 11:31:51 AM",3.664,88.9,100,36,2025-09-03T15:31:51.000Z,,,,,,,,,
"9/3/2025, 11:34:51 AM",3.664,88.9,100,36,2025-09-03T15:34:51.000Z,,,,,,,,,
"9/3/2025, 11:37:51 AM",3.664,89.1,100,36,2025-09-03T15:37:51.000Z,,,,,,,,,
"9/3/2025, 11:40:51 AM",3.664,89.2,100,35,2025-09-03T15:40:51.000Z,,,,,,,,,
"9/3/2025, 11:43:51 AM",3.664,89.2,100,35,2025-09-03T15:43:51.000Z,,,,,,,,,
"9/3/2025, 11:46:51 AM",3.664,89.4,100,35,2025-09-03T15:46:51.000Z,,,,,,,,,
"9/3/2025, 11:49:51 AM",3.664,89.4,100,35,2025-09-03T15:49:51.000Z,,,,,,,,,
"9/3/2025, 11:52:51 AM",3.664,89.6,100,35,2025-09-03T15:52:51.000Z,,,,,,,,,
"9/3/2025, 11:55:51 AM",3.664,89.6,100,34,2025-09-03T15:55:51.000Z,,,,,,,,,
"9/3/2025, 11:58:51 AM",3.664,89.6,100,34,2025-09-03T15:58:51.000Z,,,,,,,,,
"9/3/2025, 12:01:51 PM",3.664,89.6,100,33,2025-09-03T16:01:51.000Z,,,,,,,,,
"9/3/2025, 12:04:51 PM",3.664,89.8,100,34,2025-09-03T16:04:51.000Z,,,,,,,,,
"9/3/2025, 12:07:51 PM",3.664,89.8,100,34,2025-09-03T16:07:51.000Z,,,,,,,,,
"9/3/2025, 12:10:51 PM",3.665,90,100,33,2025-09-03T16:10:51.000Z,,,,,,,,,
"9/3/2025, 12:13:51 PM",3.664,90,100,33,2025-09-03T16:13:51.000Z,,,,,,,,,
"9/3/2025, 12:16:51 PM",3.664,90,100,33,2025-09-03T16:16:51.000Z,,,,,,,,,
"9/3/2025, 12:19:51 PM",3.664,90.1,100,33,2025-09-03T16:19:51.000Z,,,,,,,,,
"9/3/2025, 12:22:51 PM",3.664,90.1,100,33,2025-09-03T16:22:51.000Z,,,,,,,,,
"9/3/2025, 12:25:51 PM",3.664,90.3,100,33,2025-09-03T16:25:51.000Z,,,,,,,,,
"9/3/2025, 12:28:51 PM",3.664,90.3,100,33,2025-09-03T16:28:51.000Z,,,,,,,,,
"9/3/2025, 12:31:51 PM",3.664,90.3,100,32,2025-09-03T16:31:51.000Z,,,,,,,,,
"9/3/2025, 12:34:51 PM",3.664,90.5,100,32,2025-09-03T16:34:51.000Z,,,,,,,,,
"9/3/2025, 12:37:51 PM",3.664,90.5,100,32,2025-09-03T16:37:51.000Z,,,,,,,,,
"9/3/2025, 12:40:51 PM",3.664,90.5,100,32,2025-09-03T16:40:51.000Z,,,,,,,,,
"9/3/2025, 12:43:51 PM",3.664,90.7,100,33,2025-09-03T16:43:51.000Z,,,,,,,,,
"9/3/2025, 12:46:51 PM",3.664,90.7,100,33,2025-09-03T16:46:51.000Z,,,,,,,,,
"9/3/2025, 12:49:51 PM",3.664,90.9,100,33,2025-09-03T16:49:51.000Z,,,,,,,,,
"9/3/2025, 12:52:51 PM",3.664,91,100,32,2025-09-03T16:52:51.000Z,,,,,,,,,
"9/3/2025, 12:55:51 PM",3.664,91.2,100,32,2025-09-03T16:55:51.000Z,,,,,,,,,
"9/3/2025, 12:58:51 PM",3.664,91.2,100,32,2025-09-03T16:58:51.000Z,,,,,,,,,
"9/3/2025, 1:01:51 PM",3.664,91.4,100,31,2025-09-03T17:01:51.000Z,,,,,,,,,
"9/3/2025, 1:04:51 PM",3.664,91.4,100,30,2025-09-03T17:04:51.000Z,,,,,,,,,
"9/3/2025, 1:07:51 PM",3.664,91.4,100,30,2025-09-03T17:07:51.000Z,,,,,,,,,
"9/3/2025, 1:10:51 PM",3.664,91.4,100,29,2025-09-03T17:10:51.000Z,,,,,,,,,
"9/3/2025, 1:13:51 PM",3.664,91.6,100,29,2025-09-03T17:13:51.000Z,,,,,,,,,
"9/3/2025, 1:16:51 PM",3.664,91.6,100,28,2025-09-03T17:16:51.000Z,,,,,,,,,
"9/3/2025, 1:19:51 PM",3.664,91.6,100,27,2025-09-03T17:19:51.000Z,,,,,,,,,
"9/3/2025, 1:22:51 PM",3.664,91.8,100,27,2025-09-03T17:22:51.000Z,,,,,,,,,
"9/3/2025, 1:25:51 PM",3.664,91.8,100,28,2025-09-03T17:25:51.000Z,,,,,,,,,
"9/3/2025, 1:28:51 PM",3.663,91.9,100,27,2025-09-03T17:28:51.000Z,,,,,,,,,
"9/3/2025, 1:31:51 PM",3.664,92.1,100,26,2025-09-03T17:31:51.000Z,,,,,,,,,
"9/3/2025, 1:34:51 PM",3.663,92.3,100,26,2025-09-03T17:34:51.000Z,,,,,,,,,
"9/3/2025, 1:37:51 PM",3.663,92.5,100,25,2025-09-03T17:37:51.000Z,,,,,,,,,
"9/3/2025, 1:40:51 PM",3.664,92.8,100,25,2025-09-03T17:40:51.000Z,,,,,,,,,
"9/3/2025, 1:43:51 PM",3.663,93,100,24,2025-09-03T17:43:51.000Z,,,,,,,,,
"9/3/2025, 1:46:51 PM",3.664,93.2,100,24,2025-09-03T17:46:51.000Z,,,,,,,,,
"9/3/2025, 1:49:51 PM",3.664,93.4,100,23,2025-09-03T17:49:51.000Z,,,,,,,,,
"9/3/2025, 1:52:51 PM",3.663,93.6,100,24,2025-09-03T17:52:51.000Z,,,,,,,,,
"9/3/2025, 1:55:51 PM",3.664,93.7,100,26,2025-09-03T17:55:51.000Z,,,,,,,,,
"9/3/2025, 1:58:51 PM",3.664,93.9,100,24,2025-09-03T17:58:51.000Z,,,,,,,,,
"9/3/2025, 2:01:51 PM",3.664,93.9,100,22,2025-09-03T18:01:51.000Z,,,,,,,,,
"9/3/2025, 2:04:51 PM",3.663,94.1,100,23,2025-09-03T18:04:51.000Z,,,,,,,,,
"9/3/2025, 2:07:51 PM",3.663,94.3,100,23,2025-09-03T18:07:51.000Z,,,,,,,,,
"9/3/2025, 2:10:51 PM",3.663,94.5,100,24,2025-09-03T18:10:51.000Z,,,,,,,,,
"9/3/2025, 2:13:51 PM",3.663,94.6,100,24,2025-09-03T18:13:51.000Z,,,,,,,,,
"9/3/2025, 2:16:51 PM",3.663,94.8,100,26,2025-09-03T18:16:51.000Z,,,,,,,,,
"9/3/2025, 2:19:51 PM",3.663,95,100,26,2025-09-03T18:19:51.000Z,,,,,,,,,
"9/3/2025, 2:22:51 PM",3.663,95.2,100,25,2025-09-03T18:22:51.000Z,,,,,,,,,
"9/3/2025, 2:25:51 PM",3.663,95.4,100,24,2025-09-03T18:25:51.000Z,,,,,,,,,
"9/3/2025, 2:28:51 PM",3.663,95.5,100,23,2025-09-03T18:28:51.000Z,,,,,,,,,
"9/3/2025, 2:31:51 PM",3.663,95.7,100,23,2025-09-03T18:31:51.000Z,,,,,,,,,
"9/3/2025, 2:34:51 PM",3.663,95.7,100,23,2025-09-03T18:34:51.000Z,,,,,,,,,
"9/3/2025, 2:37:51 PM",3.663,95.9,100,23,2025-09-03T18:37:51.000Z,,,,,,,,,
"9/3/2025, 2:40:51 PM",3.663,96.1,100,23,2025-09-03T18:40:51.000Z,,,,,,,,,
"9/3/2025, 2:43:51 PM",3.663,96.3,100,22,2025-09-03T18:43:51.000Z,,,,,,,,,
"9/3/2025, 2:46:51 PM",3.662,96.3,100,20,2025-09-03T18:46:51.000Z,,,,,,,,,
"9/3/2025, 2:49:51 PM",3.663,96.4,100,23,2025-09-03T18:49:51.000Z,,,,,,,,,
"9/3/2025, 2:52:51 PM",3.663,96.4,100,23,2025-09-03T18:52:51.000Z,,,,,,,,,
"9/3/2025, 2:55:51 PM",3.663,96.3,100,24,2025-09-03T18:55:51.000Z,,,,,,,,,
"9/3/2025, 2:58:51 PM",3.663,96.3,100,23,2025-09-03T18:58:51.000Z,,,,,,,,,
"9/3/2025, 3:01:51 PM",3.663,96.4,100,24,2025-09-03T19:01:51.000Z,,,,,,,,,
"9/3/2025, 3:04:51 PM",3.663,96.4,100,24,2025-09-03T19:04:51.000Z,,,,,,,,,
"9/3/2025, 3:07:51 PM",3.663,96.6,100,26,2025-09-03T19:07:51.000Z,,,,,,,,,
"9/3/2025, 3:10:51 PM",3.663,96.6,100,27,2025-09-03T19:10:51.000Z,,,,,,,,,
"9/3/2025, 3:13:51 PM",3.663,96.6,100,27,2025-09-03T19:13:51.000Z,,,,,,,,,
"9/3/2025, 3:16:51 PM",3.663,96.4,100,26,2025-09-03T19:16:51.000Z,,,,,,,,,
"9/3/2025, 3:19:51 PM",3.663,96.3,100,25,2025-09-03T19:19:51.000Z,,,,,,,,,
"9/3/2025, 3:22:51 PM",3.663,96.1,100,24,2025-09-03T19:22:51.000Z,,,,,,,,,
"9/3/2025, 3:25:51 PM",3.663,96.1,100,24,2025-09-03T19:25:51.000Z,,,,,,,,,
"9/3/2025, 3:28:51 PM",3.663,95.9,100,25,2025-09-03T19:28:51.000Z,,,,,,,,,
"9/3/2025, 3:31:51 PM",3.663,95.9,100,24,2025-09-03T19:31:51.000Z,,,,,,,,,
"9/3/2025, 3:34:51 PM",3.663,95.7,100,24,2025-09-03T19:34:51.000Z,,,,,,,,,
"9/3/2025, 3:37:51 PM",3.663,95.7,100,23,2025-09-03T19:37:51.000Z,,,,,,,,,
"9/3/2025, 3:40:51 PM",3.663,95.7,100,24,2025-09-03T19:40:51.000Z,,,,,,,,,
"9/3/2025, 3:43:51 PM",3.663,95.7,100,23,2025-09-03T19:43:51.000Z,,,,,,,,,
"9/3/2025, 3:46:51 PM",3.663,95.9,100,22,2025-09-03T19:46:51.000Z,,,,,,,,,
"9/3/2025, 3:49:51 PM",3.663,95.9,100,24,2025-09-03T19:49:51.000Z,,,,,,,,,
"9/3/2025, 3:52:51 PM",3.663,96.1,100,21,2025-09-03T19:52:51.000Z,,,,,,,,,
"9/3/2025, 3:55:51 PM",3.663,96.3,100,22,2025-09-03T19:55:51.000Z,,,,,,,,,
"9/3/2025, 3:58:51 PM",3.663,96.3,100,22,2025-09-03T19:58:51.000Z,,,,,,,,,
"9/3/2025, 4:01:51 PM",3.663,96.3,100,22,2025-09-03T20:01:51.000Z,,,,,,,,,
"9/3/2025, 4:04:51 PM",3.663,96.4,100,23,2025-09-03T20:04:51.000Z,,,,,,,,,
"9/3/2025, 4:07:51 PM",3.663,96.6,100,23,2025-09-03T20:07:51.000Z,,,,,,,,,
"9/3/2025, 4:10:51 PM",3.663,96.6,100,24,2025-09-03T20:10:51.000Z,,,,,,,,,
"9/3/2025, 4:13:51 PM",3.663,96.8,100,23,2025-09-03T20:13:51.000Z,,,,,,,,,
"9/3/2025, 4:16:51 PM",3.663,96.8,100,23,2025-09-03T20:16:51.000Z,,,,,,,,,
"9/3/2025, 4:19:51 PM",3.663,96.8,100,22,2025-09-03T20:19:51.000Z,,,,,,,,,
"9/3/2025, 4:22:51 PM",3.663,96.8,100,23,2025-09-03T20:22:51.000Z,,,,,,,,,
"9/3/2025, 4:25:51 PM",3.663,96.6,100,24,2025-09-03T20:25:51.000Z,,,,,,,,,
"9/3/2025, 4:28:51 PM",3.663,96.4,100,24,2025-09-03T20:28:51.000Z,,,,,,,,,
"9/3/2025, 4:31:51 PM",3.663,96.3,100,24,2025-09-03T20:31:51.000Z,,,,,,,,,
"9/3/2025, 4:34:51 PM",3.663,96.3,100,24,2025-09-03T20:34:51.000Z,,,,,,,,,
"9/3/2025, 4:37:51 PM",3.663,96.1,100,25,2025-09-03T20:37:51.000Z,,,,,,,,,
"9/3/2025, 4:40:51 PM",3.663,96.3,100,24,2025-09-03T20:40:51.000Z,,,,,,,,,
"9/3/2025, 4:43:51 PM",3.663,96.3,100,26,2025-09-03T20:43:51.000Z,,,,,,,,,
"9/3/2025, 4:46:51 PM",3.663,96.1,100,25,2025-09-03T20:46:51.000Z,,,,,,,,,
"9/3/2025, 4:49:51 PM",3.663,96.1,100,25,2025-09-03T20:49:51.000Z,,,,,,,,,
"9/3/2025, 4:52:51 PM",3.663,95.9,100,25,2025-09-03T20:52:51.000Z,,,,,,,,,
"9/3/2025, 4:55:51 PM",3.663,96.1,100,25,2025-09-03T20:55:51.000Z,,,,,,,,,
"9/3/2025, 4:58:51 PM",3.663,96.1,100,23,2025-09-03T20:58:51.000Z,,,,,,,,,
"9/3/2025, 5:01:51 PM",3.663,96.1,100,24,2025-09-03T21:01:51.000Z,,,,,,,,,
"9/3/2025, 5:04:51 PM",3.663,96.1,100,25,2025-09-03T21:04:51.000Z,,,,,,,,,
"9/3/2025, 5:07:51 PM",3.664,95.9,100,26,2025-09-03T21:07:51.000Z,,,,,,,,,
"9/3/2025, 5:10:51 PM",3.664,95.9,100,24,2025-09-03T21:10:51.000Z,,,,,,,,,
"9/3/2025, 5:13:51 PM",3.664,95.7,100,23,2025-09-03T21:13:51.000Z,,,,,,,,,
"9/3/2025, 5:16:51 PM",3.664,95.5,100,23,2025-09-03T21:16:51.000Z,,,,,,,,,
"9/3/2025, 5:19:51 PM",3.664,95.4,100,25,2025-09-03T21:19:51.000Z,,,,,,,,,
"9/3/2025, 5:22:51 PM",3.664,95.4,100,24,2025-09-03T21:22:51.000Z,,,,,,,,,
"9/3/2025, 5:25:51 PM",3.664,95.4,100,23,2025-09-03T21:25:51.000Z,,,,,,,,,
"9/3/2025, 5:28:51 PM",3.664,95.2,100,24,2025-09-03T21:28:51.000Z,,,,,,,,,
"9/3/2025, 5:31:51 PM",3.664,95.2,100,25,2025-09-03T21:31:51.000Z,,,,,,,,,
"9/3/2025, 5:34:51 PM",3.664,95.2,100,25,2025-09-03T21:34:51.000Z,,,,,,,,,
"9/3/2025, 5:37:51 PM",3.664,95.2,100,25,2025-09-03T21:37:51.000Z,,,,,,,,,
"9/3/2025, 5:40:51 PM",3.664,95.2,100,24,2025-09-03T21:40:51.000Z,,,,,,,,,
"9/3/2025, 5:43:51 PM",3.664,95.2,100,24,2025-09-03T21:43:51.000Z,,,,,,,,,
"9/3/2025, 5:46:51 PM",3.664,95,100,24,2025-09-03T21:46:51.000Z,,,,,,,,,
"9/3/2025, 5:49:51 PM",3.664,95,100,25,2025-09-03T21:49:51.000Z,,,,,,,,,
"9/3/2025, 5:52:51 PM",3.664,95,100,25,2025-09-03T21:52:51.000Z,,,,,,,,,
"9/3/2025, 5:55:51 PM",3.664,95,100,26,2025-09-03T21:55:51.000Z,,,,,,,,,
"9/3/2025, 5:58:51 PM",3.664,95,100,25,2025-09-03T21:58:51.000Z,,,,,,,,,
"9/3/2025, 6:01:51 PM",3.664,95,100,25,2025-09-03T22:01:51.000Z,,,,,,,,,
"9/3/2025, 6:04:51 PM",3.664,94.8,100,24,2025-09-03T22:04:51.000Z,,,,,,,,,
"9/3/2025, 6:07:51 PM",3.664,94.8,100,24,2025-09-03T22:07:51.000Z,,,,,,,,,
"9/3/2025, 6:10:51 PM",3.664,94.6,100,24,2025-09-03T22:10:51.000Z,,,,,,,,,
"9/3/2025, 6:13:51 PM",3.664,94.6,100,23,2025-09-03T22:13:51.000Z,,,,,,,,,
"9/3/2025, 6:16:51 PM",3.665,94.5,100,23,2025-09-03T22:16:51.000Z,,,,,,,,,
"9/3/2025, 6:19:51 PM",3.664,94.3,100,22,2025-09-03T22:19:51.000Z,,,,,,,,,
"9/3/2025, 6:22:51 PM",3.664,94.1,100,21,2025-09-03T22:22:51.000Z,,,,,,,,,
"9/3/2025, 6:25:51 PM",3.664,93.9,100,22,2025-09-03T22:25:51.000Z,,,,,,,,,
"9/3/2025, 6:28:51 PM",3.665,93.9,100,22,2025-09-03T22:28:51.000Z,,,,,,,,,
"9/3/2025, 6:31:51 PM",3.664,93.6,100,22,2025-09-03T22:31:51.000Z,,,,,,,,,
"9/3/2025, 6:34:51 PM",3.664,93.4,100,21,2025-09-03T22:34:51.000Z,,,,,,,,,
"9/3/2025, 6:37:51 PM",3.665,93.2,100,21,2025-09-03T22:37:51.000Z,,,,,,,,,
"9/3/2025, 6:40:51 PM",3.665,92.8,100,21,2025-09-03T22:40:51.000Z,,,,,,,,,
"9/3/2025, 6:43:51 PM",3.665,92.7,100,21,2025-09-03T22:43:51.000Z,,,,,,,,,
"9/3/2025, 6:46:51 PM",3.665,92.5,100,22,2025-09-03T22:46:51.000Z,,,,,,,,,
"9/3/2025, 6:49:51 PM",3.665,92.1,100,22,2025-09-03T22:49:51.000Z,,,,,,,,,
"9/3/2025, 6:52:51 PM",3.665,91.9,100,23,2025-09-03T22:52:51.000Z,,,,,,,,,
"9/3/2025, 6:55:51 PM",3.665,91.8,100,23,2025-09-03T22:55:51.000Z,,,,,,,,,
"9/3/2025, 6:58:51 PM",3.665,91.6,100,23,2025-09-03T22:58:51.000Z,,,,,,,,,
"9/3/2025, 7:01:51 PM",3.665,91.2,100,23,2025-09-03T23:01:51.000Z,,,,,,,,,
"9/3/2025, 7:04:51 PM",3.665,91,100,23,2025-09-03T23:04:51.000Z,,,,,,,,,
"9/3/2025, 7:07:51 PM",3.665,90.9,100,23,2025-09-03T23:07:51.000Z,,,,,,,,,
"9/3/2025, 7:10:51 PM",3.665,90.5,100,23,2025-09-03T23:10:51.000Z,,,,,,,,,
"9/3/2025, 7:13:51 PM",3.665,90.3,100,23,2025-09-03T23:13:51.000Z,,,,,,,,,
"9/3/2025, 7:16:51 PM",3.665,90.1,100,24,2025-09-03T23:16:51.000Z,,,,,,,,,
"9/3/2025, 7:19:51 PM",3.665,89.8,100,24,2025-09-03T23:19:51.000Z,,,,,,,,,
"9/3/2025, 7:22:51 PM",3.665,89.6,100,24,2025-09-03T23:22:51.000Z,,,,,,,,,
"9/3/2025, 7:25:51 PM",3.665,89.4,100,24,2025-09-03T23:25:51.000Z,,,,,,,,,
"9/3/2025, 7:28:51 PM",3.665,89.1,100,25,2025-09-03T23:28:51.000Z,,,,,,,,,
"9/3/2025, 7:31:51 PM",3.666,88.9,100,25,2025-09-03T23:31:51.000Z,,,,,,,,,
"9/3/2025, 7:34:51 PM",3.665,88.7,100,25,2025-09-03T23:34:51.000Z,,,,,,,,,
"9/3/2025, 7:37:51 PM",3.666,88.5,100,25,2025-09-03T23:37:51.000Z,,,,,,,,,
"9/3/2025, 7:40:51 PM",3.665,88.3,100,25,2025-09-03T23:40:51.000Z,,,,,,,,,
"9/3/2025, 7:43:51 PM",3.666,88.2,100,25,2025-09-03T23:43:51.000Z,,,,,,,,,
"9/3/2025, 7:46:51 PM",3.666,88,100,25,2025-09-03T23:46:51.000Z,,,,,,,,,
"9/3/2025, 7:49:51 PM",3.666,87.6,100,24,2025-09-03T23:49:51.000Z,,,,,,,,,
"9/3/2025, 7:52:51 PM",3.666,87.4,100,24,2025-09-03T23:52:51.000Z,,,,,,,,,
"9/3/2025, 7:55:51 PM",3.666,87.3,100,24,2025-09-03T23:55:51.000Z,,,,,,,,,
"9/3/2025, 7:58:51 PM",3.666,87.1,100,24,2025-09-03T23:58:51.000Z,,,,,,,,,
"9/3/2025, 8:01:51 PM",3.667,86.9,100,24,2025-09-04T00:01:51.000Z,,,,,,,,,
"9/3/2025, 8:04:51 PM",3.666,86.7,100,24,2025-09-04T00:04:51.000Z,,,,,,,,,
"9/3/2025, 8:07:51 PM",3.666,86.5,100,24,2025-09-04T00:07:51.000Z,,,,,,,,,
"9/3/2025, 8:10:51 PM",3.666,86.4,100,23,2025-09-04T00:10:51.000Z,,,,,,,,,
"9/3/2025, 8:13:51 PM",3.667,86.2,100,23,2025-09-04T00:13:51.000Z,,,,,,,,,
"9/3/2025, 8:16:51 PM",3.666,86,100,23,2025-09-04T00:16:51.000Z,,,,,,,,,
"9/3/2025, 8:19:51 PM",3.666,85.8,100,23,2025-09-04T00:19:51.000Z,,,,,,,,,
"9/3/2025, 8:22:51 PM",3.667,85.6,100,23,2025-09-04T00:22:51.000Z,,,,,,,,,
"9/3/2025, 8:25:51 PM",3.667,85.5,100,22,2025-09-04T00:25:51.000Z,,,,,,,,,
"9/3/2025, 8:28:51 PM",3.666,85.1,100,22,2025-09-04T00:28:51.000Z,,,,,,,,,
"9/3/2025, 8:31:51 PM",3.666,85.1,100,22,2025-09-04T00:31:51.000Z,,,,,,,,,
"9/3/2025, 8:34:51 PM",3.666,84.9,100,21,2025-09-04T00:34:51.000Z,,,,,,,,,
"9/3/2025, 8:37:51 PM",3.667,84.7,100,21,2025-09-04T00:37:51.000Z,,,,,,,,,
"9/3/2025, 8:40:51 PM",3.666,84.6,100,21,2025-09-04T00:40:51.000Z,,,,,,,,,
"9/3/2025, 8:43:51 PM",3.667,84.4,100,21,2025-09-04T00:43:51.000Z,,,,,,,,,
"9/3/2025, 8:46:51 PM",3.667,84.2,100,21,2025-09-04T00:46:51.000Z,,,,,,,,,
"9/3/2025, 8:49:51 PM",3.667,84,100,21,2025-09-04T00:49:51.000Z,,,,,,,,,
"9/3/2025, 8:52:51 PM",3.667,84,100,20,2025-09-04T00:52:51.000Z,,,,,,,,,
"9/3/2025, 8:55:51 PM",3.667,83.8,100,20,2025-09-04T00:55:51.000Z,,,,,,,,,
"9/3/2025, 8:58:51 PM",3.667,83.7,100,19,2025-09-04T00:58:51.000Z,,,,,,,,,
"9/3/2025, 9:01:51 PM",3.667,83.5,100,19,2025-09-04T01:01:51.000Z,,,,,,,,,
"9/3/2025, 9:04:51 PM",3.667,83.3,100,19,2025-09-04T01:04:51.000Z,,,,,,,,,
"9/3/2025, 9:07:51 PM",3.667,83.1,100,19,2025-09-04T01:07:51.000Z,,,,,,,,,
"9/3/2025, 9:10:51 PM",3.667,82.9,100,19,2025-09-04T01:10:51.000Z,,,,,,,,,
"9/3/2025, 9:13:51 PM",3.667,82.9,100,18,2025-09-04T01:13:51.000Z,,,,,,,,,
"9/3/2025, 9:16:51 PM",3.667,82.8,100,18,2025-09-04T01:16:51.000Z,,,,,,,,,
"9/3/2025, 9:19:51 PM",3.667,82.6,100,18,2025-09-04T01:19:51.000Z,,,,,,,,,
"9/3/2025, 9:22:51 PM",3.667,82.4,100,18,2025-09-04T01:22:51.000Z,,,,,,,,,
"9/3/2025, 9:25:51 PM",3.667,82.4,100,18,2025-09-04T01:25:51.000Z,,,,,,,,,
"9/3/2025, 9:28:51 PM",3.667,82.2,100,18,2025-09-04T01:28:51.000Z,,,,,,,,,
"9/3/2025, 9:31:51 PM",3.667,82.2,100,17,2025-09-04T01:31:51.000Z,,,,,,,,,
"9/3/2025, 9:34:51 PM",3.667,82,100,17,2025-09-04T01:34:51.000Z,,,,,,,,,
"9/3/2025, 9:37:51 PM",3.667,81.9,100,17,2025-09-04T01:37:51.000Z,,,,,,,,,
"9/3/2025, 9:40:51 PM",3.667,81.9,100,17,2025-09-04T01:40:51.000Z,,,,,,,,,
"9/3/2025, 9:43:51 PM",3.667,81.7,100,17,2025-09-04T01:43:51.000Z,,,,,,,,,
"9/3/2025, 9:46:51 PM",3.667,81.5,100,17,2025-09-04T01:46:51.000Z,,,,,,,,,
"9/3/2025, 9:49:51 PM",3.667,81.5,100,17,2025-09-04T01:49:51.000Z,,,,,,,,,
"9/3/2025, 9:52:51 PM",3.667,81.3,100,17,2025-09-04T01:52:51.000Z,,,,,,,,,
"9/3/2025, 9:55:51 PM",3.667,81.3,100,17,2025-09-04T01:55:51.000Z,,,,,,,,,
"9/3/2025, 9:58:51 PM",3.667,81.1,100,17,2025-09-04T01:58:51.000Z,,,,,,,,,
"9/3/2025, 10:01:51 PM",3.667,81.1,100,16,2025-09-04T02:01:51.000Z,,,,,,,,,
"9/3/2025, 10:04:51 PM",3.667,81,100,16,2025-09-04T02:04:51.000Z,,,,,,,,,
"9/3/2025, 10:07:51 PM",3.667,81,100,16,2025-09-04T02:07:51.000Z,,,,,,,,,
"9/3/2025, 10:10:51 PM",3.667,80.8,100,16,2025-09-04T02:10:51.000Z,,,,,,,,,
"9/3/2025, 10:13:51 PM",3.667,80.8,100,16,2025-09-04T02:13:51.000Z,,,,,,,,,
"9/3/2025, 10:16:51 PM",3.668,80.8,100,16,2025-09-04T02:16:51.000Z,,,,,,,,,
"9/3/2025, 10:19:51 PM",3.667,80.6,100,16,2025-09-04T02:19:51.000Z,,,,,,,,,
"9/3/2025, 10:22:51 PM",3.668,80.6,100,16,2025-09-04T02:22:51.000Z,,,,,,,,,
"9/3/2025, 10:25:51 PM",3.667,80.4,100,16,2025-09-04T02:25:51.000Z,,,,,,,,,
"9/3/2025, 10:28:51 PM",3.667,80.4,100,16,2025-09-04T02:28:51.000Z,,,,,,,,,
"9/3/2025, 10:31:51 PM",3.668,80.4,100,16,2025-09-04T02:31:51.000Z,,,,,,,,,
"9/3/2025, 10:34:51 PM",3.667,80.2,100,16,2025-09-04T02:34:51.000Z,,,,,,,,,
"9/3/2025, 10:37:51 PM",3.668,80.2,100,16,2025-09-04T02:37:51.000Z,,,,,,,,,
"9/3/2025, 10:40:51 PM",3.667,80.2,100,16,2025-09-04T02:40:51.000Z,,,,,,,,,
"9/3/2025, 10:43:51 PM",3.667,80.1,100,15,2025-09-04T02:43:51.000Z,,,,,,,,,
"9/3/2025, 10:46:51 PM",3.667,80.1,100,15,2025-09-04T02:46:51.000Z,,,,,,,,,
"9/3/2025, 10:49:51 PM",3.668,80.1,100,15,2025-09-04T02:49:51.000Z,,,,,,,,,
"9/3/2025, 10:52:51 PM",3.667,79.9,100,15,2025-09-04T02:52:51.000Z,,,,,,,,,
"9/3/2025, 10:55:51 PM",3.668,79.9,100,15,2025-09-04T02:55:51.000Z,,,,,,,,,
"9/3/2025, 10:58:51 PM",3.668,79.9,100,15,2025-09-04T02:58:51.000Z,,,,,,,,,
"9/3/2025, 11:01:51 PM",3.667,79.9,100,15,2025-09-04T03:01:51.000Z,,,,,,,,,
"9/3/2025, 11:04:51 PM",3.668,79.9,100,15,2025-09-04T03:04:51.000Z,,,,,,,,,
"9/3/2025, 11:07:51 PM",3.667,79.9,100,15,2025-09-04T03:07:51.000Z,,,,,,,,,
"9/3/2025, 11:10:51 PM",3.668,79.9,100,15,2025-09-04T03:10:51.000Z,,,,,,,,,
"9/3/2025, 11:13:51 PM",3.667,79.7,100,15,2025-09-04T03:13:51.000Z,,,,,,,,,
"9/3/2025, 11:16:51 PM",3.668,79.7,100,15,2025-09-04T03:16:51.000Z,,,,,,,,,
"9/3/2025, 11:19:51 PM",3.668,79.7,100,15,2025-09-04T03:19:51.000Z,,,,,,,,,
"9/3/2025, 11:22:51 PM",3.667,79.7,100,15,2025-09-04T03:22:51.000Z,,,,,,,,,
"9/3/2025, 11:25:51 PM",3.668,79.7,100,15,2025-09-04T03:25:51.000Z,,,,,,,,,
"9/3/2025, 11:28:51 PM",3.667,79.7,100,15,2025-09-04T03:28:51.000Z,,,,,,,,,
"9/3/2025, 11:31:51 PM",3.667,79.7,100,15,2025-09-04T03:31:51.000Z,,,,,,,,,
"9/3/2025, 11:34:51 PM",3.668,79.7,100,15,2025-09-04T03:34:51.000Z,,,,,,,,,
"9/3/2025, 11:37:51 PM",3.667,79.7,100,15,2025-09-04T03:37:51.000Z,,,,,,,,,
"9/3/2025, 11:40:51 PM",3.667,79.7,100,15,2025-09-04T03:40:51.000Z,,,,,,,,,
"9/3/2025, 11:43:51 PM",3.667,79.9,100,15,2025-09-04T03:43:51.000Z,,,,,,,,,
"9/3/2025, 11:46:51 PM",3.667,79.9,100,15,2025-09-04T03:46:51.000Z,,,,,,,,,
"9/3/2025, 11:49:51 PM",3.668,79.9,100,15,2025-09-04T03:49:51.000Z,,,,,,,,,
"9/3/2025, 11:52:51 PM",3.667,79.9,100,15,2025-09-04T03:52:51.000Z,,,,,,,,,
"9/3/2025, 11:55:51 PM",3.667,79.9,100,15,2025-09-04T03:55:51.000Z,,,,,,,,,
"9/3/2025, 11:58:51 PM",3.667,79.9,100,15,2025-09-04T03:58:51.000Z,,,,,,,,,
"9/4/2025, 12:01:51 AM",3.667,79.9,100,15,2025-09-04T04:01:51.000Z,,,,,,,,,
"9/4/2025, 12:04:51 AM",3.667,79.9,100,15,2025-09-04T04:04:51.000Z,,,,,,,,,
"9/4/2025, 12:07:51 AM",3.667,79.9,100,16,2025-09-04T04:07:51.000Z,,,,,,,,,
"9/4/2025, 12:10:51 AM",3.667,79.9,100,16,2025-09-04T04:10:51.000Z,,,,,,,,,
"9/4/2025, 12:13:51 AM",3.667,80.1,100,16,2025-09-04T04:13:51.000Z,,,,,,,,,
"9/4/2025, 12:16:51 AM",3.667,80.1,100,16,2025-09-04T04:16:51.000Z,,,,,,,,,
"9/4/2025, 12:19:51 AM",3.667,80.1,100,16,2025-09-04T04:19:51.000Z,,,,,,,,,
"9/4/2025, 12:22:51 AM",3.667,80.1,100,16,2025-09-04T04:22:51.000Z,,,,,,,,,
"9/4/2025, 12:25:51 AM",3.667,80.1,100,16,2025-09-04T04:25:51.000Z,,,,,,,,,
"9/4/2025, 12:28:51 AM",3.667,80.1,100,16,2025-09-04T04:28:51.000Z,,,,,,,,,
"9/4/2025, 12:31:51 AM",3.667,80.2,100,16,2025-09-04T04:31:51.000Z,,,,,,,,,
"9/4/2025, 12:34:51 AM",3.668,80.2,100,16,2025-09-04T04:34:51.000Z,,,,,,,,,
"9/4/2025, 12:37:51 AM",3.667,80.2,100,16,2025-09-04T04:37:51.000Z,,,,,,,,,
"9/4/2025, 12:40:51 AM",3.667,80.2,100,16,2025-09-04T04:40:51.000Z,,,,,,,,,
"9/4/2025, 12:43:51 AM",3.667,80.2,100,16,2025-09-04T04:43:51.000Z,,,,,,,,,
"9/4/2025, 12:46:51 AM",3.667,80.2,100,16,2025-09-04T04:46:51.000Z,,,,,,,,,
"9/4/2025, 12:49:51 AM",3.668,80.2,100,16,2025-09-04T04:49:51.000Z,,,,,,,,,
"9/4/2025, 12:52:51 AM",3.667,80.2,100,16,2025-09-04T04:52:51.000Z,,,,,,,,,
"9/4/2025, 12:55:51 AM",3.667,80.4,100,16,2025-09-04T04:55:51.000Z,,,,,,,,,
"9/4/2025, 12:58:51 AM",3.667,80.4,100,16,2025-09-04T04:58:51.000Z,,,,,,,,,
"9/4/2025, 1:01:51 AM",3.667,80.4,100,16,2025-09-04T05:01:51.000Z,,,,,,,,,
"9/4/2025, 1:04:51 AM",3.667,80.4,100,16,2025-09-04T05:04:51.000Z,,,,,,,,,
"9/4/2025, 1:07:51 AM",3.667,80.4,100,16,2025-09-04T05:07:51.000Z,,,,,,,,,
"9/4/2025, 1:10:51 AM",3.668,80.4,100,16,2025-09-04T05:10:51.000Z,,,,,,,,,
"9/4/2025, 1:13:51 AM",3.667,80.4,100,16,2025-09-04T05:13:51.000Z,,,,,,,,,
"9/4/2025, 1:16:51 AM",3.667,80.4,100,16,2025-09-04T05:16:51.000Z,,,,,,,,,
"9/4/2025, 1:19:51 AM",3.667,80.4,100,16,2025-09-04T05:19:51.000Z,,,,,,,,,
"9/4/2025, 1:22:51 AM",3.667,80.6,100,16,2025-09-04T05:22:51.000Z,,,,,,,,,
"9/4/2025, 1:25:51 AM",3.667,80.6,100,16,2025-09-04T05:25:51.000Z,,,,,,,,,
"9/4/2025, 1:28:51 AM",3.667,80.6,100,16,2025-09-04T05:28:51.000Z,,,,,,,,,
"9/4/2025, 1:31:51 AM",3.668,80.6,100,16,2025-09-04T05:31:51.000Z,,,,,,,,,
"9/4/2025, 1:34:51 AM",3.667,80.6,100,16,2025-09-04T05:34:51.000Z,,,,,,,,,
"9/4/2025, 1:37:51 AM",3.667,80.6,100,16,2025-09-04T05:37:51.000Z,,,,,,,,,
"9/4/2025, 1:40:51 AM",3.667,80.6,100,16,2025-09-04T05:40:51.000Z,,,,,,,,,
"9/4/2025, 1:43:51 AM",3.667,80.8,100,17,2025-09-04T05:43:51.000Z,,,,,,,,,
"9/4/2025, 1:46:51 AM",3.667,80.8,100,17,2025-09-04T05:46:51.000Z,,,,,,,,,
"9/4/2025, 1:49:51 AM",3.667,80.8,100,17,2025-09-04T05:49:51.000Z,,,,,,,,,
"9/4/2025, 1:52:51 AM",3.667,80.8,100,17,2025-09-04T05:52:51.000Z,,,,,,,,,
"9/4/2025, 1:55:51 AM",3.667,80.8,100,17,2025-09-04T05:55:51.000Z,,,,,,,,,
"9/4/2025, 1:58:51 AM",3.666,80.8,100,17,2025-09-04T05:58:51.000Z,,,,,,,,,
"9/4/2025, 2:01:51 AM",3.667,80.8,100,17,2025-09-04T06:01:51.000Z,,,,,,,,,
"9/4/2025, 2:04:51 AM",3.667,80.8,100,17,2025-09-04T06:04:51.000Z,,,,,,,,,
"9/4/2025, 2:07:51 AM",3.667,80.8,100,17,2025-09-04T06:07:51.000Z,,,,,,,,,
"9/4/2025, 2:10:51 AM",3.667,80.8,100,17,2025-09-04T06:10:51.000Z,,,,,,,,,
"9/4/2025, 2:13:51 AM",3.667,80.8,100,16,2025-09-04T06:13:51.000Z,,,,,,,,,
"9/4/2025, 2:16:51 AM",3.667,80.6,100,16,2025-09-04T06:16:51.000Z,,,,,,,,,
"9/4/2025, 2:19:51 AM",3.667,80.6,100,15,2025-09-04T06:19:51.000Z,,,,,,,,,
"9/4/2025, 2:22:51 AM",3.667,80.4,100,15,2025-09-04T06:22:51.000Z,,,,,,,,,
"9/4/2025, 2:25:51 AM",3.666,80.2,100,15,2025-09-04T06:25:51.000Z,,,,,,,,,
"9/4/2025, 2:28:51 AM",3.667,80.1,100,15,2025-09-04T06:28:51.000Z,,,,,,,,,
"9/4/2025, 2:31:51 AM",3.667,80.1,100,14,2025-09-04T06:31:51.000Z,,,,,,,,,
"9/4/2025, 2:34:51 AM",3.667,79.9,100,14,2025-09-04T06:34:51.000Z,,,,,,,,,
"9/4/2025, 2:37:51 AM",3.667,79.7,100,14,2025-09-04T06:37:51.000Z,,,,,,,,,
"9/4/2025, 2:40:51 AM",3.667,79.5,100,14,2025-09-04T06:40:51.000Z,,,,,,,,,
"9/4/2025, 2:43:51 AM",3.667,79.3,100,14,2025-09-04T06:43:51.000Z,,,,,,,,,
"9/4/2025, 2:46:51 AM",3.667,79.2,100,14,2025-09-04T06:46:51.000Z,,,,,,,,,
"9/4/2025, 2:49:51 AM",3.667,79,100,14,2025-09-04T06:49:51.000Z,,,,,,,,,
"9/4/2025, 2:52:51 AM",3.667,79,100,14,2025-09-04T06:52:51.000Z,,,,,,,,,
"9/4/2025, 2:55:51 AM",3.667,79,100,14,2025-09-04T06:55:51.000Z,,,,,,,,,
"9/4/2025, 2:58:51 AM",3.667,79,100,15,2025-09-04T06:58:51.000Z,,,,,,,,,
"9/4/2025, 3:01:51 AM",3.667,78.8,100,15,2025-09-04T07:01:51.000Z,,,,,,,,,
"9/4/2025, 3:04:51 AM",3.668,78.6,100,15,2025-09-04T07:04:51.000Z,,,,,,,,,
"9/4/2025, 3:07:51 AM",3.667,78.6,100,15,2025-09-04T07:07:51.000Z,,,,,,,,,
"9/4/2025, 3:10:51 AM",3.667,78.4,100,15,2025-09-04T07:10:51.000Z,,,,,,,,,
"9/4/2025, 3:13:51 AM",3.668,78.4,100,15,2025-09-04T07:13:51.000Z,,,,,,,,,
"9/4/2025, 3:16:51 AM",3.667,78.3,100,15,2025-09-04T07:16:51.000Z,,,,,,,,,
"9/4/2025, 3:19:51 AM",3.667,78.3,100,15,2025-09-04T07:19:51.000Z,,,,,,,,,
"9/4/2025, 3:22:51 AM",3.667,78.1,100,15,2025-09-04T07:22:51.000Z,,,,,,,,,
"9/4/2025, 3:25:51 AM",3.667,78.1,100,15,2025-09-04T07:25:51.000Z,,,,,,,,,
"9/4/2025, 3:28:51 AM",3.667,78.1,100,15,2025-09-04T07:28:51.000Z,,,,,,,,,
"9/4/2025, 3:31:51 AM",3.667,77.9,100,15,2025-09-04T07:31:51.000Z,,,,,,,,,
"9/4/2025, 3:34:51 AM",3.667,77.9,100,15,2025-09-04T07:34:51.000Z,,,,,,,,,
"9/4/2025, 3:37:51 AM",3.667,77.9,100,15,2025-09-04T07:37:51.000Z,,,,,,,,,
"9/4/2025, 3:40:51 AM",3.667,77.7,100,15,2025-09-04T07:40:51.000Z,,,,,,,,,
"9/4/2025, 3:43:51 AM",3.668,77.7,100,15,2025-09-04T07:43:51.000Z,,,,,,,,,
"9/4/2025, 3:46:51 AM",3.667,77.7,100,15,2025-09-04T07:46:51.000Z,,,,,,,,,
"9/4/2025, 3:49:51 AM",3.667,77.7,100,15,2025-09-04T07:49:51.000Z,,,,,,,,,
"9/4/2025, 3:52:51 AM",3.667,77.7,100,15,2025-09-04T07:52:51.000Z,,,,,,,,,
"9/4/2025, 3:55:51 AM",3.667,77.5,100,15,2025-09-04T07:55:51.000Z,,,,,,,,,
"9/4/2025, 3:58:51 AM",3.667,77.5,100,15,2025-09-04T07:58:51.000Z,,,,,,,,,
"9/4/2025, 4:01:51 AM",3.667,77.5,100,15,2025-09-04T08:01:51.000Z,,,,,,,,,
"9/4/2025, 4:04:51 AM",3.667,77.5,100,15,2025-09-04T08:04:51.000Z,,,,,,,,,
"9/4/2025, 4:07:51 AM",3.667,77.5,100,15,2025-09-04T08:07:51.000Z,,,,,,,,,
"9/4/2025, 4:10:51 AM",3.667,77.5,100,15,2025-09-04T08:10:51.000Z,,,,,,,,,
"9/4/2025, 4:13:51 AM",3.667,77.7,100,15,2025-09-04T08:13:51.000Z,,,,,,,,,
"9/4/2025, 4:16:51 AM",3.667,77.7,100,15,2025-09-04T08:16:51.000Z,,,,,,,,,
"9/4/2025, 4:19:51 AM",3.667,77.7,100,15,2025-09-04T08:19:51.000Z,,,,,,,,,
"9/4/2025, 4:22:51 AM",3.667,77.7,100,15,2025-09-04T08:22:51.000Z,,,,,,,,,
"9/4/2025, 4:25:51 AM",3.667,77.7,100,15,2025-09-04T08:25:51.000Z,,,,,,,,,
"9/4/2025, 4:28:51 AM",3.667,77.7,100,15,2025-09-04T08:28:51.000Z,,,,,,,,,
"9/4/2025, 4:31:51 AM",3.667,77.5,100,15,2025-09-04T08:31:51.000Z,,,,,,,,,
"9/4/2025, 4:34:51 AM",3.668,77.5,100,15,2025-09-04T08:34:51.000Z,,,,,,,,,
"9/4/2025, 4:37:51 AM",3.667,77.5,100,15,2025-09-04T08:37:51.000Z,,,,,,,,,
"9/4/2025, 4:40:51 AM",3.667,77.5,100,15,2025-09-04T08:40:51.000Z,,,,,,,,,
"9/4/2025, 4:43:51 AM",3.667,77.5,100,15,2025-09-04T08:43:51.000Z,,,,,,,,,
"9/4/2025, 4:46:51 AM",3.667,77.4,100,15,2025-09-04T08:46:51.000Z,,,,,,,,,
"9/4/2025, 4:49:51 AM",3.667,77.4,100,15,2025-09-04T08:49:51.000Z,,,,,,,,,
"9/4/2025, 4:52:51 AM",3.667,77.4,100,15,2025-09-04T08:52:51.000Z,,,,,,,,,
"9/4/2025, 4:55:51 AM",3.667,77.4,100,15,2025-09-04T08:55:51.000Z,,,,,,,,,
"9/4/2025, 4:58:51 AM",3.667,77.4,100,15,2025-09-04T08:58:51.000Z,,,,,,,,,
"9/4/2025, 5:01:51 AM",3.667,77.2,100,15,2025-09-04T09:01:51.000Z,,,,,,,,,
"9/4/2025, 5:04:51 AM",3.668,77.2,100,15,2025-09-04T09:04:51.000Z,,,,,,,,,
"9/4/2025, 5:07:51 AM",3.667,77.2,100,15,2025-09-04T09:07:51.000Z,,,,,,,,,
"9/4/2025, 5:10:51 AM",3.667,77,100,15,2025-09-04T09:10:51.000Z,,,,,,,,,
"9/4/2025, 5:13:51 AM",3.668,77,100,15,2025-09-04T09:13:51.000Z,,,,,,,,,
"9/4/2025, 5:16:51 AM",3.667,77,100,15,2025-09-04T09:16:51.000Z,,,,,,,,,
"9/4/2025, 5:19:51 AM",3.667,77,100,15,2025-09-04T09:19:51.000Z,,,,,,,,,
"9/4/2025, 5:22:51 AM",3.667,77,100,15,2025-09-04T09:22:51.000Z,,,,,,,,,
"9/4/2025, 5:25:51 AM",3.667,77,100,14,2025-09-04T09:25:51.000Z,,,,,,,,,
"9/4/2025, 5:28:51 AM",3.668,77,100,14,2025-09-04T09:28:51.000Z,,,,,,,,,
"9/4/2025, 5:31:51 AM",3.667,77,100,14,2025-09-04T09:31:51.000Z,,,,,,,,,
"9/4/2025, 5:34:51 AM",3.667,77,100,14,2025-09-04T09:34:51.000Z,,,,,,,,,
"9/4/2025, 5:37:51 AM",3.667,77,100,14,2025-09-04T09:37:51.000Z,,,,,,,,,
"9/4/2025, 5:40:51 AM",3.667,77,100,14,2025-09-04T09:40:51.000Z,,,,,,,,,
"9/4/2025, 5:43:51 AM",3.667,77,100,14,2025-09-04T09:43:51.000Z,,,,,,,,,
"9/4/2025, 5:46:51 AM",3.667,77,100,14,2025-09-04T09:46:51.000Z,,,,,,,,,
"9/4/2025, 5:49:51 AM",3.667,77,100,14,2025-09-04T09:49:51.000Z,,,,,,,,,
"9/4/2025, 5:52:51 AM",3.668,77,100,14,2025-09-04T09:52:51.000Z,,,,,,,,,
"9/4/2025, 5:55:51 AM",3.668,77,100,14,2025-09-04T09:55:51.000Z,,,,,,,,,
"9/4/2025, 5:58:51 AM",3.667,77,100,14,2025-09-04T09:58:51.000Z,,,,,,,,,
"9/4/2025, 6:01:51 AM",3.667,77,100,15,2025-09-04T10:01:51.000Z,,,,,,,,,
"9/4/2025, 6:04:51 AM",3.667,77,100,15,2025-09-04T10:04:51.000Z,,,,,,,,,
"9/4/2025, 6:07:51 AM",3.667,77.2,100,15,2025-09-04T10:07:51.000Z,,,,,,,,,
"9/4/2025, 6:10:51 AM",3.667,77.2,100,15,2025-09-04T10:10:51.000Z,,,,,,,,,
"9/4/2025, 6:13:51 AM",3.667,77.2,100,15,2025-09-04T10:13:51.000Z,,,,,,,,,
"9/4/2025, 6:16:51 AM",3.668,77.2,100,15,2025-09-04T10:16:51.000Z,,,,,,,,,
"9/4/2025, 6:19:51 AM",3.667,77.2,100,15,2025-09-04T10:19:51.000Z,,,,,,,,,
"9/4/2025, 6:22:51 AM",3.667,77.4,100,15,2025-09-04T10:22:51.000Z,,,,,,,,,
"9/4/2025, 6:25:51 AM",3.667,77.4,100,15,2025-09-04T10:25:51.000Z,,,,,,,,,
"9/4/2025, 6:28:51 AM",3.667,77.2,100,16,2025-09-04T10:28:51.000Z,,,,,,,,,
"9/4/2025, 6:31:51 AM",3.667,77.2,100,16,2025-09-04T10:31:51.000Z,,,,,,,,,
"9/4/2025, 6:34:51 AM",3.667,77.2,100,16,2025-09-04T10:34:51.000Z,,,,,,,,,
"9/4/2025, 6:37:51 AM",3.667,77.2,100,16,2025-09-04T10:37:51.000Z,,,,,,,,,
"9/4/2025, 6:40:51 AM",3.667,77.2,100,16,2025-09-04T10:40:51.000Z,,,,,,,,,
"9/4/2025, 6:43:51 AM",3.667,77.2,100,16,2025-09-04T10:43:51.000Z,,,,,,,,,
"9/4/2025, 6:46:51 AM",3.667,77.2,100,16,2025-09-04T10:46:51.000Z,,,,,,,,,
"9/4/2025, 6:49:51 AM",3.667,77.2,100,16,2025-09-04T10:49:51.000Z,,,,,,,,,
"9/4/2025, 6:52:51 AM",3.667,77.2,100,16,2025-09-04T10:52:51.000Z,,,,,,,,,
"9/4/2025, 6:55:51 AM",3.667,77.2,100,16,2025-09-04T10:55:51.000Z,,,,,,,,,
"9/4/2025, 6:58:51 AM",3.667,77.2,100,16,2025-09-04T10:58:51.000Z,,,,,,,,,
"9/4/2025, 7:01:51 AM",3.667,77.2,100,16,2025-09-04T11:01:51.000Z,,,,,,,,,
"9/4/2025, 7:04:51 AM",3.667,77.2,100,16,2025-09-04T11:04:51.000Z,,,,,,,,,
"9/4/2025, 7:07:51 AM",3.667,77.2,100,16,2025-09-04T11:07:51.000Z,,,,,,,,,
"9/4/2025, 7:10:51 AM",3.667,77.2,100,16,2025-09-04T11:10:51.000Z,,,,,,,,,
"9/4/2025, 7:13:51 AM",3.667,77.2,100,16,2025-09-04T11:13:51.000Z,,,,,,,,,
"9/4/2025, 7:16:51 AM",3.667,77.2,100,16,2025-09-04T11:16:51.000Z,,,,,,,,,
"9/4/2025, 7:19:51 AM",3.667,77,100,16,2025-09-04T11:19:51.000Z,,,,,,,,,
"9/4/2025, 7:22:51 AM",3.667,77,100,16,2025-09-04T11:22:51.000Z,,,,,,,,,
"9/4/2025, 7:25:51 AM",3.667,77,100,16,2025-09-04T11:25:51.000Z,,,,,,,,,
"9/4/2025, 7:28:51 AM",3.667,77,100,15,2025-09-04T11:28:51.000Z,,,,,,,,,
"9/4/2025, 7:31:51 AM",3.667,76.8,100,15,2025-09-04T11:31:51.000Z,,,,,,,,,
"9/4/2025, 7:34:51 AM",3.667,76.8,100,16,2025-09-04T11:34:51.000Z,,,,,,,,,
"9/4/2025, 7:37:51 AM",3.667,76.8,100,15,2025-09-04T11:37:51.000Z,,,,,,,,,
"9/4/2025, 7:40:51 AM",3.667,76.6,100,15,2025-09-04T11:40:51.000Z,,,,,,,,,
"9/4/2025, 7:43:51 AM",3.667,76.6,100,15,2025-09-04T11:43:51.000Z,,,,,,,,,
"9/4/2025, 7:46:51 AM",3.668,76.6,100,15,2025-09-04T11:46:51.000Z,,,,,,,,,
"9/4/2025, 7:49:51 AM",3.667,76.6,100,15,2025-09-04T11:49:51.000Z,,,,,,,,,
"9/4/2025, 7:52:51 AM",3.667,76.5,100,15,2025-09-04T11:52:51.000Z,,,,,,,,,
"9/4/2025, 7:55:51 AM",3.667,76.5,100,15,2025-09-04T11:55:51.000Z,,,,,,,,,
"9/4/2025, 7:58:51 AM",3.667,76.5,100,15,2025-09-04T11:58:51.000Z,,,,,,,,,
"9/4/2025, 8:01:51 AM",3.667,76.5,100,15,2025-09-04T12:01:51.000Z,,,,,,,,,
"9/4/2025, 8:04:51 AM",3.667,76.5,100,15,2025-09-04T12:04:51.000Z,,,,,,,,,
"9/4/2025, 8:07:51 AM",3.667,76.3,100,15,2025-09-04T12:07:51.000Z,,,,,,,,,
"9/4/2025, 8:10:51 AM",3.667,76.3,100,15,2025-09-04T12:10:51.000Z,,,,,,,,,
"9/4/2025, 8:13:51 AM",3.667,76.3,100,15,2025-09-04T12:13:51.000Z,,,,,,,,,
"9/4/2025, 8:16:51 AM",3.667,76.3,100,15,2025-09-04T12:16:51.000Z,,,,,,,,,
"9/4/2025, 8:19:51 AM",3.667,76.3,100,15,2025-09-04T12:19:51.000Z,,,,,,,,,
"9/4/2025, 8:22:51 AM",3.667,76.3,100,15,2025-09-04T12:22:51.000Z,,,,,,,,,
"9/4/2025, 8:25:51 AM",3.667,76.3,100,15,2025-09-04T12:25:51.000Z,,,,,,,,,
"9/4/2025, 8:28:51 AM",3.667,76.3,100,15,2025-09-04T12:28:51.000Z,,,,,,,,,
"9/4/2025, 8:31:51 AM",3.667,76.3,100,15,2025-09-04T12:31:51.000Z,,,,,,,,,
"9/4/2025, 8:34:51 AM",3.668,76.3,100,15,2025-09-04T12:34:51.000Z,,,,,,,,,
"9/4/2025, 8:37:51 AM",3.667,76.3,100,15,2025-09-04T12:37:51.000Z,,,,,,,,,
"9/4/2025, 8:40:51 AM",3.667,76.3,100,15,2025-09-04T12:40:51.000Z,,,,,,,,,
"9/4/2025, 8:43:51 AM",3.667,76.3,100,15,2025-09-04T12:43:51.000Z,,,,,,,,,
"9/4/2025, 8:46:51 AM",3.667,76.1,100,15,2025-09-04T12:46:51.000Z,,,,,,,,,
"9/4/2025, 8:49:51 AM",3.667,76.1,100,15,2025-09-04T12:49:51.000Z,,,,,,,,,
"9/4/2025, 8:52:51 AM",3.667,76.1,100,15,2025-09-04T12:52:51.000Z,,,,,,,,,
"9/4/2025, 8:55:51 AM",3.667,76.1,100,15,2025-09-04T12:55:51.000Z,,,,,,,,,
"9/4/2025, 8:58:51 AM",3.667,76.1,100,15,2025-09-04T12:58:51.000Z,,,,,,,,,
"9/4/2025, 9:01:51 AM",3.667,76.1,100,15,2025-09-04T13:01:51.000Z,,,,,,,,,
"9/4/2025, 9:04:51 AM",3.667,76.1,100,15,2025-09-04T13:04:51.000Z,,,,,,,,,
"9/4/2025, 9:07:51 AM",3.667,76.1,100,15,2025-09-04T13:07:51.000Z,,,,,,,,,
"9/4/2025, 9:10:51 AM",3.667,76.1,100,14,2025-09-04T13:10:51.000Z,,,,,,,,,
"9/4/2025, 9:13:51 AM",3.667,76.1,100,15,2025-09-04T13:13:51.000Z,,,,,,,,,
"9/4/2025, 9:16:51 AM",3.667,76.1,100,15,2025-09-04T13:16:51.000Z,,,,,,,,,
"9/4/2025, 9:19:51 AM",3.667,76.3,100,15,2025-09-04T13:19:51.000Z,,,,,,,,,
"9/4/2025, 9:22:51 AM",3.667,76.3,100,15,2025-09-04T13:22:51.000Z,,,,,,,,,
"9/4/2025, 9:25:51 AM",3.667,76.3,100,15,2025-09-04T13:25:51.000Z,,,,,,,,,
"9/4/2025, 9:28:51 AM",3.667,76.5,100,15,2025-09-04T13:28:51.000Z,,,,,,,,,
"9/4/2025, 9:31:51 AM",3.667,76.5,100,15,2025-09-04T13:31:51.000Z,,,,,,,,,
"9/4/2025, 9:34:51 AM",3.668,76.6,100,15,2025-09-04T13:34:51.000Z,,,,,,,,,
"9/4/2025, 9:37:51 AM",3.667,76.6,100,16,2025-09-04T13:37:51.000Z,,,,,,,,,
"9/4/2025, 9:40:51 AM",3.667,76.8,100,16,2025-09-04T13:40:51.000Z,,,,,,,,,
"9/4/2025, 9:43:51 AM",3.667,77,100,16,2025-09-04T13:43:51.000Z,,,,,,,,,
"9/4/2025, 9:46:51 AM",3.666,77.2,100,16,2025-09-04T13:46:51.000Z,,,,,,,,,
"9/4/2025, 9:49:51 AM",3.667,77.4,100,16,2025-09-04T13:49:51.000Z,,,,,,,,,
"9/4/2025, 9:52:51 AM",3.667,77.4,100,16,2025-09-04T13:52:51.000Z,,,,,,,,,
"9/4/2025, 9:55:51 AM",3.667,77.5,100,17,2025-09-04T13:55:51.000Z,,,,,,,,,
"9/4/2025, 9:58:51 AM",3.667,77.7,100,17,2025-09-04T13:58:51.000Z,,,,,,,,,
"9/4/2025, 10:01:51 AM",3.667,77.7,100,17,2025-09-04T14:01:51.000Z,,,,,,,,,
"9/4/2025, 10:04:51 AM",3.666,77.9,100,17,2025-09-04T14:04:51.000Z,,,,,,,,,
"9/4/2025, 10:07:51 AM",3.667,77.9,100,17,2025-09-04T14:07:51.000Z,,,,,,,,,
"9/4/2025, 10:10:51 AM",3.667,77.9,100,17,2025-09-04T14:10:51.000Z,,,,,,,,,
"9/4/2025, 10:13:51 AM",3.667,77.9,100,17,2025-09-04T14:13:51.000Z,,,,,,,,,
"9/4/2025, 10:16:51 AM",3.666,77.9,100,16,2025-09-04T14:16:51.000Z,,,,,,,,,
"9/4/2025, 10:19:51 AM",3.667,77.9,100,16,2025-09-04T14:19:51.000Z,,,,,,,,,
"9/4/2025, 10:22:51 AM",3.667,77.9,100,16,2025-09-04T14:22:51.000Z,,,,,,,,,
"9/4/2025, 10:25:51 AM",3.667,77.9,100,16,2025-09-04T14:25:51.000Z,,,,,,,,,
"9/4/2025, 10:28:51 AM",3.666,77.9,100,16,2025-09-04T14:28:51.000Z,,,,,,,,,
"9/4/2025, 10:31:51 AM",3.667,77.9,100,16,2025-09-04T14:31:51.000Z,,,,,,,,,
"9/4/2025, 10:34:51 AM",3.667,78.1,100,17,2025-09-04T14:34:51.000Z,,,,,,,,,
"9/4/2025, 10:37:51 AM",3.667,78.3,100,17,2025-09-04T14:37:51.000Z,,,,,,,,,
"9/4/2025, 10:40:51 AM",3.667,78.6,100,17,2025-09-04T14:40:51.000Z,,,,,,,,,
"9/4/2025, 10:43:51 AM",3.667,79,100,17,2025-09-04T14:43:51.000Z,,,,,,,,,
"9/4/2025, 10:46:51 AM",3.667,79,100,18,2025-09-04T14:46:51.000Z,,,,,,,,,
"9/4/2025, 10:49:51 AM",3.666,79.3,100,18,2025-09-04T14:49:51.000Z,,,,,,,,,
"9/4/2025, 10:52:51 AM",3.666,79.7,100,19,2025-09-04T14:52:51.000Z,,,,,,,,,
"9/4/2025, 10:55:51 AM",3.667,80.1,100,19,2025-09-04T14:55:51.000Z,,,,,,,,,
"9/4/2025, 10:58:51 AM",3.666,80.6,100,19,2025-09-04T14:58:51.000Z,,,,,,,,,
"9/4/2025, 11:01:51 AM",3.667,81,100,20,2025-09-04T15:01:51.000Z,,,,,,,,,
"9/4/2025, 11:04:51 AM",3.666,81.3,100,20,2025-09-04T15:04:51.000Z,,,,,,,,,
"9/4/2025, 11:07:51 AM",3.666,81.7,100,21,2025-09-04T15:07:51.000Z,,,,,,,,,
"9/4/2025, 11:10:51 AM",3.666,82,100,21,2025-09-04T15:10:51.000Z,,,,,,,,,
"9/4/2025, 11:13:51 AM",3.666,82.4,100,22,2025-09-04T15:13:51.000Z,,,,,,,,,
"9/4/2025, 11:16:51 AM",3.666,82.8,100,23,2025-09-04T15:16:51.000Z,,,,,,,,,
"9/4/2025, 11:19:51 AM",3.666,83.1,100,23,2025-09-04T15:19:51.000Z,,,,,,,,,
"9/4/2025, 11:22:51 AM",3.666,83.5,100,23,2025-09-04T15:22:51.000Z,,,,,,,,,
"9/4/2025, 11:25:51 AM",3.666,83.7,100,23,2025-09-04T15:25:51.000Z,,,,,,,,,
"9/4/2025, 11:28:51 AM",3.666,83.8,100,23,2025-09-04T15:28:51.000Z,,,,,,,,,
"9/4/2025, 11:31:51 AM",3.666,84,100,23,2025-09-04T15:31:51.000Z,,,,,,,,,
"9/4/2025, 11:34:51 AM",3.666,84.2,100,23,2025-09-04T15:34:51.000Z,,,,,,,,,
"9/4/2025, 11:37:51 AM",3.666,84.4,100,24,2025-09-04T15:37:51.000Z,,,,,,,,,
"9/4/2025, 11:40:51 AM",3.666,84.6,100,24,2025-09-04T15:40:51.000Z,,,,,,,,,
"9/4/2025, 11:43:51 AM",3.665,84.7,100,24,2025-09-04T15:43:51.000Z,,,,,,,,,
"9/4/2025, 11:46:51 AM",3.666,84.9,100,24,2025-09-04T15:46:51.000Z,,,,,,,,,
"9/4/2025, 11:49:51 AM",3.665,84.9,100,23,2025-09-04T15:49:51.000Z,,,,,,,,,
"9/4/2025, 11:52:51 AM",3.666,85.1,100,23,2025-09-04T15:52:51.000Z,,,,,,,,,
"9/4/2025, 11:55:51 AM",3.665,85.1,100,23,2025-09-04T15:55:51.000Z,,,,,,,,,
"9/4/2025, 11:58:51 AM",3.665,85.1,100,23,2025-09-04T15:58:51.000Z,,,,,,,,,
"9/4/2025, 12:01:51 PM",3.665,85.3,100,24,2025-09-04T16:01:51.000Z,,,,,,,,,
"9/4/2025, 12:04:51 PM",3.665,85.5,100,24,2025-09-04T16:04:51.000Z,,,,,,,,,
"9/4/2025, 12:07:51 PM",3.665,85.6,100,24,2025-09-04T16:07:51.000Z,,,,,,,,,
"9/4/2025, 12:10:51 PM",3.666,85.6,100,23,2025-09-04T16:10:51.000Z,,,,,,,,,
"9/4/2025, 12:13:51 PM",3.665,85.6,100,24,2025-09-04T16:13:51.000Z,,,,,,,,,
"9/4/2025, 12:16:51 PM",3.666,85.8,100,23,2025-09-04T16:16:51.000Z,,,,,,,,,
"9/4/2025, 12:19:51 PM",3.665,85.8,100,23,2025-09-04T16:19:51.000Z,,,,,,,,,
"9/4/2025, 12:22:51 PM",3.665,86,100,23,2025-09-04T16:22:51.000Z,,,,,,,,,
"9/4/2025, 12:25:51 PM",3.665,86,100,24,2025-09-04T16:25:51.000Z,,,,,,,,,
"9/4/2025, 12:28:51 PM",3.665,86.2,100,24,2025-09-04T16:28:51.000Z,,,,,,,,,
"9/4/2025, 12:31:51 PM",3.665,86.2,100,24,2025-09-04T16:31:51.000Z,,,,,,,,,
"9/4/2025, 12:34:51 PM",3.665,86.4,100,24,2025-09-04T16:34:51.000Z,,,,,,,,,
"9/4/2025, 12:37:51 PM",3.665,86.5,100,24,2025-09-04T16:37:51.000Z,,,,,,,,,
"9/4/2025, 12:40:51 PM",3.665,86.5,100,25,2025-09-04T16:40:51.000Z,,,,,,,,,
"9/4/2025, 12:43:51 PM",3.665,86.7,100,24,2025-09-04T16:43:51.000Z,,,,,,,,,
"9/4/2025, 12:46:51 PM",3.665,86.7,100,24,2025-09-04T16:46:51.000Z,,,,,,,,,
"9/4/2025, 12:49:51 PM",3.665,86.7,100,24,2025-09-04T16:49:51.000Z,,,,,,,,,
"9/4/2025, 12:52:51 PM",3.665,86.9,100,24,2025-09-04T16:52:51.000Z,,,,,,,,,
"9/4/2025, 12:55:51 PM",3.665,86.9,100,24,2025-09-04T16:55:51.000Z,,,,,,,,,
"9/4/2025, 12:58:51 PM",3.665,86.9,100,25,2025-09-04T16:58:51.000Z,,,,,,,,,
"9/4/2025, 1:01:51 PM",3.665,87.1,100,25,2025-09-04T17:01:51.000Z,,,,,,,,,
"9/4/2025, 1:04:51 PM",3.665,87.1,100,24,2025-09-04T17:04:51.000Z,,,,,,,,,
"9/4/2025, 1:07:51 PM",3.665,87.3,100,25,2025-09-04T17:07:51.000Z,,,,,,,,,
"9/4/2025, 1:10:51 PM",3.665,87.3,100,25,2025-09-04T17:10:51.000Z,,,,,,,,,
"9/4/2025, 1:13:51 PM",3.665,87.4,100,25,2025-09-04T17:13:51.000Z,,,,,,,,,
"9/4/2025, 1:16:51 PM",3.665,87.6,100,25,2025-09-04T17:16:51.000Z,,,,,,,,,
"9/4/2025, 1:19:51 PM",3.665,87.8,100,26,2025-09-04T17:19:51.000Z,,,,,,,,,
"9/4/2025, 1:22:51 PM",3.665,88,100,26,2025-09-04T17:22:51.000Z,,,,,,,,,
"9/4/2025, 1:25:51 PM",3.665,88.2,100,26,2025-09-04T17:25:51.000Z,,,,,,,,,
"9/4/2025, 1:28:51 PM",3.665,88.5,100,27,2025-09-04T17:28:51.000Z,,,,,,,,,
"9/4/2025, 1:31:51 PM",3.665,88.7,100,27,2025-09-04T17:31:51.000Z,,,,,,,,,
"9/4/2025, 1:34:51 PM",3.665,88.9,100,28,2025-09-04T17:34:51.000Z,,,,,,,,,
"9/4/2025, 1:37:51 PM",3.665,88.9,100,28,2025-09-04T17:37:51.000Z,,,,,,,,,
"9/4/2025, 1:40:51 PM",3.665,89.1,100,27,2025-09-04T17:40:51.000Z,,,,,,,,,
"9/4/2025, 1:43:51 PM",3.665,89.2,100,28,2025-09-04T17:43:51.000Z,,,,,,,,,
"9/4/2025, 1:46:51 PM",3.664,89.4,100,28,2025-09-04T17:46:51.000Z,,,,,,,,,
"9/4/2025, 1:49:51 PM",3.665,89.4,100,27,2025-09-04T17:49:51.000Z,,,,,,,,,
"9/4/2025, 1:52:51 PM",3.664,89.4,100,26,2025-09-04T17:52:51.000Z,,,,,,,,,
"9/4/2025, 1:55:51 PM",3.665,89.6,100,27,2025-09-04T17:55:51.000Z,,,,,,,,,
"9/4/2025, 1:58:51 PM",3.665,89.6,100,26,2025-09-04T17:58:51.000Z,,,,,,,,,
"9/4/2025, 2:01:51 PM",3.665,89.6,100,26,2025-09-04T18:01:51.000Z,,,,,,,,,
"9/4/2025, 2:04:51 PM",3.665,89.6,100,26,2025-09-04T18:04:51.000Z,,,,,,,,,
"9/4/2025, 2:07:51 PM",3.664,89.6,100,25,2025-09-04T18:07:51.000Z,,,,,,,,,
"9/4/2025, 2:10:51 PM",3.664,89.6,100,26,2025-09-04T18:10:51.000Z,,,,,,,,,
"9/4/2025, 2:13:51 PM",3.665,89.8,100,26,2025-09-04T18:13:51.000Z,,,,,,,,,
"9/4/2025, 2:16:51 PM",3.664,90,100,26,2025-09-04T18:16:51.000Z,,,,,,,,,
"9/4/2025, 2:19:51 PM",3.664,90.1,100,26,2025-09-04T18:19:51.000Z,,,,,,,,,
"9/4/2025, 2:22:51 PM",3.664,90.3,100,25,2025-09-04T18:22:51.000Z,,,,,,,,,
"9/4/2025, 2:25:51 PM",3.664,90.5,100,25,2025-09-04T18:25:51.000Z,,,,,,,,,
"9/4/2025, 2:28:51 PM",3.665,90.7,100,25,2025-09-04T18:28:51.000Z,,,,,,,,,
"9/4/2025, 2:31:51 PM",3.664,90.7,100,25,2025-09-04T18:31:51.000Z,,,,,,,,,
"9/4/2025, 2:34:51 PM",3.665,90.9,100,24,2025-09-04T18:34:51.000Z,,,,,,,,,
"9/4/2025, 2:37:51 PM",3.664,90.9,100,24,2025-09-04T18:37:51.000Z,,,,,,,,,
"9/4/2025, 2:40:51 PM",3.664,91,100,26,2025-09-04T18:40:51.000Z,,,,,,,,,
"9/4/2025, 2:43:51 PM",3.664,91.2,100,25,2025-09-04T18:43:51.000Z,,,,,,,,,
"9/4/2025, 2:46:51 PM",3.664,91.4,100,25,2025-09-04T18:46:51.000Z,,,,,,,,,
"9/4/2025, 2:49:51 PM",3.664,91.4,100,25,2025-09-04T18:49:51.000Z,,,,,,,,,
"9/4/2025, 2:52:51 PM",3.664,91.6,100,26,2025-09-04T18:52:51.000Z,,,,,,,,,
"9/4/2025, 2:55:51 PM",3.664,91.6,100,27,2025-09-04T18:55:51.000Z,,,,,,,,,
"9/4/2025, 2:58:51 PM",3.664,91.8,100,24,2025-09-04T18:58:51.000Z,,,,,,,,,
"9/4/2025, 3:01:51 PM",3.664,91.8,100,25,2025-09-04T19:01:51.000Z,,,,,,,,,
"9/4/2025, 3:04:51 PM",3.664,91.9,100,26,2025-09-04T19:04:51.000Z,,,,,,,,,
"9/4/2025, 3:07:51 PM",3.664,91.9,100,26,2025-09-04T19:07:51.000Z,,,,,,,,,
"9/4/2025, 3:10:51 PM",3.664,92.1,100,25,2025-09-04T19:10:51.000Z,,,,,,,,,
"9/4/2025, 3:13:51 PM",3.664,92.1,100,25,2025-09-04T19:13:51.000Z,,,,,,,,,
"9/4/2025, 3:16:51 PM",3.664,92.3,100,25,2025-09-04T19:16:51.000Z,,,,,,,,,
"9/4/2025, 3:19:51 PM",3.664,92.3,100,26,2025-09-04T19:19:51.000Z,,,,,,,,,
"9/4/2025, 3:22:51 PM",3.664,92.5,100,25,2025-09-04T19:22:51.000Z,,,,,,,,,
"9/4/2025, 3:25:51 PM",3.664,92.5,100,25,2025-09-04T19:25:51.000Z,,,,,,,,,
"9/4/2025, 3:28:51 PM",3.664,92.5,100,25,2025-09-04T19:28:51.000Z,,,,,,,,,
"9/4/2025, 3:31:51 PM",3.664,92.7,100,25,2025-09-04T19:31:51.000Z,,,,,,,,,
"9/4/2025, 3:34:51 PM",3.664,92.7,100,26,2025-09-04T19:34:51.000Z,,,,,,,,,
"9/4/2025, 3:37:51 PM",3.664,92.7,100,25,2025-09-04T19:37:51.000Z,,,,,,,,,
"9/4/2025, 3:40:51 PM",3.664,92.8,100,24,2025-09-04T19:40:51.000Z,,,,,,,,,
"9/4/2025, 3:43:51 PM",3.664,92.8,100,24,2025-09-04T19:43:51.000Z,,,,,,,,,
"9/4/2025, 3:46:51 PM",3.664,92.8,100,24,2025-09-04T19:46:51.000Z,,,,,,,,,
"9/4/2025, 3:49:51 PM",3.664,93,100,24,2025-09-04T19:49:51.000Z,,,,,,,,,
"9/4/2025, 3:52:51 PM",3.664,93,100,25,2025-09-04T19:52:51.000Z,,,,,,,,,
"9/4/2025, 3:55:51 PM",3.664,93.2,100,25,2025-09-04T19:55:51.000Z,,,,,,,,,
"9/4/2025, 3:58:51 PM",3.664,93.2,100,24,2025-09-04T19:58:51.000Z,,,,,,,,,
"9/4/2025, 4:01:51 PM",3.664,93.2,100,23,2025-09-04T20:01:51.000Z,,,,,,,,,
"9/4/2025, 4:04:51 PM",3.664,93.2,100,24,2025-09-04T20:04:51.000Z,,,,,,,,,
"9/4/2025, 4:07:51 PM",3.664,93.2,100,25,2025-09-04T20:07:51.000Z,,,,,,,,,
"9/4/2025, 4:10:51 PM",3.664,93.4,100,26,2025-09-04T20:10:51.000Z,,,,,,,,,
"9/4/2025, 4:13:51 PM",3.664,93.4,100,26,2025-09-04T20:13:51.000Z,,,,,,,,,
"9/4/2025, 4:16:51 PM",3.664,93.4,100,26,2025-09-04T20:16:51.000Z,,,,,,,,,
"9/4/2025, 4:19:51 PM",3.664,93.4,100,25,2025-09-04T20:19:51.000Z,,,,,,,,,
"9/4/2025, 4:22:51 PM",3.664,93.4,100,25,2025-09-04T20:22:51.000Z,,,,,,,,,
"9/4/2025, 4:25:51 PM",3.664,93.6,100,24,2025-09-04T20:25:51.000Z,,,,,,,,,
"9/4/2025, 4:28:51 PM",3.664,93.6,100,25,2025-09-04T20:28:51.000Z,,,,,,,,,
"9/4/2025, 4:31:51 PM",3.664,93.6,100,24,2025-09-04T20:31:51.000Z,,,,,,,,,
"9/4/2025, 4:34:51 PM",3.664,93.6,100,24,2025-09-04T20:34:51.000Z,,,,,,,,,
"9/4/2025, 4:37:51 PM",3.664,93.6,100,23,2025-09-04T20:37:51.000Z,,,,,,,,,
"9/4/2025, 4:40:51 PM",3.664,93.6,100,23,2025-09-04T20:40:51.000Z,,,,,,,,,
"9/4/2025, 4:43:51 PM",3.663,93.6,100,24,2025-09-04T20:43:51.000Z,,,,,,,,,
"9/4/2025, 4:46:51 PM",3.664,93.4,100,24,2025-09-04T20:46:51.000Z,,,,,,,,,
"9/4/2025, 4:49:51 PM",3.664,93.4,100,24,2025-09-04T20:49:51.000Z,,,,,,,,,
"9/4/2025, 4:52:51 PM",3.664,93.4,100,24,2025-09-04T20:52:51.000Z,,,,,,,,,
"9/4/2025, 4:55:51 PM",3.664,93.4,100,23,2025-09-04T20:55:51.000Z,,,,,,,,,
"9/4/2025, 4:58:51 PM",3.664,93.2,100,24,2025-09-04T20:58:51.000Z,,,,,,,,,
"9/4/2025, 5:01:51 PM",3.664,93.2,100,24,2025-09-04T21:01:51.000Z,,,,,,,,,
"9/4/2025, 5:04:51 PM",3.664,93.2,100,24,2025-09-04T21:04:51.000Z,,,,,,,,,
"9/4/2025, 5:07:51 PM",3.664,93,100,22,2025-09-04T21:07:51.000Z,,,,,,,,,
"9/4/2025, 5:10:51 PM",3.664,93,100,23,2025-09-04T21:10:51.000Z,,,,,,,,,
"9/4/2025, 5:13:51 PM",3.664,93,100,23,2025-09-04T21:13:51.000Z,,,,,,,,,
"9/4/2025, 5:16:51 PM",3.664,92.8,100,22,2025-09-04T21:16:51.000Z,,,,,,,,,
"9/4/2025, 5:19:51 PM",3.664,92.8,100,23,2025-09-04T21:19:51.000Z,,,,,,,,,
"9/4/2025, 5:22:51 PM",3.665,92.8,100,24,2025-09-04T21:22:51.000Z,,,,,,,,,
"9/4/2025, 5:25:51 PM",3.664,92.8,100,24,2025-09-04T21:25:51.000Z,,,,,,,,,
"9/4/2025, 5:28:51 PM",3.664,92.7,100,23,2025-09-04T21:28:51.000Z,,,,,,,,,
"9/4/2025, 5:31:51 PM",3.664,92.7,100,23,2025-09-04T21:31:51.000Z,,,,,,,,,
"9/4/2025, 5:34:51 PM",3.664,92.7,100,23,2025-09-04T21:34:51.000Z,,,,,,,,,
"9/4/2025, 5:37:51 PM",3.664,92.5,100,23,2025-09-04T21:37:51.000Z,,,,,,,,,
"9/4/2025, 5:40:51 PM",3.664,92.5,100,23,2025-09-04T21:40:51.000Z,,,,,,,,,
"9/4/2025, 5:43:51 PM",3.665,92.3,100,22,2025-09-04T21:43:51.000Z,,,,,,,,,
"9/4/2025, 5:46:51 PM",3.664,92.3,100,22,2025-09-04T21:46:51.000Z,,,,,,,,,
"9/4/2025, 5:49:51 PM",3.665,92.1,100,21,2025-09-04T21:49:51.000Z,,,,,,,,,
"9/4/2025, 5:52:51 PM",3.665,92.1,100,22,2025-09-04T21:52:51.000Z,,,,,,,,,
"9/4/2025, 5:55:51 PM",3.665,91.9,100,22,2025-09-04T21:55:51.000Z,,,,,,,,,
"9/4/2025, 5:58:51 PM",3.665,91.8,100,21,2025-09-04T21:58:51.000Z,,,,,,,,,
"9/4/2025, 6:01:51 PM",3.665,91.8,100,22,2025-09-04T22:01:51.000Z,,,,,,,,,
"9/4/2025, 6:04:51 PM",3.665,91.6,100,22,2025-09-04T22:04:51.000Z,,,,,,,,,
"9/4/2025, 6:07:51 PM",3.665,91.4,100,21,2025-09-04T22:07:51.000Z,,,,,,,,,
"9/4/2025, 6:10:51 PM",3.665,91.2,100,21,2025-09-04T22:10:51.000Z,,,,,,,,,
"9/4/2025, 6:13:51 PM",3.665,91,100,21,2025-09-04T22:13:51.000Z,,,,,,,,,
"9/4/2025, 6:16:51 PM",3.665,90.9,100,21,2025-09-04T22:16:51.000Z,,,,,,,,,
"9/4/2025, 6:19:51 PM",3.664,90.7,100,21,2025-09-04T22:19:51.000Z,,,,,,,,,
"9/4/2025, 6:22:51 PM",3.665,90.5,100,21,2025-09-04T22:22:51.000Z,,,,,,,,,
"9/4/2025, 6:25:51 PM",3.665,90.3,100,21,2025-09-04T22:25:51.000Z,,,,,,,,,
"9/4/2025, 6:28:51 PM",3.665,90.1,100,20,2025-09-04T22:28:51.000Z,,,,,,,,,
"9/4/2025, 6:31:51 PM",3.665,90,100,21,2025-09-04T22:31:51.000Z,,,,,,,,,
"9/4/2025, 6:34:51 PM",3.665,89.6,100,20,2025-09-04T22:34:51.000Z,,,,,,,,,
"9/4/2025, 6:37:51 PM",3.665,89.4,100,21,2025-09-04T22:37:51.000Z,,,,,,,,,
"9/4/2025, 6:40:51 PM",3.665,89.2,100,20,2025-09-04T22:40:51.000Z,,,,,,,,,
"9/4/2025, 6:43:51 PM",3.665,88.9,100,20,2025-09-04T22:43:51.000Z,,,,,,,,,
"9/4/2025, 6:46:51 PM",3.665,88.9,100,20,2025-09-04T22:46:51.000Z,,,,,,,,,
"9/4/2025, 6:49:51 PM",3.665,88.5,100,20,2025-09-04T22:49:51.000Z,,,,,,,,,
"9/4/2025, 6:52:51 PM",3.665,88.2,100,20,2025-09-04T22:52:51.000Z,,,,,,,,,
"9/4/2025, 6:55:51 PM",3.666,88,100,20,2025-09-04T22:55:51.000Z,,,,,,,,,
"9/4/2025, 6:58:51 PM",3.666,87.6,100,20,2025-09-04T22:58:51.000Z,,,,,,,,,
"9/4/2025, 7:01:51 PM",3.666,87.4,100,20,2025-09-04T23:01:51.000Z,,,,,,,,,
"9/4/2025, 7:04:51 PM",3.665,87.3,100,20,2025-09-04T23:04:51.000Z,,,,,,,,,
"9/4/2025, 7:07:51 PM",3.666,86.9,100,20,2025-09-04T23:07:51.000Z,,,,,,,,,
"9/4/2025, 7:10:51 PM",3.666,86.7,100,19,2025-09-04T23:10:51.000Z,,,,,,,,,
"9/4/2025, 7:13:51 PM",3.666,86.4,100,19,2025-09-04T23:13:51.000Z,,,,,,,,,
"9/4/2025, 7:16:51 PM",3.666,86.2,100,19,2025-09-04T23:16:51.000Z,,,,,,,,,
"9/4/2025, 7:19:51 PM",3.666,85.8,100,18,2025-09-04T23:19:51.000Z,,,,,,,,,
"9/4/2025, 7:22:51 PM",3.666,85.5,100,17,2025-09-04T23:22:51.000Z,,,,,,,,,
"9/4/2025, 7:25:51 PM",3.666,85.3,100,17,2025-09-04T23:25:51.000Z,,,,,,,,,
"9/4/2025, 7:28:51 PM",3.666,84.9,100,16,2025-09-04T23:28:51.000Z,,,,,,,,,
"9/4/2025, 7:31:51 PM",3.666,84.6,100,16,2025-09-04T23:31:51.000Z,,,,,,,,,
"9/4/2025, 7:34:51 PM",3.666,84.2,100,16,2025-09-04T23:34:51.000Z,,,,,,,,,
"9/4/2025, 7:37:51 PM",3.666,84,100,16,2025-09-04T23:37:51.000Z,,,,,,,,,
"9/4/2025, 7:40:51 PM",3.667,83.7,100,16,2025-09-04T23:40:51.000Z,,,,,,,,,
"9/4/2025, 7:43:51 PM",3.666,83.3,100,16,2025-09-04T23:43:51.000Z,,,,,,,,,
"9/4/2025, 7:46:51 PM",3.667,83.1,100,15,2025-09-04T23:46:51.000Z,,,,,,,,,
"9/4/2025, 7:49:51 PM",3.667,82.8,100,15,2025-09-04T23:49:51.000Z,,,,,,,,,
"9/4/2025, 7:52:51 PM",3.666,82.4,100,15,2025-09-04T23:52:51.000Z,,,,,,,,,
"9/4/2025, 7:55:51 PM",3.667,82.2,100,15,2025-09-04T23:55:51.000Z,,,,,,,,,
"9/4/2025, 7:58:51 PM",3.667,81.9,100,15,2025-09-04T23:58:51.000Z,,,,,,,,,
"9/4/2025, 8:01:51 PM",3.667,81.7,100,15,2025-09-05T00:01:51.000Z,,,,,,,,,
"9/4/2025, 8:04:51 PM",3.667,81.3,100,15,2025-09-05T00:04:51.000Z,,,,,,,,,
"9/4/2025, 8:07:51 PM",3.667,81.1,100,14,2025-09-05T00:07:51.000Z,,,,,,,,,
"9/4/2025, 8:10:51 PM",3.667,80.8,100,14,2025-09-05T00:10:51.000Z,,,,,,,,,
"9/4/2025, 8:13:51 PM",3.667,80.6,100,14,2025-09-05T00:13:51.000Z,,,,,,,,,
"9/4/2025, 8:16:51 PM",3.667,80.2,100,14,2025-09-05T00:16:51.000Z,,,,,,,,,
"9/4/2025, 8:19:51 PM",3.667,80.1,100,14,2025-09-05T00:19:51.000Z,,,,,,,,,
"9/4/2025, 8:22:51 PM",3.667,79.7,100,14,2025-09-05T00:22:51.000Z,,,,,,,,,
"9/4/2025, 8:25:51 PM",3.667,79.5,100,14,2025-09-05T00:25:51.000Z,,,,,,,,,
"9/4/2025, 8:28:51 PM",3.667,79.2,100,14,2025-09-05T00:28:51.000Z,,,,,,,,,
"9/4/2025, 8:31:51 PM",3.667,79,100,13,2025-09-05T00:31:51.000Z,,,,,,,,,
"9/4/2025, 8:34:51 PM",3.667,79,100,13,2025-09-05T00:34:51.000Z,,,,,,,,,
"9/4/2025, 8:37:51 PM",3.667,78.6,100,13,2025-09-05T00:37:51.000Z,,,,,,,,,
"9/4/2025, 8:40:51 PM",3.667,78.3,100,13,2025-09-05T00:40:51.000Z,,,,,,,,,
"9/4/2025, 8:43:51 PM",3.667,78.1,100,13,2025-09-05T00:43:51.000Z,,,,,,,,,
"9/4/2025, 8:46:51 PM",3.668,77.9,100,13,2025-09-05T00:46:51.000Z,,,,,,,,,
"9/4/2025, 8:49:51 PM",3.668,77.7,100,13,2025-09-05T00:49:51.000Z,,,,,,,,,
"9/4/2025, 8:52:51 PM",3.668,77.5,100,13,2025-09-05T00:52:51.000Z,,,,,,,,,
"9/4/2025, 8:55:51 PM",3.668,77.4,100,12,2025-09-05T00:55:51.000Z,,,,,,,,,
"9/4/2025, 8:58:51 PM",3.667,77.2,100,12,2025-09-05T00:58:51.000Z,,,,,,,,,
"9/4/2025, 9:01:51 PM",3.668,77,100,12,2025-09-05T01:01:51.000Z,,,,,,,,,
"9/4/2025, 9:04:51 PM",3.668,76.8,100,12,2025-09-05T01:04:51.000Z,,,,,,,,,
"9/4/2025, 9:07:51 PM",3.667,76.6,100,12,2025-09-05T01:07:51.000Z,,,,,,,,,
"9/4/2025, 9:10:51 PM",3.667,76.5,100,12,2025-09-05T01:10:51.000Z,,,,,,,,,
"9/4/2025, 9:13:51 PM",3.668,76.3,100,12,2025-09-05T01:13:51.000Z,,,,,,,,,
"9/4/2025, 9:16:51 PM",3.668,76.1,100,12,2025-09-05T01:16:51.000Z,,,,,,,,,
"9/4/2025, 9:19:51 PM",3.668,76.1,100,12,2025-09-05T01:19:51.000Z,,,,,,,,,
"9/4/2025, 9:22:51 PM",3.667,75.9,100,12,2025-09-05T01:22:51.000Z,,,,,,,,,
"9/4/2025, 9:25:51 PM",3.668,75.7,100,12,2025-09-05T01:25:51.000Z,,,,,,,,,
"9/4/2025, 9:28:51 PM",3.667,75.7,100,12,2025-09-05T01:28:51.000Z,,,,,,,,,
"9/4/2025, 9:31:51 PM",3.668,75.6,100,12,2025-09-05T01:31:51.000Z,,,,,,,,,
"9/4/2025, 9:34:51 PM",3.668,75.6,100,12,2025-09-05T01:34:51.000Z,,,,,,,,,
"9/4/2025, 9:37:51 PM",3.668,75.4,100,12,2025-09-05T01:37:51.000Z,,,,,,,,,
"9/4/2025, 9:40:51 PM",3.668,75.4,100,12,2025-09-05T01:40:51.000Z,,,,,,,,,
"9/4/2025, 9:43:51 PM",3.668,75.2,100,12,2025-09-05T01:43:51.000Z,,,,,,,,,
"9/4/2025, 9:46:51 PM",3.668,75.2,100,12,2025-09-05T01:46:51.000Z,,,,,,,,,
"9/4/2025, 9:49:51 PM",3.668,75,100,12,2025-09-05T01:49:51.000Z,,,,,,,,,
"9/4/2025, 9:52:51 PM",3.668,75,100,12,2025-09-05T01:52:51.000Z,,,,,,,,,
"9/4/2025, 9:55:51 PM",3.668,74.8,100,12,2025-09-05T01:55:51.000Z,,,,,,,,,
"9/4/2025, 9:58:51 PM",3.668,74.8,100,12,2025-09-05T01:58:51.000Z,,,,,,,,,
"9/4/2025, 10:01:51 PM",3.668,74.8,100,11,2025-09-05T02:01:51.000Z,,,,,,,,,
"9/4/2025, 10:04:51 PM",3.668,74.7,100,11,2025-09-05T02:04:51.000Z,,,,,,,,,
"9/4/2025, 10:07:51 PM",3.668,74.7,100,11,2025-09-05T02:07:51.000Z,,,,,,,,,
"9/4/2025, 10:10:51 PM",3.668,74.5,100,11,2025-09-05T02:10:51.000Z,,,,,,,,,
"9/4/2025, 10:13:51 PM",3.667,74.5,100,11,2025-09-05T02:13:51.000Z,,,,,,,,,
"9/4/2025, 10:16:51 PM",3.668,74.5,100,11,2025-09-05T02:16:51.000Z,,,,,,,,,
"9/4/2025, 10:19:51 PM",3.667,74.3,100,11,2025-09-05T02:19:51.000Z,,,,,,,,,
"9/4/2025, 10:22:51 PM",3.668,74.3,100,11,2025-09-05T02:22:51.000Z,,,,,,,,,
"9/4/2025, 10:25:51 PM",3.668,74.3,100,11,2025-09-05T02:25:51.000Z,,,,,,,,,
"9/4/2025, 10:28:51 PM",3.667,74.1,100,11,2025-09-05T02:28:51.000Z,,,,,,,,,
"9/4/2025, 10:31:51 PM",3.668,74.1,100,11,2025-09-05T02:31:51.000Z,,,,,,,,,
"9/4/2025, 10:34:51 PM",3.668,74.1,100,11,2025-09-05T02:34:51.000Z,,,,,,,,,
"9/4/2025, 10:37:51 PM",3.667,73.9,100,11,2025-09-05T02:37:51.000Z,,,,,,,,,
"9/4/2025, 10:40:51 PM",3.667,73.9,100,11,2025-09-05T02:40:51.000Z,,,,,,,,,
"9/4/2025, 10:43:51 PM",3.668,73.9,100,11,2025-09-05T02:43:51.000Z,,,,,,,,,
"9/4/2025, 10:46:51 PM",3.668,73.8,100,11,2025-09-05T02:46:51.000Z,,,,,,,,,
"9/4/2025, 10:49:51 PM",3.668,73.8,100,11,2025-09-05T02:49:51.000Z,,,,,,,,,
"9/4/2025, 10:52:51 PM",3.668,73.8,100,11,2025-09-05T02:52:51.000Z,,,,,,,,,
"9/4/2025, 10:55:51 PM",3.668,73.8,100,11,2025-09-05T02:55:51.000Z,,,,,,,,,
"9/4/2025, 10:58:51 PM",3.667,73.6,100,11,2025-09-05T02:58:51.000Z,,,,,,,,,
"9/4/2025, 11:01:51 PM",3.668,73.6,100,11,2025-09-05T03:01:51.000Z,,,,,,,,,
"9/4/2025, 11:04:51 PM",3.668,73.6,100,11,2025-09-05T03:04:51.000Z,,,,,,,,,
"9/4/2025, 11:07:51 PM",3.667,73.4,100,11,2025-09-05T03:07:51.000Z,,,,,,,,,
"9/4/2025, 11:10:51 PM",3.667,73.4,100,11,2025-09-05T03:10:51.000Z,,,,,,,,,
"9/4/2025, 11:13:51 PM",3.667,73.4,100,11,2025-09-05T03:13:51.000Z,,,,,,,,,
"9/4/2025, 11:16:51 PM",3.668,73.2,100,11,2025-09-05T03:16:51.000Z,,,,,,,,,
"9/4/2025, 11:19:51 PM",3.668,73.2,100,11,2025-09-05T03:19:51.000Z,,,,,,,,,
"9/4/2025, 11:22:51 PM",3.668,73.2,100,11,2025-09-05T03:22:51.000Z,,,,,,,,,
"9/4/2025, 11:25:51 PM",3.668,73,100,11,2025-09-05T03:25:51.000Z,,,,,,,,,
"9/4/2025, 11:28:51 PM",3.668,73,100,11,2025-09-05T03:28:51.000Z,,,,,,,,,
"9/4/2025, 11:31:51 PM",3.667,73,100,10,2025-09-05T03:31:51.000Z,,,,,,,,,
"9/4/2025, 11:34:51 PM",3.667,72.9,100,10,2025-09-05T03:34:51.000Z,,,,,,,,,
"9/4/2025, 11:37:51 PM",3.667,72.9,100,10,2025-09-05T03:37:51.000Z,,,,,,,,,
"9/4/2025, 11:40:51 PM",3.667,72.9,100,10,2025-09-05T03:40:51.000Z,,,,,,,,,
"9/4/2025, 11:43:51 PM",3.668,72.7,100,10,2025-09-05T03:43:51.000Z,,,,,,,,,
"9/4/2025, 11:46:51 PM",3.667,72.7,100,10,2025-09-05T03:46:51.000Z,,,,,,,,,
"9/4/2025, 11:49:51 PM",3.668,72.7,100,10,2025-09-05T03:49:51.000Z,,,,,,,,,
"9/4/2025, 11:52:51 PM",3.668,72.5,100,10,2025-09-05T03:52:51.000Z,,,,,,,,,
"9/4/2025, 11:55:51 PM",3.667,72.5,100,10,2025-09-05T03:55:51.000Z,,,,,,,,,
"9/4/2025, 11:58:51 PM",3.668,72.5,100,10,2025-09-05T03:58:51.000Z,,,,,,,,,
"9/5/2025, 12:01:51 AM",3.667,72.3,100,10,2025-09-05T04:01:51.000Z,,,,,,,,,
"9/5/2025, 12:04:51 AM",3.668,72.3,100,10,2025-09-05T04:04:51.000Z,,,,,,,,,
"9/5/2025, 12:07:51 AM",3.668,72.3,100,10,2025-09-05T04:07:51.000Z,,,,,,,,,
"9/5/2025, 12:10:51 AM",3.668,72.3,100,10,2025-09-05T04:10:51.000Z,,,,,,,,,
"9/5/2025, 12:13:51 AM",3.667,72.1,100,10,2025-09-05T04:13:51.000Z,,,,,,,,,
"9/5/2025, 12:16:51 AM",3.667,72.1,100,10,2025-09-05T04:16:51.000Z,,,,,,,,,
"9/5/2025, 12:19:51 AM",3.668,72.1,100,10,2025-09-05T04:19:51.000Z,,,,,,,,,
"9/5/2025, 12:22:51 AM",3.667,72,100,10,2025-09-05T04:22:51.000Z,,,,,,,,,
"9/5/2025, 12:25:51 AM",3.667,72,100,10,2025-09-05T04:25:51.000Z,,,,,,,,,
"9/5/2025, 12:28:51 AM",3.667,72,100,10,2025-09-05T04:28:51.000Z,,,,,,,,,
"9/5/2025, 12:31:51 AM",3.667,71.8,100,10,2025-09-05T04:31:51.000Z,,,,,,,,,
"9/5/2025, 12:34:51 AM",3.667,71.8,100,10,2025-09-05T04:34:51.000Z,,,,,,,,,
"9/5/2025, 12:37:51 AM",3.667,71.8,100,10,2025-09-05T04:37:51.000Z,,,,,,,,,
"9/5/2025, 12:40:51 AM",3.668,71.8,100,10,2025-09-05T04:40:51.000Z,,,,,,,,,
"9/5/2025, 12:43:51 AM",3.668,71.8,100,10,2025-09-05T04:43:51.000Z,,,,,,,,,
"9/5/2025, 12:46:51 AM",3.667,71.6,100,10,2025-09-05T04:46:51.000Z,,,,,,,,,
"9/5/2025, 12:49:51 AM",3.668,71.6,100,10,2025-09-05T04:49:51.000Z,,,,,,,,,
"9/5/2025, 12:52:51 AM",3.668,71.6,100,10,2025-09-05T04:52:51.000Z,,,,,,,,,
"9/5/2025, 12:55:51 AM",3.668,71.6,100,10,2025-09-05T04:55:51.000Z,,,,,,,,,
"9/5/2025, 12:58:51 AM",3.668,71.6,100,10,2025-09-05T04:58:51.000Z,,,,,,,,,
"9/5/2025, 1:01:51 AM",3.668,71.4,100,10,2025-09-05T05:01:51.000Z,,,,,,,,,
"9/5/2025, 1:04:51 AM",3.667,71.4,100,10,2025-09-05T05:04:51.000Z,,,,,,,,,
"9/5/2025, 1:07:51 AM",3.668,71.4,100,10,2025-09-05T05:07:51.000Z,,,,,,,,,
"9/5/2025, 1:10:51 AM",3.667,71.4,100,10,2025-09-05T05:10:51.000Z,,,,,,,,,
"9/5/2025, 1:13:51 AM",3.667,71.4,100,10,2025-09-05T05:13:51.000Z,,,,,,,,,
"9/5/2025, 1:16:51 AM",3.667,71.4,100,10,2025-09-05T05:16:51.000Z,,,,,,,,,
"9/5/2025, 1:19:51 AM",3.668,71.2,100,10,2025-09-05T05:19:51.000Z,,,,,,,,,
"9/5/2025, 1:22:51 AM",3.668,71.2,100,9,2025-09-05T05:22:51.000Z,,,,,,,,,
"9/5/2025, 1:25:51 AM",3.667,71.2,100,9,2025-09-05T05:25:51.000Z,,,,,,,,,
"9/5/2025, 1:28:51 AM",3.667,71.2,100,9,2025-09-05T05:28:51.000Z,,,,,,,,,
"9/5/2025, 1:31:51 AM",3.668,71.2,100,9,2025-09-05T05:31:51.000Z,,,,,,,,,
"9/5/2025, 1:34:51 AM",3.667,71.2,100,9,2025-09-05T05:34:51.000Z,,,,,,,,,
"9/5/2025, 1:37:51 AM",3.668,71.1,100,9,2025-09-05T05:37:51.000Z,,,,,,,,,
"9/5/2025, 1:40:51 AM",3.667,71.1,100,9,2025-09-05T05:40:51.000Z,,,,,,,,,
"9/5/2025, 1:43:51 AM",3.667,71.1,100,9,2025-09-05T05:43:51.000Z,,,,,,,,,
"9/5/2025, 1:46:51 AM",3.667,71.1,100,9,2025-09-05T05:46:51.000Z,,,,,,,,,
"9/5/2025, 1:49:51 AM",3.667,71.1,100,9,2025-09-05T05:49:51.000Z,,,,,,,,,
"9/5/2025, 1:52:51 AM",3.668,71.1,100,9,2025-09-05T05:52:51.000Z,,,,,,,,,
"9/5/2025, 1:55:51 AM",3.667,70.9,100,9,2025-09-05T05:55:51.000Z,,,,,,,,,
"9/5/2025, 1:58:51 AM",3.667,70.9,100,9,2025-09-05T05:58:51.000Z,,,,,,,,,
"9/5/2025, 2:01:51 AM",3.668,70.9,100,9,2025-09-05T06:01:51.000Z,,,,,,,,,
"9/5/2025, 2:04:51 AM",3.667,70.9,100,9,2025-09-05T06:04:51.000Z,,,,,,,,,
"9/5/2025, 2:07:51 AM",3.667,70.9,100,9,2025-09-05T06:07:51.000Z,,,,,,,,,
"9/5/2025, 2:10:51 AM",3.668,70.9,100,9,2025-09-05T06:10:51.000Z,,,,,,,,,
"9/5/2025, 2:13:51 AM",3.667,70.9,100,9,2025-09-05T06:13:51.000Z,,,,,,,,,
"9/5/2025, 2:16:51 AM",3.668,70.7,100,9,2025-09-05T06:16:51.000Z,,,,,,,,,
"9/5/2025, 2:19:51 AM",3.667,70.7,100,9,2025-09-05T06:19:51.000Z,,,,,,,,,
"9/5/2025, 2:22:51 AM",3.668,70.7,100,9,2025-09-05T06:22:51.000Z,,,,,,,,,
"9/5/2025, 2:25:51 AM",3.667,70.7,100,9,2025-09-05T06:25:51.000Z,,,,,,,,,
"9/5/2025, 2:28:51 AM",3.667,70.7,100,9,2025-09-05T06:28:51.000Z,,,,,,,,,
"9/5/2025, 2:31:51 AM",3.667,70.7,100,9,2025-09-05T06:31:51.000Z,,,,,,,,,
"9/5/2025, 2:34:51 AM",3.667,70.7,100,9,2025-09-05T06:34:51.000Z,,,,,,,,,
"9/5/2025, 2:37:51 AM",3.667,70.5,100,9,2025-09-05T06:37:51.000Z,,,,,,,,,
"9/5/2025, 2:40:51 AM",3.667,70.5,100,9,2025-09-05T06:40:51.000Z,,,,,,,,,
"9/5/2025, 2:43:51 AM",3.667,70.5,100,9,2025-09-05T06:43:51.000Z,,,,,,,,,
"9/5/2025, 2:46:51 AM",3.667,70.5,100,9,2025-09-05T06:46:51.000Z,,,,,,,,,
"9/5/2025, 2:49:51 AM",3.667,70.5,100,9,2025-09-05T06:49:51.000Z,,,,,,,,,
"9/5/2025, 2:52:51 AM",3.667,70.5,100,9,2025-09-05T06:52:51.000Z,,,,,,,,,
"9/5/2025, 2:55:51 AM",3.667,70.5,100,9,2025-09-05T06:55:51.000Z,,,,,,,,,
"9/5/2025, 2:58:51 AM",3.668,70.3,100,9,2025-09-05T06:58:51.000Z,,,,,,,,,
"9/5/2025, 3:01:51 AM",3.667,70.3,100,9,2025-09-05T07:01:51.000Z,,,,,,,,,
"9/5/2025, 3:04:51 AM",3.667,70.3,100,9,2025-09-05T07:04:51.000Z,,,,,,,,,
"9/5/2025, 3:07:51 AM",3.667,70.3,100,9,2025-09-05T07:07:51.000Z,,,,,,,,,
"9/5/2025, 3:10:51 AM",3.668,70.3,100,9,2025-09-05T07:10:51.000Z,,,,,,,,,
"9/5/2025, 3:13:51 AM",3.667,70.3,100,9,2025-09-05T07:13:51.000Z,,,,,,,,,
"9/5/2025, 3:16:51 AM",3.667,70.3,100,9,2025-09-05T07:16:51.000Z,,,,,,,,,
"9/5/2025, 3:19:51 AM",3.667,70.2,100,9,2025-09-05T07:19:51.000Z,,,,,,,,,
"9/5/2025, 3:22:51 AM",3.667,70.2,100,9,2025-09-05T07:22:51.000Z,,,,,,,,,
"9/5/2025, 3:25:51 AM",3.667,70.2,100,9,2025-09-05T07:25:51.000Z,,,,,,,,,
"9/5/2025, 3:28:51 AM",3.666,70.2,100,9,2025-09-05T07:28:51.000Z,,,,,,,,,
"9/5/2025, 3:31:51 AM",3.667,70.2,100,9,2025-09-05T07:31:51.000Z,,,,,,,,,
"9/5/2025, 3:34:51 AM",3.667,70.2,100,9,2025-09-05T07:34:51.000Z,,,,,,,,,
"9/5/2025, 3:37:51 AM",3.667,70.2,100,9,2025-09-05T07:37:51.000Z,,,,,,,,,
"9/5/2025, 3:40:51 AM",3.667,70.2,100,9,2025-09-05T07:40:51.000Z,,,,,,,,,
"9/5/2025, 3:43:51 AM",3.667,70,100,9,2025-09-05T07:43:51.000Z,,,,,,,,,
"9/5/2025, 3:46:51 AM",3.667,70,100,9,2025-09-05T07:46:51.000Z,,,,,,,,,
"9/5/2025, 3:49:51 AM",3.667,70,100,9,2025-09-05T07:49:51.000Z,,,,,,,,,
"9/5/2025, 3:52:51 AM",3.667,70,100,9,2025-09-05T07:52:51.000Z,,,,,,,,,
"9/5/2025, 3:55:51 AM",3.667,70,100,9,2025-09-05T07:55:51.000Z,,,,,,,,,
"9/5/2025, 3:58:51 AM",3.667,70,100,9,2025-09-05T07:58:51.000Z,,,,,,,,,
"9/5/2025, 4:01:51 AM",3.667,70,100,9,2025-09-05T08:01:51.000Z,,,,,,,,,
"9/5/2025, 4:04:51 AM",3.667,70,100,9,2025-09-05T08:04:51.000Z,,,,,,,,,
"9/5/2025, 4:07:51 AM",3.667,70,100,9,2025-09-05T08:07:51.000Z,,,,,,,,,
"9/5/2025, 4:10:51 AM",3.667,69.8,100,9,2025-09-05T08:10:51.000Z,,,,,,,,,
"9/5/2025, 4:13:51 AM",3.667,69.8,100,9,2025-09-05T08:13:51.000Z,,,,,,,,,
"9/5/2025, 4:16:51 AM",3.667,69.8,100,9,2025-09-05T08:16:51.000Z,,,,,,,,,
"9/5/2025, 4:19:51 AM",3.667,69.8,100,9,2025-09-05T08:19:51.000Z,,,,,,,,,
"9/5/2025, 4:22:51 AM",3.667,69.8,100,9,2025-09-05T08:22:51.000Z,,,,,,,,,
"9/5/2025, 4:25:51 AM",3.667,69.8,100,8,2025-09-05T08:25:51.000Z,,,,,,,,,
"9/5/2025, 4:28:51 AM",3.667,69.8,100,8,2025-09-05T08:28:51.000Z,,,,,,,,,
"9/5/2025, 4:31:51 AM",3.667,69.8,100,8,2025-09-05T08:31:51.000Z,,,,,,,,,
"9/5/2025, 4:34:51 AM",3.667,69.8,100,8,2025-09-05T08:34:51.000Z,,,,,,,,,
"9/5/2025, 4:37:51 AM",3.666,69.8,100,8,2025-09-05T08:37:51.000Z,,,,,,,,,
"9/5/2025, 4:40:51 AM",3.667,69.8,100,8,2025-09-05T08:40:51.000Z,,,,,,,,,
"9/5/2025, 4:43:51 AM",3.667,69.6,100,8,2025-09-05T08:43:51.000Z,,,,,,,,,
"9/5/2025, 4:46:51 AM",3.667,69.6,100,8,2025-09-05T08:46:51.000Z,,,,,,,,,
"9/5/2025, 4:49:51 AM",3.667,69.6,100,8,2025-09-05T08:49:51.000Z,,,,,,,,,
"9/5/2025, 4:52:51 AM",3.667,69.6,100,8,2025-09-05T08:52:51.000Z,,,,,,,,,
"9/5/2025, 4:55:51 AM",3.667,69.6,100,8,2025-09-05T08:55:51.000Z,,,,,,,,,
"9/5/2025, 4:58:51 AM",3.667,69.6,100,8,2025-09-05T08:58:51.000Z,,,,,,,,,
"9/5/2025, 5:01:51 AM",3.666,69.6,100,8,2025-09-05T09:01:51.000Z,,,,,,,,,
"9/5/2025, 5:04:51 AM",3.667,69.6,100,8,2025-09-05T09:04:51.000Z,,,,,,,,,
"9/5/2025, 5:07:51 AM",3.667,69.6,100,8,2025-09-05T09:07:51.000Z,,,,,,,,,
"9/5/2025, 5:10:51 AM",3.667,69.4,100,8,2025-09-05T09:10:51.000Z,,,,,,,,,
"9/5/2025, 5:13:51 AM",3.667,69.4,100,8,2025-09-05T09:13:51.000Z,,,,,,,,,
"9/5/2025, 5:16:51 AM",3.667,69.4,100,8,2025-09-05T09:16:51.000Z,,,,,,,,,
"9/5/2025, 5:19:51 AM",3.667,69.4,100,8,2025-09-05T09:19:51.000Z,,,,,,,,,
"9/5/2025, 5:22:51 AM",3.667,69.4,100,8,2025-09-05T09:22:51.000Z,,,,,,,,,
"9/5/2025, 5:25:51 AM",3.666,69.4,100,8,2025-09-05T09:25:51.000Z,,,,,,,,,
"9/5/2025, 5:28:51 AM",3.667,69.4,100,8,2025-09-05T09:28:51.000Z,,,,,,,,,
"9/5/2025, 5:31:51 AM",3.667,69.4,100,8,2025-09-05T09:31:51.000Z,,,,,,,,,
"9/5/2025, 5:34:51 AM",3.667,69.4,100,8,2025-09-05T09:34:51.000Z,,,,,,,,,
"9/5/2025, 5:37:51 AM",3.667,69.3,100,8,2025-09-05T09:37:51.000Z,,,,,,,,,
"9/5/2025, 5:40:51 AM",3.667,69.3,100,8,2025-09-05T09:40:51.000Z,,,,,,,,,
"9/5/2025, 5:43:51 AM",3.666,69.3,100,8,2025-09-05T09:43:51.000Z,,,,,,,,,
"9/5/2025, 5:46:51 AM",3.667,69.3,100,8,2025-09-05T09:46:51.000Z,,,,,,,,,
"9/5/2025, 5:49:51 AM",3.667,69.3,100,8,2025-09-05T09:49:51.000Z,,,,,,,,,
"9/5/2025, 5:52:51 AM",3.667,69.3,100,8,2025-09-05T09:52:51.000Z,,,,,,,,,
"9/5/2025, 5:55:51 AM",3.667,69.3,100,8,2025-09-05T09:55:51.000Z,,,,,,,,,
"9/5/2025, 5:58:51 AM",3.667,69.3,100,8,2025-09-05T09:58:51.000Z,,,,,,,,,
"9/5/2025, 6:01:51 AM",3.667,69.3,100,8,2025-09-05T10:01:51.000Z,,,,,,,,,
"9/5/2025, 6:04:51 AM",3.667,69.3,100,8,2025-09-05T10:04:51.000Z,,,,,,,,,
"9/5/2025, 6:07:51 AM",3.666,69.3,100,8,2025-09-05T10:07:51.000Z,,,,,,,,,
"9/5/2025, 6:10:51 AM",3.667,69.3,100,8,2025-09-05T10:10:51.000Z,,,,,,,,,
"9/5/2025, 6:13:51 AM",3.667,69.3,100,8,2025-09-05T10:13:51.000Z,,,,,,,,,
"9/5/2025, 6:16:51 AM",3.666,69.3,100,8,2025-09-05T10:16:51.000Z,,,,,,,,,
"9/5/2025, 6:19:51 AM",3.667,69.3,100,8,2025-09-05T10:19:51.000Z,,,,,,,,,
"9/5/2025, 6:22:51 AM",3.667,69.1,100,8,2025-09-05T10:22:51.000Z,,,,,,,,,
"9/5/2025, 6:25:51 AM",3.666,69.1,100,8,2025-09-05T10:25:51.000Z,,,,,,,,,
"9/5/2025, 6:28:51 AM",3.666,69.1,100,8,2025-09-05T10:28:51.000Z,,,,,,,,,
"9/5/2025, 6:31:51 AM",3.667,69.1,100,8,2025-09-05T10:31:51.000Z,,,,,,,,,
"9/5/2025, 6:34:51 AM",3.667,69.1,100,8,2025-09-05T10:34:51.000Z,,,,,,,,,
"9/5/2025, 6:37:51 AM",3.667,69.1,100,8,2025-09-05T10:37:51.000Z,,,,,,,,,
"9/5/2025, 6:40:51 AM",3.667,69.1,100,8,2025-09-05T10:40:51.000Z,,,,,,,,,
"9/5/2025, 6:43:51 AM",3.666,69.1,100,8,2025-09-05T10:43:51.000Z,,,,,,,,,
"9/5/2025, 6:46:51 AM",3.667,69.3,100,8,2025-09-05T10:46:51.000Z,,,,,,,,,
"9/5/2025, 6:49:51 AM",3.666,69.3,100,8,2025-09-05T10:49:51.000Z,,,,,,,,,
"9/5/2025, 6:52:51 AM",3.666,69.3,100,8,2025-09-05T10:52:51.000Z,,,,,,,,,
"9/5/2025, 6:55:51 AM",3.667,69.3,100,8,2025-09-05T10:55:51.000Z,,,,,,,,,
"9/5/2025, 6:58:51 AM",3.666,69.3,100,8,2025-09-05T10:58:51.000Z,,,,,,,,,
"9/5/2025, 7:01:51 AM",3.666,69.3,100,8,2025-09-05T11:01:51.000Z,,,,,,,,,
"9/5/2025, 7:04:51 AM",3.666,69.3,100,8,2025-09-05T11:04:51.000Z,,,,,,,,,
"9/5/2025, 7:07:51 AM",3.666,69.3,100,8,2025-09-05T11:07:51.000Z,,,,,,,,,
"9/5/2025, 7:10:51 AM",3.667,69.3,100,8,2025-09-05T11:10:51.000Z,,,,,,,,,
"9/5/2025, 7:13:51 AM",3.667,69.3,100,8,2025-09-05T11:13:51.000Z,,,,,,,,,
"9/5/2025, 7:16:51 AM",3.666,69.3,100,8,2025-09-05T11:16:51.000Z,,,,,,,,,
"9/5/2025, 7:19:51 AM",3.666,69.3,100,8,2025-09-05T11:19:51.000Z,,,,,,,,,
"9/5/2025, 7:22:51 AM",3.667,69.4,100,8,2025-09-05T11:22:51.000Z,,,,,,,,,
"9/5/2025, 7:25:51 AM",3.667,69.4,100,8,2025-09-05T11:25:51.000Z,,,,,,,,,
"9/5/2025, 7:28:51 AM",3.666,69.4,100,8,2025-09-05T11:28:51.000Z,,,,,,,,,
"9/5/2025, 7:31:51 AM",3.666,69.4,100,8,2025-09-05T11:31:51.000Z,,,,,,,,,
"9/5/2025, 7:34:51 AM",3.667,69.4,100,8,2025-09-05T11:34:51.000Z,,,,,,,,,
"9/5/2025, 7:37:51 AM",3.667,69.4,100,8,2025-09-05T11:37:51.000Z,,,,,,,,,
"9/5/2025, 7:40:51 AM",3.667,69.6,100,8,2025-09-05T11:40:51.000Z,,,,,,,,,
"9/5/2025, 7:43:51 AM",3.666,69.6,100,8,2025-09-05T11:43:51.000Z,,,,,,,,,
"9/5/2025, 7:46:51 AM",3.666,69.6,100,8,2025-09-05T11:46:51.000Z,,,,,,,,,
"9/5/2025, 7:49:51 AM",3.666,69.6,100,8,2025-09-05T11:49:51.000Z,,,,,,,,,
"9/5/2025, 7:52:51 AM",3.667,69.8,100,8,2025-09-05T11:52:51.000Z,,,,,,,,,
"9/5/2025, 7:55:51 AM",3.666,69.8,100,8,2025-09-05T11:55:51.000Z,,,,,,,,,
"9/5/2025, 7:58:51 AM",3.667,69.8,100,8,2025-09-05T11:58:51.000Z,,,,,,,,,
"9/5/2025, 8:01:51 AM",3.666,70,100,8,2025-09-05T12:01:51.000Z,,,,,,,,,
"9/5/2025, 8:04:51 AM",3.666,70,100,8,2025-09-05T12:04:51.000Z,,,,,,,,,
"9/5/2025, 8:07:51 AM",3.666,70.2,100,8,2025-09-05T12:07:51.000Z,,,,,,,,,
"9/5/2025, 8:10:51 AM",3.666,70.2,100,8,2025-09-05T12:10:51.000Z,,,,,,,,,
"9/5/2025, 8:13:51 AM",3.666,70.3,100,8,2025-09-05T12:13:51.000Z,,,,,,,,,
"9/5/2025, 8:16:51 AM",3.666,70.5,100,8,2025-09-05T12:16:51.000Z,,,,,,,,,
"9/5/2025, 8:19:51 AM",3.666,70.7,100,9,2025-09-05T12:19:51.000Z,,,,,,,,,
"9/5/2025, 8:22:51 AM",3.666,70.7,100,9,2025-09-05T12:22:51.000Z,,,,,,,,,
"9/5/2025, 8:25:51 AM",3.667,70.9,100,9,2025-09-05T12:25:51.000Z,,,,,,,,,
"9/5/2025, 8:28:51 AM",3.666,71.1,100,9,2025-09-05T12:28:51.000Z,,,,,,,,,
"9/5/2025, 8:31:51 AM",3.666,71.1,100,9,2025-09-05T12:31:51.000Z,,,,,,,,,
"9/5/2025, 8:34:51 AM",3.666,71.2,100,9,2025-09-05T12:34:51.000Z,,,,,,,,,
"9/5/2025, 8:37:51 AM",3.666,71.4,100,9,2025-09-05T12:37:51.000Z,,,,,,,,,
"9/5/2025, 8:40:51 AM",3.666,71.4,100,9,2025-09-05T12:40:51.000Z,,,,,,,,,
"9/5/2025, 8:43:51 AM",3.666,71.6,100,9,2025-09-05T12:43:51.000Z,,,,,,,,,
"9/5/2025, 8:46:51 AM",3.666,71.8,100,9,2025-09-05T12:46:51.000Z,,,,,,,,,
"9/5/2025, 8:49:51 AM",3.666,72,100,9,2025-09-05T12:49:51.000Z,,,,,,,,,
"9/5/2025, 8:52:51 AM",3.666,72,100,9,2025-09-05T12:52:51.000Z,,,,,,,,,
"9/5/2025, 8:55:51 AM",3.666,72.1,100,9,2025-09-05T12:55:51.000Z,,,,,,,,,
"9/5/2025, 8:58:51 AM",3.666,72.3,100,9,2025-09-05T12:58:51.000Z,,,,,,,,,
"9/5/2025, 9:01:51 AM",3.666,72.5,100,10,2025-09-05T13:01:51.000Z,,,,,,,,,
"9/5/2025, 9:04:51 AM",3.666,72.7,100,10,2025-09-05T13:04:51.000Z,,,,,,,,,
"9/5/2025, 9:07:51 AM",3.666,72.9,100,10,2025-09-05T13:07:51.000Z,,,,,,,,,
"9/5/2025, 9:10:51 AM",3.666,73,100,10,2025-09-05T13:10:51.000Z,,,,,,,,,
"9/5/2025, 9:13:51 AM",3.666,73.2,100,10,2025-09-05T13:13:51.000Z,,,,,,,,,
"9/5/2025, 9:16:51 AM",3.666,73.4,100,10,2025-09-05T13:16:51.000Z,,,,,,,,,
"9/5/2025, 9:19:51 AM",3.666,73.6,100,10,2025-09-05T13:19:51.000Z,,,,,,,,,
"9/5/2025, 9:22:51 AM",3.666,73.8,100,10,2025-09-05T13:22:51.000Z,,,,,,,,,
"9/5/2025, 9:25:51 AM",3.666,73.9,100,10,2025-09-05T13:25:51.000Z,,,,,,,,,
"9/5/2025, 9:28:51 AM",3.666,74.1,100,11,2025-09-05T13:28:51.000Z,,,,,,,,,
"9/5/2025, 9:31:51 AM",3.666,74.3,100,11,2025-09-05T13:31:51.000Z,,,,,,,,,
"9/5/2025, 9:34:51 AM",3.666,74.5,100,11,2025-09-05T13:34:51.000Z,,,,,,,,,
"9/5/2025, 9:37:51 AM",3.666,74.7,100,11,2025-09-05T13:37:51.000Z,,,,,,,,,
"9/5/2025, 9:40:51 AM",3.666,74.8,100,11,2025-09-05T13:40:51.000Z,,,,,,,,,
"9/5/2025, 9:43:51 AM",3.666,75,100,11,2025-09-05T13:43:51.000Z,,,,,,,,,
"9/5/2025, 9:46:51 AM",3.666,75.2,100,11,2025-09-05T13:46:51.000Z,,,,,,,,,
"9/5/2025, 9:49:51 AM",3.666,75.2,100,11,2025-09-05T13:49:51.000Z,,,,,,,,,
"9/5/2025, 9:52:51 AM",3.666,75.4,100,11,2025-09-05T13:52:51.000Z,,,,,,,,,
"9/5/2025, 9:55:51 AM",3.666,75.6,100,11,2025-09-05T13:55:51.000Z,,,,,,,,,
"9/5/2025, 9:58:51 AM",3.666,75.7,100,11,2025-09-05T13:58:51.000Z,,,,,,,,,
"9/5/2025, 10:01:51 AM",3.665,75.9,100,12,2025-09-05T14:01:51.000Z,,,,,,,,,
"9/5/2025, 10:04:51 AM",3.665,76.1,100,12,2025-09-05T14:04:51.000Z,,,,,,,,,
"9/5/2025, 10:07:51 AM",3.665,76.3,100,12,2025-09-05T14:07:51.000Z,,,,,,,,,
"9/5/2025, 10:10:51 AM",3.666,76.5,100,12,2025-09-05T14:10:51.000Z,,,,,,,,,
"9/5/2025, 10:13:51 AM",3.665,76.6,100,12,2025-09-05T14:13:51.000Z,,,,,,,,,
"9/5/2025, 10:16:51 AM",3.666,77,100,12,2025-09-05T14:16:51.000Z,,,,,,,,,
"9/5/2025, 10:19:51 AM",3.666,77.2,100,12,2025-09-05T14:19:51.000Z,,,,,,,,,
"9/5/2025, 10:22:51 AM",3.665,77.4,100,13,2025-09-05T14:22:51.000Z,,,,,,,,,
"9/5/2025, 10:25:51 AM",3.665,77.7,100,13,2025-09-05T14:25:51.000Z,,,,,,,,,
"9/5/2025, 10:28:51 AM",3.665,77.9,100,13,2025-09-05T14:28:51.000Z,,,,,,,,,
"9/5/2025, 10:31:51 AM",3.665,78.1,100,13,2025-09-05T14:31:51.000Z,,,,,,,,,
"9/5/2025, 10:34:51 AM",3.665,78.3,100,13,2025-09-05T14:34:51.000Z,,,,,,,,,
"9/5/2025, 10:37:51 AM",3.665,78.4,100,13,2025-09-05T14:37:51.000Z,,,,,,,,,
"9/5/2025, 10:40:51 AM",3.665,78.6,100,13,2025-09-05T14:40:51.000Z,,,,,,,,,
"9/5/2025, 10:43:51 AM",3.665,78.8,100,13,2025-09-05T14:43:51.000Z,,,,,,,,,
"9/5/2025, 10:46:51 AM",3.665,79,100,13,2025-09-05T14:46:51.000Z,,,,,,,,,
"9/5/2025, 10:49:51 AM",3.666,79,100,13,2025-09-05T14:49:51.000Z,,,,,,,,,
"9/5/2025, 10:52:51 AM",3.665,79,100,13,2025-09-05T14:52:51.000Z,,,,,,,,,
"9/5/2025, 10:55:51 AM",3.665,79,100,13,2025-09-05T14:55:51.000Z,,,,,,,,,
"9/5/2025, 10:58:51 AM",3.666,79.2,100,13,2025-09-05T14:58:51.000Z,,,,,,,,,
"9/5/2025, 11:01:51 AM",3.665,79.2,100,13,2025-09-05T15:01:51.000Z,,,,,,,,,
"9/5/2025, 11:04:51 AM",3.665,79.3,100,13,2025-09-05T15:04:51.000Z,,,,,,,,,
"9/5/2025, 11:07:51 AM",3.665,79.3,100,13,2025-09-05T15:07:51.000Z,,,,,,,,,
"9/5/2025, 11:10:51 AM",3.665,79.5,100,13,2025-09-05T15:10:51.000Z,,,,,,,,,
"9/5/2025, 11:13:51 AM",3.665,79.5,100,14,2025-09-05T15:13:51.000Z,,,,,,,,,
"9/5/2025, 11:16:51 AM",3.666,79.5,100,13,2025-09-05T15:16:51.000Z,,,,,,,,,
"9/5/2025, 11:19:51 AM",3.665,79.7,100,13,2025-09-05T15:19:51.000Z,,,,,,,,,
"9/5/2025, 11:22:51 AM",3.665,79.7,100,13,2025-09-05T15:22:51.000Z,,,,,,,,,
"9/5/2025, 11:25:51 AM",3.665,79.9,100,13,2025-09-05T15:25:51.000Z,,,,,,,,,
"9/5/2025, 11:28:51 AM",3.665,80.1,100,13,2025-09-05T15:28:51.000Z,,,,,,,,,
"9/5/2025, 11:31:51 AM",3.665,80.2,100,14,2025-09-05T15:31:51.000Z,,,,,,,,,
"9/5/2025, 11:34:51 AM",3.665,80.6,100,14,2025-09-05T15:34:51.000Z,,,,,,,,,
"9/5/2025, 11:37:51 AM",3.665,80.6,100,14,2025-09-05T15:37:51.000Z,,,,,,,,,
"9/5/2025, 11:40:51 AM",3.665,80.8,100,14,2025-09-05T15:40:51.000Z,,,,,,,,,
"9/5/2025, 11:43:51 AM",3.665,81,100,14,2025-09-05T15:43:51.000Z,,,,,,,,,
"9/5/2025, 11:46:51 AM",3.665,81.1,100,14,2025-09-05T15:46:51.000Z,,,,,,,,,
"9/5/2025, 11:49:51 AM",3.665,81.3,100,14,2025-09-05T15:49:51.000Z,,,,,,,,,
"9/5/2025, 11:52:51 AM",3.665,81.5,100,14,2025-09-05T15:52:51.000Z,,,,,,,,,
"9/5/2025, 11:55:51 AM",3.665,81.7,100,14,2025-09-05T15:55:51.000Z,,,,,,,,,
"9/5/2025, 11:58:51 AM",3.665,81.9,100,14,2025-09-05T15:58:51.000Z,,,,,,,,,
"9/5/2025, 12:01:51 PM",3.665,82,100,14,2025-09-05T16:01:51.000Z,,,,,,,,,
"9/5/2025, 12:04:51 PM",3.664,82.2,100,15,2025-09-05T16:04:51.000Z,,,,,,,,,
"9/5/2025, 12:07:51 PM",3.665,82.4,100,15,2025-09-05T16:07:51.000Z,,,,,,,,,
"9/5/2025, 12:10:51 PM",3.665,82.6,100,15,2025-09-05T16:10:51.000Z,,,,,,,,,
"9/5/2025, 12:13:51 PM",3.665,82.8,100,15,2025-09-05T16:13:51.000Z,,,,,,,,,
"9/5/2025, 12:16:51 PM",3.665,82.9,100,15,2025-09-05T16:16:51.000Z,,,,,,,,,
"9/5/2025, 12:19:51 PM",3.664,83.1,100,15,2025-09-05T16:19:51.000Z,,,,,,,,,
"9/5/2025, 12:22:51 PM",3.665,83.3,100,15,2025-09-05T16:22:51.000Z,,,,,,,,,
"9/5/2025, 12:25:51 PM",3.664,83.5,100,15,2025-09-05T16:25:51.000Z,,,,,,,,,
"9/5/2025, 12:28:51 PM",3.664,83.7,100,15,2025-09-05T16:28:51.000Z,,,,,,,,,
"9/5/2025, 12:31:51 PM",3.665,83.7,100,15,2025-09-05T16:31:51.000Z,,,,,,,,,
"9/5/2025, 12:34:51 PM",3.664,83.8,100,15,2025-09-05T16:34:51.000Z,,,,,,,,,
"9/5/2025, 12:37:51 PM",3.664,84,100,15,2025-09-05T16:37:51.000Z,,,,,,,,,
"9/5/2025, 12:40:51 PM",3.664,84,100,15,2025-09-05T16:40:51.000Z,,,,,,,,,
"9/5/2025, 12:43:51 PM",3.665,84.2,100,15,2025-09-05T16:43:51.000Z,,,,,,,,,
"9/5/2025, 12:46:51 PM",3.665,84.4,100,15,2025-09-05T16:46:51.000Z,,,,,,,,,
"9/5/2025, 12:49:51 PM",3.665,84.6,100,14,2025-09-05T16:49:51.000Z,,,,,,,,,
"9/5/2025, 12:52:51 PM",3.664,84.6,100,15,2025-09-05T16:52:51.000Z,,,,,,,,,
"9/5/2025, 12:55:51 PM",3.665,84.9,100,14,2025-09-05T16:55:51.000Z,,,,,,,,,
"9/5/2025, 12:58:51 PM",3.664,85.1,100,15,2025-09-05T16:58:51.000Z,,,,,,,,,
"9/5/2025, 1:01:51 PM",3.664,85.1,100,15,2025-09-05T17:01:51.000Z,,,,,,,,,
"9/5/2025, 1:04:51 PM",3.664,85.5,100,15,2025-09-05T17:04:51.000Z,,,,,,,,,
"9/5/2025, 1:07:51 PM",3.665,85.6,100,15,2025-09-05T17:07:51.000Z,,,,,,,,,
"9/5/2025, 1:10:51 PM",3.664,85.6,100,15,2025-09-05T17:10:51.000Z,,,,,,,,,
"9/5/2025, 1:13:51 PM",3.664,85.8,100,15,2025-09-05T17:13:51.000Z,,,,,,,,,
"9/5/2025, 1:16:51 PM",3.664,86,100,15,2025-09-05T17:16:51.000Z,,,,,,,,,
"9/5/2025, 1:19:51 PM",3.664,86.2,100,15,2025-09-05T17:19:51.000Z,,,,,,,,,
"9/5/2025, 1:22:51 PM",3.664,86.4,100,16,2025-09-05T17:22:51.000Z,,,,,,,,,
"9/5/2025, 1:25:51 PM",3.663,86.5,100,15,2025-09-05T17:25:51.000Z,,,,,,,,,
"9/5/2025, 1:28:51 PM",3.664,86.7,100,15,2025-09-05T17:28:51.000Z,,,,,,,,,
"9/5/2025, 1:31:51 PM",3.664,86.9,100,15,2025-09-05T17:31:51.000Z,,,,,,,,,
"9/5/2025, 1:34:51 PM",3.664,87.3,100,15,2025-09-05T17:34:51.000Z,,,,,,,,,
"9/5/2025, 1:37:51 PM",3.664,87.4,100,15,2025-09-05T17:37:51.000Z,,,,,,,,,
"9/5/2025, 1:40:51 PM",3.664,87.6,100,14,2025-09-05T17:40:51.000Z,,,,,,,,,
"9/5/2025, 1:43:51 PM",3.664,87.8,100,14,2025-09-05T17:43:51.000Z,,,,,,,,,
"9/5/2025, 1:46:51 PM",3.664,88,100,14,2025-09-05T17:46:51.000Z,,,,,,,,,
"9/5/2025, 1:49:51 PM",3.664,88.2,100,13,2025-09-05T17:49:51.000Z,,,,,,,,,
"9/5/2025, 1:52:51 PM",3.664,88.3,100,14,2025-09-05T17:52:51.000Z,,,,,,,,,
"9/5/2025, 1:55:51 PM",3.664,88.5,100,14,2025-09-05T17:55:51.000Z,,,,,,,,,
"9/5/2025, 1:58:51 PM",3.664,88.9,100,14,2025-09-05T17:58:51.000Z,,,,,,,,,
"9/5/2025, 2:01:51 PM",3.664,88.9,100,16,2025-09-05T18:01:51.000Z,,,,,,,,,
"9/5/2025, 2:04:51 PM",3.663,88.9,100,14,2025-09-05T18:04:51.000Z,,,,,,,,,
"9/5/2025, 2:07:51 PM",3.663,89.1,100,14,2025-09-05T18:07:51.000Z,,,,,,,,,
"9/5/2025, 2:10:51 PM",3.663,89.2,100,14,2025-09-05T18:10:51.000Z,,,,,,,,,
"9/5/2025, 2:13:51 PM",3.664,89.4,100,14,2025-09-05T18:13:51.000Z,,,,,,,,,
"9/5/2025, 2:16:51 PM",3.664,89.6,100,16,2025-09-05T18:16:51.000Z,,,,,,,,,
"9/5/2025, 2:19:51 PM",3.664,89.8,100,16,2025-09-05T18:19:51.000Z,,,,,,,,,
"9/5/2025, 2:22:51 PM",3.663,89.8,100,16,2025-09-05T18:22:51.000Z,,,,,,,,,
"9/5/2025, 2:25:51 PM",3.664,90,100,16,2025-09-05T18:25:51.000Z,,,,,,,,,
"9/5/2025, 2:28:51 PM",3.664,90.1,100,16,2025-09-05T18:28:51.000Z,,,,,,,,,
"9/5/2025, 2:31:51 PM",3.664,90.1,100,16,2025-09-05T18:31:51.000Z,,,,,,,,,
"9/5/2025, 2:34:51 PM",3.663,90.3,100,16,2025-09-05T18:34:51.000Z,,,,,,,,,
"9/5/2025, 2:37:51 PM",3.663,90.5,100,16,2025-09-05T18:37:51.000Z,,,,,,,,,
"9/5/2025, 2:40:51 PM",3.663,90.5,100,16,2025-09-05T18:40:51.000Z,,,,,,,,,
"9/5/2025, 2:43:51 PM",3.663,90.7,100,15,2025-09-05T18:43:51.000Z,,,,,,,,,
"9/5/2025, 2:46:51 PM",3.663,90.7,100,15,2025-09-05T18:46:51.000Z,,,,,,,,,
"9/5/2025, 2:49:51 PM",3.663,90.9,100,15,2025-09-05T18:49:51.000Z,,,,,,,,,
"9/5/2025, 2:52:51 PM",3.663,90.9,100,16,2025-09-05T18:52:51.000Z,,,,,,,,,
"9/5/2025, 2:55:51 PM",3.663,91,100,16,2025-09-05T18:55:51.000Z,,,,,,,,,
"9/5/2025, 2:58:51 PM",3.663,91,100,15,2025-09-05T18:58:51.000Z,,,,,,,,,
"9/5/2025, 3:01:51 PM",3.663,91,100,15,2025-09-05T19:01:51.000Z,,,,,,,,,
"9/5/2025, 3:04:51 PM",3.663,91,100,13,2025-09-05T19:04:51.000Z,,,,,,,,,
"9/5/2025, 3:07:51 PM",3.663,91,100,13,2025-09-05T19:07:51.000Z,,,,,,,,,
"9/5/2025, 3:10:51 PM",3.663,90.9,100,13,2025-09-05T19:10:51.000Z,,,,,,,,,
"9/5/2025, 3:13:51 PM",3.664,90.9,100,13,2025-09-05T19:13:51.000Z,,,,,,,,,
"9/5/2025, 3:16:51 PM",3.663,90.9,100,13,2025-09-05T19:16:51.000Z,,,,,,,,,
"9/5/2025, 3:19:51 PM",3.663,90.9,100,13,2025-09-05T19:19:51.000Z,,,,,,,,,
"9/5/2025, 3:22:51 PM",3.663,90.9,100,13,2025-09-05T19:22:51.000Z,,,,,,,,,
"9/5/2025, 3:25:51 PM",3.663,90.9,100,13,2025-09-05T19:25:51.000Z,,,,,,,,,
"9/5/2025, 3:28:51 PM",3.663,91,100,13,2025-09-05T19:28:51.000Z,,,,,,,,,
"9/5/2025, 3:31:51 PM",3.664,91,100,13,2025-09-05T19:31:51.000Z,,,,,,,,,
"9/5/2025, 3:34:51 PM",3.663,91,100,12,2025-09-05T19:34:51.000Z,,,,,,,,,
"9/5/2025, 3:37:51 PM",3.664,91,100,12,2025-09-05T19:37:51.000Z,,,,,,,,,
"9/5/2025, 3:40:51 PM",3.664,90.9,100,12,2025-09-05T19:40:51.000Z,,,,,,,,,
"9/5/2025, 3:43:51 PM",3.663,90.9,100,12,2025-09-05T19:43:51.000Z,,,,,,,,,
"9/5/2025, 3:46:51 PM",3.664,90.9,100,13,2025-09-05T19:46:51.000Z,,,,,,,,,
"9/5/2025, 3:49:51 PM",3.663,90.9,100,13,2025-09-05T19:49:51.000Z,,,,,,,,,
"9/5/2025, 3:52:51 PM",3.663,90.9,100,13,2025-09-05T19:52:51.000Z,,,,,,,,,
"9/5/2025, 3:55:51 PM",3.664,90.9,100,13,2025-09-05T19:55:51.000Z,,,,,,,,,
"9/5/2025, 3:58:51 PM",3.663,90.9,100,15,2025-09-05T19:58:51.000Z,,,,,,,,,
"9/5/2025, 4:01:51 PM",3.664,90.9,100,15,2025-09-05T20:01:51.000Z,,,,,,,,,
"9/5/2025, 4:04:51 PM",3.664,90.9,100,15,2025-09-05T20:04:51.000Z,,,,,,,,,
"9/5/2025, 4:07:51 PM",3.664,90.9,100,16,2025-09-05T20:07:51.000Z,,,,,,,,,
"9/5/2025, 4:10:51 PM",3.664,90.9,100,16,2025-09-05T20:10:51.000Z,,,,,,,,,
"9/5/2025, 4:13:51 PM",3.664,91,100,17,2025-09-05T20:13:51.000Z,,,,,,,,,
"9/5/2025, 4:16:51 PM",3.664,91,100,17,2025-09-05T20:16:51.000Z,,,,,,,,,
"9/5/2025, 4:19:51 PM",3.664,91,100,17,2025-09-05T20:19:51.000Z,,,,,,,,,
"9/5/2025, 4:22:51 PM",3.664,91,100,18,2025-09-05T20:22:51.000Z,,,,,,,,,
"9/5/2025, 4:25:51 PM",3.663,91,100,17,2025-09-05T20:25:51.000Z,,,,,,,,,
"9/5/2025, 4:28:51 PM",3.663,91,100,17,2025-09-05T20:28:51.000Z,,,,,,,,,
"9/5/2025, 4:31:51 PM",3.664,90.9,100,17,2025-09-05T20:31:51.000Z,,,,,,,,,
"9/5/2025, 4:34:51 PM",3.664,90.9,100,17,2025-09-05T20:34:51.000Z,,,,,,,,,
"9/5/2025, 4:37:51 PM",3.664,90.9,100,17,2025-09-05T20:37:51.000Z,,,,,,,,,
"9/5/2025, 4:40:51 PM",3.664,90.7,100,17,2025-09-05T20:40:51.000Z,,,,,,,,,
"9/5/2025, 4:43:51 PM",3.664,90.7,100,17,2025-09-05T20:43:51.000Z,,,,,,,,,
"9/5/2025, 4:46:51 PM",3.664,90.5,100,16,2025-09-05T20:46:51.000Z,,,,,,,,,
"9/5/2025, 4:49:51 PM",3.664,90.5,100,16,2025-09-05T20:49:51.000Z,,,,,,,,,
"9/5/2025, 4:52:51 PM",3.664,90.3,100,15,2025-09-05T20:52:51.000Z,,,,,,,,,
"9/5/2025, 4:55:51 PM",3.664,90.1,100,15,2025-09-05T20:55:51.000Z,,,,,,,,,
"9/5/2025, 4:58:51 PM",3.664,90,100,16,2025-09-05T20:58:51.000Z,,,,,,,,,
"9/5/2025, 5:01:51 PM",3.664,89.8,100,16,2025-09-05T21:01:51.000Z,,,,,,,,,
"9/5/2025, 5:04:51 PM",3.664,89.8,100,17,2025-09-05T21:04:51.000Z,,,,,,,,,
"9/5/2025, 5:07:51 PM",3.664,89.6,100,17,2025-09-05T21:07:51.000Z,,,,,,,,,
"9/5/2025, 5:10:51 PM",3.664,89.4,100,18,2025-09-05T21:10:51.000Z,,,,,,,,,
"9/5/2025, 5:13:51 PM",3.664,89.4,100,18,2025-09-05T21:13:51.000Z,,,,,,,,,
"9/5/2025, 5:16:51 PM",3.664,89.2,100,19,2025-09-05T21:16:51.000Z,,,,,,,,,
"9/5/2025, 5:19:51 PM",3.664,89.2,100,19,2025-09-05T21:19:51.000Z,,,,,,,,,
"9/5/2025, 5:22:51 PM",3.664,89.2,100,19,2025-09-05T21:22:51.000Z,,,,,,,,,
"9/5/2025, 5:25:51 PM",3.664,89.2,100,20,2025-09-05T21:25:51.000Z,,,,,,,,,
"9/5/2025, 5:28:51 PM",3.664,89.2,100,20,2025-09-05T21:28:51.000Z,,,,,,,,,
"9/5/2025, 5:31:51 PM",3.664,89.2,100,19,2025-09-05T21:31:51.000Z,,,,,,,,,
"9/5/2025, 5:34:51 PM",3.664,89.1,100,20,2025-09-05T21:34:51.000Z,,,,,,,,,
"9/5/2025, 5:37:51 PM",3.664,89.1,100,20,2025-09-05T21:37:51.000Z,,,,,,,,,
"9/5/2025, 5:40:51 PM",3.664,89.1,100,21,2025-09-05T21:40:51.000Z,,,,,,,,,
"9/5/2025, 5:43:51 PM",3.664,89.1,100,22,2025-09-05T21:43:51.000Z,,,,,,,,,
"9/5/2025, 5:46:51 PM",3.664,89.1,100,22,2025-09-05T21:46:51.000Z,,,,,,,,,
"9/5/2025, 5:49:51 PM",3.664,88.9,100,21,2025-09-05T21:49:51.000Z,,,,,,,,,
"9/5/2025, 5:52:51 PM",3.664,88.9,100,22,2025-09-05T21:52:51.000Z,,,,,,,,,
"9/5/2025, 5:55:51 PM",3.664,88.9,100,23,2025-09-05T21:55:51.000Z,,,,,,,,,
"9/5/2025, 5:58:51 PM",3.665,88.9,100,23,2025-09-05T21:58:51.000Z,,,,,,,,,
"9/5/2025, 6:01:51 PM",3.664,88.9,100,23,2025-09-05T22:01:51.000Z,,,,,,,,,
"9/5/2025, 6:04:51 PM",3.664,88.9,100,23,2025-09-05T22:04:51.000Z,,,,,,,,,
"9/5/2025, 6:07:51 PM",3.664,88.7,100,22,2025-09-05T22:07:51.000Z,,,,,,,,,
"9/5/2025, 6:10:51 PM",3.664,88.5,100,22,2025-09-05T22:10:51.000Z,,,,,,,,,
"9/5/2025, 6:13:51 PM",3.664,88.5,100,22,2025-09-05T22:13:51.000Z,,,,,,,,,
"9/5/2025, 6:16:51 PM",3.664,88.3,100,21,2025-09-05T22:16:51.000Z,,,,,,,,,
"9/5/2025, 6:19:51 PM",3.664,88.2,100,23,2025-09-05T22:19:51.000Z,,,,,,,,,
"9/5/2025, 6:22:51 PM",3.664,88,100,22,2025-09-05T22:22:51.000Z,,,,,,,,,
"9/5/2025, 6:25:51 PM",3.665,87.8,100,22,2025-09-05T22:25:51.000Z,,,,,,,,,
"9/5/2025, 6:28:51 PM",3.665,87.6,100,22,2025-09-05T22:28:51.000Z,,,,,,,,,
"9/5/2025, 6:31:51 PM",3.665,87.6,100,23,2025-09-05T22:31:51.000Z,,,,,,,,,
"9/5/2025, 6:34:51 PM",3.665,87.3,100,23,2025-09-05T22:34:51.000Z,,,,,,,,,
"9/5/2025, 6:37:51 PM",3.665,87.3,100,23,2025-09-05T22:37:51.000Z,,,,,,,,,
"9/5/2025, 6:40:51 PM",3.665,86.9,100,23,2025-09-05T22:40:51.000Z,,,,,,,,,
"9/5/2025, 6:43:51 PM",3.665,86.7,100,23,2025-09-05T22:43:51.000Z,,,,,,,,,
"9/5/2025, 6:46:51 PM",3.665,86.5,100,22,2025-09-05T22:46:51.000Z,,,,,,,,,
"9/5/2025, 6:49:51 PM",3.665,86.4,100,22,2025-09-05T22:49:51.000Z,,,,,,,,,
"9/5/2025, 6:52:51 PM",3.665,86.2,100,22,2025-09-05T22:52:51.000Z,,,,,,,,,
"9/5/2025, 6:55:51 PM",3.665,86,100,22,2025-09-05T22:55:51.000Z,,,,,,,,,
"9/5/2025, 6:58:51 PM",3.665,85.8,100,22,2025-09-05T22:58:51.000Z,,,,,,,,,
"9/5/2025, 7:01:51 PM",3.665,85.6,100,21,2025-09-05T23:01:51.000Z,,,,,,,,,
"9/5/2025, 7:04:51 PM",3.665,85.5,100,21,2025-09-05T23:04:51.000Z,,,,,,,,,
"9/5/2025, 7:07:51 PM",3.665,85.3,100,21,2025-09-05T23:07:51.000Z,,,,,,,,,
"9/5/2025, 7:10:51 PM",3.665,85.1,100,21,2025-09-05T23:10:51.000Z,,,,,,,,,
"9/5/2025, 7:13:51 PM",3.665,84.7,100,21,2025-09-05T23:13:51.000Z,,,,,,,,,
"9/5/2025, 7:16:51 PM",3.665,84.6,100,21,2025-09-05T23:16:51.000Z,,,,,,,,,
"9/5/2025, 7:19:51 PM",3.665,84.4,100,21,2025-09-05T23:19:51.000Z,,,,,,,,,
"9/5/2025, 7:22:51 PM",3.665,84.2,100,20,2025-09-05T23:22:51.000Z,,,,,,,,,
"9/5/2025, 7:25:51 PM",3.665,84,100,21,2025-09-05T23:25:51.000Z,,,,,,,,,
"9/5/2025, 7:28:51 PM",3.665,83.8,100,20,2025-09-05T23:28:51.000Z,,,,,,,,,
"9/5/2025, 7:31:51 PM",3.665,83.5,100,19,2025-09-05T23:31:51.000Z,,,,,,,,,
"9/5/2025, 7:34:51 PM",3.666,83.3,100,19,2025-09-05T23:34:51.000Z,,,,,,,,,
"9/5/2025, 7:37:51 PM",3.666,83.1,100,19,2025-09-05T23:37:51.000Z,,,,,,,,,
"9/5/2025, 7:40:51 PM",3.666,82.9,100,19,2025-09-05T23:40:51.000Z,,,,,,,,,
"9/5/2025, 7:43:51 PM",3.665,82.8,100,19,2025-09-05T23:43:51.000Z,,,,,,,,,
"9/5/2025, 7:46:51 PM",3.666,82.6,100,19,2025-09-05T23:46:51.000Z,,,,,,,,,
"9/5/2025, 7:49:51 PM",3.666,82.4,100,19,2025-09-05T23:49:51.000Z,,,,,,,,,
"9/5/2025, 7:52:51 PM",3.666,82.2,100,18,2025-09-05T23:52:51.000Z,,,,,,,,,
"9/5/2025, 7:55:51 PM",3.666,82,100,19,2025-09-05T23:55:51.000Z,,,,,,,,,
"9/5/2025, 7:58:51 PM",3.666,81.9,100,18,2025-09-05T23:58:51.000Z,,,,,,,,,
"9/5/2025, 8:01:51 PM",3.666,81.7,100,18,2025-09-06T00:01:51.000Z,,,,,,,,,
"9/5/2025, 8:04:51 PM",3.666,81.5,100,18,2025-09-06T00:04:51.000Z,,,,,,,,,
"9/5/2025, 8:07:51 PM",3.666,81.3,100,18,2025-09-06T00:07:51.000Z,,,,,,,,,
"9/5/2025, 8:10:51 PM",3.666,81.3,100,18,2025-09-06T00:10:51.000Z,,,,,,,,,
"9/5/2025, 8:13:51 PM",3.666,81.1,100,18,2025-09-06T00:13:51.000Z,,,,,,,,,
"9/5/2025, 8:16:51 PM",3.666,81,100,18,2025-09-06T00:16:51.000Z,,,,,,,,,
"9/5/2025, 8:19:51 PM",3.666,80.8,100,18,2025-09-06T00:19:51.000Z,,,,,,,,,
"9/5/2025, 8:22:51 PM",3.666,80.8,100,18,2025-09-06T00:22:51.000Z,,,,,,,,,
"9/5/2025, 8:25:51 PM",3.666,80.6,100,18,2025-09-06T00:25:51.000Z,,,,,,,,,
"9/5/2025, 8:28:51 PM",3.666,80.4,100,18,2025-09-06T00:28:51.000Z,,,,,,,,,
"9/5/2025, 8:31:51 PM",3.666,80.4,100,18,2025-09-06T00:31:51.000Z,,,,,,,,,
"9/5/2025, 8:34:51 PM",3.666,80.2,100,18,2025-09-06T00:34:51.000Z,,,,,,,,,
"9/5/2025, 8:37:51 PM",3.666,80.1,100,18,2025-09-06T00:37:51.000Z,,,,,,,,,
"9/5/2025, 8:40:51 PM",3.666,80.1,100,17,2025-09-06T00:40:51.000Z,,,,,,,,,
"9/5/2025, 8:43:51 PM",3.666,79.9,100,17,2025-09-06T00:43:51.000Z,,,,,,,,,
"9/5/2025, 8:46:51 PM",3.666,79.9,100,17,2025-09-06T00:46:51.000Z,,,,,,,,,
"9/5/2025, 8:49:51 PM",3.666,79.7,100,17,2025-09-06T00:49:51.000Z,,,,,,,,,
"9/5/2025, 8:52:51 PM",3.666,79.5,100,17,2025-09-06T00:52:51.000Z,,,,,,,,,
"9/5/2025, 8:55:51 PM",3.666,79.5,100,17,2025-09-06T00:55:51.000Z,,,,,,,,,
"9/5/2025, 8:58:51 PM",3.666,79.3,100,16,2025-09-06T00:58:51.000Z,,,,,,,,,
"9/5/2025, 9:01:51 PM",3.666,79.2,100,16,2025-09-06T01:01:51.000Z,,,,,,,,,
"9/5/2025, 9:04:51 PM",3.666,79.2,100,16,2025-09-06T01:04:51.000Z,,,,,,,,,
"9/5/2025, 9:07:51 PM",3.666,79,100,16,2025-09-06T01:07:51.000Z,,,,,,,,,
"9/5/2025, 9:10:51 PM",3.666,79,100,16,2025-09-06T01:10:51.000Z,,,,,,,,,
"9/5/2025, 9:13:51 PM",3.666,79,100,16,2025-09-06T01:13:51.000Z,,,,,,,,,
"9/5/2025, 9:16:51 PM",3.666,79,100,16,2025-09-06T01:16:51.000Z,,,,,,,,,
"9/5/2025, 9:19:51 PM",3.666,78.8,100,16,2025-09-06T01:19:51.000Z,,,,,,,,,
"9/5/2025, 9:22:51 PM",3.667,78.8,100,16,2025-09-06T01:22:51.000Z,,,,,,,,,
"9/5/2025, 9:25:51 PM",3.666,78.6,100,16,2025-09-06T01:25:51.000Z,,,,,,,,,
"9/5/2025, 9:28:51 PM",3.666,78.6,100,16,2025-09-06T01:28:51.000Z,,,,,,,,,
"9/5/2025, 9:31:51 PM",3.666,78.6,100,16,2025-09-06T01:31:51.000Z,,,,,,,,,
"9/5/2025, 9:34:51 PM",3.666,78.4,100,16,2025-09-06T01:34:51.000Z,,,,,,,,,
"9/5/2025, 9:37:51 PM",3.666,78.4,100,16,2025-09-06T01:37:51.000Z,,,,,,,,,
"9/5/2025, 9:40:51 PM",3.666,78.4,100,16,2025-09-06T01:40:51.000Z,,,,,,,,,
"9/5/2025, 9:43:51 PM",3.666,78.4,100,16,2025-09-06T01:43:51.000Z,,,,,,,,,
"9/5/2025, 9:46:51 PM",3.666,78.4,100,16,2025-09-06T01:46:51.000Z,,,,,,,,,
"9/5/2025, 9:49:51 PM",3.666,78.4,100,16,2025-09-06T01:49:51.000Z,,,,,,,,,
"9/5/2025, 9:52:51 PM",3.666,78.4,100,17,2025-09-06T01:52:51.000Z,,,,,,,,,
"9/5/2025, 9:55:51 PM",3.666,78.4,100,16,2025-09-06T01:55:51.000Z,,,,,,,,,
"9/5/2025, 9:58:51 PM",3.666,78.4,100,16,2025-09-06T01:58:51.000Z,,,,,,,,,
"9/5/2025, 10:01:51 PM",3.666,78.6,100,17,2025-09-06T02:01:51.000Z,,,,,,,,,
"9/5/2025, 10:04:51 PM",3.666,78.6,100,17,2025-09-06T02:04:51.000Z,,,,,,,,,
"9/5/2025, 10:07:51 PM",3.666,78.6,100,17,2025-09-06T02:07:51.000Z,,,,,,,,,
"9/5/2025, 10:10:51 PM",3.666,78.6,100,17,2025-09-06T02:10:51.000Z,,,,,,,,,
"9/5/2025, 10:13:51 PM",3.666,78.6,100,17,2025-09-06T02:13:51.000Z,,,,,,,,,
"9/5/2025, 10:16:51 PM",3.666,78.6,100,17,2025-09-06T02:16:51.000Z,,,,,,,,,
"9/5/2025, 10:19:51 PM",3.666,78.6,100,17,2025-09-06T02:19:51.000Z,,,,,,,,,
"9/5/2025, 10:22:51 PM",3.666,78.6,100,17,2025-09-06T02:22:51.000Z,,,,,,,,,
"9/5/2025, 10:25:51 PM",3.666,78.6,100,17,2025-09-06T02:25:51.000Z,,,,,,,,,
"9/5/2025, 10:28:51 PM",3.666,78.6,100,17,2025-09-06T02:28:51.000Z,,,,,,,,,
"9/5/2025, 10:31:51 PM",3.666,78.6,100,17,2025-09-06T02:31:51.000Z,,,,,,,,,
"9/5/2025, 10:34:51 PM",3.666,78.6,100,17,2025-09-06T02:34:51.000Z,,,,,,,,,
"9/5/2025, 10:37:51 PM",3.666,78.6,100,17,2025-09-06T02:37:51.000Z,,,,,,,,,
"9/5/2025, 10:40:51 PM",3.666,78.6,100,17,2025-09-06T02:40:51.000Z,,,,,,,,,
"9/5/2025, 10:43:51 PM",3.666,78.6,100,17,2025-09-06T02:43:51.000Z,,,,,,,,,
"9/5/2025, 10:46:51 PM",3.666,78.8,100,17,2025-09-06T02:46:51.000Z,,,,,,,,,
"9/5/2025, 10:49:51 PM",3.666,78.8,100,17,2025-09-06T02:49:51.000Z,,,,,,,,,
"9/5/2025, 10:52:51 PM",3.666,78.8,100,17,2025-09-06T02:52:51.000Z,,,,,,,,,
"9/5/2025, 10:55:51 PM",3.666,78.8,100,17,2025-09-06T02:55:51.000Z,,,,,,,,,
"9/5/2025, 10:58:51 PM",3.666,78.8,100,17,2025-09-06T02:58:51.000Z,,,,,,,,,
"9/5/2025, 11:01:51 PM",3.666,78.8,100,17,2025-09-06T03:01:51.000Z,,,,,,,,,
"9/5/2025, 11:04:51 PM",3.666,78.8,100,17,2025-09-06T03:04:51.000Z,,,,,,,,,
"9/5/2025, 11:07:51 PM",3.666,78.8,100,16,2025-09-06T03:07:51.000Z,,,,,,,,,
"9/5/2025, 11:10:51 PM",3.666,78.8,100,16,2025-09-06T03:10:51.000Z,,,,,,,,,
"9/5/2025, 11:13:51 PM",3.666,78.8,100,16,2025-09-06T03:13:51.000Z,,,,,,,,,
"9/5/2025, 11:16:51 PM",3.666,78.6,100,16,2025-09-06T03:16:51.000Z,,,,,,,,,
"9/5/2025, 11:19:51 PM",3.665,78.6,100,15,2025-09-06T03:19:51.000Z,,,,,,,,,
"9/5/2025, 11:22:51 PM",3.666,78.4,100,15,2025-09-06T03:22:51.000Z,,,,,,,,,
"9/5/2025, 11:25:51 PM",3.666,78.4,100,15,2025-09-06T03:25:51.000Z,,,,,,,,,
"9/5/2025, 11:28:51 PM",3.666,78.3,100,15,2025-09-06T03:28:51.000Z,,,,,,,,,
"9/5/2025, 11:31:51 PM",3.666,78.3,100,15,2025-09-06T03:31:51.000Z,,,,,,,,,
"9/5/2025, 11:34:51 PM",3.666,78.3,100,14,2025-09-06T03:34:51.000Z,,,,,,,,,
"9/5/2025, 11:37:51 PM",3.666,78.1,100,14,2025-09-06T03:37:51.000Z,,,,,,,,,
"9/5/2025, 11:40:51 PM",3.666,78.1,100,14,2025-09-06T03:40:51.000Z,,,,,,,,,
"9/5/2025, 11:43:51 PM",3.666,77.9,100,14,2025-09-06T03:43:51.000Z,,,,,,,,,
"9/5/2025, 11:46:51 PM",3.666,77.9,100,14,2025-09-06T03:46:51.000Z,,,,,,,,,
"9/5/2025, 11:49:51 PM",3.666,77.7,100,14,2025-09-06T03:49:51.000Z,,,,,,,,,
"9/5/2025, 11:52:51 PM",3.666,77.7,100,15,2025-09-06T03:52:51.000Z,,,,,,,,,
"9/5/2025, 11:55:51 PM",3.666,77.5,100,15,2025-09-06T03:55:51.000Z,,,,,,,,,
"9/5/2025, 11:58:51 PM",3.666,77.5,100,15,2025-09-06T03:58:51.000Z,,,,,,,,,
"9/6/2025, 12:01:51 AM",3.666,77.5,100,15,2025-09-06T04:01:51.000Z,,,,,,,,,
"9/6/2025, 12:04:51 AM",3.666,77.5,100,16,2025-09-06T04:04:51.000Z,,,,,,,,,
"9/6/2025, 12:07:51 AM",3.666,77.5,100,16,2025-09-06T04:07:51.000Z,,,,,,,,,
"9/6/2025, 12:10:51 AM",3.666,77.5,100,16,2025-09-06T04:10:51.000Z,,,,,,,,,
"9/6/2025, 12:13:51 AM",3.666,77.5,100,16,2025-09-06T04:13:51.000Z,,,,,,,,,
"9/6/2025, 12:16:51 AM",3.666,77.5,100,16,2025-09-06T04:16:51.000Z,,,,,,,,,
"9/6/2025, 12:19:51 AM",3.666,77.5,100,16,2025-09-06T04:19:51.000Z,,,,,,,,,
"9/6/2025, 12:22:51 AM",3.666,77.5,100,17,2025-09-06T04:22:51.000Z,,,,,,,,,
"9/6/2025, 12:25:51 AM",3.666,77.5,100,17,2025-09-06T04:25:51.000Z,,,,,,,,,
"9/6/2025, 12:28:51 AM",3.666,77.5,100,17,2025-09-06T04:28:51.000Z,,,,,,,,,
"9/6/2025, 12:31:51 AM",3.666,77.5,100,17,2025-09-06T04:31:51.000Z,,,,,,,,,
"9/6/2025, 12:34:51 AM",3.666,77.5,100,17,2025-09-06T04:34:51.000Z,,,,,,,,,
"9/6/2025, 12:37:51 AM",3.666,77.5,100,17,2025-09-06T04:37:51.000Z,,,,,,,,,
"9/6/2025, 12:40:51 AM",3.666,77.5,100,17,2025-09-06T04:40:51.000Z,,,,,,,,,
"9/6/2025, 12:43:51 AM",3.666,77.5,100,18,2025-09-06T04:43:51.000Z,,,,,,,,,
"9/6/2025, 12:46:51 AM",3.666,77.5,100,17,2025-09-06T04:46:51.000Z,,,,,,,,,
"9/6/2025, 12:49:51 AM",3.666,77.5,100,18,2025-09-06T04:49:51.000Z,,,,,,,,,
"9/6/2025, 12:52:51 AM",3.666,77.5,100,17,2025-09-06T04:52:51.000Z,,,,,,,,,
"9/6/2025, 12:55:51 AM",3.666,77.5,100,18,2025-09-06T04:55:51.000Z,,,,,,,,,
"9/6/2025, 12:58:51 AM",3.666,77.5,100,17,2025-09-06T04:58:51.000Z,,,,,,,,,
"9/6/2025, 1:01:51 AM",3.666,77.5,100,18,2025-09-06T05:01:51.000Z,,,,,,,,,
"9/6/2025, 1:04:51 AM",3.666,77.5,100,18,2025-09-06T05:04:51.000Z,,,,,,,,,
"9/6/2025, 1:07:51 AM",3.666,77.5,100,18,2025-09-06T05:07:51.000Z,,,,,,,,,
"9/6/2025, 1:10:51 AM",3.666,77.5,100,18,2025-09-06T05:10:51.000Z,,,,,,,,,
"9/6/2025, 1:13:51 AM",3.666,77.5,100,17,2025-09-06T05:13:51.000Z,,,,,,,,,
"9/6/2025, 1:16:51 AM",3.666,77.5,100,17,2025-09-06T05:16:51.000Z,,,,,,,,,
"9/6/2025, 1:19:51 AM",3.666,77.5,100,18,2025-09-06T05:19:51.000Z,,,,,,,,,
"9/6/2025, 1:22:51 AM",3.666,77.5,100,18,2025-09-06T05:22:51.000Z,,,,,,,,,
"9/6/2025, 1:25:51 AM",3.666,77.5,100,17,2025-09-06T05:25:51.000Z,,,,,,,,,
"9/6/2025, 1:28:51 AM",3.666,77.5,100,18,2025-09-06T05:28:51.000Z,,,,,,,,,
"9/6/2025, 1:31:51 AM",3.666,77.5,100,18,2025-09-06T05:31:51.000Z,,,,,,,,,
"9/6/2025, 1:34:51 AM",3.666,77.5,100,17,2025-09-06T05:34:51.000Z,,,,,,,,,
"9/6/2025, 1:37:51 AM",3.666,77.5,100,18,2025-09-06T05:37:51.000Z,,,,,,,,,
"9/6/2025, 1:40:51 AM",3.666,77.5,100,18,2025-09-06T05:40:51.000Z,,,,,,,,,
"9/6/2025, 1:43:51 AM",3.666,77.5,100,18,2025-09-06T05:43:51.000Z,,,,,,,,,
"9/6/2025, 1:46:51 AM",3.666,77.5,100,18,2025-09-06T05:46:51.000Z,,,,,,,,,
"9/6/2025, 1:49:51 AM",3.666,77.7,100,18,2025-09-06T05:49:51.000Z,,,,,,,,,
"9/6/2025, 1:52:51 AM",3.666,77.7,100,18,2025-09-06T05:52:51.000Z,,,,,,,,,
"9/6/2025, 1:55:51 AM",3.666,77.7,100,18,2025-09-06T05:55:51.000Z,,,,,,,,,
"9/6/2025, 1:58:51 AM",3.666,77.7,100,18,2025-09-06T05:58:51.000Z,,,,,,,,,
"9/6/2025, 2:01:51 AM",3.666,77.7,100,18,2025-09-06T06:01:51.000Z,,,,,,,,,
"9/6/2025, 2:04:51 AM",3.666,77.7,100,18,2025-09-06T06:04:51.000Z,,,,,,,,,
"9/6/2025, 2:07:51 AM",3.666,77.9,100,19,2025-09-06T06:07:51.000Z,,,,,,,,,
"9/6/2025, 2:10:51 AM",3.666,77.9,100,19,2025-09-06T06:10:51.000Z,,,,,,,,,
"9/6/2025, 2:13:51 AM",3.666,77.9,100,19,2025-09-06T06:13:51.000Z,,,,,,,,,
"9/6/2025, 2:16:51 AM",3.665,77.9,100,19,2025-09-06T06:16:51.000Z,,,,,,,,,
"9/6/2025, 2:19:51 AM",3.666,77.9,100,19,2025-09-06T06:19:51.000Z,,,,,,,,,
"9/6/2025, 2:22:51 AM",3.666,77.9,100,19,2025-09-06T06:22:51.000Z,,,,,,,,,
"9/6/2025, 2:25:51 AM",3.666,77.9,100,19,2025-09-06T06:25:51.000Z,,,,,,,,,
"9/6/2025, 2:28:51 AM",3.666,78.1,100,20,2025-09-06T06:28:51.000Z,,,,,,,,,
"9/6/2025, 2:31:51 AM",3.666,78.1,100,20,2025-09-06T06:31:51.000Z,,,,,,,,,
"9/6/2025, 2:34:51 AM",3.666,78.1,100,20,2025-09-06T06:34:51.000Z,,,,,,,,,
"9/6/2025, 2:37:51 AM",3.666,78.1,100,19,2025-09-06T06:37:51.000Z,,,,,,,,,
"9/6/2025, 2:40:51 AM",3.665,78.1,100,19,2025-09-06T06:40:51.000Z,,,,,,,,,
"9/6/2025, 2:43:51 AM",3.666,78.1,100,19,2025-09-06T06:43:51.000Z,,,,,,,,,
"9/6/2025, 2:46:51 AM",3.666,78.1,100,19,2025-09-06T06:46:51.000Z,,,,,,,,,
"9/6/2025, 2:49:51 AM",3.666,78.1,100,19,2025-09-06T06:49:51.000Z,,,,,,,,,
"9/6/2025, 2:52:51 AM",3.666,77.9,100,19,2025-09-06T06:52:51.000Z,,,,,,,,,
"9/6/2025, 2:55:51 AM",3.665,77.9,100,19,2025-09-06T06:55:51.000Z,,,,,,,,,
"9/6/2025, 2:58:51 AM",3.666,77.9,100,19,2025-09-06T06:58:51.000Z,,,,,,,,,
"9/6/2025, 3:01:51 AM",3.665,77.9,100,19,2025-09-06T07:01:51.000Z,,,,,,,,,
"9/6/2025, 3:04:51 AM",3.666,77.9,100,19,2025-09-06T07:04:51.000Z,,,,,,,,,
"9/6/2025, 3:07:51 AM",3.666,77.9,100,19,2025-09-06T07:07:51.000Z,,,,,,,,,
"9/6/2025, 3:10:51 AM",3.666,77.9,100,20,2025-09-06T07:10:51.000Z,,,,,,,,,
"9/6/2025, 3:13:51 AM",3.665,77.9,100,20,2025-09-06T07:13:51.000Z,,,,,,,,,
"9/6/2025, 3:16:51 AM",3.665,77.9,100,20,2025-09-06T07:16:51.000Z,,,,,,,,,
"9/6/2025, 3:19:51 AM",3.665,78.1,100,20,2025-09-06T07:19:51.000Z,,,,,,,,,
"9/6/2025, 3:22:51 AM",3.666,78.1,100,20,2025-09-06T07:22:51.000Z,,,,,,,,,
"9/6/2025, 3:25:51 AM",3.665,78.1,100,20,2025-09-06T07:25:51.000Z,,,,,,,,,
"9/6/2025, 3:28:51 AM",3.666,78.1,100,20,2025-09-06T07:28:51.000Z,,,,,,,,,
"9/6/2025, 3:31:51 AM",3.666,78.3,100,20,2025-09-06T07:31:51.000Z,,,,,,,,,
"9/6/2025, 3:34:51 AM",3.665,78.3,100,20,2025-09-06T07:34:51.000Z,,,,,,,,,
"9/6/2025, 3:37:51 AM",3.665,78.3,100,20,2025-09-06T07:37:51.000Z,,,,,,,,,
"9/6/2025, 3:40:51 AM",3.666,78.3,100,20,2025-09-06T07:40:51.000Z,,,,,,,,,
"9/6/2025, 3:43:51 AM",3.666,78.3,100,21,2025-09-06T07:43:51.000Z,,,,,,,,,
"9/6/2025, 3:46:51 AM",3.665,78.3,100,21,2025-09-06T07:46:51.000Z,,,,,,,,,
"9/6/2025, 3:49:51 AM",3.665,78.3,100,21,2025-09-06T07:49:51.000Z,,,,,,,,,
"9/6/2025, 3:52:51 AM",3.665,78.3,100,20,2025-09-06T07:52:51.000Z,,,,,,,,,
"9/6/2025, 3:55:51 AM",3.666,78.3,100,20,2025-09-06T07:55:51.000Z,,,,,,,,,
"9/6/2025, 3:58:51 AM",3.666,78.3,100,20,2025-09-06T07:58:51.000Z,,,,,,,,,
"9/6/2025, 4:01:51 AM",3.665,78.3,100,20,2025-09-06T08:01:51.000Z,,,,,,,,,
"9/6/2025, 4:04:51 AM",3.665,78.3,100,20,2025-09-06T08:04:51.000Z,,,,,,,,,
"9/6/2025, 4:07:51 AM",3.666,78.3,100,20,2025-09-06T08:07:51.000Z,,,,,,,,,
"9/6/2025, 4:10:51 AM",3.666,78.3,100,20,2025-09-06T08:10:51.000Z,,,,,,,,,
"9/6/2025, 4:13:51 AM",3.665,78.3,100,20,2025-09-06T08:13:51.000Z,,,,,,,,,
"9/6/2025, 4:16:51 AM",3.666,78.3,100,20,2025-09-06T08:16:51.000Z,,,,,,,,,
"9/6/2025, 4:19:51 AM",3.665,78.3,100,20,2025-09-06T08:19:51.000Z,,,,,,,,,
"9/6/2025, 4:22:51 AM",3.665,78.3,100,20,2025-09-06T08:22:51.000Z,,,,,,,,,
"9/6/2025, 4:25:51 AM",3.666,78.4,100,20,2025-09-06T08:25:51.000Z,,,,,,,,,
"9/6/2025, 4:28:51 AM",3.665,78.4,100,20,2025-09-06T08:28:51.000Z,,,,,,,,,
"9/6/2025, 4:31:51 AM",3.666,78.4,100,20,2025-09-06T08:31:51.000Z,,,,,,,,,
"9/6/2025, 4:34:51 AM",3.665,78.4,100,20,2025-09-06T08:34:51.000Z,,,,,,,,,
"9/6/2025, 4:37:51 AM",3.666,78.4,100,20,2025-09-06T08:37:51.000Z,,,,,,,,,
"9/6/2025, 4:40:51 AM",3.666,78.4,100,20,2025-09-06T08:40:51.000Z,,,,,,,,,
"9/6/2025, 4:43:51 AM",3.666,78.4,100,20,2025-09-06T08:43:51.000Z,,,,,,,,,
"9/6/2025, 4:46:51 AM",3.665,78.4,100,20,2025-09-06T08:46:51.000Z,,,,,,,,,
"9/6/2025, 4:49:51 AM",3.665,78.4,100,20,2025-09-06T08:49:51.000Z,,,,,,,,,
"9/6/2025, 4:52:51 AM",3.666,78.4,100,19,2025-09-06T08:52:51.000Z,,,,,,,,,
"9/6/2025, 4:55:51 AM",3.665,78.4,100,19,2025-09-06T08:55:51.000Z,,,,,,,,,
"9/6/2025, 4:58:51 AM",3.666,78.4,100,19,2025-09-06T08:58:51.000Z,,,,,,,,,
"9/6/2025, 5:01:51 AM",3.665,78.4,100,19,2025-09-06T09:01:51.000Z,,,,,,,,,
"9/6/2025, 5:04:51 AM",3.666,78.4,100,19,2025-09-06T09:04:51.000Z,,,,,,,,,
"9/6/2025, 5:07:51 AM",3.666,78.4,100,19,2025-09-06T09:07:51.000Z,,,,,,,,,
"9/6/2025, 5:10:51 AM",3.665,78.4,100,19,2025-09-06T09:10:51.000Z,,,,,,,,,
"9/6/2025, 5:13:51 AM",3.666,78.4,100,19,2025-09-06T09:13:51.000Z,,,,,,,,,
"9/6/2025, 5:16:51 AM",3.665,78.4,100,19,2025-09-06T09:16:51.000Z,,,,,,,,,
"9/6/2025, 5:19:51 AM",3.665,78.4,100,19,2025-09-06T09:19:51.000Z,,,,,,,,,
"9/6/2025, 5:22:51 AM",3.665,78.4,100,19,2025-09-06T09:22:51.000Z,,,,,,,,,
"9/6/2025, 5:25:51 AM",3.665,78.3,100,19,2025-09-06T09:25:51.000Z,,,,,,,,,
"9/6/2025, 5:28:51 AM",3.666,78.3,100,19,2025-09-06T09:28:51.000Z,,,,,,,,,
"9/6/2025, 5:31:51 AM",3.666,78.1,100,19,2025-09-06T09:31:51.000Z,,,,,,,,,
"9/6/2025, 5:34:51 AM",3.665,78.1,100,19,2025-09-06T09:34:51.000Z,,,,,,,,,
"9/6/2025, 5:37:51 AM",3.665,78.1,100,19,2025-09-06T09:37:51.000Z,,,,,,,,,
"9/6/2025, 5:40:51 AM",3.665,77.9,100,19,2025-09-06T09:40:51.000Z,,,,,,,,,
"9/6/2025, 5:43:51 AM",3.666,77.9,100,19,2025-09-06T09:43:51.000Z,,,,,,,,,
"9/6/2025, 5:46:51 AM",3.666,77.7,100,18,2025-09-06T09:46:51.000Z,,,,,,,,,
"9/6/2025, 5:49:51 AM",3.665,77.7,100,18,2025-09-06T09:49:51.000Z,,,,,,,,,
"9/6/2025, 5:52:51 AM",3.665,77.7,100,18,2025-09-06T09:52:51.000Z,,,,,,,,,
"9/6/2025, 5:55:51 AM",3.665,77.7,100,18,2025-09-06T09:55:51.000Z,,,,,,,,,
"9/6/2025, 5:58:51 AM",3.666,77.7,100,18,2025-09-06T09:58:51.000Z,,,,,,,,,
"9/6/2025, 6:01:51 AM",3.666,77.7,100,18,2025-09-06T10:01:51.000Z,,,,,,,,,
"9/6/2025, 6:04:51 AM",3.665,77.7,100,18,2025-09-06T10:04:51.000Z,,,,,,,,,
"9/6/2025, 6:07:51 AM",3.665,77.7,100,18,2025-09-06T10:07:51.000Z,,,,,,,,,
"9/6/2025, 6:10:51 AM",3.666,77.7,100,18,2025-09-06T10:10:51.000Z,,,,,,,,,
"9/6/2025, 6:13:51 AM",3.665,77.7,100,18,2025-09-06T10:13:51.000Z,,,,,,,,,
"9/6/2025, 6:16:51 AM",3.665,77.7,100,18,2025-09-06T10:16:51.000Z,,,,,,,,,
"9/6/2025, 6:19:51 AM",3.665,77.7,100,18,2025-09-06T10:19:51.000Z,,,,,,,,,
"9/6/2025, 6:22:51 AM",3.665,77.7,100,18,2025-09-06T10:22:51.000Z,,,,,,,,,
"9/6/2025, 6:25:51 AM",3.665,77.7,100,18,2025-09-06T10:25:51.000Z,,,,,,,,,
"9/6/2025, 6:28:51 AM",3.665,77.7,100,17,2025-09-06T10:28:51.000Z,,,,,,,,,
"9/6/2025, 6:31:51 AM",3.665,77.7,100,17,2025-09-06T10:31:51.000Z,,,,,,,,,
"9/6/2025, 6:34:51 AM",3.665,77.7,100,17,2025-09-06T10:34:51.000Z,,,,,,,,,
"9/6/2025, 6:37:51 AM",3.665,77.7,100,17,2025-09-06T10:37:51.000Z,,,,,,,,,
"9/6/2025, 6:40:51 AM",3.665,77.7,100,17,2025-09-06T10:40:51.000Z,,,,,,,,,
"9/6/2025, 6:43:51 AM",3.666,77.5,100,17,2025-09-06T10:43:51.000Z,,,,,,,,,
"9/6/2025, 6:46:51 AM",3.666,77.5,100,17,2025-09-06T10:46:51.000Z,,,,,,,,,
"9/6/2025, 6:49:51 AM",3.666,77.4,100,17,2025-09-06T10:49:51.000Z,,,,,,,,,
"9/6/2025, 6:52:51 AM",3.665,77.4,100,17,2025-09-06T10:52:51.000Z,,,,,,,,,
"9/6/2025, 6:55:51 AM",3.665,77.4,100,17,2025-09-06T10:55:51.000Z,,,,,,,,,
"9/6/2025, 6:58:51 AM",3.665,77.2,100,17,2025-09-06T10:58:51.000Z,,,,,,,,,
"9/6/2025, 7:01:51 AM",3.665,77,100,17,2025-09-06T11:01:51.000Z,,,,,,,,,
"9/6/2025, 7:04:51 AM",3.665,77,100,17,2025-09-06T11:04:51.000Z,,,,,,,,,
"9/6/2025, 7:07:51 AM",3.665,77,100,17,2025-09-06T11:07:51.000Z,,,,,,,,,
"9/6/2025, 7:10:51 AM",3.665,77,100,17,2025-09-06T11:10:51.000Z,,,,,,,,,
"9/6/2025, 7:13:51 AM",3.665,77,100,17,2025-09-06T11:13:51.000Z,,,,,,,,,
"9/6/2025, 7:16:51 AM",3.665,77,100,17,2025-09-06T11:16:51.000Z,,,,,,,,,
"9/6/2025, 7:19:51 AM",3.665,77,100,17,2025-09-06T11:19:51.000Z,,,,,,,,,
"9/6/2025, 7:22:51 AM",3.665,77,100,16,2025-09-06T11:22:51.000Z,,,,,,,,,
"9/6/2025, 7:25:51 AM",3.665,77,100,16,2025-09-06T11:25:51.000Z,,,,,,,,,
"9/6/2025, 7:28:51 AM",3.666,77,100,16,2025-09-06T11:28:51.000Z,,,,,,,,,
"9/6/2025, 7:31:51 AM",3.665,77.2,100,16,2025-09-06T11:31:51.000Z,,,,,,,,,
"9/6/2025, 7:34:51 AM",3.665,77.2,100,17,2025-09-06T11:34:51.000Z,,,,,,,,,
"9/6/2025, 7:37:51 AM",3.665,77.2,100,17,2025-09-06T11:37:51.000Z,,,,,,,,,
"9/6/2025, 7:40:51 AM",3.665,77.2,100,17,2025-09-06T11:40:51.000Z,,,,,,,,,
"9/6/2025, 7:43:51 AM",3.665,77.2,100,17,2025-09-06T11:43:51.000Z,,,,,,,,,
"9/6/2025, 7:46:51 AM",3.665,77.4,100,17,2025-09-06T11:46:51.000Z,,,,,,,,,
"9/6/2025, 7:49:51 AM",3.666,77.4,100,17,2025-09-06T11:49:51.000Z,,,,,,,,,
"9/6/2025, 7:52:51 AM",3.665,77.4,100,16,2025-09-06T11:52:51.000Z,,,,,,,,,
"9/6/2025, 7:55:51 AM",3.665,77.4,100,17,2025-09-06T11:55:51.000Z,,,,,,,,,
"9/6/2025, 7:58:51 AM",3.665,77.4,100,17,2025-09-06T11:58:51.000Z,,,,,,,,,
"9/6/2025, 8:01:51 AM",3.665,77.4,100,17,2025-09-06T12:01:51.000Z,,,,,,,,,
"9/6/2025, 8:04:51 AM",3.666,77.5,100,17,2025-09-06T12:04:51.000Z,,,,,,,,,
"9/6/2025, 8:07:51 AM",3.665,77.5,100,17,2025-09-06T12:07:51.000Z,,,,,,,,,
"9/6/2025, 8:10:51 AM",3.665,77.5,100,17,2025-09-06T12:10:51.000Z,,,,,,,,,
"9/6/2025, 8:13:51 AM",3.666,77.7,100,17,2025-09-06T12:13:51.000Z,,,,,,,,,
"9/6/2025, 8:16:51 AM",3.665,77.7,100,17,2025-09-06T12:16:51.000Z,,,,,,,,,
"9/6/2025, 8:19:51 AM",3.665,77.9,100,17,2025-09-06T12:19:51.000Z,,,,,,,,,
"9/6/2025, 8:22:51 AM",3.665,77.9,100,17,2025-09-06T12:22:51.000Z,,,,,,,,,
"9/6/2025, 8:25:51 AM",3.665,78.1,100,17,2025-09-06T12:25:51.000Z,,,,,,,,,
"9/6/2025, 8:28:51 AM",3.666,78.1,100,17,2025-09-06T12:28:51.000Z,,,,,,,,,
"9/6/2025, 8:31:51 AM",3.665,78.3,100,17,2025-09-06T12:31:51.000Z,,,,,,,,,
"9/6/2025, 8:34:51 AM",3.665,78.3,100,18,2025-09-06T12:34:51.000Z,,,,,,,,,
"9/6/2025, 8:37:51 AM",3.665,78.3,100,18,2025-09-06T12:37:51.000Z,,,,,,,,,
"9/6/2025, 8:40:51 AM",3.665,78.4,100,18,2025-09-06T12:40:51.000Z,,,,,,,,,
"9/6/2025, 8:43:51 AM",3.665,78.4,100,18,2025-09-06T12:43:51.000Z,,,,,,,,,
"9/6/2025, 8:46:51 AM",3.665,78.4,100,18,2025-09-06T12:46:51.000Z,,,,,,,,,
"9/6/2025, 8:49:51 AM",3.665,78.6,100,18,2025-09-06T12:49:51.000Z,,,,,,,,,
"9/6/2025, 8:52:51 AM",3.666,78.6,100,18,2025-09-06T12:52:51.000Z,,,,,,,,,
"9/6/2025, 8:55:51 AM",3.665,78.6,100,18,2025-09-06T12:55:51.000Z,,,,,,,,,
"9/6/2025, 8:58:51 AM",3.665,78.8,100,18,2025-09-06T12:58:51.000Z,,,,,,,,,
"9/6/2025, 9:01:51 AM",3.665,78.8,100,18,2025-09-06T13:01:51.000Z,,,,,,,,,
"9/6/2025, 9:04:51 AM",3.665,79,100,18,2025-09-06T13:04:51.000Z,,,,,,,,,
"9/6/2025, 9:07:51 AM",3.665,79,100,19,2025-09-06T13:07:51.000Z,,,,,,,,,
"9/6/2025, 9:10:51 AM",3.665,79,100,19,2025-09-06T13:10:51.000Z,,,,,,,,,
"9/6/2025, 9:13:51 AM",3.665,79,100,19,2025-09-06T13:13:51.000Z,,,,,,,,,
"9/6/2025, 9:16:51 AM",3.665,79.2,100,19,2025-09-06T13:16:51.000Z,,,,,,,,,
"9/6/2025, 9:19:51 AM",3.665,79.3,100,19,2025-09-06T13:19:51.000Z,,,,,,,,,
"9/6/2025, 9:22:51 AM",3.665,79.5,100,19,2025-09-06T13:22:51.000Z,,,,,,,,,
"9/6/2025, 9:25:51 AM",3.665,79.5,100,20,2025-09-06T13:25:51.000Z,,,,,,,,,
"9/6/2025, 9:28:51 AM",3.665,79.7,100,20,2025-09-06T13:28:51.000Z,,,,,,,,,
"9/6/2025, 9:31:51 AM",3.665,79.9,100,20,2025-09-06T13:31:51.000Z,,,,,,,,,
"9/6/2025, 9:34:51 AM",3.665,80.1,100,20,2025-09-06T13:34:51.000Z,,,,,,,,,
"9/6/2025, 9:37:51 AM",3.665,80.1,100,20,2025-09-06T13:37:51.000Z,,,,,,,,,
"9/6/2025, 9:40:51 AM",3.665,80.2,100,20,2025-09-06T13:40:51.000Z,,,,,,,,,
"9/6/2025, 9:43:51 AM",3.665,80.4,100,21,2025-09-06T13:43:51.000Z,,,,,,,,,
"9/6/2025, 9:46:51 AM",3.665,80.4,100,21,2025-09-06T13:46:51.000Z,,,,,,,,,
"9/6/2025, 9:49:51 AM",3.664,80.6,100,21,2025-09-06T13:49:51.000Z,,,,,,,,,
"9/6/2025, 9:52:51 AM",3.665,80.6,100,21,2025-09-06T13:52:51.000Z,,,,,,,,,
"9/6/2025, 9:55:51 AM",3.665,80.6,100,21,2025-09-06T13:55:51.000Z,,,,,,,,,
"9/6/2025, 9:58:51 AM",3.665,80.8,100,21,2025-09-06T13:58:51.000Z,,,,,,,,,
"9/6/2025, 10:01:51 AM",3.665,80.8,100,21,2025-09-06T14:01:51.000Z,,,,,,,,,
"9/6/2025, 10:04:51 AM",3.665,80.8,100,22,2025-09-06T14:04:51.000Z,,,,,,,,,
"9/6/2025, 10:07:51 AM",3.665,81,100,22,2025-09-06T14:07:51.000Z,,,,,,,,,
"9/6/2025, 10:10:51 AM",3.665,81,100,22,2025-09-06T14:10:51.000Z,,,,,,,,,
"9/6/2025, 10:13:51 AM",3.665,81.1,100,22,2025-09-06T14:13:51.000Z,,,,,,,,,
"9/6/2025, 10:16:51 AM",3.665,81.1,100,24,2025-09-06T14:16:51.000Z,,,,,,,,,
"9/6/2025, 10:19:51 AM",3.665,81.3,100,24,2025-09-06T14:19:51.000Z,,,,,,,,,
"9/6/2025, 10:22:51 AM",3.664,81.5,100,24,2025-09-06T14:22:51.000Z,,,,,,,,,
"9/6/2025, 10:25:51 AM",3.664,81.5,100,24,2025-09-06T14:25:51.000Z,,,,,,,,,
"9/6/2025, 10:28:51 AM",3.665,81.7,100,25,2025-09-06T14:28:51.000Z,,,,,,,,,
"9/6/2025, 10:31:51 AM",3.664,81.9,100,25,2025-09-06T14:31:51.000Z,,,,,,,,,
"9/6/2025, 10:34:51 AM",3.665,82,100,25,2025-09-06T14:34:51.000Z,,,,,,,,,
"9/6/2025, 10:37:51 AM",3.664,82.2,100,25,2025-09-06T14:37:51.000Z,,,,,,,,,
"9/6/2025, 10:40:51 AM",3.664,82.4,100,25,2025-09-06T14:40:51.000Z,,,,,,,,,
"9/6/2025, 10:43:51 AM",3.665,82.6,100,25,2025-09-06T14:43:51.000Z,,,,,,,,,
"9/6/2025, 10:46:51 AM",3.664,82.8,100,25,2025-09-06T14:46:51.000Z,,,,,,,,,
"9/6/2025, 10:49:51 AM",3.664,82.9,100,25,2025-09-06T14:49:51.000Z,,,,,,,,,
"9/6/2025, 10:52:51 AM",3.664,82.8,100,25,2025-09-06T14:52:51.000Z,,,,,,,,,
"9/6/2025, 10:55:51 AM",3.665,82.8,100,25,2025-09-06T14:55:51.000Z,,,,,,,,,
"9/6/2025, 10:58:51 AM",3.664,82.8,100,25,2025-09-06T14:58:51.000Z,,,,,,,,,
"9/6/2025, 11:01:51 AM",3.664,82.8,100,25,2025-09-06T15:01:51.000Z,,,,,,,,,
"9/6/2025, 11:04:51 AM",3.665,82.9,100,25,2025-09-06T15:04:51.000Z,,,,,,,,,
"9/6/2025, 11:07:51 AM",3.665,82.9,100,25,2025-09-06T15:07:51.000Z,,,,,,,,,
"9/6/2025, 11:10:51 AM",3.665,82.9,100,26,2025-09-06T15:10:51.000Z,,,,,,,,,
"9/6/2025, 11:13:51 AM",3.664,83.1,100,26,2025-09-06T15:13:51.000Z,,,,,,,,,
"9/6/2025, 11:16:51 AM",3.664,83.3,100,27,2025-09-06T15:16:51.000Z,,,,,,,,,
"9/6/2025, 11:19:51 AM",3.665,83.5,100,27,2025-09-06T15:19:51.000Z,,,,,,,,,
"9/6/2025, 11:22:51 AM",3.665,83.7,100,27,2025-09-06T15:22:51.000Z,,,,,,,,,
"9/6/2025, 11:25:51 AM",3.664,83.8,100,28,2025-09-06T15:25:51.000Z,,,,,,,,,
"9/6/2025, 11:28:51 AM",3.664,84,100,28,2025-09-06T15:28:51.000Z,,,,,,,,,
"9/6/2025, 11:31:51 AM",3.664,84.2,100,29,2025-09-06T15:31:51.000Z,,,,,,,,,
"9/6/2025, 11:34:51 AM",3.664,84.6,100,29,2025-09-06T15:34:51.000Z,,,,,,,,,
"9/6/2025, 11:37:51 AM",3.665,84.9,100,30,2025-09-06T15:37:51.000Z,,,,,,,,,
"9/6/2025, 11:40:51 AM",3.664,85.3,100,31,2025-09-06T15:40:51.000Z,,,,,,,,,
"9/6/2025, 11:43:51 AM",3.664,85.6,100,31,2025-09-06T15:43:51.000Z,,,,,,,,,
"9/6/2025, 11:46:51 AM",3.664,85.8,100,31,2025-09-06T15:46:51.000Z,,,,,,,,,
"9/6/2025, 11:49:51 AM",3.664,86,100,31,2025-09-06T15:49:51.000Z,,,,,,,,,
"9/6/2025, 11:52:51 AM",3.664,86.2,100,31,2025-09-06T15:52:51.000Z,,,,,,,,,
"9/6/2025, 11:55:51 AM",3.664,86.4,100,31,2025-09-06T15:55:51.000Z,,,,,,,,,
"9/6/2025, 11:58:51 AM",3.664,86.5,100,31,2025-09-06T15:58:51.000Z,,,,,,,,,
"9/6/2025, 12:01:51 PM",3.664,86.7,100,31,2025-09-06T16:01:51.000Z,,,,,,,,,
"9/6/2025, 12:04:51 PM",3.664,86.9,100,31,2025-09-06T16:04:51.000Z,,,,,,,,,
"9/6/2025, 12:07:51 PM",3.664,87.1,100,31,2025-09-06T16:07:51.000Z,,,,,,,,,
"9/6/2025, 12:10:51 PM",3.664,87.3,100,31,2025-09-06T16:10:51.000Z,,,,,,,,,
"9/6/2025, 12:13:51 PM",3.664,87.3,100,32,2025-09-06T16:13:51.000Z,,,,,,,,,
"9/6/2025, 12:16:51 PM",3.664,87.4,100,31,2025-09-06T16:16:51.000Z,,,,,,,,,
"9/6/2025, 12:19:51 PM",3.664,87.6,100,31,2025-09-06T16:19:51.000Z,,,,,,,,,
"9/6/2025, 12:22:51 PM",3.664,87.6,100,31,2025-09-06T16:22:51.000Z,,,,,,,,,
"9/6/2025, 12:25:51 PM",3.664,87.8,100,31,2025-09-06T16:25:51.000Z,,,,,,,,,
"9/6/2025, 12:28:51 PM",3.663,87.8,100,31,2025-09-06T16:28:51.000Z,,,,,,,,,
"9/6/2025, 12:31:51 PM",3.664,87.8,100,31,2025-09-06T16:31:51.000Z,,,,,,,,,
"9/6/2025, 12:34:51 PM",3.664,88,100,31,2025-09-06T16:34:51.000Z,,,,,,,,,
"9/6/2025, 12:37:51 PM",3.664,88,100,31,2025-09-06T16:37:51.000Z,,,,,,,,,
"9/6/2025, 12:40:51 PM",3.663,88.3,100,31,2025-09-06T16:40:51.000Z,,,,,,,,,
"9/6/2025, 12:43:51 PM",3.664,88.5,100,32,2025-09-06T16:43:51.000Z,,,,,,,,,
"9/6/2025, 12:46:51 PM",3.664,88.7,100,32,2025-09-06T16:46:51.000Z,,,,,,,,,
"9/6/2025, 12:49:51 PM",3.663,88.7,100,30,2025-09-06T16:49:51.000Z,,,,,,,,,
"9/6/2025, 12:52:51 PM",3.664,88.7,100,30,2025-09-06T16:52:51.000Z,,,,,,,,,
"9/6/2025, 12:55:51 PM",3.664,88.7,100,30,2025-09-06T16:55:51.000Z,,,,,,,,,
"9/6/2025, 12:58:51 PM",3.664,88.7,100,29,2025-09-06T16:58:51.000Z,,,,,,,,,
"9/6/2025, 1:01:51 PM",3.663,88.5,100,29,2025-09-06T17:01:51.000Z,,,,,,,,,
"9/6/2025, 1:04:51 PM",3.663,88.5,100,29,2025-09-06T17:04:51.000Z,,,,,,,,,
"9/6/2025, 1:07:51 PM",3.663,88.5,100,29,2025-09-06T17:07:51.000Z,,,,,,,,,
"9/6/2025, 1:10:51 PM",3.663,88.7,100,29,2025-09-06T17:10:51.000Z,,,,,,,,,
"9/6/2025, 1:13:51 PM",3.663,88.7,100,28,2025-09-06T17:13:51.000Z,,,,,,,,,
"9/6/2025, 1:16:51 PM",3.664,88.7,100,28,2025-09-06T17:16:51.000Z,,,,,,,,,
"9/6/2025, 1:19:51 PM",3.663,88.7,100,28,2025-09-06T17:19:51.000Z,,,,,,,,,
"9/6/2025, 1:22:51 PM",3.664,88.7,100,29,2025-09-06T17:22:51.000Z,,,,,,,,,
"9/6/2025, 1:25:51 PM",3.664,88.7,100,29,2025-09-06T17:25:51.000Z,,,,,,,,,
"9/6/2025, 1:28:51 PM",3.664,88.7,100,29,2025-09-06T17:28:51.000Z,,,,,,,,,
"9/6/2025, 1:31:51 PM",3.663,88.9,100,28,2025-09-06T17:31:51.000Z,,,,,,,,,
"9/6/2025, 1:34:51 PM",3.664,88.9,100,28,2025-09-06T17:34:51.000Z,,,,,,,,,
"9/6/2025, 1:37:51 PM",3.663,88.9,100,28,2025-09-06T17:37:51.000Z,,,,,,,,,
"9/6/2025, 1:40:51 PM",3.663,88.9,100,27,2025-09-06T17:40:51.000Z,,,,,,,,,
"9/6/2025, 1:43:51 PM",3.663,88.9,100,28,2025-09-06T17:43:51.000Z,,,,,,,,,
"9/6/2025, 1:46:51 PM",3.664,88.9,100,28,2025-09-06T17:46:51.000Z,,,,,,,,,
"9/6/2025, 1:49:51 PM",3.664,88.9,100,28,2025-09-06T17:49:51.000Z,,,,,,,,,
"9/6/2025, 1:52:51 PM",3.663,88.9,100,28,2025-09-06T17:52:51.000Z,,,,,,,,,
"9/6/2025, 1:55:51 PM",3.663,89.1,100,28,2025-09-06T17:55:51.000Z,,,,,,,,,
"9/6/2025, 1:58:51 PM",3.663,89.2,100,29,2025-09-06T17:58:51.000Z,,,,,,,,,
"9/6/2025, 2:01:51 PM",3.663,89.4,100,29,2025-09-06T18:01:51.000Z,,,,,,,,,
"9/6/2025, 2:04:51 PM",3.663,89.6,100,28,2025-09-06T18:04:51.000Z,,,,,,,,,
"9/6/2025, 2:07:51 PM",3.664,89.6,100,28,2025-09-06T18:07:51.000Z,,,,,,,,,
"9/6/2025, 2:10:51 PM",3.663,89.8,100,28,2025-09-06T18:10:51.000Z,,,,,,,,,
"9/6/2025, 2:13:51 PM",3.663,90,100,27,2025-09-06T18:13:51.000Z,,,,,,,,,
"9/6/2025, 2:16:51 PM",3.663,90.1,100,28,2025-09-06T18:16:51.000Z,,,,,,,,,
"9/6/2025, 2:19:51 PM",3.663,90.3,100,27,2025-09-06T18:19:51.000Z,,,,,,,,,
"9/6/2025, 2:22:51 PM",3.663,90.3,100,28,2025-09-06T18:22:51.000Z,,,,,,,,,
"9/6/2025, 2:25:51 PM",3.663,90.5,100,28,2025-09-06T18:25:51.000Z,,,,,,,,,
"9/6/2025, 2:28:51 PM",3.663,90.7,100,28,2025-09-06T18:28:51.000Z,,,,,,,,,
"9/6/2025, 2:31:51 PM",3.664,90.7,100,27,2025-09-06T18:31:51.000Z,,,,,,,,,
"9/6/2025, 2:34:51 PM",3.663,90.7,100,26,2025-09-06T18:34:51.000Z,,,,,,,,,
"9/6/2025, 2:37:51 PM",3.663,90.7,100,26,2025-09-06T18:37:51.000Z,,,,,,,,,
"9/6/2025, 2:40:51 PM",3.663,90.7,100,26,2025-09-06T18:40:51.000Z,,,,,,,,,
"9/6/2025, 2:43:51 PM",3.663,90.7,100,25,2025-09-06T18:43:51.000Z,,,,,,,,,
"9/6/2025, 2:46:51 PM",3.663,90.7,100,25,2025-09-06T18:46:51.000Z,,,,,,,,,
"9/6/2025, 2:49:51 PM",3.663,90.7,100,24,2025-09-06T18:49:51.000Z,,,,,,,,,
"9/6/2025, 2:52:51 PM",3.663,90.7,100,25,2025-09-06T18:52:51.000Z,,,,,,,,,
"9/6/2025, 2:55:51 PM",3.663,90.9,100,26,2025-09-06T18:55:51.000Z,,,,,,,,,
"9/6/2025, 2:58:51 PM",3.663,90.9,100,25,2025-09-06T18:58:51.000Z,,,,,,,,,
"9/6/2025, 3:01:51 PM",3.664,90.9,100,25,2025-09-06T19:01:51.000Z,,,,,,,,,
"9/6/2025, 3:04:51 PM",3.663,91,100,25,2025-09-06T19:04:51.000Z,,,,,,,,,
"9/6/2025, 3:07:51 PM",3.663,91.2,100,25,2025-09-06T19:07:51.000Z,,,,,,,,,
"9/6/2025, 3:10:51 PM",3.663,91.2,100,25,2025-09-06T19:10:51.000Z,,,,,,,,,
"9/6/2025, 3:13:51 PM",3.663,91.4,100,25,2025-09-06T19:13:51.000Z,,,,,,,,,
"9/6/2025, 3:16:51 PM",3.663,91.6,100,25,2025-09-06T19:16:51.000Z,,,,,,,,,
"9/6/2025, 3:19:51 PM",3.663,91.6,100,25,2025-09-06T19:19:51.000Z,,,,,,,,,
"9/6/2025, 3:22:51 PM",3.663,91.8,100,24,2025-09-06T19:22:51.000Z,,,,,,,,,
"9/6/2025, 3:25:51 PM",3.663,91.8,100,24,2025-09-06T19:25:51.000Z,,,,,,,,,
"9/6/2025, 3:28:51 PM",3.663,91.9,100,24,2025-09-06T19:28:51.000Z,,,,,,,,,
"9/6/2025, 3:31:51 PM",3.663,91.9,100,23,2025-09-06T19:31:51.000Z,,,,,,,,,
"9/6/2025, 3:34:51 PM",3.663,92.1,100,24,2025-09-06T19:34:51.000Z,,,,,,,,,
"9/6/2025, 3:37:51 PM",3.663,92.1,100,24,2025-09-06T19:37:51.000Z,,,,,,,,,
"9/6/2025, 3:40:51 PM",3.663,92.1,100,23,2025-09-06T19:40:51.000Z,,,,,,,,,
"9/6/2025, 3:43:51 PM",3.663,92.1,100,23,2025-09-06T19:43:51.000Z,,,,,,,,,
"9/6/2025, 3:46:51 PM",3.663,91.9,100,23,2025-09-06T19:46:51.000Z,,,,,,,,,
"9/6/2025, 3:49:51 PM",3.663,91.9,100,23,2025-09-06T19:49:51.000Z,,,,,,,,,
"9/6/2025, 3:52:51 PM",3.663,91.8,100,23,2025-09-06T19:52:51.000Z,,,,,,,,,
"9/6/2025, 3:55:51 PM",3.663,91.8,100,24,2025-09-06T19:55:51.000Z,,,,,,,,,
"9/6/2025, 3:58:51 PM",3.663,91.6,100,24,2025-09-06T19:58:51.000Z,,,,,,,,,
"9/6/2025, 4:01:51 PM",3.663,91.6,100,23,2025-09-06T20:01:51.000Z,,,,,,,,,
"9/6/2025, 4:04:51 PM",3.663,91.6,100,25,2025-09-06T20:04:51.000Z,,,,,,,,,
"9/6/2025, 4:07:51 PM",3.663,91.6,100,25,2025-09-06T20:07:51.000Z,,,,,,,,,
"9/6/2025, 4:10:51 PM",3.663,91.6,100,25,2025-09-06T20:10:51.000Z,,,,,,,,,
"9/6/2025, 4:13:51 PM",3.664,91.8,100,25,2025-09-06T20:13:51.000Z,,,,,,,,,
"9/6/2025, 4:16:51 PM",3.664,91.8,100,25,2025-09-06T20:16:51.000Z,,,,,,,,,
"9/6/2025, 4:19:51 PM",3.663,91.8,100,25,2025-09-06T20:19:51.000Z,,,,,,,,,
"9/6/2025, 4:22:51 PM",3.663,91.9,100,25,2025-09-06T20:22:51.000Z,,,,,,,,,
"9/6/2025, 4:25:51 PM",3.663,91.9,100,25,2025-09-06T20:25:51.000Z,,,,,,,,,
"9/6/2025, 4:28:51 PM",3.663,92.1,100,25,2025-09-06T20:28:51.000Z,,,,,,,,,
"9/6/2025, 4:31:51 PM",3.664,92.1,100,26,2025-09-06T20:31:51.000Z,,,,,,,,,
"9/6/2025, 4:34:51 PM",3.663,92.1,100,25,2025-09-06T20:34:51.000Z,,,,,,,,,
"9/6/2025, 4:37:51 PM",3.664,92.1,100,24,2025-09-06T20:37:51.000Z,,,,,,,,,
"9/6/2025, 4:40:51 PM",3.663,91.9,100,24,2025-09-06T20:40:51.000Z,,,,,,,,,
"9/6/2025, 4:43:51 PM",3.663,91.8,100,24,2025-09-06T20:43:51.000Z,,,,,,,,,
"9/6/2025, 4:46:51 PM",3.663,91.8,100,24,2025-09-06T20:46:51.000Z,,,,,,,,,
"9/6/2025, 4:49:51 PM",3.663,91.6,100,25,2025-09-06T20:49:51.000Z,,,,,,,,,
"9/6/2025, 4:52:51 PM",3.664,91.6,100,25,2025-09-06T20:52:51.000Z,,,,,,,,,
"9/6/2025, 4:55:51 PM",3.663,91.6,100,26,2025-09-06T20:55:51.000Z,,,,,,,,,
"9/6/2025, 4:58:51 PM",3.664,91.6,100,26,2025-09-06T20:58:51.000Z,,,,,,,,,
"9/6/2025, 5:01:51 PM",3.664,91.4,100,25,2025-09-06T21:01:51.000Z,,,,,,,,,
"9/6/2025, 5:04:51 PM",3.664,91.4,100,25,2025-09-06T21:04:51.000Z,,,,,,,,,
"9/6/2025, 5:07:51 PM",3.664,91.2,100,26,2025-09-06T21:07:51.000Z,,,,,,,,,
"9/6/2025, 5:10:51 PM",3.664,91,100,25,2025-09-06T21:10:51.000Z,,,,,,,,,
"9/6/2025, 5:13:51 PM",3.664,90.9,100,23,2025-09-06T21:13:51.000Z,,,,,,,,,
"9/6/2025, 5:16:51 PM",3.663,90.7,100,25,2025-09-06T21:16:51.000Z,,,,,,,,,
"9/6/2025, 5:19:51 PM",3.663,90.7,100,24,2025-09-06T21:19:51.000Z,,,,,,,,,
"9/6/2025, 5:22:51 PM",3.664,90.5,100,23,2025-09-06T21:22:51.000Z,,,,,,,,,
"9/6/2025, 5:25:51 PM",3.664,90.5,100,25,2025-09-06T21:25:51.000Z,,,,,,,,,
"9/6/2025, 5:28:51 PM",3.663,90.5,100,24,2025-09-06T21:28:51.000Z,,,,,,,,,
"9/6/2025, 5:31:51 PM",3.664,90.3,100,24,2025-09-06T21:31:51.000Z,,,,,,,,,
"9/6/2025, 5:34:51 PM",3.664,90.3,100,24,2025-09-06T21:34:51.000Z,,,,,,,,,
"9/6/2025, 5:37:51 PM",3.664,90.1,100,25,2025-09-06T21:37:51.000Z,,,,,,,,,
"9/6/2025, 5:40:51 PM",3.664,90.1,100,25,2025-09-06T21:40:51.000Z,,,,,,,,,
"9/6/2025, 5:43:51 PM",3.664,90.1,100,26,2025-09-06T21:43:51.000Z,,,,,,,,,
"9/6/2025, 5:46:51 PM",3.664,90.1,100,25,2025-09-06T21:46:51.000Z,,,,,,,,,
"9/6/2025, 5:49:51 PM",3.664,90.1,100,25,2025-09-06T21:49:51.000Z,,,,,,,,,
"9/6/2025, 5:52:51 PM",3.664,90.1,100,25,2025-09-06T21:52:51.000Z,,,,,,,,,
"9/6/2025, 5:55:51 PM",3.664,90.1,100,24,2025-09-06T21:55:51.000Z,,,,,,,,,
"9/6/2025, 5:58:51 PM",3.664,90,100,24,2025-09-06T21:58:51.000Z,,,,,,,,,
"9/6/2025, 6:01:51 PM",3.663,90,100,24,2025-09-06T22:01:51.000Z,,,,,,,,,
"9/6/2025, 6:04:51 PM",3.664,89.8,100,24,2025-09-06T22:04:51.000Z,,,,,,,,,
"9/6/2025, 6:07:51 PM",3.664,89.6,100,24,2025-09-06T22:07:51.000Z,,,,,,,,,
"9/6/2025, 6:10:51 PM",3.665,89.4,100,24,2025-09-06T22:10:51.000Z,,,,,,,,,
"9/6/2025, 6:13:51 PM",3.664,89.2,100,24,2025-09-06T22:13:51.000Z,,,,,,,,,
"9/6/2025, 6:16:51 PM",3.664,89.1,100,25,2025-09-06T22:16:51.000Z,,,,,,,,,
"9/6/2025, 6:19:51 PM",3.664,88.9,100,24,2025-09-06T22:19:51.000Z,,,,,,,,,
"9/6/2025, 6:22:51 PM",3.664,88.9,100,25,2025-09-06T22:22:51.000Z,,,,,,,,,
"9/6/2025, 6:25:51 PM",3.664,88.9,100,25,2025-09-06T22:25:51.000Z,,,,,,,,,
"9/6/2025, 6:28:51 PM",3.665,88.5,100,25,2025-09-06T22:28:51.000Z,,,,,,,,,
"9/6/2025, 6:31:51 PM",3.665,88.3,100,25,2025-09-06T22:31:51.000Z,,,,,,,,,
"9/6/2025, 6:34:51 PM",3.665,88.2,100,25,2025-09-06T22:34:51.000Z,,,,,,,,,
"9/6/2025, 6:37:51 PM",3.664,88,100,25,2025-09-06T22:37:51.000Z,,,,,,,,,
"9/6/2025, 6:40:51 PM",3.665,87.8,100,25,2025-09-06T22:40:51.000Z,,,,,,,,,
"9/6/2025, 6:43:51 PM",3.664,87.6,100,25,2025-09-06T22:43:51.000Z,,,,,,,,,
"9/6/2025, 6:46:51 PM",3.665,87.4,100,25,2025-09-06T22:46:51.000Z,,,,,,,,,
"9/6/2025, 6:49:51 PM",3.665,87.3,100,25,2025-09-06T22:49:51.000Z,,,,,,,,,
"9/6/2025, 6:52:51 PM",3.665,86.9,100,25,2025-09-06T22:52:51.000Z,,,,,,,,,
"9/6/2025, 6:55:51 PM",3.665,86.7,100,25,2025-09-06T22:55:51.000Z,,,,,,,,,
"9/6/2025, 6:58:51 PM",3.665,86.5,100,25,2025-09-06T22:58:51.000Z,,,,,,,,,
"9/6/2025, 7:01:51 PM",3.665,86.4,100,25,2025-09-06T23:01:51.000Z,,,,,,,,,
"9/6/2025, 7:04:51 PM",3.665,86.2,100,24,2025-09-06T23:04:51.000Z,,,,,,,,,
"9/6/2025, 7:07:51 PM",3.665,86,100,24,2025-09-06T23:07:51.000Z,,,,,,,,,
"9/6/2025, 7:10:51 PM",3.665,85.6,100,24,2025-09-06T23:10:51.000Z,,,,,,,,,
"9/6/2025, 7:13:51 PM",3.665,85.6,100,24,2025-09-06T23:13:51.000Z,,,,,,,,,
"9/6/2025, 7:16:51 PM",3.665,85.3,100,25,2025-09-06T23:16:51.000Z,,,,,,,,,
"9/6/2025, 7:19:51 PM",3.666,85.1,100,25,2025-09-06T23:19:51.000Z,,,,,,,,,
"9/6/2025, 7:22:51 PM",3.665,84.9,100,24,2025-09-06T23:22:51.000Z,,,,,,,,,
"9/6/2025, 7:25:51 PM",3.666,84.7,100,24,2025-09-06T23:25:51.000Z,,,,,,,,,
"9/6/2025, 7:28:51 PM",3.665,84.6,100,25,2025-09-06T23:28:51.000Z,,,,,,,,,
"9/6/2025, 7:31:51 PM",3.666,84.4,100,25,2025-09-06T23:31:51.000Z,,,,,,,,,
"9/6/2025, 7:34:51 PM",3.666,84.2,100,24,2025-09-06T23:34:51.000Z,,,,,,,,,
"9/6/2025, 7:37:51 PM",3.666,84,100,24,2025-09-06T23:37:51.000Z,,,,,,,,,
"9/6/2025, 7:40:51 PM",3.666,84,100,23,2025-09-06T23:40:51.000Z,,,,,,,,,
"9/6/2025, 7:43:51 PM",3.665,83.7,100,23,2025-09-06T23:43:51.000Z,,,,,,,,,
"9/6/2025, 7:46:51 PM",3.665,83.5,100,23,2025-09-06T23:46:51.000Z,,,,,,,,,
"9/6/2025, 7:49:51 PM",3.666,83.3,100,23,2025-09-06T23:49:51.000Z,,,,,,,,,
"9/6/2025, 7:52:51 PM",3.666,83.1,100,23,2025-09-06T23:52:51.000Z,,,,,,,,,
"9/6/2025, 7:55:51 PM",3.666,82.9,100,23,2025-09-06T23:55:51.000Z,,,,,,,,,
"9/6/2025, 7:58:51 PM",3.666,82.6,100,23,2025-09-06T23:58:51.000Z,,,,,,,,,
"9/6/2025, 8:01:51 PM",3.665,82.4,100,22,2025-09-07T00:01:51.000Z,,,,,,,,,
"9/6/2025, 8:04:51 PM",3.666,82.2,100,21,2025-09-07T00:04:51.000Z,,,,,,,,,
"9/6/2025, 8:07:51 PM",3.666,82,100,21,2025-09-07T00:07:51.000Z,,,,,,,,,
"9/6/2025, 8:10:51 PM",3.665,81.9,100,21,2025-09-07T00:10:51.000Z,,,,,,,,,
"9/6/2025, 8:13:51 PM",3.666,81.7,100,21,2025-09-07T00:13:51.000Z,,,,,,,,,
"9/6/2025, 8:16:51 PM",3.666,81.5,100,21,2025-09-07T00:16:51.000Z,,,,,,,,,
"9/6/2025, 8:19:51 PM",3.666,81.3,100,21,2025-09-07T00:19:51.000Z,,,,,,,,,
"9/6/2025, 8:22:51 PM",3.666,81.1,100,20,2025-09-07T00:22:51.000Z,,,,,,,,,
"9/6/2025, 8:25:51 PM",3.666,81.1,100,20,2025-09-07T00:25:51.000Z,,,,,,,,,
"9/6/2025, 8:28:51 PM",3.666,81,100,20,2025-09-07T00:28:51.000Z,,,,,,,,,
"9/6/2025, 8:31:51 PM",3.666,80.8,100,20,2025-09-07T00:31:51.000Z,,,,,,,,,
"9/6/2025, 8:34:51 PM",3.666,80.6,100,20,2025-09-07T00:34:51.000Z,,,,,,,,,
"9/6/2025, 8:37:51 PM",3.666,80.4,100,19,2025-09-07T00:37:51.000Z,,,,,,,,,
"9/6/2025, 8:40:51 PM",3.666,80.2,100,19,2025-09-07T00:40:51.000Z,,,,,,,,,
"9/6/2025, 8:43:51 PM",3.666,80.1,100,19,2025-09-07T00:43:51.000Z,,,,,,,,,
"9/6/2025, 8:46:51 PM",3.666,80.1,100,19,2025-09-07T00:46:51.000Z,,,,,,,,,
"9/6/2025, 8:49:51 PM",3.666,79.9,100,18,2025-09-07T00:49:51.000Z,,,,,,,,,
"9/6/2025, 8:52:51 PM",3.666,79.7,100,18,2025-09-07T00:52:51.000Z,,,,,,,,,
"9/6/2025, 8:55:51 PM",3.666,79.5,100,18,2025-09-07T00:55:51.000Z,,,,,,,,,
"9/6/2025, 8:58:51 PM",3.666,79.3,100,18,2025-09-07T00:58:51.000Z,,,,,,,,,
"9/6/2025, 9:01:51 PM",3.666,79.2,100,18,2025-09-07T01:01:51.000Z,,,,,,,,,
"9/6/2025, 9:04:51 PM",3.666,79,100,18,2025-09-07T01:04:51.000Z,,,,,,,,,
"9/6/2025, 9:07:51 PM",3.666,79,100,17,2025-09-07T01:07:51.000Z,,,,,,,,,
"9/6/2025, 9:10:51 PM",3.666,79,100,17,2025-09-07T01:10:51.000Z,,,,,,,,,
"9/6/2025, 9:13:51 PM",3.666,79,100,17,2025-09-07T01:13:51.000Z,,,,,,,,,
"9/6/2025, 9:16:51 PM",3.666,78.8,100,17,2025-09-07T01:16:51.000Z,,,,,,,,,
"9/6/2025, 9:19:51 PM",3.666,78.6,100,17,2025-09-07T01:19:51.000Z,,,,,,,,,
"9/6/2025, 9:22:51 PM",3.666,78.4,100,17,2025-09-07T01:22:51.000Z,,,,,,,,,
"9/6/2025, 9:25:51 PM",3.666,78.4,100,17,2025-09-07T01:25:51.000Z,,,,,,,,,
"9/6/2025, 9:28:51 PM",3.666,78.3,100,17,2025-09-07T01:28:51.000Z,,,,,,,,,
"9/6/2025, 9:31:51 PM",3.667,78.3,100,17,2025-09-07T01:31:51.000Z,,,,,,,,,
"9/6/2025, 9:34:51 PM",3.666,78.1,100,17,2025-09-07T01:34:51.000Z,,,,,,,,,
"9/6/2025, 9:37:51 PM",3.666,78.1,100,17,2025-09-07T01:37:51.000Z,,,,,,,,,
"9/6/2025, 9:40:51 PM",3.666,77.9,100,17,2025-09-07T01:40:51.000Z,,,,,,,,,
"9/6/2025, 9:43:51 PM",3.666,77.9,100,17,2025-09-07T01:43:51.000Z,,,,,,,,,
"9/6/2025, 9:46:51 PM",3.666,77.9,100,16,2025-09-07T01:46:51.000Z,,,,,,,,,
"9/6/2025, 9:49:51 PM",3.666,77.7,100,16,2025-09-07T01:49:51.000Z,,,,,,,,,
"9/6/2025, 9:52:51 PM",3.666,77.5,100,16,2025-09-07T01:52:51.000Z,,,,,,,,,
"9/6/2025, 9:55:51 PM",3.666,77.5,100,16,2025-09-07T01:55:51.000Z,,,,,,,,,
"9/6/2025, 9:58:51 PM",3.667,77.5,100,16,2025-09-07T01:58:51.000Z,,,,,,,,,
"9/6/2025, 10:01:51 PM",3.666,77.4,100,16,2025-09-07T02:01:51.000Z,,,,,,,,,
"9/6/2025, 10:04:51 PM",3.666,77.4,100,16,2025-09-07T02:04:51.000Z,,,,,,,,,
"9/6/2025, 10:07:51 PM",3.667,77.2,100,16,2025-09-07T02:07:51.000Z,,,,,,,,,
"9/6/2025, 10:10:51 PM",3.666,77.2,100,16,2025-09-07T02:10:51.000Z,,,,,,,,,
"9/6/2025, 10:13:51 PM",3.666,77.2,100,16,2025-09-07T02:13:51.000Z,,,,,,,,,
"9/6/2025, 10:16:51 PM",3.666,77,100,16,2025-09-07T02:16:51.000Z,,,,,,,,,
"9/6/2025, 10:19:51 PM",3.667,77,100,16,2025-09-07T02:19:51.000Z,,,,,,,,,
"9/6/2025, 10:22:51 PM",3.666,77,100,16,2025-09-07T02:22:51.000Z,,,,,,,,,
"9/6/2025, 10:25:51 PM",3.666,76.8,100,16,2025-09-07T02:25:51.000Z,,,,,,,,,
"9/6/2025, 10:28:51 PM",3.666,76.8,100,16,2025-09-07T02:28:51.000Z,,,,,,,,,
"9/6/2025, 10:31:51 PM",3.666,76.8,100,16,2025-09-07T02:31:51.000Z,,,,,,,,,
"9/6/2025, 10:34:51 PM",3.667,76.6,100,16,2025-09-07T02:34:51.000Z,,,,,,,,,
"9/6/2025, 10:37:51 PM",3.666,76.6,100,16,2025-09-07T02:37:51.000Z,,,,,,,,,
"9/6/2025, 10:40:51 PM",3.667,76.6,100,15,2025-09-07T02:40:51.000Z,,,,,,,,,
"9/6/2025, 10:43:51 PM",3.666,76.5,100,15,2025-09-07T02:43:51.000Z,,,,,,,,,
"9/6/2025, 10:46:51 PM",3.666,76.5,100,15,2025-09-07T02:46:51.000Z,,,,,,,,,
"9/6/2025, 10:49:51 PM",3.666,76.5,100,15,2025-09-07T02:49:51.000Z,,,,,,,,,
"9/6/2025, 10:52:51 PM",3.666,76.3,100,15,2025-09-07T02:52:51.000Z,,,,,,,,,
"9/6/2025, 10:55:51 PM",3.666,76.3,100,15,2025-09-07T02:55:51.000Z,,,,,,,,,
"9/6/2025, 10:58:51 PM",3.666,76.3,100,15,2025-09-07T02:58:51.000Z,,,,,,,,,
"9/6/2025, 11:01:51 PM",3.666,76.1,100,15,2025-09-07T03:01:51.000Z,,,,,,,,,
"9/6/2025, 11:04:51 PM",3.666,76.1,100,15,2025-09-07T03:04:51.000Z,,,,,,,,,
"9/6/2025, 11:07:51 PM",3.667,76.1,100,15,2025-09-07T03:07:51.000Z,,,,,,,,,
"9/6/2025, 11:10:51 PM",3.666,75.9,100,15,2025-09-07T03:10:51.000Z,,,,,,,,,
"9/6/2025, 11:13:51 PM",3.666,75.9,100,15,2025-09-07T03:13:51.000Z,,,,,,,,,
"9/6/2025, 11:16:51 PM",3.666,75.9,100,15,2025-09-07T03:16:51.000Z,,,,,,,,,
"9/6/2025, 11:19:51 PM",3.666,75.9,100,15,2025-09-07T03:19:51.000Z,,,,,,,,,
"9/6/2025, 11:22:51 PM",3.667,75.7,100,15,2025-09-07T03:22:51.000Z,,,,,,,,,
"9/6/2025, 11:25:51 PM",3.667,75.7,100,15,2025-09-07T03:25:51.000Z,,,,,,,,,
"9/6/2025, 11:28:51 PM",3.666,75.7,100,15,2025-09-07T03:28:51.000Z,,,,,,,,,
"9/6/2025, 11:31:51 PM",3.666,75.7,100,15,2025-09-07T03:31:51.000Z,,,,,,,,,
"9/6/2025, 11:34:51 PM",3.666,75.7,100,15,2025-09-07T03:34:51.000Z,,,,,,,,,
"9/6/2025, 11:37:51 PM",3.667,75.7,100,15,2025-09-07T03:37:51.000Z,,,,,,,,,
"9/6/2025, 11:40:51 PM",3.666,75.7,100,15,2025-09-07T03:40:51.000Z,,,,,,,,,
"9/6/2025, 11:43:51 PM",3.666,75.7,100,15,2025-09-07T03:43:51.000Z,,,,,,,,,
"9/6/2025, 11:46:51 PM",3.666,75.7,100,15,2025-09-07T03:46:51.000Z,,,,,,,,,
"9/6/2025, 11:49:51 PM",3.666,75.7,100,15,2025-09-07T03:49:51.000Z,,,,,,,,,
"9/6/2025, 11:52:51 PM",3.667,75.7,100,15,2025-09-07T03:52:51.000Z,,,,,,,,,
"9/6/2025, 11:55:51 PM",3.667,75.7,100,15,2025-09-07T03:55:51.000Z,,,,,,,,,
"9/6/2025, 11:58:51 PM",3.666,75.7,100,15,2025-09-07T03:58:51.000Z,,,,,,,,,
"9/7/2025, 12:01:51 AM",3.666,75.6,100,15,2025-09-07T04:01:51.000Z,,,,,,,,,
"9/7/2025, 12:04:51 AM",3.667,75.6,100,15,2025-09-07T04:04:51.000Z,,,,,,,,,
"9/7/2025, 12:07:51 AM",3.666,75.6,100,15,2025-09-07T04:07:51.000Z,,,,,,,,,
"9/7/2025, 12:10:51 AM",3.666,75.6,100,15,2025-09-07T04:10:51.000Z,,,,,,,,,
"9/7/2025, 12:13:51 AM",3.666,75.6,100,15,2025-09-07T04:13:51.000Z,,,,,,,,,
"9/7/2025, 12:16:51 AM",3.666,75.6,100,15,2025-09-07T04:16:51.000Z,,,,,,,,,
"9/7/2025, 12:19:51 AM",3.666,75.6,100,15,2025-09-07T04:19:51.000Z,,,,,,,,,
"9/7/2025, 12:22:51 AM",3.666,75.6,100,15,2025-09-07T04:22:51.000Z,,,,,,,,,
"9/7/2025, 12:25:51 AM",3.666,75.6,100,15,2025-09-07T04:25:51.000Z,,,,,,,,,
"9/7/2025, 12:28:51 AM",3.666,75.6,100,15,2025-09-07T04:28:51.000Z,,,,,,,,,
"9/7/2025, 12:31:51 AM",3.666,75.6,100,15,2025-09-07T04:31:51.000Z,,,,,,,,,
"9/7/2025, 12:34:51 AM",3.666,75.6,100,15,2025-09-07T04:34:51.000Z,,,,,,,,,
"9/7/2025, 12:37:51 AM",3.666,75.6,100,15,2025-09-07T04:37:51.000Z,,,,,,,,,
"9/7/2025, 12:40:51 AM",3.666,75.6,100,15,2025-09-07T04:40:51.000Z,,,,,,,,,
"9/7/2025, 12:43:51 AM",3.666,75.6,100,15,2025-09-07T04:43:51.000Z,,,,,,,,,
"9/7/2025, 12:46:51 AM",3.666,75.6,100,15,2025-09-07T04:46:51.000Z,,,,,,,,,
"9/7/2025, 12:49:51 AM",3.666,75.6,100,15,2025-09-07T04:49:51.000Z,,,,,,,,,
"9/7/2025, 12:52:51 AM",3.666,75.6,100,15,2025-09-07T04:52:51.000Z,,,,,,,,,
"9/7/2025, 12:55:51 AM",3.666,75.4,100,16,2025-09-07T04:55:51.000Z,,,,,,,,,
"9/7/2025, 12:58:51 AM",3.666,75.4,100,16,2025-09-07T04:58:51.000Z,,,,,,,,,
"9/7/2025, 1:01:51 AM",3.666,75.4,100,16,2025-09-07T05:01:51.000Z,,,,,,,,,
"9/7/2025, 1:04:51 AM",3.666,75.4,100,16,2025-09-07T05:04:51.000Z,,,,,,,,,
"9/7/2025, 1:07:51 AM",3.666,75.4,100,16,2025-09-07T05:07:51.000Z,,,,,,,,,
"9/7/2025, 1:10:51 AM",3.666,75.4,100,16,2025-09-07T05:10:51.000Z,,,,,,,,,
"9/7/2025, 1:13:51 AM",3.666,75.4,100,16,2025-09-07T05:13:51.000Z,,,,,,,,,
"9/7/2025, 1:16:51 AM",3.666,75.4,100,16,2025-09-07T05:16:51.000Z,,,,,,,,,
"9/7/2025, 1:19:51 AM",3.666,75.4,100,16,2025-09-07T05:19:51.000Z,,,,,,,,,
"9/7/2025, 1:22:51 AM",3.666,75.4,100,16,2025-09-07T05:22:51.000Z,,,,,,,,,
"9/7/2025, 1:25:51 AM",3.666,75.4,100,16,2025-09-07T05:25:51.000Z,,,,,,,,,
"9/7/2025, 1:28:51 AM",3.666,75.4,100,16,2025-09-07T05:28:51.000Z,,,,,,,,,
"9/7/2025, 1:31:51 AM",3.666,75.4,100,16,2025-09-07T05:31:51.000Z,,,,,,,,,
"9/7/2025, 1:34:51 AM",3.666,75.4,100,16,2025-09-07T05:34:51.000Z,,,,,,,,,
"9/7/2025, 1:37:51 AM",3.666,75.4,100,16,2025-09-07T05:37:51.000Z,,,,,,,,,
"9/7/2025, 1:40:51 AM",3.666,75.4,100,16,2025-09-07T05:40:51.000Z,,,,,,,,,
"9/7/2025, 1:43:51 AM",3.666,75.4,100,16,2025-09-07T05:43:51.000Z,,,,,,,,,
"9/7/2025, 1:46:51 AM",3.666,75.4,100,16,2025-09-07T05:46:51.000Z,,,,,,,,,
"9/7/2025, 1:49:51 AM",3.666,75.4,100,16,2025-09-07T05:49:51.000Z,,,,,,,,,
"9/7/2025, 1:52:51 AM",3.666,75.4,100,16,2025-09-07T05:52:51.000Z,,,,,,,,,
"9/7/2025, 1:55:51 AM",3.666,75.4,100,16,2025-09-07T05:55:51.000Z,,,,,,,,,
"9/7/2025, 1:58:51 AM",3.666,75.4,100,16,2025-09-07T05:58:51.000Z,,,,,,,,,
"9/7/2025, 2:01:51 AM",3.666,75.4,100,16,2025-09-07T06:01:51.000Z,,,,,,,,,
"9/7/2025, 2:04:51 AM",3.666,75.6,100,17,2025-09-07T06:04:51.000Z,,,,,,,,,
"9/7/2025, 2:07:51 AM",3.666,75.6,100,16,2025-09-07T06:07:51.000Z,,,,,,,,,
"9/7/2025, 2:10:51 AM",3.666,75.7,100,16,2025-09-07T06:10:51.000Z,,,,,,,,,
"9/7/2025, 2:13:51 AM",3.666,75.7,100,16,2025-09-07T06:13:51.000Z,,,,,,,,,
"9/7/2025, 2:16:51 AM",3.666,75.7,100,16,2025-09-07T06:16:51.000Z,,,,,,,,,
"9/7/2025, 2:19:51 AM",3.666,75.7,100,16,2025-09-07T06:19:51.000Z,,,,,,,,,
"9/7/2025, 2:22:51 AM",3.666,75.7,100,16,2025-09-07T06:22:51.000Z,,,,,,,,,
"9/7/2025, 2:25:51 AM",3.666,75.7,100,16,2025-09-07T06:25:51.000Z,,,,,,,,,
"9/7/2025, 2:28:51 AM",3.666,75.7,100,16,2025-09-07T06:28:51.000Z,,,,,,,,,
"9/7/2025, 2:31:51 AM",3.666,75.7,100,16,2025-09-07T06:31:51.000Z,,,,,,,,,
"9/7/2025, 2:34:51 AM",3.666,75.7,100,16,2025-09-07T06:34:51.000Z,,,,,,,,,
"9/7/2025, 2:37:51 AM",3.666,75.7,100,16,2025-09-07T06:37:51.000Z,,,,,,,,,
"9/7/2025, 2:40:51 AM",3.666,75.7,100,16,2025-09-07T06:40:51.000Z,,,,,,,,,
"9/7/2025, 2:43:51 AM",3.666,75.7,100,16,2025-09-07T06:43:51.000Z,,,,,,,,,
"9/7/2025, 2:46:51 AM",3.666,75.6,100,16,2025-09-07T06:46:51.000Z,,,,,,,,,
"9/7/2025, 2:49:51 AM",3.666,75.6,100,16,2025-09-07T06:49:51.000Z,,,,,,,,,
"9/7/2025, 2:52:51 AM",3.666,75.6,100,16,2025-09-07T06:52:51.000Z,,,,,,,,,
"9/7/2025, 2:55:51 AM",3.666,75.6,100,16,2025-09-07T06:55:51.000Z,,,,,,,,,
"9/7/2025, 2:58:51 AM",3.666,75.6,100,16,2025-09-07T06:58:51.000Z,,,,,,,,,
"9/7/2025, 3:01:51 AM",3.666,75.4,100,16,2025-09-07T07:01:51.000Z,,,,,,,,,
"9/7/2025, 3:04:51 AM",3.665,75.4,100,16,2025-09-07T07:04:51.000Z,,,,,,,,,
"9/7/2025, 3:07:51 AM",3.666,75.4,100,16,2025-09-07T07:07:51.000Z,,,,,,,,,
"9/7/2025, 3:10:51 AM",3.666,75.4,100,16,2025-09-07T07:10:51.000Z,,,,,,,,,
"9/7/2025, 3:13:51 AM",3.666,75.4,100,16,2025-09-07T07:13:51.000Z,,,,,,,,,
"9/7/2025, 3:16:51 AM",3.666,75.4,100,16,2025-09-07T07:16:51.000Z,,,,,,,,,
"9/7/2025, 3:19:51 AM",3.666,75.2,100,16,2025-09-07T07:19:51.000Z,,,,,,,,,
"9/7/2025, 3:22:51 AM",3.666,75.2,100,16,2025-09-07T07:22:51.000Z,,,,,,,,,
"9/7/2025, 3:25:51 AM",3.665,75.2,100,16,2025-09-07T07:25:51.000Z,,,,,,,,,
"9/7/2025, 3:28:51 AM",3.666,75.2,100,16,2025-09-07T07:28:51.000Z,,,,,,,,,
"9/7/2025, 3:31:51 AM",3.666,75.2,100,16,2025-09-07T07:31:51.000Z,,,,,,,,,
"9/7/2025, 3:34:51 AM",3.666,75,100,16,2025-09-07T07:34:51.000Z,,,,,,,,,
"9/7/2025, 3:37:51 AM",3.666,75,100,16,2025-09-07T07:37:51.000Z,,,,,,,,,
"9/7/2025, 3:40:51 AM",3.666,75,100,16,2025-09-07T07:40:51.000Z,,,,,,,,,
"9/7/2025, 3:43:51 AM",3.666,74.8,100,16,2025-09-07T07:43:51.000Z,,,,,,,,,
"9/7/2025, 3:46:51 AM",3.666,74.8,100,16,2025-09-07T07:46:51.000Z,,,,,,,,,
"9/7/2025, 3:49:51 AM",3.666,74.8,100,15,2025-09-07T07:49:51.000Z,,,,,,,,,
"9/7/2025, 3:52:51 AM",3.666,74.8,100,16,2025-09-07T07:52:51.000Z,,,,,,,,,
"9/7/2025, 3:55:51 AM",3.665,74.7,100,16,2025-09-07T07:55:51.000Z,,,,,,,,,
"9/7/2025, 3:58:51 AM",3.665,74.7,100,16,2025-09-07T07:58:51.000Z,,,,,,,,,
"9/7/2025, 4:01:51 AM",3.666,74.7,100,16,2025-09-07T08:01:51.000Z,,,,,,,,,
"9/7/2025, 4:04:51 AM",3.666,74.7,100,16,2025-09-07T08:04:51.000Z,,,,,,,,,
"9/7/2025, 4:07:51 AM",3.666,74.7,100,16,2025-09-07T08:07:51.000Z,,,,,,,,,
"9/7/2025, 4:10:51 AM",3.666,74.7,100,16,2025-09-07T08:10:51.000Z,,,,,,,,,
"9/7/2025, 4:13:51 AM",3.666,74.7,100,15,2025-09-07T08:13:51.000Z,,,,,,,,,
"9/7/2025, 4:16:51 AM",3.666,74.7,100,16,2025-09-07T08:16:51.000Z,,,,,,,,,
"9/7/2025, 4:19:51 AM",3.666,74.7,100,15,2025-09-07T08:19:51.000Z,,,,,,,,,
"9/7/2025, 4:22:51 AM",3.666,74.7,100,15,2025-09-07T08:22:51.000Z,,,,,,,,,
"9/7/2025, 4:25:51 AM",3.666,74.7,100,15,2025-09-07T08:25:51.000Z,,,,,,,,,
"9/7/2025, 4:28:51 AM",3.666,74.7,100,15,2025-09-07T08:28:51.000Z,,,,,,,,,
"9/7/2025, 4:31:51 AM",3.666,74.8,100,15,2025-09-07T08:31:51.000Z,,,,,,,,,
"9/7/2025, 4:34:51 AM",3.666,74.8,100,15,2025-09-07T08:34:51.000Z,,,,,,,,,
"9/7/2025, 4:37:51 AM",3.666,74.8,100,15,2025-09-07T08:37:51.000Z,,,,,,,,,
"9/7/2025, 4:40:51 AM",3.666,74.8,100,15,2025-09-07T08:40:51.000Z,,,,,,,,,
"9/7/2025, 4:43:51 AM",3.665,74.8,100,15,2025-09-07T08:43:51.000Z,,,,,,,,,
"9/7/2025, 4:46:51 AM",3.666,74.8,100,15,2025-09-07T08:46:51.000Z,,,,,,,,,
"9/7/2025, 4:49:51 AM",3.666,74.8,100,15,2025-09-07T08:49:51.000Z,,,,,,,,,
"9/7/2025, 4:52:51 AM",3.666,74.8,100,15,2025-09-07T08:52:51.000Z,,,,,,,,,
"9/7/2025, 4:55:51 AM",3.665,75,100,15,2025-09-07T08:55:51.000Z,,,,,,,,,
"9/7/2025, 4:58:51 AM",3.666,75,100,15,2025-09-07T08:58:51.000Z,,,,,,,,,
"9/7/2025, 5:01:51 AM",3.665,75,100,15,2025-09-07T09:01:51.000Z,,,,,,,,,
"9/7/2025, 5:04:51 AM",3.665,75,100,15,2025-09-07T09:04:51.000Z,,,,,,,,,
"9/7/2025, 5:07:51 AM",3.666,75,100,15,2025-09-07T09:07:51.000Z,,,,,,,,,
"9/7/2025, 5:10:51 AM",3.666,75,100,15,2025-09-07T09:10:51.000Z,,,,,,,,,
"9/7/2025, 5:13:51 AM",3.665,75,100,15,2025-09-07T09:13:51.000Z,,,,,,,,,
"9/7/2025, 5:16:51 AM",3.666,75,100,15,2025-09-07T09:16:51.000Z,,,,,,,,,
"9/7/2025, 5:19:51 AM",3.666,75.2,100,15,2025-09-07T09:19:51.000Z,,,,,,,,,
"9/7/2025, 5:22:51 AM",3.665,75.2,100,15,2025-09-07T09:22:51.000Z,,,,,,,,,
"9/7/2025, 5:25:51 AM",3.666,75.2,100,15,2025-09-07T09:25:51.000Z,,,,,,,,,
"9/7/2025, 5:28:51 AM",3.665,75.2,100,15,2025-09-07T09:28:51.000Z,,,,,,,,,
"9/7/2025, 5:31:51 AM",3.666,75.2,100,15,2025-09-07T09:31:51.000Z,,,,,,,,,
"9/7/2025, 5:34:51 AM",3.665,75.2,100,15,2025-09-07T09:34:51.000Z,,,,,,,,,
"9/7/2025, 5:37:51 AM",3.665,75.2,100,15,2025-09-07T09:37:51.000Z,,,,,,,,,
"9/7/2025, 5:40:51 AM",3.666,75.2,100,15,2025-09-07T09:40:51.000Z,,,,,,,,,
"9/7/2025, 5:43:51 AM",3.666,75.2,100,15,2025-09-07T09:43:51.000Z,,,,,,,,,
"9/7/2025, 5:46:51 AM",3.666,75.2,100,15,2025-09-07T09:46:51.000Z,,,,,,,,,
"9/7/2025, 5:49:51 AM",3.666,75.2,100,15,2025-09-07T09:49:51.000Z,,,,,,,,,
"9/7/2025, 5:52:51 AM",3.665,75.2,100,14,2025-09-07T09:52:51.000Z,,,,,,,,,
"9/7/2025, 5:55:51 AM",3.666,75.2,100,14,2025-09-07T09:55:51.000Z,,,,,,,,,
"9/7/2025, 5:58:51 AM",3.666,75.2,100,14,2025-09-07T09:58:51.000Z,,,,,,,,,
"9/7/2025, 6:01:51 AM",3.665,75.2,100,14,2025-09-07T10:01:51.000Z,,,,,,,,,
"9/7/2025, 6:04:51 AM",3.665,75.2,100,14,2025-09-07T10:04:51.000Z,,,,,,,,,
"9/7/2025, 6:07:51 AM",3.666,75.2,100,14,2025-09-07T10:07:51.000Z,,,,,,,,,
"9/7/2025, 6:10:51 AM",3.666,75.2,100,14,2025-09-07T10:10:51.000Z,,,,,,,,,
"9/7/2025, 6:13:51 AM",3.665,75.2,100,14,2025-09-07T10:13:51.000Z,,,,,,,,,
"9/7/2025, 6:16:51 AM",3.666,75,100,14,2025-09-07T10:16:51.000Z,,,,,,,,,
"9/7/2025, 6:19:51 AM",3.666,75,100,14,2025-09-07T10:19:51.000Z,,,,,,,,,
"9/7/2025, 6:22:51 AM",3.666,75,100,14,2025-09-07T10:22:51.000Z,,,,,,,,,
"9/7/2025, 6:25:51 AM",3.665,75,100,14,2025-09-07T10:25:51.000Z,,,,,,,,,
"9/7/2025, 6:28:51 AM",3.665,75,100,14,2025-09-07T10:28:51.000Z,,,,,,,,,
"9/7/2025, 6:31:51 AM",3.665,75,100,13,2025-09-07T10:31:51.000Z,,,,,,,,,
"9/7/2025, 6:34:51 AM",3.665,75,100,13,2025-09-07T10:34:51.000Z,,,,,,,,,
"9/7/2025, 6:37:51 AM",3.666,74.8,100,13,2025-09-07T10:37:51.000Z,,,,,,,,,
"9/7/2025, 6:40:51 AM",3.665,74.8,100,13,2025-09-07T10:40:51.000Z,,,,,,,,,
"9/7/2025, 6:43:51 AM",3.666,74.8,100,13,2025-09-07T10:43:51.000Z,,,,,,,,,
"9/7/2025, 6:46:51 AM",3.665,74.8,100,13,2025-09-07T10:46:51.000Z,,,,,,,,,
"9/7/2025, 6:49:51 AM",3.665,74.8,100,13,2025-09-07T10:49:51.000Z,,,,,,,,,
"9/7/2025, 6:52:51 AM",3.665,74.8,100,13,2025-09-07T10:52:51.000Z,,,,,,,,,
"9/7/2025, 6:55:51 AM",3.666,74.8,100,13,2025-09-07T10:55:51.000Z,,,,,,,,,
"9/7/2025, 6:58:51 AM",3.666,74.8,100,13,2025-09-07T10:58:51.000Z,,,,,,,,,
"9/7/2025, 7:01:51 AM",3.665,74.8,100,13,2025-09-07T11:01:51.000Z,,,,,,,,,
"9/7/2025, 7:04:51 AM",3.666,74.8,100,13,2025-09-07T11:04:51.000Z,,,,,,,,,
"9/7/2025, 7:07:51 AM",3.665,74.8,100,13,2025-09-07T11:07:51.000Z,,,,,,,,,
"9/7/2025, 7:10:51 AM",3.665,74.8,100,13,2025-09-07T11:10:51.000Z,,,,,,,,,
"9/7/2025, 7:13:51 AM",3.665,74.8,100,13,2025-09-07T11:13:51.000Z,,,,,,,,,
"9/7/2025, 7:16:51 AM",3.666,74.8,100,13,2025-09-07T11:16:51.000Z,,,,,,,,,
"9/7/2025, 7:19:51 AM",3.666,74.8,100,13,2025-09-07T11:19:51.000Z,,,,,,,,,
"9/7/2025, 7:22:51 AM",3.665,74.8,100,13,2025-09-07T11:22:51.000Z,,,,,,,,,
"9/7/2025, 7:25:51 AM",3.666,74.8,100,13,2025-09-07T11:25:51.000Z,,,,,,,,,
"9/7/2025, 7:28:51 AM",3.665,75,100,13,2025-09-07T11:28:51.000Z,,,,,,,,,
"9/7/2025, 7:31:51 AM",3.665,75,100,13,2025-09-07T11:31:51.000Z,,,,,,,,,
"9/7/2025, 7:34:51 AM",3.665,75,100,13,2025-09-07T11:34:51.000Z,,,,,,,,,
"9/7/2025, 7:37:51 AM",3.666,75,100,13,2025-09-07T11:37:51.000Z,,,,,,,,,
"9/7/2025, 7:40:51 AM",3.665,75,100,13,2025-09-07T11:40:51.000Z,,,,,,,,,
"9/7/2025, 7:43:51 AM",3.665,75,100,13,2025-09-07T11:43:51.000Z,,,,,,,,,
"9/7/2025, 7:46:51 AM",3.665,75,100,13,2025-09-07T11:46:51.000Z,,,,,,,,,
"9/7/2025, 7:49:51 AM",3.665,75,100,13,2025-09-07T11:49:51.000Z,,,,,,,,,
"9/7/2025, 7:52:51 AM",3.665,75,100,13,2025-09-07T11:52:51.000Z,,,,,,,,,
"9/7/2025, 7:55:51 AM",3.665,75,100,13,2025-09-07T11:55:51.000Z,,,,,,,,,
"9/7/2025, 7:58:51 AM",3.665,75.2,100,13,2025-09-07T11:58:51.000Z,,,,,,,,,
"9/7/2025, 8:01:51 AM",3.665,75.2,100,13,2025-09-07T12:01:51.000Z,,,,,,,,,
"9/7/2025, 8:04:51 AM",3.665,75.2,100,13,2025-09-07T12:04:51.000Z,,,,,,,,,
"9/7/2025, 8:07:51 AM",3.665,75.2,100,13,2025-09-07T12:07:51.000Z,,,,,,,,,
"9/7/2025, 8:10:51 AM",3.665,75.4,100,13,2025-09-07T12:10:51.000Z,,,,,,,,,
"9/7/2025, 8:13:51 AM",3.665,75.4,100,13,2025-09-07T12:13:51.000Z,,,,,,,,,
"9/7/2025, 8:16:51 AM",3.666,75.4,100,13,2025-09-07T12:16:51.000Z,,,,,,,,,
"9/7/2025, 8:19:51 AM",3.665,75.4,100,13,2025-09-07T12:19:51.000Z,,,,,,,,,
"9/7/2025, 8:22:51 AM",3.666,75.6,100,13,2025-09-07T12:22:51.000Z,,,,,,,,,
"9/7/2025, 8:25:51 AM",3.665,75.6,100,14,2025-09-07T12:25:51.000Z,,,,,,,,,
"9/7/2025, 8:28:51 AM",3.665,75.7,100,14,2025-09-07T12:28:51.000Z,,,,,,,,,
"9/7/2025, 8:31:51 AM",3.665,75.7,100,14,2025-09-07T12:31:51.000Z,,,,,,,,,
"9/7/2025, 8:34:51 AM",3.665,75.9,100,14,2025-09-07T12:34:51.000Z,,,,,,,,,
"9/7/2025, 8:37:51 AM",3.665,76.1,100,14,2025-09-07T12:37:51.000Z,,,,,,,,,
"9/7/2025, 8:40:51 AM",3.665,76.1,100,14,2025-09-07T12:40:51.000Z,,,,,,,,,
"9/7/2025, 8:43:51 AM",3.665,76.3,100,14,2025-09-07T12:43:51.000Z,,,,,,,,,
"9/7/2025, 8:46:51 AM",3.665,76.3,100,14,2025-09-07T12:46:51.000Z,,,,,,,,,
"9/7/2025, 8:49:51 AM",3.665,76.5,100,14,2025-09-07T12:49:51.000Z,,,,,,,,,
"9/7/2025, 8:52:51 AM",3.665,76.5,100,15,2025-09-07T12:52:51.000Z,,,,,,,,,
"9/7/2025, 8:55:51 AM",3.665,76.6,100,15,2025-09-07T12:55:51.000Z,,,,,,,,,
"9/7/2025, 8:58:51 AM",3.665,76.8,100,15,2025-09-07T12:58:51.000Z,,,,,,,,,
"9/7/2025, 9:01:51 AM",3.665,76.8,100,15,2025-09-07T13:01:51.000Z,,,,,,,,,
"9/7/2025, 9:04:51 AM",3.665,77,100,15,2025-09-07T13:04:51.000Z,,,,,,,,,
"9/7/2025, 9:07:51 AM",3.665,77,100,15,2025-09-07T13:07:51.000Z,,,,,,,,,
"9/7/2025, 9:10:51 AM",3.665,77.2,100,15,2025-09-07T13:10:51.000Z,,,,,,,,,
"9/7/2025, 9:13:51 AM",3.665,77.2,100,15,2025-09-07T13:13:51.000Z,,,,,,,,,
"9/7/2025, 9:16:51 AM",3.665,77.4,100,15,2025-09-07T13:16:51.000Z,,,,,,,,,
"9/7/2025, 9:19:51 AM",3.665,77.4,100,15,2025-09-07T13:19:51.000Z,,,,,,,,,
"9/7/2025, 9:22:51 AM",3.665,77.4,100,15,2025-09-07T13:22:51.000Z,,,,,,,,,
"9/7/2025, 9:25:51 AM",3.665,77.4,100,15,2025-09-07T13:25:51.000Z,,,,,,,,,
"9/7/2025, 9:28:51 AM",3.665,77.5,100,15,2025-09-07T13:28:51.000Z,,,,,,,,,
"9/7/2025, 9:31:51 AM",3.665,77.5,100,15,2025-09-07T13:31:51.000Z,,,,,,,,,
"9/7/2025, 9:34:51 AM",3.665,77.5,100,15,2025-09-07T13:34:51.000Z,,,,,,,,,
"9/7/2025, 9:37:51 AM",3.665,77.7,100,15,2025-09-07T13:37:51.000Z,,,,,,,,,
"9/7/2025, 9:40:51 AM",3.665,77.9,100,16,2025-09-07T13:40:51.000Z,,,,,,,,,
"9/7/2025, 9:43:51 AM",3.665,77.9,100,16,2025-09-07T13:43:51.000Z,,,,,,,,,
"9/7/2025, 9:46:51 AM",3.665,78.3,100,16,2025-09-07T13:46:51.000Z,,,,,,,,,
"9/7/2025, 9:49:51 AM",3.665,78.4,100,16,2025-09-07T13:49:51.000Z,,,,,,,,,
"9/7/2025, 9:52:51 AM",3.665,78.8,100,17,2025-09-07T13:52:51.000Z,,,,,,,,,
"9/7/2025, 9:55:51 AM",3.664,79,100,17,2025-09-07T13:55:51.000Z,,,,,,,,,
"9/7/2025, 9:58:51 AM",3.665,79.2,100,17,2025-09-07T13:58:51.000Z,,,,,,,,,
"9/7/2025, 10:01:51 AM",3.665,79.2,100,17,2025-09-07T14:01:51.000Z,,,,,,,,,
"9/7/2025, 10:04:51 AM",3.665,79.3,100,17,2025-09-07T14:04:51.000Z,,,,,,,,,
"9/7/2025, 10:07:51 AM",3.665,79.5,100,17,2025-09-07T14:07:51.000Z,,,,,,,,,
"9/7/2025, 10:10:51 AM",3.664,79.5,100,17,2025-09-07T14:10:51.000Z,,,,,,,,,
"9/7/2025, 10:13:51 AM",3.665,79.7,100,18,2025-09-07T14:13:51.000Z,,,,,,,,,
"9/7/2025, 10:16:51 AM",3.665,79.9,100,18,2025-09-07T14:16:51.000Z,,,,,,,,,
"9/7/2025, 10:19:51 AM",3.665,80.1,100,18,2025-09-07T14:19:51.000Z,,,,,,,,,
"9/7/2025, 10:22:51 AM",3.664,80.4,100,18,2025-09-07T14:22:51.000Z,,,,,,,,,
"9/7/2025, 10:25:51 AM",3.664,80.6,100,19,2025-09-07T14:25:51.000Z,,,,,,,,,
"9/7/2025, 10:28:51 AM",3.664,81,100,19,2025-09-07T14:28:51.000Z,,,,,,,,,
"9/7/2025, 10:31:51 AM",3.665,81.1,100,19,2025-09-07T14:31:51.000Z,,,,,,,,,
"9/7/2025, 10:34:51 AM",3.664,81.3,100,19,2025-09-07T14:34:51.000Z,,,,,,,,,
"9/7/2025, 10:37:51 AM",3.665,81.5,100,19,2025-09-07T14:37:51.000Z,,,,,,,,,
"9/7/2025, 10:40:51 AM",3.665,81.5,100,18,2025-09-07T14:40:51.000Z,,,,,,,,,
"9/7/2025, 10:43:51 AM",3.665,81.3,100,18,2025-09-07T14:43:51.000Z,,,,,,,,,
"9/7/2025, 10:46:51 AM",3.664,81.3,100,18,2025-09-07T14:46:51.000Z,,,,,,,,,
"9/7/2025, 10:49:51 AM",3.665,81.3,100,18,2025-09-07T14:49:51.000Z,,,,,,,,,
"9/7/2025, 10:52:51 AM",3.664,81.5,100,18,2025-09-07T14:52:51.000Z,,,,,,,,,
"9/7/2025, 10:55:51 AM",3.665,81.5,100,18,2025-09-07T14:55:51.000Z,,,,,,,,,
"9/7/2025, 10:58:51 AM",3.664,81.7,100,18,2025-09-07T14:58:51.000Z,,,,,,,,,
"9/7/2025, 11:01:51 AM",3.664,81.9,100,19,2025-09-07T15:01:51.000Z,,,,,,,,,
"9/7/2025, 11:04:51 AM",3.664,81.9,100,19,2025-09-07T15:04:51.000Z,,,,,,,,,
"9/7/2025, 11:07:51 AM",3.664,82,100,19,2025-09-07T15:07:51.000Z,,,,,,,,,
"9/7/2025, 11:10:51 AM",3.664,82,100,19,2025-09-07T15:10:51.000Z,,,,,,,,,
"9/7/2025, 11:13:51 AM",3.664,82,100,19,2025-09-07T15:13:51.000Z,,,,,,,,,
"9/7/2025, 11:16:51 AM",3.665,82,100,19,2025-09-07T15:16:51.000Z,,,,,,,,,
"9/7/2025, 11:19:51 AM",3.664,82,100,19,2025-09-07T15:19:51.000Z,,,,,,,,,
"9/7/2025, 11:22:51 AM",3.664,82,100,19,2025-09-07T15:22:51.000Z,,,,,,,,,
"9/7/2025, 11:25:51 AM",3.664,82.2,100,20,2025-09-07T15:25:51.000Z,,,,,,,,,
"9/7/2025, 11:28:51 AM",3.664,82.2,100,20,2025-09-07T15:28:51.000Z,,,,,,,,,
"9/7/2025, 11:31:51 AM",3.664,82.4,100,22,2025-09-07T15:31:51.000Z,,,,,,,,,
"9/7/2025, 11:34:51 AM",3.664,82.6,100,22,2025-09-07T15:34:51.000Z,,,,,,,,,
"9/7/2025, 11:37:51 AM",3.664,82.9,100,23,2025-09-07T15:37:51.000Z,,,,,,,,,
"9/7/2025, 11:40:51 AM",3.664,82.9,100,23,2025-09-07T15:40:51.000Z,,,,,,,,,
"9/7/2025, 11:43:51 AM",3.664,82.9,100,23,2025-09-07T15:43:51.000Z,,,,,,,,,
"9/7/2025, 11:46:51 AM",3.664,83.1,100,23,2025-09-07T15:46:51.000Z,,,,,,,,,
"9/7/2025, 11:49:51 AM",3.664,83.1,100,23,2025-09-07T15:49:51.000Z,,,,,,,,,
"9/7/2025, 11:52:51 AM",3.665,83.3,100,24,2025-09-07T15:52:51.000Z,,,,,,,,,
"9/7/2025, 11:55:51 AM",3.664,83.5,100,24,2025-09-07T15:55:51.000Z,,,,,,,,,
"9/7/2025, 11:58:51 AM",3.664,83.8,100,25,2025-09-07T15:58:51.000Z,,,,,,,,,
"9/7/2025, 12:01:51 PM",3.664,84,100,25,2025-09-07T16:01:51.000Z,,,,,,,,,
"9/7/2025, 12:04:51 PM",3.664,84.2,100,26,2025-09-07T16:04:51.000Z,,,,,,,,,
"9/7/2025, 12:07:51 PM",3.664,84.6,100,26,2025-09-07T16:07:51.000Z,,,,,,,,,
"9/7/2025, 12:10:51 PM",3.664,84.7,100,26,2025-09-07T16:10:51.000Z,,,,,,,,,
"9/7/2025, 12:13:51 PM",3.664,84.9,100,26,2025-09-07T16:13:51.000Z,,,,,,,,,
"9/7/2025, 12:16:51 PM",3.663,84.9,100,26,2025-09-07T16:16:51.000Z,,,,,,,,,
"9/7/2025, 12:19:51 PM",3.664,85.1,100,26,2025-09-07T16:19:51.000Z,,,,,,,,,
"9/7/2025, 12:22:51 PM",3.664,85.5,100,26,2025-09-07T16:22:51.000Z,,,,,,,,,
"9/7/2025, 12:25:51 PM",3.664,85.6,100,26,2025-09-07T16:25:51.000Z,,,,,,,,,
"9/7/2025, 12:28:51 PM",3.664,85.6,100,26,2025-09-07T16:28:51.000Z,,,,,,,,,
"9/7/2025, 12:31:51 PM",3.664,85.8,100,26,2025-09-07T16:31:51.000Z,,,,,,,,,
"9/7/2025, 12:34:51 PM",3.663,86,100,27,2025-09-07T16:34:51.000Z,,,,,,,,,
"9/7/2025, 12:37:51 PM",3.664,86.2,100,27,2025-09-07T16:37:51.000Z,,,,,,,,,
"9/7/2025, 12:40:51 PM",3.663,86.4,100,27,2025-09-07T16:40:51.000Z,,,,,,,,,
"9/7/2025, 12:43:51 PM",3.663,86.4,100,27,2025-09-07T16:43:51.000Z,,,,,,,,,
"9/7/2025, 12:46:51 PM",3.664,86.7,100,28,2025-09-07T16:46:51.000Z,,,,,,,,,
"9/7/2025, 12:49:51 PM",3.663,86.9,100,28,2025-09-07T16:49:51.000Z,,,,,,,,,
"9/7/2025, 12:52:51 PM",3.664,86.9,100,28,2025-09-07T16:52:51.000Z,,,,,,,,,
"9/7/2025, 12:55:51 PM",3.663,86.9,100,27,2025-09-07T16:55:51.000Z,,,,,,,,,
"9/7/2025, 12:58:51 PM",3.663,86.9,100,26,2025-09-07T16:58:51.000Z,,,,,,,,,
"9/7/2025, 1:01:51 PM",3.664,86.7,100,26,2025-09-07T17:01:51.000Z,,,,,,,,,
"9/7/2025, 1:04:51 PM",3.663,86.7,100,26,2025-09-07T17:04:51.000Z,,,,,,,,,
"9/7/2025, 1:07:51 PM",3.664,86.7,100,26,2025-09-07T17:07:51.000Z,,,,,,,,,
"9/7/2025, 1:10:51 PM",3.663,86.7,100,26,2025-09-07T17:10:51.000Z,,,,,,,,,
"9/7/2025, 1:13:51 PM",3.663,86.9,100,27,2025-09-07T17:13:51.000Z,,,,,,,,,
"9/7/2025, 1:16:51 PM",3.663,87.1,100,26,2025-09-07T17:16:51.000Z,,,,,,,,,
"9/7/2025, 1:19:51 PM",3.663,86.9,100,26,2025-09-07T17:19:51.000Z,,,,,,,,,
"9/7/2025, 1:22:51 PM",3.663,86.9,100,26,2025-09-07T17:22:51.000Z,,,,,,,,,
"9/7/2025, 1:25:51 PM",3.664,86.9,100,26,2025-09-07T17:25:51.000Z,,,,,,,,,
"9/7/2025, 1:28:51 PM",3.664,86.9,100,26,2025-09-07T17:28:51.000Z,,,,,,,,,
"9/7/2025, 1:31:51 PM",3.663,86.9,100,26,2025-09-07T17:31:51.000Z,,,,,,,,,
"9/7/2025, 1:34:51 PM",3.663,86.9,100,25,2025-09-07T17:34:51.000Z,,,,,,,,,
"9/7/2025, 1:37:51 PM",3.664,86.7,100,25,2025-09-07T17:37:51.000Z,,,,,,,,,
"9/7/2025, 1:40:51 PM",3.664,86.7,100,25,2025-09-07T17:40:51.000Z,,,,,,,,,
"9/7/2025, 1:43:51 PM",3.664,86.7,100,25,2025-09-07T17:43:51.000Z,,,,,,,,,
"9/7/2025, 1:46:51 PM",3.663,86.9,100,25,2025-09-07T17:46:51.000Z,,,,,,,,,
"9/7/2025, 1:49:51 PM",3.663,87.1,100,26,2025-09-07T17:49:51.000Z,,,,,,,,,
"9/7/2025, 1:52:51 PM",3.664,87.3,100,26,2025-09-07T17:52:51.000Z,,,,,,,,,
"9/7/2025, 1:55:51 PM",3.663,87.4,100,27,2025-09-07T17:55:51.000Z,,,,,,,,,
"9/7/2025, 1:58:51 PM",3.663,87.6,100,27,2025-09-07T17:58:51.000Z,,,,,,,,,
"9/7/2025, 2:01:51 PM",3.663,87.8,100,27,2025-09-07T18:01:51.000Z,,,,,,,,,
"9/7/2025, 2:04:51 PM",3.664,87.8,100,26,2025-09-07T18:04:51.000Z,,,,,,,,,
"9/7/2025, 2:07:51 PM",3.663,87.8,100,26,2025-09-07T18:07:51.000Z,,,,,,,,,
"9/7/2025, 2:10:51 PM",3.663,87.8,100,26,2025-09-07T18:10:51.000Z,,,,,,,,,
"9/7/2025, 2:13:51 PM",3.663,87.6,100,25,2025-09-07T18:13:51.000Z,,,,,,,,,
"9/7/2025, 2:16:51 PM",3.663,87.6,100,25,2025-09-07T18:16:51.000Z,,,,,,,,,
"9/7/2025, 2:19:51 PM",3.663,87.6,100,25,2025-09-07T18:19:51.000Z,,,,,,,,,
"9/7/2025, 2:22:51 PM",3.663,87.6,100,25,2025-09-07T18:22:51.000Z,,,,,,,,,
"9/7/2025, 2:25:51 PM",3.663,87.8,100,25,2025-09-07T18:25:51.000Z,,,,,,,,,
"9/7/2025, 2:28:51 PM",3.663,88,100,25,2025-09-07T18:28:51.000Z,,,,,,,,,
"9/7/2025, 2:31:51 PM",3.664,88,100,26,2025-09-07T18:31:51.000Z,,,,,,,,,
"9/7/2025, 2:34:51 PM",3.663,88.2,100,26,2025-09-07T18:34:51.000Z,,,,,,,,,
"9/7/2025, 2:37:51 PM",3.663,88.3,100,26,2025-09-07T18:37:51.000Z,,,,,,,,,
"9/7/2025, 2:40:51 PM",3.663,88.7,100,27,2025-09-07T18:40:51.000Z,,,,,,,,,
"9/7/2025, 2:43:51 PM",3.663,88.9,100,27,2025-09-07T18:43:51.000Z,,,,,,,,,
"9/7/2025, 2:46:51 PM",3.663,89.1,100,28,2025-09-07T18:46:51.000Z,,,,,,,,,
"9/7/2025, 2:49:51 PM",3.663,89.4,100,27,2025-09-07T18:49:51.000Z,,,,,,,,,
"9/7/2025, 2:52:51 PM",3.663,89.4,100,27,2025-09-07T18:52:51.000Z,,,,,,,,,
"9/7/2025, 2:55:51 PM",3.663,89.6,100,27,2025-09-07T18:55:51.000Z,,,,,,,,,
"9/7/2025, 2:58:51 PM",3.663,89.6,100,27,2025-09-07T18:58:51.000Z,,,,,,,,,
"9/7/2025, 3:01:51 PM",3.663,89.8,100,27,2025-09-07T19:01:51.000Z,,,,,,,,,
"9/7/2025, 3:04:51 PM",3.663,89.8,100,27,2025-09-07T19:04:51.000Z,,,,,,,,,
"9/7/2025, 3:07:51 PM",3.663,89.8,100,26,2025-09-07T19:07:51.000Z,,,,,,,,,
"9/7/2025, 3:10:51 PM",3.663,89.8,100,26,2025-09-07T19:10:51.000Z,,,,,,,,,
"9/7/2025, 3:13:51 PM",3.663,89.6,100,25,2025-09-07T19:13:51.000Z,,,,,,,,,
"9/7/2025, 3:16:51 PM",3.663,89.2,100,24,2025-09-07T19:16:51.000Z,,,,,,,,,
"9/7/2025, 3:19:51 PM",3.663,88.9,100,23,2025-09-07T19:19:51.000Z,,,,,,,,,
"9/7/2025, 3:22:51 PM",3.663,88.7,100,23,2025-09-07T19:22:51.000Z,,,,,,,,,
"9/7/2025, 3:25:51 PM",3.663,88.3,100,23,2025-09-07T19:25:51.000Z,,,,,,,,,
"9/7/2025, 3:28:51 PM",3.663,88,100,22,2025-09-07T19:28:51.000Z,,,,,,,,,
"9/7/2025, 3:31:51 PM",3.663,88,100,22,2025-09-07T19:31:51.000Z,,,,,,,,,
"9/7/2025, 3:34:51 PM",3.664,88,100,22,2025-09-07T19:34:51.000Z,,,,,,,,,
"9/7/2025, 3:37:51 PM",3.664,88,100,22,2025-09-07T19:37:51.000Z,,,,,,,,,
"9/7/2025, 3:40:51 PM",3.664,88,100,22,2025-09-07T19:40:51.000Z,,,,,,,,,
"9/7/2025, 3:43:51 PM",3.663,88.2,100,22,2025-09-07T19:43:51.000Z,,,,,,,,,
"9/7/2025, 3:46:51 PM",3.664,88.3,100,22,2025-09-07T19:46:51.000Z,,,,,,,,,
"9/7/2025, 3:49:51 PM",3.664,88.5,100,22,2025-09-07T19:49:51.000Z,,,,,,,,,
"9/7/2025, 3:52:51 PM",3.664,88.5,100,22,2025-09-07T19:52:51.000Z,,,,,,,,,
"9/7/2025, 3:55:51 PM",3.664,88.7,100,22,2025-09-07T19:55:51.000Z,,,,,,,,,
"9/7/2025, 3:58:51 PM",3.663,88.9,100,22,2025-09-07T19:58:51.000Z,,,,,,,,,
"9/7/2025, 4:01:51 PM",3.664,88.9,100,22,2025-09-07T20:01:51.000Z,,,,,,,,,
"9/7/2025, 4:04:51 PM",3.664,88.9,100,22,2025-09-07T20:04:51.000Z,,,,,,,,,
"9/7/2025, 4:07:51 PM",3.664,88.9,100,22,2025-09-07T20:07:51.000Z,,,,,,,,,
"9/7/2025, 4:10:51 PM",3.663,89.1,100,22,2025-09-07T20:10:51.000Z,,,,,,,,,
"9/7/2025, 4:13:51 PM",3.664,89.2,100,23,2025-09-07T20:13:51.000Z,,,,,,,,,
"9/7/2025, 4:16:51 PM",3.663,89.2,100,23,2025-09-07T20:16:51.000Z,,,,,,,,,
"9/7/2025, 4:19:51 PM",3.663,89.4,100,23,2025-09-07T20:19:51.000Z,,,,,,,,,
"9/7/2025, 4:22:51 PM",3.663,89.4,100,23,2025-09-07T20:22:51.000Z,,,,,,,,,
"9/7/2025, 4:25:51 PM",3.663,89.6,100,23,2025-09-07T20:25:51.000Z,,,,,,,,,
"9/7/2025, 4:28:51 PM",3.663,89.6,100,23,2025-09-07T20:28:51.000Z,,,,,,,,,
"9/7/2025, 4:31:51 PM",3.664,89.6,100,23,2025-09-07T20:31:51.000Z,,,,,,,,,
"9/7/2025, 4:34:51 PM",3.664,89.6,100,23,2025-09-07T20:34:51.000Z,,,,,,,,,
"9/7/2025, 4:37:51 PM",3.664,89.8,100,23,2025-09-07T20:37:51.000Z,,,,,,,,,
"9/7/2025, 4:40:51 PM",3.663,89.8,100,23,2025-09-07T20:40:51.000Z,,,,,,,,,
"9/7/2025, 4:43:51 PM",3.663,89.8,100,24,2025-09-07T20:43:51.000Z,,,,,,,,,
"9/7/2025, 4:46:51 PM",3.663,89.6,100,23,2025-09-07T20:46:51.000Z,,,,,,,,,
"9/7/2025, 4:49:51 PM",3.664,89.6,100,23,2025-09-07T20:49:51.000Z,,,,,,,,,
"9/7/2025, 4:52:51 PM",3.664,89.6,100,23,2025-09-07T20:52:51.000Z,,,,,,,,,
"9/7/2025, 4:55:51 PM",3.663,89.6,100,23,2025-09-07T20:55:51.000Z,,,,,,,,,
"9/7/2025, 4:58:51 PM",3.663,89.6,100,22,2025-09-07T20:58:51.000Z,,,,,,,,,
"9/7/2025, 5:01:51 PM",3.663,89.6,100,23,2025-09-07T21:01:51.000Z,,,,,,,,,
"9/7/2025, 5:04:51 PM",3.663,89.6,100,23,2025-09-07T21:04:51.000Z,,,,,,,,,
"9/7/2025, 5:07:51 PM",3.663,89.6,100,23,2025-09-07T21:07:51.000Z,,,,,,,,,
"9/7/2025, 5:10:51 PM",3.664,89.6,100,23,2025-09-07T21:10:51.000Z,,,,,,,,,
"9/7/2025, 5:13:51 PM",3.664,89.8,100,22,2025-09-07T21:13:51.000Z,,,,,,,,,
"9/7/2025, 5:16:51 PM",3.664,89.8,100,22,2025-09-07T21:16:51.000Z,,,,,,,,,
"9/7/2025, 5:19:51 PM",3.664,89.8,100,20,2025-09-07T21:19:51.000Z,,,,,,,,,
"9/7/2025, 5:22:51 PM",3.663,89.8,100,20,2025-09-07T21:22:51.000Z,,,,,,,,,
"9/7/2025, 5:25:51 PM",3.663,89.8,100,20,2025-09-07T21:25:51.000Z,,,,,,,,,
"9/7/2025, 5:28:51 PM",3.663,89.8,100,20,2025-09-07T21:28:51.000Z,,,,,,,,,
"9/7/2025, 5:31:51 PM",3.663,89.6,100,20,2025-09-07T21:31:51.000Z,,,,,,,,,
"9/7/2025, 5:34:51 PM",3.664,89.6,100,20,2025-09-07T21:34:51.000Z,,,,,,,,,
"9/7/2025, 5:37:51 PM",3.663,89.6,100,20,2025-09-07T21:37:51.000Z,,,,,,,,,
"9/7/2025, 5:40:51 PM",3.663,89.6,100,20,2025-09-07T21:40:51.000Z,,,,,,,,,
"9/7/2025, 5:43:51 PM",3.664,89.6,100,18,2025-09-07T21:43:51.000Z,,,,,,,,,
"9/7/2025, 5:46:51 PM",3.664,89.6,100,18,2025-09-07T21:46:51.000Z,,,,,,,,,
"9/7/2025, 5:49:51 PM",3.663,89.4,100,18,2025-09-07T21:49:51.000Z,,,,,,,,,
"9/7/2025, 5:52:51 PM",3.664,89.2,100,17,2025-09-07T21:52:51.000Z,,,,,,,,,
"9/7/2025, 5:55:51 PM",3.664,89.1,100,18,2025-09-07T21:55:51.000Z,,,,,,,,,
"9/7/2025, 5:58:51 PM",3.664,88.9,100,17,2025-09-07T21:58:51.000Z,,,,,,,,,
"9/7/2025, 6:01:51 PM",3.664,88.9,100,17,2025-09-07T22:01:51.000Z,,,,,,,,,
"9/7/2025, 6:04:51 PM",3.664,88.7,100,17,2025-09-07T22:04:51.000Z,,,,,,,,,
"9/7/2025, 6:07:51 PM",3.664,88.5,100,18,2025-09-07T22:07:51.000Z,,,,,,,,,
"9/7/2025, 6:10:51 PM",3.664,88.3,100,18,2025-09-07T22:10:51.000Z,,,,,,,,,
"9/7/2025, 6:13:51 PM",3.664,88.2,100,18,2025-09-07T22:13:51.000Z,,,,,,,,,
"9/7/2025, 6:16:51 PM",3.664,88,100,17,2025-09-07T22:16:51.000Z,,,,,,,,,
"9/7/2025, 6:19:51 PM",3.664,87.8,100,17,2025-09-07T22:19:51.000Z,,,,,,,,,
"9/7/2025, 6:22:51 PM",3.663,87.6,100,17,2025-09-07T22:22:51.000Z,,,,,,,,,
"9/7/2025, 6:25:51 PM",3.664,87.3,100,15,2025-09-07T22:25:51.000Z,,,,,,,,,
"9/7/2025, 6:28:51 PM",3.664,87.1,100,15,2025-09-07T22:28:51.000Z,,,,,,,,,
"9/7/2025, 6:31:51 PM",3.664,86.9,100,15,2025-09-07T22:31:51.000Z,,,,,,,,,
"9/7/2025, 6:34:51 PM",3.664,86.5,100,15,2025-09-07T22:34:51.000Z,,,,,,,,,
"9/7/2025, 6:37:51 PM",3.664,86.4,100,16,2025-09-07T22:37:51.000Z,,,,,,,,,
"9/7/2025, 6:40:51 PM",3.664,86.2,100,15,2025-09-07T22:40:51.000Z,,,,,,,,,
"9/7/2025, 6:43:51 PM",3.664,86,100,15,2025-09-07T22:43:51.000Z,,,,,,,,,
"9/7/2025, 6:46:51 PM",3.665,85.6,100,15,2025-09-07T22:46:51.000Z,,,,,,,,,
"9/7/2025, 6:49:51 PM",3.664,85.5,100,15,2025-09-07T22:49:51.000Z,,,,,,,,,
"9/7/2025, 6:52:51 PM",3.665,85.1,100,15,2025-09-07T22:52:51.000Z,,,,,,,,,
"9/7/2025, 6:55:51 PM",3.664,84.9,100,15,2025-09-07T22:55:51.000Z,,,,,,,,,
"9/7/2025, 6:58:51 PM",3.665,84.7,100,14,2025-09-07T22:58:51.000Z,,,,,,,,,
"9/7/2025, 7:01:51 PM",3.665,84.4,100,15,2025-09-07T23:01:51.000Z,,,,,,,,,
"9/7/2025, 7:04:51 PM",3.665,84.2,100,15,2025-09-07T23:04:51.000Z,,,,,,,,,
"9/7/2025, 7:07:51 PM",3.665,84,100,15,2025-09-07T23:07:51.000Z,,,,,,,,,
"9/7/2025, 7:10:51 PM",3.665,83.8,100,15,2025-09-07T23:10:51.000Z,,,,,,,,,
"9/7/2025, 7:13:51 PM",3.665,83.5,100,15,2025-09-07T23:13:51.000Z,,,,,,,,,
"9/7/2025, 7:16:51 PM",3.665,83.3,100,15,2025-09-07T23:16:51.000Z,,,,,,,,,
"9/7/2025, 7:19:51 PM",3.665,83.1,100,16,2025-09-07T23:19:51.000Z,,,,,,,,,
"9/7/2025, 7:22:51 PM",3.665,82.9,100,15,2025-09-07T23:22:51.000Z,,,,,,,,,
"9/7/2025, 7:25:51 PM",3.665,82.8,100,15,2025-09-07T23:25:51.000Z,,,,,,,,,
"9/7/2025, 7:28:51 PM",3.666,82.6,100,15,2025-09-07T23:28:51.000Z,,,,,,,,,
"9/7/2025, 7:31:51 PM",3.665,82.4,100,15,2025-09-07T23:31:51.000Z,,,,,,,,,
"9/7/2025, 7:34:51 PM",3.665,82.2,100,15,2025-09-07T23:34:51.000Z,,,,,,,,,
"9/7/2025, 7:37:51 PM",3.665,82,100,15,2025-09-07T23:37:51.000Z,,,,,,,,,
"9/7/2025, 7:40:51 PM",3.665,81.9,100,15,2025-09-07T23:40:51.000Z,,,,,,,,,
"9/7/2025, 7:43:51 PM",3.665,81.7,100,15,2025-09-07T23:43:51.000Z,,,,,,,,,
"9/7/2025, 7:46:51 PM",3.665,81.5,100,15,2025-09-07T23:46:51.000Z,,,,,,,,,
"9/7/2025, 7:49:51 PM",3.665,81.3,100,15,2025-09-07T23:49:51.000Z,,,,,,,,,
"9/7/2025, 7:52:51 PM",3.665,81.1,100,15,2025-09-07T23:52:51.000Z,,,,,,,,,
"9/7/2025, 7:55:51 PM",3.666,81,100,15,2025-09-07T23:55:51.000Z,,,,,,,,,
"9/7/2025, 7:58:51 PM",3.665,80.8,100,15,2025-09-07T23:58:51.000Z,,,,,,,,,
"9/7/2025, 8:01:51 PM",3.666,80.6,100,15,2025-09-08T00:01:51.000Z,,,,,,,,,
"9/7/2025, 8:04:51 PM",3.665,80.4,100,16,2025-09-08T00:04:51.000Z,,,,,,,,,
"9/7/2025, 8:07:51 PM",3.665,80.2,100,15,2025-09-08T00:07:51.000Z,,,,,,,,,
"9/7/2025, 8:10:51 PM",3.665,80.1,100,15,2025-09-08T00:10:51.000Z,,,,,,,,,
"9/7/2025, 8:13:51 PM",3.665,79.9,100,15,2025-09-08T00:13:51.000Z,,,,,,,,,
"9/7/2025, 8:16:51 PM",3.665,79.7,100,15,2025-09-08T00:16:51.000Z,,,,,,,,,
"9/7/2025, 8:19:51 PM",3.665,79.5,100,15,2025-09-08T00:19:51.000Z,,,,,,,,,
"9/7/2025, 8:22:51 PM",3.666,79.5,100,16,2025-09-08T00:22:51.000Z,,,,,,,,,
"9/7/2025, 8:25:51 PM",3.665,79.3,100,16,2025-09-08T00:25:51.000Z,,,,,,,,,
"9/7/2025, 8:28:51 PM",3.666,79.2,100,15,2025-09-08T00:28:51.000Z,,,,,,,,,
"9/7/2025, 8:31:51 PM",3.666,79,100,15,2025-09-08T00:31:51.000Z,,,,,,,,,
"9/7/2025, 8:34:51 PM",3.666,79,100,15,2025-09-08T00:34:51.000Z,,,,,,,,,
"9/7/2025, 8:37:51 PM",3.665,79,100,15,2025-09-08T00:37:51.000Z,,,,,,,,,
"9/7/2025, 8:40:51 PM",3.666,78.6,100,15,2025-09-08T00:40:51.000Z,,,,,,,,,
"9/7/2025, 8:43:51 PM",3.666,78.6,100,15,2025-09-08T00:43:51.000Z,,,,,,,,,
"9/7/2025, 8:46:51 PM",3.666,78.4,100,15,2025-09-08T00:46:51.000Z,,,,,,,,,
"9/7/2025, 8:49:51 PM",3.666,78.3,100,14,2025-09-08T00:49:51.000Z,,,,,,,,,
"9/7/2025, 8:52:51 PM",3.666,78.3,100,14,2025-09-08T00:52:51.000Z,,,,,,,,,
"9/7/2025, 8:55:51 PM",3.666,78.1,100,14,2025-09-08T00:55:51.000Z,,,,,,,,,
"9/7/2025, 8:58:51 PM",3.666,77.9,100,14,2025-09-08T00:58:51.000Z,,,,,,,,,
"9/7/2025, 9:01:51 PM",3.666,77.9,100,14,2025-09-08T01:01:51.000Z,,,,,,,,,
"9/7/2025, 9:04:51 PM",3.666,77.7,100,14,2025-09-08T01:04:51.000Z,,,,,,,,,
"9/7/2025, 9:07:51 PM",3.666,77.7,100,14,2025-09-08T01:07:51.000Z,,,,,,,,,
"9/7/2025, 9:10:51 PM",3.666,77.5,100,14,2025-09-08T01:10:51.000Z,,,,,,,,,
"9/7/2025, 9:13:51 PM",3.666,77.4,100,14,2025-09-08T01:13:51.000Z,,,,,,,,,
"9/7/2025, 9:16:51 PM",3.665,77.4,100,14,2025-09-08T01:16:51.000Z,,,,,,,,,
"9/7/2025, 9:19:51 PM",3.665,77.2,100,14,2025-09-08T01:19:51.000Z,,,,,,,,,
"9/7/2025, 9:22:51 PM",3.666,77.2,100,14,2025-09-08T01:22:51.000Z,,,,,,,,,
"9/7/2025, 9:25:51 PM",3.665,77,100,14,2025-09-08T01:25:51.000Z,,,,,,,,,
"9/7/2025, 9:28:51 PM",3.666,77,100,14,2025-09-08T01:28:51.000Z,,,,,,,,,
"9/7/2025, 9:31:51 PM",3.666,76.8,100,14,2025-09-08T01:31:51.000Z,,,,,,,,,
"9/7/2025, 9:34:51 PM",3.666,76.8,100,14,2025-09-08T01:34:51.000Z,,,,,,,,,
"9/7/2025, 9:37:51 PM",3.666,76.8,100,14,2025-09-08T01:37:51.000Z,,,,,,,,,
"9/7/2025, 9:40:51 PM",3.666,76.6,100,14,2025-09-08T01:40:51.000Z,,,,,,,,,
"9/7/2025, 9:43:51 PM",3.666,76.6,100,14,2025-09-08T01:43:51.000Z,,,,,,,,,
"9/7/2025, 9:46:51 PM",3.666,76.5,100,14,2025-09-08T01:46:51.000Z,,,,,,,,,
"9/7/2025, 9:49:51 PM",3.666,76.5,100,13,2025-09-08T01:49:51.000Z,,,,,,,,,
"9/7/2025, 9:52:51 PM",3.666,76.3,100,13,2025-09-08T01:52:51.000Z,,,,,,,,,
"9/7/2025, 9:55:51 PM",3.666,76.3,100,13,2025-09-08T01:55:51.000Z,,,,,,,,,
"9/7/2025, 9:58:51 PM",3.666,76.1,100,13,2025-09-08T01:58:51.000Z,,,,,,,,,
"9/7/2025, 10:01:51 PM",3.666,76.1,100,13,2025-09-08T02:01:51.000Z,,,,,,,,,
"9/7/2025, 10:04:51 PM",3.666,76.1,100,13,2025-09-08T02:04:51.000Z,,,,,,,,,
"9/7/2025, 10:07:51 PM",3.666,75.9,100,13,2025-09-08T02:07:51.000Z,,,,,,,,,
"9/7/2025, 10:10:51 PM",3.666,75.9,100,13,2025-09-08T02:10:51.000Z,,,,,,,,,
"9/7/2025, 10:13:51 PM",3.666,75.7,100,13,2025-09-08T02:13:51.000Z,,,,,,,,,
"9/7/2025, 10:16:51 PM",3.665,75.7,100,13,2025-09-08T02:16:51.000Z,,,,,,,,,
"9/7/2025, 10:19:51 PM",3.666,75.7,100,13,2025-09-08T02:19:51.000Z,,,,,,,,,
"9/7/2025, 10:22:51 PM",3.666,75.6,100,13,2025-09-08T02:22:51.000Z,,,,,,,,,
"9/7/2025, 10:25:51 PM",3.666,75.6,100,12,2025-09-08T02:25:51.000Z,,,,,,,,,
"9/7/2025, 10:28:51 PM",3.666,75.4,100,12,2025-09-08T02:28:51.000Z,,,,,,,,,
"9/7/2025, 10:31:51 PM",3.666,75.4,100,12,2025-09-08T02:31:51.000Z,,,,,,,,,
"9/7/2025, 10:34:51 PM",3.666,75.2,100,12,2025-09-08T02:34:51.000Z,,,,,,,,,
"9/7/2025, 10:37:51 PM",3.666,75.2,100,12,2025-09-08T02:37:51.000Z,,,,,,,,,
"9/7/2025, 10:40:51 PM",3.666,75.2,100,12,2025-09-08T02:40:51.000Z,,,,,,,,,
"9/7/2025, 10:43:51 PM",3.665,75,100,12,2025-09-08T02:43:51.000Z,,,,,,,,,
"9/7/2025, 10:46:51 PM",3.666,75,100,12,2025-09-08T02:46:51.000Z,,,,,,,,,
"9/7/2025, 10:49:51 PM",3.666,75,100,12,2025-09-08T02:49:51.000Z,,,,,,,,,
"9/7/2025, 10:52:51 PM",3.666,74.8,100,13,2025-09-08T02:52:51.000Z,,,,,,,,,
"9/7/2025, 10:55:51 PM",3.666,74.8,100,13,2025-09-08T02:55:51.000Z,,,,,,,,,
"9/7/2025, 10:58:51 PM",3.666,74.8,100,13,2025-09-08T02:58:51.000Z,,,,,,,,,
"9/7/2025, 11:01:51 PM",3.666,74.7,100,13,2025-09-08T03:01:51.000Z,,,,,,,,,
"9/7/2025, 11:04:51 PM",3.666,74.7,100,13,2025-09-08T03:04:51.000Z,,,,,,,,,
"9/7/2025, 11:07:51 PM",3.666,74.7,100,13,2025-09-08T03:07:51.000Z,,,,,,,,,
"9/7/2025, 11:10:51 PM",3.665,74.5,100,13,2025-09-08T03:10:51.000Z,,,,,,,,,
"9/7/2025, 11:13:51 PM",3.666,74.5,100,13,2025-09-08T03:13:51.000Z,,,,,,,,,
"9/7/2025, 11:16:51 PM",3.666,74.5,100,13,2025-09-08T03:16:51.000Z,,,,,,,,,
"9/7/2025, 11:19:51 PM",3.666,74.5,100,13,2025-09-08T03:19:51.000Z,,,,,,,,,
"9/7/2025, 11:22:51 PM",3.666,74.3,100,12,2025-09-08T03:22:51.000Z,,,,,,,,,
"9/7/2025, 11:25:51 PM",3.666,74.3,100,12,2025-09-08T03:25:51.000Z,,,,,,,,,
"9/7/2025, 11:28:51 PM",3.666,74.3,100,12,2025-09-08T03:28:51.000Z,,,,,,,,,
"9/7/2025, 11:31:51 PM",3.665,74.3,100,12,2025-09-08T03:31:51.000Z,,,,,,,,,
"9/7/2025, 11:34:51 PM",3.665,74.3,100,12,2025-09-08T03:34:51.000Z,,,,,,,,,
"9/7/2025, 11:37:51 PM",3.665,74.1,100,12,2025-09-08T03:37:51.000Z,,,,,,,,,
"9/7/2025, 11:40:51 PM",3.665,74.1,100,12,2025-09-08T03:40:51.000Z,,,,,,,,,
"9/7/2025, 11:43:51 PM",3.666,74.1,100,12,2025-09-08T03:43:51.000Z,,,,,,,,,
"9/7/2025, 11:46:51 PM",3.666,74.1,100,12,2025-09-08T03:46:51.000Z,,,,,,,,,
"9/7/2025, 11:49:51 PM",3.666,73.9,100,12,2025-09-08T03:49:51.000Z,,,,,,,,,
"9/7/2025, 11:52:51 PM",3.666,73.9,100,12,2025-09-08T03:52:51.000Z,,,,,,,,,
"9/7/2025, 11:55:51 PM",3.666,73.9,100,13,2025-09-08T03:55:51.000Z,,,,,,,,,
"9/7/2025, 11:58:51 PM",3.665,73.9,100,13,2025-09-08T03:58:51.000Z,,,,,,,,,
"9/8/2025, 12:01:51 AM",3.666,73.9,100,13,2025-09-08T04:01:51.000Z,,,,,,,,,
"9/8/2025, 12:04:51 AM",3.666,73.8,100,13,2025-09-08T04:04:51.000Z,,,,,,,,,
"9/8/2025, 12:07:51 AM",3.666,73.8,100,13,2025-09-08T04:07:51.000Z,,,,,,,,,
"9/8/2025, 12:10:51 AM",3.666,73.8,100,13,2025-09-08T04:10:51.000Z,,,,,,,,,
"9/8/2025, 12:13:51 AM",3.666,73.8,100,13,2025-09-08T04:13:51.000Z,,,,,,,,,
"9/8/2025, 12:16:51 AM",3.666,73.8,100,13,2025-09-08T04:16:51.000Z,,,,,,,,,
"9/8/2025, 12:19:51 AM",3.665,73.8,100,13,2025-09-08T04:19:51.000Z,,,,,,,,,
"9/8/2025, 12:22:51 AM",3.665,73.6,100,13,2025-09-08T04:22:51.000Z,,,,,,,,,
"9/8/2025, 12:25:51 AM",3.666,73.6,100,13,2025-09-08T04:25:51.000Z,,,,,,,,,
"9/8/2025, 12:28:51 AM",3.665,73.6,100,13,2025-09-08T04:28:51.000Z,,,,,,,,,
"9/8/2025, 12:31:51 AM",3.665,73.6,100,13,2025-09-08T04:31:51.000Z,,,,,,,,,
"9/8/2025, 12:34:51 AM",3.665,73.6,100,13,2025-09-08T04:34:51.000Z,,,,,,,,,
"9/8/2025, 12:37:51 AM",3.665,73.6,100,13,2025-09-08T04:37:51.000Z,,,,,,,,,
"9/8/2025, 12:40:51 AM",3.666,73.6,100,13,2025-09-08T04:40:51.000Z,,,,,,,,,
"9/8/2025, 12:43:51 AM",3.666,73.6,100,13,2025-09-08T04:43:51.000Z,,,,,,,,,
"9/8/2025, 12:46:51 AM",3.665,73.6,100,13,2025-09-08T04:46:51.000Z,,,,,,,,,
"9/8/2025, 12:49:51 AM",3.666,73.6,100,13,2025-09-08T04:49:51.000Z,,,,,,,,,
"9/8/2025, 12:52:51 AM",3.665,73.6,100,13,2025-09-08T04:52:51.000Z,,,,,,,,,
"9/8/2025, 12:55:51 AM",3.665,73.6,100,13,2025-09-08T04:55:51.000Z,,,,,,,,,
"9/8/2025, 12:58:51 AM",3.666,73.6,100,14,2025-09-08T04:58:51.000Z,,,,,,,,,
"9/8/2025, 1:01:51 AM",3.666,73.6,100,14,2025-09-08T05:01:51.000Z,,,,,,,,,
"9/8/2025, 1:04:51 AM",3.666,73.6,100,14,2025-09-08T05:04:51.000Z,,,,,,,,,
"9/8/2025, 1:07:51 AM",3.666,73.6,100,14,2025-09-08T05:07:51.000Z,,,,,,,,,
"9/8/2025, 1:10:51 AM",3.665,73.6,100,14,2025-09-08T05:10:51.000Z,,,,,,,,,
"9/8/2025, 1:13:51 AM",3.665,73.6,100,14,2025-09-08T05:13:51.000Z,,,,,,,,,
"9/8/2025, 1:16:51 AM",3.665,73.6,100,14,2025-09-08T05:16:51.000Z,,,,,,,,,
"9/8/2025, 1:19:51 AM",3.665,73.6,100,14,2025-09-08T05:19:51.000Z,,,,,,,,,
"9/8/2025, 1:22:51 AM",3.665,73.6,100,14,2025-09-08T05:22:51.000Z,,,,,,,,,
"9/8/2025, 1:25:51 AM",3.666,73.6,100,14,2025-09-08T05:25:51.000Z,,,,,,,,,
"9/8/2025, 1:28:51 AM",3.665,73.6,100,14,2025-09-08T05:28:51.000Z,,,,,,,,,
"9/8/2025, 1:31:51 AM",3.665,73.6,100,14,2025-09-08T05:31:51.000Z,,,,,,,,,
"9/8/2025, 1:34:51 AM",3.665,73.6,100,14,2025-09-08T05:34:51.000Z,,,,,,,,,
"9/8/2025, 1:37:51 AM",3.665,73.6,100,14,2025-09-08T05:37:51.000Z,,,,,,,,,
"9/8/2025, 1:40:51 AM",3.665,73.6,100,14,2025-09-08T05:40:51.000Z,,,,,,,,,
"9/8/2025, 1:43:51 AM",3.665,73.6,100,14,2025-09-08T05:43:51.000Z,,,,,,,,,
"9/8/2025, 1:46:51 AM",3.665,73.8,100,14,2025-09-08T05:46:51.000Z,,,,,,,,,
"9/8/2025, 1:49:51 AM",3.665,73.8,100,14,2025-09-08T05:49:51.000Z,,,,,,,,,
"9/8/2025, 1:52:51 AM",3.665,73.8,100,14,2025-09-08T05:52:51.000Z,,,,,,,,,
"9/8/2025, 1:55:51 AM",3.665,73.8,100,14,2025-09-08T05:55:51.000Z,,,,,,,,,
"9/8/2025, 1:58:51 AM",3.665,73.8,100,14,2025-09-08T05:58:51.000Z,,,,,,,,,
"9/8/2025, 2:01:51 AM",3.665,73.9,100,14,2025-09-08T06:01:51.000Z,,,,,,,,,
"9/8/2025, 2:04:51 AM",3.665,73.9,100,14,2025-09-08T06:04:51.000Z,,,,,,,,,
"9/8/2025, 2:07:51 AM",3.665,73.9,100,14,2025-09-08T06:07:51.000Z,,,,,,,,,
"9/8/2025, 2:10:51 AM",3.665,73.9,100,14,2025-09-08T06:10:51.000Z,,,,,,,,,
"9/8/2025, 2:13:51 AM",3.665,73.9,100,14,2025-09-08T06:13:51.000Z,,,,,,,,,
"9/8/2025, 2:16:51 AM",3.665,73.9,100,14,2025-09-08T06:16:51.000Z,,,,,,,,,
"9/8/2025, 2:19:51 AM",3.665,73.9,100,14,2025-09-08T06:19:51.000Z,,,,,,,,,
"9/8/2025, 2:22:51 AM",3.665,73.9,100,14,2025-09-08T06:22:51.000Z,,,,,,,,,
"9/8/2025, 2:25:51 AM",3.665,73.9,100,14,2025-09-08T06:25:51.000Z,,,,,,,,,
"9/8/2025, 2:28:51 AM",3.666,73.8,100,14,2025-09-08T06:28:51.000Z,,,,,,,,,
"9/8/2025, 2:31:51 AM",3.666,73.8,100,14,2025-09-08T06:31:51.000Z,,,,,,,,,
"9/8/2025, 2:34:51 AM",3.665,73.8,100,14,2025-09-08T06:34:51.000Z,,,,,,,,,
"9/8/2025, 2:37:51 AM",3.666,73.8,100,14,2025-09-08T06:37:51.000Z,,,,,,,,,
"9/8/2025, 2:40:51 AM",3.666,73.9,100,14,2025-09-08T06:40:51.000Z,,,,,,,,,
"9/8/2025, 2:43:51 AM",3.665,73.9,100,14,2025-09-08T06:43:51.000Z,,,,,,,,,
"9/8/2025, 2:46:51 AM",3.665,73.8,100,14,2025-09-08T06:46:51.000Z,,,,,,,,,
"9/8/2025, 2:49:51 AM",3.665,73.8,100,14,2025-09-08T06:49:51.000Z,,,,,,,,,
"9/8/2025, 2:52:51 AM",3.665,73.8,100,15,2025-09-08T06:52:51.000Z,,,,,,,,,
"9/8/2025, 2:55:51 AM",3.665,73.8,100,14,2025-09-08T06:55:51.000Z,,,,,,,,,
"9/8/2025, 2:58:51 AM",3.665,73.8,100,15,2025-09-08T06:58:51.000Z,,,,,,,,,
"9/8/2025, 3:01:51 AM",3.666,73.8,100,14,2025-09-08T07:01:51.000Z,,,,,,,,,
"9/8/2025, 3:04:51 AM",3.665,73.8,100,14,2025-09-08T07:04:51.000Z,,,,,,,,,
"9/8/2025, 3:07:51 AM",3.665,73.6,100,14,2025-09-08T07:07:51.000Z,,,,,,,,,
"9/8/2025, 3:10:51 AM",3.665,73.6,100,15,2025-09-08T07:10:51.000Z,,,,,,,,,
"9/8/2025, 3:13:51 AM",3.665,73.6,100,15,2025-09-08T07:13:51.000Z,,,,,,,,,
"9/8/2025, 3:16:51 AM",3.665,73.6,100,15,2025-09-08T07:16:51.000Z,,,,,,,,,
"9/8/2025, 3:19:51 AM",3.665,73.6,100,15,2025-09-08T07:19:51.000Z,,,,,,,,,
"9/8/2025, 3:22:51 AM",3.665,73.6,100,14,2025-09-08T07:22:51.000Z,,,,,,,,,
"9/8/2025, 3:25:51 AM",3.665,73.6,100,14,2025-09-08T07:25:51.000Z,,,,,,,,,
"9/8/2025, 3:28:51 AM",3.666,73.6,100,14,2025-09-08T07:28:51.000Z,,,,,,,,,
"9/8/2025, 3:31:51 AM",3.665,73.4,100,14,2025-09-08T07:31:51.000Z,,,,,,,,,
"9/8/2025, 3:34:51 AM",3.665,73.4,100,14,2025-09-08T07:34:51.000Z,,,,,,,,,
"9/8/2025, 3:37:51 AM",3.665,73.4,100,13,2025-09-08T07:37:51.000Z,,,,,,,,,
"9/8/2025, 3:40:51 AM",3.665,73.4,100,13,2025-09-08T07:40:51.000Z,,,,,,,,,
"9/8/2025, 3:43:51 AM",3.665,73.4,100,13,2025-09-08T07:43:51.000Z,,,,,,,,,
"9/8/2025, 3:46:51 AM",3.665,73.4,100,13,2025-09-08T07:46:51.000Z,,,,,,,,,
"9/8/2025, 3:49:51 AM",3.666,73.4,100,13,2025-09-08T07:49:51.000Z,,,,,,,,,
"9/8/2025, 3:52:51 AM",3.665,73.2,100,13,2025-09-08T07:52:51.000Z,,,,,,,,,
"9/8/2025, 3:55:51 AM",3.665,73.2,100,13,2025-09-08T07:55:51.000Z,,,,,,,,,
"9/8/2025, 3:58:51 AM",3.665,73.2,100,13,2025-09-08T07:58:51.000Z,,,,,,,,,
"9/8/2025, 4:01:51 AM",3.665,73.2,100,13,2025-09-08T08:01:51.000Z,,,,,,,,,
"9/8/2025, 4:04:51 AM",3.665,73,100,13,2025-09-08T08:04:51.000Z,,,,,,,,,
"9/8/2025, 4:07:51 AM",3.665,73,100,12,2025-09-08T08:07:51.000Z,,,,,,,,,
"9/8/2025, 4:10:51 AM",3.665,72.9,100,12,2025-09-08T08:10:51.000Z,,,,,,,,,
"9/8/2025, 4:13:51 AM",3.665,72.9,100,12,2025-09-08T08:13:51.000Z,,,,,,,,,
"9/8/2025, 4:16:51 AM",3.665,72.7,100,12,2025-09-08T08:16:51.000Z,,,,,,,,,
"9/8/2025, 4:19:51 AM",3.665,72.5,100,12,2025-09-08T08:19:51.000Z,,,,,,,,,
"9/8/2025, 4:22:51 AM",3.665,72.3,100,12,2025-09-08T08:22:51.000Z,,,,,,,,,
"9/8/2025, 4:25:51 AM",3.665,72.3,100,12,2025-09-08T08:25:51.000Z,,,,,,,,,
"9/8/2025, 4:28:51 AM",3.666,72.3,100,11,2025-09-08T08:28:51.000Z,,,,,,,,,
"9/8/2025, 4:31:51 AM",3.665,72.1,100,11,2025-09-08T08:31:51.000Z,,,,,,,,,
"9/8/2025, 4:34:51 AM",3.665,72,100,11,2025-09-08T08:34:51.000Z,,,,,,,,,
"9/8/2025, 4:37:51 AM",3.665,72,100,11,2025-09-08T08:37:51.000Z,,,,,,,,,
"9/8/2025, 4:40:51 AM",3.665,71.8,100,11,2025-09-08T08:40:51.000Z,,,,,,,,,
"9/8/2025, 4:43:51 AM",3.665,71.8,100,11,2025-09-08T08:43:51.000Z,,,,,,,,,
"9/8/2025, 4:46:51 AM",3.665,71.6,100,11,2025-09-08T08:46:51.000Z,,,,,,,,,
"9/8/2025, 4:49:51 AM",3.665,71.6,100,11,2025-09-08T08:49:51.000Z,,,,,,,,,
"9/8/2025, 4:52:51 AM",3.665,71.4,100,11,2025-09-08T08:52:51.000Z,,,,,,,,,
"9/8/2025, 4:55:51 AM",3.665,71.4,100,11,2025-09-08T08:55:51.000Z,,,,,,,,,
"9/8/2025, 4:58:51 AM",3.665,71.4,100,11,2025-09-08T08:58:51.000Z,,,,,,,,,
"9/8/2025, 5:01:51 AM",3.665,71.2,100,11,2025-09-08T09:01:51.000Z,,,,,,,,,
"9/8/2025, 5:04:51 AM",3.665,71.2,100,10,2025-09-08T09:04:51.000Z,,,,,,,,,
"9/8/2025, 5:07:51 AM",3.665,71.1,100,10,2025-09-08T09:07:51.000Z,,,,,,,,,
"9/8/2025, 5:10:51 AM",3.665,71.1,100,10,2025-09-08T09:10:51.000Z,,,,,,,,,
"9/8/2025, 5:13:51 AM",3.665,71.1,100,10,2025-09-08T09:13:51.000Z,,,,,,,,,
"9/8/2025, 5:16:51 AM",3.665,71.1,100,10,2025-09-08T09:16:51.000Z,,,,,,,,,
"9/8/2025, 5:19:51 AM",3.665,71.1,100,10,2025-09-08T09:19:51.000Z,,,,,,,,,
"9/8/2025, 5:22:51 AM",3.665,71.1,100,10,2025-09-08T09:22:51.000Z,,,,,,,,,
"9/8/2025, 5:25:51 AM",3.665,70.9,100,10,2025-09-08T09:25:51.000Z,,,,,,,,,
"9/8/2025, 5:28:51 AM",3.665,70.9,100,10,2025-09-08T09:28:51.000Z,,,,,,,,,
"9/8/2025, 5:31:51 AM",3.665,70.9,100,10,2025-09-08T09:31:51.000Z,,,,,,,,,
"9/8/2025, 5:34:51 AM",3.665,70.7,100,10,2025-09-08T09:34:51.000Z,,,,,,,,,
"9/8/2025, 5:37:51 AM",3.665,70.7,100,10,2025-09-08T09:37:51.000Z,,,,,,,,,
"9/8/2025, 5:40:51 AM",3.665,70.7,100,10,2025-09-08T09:40:51.000Z,,,,,,,,,
"9/8/2025, 5:43:51 AM",3.665,70.5,100,10,2025-09-08T09:43:51.000Z,,,,,,,,,
"9/8/2025, 5:46:51 AM",3.665,70.5,100,10,2025-09-08T09:46:51.000Z,,,,,,,,,
"9/8/2025, 5:49:51 AM",3.665,70.5,100,10,2025-09-08T09:49:51.000Z,,,,,,,,,
"9/8/2025, 5:52:51 AM",3.665,70.3,100,10,2025-09-08T09:52:51.000Z,,,,,,,,,
"9/8/2025, 5:55:51 AM",3.665,70.3,100,10,2025-09-08T09:55:51.000Z,,,,,,,,,
"9/8/2025, 5:58:51 AM",3.665,70.3,100,10,2025-09-08T09:58:51.000Z,,,,,,,,,
"9/8/2025, 6:01:51 AM",3.665,70.3,100,10,2025-09-08T10:01:51.000Z,,,,,,,,,
"9/8/2025, 6:04:51 AM",3.665,70.3,100,10,2025-09-08T10:04:51.000Z,,,,,,,,,
"9/8/2025, 6:07:51 AM",3.665,70.3,100,10,2025-09-08T10:07:51.000Z,,,,,,,,,
"9/8/2025, 6:10:51 AM",3.665,70.3,100,10,2025-09-08T10:10:51.000Z,,,,,,,,,
"9/8/2025, 6:13:51 AM",3.665,70.3,100,10,2025-09-08T10:13:51.000Z,,,,,,,,,
"9/8/2025, 6:16:51 AM",3.665,70.3,100,10,2025-09-08T10:16:51.000Z,,,,,,,,,
"9/8/2025, 6:19:51 AM",3.665,70.3,100,10,2025-09-08T10:19:51.000Z,,,,,,,,,
"9/8/2025, 6:22:51 AM",3.665,70.3,100,10,2025-09-08T10:22:51.000Z,,,,,,,,,
"9/8/2025, 6:25:51 AM",3.665,70.5,100,10,2025-09-08T10:25:51.000Z,,,,,,,,,
"9/8/2025, 6:28:51 AM",3.665,70.5,100,10,2025-09-08T10:28:51.000Z,,,,,,,,,
"9/8/2025, 6:31:51 AM",3.665,70.5,100,10,2025-09-08T10:31:51.000Z,,,,,,,,,
"9/8/2025, 6:34:51 AM",3.664,70.5,100,10,2025-09-08T10:34:51.000Z,,,,,,,,,
"9/8/2025, 6:37:51 AM",3.665,70.5,100,10,2025-09-08T10:37:51.000Z,,,,,,,,,
"9/8/2025, 6:40:51 AM",3.665,70.5,100,10,2025-09-08T10:40:51.000Z,,,,,,,,,
"9/8/2025, 6:43:51 AM",3.665,70.3,100,10,2025-09-08T10:43:51.000Z,,,,,,,,,
"9/8/2025, 6:46:51 AM",3.664,70.3,100,10,2025-09-08T10:46:51.000Z,,,,,,,,,
"9/8/2025, 6:49:51 AM",3.665,70.3,100,10,2025-09-08T10:49:51.000Z,,,,,,,,,
"9/8/2025, 6:52:51 AM",3.664,70.3,100,10,2025-09-08T10:52:51.000Z,,,,,,,,,
"9/8/2025, 6:55:51 AM",3.664,70.3,100,10,2025-09-08T10:55:51.000Z,,,,,,,,,
"9/8/2025, 6:58:51 AM",3.665,70.3,100,10,2025-09-08T10:58:51.000Z,,,,,,,,,
"9/8/2025, 7:01:51 AM",3.665,70.3,100,10,2025-09-08T11:01:51.000Z,,,,,,,,,
"9/8/2025, 7:04:51 AM",3.665,70.3,100,10,2025-09-08T11:04:51.000Z,,,,,,,,,
"9/8/2025, 7:07:51 AM",3.665,70.3,100,10,2025-09-08T11:07:51.000Z,,,,,,,,,
"9/8/2025, 7:10:51 AM",3.665,70.3,100,10,2025-09-08T11:10:51.000Z,,,,,,,,,
"9/8/2025, 7:13:51 AM",3.664,70.3,100,10,2025-09-08T11:13:51.000Z,,,,,,,,,
"9/8/2025, 7:16:51 AM",3.665,70.3,100,10,2025-09-08T11:16:51.000Z,,,,,,,,,
"9/8/2025, 7:19:51 AM",3.665,70.2,100,10,2025-09-08T11:19:51.000Z,,,,,,,,,
"9/8/2025, 7:22:51 AM",3.665,70.2,100,9,2025-09-08T11:22:51.000Z,,,,,,,,,
"9/8/2025, 7:25:51 AM",3.665,70.2,100,9,2025-09-08T11:25:51.000Z,,,,,,,,,
"9/8/2025, 7:28:51 AM",3.664,70.2,100,9,2025-09-08T11:28:51.000Z,,,,,,,,,
"9/8/2025, 7:31:51 AM",3.665,70.3,100,9,2025-09-08T11:31:51.000Z,,,,,,,,,
"9/8/2025, 7:34:51 AM",3.665,70.3,100,9,2025-09-08T11:34:51.000Z,,,,,,,,,
"9/8/2025, 7:37:51 AM",3.664,70.3,100,9,2025-09-08T11:37:51.000Z,,,,,,,,,
"9/8/2025, 7:40:51 AM",3.664,70.3,100,9,2025-09-08T11:40:51.000Z,,,,,,,,,
"9/8/2025, 7:43:51 AM",3.665,70.3,100,10,2025-09-08T11:43:51.000Z,,,,,,,,,
"9/8/2025, 7:46:51 AM",3.664,70.3,100,9,2025-09-08T11:46:51.000Z,,,,,,,,,
"9/8/2025, 7:49:51 AM",3.665,70.3,100,10,2025-09-08T11:49:51.000Z,,,,,,,,,
"9/8/2025, 7:52:51 AM",3.664,70.5,100,10,2025-09-08T11:52:51.000Z,,,,,,,,,
"9/8/2025, 7:55:51 AM",3.664,70.5,100,10,2025-09-08T11:55:51.000Z,,,,,,,,,
"9/8/2025, 7:58:51 AM",3.664,70.5,100,10,2025-09-08T11:58:51.000Z,,,,,,,,,
"9/8/2025, 8:01:51 AM",3.665,70.7,100,10,2025-09-08T12:01:51.000Z,,,,,,,,,
"9/8/2025, 8:04:51 AM",3.664,70.7,100,10,2025-09-08T12:04:51.000Z,,,,,,,,,
"9/8/2025, 8:07:51 AM",3.665,70.7,100,10,2025-09-08T12:07:51.000Z,,,,,,,,,
"9/8/2025, 8:10:51 AM",3.665,70.9,100,10,2025-09-08T12:10:51.000Z,,,,,,,,,
"9/8/2025, 8:13:51 AM",3.664,70.9,100,10,2025-09-08T12:13:51.000Z,,,,,,,,,
"9/8/2025, 8:16:51 AM",3.664,71.1,100,10,2025-09-08T12:16:51.000Z,,,,,,,,,
"9/8/2025, 8:19:51 AM",3.664,71.1,100,10,2025-09-08T12:19:51.000Z,,,,,,,,,
"9/8/2025, 8:22:51 AM",3.665,71.2,100,10,2025-09-08T12:22:51.000Z,,,,,,,,,
"9/8/2025, 8:25:51 AM",3.664,71.4,100,10,2025-09-08T12:25:51.000Z,,,,,,,,,
"9/8/2025, 8:28:51 AM",3.664,71.4,100,10,2025-09-08T12:28:51.000Z,,,,,,,,,
"9/8/2025, 8:31:51 AM",3.665,71.6,100,10,2025-09-08T12:31:51.000Z,,,,,,,,,
"9/8/2025, 8:34:51 AM",3.665,71.6,100,11,2025-09-08T12:34:51.000Z,,,,,,,,,
"9/8/2025, 8:37:51 AM",3.664,71.8,100,11,2025-09-08T12:37:51.000Z,,,,,,,,,
"9/8/2025, 8:40:51 AM",3.664,71.8,100,11,2025-09-08T12:40:51.000Z,,,,,,,,,
"9/8/2025, 8:43:51 AM",3.664,72,100,11,2025-09-08T12:43:51.000Z,,,,,,,,,
"9/8/2025, 8:46:51 AM",3.664,72.1,100,11,2025-09-08T12:46:51.000Z,,,,,,,,,
"9/8/2025, 8:49:51 AM",3.664,72.1,100,11,2025-09-08T12:49:51.000Z,,,,,,,,,
"9/8/2025, 8:52:51 AM",3.664,72.3,100,11,2025-09-08T12:52:51.000Z,,,,,,,,,
"9/8/2025, 8:55:51 AM",3.664,72.5,100,11,2025-09-08T12:55:51.000Z,,,,,,,,,
"9/8/2025, 8:58:51 AM",3.665,72.5,100,12,2025-09-08T12:58:51.000Z,,,,,,,,,
"9/8/2025, 9:01:51 AM",3.664,72.7,100,12,2025-09-08T13:01:51.000Z,,,,,,,,,
"9/8/2025, 9:04:51 AM",3.664,72.9,100,12,2025-09-08T13:04:51.000Z,,,,,,,,,
"9/8/2025, 9:07:51 AM",3.664,73,100,12,2025-09-08T13:07:51.000Z,,,,,,,,,
"9/8/2025, 9:10:51 AM",3.664,73.4,100,12,2025-09-08T13:10:51.000Z,,,,,,,,,
"9/8/2025, 9:13:51 AM",3.664,73.6,100,12,2025-09-08T13:13:51.000Z,,,,,,,,,
"9/8/2025, 9:16:51 AM",3.664,73.8,100,12,2025-09-08T13:16:51.000Z,,,,,,,,,
"9/8/2025, 9:19:51 AM",3.664,73.9,100,13,2025-09-08T13:19:51.000Z,,,,,,,,,
"9/8/2025, 9:22:51 AM",3.664,74.3,100,13,2025-09-08T13:22:51.000Z,,,,,,,,,
"9/8/2025, 9:25:51 AM",3.664,74.5,100,13,2025-09-08T13:25:51.000Z,,,,,,,,,
"9/8/2025, 9:28:51 AM",3.664,74.7,100,13,2025-09-08T13:28:51.000Z,,,,,,,,,
"9/8/2025, 9:31:51 AM",3.664,75,100,14,2025-09-08T13:31:51.000Z,,,,,,,,,
"9/8/2025, 9:34:51 AM",3.664,75.2,100,14,2025-09-08T13:34:51.000Z,,,,,,,,,
"9/8/2025, 9:37:51 AM",3.664,75.4,100,14,2025-09-08T13:37:51.000Z,,,,,,,,,
"9/8/2025, 9:40:51 AM",3.664,75.6,100,14,2025-09-08T13:40:51.000Z,,,,,,,,,
"9/8/2025, 9:43:51 AM",3.664,75.9,100,15,2025-09-08T13:43:51.000Z,,,,,,,,,
"9/8/2025, 9:46:51 AM",3.664,76.1,100,15,2025-09-08T13:46:51.000Z,,,,,,,,,
"9/8/2025, 9:49:51 AM",3.664,76.5,100,15,2025-09-08T13:49:51.000Z,,,,,,,,,
"9/8/2025, 9:52:51 AM",3.664,76.6,100,15,2025-09-08T13:52:51.000Z,,,,,,,,,
"9/8/2025, 9:55:51 AM",3.664,77,100,16,2025-09-08T13:55:51.000Z,,,,,,,,,
"9/8/2025, 9:58:51 AM",3.664,77.4,100,16,2025-09-08T13:58:51.000Z,,,,,,,,,
"9/8/2025, 10:01:51 AM",3.664,77.5,100,16,2025-09-08T14:01:51.000Z,,,,,,,,,
"9/8/2025, 10:04:51 AM",3.664,77.9,100,17,2025-09-08T14:04:51.000Z,,,,,,,,,
"9/8/2025, 10:07:51 AM",3.664,78.3,100,17,2025-09-08T14:07:51.000Z,,,,,,,,,
"9/8/2025, 10:10:51 AM",3.664,78.6,100,17,2025-09-08T14:10:51.000Z,,,,,,,,,
"9/8/2025, 10:13:51 AM",3.664,79,100,18,2025-09-08T14:13:51.000Z,,,,,,,,,
"9/8/2025, 10:16:51 AM",3.664,79.3,100,18,2025-09-08T14:16:51.000Z,,,,,,,,,
"9/8/2025, 10:19:51 AM",3.664,79.7,100,18,2025-09-08T14:19:51.000Z,,,,,,,,,
"9/8/2025, 10:22:51 AM",3.663,80.1,100,19,2025-09-08T14:22:51.000Z,,,,,,,,,
"9/8/2025, 10:25:51 AM",3.663,80.4,100,19,2025-09-08T14:25:51.000Z,,,,,,,,,
"9/8/2025, 10:28:51 AM",3.664,80.8,100,20,2025-09-08T14:28:51.000Z,,,,,,,,,
"9/8/2025, 10:31:51 AM",3.663,81.1,100,20,2025-09-08T14:31:51.000Z,,,,,,,,,
"9/8/2025, 10:34:51 AM",3.664,81.5,100,20,2025-09-08T14:34:51.000Z,,,,,,,,,
"9/8/2025, 10:37:51 AM",3.663,81.9,100,21,2025-09-08T14:37:51.000Z,,,,,,,,,
"9/8/2025, 10:40:51 AM",3.663,82.2,100,21,2025-09-08T14:40:51.000Z,,,,,,,,,
"9/8/2025, 10:43:51 AM",3.663,82.6,100,23,2025-09-08T14:43:51.000Z,,,,,,,,,
"9/8/2025, 10:46:51 AM",3.663,82.9,100,23,2025-09-08T14:46:51.000Z,,,,,,,,,
"9/8/2025, 10:49:51 AM",3.663,83.1,100,23,2025-09-08T14:49:51.000Z,,,,,,,,,
"9/8/2025, 10:52:51 AM",3.663,83.5,100,24,2025-09-08T14:52:51.000Z,,,,,,,,,
"9/8/2025, 10:55:51 AM",3.663,83.8,100,24,2025-09-08T14:55:51.000Z,,,,,,,,,
"9/8/2025, 10:58:51 AM",3.663,84,100,24,2025-09-08T14:58:51.000Z,,,,,,,,,
"9/8/2025, 11:01:51 AM",3.663,84.4,100,24,2025-09-08T15:01:51.000Z,,,,,,,,,
"9/8/2025, 11:04:51 AM",3.663,84.6,100,25,2025-09-08T15:04:51.000Z,,,,,,,,,
"9/8/2025, 11:07:51 AM",3.663,84.9,100,25,2025-09-08T15:07:51.000Z,,,,,,,,,
"9/8/2025, 11:10:51 AM",3.663,85.1,100,25,2025-09-08T15:10:51.000Z,,,,,,,,,
"9/8/2025, 11:13:51 AM",3.663,85.5,100,25,2025-09-08T15:13:51.000Z,,,,,,,,,
"9/8/2025, 11:16:51 AM",3.663,85.6,100,25,2025-09-08T15:16:51.000Z,,,,,,,,,
"9/8/2025, 11:19:51 AM",3.662,86,100,25,2025-09-08T15:19:51.000Z,,,,,,,,,
"9/8/2025, 11:22:51 AM",3.662,86.2,100,26,2025-09-08T15:22:51.000Z,,,,,,,,,
"9/8/2025, 11:25:51 AM",3.663,86.5,100,26,2025-09-08T15:25:51.000Z,,,,,,,,,
"9/8/2025, 11:28:51 AM",3.662,86.7,100,26,2025-09-08T15:28:51.000Z,,,,,,,,,
"9/8/2025, 11:31:51 AM",3.662,86.9,100,27,2025-09-08T15:31:51.000Z,,,,,,,,,
"9/8/2025, 11:34:51 AM",3.663,87.1,100,27,2025-09-08T15:34:51.000Z,,,,,,,,,
"9/8/2025, 11:37:51 AM",3.662,87.4,100,27,2025-09-08T15:37:51.000Z,,,,,,,,,
"9/8/2025, 11:40:51 AM",3.663,87.6,100,27,2025-09-08T15:40:51.000Z,,,,,,,,,
"9/8/2025, 11:43:51 AM",3.662,87.8,100,27,2025-09-08T15:43:51.000Z,,,,,,,,,
"9/8/2025, 11:46:51 AM",3.663,87.8,100,28,2025-09-08T15:46:51.000Z,,,,,,,,,
"9/8/2025, 11:49:51 AM",3.663,88,100,27,2025-09-08T15:49:51.000Z,,,,,,,,,
"9/8/2025, 11:52:51 AM",3.663,88.2,100,27,2025-09-08T15:52:51.000Z,,,,,,,,,
"9/8/2025, 11:55:51 AM",3.662,88.2,100,27,2025-09-08T15:55:51.000Z,,,,,,,,,
"9/8/2025, 11:58:51 AM",3.662,88.3,100,27,2025-09-08T15:58:51.000Z,,,,,,,,,
"9/8/2025, 12:01:51 PM",3.662,88.5,100,27,2025-09-08T16:01:51.000Z,,,,,,,,,
"9/8/2025, 12:04:51 PM",3.662,88.5,100,27,2025-09-08T16:04:51.000Z,,,,,,,,,
"9/8/2025, 12:07:51 PM",3.662,88.7,100,27,2025-09-08T16:07:51.000Z,,,,,,,,,
"9/8/2025, 12:10:51 PM",3.662,88.7,100,27,2025-09-08T16:10:51.000Z,,,,,,,,,
"9/8/2025, 12:13:51 PM",3.662,88.9,100,27,2025-09-08T16:13:51.000Z,,,,,,,,,
"9/8/2025, 12:16:51 PM",3.663,88.9,100,27,2025-09-08T16:16:51.000Z,,,,,,,,,
"9/8/2025, 12:19:51 PM",3.662,88.9,100,27,2025-09-08T16:19:51.000Z,,,,,,,,,
"9/8/2025, 12:22:51 PM",3.662,88.9,100,27,2025-09-08T16:22:51.000Z,,,,,,,,,
"9/8/2025, 12:25:51 PM",3.662,89.1,100,27,2025-09-08T16:25:51.000Z,,,,,,,,,
"9/8/2025, 12:28:51 PM",3.662,89.1,100,27,2025-09-08T16:28:51.000Z,,,,,,,,,
"9/8/2025, 12:31:51 PM",3.662,89.1,100,26,2025-09-08T16:31:51.000Z,,,,,,,,,
"9/8/2025, 12:34:51 PM",3.662,89.2,100,26,2025-09-08T16:34:51.000Z,,,,,,,,,
"9/8/2025, 12:37:51 PM",3.662,89.2,100,27,2025-09-08T16:37:51.000Z,,,,,,,,,
"9/8/2025, 12:40:51 PM",3.662,89.2,100,27,2025-09-08T16:40:51.000Z,,,,,,,,,
"9/8/2025, 12:43:51 PM",3.662,89.4,100,27,2025-09-08T16:43:51.000Z,,,,,,,,,
"9/8/2025, 12:46:51 PM",3.663,89.4,100,27,2025-09-08T16:46:51.000Z,,,,,,,,,
"9/8/2025, 12:49:51 PM",3.662,89.6,100,27,2025-09-08T16:49:51.000Z,,,,,,,,,
"9/8/2025, 12:52:51 PM",3.662,89.6,100,27,2025-09-08T16:52:51.000Z,,,,,,,,,
"9/8/2025, 12:55:51 PM",3.662,89.6,100,27,2025-09-08T16:55:51.000Z,,,,,,,,,
"9/8/2025, 12:58:51 PM",3.662,89.8,100,27,2025-09-08T16:58:51.000Z,,,,,,,,,
"9/8/2025, 1:01:51 PM",3.662,89.8,100,27,2025-09-08T17:01:51.000Z,,,,,,,,,
"9/8/2025, 1:04:51 PM",3.662,89.8,100,27,2025-09-08T17:04:51.000Z,,,,,,,,,
"9/8/2025, 1:07:51 PM",3.662,90,100,27,2025-09-08T17:07:51.000Z,,,,,,,,,
"9/8/2025, 1:10:51 PM",3.662,90,100,27,2025-09-08T17:10:51.000Z,,,,,,,,,
"9/8/2025, 1:13:51 PM",3.662,90.1,100,26,2025-09-08T17:13:51.000Z,,,,,,,,,
"9/8/2025, 1:16:51 PM",3.662,90.3,100,26,2025-09-08T17:16:51.000Z,,,,,,,,,
"9/8/2025, 1:19:51 PM",3.662,90.3,100,26,2025-09-08T17:19:51.000Z,,,,,,,,,
"9/8/2025, 1:22:51 PM",3.662,90.5,100,26,2025-09-08T17:22:51.000Z,,,,,,,,,
"9/8/2025, 1:25:51 PM",3.662,90.5,100,26,2025-09-08T17:25:51.000Z,,,,,,,,,
"9/8/2025, 1:28:51 PM",3.662,90.5,100,26,2025-09-08T17:28:51.000Z,,,,,,,,,
"9/8/2025, 1:31:51 PM",3.662,90.7,100,26,2025-09-08T17:31:51.000Z,,,,,,,,,
"9/8/2025, 1:34:51 PM",3.662,90.9,100,26,2025-09-08T17:34:51.000Z,,,,,,,,,
"9/8/2025, 1:37:51 PM",3.662,90.9,100,27,2025-09-08T17:37:51.000Z,,,,,,,,,
"9/8/2025, 1:40:51 PM",3.662,91,100,27,2025-09-08T17:40:51.000Z,,,,,,,,,
"9/8/2025, 1:43:51 PM",3.662,91.2,100,27,2025-09-08T17:43:51.000Z,,,,,,,,,
"9/8/2025, 1:46:51 PM",3.662,91.2,100,26,2025-09-08T17:46:51.000Z,,,,,,,,,
"9/8/2025, 1:49:51 PM",3.662,91.2,100,26,2025-09-08T17:49:51.000Z,,,,,,,,,
"9/8/2025, 1:52:51 PM",3.662,91.2,100,26,2025-09-08T17:52:51.000Z,,,,,,,,,
"9/8/2025, 1:55:51 PM",3.662,91.2,100,27,2025-09-08T17:55:51.000Z,,,,,,,,,
"9/8/2025, 1:58:51 PM",3.662,91.2,100,27,2025-09-08T17:58:51.000Z,,,,,,,,,
"9/8/2025, 2:01:51 PM",3.662,91.4,100,27,2025-09-08T18:01:51.000Z,,,,,,,,,
"9/8/2025, 2:04:51 PM",3.662,91.2,100,26,2025-09-08T18:04:51.000Z,,,,,,,,,
"9/8/2025, 2:07:51 PM",3.662,91.2,100,26,2025-09-08T18:07:51.000Z,,,,,,,,,
"9/8/2025, 2:10:51 PM",3.663,91.2,100,26,2025-09-08T18:10:51.000Z,,,,,,,,,
"9/8/2025, 2:13:51 PM",3.662,91.4,100,26,2025-09-08T18:13:51.000Z,,,,,,,,,
"9/8/2025, 2:16:51 PM",3.662,91.2,100,25,2025-09-08T18:16:51.000Z,,,,,,,,,
"9/8/2025, 2:19:51 PM",3.662,91.2,100,25,2025-09-08T18:19:51.000Z,,,,,,,,,
"9/8/2025, 2:22:51 PM",3.662,91.4,100,25,2025-09-08T18:22:51.000Z,,,,,,,,,
"9/8/2025, 2:25:51 PM",3.662,91.4,100,25,2025-09-08T18:25:51.000Z,,,,,,,,,
"9/8/2025, 2:28:51 PM",3.662,91.4,100,26,2025-09-08T18:28:51.000Z,,,,,,,,,
"9/8/2025, 2:31:51 PM",3.662,91.6,100,26,2025-09-08T18:31:51.000Z,,,,,,,,,
"9/8/2025, 2:34:51 PM",3.662,91.6,100,26,2025-09-08T18:34:51.000Z,,,,,,,,,
"9/8/2025, 2:37:51 PM",3.662,91.8,100,26,2025-09-08T18:37:51.000Z,,,,,,,,,
"9/8/2025, 2:40:51 PM",3.662,91.8,100,26,2025-09-08T18:40:51.000Z,,,,,,,,,
"9/8/2025, 2:43:51 PM",3.662,91.9,100,26,2025-09-08T18:43:51.000Z,,,,,,,,,
"9/8/2025, 2:46:51 PM",3.662,92.1,100,26,2025-09-08T18:46:51.000Z,,,,,,,,,
"9/8/2025, 2:49:51 PM",3.662,92.1,100,27,2025-09-08T18:49:51.000Z,,,,,,,,,
"9/8/2025, 2:52:51 PM",3.662,92.3,100,27,2025-09-08T18:52:51.000Z,,,,,,,,,
"9/8/2025, 2:55:51 PM",3.662,92.5,100,27,2025-09-08T18:55:51.000Z,,,,,,,,,
"9/8/2025, 2:58:51 PM",3.662,92.5,100,27,2025-09-08T18:58:51.000Z,,,,,,,,,
"9/8/2025, 3:01:51 PM",3.662,92.7,100,27,2025-09-08T19:01:51.000Z,,,,,,,,,
"9/8/2025, 3:04:51 PM",3.662,92.7,100,27,2025-09-08T19:04:51.000Z,,,,,,,,,
"9/8/2025, 3:07:51 PM",3.662,92.7,100,27,2025-09-08T19:07:51.000Z,,,,,,,,,
"9/8/2025, 3:10:51 PM",3.662,92.8,100,27,2025-09-08T19:10:51.000Z,,,,,,,,,
"9/8/2025, 3:13:51 PM",3.662,92.8,100,26,2025-09-08T19:13:51.000Z,,,,,,,,,
"9/8/2025, 3:16:51 PM",3.662,92.8,100,26,2025-09-08T19:16:51.000Z,,,,,,,,,
"9/8/2025, 3:19:51 PM",3.662,93,100,26,2025-09-08T19:19:51.000Z,,,,,,,,,
"9/8/2025, 3:22:51 PM",3.662,93,100,26,2025-09-08T19:22:51.000Z,,,,,,,,,
"9/8/2025, 3:25:51 PM",3.662,93,100,26,2025-09-08T19:25:51.000Z,,,,,,,,,
"9/8/2025, 3:28:51 PM",3.662,93,100,26,2025-09-08T19:28:51.000Z,,,,,,,,,
"9/8/2025, 3:31:51 PM",3.662,93.2,100,25,2025-09-08T19:31:51.000Z,,,,,,,,,
"9/8/2025, 3:34:51 PM",3.662,93.2,100,26,2025-09-08T19:34:51.000Z,,,,,,,,,
"9/8/2025, 3:37:51 PM",3.662,93.2,100,26,2025-09-08T19:37:51.000Z,,,,,,,,,
"9/8/2025, 3:40:51 PM",3.662,93.2,100,27,2025-09-08T19:40:51.000Z,,,,,,,,,
"9/8/2025, 3:43:51 PM",3.662,93.4,100,27,2025-09-08T19:43:51.000Z,,,,,,,,,
"9/8/2025, 3:46:51 PM",3.662,93.4,100,27,2025-09-08T19:46:51.000Z,,,,,,,,,
"9/8/2025, 3:49:51 PM",3.662,93.6,100,27,2025-09-08T19:49:51.000Z,,,,,,,,,
"9/8/2025, 3:52:51 PM",3.662,93.6,100,27,2025-09-08T19:52:51.000Z,,,,,,,,,
"9/8/2025, 3:55:51 PM",3.662,93.6,100,27,2025-09-08T19:55:51.000Z,,,,,,,,,
"9/8/2025, 3:58:51 PM",3.662,93.6,100,27,2025-09-08T19:58:51.000Z,,,,,,,,,
"9/8/2025, 4:01:51 PM",3.662,93.7,100,27,2025-09-08T20:01:51.000Z,,,,,,,,,
"9/8/2025, 4:04:51 PM",3.662,93.7,100,27,2025-09-08T20:04:51.000Z,,,,,,,,,
"9/8/2025, 4:07:51 PM",3.662,93.7,100,27,2025-09-08T20:07:51.000Z,,,,,,,,,
"9/8/2025, 4:10:51 PM",3.662,93.7,100,27,2025-09-08T20:10:51.000Z,,,,,,,,,
"9/8/2025, 4:13:51 PM",3.662,93.7,100,27,2025-09-08T20:13:51.000Z,,,,,,,,,
"9/8/2025, 4:16:51 PM",3.661,93.7,100,28,2025-09-08T20:16:51.000Z,,,,,,,,,
"9/8/2025, 4:19:51 PM",3.662,93.7,100,28,2025-09-08T20:19:51.000Z,,,,,,,,,
"9/8/2025, 4:22:51 PM",3.662,93.7,100,29,2025-09-08T20:22:51.000Z,,,,,,,,,
"9/8/2025, 4:25:51 PM",3.662,93.7,100,29,2025-09-08T20:25:51.000Z,,,,,,,,,
"9/8/2025, 4:28:51 PM",3.662,93.9,100,29,2025-09-08T20:28:51.000Z,,,,,,,,,
"9/8/2025, 4:31:51 PM",3.662,93.9,100,28,2025-09-08T20:31:51.000Z,,,,,,,,,
"9/8/2025, 4:34:51 PM",3.662,93.9,100,29,2025-09-08T20:34:51.000Z,,,,,,,,,
"9/8/2025, 4:37:51 PM",3.662,93.9,100,29,2025-09-08T20:37:51.000Z,,,,,,,,,
"9/8/2025, 4:40:51 PM",3.662,93.9,100,29,2025-09-08T20:40:51.000Z,,,,,,,,,
"9/8/2025, 4:43:51 PM",3.662,93.9,100,29,2025-09-08T20:43:51.000Z,,,,,,,,,
"9/8/2025, 4:46:51 PM",3.662,93.9,100,28,2025-09-08T20:46:51.000Z,,,,,,,,,
"9/8/2025, 4:49:51 PM",3.662,93.9,100,28,2025-09-08T20:49:51.000Z,,,,,,,,,
"9/8/2025, 4:52:51 PM",3.662,93.9,100,28,2025-09-08T20:52:51.000Z,,,,,,,,,
"9/8/2025, 4:55:51 PM",3.662,93.9,100,27,2025-09-08T20:55:51.000Z,,,,,,,,,
"9/8/2025, 4:58:51 PM",3.662,93.9,100,27,2025-09-08T20:58:51.000Z,,,,,,,,,
"9/8/2025, 5:01:51 PM",3.662,93.7,100,27,2025-09-08T21:01:51.000Z,,,,,,,,,
"9/8/2025, 5:04:51 PM",3.662,93.7,100,27,2025-09-08T21:04:51.000Z,,,,,,,,,
"9/8/2025, 5:07:51 PM",3.662,93.7,100,27,2025-09-08T21:07:51.000Z,,,,,,,,,
"9/8/2025, 5:10:51 PM",3.662,93.7,100,27,2025-09-08T21:10:51.000Z,,,,,,,,,
"9/8/2025, 5:13:51 PM",3.662,93.6,100,26,2025-09-08T21:13:51.000Z,,,,,,,,,
"9/8/2025, 5:16:51 PM",3.662,93.6,100,26,2025-09-08T21:16:51.000Z,,,,,,,,,
"9/8/2025, 5:19:51 PM",3.662,93.6,100,25,2025-09-08T21:19:51.000Z,,,,,,,,,
"9/8/2025, 5:22:51 PM",3.662,93.4,100,25,2025-09-08T21:22:51.000Z,,,,,,,,,
"9/8/2025, 5:25:51 PM",3.662,93.4,100,25,2025-09-08T21:25:51.000Z,,,,,,,,,
"9/8/2025, 5:28:51 PM",3.662,93.4,100,25,2025-09-08T21:28:51.000Z,,,,,,,,,
"9/8/2025, 5:31:51 PM",3.662,93.2,100,25,2025-09-08T21:31:51.000Z,,,,,,,,,
"9/8/2025, 5:34:51 PM",3.663,93.2,100,25,2025-09-08T21:34:51.000Z,,,,,,,,,
"9/8/2025, 5:37:51 PM",3.662,93,100,25,2025-09-08T21:37:51.000Z,,,,,,,,,
"9/8/2025, 5:40:51 PM",3.662,93,100,25,2025-09-08T21:40:51.000Z,,,,,,,,,
"9/8/2025, 5:43:51 PM",3.662,92.8,100,25,2025-09-08T21:43:51.000Z,,,,,,,,,
"9/8/2025, 5:46:51 PM",3.662,92.8,100,25,2025-09-08T21:46:51.000Z,,,,,,,,,
"9/8/2025, 5:49:51 PM",3.662,92.8,100,25,2025-09-08T21:49:51.000Z,,,,,,,,,
"9/8/2025, 5:52:51 PM",3.662,92.7,100,25,2025-09-08T21:52:51.000Z,,,,,,,,,
"9/8/2025, 5:55:51 PM",3.662,92.7,100,25,2025-09-08T21:55:51.000Z,,,,,,,,,
"9/8/2025, 5:58:51 PM",3.662,92.5,100,25,2025-09-08T21:58:51.000Z,,,,,,,,,
"9/8/2025, 6:01:51 PM",3.663,92.3,100,25,2025-09-08T22:01:51.000Z,,,,,,,,,
"9/8/2025, 6:04:51 PM",3.662,92.3,100,25,2025-09-08T22:04:51.000Z,,,,,,,,,
"9/8/2025, 6:07:51 PM",3.663,92.1,100,24,2025-09-08T22:07:51.000Z,,,,,,,,,
"9/8/2025, 6:10:51 PM",3.662,91.9,100,24,2025-09-08T22:10:51.000Z,,,,,,,,,
"9/8/2025, 6:13:51 PM",3.663,91.8,100,24,2025-09-08T22:13:51.000Z,,,,,,,,,
"9/8/2025, 6:16:51 PM",3.663,91.8,100,24,2025-09-08T22:16:51.000Z,,,,,,,,,
"9/8/2025, 6:19:51 PM",3.663,91.6,100,24,2025-09-08T22:19:51.000Z,,,,,,,,,
"9/8/2025, 6:22:51 PM",3.663,91.4,100,23,2025-09-08T22:22:51.000Z,,,,,,,,,
"9/8/2025, 6:25:51 PM",3.663,91.2,100,24,2025-09-08T22:25:51.000Z,,,,,,,,,
"9/8/2025, 6:28:51 PM",3.663,91,100,23,2025-09-08T22:28:51.000Z,,,,,,,,,
"9/8/2025, 6:31:51 PM",3.663,90.9,100,23,2025-09-08T22:31:51.000Z,,,,,,,,,
"9/8/2025, 6:34:51 PM",3.663,90.7,100,23,2025-09-08T22:34:51.000Z,,,,,,,,,
"9/8/2025, 6:37:51 PM",3.663,90.3,100,23,2025-09-08T22:37:51.000Z,,,,,,,,,
"9/8/2025, 6:40:51 PM",3.663,90.1,100,23,2025-09-08T22:40:51.000Z,,,,,,,,,
"9/8/2025, 6:43:51 PM",3.663,90,100,23,2025-09-08T22:43:51.000Z,,,,,,,,,
"9/8/2025, 6:46:51 PM",3.663,89.8,100,23,2025-09-08T22:46:51.000Z,,,,,,,,,
"9/8/2025, 6:49:51 PM",3.664,89.4,100,23,2025-09-08T22:49:51.000Z,,,,,,,,,
"9/8/2025, 6:52:51 PM",3.663,89.2,100,23,2025-09-08T22:52:51.000Z,,,,,,,,,
"9/8/2025, 6:55:51 PM",3.663,88.9,100,23,2025-09-08T22:55:51.000Z,,,,,,,,,
"9/8/2025, 6:58:51 PM",3.663,88.9,100,23,2025-09-08T22:58:51.000Z,,,,,,,,,
"9/8/2025, 7:01:51 PM",3.663,88.7,100,23,2025-09-08T23:01:51.000Z,,,,,,,,,
"9/8/2025, 7:04:51 PM",3.664,88.3,100,23,2025-09-08T23:04:51.000Z,,,,,,,,,
"9/8/2025, 7:07:51 PM",3.664,88.2,100,23,2025-09-08T23:07:51.000Z,,,,,,,,,
"9/8/2025, 7:10:51 PM",3.664,88,100,23,2025-09-08T23:10:51.000Z,,,,,,,,,
"9/8/2025, 7:13:51 PM",3.664,87.6,100,23,2025-09-08T23:13:51.000Z,,,,,,,,,
"9/8/2025, 7:16:51 PM",3.664,87.4,100,23,2025-09-08T23:16:51.000Z,,,,,,,,,
"9/8/2025, 7:19:51 PM",3.664,87.3,100,23,2025-09-08T23:19:51.000Z,,,,,,,,,
"9/8/2025, 7:22:51 PM",3.664,87.1,100,23,2025-09-08T23:22:51.000Z,,,,,,,,,
"9/8/2025, 7:25:51 PM",3.664,86.7,100,23,2025-09-08T23:25:51.000Z,,,,,,,,,
"9/8/2025, 7:28:51 PM",3.664,86.5,100,22,2025-09-08T23:28:51.000Z,,,,,,,,,
"9/8/2025, 7:31:51 PM",3.664,86.4,100,22,2025-09-08T23:31:51.000Z,,,,,,,,,
"9/8/2025, 7:34:51 PM",3.664,86,100,22,2025-09-08T23:34:51.000Z,,,,,,,,,
"9/8/2025, 7:37:51 PM",3.664,85.8,100,21,2025-09-08T23:37:51.000Z,,,,,,,,,
"9/8/2025, 7:40:51 PM",3.664,85.6,100,21,2025-09-08T23:40:51.000Z,,,,,,,,,
"9/8/2025, 7:43:51 PM",3.665,85.3,100,21,2025-09-08T23:43:51.000Z,,,,,,,,,
"9/8/2025, 7:46:51 PM",3.665,85.1,100,21,2025-09-08T23:46:51.000Z,,,,,,,,,
"9/8/2025, 7:49:51 PM",3.665,84.7,100,20,2025-09-08T23:49:51.000Z,,,,,,,,,
"9/8/2025, 7:52:51 PM",3.665,84.6,100,20,2025-09-08T23:52:51.000Z,,,,,,,,,
"9/8/2025, 7:55:51 PM",3.665,84.4,100,20,2025-09-08T23:55:51.000Z,,,,,,,,,
"9/8/2025, 7:58:51 PM",3.665,84,100,20,2025-09-08T23:58:51.000Z,,,,,,,,,
"9/8/2025, 8:01:51 PM",3.665,83.8,100,18,2025-09-09T00:01:51.000Z,,,,,,,,,
"9/8/2025, 8:04:51 PM",3.665,83.5,100,18,2025-09-09T00:04:51.000Z,,,,,,,,,
"9/8/2025, 8:07:51 PM",3.665,83.3,100,18,2025-09-09T00:07:51.000Z,,,,,,,,,
"9/8/2025, 8:10:51 PM",3.665,83.1,100,18,2025-09-09T00:10:51.000Z,,,,,,,,,
"9/8/2025, 8:13:51 PM",3.665,82.8,100,17,2025-09-09T00:13:51.000Z,,,,,,,,,
"9/8/2025, 8:16:51 PM",3.665,82.6,100,17,2025-09-09T00:16:51.000Z,,,,,,,,,
"9/8/2025, 8:19:51 PM",3.665,82.4,100,17,2025-09-09T00:19:51.000Z,,,,,,,,,
"9/8/2025, 8:22:51 PM",3.665,82.2,100,17,2025-09-09T00:22:51.000Z,,,,,,,,,
"9/8/2025, 8:25:51 PM",3.665,82,100,17,2025-09-09T00:25:51.000Z,,,,,,,,,
"9/8/2025, 8:28:51 PM",3.665,81.9,100,17,2025-09-09T00:28:51.000Z,,,,,,,,,
"9/8/2025, 8:31:51 PM",3.665,81.5,100,16,2025-09-09T00:31:51.000Z,,,,,,,,,
"9/8/2025, 8:34:51 PM",3.665,81.5,100,16,2025-09-09T00:34:51.000Z,,,,,,,,,
"9/8/2025, 8:37:51 PM",3.665,81.1,100,16,2025-09-09T00:37:51.000Z,,,,,,,,,
"9/8/2025, 8:40:51 PM",3.665,81,100,16,2025-09-09T00:40:51.000Z,,,,,,,,,
"9/8/2025, 8:43:51 PM",3.665,80.8,100,16,2025-09-09T00:43:51.000Z,,,,,,,,,
"9/8/2025, 8:46:51 PM",3.665,80.6,100,16,2025-09-09T00:46:51.000Z,,,,,,,,,
"9/8/2025, 8:49:51 PM",3.665,80.4,100,16,2025-09-09T00:49:51.000Z,,,,,,,,,
"9/8/2025, 8:52:51 PM",3.665,80.2,100,16,2025-09-09T00:52:51.000Z,,,,,,,,,
"9/8/2025, 8:55:51 PM",3.665,80.1,100,16,2025-09-09T00:55:51.000Z,,,,,,,,,
"9/8/2025, 8:58:51 PM",3.665,80.1,100,16,2025-09-09T00:58:51.000Z,,,,,,,,,
"9/8/2025, 9:01:51 PM",3.666,79.9,100,15,2025-09-09T01:01:51.000Z,,,,,,,,,
"9/8/2025, 9:04:51 PM",3.665,79.7,100,15,2025-09-09T01:04:51.000Z,,,,,,,,,
"9/8/2025, 9:07:51 PM",3.666,79.5,100,15,2025-09-09T01:07:51.000Z,,,,,,,,,
"9/8/2025, 9:10:51 PM",3.666,79.3,100,15,2025-09-09T01:10:51.000Z,,,,,,,,,
"9/8/2025, 9:13:51 PM",3.666,79.2,100,15,2025-09-09T01:13:51.000Z,,,,,,,,,
"9/8/2025, 9:16:51 PM",3.665,79,100,15,2025-09-09T01:16:51.000Z,,,,,,,,,
"9/8/2025, 9:19:51 PM",3.666,79,100,15,2025-09-09T01:19:51.000Z,,,,,,,,,
"9/8/2025, 9:22:51 PM",3.666,79,100,15,2025-09-09T01:22:51.000Z,,,,,,,,,
"9/8/2025, 9:25:51 PM",3.665,78.8,100,14,2025-09-09T01:25:51.000Z,,,,,,,,,
"9/8/2025, 9:28:51 PM",3.666,78.6,100,14,2025-09-09T01:28:51.000Z,,,,,,,,,
"9/8/2025, 9:31:51 PM",3.666,78.4,100,14,2025-09-09T01:31:51.000Z,,,,,,,,,
"9/8/2025, 9:34:51 PM",3.665,78.3,100,14,2025-09-09T01:34:51.000Z,,,,,,,,,
"9/8/2025, 9:37:51 PM",3.665,78.3,100,14,2025-09-09T01:37:51.000Z,,,,,,,,,
"9/8/2025, 9:40:51 PM",3.666,78.1,100,14,2025-09-09T01:40:51.000Z,,,,,,,,,
"9/8/2025, 9:43:51 PM",3.666,78.1,100,14,2025-09-09T01:43:51.000Z,,,,,,,,,
"9/8/2025, 9:46:51 PM",3.666,77.9,100,14,2025-09-09T01:46:51.000Z,,,,,,,,,
"9/8/2025, 9:49:51 PM",3.666,77.7,100,14,2025-09-09T01:49:51.000Z,,,,,,,,,
"9/8/2025, 9:52:51 PM",3.665,77.7,100,14,2025-09-09T01:52:51.000Z,,,,,,,,,
"9/8/2025, 9:55:51 PM",3.666,77.5,100,14,2025-09-09T01:55:51.000Z,,,,,,,,,
"9/8/2025, 9:58:51 PM",3.666,77.5,100,14,2025-09-09T01:58:51.000Z,,,,,,,,,
"9/8/2025, 10:01:51 PM",3.666,77.4,100,14,2025-09-09T02:01:51.000Z,,,,,,,,,
"9/8/2025, 10:04:51 PM",3.666,77.4,100,14,2025-09-09T02:04:51.000Z,,,,,,,,,
"9/8/2025, 10:07:51 PM",3.665,77.2,100,14,2025-09-09T02:07:51.000Z,,,,,,,,,
"9/8/2025, 10:10:51 PM",3.666,77,100,14,2025-09-09T02:10:51.000Z,,,,,,,,,
"9/8/2025, 10:13:51 PM",3.666,77,100,13,2025-09-09T02:13:51.000Z,,,,,,,,,
"9/8/2025, 10:16:51 PM",3.665,77,100,13,2025-09-09T02:16:51.000Z,,,,,,,,,
"9/8/2025, 10:19:51 PM",3.666,76.8,100,13,2025-09-09T02:19:51.000Z,,,,,,,,,
"9/8/2025, 10:22:51 PM",3.665,76.8,100,13,2025-09-09T02:22:51.000Z,,,,,,,,,
"9/8/2025, 10:25:51 PM",3.666,76.6,100,13,2025-09-09T02:25:51.000Z,,,,,,,,,
"9/8/2025, 10:28:51 PM",3.666,76.6,100,13,2025-09-09T02:28:51.000Z,,,,,,,,,
"9/8/2025, 10:31:51 PM",3.666,76.5,100,13,2025-09-09T02:31:51.000Z,,,,,,,,,
"9/8/2025, 10:34:51 PM",3.666,76.5,100,13,2025-09-09T02:34:51.000Z,,,,,,,,,
"9/8/2025, 10:37:51 PM",3.665,76.5,100,13,2025-09-09T02:37:51.000Z,,,,,,,,,
"9/8/2025, 10:40:51 PM",3.666,76.3,100,13,2025-09-09T02:40:51.000Z,,,,,,,,,
"9/8/2025, 10:43:51 PM",3.666,76.3,100,13,2025-09-09T02:43:51.000Z,,,,,,,,,
"9/8/2025, 10:46:51 PM",3.666,76.3,100,13,2025-09-09T02:46:51.000Z,,,,,,,,,
"9/8/2025, 10:49:51 PM",3.666,76.1,100,13,2025-09-09T02:49:51.000Z,,,,,,,,,
"9/8/2025, 10:52:51 PM",3.666,76.1,100,13,2025-09-09T02:52:51.000Z,,,,,,,,,
"9/8/2025, 10:55:51 PM",3.666,75.9,100,13,2025-09-09T02:55:51.000Z,,,,,,,,,
"9/8/2025, 10:58:51 PM",3.666,75.9,100,13,2025-09-09T02:58:51.000Z,,,,,,,,,
"9/8/2025, 11:01:51 PM",3.665,75.9,100,13,2025-09-09T03:01:51.000Z,,,,,,,,,
"9/8/2025, 11:04:51 PM",3.666,75.7,100,13,2025-09-09T03:04:51.000Z,,,,,,,,,
"9/8/2025, 11:07:51 PM",3.666,75.7,100,13,2025-09-09T03:07:51.000Z,,,,,,,,,
"9/8/2025, 11:10:51 PM",3.665,75.7,100,13,2025-09-09T03:10:51.000Z,,,,,,,,,
"9/8/2025, 11:13:51 PM",3.666,75.6,100,13,2025-09-09T03:13:51.000Z,,,,,,,,,
"9/8/2025, 11:16:51 PM",3.666,75.6,100,12,2025-09-09T03:16:51.000Z,,,,,,,,,
"9/8/2025, 11:19:51 PM",3.666,75.6,100,12,2025-09-09T03:19:51.000Z,,,,,,,,,
"9/8/2025, 11:22:51 PM",3.666,75.4,100,12,2025-09-09T03:22:51.000Z,,,,,,,,,
"9/8/2025, 11:25:51 PM",3.666,75.4,100,12,2025-09-09T03:25:51.000Z,,,,,,,,,
"9/8/2025, 11:28:51 PM",3.666,75.4,100,12,2025-09-09T03:28:51.000Z,,,,,,,,,
"9/8/2025, 11:31:51 PM",3.666,75.2,100,12,2025-09-09T03:31:51.000Z,,,,,,,,,
"9/8/2025, 11:34:51 PM",3.666,75.2,100,12,2025-09-09T03:34:51.000Z,,,,,,,,,
"9/8/2025, 11:37:51 PM",3.666,75,100,12,2025-09-09T03:37:51.000Z,,,,,,,,,
"9/8/2025, 11:40:51 PM",3.666,75,100,12,2025-09-09T03:40:51.000Z,,,,,,,,,
"9/8/2025, 11:43:51 PM",3.665,75,100,12,2025-09-09T03:43:51.000Z,,,,,,,,,
"9/8/2025, 11:46:51 PM",3.666,75,100,12,2025-09-09T03:46:51.000Z,,,,,,,,,
"9/8/2025, 11:49:51 PM",3.666,74.8,100,12,2025-09-09T03:49:51.000Z,,,,,,,,,
"9/8/2025, 11:52:51 PM",3.666,74.8,100,12,2025-09-09T03:52:51.000Z,,,,,,,,,
"9/8/2025, 11:55:51 PM",3.666,74.7,100,12,2025-09-09T03:55:51.000Z,,,,,,,,,
"9/8/2025, 11:58:51 PM",3.666,74.7,100,12,2025-09-09T03:58:51.000Z,,,,,,,,,
"9/9/2025, 12:01:51 AM",3.666,74.7,100,12,2025-09-09T04:01:51.000Z,,,,,,,,,
"9/9/2025, 12:04:51 AM",3.666,74.7,100,12,2025-09-09T04:04:51.000Z,,,,,,,,,
"9/9/2025, 12:07:51 AM",3.666,74.5,100,12,2025-09-09T04:07:51.000Z,,,,,,,,,
"9/9/2025, 12:10:51 AM",3.666,74.5,100,12,2025-09-09T04:10:51.000Z,,,,,,,,,
"9/9/2025, 12:13:51 AM",3.666,74.5,100,12,2025-09-09T04:13:51.000Z,,,,,,,,,
"9/9/2025, 12:16:51 AM",3.665,74.5,100,12,2025-09-09T04:16:51.000Z,,,,,,,,,
"9/9/2025, 12:19:51 AM",3.666,74.3,100,12,2025-09-09T04:19:51.000Z,,,,,,,,,
"9/9/2025, 12:22:51 AM",3.666,74.3,100,12,2025-09-09T04:22:51.000Z,,,,,,,,,
"9/9/2025, 12:25:51 AM",3.666,74.3,100,12,2025-09-09T04:25:51.000Z,,,,,,,,,
"9/9/2025, 12:28:51 AM",3.666,74.3,100,12,2025-09-09T04:28:51.000Z,,,,,,,,,
"9/9/2025, 12:31:51 AM",3.666,74.3,100,12,2025-09-09T04:31:51.000Z,,,,,,,,,
"9/9/2025, 12:34:51 AM",3.665,74.3,100,12,2025-09-09T04:34:51.000Z,,,,,,,,,
"9/9/2025, 12:37:51 AM",3.666,74.3,100,12,2025-09-09T04:37:51.000Z,,,,,,,,,
"9/9/2025, 12:40:51 AM",3.666,74.3,100,12,2025-09-09T04:40:51.000Z,,,,,,,,,
"9/9/2025, 12:43:51 AM",3.666,74.3,100,12,2025-09-09T04:43:51.000Z,,,,,,,,,
"9/9/2025, 12:46:51 AM",3.666,74.3,100,12,2025-09-09T04:46:51.000Z,,,,,,,,,
"9/9/2025, 12:49:51 AM",3.666,74.1,100,12,2025-09-09T04:49:51.000Z,,,,,,,,,
"9/9/2025, 12:52:51 AM",3.666,74.1,100,12,2025-09-09T04:52:51.000Z,,,,,,,,,
"9/9/2025, 12:55:51 AM",3.666,74.1,100,12,2025-09-09T04:55:51.000Z,,,,,,,,,
"9/9/2025, 12:58:51 AM",3.665,74.1,100,12,2025-09-09T04:58:51.000Z,,,,,,,,,
"9/9/2025, 1:01:51 AM",3.666,74.1,100,12,2025-09-09T05:01:51.000Z,,,,,,,,,
"9/9/2025, 1:04:51 AM",3.666,74.1,100,12,2025-09-09T05:04:51.000Z,,,,,,,,,
"9/9/2025, 1:07:51 AM",3.666,74.1,100,12,2025-09-09T05:07:51.000Z,,,,,,,,,
"9/9/2025, 1:10:51 AM",3.666,73.9,100,13,2025-09-09T05:10:51.000Z,,,,,,,,,
"9/9/2025, 1:13:51 AM",3.666,73.9,100,13,2025-09-09T05:13:51.000Z,,,,,,,,,
"9/9/2025, 1:16:51 AM",3.666,73.9,100,13,2025-09-09T05:16:51.000Z,,,,,,,,,
"9/9/2025, 1:19:51 AM",3.666,73.9,100,13,2025-09-09T05:19:51.000Z,,,,,,,,,
"9/9/2025, 1:22:51 AM",3.665,73.8,100,13,2025-09-09T05:22:51.000Z,,,,,,,,,
"9/9/2025, 1:25:51 AM",3.665,73.8,100,13,2025-09-09T05:25:51.000Z,,,,,,,,,
"9/9/2025, 1:28:51 AM",3.665,73.8,100,13,2025-09-09T05:28:51.000Z,,,,,,,,,
"9/9/2025, 1:31:51 AM",3.666,73.6,100,13,2025-09-09T05:31:51.000Z,,,,,,,,,
"9/9/2025, 1:34:51 AM",3.666,73.6,100,13,2025-09-09T05:34:51.000Z,,,,,,,,,
"9/9/2025, 1:37:51 AM",3.666,73.6,100,13,2025-09-09T05:37:51.000Z,,,,,,,,,
"9/9/2025, 1:40:51 AM",3.666,73.4,100,13,2025-09-09T05:40:51.000Z,,,,,,,,,
"9/9/2025, 1:43:51 AM",3.666,73.4,100,13,2025-09-09T05:43:51.000Z,,,,,,,,,
"9/9/2025, 1:46:51 AM",3.665,73.4,100,13,2025-09-09T05:46:51.000Z,,,,,,,,,
"9/9/2025, 1:49:51 AM",3.666,73.4,100,13,2025-09-09T05:49:51.000Z,,,,,,,,,
"9/9/2025, 1:52:51 AM",3.665,73.4,100,13,2025-09-09T05:52:51.000Z,,,,,,,,,
"9/9/2025, 1:55:51 AM",3.665,73.4,100,13,2025-09-09T05:55:51.000Z,,,,,,,,,
"9/9/2025, 1:58:51 AM",3.665,73.4,100,13,2025-09-09T05:58:51.000Z,,,,,,,,,
"9/9/2025, 2:01:51 AM",3.666,73.2,100,13,2025-09-09T06:01:51.000Z,,,,,,,,,
"9/9/2025, 2:04:51 AM",3.666,73.2,100,13,2025-09-09T06:04:51.000Z,,,,,,,,,
"9/9/2025, 2:07:51 AM",3.666,73.2,100,13,2025-09-09T06:07:51.000Z,,,,,,,,,
"9/9/2025, 2:10:51 AM",3.666,73.2,100,13,2025-09-09T06:10:51.000Z,,,,,,,,,
"9/9/2025, 2:13:51 AM",3.665,73.2,100,13,2025-09-09T06:13:51.000Z,,,,,,,,,
"9/9/2025, 2:16:51 AM",3.666,73.2,100,13,2025-09-09T06:16:51.000Z,,,,,,,,,
"9/9/2025, 2:19:51 AM",3.665,73.2,100,13,2025-09-09T06:19:51.000Z,,,,,,,,,
"9/9/2025, 2:22:51 AM",3.665,73.2,100,13,2025-09-09T06:22:51.000Z,,,,,,,,,
"9/9/2025, 2:25:51 AM",3.665,73.2,100,14,2025-09-09T06:25:51.000Z,,,,,,,,,
"9/9/2025, 2:28:51 AM",3.665,73.2,100,14,2025-09-09T06:28:51.000Z,,,,,,,,,
"9/9/2025, 2:31:51 AM",3.665,73.2,100,14,2025-09-09T06:31:51.000Z,,,,,,,,,
"9/9/2025, 2:34:51 AM",3.665,73.2,100,14,2025-09-09T06:34:51.000Z,,,,,,,,,
"9/9/2025, 2:37:51 AM",3.665,73,100,14,2025-09-09T06:37:51.000Z,,,,,,,,,
"9/9/2025, 2:40:51 AM",3.665,73,100,14,2025-09-09T06:40:51.000Z,,,,,,,,,
"9/9/2025, 2:43:51 AM",3.665,73,100,14,2025-09-09T06:43:51.000Z,,,,,,,,,
"9/9/2025, 2:46:51 AM",3.665,73,100,14,2025-09-09T06:46:51.000Z,,,,,,,,,
"9/9/2025, 2:49:51 AM",3.666,73,100,14,2025-09-09T06:49:51.000Z,,,,,,,,,
"9/9/2025, 2:52:51 AM",3.666,73,100,14,2025-09-09T06:52:51.000Z,,,,,,,,,
"9/9/2025, 2:55:51 AM",3.665,72.9,100,14,2025-09-09T06:55:51.000Z,,,,,,,,,
"9/9/2025, 2:58:51 AM",3.665,72.9,100,14,2025-09-09T06:58:51.000Z,,,,,,,,,
"9/9/2025, 3:01:51 AM",3.665,72.9,100,14,2025-09-09T07:01:51.000Z,,,,,,,,,
"9/9/2025, 3:04:51 AM",3.666,72.9,100,14,2025-09-09T07:04:51.000Z,,,,,,,,,
"9/9/2025, 3:07:51 AM",3.665,72.9,100,14,2025-09-09T07:07:51.000Z,,,,,,,,,
"9/9/2025, 3:10:51 AM",3.666,72.9,100,14,2025-09-09T07:10:51.000Z,,,,,,,,,
"9/9/2025, 3:13:51 AM",3.665,72.9,100,14,2025-09-09T07:13:51.000Z,,,,,,,,,
"9/9/2025, 3:16:51 AM",3.665,72.9,100,14,2025-09-09T07:16:51.000Z,,,,,,,,,
"9/9/2025, 3:19:51 AM",3.665,72.9,100,14,2025-09-09T07:19:51.000Z,,,,,,,,,
"9/9/2025, 3:22:51 AM",3.665,72.9,100,14,2025-09-09T07:22:51.000Z,,,,,,,,,
"9/9/2025, 3:25:51 AM",3.665,72.9,100,14,2025-09-09T07:25:51.000Z,,,,,,,,,
"9/9/2025, 3:28:51 AM",3.665,72.9,100,14,2025-09-09T07:28:51.000Z,,,,,,,,,
"9/9/2025, 3:31:51 AM",3.665,72.9,100,14,2025-09-09T07:31:51.000Z,,,,,,,,,
"9/9/2025, 3:34:51 AM",3.666,72.9,100,14,2025-09-09T07:34:51.000Z,,,,,,,,,
"9/9/2025, 3:37:51 AM",3.665,72.9,100,14,2025-09-09T07:37:51.000Z,,,,,,,,,
"9/9/2025, 3:40:51 AM",3.665,72.9,100,14,2025-09-09T07:40:51.000Z,,,,,,,,,
"9/9/2025, 3:43:51 AM",3.665,72.9,100,14,2025-09-09T07:43:51.000Z,,,,,,,,,
"9/9/2025, 3:46:51 AM",3.665,72.9,100,14,2025-09-09T07:46:51.000Z,,,,,,,,,
"9/9/2025, 3:49:51 AM",3.665,72.9,100,14,2025-09-09T07:49:51.000Z,,,,,,,,,
"9/9/2025, 3:52:51 AM",3.665,72.9,100,14,2025-09-09T07:52:51.000Z,,,,,,,,,
"9/9/2025, 3:55:51 AM",3.665,72.9,100,14,2025-09-09T07:55:51.000Z,,,,,,,,,
"9/9/2025, 3:58:51 AM",3.665,72.9,100,14,2025-09-09T07:58:51.000Z,,,,,,,,,
"9/9/2025, 4:01:51 AM",3.665,72.9,100,14,2025-09-09T08:01:51.000Z,,,,,,,,,
"9/9/2025, 4:04:51 AM",3.665,72.7,100,14,2025-09-09T08:04:51.000Z,,,,,,,,,
"9/9/2025, 4:07:51 AM",3.665,72.7,100,14,2025-09-09T08:07:51.000Z,,,,,,,,,
"9/9/2025, 4:10:51 AM",3.665,72.7,100,14,2025-09-09T08:10:51.000Z,,,,,,,,,
"9/9/2025, 4:13:51 AM",3.665,72.7,100,14,2025-09-09T08:13:51.000Z,,,,,,,,,
"9/9/2025, 4:16:51 AM",3.665,72.7,100,14,2025-09-09T08:16:51.000Z,,,,,,,,,
"9/9/2025, 4:19:51 AM",3.665,72.7,100,14,2025-09-09T08:19:51.000Z,,,,,,,,,
"9/9/2025, 4:22:51 AM",3.665,72.7,100,14,2025-09-09T08:22:51.000Z,,,,,,,,,
"9/9/2025, 4:25:51 AM",3.665,72.7,100,14,2025-09-09T08:25:51.000Z,,,,,,,,,
"9/9/2025, 4:28:51 AM",3.665,72.7,100,14,2025-09-09T08:28:51.000Z,,,,,,,,,
"9/9/2025, 4:31:51 AM",3.665,72.7,100,14,2025-09-09T08:31:51.000Z,,,,,,,,,
"9/9/2025, 4:34:51 AM",3.665,72.7,100,13,2025-09-09T08:34:51.000Z,,,,,,,,,
"9/9/2025, 4:37:51 AM",3.665,72.5,100,13,2025-09-09T08:37:51.000Z,,,,,,,,,
"9/9/2025, 4:40:51 AM",3.665,72.5,100,13,2025-09-09T08:40:51.000Z,,,,,,,,,
"9/9/2025, 4:43:51 AM",3.665,72.5,100,13,2025-09-09T08:43:51.000Z,,,,,,,,,
"9/9/2025, 4:46:51 AM",3.665,72.5,100,13,2025-09-09T08:46:51.000Z,,,,,,,,,
"9/9/2025, 4:49:51 AM",3.665,72.5,100,13,2025-09-09T08:49:51.000Z,,,,,,,,,
"9/9/2025, 4:52:51 AM",3.665,72.3,100,13,2025-09-09T08:52:51.000Z,,,,,,,,,
"9/9/2025, 4:55:51 AM",3.665,72.3,100,13,2025-09-09T08:55:51.000Z,,,,,,,,,
"9/9/2025, 4:58:51 AM",3.665,72.3,100,13,2025-09-09T08:58:51.000Z,,,,,,,,,
"9/9/2025, 5:01:51 AM",3.665,72.3,100,13,2025-09-09T09:01:51.000Z,,,,,,,,,
"9/9/2025, 5:04:51 AM",3.665,72.3,100,13,2025-09-09T09:04:51.000Z,,,,,,,,,
"9/9/2025, 5:07:51 AM",3.665,72.3,100,13,2025-09-09T09:07:51.000Z,,,,,,,,,
"9/9/2025, 5:10:51 AM",3.665,72.1,100,13,2025-09-09T09:10:51.000Z,,,,,,,,,
"9/9/2025, 5:13:51 AM",3.665,72.1,100,13,2025-09-09T09:13:51.000Z,,,,,,,,,
"9/9/2025, 5:16:51 AM",3.665,72.1,100,13,2025-09-09T09:16:51.000Z,,,,,,,,,
"9/9/2025, 5:19:51 AM",3.665,72.1,100,13,2025-09-09T09:19:51.000Z,,,,,,,,,
"9/9/2025, 5:22:51 AM",3.665,72.1,100,13,2025-09-09T09:22:51.000Z,,,,,,,,,
"9/9/2025, 5:25:51 AM",3.665,72.1,100,13,2025-09-09T09:25:51.000Z,,,,,,,,,
"9/9/2025, 5:28:51 AM",3.665,72.1,100,13,2025-09-09T09:28:51.000Z,,,,,,,,,
"9/9/2025, 5:31:51 AM",3.665,72.1,100,13,2025-09-09T09:31:51.000Z,,,,,,,,,
"9/9/2025, 5:34:51 AM",3.665,72.1,100,12,2025-09-09T09:34:51.000Z,,,,,,,,,
"9/9/2025, 5:37:51 AM",3.665,72.1,100,12,2025-09-09T09:37:51.000Z,,,,,,,,,
"9/9/2025, 5:40:51 AM",3.665,72.1,100,12,2025-09-09T09:40:51.000Z,,,,,,,,,
"9/9/2025, 5:43:51 AM",3.665,72,100,12,2025-09-09T09:43:51.000Z,,,,,,,,,
"9/9/2025, 5:46:51 AM",3.665,72,100,12,2025-09-09T09:46:51.000Z,,,,,,,,,
"9/9/2025, 5:49:51 AM",3.665,72,100,12,2025-09-09T09:49:51.000Z,,,,,,,,,
"9/9/2025, 5:52:51 AM",3.665,72,100,12,2025-09-09T09:52:51.000Z,,,,,,,,,
"9/9/2025, 5:55:51 AM",3.665,72,100,12,2025-09-09T09:55:51.000Z,,,,,,,,,
"9/9/2025, 5:58:51 AM",3.665,72,100,12,2025-09-09T09:58:51.000Z,,,,,,,,,
"9/9/2025, 6:01:51 AM",3.665,71.8,100,12,2025-09-09T10:01:51.000Z,,,,,,,,,
"9/9/2025, 6:04:51 AM",3.665,71.8,100,12,2025-09-09T10:04:51.000Z,,,,,,,,,
"9/9/2025, 6:07:51 AM",3.665,71.8,100,12,2025-09-09T10:07:51.000Z,,,,,,,,,
"9/9/2025, 6:10:51 AM",3.665,71.8,100,12,2025-09-09T10:10:51.000Z,,,,,,,,,
"9/9/2025, 6:13:51 AM",3.665,71.8,100,12,2025-09-09T10:13:51.000Z,,,,,,,,,
"9/9/2025, 6:16:51 AM",3.665,71.8,100,12,2025-09-09T10:16:51.000Z,,,,,,,,,
"9/9/2025, 6:19:51 AM",3.665,71.6,100,11,2025-09-09T10:19:51.000Z,,,,,,,,,
"9/9/2025, 6:22:51 AM",3.665,71.6,100,11,2025-09-09T10:22:51.000Z,,,,,,,,,
"9/9/2025, 6:25:51 AM",3.665,71.6,100,11,2025-09-09T10:25:51.000Z,,,,,,,,,
"9/9/2025, 6:28:51 AM",3.665,71.6,100,11,2025-09-09T10:28:51.000Z,,,,,,,,,
"9/9/2025, 6:31:51 AM",3.665,71.6,100,11,2025-09-09T10:31:51.000Z,,,,,,,,,
"9/9/2025, 6:34:51 AM",3.665,71.4,100,11,2025-09-09T10:34:51.000Z,,,,,,,,,
"9/9/2025, 6:37:51 AM",3.665,71.4,100,11,2025-09-09T10:37:51.000Z,,,,,,,,,
"9/9/2025, 6:40:51 AM",3.665,71.4,100,11,2025-09-09T10:40:51.000Z,,,,,,,,,
"9/9/2025, 6:43:51 AM",3.665,71.4,100,11,2025-09-09T10:43:51.000Z,,,,,,,,,
"9/9/2025, 6:46:51 AM",3.665,71.2,100,11,2025-09-09T10:46:51.000Z,,,,,,,,,
"9/9/2025, 6:49:51 AM",3.665,71.2,100,11,2025-09-09T10:49:51.000Z,,,,,,,,,
"9/9/2025, 6:52:51 AM",3.665,71.2,100,11,2025-09-09T10:52:51.000Z,,,,,,,,,
"9/9/2025, 6:55:51 AM",3.665,71.2,100,11,2025-09-09T10:55:51.000Z,,,,,,,,,
"9/9/2025, 6:58:51 AM",3.665,71.2,100,11,2025-09-09T10:58:51.000Z,,,,,,,,,
"9/9/2025, 7:01:51 AM",3.665,71.1,100,11,2025-09-09T11:01:51.000Z,,,,,,,,,
"9/9/2025, 7:04:51 AM",3.665,71.1,100,11,2025-09-09T11:04:51.000Z,,,,,,,,,
"9/9/2025, 7:07:51 AM",3.665,71.1,100,11,2025-09-09T11:07:51.000Z,,,,,,,,,
"9/9/2025, 7:10:51 AM",3.664,71.1,100,11,2025-09-09T11:10:51.000Z,,,,,,,,,
"9/9/2025, 7:13:51 AM",3.665,71.1,100,11,2025-09-09T11:13:51.000Z,,,,,,,,,
"9/9/2025, 7:16:51 AM",3.665,71.1,100,11,2025-09-09T11:16:51.000Z,,,,,,,,,
"9/9/2025, 7:19:51 AM",3.665,71.1,100,11,2025-09-09T11:19:51.000Z,,,,,,,,,
"9/9/2025, 7:22:51 AM",3.664,71.1,100,11,2025-09-09T11:22:51.000Z,,,,,,,,,
"9/9/2025, 7:25:51 AM",3.664,71.1,100,11,2025-09-09T11:25:51.000Z,,,,,,,,,
"9/9/2025, 7:28:51 AM",3.664,71.1,100,11,2025-09-09T11:28:51.000Z,,,,,,,,,
"9/9/2025, 7:31:51 AM",3.664,71.1,100,11,2025-09-09T11:31:51.000Z,,,,,,,,,
"9/9/2025, 7:34:51 AM",3.665,71.1,100,11,2025-09-09T11:34:51.000Z,,,,,,,,,
"9/9/2025, 7:37:51 AM",3.665,71.1,100,11,2025-09-09T11:37:51.000Z,,,,,,,,,
"9/9/2025, 7:40:51 AM",3.665,71.1,100,11,2025-09-09T11:40:51.000Z,,,,,,,,,
"9/9/2025, 7:43:51 AM",3.665,71.1,100,11,2025-09-09T11:43:51.000Z,,,,,,,,,
"9/9/2025, 7:46:51 AM",3.665,71.1,100,11,2025-09-09T11:46:51.000Z,,,,,,,,,
"9/9/2025, 7:49:51 AM",3.665,71.2,100,11,2025-09-09T11:49:51.000Z,,,,,,,,,
"9/9/2025, 7:52:51 AM",3.665,71.2,100,11,2025-09-09T11:52:51.000Z,,,,,,,,,
"9/9/2025, 7:55:51 AM",3.665,71.2,100,11,2025-09-09T11:55:51.000Z,,,,,,,,,
"9/9/2025, 7:58:51 AM",3.664,71.4,100,11,2025-09-09T11:58:51.000Z,,,,,,,,,
"9/9/2025, 8:01:51 AM",3.665,71.4,100,11,2025-09-09T12:01:51.000Z,,,,,,,,,
"9/9/2025, 8:04:51 AM",3.664,71.6,100,11,2025-09-09T12:04:51.000Z,,,,,,,,,
"9/9/2025, 8:07:51 AM",3.665,71.6,100,11,2025-09-09T12:07:51.000Z,,,,,,,,,
"9/9/2025, 8:10:51 AM",3.665,71.8,100,11,2025-09-09T12:10:51.000Z,,,,,,,,,
"9/9/2025, 8:13:51 AM",3.665,71.8,100,11,2025-09-09T12:13:51.000Z,,,,,,,,,
"9/9/2025, 8:16:51 AM",3.665,72,100,11,2025-09-09T12:16:51.000Z,,,,,,,,,
"9/9/2025, 8:19:51 AM",3.665,72.1,100,11,2025-09-09T12:19:51.000Z,,,,,,,,,
"9/9/2025, 8:22:51 AM",3.664,72.1,100,11,2025-09-09T12:22:51.000Z,,,,,,,,,
"9/9/2025, 8:25:51 AM",3.664,72.3,100,11,2025-09-09T12:25:51.000Z,,,,,,,,,
"9/9/2025, 8:28:51 AM",3.665,72.5,100,12,2025-09-09T12:28:51.000Z,,,,,,,,,
"9/9/2025, 8:31:51 AM",3.664,72.7,100,12,2025-09-09T12:31:51.000Z,,,,,,,,,
"9/9/2025, 8:34:51 AM",3.664,72.7,100,12,2025-09-09T12:34:51.000Z,,,,,,,,,
"9/9/2025, 8:37:51 AM",3.665,72.9,100,12,2025-09-09T12:37:51.000Z,,,,,,,,,
"9/9/2025, 8:40:51 AM",3.664,73,100,12,2025-09-09T12:40:51.000Z,,,,,,,,,
"9/9/2025, 8:43:51 AM",3.664,73.2,100,12,2025-09-09T12:43:51.000Z,,,,,,,,,
"9/9/2025, 8:46:51 AM",3.664,73.2,100,12,2025-09-09T12:46:51.000Z,,,,,,,,,
"9/9/2025, 8:49:51 AM",3.664,73.4,100,12,2025-09-09T12:49:51.000Z,,,,,,,,,
"9/9/2025, 8:52:51 AM",3.665,73.6,100,13,2025-09-09T12:52:51.000Z,,,,,,,,,
"9/9/2025, 8:55:51 AM",3.664,73.8,100,13,2025-09-09T12:55:51.000Z,,,,,,,,,
"9/9/2025, 8:58:51 AM",3.665,73.9,100,13,2025-09-09T12:58:51.000Z,,,,,,,,,
"9/9/2025, 9:01:51 AM",3.664,74.1,100,13,2025-09-09T13:01:51.000Z,,,,,,,,,
"9/9/2025, 9:04:51 AM",3.664,74.3,100,13,2025-09-09T13:04:51.000Z,,,,,,,,,
"9/9/2025, 9:07:51 AM",3.664,74.5,100,13,2025-09-09T13:07:51.000Z,,,,,,,,,
"9/9/2025, 9:10:51 AM",3.664,74.8,100,14,2025-09-09T13:10:51.000Z,,,,,,,,,
"9/9/2025, 9:13:51 AM",3.664,75,100,14,2025-09-09T13:13:51.000Z,,,,,,,,,
"9/9/2025, 9:16:51 AM",3.664,75.2,100,14,2025-09-09T13:16:51.000Z,,,,,,,,,
"9/9/2025, 9:19:51 AM",3.664,75.6,100,14,2025-09-09T13:19:51.000Z,,,,,,,,,
"9/9/2025, 9:22:51 AM",3.664,75.7,100,14,2025-09-09T13:22:51.000Z,,,,,,,,,
"9/9/2025, 9:25:51 AM",3.664,75.9,100,15,2025-09-09T13:25:51.000Z,,,,,,,,,
"9/9/2025, 9:28:51 AM",3.664,76.3,100,15,2025-09-09T13:28:51.000Z,,,,,,,,,
"9/9/2025, 9:31:51 AM",3.664,76.5,100,15,2025-09-09T13:31:51.000Z,,,,,,,,,
"9/9/2025, 9:34:51 AM",3.664,76.8,100,16,2025-09-09T13:34:51.000Z,,,,,,,,,
"9/9/2025, 9:37:51 AM",3.664,77,100,16,2025-09-09T13:37:51.000Z,,,,,,,,,
"9/9/2025, 9:40:51 AM",3.664,77.4,100,16,2025-09-09T13:40:51.000Z,,,,,,,,,
"9/9/2025, 9:43:51 AM",3.664,77.5,100,16,2025-09-09T13:43:51.000Z,,,,,,,,,
"9/9/2025, 9:46:51 AM",3.664,77.9,100,17,2025-09-09T13:46:51.000Z,,,,,,,,,
"9/9/2025, 9:49:51 AM",3.664,78.3,100,17,2025-09-09T13:49:51.000Z,,,,,,,,,
"9/9/2025, 9:52:51 AM",3.663,78.6,100,18,2025-09-09T13:52:51.000Z,,,,,,,,,
"9/9/2025, 9:55:51 AM",3.663,79,100,18,2025-09-09T13:55:51.000Z,,,,,,,,,
"9/9/2025, 9:58:51 AM",3.664,79.2,100,18,2025-09-09T13:58:51.000Z,,,,,,,,,
"9/9/2025, 10:01:51 AM",3.664,79.5,100,19,2025-09-09T14:01:51.000Z,,,,,,,,,
"9/9/2025, 10:04:51 AM",3.663,79.9,100,19,2025-09-09T14:04:51.000Z,,,,,,,,,
"9/9/2025, 10:07:51 AM",3.664,80.1,100,19,2025-09-09T14:07:51.000Z,,,,,,,,,
"9/9/2025, 10:10:51 AM",3.663,80.4,100,20,2025-09-09T14:10:51.000Z,,,,,,,,,
"9/9/2025, 10:13:51 AM",3.663,80.8,100,20,2025-09-09T14:13:51.000Z,,,,,,,,,
"9/9/2025, 10:16:51 AM",3.664,81.3,100,20,2025-09-09T14:16:51.000Z,,,,,,,,,
"9/9/2025, 10:19:51 AM",3.664,81.7,100,21,2025-09-09T14:19:51.000Z,,,,,,,,,
"9/9/2025, 10:22:51 AM",3.664,82,100,21,2025-09-09T14:22:51.000Z,,,,,,,,,
"9/9/2025, 10:25:51 AM",3.664,82.4,100,23,2025-09-09T14:25:51.000Z,,,,,,,,,
"9/9/2025, 10:28:51 AM",3.663,82.9,100,23,2025-09-09T14:28:51.000Z,,,,,,,,,
"9/9/2025, 10:31:51 AM",3.663,83.3,100,23,2025-09-09T14:31:51.000Z,,,,,,,,,
"9/9/2025, 10:34:51 AM",3.663,83.7,100,24,2025-09-09T14:34:51.000Z,,,,,,,,,
"9/9/2025, 10:37:51 AM",3.663,84,100,25,2025-09-09T14:37:51.000Z,,,,,,,,,
"9/9/2025, 10:40:51 AM",3.663,84.4,100,25,2025-09-09T14:40:51.000Z,,,,,,,,,
"9/9/2025, 10:43:51 AM",3.663,84.6,100,25,2025-09-09T14:43:51.000Z,,,,,,,,,
"9/9/2025, 10:46:51 AM",3.663,84.9,100,26,2025-09-09T14:46:51.000Z,,,,,,,,,
"9/9/2025, 10:49:51 AM",3.663,85.1,100,26,2025-09-09T14:49:51.000Z,,,,,,,,,
"9/9/2025, 10:52:51 AM",3.662,85.5,100,26,2025-09-09T14:52:51.000Z,,,,,,,,,
"9/9/2025, 10:55:51 AM",3.663,85.6,100,27,2025-09-09T14:55:51.000Z,,,,,,,,,
"9/9/2025, 10:58:51 AM",3.663,85.8,100,27,2025-09-09T14:58:51.000Z,,,,,,,,,
"9/9/2025, 11:01:51 AM",3.663,86.2,100,27,2025-09-09T15:01:51.000Z,,,,,,,,,
"9/9/2025, 11:04:51 AM",3.663,86.4,100,28,2025-09-09T15:04:51.000Z,,,,,,,,,
"9/9/2025, 11:07:51 AM",3.663,86.5,100,28,2025-09-09T15:07:51.000Z,,,,,,,,,
"9/9/2025, 11:10:51 AM",3.662,86.9,100,28,2025-09-09T15:10:51.000Z,,,,,,,,,
"9/9/2025, 11:13:51 AM",3.662,87.1,100,29,2025-09-09T15:13:51.000Z,,,,,,,,,
"9/9/2025, 11:16:51 AM",3.663,87.3,100,29,2025-09-09T15:16:51.000Z,,,,,,,,,
"9/9/2025, 11:19:51 AM",3.663,87.4,100,29,2025-09-09T15:19:51.000Z,,,,,,,,,
"9/9/2025, 11:22:51 AM",3.663,87.6,100,29,2025-09-09T15:22:51.000Z,,,,,,,,,
"9/9/2025, 11:25:51 AM",3.662,87.8,100,29,2025-09-09T15:25:51.000Z,,,,,,,,,
"9/9/2025, 11:28:51 AM",3.663,88,100,30,2025-09-09T15:28:51.000Z,,,,,,,,,
"9/9/2025, 11:31:51 AM",3.662,88.2,100,30,2025-09-09T15:31:51.000Z,,,,,,,,,
"9/9/2025, 11:34:51 AM",3.662,88.3,100,30,2025-09-09T15:34:51.000Z,,,,,,,,,
"9/9/2025, 11:37:51 AM",3.663,88.5,100,30,2025-09-09T15:37:51.000Z,,,,,,,,,
"9/9/2025, 11:40:51 AM",3.663,88.5,100,31,2025-09-09T15:40:51.000Z,,,,,,,,,
"9/9/2025, 11:43:51 AM",3.663,88.7,100,31,2025-09-09T15:43:51.000Z,,,,,,,,,
"9/9/2025, 11:46:51 AM",3.662,88.9,100,31,2025-09-09T15:46:51.000Z,,,,,,,,,
"9/9/2025, 11:49:51 AM",3.662,88.9,100,31,2025-09-09T15:49:51.000Z,,,,,,,,,
"9/9/2025, 11:52:51 AM",3.662,88.9,100,32,2025-09-09T15:52:51.000Z,,,,,,,,,
"9/9/2025, 11:55:51 AM",3.663,89.1,100,31,2025-09-09T15:55:51.000Z,,,,,,,,,
"9/9/2025, 11:58:51 AM",3.662,89.2,100,31,2025-09-09T15:58:51.000Z,,,,,,,,,
"9/9/2025, 12:01:51 PM",3.663,89.2,100,31,2025-09-09T16:01:51.000Z,,,,,,,,,
"9/9/2025, 12:04:51 PM",3.662,89.2,100,31,2025-09-09T16:04:51.000Z,,,,,,,,,
"9/9/2025, 12:07:51 PM",3.662,89.4,100,31,2025-09-09T16:07:51.000Z,,,,,,,,,
"9/9/2025, 12:10:51 PM",3.662,89.4,100,31,2025-09-09T16:10:51.000Z,,,,,,,,,
"9/9/2025, 12:13:51 PM",3.662,89.6,100,32,2025-09-09T16:13:51.000Z,,,,,,,,,
"9/9/2025, 12:16:51 PM",3.663,89.6,100,32,2025-09-09T16:16:51.000Z,,,,,,,,,
"9/9/2025, 12:19:51 PM",3.663,89.8,100,32,2025-09-09T16:19:51.000Z,,,,,,,,,
"9/9/2025, 12:22:51 PM",3.662,89.8,100,32,2025-09-09T16:22:51.000Z,,,,,,,,,
"9/9/2025, 12:25:51 PM",3.663,89.8,100,32,2025-09-09T16:25:51.000Z,,,,,,,,,
"9/9/2025, 12:28:51 PM",3.662,89.8,100,31,2025-09-09T16:28:51.000Z,,,,,,,,,
"9/9/2025, 12:31:51 PM",3.662,89.8,100,31,2025-09-09T16:31:51.000Z,,,,,,,,,
"9/9/2025, 12:34:51 PM",3.663,89.8,100,31,2025-09-09T16:34:51.000Z,,,,,,,,,
"9/9/2025, 12:37:51 PM",3.662,89.8,100,31,2025-09-09T16:37:51.000Z,,,,,,,,,
"9/9/2025, 12:40:51 PM",3.662,89.8,100,32,2025-09-09T16:40:51.000Z,,,,,,,,,
"9/9/2025, 12:43:51 PM",3.663,89.8,100,32,2025-09-09T16:43:51.000Z,,,,,,,,,
"9/9/2025, 12:46:51 PM",3.662,90,100,32,2025-09-09T16:46:51.000Z,,,,,,,,,
"9/9/2025, 12:49:51 PM",3.663,90,100,33,2025-09-09T16:49:51.000Z,,,,,,,,,
"9/9/2025, 12:52:51 PM",3.663,90.1,100,33,2025-09-09T16:52:51.000Z,,,,,,,,,
"9/9/2025, 12:55:51 PM",3.663,90.3,100,34,2025-09-09T16:55:51.000Z,,,,,,,,,
"9/9/2025, 12:58:51 PM",3.662,90.3,100,34,2025-09-09T16:58:51.000Z,,,,,,,,,
"9/9/2025, 1:01:51 PM",3.662,90.5,100,34,2025-09-09T17:01:51.000Z,,,,,,,,,
"9/9/2025, 1:04:51 PM",3.663,90.7,100,34,2025-09-09T17:04:51.000Z,,,,,,,,,
"9/9/2025, 1:07:51 PM",3.662,90.7,100,34,2025-09-09T17:07:51.000Z,,,,,,,,,
"9/9/2025, 1:10:51 PM",3.662,90.9,100,34,2025-09-09T17:10:51.000Z,,,,,,,,,
"9/9/2025, 1:13:51 PM",3.662,91,100,35,2025-09-09T17:13:51.000Z,,,,,,,,,
"9/9/2025, 1:16:51 PM",3.663,91.2,100,35,2025-09-09T17:16:51.000Z,,,,,,,,,
"9/9/2025, 1:19:51 PM",3.662,91.4,100,35,2025-09-09T17:19:51.000Z,,,,,,,,,
"9/9/2025, 1:22:51 PM",3.662,91.6,100,36,2025-09-09T17:22:51.000Z,,,,,,,,,
"9/9/2025, 1:25:51 PM",3.662,91.8,100,36,2025-09-09T17:25:51.000Z,,,,,,,,,
"9/9/2025, 1:28:51 PM",3.662,91.9,100,36,2025-09-09T17:28:51.000Z,,,,,,,,,
"9/9/2025, 1:31:51 PM",3.662,92.1,100,36,2025-09-09T17:31:51.000Z,,,,,,,,,
"9/9/2025, 1:34:51 PM",3.662,92.3,100,36,2025-09-09T17:34:51.000Z,,,,,,,,,
"9/9/2025, 1:37:51 PM",3.662,92.3,100,36,2025-09-09T17:37:51.000Z,,,,,,,,,
"9/9/2025, 1:40:51 PM",3.662,92.5,100,35,2025-09-09T17:40:51.000Z,,,,,,,,,
"9/9/2025, 1:43:51 PM",3.662,92.5,100,36,2025-09-09T17:43:51.000Z,,,,,,,,,
"9/9/2025, 1:46:51 PM",3.662,92.7,100,36,2025-09-09T17:46:51.000Z,,,,,,,,,
"9/9/2025, 1:49:51 PM",3.662,92.8,100,36,2025-09-09T17:49:51.000Z,,,,,,,,,
"9/9/2025, 1:52:51 PM",3.662,93,100,36,2025-09-09T17:52:51.000Z,,,,,,,,,
"9/9/2025, 1:55:51 PM",3.662,93.2,100,36,2025-09-09T17:55:51.000Z,,,,,,,,,
"9/9/2025, 1:58:51 PM",3.662,93.2,100,36,2025-09-09T17:58:51.000Z,,,,,,,,,
"9/9/2025, 2:01:51 PM",3.661,93.4,100,36,2025-09-09T18:01:51.000Z,,,,,,,,,
"9/9/2025, 2:04:51 PM",3.661,93.6,100,36,2025-09-09T18:04:51.000Z,,,,,,,,,
"9/9/2025, 2:07:51 PM",3.662,93.7,100,36,2025-09-09T18:07:51.000Z,,,,,,,,,
"9/9/2025, 2:10:51 PM",3.662,93.9,100,36,2025-09-09T18:10:51.000Z,,,,,,,,,
"9/9/2025, 2:13:51 PM",3.662,93.9,100,36,2025-09-09T18:13:51.000Z,,,,,,,,,
"9/9/2025, 2:16:51 PM",3.661,94.1,100,38,2025-09-09T18:16:51.000Z,,,,,,,,,
"9/9/2025, 2:19:51 PM",3.661,94.1,100,38,2025-09-09T18:19:51.000Z,,,,,,,,,
"9/9/2025, 2:22:51 PM",3.662,94.3,100,38,2025-09-09T18:22:51.000Z,,,,,,,,,
"9/9/2025, 2:25:51 PM",3.662,94.5,100,38,2025-09-09T18:25:51.000Z,,,,,,,,,
"9/9/2025, 2:28:51 PM",3.662,94.5,100,38,2025-09-09T18:28:51.000Z,,,,,,,,,
"9/9/2025, 2:31:51 PM",3.662,94.6,100,38,2025-09-09T18:31:51.000Z,,,,,,,,,
"9/9/2025, 2:34:51 PM",3.661,94.6,100,38,2025-09-09T18:34:51.000Z,,,,,,,,,
"9/9/2025, 2:37:51 PM",3.662,94.8,100,38,2025-09-09T18:37:51.000Z,,,,,,,,,
"9/9/2025, 2:40:51 PM",3.661,95,100,38,2025-09-09T18:40:51.000Z,,,,,,,,,
"9/9/2025, 2:43:51 PM",3.661,95,100,37,2025-09-09T18:43:51.000Z,,,,,,,,,
"9/9/2025, 2:46:51 PM",3.661,95,100,37,2025-09-09T18:46:51.000Z,,,,,,,,,
"9/9/2025, 2:49:51 PM",3.661,95.2,100,37,2025-09-09T18:49:51.000Z,,,,,,,,,
"9/9/2025, 2:52:51 PM",3.662,95.2,100,37,2025-09-09T18:52:51.000Z,,,,,,,,,
"9/9/2025, 2:55:51 PM",3.662,95.2,100,37,2025-09-09T18:55:51.000Z,,,,,,,,,
"9/9/2025, 2:58:51 PM",3.662,95.2,100,38,2025-09-09T18:58:51.000Z,,,,,,,,,
"9/9/2025, 3:01:51 PM",3.662,95.4,100,39,2025-09-09T19:01:51.000Z,,,,,,,,,
"9/9/2025, 3:04:51 PM",3.662,95.4,100,39,2025-09-09T19:04:51.000Z,,,,,,,,,
"9/9/2025, 3:07:51 PM",3.661,95.5,100,38,2025-09-09T19:07:51.000Z,,,,,,,,,
"9/9/2025, 3:10:51 PM",3.661,95.5,100,37,2025-09-09T19:10:51.000Z,,,,,,,,,
"9/9/2025, 3:13:51 PM",3.661,95.5,100,37,2025-09-09T19:13:51.000Z,,,,,,,,,
"9/9/2025, 3:16:51 PM",3.661,95.5,100,37,2025-09-09T19:16:51.000Z,,,,,,,,,
"9/9/2025, 3:19:51 PM",3.661,95.5,100,37,2025-09-09T19:19:51.000Z,,,,,,,,,
"9/9/2025, 3:22:51 PM",3.661,95.7,100,38,2025-09-09T19:22:51.000Z,,,,,,,,,
"9/9/2025, 3:25:51 PM",3.661,95.7,100,38,2025-09-09T19:25:51.000Z,,,,,,,,,
"9/9/2025, 3:28:51 PM",3.662,95.7,100,38,2025-09-09T19:28:51.000Z,,,,,,,,,
"9/9/2025, 3:31:51 PM",3.661,95.9,100,39,2025-09-09T19:31:51.000Z,,,,,,,,,
"9/9/2025, 3:34:51 PM",3.662,95.9,100,38,2025-09-09T19:34:51.000Z,,,,,,,,,
"9/9/2025, 3:37:51 PM",3.661,96.1,100,38,2025-09-09T19:37:51.000Z,,,,,,,,,
"9/9/2025, 3:40:51 PM",3.662,96.1,100,35,2025-09-09T19:40:51.000Z,,,,,,,,,
"9/9/2025, 3:43:51 PM",3.662,96.1,100,35,2025-09-09T19:43:51.000Z,,,,,,,,,
"9/9/2025, 3:46:51 PM",3.661,96.1,100,34,2025-09-09T19:46:51.000Z,,,,,,,,,
"9/9/2025, 3:49:51 PM",3.662,96.1,100,37,2025-09-09T19:49:51.000Z,,,,,,,,,
"9/9/2025, 3:52:51 PM",3.661,96.1,100,34,2025-09-09T19:52:51.000Z,,,,,,,,,
"9/9/2025, 3:55:51 PM",3.661,96.3,100,34,2025-09-09T19:55:51.000Z,,,,,,,,,
"9/9/2025, 3:58:51 PM",3.661,96.3,100,31,2025-09-09T19:58:51.000Z,,,,,,,,,
"9/9/2025, 4:01:51 PM",3.662,96.3,100,30,2025-09-09T20:01:51.000Z,,,,,,,,,
"9/9/2025, 4:04:51 PM",3.662,96.3,100,31,2025-09-09T20:04:51.000Z,,,,,,,,,
"9/9/2025, 4:07:51 PM",3.662,96.3,100,32,2025-09-09T20:07:51.000Z,,,,,,,,,
"9/9/2025, 4:10:51 PM",3.662,96.3,100,33,2025-09-09T20:10:51.000Z,,,,,,,,,
"9/9/2025, 4:13:51 PM",3.661,96.3,100,33,2025-09-09T20:13:51.000Z,,,,,,,,,
"9/9/2025, 4:16:51 PM",3.662,96.3,100,33,2025-09-09T20:16:51.000Z,,,,,,,,,
"9/9/2025, 4:19:51 PM",3.662,96.3,100,31,2025-09-09T20:19:51.000Z,,,,,,,,,
"9/9/2025, 4:22:51 PM",3.662,96.3,100,31,2025-09-09T20:22:51.000Z,,,,,,,,,
"9/9/2025, 4:25:51 PM",3.662,96.3,100,32,2025-09-09T20:25:51.000Z,,,,,,,,,
"9/9/2025, 4:28:51 PM",3.662,96.3,100,32,2025-09-09T20:28:51.000Z,,,,,,,,,
"9/9/2025, 4:31:51 PM",3.662,96.3,100,34,2025-09-09T20:31:51.000Z,,,,,,,,,
"9/9/2025, 4:34:51 PM",3.662,96.1,100,31,2025-09-09T20:34:51.000Z,,,,,,,,,
"9/9/2025, 4:37:51 PM",3.661,96.1,100,31,2025-09-09T20:37:51.000Z,,,,,,,,,
"9/9/2025, 4:40:51 PM",3.661,95.9,100,32,2025-09-09T20:40:51.000Z,,,,,,,,,
"9/9/2025, 4:43:51 PM",3.662,95.9,100,33,2025-09-09T20:43:51.000Z,,,,,,,,,
"9/9/2025, 4:46:51 PM",3.662,95.9,100,32,2025-09-09T20:46:51.000Z,,,,,,,,,
"9/9/2025, 4:49:51 PM",3.662,95.7,100,32,2025-09-09T20:49:51.000Z,,,,,,,,,
"9/9/2025, 4:52:51 PM",3.662,95.7,100,34,2025-09-09T20:52:51.000Z,,,,,,,,,
"9/9/2025, 4:55:51 PM",3.662,95.7,100,35,2025-09-09T20:55:51.000Z,,,,,,,,,
"9/9/2025, 4:58:51 PM",3.662,95.7,100,35,2025-09-09T20:58:51.000Z,,,,,,,,,
"9/9/2025, 5:01:51 PM",3.662,95.5,100,34,2025-09-09T21:01:51.000Z,,,,,,,,,
"9/9/2025, 5:04:51 PM",3.662,95.5,100,33,2025-09-09T21:04:51.000Z,,,,,,,,,
"9/9/2025, 5:07:51 PM",3.662,95.5,100,33,2025-09-09T21:07:51.000Z,,,,,,,,,
"9/9/2025, 5:10:51 PM",3.662,95.4,100,33,2025-09-09T21:10:51.000Z,,,,,,,,,
"9/9/2025, 5:13:51 PM",3.662,95.4,100,34,2025-09-09T21:13:51.000Z,,,,,,,,,
"9/9/2025, 5:16:51 PM",3.662,95.2,100,35,2025-09-09T21:16:51.000Z,,,,,,,,,
"9/9/2025, 5:19:51 PM",3.663,95.2,100,35,2025-09-09T21:19:51.000Z,,,,,,,,,
"9/9/2025, 5:22:51 PM",3.662,95.2,100,34,2025-09-09T21:22:51.000Z,,,,,,,,,
"9/9/2025, 5:25:51 PM",3.663,95.2,100,34,2025-09-09T21:25:51.000Z,,,,,,,,,
"9/9/2025, 5:28:51 PM",3.662,95,100,34,2025-09-09T21:28:51.000Z,,,,,,,,,
"9/9/2025, 5:31:51 PM",3.663,95,100,32,2025-09-09T21:31:51.000Z,,,,,,,,,
"9/9/2025, 5:34:51 PM",3.662,94.8,100,33,2025-09-09T21:34:51.000Z,,,,,,,,,
"9/9/2025, 5:37:51 PM",3.662,94.8,100,34,2025-09-09T21:37:51.000Z,,,,,,,,,
"9/9/2025, 5:40:51 PM",3.662,94.6,100,31,2025-09-09T21:40:51.000Z,,,,,,,,,
"9/9/2025, 5:43:51 PM",3.662,94.6,100,31,2025-09-09T21:43:51.000Z,,,,,,,,,
"9/9/2025, 5:46:51 PM",3.663,94.5,100,32,2025-09-09T21:46:51.000Z,,,,,,,,,
"9/9/2025, 5:49:51 PM",3.663,94.5,100,32,2025-09-09T21:49:51.000Z,,,,,,,,,
"9/9/2025, 5:52:51 PM",3.662,94.3,100,31,2025-09-09T21:52:51.000Z,,,,,,,,,
"9/9/2025, 5:55:51 PM",3.663,94.1,100,30,2025-09-09T21:55:51.000Z,,,,,,,,,
"9/9/2025, 5:58:51 PM",3.663,93.9,100,30,2025-09-09T21:58:51.000Z,,,,,,,,,
"9/9/2025, 6:01:51 PM",3.663,93.7,100,30,2025-09-09T22:01:51.000Z,,,,,,,,,
"9/9/2025, 6:04:51 PM",3.662,93.6,100,30,2025-09-09T22:04:51.000Z,,,,,,,,,
"9/9/2025, 6:07:51 PM",3.663,93.4,100,29,2025-09-09T22:07:51.000Z,,,,,,,,,
"9/9/2025, 6:10:51 PM",3.663,93.2,100,30,2025-09-09T22:10:51.000Z,,,,,,,,,
"9/9/2025, 6:13:51 PM",3.663,93,100,30,2025-09-09T22:13:51.000Z,,,,,,,,,
"9/9/2025, 6:16:51 PM",3.663,92.8,100,29,2025-09-09T22:16:51.000Z,,,,,,,,,
"9/9/2025, 6:19:51 PM",3.663,92.7,100,29,2025-09-09T22:19:51.000Z,,,,,,,,,
"9/9/2025, 6:22:51 PM",3.663,92.3,100,28,2025-09-09T22:22:51.000Z,,,,,,,,,
"9/9/2025, 6:25:51 PM",3.664,92.1,100,28,2025-09-09T22:25:51.000Z,,,,,,,,,
"9/9/2025, 6:28:51 PM",3.663,91.9,100,27,2025-09-09T22:28:51.000Z,,,,,,,,,
"9/9/2025, 6:31:51 PM",3.663,91.8,100,27,2025-09-09T22:31:51.000Z,,,,,,,,,
"9/9/2025, 6:34:51 PM",3.663,91.4,100,27,2025-09-09T22:34:51.000Z,,,,,,,,,
"9/9/2025, 6:37:51 PM",3.663,91.2,100,26,2025-09-09T22:37:51.000Z,,,,,,,,,
"9/9/2025, 6:40:51 PM",3.663,91,100,26,2025-09-09T22:40:51.000Z,,,,,,,,,
"9/9/2025, 6:43:51 PM",3.663,90.7,100,27,2025-09-09T22:43:51.000Z,,,,,,,,,
"9/9/2025, 6:46:51 PM",3.664,90.5,100,26,2025-09-09T22:46:51.000Z,,,,,,,,,
"9/9/2025, 6:49:51 PM",3.664,90.1,100,26,2025-09-09T22:49:51.000Z,,,,,,,,,
"9/9/2025, 6:52:51 PM",3.664,90,100,26,2025-09-09T22:52:51.000Z,,,,,,,,,
"9/9/2025, 6:55:51 PM",3.664,89.8,100,26,2025-09-09T22:55:51.000Z,,,,,,,,,
"9/9/2025, 6:58:51 PM",3.664,89.4,100,26,2025-09-09T22:58:51.000Z,,,,,,,,,
"9/9/2025, 7:01:51 PM",3.664,89.1,100,26,2025-09-09T23:01:51.000Z,,,,,,,,,
"9/9/2025, 7:04:51 PM",3.664,88.9,100,26,2025-09-09T23:04:51.000Z,,,,,,,,,
"9/9/2025, 7:07:51 PM",3.664,88.7,100,26,2025-09-09T23:07:51.000Z,,,,,,,,,
"9/9/2025, 7:10:51 PM",3.664,88.3,100,26,2025-09-09T23:10:51.000Z,,,,,,,,,
"9/9/2025, 7:13:51 PM",3.664,88.2,100,26,2025-09-09T23:13:51.000Z,,,,,,,,,
"9/9/2025, 7:16:51 PM",3.664,87.8,100,26,2025-09-09T23:16:51.000Z,,,,,,,,,
"9/9/2025, 7:19:51 PM",3.664,87.6,100,26,2025-09-09T23:19:51.000Z,,,,,,,,,
"9/9/2025, 7:22:51 PM",3.665,87.3,100,26,2025-09-09T23:22:51.000Z,,,,,,,,,
"9/9/2025, 7:25:51 PM",3.665,87.1,100,26,2025-09-09T23:25:51.000Z,,,,,,,,,
"9/9/2025, 7:28:51 PM",3.664,86.7,100,26,2025-09-09T23:28:51.000Z,,,,,,,,,
"9/9/2025, 7:31:51 PM",3.664,86.4,100,25,2025-09-09T23:31:51.000Z,,,,,,,,,
"9/9/2025, 7:34:51 PM",3.665,86.2,100,25,2025-09-09T23:34:51.000Z,,,,,,,,,
"9/9/2025, 7:37:51 PM",3.665,85.8,100,25,2025-09-09T23:37:51.000Z,,,,,,,,,
"9/9/2025, 7:40:51 PM",3.665,85.6,100,25,2025-09-09T23:40:51.000Z,,,,,,,,,
"9/9/2025, 7:43:51 PM",3.664,85.3,100,24,2025-09-09T23:43:51.000Z,,,,,,,,,
"9/9/2025, 7:46:51 PM",3.665,85.1,100,24,2025-09-09T23:46:51.000Z,,,,,,,,,
"9/9/2025, 7:49:51 PM",3.665,84.7,100,24,2025-09-09T23:49:51.000Z,,,,,,,,,
"9/9/2025, 7:52:51 PM",3.665,84.6,100,24,2025-09-09T23:52:51.000Z,,,,,,,,,
"9/9/2025, 7:55:51 PM",3.665,84.2,100,24,2025-09-09T23:55:51.000Z,,,,,,,,,
"9/9/2025, 7:58:51 PM",3.665,84,100,24,2025-09-09T23:58:51.000Z,,,,,,,,,
"9/9/2025, 8:01:51 PM",3.665,83.7,100,24,2025-09-10T00:01:51.000Z,,,,,,,,,
"9/9/2025, 8:04:51 PM",3.665,83.5,100,24,2025-09-10T00:04:51.000Z,,,,,,,,,
"9/9/2025, 8:07:51 PM",3.665,83.3,100,24,2025-09-10T00:07:51.000Z,,,,,,,,,
"9/9/2025, 8:10:51 PM",3.665,82.9,100,24,2025-09-10T00:10:51.000Z,,,,,,,,,
"9/9/2025, 8:13:51 PM",3.665,82.8,100,23,2025-09-10T00:13:51.000Z,,,,,,,,,
"9/9/2025, 8:16:51 PM",3.666,82.6,100,23,2025-09-10T00:16:51.000Z,,,,,,,,,
"9/9/2025, 8:19:51 PM",3.665,82.4,100,23,2025-09-10T00:19:51.000Z,,,,,,,,,
"9/9/2025, 8:22:51 PM",3.666,82.2,100,23,2025-09-10T00:22:51.000Z,,,,,,,,,
"9/9/2025, 8:25:51 PM",3.666,81.9,100,23,2025-09-10T00:25:51.000Z,,,,,,,,,
"9/9/2025, 8:28:51 PM",3.666,81.7,100,23,2025-09-10T00:28:51.000Z,,,,,,,,,
"9/9/2025, 8:31:51 PM",3.666,81.5,100,22,2025-09-10T00:31:51.000Z,,,,,,,,,
"9/9/2025, 8:34:51 PM",3.666,81.3,100,22,2025-09-10T00:34:51.000Z,,,,,,,,,
"9/9/2025, 8:37:51 PM",3.667,81.1,100,21,2025-09-10T00:37:51.000Z,,,,,,,,,
"9/9/2025, 8:40:51 PM",3.666,81,100,21,2025-09-10T00:40:51.000Z,,,,,,,,,
"9/9/2025, 8:43:51 PM",3.666,80.8,100,21,2025-09-10T00:43:51.000Z,,,,,,,,,
"9/9/2025, 8:46:51 PM",3.666,80.6,100,21,2025-09-10T00:46:51.000Z,,,,,,,,,
"9/9/2025, 8:49:51 PM",3.666,80.4,100,20,2025-09-10T00:49:51.000Z,,,,,,,,,
"9/9/2025, 8:52:51 PM",3.666,80.2,100,20,2025-09-10T00:52:51.000Z,,,,,,,,,
"9/9/2025, 8:55:51 PM",3.666,80.1,100,20,2025-09-10T00:55:51.000Z,,,,,,,,,
"9/9/2025, 8:58:51 PM",3.666,80.1,100,20,2025-09-10T00:58:51.000Z,,,,,,,,,
"9/9/2025, 9:01:51 PM",3.666,79.9,100,20,2025-09-10T01:01:51.000Z,,,,,,,,,
"9/9/2025, 9:04:51 PM",3.666,79.7,100,20,2025-09-10T01:04:51.000Z,,,,,,,,,
"9/9/2025, 9:07:51 PM",3.666,79.5,100,20,2025-09-10T01:07:51.000Z,,,,,,,,,
"9/9/2025, 9:10:51 PM",3.666,79.3,100,20,2025-09-10T01:10:51.000Z,,,,,,,,,
"9/9/2025, 9:13:51 PM",3.666,79.2,100,19,2025-09-10T01:13:51.000Z,,,,,,,,,
"9/9/2025, 9:16:51 PM",3.666,79,100,19,2025-09-10T01:16:51.000Z,,,,,,,,,
"9/9/2025, 9:19:51 PM",3.666,79,100,19,2025-09-10T01:19:51.000Z,,,,,,,,,
"9/9/2025, 9:22:51 PM",3.667,79,100,19,2025-09-10T01:22:51.000Z,,,,,,,,,
"9/9/2025, 9:25:51 PM",3.666,78.8,100,19,2025-09-10T01:25:51.000Z,,,,,,,,,
"9/9/2025, 9:28:51 PM",3.666,78.6,100,19,2025-09-10T01:28:51.000Z,,,,,,,,,
"9/9/2025, 9:31:51 PM",3.666,78.4,100,19,2025-09-10T01:31:51.000Z,,,,,,,,,
"9/9/2025, 9:34:51 PM",3.666,78.4,100,19,2025-09-10T01:34:51.000Z,,,,,,,,,
"9/9/2025, 9:37:51 PM",3.666,78.3,100,18,2025-09-10T01:37:51.000Z,,,,,,,,,
"9/9/2025, 9:40:51 PM",3.666,78.1,100,18,2025-09-10T01:40:51.000Z,,,,,,,,,
"9/9/2025, 9:43:51 PM",3.667,78.1,100,18,2025-09-10T01:43:51.000Z,,,,,,,,,
"9/9/2025, 9:46:51 PM",3.666,77.9,100,18,2025-09-10T01:46:51.000Z,,,,,,,,,
"9/9/2025, 9:49:51 PM",3.666,77.9,100,18,2025-09-10T01:49:51.000Z,,,,,,,,,
"9/9/2025, 9:52:51 PM",3.666,77.7,100,18,2025-09-10T01:52:51.000Z,,,,,,,,,
"9/9/2025, 9:55:51 PM",3.666,77.5,100,18,2025-09-10T01:55:51.000Z,,,,,,,,,
"9/9/2025, 9:58:51 PM",3.666,77.5,100,18,2025-09-10T01:58:51.000Z,,,,,,,,,
"9/9/2025, 10:01:51 PM",3.666,77.4,100,18,2025-09-10T02:01:51.000Z,,,,,,,,,
"9/9/2025, 10:04:51 PM",3.666,77.4,100,18,2025-09-10T02:04:51.000Z,,,,,,,,,
"9/9/2025, 10:07:51 PM",3.666,77.2,100,18,2025-09-10T02:07:51.000Z,,,,,,,,,
"9/9/2025, 10:10:51 PM",3.667,77.2,100,17,2025-09-10T02:10:51.000Z,,,,,,,,,
"9/9/2025, 10:13:51 PM",3.666,77,100,17,2025-09-10T02:13:51.000Z,,,,,,,,,
"9/9/2025, 10:16:51 PM",3.666,77,100,17,2025-09-10T02:16:51.000Z,,,,,,,,,
"9/9/2025, 10:19:51 PM",3.666,76.8,100,17,2025-09-10T02:19:51.000Z,,,,,,,,,
"9/9/2025, 10:22:51 PM",3.666,76.8,100,17,2025-09-10T02:22:51.000Z,,,,,,,,,
"9/9/2025, 10:25:51 PM",3.666,76.8,100,17,2025-09-10T02:25:51.000Z,,,,,,,,,
"9/9/2025, 10:28:51 PM",3.666,76.6,100,16,2025-09-10T02:28:51.000Z,,,,,,,,,
"9/9/2025, 10:31:51 PM",3.666,76.6,100,16,2025-09-10T02:31:51.000Z,,,,,,,,,
"9/9/2025, 10:34:51 PM",3.667,76.6,100,16,2025-09-10T02:34:51.000Z,,,,,,,,,
"9/9/2025, 10:37:51 PM",3.666,76.5,100,16,2025-09-10T02:37:51.000Z,,,,,,,,,
"9/9/2025, 10:40:51 PM",3.666,76.5,100,16,2025-09-10T02:40:51.000Z,,,,,,,,,
"9/9/2025, 10:43:51 PM",3.666,76.5,100,16,2025-09-10T02:43:51.000Z,,,,,,,,,
"9/9/2025, 10:46:51 PM",3.666,76.3,100,16,2025-09-10T02:46:51.000Z,,,,,,,,,
"9/9/2025, 10:49:51 PM",3.666,76.3,100,16,2025-09-10T02:49:51.000Z,,,,,,,,,
"9/9/2025, 10:52:51 PM",3.666,76.3,100,16,2025-09-10T02:52:51.000Z,,,,,,,,,
"9/9/2025, 10:55:51 PM",3.666,76.3,100,15,2025-09-10T02:55:51.000Z,,,,,,,,,
"9/9/2025, 10:58:51 PM",3.666,76.1,100,15,2025-09-10T02:58:51.000Z,,,,,,,,,
"9/9/2025, 11:01:51 PM",3.666,76.1,100,15,2025-09-10T03:01:51.000Z,,,,,,,,,
"9/9/2025, 11:04:51 PM",3.666,76.1,100,15,2025-09-10T03:04:51.000Z,,,,,,,,,
"9/9/2025, 11:07:51 PM",3.666,75.9,100,15,2025-09-10T03:07:51.000Z,,,,,,,,,
"9/9/2025, 11:10:51 PM",3.667,75.9,100,15,2025-09-10T03:10:51.000Z,,,,,,,,,
"9/9/2025, 11:13:51 PM",3.666,75.7,100,15,2025-09-10T03:13:51.000Z,,,,,,,,,
"9/9/2025, 11:16:51 PM",3.667,75.7,100,15,2025-09-10T03:16:51.000Z,,,,,,,,,
"9/9/2025, 11:19:51 PM",3.666,75.7,100,15,2025-09-10T03:19:51.000Z,,,,,,,,,
"9/9/2025, 11:22:51 PM",3.666,75.7,100,15,2025-09-10T03:22:51.000Z,,,,,,,,,
"9/9/2025, 11:25:51 PM",3.666,75.6,100,15,2025-09-10T03:25:51.000Z,,,,,,,,,
"9/9/2025, 11:28:51 PM",3.666,75.6,100,15,2025-09-10T03:28:51.000Z,,,,,,,,,
"9/9/2025, 11:31:51 PM",3.667,75.4,100,15,2025-09-10T03:31:51.000Z,,,,,,,,,
"9/9/2025, 11:34:51 PM",3.666,75.4,100,15,2025-09-10T03:34:51.000Z,,,,,,,,,
"9/9/2025, 11:37:51 PM",3.666,75.4,100,14,2025-09-10T03:37:51.000Z,,,,,,,,,
"9/9/2025, 11:40:51 PM",3.667,75.4,100,14,2025-09-10T03:40:51.000Z,,,,,,,,,
"9/9/2025, 11:43:51 PM",3.667,75.2,100,14,2025-09-10T03:43:51.000Z,,,,,,,,,
"9/9/2025, 11:46:51 PM",3.666,75.2,100,14,2025-09-10T03:46:51.000Z,,,,,,,,,
"9/9/2025, 11:49:51 PM",3.666,75.2,100,14,2025-09-10T03:49:51.000Z,,,,,,,,,
"9/9/2025, 11:52:51 PM",3.666,75.2,100,14,2025-09-10T03:52:51.000Z,,,,,,,,,
"9/9/2025, 11:55:51 PM",3.666,75,100,14,2025-09-10T03:55:51.000Z,,,,,,,,,
"9/9/2025, 11:58:51 PM",3.666,75,100,14,2025-09-10T03:58:51.000Z,,,,,,,,,
"9/10/2025, 12:01:51 AM",3.666,75,100,14,2025-09-10T04:01:51.000Z,,,,,,,,,
"9/10/2025, 12:04:51 AM",3.666,75,100,14,2025-09-10T04:04:51.000Z,,,,,,,,,
"9/10/2025, 12:07:51 AM",3.667,75,100,14,2025-09-10T04:07:51.000Z,,,,,,,,,
"9/10/2025, 12:10:51 AM",3.666,74.8,100,14,2025-09-10T04:10:51.000Z,,,,,,,,,
"9/10/2025, 12:13:51 AM",3.666,74.8,100,14,2025-09-10T04:13:51.000Z,,,,,,,,,
"9/10/2025, 12:16:51 AM",3.666,74.8,100,14,2025-09-10T04:16:51.000Z,,,,,,,,,
"9/10/2025, 12:19:51 AM",3.666,74.8,100,14,2025-09-10T04:19:51.000Z,,,,,,,,,
"9/10/2025, 12:22:51 AM",3.666,74.8,100,14,2025-09-10T04:22:51.000Z,,,,,,,,,
"9/10/2025, 12:25:51 AM",3.666,74.7,100,14,2025-09-10T04:25:51.000Z,,,,,,,,,
"9/10/2025, 12:28:51 AM",3.666,74.7,100,14,2025-09-10T04:28:51.000Z,,,,,,,,,
"9/10/2025, 12:31:51 AM",3.666,74.7,100,14,2025-09-10T04:31:51.000Z,,,,,,,,,
"9/10/2025, 12:34:51 AM",3.666,74.7,100,14,2025-09-10T04:34:51.000Z,,,,,,,,,
"9/10/2025, 12:37:51 AM",3.667,74.7,100,14,2025-09-10T04:37:51.000Z,,,,,,,,,
"9/10/2025, 12:40:51 AM",3.666,74.5,100,14,2025-09-10T04:40:51.000Z,,,,,,,,,
"9/10/2025, 12:43:51 AM",3.666,74.5,100,14,2025-09-10T04:43:51.000Z,,,,,,,,,
"9/10/2025, 12:46:51 AM",3.666,74.5,100,14,2025-09-10T04:46:51.000Z,,,,,,,,,
"9/10/2025, 12:49:51 AM",3.666,74.5,100,14,2025-09-10T04:49:51.000Z,,,,,,,,,
"9/10/2025, 12:52:51 AM",3.666,74.5,100,14,2025-09-10T04:52:51.000Z,,,,,,,,,
"9/10/2025, 12:55:51 AM",3.666,74.5,100,14,2025-09-10T04:55:51.000Z,,,,,,,,,
"9/10/2025, 12:58:51 AM",3.666,74.5,100,14,2025-09-10T04:58:51.000Z,,,,,,,,,
"9/10/2025, 1:01:51 AM",3.666,74.5,100,14,2025-09-10T05:01:51.000Z,,,,,,,,,
"9/10/2025, 1:04:51 AM",3.666,74.3,100,14,2025-09-10T05:04:51.000Z,,,,,,,,,
"9/10/2025, 1:07:51 AM",3.666,74.3,100,14,2025-09-10T05:07:51.000Z,,,,,,,,,
"9/10/2025, 1:10:51 AM",3.666,74.3,100,14,2025-09-10T05:10:51.000Z,,,,,,,,,
"9/10/2025, 1:13:51 AM",3.666,74.3,100,14,2025-09-10T05:13:51.000Z,,,,,,,,,
"9/10/2025, 1:16:51 AM",3.666,74.3,100,14,2025-09-10T05:16:51.000Z,,,,,,,,,
"9/10/2025, 1:19:51 AM",3.666,74.3,100,14,2025-09-10T05:19:51.000Z,,,,,,,,,
"9/10/2025, 1:22:51 AM",3.666,74.1,100,14,2025-09-10T05:22:51.000Z,,,,,,,,,
"9/10/2025, 1:25:51 AM",3.666,74.1,100,14,2025-09-10T05:25:51.000Z,,,,,,,,,
"9/10/2025, 1:28:51 AM",3.666,74.1,100,14,2025-09-10T05:28:51.000Z,,,,,,,,,
"9/10/2025, 1:31:51 AM",3.666,74.1,100,14,2025-09-10T05:31:51.000Z,,,,,,,,,
"9/10/2025, 1:34:51 AM",3.666,73.9,100,14,2025-09-10T05:34:51.000Z,,,,,,,,,
"9/10/2025, 1:37:51 AM",3.666,73.9,100,14,2025-09-10T05:37:51.000Z,,,,,,,,,
"9/10/2025, 1:40:51 AM",3.666,73.9,100,14,2025-09-10T05:40:51.000Z,,,,,,,,,
"9/10/2025, 1:43:51 AM",3.667,73.9,100,14,2025-09-10T05:43:51.000Z,,,,,,,,,
"9/10/2025, 1:46:51 AM",3.666,73.9,100,14,2025-09-10T05:46:51.000Z,,,,,,,,,
"9/10/2025, 1:49:51 AM",3.666,73.8,100,14,2025-09-10T05:49:51.000Z,,,,,,,,,
"9/10/2025, 1:52:51 AM",3.666,73.8,100,14,2025-09-10T05:52:51.000Z,,,,,,,,,
"9/10/2025, 1:55:51 AM",3.666,73.6,100,14,2025-09-10T05:55:51.000Z,,,,,,,,,
"9/10/2025, 1:58:51 AM",3.666,73.6,100,14,2025-09-10T05:58:51.000Z,,,,,,,,,
"9/10/2025, 2:01:51 AM",3.666,73.6,100,14,2025-09-10T06:01:51.000Z,,,,,,,,,
"9/10/2025, 2:04:51 AM",3.667,73.4,100,14,2025-09-10T06:04:51.000Z,,,,,,,,,
"9/10/2025, 2:07:51 AM",3.666,73.4,100,14,2025-09-10T06:07:51.000Z,,,,,,,,,
"9/10/2025, 2:10:51 AM",3.666,73.4,100,14,2025-09-10T06:10:51.000Z,,,,,,,,,
"9/10/2025, 2:13:51 AM",3.666,73.4,100,14,2025-09-10T06:13:51.000Z,,,,,,,,,
"9/10/2025, 2:16:51 AM",3.666,73.2,100,14,2025-09-10T06:16:51.000Z,,,,,,,,,
"9/10/2025, 2:19:51 AM",3.666,73.2,100,14,2025-09-10T06:19:51.000Z,,,,,,,,,
"9/10/2025, 2:22:51 AM",3.666,73.2,100,14,2025-09-10T06:22:51.000Z,,,,,,,,,
"9/10/2025, 2:25:51 AM",3.666,73.2,100,14,2025-09-10T06:25:51.000Z,,,,,,,,,
"9/10/2025, 2:28:51 AM",3.666,73.2,100,14,2025-09-10T06:28:51.000Z,,,,,,,,,
"9/10/2025, 2:31:51 AM",3.666,73,100,14,2025-09-10T06:31:51.000Z,,,,,,,,,
"9/10/2025, 2:34:51 AM",3.667,73,100,14,2025-09-10T06:34:51.000Z,,,,,,,,,
"9/10/2025, 2:37:51 AM",3.666,73,100,14,2025-09-10T06:37:51.000Z,,,,,,,,,
"9/10/2025, 2:40:51 AM",3.666,73,100,14,2025-09-10T06:40:51.000Z,,,,,,,,,
"9/10/2025, 2:43:51 AM",3.666,72.9,100,14,2025-09-10T06:43:51.000Z,,,,,,,,,
"9/10/2025, 2:46:51 AM",3.666,72.9,100,14,2025-09-10T06:46:51.000Z,,,,,,,,,
"9/10/2025, 2:49:51 AM",3.666,72.9,100,14,2025-09-10T06:49:51.000Z,,,,,,,,,
"9/10/2025, 2:52:51 AM",3.666,72.9,100,14,2025-09-10T06:52:51.000Z,,,,,,,,,
"9/10/2025, 2:55:51 AM",3.666,72.9,100,14,2025-09-10T06:55:51.000Z,,,,,,,,,
"9/10/2025, 2:58:51 AM",3.666,72.7,100,14,2025-09-10T06:58:51.000Z,,,,,,,,,
"9/10/2025, 3:01:51 AM",3.666,72.7,100,14,2025-09-10T07:01:51.000Z,,,,,,,,,
"9/10/2025, 3:04:51 AM",3.666,72.7,100,14,2025-09-10T07:04:51.000Z,,,,,,,,,
"9/10/2025, 3:07:51 AM",3.666,72.7,100,14,2025-09-10T07:07:51.000Z,,,,,,,,,
"9/10/2025, 3:10:51 AM",3.666,72.7,100,14,2025-09-10T07:10:51.000Z,,,,,,,,,
"9/10/2025, 3:13:51 AM",3.666,72.7,100,14,2025-09-10T07:13:51.000Z,,,,,,,,,
"9/10/2025, 3:16:51 AM",3.666,72.5,100,14,2025-09-10T07:16:51.000Z,,,,,,,,,
"9/10/2025, 3:19:51 AM",3.666,72.5,100,14,2025-09-10T07:19:51.000Z,,,,,,,,,
"9/10/2025, 3:22:51 AM",3.666,72.5,100,14,2025-09-10T07:22:51.000Z,,,,,,,,,
"9/10/2025, 3:25:51 AM",3.667,72.5,100,14,2025-09-10T07:25:51.000Z,,,,,,,,,
"9/10/2025, 3:28:51 AM",3.666,72.5,100,14,2025-09-10T07:28:51.000Z,,,,,,,,,
"9/10/2025, 3:31:51 AM",3.666,72.5,100,14,2025-09-10T07:31:51.000Z,,,,,,,,,
"9/10/2025, 3:34:51 AM",3.666,72.3,100,14,2025-09-10T07:34:51.000Z,,,,,,,,,
"9/10/2025, 3:37:51 AM",3.666,72.3,100,14,2025-09-10T07:37:51.000Z,,,,,,,,,
"9/10/2025, 3:40:51 AM",3.666,72.3,100,14,2025-09-10T07:40:51.000Z,,,,,,,,,
"9/10/2025, 3:43:51 AM",3.666,72.3,100,14,2025-09-10T07:43:51.000Z,,,,,,,,,
"9/10/2025, 3:46:51 AM",3.666,72.3,100,14,2025-09-10T07:46:51.000Z,,,,,,,,,
"9/10/2025, 3:49:51 AM",3.666,72.3,100,14,2025-09-10T07:49:51.000Z,,,,,,,,,
"9/10/2025, 3:52:51 AM",3.666,72.3,100,14,2025-09-10T07:52:51.000Z,,,,,,,,,
"9/10/2025, 3:55:51 AM",3.666,72.3,100,15,2025-09-10T07:55:51.000Z,,,,,,,,,
"9/10/2025, 3:58:51 AM",3.666,72.3,100,15,2025-09-10T07:58:51.000Z,,,,,,,,,
"9/10/2025, 4:01:51 AM",3.666,72.3,100,15,2025-09-10T08:01:51.000Z,,,,,,,,,
"9/10/2025, 4:04:51 AM",3.666,72.3,100,15,2025-09-10T08:04:51.000Z,,,,,,,,,
"9/10/2025, 4:07:51 AM",3.666,72.1,100,15,2025-09-10T08:07:51.000Z,,,,,,,,,
"9/10/2025, 4:10:51 AM",3.666,72.1,100,15,2025-09-10T08:10:51.000Z,,,,,,,,,
"9/10/2025, 4:13:51 AM",3.666,72.1,100,15,2025-09-10T08:13:51.000Z,,,,,,,,,
"9/10/2025, 4:16:51 AM",3.666,72.1,100,15,2025-09-10T08:16:51.000Z,,,,,,,,,
"9/10/2025, 4:19:51 AM",3.666,72.1,100,15,2025-09-10T08:19:51.000Z,,,,,,,,,
"9/10/2025, 4:22:51 AM",3.666,72.1,100,15,2025-09-10T08:22:51.000Z,,,,,,,,,
"9/10/2025, 4:25:51 AM",3.666,72.1,100,15,2025-09-10T08:25:51.000Z,,,,,,,,,
"9/10/2025, 4:28:51 AM",3.665,72.1,100,15,2025-09-10T08:28:51.000Z,,,,,,,,,
"9/10/2025, 4:31:51 AM",3.666,72.1,100,15,2025-09-10T08:31:51.000Z,,,,,,,,,
"9/10/2025, 4:34:51 AM",3.666,72.1,100,14,2025-09-10T08:34:51.000Z,,,,,,,,,
"9/10/2025, 4:37:51 AM",3.666,72.1,100,14,2025-09-10T08:37:51.000Z,,,,,,,,,
"9/10/2025, 4:40:51 AM",3.666,72.1,100,14,2025-09-10T08:40:51.000Z,,,,,,,,,
"9/10/2025, 4:43:51 AM",3.666,72.1,100,14,2025-09-10T08:43:51.000Z,,,,,,,,,
"9/10/2025, 4:46:51 AM",3.666,72,100,14,2025-09-10T08:46:51.000Z,,,,,,,,,
"9/10/2025, 4:49:51 AM",3.666,72,100,14,2025-09-10T08:49:51.000Z,,,,,,,,,
"9/10/2025, 4:52:51 AM",3.666,72,100,14,2025-09-10T08:52:51.000Z,,,,,,,,,
"9/10/2025, 4:55:51 AM",3.666,72,100,14,2025-09-10T08:55:51.000Z,,,,,,,,,
"9/10/2025, 4:58:51 AM",3.666,72,100,14,2025-09-10T08:58:51.000Z,,,,,,,,,
"9/10/2025, 5:01:51 AM",3.666,72,100,14,2025-09-10T09:01:51.000Z,,,,,,,,,
"9/10/2025, 5:04:51 AM",3.666,71.8,100,14,2025-09-10T09:04:51.000Z,,,,,,,,,
"9/10/2025, 5:07:51 AM",3.666,71.8,100,14,2025-09-10T09:07:51.000Z,,,,,,,,,
"9/10/2025, 5:10:51 AM",3.665,71.8,100,14,2025-09-10T09:10:51.000Z,,,,,,,,,
"9/10/2025, 5:13:51 AM",3.666,71.8,100,14,2025-09-10T09:13:51.000Z,,,,,,,,,
"9/10/2025, 5:16:51 AM",3.666,71.8,100,14,2025-09-10T09:16:51.000Z,,,,,,,,,
"9/10/2025, 5:19:51 AM",3.666,71.8,100,14,2025-09-10T09:19:51.000Z,,,,,,,,,
"9/10/2025, 5:22:51 AM",3.666,71.8,100,14,2025-09-10T09:22:51.000Z,,,,,,,,,
"9/10/2025, 5:25:51 AM",3.666,71.8,100,14,2025-09-10T09:25:51.000Z,,,,,,,,,
"9/10/2025, 5:28:51 AM",3.666,71.8,100,14,2025-09-10T09:28:51.000Z,,,,,,,,,
"9/10/2025, 5:31:51 AM",3.666,71.8,100,14,2025-09-10T09:31:51.000Z,,,,,,,,,
"9/10/2025, 5:34:51 AM",3.665,71.6,100,14,2025-09-10T09:34:51.000Z,,,,,,,,,
"9/10/2025, 5:37:51 AM",3.666,71.6,100,14,2025-09-10T09:37:51.000Z,,,,,,,,,
"9/10/2025, 5:40:51 AM",3.666,71.6,100,14,2025-09-10T09:40:51.000Z,,,,,,,,,
"9/10/2025, 5:43:51 AM",3.666,71.6,100,14,2025-09-10T09:43:51.000Z,,,,,,,,,
"9/10/2025, 5:46:51 AM",3.666,71.6,100,13,2025-09-10T09:46:51.000Z,,,,,,,,,
"9/10/2025, 5:49:51 AM",3.666,71.6,100,13,2025-09-10T09:49:51.000Z,,,,,,,,,
"9/10/2025, 5:52:51 AM",3.665,71.6,100,13,2025-09-10T09:52:51.000Z,,,,,,,,,
"9/10/2025, 5:55:51 AM",3.666,71.4,100,13,2025-09-10T09:55:51.000Z,,,,,,,,,
"9/10/2025, 5:58:51 AM",3.666,71.4,100,13,2025-09-10T09:58:51.000Z,,,,,,,,,
"9/10/2025, 6:01:51 AM",3.666,71.4,100,13,2025-09-10T10:01:51.000Z,,,,,,,,,
"9/10/2025, 6:04:51 AM",3.665,71.4,100,13,2025-09-10T10:04:51.000Z,,,,,,,,,
"9/10/2025, 6:07:51 AM",3.666,71.4,100,13,2025-09-10T10:07:51.000Z,,,,,,,,,
"9/10/2025, 6:10:51 AM",3.666,71.4,100,13,2025-09-10T10:10:51.000Z,,,,,,,,,
"9/10/2025, 6:13:51 AM",3.665,71.4,100,13,2025-09-10T10:13:51.000Z,,,,,,,,,
"9/10/2025, 6:16:51 AM",3.665,71.4,100,13,2025-09-10T10:16:51.000Z,,,,,,,,,
"9/10/2025, 6:19:51 AM",3.666,71.4,100,13,2025-09-10T10:19:51.000Z,,,,,,,,,
"9/10/2025, 6:22:51 AM",3.666,71.4,100,13,2025-09-10T10:22:51.000Z,,,,,,,,,
"9/10/2025, 6:25:51 AM",3.665,71.4,100,13,2025-09-10T10:25:51.000Z,,,,,,,,,
"9/10/2025, 6:28:51 AM",3.666,71.4,100,13,2025-09-10T10:28:51.000Z,,,,,,,,,
"9/10/2025, 6:31:51 AM",3.666,71.4,100,12,2025-09-10T10:31:51.000Z,,,,,,,,,
"9/10/2025, 6:34:51 AM",3.666,71.4,100,12,2025-09-10T10:34:51.000Z,,,,,,,,,
"9/10/2025, 6:37:51 AM",3.666,71.4,100,12,2025-09-10T10:37:51.000Z,,,,,,,,,
"9/10/2025, 6:40:51 AM",3.666,71.2,100,12,2025-09-10T10:40:51.000Z,,,,,,,,,
"9/10/2025, 6:43:51 AM",3.665,71.2,100,12,2025-09-10T10:43:51.000Z,,,,,,,,,
"9/10/2025, 6:46:51 AM",3.665,71.2,100,12,2025-09-10T10:46:51.000Z,,,,,,,,,
"9/10/2025, 6:49:51 AM",3.665,71.2,100,12,2025-09-10T10:49:51.000Z,,,,,,,,,
"9/10/2025, 6:52:51 AM",3.665,71.2,100,12,2025-09-10T10:52:51.000Z,,,,,,,,,
"9/10/2025, 6:55:51 AM",3.665,71.2,100,12,2025-09-10T10:55:51.000Z,,,,,,,,,
"9/10/2025, 6:58:51 AM",3.665,71.1,100,12,2025-09-10T10:58:51.000Z,,,,,,,,,
"9/10/2025, 7:01:51 AM",3.665,71.1,100,12,2025-09-10T11:01:51.000Z,,,,,,,,,
"9/10/2025, 7:04:51 AM",3.665,71.1,100,12,2025-09-10T11:04:51.000Z,,,,,,,,,
"9/10/2025, 7:07:51 AM",3.665,71.1,100,12,2025-09-10T11:07:51.000Z,,,,,,,,,
"9/10/2025, 7:10:51 AM",3.666,71.1,100,12,2025-09-10T11:10:51.000Z,,,,,,,,,
"9/10/2025, 7:13:51 AM",3.666,71.1,100,12,2025-09-10T11:13:51.000Z,,,,,,,,,
"9/10/2025, 7:16:51 AM",3.665,71.1,100,12,2025-09-10T11:16:51.000Z,,,,,,,,,
"9/10/2025, 7:19:51 AM",3.665,70.9,100,12,2025-09-10T11:19:51.000Z,,,,,,,,,
"9/10/2025, 7:22:51 AM",3.665,70.9,100,12,2025-09-10T11:22:51.000Z,,,,,,,,,
"9/10/2025, 7:25:51 AM",3.665,71.1,100,12,2025-09-10T11:25:51.000Z,,,,,,,,,
"9/10/2025, 7:28:51 AM",3.666,71.1,100,12,2025-09-10T11:28:51.000Z,,,,,,,,,
"9/10/2025, 7:31:51 AM",3.665,71.1,100,12,2025-09-10T11:31:51.000Z,,,,,,,,,
"9/10/2025, 7:34:51 AM",3.666,71.1,100,12,2025-09-10T11:34:51.000Z,,,,,,,,,
"9/10/2025, 7:37:51 AM",3.665,71.1,100,12,2025-09-10T11:37:51.000Z,,,,,,,,,
"9/10/2025, 7:40:51 AM",3.665,71.1,100,11,2025-09-10T11:40:51.000Z,,,,,,,,,
"9/10/2025, 7:43:51 AM",3.665,71.1,100,12,2025-09-10T11:43:51.000Z,,,,,,,,,
"9/10/2025, 7:46:51 AM",3.665,71.1,100,12,2025-09-10T11:46:51.000Z,,,,,,,,,
"9/10/2025, 7:49:51 AM",3.666,71.1,100,12,2025-09-10T11:49:51.000Z,,,,,,,,,
"9/10/2025, 7:52:51 AM",3.665,71.1,100,12,2025-09-10T11:52:51.000Z,,,,,,,,,
"9/10/2025, 7:55:51 AM",3.665,71.2,100,12,2025-09-10T11:55:51.000Z,,,,,,,,,
"9/10/2025, 7:58:51 AM",3.665,71.2,100,12,2025-09-10T11:58:51.000Z,,,,,,,,,
"9/10/2025, 8:01:51 AM",3.665,71.4,100,12,2025-09-10T12:01:51.000Z,,,,,,,,,
"9/10/2025, 8:04:51 AM",3.665,71.4,100,12,2025-09-10T12:04:51.000Z,,,,,,,,,
"9/10/2025, 8:07:51 AM",3.665,71.6,100,12,2025-09-10T12:07:51.000Z,,,,,,,,,
"9/10/2025, 8:10:51 AM",3.665,71.8,100,12,2025-09-10T12:10:51.000Z,,,,,,,,,
"9/10/2025, 8:13:51 AM",3.665,71.8,100,12,2025-09-10T12:13:51.000Z,,,,,,,,,
"9/10/2025, 8:16:51 AM",3.665,72,100,12,2025-09-10T12:16:51.000Z,,,,,,,,,
"9/10/2025, 8:19:51 AM",3.665,72.1,100,12,2025-09-10T12:19:51.000Z,,,,,,,,,
"9/10/2025, 8:22:51 AM",3.665,72.3,100,12,2025-09-10T12:22:51.000Z,,,,,,,,,
"9/10/2025, 8:25:51 AM",3.665,72.5,100,12,2025-09-10T12:25:51.000Z,,,,,,,,,
"9/10/2025, 8:28:51 AM",3.665,72.7,100,13,2025-09-10T12:28:51.000Z,,,,,,,,,
"9/10/2025, 8:31:51 AM",3.665,72.7,100,13,2025-09-10T12:31:51.000Z,,,,,,,,,
"9/10/2025, 8:34:51 AM",3.665,72.9,100,13,2025-09-10T12:34:51.000Z,,,,,,,,,
"9/10/2025, 8:37:51 AM",3.665,73,100,13,2025-09-10T12:37:51.000Z,,,,,,,,,
"9/10/2025, 8:40:51 AM",3.665,73.2,100,13,2025-09-10T12:40:51.000Z,,,,,,,,,
"9/10/2025, 8:43:51 AM",3.665,72.3,100,10,2025-09-10T12:43:51.000Z,,,,,,,,,
"9/10/2025, 8:46:51 AM",3.665,71.8,100,8,2025-09-10T12:46:51.000Z,,,,,,,,,
"9/10/2025, 8:49:51 AM",3.666,71.1,100,7,2025-09-10T12:49:51.000Z,,,,,,,,,
"9/10/2025, 8:52:51 AM",3.665,70.7,100,7,2025-09-10T12:52:51.000Z,,,,,,,,,
"9/10/2025, 8:55:51 AM",3.666,70.5,100,6,2025-09-10T12:55:51.000Z,,,,,,,,,
"9/10/2025, 8:58:51 AM",3.666,70.2,100,6,2025-09-10T12:58:51.000Z,,,,,,,,,
"9/10/2025, 9:01:51 AM",3.666,70.2,100,5,2025-09-10T13:01:51.000Z,,,,,,,,,
"9/10/2025, 9:04:51 AM",3.666,70,100,5,2025-09-10T13:04:51.000Z,,,,,,,,,
"9/10/2025, 9:07:51 AM",3.665,69.8,100,4,2025-09-10T13:07:51.000Z,,,,,,,,,
"9/10/2025, 9:10:51 AM",3.665,69.8,100,4,2025-09-10T13:10:51.000Z,,,,,,,,,
"9/10/2025, 9:13:51 AM",3.665,69.8,100,4,2025-09-10T13:13:51.000Z,,,,,,,,,
"9/10/2025, 9:16:51 AM",3.665,69.8,100,3,2025-09-10T13:16:51.000Z,,,,,,,,,
"9/10/2025, 9:19:51 AM",3.665,69.8,100,3,2025-09-10T13:19:51.000Z,,,,,,,,,
"9/10/2025, 9:22:51 AM",3.665,69.8,100,3,2025-09-10T13:22:51.000Z,,,,,,,,,
"9/10/2025, 9:25:51 AM",3.665,69.8,100,3,2025-09-10T13:25:51.000Z,,,,,,,,,
"9/10/2025, 9:28:51 AM",3.665,69.8,100,3,2025-09-10T13:28:51.000Z,,,,,,,,,
"9/10/2025, 9:31:51 AM",3.665,69.8,100,3,2025-09-10T13:31:51.000Z,,,,,,,,,
"9/10/2025, 9:34:51 AM",3.665,69.8,100,3,2025-09-10T13:34:51.000Z,,,,,,,,,
"9/10/2025, 9:37:51 AM",3.665,70,100,3,2025-09-10T13:37:51.000Z,,,,,,,,,
"9/10/2025, 9:40:51 AM",3.665,70,100,3,2025-09-10T13:40:51.000Z,,,,,,,,,
"9/10/2025, 9:43:51 AM",3.665,70,100,3,2025-09-10T13:43:51.000Z,,,,,,,,,
"9/10/2025, 9:46:51 AM",3.665,70,100,2,2025-09-10T13:46:51.000Z,,,,,,,,,
"9/10/2025, 9:49:51 AM",3.665,70,100,2,2025-09-10T13:49:51.000Z,,,,,,,,,
"9/10/2025, 9:52:51 AM",3.665,70,100,2,2025-09-10T13:52:51.000Z,,,,,,,,,
"9/10/2025, 9:55:51 AM",3.665,70.2,100,2,2025-09-10T13:55:51.000Z,,,,,,,,,
"9/10/2025, 9:58:51 AM",3.665,70.2,100,2,2025-09-10T13:58:51.000Z,,,,,,,,,
"9/10/2025, 10:01:51 AM",3.665,70.2,100,2,2025-09-10T14:01:51.000Z,,,,,,,,,
"9/10/2025, 10:04:51 AM",3.665,70.2,100,2,2025-09-10T14:04:51.000Z,,,,,,,,,
"9/10/2025, 10:07:51 AM",3.664,70.2,100,2,2025-09-10T14:07:51.000Z,,,,,,,,,
"9/10/2025, 10:10:51 AM",3.665,70.2,100,2,2025-09-10T14:10:51.000Z,,,,,,,,,
"9/10/2025, 10:13:51 AM",3.665,70.2,100,2,2025-09-10T14:13:51.000Z,,,,,,,,,
"9/10/2025, 10:16:51 AM",3.665,70.3,100,2,2025-09-10T14:16:51.000Z,,,,,,,,,
"9/10/2025, 10:19:51 AM",3.665,70.3,100,2,2025-09-10T14:19:51.000Z,,,,,,,,,
"9/10/2025, 10:22:51 AM",3.664,70.3,100,2,2025-09-10T14:22:51.000Z,,,,,,,,,
"9/10/2025, 10:25:51 AM",3.665,70.3,100,2,2025-09-10T14:25:51.000Z,,,,,,,,,
"9/10/2025, 10:28:51 AM",3.665,70.3,100,2,2025-09-10T14:28:51.000Z,,,,,,,,,
"9/10/2025, 10:31:51 AM",3.665,70.3,100,2,2025-09-10T14:31:51.000Z,,,,,,,,,
"9/10/2025, 10:34:51 AM",3.665,70.3,100,2,2025-09-10T14:34:51.000Z,,,,,,,,,
"9/10/2025, 10:37:51 AM",3.665,70.3,100,2,2025-09-10T14:37:51.000Z,,,,,,,,,
EVENTS:,,,,,,,,,,,,,,
"9/10/2025, 10:37:51 AM",Stop Log,NH3 (PPM),,,,,,,,,,,,
LABELS:,,,,,,,,,,,,,,
