Instrument:,NH3-211205141,,,,
Name:,Biosolids Dewatering,,,,
Time Zone Offset (Minutes):,-300,,,,
Orignal File Name:,"C:\Users\Phil.Bennington\Documents\Aculog NH3\NH3-211205141_4_22_2022, 7_27_14 AM --- 4_29_2022, 9_12_14 AM.acrudata",,,,
Session ID:,39018,,,,
Session 1st Title:,"NH3-211205141_4_22_2022, 7_27_14 AM --- 4_29_2022, 9_12_14 AM",,,,
Session Start:,"4/22/2022, 6:27:14 AM",,,,
Session End:,"4/29/2022, 8:12:14 AM",,,,
,,,,,
Time Stamp,Battery (Volts),Temperature (°F),Humidity (%),NH3 (PPM),ISO time
"4/22/2022, 6:27:14 AM",3.644,71.4,42.3,0,2022-04-22T11:27:14.000Z
"4/22/2022, 6:30:14 AM",3.646,72.3,42.5,0,2022-04-22T11:30:14.000Z
"4/22/2022, 6:33:14 AM",3.646,72.3,42.6,0,2022-04-22T11:33:14.000Z
"4/22/2022, 6:36:14 AM",3.648,72.3,42.6,0,2022-04-22T11:36:14.000Z
"4/22/2022, 6:39:14 AM",3.648,72.1,42.6,0,2022-04-22T11:39:14.000Z
"4/22/2022, 6:42:14 AM",3.648,72.1,42.6,0,2022-04-22T11:42:14.000Z
"4/22/2022, 6:45:14 AM",3.648,72,42.6,0,2022-04-22T11:45:14.000Z
"4/22/2022, 6:48:14 AM",3.649,71.8,42.6,0,2022-04-22T11:48:14.000Z
"4/22/2022, 6:51:14 AM",3.652,71.2,42.6,0,2022-04-22T11:51:14.000Z
"4/22/2022, 6:54:14 AM",3.647,70.7,42.7,2,2022-04-22T11:54:14.000Z
"4/22/2022, 6:57:14 AM",3.648,70.3,43.2,3,2022-04-22T11:57:14.000Z
"4/22/2022, 7:00:14 AM",3.648,70.3,43.8,4,2022-04-22T12:00:14.000Z
"4/22/2022, 7:03:14 AM",3.648,70.3,44.4,4,2022-04-22T12:03:14.000Z
"4/22/2022, 7:06:14 AM",3.648,70.5,45.1,4,2022-04-22T12:06:14.000Z
"4/22/2022, 7:09:14 AM",3.647,70.5,45.8,5,2022-04-22T12:09:14.000Z
"4/22/2022, 7:12:14 AM",3.647,70.5,46.5,5,2022-04-22T12:12:14.000Z
"4/22/2022, 7:15:14 AM",3.647,70.5,47.2,6,2022-04-22T12:15:14.000Z
"4/22/2022, 7:18:14 AM",3.647,70.5,47.8,6,2022-04-22T12:18:14.000Z
"4/22/2022, 7:21:14 AM",3.647,70.5,48.4,6,2022-04-22T12:21:14.000Z
"4/22/2022, 7:24:14 AM",3.647,70.5,49,6,2022-04-22T12:24:14.000Z
"4/22/2022, 7:27:14 AM",3.647,70.3,49.6,6,2022-04-22T12:27:14.000Z
"4/22/2022, 7:30:14 AM",3.647,70.3,50.1,6,2022-04-22T12:30:14.000Z
"4/22/2022, 7:33:14 AM",3.647,70.5,50.6,6,2022-04-22T12:33:14.000Z
"4/22/2022, 7:36:14 AM",3.647,70.7,51.1,7,2022-04-22T12:36:14.000Z
"4/22/2022, 7:39:14 AM",3.647,70.7,51.5,7,2022-04-22T12:39:14.000Z
"4/22/2022, 7:42:14 AM",3.647,70.9,52,7,2022-04-22T12:42:14.000Z
"4/22/2022, 7:45:14 AM",3.647,71.1,52.4,7,2022-04-22T12:45:14.000Z
"4/22/2022, 7:48:14 AM",3.647,71.1,52.8,8,2022-04-22T12:48:14.000Z
"4/22/2022, 7:51:14 AM",3.647,71.2,53.2,7,2022-04-22T12:51:14.000Z
"4/22/2022, 7:54:14 AM",3.647,71.2,53.6,7,2022-04-22T12:54:14.000Z
"4/22/2022, 7:57:14 AM",3.647,71.2,54,7,2022-04-22T12:57:14.000Z
"4/22/2022, 8:00:14 AM",3.647,71.2,54.3,7,2022-04-22T13:00:14.000Z
"4/22/2022, 8:03:14 AM",3.647,71.2,54.7,7,2022-04-22T13:03:14.000Z
"4/22/2022, 8:06:14 AM",3.647,71.2,55,7,2022-04-22T13:06:14.000Z
"4/22/2022, 8:09:14 AM",3.647,71.2,55.3,7,2022-04-22T13:09:14.000Z
"4/22/2022, 8:12:14 AM",3.647,71.2,55.6,7,2022-04-22T13:12:14.000Z
"4/22/2022, 8:15:14 AM",3.647,71.2,55.9,7,2022-04-22T13:15:14.000Z
"4/22/2022, 8:18:14 AM",3.647,71.2,56.2,7,2022-04-22T13:18:14.000Z
"4/22/2022, 8:21:14 AM",3.647,71.2,56.4,7,2022-04-22T13:21:14.000Z
"4/22/2022, 8:24:14 AM",3.646,71.4,56.7,7,2022-04-22T13:24:14.000Z
"4/22/2022, 8:27:14 AM",3.647,71.4,57,7,2022-04-22T13:27:14.000Z
"4/22/2022, 8:30:14 AM",3.647,71.8,57.3,7,2022-04-22T13:30:14.000Z
"4/22/2022, 8:33:14 AM",3.647,72,57.6,7,2022-04-22T13:33:14.000Z
"4/22/2022, 8:36:14 AM",3.647,72.1,57.8,7,2022-04-22T13:36:14.000Z
"4/22/2022, 8:39:14 AM",3.647,72.3,58.1,7,2022-04-22T13:39:14.000Z
"4/22/2022, 8:42:14 AM",3.647,72.7,58.3,7,2022-04-22T13:42:14.000Z
"4/22/2022, 8:45:14 AM",3.647,72.9,58.6,7,2022-04-22T13:45:14.000Z
"4/22/2022, 8:48:14 AM",3.647,73,58.9,8,2022-04-22T13:48:14.000Z
"4/22/2022, 8:51:14 AM",3.647,73.4,59.2,8,2022-04-22T13:51:14.000Z
"4/22/2022, 8:54:14 AM",3.647,73.6,59.4,8,2022-04-22T13:54:14.000Z
"4/22/2022, 8:57:14 AM",3.647,73.8,59.7,8,2022-04-22T13:57:14.000Z
"4/22/2022, 9:00:14 AM",3.647,73.9,59.9,8,2022-04-22T14:00:14.000Z
"4/22/2022, 9:03:14 AM",3.647,74.1,60.2,8,2022-04-22T14:03:14.000Z
"4/22/2022, 9:06:14 AM",3.647,74.3,60.3,8,2022-04-22T14:06:14.000Z
"4/22/2022, 9:09:14 AM",3.647,74.5,60.6,9,2022-04-22T14:09:14.000Z
"4/22/2022, 9:12:14 AM",3.647,74.8,60.9,9,2022-04-22T14:12:14.000Z
"4/22/2022, 9:15:14 AM",3.647,75.2,61.1,10,2022-04-22T14:15:14.000Z
"4/22/2022, 9:18:14 AM",3.647,75.6,61.3,10,2022-04-22T14:18:14.000Z
"4/22/2022, 9:21:14 AM",3.647,75.7,61.6,10,2022-04-22T14:21:14.000Z
"4/22/2022, 9:24:14 AM",3.647,75.9,61.8,10,2022-04-22T14:24:14.000Z
"4/22/2022, 9:27:14 AM",3.647,76.3,62.1,11,2022-04-22T14:27:14.000Z
"4/22/2022, 9:30:14 AM",3.647,76.5,62.3,11,2022-04-22T14:30:14.000Z
"4/22/2022, 9:33:14 AM",3.647,76.8,62.6,11,2022-04-22T14:33:14.000Z
"4/22/2022, 9:36:14 AM",3.647,77.2,62.8,11,2022-04-22T14:36:14.000Z
"4/22/2022, 9:39:14 AM",3.647,77.4,63,11,2022-04-22T14:39:14.000Z
"4/22/2022, 9:42:14 AM",3.646,77.7,63.2,11,2022-04-22T14:42:14.000Z
"4/22/2022, 9:45:14 AM",3.647,78.1,63.5,12,2022-04-22T14:45:14.000Z
"4/22/2022, 9:48:14 AM",3.646,78.3,63.7,12,2022-04-22T14:48:14.000Z
"4/22/2022, 9:51:14 AM",3.647,78.4,63.9,12,2022-04-22T14:51:14.000Z
"4/22/2022, 9:54:14 AM",3.647,78.6,64.1,12,2022-04-22T14:54:14.000Z
"4/22/2022, 9:57:14 AM",3.646,78.8,64.3,13,2022-04-22T14:57:14.000Z
"4/22/2022, 10:00:14 AM",3.647,79,64.5,13,2022-04-22T15:00:14.000Z
"4/22/2022, 10:03:14 AM",3.646,79.2,64.7,13,2022-04-22T15:03:14.000Z
"4/22/2022, 10:06:14 AM",3.646,79.2,64.9,14,2022-04-22T15:06:14.000Z
"4/22/2022, 10:09:14 AM",3.647,79.3,65.1,13,2022-04-22T15:09:14.000Z
"4/22/2022, 10:12:14 AM",3.646,79.5,65.3,14,2022-04-22T15:12:14.000Z
"4/22/2022, 10:15:14 AM",3.647,79.5,65.4,14,2022-04-22T15:15:14.000Z
"4/22/2022, 10:18:14 AM",3.646,79.7,65.6,14,2022-04-22T15:18:14.000Z
"4/22/2022, 10:21:14 AM",3.646,79.9,65.8,15,2022-04-22T15:21:14.000Z
"4/22/2022, 10:24:14 AM",3.647,79.9,66,15,2022-04-22T15:24:14.000Z
"4/22/2022, 10:27:14 AM",3.647,80.1,66.2,15,2022-04-22T15:27:14.000Z
"4/22/2022, 10:30:14 AM",3.647,80.2,66.3,16,2022-04-22T15:30:14.000Z
"4/22/2022, 10:33:14 AM",3.647,80.1,66.4,16,2022-04-22T15:33:14.000Z
"4/22/2022, 10:36:14 AM",3.647,80.2,66.6,16,2022-04-22T15:36:14.000Z
"4/22/2022, 10:39:14 AM",3.647,80.2,66.8,16,2022-04-22T15:39:14.000Z
"4/22/2022, 10:42:14 AM",3.647,80.2,66.9,16,2022-04-22T15:42:14.000Z
"4/22/2022, 10:45:14 AM",3.647,80.4,67.1,16,2022-04-22T15:45:14.000Z
"4/22/2022, 10:48:14 AM",3.647,80.4,67.2,16,2022-04-22T15:48:14.000Z
"4/22/2022, 10:51:14 AM",3.647,80.4,67.3,16,2022-04-22T15:51:14.000Z
"4/22/2022, 10:54:14 AM",3.647,80.4,67.5,16,2022-04-22T15:54:14.000Z
"4/22/2022, 10:57:14 AM",3.647,80.4,67.6,16,2022-04-22T15:57:14.000Z
"4/22/2022, 11:00:14 AM",3.647,80.4,67.7,16,2022-04-22T16:00:14.000Z
"4/22/2022, 11:03:14 AM",3.648,80.4,67.8,17,2022-04-22T16:03:14.000Z
"4/22/2022, 11:06:14 AM",3.648,80.4,68,17,2022-04-22T16:06:14.000Z
"4/22/2022, 11:09:14 AM",3.647,80.6,68,17,2022-04-22T16:09:14.000Z
"4/22/2022, 11:12:14 AM",3.647,80.6,68.1,17,2022-04-22T16:12:14.000Z
"4/22/2022, 11:15:14 AM",3.647,80.8,68.3,17,2022-04-22T16:15:14.000Z
"4/22/2022, 11:18:14 AM",3.647,81,68.4,18,2022-04-22T16:18:14.000Z
"4/22/2022, 11:21:14 AM",3.647,81.1,68.5,17,2022-04-22T16:21:14.000Z
"4/22/2022, 11:24:14 AM",3.647,81.1,68.6,17,2022-04-22T16:24:14.000Z
"4/22/2022, 11:27:14 AM",3.647,81.3,68.7,17,2022-04-22T16:27:14.000Z
"4/22/2022, 11:30:14 AM",3.647,81.5,68.9,17,2022-04-22T16:30:14.000Z
"4/22/2022, 11:33:14 AM",3.648,81.7,68.9,17,2022-04-22T16:33:14.000Z
"4/22/2022, 11:36:14 AM",3.647,81.9,69.1,17,2022-04-22T16:36:14.000Z
"4/22/2022, 11:39:14 AM",3.648,82,69.1,18,2022-04-22T16:39:14.000Z
"4/22/2022, 11:42:14 AM",3.648,82.2,69.3,17,2022-04-22T16:42:14.000Z
"4/22/2022, 11:45:14 AM",3.648,82.2,69.3,16,2022-04-22T16:45:14.000Z
"4/22/2022, 11:48:14 AM",3.648,82.4,69.4,17,2022-04-22T16:48:14.000Z
"4/22/2022, 11:51:14 AM",3.647,82.6,69.5,17,2022-04-22T16:51:14.000Z
"4/22/2022, 11:54:14 AM",3.647,82.8,69.6,16,2022-04-22T16:54:14.000Z
"4/22/2022, 11:57:14 AM",3.648,82.9,69.7,16,2022-04-22T16:57:14.000Z
"4/22/2022, 12:00:14 PM",3.647,82.9,69.8,16,2022-04-22T17:00:14.000Z
"4/22/2022, 12:03:14 PM",3.647,83.1,69.8,16,2022-04-22T17:03:14.000Z
"4/22/2022, 12:06:14 PM",3.648,83.3,69.9,16,2022-04-22T17:06:14.000Z
"4/22/2022, 12:09:14 PM",3.648,83.5,70,16,2022-04-22T17:09:14.000Z
"4/22/2022, 12:12:14 PM",3.647,83.7,70,17,2022-04-22T17:12:14.000Z
"4/22/2022, 12:15:14 PM",3.647,84,70.1,17,2022-04-22T17:15:14.000Z
"4/22/2022, 12:18:14 PM",3.647,84,70.2,17,2022-04-22T17:18:14.000Z
"4/22/2022, 12:21:14 PM",3.648,84.2,70.3,17,2022-04-22T17:21:14.000Z
"4/22/2022, 12:24:14 PM",3.647,84.6,70.3,17,2022-04-22T17:24:14.000Z
"4/22/2022, 12:27:14 PM",3.648,84.6,70.4,17,2022-04-22T17:27:14.000Z
"4/22/2022, 12:30:14 PM",3.648,84.9,70.5,19,2022-04-22T17:30:14.000Z
"4/22/2022, 12:33:14 PM",3.648,85.1,70.5,19,2022-04-22T17:33:14.000Z
"4/22/2022, 12:36:14 PM",3.648,85.3,70.6,20,2022-04-22T17:36:14.000Z
"4/22/2022, 12:39:14 PM",3.649,85.5,70.7,20,2022-04-22T17:39:14.000Z
"4/22/2022, 12:42:14 PM",3.649,85.6,70.8,19,2022-04-22T17:42:14.000Z
"4/22/2022, 12:45:14 PM",3.651,85.6,70.7,11,2022-04-22T17:45:14.000Z
"4/22/2022, 12:48:14 PM",3.652,85.6,70.7,15,2022-04-22T17:48:14.000Z
"4/22/2022, 12:51:14 PM",3.651,85.6,70.7,15,2022-04-22T17:51:14.000Z
"4/22/2022, 12:54:14 PM",3.652,85.6,70.7,16,2022-04-22T17:54:14.000Z
"4/22/2022, 12:57:14 PM",3.652,85.6,70.8,17,2022-04-22T17:57:14.000Z
"4/22/2022, 1:00:14 PM",3.651,85.6,70.8,17,2022-04-22T18:00:14.000Z
"4/22/2022, 1:03:14 PM",3.651,85.6,70.9,19,2022-04-22T18:03:14.000Z
"4/22/2022, 1:06:14 PM",3.652,85.8,71,19,2022-04-22T18:06:14.000Z
"4/22/2022, 1:09:14 PM",3.652,86,71,18,2022-04-22T18:09:14.000Z
"4/22/2022, 1:12:14 PM",3.652,86,71.1,18,2022-04-22T18:12:14.000Z
"4/22/2022, 1:15:14 PM",3.652,86.2,71.2,18,2022-04-22T18:15:14.000Z
"4/22/2022, 1:18:14 PM",3.652,86.2,71.2,19,2022-04-22T18:18:14.000Z
"4/22/2022, 1:21:14 PM",3.652,86.4,71.3,18,2022-04-22T18:21:14.000Z
"4/22/2022, 1:24:14 PM",3.652,86.5,71.3,19,2022-04-22T18:24:14.000Z
"4/22/2022, 1:27:14 PM",3.652,86.7,71.4,19,2022-04-22T18:27:14.000Z
"4/22/2022, 1:30:14 PM",3.652,86.7,71.5,19,2022-04-22T18:30:14.000Z
"4/22/2022, 1:33:14 PM",3.652,86.9,71.5,19,2022-04-22T18:33:14.000Z
"4/22/2022, 1:36:14 PM",3.652,87.1,71.6,17,2022-04-22T18:36:14.000Z
"4/22/2022, 1:39:14 PM",3.652,87.3,71.6,15,2022-04-22T18:39:14.000Z
"4/22/2022, 1:42:14 PM",3.652,87.3,71.5,17,2022-04-22T18:42:14.000Z
"4/22/2022, 1:45:14 PM",3.652,87.3,71.6,17,2022-04-22T18:45:14.000Z
"4/22/2022, 1:48:14 PM",3.652,87.4,71.5,17,2022-04-22T18:48:14.000Z
"4/22/2022, 1:51:14 PM",3.652,87.4,71.5,17,2022-04-22T18:51:14.000Z
"4/22/2022, 1:54:14 PM",3.652,87.6,71.5,15,2022-04-22T18:54:14.000Z
"4/22/2022, 1:57:14 PM",3.652,87.6,71.5,15,2022-04-22T18:57:14.000Z
"4/22/2022, 2:00:14 PM",3.652,87.6,71.5,17,2022-04-22T19:00:14.000Z
"4/22/2022, 2:03:14 PM",3.652,87.8,71.4,14,2022-04-22T19:03:14.000Z
"4/22/2022, 2:06:14 PM",3.653,87.8,71.4,15,2022-04-22T19:06:14.000Z
"4/22/2022, 2:09:14 PM",3.652,87.8,71.3,17,2022-04-22T19:09:14.000Z
"4/22/2022, 2:12:14 PM",3.652,88,71.4,14,2022-04-22T19:12:14.000Z
"4/22/2022, 2:15:14 PM",3.652,88,71.3,15,2022-04-22T19:15:14.000Z
"4/22/2022, 2:18:14 PM",3.652,88.2,71.3,14,2022-04-22T19:18:14.000Z
"4/22/2022, 2:21:14 PM",3.652,88.2,71.2,13,2022-04-22T19:21:14.000Z
"4/22/2022, 2:24:14 PM",3.652,88.3,71.1,13,2022-04-22T19:24:14.000Z
"4/22/2022, 2:27:14 PM",3.652,88.3,71,12,2022-04-22T19:27:14.000Z
"4/22/2022, 2:30:14 PM",3.652,88.5,70.9,13,2022-04-22T19:30:14.000Z
"4/22/2022, 2:33:14 PM",3.653,88.5,70.9,13,2022-04-22T19:33:14.000Z
"4/22/2022, 2:36:14 PM",3.653,88.5,70.8,13,2022-04-22T19:36:14.000Z
"4/22/2022, 2:39:14 PM",3.652,88.7,70.7,11,2022-04-22T19:39:14.000Z
"4/22/2022, 2:42:14 PM",3.652,88.7,70.6,11,2022-04-22T19:42:14.000Z
"4/22/2022, 2:45:14 PM",3.652,88.7,70.5,13,2022-04-22T19:45:14.000Z
"4/22/2022, 2:48:14 PM",3.652,88.7,70.4,12,2022-04-22T19:48:14.000Z
"4/22/2022, 2:51:14 PM",3.652,88.9,70.3,12,2022-04-22T19:51:14.000Z
"4/22/2022, 2:54:14 PM",3.653,88.9,70.2,11,2022-04-22T19:54:14.000Z
"4/22/2022, 2:57:14 PM",3.653,88.9,70.1,11,2022-04-22T19:57:14.000Z
"4/22/2022, 3:00:14 PM",3.653,88.9,70,11,2022-04-22T20:00:14.000Z
"4/22/2022, 3:03:14 PM",3.653,88.9,69.9,9,2022-04-22T20:03:14.000Z
"4/22/2022, 3:06:14 PM",3.652,89.1,69.7,11,2022-04-22T20:06:14.000Z
"4/22/2022, 3:09:14 PM",3.653,89.1,69.6,11,2022-04-22T20:09:14.000Z
"4/22/2022, 3:12:14 PM",3.652,89.1,69.5,12,2022-04-22T20:12:14.000Z
"4/22/2022, 3:15:14 PM",3.653,89.2,69.4,10,2022-04-22T20:15:14.000Z
"4/22/2022, 3:18:14 PM",3.652,89.2,69.3,10,2022-04-22T20:18:14.000Z
"4/22/2022, 3:21:14 PM",3.652,89.2,69.2,10,2022-04-22T20:21:14.000Z
"4/22/2022, 3:24:14 PM",3.653,89.2,69.1,10,2022-04-22T20:24:14.000Z
"4/22/2022, 3:27:14 PM",3.652,89.4,69,9,2022-04-22T20:27:14.000Z
"4/22/2022, 3:30:14 PM",3.653,89.4,68.9,9,2022-04-22T20:30:14.000Z
"4/22/2022, 3:33:14 PM",3.653,89.4,68.7,8,2022-04-22T20:33:14.000Z
"4/22/2022, 3:36:14 PM",3.653,89.4,68.6,10,2022-04-22T20:36:14.000Z
"4/22/2022, 3:39:14 PM",3.653,89.4,68.5,10,2022-04-22T20:39:14.000Z
"4/22/2022, 3:42:14 PM",3.653,89.4,68.5,10,2022-04-22T20:42:14.000Z
"4/22/2022, 3:45:14 PM",3.653,89.4,68.3,9,2022-04-22T20:45:14.000Z
"4/22/2022, 3:48:14 PM",3.653,89.4,68.2,9,2022-04-22T20:48:14.000Z
"4/22/2022, 3:51:14 PM",3.652,89.4,68.1,11,2022-04-22T20:51:14.000Z
"4/22/2022, 3:54:14 PM",3.653,89.4,68.1,10,2022-04-22T20:54:14.000Z
"4/22/2022, 3:57:14 PM",3.653,89.4,68,10,2022-04-22T20:57:14.000Z
"4/22/2022, 4:00:14 PM",3.653,89.4,67.9,9,2022-04-22T21:00:14.000Z
"4/22/2022, 4:03:14 PM",3.653,89.4,67.7,9,2022-04-22T21:03:14.000Z
"4/22/2022, 4:06:14 PM",3.653,89.4,67.6,10,2022-04-22T21:06:14.000Z
"4/22/2022, 4:09:14 PM",3.654,89.2,67.6,10,2022-04-22T21:09:14.000Z
"4/22/2022, 4:12:14 PM",3.654,89.1,67.5,9,2022-04-22T21:12:14.000Z
"4/22/2022, 4:15:14 PM",3.653,88.9,67.4,9,2022-04-22T21:15:14.000Z
"4/22/2022, 4:18:14 PM",3.653,88.9,67.3,9,2022-04-22T21:18:14.000Z
"4/22/2022, 4:21:14 PM",3.654,88.7,67.2,9,2022-04-22T21:21:14.000Z
"4/22/2022, 4:24:14 PM",3.654,88.5,67.2,10,2022-04-22T21:24:14.000Z
"4/22/2022, 4:27:14 PM",3.654,88.3,67.1,12,2022-04-22T21:27:14.000Z
"4/22/2022, 4:30:14 PM",3.654,88.2,67,12,2022-04-22T21:30:14.000Z
"4/22/2022, 4:33:14 PM",3.654,88,67,13,2022-04-22T21:33:14.000Z
"4/22/2022, 4:36:14 PM",3.654,87.8,67,14,2022-04-22T21:36:14.000Z
"4/22/2022, 4:39:14 PM",3.654,87.6,67.1,14,2022-04-22T21:39:14.000Z
"4/22/2022, 4:42:14 PM",3.654,87.4,67.2,15,2022-04-22T21:42:14.000Z
"4/22/2022, 4:45:14 PM",3.654,87.4,67.3,17,2022-04-22T21:45:14.000Z
"4/22/2022, 4:48:14 PM",3.654,87.3,67.5,15,2022-04-22T21:48:14.000Z
"4/22/2022, 4:51:14 PM",3.654,87.1,67.7,17,2022-04-22T21:51:14.000Z
"4/22/2022, 4:54:14 PM",3.654,87.1,67.8,18,2022-04-22T21:54:14.000Z
"4/22/2022, 4:57:14 PM",3.654,86.9,68,18,2022-04-22T21:57:14.000Z
"4/22/2022, 5:00:14 PM",3.654,86.7,68.2,18,2022-04-22T22:00:14.000Z
"4/22/2022, 5:03:14 PM",3.654,86.5,68.3,19,2022-04-22T22:03:14.000Z
"4/22/2022, 5:06:14 PM",3.654,86.5,68.5,18,2022-04-22T22:06:14.000Z
"4/22/2022, 5:09:14 PM",3.655,86.4,68.6,20,2022-04-22T22:09:14.000Z
"4/22/2022, 5:12:14 PM",3.655,86.2,68.7,18,2022-04-22T22:12:14.000Z
"4/22/2022, 5:15:14 PM",3.655,86,68.8,18,2022-04-22T22:15:14.000Z
"4/22/2022, 5:18:14 PM",3.655,85.8,68.9,18,2022-04-22T22:18:14.000Z
"4/22/2022, 5:21:14 PM",3.655,85.6,69,16,2022-04-22T22:21:14.000Z
"4/22/2022, 5:24:14 PM",3.655,85.3,69.1,19,2022-04-22T22:24:14.000Z
"4/22/2022, 5:27:14 PM",3.655,85.1,69.2,19,2022-04-22T22:27:14.000Z
"4/22/2022, 5:30:14 PM",3.655,85.1,69.3,17,2022-04-22T22:30:14.000Z
"4/22/2022, 5:33:14 PM",3.655,84.9,69.4,19,2022-04-22T22:33:14.000Z
"4/22/2022, 5:36:14 PM",3.655,84.7,69.5,17,2022-04-22T22:36:14.000Z
"4/22/2022, 5:39:14 PM",3.655,84.6,69.7,18,2022-04-22T22:39:14.000Z
"4/22/2022, 5:42:14 PM",3.655,84.4,69.8,18,2022-04-22T22:42:14.000Z
"4/22/2022, 5:45:14 PM",3.655,84.4,69.9,18,2022-04-22T22:45:14.000Z
"4/22/2022, 5:48:14 PM",3.655,84.2,70,18,2022-04-22T22:48:14.000Z
"4/22/2022, 5:51:14 PM",3.655,84,70,18,2022-04-22T22:51:14.000Z
"4/22/2022, 5:54:14 PM",3.655,84,70.2,18,2022-04-22T22:54:14.000Z
"4/22/2022, 5:57:14 PM",3.655,83.8,70.3,17,2022-04-22T22:57:14.000Z
"4/22/2022, 6:00:14 PM",3.655,83.8,70.4,15,2022-04-22T23:00:14.000Z
"4/22/2022, 6:03:14 PM",3.656,83.7,70.5,15,2022-04-22T23:03:14.000Z
"4/22/2022, 6:06:14 PM",3.656,83.5,70.5,15,2022-04-22T23:06:14.000Z
"4/22/2022, 6:09:14 PM",3.655,83.3,70.6,16,2022-04-22T23:09:14.000Z
"4/22/2022, 6:12:14 PM",3.655,83.1,70.7,16,2022-04-22T23:12:14.000Z
"4/22/2022, 6:15:14 PM",3.655,83.1,70.8,16,2022-04-22T23:15:14.000Z
"4/22/2022, 6:18:14 PM",3.656,82.9,70.8,15,2022-04-22T23:18:14.000Z
"4/22/2022, 6:21:14 PM",3.656,82.8,70.9,15,2022-04-22T23:21:14.000Z
"4/22/2022, 6:24:14 PM",3.656,82.6,71,15,2022-04-22T23:24:14.000Z
"4/22/2022, 6:27:14 PM",3.656,82.4,71.1,15,2022-04-22T23:27:14.000Z
"4/22/2022, 6:30:14 PM",3.655,82.4,71.1,14,2022-04-22T23:30:14.000Z
"4/22/2022, 6:33:14 PM",3.656,82.2,71.2,15,2022-04-22T23:33:14.000Z
"4/22/2022, 6:36:14 PM",3.656,82,71.2,15,2022-04-22T23:36:14.000Z
"4/22/2022, 6:39:14 PM",3.656,81.9,71.3,15,2022-04-22T23:39:14.000Z
"4/22/2022, 6:42:14 PM",3.656,81.7,71.3,15,2022-04-22T23:42:14.000Z
"4/22/2022, 6:45:14 PM",3.656,81.7,71.4,15,2022-04-22T23:45:14.000Z
"4/22/2022, 6:48:14 PM",3.656,81.5,71.5,15,2022-04-22T23:48:14.000Z
"4/22/2022, 6:51:14 PM",3.656,81.3,71.5,14,2022-04-22T23:51:14.000Z
"4/22/2022, 6:54:14 PM",3.656,81.1,71.5,15,2022-04-22T23:54:14.000Z
"4/22/2022, 6:57:14 PM",3.655,81,71.6,14,2022-04-22T23:57:14.000Z
"4/22/2022, 7:00:14 PM",3.656,81,71.6,14,2022-04-23T00:00:14.000Z
"4/22/2022, 7:03:14 PM",3.656,80.8,71.7,14,2022-04-23T00:03:14.000Z
"4/22/2022, 7:06:14 PM",3.656,80.6,71.7,14,2022-04-23T00:06:14.000Z
"4/22/2022, 7:09:14 PM",3.656,80.4,71.8,14,2022-04-23T00:09:14.000Z
"4/22/2022, 7:12:14 PM",3.656,80.2,71.8,14,2022-04-23T00:12:14.000Z
"4/22/2022, 7:15:14 PM",3.656,80.1,71.9,13,2022-04-23T00:15:14.000Z
"4/22/2022, 7:18:14 PM",3.656,80.1,72,13,2022-04-23T00:18:14.000Z
"4/22/2022, 7:21:14 PM",3.656,79.9,72,13,2022-04-23T00:21:14.000Z
"4/22/2022, 7:24:14 PM",3.656,79.7,72.1,13,2022-04-23T00:24:14.000Z
"4/22/2022, 7:27:14 PM",3.656,79.5,72.1,13,2022-04-23T00:27:14.000Z
"4/22/2022, 7:30:14 PM",3.656,79.3,72.2,13,2022-04-23T00:30:14.000Z
"4/22/2022, 7:33:14 PM",3.656,79.2,72.2,12,2022-04-23T00:33:14.000Z
"4/22/2022, 7:36:14 PM",3.656,79,72.3,12,2022-04-23T00:36:14.000Z
"4/22/2022, 7:39:14 PM",3.656,79,72.3,12,2022-04-23T00:39:14.000Z
"4/22/2022, 7:42:14 PM",3.656,79,72.4,12,2022-04-23T00:42:14.000Z
"4/22/2022, 7:45:14 PM",3.656,78.6,72.4,12,2022-04-23T00:45:14.000Z
"4/22/2022, 7:48:14 PM",3.656,78.4,72.5,12,2022-04-23T00:48:14.000Z
"4/22/2022, 7:51:14 PM",3.656,78.3,72.5,12,2022-04-23T00:51:14.000Z
"4/22/2022, 7:54:14 PM",3.657,78.3,72.6,12,2022-04-23T00:54:14.000Z
"4/22/2022, 7:57:14 PM",3.656,78.1,72.6,12,2022-04-23T00:57:14.000Z
"4/22/2022, 8:00:14 PM",3.656,77.9,72.7,12,2022-04-23T01:00:14.000Z
"4/22/2022, 8:03:14 PM",3.656,77.7,72.8,13,2022-04-23T01:03:14.000Z
"4/22/2022, 8:06:14 PM",3.656,77.7,72.8,13,2022-04-23T01:06:14.000Z
"4/22/2022, 8:09:14 PM",3.657,77.5,72.9,13,2022-04-23T01:09:14.000Z
"4/22/2022, 8:12:14 PM",3.656,77.4,73,12,2022-04-23T01:12:14.000Z
"4/22/2022, 8:15:14 PM",3.656,77.4,73,12,2022-04-23T01:15:14.000Z
"4/22/2022, 8:18:14 PM",3.656,77.2,73.1,12,2022-04-23T01:18:14.000Z
"4/22/2022, 8:21:14 PM",3.656,77.2,73.2,12,2022-04-23T01:21:14.000Z
"4/22/2022, 8:24:14 PM",3.657,77,73.2,12,2022-04-23T01:24:14.000Z
"4/22/2022, 8:27:14 PM",3.656,77,73.3,12,2022-04-23T01:27:14.000Z
"4/22/2022, 8:30:14 PM",3.656,76.8,73.4,12,2022-04-23T01:30:14.000Z
"4/22/2022, 8:33:14 PM",3.656,76.8,73.5,12,2022-04-23T01:33:14.000Z
"4/22/2022, 8:36:14 PM",3.656,76.6,73.5,11,2022-04-23T01:36:14.000Z
"4/22/2022, 8:39:14 PM",3.656,76.6,73.6,12,2022-04-23T01:39:14.000Z
"4/22/2022, 8:42:14 PM",3.656,76.5,73.6,12,2022-04-23T01:42:14.000Z
"4/22/2022, 8:45:14 PM",3.656,76.5,73.7,12,2022-04-23T01:45:14.000Z
"4/22/2022, 8:48:14 PM",3.657,76.3,73.8,12,2022-04-23T01:48:14.000Z
"4/22/2022, 8:51:14 PM",3.656,76.3,73.8,12,2022-04-23T01:51:14.000Z
"4/22/2022, 8:54:14 PM",3.656,76.3,73.9,11,2022-04-23T01:54:14.000Z
"4/22/2022, 8:57:14 PM",3.657,76.3,74,12,2022-04-23T01:57:14.000Z
"4/22/2022, 9:00:14 PM",3.656,76.1,74.1,12,2022-04-23T02:00:14.000Z
"4/22/2022, 9:03:14 PM",3.656,76.1,74.2,12,2022-04-23T02:03:14.000Z
"4/22/2022, 9:06:14 PM",3.656,76.1,74.2,12,2022-04-23T02:06:14.000Z
"4/22/2022, 9:09:14 PM",3.656,75.9,74.3,11,2022-04-23T02:09:14.000Z
"4/22/2022, 9:12:14 PM",3.656,75.9,74.4,12,2022-04-23T02:12:14.000Z
"4/22/2022, 9:15:14 PM",3.656,75.9,74.4,11,2022-04-23T02:15:14.000Z
"4/22/2022, 9:18:14 PM",3.656,75.7,74.5,11,2022-04-23T02:18:14.000Z
"4/22/2022, 9:21:14 PM",3.656,75.7,74.6,11,2022-04-23T02:21:14.000Z
"4/22/2022, 9:24:14 PM",3.656,75.7,74.6,11,2022-04-23T02:24:14.000Z
"4/22/2022, 9:27:14 PM",3.656,75.7,74.7,11,2022-04-23T02:27:14.000Z
"4/22/2022, 9:30:14 PM",3.656,75.7,74.8,11,2022-04-23T02:30:14.000Z
"4/22/2022, 9:33:14 PM",3.656,75.6,74.9,11,2022-04-23T02:33:14.000Z
"4/22/2022, 9:36:14 PM",3.656,75.6,74.8,11,2022-04-23T02:36:14.000Z
"4/22/2022, 9:39:14 PM",3.656,75.6,74.9,11,2022-04-23T02:39:14.000Z
"4/22/2022, 9:42:14 PM",3.656,75.4,75,11,2022-04-23T02:42:14.000Z
"4/22/2022, 9:45:14 PM",3.656,75.4,75.1,10,2022-04-23T02:45:14.000Z
"4/22/2022, 9:48:14 PM",3.656,75.4,75.1,11,2022-04-23T02:48:14.000Z
"4/22/2022, 9:51:14 PM",3.656,75.4,75.2,11,2022-04-23T02:51:14.000Z
"4/22/2022, 9:54:14 PM",3.656,75.2,75.3,10,2022-04-23T02:54:14.000Z
"4/22/2022, 9:57:14 PM",3.656,75.2,75.3,10,2022-04-23T02:57:14.000Z
"4/22/2022, 10:00:14 PM",3.656,75.2,75.3,10,2022-04-23T03:00:14.000Z
"4/22/2022, 10:03:14 PM",3.656,75.2,75.4,10,2022-04-23T03:03:14.000Z
"4/22/2022, 10:06:14 PM",3.656,75,75.5,10,2022-04-23T03:06:14.000Z
"4/22/2022, 10:09:14 PM",3.656,75,75.5,10,2022-04-23T03:09:14.000Z
"4/22/2022, 10:12:14 PM",3.656,75,75.6,11,2022-04-23T03:12:14.000Z
"4/22/2022, 10:15:14 PM",3.656,75,75.7,10,2022-04-23T03:15:14.000Z
"4/22/2022, 10:18:14 PM",3.656,74.8,75.7,10,2022-04-23T03:18:14.000Z
"4/22/2022, 10:21:14 PM",3.656,74.8,75.8,11,2022-04-23T03:21:14.000Z
"4/22/2022, 10:24:14 PM",3.656,74.8,75.8,10,2022-04-23T03:24:14.000Z
"4/22/2022, 10:27:14 PM",3.656,74.8,75.9,10,2022-04-23T03:27:14.000Z
"4/22/2022, 10:30:14 PM",3.656,74.7,76,10,2022-04-23T03:30:14.000Z
"4/22/2022, 10:33:14 PM",3.656,74.7,76,10,2022-04-23T03:33:14.000Z
"4/22/2022, 10:36:14 PM",3.656,74.7,76.1,10,2022-04-23T03:36:14.000Z
"4/22/2022, 10:39:14 PM",3.656,74.7,76.2,10,2022-04-23T03:39:14.000Z
"4/22/2022, 10:42:14 PM",3.656,74.7,76.2,10,2022-04-23T03:42:14.000Z
"4/22/2022, 10:45:14 PM",3.657,74.7,76.2,10,2022-04-23T03:45:14.000Z
"4/22/2022, 10:48:14 PM",3.656,74.5,76.3,10,2022-04-23T03:48:14.000Z
"4/22/2022, 10:51:14 PM",3.656,74.5,76.4,10,2022-04-23T03:51:14.000Z
"4/22/2022, 10:54:14 PM",3.656,74.5,76.4,10,2022-04-23T03:54:14.000Z
"4/22/2022, 10:57:14 PM",3.656,74.3,76.5,10,2022-04-23T03:57:14.000Z
"4/22/2022, 11:00:14 PM",3.656,74.3,76.6,10,2022-04-23T04:00:14.000Z
"4/22/2022, 11:03:14 PM",3.656,74.3,76.6,10,2022-04-23T04:03:14.000Z
"4/22/2022, 11:06:14 PM",3.656,74.3,76.6,10,2022-04-23T04:06:14.000Z
"4/22/2022, 11:09:14 PM",3.656,74.1,76.7,10,2022-04-23T04:09:14.000Z
"4/22/2022, 11:12:14 PM",3.656,74.1,76.7,10,2022-04-23T04:12:14.000Z
"4/22/2022, 11:15:14 PM",3.656,74.1,76.8,10,2022-04-23T04:15:14.000Z
"4/22/2022, 11:18:14 PM",3.656,74.1,76.9,10,2022-04-23T04:18:14.000Z
"4/22/2022, 11:21:14 PM",3.656,73.9,76.9,10,2022-04-23T04:21:14.000Z
"4/22/2022, 11:24:14 PM",3.656,73.9,77,10,2022-04-23T04:24:14.000Z
"4/22/2022, 11:27:14 PM",3.656,73.9,77,10,2022-04-23T04:27:14.000Z
"4/22/2022, 11:30:14 PM",3.656,73.9,77.1,11,2022-04-23T04:30:14.000Z
"4/22/2022, 11:33:14 PM",3.656,73.9,77.1,10,2022-04-23T04:33:14.000Z
"4/22/2022, 11:36:14 PM",3.656,73.9,77.2,11,2022-04-23T04:36:14.000Z
"4/22/2022, 11:39:14 PM",3.656,73.9,77.2,10,2022-04-23T04:39:14.000Z
"4/22/2022, 11:42:14 PM",3.656,73.9,77.2,10,2022-04-23T04:42:14.000Z
"4/22/2022, 11:45:14 PM",3.656,73.9,77.3,11,2022-04-23T04:45:14.000Z
"4/22/2022, 11:48:14 PM",3.656,73.8,77.4,10,2022-04-23T04:48:14.000Z
"4/22/2022, 11:51:14 PM",3.656,73.8,77.4,10,2022-04-23T04:51:14.000Z
"4/22/2022, 11:54:14 PM",3.656,73.8,77.5,10,2022-04-23T04:54:14.000Z
"4/22/2022, 11:57:14 PM",3.656,73.8,77.6,10,2022-04-23T04:57:14.000Z
"4/23/2022, 12:00:14 AM",3.656,73.8,77.6,10,2022-04-23T05:00:14.000Z
"4/23/2022, 12:03:14 AM",3.656,73.8,77.6,10,2022-04-23T05:03:14.000Z
"4/23/2022, 12:06:14 AM",3.656,73.8,77.7,10,2022-04-23T05:06:14.000Z
"4/23/2022, 12:09:14 AM",3.656,73.6,77.7,10,2022-04-23T05:09:14.000Z
"4/23/2022, 12:12:14 AM",3.656,73.6,77.8,10,2022-04-23T05:12:14.000Z
"4/23/2022, 12:15:14 AM",3.656,73.6,77.8,10,2022-04-23T05:15:14.000Z
"4/23/2022, 12:18:14 AM",3.656,73.6,77.9,10,2022-04-23T05:18:14.000Z
"4/23/2022, 12:21:14 AM",3.656,73.6,77.9,10,2022-04-23T05:21:14.000Z
"4/23/2022, 12:24:14 AM",3.656,73.6,78,11,2022-04-23T05:24:14.000Z
"4/23/2022, 12:27:14 AM",3.656,73.8,78.1,11,2022-04-23T05:27:14.000Z
"4/23/2022, 12:30:14 AM",3.656,73.8,78.1,11,2022-04-23T05:30:14.000Z
"4/23/2022, 12:33:14 AM",3.656,73.8,78.2,11,2022-04-23T05:33:14.000Z
"4/23/2022, 12:36:14 AM",3.656,73.8,78.2,11,2022-04-23T05:36:14.000Z
"4/23/2022, 12:39:14 AM",3.656,73.6,78.2,11,2022-04-23T05:39:14.000Z
"4/23/2022, 12:42:14 AM",3.656,73.8,78.3,11,2022-04-23T05:42:14.000Z
"4/23/2022, 12:45:14 AM",3.656,73.6,78.3,11,2022-04-23T05:45:14.000Z
"4/23/2022, 12:48:14 AM",3.656,73.6,78.4,11,2022-04-23T05:48:14.000Z
"4/23/2022, 12:51:14 AM",3.655,73.6,78.4,11,2022-04-23T05:51:14.000Z
"4/23/2022, 12:54:14 AM",3.656,73.6,78.5,11,2022-04-23T05:54:14.000Z
"4/23/2022, 12:57:14 AM",3.656,73.6,78.5,11,2022-04-23T05:57:14.000Z
"4/23/2022, 1:00:14 AM",3.656,73.6,78.6,11,2022-04-23T06:00:14.000Z
"4/23/2022, 1:03:14 AM",3.656,73.6,78.6,11,2022-04-23T06:03:14.000Z
"4/23/2022, 1:06:14 AM",3.656,73.6,78.6,11,2022-04-23T06:06:14.000Z
"4/23/2022, 1:09:14 AM",3.656,73.4,78.7,11,2022-04-23T06:09:14.000Z
"4/23/2022, 1:12:14 AM",3.656,73.4,78.8,11,2022-04-23T06:12:14.000Z
"4/23/2022, 1:15:14 AM",3.656,73.4,78.8,11,2022-04-23T06:15:14.000Z
"4/23/2022, 1:18:14 AM",3.656,73.2,78.8,10,2022-04-23T06:18:14.000Z
"4/23/2022, 1:21:14 AM",3.656,73.2,78.9,10,2022-04-23T06:21:14.000Z
"4/23/2022, 1:24:14 AM",3.656,73,78.9,10,2022-04-23T06:24:14.000Z
"4/23/2022, 1:27:14 AM",3.656,73,78.9,10,2022-04-23T06:27:14.000Z
"4/23/2022, 1:30:14 AM",3.656,72.9,78.9,10,2022-04-23T06:30:14.000Z
"4/23/2022, 1:33:14 AM",3.656,72.9,79,10,2022-04-23T06:33:14.000Z
"4/23/2022, 1:36:14 AM",3.656,72.7,79,10,2022-04-23T06:36:14.000Z
"4/23/2022, 1:39:14 AM",3.656,72.7,79,10,2022-04-23T06:39:14.000Z
"4/23/2022, 1:42:14 AM",3.656,72.5,79,10,2022-04-23T06:42:14.000Z
"4/23/2022, 1:45:14 AM",3.656,72.5,79.1,10,2022-04-23T06:45:14.000Z
"4/23/2022, 1:48:14 AM",3.656,72.3,79,10,2022-04-23T06:48:14.000Z
"4/23/2022, 1:51:14 AM",3.656,72.3,79.1,9,2022-04-23T06:51:14.000Z
"4/23/2022, 1:54:14 AM",3.657,72.1,79.1,10,2022-04-23T06:54:14.000Z
"4/23/2022, 1:57:14 AM",3.656,72.1,79.1,10,2022-04-23T06:57:14.000Z
"4/23/2022, 2:00:14 AM",3.656,72,79.2,10,2022-04-23T07:00:14.000Z
"4/23/2022, 2:03:14 AM",3.656,72,79.2,10,2022-04-23T07:03:14.000Z
"4/23/2022, 2:06:14 AM",3.656,72,79.2,10,2022-04-23T07:06:14.000Z
"4/23/2022, 2:09:14 AM",3.656,71.8,79.3,10,2022-04-23T07:09:14.000Z
"4/23/2022, 2:12:14 AM",3.656,71.8,79.3,10,2022-04-23T07:12:14.000Z
"4/23/2022, 2:15:14 AM",3.656,71.6,79.4,10,2022-04-23T07:15:14.000Z
"4/23/2022, 2:18:14 AM",3.656,71.6,79.4,10,2022-04-23T07:18:14.000Z
"4/23/2022, 2:21:14 AM",3.656,71.4,79.4,10,2022-04-23T07:21:14.000Z
"4/23/2022, 2:24:14 AM",3.656,71.4,79.4,10,2022-04-23T07:24:14.000Z
"4/23/2022, 2:27:14 AM",3.656,71.4,79.4,10,2022-04-23T07:27:14.000Z
"4/23/2022, 2:30:14 AM",3.656,71.2,79.5,10,2022-04-23T07:30:14.000Z
"4/23/2022, 2:33:14 AM",3.656,71.2,79.6,10,2022-04-23T07:33:14.000Z
"4/23/2022, 2:36:14 AM",3.656,71.2,79.5,10,2022-04-23T07:36:14.000Z
"4/23/2022, 2:39:14 AM",3.656,71.1,79.6,10,2022-04-23T07:39:14.000Z
"4/23/2022, 2:42:14 AM",3.656,71.1,79.6,9,2022-04-23T07:42:14.000Z
"4/23/2022, 2:45:14 AM",3.656,70.9,79.7,9,2022-04-23T07:45:14.000Z
"4/23/2022, 2:48:14 AM",3.656,70.9,79.7,9,2022-04-23T07:48:14.000Z
"4/23/2022, 2:51:14 AM",3.656,70.7,79.7,9,2022-04-23T07:51:14.000Z
"4/23/2022, 2:54:14 AM",3.656,70.7,79.8,10,2022-04-23T07:54:14.000Z
"4/23/2022, 2:57:14 AM",3.656,70.7,79.8,10,2022-04-23T07:57:14.000Z
"4/23/2022, 3:00:14 AM",3.656,70.5,79.8,10,2022-04-23T08:00:14.000Z
"4/23/2022, 3:03:14 AM",3.656,70.5,79.8,10,2022-04-23T08:03:14.000Z
"4/23/2022, 3:06:14 AM",3.656,70.5,79.9,10,2022-04-23T08:06:14.000Z
"4/23/2022, 3:09:14 AM",3.655,70.5,79.9,10,2022-04-23T08:09:14.000Z
"4/23/2022, 3:12:14 AM",3.656,70.5,80,10,2022-04-23T08:12:14.000Z
"4/23/2022, 3:15:14 AM",3.656,70.5,80,10,2022-04-23T08:15:14.000Z
"4/23/2022, 3:18:14 AM",3.656,70.3,80.1,10,2022-04-23T08:18:14.000Z
"4/23/2022, 3:21:14 AM",3.656,70.3,80.1,10,2022-04-23T08:21:14.000Z
"4/23/2022, 3:24:14 AM",3.656,70.3,80.1,10,2022-04-23T08:24:14.000Z
"4/23/2022, 3:27:14 AM",3.656,70.3,80.1,10,2022-04-23T08:27:14.000Z
"4/23/2022, 3:30:14 AM",3.656,70.3,80.1,10,2022-04-23T08:30:14.000Z
"4/23/2022, 3:33:14 AM",3.655,70.3,80.1,10,2022-04-23T08:33:14.000Z
"4/23/2022, 3:36:14 AM",3.656,70.5,80.2,10,2022-04-23T08:36:14.000Z
"4/23/2022, 3:39:14 AM",3.656,70.5,80.2,10,2022-04-23T08:39:14.000Z
"4/23/2022, 3:42:14 AM",3.656,70.3,80.2,10,2022-04-23T08:42:14.000Z
"4/23/2022, 3:45:14 AM",3.656,70.3,80.3,10,2022-04-23T08:45:14.000Z
"4/23/2022, 3:48:14 AM",3.656,70.3,80.3,10,2022-04-23T08:48:14.000Z
"4/23/2022, 3:51:14 AM",3.656,70.3,80.4,10,2022-04-23T08:51:14.000Z
"4/23/2022, 3:54:14 AM",3.656,70.3,80.4,10,2022-04-23T08:54:14.000Z
"4/23/2022, 3:57:14 AM",3.656,70.3,80.4,10,2022-04-23T08:57:14.000Z
"4/23/2022, 4:00:14 AM",3.656,70.2,80.5,10,2022-04-23T09:00:14.000Z
"4/23/2022, 4:03:14 AM",3.655,70.2,80.5,10,2022-04-23T09:03:14.000Z
"4/23/2022, 4:06:14 AM",3.656,70.2,80.6,10,2022-04-23T09:06:14.000Z
"4/23/2022, 4:09:14 AM",3.655,70.2,80.6,10,2022-04-23T09:09:14.000Z
"4/23/2022, 4:12:14 AM",3.656,70.2,80.6,10,2022-04-23T09:12:14.000Z
"4/23/2022, 4:15:14 AM",3.655,70.2,80.6,10,2022-04-23T09:15:14.000Z
"4/23/2022, 4:18:14 AM",3.656,70.2,80.7,10,2022-04-23T09:18:14.000Z
"4/23/2022, 4:21:14 AM",3.656,70.2,80.7,10,2022-04-23T09:21:14.000Z
"4/23/2022, 4:24:14 AM",3.656,70,80.8,10,2022-04-23T09:24:14.000Z
"4/23/2022, 4:27:14 AM",3.655,70,80.8,10,2022-04-23T09:27:14.000Z
"4/23/2022, 4:30:14 AM",3.655,70,80.8,10,2022-04-23T09:30:14.000Z
"4/23/2022, 4:33:14 AM",3.656,70,80.9,10,2022-04-23T09:33:14.000Z
"4/23/2022, 4:36:14 AM",3.656,70,80.9,10,2022-04-23T09:36:14.000Z
"4/23/2022, 4:39:14 AM",3.656,70,80.9,10,2022-04-23T09:39:14.000Z
"4/23/2022, 4:42:14 AM",3.655,70,80.9,10,2022-04-23T09:42:14.000Z
"4/23/2022, 4:45:14 AM",3.656,70,81,10,2022-04-23T09:45:14.000Z
"4/23/2022, 4:48:14 AM",3.656,70,81,10,2022-04-23T09:48:14.000Z
"4/23/2022, 4:51:14 AM",3.656,70,81,10,2022-04-23T09:51:14.000Z
"4/23/2022, 4:54:14 AM",3.655,69.8,81.1,10,2022-04-23T09:54:14.000Z
"4/23/2022, 4:57:14 AM",3.655,69.8,81.1,10,2022-04-23T09:57:14.000Z
"4/23/2022, 5:00:14 AM",3.656,69.8,81.1,10,2022-04-23T10:00:14.000Z
"4/23/2022, 5:03:14 AM",3.655,70,81.2,10,2022-04-23T10:03:14.000Z
"4/23/2022, 5:06:14 AM",3.656,70,81.2,10,2022-04-23T10:06:14.000Z
"4/23/2022, 5:09:14 AM",3.656,70,81.2,10,2022-04-23T10:09:14.000Z
"4/23/2022, 5:12:14 AM",3.656,70,81.2,10,2022-04-23T10:12:14.000Z
"4/23/2022, 5:15:14 AM",3.656,69.8,81.3,9,2022-04-23T10:15:14.000Z
"4/23/2022, 5:18:14 AM",3.656,69.8,81.3,9,2022-04-23T10:18:14.000Z
"4/23/2022, 5:21:14 AM",3.656,69.8,81.3,9,2022-04-23T10:21:14.000Z
"4/23/2022, 5:24:14 AM",3.655,69.8,81.4,9,2022-04-23T10:24:14.000Z
"4/23/2022, 5:27:14 AM",3.656,70,81.4,9,2022-04-23T10:27:14.000Z
"4/23/2022, 5:30:14 AM",3.655,70,81.4,9,2022-04-23T10:30:14.000Z
"4/23/2022, 5:33:14 AM",3.656,69.8,81.4,9,2022-04-23T10:33:14.000Z
"4/23/2022, 5:36:14 AM",3.655,69.8,81.5,9,2022-04-23T10:36:14.000Z
"4/23/2022, 5:39:14 AM",3.655,69.8,81.5,9,2022-04-23T10:39:14.000Z
"4/23/2022, 5:42:14 AM",3.655,69.8,81.6,9,2022-04-23T10:42:14.000Z
"4/23/2022, 5:45:14 AM",3.655,69.8,81.6,9,2022-04-23T10:45:14.000Z
"4/23/2022, 5:48:14 AM",3.655,69.8,81.6,9,2022-04-23T10:48:14.000Z
"4/23/2022, 5:51:14 AM",3.655,69.6,81.6,9,2022-04-23T10:51:14.000Z
"4/23/2022, 5:54:14 AM",3.655,69.6,81.7,9,2022-04-23T10:54:14.000Z
"4/23/2022, 5:57:14 AM",3.655,69.6,81.7,9,2022-04-23T10:57:14.000Z
"4/23/2022, 6:00:14 AM",3.655,69.6,81.7,9,2022-04-23T11:00:14.000Z
"4/23/2022, 6:03:14 AM",3.655,69.6,81.7,9,2022-04-23T11:03:14.000Z
"4/23/2022, 6:06:14 AM",3.655,69.6,81.7,9,2022-04-23T11:06:14.000Z
"4/23/2022, 6:09:14 AM",3.655,69.6,81.8,9,2022-04-23T11:09:14.000Z
"4/23/2022, 6:12:14 AM",3.656,69.6,81.8,9,2022-04-23T11:12:14.000Z
"4/23/2022, 6:15:14 AM",3.655,69.6,81.8,9,2022-04-23T11:15:14.000Z
"4/23/2022, 6:18:14 AM",3.655,69.6,81.9,9,2022-04-23T11:18:14.000Z
"4/23/2022, 6:21:14 AM",3.655,69.6,81.9,8,2022-04-23T11:21:14.000Z
"4/23/2022, 6:24:14 AM",3.655,69.6,81.9,8,2022-04-23T11:24:14.000Z
"4/23/2022, 6:27:14 AM",3.655,69.6,82,8,2022-04-23T11:27:14.000Z
"4/23/2022, 6:30:14 AM",3.655,69.8,82,8,2022-04-23T11:30:14.000Z
"4/23/2022, 6:33:14 AM",3.655,69.8,82,8,2022-04-23T11:33:14.000Z
"4/23/2022, 6:36:14 AM",3.655,69.8,82.1,8,2022-04-23T11:36:14.000Z
"4/23/2022, 6:39:14 AM",3.655,70,82.1,8,2022-04-23T11:39:14.000Z
"4/23/2022, 6:42:14 AM",3.655,70,82.1,8,2022-04-23T11:42:14.000Z
"4/23/2022, 6:45:14 AM",3.655,70.2,82.1,8,2022-04-23T11:45:14.000Z
"4/23/2022, 6:48:14 AM",3.655,70.3,82.2,8,2022-04-23T11:48:14.000Z
"4/23/2022, 6:51:14 AM",3.655,70.3,82.2,9,2022-04-23T11:51:14.000Z
"4/23/2022, 6:54:14 AM",3.655,70.5,82.2,8,2022-04-23T11:54:14.000Z
"4/23/2022, 6:57:14 AM",3.655,70.7,82.3,8,2022-04-23T11:57:14.000Z
"4/23/2022, 7:00:14 AM",3.655,70.7,82.3,8,2022-04-23T12:00:14.000Z
"4/23/2022, 7:03:14 AM",3.655,70.7,82.3,8,2022-04-23T12:03:14.000Z
"4/23/2022, 7:06:14 AM",3.655,70.9,82.4,8,2022-04-23T12:06:14.000Z
"4/23/2022, 7:09:14 AM",3.655,71.1,82.4,8,2022-04-23T12:09:14.000Z
"4/23/2022, 7:12:14 AM",3.655,71.2,82.4,9,2022-04-23T12:12:14.000Z
"4/23/2022, 7:15:14 AM",3.655,71.4,82.4,9,2022-04-23T12:15:14.000Z
"4/23/2022, 7:18:14 AM",3.654,71.6,82.5,9,2022-04-23T12:18:14.000Z
"4/23/2022, 7:21:14 AM",3.655,71.8,82.5,9,2022-04-23T12:21:14.000Z
"4/23/2022, 7:24:14 AM",3.655,72.1,82.5,9,2022-04-23T12:24:14.000Z
"4/23/2022, 7:27:14 AM",3.655,72.3,82.5,9,2022-04-23T12:27:14.000Z
"4/23/2022, 7:30:14 AM",3.655,72.3,82.5,9,2022-04-23T12:30:14.000Z
"4/23/2022, 7:33:14 AM",3.654,72.7,82.6,10,2022-04-23T12:33:14.000Z
"4/23/2022, 7:36:14 AM",3.654,72.9,82.6,10,2022-04-23T12:36:14.000Z
"4/23/2022, 7:39:14 AM",3.655,73,82.7,10,2022-04-23T12:39:14.000Z
"4/23/2022, 7:42:14 AM",3.655,73.4,82.7,10,2022-04-23T12:42:14.000Z
"4/23/2022, 7:45:14 AM",3.654,73.6,82.7,10,2022-04-23T12:45:14.000Z
"4/23/2022, 7:48:14 AM",3.655,73.8,82.7,10,2022-04-23T12:48:14.000Z
"4/23/2022, 7:51:14 AM",3.654,73.9,82.8,11,2022-04-23T12:51:14.000Z
"4/23/2022, 7:54:14 AM",3.654,74.3,82.8,10,2022-04-23T12:54:14.000Z
"4/23/2022, 7:57:14 AM",3.654,74.5,82.8,11,2022-04-23T12:57:14.000Z
"4/23/2022, 8:00:14 AM",3.654,74.7,82.8,11,2022-04-23T13:00:14.000Z
"4/23/2022, 8:03:14 AM",3.654,74.8,82.9,11,2022-04-23T13:03:14.000Z
"4/23/2022, 8:06:14 AM",3.654,75.2,82.9,11,2022-04-23T13:06:14.000Z
"4/23/2022, 8:09:14 AM",3.654,75.4,82.9,12,2022-04-23T13:09:14.000Z
"4/23/2022, 8:12:14 AM",3.654,75.7,83,12,2022-04-23T13:12:14.000Z
"4/23/2022, 8:15:14 AM",3.654,75.9,83,12,2022-04-23T13:15:14.000Z
"4/23/2022, 8:18:14 AM",3.654,76.1,83,13,2022-04-23T13:18:14.000Z
"4/23/2022, 8:21:14 AM",3.654,76.3,83.1,13,2022-04-23T13:21:14.000Z
"4/23/2022, 8:24:14 AM",3.654,76.6,83.1,13,2022-04-23T13:24:14.000Z
"4/23/2022, 8:27:14 AM",3.654,76.8,83.2,13,2022-04-23T13:27:14.000Z
"4/23/2022, 8:30:14 AM",3.654,77,83.2,13,2022-04-23T13:30:14.000Z
"4/23/2022, 8:33:14 AM",3.654,77.4,83.3,13,2022-04-23T13:33:14.000Z
"4/23/2022, 8:36:14 AM",3.654,77.7,83.3,13,2022-04-23T13:36:14.000Z
"4/23/2022, 8:39:14 AM",3.654,77.9,83.3,13,2022-04-23T13:39:14.000Z
"4/23/2022, 8:42:14 AM",3.654,78.3,83.3,14,2022-04-23T13:42:14.000Z
"4/23/2022, 8:45:14 AM",3.653,78.6,83.4,14,2022-04-23T13:45:14.000Z
"4/23/2022, 8:48:14 AM",3.654,78.8,83.4,14,2022-04-23T13:48:14.000Z
"4/23/2022, 8:51:14 AM",3.653,78.8,83.4,13,2022-04-23T13:51:14.000Z
"4/23/2022, 8:54:14 AM",3.654,79,83.4,13,2022-04-23T13:54:14.000Z
"4/23/2022, 8:57:14 AM",3.654,79,83.4,13,2022-04-23T13:57:14.000Z
"4/23/2022, 9:00:14 AM",3.654,79,83.5,14,2022-04-23T14:00:14.000Z
"4/23/2022, 9:03:14 AM",3.654,79,83.5,13,2022-04-23T14:03:14.000Z
"4/23/2022, 9:06:14 AM",3.654,79.2,83.6,13,2022-04-23T14:06:14.000Z
"4/23/2022, 9:09:14 AM",3.653,79.2,83.6,13,2022-04-23T14:09:14.000Z
"4/23/2022, 9:12:14 AM",3.654,79.2,83.6,13,2022-04-23T14:12:14.000Z
"4/23/2022, 9:15:14 AM",3.654,79.3,83.7,14,2022-04-23T14:15:14.000Z
"4/23/2022, 9:18:14 AM",3.654,79.5,83.7,14,2022-04-23T14:18:14.000Z
"4/23/2022, 9:21:14 AM",3.654,79.5,83.8,14,2022-04-23T14:21:14.000Z
"4/23/2022, 9:24:14 AM",3.654,79.7,83.8,14,2022-04-23T14:24:14.000Z
"4/23/2022, 9:27:14 AM",3.654,79.9,83.8,15,2022-04-23T14:27:14.000Z
"4/23/2022, 9:30:14 AM",3.654,80.1,83.9,15,2022-04-23T14:30:14.000Z
"4/23/2022, 9:33:14 AM",3.654,80.1,83.9,16,2022-04-23T14:33:14.000Z
"4/23/2022, 9:36:14 AM",3.654,80.1,83.9,15,2022-04-23T14:36:14.000Z
"4/23/2022, 9:39:14 AM",3.654,80.2,83.9,16,2022-04-23T14:39:14.000Z
"4/23/2022, 9:42:14 AM",3.654,80.2,84,16,2022-04-23T14:42:14.000Z
"4/23/2022, 9:45:14 AM",3.654,80.2,84,16,2022-04-23T14:45:14.000Z
"4/23/2022, 9:48:14 AM",3.654,80.2,84.1,15,2022-04-23T14:48:14.000Z
"4/23/2022, 9:51:14 AM",3.654,80.2,84.1,16,2022-04-23T14:51:14.000Z
"4/23/2022, 9:54:14 AM",3.654,80.2,84.1,16,2022-04-23T14:54:14.000Z
"4/23/2022, 9:57:14 AM",3.654,80.4,84.2,16,2022-04-23T14:57:14.000Z
"4/23/2022, 10:00:14 AM",3.654,80.6,84.2,16,2022-04-23T15:00:14.000Z
"4/23/2022, 10:03:14 AM",3.654,80.6,84.3,16,2022-04-23T15:03:14.000Z
"4/23/2022, 10:06:14 AM",3.654,80.8,84.3,16,2022-04-23T15:06:14.000Z
"4/23/2022, 10:09:14 AM",3.654,81,84.3,16,2022-04-23T15:09:14.000Z
"4/23/2022, 10:12:14 AM",3.655,81,84.3,17,2022-04-23T15:12:14.000Z
"4/23/2022, 10:15:14 AM",3.655,81,84.4,17,2022-04-23T15:15:14.000Z
"4/23/2022, 10:18:14 AM",3.654,81,84.4,17,2022-04-23T15:18:14.000Z
"4/23/2022, 10:21:14 AM",3.654,81.1,84.4,17,2022-04-23T15:21:14.000Z
"4/23/2022, 10:24:14 AM",3.654,81.1,84.5,18,2022-04-23T15:24:14.000Z
"4/23/2022, 10:27:14 AM",3.654,81.1,84.5,17,2022-04-23T15:27:14.000Z
"4/23/2022, 10:30:14 AM",3.654,81.1,84.6,17,2022-04-23T15:30:14.000Z
"4/23/2022, 10:33:14 AM",3.654,81.3,84.6,17,2022-04-23T15:33:14.000Z
"4/23/2022, 10:36:14 AM",3.654,81.5,84.6,17,2022-04-23T15:36:14.000Z
"4/23/2022, 10:39:14 AM",3.654,81.5,84.7,17,2022-04-23T15:39:14.000Z
"4/23/2022, 10:42:14 AM",3.654,81.7,84.7,17,2022-04-23T15:42:14.000Z
"4/23/2022, 10:45:14 AM",3.654,81.7,84.7,17,2022-04-23T15:45:14.000Z
"4/23/2022, 10:48:14 AM",3.654,81.9,84.7,17,2022-04-23T15:48:14.000Z
"4/23/2022, 10:51:14 AM",3.654,82,84.8,17,2022-04-23T15:51:14.000Z
"4/23/2022, 10:54:14 AM",3.654,82,84.8,16,2022-04-23T15:54:14.000Z
"4/23/2022, 10:57:14 AM",3.655,82.2,84.8,15,2022-04-23T15:57:14.000Z
"4/23/2022, 11:00:14 AM",3.654,82.2,84.8,15,2022-04-23T16:00:14.000Z
"4/23/2022, 11:03:14 AM",3.654,82.4,84.9,14,2022-04-23T16:03:14.000Z
"4/23/2022, 11:06:14 AM",3.654,82.6,84.9,15,2022-04-23T16:06:14.000Z
"4/23/2022, 11:09:14 AM",3.654,82.8,84.9,15,2022-04-23T16:09:14.000Z
"4/23/2022, 11:12:14 AM",3.654,82.9,85,15,2022-04-23T16:12:14.000Z
"4/23/2022, 11:15:14 AM",3.654,83.1,85,15,2022-04-23T16:15:14.000Z
"4/23/2022, 11:18:14 AM",3.654,83.5,85,14,2022-04-23T16:18:14.000Z
"4/23/2022, 11:21:14 AM",3.654,83.7,85,14,2022-04-23T16:21:14.000Z
"4/23/2022, 11:24:14 AM",3.654,83.8,85,14,2022-04-23T16:24:14.000Z
"4/23/2022, 11:27:14 AM",3.654,84,85.1,14,2022-04-23T16:27:14.000Z
"4/23/2022, 11:30:14 AM",3.654,84.2,85.1,13,2022-04-23T16:30:14.000Z
"4/23/2022, 11:33:14 AM",3.654,84.4,85.1,14,2022-04-23T16:33:14.000Z
"4/23/2022, 11:36:14 AM",3.654,84.6,85.1,13,2022-04-23T16:36:14.000Z
"4/23/2022, 11:39:14 AM",3.654,84.7,85.1,13,2022-04-23T16:39:14.000Z
"4/23/2022, 11:42:14 AM",3.654,84.9,85.1,13,2022-04-23T16:42:14.000Z
"4/23/2022, 11:45:14 AM",3.653,85.1,85.1,12,2022-04-23T16:45:14.000Z
"4/23/2022, 11:48:14 AM",3.654,85.3,85.2,13,2022-04-23T16:48:14.000Z
"4/23/2022, 11:51:14 AM",3.654,85.3,85.2,13,2022-04-23T16:51:14.000Z
"4/23/2022, 11:54:14 AM",3.654,85.5,85.2,12,2022-04-23T16:54:14.000Z
"4/23/2022, 11:57:14 AM",3.654,85.6,85.2,13,2022-04-23T16:57:14.000Z
"4/23/2022, 12:00:14 PM",3.654,85.6,85.2,11,2022-04-23T17:00:14.000Z
"4/23/2022, 12:03:14 PM",3.654,85.6,85.2,11,2022-04-23T17:03:14.000Z
"4/23/2022, 12:06:14 PM",3.654,85.8,85.3,12,2022-04-23T17:06:14.000Z
"4/23/2022, 12:09:14 PM",3.654,85.8,85.3,12,2022-04-23T17:09:14.000Z
"4/23/2022, 12:12:14 PM",3.654,86,85.3,11,2022-04-23T17:12:14.000Z
"4/23/2022, 12:15:14 PM",3.654,86.2,85.3,12,2022-04-23T17:15:14.000Z
"4/23/2022, 12:18:14 PM",3.654,86.4,85.3,12,2022-04-23T17:18:14.000Z
"4/23/2022, 12:21:14 PM",3.654,86.5,85.3,12,2022-04-23T17:21:14.000Z
"4/23/2022, 12:24:14 PM",3.654,86.7,85.4,12,2022-04-23T17:24:14.000Z
"4/23/2022, 12:27:14 PM",3.654,86.9,85.4,12,2022-04-23T17:27:14.000Z
"4/23/2022, 12:30:14 PM",3.654,87.1,85.4,13,2022-04-23T17:30:14.000Z
"4/23/2022, 12:33:14 PM",3.654,87.3,85.5,12,2022-04-23T17:33:14.000Z
"4/23/2022, 12:36:14 PM",3.654,87.4,85.5,13,2022-04-23T17:36:14.000Z
"4/23/2022, 12:39:14 PM",3.654,87.6,85.5,12,2022-04-23T17:39:14.000Z
"4/23/2022, 12:42:14 PM",3.654,88,85.5,12,2022-04-23T17:42:14.000Z
"4/23/2022, 12:45:14 PM",3.654,88.2,85.5,13,2022-04-23T17:45:14.000Z
"4/23/2022, 12:48:14 PM",3.654,88.3,85.6,12,2022-04-23T17:48:14.000Z
"4/23/2022, 12:51:14 PM",3.654,88.5,85.6,13,2022-04-23T17:51:14.000Z
"4/23/2022, 12:54:14 PM",3.653,88.7,85.6,12,2022-04-23T17:54:14.000Z
"4/23/2022, 12:57:14 PM",3.654,88.9,85.6,11,2022-04-23T17:57:14.000Z
"4/23/2022, 1:00:14 PM",3.653,88.9,85.6,10,2022-04-23T18:00:14.000Z
"4/23/2022, 1:03:14 PM",3.653,88.9,85.7,11,2022-04-23T18:03:14.000Z
"4/23/2022, 1:06:14 PM",3.653,89.1,85.7,11,2022-04-23T18:06:14.000Z
"4/23/2022, 1:09:14 PM",3.654,89.2,85.8,11,2022-04-23T18:09:14.000Z
"4/23/2022, 1:12:14 PM",3.653,89.4,85.7,11,2022-04-23T18:12:14.000Z
"4/23/2022, 1:15:14 PM",3.653,89.6,85.8,10,2022-04-23T18:15:14.000Z
"4/23/2022, 1:18:14 PM",3.653,89.8,85.8,10,2022-04-23T18:18:14.000Z
"4/23/2022, 1:21:14 PM",3.653,90,85.8,10,2022-04-23T18:21:14.000Z
"4/23/2022, 1:24:14 PM",3.653,90,85.8,10,2022-04-23T18:24:14.000Z
"4/23/2022, 1:27:14 PM",3.653,90.1,85.8,9,2022-04-23T18:27:14.000Z
"4/23/2022, 1:30:14 PM",3.653,90.1,85.8,10,2022-04-23T18:30:14.000Z
"4/23/2022, 1:33:14 PM",3.653,90.3,85.8,9,2022-04-23T18:33:14.000Z
"4/23/2022, 1:36:14 PM",3.652,90.5,85.8,9,2022-04-23T18:36:14.000Z
"4/23/2022, 1:39:14 PM",3.653,90.5,85.8,8,2022-04-23T18:39:14.000Z
"4/23/2022, 1:42:14 PM",3.653,90.5,85.9,9,2022-04-23T18:42:14.000Z
"4/23/2022, 1:45:14 PM",3.653,90.7,85.9,8,2022-04-23T18:45:14.000Z
"4/23/2022, 1:48:14 PM",3.653,90.7,85.9,7,2022-04-23T18:48:14.000Z
"4/23/2022, 1:51:14 PM",3.653,90.7,85.9,7,2022-04-23T18:51:14.000Z
"4/23/2022, 1:54:14 PM",3.653,90.7,85.9,7,2022-04-23T18:54:14.000Z
"4/23/2022, 1:57:14 PM",3.653,90.9,85.9,7,2022-04-23T18:57:14.000Z
"4/23/2022, 2:00:14 PM",3.653,90.9,85.9,7,2022-04-23T19:00:14.000Z
"4/23/2022, 2:03:14 PM",3.653,90.9,85.9,7,2022-04-23T19:03:14.000Z
"4/23/2022, 2:06:14 PM",3.653,90.9,85.9,7,2022-04-23T19:06:14.000Z
"4/23/2022, 2:09:14 PM",3.653,90.9,86,6,2022-04-23T19:09:14.000Z
"4/23/2022, 2:12:14 PM",3.654,91,86,6,2022-04-23T19:12:14.000Z
"4/23/2022, 2:15:14 PM",3.654,91,86,7,2022-04-23T19:15:14.000Z
"4/23/2022, 2:18:14 PM",3.653,91,86,8,2022-04-23T19:18:14.000Z
"4/23/2022, 2:21:14 PM",3.653,91.2,86,7,2022-04-23T19:21:14.000Z
"4/23/2022, 2:24:14 PM",3.653,91.2,86,7,2022-04-23T19:24:14.000Z
"4/23/2022, 2:27:14 PM",3.653,91.4,86.1,7,2022-04-23T19:27:14.000Z
"4/23/2022, 2:30:14 PM",3.653,91.4,86.1,6,2022-04-23T19:30:14.000Z
"4/23/2022, 2:33:14 PM",3.654,91.6,86.1,6,2022-04-23T19:33:14.000Z
"4/23/2022, 2:36:14 PM",3.653,91.6,86.1,6,2022-04-23T19:36:14.000Z
"4/23/2022, 2:39:14 PM",3.653,91.6,86.1,6,2022-04-23T19:39:14.000Z
"4/23/2022, 2:42:14 PM",3.653,91.6,86.1,7,2022-04-23T19:42:14.000Z
"4/23/2022, 2:45:14 PM",3.653,91.8,86.1,6,2022-04-23T19:45:14.000Z
"4/23/2022, 2:48:14 PM",3.653,91.8,86.1,7,2022-04-23T19:48:14.000Z
"4/23/2022, 2:51:14 PM",3.653,91.8,86.1,7,2022-04-23T19:51:14.000Z
"4/23/2022, 2:54:14 PM",3.654,91.9,86.1,7,2022-04-23T19:54:14.000Z
"4/23/2022, 2:57:14 PM",3.653,91.9,86.1,7,2022-04-23T19:57:14.000Z
"4/23/2022, 3:00:14 PM",3.654,91.9,86.1,7,2022-04-23T20:00:14.000Z
"4/23/2022, 3:03:14 PM",3.653,91.9,86.1,8,2022-04-23T20:03:14.000Z
"4/23/2022, 3:06:14 PM",3.654,92.1,86,9,2022-04-23T20:06:14.000Z
"4/23/2022, 3:09:14 PM",3.653,92.1,85.8,8,2022-04-23T20:09:14.000Z
"4/23/2022, 3:12:14 PM",3.653,92.1,85.5,7,2022-04-23T20:12:14.000Z
"4/23/2022, 3:15:14 PM",3.653,92.1,85.3,8,2022-04-23T20:15:14.000Z
"4/23/2022, 3:18:14 PM",3.654,92.1,85,9,2022-04-23T20:18:14.000Z
"4/23/2022, 3:21:14 PM",3.654,92.3,84.8,9,2022-04-23T20:21:14.000Z
"4/23/2022, 3:24:14 PM",3.654,92.3,84.6,9,2022-04-23T20:24:14.000Z
"4/23/2022, 3:27:14 PM",3.654,92.5,84.4,9,2022-04-23T20:27:14.000Z
"4/23/2022, 3:30:14 PM",3.654,92.5,84.1,10,2022-04-23T20:30:14.000Z
"4/23/2022, 3:33:14 PM",3.654,92.7,83.9,9,2022-04-23T20:33:14.000Z
"4/23/2022, 3:36:14 PM",3.654,92.8,83.7,8,2022-04-23T20:36:14.000Z
"4/23/2022, 3:39:14 PM",3.654,92.8,83.4,8,2022-04-23T20:39:14.000Z
"4/23/2022, 3:42:14 PM",3.654,93,83.2,7,2022-04-23T20:42:14.000Z
"4/23/2022, 3:45:14 PM",3.654,93.2,82.9,7,2022-04-23T20:45:14.000Z
"4/23/2022, 3:48:14 PM",3.654,93.4,82.7,7,2022-04-23T20:48:14.000Z
"4/23/2022, 3:51:14 PM",3.654,93.4,82.5,7,2022-04-23T20:51:14.000Z
"4/23/2022, 3:54:14 PM",3.654,93.6,82.3,6,2022-04-23T20:54:14.000Z
"4/23/2022, 3:57:14 PM",3.654,93.6,82,5,2022-04-23T20:57:14.000Z
"4/23/2022, 4:00:14 PM",3.654,93.6,81.8,5,2022-04-23T21:00:14.000Z
"4/23/2022, 4:03:14 PM",3.654,93.7,81.5,5,2022-04-23T21:03:14.000Z
"4/23/2022, 4:06:14 PM",3.654,93.7,81.2,5,2022-04-23T21:06:14.000Z
"4/23/2022, 4:09:14 PM",3.654,93.7,81,5,2022-04-23T21:09:14.000Z
"4/23/2022, 4:12:14 PM",3.653,93.7,80.8,5,2022-04-23T21:12:14.000Z
"4/23/2022, 4:15:14 PM",3.654,93.7,80.6,5,2022-04-23T21:15:14.000Z
"4/23/2022, 4:18:14 PM",3.654,93.7,80.4,5,2022-04-23T21:18:14.000Z
"4/23/2022, 4:21:14 PM",3.654,93.7,80.2,5,2022-04-23T21:21:14.000Z
"4/23/2022, 4:24:14 PM",3.653,93.7,80,5,2022-04-23T21:24:14.000Z
"4/23/2022, 4:27:14 PM",3.654,93.6,79.8,5,2022-04-23T21:27:14.000Z
"4/23/2022, 4:30:14 PM",3.654,93.6,79.6,5,2022-04-23T21:30:14.000Z
"4/23/2022, 4:33:14 PM",3.654,93.6,79.4,5,2022-04-23T21:33:14.000Z
"4/23/2022, 4:36:14 PM",3.654,93.6,79.2,5,2022-04-23T21:36:14.000Z
"4/23/2022, 4:39:14 PM",3.654,93.4,79,5,2022-04-23T21:39:14.000Z
"4/23/2022, 4:42:14 PM",3.654,93.4,78.8,5,2022-04-23T21:42:14.000Z
"4/23/2022, 4:45:14 PM",3.654,93.2,78.7,6,2022-04-23T21:45:14.000Z
"4/23/2022, 4:48:14 PM",3.654,93.2,78.5,6,2022-04-23T21:48:14.000Z
"4/23/2022, 4:51:14 PM",3.654,93,78.3,6,2022-04-23T21:51:14.000Z
"4/23/2022, 4:54:14 PM",3.654,93,78.2,6,2022-04-23T21:54:14.000Z
"4/23/2022, 4:57:14 PM",3.654,92.8,78,7,2022-04-23T21:57:14.000Z
"4/23/2022, 5:00:14 PM",3.655,92.8,77.8,7,2022-04-23T22:00:14.000Z
"4/23/2022, 5:03:14 PM",3.654,92.7,77.7,7,2022-04-23T22:03:14.000Z
"4/23/2022, 5:06:14 PM",3.655,92.7,77.5,7,2022-04-23T22:06:14.000Z
"4/23/2022, 5:09:14 PM",3.655,92.5,77.3,6,2022-04-23T22:09:14.000Z
"4/23/2022, 5:12:14 PM",3.655,92.5,77.1,6,2022-04-23T22:12:14.000Z
"4/23/2022, 5:15:14 PM",3.655,92.3,76.9,6,2022-04-23T22:15:14.000Z
"4/23/2022, 5:18:14 PM",3.655,92.1,76.8,5,2022-04-23T22:18:14.000Z
"4/23/2022, 5:21:14 PM",3.655,91.9,76.7,5,2022-04-23T22:21:14.000Z
"4/23/2022, 5:24:14 PM",3.655,91.8,76.5,5,2022-04-23T22:24:14.000Z
"4/23/2022, 5:27:14 PM",3.655,91.8,76.4,6,2022-04-23T22:27:14.000Z
"4/23/2022, 5:30:14 PM",3.655,91.6,76.1,6,2022-04-23T22:30:14.000Z
"4/23/2022, 5:33:14 PM",3.655,91.4,76,6,2022-04-23T22:33:14.000Z
"4/23/2022, 5:36:14 PM",3.655,91,75.9,5,2022-04-23T22:36:14.000Z
"4/23/2022, 5:39:14 PM",3.655,90.9,75.8,5,2022-04-23T22:39:14.000Z
"4/23/2022, 5:42:14 PM",3.656,90.7,75.6,5,2022-04-23T22:42:14.000Z
"4/23/2022, 5:45:14 PM",3.656,90.5,75.5,5,2022-04-23T22:45:14.000Z
"4/23/2022, 5:48:14 PM",3.656,90.3,75.5,6,2022-04-23T22:48:14.000Z
"4/23/2022, 5:51:14 PM",3.656,90.1,75.4,7,2022-04-23T22:51:14.000Z
"4/23/2022, 5:54:14 PM",3.656,89.8,75.3,6,2022-04-23T22:54:14.000Z
"4/23/2022, 5:57:14 PM",3.656,89.6,75.2,7,2022-04-23T22:57:14.000Z
"4/23/2022, 6:00:14 PM",3.656,89.4,75.1,7,2022-04-23T23:00:14.000Z
"4/23/2022, 6:03:14 PM",3.656,89.1,75.1,8,2022-04-23T23:03:14.000Z
"4/23/2022, 6:06:14 PM",3.656,88.9,75,8,2022-04-23T23:06:14.000Z
"4/23/2022, 6:09:14 PM",3.656,88.7,74.9,8,2022-04-23T23:09:14.000Z
"4/23/2022, 6:12:14 PM",3.656,88.5,74.9,8,2022-04-23T23:12:14.000Z
"4/23/2022, 6:15:14 PM",3.656,88.2,74.8,9,2022-04-23T23:15:14.000Z
"4/23/2022, 6:18:14 PM",3.656,88,74.8,9,2022-04-23T23:18:14.000Z
"4/23/2022, 6:21:14 PM",3.656,87.8,74.7,9,2022-04-23T23:21:14.000Z
"4/23/2022, 6:24:14 PM",3.656,87.6,74.7,9,2022-04-23T23:24:14.000Z
"4/23/2022, 6:27:14 PM",3.657,87.3,74.7,9,2022-04-23T23:27:14.000Z
"4/23/2022, 6:30:14 PM",3.657,87.1,74.6,8,2022-04-23T23:30:14.000Z
"4/23/2022, 6:33:14 PM",3.657,86.9,74.6,9,2022-04-23T23:33:14.000Z
"4/23/2022, 6:36:14 PM",3.657,86.7,74.6,10,2022-04-23T23:36:14.000Z
"4/23/2022, 6:39:14 PM",3.657,86.4,74.6,9,2022-04-23T23:39:14.000Z
"4/23/2022, 6:42:14 PM",3.657,86.2,74.5,10,2022-04-23T23:42:14.000Z
"4/23/2022, 6:45:14 PM",3.657,86,74.5,10,2022-04-23T23:45:14.000Z
"4/23/2022, 6:48:14 PM",3.657,85.8,74.5,10,2022-04-23T23:48:14.000Z
"4/23/2022, 6:51:14 PM",3.657,85.6,74.5,11,2022-04-23T23:51:14.000Z
"4/23/2022, 6:54:14 PM",3.657,85.3,74.5,11,2022-04-23T23:54:14.000Z
"4/23/2022, 6:57:14 PM",3.657,85.1,74.5,12,2022-04-23T23:57:14.000Z
"4/23/2022, 7:00:14 PM",3.657,84.7,74.5,11,2022-04-24T00:00:14.000Z
"4/23/2022, 7:03:14 PM",3.658,84.6,74.6,12,2022-04-24T00:03:14.000Z
"4/23/2022, 7:06:14 PM",3.658,84.4,74.6,13,2022-04-24T00:06:14.000Z
"4/23/2022, 7:09:14 PM",3.658,84,74.6,12,2022-04-24T00:09:14.000Z
"4/23/2022, 7:12:14 PM",3.658,83.8,74.6,13,2022-04-24T00:12:14.000Z
"4/23/2022, 7:15:14 PM",3.658,83.5,74.7,12,2022-04-24T00:15:14.000Z
"4/23/2022, 7:18:14 PM",3.657,83.3,74.7,12,2022-04-24T00:18:14.000Z
"4/23/2022, 7:21:14 PM",3.657,83.1,74.8,13,2022-04-24T00:21:14.000Z
"4/23/2022, 7:24:14 PM",3.658,82.8,74.8,13,2022-04-24T00:24:14.000Z
"4/23/2022, 7:27:14 PM",3.658,82.6,74.9,13,2022-04-24T00:27:14.000Z
"4/23/2022, 7:30:14 PM",3.658,82.4,74.9,13,2022-04-24T00:30:14.000Z
"4/23/2022, 7:33:14 PM",3.658,82.2,75,13,2022-04-24T00:33:14.000Z
"4/23/2022, 7:36:14 PM",3.658,81.9,74.9,12,2022-04-24T00:36:14.000Z
"4/23/2022, 7:39:14 PM",3.658,81.7,75,13,2022-04-24T00:39:14.000Z
"4/23/2022, 7:42:14 PM",3.658,81.5,75,13,2022-04-24T00:42:14.000Z
"4/23/2022, 7:45:14 PM",3.659,81.1,75.1,13,2022-04-24T00:45:14.000Z
"4/23/2022, 7:48:14 PM",3.658,81,75.1,12,2022-04-24T00:48:14.000Z
"4/23/2022, 7:51:14 PM",3.658,80.8,75.1,12,2022-04-24T00:51:14.000Z
"4/23/2022, 7:54:14 PM",3.658,80.4,75.1,12,2022-04-24T00:54:14.000Z
"4/23/2022, 7:57:14 PM",3.659,80.2,75.2,12,2022-04-24T00:57:14.000Z
"4/23/2022, 8:00:14 PM",3.658,80.1,75.2,12,2022-04-24T01:00:14.000Z
"4/23/2022, 8:03:14 PM",3.658,79.9,75.2,13,2022-04-24T01:03:14.000Z
"4/23/2022, 8:06:14 PM",3.659,79.7,75.3,11,2022-04-24T01:06:14.000Z
"4/23/2022, 8:09:14 PM",3.659,79.5,75.3,11,2022-04-24T01:09:14.000Z
"4/23/2022, 8:12:14 PM",3.659,79.2,75.3,12,2022-04-24T01:12:14.000Z
"4/23/2022, 8:15:14 PM",3.659,79,75.3,11,2022-04-24T01:15:14.000Z
"4/23/2022, 8:18:14 PM",3.659,79,75.4,11,2022-04-24T01:18:14.000Z
"4/23/2022, 8:21:14 PM",3.659,78.8,75.4,11,2022-04-24T01:21:14.000Z
"4/23/2022, 8:24:14 PM",3.659,78.6,75.4,10,2022-04-24T01:24:14.000Z
"4/23/2022, 8:27:14 PM",3.659,78.4,75.5,10,2022-04-24T01:27:14.000Z
"4/23/2022, 8:30:14 PM",3.659,78.3,75.5,10,2022-04-24T01:30:14.000Z
"4/23/2022, 8:33:14 PM",3.659,78.1,75.6,10,2022-04-24T01:33:14.000Z
"4/23/2022, 8:36:14 PM",3.659,77.9,75.6,10,2022-04-24T01:36:14.000Z
"4/23/2022, 8:39:14 PM",3.659,77.7,75.6,10,2022-04-24T01:39:14.000Z
"4/23/2022, 8:42:14 PM",3.659,77.5,75.6,9,2022-04-24T01:42:14.000Z
"4/23/2022, 8:45:14 PM",3.658,77.4,75.7,9,2022-04-24T01:45:14.000Z
"4/23/2022, 8:48:14 PM",3.659,77.4,75.7,9,2022-04-24T01:48:14.000Z
"4/23/2022, 8:51:14 PM",3.659,77.2,75.7,9,2022-04-24T01:51:14.000Z
"4/23/2022, 8:54:14 PM",3.659,77,75.8,9,2022-04-24T01:54:14.000Z
"4/23/2022, 8:57:14 PM",3.659,76.8,75.8,9,2022-04-24T01:57:14.000Z
"4/23/2022, 9:00:14 PM",3.659,76.8,75.8,9,2022-04-24T02:00:14.000Z
"4/23/2022, 9:03:14 PM",3.659,76.6,75.8,8,2022-04-24T02:03:14.000Z
"4/23/2022, 9:06:14 PM",3.659,76.5,75.9,9,2022-04-24T02:06:14.000Z
"4/23/2022, 9:09:14 PM",3.659,76.3,75.9,9,2022-04-24T02:09:14.000Z
"4/23/2022, 9:12:14 PM",3.659,76.3,75.9,8,2022-04-24T02:12:14.000Z
"4/23/2022, 9:15:14 PM",3.659,76.1,75.9,8,2022-04-24T02:15:14.000Z
"4/23/2022, 9:18:14 PM",3.658,76.1,76,8,2022-04-24T02:18:14.000Z
"4/23/2022, 9:21:14 PM",3.658,75.9,76,8,2022-04-24T02:21:14.000Z
"4/23/2022, 9:24:14 PM",3.659,75.7,76,8,2022-04-24T02:24:14.000Z
"4/23/2022, 9:27:14 PM",3.659,75.7,76.1,7,2022-04-24T02:27:14.000Z
"4/23/2022, 9:30:14 PM",3.659,75.6,76.1,7,2022-04-24T02:30:14.000Z
"4/23/2022, 9:33:14 PM",3.659,75.4,76.1,7,2022-04-24T02:33:14.000Z
"4/23/2022, 9:36:14 PM",3.659,75.4,76.2,8,2022-04-24T02:36:14.000Z
"4/23/2022, 9:39:14 PM",3.659,75.2,76.2,7,2022-04-24T02:39:14.000Z
"4/23/2022, 9:42:14 PM",3.659,75.2,76.2,7,2022-04-24T02:42:14.000Z
"4/23/2022, 9:45:14 PM",3.658,75,76.3,7,2022-04-24T02:45:14.000Z
"4/23/2022, 9:48:14 PM",3.659,75,76.2,7,2022-04-24T02:48:14.000Z
"4/23/2022, 9:51:14 PM",3.659,74.8,76.3,7,2022-04-24T02:51:14.000Z
"4/23/2022, 9:54:14 PM",3.659,74.7,76.3,7,2022-04-24T02:54:14.000Z
"4/23/2022, 9:57:14 PM",3.659,74.7,76.3,7,2022-04-24T02:57:14.000Z
"4/23/2022, 10:00:14 PM",3.659,74.5,76.4,7,2022-04-24T03:00:14.000Z
"4/23/2022, 10:03:14 PM",3.659,74.5,76.4,7,2022-04-24T03:03:14.000Z
"4/23/2022, 10:06:14 PM",3.659,74.3,76.5,7,2022-04-24T03:06:14.000Z
"4/23/2022, 10:09:14 PM",3.659,74.3,76.5,7,2022-04-24T03:09:14.000Z
"4/23/2022, 10:12:14 PM",3.659,74.1,76.5,7,2022-04-24T03:12:14.000Z
"4/23/2022, 10:15:14 PM",3.659,74.1,76.6,7,2022-04-24T03:15:14.000Z
"4/23/2022, 10:18:14 PM",3.659,73.9,76.6,7,2022-04-24T03:18:14.000Z
"4/23/2022, 10:21:14 PM",3.658,73.9,76.6,7,2022-04-24T03:21:14.000Z
"4/23/2022, 10:24:14 PM",3.658,73.8,76.6,7,2022-04-24T03:24:14.000Z
"4/23/2022, 10:27:14 PM",3.658,73.8,76.7,7,2022-04-24T03:27:14.000Z
"4/23/2022, 10:30:14 PM",3.658,73.8,76.7,7,2022-04-24T03:30:14.000Z
"4/23/2022, 10:33:14 PM",3.659,73.6,76.7,7,2022-04-24T03:33:14.000Z
"4/23/2022, 10:36:14 PM",3.659,73.6,76.8,7,2022-04-24T03:36:14.000Z
"4/23/2022, 10:39:14 PM",3.658,73.4,76.8,7,2022-04-24T03:39:14.000Z
"4/23/2022, 10:42:14 PM",3.659,73.4,76.8,7,2022-04-24T03:42:14.000Z
"4/23/2022, 10:45:14 PM",3.658,73.2,76.8,6,2022-04-24T03:45:14.000Z
"4/23/2022, 10:48:14 PM",3.658,73.2,76.9,7,2022-04-24T03:48:14.000Z
"4/23/2022, 10:51:14 PM",3.659,73.2,76.9,6,2022-04-24T03:51:14.000Z
"4/23/2022, 10:54:14 PM",3.659,73,77,6,2022-04-24T03:54:14.000Z
"4/23/2022, 10:57:14 PM",3.658,73,77,6,2022-04-24T03:57:14.000Z
"4/23/2022, 11:00:14 PM",3.658,72.9,77,6,2022-04-24T04:00:14.000Z
"4/23/2022, 11:03:14 PM",3.658,72.9,77,6,2022-04-24T04:03:14.000Z
"4/23/2022, 11:06:14 PM",3.658,72.9,77.1,6,2022-04-24T04:06:14.000Z
"4/23/2022, 11:09:14 PM",3.658,72.7,77,6,2022-04-24T04:09:14.000Z
"4/23/2022, 11:12:14 PM",3.658,72.7,77.1,6,2022-04-24T04:12:14.000Z
"4/23/2022, 11:15:14 PM",3.658,72.7,77.1,7,2022-04-24T04:15:14.000Z
"4/23/2022, 11:18:14 PM",3.658,72.5,77.2,6,2022-04-24T04:18:14.000Z
"4/23/2022, 11:21:14 PM",3.658,72.5,77.2,6,2022-04-24T04:21:14.000Z
"4/23/2022, 11:24:14 PM",3.658,72.5,77.2,6,2022-04-24T04:24:14.000Z
"4/23/2022, 11:27:14 PM",3.658,72.3,77.2,6,2022-04-24T04:27:14.000Z
"4/23/2022, 11:30:14 PM",3.658,72.3,77.3,6,2022-04-24T04:30:14.000Z
"4/23/2022, 11:33:14 PM",3.658,72.3,77.3,6,2022-04-24T04:33:14.000Z
"4/23/2022, 11:36:14 PM",3.658,72.3,77.4,6,2022-04-24T04:36:14.000Z
"4/23/2022, 11:39:14 PM",3.658,72.1,77.4,6,2022-04-24T04:39:14.000Z
"4/23/2022, 11:42:14 PM",3.658,72.1,77.4,6,2022-04-24T04:42:14.000Z
"4/23/2022, 11:45:14 PM",3.658,72.1,77.4,6,2022-04-24T04:45:14.000Z
"4/23/2022, 11:48:14 PM",3.658,72,77.4,6,2022-04-24T04:48:14.000Z
"4/23/2022, 11:51:14 PM",3.658,72,77.5,6,2022-04-24T04:51:14.000Z
"4/23/2022, 11:54:14 PM",3.658,72,77.5,6,2022-04-24T04:54:14.000Z
"4/23/2022, 11:57:14 PM",3.658,72,77.5,6,2022-04-24T04:57:14.000Z
"4/24/2022, 12:00:14 AM",3.658,71.8,77.6,6,2022-04-24T05:00:14.000Z
"4/24/2022, 12:03:14 AM",3.658,71.8,77.6,6,2022-04-24T05:03:14.000Z
"4/24/2022, 12:06:14 AM",3.658,71.8,77.6,6,2022-04-24T05:06:14.000Z
"4/24/2022, 12:09:14 AM",3.658,71.8,77.6,6,2022-04-24T05:09:14.000Z
"4/24/2022, 12:12:14 AM",3.658,71.8,77.7,6,2022-04-24T05:12:14.000Z
"4/24/2022, 12:15:14 AM",3.658,71.6,77.7,6,2022-04-24T05:15:14.000Z
"4/24/2022, 12:18:14 AM",3.658,71.6,77.8,6,2022-04-24T05:18:14.000Z
"4/24/2022, 12:21:14 AM",3.658,71.6,77.8,6,2022-04-24T05:21:14.000Z
"4/24/2022, 12:24:14 AM",3.658,71.6,77.8,6,2022-04-24T05:24:14.000Z
"4/24/2022, 12:27:14 AM",3.658,71.4,77.8,6,2022-04-24T05:27:14.000Z
"4/24/2022, 12:30:14 AM",3.658,71.4,77.8,6,2022-04-24T05:30:14.000Z
"4/24/2022, 12:33:14 AM",3.658,71.4,77.9,6,2022-04-24T05:33:14.000Z
"4/24/2022, 12:36:14 AM",3.658,71.4,77.9,6,2022-04-24T05:36:14.000Z
"4/24/2022, 12:39:14 AM",3.658,71.4,77.9,6,2022-04-24T05:39:14.000Z
"4/24/2022, 12:42:14 AM",3.658,71.4,78,6,2022-04-24T05:42:14.000Z
"4/24/2022, 12:45:14 AM",3.658,71.2,78,6,2022-04-24T05:45:14.000Z
"4/24/2022, 12:48:14 AM",3.658,71.2,78,6,2022-04-24T05:48:14.000Z
"4/24/2022, 12:51:14 AM",3.658,71.2,78,6,2022-04-24T05:51:14.000Z
"4/24/2022, 12:54:14 AM",3.658,71.2,78.1,6,2022-04-24T05:54:14.000Z
"4/24/2022, 12:57:14 AM",3.658,71.2,78,6,2022-04-24T05:57:14.000Z
"4/24/2022, 1:00:14 AM",3.658,71.2,78.1,6,2022-04-24T06:00:14.000Z
"4/24/2022, 1:03:14 AM",3.658,71.1,78.1,6,2022-04-24T06:03:14.000Z
"4/24/2022, 1:06:14 AM",3.658,71.1,78.1,6,2022-04-24T06:06:14.000Z
"4/24/2022, 1:09:14 AM",3.657,71.1,78.2,6,2022-04-24T06:09:14.000Z
"4/24/2022, 1:12:14 AM",3.658,71.1,78.2,6,2022-04-24T06:12:14.000Z
"4/24/2022, 1:15:14 AM",3.658,71.1,78.2,6,2022-04-24T06:15:14.000Z
"4/24/2022, 1:18:14 AM",3.658,70.9,78.3,6,2022-04-24T06:18:14.000Z
"4/24/2022, 1:21:14 AM",3.658,70.9,78.2,6,2022-04-24T06:21:14.000Z
"4/24/2022, 1:24:14 AM",3.657,70.9,78.3,6,2022-04-24T06:24:14.000Z
"4/24/2022, 1:27:14 AM",3.658,70.9,78.3,6,2022-04-24T06:27:14.000Z
"4/24/2022, 1:30:14 AM",3.657,70.7,78.4,6,2022-04-24T06:30:14.000Z
"4/24/2022, 1:33:14 AM",3.658,70.7,78.4,6,2022-04-24T06:33:14.000Z
"4/24/2022, 1:36:14 AM",3.657,70.7,78.4,6,2022-04-24T06:36:14.000Z
"4/24/2022, 1:39:14 AM",3.658,70.7,78.4,6,2022-04-24T06:39:14.000Z
"4/24/2022, 1:42:14 AM",3.658,70.7,78.5,6,2022-04-24T06:42:14.000Z
"4/24/2022, 1:45:14 AM",3.657,70.5,78.5,6,2022-04-24T06:45:14.000Z
"4/24/2022, 1:48:14 AM",3.658,70.5,78.5,6,2022-04-24T06:48:14.000Z
"4/24/2022, 1:51:14 AM",3.657,70.5,78.5,6,2022-04-24T06:51:14.000Z
"4/24/2022, 1:54:14 AM",3.657,70.5,78.5,6,2022-04-24T06:54:14.000Z
"4/24/2022, 1:57:14 AM",3.657,70.5,78.6,6,2022-04-24T06:57:14.000Z
"4/24/2022, 2:00:14 AM",3.658,70.5,78.6,6,2022-04-24T07:00:14.000Z
"4/24/2022, 2:03:14 AM",3.658,70.3,78.6,6,2022-04-24T07:03:14.000Z
"4/24/2022, 2:06:14 AM",3.658,70.3,78.7,6,2022-04-24T07:06:14.000Z
"4/24/2022, 2:09:14 AM",3.658,70.3,78.7,6,2022-04-24T07:09:14.000Z
"4/24/2022, 2:12:14 AM",3.658,70.3,78.7,6,2022-04-24T07:12:14.000Z
"4/24/2022, 2:15:14 AM",3.658,70.3,78.7,6,2022-04-24T07:15:14.000Z
"4/24/2022, 2:18:14 AM",3.658,70.3,78.8,6,2022-04-24T07:18:14.000Z
"4/24/2022, 2:21:14 AM",3.658,70.3,78.8,6,2022-04-24T07:21:14.000Z
"4/24/2022, 2:24:14 AM",3.658,70.3,78.8,6,2022-04-24T07:24:14.000Z
"4/24/2022, 2:27:14 AM",3.657,70.3,78.9,6,2022-04-24T07:27:14.000Z
"4/24/2022, 2:30:14 AM",3.658,70.3,78.9,6,2022-04-24T07:30:14.000Z
"4/24/2022, 2:33:14 AM",3.657,70.3,78.9,6,2022-04-24T07:33:14.000Z
"4/24/2022, 2:36:14 AM",3.657,70.2,78.9,6,2022-04-24T07:36:14.000Z
"4/24/2022, 2:39:14 AM",3.658,70.2,79,6,2022-04-24T07:39:14.000Z
"4/24/2022, 2:42:14 AM",3.657,70.2,79,6,2022-04-24T07:42:14.000Z
"4/24/2022, 2:45:14 AM",3.657,70.2,79,6,2022-04-24T07:45:14.000Z
"4/24/2022, 2:48:14 AM",3.658,70.2,79.1,6,2022-04-24T07:48:14.000Z
"4/24/2022, 2:51:14 AM",3.657,70.2,79.1,6,2022-04-24T07:51:14.000Z
"4/24/2022, 2:54:14 AM",3.658,70.2,79.1,6,2022-04-24T07:54:14.000Z
"4/24/2022, 2:57:14 AM",3.658,70,79.1,6,2022-04-24T07:57:14.000Z
"4/24/2022, 3:00:14 AM",3.658,70,79.2,6,2022-04-24T08:00:14.000Z
"4/24/2022, 3:03:14 AM",3.657,70,79.2,6,2022-04-24T08:03:14.000Z
"4/24/2022, 3:06:14 AM",3.658,70,79.2,6,2022-04-24T08:06:14.000Z
"4/24/2022, 3:09:14 AM",3.658,70,79.2,6,2022-04-24T08:09:14.000Z
"4/24/2022, 3:12:14 AM",3.657,70,79.2,6,2022-04-24T08:12:14.000Z
"4/24/2022, 3:15:14 AM",3.657,70,79.2,6,2022-04-24T08:15:14.000Z
"4/24/2022, 3:18:14 AM",3.658,70,79.3,6,2022-04-24T08:18:14.000Z
"4/24/2022, 3:21:14 AM",3.658,69.8,79.3,6,2022-04-24T08:21:14.000Z
"4/24/2022, 3:24:14 AM",3.657,69.8,79.3,7,2022-04-24T08:24:14.000Z
"4/24/2022, 3:27:14 AM",3.657,69.8,79.3,6,2022-04-24T08:27:14.000Z
"4/24/2022, 3:30:14 AM",3.658,69.8,79.3,6,2022-04-24T08:30:14.000Z
"4/24/2022, 3:33:14 AM",3.658,69.8,79.4,6,2022-04-24T08:33:14.000Z
"4/24/2022, 3:36:14 AM",3.657,69.8,79.4,6,2022-04-24T08:36:14.000Z
"4/24/2022, 3:39:14 AM",3.657,69.8,79.4,7,2022-04-24T08:39:14.000Z
"4/24/2022, 3:42:14 AM",3.657,69.8,79.4,6,2022-04-24T08:42:14.000Z
"4/24/2022, 3:45:14 AM",3.657,69.8,79.5,7,2022-04-24T08:45:14.000Z
"4/24/2022, 3:48:14 AM",3.658,69.6,79.5,6,2022-04-24T08:48:14.000Z
"4/24/2022, 3:51:14 AM",3.657,69.6,79.5,6,2022-04-24T08:51:14.000Z
"4/24/2022, 3:54:14 AM",3.657,69.6,79.5,6,2022-04-24T08:54:14.000Z
"4/24/2022, 3:57:14 AM",3.657,69.6,79.5,6,2022-04-24T08:57:14.000Z
"4/24/2022, 4:00:14 AM",3.657,69.6,79.6,6,2022-04-24T09:00:14.000Z
"4/24/2022, 4:03:14 AM",3.657,69.6,79.6,6,2022-04-24T09:03:14.000Z
"4/24/2022, 4:06:14 AM",3.658,69.6,79.6,6,2022-04-24T09:06:14.000Z
"4/24/2022, 4:09:14 AM",3.658,69.4,79.6,6,2022-04-24T09:09:14.000Z
"4/24/2022, 4:12:14 AM",3.657,69.4,79.6,6,2022-04-24T09:12:14.000Z
"4/24/2022, 4:15:14 AM",3.657,69.4,79.7,6,2022-04-24T09:15:14.000Z
"4/24/2022, 4:18:14 AM",3.657,69.4,79.7,6,2022-04-24T09:18:14.000Z
"4/24/2022, 4:21:14 AM",3.658,69.4,79.7,6,2022-04-24T09:21:14.000Z
"4/24/2022, 4:24:14 AM",3.658,69.4,79.7,6,2022-04-24T09:24:14.000Z
"4/24/2022, 4:27:14 AM",3.657,69.4,79.8,7,2022-04-24T09:27:14.000Z
"4/24/2022, 4:30:14 AM",3.657,69.4,79.7,6,2022-04-24T09:30:14.000Z
"4/24/2022, 4:33:14 AM",3.657,69.4,79.8,6,2022-04-24T09:33:14.000Z
"4/24/2022, 4:36:14 AM",3.657,69.4,79.8,6,2022-04-24T09:36:14.000Z
"4/24/2022, 4:39:14 AM",3.657,69.4,79.8,6,2022-04-24T09:39:14.000Z
"4/24/2022, 4:42:14 AM",3.657,69.4,79.9,6,2022-04-24T09:42:14.000Z
"4/24/2022, 4:45:14 AM",3.658,69.4,79.9,6,2022-04-24T09:45:14.000Z
"4/24/2022, 4:48:14 AM",3.657,69.4,80,6,2022-04-24T09:48:14.000Z
"4/24/2022, 4:51:14 AM",3.657,69.4,80,6,2022-04-24T09:51:14.000Z
"4/24/2022, 4:54:14 AM",3.657,69.4,80,6,2022-04-24T09:54:14.000Z
"4/24/2022, 4:57:14 AM",3.657,69.4,80,6,2022-04-24T09:57:14.000Z
"4/24/2022, 5:00:14 AM",3.657,69.4,80,7,2022-04-24T10:00:14.000Z
"4/24/2022, 5:03:14 AM",3.657,69.4,80,5,2022-04-24T10:03:14.000Z
"4/24/2022, 5:06:14 AM",3.657,69.4,80.1,6,2022-04-24T10:06:14.000Z
"4/24/2022, 5:09:14 AM",3.657,69.4,80.1,6,2022-04-24T10:09:14.000Z
"4/24/2022, 5:12:14 AM",3.657,69.4,80.1,6,2022-04-24T10:12:14.000Z
"4/24/2022, 5:15:14 AM",3.657,69.6,80.1,6,2022-04-24T10:15:14.000Z
"4/24/2022, 5:18:14 AM",3.657,69.6,80.2,7,2022-04-24T10:18:14.000Z
"4/24/2022, 5:21:14 AM",3.657,69.6,80.2,7,2022-04-24T10:21:14.000Z
"4/24/2022, 5:24:14 AM",3.657,69.6,80.2,7,2022-04-24T10:24:14.000Z
"4/24/2022, 5:27:14 AM",3.657,69.6,80.3,7,2022-04-24T10:27:14.000Z
"4/24/2022, 5:30:14 AM",3.658,69.6,80.3,7,2022-04-24T10:30:14.000Z
"4/24/2022, 5:33:14 AM",3.657,69.6,80.3,7,2022-04-24T10:33:14.000Z
"4/24/2022, 5:36:14 AM",3.657,69.6,80.4,6,2022-04-24T10:36:14.000Z
"4/24/2022, 5:39:14 AM",3.657,69.6,80.4,7,2022-04-24T10:39:14.000Z
"4/24/2022, 5:42:14 AM",3.657,69.6,80.4,7,2022-04-24T10:42:14.000Z
"4/24/2022, 5:45:14 AM",3.657,69.6,80.5,6,2022-04-24T10:45:14.000Z
"4/24/2022, 5:48:14 AM",3.657,69.8,80.5,6,2022-04-24T10:48:14.000Z
"4/24/2022, 5:51:14 AM",3.657,69.8,80.5,7,2022-04-24T10:51:14.000Z
"4/24/2022, 5:54:14 AM",3.657,69.8,80.6,7,2022-04-24T10:54:14.000Z
"4/24/2022, 5:57:14 AM",3.658,69.8,80.6,6,2022-04-24T10:57:14.000Z
"4/24/2022, 6:00:14 AM",3.657,69.8,80.6,7,2022-04-24T11:00:14.000Z
"4/24/2022, 6:03:14 AM",3.657,69.8,80.6,7,2022-04-24T11:03:14.000Z
"4/24/2022, 6:06:14 AM",3.657,70,80.6,7,2022-04-24T11:06:14.000Z
"4/24/2022, 6:09:14 AM",3.657,70,80.7,7,2022-04-24T11:09:14.000Z
"4/24/2022, 6:12:14 AM",3.657,70,80.7,8,2022-04-24T11:12:14.000Z
"4/24/2022, 6:15:14 AM",3.657,70,80.8,8,2022-04-24T11:15:14.000Z
"4/24/2022, 6:18:14 AM",3.657,70,80.8,8,2022-04-24T11:18:14.000Z
"4/24/2022, 6:21:14 AM",3.657,70.2,80.8,8,2022-04-24T11:21:14.000Z
"4/24/2022, 6:24:14 AM",3.657,70.2,80.8,8,2022-04-24T11:24:14.000Z
"4/24/2022, 6:27:14 AM",3.657,70.2,80.9,9,2022-04-24T11:27:14.000Z
"4/24/2022, 6:30:14 AM",3.657,70.2,80.9,9,2022-04-24T11:30:14.000Z
"4/24/2022, 6:33:14 AM",3.657,70.3,81,9,2022-04-24T11:33:14.000Z
"4/24/2022, 6:36:14 AM",3.657,70.3,81,9,2022-04-24T11:36:14.000Z
"4/24/2022, 6:39:14 AM",3.657,70.5,81,10,2022-04-24T11:39:14.000Z
"4/24/2022, 6:42:14 AM",3.657,70.5,81.1,10,2022-04-24T11:42:14.000Z
"4/24/2022, 6:45:14 AM",3.657,70.7,81.1,10,2022-04-24T11:45:14.000Z
"4/24/2022, 6:48:14 AM",3.657,70.7,81.1,10,2022-04-24T11:48:14.000Z
"4/24/2022, 6:51:14 AM",3.657,70.9,81.2,10,2022-04-24T11:51:14.000Z
"4/24/2022, 6:54:14 AM",3.657,71.1,81.2,10,2022-04-24T11:54:14.000Z
"4/24/2022, 6:57:14 AM",3.657,71.1,81.3,10,2022-04-24T11:57:14.000Z
"4/24/2022, 7:00:14 AM",3.657,71.2,81.3,11,2022-04-24T12:00:14.000Z
"4/24/2022, 7:03:14 AM",3.657,71.2,81.4,11,2022-04-24T12:03:14.000Z
"4/24/2022, 7:06:14 AM",3.657,71.4,81.4,11,2022-04-24T12:06:14.000Z
"4/24/2022, 7:09:14 AM",3.657,71.4,81.4,11,2022-04-24T12:09:14.000Z
"4/24/2022, 7:12:14 AM",3.657,71.6,81.5,11,2022-04-24T12:12:14.000Z
"4/24/2022, 7:15:14 AM",3.657,71.8,81.5,11,2022-04-24T12:15:14.000Z
"4/24/2022, 7:18:14 AM",3.657,71.8,81.6,12,2022-04-24T12:18:14.000Z
"4/24/2022, 7:21:14 AM",3.657,72,81.6,11,2022-04-24T12:21:14.000Z
"4/24/2022, 7:24:14 AM",3.656,72,81.6,11,2022-04-24T12:24:14.000Z
"4/24/2022, 7:27:14 AM",3.657,72.1,81.7,11,2022-04-24T12:27:14.000Z
"4/24/2022, 7:30:14 AM",3.657,72.3,81.7,12,2022-04-24T12:30:14.000Z
"4/24/2022, 7:33:14 AM",3.656,72.3,81.8,12,2022-04-24T12:33:14.000Z
"4/24/2022, 7:36:14 AM",3.657,72.5,81.8,12,2022-04-24T12:36:14.000Z
"4/24/2022, 7:39:14 AM",3.657,72.5,81.8,11,2022-04-24T12:39:14.000Z
"4/24/2022, 7:42:14 AM",3.656,72.7,81.9,11,2022-04-24T12:42:14.000Z
"4/24/2022, 7:45:14 AM",3.656,72.9,81.9,11,2022-04-24T12:45:14.000Z
"4/24/2022, 7:48:14 AM",3.656,73,81.9,11,2022-04-24T12:48:14.000Z
"4/24/2022, 7:51:14 AM",3.656,73,82,12,2022-04-24T12:51:14.000Z
"4/24/2022, 7:54:14 AM",3.657,73.2,82,12,2022-04-24T12:54:14.000Z
"4/24/2022, 7:57:14 AM",3.656,73.4,82,12,2022-04-24T12:57:14.000Z
"4/24/2022, 8:00:14 AM",3.656,73.4,82.1,12,2022-04-24T13:00:14.000Z
"4/24/2022, 8:03:14 AM",3.656,73.6,82.1,11,2022-04-24T13:03:14.000Z
"4/24/2022, 8:06:14 AM",3.656,73.8,82.2,11,2022-04-24T13:06:14.000Z
"4/24/2022, 8:09:14 AM",3.656,73.9,82.2,11,2022-04-24T13:09:14.000Z
"4/24/2022, 8:12:14 AM",3.656,73.9,82.2,12,2022-04-24T13:12:14.000Z
"4/24/2022, 8:15:14 AM",3.657,74.1,82.2,12,2022-04-24T13:15:14.000Z
"4/24/2022, 8:18:14 AM",3.656,74.3,82.2,12,2022-04-24T13:18:14.000Z
"4/24/2022, 8:21:14 AM",3.656,74.5,82.2,12,2022-04-24T13:21:14.000Z
"4/24/2022, 8:24:14 AM",3.656,74.7,82.1,12,2022-04-24T13:24:14.000Z
"4/24/2022, 8:27:14 AM",3.656,74.7,82.2,12,2022-04-24T13:27:14.000Z
"4/24/2022, 8:30:14 AM",3.656,74.8,82.1,12,2022-04-24T13:30:14.000Z
"4/24/2022, 8:33:14 AM",3.656,75,82.1,12,2022-04-24T13:33:14.000Z
"4/24/2022, 8:36:14 AM",3.656,75.2,82.1,12,2022-04-24T13:36:14.000Z
"4/24/2022, 8:39:14 AM",3.656,75.4,82.1,12,2022-04-24T13:39:14.000Z
"4/24/2022, 8:42:14 AM",3.656,75.6,82.1,12,2022-04-24T13:42:14.000Z
"4/24/2022, 8:45:14 AM",3.656,75.7,82.1,11,2022-04-24T13:45:14.000Z
"4/24/2022, 8:48:14 AM",3.656,75.7,82.1,11,2022-04-24T13:48:14.000Z
"4/24/2022, 8:51:14 AM",3.656,75.9,82,11,2022-04-24T13:51:14.000Z
"4/24/2022, 8:54:14 AM",3.656,76.1,82,11,2022-04-24T13:54:14.000Z
"4/24/2022, 8:57:14 AM",3.656,76.3,82,11,2022-04-24T13:57:14.000Z
"4/24/2022, 9:00:14 AM",3.656,76.5,82,11,2022-04-24T14:00:14.000Z
"4/24/2022, 9:03:14 AM",3.656,76.5,81.9,11,2022-04-24T14:03:14.000Z
"4/24/2022, 9:06:14 AM",3.656,76.6,81.9,11,2022-04-24T14:06:14.000Z
"4/24/2022, 9:09:14 AM",3.656,76.8,81.9,10,2022-04-24T14:09:14.000Z
"4/24/2022, 9:12:14 AM",3.656,77,81.8,10,2022-04-24T14:12:14.000Z
"4/24/2022, 9:15:14 AM",3.656,77,81.8,10,2022-04-24T14:15:14.000Z
"4/24/2022, 9:18:14 AM",3.656,77.2,81.8,10,2022-04-24T14:18:14.000Z
"4/24/2022, 9:21:14 AM",3.656,77.4,81.7,10,2022-04-24T14:21:14.000Z
"4/24/2022, 9:24:14 AM",3.656,77.5,81.7,10,2022-04-24T14:24:14.000Z
"4/24/2022, 9:27:14 AM",3.656,77.7,81.6,10,2022-04-24T14:27:14.000Z
"4/24/2022, 9:30:14 AM",3.656,77.7,81.6,10,2022-04-24T14:30:14.000Z
"4/24/2022, 9:33:14 AM",3.656,77.9,81.5,10,2022-04-24T14:33:14.000Z
"4/24/2022, 9:36:14 AM",3.656,78.1,81.5,9,2022-04-24T14:36:14.000Z
"4/24/2022, 9:39:14 AM",3.656,78.3,81.4,9,2022-04-24T14:39:14.000Z
"4/24/2022, 9:42:14 AM",3.656,78.4,81.4,9,2022-04-24T14:42:14.000Z
"4/24/2022, 9:45:14 AM",3.656,78.4,81.3,9,2022-04-24T14:45:14.000Z
"4/24/2022, 9:48:14 AM",3.656,78.6,81.3,9,2022-04-24T14:48:14.000Z
"4/24/2022, 9:51:14 AM",3.656,79,81.2,9,2022-04-24T14:51:14.000Z
"4/24/2022, 9:54:14 AM",3.656,79,81.2,8,2022-04-24T14:54:14.000Z
"4/24/2022, 9:57:14 AM",3.656,79,81.1,8,2022-04-24T14:57:14.000Z
"4/24/2022, 10:00:14 AM",3.656,79.2,81,9,2022-04-24T15:00:14.000Z
"4/24/2022, 10:03:14 AM",3.656,79.3,81,8,2022-04-24T15:03:14.000Z
"4/24/2022, 10:06:14 AM",3.656,79.5,80.9,8,2022-04-24T15:06:14.000Z
"4/24/2022, 10:09:14 AM",3.656,79.7,80.8,8,2022-04-24T15:09:14.000Z
"4/24/2022, 10:12:14 AM",3.656,79.9,80.7,8,2022-04-24T15:12:14.000Z
"4/24/2022, 10:15:14 AM",3.656,80.1,80.6,8,2022-04-24T15:15:14.000Z
"4/24/2022, 10:18:14 AM",3.656,80.2,80.6,7,2022-04-24T15:18:14.000Z
"4/24/2022, 10:21:14 AM",3.656,80.4,80.5,8,2022-04-24T15:21:14.000Z
"4/24/2022, 10:24:14 AM",3.656,80.6,80.4,8,2022-04-24T15:24:14.000Z
"4/24/2022, 10:27:14 AM",3.655,81,80.3,7,2022-04-24T15:27:14.000Z
"4/24/2022, 10:30:14 AM",3.656,81.1,80.2,7,2022-04-24T15:30:14.000Z
"4/24/2022, 10:33:14 AM",3.656,81.3,80.1,8,2022-04-24T15:33:14.000Z
"4/24/2022, 10:36:14 AM",3.656,81.5,80.1,8,2022-04-24T15:36:14.000Z
"4/24/2022, 10:39:14 AM",3.656,81.7,79.9,8,2022-04-24T15:39:14.000Z
"4/24/2022, 10:42:14 AM",3.656,81.9,79.9,7,2022-04-24T15:42:14.000Z
"4/24/2022, 10:45:14 AM",3.655,82,79.7,7,2022-04-24T15:45:14.000Z
"4/24/2022, 10:48:14 AM",3.655,82.2,79.6,7,2022-04-24T15:48:14.000Z
"4/24/2022, 10:51:14 AM",3.656,82.4,79.5,8,2022-04-24T15:51:14.000Z
"4/24/2022, 10:54:14 AM",3.655,82.8,79.4,8,2022-04-24T15:54:14.000Z
"4/24/2022, 10:57:14 AM",3.655,82.9,79.3,7,2022-04-24T15:57:14.000Z
"4/24/2022, 11:00:14 AM",3.656,83.1,79.2,8,2022-04-24T16:00:14.000Z
"4/24/2022, 11:03:14 AM",3.655,83.5,79.1,8,2022-04-24T16:03:14.000Z
"4/24/2022, 11:06:14 AM",3.655,83.7,79,7,2022-04-24T16:06:14.000Z
"4/24/2022, 11:09:14 AM",3.655,84,78.9,7,2022-04-24T16:09:14.000Z
"4/24/2022, 11:12:14 AM",3.655,84.2,78.7,7,2022-04-24T16:12:14.000Z
"4/24/2022, 11:15:14 AM",3.655,84.4,78.6,7,2022-04-24T16:15:14.000Z
"4/24/2022, 11:18:14 AM",3.655,84.6,78.5,8,2022-04-24T16:18:14.000Z
"4/24/2022, 11:21:14 AM",3.655,84.7,78.4,8,2022-04-24T16:21:14.000Z
"4/24/2022, 11:24:14 AM",3.655,84.9,78.3,7,2022-04-24T16:24:14.000Z
"4/24/2022, 11:27:14 AM",3.655,85.1,78.2,8,2022-04-24T16:27:14.000Z
"4/24/2022, 11:30:14 AM",3.655,85.3,78.1,7,2022-04-24T16:30:14.000Z
"4/24/2022, 11:33:14 AM",3.655,85.5,78,7,2022-04-24T16:33:14.000Z
"4/24/2022, 11:36:14 AM",3.655,85.6,77.8,7,2022-04-24T16:36:14.000Z
"4/24/2022, 11:39:14 AM",3.655,85.6,77.7,7,2022-04-24T16:39:14.000Z
"4/24/2022, 11:42:14 AM",3.655,85.8,77.6,7,2022-04-24T16:42:14.000Z
"4/24/2022, 11:45:14 AM",3.655,86,77.4,7,2022-04-24T16:45:14.000Z
"4/24/2022, 11:48:14 AM",3.655,86.2,77.3,7,2022-04-24T16:48:14.000Z
"4/24/2022, 11:51:14 AM",3.655,86.4,77.1,6,2022-04-24T16:51:14.000Z
"4/24/2022, 11:54:14 AM",3.655,86.4,77,6,2022-04-24T16:54:14.000Z
"4/24/2022, 11:57:14 AM",3.655,86.5,76.9,7,2022-04-24T16:57:14.000Z
"4/24/2022, 12:00:14 PM",3.655,86.7,76.7,6,2022-04-24T17:00:14.000Z
"4/24/2022, 12:03:14 PM",3.655,86.9,76.6,7,2022-04-24T17:03:14.000Z
"4/24/2022, 12:06:14 PM",3.655,87.1,76.4,6,2022-04-24T17:06:14.000Z
"4/24/2022, 12:09:14 PM",3.655,87.3,76.3,6,2022-04-24T17:09:14.000Z
"4/24/2022, 12:12:14 PM",3.655,87.4,76.2,7,2022-04-24T17:12:14.000Z
"4/24/2022, 12:15:14 PM",3.655,87.4,76,7,2022-04-24T17:15:14.000Z
"4/24/2022, 12:18:14 PM",3.655,87.6,75.9,7,2022-04-24T17:18:14.000Z
"4/24/2022, 12:21:14 PM",3.656,87.8,75.7,6,2022-04-24T17:21:14.000Z
"4/24/2022, 12:24:14 PM",3.655,88,75.6,6,2022-04-24T17:24:14.000Z
"4/24/2022, 12:27:14 PM",3.655,88.3,75.4,6,2022-04-24T17:27:14.000Z
"4/24/2022, 12:30:14 PM",3.655,88.5,75.3,6,2022-04-24T17:30:14.000Z
"4/24/2022, 12:33:14 PM",3.655,88.7,75.1,6,2022-04-24T17:33:14.000Z
"4/24/2022, 12:36:14 PM",3.655,88.9,74.9,6,2022-04-24T17:36:14.000Z
"4/24/2022, 12:39:14 PM",3.655,88.9,74.7,7,2022-04-24T17:39:14.000Z
"4/24/2022, 12:42:14 PM",3.654,89.2,74.6,7,2022-04-24T17:42:14.000Z
"4/24/2022, 12:45:14 PM",3.655,89.4,74.4,6,2022-04-24T17:45:14.000Z
"4/24/2022, 12:48:14 PM",3.655,89.6,74.3,6,2022-04-24T17:48:14.000Z
"4/24/2022, 12:51:14 PM",3.655,89.6,74.1,6,2022-04-24T17:51:14.000Z
"4/24/2022, 12:54:14 PM",3.654,89.8,73.9,7,2022-04-24T17:54:14.000Z
"4/24/2022, 12:57:14 PM",3.655,89.8,73.7,7,2022-04-24T17:57:14.000Z
"4/24/2022, 1:00:14 PM",3.655,90,73.6,9,2022-04-24T18:00:14.000Z
"4/24/2022, 1:03:14 PM",3.655,90,73.5,9,2022-04-24T18:03:14.000Z
"4/24/2022, 1:06:14 PM",3.655,90,73.3,7,2022-04-24T18:06:14.000Z
"4/24/2022, 1:09:14 PM",3.655,90.1,73.1,7,2022-04-24T18:09:14.000Z
"4/24/2022, 1:12:14 PM",3.655,90.1,73,7,2022-04-24T18:12:14.000Z
"4/24/2022, 1:15:14 PM",3.655,90.3,72.9,7,2022-04-24T18:15:14.000Z
"4/24/2022, 1:18:14 PM",3.654,90.3,72.7,6,2022-04-24T18:18:14.000Z
"4/24/2022, 1:21:14 PM",3.655,90.5,72.5,6,2022-04-24T18:21:14.000Z
"4/24/2022, 1:24:14 PM",3.655,90.5,72.3,6,2022-04-24T18:24:14.000Z
"4/24/2022, 1:27:14 PM",3.655,90.7,72.2,6,2022-04-24T18:27:14.000Z
"4/24/2022, 1:30:14 PM",3.655,90.7,72,6,2022-04-24T18:30:14.000Z
"4/24/2022, 1:33:14 PM",3.654,90.7,71.8,8,2022-04-24T18:33:14.000Z
"4/24/2022, 1:36:14 PM",3.655,90.7,71.6,7,2022-04-24T18:36:14.000Z
"4/24/2022, 1:39:14 PM",3.655,90.7,71.5,7,2022-04-24T18:39:14.000Z
"4/24/2022, 1:42:14 PM",3.655,90.7,71.4,8,2022-04-24T18:42:14.000Z
"4/24/2022, 1:45:14 PM",3.655,90.7,71.2,7,2022-04-24T18:45:14.000Z
"4/24/2022, 1:48:14 PM",3.655,90.7,71.1,7,2022-04-24T18:48:14.000Z
"4/24/2022, 1:51:14 PM",3.655,90.7,70.9,6,2022-04-24T18:51:14.000Z
"4/24/2022, 1:54:14 PM",3.655,90.5,70.8,6,2022-04-24T18:54:14.000Z
"4/24/2022, 1:57:14 PM",3.655,90.5,70.7,6,2022-04-24T18:57:14.000Z
"4/24/2022, 2:00:14 PM",3.655,90.3,70.5,7,2022-04-24T19:00:14.000Z
"4/24/2022, 2:03:14 PM",3.655,90.3,70.4,7,2022-04-24T19:03:14.000Z
"4/24/2022, 2:06:14 PM",3.655,90.1,70.3,7,2022-04-24T19:06:14.000Z
"4/24/2022, 2:09:14 PM",3.655,90.1,70.1,7,2022-04-24T19:09:14.000Z
"4/24/2022, 2:12:14 PM",3.655,90.1,70,7,2022-04-24T19:12:14.000Z
"4/24/2022, 2:15:14 PM",3.655,90,69.9,7,2022-04-24T19:15:14.000Z
"4/24/2022, 2:18:14 PM",3.656,90,69.8,7,2022-04-24T19:18:14.000Z
"4/24/2022, 2:21:14 PM",3.655,90,69.6,7,2022-04-24T19:21:14.000Z
"4/24/2022, 2:24:14 PM",3.655,90,69.5,6,2022-04-24T19:24:14.000Z
"4/24/2022, 2:27:14 PM",3.655,90.1,69.3,7,2022-04-24T19:27:14.000Z
"4/24/2022, 2:30:14 PM",3.656,90.1,69.3,6,2022-04-24T19:30:14.000Z
"4/24/2022, 2:33:14 PM",3.656,90.1,69.1,6,2022-04-24T19:33:14.000Z
"4/24/2022, 2:36:14 PM",3.655,90.1,69.1,6,2022-04-24T19:36:14.000Z
"4/24/2022, 2:39:14 PM",3.655,90.1,68.9,6,2022-04-24T19:39:14.000Z
"4/24/2022, 2:42:14 PM",3.655,90.1,68.8,6,2022-04-24T19:42:14.000Z
"4/24/2022, 2:45:14 PM",3.655,90.1,68.6,6,2022-04-24T19:45:14.000Z
"4/24/2022, 2:48:14 PM",3.656,90.1,68.5,8,2022-04-24T19:48:14.000Z
"4/24/2022, 2:51:14 PM",3.655,90,68.4,7,2022-04-24T19:51:14.000Z
"4/24/2022, 2:54:14 PM",3.656,90,68.4,7,2022-04-24T19:54:14.000Z
"4/24/2022, 2:57:14 PM",3.655,90,68.3,7,2022-04-24T19:57:14.000Z
"4/24/2022, 3:00:14 PM",3.656,90,68.2,7,2022-04-24T20:00:14.000Z
"4/24/2022, 3:03:14 PM",3.656,90,68.1,6,2022-04-24T20:03:14.000Z
"4/24/2022, 3:06:14 PM",3.656,90.1,68,7,2022-04-24T20:06:14.000Z
"4/24/2022, 3:09:14 PM",3.656,90.1,67.9,8,2022-04-24T20:09:14.000Z
"4/24/2022, 3:12:14 PM",3.656,90.1,67.8,7,2022-04-24T20:12:14.000Z
"4/24/2022, 3:15:14 PM",3.656,90.1,67.7,7,2022-04-24T20:15:14.000Z
"4/24/2022, 3:18:14 PM",3.655,90,67.6,7,2022-04-24T20:18:14.000Z
"4/24/2022, 3:21:14 PM",3.656,90,67.5,7,2022-04-24T20:21:14.000Z
"4/24/2022, 3:24:14 PM",3.656,90,67.4,6,2022-04-24T20:24:14.000Z
"4/24/2022, 3:27:14 PM",3.656,90,67.4,7,2022-04-24T20:27:14.000Z
"4/24/2022, 3:30:14 PM",3.655,90,67.2,7,2022-04-24T20:30:14.000Z
"4/24/2022, 3:33:14 PM",3.656,89.8,67.1,7,2022-04-24T20:33:14.000Z
"4/24/2022, 3:36:14 PM",3.656,89.8,67,8,2022-04-24T20:36:14.000Z
"4/24/2022, 3:39:14 PM",3.656,90,66.9,8,2022-04-24T20:39:14.000Z
"4/24/2022, 3:42:14 PM",3.655,90,66.8,8,2022-04-24T20:42:14.000Z
"4/24/2022, 3:45:14 PM",3.656,90,66.8,8,2022-04-24T20:45:14.000Z
"4/24/2022, 3:48:14 PM",3.656,90.1,66.6,7,2022-04-24T20:48:14.000Z
"4/24/2022, 3:51:14 PM",3.656,90.1,66.6,6,2022-04-24T20:51:14.000Z
"4/24/2022, 3:54:14 PM",3.656,90.3,66.4,6,2022-04-24T20:54:14.000Z
"4/24/2022, 3:57:14 PM",3.656,90.5,66.3,6,2022-04-24T20:57:14.000Z
"4/24/2022, 4:00:14 PM",3.655,90.5,66.1,6,2022-04-24T21:00:14.000Z
"4/24/2022, 4:03:14 PM",3.656,90.7,65.9,5,2022-04-24T21:03:14.000Z
"4/24/2022, 4:06:14 PM",3.655,90.9,65.8,5,2022-04-24T21:06:14.000Z
"4/24/2022, 4:09:14 PM",3.656,91,65.6,5,2022-04-24T21:09:14.000Z
"4/24/2022, 4:12:14 PM",3.656,91,65.5,5,2022-04-24T21:12:14.000Z
"4/24/2022, 4:15:14 PM",3.656,91.2,65.3,5,2022-04-24T21:15:14.000Z
"4/24/2022, 4:18:14 PM",3.656,91.4,65.1,5,2022-04-24T21:18:14.000Z
"4/24/2022, 4:21:14 PM",3.656,91.4,64.9,5,2022-04-24T21:21:14.000Z
"4/24/2022, 4:24:14 PM",3.656,91.4,64.7,5,2022-04-24T21:24:14.000Z
"4/24/2022, 4:27:14 PM",3.655,91.6,64.5,5,2022-04-24T21:27:14.000Z
"4/24/2022, 4:30:14 PM",3.655,91.6,64.4,5,2022-04-24T21:30:14.000Z
"4/24/2022, 4:33:14 PM",3.656,91.6,64.2,5,2022-04-24T21:33:14.000Z
"4/24/2022, 4:36:14 PM",3.655,91.6,64.1,5,2022-04-24T21:36:14.000Z
"4/24/2022, 4:39:14 PM",3.656,91.6,63.9,5,2022-04-24T21:39:14.000Z
"4/24/2022, 4:42:14 PM",3.655,91.6,63.7,5,2022-04-24T21:42:14.000Z
"4/24/2022, 4:45:14 PM",3.655,91.6,63.6,5,2022-04-24T21:45:14.000Z
"4/24/2022, 4:48:14 PM",3.656,91.6,63.5,5,2022-04-24T21:48:14.000Z
"4/24/2022, 4:51:14 PM",3.656,91.6,63.3,4,2022-04-24T21:51:14.000Z
"4/24/2022, 4:54:14 PM",3.656,91.6,63.1,5,2022-04-24T21:54:14.000Z
"4/24/2022, 4:57:14 PM",3.656,91.6,63,5,2022-04-24T21:57:14.000Z
"4/24/2022, 5:00:14 PM",3.656,91.4,62.9,5,2022-04-24T22:00:14.000Z
"4/24/2022, 5:03:14 PM",3.656,91.4,62.7,5,2022-04-24T22:03:14.000Z
"4/24/2022, 5:06:14 PM",3.656,91.2,62.5,5,2022-04-24T22:06:14.000Z
"4/24/2022, 5:09:14 PM",3.656,91.2,62.4,5,2022-04-24T22:09:14.000Z
"4/24/2022, 5:12:14 PM",3.656,91,62.3,5,2022-04-24T22:12:14.000Z
"4/24/2022, 5:15:14 PM",3.656,90.9,62.1,5,2022-04-24T22:15:14.000Z
"4/24/2022, 5:18:14 PM",3.656,90.9,62,5,2022-04-24T22:18:14.000Z
"4/24/2022, 5:21:14 PM",3.656,90.7,61.9,5,2022-04-24T22:21:14.000Z
"4/24/2022, 5:24:14 PM",3.656,90.5,61.8,6,2022-04-24T22:24:14.000Z
"4/24/2022, 5:27:14 PM",3.656,90.3,61.7,5,2022-04-24T22:27:14.000Z
"4/24/2022, 5:30:14 PM",3.656,90.1,61.6,5,2022-04-24T22:30:14.000Z
"4/24/2022, 5:33:14 PM",3.656,90,61.5,5,2022-04-24T22:33:14.000Z
"4/24/2022, 5:36:14 PM",3.656,89.8,61.4,6,2022-04-24T22:36:14.000Z
"4/24/2022, 5:39:14 PM",3.657,89.4,61.3,6,2022-04-24T22:39:14.000Z
"4/24/2022, 5:42:14 PM",3.657,89.2,61.2,5,2022-04-24T22:42:14.000Z
"4/24/2022, 5:45:14 PM",3.657,89.1,61.2,5,2022-04-24T22:45:14.000Z
"4/24/2022, 5:48:14 PM",3.656,88.9,61.2,6,2022-04-24T22:48:14.000Z
"4/24/2022, 5:51:14 PM",3.657,88.7,61.2,5,2022-04-24T22:51:14.000Z
"4/24/2022, 5:54:14 PM",3.657,88.5,61.1,5,2022-04-24T22:54:14.000Z
"4/24/2022, 5:57:14 PM",3.657,88.2,61.1,5,2022-04-24T22:57:14.000Z
"4/24/2022, 6:00:14 PM",3.657,88,61.1,6,2022-04-24T23:00:14.000Z
"4/24/2022, 6:03:14 PM",3.657,87.6,61,6,2022-04-24T23:03:14.000Z
"4/24/2022, 6:06:14 PM",3.657,87.4,61,6,2022-04-24T23:06:14.000Z
"4/24/2022, 6:09:14 PM",3.657,87.3,61,6,2022-04-24T23:09:14.000Z
"4/24/2022, 6:12:14 PM",3.657,86.9,61,7,2022-04-24T23:12:14.000Z
"4/24/2022, 6:15:14 PM",3.657,86.7,61,6,2022-04-24T23:15:14.000Z
"4/24/2022, 6:18:14 PM",3.658,86.5,61,6,2022-04-24T23:18:14.000Z
"4/24/2022, 6:21:14 PM",3.657,86.4,61,6,2022-04-24T23:21:14.000Z
"4/24/2022, 6:24:14 PM",3.658,86.2,61.1,7,2022-04-24T23:24:14.000Z
"4/24/2022, 6:27:14 PM",3.658,86,61.2,7,2022-04-24T23:27:14.000Z
"4/24/2022, 6:30:14 PM",3.658,85.8,61.3,7,2022-04-24T23:30:14.000Z
"4/24/2022, 6:33:14 PM",3.658,85.6,61.3,6,2022-04-24T23:33:14.000Z
"4/24/2022, 6:36:14 PM",3.658,85.5,61.3,7,2022-04-24T23:36:14.000Z
"4/24/2022, 6:39:14 PM",3.657,85.1,61.4,8,2022-04-24T23:39:14.000Z
"4/24/2022, 6:42:14 PM",3.658,84.9,61.4,7,2022-04-24T23:42:14.000Z
"4/24/2022, 6:45:14 PM",3.658,84.7,61.5,8,2022-04-24T23:45:14.000Z
"4/24/2022, 6:48:14 PM",3.658,84.6,61.6,8,2022-04-24T23:48:14.000Z
"4/24/2022, 6:51:14 PM",3.658,84.4,61.6,9,2022-04-24T23:51:14.000Z
"4/24/2022, 6:54:14 PM",3.658,84.2,61.8,10,2022-04-24T23:54:14.000Z
"4/24/2022, 6:57:14 PM",3.659,84,61.9,9,2022-04-24T23:57:14.000Z
"4/24/2022, 7:00:14 PM",3.658,83.8,62,9,2022-04-25T00:00:14.000Z
"4/24/2022, 7:03:14 PM",3.658,83.7,62.1,8,2022-04-25T00:03:14.000Z
"4/24/2022, 7:06:14 PM",3.658,83.5,62.1,8,2022-04-25T00:06:14.000Z
"4/24/2022, 7:09:14 PM",3.658,83.3,62.2,9,2022-04-25T00:09:14.000Z
"4/24/2022, 7:12:14 PM",3.658,83.1,62.3,9,2022-04-25T00:12:14.000Z
"4/24/2022, 7:15:14 PM",3.658,82.9,62.3,9,2022-04-25T00:15:14.000Z
"4/24/2022, 7:18:14 PM",3.658,82.8,62.5,11,2022-04-25T00:18:14.000Z
"4/24/2022, 7:21:14 PM",3.659,82.6,62.6,9,2022-04-25T00:21:14.000Z
"4/24/2022, 7:24:14 PM",3.658,82.4,62.7,10,2022-04-25T00:24:14.000Z
"4/24/2022, 7:27:14 PM",3.659,82.2,62.7,10,2022-04-25T00:27:14.000Z
"4/24/2022, 7:30:14 PM",3.659,82,62.8,9,2022-04-25T00:30:14.000Z
"4/24/2022, 7:33:14 PM",3.659,81.9,62.9,10,2022-04-25T00:33:14.000Z
"4/24/2022, 7:36:14 PM",3.659,81.9,63,10,2022-04-25T00:36:14.000Z
"4/24/2022, 7:39:14 PM",3.659,81.7,63.1,9,2022-04-25T00:39:14.000Z
"4/24/2022, 7:42:14 PM",3.659,81.5,63.3,10,2022-04-25T00:42:14.000Z
"4/24/2022, 7:45:14 PM",3.659,81.3,63.4,11,2022-04-25T00:45:14.000Z
"4/24/2022, 7:48:14 PM",3.659,81.3,63.5,9,2022-04-25T00:48:14.000Z
"4/24/2022, 7:51:14 PM",3.659,81.1,63.7,9,2022-04-25T00:51:14.000Z
"4/24/2022, 7:54:14 PM",3.659,81,63.8,10,2022-04-25T00:54:14.000Z
"4/24/2022, 7:57:14 PM",3.659,81,63.9,10,2022-04-25T00:57:14.000Z
"4/24/2022, 8:00:14 PM",3.659,80.8,64,9,2022-04-25T01:00:14.000Z
"4/24/2022, 8:03:14 PM",3.659,80.8,64.2,9,2022-04-25T01:03:14.000Z
"4/24/2022, 8:06:14 PM",3.659,80.6,64.3,9,2022-04-25T01:06:14.000Z
"4/24/2022, 8:09:14 PM",3.659,80.6,64.4,9,2022-04-25T01:09:14.000Z
"4/24/2022, 8:12:14 PM",3.659,80.4,64.5,8,2022-04-25T01:12:14.000Z
"4/24/2022, 8:15:14 PM",3.659,80.4,64.6,8,2022-04-25T01:15:14.000Z
"4/24/2022, 8:18:14 PM",3.659,80.4,64.7,8,2022-04-25T01:18:14.000Z
"4/24/2022, 8:21:14 PM",3.659,80.2,64.8,8,2022-04-25T01:21:14.000Z
"4/24/2022, 8:24:14 PM",3.659,80.2,64.8,8,2022-04-25T01:24:14.000Z
"4/24/2022, 8:27:14 PM",3.659,80.1,64.9,8,2022-04-25T01:27:14.000Z
"4/24/2022, 8:30:14 PM",3.659,80.1,65,8,2022-04-25T01:30:14.000Z
"4/24/2022, 8:33:14 PM",3.659,79.9,65,9,2022-04-25T01:33:14.000Z
"4/24/2022, 8:36:14 PM",3.659,79.9,65.1,9,2022-04-25T01:36:14.000Z
"4/24/2022, 8:39:14 PM",3.659,79.7,65.1,9,2022-04-25T01:39:14.000Z
"4/24/2022, 8:42:14 PM",3.659,79.7,65.2,8,2022-04-25T01:42:14.000Z
"4/24/2022, 8:45:14 PM",3.659,79.5,65.2,9,2022-04-25T01:45:14.000Z
"4/24/2022, 8:48:14 PM",3.659,79.5,65.3,9,2022-04-25T01:48:14.000Z
"4/24/2022, 8:51:14 PM",3.659,79.3,65.4,8,2022-04-25T01:51:14.000Z
"4/24/2022, 8:54:14 PM",3.659,79.2,65.4,9,2022-04-25T01:54:14.000Z
"4/24/2022, 8:57:14 PM",3.659,79,65.5,9,2022-04-25T01:57:14.000Z
"4/24/2022, 9:00:14 PM",3.659,79,65.5,9,2022-04-25T02:00:14.000Z
"4/24/2022, 9:03:14 PM",3.659,79,65.6,9,2022-04-25T02:03:14.000Z
"4/24/2022, 9:06:14 PM",3.659,78.6,65.6,8,2022-04-25T02:06:14.000Z
"4/24/2022, 9:09:14 PM",3.659,78.4,65.6,9,2022-04-25T02:09:14.000Z
"4/24/2022, 9:12:14 PM",3.659,78.4,65.7,8,2022-04-25T02:12:14.000Z
"4/24/2022, 9:15:14 PM",3.659,78.3,65.8,9,2022-04-25T02:15:14.000Z
"4/24/2022, 9:18:14 PM",3.659,78.1,65.9,9,2022-04-25T02:18:14.000Z
"4/24/2022, 9:21:14 PM",3.659,77.9,65.9,9,2022-04-25T02:21:14.000Z
"4/24/2022, 9:24:14 PM",3.659,77.9,66,8,2022-04-25T02:24:14.000Z
"4/24/2022, 9:27:14 PM",3.659,77.7,66.1,8,2022-04-25T02:27:14.000Z
"4/24/2022, 9:30:14 PM",3.659,77.7,66.1,9,2022-04-25T02:30:14.000Z
"4/24/2022, 9:33:14 PM",3.659,77.5,66.1,9,2022-04-25T02:33:14.000Z
"4/24/2022, 9:36:14 PM",3.659,77.4,66.2,9,2022-04-25T02:36:14.000Z
"4/24/2022, 9:39:14 PM",3.659,77.4,66.2,9,2022-04-25T02:39:14.000Z
"4/24/2022, 9:42:14 PM",3.659,77.2,66.3,9,2022-04-25T02:42:14.000Z
"4/24/2022, 9:45:14 PM",3.659,77,66.3,9,2022-04-25T02:45:14.000Z
"4/24/2022, 9:48:14 PM",3.659,76.8,66.5,9,2022-04-25T02:48:14.000Z
"4/24/2022, 9:51:14 PM",3.659,76.8,66.5,9,2022-04-25T02:51:14.000Z
"4/24/2022, 9:54:14 PM",3.659,76.6,66.6,9,2022-04-25T02:54:14.000Z
"4/24/2022, 9:57:14 PM",3.659,76.6,66.7,8,2022-04-25T02:57:14.000Z
"4/24/2022, 10:00:14 PM",3.659,76.5,66.7,8,2022-04-25T03:00:14.000Z
"4/24/2022, 10:03:14 PM",3.659,76.5,66.8,8,2022-04-25T03:03:14.000Z
"4/24/2022, 10:06:14 PM",3.659,76.5,66.9,8,2022-04-25T03:06:14.000Z
"4/24/2022, 10:09:14 PM",3.659,76.3,66.9,8,2022-04-25T03:09:14.000Z
"4/24/2022, 10:12:14 PM",3.659,76.3,67,8,2022-04-25T03:12:14.000Z
"4/24/2022, 10:15:14 PM",3.659,76.3,67.1,7,2022-04-25T03:15:14.000Z
"4/24/2022, 10:18:14 PM",3.659,76.1,67.1,7,2022-04-25T03:18:14.000Z
"4/24/2022, 10:21:14 PM",3.659,76.1,67.1,7,2022-04-25T03:21:14.000Z
"4/24/2022, 10:24:14 PM",3.659,76.1,67.2,8,2022-04-25T03:24:14.000Z
"4/24/2022, 10:27:14 PM",3.659,75.9,67.3,8,2022-04-25T03:27:14.000Z
"4/24/2022, 10:30:14 PM",3.659,75.9,67.3,8,2022-04-25T03:30:14.000Z
"4/24/2022, 10:33:14 PM",3.659,75.7,67.4,8,2022-04-25T03:33:14.000Z
"4/24/2022, 10:36:14 PM",3.659,75.7,67.4,8,2022-04-25T03:36:14.000Z
"4/24/2022, 10:39:14 PM",3.659,75.7,67.5,8,2022-04-25T03:39:14.000Z
"4/24/2022, 10:42:14 PM",3.659,75.6,67.5,7,2022-04-25T03:42:14.000Z
"4/24/2022, 10:45:14 PM",3.659,75.6,67.5,8,2022-04-25T03:45:14.000Z
"4/24/2022, 10:48:14 PM",3.659,75.4,67.6,7,2022-04-25T03:48:14.000Z
"4/24/2022, 10:51:14 PM",3.659,75.4,67.6,8,2022-04-25T03:51:14.000Z
"4/24/2022, 10:54:14 PM",3.659,75.2,67.7,7,2022-04-25T03:54:14.000Z
"4/24/2022, 10:57:14 PM",3.659,75.2,67.7,7,2022-04-25T03:57:14.000Z
"4/24/2022, 11:00:14 PM",3.659,75.2,67.8,7,2022-04-25T04:00:14.000Z
"4/24/2022, 11:03:14 PM",3.659,75,67.9,7,2022-04-25T04:03:14.000Z
"4/24/2022, 11:06:14 PM",3.659,75,67.9,7,2022-04-25T04:06:14.000Z
"4/24/2022, 11:09:14 PM",3.659,75,68,7,2022-04-25T04:09:14.000Z
"4/24/2022, 11:12:14 PM",3.659,74.8,68,7,2022-04-25T04:12:14.000Z
"4/24/2022, 11:15:14 PM",3.659,74.8,68.1,7,2022-04-25T04:15:14.000Z
"4/24/2022, 11:18:14 PM",3.659,74.8,68.1,7,2022-04-25T04:18:14.000Z
"4/24/2022, 11:21:14 PM",3.659,74.7,68.1,6,2022-04-25T04:21:14.000Z
"4/24/2022, 11:24:14 PM",3.659,74.7,68.2,6,2022-04-25T04:24:14.000Z
"4/24/2022, 11:27:14 PM",3.659,74.7,68.2,6,2022-04-25T04:27:14.000Z
"4/24/2022, 11:30:14 PM",3.659,74.5,68.2,6,2022-04-25T04:30:14.000Z
"4/24/2022, 11:33:14 PM",3.66,74.5,68.3,6,2022-04-25T04:33:14.000Z
"4/24/2022, 11:36:14 PM",3.659,74.5,68.3,6,2022-04-25T04:36:14.000Z
"4/24/2022, 11:39:14 PM",3.659,74.3,68.4,6,2022-04-25T04:39:14.000Z
"4/24/2022, 11:42:14 PM",3.659,74.3,68.5,6,2022-04-25T04:42:14.000Z
"4/24/2022, 11:45:14 PM",3.659,74.3,68.5,5,2022-04-25T04:45:14.000Z
"4/24/2022, 11:48:14 PM",3.659,74.3,68.5,5,2022-04-25T04:48:14.000Z
"4/24/2022, 11:51:14 PM",3.659,74.1,68.6,6,2022-04-25T04:51:14.000Z
"4/24/2022, 11:54:14 PM",3.659,74.1,68.6,5,2022-04-25T04:54:14.000Z
"4/24/2022, 11:57:14 PM",3.658,74.1,68.6,5,2022-04-25T04:57:14.000Z
"4/25/2022, 12:00:14 AM",3.659,74.1,68.7,6,2022-04-25T05:00:14.000Z
"4/25/2022, 12:03:14 AM",3.659,74.1,68.7,5,2022-04-25T05:03:14.000Z
"4/25/2022, 12:06:14 AM",3.659,73.9,68.8,5,2022-04-25T05:06:14.000Z
"4/25/2022, 12:09:14 AM",3.659,73.9,68.8,5,2022-04-25T05:09:14.000Z
"4/25/2022, 12:12:14 AM",3.659,73.9,68.8,5,2022-04-25T05:12:14.000Z
"4/25/2022, 12:15:14 AM",3.659,73.9,68.9,5,2022-04-25T05:15:14.000Z
"4/25/2022, 12:18:14 AM",3.659,73.9,68.9,5,2022-04-25T05:18:14.000Z
"4/25/2022, 12:21:14 AM",3.659,73.8,69,5,2022-04-25T05:21:14.000Z
"4/25/2022, 12:24:14 AM",3.659,73.8,69,5,2022-04-25T05:24:14.000Z
"4/25/2022, 12:27:14 AM",3.659,73.6,69,5,2022-04-25T05:27:14.000Z
"4/25/2022, 12:30:14 AM",3.659,73.6,69,5,2022-04-25T05:30:14.000Z
"4/25/2022, 12:33:14 AM",3.659,73.6,69.1,5,2022-04-25T05:33:14.000Z
"4/25/2022, 12:36:14 AM",3.659,73.4,69.1,5,2022-04-25T05:36:14.000Z
"4/25/2022, 12:39:14 AM",3.659,73.4,69.2,5,2022-04-25T05:39:14.000Z
"4/25/2022, 12:42:14 AM",3.658,73.4,69.2,5,2022-04-25T05:42:14.000Z
"4/25/2022, 12:45:14 AM",3.659,73.4,69.2,5,2022-04-25T05:45:14.000Z
"4/25/2022, 12:48:14 AM",3.659,73.2,69.2,4,2022-04-25T05:48:14.000Z
"4/25/2022, 12:51:14 AM",3.659,73.2,69.3,5,2022-04-25T05:51:14.000Z
"4/25/2022, 12:54:14 AM",3.659,73.2,69.3,5,2022-04-25T05:54:14.000Z
"4/25/2022, 12:57:14 AM",3.659,73.2,69.4,4,2022-04-25T05:57:14.000Z
"4/25/2022, 1:00:14 AM",3.659,73,69.4,4,2022-04-25T06:00:14.000Z
"4/25/2022, 1:03:14 AM",3.659,73,69.4,5,2022-04-25T06:03:14.000Z
"4/25/2022, 1:06:14 AM",3.659,73,69.4,4,2022-04-25T06:06:14.000Z
"4/25/2022, 1:09:14 AM",3.659,73,69.4,4,2022-04-25T06:09:14.000Z
"4/25/2022, 1:12:14 AM",3.659,73,69.5,4,2022-04-25T06:12:14.000Z
"4/25/2022, 1:15:14 AM",3.659,72.9,69.5,4,2022-04-25T06:15:14.000Z
"4/25/2022, 1:18:14 AM",3.658,72.9,69.6,4,2022-04-25T06:18:14.000Z
"4/25/2022, 1:21:14 AM",3.659,72.9,69.6,4,2022-04-25T06:21:14.000Z
"4/25/2022, 1:24:14 AM",3.659,72.9,69.7,4,2022-04-25T06:24:14.000Z
"4/25/2022, 1:27:14 AM",3.659,72.9,69.7,4,2022-04-25T06:27:14.000Z
"4/25/2022, 1:30:14 AM",3.659,72.9,69.8,4,2022-04-25T06:30:14.000Z
"4/25/2022, 1:33:14 AM",3.659,72.9,69.9,4,2022-04-25T06:33:14.000Z
"4/25/2022, 1:36:14 AM",3.658,72.9,69.9,4,2022-04-25T06:36:14.000Z
"4/25/2022, 1:39:14 AM",3.659,72.9,70,4,2022-04-25T06:39:14.000Z
"4/25/2022, 1:42:14 AM",3.658,72.9,70.1,5,2022-04-25T06:42:14.000Z
"4/25/2022, 1:45:14 AM",3.659,73,70.2,5,2022-04-25T06:45:14.000Z
"4/25/2022, 1:48:14 AM",3.659,73,70.2,5,2022-04-25T06:48:14.000Z
"4/25/2022, 1:51:14 AM",3.659,73,70.3,5,2022-04-25T06:51:14.000Z
"4/25/2022, 1:54:14 AM",3.659,73.2,70.4,5,2022-04-25T06:54:14.000Z
"4/25/2022, 1:57:14 AM",3.658,73.2,70.5,5,2022-04-25T06:57:14.000Z
"4/25/2022, 2:00:14 AM",3.658,73.2,70.5,5,2022-04-25T07:00:14.000Z
"4/25/2022, 2:03:14 AM",3.659,73.4,70.6,6,2022-04-25T07:03:14.000Z
"4/25/2022, 2:06:14 AM",3.659,73.4,70.7,6,2022-04-25T07:06:14.000Z
"4/25/2022, 2:09:14 AM",3.658,73.4,70.8,6,2022-04-25T07:09:14.000Z
"4/25/2022, 2:12:14 AM",3.659,73.6,70.8,6,2022-04-25T07:12:14.000Z
"4/25/2022, 2:15:14 AM",3.659,73.6,70.9,6,2022-04-25T07:15:14.000Z
"4/25/2022, 2:18:14 AM",3.658,73.8,70.9,6,2022-04-25T07:18:14.000Z
"4/25/2022, 2:21:14 AM",3.658,73.8,71,6,2022-04-25T07:21:14.000Z
"4/25/2022, 2:24:14 AM",3.658,73.8,71.1,6,2022-04-25T07:24:14.000Z
"4/25/2022, 2:27:14 AM",3.658,73.9,71.1,6,2022-04-25T07:27:14.000Z
"4/25/2022, 2:30:14 AM",3.658,73.9,71.2,6,2022-04-25T07:30:14.000Z
"4/25/2022, 2:33:14 AM",3.658,73.9,71.3,6,2022-04-25T07:33:14.000Z
"4/25/2022, 2:36:14 AM",3.659,74.1,71.4,6,2022-04-25T07:36:14.000Z
"4/25/2022, 2:39:14 AM",3.658,74.1,71.4,6,2022-04-25T07:39:14.000Z
"4/25/2022, 2:42:14 AM",3.658,74.1,71.5,6,2022-04-25T07:42:14.000Z
"4/25/2022, 2:45:14 AM",3.658,74.1,71.5,6,2022-04-25T07:45:14.000Z
"4/25/2022, 2:48:14 AM",3.659,74.3,71.6,6,2022-04-25T07:48:14.000Z
"4/25/2022, 2:51:14 AM",3.658,74.3,71.6,6,2022-04-25T07:51:14.000Z
"4/25/2022, 2:54:14 AM",3.658,74.3,71.6,6,2022-04-25T07:54:14.000Z
"4/25/2022, 2:57:14 AM",3.658,74.3,71.6,5,2022-04-25T07:57:14.000Z
"4/25/2022, 3:00:14 AM",3.658,74.1,71.7,5,2022-04-25T08:00:14.000Z
"4/25/2022, 3:03:14 AM",3.658,74.1,71.7,5,2022-04-25T08:03:14.000Z
"4/25/2022, 3:06:14 AM",3.658,74.1,71.7,6,2022-04-25T08:06:14.000Z
"4/25/2022, 3:09:14 AM",3.658,74.1,71.7,5,2022-04-25T08:09:14.000Z
"4/25/2022, 3:12:14 AM",3.658,74.1,71.7,5,2022-04-25T08:12:14.000Z
"4/25/2022, 3:15:14 AM",3.658,74.1,71.8,5,2022-04-25T08:15:14.000Z
"4/25/2022, 3:18:14 AM",3.658,74.1,71.8,5,2022-04-25T08:18:14.000Z
"4/25/2022, 3:21:14 AM",3.658,74.1,71.8,5,2022-04-25T08:21:14.000Z
"4/25/2022, 3:24:14 AM",3.658,73.9,71.8,5,2022-04-25T08:24:14.000Z
"4/25/2022, 3:27:14 AM",3.658,73.9,71.8,5,2022-04-25T08:27:14.000Z
"4/25/2022, 3:30:14 AM",3.658,73.9,71.7,5,2022-04-25T08:30:14.000Z
"4/25/2022, 3:33:14 AM",3.659,73.9,71.7,5,2022-04-25T08:33:14.000Z
"4/25/2022, 3:36:14 AM",3.658,73.8,71.8,5,2022-04-25T08:36:14.000Z
"4/25/2022, 3:39:14 AM",3.658,73.8,71.8,5,2022-04-25T08:39:14.000Z
"4/25/2022, 3:42:14 AM",3.658,73.8,71.8,5,2022-04-25T08:42:14.000Z
"4/25/2022, 3:45:14 AM",3.658,73.6,71.8,5,2022-04-25T08:45:14.000Z
"4/25/2022, 3:48:14 AM",3.658,73.6,71.8,5,2022-04-25T08:48:14.000Z
"4/25/2022, 3:51:14 AM",3.658,73.6,71.8,5,2022-04-25T08:51:14.000Z
"4/25/2022, 3:54:14 AM",3.658,73.4,71.8,5,2022-04-25T08:54:14.000Z
"4/25/2022, 3:57:14 AM",3.658,73.4,71.8,5,2022-04-25T08:57:14.000Z
"4/25/2022, 4:00:14 AM",3.658,73.4,71.8,5,2022-04-25T09:00:14.000Z
"4/25/2022, 4:03:14 AM",3.658,73.4,71.8,5,2022-04-25T09:03:14.000Z
"4/25/2022, 4:06:14 AM",3.658,73.2,71.8,5,2022-04-25T09:06:14.000Z
"4/25/2022, 4:09:14 AM",3.658,73.2,71.8,5,2022-04-25T09:09:14.000Z
"4/25/2022, 4:12:14 AM",3.658,73,71.8,5,2022-04-25T09:12:14.000Z
"4/25/2022, 4:15:14 AM",3.658,73,71.8,4,2022-04-25T09:15:14.000Z
"4/25/2022, 4:18:14 AM",3.658,72.9,71.9,5,2022-04-25T09:18:14.000Z
"4/25/2022, 4:21:14 AM",3.658,72.9,71.9,5,2022-04-25T09:21:14.000Z
"4/25/2022, 4:24:14 AM",3.658,72.9,71.9,5,2022-04-25T09:24:14.000Z
"4/25/2022, 4:27:14 AM",3.658,72.7,71.8,4,2022-04-25T09:27:14.000Z
"4/25/2022, 4:30:14 AM",3.659,72.7,71.9,4,2022-04-25T09:30:14.000Z
"4/25/2022, 4:33:14 AM",3.658,72.7,71.9,4,2022-04-25T09:33:14.000Z
"4/25/2022, 4:36:14 AM",3.659,72.5,71.9,4,2022-04-25T09:36:14.000Z
"4/25/2022, 4:39:14 AM",3.659,72.5,71.9,4,2022-04-25T09:39:14.000Z
"4/25/2022, 4:42:14 AM",3.658,72.3,71.9,4,2022-04-25T09:42:14.000Z
"4/25/2022, 4:45:14 AM",3.659,72.3,71.9,4,2022-04-25T09:45:14.000Z
"4/25/2022, 4:48:14 AM",3.658,72.3,71.9,4,2022-04-25T09:48:14.000Z
"4/25/2022, 4:51:14 AM",3.659,72.1,71.9,4,2022-04-25T09:51:14.000Z
"4/25/2022, 4:54:14 AM",3.658,72.1,71.9,4,2022-04-25T09:54:14.000Z
"4/25/2022, 4:57:14 AM",3.658,72.1,71.9,4,2022-04-25T09:57:14.000Z
"4/25/2022, 5:00:14 AM",3.658,72,72,4,2022-04-25T10:00:14.000Z
"4/25/2022, 5:03:14 AM",3.658,72,72,4,2022-04-25T10:03:14.000Z
"4/25/2022, 5:06:14 AM",3.658,72,72,4,2022-04-25T10:06:14.000Z
"4/25/2022, 5:09:14 AM",3.658,71.8,72,4,2022-04-25T10:09:14.000Z
"4/25/2022, 5:12:14 AM",3.658,71.8,72,4,2022-04-25T10:12:14.000Z
"4/25/2022, 5:15:14 AM",3.658,71.8,72,4,2022-04-25T10:15:14.000Z
"4/25/2022, 5:18:14 AM",3.659,71.6,72.1,4,2022-04-25T10:18:14.000Z
"4/25/2022, 5:21:14 AM",3.658,71.6,72.1,4,2022-04-25T10:21:14.000Z
"4/25/2022, 5:24:14 AM",3.659,71.6,72.1,4,2022-04-25T10:24:14.000Z
"4/25/2022, 5:27:14 AM",3.658,71.6,72.2,4,2022-04-25T10:27:14.000Z
"4/25/2022, 5:30:14 AM",3.658,71.6,72.2,4,2022-04-25T10:30:14.000Z
"4/25/2022, 5:33:14 AM",3.659,71.6,72.3,4,2022-04-25T10:33:14.000Z
"4/25/2022, 5:36:14 AM",3.659,71.6,72.4,5,2022-04-25T10:36:14.000Z
"4/25/2022, 5:39:14 AM",3.658,71.6,72.4,5,2022-04-25T10:39:14.000Z
"4/25/2022, 5:42:14 AM",3.658,71.6,72.5,5,2022-04-25T10:42:14.000Z
"4/25/2022, 5:45:14 AM",3.658,71.8,72.5,5,2022-04-25T10:45:14.000Z
"4/25/2022, 5:48:14 AM",3.658,71.8,72.5,5,2022-04-25T10:48:14.000Z
"4/25/2022, 5:51:14 AM",3.658,71.8,72.6,5,2022-04-25T10:51:14.000Z
"4/25/2022, 5:54:14 AM",3.658,71.8,72.7,5,2022-04-25T10:54:14.000Z
"4/25/2022, 5:57:14 AM",3.658,71.8,72.7,5,2022-04-25T10:57:14.000Z
"4/25/2022, 6:00:14 AM",3.658,71.8,72.8,5,2022-04-25T11:00:14.000Z
"4/25/2022, 6:03:14 AM",3.659,71.8,72.8,5,2022-04-25T11:03:14.000Z
"4/25/2022, 6:06:14 AM",3.658,71.8,72.9,4,2022-04-25T11:06:14.000Z
"4/25/2022, 6:09:14 AM",3.658,71.8,72.9,4,2022-04-25T11:09:14.000Z
"4/25/2022, 6:12:14 AM",3.659,72,72.9,4,2022-04-25T11:12:14.000Z
"4/25/2022, 6:15:14 AM",3.658,72,73,4,2022-04-25T11:15:14.000Z
"4/25/2022, 6:18:14 AM",3.658,72,73,4,2022-04-25T11:18:14.000Z
"4/25/2022, 6:21:14 AM",3.658,72,73,4,2022-04-25T11:21:14.000Z
"4/25/2022, 6:24:14 AM",3.658,72,73.1,4,2022-04-25T11:24:14.000Z
"4/25/2022, 6:27:14 AM",3.658,72,73.1,4,2022-04-25T11:27:14.000Z
"4/25/2022, 6:30:14 AM",3.658,72.1,73.2,4,2022-04-25T11:30:14.000Z
"4/25/2022, 6:33:14 AM",3.658,72.1,73.2,4,2022-04-25T11:33:14.000Z
"4/25/2022, 6:36:14 AM",3.658,72.1,73.3,4,2022-04-25T11:36:14.000Z
"4/25/2022, 6:39:14 AM",3.658,72.1,73.3,4,2022-04-25T11:39:14.000Z
"4/25/2022, 6:42:14 AM",3.658,72.3,73.4,4,2022-04-25T11:42:14.000Z
"4/25/2022, 6:45:14 AM",3.658,72.3,73.4,5,2022-04-25T11:45:14.000Z
"4/25/2022, 6:48:14 AM",3.658,72.3,73.5,4,2022-04-25T11:48:14.000Z
"4/25/2022, 6:51:14 AM",3.658,72.5,73.5,5,2022-04-25T11:51:14.000Z
"4/25/2022, 6:54:14 AM",3.658,72.7,73.6,5,2022-04-25T11:54:14.000Z
"4/25/2022, 6:57:14 AM",3.658,72.7,73.7,5,2022-04-25T11:57:14.000Z
"4/25/2022, 7:00:14 AM",3.658,72.9,73.8,6,2022-04-25T12:00:14.000Z
"4/25/2022, 7:03:14 AM",3.658,73,73.8,5,2022-04-25T12:03:14.000Z
"4/25/2022, 7:06:14 AM",3.658,73.2,73.9,5,2022-04-25T12:06:14.000Z
"4/25/2022, 7:09:14 AM",3.658,73.2,73.9,5,2022-04-25T12:09:14.000Z
"4/25/2022, 7:12:14 AM",3.658,73.4,74,6,2022-04-25T12:12:14.000Z
"4/25/2022, 7:15:14 AM",3.657,73.6,74.1,5,2022-04-25T12:15:14.000Z
"4/25/2022, 7:18:14 AM",3.658,73.8,74.2,5,2022-04-25T12:18:14.000Z
"4/25/2022, 7:21:14 AM",3.658,73.8,74.2,6,2022-04-25T12:21:14.000Z
"4/25/2022, 7:24:14 AM",3.658,73.9,74.3,6,2022-04-25T12:24:14.000Z
"4/25/2022, 7:27:14 AM",3.658,74.1,74.4,6,2022-04-25T12:27:14.000Z
"4/25/2022, 7:30:14 AM",3.657,74.1,74.4,6,2022-04-25T12:30:14.000Z
"4/25/2022, 7:33:14 AM",3.658,74.3,74.5,6,2022-04-25T12:33:14.000Z
"4/25/2022, 7:36:14 AM",3.658,74.5,74.6,6,2022-04-25T12:36:14.000Z
"4/25/2022, 7:39:14 AM",3.657,74.5,74.6,6,2022-04-25T12:39:14.000Z
"4/25/2022, 7:42:14 AM",3.657,74.7,74.7,6,2022-04-25T12:42:14.000Z
"4/25/2022, 7:45:14 AM",3.658,74.8,74.8,6,2022-04-25T12:45:14.000Z
"4/25/2022, 7:48:14 AM",3.657,74.8,74.8,6,2022-04-25T12:48:14.000Z
"4/25/2022, 7:51:14 AM",3.657,75,74.9,6,2022-04-25T12:51:14.000Z
"4/25/2022, 7:54:14 AM",3.658,75,74.9,6,2022-04-25T12:54:14.000Z
"4/25/2022, 7:57:14 AM",3.657,75.2,74.9,6,2022-04-25T12:57:14.000Z
"4/25/2022, 8:00:14 AM",3.657,75.2,74.9,6,2022-04-25T13:00:14.000Z
"4/25/2022, 8:03:14 AM",3.657,75.4,74.9,6,2022-04-25T13:03:14.000Z
"4/25/2022, 8:06:14 AM",3.657,75.4,74.9,6,2022-04-25T13:06:14.000Z
"4/25/2022, 8:09:14 AM",3.657,75.6,74.9,5,2022-04-25T13:09:14.000Z
"4/25/2022, 8:12:14 AM",3.657,75.6,75,5,2022-04-25T13:12:14.000Z
"4/25/2022, 8:15:14 AM",3.657,75.7,75,6,2022-04-25T13:15:14.000Z
"4/25/2022, 8:18:14 AM",3.658,75.7,75.1,6,2022-04-25T13:18:14.000Z
"4/25/2022, 8:21:14 AM",3.657,75.9,75.1,6,2022-04-25T13:21:14.000Z
"4/25/2022, 8:24:14 AM",3.658,75.9,75.2,6,2022-04-25T13:24:14.000Z
"4/25/2022, 8:27:14 AM",3.657,76.1,75.2,6,2022-04-25T13:27:14.000Z
"4/25/2022, 8:30:14 AM",3.657,76.1,75.2,6,2022-04-25T13:30:14.000Z
"4/25/2022, 8:33:14 AM",3.657,76.3,75.3,6,2022-04-25T13:33:14.000Z
"4/25/2022, 8:36:14 AM",3.657,76.3,75.3,6,2022-04-25T13:36:14.000Z
"4/25/2022, 8:39:14 AM",3.657,76.5,75.3,6,2022-04-25T13:39:14.000Z
"4/25/2022, 8:42:14 AM",3.657,76.6,75.4,5,2022-04-25T13:42:14.000Z
"4/25/2022, 8:45:14 AM",3.657,76.8,75.4,5,2022-04-25T13:45:14.000Z
"4/25/2022, 8:48:14 AM",3.657,76.8,75.4,5,2022-04-25T13:48:14.000Z
"4/25/2022, 8:51:14 AM",3.657,77,75.3,5,2022-04-25T13:51:14.000Z
"4/25/2022, 8:54:14 AM",3.657,77.2,75.3,5,2022-04-25T13:54:14.000Z
"4/25/2022, 8:57:14 AM",3.657,77.4,75.3,5,2022-04-25T13:57:14.000Z
"4/25/2022, 9:00:14 AM",3.657,77.4,75.3,5,2022-04-25T14:00:14.000Z
"4/25/2022, 9:03:14 AM",3.657,77.5,75.2,5,2022-04-25T14:03:14.000Z
"4/25/2022, 9:06:14 AM",3.657,77.7,75.2,5,2022-04-25T14:06:14.000Z
"4/25/2022, 9:09:14 AM",3.657,77.7,75.3,5,2022-04-25T14:09:14.000Z
"4/25/2022, 9:12:14 AM",3.657,77.9,75.3,5,2022-04-25T14:12:14.000Z
"4/25/2022, 9:15:14 AM",3.657,78.1,75.3,5,2022-04-25T14:15:14.000Z
"4/25/2022, 9:18:14 AM",3.657,78.1,75.3,5,2022-04-25T14:18:14.000Z
"4/25/2022, 9:21:14 AM",3.656,78.3,75.3,5,2022-04-25T14:21:14.000Z
"4/25/2022, 9:24:14 AM",3.657,78.4,75.3,5,2022-04-25T14:24:14.000Z
"4/25/2022, 9:27:14 AM",3.657,78.6,75.2,5,2022-04-25T14:27:14.000Z
"4/25/2022, 9:30:14 AM",3.656,78.8,75.3,5,2022-04-25T14:30:14.000Z
"4/25/2022, 9:33:14 AM",3.657,79,75.2,5,2022-04-25T14:33:14.000Z
"4/25/2022, 9:36:14 AM",3.657,79.2,75.2,5,2022-04-25T14:36:14.000Z
"4/25/2022, 9:39:14 AM",3.656,79.5,75.1,5,2022-04-25T14:39:14.000Z
"4/25/2022, 9:42:14 AM",3.657,79.7,75.1,5,2022-04-25T14:42:14.000Z
"4/25/2022, 9:45:14 AM",3.656,79.9,75,6,2022-04-25T14:45:14.000Z
"4/25/2022, 9:48:14 AM",3.657,80.1,74.9,5,2022-04-25T14:48:14.000Z
"4/25/2022, 9:51:14 AM",3.656,80.2,74.9,6,2022-04-25T14:51:14.000Z
"4/25/2022, 9:54:14 AM",3.656,80.2,74.8,4,2022-04-25T14:54:14.000Z
"4/25/2022, 9:57:14 AM",3.656,80.4,74.7,5,2022-04-25T14:57:14.000Z
"4/25/2022, 10:00:14 AM",3.656,80.4,74.7,4,2022-04-25T15:00:14.000Z
"4/25/2022, 10:03:14 AM",3.656,80.6,74.6,4,2022-04-25T15:03:14.000Z
"4/25/2022, 10:06:14 AM",3.656,80.6,74.5,4,2022-04-25T15:06:14.000Z
"4/25/2022, 10:09:14 AM",3.657,80.6,74.4,4,2022-04-25T15:09:14.000Z
"4/25/2022, 10:12:14 AM",3.657,80.6,74.3,4,2022-04-25T15:12:14.000Z
"4/25/2022, 10:15:14 AM",3.657,80.6,74.2,3,2022-04-25T15:15:14.000Z
"4/25/2022, 10:18:14 AM",3.656,80.6,74.2,4,2022-04-25T15:18:14.000Z
"4/25/2022, 10:21:14 AM",3.656,80.6,74.1,3,2022-04-25T15:21:14.000Z
"4/25/2022, 10:24:14 AM",3.657,80.6,74,3,2022-04-25T15:24:14.000Z
"4/25/2022, 10:27:14 AM",3.657,80.6,74,3,2022-04-25T15:27:14.000Z
"4/25/2022, 10:30:14 AM",3.656,80.6,73.9,3,2022-04-25T15:30:14.000Z
"4/25/2022, 10:33:14 AM",3.657,80.4,73.8,3,2022-04-25T15:33:14.000Z
"4/25/2022, 10:36:14 AM",3.657,80.4,73.7,3,2022-04-25T15:36:14.000Z
"4/25/2022, 10:39:14 AM",3.657,80.2,73.6,3,2022-04-25T15:39:14.000Z
"4/25/2022, 10:42:14 AM",3.657,80.2,73.6,3,2022-04-25T15:42:14.000Z
"4/25/2022, 10:45:14 AM",3.657,80.1,73.5,2,2022-04-25T15:45:14.000Z
"4/25/2022, 10:48:14 AM",3.657,79.9,73.4,2,2022-04-25T15:48:14.000Z
"4/25/2022, 10:51:14 AM",3.657,79.7,73.4,2,2022-04-25T15:51:14.000Z
"4/25/2022, 10:54:14 AM",3.657,79.5,73.3,2,2022-04-25T15:54:14.000Z
"4/25/2022, 10:57:14 AM",3.657,79.3,73.3,2,2022-04-25T15:57:14.000Z
"4/25/2022, 11:00:14 AM",3.657,79.2,73.2,2,2022-04-25T16:00:14.000Z
"4/25/2022, 11:03:14 AM",3.657,79,73.1,2,2022-04-25T16:03:14.000Z
"4/25/2022, 11:06:14 AM",3.658,79,73.1,2,2022-04-25T16:06:14.000Z
"4/25/2022, 11:09:14 AM",3.658,78.6,73.1,2,2022-04-25T16:09:14.000Z
"4/25/2022, 11:12:14 AM",3.658,78.4,73.1,2,2022-04-25T16:12:14.000Z
"4/25/2022, 11:15:14 AM",3.657,78.3,73,2,2022-04-25T16:15:14.000Z
"4/25/2022, 11:18:14 AM",3.658,77.9,73,2,2022-04-25T16:18:14.000Z
"4/25/2022, 11:21:14 AM",3.658,77.7,73,2,2022-04-25T16:21:14.000Z
"4/25/2022, 11:24:14 AM",3.658,77.5,73,2,2022-04-25T16:24:14.000Z
"4/25/2022, 11:27:14 AM",3.658,77.4,73.1,3,2022-04-25T16:27:14.000Z
"4/25/2022, 11:30:14 AM",3.658,77.4,73.1,2,2022-04-25T16:30:14.000Z
"4/25/2022, 11:33:14 AM",3.658,77.2,73.1,3,2022-04-25T16:33:14.000Z
"4/25/2022, 11:36:14 AM",3.658,77,73.1,3,2022-04-25T16:36:14.000Z
"4/25/2022, 11:39:14 AM",3.658,76.8,73.2,4,2022-04-25T16:39:14.000Z
"4/25/2022, 11:42:14 AM",3.658,76.8,73.2,3,2022-04-25T16:42:14.000Z
"4/25/2022, 11:45:14 AM",3.658,76.6,73.2,4,2022-04-25T16:45:14.000Z
"4/25/2022, 11:48:14 AM",3.658,76.6,73.3,4,2022-04-25T16:48:14.000Z
"4/25/2022, 11:51:14 AM",3.658,76.6,73.4,4,2022-04-25T16:51:14.000Z
"4/25/2022, 11:54:14 AM",3.658,76.5,73.5,4,2022-04-25T16:54:14.000Z
"4/25/2022, 11:57:14 AM",3.658,76.5,73.5,4,2022-04-25T16:57:14.000Z
"4/25/2022, 12:00:14 PM",3.658,76.5,73.5,4,2022-04-25T17:00:14.000Z
"4/25/2022, 12:03:14 PM",3.658,76.5,73.6,4,2022-04-25T17:03:14.000Z
"4/25/2022, 12:06:14 PM",3.658,76.5,73.7,4,2022-04-25T17:06:14.000Z
"4/25/2022, 12:09:14 PM",3.658,76.5,73.7,4,2022-04-25T17:09:14.000Z
"4/25/2022, 12:12:14 PM",3.658,76.5,73.8,4,2022-04-25T17:12:14.000Z
"4/25/2022, 12:15:14 PM",3.658,76.5,73.8,4,2022-04-25T17:15:14.000Z
"4/25/2022, 12:18:14 PM",3.658,76.5,73.9,4,2022-04-25T17:18:14.000Z
"4/25/2022, 12:21:14 PM",3.658,76.5,73.9,4,2022-04-25T17:21:14.000Z
"4/25/2022, 12:24:14 PM",3.658,76.5,74,5,2022-04-25T17:24:14.000Z
"4/25/2022, 12:27:14 PM",3.658,76.5,74.1,5,2022-04-25T17:27:14.000Z
"4/25/2022, 12:30:14 PM",3.658,76.5,74.1,5,2022-04-25T17:30:14.000Z
"4/25/2022, 12:33:14 PM",3.658,76.5,74.2,5,2022-04-25T17:33:14.000Z
"4/25/2022, 12:36:14 PM",3.657,76.6,74.3,5,2022-04-25T17:36:14.000Z
"4/25/2022, 12:39:14 PM",3.658,76.6,74.3,5,2022-04-25T17:39:14.000Z
"4/25/2022, 12:42:14 PM",3.658,76.6,74.3,5,2022-04-25T17:42:14.000Z
"4/25/2022, 12:45:14 PM",3.658,76.8,74.4,5,2022-04-25T17:45:14.000Z
"4/25/2022, 12:48:14 PM",3.658,76.8,74.5,5,2022-04-25T17:48:14.000Z
"4/25/2022, 12:51:14 PM",3.658,76.8,74.5,6,2022-04-25T17:51:14.000Z
"4/25/2022, 12:54:14 PM",3.658,77,74.6,6,2022-04-25T17:54:14.000Z
"4/25/2022, 12:57:14 PM",3.657,77,74.6,6,2022-04-25T17:57:14.000Z
"4/25/2022, 1:00:14 PM",3.658,77,74.6,6,2022-04-25T18:00:14.000Z
"4/25/2022, 1:03:14 PM",3.658,77.2,74.7,6,2022-04-25T18:03:14.000Z
"4/25/2022, 1:06:14 PM",3.657,77.2,74.8,6,2022-04-25T18:06:14.000Z
"4/25/2022, 1:09:14 PM",3.658,77.2,74.8,6,2022-04-25T18:09:14.000Z
"4/25/2022, 1:12:14 PM",3.658,77.2,74.9,7,2022-04-25T18:12:14.000Z
"4/25/2022, 1:15:14 PM",3.657,77.2,74.9,7,2022-04-25T18:15:14.000Z
"4/25/2022, 1:18:14 PM",3.657,77.2,74.9,7,2022-04-25T18:18:14.000Z
"4/25/2022, 1:21:14 PM",3.658,77.4,75,7,2022-04-25T18:21:14.000Z
"4/25/2022, 1:24:14 PM",3.657,77.4,75,7,2022-04-25T18:24:14.000Z
"4/25/2022, 1:27:14 PM",3.657,77.4,75,7,2022-04-25T18:27:14.000Z
"4/25/2022, 1:30:14 PM",3.658,77.4,75.1,7,2022-04-25T18:30:14.000Z
"4/25/2022, 1:33:14 PM",3.657,77.4,75.1,7,2022-04-25T18:33:14.000Z
"4/25/2022, 1:36:14 PM",3.658,77.4,75.1,7,2022-04-25T18:36:14.000Z
"4/25/2022, 1:39:14 PM",3.657,77.4,75.2,7,2022-04-25T18:39:14.000Z
"4/25/2022, 1:42:14 PM",3.657,77.4,75.2,7,2022-04-25T18:42:14.000Z
"4/25/2022, 1:45:14 PM",3.658,77.4,75.2,7,2022-04-25T18:45:14.000Z
"4/25/2022, 1:48:14 PM",3.657,77.4,75.3,7,2022-04-25T18:48:14.000Z
"4/25/2022, 1:51:14 PM",3.657,77.4,75.3,7,2022-04-25T18:51:14.000Z
"4/25/2022, 1:54:14 PM",3.657,77.4,75.3,7,2022-04-25T18:54:14.000Z
"4/25/2022, 1:57:14 PM",3.657,77.4,75.3,7,2022-04-25T18:57:14.000Z
"4/25/2022, 2:00:14 PM",3.657,77.4,75.3,7,2022-04-25T19:00:14.000Z
"4/25/2022, 2:03:14 PM",3.658,77.4,75.4,7,2022-04-25T19:03:14.000Z
"4/25/2022, 2:06:14 PM",3.657,77.4,75.4,7,2022-04-25T19:06:14.000Z
"4/25/2022, 2:09:14 PM",3.658,77.4,75.4,7,2022-04-25T19:09:14.000Z
"4/25/2022, 2:12:14 PM",3.657,77.4,75.5,8,2022-04-25T19:12:14.000Z
"4/25/2022, 2:15:14 PM",3.657,77.2,75.5,8,2022-04-25T19:15:14.000Z
"4/25/2022, 2:18:14 PM",3.658,77.2,75.5,8,2022-04-25T19:18:14.000Z
"4/25/2022, 2:21:14 PM",3.658,77.2,75.5,8,2022-04-25T19:21:14.000Z
"4/25/2022, 2:24:14 PM",3.658,77.2,75.6,8,2022-04-25T19:24:14.000Z
"4/25/2022, 2:27:14 PM",3.657,77.2,75.6,8,2022-04-25T19:27:14.000Z
"4/25/2022, 2:30:14 PM",3.657,77,75.6,8,2022-04-25T19:30:14.000Z
"4/25/2022, 2:33:14 PM",3.657,77,75.6,8,2022-04-25T19:33:14.000Z
"4/25/2022, 2:36:14 PM",3.657,77,75.6,8,2022-04-25T19:36:14.000Z
"4/25/2022, 2:39:14 PM",3.657,77,75.7,8,2022-04-25T19:39:14.000Z
"4/25/2022, 2:42:14 PM",3.658,76.8,75.7,7,2022-04-25T19:42:14.000Z
"4/25/2022, 2:45:14 PM",3.657,76.8,75.7,7,2022-04-25T19:45:14.000Z
"4/25/2022, 2:48:14 PM",3.657,76.6,75.7,8,2022-04-25T19:48:14.000Z
"4/25/2022, 2:51:14 PM",3.658,76.5,75.7,7,2022-04-25T19:51:14.000Z
"4/25/2022, 2:54:14 PM",3.658,76.3,75.7,7,2022-04-25T19:54:14.000Z
"4/25/2022, 2:57:14 PM",3.658,76.1,75.7,7,2022-04-25T19:57:14.000Z
"4/25/2022, 3:00:14 PM",3.658,75.7,75.6,7,2022-04-25T20:00:14.000Z
"4/25/2022, 3:03:14 PM",3.658,75.6,75.6,6,2022-04-25T20:03:14.000Z
"4/25/2022, 3:06:14 PM",3.658,75.4,75.6,6,2022-04-25T20:06:14.000Z
"4/25/2022, 3:09:14 PM",3.658,75.2,75.6,6,2022-04-25T20:09:14.000Z
"4/25/2022, 3:12:14 PM",3.658,75,75.5,6,2022-04-25T20:12:14.000Z
"4/25/2022, 3:15:14 PM",3.658,74.7,75.6,6,2022-04-25T20:15:14.000Z
"4/25/2022, 3:18:14 PM",3.658,74.5,75.6,6,2022-04-25T20:18:14.000Z
"4/25/2022, 3:21:14 PM",3.658,74.5,75.6,6,2022-04-25T20:21:14.000Z
"4/25/2022, 3:24:14 PM",3.658,74.3,75.6,6,2022-04-25T20:24:14.000Z
"4/25/2022, 3:27:14 PM",3.658,74.1,75.6,6,2022-04-25T20:27:14.000Z
"4/25/2022, 3:30:14 PM",3.658,74.1,75.7,6,2022-04-25T20:30:14.000Z
"4/25/2022, 3:33:14 PM",3.658,73.9,75.7,6,2022-04-25T20:33:14.000Z
"4/25/2022, 3:36:14 PM",3.658,73.9,75.7,6,2022-04-25T20:36:14.000Z
"4/25/2022, 3:39:14 PM",3.658,73.9,75.7,6,2022-04-25T20:39:14.000Z
"4/25/2022, 3:42:14 PM",3.658,73.8,75.8,6,2022-04-25T20:42:14.000Z
"4/25/2022, 3:45:14 PM",3.658,73.8,75.9,6,2022-04-25T20:45:14.000Z
"4/25/2022, 3:48:14 PM",3.658,73.8,75.9,6,2022-04-25T20:48:14.000Z
"4/25/2022, 3:51:14 PM",3.658,73.6,76,6,2022-04-25T20:51:14.000Z
"4/25/2022, 3:54:14 PM",3.658,73.6,76,6,2022-04-25T20:54:14.000Z
"4/25/2022, 3:57:14 PM",3.658,73.4,76.1,6,2022-04-25T20:57:14.000Z
"4/25/2022, 4:00:14 PM",3.658,73.4,76.1,6,2022-04-25T21:00:14.000Z
"4/25/2022, 4:03:14 PM",3.658,73.4,76.2,7,2022-04-25T21:03:14.000Z
"4/25/2022, 4:06:14 PM",3.658,73.4,76.2,6,2022-04-25T21:06:14.000Z
"4/25/2022, 4:09:14 PM",3.658,73.6,76.3,7,2022-04-25T21:09:14.000Z
"4/25/2022, 4:12:14 PM",3.658,73.6,76.4,7,2022-04-25T21:12:14.000Z
"4/25/2022, 4:15:14 PM",3.658,73.6,76.4,7,2022-04-25T21:15:14.000Z
"4/25/2022, 4:18:14 PM",3.658,73.8,76.5,6,2022-04-25T21:18:14.000Z
"4/25/2022, 4:21:14 PM",3.658,73.9,76.6,7,2022-04-25T21:21:14.000Z
"4/25/2022, 4:24:14 PM",3.658,73.9,76.7,7,2022-04-25T21:24:14.000Z
"4/25/2022, 4:27:14 PM",3.658,73.9,76.8,6,2022-04-25T21:27:14.000Z
"4/25/2022, 4:30:14 PM",3.658,74.1,76.8,7,2022-04-25T21:30:14.000Z
"4/25/2022, 4:33:14 PM",3.658,74.1,76.9,6,2022-04-25T21:33:14.000Z
"4/25/2022, 4:36:14 PM",3.658,74.3,76.9,8,2022-04-25T21:36:14.000Z
"4/25/2022, 4:39:14 PM",3.658,74.5,77,9,2022-04-25T21:39:14.000Z
"4/25/2022, 4:42:14 PM",3.658,74.5,77.1,9,2022-04-25T21:42:14.000Z
"4/25/2022, 4:45:14 PM",3.658,74.7,77.3,12,2022-04-25T21:45:14.000Z
"4/25/2022, 4:48:14 PM",3.658,74.8,77.4,12,2022-04-25T21:48:14.000Z
"4/25/2022, 4:51:14 PM",3.658,75,77.6,12,2022-04-25T21:51:14.000Z
"4/25/2022, 4:54:14 PM",3.658,75,77.7,13,2022-04-25T21:54:14.000Z
"4/25/2022, 4:57:14 PM",3.657,75.2,77.8,12,2022-04-25T21:57:14.000Z
"4/25/2022, 5:00:14 PM",3.657,75.2,78,13,2022-04-25T22:00:14.000Z
"4/25/2022, 5:03:14 PM",3.657,75.4,78.1,13,2022-04-25T22:03:14.000Z
"4/25/2022, 5:06:14 PM",3.657,75.6,78.2,13,2022-04-25T22:06:14.000Z
"4/25/2022, 5:09:14 PM",3.658,75.6,78.4,13,2022-04-25T22:09:14.000Z
"4/25/2022, 5:12:14 PM",3.657,75.7,78.4,13,2022-04-25T22:12:14.000Z
"4/25/2022, 5:15:14 PM",3.657,75.7,78.5,14,2022-04-25T22:15:14.000Z
"4/25/2022, 5:18:14 PM",3.657,75.9,78.6,14,2022-04-25T22:18:14.000Z
"4/25/2022, 5:21:14 PM",3.657,76.1,78.7,14,2022-04-25T22:21:14.000Z
"4/25/2022, 5:24:14 PM",3.657,76.1,78.8,14,2022-04-25T22:24:14.000Z
"4/25/2022, 5:27:14 PM",3.657,76.1,78.9,14,2022-04-25T22:27:14.000Z
"4/25/2022, 5:30:14 PM",3.657,76.3,79,14,2022-04-25T22:30:14.000Z
"4/25/2022, 5:33:14 PM",3.657,76.3,79.1,14,2022-04-25T22:33:14.000Z
"4/25/2022, 5:36:14 PM",3.657,76.3,79.1,14,2022-04-25T22:36:14.000Z
"4/25/2022, 5:39:14 PM",3.657,76.5,79.2,14,2022-04-25T22:39:14.000Z
"4/25/2022, 5:42:14 PM",3.657,76.5,79.3,14,2022-04-25T22:42:14.000Z
"4/25/2022, 5:45:14 PM",3.657,76.5,79.4,14,2022-04-25T22:45:14.000Z
"4/25/2022, 5:48:14 PM",3.657,76.5,79.5,14,2022-04-25T22:48:14.000Z
"4/25/2022, 5:51:14 PM",3.657,76.5,79.5,14,2022-04-25T22:51:14.000Z
"4/25/2022, 5:54:14 PM",3.657,76.5,79.6,14,2022-04-25T22:54:14.000Z
"4/25/2022, 5:57:14 PM",3.657,76.5,79.6,15,2022-04-25T22:57:14.000Z
"4/25/2022, 6:00:14 PM",3.657,76.6,79.7,15,2022-04-25T23:00:14.000Z
"4/25/2022, 6:03:14 PM",3.657,76.6,79.7,15,2022-04-25T23:03:14.000Z
"4/25/2022, 6:06:14 PM",3.657,76.6,79.8,15,2022-04-25T23:06:14.000Z
"4/25/2022, 6:09:14 PM",3.657,76.8,79.8,15,2022-04-25T23:09:14.000Z
"4/25/2022, 6:12:14 PM",3.657,76.8,79.9,15,2022-04-25T23:12:14.000Z
"4/25/2022, 6:15:14 PM",3.657,76.8,80,15,2022-04-25T23:15:14.000Z
"4/25/2022, 6:18:14 PM",3.657,76.8,80,15,2022-04-25T23:18:14.000Z
"4/25/2022, 6:21:14 PM",3.657,76.8,80.1,15,2022-04-25T23:21:14.000Z
"4/25/2022, 6:24:14 PM",3.657,76.8,80.1,15,2022-04-25T23:24:14.000Z
"4/25/2022, 6:27:14 PM",3.657,76.6,80.1,15,2022-04-25T23:27:14.000Z
"4/25/2022, 6:30:14 PM",3.657,76.6,80.2,15,2022-04-25T23:30:14.000Z
"4/25/2022, 6:33:14 PM",3.657,76.6,80.2,15,2022-04-25T23:33:14.000Z
"4/25/2022, 6:36:14 PM",3.657,76.5,80.3,15,2022-04-25T23:36:14.000Z
"4/25/2022, 6:39:14 PM",3.657,76.5,80.2,15,2022-04-25T23:39:14.000Z
"4/25/2022, 6:42:14 PM",3.657,76.5,80.3,15,2022-04-25T23:42:14.000Z
"4/25/2022, 6:45:14 PM",3.657,76.5,80.3,15,2022-04-25T23:45:14.000Z
"4/25/2022, 6:48:14 PM",3.657,76.3,80.4,16,2022-04-25T23:48:14.000Z
"4/25/2022, 6:51:14 PM",3.657,76.3,80.4,15,2022-04-25T23:51:14.000Z
"4/25/2022, 6:54:14 PM",3.657,76.3,80.5,16,2022-04-25T23:54:14.000Z
"4/25/2022, 6:57:14 PM",3.657,76.3,80.5,15,2022-04-25T23:57:14.000Z
"4/25/2022, 7:00:14 PM",3.657,76.3,80.5,15,2022-04-26T00:00:14.000Z
"4/25/2022, 7:03:14 PM",3.658,76.1,80.5,15,2022-04-26T00:03:14.000Z
"4/25/2022, 7:06:14 PM",3.657,76.1,80.5,15,2022-04-26T00:06:14.000Z
"4/25/2022, 7:09:14 PM",3.657,75.9,80.6,15,2022-04-26T00:09:14.000Z
"4/25/2022, 7:12:14 PM",3.657,75.9,80.6,16,2022-04-26T00:12:14.000Z
"4/25/2022, 7:15:14 PM",3.658,75.9,80.7,16,2022-04-26T00:15:14.000Z
"4/25/2022, 7:18:14 PM",3.657,75.7,80.6,16,2022-04-26T00:18:14.000Z
"4/25/2022, 7:21:14 PM",3.658,75.7,80.7,16,2022-04-26T00:21:14.000Z
"4/25/2022, 7:24:14 PM",3.658,75.7,80.7,15,2022-04-26T00:24:14.000Z
"4/25/2022, 7:27:14 PM",3.657,75.7,80.7,15,2022-04-26T00:27:14.000Z
"4/25/2022, 7:30:14 PM",3.657,75.6,80.8,15,2022-04-26T00:30:14.000Z
"4/25/2022, 7:33:14 PM",3.657,75.6,80.8,15,2022-04-26T00:33:14.000Z
"4/25/2022, 7:36:14 PM",3.657,75.4,80.8,15,2022-04-26T00:36:14.000Z
"4/25/2022, 7:39:14 PM",3.657,75.4,80.8,15,2022-04-26T00:39:14.000Z
"4/25/2022, 7:42:14 PM",3.657,75.4,80.8,15,2022-04-26T00:42:14.000Z
"4/25/2022, 7:45:14 PM",3.658,75.2,80.8,15,2022-04-26T00:45:14.000Z
"4/25/2022, 7:48:14 PM",3.657,75.2,80.8,15,2022-04-26T00:48:14.000Z
"4/25/2022, 7:51:14 PM",3.657,75,80.8,15,2022-04-26T00:51:14.000Z
"4/25/2022, 7:54:14 PM",3.657,75,80.9,15,2022-04-26T00:54:14.000Z
"4/25/2022, 7:57:14 PM",3.658,74.8,80.9,15,2022-04-26T00:57:14.000Z
"4/25/2022, 8:00:14 PM",3.658,74.8,80.9,15,2022-04-26T01:00:14.000Z
"4/25/2022, 8:03:14 PM",3.657,74.7,80.9,15,2022-04-26T01:03:14.000Z
"4/25/2022, 8:06:14 PM",3.658,74.7,81,15,2022-04-26T01:06:14.000Z
"4/25/2022, 8:09:14 PM",3.658,74.7,81,15,2022-04-26T01:09:14.000Z
"4/25/2022, 8:12:14 PM",3.658,74.5,81,15,2022-04-26T01:12:14.000Z
"4/25/2022, 8:15:14 PM",3.657,74.5,81.1,15,2022-04-26T01:15:14.000Z
"4/25/2022, 8:18:14 PM",3.658,74.5,81.1,15,2022-04-26T01:18:14.000Z
"4/25/2022, 8:21:14 PM",3.657,74.3,81.1,14,2022-04-26T01:21:14.000Z
"4/25/2022, 8:24:14 PM",3.657,74.3,81.2,14,2022-04-26T01:24:14.000Z
"4/25/2022, 8:27:14 PM",3.657,74.3,81.1,14,2022-04-26T01:27:14.000Z
"4/25/2022, 8:30:14 PM",3.658,74.1,81.2,14,2022-04-26T01:30:14.000Z
"4/25/2022, 8:33:14 PM",3.658,74.1,81.2,14,2022-04-26T01:33:14.000Z
"4/25/2022, 8:36:14 PM",3.657,74.1,81.2,14,2022-04-26T01:36:14.000Z
"4/25/2022, 8:39:14 PM",3.657,73.9,81.3,14,2022-04-26T01:39:14.000Z
"4/25/2022, 8:42:14 PM",3.657,73.9,81.3,13,2022-04-26T01:42:14.000Z
"4/25/2022, 8:45:14 PM",3.658,73.9,81.3,13,2022-04-26T01:45:14.000Z
"4/25/2022, 8:48:14 PM",3.657,73.8,81.3,13,2022-04-26T01:48:14.000Z
"4/25/2022, 8:51:14 PM",3.657,73.8,81.4,13,2022-04-26T01:51:14.000Z
"4/25/2022, 8:54:14 PM",3.658,73.6,81.4,12,2022-04-26T01:54:14.000Z
"4/25/2022, 8:57:14 PM",3.658,73.6,81.4,12,2022-04-26T01:57:14.000Z
"4/25/2022, 9:00:14 PM",3.657,73.4,81.4,12,2022-04-26T02:00:14.000Z
"4/25/2022, 9:03:14 PM",3.658,73.4,81.4,12,2022-04-26T02:03:14.000Z
"4/25/2022, 9:06:14 PM",3.657,73.2,81.5,12,2022-04-26T02:06:14.000Z
"4/25/2022, 9:09:14 PM",3.658,73.2,81.5,12,2022-04-26T02:09:14.000Z
"4/25/2022, 9:12:14 PM",3.657,73,81.5,12,2022-04-26T02:12:14.000Z
"4/25/2022, 9:15:14 PM",3.658,73,81.5,11,2022-04-26T02:15:14.000Z
"4/25/2022, 9:18:14 PM",3.658,72.9,81.5,11,2022-04-26T02:18:14.000Z
"4/25/2022, 9:21:14 PM",3.658,72.9,81.6,11,2022-04-26T02:21:14.000Z
"4/25/2022, 9:24:14 PM",3.657,72.7,81.6,12,2022-04-26T02:24:14.000Z
"4/25/2022, 9:27:14 PM",3.658,72.7,81.6,12,2022-04-26T02:27:14.000Z
"4/25/2022, 9:30:14 PM",3.657,72.7,81.6,12,2022-04-26T02:30:14.000Z
"4/25/2022, 9:33:14 PM",3.657,72.5,81.7,12,2022-04-26T02:33:14.000Z
"4/25/2022, 9:36:14 PM",3.658,72.5,81.7,12,2022-04-26T02:36:14.000Z
"4/25/2022, 9:39:14 PM",3.658,72.5,81.7,11,2022-04-26T02:39:14.000Z
"4/25/2022, 9:42:14 PM",3.657,72.3,81.7,12,2022-04-26T02:42:14.000Z
"4/25/2022, 9:45:14 PM",3.658,72.3,81.8,12,2022-04-26T02:45:14.000Z
"4/25/2022, 9:48:14 PM",3.658,72.1,81.8,12,2022-04-26T02:48:14.000Z
"4/25/2022, 9:51:14 PM",3.658,72.1,81.8,12,2022-04-26T02:51:14.000Z
"4/25/2022, 9:54:14 PM",3.658,72.1,81.8,12,2022-04-26T02:54:14.000Z
"4/25/2022, 9:57:14 PM",3.658,72,81.8,11,2022-04-26T02:57:14.000Z
"4/25/2022, 10:00:14 PM",3.657,72,81.9,11,2022-04-26T03:00:14.000Z
"4/25/2022, 10:03:14 PM",3.658,71.8,81.9,11,2022-04-26T03:03:14.000Z
"4/25/2022, 10:06:14 PM",3.658,71.8,81.9,11,2022-04-26T03:06:14.000Z
"4/25/2022, 10:09:14 PM",3.658,71.8,81.9,11,2022-04-26T03:09:14.000Z
"4/25/2022, 10:12:14 PM",3.658,71.6,82,11,2022-04-26T03:12:14.000Z
"4/25/2022, 10:15:14 PM",3.658,71.6,82,11,2022-04-26T03:15:14.000Z
"4/25/2022, 10:18:14 PM",3.658,71.4,82,11,2022-04-26T03:18:14.000Z
"4/25/2022, 10:21:14 PM",3.658,71.4,82,11,2022-04-26T03:21:14.000Z
"4/25/2022, 10:24:14 PM",3.658,71.2,82.1,11,2022-04-26T03:24:14.000Z
"4/25/2022, 10:27:14 PM",3.658,71.1,82.1,11,2022-04-26T03:27:14.000Z
"4/25/2022, 10:30:14 PM",3.658,70.9,82.2,11,2022-04-26T03:30:14.000Z
"4/25/2022, 10:33:14 PM",3.658,70.9,82.2,11,2022-04-26T03:33:14.000Z
"4/25/2022, 10:36:14 PM",3.658,70.7,82.2,11,2022-04-26T03:36:14.000Z
"4/25/2022, 10:39:14 PM",3.658,70.5,82.2,11,2022-04-26T03:39:14.000Z
"4/25/2022, 10:42:14 PM",3.658,70.3,82.2,11,2022-04-26T03:42:14.000Z
"4/25/2022, 10:45:14 PM",3.657,70.3,82.3,11,2022-04-26T03:45:14.000Z
"4/25/2022, 10:48:14 PM",3.658,70.2,82.3,11,2022-04-26T03:48:14.000Z
"4/25/2022, 10:51:14 PM",3.657,70.2,82.3,11,2022-04-26T03:51:14.000Z
"4/25/2022, 10:54:14 PM",3.658,70,82.3,11,2022-04-26T03:54:14.000Z
"4/25/2022, 10:57:14 PM",3.657,69.8,82.3,11,2022-04-26T03:57:14.000Z
"4/25/2022, 11:00:14 PM",3.658,69.8,82.4,11,2022-04-26T04:00:14.000Z
"4/25/2022, 11:03:14 PM",3.658,69.6,82.4,11,2022-04-26T04:03:14.000Z
"4/25/2022, 11:06:14 PM",3.658,69.6,82.4,11,2022-04-26T04:06:14.000Z
"4/25/2022, 11:09:14 PM",3.658,69.4,82.5,11,2022-04-26T04:09:14.000Z
"4/25/2022, 11:12:14 PM",3.658,69.4,82.4,11,2022-04-26T04:12:14.000Z
"4/25/2022, 11:15:14 PM",3.658,69.3,82.5,11,2022-04-26T04:15:14.000Z
"4/25/2022, 11:18:14 PM",3.658,69.3,82.5,11,2022-04-26T04:18:14.000Z
"4/25/2022, 11:21:14 PM",3.658,69.1,82.5,11,2022-04-26T04:21:14.000Z
"4/25/2022, 11:24:14 PM",3.657,69.1,82.6,11,2022-04-26T04:24:14.000Z
"4/25/2022, 11:27:14 PM",3.658,69.1,82.6,11,2022-04-26T04:27:14.000Z
"4/25/2022, 11:30:14 PM",3.658,69.1,82.6,11,2022-04-26T04:30:14.000Z
"4/25/2022, 11:33:14 PM",3.658,68.9,82.6,12,2022-04-26T04:33:14.000Z
"4/25/2022, 11:36:14 PM",3.658,68.9,82.7,12,2022-04-26T04:36:14.000Z
"4/25/2022, 11:39:14 PM",3.658,68.7,82.7,12,2022-04-26T04:39:14.000Z
"4/25/2022, 11:42:14 PM",3.657,68.7,82.7,12,2022-04-26T04:42:14.000Z
"4/25/2022, 11:45:14 PM",3.657,68.7,82.7,12,2022-04-26T04:45:14.000Z
"4/25/2022, 11:48:14 PM",3.657,68.5,82.7,12,2022-04-26T04:48:14.000Z
"4/25/2022, 11:51:14 PM",3.657,68.5,82.7,12,2022-04-26T04:51:14.000Z
"4/25/2022, 11:54:14 PM",3.657,68.4,82.8,12,2022-04-26T04:54:14.000Z
"4/25/2022, 11:57:14 PM",3.657,68.4,82.8,12,2022-04-26T04:57:14.000Z
"4/26/2022, 12:00:14 AM",3.658,68.2,82.8,11,2022-04-26T05:00:14.000Z
"4/26/2022, 12:03:14 AM",3.658,68.2,82.8,12,2022-04-26T05:03:14.000Z
"4/26/2022, 12:06:14 AM",3.657,68.2,82.9,12,2022-04-26T05:06:14.000Z
"4/26/2022, 12:09:14 AM",3.658,68,82.9,12,2022-04-26T05:09:14.000Z
"4/26/2022, 12:12:14 AM",3.657,68,82.9,11,2022-04-26T05:12:14.000Z
"4/26/2022, 12:15:14 AM",3.657,68,83,11,2022-04-26T05:15:14.000Z
"4/26/2022, 12:18:14 AM",3.657,67.8,83,11,2022-04-26T05:18:14.000Z
"4/26/2022, 12:21:14 AM",3.658,67.8,83,11,2022-04-26T05:21:14.000Z
"4/26/2022, 12:24:14 AM",3.657,67.8,83,11,2022-04-26T05:24:14.000Z
"4/26/2022, 12:27:14 AM",3.657,67.8,83,11,2022-04-26T05:27:14.000Z
"4/26/2022, 12:30:14 AM",3.657,67.8,83,11,2022-04-26T05:30:14.000Z
"4/26/2022, 12:33:14 AM",3.657,67.6,83,11,2022-04-26T05:33:14.000Z
"4/26/2022, 12:36:14 AM",3.657,67.6,83,11,2022-04-26T05:36:14.000Z
"4/26/2022, 12:39:14 AM",3.657,67.6,83.1,11,2022-04-26T05:39:14.000Z
"4/26/2022, 12:42:14 AM",3.657,67.6,83.1,11,2022-04-26T05:42:14.000Z
"4/26/2022, 12:45:14 AM",3.657,67.5,83.2,11,2022-04-26T05:45:14.000Z
"4/26/2022, 12:48:14 AM",3.657,67.5,83.2,11,2022-04-26T05:48:14.000Z
"4/26/2022, 12:51:14 AM",3.657,67.5,83.2,11,2022-04-26T05:51:14.000Z
"4/26/2022, 12:54:14 AM",3.657,67.3,83.2,11,2022-04-26T05:54:14.000Z
"4/26/2022, 12:57:14 AM",3.657,67.3,83.2,11,2022-04-26T05:57:14.000Z
"4/26/2022, 1:00:14 AM",3.657,67.3,83.3,11,2022-04-26T06:00:14.000Z
"4/26/2022, 1:03:14 AM",3.657,67.1,83.3,11,2022-04-26T06:03:14.000Z
"4/26/2022, 1:06:14 AM",3.657,67.1,83.3,11,2022-04-26T06:06:14.000Z
"4/26/2022, 1:09:14 AM",3.657,67.1,83.3,11,2022-04-26T06:09:14.000Z
"4/26/2022, 1:12:14 AM",3.657,66.9,83.3,10,2022-04-26T06:12:14.000Z
"4/26/2022, 1:15:14 AM",3.657,66.9,83.4,10,2022-04-26T06:15:14.000Z
"4/26/2022, 1:18:14 AM",3.657,66.9,83.4,10,2022-04-26T06:18:14.000Z
"4/26/2022, 1:21:14 AM",3.657,66.9,83.4,10,2022-04-26T06:21:14.000Z
"4/26/2022, 1:24:14 AM",3.657,66.9,83.4,10,2022-04-26T06:24:14.000Z
"4/26/2022, 1:27:14 AM",3.657,66.9,83.5,10,2022-04-26T06:27:14.000Z
"4/26/2022, 1:30:14 AM",3.657,66.7,83.5,10,2022-04-26T06:30:14.000Z
"4/26/2022, 1:33:14 AM",3.657,66.7,83.5,10,2022-04-26T06:33:14.000Z
"4/26/2022, 1:36:14 AM",3.657,66.7,83.5,10,2022-04-26T06:36:14.000Z
"4/26/2022, 1:39:14 AM",3.657,66.6,83.6,10,2022-04-26T06:39:14.000Z
"4/26/2022, 1:42:14 AM",3.657,66.6,83.6,10,2022-04-26T06:42:14.000Z
"4/26/2022, 1:45:14 AM",3.657,66.6,83.6,10,2022-04-26T06:45:14.000Z
"4/26/2022, 1:48:14 AM",3.657,66.4,83.7,10,2022-04-26T06:48:14.000Z
"4/26/2022, 1:51:14 AM",3.657,66.4,83.7,10,2022-04-26T06:51:14.000Z
"4/26/2022, 1:54:14 AM",3.657,66.2,83.7,10,2022-04-26T06:54:14.000Z
"4/26/2022, 1:57:14 AM",3.657,66.2,83.8,10,2022-04-26T06:57:14.000Z
"4/26/2022, 2:00:14 AM",3.657,66.2,83.7,10,2022-04-26T07:00:14.000Z
"4/26/2022, 2:03:14 AM",3.657,66.2,83.8,10,2022-04-26T07:03:14.000Z
"4/26/2022, 2:06:14 AM",3.657,66,83.8,11,2022-04-26T07:06:14.000Z
"4/26/2022, 2:09:14 AM",3.657,66,83.8,10,2022-04-26T07:09:14.000Z
"4/26/2022, 2:12:14 AM",3.657,65.8,83.9,11,2022-04-26T07:12:14.000Z
"4/26/2022, 2:15:14 AM",3.657,65.8,83.8,10,2022-04-26T07:15:14.000Z
"4/26/2022, 2:18:14 AM",3.657,65.8,83.9,10,2022-04-26T07:18:14.000Z
"4/26/2022, 2:21:14 AM",3.657,65.8,83.9,10,2022-04-26T07:21:14.000Z
"4/26/2022, 2:24:14 AM",3.657,65.7,83.9,10,2022-04-26T07:24:14.000Z
"4/26/2022, 2:27:14 AM",3.656,65.7,84,11,2022-04-26T07:27:14.000Z
"4/26/2022, 2:30:14 AM",3.657,65.7,84,11,2022-04-26T07:30:14.000Z
"4/26/2022, 2:33:14 AM",3.657,65.7,84,11,2022-04-26T07:33:14.000Z
"4/26/2022, 2:36:14 AM",3.656,65.7,84,11,2022-04-26T07:36:14.000Z
"4/26/2022, 2:39:14 AM",3.657,65.5,84,11,2022-04-26T07:39:14.000Z
"4/26/2022, 2:42:14 AM",3.657,65.5,84.1,11,2022-04-26T07:42:14.000Z
"4/26/2022, 2:45:14 AM",3.657,65.3,84.1,11,2022-04-26T07:45:14.000Z
"4/26/2022, 2:48:14 AM",3.656,65.3,84.1,11,2022-04-26T07:48:14.000Z
"4/26/2022, 2:51:14 AM",3.656,65.1,84.1,11,2022-04-26T07:51:14.000Z
"4/26/2022, 2:54:14 AM",3.656,65.1,84.2,11,2022-04-26T07:54:14.000Z
"4/26/2022, 2:57:14 AM",3.657,64.9,84.2,11,2022-04-26T07:57:14.000Z
"4/26/2022, 3:00:14 AM",3.657,64.9,84.2,11,2022-04-26T08:00:14.000Z
"4/26/2022, 3:03:14 AM",3.656,64.8,84.2,11,2022-04-26T08:03:14.000Z
"4/26/2022, 3:06:14 AM",3.657,64.8,84.3,11,2022-04-26T08:06:14.000Z
"4/26/2022, 3:09:14 AM",3.656,64.6,84.2,11,2022-04-26T08:09:14.000Z
"4/26/2022, 3:12:14 AM",3.656,64.6,84.3,11,2022-04-26T08:12:14.000Z
"4/26/2022, 3:15:14 AM",3.656,64.6,84.3,11,2022-04-26T08:15:14.000Z
"4/26/2022, 3:18:14 AM",3.656,64.4,84.3,11,2022-04-26T08:18:14.000Z
"4/26/2022, 3:21:14 AM",3.656,64.4,84.3,11,2022-04-26T08:21:14.000Z
"4/26/2022, 3:24:14 AM",3.656,64.2,84.3,11,2022-04-26T08:24:14.000Z
"4/26/2022, 3:27:14 AM",3.656,64.2,84.3,11,2022-04-26T08:27:14.000Z
"4/26/2022, 3:30:14 AM",3.656,64,84.4,11,2022-04-26T08:30:14.000Z
"4/26/2022, 3:33:14 AM",3.657,64,84.4,11,2022-04-26T08:33:14.000Z
"4/26/2022, 3:36:14 AM",3.657,64,84.4,11,2022-04-26T08:36:14.000Z
"4/26/2022, 3:39:14 AM",3.656,64,84.4,11,2022-04-26T08:39:14.000Z
"4/26/2022, 3:42:14 AM",3.656,63.9,84.4,11,2022-04-26T08:42:14.000Z
"4/26/2022, 3:45:14 AM",3.657,63.9,84.4,11,2022-04-26T08:45:14.000Z
"4/26/2022, 3:48:14 AM",3.656,63.9,84.4,11,2022-04-26T08:48:14.000Z
"4/26/2022, 3:51:14 AM",3.656,64,84.5,11,2022-04-26T08:51:14.000Z
"4/26/2022, 3:54:14 AM",3.656,64,84.5,11,2022-04-26T08:54:14.000Z
"4/26/2022, 3:57:14 AM",3.656,64,84.5,12,2022-04-26T08:57:14.000Z
"4/26/2022, 4:00:14 AM",3.656,64,84.5,11,2022-04-26T09:00:14.000Z
"4/26/2022, 4:03:14 AM",3.656,64,84.6,11,2022-04-26T09:03:14.000Z
"4/26/2022, 4:06:14 AM",3.656,64,84.6,11,2022-04-26T09:06:14.000Z
"4/26/2022, 4:09:14 AM",3.656,64,84.6,11,2022-04-26T09:09:14.000Z
"4/26/2022, 4:12:14 AM",3.656,64,84.6,11,2022-04-26T09:12:14.000Z
"4/26/2022, 4:15:14 AM",3.656,64,84.7,11,2022-04-26T09:15:14.000Z
"4/26/2022, 4:18:14 AM",3.656,64,84.7,11,2022-04-26T09:18:14.000Z
"4/26/2022, 4:21:14 AM",3.656,64,84.7,11,2022-04-26T09:21:14.000Z
"4/26/2022, 4:24:14 AM",3.656,64,84.7,11,2022-04-26T09:24:14.000Z
"4/26/2022, 4:27:14 AM",3.656,64,84.8,11,2022-04-26T09:27:14.000Z
"4/26/2022, 4:30:14 AM",3.656,63.9,84.8,11,2022-04-26T09:30:14.000Z
"4/26/2022, 4:33:14 AM",3.656,63.9,84.8,11,2022-04-26T09:33:14.000Z
"4/26/2022, 4:36:14 AM",3.656,63.9,84.8,11,2022-04-26T09:36:14.000Z
"4/26/2022, 4:39:14 AM",3.656,63.9,84.9,11,2022-04-26T09:39:14.000Z
"4/26/2022, 4:42:14 AM",3.656,63.9,84.9,11,2022-04-26T09:42:14.000Z
"4/26/2022, 4:45:14 AM",3.656,63.7,84.9,11,2022-04-26T09:45:14.000Z
"4/26/2022, 4:48:14 AM",3.656,63.7,84.9,11,2022-04-26T09:48:14.000Z
"4/26/2022, 4:51:14 AM",3.656,63.7,84.9,11,2022-04-26T09:51:14.000Z
"4/26/2022, 4:54:14 AM",3.656,63.7,84.9,11,2022-04-26T09:54:14.000Z
"4/26/2022, 4:57:14 AM",3.655,63.7,85,10,2022-04-26T09:57:14.000Z
"4/26/2022, 5:00:14 AM",3.656,63.5,85,10,2022-04-26T10:00:14.000Z
"4/26/2022, 5:03:14 AM",3.655,63.5,85,10,2022-04-26T10:03:14.000Z
"4/26/2022, 5:06:14 AM",3.656,63.5,85,10,2022-04-26T10:06:14.000Z
"4/26/2022, 5:09:14 AM",3.656,63.5,85,10,2022-04-26T10:09:14.000Z
"4/26/2022, 5:12:14 AM",3.656,63.5,85,10,2022-04-26T10:12:14.000Z
"4/26/2022, 5:15:14 AM",3.656,63.5,85.1,10,2022-04-26T10:15:14.000Z
"4/26/2022, 5:18:14 AM",3.655,63.5,85.1,10,2022-04-26T10:18:14.000Z
"4/26/2022, 5:21:14 AM",3.656,63.5,85.1,10,2022-04-26T10:21:14.000Z
"4/26/2022, 5:24:14 AM",3.655,63.3,85.1,10,2022-04-26T10:24:14.000Z
"4/26/2022, 5:27:14 AM",3.656,63.3,85.1,10,2022-04-26T10:27:14.000Z
"4/26/2022, 5:30:14 AM",3.656,63.3,85.1,10,2022-04-26T10:30:14.000Z
"4/26/2022, 5:33:14 AM",3.655,63.3,85.1,10,2022-04-26T10:33:14.000Z
"4/26/2022, 5:36:14 AM",3.656,63.3,85.1,10,2022-04-26T10:36:14.000Z
"4/26/2022, 5:39:14 AM",3.656,63.3,85.2,10,2022-04-26T10:39:14.000Z
"4/26/2022, 5:42:14 AM",3.656,63.3,85.2,9,2022-04-26T10:42:14.000Z
"4/26/2022, 5:45:14 AM",3.655,63.3,85.2,9,2022-04-26T10:45:14.000Z
"4/26/2022, 5:48:14 AM",3.655,63.3,85.2,10,2022-04-26T10:48:14.000Z
"4/26/2022, 5:51:14 AM",3.655,63.1,85.2,9,2022-04-26T10:51:14.000Z
"4/26/2022, 5:54:14 AM",3.655,63.1,85.2,9,2022-04-26T10:54:14.000Z
"4/26/2022, 5:57:14 AM",3.655,63.1,85.3,9,2022-04-26T10:57:14.000Z
"4/26/2022, 6:00:14 AM",3.655,63.1,85.3,9,2022-04-26T11:00:14.000Z
"4/26/2022, 6:03:14 AM",3.655,63.1,85.3,9,2022-04-26T11:03:14.000Z
"4/26/2022, 6:06:14 AM",3.655,63.1,85.3,9,2022-04-26T11:06:14.000Z
"4/26/2022, 6:09:14 AM",3.655,63.1,85.3,9,2022-04-26T11:09:14.000Z
"4/26/2022, 6:12:14 AM",3.655,63.1,85.3,9,2022-04-26T11:12:14.000Z
"4/26/2022, 6:15:14 AM",3.655,63.3,85.3,9,2022-04-26T11:15:14.000Z
"4/26/2022, 6:18:14 AM",3.655,63.3,85.3,9,2022-04-26T11:18:14.000Z
"4/26/2022, 6:21:14 AM",3.655,63.3,85.3,9,2022-04-26T11:21:14.000Z
"4/26/2022, 6:24:14 AM",3.655,63.3,85.3,9,2022-04-26T11:24:14.000Z
"4/26/2022, 6:27:14 AM",3.655,63.5,85.4,9,2022-04-26T11:27:14.000Z
"4/26/2022, 6:30:14 AM",3.655,63.5,85.4,9,2022-04-26T11:30:14.000Z
"4/26/2022, 6:33:14 AM",3.655,63.7,85.4,9,2022-04-26T11:33:14.000Z
"4/26/2022, 6:36:14 AM",3.655,63.7,85.4,9,2022-04-26T11:36:14.000Z
"4/26/2022, 6:39:14 AM",3.655,63.9,85.4,9,2022-04-26T11:39:14.000Z
"4/26/2022, 6:42:14 AM",3.655,63.9,85.4,9,2022-04-26T11:42:14.000Z
"4/26/2022, 6:45:14 AM",3.655,64,85.5,9,2022-04-26T11:45:14.000Z
"4/26/2022, 6:48:14 AM",3.655,64,85.5,9,2022-04-26T11:48:14.000Z
"4/26/2022, 6:51:14 AM",3.655,64,85.5,9,2022-04-26T11:51:14.000Z
"4/26/2022, 6:54:14 AM",3.655,64.2,85.6,9,2022-04-26T11:54:14.000Z
"4/26/2022, 6:57:14 AM",3.655,64.2,85.6,9,2022-04-26T11:57:14.000Z
"4/26/2022, 7:00:14 AM",3.655,64.4,85.7,9,2022-04-26T12:00:14.000Z
"4/26/2022, 7:03:14 AM",3.654,64.6,85.7,9,2022-04-26T12:03:14.000Z
"4/26/2022, 7:06:14 AM",3.655,64.6,85.7,9,2022-04-26T12:06:14.000Z
"4/26/2022, 7:09:14 AM",3.655,64.6,85.7,9,2022-04-26T12:09:14.000Z
"4/26/2022, 7:12:14 AM",3.655,64.8,85.8,9,2022-04-26T12:12:14.000Z
"4/26/2022, 7:15:14 AM",3.655,64.8,85.8,10,2022-04-26T12:15:14.000Z
"4/26/2022, 7:18:14 AM",3.654,64.8,85.8,9,2022-04-26T12:18:14.000Z
"4/26/2022, 7:21:14 AM",3.655,64.9,85.8,10,2022-04-26T12:21:14.000Z
"4/26/2022, 7:24:14 AM",3.654,64.9,85.9,10,2022-04-26T12:24:14.000Z
"4/26/2022, 7:27:14 AM",3.654,65.1,85.9,10,2022-04-26T12:27:14.000Z
"4/26/2022, 7:30:14 AM",3.654,65.1,85.9,10,2022-04-26T12:30:14.000Z
"4/26/2022, 7:33:14 AM",3.654,65.3,85.9,10,2022-04-26T12:33:14.000Z
"4/26/2022, 7:36:14 AM",3.654,65.5,85.9,11,2022-04-26T12:36:14.000Z
"4/26/2022, 7:39:14 AM",3.654,65.5,85.9,11,2022-04-26T12:39:14.000Z
"4/26/2022, 7:42:14 AM",3.655,65.7,86,11,2022-04-26T12:42:14.000Z
"4/26/2022, 7:45:14 AM",3.655,65.7,86,11,2022-04-26T12:45:14.000Z
"4/26/2022, 7:48:14 AM",3.654,65.7,86,11,2022-04-26T12:48:14.000Z
"4/26/2022, 7:51:14 AM",3.654,65.7,86.1,11,2022-04-26T12:51:14.000Z
"4/26/2022, 7:54:14 AM",3.654,65.7,86.1,11,2022-04-26T12:54:14.000Z
"4/26/2022, 7:57:14 AM",3.654,65.7,86.1,11,2022-04-26T12:57:14.000Z
"4/26/2022, 8:00:14 AM",3.654,65.7,86.2,11,2022-04-26T13:00:14.000Z
"4/26/2022, 8:03:14 AM",3.654,65.7,86.2,11,2022-04-26T13:03:14.000Z
"4/26/2022, 8:06:14 AM",3.655,65.7,86.2,11,2022-04-26T13:06:14.000Z
"4/26/2022, 8:09:14 AM",3.655,65.7,86.2,11,2022-04-26T13:09:14.000Z
"4/26/2022, 8:12:14 AM",3.654,65.5,86.3,12,2022-04-26T13:12:14.000Z
"4/26/2022, 8:15:14 AM",3.654,65.5,86.3,12,2022-04-26T13:15:14.000Z
"4/26/2022, 8:18:14 AM",3.655,65.3,86.4,12,2022-04-26T13:18:14.000Z
"4/26/2022, 8:21:14 AM",3.655,65.3,86.4,11,2022-04-26T13:21:14.000Z
"4/26/2022, 8:24:14 AM",3.655,65.1,86.4,11,2022-04-26T13:24:14.000Z
"4/26/2022, 8:27:14 AM",3.655,65.3,86.5,11,2022-04-26T13:27:14.000Z
"4/26/2022, 8:30:14 AM",3.654,65.5,86.5,11,2022-04-26T13:30:14.000Z
"4/26/2022, 8:33:14 AM",3.654,65.7,86.5,11,2022-04-26T13:33:14.000Z
"4/26/2022, 8:36:14 AM",3.654,65.7,86.5,11,2022-04-26T13:36:14.000Z
"4/26/2022, 8:39:14 AM",3.655,65.8,86.5,11,2022-04-26T13:39:14.000Z
"4/26/2022, 8:42:14 AM",3.654,66,86.5,11,2022-04-26T13:42:14.000Z
"4/26/2022, 8:45:14 AM",3.654,66,86.6,11,2022-04-26T13:45:14.000Z
"4/26/2022, 8:48:14 AM",3.654,66,86.6,11,2022-04-26T13:48:14.000Z
"4/26/2022, 8:51:14 AM",3.654,66.2,86.6,11,2022-04-26T13:51:14.000Z
"4/26/2022, 8:54:14 AM",3.655,66.2,86.6,11,2022-04-26T13:54:14.000Z
"4/26/2022, 8:57:14 AM",3.655,66.2,86.6,11,2022-04-26T13:57:14.000Z
"4/26/2022, 9:00:14 AM",3.654,66.4,86.6,11,2022-04-26T14:00:14.000Z
"4/26/2022, 9:03:14 AM",3.654,66.2,86.7,11,2022-04-26T14:03:14.000Z
"4/26/2022, 9:06:14 AM",3.655,66.2,86.7,11,2022-04-26T14:06:14.000Z
"4/26/2022, 9:09:14 AM",3.655,66.2,86.7,11,2022-04-26T14:09:14.000Z
"4/26/2022, 9:12:14 AM",3.655,66,86.7,11,2022-04-26T14:12:14.000Z
"4/26/2022, 9:15:14 AM",3.655,65.8,86.7,11,2022-04-26T14:15:14.000Z
"4/26/2022, 9:18:14 AM",3.655,65.8,86.7,11,2022-04-26T14:18:14.000Z
"4/26/2022, 9:21:14 AM",3.654,65.8,86.8,11,2022-04-26T14:21:14.000Z
"4/26/2022, 9:24:14 AM",3.654,65.8,86.8,11,2022-04-26T14:24:14.000Z
"4/26/2022, 9:27:14 AM",3.654,65.7,86.8,11,2022-04-26T14:27:14.000Z
"4/26/2022, 9:30:14 AM",3.654,65.7,86.8,11,2022-04-26T14:30:14.000Z
"4/26/2022, 9:33:14 AM",3.655,65.7,86.8,11,2022-04-26T14:33:14.000Z
"4/26/2022, 9:36:14 AM",3.655,65.7,86.9,11,2022-04-26T14:36:14.000Z
"4/26/2022, 9:39:14 AM",3.654,65.8,86.9,11,2022-04-26T14:39:14.000Z
"4/26/2022, 9:42:14 AM",3.655,65.8,86.9,11,2022-04-26T14:42:14.000Z
"4/26/2022, 9:45:14 AM",3.654,65.8,86.9,12,2022-04-26T14:45:14.000Z
"4/26/2022, 9:48:14 AM",3.654,66,87,11,2022-04-26T14:48:14.000Z
"4/26/2022, 9:51:14 AM",3.654,66,87,12,2022-04-26T14:51:14.000Z
"4/26/2022, 9:54:14 AM",3.654,66,87,11,2022-04-26T14:54:14.000Z
"4/26/2022, 9:57:14 AM",3.655,66,87,12,2022-04-26T14:57:14.000Z
"4/26/2022, 10:00:14 AM",3.655,65.8,87,12,2022-04-26T15:00:14.000Z
"4/26/2022, 10:03:14 AM",3.654,65.7,87.1,11,2022-04-26T15:03:14.000Z
"4/26/2022, 10:06:14 AM",3.655,65.7,87.1,11,2022-04-26T15:06:14.000Z
"4/26/2022, 10:09:14 AM",3.654,65.7,87.1,12,2022-04-26T15:09:14.000Z
"4/26/2022, 10:12:14 AM",3.655,65.7,87.1,12,2022-04-26T15:12:14.000Z
"4/26/2022, 10:15:14 AM",3.655,65.7,87.2,12,2022-04-26T15:15:14.000Z
"4/26/2022, 10:18:14 AM",3.654,65.7,87.3,12,2022-04-26T15:18:14.000Z
"4/26/2022, 10:21:14 AM",3.655,65.7,87.3,12,2022-04-26T15:21:14.000Z
"4/26/2022, 10:24:14 AM",3.655,65.7,87.3,12,2022-04-26T15:24:14.000Z
"4/26/2022, 10:27:14 AM",3.654,65.7,87.4,12,2022-04-26T15:27:14.000Z
"4/26/2022, 10:30:14 AM",3.654,65.7,87.4,12,2022-04-26T15:30:14.000Z
"4/26/2022, 10:33:14 AM",3.655,65.8,87.4,13,2022-04-26T15:33:14.000Z
"4/26/2022, 10:36:14 AM",3.654,66,87.5,13,2022-04-26T15:36:14.000Z
"4/26/2022, 10:39:14 AM",3.654,66,87.5,12,2022-04-26T15:39:14.000Z
"4/26/2022, 10:42:14 AM",3.654,66,87.5,13,2022-04-26T15:42:14.000Z
"4/26/2022, 10:45:14 AM",3.655,66,87.6,13,2022-04-26T15:45:14.000Z
"4/26/2022, 10:48:14 AM",3.654,66.2,87.6,13,2022-04-26T15:48:14.000Z
"4/26/2022, 10:51:14 AM",3.654,66.2,87.7,14,2022-04-26T15:51:14.000Z
"4/26/2022, 10:54:14 AM",3.654,66.4,87.7,14,2022-04-26T15:54:14.000Z
"4/26/2022, 10:57:14 AM",3.654,66.6,87.7,14,2022-04-26T15:57:14.000Z
"4/26/2022, 11:00:14 AM",3.654,66.6,87.7,14,2022-04-26T16:00:14.000Z
"4/26/2022, 11:03:14 AM",3.654,66.4,87.8,14,2022-04-26T16:03:14.000Z
"4/26/2022, 11:06:14 AM",3.654,66.6,87.8,15,2022-04-26T16:06:14.000Z
"4/26/2022, 11:09:14 AM",3.654,66.7,87.9,15,2022-04-26T16:09:14.000Z
"4/26/2022, 11:12:14 AM",3.654,67.1,87.9,15,2022-04-26T16:12:14.000Z
"4/26/2022, 11:15:14 AM",3.654,67.1,88,15,2022-04-26T16:15:14.000Z
"4/26/2022, 11:18:14 AM",3.654,67.3,88,15,2022-04-26T16:18:14.000Z
"4/26/2022, 11:21:14 AM",3.654,67.5,88,15,2022-04-26T16:21:14.000Z
"4/26/2022, 11:24:14 AM",3.654,67.6,88,15,2022-04-26T16:24:14.000Z
"4/26/2022, 11:27:14 AM",3.654,67.5,88,15,2022-04-26T16:27:14.000Z
"4/26/2022, 11:30:14 AM",3.654,67.5,88.1,16,2022-04-26T16:30:14.000Z
"4/26/2022, 11:33:14 AM",3.654,67.5,88.1,14,2022-04-26T16:33:14.000Z
"4/26/2022, 11:36:14 AM",3.654,67.3,88.1,14,2022-04-26T16:36:14.000Z
"4/26/2022, 11:39:14 AM",3.654,67.1,88.1,14,2022-04-26T16:39:14.000Z
"4/26/2022, 11:42:14 AM",3.654,67.3,88.2,15,2022-04-26T16:42:14.000Z
"4/26/2022, 11:45:14 AM",3.654,67.3,88.2,15,2022-04-26T16:45:14.000Z
"4/26/2022, 11:48:14 AM",3.654,67.3,88.3,15,2022-04-26T16:48:14.000Z
"4/26/2022, 11:51:14 AM",3.654,67.5,88.3,16,2022-04-26T16:51:14.000Z
"4/26/2022, 11:54:14 AM",3.654,67.8,88.4,16,2022-04-26T16:54:14.000Z
"4/26/2022, 11:57:14 AM",3.654,68,88.4,16,2022-04-26T16:57:14.000Z
"4/26/2022, 12:00:14 PM",3.654,68,88.4,15,2022-04-26T17:00:14.000Z
"4/26/2022, 12:03:14 PM",3.654,67.8,88.4,15,2022-04-26T17:03:14.000Z
"4/26/2022, 12:06:14 PM",3.654,67.8,88.4,15,2022-04-26T17:06:14.000Z
"4/26/2022, 12:09:14 PM",3.654,68,88.4,16,2022-04-26T17:09:14.000Z
"4/26/2022, 12:12:14 PM",3.654,68.2,88.5,15,2022-04-26T17:12:14.000Z
"4/26/2022, 12:15:14 PM",3.654,68.4,88.5,15,2022-04-26T17:15:14.000Z
"4/26/2022, 12:18:14 PM",3.654,68.5,88.5,15,2022-04-26T17:18:14.000Z
"4/26/2022, 12:21:14 PM",3.654,68.7,88.5,16,2022-04-26T17:21:14.000Z
"4/26/2022, 12:24:14 PM",3.654,68.9,88.5,15,2022-04-26T17:24:14.000Z
"4/26/2022, 12:27:14 PM",3.654,69.1,88.5,16,2022-04-26T17:27:14.000Z
"4/26/2022, 12:30:14 PM",3.653,69.1,88.6,16,2022-04-26T17:30:14.000Z
"4/26/2022, 12:33:14 PM",3.654,69.1,88.6,16,2022-04-26T17:33:14.000Z
"4/26/2022, 12:36:14 PM",3.654,69.1,88.6,15,2022-04-26T17:36:14.000Z
"4/26/2022, 12:39:14 PM",3.654,69.1,88.7,16,2022-04-26T17:39:14.000Z
"4/26/2022, 12:42:14 PM",3.654,69.1,88.7,15,2022-04-26T17:42:14.000Z
"4/26/2022, 12:45:14 PM",3.655,69.1,88.7,16,2022-04-26T17:45:14.000Z
"4/26/2022, 12:48:14 PM",3.654,69.1,88.7,15,2022-04-26T17:48:14.000Z
"4/26/2022, 12:51:14 PM",3.654,69.3,88.8,16,2022-04-26T17:51:14.000Z
"4/26/2022, 12:54:14 PM",3.654,69.3,88.8,16,2022-04-26T17:54:14.000Z
"4/26/2022, 12:57:14 PM",3.654,69.4,88.8,16,2022-04-26T17:57:14.000Z
"4/26/2022, 1:00:14 PM",3.654,69.3,88.8,15,2022-04-26T18:00:14.000Z
"4/26/2022, 1:03:14 PM",3.654,69.3,88.8,16,2022-04-26T18:03:14.000Z
"4/26/2022, 1:06:14 PM",3.654,69.4,88.9,16,2022-04-26T18:06:14.000Z
"4/26/2022, 1:09:14 PM",3.654,69.4,88.9,17,2022-04-26T18:09:14.000Z
"4/26/2022, 1:12:14 PM",3.654,69.6,89,16,2022-04-26T18:12:14.000Z
"4/26/2022, 1:15:14 PM",3.654,69.6,89,16,2022-04-26T18:15:14.000Z
"4/26/2022, 1:18:14 PM",3.654,69.6,89,16,2022-04-26T18:18:14.000Z
"4/26/2022, 1:21:14 PM",3.654,69.6,89,16,2022-04-26T18:21:14.000Z
"4/26/2022, 1:24:14 PM",3.654,69.6,89.1,17,2022-04-26T18:24:14.000Z
"4/26/2022, 1:27:14 PM",3.653,69.6,89.1,16,2022-04-26T18:27:14.000Z
"4/26/2022, 1:30:14 PM",3.654,69.6,89.1,17,2022-04-26T18:30:14.000Z
"4/26/2022, 1:33:14 PM",3.654,70,89.1,19,2022-04-26T18:33:14.000Z
"4/26/2022, 1:36:14 PM",3.654,70.2,89.2,18,2022-04-26T18:36:14.000Z
"4/26/2022, 1:39:14 PM",3.654,70.2,89.1,16,2022-04-26T18:39:14.000Z
"4/26/2022, 1:42:14 PM",3.654,70.3,89.2,16,2022-04-26T18:42:14.000Z
"4/26/2022, 1:45:14 PM",3.654,70.3,89.2,17,2022-04-26T18:45:14.000Z
"4/26/2022, 1:48:14 PM",3.654,70.5,89.2,17,2022-04-26T18:48:14.000Z
"4/26/2022, 1:51:14 PM",3.654,70.7,89.2,17,2022-04-26T18:51:14.000Z
"4/26/2022, 1:54:14 PM",3.654,70.9,89.2,17,2022-04-26T18:54:14.000Z
"4/26/2022, 1:57:14 PM",3.653,71.1,89.3,16,2022-04-26T18:57:14.000Z
"4/26/2022, 2:00:14 PM",3.654,71.1,89.3,16,2022-04-26T19:00:14.000Z
"4/26/2022, 2:03:14 PM",3.653,71.1,89.3,17,2022-04-26T19:03:14.000Z
"4/26/2022, 2:06:14 PM",3.654,71.1,89.3,17,2022-04-26T19:06:14.000Z
"4/26/2022, 2:09:14 PM",3.654,71.2,89.4,18,2022-04-26T19:09:14.000Z
"4/26/2022, 2:12:14 PM",3.654,71.2,89.4,17,2022-04-26T19:12:14.000Z
"4/26/2022, 2:15:14 PM",3.654,71.2,89.4,17,2022-04-26T19:15:14.000Z
"4/26/2022, 2:18:14 PM",3.654,71.4,89.4,19,2022-04-26T19:18:14.000Z
"4/26/2022, 2:21:14 PM",3.654,71.6,89.5,20,2022-04-26T19:21:14.000Z
"4/26/2022, 2:24:14 PM",3.654,71.8,89.4,17,2022-04-26T19:24:14.000Z
"4/26/2022, 2:27:14 PM",3.654,71.8,89.5,18,2022-04-26T19:27:14.000Z
"4/26/2022, 2:30:14 PM",3.654,71.8,89.5,18,2022-04-26T19:30:14.000Z
"4/26/2022, 2:33:14 PM",3.654,71.8,89.5,19,2022-04-26T19:33:14.000Z
"4/26/2022, 2:36:14 PM",3.654,72,89.5,18,2022-04-26T19:36:14.000Z
"4/26/2022, 2:39:14 PM",3.654,72.1,89.5,18,2022-04-26T19:39:14.000Z
"4/26/2022, 2:42:14 PM",3.654,72.3,89.6,19,2022-04-26T19:42:14.000Z
"4/26/2022, 2:45:14 PM",3.654,72.3,89.6,18,2022-04-26T19:45:14.000Z
"4/26/2022, 2:48:14 PM",3.654,72.5,89.6,19,2022-04-26T19:48:14.000Z
"4/26/2022, 2:51:14 PM",3.654,72.7,89.6,17,2022-04-26T19:51:14.000Z
"4/26/2022, 2:54:14 PM",3.653,72.9,89.7,19,2022-04-26T19:54:14.000Z
"4/26/2022, 2:57:14 PM",3.654,72.9,89.7,20,2022-04-26T19:57:14.000Z
"4/26/2022, 3:00:14 PM",3.654,73,89.7,19,2022-04-26T20:00:14.000Z
"4/26/2022, 3:03:14 PM",3.653,73.2,89.7,19,2022-04-26T20:03:14.000Z
"4/26/2022, 3:06:14 PM",3.654,73.4,89.7,21,2022-04-26T20:06:14.000Z
"4/26/2022, 3:09:14 PM",3.654,73.4,89.8,20,2022-04-26T20:09:14.000Z
"4/26/2022, 3:12:14 PM",3.654,73.4,89.8,18,2022-04-26T20:12:14.000Z
"4/26/2022, 3:15:14 PM",3.654,73.4,89.8,19,2022-04-26T20:15:14.000Z
"4/26/2022, 3:18:14 PM",3.654,73.4,89.8,19,2022-04-26T20:18:14.000Z
"4/26/2022, 3:21:14 PM",3.654,73.4,89.8,20,2022-04-26T20:21:14.000Z
"4/26/2022, 3:24:14 PM",3.654,73.6,89.8,20,2022-04-26T20:24:14.000Z
"4/26/2022, 3:27:14 PM",3.653,73.8,89.9,20,2022-04-26T20:27:14.000Z
"4/26/2022, 3:30:14 PM",3.654,73.9,89.8,22,2022-04-26T20:30:14.000Z
"4/26/2022, 3:33:14 PM",3.653,74.1,89.9,22,2022-04-26T20:33:14.000Z
"4/26/2022, 3:36:14 PM",3.653,74.3,89.9,20,2022-04-26T20:36:14.000Z
"4/26/2022, 3:39:14 PM",3.654,74.3,89.9,19,2022-04-26T20:39:14.000Z
"4/26/2022, 3:42:14 PM",3.654,74.3,89.9,22,2022-04-26T20:42:14.000Z
"4/26/2022, 3:45:14 PM",3.653,74.5,89.9,22,2022-04-26T20:45:14.000Z
"4/26/2022, 3:48:14 PM",3.653,74.7,89.9,21,2022-04-26T20:48:14.000Z
"4/26/2022, 3:51:14 PM",3.653,74.7,89.9,22,2022-04-26T20:51:14.000Z
"4/26/2022, 3:54:14 PM",3.654,74.8,89.9,22,2022-04-26T20:54:14.000Z
"4/26/2022, 3:57:14 PM",3.653,74.8,89.9,21,2022-04-26T20:57:14.000Z
"4/26/2022, 4:00:14 PM",3.654,75,90,19,2022-04-26T21:00:14.000Z
"4/26/2022, 4:03:14 PM",3.653,75,90,20,2022-04-26T21:03:14.000Z
"4/26/2022, 4:06:14 PM",3.654,75,90,21,2022-04-26T21:06:14.000Z
"4/26/2022, 4:09:14 PM",3.654,75,90,20,2022-04-26T21:09:14.000Z
"4/26/2022, 4:12:14 PM",3.654,75,90,21,2022-04-26T21:12:14.000Z
"4/26/2022, 4:15:14 PM",3.654,75,90,21,2022-04-26T21:15:14.000Z
"4/26/2022, 4:18:14 PM",3.654,75.2,90,21,2022-04-26T21:18:14.000Z
"4/26/2022, 4:21:14 PM",3.654,75.2,90,18,2022-04-26T21:21:14.000Z
"4/26/2022, 4:24:14 PM",3.654,75.2,90,21,2022-04-26T21:24:14.000Z
"4/26/2022, 4:27:14 PM",3.654,75.2,90,22,2022-04-26T21:27:14.000Z
"4/26/2022, 4:30:14 PM",3.654,75.4,90.1,22,2022-04-26T21:30:14.000Z
"4/26/2022, 4:33:14 PM",3.654,75.4,90.1,21,2022-04-26T21:33:14.000Z
"4/26/2022, 4:36:14 PM",3.654,75.4,90.1,21,2022-04-26T21:36:14.000Z
"4/26/2022, 4:39:14 PM",3.654,75.6,90.1,20,2022-04-26T21:39:14.000Z
"4/26/2022, 4:42:14 PM",3.653,75.6,90.1,21,2022-04-26T21:42:14.000Z
"4/26/2022, 4:45:14 PM",3.654,75.6,90.1,20,2022-04-26T21:45:14.000Z
"4/26/2022, 4:48:14 PM",3.654,75.6,90.1,19,2022-04-26T21:48:14.000Z
"4/26/2022, 4:51:14 PM",3.654,75.6,90.2,17,2022-04-26T21:51:14.000Z
"4/26/2022, 4:54:14 PM",3.654,75.6,90.1,18,2022-04-26T21:54:14.000Z
"4/26/2022, 4:57:14 PM",3.654,75.4,90.2,19,2022-04-26T21:57:14.000Z
"4/26/2022, 5:00:14 PM",3.654,75.4,90.2,20,2022-04-26T22:00:14.000Z
"4/26/2022, 5:03:14 PM",3.654,75.4,90.2,20,2022-04-26T22:03:14.000Z
"4/26/2022, 5:06:14 PM",3.654,75.4,90.2,19,2022-04-26T22:06:14.000Z
"4/26/2022, 5:09:14 PM",3.654,75.4,90.2,18,2022-04-26T22:09:14.000Z
"4/26/2022, 5:12:14 PM",3.654,75.2,90.2,19,2022-04-26T22:12:14.000Z
"4/26/2022, 5:15:14 PM",3.654,75,90.2,19,2022-04-26T22:15:14.000Z
"4/26/2022, 5:18:14 PM",3.654,75,90.2,19,2022-04-26T22:18:14.000Z
"4/26/2022, 5:21:14 PM",3.654,75,90.2,19,2022-04-26T22:21:14.000Z
"4/26/2022, 5:24:14 PM",3.654,74.8,90.2,19,2022-04-26T22:24:14.000Z
"4/26/2022, 5:27:14 PM",3.654,74.8,90.2,19,2022-04-26T22:27:14.000Z
"4/26/2022, 5:30:14 PM",3.654,74.7,90.3,19,2022-04-26T22:30:14.000Z
"4/26/2022, 5:33:14 PM",3.654,74.5,90.2,18,2022-04-26T22:33:14.000Z
"4/26/2022, 5:36:14 PM",3.655,74.5,90.3,18,2022-04-26T22:36:14.000Z
"4/26/2022, 5:39:14 PM",3.654,74.3,90.3,17,2022-04-26T22:39:14.000Z
"4/26/2022, 5:42:14 PM",3.654,74.1,90.3,18,2022-04-26T22:42:14.000Z
"4/26/2022, 5:45:14 PM",3.654,73.9,90.3,18,2022-04-26T22:45:14.000Z
"4/26/2022, 5:48:14 PM",3.655,73.9,90.3,18,2022-04-26T22:48:14.000Z
"4/26/2022, 5:51:14 PM",3.654,73.8,90.4,18,2022-04-26T22:51:14.000Z
"4/26/2022, 5:54:14 PM",3.654,73.8,90.4,18,2022-04-26T22:54:14.000Z
"4/26/2022, 5:57:14 PM",3.654,73.6,90.4,18,2022-04-26T22:57:14.000Z
"4/26/2022, 6:00:14 PM",3.654,73.4,90.4,17,2022-04-26T23:00:14.000Z
"4/26/2022, 6:03:14 PM",3.655,73.4,90.3,16,2022-04-26T23:03:14.000Z
"4/26/2022, 6:06:14 PM",3.655,73.2,90.4,17,2022-04-26T23:06:14.000Z
"4/26/2022, 6:09:14 PM",3.655,73.2,90.4,17,2022-04-26T23:09:14.000Z
"4/26/2022, 6:12:14 PM",3.655,73,90.4,17,2022-04-26T23:12:14.000Z
"4/26/2022, 6:15:14 PM",3.655,72.9,90.4,16,2022-04-26T23:15:14.000Z
"4/26/2022, 6:18:14 PM",3.655,72.9,90.4,17,2022-04-26T23:18:14.000Z
"4/26/2022, 6:21:14 PM",3.655,72.7,90.4,17,2022-04-26T23:21:14.000Z
"4/26/2022, 6:24:14 PM",3.655,72.5,90.5,16,2022-04-26T23:24:14.000Z
"4/26/2022, 6:27:14 PM",3.654,72.3,90.5,17,2022-04-26T23:27:14.000Z
"4/26/2022, 6:30:14 PM",3.655,72.1,90.5,17,2022-04-26T23:30:14.000Z
"4/26/2022, 6:33:14 PM",3.654,72,90.5,17,2022-04-26T23:33:14.000Z
"4/26/2022, 6:36:14 PM",3.655,71.8,90.5,16,2022-04-26T23:36:14.000Z
"4/26/2022, 6:39:14 PM",3.655,71.8,90.5,15,2022-04-26T23:39:14.000Z
"4/26/2022, 6:42:14 PM",3.655,71.6,90.5,16,2022-04-26T23:42:14.000Z
"4/26/2022, 6:45:14 PM",3.655,71.4,90.5,15,2022-04-26T23:45:14.000Z
"4/26/2022, 6:48:14 PM",3.655,71.2,90.5,14,2022-04-26T23:48:14.000Z
"4/26/2022, 6:51:14 PM",3.655,71.1,90.5,14,2022-04-26T23:51:14.000Z
"4/26/2022, 6:54:14 PM",3.655,70.9,90.5,14,2022-04-26T23:54:14.000Z
"4/26/2022, 6:57:14 PM",3.655,70.7,90.6,14,2022-04-26T23:57:14.000Z
"4/26/2022, 7:00:14 PM",3.655,70.7,90.6,14,2022-04-27T00:00:14.000Z
"4/26/2022, 7:03:14 PM",3.655,70.5,90.6,14,2022-04-27T00:03:14.000Z
"4/26/2022, 7:06:14 PM",3.655,70.3,90.6,14,2022-04-27T00:06:14.000Z
"4/26/2022, 7:09:14 PM",3.655,70.2,90.6,14,2022-04-27T00:09:14.000Z
"4/26/2022, 7:12:14 PM",3.655,70,90.6,14,2022-04-27T00:12:14.000Z
"4/26/2022, 7:15:14 PM",3.655,69.8,90.6,14,2022-04-27T00:15:14.000Z
"4/26/2022, 7:18:14 PM",3.655,69.8,90.6,14,2022-04-27T00:18:14.000Z
"4/26/2022, 7:21:14 PM",3.655,69.6,90.6,14,2022-04-27T00:21:14.000Z
"4/26/2022, 7:24:14 PM",3.655,69.4,90.6,13,2022-04-27T00:24:14.000Z
"4/26/2022, 7:27:14 PM",3.655,69.3,90.6,13,2022-04-27T00:27:14.000Z
"4/26/2022, 7:30:14 PM",3.655,69.1,90.7,13,2022-04-27T00:30:14.000Z
"4/26/2022, 7:33:14 PM",3.655,69.1,90.7,13,2022-04-27T00:33:14.000Z
"4/26/2022, 7:36:14 PM",3.655,69.1,90.7,12,2022-04-27T00:36:14.000Z
"4/26/2022, 7:39:14 PM",3.655,69.1,90.7,12,2022-04-27T00:39:14.000Z
"4/26/2022, 7:42:14 PM",3.655,68.9,90.7,12,2022-04-27T00:42:14.000Z
"4/26/2022, 7:45:14 PM",3.655,68.7,90.7,12,2022-04-27T00:45:14.000Z
"4/26/2022, 7:48:14 PM",3.655,68.7,90.7,12,2022-04-27T00:48:14.000Z
"4/26/2022, 7:51:14 PM",3.655,68.5,90.7,11,2022-04-27T00:51:14.000Z
"4/26/2022, 7:54:14 PM",3.655,68.4,90.7,11,2022-04-27T00:54:14.000Z
"4/26/2022, 7:57:14 PM",3.655,68.2,90.7,11,2022-04-27T00:57:14.000Z
"4/26/2022, 8:00:14 PM",3.655,68.2,90.8,10,2022-04-27T01:00:14.000Z
"4/26/2022, 8:03:14 PM",3.655,68,90.7,10,2022-04-27T01:03:14.000Z
"4/26/2022, 8:06:14 PM",3.654,67.8,90.8,10,2022-04-27T01:06:14.000Z
"4/26/2022, 8:09:14 PM",3.655,67.6,90.8,10,2022-04-27T01:09:14.000Z
"4/26/2022, 8:12:14 PM",3.655,67.6,90.8,10,2022-04-27T01:12:14.000Z
"4/26/2022, 8:15:14 PM",3.655,67.5,90.8,10,2022-04-27T01:15:14.000Z
"4/26/2022, 8:18:14 PM",3.655,67.3,90.8,10,2022-04-27T01:18:14.000Z
"4/26/2022, 8:21:14 PM",3.655,67.3,90.8,10,2022-04-27T01:21:14.000Z
"4/26/2022, 8:24:14 PM",3.655,67.1,90.8,10,2022-04-27T01:24:14.000Z
"4/26/2022, 8:27:14 PM",3.655,67.1,90.9,10,2022-04-27T01:27:14.000Z
"4/26/2022, 8:30:14 PM",3.655,66.9,90.9,10,2022-04-27T01:30:14.000Z
"4/26/2022, 8:33:14 PM",3.654,66.9,90.9,9,2022-04-27T01:33:14.000Z
"4/26/2022, 8:36:14 PM",3.655,66.7,90.9,10,2022-04-27T01:36:14.000Z
"4/26/2022, 8:39:14 PM",3.655,66.7,90.9,9,2022-04-27T01:39:14.000Z
"4/26/2022, 8:42:14 PM",3.655,66.6,90.9,9,2022-04-27T01:42:14.000Z
"4/26/2022, 8:45:14 PM",3.654,66.6,90.9,9,2022-04-27T01:45:14.000Z
"4/26/2022, 8:48:14 PM",3.655,66.4,90.9,9,2022-04-27T01:48:14.000Z
"4/26/2022, 8:51:14 PM",3.654,66.2,90.9,9,2022-04-27T01:51:14.000Z
"4/26/2022, 8:54:14 PM",3.655,66,90.9,9,2022-04-27T01:54:14.000Z
"4/26/2022, 8:57:14 PM",3.655,66,91,8,2022-04-27T01:57:14.000Z
"4/26/2022, 9:00:14 PM",3.655,65.7,90.9,8,2022-04-27T02:00:14.000Z
"4/26/2022, 9:03:14 PM",3.654,65.7,91,8,2022-04-27T02:03:14.000Z
"4/26/2022, 9:06:14 PM",3.655,65.5,90.9,8,2022-04-27T02:06:14.000Z
"4/26/2022, 9:09:14 PM",3.655,65.3,91,8,2022-04-27T02:09:14.000Z
"4/26/2022, 9:12:14 PM",3.654,65.1,90.9,8,2022-04-27T02:12:14.000Z
"4/26/2022, 9:15:14 PM",3.655,65.1,91,8,2022-04-27T02:15:14.000Z
"4/26/2022, 9:18:14 PM",3.654,64.9,91,8,2022-04-27T02:18:14.000Z
"4/26/2022, 9:21:14 PM",3.654,64.8,91,8,2022-04-27T02:21:14.000Z
"4/26/2022, 9:24:14 PM",3.655,64.6,91,8,2022-04-27T02:24:14.000Z
"4/26/2022, 9:27:14 PM",3.654,64.6,91,8,2022-04-27T02:27:14.000Z
"4/26/2022, 9:30:14 PM",3.654,64.4,91,8,2022-04-27T02:30:14.000Z
"4/26/2022, 9:33:14 PM",3.655,64.2,91,8,2022-04-27T02:33:14.000Z
"4/26/2022, 9:36:14 PM",3.654,64.2,91,8,2022-04-27T02:36:14.000Z
"4/26/2022, 9:39:14 PM",3.655,64,91.1,8,2022-04-27T02:39:14.000Z
"4/26/2022, 9:42:14 PM",3.655,64,91.1,9,2022-04-27T02:42:14.000Z
"4/26/2022, 9:45:14 PM",3.654,63.9,91.1,9,2022-04-27T02:45:14.000Z
"4/26/2022, 9:48:14 PM",3.654,63.9,91.1,8,2022-04-27T02:48:14.000Z
"4/26/2022, 9:51:14 PM",3.654,63.9,91.1,9,2022-04-27T02:51:14.000Z
"4/26/2022, 9:54:14 PM",3.654,63.7,91.1,9,2022-04-27T02:54:14.000Z
"4/26/2022, 9:57:14 PM",3.654,63.7,91.1,9,2022-04-27T02:57:14.000Z
"4/26/2022, 10:00:14 PM",3.654,63.7,91.1,9,2022-04-27T03:00:14.000Z
"4/26/2022, 10:03:14 PM",3.654,63.7,91.2,9,2022-04-27T03:03:14.000Z
"4/26/2022, 10:06:14 PM",3.654,63.7,91.2,9,2022-04-27T03:06:14.000Z
"4/26/2022, 10:09:14 PM",3.654,63.7,91.2,9,2022-04-27T03:09:14.000Z
"4/26/2022, 10:12:14 PM",3.654,63.7,91.2,9,2022-04-27T03:12:14.000Z
"4/26/2022, 10:15:14 PM",3.654,63.7,91.2,9,2022-04-27T03:15:14.000Z
"4/26/2022, 10:18:14 PM",3.654,63.7,91.2,9,2022-04-27T03:18:14.000Z
"4/26/2022, 10:21:14 PM",3.654,63.7,91.2,9,2022-04-27T03:21:14.000Z
"4/26/2022, 10:24:14 PM",3.654,63.7,91.2,9,2022-04-27T03:24:14.000Z
"4/26/2022, 10:27:14 PM",3.654,63.7,91.3,9,2022-04-27T03:27:14.000Z
"4/26/2022, 10:30:14 PM",3.654,63.9,91.2,9,2022-04-27T03:30:14.000Z
"4/26/2022, 10:33:14 PM",3.654,63.9,91.2,9,2022-04-27T03:33:14.000Z
"4/26/2022, 10:36:14 PM",3.654,64,91.2,9,2022-04-27T03:36:14.000Z
"4/26/2022, 10:39:14 PM",3.654,64,91.2,9,2022-04-27T03:39:14.000Z
"4/26/2022, 10:42:14 PM",3.653,64,91.2,9,2022-04-27T03:42:14.000Z
"4/26/2022, 10:45:14 PM",3.653,64,91.2,9,2022-04-27T03:45:14.000Z
"4/26/2022, 10:48:14 PM",3.654,64,91.2,9,2022-04-27T03:48:14.000Z
"4/26/2022, 10:51:14 PM",3.653,64,91.2,9,2022-04-27T03:51:14.000Z
"4/26/2022, 10:54:14 PM",3.654,64,91.3,9,2022-04-27T03:54:14.000Z
"4/26/2022, 10:57:14 PM",3.654,64,91.2,9,2022-04-27T03:57:14.000Z
"4/26/2022, 11:00:14 PM",3.654,64,91.3,9,2022-04-27T04:00:14.000Z
"4/26/2022, 11:03:14 PM",3.654,64,91.3,9,2022-04-27T04:03:14.000Z
"4/26/2022, 11:06:14 PM",3.653,64,91.3,9,2022-04-27T04:06:14.000Z
"4/26/2022, 11:09:14 PM",3.653,64,91.3,9,2022-04-27T04:09:14.000Z
"4/26/2022, 11:12:14 PM",3.653,63.9,91.3,9,2022-04-27T04:12:14.000Z
"4/26/2022, 11:15:14 PM",3.653,63.9,91.3,9,2022-04-27T04:15:14.000Z
"4/26/2022, 11:18:14 PM",3.654,63.9,91.3,9,2022-04-27T04:18:14.000Z
"4/26/2022, 11:21:14 PM",3.654,63.9,91.3,9,2022-04-27T04:21:14.000Z
"4/26/2022, 11:24:14 PM",3.653,63.7,91.4,9,2022-04-27T04:24:14.000Z
"4/26/2022, 11:27:14 PM",3.653,63.7,91.4,9,2022-04-27T04:27:14.000Z
"4/26/2022, 11:30:14 PM",3.653,63.5,91.4,9,2022-04-27T04:30:14.000Z
"4/26/2022, 11:33:14 PM",3.653,63.3,91.3,8,2022-04-27T04:33:14.000Z
"4/26/2022, 11:36:14 PM",3.654,63.3,91.4,8,2022-04-27T04:36:14.000Z
"4/26/2022, 11:39:14 PM",3.654,63.3,91.4,9,2022-04-27T04:39:14.000Z
"4/26/2022, 11:42:14 PM",3.653,63.1,91.4,8,2022-04-27T04:42:14.000Z
"4/26/2022, 11:45:14 PM",3.654,63.1,91.4,8,2022-04-27T04:45:14.000Z
"4/26/2022, 11:48:14 PM",3.653,63.1,91.5,8,2022-04-27T04:48:14.000Z
"4/26/2022, 11:51:14 PM",3.653,63.1,91.4,8,2022-04-27T04:51:14.000Z
"4/26/2022, 11:54:14 PM",3.653,63.1,91.5,8,2022-04-27T04:54:14.000Z
"4/26/2022, 11:57:14 PM",3.653,63.1,91.5,8,2022-04-27T04:57:14.000Z
"4/27/2022, 12:00:14 AM",3.653,63.1,91.5,8,2022-04-27T05:00:14.000Z
"4/27/2022, 12:03:14 AM",3.653,63.1,91.5,8,2022-04-27T05:03:14.000Z
"4/27/2022, 12:06:14 AM",3.653,63.1,91.5,8,2022-04-27T05:06:14.000Z
"4/27/2022, 12:09:14 AM",3.653,63.1,91.5,8,2022-04-27T05:09:14.000Z
"4/27/2022, 12:12:14 AM",3.653,63.1,91.5,8,2022-04-27T05:12:14.000Z
"4/27/2022, 12:15:14 AM",3.653,63.1,91.5,8,2022-04-27T05:15:14.000Z
"4/27/2022, 12:18:14 AM",3.653,63.1,91.5,8,2022-04-27T05:18:14.000Z
"4/27/2022, 12:21:14 AM",3.653,63.1,91.5,8,2022-04-27T05:21:14.000Z
"4/27/2022, 12:24:14 AM",3.653,63.1,91.5,8,2022-04-27T05:24:14.000Z
"4/27/2022, 12:27:14 AM",3.653,63.1,91.6,8,2022-04-27T05:27:14.000Z
"4/27/2022, 12:30:14 AM",3.653,63.1,91.5,8,2022-04-27T05:30:14.000Z
"4/27/2022, 12:33:14 AM",3.653,63,91.6,8,2022-04-27T05:33:14.000Z
"4/27/2022, 12:36:14 AM",3.653,63,91.6,8,2022-04-27T05:36:14.000Z
"4/27/2022, 12:39:14 AM",3.653,63,91.6,8,2022-04-27T05:39:14.000Z
"4/27/2022, 12:42:14 AM",3.653,62.8,91.6,8,2022-04-27T05:42:14.000Z
"4/27/2022, 12:45:14 AM",3.652,62.8,91.6,8,2022-04-27T05:45:14.000Z
"4/27/2022, 12:48:14 AM",3.653,62.8,91.6,8,2022-04-27T05:48:14.000Z
"4/27/2022, 12:51:14 AM",3.653,63,91.6,8,2022-04-27T05:51:14.000Z
"4/27/2022, 12:54:14 AM",3.652,63,91.6,8,2022-04-27T05:54:14.000Z
"4/27/2022, 12:57:14 AM",3.653,63,91.7,8,2022-04-27T05:57:14.000Z
"4/27/2022, 1:00:14 AM",3.653,63,91.7,8,2022-04-27T06:00:14.000Z
"4/27/2022, 1:03:14 AM",3.652,63,91.7,8,2022-04-27T06:03:14.000Z
"4/27/2022, 1:06:14 AM",3.652,63,91.7,8,2022-04-27T06:06:14.000Z
"4/27/2022, 1:09:14 AM",3.653,63,91.7,8,2022-04-27T06:09:14.000Z
"4/27/2022, 1:12:14 AM",3.652,62.8,91.7,8,2022-04-27T06:12:14.000Z
"4/27/2022, 1:15:14 AM",3.652,62.8,91.7,8,2022-04-27T06:15:14.000Z
"4/27/2022, 1:18:14 AM",3.652,62.8,91.7,8,2022-04-27T06:18:14.000Z
"4/27/2022, 1:21:14 AM",3.653,62.6,91.8,8,2022-04-27T06:21:14.000Z
"4/27/2022, 1:24:14 AM",3.653,62.6,91.8,8,2022-04-27T06:24:14.000Z
"4/27/2022, 1:27:14 AM",3.652,62.6,91.8,8,2022-04-27T06:27:14.000Z
"4/27/2022, 1:30:14 AM",3.653,62.6,91.8,8,2022-04-27T06:30:14.000Z
"4/27/2022, 1:33:14 AM",3.653,62.6,91.9,8,2022-04-27T06:33:14.000Z
"4/27/2022, 1:36:14 AM",3.652,62.6,91.8,8,2022-04-27T06:36:14.000Z
"4/27/2022, 1:39:14 AM",3.652,62.6,91.8,8,2022-04-27T06:39:14.000Z
"4/27/2022, 1:42:14 AM",3.652,62.6,91.8,8,2022-04-27T06:42:14.000Z
"4/27/2022, 1:45:14 AM",3.652,62.6,91.9,7,2022-04-27T06:45:14.000Z
"4/27/2022, 1:48:14 AM",3.652,62.6,91.9,7,2022-04-27T06:48:14.000Z
"4/27/2022, 1:51:14 AM",3.652,62.6,91.9,7,2022-04-27T06:51:14.000Z
"4/27/2022, 1:54:14 AM",3.653,62.4,91.9,7,2022-04-27T06:54:14.000Z
"4/27/2022, 1:57:14 AM",3.652,62.4,91.9,7,2022-04-27T06:57:14.000Z
"4/27/2022, 2:00:14 AM",3.652,62.4,91.9,7,2022-04-27T07:00:14.000Z
"4/27/2022, 2:03:14 AM",3.653,62.2,92,7,2022-04-27T07:03:14.000Z
"4/27/2022, 2:06:14 AM",3.652,62.2,92,7,2022-04-27T07:06:14.000Z
"4/27/2022, 2:09:14 AM",3.652,62.1,91.9,7,2022-04-27T07:09:14.000Z
"4/27/2022, 2:12:14 AM",3.652,62.1,91.9,7,2022-04-27T07:12:14.000Z
"4/27/2022, 2:15:14 AM",3.652,61.9,92,7,2022-04-27T07:15:14.000Z
"4/27/2022, 2:18:14 AM",3.652,61.7,92,7,2022-04-27T07:18:14.000Z
"4/27/2022, 2:21:14 AM",3.652,61.7,92,7,2022-04-27T07:21:14.000Z
"4/27/2022, 2:24:14 AM",3.652,61.7,92,7,2022-04-27T07:24:14.000Z
"4/27/2022, 2:27:14 AM",3.653,61.7,92,6,2022-04-27T07:27:14.000Z
"4/27/2022, 2:30:14 AM",3.652,61.7,92,7,2022-04-27T07:30:14.000Z
"4/27/2022, 2:33:14 AM",3.653,61.9,92,7,2022-04-27T07:33:14.000Z
"4/27/2022, 2:36:14 AM",3.652,61.9,92,7,2022-04-27T07:36:14.000Z
"4/27/2022, 2:39:14 AM",3.652,61.9,92,7,2022-04-27T07:39:14.000Z
"4/27/2022, 2:42:14 AM",3.652,62.1,92,7,2022-04-27T07:42:14.000Z
"4/27/2022, 2:45:14 AM",3.652,62.1,92,7,2022-04-27T07:45:14.000Z
"4/27/2022, 2:48:14 AM",3.652,62.1,92,7,2022-04-27T07:48:14.000Z
"4/27/2022, 2:51:14 AM",3.652,62.1,92,7,2022-04-27T07:51:14.000Z
"4/27/2022, 2:54:14 AM",3.651,62.2,92,7,2022-04-27T07:54:14.000Z
"4/27/2022, 2:57:14 AM",3.652,62.2,92.1,7,2022-04-27T07:57:14.000Z
"4/27/2022, 3:00:14 AM",3.652,62.2,92.1,7,2022-04-27T08:00:14.000Z
"4/27/2022, 3:03:14 AM",3.652,62.2,92.1,7,2022-04-27T08:03:14.000Z
"4/27/2022, 3:06:14 AM",3.652,62.2,92.1,7,2022-04-27T08:06:14.000Z
"4/27/2022, 3:09:14 AM",3.652,62.2,92.1,7,2022-04-27T08:09:14.000Z
"4/27/2022, 3:12:14 AM",3.651,62.2,92.1,7,2022-04-27T08:12:14.000Z
"4/27/2022, 3:15:14 AM",3.652,62.2,92.1,7,2022-04-27T08:15:14.000Z
"4/27/2022, 3:18:14 AM",3.652,62.2,92.2,7,2022-04-27T08:18:14.000Z
"4/27/2022, 3:21:14 AM",3.652,62.2,92.2,7,2022-04-27T08:21:14.000Z
"4/27/2022, 3:24:14 AM",3.652,62.2,92.2,7,2022-04-27T08:24:14.000Z
"4/27/2022, 3:27:14 AM",3.652,62.2,92.2,7,2022-04-27T08:27:14.000Z
"4/27/2022, 3:30:14 AM",3.652,62.2,92.2,7,2022-04-27T08:30:14.000Z
"4/27/2022, 3:33:14 AM",3.652,62.2,92.2,7,2022-04-27T08:33:14.000Z
"4/27/2022, 3:36:14 AM",3.652,62.2,92.2,7,2022-04-27T08:36:14.000Z
"4/27/2022, 3:39:14 AM",3.651,62.2,92.2,7,2022-04-27T08:39:14.000Z
"4/27/2022, 3:42:14 AM",3.652,62.2,92.2,7,2022-04-27T08:42:14.000Z
"4/27/2022, 3:45:14 AM",3.651,62.1,92.2,7,2022-04-27T08:45:14.000Z
"4/27/2022, 3:48:14 AM",3.652,61.9,92.3,7,2022-04-27T08:48:14.000Z
"4/27/2022, 3:51:14 AM",3.651,61.9,92.3,7,2022-04-27T08:51:14.000Z
"4/27/2022, 3:54:14 AM",3.652,61.9,92.3,8,2022-04-27T08:54:14.000Z
"4/27/2022, 3:57:14 AM",3.652,61.9,92.3,8,2022-04-27T08:57:14.000Z
"4/27/2022, 4:00:14 AM",3.651,61.7,92.3,8,2022-04-27T09:00:14.000Z
"4/27/2022, 4:03:14 AM",3.652,61.7,92.3,8,2022-04-27T09:03:14.000Z
"4/27/2022, 4:06:14 AM",3.651,61.5,92.3,8,2022-04-27T09:06:14.000Z
"4/27/2022, 4:09:14 AM",3.652,61.5,92.3,8,2022-04-27T09:09:14.000Z
"4/27/2022, 4:12:14 AM",3.651,61.3,92.3,8,2022-04-27T09:12:14.000Z
"4/27/2022, 4:15:14 AM",3.651,61.3,92.3,8,2022-04-27T09:15:14.000Z
"4/27/2022, 4:18:14 AM",3.651,61.3,92.4,8,2022-04-27T09:18:14.000Z
"4/27/2022, 4:21:14 AM",3.652,61.2,92.4,8,2022-04-27T09:21:14.000Z
"4/27/2022, 4:24:14 AM",3.652,61.2,92.3,8,2022-04-27T09:24:14.000Z
"4/27/2022, 4:27:14 AM",3.651,61.2,92.4,8,2022-04-27T09:27:14.000Z
"4/27/2022, 4:30:14 AM",3.651,61.2,92.4,8,2022-04-27T09:30:14.000Z
"4/27/2022, 4:33:14 AM",3.651,61.2,92.4,8,2022-04-27T09:33:14.000Z
"4/27/2022, 4:36:14 AM",3.652,61.2,92.4,9,2022-04-27T09:36:14.000Z
"4/27/2022, 4:39:14 AM",3.652,61.2,92.4,9,2022-04-27T09:39:14.000Z
"4/27/2022, 4:42:14 AM",3.651,61.2,92.4,9,2022-04-27T09:42:14.000Z
"4/27/2022, 4:45:14 AM",3.651,61.2,92.4,9,2022-04-27T09:45:14.000Z
"4/27/2022, 4:48:14 AM",3.651,61.2,92.4,9,2022-04-27T09:48:14.000Z
"4/27/2022, 4:51:14 AM",3.651,61,92.4,9,2022-04-27T09:51:14.000Z
"4/27/2022, 4:54:14 AM",3.651,61,92.4,9,2022-04-27T09:54:14.000Z
"4/27/2022, 4:57:14 AM",3.651,61,92.4,9,2022-04-27T09:57:14.000Z
"4/27/2022, 5:00:14 AM",3.651,61,92.5,9,2022-04-27T10:00:14.000Z
"4/27/2022, 5:03:14 AM",3.651,61,92.5,9,2022-04-27T10:03:14.000Z
"4/27/2022, 5:06:14 AM",3.651,61,92.5,9,2022-04-27T10:06:14.000Z
"4/27/2022, 5:09:14 AM",3.651,60.8,92.5,9,2022-04-27T10:09:14.000Z
"4/27/2022, 5:12:14 AM",3.651,60.8,92.5,9,2022-04-27T10:12:14.000Z
"4/27/2022, 5:15:14 AM",3.651,60.6,92.5,9,2022-04-27T10:15:14.000Z
"4/27/2022, 5:18:14 AM",3.651,60.6,92.5,9,2022-04-27T10:18:14.000Z
"4/27/2022, 5:21:14 AM",3.651,60.6,92.5,9,2022-04-27T10:21:14.000Z
"4/27/2022, 5:24:14 AM",3.651,60.6,92.6,9,2022-04-27T10:24:14.000Z
"4/27/2022, 5:27:14 AM",3.651,60.4,92.6,9,2022-04-27T10:27:14.000Z
"4/27/2022, 5:30:14 AM",3.651,60.4,92.6,9,2022-04-27T10:30:14.000Z
"4/27/2022, 5:33:14 AM",3.651,60.4,92.6,9,2022-04-27T10:33:14.000Z
"4/27/2022, 5:36:14 AM",3.651,60.4,92.6,9,2022-04-27T10:36:14.000Z
"4/27/2022, 5:39:14 AM",3.651,60.4,92.6,9,2022-04-27T10:39:14.000Z
"4/27/2022, 5:42:14 AM",3.651,60.4,92.6,9,2022-04-27T10:42:14.000Z
"4/27/2022, 5:45:14 AM",3.651,60.4,92.7,9,2022-04-27T10:45:14.000Z
"4/27/2022, 5:48:14 AM",3.651,60.4,92.7,9,2022-04-27T10:48:14.000Z
"4/27/2022, 5:51:14 AM",3.651,60.4,92.7,9,2022-04-27T10:51:14.000Z
"4/27/2022, 5:54:14 AM",3.651,60.4,92.7,9,2022-04-27T10:54:14.000Z
"4/27/2022, 5:57:14 AM",3.651,60.4,92.7,10,2022-04-27T10:57:14.000Z
"4/27/2022, 6:00:14 AM",3.651,60.4,92.7,10,2022-04-27T11:00:14.000Z
"4/27/2022, 6:03:14 AM",3.651,60.4,92.7,10,2022-04-27T11:03:14.000Z
"4/27/2022, 6:06:14 AM",3.65,60.6,92.7,10,2022-04-27T11:06:14.000Z
"4/27/2022, 6:09:14 AM",3.651,60.6,92.8,10,2022-04-27T11:09:14.000Z
"4/27/2022, 6:12:14 AM",3.651,60.6,92.8,10,2022-04-27T11:12:14.000Z
"4/27/2022, 6:15:14 AM",3.651,60.6,92.8,10,2022-04-27T11:15:14.000Z
"4/27/2022, 6:18:14 AM",3.651,60.6,92.8,10,2022-04-27T11:18:14.000Z
"4/27/2022, 6:21:14 AM",3.65,60.8,92.8,10,2022-04-27T11:21:14.000Z
"4/27/2022, 6:24:14 AM",3.651,60.8,92.8,10,2022-04-27T11:24:14.000Z
"4/27/2022, 6:27:14 AM",3.651,60.8,92.8,10,2022-04-27T11:27:14.000Z
"4/27/2022, 6:30:14 AM",3.651,61,92.8,10,2022-04-27T11:30:14.000Z
"4/27/2022, 6:33:14 AM",3.65,61,92.8,10,2022-04-27T11:33:14.000Z
"4/27/2022, 6:36:14 AM",3.651,61,92.8,10,2022-04-27T11:36:14.000Z
"4/27/2022, 6:39:14 AM",3.651,61,92.8,10,2022-04-27T11:39:14.000Z
"4/27/2022, 6:42:14 AM",3.65,61.2,92.8,10,2022-04-27T11:42:14.000Z
"4/27/2022, 6:45:14 AM",3.651,61.2,92.8,10,2022-04-27T11:45:14.000Z
"4/27/2022, 6:48:14 AM",3.65,61.2,92.9,11,2022-04-27T11:48:14.000Z
"4/27/2022, 6:51:14 AM",3.65,61.3,92.9,11,2022-04-27T11:51:14.000Z
"4/27/2022, 6:54:14 AM",3.65,61.3,92.9,11,2022-04-27T11:54:14.000Z
"4/27/2022, 6:57:14 AM",3.65,61.3,92.9,11,2022-04-27T11:57:14.000Z
"4/27/2022, 7:00:14 AM",3.651,61.5,92.9,11,2022-04-27T12:00:14.000Z
"4/27/2022, 7:03:14 AM",3.65,61.3,92.9,11,2022-04-27T12:03:14.000Z
"4/27/2022, 7:06:14 AM",3.65,61.3,92.9,11,2022-04-27T12:06:14.000Z
"4/27/2022, 7:09:14 AM",3.65,61.3,92.9,11,2022-04-27T12:09:14.000Z
"4/27/2022, 7:12:14 AM",3.65,61.3,92.9,11,2022-04-27T12:12:14.000Z
"4/27/2022, 7:15:14 AM",3.65,61.3,93,11,2022-04-27T12:15:14.000Z
"4/27/2022, 7:18:14 AM",3.65,61.3,93,11,2022-04-27T12:18:14.000Z
"4/27/2022, 7:21:14 AM",3.651,61.2,93,11,2022-04-27T12:21:14.000Z
"4/27/2022, 7:24:14 AM",3.65,61,93.1,11,2022-04-27T12:24:14.000Z
"4/27/2022, 7:27:14 AM",3.65,60.8,93.1,11,2022-04-27T12:27:14.000Z
"4/27/2022, 7:30:14 AM",3.651,60.8,93.1,11,2022-04-27T12:30:14.000Z
"4/27/2022, 7:33:14 AM",3.65,60.8,93.1,11,2022-04-27T12:33:14.000Z
"4/27/2022, 7:36:14 AM",3.65,60.8,93.2,11,2022-04-27T12:36:14.000Z
"4/27/2022, 7:39:14 AM",3.65,60.8,93.2,11,2022-04-27T12:39:14.000Z
"4/27/2022, 7:42:14 AM",3.651,60.8,93.2,11,2022-04-27T12:42:14.000Z
"4/27/2022, 7:45:14 AM",3.65,60.6,93.2,12,2022-04-27T12:45:14.000Z
"4/27/2022, 7:48:14 AM",3.65,60.6,93.2,11,2022-04-27T12:48:14.000Z
"4/27/2022, 7:51:14 AM",3.65,60.6,93.3,12,2022-04-27T12:51:14.000Z
"4/27/2022, 7:54:14 AM",3.65,60.6,93.3,12,2022-04-27T12:54:14.000Z
"4/27/2022, 7:57:14 AM",3.65,60.8,93.3,12,2022-04-27T12:57:14.000Z
"4/27/2022, 8:00:14 AM",3.65,60.8,93.3,12,2022-04-27T13:00:14.000Z
"4/27/2022, 8:03:14 AM",3.65,61,93.3,12,2022-04-27T13:03:14.000Z
"4/27/2022, 8:06:14 AM",3.65,61,93.3,12,2022-04-27T13:06:14.000Z
"4/27/2022, 8:09:14 AM",3.65,61,93.4,12,2022-04-27T13:09:14.000Z
"4/27/2022, 8:12:14 AM",3.65,61,93.4,12,2022-04-27T13:12:14.000Z
"4/27/2022, 8:15:14 AM",3.65,61,93.4,12,2022-04-27T13:15:14.000Z
"4/27/2022, 8:18:14 AM",3.65,61,93.4,12,2022-04-27T13:18:14.000Z
"4/27/2022, 8:21:14 AM",3.65,61.2,93.4,12,2022-04-27T13:21:14.000Z
"4/27/2022, 8:24:14 AM",3.65,61.2,93.4,12,2022-04-27T13:24:14.000Z
"4/27/2022, 8:27:14 AM",3.65,61.3,93.4,12,2022-04-27T13:27:14.000Z
"4/27/2022, 8:30:14 AM",3.65,61.5,93.4,12,2022-04-27T13:30:14.000Z
"4/27/2022, 8:33:14 AM",3.65,61.7,93.5,12,2022-04-27T13:33:14.000Z
"4/27/2022, 8:36:14 AM",3.65,61.9,93.5,13,2022-04-27T13:36:14.000Z
"4/27/2022, 8:39:14 AM",3.65,62.1,93.5,13,2022-04-27T13:39:14.000Z
"4/27/2022, 8:42:14 AM",3.65,62.2,93.5,13,2022-04-27T13:42:14.000Z
"4/27/2022, 8:45:14 AM",3.65,62.2,93.5,13,2022-04-27T13:45:14.000Z
"4/27/2022, 8:48:14 AM",3.65,62.4,93.6,13,2022-04-27T13:48:14.000Z
"4/27/2022, 8:51:14 AM",3.65,62.6,93.5,13,2022-04-27T13:51:14.000Z
"4/27/2022, 8:54:14 AM",3.65,62.8,93.5,13,2022-04-27T13:54:14.000Z
"4/27/2022, 8:57:14 AM",3.65,62.8,93.6,14,2022-04-27T13:57:14.000Z
"4/27/2022, 9:00:14 AM",3.65,63,93.5,13,2022-04-27T14:00:14.000Z
"4/27/2022, 9:03:14 AM",3.65,63,93.5,13,2022-04-27T14:03:14.000Z
"4/27/2022, 9:06:14 AM",3.65,63.3,93.6,13,2022-04-27T14:06:14.000Z
"4/27/2022, 9:09:14 AM",3.65,63.5,93.6,13,2022-04-27T14:09:14.000Z
"4/27/2022, 9:12:14 AM",3.65,63.9,93.6,13,2022-04-27T14:12:14.000Z
"4/27/2022, 9:15:14 AM",3.65,64,93.6,14,2022-04-27T14:15:14.000Z
"4/27/2022, 9:18:14 AM",3.65,64.4,93.6,14,2022-04-27T14:18:14.000Z
"4/27/2022, 9:21:14 AM",3.65,64.6,93.6,13,2022-04-27T14:21:14.000Z
"4/27/2022, 9:24:14 AM",3.649,64.8,93.6,14,2022-04-27T14:24:14.000Z
"4/27/2022, 9:27:14 AM",3.649,65.1,93.6,15,2022-04-27T14:27:14.000Z
"4/27/2022, 9:30:14 AM",3.65,65.3,93.6,15,2022-04-27T14:30:14.000Z
"4/27/2022, 9:33:14 AM",3.649,65.5,93.6,15,2022-04-27T14:33:14.000Z
"4/27/2022, 9:36:14 AM",3.649,65.7,93.6,15,2022-04-27T14:36:14.000Z
"4/27/2022, 9:39:14 AM",3.65,65.8,93.6,15,2022-04-27T14:39:14.000Z
"4/27/2022, 9:42:14 AM",3.65,66.2,93.6,15,2022-04-27T14:42:14.000Z
"4/27/2022, 9:45:14 AM",3.649,66.4,93.6,15,2022-04-27T14:45:14.000Z
"4/27/2022, 9:48:14 AM",3.65,66.6,93.6,17,2022-04-27T14:48:14.000Z
"4/27/2022, 9:51:14 AM",3.65,66.9,93.6,17,2022-04-27T14:51:14.000Z
"4/27/2022, 9:54:14 AM",3.65,67.1,93.6,16,2022-04-27T14:54:14.000Z
"4/27/2022, 9:57:14 AM",3.65,67.3,93.5,15,2022-04-27T14:57:14.000Z
"4/27/2022, 10:00:14 AM",3.65,67.1,93.5,16,2022-04-27T15:00:14.000Z
"4/27/2022, 10:03:14 AM",3.65,67.1,93.5,15,2022-04-27T15:03:14.000Z
"4/27/2022, 10:06:14 AM",3.65,67.1,93.5,16,2022-04-27T15:06:14.000Z
"4/27/2022, 10:09:14 AM",3.65,67.3,93.5,16,2022-04-27T15:09:14.000Z
"4/27/2022, 10:12:14 AM",3.65,67.3,93.5,16,2022-04-27T15:12:14.000Z
"4/27/2022, 10:15:14 AM",3.65,67.3,93.5,15,2022-04-27T15:15:14.000Z
"4/27/2022, 10:18:14 AM",3.65,67.5,93.6,17,2022-04-27T15:18:14.000Z
"4/27/2022, 10:21:14 AM",3.65,67.8,93.6,16,2022-04-27T15:21:14.000Z
"4/27/2022, 10:24:14 AM",3.65,67.8,93.6,16,2022-04-27T15:24:14.000Z
"4/27/2022, 10:27:14 AM",3.65,67.6,93.6,15,2022-04-27T15:27:14.000Z
"4/27/2022, 10:30:14 AM",3.65,67.6,93.6,16,2022-04-27T15:30:14.000Z
"4/27/2022, 10:33:14 AM",3.65,67.8,93.6,17,2022-04-27T15:33:14.000Z
"4/27/2022, 10:36:14 AM",3.65,68,93.7,17,2022-04-27T15:36:14.000Z
"4/27/2022, 10:39:14 AM",3.65,68.4,93.6,16,2022-04-27T15:39:14.000Z
"4/27/2022, 10:42:14 AM",3.65,68.5,93.6,17,2022-04-27T15:42:14.000Z
"4/27/2022, 10:45:14 AM",3.65,68.5,93.6,16,2022-04-27T15:45:14.000Z
"4/27/2022, 10:48:14 AM",3.65,68.7,93.6,17,2022-04-27T15:48:14.000Z
"4/27/2022, 10:51:14 AM",3.651,68.7,93.7,17,2022-04-27T15:51:14.000Z
"4/27/2022, 10:54:14 AM",3.65,68.7,93.7,16,2022-04-27T15:54:14.000Z
"4/27/2022, 10:57:14 AM",3.65,68.7,93.7,18,2022-04-27T15:57:14.000Z
"4/27/2022, 11:00:14 AM",3.651,69.1,93.7,17,2022-04-27T16:00:14.000Z
"4/27/2022, 11:03:14 AM",3.65,69.1,93.7,17,2022-04-27T16:03:14.000Z
"4/27/2022, 11:06:14 AM",3.65,69.1,93.7,17,2022-04-27T16:06:14.000Z
"4/27/2022, 11:09:14 AM",3.65,69.3,93.7,16,2022-04-27T16:09:14.000Z
"4/27/2022, 11:12:14 AM",3.65,69.4,93.7,17,2022-04-27T16:12:14.000Z
"4/27/2022, 11:15:14 AM",3.65,69.6,93.7,17,2022-04-27T16:15:14.000Z
"4/27/2022, 11:18:14 AM",3.65,69.6,93.8,17,2022-04-27T16:18:14.000Z
"4/27/2022, 11:21:14 AM",3.65,69.8,93.7,18,2022-04-27T16:21:14.000Z
"4/27/2022, 11:24:14 AM",3.65,70.2,93.8,17,2022-04-27T16:24:14.000Z
"4/27/2022, 11:27:14 AM",3.65,70.2,93.7,17,2022-04-27T16:27:14.000Z
"4/27/2022, 11:30:14 AM",3.65,70.5,93.8,18,2022-04-27T16:30:14.000Z
"4/27/2022, 11:33:14 AM",3.65,70.7,93.8,18,2022-04-27T16:33:14.000Z
"4/27/2022, 11:36:14 AM",3.65,70.9,93.7,18,2022-04-27T16:36:14.000Z
"4/27/2022, 11:39:14 AM",3.65,71.1,93.8,17,2022-04-27T16:39:14.000Z
"4/27/2022, 11:42:14 AM",3.65,71.2,93.8,16,2022-04-27T16:42:14.000Z
"4/27/2022, 11:45:14 AM",3.65,71.2,93.8,16,2022-04-27T16:45:14.000Z
"4/27/2022, 11:48:14 AM",3.65,71.2,93.8,18,2022-04-27T16:48:14.000Z
"4/27/2022, 11:51:14 AM",3.65,71.6,93.8,17,2022-04-27T16:51:14.000Z
"4/27/2022, 11:54:14 AM",3.65,71.8,93.8,17,2022-04-27T16:54:14.000Z
"4/27/2022, 11:57:14 AM",3.65,72,93.8,17,2022-04-27T16:57:14.000Z
"4/27/2022, 12:00:14 PM",3.65,72.1,93.8,17,2022-04-27T17:00:14.000Z
"4/27/2022, 12:03:14 PM",3.65,72.3,93.8,17,2022-04-27T17:03:14.000Z
"4/27/2022, 12:06:14 PM",3.65,72.5,93.8,16,2022-04-27T17:06:14.000Z
"4/27/2022, 12:09:14 PM",3.65,72.7,93.8,18,2022-04-27T17:09:14.000Z
"4/27/2022, 12:12:14 PM",3.65,72.9,93.8,17,2022-04-27T17:12:14.000Z
"4/27/2022, 12:15:14 PM",3.65,73,93.8,18,2022-04-27T17:15:14.000Z
"4/27/2022, 12:18:14 PM",3.651,73,93.8,18,2022-04-27T17:18:14.000Z
"4/27/2022, 12:21:14 PM",3.65,73.2,93.8,18,2022-04-27T17:21:14.000Z
"4/27/2022, 12:24:14 PM",3.65,73.2,93.8,17,2022-04-27T17:24:14.000Z
"4/27/2022, 12:27:14 PM",3.65,73.2,93.8,18,2022-04-27T17:27:14.000Z
"4/27/2022, 12:30:14 PM",3.65,73.4,93.9,18,2022-04-27T17:30:14.000Z
"4/27/2022, 12:33:14 PM",3.65,73.8,93.9,18,2022-04-27T17:33:14.000Z
"4/27/2022, 12:36:14 PM",3.65,73.9,93.8,19,2022-04-27T17:36:14.000Z
"4/27/2022, 12:39:14 PM",3.651,74.1,93.8,18,2022-04-27T17:39:14.000Z
"4/27/2022, 12:42:14 PM",3.651,74.1,93.8,18,2022-04-27T17:42:14.000Z
"4/27/2022, 12:45:14 PM",3.651,74.3,93.8,19,2022-04-27T17:45:14.000Z
"4/27/2022, 12:48:14 PM",3.65,74.3,93.9,18,2022-04-27T17:48:14.000Z
"4/27/2022, 12:51:14 PM",3.65,74.5,93.9,19,2022-04-27T17:51:14.000Z
"4/27/2022, 12:54:14 PM",3.65,74.5,93.9,18,2022-04-27T17:54:14.000Z
"4/27/2022, 12:57:14 PM",3.65,74.7,93.9,18,2022-04-27T17:57:14.000Z
"4/27/2022, 1:00:14 PM",3.65,74.7,93.9,17,2022-04-27T18:00:14.000Z
"4/27/2022, 1:03:14 PM",3.651,74.7,93.9,18,2022-04-27T18:03:14.000Z
"4/27/2022, 1:06:14 PM",3.651,74.7,93.9,18,2022-04-27T18:06:14.000Z
"4/27/2022, 1:09:14 PM",3.651,74.8,93.9,18,2022-04-27T18:09:14.000Z
"4/27/2022, 1:12:14 PM",3.651,74.8,93.9,18,2022-04-27T18:12:14.000Z
"4/27/2022, 1:15:14 PM",3.65,75,94,18,2022-04-27T18:15:14.000Z
"4/27/2022, 1:18:14 PM",3.65,75,94,18,2022-04-27T18:18:14.000Z
"4/27/2022, 1:21:14 PM",3.65,75.2,94,17,2022-04-27T18:21:14.000Z
"4/27/2022, 1:24:14 PM",3.65,75.2,94,17,2022-04-27T18:24:14.000Z
"4/27/2022, 1:27:14 PM",3.65,75.4,94,17,2022-04-27T18:27:14.000Z
"4/27/2022, 1:30:14 PM",3.651,75.4,94,17,2022-04-27T18:30:14.000Z
"4/27/2022, 1:33:14 PM",3.651,75.6,94,18,2022-04-27T18:33:14.000Z
"4/27/2022, 1:36:14 PM",3.651,75.6,94.1,18,2022-04-27T18:36:14.000Z
"4/27/2022, 1:39:14 PM",3.651,75.6,94.1,18,2022-04-27T18:39:14.000Z
"4/27/2022, 1:42:14 PM",3.651,75.7,94.1,18,2022-04-27T18:42:14.000Z
"4/27/2022, 1:45:14 PM",3.651,75.7,94.1,17,2022-04-27T18:45:14.000Z
"4/27/2022, 1:48:14 PM",3.65,75.7,94.1,17,2022-04-27T18:48:14.000Z
"4/27/2022, 1:51:14 PM",3.651,75.9,94.1,17,2022-04-27T18:51:14.000Z
"4/27/2022, 1:54:14 PM",3.651,75.9,94.1,16,2022-04-27T18:54:14.000Z
"4/27/2022, 1:57:14 PM",3.651,76.1,94,17,2022-04-27T18:57:14.000Z
"4/27/2022, 2:00:14 PM",3.651,76.3,94.1,17,2022-04-27T19:00:14.000Z
"4/27/2022, 2:03:14 PM",3.651,76.5,94,18,2022-04-27T19:03:14.000Z
"4/27/2022, 2:06:14 PM",3.651,76.6,94.1,17,2022-04-27T19:06:14.000Z
"4/27/2022, 2:09:14 PM",3.651,76.8,94,17,2022-04-27T19:09:14.000Z
"4/27/2022, 2:12:14 PM",3.65,77,94.1,16,2022-04-27T19:12:14.000Z
"4/27/2022, 2:15:14 PM",3.651,77,94,16,2022-04-27T19:15:14.000Z
"4/27/2022, 2:18:14 PM",3.651,77.2,94.1,17,2022-04-27T19:18:14.000Z
"4/27/2022, 2:21:14 PM",3.651,77.4,94.1,18,2022-04-27T19:21:14.000Z
"4/27/2022, 2:24:14 PM",3.651,77.4,94.1,17,2022-04-27T19:24:14.000Z
"4/27/2022, 2:27:14 PM",3.651,77.5,94.1,17,2022-04-27T19:27:14.000Z
"4/27/2022, 2:30:14 PM",3.651,77.5,94.1,17,2022-04-27T19:30:14.000Z
"4/27/2022, 2:33:14 PM",3.651,77.7,94.1,16,2022-04-27T19:33:14.000Z
"4/27/2022, 2:36:14 PM",3.651,77.7,94.1,17,2022-04-27T19:36:14.000Z
"4/27/2022, 2:39:14 PM",3.651,77.7,94.1,17,2022-04-27T19:39:14.000Z
"4/27/2022, 2:42:14 PM",3.651,77.7,94.1,17,2022-04-27T19:42:14.000Z
"4/27/2022, 2:45:14 PM",3.651,77.9,94.1,17,2022-04-27T19:45:14.000Z
"4/27/2022, 2:48:14 PM",3.651,77.9,94.1,16,2022-04-27T19:48:14.000Z
"4/27/2022, 2:51:14 PM",3.651,77.9,94.1,16,2022-04-27T19:51:14.000Z
"4/27/2022, 2:54:14 PM",3.651,77.9,94.1,17,2022-04-27T19:54:14.000Z
"4/27/2022, 2:57:14 PM",3.651,77.9,94.1,17,2022-04-27T19:57:14.000Z
"4/27/2022, 3:00:14 PM",3.651,78.1,94.1,16,2022-04-27T20:00:14.000Z
"4/27/2022, 3:03:14 PM",3.651,78.1,94.1,16,2022-04-27T20:03:14.000Z
"4/27/2022, 3:06:14 PM",3.651,78.1,94.1,15,2022-04-27T20:06:14.000Z
"4/27/2022, 3:09:14 PM",3.651,78.1,94.1,15,2022-04-27T20:09:14.000Z
"4/27/2022, 3:12:14 PM",3.652,78.1,94.1,15,2022-04-27T20:12:14.000Z
"4/27/2022, 3:15:14 PM",3.651,78.1,94.1,17,2022-04-27T20:15:14.000Z
"4/27/2022, 3:18:14 PM",3.651,78.1,94.1,17,2022-04-27T20:18:14.000Z
"4/27/2022, 3:21:14 PM",3.651,78.3,94.1,16,2022-04-27T20:21:14.000Z
"4/27/2022, 3:24:14 PM",3.651,78.3,94.1,16,2022-04-27T20:24:14.000Z
"4/27/2022, 3:27:14 PM",3.651,78.3,94.1,15,2022-04-27T20:27:14.000Z
"4/27/2022, 3:30:14 PM",3.651,78.3,94.1,15,2022-04-27T20:30:14.000Z
"4/27/2022, 3:33:14 PM",3.651,78.3,94.1,15,2022-04-27T20:33:14.000Z
"4/27/2022, 3:36:14 PM",3.652,78.3,94.1,15,2022-04-27T20:36:14.000Z
"4/27/2022, 3:39:14 PM",3.651,78.4,94.1,16,2022-04-27T20:39:14.000Z
"4/27/2022, 3:42:14 PM",3.651,78.4,94.1,17,2022-04-27T20:42:14.000Z
"4/27/2022, 3:45:14 PM",3.651,78.4,94.1,14,2022-04-27T20:45:14.000Z
"4/27/2022, 3:48:14 PM",3.651,78.4,94.1,13,2022-04-27T20:48:14.000Z
"4/27/2022, 3:51:14 PM",3.651,78.4,94.1,13,2022-04-27T20:51:14.000Z
"4/27/2022, 3:54:14 PM",3.652,78.4,94.1,16,2022-04-27T20:54:14.000Z
"4/27/2022, 3:57:14 PM",3.652,78.6,94.1,16,2022-04-27T20:57:14.000Z
"4/27/2022, 4:00:14 PM",3.651,78.6,94.1,16,2022-04-27T21:00:14.000Z
"4/27/2022, 4:03:14 PM",3.652,78.6,94.1,17,2022-04-27T21:03:14.000Z
"4/27/2022, 4:06:14 PM",3.651,78.8,94.1,16,2022-04-27T21:06:14.000Z
"4/27/2022, 4:09:14 PM",3.652,78.8,94.1,16,2022-04-27T21:09:14.000Z
"4/27/2022, 4:12:14 PM",3.652,78.8,94.1,16,2022-04-27T21:12:14.000Z
"4/27/2022, 4:15:14 PM",3.651,78.8,94.1,17,2022-04-27T21:15:14.000Z
"4/27/2022, 4:18:14 PM",3.652,79,94.1,17,2022-04-27T21:18:14.000Z
"4/27/2022, 4:21:14 PM",3.652,79,94.1,18,2022-04-27T21:21:14.000Z
"4/27/2022, 4:24:14 PM",3.651,79,94.1,17,2022-04-27T21:24:14.000Z
"4/27/2022, 4:27:14 PM",3.651,79,94.1,15,2022-04-27T21:27:14.000Z
"4/27/2022, 4:30:14 PM",3.651,79,94.1,15,2022-04-27T21:30:14.000Z
"4/27/2022, 4:33:14 PM",3.652,78.6,94.1,15,2022-04-27T21:33:14.000Z
"4/27/2022, 4:36:14 PM",3.651,78.4,94.1,15,2022-04-27T21:36:14.000Z
"4/27/2022, 4:39:14 PM",3.652,78.3,94.1,14,2022-04-27T21:39:14.000Z
"4/27/2022, 4:42:14 PM",3.652,78.1,94.1,14,2022-04-27T21:42:14.000Z
"4/27/2022, 4:45:14 PM",3.652,77.9,94.1,13,2022-04-27T21:45:14.000Z
"4/27/2022, 4:48:14 PM",3.652,77.9,94.1,13,2022-04-27T21:48:14.000Z
"4/27/2022, 4:51:14 PM",3.652,77.7,94.1,15,2022-04-27T21:51:14.000Z
"4/27/2022, 4:54:14 PM",3.652,77.5,94.1,15,2022-04-27T21:54:14.000Z
"4/27/2022, 4:57:14 PM",3.652,77.5,94.1,15,2022-04-27T21:57:14.000Z
"4/27/2022, 5:00:14 PM",3.652,77.4,94.1,14,2022-04-27T22:00:14.000Z
"4/27/2022, 5:03:14 PM",3.652,77.4,94.1,14,2022-04-27T22:03:14.000Z
"4/27/2022, 5:06:14 PM",3.653,77.2,94.1,15,2022-04-27T22:06:14.000Z
"4/27/2022, 5:09:14 PM",3.652,77.2,94.1,16,2022-04-27T22:09:14.000Z
"4/27/2022, 5:12:14 PM",3.652,77,94.1,15,2022-04-27T22:12:14.000Z
"4/27/2022, 5:15:14 PM",3.652,76.8,94.1,14,2022-04-27T22:15:14.000Z
"4/27/2022, 5:18:14 PM",3.652,76.6,94.1,14,2022-04-27T22:18:14.000Z
"4/27/2022, 5:21:14 PM",3.652,76.5,94.2,14,2022-04-27T22:21:14.000Z
"4/27/2022, 5:24:14 PM",3.652,76.3,94.2,14,2022-04-27T22:24:14.000Z
"4/27/2022, 5:27:14 PM",3.653,76.1,94.1,13,2022-04-27T22:27:14.000Z
"4/27/2022, 5:30:14 PM",3.652,75.7,94.1,13,2022-04-27T22:30:14.000Z
"4/27/2022, 5:33:14 PM",3.653,75.6,94.1,15,2022-04-27T22:33:14.000Z
"4/27/2022, 5:36:14 PM",3.652,75.4,94.1,14,2022-04-27T22:36:14.000Z
"4/27/2022, 5:39:14 PM",3.652,75.2,94.1,14,2022-04-27T22:39:14.000Z
"4/27/2022, 5:42:14 PM",3.652,75,94.1,12,2022-04-27T22:42:14.000Z
"4/27/2022, 5:45:14 PM",3.652,74.8,94.1,11,2022-04-27T22:45:14.000Z
"4/27/2022, 5:48:14 PM",3.653,74.5,94.1,13,2022-04-27T22:48:14.000Z
"4/27/2022, 5:51:14 PM",3.653,74.5,94.1,12,2022-04-27T22:51:14.000Z
"4/27/2022, 5:54:14 PM",3.653,74.3,94.1,14,2022-04-27T22:54:14.000Z
"4/27/2022, 5:57:14 PM",3.653,74.1,94.1,14,2022-04-27T22:57:14.000Z
"4/27/2022, 6:00:14 PM",3.653,74.1,94.2,14,2022-04-27T23:00:14.000Z
"4/27/2022, 6:03:14 PM",3.653,73.9,94.1,13,2022-04-27T23:03:14.000Z
"4/27/2022, 6:06:14 PM",3.653,73.9,94.2,14,2022-04-27T23:06:14.000Z
"4/27/2022, 6:09:14 PM",3.653,73.8,94.2,13,2022-04-27T23:09:14.000Z
"4/27/2022, 6:12:14 PM",3.653,73.6,94.2,13,2022-04-27T23:12:14.000Z
"4/27/2022, 6:15:14 PM",3.653,73.6,94.2,13,2022-04-27T23:15:14.000Z
"4/27/2022, 6:18:14 PM",3.653,73.4,94.2,14,2022-04-27T23:18:14.000Z
"4/27/2022, 6:21:14 PM",3.653,73.4,94.2,13,2022-04-27T23:21:14.000Z
"4/27/2022, 6:24:14 PM",3.653,73.2,94.2,12,2022-04-27T23:24:14.000Z
"4/27/2022, 6:27:14 PM",3.652,73.2,94.2,13,2022-04-27T23:27:14.000Z
"4/27/2022, 6:30:14 PM",3.653,73,94.2,13,2022-04-27T23:30:14.000Z
"4/27/2022, 6:33:14 PM",3.653,73,94.2,13,2022-04-27T23:33:14.000Z
"4/27/2022, 6:36:14 PM",3.652,72.9,94.2,13,2022-04-27T23:36:14.000Z
"4/27/2022, 6:39:14 PM",3.653,72.9,94.3,12,2022-04-27T23:39:14.000Z
"4/27/2022, 6:42:14 PM",3.652,72.7,94.2,12,2022-04-27T23:42:14.000Z
"4/27/2022, 6:45:14 PM",3.653,72.5,94.3,12,2022-04-27T23:45:14.000Z
"4/27/2022, 6:48:14 PM",3.653,72.3,94.3,12,2022-04-27T23:48:14.000Z
"4/27/2022, 6:51:14 PM",3.652,72.3,94.3,12,2022-04-27T23:51:14.000Z
"4/27/2022, 6:54:14 PM",3.653,72.1,94.2,11,2022-04-27T23:54:14.000Z
"4/27/2022, 6:57:14 PM",3.653,72,94.3,12,2022-04-27T23:57:14.000Z
"4/27/2022, 7:00:14 PM",3.653,71.8,94.3,10,2022-04-28T00:00:14.000Z
"4/27/2022, 7:03:14 PM",3.653,71.6,94.3,11,2022-04-28T00:03:14.000Z
"4/27/2022, 7:06:14 PM",3.653,71.6,94.3,11,2022-04-28T00:06:14.000Z
"4/27/2022, 7:09:14 PM",3.653,71.4,94.3,11,2022-04-28T00:09:14.000Z
"4/27/2022, 7:12:14 PM",3.653,71.2,94.3,11,2022-04-28T00:12:14.000Z
"4/27/2022, 7:15:14 PM",3.653,71.2,94.3,11,2022-04-28T00:15:14.000Z
"4/27/2022, 7:18:14 PM",3.653,71.1,94.3,11,2022-04-28T00:18:14.000Z
"4/27/2022, 7:21:14 PM",3.653,70.9,94.3,10,2022-04-28T00:21:14.000Z
"4/27/2022, 7:24:14 PM",3.653,70.9,94.3,10,2022-04-28T00:24:14.000Z
"4/27/2022, 7:27:14 PM",3.653,70.7,94.3,10,2022-04-28T00:27:14.000Z
"4/27/2022, 7:30:14 PM",3.653,70.7,94.4,10,2022-04-28T00:30:14.000Z
"4/27/2022, 7:33:14 PM",3.653,70.7,94.4,10,2022-04-28T00:33:14.000Z
"4/27/2022, 7:36:14 PM",3.653,70.5,94.3,10,2022-04-28T00:36:14.000Z
"4/27/2022, 7:39:14 PM",3.653,70.5,94.3,10,2022-04-28T00:39:14.000Z
"4/27/2022, 7:42:14 PM",3.653,70.3,94.4,10,2022-04-28T00:42:14.000Z
"4/27/2022, 7:45:14 PM",3.653,70.3,94.3,10,2022-04-28T00:45:14.000Z
"4/27/2022, 7:48:14 PM",3.653,70.2,94.3,9,2022-04-28T00:48:14.000Z
"4/27/2022, 7:51:14 PM",3.653,70.2,94.4,10,2022-04-28T00:51:14.000Z
"4/27/2022, 7:54:14 PM",3.653,70,94.4,10,2022-04-28T00:54:14.000Z
"4/27/2022, 7:57:14 PM",3.653,70,94.4,9,2022-04-28T00:57:14.000Z
"4/27/2022, 8:00:14 PM",3.653,70,94.4,10,2022-04-28T01:00:14.000Z
"4/27/2022, 8:03:14 PM",3.653,70,94.4,10,2022-04-28T01:03:14.000Z
"4/27/2022, 8:06:14 PM",3.653,70,94.4,10,2022-04-28T01:06:14.000Z
"4/27/2022, 8:09:14 PM",3.653,69.8,94.4,9,2022-04-28T01:09:14.000Z
"4/27/2022, 8:12:14 PM",3.652,69.8,94.4,9,2022-04-28T01:12:14.000Z
"4/27/2022, 8:15:14 PM",3.653,69.8,94.4,9,2022-04-28T01:15:14.000Z
"4/27/2022, 8:18:14 PM",3.652,69.8,94.4,9,2022-04-28T01:18:14.000Z
"4/27/2022, 8:21:14 PM",3.653,69.8,94.4,9,2022-04-28T01:21:14.000Z
"4/27/2022, 8:24:14 PM",3.653,69.8,94.4,9,2022-04-28T01:24:14.000Z
"4/27/2022, 8:27:14 PM",3.653,69.8,94.4,9,2022-04-28T01:27:14.000Z
"4/27/2022, 8:30:14 PM",3.653,69.8,94.4,8,2022-04-28T01:30:14.000Z
"4/27/2022, 8:33:14 PM",3.652,69.8,94.4,8,2022-04-28T01:33:14.000Z
"4/27/2022, 8:36:14 PM",3.653,69.6,94.4,8,2022-04-28T01:36:14.000Z
"4/27/2022, 8:39:14 PM",3.652,69.6,94.4,8,2022-04-28T01:39:14.000Z
"4/27/2022, 8:42:14 PM",3.653,69.8,94.4,8,2022-04-28T01:42:14.000Z
"4/27/2022, 8:45:14 PM",3.652,69.6,94.4,8,2022-04-28T01:45:14.000Z
"4/27/2022, 8:48:14 PM",3.652,69.6,94.4,8,2022-04-28T01:48:14.000Z
"4/27/2022, 8:51:14 PM",3.653,69.6,94.4,8,2022-04-28T01:51:14.000Z
"4/27/2022, 8:54:14 PM",3.652,69.6,94.4,8,2022-04-28T01:54:14.000Z
"4/27/2022, 8:57:14 PM",3.652,69.6,94.5,8,2022-04-28T01:57:14.000Z
"4/27/2022, 9:00:14 PM",3.652,69.6,94.4,8,2022-04-28T02:00:14.000Z
"4/27/2022, 9:03:14 PM",3.652,69.6,94.4,8,2022-04-28T02:03:14.000Z
"4/27/2022, 9:06:14 PM",3.652,69.6,94.4,8,2022-04-28T02:06:14.000Z
"4/27/2022, 9:09:14 PM",3.653,69.6,94.5,8,2022-04-28T02:09:14.000Z
"4/27/2022, 9:12:14 PM",3.652,69.6,94.5,8,2022-04-28T02:12:14.000Z
"4/27/2022, 9:15:14 PM",3.652,69.8,94.5,8,2022-04-28T02:15:14.000Z
"4/27/2022, 9:18:14 PM",3.652,69.8,94.5,8,2022-04-28T02:18:14.000Z
"4/27/2022, 9:21:14 PM",3.652,69.8,94.5,8,2022-04-28T02:21:14.000Z
"4/27/2022, 9:24:14 PM",3.653,69.8,94.5,8,2022-04-28T02:24:14.000Z
"4/27/2022, 9:27:14 PM",3.653,69.8,94.5,8,2022-04-28T02:27:14.000Z
"4/27/2022, 9:30:14 PM",3.652,69.8,94.5,8,2022-04-28T02:30:14.000Z
"4/27/2022, 9:33:14 PM",3.652,69.8,94.5,8,2022-04-28T02:33:14.000Z
"4/27/2022, 9:36:14 PM",3.652,69.8,94.5,8,2022-04-28T02:36:14.000Z
"4/27/2022, 9:39:14 PM",3.652,69.8,94.5,8,2022-04-28T02:39:14.000Z
"4/27/2022, 9:42:14 PM",3.652,69.6,94.5,8,2022-04-28T02:42:14.000Z
"4/27/2022, 9:45:14 PM",3.652,69.6,94.5,8,2022-04-28T02:45:14.000Z
"4/27/2022, 9:48:14 PM",3.652,69.6,94.5,8,2022-04-28T02:48:14.000Z
"4/27/2022, 9:51:14 PM",3.652,69.6,94.5,7,2022-04-28T02:51:14.000Z
"4/27/2022, 9:54:14 PM",3.652,69.6,94.5,7,2022-04-28T02:54:14.000Z
"4/27/2022, 9:57:14 PM",3.652,69.6,94.5,7,2022-04-28T02:57:14.000Z
"4/27/2022, 10:00:14 PM",3.652,69.4,94.5,7,2022-04-28T03:00:14.000Z
"4/27/2022, 10:03:14 PM",3.652,69.4,94.5,7,2022-04-28T03:03:14.000Z
"4/27/2022, 10:06:14 PM",3.652,69.4,94.5,7,2022-04-28T03:06:14.000Z
"4/27/2022, 10:09:14 PM",3.652,69.4,94.5,7,2022-04-28T03:09:14.000Z
"4/27/2022, 10:12:14 PM",3.652,69.4,94.5,7,2022-04-28T03:12:14.000Z
"4/27/2022, 10:15:14 PM",3.652,69.4,94.5,7,2022-04-28T03:15:14.000Z
"4/27/2022, 10:18:14 PM",3.652,69.4,94.5,7,2022-04-28T03:18:14.000Z
"4/27/2022, 10:21:14 PM",3.652,69.3,94.5,7,2022-04-28T03:21:14.000Z
"4/27/2022, 10:24:14 PM",3.652,69.3,94.5,7,2022-04-28T03:24:14.000Z
"4/27/2022, 10:27:14 PM",3.652,69.3,94.5,7,2022-04-28T03:27:14.000Z
"4/27/2022, 10:30:14 PM",3.652,69.3,94.5,7,2022-04-28T03:30:14.000Z
"4/27/2022, 10:33:14 PM",3.652,69.1,94.5,6,2022-04-28T03:33:14.000Z
"4/27/2022, 10:36:14 PM",3.652,69.1,94.5,6,2022-04-28T03:36:14.000Z
"4/27/2022, 10:39:14 PM",3.652,69.1,94.5,6,2022-04-28T03:39:14.000Z
"4/27/2022, 10:42:14 PM",3.652,69.1,94.5,7,2022-04-28T03:42:14.000Z
"4/27/2022, 10:45:14 PM",3.652,69.1,94.5,7,2022-04-28T03:45:14.000Z
"4/27/2022, 10:48:14 PM",3.652,68.9,94.5,7,2022-04-28T03:48:14.000Z
"4/27/2022, 10:51:14 PM",3.652,68.9,94.6,7,2022-04-28T03:51:14.000Z
"4/27/2022, 10:54:14 PM",3.652,68.7,94.6,7,2022-04-28T03:54:14.000Z
"4/27/2022, 10:57:14 PM",3.652,68.5,94.6,7,2022-04-28T03:57:14.000Z
"4/27/2022, 11:00:14 PM",3.652,68.4,94.7,7,2022-04-28T04:00:14.000Z
"4/27/2022, 11:03:14 PM",3.652,68.4,94.6,7,2022-04-28T04:03:14.000Z
"4/27/2022, 11:06:14 PM",3.652,68.2,94.7,7,2022-04-28T04:06:14.000Z
"4/27/2022, 11:09:14 PM",3.652,68,94.7,7,2022-04-28T04:09:14.000Z
"4/27/2022, 11:12:14 PM",3.652,68,94.7,7,2022-04-28T04:12:14.000Z
"4/27/2022, 11:15:14 PM",3.652,67.8,94.8,7,2022-04-28T04:15:14.000Z
"4/27/2022, 11:18:14 PM",3.652,67.6,94.8,7,2022-04-28T04:18:14.000Z
"4/27/2022, 11:21:14 PM",3.652,67.5,94.8,7,2022-04-28T04:21:14.000Z
"4/27/2022, 11:24:14 PM",3.652,67.5,94.8,7,2022-04-28T04:24:14.000Z
"4/27/2022, 11:27:14 PM",3.652,67.5,94.9,7,2022-04-28T04:27:14.000Z
"4/27/2022, 11:30:14 PM",3.652,67.5,94.8,7,2022-04-28T04:30:14.000Z
"4/27/2022, 11:33:14 PM",3.652,67.3,94.9,8,2022-04-28T04:33:14.000Z
"4/27/2022, 11:36:14 PM",3.652,67.3,94.9,8,2022-04-28T04:36:14.000Z
"4/27/2022, 11:39:14 PM",3.652,67.3,94.9,8,2022-04-28T04:39:14.000Z
"4/27/2022, 11:42:14 PM",3.652,67.3,94.9,8,2022-04-28T04:42:14.000Z
"4/27/2022, 11:45:14 PM",3.652,67.3,94.9,8,2022-04-28T04:45:14.000Z
"4/27/2022, 11:48:14 PM",3.652,67.3,95,8,2022-04-28T04:48:14.000Z
"4/27/2022, 11:51:14 PM",3.652,67.1,94.9,8,2022-04-28T04:51:14.000Z
"4/27/2022, 11:54:14 PM",3.652,67.1,94.9,8,2022-04-28T04:54:14.000Z
"4/27/2022, 11:57:14 PM",3.652,66.9,94.9,8,2022-04-28T04:57:14.000Z
"4/28/2022, 12:00:14 AM",3.652,66.9,95,8,2022-04-28T05:00:14.000Z
"4/28/2022, 12:03:14 AM",3.652,66.9,95,9,2022-04-28T05:03:14.000Z
"4/28/2022, 12:06:14 AM",3.652,66.9,95,9,2022-04-28T05:06:14.000Z
"4/28/2022, 12:09:14 AM",3.651,66.9,95,9,2022-04-28T05:09:14.000Z
"4/28/2022, 12:12:14 AM",3.652,66.9,95,8,2022-04-28T05:12:14.000Z
"4/28/2022, 12:15:14 AM",3.652,66.7,95,8,2022-04-28T05:15:14.000Z
"4/28/2022, 12:18:14 AM",3.652,66.7,95,8,2022-04-28T05:18:14.000Z
"4/28/2022, 12:21:14 AM",3.652,66.6,95,8,2022-04-28T05:21:14.000Z
"4/28/2022, 12:24:14 AM",3.652,66.4,95,8,2022-04-28T05:24:14.000Z
"4/28/2022, 12:27:14 AM",3.652,66.4,95,8,2022-04-28T05:27:14.000Z
"4/28/2022, 12:30:14 AM",3.652,66.2,95,8,2022-04-28T05:30:14.000Z
"4/28/2022, 12:33:14 AM",3.652,66,95.1,8,2022-04-28T05:33:14.000Z
"4/28/2022, 12:36:14 AM",3.652,65.8,95.1,8,2022-04-28T05:36:14.000Z
"4/28/2022, 12:39:14 AM",3.652,65.7,95.1,8,2022-04-28T05:39:14.000Z
"4/28/2022, 12:42:14 AM",3.652,65.7,95.1,8,2022-04-28T05:42:14.000Z
"4/28/2022, 12:45:14 AM",3.652,65.7,95.1,8,2022-04-28T05:45:14.000Z
"4/28/2022, 12:48:14 AM",3.652,65.5,95.1,8,2022-04-28T05:48:14.000Z
"4/28/2022, 12:51:14 AM",3.652,65.3,95.2,9,2022-04-28T05:51:14.000Z
"4/28/2022, 12:54:14 AM",3.652,65.3,95.2,9,2022-04-28T05:54:14.000Z
"4/28/2022, 12:57:14 AM",3.652,65.1,95.2,9,2022-04-28T05:57:14.000Z
"4/28/2022, 1:00:14 AM",3.652,65.1,95.2,9,2022-04-28T06:00:14.000Z
"4/28/2022, 1:03:14 AM",3.652,64.9,95.2,8,2022-04-28T06:03:14.000Z
"4/28/2022, 1:06:14 AM",3.651,64.9,95.2,8,2022-04-28T06:06:14.000Z
"4/28/2022, 1:09:14 AM",3.652,64.8,95.3,8,2022-04-28T06:09:14.000Z
"4/28/2022, 1:12:14 AM",3.652,64.6,95.3,9,2022-04-28T06:12:14.000Z
"4/28/2022, 1:15:14 AM",3.652,64.6,95.3,9,2022-04-28T06:15:14.000Z
"4/28/2022, 1:18:14 AM",3.652,64.6,95.3,9,2022-04-28T06:18:14.000Z
"4/28/2022, 1:21:14 AM",3.652,64.4,95.3,9,2022-04-28T06:21:14.000Z
"4/28/2022, 1:24:14 AM",3.652,64.4,95.3,9,2022-04-28T06:24:14.000Z
"4/28/2022, 1:27:14 AM",3.652,64.2,95.3,9,2022-04-28T06:27:14.000Z
"4/28/2022, 1:30:14 AM",3.652,64,95.4,8,2022-04-28T06:30:14.000Z
"4/28/2022, 1:33:14 AM",3.652,64,95.4,9,2022-04-28T06:33:14.000Z
"4/28/2022, 1:36:14 AM",3.651,63.9,95.4,8,2022-04-28T06:36:14.000Z
"4/28/2022, 1:39:14 AM",3.651,63.9,95.4,8,2022-04-28T06:39:14.000Z
"4/28/2022, 1:42:14 AM",3.652,63.7,95.4,8,2022-04-28T06:42:14.000Z
"4/28/2022, 1:45:14 AM",3.651,63.7,95.4,9,2022-04-28T06:45:14.000Z
"4/28/2022, 1:48:14 AM",3.651,63.7,95.4,8,2022-04-28T06:48:14.000Z
"4/28/2022, 1:51:14 AM",3.652,63.5,95.5,8,2022-04-28T06:51:14.000Z
"4/28/2022, 1:54:14 AM",3.651,63.3,95.5,8,2022-04-28T06:54:14.000Z
"4/28/2022, 1:57:14 AM",3.652,63.3,95.5,8,2022-04-28T06:57:14.000Z
"4/28/2022, 2:00:14 AM",3.651,63.1,95.5,8,2022-04-28T07:00:14.000Z
"4/28/2022, 2:03:14 AM",3.651,63.1,95.5,8,2022-04-28T07:03:14.000Z
"4/28/2022, 2:06:14 AM",3.651,63,95.5,8,2022-04-28T07:06:14.000Z
"4/28/2022, 2:09:14 AM",3.651,63,95.5,8,2022-04-28T07:09:14.000Z
"4/28/2022, 2:12:14 AM",3.651,63,95.5,8,2022-04-28T07:12:14.000Z
"4/28/2022, 2:15:14 AM",3.651,62.8,95.6,8,2022-04-28T07:15:14.000Z
"4/28/2022, 2:18:14 AM",3.651,62.8,95.5,8,2022-04-28T07:18:14.000Z
"4/28/2022, 2:21:14 AM",3.651,62.6,95.6,8,2022-04-28T07:21:14.000Z
"4/28/2022, 2:24:14 AM",3.651,62.6,95.6,8,2022-04-28T07:24:14.000Z
"4/28/2022, 2:27:14 AM",3.651,62.4,95.6,8,2022-04-28T07:27:14.000Z
"4/28/2022, 2:30:14 AM",3.651,62.4,95.6,7,2022-04-28T07:30:14.000Z
"4/28/2022, 2:33:14 AM",3.651,62.4,95.6,7,2022-04-28T07:33:14.000Z
"4/28/2022, 2:36:14 AM",3.651,62.2,95.6,8,2022-04-28T07:36:14.000Z
"4/28/2022, 2:39:14 AM",3.651,62.2,95.7,7,2022-04-28T07:39:14.000Z
"4/28/2022, 2:42:14 AM",3.651,62.2,95.7,8,2022-04-28T07:42:14.000Z
"4/28/2022, 2:45:14 AM",3.651,62.2,95.7,8,2022-04-28T07:45:14.000Z
"4/28/2022, 2:48:14 AM",3.651,62.1,95.7,8,2022-04-28T07:48:14.000Z
"4/28/2022, 2:51:14 AM",3.651,62.1,95.7,8,2022-04-28T07:51:14.000Z
"4/28/2022, 2:54:14 AM",3.651,62.1,95.7,8,2022-04-28T07:54:14.000Z
"4/28/2022, 2:57:14 AM",3.651,62.2,95.7,8,2022-04-28T07:57:14.000Z
"4/28/2022, 3:00:14 AM",3.651,62.2,95.7,8,2022-04-28T08:00:14.000Z
"4/28/2022, 3:03:14 AM",3.651,62.2,95.7,8,2022-04-28T08:03:14.000Z
"4/28/2022, 3:06:14 AM",3.651,62.2,95.7,8,2022-04-28T08:06:14.000Z
"4/28/2022, 3:09:14 AM",3.651,62.2,95.7,8,2022-04-28T08:09:14.000Z
"4/28/2022, 3:12:14 AM",3.651,62.4,95.7,8,2022-04-28T08:12:14.000Z
"4/28/2022, 3:15:14 AM",3.651,62.2,95.7,8,2022-04-28T08:15:14.000Z
"4/28/2022, 3:18:14 AM",3.651,62.2,95.7,8,2022-04-28T08:18:14.000Z
"4/28/2022, 3:21:14 AM",3.651,62.2,95.8,8,2022-04-28T08:21:14.000Z
"4/28/2022, 3:24:14 AM",3.65,62.2,95.8,8,2022-04-28T08:24:14.000Z
"4/28/2022, 3:27:14 AM",3.651,62.2,95.8,8,2022-04-28T08:27:14.000Z
"4/28/2022, 3:30:14 AM",3.65,62.2,95.8,7,2022-04-28T08:30:14.000Z
"4/28/2022, 3:33:14 AM",3.651,62.2,95.8,7,2022-04-28T08:33:14.000Z
"4/28/2022, 3:36:14 AM",3.651,62.2,95.8,7,2022-04-28T08:36:14.000Z
"4/28/2022, 3:39:14 AM",3.65,62.2,95.8,7,2022-04-28T08:39:14.000Z
"4/28/2022, 3:42:14 AM",3.651,62.1,95.8,7,2022-04-28T08:42:14.000Z
"4/28/2022, 3:45:14 AM",3.65,62.2,95.8,7,2022-04-28T08:45:14.000Z
"4/28/2022, 3:48:14 AM",3.651,62.2,95.8,8,2022-04-28T08:48:14.000Z
"4/28/2022, 3:51:14 AM",3.65,62.2,95.8,8,2022-04-28T08:51:14.000Z
"4/28/2022, 3:54:14 AM",3.65,62.2,95.8,8,2022-04-28T08:54:14.000Z
"4/28/2022, 3:57:14 AM",3.65,62.4,95.8,8,2022-04-28T08:57:14.000Z
"4/28/2022, 4:00:14 AM",3.65,62.4,95.8,8,2022-04-28T09:00:14.000Z
"4/28/2022, 4:03:14 AM",3.65,62.6,95.8,8,2022-04-28T09:03:14.000Z
"4/28/2022, 4:06:14 AM",3.65,62.6,95.8,8,2022-04-28T09:06:14.000Z
"4/28/2022, 4:09:14 AM",3.65,62.6,95.8,7,2022-04-28T09:09:14.000Z
"4/28/2022, 4:12:14 AM",3.65,62.6,95.8,8,2022-04-28T09:12:14.000Z
"4/28/2022, 4:15:14 AM",3.65,62.6,95.8,7,2022-04-28T09:15:14.000Z
"4/28/2022, 4:18:14 AM",3.65,62.4,95.8,7,2022-04-28T09:18:14.000Z
"4/28/2022, 4:21:14 AM",3.65,62.4,95.8,7,2022-04-28T09:21:14.000Z
"4/28/2022, 4:24:14 AM",3.65,62.4,95.8,7,2022-04-28T09:24:14.000Z
"4/28/2022, 4:27:14 AM",3.65,62.4,95.8,7,2022-04-28T09:27:14.000Z
"4/28/2022, 4:30:14 AM",3.65,62.4,95.8,7,2022-04-28T09:30:14.000Z
"4/28/2022, 4:33:14 AM",3.65,62.4,95.9,7,2022-04-28T09:33:14.000Z
"4/28/2022, 4:36:14 AM",3.65,62.6,95.8,7,2022-04-28T09:36:14.000Z
"4/28/2022, 4:39:14 AM",3.65,62.6,95.8,7,2022-04-28T09:39:14.000Z
"4/28/2022, 4:42:14 AM",3.65,62.6,95.8,7,2022-04-28T09:42:14.000Z
"4/28/2022, 4:45:14 AM",3.65,62.4,95.8,7,2022-04-28T09:45:14.000Z
"4/28/2022, 4:48:14 AM",3.65,62.6,95.9,7,2022-04-28T09:48:14.000Z
"4/28/2022, 4:51:14 AM",3.65,62.8,95.8,8,2022-04-28T09:51:14.000Z
"4/28/2022, 4:54:14 AM",3.65,62.8,95.9,7,2022-04-28T09:54:14.000Z
"4/28/2022, 4:57:14 AM",3.65,63,95.8,7,2022-04-28T09:57:14.000Z
"4/28/2022, 5:00:14 AM",3.65,63,95.8,7,2022-04-28T10:00:14.000Z
"4/28/2022, 5:03:14 AM",3.65,62.8,95.9,7,2022-04-28T10:03:14.000Z
"4/28/2022, 5:06:14 AM",3.65,62.6,95.8,6,2022-04-28T10:06:14.000Z
"4/28/2022, 5:09:14 AM",3.65,62.6,95.8,6,2022-04-28T10:09:14.000Z
"4/28/2022, 5:12:14 AM",3.65,62.6,95.9,7,2022-04-28T10:12:14.000Z
"4/28/2022, 5:15:14 AM",3.65,62.6,95.9,6,2022-04-28T10:15:14.000Z
"4/28/2022, 5:18:14 AM",3.65,62.4,95.9,6,2022-04-28T10:18:14.000Z
"4/28/2022, 5:21:14 AM",3.65,62.4,95.9,6,2022-04-28T10:21:14.000Z
"4/28/2022, 5:24:14 AM",3.65,62.4,95.9,6,2022-04-28T10:24:14.000Z
"4/28/2022, 5:27:14 AM",3.65,62.6,95.9,6,2022-04-28T10:27:14.000Z
"4/28/2022, 5:30:14 AM",3.65,62.6,95.9,6,2022-04-28T10:30:14.000Z
"4/28/2022, 5:33:14 AM",3.65,62.8,95.9,6,2022-04-28T10:33:14.000Z
"4/28/2022, 5:36:14 AM",3.65,62.8,95.9,7,2022-04-28T10:36:14.000Z
"4/28/2022, 5:39:14 AM",3.649,62.6,95.9,6,2022-04-28T10:39:14.000Z
"4/28/2022, 5:42:14 AM",3.65,62.6,95.9,6,2022-04-28T10:42:14.000Z
"4/28/2022, 5:45:14 AM",3.65,62.6,95.9,6,2022-04-28T10:45:14.000Z
"4/28/2022, 5:48:14 AM",3.65,62.8,95.9,7,2022-04-28T10:48:14.000Z
"4/28/2022, 5:51:14 AM",3.65,62.8,96,7,2022-04-28T10:51:14.000Z
"4/28/2022, 5:54:14 AM",3.65,63,96,6,2022-04-28T10:54:14.000Z
"4/28/2022, 5:57:14 AM",3.65,63,96,6,2022-04-28T10:57:14.000Z
"4/28/2022, 6:00:14 AM",3.649,63.1,95.9,6,2022-04-28T11:00:14.000Z
"4/28/2022, 6:03:14 AM",3.65,63.1,96,7,2022-04-28T11:03:14.000Z
"4/28/2022, 6:06:14 AM",3.65,63.1,96,6,2022-04-28T11:06:14.000Z
"4/28/2022, 6:09:14 AM",3.649,63.1,96,6,2022-04-28T11:09:14.000Z
"4/28/2022, 6:12:14 AM",3.65,63.3,96,6,2022-04-28T11:12:14.000Z
"4/28/2022, 6:15:14 AM",3.649,63.1,96,6,2022-04-28T11:15:14.000Z
"4/28/2022, 6:18:14 AM",3.65,63.1,96,6,2022-04-28T11:18:14.000Z
"4/28/2022, 6:21:14 AM",3.65,63.1,96,6,2022-04-28T11:21:14.000Z
"4/28/2022, 6:24:14 AM",3.65,63.1,96,6,2022-04-28T11:24:14.000Z
"4/28/2022, 6:27:14 AM",3.65,63.3,96,6,2022-04-28T11:27:14.000Z
"4/28/2022, 6:30:14 AM",3.65,63.3,96,6,2022-04-28T11:30:14.000Z
"4/28/2022, 6:33:14 AM",3.649,63.3,96,6,2022-04-28T11:33:14.000Z
"4/28/2022, 6:36:14 AM",3.65,63.5,96,6,2022-04-28T11:36:14.000Z
"4/28/2022, 6:39:14 AM",3.649,63.5,96,6,2022-04-28T11:39:14.000Z
"4/28/2022, 6:42:14 AM",3.65,63.5,96,7,2022-04-28T11:42:14.000Z
"4/28/2022, 6:45:14 AM",3.649,63.7,96,6,2022-04-28T11:45:14.000Z
"4/28/2022, 6:48:14 AM",3.649,63.7,96,6,2022-04-28T11:48:14.000Z
"4/28/2022, 6:51:14 AM",3.649,63.7,96,6,2022-04-28T11:51:14.000Z
"4/28/2022, 6:54:14 AM",3.65,63.7,96,6,2022-04-28T11:54:14.000Z
"4/28/2022, 6:57:14 AM",3.65,63.7,96,6,2022-04-28T11:57:14.000Z
"4/28/2022, 7:00:14 AM",3.649,63.7,96,6,2022-04-28T12:00:14.000Z
"4/28/2022, 7:03:14 AM",3.649,63.7,96,6,2022-04-28T12:03:14.000Z
"4/28/2022, 7:06:14 AM",3.65,63.7,96,6,2022-04-28T12:06:14.000Z
"4/28/2022, 7:09:14 AM",3.65,63.7,96,6,2022-04-28T12:09:14.000Z
"4/28/2022, 7:12:14 AM",3.65,63.5,96,6,2022-04-28T12:12:14.000Z
"4/28/2022, 7:15:14 AM",3.65,63.5,96.1,6,2022-04-28T12:15:14.000Z
"4/28/2022, 7:18:14 AM",3.649,63.5,96.1,6,2022-04-28T12:18:14.000Z
"4/28/2022, 7:21:14 AM",3.65,63.3,96.1,6,2022-04-28T12:21:14.000Z
"4/28/2022, 7:24:14 AM",3.65,63.3,96.1,6,2022-04-28T12:24:14.000Z
"4/28/2022, 7:27:14 AM",3.649,63.5,96.1,6,2022-04-28T12:27:14.000Z
"4/28/2022, 7:30:14 AM",3.649,63.5,96.1,6,2022-04-28T12:30:14.000Z
"4/28/2022, 7:33:14 AM",3.65,63.7,96.1,6,2022-04-28T12:33:14.000Z
"4/28/2022, 7:36:14 AM",3.649,63.7,96.1,6,2022-04-28T12:36:14.000Z
"4/28/2022, 7:39:14 AM",3.649,63.7,96.1,6,2022-04-28T12:39:14.000Z
"4/28/2022, 7:42:14 AM",3.649,63.5,96.1,6,2022-04-28T12:42:14.000Z
"4/28/2022, 7:45:14 AM",3.649,63.5,96.2,6,2022-04-28T12:45:14.000Z
"4/28/2022, 7:48:14 AM",3.649,63.5,96.2,6,2022-04-28T12:48:14.000Z
"4/28/2022, 7:51:14 AM",3.649,63.5,96.2,6,2022-04-28T12:51:14.000Z
"4/28/2022, 7:54:14 AM",3.65,63.5,96.2,6,2022-04-28T12:54:14.000Z
"4/28/2022, 7:57:14 AM",3.649,63.5,96.2,6,2022-04-28T12:57:14.000Z
"4/28/2022, 8:00:14 AM",3.649,63.7,96.2,6,2022-04-28T13:00:14.000Z
"4/28/2022, 8:03:14 AM",3.649,63.7,96.2,6,2022-04-28T13:03:14.000Z
"4/28/2022, 8:06:14 AM",3.649,63.9,96.2,6,2022-04-28T13:06:14.000Z
"4/28/2022, 8:09:14 AM",3.649,63.9,96.2,6,2022-04-28T13:09:14.000Z
"4/28/2022, 8:12:14 AM",3.65,64,96.3,6,2022-04-28T13:12:14.000Z
"4/28/2022, 8:15:14 AM",3.65,64.2,96.3,6,2022-04-28T13:15:14.000Z
"4/28/2022, 8:18:14 AM",3.649,64.2,96.2,6,2022-04-28T13:18:14.000Z
"4/28/2022, 8:21:14 AM",3.649,64.2,96.2,6,2022-04-28T13:21:14.000Z
"4/28/2022, 8:24:14 AM",3.649,64.2,96.2,6,2022-04-28T13:24:14.000Z
"4/28/2022, 8:27:14 AM",3.649,64.2,96.2,6,2022-04-28T13:27:14.000Z
"4/28/2022, 8:30:14 AM",3.649,64.2,96.2,7,2022-04-28T13:30:14.000Z
"4/28/2022, 8:33:14 AM",3.649,64.4,96.3,6,2022-04-28T13:33:14.000Z
"4/28/2022, 8:36:14 AM",3.649,64.6,96.3,6,2022-04-28T13:36:14.000Z
"4/28/2022, 8:39:14 AM",3.649,64.4,96.3,6,2022-04-28T13:39:14.000Z
"4/28/2022, 8:42:14 AM",3.649,64.4,96.3,6,2022-04-28T13:42:14.000Z
"4/28/2022, 8:45:14 AM",3.649,64.4,96.3,6,2022-04-28T13:45:14.000Z
"4/28/2022, 8:48:14 AM",3.649,64.6,96.3,7,2022-04-28T13:48:14.000Z
"4/28/2022, 8:51:14 AM",3.65,64.8,96.3,6,2022-04-28T13:51:14.000Z
"4/28/2022, 8:54:14 AM",3.649,64.8,96.3,6,2022-04-28T13:54:14.000Z
"4/28/2022, 8:57:14 AM",3.649,64.9,96.3,6,2022-04-28T13:57:14.000Z
"4/28/2022, 9:00:14 AM",3.65,64.9,96.3,7,2022-04-28T14:00:14.000Z
"4/28/2022, 9:03:14 AM",3.649,65.1,96.3,7,2022-04-28T14:03:14.000Z
"4/28/2022, 9:06:14 AM",3.649,65.1,96.3,7,2022-04-28T14:06:14.000Z
"4/28/2022, 9:09:14 AM",3.649,65.5,96.3,7,2022-04-28T14:09:14.000Z
"4/28/2022, 9:12:14 AM",3.649,65.7,96.3,7,2022-04-28T14:12:14.000Z
"4/28/2022, 9:15:14 AM",3.649,66,96.3,7,2022-04-28T14:15:14.000Z
"4/28/2022, 9:18:14 AM",3.649,66.2,96.3,7,2022-04-28T14:18:14.000Z
"4/28/2022, 9:21:14 AM",3.649,66.4,96.3,7,2022-04-28T14:21:14.000Z
"4/28/2022, 9:24:14 AM",3.648,66.6,96.3,7,2022-04-28T14:24:14.000Z
"4/28/2022, 9:27:14 AM",3.649,66.9,96.3,7,2022-04-28T14:27:14.000Z
"4/28/2022, 9:30:14 AM",3.649,67.1,96.3,7,2022-04-28T14:30:14.000Z
"4/28/2022, 9:33:14 AM",3.649,67.3,96.3,7,2022-04-28T14:33:14.000Z
"4/28/2022, 9:36:14 AM",3.649,67.5,96.3,7,2022-04-28T14:36:14.000Z
"4/28/2022, 9:39:14 AM",3.649,67.8,96.3,7,2022-04-28T14:39:14.000Z
"4/28/2022, 9:42:14 AM",3.649,68.2,96.3,7,2022-04-28T14:42:14.000Z
"4/28/2022, 9:45:14 AM",3.649,68.2,96.3,8,2022-04-28T14:45:14.000Z
"4/28/2022, 9:48:14 AM",3.649,68.4,96.3,8,2022-04-28T14:48:14.000Z
"4/28/2022, 9:51:14 AM",3.649,68.4,96.3,8,2022-04-28T14:51:14.000Z
"4/28/2022, 9:54:14 AM",3.648,68.5,96.3,8,2022-04-28T14:54:14.000Z
"4/28/2022, 9:57:14 AM",3.649,68.7,96.3,8,2022-04-28T14:57:14.000Z
"4/28/2022, 10:00:14 AM",3.649,68.7,96.3,8,2022-04-28T15:00:14.000Z
"4/28/2022, 10:03:14 AM",3.649,68.9,96.3,8,2022-04-28T15:03:14.000Z
"4/28/2022, 10:06:14 AM",3.649,69.1,96.3,8,2022-04-28T15:06:14.000Z
"4/28/2022, 10:09:14 AM",3.649,69.3,96.2,8,2022-04-28T15:09:14.000Z
"4/28/2022, 10:12:14 AM",3.649,69.4,96.2,8,2022-04-28T15:12:14.000Z
"4/28/2022, 10:15:14 AM",3.649,69.6,96.2,8,2022-04-28T15:15:14.000Z
"4/28/2022, 10:18:14 AM",3.649,69.6,96.3,8,2022-04-28T15:18:14.000Z
"4/28/2022, 10:21:14 AM",3.649,69.8,96.2,9,2022-04-28T15:21:14.000Z
"4/28/2022, 10:24:14 AM",3.649,70,96.3,9,2022-04-28T15:24:14.000Z
"4/28/2022, 10:27:14 AM",3.649,70.2,96.2,9,2022-04-28T15:27:14.000Z
"4/28/2022, 10:30:14 AM",3.649,70.3,96.3,8,2022-04-28T15:30:14.000Z
"4/28/2022, 10:33:14 AM",3.649,70.5,96.3,9,2022-04-28T15:33:14.000Z
"4/28/2022, 10:36:14 AM",3.649,70.5,96.3,9,2022-04-28T15:36:14.000Z
"4/28/2022, 10:39:14 AM",3.649,70.7,96.3,9,2022-04-28T15:39:14.000Z
"4/28/2022, 10:42:14 AM",3.649,70.7,96.3,9,2022-04-28T15:42:14.000Z
"4/28/2022, 10:45:14 AM",3.649,70.9,96.3,9,2022-04-28T15:45:14.000Z
"4/28/2022, 10:48:14 AM",3.649,71.1,96.3,9,2022-04-28T15:48:14.000Z
"4/28/2022, 10:51:14 AM",3.649,71.2,96.3,9,2022-04-28T15:51:14.000Z
"4/28/2022, 10:54:14 AM",3.649,71.2,96.3,9,2022-04-28T15:54:14.000Z
"4/28/2022, 10:57:14 AM",3.649,71.4,96.3,9,2022-04-28T15:57:14.000Z
"4/28/2022, 11:00:14 AM",3.649,71.6,96.3,9,2022-04-28T16:00:14.000Z
"4/28/2022, 11:03:14 AM",3.649,71.8,96.3,9,2022-04-28T16:03:14.000Z
"4/28/2022, 11:06:14 AM",3.649,72,96.3,9,2022-04-28T16:06:14.000Z
"4/28/2022, 11:09:14 AM",3.649,72,96.2,9,2022-04-28T16:09:14.000Z
"4/28/2022, 11:12:14 AM",3.649,72,96.3,9,2022-04-28T16:12:14.000Z
"4/28/2022, 11:15:14 AM",3.649,71.8,96.3,9,2022-04-28T16:15:14.000Z
"4/28/2022, 11:18:14 AM",3.649,71.8,96.3,9,2022-04-28T16:18:14.000Z
"4/28/2022, 11:21:14 AM",3.649,71.8,96.3,9,2022-04-28T16:21:14.000Z
"4/28/2022, 11:24:14 AM",3.649,71.8,96.3,10,2022-04-28T16:24:14.000Z
"4/28/2022, 11:27:14 AM",3.65,71.8,96.3,9,2022-04-28T16:27:14.000Z
"4/28/2022, 11:30:14 AM",3.649,71.8,96.3,9,2022-04-28T16:30:14.000Z
"4/28/2022, 11:33:14 AM",3.65,71.8,96.3,10,2022-04-28T16:33:14.000Z
"4/28/2022, 11:36:14 AM",3.65,71.8,96.3,9,2022-04-28T16:36:14.000Z
"4/28/2022, 11:39:14 AM",3.65,71.8,96.3,9,2022-04-28T16:39:14.000Z
"4/28/2022, 11:42:14 AM",3.649,72,96.3,9,2022-04-28T16:42:14.000Z
"4/28/2022, 11:45:14 AM",3.65,72,96.3,10,2022-04-28T16:45:14.000Z
"4/28/2022, 11:48:14 AM",3.65,72.1,96.3,9,2022-04-28T16:48:14.000Z
"4/28/2022, 11:51:14 AM",3.65,72.1,96.4,10,2022-04-28T16:51:14.000Z
"4/28/2022, 11:54:14 AM",3.65,72.1,96.4,10,2022-04-28T16:54:14.000Z
"4/28/2022, 11:57:14 AM",3.649,72.1,96.3,9,2022-04-28T16:57:14.000Z
"4/28/2022, 12:00:14 PM",3.65,72.1,96.3,9,2022-04-28T17:00:14.000Z
"4/28/2022, 12:03:14 PM",3.65,72.1,96.4,10,2022-04-28T17:03:14.000Z
"4/28/2022, 12:06:14 PM",3.65,72.1,96.4,10,2022-04-28T17:06:14.000Z
"4/28/2022, 12:09:14 PM",3.65,72.1,96.4,9,2022-04-28T17:09:14.000Z
"4/28/2022, 12:12:14 PM",3.65,72.1,96.4,9,2022-04-28T17:12:14.000Z
"4/28/2022, 12:15:14 PM",3.65,72.3,96.4,9,2022-04-28T17:15:14.000Z
"4/28/2022, 12:18:14 PM",3.65,72.3,96.4,9,2022-04-28T17:18:14.000Z
"4/28/2022, 12:21:14 PM",3.65,72.5,96.4,9,2022-04-28T17:21:14.000Z
"4/28/2022, 12:24:14 PM",3.65,72.7,96.4,9,2022-04-28T17:24:14.000Z
"4/28/2022, 12:27:14 PM",3.65,72.9,96.4,9,2022-04-28T17:27:14.000Z
"4/28/2022, 12:30:14 PM",3.65,73,96.4,9,2022-04-28T17:30:14.000Z
"4/28/2022, 12:33:14 PM",3.65,73,96.4,9,2022-04-28T17:33:14.000Z
"4/28/2022, 12:36:14 PM",3.65,73.2,96.4,9,2022-04-28T17:36:14.000Z
"4/28/2022, 12:39:14 PM",3.65,73.4,96.4,9,2022-04-28T17:39:14.000Z
"4/28/2022, 12:42:14 PM",3.65,73.6,96.4,9,2022-04-28T17:42:14.000Z
"4/28/2022, 12:45:14 PM",3.65,73.8,96.4,10,2022-04-28T17:45:14.000Z
"4/28/2022, 12:48:14 PM",3.65,73.9,96.4,10,2022-04-28T17:48:14.000Z
"4/28/2022, 12:51:14 PM",3.65,74.1,96.4,9,2022-04-28T17:51:14.000Z
"4/28/2022, 12:54:14 PM",3.649,74.3,96.3,9,2022-04-28T17:54:14.000Z
"4/28/2022, 12:57:14 PM",3.65,74.5,96.4,9,2022-04-28T17:57:14.000Z
"4/28/2022, 1:00:14 PM",3.65,74.7,96.4,9,2022-04-28T18:00:14.000Z
"4/28/2022, 1:03:14 PM",3.65,74.8,96.3,9,2022-04-28T18:03:14.000Z
"4/28/2022, 1:06:14 PM",3.65,75,96.4,10,2022-04-28T18:06:14.000Z
"4/28/2022, 1:09:14 PM",3.65,75.2,96.3,10,2022-04-28T18:09:14.000Z
"4/28/2022, 1:12:14 PM",3.65,75.2,96.3,10,2022-04-28T18:12:14.000Z
"4/28/2022, 1:15:14 PM",3.65,75.4,96.3,10,2022-04-28T18:15:14.000Z
"4/28/2022, 1:18:14 PM",3.65,75.6,96.3,10,2022-04-28T18:18:14.000Z
"4/28/2022, 1:21:14 PM",3.65,75.6,96.3,10,2022-04-28T18:21:14.000Z
"4/28/2022, 1:24:14 PM",3.65,75.6,96.3,10,2022-04-28T18:24:14.000Z
"4/28/2022, 1:27:14 PM",3.65,75.6,96.4,10,2022-04-28T18:27:14.000Z
"4/28/2022, 1:30:14 PM",3.65,75.7,96.4,10,2022-04-28T18:30:14.000Z
"4/28/2022, 1:33:14 PM",3.65,75.7,96.4,10,2022-04-28T18:33:14.000Z
"4/28/2022, 1:36:14 PM",3.65,75.7,96.4,10,2022-04-28T18:36:14.000Z
"4/28/2022, 1:39:14 PM",3.65,75.9,96.3,10,2022-04-28T18:39:14.000Z
"4/28/2022, 1:42:14 PM",3.65,75.9,96.4,9,2022-04-28T18:42:14.000Z
"4/28/2022, 1:45:14 PM",3.65,75.9,96.4,10,2022-04-28T18:45:14.000Z
"4/28/2022, 1:48:14 PM",3.65,76.1,96.4,10,2022-04-28T18:48:14.000Z
"4/28/2022, 1:51:14 PM",3.65,76.1,96.4,10,2022-04-28T18:51:14.000Z
"4/28/2022, 1:54:14 PM",3.65,76.3,96.4,9,2022-04-28T18:54:14.000Z
"4/28/2022, 1:57:14 PM",3.65,76.3,96.4,9,2022-04-28T18:57:14.000Z
"4/28/2022, 2:00:14 PM",3.65,76.5,96.4,9,2022-04-28T19:00:14.000Z
"4/28/2022, 2:03:14 PM",3.65,76.5,96.4,10,2022-04-28T19:03:14.000Z
"4/28/2022, 2:06:14 PM",3.65,76.5,96.3,10,2022-04-28T19:06:14.000Z
"4/28/2022, 2:09:14 PM",3.65,76.6,96.3,11,2022-04-28T19:09:14.000Z
"4/28/2022, 2:12:14 PM",3.65,76.6,96.2,10,2022-04-28T19:12:14.000Z
"4/28/2022, 2:15:14 PM",3.65,76.6,96.2,10,2022-04-28T19:15:14.000Z
"4/28/2022, 2:18:14 PM",3.65,76.8,96.3,10,2022-04-28T19:18:14.000Z
"4/28/2022, 2:21:14 PM",3.65,76.8,96.3,10,2022-04-28T19:21:14.000Z
"4/28/2022, 2:24:14 PM",3.65,76.8,96.3,9,2022-04-28T19:24:14.000Z
"4/28/2022, 2:27:14 PM",3.65,76.8,96.3,9,2022-04-28T19:27:14.000Z
"4/28/2022, 2:30:14 PM",3.651,76.8,96.3,9,2022-04-28T19:30:14.000Z
"4/28/2022, 2:33:14 PM",3.651,77,96.2,9,2022-04-28T19:33:14.000Z
"4/28/2022, 2:36:14 PM",3.65,77,96.2,9,2022-04-28T19:36:14.000Z
"4/28/2022, 2:39:14 PM",3.65,77,96.2,9,2022-04-28T19:39:14.000Z
"4/28/2022, 2:42:14 PM",3.651,77,96.2,9,2022-04-28T19:42:14.000Z
"4/28/2022, 2:45:14 PM",3.651,77.2,96.3,9,2022-04-28T19:45:14.000Z
"4/28/2022, 2:48:14 PM",3.651,77.2,96.3,10,2022-04-28T19:48:14.000Z
"4/28/2022, 2:51:14 PM",3.651,77.2,96.3,9,2022-04-28T19:51:14.000Z
"4/28/2022, 2:54:14 PM",3.651,77.2,96.3,9,2022-04-28T19:54:14.000Z
"4/28/2022, 2:57:14 PM",3.651,77.2,96.3,10,2022-04-28T19:57:14.000Z
"4/28/2022, 3:00:14 PM",3.651,77.2,96.3,10,2022-04-28T20:00:14.000Z
"4/28/2022, 3:03:14 PM",3.651,77.2,96.3,9,2022-04-28T20:03:14.000Z
"4/28/2022, 3:06:14 PM",3.651,77.2,96.3,9,2022-04-28T20:06:14.000Z
"4/28/2022, 3:09:14 PM",3.651,77.2,96.3,10,2022-04-28T20:09:14.000Z
"4/28/2022, 3:12:14 PM",3.651,77.4,96.3,10,2022-04-28T20:12:14.000Z
"4/28/2022, 3:15:14 PM",3.651,77.4,96.2,10,2022-04-28T20:15:14.000Z
"4/28/2022, 3:18:14 PM",3.65,77.4,96.2,10,2022-04-28T20:18:14.000Z
"4/28/2022, 3:21:14 PM",3.651,77.4,96.2,9,2022-04-28T20:21:14.000Z
"4/28/2022, 3:24:14 PM",3.651,77.4,96.2,10,2022-04-28T20:24:14.000Z
"4/28/2022, 3:27:14 PM",3.651,77.4,96.2,10,2022-04-28T20:27:14.000Z
"4/28/2022, 3:30:14 PM",3.65,77.2,96.3,10,2022-04-28T20:30:14.000Z
"4/28/2022, 3:33:14 PM",3.651,77.2,96.3,10,2022-04-28T20:33:14.000Z
"4/28/2022, 3:36:14 PM",3.651,77.2,96.3,9,2022-04-28T20:36:14.000Z
"4/28/2022, 3:39:14 PM",3.651,77,96.3,10,2022-04-28T20:39:14.000Z
"4/28/2022, 3:42:14 PM",3.651,77,96.3,9,2022-04-28T20:42:14.000Z
"4/28/2022, 3:45:14 PM",3.651,76.8,96.3,9,2022-04-28T20:45:14.000Z
"4/28/2022, 3:48:14 PM",3.651,76.8,96.3,9,2022-04-28T20:48:14.000Z
"4/28/2022, 3:51:14 PM",3.651,76.8,96.3,9,2022-04-28T20:51:14.000Z
"4/28/2022, 3:54:14 PM",3.651,76.8,96.3,10,2022-04-28T20:54:14.000Z
"4/28/2022, 3:57:14 PM",3.651,76.8,96.3,10,2022-04-28T20:57:14.000Z
"4/28/2022, 4:00:14 PM",3.651,77,96.3,10,2022-04-28T21:00:14.000Z
"4/28/2022, 4:03:14 PM",3.651,77,96.3,10,2022-04-28T21:03:14.000Z
"4/28/2022, 4:06:14 PM",3.651,77,96.3,9,2022-04-28T21:06:14.000Z
"4/28/2022, 4:09:14 PM",3.651,77.2,96.3,9,2022-04-28T21:09:14.000Z
"4/28/2022, 4:12:14 PM",3.651,77,96.3,9,2022-04-28T21:12:14.000Z
"4/28/2022, 4:15:14 PM",3.651,77,96.3,9,2022-04-28T21:15:14.000Z
"4/28/2022, 4:18:14 PM",3.651,76.8,96.3,9,2022-04-28T21:18:14.000Z
"4/28/2022, 4:21:14 PM",3.651,76.8,96.3,9,2022-04-28T21:21:14.000Z
"4/28/2022, 4:24:14 PM",3.651,76.6,96.3,9,2022-04-28T21:24:14.000Z
"4/28/2022, 4:27:14 PM",3.651,76.6,96.3,9,2022-04-28T21:27:14.000Z
"4/28/2022, 4:30:14 PM",3.651,76.5,96.3,8,2022-04-28T21:30:14.000Z
"4/28/2022, 4:33:14 PM",3.652,76.5,96.3,8,2022-04-28T21:33:14.000Z
"4/28/2022, 4:36:14 PM",3.651,76.3,96.4,8,2022-04-28T21:36:14.000Z
"4/28/2022, 4:39:14 PM",3.652,76.1,96.3,8,2022-04-28T21:39:14.000Z
"4/28/2022, 4:42:14 PM",3.651,75.9,96.4,8,2022-04-28T21:42:14.000Z
"4/28/2022, 4:45:14 PM",3.652,75.7,96.4,8,2022-04-28T21:45:14.000Z
"4/28/2022, 4:48:14 PM",3.651,75.7,96.4,8,2022-04-28T21:48:14.000Z
"4/28/2022, 4:51:14 PM",3.652,75.6,96.3,8,2022-04-28T21:51:14.000Z
"4/28/2022, 4:54:14 PM",3.652,75.4,96.4,8,2022-04-28T21:54:14.000Z
"4/28/2022, 4:57:14 PM",3.652,75.2,96.4,8,2022-04-28T21:57:14.000Z
"4/28/2022, 5:00:14 PM",3.651,75.2,96.3,8,2022-04-28T22:00:14.000Z
"4/28/2022, 5:03:14 PM",3.652,75,96.4,8,2022-04-28T22:03:14.000Z
"4/28/2022, 5:06:14 PM",3.652,74.8,96.3,8,2022-04-28T22:06:14.000Z
"4/28/2022, 5:09:14 PM",3.652,74.8,96.4,8,2022-04-28T22:09:14.000Z
"4/28/2022, 5:12:14 PM",3.652,74.7,96.4,8,2022-04-28T22:12:14.000Z
"4/28/2022, 5:15:14 PM",3.652,74.7,96.3,8,2022-04-28T22:15:14.000Z
"4/28/2022, 5:18:14 PM",3.652,74.5,96.4,8,2022-04-28T22:18:14.000Z
"4/28/2022, 5:21:14 PM",3.652,74.5,96.4,8,2022-04-28T22:21:14.000Z
"4/28/2022, 5:24:14 PM",3.652,74.3,96.4,9,2022-04-28T22:24:14.000Z
"4/28/2022, 5:27:14 PM",3.652,74.3,96.3,8,2022-04-28T22:27:14.000Z
"4/28/2022, 5:30:14 PM",3.652,74.1,96.4,8,2022-04-28T22:30:14.000Z
"4/28/2022, 5:33:14 PM",3.652,73.9,96.4,8,2022-04-28T22:33:14.000Z
"4/28/2022, 5:36:14 PM",3.652,73.9,96.3,8,2022-04-28T22:36:14.000Z
"4/28/2022, 5:39:14 PM",3.652,73.9,96.3,9,2022-04-28T22:39:14.000Z
"4/28/2022, 5:42:14 PM",3.652,73.8,96.4,8,2022-04-28T22:42:14.000Z
"4/28/2022, 5:45:14 PM",3.652,73.8,96.4,8,2022-04-28T22:45:14.000Z
"4/28/2022, 5:48:14 PM",3.652,73.6,96.4,8,2022-04-28T22:48:14.000Z
"4/28/2022, 5:51:14 PM",3.652,73.6,96.4,8,2022-04-28T22:51:14.000Z
"4/28/2022, 5:54:14 PM",3.651,73.4,96.4,8,2022-04-28T22:54:14.000Z
"4/28/2022, 5:57:14 PM",3.652,73.4,96.4,8,2022-04-28T22:57:14.000Z
"4/28/2022, 6:00:14 PM",3.652,73.4,96.3,8,2022-04-28T23:00:14.000Z
"4/28/2022, 6:03:14 PM",3.652,73.2,96.4,8,2022-04-28T23:03:14.000Z
"4/28/2022, 6:06:14 PM",3.652,73.2,96.4,8,2022-04-28T23:06:14.000Z
"4/28/2022, 6:09:14 PM",3.652,73,96.4,7,2022-04-28T23:09:14.000Z
"4/28/2022, 6:12:14 PM",3.652,73,96.4,7,2022-04-28T23:12:14.000Z
"4/28/2022, 6:15:14 PM",3.652,72.9,96.4,7,2022-04-28T23:15:14.000Z
"4/28/2022, 6:18:14 PM",3.652,72.9,96.4,7,2022-04-28T23:18:14.000Z
"4/28/2022, 6:21:14 PM",3.652,72.7,96.3,7,2022-04-28T23:21:14.000Z
"4/28/2022, 6:24:14 PM",3.652,72.7,96.4,7,2022-04-28T23:24:14.000Z
"4/28/2022, 6:27:14 PM",3.652,72.5,96.4,7,2022-04-28T23:27:14.000Z
"4/28/2022, 6:30:14 PM",3.652,72.3,96.3,6,2022-04-28T23:30:14.000Z
"4/28/2022, 6:33:14 PM",3.652,72.3,96.4,6,2022-04-28T23:33:14.000Z
"4/28/2022, 6:36:14 PM",3.652,72.1,96.3,7,2022-04-28T23:36:14.000Z
"4/28/2022, 6:39:14 PM",3.652,72,96.4,6,2022-04-28T23:39:14.000Z
"4/28/2022, 6:42:14 PM",3.652,72,96.4,7,2022-04-28T23:42:14.000Z
"4/28/2022, 6:45:14 PM",3.652,71.8,96.4,7,2022-04-28T23:45:14.000Z
"4/28/2022, 6:48:14 PM",3.652,71.8,96.4,7,2022-04-28T23:48:14.000Z
"4/28/2022, 6:51:14 PM",3.652,71.8,96.4,7,2022-04-28T23:51:14.000Z
"4/28/2022, 6:54:14 PM",3.652,71.8,96.4,8,2022-04-28T23:54:14.000Z
"4/28/2022, 6:57:14 PM",3.652,71.8,96.4,8,2022-04-28T23:57:14.000Z
"4/28/2022, 7:00:14 PM",3.652,71.8,96.4,8,2022-04-29T00:00:14.000Z
"4/28/2022, 7:03:14 PM",3.652,71.8,96.4,8,2022-04-29T00:03:14.000Z
"4/28/2022, 7:06:14 PM",3.652,71.8,96.4,8,2022-04-29T00:06:14.000Z
"4/28/2022, 7:09:14 PM",3.652,71.8,96.4,8,2022-04-29T00:09:14.000Z
"4/28/2022, 7:12:14 PM",3.652,71.8,96.4,7,2022-04-29T00:12:14.000Z
"4/28/2022, 7:15:14 PM",3.652,71.8,96.3,7,2022-04-29T00:15:14.000Z
"4/28/2022, 7:18:14 PM",3.652,71.8,96.4,7,2022-04-29T00:18:14.000Z
"4/28/2022, 7:21:14 PM",3.651,71.8,96.4,7,2022-04-29T00:21:14.000Z
"4/28/2022, 7:24:14 PM",3.652,71.8,96.4,7,2022-04-29T00:24:14.000Z
"4/28/2022, 7:27:14 PM",3.652,71.8,96.4,7,2022-04-29T00:27:14.000Z
"4/28/2022, 7:30:14 PM",3.652,71.8,96.4,8,2022-04-29T00:30:14.000Z
"4/28/2022, 7:33:14 PM",3.652,71.8,96.4,8,2022-04-29T00:33:14.000Z
"4/28/2022, 7:36:14 PM",3.653,71.6,96.4,8,2022-04-29T00:36:14.000Z
"4/28/2022, 7:39:14 PM",3.652,71.6,96.4,8,2022-04-29T00:39:14.000Z
"4/28/2022, 7:42:14 PM",3.652,71.6,96.4,7,2022-04-29T00:42:14.000Z
"4/28/2022, 7:45:14 PM",3.652,71.6,96.4,8,2022-04-29T00:45:14.000Z
"4/28/2022, 7:48:14 PM",3.652,71.6,96.4,7,2022-04-29T00:48:14.000Z
"4/28/2022, 7:51:14 PM",3.652,71.6,96.4,7,2022-04-29T00:51:14.000Z
"4/28/2022, 7:54:14 PM",3.652,71.4,96.4,7,2022-04-29T00:54:14.000Z
"4/28/2022, 7:57:14 PM",3.652,71.4,96.4,7,2022-04-29T00:57:14.000Z
"4/28/2022, 8:00:14 PM",3.652,71.4,96.4,7,2022-04-29T01:00:14.000Z
"4/28/2022, 8:03:14 PM",3.652,71.4,96.4,7,2022-04-29T01:03:14.000Z
"4/28/2022, 8:06:14 PM",3.652,71.4,96.4,7,2022-04-29T01:06:14.000Z
"4/28/2022, 8:09:14 PM",3.652,71.2,96.4,7,2022-04-29T01:09:14.000Z
"4/28/2022, 8:12:14 PM",3.652,71.2,96.4,8,2022-04-29T01:12:14.000Z
"4/28/2022, 8:15:14 PM",3.652,71.2,96.4,7,2022-04-29T01:15:14.000Z
"4/28/2022, 8:18:14 PM",3.652,71.2,96.4,7,2022-04-29T01:18:14.000Z
"4/28/2022, 8:21:14 PM",3.651,71.2,96.4,7,2022-04-29T01:21:14.000Z
"4/28/2022, 8:24:14 PM",3.651,71.2,96.4,7,2022-04-29T01:24:14.000Z
"4/28/2022, 8:27:14 PM",3.652,71.1,96.4,7,2022-04-29T01:27:14.000Z
"4/28/2022, 8:30:14 PM",3.652,71.1,96.4,7,2022-04-29T01:30:14.000Z
"4/28/2022, 8:33:14 PM",3.651,71.1,96.4,7,2022-04-29T01:33:14.000Z
"4/28/2022, 8:36:14 PM",3.652,71.1,96.4,7,2022-04-29T01:36:14.000Z
"4/28/2022, 8:39:14 PM",3.651,70.9,96.4,7,2022-04-29T01:39:14.000Z
"4/28/2022, 8:42:14 PM",3.652,70.9,96.4,7,2022-04-29T01:42:14.000Z
"4/28/2022, 8:45:14 PM",3.652,70.7,96.4,7,2022-04-29T01:45:14.000Z
"4/28/2022, 8:48:14 PM",3.652,70.7,96.4,7,2022-04-29T01:48:14.000Z
"4/28/2022, 8:51:14 PM",3.652,70.5,96.4,7,2022-04-29T01:51:14.000Z
"4/28/2022, 8:54:14 PM",3.652,70.5,96.4,7,2022-04-29T01:54:14.000Z
"4/28/2022, 8:57:14 PM",3.652,70.3,96.4,7,2022-04-29T01:57:14.000Z
"4/28/2022, 9:00:14 PM",3.652,70.3,96.4,7,2022-04-29T02:00:14.000Z
"4/28/2022, 9:03:14 PM",3.652,70.2,96.4,7,2022-04-29T02:03:14.000Z
"4/28/2022, 9:06:14 PM",3.652,70.2,96.4,7,2022-04-29T02:06:14.000Z
"4/28/2022, 9:09:14 PM",3.652,70,96.4,7,2022-04-29T02:09:14.000Z
"4/28/2022, 9:12:14 PM",3.652,70,96.4,7,2022-04-29T02:12:14.000Z
"4/28/2022, 9:15:14 PM",3.652,70,96.4,7,2022-04-29T02:15:14.000Z
"4/28/2022, 9:18:14 PM",3.651,70,96.4,7,2022-04-29T02:18:14.000Z
"4/28/2022, 9:21:14 PM",3.652,70.2,96.4,7,2022-04-29T02:21:14.000Z
"4/28/2022, 9:24:14 PM",3.652,70.2,96.4,7,2022-04-29T02:24:14.000Z
"4/28/2022, 9:27:14 PM",3.651,70.2,96.4,8,2022-04-29T02:27:14.000Z
"4/28/2022, 9:30:14 PM",3.651,70.2,96.4,8,2022-04-29T02:30:14.000Z
"4/28/2022, 9:33:14 PM",3.651,70.2,96.4,8,2022-04-29T02:33:14.000Z
"4/28/2022, 9:36:14 PM",3.651,70.2,96.4,8,2022-04-29T02:36:14.000Z
"4/28/2022, 9:39:14 PM",3.652,70.2,96.4,8,2022-04-29T02:39:14.000Z
"4/28/2022, 9:42:14 PM",3.651,70.2,96.4,7,2022-04-29T02:42:14.000Z
"4/28/2022, 9:45:14 PM",3.651,70.2,96.4,8,2022-04-29T02:45:14.000Z
"4/28/2022, 9:48:14 PM",3.652,70.2,96.4,8,2022-04-29T02:48:14.000Z
"4/28/2022, 9:51:14 PM",3.652,70.2,96.5,8,2022-04-29T02:51:14.000Z
"4/28/2022, 9:54:14 PM",3.651,70,96.4,7,2022-04-29T02:54:14.000Z
"4/28/2022, 9:57:14 PM",3.651,69.8,96.5,7,2022-04-29T02:57:14.000Z
"4/28/2022, 10:00:14 PM",3.652,69.8,96.5,7,2022-04-29T03:00:14.000Z
"4/28/2022, 10:03:14 PM",3.651,69.8,96.5,7,2022-04-29T03:03:14.000Z
"4/28/2022, 10:06:14 PM",3.652,69.8,96.5,7,2022-04-29T03:06:14.000Z
"4/28/2022, 10:09:14 PM",3.652,69.8,96.5,7,2022-04-29T03:09:14.000Z
"4/28/2022, 10:12:14 PM",3.652,69.8,96.5,8,2022-04-29T03:12:14.000Z
"4/28/2022, 10:15:14 PM",3.652,69.8,96.5,8,2022-04-29T03:15:14.000Z
"4/28/2022, 10:18:14 PM",3.652,70,96.5,8,2022-04-29T03:18:14.000Z
"4/28/2022, 10:21:14 PM",3.651,70,96.5,8,2022-04-29T03:21:14.000Z
"4/28/2022, 10:24:14 PM",3.651,70,96.5,8,2022-04-29T03:24:14.000Z
"4/28/2022, 10:27:14 PM",3.652,69.8,96.5,7,2022-04-29T03:27:14.000Z
"4/28/2022, 10:30:14 PM",3.651,69.8,96.5,7,2022-04-29T03:30:14.000Z
"4/28/2022, 10:33:14 PM",3.651,69.8,96.5,7,2022-04-29T03:33:14.000Z
"4/28/2022, 10:36:14 PM",3.652,69.6,96.5,7,2022-04-29T03:36:14.000Z
"4/28/2022, 10:39:14 PM",3.652,69.6,96.5,8,2022-04-29T03:39:14.000Z
"4/28/2022, 10:42:14 PM",3.651,69.8,96.5,8,2022-04-29T03:42:14.000Z
"4/28/2022, 10:45:14 PM",3.651,69.8,96.5,8,2022-04-29T03:45:14.000Z
"4/28/2022, 10:48:14 PM",3.651,70,96.5,8,2022-04-29T03:48:14.000Z
"4/28/2022, 10:51:14 PM",3.651,70,96.5,8,2022-04-29T03:51:14.000Z
"4/28/2022, 10:54:14 PM",3.651,70,96.5,8,2022-04-29T03:54:14.000Z
"4/28/2022, 10:57:14 PM",3.651,70,96.6,8,2022-04-29T03:57:14.000Z
"4/28/2022, 11:00:14 PM",3.651,70,96.6,8,2022-04-29T04:00:14.000Z
"4/28/2022, 11:03:14 PM",3.651,70.2,96.6,8,2022-04-29T04:03:14.000Z
"4/28/2022, 11:06:14 PM",3.651,70.2,96.6,8,2022-04-29T04:06:14.000Z
"4/28/2022, 11:09:14 PM",3.651,70.2,96.5,8,2022-04-29T04:09:14.000Z
"4/28/2022, 11:12:14 PM",3.651,70.2,96.5,8,2022-04-29T04:12:14.000Z
"4/28/2022, 11:15:14 PM",3.652,70.2,96.5,8,2022-04-29T04:15:14.000Z
"4/28/2022, 11:18:14 PM",3.651,70.2,96.5,8,2022-04-29T04:18:14.000Z
"4/28/2022, 11:21:14 PM",3.652,70.2,96.5,8,2022-04-29T04:21:14.000Z
"4/28/2022, 11:24:14 PM",3.651,70.2,96.5,8,2022-04-29T04:24:14.000Z
"4/28/2022, 11:27:14 PM",3.651,70.2,96.5,8,2022-04-29T04:27:14.000Z
"4/28/2022, 11:30:14 PM",3.651,70.2,96.6,8,2022-04-29T04:30:14.000Z
"4/28/2022, 11:33:14 PM",3.651,70.2,96.6,8,2022-04-29T04:33:14.000Z
"4/28/2022, 11:36:14 PM",3.651,70.2,96.5,8,2022-04-29T04:36:14.000Z
"4/28/2022, 11:39:14 PM",3.651,70.2,96.6,8,2022-04-29T04:39:14.000Z
"4/28/2022, 11:42:14 PM",3.651,70.2,96.5,8,2022-04-29T04:42:14.000Z
"4/28/2022, 11:45:14 PM",3.651,70.2,96.5,8,2022-04-29T04:45:14.000Z
"4/28/2022, 11:48:14 PM",3.652,70.2,96.5,8,2022-04-29T04:48:14.000Z
"4/28/2022, 11:51:14 PM",3.651,70.2,96.6,9,2022-04-29T04:51:14.000Z
"4/28/2022, 11:54:14 PM",3.651,70.2,96.6,9,2022-04-29T04:54:14.000Z
"4/28/2022, 11:57:14 PM",3.651,70.3,96.5,8,2022-04-29T04:57:14.000Z
"4/29/2022, 12:00:14 AM",3.651,70.3,96.6,8,2022-04-29T05:00:14.000Z
"4/29/2022, 12:03:14 AM",3.651,70.2,96.5,8,2022-04-29T05:03:14.000Z
"4/29/2022, 12:06:14 AM",3.651,70.2,96.5,8,2022-04-29T05:06:14.000Z
"4/29/2022, 12:09:14 AM",3.651,70.2,96.6,8,2022-04-29T05:09:14.000Z
"4/29/2022, 12:12:14 AM",3.651,70.2,96.6,8,2022-04-29T05:12:14.000Z
"4/29/2022, 12:15:14 AM",3.651,70.2,96.6,8,2022-04-29T05:15:14.000Z
"4/29/2022, 12:18:14 AM",3.651,70,96.6,8,2022-04-29T05:18:14.000Z
"4/29/2022, 12:21:14 AM",3.651,70,96.6,8,2022-04-29T05:21:14.000Z
"4/29/2022, 12:24:14 AM",3.651,70,96.5,8,2022-04-29T05:24:14.000Z
"4/29/2022, 12:27:14 AM",3.651,69.8,96.5,8,2022-04-29T05:27:14.000Z
"4/29/2022, 12:30:14 AM",3.651,69.8,96.6,8,2022-04-29T05:30:14.000Z
"4/29/2022, 12:33:14 AM",3.651,69.6,96.6,8,2022-04-29T05:33:14.000Z
"4/29/2022, 12:36:14 AM",3.651,69.6,96.6,8,2022-04-29T05:36:14.000Z
"4/29/2022, 12:39:14 AM",3.651,69.6,96.5,8,2022-04-29T05:39:14.000Z
"4/29/2022, 12:42:14 AM",3.652,69.6,96.5,8,2022-04-29T05:42:14.000Z
"4/29/2022, 12:45:14 AM",3.651,69.6,96.5,8,2022-04-29T05:45:14.000Z
"4/29/2022, 12:48:14 AM",3.651,69.6,96.5,8,2022-04-29T05:48:14.000Z
"4/29/2022, 12:51:14 AM",3.651,69.4,96.5,8,2022-04-29T05:51:14.000Z
"4/29/2022, 12:54:14 AM",3.651,69.4,96.6,7,2022-04-29T05:54:14.000Z
"4/29/2022, 12:57:14 AM",3.651,69.4,96.6,8,2022-04-29T05:57:14.000Z
"4/29/2022, 1:00:14 AM",3.651,69.4,96.6,8,2022-04-29T06:00:14.000Z
"4/29/2022, 1:03:14 AM",3.651,69.4,96.6,8,2022-04-29T06:03:14.000Z
"4/29/2022, 1:06:14 AM",3.651,69.4,96.5,8,2022-04-29T06:06:14.000Z
"4/29/2022, 1:09:14 AM",3.651,69.4,96.5,8,2022-04-29T06:09:14.000Z
"4/29/2022, 1:12:14 AM",3.651,69.4,96.5,8,2022-04-29T06:12:14.000Z
"4/29/2022, 1:15:14 AM",3.651,69.3,96.5,8,2022-04-29T06:15:14.000Z
"4/29/2022, 1:18:14 AM",3.651,69.3,96.5,8,2022-04-29T06:18:14.000Z
"4/29/2022, 1:21:14 AM",3.651,69.3,96.6,8,2022-04-29T06:21:14.000Z
"4/29/2022, 1:24:14 AM",3.651,69.1,96.6,8,2022-04-29T06:24:14.000Z
"4/29/2022, 1:27:14 AM",3.651,69.1,96.6,8,2022-04-29T06:27:14.000Z
"4/29/2022, 1:30:14 AM",3.651,69.1,96.6,8,2022-04-29T06:30:14.000Z
"4/29/2022, 1:33:14 AM",3.651,69.1,96.6,8,2022-04-29T06:33:14.000Z
"4/29/2022, 1:36:14 AM",3.651,69.1,96.6,8,2022-04-29T06:36:14.000Z
"4/29/2022, 1:39:14 AM",3.651,69.1,96.7,8,2022-04-29T06:39:14.000Z
"4/29/2022, 1:42:14 AM",3.652,69.1,96.6,7,2022-04-29T06:42:14.000Z
"4/29/2022, 1:45:14 AM",3.651,69.1,96.7,7,2022-04-29T06:45:14.000Z
"4/29/2022, 1:48:14 AM",3.652,68.9,96.7,7,2022-04-29T06:48:14.000Z
"4/29/2022, 1:51:14 AM",3.651,68.7,96.7,7,2022-04-29T06:51:14.000Z
"4/29/2022, 1:54:14 AM",3.651,68.5,96.7,7,2022-04-29T06:54:14.000Z
"4/29/2022, 1:57:14 AM",3.651,68.5,96.7,7,2022-04-29T06:57:14.000Z
"4/29/2022, 2:00:14 AM",3.651,68.4,96.7,7,2022-04-29T07:00:14.000Z
"4/29/2022, 2:03:14 AM",3.651,68.4,96.7,7,2022-04-29T07:03:14.000Z
"4/29/2022, 2:06:14 AM",3.652,68.4,96.7,7,2022-04-29T07:06:14.000Z
"4/29/2022, 2:09:14 AM",3.651,68.4,96.7,7,2022-04-29T07:09:14.000Z
"4/29/2022, 2:12:14 AM",3.651,68.2,96.7,7,2022-04-29T07:12:14.000Z
"4/29/2022, 2:15:14 AM",3.651,68.4,96.8,7,2022-04-29T07:15:14.000Z
"4/29/2022, 2:18:14 AM",3.651,68.4,96.8,7,2022-04-29T07:18:14.000Z
"4/29/2022, 2:21:14 AM",3.651,68.2,96.8,7,2022-04-29T07:21:14.000Z
"4/29/2022, 2:24:14 AM",3.651,68.2,96.8,7,2022-04-29T07:24:14.000Z
"4/29/2022, 2:27:14 AM",3.651,68.2,96.8,7,2022-04-29T07:27:14.000Z
"4/29/2022, 2:30:14 AM",3.651,68,96.8,7,2022-04-29T07:30:14.000Z
"4/29/2022, 2:33:14 AM",3.651,68,96.8,8,2022-04-29T07:33:14.000Z
"4/29/2022, 2:36:14 AM",3.651,68,96.8,7,2022-04-29T07:36:14.000Z
"4/29/2022, 2:39:14 AM",3.651,68,96.8,8,2022-04-29T07:39:14.000Z
"4/29/2022, 2:42:14 AM",3.652,68,96.8,8,2022-04-29T07:42:14.000Z
"4/29/2022, 2:45:14 AM",3.651,68,96.8,7,2022-04-29T07:45:14.000Z
"4/29/2022, 2:48:14 AM",3.651,68,96.8,8,2022-04-29T07:48:14.000Z
"4/29/2022, 2:51:14 AM",3.651,68.2,96.8,8,2022-04-29T07:51:14.000Z
"4/29/2022, 2:54:14 AM",3.651,68.2,96.8,8,2022-04-29T07:54:14.000Z
"4/29/2022, 2:57:14 AM",3.651,68,96.8,8,2022-04-29T07:57:14.000Z
"4/29/2022, 3:00:14 AM",3.651,68,96.8,8,2022-04-29T08:00:14.000Z
"4/29/2022, 3:03:14 AM",3.651,68,96.8,8,2022-04-29T08:03:14.000Z
"4/29/2022, 3:06:14 AM",3.651,68,96.8,7,2022-04-29T08:06:14.000Z
"4/29/2022, 3:09:14 AM",3.651,68,96.8,8,2022-04-29T08:09:14.000Z
"4/29/2022, 3:12:14 AM",3.651,68,96.8,8,2022-04-29T08:12:14.000Z
"4/29/2022, 3:15:14 AM",3.651,68,96.9,8,2022-04-29T08:15:14.000Z
"4/29/2022, 3:18:14 AM",3.651,67.8,96.9,7,2022-04-29T08:18:14.000Z
"4/29/2022, 3:21:14 AM",3.651,67.8,96.9,7,2022-04-29T08:21:14.000Z
"4/29/2022, 3:24:14 AM",3.651,67.8,96.9,8,2022-04-29T08:24:14.000Z
"4/29/2022, 3:27:14 AM",3.651,67.8,96.9,8,2022-04-29T08:27:14.000Z
"4/29/2022, 3:30:14 AM",3.651,67.8,96.9,8,2022-04-29T08:30:14.000Z
"4/29/2022, 3:33:14 AM",3.651,67.8,96.9,7,2022-04-29T08:33:14.000Z
"4/29/2022, 3:36:14 AM",3.651,67.6,96.9,7,2022-04-29T08:36:14.000Z
"4/29/2022, 3:39:14 AM",3.651,67.6,96.9,7,2022-04-29T08:39:14.000Z
"4/29/2022, 3:42:14 AM",3.651,67.6,96.9,8,2022-04-29T08:42:14.000Z
"4/29/2022, 3:45:14 AM",3.651,67.6,96.9,8,2022-04-29T08:45:14.000Z
"4/29/2022, 3:48:14 AM",3.651,67.8,96.9,8,2022-04-29T08:48:14.000Z
"4/29/2022, 3:51:14 AM",3.651,67.8,97,8,2022-04-29T08:51:14.000Z
"4/29/2022, 3:54:14 AM",3.651,67.8,97,8,2022-04-29T08:54:14.000Z
"4/29/2022, 3:57:14 AM",3.651,67.8,96.9,7,2022-04-29T08:57:14.000Z
"4/29/2022, 4:00:14 AM",3.651,67.8,97,8,2022-04-29T09:00:14.000Z
"4/29/2022, 4:03:14 AM",3.651,67.8,97,8,2022-04-29T09:03:14.000Z
"4/29/2022, 4:06:14 AM",3.651,67.8,96.9,7,2022-04-29T09:06:14.000Z
"4/29/2022, 4:09:14 AM",3.651,67.6,97,8,2022-04-29T09:09:14.000Z
"4/29/2022, 4:12:14 AM",3.651,67.6,97,7,2022-04-29T09:12:14.000Z
"4/29/2022, 4:15:14 AM",3.651,67.6,97,7,2022-04-29T09:15:14.000Z
"4/29/2022, 4:18:14 AM",3.651,67.6,97,7,2022-04-29T09:18:14.000Z
"4/29/2022, 4:21:14 AM",3.651,67.6,97,7,2022-04-29T09:21:14.000Z
"4/29/2022, 4:24:14 AM",3.651,67.5,97,8,2022-04-29T09:24:14.000Z
"4/29/2022, 4:27:14 AM",3.651,67.5,97,7,2022-04-29T09:27:14.000Z
"4/29/2022, 4:30:14 AM",3.651,67.6,97,8,2022-04-29T09:30:14.000Z
"4/29/2022, 4:33:14 AM",3.651,67.6,97,7,2022-04-29T09:33:14.000Z
"4/29/2022, 4:36:14 AM",3.651,67.5,97,7,2022-04-29T09:36:14.000Z
"4/29/2022, 4:39:14 AM",3.651,67.5,97,7,2022-04-29T09:39:14.000Z
"4/29/2022, 4:42:14 AM",3.651,67.3,97.1,7,2022-04-29T09:42:14.000Z
"4/29/2022, 4:45:14 AM",3.651,67.3,97.1,7,2022-04-29T09:45:14.000Z
"4/29/2022, 4:48:14 AM",3.651,67.3,97.1,7,2022-04-29T09:48:14.000Z
"4/29/2022, 4:51:14 AM",3.651,67.3,97.1,7,2022-04-29T09:51:14.000Z
"4/29/2022, 4:54:14 AM",3.65,67.3,97.1,7,2022-04-29T09:54:14.000Z
"4/29/2022, 4:57:14 AM",3.651,67.3,97.1,7,2022-04-29T09:57:14.000Z
"4/29/2022, 5:00:14 AM",3.651,67.3,97.1,7,2022-04-29T10:00:14.000Z
"4/29/2022, 5:03:14 AM",3.651,67.3,97.1,7,2022-04-29T10:03:14.000Z
"4/29/2022, 5:06:14 AM",3.651,67.3,97.1,7,2022-04-29T10:06:14.000Z
"4/29/2022, 5:09:14 AM",3.65,67.3,97.1,7,2022-04-29T10:09:14.000Z
"4/29/2022, 5:12:14 AM",3.65,67.3,97.1,7,2022-04-29T10:12:14.000Z
"4/29/2022, 5:15:14 AM",3.651,67.3,97.1,7,2022-04-29T10:15:14.000Z
"4/29/2022, 5:18:14 AM",3.651,67.3,97.1,7,2022-04-29T10:18:14.000Z
"4/29/2022, 5:21:14 AM",3.651,67.3,97.1,7,2022-04-29T10:21:14.000Z
"4/29/2022, 5:24:14 AM",3.651,67.3,97.1,7,2022-04-29T10:24:14.000Z
"4/29/2022, 5:27:14 AM",3.65,67.3,97.1,7,2022-04-29T10:27:14.000Z
"4/29/2022, 5:30:14 AM",3.651,67.1,97.1,7,2022-04-29T10:30:14.000Z
"4/29/2022, 5:33:14 AM",3.651,67.3,97.1,7,2022-04-29T10:33:14.000Z
"4/29/2022, 5:36:14 AM",3.65,67.3,97.1,7,2022-04-29T10:36:14.000Z
"4/29/2022, 5:39:14 AM",3.651,67.3,97.1,7,2022-04-29T10:39:14.000Z
"4/29/2022, 5:42:14 AM",3.651,67.3,97.1,7,2022-04-29T10:42:14.000Z
"4/29/2022, 5:45:14 AM",3.651,67.3,97.1,7,2022-04-29T10:45:14.000Z
"4/29/2022, 5:48:14 AM",3.651,67.3,97.1,7,2022-04-29T10:48:14.000Z
"4/29/2022, 5:51:14 AM",3.651,67.1,97.1,7,2022-04-29T10:51:14.000Z
"4/29/2022, 5:54:14 AM",3.65,67.3,97.2,7,2022-04-29T10:54:14.000Z
"4/29/2022, 5:57:14 AM",3.651,67.3,97.2,7,2022-04-29T10:57:14.000Z
"4/29/2022, 6:00:14 AM",3.651,67.3,97.2,7,2022-04-29T11:00:14.000Z
"4/29/2022, 6:03:14 AM",3.651,67.1,97.2,6,2022-04-29T11:03:14.000Z
"4/29/2022, 6:06:14 AM",3.651,67.1,97.1,6,2022-04-29T11:06:14.000Z
"4/29/2022, 6:09:14 AM",3.65,67.1,97.1,6,2022-04-29T11:09:14.000Z
"4/29/2022, 6:12:14 AM",3.651,66.9,97.2,6,2022-04-29T11:12:14.000Z
"4/29/2022, 6:15:14 AM",3.651,66.7,97.1,6,2022-04-29T11:15:14.000Z
"4/29/2022, 6:18:14 AM",3.651,66.7,97.1,6,2022-04-29T11:18:14.000Z
"4/29/2022, 6:21:14 AM",3.65,66.7,97.1,6,2022-04-29T11:21:14.000Z
"4/29/2022, 6:24:14 AM",3.651,66.7,97.1,6,2022-04-29T11:24:14.000Z
"4/29/2022, 6:27:14 AM",3.651,66.7,97.1,6,2022-04-29T11:27:14.000Z
"4/29/2022, 6:30:14 AM",3.651,66.6,97.1,6,2022-04-29T11:30:14.000Z
"4/29/2022, 6:33:14 AM",3.651,66.6,97.2,6,2022-04-29T11:33:14.000Z
"4/29/2022, 6:36:14 AM",3.651,66.6,97.1,6,2022-04-29T11:36:14.000Z
"4/29/2022, 6:39:14 AM",3.651,66.4,97.2,6,2022-04-29T11:39:14.000Z
"4/29/2022, 6:42:14 AM",3.65,66.4,97.2,6,2022-04-29T11:42:14.000Z
"4/29/2022, 6:45:14 AM",3.651,66.4,97.2,6,2022-04-29T11:45:14.000Z
"4/29/2022, 6:48:14 AM",3.651,66.4,97.2,6,2022-04-29T11:48:14.000Z
"4/29/2022, 6:51:14 AM",3.651,66.4,97.2,6,2022-04-29T11:51:14.000Z
"4/29/2022, 6:54:14 AM",3.651,66.2,97.2,6,2022-04-29T11:54:14.000Z
"4/29/2022, 6:57:14 AM",3.651,66.2,97.2,6,2022-04-29T11:57:14.000Z
"4/29/2022, 7:00:14 AM",3.651,66.2,97.2,6,2022-04-29T12:00:14.000Z
"4/29/2022, 7:03:14 AM",3.65,66.2,97.2,6,2022-04-29T12:03:14.000Z
"4/29/2022, 7:06:14 AM",3.65,66.2,97.2,6,2022-04-29T12:06:14.000Z
"4/29/2022, 7:09:14 AM",3.65,66.2,97.2,6,2022-04-29T12:09:14.000Z
"4/29/2022, 7:12:14 AM",3.65,66.4,97.2,6,2022-04-29T12:12:14.000Z
"4/29/2022, 7:15:14 AM",3.65,66.4,97.2,6,2022-04-29T12:15:14.000Z
"4/29/2022, 7:18:14 AM",3.651,66.4,97.2,6,2022-04-29T12:18:14.000Z
"4/29/2022, 7:21:14 AM",3.65,66.4,97.2,6,2022-04-29T12:21:14.000Z
"4/29/2022, 7:24:14 AM",3.651,66.4,97.2,6,2022-04-29T12:24:14.000Z
"4/29/2022, 7:27:14 AM",3.65,66.4,97.2,6,2022-04-29T12:27:14.000Z
"4/29/2022, 7:30:14 AM",3.651,66.4,97.2,7,2022-04-29T12:30:14.000Z
"4/29/2022, 7:33:14 AM",3.65,66.6,97.2,7,2022-04-29T12:33:14.000Z
"4/29/2022, 7:36:14 AM",3.65,66.7,97.2,7,2022-04-29T12:36:14.000Z
"4/29/2022, 7:39:14 AM",3.65,66.7,97.2,7,2022-04-29T12:39:14.000Z
"4/29/2022, 7:42:14 AM",3.65,66.9,97.2,7,2022-04-29T12:42:14.000Z
"4/29/2022, 7:45:14 AM",3.65,66.9,97.2,7,2022-04-29T12:45:14.000Z
"4/29/2022, 7:48:14 AM",3.65,67.1,97.2,7,2022-04-29T12:48:14.000Z
"4/29/2022, 7:51:14 AM",3.65,67.1,97.2,7,2022-04-29T12:51:14.000Z
"4/29/2022, 7:54:14 AM",3.65,67.3,97.2,7,2022-04-29T12:54:14.000Z
"4/29/2022, 7:57:14 AM",3.65,67.3,97.2,7,2022-04-29T12:57:14.000Z
"4/29/2022, 8:00:14 AM",3.65,67.3,97.2,7,2022-04-29T13:00:14.000Z
"4/29/2022, 8:03:14 AM",3.65,67.3,97.2,6,2022-04-29T13:03:14.000Z
"4/29/2022, 8:06:14 AM",3.65,66.4,97.1,0,2022-04-29T13:06:14.000Z
"4/29/2022, 8:09:14 AM",3.65,65.1,97,0,2022-04-29T13:09:14.000Z
"4/29/2022, 8:12:14 AM",3.649,64.6,97,0,2022-04-29T13:12:14.000Z
EVENTS:,,,,,
"4/29/2022, 8:12:14 AM",Stop Log,NH3 (PPM),,,
LABELS:,,,,,
